t,state,reason,active,lin,ang,nav_wants,x,y,stuck_s,rear_gap,front_gap,side_clear,nearest,guard_blocked,obstacle_mapped,near_mapped
0.211,monitoring,,0,0.0,0.0,0,0.0,-0.0,,0.0,0.0,0.0,0.0,0,0,0
0.3,monitoring,,0,0.0,0.0,0,0.0,-0.0,,0.0,0.0,0.0,0.0,0,0,0
0.4,monitoring,,0,0.0,0.0,0,0.0,-0.0,,0.0,0.0,0.0,0.0,0,0,0
0.5,monitoring,,0,0.0,0.0,0,0.0,-0.0,,0.0,0.0,0.0,0.0,0,0,0
0.6,monitoring,,0,0.0,0.0,0,0.0,-0.0,,0.0,0.0,0.0,0.0,0,0,0
0.7,monitoring,,0,0.0,0.0,0,0.0,-0.0,,0.0,0.0,0.0,0.0,0,0,0
0.8,monitoring,,0,0.0,0.0,0,0.0,-0.0,,0.0,0.0,0.0,0.0,0,0,0
0.9,monitoring,,0,0.0,0.0,0,0.0,-0.0,,0.0,0.0,0.0,0.0,0,0,1
1.0,monitoring,,0,0.0,0.0,0,0.0,-0.0,,0.0,0.0,0.0,0.0,0,0,1
1.1,monitoring,,0,0.0,0.0,0,0.0,-0.0,,0.749,5.95,0.739,1.0,0,0,1
1.2,monitoring,,0,0.0,0.0,0,0.0,-0.0,,0.749,5.95,0.739,1.0,0,0,1
1.3,monitoring,,0,0.0,0.0,0,0.0,-0.0,,0.749,5.95,0.739,1.0,0,0,1
1.4,monitoring,,0,0.0,0.0,0,0.0,-0.0,,0.749,5.95,0.739,1.0,0,0,1
1.5,monitoring,,0,0.0,0.0,0,0.0,-0.0,,0.749,5.95,0.739,1.0,0,0,1
1.6,monitoring,,0,0.0,0.0,0,0.0,-0.0,,0.749,5.95,0.739,1.0,0,0,1
1.7,monitoring,,0,0.0,0.0,0,0.0,-0.0,,0.749,5.95,0.739,1.0,0,0,1
1.8,monitoring,,0,0.0,0.0,0,0.0,-0.0,,0.749,5.95,0.739,1.0,0,0,1
1.9,monitoring,,0,0.0,0.0,0,0.0,-0.0,,0.749,5.95,0.739,1.0,0,0,1
2.0,monitoring,,0,0.0,0.0,0,0.0,-0.0,,0.749,5.95,0.739,1.0,0,0,1
2.1,monitoring,,0,0.0,0.0,0,0.0,-0.0,,0.749,5.95,0.739,1.0,0,0,1
2.2,monitoring,,0,0.0,0.0,0,0.0,-0.0,,0.749,5.95,0.739,1.0,0,0,1
2.3,monitoring,,0,0.0,0.0,0,0.0,-0.0,,0.749,5.95,0.739,1.0,0,0,1
2.4,monitoring,,0,0.0,0.0,0,0.0,-0.0,,0.749,5.95,0.739,1.0,0,0,1
2.5,monitoring,,0,0.0,0.0,0,0.0,-0.0,,0.749,5.95,0.739,1.0,0,0,1
2.6,monitoring,,0,0.0,0.0,0,0.0,-0.0,,0.749,5.95,0.739,1.0,0,0,1
2.7,monitoring,,0,0.0,0.0,0,0.0,-0.0,,0.749,5.95,0.739,1.0,0,0,1
2.8,monitoring,,0,0.0,0.0,0,0.0,-0.0,,0.749,5.95,0.739,1.0,0,0,1
2.9,monitoring,,0,0.0,0.0,0,0.0,-0.0,,0.749,5.95,0.739,1.0,0,0,1
3.0,monitoring,,0,0.0,0.0,0,0.0,-0.0,,0.749,5.95,0.739,1.0,0,0,1
3.1,monitoring,,0,0.0,0.0,0,0.0,-0.0,,0.749,5.95,0.739,1.0,0,0,1
3.2,monitoring,,0,0.0,0.0,0,0.0,-0.0,,0.749,5.95,0.739,1.0,0,0,1
3.3,monitoring,,0,0.0,0.0,0,0.0,-0.0,,0.749,5.95,0.739,1.0,0,0,1
3.4,monitoring,,0,0.0,0.0,0,0.0,-0.0,,0.749,5.95,0.739,1.0,0,0,1
3.5,monitoring,,0,0.0,0.0,0,-0.0,-0.0,,0.749,5.95,0.739,1.0,0,0,1
3.6,monitoring,,0,0.0,0.0,0,-0.0,-0.0,,0.749,5.95,0.739,1.0,0,0,1
3.7,monitoring,,0,0.0,0.0,0,-0.0,-0.0,,0.749,5.95,0.739,1.0,0,0,1
3.8,monitoring,,0,0.0,0.0,0,-0.0,-0.0,,0.749,5.95,0.739,1.0,0,0,1
3.9,monitoring,,0,0.0,0.0,0,-0.0,-0.0,,0.749,5.95,0.739,1.0,0,0,1
4.0,monitoring,,0,0.0,0.0,0,-0.0,-0.0,,0.749,5.95,0.739,1.0,0,0,1
4.1,monitoring,,0,0.0,0.0,0,-0.0,-0.0,,0.749,5.95,0.739,1.0,0,0,1
4.2,monitoring,,0,0.0,0.0,0,-0.0,-0.0,,0.749,5.95,0.739,1.0,0,0,1
4.3,monitoring,,0,0.0,0.0,0,-0.0,-0.0,,0.749,5.95,0.739,1.0,0,0,1
4.4,monitoring,,0,0.0,0.0,0,-0.0,-0.0,,0.749,5.95,0.739,1.0,0,0,1
4.5,monitoring,,0,0.0,0.0,0,-0.0,-0.0,,0.749,5.95,0.739,1.0,0,0,1
4.6,monitoring,,0,0.0,0.0,0,-0.0,-0.0,,0.749,5.95,0.739,1.0,0,0,1
4.7,monitoring,,0,0.0,0.0,0,-0.0,-0.0,,0.749,5.95,0.739,1.0,0,0,1
4.8,monitoring,,0,0.0,0.0,0,-0.0,-0.0,,0.749,5.95,0.739,1.0,0,0,1
4.9,monitoring,,0,0.0,0.0,0,-0.0,-0.0,,0.749,5.95,0.739,1.0,0,0,1
5.0,monitoring,,0,0.0,0.0,0,-0.0,-0.0,,0.749,5.95,0.739,1.0,0,0,1
5.1,monitoring,,0,0.0,0.0,0,-0.0,-0.0,,0.749,5.95,0.739,1.0,0,0,1
5.2,monitoring,,0,0.0,0.0,0,-0.0,-0.0,,0.749,5.95,0.739,1.0,0,0,1
5.3,monitoring,,0,0.0,0.0,0,-0.0,-0.0,,0.749,5.95,0.739,1.0,0,0,1
5.4,monitoring,,0,0.0,0.0,0,-0.0,-0.0,,0.749,5.95,0.739,1.0,0,0,1
5.5,monitoring,,0,0.0,0.0,0,-0.0,-0.0,,0.749,5.95,0.739,1.0,0,0,1
5.6,monitoring,,0,0.0,0.0,0,-0.0,-0.0,,0.749,5.95,0.739,1.0,0,0,1
5.7,monitoring,,0,0.0,0.0,0,-0.0,-0.0,,0.749,5.95,0.739,1.0,0,0,1
5.8,monitoring,,0,0.0,0.0,0,-0.0,-0.0,,0.749,5.95,0.739,1.0,0,0,1
5.9,monitoring,,0,0.0,0.0,0,-0.0,-0.0,,0.749,5.95,0.739,1.0,0,0,1
6.0,monitoring,,0,0.0,0.0,0,-0.0,-0.0,,0.749,5.95,0.739,1.0,0,0,1
6.1,monitoring,,0,0.0,0.0,0,-0.0,-0.0,,0.749,5.95,0.739,1.0,0,0,1
6.2,monitoring,,0,0.0,0.0,0,-0.0,-0.0,,0.749,5.95,0.739,1.0,0,0,1
6.3,monitoring,,0,0.0,0.0,0,-0.0,-0.0,,0.749,5.95,0.739,1.0,0,0,1
6.4,monitoring,,0,0.0,0.0,0,-0.0,-0.0,,0.749,5.95,0.739,1.0,0,0,1
6.5,monitoring,,0,0.0,0.0,0,-0.0,-0.0,,0.749,5.95,0.739,1.0,0,0,1
6.6,monitoring,,0,0.0,0.0,0,-0.0,-0.0,,0.749,5.95,0.739,1.0,0,0,1
6.7,monitoring,,0,0.0,0.0,0,-0.0,-0.0,,0.749,5.95,0.739,1.0,0,0,1
6.8,monitoring,,0,0.0,0.0,0,-0.0,-0.0,,0.749,5.95,0.739,1.0,0,0,1
6.9,monitoring,,0,0.0,0.0,0,-0.0,-0.0,,0.749,5.95,0.739,1.0,0,0,1
7.0,monitoring,,0,0.0,0.0,0,-0.0,-0.0,,0.749,5.95,0.739,1.0,0,0,1
7.1,monitoring,,0,0.0,0.0,0,-0.0,-0.0,,0.749,5.95,0.739,1.0,0,0,1
7.2,monitoring,,0,0.0,0.0,0,-0.0,-0.0,,0.749,5.95,0.739,1.0,0,0,1
7.3,monitoring,,0,0.0,0.0,0,-0.0,-0.0,,0.749,5.95,0.739,1.0,0,0,1
7.4,monitoring,,0,0.0,0.0,0,-0.0,-0.0,,0.749,5.95,0.739,1.0,0,0,1
7.5,monitoring,,0,0.0,0.0,0,-0.0,-0.0,,0.749,5.95,0.739,1.0,0,0,1
7.6,monitoring,,0,0.0,0.0,0,-0.0,-0.0,,0.749,5.95,0.739,1.0,0,0,1
7.7,monitoring,,0,0.0,0.0,0,-0.0,-0.0,,0.749,5.95,0.739,1.0,0,0,1
7.8,monitoring,,0,0.0,0.0,0,-0.0,-0.0,,0.749,5.95,0.739,1.0,0,0,1
7.9,monitoring,,0,0.0,0.0,0,-0.0,-0.0,,0.749,5.95,0.739,1.0,0,0,1
8.0,monitoring,,0,0.0,0.0,0,-0.0,-0.0,,0.749,5.95,0.739,1.0,0,0,1
8.1,monitoring,,0,0.0,0.0,0,-0.0,-0.0,,0.749,5.95,0.739,1.0,0,0,1
8.2,monitoring,,0,0.0,0.0,0,-0.0,-0.0,,0.749,5.95,0.739,1.0,0,0,1
8.3,monitoring,,0,0.0,0.0,0,-0.0,-0.0,,0.749,5.95,0.739,1.0,0,0,1
8.4,monitoring,,0,0.0,0.0,0,-0.0,-0.0,,0.749,5.95,0.739,1.0,0,0,1
8.5,monitoring,,0,0.0,0.0,0,-0.0,-0.0,,0.749,5.95,0.739,1.0,0,0,1
8.6,monitoring,,0,0.0,0.0,0,-0.0,-0.0,,0.749,5.95,0.739,1.0,0,0,1
8.7,monitoring,,0,0.0,0.0,0,-0.0,-0.0,,0.749,5.95,0.739,1.0,0,0,1
8.8,monitoring,,0,0.0,0.0,0,-0.0,-0.0,,0.749,5.95,0.739,1.0,0,0,1
8.9,monitoring,,0,0.0,0.0,0,-0.0,-0.0,,0.749,5.95,0.739,1.0,0,0,1
9.0,monitoring,,0,0.0,0.0,0,-0.0,-0.0,,0.749,5.95,0.739,1.0,0,0,1
9.1,monitoring,,0,0.0,0.0,0,-0.0,-0.0,,0.749,5.95,0.739,1.0,0,0,1
9.2,monitoring,,0,0.0,0.0,0,-0.0,-0.0,,0.749,5.95,0.739,1.0,0,0,1
9.3,monitoring,,0,0.0,0.0,0,-0.0,-0.0,,0.749,5.95,0.739,1.0,0,0,1
9.4,monitoring,,0,0.0,0.0,0,-0.0,-0.0,,0.749,5.95,0.739,1.0,0,0,1
9.5,monitoring,,0,0.0,0.0,0,-0.0,-0.0,,0.749,5.95,0.739,1.0,0,0,1
9.6,monitoring,,0,0.0,0.0,0,-0.0,-0.0,,0.749,5.95,0.739,1.0,0,0,1
9.7,monitoring,,0,0.0,0.0,0,-0.0,-0.0,,0.749,5.95,0.739,1.0,0,0,1
9.8,monitoring,,0,0.0,0.0,0,-0.0,-0.0,,0.749,5.95,0.739,1.0,0,0,1
9.9,monitoring,,0,0.0,0.0,0,-0.0,-0.0,,0.749,5.95,0.739,1.0,0,0,1
10.0,monitoring,,0,0.0,0.0,0,-0.0,-0.0,,0.749,5.95,0.739,1.0,0,0,1
10.1,monitoring,,0,0.0,0.0,0,-0.0,-0.0,,0.749,5.95,0.739,1.0,0,0,1
10.2,monitoring,,0,0.0,0.0,0,-0.0,-0.0,,0.749,5.95,0.739,1.0,0,0,1
10.3,monitoring,,0,0.0,0.0,0,-0.0,-0.0,,0.749,5.95,0.739,1.0,0,0,1
10.4,monitoring,,0,0.0,0.0,0,-0.0,-0.0,,0.749,5.95,0.739,1.0,0,0,1
10.5,monitoring,,0,0.0,0.0,0,-0.0,-0.0,,0.749,5.95,0.739,1.0,0,0,1
10.6,monitoring,,0,0.0,0.0,0,-0.0,-0.0,,0.749,5.95,0.739,1.0,0,0,1
10.7,monitoring,,0,0.0,0.0,0,-0.0,-0.0,,0.749,5.95,0.739,1.0,0,0,1
10.8,monitoring,,0,0.0,0.0,0,-0.0,-0.0,,0.749,5.95,0.739,1.0,0,0,1
10.9,monitoring,,0,0.0,0.0,0,-0.0,-0.0,,0.749,5.95,0.739,1.0,0,0,1
11.0,monitoring,,0,0.0,0.0,0,-0.0,-0.0,,0.749,5.95,0.739,1.0,0,0,1
11.1,monitoring,,0,0.0,0.0,0,-0.0,-0.0,,0.749,5.95,0.739,1.0,0,0,1
11.2,monitoring,,0,0.0,0.0,0,-0.0,-0.0,,0.749,5.95,0.739,1.0,0,0,1
11.3,monitoring,,0,0.0,0.0,0,-0.0,-0.0,,0.749,5.95,0.739,1.0,0,0,1
11.4,monitoring,,0,0.0,0.0,0,-0.0,-0.0,,0.749,5.95,0.739,1.0,0,0,1
11.5,monitoring,,0,0.0,0.0,0,-0.0,-0.0,,0.749,5.95,0.739,1.0,0,0,1
11.6,monitoring,,0,0.0,0.0,0,-0.0,-0.0,,0.749,5.95,0.739,1.0,0,0,1
11.7,monitoring,,0,0.0,0.0,0,-0.0,-0.0,,0.749,5.95,0.739,1.0,0,0,1
11.8,monitoring,,0,0.0,0.0,0,-0.0,-0.0,,0.749,5.95,0.739,1.0,0,0,1
11.9,monitoring,,0,0.0,0.0,0,-0.0,-0.0,,0.749,5.95,0.739,1.0,0,0,1
12.0,monitoring,,0,0.0,0.0,0,-0.0,-0.0,,0.749,5.95,0.739,1.0,0,0,1
12.1,monitoring,,0,0.0,0.0,0,-0.0,-0.0,,0.749,5.95,0.739,1.0,0,0,1
12.2,monitoring,,0,0.0,0.0,0,-0.0,-0.0,,0.749,5.95,0.739,1.0,0,0,1
12.3,monitoring,,0,0.0,0.0,0,-0.0,-0.0,,0.749,5.95,0.739,1.0,0,0,1
12.4,monitoring,,0,0.0,0.0,0,-0.0,-0.0,,0.749,5.95,0.739,1.0,0,0,1
12.5,monitoring,,0,0.0,0.0,0,-0.0,-0.0,,0.749,5.95,0.739,1.0,0,0,1
12.6,monitoring,,0,0.0,0.0,0,-0.0,-0.0,,0.749,5.95,0.739,1.0,0,0,1
12.7,monitoring,,0,0.0,0.0,0,-0.0,-0.0,,0.749,5.95,0.739,1.0,0,0,1
12.8,monitoring,,0,0.0,0.0,0,-0.0,-0.0,,0.749,5.95,0.739,1.0,0,0,1
12.9,monitoring,,0,0.0,0.0,0,-0.0,-0.0,,0.749,5.95,0.739,1.0,0,0,1
13.0,monitoring,,0,0.0,0.0,0,-0.0,-0.0,,0.749,5.95,0.739,1.0,0,0,1
13.1,monitoring,,0,0.0,0.0,0,-0.0,-0.0,,0.749,5.95,0.739,1.0,0,0,1
13.2,monitoring,,0,0.0,0.0,0,-0.0,-0.0,,0.749,5.95,0.739,1.0,0,0,1
13.3,monitoring,,0,0.0,0.0,0,-0.0,-0.0,,0.749,5.95,0.739,1.0,0,0,1
13.4,monitoring,,0,0.0,0.0,0,-0.0,-0.0,,0.749,5.95,0.739,1.0,0,0,1
13.5,monitoring,,0,0.0,0.0,0,-0.0,-0.0,,0.749,5.95,0.739,1.0,0,0,1
13.6,monitoring,,0,0.0,0.0,0,-0.0,-0.0,,0.749,5.95,0.739,1.0,0,0,1
13.7,monitoring,,0,0.0,0.0,0,-0.0,-0.0,,0.749,5.95,0.739,1.0,0,0,1
13.8,monitoring,,0,0.0,0.0,0,-0.0,-0.0,,0.749,5.95,0.739,1.0,0,0,1
13.9,monitoring,,0,0.0,0.0,0,-0.0,-0.0,,0.749,5.95,0.739,1.0,0,0,1
14.0,monitoring,,0,0.0,0.0,0,-0.0,-0.0,,0.749,5.95,0.739,1.0,0,0,1
14.1,monitoring,,0,0.0,0.0,0,-0.0,-0.0,,0.749,5.95,0.739,1.0,0,0,1
14.2,monitoring,,0,0.0,0.0,0,-0.0,-0.0,,0.749,5.95,0.739,1.0,0,0,1
14.3,monitoring,,0,0.0,0.0,0,-0.0,-0.0,,0.749,5.95,0.739,1.0,0,0,1
14.4,monitoring,,0,0.0,0.0,0,-0.0,-0.0,,0.749,5.95,0.739,1.0,0,0,1
14.5,monitoring,,0,0.0,0.0,0,-0.0,-0.0,,0.749,5.95,0.739,1.0,0,0,1
14.6,monitoring,,0,0.0,0.0,0,-0.0,-0.0,,0.749,5.95,0.739,1.0,0,0,1
14.7,monitoring,,0,0.0,0.0,0,-0.0,-0.0,,0.749,5.95,0.739,1.0,0,0,1
14.8,monitoring,,0,0.0,0.0,0,-0.0,-0.0,,0.749,5.95,0.739,1.0,0,0,1
14.9,monitoring,,0,0.0,0.0,0,-0.0,-0.0,,0.749,5.95,0.739,1.0,0,0,1
15.0,monitoring,,0,0.0,0.0,0,-0.0,-0.0,,0.749,5.95,0.739,1.0,0,0,1
15.1,monitoring,,0,0.0,0.0,0,-0.0,-0.0,,0.749,5.95,0.739,1.0,0,0,1
15.2,monitoring,,0,0.0,0.0,0,-0.0,-0.0,,0.749,5.95,0.739,1.0,0,0,1
15.3,monitoring,,0,0.0,0.0,0,-0.0,-0.0,,0.749,5.95,0.739,1.0,0,0,1
15.4,monitoring,,0,0.0,0.0,0,-0.0,-0.0,,0.749,5.95,0.739,1.0,0,0,1
15.5,monitoring,,0,0.0,0.0,0,-0.0,-0.0,,0.749,5.95,0.739,1.0,0,0,1
15.6,monitoring,,0,0.0,0.0,0,-0.0,-0.0,,0.749,5.95,0.739,1.0,0,0,1
15.7,monitoring,,0,0.0,0.0,0,-0.0,-0.0,,0.749,5.95,0.739,1.0,0,0,1
15.8,monitoring,,0,0.0,0.0,0,-0.0,-0.0,,0.749,5.95,0.739,1.0,0,0,1
15.9,monitoring,,0,0.0,0.0,0,-0.0,-0.0,,0.749,5.95,0.739,1.0,0,0,1
16.0,monitoring,,0,0.0,0.0,0,-0.0,-0.0,,0.749,5.95,0.739,1.0,0,0,1
16.1,monitoring,,0,0.0,0.0,0,-0.0,-0.0,,0.749,5.95,0.739,1.0,0,0,1
16.2,monitoring,,0,0.0,0.0,0,-0.0,-0.0,,0.749,5.95,0.739,1.0,0,0,1
16.3,monitoring,,0,0.0,0.0,0,-0.0,-0.0,,0.749,5.95,0.739,1.0,0,0,1
16.4,monitoring,,0,0.0,0.0,0,-0.0,-0.0,,0.749,5.95,0.739,1.0,0,0,1
16.5,monitoring,,0,0.0,0.0,0,-0.0,-0.0,,0.749,5.95,0.739,1.0,0,0,1
16.6,monitoring,,0,0.0,0.0,0,-0.0,-0.0,,0.749,5.95,0.739,1.0,0,0,1
16.7,monitoring,,0,0.0,0.0,0,-0.0,-0.0,,0.749,5.95,0.739,1.0,0,0,1
16.8,monitoring,,0,0.0,0.0,0,-0.0,-0.0,,0.749,5.95,0.739,1.0,0,0,1
16.9,monitoring,,0,0.0,0.0,0,-0.0,-0.0,,0.749,5.95,0.739,1.0,0,0,1
17.0,monitoring,,0,0.0,0.0,0,-0.0,-0.0,,0.749,5.95,0.739,1.0,0,0,1
17.1,monitoring,,0,0.0,0.0,0,-0.0,-0.0,,0.749,5.95,0.739,1.0,0,0,1
17.2,monitoring,,0,0.0,0.0,0,-0.0,-0.0,,0.749,5.95,0.739,1.0,0,0,1
17.3,monitoring,,0,0.0,0.0,0,-0.0,-0.0,,0.749,5.95,0.739,1.0,0,0,1
17.401,monitoring,,0,0.0,0.0,0,-0.0,-0.0,,0.749,5.95,0.739,1.0,0,0,1
17.401,monitoring,,0,0.0,0.0,0,-0.0,-0.0,,0.749,5.95,0.739,1.0,0,0,1
17.6,monitoring,,0,0.0,0.0,0,-0.0,-0.0,,0.749,5.95,0.739,1.0,0,0,1
17.7,monitoring,,0,0.0,0.0,0,-0.0,-0.0,,0.749,5.95,0.739,1.0,0,0,1
17.8,monitoring,,0,0.0,0.0,0,-0.0,-0.0,,0.749,5.95,0.739,1.0,0,0,1
17.9,monitoring,,0,0.0,0.0,0,-0.0,-0.0,,0.749,5.95,0.739,1.0,0,0,1
18.0,monitoring,,0,0.0,0.0,0,-0.0,-0.0,,0.749,5.95,0.739,1.0,0,0,1
18.1,monitoring,,0,0.0,0.0,0,-0.0,-0.0,,0.749,5.95,0.739,1.0,0,0,1
18.2,monitoring,,0,0.0,0.0,0,-0.0,-0.0,,0.749,5.95,0.739,1.0,0,0,1
18.3,monitoring,,0,0.0,0.0,0,-0.0,-0.0,,0.749,5.95,0.739,1.0,0,0,1
18.4,monitoring,,0,0.0,0.0,0,-0.0,-0.0,,0.749,5.95,0.739,1.0,0,0,1
18.5,monitoring,,0,0.0,0.0,0,-0.0,-0.0,,0.749,5.95,0.739,1.0,0,0,1
18.6,monitoring,,0,0.0,0.0,0,-0.0,-0.0,,0.749,5.95,0.739,1.0,0,0,1
18.7,monitoring,,0,0.0,0.0,0,-0.0,-0.0,,0.749,5.95,0.739,1.0,0,0,1
18.8,monitoring,,0,0.0,0.0,0,-0.0,-0.0,,0.749,5.95,0.739,1.0,0,0,1
18.9,monitoring,,0,0.0,0.0,0,-0.0,-0.0,,0.749,5.95,0.739,1.0,0,0,1
19.0,monitoring,,0,0.0,0.0,0,-0.0,-0.0,,0.749,5.95,0.739,1.0,0,0,1
19.1,monitoring,,0,0.0,0.0,0,-0.0,-0.0,,0.749,5.95,0.739,1.0,0,0,1
19.2,monitoring,,0,0.0,0.0,0,-0.0,-0.0,,0.749,5.95,0.739,1.0,0,0,1
19.3,monitoring,,0,0.0,0.0,0,-0.0,-0.0,,0.749,5.95,0.739,1.0,0,0,1
19.4,monitoring,,0,0.0,0.0,0,-0.0,-0.0,,0.749,5.95,0.739,1.0,0,0,1
19.5,monitoring,,0,0.0,0.0,0,-0.0,-0.0,,0.749,5.95,0.739,1.0,0,0,1
19.6,monitoring,,0,0.0,0.0,1,0.0,0.0,0.0,0.749,5.95,0.739,1.0,0,0,1
19.7,monitoring,,0,0.0,0.0,1,0.011,0.0,0.11,0.75,5.948,0.739,1.0,0,0,1
19.8,monitoring,,0,0.0,0.0,1,0.038,0.0,0.21,0.763,5.935,0.739,1.0,0,0,1
19.9,monitoring,,0,0.0,0.0,1,0.068,0.0,0.0,0.79,5.908,0.739,1.0,0,0,1
20.0,monitoring,,0,0.0,0.0,1,0.099,0.0,0.12,0.82,5.878,0.739,1.0,0,0,1
20.1,monitoring,,0,0.0,0.0,1,0.129,0.0,0.0,0.85,5.848,0.739,1.0,0,0,1
20.2,monitoring,,0,0.0,0.0,1,0.16,0.0,0.12,0.88,5.818,0.739,1.0,0,0,1
20.3,monitoring,,0,0.0,0.0,1,0.191,0.0,0.0,0.91,5.788,0.739,1.0,0,0,1
20.4,monitoring,,0,0.0,0.0,1,0.211,0.0,0.11,0.94,5.758,0.739,1.0,0,0,1
20.5,monitoring,,0,0.0,0.0,1,0.242,0.0,0.0,0.97,5.728,0.739,1.0,0,0,1
20.6,monitoring,,0,0.0,0.0,1,0.272,0.0,0.11,1.0,5.698,0.739,1.0,0,0,1
20.7,monitoring,,0,0.0,0.0,1,0.303,0.0,0.0,1.03,5.668,0.739,1.0,0,0,1
20.8,monitoring,,0,0.0,0.0,1,0.333,0.0,0.12,1.06,5.638,0.739,1.0,0,0,1
20.9,monitoring,,0,0.0,0.0,1,0.364,0.0,0.0,1.09,5.608,0.739,1.0,0,0,1
21.0,monitoring,,0,0.0,0.0,1,0.395,0.0,0.11,1.12,5.578,0.739,1.0,0,0,1
21.1,monitoring,,0,0.0,0.0,1,0.425,0.0,0.0,1.15,5.548,0.739,1.0,0,0,1
21.2,monitoring,,0,0.0,0.0,1,0.456,0.0,0.11,1.18,5.518,0.739,1.0,0,0,1
21.3,monitoring,,0,0.0,0.0,1,0.486,0.0,0.0,1.21,5.488,0.739,1.0,0,0,1
21.4,monitoring,,0,0.0,0.0,1,0.517,0.0,0.11,1.24,5.458,0.739,1.0,0,0,1
21.5,monitoring,,0,0.0,0.0,1,0.548,0.0,0.0,1.27,5.428,0.739,1.0,0,0,1
21.6,monitoring,,0,0.0,0.0,1,0.578,0.0,0.11,1.3,5.398,0.739,1.0,0,0,1
21.7,monitoring,,0,0.0,0.0,1,0.609,0.0,0.0,1.33,5.368,0.739,1.0,0,0,1
21.8,monitoring,,0,0.0,0.0,1,0.639,0.0,0.13,1.36,5.338,0.739,1.0,0,0,1
21.9,monitoring,,0,0.0,0.0,1,0.67,0.0,0.0,1.39,5.308,0.739,1.0,0,0,1
22.0,monitoring,,0,0.0,0.0,1,0.701,0.0,0.11,1.42,5.278,0.739,1.0,0,0,1
22.1,monitoring,,0,0.0,0.0,1,0.721,0.0,0.0,1.45,5.248,0.739,1.0,0,0,1
22.2,monitoring,,0,0.0,0.0,1,0.752,0.0,0.13,1.48,5.218,0.739,1.0,0,0,1
22.3,monitoring,,0,0.0,0.0,1,0.782,0.0,0.0,1.51,5.188,0.739,1.0,0,0,1
22.4,monitoring,,0,0.0,0.0,1,0.813,0.0,0.1,1.54,5.158,0.739,1.0,0,0,1
22.5,monitoring,,0,0.0,0.0,1,0.843,0.0,0.0,1.57,5.128,0.739,1.0,0,0,1
22.6,monitoring,,0,0.0,0.0,1,0.874,0.0,0.11,1.6,5.098,0.739,1.0,0,0,1
22.7,monitoring,,0,0.0,0.0,1,0.905,0.0,0.0,1.631,5.068,0.739,1.0,0,0,1
22.8,monitoring,,0,0.0,0.0,1,0.935,0.0,0.12,1.661,5.038,0.739,1.0,0,0,1
22.9,monitoring,,0,0.0,0.0,1,0.966,0.0,0.0,1.691,5.008,0.739,1.0,0,0,1
23.0,monitoring,,0,0.0,0.0,1,0.996,0.0,0.11,1.721,4.978,0.739,1.0,0,0,1
23.1,monitoring,,0,0.0,0.0,1,1.027,0.0,0.0,1.751,4.948,0.739,1.0,0,0,1
23.2,monitoring,,0,0.0,0.0,1,1.058,0.0,0.11,1.781,4.918,0.739,1.0,0,0,1
23.3,monitoring,,0,0.0,0.0,1,1.088,0.0,0.0,1.811,4.888,0.739,1.0,0,0,1
23.4,monitoring,,0,0.0,0.0,1,1.119,0.0,0.1,1.841,4.858,0.739,1.0,0,0,1
23.5,monitoring,,0,0.0,0.0,1,1.149,0.0,0.0,1.871,4.828,0.739,1.0,0,0,1
23.6,monitoring,,0,0.0,0.0,1,1.18,0.0,0.12,1.901,4.798,0.739,1.0,0,0,1
23.7,monitoring,,0,0.0,0.0,1,1.211,0.0,0.0,1.931,4.768,0.739,1.0,0,0,1
23.8,monitoring,,0,0.0,0.0,1,1.231,0.0,0.11,1.961,4.738,0.739,1.0,0,0,1
23.9,monitoring,,0,0.0,0.0,1,1.262,0.0,0.0,1.991,4.708,0.739,1.0,0,0,1
24.0,monitoring,,0,0.0,0.0,1,1.292,0.0,0.11,2.021,4.678,0.739,1.0,0,0,1
24.1,monitoring,,0,0.0,0.0,1,1.323,0.0,0.0,2.051,4.648,0.739,1.0,0,0,1
24.2,monitoring,,0,0.0,0.0,1,1.353,0.0,0.12,2.081,4.618,0.739,1.0,0,0,1
24.3,monitoring,,0,0.0,0.0,1,1.384,0.0,0.0,2.111,4.588,0.739,1.0,0,0,1
24.4,monitoring,,0,0.0,0.0,1,1.415,0.0,0.11,2.141,4.558,0.739,1.0,0,0,1
24.5,monitoring,,0,0.0,0.0,1,1.445,0.0,0.0,2.171,4.528,0.739,1.0,0,0,1
24.6,monitoring,,0,0.0,0.0,1,1.476,0.0,0.11,2.201,4.498,0.739,1.0,0,0,1
24.7,monitoring,,0,0.0,0.0,1,1.506,0.0,0.0,2.231,4.468,0.739,1.0,0,0,1
24.8,monitoring,,0,0.0,0.0,1,1.537,0.0,0.11,2.261,4.438,0.739,1.0,0,0,1
24.9,monitoring,,0,0.0,0.0,1,1.568,0.0,0.0,2.291,4.408,0.739,1.0,0,0,1
25.0,monitoring,,0,0.0,0.0,1,1.598,0.0,0.12,2.321,4.378,0.739,1.0,0,0,1
25.1,monitoring,,0,0.0,0.0,1,1.629,-0.0,0.0,2.351,4.348,0.739,1.0,0,0,1
25.2,monitoring,,0,0.0,0.0,1,1.659,-0.0,0.11,2.381,4.318,0.739,1.0,0,0,1
25.3,monitoring,,0,0.0,0.0,1,1.69,-0.0,0.0,2.411,4.288,0.739,1.0,0,0,1
25.4,monitoring,,0,0.0,0.0,1,1.721,-0.0,0.11,2.441,4.258,0.739,1.0,0,0,1
25.5,monitoring,,0,0.0,0.0,1,1.741,-0.0,0.0,2.471,4.228,0.739,1.0,0,0,1
25.6,monitoring,,0,0.0,0.0,1,1.772,-0.0,0.11,2.501,4.198,0.739,1.0,0,0,1
25.7,monitoring,,0,0.0,0.0,1,1.802,-0.0,0.0,2.531,4.168,0.739,1.0,0,0,1
25.8,monitoring,,0,0.0,0.0,1,1.833,-0.0,0.11,2.561,4.138,0.739,1.0,0,0,1
25.9,monitoring,,0,0.0,0.0,1,1.863,-0.0,0.0,2.591,4.108,0.739,1.0,0,0,1
26.0,monitoring,,0,0.0,0.0,1,1.894,-0.0,0.11,2.621,4.078,0.739,1.0,0,0,1
26.1,monitoring,,0,0.0,0.0,1,1.925,-0.0,0.0,2.651,4.048,0.739,1.0,0,0,1
26.2,monitoring,,0,0.0,0.0,1,1.955,-0.0,0.1,2.681,4.018,0.739,1.0,0,0,1
26.3,monitoring,,0,0.0,0.0,1,1.986,-0.0,0.0,2.711,3.988,0.739,1.0,0,0,1
26.4,monitoring,,0,0.0,0.0,1,2.016,-0.0,0.12,2.741,3.958,0.739,1.0,0,0,1
26.5,monitoring,,0,0.0,0.0,1,2.047,-0.0,0.0,2.771,3.928,0.739,1.0,0,0,1
26.6,monitoring,,0,0.0,0.0,1,2.078,-0.0,0.1,2.801,3.898,0.739,1.0,0,0,1
26.7,monitoring,,0,0.0,0.0,1,2.108,-0.0,0.0,2.831,3.868,0.739,1.0,0,0,1
26.8,monitoring,,0,0.0,0.0,1,2.139,-0.0,0.11,2.861,3.838,0.739,1.0,0,0,1
26.9,monitoring,,0,0.0,0.0,1,2.169,-0.0,0.0,2.891,3.808,0.739,1.0,0,0,1
27.0,monitoring,,0,0.0,0.0,1,2.2,-0.0,0.11,2.921,3.778,0.739,1.0,0,0,1
27.1,monitoring,,0,0.0,0.0,1,2.231,-0.0,0.0,2.951,3.748,0.739,1.0,0,0,1
27.2,monitoring,,0,0.0,0.0,1,2.251,-0.0,0.12,2.981,3.718,0.739,1.0,0,0,1
27.3,monitoring,,0,0.0,0.0,1,2.282,-0.0,0.0,3.011,3.688,0.739,1.0,0,0,1
27.4,monitoring,,0,0.0,0.0,1,2.312,-0.0,0.11,3.041,3.659,0.739,1.0,0,0,1
27.5,monitoring,,0,0.0,0.0,1,2.342,-0.0,0.0,3.07,3.629,0.739,1.0,0,0,1
27.6,monitoring,,0,0.0,0.0,1,2.372,-0.0,0.11,3.1,3.6,0.739,1.0,0,0,1
27.7,monitoring,,0,0.0,0.0,1,2.401,-0.0,0.0,3.129,3.57,0.739,1.0,0,0,1
27.8,monitoring,,0,0.0,0.0,1,2.43,-0.0,0.12,3.158,3.542,0.739,1.0,0,0,1
27.9,monitoring,,0,0.0,0.0,1,2.459,-0.0,0.0,3.186,3.513,0.739,1.0,0,0,1
28.0,monitoring,,0,0.0,0.0,1,2.488,-0.0,0.11,3.215,3.485,0.739,0.98,0,0,1
28.1,monitoring,,0,0.0,0.0,1,2.517,-0.0,0.0,3.243,3.456,0.739,0.955,0,0,1
28.2,monitoring,,0,0.0,0.0,1,2.545,-0.0,0.1,3.271,3.429,0.739,0.93,0,0,1
28.3,monitoring,,0,0.0,0.0,1,2.573,-0.0,0.0,3.298,3.401,0.739,0.905,0,0,1
28.4,monitoring,,0,0.0,0.0,1,2.601,-0.0,0.11,3.326,3.374,0.739,0.881,0,0,1
28.5,monitoring,,0,0.0,0.0,1,2.628,-0.0,0.0,3.353,3.346,0.739,0.857,0,0,1
28.6,monitoring,,0,0.0,0.0,1,2.655,-0.0,0.12,3.38,3.32,0.739,0.834,0,0,1
28.7,monitoring,,0,0.0,0.0,1,2.682,-0.0,0.0,3.407,3.293,0.739,0.811,0,0,1
28.8,monitoring,,0,0.0,0.0,1,2.709,-0.0,0.11,3.433,3.266,0.739,0.788,0,0,1
28.9,monitoring,,0,0.0,0.0,1,2.727,-0.0,0.22,3.459,3.24,0.739,0.766,0,0,1
29.0,monitoring,,0,0.0,0.0,1,2.739,-0.0,0.0,3.485,3.214,0.739,0.744,0,0,1
29.1,monitoring,,0,0.0,0.0,1,2.739,-0.0,0.11,3.489,3.201,0.733,0.736,0,0,1
29.2,monitoring,,0,0.0,0.0,1,2.739,-0.0,0.23,3.487,3.196,0.725,0.736,0,0,1
29.3,monitoring,,0,0.0,0.0,1,2.739,-0.0,0.34,3.492,3.198,0.718,0.734,0,0,1
29.4,monitoring,,0,0.0,0.0,1,2.739,-0.0,0.0,3.513,3.207,0.714,0.733,0,0,1
29.5,monitoring,,0,0.0,0.0,1,2.742,-0.001,0.1,3.535,3.223,0.711,0.732,0,0,1
29.6,monitoring,,0,0.0,0.0,1,2.759,-0.005,0.21,3.545,3.22,0.71,0.728,0,0,1
29.7,monitoring,,0,0.0,0.0,1,2.785,-0.01,0.31,3.565,3.2,0.706,0.714,0,0,1
29.8,monitoring,,0,0.0,0.0,1,2.811,-0.016,0.0,3.591,3.174,0.701,0.696,0,0,1
29.9,monitoring,,0,0.0,0.0,1,2.836,-0.022,0.12,3.616,3.149,0.693,0.68,0,0,1
30.0,monitoring,,0,0.0,0.0,1,2.862,-0.028,0.0,3.641,3.124,0.688,0.663,0,0,1
30.1,monitoring,,0,0.0,0.0,1,2.888,-0.034,0.11,3.667,3.098,0.682,0.647,0,0,1
30.2,monitoring,,0,0.0,0.0,1,2.918,-0.04,0.0,3.693,3.072,0.677,0.631,0,0,1
30.3,monitoring,,0,0.0,0.0,1,2.948,-0.047,0.11,3.723,3.042,0.671,0.614,0,0,1
30.4,monitoring,,0,0.0,0.0,1,2.978,-0.054,0.0,3.753,3.013,0.359,0.597,0,0,1
30.5,monitoring,,0,0.0,0.0,1,3.007,-0.06,0.11,3.782,2.983,0.288,0.581,0,0,1
30.6,monitoring,,0,0.0,0.0,1,3.027,-0.065,0.0,3.812,2.953,0.254,0.566,0,0,1
30.7,monitoring,,0,0.0,0.0,1,3.057,-0.072,0.12,3.842,2.924,0.234,0.552,0,0,1
30.8,monitoring,,0,0.0,0.0,1,3.087,-0.078,0.0,3.871,2.894,0.222,0.539,0,0,1
30.9,monitoring,,0,0.0,0.0,1,3.117,-0.085,0.11,3.901,2.855,0.216,0.527,0,0,1
31.0,monitoring,,0,0.0,0.0,1,3.146,-0.092,0.0,3.93,2.826,0.214,0.516,0,0,1
31.1,monitoring,,0,0.0,0.0,1,3.176,-0.098,0.11,3.96,2.797,0.214,0.507,0,0,1
31.2,monitoring,,0,0.0,0.0,1,3.205,-0.105,0.0,3.989,2.768,0.215,0.499,0,0,1
31.3,monitoring,,0,0.0,0.0,1,3.235,-0.111,0.12,4.018,2.738,0.215,0.491,0,0,1
31.4,monitoring,,0,0.0,0.0,1,3.264,-0.118,0.0,4.048,2.709,0.214,0.485,0,0,1
31.5,monitoring,,0,0.0,0.0,1,3.293,-0.125,0.11,4.077,2.681,0.215,0.481,0,0,1
31.6,monitoring,,0,0.0,0.0,1,3.322,-0.131,0.0,4.106,2.652,0.215,0.478,0,0,1
31.7,monitoring,,0,0.0,0.0,1,3.352,-0.138,0.11,4.135,2.623,0.215,0.476,0,0,1
31.8,monitoring,,0,0.0,0.0,1,3.381,-0.144,0.0,4.164,2.594,0.215,0.475,0,0,1
31.9,monitoring,,0,0.0,0.0,1,3.41,-0.151,0.11,4.192,2.566,0.215,0.476,0,0,1
32.0,monitoring,,0,0.0,0.0,1,3.438,-0.157,0.0,4.221,2.537,0.215,0.478,0,0,1
32.1,monitoring,,0,0.0,0.0,1,3.467,-0.164,0.12,4.25,2.509,0.215,0.481,0,0,1
32.2,monitoring,,0,0.0,0.0,1,3.496,-0.17,0.0,4.278,2.48,0.214,0.486,0,0,1
32.3,monitoring,,0,0.0,0.0,1,3.515,-0.174,0.1,4.307,2.452,0.215,0.491,0,0,1
32.4,monitoring,,0,0.0,0.0,1,3.544,-0.181,0.21,4.335,2.415,0.215,0.499,0,0,1
32.5,monitoring,,0,0.0,0.0,1,3.572,-0.187,0.0,4.364,2.387,0.214,0.507,0,0,1
32.6,monitoring,,0,0.0,0.0,1,3.601,-0.194,0.11,4.392,2.359,0.214,0.516,0,0,1
32.7,monitoring,,0,0.0,0.0,1,3.629,-0.2,0.0,4.42,2.331,0.216,0.526,0,0,1
32.8,monitoring,,0,0.0,0.0,1,3.657,-0.206,0.13,4.464,2.303,0.221,0.537,0,0,1
32.9,monitoring,,0,0.0,0.0,1,3.686,-0.213,0.0,4.492,2.275,0.232,0.55,0,0,1
33.0,monitoring,,0,0.0,0.0,1,3.714,-0.219,0.1,4.52,2.248,0.249,0.563,0,0,1
33.1,monitoring,,0,0.0,0.0,1,3.742,-0.225,0.0,4.548,2.22,0.274,0.576,0,0,1
33.2,monitoring,,0,0.0,0.0,1,3.77,-0.232,0.11,4.576,2.192,0.316,0.591,0,0,1
33.3,monitoring,,0,0.0,0.0,1,3.798,-0.238,0.0,4.604,2.165,0.486,0.606,0,0,1
33.4,monitoring,,0,0.0,0.0,1,3.826,-0.244,0.12,4.632,2.137,0.478,0.622,0,0,1
33.5,monitoring,,0,0.0,0.0,1,3.854,-0.25,0.0,4.66,2.11,0.473,0.639,0,0,1
33.6,monitoring,,0,0.0,0.0,1,3.881,-0.257,0.11,4.687,2.075,0.467,0.656,0,0,1
33.7,monitoring,,0,0.0,0.0,1,3.901,-0.261,0.21,4.714,2.049,0.462,0.673,0,0,1
33.8,monitoring,,0,0.0,0.0,1,3.901,-0.261,0.31,4.736,2.027,0.457,0.688,0,0,1
33.9,monitoring,,0,0.0,0.0,1,3.901,-0.261,0.42,4.705,2.021,0.462,0.687,0,0,1
34.0,monitoring,,0,0.0,0.0,1,3.901,-0.261,0.53,4.681,2.019,0.467,0.687,0,0,1
34.1,monitoring,,0,0.0,0.0,1,3.901,-0.261,0.0,4.666,2.022,0.474,0.686,0,0,1
34.2,monitoring,,0,0.0,0.0,1,3.901,-0.261,0.12,4.66,2.028,0.483,0.685,0,0,1
34.3,monitoring,,0,0.0,0.0,1,3.908,-0.261,0.24,4.662,2.035,0.491,0.685,0,0,1
34.4,monitoring,,0,0.0,0.0,1,3.928,-0.261,0.35,4.673,2.024,0.491,0.69,0,0,1
34.5,monitoring,,0,0.0,0.0,1,3.951,-0.261,0.0,4.695,2.002,0.491,0.701,0,0,1
34.6,monitoring,,0,0.0,0.0,1,3.973,-0.262,0.11,4.717,1.98,0.49,0.712,0,0,1
34.7,monitoring,,0,0.0,0.0,1,3.996,-0.262,0.22,4.739,1.958,0.49,0.724,0,0,1
34.8,monitoring,,0,0.0,0.0,1,4.004,-0.262,0.0,4.761,1.936,0.49,0.737,0,0,1
34.9,monitoring,,0,0.0,0.0,1,4.004,-0.262,0.12,4.767,1.928,0.488,0.741,0,0,1
35.0,monitoring,,0,0.0,0.0,1,4.004,-0.262,0.23,4.765,1.922,0.479,0.741,0,0,1
35.1,monitoring,,0,0.0,0.0,1,4.004,-0.262,0.34,4.772,1.92,0.471,0.74,0,0,1
35.2,monitoring,,0,0.0,0.0,1,4.004,-0.262,0.0,3.33,1.921,0.465,0.739,0,0,1
35.3,monitoring,,0,0.0,0.0,1,4.007,-0.261,0.11,2.42,1.927,0.459,0.738,0,0,1
35.4,monitoring,,0,0.0,0.0,1,4.024,-0.258,0.21,2.298,1.926,0.447,0.739,0,0,1
35.5,monitoring,,0,0.0,0.0,1,4.046,-0.253,0.32,2.31,1.909,0.463,0.746,0,0,1
35.6,monitoring,,0,0.0,0.0,1,4.054,-0.252,,2.325,1.887,0.467,0.756,0,0,1
35.7,monitoring,,0,0.0,0.0,1,4.054,-0.252,,2.077,1.881,0.467,0.76,0,0,1
35.8,monitoring,,0,0.0,0.0,1,4.054,-0.252,,1.745,1.893,0.464,0.76,0,0,1
35.9,monitoring,,0,0.0,0.0,0,4.054,-0.252,,1.557,1.909,0.461,0.759,0,0,1
36.0,monitoring,,0,0.0,0.0,0,4.054,-0.252,,1.391,1.923,0.459,0.759,0,0,1
36.1,monitoring,,0,0.0,0.0,0,4.054,-0.252,,1.391,1.923,0.459,0.759,0,0,1
36.2,monitoring,,0,0.0,0.0,0,4.054,-0.252,,1.391,1.923,0.459,0.759,0,0,1
36.3,monitoring,,0,0.0,0.0,0,4.054,-0.252,,1.391,1.923,0.459,0.759,0,0,1
36.4,monitoring,,0,0.0,0.0,0,4.054,-0.252,,1.391,1.923,0.459,0.759,0,0,1
36.5,monitoring,,0,0.0,0.0,0,4.054,-0.252,,1.391,1.923,0.459,0.759,0,0,1
36.6,monitoring,,0,0.0,0.0,0,4.054,-0.252,,1.391,1.923,0.459,0.759,0,0,1
36.7,monitoring,,0,0.0,0.0,0,4.054,-0.252,,1.391,1.923,0.459,0.759,0,0,1
36.8,monitoring,,0,0.0,0.0,0,4.054,-0.252,,1.391,1.923,0.459,0.759,0,0,1
36.9,monitoring,,0,0.0,0.0,0,4.054,-0.252,,1.391,1.923,0.459,0.759,0,0,1
37.0,monitoring,,0,0.0,0.0,0,4.054,-0.252,0.0,1.391,1.923,0.459,0.759,0,0,1
37.1,monitoring,,0,0.0,0.0,1,4.054,-0.252,0.12,1.391,1.923,0.459,0.759,0,0,1
37.2,monitoring,,0,0.0,0.0,1,4.054,-0.252,0.23,1.269,1.936,0.461,0.759,0,0,1
37.3,monitoring,,0,0.0,0.0,1,4.054,-0.252,0.33,1.129,1.962,0.463,0.758,0,0,1
37.4,monitoring,,0,0.0,0.0,1,4.054,-0.252,0.44,1.015,1.992,0.466,0.758,0,0,1
37.5,monitoring,,0,0.0,0.0,1,4.054,-0.252,0.0,0.897,2.027,0.47,0.757,0,0,1
37.6,monitoring,,0,0.0,0.0,1,4.054,-0.252,0.1,0.823,2.068,0.475,0.757,0,0,1
37.7,monitoring,,0,0.0,0.0,1,4.054,-0.252,0.22,0.76,3.014,0.481,0.757,0,0,1
37.8,monitoring,,0,0.0,0.0,1,4.054,-0.252,0.34,0.706,2.78,0.495,0.756,0,0,1
37.9,monitoring,,0,0.0,0.0,1,4.054,-0.252,0.0,0.661,2.637,0.496,0.756,0,0,1
38.0,monitoring,,0,0.0,0.0,1,4.054,-0.252,0.11,0.633,2.66,0.494,0.755,0,0,1
38.1,monitoring,,0,0.0,0.0,1,4.054,-0.252,0.21,0.598,2.66,0.491,0.755,0,0,1
38.2,monitoring,,0,0.0,0.0,1,4.056,-0.249,0.33,0.567,2.647,0.486,0.755,0,0,1
38.3,monitoring,,0,0.0,0.0,1,4.068,-0.237,0.43,0.567,2.656,0.485,0.754,0,0,1
38.4,monitoring,,0,0.0,0.0,1,4.088,-0.215,0.0,0.592,2.635,0.484,0.752,0,0,1
38.5,monitoring,,0,0.0,0.0,1,4.11,-0.193,0.12,0.615,2.604,0.484,0.749,0,0,1
38.6,monitoring,,0,0.0,0.0,1,4.131,-0.171,0.0,0.648,2.572,0.484,0.746,0,0,1
38.7,monitoring,,0,0.0,0.0,1,4.152,-0.149,0.11,0.683,2.54,0.485,0.745,0,0,1
38.8,monitoring,,0,0.0,0.0,1,4.174,-0.127,0.0,0.706,2.509,0.485,0.745,0,0,1
38.9,monitoring,,0,0.0,0.0,1,4.195,-0.105,0.1,0.742,2.477,0.484,0.745,0,0,1
39.0,monitoring,,0,0.0,0.0,1,4.216,-0.083,0.0,0.766,2.445,0.484,0.747,0,0,1
39.0,monitoring,,0,0.0,0.0,1,4.216,-0.083,0.0,0.766,2.445,0.484,0.747,0,0,1
39.2,monitoring,,0,0.0,0.0,1,4.251,-0.047,0.0,0.826,2.382,0.485,0.754,0,0,1
39.3,monitoring,,0,0.0,0.0,1,4.273,-0.025,0.11,0.864,2.35,0.483,0.758,0,0,1
39.4,monitoring,,0,0.0,0.0,1,4.294,-0.003,0.0,0.889,2.321,0.484,0.764,0,0,1
39.5,monitoring,,0,0.0,0.0,1,4.315,0.019,0.1,0.928,2.293,0.484,0.771,0,0,1
39.6,monitoring,,0,0.0,0.0,1,4.337,0.041,0.0,0.953,2.265,0.485,0.778,0,0,1
39.7,monitoring,,0,0.0,0.0,1,4.358,0.063,0.1,0.977,2.236,0.489,0.787,0,0,1
39.8,monitoring,,0,0.0,0.0,1,4.379,0.085,0.0,1.018,2.208,0.498,0.796,0,0,1
39.9,monitoring,,0,0.0,0.0,1,4.4,0.107,0.12,1.043,2.179,0.511,0.806,0,0,1
40.0,monitoring,,0,0.0,0.0,1,4.422,0.129,0.0,1.069,2.151,0.54,0.816,0,0,1
40.1,monitoring,,0,0.0,0.0,1,4.443,0.151,0.11,1.111,2.122,0.585,0.828,0,0,1
40.2,monitoring,,0,0.0,0.0,1,4.464,0.173,0.0,1.137,2.094,1.125,0.84,0,0,1
40.3,monitoring,,0,0.0,0.0,1,4.485,0.195,0.11,1.162,2.065,1.151,0.854,0,0,1
40.4,monitoring,,0,0.0,0.0,1,4.507,0.217,0.0,1.206,2.037,1.195,0.868,0,0,1
40.5,monitoring,,0,0.0,0.0,1,4.528,0.239,0.12,1.232,2.007,1.221,0.882,0,0,1
40.6,monitoring,,0,0.0,0.0,1,4.549,0.261,0.0,1.258,1.974,1.246,0.897,0,0,1
40.7,monitoring,,0,0.0,0.0,1,4.57,0.283,0.11,1.284,1.942,1.272,0.913,0,0,1
40.8,monitoring,,0,0.0,0.0,1,4.585,0.298,0.0,1.33,1.91,1.318,0.929,0,0,1
40.9,monitoring,,0,0.0,0.0,1,4.606,0.32,0.11,1.357,1.878,1.345,0.946,0,0,1
41.0,monitoring,,0,0.0,0.0,1,4.627,0.342,0.0,1.383,1.845,1.371,0.964,0,0,1
41.1,monitoring,,0,0.0,0.0,1,4.648,0.364,0.11,1.409,1.813,1.397,0.982,0,0,1
41.2,monitoring,,0,0.0,0.0,1,4.67,0.386,0.0,1.435,1.781,1.423,1.0,0,0,1
41.3,monitoring,,0,0.0,0.0,1,4.691,0.408,0.12,1.484,1.752,1.472,1.019,0,0,1
41.4,monitoring,,0,0.0,0.0,1,4.712,0.43,0.0,1.511,1.724,1.498,1.039,0,0,1
41.5,monitoring,,0,0.0,0.0,1,4.733,0.452,0.11,1.537,1.696,1.525,1.058,0,0,1
41.6,monitoring,,0,0.0,0.0,1,4.755,0.474,0.0,1.564,1.667,1.551,1.078,0,0,1
41.7,monitoring,,0,0.0,0.0,1,4.776,0.496,0.11,1.59,1.639,1.53,1.099,0,0,1
41.8,monitoring,,0,0.0,0.0,1,4.797,0.518,0.0,1.617,1.611,1.503,1.12,0,0,1
41.9,monitoring,,0,0.0,0.0,1,4.818,0.54,0.11,1.647,1.583,1.477,1.141,0,0,1
42.0,monitoring,,0,0.0,0.0,1,4.84,0.562,0.0,1.673,1.553,1.427,1.163,0,0,1
42.1,monitoring,,0,0.0,0.0,1,4.861,0.584,0.11,1.7,1.52,1.401,1.185,0,0,1
42.2,monitoring,,0,0.0,0.0,1,4.882,0.606,0.0,1.726,1.487,1.375,1.207,0,0,1
42.3,monitoring,,0,0.0,0.0,1,4.904,0.628,0.11,1.753,1.455,1.349,1.23,0,0,0
42.4,monitoring,,0,0.0,0.0,1,4.925,0.65,0.0,1.779,1.422,1.322,1.253,0,0,0
42.5,monitoring,,0,0.0,0.0,1,4.939,0.665,0.11,1.806,1.392,1.276,1.262,0,0,0
42.6,monitoring,,0,0.0,0.0,1,4.96,0.687,0.0,1.861,1.364,1.25,1.241,0,0,0
42.7,monitoring,,0,0.0,0.0,1,4.981,0.709,0.12,1.887,1.336,1.224,1.219,0,0,0
42.8,monitoring,,0,0.0,0.0,1,5.003,0.731,0.0,1.914,1.309,1.198,1.198,0,0,0
42.9,monitoring,,0,0.0,0.0,1,5.024,0.753,0.11,1.941,1.281,1.154,1.177,0,0,0
43.0,monitoring,,0,0.0,0.0,1,5.045,0.775,0.0,1.968,1.251,1.128,1.156,0,0,0
43.1,monitoring,,0,0.0,0.0,1,5.067,0.797,0.11,1.995,1.217,1.103,1.134,0,0,0
43.2,monitoring,,0,0.0,0.0,1,5.088,0.819,0.0,2.022,1.184,1.06,1.113,0,0,0
43.3,monitoring,,0,0.0,0.0,1,5.109,0.841,0.11,2.049,1.151,1.035,1.092,0,0,0
43.4,monitoring,,0,0.0,0.0,1,5.13,0.863,,2.076,1.123,1.009,1.072,0,0,0
43.5,monitoring,,0,0.0,0.0,1,5.151,0.885,,2.135,1.096,0.969,1.051,0,0,0
43.6,monitoring,,0,0.0,0.0,1,5.171,0.905,,2.162,1.069,0.944,1.033,0,0,0
43.7,monitoring,,0,0.0,0.0,1,5.19,0.924,,2.187,1.042,0.921,1.014,0,0,0
43.8,monitoring,,0,0.0,0.0,1,5.207,0.942,,2.211,1.013,0.899,0.997,0,0,0
43.9,monitoring,,0,0.0,0.0,1,5.223,0.959,,2.233,0.986,0.876,0.983,0,0,0
44.001,monitoring,,0,0.0,0.0,1,5.238,0.975,,2.253,0.961,0.858,0.97,0,0,0
44.001,monitoring,,0,0.0,0.0,1,5.238,0.975,,2.253,0.961,0.858,0.97,0,0,0
44.2,monitoring,,0,0.0,0.0,1,5.264,1.002,,2.293,0.922,0.808,0.943,0,0,0
44.3,monitoring,,0,0.0,0.0,1,5.265,1.002,,2.306,0.905,0.791,0.933,0,0,0
44.4,monitoring,,0,0.0,0.0,1,5.265,1.002,,2.223,0.895,0.766,0.935,0,0,0
44.5,monitoring,,0,0.0,0.0,1,5.265,1.002,,2.148,0.885,0.733,0.935,0,0,0
44.6,monitoring,,0,0.0,0.0,1,5.265,1.002,,2.057,0.925,0.714,0.937,0,0,0
44.7,monitoring,,0,0.0,0.0,1,5.265,1.002,,2.001,0.971,0.689,0.937,0,0,0
44.8,monitoring,,0,0.0,0.0,1,5.269,1.008,,1.959,1.037,0.678,0.936,0,0,0
44.9,monitoring,,0,0.0,0.0,1,5.28,1.026,,1.968,1.029,0.672,0.933,0,0,0
45.0,monitoring,,0,0.0,0.0,1,5.291,1.045,,1.988,1.013,0.66,0.927,0,0,0
45.1,monitoring,,0,0.0,0.0,1,5.303,1.064,,2.008,0.973,0.64,0.918,0,0,0
45.2,monitoring,,0,0.0,0.0,1,5.315,1.083,,2.029,0.957,0.627,0.913,0,0,0
45.3,monitoring,,0,0.0,0.0,1,5.319,1.09,,2.049,0.94,0.615,0.907,0,0,0
45.4,monitoring,,0,0.0,0.0,1,5.319,1.09,,2.033,0.96,0.617,0.906,0,0,0
45.5,monitoring,,0,0.0,0.0,1,5.319,1.09,,1.989,1.043,0.622,0.903,0,0,0
45.6,monitoring,,0,0.0,0.0,1,5.319,1.09,,1.95,1.142,0.633,0.905,0,0,0
45.7,monitoring,,0,0.0,0.0,1,5.319,1.09,,1.917,1.262,0.64,0.906,0,0,0
45.8,monitoring,,0,0.0,0.0,1,5.319,1.09,,1.888,1.409,0.64,0.904,0,0,0
45.9,monitoring,,0,0.0,0.0,1,5.319,1.09,,1.864,1.593,0.645,0.906,0,0,0
46.0,monitoring,,0,0.0,0.0,1,5.319,1.09,,1.844,1.761,0.647,0.907,0,0,0
46.1,monitoring,,0,0.0,0.0,1,5.319,1.09,,1.82,4.954,0.645,0.906,0,0,0
46.2,monitoring,,0,0.0,0.0,1,5.319,1.09,,1.809,5.764,0.644,0.908,0,0,0
46.3,monitoring,,0,0.0,0.0,1,5.319,1.09,,1.801,6.771,0.639,0.905,0,0,0
46.4,monitoring,,0,0.0,0.0,1,5.319,1.09,,1.798,6.731,0.636,0.907,0,0,0
46.5,monitoring,,0,0.0,0.0,1,5.319,1.09,,1.798,6.704,0.628,0.909,0,0,0
46.6,monitoring,,0,0.0,0.0,1,5.319,1.09,,1.801,6.69,0.62,0.906,0,0,0
46.7,monitoring,,0,0.0,0.0,1,5.319,1.09,,1.808,6.688,0.643,0.908,0,0,0
46.8,monitoring,,0,0.0,0.0,1,5.319,1.09,,1.804,6.689,4.789,0.909,0,0,0
46.9,monitoring,,0,0.0,0.0,1,5.319,1.09,,1.795,6.698,6.07,0.909,0,0,0
47.0,monitoring,,0,0.0,0.0,1,5.319,1.093,,1.791,6.719,1.496,0.909,0,0,0
47.1,monitoring,,0,0.0,0.0,1,5.316,1.109,,1.794,6.724,1.485,0.91,0,0,0
47.2,monitoring,,0,0.0,0.0,1,5.312,1.131,,1.811,6.706,1.497,0.917,0,0,0
47.3,monitoring,,0,0.0,0.0,1,5.309,1.154,,1.836,6.684,1.517,0.927,0,0,0
47.4,monitoring,,0,0.0,0.0,1,5.305,1.176,,1.858,6.662,1.544,0.938,0,0,0
47.5,monitoring,,0,0.0,0.0,1,5.304,1.185,,1.88,6.64,1.59,0.949,0,0,0
47.6,monitoring,,0,0.0,0.0,1,5.304,1.185,,1.902,6.59,6.053,0.955,0,0,0
47.7,monitoring,,0,0.0,0.0,1,5.304,1.185,,1.903,6.614,0.798,0.962,0,0,0
47.8,monitoring,,0,0.0,0.0,1,5.304,1.185,,1.937,4.8,0.695,0.962,0,0,0
47.9,monitoring,,0,0.0,0.0,1,5.304,1.185,,2.01,1.407,0.706,0.966,0,0,0
48.0,monitoring,,0,0.0,0.0,1,5.304,1.185,,2.121,1.121,0.707,0.973,0,0,0
48.1,monitoring,,0,0.0,0.0,1,5.304,1.185,,2.224,0.959,0.697,0.974,0,0,0
48.2,monitoring,,0,0.0,0.0,1,5.304,1.185,,2.328,0.874,0.685,0.976,0,0,0
48.3,monitoring,,0,0.0,0.0,1,5.304,1.185,,2.459,0.817,0.722,0.983,0,0,0
48.4,monitoring,,0,0.0,0.0,1,5.304,1.185,,2.559,0.788,0.748,0.986,0,0,0
48.5,monitoring,,0,0.0,0.0,1,5.304,1.185,,2.67,0.751,0.792,0.99,0,0,0
48.6,monitoring,,0,0.0,0.0,1,5.304,1.185,,2.797,0.763,0.842,0.992,0,0,0
48.7,monitoring,,0,0.0,0.0,1,5.304,1.185,,2.997,0.764,0.883,0.998,0,0,0
48.8,monitoring,,0,0.0,0.0,1,5.304,1.185,,3.17,0.772,0.933,0.998,0,0,0
48.9,monitoring,,0,0.0,0.0,1,5.304,1.185,,1.569,0.78,1.007,1.004,0,0,0
49.0,monitoring,,0,0.0,0.0,1,5.304,1.185,,1.503,0.777,1.096,1.005,0,0,0
49.1,monitoring,,0,0.0,0.0,1,5.304,1.185,,1.499,0.782,1.202,1.007,0,0,0
49.2,monitoring,,0,0.0,0.0,1,5.304,1.185,,1.509,0.775,1.293,1.01,0,0,0
49.3,monitoring,,0,0.0,0.0,1,5.304,1.185,,1.514,0.776,1.443,1.01,0,0,0
49.4,monitoring,,0,0.0,0.0,1,5.304,1.185,,1.515,0.767,1.63,1.019,0,0,0
49.5,monitoring,,0,0.0,0.0,1,5.304,1.185,,1.513,0.761,2.029,1.021,0,0,0
49.6,monitoring,,0,0.0,0.0,0,5.304,1.185,,1.504,0.754,2.014,1.021,0,0,0
49.7,monitoring,,0,0.0,0.0,0,5.304,1.185,,1.516,0.742,2.003,1.017,0,0,0
49.8,monitoring,,0,0.0,0.0,0,5.304,1.185,,1.601,0.745,1.997,1.017,0,0,0
49.9,monitoring,,0,0.0,0.0,0,5.304,1.185,,6.103,0.821,1.997,1.013,0,0,0
50.0,monitoring,,0,0.0,0.0,0,5.304,1.185,,6.103,0.821,1.997,1.013,0,0,0
50.1,monitoring,,0,0.0,0.0,0,5.304,1.185,,6.103,0.821,1.997,1.013,0,0,0
50.2,monitoring,,0,0.0,0.0,0,5.304,1.185,,6.103,0.821,1.997,1.013,0,0,0
50.3,monitoring,,0,0.0,0.0,0,5.304,1.185,,6.103,0.821,1.997,1.013,0,0,0
50.4,monitoring,,0,0.0,0.0,0,5.304,1.185,,6.103,0.821,1.997,1.013,0,0,0
50.5,monitoring,,0,0.0,0.0,0,5.304,1.185,,6.103,0.821,1.997,1.013,0,0,0
50.6,monitoring,,0,0.0,0.0,0,5.304,1.185,,6.103,0.821,1.997,1.013,0,0,0
50.7,monitoring,,0,0.0,0.0,0,5.304,1.185,,6.103,0.821,1.997,1.013,0,0,0
50.8,monitoring,,0,0.0,0.0,0,5.304,1.185,,6.103,0.821,1.997,1.013,0,0,0
50.9,monitoring,,0,0.0,0.0,0,5.304,1.185,,6.103,0.821,1.997,1.013,0,0,0
51.0,monitoring,,0,0.0,0.0,1,5.31,1.186,,6.104,0.821,1.997,1.013,0,0,0
51.1,monitoring,,0,0.0,0.0,1,5.329,1.189,,6.116,0.816,1.999,1.0,0,0,0
51.2,monitoring,,0,0.0,0.0,1,5.349,1.193,,6.136,0.769,2.003,0.985,0,0,0
51.3,monitoring,,0,0.0,0.0,1,5.37,1.196,,6.156,0.761,2.006,0.963,0,0,0
51.4,monitoring,,0,0.0,0.0,1,5.39,1.2,,6.176,0.753,2.009,0.945,0,0,0
51.5,monitoring,,0,0.0,0.0,1,5.41,1.203,,6.195,0.71,2.013,0.925,0,0,0
51.6,monitoring,,0,0.0,0.0,1,5.43,1.206,,6.215,0.703,2.016,0.904,0,0,0
51.7,monitoring,,0,0.0,0.0,1,5.432,1.207,,6.235,0.663,2.019,0.888,0,0,0
51.8,monitoring,,0,0.0,0.0,1,5.432,1.207,,6.203,0.983,2.015,0.884,0,0,0
51.9,monitoring,,0,0.0,0.0,1,5.432,1.207,,6.179,7.335,2.015,0.883,0,0,0
52.0,monitoring,,0,0.0,0.0,1,5.432,1.207,,6.175,7.329,2.017,0.881,0,0,0
52.1,monitoring,,0,0.0,0.0,1,5.435,1.207,,6.175,7.329,2.017,1.065,0,0,0
52.2,monitoring,,0,0.0,0.0,1,5.451,1.208,,6.179,7.326,2.017,1.065,0,0,0
52.3,monitoring,,0,0.0,0.0,1,5.474,1.209,,6.196,7.308,2.018,1.053,0,0,0
52.4,monitoring,,0,0.0,0.0,1,5.496,1.21,,6.218,7.286,2.019,1.026,0,0,0
52.5,monitoring,,0,0.0,0.0,1,5.518,1.211,,6.24,7.264,2.021,1.022,0,0,0
52.6,monitoring,,0,0.0,0.0,1,5.541,1.212,,6.262,7.242,2.022,0.988,0,0,0
52.7,monitoring,,0,0.0,0.0,1,5.556,1.213,,6.284,7.22,2.023,0.985,0,0,0
52.8,monitoring,,0,0.0,0.0,1,5.578,1.214,,6.306,7.198,2.024,0.953,0,0,0
52.9,monitoring,,0,0.0,0.0,1,5.601,1.215,,6.328,7.177,2.026,0.924,0,0,0
53.0,monitoring,,0,0.0,0.0,1,5.623,1.216,,6.35,7.155,2.027,0.896,0,0,0
53.1,monitoring,,0,0.0,0.0,1,5.645,1.217,,6.372,7.133,2.028,0.894,0,0,0
53.2,monitoring,,0,0.0,0.0,1,5.668,1.219,,6.394,7.111,2.03,0.847,0,0,0
53.3,monitoring,,0,0.0,0.0,1,5.69,1.22,,6.416,7.089,2.031,0.844,0,0,0
53.4,monitoring,,0,0.0,0.0,1,5.713,1.221,,6.438,7.067,2.032,0.822,0,0,0
53.5,monitoring,,0,0.0,0.0,1,5.735,1.222,,6.46,7.045,2.034,0.801,0,0,0
53.6,monitoring,,0,0.0,0.0,1,5.757,1.223,,6.482,7.023,2.035,0.781,0,0,0
53.7,monitoring,,0,0.0,0.0,1,5.78,1.224,,6.504,7.001,2.036,0.762,0,0,0
53.8,monitoring,,0,0.0,0.0,1,5.802,1.225,,6.526,6.979,2.038,0.745,0,0,0
53.9,monitoring,,0,0.0,0.0,1,5.825,1.226,,6.548,6.957,2.039,0.728,0,0,0
54.0,monitoring,,0,0.0,0.0,1,5.847,1.228,,6.569,6.935,2.04,0.7,0,0,0
54.1,monitoring,,0,0.0,0.0,1,5.87,1.229,,6.591,6.913,1.615,0.675,0,0,0
54.2,monitoring,,0,0.0,0.0,1,5.892,1.23,,6.613,6.891,1.157,0.684,0,0,0
54.3,monitoring,,0,0.0,0.0,1,5.914,1.231,,6.635,6.869,0.913,0.66,0,0,0
54.4,monitoring,,0,0.0,0.0,1,5.929,1.232,,6.657,6.847,0.549,0.638,0,0,0
54.5,monitoring,,0,0.0,0.0,1,5.952,1.233,,6.679,6.825,0.559,0.627,0,0,0
54.6,monitoring,,0,0.0,0.0,1,5.974,1.234,,6.701,6.803,0.571,0.608,0,0,0
54.7,monitoring,,0,0.0,0.0,1,5.997,1.235,,6.723,6.781,0.585,0.606,0,0,0
54.8,monitoring,,0,0.0,0.0,1,6.019,1.236,,6.745,6.759,0.553,0.582,0,0,0
54.9,monitoring,,0,0.0,0.0,1,6.041,1.237,,6.767,6.737,0.451,0.567,0,0,0
55.0,monitoring,,0,0.0,0.0,1,6.064,1.238,,6.789,6.715,0.452,0.56,0,0,0
55.1,monitoring,,0,0.0,0.0,1,6.086,1.239,,6.811,6.693,0.454,0.541,0,0,0
55.2,monitoring,,0,0.0,0.0,1,6.109,1.241,,6.833,6.671,0.455,0.516,0,0,0
55.3,monitoring,,0,0.0,0.0,1,6.131,1.242,,6.855,6.649,0.46,0.503,0,0,0
55.4,monitoring,,0,0.0,0.0,1,6.153,1.243,,6.877,6.627,0.464,0.484,0,0,0
55.5,monitoring,,0,0.0,0.0,1,6.176,1.244,,6.899,6.605,0.472,0.469,0,0,0
55.6,monitoring,,0,0.0,0.0,1,6.198,1.245,,6.921,6.583,0.286,0.455,0,0,0
55.7,monitoring,,0,0.0,0.0,1,6.221,1.246,,6.943,6.561,0.286,0.441,0,0,0
55.8,monitoring,,0,0.0,0.0,1,6.243,1.247,,6.965,6.539,0.091,0.426,0,0,0
55.9,monitoring,,0,0.0,0.0,1,6.265,1.248,,6.987,6.517,0.09,0.416,0,0,0
56.0,monitoring,,0,0.0,0.0,1,6.288,1.25,,7.009,6.496,0.088,0.403,0,0,0
56.1,monitoring,,0,0.0,0.0,1,6.303,1.25,,7.031,6.474,0.087,0.39,0,0,0
56.2,monitoring,,0,0.0,0.0,1,6.325,1.251,,7.053,6.452,0.086,0.387,0,0,0
56.3,monitoring,,0,0.0,0.0,1,6.348,1.253,,7.075,6.43,0.084,0.378,0,0,0
56.4,monitoring,,0,0.0,0.0,1,6.37,1.254,,7.097,6.408,0.083,0.371,0,0,0
56.5,monitoring,,0,0.0,0.0,1,6.392,1.255,,7.119,6.386,0.082,0.363,0,0,0
56.6,monitoring,,0,0.0,0.0,1,6.415,1.256,,7.141,6.364,0.081,0.359,0,0,0
56.7,monitoring,,0,0.0,0.0,1,6.437,1.257,,7.163,6.342,0.079,0.357,0,0,0
56.8,monitoring,,0,0.0,0.0,1,6.46,1.258,,7.185,6.32,0.078,0.353,0,0,0
56.9,monitoring,,0,0.0,0.0,1,6.482,1.259,,7.207,6.298,0.077,0.351,0,0,0
57.0,monitoring,,0,0.0,0.0,1,6.505,1.26,,7.229,6.276,0.076,0.35,0,0,0
57.1,monitoring,,0,0.0,0.0,1,6.527,1.261,,7.25,6.254,0.074,0.349,0,0,0
57.2,monitoring,,0,0.0,0.0,1,6.549,1.263,,7.272,6.232,0.073,0.347,0,0,0
57.3,monitoring,,0,0.0,0.0,1,6.572,1.264,,7.294,6.21,0.072,0.346,0,0,0
57.4,monitoring,,0,0.0,0.0,1,6.594,1.265,,7.316,6.188,0.071,0.345,0,0,0
57.5,monitoring,,0,0.0,0.0,1,6.617,1.266,,7.338,6.166,0.069,0.343,0,0,0
57.6,monitoring,,0,0.0,0.0,1,6.639,1.267,,7.36,6.144,0.07,0.342,0,0,1
57.7,monitoring,,0,0.0,0.0,1,6.661,1.268,,7.382,6.122,0.07,0.341,0,0,1
57.8,monitoring,,0,0.0,0.0,1,6.676,1.269,,7.404,6.1,0.069,0.339,0,0,1
57.9,monitoring,,0,0.0,0.0,1,6.699,1.27,,7.426,6.078,0.07,0.338,0,0,1
58.0,monitoring,,0,0.0,0.0,1,6.721,1.271,,7.448,6.056,0.07,0.337,0,0,1
58.1,monitoring,,0,0.0,0.0,1,6.744,1.272,,7.47,6.034,0.07,0.335,0,0,1
58.2,monitoring,,0,0.0,0.0,1,6.766,1.273,,7.492,6.006,0.07,0.334,0,0,1
58.3,monitoring,,0,0.0,0.0,1,6.788,1.275,,7.514,5.984,0.07,0.333,0,0,1
58.4,monitoring,,0,0.0,0.0,1,6.811,1.276,,7.536,5.963,0.07,0.331,0,0,1
58.5,monitoring,,0,0.0,0.0,1,6.833,1.277,,7.558,5.941,0.07,0.33,0,0,1
58.6,monitoring,,0,0.0,0.0,1,6.856,1.278,,7.58,5.919,0.07,0.33,0,0,1
58.7,monitoring,,0,0.0,0.0,1,6.878,1.279,,7.602,5.897,0.07,0.332,0,0,1
58.8,monitoring,,0,0.0,0.0,1,6.9,1.28,,7.624,5.875,0.07,0.334,0,0,1
58.9,monitoring,,0,0.0,0.0,1,6.923,1.281,,7.646,5.853,0.07,0.338,0,0,1
59.0,monitoring,,0,0.0,0.0,1,6.945,1.282,,7.668,5.831,0.07,0.345,0,0,1
59.1,monitoring,,0,0.0,0.0,1,6.968,1.283,,7.69,5.809,0.07,0.352,0,0,1
59.2,monitoring,,0,0.0,0.0,1,6.99,1.285,,7.712,5.787,0.07,0.359,0,0,1
59.3,monitoring,,0,0.0,0.0,1,7.013,1.286,,7.734,5.765,0.069,0.368,0,0,1
59.4,monitoring,,0,0.0,0.0,1,7.035,1.287,,7.756,5.743,0.07,0.379,0,0,1
59.5,monitoring,,0,0.0,0.0,1,7.05,1.288,,7.778,5.721,0.07,0.391,0,0,1
59.6,monitoring,,0,0.0,0.0,1,7.072,1.289,,7.8,5.699,0.07,0.405,0,0,1
59.7,monitoring,,0,0.0,0.0,1,7.095,1.29,,7.822,5.677,0.071,0.414,0,0,1
59.8,monitoring,,0,0.0,0.0,1,7.117,1.291,,7.844,5.655,0.448,0.428,0,0,1
59.9,monitoring,,0,0.0,0.0,1,7.14,1.292,,7.866,5.633,0.899,0.444,0,0,1
60.0,monitoring,,0,0.0,0.0,1,7.162,1.293,,7.888,5.611,1.056,0.458,0,0,1
60.1,monitoring,,0,0.0,0.0,1,7.184,1.294,,7.91,5.589,2.12,0.472,0,0,1
60.2,monitoring,,0,0.0,0.0,1,7.207,1.295,,7.931,5.568,2.121,0.491,0,0,1
60.3,monitoring,,0,0.0,0.0,1,7.229,1.297,,7.953,5.546,2.123,0.509,0,0,1
60.4,monitoring,,0,0.0,0.0,1,7.238,1.297,,7.975,5.524,2.124,0.526,0,0,1
60.5,monitoring,,0,0.0,0.0,1,7.238,1.297,,7.983,5.516,2.125,0.528,0,0,1
60.6,monitoring,,0,0.0,0.0,1,7.238,1.297,,7.983,5.516,2.125,0.528,0,0,1
60.7,monitoring,,0,0.0,0.0,1,7.238,1.297,,7.983,5.516,2.125,0.528,0,0,1
60.8,monitoring,,0,0.0,0.0,1,7.238,1.297,,7.983,5.516,2.125,0.528,0,0,1
60.9,monitoring,,0,0.0,0.0,1,7.238,1.297,,7.983,5.516,2.125,0.528,0,0,1
61.0,monitoring,,0,0.0,0.0,1,7.249,1.298,,7.983,5.516,2.125,0.529,0,0,1
61.1,monitoring,,0,0.0,0.0,1,7.275,1.299,,7.995,5.504,2.125,0.539,0,0,1
61.2,monitoring,,0,0.0,0.0,1,7.296,1.3,,8.021,5.478,2.127,0.56,0,0,1
61.3,monitoring,,0,0.0,0.0,1,7.326,1.301,0.0,8.051,5.448,2.129,0.584,0,0,1
61.4,monitoring,,0,0.0,0.0,1,7.357,1.303,0.11,8.081,5.418,2.13,0.611,0,0,1
61.5,monitoring,,0,0.0,0.0,1,7.388,1.304,0.0,8.111,5.388,2.132,0.634,0,0,1
61.6,monitoring,,0,0.0,0.0,1,7.418,1.306,0.1,8.141,5.358,2.134,0.66,0,0,1
61.7,monitoring,,0,0.0,0.0,1,7.449,1.307,0.0,8.171,5.328,2.136,0.686,0,0,1
61.8,monitoring,,0,0.0,0.0,1,7.479,1.309,0.12,8.201,5.298,2.138,0.711,0,0,1
61.9,monitoring,,0,0.0,0.0,1,7.51,1.311,0.0,8.231,5.268,2.139,0.74,0,0,1
62.0,monitoring,,0,0.0,0.0,1,7.54,1.312,0.11,8.261,5.238,2.143,0.767,0,0,1
62.1,monitoring,,0,0.0,0.0,1,7.571,1.314,0.0,8.291,5.208,2.145,0.793,0,0,1
62.2,monitoring,,0,0.0,0.0,1,7.601,1.315,0.1,8.321,5.178,2.147,0.821,0,0,1
62.3,monitoring,,0,0.0,0.0,1,7.632,1.317,0.0,8.351,5.148,2.148,0.848,0,0,1
62.4,monitoring,,0,0.0,0.0,1,7.663,1.318,0.11,8.381,5.119,2.15,0.876,0,0,1
62.5,monitoring,,0,0.0,0.0,1,7.693,1.32,0.0,8.411,5.089,2.152,0.904,0,0,1
62.6,monitoring,,0,0.0,0.0,1,7.724,1.321,0.12,8.441,5.059,2.154,0.931,0,0,1
62.7,monitoring,,0,0.0,0.0,1,7.754,1.323,0.0,8.471,5.029,2.156,0.959,0,0,1
62.8,monitoring,,0,0.0,0.0,1,7.785,1.324,0.11,8.501,4.999,2.157,0.99,0,0,1
62.9,monitoring,,0,0.0,0.0,1,7.805,1.325,0.0,8.531,4.969,2.159,1.017,0,0,1
63.0,monitoring,,0,0.0,0.0,1,7.836,1.327,0.11,8.561,4.939,2.161,1.044,0,0,1
63.1,monitoring,,0,0.0,0.0,1,7.866,1.328,0.0,8.591,4.909,2.163,1.075,0,0,1
63.2,monitoring,,0,0.0,0.0,1,7.897,1.33,0.12,8.62,4.879,2.165,1.102,0,0,1
63.3,monitoring,,0,0.0,0.0,1,7.927,1.331,0.0,8.65,4.849,2.166,1.133,0,0,1
63.4,monitoring,,0,0.0,0.0,1,7.958,1.333,0.11,8.68,4.819,2.168,1.16,0,0,1
63.5,monitoring,,0,0.0,0.0,1,7.989,1.334,0.0,8.71,4.789,2.17,1.188,0,0,1
63.6,monitoring,,0,0.0,0.0,1,8.019,1.336,0.11,8.74,4.759,2.172,1.217,0,0,1
63.7,monitoring,,0,0.0,0.0,1,8.05,1.337,0.0,8.77,4.729,2.174,1.248,0,0,1
63.8,monitoring,,0,0.0,0.0,1,8.08,1.339,0.11,8.8,4.7,2.175,1.275,0,0,1
63.9,monitoring,,0,0.0,0.0,1,8.111,1.341,0.0,8.83,4.67,2.177,1.305,0,0,1
64.0,monitoring,,0,0.0,0.0,1,8.141,1.342,0.11,8.86,4.64,2.179,1.332,0,0,1
64.1,monitoring,,0,0.0,0.0,1,8.172,1.344,0.0,8.89,4.61,2.181,1.362,0,0,1
64.2,monitoring,,0,0.0,0.0,1,8.202,1.345,0.11,8.92,4.58,2.182,1.393,0,0,1
64.3,monitoring,,0,0.0,0.0,1,8.233,1.347,0.0,8.95,4.55,2.184,1.42,0,0,1
64.4,monitoring,,0,0.0,0.0,1,8.264,1.348,0.11,8.98,4.52,2.186,1.45,0,0,1
64.5,monitoring,,0,0.0,0.0,1,8.294,1.35,0.0,9.01,4.49,2.188,1.48,0,0,1
64.6,monitoring,,0,0.0,0.0,1,8.315,1.351,0.12,9.04,4.46,2.19,1.507,0,0,1
64.7,monitoring,,0,0.0,0.0,1,8.345,1.352,0.0,9.07,4.426,2.191,1.537,0,0,1
64.8,monitoring,,0,0.0,0.0,1,8.376,1.354,0.11,9.1,4.396,2.193,1.568,0,0,0
64.9,monitoring,,0,0.0,0.0,1,8.406,1.355,0.0,9.13,4.366,2.195,1.598,0,0,0
65.0,monitoring,,0,0.0,0.0,1,8.437,1.357,0.1,9.169,4.336,2.197,1.625,0,0,0
65.1,monitoring,,0,0.0,0.0,1,8.467,1.358,0.0,9.199,4.307,1.561,1.655,0,0,0
65.2,monitoring,,0,0.0,0.0,1,8.498,1.36,0.11,9.229,4.277,1.56,1.685,0,0,0
65.3,monitoring,,0,0.0,0.0,1,8.528,1.361,0.0,9.259,4.247,1.558,1.715,0,0,0
65.4,monitoring,,0,0.0,0.0,1,8.559,1.363,0.12,9.289,4.217,1.556,1.742,0,0,0
65.5,monitoring,,0,0.0,0.0,1,8.59,1.364,0.0,9.319,4.187,1.554,1.772,0,0,0
65.6,monitoring,,0,0.0,0.0,1,8.62,1.366,0.11,9.349,4.157,1.552,1.802,0,0,0
65.7,monitoring,,0,0.0,0.0,1,8.651,1.367,0.0,9.379,4.127,1.551,1.822,0,0,0
65.8,monitoring,,0,0.0,0.0,1,8.681,1.369,0.11,9.409,4.097,1.549,1.805,0,0,0
65.9,monitoring,,0,0.0,0.0,1,8.712,1.371,0.0,9.439,4.067,1.547,1.778,0,0,0
66.0,monitoring,,0,0.0,0.0,1,8.742,1.372,0.12,9.469,4.037,1.545,1.75,0,0,0
66.1,monitoring,,0,0.0,0.0,1,8.773,1.374,0.0,9.499,4.008,1.544,1.723,0,0,0
66.2,monitoring,,0,0.0,0.0,1,8.804,1.375,0.11,9.529,3.978,1.542,1.696,0,0,0
66.3,monitoring,,0,0.0,0.0,1,8.824,1.376,0.0,9.559,3.948,1.54,1.668,0,0,0
66.4,monitoring,,0,0.0,0.0,1,8.854,1.378,0.1,9.589,3.918,1.538,1.642,0,0,0
66.5,monitoring,,0,0.0,0.0,1,8.885,1.379,0.0,9.619,3.888,1.536,1.614,0,0,0
66.6,monitoring,,0,0.0,0.0,1,8.916,1.381,0.11,9.649,3.858,1.535,1.588,0,0,0
66.7,monitoring,,0,0.0,0.0,1,8.946,1.382,0.0,9.679,3.828,1.533,1.561,0,0,0
66.8,monitoring,,0,0.0,0.0,1,8.977,1.384,0.12,9.709,3.798,1.531,1.534,0,0,0
66.9,monitoring,,0,0.0,0.0,1,9.007,1.385,0.0,9.739,3.768,1.529,1.507,0,0,0
67.0,monitoring,,0,0.0,0.0,1,9.038,1.387,0.11,9.769,3.738,1.527,1.482,0,0,0
67.1,monitoring,,0,0.0,0.0,1,9.068,1.388,0.0,9.799,3.708,1.526,1.455,0,0,0
67.2,monitoring,,0,0.0,0.0,1,9.099,1.39,0.11,9.829,3.679,1.524,1.43,0,0,0
67.3,monitoring,,0,0.0,0.0,1,9.13,1.391,0.0,9.859,3.649,1.522,1.403,0,0,0
67.4,monitoring,,0,0.0,0.0,1,9.16,1.393,0.13,9.889,3.619,1.52,1.377,0,0,0
67.5,monitoring,,0,0.0,0.0,1,9.191,1.394,0.0,9.919,3.589,1.519,1.352,0,0,0
67.6,monitoring,,0,0.0,0.0,1,9.221,1.396,0.11,9.949,3.559,1.517,1.326,0,0,0
67.7,monitoring,,0,0.0,0.0,1,9.252,1.397,0.0,9.978,3.529,1.515,1.301,0,0,0
67.8,monitoring,,0,0.0,0.0,1,9.282,1.399,0.11,10.008,3.496,1.513,1.276,0,0,0
67.9,monitoring,,0,0.0,0.0,1,9.313,1.401,0.0,10.038,3.466,1.511,1.25,0,0,0
68.0,monitoring,,0,0.0,0.0,1,9.333,1.402,0.11,10.068,3.436,1.51,1.225,0,0,0
68.1,monitoring,,0,0.0,0.0,1,9.364,1.403,0.0,10.098,3.406,1.508,1.201,0,0,0
68.2,monitoring,,0,0.0,0.0,1,9.394,1.405,0.12,10.128,3.377,1.506,1.177,0,0,0
68.3,monitoring,,0,0.0,0.0,1,9.425,1.406,0.0,10.158,3.347,1.504,1.152,0,0,0
68.4,monitoring,,0,0.0,0.0,1,9.455,1.408,0.11,10.188,3.317,1.502,1.129,0,0,0
68.5,monitoring,,0,0.0,0.0,1,9.485,1.409,0.0,10.218,3.288,1.501,1.105,0,0,0
68.6,monitoring,,0,0.0,0.0,1,9.514,1.411,0.11,10.247,3.259,1.499,1.083,0,0,0
68.7,monitoring,,0,0.0,0.0,1,9.544,1.412,0.0,10.276,3.23,1.497,1.06,0,0,0
68.801,monitoring,,0,0.0,0.0,1,9.573,1.414,0.12,10.305,3.201,1.496,1.038,0,0,0
68.9,monitoring,,0,0.0,0.0,1,9.602,1.415,0.0,10.333,3.172,1.494,1.017,0,0,0
69.0,monitoring,,0,0.0,0.0,1,9.624,1.416,0.1,10.362,3.144,1.492,0.996,0,0,0
69.1,monitoring,,0,0.0,0.0,1,9.624,1.416,0.21,10.384,3.121,1.491,0.979,0,0,0
69.2,monitoring,,0,0.0,0.0,1,9.624,1.416,0.32,2.57,3.125,1.498,0.978,0,0,0
69.3,monitoring,,0,0.0,0.0,1,9.624,1.416,0.42,2.578,3.121,1.495,0.977,0,0,0
69.4,monitoring,,0,0.0,0.0,1,9.624,1.416,0.0,2.581,3.117,1.489,0.976,0,0,0
69.5,monitoring,,0,0.0,0.0,1,9.627,1.416,0.12,2.578,3.119,1.486,0.975,0,0,0
69.6,monitoring,,0,0.0,0.0,1,9.644,1.413,0.24,2.58,3.119,1.486,0.972,0,0,0
69.7,monitoring,,0,0.0,0.0,1,9.662,1.41,0.34,2.597,3.102,1.489,0.957,0,0,0
69.8,monitoring,,0,0.0,0.0,1,9.688,1.406,0.0,2.623,3.075,1.492,0.935,0,0,0
69.9,monitoring,,0,0.0,0.0,1,9.712,1.402,0.11,2.648,3.051,1.495,0.914,0,0,0
70.0,monitoring,,0,0.0,0.0,1,9.734,1.398,0.21,2.671,3.028,1.499,0.895,0,0,0
70.1,monitoring,,0,0.0,0.0,0,9.756,1.395,0.0,2.693,3.006,1.502,0.877,0,0,0
70.2,monitoring,,0,0.0,0.0,1,9.778,1.391,0.12,2.715,2.984,1.504,0.859,0,0,0
70.3,monitoring,,0,0.0,0.0,1,9.801,1.388,0.24,2.736,2.962,1.507,0.842,0,0,0
70.4,monitoring,,0,0.0,0.0,1,9.803,1.387,0.34,2.758,2.941,1.51,0.824,0,0,0
70.5,monitoring,,0,0.0,0.0,1,9.803,1.387,0.45,2.762,2.948,1.512,0.823,0,0,0
70.6,monitoring,,0,0.0,0.0,1,9.803,1.387,0.55,2.778,2.965,1.517,0.821,0,0,0
70.7,monitoring,,0,0.0,0.0,1,9.803,1.387,0.0,2.8,2.988,1.526,0.82,0,0,0
70.8,monitoring,,0,0.0,0.0,1,9.803,1.387,0.11,2.829,3.017,2.09,0.819,0,0,0
70.9,monitoring,,0,0.0,0.0,1,9.806,1.386,0.23,2.864,3.054,1.802,0.818,0,0,0
71.0,monitoring,,0,0.0,0.0,1,9.822,1.38,0.35,2.897,0.602,1.742,0.814,0,0,0
71.1,monitoring,,0,0.0,0.0,1,9.842,1.371,0.46,2.915,0.571,1.749,0.798,0,0,0
71.2,monitoring,,0,0.0,0.0,1,9.863,1.362,0.0,2.936,0.561,1.745,0.778,0,0,0
71.3,monitoring,,0,0.0,0.0,1,9.884,1.354,0.1,2.958,0.53,1.741,0.759,0,0,0
71.4,monitoring,,0,0.0,0.0,1,9.892,1.35,0.21,2.979,0.501,1.75,0.739,0,0,0
71.5,monitoring,,0,0.0,0.0,1,9.892,1.35,0.32,3.007,0.469,1.744,0.728,0,0,0
71.6,monitoring,,0,0.0,0.0,1,9.892,1.35,0.44,3.058,0.439,1.749,0.727,0,0,0
71.7,monitoring,,0,0.0,0.0,1,9.892,1.35,0.56,3.117,0.43,1.757,0.726,0,0,0
71.8,monitoring,,0,0.0,0.0,1,9.892,1.35,0.0,3.185,0.429,1.751,0.725,0,0,0
71.9,monitoring,,0,0.0,0.0,1,9.892,1.35,0.11,3.263,0.434,1.741,0.724,0,0,0
72.0,monitoring,,0,0.0,0.0,1,9.898,1.346,0.21,11.314,0.442,1.778,0.722,0,0,0
72.1,monitoring,,0,0.0,0.0,1,9.915,1.334,0.32,11.324,0.431,1.785,0.712,0,0,0
72.2,monitoring,,0,0.0,0.0,1,9.916,1.332,0.43,11.345,0.41,1.798,0.692,0,0,0
72.3,monitoring,,0,0.0,0.0,1,9.916,1.332,0.55,10.748,0.416,1.842,0.69,0,0,0
72.4,monitoring,,0,0.0,0.0,1,9.916,1.332,0.0,10.142,0.422,1.922,0.688,0,0,0
72.5,monitoring,,0,0.0,0.0,1,9.916,1.332,0.11,3.966,0.427,1.989,0.687,0,0,0
72.6,monitoring,,0,0.0,0.0,1,9.916,1.332,0.22,3.788,0.43,2.065,0.686,0,0,0
72.7,monitoring,,0,0.0,0.0,1,9.916,1.332,0.33,2.053,0.432,2.187,0.685,0,0,0
72.8,monitoring,,0,0.0,0.0,1,9.916,1.332,0.0,1.982,0.433,2.289,0.683,0,0,0
72.9,monitoring,,0,0.0,0.0,1,9.916,1.332,0.11,1.919,0.432,2.405,0.682,0,0,0
73.0,monitoring,,0,0.0,0.0,1,9.916,1.332,0.22,1.863,0.429,2.592,0.681,0,0,0
73.1,monitoring,,0,0.0,0.0,1,9.916,1.332,0.34,1.796,0.423,2.753,0.679,0,0,0
73.2,monitoring,,0,0.0,0.0,1,9.916,1.332,0.0,1.755,0.417,2.94,0.678,0,0,0
73.3,monitoring,,0,0.0,0.0,1,9.916,1.332,0.11,1.72,0.41,3.107,0.676,0,0,0
73.4,monitoring,,0,0.0,0.0,1,9.916,1.332,0.22,1.69,0.401,3.015,0.675,0,0,0
73.5,monitoring,,0,0.0,0.0,1,9.916,1.332,0.32,1.664,0.391,2.959,0.674,0,0,0
73.6,monitoring,,0,0.0,0.0,1,9.916,1.332,0.0,1.643,0.379,2.911,0.672,0,0,0
73.7,monitoring,,0,0.0,0.0,1,9.916,1.332,0.12,1.626,0.371,2.87,0.671,0,0,0
73.8,monitoring,,0,0.0,0.0,1,9.918,1.326,0.24,1.611,0.369,2.84,0.669,0,0,0
73.9,monitoring,,0,0.0,0.0,1,9.923,1.306,0.34,1.623,0.358,2.837,0.66,0,0,0
74.0,monitoring,,0,0.0,0.0,1,9.928,1.284,0.45,1.644,0.336,2.831,0.641,0,0,0
74.1,monitoring,,0,0.0,0.0,1,9.933,1.262,0.0,1.665,0.314,2.824,0.621,0,0,0
74.2,monitoring,,0,0.0,0.0,1,9.935,1.255,0.1,1.686,0.293,2.818,0.601,0,0,0
74.3,monitoring,,0,0.0,0.0,1,9.935,1.255,0.0,1.723,0.291,2.876,0.593,0,0,0
74.4,monitoring,,0,0.0,0.0,1,9.935,1.255,0.12,1.792,0.322,3.046,0.596,0,0,0
74.5,monitoring,,0,0.0,0.0,1,9.935,1.255,0.0,1.896,0.339,2.922,0.599,0,0,0
74.6,monitoring,,0,0.0,0.0,1,9.935,1.255,0.11,1.991,0.349,2.62,0.601,0,0,0
74.7,monitoring,,0,0.0,0.0,1,9.935,1.255,0.21,2.087,0.353,2.384,0.603,0,0,0
74.8,monitoring,,0,0.0,0.0,1,9.935,1.255,0.0,3.786,0.354,2.259,0.605,0,0,0
74.9,monitoring,,0,0.0,0.0,1,9.935,1.255,0.1,3.953,0.353,2.136,0.606,0,0,0
75.0,monitoring,,0,0.0,0.0,1,9.935,1.255,0.21,7.664,0.35,2.063,0.607,0,0,0
75.1,monitoring,,0,0.0,0.0,1,9.935,1.255,0.32,10.403,0.347,1.998,0.609,0,0,0
75.2,monitoring,,0,0.0,0.0,1,9.935,1.255,0.0,11.006,0.342,1.94,0.61,0,0,0
75.3,monitoring,,0,0.0,0.0,1,9.935,1.255,0.11,3.381,0.336,1.888,0.612,0,0,0
75.4,monitoring,,0,0.0,0.0,1,9.935,1.255,0.21,3.3,0.329,1.825,0.613,0,0,0
75.5,monitoring,,0,0.0,0.0,1,9.935,1.255,0.32,3.229,0.319,1.802,0.615,0,0,0
75.6,monitoring,,0,0.0,0.0,1,9.935,1.255,0.0,3.167,0.313,1.804,0.616,0,0,0
75.7,monitoring,,0,0.0,0.0,1,9.935,1.255,0.11,3.112,0.312,1.804,0.618,0,0,0
75.8,monitoring,,0,0.0,0.0,1,9.935,1.255,0.22,3.065,0.316,1.807,0.62,0,0,0
75.9,monitoring,,0,0.0,0.0,1,9.935,1.255,,3.025,0.333,1.803,0.622,0,0,0
76.0,monitoring,,0,0.0,0.0,1,9.935,1.255,,2.991,0.375,1.789,0.623,0,0,0
76.1,monitoring,,0,0.0,0.0,0,9.935,1.255,,2.964,2.804,2.029,0.625,0,0,0
76.2,monitoring,,0,0.0,0.0,0,9.935,1.255,,2.942,2.787,2.136,0.627,0,0,0
76.3,monitoring,,0,0.0,0.0,0,9.935,1.255,,2.929,2.778,1.626,0.629,0,0,0
76.4,monitoring,,0,0.0,0.0,0,9.935,1.255,,2.929,2.778,1.626,0.629,0,0,0
76.5,monitoring,,0,0.0,0.0,0,9.935,1.255,,2.929,2.778,1.626,0.629,0,0,0
76.6,monitoring,,0,0.0,0.0,0,9.935,1.255,,2.929,2.778,1.626,0.629,0,0,0
76.701,monitoring,,0,0.0,0.0,0,9.935,1.255,,2.929,2.778,1.626,0.629,0,0,0
76.8,monitoring,,0,0.0,0.0,0,9.935,1.255,,2.929,2.778,1.626,0.629,0,0,0
76.9,monitoring,,0,0.0,0.0,0,9.935,1.255,,2.929,2.778,1.626,0.629,0,0,0
77.0,monitoring,,0,0.0,0.0,0,9.935,1.255,,2.929,2.778,1.626,0.629,0,0,0
77.1,monitoring,,0,0.0,0.0,0,9.935,1.255,,2.929,2.778,1.626,0.629,0,0,0
77.2,monitoring,,0,0.0,0.0,0,9.935,1.255,,2.929,2.778,1.626,0.629,0,0,0
77.3,monitoring,,0,0.0,0.0,0,9.935,1.255,0.0,2.929,2.778,1.626,0.629,0,0,0
77.4,monitoring,,0,0.0,0.0,1,9.935,1.255,0.12,2.929,2.778,1.626,0.629,0,0,0
77.5,monitoring,,0,0.0,0.0,1,9.935,1.255,0.0,2.937,2.77,1.627,0.63,0,0,0
77.6,monitoring,,0,0.0,0.0,1,9.935,1.255,0.11,10.717,2.779,1.638,0.633,0,0,0
77.7,monitoring,,0,0.0,0.0,1,9.935,1.255,0.0,3.055,2.777,1.624,0.636,0,0,0
77.8,monitoring,,0,0.0,0.0,1,9.935,1.255,0.11,2.969,2.793,1.626,0.637,0,0,0
77.9,monitoring,,0,0.0,0.0,1,9.935,1.255,0.21,2.972,2.817,0.353,0.639,0,0,0
78.0,monitoring,,0,0.0,0.0,1,9.935,1.255,0.0,2.976,2.845,0.336,0.641,0,0,0
78.1,monitoring,,0,0.0,0.0,1,9.935,1.255,0.12,3.008,2.892,0.333,0.642,0,0,0
78.2,monitoring,,0,0.0,0.0,1,9.935,1.255,0.23,3.046,2.932,0.336,0.644,0,0,0
78.3,monitoring,,0,0.0,0.0,1,9.935,1.255,0.34,3.09,2.979,0.344,0.645,0,0,0
78.4,monitoring,,0,0.0,0.0,1,9.935,1.255,0.0,3.143,3.033,0.355,0.647,0,0,0
78.5,monitoring,,0,0.0,0.0,1,9.935,1.255,0.11,3.203,3.095,0.365,0.649,0,0,0
78.6,monitoring,,0,0.0,0.0,1,9.935,1.255,0.21,3.271,3.048,0.374,0.651,0,0,0
78.7,monitoring,,0,0.0,0.0,1,9.935,1.255,0.33,3.349,2.798,0.381,0.652,0,0,0
78.8,monitoring,,0,0.0,0.0,1,9.935,1.255,0.0,3.437,2.646,0.389,0.654,0,0,0
78.9,monitoring,,0,0.0,0.0,1,9.935,1.255,0.11,3.328,2.512,0.393,0.656,0,0,0
79.0,monitoring,,0,0.0,0.0,1,9.935,1.255,0.22,3.173,2.352,0.397,0.658,0,0,0
79.1,monitoring,,0,0.0,0.0,1,9.935,1.255,0.33,3.037,2.254,0.399,0.659,0,0,0
79.2,monitoring,,0,0.0,0.0,1,9.935,1.255,0.0,2.871,2.166,0.399,0.661,0,0,0
79.3,monitoring,,0,0.0,0.0,1,9.935,1.255,0.11,2.769,2.06,0.4,0.663,0,0,0
79.4,monitoring,,0,0.0,0.0,1,9.935,1.255,0.22,2.679,1.994,0.398,0.664,0,0,0
79.5,monitoring,,0,0.0,0.0,1,9.935,1.255,0.34,2.598,1.936,0.394,0.666,0,0,0
79.6,monitoring,,0,0.0,0.0,1,9.935,1.255,0.0,2.526,1.884,0.39,0.668,0,0,0
79.7,monitoring,,0,0.0,0.0,1,9.936,1.257,0.11,2.463,1.82,0.384,0.669,0,0,0
79.8,monitoring,,0,0.0,0.0,1,9.945,1.271,0.22,2.418,1.801,0.381,0.671,0,0,0
79.9,monitoring,,0,0.0,0.0,1,9.955,1.287,0.32,2.458,1.785,0.382,0.676,0,0,0
80.0,monitoring,,0,0.0,0.0,1,9.972,1.313,0.0,2.485,1.759,0.383,0.685,0,0,0
80.1,monitoring,,0,0.0,0.0,1,9.988,1.339,0.11,2.514,1.731,0.389,0.694,0,0,0
80.2,monitoring,,0,0.0,0.0,1,10.004,1.365,0.0,2.542,1.703,0.403,0.705,0,0,0
80.3,monitoring,,0,0.0,0.0,1,10.021,1.391,0.11,2.571,1.675,0.426,0.716,0,0,0
80.4,monitoring,,0,0.0,0.0,1,10.037,1.416,0.0,2.599,1.648,0.46,0.729,0,0,0
80.5,monitoring,,0,0.0,0.0,1,10.054,1.442,0.11,2.628,1.616,0.548,0.742,0,0,0
80.6,monitoring,,0,0.0,0.0,1,10.07,1.468,0.0,2.656,1.589,3.098,0.756,0,0,0
80.7,monitoring,,0,0.0,0.0,1,10.086,1.494,0.11,2.685,1.561,3.081,0.771,0,0,0
80.8,monitoring,,0,0.0,0.0,1,10.103,1.52,0.0,2.713,1.533,3.063,0.787,0,0,0
80.9,monitoring,,0,0.0,0.0,1,10.119,1.546,0.12,2.742,1.506,3.014,0.803,0,0,0
81.0,monitoring,,0,0.0,0.0,1,10.135,1.572,0.0,2.77,1.478,2.997,0.82,0,0,0
81.1,monitoring,,0,0.0,0.0,1,10.152,1.597,0.11,2.799,1.435,2.979,0.837,0,0,0
81.2,monitoring,,0,0.0,0.0,1,10.168,1.623,0.0,2.827,1.408,2.961,0.855,0,0,0
81.3,monitoring,,0,0.0,0.0,1,10.184,1.649,0.1,2.856,1.38,2.944,0.874,0,0,0
81.4,monitoring,,0,0.0,0.0,1,10.201,1.675,0.0,2.913,1.353,2.926,0.893,0,0,0
81.5,monitoring,,0,0.0,0.0,1,10.217,1.701,0.11,2.941,1.325,2.908,0.913,0,0,0
81.6,monitoring,,0,0.0,0.0,1,10.228,1.718,0.0,2.97,1.285,2.891,0.933,0,0,0
81.7,monitoring,,0,0.0,0.0,1,10.244,1.744,0.11,2.999,1.257,2.873,0.953,0,0,0
81.8,monitoring,,0,0.0,0.0,1,10.261,1.77,0.0,3.028,1.23,2.855,0.974,0,0,0
81.9,monitoring,,0,0.0,0.0,1,10.277,1.796,0.11,3.056,1.203,2.837,0.995,0,0,0
82.0,monitoring,,0,0.0,0.0,1,10.294,1.821,0.0,3.085,1.164,2.82,1.017,0,0,0
82.1,monitoring,,0,0.0,0.0,1,10.31,1.847,0.11,3.114,1.137,1.842,1.039,0,0,0
82.2,monitoring,,0,0.0,0.0,1,10.326,1.873,0.0,3.143,1.11,1.801,1.062,0,0,0
82.3,monitoring,,0,0.0,0.0,1,10.342,1.899,0.12,3.172,1.072,1.76,1.084,0,0,0
82.4,monitoring,,0,0.0,0.0,1,10.358,1.923,0.0,3.2,1.045,1.72,1.107,0,0,0
82.5,monitoring,,0,0.0,0.0,1,10.372,1.945,0.11,3.226,1.021,1.682,1.128,0,0,0
82.6,monitoring,,0,0.0,0.0,1,10.385,1.966,0.0,3.251,0.998,1.608,1.149,0,0,0
82.7,monitoring,,0,0.0,0.0,1,10.397,1.985,0.1,3.273,0.967,1.576,1.167,0,0,0
82.8,monitoring,,0,0.0,0.0,1,10.409,2.004,,3.295,0.947,1.546,1.185,0,0,0
82.9,monitoring,,0,0.0,0.0,1,10.421,2.023,,3.316,0.927,1.517,1.184,0,0,0
83.0,monitoring,,0,0.0,0.0,1,10.433,2.042,,3.337,0.898,1.487,1.17,0,0,0
83.1,monitoring,,0,0.0,0.0,1,10.445,2.061,,3.358,0.879,1.423,1.146,0,0,0
83.2,monitoring,,0,0.0,0.0,1,10.457,2.08,,3.379,0.86,1.394,1.127,0,0,0
83.3,monitoring,,0,0.0,0.0,1,10.465,2.093,,3.4,0.831,1.366,1.107,0,0,0
83.4,monitoring,,0,0.0,0.0,1,10.471,2.101,,3.421,0.812,1.337,1.083,0,0,0
83.5,monitoring,,0,0.0,0.0,1,10.471,2.101,,3.378,0.799,1.382,1.079,0,0,0
83.6,monitoring,,0,0.0,0.0,1,10.471,2.101,,3.307,0.811,1.517,1.081,0,0,0
83.7,monitoring,,0,0.0,0.0,1,10.471,2.101,,3.244,0.821,1.683,1.083,0,0,0
83.8,monitoring,,0,0.0,0.0,1,10.471,2.101,,3.19,0.826,1.827,1.082,0,0,0
83.9,monitoring,,0,0.0,0.0,1,10.471,2.101,,3.143,0.831,2.38,1.083,0,0,0
84.0,monitoring,,0,0.0,0.0,1,10.471,2.101,,3.103,0.835,2.352,1.086,0,0,0
84.1,monitoring,,0,0.0,0.0,0,10.471,2.101,,3.07,0.838,2.33,1.089,0,0,0
84.2,monitoring,,0,0.0,0.0,0,10.471,2.101,,1.053,0.835,2.312,1.086,0,0,0
84.3,monitoring,,0,0.0,0.0,0,10.471,2.101,,1.021,0.834,2.299,1.089,0,0,0
84.4,monitoring,,0,0.0,0.0,0,10.471,2.101,,1.015,0.832,2.295,1.089,0,0,0
84.5,monitoring,,0,0.0,0.0,0,10.471,2.101,,1.015,0.832,2.295,1.089,0,0,0
84.6,monitoring,,0,0.0,0.0,0,10.471,2.101,,1.015,0.832,2.295,1.089,0,0,0
84.7,monitoring,,0,0.0,0.0,0,10.471,2.101,,1.015,0.832,2.295,1.089,0,0,0
84.8,monitoring,,0,0.0,0.0,0,10.471,2.101,,1.015,0.832,2.295,1.089,0,0,0
84.9,monitoring,,0,0.0,0.0,0,10.471,2.101,,1.015,0.832,2.295,1.089,0,0,0
85.0,monitoring,,0,0.0,0.0,0,10.471,2.101,,1.015,0.832,2.295,1.089,0,0,0
85.1,monitoring,,0,0.0,0.0,0,10.471,2.101,,1.015,0.832,2.295,1.089,0,0,0
85.2,monitoring,,0,0.0,0.0,0,10.471,2.101,,1.015,0.832,2.295,1.089,0,0,0
85.3,monitoring,,0,0.0,0.0,0,10.471,2.101,,1.015,0.832,2.295,1.089,0,0,0
85.4,monitoring,,0,0.0,0.0,1,10.471,2.101,,1.015,0.832,2.295,1.089,0,0,0
85.5,monitoring,,0,0.0,0.0,1,10.471,2.104,,1.014,0.831,2.293,1.091,0,0,0
85.6,monitoring,,0,0.0,0.0,1,10.473,2.12,,1.023,0.82,2.287,1.087,0,0,0
85.7,monitoring,,0,0.0,0.0,1,10.475,2.14,,1.041,0.801,2.285,1.068,0,0,0
85.8,monitoring,,0,0.0,0.0,1,10.477,2.16,,1.061,0.781,2.282,1.048,0,0,0
85.9,monitoring,,0,0.0,0.0,1,10.48,2.181,,1.081,0.762,2.28,1.032,0,0,0
86.0,monitoring,,0,0.0,0.0,1,10.482,2.201,,1.101,0.742,2.278,1.011,0,0,0
86.1,monitoring,,0,0.0,0.0,1,10.484,2.221,,1.121,0.722,2.275,0.99,0,0,0
86.2,monitoring,,0,0.0,0.0,1,10.487,2.241,,1.141,0.701,2.273,0.969,0,0,0
86.3,monitoring,,0,0.0,0.0,1,10.489,2.262,,1.161,0.683,2.271,0.953,0,0,0
86.4,monitoring,,0,0.0,0.0,1,10.491,2.282,,1.181,0.662,2.269,0.932,0,0,0
86.5,monitoring,,0,0.0,0.0,1,10.494,2.302,,1.201,0.642,2.266,0.911,0,0,0
86.6,monitoring,,0,0.0,0.0,1,10.496,2.323,,1.221,0.623,2.264,0.893,0,0,0
86.7,monitoring,,0,0.0,0.0,1,10.497,2.331,,1.241,0.602,2.262,0.874,0,0,0
86.8,monitoring,,0,0.0,0.0,1,10.497,2.331,,1.255,0.588,2.26,0.862,0,0,0
86.9,monitoring,,0,0.0,0.0,1,10.497,2.331,,1.261,0.582,2.26,0.865,0,0,0
87.0,monitoring,,0,0.0,0.0,1,10.497,2.331,,1.261,0.582,2.26,0.865,0,0,0
87.1,monitoring,,0,0.0,0.0,1,10.497,2.337,,1.261,0.78,2.26,1.03,0,0,0
87.2,monitoring,,0,0.0,0.0,1,10.497,2.326,,1.271,0.572,2.26,0.854,0,0,0
87.3,monitoring,,0,0.0,0.0,1,10.495,2.301,,1.263,0.58,2.26,0.863,0,0,0
87.4,monitoring,,0,0.0,0.0,1,10.494,2.275,,1.238,0.604,2.262,0.885,0,0,0
87.5,monitoring,,0,0.0,0.0,1,10.493,2.25,,1.213,0.63,2.263,0.911,0,0,0
87.6,monitoring,,0,0.0,0.0,1,10.492,2.224,,1.188,0.654,2.265,0.933,0,0,0
87.7,monitoring,,0,0.0,0.0,1,10.49,2.199,,1.163,0.68,2.266,0.959,0,0,0
87.8,monitoring,,0,0.0,0.0,1,10.489,2.174,,1.138,0.704,2.268,0.981,0,0,0
87.9,monitoring,,0,0.0,0.0,1,10.488,2.148,,1.114,0.729,2.269,1.007,0,0,0
88.0,monitoring,,0,0.0,0.0,1,10.486,2.123,,1.089,0.755,2.271,1.033,0,0,0
88.1,monitoring,,0,0.0,0.0,1,10.485,2.097,,1.064,0.779,2.272,1.055,0,0,0
88.2,monitoring,,0,0.0,0.0,1,10.484,2.072,,1.039,0.804,2.274,1.081,0,0,0
88.3,monitoring,,0,0.0,0.0,1,10.482,2.046,,1.013,0.83,2.275,1.107,0,0,0
88.4,monitoring,,0,0.0,0.0,1,10.482,2.029,,0.988,0.854,2.277,1.128,0,0,0
88.5,monitoring,,0,0.0,0.0,1,10.481,2.011,,0.964,0.878,2.278,1.153,0,0,0
88.6,monitoring,,0,0.0,0.0,1,10.48,2.008,,0.951,0.892,2.279,1.167,0,0,0
88.7,monitoring,,0,0.0,0.0,1,10.481,2.02,,0.952,0.89,2.279,1.165,0,0,0
88.8,monitoring,,0,0.0,0.0,1,10.482,2.041,,0.969,0.874,2.278,1.148,0,0,0
88.9,monitoring,,0,0.0,0.0,1,10.483,2.061,,0.989,0.853,2.277,1.127,0,0,0
89.0,monitoring,,0,0.0,0.0,1,10.484,2.082,,1.009,0.834,2.276,1.111,0,0,0
89.1,monitoring,,0,0.0,0.0,1,10.485,2.102,,1.029,0.814,2.274,1.091,0,0,0
89.2,monitoring,,0,0.0,0.0,1,10.486,2.122,,1.049,0.794,2.273,1.07,0,0,0
89.3,monitoring,,0,0.0,0.0,1,10.487,2.143,,1.069,0.773,2.272,1.049,0,0,0
89.4,monitoring,,0,0.0,0.0,1,10.488,2.163,,1.089,0.754,2.271,1.033,0,0,0
89.5,monitoring,,0,0.0,0.0,1,10.489,2.183,,1.109,0.734,2.27,1.012,0,0,0
89.6,monitoring,,0,0.0,0.0,1,10.49,2.204,,1.129,0.714,2.268,0.991,0,0,0
89.7,monitoring,,0,0.0,0.0,1,10.491,2.224,,1.149,0.695,2.267,0.974,0,0,0
89.8,monitoring,,0,0.0,0.0,1,10.493,2.245,,1.168,0.674,2.266,0.954,0,0,0
89.9,monitoring,,0,0.0,0.0,1,10.494,2.265,,1.188,0.654,2.265,0.933,0,0,0
90.0,monitoring,,0,0.0,0.0,1,10.495,2.285,,1.208,0.635,2.263,0.916,0,0,0
90.1,monitoring,,0,0.0,0.0,1,10.495,2.299,,1.228,0.614,2.262,0.895,0,0,0
90.2,monitoring,,0,0.0,0.0,1,10.496,2.319,,1.249,0.594,2.261,0.874,0,0,0
90.3,monitoring,,0,0.0,0.0,1,10.497,2.34,,1.269,0.575,2.26,0.857,0,0,0
90.4,monitoring,,0,0.0,0.0,1,10.498,2.36,,1.289,0.554,2.259,0.836,0,0,0
90.5,monitoring,,0,0.0,0.0,1,10.499,2.368,,1.309,0.535,2.257,0.819,0,0,0
90.6,monitoring,,0,0.0,0.0,1,10.499,2.368,,1.316,0.523,2.26,0.813,0,0,0
90.7,monitoring,,0,0.0,0.0,1,10.499,2.368,,1.316,5.212,2.263,0.815,0,0,0
90.8,monitoring,,0,0.0,0.0,1,10.499,2.368,,1.316,5.212,2.263,0.815,0,0,0
90.9,monitoring,,0,0.0,0.0,1,10.499,2.375,,1.316,5.212,2.263,0.965,0,0,0
91.0,monitoring,,0,0.0,0.0,1,10.498,2.395,,1.326,5.203,2.264,0.961,0,0,0
91.1,monitoring,,0,0.0,0.0,1,10.497,2.417,,1.347,5.182,2.264,0.948,0,0,0
91.2,monitoring,,0,0.0,0.0,1,10.497,2.44,,1.369,5.16,2.264,0.927,0,0,0
91.3,monitoring,,0,0.0,0.0,1,10.496,2.462,,1.391,5.138,2.264,0.912,0,0,0
91.4,monitoring,,0,0.0,0.0,1,10.495,2.485,,1.413,5.116,2.265,0.889,0,0,0
91.5,monitoring,,0,0.0,0.0,1,10.495,2.507,,1.435,5.094,2.265,0.873,0,0,0
91.6,monitoring,,0,0.0,0.0,1,10.494,2.529,,1.457,5.072,2.265,0.863,0,0,0
91.7,monitoring,,0,0.0,0.0,1,10.493,2.552,,1.479,5.05,2.265,0.832,0,0,0
91.8,monitoring,,0,0.0,0.0,1,10.493,2.574,,1.501,5.028,2.265,0.828,0,0,0
91.9,monitoring,,0,0.0,0.0,1,10.492,2.589,,1.523,5.006,2.266,0.802,0,0,0
92.0,monitoring,,0,0.0,0.0,1,10.492,2.612,,1.545,4.984,2.266,0.775,0,0,0
92.1,monitoring,,0,0.0,0.0,1,10.491,2.634,,1.567,4.962,2.266,0.749,0,0,0
92.2,monitoring,,0,0.0,0.0,1,10.49,2.657,,1.589,4.94,2.266,0.726,0,0,0
92.3,monitoring,,0,0.0,0.0,1,10.49,2.679,,1.611,4.918,2.267,0.727,0,0,0
92.4,monitoring,,0,0.0,0.0,1,10.489,2.701,,1.633,4.896,2.267,0.705,0,0,0
92.5,monitoring,,0,0.0,0.0,1,10.488,2.724,,1.655,4.874,2.267,0.685,0,0,0
92.6,monitoring,,0,0.0,0.0,1,10.487,2.746,,1.677,4.852,2.267,0.667,0,0,0
92.7,monitoring,,0,0.0,0.0,1,10.487,2.769,,1.699,4.83,2.268,0.633,0,0,0
92.8,monitoring,,0,0.0,0.0,1,10.486,2.791,,1.721,4.808,2.268,0.618,0,0,0
92.9,monitoring,,0,0.0,0.0,1,10.485,2.814,,1.743,4.786,2.268,0.591,0,0,0
93.0,monitoring,,0,0.0,0.0,1,10.485,2.836,,1.765,4.764,2.268,0.567,0,0,0
93.1,monitoring,,0,0.0,0.0,1,10.484,2.858,,1.787,4.742,2.269,0.556,0,0,0
93.2,monitoring,,0,0.0,0.0,1,10.483,2.881,,1.809,4.72,0.968,0.536,0,0,0
93.3,monitoring,,0,0.0,0.0,1,10.483,2.903,,1.831,4.698,0.328,0.51,0,0,0
93.4,monitoring,,0,0.0,0.0,1,10.482,2.926,,1.853,4.676,0.343,0.495,0,0,0
93.5,monitoring,,0,0.0,0.0,1,10.482,2.941,,1.875,4.654,0.334,0.475,0,0,0
93.6,monitoring,,0,0.0,0.0,1,10.481,2.963,,1.897,4.632,0.353,0.457,0,0,0
93.7,monitoring,,0,0.0,0.0,1,10.48,2.986,,1.919,4.61,0.342,0.442,0,0,0
93.8,monitoring,,0,0.0,0.0,1,10.48,3.008,,1.941,4.588,0.37,0.429,0,0,0
93.9,monitoring,,0,0.0,0.0,1,10.479,3.03,,1.963,4.566,0.36,0.417,0,0,0
94.0,monitoring,,0,0.0,0.0,1,10.478,3.053,,1.985,4.544,0.343,0.404,0,0,0
94.1,monitoring,,0,0.0,0.0,1,10.478,3.075,,2.007,4.522,0.398,0.389,0,0,0
94.2,monitoring,,0,0.0,0.0,1,10.477,3.098,,2.029,4.5,0.026,0.374,0,0,0
94.3,monitoring,,0,0.0,0.0,1,10.476,3.12,,2.051,4.478,0.026,0.36,0,0,0
94.4,monitoring,,0,0.0,0.0,1,10.476,3.143,,2.073,4.456,0.026,0.347,0,0,0
94.5,monitoring,,0,0.0,0.0,1,10.475,3.165,,2.095,4.433,0.026,0.335,0,0,0
94.6,monitoring,,0,0.0,0.0,1,10.474,3.187,,2.117,4.411,0.026,0.324,0,0,0
94.7,monitoring,,0,0.0,0.0,1,10.474,3.21,,2.139,4.389,0.026,0.314,0,0,0
94.8,monitoring,,0,0.0,0.0,0,10.473,3.232,,2.161,4.367,0.026,0.307,0,0,0
94.9,monitoring,,0,0.0,0.0,0,10.472,3.255,,2.183,4.345,0.027,0.3,0,0,0
95.0,monitoring,,0,0.0,0.0,0,10.472,3.277,,2.205,4.323,0.026,0.294,0,0,0
95.1,monitoring,,0,0.0,0.0,1,10.471,3.3,,2.227,4.301,0.027,0.291,0,0,0
95.2,monitoring,,0,0.0,0.0,1,10.47,3.314,,2.249,4.279,0.027,0.288,0,0,0
95.3,monitoring,,0,0.0,0.0,0,10.47,3.337,,2.271,4.258,0.027,0.287,0,0,0
95.4,monitoring,,0,0.0,0.0,0,10.469,3.359,,2.293,4.236,0.027,0.287,0,0,0
95.5,monitoring,,0,0.0,0.0,0,10.468,3.382,,2.315,4.214,0.027,0.287,0,0,0
95.6,monitoring,,0,0.0,0.0,0,10.468,3.404,,2.337,4.192,0.027,0.288,0,0,0
95.7,monitoring,,0,0.0,0.0,0,10.467,3.427,,2.359,4.17,0.027,0.288,0,0,0
95.8,monitoring,,0,0.0,0.0,0,10.466,3.449,,2.381,4.148,0.027,0.288,0,0,0
95.9,monitoring,,0,0.0,0.0,0,10.466,3.472,,2.403,4.126,0.027,0.288,0,0,0
96.0,monitoring,,0,0.0,0.0,0,10.465,3.494,,2.425,4.104,0.027,0.288,0,0,0
96.1,monitoring,,0,0.0,0.0,0,10.464,3.516,,2.447,4.082,0.027,0.289,0,0,0
96.2,monitoring,,0,0.0,0.0,0,10.464,3.539,,2.469,4.06,0.027,0.289,0,0,0
96.3,monitoring,,0,0.0,0.0,0,10.463,3.561,,2.492,4.038,0.026,0.289,0,0,0
96.4,monitoring,,0,0.0,0.0,0,10.462,3.584,,2.514,4.016,0.027,0.289,0,0,0
96.5,monitoring,,0,0.0,0.0,0,10.462,3.606,,2.536,3.994,0.027,0.29,0,0,0
96.6,monitoring,,0,0.0,0.0,0,10.461,3.629,,2.558,3.972,0.027,0.29,0,0,0
96.7,monitoring,,0,0.0,0.0,0,10.46,3.651,,2.58,3.95,0.027,0.29,0,0,0
96.8,monitoring,,0,0.0,0.0,0,10.46,3.673,,2.602,3.928,0.027,0.29,0,0,0
96.9,monitoring,,0,0.0,0.0,0,10.459,3.688,,2.624,3.906,0.027,0.291,0,0,0
97.0,monitoring,,0,0.0,0.0,0,10.458,3.711,,2.646,3.884,0.028,0.291,0,0,0
97.1,monitoring,,0,0.0,0.0,0,10.458,3.733,,2.668,3.862,0.028,0.291,0,0,0
97.2,monitoring,,0,0.0,0.0,0,10.457,3.756,,2.69,3.84,0.028,0.291,0,0,0
97.3,monitoring,,0,0.0,0.0,0,10.456,3.778,,2.712,3.818,0.028,0.293,0,0,1
97.4,monitoring,,0,0.0,0.0,0,10.456,3.8,,2.734,3.796,0.029,0.297,0,0,1
97.5,monitoring,,0,0.0,0.0,0,10.455,3.823,,2.756,3.774,0.029,0.302,0,0,1
97.6,monitoring,,0,0.0,0.0,0,10.454,3.845,,2.778,3.752,0.029,0.309,0,0,1
97.7,monitoring,,0,0.0,0.0,0,10.454,3.868,,2.8,3.73,0.029,0.317,0,0,1
97.8,monitoring,,0,0.0,0.0,0,10.453,3.89,,2.822,3.708,0.029,0.325,0,0,1
97.9,monitoring,,0,0.0,0.0,0,10.452,3.913,,2.844,3.686,0.03,0.335,0,0,1
98.0,monitoring,,0,0.0,0.0,0,10.452,3.935,,2.866,3.664,0.03,0.347,0,0,1
98.1,monitoring,,0,0.0,0.0,0,10.451,3.957,,2.888,3.642,0.03,0.36,0,0,1
98.2,monitoring,,0,0.0,0.0,0,10.45,3.98,,2.91,3.62,0.03,0.373,0,0,1
98.3,monitoring,,0,0.0,0.0,0,10.45,4.002,,2.932,3.598,0.148,0.386,0,0,1
98.4,monitoring,,0,0.0,0.0,0,10.449,4.025,,2.954,3.576,0.969,0.401,0,0,1
98.5,monitoring,,0,0.0,0.0,0,10.448,4.047,,2.976,3.554,2.281,0.417,0,0,1
98.6,monitoring,,0,0.0,0.0,0,10.448,4.062,,2.998,3.532,2.282,0.436,0,0,1
98.7,monitoring,,0,0.0,0.0,0,10.447,4.085,,3.02,3.51,2.282,0.449,0,0,1
98.8,monitoring,,0,0.0,0.0,0,10.447,4.107,,3.042,3.488,2.282,0.466,0,0,1
98.9,monitoring,,0,0.0,0.0,0,10.446,4.129,,3.064,3.466,2.282,0.483,0,0,1
99.0,monitoring,,0,0.0,0.0,0,10.446,4.139,,3.086,3.444,2.282,0.503,0,0,1
99.1,monitoring,,0,0.0,0.0,0,10.446,4.139,,3.092,3.438,2.283,0.507,0,0,1
99.2,monitoring,,0,0.0,0.0,0,10.446,4.139,,3.092,3.438,2.283,0.507,0,0,1
99.3,monitoring,,0,0.0,0.0,0,10.446,4.139,,3.092,3.438,2.283,0.507,0,0,1
99.4,monitoring,,0,0.0,0.0,0,10.446,4.139,,3.092,3.438,2.283,0.507,0,0,1
99.5,monitoring,,0,0.0,0.0,0,10.446,4.139,,3.092,3.438,2.283,0.507,0,0,1
99.6,monitoring,,0,0.0,0.0,0,10.446,4.139,,0.439,3.433,2.277,0.508,0,0,1
99.7,monitoring,,0,0.0,0.0,0,10.446,4.139,,0.203,3.459,0.64,0.504,0,0,1
99.8,monitoring,,0,0.0,0.0,0,10.446,4.139,,0.222,3.552,0.311,0.499,0,0,1
99.9,monitoring,,0,0.0,0.0,0,10.446,4.139,,0.231,3.66,0.265,0.497,0,0,1
100.0,monitoring,,0,0.0,0.0,0,10.446,4.139,,0.239,3.776,0.281,0.497,0,0,1
100.1,monitoring,,0,0.0,0.0,0,10.446,4.139,,0.241,3.894,0.286,0.496,0,0,1
100.2,monitoring,,0,0.0,0.0,0,10.446,4.139,,0.243,4.008,0.293,0.494,0,0,1
100.3,monitoring,,0,0.0,0.0,0,10.446,4.139,,0.24,4.12,0.296,0.491,0,0,1
100.4,monitoring,,0,0.0,0.0,0,10.446,4.139,,0.242,4.244,0.297,0.492,0,0,1
100.5,monitoring,,0,0.0,0.0,0,10.446,4.139,,0.239,4.063,0.295,0.489,0,0,1
100.6,monitoring,,0,0.0,0.0,1,10.446,4.139,,0.237,3.88,0.295,0.489,0,0,1
100.7,monitoring,,0,0.0,0.0,1,10.446,4.139,,0.234,3.719,0.294,0.487,0,0,1
100.8,monitoring,,0,0.0,0.0,1,10.446,4.139,,0.23,3.63,0.292,0.486,0,0,1
100.9,monitoring,,0,0.0,0.0,1,10.446,4.139,,0.224,3.649,0.289,0.483,0,0,1
101.0,monitoring,,0,0.0,0.0,1,10.446,4.139,,0.221,3.656,0.284,0.483,0,0,1
101.1,monitoring,,0,0.0,0.0,1,10.446,4.139,,0.212,3.203,0.278,0.479,0,0,1
101.2,monitoring,,0,0.0,0.0,1,10.446,4.139,,0.207,3.119,0.27,0.479,0,0,1
101.3,monitoring,,0,0.0,0.0,1,10.446,4.139,,0.201,3.044,0.261,0.477,0,0,1
101.4,monitoring,,0,0.0,0.0,1,10.446,4.139,,0.192,2.979,0.251,0.474,0,0,1
101.5,monitoring,,0,0.0,0.0,1,10.446,4.139,,0.182,2.921,0.24,0.472,0,0,1
101.6,monitoring,,0,0.0,0.0,1,10.446,4.139,,0.172,2.851,0.229,0.47,0,0,1
101.7,monitoring,,0,0.0,0.0,1,10.446,4.139,,0.16,2.811,0.22,0.468,0,0,1
101.8,monitoring,,0,0.0,0.0,1,10.446,4.139,,0.15,2.777,0.255,0.466,0,0,1
101.9,monitoring,,0,0.0,0.0,1,10.445,4.139,,0.14,2.749,0.315,0.467,0,0,1
102.0,monitoring,,0,0.0,0.0,1,10.445,4.139,,0.142,2.748,0.311,0.465,0,0,1
102.1,monitoring,,0,0.0,0.0,1,10.445,4.139,,0.177,2.867,0.224,0.467,0,0,1
102.2,monitoring,,0,0.0,0.0,1,10.445,4.139,,0.199,3.057,0.245,0.469,0,0,1
102.3,monitoring,,0,0.0,0.0,1,10.445,4.139,,0.214,3.243,0.257,0.473,0,0,1
102.4,monitoring,,0,0.0,0.0,1,10.445,4.139,,0.221,3.637,0.26,0.474,0,0,1
102.5,monitoring,,0,0.0,0.0,1,10.445,4.139,,0.226,3.671,0.259,0.477,0,0,1
102.6,monitoring,,0,0.0,0.0,1,10.445,4.139,,0.229,3.851,0.257,0.479,0,0,1
102.7,monitoring,,0,0.0,0.0,1,10.445,4.139,,0.229,4.037,0.254,0.48,0,0,1
102.8,monitoring,,0,0.0,0.0,1,10.445,4.139,,0.228,4.25,0.251,0.481,0,0,1
102.9,monitoring,,0,0.0,0.0,1,10.445,4.139,,0.226,4.148,0.247,0.481,0,0,1
103.0,monitoring,,0,0.0,0.0,1,10.445,4.139,,0.224,4.036,0.242,0.483,0,0,1
103.1,monitoring,,0,0.0,0.0,1,10.445,4.139,,0.223,3.937,0.234,0.487,0,0,1
103.2,monitoring,,0,0.0,0.0,1,10.445,4.139,,0.218,3.85,0.224,0.489,0,0,1
103.3,monitoring,,0,0.0,0.0,1,10.445,4.139,,0.212,3.775,0.216,0.488,0,0,1
103.4,monitoring,,0,0.0,0.0,1,10.445,4.139,,0.207,3.709,0.204,0.494,0,0,1
103.5,monitoring,,0,0.0,0.0,1,10.445,4.139,,0.198,3.653,0.193,0.493,0,0,1
103.6,monitoring,,0,0.0,0.0,1,10.445,4.139,,0.188,3.606,0.183,0.495,0,0,1
103.7,monitoring,,0,0.0,0.0,1,10.445,4.139,,0.181,3.568,0.188,0.498,0,0,1
103.8,monitoring,,0,0.0,0.0,1,10.445,4.139,,0.24,3.537,0.275,0.496,0,0,1
103.9,monitoring,,0,0.0,0.0,1,10.445,4.139,,0.356,3.514,0.411,0.496,0,0,1
104.0,monitoring,,0,0.0,0.0,1,10.445,4.139,,0.568,3.491,0.643,0.494,0,0,1
104.1,monitoring,,0,0.0,0.0,1,10.445,4.139,,3.036,3.485,1.048,0.495,0,0,1
104.2,monitoring,,0,0.0,0.0,1,10.445,4.139,,3.041,3.486,2.348,0.491,0,0,1
104.3,monitoring,,0,0.0,0.0,1,10.445,4.146,,3.038,3.491,2.356,0.491,0,0,1
104.4,monitoring,,0,0.0,0.0,1,10.445,4.169,,3.048,3.48,2.356,0.498,0,0,1
104.5,monitoring,,0,0.0,0.0,1,10.444,4.199,,3.074,3.455,2.356,0.516,0,0,1
104.6,monitoring,,0,0.0,0.0,1,10.444,4.23,,3.104,3.425,2.356,0.542,0,0,1
104.7,monitoring,,0,0.0,0.0,1,10.443,4.26,,3.134,3.395,2.356,0.567,0,0,1
104.8,monitoring,,0,0.0,0.0,1,10.443,4.291,,3.164,3.365,2.356,0.589,0,0,1
104.9,monitoring,,0,0.0,0.0,1,10.442,4.322,0.0,3.194,3.335,2.356,0.619,0,0,1
105.0,monitoring,,0,0.0,0.0,1,10.442,4.352,0.11,3.224,3.305,2.355,0.641,0,0,1
105.1,monitoring,,0,0.0,0.0,1,10.442,4.383,0.0,3.254,3.275,2.355,0.667,0,0,1
105.2,monitoring,,0,0.0,0.0,1,10.441,4.413,0.11,3.284,3.245,2.355,0.692,0,0,1
105.3,monitoring,,0,0.0,0.0,1,10.441,4.444,0.0,3.314,3.215,2.355,0.717,0,0,1
105.4,monitoring,,0,0.0,0.0,1,10.44,4.464,0.1,3.345,3.185,2.355,0.746,0,0,1
105.5,monitoring,,0,0.0,0.0,1,10.44,4.495,0.0,3.375,3.155,2.355,0.77,0,0,1
105.6,monitoring,,0,0.0,0.0,1,10.44,4.526,0.12,3.405,3.125,2.355,0.799,0,0,1
105.7,monitoring,,0,0.0,0.0,1,10.439,4.556,0.0,3.435,3.095,2.355,0.827,0,0,1
105.8,monitoring,,0,0.0,0.0,1,10.439,4.587,0.11,3.465,3.065,2.355,0.855,0,0,1
105.9,monitoring,,0,0.0,0.0,1,10.438,4.617,0.0,3.495,3.035,2.355,0.882,0,0,1
106.0,monitoring,,0,0.0,0.0,1,10.438,4.648,0.11,3.525,3.005,2.354,0.91,0,0,1
106.1,monitoring,,0,0.0,0.0,1,10.438,4.679,0.0,3.555,2.975,2.354,0.937,0,0,1
106.2,monitoring,,0,0.0,0.0,1,10.437,4.709,0.12,3.585,2.945,2.354,0.964,0,0,1
106.3,monitoring,,0,0.0,0.0,1,10.437,4.74,0.0,3.616,2.915,2.354,0.996,0,0,1
106.4,monitoring,,0,0.0,0.0,1,10.436,4.77,0.11,3.646,2.885,2.354,1.023,0,0,1
106.5,monitoring,,0,0.0,0.0,1,10.436,4.801,0.0,3.676,2.855,2.354,1.05,0,0,1
106.6,monitoring,,0,0.0,0.0,1,10.435,4.832,0.1,3.706,2.825,2.354,1.082,0,0,1
106.7,monitoring,,0,0.0,0.0,1,10.435,4.862,0.0,3.736,2.795,2.354,1.108,0,0,1
106.8,monitoring,,0,0.0,0.0,1,10.435,4.893,0.1,3.766,2.765,2.354,1.136,0,0,1
106.9,monitoring,,0,0.0,0.0,1,10.434,4.923,0.0,3.796,2.735,2.353,1.166,0,0,1
107.0,monitoring,,0,0.0,0.0,1,10.434,4.954,0.12,3.826,2.705,2.353,1.192,0,0,1
107.1,monitoring,,0,0.0,0.0,1,10.433,4.974,0.0,3.856,2.675,2.353,1.223,0,0,1
107.2,monitoring,,0,0.0,0.0,1,10.433,5.005,0.11,3.887,2.645,2.353,1.255,0,0,1
107.3,monitoring,,0,0.0,0.0,1,10.433,5.036,0.0,3.917,2.615,2.353,1.281,0,0,1
107.4,monitoring,,0,0.0,0.0,1,10.432,5.066,0.1,3.946,2.585,2.353,1.312,0,0,1
107.5,monitoring,,0,0.0,0.0,1,10.432,5.097,0.0,3.976,2.555,2.353,1.338,0,0,1
107.6,monitoring,,0,0.0,0.0,1,10.431,5.127,0.11,4.006,2.525,2.353,1.344,0,0,1
107.7,monitoring,,0,0.0,0.0,1,10.431,5.158,0.0,4.036,2.495,2.353,1.32,0,0,1
107.8,monitoring,,0,0.0,0.0,1,10.43,5.189,0.11,4.066,2.465,2.353,1.293,0,0,1
107.9,monitoring,,0,0.0,0.0,1,10.43,5.219,0.0,4.096,2.435,2.352,1.269,0,0,1
108.0,monitoring,,0,0.0,0.0,1,10.43,5.25,0.1,4.126,2.405,2.352,1.244,0,0,1
108.1,monitoring,,0,0.0,0.0,1,10.429,5.28,0.0,4.156,2.375,2.352,1.22,0,0,1
108.2,monitoring,,0,0.0,0.0,1,10.429,5.311,0.11,4.186,2.345,2.352,1.196,0,0,1
108.3,monitoring,,0,0.0,0.0,1,10.428,5.341,0.0,4.216,2.315,2.352,1.172,0,0,1
108.4,monitoring,,0,0.0,0.0,1,10.428,5.372,0.12,4.246,2.286,2.352,1.148,0,0,1
108.5,monitoring,,0,0.0,0.0,1,10.427,5.402,0.0,4.275,2.256,2.352,1.125,0,0,1
108.6,monitoring,,0,0.0,0.0,1,10.427,5.432,0.11,4.305,2.226,2.352,1.102,0,0,1
108.7,monitoring,,0,0.0,0.0,1,10.427,5.461,0.0,4.334,2.197,2.352,1.079,0,0,1
108.8,monitoring,,0,0.0,0.0,1,10.426,5.481,0.11,4.363,2.168,2.352,1.058,0,0,1
108.9,monitoring,,0,0.0,0.0,1,10.426,5.51,0.21,4.391,2.139,2.351,1.036,0,0,1
109.0,monitoring,,0,0.0,0.0,1,10.426,5.537,0.0,4.419,2.111,2.351,1.015,0,0,0
109.1,monitoring,,0,0.0,0.0,1,10.425,5.563,0.12,4.445,2.085,2.351,0.997,0,0,0
109.2,monitoring,,0,0.0,0.0,1,10.425,5.586,0.23,4.47,2.061,2.351,0.979,0,0,0
109.3,monitoring,,0,0.0,0.0,1,10.425,5.609,0.0,4.493,2.038,2.351,0.963,0,0,0
109.4,monitoring,,0,0.0,0.0,1,10.424,5.619,0.11,4.515,2.016,2.351,0.947,0,0,0
109.5,monitoring,,0,0.0,0.0,0,10.424,5.619,0.21,4.528,2.003,2.347,0.942,0,0,0
109.6,monitoring,,0,0.0,0.0,1,10.424,5.619,0.32,1.615,1.995,2.343,0.94,0,0,0
109.7,monitoring,,0,0.0,0.0,1,10.424,5.619,0.0,1.623,1.991,2.343,0.94,0,0,0
109.8,monitoring,,0,0.0,0.0,1,10.424,5.619,0.12,1.627,1.992,2.349,0.938,0,0,0
109.9,monitoring,,0,0.0,0.0,1,10.425,5.622,0.23,1.634,1.997,2.36,0.938,0,0,0
110.0,monitoring,,0,0.0,0.0,1,10.429,5.638,0.34,1.637,1.995,2.364,0.934,0,0,0
110.1,monitoring,,0,0.0,0.0,1,10.433,5.66,0.44,1.655,1.978,2.36,0.92,0,0,0
110.2,monitoring,,0,0.0,0.0,1,10.438,5.682,0.0,1.676,1.956,2.355,0.902,0,0,0
110.3,monitoring,,0,0.0,0.0,1,10.443,5.704,0.11,1.698,1.935,2.35,0.884,0,0,0
110.4,monitoring,,0,0.0,0.0,1,10.447,5.726,0.22,1.72,1.913,2.346,0.867,0,0,0
110.5,monitoring,,0,0.0,0.0,1,10.45,5.741,0.0,1.742,1.892,2.341,0.85,0,0,0
110.6,monitoring,,0,0.0,0.0,1,10.455,5.763,0.11,1.764,1.87,2.336,0.832,0,0,0
110.7,monitoring,,0,0.0,0.0,1,10.455,5.765,0.22,1.785,1.851,2.332,0.817,0,0,0
110.8,monitoring,,0,0.0,0.0,1,10.455,5.765,0.33,1.778,1.863,2.354,0.815,0,0,0
110.9,monitoring,,0,0.0,0.0,0,10.455,5.765,,1.772,1.882,2.383,0.813,0,0,0
111.0,monitoring,,0,0.0,0.0,0,10.455,5.765,,1.793,1.902,2.414,0.812,0,0,0
111.1,monitoring,,0,0.0,0.0,0,10.455,5.765,,1.818,1.928,2.451,0.811,0,0,0
111.2,monitoring,,0,0.0,0.0,0,10.455,5.765,,1.863,1.958,2.494,0.81,0,0,0
111.3,monitoring,,0,0.0,0.0,0,10.455,5.765,,1.9,0.553,2.567,0.809,0,0,0
111.4,monitoring,,0,0.0,0.0,0,10.455,5.765,,1.9,0.553,2.568,0.809,0,0,0
111.5,monitoring,,0,0.0,0.0,0,10.455,5.765,,1.9,0.553,2.568,0.809,0,0,0
111.6,monitoring,,0,0.0,0.0,0,10.455,5.765,,1.9,0.553,2.568,0.809,0,0,0
111.7,monitoring,,0,0.0,0.0,0,10.455,5.765,,1.9,0.553,2.568,0.809,0,0,0
111.8,monitoring,,0,0.0,0.0,0,10.455,5.765,,1.9,0.553,2.568,0.809,0,0,0
111.9,monitoring,,0,0.0,0.0,0,10.455,5.765,,1.9,0.553,2.568,0.809,0,0,0
112.0,monitoring,,0,0.0,0.0,0,10.455,5.765,,1.9,0.553,2.568,0.809,0,0,0
112.1,monitoring,,0,0.0,0.0,0,10.455,5.765,,1.9,0.553,2.568,0.809,0,0,0
112.2,monitoring,,0,0.0,0.0,0,10.455,5.765,,1.9,0.553,2.568,0.809,0,0,0
112.3,monitoring,,0,0.0,0.0,0,10.455,5.765,0.0,1.9,0.553,2.568,0.809,0,0,0
112.4,monitoring,,0,0.0,0.0,1,10.455,5.765,0.1,1.9,0.553,2.568,0.809,0,0,0
112.5,monitoring,,0,0.0,0.0,1,10.455,5.765,0.0,1.801,1.908,2.425,0.813,0,0,0
112.6,monitoring,,0,0.0,0.0,1,10.455,5.765,0.0,1.784,1.848,2.333,0.817,0,0,0
112.7,monitoring,,0,0.0,0.0,1,10.455,5.765,0.0,1.817,1.849,2.317,0.822,0,0,0
112.8,monitoring,,0,0.0,0.0,1,10.455,5.765,0.0,1.768,1.848,2.319,0.827,0,0,0
112.9,monitoring,,0,0.0,0.0,1,10.455,5.765,0.0,1.752,1.887,0.55,0.833,0,0,0
113.0,monitoring,,0,0.0,0.0,1,10.455,5.765,0.0,1.822,1.991,0.556,0.838,0,0,0
113.1,monitoring,,0,0.0,0.0,1,10.455,5.765,0.0,1.995,2.202,0.582,0.844,0,0,0
113.203,monitoring,,0,0.0,0.0,1,10.455,5.765,0.12,2.268,2.532,0.583,0.85,0,0,0
113.3,monitoring,,0,0.0,0.0,1,10.455,5.765,0.0,2.63,2.968,0.567,0.856,0,0,0
113.4,monitoring,,0,0.0,0.0,1,10.455,5.765,0.12,2.65,3.019,0.574,0.862,0,0,0
113.5,monitoring,,0,0.0,0.0,1,10.455,5.765,0.0,2.54,2.864,1.791,0.868,0,0,0
113.6,monitoring,,0,0.0,0.0,1,10.455,5.765,0.11,2.471,2.803,1.736,0.873,0,0,0
113.7,monitoring,,0,0.0,0.0,1,10.455,5.765,0.22,2.415,2.815,1.7,0.879,0,0,0
113.8,monitoring,,0,0.0,0.0,1,10.455,5.765,0.32,2.389,2.812,1.682,0.885,0,0,0
113.9,monitoring,,0,0.0,0.0,1,10.455,5.765,0.0,2.37,2.809,1.676,0.89,0,0,0
114.0,monitoring,,0,0.0,0.0,1,10.455,5.765,0.12,2.356,2.659,1.676,0.894,0,0,0
114.1,monitoring,,0,0.0,0.0,1,10.455,5.765,0.24,2.347,2.646,1.67,0.899,0,0,0
114.2,monitoring,,0,0.0,0.0,1,10.455,5.765,0.35,2.342,2.639,1.66,0.904,0,0,0
114.3,monitoring,,0,0.0,0.0,1,10.455,5.765,0.0,2.341,2.637,1.644,0.908,0,0,0
114.4,monitoring,,0,0.0,0.0,1,10.455,5.765,0.1,2.345,2.641,1.957,0.912,0,0,0
114.5,monitoring,,0,0.0,0.0,1,10.455,5.765,0.21,2.351,2.649,1.971,0.915,0,0,0
114.6,monitoring,,0,0.0,0.0,1,10.455,5.765,0.33,2.342,2.643,1.971,0.919,0,0,0
114.7,monitoring,,0,0.0,0.0,1,10.455,5.765,0.0,2.336,2.642,1.617,0.923,0,0,0
114.8,monitoring,,0,0.0,0.0,1,10.455,5.765,0.12,2.334,2.647,1.618,0.926,0,0,0
114.9,monitoring,,0,0.0,0.0,1,10.455,5.765,0.23,2.337,2.657,1.615,0.929,0,0,0
115.0,monitoring,,0,0.0,0.0,1,10.455,5.765,0.34,2.344,2.672,1.606,0.931,0,0,0
115.1,monitoring,,0,0.0,0.0,1,10.455,5.765,0.0,2.356,2.693,1.595,0.934,0,0,0
115.2,monitoring,,0,0.0,0.0,1,10.455,5.765,0.11,2.372,2.72,1.587,0.936,0,0,0
115.3,monitoring,,0,0.0,0.0,1,10.455,5.765,0.22,2.393,2.752,1.579,0.938,0,0,0
115.4,monitoring,,0,0.0,0.0,1,10.455,5.765,0.33,2.419,2.792,1.59,0.939,0,0,0
115.5,monitoring,,0,0.0,0.0,1,10.453,5.764,0.45,0.704,2.837,1.606,0.941,0,0,0
115.6,monitoring,,0,0.0,0.0,1,10.444,5.759,0.56,0.696,2.855,1.609,0.945,0,0,0
115.7,monitoring,,0,0.0,0.0,1,10.42,5.747,0.66,0.708,2.838,1.602,0.961,0,0,0
115.8,monitoring,,0,0.0,0.0,1,10.392,5.734,0.0,0.746,2.81,1.589,0.988,0,0,0
115.9,monitoring,,0,0.0,0.0,1,10.365,5.72,0.11,0.767,2.781,1.576,1.017,0,0,0
116.0,monitoring,,0,0.0,0.0,1,10.337,5.707,0.0,0.807,2.752,1.562,1.045,0,0,0
116.1,monitoring,,0,0.0,0.0,1,10.31,5.693,0.12,0.828,2.724,1.549,1.073,0,0,0
116.2,monitoring,,0,0.0,0.0,1,10.282,5.68,0.0,0.87,2.695,1.536,1.102,0,0,0
116.3,monitoring,,0,0.0,0.0,1,10.255,5.666,0.11,0.892,2.666,1.523,1.131,0,0,0
116.4,monitoring,,0,0.0,0.0,1,10.227,5.653,0.0,0.936,2.637,1.51,1.159,0,0,0
116.5,monitoring,,0,0.0,0.0,1,10.2,5.639,0.1,0.958,2.608,1.508,1.188,0,0,0
116.6,monitoring,,0,0.0,0.0,1,10.172,5.626,0.0,0.98,2.579,1.507,1.217,0,0,0
116.7,monitoring,,0,0.0,0.0,1,10.145,5.612,0.11,1.027,2.551,1.51,1.245,0,0,0
116.8,monitoring,,0,0.0,0.0,1,10.118,5.599,0.0,1.049,2.522,1.516,1.275,0,0,0
116.9,monitoring,,0,0.0,0.0,1,10.09,5.585,0.13,1.072,2.493,1.517,1.303,0,0,0
117.0,monitoring,,0,0.0,0.0,1,10.063,5.572,0.0,1.121,2.464,1.516,1.332,0,0,0
117.1,monitoring,,0,0.0,0.0,1,10.035,5.558,0.11,1.144,2.417,1.515,1.361,0,0,0
117.2,monitoring,,0,0.0,0.0,1,10.008,5.545,0.0,1.167,2.388,1.514,1.39,0,0,0
117.3,monitoring,,0,0.0,0.0,1,9.989,5.536,0.11,1.222,2.36,1.513,1.419,0,0,0
117.4,monitoring,,0,0.0,0.0,1,9.962,5.522,0.0,1.243,2.331,1.512,1.448,0,0,1
117.5,monitoring,,0,0.0,0.0,1,9.934,5.509,0.12,1.267,2.302,1.51,1.477,0,0,1
117.6,monitoring,,0,0.0,0.0,1,9.907,5.495,0.0,1.29,2.274,1.509,1.507,0,0,1
117.7,monitoring,,0,0.0,0.0,1,9.88,5.481,0.11,1.352,2.245,1.507,1.536,0,0,1
117.803,monitoring,,0,0.0,0.0,1,9.852,5.468,0.0,1.373,2.216,1.507,1.525,0,0,1
117.803,monitoring,,0,0.0,0.0,1,9.852,5.468,0.0,1.373,2.216,1.507,1.525,0,0,1
118.0,monitoring,,0,0.0,0.0,1,9.797,5.441,0.0,1.418,2.159,1.515,1.5,0,0,1
118.1,monitoring,,0,0.0,0.0,1,9.77,5.427,0.11,1.442,2.13,1.565,1.487,0,0,1
118.2,monitoring,,0,0.0,0.0,1,9.742,5.414,0.0,1.512,2.086,1.615,1.474,0,0,1
118.3,monitoring,,0,0.0,0.0,1,9.715,5.4,0.12,1.534,2.058,1.716,1.461,0,0,1
118.4,monitoring,,0,0.0,0.0,1,9.687,5.387,0.0,1.556,2.029,1.768,1.449,0,0,1
118.5,monitoring,,0,0.0,0.0,1,9.66,5.373,0.11,1.578,2.001,1.819,1.436,0,0,1
118.6,monitoring,,0,0.0,0.0,1,9.632,5.36,0.0,1.601,1.972,1.2,1.423,0,0,1
118.7,monitoring,,0,0.0,0.0,1,9.605,5.346,0.11,1.629,1.944,1.187,1.411,0,0,1
118.8,monitoring,,0,0.0,0.0,1,9.578,5.333,0.0,1.653,1.915,1.165,1.398,0,0,1
118.9,monitoring,,0,0.0,0.0,1,9.55,5.319,0.13,1.678,1.887,1.152,1.385,0,0,1
119.0,monitoring,,0,0.0,0.0,1,9.532,5.31,0.0,1.703,1.858,1.139,1.373,0,0,1
119.1,monitoring,,0,0.0,0.0,1,9.504,5.297,0.11,1.728,1.816,1.126,1.36,0,0,1
119.2,monitoring,,0,0.0,0.0,1,9.477,5.283,0.0,1.754,1.788,1.113,1.347,0,0,1
119.3,monitoring,,0,0.0,0.0,1,9.449,5.27,0.11,1.78,1.76,1.1,1.334,0,0,1
119.4,monitoring,,0,0.0,0.0,1,9.422,5.256,0.0,1.806,1.731,1.087,1.322,0,0,1
119.5,monitoring,,0,0.0,0.0,1,9.395,5.243,0.11,1.87,1.703,1.074,1.309,0,0,1
119.6,monitoring,,0,0.0,0.0,1,9.367,5.229,0.0,1.895,1.675,1.053,1.296,0,0,1
119.7,monitoring,,0,0.0,0.0,1,9.34,5.216,0.12,1.92,1.647,1.04,1.284,0,0,1
119.8,monitoring,,0,0.0,0.0,1,9.312,5.202,0.0,1.945,1.615,1.027,1.271,0,0,1
119.9,monitoring,,0,0.0,0.0,1,9.285,5.189,0.1,1.971,1.587,1.014,1.258,0,0,1
120.0,monitoring,,0,0.0,0.0,1,9.257,5.175,0.0,1.997,1.558,1.001,1.246,0,0,1
120.1,monitoring,,0,0.0,0.0,1,9.23,5.162,0.11,2.023,1.53,0.988,1.233,0,0,1
120.2,monitoring,,0,0.0,0.0,1,9.202,5.148,0.0,2.05,1.502,0.968,1.22,0,0,1
120.3,monitoring,,0,0.0,0.0,1,9.175,5.135,0.12,2.076,1.474,0.955,1.207,0,0,1
120.4,monitoring,,0,0.0,0.0,1,9.147,5.121,0.0,2.149,1.434,0.942,1.195,0,0,1
120.5,monitoring,,0,0.0,0.0,1,9.12,5.108,0.11,2.174,1.406,0.929,1.182,0,0,1
120.6,monitoring,,0,0.0,0.0,1,9.093,5.094,0.0,2.199,1.378,0.917,1.169,0,0,1
120.7,monitoring,,0,0.0,0.0,1,9.074,5.085,0.11,2.225,1.35,0.904,1.157,0,0,1
120.8,monitoring,,0,0.0,0.0,1,9.047,5.072,0.0,2.251,1.322,0.891,1.144,0,0,1
120.9,monitoring,,0,0.0,0.0,1,9.019,5.058,0.12,2.276,1.284,0.875,1.131,0,0,1
121.0,monitoring,,0,0.0,0.0,1,8.992,5.045,0.0,2.302,1.256,0.862,1.119,0,0,1
121.1,monitoring,,0,0.0,0.0,1,8.964,5.031,0.11,2.328,1.228,0.85,1.106,0,0,0
121.2,monitoring,,0,0.0,0.0,1,8.937,5.018,0.0,2.355,1.2,0.837,1.093,0,0,0
121.3,monitoring,,0,0.0,0.0,1,8.909,5.004,0.1,2.382,1.163,0.824,1.08,0,0,0
121.4,monitoring,,0,0.0,0.0,1,8.882,4.991,0.0,2.409,1.135,0.804,1.068,0,0,0
121.5,monitoring,,0,0.0,0.0,1,8.855,4.977,0.11,2.499,1.108,0.792,1.055,0,0,0
121.6,monitoring,,0,0.0,0.0,1,8.827,4.964,0.0,2.523,1.071,0.779,1.042,0,0,0
121.7,monitoring,,0,0.0,0.0,1,8.8,4.95,0.12,2.547,1.044,0.766,1.03,0,0,0
121.8,monitoring,,0,0.0,0.0,1,8.772,4.937,0.0,2.571,1.016,0.747,1.017,0,0,0
121.9,monitoring,,0,0.0,0.0,1,8.745,4.923,0.11,2.596,0.981,0.735,1.004,0,0,0
122.0,monitoring,,0,0.0,0.0,1,8.717,4.91,0.0,2.622,0.954,0.722,0.992,0,0,0
122.1,monitoring,,0,0.0,0.0,1,8.69,4.896,0.11,2.648,0.926,0.71,0.979,0,0,0
122.2,monitoring,,0,0.0,0.0,1,8.663,4.883,0.0,2.674,0.892,0.691,0.966,0,0,0
122.3,monitoring,,0,0.0,0.0,1,8.636,4.869,0.11,2.7,0.865,0.679,0.954,0,0,0
122.4,monitoring,,0,0.0,0.0,1,8.618,4.861,0.23,2.726,0.832,0.666,0.941,0,0,0
122.5,monitoring,,0,0.0,0.0,1,8.592,4.848,0.0,2.751,0.805,0.654,0.929,0,0,0
122.6,monitoring,,0,0.0,0.0,1,8.565,4.835,0.1,2.777,0.779,0.636,0.917,0,0,0
122.7,monitoring,,0,0.0,0.0,1,8.539,4.822,0.0,2.802,0.747,0.625,0.905,0,0,0
122.8,monitoring,,0,0.0,0.0,1,8.513,4.809,0.11,2.828,0.722,0.613,0.896,0,0,0
122.9,monitoring,,0,0.0,0.0,1,8.511,4.808,0.21,2.853,0.692,0.596,0.887,0,0,0
123.0,monitoring,,0,0.0,0.0,1,8.511,4.808,0.32,2.804,0.697,0.607,0.886,0,0,0
123.1,monitoring,,0,0.0,0.0,1,8.511,4.808,0.45,2.811,0.708,0.616,0.886,0,0,0
123.2,monitoring,,0,0.0,0.0,1,8.511,4.808,0.0,2.813,0.728,0.627,0.886,0,0,0
123.3,monitoring,,0,0.0,0.0,1,8.511,4.808,0.11,2.808,0.743,0.639,0.887,0,0,0
123.4,monitoring,,0,0.0,0.0,1,8.508,4.806,0.22,2.801,2.041,0.663,0.887,0,0,0
123.5,monitoring,,0,0.0,0.0,1,8.494,4.795,0.33,2.804,2.043,0.663,0.885,0,0,0
123.6,monitoring,,0,0.0,0.0,1,8.473,4.777,0.44,2.824,2.021,0.642,0.875,0,0,0
123.7,monitoring,,0,0.0,0.0,1,8.451,4.759,0.0,2.851,1.991,0.625,0.862,0,0,0
123.8,monitoring,,0,0.0,0.0,1,8.429,4.742,0.12,2.891,1.961,0.607,0.851,0,0,0
123.9,monitoring,,0,0.0,0.0,1,8.408,4.724,0.0,2.917,1.931,0.582,0.836,0,0,0
124.0,monitoring,,0,0.0,0.0,1,8.386,4.707,0.1,2.944,1.902,0.565,0.826,0,0,0
124.1,monitoring,,0,0.0,0.0,1,8.378,4.699,0.21,2.97,1.878,0.541,0.815,0,0,0
124.2,monitoring,,0,0.0,0.0,1,8.378,4.699,0.32,3.002,1.876,0.535,0.808,0,0,0
124.3,monitoring,,0,0.0,0.0,1,8.378,4.699,0.43,4.66,1.878,0.549,0.809,0,0,0
124.4,monitoring,,0,0.0,0.0,1,8.378,4.699,0.54,4.373,1.874,0.575,0.811,0,0,0
124.5,monitoring,,0,0.0,0.0,1,8.378,4.699,0.0,4.195,1.886,0.594,0.81,0,0,0
124.6,monitoring,,0,0.0,0.0,1,8.373,4.694,0.12,4.064,1.877,0.623,0.81,0,0,0
124.7,monitoring,,0,0.0,0.0,1,8.358,4.677,0.23,4.075,1.865,0.614,0.805,0,0,0
124.8,monitoring,,0,0.0,0.0,1,8.341,4.656,0.0,4.098,1.84,0.583,0.792,0,0,0
124.9,monitoring,,0,0.0,0.0,1,8.324,4.636,0.11,4.123,1.812,0.551,0.785,0,0,0
125.0,monitoring,,0,0.0,0.0,1,8.306,4.616,0.0,4.148,1.788,0.53,0.769,0,0,0
125.1,monitoring,,0,0.0,0.0,1,8.289,4.595,0.12,4.173,1.763,0.499,0.751,0,0,0
125.2,monitoring,,0,0.0,0.0,1,8.272,4.575,0.0,4.197,1.738,0.47,0.733,0,0,0
125.3,monitoring,,0,0.0,0.0,1,8.255,4.555,0.12,4.222,1.714,0.441,0.716,0,0,1
125.4,monitoring,,0,0.0,0.0,1,8.238,4.536,0.0,4.246,1.69,0.437,0.698,0,0,1
125.5,monitoring,,0,0.0,0.0,1,8.222,4.516,0.11,4.271,1.666,0.434,0.681,0,0,1
125.6,monitoring,,0,0.0,0.0,1,8.205,4.496,0.0,4.295,1.642,0.415,0.664,0,0,1
125.7,monitoring,,0,0.0,0.0,1,8.193,4.482,0.1,4.319,1.618,0.391,0.647,0,0,1
125.8,monitoring,,0,0.0,0.0,1,8.193,4.482,0.22,4.337,1.599,0.375,0.632,0,0,1
125.9,monitoring,,0,0.0,0.0,1,8.193,4.482,0.34,4.189,1.584,0.36,0.632,0,0,1
126.0,monitoring,,0,0.0,0.0,1,8.193,4.482,0.46,4.054,1.595,0.353,0.633,0,0,1
126.1,monitoring,,0,0.0,0.0,1,8.193,4.482,0.0,3.933,1.681,0.347,0.634,0,0,1
126.2,monitoring,,0,0.0,0.0,1,8.193,4.482,0.11,3.826,1.774,0.337,0.635,0,0,1
126.3,monitoring,,0,0.0,0.0,1,8.19,4.476,0.21,3.745,1.909,0.334,0.635,0,0,1
126.4,monitoring,,0,0.0,0.0,1,8.179,4.456,0.32,3.755,1.9,0.329,0.63,0,0,1
126.5,monitoring,,0,0.0,0.0,1,8.165,4.429,0.0,3.779,1.879,0.312,0.617,0,0,1
126.6,monitoring,,0,0.0,0.0,1,8.15,4.402,0.12,3.809,1.81,0.293,0.602,0,0,1
126.7,monitoring,,0,0.0,0.0,1,8.136,4.375,0.0,3.838,1.786,0.275,0.586,0,0,1
126.8,monitoring,,0,0.0,0.0,1,8.122,4.348,0.11,3.867,1.761,0.256,0.572,0,0,1
126.9,monitoring,,0,0.0,0.0,1,8.107,4.321,0.0,3.896,1.736,0.246,0.558,0,0,1
127.0,monitoring,,0,0.0,0.0,1,8.093,4.294,0.11,3.925,1.712,0.248,0.547,0,0,1
127.1,monitoring,,0,0.0,0.0,1,8.078,4.267,0.0,3.954,1.687,0.249,0.537,0,0,1
127.2,monitoring,,0,0.0,0.0,1,8.064,4.24,0.11,3.983,1.662,0.249,0.528,0,0,1
127.3,monitoring,,0,0.0,0.0,1,8.05,4.213,0.0,4.012,1.638,0.246,0.519,0,0,1
127.4,monitoring,,0,0.0,0.0,1,8.035,4.186,0.12,4.041,1.61,0.248,0.514,0,0,1
127.5,monitoring,,0,0.0,0.0,1,8.026,4.168,0.0,4.07,1.585,0.248,0.511,0,0,1
127.6,monitoring,,0,0.0,0.0,1,8.011,4.141,0.11,4.099,1.56,0.25,0.51,0,0,1
127.7,monitoring,,0,0.0,0.0,1,7.997,4.114,0.0,4.128,1.536,0.248,0.508,0,0,1
127.8,monitoring,,0,0.0,0.0,1,7.982,4.087,0.11,4.157,1.511,0.247,0.508,0,0,1
127.9,monitoring,,0,0.0,0.0,1,7.968,4.06,0.0,4.186,1.487,0.248,0.512,0,0,1
128.0,monitoring,,0,0.0,0.0,1,7.954,4.033,0.13,4.215,1.427,0.25,0.519,0,0,1
128.1,monitoring,,0,0.0,0.0,1,7.939,4.006,0.0,4.244,1.403,0.248,0.524,0,0,1
128.2,monitoring,,0,0.0,0.0,1,7.925,3.979,0.11,4.273,1.379,0.247,0.53,0,0,1
128.3,monitoring,,0,0.0,0.0,1,7.91,3.952,0.0,4.302,1.355,0.247,0.54,0,0,1
128.4,monitoring,,0,0.0,0.0,1,7.896,3.925,0.11,4.331,1.299,0.248,0.553,0,0,1
128.5,monitoring,,0,0.0,0.0,1,7.891,3.916,0.21,4.36,1.275,0.248,0.565,0,0,1
128.6,monitoring,,0,0.0,0.0,1,7.891,3.916,0.33,4.422,1.232,0.254,0.571,0,0,1
128.7,monitoring,,0,0.0,0.0,1,7.891,3.916,0.46,4.597,1.137,0.263,0.57,0,0,1
128.8,monitoring,,0,0.0,0.0,1,7.891,3.916,0.0,4.744,1.058,0.272,0.57,0,0,1
128.9,monitoring,,0,0.0,0.0,1,7.891,3.916,0.11,4.91,1.009,0.281,0.571,0,0,1
129.0,monitoring,,0,0.0,0.0,1,7.891,3.916,0.21,5.099,0.949,0.289,0.571,0,0,1
129.1,monitoring,,0,0.0,0.0,1,7.889,3.914,0.32,5.314,0.959,0.296,0.573,0,0,1
129.2,monitoring,,0,0.0,0.0,1,7.886,3.91,0.42,5.418,0.957,0.299,0.574,0,0,1
129.3,monitoring,,0,0.0,0.0,1,7.886,3.91,0.0,5.531,0.957,0.3,0.575,0,0,1
129.4,monitoring,,0,0.0,0.0,1,7.886,3.91,0.13,3.864,0.959,0.306,0.575,0,0,1
129.5,monitoring,,0,0.0,0.0,1,7.886,3.91,0.24,3.87,0.961,0.311,0.576,0,0,1
129.6,monitoring,,0,0.0,0.0,1,7.886,3.91,0.35,3.869,0.963,0.316,0.578,0,0,1
129.7,monitoring,,0,0.0,0.0,1,7.886,3.91,0.0,3.903,0.962,0.313,0.575,0,0,1
129.8,monitoring,,0,0.0,0.0,1,7.88,3.906,0.11,5.673,0.953,0.319,0.579,0,0,1
129.9,monitoring,,0,0.0,0.0,1,7.861,3.894,0.22,5.683,0.942,0.317,0.577,0,0,1
130.0,monitoring,,0,0.0,0.0,1,7.835,3.878,0.0,5.707,0.92,0.318,0.58,0,0,1
130.1,monitoring,,0,0.0,0.0,1,7.809,3.861,0.12,5.737,0.894,0.315,0.58,0,0,1
130.2,monitoring,,0,0.0,0.0,1,7.784,3.845,0.0,5.766,0.864,0.317,0.585,0,0,1
130.3,monitoring,,0,0.0,0.0,1,7.759,3.829,0.11,5.794,0.833,0.317,0.592,0,0,1
130.4,monitoring,,0,0.0,0.0,1,7.741,3.818,0.0,5.823,0.802,0.318,0.6,0,0,1
130.5,monitoring,,0,0.0,0.0,1,7.741,3.818,0.14,5.838,0.776,0.316,0.605,0,0,1
130.6,monitoring,,0,0.0,0.0,1,7.741,3.818,0.26,5.705,0.768,0.324,0.606,0,0,1
130.7,monitoring,,0,0.0,0.0,1,7.741,3.818,0.38,5.588,0.76,0.331,0.607,0,0,1
130.8,monitoring,,0,0.0,0.0,1,7.741,3.818,0.0,5.487,0.75,0.338,0.607,0,0,1
130.9,monitoring,,0,0.0,0.0,1,7.741,3.818,0.11,0.642,0.806,0.343,0.608,0,0,1
131.0,monitoring,,0,0.0,0.0,1,7.735,3.815,0.22,0.641,0.891,0.345,0.609,0,0,1
131.1,monitoring,,0,0.0,0.0,1,7.714,3.808,0.32,0.652,0.885,0.343,0.609,0,0,1
131.2,monitoring,,0,0.0,0.0,1,7.687,3.798,0.0,0.679,0.869,0.346,0.613,0,0,1
131.3,monitoring,,0,0.0,0.0,1,7.66,3.789,0.11,0.705,0.823,0.344,0.619,0,0,1
131.4,monitoring,,0,0.0,0.0,1,7.633,3.779,0.0,0.735,0.807,0.345,0.625,0,0,1
131.5,monitoring,,0,0.0,0.0,1,7.606,3.77,0.12,0.761,0.763,0.345,0.632,0,0,1
131.6,monitoring,,0,0.0,0.0,1,7.58,3.76,0.0,0.791,0.748,0.345,0.641,0,0,1
131.7,monitoring,,0,0.0,0.0,1,7.554,3.751,0.11,0.816,0.707,0.344,0.65,0,0,1
131.8,monitoring,,0,0.0,0.0,1,7.534,3.744,0.22,0.846,0.693,0.352,0.658,0,0,1
131.9,monitoring,,0,0.0,0.0,1,7.534,3.744,0.33,0.866,0.662,0.359,0.665,0,0,1
132.0,monitoring,,0,0.0,0.0,1,7.534,3.744,0.43,0.864,0.811,0.361,0.665,0,0,1
132.1,monitoring,,0,0.0,0.0,1,7.534,3.744,0.55,0.863,0.982,0.367,0.666,0,0,1
132.2,monitoring,,0,0.0,0.0,1,7.534,3.744,0.0,0.865,8.267,0.377,0.666,0,0,1
132.3,monitoring,,0,0.0,0.0,1,7.531,3.743,0.11,0.87,3.565,0.386,0.667,0,0,1
132.4,monitoring,,0,0.0,0.0,1,7.513,3.741,0.22,0.875,3.557,0.389,0.667,0,0,1
132.5,monitoring,,0,0.0,0.0,1,7.487,3.737,0.32,0.893,3.538,0.389,0.67,0,0,1
132.6,monitoring,,0,0.0,0.0,1,7.469,3.735,0.0,0.92,3.512,0.39,0.673,0,0,1
132.7,monitoring,,0,0.0,0.0,1,7.443,3.731,0.11,0.946,3.479,0.39,0.676,0,0,1
132.8,monitoring,,0,0.0,0.0,1,7.417,3.727,0.0,0.971,3.454,0.394,0.68,0,0,1
132.9,monitoring,,0,0.0,0.0,1,7.391,3.724,0.12,0.998,3.428,0.397,0.683,0,0,1
133.0,monitoring,,0,0.0,0.0,1,7.365,3.72,0.0,1.023,3.403,0.4,0.686,0,0,1
133.1,monitoring,,0,0.0,0.0,1,7.34,3.717,0.11,1.048,3.378,0.404,0.673,0,0,1
133.2,monitoring,,0,0.0,0.0,1,7.329,3.715,0.21,1.072,3.353,0.407,0.653,0,0,1
133.3,monitoring,,0,0.0,0.0,1,7.329,3.715,0.32,1.087,3.339,0.411,0.645,0,0,1
133.4,monitoring,,0,0.0,0.0,1,7.329,3.715,0.43,1.094,3.335,0.42,0.641,0,0,1
133.5,monitoring,,0,0.0,0.0,1,7.329,3.715,0.0,1.103,3.339,0.43,0.645,0,0,1
133.6,monitoring,,0,0.0,0.0,1,7.329,3.715,0.12,1.103,3.336,0.428,0.642,0,0,1
133.7,monitoring,,0,0.0,0.0,1,7.326,3.716,0.23,1.096,3.331,0.419,0.638,0,0,1
133.8,monitoring,,0,0.0,0.0,1,7.309,3.717,0.34,1.099,3.327,0.416,0.638,0,0,1
133.9,monitoring,,0,0.0,0.0,1,7.282,3.719,0.45,1.117,3.309,0.414,0.627,0,0,1
134.0,monitoring,,0,0.0,0.0,1,7.254,3.722,0.0,1.143,3.282,0.412,0.613,0,0,1
134.1,monitoring,,0,0.0,0.0,1,7.227,3.724,0.1,1.17,3.255,0.41,0.606,0,0,1
134.2,monitoring,,0,0.0,0.0,1,7.199,3.726,0.0,1.198,3.228,0.276,0.591,0,0,1
134.3,monitoring,,0,0.0,0.0,1,7.181,3.728,0.12,1.225,3.201,0.276,0.58,0,0,1
134.4,monitoring,,0,0.0,0.0,1,7.153,3.73,0.23,1.252,3.174,0.276,0.568,0,0,1
134.5,monitoring,,0,0.0,0.0,1,7.126,3.733,0.0,1.278,3.147,0.276,0.561,0,0,1
134.6,monitoring,,0,0.0,0.0,1,7.114,3.734,0.11,1.307,3.12,0.276,0.554,0,0,1
134.7,monitoring,,0,0.0,0.0,1,7.114,3.734,0.21,1.314,3.113,0.279,0.551,0,0,1
134.8,monitoring,,0,0.0,0.0,1,7.114,3.734,0.32,1.314,7.782,0.284,0.551,0,0,1
134.9,monitoring,,0,0.0,0.0,1,7.114,3.734,0.0,1.318,7.834,0.287,0.551,0,0,1
135.0,monitoring,,0,0.0,0.0,1,7.114,3.734,0.12,1.324,7.904,0.289,0.55,0,0,1
135.1,monitoring,,0,0.0,0.0,1,7.111,3.735,0.23,1.333,7.991,0.29,0.55,0,0,1
135.2,monitoring,,0,0.0,0.0,1,7.095,3.74,0.34,1.34,8.008,0.291,0.551,0,0,1
135.3,monitoring,,0,0.0,0.0,1,7.066,3.749,0.0,1.359,7.988,0.291,0.551,0,0,1
135.4,monitoring,,0,0.0,0.0,1,7.037,3.759,0.1,1.388,7.958,0.29,0.552,0,0,1
135.5,monitoring,,0,0.0,0.0,1,7.008,3.768,0.0,1.416,7.929,0.291,0.556,0,0,1
135.6,monitoring,,0,0.0,0.0,1,6.979,3.777,0.11,1.453,7.899,0.291,0.56,0,0,1
135.7,monitoring,,0,0.0,0.0,1,6.95,3.786,0.0,1.481,7.869,0.29,0.567,0,0,1
135.8,monitoring,,0,0.0,0.0,1,6.921,3.796,0.12,1.51,7.839,0.29,0.575,0,0,1
135.9,monitoring,,0,0.0,0.0,1,6.891,3.805,0.0,1.539,7.81,0.291,0.584,0,0,1
136.0,monitoring,,0,0.0,0.0,1,6.872,3.811,0.11,1.568,7.78,0.289,0.592,0,0,1
136.1,monitoring,,0,0.0,0.0,1,6.843,3.821,0.0,1.597,7.75,0.292,0.601,0,0,1
136.2,monitoring,,0,0.0,0.0,1,6.814,3.83,0.11,1.629,7.72,0.303,0.61,0,0,1
136.3,monitoring,,0,0.0,0.0,1,6.811,3.831,0.22,1.657,7.692,0.311,0.618,0,0,1
136.4,monitoring,,0,0.0,0.0,1,6.811,3.831,0.35,1.672,7.777,0.31,0.619,0,0,1
136.5,monitoring,,0,0.0,0.0,1,6.811,3.831,0.46,1.693,7.897,0.309,0.619,0,0,1
136.6,monitoring,,0,0.0,0.0,1,6.811,3.831,0.0,6.633,8.038,0.309,0.62,0,0,1
136.7,monitoring,,0,0.0,0.0,1,6.811,3.831,0.11,6.771,8.201,0.31,0.62,0,0,1
136.8,monitoring,,0,0.0,0.0,1,6.808,3.833,0.22,6.928,7.995,0.312,0.62,0,0,1
136.9,monitoring,,0,0.0,0.0,1,6.793,3.842,0.33,6.971,7.856,0.315,0.623,0,0,1
137.0,monitoring,,0,0.0,0.0,1,6.768,3.857,0.0,6.99,7.837,0.329,0.633,0,0,1
137.1,monitoring,,0,0.0,0.0,1,6.741,3.873,0.12,7.02,7.808,0.347,0.633,0,0,1
137.2,monitoring,,0,0.0,0.0,1,6.715,3.889,0.0,7.049,7.779,0.361,0.633,0,0,1
137.3,monitoring,,0,0.0,0.0,1,6.689,3.905,0.11,7.079,7.75,0.373,0.635,0,0,1
137.4,monitoring,,0,0.0,0.0,1,6.663,3.921,0.0,7.108,7.722,0.373,0.638,0,0,1
137.5,monitoring,,0,0.0,0.0,1,6.637,3.937,0.11,7.138,7.693,0.373,0.642,0,0,1
137.6,monitoring,,0,0.0,0.0,1,6.611,3.953,0.0,7.168,7.664,0.371,0.648,0,0,0
137.7,monitoring,,0,0.0,0.0,1,6.593,3.963,0.11,7.197,7.635,0.371,0.655,0,0,0
137.8,monitoring,,0,0.0,0.0,1,6.567,3.979,0.0,7.227,7.606,0.371,0.663,0,0,0
137.9,monitoring,,0,0.0,0.0,1,6.541,3.995,0.11,7.256,7.578,0.371,0.673,0,0,0
138.0,monitoring,,0,0.0,0.0,1,6.515,4.011,0.0,7.286,7.549,0.388,0.683,0,0,0
138.1,monitoring,,0,0.0,0.0,1,6.489,4.027,0.1,7.316,7.52,0.442,0.694,0,0,0
138.2,monitoring,,0,0.0,0.0,1,6.463,4.043,0.0,7.345,7.491,0.501,0.711,0,0,0
138.3,monitoring,,0,0.0,0.0,1,6.437,4.059,0.1,7.375,7.462,0.548,0.72,0,0,0
138.4,monitoring,,0,0.0,0.0,1,6.41,4.075,0.0,7.404,7.434,0.614,0.735,0,0,0
138.5,monitoring,,0,0.0,0.0,1,6.384,4.091,0.12,7.434,7.405,0.666,0.751,0,0,0
138.6,monitoring,,0,0.0,0.0,1,6.358,4.107,0.0,7.464,7.376,0.721,0.772,0,0,0
138.7,monitoring,,0,0.0,0.0,1,6.338,4.119,0.11,7.493,7.347,0.778,0.789,0,0,0
138.8,monitoring,,0,0.0,0.0,1,6.338,4.119,0.22,7.526,7.297,0.806,0.801,0,0,0
138.9,monitoring,,0,0.0,0.0,1,6.338,4.119,0.32,7.724,6.793,0.742,0.801,0,0,0
139.0,monitoring,,0,0.0,0.0,1,6.338,4.119,0.43,5.03,6.36,0.688,0.802,0,0,0
139.1,monitoring,,0,0.0,0.0,1,6.338,4.119,0.0,5.037,5.867,0.642,0.804,0,0,0
139.2,monitoring,,0,0.0,0.0,1,6.336,4.121,0.13,5.036,5.562,0.614,0.806,0,0,0
139.3,monitoring,,0,0.0,0.0,1,6.324,4.133,0.25,0.829,5.458,0.597,0.81,0,0,0
139.4,monitoring,,0,0.0,0.0,1,6.309,4.146,0.37,5.108,5.441,0.624,0.815,0,0,0
139.5,monitoring,,0,0.0,0.0,1,6.287,4.167,0.0,5.136,5.413,0.662,0.828,0,0,0
139.6,monitoring,,0,0.0,0.0,1,6.265,4.188,0.11,5.165,5.385,0.689,0.848,0,0,0
139.7,monitoring,,0,0.0,0.0,1,6.243,4.209,0.0,5.194,5.356,0.729,0.86,0,0,0
139.8,monitoring,,0,0.0,0.0,1,6.22,4.23,0.13,5.222,5.327,0.771,0.877,0,0,0
139.9,monitoring,,0,0.0,0.0,1,6.198,4.251,0.0,5.251,5.299,0.798,0.898,0,0,0
140.0,monitoring,,0,0.0,0.0,1,6.176,4.272,0.12,5.28,5.27,0.842,0.913,0,0,0
140.1,monitoring,,0,0.0,0.0,1,6.153,4.293,0.0,5.309,5.241,0.869,0.932,0,0,0
140.2,monitoring,,0,0.0,0.0,1,6.131,4.314,0.11,5.338,5.212,0.901,0.952,0,0,0
140.3,monitoring,,0,0.0,0.0,1,6.109,4.335,0.0,5.367,5.184,0.929,0.972,0,0,0
140.4,monitoring,,0,0.0,0.0,1,6.087,4.356,0.11,5.395,5.155,0.957,0.992,0,0,0
140.5,monitoring,,0,0.0,0.0,1,6.064,4.377,0.0,5.424,5.126,1.003,1.013,0,0,0
140.6,monitoring,,0,0.0,0.0,1,6.042,4.398,0.12,5.453,5.098,1.031,1.035,0,0,0
140.7,monitoring,,0,0.0,0.0,1,6.02,4.419,0.0,5.482,5.069,1.059,1.056,0,0,0
140.8,monitoring,,0,0.0,0.0,1,5.997,4.44,0.12,5.511,5.04,1.108,1.079,0,0,0
140.9,monitoring,,0,0.0,0.0,1,5.975,4.461,0.0,5.539,5.012,1.136,1.101,0,0,0
141.0,monitoring,,0,0.0,0.0,1,5.953,4.482,0.11,5.568,4.983,1.165,1.124,0,0,0
141.1,monitoring,,0,0.0,0.0,1,5.938,4.496,0.0,5.597,4.954,1.216,1.147,0,0,0
141.2,monitoring,,0,0.0,0.0,1,5.916,4.517,0.13,5.626,4.925,1.245,1.169,0,0,0
141.3,monitoring,,0,0.0,0.0,1,5.893,4.538,0.0,5.655,4.897,1.274,1.192,0,0,0
141.4,monitoring,,0,0.0,0.0,1,5.871,4.559,0.11,5.685,4.868,1.327,1.215,0,0,0
141.5,monitoring,,0,0.0,0.0,1,5.849,4.58,0.0,5.714,4.839,1.357,1.237,0,0,0
141.6,monitoring,,0,0.0,0.0,1,5.827,4.601,0.11,5.743,4.811,1.386,1.26,0,0,0
141.7,monitoring,,0,0.0,0.0,1,5.804,4.622,0.0,5.772,4.782,1.416,1.283,0,0,0
141.8,monitoring,,0,0.0,0.0,1,5.782,4.643,0.12,5.801,4.753,1.446,1.306,0,0,0
141.9,monitoring,,0,0.0,0.0,1,5.76,4.664,0.0,5.83,4.725,1.502,1.328,0,0,0
142.0,monitoring,,0,0.0,0.0,1,5.738,4.685,0.11,5.86,4.696,1.532,1.351,0,0,0
142.1,monitoring,,0,0.0,0.0,1,5.715,4.705,0.0,5.889,4.667,1.563,1.374,0,0,0
142.2,monitoring,,0,0.0,0.0,1,5.693,4.726,0.1,5.918,4.638,1.593,1.397,0,0,0
142.3,monitoring,,0,0.0,0.0,1,5.671,4.747,0.0,1.717,4.61,1.623,1.419,0,0,0
142.4,monitoring,,0,0.0,0.0,1,5.648,4.768,0.11,1.743,4.581,1.683,1.442,0,0,0
142.5,monitoring,,0,0.0,0.0,1,5.626,4.789,0.0,1.769,4.552,1.714,1.465,0,0,0
142.6,monitoring,,0,0.0,0.0,1,5.604,4.81,0.13,1.795,4.524,1.744,1.487,0,0,0
142.7,monitoring,,0,0.0,0.0,1,5.582,4.831,0.0,1.821,4.414,1.775,1.51,0,0,0
142.8,monitoring,,0,0.0,0.0,1,5.567,4.845,0.11,8.363,4.386,1.806,1.533,0,0,0
142.9,monitoring,,0,0.0,0.0,1,5.544,4.866,0.0,8.392,4.358,2.281,1.556,0,0,0
143.0,monitoring,,0,0.0,0.0,1,5.522,4.887,0.11,8.421,4.33,2.272,1.578,0,0,0
143.1,monitoring,,0,0.0,0.0,1,5.5,4.908,0.0,8.45,4.302,2.28,1.601,0,0,0
143.2,monitoring,,0,0.0,0.0,1,5.478,4.929,0.12,1.986,4.273,2.288,1.624,0,0,0
143.3,monitoring,,0,0.0,0.0,1,5.455,4.95,0.0,2.012,4.245,2.004,1.646,0,0,0
143.4,monitoring,,0,0.0,0.0,1,5.433,4.971,0.11,2.039,4.217,1.973,1.669,0,0,0
143.5,monitoring,,0,0.0,0.0,1,5.411,4.992,0.0,2.065,4.189,1.942,1.692,0,0,0
143.6,monitoring,,0,0.0,0.0,1,5.388,5.013,0.1,8.596,4.161,1.911,1.715,0,0,0
143.701,monitoring,,0,0.0,0.0,1,5.366,5.034,0.0,8.626,4.132,1.846,1.737,0,0,0
143.8,monitoring,,0,0.0,0.0,1,5.344,5.055,0.1,8.655,4.104,1.816,1.76,0,0,0
143.9,monitoring,,0,0.0,0.0,1,5.322,5.076,0.0,8.684,4.076,1.785,1.783,0,0,0
144.0,monitoring,,0,0.0,0.0,1,5.299,5.097,0.13,8.713,4.048,1.754,1.805,0,0,0
144.1,monitoring,,0,0.0,0.0,1,5.291,5.105,0.24,8.742,4.019,1.724,1.828,0,0,0
144.2,monitoring,,0,0.0,0.0,1,5.291,5.105,0.35,2.239,3.935,1.68,1.84,0,0,0
144.3,monitoring,,0,0.0,0.0,1,5.291,5.105,0.46,2.146,3.76,1.581,1.841,0,0,0
144.4,monitoring,,0,0.0,0.0,1,5.291,5.105,0.0,2.033,1.731,1.591,1.842,0,0,0
144.5,monitoring,,0,0.0,0.0,1,5.291,5.105,0.11,1.964,1.629,1.6,1.843,0,0,0
144.6,monitoring,,0,0.0,0.0,1,5.291,5.105,0.24,1.925,1.61,1.604,1.844,0,0,0
144.7,monitoring,,0,0.0,0.0,1,5.287,5.11,0.36,1.929,1.619,1.597,1.845,0,0,0
144.8,monitoring,,0,0.0,0.0,1,5.275,5.129,0.46,1.939,1.607,1.602,1.851,0,0,0
144.9,monitoring,,0,0.0,0.0,1,5.259,5.155,0.0,1.964,1.581,1.596,1.839,0,0,0
145.0,monitoring,,0,0.0,0.0,1,5.242,5.181,0.11,1.992,1.551,1.598,1.809,0,0,0
145.1,monitoring,,0,0.0,0.0,1,5.226,5.206,0.0,2.021,1.521,1.599,1.779,0,0,0
145.2,monitoring,,0,0.0,0.0,1,5.209,5.232,0.11,2.049,1.491,1.6,1.749,0,0,0
145.3,monitoring,,0,0.0,0.0,1,5.192,5.258,0.0,2.078,1.461,1.602,1.719,0,0,0
145.4,monitoring,,0,0.0,0.0,1,5.176,5.283,0.12,2.106,1.431,1.603,1.689,0,0,0
145.5,monitoring,,0,0.0,0.0,1,5.159,5.309,0.0,2.135,1.402,1.672,1.659,0,0,0
145.6,monitoring,,0,0.0,0.0,1,5.142,5.335,0.11,2.168,1.372,1.708,1.63,0,0,0
145.7,monitoring,,0,0.0,0.0,1,5.126,5.36,0.0,2.202,1.341,1.743,1.6,0,0,0
145.8,monitoring,,0,0.0,0.0,1,5.109,5.386,0.11,2.235,1.31,1.778,1.57,0,0,0
145.9,monitoring,,0,0.0,0.0,1,5.093,5.412,0.0,2.268,1.28,1.814,1.541,0,0,0
146.0,monitoring,,0,0.0,0.0,1,5.076,5.438,0.12,2.301,1.25,1.849,1.51,0,0,0
146.1,monitoring,,0,0.0,0.0,1,5.059,5.463,0.0,2.334,1.22,1.924,1.48,0,0,0
146.2,monitoring,,0,0.0,0.0,1,5.048,5.48,0.11,2.363,1.19,1.96,1.451,0,0,0
146.3,monitoring,,0,0.0,0.0,1,5.032,5.506,0.0,2.392,1.159,1.996,1.421,0,0,0
146.4,monitoring,,0,0.0,0.0,1,5.015,5.532,0.11,2.42,1.129,2.032,1.391,0,0,0
146.5,monitoring,,0,0.0,0.0,1,4.999,5.557,0.0,2.449,1.099,2.068,1.362,0,0,0
146.6,monitoring,,0,0.0,0.0,1,4.982,5.583,0.11,2.478,1.069,2.104,1.332,0,0,0
146.7,monitoring,,0,0.0,0.0,1,4.965,5.609,0.0,2.507,1.039,2.186,1.302,0,0,0
146.8,monitoring,,0,0.0,0.0,1,4.949,5.635,0.12,2.536,1.01,2.223,1.272,0,0,0
146.9,monitoring,,0,0.0,0.0,1,4.932,5.66,0.0,2.565,0.979,2.259,1.242,0,0,0
147.0,monitoring,,0,0.0,0.0,1,4.915,5.686,0.1,2.593,0.949,2.296,1.213,0,0,0
147.1,monitoring,,0,0.0,0.0,1,4.899,5.712,0.0,2.622,0.919,2.333,1.183,0,0,0
147.2,monitoring,,0,0.0,0.0,1,4.887,5.731,0.12,2.651,0.89,2.369,1.153,0,0,0
147.3,monitoring,,0,0.0,0.0,1,4.887,5.731,0.24,2.67,0.866,2.402,1.129,0,0,0
147.4,monitoring,,0,0.0,0.0,1,4.887,5.731,0.36,2.681,0.873,2.337,1.128,0,0,0
147.5,monitoring,,0,0.0,0.0,1,4.887,5.731,0.48,2.685,0.875,2.302,1.127,0,0,0
147.6,monitoring,,0,0.0,0.0,1,4.887,5.731,0.0,2.684,0.875,2.313,1.125,0,0,0
147.7,monitoring,,0,0.0,0.0,1,4.885,5.734,0.11,2.842,0.873,2.307,1.124,0,0,0
147.8,monitoring,,0,0.0,0.0,1,4.879,5.75,0.21,3.017,0.868,2.3,1.12,0,0,0
147.9,monitoring,,0,0.0,0.0,1,4.872,5.768,0.32,3.033,0.85,2.309,1.102,0,0,0
148.0,monitoring,,0,0.0,0.0,1,4.862,5.796,0.0,3.058,0.821,2.303,1.073,0,0,0
148.1,monitoring,,0,0.0,0.0,1,4.851,5.824,0.13,3.083,0.792,2.304,1.045,0,0,0
148.2,monitoring,,0,0.0,0.0,1,4.841,5.851,0.0,3.108,0.764,2.311,1.016,0,0,0
148.3,monitoring,,0,0.0,0.0,1,4.83,5.878,0.11,3.133,0.735,2.306,0.987,0,0,0
148.4,monitoring,,0,0.0,0.0,1,4.82,5.904,0.0,3.157,0.707,2.301,0.959,0,0,0
148.5,monitoring,,0,0.0,0.0,1,4.81,5.93,0.11,3.181,0.679,2.314,0.931,0,0,0
148.6,monitoring,,0,0.0,0.0,1,4.801,5.953,0.0,3.204,0.653,2.306,0.905,0,0,0
148.7,monitoring,,0,0.0,0.0,1,4.793,5.975,0.11,3.225,0.628,2.299,0.881,0,0,0
148.8,monitoring,,0,0.0,0.0,1,4.785,5.996,0.23,3.245,0.606,2.309,0.858,0,0,0
148.9,monitoring,,0,0.0,0.0,1,4.781,6.005,0.0,3.264,0.584,2.301,0.836,0,0,0
149.0,monitoring,,0,0.0,0.0,1,4.781,6.005,0.11,3.412,0.573,2.303,0.826,0,0,0
149.1,monitoring,,0,0.0,0.0,1,4.781,6.005,0.23,3.89,0.565,2.313,0.825,0,0,0
149.2,monitoring,,0,0.0,0.0,1,4.781,6.005,0.35,5.186,0.558,2.317,0.823,0,0,0
149.3,monitoring,,0,0.0,0.0,1,4.781,6.005,0.0,5.159,0.549,2.313,0.822,0,0,0
149.4,monitoring,,0,0.0,0.0,1,4.781,6.006,0.11,5.98,0.537,2.432,0.821,0,0,0
149.5,monitoring,,0,0.0,0.0,1,4.78,6.017,0.24,6.803,0.529,5.295,0.819,0,0,0
149.6,monitoring,,0,0.0,0.0,1,4.778,6.032,0.36,6.814,0.518,2.839,0.808,0,0,0
149.7,monitoring,,0,0.0,0.0,1,4.775,6.054,0.47,6.836,0.495,2.762,0.787,0,0,0
149.8,monitoring,,0,0.0,0.0,1,4.772,6.076,0.0,6.858,0.475,2.683,0.766,0,0,0
149.9,monitoring,,0,0.0,0.0,1,4.771,6.086,0.11,6.88,0.452,2.454,0.745,0,0,0
150.0,monitoring,,0,0.0,0.0,1,4.771,6.086,0.21,6.854,0.445,5.254,0.738,0,0,0
150.1,monitoring,,0,0.0,0.0,1,4.771,6.086,0.32,6.813,0.447,2.172,0.737,0,0,0
150.2,monitoring,,0,0.0,0.0,1,4.771,6.086,0.0,6.786,0.458,2.169,0.736,0,0,0
150.3,monitoring,,0,0.0,0.0,1,4.771,6.086,0.12,6.772,0.497,2.171,0.734,0,0,0
150.4,monitoring,,0,0.0,0.0,1,4.771,6.088,0.22,6.773,1.726,2.178,0.733,0,0,0
150.5,monitoring,,0,0.0,0.0,1,4.773,6.105,0.33,6.777,1.72,2.177,0.729,0,0,0
150.6,monitoring,,0,0.0,0.0,1,4.775,6.128,0.44,6.796,1.702,2.177,0.713,0,0,0
150.7,monitoring,,0,0.0,0.0,1,4.776,6.138,0.0,6.818,1.68,2.177,0.694,0,0,0
150.8,monitoring,,0,0.0,0.0,1,4.776,6.138,0.11,6.828,1.666,2.174,0.685,0,0,0
150.9,monitoring,,0,0.0,0.0,1,4.776,6.138,0.24,6.837,1.657,2.169,0.684,0,0,0
151.0,monitoring,,0,0.0,0.0,1,4.776,6.138,0.35,5.272,1.652,2.17,0.683,0,0,0
151.1,monitoring,,0,0.0,0.0,1,4.776,6.138,0.0,5.249,1.651,2.175,0.682,0,0,0
151.2,monitoring,,0,0.0,0.0,1,4.777,6.14,0.11,5.249,1.654,2.186,0.68,0,0,0
151.3,monitoring,,0,0.0,0.0,1,4.78,6.149,0.21,2.586,1.654,2.191,0.678,0,0,0
151.4,monitoring,,0,0.0,0.0,1,4.787,6.17,0.32,2.598,1.638,2.188,0.667,0,0,0
151.5,monitoring,,0,0.0,0.0,1,4.79,6.179,0.43,2.614,1.614,2.183,0.652,0,0,0
151.6,monitoring,,0,0.0,0.0,1,4.79,6.179,0.55,2.279,1.612,2.191,0.647,0,0,0
151.7,monitoring,,0,0.0,0.0,1,4.79,6.179,0.67,2.147,1.625,2.211,0.646,0,0,0
151.8,monitoring,,0,0.0,0.0,1,4.79,6.179,0.0,2.152,1.64,2.237,0.646,0,0,0
151.9,monitoring,,0,0.0,0.0,1,4.79,6.179,0.11,2.152,1.658,2.267,0.644,0,0,0
152.0,monitoring,,0,0.0,0.0,1,4.79,6.179,0.21,2.155,1.68,0.387,0.643,0,0,0
152.1,monitoring,,0,0.0,0.0,1,4.79,6.179,0.32,2.157,1.706,0.352,0.643,0,0,0
152.2,monitoring,,0,0.0,0.0,1,4.79,6.179,0.0,2.185,1.738,0.335,0.642,0,0,0
152.3,monitoring,,0,0.0,0.0,1,4.79,6.179,0.12,2.236,1.774,0.332,0.641,0,0,0
152.4,monitoring,,0,0.0,0.0,1,4.79,6.179,0.23,2.295,1.816,0.334,0.64,0,0,0
152.5,monitoring,,0,0.0,0.0,1,4.79,6.179,0.34,2.362,1.886,0.343,0.639,0,0,0
152.6,monitoring,,0,0.0,0.0,1,4.79,6.179,0.0,2.47,1.943,0.352,0.638,0,0,0
152.7,monitoring,,0,0.0,0.0,1,4.79,6.179,0.11,2.56,2.007,0.359,0.637,0,0,0
152.8,monitoring,,0,0.0,0.0,1,4.79,6.179,0.21,2.662,2.081,0.365,0.636,0,0,0
152.9,monitoring,,0,0.0,0.0,1,4.8,6.186,0.32,2.748,2.177,0.369,0.635,0,0,0
153.0,monitoring,,0,0.0,0.0,1,4.811,6.195,0.45,2.759,2.166,0.369,0.634,0,0,0
153.1,monitoring,,0,0.0,0.0,1,4.829,6.209,0.56,2.779,2.146,0.369,0.632,0,0,0
153.2,monitoring,,0,0.0,0.0,1,4.847,6.222,0.0,2.799,2.127,0.369,0.631,0,0,0
153.3,monitoring,,0,0.0,0.0,1,4.865,6.236,0.11,2.819,2.073,0.369,0.629,0,0,0
153.4,monitoring,,0,0.0,0.0,1,4.867,6.237,0.0,2.817,2.038,0.369,0.629,0,0,0
153.5,monitoring,,0,0.0,0.0,1,4.867,6.237,0.0,2.488,1.787,0.358,0.63,0,0,0
153.6,monitoring,,0,0.0,0.0,1,4.867,6.237,0.0,2.252,1.638,0.327,0.631,0,0,0
153.7,monitoring,,0,0.0,0.0,1,4.867,6.237,0.0,2.244,1.554,0.354,0.632,0,0,0
153.8,monitoring,,0,0.0,0.0,1,4.867,6.237,0.0,5.38,1.528,2.091,0.633,0,0,0
153.9,monitoring,,0,0.0,0.0,1,4.867,6.237,0.0,6.948,1.544,2.099,0.635,0,0,0
154.0,monitoring,,0,0.0,0.0,1,4.867,6.237,0.1,7.034,0.376,2.178,0.637,0,0,0
154.1,monitoring,,0,0.0,0.0,1,4.867,6.237,0.0,4.306,0.335,2.192,0.638,0,0,0
154.2,monitoring,,0,0.0,0.0,1,4.867,6.237,0.11,3.206,0.361,2.255,0.64,0,0,0
154.3,monitoring,,0,0.0,0.0,1,4.867,6.237,0.0,3.183,0.379,2.358,0.642,0,0,0
154.401,monitoring,,0,0.0,0.0,1,4.867,6.237,0.13,3.198,0.39,2.468,0.643,0,0,0
154.401,monitoring,,0,0.0,0.0,1,4.867,6.237,0.13,3.198,0.39,2.468,0.643,0,0,0
154.6,monitoring,,0,0.0,0.0,1,4.867,6.237,0.35,3.299,0.394,2.447,0.645,0,0,0
154.7,monitoring,,0,0.0,0.0,1,4.867,6.237,0.45,3.299,0.394,2.447,0.645,0,0,0
154.8,monitoring,,0,0.0,0.0,1,4.867,6.237,0.55,3.299,0.394,2.447,0.645,0,0,0
154.9,monitoring,,0,0.0,0.0,1,4.867,6.237,0.66,3.299,0.394,2.447,0.645,0,0,0
155.0,monitoring,,0,0.0,0.0,1,4.867,6.237,0.76,3.299,0.394,2.447,0.645,0,0,0
155.1,monitoring,,0,0.0,0.0,1,4.867,6.237,0.87,3.299,0.394,2.447,0.645,0,0,0
155.2,monitoring,,0,0.0,0.0,1,4.867,6.237,1.0,3.299,0.394,2.447,0.645,0,0,0
155.3,monitoring,,0,0.0,0.0,1,4.867,6.237,1.11,3.299,0.394,2.447,0.645,0,0,0
155.4,monitoring,,0,0.0,0.0,1,4.867,6.237,1.21,3.299,0.394,2.447,0.645,0,0,0
155.5,monitoring,,0,0.0,0.0,1,4.867,6.237,1.32,3.299,0.394,2.447,0.645,0,0,0
155.6,monitoring,,0,0.0,0.0,1,4.867,6.237,1.42,3.299,0.394,2.447,0.645,0,0,0
155.7,monitoring,,0,0.0,0.0,1,4.867,6.237,1.53,3.299,0.394,2.447,0.645,0,0,0
155.8,monitoring,,0,0.0,0.0,1,4.867,6.237,1.64,3.299,0.394,2.447,0.645,0,0,0
155.9,monitoring,,0,0.0,0.0,1,4.867,6.237,1.76,3.299,0.394,2.447,0.645,0,0,0
156.0,monitoring,,0,0.0,0.0,1,4.867,6.237,1.87,3.299,0.394,2.447,0.645,0,0,0
156.1,monitoring,,0,0.0,0.0,1,4.867,6.237,1.98,3.299,0.394,2.447,0.645,0,0,0
156.2,monitoring,,0,0.0,0.0,1,4.867,6.237,2.08,3.299,0.394,2.447,0.645,0,0,0
156.3,monitoring,,0,0.0,0.0,1,4.867,6.237,2.18,3.299,0.394,2.447,0.645,0,0,0
156.4,monitoring,,0,0.0,0.0,1,4.867,6.237,2.28,3.299,0.394,2.447,0.645,0,0,0
156.5,monitoring,,0,0.0,0.0,1,4.867,6.237,2.39,3.299,0.394,2.447,0.645,0,0,0
156.6,monitoring,,0,0.0,0.0,1,4.867,6.237,2.51,3.299,0.394,2.447,0.645,0,0,0
156.7,monitoring,,0,0.0,0.0,1,4.867,6.237,2.62,3.299,0.394,2.447,0.645,0,0,0
156.8,monitoring,,0,0.0,0.0,1,4.867,6.237,2.73,3.299,0.394,2.447,0.645,0,0,0
156.9,monitoring,,0,0.0,0.0,1,4.867,6.237,2.83,3.299,0.394,2.447,0.645,0,0,0
157.0,monitoring,,0,0.0,0.0,1,4.867,6.237,2.93,3.299,0.394,2.447,0.645,0,0,0
157.1,monitoring,,0,0.0,0.0,1,4.867,6.237,3.04,3.299,0.394,2.447,0.645,0,0,0
157.2,monitoring,,0,0.0,0.0,1,4.867,6.237,3.15,3.299,0.394,2.447,0.645,0,0,0
157.3,monitoring,,0,0.0,0.0,1,4.867,6.237,3.27,3.299,0.394,2.447,0.645,0,0,0
157.4,monitoring,,0,0.0,0.0,1,4.867,6.237,3.39,3.299,0.394,2.447,0.645,0,0,0
157.5,monitoring,,0,0.0,0.0,1,4.867,6.237,3.49,3.299,0.394,2.447,0.645,0,0,0
157.6,monitoring,,0,0.0,0.0,1,4.867,6.237,3.6,3.299,0.394,2.447,0.645,0,0,0
157.7,monitoring,,0,0.0,0.0,1,4.867,6.237,3.7,3.299,0.394,2.447,0.645,0,0,0
157.8,monitoring,,0,0.0,0.0,1,4.867,6.237,3.81,3.299,0.394,2.447,0.645,0,0,0
157.9,monitoring,,0,0.0,0.0,1,4.867,6.237,3.93,3.299,0.394,2.447,0.645,0,0,0
158.0,monitoring,,0,0.0,0.0,1,4.867,6.237,4.04,3.299,0.394,2.447,0.645,0,0,0
158.1,monitoring,,0,0.0,0.0,1,4.867,6.237,4.16,3.299,0.394,2.447,0.645,0,0,0
158.2,monitoring,,0,0.0,0.0,1,4.867,6.237,4.27,3.299,0.394,2.447,0.645,0,0,0
158.3,monitoring,,0,0.0,0.0,1,4.867,6.237,4.37,3.299,0.394,2.447,0.645,0,0,0
158.4,monitoring,,0,0.0,0.0,1,4.867,6.237,4.48,3.299,0.394,2.447,0.645,0,0,0
158.5,monitoring,,0,0.0,0.0,1,4.867,6.237,4.58,3.299,0.394,2.447,0.645,0,0,0
158.6,monitoring,,0,0.0,0.0,1,4.867,6.237,4.69,3.299,0.394,2.447,0.645,0,0,0
158.7,monitoring,,0,0.0,0.0,1,4.867,6.237,4.81,3.299,0.394,2.447,0.645,0,0,0
158.8,monitoring,,0,0.0,0.0,1,4.867,6.237,4.93,3.299,0.394,2.447,0.645,0,0,0
158.9,reversing,timeout,1,-0.25,0.0,1,4.867,6.237,5.03,3.299,0.394,2.447,0.645,0,0,0
159.0,reversing,timeout,1,-0.25,0.0,1,4.878,6.22,5.14,3.299,0.394,2.447,0.645,0,0,0
159.1,reversing,timeout,1,-0.25,0.0,1,4.892,6.199,5.24,3.28,0.414,2.47,0.665,0,0,0
159.2,reversing,timeout,1,-0.25,0.0,1,4.905,6.177,5.35,3.256,0.439,2.5,0.69,0,0,0
159.3,reversing,timeout,1,-0.25,0.0,1,4.919,6.156,5.46,3.232,0.464,2.504,0.715,0,0,0
159.4,reversing,timeout,1,-0.25,0.0,1,4.933,6.135,5.58,3.209,0.489,2.486,0.74,0,0,0
159.5,reversing,timeout,1,-0.25,0.0,1,4.947,6.113,5.69,3.185,0.514,2.468,0.765,0,0,0
159.6,reversing,timeout,1,-0.25,0.0,1,4.961,6.092,5.8,3.161,0.539,2.45,0.79,0,0,0
159.7,reversing,timeout,1,-0.25,0.0,1,4.975,6.071,5.91,3.137,0.564,2.432,0.815,0,0,0
159.8,reversing,timeout,1,-0.25,0.0,1,4.984,6.056,6.02,3.114,0.589,2.414,0.84,0,0,0
159.9,reversing,timeout,1,-0.25,0.0,1,4.998,6.035,6.12,3.09,0.614,2.396,0.864,0,0,0
160.0,reversing,timeout,1,-0.25,0.0,1,5.012,6.014,6.24,3.066,0.639,2.378,0.889,0,0,0
160.1,reversing,timeout,1,-0.25,0.0,1,5.026,5.992,6.36,3.043,0.664,2.36,0.914,0,0,0
160.2,grace,timeout,1,0.0,0.0,1,5.04,5.971,6.48,3.019,0.689,2.342,0.939,0,0,0
160.3,grace,timeout,0,0.0,0.0,1,5.052,5.953,6.59,2.995,0.714,2.324,0.964,0,0,0
160.4,grace,timeout,0,0.0,0.0,1,5.055,5.948,6.69,2.978,0.731,2.312,0.982,0,0,0
160.5,grace,timeout,0,0.0,0.0,1,5.055,5.948,6.79,2.975,0.735,2.309,0.986,0,0,0
160.6,grace,timeout,0,0.0,0.0,1,5.055,5.948,6.9,2.975,0.735,2.309,0.986,0,0,0
160.7,grace,timeout,0,0.0,0.0,1,5.055,5.948,7.0,2.975,0.735,2.309,0.986,0,0,0
160.8,grace,timeout,0,0.0,0.0,1,5.054,5.95,7.12,2.975,0.735,2.309,0.986,0,0,0
160.9,grace,timeout,0,0.0,0.0,1,5.045,5.964,7.25,2.979,0.731,2.312,0.982,0,0,0
161.0,grace,timeout,0,0.0,0.0,1,5.032,5.983,7.36,2.996,0.713,2.325,0.964,0,0,0
161.1,grace,timeout,0,0.0,0.0,1,5.02,6.002,7.46,3.017,0.691,2.341,0.941,0,0,0
161.2,grace,timeout,0,0.0,0.0,1,5.008,6.021,7.57,3.038,0.669,2.357,0.919,0,0,0
161.3,grace,timeout,0,0.0,0.0,1,4.995,6.039,7.67,3.059,0.647,2.373,0.897,0,0,0
161.4,grace,timeout,0,0.0,0.0,1,4.983,6.058,7.79,3.08,0.625,2.388,0.875,0,0,0
161.5,grace,timeout,0,0.0,0.0,1,4.975,6.071,7.91,3.101,0.603,2.404,0.853,0,0,0
161.6,grace,timeout,0,0.0,0.0,1,4.963,6.09,8.03,3.121,0.581,2.42,0.831,0,0,0
161.7,grace,timeout,0,0.0,0.0,1,4.951,6.108,8.14,3.142,0.559,2.436,0.809,0,0,0
161.8,grace,timeout,0,0.0,0.0,1,4.938,6.127,8.25,3.163,0.537,2.451,0.787,0,0,0
161.9,grace,timeout,0,0.0,0.0,1,4.926,6.146,8.35,3.184,0.515,2.467,0.765,0,0,0
162.0,grace,timeout,0,0.0,0.0,1,4.914,6.165,8.46,3.205,0.493,2.483,0.743,0,0,0
162.1,monitoring,timeout,0,0.0,0.0,1,4.908,6.173,,3.226,0.471,2.499,0.721,0,0,0
162.2,monitoring,timeout,0,0.0,0.0,1,4.908,6.173,0.0,3.302,0.464,2.443,0.714,0,0,0
162.3,monitoring,timeout,0,0.0,0.0,1,4.908,6.173,0.12,9.113,0.464,2.315,0.715,0,0,0
162.4,monitoring,timeout,0,0.0,0.0,1,4.908,6.173,0.23,9.62,0.463,2.22,0.716,0,0,0
162.5,monitoring,timeout,0,0.0,0.0,1,4.908,6.173,0.34,7.547,0.459,2.105,0.718,0,0,0
162.6,monitoring,timeout,0,0.0,0.0,1,4.908,6.173,0.0,2.629,0.456,2.034,0.719,0,0,0
162.7,monitoring,timeout,0,0.0,0.0,1,4.908,6.173,0.11,2.545,0.45,1.972,0.72,0,0,0
162.8,monitoring,timeout,0,0.0,0.0,1,4.908,6.173,0.22,2.471,0.443,1.916,0.722,0,0,0
162.9,monitoring,timeout,0,0.0,0.0,1,4.908,6.173,0.35,2.38,0.434,1.847,0.723,0,0,0
163.0,monitoring,timeout,0,0.0,0.0,1,4.908,6.173,0.0,2.324,0.428,1.806,0.724,0,0,0
163.1,monitoring,timeout,0,0.0,0.0,1,4.908,6.173,0.11,2.275,0.429,1.77,0.726,0,0,0
163.2,monitoring,timeout,0,0.0,0.0,1,4.908,6.173,0.21,2.232,0.437,1.739,0.727,0,0,0
163.3,monitoring,timeout,0,0.0,0.0,1,4.908,6.173,0.32,2.195,0.463,1.712,0.728,0,0,0
163.4,monitoring,timeout,0,0.0,0.0,1,4.908,6.173,,2.162,4.275,1.69,0.73,0,0,0
163.5,monitoring,timeout,0,0.0,0.0,1,4.908,6.173,,2.135,4.937,1.671,0.731,0,0,0
163.6,monitoring,timeout,0,0.0,0.0,0,4.908,6.173,,2.113,5.5,1.656,0.733,0,0,0
163.7,monitoring,timeout,0,0.0,0.0,0,4.908,6.173,,2.086,5.444,1.644,0.734,0,0,0
163.8,monitoring,timeout,0,0.0,0.0,0,4.908,6.173,,2.083,5.434,1.643,0.735,0,0,0
163.9,monitoring,timeout,0,0.0,0.0,0,4.908,6.173,,2.083,5.434,1.643,0.735,0,0,0
164.0,monitoring,timeout,0,0.0,0.0,0,4.908,6.173,,2.083,5.434,1.643,0.735,0,0,0
164.1,monitoring,timeout,0,0.0,0.0,0,4.908,6.173,,2.083,5.434,1.643,0.735,0,0,0
164.2,monitoring,timeout,0,0.0,0.0,0,4.908,6.173,,2.083,5.434,1.643,0.735,0,0,0
164.3,monitoring,timeout,0,0.0,0.0,0,4.908,6.173,,2.083,5.434,1.643,0.735,0,0,0
164.4,monitoring,timeout,0,0.0,0.0,0,4.908,6.173,,2.083,5.434,1.643,0.735,0,0,0
164.5,monitoring,timeout,0,0.0,0.0,0,4.908,6.173,,2.083,5.434,1.643,0.735,0,0,0
164.6,monitoring,timeout,0,0.0,0.0,0,4.908,6.173,,2.083,5.434,1.643,0.735,0,0,0
164.7,monitoring,timeout,0,0.0,0.0,0,4.908,6.173,,2.083,5.434,1.643,0.735,0,0,0
164.8,monitoring,timeout,0,0.0,0.0,0,4.908,6.173,0.0,2.083,5.434,1.643,0.735,0,0,0
164.9,monitoring,timeout,0,0.0,0.0,1,4.908,6.173,0.11,2.078,5.414,1.639,0.735,0,0,0
165.0,monitoring,timeout,0,0.0,0.0,1,4.908,6.173,0.0,2.067,5.323,1.632,0.739,0,0,0
165.1,monitoring,timeout,0,0.0,0.0,1,4.908,6.173,0.13,2.055,5.338,1.627,0.743,0,0,0
165.2,monitoring,timeout,0,0.0,0.0,1,4.908,6.173,0.0,2.17,5.439,0.506,0.747,0,0,0
165.3,monitoring,timeout,0,0.0,0.0,1,4.908,6.173,0.1,2.168,5.599,0.447,0.75,0,0,0
165.4,monitoring,timeout,0,0.0,0.0,1,4.908,6.173,0.0,2.174,4.626,0.459,0.753,0,0,0
165.5,monitoring,timeout,0,0.0,0.0,1,4.908,6.173,0.11,2.235,3.927,0.477,0.757,0,0,0
165.6,monitoring,timeout,0,0.0,0.0,1,4.908,6.173,0.22,2.297,3.805,0.49,0.76,0,0,0
165.7,monitoring,timeout,0,0.0,0.0,1,4.908,6.173,0.0,2.359,3.813,0.498,0.763,0,0,0
165.8,monitoring,timeout,0,0.0,0.0,1,4.908,6.173,0.12,2.42,3.077,0.504,0.766,0,0,0
165.9,monitoring,timeout,0,0.0,0.0,1,4.908,6.173,0.23,2.485,2.869,0.509,0.769,0,0,0
166.0,monitoring,timeout,0,0.0,0.0,1,4.908,6.173,0.34,2.336,2.741,0.512,0.772,0,0,0
166.1,monitoring,timeout,0,0.0,0.0,1,4.908,6.173,0.0,2.244,2.628,0.513,0.775,0,0,0
166.2,monitoring,timeout,0,0.0,0.0,1,4.908,6.173,0.11,2.163,2.527,0.513,0.779,0,0,0
166.3,monitoring,timeout,0,0.0,0.0,1,4.908,6.173,0.21,2.063,2.405,0.512,0.782,0,0,0
166.4,monitoring,timeout,0,0.0,0.0,1,4.908,6.173,0.33,2.002,2.329,0.508,0.785,0,0,0
166.5,monitoring,timeout,0,0.0,0.0,1,4.908,6.173,0.0,1.947,2.262,0.503,0.788,0,0,0
166.6,monitoring,timeout,0,0.0,0.0,1,4.908,6.173,0.11,1.899,2.203,0.497,0.791,0,0,0
166.7,monitoring,timeout,0,0.0,0.0,1,4.908,6.173,0.22,1.857,2.151,0.496,0.794,0,0,0
166.8,monitoring,timeout,0,0.0,0.0,1,4.908,6.173,0.33,1.803,2.163,0.501,0.797,0,0,0
166.9,monitoring,timeout,0,0.0,0.0,1,4.908,6.173,0.0,1.772,2.171,0.513,0.8,0,0,0
167.0,monitoring,timeout,0,0.0,0.0,1,4.908,6.173,0.11,1.745,2.174,0.55,0.802,0,0,0
167.1,monitoring,timeout,0,0.0,0.0,1,4.908,6.173,0.23,1.723,2.158,2.069,0.806,0,0,0
167.2,monitoring,timeout,0,0.0,0.0,1,4.908,6.173,0.35,1.704,2.214,2.039,0.808,0,0,0
167.3,monitoring,timeout,0,0.0,0.0,1,4.908,6.173,0.0,1.688,2.577,2.014,0.811,0,0,0
167.4,monitoring,timeout,0,0.0,0.0,1,4.908,6.173,0.11,1.677,5.278,1.993,0.813,0,0,0
167.5,monitoring,timeout,0,0.0,0.0,1,4.907,6.167,0.22,1.668,5.273,1.977,0.816,0,0,0
167.6,monitoring,timeout,0,0.0,0.0,1,4.901,6.146,0.32,1.677,5.265,1.978,0.821,0,0,0
167.7,monitoring,timeout,0,0.0,0.0,1,4.894,6.116,0.0,1.7,5.241,1.983,0.836,0,0,0
167.8,monitoring,timeout,0,0.0,0.0,1,4.886,6.087,0.12,1.729,5.211,1.99,0.854,0,0,0
167.9,monitoring,timeout,0,0.0,0.0,1,4.878,6.057,0.0,1.759,5.181,1.996,0.873,0,0,0
168.0,monitoring,timeout,0,0.0,0.0,1,4.871,6.027,0.11,1.788,5.151,2.002,0.892,0,0,0
168.1,monitoring,timeout,0,0.0,0.0,1,4.863,5.998,0.0,1.817,5.121,2.009,0.911,0,0,0
168.2,monitoring,timeout,0,0.0,0.0,1,4.855,5.968,0.11,1.853,5.091,2.015,0.932,0,0,0
168.3,monitoring,timeout,0,0.0,0.0,1,4.85,5.948,0.0,1.882,5.061,2.022,0.953,0,0,0
168.4,monitoring,timeout,0,0.0,0.0,1,4.843,5.919,0.11,1.911,5.031,2.028,0.974,0,0,0
168.5,monitoring,timeout,0,0.0,0.0,1,4.835,5.889,0.0,1.94,5.001,2.034,0.995,0,0,0
168.6,monitoring,timeout,0,0.0,0.0,1,4.828,5.859,0.12,1.97,4.971,2.041,1.017,0,0,0
168.7,monitoring,timeout,0,0.0,0.0,1,4.82,5.83,0.0,1.999,4.941,2.047,1.039,0,0,0
168.8,monitoring,timeout,0,0.0,0.0,1,4.812,5.8,0.11,2.028,4.911,2.053,1.062,0,0,0
168.9,monitoring,timeout,0,0.0,0.0,1,4.805,5.77,0.0,2.057,4.881,2.06,1.085,0,0,0
169.0,monitoring,timeout,0,0.0,0.0,1,4.797,5.741,0.12,2.087,4.851,2.066,1.108,0,0,0
169.1,monitoring,timeout,0,0.0,0.0,1,4.789,5.711,0.0,2.123,4.821,2.073,1.131,0,0,0
169.2,monitoring,timeout,0,0.0,0.0,1,4.782,5.681,0.12,2.153,4.791,2.079,1.155,0,0,0
169.3,monitoring,timeout,0,0.0,0.0,1,4.774,5.652,0.0,2.182,4.761,2.085,1.179,0,0,0
169.4,monitoring,timeout,0,0.0,0.0,1,4.767,5.622,0.11,2.211,4.731,2.092,1.204,0,0,0
169.5,monitoring,timeout,0,0.0,0.0,1,4.759,5.593,0.0,2.241,4.701,2.098,1.227,0,0,0
169.6,monitoring,timeout,0,0.0,0.0,1,4.751,5.563,0.11,2.27,4.671,2.105,1.252,0,0,0
169.7,monitoring,timeout,0,0.0,0.0,1,4.744,5.533,0.0,2.299,4.641,2.111,1.277,0,0,0
169.8,monitoring,timeout,0,0.0,0.0,1,4.736,5.504,0.11,2.329,4.611,2.117,1.302,0,0,0
169.9,monitoring,timeout,0,0.0,0.0,1,4.729,5.474,0.0,2.358,4.581,2.124,1.327,0,0,1
170.0,monitoring,timeout,0,0.0,0.0,1,4.723,5.454,0.12,2.388,4.551,2.13,1.352,0,0,1
170.1,monitoring,timeout,0,0.0,0.0,1,4.716,5.425,0.0,2.417,4.521,2.136,1.378,0,0,1
170.2,monitoring,timeout,0,0.0,0.0,1,4.708,5.395,0.11,2.455,4.491,2.151,1.404,0,0,1
170.3,monitoring,timeout,0,0.0,0.0,1,4.701,5.365,0.0,2.484,4.461,2.157,1.43,0,0,1
170.4,monitoring,timeout,0,0.0,0.0,1,4.693,5.336,0.11,2.514,4.432,2.163,1.456,0,0,1
170.5,monitoring,timeout,0,0.0,0.0,1,4.685,5.306,0.0,2.543,4.402,2.17,1.482,0,0,1
170.6,monitoring,timeout,0,0.0,0.0,1,4.678,5.276,0.12,2.573,4.372,2.176,1.508,0,0,1
170.7,monitoring,timeout,0,0.0,0.0,1,4.67,5.247,0.0,2.602,4.342,2.183,1.534,0,0,1
170.8,monitoring,timeout,0,0.0,0.0,1,4.662,5.217,0.11,2.631,4.312,2.189,1.511,0,0,1
170.9,monitoring,timeout,0,0.0,0.0,1,4.655,5.188,0.0,2.661,4.282,2.195,1.478,0,0,1
171.0,monitoring,timeout,0,0.0,0.0,1,4.647,5.158,0.11,2.69,4.252,2.202,1.456,0,0,1
171.1,monitoring,timeout,0,0.0,0.0,1,4.64,5.128,0.0,2.72,4.222,2.208,1.423,0,0,1
171.2,monitoring,timeout,0,0.0,0.0,1,4.632,5.099,0.11,2.749,4.192,2.215,1.397,0,0,1
171.3,monitoring,timeout,0,0.0,0.0,1,4.624,5.069,0.0,2.779,4.162,2.221,1.373,0,0,1
171.4,monitoring,timeout,0,0.0,0.0,1,4.617,5.039,0.12,2.808,4.132,2.227,1.344,0,0,1
171.5,monitoring,timeout,0,0.0,0.0,1,4.609,5.01,0.0,2.838,4.102,2.234,1.313,0,0,1
171.6,monitoring,timeout,0,0.0,0.0,1,4.602,4.98,0.11,2.867,4.072,2.24,1.288,0,0,1
171.7,monitoring,timeout,0,0.0,0.0,1,4.596,4.96,0.0,2.907,4.042,2.247,1.263,0,0,1
171.8,monitoring,timeout,0,0.0,0.0,1,4.589,4.931,0.11,2.936,4.012,2.253,1.237,0,0,1
171.9,monitoring,timeout,0,0.0,0.0,1,4.581,4.901,0.0,2.966,3.982,2.26,1.211,0,0,1
172.0,monitoring,timeout,0,0.0,0.0,1,4.574,4.871,0.12,2.995,3.952,2.266,1.189,0,0,1
172.1,monitoring,timeout,0,0.0,0.0,1,4.566,4.842,0.0,3.025,3.922,2.272,1.157,0,0,1
172.2,monitoring,timeout,0,0.0,0.0,1,4.558,4.813,0.11,3.054,3.892,4.009,1.13,0,0,1
172.3,monitoring,timeout,0,0.0,0.0,1,4.551,4.784,0.0,3.083,3.863,4.001,1.103,0,0,1
172.4,monitoring,timeout,0,0.0,0.0,1,4.544,4.755,0.11,3.112,3.833,4.007,1.082,0,0,1
172.5,monitoring,timeout,0,0.0,0.0,1,4.536,4.726,0.0,3.141,3.804,3.999,1.057,0,0,1
172.6,monitoring,timeout,0,0.0,0.0,1,4.529,4.698,0.11,3.169,3.776,4.006,1.031,0,0,1
172.7,monitoring,timeout,0,0.0,0.0,1,4.522,4.67,0.0,3.197,3.747,4.012,1.01,0,0,1
172.8,monitoring,timeout,0,0.0,0.0,1,4.515,4.642,0.12,3.225,3.719,4.004,0.992,0,0,1
172.9,monitoring,timeout,0,0.0,0.0,1,4.508,4.614,0.0,3.253,3.69,4.01,0.961,0,0,1
173.0,monitoring,timeout,0,0.0,0.0,1,4.501,4.587,0.11,3.281,3.663,4.016,0.941,0,0,1
173.1,monitoring,timeout,0,0.0,0.0,1,4.494,4.56,0.0,3.308,3.635,4.022,0.922,0,0,1
173.2,monitoring,timeout,0,0.0,0.0,1,4.487,4.533,0.1,3.335,3.607,4.028,0.897,0,0,1
173.3,monitoring,timeout,0,0.0,0.0,1,4.48,4.506,0.0,3.362,3.58,4.034,0.876,0,0,1
173.4,monitoring,timeout,0,0.0,0.0,1,4.475,4.488,0.14,3.389,3.553,4.04,0.859,0,0,1
173.5,monitoring,timeout,0,0.0,0.0,1,4.468,4.462,0.25,3.415,3.526,4.046,0.841,0,0,1
173.6,monitoring,timeout,0,0.0,0.0,1,4.461,4.435,0.0,3.442,3.499,4.051,0.816,0,0,1
173.7,monitoring,timeout,0,0.0,0.0,1,4.455,4.408,0.11,3.469,3.472,4.057,0.797,0,0,1
173.8,monitoring,timeout,0,0.0,0.0,1,4.448,4.382,0.0,3.495,3.445,4.063,0.783,0,0,1
173.9,monitoring,timeout,0,0.0,0.0,1,4.441,4.355,0.1,3.534,3.418,4.069,0.765,0,0,1
174.0,monitoring,timeout,0,0.0,0.0,1,4.434,4.329,0.0,3.56,3.392,4.075,0.748,0,0,1
174.1,monitoring,timeout,0,0.0,0.0,1,4.427,4.303,0.12,3.587,3.365,4.08,0.729,0,0,1
174.2,monitoring,timeout,0,0.0,0.0,1,4.421,4.276,0.0,3.613,3.338,4.086,0.714,0,0,1
174.3,monitoring,timeout,0,0.0,0.0,1,4.414,4.25,0.11,3.639,3.312,4.092,0.699,0,0,1
174.4,monitoring,timeout,0,0.0,0.0,1,4.407,4.224,0.0,3.665,3.285,4.097,0.684,0,0,1
174.5,monitoring,timeout,0,0.0,0.0,1,4.4,4.198,0.11,3.691,3.259,4.103,0.671,0,0,1
174.6,monitoring,timeout,0,0.0,0.0,1,4.394,4.172,0.0,3.717,3.233,4.109,0.657,0,0,1
174.7,monitoring,timeout,0,0.0,0.0,1,4.387,4.146,0.11,3.743,3.206,4.114,0.645,0,0,1
174.8,monitoring,timeout,0,0.0,0.0,1,4.381,4.12,0.0,3.769,3.18,4.12,0.634,0,0,1
174.9,monitoring,timeout,0,0.0,0.0,1,4.374,4.095,0.12,3.795,3.154,0.315,0.624,0,0,1
175.0,monitoring,timeout,0,0.0,0.0,1,4.367,4.069,0.0,3.821,3.128,0.31,0.614,0,0,1
175.1,monitoring,timeout,0,0.0,0.0,1,4.363,4.052,0.11,3.847,3.102,0.305,0.607,0,0,1
175.2,monitoring,timeout,0,0.0,0.0,1,4.356,4.026,0.22,3.872,3.076,0.3,0.599,0,0,1
175.3,monitoring,timeout,0,0.0,0.0,1,4.356,4.025,0.32,3.895,3.053,0.293,0.594,0,0,1
175.4,monitoring,timeout,0,0.0,0.0,1,4.356,4.025,0.44,3.87,3.053,0.3,0.594,0,0,1
175.5,monitoring,timeout,0,0.0,0.0,1,4.356,4.025,0.56,3.852,3.046,0.306,0.594,0,0,1
175.6,monitoring,timeout,0,0.0,0.0,1,4.356,4.025,0.0,3.841,3.125,0.314,0.594,0,0,1
175.701,monitoring,timeout,0,0.0,0.0,1,4.356,4.025,0.11,2.492,4.652,0.323,0.595,0,0,1
175.8,monitoring,timeout,0,0.0,0.0,1,4.356,4.025,0.22,2.474,4.656,0.333,0.595,0,0,1
175.9,monitoring,timeout,0,0.0,0.0,1,4.356,4.019,0.32,2.477,4.655,0.335,0.595,0,0,1
176.0,monitoring,timeout,0,0.0,0.0,1,4.356,3.997,0.43,2.486,4.645,0.335,0.595,0,0,1
176.1,monitoring,timeout,0,0.0,0.0,1,4.357,3.966,0.0,2.51,4.621,0.335,0.596,0,0,1
176.2,monitoring,timeout,0,0.0,0.0,1,4.357,3.936,0.12,2.54,4.592,0.335,0.597,0,0,1
176.3,monitoring,timeout,0,0.0,0.0,1,4.357,3.905,0.0,2.57,4.562,0.336,0.598,0,0,1
176.4,monitoring,timeout,0,0.0,0.0,1,4.357,3.874,0.11,2.6,4.532,0.334,0.599,0,0,1
176.5,monitoring,timeout,0,0.0,0.0,1,4.357,3.844,0.0,2.631,4.502,0.335,0.6,0,0,1
176.6,monitoring,timeout,0,0.0,0.0,1,4.358,3.813,0.11,2.661,4.472,0.335,0.601,0,0,1
176.7,monitoring,timeout,0,0.0,0.0,1,4.358,3.783,0.0,2.691,4.44,0.335,0.602,0,0,1
176.8,monitoring,timeout,0,0.0,0.0,1,4.358,3.752,0.12,2.721,4.41,0.335,0.603,0,0,0
176.9,monitoring,timeout,0,0.0,0.0,1,4.358,3.732,0.0,2.751,4.38,0.336,0.604,0,0,0
177.0,monitoring,timeout,0,0.0,0.0,1,4.359,3.701,0.12,2.781,4.35,0.337,0.605,0,0,0
177.1,monitoring,timeout,0,0.0,0.0,1,4.359,3.67,0.0,2.811,4.32,0.338,0.606,0,0,0
177.2,monitoring,timeout,0,0.0,0.0,1,4.359,3.64,0.11,2.841,4.29,0.339,0.607,0,0,0
177.3,monitoring,timeout,0,0.0,0.0,1,4.359,3.609,0.0,2.871,4.26,0.34,0.608,0,0,0
177.4,monitoring,timeout,0,0.0,0.0,1,4.36,3.579,0.11,2.901,4.23,0.341,0.609,0,0,0
177.5,monitoring,timeout,0,0.0,0.0,1,4.36,3.548,0.0,2.931,4.2,0.342,0.61,0,0,0
177.6,monitoring,timeout,0,0.0,0.0,1,4.36,3.517,0.12,2.961,4.17,0.343,0.611,0,0,0
177.7,monitoring,timeout,0,0.0,0.0,1,4.36,3.487,0.0,2.991,4.14,0.344,0.612,0,0,0
177.8,monitoring,timeout,0,0.0,0.0,1,4.361,3.456,0.12,3.021,4.11,0.345,0.613,0,0,0
177.9,monitoring,timeout,0,0.0,0.0,1,4.361,3.426,0.0,3.051,4.08,0.346,0.614,0,0,0
178.0,monitoring,timeout,0,0.0,0.0,1,4.361,3.414,0.11,3.081,4.05,0.347,0.615,0,0,0
178.1,monitoring,timeout,0,0.0,0.0,1,4.361,3.414,0.21,3.095,4.037,0.351,0.616,0,0,0
178.2,monitoring,timeout,0,0.0,0.0,1,4.361,3.414,0.33,3.101,4.035,0.356,0.616,0,0,0
178.3,monitoring,timeout,0,0.0,0.0,1,4.361,3.414,0.0,4.46,4.032,0.356,0.616,0,0,0
178.4,monitoring,timeout,0,0.0,0.0,1,4.361,3.414,0.11,4.473,2.529,0.354,0.616,0,0,0
178.5,monitoring,timeout,0,0.0,0.0,1,4.361,3.413,0.23,4.495,2.448,0.351,0.616,0,0,0
178.6,monitoring,timeout,0,0.0,0.0,1,4.358,3.402,0.34,4.51,2.447,0.349,0.616,0,0,0
178.7,monitoring,timeout,0,0.0,0.0,1,4.352,3.375,0.45,4.526,2.431,0.35,0.614,0,0,0
178.8,monitoring,timeout,0,0.0,0.0,1,4.346,3.346,0.0,4.555,2.402,0.349,0.611,0,0,0
178.9,monitoring,timeout,0,0.0,0.0,1,4.339,3.316,0.12,4.585,2.371,0.349,0.61,0,0,0
179.0,monitoring,timeout,0,0.0,0.0,1,4.333,3.286,0.0,4.615,2.341,0.349,0.609,0,0,0
179.1,monitoring,timeout,0,0.0,0.0,1,4.33,3.273,0.11,4.644,2.311,0.35,0.613,0,0,0
179.2,monitoring,timeout,0,0.0,0.0,1,4.33,3.273,0.21,4.672,2.302,0.351,0.614,0,0,0
179.3,monitoring,timeout,0,0.0,0.0,1,4.33,3.273,0.32,4.713,2.305,0.353,0.613,0,0,0
179.4,monitoring,timeout,0,0.0,0.0,1,4.33,3.273,0.0,4.765,2.302,0.353,0.613,0,0,0
179.5,monitoring,timeout,0,0.0,0.0,1,4.33,3.273,0.11,4.827,2.295,0.354,0.615,0,0,0
179.6,monitoring,timeout,0,0.0,0.0,1,4.329,3.27,0.23,4.902,2.294,0.351,0.614,0,0,0
179.7,monitoring,timeout,0,0.0,0.0,1,4.321,3.255,0.35,4.931,2.305,0.349,0.612,0,0,0
179.8,monitoring,timeout,0,0.0,0.0,1,4.309,3.228,0.46,4.949,2.288,0.349,0.611,0,0,0
179.9,monitoring,timeout,0,0.0,0.0,1,4.296,3.201,0.0,4.978,2.261,0.35,0.61,0,0,0
180.0,monitoring,timeout,0,0.0,0.0,1,4.282,3.173,0.11,5.008,2.233,0.352,0.613,0,0,0
180.1,monitoring,timeout,0,0.0,0.0,1,4.269,3.145,0.0,5.037,2.205,0.351,0.614,0,0,0
180.2,monitoring,timeout,0,0.0,0.0,1,4.261,3.127,0.11,5.067,2.177,0.351,0.616,0,0,0
180.3,monitoring,timeout,0,0.0,0.0,1,4.248,3.099,0.0,5.096,2.15,0.351,0.62,0,0,0
180.4,monitoring,timeout,0,0.0,0.0,1,4.247,3.097,0.13,5.124,2.124,0.35,0.626,0,0,0
180.5,monitoring,timeout,0,0.0,0.0,1,4.247,3.097,0.24,5.209,3.979,0.356,0.626,0,0,0
180.6,monitoring,timeout,0,0.0,0.0,1,4.247,3.097,0.35,5.316,4.056,0.362,0.628,0,0,0
180.7,monitoring,timeout,0,0.0,0.0,1,4.247,3.097,0.0,5.039,4.145,0.363,0.627,0,0,0
180.8,monitoring,timeout,0,0.0,0.0,1,4.245,3.095,0.11,4.693,4.246,0.364,0.625,0,0,0
180.9,monitoring,timeout,0,0.0,0.0,1,4.235,3.082,0.21,4.622,4.268,0.365,0.627,0,0,0
181.0,monitoring,timeout,0,0.0,0.0,1,4.218,3.058,0.33,4.641,4.249,0.365,0.628,0,0,0
181.1,monitoring,timeout,0,0.0,0.0,1,4.2,3.034,0.0,4.669,4.221,0.365,0.631,0,0,0
181.2,monitoring,timeout,0,0.0,0.0,1,4.181,3.009,0.11,4.697,4.192,0.365,0.635,0,0,0
181.3,monitoring,timeout,0,0.0,0.0,1,4.163,2.985,0.0,4.725,4.163,0.364,0.64,0,0,0
181.4,monitoring,timeout,0,0.0,0.0,1,4.145,2.96,0.11,4.753,4.134,0.364,0.648,0,0,0
181.5,monitoring,timeout,0,0.0,0.0,1,4.127,2.936,0.0,4.782,4.105,0.365,0.657,0,0,0
181.6,monitoring,timeout,0,0.0,0.0,1,4.119,2.926,0.11,4.81,4.076,0.366,0.667,0,0,0
181.7,monitoring,timeout,0,0.0,0.0,1,4.119,2.926,0.23,4.73,4.095,0.369,0.673,0,0,0
181.8,monitoring,timeout,0,0.0,0.0,1,4.119,2.926,0.35,4.75,4.213,0.379,0.675,0,0,0
181.9,monitoring,timeout,0,0.0,0.0,1,4.119,2.926,0.46,4.119,4.348,0.388,0.675,0,0,0
182.0,monitoring,timeout,0,0.0,0.0,1,4.119,2.926,0.0,3.918,4.562,0.394,0.674,0,0,0
182.1,monitoring,timeout,0,0.0,0.0,1,4.119,2.926,0.11,3.742,4.743,0.403,0.674,0,0,0
182.2,monitoring,timeout,0,0.0,0.0,1,4.114,2.922,0.22,3.614,4.909,0.408,0.676,0,0,0
182.3,monitoring,timeout,0,0.0,0.0,1,4.097,2.907,0.33,3.624,4.899,0.407,0.678,0,0,0
182.4,monitoring,timeout,0,0.0,0.0,1,4.074,2.888,0.0,3.648,4.874,0.407,0.683,0,0,0
182.5,monitoring,timeout,0,0.0,0.0,1,4.05,2.868,0.12,3.677,4.845,0.407,0.689,0,0,0
182.6,monitoring,timeout,0,0.0,0.0,1,4.027,2.849,0.0,3.705,4.817,0.406,0.696,0,0,0
182.7,monitoring,timeout,0,0.0,0.0,1,4.003,2.829,0.11,3.734,4.788,0.405,0.706,0,0,0
182.8,monitoring,timeout,0,0.0,0.0,1,3.979,2.81,0.0,3.762,4.759,0.427,0.719,0,0,0
182.9,monitoring,timeout,0,0.0,0.0,1,3.956,2.79,0.11,3.79,4.73,0.449,0.73,0,0,0
183.0,monitoring,timeout,0,0.0,0.0,1,3.932,2.771,0.0,3.819,4.701,0.479,0.742,0,0,0
183.1,monitoring,timeout,0,0.0,0.0,1,3.909,2.751,0.12,3.847,4.672,0.51,0.755,0,0,0
183.2,monitoring,timeout,0,0.0,0.0,1,3.885,2.732,0.0,3.876,4.644,0.541,0.769,0,0,0
183.3,monitoring,timeout,0,0.0,0.0,1,3.869,2.718,0.11,3.904,4.615,0.573,0.786,0,0,0
183.4,monitoring,timeout,0,0.0,0.0,1,3.869,2.718,0.21,3.923,4.598,0.592,0.798,0,0,0
183.5,monitoring,timeout,0,0.0,0.0,1,3.869,2.718,0.32,3.775,4.81,0.574,0.799,0,0,0
183.6,monitoring,timeout,0,0.0,0.0,1,3.869,2.718,0.43,3.643,5.056,0.551,0.799,0,0,0
183.7,monitoring,timeout,0,0.0,0.0,1,3.869,2.718,0.0,3.485,5.339,0.538,0.801,0,0,0
183.8,monitoring,timeout,0,0.0,0.0,1,3.869,2.718,0.12,3.424,5.338,0.527,0.801,0,0,0
183.9,monitoring,timeout,0,0.0,0.0,1,3.863,2.715,0.24,3.441,5.217,0.514,0.803,0,0,0
184.0,monitoring,timeout,0,0.0,0.0,1,3.843,2.705,0.35,3.452,5.207,0.526,0.806,0,0,0
184.1,monitoring,timeout,0,0.0,0.0,1,3.816,2.692,0.0,3.479,5.182,0.539,0.816,0,0,0
184.2,monitoring,timeout,0,0.0,0.0,1,3.788,2.678,0.11,3.51,5.153,0.555,0.828,0,0,0
184.3,monitoring,timeout,0,0.0,0.0,1,3.761,2.664,0.0,3.541,5.124,0.577,0.841,0,0,0
184.4,monitoring,timeout,0,0.0,0.0,1,3.734,2.651,0.13,3.572,5.094,0.593,0.856,0,0,0
184.5,monitoring,timeout,0,0.0,0.0,1,3.706,2.637,0.0,3.603,5.065,0.616,0.871,0,0,0
184.6,monitoring,timeout,0,0.0,0.0,1,3.679,2.623,0.11,3.634,5.036,0.632,0.886,0,0,0
184.7,monitoring,timeout,0,0.0,0.0,1,3.651,2.61,0.0,3.666,5.006,0.656,0.902,0,0,0
184.8,monitoring,timeout,0,0.0,0.0,1,3.624,2.596,0.11,3.697,4.977,0.672,0.918,0,0,0
184.9,monitoring,timeout,0,0.0,0.0,1,3.597,2.582,0.0,3.728,4.948,0.688,0.934,0,0,0
185.0,monitoring,timeout,0,0.0,0.0,1,3.569,2.568,0.11,3.759,4.919,0.712,0.95,0,0,0
185.1,monitoring,timeout,0,0.0,0.0,1,3.542,2.555,0.0,3.789,4.889,0.729,0.966,0,0,0
185.2,monitoring,timeout,0,0.0,0.0,1,3.515,2.541,0.12,3.819,4.86,0.745,0.982,0,0,0
185.3,monitoring,timeout,0,0.0,0.0,1,3.496,2.532,0.0,3.848,4.831,0.77,0.998,0,0,0
185.4,monitoring,timeout,0,0.0,0.0,1,3.469,2.518,0.11,3.878,4.801,0.786,1.014,0,0,0
185.5,monitoring,timeout,0,0.0,0.0,1,3.442,2.505,0.0,3.908,4.772,0.803,1.03,0,0,0
185.6,monitoring,timeout,0,0.0,0.0,1,3.414,2.491,0.11,3.938,4.743,0.828,1.046,0,0,0
185.7,monitoring,timeout,0,0.0,0.0,1,3.387,2.477,0.0,3.968,4.714,0.845,1.062,0,0,0
185.8,monitoring,timeout,0,0.0,0.0,1,3.36,2.464,0.12,3.998,4.684,0.862,1.078,0,0,0
185.9,monitoring,timeout,0,0.0,0.0,1,3.332,2.45,0.0,4.028,4.655,0.878,1.093,0,0,0
186.0,monitoring,timeout,0,0.0,0.0,1,3.305,2.436,0.11,4.057,4.626,0.898,1.109,0,0,0
186.1,monitoring,timeout,0,0.0,0.0,1,3.277,2.422,0.0,4.087,4.596,0.915,1.125,0,0,0
186.2,monitoring,timeout,0,0.0,0.0,1,3.25,2.409,0.11,4.117,4.567,0.931,1.141,0,0,0
186.3,monitoring,timeout,0,0.0,0.0,1,3.223,2.395,0.0,4.147,4.538,0.948,1.157,0,0,0
186.4,monitoring,timeout,0,0.0,0.0,1,3.195,2.381,0.11,4.177,4.509,0.965,1.173,0,0,0
186.5,monitoring,timeout,0,0.0,0.0,1,3.168,2.368,0.0,4.207,4.435,0.992,1.189,0,0,0
186.6,monitoring,timeout,0,0.0,0.0,1,3.141,2.354,0.14,4.237,4.406,1.009,1.205,0,0,0
186.7,monitoring,timeout,0,0.0,0.0,1,3.113,2.34,0.0,4.266,4.377,1.025,1.221,0,0,0
186.8,monitoring,timeout,0,0.0,0.0,1,3.086,2.327,0.11,4.296,4.348,1.042,1.237,0,0,0
186.9,monitoring,timeout,0,0.0,0.0,1,3.059,2.313,0.0,4.326,4.319,1.059,1.253,0,0,0
187.0,monitoring,timeout,0,0.0,0.0,1,3.04,2.304,0.12,4.356,4.29,1.087,1.269,0,0,0
187.1,monitoring,timeout,0,0.0,0.0,1,3.013,2.29,0.0,4.386,4.261,1.104,1.285,0,0,0
187.2,monitoring,timeout,0,0.0,0.0,1,2.986,2.276,0.13,4.416,4.232,1.121,1.301,0,0,0
187.3,monitoring,timeout,0,0.0,0.0,1,2.958,2.263,0.0,4.445,4.203,1.138,1.317,0,0,0
187.4,monitoring,timeout,0,0.0,0.0,1,2.931,2.249,0.11,4.475,4.174,1.146,1.333,0,0,0
187.5,monitoring,timeout,0,0.0,0.0,1,2.903,2.235,0.0,4.505,4.145,1.146,1.348,0,0,0
187.6,monitoring,timeout,0,0.0,0.0,1,2.876,2.222,0.11,4.535,4.116,1.145,1.364,0,0,0
187.7,monitoring,timeout,0,0.0,0.0,1,2.849,2.208,0.0,4.565,4.087,1.145,1.38,0,0,0
187.8,monitoring,timeout,0,0.0,0.0,1,2.821,2.194,0.11,4.595,4.058,1.145,1.396,0,0,0
187.9,monitoring,timeout,0,0.0,0.0,1,2.794,2.181,0.0,4.625,4.029,1.145,1.409,0,0,0
188.0,monitoring,timeout,0,0.0,0.0,1,2.767,2.167,0.12,4.654,4.0,1.144,1.407,0,0,0
188.1,monitoring,timeout,0,0.0,0.0,1,2.739,2.153,0.0,4.684,3.971,1.146,1.406,0,0,0
188.2,monitoring,timeout,0,0.0,0.0,1,2.712,2.139,0.12,4.714,3.942,1.145,1.405,0,0,0
188.3,monitoring,timeout,0,0.0,0.0,1,2.685,2.126,0.0,4.744,3.913,1.145,1.405,0,0,0
188.4,monitoring,timeout,0,0.0,0.0,1,2.657,2.112,0.11,4.774,3.884,1.146,1.406,0,0,0
188.5,monitoring,timeout,0,0.0,0.0,1,2.646,2.106,0.23,4.804,3.855,1.144,1.407,0,0,0
188.6,monitoring,timeout,0,0.0,0.0,1,2.646,2.106,0.35,4.832,3.81,1.144,1.408,0,0,0
188.7,monitoring,timeout,0,0.0,0.0,1,2.646,2.106,0.46,4.816,3.719,1.137,1.408,0,0,0
188.8,monitoring,timeout,0,0.0,0.0,1,2.646,2.106,0.56,5.222,3.639,1.129,1.408,0,0,0
188.9,monitoring,timeout,0,0.0,0.0,1,2.646,2.106,0.0,3.615,3.569,1.134,1.408,0,0,0
189.0,monitoring,timeout,0,0.0,0.0,1,2.639,2.105,0.11,3.566,3.496,1.161,1.408,0,0,0
189.1,monitoring,timeout,0,0.0,0.0,1,2.618,2.099,0.22,3.576,3.486,1.202,1.411,0,0,0
189.2,monitoring,timeout,0,0.0,0.0,1,2.589,2.091,0.0,3.601,3.461,1.266,1.418,0,0,0
189.3,monitoring,timeout,0,0.0,0.0,1,2.559,2.083,0.12,3.63,3.432,1.31,1.426,0,0,0
189.4,monitoring,timeout,0,0.0,0.0,1,2.53,2.074,0.0,3.66,3.403,1.321,1.435,0,0,0
189.5,monitoring,timeout,0,0.0,0.0,1,2.5,2.066,0.11,3.689,3.374,1.333,1.444,0,0,0
189.6,monitoring,timeout,0,0.0,0.0,1,2.471,2.058,0.0,3.718,3.344,1.344,1.453,0,0,0
189.7,monitoring,timeout,0,0.0,0.0,1,2.441,2.05,0.1,3.748,3.315,1.355,1.463,0,0,0
189.8,monitoring,timeout,0,0.0,0.0,1,2.412,2.042,0.0,3.777,3.286,2.566,1.475,0,0,0
189.9,monitoring,timeout,0,0.0,0.0,1,2.382,2.034,0.12,3.806,3.257,2.554,1.485,0,0,0
190.0,monitoring,timeout,0,0.0,0.0,1,2.353,2.026,0.0,3.836,3.228,2.543,1.497,0,0,0
190.1,monitoring,timeout,0,0.0,0.0,1,2.323,2.018,0.12,3.865,3.199,2.095,1.509,0,0,0
190.2,monitoring,timeout,0,0.0,0.0,1,2.294,2.01,0.0,3.894,3.169,2.035,1.522,0,0,0
190.3,monitoring,timeout,0,0.0,0.0,1,2.264,2.001,0.11,3.924,3.14,1.975,1.535,0,0,0
190.4,monitoring,timeout,0,0.0,0.0,1,2.245,1.996,0.0,3.953,3.111,1.849,1.549,0,0,0
190.5,monitoring,timeout,0,0.0,0.0,1,2.215,1.988,0.11,3.983,3.082,1.791,1.562,0,0,0
190.6,monitoring,timeout,0,0.0,0.0,1,2.186,1.98,0.0,4.012,3.053,1.733,1.576,0,0,0
190.7,monitoring,timeout,0,0.0,0.0,1,2.156,1.972,0.12,4.041,3.023,1.674,1.591,0,0,0
190.8,monitoring,timeout,0,0.0,0.0,1,2.127,1.964,0.0,4.071,2.994,1.671,1.606,0,0,0
190.9,monitoring,timeout,0,0.0,0.0,1,2.097,1.955,0.1,4.1,2.965,1.671,1.621,0,0,0
191.0,monitoring,timeout,0,0.0,0.0,1,2.068,1.947,0.0,4.129,2.936,1.671,1.637,0,0,0
191.1,monitoring,timeout,0,0.0,0.0,1,2.038,1.939,0.11,4.159,2.907,1.67,1.653,0,0,0
191.2,monitoring,timeout,0,0.0,0.0,1,2.009,1.931,0.0,4.188,2.859,1.67,1.669,0,0,0
191.3,monitoring,timeout,0,0.0,0.0,1,1.979,1.923,0.13,4.217,2.83,1.671,1.686,0,0,0
191.4,monitoring,timeout,0,0.0,0.0,1,1.95,1.915,0.0,4.247,2.801,1.671,1.703,0,0,0
191.5,monitoring,timeout,0,0.0,0.0,1,1.92,1.907,0.11,4.276,2.772,1.671,1.721,0,0,0
191.6,monitoring,timeout,0,0.0,0.0,1,1.891,1.899,0.0,4.306,2.743,1.671,1.739,0,0,0
191.7,monitoring,timeout,0,0.0,0.0,1,1.861,1.89,0.11,4.335,2.714,1.671,1.757,0,0,0
191.8,monitoring,timeout,0,0.0,0.0,1,1.832,1.882,0.0,4.364,2.685,1.671,1.775,0,0,0
191.9,monitoring,timeout,0,0.0,0.0,1,1.802,1.874,0.11,4.394,2.656,1.67,1.794,0,0,0
192.0,monitoring,timeout,0,0.0,0.0,1,1.773,1.866,0.0,4.423,2.627,1.67,1.813,0,0,0
192.1,monitoring,timeout,0,0.0,0.0,1,1.753,1.861,0.12,4.481,2.598,1.67,1.832,0,0,0
192.2,monitoring,timeout,0,0.0,0.0,1,1.723,1.853,0.0,4.51,2.569,1.67,1.852,0,0,0
192.3,monitoring,timeout,0,0.0,0.0,1,1.694,1.844,0.11,4.54,2.54,1.67,1.871,0,0,0
192.4,monitoring,timeout,0,0.0,0.0,1,1.664,1.836,0.0,4.569,2.511,1.682,1.892,0,0,0
192.5,monitoring,timeout,0,0.0,0.0,1,1.635,1.828,0.11,4.599,2.482,1.693,1.911,0,0,0
192.6,monitoring,timeout,0,0.0,0.0,1,1.605,1.82,0.0,4.629,2.453,1.704,1.932,0,0,0
192.7,monitoring,timeout,0,0.0,0.0,1,1.576,1.812,0.12,4.658,2.408,1.716,1.952,0,0,0
192.8,monitoring,timeout,0,0.0,0.0,1,1.546,1.804,0.0,4.688,2.38,1.727,1.967,0,0,0
192.9,monitoring,timeout,0,0.0,0.0,1,1.517,1.796,0.11,4.717,2.351,1.739,1.973,0,0,0
193.0,monitoring,timeout,0,0.0,0.0,1,1.487,1.788,0.0,4.747,2.322,1.75,1.979,0,0,0
193.1,monitoring,timeout,0,0.0,0.0,1,1.477,1.785,0.1,4.776,2.293,1.762,1.986,0,0,0
193.2,monitoring,timeout,0,0.0,0.0,1,1.477,1.785,0.21,4.756,2.267,1.756,1.989,0,0,0
193.3,monitoring,timeout,0,0.0,0.0,1,1.477,1.785,0.32,4.69,2.239,1.737,1.99,0,0,0
193.4,monitoring,timeout,0,0.0,0.0,1,1.477,1.785,0.0,4.635,2.217,1.722,1.987,0,0,0
193.5,monitoring,timeout,0,0.0,0.0,1,1.477,1.785,0.12,4.59,2.199,1.717,1.988,0,0,0
193.6,monitoring,timeout,0,0.0,0.0,1,1.473,1.785,0.23,4.556,2.187,1.725,1.989,0,0,0
193.7,monitoring,timeout,0,0.0,0.0,1,1.456,1.784,0.34,4.55,2.18,1.729,1.99,0,0,0
193.8,monitoring,timeout,0,0.0,0.0,1,1.436,1.783,0.45,4.568,2.163,1.726,1.99,0,0,0
193.9,monitoring,timeout,0,0.0,0.0,1,1.405,1.782,0.0,4.597,2.134,1.725,1.991,0,0,0
194.0,monitoring,timeout,0,0.0,0.0,1,1.375,1.78,0.11,4.627,2.104,1.725,1.993,0,0,0
194.1,monitoring,timeout,0,0.0,0.0,1,1.344,1.779,0.0,4.656,2.069,1.725,1.996,0,0,0
194.2,monitoring,timeout,0,0.0,0.0,1,1.314,1.778,0.11,4.686,2.04,1.726,1.999,0,0,0
194.3,monitoring,timeout,0,0.0,0.0,1,1.283,1.776,0.0,4.716,2.01,1.73,2.003,0,0,0
194.4,monitoring,timeout,0,0.0,0.0,1,1.253,1.775,0.11,4.746,1.981,1.735,2.007,0,0,0
194.5,monitoring,timeout,0,0.0,0.0,1,1.222,1.774,0.0,4.776,1.951,1.74,2.012,0,0,0
194.6,monitoring,timeout,0,0.0,0.0,1,1.191,1.772,0.11,4.805,1.922,1.745,2.017,0,0,0
194.7,monitoring,timeout,0,0.0,0.0,1,1.161,1.771,0.0,4.835,1.893,1.75,2.022,0,0,0
194.8,monitoring,timeout,0,0.0,0.0,1,1.13,1.77,0.12,4.865,1.863,1.755,2.027,0,0,0
194.9,monitoring,timeout,0,0.0,0.0,1,1.1,1.768,0.0,4.895,1.834,1.76,2.032,0,0,0
195.0,monitoring,timeout,0,0.0,0.0,1,1.069,1.767,0.11,4.925,1.8,1.765,2.037,0,0,0
195.1,monitoring,timeout,0,0.0,0.0,1,1.039,1.766,0.0,4.954,1.77,1.77,2.035,0,0,0
195.2,monitoring,timeout,0,0.0,0.0,1,1.008,1.764,0.11,4.984,1.741,1.775,2.005,0,0,0
195.3,monitoring,timeout,0,0.0,0.0,0,0.977,1.763,0.0,5.014,1.711,1.78,1.976,0,0,0
195.4,monitoring,timeout,0,0.0,0.0,1,0.947,1.762,0.12,5.044,1.682,1.785,1.946,0,0,0
195.5,monitoring,timeout,0,0.0,0.0,1,0.936,1.761,0.25,5.074,1.653,1.79,1.916,0,0,0
195.6,monitoring,timeout,0,0.0,0.0,1,0.936,1.761,0.36,5.081,1.635,1.792,1.9,0,0,0
195.7,monitoring,timeout,0,0.0,0.0,1,0.936,1.761,0.47,5.079,1.634,1.791,1.898,0,0,0
195.8,monitoring,timeout,0,0.0,0.0,1,0.936,1.761,0.58,5.073,1.636,1.793,1.897,0,0,0
195.9,monitoring,timeout,0,0.0,0.0,1,0.936,1.761,0.0,,1.642,1.8,1.896,0,0,0
196.0,monitoring,timeout,0,0.0,0.0,1,0.933,1.762,0.11,9.283,1.641,1.8,1.894,0,0,0
196.1,monitoring,timeout,0,0.0,0.0,1,0.915,1.765,0.23,9.226,1.634,1.799,1.888,0,0,0
196.2,monitoring,timeout,0,0.0,0.0,1,0.886,1.77,0.0,9.247,1.61,1.799,1.867,0,0,0
196.3,monitoring,timeout,0,0.0,0.0,1,0.856,1.775,0.12,9.276,1.58,1.798,1.837,0,0,0
196.4,monitoring,timeout,0,0.0,0.0,1,0.827,1.779,0.0,9.306,1.55,1.797,1.808,0,0,0
196.5,monitoring,timeout,0,0.0,0.0,1,0.799,1.784,0.11,9.335,1.521,1.796,1.779,0,0,0
196.6,monitoring,timeout,0,0.0,0.0,1,0.774,1.788,0.0,9.362,1.495,1.795,1.752,0,0,0
196.7,monitoring,timeout,0,0.0,0.0,1,0.75,1.792,0.11,9.387,1.47,1.795,1.727,0,0,0
196.8,monitoring,timeout,0,0.0,0.0,1,0.727,1.796,0.22,9.41,1.446,1.794,1.703,0,0,0
196.9,monitoring,timeout,0,0.0,0.0,1,0.717,1.798,0.0,9.432,1.423,1.793,1.681,0,0,0
197.0,monitoring,timeout,0,0.0,0.0,1,0.717,1.798,0.12,5.296,1.408,1.79,1.669,0,0,0
197.1,monitoring,timeout,0,0.0,0.0,1,0.717,1.798,0.22,5.3,1.401,1.786,1.667,0,0,0
197.2,monitoring,timeout,0,0.0,0.0,1,0.717,1.798,0.33,2.539,1.397,1.785,1.666,0,0,0
197.3,monitoring,timeout,0,0.0,0.0,1,0.717,1.798,0.0,2.503,1.396,1.789,1.665,0,0,0
197.4,monitoring,timeout,0,0.0,0.0,1,0.717,1.798,0.11,2.51,1.399,1.796,1.663,0,0,0
197.5,monitoring,timeout,0,0.0,0.0,1,0.712,1.8,0.23,2.514,1.403,1.805,1.662,0,0,0
197.6,monitoring,timeout,0,0.0,0.0,1,0.693,1.808,0.36,2.525,1.393,1.803,1.652,0,0,0
197.7,monitoring,timeout,0,0.0,0.0,1,0.673,1.817,0.47,2.546,1.372,1.797,1.631,0,0,0
197.8,monitoring,timeout,0,0.0,0.0,1,0.652,1.826,0.0,2.568,1.351,1.792,1.61,0,0,0
197.9,monitoring,timeout,0,0.0,0.0,1,0.631,1.835,0.11,2.59,1.33,1.786,1.589,0,0,0
198.0,monitoring,timeout,0,0.0,0.0,1,0.629,1.836,0.22,2.612,1.309,1.78,1.568,0,0,0
198.1,monitoring,timeout,0,0.0,0.0,1,0.629,1.836,0.32,2.612,1.314,1.792,1.565,0,0,0
198.2,monitoring,timeout,0,0.0,0.0,1,0.629,1.836,0.45,2.606,1.324,1.81,1.564,0,0,0
198.3,monitoring,timeout,0,0.0,0.0,1,0.629,1.836,0.0,2.662,1.338,1.833,1.562,0,0,0
198.4,monitoring,timeout,0,0.0,0.0,1,0.629,1.836,0.11,4.789,1.356,2.121,1.561,0,0,0
198.5,monitoring,timeout,0,0.0,0.0,1,0.627,1.838,0.22,4.26,1.376,2.178,1.56,0,0,0
198.6,monitoring,timeout,0,0.0,0.0,1,0.613,1.848,0.32,4.156,1.38,2.194,1.556,0,0,0
198.7,monitoring,timeout,0,0.0,0.0,1,0.595,1.861,0.43,4.172,1.364,2.203,1.54,0,0,0
198.8,monitoring,timeout,0,0.0,0.0,1,0.587,1.867,0.0,4.192,1.344,2.214,1.521,0,0,0
198.9,monitoring,timeout,0,0.0,0.0,1,0.587,1.867,0.12,4.049,1.344,2.245,1.509,0,0,0
199.0,monitoring,timeout,0,0.0,0.0,1,0.587,1.867,0.24,3.672,1.383,2.204,1.507,0,0,0
199.1,monitoring,timeout,0,0.0,0.0,1,0.587,1.867,0.35,3.34,1.424,2.004,1.506,0,0,0
199.2,monitoring,timeout,0,0.0,0.0,1,0.587,1.867,0.0,3.162,1.482,1.896,1.505,0,0,0
199.3,monitoring,timeout,0,0.0,0.0,1,0.587,1.867,0.11,3.007,1.529,1.769,1.504,0,0,0
199.4,monitoring,timeout,0,0.0,0.0,1,0.587,1.867,0.22,2.825,1.582,1.69,1.503,0,0,0
199.5,monitoring,timeout,0,0.0,0.0,1,0.587,1.867,0.33,2.712,1.646,1.596,1.501,0,0,0
199.6,monitoring,timeout,0,0.0,0.0,1,0.587,1.867,0.0,2.613,1.714,1.537,1.5,0,0,0
199.7,monitoring,timeout,0,0.0,0.0,1,0.587,1.867,0.13,2.525,1.792,1.485,1.499,0,0,0
199.8,monitoring,timeout,0,0.0,0.0,1,0.587,1.867,0.24,2.419,1.918,1.422,1.498,0,0,0
199.9,monitoring,timeout,0,0.0,0.0,1,0.587,1.867,0.34,2.354,1.988,1.384,1.497,0,0,0
200.0,monitoring,timeout,0,0.0,0.0,1,0.587,1.867,0.0,2.296,1.939,1.35,1.496,0,0,0
200.1,monitoring,timeout,0,0.0,0.0,1,0.587,1.867,0.11,2.246,1.896,1.32,1.494,0,0,0
200.2,monitoring,timeout,0,0.0,0.0,1,0.587,1.867,0.21,2.203,1.859,1.284,1.493,0,0,0
200.3,monitoring,timeout,0,0.0,0.0,1,0.587,1.867,0.33,2.166,1.814,1.263,1.492,0,0,0
200.4,monitoring,timeout,0,0.0,0.0,1,0.587,1.867,0.0,2.135,1.788,1.246,1.49,0,0,0
200.5,monitoring,timeout,0,0.0,0.0,1,0.587,1.867,0.11,2.109,1.767,1.232,1.489,0,0,0
200.6,monitoring,timeout,0,0.0,0.0,1,0.587,1.867,0.22,2.078,1.75,1.221,1.488,0,0,0
200.7,monitoring,timeout,0,0.0,0.0,1,0.587,1.867,0.32,2.064,1.738,1.213,1.487,0,0,0
200.8,monitoring,timeout,0,0.0,0.0,1,0.587,1.867,0.0,2.054,1.729,1.207,1.485,0,0,0
200.9,monitoring,timeout,0,0.0,0.0,1,0.587,1.867,0.11,2.049,1.724,1.205,1.484,0,0,0
201.0,monitoring,timeout,0,0.0,0.0,1,0.587,1.867,0.22,2.048,1.723,1.206,1.483,0,0,0
201.1,monitoring,timeout,0,0.0,0.0,1,0.587,1.867,0.35,2.053,1.725,1.209,1.481,0,0,0
201.2,monitoring,timeout,0,0.0,0.0,1,0.587,1.867,0.0,2.061,1.731,1.216,1.48,0,0,0
201.3,monitoring,timeout,0,0.0,0.0,1,0.587,1.867,0.11,2.063,1.73,1.215,1.479,0,0,0
201.4,monitoring,timeout,0,0.0,0.0,1,0.589,1.873,0.22,2.057,1.722,1.206,1.477,0,0,0
201.5,monitoring,timeout,0,0.0,0.0,1,0.594,1.893,0.32,2.066,1.713,1.206,1.478,0,0,0
201.6,monitoring,timeout,0,0.0,0.0,1,0.599,1.915,0.43,2.086,1.692,1.208,1.479,0,0,0
201.7,monitoring,timeout,0,0.0,0.0,1,0.604,1.936,0.0,2.11,1.67,1.209,1.48,0,0,0
201.8,monitoring,timeout,0,0.0,0.0,1,0.606,1.945,0.12,2.132,1.649,1.21,1.482,0,0,0
201.9,monitoring,timeout,0,0.0,0.0,1,0.606,1.945,0.0,2.148,1.645,1.219,1.483,0,0,0
202.0,monitoring,timeout,0,0.0,0.0,1,0.606,1.945,0.0,2.145,1.641,1.205,1.484,0,0,0
202.1,monitoring,timeout,0,0.0,0.0,1,0.606,1.945,0.0,2.212,1.693,1.234,1.484,0,0,0
202.2,monitoring,timeout,0,0.0,0.0,1,0.606,1.945,0.0,2.357,1.806,1.321,1.485,0,0,0
202.3,monitoring,timeout,0,0.0,0.0,1,0.606,1.945,0.11,2.642,1.755,1.481,1.486,0,0,0
202.4,monitoring,timeout,0,0.0,0.0,1,0.606,1.945,0.0,3.123,1.507,1.749,1.487,0,0,0
202.5,monitoring,timeout,0,0.0,0.0,1,0.606,1.945,0.0,3.966,1.344,2.268,1.489,0,0,0
202.6,monitoring,timeout,0,0.0,0.0,1,0.606,1.945,0.0,2.704,1.255,1.731,1.491,0,0,0
202.7,monitoring,timeout,0,0.0,0.0,1,0.606,1.945,0.11,2.705,1.227,1.684,1.494,0,0,0
202.8,monitoring,timeout,0,0.0,0.0,1,0.606,1.945,0.0,5.485,1.227,1.677,1.496,0,0,0
202.9,monitoring,timeout,0,0.0,0.0,1,0.606,1.945,0.11,,1.245,1.695,1.499,0,0,0
203.0,monitoring,timeout,0,0.0,0.0,1,0.606,1.945,0.0,5.466,1.237,1.693,1.501,0,0,0
203.1,monitoring,timeout,0,0.0,0.0,1,0.606,1.945,0.12,5.469,1.234,1.698,1.504,0,0,0
203.2,monitoring,timeout,0,0.0,0.0,1,0.606,1.945,0.24,5.469,1.234,1.7,1.504,0,0,0
203.3,monitoring,timeout,0,0.0,0.0,1,0.606,1.945,0.35,5.469,1.234,1.7,1.504,0,0,0
203.4,monitoring,timeout,0,0.0,0.0,1,0.606,1.945,0.45,5.469,1.234,1.7,1.504,0,0,0
203.5,monitoring,timeout,0,0.0,0.0,1,0.606,1.945,0.56,5.469,1.234,1.7,1.504,0,0,0
203.6,monitoring,timeout,0,0.0,0.0,1,0.606,1.945,0.66,5.469,1.234,1.7,1.504,0,0,0
203.7,monitoring,timeout,0,0.0,0.0,1,0.606,1.945,0.76,5.469,1.234,1.7,1.504,0,0,0
203.8,monitoring,timeout,0,0.0,0.0,1,0.606,1.945,0.88,5.469,1.234,1.7,1.504,0,0,0
203.9,monitoring,timeout,0,0.0,0.0,1,0.606,1.945,1.0,5.469,1.234,1.7,1.504,0,0,0
204.0,monitoring,timeout,0,0.0,0.0,1,0.606,1.945,1.11,5.469,1.234,1.7,1.504,0,0,0
204.1,monitoring,timeout,0,0.0,0.0,1,0.606,1.945,1.22,5.49,1.235,1.702,1.505,0,0,0
204.2,monitoring,timeout,0,0.0,0.0,1,0.606,1.945,1.32,5.537,1.239,1.711,1.507,0,0,0
204.3,monitoring,timeout,0,0.0,0.0,1,0.606,1.945,0.0,5.59,1.246,1.722,1.508,0,0,0
204.4,monitoring,timeout,0,0.0,0.0,1,0.606,1.945,0.11,5.651,1.255,1.736,1.509,0,0,0
204.5,monitoring,timeout,0,0.0,0.0,1,0.606,1.945,0.23,5.725,1.267,1.754,1.511,0,0,0
204.6,monitoring,timeout,0,0.0,0.0,1,0.606,1.945,0.35,7.324,1.282,1.777,1.512,0,0,0
204.7,monitoring,timeout,0,0.0,0.0,1,0.606,1.945,0.0,6.873,1.3,1.803,1.513,0,0,0
204.8,monitoring,timeout,0,0.0,0.0,1,0.606,1.945,0.11,6.855,1.333,1.834,1.515,0,0,0
204.9,monitoring,timeout,0,0.0,0.0,1,0.606,1.945,0.22,3.284,1.359,1.887,1.516,0,0,0
205.0,monitoring,timeout,0,0.0,0.0,1,0.606,1.945,0.33,3.079,1.389,1.929,1.517,0,0,0
205.1,monitoring,timeout,0,0.0,0.0,1,0.606,1.945,0.0,2.838,1.423,1.978,1.519,0,0,0
205.2,monitoring,timeout,0,0.0,0.0,1,0.606,1.945,0.12,2.69,1.479,1.965,1.52,0,0,0
205.3,monitoring,timeout,0,0.0,0.0,1,0.606,1.945,,2.561,1.524,1.837,1.522,0,0,0
205.4,monitoring,timeout,0,0.0,0.0,1,0.606,1.945,,2.406,1.575,1.76,1.523,0,0,0
205.5,monitoring,timeout,0,0.0,0.0,0,0.606,1.945,,2.31,1.635,1.691,1.524,0,0,0
205.6,monitoring,timeout,0,0.0,0.0,0,0.606,1.945,,2.224,1.7,1.605,1.526,0,0,0
205.7,monitoring,timeout,0,0.0,0.0,0,0.606,1.945,,2.206,1.752,1.567,1.527,0,0,0
205.8,monitoring,timeout,0,0.0,0.0,0,0.606,1.945,,2.206,1.752,1.567,1.527,0,0,0
205.9,monitoring,timeout,0,0.0,0.0,0,0.606,1.945,,2.206,1.752,1.567,1.527,0,0,0
206.0,monitoring,timeout,0,0.0,0.0,0,0.606,1.945,,2.206,1.752,1.567,1.527,0,0,0
206.1,monitoring,timeout,0,0.0,0.0,0,0.606,1.945,,2.206,1.752,1.567,1.527,0,0,0
206.2,monitoring,timeout,0,0.0,0.0,0,0.606,1.945,,2.206,1.752,1.567,1.527,0,0,0
206.3,monitoring,timeout,0,0.0,0.0,0,0.606,1.945,,2.206,1.752,1.567,1.527,0,0,0
206.4,monitoring,timeout,0,0.0,0.0,0,0.606,1.945,,2.206,1.752,1.567,1.527,0,0,0
206.5,monitoring,timeout,0,0.0,0.0,0,0.606,1.945,,2.206,1.752,1.567,1.527,0,0,0
206.6,monitoring,timeout,0,0.0,0.0,0,0.606,1.945,,2.206,1.752,1.567,1.527,0,0,0
206.7,monitoring,timeout,0,0.0,0.0,0,0.606,1.945,,2.206,1.752,1.567,1.527,0,0,0
206.8,monitoring,timeout,0,0.0,0.0,0,0.606,1.945,,2.206,1.752,1.567,1.527,0,0,0
206.9,monitoring,timeout,0,0.0,0.0,0,0.606,1.945,,2.206,1.752,1.567,1.527,0,0,0
207.0,monitoring,timeout,0,0.0,0.0,0,0.606,1.945,,2.206,1.752,1.567,1.527,0,0,0
207.1,monitoring,timeout,0,0.0,0.0,0,0.606,1.945,,2.206,1.752,1.567,1.527,0,0,0
207.1,monitoring,timeout,0,0.0,0.0,0,0.606,1.945,,2.206,1.752,1.567,1.527,0,0,0
207.3,monitoring,timeout,0,0.0,0.0,0,0.606,1.945,,2.206,1.752,1.567,1.527,0,0,0
207.4,monitoring,timeout,0,0.0,0.0,0,0.606,1.945,,2.206,1.752,1.567,1.527,0,0,0
207.5,monitoring,timeout,0,0.0,0.0,0,0.606,1.945,,2.206,1.752,1.567,1.527,0,0,0
207.6,monitoring,timeout,0,0.0,0.0,0,0.606,1.945,,2.206,1.752,1.567,1.527,0,0,0
207.7,monitoring,timeout,0,0.0,0.0,0,0.606,1.945,,2.206,1.752,1.567,1.527,0,0,0
207.8,monitoring,timeout,0,0.0,0.0,0,0.606,1.945,,2.206,1.752,1.567,1.527,0,0,0
207.9,monitoring,timeout,0,0.0,0.0,0,0.606,1.945,,2.206,1.752,1.567,1.527,0,0,0
208.0,monitoring,timeout,0,0.0,0.0,0,0.606,1.945,,2.206,1.752,1.567,1.527,0,0,0
208.1,monitoring,timeout,0,0.0,0.0,0,0.606,1.945,,2.206,1.752,1.567,1.527,0,0,0
208.2,monitoring,timeout,0,0.0,0.0,0,0.606,1.945,,2.206,1.752,1.567,1.527,0,0,0
208.3,monitoring,timeout,0,0.0,0.0,0,0.606,1.945,,2.206,1.752,1.567,1.527,0,0,0
208.4,monitoring,timeout,0,0.0,0.0,0,0.606,1.945,,2.206,1.752,1.567,1.527,0,0,0
208.5,monitoring,timeout,0,0.0,0.0,0,0.606,1.945,,2.206,1.752,1.567,1.527,0,0,0
208.6,monitoring,timeout,0,0.0,0.0,0,0.606,1.945,,2.206,1.752,1.567,1.527,0,0,0
208.7,monitoring,timeout,0,0.0,0.0,0,0.606,1.945,,2.206,1.752,1.567,1.527,0,0,0
208.8,monitoring,timeout,0,0.0,0.0,0,0.606,1.945,,2.206,1.752,1.567,1.527,0,0,0
208.9,monitoring,timeout,0,0.0,0.0,0,0.606,1.945,,2.206,1.752,1.567,1.527,0,0,0
209.0,monitoring,timeout,0,0.0,0.0,0,0.606,1.945,,2.206,1.752,1.567,1.527,0,0,0
209.1,monitoring,timeout,0,0.0,0.0,0,0.606,1.945,,2.206,1.752,1.567,1.527,0,0,0
209.2,monitoring,timeout,0,0.0,0.0,0,0.606,1.945,,2.206,1.752,1.567,1.527,0,0,0
209.3,monitoring,timeout,0,0.0,0.0,0,0.606,1.945,,2.206,1.752,1.567,1.527,0,0,0
209.4,monitoring,timeout,0,0.0,0.0,0,0.606,1.945,,2.206,1.752,1.567,1.527,0,0,0
209.5,monitoring,timeout,0,0.0,0.0,0,0.606,1.945,,2.206,1.752,1.567,1.527,0,0,0
209.6,monitoring,timeout,0,0.0,0.0,0,0.606,1.945,,2.206,1.752,1.567,1.527,0,0,0
209.7,monitoring,timeout,0,0.0,0.0,0,0.606,1.945,,2.206,1.752,1.567,1.527,0,0,0
209.8,monitoring,timeout,0,0.0,0.0,0,0.606,1.945,,2.206,1.752,1.567,1.527,0,0,0
209.9,monitoring,timeout,0,0.0,0.0,0,0.606,1.945,,2.206,1.752,1.567,1.527,0,0,0
210.0,monitoring,timeout,0,0.0,0.0,0,0.606,1.945,,2.206,1.752,1.567,1.527,0,0,0
210.1,monitoring,timeout,0,0.0,0.0,0,0.606,1.945,,2.206,1.752,1.567,1.527,0,0,0
210.2,monitoring,timeout,0,0.0,0.0,0,0.606,1.945,,2.206,1.752,1.567,1.527,0,0,0
210.3,monitoring,timeout,0,0.0,0.0,0,0.606,1.945,,2.206,1.752,1.567,1.527,0,0,0
210.4,monitoring,timeout,0,0.0,0.0,0,0.606,1.945,,2.206,1.752,1.567,1.527,0,0,0
210.5,monitoring,timeout,0,0.0,0.0,0,0.606,1.945,,2.206,1.752,1.567,1.527,0,0,0
210.6,monitoring,timeout,0,0.0,0.0,0,0.606,1.945,,2.206,1.752,1.567,1.527,0,0,0
210.7,monitoring,timeout,0,0.0,0.0,0,0.606,1.945,,2.206,1.752,1.567,1.527,0,0,0
210.8,monitoring,timeout,0,0.0,0.0,0,0.606,1.945,,2.206,1.752,1.567,1.527,0,0,0
210.9,monitoring,timeout,0,0.0,0.0,0,0.606,1.945,,2.206,1.752,1.567,1.527,0,0,0
211.0,monitoring,timeout,0,0.0,0.0,0,0.606,1.945,,2.206,1.752,1.567,1.527,0,0,0
211.1,monitoring,timeout,0,0.0,0.0,0,0.606,1.945,,2.206,1.752,1.567,1.527,0,0,0
211.2,monitoring,timeout,0,0.0,0.0,0,0.606,1.945,,2.206,1.752,1.567,1.527,0,0,0
211.3,monitoring,timeout,0,0.0,0.0,0,0.606,1.945,,2.206,1.752,1.567,1.527,0,0,0
211.4,monitoring,timeout,0,0.0,0.0,0,0.606,1.945,,2.206,1.752,1.567,1.527,0,0,0
211.5,monitoring,timeout,0,0.0,0.0,0,0.606,1.945,,2.206,1.752,1.567,1.527,0,0,0
211.6,monitoring,timeout,0,0.0,0.0,0,0.606,1.945,,2.206,1.752,1.567,1.527,0,0,0
211.7,monitoring,timeout,0,0.0,0.0,0,0.606,1.945,,2.206,1.752,1.567,1.527,0,0,0
211.8,monitoring,timeout,0,0.0,0.0,0,0.606,1.945,,2.206,1.752,1.567,1.527,0,0,0
211.9,monitoring,timeout,0,0.0,0.0,0,0.606,1.945,,2.206,1.752,1.567,1.527,0,0,0
212.0,monitoring,timeout,0,0.0,0.0,0,0.606,1.945,,2.206,1.752,1.567,1.527,0,0,0
212.1,monitoring,timeout,0,0.0,0.0,0,0.606,1.945,,2.206,1.752,1.567,1.527,0,0,0
212.2,monitoring,timeout,0,0.0,0.0,0,0.606,1.945,,2.206,1.752,1.567,1.527,0,0,0
212.3,monitoring,timeout,0,0.0,0.0,0,0.606,1.945,,2.206,1.752,1.567,1.527,0,0,0
212.4,monitoring,timeout,0,0.0,0.0,0,0.606,1.945,,2.206,1.752,1.567,1.527,0,0,0
212.5,monitoring,timeout,0,0.0,0.0,0,0.606,1.945,,2.206,1.752,1.567,1.527,0,0,0
212.6,monitoring,timeout,0,0.0,0.0,0,0.606,1.945,,2.206,1.752,1.567,1.527,0,0,0
212.7,monitoring,timeout,0,0.0,0.0,0,0.606,1.945,,2.206,1.752,1.567,1.527,0,0,0
212.8,monitoring,timeout,0,0.0,0.0,0,0.606,1.945,,2.206,1.752,1.567,1.527,0,0,0
212.9,monitoring,timeout,0,0.0,0.0,0,0.606,1.945,,2.206,1.752,1.567,1.527,0,0,0
213.0,monitoring,timeout,0,0.0,0.0,0,0.606,1.945,,2.206,1.752,1.567,1.527,0,0,0
213.1,monitoring,timeout,0,0.0,0.0,0,0.606,1.945,,2.206,1.752,1.567,1.527,0,0,0
213.201,monitoring,timeout,0,0.0,0.0,0,0.606,1.945,,2.206,1.752,1.567,1.527,0,0,0
213.3,monitoring,timeout,0,0.0,0.0,0,0.606,1.945,,2.206,1.752,1.567,1.527,0,0,0
213.4,monitoring,timeout,0,0.0,0.0,0,0.606,1.945,,2.206,1.752,1.567,1.527,0,0,0
213.5,monitoring,timeout,0,0.0,0.0,0,0.606,1.945,,2.206,1.752,1.567,1.527,0,0,0
213.6,monitoring,timeout,0,0.0,0.0,0,0.606,1.945,,2.206,1.752,1.567,1.527,0,0,0
213.7,monitoring,timeout,0,0.0,0.0,0,0.606,1.945,,2.206,1.752,1.567,1.527,0,0,0
213.8,monitoring,timeout,0,0.0,0.0,0,0.606,1.945,,2.206,1.752,1.567,1.527,0,0,0
213.9,monitoring,timeout,0,0.0,0.0,0,0.606,1.945,,2.206,1.752,1.567,1.527,0,0,0
214.0,monitoring,timeout,0,0.0,0.0,0,0.606,1.945,,2.206,1.752,1.567,1.527,0,0,0
214.1,monitoring,timeout,0,0.0,0.0,0,0.606,1.945,,2.206,1.752,1.567,1.527,0,0,0
214.2,monitoring,timeout,0,0.0,0.0,0,0.606,1.945,,2.206,1.752,1.567,1.527,0,0,0
214.3,monitoring,timeout,0,0.0,0.0,0,0.606,1.945,,2.206,1.752,1.567,1.527,0,0,0
214.4,monitoring,timeout,0,0.0,0.0,0,0.606,1.945,,2.206,1.752,1.567,1.527,0,0,0
214.5,monitoring,timeout,0,0.0,0.0,0,0.606,1.945,,2.206,1.752,1.567,1.527,0,0,0
214.6,monitoring,timeout,0,0.0,0.0,0,0.606,1.945,,2.206,1.752,1.567,1.527,0,0,0
214.7,monitoring,timeout,0,0.0,0.0,0,0.606,1.945,,2.206,1.752,1.567,1.527,0,0,0
214.8,monitoring,timeout,0,0.0,0.0,0,0.606,1.945,,2.206,1.752,1.567,1.527,0,0,0
214.9,monitoring,timeout,0,0.0,0.0,0,0.606,1.945,,2.206,1.752,1.567,1.527,0,0,0
215.0,monitoring,timeout,0,0.0,0.0,0,0.606,1.945,,2.206,1.752,1.567,1.527,0,0,0
215.1,monitoring,timeout,0,0.0,0.0,0,0.606,1.945,,2.206,1.752,1.567,1.527,0,0,0
215.2,monitoring,timeout,0,0.0,0.0,0,0.606,1.945,,2.206,1.752,1.567,1.527,0,0,0
215.3,monitoring,timeout,0,0.0,0.0,0,0.606,1.945,,2.206,1.752,1.567,1.527,0,0,0
215.4,monitoring,timeout,0,0.0,0.0,0,0.606,1.945,,2.206,1.752,1.567,1.527,0,0,0
215.5,monitoring,timeout,0,0.0,0.0,0,0.606,1.945,,2.206,1.752,1.567,1.527,0,0,0
215.6,monitoring,timeout,0,0.0,0.0,0,0.606,1.945,,2.206,1.752,1.567,1.527,0,0,0
215.7,monitoring,timeout,0,0.0,0.0,0,0.606,1.945,,2.206,1.752,1.567,1.527,0,0,0
215.8,monitoring,timeout,0,0.0,0.0,0,0.606,1.945,,2.206,1.752,1.567,1.527,0,0,0
215.9,monitoring,timeout,0,0.0,0.0,0,0.606,1.945,,2.206,1.752,1.567,1.527,0,0,0
216.0,monitoring,timeout,0,0.0,0.0,0,0.606,1.945,,2.206,1.752,1.567,1.527,0,0,0
216.1,monitoring,timeout,0,0.0,0.0,0,0.606,1.945,,2.206,1.752,1.567,1.527,0,0,0
216.2,monitoring,timeout,0,0.0,0.0,0,0.606,1.945,,2.206,1.752,1.567,1.527,0,0,0
216.3,monitoring,timeout,0,0.0,0.0,0,0.606,1.945,,2.206,1.752,1.567,1.527,0,0,0
216.4,monitoring,timeout,0,0.0,0.0,0,0.606,1.945,,2.206,1.752,1.567,1.527,0,0,0
216.5,monitoring,timeout,0,0.0,0.0,0,0.606,1.945,,2.206,1.752,1.567,1.527,0,0,0
216.6,monitoring,timeout,0,0.0,0.0,0,0.606,1.945,,2.206,1.752,1.567,1.527,0,0,0
216.7,monitoring,timeout,0,0.0,0.0,0,0.606,1.945,,2.206,1.752,1.567,1.527,0,0,0
216.801,monitoring,timeout,0,0.0,0.0,0,0.606,1.945,,2.206,1.752,1.567,1.527,0,0,0
216.9,monitoring,timeout,0,0.0,0.0,0,0.606,1.945,,2.206,1.752,1.567,1.527,0,0,0
217.0,monitoring,timeout,0,0.0,0.0,0,0.606,1.945,,2.206,1.752,1.567,1.527,0,0,0
217.1,monitoring,timeout,0,0.0,0.0,0,0.606,1.945,,2.206,1.752,1.567,1.527,0,0,0
217.2,monitoring,timeout,0,0.0,0.0,0,0.606,1.945,,2.206,1.752,1.567,1.527,0,0,0
217.3,monitoring,timeout,0,0.0,0.0,0,0.606,1.945,,2.206,1.752,1.567,1.527,0,0,0
217.4,monitoring,timeout,0,0.0,0.0,0,0.606,1.945,,2.206,1.752,1.567,1.527,0,0,0
217.5,monitoring,timeout,0,0.0,0.0,0,0.606,1.945,,2.206,1.752,1.567,1.527,0,0,0
217.6,monitoring,timeout,0,0.0,0.0,0,0.606,1.945,,2.206,1.752,1.567,1.527,0,0,0
217.7,monitoring,timeout,0,0.0,0.0,0,0.606,1.945,,2.206,1.752,1.567,1.527,0,0,0
217.8,monitoring,timeout,0,0.0,0.0,0,0.606,1.945,,2.206,1.752,1.567,1.527,0,0,0
217.9,monitoring,timeout,0,0.0,0.0,0,0.606,1.945,,2.206,1.752,1.567,1.527,0,0,0
218.0,monitoring,timeout,0,0.0,0.0,0,0.606,1.945,,2.206,1.752,1.567,1.527,0,0,0
218.1,monitoring,timeout,0,0.0,0.0,0,0.606,1.945,,2.206,1.752,1.567,1.527,0,0,0
218.2,monitoring,timeout,0,0.0,0.0,0,0.606,1.945,,2.206,1.752,1.567,1.527,0,0,0
218.3,monitoring,timeout,0,0.0,0.0,0,0.606,1.945,,2.206,1.752,1.567,1.527,0,0,0
218.4,monitoring,timeout,0,0.0,0.0,0,0.606,1.945,,2.206,1.752,1.567,1.527,0,0,0
218.5,monitoring,timeout,0,0.0,0.0,0,0.606,1.945,,2.206,1.752,1.567,1.527,0,0,0
218.6,monitoring,timeout,0,0.0,0.0,0,0.606,1.945,,2.206,1.752,1.567,1.527,0,0,0
218.7,monitoring,timeout,0,0.0,0.0,0,0.606,1.945,,2.206,1.752,1.567,1.527,0,0,0
218.8,monitoring,timeout,0,0.0,0.0,0,0.606,1.945,,2.206,1.752,1.567,1.527,0,0,0
218.9,monitoring,timeout,0,0.0,0.0,0,0.606,1.945,,2.206,1.752,1.567,1.527,0,0,0
219.0,monitoring,timeout,0,0.0,0.0,0,0.606,1.945,,2.206,1.752,1.567,1.527,0,0,0
219.1,monitoring,timeout,0,0.0,0.0,0,0.606,1.945,,2.206,1.752,1.567,1.527,0,0,0
219.2,monitoring,timeout,0,0.0,0.0,0,0.606,1.945,,2.206,1.752,1.567,1.527,0,0,0
219.3,monitoring,timeout,0,0.0,0.0,0,0.606,1.945,,2.206,1.752,1.567,1.527,0,0,0
219.4,monitoring,timeout,0,0.0,0.0,0,0.606,1.945,,2.206,1.752,1.567,1.527,0,0,0
219.5,monitoring,timeout,0,0.0,0.0,0,0.606,1.945,,2.206,1.752,1.567,1.527,0,0,0
219.6,monitoring,timeout,0,0.0,0.0,0,0.606,1.945,,2.206,1.752,1.567,1.527,0,0,0
219.7,monitoring,timeout,0,0.0,0.0,0,0.606,1.945,,2.206,1.752,1.567,1.527,0,0,0
219.8,monitoring,timeout,0,0.0,0.0,0,0.606,1.945,,2.206,1.752,1.567,1.527,0,0,0
219.9,monitoring,timeout,0,0.0,0.0,0,0.606,1.945,,2.206,1.752,1.567,1.527,0,0,0
220.0,monitoring,timeout,0,0.0,0.0,0,0.606,1.945,,2.206,1.752,1.567,1.527,0,0,0
220.1,monitoring,timeout,0,0.0,0.0,0,0.606,1.945,,2.206,1.752,1.567,1.527,0,0,0
220.2,monitoring,timeout,0,0.0,0.0,0,0.606,1.945,,2.206,1.752,1.567,1.527,0,0,0
220.3,monitoring,timeout,0,0.0,0.0,0,0.606,1.945,,2.206,1.752,1.567,1.527,0,0,0
220.4,monitoring,timeout,0,0.0,0.0,0,0.606,1.945,,2.206,1.752,1.567,1.527,0,0,0
220.5,monitoring,timeout,0,0.0,0.0,0,0.606,1.945,,2.206,1.752,1.567,1.527,0,0,0
220.6,monitoring,timeout,0,0.0,0.0,0,0.606,1.945,,2.206,1.752,1.567,1.527,0,0,0
220.7,monitoring,timeout,0,0.0,0.0,0,0.606,1.945,,2.206,1.752,1.567,1.527,0,0,0
220.8,monitoring,timeout,0,0.0,0.0,0,0.606,1.945,,2.206,1.752,1.567,1.527,0,0,0
220.9,monitoring,timeout,0,0.0,0.0,0,0.606,1.945,,2.206,1.752,1.567,1.527,0,0,0
221.0,monitoring,timeout,0,0.0,0.0,0,0.606,1.945,,2.206,1.752,1.567,1.527,0,0,0
221.1,monitoring,timeout,0,0.0,0.0,0,0.606,1.945,,2.206,1.752,1.567,1.527,0,0,0
221.201,monitoring,timeout,0,0.0,0.0,0,0.606,1.945,,2.206,1.752,1.567,1.527,0,0,0
221.3,monitoring,timeout,0,0.0,0.0,0,0.606,1.945,,2.206,1.752,1.567,1.527,0,0,0
221.4,monitoring,timeout,0,0.0,0.0,0,0.606,1.945,,2.206,1.752,1.567,1.527,0,0,0
221.5,monitoring,timeout,0,0.0,0.0,0,0.606,1.945,,2.206,1.752,1.567,1.527,0,0,0
221.6,monitoring,timeout,0,0.0,0.0,0,0.606,1.945,,2.206,1.752,1.567,1.527,0,0,0
221.7,monitoring,timeout,0,0.0,0.0,0,0.606,1.945,,2.206,1.752,1.567,1.527,0,0,0
221.801,monitoring,timeout,0,0.0,0.0,0,0.606,1.945,,2.206,1.752,1.567,1.527,0,0,0
221.801,monitoring,timeout,0,0.0,0.0,0,0.606,1.945,,2.206,1.752,1.567,1.527,0,0,0
222.0,monitoring,timeout,0,0.0,0.0,0,0.606,1.945,,2.206,1.752,1.567,1.527,0,0,0
222.1,monitoring,timeout,0,0.0,0.0,0,0.606,1.945,,2.206,1.752,1.567,1.527,0,0,0
222.2,monitoring,timeout,0,0.0,0.0,0,0.606,1.945,,2.206,1.752,1.567,1.527,0,0,0
222.3,monitoring,timeout,0,0.0,0.0,0,0.606,1.945,,2.206,1.752,1.567,1.527,0,0,0
222.4,monitoring,timeout,0,0.0,0.0,0,0.606,1.945,,2.206,1.752,1.567,1.527,0,0,0
222.5,monitoring,timeout,0,0.0,0.0,0,0.606,1.945,,2.206,1.752,1.567,1.527,0,0,0
222.6,monitoring,timeout,0,0.0,0.0,0,0.606,1.945,,2.206,1.752,1.567,1.527,0,0,0
222.7,monitoring,timeout,0,0.0,0.0,0,0.606,1.945,,2.206,1.752,1.567,1.527,0,0,0
222.8,monitoring,timeout,0,0.0,0.0,0,0.606,1.945,,2.206,1.752,1.567,1.527,0,0,0
222.9,monitoring,timeout,0,0.0,0.0,0,0.606,1.945,,2.206,1.752,1.567,1.527,0,0,0
223.0,monitoring,timeout,0,0.0,0.0,0,0.606,1.945,,2.206,1.752,1.567,1.527,0,0,0
223.1,monitoring,timeout,0,0.0,0.0,0,0.606,1.945,,2.206,1.752,1.567,1.527,0,0,0
223.2,monitoring,timeout,0,0.0,0.0,0,0.606,1.945,,2.206,1.752,1.567,1.527,0,0,0
223.3,monitoring,timeout,0,0.0,0.0,0,0.606,1.945,,2.206,1.752,1.567,1.527,0,0,0
223.4,monitoring,timeout,0,0.0,0.0,0,0.606,1.945,,2.206,1.752,1.567,1.527,0,0,0
223.5,monitoring,timeout,0,0.0,0.0,0,0.606,1.945,,2.206,1.752,1.567,1.527,0,0,0
223.6,monitoring,timeout,0,0.0,0.0,0,0.606,1.945,,2.206,1.752,1.567,1.527,0,0,0
223.7,monitoring,timeout,0,0.0,0.0,0,0.606,1.945,,2.206,1.752,1.567,1.527,0,0,0
223.8,monitoring,timeout,0,0.0,0.0,0,0.606,1.945,,2.206,1.752,1.567,1.527,0,0,0
223.9,monitoring,timeout,0,0.0,0.0,0,0.606,1.945,,2.206,1.752,1.567,1.527,0,0,0
224.0,monitoring,timeout,0,0.0,0.0,0,0.606,1.945,,2.206,1.752,1.567,1.527,0,0,0
224.1,monitoring,timeout,0,0.0,0.0,0,0.606,1.945,,2.206,1.752,1.567,1.527,0,0,0
224.2,monitoring,timeout,0,0.0,0.0,0,0.606,1.945,,2.206,1.752,1.567,1.527,0,0,0
224.3,monitoring,timeout,0,0.0,0.0,0,0.606,1.945,,2.206,1.752,1.567,1.527,0,0,0
224.4,monitoring,timeout,0,0.0,0.0,0,0.606,1.945,,2.206,1.752,1.567,1.527,0,0,0
224.5,monitoring,timeout,0,0.0,0.0,0,0.606,1.945,,2.206,1.752,1.567,1.527,0,0,0
224.6,monitoring,timeout,0,0.0,0.0,0,0.606,1.945,,2.206,1.752,1.567,1.527,0,0,0
224.7,monitoring,timeout,0,0.0,0.0,0,0.606,1.945,,2.206,1.752,1.567,1.527,0,0,0
224.8,monitoring,timeout,0,0.0,0.0,0,0.606,1.945,,2.206,1.752,1.567,1.527,0,0,0
224.9,monitoring,timeout,0,0.0,0.0,0,0.606,1.945,,2.206,1.752,1.567,1.527,0,0,0
225.0,monitoring,timeout,0,0.0,0.0,0,0.606,1.945,,2.206,1.752,1.567,1.527,0,0,0
225.1,monitoring,timeout,0,0.0,0.0,0,0.606,1.945,,2.206,1.752,1.567,1.527,0,0,0
225.2,monitoring,timeout,0,0.0,0.0,0,0.606,1.945,,2.206,1.752,1.567,1.527,0,0,0
225.3,monitoring,timeout,0,0.0,0.0,0,0.606,1.945,,2.206,1.752,1.567,1.527,0,0,0
225.4,monitoring,timeout,0,0.0,0.0,0,0.606,1.945,,2.206,1.752,1.567,1.527,0,0,0
225.5,monitoring,timeout,0,0.0,0.0,0,0.606,1.945,,2.206,1.752,1.567,1.527,0,0,0
225.6,monitoring,timeout,0,0.0,0.0,0,0.606,1.945,,2.206,1.752,1.567,1.527,0,0,0
225.7,monitoring,timeout,0,0.0,0.0,0,0.606,1.945,,2.206,1.752,1.567,1.527,0,0,0
225.8,monitoring,timeout,0,0.0,0.0,0,0.606,1.945,,2.206,1.752,1.567,1.527,0,0,0
225.9,monitoring,timeout,0,0.0,0.0,0,0.606,1.945,,2.206,1.752,1.567,1.527,0,0,0
226.0,monitoring,timeout,0,0.0,0.0,0,0.606,1.945,,2.206,1.752,1.567,1.527,0,0,0
226.1,monitoring,timeout,0,0.0,0.0,0,0.606,1.945,,2.206,1.752,1.567,1.527,0,0,0
226.2,monitoring,timeout,0,0.0,0.0,0,0.606,1.945,,2.206,1.752,1.567,1.527,0,0,0
226.3,monitoring,timeout,0,0.0,0.0,0,0.606,1.945,,2.206,1.752,1.567,1.527,0,0,0
226.4,monitoring,timeout,0,0.0,0.0,0,0.606,1.945,,2.206,1.752,1.567,1.527,0,0,0
226.5,monitoring,timeout,0,0.0,0.0,0,0.606,1.945,,2.206,1.752,1.567,1.527,0,0,0
226.6,monitoring,timeout,0,0.0,0.0,0,0.606,1.945,,2.206,1.752,1.567,1.527,0,0,0
226.7,monitoring,timeout,0,0.0,0.0,0,0.606,1.945,,2.206,1.752,1.567,1.527,0,0,0
226.8,monitoring,timeout,0,0.0,0.0,0,0.606,1.945,,2.206,1.752,1.567,1.527,0,0,0
226.9,monitoring,timeout,0,0.0,0.0,0,0.606,1.945,,2.206,1.752,1.567,1.527,0,0,0
227.0,monitoring,timeout,0,0.0,0.0,0,0.606,1.945,,2.206,1.752,1.567,1.527,0,0,0
227.1,monitoring,timeout,0,0.0,0.0,0,0.606,1.945,,2.206,1.752,1.567,1.527,0,0,0
227.2,monitoring,timeout,0,0.0,0.0,0,0.606,1.945,,2.206,1.752,1.567,1.527,0,0,0
227.3,monitoring,timeout,0,0.0,0.0,0,0.606,1.945,,2.206,1.752,1.567,1.527,0,0,0
227.4,monitoring,timeout,0,0.0,0.0,0,0.606,1.945,,2.206,1.752,1.567,1.527,0,0,0
227.5,monitoring,timeout,0,0.0,0.0,0,0.606,1.945,,2.206,1.752,1.567,1.527,0,0,0
227.6,monitoring,timeout,0,0.0,0.0,0,0.606,1.945,,2.206,1.752,1.567,1.527,0,0,0
227.7,monitoring,timeout,0,0.0,0.0,0,0.606,1.945,,2.206,1.752,1.567,1.527,0,0,0
227.8,monitoring,timeout,0,0.0,0.0,0,0.606,1.945,,2.206,1.752,1.567,1.527,0,0,0
227.9,monitoring,timeout,0,0.0,0.0,0,0.606,1.945,,2.206,1.752,1.567,1.527,0,0,0
228.0,monitoring,timeout,0,0.0,0.0,0,0.606,1.945,,2.206,1.752,1.567,1.527,0,0,0
228.1,monitoring,timeout,0,0.0,0.0,0,0.606,1.945,,2.206,1.752,1.567,1.527,0,0,0
228.2,monitoring,timeout,0,0.0,0.0,0,0.606,1.945,,2.206,1.752,1.567,1.527,0,0,0
228.3,monitoring,timeout,0,0.0,0.0,0,0.606,1.945,,2.206,1.752,1.567,1.527,0,0,0
228.4,monitoring,timeout,0,0.0,0.0,0,0.606,1.945,,2.206,1.752,1.567,1.527,0,0,0
228.5,monitoring,timeout,0,0.0,0.0,0,0.606,1.945,,2.206,1.752,1.567,1.527,0,0,0
228.6,monitoring,timeout,0,0.0,0.0,0,0.606,1.945,,2.206,1.752,1.567,1.527,0,0,0
228.7,monitoring,timeout,0,0.0,0.0,0,0.606,1.945,,2.206,1.752,1.567,1.527,0,0,0
228.8,monitoring,timeout,0,0.0,0.0,0,0.606,1.945,,2.206,1.752,1.567,1.527,0,0,0
228.9,monitoring,timeout,0,0.0,0.0,0,0.606,1.945,,2.206,1.752,1.567,1.527,0,0,0
229.0,monitoring,timeout,0,0.0,0.0,0,0.606,1.945,,2.206,1.752,1.567,1.527,0,0,0
229.1,monitoring,timeout,0,0.0,0.0,0,0.606,1.945,,2.206,1.752,1.567,1.527,0,0,0
229.2,monitoring,timeout,0,0.0,0.0,0,0.606,1.945,,2.206,1.752,1.567,1.527,0,0,0
229.3,monitoring,timeout,0,0.0,0.0,0,0.606,1.945,,2.206,1.752,1.567,1.527,0,0,0
229.4,monitoring,timeout,0,0.0,0.0,0,0.606,1.945,,2.206,1.752,1.567,1.527,0,0,0
229.5,monitoring,timeout,0,0.0,0.0,0,0.606,1.945,,2.206,1.752,1.567,1.527,0,0,0
229.6,monitoring,timeout,0,0.0,0.0,0,0.606,1.945,,2.206,1.752,1.567,1.527,0,0,0
229.7,monitoring,timeout,0,0.0,0.0,0,0.606,1.945,,2.206,1.752,1.567,1.527,0,0,0
229.8,monitoring,timeout,0,0.0,0.0,0,0.606,1.945,,2.206,1.752,1.567,1.527,0,0,0
229.9,monitoring,timeout,0,0.0,0.0,0,0.606,1.945,,2.206,1.752,1.567,1.527,0,0,0
230.0,monitoring,timeout,0,0.0,0.0,0,0.606,1.945,,2.206,1.752,1.567,1.527,0,0,0
230.1,monitoring,timeout,0,0.0,0.0,0,0.606,1.945,,2.206,1.752,1.567,1.527,0,0,0
230.2,monitoring,timeout,0,0.0,0.0,0,0.606,1.945,,2.206,1.752,1.567,1.527,0,0,0
230.3,monitoring,timeout,0,0.0,0.0,0,0.606,1.945,,2.206,1.752,1.567,1.527,0,0,0
230.4,monitoring,timeout,0,0.0,0.0,0,0.606,1.945,,2.206,1.752,1.567,1.527,0,0,0
230.5,monitoring,timeout,0,0.0,0.0,0,0.606,1.945,,2.206,1.752,1.567,1.527,0,0,0
230.6,monitoring,timeout,0,0.0,0.0,0,0.606,1.945,,2.206,1.752,1.567,1.527,0,0,0
230.7,monitoring,timeout,0,0.0,0.0,0,0.606,1.945,,2.206,1.752,1.567,1.527,0,0,0
230.8,monitoring,timeout,0,0.0,0.0,0,0.606,1.945,,2.206,1.752,1.567,1.527,0,0,0
230.9,monitoring,timeout,0,0.0,0.0,0,0.606,1.945,,2.206,1.752,1.567,1.527,0,0,0
231.0,monitoring,timeout,0,0.0,0.0,0,0.606,1.945,,2.206,1.752,1.567,1.527,0,0,0
231.1,monitoring,timeout,0,0.0,0.0,0,0.606,1.945,,2.206,1.752,1.567,1.527,0,0,0
231.2,monitoring,timeout,0,0.0,0.0,0,0.606,1.945,,2.206,1.752,1.567,1.527,0,0,0
231.3,monitoring,timeout,0,0.0,0.0,0,0.606,1.945,,2.206,1.752,1.567,1.527,0,0,0
231.4,monitoring,timeout,0,0.0,0.0,0,0.606,1.945,,2.206,1.752,1.567,1.527,0,0,0
231.5,monitoring,timeout,0,0.0,0.0,0,0.606,1.945,,2.206,1.752,1.567,1.527,0,0,0
231.6,monitoring,timeout,0,0.0,0.0,0,0.606,1.945,,2.206,1.752,1.567,1.527,0,0,0
231.7,monitoring,timeout,0,0.0,0.0,0,0.606,1.945,,2.206,1.752,1.567,1.527,0,0,0
231.8,monitoring,timeout,0,0.0,0.0,0,0.606,1.945,,2.206,1.752,1.567,1.527,0,0,0
231.9,monitoring,timeout,0,0.0,0.0,0,0.606,1.945,,2.206,1.752,1.567,1.527,0,0,0
232.0,monitoring,timeout,0,0.0,0.0,0,0.606,1.945,,2.206,1.752,1.567,1.527,0,0,0
232.1,monitoring,timeout,0,0.0,0.0,0,0.606,1.945,,2.206,1.752,1.567,1.527,0,0,0
232.2,monitoring,timeout,0,0.0,0.0,0,0.606,1.945,,2.206,1.752,1.567,1.527,0,0,0
232.3,monitoring,timeout,0,0.0,0.0,0,0.606,1.945,,2.206,1.752,1.567,1.527,0,0,0
232.4,monitoring,timeout,0,0.0,0.0,0,0.606,1.945,,2.206,1.752,1.567,1.527,0,0,0
232.5,monitoring,timeout,0,0.0,0.0,0,0.606,1.945,,2.206,1.752,1.567,1.527,0,0,0
232.6,monitoring,timeout,0,0.0,0.0,0,0.606,1.945,,2.206,1.752,1.567,1.527,0,0,0
232.7,monitoring,timeout,0,0.0,0.0,0,0.606,1.945,,2.206,1.752,1.567,1.527,0,0,0
232.8,monitoring,timeout,0,0.0,0.0,0,0.606,1.945,,2.206,1.752,1.567,1.527,0,0,0
232.9,monitoring,timeout,0,0.0,0.0,0,0.606,1.945,,2.206,1.752,1.567,1.527,0,0,0
233.0,monitoring,timeout,0,0.0,0.0,0,0.606,1.945,,2.206,1.752,1.567,1.527,0,0,0
233.1,monitoring,timeout,0,0.0,0.0,0,0.606,1.945,,2.206,1.752,1.567,1.527,0,0,0
233.2,monitoring,timeout,0,0.0,0.0,0,0.606,1.945,,2.206,1.752,1.567,1.527,0,0,0
233.3,monitoring,timeout,0,0.0,0.0,0,0.606,1.945,,2.206,1.752,1.567,1.527,0,0,0
233.4,monitoring,timeout,0,0.0,0.0,0,0.606,1.945,,2.206,1.752,1.567,1.527,0,0,0
233.5,monitoring,timeout,0,0.0,0.0,0,0.606,1.945,,2.206,1.752,1.567,1.527,0,0,0
233.6,monitoring,timeout,0,0.0,0.0,0,0.606,1.945,,2.206,1.752,1.567,1.527,0,0,0
233.7,monitoring,timeout,0,0.0,0.0,0,0.606,1.945,,2.206,1.752,1.567,1.527,0,0,0
233.8,monitoring,timeout,0,0.0,0.0,0,0.606,1.945,,2.206,1.752,1.567,1.527,0,0,0
233.9,monitoring,timeout,0,0.0,0.0,0,0.606,1.945,,2.206,1.752,1.567,1.527,0,0,0
234.0,monitoring,timeout,0,0.0,0.0,0,0.606,1.945,,2.206,1.752,1.567,1.527,0,0,0
234.1,monitoring,timeout,0,0.0,0.0,0,0.606,1.945,,2.206,1.752,1.567,1.527,0,0,0
234.2,monitoring,timeout,0,0.0,0.0,0,0.606,1.945,,2.206,1.752,1.567,1.527,0,0,0
234.3,monitoring,timeout,0,0.0,0.0,0,0.606,1.945,,2.206,1.752,1.567,1.527,0,0,0
234.4,monitoring,timeout,0,0.0,0.0,0,0.606,1.945,,2.206,1.752,1.567,1.527,0,0,0
234.5,monitoring,timeout,0,0.0,0.0,0,0.606,1.945,,2.206,1.752,1.567,1.527,0,0,0
234.6,monitoring,timeout,0,0.0,0.0,0,0.606,1.945,,2.206,1.752,1.567,1.527,0,0,0
234.7,monitoring,timeout,0,0.0,0.0,0,0.606,1.945,,2.206,1.752,1.567,1.527,0,0,0
234.8,monitoring,timeout,0,0.0,0.0,0,0.606,1.945,,2.206,1.752,1.567,1.527,0,0,0
234.9,monitoring,timeout,0,0.0,0.0,0,0.606,1.945,,2.206,1.752,1.567,1.527,0,0,0
235.0,monitoring,timeout,0,0.0,0.0,0,0.606,1.945,,2.206,1.752,1.567,1.527,0,0,0
235.1,monitoring,timeout,0,0.0,0.0,0,0.606,1.945,,2.206,1.752,1.567,1.527,0,0,0
235.2,monitoring,timeout,0,0.0,0.0,0,0.606,1.945,,2.206,1.752,1.567,1.527,0,0,0
235.3,monitoring,timeout,0,0.0,0.0,0,0.606,1.945,,2.206,1.752,1.567,1.527,0,0,0
235.4,monitoring,timeout,0,0.0,0.0,0,0.606,1.945,,2.206,1.752,1.567,1.527,0,0,0
235.5,monitoring,timeout,0,0.0,0.0,0,0.606,1.945,,2.206,1.752,1.567,1.527,0,0,0
235.6,monitoring,timeout,0,0.0,0.0,0,0.606,1.945,,2.206,1.752,1.567,1.527,0,0,0
235.7,monitoring,timeout,0,0.0,0.0,0,0.606,1.945,,2.206,1.752,1.567,1.527,0,0,0
235.8,monitoring,timeout,0,0.0,0.0,0,0.606,1.945,,2.206,1.752,1.567,1.527,0,0,0
235.9,monitoring,timeout,0,0.0,0.0,0,0.606,1.945,,2.206,1.752,1.567,1.527,0,0,0
236.0,monitoring,timeout,0,0.0,0.0,0,0.606,1.945,,2.206,1.752,1.567,1.527,0,0,0
236.1,monitoring,timeout,0,0.0,0.0,0,0.606,1.945,,2.206,1.752,1.567,1.527,0,0,0
236.2,monitoring,timeout,0,0.0,0.0,0,0.606,1.945,,2.206,1.752,1.567,1.527,0,0,0
236.3,monitoring,timeout,0,0.0,0.0,0,0.606,1.945,,2.206,1.752,1.567,1.527,0,0,0
236.4,monitoring,timeout,0,0.0,0.0,0,0.606,1.945,,2.206,1.752,1.567,1.527,0,0,0
236.5,monitoring,timeout,0,0.0,0.0,0,0.606,1.945,,2.206,1.752,1.567,1.527,0,0,0
236.6,monitoring,timeout,0,0.0,0.0,0,0.606,1.945,,2.206,1.752,1.567,1.527,0,0,0
236.7,monitoring,timeout,0,0.0,0.0,0,0.606,1.945,,2.206,1.752,1.567,1.527,0,0,0
236.8,monitoring,timeout,0,0.0,0.0,0,0.606,1.945,,2.206,1.752,1.567,1.527,0,0,0
236.9,monitoring,timeout,0,0.0,0.0,0,0.606,1.945,,2.206,1.752,1.567,1.527,0,0,0
237.0,monitoring,timeout,0,0.0,0.0,0,0.606,1.945,,2.206,1.752,1.567,1.527,0,0,0
237.1,monitoring,timeout,0,0.0,0.0,0,0.606,1.945,,2.206,1.752,1.567,1.527,0,0,0
237.2,monitoring,timeout,0,0.0,0.0,0,0.606,1.945,,2.206,1.752,1.567,1.527,0,0,0
237.3,monitoring,timeout,0,0.0,0.0,0,0.606,1.945,,2.206,1.752,1.567,1.527,0,0,0
237.4,monitoring,timeout,0,0.0,0.0,0,0.606,1.945,,2.206,1.752,1.567,1.527,0,0,0
237.5,monitoring,timeout,0,0.0,0.0,0,0.606,1.945,,2.206,1.752,1.567,1.527,0,0,0
237.6,monitoring,timeout,0,0.0,0.0,0,0.606,1.945,,2.206,1.752,1.567,1.527,0,0,0
237.7,monitoring,timeout,0,0.0,0.0,0,0.606,1.945,,2.206,1.752,1.567,1.527,0,0,0
237.8,monitoring,timeout,0,0.0,0.0,0,0.606,1.945,,2.206,1.752,1.567,1.527,0,0,0
237.9,monitoring,timeout,0,0.0,0.0,0,0.606,1.945,,2.206,1.752,1.567,1.527,0,0,0
238.0,monitoring,timeout,0,0.0,0.0,0,0.606,1.945,,2.206,1.752,1.567,1.527,0,0,0
238.1,monitoring,timeout,0,0.0,0.0,0,0.606,1.945,,2.206,1.752,1.567,1.527,0,0,0
238.2,monitoring,timeout,0,0.0,0.0,0,0.606,1.945,,2.206,1.752,1.567,1.527,0,0,0
238.3,monitoring,timeout,0,0.0,0.0,0,0.606,1.945,,2.206,1.752,1.567,1.527,0,0,0
238.4,monitoring,timeout,0,0.0,0.0,0,0.606,1.945,,2.206,1.752,1.567,1.527,0,0,0
238.5,monitoring,timeout,0,0.0,0.0,0,0.606,1.945,,2.206,1.752,1.567,1.527,0,0,0
238.6,monitoring,timeout,0,0.0,0.0,0,0.606,1.945,,2.206,1.752,1.567,1.527,0,0,0
238.7,monitoring,timeout,0,0.0,0.0,0,0.606,1.945,,2.206,1.752,1.567,1.527,0,0,0
238.8,monitoring,timeout,0,0.0,0.0,0,0.606,1.945,,2.206,1.752,1.567,1.527,0,0,0
238.9,monitoring,timeout,0,0.0,0.0,0,0.606,1.945,,2.206,1.752,1.567,1.527,0,0,0
239.0,monitoring,timeout,0,0.0,0.0,0,0.606,1.945,,2.206,1.752,1.567,1.527,0,0,0
239.1,monitoring,timeout,0,0.0,0.0,0,0.606,1.945,,2.206,1.752,1.567,1.527,0,0,0
239.2,monitoring,timeout,0,0.0,0.0,0,0.606,1.945,,2.206,1.752,1.567,1.527,0,0,0
239.3,monitoring,timeout,0,0.0,0.0,0,0.606,1.945,,2.206,1.752,1.567,1.527,0,0,0
239.4,monitoring,timeout,0,0.0,0.0,0,0.606,1.945,,2.206,1.752,1.567,1.527,0,0,0
239.5,monitoring,timeout,0,0.0,0.0,0,0.606,1.945,,2.206,1.752,1.567,1.527,0,0,0
239.6,monitoring,timeout,0,0.0,0.0,0,0.606,1.945,,2.206,1.752,1.567,1.527,0,0,0
239.7,monitoring,timeout,0,0.0,0.0,0,0.606,1.945,,2.206,1.752,1.567,1.527,0,0,0
239.8,monitoring,timeout,0,0.0,0.0,0,0.606,1.945,,2.206,1.752,1.567,1.527,0,0,0
239.9,monitoring,timeout,0,0.0,0.0,0,0.606,1.945,,2.206,1.752,1.567,1.527,0,0,0
240.0,monitoring,timeout,0,0.0,0.0,0,0.606,1.945,,2.206,1.752,1.567,1.527,0,0,0
240.1,monitoring,timeout,0,0.0,0.0,0,0.606,1.945,,2.206,1.752,1.567,1.527,0,0,0
240.2,monitoring,timeout,0,0.0,0.0,0,0.606,1.945,,2.206,1.752,1.567,1.527,0,0,0
240.3,monitoring,timeout,0,0.0,0.0,0,0.606,1.945,,2.206,1.752,1.567,1.527,0,0,0
240.4,monitoring,timeout,0,0.0,0.0,0,0.606,1.945,,2.206,1.752,1.567,1.527,0,0,0
240.5,monitoring,timeout,0,0.0,0.0,0,0.606,1.945,,2.206,1.752,1.567,1.527,0,0,0
240.6,monitoring,timeout,0,0.0,0.0,0,0.606,1.945,,2.206,1.752,1.567,1.527,0,0,0
240.7,monitoring,timeout,0,0.0,0.0,0,0.606,1.945,,2.206,1.752,1.567,1.527,0,0,0
240.8,monitoring,timeout,0,0.0,0.0,0,0.606,1.945,,2.206,1.752,1.567,1.527,0,0,0
240.9,monitoring,timeout,0,0.0,0.0,0,0.606,1.945,,2.206,1.752,1.567,1.527,0,0,0
241.0,monitoring,timeout,0,0.0,0.0,0,0.606,1.945,,2.206,1.752,1.567,1.527,0,0,0
241.1,monitoring,timeout,0,0.0,0.0,0,0.606,1.945,,2.206,1.752,1.567,1.527,0,0,0
241.2,monitoring,timeout,0,0.0,0.0,0,0.606,1.945,,2.206,1.752,1.567,1.527,0,0,0
241.3,monitoring,timeout,0,0.0,0.0,0,0.606,1.945,,2.206,1.752,1.567,1.527,0,0,0
241.4,monitoring,timeout,0,0.0,0.0,0,0.606,1.945,,2.206,1.752,1.567,1.527,0,0,0
241.5,monitoring,timeout,0,0.0,0.0,0,0.606,1.945,,2.206,1.752,1.567,1.527,0,0,0
241.6,monitoring,timeout,0,0.0,0.0,0,0.606,1.945,,2.206,1.752,1.567,1.527,0,0,0
241.7,monitoring,timeout,0,0.0,0.0,0,0.606,1.945,,2.206,1.752,1.567,1.527,0,0,0
241.8,monitoring,timeout,0,0.0,0.0,0,0.606,1.945,,2.206,1.752,1.567,1.527,0,0,0
241.9,monitoring,timeout,0,0.0,0.0,0,0.606,1.945,,2.206,1.752,1.567,1.527,0,0,0
242.0,monitoring,timeout,0,0.0,0.0,0,0.606,1.945,,2.206,1.752,1.567,1.527,0,0,0
242.1,monitoring,timeout,0,0.0,0.0,0,0.606,1.945,,2.206,1.752,1.567,1.527,0,0,0
242.2,monitoring,timeout,0,0.0,0.0,0,0.606,1.945,,2.206,1.752,1.567,1.527,0,0,0
242.3,monitoring,timeout,0,0.0,0.0,0,0.606,1.945,,2.206,1.752,1.567,1.527,0,0,0
242.4,monitoring,timeout,0,0.0,0.0,0,0.606,1.945,,2.206,1.752,1.567,1.527,0,0,0
242.5,monitoring,timeout,0,0.0,0.0,0,0.606,1.945,,2.206,1.752,1.567,1.527,0,0,0
242.6,monitoring,timeout,0,0.0,0.0,0,0.606,1.945,,2.206,1.752,1.567,1.527,0,0,0
242.7,monitoring,timeout,0,0.0,0.0,0,0.606,1.945,,2.206,1.752,1.567,1.527,0,0,0
242.8,monitoring,timeout,0,0.0,0.0,0,0.606,1.945,,2.206,1.752,1.567,1.527,0,0,0
242.9,monitoring,timeout,0,0.0,0.0,0,0.606,1.945,,2.206,1.752,1.567,1.527,0,0,0
243.0,monitoring,timeout,0,0.0,0.0,0,0.606,1.945,,2.206,1.752,1.567,1.527,0,0,0
243.1,monitoring,timeout,0,0.0,0.0,0,0.606,1.945,,2.206,1.752,1.567,1.527,0,0,0
243.2,monitoring,timeout,0,0.0,0.0,0,0.606,1.945,,2.206,1.752,1.567,1.527,0,0,0
243.3,monitoring,timeout,0,0.0,0.0,0,0.606,1.945,,2.206,1.752,1.567,1.527,0,0,0
243.4,monitoring,timeout,0,0.0,0.0,0,0.606,1.945,,2.206,1.752,1.567,1.527,0,0,0
243.5,monitoring,timeout,0,0.0,0.0,0,0.606,1.945,,2.206,1.752,1.567,1.527,0,0,0
243.6,monitoring,timeout,0,0.0,0.0,0,0.606,1.945,,2.206,1.752,1.567,1.527,0,0,0
243.7,monitoring,timeout,0,0.0,0.0,0,0.606,1.945,,2.206,1.752,1.567,1.527,0,0,0
243.8,monitoring,timeout,0,0.0,0.0,0,0.606,1.945,,2.206,1.752,1.567,1.527,0,0,0
243.9,monitoring,timeout,0,0.0,0.0,0,0.606,1.945,,2.206,1.752,1.567,1.527,0,0,0
244.0,monitoring,timeout,0,0.0,0.0,0,0.606,1.945,,2.206,1.752,1.567,1.527,0,0,0
244.1,monitoring,timeout,0,0.0,0.0,0,0.606,1.945,,2.206,1.752,1.567,1.527,0,0,0
244.2,monitoring,timeout,0,0.0,0.0,0,0.606,1.945,,2.206,1.752,1.567,1.527,0,0,0
244.3,monitoring,timeout,0,0.0,0.0,0,0.606,1.945,,2.206,1.752,1.567,1.527,0,0,0
244.4,monitoring,timeout,0,0.0,0.0,0,0.606,1.945,,2.206,1.752,1.567,1.527,0,0,0
244.5,monitoring,timeout,0,0.0,0.0,0,0.606,1.945,,2.206,1.752,1.567,1.527,0,0,0
244.6,monitoring,timeout,0,0.0,0.0,0,0.606,1.945,,2.206,1.752,1.567,1.527,0,0,0
244.7,monitoring,timeout,0,0.0,0.0,0,0.606,1.945,,2.206,1.752,1.567,1.527,0,0,0
244.8,monitoring,timeout,0,0.0,0.0,0,0.606,1.945,,2.206,1.752,1.567,1.527,0,0,0
244.9,monitoring,timeout,0,0.0,0.0,0,0.606,1.945,,2.206,1.752,1.567,1.527,0,0,0
245.0,monitoring,timeout,0,0.0,0.0,0,0.606,1.945,,2.206,1.752,1.567,1.527,0,0,0
245.1,monitoring,timeout,0,0.0,0.0,0,0.606,1.945,,2.206,1.752,1.567,1.527,0,0,0
245.2,monitoring,timeout,0,0.0,0.0,0,0.606,1.945,,2.206,1.752,1.567,1.527,0,0,0
245.3,monitoring,timeout,0,0.0,0.0,0,0.606,1.945,,2.206,1.752,1.567,1.527,0,0,0
245.4,monitoring,timeout,0,0.0,0.0,0,0.606,1.945,,2.206,1.752,1.567,1.527,0,0,0
245.5,monitoring,timeout,0,0.0,0.0,0,0.606,1.945,,2.206,1.752,1.567,1.527,0,0,0
245.6,monitoring,timeout,0,0.0,0.0,0,0.606,1.945,,2.206,1.752,1.567,1.527,0,0,0
245.7,monitoring,timeout,0,0.0,0.0,0,0.606,1.945,,2.206,1.752,1.567,1.527,0,0,0
245.8,monitoring,timeout,0,0.0,0.0,0,0.606,1.945,,2.206,1.752,1.567,1.527,0,0,0
245.9,monitoring,timeout,0,0.0,0.0,0,0.606,1.945,,2.206,1.752,1.567,1.527,0,0,0
246.0,monitoring,timeout,0,0.0,0.0,0,0.606,1.945,,2.206,1.752,1.567,1.527,0,0,0
246.1,monitoring,timeout,0,0.0,0.0,0,0.606,1.945,,2.206,1.752,1.567,1.527,0,0,0
246.2,monitoring,timeout,0,0.0,0.0,0,0.606,1.945,,2.206,1.752,1.567,1.527,0,0,0
246.3,monitoring,timeout,0,0.0,0.0,0,0.606,1.945,,2.206,1.752,1.567,1.527,0,0,0
246.4,monitoring,timeout,0,0.0,0.0,0,0.606,1.945,,2.206,1.752,1.567,1.527,0,0,0
246.5,monitoring,timeout,0,0.0,0.0,0,0.606,1.945,,2.206,1.752,1.567,1.527,0,0,0
246.6,monitoring,timeout,0,0.0,0.0,0,0.606,1.945,,2.206,1.752,1.567,1.527,0,0,0
246.7,monitoring,timeout,0,0.0,0.0,0,0.606,1.945,,2.206,1.752,1.567,1.527,0,0,0
246.8,monitoring,timeout,0,0.0,0.0,0,0.606,1.945,,2.206,1.752,1.567,1.527,0,0,0
246.9,monitoring,timeout,0,0.0,0.0,0,0.606,1.945,,2.206,1.752,1.567,1.527,0,0,0
247.0,monitoring,timeout,0,0.0,0.0,0,0.606,1.945,,2.206,1.752,1.567,1.527,0,0,0
247.1,monitoring,timeout,0,0.0,0.0,0,0.606,1.945,,2.206,1.752,1.567,1.527,0,0,0
247.2,monitoring,timeout,0,0.0,0.0,0,0.606,1.945,,2.206,1.752,1.567,1.527,0,0,0
247.3,monitoring,timeout,0,0.0,0.0,0,0.606,1.945,,2.206,1.752,1.567,1.527,0,0,0
247.4,monitoring,timeout,0,0.0,0.0,0,0.606,1.945,,2.206,1.752,1.567,1.527,0,0,0
247.5,monitoring,timeout,0,0.0,0.0,0,0.606,1.945,,2.206,1.752,1.567,1.527,0,0,0
247.6,monitoring,timeout,0,0.0,0.0,0,0.606,1.945,,2.206,1.752,1.567,1.527,0,0,0
247.7,monitoring,timeout,0,0.0,0.0,0,0.606,1.945,,2.206,1.752,1.567,1.527,0,0,0
247.8,monitoring,timeout,0,0.0,0.0,0,0.606,1.945,,2.206,1.752,1.567,1.527,0,0,0
247.9,monitoring,timeout,0,0.0,0.0,0,0.606,1.945,,2.206,1.752,1.567,1.527,0,0,0
248.0,monitoring,timeout,0,0.0,0.0,0,0.606,1.945,,2.206,1.752,1.567,1.527,0,0,0
248.1,monitoring,timeout,0,0.0,0.0,0,0.606,1.945,,2.206,1.752,1.567,1.527,0,0,0
248.2,monitoring,timeout,0,0.0,0.0,0,0.606,1.945,,2.206,1.752,1.567,1.527,0,0,0
248.3,monitoring,timeout,0,0.0,0.0,0,0.606,1.945,,2.206,1.752,1.567,1.527,0,0,0
248.4,monitoring,timeout,0,0.0,0.0,0,0.606,1.945,,2.206,1.752,1.567,1.527,0,0,0
248.5,monitoring,timeout,0,0.0,0.0,0,0.606,1.945,,2.206,1.752,1.567,1.527,0,0,0
248.6,monitoring,timeout,0,0.0,0.0,0,0.606,1.945,,2.206,1.752,1.567,1.527,0,0,0
248.7,monitoring,timeout,0,0.0,0.0,0,0.606,1.945,,2.206,1.752,1.567,1.527,0,0,0
248.8,monitoring,timeout,0,0.0,0.0,0,0.606,1.945,,2.206,1.752,1.567,1.527,0,0,0
248.9,monitoring,timeout,0,0.0,0.0,0,0.606,1.945,,2.206,1.752,1.567,1.527,0,0,0
249.0,monitoring,timeout,0,0.0,0.0,0,0.606,1.945,,2.206,1.752,1.567,1.527,0,0,0
249.1,monitoring,timeout,0,0.0,0.0,0,0.606,1.945,,2.206,1.752,1.567,1.527,0,0,0
249.2,monitoring,timeout,0,0.0,0.0,0,0.606,1.945,,2.206,1.752,1.567,1.527,0,0,0
249.3,monitoring,timeout,0,0.0,0.0,0,0.606,1.945,,2.206,1.752,1.567,1.527,0,0,0
249.4,monitoring,timeout,0,0.0,0.0,0,0.606,1.945,,2.206,1.752,1.567,1.527,0,0,0
249.5,monitoring,timeout,0,0.0,0.0,0,0.606,1.945,,2.206,1.752,1.567,1.527,0,0,0
249.6,monitoring,timeout,0,0.0,0.0,0,0.606,1.945,,2.206,1.752,1.567,1.527,0,0,0
249.7,monitoring,timeout,0,0.0,0.0,0,0.606,1.945,,2.206,1.752,1.567,1.527,0,0,0
249.8,monitoring,timeout,0,0.0,0.0,0,0.606,1.945,,2.206,1.752,1.567,1.527,0,0,0
249.9,monitoring,timeout,0,0.0,0.0,0,0.606,1.945,,2.206,1.752,1.567,1.527,0,0,0
250.0,monitoring,timeout,0,0.0,0.0,0,0.606,1.945,,2.206,1.752,1.567,1.527,0,0,0
250.1,monitoring,timeout,0,0.0,0.0,0,0.606,1.945,,2.206,1.752,1.567,1.527,0,0,0
250.2,monitoring,timeout,0,0.0,0.0,0,0.606,1.945,,2.206,1.752,1.567,1.527,0,0,0
250.3,monitoring,timeout,0,0.0,0.0,0,0.606,1.945,,2.206,1.752,1.567,1.527,0,0,0
250.4,monitoring,timeout,0,0.0,0.0,0,0.606,1.945,,2.206,1.752,1.567,1.527,0,0,0
250.5,monitoring,timeout,0,0.0,0.0,0,0.606,1.945,,2.206,1.752,1.567,1.527,0,0,0
250.6,monitoring,timeout,0,0.0,0.0,0,0.606,1.945,,2.206,1.752,1.567,1.527,0,0,0
250.7,monitoring,timeout,0,0.0,0.0,0,0.606,1.945,,2.206,1.752,1.567,1.527,0,0,0
250.8,monitoring,timeout,0,0.0,0.0,0,0.606,1.945,,2.206,1.752,1.567,1.527,0,0,0
250.9,monitoring,timeout,0,0.0,0.0,0,0.606,1.945,,2.206,1.752,1.567,1.527,0,0,0
251.0,monitoring,timeout,0,0.0,0.0,0,0.606,1.945,,2.206,1.752,1.567,1.527,0,0,0
251.1,monitoring,timeout,0,0.0,0.0,0,0.606,1.945,,2.206,1.752,1.567,1.527,0,0,0
251.2,monitoring,timeout,0,0.0,0.0,0,0.606,1.945,,2.206,1.752,1.567,1.527,0,0,0
251.3,monitoring,timeout,0,0.0,0.0,0,0.606,1.945,,2.206,1.752,1.567,1.527,0,0,0
251.4,monitoring,timeout,0,0.0,0.0,0,0.606,1.945,,2.206,1.752,1.567,1.527,0,0,0
251.5,monitoring,timeout,0,0.0,0.0,0,0.606,1.945,,2.206,1.752,1.567,1.527,0,0,0
251.6,monitoring,timeout,0,0.0,0.0,0,0.606,1.945,,2.206,1.752,1.567,1.527,0,0,0
251.7,monitoring,timeout,0,0.0,0.0,0,0.606,1.945,,2.206,1.752,1.567,1.527,0,0,0
251.8,monitoring,timeout,0,0.0,0.0,0,0.606,1.945,,2.206,1.752,1.567,1.527,0,0,0
251.9,monitoring,timeout,0,0.0,0.0,0,0.606,1.945,,2.206,1.752,1.567,1.527,0,0,0
252.0,monitoring,timeout,0,0.0,0.0,0,0.606,1.945,,2.206,1.752,1.567,1.527,0,0,0
252.1,monitoring,timeout,0,0.0,0.0,0,0.606,1.945,,2.206,1.752,1.567,1.527,0,0,0
252.2,monitoring,timeout,0,0.0,0.0,0,0.606,1.945,,2.206,1.752,1.567,1.527,0,0,0
252.3,monitoring,timeout,0,0.0,0.0,0,0.606,1.945,,2.206,1.752,1.567,1.527,0,0,0
252.4,monitoring,timeout,0,0.0,0.0,0,0.606,1.945,,2.206,1.752,1.567,1.527,0,0,0
252.5,monitoring,timeout,0,0.0,0.0,0,0.606,1.945,,2.206,1.752,1.567,1.527,0,0,0
252.6,monitoring,timeout,0,0.0,0.0,0,0.606,1.945,,2.206,1.752,1.567,1.527,0,0,0
252.7,monitoring,timeout,0,0.0,0.0,0,0.606,1.945,,2.206,1.752,1.567,1.527,0,0,0
252.8,monitoring,timeout,0,0.0,0.0,0,0.606,1.945,,2.206,1.752,1.567,1.527,0,0,0
252.9,monitoring,timeout,0,0.0,0.0,0,0.606,1.945,,2.206,1.752,1.567,1.527,0,0,0
253.0,monitoring,timeout,0,0.0,0.0,0,0.606,1.945,,2.206,1.752,1.567,1.527,0,0,0
253.1,monitoring,timeout,0,0.0,0.0,0,0.606,1.945,,2.206,1.752,1.567,1.527,0,0,0
253.2,monitoring,timeout,0,0.0,0.0,0,0.606,1.945,,2.206,1.752,1.567,1.527,0,0,0
253.3,monitoring,timeout,0,0.0,0.0,0,0.606,1.945,,2.206,1.752,1.567,1.527,0,0,0
253.4,monitoring,timeout,0,0.0,0.0,0,0.606,1.945,,2.206,1.752,1.567,1.527,0,0,0
253.5,monitoring,timeout,0,0.0,0.0,0,0.606,1.945,,2.206,1.752,1.567,1.527,0,0,0
253.6,monitoring,timeout,0,0.0,0.0,0,0.606,1.945,,2.206,1.752,1.567,1.527,0,0,0
253.7,monitoring,timeout,0,0.0,0.0,0,0.606,1.945,,2.206,1.752,1.567,1.527,0,0,0
253.8,monitoring,timeout,0,0.0,0.0,0,0.606,1.945,,2.206,1.752,1.567,1.527,0,0,0
253.9,monitoring,timeout,0,0.0,0.0,0,0.606,1.945,,2.206,1.752,1.567,1.527,0,0,0
254.0,monitoring,timeout,0,0.0,0.0,0,0.606,1.945,,2.206,1.752,1.567,1.527,0,0,0
254.1,monitoring,timeout,0,0.0,0.0,0,0.606,1.945,,2.206,1.752,1.567,1.527,0,0,0
254.2,monitoring,timeout,0,0.0,0.0,0,0.606,1.945,,2.206,1.752,1.567,1.527,0,0,0
254.3,monitoring,timeout,0,0.0,0.0,0,0.606,1.945,,2.206,1.752,1.567,1.527,0,0,0
254.4,monitoring,timeout,0,0.0,0.0,0,0.606,1.945,,2.206,1.752,1.567,1.527,0,0,0
254.5,monitoring,timeout,0,0.0,0.0,0,0.606,1.945,,2.206,1.752,1.567,1.527,0,0,0
254.6,monitoring,timeout,0,0.0,0.0,0,0.606,1.945,,2.206,1.752,1.567,1.527,0,0,0
254.7,monitoring,timeout,0,0.0,0.0,0,0.606,1.945,,2.206,1.752,1.567,1.527,0,0,0
254.8,monitoring,timeout,0,0.0,0.0,0,0.606,1.945,,2.206,1.752,1.567,1.527,0,0,0
254.9,monitoring,timeout,0,0.0,0.0,0,0.606,1.945,,2.206,1.752,1.567,1.527,0,0,0
255.0,monitoring,timeout,0,0.0,0.0,0,0.606,1.945,,2.206,1.752,1.567,1.527,0,0,0
255.1,monitoring,timeout,0,0.0,0.0,0,0.606,1.945,,2.206,1.752,1.567,1.527,0,0,0
255.2,monitoring,timeout,0,0.0,0.0,0,0.606,1.945,,2.206,1.752,1.567,1.527,0,0,0
255.3,monitoring,timeout,0,0.0,0.0,0,0.606,1.945,,2.206,1.752,1.567,1.527,0,0,0
255.4,monitoring,timeout,0,0.0,0.0,0,0.606,1.945,,2.206,1.752,1.567,1.527,0,0,0
255.5,monitoring,timeout,0,0.0,0.0,0,0.606,1.945,,2.206,1.752,1.567,1.527,0,0,0
255.6,monitoring,timeout,0,0.0,0.0,0,0.606,1.945,,2.206,1.752,1.567,1.527,0,0,0
255.7,monitoring,timeout,0,0.0,0.0,0,0.606,1.945,,2.206,1.752,1.567,1.527,0,0,0
255.8,monitoring,timeout,0,0.0,0.0,0,0.606,1.945,,2.206,1.752,1.567,1.527,0,0,0
255.9,monitoring,timeout,0,0.0,0.0,0,0.606,1.945,,2.206,1.752,1.567,1.527,0,0,0
256.0,monitoring,timeout,0,0.0,0.0,0,0.606,1.945,,2.206,1.752,1.567,1.527,0,0,0
256.1,monitoring,timeout,0,0.0,0.0,0,0.606,1.945,,2.206,1.752,1.567,1.527,0,0,0
256.2,monitoring,timeout,0,0.0,0.0,0,0.606,1.945,,2.206,1.752,1.567,1.527,0,0,0
256.3,monitoring,timeout,0,0.0,0.0,0,0.606,1.945,,2.206,1.752,1.567,1.527,0,0,0
256.4,monitoring,timeout,0,0.0,0.0,0,0.606,1.945,,2.206,1.752,1.567,1.527,0,0,0
256.5,monitoring,timeout,0,0.0,0.0,0,0.606,1.945,,2.206,1.752,1.567,1.527,0,0,0
256.6,monitoring,timeout,0,0.0,0.0,0,0.606,1.945,,2.206,1.752,1.567,1.527,0,0,0
256.7,monitoring,timeout,0,0.0,0.0,0,0.606,1.945,,2.206,1.752,1.567,1.527,0,0,0
256.8,monitoring,timeout,0,0.0,0.0,0,0.606,1.945,,2.206,1.752,1.567,1.527,0,0,0
256.9,monitoring,timeout,0,0.0,0.0,0,0.606,1.945,,2.206,1.752,1.567,1.527,0,0,0
257.0,monitoring,timeout,0,0.0,0.0,0,0.606,1.945,,2.206,1.752,1.567,1.527,0,0,0
257.1,monitoring,timeout,0,0.0,0.0,0,0.606,1.945,,2.206,1.752,1.567,1.527,0,0,0
257.2,monitoring,timeout,0,0.0,0.0,0,0.606,1.945,,2.206,1.752,1.567,1.527,0,0,0
257.3,monitoring,timeout,0,0.0,0.0,0,0.606,1.945,,2.206,1.752,1.567,1.527,0,0,0
257.4,monitoring,timeout,0,0.0,0.0,0,0.606,1.945,,2.206,1.752,1.567,1.527,0,0,0
257.5,monitoring,timeout,0,0.0,0.0,0,0.606,1.945,,2.206,1.752,1.567,1.527,0,0,0
257.6,monitoring,timeout,0,0.0,0.0,0,0.606,1.945,,2.206,1.752,1.567,1.527,0,0,0
257.7,monitoring,timeout,0,0.0,0.0,0,0.606,1.945,,2.206,1.752,1.567,1.527,0,0,0
257.8,monitoring,timeout,0,0.0,0.0,0,0.606,1.945,,2.206,1.752,1.567,1.527,0,0,0
257.9,monitoring,timeout,0,0.0,0.0,0,0.606,1.945,,2.206,1.752,1.567,1.527,0,0,0
258.0,monitoring,timeout,0,0.0,0.0,0,0.606,1.945,,2.206,1.752,1.567,1.527,0,0,0
258.1,monitoring,timeout,0,0.0,0.0,0,0.606,1.945,,2.206,1.752,1.567,1.527,0,0,0
258.2,monitoring,timeout,0,0.0,0.0,0,0.606,1.945,,2.206,1.752,1.567,1.527,0,0,0
258.3,monitoring,timeout,0,0.0,0.0,0,0.606,1.945,,2.206,1.752,1.567,1.527,0,0,0
258.4,monitoring,timeout,0,0.0,0.0,0,0.606,1.945,,2.206,1.752,1.567,1.527,0,0,0
258.5,monitoring,timeout,0,0.0,0.0,0,0.606,1.945,,2.206,1.752,1.567,1.527,0,0,0
258.6,monitoring,timeout,0,0.0,0.0,0,0.606,1.945,,2.206,1.752,1.567,1.527,0,0,0
258.7,monitoring,timeout,0,0.0,0.0,0,0.606,1.945,,2.206,1.752,1.567,1.527,0,0,0
258.8,monitoring,timeout,0,0.0,0.0,0,0.606,1.945,,2.206,1.752,1.567,1.527,0,0,0
258.9,monitoring,timeout,0,0.0,0.0,0,0.606,1.945,,2.206,1.752,1.567,1.527,0,0,0
259.0,monitoring,timeout,0,0.0,0.0,0,0.606,1.945,,2.206,1.752,1.567,1.527,0,0,0
259.1,monitoring,timeout,0,0.0,0.0,0,0.606,1.945,,2.206,1.752,1.567,1.527,0,0,0
259.2,monitoring,timeout,0,0.0,0.0,0,0.606,1.945,,2.206,1.752,1.567,1.527,0,0,0
259.3,monitoring,timeout,0,0.0,0.0,0,0.606,1.945,,2.206,1.752,1.567,1.527,0,0,0
259.4,monitoring,timeout,0,0.0,0.0,0,0.606,1.945,,2.206,1.752,1.567,1.527,0,0,0
259.5,monitoring,timeout,0,0.0,0.0,0,0.606,1.945,,2.206,1.752,1.567,1.527,0,0,0
259.6,monitoring,timeout,0,0.0,0.0,0,0.606,1.945,,2.206,1.752,1.567,1.527,0,0,0
259.7,monitoring,timeout,0,0.0,0.0,0,0.606,1.945,,2.206,1.752,1.567,1.527,0,0,0
259.8,monitoring,timeout,0,0.0,0.0,0,0.606,1.945,,2.206,1.752,1.567,1.527,0,0,0
259.9,monitoring,timeout,0,0.0,0.0,0,0.606,1.945,,2.206,1.752,1.567,1.527,0,0,0
260.0,monitoring,timeout,0,0.0,0.0,0,0.606,1.945,,2.206,1.752,1.567,1.527,0,0,0
260.1,monitoring,timeout,0,0.0,0.0,0,0.606,1.945,,2.206,1.752,1.567,1.527,0,0,0
260.2,monitoring,timeout,0,0.0,0.0,0,0.606,1.945,,2.206,1.752,1.567,1.527,0,0,0
260.3,monitoring,timeout,0,0.0,0.0,0,0.606,1.945,,2.206,1.752,1.567,1.527,0,0,0
260.4,monitoring,timeout,0,0.0,0.0,0,0.606,1.945,,2.206,1.752,1.567,1.527,0,0,0
260.5,monitoring,timeout,0,0.0,0.0,0,0.606,1.945,,2.206,1.752,1.567,1.527,0,0,0
260.6,monitoring,timeout,0,0.0,0.0,0,0.606,1.945,,2.206,1.752,1.567,1.527,0,0,0
260.7,monitoring,timeout,0,0.0,0.0,0,0.606,1.945,,2.206,1.752,1.567,1.527,0,0,0
260.8,monitoring,timeout,0,0.0,0.0,0,0.606,1.945,,2.206,1.752,1.567,1.527,0,0,0
260.9,monitoring,timeout,0,0.0,0.0,0,0.606,1.945,,2.206,1.752,1.567,1.527,0,0,0
261.0,monitoring,timeout,0,0.0,0.0,0,0.606,1.945,,2.206,1.752,1.567,1.527,0,0,0
261.1,monitoring,timeout,0,0.0,0.0,0,0.606,1.945,,2.206,1.752,1.567,1.527,0,0,0
261.2,monitoring,timeout,0,0.0,0.0,0,0.606,1.945,,2.206,1.752,1.567,1.527,0,0,0
261.3,monitoring,timeout,0,0.0,0.0,0,0.606,1.945,,2.206,1.752,1.567,1.527,0,0,0
261.4,monitoring,timeout,0,0.0,0.0,0,0.606,1.945,,2.206,1.752,1.567,1.527,0,0,0
261.5,monitoring,timeout,0,0.0,0.0,0,0.606,1.945,,2.206,1.752,1.567,1.527,0,0,0
261.6,monitoring,timeout,0,0.0,0.0,0,0.606,1.945,,2.206,1.752,1.567,1.527,0,0,0
261.7,monitoring,timeout,0,0.0,0.0,0,0.606,1.945,,2.206,1.752,1.567,1.527,0,0,0
261.8,monitoring,timeout,0,0.0,0.0,0,0.606,1.945,,2.206,1.752,1.567,1.527,0,0,0
261.9,monitoring,timeout,0,0.0,0.0,0,0.606,1.945,,2.206,1.752,1.567,1.527,0,0,0
262.0,monitoring,timeout,0,0.0,0.0,0,0.606,1.945,,2.206,1.752,1.567,1.527,0,0,0
262.1,monitoring,timeout,0,0.0,0.0,0,0.606,1.945,,2.206,1.752,1.567,1.527,0,0,0
262.2,monitoring,timeout,0,0.0,0.0,0,0.606,1.945,,2.206,1.752,1.567,1.527,0,0,0
262.3,monitoring,timeout,0,0.0,0.0,0,0.606,1.945,,2.206,1.752,1.567,1.527,0,0,0
262.4,monitoring,timeout,0,0.0,0.0,0,0.606,1.945,,2.206,1.752,1.567,1.527,0,0,0
262.5,monitoring,timeout,0,0.0,0.0,0,0.606,1.945,,2.206,1.752,1.567,1.527,0,0,0
262.6,monitoring,timeout,0,0.0,0.0,0,0.606,1.945,,2.206,1.752,1.567,1.527,0,0,0
262.7,monitoring,timeout,0,0.0,0.0,0,0.606,1.945,,2.206,1.752,1.567,1.527,0,0,0
262.8,monitoring,timeout,0,0.0,0.0,0,0.606,1.945,,2.206,1.752,1.567,1.527,0,0,0
262.9,monitoring,timeout,0,0.0,0.0,0,0.606,1.945,,2.206,1.752,1.567,1.527,0,0,0
263.0,monitoring,timeout,0,0.0,0.0,0,0.606,1.945,,2.206,1.752,1.567,1.527,0,0,0
263.1,monitoring,timeout,0,0.0,0.0,0,0.606,1.945,,2.206,1.752,1.567,1.527,0,0,0
263.2,monitoring,timeout,0,0.0,0.0,0,0.606,1.945,,2.206,1.752,1.567,1.527,0,0,0
263.3,monitoring,timeout,0,0.0,0.0,0,0.606,1.945,,2.206,1.752,1.567,1.527,0,0,0
263.4,monitoring,timeout,0,0.0,0.0,0,0.606,1.945,,2.206,1.752,1.567,1.527,0,0,0
263.5,monitoring,timeout,0,0.0,0.0,0,0.606,1.945,,2.206,1.752,1.567,1.527,0,0,0
263.6,monitoring,timeout,0,0.0,0.0,0,0.606,1.945,,2.206,1.752,1.567,1.527,0,0,0
263.7,monitoring,timeout,0,0.0,0.0,0,0.606,1.945,,2.206,1.752,1.567,1.527,0,0,0
263.8,monitoring,timeout,0,0.0,0.0,0,0.606,1.945,,2.206,1.752,1.567,1.527,0,0,0
263.9,monitoring,timeout,0,0.0,0.0,0,0.606,1.945,,2.206,1.752,1.567,1.527,0,0,0
264.0,monitoring,timeout,0,0.0,0.0,0,0.606,1.945,,2.206,1.752,1.567,1.527,0,0,0
264.1,monitoring,timeout,0,0.0,0.0,0,0.606,1.945,,2.206,1.752,1.567,1.527,0,0,0
264.2,monitoring,timeout,0,0.0,0.0,0,0.606,1.945,,2.206,1.752,1.567,1.527,0,0,0
264.3,monitoring,timeout,0,0.0,0.0,0,0.606,1.945,,2.206,1.752,1.567,1.527,0,0,0
264.4,monitoring,timeout,0,0.0,0.0,0,0.606,1.945,,2.206,1.752,1.567,1.527,0,0,0
264.5,monitoring,timeout,0,0.0,0.0,0,0.606,1.945,,2.206,1.752,1.567,1.527,0,0,0
264.6,monitoring,timeout,0,0.0,0.0,0,0.606,1.945,,2.206,1.752,1.567,1.527,0,0,0
264.7,monitoring,timeout,0,0.0,0.0,0,0.606,1.945,,2.206,1.752,1.567,1.527,0,0,0
264.8,monitoring,timeout,0,0.0,0.0,0,0.606,1.945,,2.206,1.752,1.567,1.527,0,0,0
264.9,monitoring,timeout,0,0.0,0.0,0,0.606,1.945,,2.206,1.752,1.567,1.527,0,0,0
265.0,monitoring,timeout,0,0.0,0.0,0,0.606,1.945,,2.206,1.752,1.567,1.527,0,0,0
265.1,monitoring,timeout,0,0.0,0.0,0,0.606,1.945,,2.206,1.752,1.567,1.527,0,0,0
265.2,monitoring,timeout,0,0.0,0.0,0,0.606,1.945,,2.206,1.752,1.567,1.527,0,0,0
265.3,monitoring,timeout,0,0.0,0.0,0,0.606,1.945,,2.206,1.752,1.567,1.527,0,0,0
265.4,monitoring,timeout,0,0.0,0.0,0,0.606,1.945,,2.206,1.752,1.567,1.527,0,0,0
265.5,monitoring,timeout,0,0.0,0.0,0,0.606,1.945,,2.206,1.752,1.567,1.527,0,0,0
265.6,monitoring,timeout,0,0.0,0.0,0,0.606,1.945,,2.206,1.752,1.567,1.527,0,0,0
265.7,monitoring,timeout,0,0.0,0.0,0,0.606,1.945,,2.206,1.752,1.567,1.527,0,0,0
265.8,monitoring,timeout,0,0.0,0.0,0,0.606,1.945,,2.206,1.752,1.567,1.527,0,0,0
265.9,monitoring,timeout,0,0.0,0.0,0,0.606,1.945,,2.206,1.752,1.567,1.527,0,0,0
266.0,monitoring,timeout,0,0.0,0.0,0,0.606,1.945,,2.206,1.752,1.567,1.527,0,0,0
266.1,monitoring,timeout,0,0.0,0.0,0,0.606,1.945,,2.206,1.752,1.567,1.527,0,0,0
266.2,monitoring,timeout,0,0.0,0.0,0,0.606,1.945,,2.206,1.752,1.567,1.527,0,0,0
266.3,monitoring,timeout,0,0.0,0.0,0,0.606,1.945,,2.206,1.752,1.567,1.527,0,0,0
266.4,monitoring,timeout,0,0.0,0.0,0,0.606,1.945,,2.206,1.752,1.567,1.527,0,0,0
266.5,monitoring,timeout,0,0.0,0.0,0,0.606,1.945,,2.206,1.752,1.567,1.527,0,0,0
266.6,monitoring,timeout,0,0.0,0.0,0,0.606,1.945,,2.206,1.752,1.567,1.527,0,0,0
266.7,monitoring,timeout,0,0.0,0.0,0,0.606,1.945,,2.206,1.752,1.567,1.527,0,0,0
266.8,monitoring,timeout,0,0.0,0.0,0,0.606,1.945,,2.206,1.752,1.567,1.527,0,0,0
266.9,monitoring,timeout,0,0.0,0.0,0,0.606,1.945,,2.206,1.752,1.567,1.527,0,0,0
267.0,monitoring,timeout,0,0.0,0.0,0,0.606,1.945,,2.206,1.752,1.567,1.527,0,0,0
267.1,monitoring,timeout,0,0.0,0.0,0,0.606,1.945,,2.206,1.752,1.567,1.527,0,0,0
267.2,monitoring,timeout,0,0.0,0.0,0,0.606,1.945,,2.206,1.752,1.567,1.527,0,0,0
267.3,monitoring,timeout,0,0.0,0.0,0,0.606,1.945,,2.206,1.752,1.567,1.527,0,0,0
267.4,monitoring,timeout,0,0.0,0.0,0,0.606,1.945,,2.206,1.752,1.567,1.527,0,0,0
267.5,monitoring,timeout,0,0.0,0.0,0,0.606,1.945,,2.206,1.752,1.567,1.527,0,0,0
267.6,monitoring,timeout,0,0.0,0.0,0,0.606,1.945,,2.206,1.752,1.567,1.527,0,0,0
267.7,monitoring,timeout,0,0.0,0.0,0,0.606,1.945,,2.206,1.752,1.567,1.527,0,0,0
267.8,monitoring,timeout,0,0.0,0.0,0,0.606,1.945,,2.206,1.752,1.567,1.527,0,0,0
267.9,monitoring,timeout,0,0.0,0.0,0,0.606,1.945,,2.206,1.752,1.567,1.527,0,0,0
268.0,monitoring,timeout,0,0.0,0.0,0,0.606,1.945,,2.206,1.752,1.567,1.527,0,0,0
268.1,monitoring,timeout,0,0.0,0.0,0,0.606,1.945,,2.206,1.752,1.567,1.527,0,0,0
268.2,monitoring,timeout,0,0.0,0.0,0,0.606,1.945,,2.206,1.752,1.567,1.527,0,0,0
268.3,monitoring,timeout,0,0.0,0.0,0,0.606,1.945,,2.206,1.752,1.567,1.527,0,0,0
268.4,monitoring,timeout,0,0.0,0.0,0,0.606,1.945,,2.206,1.752,1.567,1.527,0,0,0
268.5,monitoring,timeout,0,0.0,0.0,0,0.606,1.945,,2.206,1.752,1.567,1.527,0,0,0
268.6,monitoring,timeout,0,0.0,0.0,0,0.606,1.945,,2.206,1.752,1.567,1.527,0,0,0
268.7,monitoring,timeout,0,0.0,0.0,0,0.606,1.945,,2.206,1.752,1.567,1.527,0,0,0
268.8,monitoring,timeout,0,0.0,0.0,0,0.606,1.945,,2.206,1.752,1.567,1.527,0,0,0
268.9,monitoring,timeout,0,0.0,0.0,0,0.606,1.945,,2.206,1.752,1.567,1.527,0,0,0
269.0,monitoring,timeout,0,0.0,0.0,0,0.606,1.945,,2.206,1.752,1.567,1.527,0,0,0
269.1,monitoring,timeout,0,0.0,0.0,0,0.606,1.945,,2.206,1.752,1.567,1.527,0,0,0
269.2,monitoring,timeout,0,0.0,0.0,0,0.606,1.945,,2.206,1.752,1.567,1.527,0,0,0
269.3,monitoring,timeout,0,0.0,0.0,0,0.606,1.945,,2.206,1.752,1.567,1.527,0,0,0
269.4,monitoring,timeout,0,0.0,0.0,0,0.606,1.945,,2.206,1.752,1.567,1.527,0,0,0
269.5,monitoring,timeout,0,0.0,0.0,0,0.606,1.945,,2.206,1.752,1.567,1.527,0,0,0
269.6,monitoring,timeout,0,0.0,0.0,0,0.606,1.945,,2.206,1.752,1.567,1.527,0,0,0
269.7,monitoring,timeout,0,0.0,0.0,0,0.606,1.945,,2.206,1.752,1.567,1.527,0,0,0
269.8,monitoring,timeout,0,0.0,0.0,0,0.606,1.945,,2.206,1.752,1.567,1.527,0,0,0
269.9,monitoring,timeout,0,0.0,0.0,0,0.606,1.945,,2.206,1.752,1.567,1.527,0,0,0
270.0,monitoring,timeout,0,0.0,0.0,0,0.606,1.945,,2.206,1.752,1.567,1.527,0,0,0
270.1,monitoring,timeout,0,0.0,0.0,0,0.606,1.945,,2.206,1.752,1.567,1.527,0,0,0
270.2,monitoring,timeout,0,0.0,0.0,0,0.606,1.945,,2.206,1.752,1.567,1.527,0,0,0
270.3,monitoring,timeout,0,0.0,0.0,0,0.606,1.945,,2.206,1.752,1.567,1.527,0,0,0
270.4,monitoring,timeout,0,0.0,0.0,0,0.606,1.945,,2.206,1.752,1.567,1.527,0,0,0
270.5,monitoring,timeout,0,0.0,0.0,0,0.606,1.945,,2.206,1.752,1.567,1.527,0,0,0
270.6,monitoring,timeout,0,0.0,0.0,0,0.606,1.945,,2.206,1.752,1.567,1.527,0,0,0
270.7,monitoring,timeout,0,0.0,0.0,0,0.606,1.945,,2.206,1.752,1.567,1.527,0,0,0
270.8,monitoring,timeout,0,0.0,0.0,0,0.606,1.945,,2.206,1.752,1.567,1.527,0,0,0
270.9,monitoring,timeout,0,0.0,0.0,0,0.606,1.945,,2.206,1.752,1.567,1.527,0,0,0
271.0,monitoring,timeout,0,0.0,0.0,0,0.606,1.945,,2.206,1.752,1.567,1.527,0,0,0
271.1,monitoring,timeout,0,0.0,0.0,0,0.606,1.945,,2.206,1.752,1.567,1.527,0,0,0
271.2,monitoring,timeout,0,0.0,0.0,0,0.606,1.945,,2.206,1.752,1.567,1.527,0,0,0
271.3,monitoring,timeout,0,0.0,0.0,0,0.606,1.945,,2.206,1.752,1.567,1.527,0,0,0
271.4,monitoring,timeout,0,0.0,0.0,0,0.606,1.945,,2.206,1.752,1.567,1.527,0,0,0
271.5,monitoring,timeout,0,0.0,0.0,0,0.606,1.945,,2.206,1.752,1.567,1.527,0,0,0
271.6,monitoring,timeout,0,0.0,0.0,0,0.606,1.945,,2.206,1.752,1.567,1.527,0,0,0
271.7,monitoring,timeout,0,0.0,0.0,0,0.606,1.945,,2.206,1.752,1.567,1.527,0,0,0
271.8,monitoring,timeout,0,0.0,0.0,0,0.606,1.945,,2.206,1.752,1.567,1.527,0,0,0
271.9,monitoring,timeout,0,0.0,0.0,0,0.606,1.945,,2.206,1.752,1.567,1.527,0,0,0
