t,state,x,y,yaw_deg,i0,ci,n,aim_x,aim_y,herr_deg,dist_aim,dist_goal,vx,wz,la,clear
1788458690.238,driving,1.0,1.0,0.0,0,30,83,2.475,0.875,-4.8,1.48,4.077,0.3,0.0,1.5,1.56
1788458690.293,driving,1.001,1.0,0.0,0,30,83,2.475,0.875,-4.8,1.48,4.076,0.3,0.0,1.5,1.56
1788458690.353,driving,1.003,1.0,0.0,0,30,83,2.475,0.875,-4.8,1.478,4.074,0.3,0.0,1.5,1.56
1788458690.413,driving,1.012,1.0,0.0,1,31,83,2.525,0.875,-4.8,1.518,4.065,0.3,0.0,1.5,1.56
1788458690.472,driving,1.02,1.0,0.0,1,31,83,2.525,0.875,-4.8,1.51,4.057,0.3,0.0,1.5,1.56
1788458690.536,driving,1.039,1.0,0.0,1,31,83,2.525,0.875,-4.8,1.491,4.038,0.3,0.0,1.5,1.56
1788458690.594,driving,1.049,1.0,0.0,1,31,83,2.525,0.875,-4.8,1.481,4.028,0.3,0.0,1.5,1.56
1788458690.649,driving,1.07,1.0,0.0,2,32,83,2.575,0.875,-4.8,1.51,4.007,0.3,0.0,1.5,1.56
1788458690.704,driving,1.08,1.0,0.0,2,32,83,2.575,0.875,-4.8,1.5,3.997,0.3,0.0,1.5,1.56
1788458690.76,driving,1.1,1.0,0.0,2,32,83,2.575,0.875,-4.8,1.48,3.977,0.3,0.0,1.5,1.56
1788458690.809,driving,1.111,1.0,0.0,3,33,83,2.625,0.875,-4.8,1.52,3.966,0.3,0.0,1.5,1.56
1788458690.866,driving,1.131,1.0,0.0,3,33,83,2.625,0.875,-4.8,1.499,3.946,0.3,0.0,1.5,1.56
1788458690.921,driving,1.141,1.0,0.0,3,33,83,2.625,0.875,-4.8,1.489,3.936,0.3,0.0,1.5,1.56
1788458690.973,driving,1.151,1.0,0.0,3,33,83,2.625,0.875,-4.8,1.479,3.926,0.3,0.0,1.5,1.56
1788458691.031,driving,1.172,1.0,0.0,4,34,83,2.675,0.875,-4.8,1.508,3.905,0.3,0.0,1.5,1.56
1788458691.09,driving,1.182,1.0,0.0,4,34,83,2.675,0.875,-4.8,1.498,3.895,0.3,0.0,1.5,1.56
1788458691.147,driving,1.202,1.0,0.0,4,34,83,2.675,0.875,-4.8,1.478,3.875,0.3,0.0,1.5,1.56
1788458691.208,driving,1.213,1.0,0.0,5,35,83,2.725,0.875,-4.8,1.518,3.864,0.3,0.0,1.5,1.56
1788458691.269,driving,1.233,1.0,0.0,0,30,78,2.725,0.875,-4.8,1.497,3.844,0.3,0.0,1.5,1.56
1788458691.331,driving,1.243,1.0,0.1,0,30,78,2.725,0.875,-4.9,1.487,3.834,0.3,0.0,1.5,1.56
1788458691.387,driving,1.265,1.001,0.3,1,31,78,2.775,0.875,-5.1,1.516,3.812,0.3,0.0,1.5,1.56
1788458691.441,driving,1.275,1.001,0.3,1,31,78,2.775,0.875,-5.2,1.505,3.802,0.3,0.0,1.5,1.56
1788458691.494,driving,1.295,1.001,0.3,1,31,78,2.775,0.875,-5.2,1.485,3.782,0.3,0.0,1.5,1.56
1788458691.547,driving,1.306,1.001,0.3,1,31,78,2.775,0.875,-5.2,1.475,3.772,0.3,0.0,1.5,1.56
1788458691.599,driving,1.326,1.002,0.3,2,32,78,2.825,0.875,-5.2,1.504,3.751,0.3,0.0,1.5,1.56
1788458691.654,driving,1.336,1.002,0.3,2,32,78,2.825,0.875,-5.2,1.494,3.741,0.3,0.0,1.5,1.56
1788458691.708,driving,1.357,1.002,0.3,2,32,78,2.825,0.875,-5.2,1.474,3.721,0.3,0.0,1.5,1.56
1788458691.766,driving,1.365,1.003,0.6,3,33,78,2.875,0.875,-5.4,1.516,3.713,0.3,0.0,1.5,1.56
1788458691.82,driving,1.38,1.006,1.2,3,33,78,2.875,0.875,-6.0,1.5,3.697,0.3,0.0,1.5,1.56
1788458691.876,driving,1.39,1.006,1.2,3,33,78,2.875,0.875,-6.0,1.49,3.687,0.3,0.0,1.5,1.56
1788458691.931,driving,1.401,1.006,1.2,3,33,78,2.875,0.875,-6.1,1.48,3.677,0.3,0.0,1.5,1.56
1788458691.991,driving,1.421,1.007,1.2,4,34,78,2.925,0.875,-6.1,1.51,3.656,0.3,0.0,1.5,1.56
1788458692.046,driving,1.431,1.007,1.2,4,34,78,2.925,0.875,-6.1,1.5,3.646,0.3,0.0,1.5,1.56
1788458692.11,driving,1.452,1.007,1.2,4,34,78,2.925,0.875,-6.1,1.479,3.626,0.3,0.0,1.5,1.56
1788458692.166,driving,1.462,1.007,1.2,5,35,78,2.975,0.875,-6.1,1.519,3.616,0.3,0.0,1.5,1.56
1788458692.222,driving,1.482,1.007,1.1,5,35,78,2.975,0.875,-5.9,1.499,3.596,0.3,0.0,1.5,1.56
1788458692.278,driving,1.492,1.007,1.0,0,30,73,2.975,0.875,-5.8,1.489,3.586,0.3,0.0,1.5,1.56
1788458692.335,driving,1.512,1.006,0.9,1,31,73,3.025,0.875,-5.7,1.519,3.565,0.3,0.0,1.5,1.56
1788458692.391,driving,1.522,1.006,0.9,1,31,73,3.025,0.875,-5.7,1.509,3.555,0.3,0.0,1.5,1.56
1788458692.446,driving,1.543,1.007,0.9,1,31,73,3.025,0.875,-5.7,1.488,3.535,0.3,0.0,1.5,1.56
1788458692.499,driving,1.553,1.007,0.9,2,32,73,3.075,0.875,-5.7,1.528,3.525,0.3,0.0,1.5,1.56
1788458692.551,driving,1.573,1.007,0.9,2,32,73,3.075,0.875,-5.7,1.508,3.504,0.3,0.0,1.5,1.56
1788458692.606,driving,1.583,1.007,0.9,2,32,73,3.075,0.875,-5.7,1.498,3.494,0.3,0.0,1.5,1.56
1788458692.66,driving,1.599,1.007,0.7,2,32,73,3.075,0.875,-5.6,1.482,3.478,0.3,0.0,1.5,1.56
1788458692.717,driving,1.606,1.007,0.7,3,33,73,3.125,0.875,-5.6,1.525,3.471,0.3,0.0,1.5,1.56
1788458692.777,driving,1.625,1.007,0.6,3,33,73,3.125,0.875,-5.5,1.506,3.453,0.3,0.0,1.5,1.56
1788458692.836,driving,1.635,1.008,0.6,3,33,73,3.125,0.875,-5.5,1.496,3.443,0.3,0.0,1.5,1.56
1788458692.892,driving,1.645,1.008,0.6,3,33,73,3.125,0.875,-5.5,1.486,3.432,0.3,0.0,1.5,1.56
1788458692.943,driving,1.665,1.008,0.6,4,34,73,3.175,0.875,-5.5,1.515,3.412,0.3,0.0,1.5,1.56
1788458692.997,driving,1.676,1.008,0.6,4,34,73,3.175,0.875,-5.5,1.505,3.402,0.3,0.0,1.5,1.56
1788458693.05,driving,1.696,1.008,0.6,4,34,73,3.175,0.875,-5.5,1.485,3.382,0.3,0.0,1.5,1.56
1788458693.107,driving,1.705,1.009,0.7,5,35,73,3.225,0.875,-5.6,1.526,3.373,0.3,0.0,1.5,1.56
1788458693.161,driving,1.719,1.01,0.8,5,35,73,3.225,0.875,-5.7,1.512,3.359,0.3,0.0,1.5,1.56
1788458693.217,driving,1.728,1.01,0.8,5,35,73,3.225,0.875,-5.7,1.503,3.349,0.3,0.0,1.5,1.56
1788458693.27,driving,1.749,1.011,0.8,5,35,73,3.225,0.875,-5.7,1.483,3.329,0.3,0.0,1.5,1.56
1788458693.328,driving,1.759,1.011,0.8,0,30,67,3.275,0.875,-5.7,1.522,3.319,0.3,0.0,1.5,1.56
1788458693.383,driving,1.779,1.011,0.8,0,30,67,3.275,0.875,-5.7,1.502,3.299,0.3,0.0,1.5,1.56
1788458693.438,driving,1.789,1.011,0.8,0,30,67,3.275,0.875,-5.8,1.492,3.288,0.3,0.0,1.5,1.56
1788458693.496,driving,1.81,1.011,0.8,1,31,67,3.325,0.875,-5.8,1.521,3.268,0.3,0.0,1.5,1.56
1788458693.555,driving,1.822,1.01,0.7,1,31,67,3.325,0.875,-5.6,1.509,3.256,0.3,0.0,1.5,1.56
1788458693.615,driving,1.846,1.007,0.3,1,31,67,3.325,0.875,-5.3,1.485,3.232,0.3,0.0,1.5,1.56
1788458693.679,driving,1.856,1.007,0.3,2,32,67,3.375,0.875,-5.3,1.524,3.221,0.3,0.0,1.5,1.56
1788458693.735,driving,1.877,1.007,0.3,2,32,67,3.375,0.875,-5.3,1.504,3.201,0.3,0.0,1.5,1.56
1788458693.791,driving,1.887,1.007,0.3,2,32,67,3.375,0.875,-5.3,1.494,3.191,0.3,0.0,1.5,1.56
1788458693.842,driving,1.897,1.007,0.3,2,32,67,3.375,0.875,-5.3,1.484,3.181,0.3,0.0,1.5,1.56
1788458693.896,driving,1.917,1.007,0.3,3,33,67,3.425,0.875,-5.3,1.513,3.16,0.3,0.0,1.5,1.56
1788458693.949,driving,1.928,1.007,0.3,3,33,67,3.425,0.875,-5.3,1.503,3.15,0.3,0.0,1.5,1.56
1788458694.004,driving,1.946,1.008,0.4,3,33,67,3.425,0.875,-5.4,1.485,3.132,0.3,0.0,1.5,1.56
1788458694.06,driving,1.954,1.008,0.6,4,34,67,3.475,0.875,-5.6,1.526,3.123,0.3,0.0,1.5,1.56
1788458694.116,driving,1.973,1.008,0.7,4,34,67,3.475,0.875,-5.7,1.508,3.105,0.3,0.0,1.5,1.56
1788458694.169,driving,1.983,1.008,0.7,4,34,67,3.475,0.875,-5.7,1.498,3.094,0.3,0.0,1.5,1.56
1788458694.222,driving,2.004,1.009,0.7,5,35,67,3.525,0.875,-5.7,1.527,3.074,0.3,0.0,1.5,1.56
1788458694.281,driving,2.014,1.009,0.7,5,35,67,3.525,0.875,-5.7,1.517,3.064,0.3,0.0,1.5,1.56
1788458694.348,driving,2.034,1.009,0.7,0,30,62,3.525,0.875,-5.7,1.497,3.044,0.3,0.0,1.5,1.56
1788458694.414,driving,2.045,1.009,0.7,0,30,62,3.525,0.875,-5.7,1.486,3.033,0.3,0.0,1.5,1.56
1788458694.474,driving,2.071,1.007,0.5,1,31,62,3.575,0.875,-5.5,1.51,3.007,0.3,0.0,1.5,1.56
1788458694.529,driving,2.086,1.006,0.3,1,31,62,3.575,0.875,-5.3,1.494,2.992,0.3,0.0,1.5,1.56
1788458694.583,driving,2.11,1.005,0.2,2,32,62,3.625,0.875,-5.2,1.521,2.968,0.3,0.0,1.5,1.56
1788458694.635,driving,2.12,1.005,0.2,2,32,62,3.625,0.875,-5.2,1.511,2.958,0.3,0.0,1.5,1.56
1788458694.691,driving,2.14,1.005,0.2,2,32,62,3.625,0.875,-5.2,1.49,2.937,0.3,0.0,1.5,1.56
1788458694.745,driving,2.151,1.005,0.2,3,33,62,3.675,0.875,-5.2,1.53,2.927,0.3,0.0,1.5,1.56
1788458694.797,driving,2.161,1.005,0.2,3,33,62,3.675,0.875,-5.2,1.52,2.917,0.3,0.0,1.5,1.56
1788458694.848,driving,2.181,1.005,0.2,3,33,62,3.675,0.875,-5.2,1.499,2.897,0.3,0.0,1.5,1.56
1788458694.902,driving,2.193,1.005,0.2,3,33,62,3.675,0.875,-5.2,1.487,2.885,0.3,0.0,1.5,1.56
1788458694.953,driving,2.221,1.002,0.2,4,34,62,3.725,0.875,-5.2,1.509,2.857,0.3,0.0,1.5,1.56
1788458695.007,driving,2.233,1.002,0.2,4,34,62,3.725,0.875,-5.2,1.497,2.845,0.3,0.0,1.5,1.56
1788458695.067,driving,2.253,1.002,0.2,5,35,62,3.775,0.875,-5.2,1.527,2.824,0.3,0.0,1.5,1.56
1788458695.129,driving,2.264,1.002,0.2,5,35,62,3.775,0.875,-5.1,1.517,2.814,0.3,0.0,1.5,1.56
1788458695.185,driving,2.284,1.002,0.2,5,35,62,3.775,0.875,-5.1,1.496,2.794,0.3,0.0,1.5,1.56
1788458695.245,driving,2.294,1.002,0.2,5,35,62,3.775,0.875,-5.1,1.486,2.784,0.3,0.0,1.5,1.56
1788458695.302,driving,2.315,1.002,0.2,6,36,62,3.825,0.875,-5.1,1.516,2.763,0.3,0.0,1.5,1.56
1788458695.36,driving,2.326,1.001,0.3,0,30,56,3.825,0.775,-5.4,1.516,2.752,0.3,0.0,1.5,1.56
1788458695.416,driving,2.351,1.001,0.7,1,31,56,3.875,0.775,-5.8,1.541,2.727,0.3,0.0,1.5,1.56
1788458695.471,driving,2.361,1.001,0.7,1,31,56,3.875,0.775,-5.9,1.531,2.717,0.3,0.0,1.5,1.56
1788458695.523,driving,2.382,1.001,0.7,1,31,56,3.875,0.775,-6.0,1.51,2.696,0.3,0.0,1.5,1.56
1788458695.577,driving,2.392,1.001,0.7,1,31,56,3.875,0.775,-6.1,1.5,2.686,0.3,0.0,1.5,1.56
1788458695.632,driving,2.412,1.001,0.7,2,32,56,3.925,0.775,-6.2,1.53,2.666,0.3,0.0,1.5,1.56
1788458695.686,driving,2.422,1.002,0.7,2,32,56,3.925,0.775,-6.3,1.52,2.656,0.3,0.0,1.5,1.56
1788458695.741,driving,2.433,1.002,0.7,2,32,56,3.925,0.775,-6.3,1.51,2.646,0.3,0.0,1.5,1.56
1788458695.797,driving,2.457,1.005,0.8,3,33,56,3.975,0.775,-6.5,1.535,2.621,0.3,0.0,1.5,1.56
1788458695.855,driving,2.471,1.008,0.8,3,33,56,3.975,0.775,-6.6,1.522,2.607,0.3,0.0,1.5,1.56
1788458695.917,driving,2.495,1.011,0.9,3,33,56,3.975,0.775,-6.7,1.498,2.583,0.3,0.0,1.5,1.56
1788458695.974,driving,2.505,1.011,0.9,4,34,56,4.025,0.775,-6.8,1.538,2.573,0.3,0.0,1.5,1.56
1788458696.035,driving,2.526,1.011,0.9,4,34,56,4.025,0.775,-6.9,1.518,2.553,0.3,0.0,1.5,1.56
1788458696.093,driving,2.536,1.012,0.9,4,34,56,4.025,0.775,-7.0,1.508,2.543,0.3,0.0,1.5,1.56
1788458696.148,driving,2.556,1.012,0.9,5,35,56,4.075,0.775,-7.0,1.537,2.522,0.3,0.0,1.5,1.56
1788458696.201,driving,2.567,1.012,0.9,5,35,56,4.075,0.775,-7.1,1.527,2.512,0.3,0.0,1.5,1.56
1788458696.252,driving,2.583,1.006,0.4,5,35,56,4.075,0.775,-6.7,1.51,2.496,0.3,0.0,1.5,1.56
1788458696.307,driving,2.59,1.001,0.0,5,35,56,4.075,0.775,-6.4,1.502,2.489,0.3,0.0,1.5,1.56
1788458696.359,driving,2.608,0.997,-0.3,6,36,56,4.125,0.775,-6.1,1.534,2.47,0.3,0.0,1.5,1.56
1788458696.412,driving,2.618,0.997,-0.3,0,30,50,4.125,0.725,-6.2,1.532,2.46,0.3,0.0,1.5,1.56
1788458696.467,driving,2.638,0.997,-0.3,0,30,50,4.125,0.725,-6.3,1.512,2.44,0.3,0.0,1.5,1.56
1788458696.518,driving,2.648,0.997,-0.3,0,30,50,4.125,0.725,-6.4,1.502,2.43,0.3,0.0,1.5,1.56
1788458696.573,driving,2.669,0.997,-0.3,1,31,50,4.175,0.725,-6.5,1.531,2.409,0.3,0.0,1.5,1.56
1788458696.633,driving,2.679,0.997,-0.3,1,31,50,4.175,0.725,-6.6,1.521,2.399,0.3,0.0,1.5,1.56
1788458696.698,driving,2.686,0.998,-0.2,1,31,50,4.175,0.725,-6.7,1.514,2.392,0.3,0.0,1.5,1.56
1788458696.761,driving,2.694,1.002,0.0,1,31,50,4.175,0.725,-7.0,1.507,2.384,0.3,0.0,1.5,1.56
1788458696.826,driving,2.701,1.003,0.1,1,31,50,4.175,0.725,-7.2,1.5,2.377,0.3,0.0,1.5,1.56
1788458696.886,driving,2.722,1.004,0.1,2,32,50,4.225,0.725,-7.3,1.529,2.357,0.3,0.0,1.5,1.56
1788458696.943,driving,2.732,1.004,0.1,2,32,50,4.225,0.725,-7.3,1.519,2.346,0.3,0.0,1.5,1.56
1788458697.0,driving,2.752,1.004,0.1,2,32,50,4.225,0.725,-7.4,1.499,2.326,0.3,0.0,1.5,1.56
1788458697.054,driving,2.763,1.004,0.1,3,33,50,4.275,0.725,-7.5,1.538,2.316,0.3,0.0,1.5,1.56
1788458697.107,driving,2.783,1.004,0.1,3,33,50,4.275,0.725,-7.6,1.518,2.296,0.3,0.0,1.5,1.56
1788458697.166,driving,2.792,1.003,0.1,3,33,50,4.275,0.725,-7.7,1.509,2.287,0.3,0.0,1.5,1.56
1788458697.217,driving,2.809,1.002,0.1,3,33,50,4.275,0.725,-7.8,1.492,2.27,0.3,0.0,1.5,1.56
1788458697.272,driving,2.819,1.002,0.1,4,34,50,4.325,0.725,-7.8,1.531,2.26,0.3,0.0,1.5,1.56
1788458697.325,driving,2.839,1.002,0.1,4,34,50,4.325,0.725,-7.9,1.511,2.239,0.3,0.0,1.5,1.56
1788458697.384,driving,2.849,1.002,0.1,4,34,50,4.325,0.725,-8.0,1.501,2.229,0.3,0.0,1.5,1.55
1788458697.447,driving,2.87,1.002,0.1,1,31,46,4.375,0.675,-8.1,1.54,2.209,0.3,0.0,1.5,1.55
1788458697.447,driving,2.87,1.002,0.1,1,31,46,4.375,0.675,-8.2,1.54,2.209,0.3,0.0,1.5,1.55
1788458697.568,driving,2.9,1.002,0.1,2,32,46,4.425,0.675,-8.3,1.559,2.178,0.3,0.0,1.5,1.52
1788458697.627,driving,2.908,1.001,-0.5,2,32,46,4.425,0.675,-7.8,1.552,2.171,0.3,0.0,1.5,1.49
1788458697.685,driving,2.914,0.999,-1.1,2,32,46,4.425,0.675,-7.3,1.545,2.164,0.3,0.0,1.5,1.49
1788458697.737,driving,2.931,0.998,-1.6,2,32,46,4.425,0.675,-6.8,1.528,2.147,0.3,0.0,1.5,1.46
1788458697.792,driving,2.941,0.997,-1.6,2,32,46,4.425,0.675,-6.9,1.518,2.137,0.3,0.0,1.5,1.46
1788458697.845,driving,2.962,0.997,-1.6,3,33,46,4.472,0.691,-7.0,1.541,2.117,0.3,0.0,1.5,1.43
1788458697.899,driving,2.972,0.996,-1.6,3,33,46,4.472,0.691,-7.1,1.531,2.106,0.3,0.0,1.5,1.43
1788458697.95,driving,2.992,0.996,-1.6,3,33,46,4.472,0.691,-7.1,1.511,2.086,0.3,0.0,1.5,1.41
1788458698.005,driving,3.003,0.996,-1.6,4,34,46,4.52,0.707,-7.2,1.544,2.076,0.3,0.0,1.5,1.41
1788458698.06,driving,3.023,0.995,-1.7,4,34,46,4.52,0.707,-7.2,1.525,2.056,0.3,0.0,1.5,1.38
1788458698.117,driving,3.033,0.994,-1.7,4,34,46,4.52,0.707,-7.2,1.515,2.046,0.3,0.0,1.5,1.38
1788458698.174,driving,3.053,0.993,-1.8,5,35,46,4.567,0.722,-7.2,1.539,2.026,0.3,0.0,1.5,1.35
1788458698.235,driving,3.063,0.993,-1.8,5,35,46,4.567,0.722,-7.2,1.529,2.016,0.3,0.0,1.5,1.35
1788458698.305,driving,3.083,0.992,-1.8,5,35,46,4.567,0.722,-7.3,1.508,1.995,0.3,0.0,1.5,1.32
1788458698.367,driving,3.093,0.992,-1.8,5,35,46,4.567,0.722,-7.3,1.498,1.985,0.3,0.0,1.5,1.32
1788458698.426,driving,3.114,0.992,-1.8,0,30,40,4.62,0.714,-7.3,1.531,1.965,0.3,0.0,1.5,1.29
1788458698.481,driving,3.124,0.991,-1.8,0,30,40,4.62,0.714,-7.4,1.521,1.954,0.3,0.0,1.5,1.29
1788458698.532,driving,3.143,0.992,-1.5,0,30,40,4.62,0.714,-7.7,1.502,1.935,0.3,0.0,1.5,1.26
1788458698.587,driving,3.153,0.992,-1.3,0,30,40,4.62,0.714,-7.9,1.493,1.926,0.3,0.0,1.5,1.26
1788458698.64,driving,3.163,0.993,-1.2,1,31,40,4.668,0.728,-8.0,1.528,1.916,0.3,0.0,1.5,1.24
1788458698.699,driving,3.183,0.992,-1.2,1,31,40,4.668,0.728,-8.1,1.508,1.896,0.3,0.0,1.5,1.24
1788458698.752,driving,3.193,0.992,-1.2,1,31,40,4.668,0.728,-8.1,1.498,1.885,0.3,0.0,1.5,1.21
1788458698.806,driving,3.214,0.992,-1.2,2,32,40,4.716,0.741,-8.1,1.523,1.865,0.3,0.0,1.5,1.21
1788458698.859,driving,3.224,0.991,-1.2,2,32,40,4.716,0.741,-8.1,1.513,1.855,0.298,0.0,1.5,1.18
1788458698.912,driving,3.244,0.991,-1.2,2,32,40,4.716,0.741,-8.1,1.493,1.834,0.298,0.0,1.5,1.18
1788458698.967,driving,3.251,0.99,-1.1,2,32,40,4.716,0.741,-8.2,1.486,1.827,0.296,0.0,1.5,1.15
1788458699.025,driving,3.263,0.988,-1.0,3,33,40,4.764,0.754,-8.3,1.52,1.816,0.296,0.0,1.5,1.15
1788458699.088,driving,3.272,0.987,-1.0,3,33,40,4.764,0.754,-8.3,1.511,1.807,0.293,0.0,1.5,1.12
1788458699.144,driving,3.292,0.987,-1.0,3,33,40,4.764,0.754,-8.3,1.491,1.787,0.293,0.0,1.5,1.12
1788458699.204,driving,3.302,0.987,-1.0,3,33,40,4.764,0.754,-8.3,1.481,1.777,0.29,0.0,1.5,1.1
1788458699.258,driving,3.321,0.987,-1.0,4,34,40,4.813,0.767,-8.3,1.507,1.757,0.29,0.0,1.5,1.1
1788458699.312,driving,3.331,0.986,-1.0,4,34,40,4.813,0.767,-8.2,1.498,1.747,0.288,0.0,1.5,1.07
1788458699.364,driving,3.351,0.986,-1.0,4,34,40,4.813,0.767,-8.2,1.478,1.728,0.288,0.0,1.5,1.07
1788458699.422,driving,3.359,0.984,-1.2,5,35,40,4.861,0.78,-7.9,1.515,1.719,0.285,0.0,1.5,1.04
1788458699.478,driving,3.376,0.98,-1.8,0,30,35,4.875,0.725,-7.4,1.521,1.702,0.285,0.0,1.5,1.04
1788458699.533,driving,3.385,0.98,-1.8,0,30,35,4.875,0.725,-7.4,1.511,1.693,0.283,0.0,1.5,1.02
1788458699.587,driving,3.395,0.979,-1.8,0,30,35,4.875,0.725,-7.4,1.502,1.683,0.283,0.0,1.5,1.02
1788458699.643,driving,3.414,0.979,-1.8,1,30,35,4.875,0.725,-7.4,1.483,1.664,0.28,0.0,1.5,0.99
1788458699.697,driving,3.424,0.979,-1.8,1,30,35,4.875,0.725,-7.5,1.473,1.654,0.28,0.0,1.5,0.99
1788458699.754,driving,3.443,0.978,-1.8,1,30,35,4.875,0.725,-7.5,1.454,1.635,0.278,0.0,1.5,0.97
1788458699.812,driving,3.453,0.978,-1.8,1,30,35,4.875,0.725,-7.5,1.445,1.626,0.278,0.0,1.5,0.97
1788458699.871,driving,3.473,0.982,-1.4,2,31,35,4.925,0.775,-7.9,1.467,1.606,0.276,0.0,1.5,0.94
1788458699.93,driving,3.483,0.986,-1.0,2,31,35,4.925,0.775,-8.2,1.457,1.596,0.276,0.0,1.5,0.94
1788458699.988,driving,3.502,0.989,-0.7,2,31,35,4.925,0.775,-8.5,1.439,1.577,0.273,0.0,1.5,0.92
1788458700.04,driving,3.512,0.989,-0.7,3,15,35,4.087,0.738,-9.4,0.627,1.568,0.273,0.0,0.6,0.92
1788458700.097,driving,3.53,0.989,-0.7,3,15,35,4.087,0.738,-10.3,0.61,1.549,0.271,0.0,0.6,0.89
1788458700.151,driving,3.54,0.989,-0.7,3,15,35,4.087,0.738,-11.1,0.602,1.54,0.271,0.0,0.6,0.89
1788458700.206,driving,3.558,0.989,-0.7,3,15,35,4.087,0.738,-11.9,0.585,1.521,0.269,0.0,0.6,0.87
1788458700.26,driving,3.567,0.989,-0.7,4,16,35,4.134,0.722,-12.7,0.626,1.512,0.269,0.0,0.6,0.87
1788458700.316,driving,3.588,0.988,-0.9,4,16,35,4.134,0.722,-13.2,0.607,1.491,0.267,0.0,0.6,0.85
1788458700.37,driving,3.599,0.987,-1.1,4,16,35,4.134,0.722,-13.8,0.597,1.48,0.267,0.0,0.6,0.85
1788458700.425,driving,3.619,0.987,-1.2,5,17,35,4.181,0.706,-14.4,0.629,1.46,0.264,0.0,0.6,0.82
1788458700.479,driving,3.628,0.987,-1.2,0,12,31,4.162,0.707,-15.1,0.603,1.451,0.264,0.0,0.6,0.82
1788458700.536,driving,3.637,0.987,-1.2,0,12,31,4.162,0.707,-15.8,0.595,1.442,0.262,0.0,0.6,0.8
1788458700.595,turning,3.655,0.986,-1.2,0,12,31,4.162,0.707,-16.6,0.579,1.425,0.0,-2.4,0.6,0.8
1788458700.655,turning,3.664,0.986,-1.2,1,13,31,4.225,0.675,-17.2,0.642,1.416,0.0,-2.4,0.6,0.78
1788458700.719,turning,3.666,0.986,-2.7,1,13,31,4.225,0.675,-16.4,0.64,1.413,0.0,-2.4,0.6,0.78
1788458700.777,turning,3.668,0.985,-3.6,1,13,31,4.225,0.675,-16.1,0.637,1.411,0.0,-2.4,0.6,0.77
1788458700.829,turning,3.677,0.982,-5.5,1,13,31,4.225,0.675,-14.7,0.629,1.403,0.0,-2.4,0.6,0.77
1788458700.883,turning,3.678,0.982,-6.4,1,13,31,4.225,0.675,-14.4,0.627,1.401,0.0,-2.4,0.6,0.76
1788458700.936,turning,3.678,0.982,-8.1,1,13,31,4.225,0.675,-13.2,0.627,1.401,0.0,-2.4,0.6,0.76
1788458700.987,turning,3.678,0.982,-9.0,1,13,31,4.225,0.675,-12.8,0.627,1.401,0.0,-2.4,0.6,0.76
1788458701.038,turning,3.678,0.982,-10.7,1,13,31,4.225,0.675,-11.5,0.627,1.401,0.0,-2.4,0.6,0.76
1788458701.092,turning,3.678,0.982,-11.6,1,13,31,4.225,0.675,-11.1,0.627,1.401,0.0,-2.4,0.6,0.76
1788458701.146,driving,3.678,0.982,-13.3,1,13,31,4.225,0.675,-9.8,0.627,1.401,0.259,0.0,0.6,0.76
1788458701.199,driving,3.678,0.982,-14.1,1,13,31,4.225,0.675,-9.3,0.627,1.401,0.26,0.0,0.6,0.77
1788458701.252,driving,3.681,0.981,-14.2,1,13,31,4.225,0.675,-9.6,0.624,1.398,0.26,0.0,0.6,0.77
1788458701.313,driving,3.685,0.98,-14.2,1,13,31,4.225,0.675,-9.9,0.62,1.394,0.26,0.0,0.6,0.77
1788458701.376,driving,3.698,0.977,-14.2,1,13,31,4.225,0.675,-10.3,0.607,1.38,0.26,0.0,0.6,0.77
1788458701.441,driving,3.704,0.977,-14.2,1,13,31,4.225,0.675,-10.6,0.602,1.375,0.259,0.0,0.6,0.77
1788458701.5,driving,3.709,0.977,-14.2,1,13,31,4.225,0.675,-10.9,0.598,1.37,0.259,0.0,0.6,0.77
1788458701.558,driving,3.723,0.975,-14.2,0,12,29,4.275,0.675,-11.1,0.628,1.356,0.258,0.0,0.6,0.76
1788458701.613,driving,3.731,0.973,-14.2,0,12,29,4.275,0.675,-11.3,0.62,1.347,0.258,0.0,0.6,0.76
1788458701.668,driving,3.748,0.968,-14.2,0,12,29,4.275,0.675,-11.6,0.603,1.33,0.258,0.0,0.6,0.75
1788458701.718,driving,3.757,0.966,-14.2,1,13,29,4.325,0.675,-11.6,0.638,1.321,0.258,0.0,0.6,0.75
1788458701.774,driving,3.778,0.96,-14.3,1,13,29,4.325,0.675,-11.7,0.617,1.3,0.258,0.0,0.6,0.75
1788458701.826,driving,3.79,0.956,-14.3,1,13,29,4.325,0.675,-11.8,0.604,1.288,0.258,0.0,0.6,0.75
1788458701.884,driving,3.809,0.95,-14.3,2,14,29,4.375,0.675,-11.8,0.629,1.268,0.259,0.0,0.6,0.76
1788458701.939,driving,3.818,0.948,-14.3,2,14,29,4.375,0.675,-11.8,0.62,1.259,0.259,0.0,0.6,0.76
1788458701.992,driving,3.835,0.943,-14.3,2,14,29,4.375,0.675,-11.8,0.603,1.242,0.3,0.0,0.6,1.23
1788458702.044,driving,3.844,0.941,-14.3,2,14,29,4.375,0.675,-11.8,0.594,1.233,0.3,0.0,0.6,1.23
1788458702.102,driving,3.863,0.936,-14.3,3,15,29,4.425,0.675,-11.8,0.62,1.214,0.3,0.0,0.6,1.22
1788458702.159,driving,3.872,0.934,-14.3,3,15,29,4.425,0.675,-11.7,0.61,1.204,0.3,0.0,0.6,1.22
1788458702.219,driving,3.892,0.929,-14.3,3,15,29,4.425,0.675,-11.7,0.59,1.184,0.3,0.0,0.6,1.22
1788458702.286,driving,3.902,0.926,-14.3,4,16,29,4.475,0.675,-11.5,0.625,1.174,0.3,0.0,0.6,1.22
1788458702.346,driving,3.922,0.919,-14.3,4,16,29,4.475,0.675,-11.4,0.605,1.154,0.3,0.0,0.6,1.21
1788458702.398,driving,3.931,0.916,-14.3,4,16,29,4.475,0.675,-11.2,0.595,1.145,0.3,0.0,0.6,1.21
1788458702.454,driving,3.941,0.913,-14.4,4,16,29,4.475,0.675,-11.1,0.585,1.135,0.3,0.0,0.6,1.2
1788458702.512,driving,3.961,0.908,-14.4,5,17,29,4.525,0.675,-10.9,0.61,1.115,0.3,0.0,0.6,1.2
1788458702.566,driving,3.971,0.905,-14.4,0,12,24,4.525,0.675,-10.8,0.6,1.105,0.299,0.0,0.6,1.19
1788458702.622,driving,3.99,0.9,-14.4,1,13,24,4.575,0.675,-10.5,0.627,1.085,0.299,0.0,0.6,1.19
1788458702.679,driving,4.0,0.897,-14.4,1,13,24,4.575,0.675,-10.3,0.616,1.075,0.298,0.0,0.6,1.18
1788458702.73,driving,4.02,0.892,-14.4,1,13,24,4.575,0.675,-10.1,0.596,1.055,0.298,0.0,0.6,1.18
1788458702.786,driving,4.035,0.894,-13.9,1,13,24,4.575,0.675,-10.4,0.582,1.04,0.298,0.0,0.6,1.18
1788458702.837,driving,4.071,0.902,-12.4,1,13,24,4.575,0.675,-11.9,0.552,1.004,0.298,0.0,0.6,1.18
1788458702.894,driving,4.083,0.902,-12.2,1,13,24,4.575,0.675,-12.1,0.541,0.992,0.297,0.0,0.6,1.17
1788458702.959,driving,4.103,0.897,-12.2,2,14,24,4.625,0.675,-12.1,0.567,0.972,0.297,0.0,0.6,1.17
1788458703.022,driving,4.113,0.895,-12.2,2,14,24,4.625,0.675,-12.0,0.557,0.962,0.296,0.0,0.6,1.16
1788458703.085,driving,4.133,0.891,-12.2,2,14,24,4.625,0.675,-12.0,0.537,0.942,0.296,0.0,0.6,1.16
1788458703.138,driving,4.143,0.889,-12.2,4,23,24,5.075,0.875,-11.4,0.932,0.932,0.295,0.0,1.5,1.15
1788458703.193,driving,4.162,0.884,-12.2,4,23,24,5.075,0.875,-10.8,0.913,0.913,0.295,0.0,1.5,1.15
1788458703.247,driving,4.179,0.882,-12.1,4,23,24,5.075,0.875,-10.4,0.896,0.896,0.295,0.0,1.5,1.14
1788458703.302,driving,4.213,0.877,-11.8,5,23,24,5.075,0.875,-10.1,0.862,0.862,0.295,0.0,1.5,1.14
1788458703.355,driving,4.224,0.875,-11.8,5,23,24,5.075,0.875,-9.6,0.851,0.851,0.294,0.0,1.5,1.14
1788458703.409,driving,4.233,0.873,-11.8,5,23,24,5.075,0.875,-9.1,0.842,0.842,0.294,0.0,1.5,1.14
1788458703.467,driving,4.253,0.869,-11.8,6,23,24,5.075,0.875,-8.6,0.822,0.822,0.293,0.0,1.5,1.13
1788458703.522,driving,4.263,0.867,-11.8,6,23,24,5.075,0.875,-8.0,0.812,0.812,0.293,0.0,1.5,1.13
1788458703.579,driving,4.282,0.863,-11.8,0,12,18,4.822,0.716,-7.8,0.559,0.793,0.293,0.0,0.6,1.12
1788458703.631,driving,4.292,0.861,-11.8,0,12,18,4.822,0.716,-7.5,0.549,0.783,0.293,0.0,0.6,1.12
1788458703.691,driving,4.309,0.856,-11.9,1,17,18,5.075,0.875,-6.9,0.767,0.767,0.292,0.0,1.5,1.11
1788458703.752,driving,4.316,0.853,-12.0,1,17,18,5.075,0.875,-6.3,0.759,0.759,0.292,0.0,1.5,1.11
1788458703.811,driving,4.333,0.848,-12.0,1,17,18,5.075,0.875,-5.7,0.742,0.742,0.291,0.0,1.5,1.11
1788458703.873,driving,4.343,0.846,-12.0,1,17,18,5.075,0.875,-5.2,0.733,0.733,0.291,0.0,1.5,1.11
1788458703.927,driving,4.362,0.842,-12.0,2,17,18,5.075,0.875,-4.7,0.714,0.714,0.29,0.0,1.5,1.1
1788458703.979,driving,4.372,0.839,-12.0,2,17,18,5.075,0.875,-4.2,0.704,0.704,0.29,0.0,1.5,1.1
1788458704.032,driving,4.391,0.835,-12.0,2,17,18,5.075,0.875,-3.8,0.685,0.685,0.29,0.0,1.5,1.09
1788458704.084,driving,4.401,0.833,-12.0,2,17,18,5.075,0.875,-3.3,0.675,0.675,0.29,0.0,1.5,1.09
1788458704.136,driving,4.412,0.825,-12.7,3,17,18,5.075,0.875,-2.1,0.664,0.664,0.289,0.0,1.5,1.08
1788458704.188,driving,4.416,0.819,-13.2,3,17,18,5.075,0.875,-1.1,0.661,0.661,0.289,0.0,1.5,1.08
1788458704.242,driving,4.431,0.812,-13.5,3,17,18,5.075,0.875,-0.3,0.647,0.647,0.288,0.0,1.5,1.07
1788458704.296,driving,4.441,0.81,-13.5,3,17,18,5.075,0.875,0.2,0.637,0.637,0.288,0.0,1.5,1.07
1788458704.349,driving,4.451,0.808,-13.5,3,17,18,5.075,0.875,0.6,0.628,0.628,0.287,0.0,1.5,1.07
1788458704.404,driving,4.47,0.803,-13.5,4,17,18,5.075,0.875,1.1,0.61,0.61,0.287,0.0,1.5,1.07
1788458704.459,driving,4.479,0.801,-13.5,4,17,18,5.075,0.875,1.6,0.601,0.601,0.287,0.0,1.5,1.06
1788458704.517,driving,4.498,0.796,-13.5,5,17,18,5.075,0.875,2.1,0.582,0.582,0.287,0.0,1.5,1.06
1788458704.577,driving,4.51,0.793,-13.6,0,11,12,5.075,0.875,2.6,0.571,0.571,0.286,0.0,1.5,1.05
1788458704.636,driving,4.537,0.787,-13.8,0,11,12,5.075,0.875,3.3,0.545,0.545,0.286,0.0,1.5,1.05
1788458704.693,driving,4.548,0.785,-13.8,0,11,12,5.075,0.875,3.9,0.535,0.535,0.285,0.0,1.5,1.04
1788458704.746,driving,4.567,0.78,-13.8,0,11,12,5.075,0.875,4.4,0.517,0.517,0.285,0.0,1.5,1.04
1788458704.8,driving,4.576,0.778,-13.8,0,11,12,5.075,0.875,4.9,0.508,0.508,0.285,0.0,1.5,1.04
1788458704.853,driving,4.595,0.773,-13.8,1,11,12,5.075,0.875,5.4,0.491,0.491,0.285,0.0,1.5,1.04
1788458704.908,driving,4.604,0.771,-13.8,1,11,12,5.075,0.875,5.9,0.482,0.482,0.284,0.0,1.5,1.03
1788458704.96,driving,4.623,0.766,-13.8,2,11,12,5.075,0.875,6.4,0.465,0.465,0.284,0.0,1.5,1.03
1788458705.015,driving,4.627,0.765,-14.0,2,11,12,5.075,0.875,7.1,0.461,0.461,0.283,0.0,1.5,1.02
1788458705.067,driving,4.634,0.762,-14.4,2,11,12,5.075,0.875,8.1,0.455,0.455,0.283,0.0,1.5,1.02
1788458705.12,driving,4.642,0.76,-14.4,2,11,12,5.075,0.875,8.6,0.448,0.448,0.282,0.0,1.5,1.01
1788458705.171,driving,4.661,0.755,-14.4,3,11,12,5.075,0.875,9.2,0.431,0.431,0.282,0.0,1.5,1.01
1788458705.224,driving,4.67,0.752,-14.4,3,11,12,5.075,0.875,9.7,0.423,0.423,0.282,0.0,1.5,1.01
1788458705.282,driving,4.68,0.75,-14.4,3,11,12,5.075,0.875,10.3,0.415,0.415,0.282,0.0,1.5,1.01
1788458705.339,driving,4.698,0.745,-14.4,3,11,12,5.075,0.875,10.8,0.398,0.398,0.281,0.0,1.5,1.0
1788458705.402,driving,4.707,0.743,-14.4,3,11,12,5.075,0.875,11.4,0.391,0.391,0.281,0.0,1.5,1.0
1788458705.461,driving,4.721,0.735,-14.6,4,11,12,5.075,0.875,12.2,0.38,0.38,0.28,0.0,1.5,0.99
1788458705.514,driving,4.726,0.731,-14.8,4,11,12,5.075,0.875,13.0,0.378,0.378,0.28,0.0,1.5,0.99
1788458705.567,driving,4.741,0.723,-14.9,4,11,12,5.075,0.875,13.7,0.367,0.367,0.275,0.0,1.5,0.98
1788458705.621,driving,4.75,0.721,-14.9,0,7,8,5.075,0.875,14.4,0.36,0.36,0.27,0.0,1.5,0.98
1788458705.672,driving,4.768,0.716,-14.9,1,7,8,5.075,0.875,15.1,0.346,0.346,0.259,0.0,1.5,0.98
1788458705.724,driving,4.777,0.714,-14.9,1,7,8,5.075,0.875,15.8,0.339,0.339,0.254,0.0,1.5,0.98
1788458705.776,turning,4.794,0.709,-14.9,1,7,8,5.075,0.875,16.5,0.326,0.326,0.0,2.4,1.5,0.97
1788458705.829,turning,4.802,0.707,-14.9,1,7,8,5.075,0.875,17.2,0.32,0.32,0.0,2.4,1.5,0.97
1788458705.881,turning,4.804,0.705,-13.3,1,7,8,5.075,0.875,16.4,0.32,0.32,0.0,2.4,1.5,0.96
1788458705.935,turning,4.804,0.703,-12.4,1,7,8,5.075,0.875,16.2,0.321,0.321,0.0,2.4,1.5,0.96
1788458705.988,turning,4.805,0.702,-10.8,1,7,8,5.075,0.875,15.3,0.321,0.321,0.0,2.4,1.5,0.99
1788458706.044,turning,4.805,0.702,-9.9,1,7,8,5.075,0.875,15.2,0.321,0.321,0.0,2.4,1.5,0.99
1788458706.106,turning,4.805,0.702,-8.3,1,7,8,5.075,0.875,14.2,0.321,0.321,0.0,2.4,1.5,1.03
1788458706.163,turning,4.805,0.702,-7.5,1,7,8,5.075,0.875,14.0,0.321,0.321,0.0,2.4,1.5,1.03
1788458706.223,turning,4.805,0.702,-6.7,1,7,8,5.075,0.875,13.9,0.321,0.321,0.0,2.4,1.5,1.07
1788458706.275,turning,4.805,0.702,-5.0,1,7,8,5.075,0.875,12.8,0.321,0.321,0.0,2.4,1.5,1.07
1788458706.327,turning,4.805,0.705,-3.9,1,7,8,5.075,0.875,12.4,0.319,0.319,0.0,2.4,1.5,1.12
1788458706.38,driving,4.805,0.715,-1.3,1,7,8,5.075,0.875,10.3,0.314,0.314,0.236,0.0,1.5,1.12
1788458706.432,driving,4.804,0.717,-0.3,1,7,8,5.075,0.875,9.8,0.313,0.313,0.235,0.0,1.5,1.18
1788458706.486,driving,4.807,0.717,-0.0,2,7,8,5.075,0.875,10.0,0.311,0.311,0.233,0.0,1.5,1.18
1788458706.539,driving,4.811,0.717,-0.0,2,7,8,5.075,0.875,10.6,0.308,0.308,0.231,0.0,1.5,1.2
1788458706.591,driving,4.823,0.717,-0.0,2,7,8,5.075,0.875,11.1,0.297,0.297,0.223,0.0,1.5,1.2
1788458706.642,driving,4.835,0.718,0.1,0,5,6,5.075,0.875,11.5,0.286,0.286,0.22,0.0,1.5,1.2
1788458706.696,driving,4.861,0.722,0.3,1,5,6,5.075,0.875,11.9,0.263,0.263,0.22,0.0,1.5,1.2
1788458706.749,driving,4.87,0.723,0.3,1,5,6,5.075,0.875,12.5,0.256,0.256,0.22,0.0,1.5,1.2
1788458706.805,driving,4.885,0.723,0.3,1,5,6,5.075,0.875,13.1,0.244,0.244,0.22,0.0,1.5,1.2
1788458706.862,driving,4.892,0.723,0.3,1,5,6,5.075,0.875,13.8,0.238,0.238,0.22,0.0,1.5,1.2
1788458706.923,driving,4.907,0.723,0.3,1,5,6,5.075,0.875,14.4,0.227,0.227,0.22,0.0,1.5,1.2
1788458706.98,driving,4.915,0.723,0.3,2,5,6,5.075,0.875,15.2,0.221,0.221,0.22,0.0,1.5,1.2
1788458707.038,driving,4.929,0.723,0.3,2,5,6,5.075,0.875,15.9,0.21,0.21,0.22,0.0,1.5,1.2
1788458707.093,turning,4.937,0.723,0.3,2,5,6,5.075,0.875,16.7,0.205,0.205,0.0,2.4,1.5,1.2
1788458707.146,turning,4.944,0.723,0.3,2,5,6,5.075,0.875,17.5,0.2,0.2,0.0,2.4,1.5,1.2
1788458707.2,turning,4.946,0.723,1.8,2,5,6,5.075,0.875,16.8,0.2,0.2,0.0,2.4,1.5,1.2
1788458707.251,turning,4.946,0.723,2.7,2,5,6,5.075,0.875,16.7,0.2,0.2,0.0,2.4,1.5,1.2
1788458707.309,turning,4.946,0.723,4.3,2,5,6,5.075,0.875,15.8,0.2,0.2,0.0,2.4,1.5,1.27
1788458707.363,turning,4.946,0.723,5.1,2,5,6,5.075,0.875,15.7,0.2,0.2,0.0,2.4,1.5,1.27
1788458707.416,turning,4.946,0.723,6.8,2,5,6,5.075,0.875,14.8,0.2,0.2,0.0,2.4,1.5,1.34
1788458707.47,turning,4.946,0.723,7.6,2,5,6,5.075,0.875,14.7,0.2,0.2,0.0,2.4,1.5,1.34
1788458707.526,turning,4.945,0.723,9.0,2,5,6,5.075,0.875,13.9,0.2,0.2,0.0,2.4,1.5,1.43
1788458707.58,turning,4.944,0.722,9.6,2,5,6,5.075,0.875,14.0,0.201,0.201,0.0,2.4,1.5,1.43
1788458707.64,turning,4.943,0.722,11.1,0,3,4,5.075,0.875,13.1,0.202,0.202,0.0,2.4,1.5,1.54
1788458707.699,turning,4.943,0.722,11.9,0,3,4,5.075,0.875,12.9,0.202,0.202,0.0,2.4,1.5,1.54
1788458707.762,driving,4.943,0.722,13.5,0,3,4,5.075,0.875,11.9,0.202,0.202,0.22,0.0,1.5,1.66
1788458707.819,driving,4.943,0.722,14.4,0,3,4,5.075,0.875,11.6,0.202,0.202,0.22,0.0,1.5,1.66
1788458707.876,driving,4.946,0.723,14.6,0,3,4,5.075,0.875,12.0,0.199,0.199,0.22,0.0,1.5,1.79
1788458707.929,driving,4.95,0.724,14.6,0,3,4,5.075,0.875,12.6,0.196,0.196,0.22,0.0,1.5,1.79
1788458707.983,driving,4.958,0.731,14.1,0,3,4,5.075,0.875,13.6,0.186,0.186,0.22,0.0,1.5,1.8
1788458708.035,driving,4.962,0.736,13.8,0,3,4,5.075,0.875,14.5,0.179,0.179,0.22,0.0,1.5,1.8
1788458708.089,driving,4.967,0.739,13.7,1,3,4,5.075,0.875,15.3,0.173,0.173,0.22,0.0,1.5,1.81
1788458708.14,driving,4.982,0.743,13.7,1,3,4,5.075,0.875,15.9,0.162,0.162,0.22,0.0,1.5,1.81
1788458708.196,turning,4.989,0.745,13.7,1,3,4,5.075,0.875,16.6,0.156,0.156,0.0,2.4,1.5,1.83
1788458708.248,goal_approach,4.998,0.747,14.3,3,3,4,5.075,0.875,44.8,0.149,0.149,0.0,2.4,,1.83
1788458708.301,goal_approach,4.999,0.745,15.0,3,3,4,5.075,0.875,44.8,0.15,0.15,0.0,2.4,,1.86
1788458708.355,goal_approach,5.003,0.74,16.5,3,3,4,5.075,0.875,45.7,0.153,0.153,0.0,2.4,,1.86
1788458708.412,goal_approach,5.004,0.739,17.2,3,3,4,5.075,0.875,45.3,0.154,0.154,0.0,2.4,,2.05
1788458708.479,goal_approach,5.004,0.739,18.9,3,3,4,5.075,0.875,43.6,0.154,0.154,0.0,2.4,,2.05
1788458708.541,goal_approach,5.004,0.739,19.7,3,3,4,5.075,0.875,42.8,0.154,0.154,0.0,2.4,,2.17
1788458710.119,turning,5.014,0.734,28.9,0,25,33,6.025,1.875,19.5,1.524,2.019,0.0,2.4,1.5,2.18
1788458710.179,turning,5.014,0.734,28.9,0,25,33,6.025,1.875,19.5,1.524,2.019,0.0,2.4,1.5,2.18
1788458710.236,turning,5.014,0.734,30.3,0,25,33,6.025,1.875,18.1,1.524,2.019,0.0,2.4,1.5,2.18
1788458710.291,turning,5.014,0.734,31.2,0,25,33,6.025,1.875,17.3,1.524,2.019,0.0,2.4,1.5,2.18
1788458710.346,turning,5.014,0.734,32.8,0,25,33,6.025,1.875,15.6,1.524,2.019,0.0,2.4,1.5,2.18
1788458710.405,turning,5.014,0.734,33.6,0,25,33,6.025,1.875,14.8,1.524,2.019,0.0,2.4,1.5,2.18
1788458710.459,turning,5.014,0.734,35.3,0,25,33,6.025,1.875,13.2,1.524,2.019,0.0,2.4,1.5,2.18
1788458710.515,turning,5.014,0.734,36.1,0,25,33,6.025,1.875,12.4,1.524,2.019,0.0,2.4,1.5,2.18
1788458710.566,turning,5.014,0.734,37.7,0,25,33,6.025,1.875,10.7,1.524,2.019,0.0,2.4,1.5,2.18
1788458710.622,turning,5.014,0.734,38.5,0,25,33,6.025,1.875,9.9,1.524,2.019,0.0,2.4,1.5,2.18
1788458710.675,turning,5.014,0.734,40.2,0,25,33,6.025,1.875,8.3,1.524,2.019,0.0,2.4,1.5,2.18
1788458710.732,turning,5.014,0.734,41.0,0,25,33,6.025,1.875,7.5,1.524,2.019,0.0,2.4,1.5,2.18
1788458710.796,turning,5.014,0.734,42.6,0,25,33,6.025,1.875,5.8,1.524,2.019,0.0,2.4,1.5,2.18
1788458710.857,driving,5.015,0.734,43.4,0,25,33,6.025,1.875,5.1,1.524,2.018,0.3,0.0,1.5,2.19
1788458710.919,driving,5.016,0.734,44.1,0,25,33,6.025,1.875,4.3,1.524,2.018,0.3,0.0,1.5,2.19
1788458710.977,driving,5.018,0.735,44.4,0,25,33,6.025,1.875,4.1,1.521,2.015,0.3,0.0,1.5,2.19
1788458711.032,driving,5.021,0.737,44.4,0,25,33,6.025,1.875,4.1,1.517,2.011,0.3,0.0,1.5,2.19
1788458711.088,driving,5.03,0.746,44.4,0,25,33,6.025,1.875,4.1,1.505,1.999,0.3,0.0,1.5,2.18
1788458711.14,driving,5.037,0.753,44.4,0,23,31,6.075,1.875,4.0,1.529,1.99,0.3,0.0,1.5,2.18
1788458711.195,driving,5.056,0.771,44.8,0,23,31,6.075,1.875,3.6,1.503,1.964,0.3,0.0,1.5,2.17
1788458711.25,driving,5.067,0.781,45.2,1,24,31,6.125,1.925,3.2,1.558,1.948,0.3,0.0,1.5,2.17
1788458711.304,driving,5.084,0.799,45.5,1,24,31,6.125,1.925,2.9,1.534,1.924,0.3,0.0,1.5,2.15
1788458711.357,driving,5.091,0.806,45.5,1,24,31,6.125,1.925,2.8,1.524,1.914,0.3,0.0,1.5,2.15
1788458711.411,driving,5.106,0.82,45.5,2,25,31,6.175,1.975,2.8,1.574,1.893,0.3,0.0,1.5,2.12
1788458711.464,driving,5.113,0.828,45.5,2,25,31,6.175,1.975,2.8,1.564,1.883,0.3,0.0,1.5,2.12
1788458711.521,driving,5.127,0.842,45.5,2,25,31,6.175,1.975,2.8,1.543,1.863,0.3,0.0,1.5,2.1
1788458711.577,driving,5.134,0.85,45.5,2,25,31,6.175,1.975,2.7,1.533,1.852,0.3,0.0,1.5,2.1
1788458711.639,driving,5.148,0.864,45.5,3,26,31,6.225,2.025,2.7,1.583,1.832,0.3,0.0,1.5,2.08
1788458711.697,driving,5.156,0.871,45.5,3,26,31,6.225,2.025,2.7,1.573,1.822,0.3,0.0,1.5,2.08
1788458711.753,driving,5.17,0.886,45.5,3,26,31,6.225,2.025,2.7,1.553,1.802,0.3,0.0,1.5,2.06
1788458711.807,driving,5.177,0.893,45.5,3,26,31,6.225,2.025,2.6,1.542,1.791,0.3,0.0,1.5,2.06
1788458711.863,driving,5.184,0.9,45.5,3,26,31,6.225,2.025,2.6,1.532,1.781,0.3,0.0,1.5,2.04
1788458711.918,driving,5.199,0.915,45.5,4,27,31,6.275,2.075,2.6,1.583,1.761,0.3,0.0,1.5,2.04
1788458711.976,driving,5.206,0.922,45.5,4,27,31,6.275,2.075,2.6,1.572,1.751,0.3,0.0,1.5,2.02
1788458712.029,driving,5.22,0.937,45.5,4,27,31,6.275,2.075,2.6,1.552,1.73,0.3,0.0,1.5,2.02
1788458712.085,driving,5.229,0.945,45.6,4,27,31,6.275,2.075,2.4,1.54,1.718,0.3,0.0,1.5,2.0
1788458712.138,driving,5.249,0.962,46.2,5,28,31,6.297,2.12,1.8,1.562,1.692,0.3,0.0,1.5,2.0
1788458712.195,driving,5.257,0.97,46.2,0,24,27,6.275,2.125,1.8,1.539,1.681,0.3,0.0,1.5,1.98
1788458712.252,driving,5.271,0.985,46.2,1,24,27,6.275,2.125,1.8,1.519,1.66,0.3,0.0,1.5,1.98
1788458712.311,driving,5.278,0.992,46.2,1,24,27,6.275,2.125,1.8,1.509,1.65,0.3,0.0,1.5,1.95
1788458712.371,driving,5.292,1.007,46.2,1,24,27,6.275,2.125,1.8,1.489,1.63,0.3,0.0,1.5,1.95
1788458712.432,driving,5.299,1.014,46.2,1,24,27,6.275,2.125,1.8,1.478,1.619,0.3,0.0,1.5,1.93
1788458712.494,driving,5.313,1.029,46.2,2,25,27,6.325,2.175,1.8,1.529,1.599,0.3,0.0,1.5,1.93
1788458712.554,driving,5.32,1.037,46.2,2,25,27,6.325,2.175,1.8,1.518,1.589,0.3,0.0,1.5,1.91
1788458712.606,driving,5.335,1.051,46.2,2,25,27,6.325,2.175,1.9,1.498,1.569,0.3,0.0,1.5,1.91
1788458712.66,driving,5.344,1.057,46.3,2,25,27,6.325,2.175,1.8,1.487,1.558,0.3,0.0,1.5,1.89
1788458712.713,driving,5.365,1.067,46.4,3,26,27,6.375,2.225,1.7,1.536,1.536,0.3,0.0,1.5,1.89
1788458712.769,driving,5.372,1.075,46.4,3,26,27,6.375,2.225,1.7,1.526,1.526,0.3,0.0,1.5,1.87
1788458712.82,driving,5.379,1.082,46.4,3,26,27,6.375,2.225,1.8,1.516,1.516,0.3,0.0,1.5,1.87
1788458712.872,driving,5.393,1.097,46.4,3,26,27,6.375,2.225,1.8,1.495,1.495,0.3,0.0,1.5,1.85
1788458712.927,driving,5.4,1.104,46.4,4,26,27,6.375,2.225,1.8,1.485,1.485,0.3,0.0,1.5,1.85
1788458712.983,driving,5.414,1.119,46.4,4,26,27,6.375,2.225,1.8,1.465,1.465,0.3,0.0,1.5,1.83
1788458713.037,driving,5.421,1.126,46.4,4,26,27,6.375,2.225,1.8,1.455,1.455,0.3,0.0,1.5,1.83
1788458713.094,driving,5.435,1.141,46.4,4,26,27,6.375,2.225,1.9,1.434,1.434,0.3,0.0,1.5,1.81
1788458713.158,driving,5.442,1.149,46.4,4,26,27,6.375,2.225,1.9,1.424,1.424,0.3,0.0,1.5,1.81
1788458713.218,driving,5.456,1.158,45.7,0,22,23,6.375,2.225,2.7,1.408,1.408,0.3,0.0,1.5,1.78
1788458713.278,driving,5.462,1.16,45.0,0,22,23,6.375,2.225,3.3,1.402,1.402,0.3,0.0,1.5,1.78
1788458713.336,driving,5.476,1.171,44.5,0,22,23,6.375,2.225,3.9,1.385,1.385,0.3,0.0,1.5,1.76
1788458713.39,driving,5.483,1.178,44.5,1,22,23,6.375,2.225,3.9,1.375,1.375,0.3,0.0,1.5,1.76
1788458713.445,driving,5.497,1.193,44.5,1,22,23,6.375,2.225,3.9,1.355,1.355,0.3,0.0,1.5,1.74
1788458713.5,driving,5.505,1.2,44.5,1,22,23,6.375,2.225,3.9,1.345,1.345,0.3,0.0,1.5,1.74
1788458713.555,driving,5.519,1.214,44.5,2,22,23,6.375,2.225,4.0,1.324,1.324,0.3,0.0,1.5,1.72
1788458713.608,driving,5.527,1.221,44.5,2,22,23,6.375,2.225,4.0,1.314,1.314,0.3,0.0,1.5,1.72
1788458713.66,driving,5.541,1.235,44.5,2,22,23,6.375,2.225,4.0,1.294,1.294,0.3,0.0,1.5,1.7
1788458713.714,driving,5.548,1.243,44.5,2,22,23,6.375,2.225,4.1,1.284,1.284,0.3,0.0,1.5,1.7
1788458713.766,driving,5.558,1.25,44.4,2,22,23,6.375,2.225,4.2,1.272,1.272,0.3,0.0,1.5,1.68
1788458713.819,driving,5.583,1.265,44.0,3,22,23,6.375,2.225,4.7,1.245,1.245,0.3,0.0,1.5,1.68
1788458713.873,driving,5.593,1.272,43.9,3,22,23,6.375,2.225,4.9,1.233,1.233,0.3,0.0,1.5,1.66
1788458713.932,driving,5.607,1.286,43.9,3,22,23,6.375,2.225,4.9,1.213,1.213,0.3,0.0,1.5,1.66
1788458713.991,driving,5.615,1.293,43.9,4,22,23,6.375,2.225,5.0,1.202,1.202,0.3,0.0,1.5,1.64
1788458714.057,driving,5.629,1.308,43.9,4,22,23,6.375,2.225,5.0,1.182,1.182,0.3,0.0,1.5,1.64
1788458714.114,driving,5.637,1.315,43.9,4,22,23,6.375,2.225,5.1,1.172,1.172,0.3,0.0,1.5,1.62
1788458714.168,driving,5.651,1.329,43.9,4,22,23,6.375,2.225,5.1,1.152,1.152,0.3,0.0,1.5,1.62
1788458714.223,driving,5.659,1.336,43.9,0,19,20,6.375,2.225,5.2,1.142,1.142,0.3,0.0,1.5,1.59
1788458714.28,driving,5.673,1.35,43.9,0,19,20,6.375,2.225,5.2,1.121,1.121,0.3,0.0,1.5,1.59
1788458714.334,driving,5.687,1.356,43.8,1,19,20,6.375,2.225,5.3,1.108,1.108,0.3,0.0,1.5,1.57
1788458714.385,driving,5.718,1.367,43.6,1,19,20,6.375,2.225,5.6,1.081,1.081,0.3,0.0,1.5,1.57
1788458714.436,driving,5.727,1.374,43.6,1,19,20,6.375,2.225,5.7,1.07,1.07,0.3,0.0,1.5,1.55
1788458714.488,driving,5.741,1.388,43.6,2,19,20,6.375,2.225,5.8,1.05,1.05,0.3,0.0,1.5,1.55
1788458714.54,driving,5.749,1.395,43.6,2,19,20,6.375,2.225,5.9,1.04,1.04,0.3,0.0,1.5,1.53
1788458714.595,driving,5.764,1.409,43.6,2,19,20,6.375,2.225,6.0,1.02,1.02,0.3,0.0,1.5,1.53
1788458714.653,driving,5.771,1.416,43.6,2,19,20,6.375,2.225,6.0,1.01,1.01,0.3,0.0,1.5,1.51
1788458714.714,driving,5.778,1.423,43.6,2,19,20,6.375,2.225,6.1,1.0,1.0,0.3,0.0,1.5,1.51
1788458714.778,driving,5.793,1.437,43.6,3,19,20,6.375,2.225,6.2,0.98,0.98,0.3,0.0,1.5,1.49
1788458714.837,driving,5.8,1.444,43.6,3,19,20,6.375,2.225,6.3,0.969,0.969,0.3,0.0,1.5,1.49
1788458714.899,driving,5.819,1.459,43.6,3,19,20,6.375,2.225,6.4,0.947,0.947,0.3,0.0,1.5,1.47
1788458714.953,driving,5.829,1.466,43.7,3,19,20,6.375,2.225,6.5,0.935,0.935,0.3,0.0,1.5,1.47
1788458715.008,driving,5.847,1.481,43.7,4,19,20,6.375,2.225,6.6,0.912,0.912,0.3,0.0,1.5,1.45
1788458715.062,driving,5.854,1.488,43.7,4,19,20,6.375,2.225,6.7,0.902,0.902,0.3,0.0,1.5,1.45
1788458715.119,driving,5.869,1.502,43.7,4,19,20,6.375,2.225,6.8,0.882,0.882,0.3,0.0,1.5,1.42
1788458715.174,driving,5.876,1.509,43.7,4,19,20,6.375,2.225,6.9,0.872,0.872,0.3,0.0,1.5,1.42
1788458715.228,driving,5.891,1.523,43.7,0,14,15,6.375,2.225,7.1,0.852,0.852,0.3,0.0,1.5,1.4
1788458715.282,driving,5.898,1.53,43.7,0,14,15,6.375,2.225,7.2,0.842,0.842,0.3,0.0,1.5,1.4
1788458715.336,driving,5.913,1.544,43.7,1,14,15,6.375,2.225,7.3,0.822,0.822,0.3,0.0,1.5,1.38
1788458715.389,driving,5.921,1.551,43.7,1,14,15,6.375,2.225,7.4,0.812,0.812,0.3,0.0,1.5,1.38
1788458715.444,driving,5.94,1.569,43.5,1,14,15,6.375,2.225,7.7,0.787,0.787,0.3,0.0,1.5,1.36
1788458715.505,driving,5.95,1.579,43.3,2,14,15,6.375,2.225,8.0,0.773,0.773,0.3,0.0,1.5,1.36
1788458715.568,driving,5.967,1.595,43.3,2,14,15,6.375,2.225,8.2,0.751,0.751,0.3,0.0,1.5,1.34
1788458715.631,driving,5.974,1.602,43.3,2,14,15,6.375,2.225,8.4,0.741,0.741,0.3,0.0,1.5,1.34
1788458715.693,driving,5.982,1.609,43.3,2,14,15,6.375,2.225,8.5,0.731,0.731,0.3,0.0,1.5,1.32
1788458715.75,driving,5.997,1.623,43.3,3,14,15,6.375,2.225,8.7,0.711,0.711,0.3,0.0,1.5,1.32
1788458715.806,driving,6.004,1.63,43.3,3,14,15,6.375,2.225,8.8,0.701,0.701,0.3,0.0,1.5,1.3
1788458715.858,driving,6.019,1.644,43.3,3,14,15,6.375,2.225,9.0,0.681,0.681,0.3,0.0,1.5,1.3
1788458715.911,driving,6.026,1.651,43.3,3,14,15,6.375,2.225,9.1,0.672,0.672,0.3,0.0,1.5,1.63
1788458715.965,driving,6.041,1.665,43.3,4,14,15,6.375,2.225,9.3,0.652,0.652,0.3,0.0,1.5,1.63
1788458716.019,driving,6.051,1.673,43.3,4,14,15,6.375,2.225,9.5,0.64,0.64,0.3,0.0,1.5,1.6
1788458716.069,driving,6.073,1.691,43.3,4,14,15,6.375,2.225,9.7,0.613,0.613,0.3,0.0,1.5,1.6
1788458716.128,driving,6.081,1.699,43.3,4,14,15,6.375,2.225,9.9,0.603,0.603,0.3,0.0,1.5,1.57
1788458716.182,driving,6.096,1.713,43.3,5,14,15,6.375,2.225,10.1,0.583,0.583,0.3,0.0,1.5,1.57
1788458716.241,driving,6.103,1.72,43.3,0,10,11,6.375,2.225,10.3,0.574,0.574,0.3,0.0,1.5,1.54
1788458716.306,driving,6.118,1.734,43.3,0,10,11,6.375,2.225,10.5,0.554,0.554,0.3,0.0,1.5,1.54
1788458716.367,driving,6.126,1.741,43.3,0,10,11,6.375,2.225,10.7,0.545,0.545,0.3,0.0,1.5,1.51
1788458716.427,driving,6.14,1.755,43.3,1,10,11,6.375,2.225,10.9,0.525,0.525,0.3,0.0,1.5,1.51
1788458716.483,driving,6.148,1.762,43.3,1,10,11,6.375,2.225,11.2,0.516,0.516,0.3,0.0,1.5,1.47
1788458716.535,driving,6.163,1.776,43.3,1,10,11,6.375,2.225,11.4,0.497,0.497,0.3,0.0,1.5,1.47
1788458716.589,driving,6.175,1.785,43.4,2,10,11,6.375,2.225,11.6,0.483,0.483,0.3,0.0,1.5,1.45
1788458716.639,driving,6.188,1.795,43.6,2,10,11,6.375,2.225,11.7,0.469,0.469,0.3,0.0,1.5,1.45
1788458716.693,driving,6.208,1.811,43.7,2,10,11,6.375,2.225,11.9,0.446,0.446,0.3,0.0,1.5,1.42
1788458716.748,driving,6.215,1.818,43.7,2,10,11,6.375,2.225,12.2,0.437,0.437,0.3,0.0,1.5,1.42
1788458716.802,driving,6.23,1.832,43.7,3,10,11,6.375,2.225,12.5,0.419,0.419,0.3,0.0,1.5,1.39
1788458716.857,driving,6.237,1.839,43.7,3,10,11,6.375,2.225,12.9,0.41,0.41,0.3,0.0,1.5,1.39
1788458716.911,driving,6.252,1.853,43.7,3,10,11,6.375,2.225,13.2,0.391,0.391,0.294,0.0,1.5,1.36
1788458716.962,driving,6.259,1.86,43.7,4,10,11,6.375,2.225,13.6,0.382,0.382,0.287,0.0,1.5,1.36
1788458717.018,driving,6.274,1.874,43.7,4,10,11,6.375,2.225,14.0,0.365,0.365,0.274,0.0,1.5,1.32
1788458717.078,driving,6.281,1.881,43.7,4,10,11,6.375,2.225,14.5,0.357,0.357,0.268,0.0,1.5,1.32
1788458717.135,driving,6.293,1.9,43.8,5,10,11,6.375,2.225,14.8,0.335,0.335,0.251,0.0,1.5,1.3
1788458717.194,driving,6.298,1.912,43.9,5,10,11,6.375,2.225,15.1,0.322,0.322,0.242,0.0,1.5,1.3
1788458717.254,driving,6.31,1.927,44.0,0,6,7,6.375,2.225,15.5,0.305,0.305,0.228,0.0,1.5,1.28
1788458717.311,driving,6.316,1.933,44.0,0,6,7,6.375,2.225,16.0,0.298,0.298,0.223,0.0,1.5,1.28
1788458717.369,turning,6.327,1.944,44.0,0,6,7,6.375,2.225,16.5,0.285,0.285,0.0,2.4,1.5,1.25
1788458717.421,turning,6.332,1.949,44.0,1,6,7,6.375,2.225,17.0,0.279,0.279,0.0,2.4,1.5,1.25
1788458717.478,turning,6.334,1.951,45.4,1,6,7,6.375,2.225,16.1,0.277,0.277,0.0,2.4,1.5,1.23
1788458717.534,turning,6.334,1.951,46.2,1,6,7,6.375,2.225,15.8,0.277,0.277,0.0,2.4,1.5,1.23
1788458717.59,turning,6.334,1.951,47.0,1,6,7,6.375,2.225,15.5,0.277,0.277,0.0,2.4,1.5,1.22
1788458717.642,turning,6.334,1.951,48.6,1,6,7,6.375,2.225,14.3,0.277,0.277,0.0,2.4,1.5,1.22
1788458717.695,turning,6.328,1.951,49.5,1,6,7,6.375,2.225,13.8,0.278,0.278,0.0,2.4,1.5,1.23
1788458717.749,turning,6.306,1.95,51.4,0,6,7,6.375,2.225,12.2,0.284,0.284,0.0,2.4,1.5,1.23
1788458717.804,turning,6.301,1.95,52.3,0,6,7,6.375,2.225,11.6,0.285,0.285,0.0,2.4,1.5,1.23
1788458717.861,turning,6.301,1.95,53.9,0,6,7,6.375,2.225,10.3,0.285,0.285,0.0,2.4,1.5,1.23
1788458717.923,turning,6.301,1.95,54.8,0,6,7,6.375,2.225,9.7,0.285,0.285,0.0,2.4,1.5,1.23
1788458717.982,driving,6.301,1.95,56.4,0,6,7,6.375,2.225,8.4,0.285,0.285,0.22,0.0,1.5,1.23
1788458718.04,driving,6.301,1.95,57.2,0,6,7,6.375,2.225,7.8,0.285,0.285,0.22,0.0,1.5,1.23
1788458718.097,driving,6.303,1.952,57.4,0,6,7,6.375,2.225,7.9,0.282,0.282,0.22,0.0,1.5,1.23
1788458718.152,driving,6.305,1.956,57.4,1,6,7,6.375,2.225,8.2,0.278,0.278,0.22,0.0,1.5,1.23
1788458718.205,driving,6.312,1.967,57.4,1,6,7,6.375,2.225,8.4,0.266,0.266,0.22,0.0,1.5,1.23
1788458718.256,driving,6.315,1.974,57.4,1,6,7,6.375,2.225,8.6,0.258,0.258,0.22,0.0,1.5,1.21
1788458718.31,driving,6.32,1.99,57.5,0,5,6,6.375,2.225,8.8,0.241,0.241,0.22,0.0,1.5,1.21
1788458718.368,driving,6.324,1.997,57.5,0,5,6,6.375,2.225,9.0,0.234,0.234,0.22,0.0,1.5,1.19
1788458718.424,driving,6.332,2.009,57.5,1,5,6,6.375,2.225,9.3,0.22,0.22,0.22,0.0,1.5,1.19
1788458718.478,driving,6.336,2.016,57.5,1,5,6,6.375,2.225,9.6,0.213,0.213,0.22,0.0,1.5,1.17
1788458718.533,driving,6.34,2.022,57.5,1,5,6,6.375,2.225,10.0,0.206,0.206,0.22,0.0,1.5,1.17
1788458718.589,driving,6.348,2.034,57.5,1,5,6,6.375,2.225,10.3,0.192,0.192,0.22,0.0,1.5,1.15
1788458718.646,driving,6.352,2.041,57.5,1,5,6,6.375,2.225,10.7,0.186,0.186,0.22,0.0,1.5,1.15
1788458718.71,driving,6.36,2.053,57.5,2,5,6,6.375,2.225,11.1,0.172,0.172,0.22,0.0,1.5,1.13
1788458718.772,driving,6.364,2.06,57.5,2,5,6,6.375,2.225,11.5,0.166,0.166,0.22,0.0,1.5,1.13
1788458718.83,driving,6.372,2.072,57.5,2,5,6,6.375,2.225,12.0,0.153,0.153,0.22,0.0,1.5,1.11
1788458718.884,goal_approach,6.376,2.079,57.5,5,5,6,6.375,2.225,32.9,0.146,0.146,0.0,2.4,,1.11
1788458718.938,goal_approach,6.381,2.086,58.2,5,5,6,6.375,2.225,34.2,0.139,0.139,0.0,2.4,,1.09
1788458718.99,goal_approach,6.381,2.086,59.0,5,5,6,6.375,2.225,33.4,0.139,0.139,0.0,2.4,,1.09
1788458719.043,goal_approach,6.381,2.086,60.7,5,5,6,6.375,2.225,31.7,0.139,0.139,0.0,2.4,,1.08
1788458719.097,goal_approach,6.381,2.086,61.5,5,5,6,6.375,2.225,30.9,0.139,0.139,0.0,2.4,,1.08
1788458719.149,goal_approach,6.381,2.086,63.1,5,5,6,6.375,2.225,29.3,0.139,0.139,0.0,2.4,,1.09
1788458719.203,goal_approach,6.381,2.086,64.0,5,5,6,6.375,2.225,28.5,0.139,0.139,0.0,2.4,,1.09
1788458719.256,goal_approach,6.377,2.084,65.2,5,5,6,6.375,2.225,25.8,0.141,0.141,0.0,2.4,,1.09
1788458719.309,goal_approach,6.375,2.083,65.7,3,3,4,6.375,2.225,24.2,0.142,0.142,0.0,2.4,,1.09
1788458719.367,goal_approach,6.373,2.082,67.1,3,3,4,6.375,2.225,22.1,0.143,0.143,0.0,2.4,,1.09
1788458719.423,goal_approach,6.373,2.082,67.9,3,3,4,6.375,2.225,21.3,0.143,0.143,0.0,2.4,,1.09
1788458719.482,goal_approach,6.373,2.082,68.7,3,3,4,6.375,2.225,20.4,0.143,0.143,0.0,2.4,,1.09
1788458719.543,goal_approach,6.373,2.082,70.4,3,3,4,6.375,2.225,18.8,0.143,0.143,0.0,2.4,,1.09
1788458719.603,goal_approach,6.373,2.082,71.2,3,3,4,6.375,2.225,18.0,0.143,0.143,0.0,2.4,,1.1
1788458719.655,goal_approach,6.373,2.082,72.8,3,3,4,6.375,2.225,16.3,0.143,0.143,0.0,2.4,,1.1
1788458719.709,goal_approach,6.372,2.086,73.8,3,3,4,6.375,2.225,14.8,0.14,0.14,0.0,2.4,,1.09
1788458719.763,goal_approach,6.367,2.099,75.8,3,3,4,6.375,2.225,10.6,0.127,0.127,0.0,2.4,,1.09
1788458719.817,goal_approach,6.366,2.101,76.7,3,3,4,6.375,2.225,9.3,0.124,0.124,0.0,2.4,,1.13
1788458719.87,goal_approach,6.366,2.101,78.3,3,3,4,6.375,2.225,7.6,0.124,0.124,0.0,2.4,,1.13
1788458719.925,goal_approach,6.366,2.101,79.1,3,3,4,6.375,2.225,6.8,0.124,0.124,0.0,2.4,,1.17
1788458719.978,goal_approach,6.366,2.101,80.8,3,3,4,6.375,2.225,5.2,0.124,0.124,0.0,2.4,,1.17
1788458720.035,goal_approach,6.363,2.099,81.3,3,3,4,6.375,2.225,3.4,0.126,0.126,0.0,2.4,,1.21
1788458720.089,goal_approach,6.355,2.096,82.3,3,3,4,6.375,2.225,-0.9,0.131,0.131,0.22,0.0,,1.21
1788458720.141,goal_approach,6.355,2.095,83.1,3,3,4,6.375,2.225,-2.0,0.131,0.131,0.22,0.0,,1.26
1788458720.2,goal_approach,6.355,2.098,83.2,3,3,4,6.375,2.225,-2.1,0.128,0.128,0.22,0.0,,1.26
1788458720.258,goal_approach,6.356,2.102,83.2,3,3,4,6.375,2.225,-2.2,0.124,0.124,0.22,0.0,,1.27
1788458720.324,goal_approach,6.357,2.116,83.2,3,3,4,6.375,2.225,-2.4,0.111,0.111,0.22,0.0,,1.27
1788458720.386,goal_approach,6.355,2.124,83.1,2,2,3,6.375,2.225,-4.2,0.103,0.103,0.22,0.0,,1.27
1788458720.439,goal_approach,6.353,2.132,83.0,2,2,3,6.375,2.225,-6.3,0.096,0.096,0.22,0.0,,1.27
1788458720.493,goal_approach,6.352,2.147,83.0,2,2,3,6.375,2.225,-9.6,0.081,0.081,0.22,0.0,,1.27
1788458720.545,goal_approach,6.353,2.155,83.0,2,2,3,6.375,2.225,-10.6,0.074,0.074,0.22,0.0,,1.27
1788458720.601,goal_turn,6.355,2.17,83.0,2,2,3,6.375,2.225,-83.0,0.0,0.059,0.0,-4.344,,1.27
1788458720.653,goal_turn,6.355,2.177,83.0,2,2,3,6.375,2.225,-83.0,0.0,0.052,0.0,-4.344,,1.27
1788458720.71,goal_turn,6.356,2.18,77.6,2,2,3,6.375,2.225,-77.6,0.0,0.049,0.0,-4.064,,1.25
1788458720.761,goal_turn,6.356,2.18,74.4,2,2,3,6.375,2.225,-74.4,0.0,0.049,0.0,-3.894,,1.25
1788458720.816,goal_turn,6.356,2.18,68.6,2,2,3,6.375,2.225,-68.6,0.0,0.049,0.0,-3.594,,1.11
1788458720.868,goal_turn,6.356,2.18,66.0,2,2,3,6.375,2.225,-66.0,0.0,0.049,0.0,-3.453,,1.11
1788458720.928,goal_turn,6.356,2.18,61.3,2,2,3,6.375,2.225,-61.3,0.0,0.049,0.0,-3.211,,1.04
1788458720.984,goal_turn,6.356,2.18,59.2,2,2,3,6.375,2.225,-59.2,0.0,0.049,0.0,-3.098,,1.04
1788458721.041,goal_turn,6.356,2.18,55.5,2,2,3,6.375,2.225,-55.5,0.0,0.049,0.0,-2.907,,1.04
1788458721.104,goal_turn,6.356,2.18,53.8,2,2,3,6.375,2.225,-53.8,0.0,0.049,0.0,-2.817,,1.04
1788458721.163,goal_turn,6.356,2.18,50.9,2,2,3,6.375,2.225,-50.9,0.0,0.049,0.0,-2.665,,1.04
1788458721.216,goal_turn,6.356,2.18,49.5,2,2,3,6.375,2.225,-49.5,0.0,0.049,0.0,-2.593,,1.04
1788458721.272,goal_turn,6.356,2.18,47.2,2,2,3,6.375,2.225,-47.2,0.0,0.049,0.0,-2.47,,1.03
1788458721.332,goal_turn,6.356,2.18,46.1,2,2,3,6.375,2.225,-46.1,0.0,0.049,0.0,-2.412,,1.03
1788458721.391,goal_turn,6.358,2.184,45.3,1,1,2,6.375,2.225,-45.3,0.0,0.045,0.0,-2.4,,1.03
1788458721.446,goal_turn,6.365,2.201,44.2,1,1,2,6.375,2.225,-44.2,0.0,0.026,0.0,-2.4,,1.03
1788458721.503,goal_turn,6.367,2.206,43.6,1,1,2,6.375,2.225,-43.6,0.0,0.021,0.0,-2.4,,1.03
1788458721.553,goal_turn,6.366,2.209,42.3,1,1,2,6.375,2.225,-42.3,0.0,0.018,0.0,-2.4,,1.03
1788458721.608,goal_turn,6.366,2.209,41.5,1,1,2,6.375,2.225,-41.5,0.0,0.018,0.0,-2.4,,1.03
1788458721.663,goal_turn,6.366,2.209,39.8,1,1,2,6.375,2.225,-39.8,0.0,0.018,0.0,-2.4,,1.03
1788458721.721,goal_turn,6.367,2.209,39.0,1,1,2,6.375,2.225,-39.0,0.0,0.018,0.0,-2.4,,1.04
1788458721.781,goal_turn,6.368,2.206,37.5,1,1,2,6.375,2.225,-37.5,0.0,0.02,0.0,-2.4,,1.04
1788458721.844,goal_turn,6.369,2.206,36.6,1,1,2,6.375,2.225,-36.6,0.0,0.02,0.0,-2.4,,1.03
1788458721.904,goal_turn,6.369,2.206,34.9,1,1,2,6.375,2.225,-34.9,0.0,0.02,0.0,-2.4,,1.03
1788458721.96,goal_turn,6.368,2.208,34.1,1,1,2,6.375,2.225,-34.1,0.0,0.019,0.0,-2.4,,1.03
1788458722.015,goal_turn,6.367,2.211,32.7,1,1,2,6.375,2.225,-32.7,0.0,0.016,0.0,-2.4,,1.03
1788458722.067,goal_turn,6.367,2.212,31.8,1,1,2,6.375,2.225,-31.8,0.0,0.016,0.0,-2.4,,1.03
1788458722.12,goal_turn,6.367,2.212,30.1,1,1,2,6.375,2.225,-30.1,0.0,0.016,0.0,-2.4,,1.03
1788458722.172,goal_turn,6.367,2.212,29.3,1,1,2,6.375,2.225,-29.3,0.0,0.016,0.0,-2.4,,1.03
1788458722.225,goal_turn,6.367,2.212,27.5,1,1,2,6.375,2.225,-27.5,0.0,0.016,0.0,-2.4,,1.03
1788458722.278,goal_turn,6.37,2.211,26.6,1,1,2,6.375,2.225,-26.6,0.0,0.014,0.0,-2.4,,1.03
1788458722.333,goal_turn,6.374,2.211,25.6,1,1,2,6.375,2.225,-25.6,0.0,0.014,0.0,-2.4,,1.03
1788458722.39,idle,6.377,2.211,23.7,1,1,2,6.375,2.225,-25.6,0.0,0.014,0.0,0.0,,1.03
1788458722.443,idle,6.377,2.211,22.9,1,1,2,6.375,2.225,-25.6,0.0,0.014,0.0,0.0,,1.03
1788458722.499,idle,6.377,2.211,22.6,1,1,2,6.375,2.225,-25.6,0.0,0.014,0.0,0.0,,1.03
1788458722.554,idle,6.377,2.211,22.6,1,1,2,6.375,2.225,-25.6,0.0,0.014,0.0,0.0,,1.03
1788458722.616,idle,6.372,2.214,22.5,1,1,2,6.375,2.225,-25.6,0.0,0.014,0.0,0.0,,1.03
1788458722.675,idle,6.368,2.217,22.4,1,1,2,6.375,2.225,-25.6,0.0,0.014,0.0,0.0,,1.03
1788458722.73,idle,6.365,2.219,22.3,1,1,2,6.375,2.225,-25.6,0.0,0.014,0.0,0.0,,1.03
1788458722.782,idle,6.365,2.219,22.3,1,1,2,6.375,2.225,-25.6,0.0,0.014,0.0,0.0,,1.03
1788458722.837,idle,6.365,2.219,22.3,1,1,2,6.375,2.225,-25.6,0.0,0.014,0.0,0.0,,1.03
1788458722.888,idle,6.365,2.219,22.3,1,1,2,6.375,2.225,-25.6,0.0,0.014,0.0,0.0,,1.03
1788458722.941,idle,6.363,2.22,22.2,1,1,2,6.375,2.225,-25.6,0.0,0.014,0.0,0.0,,1.03
1788458722.993,idle,6.362,2.22,22.1,1,1,2,6.375,2.225,-25.6,0.0,0.014,0.0,0.0,,1.03
1788458723.045,idle,6.361,2.22,22.0,1,1,2,6.375,2.225,-25.6,0.0,0.014,0.0,0.0,,1.03
1788458723.096,idle,6.361,2.22,22.0,1,1,2,6.375,2.225,-25.6,0.0,0.014,0.0,0.0,,1.03
1788458723.15,idle,6.361,2.22,22.0,1,1,2,6.375,2.225,-25.6,0.0,0.014,0.0,0.0,,1.03
1788458723.202,idle,6.361,2.22,22.0,1,1,2,6.375,2.225,-25.6,0.0,0.014,0.0,0.0,,1.03
1788458723.254,idle,6.361,2.22,22.0,1,1,2,6.375,2.225,-25.6,0.0,0.014,0.0,0.0,,1.03
1788458723.316,idle,6.361,2.22,22.0,1,1,2,6.375,2.225,-25.6,0.0,0.014,0.0,0.0,,1.03
1788458723.381,idle,6.361,2.22,22.0,1,1,2,6.375,2.225,-25.6,0.0,0.014,0.0,0.0,,1.03
1788458723.439,idle,6.361,2.22,22.0,1,1,2,6.375,2.225,-25.6,0.0,0.014,0.0,0.0,,1.03
1788458723.496,idle,6.361,2.22,22.0,1,1,2,6.375,2.225,-25.6,0.0,0.014,0.0,0.0,,1.03
1788458723.551,idle,6.361,2.22,22.0,1,1,2,6.375,2.225,-25.6,0.0,0.014,0.0,0.0,,1.03
1788458723.607,idle,6.361,2.22,22.0,1,1,2,6.375,2.225,-25.6,0.0,0.014,0.0,0.0,,1.03
1788458723.658,idle,6.361,2.22,22.0,1,1,2,6.375,2.225,-25.6,0.0,0.014,0.0,0.0,,1.03
1788458723.712,idle,6.361,2.22,22.0,1,1,2,6.375,2.225,-25.6,0.0,0.014,0.0,0.0,,1.03
1788458723.762,idle,6.361,2.22,22.0,1,1,2,6.375,2.225,-25.6,0.0,0.014,0.0,0.0,,1.03
1788458723.816,idle,6.361,2.22,22.0,1,1,2,6.375,2.225,-25.6,0.0,0.014,0.0,0.0,,1.03
1788458723.869,idle,6.361,2.22,22.0,1,1,2,6.375,2.225,-25.6,0.0,0.014,0.0,0.0,,1.03
1788458723.924,idle,6.361,2.22,22.0,1,1,2,6.375,2.225,-25.6,0.0,0.014,0.0,0.0,,1.03
1788458723.976,idle,6.361,2.22,22.0,1,1,2,6.375,2.225,-25.6,0.0,0.014,0.0,0.0,,1.03
1788458724.031,idle,6.361,2.22,22.0,1,1,2,6.375,2.225,-25.6,0.0,0.014,0.0,0.0,,1.03
1788458724.084,idle,6.361,2.22,22.0,1,1,2,6.375,2.225,-25.6,0.0,0.014,0.0,0.0,,1.03
1788458724.143,idle,6.361,2.22,22.0,1,1,2,6.375,2.225,-25.6,0.0,0.014,0.0,0.0,,1.03
1788458724.203,idle,6.361,2.22,22.0,1,1,2,6.375,2.225,-25.6,0.0,0.014,0.0,0.0,,1.03
1788458724.262,idle,6.361,2.22,22.0,1,1,2,6.375,2.225,-25.6,0.0,0.014,0.0,0.0,,1.03
1788458724.317,idle,6.361,2.22,22.0,1,1,2,6.375,2.225,-25.6,0.0,0.014,0.0,0.0,,1.03
1788458724.371,idle,6.361,2.22,22.0,1,1,2,6.375,2.225,-25.6,0.0,0.014,0.0,0.0,,1.03
1788458724.422,idle,6.361,2.22,22.0,1,1,2,6.375,2.225,-25.6,0.0,0.014,0.0,0.0,,1.03
1788458724.476,idle,6.361,2.22,22.0,1,1,2,6.375,2.225,-25.6,0.0,0.014,0.0,0.0,,1.03
1788458724.529,idle,6.361,2.22,22.0,1,1,2,6.375,2.225,-25.6,0.0,0.014,0.0,0.0,,1.03
1788458724.583,idle,6.361,2.22,22.0,1,1,2,6.375,2.225,-25.6,0.0,0.014,0.0,0.0,,1.03
1788458724.633,idle,6.361,2.22,22.0,1,1,2,6.375,2.225,-25.6,0.0,0.014,0.0,0.0,,1.03
1788458724.684,idle,6.361,2.22,22.0,1,1,2,6.375,2.225,-25.6,0.0,0.014,0.0,0.0,,1.03
1788458724.734,idle,6.361,2.22,22.0,1,1,2,6.375,2.225,-25.6,0.0,0.014,0.0,0.0,,1.03
1788458724.79,idle,6.361,2.22,22.0,1,1,2,6.375,2.225,-25.6,0.0,0.014,0.0,0.0,,1.03
1788458724.843,idle,6.361,2.22,22.0,1,1,2,6.375,2.225,-25.6,0.0,0.014,0.0,0.0,,1.03
1788458724.903,idle,6.361,2.22,22.0,1,1,2,6.375,2.225,-25.6,0.0,0.014,0.0,0.0,,1.03
1788458724.961,idle,6.361,2.22,22.0,1,1,2,6.375,2.225,-25.6,0.0,0.014,0.0,0.0,,1.03
1788458725.021,idle,6.361,2.22,22.0,1,1,2,6.375,2.225,-25.6,0.0,0.014,0.0,0.0,,1.03
1788458725.077,idle,6.361,2.22,22.0,1,1,2,6.375,2.225,-25.6,0.0,0.014,0.0,0.0,,1.03
1788458725.131,idle,6.361,2.22,22.0,1,1,2,6.375,2.225,-25.6,0.0,0.014,0.0,0.0,,1.03
1788458725.183,idle,6.361,2.22,22.0,1,1,2,6.375,2.225,-25.6,0.0,0.014,0.0,0.0,,1.03
1788458725.234,idle,6.361,2.22,22.0,1,1,2,6.375,2.225,-25.6,0.0,0.014,0.0,0.0,,1.03
1788458725.285,idle,6.361,2.22,22.0,1,1,2,6.375,2.225,-25.6,0.0,0.014,0.0,0.0,,1.03
1788458725.336,idle,6.361,2.22,22.0,1,1,2,6.375,2.225,-25.6,0.0,0.014,0.0,0.0,,1.03
1788458725.387,idle,6.361,2.22,22.0,1,1,2,6.375,2.225,-25.6,0.0,0.014,0.0,0.0,,1.03
1788458725.438,idle,6.361,2.22,22.0,1,1,2,6.375,2.225,-25.6,0.0,0.014,0.0,0.0,,1.03
1788458725.493,idle,6.361,2.22,22.0,1,1,2,6.375,2.225,-25.6,0.0,0.014,0.0,0.0,,1.03
1788458725.546,idle,6.361,2.22,22.0,1,1,2,6.375,2.225,-25.6,0.0,0.014,0.0,0.0,,1.03
1788458725.6,idle,6.361,2.22,22.0,1,1,2,6.375,2.225,-25.6,0.0,0.014,0.0,0.0,,1.03
1788458725.657,idle,6.361,2.22,22.0,1,1,2,6.375,2.225,-25.6,0.0,0.014,0.0,0.0,,1.03
1788458725.715,idle,6.361,2.22,22.0,1,1,2,6.375,2.225,-25.6,0.0,0.014,0.0,0.0,,1.03
1788458725.776,idle,6.361,2.22,22.0,1,1,2,6.375,2.225,-25.6,0.0,0.014,0.0,0.0,,1.03
1788458725.836,idle,6.361,2.22,22.0,1,1,2,6.375,2.225,-25.6,0.0,0.014,0.0,0.0,,1.03
1788458725.892,idle,6.361,2.22,22.0,1,1,2,6.375,2.225,-25.6,0.0,0.014,0.0,0.0,,1.03
1788458725.944,idle,6.361,2.22,22.0,1,1,2,6.375,2.225,-25.6,0.0,0.014,0.0,0.0,,1.03
1788458725.996,idle,6.361,2.22,22.0,1,1,2,6.375,2.225,-25.6,0.0,0.014,0.0,0.0,,1.03
1788458726.046,idle,6.361,2.22,22.0,1,1,2,6.375,2.225,-25.6,0.0,0.014,0.0,0.0,,1.03
1788458726.099,idle,6.361,2.22,22.0,1,1,2,6.375,2.225,-25.6,0.0,0.014,0.0,0.0,,1.03
1788458726.15,idle,6.361,2.22,22.0,1,1,2,6.375,2.225,-25.6,0.0,0.014,0.0,0.0,,1.03
1788458726.205,idle,6.361,2.22,22.0,1,1,2,6.375,2.225,-25.6,0.0,0.014,0.0,0.0,,1.03
1788458726.255,idle,6.361,2.22,22.0,1,1,2,6.375,2.225,-25.6,0.0,0.014,0.0,0.0,,1.03
1788458726.311,idle,6.361,2.22,22.0,1,1,2,6.375,2.225,-25.6,0.0,0.014,0.0,0.0,,1.03
1788458726.363,idle,6.361,2.22,22.0,1,1,2,6.375,2.225,-25.6,0.0,0.014,0.0,0.0,,1.03
1788458726.42,idle,6.361,2.22,22.0,1,1,2,6.375,2.225,-25.6,0.0,0.014,0.0,0.0,,1.03
1788458726.477,idle,6.361,2.22,22.0,1,1,2,6.375,2.225,-25.6,0.0,0.014,0.0,0.0,,1.03
1788458726.539,idle,6.361,2.22,22.0,1,1,2,6.375,2.225,-25.6,0.0,0.014,0.0,0.0,,1.03
1788458726.598,idle,6.361,2.22,22.0,1,1,2,6.375,2.225,-25.6,0.0,0.014,0.0,0.0,,1.03
1788458726.656,idle,6.361,2.22,22.0,1,1,2,6.375,2.225,-25.6,0.0,0.014,0.0,0.0,,1.03
1788458726.71,idle,6.361,2.22,22.0,1,1,2,6.375,2.225,-25.6,0.0,0.014,0.0,0.0,,1.03
1788458726.762,idle,6.361,2.22,22.0,1,1,2,6.375,2.225,-25.6,0.0,0.014,0.0,0.0,,1.03
1788458726.816,idle,6.361,2.22,22.0,1,1,2,6.375,2.225,-25.6,0.0,0.014,0.0,0.0,,1.03
1788458726.868,idle,6.361,2.22,22.0,1,1,2,6.375,2.225,-25.6,0.0,0.014,0.0,0.0,,1.03
1788458726.922,idle,6.361,2.22,22.0,1,1,2,6.375,2.225,-25.6,0.0,0.014,0.0,0.0,,1.03
1788458726.974,idle,6.361,2.22,22.0,1,1,2,6.375,2.225,-25.6,0.0,0.014,0.0,0.0,,1.03
1788458727.027,idle,6.361,2.22,22.0,1,1,2,6.375,2.225,-25.6,0.0,0.014,0.0,0.0,,1.03
1788458727.082,idle,6.361,2.22,22.0,1,1,2,6.375,2.225,-25.6,0.0,0.014,0.0,0.0,,1.03
1788458727.133,idle,6.361,2.22,22.0,1,1,2,6.375,2.225,-25.6,0.0,0.014,0.0,0.0,,1.03
1788458727.186,idle,6.361,2.22,22.0,1,1,2,6.375,2.225,-25.6,0.0,0.014,0.0,0.0,,1.03
1788458727.241,idle,6.361,2.22,22.0,1,1,2,6.375,2.225,-25.6,0.0,0.014,0.0,0.0,,1.03
1788458727.304,idle,6.361,2.22,22.0,1,1,2,6.375,2.225,-25.6,0.0,0.014,0.0,0.0,,1.03
1788458727.358,idle,6.361,2.22,22.0,1,1,2,6.375,2.225,-25.6,0.0,0.014,0.0,0.0,,1.03
1788458727.42,idle,6.361,2.22,22.0,1,1,2,6.375,2.225,-25.6,0.0,0.014,0.0,0.0,,1.03
1788458727.474,idle,6.361,2.22,22.0,1,1,2,6.375,2.225,-25.6,0.0,0.014,0.0,0.0,,1.03
1788458727.529,idle,6.361,2.22,22.0,1,1,2,6.375,2.225,-25.6,0.0,0.014,0.0,0.0,,1.03
1788458727.579,idle,6.361,2.22,22.0,1,1,2,6.375,2.225,-25.6,0.0,0.014,0.0,0.0,,1.03
1788458727.632,idle,6.361,2.22,22.0,1,1,2,6.375,2.225,-25.6,0.0,0.014,0.0,0.0,,1.03
1788458727.682,idle,6.361,2.22,22.0,1,1,2,6.375,2.225,-25.6,0.0,0.014,0.0,0.0,,1.03
1788458727.735,idle,6.361,2.22,22.0,1,1,2,6.375,2.225,-25.6,0.0,0.014,0.0,0.0,,1.03
1788458727.787,idle,6.361,2.22,22.0,1,1,2,6.375,2.225,-25.6,0.0,0.014,0.0,0.0,,1.03
1788458727.841,idle,6.361,2.22,22.0,1,1,2,6.375,2.225,-25.6,0.0,0.014,0.0,0.0,,1.03
1788458727.892,idle,6.361,2.22,22.0,1,1,2,6.375,2.225,-25.6,0.0,0.014,0.0,0.0,,1.03
1788458727.945,idle,6.361,2.22,22.0,1,1,2,6.375,2.225,-25.6,0.0,0.014,0.0,0.0,,1.03
1788458727.999,idle,6.361,2.22,22.0,1,1,2,6.375,2.225,-25.6,0.0,0.014,0.0,0.0,,1.03
1788458728.058,idle,6.361,2.22,22.0,1,1,2,6.375,2.225,-25.6,0.0,0.014,0.0,0.0,,1.03
1788458728.118,idle,6.361,2.22,22.0,1,1,2,6.375,2.225,-25.6,0.0,0.014,0.0,0.0,,1.03
1788458728.177,idle,6.361,2.22,22.0,1,1,2,6.375,2.225,-25.6,0.0,0.014,0.0,0.0,,1.03
1788458728.233,idle,6.361,2.22,22.0,1,1,2,6.375,2.225,-25.6,0.0,0.014,0.0,0.0,,1.03
1788458728.287,idle,6.361,2.22,22.0,1,1,2,6.375,2.225,-25.6,0.0,0.014,0.0,0.0,,1.03
1788458728.34,idle,6.361,2.22,22.0,1,1,2,6.375,2.225,-25.6,0.0,0.014,0.0,0.0,,1.03
1788458728.395,idle,6.361,2.22,22.0,1,1,2,6.375,2.225,-25.6,0.0,0.014,0.0,0.0,,1.03
1788458728.448,idle,6.361,2.22,22.0,1,1,2,6.375,2.225,-25.6,0.0,0.014,0.0,0.0,,1.03
1788458728.5,idle,6.361,2.22,22.0,1,1,2,6.375,2.225,-25.6,0.0,0.014,0.0,0.0,,1.03
1788458728.552,idle,6.361,2.22,22.0,1,1,2,6.375,2.225,-25.6,0.0,0.014,0.0,0.0,,1.03
1788458728.604,idle,6.361,2.22,22.0,1,1,2,6.375,2.225,-25.6,0.0,0.014,0.0,0.0,,1.03
1788458728.657,idle,6.361,2.22,22.0,1,1,2,6.375,2.225,-25.6,0.0,0.014,0.0,0.0,,1.03
1788458728.708,idle,6.361,2.22,22.0,1,1,2,6.375,2.225,-25.6,0.0,0.014,0.0,0.0,,1.03
1788458728.76,idle,6.361,2.22,22.0,1,1,2,6.375,2.225,-25.6,0.0,0.014,0.0,0.0,,1.03
1788458728.814,idle,6.361,2.22,22.0,1,1,2,6.375,2.225,-25.6,0.0,0.014,0.0,0.0,,1.03
1788458728.875,idle,6.361,2.22,22.0,1,1,2,6.375,2.225,-25.6,0.0,0.014,0.0,0.0,,1.03
1788458728.932,idle,6.361,2.22,22.0,1,1,2,6.375,2.225,-25.6,0.0,0.014,0.0,0.0,,1.03
1788458728.99,idle,6.361,2.22,22.0,1,1,2,6.375,2.225,-25.6,0.0,0.014,0.0,0.0,,1.03
1788458729.046,idle,6.361,2.22,22.0,1,1,2,6.375,2.225,-25.6,0.0,0.014,0.0,0.0,,1.03
1788458729.099,idle,6.361,2.22,22.0,1,1,2,6.375,2.225,-25.6,0.0,0.014,0.0,0.0,,1.03
1788458729.15,idle,6.361,2.22,22.0,1,1,2,6.375,2.225,-25.6,0.0,0.014,0.0,0.0,,1.03
1788458729.202,idle,6.361,2.22,22.0,1,1,2,6.375,2.225,-25.6,0.0,0.014,0.0,0.0,,1.03
1788458729.254,idle,6.361,2.22,22.0,1,1,2,6.375,2.225,-25.6,0.0,0.014,0.0,0.0,,1.03
1788458729.306,idle,6.361,2.22,22.0,1,1,2,6.375,2.225,-25.6,0.0,0.014,0.0,0.0,,1.03
1788458729.358,idle,6.361,2.22,22.0,1,1,2,6.375,2.225,-25.6,0.0,0.014,0.0,0.0,,1.03
1788458729.41,idle,6.361,2.22,22.0,1,1,2,6.375,2.225,-25.6,0.0,0.014,0.0,0.0,,1.03
1788458729.465,idle,6.361,2.22,22.0,1,1,2,6.375,2.225,-25.6,0.0,0.014,0.0,0.0,,1.03
1788458729.519,idle,6.361,2.22,22.0,1,1,2,6.375,2.225,-25.6,0.0,0.014,0.0,0.0,,1.03
1788458729.577,idle,6.361,2.22,22.0,1,1,2,6.375,2.225,-25.6,0.0,0.014,0.0,0.0,,1.03
1788458729.638,idle,6.361,2.22,22.0,1,1,2,6.375,2.225,-25.6,0.0,0.014,0.0,0.0,,1.03
1788458729.697,idle,6.361,2.22,22.0,1,1,2,6.375,2.225,-25.6,0.0,0.014,0.0,0.0,,1.03
1788458729.757,idle,6.361,2.22,22.0,1,1,2,6.375,2.225,-25.6,0.0,0.014,0.0,0.0,,1.03
1788458729.813,idle,6.361,2.22,22.0,1,1,2,6.375,2.225,-25.6,0.0,0.014,0.0,0.0,,1.03
1788458729.866,idle,6.361,2.22,22.0,1,1,2,6.375,2.225,-25.6,0.0,0.014,0.0,0.0,,1.03
1788458729.924,idle,6.361,2.22,22.0,1,1,2,6.375,2.225,-25.6,0.0,0.014,0.0,0.0,,1.03
1788458729.974,idle,6.361,2.22,22.0,1,1,2,6.375,2.225,-25.6,0.0,0.014,0.0,0.0,,1.03
1788458730.024,idle,6.361,2.22,22.0,1,1,2,6.375,2.225,-25.6,0.0,0.014,0.0,0.0,,1.03
1788458730.077,idle,6.361,2.22,22.0,1,1,2,6.375,2.225,-25.6,0.0,0.014,0.0,0.0,,1.03
1788458730.133,idle,6.361,2.22,22.0,1,1,2,6.375,2.225,-25.6,0.0,0.014,0.0,0.0,,1.03
1788458730.185,idle,6.361,2.22,22.0,1,1,2,6.375,2.225,-25.6,0.0,0.014,0.0,0.0,,1.03
1788458730.24,idle,6.361,2.22,22.0,1,1,2,6.375,2.225,-25.6,0.0,0.014,0.0,0.0,,1.03
1788458730.301,idle,6.361,2.22,22.0,1,1,2,6.375,2.225,-25.6,0.0,0.014,0.0,0.0,,1.03
1788458730.363,idle,6.361,2.22,22.0,1,1,2,6.375,2.225,-25.6,0.0,0.014,0.0,0.0,,1.03
1788458730.425,idle,6.361,2.22,22.0,1,1,2,6.375,2.225,-25.6,0.0,0.014,0.0,0.0,,1.03
1788458730.482,idle,6.361,2.22,22.0,1,1,2,6.375,2.225,-25.6,0.0,0.014,0.0,0.0,,1.03
1788458730.538,idle,6.361,2.22,22.0,1,1,2,6.375,2.225,-25.6,0.0,0.014,0.0,0.0,,1.03
1788458730.598,idle,6.361,2.22,22.0,1,1,2,6.375,2.225,-25.6,0.0,0.014,0.0,0.0,,1.03
1788458730.648,idle,6.361,2.22,22.0,1,1,2,6.375,2.225,-25.6,0.0,0.014,0.0,0.0,,1.03
1788458730.702,idle,6.361,2.22,22.0,1,1,2,6.375,2.225,-25.6,0.0,0.014,0.0,0.0,,1.03
1788458730.752,idle,6.361,2.22,22.0,1,1,2,6.375,2.225,-25.6,0.0,0.014,0.0,0.0,,1.03
1788458730.806,idle,6.361,2.22,22.0,1,1,2,6.375,2.225,-25.6,0.0,0.014,0.0,0.0,,1.03
1788458730.859,idle,6.361,2.22,22.0,1,1,2,6.375,2.225,-25.6,0.0,0.014,0.0,0.0,,1.03
1788458730.911,idle,6.361,2.22,22.0,1,1,2,6.375,2.225,-25.6,0.0,0.014,0.0,0.0,,1.03
1788458730.961,idle,6.361,2.22,22.0,1,1,2,6.375,2.225,-25.6,0.0,0.014,0.0,0.0,,1.03
1788458731.017,idle,6.361,2.22,22.0,1,1,2,6.375,2.225,-25.6,0.0,0.014,0.0,0.0,,1.03
1788458731.07,idle,6.361,2.22,22.0,1,1,2,6.375,2.225,-25.6,0.0,0.014,0.0,0.0,,1.03
1788458731.123,idle,6.361,2.22,22.0,1,1,2,6.375,2.225,-25.6,0.0,0.014,0.0,0.0,,1.03
1788458731.18,idle,6.361,2.22,22.0,1,1,2,6.375,2.225,-25.6,0.0,0.014,0.0,0.0,,1.03
1788458731.236,idle,6.361,2.22,22.0,1,1,2,6.375,2.225,-25.6,0.0,0.014,0.0,0.0,,1.03
1788458731.296,idle,6.361,2.22,22.0,1,1,2,6.375,2.225,-25.6,0.0,0.014,0.0,0.0,,1.03
1788458731.358,idle,6.361,2.22,22.0,1,1,2,6.375,2.225,-25.6,0.0,0.014,0.0,0.0,,1.03
1788458731.414,idle,6.361,2.22,22.0,1,1,2,6.375,2.225,-25.6,0.0,0.014,0.0,0.0,,1.03
1788458731.468,idle,6.361,2.22,22.0,1,1,2,6.375,2.225,-25.6,0.0,0.014,0.0,0.0,,1.03
1788458731.521,idle,6.361,2.22,22.0,1,1,2,6.375,2.225,-25.6,0.0,0.014,0.0,0.0,,1.03
1788458731.574,idle,6.361,2.22,22.0,1,1,2,6.375,2.225,-25.6,0.0,0.014,0.0,0.0,,1.03
1788458731.628,idle,6.361,2.22,22.0,1,1,2,6.375,2.225,-25.6,0.0,0.014,0.0,0.0,,1.03
1788458731.68,idle,6.361,2.22,22.0,1,1,2,6.375,2.225,-25.6,0.0,0.014,0.0,0.0,,1.03
1788458731.731,idle,6.361,2.22,22.0,1,1,2,6.375,2.225,-25.6,0.0,0.014,0.0,0.0,,1.03
1788458731.785,idle,6.361,2.22,22.0,1,1,2,6.375,2.225,-25.6,0.0,0.014,0.0,0.0,,1.03
1788458731.839,idle,6.361,2.22,22.0,1,1,2,6.375,2.225,-25.6,0.0,0.014,0.0,0.0,,1.03
1788458731.895,idle,6.361,2.22,22.0,1,1,2,6.375,2.225,-25.6,0.0,0.014,0.0,0.0,,1.03
1788458731.949,idle,6.361,2.22,22.0,1,1,2,6.375,2.225,-25.6,0.0,0.014,0.0,0.0,,1.03
1788458732.009,idle,6.361,2.22,22.0,1,1,2,6.375,2.225,-25.6,0.0,0.014,0.0,0.0,,1.03
1788458732.065,idle,6.361,2.22,22.0,1,1,2,6.375,2.225,-25.6,0.0,0.014,0.0,0.0,,1.03
1788458732.129,idle,6.361,2.22,22.0,1,1,2,6.375,2.225,-25.6,0.0,0.014,0.0,0.0,,1.03
1788458732.185,idle,6.361,2.22,22.0,1,1,2,6.375,2.225,-25.6,0.0,0.014,0.0,0.0,,1.03
1788458732.239,idle,6.361,2.22,22.0,1,1,2,6.375,2.225,-25.6,0.0,0.014,0.0,0.0,,1.03
1788458732.291,idle,6.361,2.22,22.0,1,1,2,6.375,2.225,-25.6,0.0,0.014,0.0,0.0,,1.03
1788458732.341,idle,6.361,2.22,22.0,1,1,2,6.375,2.225,-25.6,0.0,0.014,0.0,0.0,,1.03
1788458732.394,idle,6.361,2.22,22.0,1,1,2,6.375,2.225,-25.6,0.0,0.014,0.0,0.0,,1.03
1788458732.449,idle,6.361,2.22,22.0,1,1,2,6.375,2.225,-25.6,0.0,0.014,0.0,0.0,,1.03
1788458732.5,idle,6.361,2.22,22.0,1,1,2,6.375,2.225,-25.6,0.0,0.014,0.0,0.0,,1.03
1788458732.552,idle,6.361,2.22,22.0,1,1,2,6.375,2.225,-25.6,0.0,0.014,0.0,0.0,,1.03
1788458732.608,idle,6.361,2.22,22.0,1,1,2,6.375,2.225,-25.6,0.0,0.014,0.0,0.0,,1.03
1788458732.659,idle,6.361,2.22,22.0,1,1,2,6.375,2.225,-25.6,0.0,0.014,0.0,0.0,,1.03
1788458732.716,idle,6.361,2.22,22.0,1,1,2,6.375,2.225,-25.6,0.0,0.014,0.0,0.0,,1.03
1788458732.777,idle,6.361,2.22,22.0,1,1,2,6.375,2.225,-25.6,0.0,0.014,0.0,0.0,,1.03
1788458732.838,idle,6.361,2.22,22.0,1,1,2,6.375,2.225,-25.6,0.0,0.014,0.0,0.0,,1.03
1788458732.898,idle,6.361,2.22,22.0,1,1,2,6.375,2.225,-25.6,0.0,0.014,0.0,0.0,,1.03
1788458732.954,idle,6.361,2.22,22.0,1,1,2,6.375,2.225,-25.6,0.0,0.014,0.0,0.0,,1.03
1788458733.01,idle,6.361,2.22,22.0,1,1,2,6.375,2.225,-25.6,0.0,0.014,0.0,0.0,,1.03
1788458733.061,idle,6.361,2.22,22.0,1,1,2,6.375,2.225,-25.6,0.0,0.014,0.0,0.0,,1.03
1788458733.116,idle,6.361,2.22,22.0,1,1,2,6.375,2.225,-25.6,0.0,0.014,0.0,0.0,,1.03
1788458733.167,idle,6.361,2.22,22.0,1,1,2,6.375,2.225,-25.6,0.0,0.014,0.0,0.0,,1.03
1788458733.222,idle,6.361,2.22,22.0,1,1,2,6.375,2.225,-25.6,0.0,0.014,0.0,0.0,,1.03
1788458733.273,idle,6.361,2.22,22.0,1,1,2,6.375,2.225,-25.6,0.0,0.014,0.0,0.0,,1.03
1788458733.329,idle,6.361,2.22,22.0,1,1,2,6.375,2.225,-25.6,0.0,0.014,0.0,0.0,,1.03
1788458733.383,idle,6.361,2.22,22.0,1,1,2,6.375,2.225,-25.6,0.0,0.014,0.0,0.0,,1.03
1788458733.435,idle,6.361,2.22,22.0,1,1,2,6.375,2.225,-25.6,0.0,0.014,0.0,0.0,,1.03
1788458733.489,idle,6.361,2.22,22.0,1,1,2,6.375,2.225,-25.6,0.0,0.014,0.0,0.0,,1.03
1788458733.545,idle,6.361,2.22,22.0,1,1,2,6.375,2.225,-25.6,0.0,0.014,0.0,0.0,,1.03
1788458733.604,idle,6.361,2.22,22.0,1,1,2,6.375,2.225,-25.6,0.0,0.014,0.0,0.0,,1.03
1788458733.669,idle,6.361,2.22,22.0,1,1,2,6.375,2.225,-25.6,0.0,0.014,0.0,0.0,,1.03
1788458733.73,idle,6.361,2.22,22.0,1,1,2,6.375,2.225,-25.6,0.0,0.014,0.0,0.0,,1.03
1788458733.787,idle,6.361,2.22,22.0,1,1,2,6.375,2.225,-25.6,0.0,0.014,0.0,0.0,,1.03
1788458733.838,idle,6.361,2.22,22.0,1,1,2,6.375,2.225,-25.6,0.0,0.014,0.0,0.0,,1.03
1788458733.89,idle,6.361,2.22,22.0,1,1,2,6.375,2.225,-25.6,0.0,0.014,0.0,0.0,,1.03
1788458733.941,idle,6.361,2.22,22.0,1,1,2,6.375,2.225,-25.6,0.0,0.014,0.0,0.0,,1.03
1788458733.994,idle,6.361,2.22,22.0,1,1,2,6.375,2.225,-25.6,0.0,0.014,0.0,0.0,,1.03
1788458734.051,idle,6.361,2.22,22.0,1,1,2,6.375,2.225,-25.6,0.0,0.014,0.0,0.0,,1.03
1788458734.103,idle,6.361,2.22,22.0,1,1,2,6.375,2.225,-25.6,0.0,0.014,0.0,0.0,,1.03
1788458734.152,idle,6.361,2.22,22.0,1,1,2,6.375,2.225,-25.6,0.0,0.014,0.0,0.0,,1.03
1788458734.205,idle,6.361,2.22,22.0,1,1,2,6.375,2.225,-25.6,0.0,0.014,0.0,0.0,,1.03
1788458734.255,idle,6.361,2.22,22.0,1,1,2,6.375,2.225,-25.6,0.0,0.014,0.0,0.0,,1.03
1788458734.315,idle,6.361,2.22,22.0,1,1,2,6.375,2.225,-25.6,0.0,0.014,0.0,0.0,,1.03
1788458734.38,idle,6.361,2.22,22.0,1,1,2,6.375,2.225,-25.6,0.0,0.014,0.0,0.0,,1.03
1788458734.441,idle,6.361,2.22,22.0,1,1,2,6.375,2.225,-25.6,0.0,0.014,0.0,0.0,,1.03
1788458734.496,idle,6.361,2.22,22.0,1,1,2,6.375,2.225,-25.6,0.0,0.014,0.0,0.0,,1.03
1788458734.554,idle,6.361,2.22,22.0,1,1,2,6.375,2.225,-25.6,0.0,0.014,0.0,0.0,,1.03
1788458734.605,idle,6.361,2.22,22.0,1,1,2,6.375,2.225,-25.6,0.0,0.014,0.0,0.0,,1.03
1788458734.657,idle,6.361,2.22,22.0,1,1,2,6.375,2.225,-25.6,0.0,0.014,0.0,0.0,,1.03
1788458734.711,idle,6.361,2.22,22.0,1,1,2,6.375,2.225,-25.6,0.0,0.014,0.0,0.0,,1.03
1788458734.766,idle,6.361,2.22,22.0,1,1,2,6.375,2.225,-25.6,0.0,0.014,0.0,0.0,,1.03
1788458734.818,idle,6.361,2.22,22.0,1,1,2,6.375,2.225,-25.6,0.0,0.014,0.0,0.0,,1.03
1788458734.87,idle,6.361,2.22,22.0,1,1,2,6.375,2.225,-25.6,0.0,0.014,0.0,0.0,,1.03
1788458734.921,idle,6.361,2.22,22.0,1,1,2,6.375,2.225,-25.6,0.0,0.014,0.0,0.0,,1.03
1788458734.975,idle,6.361,2.22,22.0,1,1,2,6.375,2.225,-25.6,0.0,0.014,0.0,0.0,,1.03
1788458735.026,idle,6.361,2.22,22.0,1,1,2,6.375,2.225,-25.6,0.0,0.014,0.0,0.0,,1.03
1788458735.083,idle,6.361,2.22,22.0,1,1,2,6.375,2.225,-25.6,0.0,0.014,0.0,0.0,,1.03
1788458735.136,idle,6.361,2.22,22.0,1,1,2,6.375,2.225,-25.6,0.0,0.014,0.0,0.0,,1.03
1788458735.193,idle,6.361,2.22,22.0,1,1,2,6.375,2.225,-25.6,0.0,0.014,0.0,0.0,,1.03
1788458735.255,idle,6.361,2.22,22.0,1,1,2,6.375,2.225,-25.6,0.0,0.014,0.0,0.0,,1.03
1788458735.313,idle,6.361,2.22,22.0,1,1,2,6.375,2.225,-25.6,0.0,0.014,0.0,0.0,,1.03
1788458735.365,idle,6.361,2.22,22.0,1,1,2,6.375,2.225,-25.6,0.0,0.014,0.0,0.0,,1.03
1788458735.417,idle,6.361,2.22,22.0,1,1,2,6.375,2.225,-25.6,0.0,0.014,0.0,0.0,,1.03
1788458735.47,idle,6.361,2.22,22.0,1,1,2,6.375,2.225,-25.6,0.0,0.014,0.0,0.0,,1.03
1788458735.524,idle,6.361,2.22,22.0,1,1,2,6.375,2.225,-25.6,0.0,0.014,0.0,0.0,,1.03
1788458735.578,idle,6.361,2.22,22.0,1,1,2,6.375,2.225,-25.6,0.0,0.014,0.0,0.0,,1.03
1788458735.631,idle,6.361,2.22,22.0,1,1,2,6.375,2.225,-25.6,0.0,0.014,0.0,0.0,,1.03
1788458735.683,idle,6.361,2.22,22.0,1,1,2,6.375,2.225,-25.6,0.0,0.014,0.0,0.0,,1.03
1788458735.735,idle,6.361,2.22,22.0,1,1,2,6.375,2.225,-25.6,0.0,0.014,0.0,0.0,,1.03
1788458735.788,idle,6.361,2.22,22.0,1,1,2,6.375,2.225,-25.6,0.0,0.014,0.0,0.0,,1.03
1788458735.841,idle,6.361,2.22,22.0,1,1,2,6.375,2.225,-25.6,0.0,0.014,0.0,0.0,,1.03
1788458735.897,idle,6.361,2.22,22.0,1,1,2,6.375,2.225,-25.6,0.0,0.014,0.0,0.0,,1.03
1788458735.959,idle,6.361,2.22,22.0,1,1,2,6.375,2.225,-25.6,0.0,0.014,0.0,0.0,,1.03
1788458736.015,idle,6.361,2.22,22.0,1,1,2,6.375,2.225,-25.6,0.0,0.014,0.0,0.0,,1.03
1788458736.079,idle,6.361,2.22,22.0,1,1,2,6.375,2.225,-25.6,0.0,0.014,0.0,0.0,,1.03
1788458736.132,idle,6.361,2.22,22.0,1,1,2,6.375,2.225,-25.6,0.0,0.014,0.0,0.0,,1.03
1788458736.187,idle,6.361,2.22,22.0,1,1,2,6.375,2.225,-25.6,0.0,0.014,0.0,0.0,,1.03
1788458736.237,idle,6.361,2.22,22.0,1,1,2,6.375,2.225,-25.6,0.0,0.014,0.0,0.0,,1.03
1788458736.291,idle,6.361,2.22,22.0,1,1,2,6.375,2.225,-25.6,0.0,0.014,0.0,0.0,,1.03
1788458736.346,idle,6.361,2.22,22.0,1,1,2,6.375,2.225,-25.6,0.0,0.014,0.0,0.0,,1.03
1788458736.402,idle,6.361,2.22,22.0,1,1,2,6.375,2.225,-25.6,0.0,0.014,0.0,0.0,,1.03
1788458736.453,idle,6.361,2.22,22.0,1,1,2,6.375,2.225,-25.6,0.0,0.014,0.0,0.0,,1.03
1788458736.508,idle,6.361,2.22,22.0,1,1,2,6.375,2.225,-25.6,0.0,0.014,0.0,0.0,,1.03
1788458736.56,idle,6.361,2.22,22.0,1,1,2,6.375,2.225,-25.6,0.0,0.014,0.0,0.0,,1.03
1788458736.613,idle,6.361,2.22,22.0,1,1,2,6.375,2.225,-25.6,0.0,0.014,0.0,0.0,,1.03
1788458736.668,idle,6.361,2.22,22.0,1,1,2,6.375,2.225,-25.6,0.0,0.014,0.0,0.0,,1.03
1788458736.727,idle,6.361,2.22,22.0,1,1,2,6.375,2.225,-25.6,0.0,0.014,0.0,0.0,,1.03
1788458736.791,idle,6.361,2.22,22.0,1,1,2,6.375,2.225,-25.6,0.0,0.014,0.0,0.0,,1.03
1788458736.848,idle,6.361,2.22,22.0,1,1,2,6.375,2.225,-25.6,0.0,0.014,0.0,0.0,,1.03
1788458736.903,idle,6.361,2.22,22.0,1,1,2,6.375,2.225,-25.6,0.0,0.014,0.0,0.0,,1.03
1788458736.96,idle,6.361,2.22,22.0,1,1,2,6.375,2.225,-25.6,0.0,0.014,0.0,0.0,,1.03
1788458737.011,idle,6.361,2.22,22.0,1,1,2,6.375,2.225,-25.6,0.0,0.014,0.0,0.0,,1.03
1788458737.061,idle,6.361,2.22,22.0,1,1,2,6.375,2.225,-25.6,0.0,0.014,0.0,0.0,,1.03
1788458737.114,idle,6.361,2.22,22.0,1,1,2,6.375,2.225,-25.6,0.0,0.014,0.0,0.0,,1.03
1788458737.167,idle,6.361,2.22,22.0,1,1,2,6.375,2.225,-25.6,0.0,0.014,0.0,0.0,,1.03
1788458737.22,idle,6.361,2.22,22.0,1,1,2,6.375,2.225,-25.6,0.0,0.014,0.0,0.0,,1.03
1788458737.274,idle,6.361,2.22,22.0,1,1,2,6.375,2.225,-25.6,0.0,0.014,0.0,0.0,,1.03
1788458737.328,idle,6.361,2.22,22.0,1,1,2,6.375,2.225,-25.6,0.0,0.014,0.0,0.0,,1.03
1788458737.381,idle,6.361,2.22,22.0,1,1,2,6.375,2.225,-25.6,0.0,0.014,0.0,0.0,,1.03
1788458737.437,idle,6.361,2.22,22.0,1,1,2,6.375,2.225,-25.6,0.0,0.014,0.0,0.0,,1.03
1788458737.499,idle,6.361,2.22,22.0,1,1,2,6.375,2.225,-25.6,0.0,0.014,0.0,0.0,,1.03
1788458737.558,idle,6.361,2.22,22.0,1,1,2,6.375,2.225,-25.6,0.0,0.014,0.0,0.0,,1.03
1788458737.618,idle,6.361,2.22,22.0,1,1,2,6.375,2.225,-25.6,0.0,0.014,0.0,0.0,,1.03
1788458737.676,idle,6.361,2.22,22.0,1,1,2,6.375,2.225,-25.6,0.0,0.014,0.0,0.0,,1.03
1788458737.731,idle,6.361,2.22,22.0,1,1,2,6.375,2.225,-25.6,0.0,0.014,0.0,0.0,,1.03
1788458737.782,idle,6.361,2.22,22.0,1,1,2,6.375,2.225,-25.6,0.0,0.014,0.0,0.0,,1.03
1788458737.835,idle,6.361,2.22,22.0,1,1,2,6.375,2.225,-25.6,0.0,0.014,0.0,0.0,,1.03
1788458737.887,idle,6.361,2.22,22.0,1,1,2,6.375,2.225,-25.6,0.0,0.014,0.0,0.0,,1.03
1788458737.939,idle,6.361,2.22,22.0,1,1,2,6.375,2.225,-25.6,0.0,0.014,0.0,0.0,,1.03
1788458737.99,idle,6.361,2.22,22.0,1,1,2,6.375,2.225,-25.6,0.0,0.014,0.0,0.0,,1.03
1788458738.042,idle,6.361,2.22,22.0,1,1,2,6.375,2.225,-25.6,0.0,0.014,0.0,0.0,,1.03
1788458738.095,idle,6.361,2.22,22.0,1,1,2,6.375,2.225,-25.6,0.0,0.014,0.0,0.0,,1.03
1788458738.147,idle,6.361,2.22,22.0,1,1,2,6.375,2.225,-25.6,0.0,0.014,0.0,0.0,,1.03
1788458738.2,idle,6.361,2.22,22.0,1,1,2,6.375,2.225,-25.6,0.0,0.014,0.0,0.0,,1.03
1788458738.259,idle,6.361,2.22,22.0,1,1,2,6.375,2.225,-25.6,0.0,0.014,0.0,0.0,,1.03
1788458738.32,idle,6.361,2.22,22.0,1,1,2,6.375,2.225,-25.6,0.0,0.014,0.0,0.0,,1.03
1788458738.38,idle,6.361,2.22,22.0,1,1,2,6.375,2.225,-25.6,0.0,0.014,0.0,0.0,,1.03
1788458738.436,idle,6.361,2.22,22.0,1,1,2,6.375,2.225,-25.6,0.0,0.014,0.0,0.0,,1.03
1788458738.491,idle,6.361,2.22,22.0,1,1,2,6.375,2.225,-25.6,0.0,0.014,0.0,0.0,,1.03
1788458738.543,idle,6.361,2.22,22.0,1,1,2,6.375,2.225,-25.6,0.0,0.014,0.0,0.0,,1.03
1788458738.594,idle,6.361,2.22,22.0,1,1,2,6.375,2.225,-25.6,0.0,0.014,0.0,0.0,,1.03
1788458738.647,idle,6.361,2.22,22.0,1,1,2,6.375,2.225,-25.6,0.0,0.014,0.0,0.0,,1.03
1788458738.699,idle,6.361,2.22,22.0,1,1,2,6.375,2.225,-25.6,0.0,0.014,0.0,0.0,,1.03
1788458738.752,idle,6.361,2.22,22.0,1,1,2,6.375,2.225,-25.6,0.0,0.014,0.0,0.0,,1.03
1788458738.807,idle,6.361,2.22,22.0,1,1,2,6.375,2.225,-25.6,0.0,0.014,0.0,0.0,,1.03
1788458738.858,idle,6.361,2.22,22.0,1,1,2,6.375,2.225,-25.6,0.0,0.014,0.0,0.0,,1.03
1788458738.915,idle,6.361,2.22,22.0,1,1,2,6.375,2.225,-25.6,0.0,0.014,0.0,0.0,,1.03
1788458738.965,idle,6.361,2.22,22.0,1,1,2,6.375,2.225,-25.6,0.0,0.014,0.0,0.0,,1.03
1788458739.018,idle,6.361,2.22,22.0,1,1,2,6.375,2.225,-25.6,0.0,0.014,0.0,0.0,,1.03
1788458739.073,idle,6.361,2.22,22.0,1,1,2,6.375,2.225,-25.6,0.0,0.014,0.0,0.0,,1.03
1788458739.139,idle,6.361,2.22,22.0,1,1,2,6.375,2.225,-25.6,0.0,0.014,0.0,0.0,,1.03
1788458739.197,idle,6.361,2.22,22.0,1,1,2,6.375,2.225,-25.6,0.0,0.014,0.0,0.0,,1.03
1788458739.253,idle,6.361,2.22,22.0,1,1,2,6.375,2.225,-25.6,0.0,0.014,0.0,0.0,,1.03
1788458739.308,idle,6.361,2.22,22.0,1,1,2,6.375,2.225,-25.6,0.0,0.014,0.0,0.0,,1.03
1788458739.363,idle,6.361,2.22,22.0,1,1,2,6.375,2.225,-25.6,0.0,0.014,0.0,0.0,,1.03
1788458739.414,idle,6.361,2.22,22.0,1,1,2,6.375,2.225,-25.6,0.0,0.014,0.0,0.0,,1.03
1788458739.47,idle,6.361,2.22,22.0,1,1,2,6.375,2.225,-25.6,0.0,0.014,0.0,0.0,,1.03
1788458739.525,idle,6.361,2.22,22.0,1,1,2,6.375,2.225,-25.6,0.0,0.014,0.0,0.0,,1.03
1788458739.579,idle,6.361,2.22,22.0,1,1,2,6.375,2.225,-25.6,0.0,0.014,0.0,0.0,,1.03
1788458739.631,idle,6.361,2.22,22.0,1,1,2,6.375,2.225,-25.6,0.0,0.014,0.0,0.0,,1.03
1788458739.685,idle,6.361,2.22,22.0,1,1,2,6.375,2.225,-25.6,0.0,0.014,0.0,0.0,,1.03
1788458739.735,idle,6.361,2.22,22.0,1,1,2,6.375,2.225,-25.6,0.0,0.014,0.0,0.0,,1.03
1788458739.792,idle,6.361,2.22,22.0,1,1,2,6.375,2.225,-25.6,0.0,0.014,0.0,0.0,,1.03
1788458739.849,idle,6.361,2.22,22.0,1,1,2,6.375,2.225,-25.6,0.0,0.014,0.0,0.0,,1.03
1788458739.908,idle,6.361,2.22,22.0,1,1,2,6.375,2.225,-25.6,0.0,0.014,0.0,0.0,,1.03
1788458739.969,idle,6.361,2.22,22.0,1,1,2,6.375,2.225,-25.6,0.0,0.014,0.0,0.0,,1.03
1788458740.025,idle,6.361,2.22,22.0,1,1,2,6.375,2.225,-25.6,0.0,0.014,0.0,0.0,,1.03
1788458740.077,idle,6.361,2.22,22.0,1,1,2,6.375,2.225,-25.6,0.0,0.014,0.0,0.0,,1.03
1788458740.129,idle,6.361,2.22,22.0,1,1,2,6.375,2.225,-25.6,0.0,0.014,0.0,0.0,,1.03
1788458740.183,idle,6.361,2.22,22.0,1,1,2,6.375,2.225,-25.6,0.0,0.014,0.0,0.0,,1.03
1788458740.235,idle,6.361,2.22,22.0,1,1,2,6.375,2.225,-25.6,0.0,0.014,0.0,0.0,,1.03
1788458740.289,idle,6.361,2.22,22.0,1,1,2,6.375,2.225,-25.6,0.0,0.014,0.0,0.0,,1.03
1788458740.342,idle,6.361,2.22,22.0,1,1,2,6.375,2.225,-25.6,0.0,0.014,0.0,0.0,,1.03
1788458740.396,idle,6.361,2.22,22.0,1,1,2,6.375,2.225,-25.6,0.0,0.014,0.0,0.0,,1.03
1788458740.452,idle,6.361,2.22,22.0,1,1,2,6.375,2.225,-25.6,0.0,0.014,0.0,0.0,,1.03
1788458740.503,idle,6.361,2.22,22.0,1,1,2,6.375,2.225,-25.6,0.0,0.014,0.0,0.0,,1.03
1788458740.555,idle,6.361,2.22,22.0,1,1,2,6.375,2.225,-25.6,0.0,0.014,0.0,0.0,,1.03
1788458740.614,idle,6.361,2.22,22.0,1,1,2,6.375,2.225,-25.6,0.0,0.014,0.0,0.0,,1.03
1788458740.674,idle,6.361,2.22,22.0,1,1,2,6.375,2.225,-25.6,0.0,0.014,0.0,0.0,,1.03
1788458740.73,idle,6.361,2.22,22.0,1,1,2,6.375,2.225,-25.6,0.0,0.014,0.0,0.0,,1.03
1788458740.79,idle,6.361,2.22,22.0,1,1,2,6.375,2.225,-25.6,0.0,0.014,0.0,0.0,,1.03
1788458740.844,idle,6.361,2.22,22.0,1,1,2,6.375,2.225,-25.6,0.0,0.014,0.0,0.0,,1.03
1788458740.896,idle,6.361,2.22,22.0,1,1,2,6.375,2.225,-25.6,0.0,0.014,0.0,0.0,,1.03
1788458740.948,idle,6.361,2.22,22.0,1,1,2,6.375,2.225,-25.6,0.0,0.014,0.0,0.0,,1.03
1788458741.0,idle,6.361,2.22,22.0,1,1,2,6.375,2.225,-25.6,0.0,0.014,0.0,0.0,,1.03
1788458741.051,idle,6.361,2.22,22.0,1,1,2,6.375,2.225,-25.6,0.0,0.014,0.0,0.0,,1.03
1788458741.106,idle,6.361,2.22,22.0,1,1,2,6.375,2.225,-25.6,0.0,0.014,0.0,0.0,,1.03
1788458741.157,idle,6.361,2.22,22.0,1,1,2,6.375,2.225,-25.6,0.0,0.014,0.0,0.0,,1.03
1788458741.21,idle,6.361,2.22,22.0,1,1,2,6.375,2.225,-25.6,0.0,0.014,0.0,0.0,,1.03
1788458741.263,idle,6.361,2.22,22.0,1,1,2,6.375,2.225,-25.6,0.0,0.014,0.0,0.0,,1.03
1788458741.319,idle,6.361,2.22,22.0,1,1,2,6.375,2.225,-25.6,0.0,0.014,0.0,0.0,,1.03
1788458741.374,idle,6.361,2.22,22.0,1,1,2,6.375,2.225,-25.6,0.0,0.014,0.0,0.0,,1.03
1788458741.434,idle,6.361,2.22,22.0,1,1,2,6.375,2.225,-25.6,0.0,0.014,0.0,0.0,,1.03
1788458741.49,idle,6.361,2.22,22.0,1,1,2,6.375,2.225,-25.6,0.0,0.014,0.0,0.0,,1.03
1788458741.55,idle,6.361,2.22,22.0,1,1,2,6.375,2.225,-25.6,0.0,0.014,0.0,0.0,,1.03
1788458741.608,idle,6.361,2.22,22.0,1,1,2,6.375,2.225,-25.6,0.0,0.014,0.0,0.0,,1.03
1788458741.662,idle,6.361,2.22,22.0,1,1,2,6.375,2.225,-25.6,0.0,0.014,0.0,0.0,,1.03
1788458741.713,idle,6.361,2.22,22.0,1,1,2,6.375,2.225,-25.6,0.0,0.014,0.0,0.0,,1.03
1788458741.766,idle,6.361,2.22,22.0,1,1,2,6.375,2.225,-25.6,0.0,0.014,0.0,0.0,,1.03
1788458741.817,idle,6.361,2.22,22.0,1,1,2,6.375,2.225,-25.6,0.0,0.014,0.0,0.0,,1.03
1788458741.87,idle,6.361,2.22,22.0,1,1,2,6.375,2.225,-25.6,0.0,0.014,0.0,0.0,,1.03
1788458741.922,idle,6.361,2.22,22.0,1,1,2,6.375,2.225,-25.6,0.0,0.014,0.0,0.0,,1.03
1788458741.973,idle,6.361,2.22,22.0,1,1,2,6.375,2.225,-25.6,0.0,0.014,0.0,0.0,,1.03
1788458742.024,idle,6.361,2.22,22.0,1,1,2,6.375,2.225,-25.6,0.0,0.014,0.0,0.0,,1.03
1788458742.08,idle,6.361,2.22,22.0,1,1,2,6.375,2.225,-25.6,0.0,0.014,0.0,0.0,,1.03
1788458742.137,idle,6.361,2.22,22.0,1,1,2,6.375,2.225,-25.6,0.0,0.014,0.0,0.0,,1.03
1788458742.195,idle,6.361,2.22,22.0,1,1,2,6.375,2.225,-25.6,0.0,0.014,0.0,0.0,,1.03
1788458742.255,idle,6.361,2.22,22.0,1,1,2,6.375,2.225,-25.6,0.0,0.014,0.0,0.0,,1.03
1788458742.323,idle,6.361,2.22,22.0,1,1,2,6.375,2.225,-25.6,0.0,0.014,0.0,0.0,,1.03
1788458742.379,idle,6.361,2.22,22.0,1,1,2,6.375,2.225,-25.6,0.0,0.014,0.0,0.0,,1.03
1788458742.433,idle,6.361,2.22,22.0,1,1,2,6.375,2.225,-25.6,0.0,0.014,0.0,0.0,,1.03
1788458742.485,idle,6.361,2.22,22.0,1,1,2,6.375,2.225,-25.6,0.0,0.014,0.0,0.0,,1.03
1788458742.537,idle,6.361,2.22,22.0,1,1,2,6.375,2.225,-25.6,0.0,0.014,0.0,0.0,,1.03
1788458742.589,idle,6.361,2.22,22.0,1,1,2,6.375,2.225,-25.6,0.0,0.014,0.0,0.0,,1.03
1788458742.645,idle,6.361,2.22,22.0,1,1,2,6.375,2.225,-25.6,0.0,0.014,0.0,0.0,,1.03
1788458742.702,idle,6.361,2.22,22.0,1,1,2,6.375,2.225,-25.6,0.0,0.014,0.0,0.0,,1.03
1788458742.754,idle,6.361,2.22,22.0,1,1,2,6.375,2.225,-25.6,0.0,0.014,0.0,0.0,,1.03
1788458742.809,idle,6.361,2.22,22.0,1,1,2,6.375,2.225,-25.6,0.0,0.014,0.0,0.0,,1.03
1788458742.86,idle,6.361,2.22,22.0,1,1,2,6.375,2.225,-25.6,0.0,0.014,0.0,0.0,,1.03
1788458742.913,idle,6.361,2.22,22.0,1,1,2,6.375,2.225,-25.6,0.0,0.014,0.0,0.0,,1.03
1788458742.969,idle,6.361,2.22,22.0,1,1,2,6.375,2.225,-25.6,0.0,0.014,0.0,0.0,,1.03
1788458743.033,idle,6.361,2.22,22.0,1,1,2,6.375,2.225,-25.6,0.0,0.014,0.0,0.0,,1.03
1788458743.093,idle,6.361,2.22,22.0,1,1,2,6.375,2.225,-25.6,0.0,0.014,0.0,0.0,,1.03
1788458743.148,idle,6.361,2.22,22.0,1,1,2,6.375,2.225,-25.6,0.0,0.014,0.0,0.0,,1.03
1788458743.205,idle,6.361,2.22,22.0,1,1,2,6.375,2.225,-25.6,0.0,0.014,0.0,0.0,,1.03
1788458743.256,idle,6.361,2.22,22.0,1,1,2,6.375,2.225,-25.6,0.0,0.014,0.0,0.0,,1.03
1788458743.312,idle,6.361,2.22,22.0,1,1,2,6.375,2.225,-25.6,0.0,0.014,0.0,0.0,,1.03
1788458743.363,idle,6.361,2.22,22.0,1,1,2,6.375,2.225,-25.6,0.0,0.014,0.0,0.0,,1.03
1788458743.418,idle,6.361,2.22,22.0,1,1,2,6.375,2.225,-25.6,0.0,0.014,0.0,0.0,,1.03
1788458743.468,idle,6.361,2.22,22.0,1,1,2,6.375,2.225,-25.6,0.0,0.014,0.0,0.0,,1.03
1788458743.52,idle,6.361,2.22,22.0,1,1,2,6.375,2.225,-25.6,0.0,0.014,0.0,0.0,,1.03
1788458743.57,idle,6.361,2.22,22.0,1,1,2,6.375,2.225,-25.6,0.0,0.014,0.0,0.0,,1.03
1788458743.625,idle,6.361,2.22,22.0,1,1,2,6.375,2.225,-25.6,0.0,0.014,0.0,0.0,,1.03
1788458743.677,idle,6.361,2.22,22.0,1,1,2,6.375,2.225,-25.6,0.0,0.014,0.0,0.0,,1.03
1788458743.742,idle,6.361,2.22,22.0,1,1,2,6.375,2.225,-25.6,0.0,0.014,0.0,0.0,,1.03
1788458743.797,idle,6.361,2.22,22.0,1,1,2,6.375,2.225,-25.6,0.0,0.014,0.0,0.0,,1.03
1788458743.858,idle,6.361,2.22,22.0,1,1,2,6.375,2.225,-25.6,0.0,0.014,0.0,0.0,,1.03
1788458743.916,idle,6.361,2.22,22.0,1,1,2,6.375,2.225,-25.6,0.0,0.014,0.0,0.0,,1.03
1788458743.976,idle,6.361,2.22,22.0,1,1,2,6.375,2.225,-25.6,0.0,0.014,0.0,0.0,,1.03
1788458744.031,idle,6.361,2.22,22.0,1,1,2,6.375,2.225,-25.6,0.0,0.014,0.0,0.0,,1.03
1788458744.091,idle,6.361,2.22,22.0,1,1,2,6.375,2.225,-25.6,0.0,0.014,0.0,0.0,,1.03
1788458744.147,idle,6.361,2.22,22.0,1,1,2,6.375,2.225,-25.6,0.0,0.014,0.0,0.0,,1.03
1788458744.2,idle,6.361,2.22,22.0,1,1,2,6.375,2.225,-25.6,0.0,0.014,0.0,0.0,,1.03
1788458744.251,idle,6.361,2.22,22.0,1,1,2,6.375,2.225,-25.6,0.0,0.014,0.0,0.0,,1.03
1788458744.307,idle,6.361,2.22,22.0,1,1,2,6.375,2.225,-25.6,0.0,0.014,0.0,0.0,,1.03
1788458744.357,idle,6.361,2.22,22.0,1,1,2,6.375,2.225,-25.6,0.0,0.014,0.0,0.0,,1.03
1788458744.418,idle,6.361,2.22,22.0,1,1,2,6.375,2.225,-25.6,0.0,0.014,0.0,0.0,,1.03
1788458744.474,idle,6.361,2.22,22.0,1,1,2,6.375,2.225,-25.6,0.0,0.014,0.0,0.0,,1.03
1788458744.532,idle,6.361,2.22,22.0,1,1,2,6.375,2.225,-25.6,0.0,0.014,0.0,0.0,,1.03
1788458744.588,idle,6.361,2.22,22.0,1,1,2,6.375,2.225,-25.6,0.0,0.014,0.0,0.0,,1.03
1788458744.648,idle,6.361,2.22,22.0,1,1,2,6.375,2.225,-25.6,0.0,0.014,0.0,0.0,,1.03
1788458744.706,idle,6.361,2.22,22.0,1,1,2,6.375,2.225,-25.6,0.0,0.014,0.0,0.0,,1.03
1788458744.763,idle,6.361,2.22,22.0,1,1,2,6.375,2.225,-25.6,0.0,0.014,0.0,0.0,,1.03
1788458744.813,idle,6.361,2.22,22.0,1,1,2,6.375,2.225,-25.6,0.0,0.014,0.0,0.0,,1.03
1788458744.867,idle,6.361,2.22,22.0,1,1,2,6.375,2.225,-25.6,0.0,0.014,0.0,0.0,,1.03
1788458744.918,idle,6.361,2.22,22.0,1,1,2,6.375,2.225,-25.6,0.0,0.014,0.0,0.0,,1.03
1788458744.97,idle,6.361,2.22,22.0,1,1,2,6.375,2.225,-25.6,0.0,0.014,0.0,0.0,,1.03
1788458745.023,idle,6.361,2.22,22.0,1,1,2,6.375,2.225,-25.6,0.0,0.014,0.0,0.0,,1.03
1788458745.078,idle,6.361,2.22,22.0,1,1,2,6.375,2.225,-25.6,0.0,0.014,0.0,0.0,,1.03
1788458745.13,idle,6.361,2.22,22.0,1,1,2,6.375,2.225,-25.6,0.0,0.014,0.0,0.0,,1.03
1788458745.18,idle,6.361,2.22,22.0,1,1,2,6.375,2.225,-25.6,0.0,0.014,0.0,0.0,,1.03
1788458745.231,idle,6.361,2.22,22.0,1,1,2,6.375,2.225,-25.6,0.0,0.014,0.0,0.0,,1.03
1788458745.285,idle,6.361,2.22,22.0,1,1,2,6.375,2.225,-25.6,0.0,0.014,0.0,0.0,,1.03
1788458745.343,idle,6.361,2.22,22.0,1,1,2,6.375,2.225,-25.6,0.0,0.014,0.0,0.0,,1.03
1788458745.407,idle,6.361,2.22,22.0,1,1,2,6.375,2.225,-25.6,0.0,0.014,0.0,0.0,,1.03
1788458745.469,idle,6.361,2.22,22.0,1,1,2,6.375,2.225,-25.6,0.0,0.014,0.0,0.0,,1.03
1788458745.527,idle,6.361,2.22,22.0,1,1,2,6.375,2.225,-25.6,0.0,0.014,0.0,0.0,,1.03
1788458745.584,idle,6.361,2.22,22.0,1,1,2,6.375,2.225,-25.6,0.0,0.014,0.0,0.0,,1.03
1788458745.637,idle,6.361,2.22,22.0,1,1,2,6.375,2.225,-25.6,0.0,0.014,0.0,0.0,,1.03
1788458745.689,idle,6.361,2.22,22.0,1,1,2,6.375,2.225,-25.6,0.0,0.014,0.0,0.0,,1.03
1788458745.744,idle,6.361,2.22,22.0,1,1,2,6.375,2.225,-25.6,0.0,0.014,0.0,0.0,,1.03
1788458745.799,idle,6.361,2.22,22.0,1,1,2,6.375,2.225,-25.6,0.0,0.014,0.0,0.0,,1.03
1788458745.851,idle,6.361,2.22,22.0,1,1,2,6.375,2.225,-25.6,0.0,0.014,0.0,0.0,,1.03
1788458745.902,idle,6.361,2.22,22.0,1,1,2,6.375,2.225,-25.6,0.0,0.014,0.0,0.0,,1.03
1788458745.956,idle,6.361,2.22,22.0,1,1,2,6.375,2.225,-25.6,0.0,0.014,0.0,0.0,,1.03
1788458746.006,idle,6.361,2.22,22.0,1,1,2,6.375,2.225,-25.6,0.0,0.014,0.0,0.0,,1.03
1788458746.059,idle,6.361,2.22,22.0,1,1,2,6.375,2.225,-25.6,0.0,0.014,0.0,0.0,,1.03
1788458746.114,idle,6.361,2.22,22.0,1,1,2,6.375,2.225,-25.6,0.0,0.014,0.0,0.0,,1.03
1788458746.173,idle,6.361,2.22,22.0,1,1,2,6.375,2.225,-25.6,0.0,0.014,0.0,0.0,,1.03
1788458746.23,idle,6.361,2.22,22.0,1,1,2,6.375,2.225,-25.6,0.0,0.014,0.0,0.0,,1.03
1788458746.287,idle,6.361,2.22,22.0,1,1,2,6.375,2.225,-25.6,0.0,0.014,0.0,0.0,,1.03
1788458746.341,idle,6.361,2.22,22.0,1,1,2,6.375,2.225,-25.6,0.0,0.014,0.0,0.0,,1.03
1788458746.394,idle,6.361,2.22,22.0,1,1,2,6.375,2.225,-25.6,0.0,0.014,0.0,0.0,,1.03
1788458746.445,idle,6.361,2.22,22.0,1,1,2,6.375,2.225,-25.6,0.0,0.014,0.0,0.0,,1.03
1788458746.496,idle,6.361,2.22,22.0,1,1,2,6.375,2.225,-25.6,0.0,0.014,0.0,0.0,,1.03
1788458746.548,idle,6.361,2.22,22.0,1,1,2,6.375,2.225,-25.6,0.0,0.014,0.0,0.0,,1.03
1788458746.599,idle,6.361,2.22,22.0,1,1,2,6.375,2.225,-25.6,0.0,0.014,0.0,0.0,,1.03
1788458746.652,idle,6.361,2.22,22.0,1,1,2,6.375,2.225,-25.6,0.0,0.014,0.0,0.0,,1.03
1788458746.707,idle,6.361,2.22,22.0,1,1,2,6.375,2.225,-25.6,0.0,0.014,0.0,0.0,,1.03
1788458746.759,idle,6.361,2.22,22.0,1,1,2,6.375,2.225,-25.6,0.0,0.014,0.0,0.0,,1.03
1788458746.814,idle,6.361,2.22,22.0,1,1,2,6.375,2.225,-25.6,0.0,0.014,0.0,0.0,,1.03
1788458746.866,idle,6.361,2.22,22.0,1,1,2,6.375,2.225,-25.6,0.0,0.014,0.0,0.0,,1.03
1788458746.923,idle,6.361,2.22,22.0,1,1,2,6.375,2.225,-25.6,0.0,0.014,0.0,0.0,,1.03
1788458746.98,idle,6.361,2.22,22.0,1,1,2,6.375,2.225,-25.6,0.0,0.014,0.0,0.0,,1.03
1788458747.035,idle,6.361,2.22,22.0,1,1,2,6.375,2.225,-25.6,0.0,0.014,0.0,0.0,,1.03
1788458747.093,idle,6.361,2.22,22.0,1,1,2,6.375,2.225,-25.6,0.0,0.014,0.0,0.0,,1.03
1788458747.146,idle,6.361,2.22,22.0,1,1,2,6.375,2.225,-25.6,0.0,0.014,0.0,0.0,,1.03
1788458747.197,idle,6.361,2.22,22.0,1,1,2,6.375,2.225,-25.6,0.0,0.014,0.0,0.0,,1.03
1788458747.247,idle,6.361,2.22,22.0,1,1,2,6.375,2.225,-25.6,0.0,0.014,0.0,0.0,,1.03
1788458747.303,idle,6.361,2.22,22.0,1,1,2,6.375,2.225,-25.6,0.0,0.014,0.0,0.0,,1.03
1788458747.356,idle,6.361,2.22,22.0,1,1,2,6.375,2.225,-25.6,0.0,0.014,0.0,0.0,,1.03
1788458747.408,idle,6.361,2.22,22.0,1,1,2,6.375,2.225,-25.6,0.0,0.014,0.0,0.0,,1.03
1788458747.461,idle,6.361,2.22,22.0,1,1,2,6.375,2.225,-25.6,0.0,0.014,0.0,0.0,,1.03
1788458747.516,idle,6.361,2.22,22.0,1,1,2,6.375,2.225,-25.6,0.0,0.014,0.0,0.0,,1.03
1788458747.568,idle,6.361,2.22,22.0,1,1,2,6.375,2.225,-25.6,0.0,0.014,0.0,0.0,,1.03
1788458747.619,idle,6.361,2.22,22.0,1,1,2,6.375,2.225,-25.6,0.0,0.014,0.0,0.0,,1.03
1788458747.675,idle,6.361,2.22,22.0,1,1,2,6.375,2.225,-25.6,0.0,0.014,0.0,0.0,,1.03
1788458747.734,idle,6.361,2.22,22.0,1,1,2,6.375,2.225,-25.6,0.0,0.014,0.0,0.0,,1.03
1788458747.796,idle,6.361,2.22,22.0,1,1,2,6.375,2.225,-25.6,0.0,0.014,0.0,0.0,,1.03
1788458747.858,idle,6.361,2.22,22.0,1,1,2,6.375,2.225,-25.6,0.0,0.014,0.0,0.0,,1.03
1788458747.916,idle,6.361,2.22,22.0,1,1,2,6.375,2.225,-25.6,0.0,0.014,0.0,0.0,,1.03
1788458747.968,idle,6.361,2.22,22.0,1,1,2,6.375,2.225,-25.6,0.0,0.014,0.0,0.0,,1.03
1788458748.02,idle,6.361,2.22,22.0,1,1,2,6.375,2.225,-25.6,0.0,0.014,0.0,0.0,,1.03
1788458748.074,idle,6.361,2.22,22.0,1,1,2,6.375,2.225,-25.6,0.0,0.014,0.0,0.0,,1.03
1788458748.129,idle,6.361,2.22,22.0,1,1,2,6.375,2.225,-25.6,0.0,0.014,0.0,0.0,,1.03
1788458748.181,idle,6.361,2.22,22.0,1,1,2,6.375,2.225,-25.6,0.0,0.014,0.0,0.0,,1.03
1788458748.233,idle,6.361,2.22,22.0,1,1,2,6.375,2.225,-25.6,0.0,0.014,0.0,0.0,,1.03
1788458748.287,idle,6.361,2.22,22.0,1,1,2,6.375,2.225,-25.6,0.0,0.014,0.0,0.0,,1.03
1788458748.339,idle,6.361,2.22,22.0,1,1,2,6.375,2.225,-25.6,0.0,0.014,0.0,0.0,,1.03
1788458748.393,idle,6.361,2.22,22.0,1,1,2,6.375,2.225,-25.6,0.0,0.014,0.0,0.0,,1.03
1788458748.446,idle,6.361,2.22,22.0,1,1,2,6.375,2.225,-25.6,0.0,0.014,0.0,0.0,,1.03
1788458748.506,idle,6.361,2.22,22.0,1,1,2,6.375,2.225,-25.6,0.0,0.014,0.0,0.0,,1.03
1788458748.567,idle,6.361,2.22,22.0,1,1,2,6.375,2.225,-25.6,0.0,0.014,0.0,0.0,,1.03
1788458748.626,idle,6.361,2.22,22.0,1,1,2,6.375,2.225,-25.6,0.0,0.014,0.0,0.0,,1.03
1788458748.68,idle,6.361,2.22,22.0,1,1,2,6.375,2.225,-25.6,0.0,0.014,0.0,0.0,,1.03
1788458748.732,idle,6.361,2.22,22.0,1,1,2,6.375,2.225,-25.6,0.0,0.014,0.0,0.0,,1.03
1788458748.785,idle,6.361,2.22,22.0,1,1,2,6.375,2.225,-25.6,0.0,0.014,0.0,0.0,,1.03
1788458748.836,idle,6.361,2.22,22.0,1,1,2,6.375,2.225,-25.6,0.0,0.014,0.0,0.0,,1.03
1788458748.886,idle,6.361,2.22,22.0,1,1,2,6.375,2.225,-25.6,0.0,0.014,0.0,0.0,,1.03
1788458748.936,idle,6.361,2.22,22.0,1,1,2,6.375,2.225,-25.6,0.0,0.014,0.0,0.0,,1.03
1788458748.989,idle,6.361,2.22,22.0,1,1,2,6.375,2.225,-25.6,0.0,0.014,0.0,0.0,,1.03
1788458749.039,idle,6.361,2.22,22.0,1,1,2,6.375,2.225,-25.6,0.0,0.014,0.0,0.0,,1.03
1788458749.091,idle,6.361,2.22,22.0,1,1,2,6.375,2.225,-25.6,0.0,0.014,0.0,0.0,,1.03
1788458749.144,idle,6.361,2.22,22.0,1,1,2,6.375,2.225,-25.6,0.0,0.014,0.0,0.0,,1.03
1788458749.2,idle,6.361,2.22,22.0,1,1,2,6.375,2.225,-25.6,0.0,0.014,0.0,0.0,,1.03
1788458749.256,idle,6.361,2.22,22.0,1,1,2,6.375,2.225,-25.6,0.0,0.014,0.0,0.0,,1.03
1788458749.321,idle,6.361,2.22,22.0,1,1,2,6.375,2.225,-25.6,0.0,0.014,0.0,0.0,,1.03
1788458749.381,idle,6.361,2.22,22.0,1,1,2,6.375,2.225,-25.6,0.0,0.014,0.0,0.0,,1.03
1788458749.44,idle,6.361,2.22,22.0,1,1,2,6.375,2.225,-25.6,0.0,0.014,0.0,0.0,,1.03
1788458749.493,idle,6.361,2.22,22.0,1,1,2,6.375,2.225,-25.6,0.0,0.014,0.0,0.0,,1.03
1788458749.547,idle,6.361,2.22,22.0,1,1,2,6.375,2.225,-25.6,0.0,0.014,0.0,0.0,,1.03
1788458749.598,idle,6.361,2.22,22.0,1,1,2,6.375,2.225,-25.6,0.0,0.014,0.0,0.0,,1.03
1788458749.652,idle,6.361,2.22,22.0,1,1,2,6.375,2.225,-25.6,0.0,0.014,0.0,0.0,,1.03
1788458749.706,idle,6.361,2.22,22.0,1,1,2,6.375,2.225,-25.6,0.0,0.014,0.0,0.0,,1.03
1788458749.761,idle,6.361,2.22,22.0,1,1,2,6.375,2.225,-25.6,0.0,0.014,0.0,0.0,,1.03
1788458749.812,idle,6.361,2.22,22.0,1,1,2,6.375,2.225,-25.6,0.0,0.014,0.0,0.0,,1.03
1788458749.865,idle,6.361,2.22,22.0,1,1,2,6.375,2.225,-25.6,0.0,0.014,0.0,0.0,,1.03
1788458749.916,idle,6.361,2.22,22.0,1,1,2,6.375,2.225,-25.6,0.0,0.014,0.0,0.0,,1.03
1788458749.969,idle,6.361,2.22,22.0,1,1,2,6.375,2.225,-25.6,0.0,0.014,0.0,0.0,,1.03
1788458750.022,idle,6.361,2.22,22.0,1,1,2,6.375,2.225,-25.6,0.0,0.014,0.0,0.0,,1.03
1788458750.082,idle,6.361,2.22,22.0,1,1,2,6.375,2.225,-25.6,0.0,0.014,0.0,0.0,,1.03
1788458750.138,idle,6.361,2.22,22.0,1,1,2,6.375,2.225,-25.6,0.0,0.014,0.0,0.0,,1.03
1788458750.199,idle,6.361,2.22,22.0,1,1,2,6.375,2.225,-25.6,0.0,0.014,0.0,0.0,,1.03
1788458750.254,idle,6.361,2.22,22.0,1,1,2,6.375,2.225,-25.6,0.0,0.014,0.0,0.0,,1.03
1788458750.307,idle,6.361,2.22,22.0,1,1,2,6.375,2.225,-25.6,0.0,0.014,0.0,0.0,,1.03
1788458750.358,idle,6.361,2.22,22.0,1,1,2,6.375,2.225,-25.6,0.0,0.014,0.0,0.0,,1.03
1788458750.411,idle,6.361,2.22,22.0,1,1,2,6.375,2.225,-25.6,0.0,0.014,0.0,0.0,,1.03
1788458750.461,idle,6.361,2.22,22.0,1,1,2,6.375,2.225,-25.6,0.0,0.014,0.0,0.0,,1.03
1788458750.515,idle,6.361,2.22,22.0,1,1,2,6.375,2.225,-25.6,0.0,0.014,0.0,0.0,,1.03
1788458750.566,idle,6.361,2.22,22.0,1,1,2,6.375,2.225,-25.6,0.0,0.014,0.0,0.0,,1.03
1788458750.616,idle,6.361,2.22,22.0,1,1,2,6.375,2.225,-25.6,0.0,0.014,0.0,0.0,,1.03
1788458750.668,idle,6.361,2.22,22.0,1,1,2,6.375,2.225,-25.6,0.0,0.014,0.0,0.0,,1.03
1788458750.721,idle,6.361,2.22,22.0,1,1,2,6.375,2.225,-25.6,0.0,0.014,0.0,0.0,,1.03
1788458750.775,idle,6.361,2.22,22.0,1,1,2,6.375,2.225,-25.6,0.0,0.014,0.0,0.0,,1.03
1788458750.831,idle,6.361,2.22,22.0,1,1,2,6.375,2.225,-25.6,0.0,0.014,0.0,0.0,,1.03
1788458750.89,idle,6.361,2.22,22.0,1,1,2,6.375,2.225,-25.6,0.0,0.014,0.0,0.0,,1.03
1788458750.95,idle,6.361,2.22,22.0,1,1,2,6.375,2.225,-25.6,0.0,0.014,0.0,0.0,,1.03
1788458751.006,idle,6.361,2.22,22.0,1,1,2,6.375,2.225,-25.6,0.0,0.014,0.0,0.0,,1.03
1788458751.062,idle,6.361,2.22,22.0,1,1,2,6.375,2.225,-25.6,0.0,0.014,0.0,0.0,,1.03
1788458751.118,idle,6.361,2.22,22.0,1,1,2,6.375,2.225,-25.6,0.0,0.014,0.0,0.0,,1.03
1788458751.171,idle,6.361,2.22,22.0,1,1,2,6.375,2.225,-25.6,0.0,0.014,0.0,0.0,,1.03
1788458751.228,idle,6.361,2.22,22.0,1,1,2,6.375,2.225,-25.6,0.0,0.014,0.0,0.0,,1.03
1788458751.283,idle,6.361,2.22,22.0,1,1,2,6.375,2.225,-25.6,0.0,0.014,0.0,0.0,,1.03
1788458751.333,idle,6.361,2.22,22.0,1,1,2,6.375,2.225,-25.6,0.0,0.014,0.0,0.0,,1.03
1788458751.392,idle,6.361,2.22,22.0,1,1,2,6.375,2.225,-25.6,0.0,0.014,0.0,0.0,,1.03
1788458751.447,idle,6.361,2.22,22.0,1,1,2,6.375,2.225,-25.6,0.0,0.014,0.0,0.0,,1.03
1788458751.498,idle,6.361,2.22,22.0,1,1,2,6.375,2.225,-25.6,0.0,0.014,0.0,0.0,,1.03
1788458751.551,idle,6.361,2.22,22.0,1,1,2,6.375,2.225,-25.6,0.0,0.014,0.0,0.0,,1.03
1788458751.606,idle,6.361,2.22,22.0,1,1,2,6.375,2.225,-25.6,0.0,0.014,0.0,0.0,,1.03
1788458751.667,idle,6.361,2.22,22.0,1,1,2,6.375,2.225,-25.6,0.0,0.014,0.0,0.0,,1.03
1788458751.728,idle,6.361,2.22,22.0,1,1,2,6.375,2.225,-25.6,0.0,0.014,0.0,0.0,,1.03
1788458751.786,idle,6.361,2.22,22.0,1,1,2,6.375,2.225,-25.6,0.0,0.014,0.0,0.0,,1.03
1788458751.841,idle,6.361,2.22,22.0,1,1,2,6.375,2.225,-25.6,0.0,0.014,0.0,0.0,,1.03
1788458751.893,idle,6.361,2.22,22.0,1,1,2,6.375,2.225,-25.6,0.0,0.014,0.0,0.0,,1.03
1788458751.946,idle,6.361,2.22,22.0,1,1,2,6.375,2.225,-25.6,0.0,0.014,0.0,0.0,,1.03
1788458751.999,idle,6.361,2.22,22.0,1,1,2,6.375,2.225,-25.6,0.0,0.014,0.0,0.0,,1.03
1788458752.048,idle,6.361,2.22,22.0,1,1,2,6.375,2.225,-25.6,0.0,0.014,0.0,0.0,,1.03
1788458752.101,idle,6.361,2.22,22.0,1,1,2,6.375,2.225,-25.6,0.0,0.014,0.0,0.0,,1.03
1788458752.152,idle,6.361,2.22,22.0,1,1,2,6.375,2.225,-25.6,0.0,0.014,0.0,0.0,,1.03
1788458752.205,idle,6.361,2.22,22.0,1,1,2,6.375,2.225,-25.6,0.0,0.014,0.0,0.0,,1.03
1788458752.258,idle,6.361,2.22,22.0,1,1,2,6.375,2.225,-25.6,0.0,0.014,0.0,0.0,,1.03
1788458752.311,idle,6.361,2.22,22.0,1,1,2,6.375,2.225,-25.6,0.0,0.014,0.0,0.0,,1.03
1788458752.374,idle,6.361,2.22,22.0,1,1,2,6.375,2.225,-25.6,0.0,0.014,0.0,0.0,,1.03
1788458752.432,idle,6.361,2.22,22.0,1,1,2,6.375,2.225,-25.6,0.0,0.014,0.0,0.0,,1.03
1788458752.494,idle,6.361,2.22,22.0,1,1,2,6.375,2.225,-25.6,0.0,0.014,0.0,0.0,,1.03
1788458752.551,idle,6.361,2.22,22.0,1,1,2,6.375,2.225,-25.6,0.0,0.014,0.0,0.0,,1.03
1788458752.606,idle,6.361,2.22,22.0,1,1,2,6.375,2.225,-25.6,0.0,0.014,0.0,0.0,,1.03
1788458752.66,idle,6.361,2.22,22.0,1,1,2,6.375,2.225,-25.6,0.0,0.014,0.0,0.0,,1.03
1788458752.715,idle,6.361,2.22,22.0,1,1,2,6.375,2.225,-25.6,0.0,0.014,0.0,0.0,,1.03
1788458752.768,idle,6.361,2.22,22.0,1,1,2,6.375,2.225,-25.6,0.0,0.014,0.0,0.0,,1.03
1788458752.824,idle,6.361,2.22,22.0,1,1,2,6.375,2.225,-25.6,0.0,0.014,0.0,0.0,,1.03
1788458752.877,idle,6.361,2.22,22.0,1,1,2,6.375,2.225,-25.6,0.0,0.014,0.0,0.0,,1.03
1788458752.93,idle,6.361,2.22,22.0,1,1,2,6.375,2.225,-25.6,0.0,0.014,0.0,0.0,,1.03
1788458752.93,idle,6.361,2.22,22.0,1,1,2,6.375,2.225,-25.6,0.0,0.014,0.0,0.0,,1.03
1788458753.037,idle,6.361,2.22,22.0,1,1,2,6.375,2.225,-25.6,0.0,0.014,0.0,0.0,,1.03
1788458753.086,idle,6.361,2.22,22.0,1,1,2,6.375,2.225,-25.6,0.0,0.014,0.0,0.0,,1.03
1788458753.138,idle,6.361,2.22,22.0,1,1,2,6.375,2.225,-25.6,0.0,0.014,0.0,0.0,,1.03
1788458753.198,idle,6.361,2.22,22.0,1,1,2,6.375,2.225,-25.6,0.0,0.014,0.0,0.0,,1.03
1788458753.257,idle,6.361,2.22,22.0,1,1,2,6.375,2.225,-25.6,0.0,0.014,0.0,0.0,,1.03
1788458753.317,idle,6.361,2.22,22.0,1,1,2,6.375,2.225,-25.6,0.0,0.014,0.0,0.0,,1.03
1788458753.379,idle,6.361,2.22,22.0,1,1,2,6.375,2.225,-25.6,0.0,0.014,0.0,0.0,,1.03
1788458753.433,idle,6.361,2.22,22.0,1,1,2,6.375,2.225,-25.6,0.0,0.014,0.0,0.0,,1.03
1788458753.49,idle,6.361,2.22,22.0,1,1,2,6.375,2.225,-25.6,0.0,0.014,0.0,0.0,,1.03
1788458753.543,idle,6.361,2.22,22.0,1,1,2,6.375,2.225,-25.6,0.0,0.014,0.0,0.0,,1.03
1788458753.597,idle,6.361,2.22,22.0,1,1,2,6.375,2.225,-25.6,0.0,0.014,0.0,0.0,,1.03
1788458753.647,idle,6.361,2.22,22.0,1,1,2,6.375,2.225,-25.6,0.0,0.014,0.0,0.0,,1.03
1788458753.7,idle,6.361,2.22,22.0,1,1,2,6.375,2.225,-25.6,0.0,0.014,0.0,0.0,,1.03
1788458753.75,idle,6.361,2.22,22.0,1,1,2,6.375,2.225,-25.6,0.0,0.014,0.0,0.0,,1.03
1788458753.806,idle,6.361,2.22,22.0,1,1,2,6.375,2.225,-25.6,0.0,0.014,0.0,0.0,,1.03
1788458753.856,idle,6.361,2.22,22.0,1,1,2,6.375,2.225,-25.6,0.0,0.014,0.0,0.0,,1.03
1788458753.912,idle,6.361,2.22,22.0,1,1,2,6.375,2.225,-25.6,0.0,0.014,0.0,0.0,,1.03
1788458753.968,idle,6.361,2.22,22.0,1,1,2,6.375,2.225,-25.6,0.0,0.014,0.0,0.0,,1.03
1788458754.029,idle,6.361,2.22,22.0,1,1,2,6.375,2.225,-25.6,0.0,0.014,0.0,0.0,,1.03
1788458754.087,idle,6.361,2.22,22.0,1,1,2,6.375,2.225,-25.6,0.0,0.014,0.0,0.0,,1.03
1788458754.146,idle,6.361,2.22,22.0,1,1,2,6.375,2.225,-25.6,0.0,0.014,0.0,0.0,,1.03
1788458754.198,idle,6.361,2.22,22.0,1,1,2,6.375,2.225,-25.6,0.0,0.014,0.0,0.0,,1.03
1788458754.253,idle,6.361,2.22,22.0,1,1,2,6.375,2.225,-25.6,0.0,0.014,0.0,0.0,,1.03
1788458754.305,idle,6.361,2.22,22.0,1,1,2,6.375,2.225,-25.6,0.0,0.014,0.0,0.0,,1.03
1788458754.36,idle,6.361,2.22,22.0,1,1,2,6.375,2.225,-25.6,0.0,0.014,0.0,0.0,,1.03
1788458754.418,idle,6.361,2.22,22.0,1,1,2,6.375,2.225,-25.6,0.0,0.014,0.0,0.0,,1.03
1788458754.476,idle,6.361,2.22,22.0,1,1,2,6.375,2.225,-25.6,0.0,0.014,0.0,0.0,,1.03
1788458754.534,idle,6.361,2.22,22.0,1,1,2,6.375,2.225,-25.6,0.0,0.014,0.0,0.0,,1.03
1788458754.593,idle,6.361,2.22,22.0,1,1,2,6.375,2.225,-25.6,0.0,0.014,0.0,0.0,,1.03
1788458754.646,idle,6.361,2.22,22.0,1,1,2,6.375,2.225,-25.6,0.0,0.014,0.0,0.0,,1.03
1788458754.7,idle,6.361,2.22,22.0,1,1,2,6.375,2.225,-25.6,0.0,0.014,0.0,0.0,,1.03
1788458754.755,idle,6.361,2.22,22.0,1,1,2,6.375,2.225,-25.6,0.0,0.014,0.0,0.0,,1.03
1788458754.817,idle,6.361,2.22,22.0,1,1,2,6.375,2.225,-25.6,0.0,0.014,0.0,0.0,,1.03
1788458754.875,idle,6.361,2.22,22.0,1,1,2,6.375,2.225,-25.6,0.0,0.014,0.0,0.0,,1.03
1788458754.937,idle,6.361,2.22,22.0,1,1,2,6.375,2.225,-25.6,0.0,0.014,0.0,0.0,,1.03
1788458754.992,idle,6.361,2.22,22.0,1,1,2,6.375,2.225,-25.6,0.0,0.014,0.0,0.0,,1.03
1788458755.044,idle,6.361,2.22,22.0,1,1,2,6.375,2.225,-25.6,0.0,0.014,0.0,0.0,,1.03
1788458755.096,idle,6.361,2.22,22.0,1,1,2,6.375,2.225,-25.6,0.0,0.014,0.0,0.0,,1.03
1788458755.15,idle,6.361,2.22,22.0,1,1,2,6.375,2.225,-25.6,0.0,0.014,0.0,0.0,,1.03
1788458755.201,idle,6.361,2.22,22.0,1,1,2,6.375,2.225,-25.6,0.0,0.014,0.0,0.0,,1.03
1788458755.253,idle,6.361,2.22,22.0,1,1,2,6.375,2.225,-25.6,0.0,0.014,0.0,0.0,,1.03
1788458755.308,idle,6.361,2.22,22.0,1,1,2,6.375,2.225,-25.6,0.0,0.014,0.0,0.0,,1.03
1788458755.363,idle,6.361,2.22,22.0,1,1,2,6.375,2.225,-25.6,0.0,0.014,0.0,0.0,,1.03
1788458755.412,idle,6.361,2.22,22.0,1,1,2,6.375,2.225,-25.6,0.0,0.014,0.0,0.0,,1.03
1788458755.466,idle,6.361,2.22,22.0,1,1,2,6.375,2.225,-25.6,0.0,0.014,0.0,0.0,,1.03
1788458755.524,idle,6.361,2.22,22.0,1,1,2,6.375,2.225,-25.6,0.0,0.014,0.0,0.0,,1.03
1788458755.584,idle,6.361,2.22,22.0,1,1,2,6.375,2.225,-25.6,0.0,0.014,0.0,0.0,,1.03
1788458755.65,idle,6.361,2.22,22.0,1,1,2,6.375,2.225,-25.6,0.0,0.014,0.0,0.0,,1.03
1788458755.708,idle,6.361,2.22,22.0,1,1,2,6.375,2.225,-25.6,0.0,0.014,0.0,0.0,,1.03
1788458755.764,idle,6.361,2.22,22.0,1,1,2,6.375,2.225,-25.6,0.0,0.014,0.0,0.0,,1.03
1788458755.817,idle,6.361,2.22,22.0,1,1,2,6.375,2.225,-25.6,0.0,0.014,0.0,0.0,,1.03
1788458755.866,idle,6.361,2.22,22.0,1,1,2,6.375,2.225,-25.6,0.0,0.014,0.0,0.0,,1.03
1788458755.921,idle,6.361,2.22,22.0,1,1,2,6.375,2.225,-25.6,0.0,0.014,0.0,0.0,,1.03
1788458755.97,idle,6.361,2.22,22.0,1,1,2,6.375,2.225,-25.6,0.0,0.014,0.0,0.0,,1.03
1788458756.024,idle,6.361,2.22,22.0,1,1,2,6.375,2.225,-25.6,0.0,0.014,0.0,0.0,,1.03
1788458756.075,idle,6.361,2.22,22.0,1,1,2,6.375,2.225,-25.6,0.0,0.014,0.0,0.0,,1.03
1788458756.127,idle,6.361,2.22,22.0,1,1,2,6.375,2.225,-25.6,0.0,0.014,0.0,0.0,,1.03
1788458756.177,idle,6.361,2.22,22.0,1,1,2,6.375,2.225,-25.6,0.0,0.014,0.0,0.0,,1.03
1788458756.233,idle,6.361,2.22,22.0,1,1,2,6.375,2.225,-25.6,0.0,0.014,0.0,0.0,,1.03
1788458756.29,idle,6.361,2.22,22.0,1,1,2,6.375,2.225,-25.6,0.0,0.014,0.0,0.0,,1.03
1788458756.351,idle,6.361,2.22,22.0,1,1,2,6.375,2.225,-25.6,0.0,0.014,0.0,0.0,,1.03
1788458756.413,idle,6.361,2.22,22.0,1,1,2,6.375,2.225,-25.6,0.0,0.014,0.0,0.0,,1.03
1788458756.475,idle,6.361,2.22,22.0,1,1,2,6.375,2.225,-25.6,0.0,0.014,0.0,0.0,,1.03
1788458756.53,idle,6.361,2.22,22.0,1,1,2,6.375,2.225,-25.6,0.0,0.014,0.0,0.0,,1.03
1788458756.585,idle,6.361,2.22,22.0,1,1,2,6.375,2.225,-25.6,0.0,0.014,0.0,0.0,,1.03
1788458756.638,idle,6.361,2.22,22.0,1,1,2,6.375,2.225,-25.6,0.0,0.014,0.0,0.0,,1.03
1788458756.694,idle,6.361,2.22,22.0,1,1,2,6.375,2.225,-25.6,0.0,0.014,0.0,0.0,,1.03
1788458756.746,idle,6.361,2.22,22.0,1,1,2,6.375,2.225,-25.6,0.0,0.014,0.0,0.0,,1.03
1788458756.799,idle,6.361,2.22,22.0,1,1,2,6.375,2.225,-25.6,0.0,0.014,0.0,0.0,,1.03
1788458756.853,idle,6.361,2.22,22.0,1,1,2,6.375,2.225,-25.6,0.0,0.014,0.0,0.0,,1.03
1788458756.904,idle,6.361,2.22,22.0,1,1,2,6.375,2.225,-25.6,0.0,0.014,0.0,0.0,,1.03
1788458756.954,idle,6.361,2.22,22.0,1,1,2,6.375,2.225,-25.6,0.0,0.014,0.0,0.0,,1.03
1788458757.006,idle,6.361,2.22,22.0,1,1,2,6.375,2.225,-25.6,0.0,0.014,0.0,0.0,,1.03
1788458757.06,idle,6.361,2.22,22.0,1,1,2,6.375,2.225,-25.6,0.0,0.014,0.0,0.0,,1.03
1788458757.12,idle,6.361,2.22,22.0,1,1,2,6.375,2.225,-25.6,0.0,0.014,0.0,0.0,,1.03
1788458757.181,idle,6.361,2.22,22.0,1,1,2,6.375,2.225,-25.6,0.0,0.014,0.0,0.0,,1.03
1788458757.242,idle,6.361,2.22,22.0,1,1,2,6.375,2.225,-25.6,0.0,0.014,0.0,0.0,,1.03
1788458757.3,idle,6.361,2.22,22.0,1,1,2,6.375,2.225,-25.6,0.0,0.014,0.0,0.0,,1.03
1788458757.353,idle,6.361,2.22,22.0,1,1,2,6.375,2.225,-25.6,0.0,0.014,0.0,0.0,,1.03
1788458757.404,idle,6.361,2.22,22.0,1,1,2,6.375,2.225,-25.6,0.0,0.014,0.0,0.0,,1.03
1788458757.457,idle,6.361,2.22,22.0,1,1,2,6.375,2.225,-25.6,0.0,0.014,0.0,0.0,,1.03
1788458757.511,idle,6.361,2.22,22.0,1,1,2,6.375,2.225,-25.6,0.0,0.014,0.0,0.0,,1.03
1788458757.564,idle,6.361,2.22,22.0,1,1,2,6.375,2.225,-25.6,0.0,0.014,0.0,0.0,,1.03
1788458757.617,idle,6.361,2.22,22.0,1,1,2,6.375,2.225,-25.6,0.0,0.014,0.0,0.0,,1.03
1788458757.671,idle,6.361,2.22,22.0,1,1,2,6.375,2.225,-25.6,0.0,0.014,0.0,0.0,,1.03
1788458757.724,idle,6.361,2.22,22.0,1,1,2,6.375,2.225,-25.6,0.0,0.014,0.0,0.0,,1.03
1788458757.779,idle,6.361,2.22,22.0,1,1,2,6.375,2.225,-25.6,0.0,0.014,0.0,0.0,,1.03
1788458757.831,idle,6.361,2.22,22.0,1,1,2,6.375,2.225,-25.6,0.0,0.014,0.0,0.0,,1.03
1788458757.886,idle,6.361,2.22,22.0,1,1,2,6.375,2.225,-25.6,0.0,0.014,0.0,0.0,,1.03
1788458757.945,idle,6.361,2.22,22.0,1,1,2,6.375,2.225,-25.6,0.0,0.014,0.0,0.0,,1.03
1788458758.006,idle,6.361,2.22,22.0,1,1,2,6.375,2.225,-25.6,0.0,0.014,0.0,0.0,,1.03
1788458758.059,idle,6.361,2.22,22.0,1,1,2,6.375,2.225,-25.6,0.0,0.014,0.0,0.0,,1.03
1788458758.113,idle,6.361,2.22,22.0,1,1,2,6.375,2.225,-25.6,0.0,0.014,0.0,0.0,,1.03
1788458758.164,idle,6.361,2.22,22.0,1,1,2,6.375,2.225,-25.6,0.0,0.014,0.0,0.0,,1.03
1788458758.214,idle,6.361,2.22,22.0,1,1,2,6.375,2.225,-25.6,0.0,0.014,0.0,0.0,,1.03
1788458758.266,idle,6.361,2.22,22.0,1,1,2,6.375,2.225,-25.6,0.0,0.014,0.0,0.0,,1.03
1788458758.319,idle,6.361,2.22,22.0,1,1,2,6.375,2.225,-25.6,0.0,0.014,0.0,0.0,,1.03
1788458758.371,idle,6.361,2.22,22.0,1,1,2,6.375,2.225,-25.6,0.0,0.014,0.0,0.0,,1.03
1788458758.422,idle,6.361,2.22,22.0,1,1,2,6.375,2.225,-25.6,0.0,0.014,0.0,0.0,,1.03
1788458758.474,idle,6.361,2.22,22.0,1,1,2,6.375,2.225,-25.6,0.0,0.014,0.0,0.0,,1.03
1788458758.528,idle,6.361,2.22,22.0,1,1,2,6.375,2.225,-25.6,0.0,0.014,0.0,0.0,,1.03
1788458758.581,idle,6.361,2.22,22.0,1,1,2,6.375,2.225,-25.6,0.0,0.014,0.0,0.0,,1.03
1788458758.635,idle,6.361,2.22,22.0,1,1,2,6.375,2.225,-25.6,0.0,0.014,0.0,0.0,,1.03
1788458758.693,idle,6.361,2.22,22.0,1,1,2,6.375,2.225,-25.6,0.0,0.014,0.0,0.0,,1.03
1788458758.75,idle,6.361,2.22,22.0,1,1,2,6.375,2.225,-25.6,0.0,0.014,0.0,0.0,,1.03
1788458758.812,idle,6.361,2.22,22.0,1,1,2,6.375,2.225,-25.6,0.0,0.014,0.0,0.0,,1.03
1788458758.812,idle,6.361,2.22,22.0,1,1,2,6.375,2.225,-25.6,0.0,0.014,0.0,0.0,,1.03
1788458758.921,idle,6.361,2.22,22.0,1,1,2,6.375,2.225,-25.6,0.0,0.014,0.0,0.0,,1.03
1788458758.974,idle,6.361,2.22,22.0,1,1,2,6.375,2.225,-25.6,0.0,0.014,0.0,0.0,,1.03
1788458759.027,idle,6.361,2.22,22.0,1,1,2,6.375,2.225,-25.6,0.0,0.014,0.0,0.0,,1.03
1788458759.078,idle,6.361,2.22,22.0,1,1,2,6.375,2.225,-25.6,0.0,0.014,0.0,0.0,,1.03
1788458759.131,idle,6.361,2.22,22.0,1,1,2,6.375,2.225,-25.6,0.0,0.014,0.0,0.0,,1.03
1788458759.185,idle,6.361,2.22,22.0,1,1,2,6.375,2.225,-25.6,0.0,0.014,0.0,0.0,,1.03
1788458759.237,idle,6.361,2.22,22.0,1,1,2,6.375,2.225,-25.6,0.0,0.014,0.0,0.0,,1.03
1788458759.292,idle,6.361,2.22,22.0,1,1,2,6.375,2.225,-25.6,0.0,0.014,0.0,0.0,,1.03
1788458759.342,idle,6.361,2.22,22.0,1,1,2,6.375,2.225,-25.6,0.0,0.014,0.0,0.0,,1.03
1788458759.397,idle,6.361,2.22,22.0,1,1,2,6.375,2.225,-25.6,0.0,0.014,0.0,0.0,,1.03
1788458759.455,idle,6.361,2.22,22.0,1,1,2,6.375,2.225,-25.6,0.0,0.014,0.0,0.0,,1.03
1788458759.519,idle,6.361,2.22,22.0,1,1,2,6.375,2.225,-25.6,0.0,0.014,0.0,0.0,,1.03
1788458759.575,idle,6.361,2.22,22.0,1,1,2,6.375,2.225,-25.6,0.0,0.014,0.0,0.0,,1.03
1788458759.633,idle,6.361,2.22,22.0,1,1,2,6.375,2.225,-25.6,0.0,0.014,0.0,0.0,,1.03
1788458759.689,idle,6.361,2.22,22.0,1,1,2,6.375,2.225,-25.6,0.0,0.014,0.0,0.0,,1.03
1788458759.742,idle,6.361,2.22,22.0,1,1,2,6.375,2.225,-25.6,0.0,0.014,0.0,0.0,,1.03
1788458759.795,idle,6.361,2.22,22.0,1,1,2,6.375,2.225,-25.6,0.0,0.014,0.0,0.0,,1.03
1788458759.846,idle,6.361,2.22,22.0,1,1,2,6.375,2.225,-25.6,0.0,0.014,0.0,0.0,,1.03
1788458759.899,idle,6.361,2.22,22.0,1,1,2,6.375,2.225,-25.6,0.0,0.014,0.0,0.0,,1.03
1788458759.953,idle,6.361,2.22,22.0,1,1,2,6.375,2.225,-25.6,0.0,0.014,0.0,0.0,,1.03
1788458760.005,idle,6.361,2.22,22.0,1,1,2,6.375,2.225,-25.6,0.0,0.014,0.0,0.0,,1.03
1788458760.059,idle,6.361,2.22,22.0,1,1,2,6.375,2.225,-25.6,0.0,0.014,0.0,0.0,,1.03
1788458760.111,idle,6.361,2.22,22.0,1,1,2,6.375,2.225,-25.6,0.0,0.014,0.0,0.0,,1.03
1788458760.163,idle,6.361,2.22,22.0,1,1,2,6.375,2.225,-25.6,0.0,0.014,0.0,0.0,,1.03
1788458760.22,idle,6.361,2.22,22.0,1,1,2,6.375,2.225,-25.6,0.0,0.014,0.0,0.0,,1.03
1788458760.28,idle,6.361,2.22,22.0,1,1,2,6.375,2.225,-25.6,0.0,0.014,0.0,0.0,,1.03
1788458760.343,idle,6.361,2.22,22.0,1,1,2,6.375,2.225,-25.6,0.0,0.014,0.0,0.0,,1.03
1788458760.403,idle,6.361,2.22,22.0,1,1,2,6.375,2.225,-25.6,0.0,0.014,0.0,0.0,,1.03
1788458760.461,idle,6.361,2.22,22.0,1,1,2,6.375,2.225,-25.6,0.0,0.014,0.0,0.0,,1.03
1788458760.517,idle,6.361,2.22,22.0,1,1,2,6.375,2.225,-25.6,0.0,0.014,0.0,0.0,,1.03
1788458760.57,idle,6.361,2.22,22.0,1,1,2,6.375,2.225,-25.6,0.0,0.014,0.0,0.0,,1.03
1788458760.622,idle,6.361,2.22,22.0,1,1,2,6.375,2.225,-25.6,0.0,0.014,0.0,0.0,,1.03
1788458760.675,idle,6.361,2.22,22.0,1,1,2,6.375,2.225,-25.6,0.0,0.014,0.0,0.0,,1.03
1788458760.731,idle,6.361,2.22,22.0,1,1,2,6.375,2.225,-25.6,0.0,0.014,0.0,0.0,,1.03
1788458760.785,idle,6.361,2.22,22.0,1,1,2,6.375,2.225,-25.6,0.0,0.014,0.0,0.0,,1.03
1788458760.839,idle,6.361,2.22,22.0,1,1,2,6.375,2.225,-25.6,0.0,0.014,0.0,0.0,,1.03
1788458760.891,idle,6.361,2.22,22.0,1,1,2,6.375,2.225,-25.6,0.0,0.014,0.0,0.0,,1.03
1788458760.944,idle,6.361,2.22,22.0,1,1,2,6.375,2.225,-25.6,0.0,0.014,0.0,0.0,,1.03
1788458760.999,idle,6.361,2.22,22.0,1,1,2,6.375,2.225,-25.6,0.0,0.014,0.0,0.0,,1.03
1788458761.057,idle,6.361,2.22,22.0,1,1,2,6.375,2.225,-25.6,0.0,0.014,0.0,0.0,,1.03
1788458761.115,idle,6.361,2.22,22.0,1,1,2,6.375,2.225,-25.6,0.0,0.014,0.0,0.0,,1.03
1788458761.173,idle,6.361,2.22,22.0,1,1,2,6.375,2.225,-25.6,0.0,0.014,0.0,0.0,,1.03
1788458761.231,idle,6.361,2.22,22.0,1,1,2,6.375,2.225,-25.6,0.0,0.014,0.0,0.0,,1.03
1788458761.286,idle,6.361,2.22,22.0,1,1,2,6.375,2.225,-25.6,0.0,0.014,0.0,0.0,,1.03
1788458761.339,idle,6.361,2.22,22.0,1,1,2,6.375,2.225,-25.6,0.0,0.014,0.0,0.0,,1.03
1788458761.393,idle,6.361,2.22,22.0,1,1,2,6.375,2.225,-25.6,0.0,0.014,0.0,0.0,,1.03
1788458761.443,idle,6.361,2.22,22.0,1,1,2,6.375,2.225,-25.6,0.0,0.014,0.0,0.0,,1.03
1788458761.496,idle,6.361,2.22,22.0,1,1,2,6.375,2.225,-25.6,0.0,0.014,0.0,0.0,,1.03
1788458761.546,idle,6.361,2.22,22.0,1,1,2,6.375,2.225,-25.6,0.0,0.014,0.0,0.0,,1.03
1788458761.598,idle,6.361,2.22,22.0,1,1,2,6.375,2.225,-25.6,0.0,0.014,0.0,0.0,,1.03
1788458761.651,idle,6.361,2.22,22.0,1,1,2,6.375,2.225,-25.6,0.0,0.014,0.0,0.0,,1.03
1788458761.706,idle,6.361,2.22,22.0,1,1,2,6.375,2.225,-25.6,0.0,0.014,0.0,0.0,,1.03
1788458761.756,idle,6.361,2.22,22.0,1,1,2,6.375,2.225,-25.6,0.0,0.014,0.0,0.0,,1.03
1788458761.817,idle,6.361,2.22,22.0,1,1,2,6.375,2.225,-25.6,0.0,0.014,0.0,0.0,,1.03
1788458761.873,idle,6.361,2.22,22.0,1,1,2,6.375,2.225,-25.6,0.0,0.014,0.0,0.0,,1.03
1788458761.933,idle,6.361,2.22,22.0,1,1,2,6.375,2.225,-25.6,0.0,0.014,0.0,0.0,,1.03
1788458761.987,idle,6.361,2.22,22.0,1,1,2,6.375,2.225,-25.6,0.0,0.014,0.0,0.0,,1.03
1788458762.044,idle,6.361,2.22,22.0,1,1,2,6.375,2.225,-25.6,0.0,0.014,0.0,0.0,,1.03
1788458762.096,idle,6.361,2.22,22.0,1,1,2,6.375,2.225,-25.6,0.0,0.014,0.0,0.0,,1.03
1788458762.148,idle,6.361,2.22,22.0,1,1,2,6.375,2.225,-25.6,0.0,0.014,0.0,0.0,,1.03
1788458762.2,idle,6.361,2.22,22.0,1,1,2,6.375,2.225,-25.6,0.0,0.014,0.0,0.0,,1.03
1788458762.253,idle,6.361,2.22,22.0,1,1,2,6.375,2.225,-25.6,0.0,0.014,0.0,0.0,,1.03
1788458762.306,idle,6.361,2.22,22.0,1,1,2,6.375,2.225,-25.6,0.0,0.014,0.0,0.0,,1.03
1788458762.359,idle,6.361,2.22,22.0,1,1,2,6.375,2.225,-25.6,0.0,0.014,0.0,0.0,,1.03
1788458762.411,idle,6.361,2.22,22.0,1,1,2,6.375,2.225,-25.6,0.0,0.014,0.0,0.0,,1.03
1788458762.463,idle,6.361,2.22,22.0,1,1,2,6.375,2.225,-25.6,0.0,0.014,0.0,0.0,,1.03
1788458762.514,idle,6.361,2.22,22.0,1,1,2,6.375,2.225,-25.6,0.0,0.014,0.0,0.0,,1.03
1788458762.568,idle,6.361,2.22,22.0,1,1,2,6.375,2.225,-25.6,0.0,0.014,0.0,0.0,,1.03
1788458762.625,idle,6.361,2.22,22.0,1,1,2,6.375,2.225,-25.6,0.0,0.014,0.0,0.0,,1.03
1788458762.684,idle,6.361,2.22,22.0,1,1,2,6.375,2.225,-25.6,0.0,0.014,0.0,0.0,,1.03
1788458762.74,idle,6.361,2.22,22.0,1,1,2,6.375,2.225,-25.6,0.0,0.014,0.0,0.0,,1.03
1788458762.797,idle,6.361,2.22,22.0,1,1,2,6.375,2.225,-25.6,0.0,0.014,0.0,0.0,,1.03
1788458762.851,idle,6.361,2.22,22.0,1,1,2,6.375,2.225,-25.6,0.0,0.014,0.0,0.0,,1.03
1788458762.903,idle,6.361,2.22,22.0,1,1,2,6.375,2.225,-25.6,0.0,0.014,0.0,0.0,,1.03
1788458762.957,idle,6.361,2.22,22.0,1,1,2,6.375,2.225,-25.6,0.0,0.014,0.0,0.0,,1.03
1788458763.012,idle,6.361,2.22,22.0,1,1,2,6.375,2.225,-25.6,0.0,0.014,0.0,0.0,,1.03
1788458763.064,idle,6.361,2.22,22.0,1,1,2,6.375,2.225,-25.6,0.0,0.014,0.0,0.0,,1.03
1788458763.119,idle,6.361,2.22,22.0,1,1,2,6.375,2.225,-25.6,0.0,0.014,0.0,0.0,,1.03
1788458763.172,idle,6.361,2.22,22.0,1,1,2,6.375,2.225,-25.6,0.0,0.014,0.0,0.0,,1.03
1788458763.225,idle,6.361,2.22,22.0,1,1,2,6.375,2.225,-25.6,0.0,0.014,0.0,0.0,,1.03
1788458763.278,idle,6.361,2.22,22.0,1,1,2,6.375,2.225,-25.6,0.0,0.014,0.0,0.0,,1.03
1788458763.335,idle,6.361,2.22,22.0,1,1,2,6.375,2.225,-25.6,0.0,0.014,0.0,0.0,,1.03
1788458763.395,idle,6.361,2.22,22.0,1,1,2,6.375,2.225,-25.6,0.0,0.014,0.0,0.0,,1.03
1788458763.455,idle,6.361,2.22,22.0,1,1,2,6.375,2.225,-25.6,0.0,0.014,0.0,0.0,,1.03
1788458763.514,idle,6.361,2.22,22.0,1,1,2,6.375,2.225,-25.6,0.0,0.014,0.0,0.0,,1.03
1788458763.57,idle,6.361,2.22,22.0,1,1,2,6.375,2.225,-25.6,0.0,0.014,0.0,0.0,,1.03
1788458763.624,idle,6.361,2.22,22.0,1,1,2,6.375,2.225,-25.6,0.0,0.014,0.0,0.0,,1.03
1788458763.678,idle,6.361,2.22,22.0,1,1,2,6.375,2.225,-25.6,0.0,0.014,0.0,0.0,,1.03
1788458763.728,idle,6.361,2.22,22.0,1,1,2,6.375,2.225,-25.6,0.0,0.014,0.0,0.0,,1.03
1788458763.778,idle,6.361,2.22,22.0,1,1,2,6.375,2.225,-25.6,0.0,0.014,0.0,0.0,,1.03
1788458763.829,idle,6.361,2.22,22.0,1,1,2,6.375,2.225,-25.6,0.0,0.014,0.0,0.0,,1.03
1788458763.881,idle,6.361,2.22,22.0,1,1,2,6.375,2.225,-25.6,0.0,0.014,0.0,0.0,,1.03
1788458763.93,idle,6.361,2.22,22.0,1,1,2,6.375,2.225,-25.6,0.0,0.014,0.0,0.0,,1.03
1788458763.987,idle,6.361,2.22,22.0,1,1,2,6.375,2.225,-25.6,0.0,0.014,0.0,0.0,,1.03
1788458764.037,idle,6.361,2.22,22.0,1,1,2,6.375,2.225,-25.6,0.0,0.014,0.0,0.0,,1.03
1788458764.088,idle,6.361,2.22,22.0,1,1,2,6.375,2.225,-25.6,0.0,0.014,0.0,0.0,,1.03
1788458764.144,idle,6.361,2.22,22.0,1,1,2,6.375,2.225,-25.6,0.0,0.014,0.0,0.0,,1.03
1788458764.206,idle,6.361,2.22,22.0,1,1,2,6.375,2.225,-25.6,0.0,0.014,0.0,0.0,,1.03
1788458764.263,idle,6.361,2.22,22.0,1,1,2,6.375,2.225,-25.6,0.0,0.014,0.0,0.0,,1.03
1788458764.325,idle,6.361,2.22,22.0,1,1,2,6.375,2.225,-25.6,0.0,0.014,0.0,0.0,,1.03
1788458764.382,idle,6.361,2.22,22.0,1,1,2,6.375,2.225,-25.6,0.0,0.014,0.0,0.0,,1.03
1788458764.435,idle,6.361,2.22,22.0,1,1,2,6.375,2.225,-25.6,0.0,0.014,0.0,0.0,,1.03
1788458764.488,idle,6.361,2.22,22.0,1,1,2,6.375,2.225,-25.6,0.0,0.014,0.0,0.0,,1.03
1788458764.539,idle,6.361,2.22,22.0,1,1,2,6.375,2.225,-25.6,0.0,0.014,0.0,0.0,,1.03
1788458764.593,idle,6.361,2.22,22.0,1,1,2,6.375,2.225,-25.6,0.0,0.014,0.0,0.0,,1.03
1788458764.646,idle,6.361,2.22,22.0,1,1,2,6.375,2.225,-25.6,0.0,0.014,0.0,0.0,,1.03
1788458764.699,idle,6.361,2.22,22.0,1,1,2,6.375,2.225,-25.6,0.0,0.014,0.0,0.0,,1.03
1788458764.752,idle,6.361,2.22,22.0,1,1,2,6.375,2.225,-25.6,0.0,0.014,0.0,0.0,,1.03
1788458764.804,idle,6.361,2.22,22.0,1,1,2,6.375,2.225,-25.6,0.0,0.014,0.0,0.0,,1.03
1788458764.859,idle,6.361,2.22,22.0,1,1,2,6.375,2.225,-25.6,0.0,0.014,0.0,0.0,,1.03
1788458764.914,idle,6.361,2.22,22.0,1,1,2,6.375,2.225,-25.6,0.0,0.014,0.0,0.0,,1.03
1788458764.973,idle,6.361,2.22,22.0,1,1,2,6.375,2.225,-25.6,0.0,0.014,0.0,0.0,,1.03
1788458765.029,idle,6.361,2.22,22.0,1,1,2,6.375,2.225,-25.6,0.0,0.014,0.0,0.0,,1.03
1788458765.087,idle,6.361,2.22,22.0,1,1,2,6.375,2.225,-25.6,0.0,0.014,0.0,0.0,,1.03
1788458765.138,idle,6.361,2.22,22.0,1,1,2,6.375,2.225,-25.6,0.0,0.014,0.0,0.0,,1.03
1788458765.193,idle,6.361,2.22,22.0,1,1,2,6.375,2.225,-25.6,0.0,0.014,0.0,0.0,,1.03
1788458765.243,idle,6.361,2.22,22.0,1,1,2,6.375,2.225,-25.6,0.0,0.014,0.0,0.0,,1.03
1788458765.298,idle,6.361,2.22,22.0,1,1,2,6.375,2.225,-25.6,0.0,0.014,0.0,0.0,,1.03
1788458765.351,idle,6.361,2.22,22.0,1,1,2,6.375,2.225,-25.6,0.0,0.014,0.0,0.0,,1.03
1788458765.406,idle,6.361,2.22,22.0,1,1,2,6.375,2.225,-25.6,0.0,0.014,0.0,0.0,,1.03
1788458765.457,idle,6.361,2.22,22.0,1,1,2,6.375,2.225,-25.6,0.0,0.014,0.0,0.0,,1.03
1788458765.511,idle,6.361,2.22,22.0,1,1,2,6.375,2.225,-25.6,0.0,0.014,0.0,0.0,,1.03
1788458765.563,idle,6.361,2.22,22.0,1,1,2,6.375,2.225,-25.6,0.0,0.014,0.0,0.0,,1.03
1788458765.615,idle,6.361,2.22,22.0,1,1,2,6.375,2.225,-25.6,0.0,0.014,0.0,0.0,,1.03
1788458765.668,idle,6.361,2.22,22.0,1,1,2,6.375,2.225,-25.6,0.0,0.014,0.0,0.0,,1.03
1788458765.729,idle,6.361,2.22,22.0,1,1,2,6.375,2.225,-25.6,0.0,0.014,0.0,0.0,,1.03
1788458765.786,idle,6.361,2.22,22.0,1,1,2,6.375,2.225,-25.6,0.0,0.014,0.0,0.0,,1.03
1788458765.843,idle,6.361,2.22,22.0,1,1,2,6.375,2.225,-25.6,0.0,0.014,0.0,0.0,,1.03
1788458765.909,idle,6.361,2.22,22.0,1,1,2,6.375,2.225,-25.6,0.0,0.014,0.0,0.0,,1.03
1788458765.909,idle,6.361,2.22,22.0,1,1,2,6.375,2.225,-25.6,0.0,0.014,0.0,0.0,,1.03
1788458766.015,idle,6.361,2.22,22.0,1,1,2,6.375,2.225,-25.6,0.0,0.014,0.0,0.0,,1.03
1788458766.069,idle,6.361,2.22,22.0,1,1,2,6.375,2.225,-25.6,0.0,0.014,0.0,0.0,,1.03
1788458766.123,idle,6.361,2.22,22.0,1,1,2,6.375,2.225,-25.6,0.0,0.014,0.0,0.0,,1.03
1788458766.177,idle,6.361,2.22,22.0,1,1,2,6.375,2.225,-25.6,0.0,0.014,0.0,0.0,,1.03
1788458766.23,idle,6.361,2.22,22.0,1,1,2,6.375,2.225,-25.6,0.0,0.014,0.0,0.0,,1.03
1788458766.284,idle,6.361,2.22,22.0,1,1,2,6.375,2.225,-25.6,0.0,0.014,0.0,0.0,,1.03
1788458766.336,idle,6.361,2.22,22.0,1,1,2,6.375,2.225,-25.6,0.0,0.014,0.0,0.0,,1.03
1788458766.388,idle,6.361,2.22,22.0,1,1,2,6.375,2.225,-25.6,0.0,0.014,0.0,0.0,,1.03
1788458766.44,idle,6.361,2.22,22.0,1,1,2,6.375,2.225,-25.6,0.0,0.014,0.0,0.0,,1.03
1788458766.494,idle,6.361,2.22,22.0,1,1,2,6.375,2.225,-25.6,0.0,0.014,0.0,0.0,,1.03
1788458766.555,idle,6.361,2.22,22.0,1,1,2,6.375,2.225,-25.6,0.0,0.014,0.0,0.0,,1.03
1788458766.616,idle,6.361,2.22,22.0,1,1,2,6.375,2.225,-25.6,0.0,0.014,0.0,0.0,,1.03
1788458766.676,idle,6.361,2.22,22.0,1,1,2,6.375,2.225,-25.6,0.0,0.014,0.0,0.0,,1.03
1788458766.734,idle,6.361,2.22,22.0,1,1,2,6.375,2.225,-25.6,0.0,0.014,0.0,0.0,,1.03
1788458766.789,idle,6.361,2.22,22.0,1,1,2,6.375,2.225,-25.6,0.0,0.014,0.0,0.0,,1.03
1788458766.843,idle,6.361,2.22,22.0,1,1,2,6.375,2.225,-25.6,0.0,0.014,0.0,0.0,,1.03
1788458766.895,idle,6.361,2.22,22.0,1,1,2,6.375,2.225,-25.6,0.0,0.014,0.0,0.0,,1.03
1788458766.947,idle,6.361,2.22,22.0,1,1,2,6.375,2.225,-25.6,0.0,0.014,0.0,0.0,,1.03
1788458766.998,idle,6.361,2.22,22.0,1,1,2,6.375,2.225,-25.6,0.0,0.014,0.0,0.0,,1.03
1788458767.052,idle,6.361,2.22,22.0,1,1,2,6.375,2.225,-25.6,0.0,0.014,0.0,0.0,,1.03
1788458767.104,idle,6.361,2.22,22.0,1,1,2,6.375,2.225,-25.6,0.0,0.014,0.0,0.0,,1.03
1788458767.157,idle,6.361,2.22,22.0,1,1,2,6.375,2.225,-25.6,0.0,0.014,0.0,0.0,,1.03
1788458767.211,idle,6.361,2.22,22.0,1,1,2,6.375,2.225,-25.6,0.0,0.014,0.0,0.0,,1.03
1788458767.267,idle,6.361,2.22,22.0,1,1,2,6.375,2.225,-25.6,0.0,0.014,0.0,0.0,,1.03
1788458767.326,idle,6.361,2.22,22.0,1,1,2,6.375,2.225,-25.6,0.0,0.014,0.0,0.0,,1.03
1788458767.382,idle,6.361,2.22,22.0,1,1,2,6.375,2.225,-25.6,0.0,0.014,0.0,0.0,,1.03
1788458767.44,idle,6.361,2.22,22.0,1,1,2,6.375,2.225,-25.6,0.0,0.014,0.0,0.0,,1.03
1788458767.496,idle,6.361,2.22,22.0,1,1,2,6.375,2.225,-25.6,0.0,0.014,0.0,0.0,,1.03
1788458767.547,idle,6.361,2.22,22.0,1,1,2,6.375,2.225,-25.6,0.0,0.014,0.0,0.0,,1.03
1788458767.6,idle,6.361,2.22,22.0,1,1,2,6.375,2.225,-25.6,0.0,0.014,0.0,0.0,,1.03
1788458767.652,idle,6.361,2.22,22.0,1,1,2,6.375,2.225,-25.6,0.0,0.014,0.0,0.0,,1.03
1788458767.704,idle,6.361,2.22,22.0,1,1,2,6.375,2.225,-25.6,0.0,0.014,0.0,0.0,,1.03
1788458767.761,idle,6.361,2.22,22.0,1,1,2,6.375,2.225,-25.6,0.0,0.014,0.0,0.0,,1.03
1788458767.815,idle,6.361,2.22,22.0,1,1,2,6.375,2.225,-25.6,0.0,0.014,0.0,0.0,,1.03
1788458767.868,idle,6.361,2.22,22.0,1,1,2,6.375,2.225,-25.6,0.0,0.014,0.0,0.0,,1.03
1788458767.922,idle,6.361,2.22,22.0,1,1,2,6.375,2.225,-25.6,0.0,0.014,0.0,0.0,,1.03
1788458767.976,idle,6.361,2.22,22.0,1,1,2,6.375,2.225,-25.6,0.0,0.014,0.0,0.0,,1.03
1788458768.027,idle,6.361,2.22,22.0,1,1,2,6.375,2.225,-25.6,0.0,0.014,0.0,0.0,,1.03
1788458768.082,idle,6.361,2.22,22.0,1,1,2,6.375,2.225,-25.6,0.0,0.014,0.0,0.0,,1.03
1788458768.143,idle,6.361,2.22,22.0,1,1,2,6.375,2.225,-25.6,0.0,0.014,0.0,0.0,,1.03
1788458768.201,idle,6.361,2.22,22.0,1,1,2,6.375,2.225,-25.6,0.0,0.014,0.0,0.0,,1.03
1788458768.261,idle,6.361,2.22,22.0,1,1,2,6.375,2.225,-25.6,0.0,0.014,0.0,0.0,,1.03
1788458768.318,idle,6.361,2.22,22.0,1,1,2,6.375,2.225,-25.6,0.0,0.014,0.0,0.0,,1.03
1788458768.369,idle,6.361,2.22,22.0,1,1,2,6.375,2.225,-25.6,0.0,0.014,0.0,0.0,,1.03
1788458768.422,idle,6.361,2.22,22.0,1,1,2,6.375,2.225,-25.6,0.0,0.014,0.0,0.0,,1.03
1788458768.477,idle,6.361,2.22,22.0,1,1,2,6.375,2.225,-25.6,0.0,0.014,0.0,0.0,,1.03
1788458768.529,idle,6.361,2.22,22.0,1,1,2,6.375,2.225,-25.6,0.0,0.014,0.0,0.0,,1.03
1788458768.581,idle,6.361,2.22,22.0,1,1,2,6.375,2.225,-25.6,0.0,0.014,0.0,0.0,,1.03
1788458768.632,idle,6.361,2.22,22.0,1,1,2,6.375,2.225,-25.6,0.0,0.014,0.0,0.0,,1.03
1788458768.686,idle,6.361,2.22,22.0,1,1,2,6.375,2.225,-25.6,0.0,0.014,0.0,0.0,,1.03
1788458768.739,idle,6.361,2.22,22.0,1,1,2,6.375,2.225,-25.6,0.0,0.014,0.0,0.0,,1.03
1788458768.792,idle,6.361,2.22,22.0,1,1,2,6.375,2.225,-25.6,0.0,0.014,0.0,0.0,,1.03
1788458768.849,idle,6.361,2.22,22.0,1,1,2,6.375,2.225,-25.6,0.0,0.014,0.0,0.0,,1.03
1788458768.908,idle,6.361,2.22,22.0,1,1,2,6.375,2.225,-25.6,0.0,0.014,0.0,0.0,,1.03
1788458768.973,idle,6.361,2.22,22.0,1,1,2,6.375,2.225,-25.6,0.0,0.014,0.0,0.0,,1.03
1788458769.031,idle,6.361,2.22,22.0,1,1,2,6.375,2.225,-25.6,0.0,0.014,0.0,0.0,,1.03
1788458769.088,idle,6.361,2.22,22.0,1,1,2,6.375,2.225,-25.6,0.0,0.014,0.0,0.0,,1.03
1788458769.147,idle,6.361,2.22,22.0,1,1,2,6.375,2.225,-25.6,0.0,0.014,0.0,0.0,,1.03
1788458769.2,idle,6.361,2.22,22.0,1,1,2,6.375,2.225,-25.6,0.0,0.014,0.0,0.0,,1.03
1788458769.255,idle,6.361,2.22,22.0,1,1,2,6.375,2.225,-25.6,0.0,0.014,0.0,0.0,,1.03
1788458769.307,idle,6.361,2.22,22.0,1,1,2,6.375,2.225,-25.6,0.0,0.014,0.0,0.0,,1.03
1788458769.359,idle,6.361,2.22,22.0,1,1,2,6.375,2.225,-25.6,0.0,0.014,0.0,0.0,,1.03
1788458769.412,idle,6.361,2.22,22.0,1,1,2,6.375,2.225,-25.6,0.0,0.014,0.0,0.0,,1.03
1788458769.465,idle,6.361,2.22,22.0,1,1,2,6.375,2.225,-25.6,0.0,0.014,0.0,0.0,,1.03
1788458769.515,idle,6.361,2.22,22.0,1,1,2,6.375,2.225,-25.6,0.0,0.014,0.0,0.0,,1.03
1788458769.571,idle,6.361,2.22,22.0,1,1,2,6.375,2.225,-25.6,0.0,0.014,0.0,0.0,,1.03
1788458769.626,idle,6.361,2.22,22.0,1,1,2,6.375,2.225,-25.6,0.0,0.014,0.0,0.0,,1.03
1788458769.689,idle,6.361,2.22,22.0,1,1,2,6.375,2.225,-25.6,0.0,0.014,0.0,0.0,,1.03
1788458769.747,idle,6.361,2.22,22.0,1,1,2,6.375,2.225,-25.6,0.0,0.014,0.0,0.0,,1.03
1788458769.812,idle,6.361,2.22,22.0,1,1,2,6.375,2.225,-25.6,0.0,0.014,0.0,0.0,,1.03
1788458769.869,idle,6.361,2.22,22.0,1,1,2,6.375,2.225,-25.6,0.0,0.014,0.0,0.0,,1.03
1788458769.924,idle,6.361,2.22,22.0,1,1,2,6.375,2.225,-25.6,0.0,0.014,0.0,0.0,,1.03
1788458769.977,idle,6.361,2.22,22.0,1,1,2,6.375,2.225,-25.6,0.0,0.014,0.0,0.0,,1.03
1788458770.029,idle,6.361,2.22,22.0,1,1,2,6.375,2.225,-25.6,0.0,0.014,0.0,0.0,,1.03
1788458770.085,idle,6.361,2.22,22.0,1,1,2,6.375,2.225,-25.6,0.0,0.014,0.0,0.0,,1.03
1788458770.139,idle,6.361,2.22,22.0,1,1,2,6.375,2.225,-25.6,0.0,0.014,0.0,0.0,,1.03
1788458770.191,idle,6.361,2.22,22.0,1,1,2,6.375,2.225,-25.6,0.0,0.014,0.0,0.0,,1.03
1788458770.243,idle,6.361,2.22,22.0,1,1,2,6.375,2.225,-25.6,0.0,0.014,0.0,0.0,,1.03
1788458770.296,idle,6.361,2.22,22.0,1,1,2,6.375,2.225,-25.6,0.0,0.014,0.0,0.0,,1.03
1788458770.352,idle,6.361,2.22,22.0,1,1,2,6.375,2.225,-25.6,0.0,0.014,0.0,0.0,,1.03
1788458770.408,idle,6.361,2.22,22.0,1,1,2,6.375,2.225,-25.6,0.0,0.014,0.0,0.0,,1.03
1788458770.465,idle,6.361,2.22,22.0,1,1,2,6.375,2.225,-25.6,0.0,0.014,0.0,0.0,,1.03
1788458770.527,idle,6.361,2.22,22.0,1,1,2,6.375,2.225,-25.6,0.0,0.014,0.0,0.0,,1.03
1788458770.588,idle,6.361,2.22,22.0,1,1,2,6.375,2.225,-25.6,0.0,0.014,0.0,0.0,,1.03
1788458770.644,idle,6.361,2.22,22.0,1,1,2,6.375,2.225,-25.6,0.0,0.014,0.0,0.0,,1.03
1788458770.7,idle,6.361,2.22,22.0,1,1,2,6.375,2.225,-25.6,0.0,0.014,0.0,0.0,,1.03
1788458770.753,idle,6.361,2.22,22.0,1,1,2,6.375,2.225,-25.6,0.0,0.014,0.0,0.0,,1.03
1788458770.807,idle,6.361,2.22,22.0,1,1,2,6.375,2.225,-25.6,0.0,0.014,0.0,0.0,,1.03
1788458770.857,idle,6.361,2.22,22.0,1,1,2,6.375,2.225,-25.6,0.0,0.014,0.0,0.0,,1.03
1788458770.91,idle,6.361,2.22,22.0,1,1,2,6.375,2.225,-25.6,0.0,0.014,0.0,0.0,,1.03
1788458770.96,idle,6.361,2.22,22.0,1,1,2,6.375,2.225,-25.6,0.0,0.014,0.0,0.0,,1.03
1788458771.013,idle,6.361,2.22,22.0,1,1,2,6.375,2.225,-25.6,0.0,0.014,0.0,0.0,,1.03
1788458771.065,idle,6.361,2.22,22.0,1,1,2,6.375,2.225,-25.6,0.0,0.014,0.0,0.0,,1.03
1788458771.119,idle,6.361,2.22,22.0,1,1,2,6.375,2.225,-25.6,0.0,0.014,0.0,0.0,,1.03
1788458771.173,idle,6.361,2.22,22.0,1,1,2,6.375,2.225,-25.6,0.0,0.014,0.0,0.0,,1.03
1788458771.23,idle,6.361,2.22,22.0,1,1,2,6.375,2.225,-25.6,0.0,0.014,0.0,0.0,,1.03
1788458771.289,idle,6.361,2.22,22.0,1,1,2,6.375,2.225,-25.6,0.0,0.014,0.0,0.0,,1.03
1788458771.353,idle,6.361,2.22,22.0,1,1,2,6.375,2.225,-25.6,0.0,0.014,0.0,0.0,,1.03
1788458771.415,idle,6.361,2.22,22.0,1,1,2,6.375,2.225,-25.6,0.0,0.014,0.0,0.0,,1.03
1788458771.47,idle,6.361,2.22,22.0,1,1,2,6.375,2.225,-25.6,0.0,0.014,0.0,0.0,,1.03
1788458771.523,idle,6.361,2.22,22.0,1,1,2,6.375,2.225,-25.6,0.0,0.014,0.0,0.0,,1.03
1788458771.58,idle,6.361,2.22,22.0,1,1,2,6.375,2.225,-25.6,0.0,0.014,0.0,0.0,,1.03
1788458771.634,idle,6.361,2.22,22.0,1,1,2,6.375,2.225,-25.6,0.0,0.014,0.0,0.0,,1.03
1788458771.69,idle,6.361,2.22,22.0,1,1,2,6.375,2.225,-25.6,0.0,0.014,0.0,0.0,,1.03
1788458771.741,idle,6.361,2.22,22.0,1,1,2,6.375,2.225,-25.6,0.0,0.014,0.0,0.0,,1.03
1788458771.793,idle,6.361,2.22,22.0,1,1,2,6.375,2.225,-25.6,0.0,0.014,0.0,0.0,,1.03
1788458771.846,idle,6.361,2.22,22.0,1,1,2,6.375,2.225,-25.6,0.0,0.014,0.0,0.0,,1.03
1788458771.9,idle,6.361,2.22,22.0,1,1,2,6.375,2.225,-25.6,0.0,0.014,0.0,0.0,,1.03
1788458771.951,idle,6.361,2.22,22.0,1,1,2,6.375,2.225,-25.6,0.0,0.014,0.0,0.0,,1.03
1788458772.009,idle,6.361,2.22,22.0,1,1,2,6.375,2.225,-25.6,0.0,0.014,0.0,0.0,,1.03
1788458772.067,idle,6.361,2.22,22.0,1,1,2,6.375,2.225,-25.6,0.0,0.014,0.0,0.0,,1.03
1788458772.129,idle,6.361,2.22,22.0,1,1,2,6.375,2.225,-25.6,0.0,0.014,0.0,0.0,,1.03
1788458772.183,idle,6.361,2.22,22.0,1,1,2,6.375,2.225,-25.6,0.0,0.014,0.0,0.0,,1.03
1788458772.24,idle,6.361,2.22,22.0,1,1,2,6.375,2.225,-25.6,0.0,0.014,0.0,0.0,,1.03
1788458772.293,idle,6.361,2.22,22.0,1,1,2,6.375,2.225,-25.6,0.0,0.014,0.0,0.0,,1.03
1788458772.345,idle,6.361,2.22,22.0,1,1,2,6.375,2.225,-25.6,0.0,0.014,0.0,0.0,,1.03
1788458772.398,idle,6.361,2.22,22.0,1,1,2,6.375,2.225,-25.6,0.0,0.014,0.0,0.0,,1.03
1788458772.453,idle,6.361,2.22,22.0,1,1,2,6.375,2.225,-25.6,0.0,0.014,0.0,0.0,,1.03
1788458772.504,idle,6.361,2.22,22.0,1,1,2,6.375,2.225,-25.6,0.0,0.014,0.0,0.0,,1.03
1788458772.557,idle,6.361,2.22,22.0,1,1,2,6.375,2.225,-25.6,0.0,0.014,0.0,0.0,,1.03
1788458772.61,idle,6.361,2.22,22.0,1,1,2,6.375,2.225,-25.6,0.0,0.014,0.0,0.0,,1.03
1788458772.661,idle,6.361,2.22,22.0,1,1,2,6.375,2.225,-25.6,0.0,0.014,0.0,0.0,,1.03
1788458772.711,idle,6.361,2.22,22.0,1,1,2,6.375,2.225,-25.6,0.0,0.014,0.0,0.0,,1.03
1788458772.765,idle,6.361,2.22,22.0,1,1,2,6.375,2.225,-25.6,0.0,0.014,0.0,0.0,,1.03
1788458772.823,idle,6.361,2.22,22.0,1,1,2,6.375,2.225,-25.6,0.0,0.014,0.0,0.0,,1.03
1788458772.888,idle,6.361,2.22,22.0,1,1,2,6.375,2.225,-25.6,0.0,0.014,0.0,0.0,,1.03
1788458772.949,idle,6.361,2.22,22.0,1,1,2,6.375,2.225,-25.6,0.0,0.014,0.0,0.0,,1.03
1788458773.016,idle,6.361,2.22,22.0,1,1,2,6.375,2.225,-25.6,0.0,0.014,0.0,0.0,,1.03
1788458773.073,idle,6.361,2.22,22.0,1,1,2,6.375,2.225,-25.6,0.0,0.014,0.0,0.0,,1.03
1788458773.129,idle,6.361,2.22,22.0,1,1,2,6.375,2.225,-25.6,0.0,0.014,0.0,0.0,,1.03
1788458773.178,idle,6.361,2.22,22.0,1,1,2,6.375,2.225,-25.6,0.0,0.014,0.0,0.0,,1.03
1788458773.228,idle,6.361,2.22,22.0,1,1,2,6.375,2.225,-25.6,0.0,0.014,0.0,0.0,,1.03
1788458773.279,idle,6.361,2.22,22.0,1,1,2,6.375,2.225,-25.6,0.0,0.014,0.0,0.0,,1.03
1788458773.331,idle,6.361,2.22,22.0,1,1,2,6.375,2.225,-25.6,0.0,0.014,0.0,0.0,,1.03
1788458773.38,idle,6.361,2.22,22.0,1,1,2,6.375,2.225,-25.6,0.0,0.014,0.0,0.0,,1.03
1788458773.432,idle,6.361,2.22,22.0,1,1,2,6.375,2.225,-25.6,0.0,0.014,0.0,0.0,,1.03
1788458773.483,idle,6.361,2.22,22.0,1,1,2,6.375,2.225,-25.6,0.0,0.014,0.0,0.0,,1.03
1788458773.536,idle,6.361,2.22,22.0,1,1,2,6.375,2.225,-25.6,0.0,0.014,0.0,0.0,,1.03
1788458773.592,idle,6.361,2.22,22.0,1,1,2,6.375,2.225,-25.6,0.0,0.014,0.0,0.0,,1.03
1788458773.655,idle,6.361,2.22,22.0,1,1,2,6.375,2.225,-25.6,0.0,0.014,0.0,0.0,,1.03
1788458773.715,idle,6.361,2.22,22.0,1,1,2,6.375,2.225,-25.6,0.0,0.014,0.0,0.0,,1.03
1788458773.777,idle,6.361,2.22,22.0,1,1,2,6.375,2.225,-25.6,0.0,0.014,0.0,0.0,,1.03
1788458773.835,idle,6.361,2.22,22.0,1,1,2,6.375,2.225,-25.6,0.0,0.014,0.0,0.0,,1.03
1788458773.886,idle,6.361,2.22,22.0,1,1,2,6.375,2.225,-25.6,0.0,0.014,0.0,0.0,,1.03
1788458773.939,idle,6.361,2.22,22.0,1,1,2,6.375,2.225,-25.6,0.0,0.014,0.0,0.0,,1.03
1788458773.989,idle,6.361,2.22,22.0,1,1,2,6.375,2.225,-25.6,0.0,0.014,0.0,0.0,,1.03
1788458774.044,idle,6.361,2.22,22.0,1,1,2,6.375,2.225,-25.6,0.0,0.014,0.0,0.0,,1.03
1788458774.095,idle,6.361,2.22,22.0,1,1,2,6.375,2.225,-25.6,0.0,0.014,0.0,0.0,,1.03
1788458774.147,idle,6.361,2.22,22.0,1,1,2,6.375,2.225,-25.6,0.0,0.014,0.0,0.0,,1.03
1788458774.2,idle,6.361,2.22,22.0,1,1,2,6.375,2.225,-25.6,0.0,0.014,0.0,0.0,,1.03
1788458774.253,idle,6.361,2.22,22.0,1,1,2,6.375,2.225,-25.6,0.0,0.014,0.0,0.0,,1.03
1788458774.303,idle,6.361,2.22,22.0,1,1,2,6.375,2.225,-25.6,0.0,0.014,0.0,0.0,,1.03
1788458774.358,idle,6.361,2.22,22.0,1,1,2,6.375,2.225,-25.6,0.0,0.014,0.0,0.0,,1.03
1788458774.42,idle,6.361,2.22,22.0,1,1,2,6.375,2.225,-25.6,0.0,0.014,0.0,0.0,,1.03
1788458774.48,idle,6.361,2.22,22.0,1,1,2,6.375,2.225,-25.6,0.0,0.014,0.0,0.0,,1.03
1788458774.537,idle,6.361,2.22,22.0,1,1,2,6.375,2.225,-25.6,0.0,0.014,0.0,0.0,,1.03
1788458774.594,idle,6.361,2.22,22.0,1,1,2,6.375,2.225,-25.6,0.0,0.014,0.0,0.0,,1.03
1788458774.649,idle,6.361,2.22,22.0,1,1,2,6.375,2.225,-25.6,0.0,0.014,0.0,0.0,,1.03
1788458774.701,idle,6.361,2.22,22.0,1,1,2,6.375,2.225,-25.6,0.0,0.014,0.0,0.0,,1.03
1788458774.754,idle,6.361,2.22,22.0,1,1,2,6.375,2.225,-25.6,0.0,0.014,0.0,0.0,,1.03
1788458774.804,idle,6.361,2.22,22.0,1,1,2,6.375,2.225,-25.6,0.0,0.014,0.0,0.0,,1.03
1788458774.857,idle,6.361,2.22,22.0,1,1,2,6.375,2.225,-25.6,0.0,0.014,0.0,0.0,,1.03
1788458774.927,idle,6.361,2.22,22.0,1,1,2,6.375,2.225,-25.6,0.0,0.014,0.0,0.0,,1.03
1788458775.009,idle,6.361,2.22,22.0,1,1,2,6.375,2.225,-25.6,0.0,0.014,0.0,0.0,,1.03
1788458775.098,idle,6.361,2.22,22.0,1,1,2,6.375,2.225,-25.6,0.0,0.014,0.0,0.0,,1.03
1788458775.171,idle,6.361,2.22,22.0,1,1,2,6.375,2.225,-25.6,0.0,0.014,0.0,0.0,,1.03
1788458775.244,idle,6.361,2.22,22.0,1,1,2,6.375,2.225,-25.6,0.0,0.014,0.0,0.0,,1.03
1788458775.322,idle,6.361,2.22,22.0,1,1,2,6.375,2.225,-25.6,0.0,0.014,0.0,0.0,,1.03
1788458775.405,idle,6.361,2.22,22.0,1,1,2,6.375,2.225,-25.6,0.0,0.014,0.0,0.0,,1.03
1788458775.469,idle,6.361,2.22,22.0,1,1,2,6.375,2.225,-25.6,0.0,0.014,0.0,0.0,,1.03
1788458775.524,idle,6.361,2.22,22.0,1,1,2,6.375,2.225,-25.6,0.0,0.014,0.0,0.0,,1.03
1788458775.578,idle,6.361,2.22,22.0,1,1,2,6.375,2.225,-25.6,0.0,0.014,0.0,0.0,,1.03
1788458775.634,idle,6.361,2.22,22.0,1,1,2,6.375,2.225,-25.6,0.0,0.014,0.0,0.0,,1.03
1788458775.692,idle,6.361,2.22,22.0,1,1,2,6.375,2.225,-25.6,0.0,0.014,0.0,0.0,,1.03
1788458775.748,idle,6.361,2.22,22.0,1,1,2,6.375,2.225,-25.6,0.0,0.014,0.0,0.0,,1.03
1788458775.805,idle,6.361,2.22,22.0,1,1,2,6.375,2.225,-25.6,0.0,0.014,0.0,0.0,,1.03
1788458775.861,idle,6.361,2.22,22.0,1,1,2,6.375,2.225,-25.6,0.0,0.014,0.0,0.0,,1.03
1788458775.92,idle,6.361,2.22,22.0,1,1,2,6.375,2.225,-25.6,0.0,0.014,0.0,0.0,,1.03
1788458775.982,idle,6.361,2.22,22.0,1,1,2,6.375,2.225,-25.6,0.0,0.014,0.0,0.0,,1.03
1788458776.045,idle,6.361,2.22,22.0,1,1,2,6.375,2.225,-25.6,0.0,0.014,0.0,0.0,,1.03
1788458776.114,idle,6.361,2.22,22.0,1,1,2,6.375,2.225,-25.6,0.0,0.014,0.0,0.0,,1.03
1788458776.181,idle,6.361,2.22,22.0,1,1,2,6.375,2.225,-25.6,0.0,0.014,0.0,0.0,,1.03
1788458776.237,idle,6.361,2.22,22.0,1,1,2,6.375,2.225,-25.6,0.0,0.014,0.0,0.0,,1.03
1788458776.293,idle,6.361,2.22,22.0,1,1,2,6.375,2.225,-25.6,0.0,0.014,0.0,0.0,,1.03
1788458776.344,idle,6.361,2.22,22.0,1,1,2,6.375,2.225,-25.6,0.0,0.014,0.0,0.0,,1.03
1788458776.399,idle,6.361,2.22,22.0,1,1,2,6.375,2.225,-25.6,0.0,0.014,0.0,0.0,,1.03
1788458776.452,idle,6.361,2.22,22.0,1,1,2,6.375,2.225,-25.6,0.0,0.014,0.0,0.0,,1.03
1788458776.511,idle,6.361,2.22,22.0,1,1,2,6.375,2.225,-25.6,0.0,0.014,0.0,0.0,,1.03
1788458776.565,idle,6.361,2.22,22.0,1,1,2,6.375,2.225,-25.6,0.0,0.014,0.0,0.0,,1.03
1788458776.565,idle,6.361,2.22,22.0,1,1,2,6.375,2.225,-25.6,0.0,0.014,0.0,0.0,,1.03
1788458776.68,idle,6.361,2.22,22.0,1,1,2,6.375,2.225,-25.6,0.0,0.014,0.0,0.0,,1.03
1788458776.736,idle,6.361,2.22,22.0,1,1,2,6.375,2.225,-25.6,0.0,0.014,0.0,0.0,,1.03
1788458776.803,idle,6.361,2.22,22.0,1,1,2,6.375,2.225,-25.6,0.0,0.014,0.0,0.0,,1.03
1788458776.875,idle,6.361,2.22,22.0,1,1,2,6.375,2.225,-25.6,0.0,0.014,0.0,0.0,,1.03
1788458776.941,idle,6.361,2.22,22.0,1,1,2,6.375,2.225,-25.6,0.0,0.014,0.0,0.0,,1.03
1788458777.006,idle,6.361,2.22,22.0,1,1,2,6.375,2.225,-25.6,0.0,0.014,0.0,0.0,,1.03
1788458777.058,idle,6.361,2.22,22.0,1,1,2,6.375,2.225,-25.6,0.0,0.014,0.0,0.0,,1.03
1788458777.111,idle,6.361,2.22,22.0,1,1,2,6.375,2.225,-25.6,0.0,0.014,0.0,0.0,,1.03
1788458777.162,idle,6.361,2.22,22.0,1,1,2,6.375,2.225,-25.6,0.0,0.014,0.0,0.0,,1.03
1788458777.214,idle,6.361,2.22,22.0,1,1,2,6.375,2.225,-25.6,0.0,0.014,0.0,0.0,,1.03
1788458777.263,idle,6.361,2.22,22.0,1,1,2,6.375,2.225,-25.6,0.0,0.014,0.0,0.0,,1.03
1788458777.321,idle,6.361,2.22,22.0,1,1,2,6.375,2.225,-25.6,0.0,0.014,0.0,0.0,,1.03
1788458777.375,idle,6.361,2.22,22.0,1,1,2,6.375,2.225,-25.6,0.0,0.014,0.0,0.0,,1.03
1788458777.43,idle,6.361,2.22,22.0,1,1,2,6.375,2.225,-25.6,0.0,0.014,0.0,0.0,,1.03
1788458777.483,idle,6.361,2.22,22.0,1,1,2,6.375,2.225,-25.6,0.0,0.014,0.0,0.0,,1.03
1788458777.544,idle,6.361,2.22,22.0,1,1,2,6.375,2.225,-25.6,0.0,0.014,0.0,0.0,,1.03
1788458777.604,idle,6.361,2.22,22.0,1,1,2,6.375,2.225,-25.6,0.0,0.014,0.0,0.0,,1.03
1788458777.664,idle,6.361,2.22,22.0,1,1,2,6.375,2.225,-25.6,0.0,0.014,0.0,0.0,,1.03
1788458777.728,idle,6.361,2.22,22.0,1,1,2,6.375,2.225,-25.6,0.0,0.014,0.0,0.0,,1.03
1788458777.792,idle,6.361,2.22,22.0,1,1,2,6.375,2.225,-25.6,0.0,0.014,0.0,0.0,,1.03
1788458777.849,idle,6.361,2.22,22.0,1,1,2,6.375,2.225,-25.6,0.0,0.014,0.0,0.0,,1.03
1788458777.902,idle,6.361,2.22,22.0,1,1,2,6.375,2.225,-25.6,0.0,0.014,0.0,0.0,,1.03
1788458777.954,idle,6.361,2.22,22.0,1,1,2,6.375,2.225,-25.6,0.0,0.014,0.0,0.0,,1.03
1788458778.006,idle,6.361,2.22,22.0,1,1,2,6.375,2.225,-25.6,0.0,0.014,0.0,0.0,,1.03
1788458778.059,idle,6.361,2.22,22.0,1,1,2,6.375,2.225,-25.6,0.0,0.014,0.0,0.0,,1.03
1788458778.117,idle,6.361,2.22,22.0,1,1,2,6.375,2.225,-25.6,0.0,0.014,0.0,0.0,,1.03
1788458778.168,idle,6.361,2.22,22.0,1,1,2,6.375,2.225,-25.6,0.0,0.014,0.0,0.0,,1.03
1788458778.222,idle,6.361,2.22,22.0,1,1,2,6.375,2.225,-25.6,0.0,0.014,0.0,0.0,,1.03
1788458778.272,idle,6.361,2.22,22.0,1,1,2,6.375,2.225,-25.6,0.0,0.014,0.0,0.0,,1.03
1788458778.326,idle,6.361,2.22,22.0,1,1,2,6.375,2.225,-25.6,0.0,0.014,0.0,0.0,,1.03
1788458778.381,idle,6.361,2.22,22.0,1,1,2,6.375,2.225,-25.6,0.0,0.014,0.0,0.0,,1.03
1788458778.44,idle,6.361,2.22,22.0,1,1,2,6.375,2.225,-25.6,0.0,0.014,0.0,0.0,,1.03
1788458778.498,idle,6.361,2.22,22.0,1,1,2,6.375,2.225,-25.6,0.0,0.014,0.0,0.0,,1.03
1788458778.556,idle,6.361,2.22,22.0,1,1,2,6.375,2.225,-25.6,0.0,0.014,0.0,0.0,,1.03
1788458778.61,idle,6.361,2.22,22.0,1,1,2,6.375,2.225,-25.6,0.0,0.014,0.0,0.0,,1.03
1788458778.662,idle,6.361,2.22,22.0,1,1,2,6.375,2.225,-25.6,0.0,0.014,0.0,0.0,,1.03
1788458778.712,idle,6.361,2.22,22.0,1,1,2,6.375,2.225,-25.6,0.0,0.014,0.0,0.0,,1.03
1788458778.763,idle,6.361,2.22,22.0,1,1,2,6.375,2.225,-25.6,0.0,0.014,0.0,0.0,,1.03
1788458778.816,idle,6.361,2.22,22.0,1,1,2,6.375,2.225,-25.6,0.0,0.014,0.0,0.0,,1.03
1788458778.869,idle,6.361,2.22,22.0,1,1,2,6.375,2.225,-25.6,0.0,0.014,0.0,0.0,,1.03
1788458778.92,idle,6.361,2.22,22.0,1,1,2,6.375,2.225,-25.6,0.0,0.014,0.0,0.0,,1.03
1788458778.972,idle,6.361,2.22,22.0,1,1,2,6.375,2.225,-25.6,0.0,0.014,0.0,0.0,,1.03
1788458779.023,idle,6.361,2.22,22.0,1,1,2,6.375,2.225,-25.6,0.0,0.014,0.0,0.0,,1.03
1788458779.076,idle,6.361,2.22,22.0,1,1,2,6.375,2.225,-25.6,0.0,0.014,0.0,0.0,,1.03
1788458779.128,idle,6.361,2.22,22.0,1,1,2,6.375,2.225,-25.6,0.0,0.014,0.0,0.0,,1.03
1788458779.185,idle,6.361,2.22,22.0,1,1,2,6.375,2.225,-25.6,0.0,0.014,0.0,0.0,,1.03
1788458779.245,idle,6.361,2.22,22.0,1,1,2,6.375,2.225,-25.6,0.0,0.014,0.0,0.0,,1.03
1788458779.304,idle,6.361,2.22,22.0,1,1,2,6.375,2.225,-25.6,0.0,0.014,0.0,0.0,,1.03
1788458779.364,idle,6.361,2.22,22.0,1,1,2,6.375,2.225,-25.6,0.0,0.014,0.0,0.0,,1.03
1788458779.416,idle,6.361,2.22,22.0,1,1,2,6.375,2.225,-25.6,0.0,0.014,0.0,0.0,,1.03
1788458779.47,idle,6.361,2.22,22.0,1,1,2,6.375,2.225,-25.6,0.0,0.014,0.0,0.0,,1.03
1788458779.522,idle,6.361,2.22,22.0,1,1,2,6.375,2.225,-25.6,0.0,0.014,0.0,0.0,,1.03
1788458779.578,idle,6.361,2.22,22.0,1,1,2,6.375,2.225,-25.6,0.0,0.014,0.0,0.0,,1.03
1788458779.63,idle,6.361,2.22,22.0,1,1,2,6.375,2.225,-25.6,0.0,0.014,0.0,0.0,,1.03
1788458779.683,idle,6.361,2.22,22.0,1,1,2,6.375,2.225,-25.6,0.0,0.014,0.0,0.0,,1.03
1788458779.736,idle,6.361,2.22,22.0,1,1,2,6.375,2.225,-25.6,0.0,0.014,0.0,0.0,,1.03
1788458779.789,idle,6.361,2.22,22.0,1,1,2,6.375,2.225,-25.6,0.0,0.014,0.0,0.0,,1.03
1788458779.844,idle,6.361,2.22,22.0,1,1,2,6.375,2.225,-25.6,0.0,0.014,0.0,0.0,,1.03
1788458779.898,idle,6.361,2.22,22.0,1,1,2,6.375,2.225,-25.6,0.0,0.014,0.0,0.0,,1.03
1788458779.956,idle,6.361,2.22,22.0,1,1,2,6.375,2.225,-25.6,0.0,0.014,0.0,0.0,,1.03
1788458780.016,idle,6.361,2.22,22.0,1,1,2,6.375,2.225,-25.6,0.0,0.014,0.0,0.0,,1.03
1788458780.075,idle,6.361,2.22,22.0,1,1,2,6.375,2.225,-25.6,0.0,0.014,0.0,0.0,,1.03
1788458780.131,idle,6.361,2.22,22.0,1,1,2,6.375,2.225,-25.6,0.0,0.014,0.0,0.0,,1.03
1788458780.187,idle,6.361,2.22,22.0,1,1,2,6.375,2.225,-25.6,0.0,0.014,0.0,0.0,,1.03
1788458780.24,idle,6.361,2.22,22.0,1,1,2,6.375,2.225,-25.6,0.0,0.014,0.0,0.0,,1.03
1788458780.298,idle,6.361,2.22,22.0,1,1,2,6.375,2.225,-25.6,0.0,0.014,0.0,0.0,,1.03
1788458780.35,idle,6.361,2.22,22.0,1,1,2,6.375,2.225,-25.6,0.0,0.014,0.0,0.0,,1.03
1788458780.402,idle,6.361,2.22,22.0,1,1,2,6.375,2.225,-25.6,0.0,0.014,0.0,0.0,,1.03
1788458780.453,idle,6.361,2.22,22.0,1,1,2,6.375,2.225,-25.6,0.0,0.014,0.0,0.0,,1.03
1788458780.506,idle,6.361,2.22,22.0,1,1,2,6.375,2.225,-25.6,0.0,0.014,0.0,0.0,,1.03
1788458780.558,idle,6.361,2.22,22.0,1,1,2,6.375,2.225,-25.6,0.0,0.014,0.0,0.0,,1.03
1788458780.611,idle,6.361,2.22,22.0,1,1,2,6.375,2.225,-25.6,0.0,0.014,0.0,0.0,,1.03
1788458780.663,idle,6.361,2.22,22.0,1,1,2,6.375,2.225,-25.6,0.0,0.014,0.0,0.0,,1.03
1788458780.722,idle,6.361,2.22,22.0,1,1,2,6.375,2.225,-25.6,0.0,0.014,0.0,0.0,,1.03
1788458780.781,idle,6.361,2.22,22.0,1,1,2,6.375,2.225,-25.6,0.0,0.014,0.0,0.0,,1.03
1788458780.838,idle,6.361,2.22,22.0,1,1,2,6.375,2.225,-25.6,0.0,0.014,0.0,0.0,,1.03
1788458780.895,idle,6.361,2.22,22.0,1,1,2,6.375,2.225,-25.6,0.0,0.014,0.0,0.0,,1.03
1788458780.955,idle,6.361,2.22,22.0,1,1,2,6.375,2.225,-25.6,0.0,0.014,0.0,0.0,,1.03
1788458781.01,idle,6.361,2.22,22.0,1,1,2,6.375,2.225,-25.6,0.0,0.014,0.0,0.0,,1.03
1788458781.064,idle,6.361,2.22,22.0,1,1,2,6.375,2.225,-25.6,0.0,0.014,0.0,0.0,,1.03
1788458781.118,idle,6.361,2.22,22.0,1,1,2,6.375,2.225,-25.6,0.0,0.014,0.0,0.0,,1.03
1788458781.172,idle,6.361,2.22,22.0,1,1,2,6.375,2.225,-25.6,0.0,0.014,0.0,0.0,,1.03
1788458781.227,idle,6.361,2.22,22.0,1,1,2,6.375,2.225,-25.6,0.0,0.014,0.0,0.0,,1.03
1788458781.284,idle,6.361,2.22,22.0,1,1,2,6.375,2.225,-25.6,0.0,0.014,0.0,0.0,,1.03
1788458781.339,idle,6.361,2.22,22.0,1,1,2,6.375,2.225,-25.6,0.0,0.014,0.0,0.0,,1.03
1788458781.395,idle,6.361,2.22,22.0,1,1,2,6.375,2.225,-25.6,0.0,0.014,0.0,0.0,,1.03
1788458781.449,idle,6.361,2.22,22.0,1,1,2,6.375,2.225,-25.6,0.0,0.014,0.0,0.0,,1.03
1788458781.507,idle,6.361,2.22,22.0,1,1,2,6.375,2.225,-25.6,0.0,0.014,0.0,0.0,,1.03
1788458781.567,idle,6.361,2.22,22.0,1,1,2,6.375,2.225,-25.6,0.0,0.014,0.0,0.0,,1.03
1788458781.631,idle,6.361,2.22,22.0,1,1,2,6.375,2.225,-25.6,0.0,0.014,0.0,0.0,,1.03
1788458781.693,idle,6.361,2.22,22.0,1,1,2,6.375,2.225,-25.6,0.0,0.014,0.0,0.0,,1.03
1788458781.75,idle,6.361,2.22,22.0,1,1,2,6.375,2.225,-25.6,0.0,0.014,0.0,0.0,,1.03
1788458781.804,idle,6.361,2.22,22.0,1,1,2,6.375,2.225,-25.6,0.0,0.014,0.0,0.0,,1.03
1788458781.855,idle,6.361,2.22,22.0,1,1,2,6.375,2.225,-25.6,0.0,0.014,0.0,0.0,,1.03
1788458781.908,idle,6.361,2.22,22.0,1,1,2,6.375,2.225,-25.6,0.0,0.014,0.0,0.0,,1.03
1788458781.961,idle,6.361,2.22,22.0,1,1,2,6.375,2.225,-25.6,0.0,0.014,0.0,0.0,,1.03
1788458782.013,idle,6.361,2.22,22.0,1,1,2,6.375,2.225,-25.6,0.0,0.014,0.0,0.0,,1.03
1788458782.064,idle,6.361,2.22,22.0,1,1,2,6.375,2.225,-25.6,0.0,0.014,0.0,0.0,,1.03
1788458782.116,idle,6.361,2.22,22.0,1,1,2,6.375,2.225,-25.6,0.0,0.014,0.0,0.0,,1.03
1788458782.167,idle,6.361,2.22,22.0,1,1,2,6.375,2.225,-25.6,0.0,0.014,0.0,0.0,,1.03
1788458782.219,idle,6.361,2.22,22.0,1,1,2,6.375,2.225,-25.6,0.0,0.014,0.0,0.0,,1.03
1788458782.272,idle,6.361,2.22,22.0,1,1,2,6.375,2.225,-25.6,0.0,0.014,0.0,0.0,,1.03
1788458782.338,idle,6.361,2.22,22.0,1,1,2,6.375,2.225,-25.6,0.0,0.014,0.0,0.0,,1.03
1788458782.399,idle,6.361,2.22,22.0,1,1,2,6.375,2.225,-25.6,0.0,0.014,0.0,0.0,,1.03
1788458782.463,idle,6.361,2.22,22.0,1,1,2,6.375,2.225,-25.6,0.0,0.014,0.0,0.0,,1.03
1788458782.527,idle,6.361,2.22,22.0,1,1,2,6.375,2.225,-25.6,0.0,0.014,0.0,0.0,,1.03
1788458782.586,idle,6.361,2.22,22.0,1,1,2,6.375,2.225,-25.6,0.0,0.014,0.0,0.0,,1.03
1788458782.641,idle,6.361,2.22,22.0,1,1,2,6.375,2.225,-25.6,0.0,0.014,0.0,0.0,,1.03
1788458782.694,idle,6.361,2.22,22.0,1,1,2,6.375,2.225,-25.6,0.0,0.014,0.0,0.0,,1.03
1788458782.746,idle,6.361,2.22,22.0,1,1,2,6.375,2.225,-25.6,0.0,0.014,0.0,0.0,,1.03
1788458782.796,idle,6.361,2.22,22.0,1,1,2,6.375,2.225,-25.6,0.0,0.014,0.0,0.0,,1.03
1788458782.848,idle,6.361,2.22,22.0,1,1,2,6.375,2.225,-25.6,0.0,0.014,0.0,0.0,,1.03
1788458782.898,idle,6.361,2.22,22.0,1,1,2,6.375,2.225,-25.6,0.0,0.014,0.0,0.0,,1.03
1788458782.952,idle,6.361,2.22,22.0,1,1,2,6.375,2.225,-25.6,0.0,0.014,0.0,0.0,,1.03
1788458783.004,idle,6.361,2.22,22.0,1,1,2,6.375,2.225,-25.6,0.0,0.014,0.0,0.0,,1.03
1788458783.057,idle,6.361,2.22,22.0,1,1,2,6.375,2.225,-25.6,0.0,0.014,0.0,0.0,,1.03
1788458783.112,idle,6.361,2.22,22.0,1,1,2,6.375,2.225,-25.6,0.0,0.014,0.0,0.0,,1.03
1788458783.168,idle,6.361,2.22,22.0,1,1,2,6.375,2.225,-25.6,0.0,0.014,0.0,0.0,,1.03
1788458783.226,idle,6.361,2.22,22.0,1,1,2,6.375,2.225,-25.6,0.0,0.014,0.0,0.0,,1.03
1788458783.288,idle,6.361,2.22,22.0,1,1,2,6.375,2.225,-25.6,0.0,0.014,0.0,0.0,,1.03
1788458783.345,idle,6.361,2.22,22.0,1,1,2,6.375,2.225,-25.6,0.0,0.014,0.0,0.0,,1.03
1788458783.398,idle,6.361,2.22,22.0,1,1,2,6.375,2.225,-25.6,0.0,0.014,0.0,0.0,,1.03
1788458783.452,idle,6.361,2.22,22.0,1,1,2,6.375,2.225,-25.6,0.0,0.014,0.0,0.0,,1.03
1788458783.505,idle,6.361,2.22,22.0,1,1,2,6.375,2.225,-25.6,0.0,0.014,0.0,0.0,,1.03
1788458783.557,idle,6.361,2.22,22.0,1,1,2,6.375,2.225,-25.6,0.0,0.014,0.0,0.0,,1.03
1788458783.609,idle,6.361,2.22,22.0,1,1,2,6.375,2.225,-25.6,0.0,0.014,0.0,0.0,,1.03
1788458783.66,idle,6.361,2.22,22.0,1,1,2,6.375,2.225,-25.6,0.0,0.014,0.0,0.0,,1.03
1788458783.71,idle,6.361,2.22,22.0,1,1,2,6.375,2.225,-25.6,0.0,0.014,0.0,0.0,,1.03
1788458783.761,idle,6.361,2.22,22.0,1,1,2,6.375,2.225,-25.6,0.0,0.014,0.0,0.0,,1.03
1788458783.813,idle,6.361,2.22,22.0,1,1,2,6.375,2.225,-25.6,0.0,0.014,0.0,0.0,,1.03
1788458783.864,idle,6.361,2.22,22.0,1,1,2,6.375,2.225,-25.6,0.0,0.014,0.0,0.0,,1.03
1788458783.928,idle,6.361,2.22,22.0,1,1,2,6.375,2.225,-25.6,0.0,0.014,0.0,0.0,,1.03
1788458783.986,idle,6.361,2.22,22.0,1,1,2,6.375,2.225,-25.6,0.0,0.014,0.0,0.0,,1.03
1788458784.049,idle,6.361,2.22,22.0,1,1,2,6.375,2.225,-25.6,0.0,0.014,0.0,0.0,,1.03
1788458784.11,idle,6.361,2.22,22.0,1,1,2,6.375,2.225,-25.6,0.0,0.014,0.0,0.0,,1.03
1788458784.167,idle,6.361,2.22,22.0,1,1,2,6.375,2.225,-25.6,0.0,0.014,0.0,0.0,,1.03
1788458784.218,idle,6.361,2.22,22.0,1,1,2,6.375,2.225,-25.6,0.0,0.014,0.0,0.0,,1.03
1788458784.269,idle,6.361,2.22,22.0,1,1,2,6.375,2.225,-25.6,0.0,0.014,0.0,0.0,,1.03
1788458784.321,idle,6.361,2.22,22.0,1,1,2,6.375,2.225,-25.6,0.0,0.014,0.0,0.0,,1.03
1788458784.373,idle,6.361,2.22,22.0,1,1,2,6.375,2.225,-25.6,0.0,0.014,0.0,0.0,,1.03
1788458784.425,idle,6.361,2.22,22.0,1,1,2,6.375,2.225,-25.6,0.0,0.014,0.0,0.0,,1.03
1788458784.479,idle,6.361,2.22,22.0,1,1,2,6.375,2.225,-25.6,0.0,0.014,0.0,0.0,,1.03
1788458784.531,idle,6.361,2.22,22.0,1,1,2,6.375,2.225,-25.6,0.0,0.014,0.0,0.0,,1.03
1788458784.583,idle,6.361,2.22,22.0,1,1,2,6.375,2.225,-25.6,0.0,0.014,0.0,0.0,,1.03
1788458784.635,idle,6.361,2.22,22.0,1,1,2,6.375,2.225,-25.6,0.0,0.014,0.0,0.0,,1.03
1788458784.695,idle,6.361,2.22,22.0,1,1,2,6.375,2.225,-25.6,0.0,0.014,0.0,0.0,,1.03
1788458784.751,idle,6.361,2.22,22.0,1,1,2,6.375,2.225,-25.6,0.0,0.014,0.0,0.0,,1.03
1788458784.812,idle,6.361,2.22,22.0,1,1,2,6.375,2.225,-25.6,0.0,0.014,0.0,0.0,,1.03
1788458784.876,idle,6.361,2.22,22.0,1,1,2,6.375,2.225,-25.6,0.0,0.014,0.0,0.0,,1.03
1788458784.934,idle,6.361,2.22,22.0,1,1,2,6.375,2.225,-25.6,0.0,0.014,0.0,0.0,,1.03
1788458784.988,idle,6.361,2.22,22.0,1,1,2,6.375,2.225,-25.6,0.0,0.014,0.0,0.0,,1.03
1788458785.044,idle,6.361,2.22,22.0,1,1,2,6.375,2.225,-25.6,0.0,0.014,0.0,0.0,,1.03
1788458785.095,idle,6.361,2.22,22.0,1,1,2,6.375,2.225,-25.6,0.0,0.014,0.0,0.0,,1.03
1788458785.146,idle,6.361,2.22,22.0,1,1,2,6.375,2.225,-25.6,0.0,0.014,0.0,0.0,,1.03
1788458785.196,idle,6.361,2.22,22.0,1,1,2,6.375,2.225,-25.6,0.0,0.014,0.0,0.0,,1.03
1788458785.247,idle,6.361,2.22,22.0,1,1,2,6.375,2.225,-25.6,0.0,0.014,0.0,0.0,,1.03
1788458785.302,idle,6.361,2.22,22.0,1,1,2,6.375,2.225,-25.6,0.0,0.014,0.0,0.0,,1.03
1788458785.353,idle,6.361,2.22,22.0,1,1,2,6.375,2.225,-25.6,0.0,0.014,0.0,0.0,,1.03
1788458785.404,idle,6.361,2.22,22.0,1,1,2,6.375,2.225,-25.6,0.0,0.014,0.0,0.0,,1.03
1788458785.46,idle,6.361,2.22,22.0,1,1,2,6.375,2.225,-25.6,0.0,0.014,0.0,0.0,,1.03
1788458785.521,idle,6.361,2.22,22.0,1,1,2,6.375,2.225,-25.6,0.0,0.014,0.0,0.0,,1.03
1788458785.582,idle,6.361,2.22,22.0,1,1,2,6.375,2.225,-25.6,0.0,0.014,0.0,0.0,,1.03
1788458785.64,idle,6.361,2.22,22.0,1,1,2,6.375,2.225,-25.6,0.0,0.014,0.0,0.0,,1.03
1788458785.699,idle,6.361,2.22,22.0,1,1,2,6.375,2.225,-25.6,0.0,0.014,0.0,0.0,,1.03
1788458785.752,idle,6.361,2.22,22.0,1,1,2,6.375,2.225,-25.6,0.0,0.014,0.0,0.0,,1.03
1788458785.808,idle,6.361,2.22,22.0,1,1,2,6.375,2.225,-25.6,0.0,0.014,0.0,0.0,,1.03
1788458785.859,idle,6.361,2.22,22.0,1,1,2,6.375,2.225,-25.6,0.0,0.014,0.0,0.0,,1.03
1788458785.911,idle,6.361,2.22,22.0,1,1,2,6.375,2.225,-25.6,0.0,0.014,0.0,0.0,,1.03
1788458785.963,idle,6.361,2.22,22.0,1,1,2,6.375,2.225,-25.6,0.0,0.014,0.0,0.0,,1.03
1788458786.017,idle,6.361,2.22,22.0,1,1,2,6.375,2.225,-25.6,0.0,0.014,0.0,0.0,,1.03
1788458786.07,idle,6.361,2.22,22.0,1,1,2,6.375,2.225,-25.6,0.0,0.014,0.0,0.0,,1.03
1788458786.129,idle,6.361,2.22,22.0,1,1,2,6.375,2.225,-25.6,0.0,0.014,0.0,0.0,,1.03
1788458786.187,idle,6.361,2.22,22.0,1,1,2,6.375,2.225,-25.6,0.0,0.014,0.0,0.0,,1.03
1788458786.241,idle,6.361,2.22,22.0,1,1,2,6.375,2.225,-25.6,0.0,0.014,0.0,0.0,,1.03
1788458786.299,idle,6.361,2.22,22.0,1,1,2,6.375,2.225,-25.6,0.0,0.014,0.0,0.0,,1.03
1788458786.357,idle,6.361,2.22,22.0,1,1,2,6.375,2.225,-25.6,0.0,0.014,0.0,0.0,,1.03
1788458786.411,idle,6.361,2.22,22.0,1,1,2,6.375,2.225,-25.6,0.0,0.014,0.0,0.0,,1.03
1788458786.467,idle,6.361,2.22,22.0,1,1,2,6.375,2.225,-25.6,0.0,0.014,0.0,0.0,,1.03
1788458786.518,idle,6.361,2.22,22.0,1,1,2,6.375,2.225,-25.6,0.0,0.014,0.0,0.0,,1.03
1788458786.568,idle,6.361,2.22,22.0,1,1,2,6.375,2.225,-25.6,0.0,0.014,0.0,0.0,,1.03
1788458786.622,idle,6.361,2.22,22.0,1,1,2,6.375,2.225,-25.6,0.0,0.014,0.0,0.0,,1.03
1788458786.674,idle,6.361,2.22,22.0,1,1,2,6.375,2.225,-25.6,0.0,0.014,0.0,0.0,,1.03
1788458786.727,idle,6.361,2.22,22.0,1,1,2,6.375,2.225,-25.6,0.0,0.014,0.0,0.0,,1.03
1788458786.779,idle,6.361,2.22,22.0,1,1,2,6.375,2.225,-25.6,0.0,0.014,0.0,0.0,,1.03
1788458786.829,idle,6.361,2.22,22.0,1,1,2,6.375,2.225,-25.6,0.0,0.014,0.0,0.0,,1.03
1788458786.881,idle,6.361,2.22,22.0,1,1,2,6.375,2.225,-25.6,0.0,0.014,0.0,0.0,,1.03
1788458786.933,idle,6.361,2.22,22.0,1,1,2,6.375,2.225,-25.6,0.0,0.014,0.0,0.0,,1.03
1788458786.987,idle,6.361,2.22,22.0,1,1,2,6.375,2.225,-25.6,0.0,0.014,0.0,0.0,,1.03
1788458787.045,idle,6.361,2.22,22.0,1,1,2,6.375,2.225,-25.6,0.0,0.014,0.0,0.0,,1.03
1788458787.104,idle,6.361,2.22,22.0,1,1,2,6.375,2.225,-25.6,0.0,0.014,0.0,0.0,,1.03
1788458787.16,idle,6.361,2.22,22.0,1,1,2,6.375,2.225,-25.6,0.0,0.014,0.0,0.0,,1.03
1788458787.218,idle,6.361,2.22,22.0,1,1,2,6.375,2.225,-25.6,0.0,0.014,0.0,0.0,,1.03
1788458787.27,idle,6.361,2.22,22.0,1,1,2,6.375,2.225,-25.6,0.0,0.014,0.0,0.0,,1.03
1788458787.322,idle,6.361,2.22,22.0,1,1,2,6.375,2.225,-25.6,0.0,0.014,0.0,0.0,,1.03
1788458787.373,idle,6.361,2.22,22.0,1,1,2,6.375,2.225,-25.6,0.0,0.014,0.0,0.0,,1.03
1788458787.424,idle,6.361,2.22,22.0,1,1,2,6.375,2.225,-25.6,0.0,0.014,0.0,0.0,,1.03
1788458787.477,idle,6.361,2.22,22.0,1,1,2,6.375,2.225,-25.6,0.0,0.014,0.0,0.0,,1.03
1788458787.528,idle,6.361,2.22,22.0,1,1,2,6.375,2.225,-25.6,0.0,0.014,0.0,0.0,,1.03
1788458787.579,idle,6.361,2.22,22.0,1,1,2,6.375,2.225,-25.6,0.0,0.014,0.0,0.0,,1.03
1788458787.63,idle,6.361,2.22,22.0,1,1,2,6.375,2.225,-25.6,0.0,0.014,0.0,0.0,,1.03
1788458787.681,idle,6.361,2.22,22.0,1,1,2,6.375,2.225,-25.6,0.0,0.014,0.0,0.0,,1.03
1788458787.733,idle,6.361,2.22,22.0,1,1,2,6.375,2.225,-25.6,0.0,0.014,0.0,0.0,,1.03
1788458787.787,idle,6.361,2.22,22.0,1,1,2,6.375,2.225,-25.6,0.0,0.014,0.0,0.0,,1.03
1788458787.845,idle,6.361,2.22,22.0,1,1,2,6.375,2.225,-25.6,0.0,0.014,0.0,0.0,,1.03
1788458787.903,idle,6.361,2.22,22.0,1,1,2,6.375,2.225,-25.6,0.0,0.014,0.0,0.0,,1.03
1788458787.963,idle,6.361,2.22,22.0,1,1,2,6.375,2.225,-25.6,0.0,0.014,0.0,0.0,,1.03
1788458788.025,idle,6.361,2.22,22.0,1,1,2,6.375,2.225,-25.6,0.0,0.014,0.0,0.0,,1.03
1788458788.08,idle,6.361,2.22,22.0,1,1,2,6.375,2.225,-25.6,0.0,0.014,0.0,0.0,,1.03
1788458788.129,idle,6.361,2.22,22.0,1,1,2,6.375,2.225,-25.6,0.0,0.014,0.0,0.0,,1.03
1788458788.187,idle,6.361,2.22,22.0,1,1,2,6.375,2.225,-25.6,0.0,0.014,0.0,0.0,,1.03
1788458788.24,idle,6.361,2.22,22.0,1,1,2,6.375,2.225,-25.6,0.0,0.014,0.0,0.0,,1.03
1788458788.294,idle,6.361,2.22,22.0,1,1,2,6.375,2.225,-25.6,0.0,0.014,0.0,0.0,,1.03
1788458788.344,idle,6.361,2.22,22.0,1,1,2,6.375,2.225,-25.6,0.0,0.014,0.0,0.0,,1.03
1788458788.396,idle,6.361,2.22,22.0,1,1,2,6.375,2.225,-25.6,0.0,0.014,0.0,0.0,,1.03
1788458788.447,idle,6.361,2.22,22.0,1,1,2,6.375,2.225,-25.6,0.0,0.014,0.0,0.0,,1.03
1788458788.503,idle,6.361,2.22,22.0,1,1,2,6.375,2.225,-25.6,0.0,0.014,0.0,0.0,,1.03
1788458788.56,idle,6.361,2.22,22.0,1,1,2,6.375,2.225,-25.6,0.0,0.014,0.0,0.0,,1.03
1788458788.626,idle,6.361,2.22,22.0,1,1,2,6.375,2.225,-25.6,0.0,0.014,0.0,0.0,,1.03
1788458788.626,idle,6.361,2.22,22.0,1,1,2,6.375,2.225,-25.6,0.0,0.014,0.0,0.0,,1.03
1788458788.738,idle,6.361,2.22,22.0,1,1,2,6.375,2.225,-25.6,0.0,0.014,0.0,0.0,,1.03
1788458788.799,idle,6.361,2.22,22.0,1,1,2,6.375,2.225,-25.6,0.0,0.014,0.0,0.0,,1.03
1788458788.853,idle,6.361,2.22,22.0,1,1,2,6.375,2.225,-25.6,0.0,0.014,0.0,0.0,,1.03
1788458788.904,idle,6.361,2.22,22.0,1,1,2,6.375,2.225,-25.6,0.0,0.014,0.0,0.0,,1.03
1788458788.955,idle,6.361,2.22,22.0,1,1,2,6.375,2.225,-25.6,0.0,0.014,0.0,0.0,,1.03
1788458789.006,idle,6.361,2.22,22.0,1,1,2,6.375,2.225,-25.6,0.0,0.014,0.0,0.0,,1.03
1788458789.058,idle,6.361,2.22,22.0,1,1,2,6.375,2.225,-25.6,0.0,0.014,0.0,0.0,,1.03
1788458789.11,idle,6.361,2.22,22.0,1,1,2,6.375,2.225,-25.6,0.0,0.014,0.0,0.0,,1.03
1788458789.161,idle,6.361,2.22,22.0,1,1,2,6.375,2.225,-25.6,0.0,0.014,0.0,0.0,,1.03
1788458789.213,idle,6.361,2.22,22.0,1,1,2,6.375,2.225,-25.6,0.0,0.014,0.0,0.0,,1.03
1788458789.264,idle,6.361,2.22,22.0,1,1,2,6.375,2.225,-25.6,0.0,0.014,0.0,0.0,,1.03
1788458789.316,idle,6.361,2.22,22.0,1,1,2,6.375,2.225,-25.6,0.0,0.014,0.0,0.0,,1.03
1788458789.373,idle,6.361,2.22,22.0,1,1,2,6.375,2.225,-25.6,0.0,0.014,0.0,0.0,,1.03
1788458789.431,idle,6.361,2.22,22.0,1,1,2,6.375,2.225,-25.6,0.0,0.014,0.0,0.0,,1.03
1788458789.492,idle,6.361,2.22,22.0,1,1,2,6.375,2.225,-25.6,0.0,0.014,0.0,0.0,,1.03
1788458789.552,idle,6.361,2.22,22.0,1,1,2,6.375,2.225,-25.6,0.0,0.014,0.0,0.0,,1.03
1788458789.611,idle,6.361,2.22,22.0,1,1,2,6.375,2.225,-25.6,0.0,0.014,0.0,0.0,,1.03
1788458789.664,idle,6.361,2.22,22.0,1,1,2,6.375,2.225,-25.6,0.0,0.014,0.0,0.0,,1.03
1788458789.717,idle,6.361,2.22,22.0,1,1,2,6.375,2.225,-25.6,0.0,0.014,0.0,0.0,,1.03
1788458789.766,idle,6.361,2.22,22.0,1,1,2,6.375,2.225,-25.6,0.0,0.014,0.0,0.0,,1.03
1788458789.818,idle,6.361,2.22,22.0,1,1,2,6.375,2.225,-25.6,0.0,0.014,0.0,0.0,,1.03
1788458789.87,idle,6.361,2.22,22.0,1,1,2,6.375,2.225,-25.6,0.0,0.014,0.0,0.0,,1.03
1788458789.925,idle,6.361,2.22,22.0,1,1,2,6.375,2.225,-25.6,0.0,0.014,0.0,0.0,,1.03
1788458789.978,idle,6.361,2.22,22.0,1,1,2,6.375,2.225,-25.6,0.0,0.014,0.0,0.0,,1.03
1788458790.033,idle,6.361,2.22,22.0,1,1,2,6.375,2.225,-25.6,0.0,0.014,0.0,0.0,,1.03
1788458790.088,idle,6.361,2.22,22.0,1,1,2,6.375,2.225,-25.6,0.0,0.014,0.0,0.0,,1.03
1788458790.149,idle,6.361,2.22,22.0,1,1,2,6.375,2.225,-25.6,0.0,0.014,0.0,0.0,,1.03
1788458790.208,idle,6.361,2.22,22.0,1,1,2,6.375,2.225,-25.6,0.0,0.014,0.0,0.0,,1.03
1788458790.273,idle,6.361,2.22,22.0,1,1,2,6.375,2.225,-25.6,0.0,0.014,0.0,0.0,,1.03
1788458790.332,idle,6.361,2.22,22.0,1,1,2,6.375,2.225,-25.6,0.0,0.014,0.0,0.0,,1.03
1788458790.391,idle,6.361,2.22,22.0,1,1,2,6.375,2.225,-25.6,0.0,0.014,0.0,0.0,,1.03
1788458790.441,idle,6.361,2.22,22.0,1,1,2,6.375,2.225,-25.6,0.0,0.014,0.0,0.0,,1.03
1788458790.495,idle,6.361,2.22,22.0,1,1,2,6.375,2.225,-25.6,0.0,0.014,0.0,0.0,,1.03
1788458790.545,idle,6.361,2.22,22.0,1,1,2,6.375,2.225,-25.6,0.0,0.014,0.0,0.0,,1.03
1788458790.598,idle,6.361,2.22,22.0,1,1,2,6.375,2.225,-25.6,0.0,0.014,0.0,0.0,,1.03
1788458790.652,idle,6.361,2.22,22.0,1,1,2,6.375,2.225,-25.6,0.0,0.014,0.0,0.0,,1.03
1788458790.704,idle,6.361,2.22,22.0,1,1,2,6.375,2.225,-25.6,0.0,0.014,0.0,0.0,,1.03
1788458790.755,idle,6.361,2.22,22.0,1,1,2,6.375,2.225,-25.6,0.0,0.014,0.0,0.0,,1.03
1788458790.807,idle,6.361,2.22,22.0,1,1,2,6.375,2.225,-25.6,0.0,0.014,0.0,0.0,,1.03
1788458790.86,idle,6.361,2.22,22.0,1,1,2,6.375,2.225,-25.6,0.0,0.014,0.0,0.0,,1.03
1788458790.914,idle,6.361,2.22,22.0,1,1,2,6.375,2.225,-25.6,0.0,0.014,0.0,0.0,,1.03
1788458790.968,idle,6.361,2.22,22.0,1,1,2,6.375,2.225,-25.6,0.0,0.014,0.0,0.0,,1.03
1788458791.026,idle,6.361,2.22,22.0,1,1,2,6.375,2.225,-25.6,0.0,0.014,0.0,0.0,,1.03
1788458791.086,idle,6.361,2.22,22.0,1,1,2,6.375,2.225,-25.6,0.0,0.014,0.0,0.0,,1.03
1788458791.143,idle,6.361,2.22,22.0,1,1,2,6.375,2.225,-25.6,0.0,0.014,0.0,0.0,,1.03
1788458791.198,idle,6.361,2.22,22.0,1,1,2,6.375,2.225,-25.6,0.0,0.014,0.0,0.0,,1.03
1788458791.251,idle,6.361,2.22,22.0,1,1,2,6.375,2.225,-25.6,0.0,0.014,0.0,0.0,,1.03
1788458791.305,idle,6.361,2.22,22.0,1,1,2,6.375,2.225,-25.6,0.0,0.014,0.0,0.0,,1.03
1788458791.359,idle,6.361,2.22,22.0,1,1,2,6.375,2.225,-25.6,0.0,0.014,0.0,0.0,,1.03
1788458791.409,idle,6.361,2.22,22.0,1,1,2,6.375,2.225,-25.6,0.0,0.014,0.0,0.0,,1.03
1788458791.459,idle,6.361,2.22,22.0,1,1,2,6.375,2.225,-25.6,0.0,0.014,0.0,0.0,,1.03
1788458791.511,idle,6.361,2.22,22.0,1,1,2,6.375,2.225,-25.6,0.0,0.014,0.0,0.0,,1.03
1788458791.563,idle,6.361,2.22,22.0,1,1,2,6.375,2.225,-25.6,0.0,0.014,0.0,0.0,,1.03
1788458791.615,idle,6.361,2.22,22.0,1,1,2,6.375,2.225,-25.6,0.0,0.014,0.0,0.0,,1.03
1788458791.67,idle,6.361,2.22,22.0,1,1,2,6.375,2.225,-25.6,0.0,0.014,0.0,0.0,,1.03
1788458791.724,idle,6.361,2.22,22.0,1,1,2,6.375,2.225,-25.6,0.0,0.014,0.0,0.0,,1.03
1788458791.784,idle,6.361,2.22,22.0,1,1,2,6.375,2.225,-25.6,0.0,0.014,0.0,0.0,,1.03
1788458791.84,idle,6.361,2.22,22.0,1,1,2,6.375,2.225,-25.6,0.0,0.014,0.0,0.0,,1.03
1788458791.903,idle,6.361,2.22,22.0,1,1,2,6.375,2.225,-25.6,0.0,0.014,0.0,0.0,,1.03
1788458791.959,idle,6.361,2.22,22.0,1,1,2,6.375,2.225,-25.6,0.0,0.014,0.0,0.0,,1.03
1788458792.015,idle,6.361,2.22,22.0,1,1,2,6.375,2.225,-25.6,0.0,0.014,0.0,0.0,,1.03
1788458792.066,idle,6.361,2.22,22.0,1,1,2,6.375,2.225,-25.6,0.0,0.014,0.0,0.0,,1.03
1788458792.121,idle,6.361,2.22,22.0,1,1,2,6.375,2.225,-25.6,0.0,0.014,0.0,0.0,,1.03
1788458792.172,idle,6.361,2.22,22.0,1,1,2,6.375,2.225,-25.6,0.0,0.014,0.0,0.0,,1.03
1788458792.225,idle,6.361,2.22,22.0,1,1,2,6.375,2.225,-25.6,0.0,0.014,0.0,0.0,,1.03
1788458792.275,idle,6.361,2.22,22.0,1,1,2,6.375,2.225,-25.6,0.0,0.014,0.0,0.0,,1.03
1788458792.329,idle,6.361,2.22,22.0,1,1,2,6.375,2.225,-25.6,0.0,0.014,0.0,0.0,,1.03
1788458792.38,idle,6.361,2.22,22.0,1,1,2,6.375,2.225,-25.6,0.0,0.014,0.0,0.0,,1.03
1788458792.431,idle,6.361,2.22,22.0,1,1,2,6.375,2.225,-25.6,0.0,0.014,0.0,0.0,,1.03
1788458792.485,idle,6.361,2.22,22.0,1,1,2,6.375,2.225,-25.6,0.0,0.014,0.0,0.0,,1.03
1788458792.544,idle,6.361,2.22,22.0,1,1,2,6.375,2.225,-25.6,0.0,0.014,0.0,0.0,,1.03
1788458792.602,idle,6.361,2.22,22.0,1,1,2,6.375,2.225,-25.6,0.0,0.014,0.0,0.0,,1.03
1788458792.661,idle,6.361,2.22,22.0,1,1,2,6.375,2.225,-25.6,0.0,0.014,0.0,0.0,,1.03
1788458792.717,idle,6.361,2.22,22.0,1,1,2,6.375,2.225,-25.6,0.0,0.014,0.0,0.0,,1.03
1788458792.773,idle,6.361,2.22,22.0,1,1,2,6.375,2.225,-25.6,0.0,0.014,0.0,0.0,,1.03
1788458792.824,idle,6.361,2.22,22.0,1,1,2,6.375,2.225,-25.6,0.0,0.014,0.0,0.0,,1.03
1788458792.876,idle,6.361,2.22,22.0,1,1,2,6.375,2.225,-25.6,0.0,0.014,0.0,0.0,,1.03
1788458792.927,idle,6.361,2.22,22.0,1,1,2,6.375,2.225,-25.6,0.0,0.014,0.0,0.0,,1.03
1788458792.978,idle,6.361,2.22,22.0,1,1,2,6.375,2.225,-25.6,0.0,0.014,0.0,0.0,,1.03
1788458793.029,idle,6.361,2.22,22.0,1,1,2,6.375,2.225,-25.6,0.0,0.014,0.0,0.0,,1.03
1788458793.082,idle,6.361,2.22,22.0,1,1,2,6.375,2.225,-25.6,0.0,0.014,0.0,0.0,,1.03
1788458793.134,idle,6.361,2.22,22.0,1,1,2,6.375,2.225,-25.6,0.0,0.014,0.0,0.0,,1.03
1788458793.187,idle,6.361,2.22,22.0,1,1,2,6.375,2.225,-25.6,0.0,0.014,0.0,0.0,,1.03
1788458793.237,idle,6.361,2.22,22.0,1,1,2,6.375,2.225,-25.6,0.0,0.014,0.0,0.0,,1.03
1788458793.296,idle,6.361,2.22,22.0,1,1,2,6.375,2.225,-25.6,0.0,0.014,0.0,0.0,,1.03
1788458793.355,idle,6.361,2.22,22.0,1,1,2,6.375,2.225,-25.6,0.0,0.014,0.0,0.0,,1.03
1788458793.414,idle,6.361,2.22,22.0,1,1,2,6.375,2.225,-25.6,0.0,0.014,0.0,0.0,,1.03
1788458793.472,idle,6.361,2.22,22.0,1,1,2,6.375,2.225,-25.6,0.0,0.014,0.0,0.0,,1.03
1788458793.533,idle,6.361,2.22,22.0,1,1,2,6.375,2.225,-25.6,0.0,0.014,0.0,0.0,,1.03
1788458793.586,idle,6.361,2.22,22.0,1,1,2,6.375,2.225,-25.6,0.0,0.014,0.0,0.0,,1.03
1788458793.637,idle,6.361,2.22,22.0,1,1,2,6.375,2.225,-25.6,0.0,0.014,0.0,0.0,,1.03
1788458793.689,idle,6.361,2.22,22.0,1,1,2,6.375,2.225,-25.6,0.0,0.014,0.0,0.0,,1.03
1788458793.744,idle,6.361,2.22,22.0,1,1,2,6.375,2.225,-25.6,0.0,0.014,0.0,0.0,,1.03
1788458793.797,idle,6.361,2.22,22.0,1,1,2,6.375,2.225,-25.6,0.0,0.014,0.0,0.0,,1.03
1788458793.849,idle,6.361,2.22,22.0,1,1,2,6.375,2.225,-25.6,0.0,0.014,0.0,0.0,,1.03
1788458793.901,idle,6.361,2.22,22.0,1,1,2,6.375,2.225,-25.6,0.0,0.014,0.0,0.0,,1.03
1788458793.953,idle,6.361,2.22,22.0,1,1,2,6.375,2.225,-25.6,0.0,0.014,0.0,0.0,,1.03
1788458794.009,idle,6.361,2.22,22.0,1,1,2,6.375,2.225,-25.6,0.0,0.014,0.0,0.0,,1.03
1788458794.062,idle,6.361,2.22,22.0,1,1,2,6.375,2.225,-25.6,0.0,0.014,0.0,0.0,,1.03
1788458794.119,idle,6.361,2.22,22.0,1,1,2,6.375,2.225,-25.6,0.0,0.014,0.0,0.0,,1.03
1788458794.179,idle,6.361,2.22,22.0,1,1,2,6.375,2.225,-25.6,0.0,0.014,0.0,0.0,,1.03
1788458794.238,idle,6.361,2.22,22.0,1,1,2,6.375,2.225,-25.6,0.0,0.014,0.0,0.0,,1.03
1788458794.295,idle,6.361,2.22,22.0,1,1,2,6.375,2.225,-25.6,0.0,0.014,0.0,0.0,,1.03
1788458794.348,idle,6.361,2.22,22.0,1,1,2,6.375,2.225,-25.6,0.0,0.014,0.0,0.0,,1.03
1788458794.398,idle,6.361,2.22,22.0,1,1,2,6.375,2.225,-25.6,0.0,0.014,0.0,0.0,,1.03
1788458794.451,idle,6.361,2.22,22.0,1,1,2,6.375,2.225,-25.6,0.0,0.014,0.0,0.0,,1.03
1788458794.504,idle,6.361,2.22,22.0,1,1,2,6.375,2.225,-25.6,0.0,0.014,0.0,0.0,,1.03
1788458794.556,idle,6.361,2.22,22.0,1,1,2,6.375,2.225,-25.6,0.0,0.014,0.0,0.0,,1.03
1788458794.608,idle,6.361,2.22,22.0,1,1,2,6.375,2.225,-25.6,0.0,0.014,0.0,0.0,,1.03
1788458794.66,idle,6.361,2.22,22.0,1,1,2,6.375,2.225,-25.6,0.0,0.014,0.0,0.0,,1.03
1788458794.714,idle,6.361,2.22,22.0,1,1,2,6.375,2.225,-25.6,0.0,0.014,0.0,0.0,,1.03
1788458794.766,idle,6.361,2.22,22.0,1,1,2,6.375,2.225,-25.6,0.0,0.014,0.0,0.0,,1.03
1788458794.822,idle,6.361,2.22,22.0,1,1,2,6.375,2.225,-25.6,0.0,0.014,0.0,0.0,,1.03
1788458794.878,idle,6.361,2.22,22.0,1,1,2,6.375,2.225,-25.6,0.0,0.014,0.0,0.0,,1.03
1788458794.938,idle,6.361,2.22,22.0,1,1,2,6.375,2.225,-25.6,0.0,0.014,0.0,0.0,,1.03
1788458794.996,idle,6.361,2.22,22.0,1,1,2,6.375,2.225,-25.6,0.0,0.014,0.0,0.0,,1.03
1788458795.053,idle,6.361,2.22,22.0,1,1,2,6.375,2.225,-25.6,0.0,0.014,0.0,0.0,,1.03
1788458795.107,idle,6.361,2.22,22.0,1,1,2,6.375,2.225,-25.6,0.0,0.014,0.0,0.0,,1.03
1788458795.16,idle,6.361,2.22,22.0,1,1,2,6.375,2.225,-25.6,0.0,0.014,0.0,0.0,,1.03
1788458795.212,idle,6.361,2.22,22.0,1,1,2,6.375,2.225,-25.6,0.0,0.014,0.0,0.0,,1.03
1788458795.268,idle,6.361,2.22,22.0,1,1,2,6.375,2.225,-25.6,0.0,0.014,0.0,0.0,,1.03
1788458795.33,idle,6.361,2.22,22.0,1,1,2,6.375,2.225,-25.6,0.0,0.014,0.0,0.0,,1.03
1788458795.39,idle,6.361,2.22,22.0,1,1,2,6.375,2.225,-25.6,0.0,0.014,0.0,0.0,,1.03
1788458795.453,idle,6.361,2.22,22.0,1,1,2,6.375,2.225,-25.6,0.0,0.014,0.0,0.0,,1.03
1788458795.506,idle,6.361,2.22,22.0,1,1,2,6.375,2.225,-25.6,0.0,0.014,0.0,0.0,,1.03
1788458795.561,idle,6.361,2.22,22.0,1,1,2,6.375,2.225,-25.6,0.0,0.014,0.0,0.0,,1.03
1788458795.619,idle,6.361,2.22,22.0,1,1,2,6.375,2.225,-25.6,0.0,0.014,0.0,0.0,,1.03
1788458795.676,idle,6.361,2.22,22.0,1,1,2,6.375,2.225,-25.6,0.0,0.014,0.0,0.0,,1.03
1788458795.742,idle,6.361,2.22,22.0,1,1,2,6.375,2.225,-25.6,0.0,0.014,0.0,0.0,,1.03
1788458795.803,idle,6.361,2.22,22.0,1,1,2,6.375,2.225,-25.6,0.0,0.014,0.0,0.0,,1.03
1788458795.865,idle,6.361,2.22,22.0,1,1,2,6.375,2.225,-25.6,0.0,0.014,0.0,0.0,,1.03
1788458795.923,idle,6.361,2.22,22.0,1,1,2,6.375,2.225,-25.6,0.0,0.014,0.0,0.0,,1.03
1788458795.979,idle,6.361,2.22,22.0,1,1,2,6.375,2.225,-25.6,0.0,0.014,0.0,0.0,,1.03
1788458796.035,idle,6.361,2.22,22.0,1,1,2,6.375,2.225,-25.6,0.0,0.014,0.0,0.0,,1.03
1788458796.092,idle,6.361,2.22,22.0,1,1,2,6.375,2.225,-25.6,0.0,0.014,0.0,0.0,,1.03
1788458796.143,idle,6.361,2.22,22.0,1,1,2,6.375,2.225,-25.6,0.0,0.014,0.0,0.0,,1.03
1788458796.195,idle,6.361,2.22,22.0,1,1,2,6.375,2.225,-25.6,0.0,0.014,0.0,0.0,,1.03
1788458796.245,idle,6.361,2.22,22.0,1,1,2,6.375,2.225,-25.6,0.0,0.014,0.0,0.0,,1.03
1788458796.297,idle,6.361,2.22,22.0,1,1,2,6.375,2.225,-25.6,0.0,0.014,0.0,0.0,,1.03
1788458796.352,idle,6.361,2.22,22.0,1,1,2,6.375,2.225,-25.6,0.0,0.014,0.0,0.0,,1.03
1788458796.407,idle,6.361,2.22,22.0,1,1,2,6.375,2.225,-25.6,0.0,0.014,0.0,0.0,,1.03
1788458796.467,idle,6.361,2.22,22.0,1,1,2,6.375,2.225,-25.6,0.0,0.014,0.0,0.0,,1.03
1788458796.528,idle,6.361,2.22,22.0,1,1,2,6.375,2.225,-25.6,0.0,0.014,0.0,0.0,,1.03
1788458796.591,idle,6.361,2.22,22.0,1,1,2,6.375,2.225,-25.6,0.0,0.014,0.0,0.0,,1.03
1788458796.646,idle,6.361,2.22,22.0,1,1,2,6.375,2.225,-25.6,0.0,0.014,0.0,0.0,,1.03
1788458796.703,idle,6.361,2.22,22.0,1,1,2,6.375,2.225,-25.6,0.0,0.014,0.0,0.0,,1.03
1788458796.757,idle,6.361,2.22,22.0,1,1,2,6.375,2.225,-25.6,0.0,0.014,0.0,0.0,,1.03
1788458796.812,idle,6.361,2.22,22.0,1,1,2,6.375,2.225,-25.6,0.0,0.014,0.0,0.0,,1.03
1788458796.864,idle,6.361,2.22,22.0,1,1,2,6.375,2.225,-25.6,0.0,0.014,0.0,0.0,,1.03
1788458796.917,idle,6.361,2.22,22.0,1,1,2,6.375,2.225,-25.6,0.0,0.014,0.0,0.0,,1.03
1788458796.972,idle,6.361,2.22,22.0,1,1,2,6.375,2.225,-25.6,0.0,0.014,0.0,0.0,,1.03
1788458797.023,idle,6.361,2.22,22.0,1,1,2,6.375,2.225,-25.6,0.0,0.014,0.0,0.0,,1.03
1788458797.076,idle,6.361,2.22,22.0,1,1,2,6.375,2.225,-25.6,0.0,0.014,0.0,0.0,,1.03
1788458797.127,idle,6.361,2.22,22.0,1,1,2,6.375,2.225,-25.6,0.0,0.014,0.0,0.0,,1.03
1788458797.181,idle,6.361,2.22,22.0,1,1,2,6.375,2.225,-25.6,0.0,0.014,0.0,0.0,,1.03
1788458797.238,idle,6.361,2.22,22.0,1,1,2,6.375,2.225,-25.6,0.0,0.014,0.0,0.0,,1.03
1788458797.296,idle,6.361,2.22,22.0,1,1,2,6.375,2.225,-25.6,0.0,0.014,0.0,0.0,,1.03
1788458797.357,idle,6.361,2.22,22.0,1,1,2,6.375,2.225,-25.6,0.0,0.014,0.0,0.0,,1.03
1788458797.357,idle,6.361,2.22,22.0,1,1,2,6.375,2.225,-25.6,0.0,0.014,0.0,0.0,,1.03
1788458797.47,idle,6.361,2.22,22.0,1,1,2,6.375,2.225,-25.6,0.0,0.014,0.0,0.0,,1.03
1788458797.523,idle,6.361,2.22,22.0,1,1,2,6.375,2.225,-25.6,0.0,0.014,0.0,0.0,,1.03
1788458797.575,idle,6.361,2.22,22.0,1,1,2,6.375,2.225,-25.6,0.0,0.014,0.0,0.0,,1.03
1788458797.631,idle,6.361,2.22,22.0,1,1,2,6.375,2.225,-25.6,0.0,0.014,0.0,0.0,,1.03
1788458797.688,idle,6.361,2.22,22.0,1,1,2,6.375,2.225,-25.6,0.0,0.014,0.0,0.0,,1.03
1788458797.739,idle,6.361,2.22,22.0,1,1,2,6.375,2.225,-25.6,0.0,0.014,0.0,0.0,,1.03
1788458797.794,idle,6.361,2.22,22.0,1,1,2,6.375,2.225,-25.6,0.0,0.014,0.0,0.0,,1.03
1788458797.85,idle,6.361,2.22,22.0,1,1,2,6.375,2.225,-25.6,0.0,0.014,0.0,0.0,,1.03
1788458797.905,idle,6.361,2.22,22.0,1,1,2,6.375,2.225,-25.6,0.0,0.014,0.0,0.0,,1.03
1788458797.965,idle,6.361,2.22,22.0,1,1,2,6.375,2.225,-25.6,0.0,0.014,0.0,0.0,,1.03
1788458798.03,idle,6.361,2.22,22.0,1,1,2,6.375,2.225,-25.6,0.0,0.014,0.0,0.0,,1.03
1788458798.091,idle,6.361,2.22,22.0,1,1,2,6.375,2.225,-25.6,0.0,0.014,0.0,0.0,,1.03
1788458798.148,idle,6.361,2.22,22.0,1,1,2,6.375,2.225,-25.6,0.0,0.014,0.0,0.0,,1.03
1788458798.208,idle,6.361,2.22,22.0,1,1,2,6.375,2.225,-25.6,0.0,0.014,0.0,0.0,,1.03
1788458798.264,idle,6.361,2.22,22.0,1,1,2,6.375,2.225,-25.6,0.0,0.014,0.0,0.0,,1.03
1788458798.32,idle,6.361,2.22,22.0,1,1,2,6.375,2.225,-25.6,0.0,0.014,0.0,0.0,,1.03
1788458798.372,idle,6.361,2.22,22.0,1,1,2,6.375,2.225,-25.6,0.0,0.014,0.0,0.0,,1.03
1788458798.433,idle,6.361,2.22,22.0,1,1,2,6.375,2.225,-25.6,0.0,0.014,0.0,0.0,,1.03
1788458798.485,idle,6.361,2.22,22.0,1,1,2,6.375,2.225,-25.6,0.0,0.014,0.0,0.0,,1.03
1788458798.539,idle,6.361,2.22,22.0,1,1,2,6.375,2.225,-25.6,0.0,0.014,0.0,0.0,,1.03
1788458798.592,idle,6.361,2.22,22.0,1,1,2,6.375,2.225,-25.6,0.0,0.014,0.0,0.0,,1.03
1788458798.645,idle,6.361,2.22,22.0,1,1,2,6.375,2.225,-25.6,0.0,0.014,0.0,0.0,,1.03
1788458798.702,idle,6.361,2.22,22.0,1,1,2,6.375,2.225,-25.6,0.0,0.014,0.0,0.0,,1.03
1788458798.758,idle,6.361,2.22,22.0,1,1,2,6.375,2.225,-25.6,0.0,0.014,0.0,0.0,,1.03
1788458798.818,idle,6.361,2.22,22.0,1,1,2,6.375,2.225,-25.6,0.0,0.014,0.0,0.0,,1.03
1788458798.881,idle,6.361,2.22,22.0,1,1,2,6.375,2.225,-25.6,0.0,0.014,0.0,0.0,,1.03
1788458798.941,idle,6.361,2.22,22.0,1,1,2,6.375,2.225,-25.6,0.0,0.014,0.0,0.0,,1.03
1788458798.999,idle,6.361,2.22,22.0,1,1,2,6.375,2.225,-25.6,0.0,0.014,0.0,0.0,,1.03
1788458799.057,idle,6.361,2.22,22.0,1,1,2,6.375,2.225,-25.6,0.0,0.014,0.0,0.0,,1.03
1788458799.122,idle,6.361,2.22,22.0,1,1,2,6.375,2.225,-25.6,0.0,0.014,0.0,0.0,,1.03
1788458799.185,idle,6.361,2.22,22.0,1,1,2,6.375,2.225,-25.6,0.0,0.014,0.0,0.0,,1.03
1788458799.248,idle,6.361,2.22,22.0,1,1,2,6.375,2.225,-25.6,0.0,0.014,0.0,0.0,,1.03
1788458799.314,idle,6.361,2.22,22.0,1,1,2,6.375,2.225,-25.6,0.0,0.014,0.0,0.0,,1.03
1788458799.374,idle,6.361,2.22,22.0,1,1,2,6.375,2.225,-25.6,0.0,0.014,0.0,0.0,,1.03
1788458799.428,idle,6.361,2.22,22.0,1,1,2,6.375,2.225,-25.6,0.0,0.014,0.0,0.0,,1.03
1788458799.482,idle,6.361,2.22,22.0,1,1,2,6.375,2.225,-25.6,0.0,0.014,0.0,0.0,,1.03
1788458799.54,idle,6.361,2.22,22.0,1,1,2,6.375,2.225,-25.6,0.0,0.014,0.0,0.0,,1.03
1788458799.604,idle,6.361,2.22,22.0,1,1,2,6.375,2.225,-25.6,0.0,0.014,0.0,0.0,,1.03
1788458799.684,idle,6.361,2.22,22.0,1,1,2,6.375,2.225,-25.6,0.0,0.014,0.0,0.0,,1.03
1788458799.762,idle,6.361,2.22,22.0,1,1,2,6.375,2.225,-25.6,0.0,0.014,0.0,0.0,,1.03
1788458799.835,idle,6.361,2.22,22.0,1,1,2,6.375,2.225,-25.6,0.0,0.014,0.0,0.0,,1.03
1788458799.902,idle,6.361,2.22,22.0,1,1,2,6.375,2.225,-25.6,0.0,0.014,0.0,0.0,,1.03
1788458799.962,idle,6.361,2.22,22.0,1,1,2,6.375,2.225,-25.6,0.0,0.014,0.0,0.0,,1.03
1788458800.025,idle,6.361,2.22,22.0,1,1,2,6.375,2.225,-25.6,0.0,0.014,0.0,0.0,,1.03
1788458800.101,idle,6.361,2.22,22.0,1,1,2,6.375,2.225,-25.6,0.0,0.014,0.0,0.0,,1.03
1788458800.172,idle,6.361,2.22,22.0,1,1,2,6.375,2.225,-25.6,0.0,0.014,0.0,0.0,,1.03
1788458800.236,idle,6.361,2.22,22.0,1,1,2,6.375,2.225,-25.6,0.0,0.014,0.0,0.0,,1.03
1788458800.299,idle,6.361,2.22,22.0,1,1,2,6.375,2.225,-25.6,0.0,0.014,0.0,0.0,,1.03
1788458800.359,idle,6.361,2.22,22.0,1,1,2,6.375,2.225,-25.6,0.0,0.014,0.0,0.0,,1.03
1788458800.414,idle,6.361,2.22,22.0,1,1,2,6.375,2.225,-25.6,0.0,0.014,0.0,0.0,,1.03
1788458800.467,idle,6.361,2.22,22.0,1,1,2,6.375,2.225,-25.6,0.0,0.014,0.0,0.0,,1.03
1788458800.523,idle,6.361,2.22,22.0,1,1,2,6.375,2.225,-25.6,0.0,0.014,0.0,0.0,,1.03
1788458800.578,idle,6.361,2.22,22.0,1,1,2,6.375,2.225,-25.6,0.0,0.014,0.0,0.0,,1.03
1788458800.633,idle,6.361,2.22,22.0,1,1,2,6.375,2.225,-25.6,0.0,0.014,0.0,0.0,,1.03
1788458800.686,idle,6.361,2.22,22.0,1,1,2,6.375,2.225,-25.6,0.0,0.014,0.0,0.0,,1.03
1788458800.743,idle,6.361,2.22,22.0,1,1,2,6.375,2.225,-25.6,0.0,0.014,0.0,0.0,,1.03
1788458800.798,idle,6.361,2.22,22.0,1,1,2,6.375,2.225,-25.6,0.0,0.014,0.0,0.0,,1.03
1788458800.857,idle,6.361,2.22,22.0,1,1,2,6.375,2.225,-25.6,0.0,0.014,0.0,0.0,,1.03
1788458800.917,idle,6.361,2.22,22.0,1,1,2,6.375,2.225,-25.6,0.0,0.014,0.0,0.0,,1.03
1788458800.979,idle,6.361,2.22,22.0,1,1,2,6.375,2.225,-25.6,0.0,0.014,0.0,0.0,,1.03
1788458801.04,idle,6.361,2.22,22.0,1,1,2,6.375,2.225,-25.6,0.0,0.014,0.0,0.0,,1.03
1788458801.096,idle,6.361,2.22,22.0,1,1,2,6.375,2.225,-25.6,0.0,0.014,0.0,0.0,,1.03
1788458801.149,idle,6.361,2.22,22.0,1,1,2,6.375,2.225,-25.6,0.0,0.014,0.0,0.0,,1.03
1788458801.203,idle,6.361,2.22,22.0,1,1,2,6.375,2.225,-25.6,0.0,0.014,0.0,0.0,,1.03
1788458801.256,idle,6.361,2.22,22.0,1,1,2,6.375,2.225,-25.6,0.0,0.014,0.0,0.0,,1.03
1788458801.31,idle,6.361,2.22,22.0,1,1,2,6.375,2.225,-25.6,0.0,0.014,0.0,0.0,,1.03
1788458801.363,idle,6.361,2.22,22.0,1,1,2,6.375,2.225,-25.6,0.0,0.014,0.0,0.0,,1.03
1788458801.419,idle,6.361,2.22,22.0,1,1,2,6.375,2.225,-25.6,0.0,0.014,0.0,0.0,,1.03
1788458801.469,idle,6.361,2.22,22.0,1,1,2,6.375,2.225,-25.6,0.0,0.014,0.0,0.0,,1.03
1788458801.523,idle,6.361,2.22,22.0,1,1,2,6.375,2.225,-25.6,0.0,0.014,0.0,0.0,,1.03
1788458801.576,idle,6.361,2.22,22.0,1,1,2,6.375,2.225,-25.6,0.0,0.014,0.0,0.0,,1.03
1788458801.634,idle,6.361,2.22,22.0,1,1,2,6.375,2.225,-25.6,0.0,0.014,0.0,0.0,,1.03
1788458801.693,idle,6.361,2.22,22.0,1,1,2,6.375,2.225,-25.6,0.0,0.014,0.0,0.0,,1.03
1788458801.756,idle,6.361,2.22,22.0,1,1,2,6.375,2.225,-25.6,0.0,0.014,0.0,0.0,,1.03
1788458801.816,idle,6.361,2.22,22.0,1,1,2,6.375,2.225,-25.6,0.0,0.014,0.0,0.0,,1.03
1788458801.872,idle,6.361,2.22,22.0,1,1,2,6.375,2.225,-25.6,0.0,0.014,0.0,0.0,,1.03
1788458801.925,idle,6.361,2.22,22.0,1,1,2,6.375,2.225,-25.6,0.0,0.014,0.0,0.0,,1.03
1788458801.977,idle,6.361,2.22,22.0,1,1,2,6.375,2.225,-25.6,0.0,0.014,0.0,0.0,,1.03
1788458802.032,idle,6.361,2.22,22.0,1,1,2,6.375,2.225,-25.6,0.0,0.014,0.0,0.0,,1.03
1788458802.085,idle,6.361,2.22,22.0,1,1,2,6.375,2.225,-25.6,0.0,0.014,0.0,0.0,,1.03
1788458802.137,idle,6.361,2.22,22.0,1,1,2,6.375,2.225,-25.6,0.0,0.014,0.0,0.0,,1.03
1788458802.191,idle,6.361,2.22,22.0,1,1,2,6.375,2.225,-25.6,0.0,0.014,0.0,0.0,,1.03
1788458802.243,idle,6.361,2.22,22.0,1,1,2,6.375,2.225,-25.6,0.0,0.014,0.0,0.0,,1.03
1788458802.299,idle,6.361,2.22,22.0,1,1,2,6.375,2.225,-25.6,0.0,0.014,0.0,0.0,,1.03
1788458802.358,idle,6.361,2.22,22.0,1,1,2,6.375,2.225,-25.6,0.0,0.014,0.0,0.0,,1.03
1788458802.42,idle,6.361,2.22,22.0,1,1,2,6.375,2.225,-25.6,0.0,0.014,0.0,0.0,,1.03
1788458802.48,idle,6.361,2.22,22.0,1,1,2,6.375,2.225,-25.6,0.0,0.014,0.0,0.0,,1.03
1788458802.54,idle,6.361,2.22,22.0,1,1,2,6.375,2.225,-25.6,0.0,0.014,0.0,0.0,,1.03
1788458802.599,idle,6.361,2.22,22.0,1,1,2,6.375,2.225,-25.6,0.0,0.014,0.0,0.0,,1.03
1788458802.657,idle,6.361,2.22,22.0,1,1,2,6.375,2.225,-25.6,0.0,0.014,0.0,0.0,,1.03
1788458802.712,idle,6.361,2.22,22.0,1,1,2,6.375,2.225,-25.6,0.0,0.014,0.0,0.0,,1.03
1788458802.767,idle,6.361,2.22,22.0,1,1,2,6.375,2.225,-25.6,0.0,0.014,0.0,0.0,,1.03
1788458802.822,idle,6.361,2.22,22.0,1,1,2,6.375,2.225,-25.6,0.0,0.014,0.0,0.0,,1.03
1788458802.876,idle,6.361,2.22,22.0,1,1,2,6.375,2.225,-25.6,0.0,0.014,0.0,0.0,,1.03
1788458802.926,idle,6.361,2.22,22.0,1,1,2,6.375,2.225,-25.6,0.0,0.014,0.0,0.0,,1.03
1788458802.978,idle,6.361,2.22,22.0,1,1,2,6.375,2.225,-25.6,0.0,0.014,0.0,0.0,,1.03
1788458803.03,idle,6.361,2.22,22.0,1,1,2,6.375,2.225,-25.6,0.0,0.014,0.0,0.0,,1.03
1788458803.087,idle,6.361,2.22,22.0,1,1,2,6.375,2.225,-25.6,0.0,0.014,0.0,0.0,,1.03
1788458803.088,idle,6.361,2.22,22.0,1,1,2,6.375,2.225,-25.6,0.0,0.014,0.0,0.0,,1.03
1788458803.204,idle,6.361,2.22,22.0,1,1,2,6.375,2.225,-25.6,0.0,0.014,0.0,0.0,,1.03
1788458803.271,idle,6.361,2.22,22.0,1,1,2,6.375,2.225,-25.6,0.0,0.014,0.0,0.0,,1.03
1788458803.33,idle,6.361,2.22,22.0,1,1,2,6.375,2.225,-25.6,0.0,0.014,0.0,0.0,,1.03
1788458803.392,idle,6.361,2.22,22.0,1,1,2,6.375,2.225,-25.6,0.0,0.014,0.0,0.0,,1.03
1788458803.458,idle,6.361,2.22,22.0,1,1,2,6.375,2.225,-25.6,0.0,0.014,0.0,0.0,,1.03
1788458803.517,idle,6.361,2.22,22.0,1,1,2,6.375,2.225,-25.6,0.0,0.014,0.0,0.0,,1.03
1788458803.572,idle,6.361,2.22,22.0,1,1,2,6.375,2.225,-25.6,0.0,0.014,0.0,0.0,,1.03
1788458803.626,idle,6.361,2.22,22.0,1,1,2,6.375,2.225,-25.6,0.0,0.014,0.0,0.0,,1.03
1788458803.681,idle,6.361,2.22,22.0,1,1,2,6.375,2.225,-25.6,0.0,0.014,0.0,0.0,,1.03
1788458803.736,idle,6.361,2.22,22.0,1,1,2,6.375,2.225,-25.6,0.0,0.014,0.0,0.0,,1.03
1788458803.789,idle,6.361,2.22,22.0,1,1,2,6.375,2.225,-25.6,0.0,0.014,0.0,0.0,,1.03
1788458803.84,idle,6.361,2.22,22.0,1,1,2,6.375,2.225,-25.6,0.0,0.014,0.0,0.0,,1.03
1788458803.893,idle,6.361,2.22,22.0,1,1,2,6.375,2.225,-25.6,0.0,0.014,0.0,0.0,,1.03
1788458803.943,idle,6.361,2.22,22.0,1,1,2,6.375,2.225,-25.6,0.0,0.014,0.0,0.0,,1.03
1788458804.001,idle,6.361,2.22,22.0,1,1,2,6.375,2.225,-25.6,0.0,0.014,0.0,0.0,,1.03
1788458804.059,idle,6.361,2.22,22.0,1,1,2,6.375,2.225,-25.6,0.0,0.014,0.0,0.0,,1.03
1788458804.122,idle,6.361,2.22,22.0,1,1,2,6.375,2.225,-25.6,0.0,0.014,0.0,0.0,,1.03
1788458804.178,idle,6.361,2.22,22.0,1,1,2,6.375,2.225,-25.6,0.0,0.014,0.0,0.0,,1.03
1788458804.238,idle,6.361,2.22,22.0,1,1,2,6.375,2.225,-25.6,0.0,0.014,0.0,0.0,,1.03
1788458804.293,idle,6.361,2.22,22.0,1,1,2,6.375,2.225,-25.6,0.0,0.014,0.0,0.0,,1.03
1788458804.347,idle,6.361,2.22,22.0,1,1,2,6.375,2.225,-25.6,0.0,0.014,0.0,0.0,,1.03
1788458804.399,idle,6.361,2.22,22.0,1,1,2,6.375,2.225,-25.6,0.0,0.014,0.0,0.0,,1.03
1788458804.452,idle,6.361,2.22,22.0,1,1,2,6.375,2.225,-25.6,0.0,0.014,0.0,0.0,,1.03
1788458804.507,idle,6.361,2.22,22.0,1,1,2,6.375,2.225,-25.6,0.0,0.014,0.0,0.0,,1.03
1788458804.559,idle,6.361,2.22,22.0,1,1,2,6.375,2.225,-25.6,0.0,0.014,0.0,0.0,,1.03
1788458804.611,idle,6.361,2.22,22.0,1,1,2,6.375,2.225,-25.6,0.0,0.014,0.0,0.0,,1.03
1788458804.665,idle,6.361,2.22,22.0,1,1,2,6.375,2.225,-25.6,0.0,0.014,0.0,0.0,,1.03
1788458804.719,idle,6.361,2.22,22.0,1,1,2,6.375,2.225,-25.6,0.0,0.014,0.0,0.0,,1.03
1788458804.774,idle,6.361,2.22,22.0,1,1,2,6.375,2.225,-25.6,0.0,0.014,0.0,0.0,,1.03
1788458804.832,idle,6.361,2.22,22.0,1,1,2,6.375,2.225,-25.6,0.0,0.014,0.0,0.0,,1.03
1788458804.895,idle,6.361,2.22,22.0,1,1,2,6.375,2.225,-25.6,0.0,0.014,0.0,0.0,,1.03
1788458804.957,idle,6.361,2.22,22.0,1,1,2,6.375,2.225,-25.6,0.0,0.014,0.0,0.0,,1.03
1788458805.013,idle,6.361,2.22,22.0,1,1,2,6.375,2.225,-25.6,0.0,0.014,0.0,0.0,,1.03
1788458805.067,idle,6.361,2.22,22.0,1,1,2,6.375,2.225,-25.6,0.0,0.014,0.0,0.0,,1.03
1788458805.118,idle,6.361,2.22,22.0,1,1,2,6.375,2.225,-25.6,0.0,0.014,0.0,0.0,,1.03
1788458805.169,idle,6.361,2.22,22.0,1,1,2,6.375,2.225,-25.6,0.0,0.014,0.0,0.0,,1.03
1788458805.223,idle,6.361,2.22,22.0,1,1,2,6.375,2.225,-25.6,0.0,0.014,0.0,0.0,,1.03
1788458805.277,idle,6.361,2.22,22.0,1,1,2,6.375,2.225,-25.6,0.0,0.014,0.0,0.0,,1.03
1788458805.328,idle,6.361,2.22,22.0,1,1,2,6.375,2.225,-25.6,0.0,0.014,0.0,0.0,,1.03
1788458805.378,idle,6.361,2.22,22.0,1,1,2,6.375,2.225,-25.6,0.0,0.014,0.0,0.0,,1.03
1788458805.432,idle,6.361,2.22,22.0,1,1,2,6.375,2.225,-25.6,0.0,0.014,0.0,0.0,,1.03
1788458805.484,idle,6.361,2.22,22.0,1,1,2,6.375,2.225,-25.6,0.0,0.014,0.0,0.0,,1.03
1788458805.535,idle,6.361,2.22,22.0,1,1,2,6.375,2.225,-25.6,0.0,0.014,0.0,0.0,,1.03
1788458805.588,idle,6.361,2.22,22.0,1,1,2,6.375,2.225,-25.6,0.0,0.014,0.0,0.0,,1.03
1788458805.649,idle,6.361,2.22,22.0,1,1,2,6.375,2.225,-25.6,0.0,0.014,0.0,0.0,,1.03
1788458805.71,idle,6.361,2.22,22.0,1,1,2,6.375,2.225,-25.6,0.0,0.014,0.0,0.0,,1.03
1788458805.771,idle,6.361,2.22,22.0,1,1,2,6.375,2.225,-25.6,0.0,0.014,0.0,0.0,,1.03
1788458805.827,idle,6.361,2.22,22.0,1,1,2,6.375,2.225,-25.6,0.0,0.014,0.0,0.0,,1.03
1788458805.878,idle,6.361,2.22,22.0,1,1,2,6.375,2.225,-25.6,0.0,0.014,0.0,0.0,,1.03
1788458805.929,idle,6.361,2.22,22.0,1,1,2,6.375,2.225,-25.6,0.0,0.014,0.0,0.0,,1.03
1788458805.982,idle,6.361,2.22,22.0,1,1,2,6.375,2.225,-25.6,0.0,0.014,0.0,0.0,,1.03
1788458806.033,idle,6.361,2.22,22.0,1,1,2,6.375,2.225,-25.6,0.0,0.014,0.0,0.0,,1.03
1788458806.088,idle,6.361,2.22,22.0,1,1,2,6.375,2.225,-25.6,0.0,0.014,0.0,0.0,,1.03
1788458806.139,idle,6.361,2.22,22.0,1,1,2,6.375,2.225,-25.6,0.0,0.014,0.0,0.0,,1.03
1788458806.192,idle,6.361,2.22,22.0,1,1,2,6.375,2.225,-25.6,0.0,0.014,0.0,0.0,,1.03
1788458806.243,idle,6.361,2.22,22.0,1,1,2,6.375,2.225,-25.6,0.0,0.014,0.0,0.0,,1.03
1788458806.294,idle,6.361,2.22,22.0,1,1,2,6.375,2.225,-25.6,0.0,0.014,0.0,0.0,,1.03
1788458806.345,idle,6.361,2.22,22.0,1,1,2,6.375,2.225,-25.6,0.0,0.014,0.0,0.0,,1.03
1788458806.406,idle,6.361,2.22,22.0,1,1,2,6.375,2.225,-25.6,0.0,0.014,0.0,0.0,,1.03
1788458806.462,idle,6.361,2.22,22.0,1,1,2,6.375,2.225,-25.6,0.0,0.014,0.0,0.0,,1.03
1788458806.526,idle,6.361,2.22,22.0,1,1,2,6.375,2.225,-25.6,0.0,0.014,0.0,0.0,,1.03
1788458806.585,idle,6.361,2.22,22.0,1,1,2,6.375,2.225,-25.6,0.0,0.014,0.0,0.0,,1.03
1788458806.638,idle,6.361,2.22,22.0,1,1,2,6.375,2.225,-25.6,0.0,0.014,0.0,0.0,,1.03
1788458806.691,idle,6.361,2.22,22.0,1,1,2,6.375,2.225,-25.6,0.0,0.014,0.0,0.0,,1.03
1788458806.744,idle,6.361,2.22,22.0,1,1,2,6.375,2.225,-25.6,0.0,0.014,0.0,0.0,,1.03
1788458806.796,idle,6.361,2.22,22.0,1,1,2,6.375,2.225,-25.6,0.0,0.014,0.0,0.0,,1.03
1788458806.848,idle,6.361,2.22,22.0,1,1,2,6.375,2.225,-25.6,0.0,0.014,0.0,0.0,,1.03
1788458806.898,idle,6.361,2.22,22.0,1,1,2,6.375,2.225,-25.6,0.0,0.014,0.0,0.0,,1.03
1788458806.95,idle,6.361,2.22,22.0,1,1,2,6.375,2.225,-25.6,0.0,0.014,0.0,0.0,,1.03
1788458807.003,idle,6.361,2.22,22.0,1,1,2,6.375,2.225,-25.6,0.0,0.014,0.0,0.0,,1.03
1788458807.056,idle,6.361,2.22,22.0,1,1,2,6.375,2.225,-25.6,0.0,0.014,0.0,0.0,,1.03
1788458807.107,idle,6.361,2.22,22.0,1,1,2,6.375,2.225,-25.6,0.0,0.014,0.0,0.0,,1.03
1788458807.164,idle,6.361,2.22,22.0,1,1,2,6.375,2.225,-25.6,0.0,0.014,0.0,0.0,,1.03
1788458807.222,idle,6.361,2.22,22.0,1,1,2,6.375,2.225,-25.6,0.0,0.014,0.0,0.0,,1.03
1788458807.285,idle,6.361,2.22,22.0,1,1,2,6.375,2.225,-25.6,0.0,0.014,0.0,0.0,,1.03
1788458807.344,idle,6.361,2.22,22.0,1,1,2,6.375,2.225,-25.6,0.0,0.014,0.0,0.0,,1.03
1788458807.403,idle,6.361,2.22,22.0,1,1,2,6.375,2.225,-25.6,0.0,0.014,0.0,0.0,,1.03
1788458807.458,idle,6.361,2.22,22.0,1,1,2,6.375,2.225,-25.6,0.0,0.014,0.0,0.0,,1.03
1788458807.513,idle,6.361,2.22,22.0,1,1,2,6.375,2.225,-25.6,0.0,0.014,0.0,0.0,,1.03
1788458807.565,idle,6.361,2.22,22.0,1,1,2,6.375,2.225,-25.6,0.0,0.014,0.0,0.0,,1.03
1788458807.62,idle,6.361,2.22,22.0,1,1,2,6.375,2.225,-25.6,0.0,0.014,0.0,0.0,,1.03
1788458807.671,idle,6.361,2.22,22.0,1,1,2,6.375,2.225,-25.6,0.0,0.014,0.0,0.0,,1.03
1788458807.724,idle,6.361,2.22,22.0,1,1,2,6.375,2.225,-25.6,0.0,0.014,0.0,0.0,,1.03
1788458807.777,idle,6.361,2.22,22.0,1,1,2,6.375,2.225,-25.6,0.0,0.014,0.0,0.0,,1.03
1788458807.829,idle,6.361,2.22,22.0,1,1,2,6.375,2.225,-25.6,0.0,0.014,0.0,0.0,,1.03
1788458807.882,idle,6.361,2.22,22.0,1,1,2,6.375,2.225,-25.6,0.0,0.014,0.0,0.0,,1.03
1788458807.94,idle,6.361,2.22,22.0,1,1,2,6.375,2.225,-25.6,0.0,0.014,0.0,0.0,,1.03
1788458808.005,idle,6.361,2.22,22.0,1,1,2,6.375,2.225,-25.6,0.0,0.014,0.0,0.0,,1.03
1788458808.064,idle,6.361,2.22,22.0,1,1,2,6.375,2.225,-25.6,0.0,0.014,0.0,0.0,,1.03
1788458808.125,idle,6.361,2.22,22.0,1,1,2,6.375,2.225,-25.6,0.0,0.014,0.0,0.0,,1.03
1788458808.182,idle,6.361,2.22,22.0,1,1,2,6.375,2.225,-25.6,0.0,0.014,0.0,0.0,,1.03
1788458808.234,idle,6.361,2.22,22.0,1,1,2,6.375,2.225,-25.6,0.0,0.014,0.0,0.0,,1.03
1788458808.289,idle,6.361,2.22,22.0,1,1,2,6.375,2.225,-25.6,0.0,0.014,0.0,0.0,,1.03
1788458808.341,idle,6.361,2.22,22.0,1,1,2,6.375,2.225,-25.6,0.0,0.014,0.0,0.0,,1.03
1788458808.393,idle,6.361,2.22,22.0,1,1,2,6.375,2.225,-25.6,0.0,0.014,0.0,0.0,,1.03
1788458808.446,idle,6.361,2.22,22.0,1,1,2,6.375,2.225,-25.6,0.0,0.014,0.0,0.0,,1.03
1788458808.515,idle,6.361,2.22,22.0,1,1,2,6.375,2.225,-25.6,0.0,0.014,0.0,0.0,,1.03
1788458808.585,idle,6.361,2.22,22.0,1,1,2,6.375,2.225,-25.6,0.0,0.014,0.0,0.0,,1.03
1788458808.65,idle,6.361,2.22,22.0,1,1,2,6.375,2.225,-25.6,0.0,0.014,0.0,0.0,,1.03
1788458808.724,idle,6.361,2.22,22.0,1,1,2,6.375,2.225,-25.6,0.0,0.014,0.0,0.0,,1.03
1788458808.787,idle,6.361,2.22,22.0,1,1,2,6.375,2.225,-25.6,0.0,0.014,0.0,0.0,,1.03
1788458808.849,idle,6.361,2.22,22.0,1,1,2,6.375,2.225,-25.6,0.0,0.014,0.0,0.0,,1.03
1788458808.912,idle,6.361,2.22,22.0,1,1,2,6.375,2.225,-25.6,0.0,0.014,0.0,0.0,,1.03
1788458808.969,idle,6.361,2.22,22.0,1,1,2,6.375,2.225,-25.6,0.0,0.014,0.0,0.0,,1.03
1788458809.027,idle,6.361,2.22,22.0,1,1,2,6.375,2.225,-25.6,0.0,0.014,0.0,0.0,,1.03
1788458809.086,idle,6.361,2.22,22.0,1,1,2,6.375,2.225,-25.6,0.0,0.014,0.0,0.0,,1.03
1788458809.141,idle,6.361,2.22,22.0,1,1,2,6.375,2.225,-25.6,0.0,0.014,0.0,0.0,,1.03
1788458809.195,idle,6.361,2.22,22.0,1,1,2,6.375,2.225,-25.6,0.0,0.014,0.0,0.0,,1.03
1788458809.253,idle,6.361,2.22,22.0,1,1,2,6.375,2.225,-25.6,0.0,0.014,0.0,0.0,,1.03
1788458809.313,idle,6.361,2.22,22.0,1,1,2,6.375,2.225,-25.6,0.0,0.014,0.0,0.0,,1.03
1788458809.367,idle,6.361,2.22,22.0,1,1,2,6.375,2.225,-25.6,0.0,0.014,0.0,0.0,,1.03
1788458809.419,idle,6.361,2.22,22.0,1,1,2,6.375,2.225,-25.6,0.0,0.014,0.0,0.0,,1.03
1788458809.472,idle,6.361,2.22,22.0,1,1,2,6.375,2.225,-25.6,0.0,0.014,0.0,0.0,,1.03
1788458809.53,idle,6.361,2.22,22.0,1,1,2,6.375,2.225,-25.6,0.0,0.014,0.0,0.0,,1.03
1788458809.589,idle,6.361,2.22,22.0,1,1,2,6.375,2.225,-25.6,0.0,0.014,0.0,0.0,,1.03
1788458809.647,idle,6.361,2.22,22.0,1,1,2,6.375,2.225,-25.6,0.0,0.014,0.0,0.0,,1.03
1788458809.708,idle,6.361,2.22,22.0,1,1,2,6.375,2.225,-25.6,0.0,0.014,0.0,0.0,,1.03
1788458809.765,idle,6.361,2.22,22.0,1,1,2,6.375,2.225,-25.6,0.0,0.014,0.0,0.0,,1.03
1788458809.818,idle,6.361,2.22,22.0,1,1,2,6.375,2.225,-25.6,0.0,0.014,0.0,0.0,,1.03
1788458809.867,idle,6.361,2.22,22.0,1,1,2,6.375,2.225,-25.6,0.0,0.014,0.0,0.0,,1.03
1788458809.921,idle,6.361,2.22,22.0,1,1,2,6.375,2.225,-25.6,0.0,0.014,0.0,0.0,,1.03
1788458809.972,idle,6.361,2.22,22.0,1,1,2,6.375,2.225,-25.6,0.0,0.014,0.0,0.0,,1.03
1788458810.027,idle,6.361,2.22,22.0,1,1,2,6.375,2.225,-25.6,0.0,0.014,0.0,0.0,,1.03
1788458810.081,idle,6.361,2.22,22.0,1,1,2,6.375,2.225,-25.6,0.0,0.014,0.0,0.0,,1.03
1788458810.134,idle,6.361,2.22,22.0,1,1,2,6.375,2.225,-25.6,0.0,0.014,0.0,0.0,,1.03
1788458810.187,idle,6.361,2.22,22.0,1,1,2,6.375,2.225,-25.6,0.0,0.014,0.0,0.0,,1.03
1788458810.24,idle,6.361,2.22,22.0,1,1,2,6.375,2.225,-25.6,0.0,0.014,0.0,0.0,,1.03
1788458810.296,idle,6.361,2.22,22.0,1,1,2,6.375,2.225,-25.6,0.0,0.014,0.0,0.0,,1.03
1788458810.356,idle,6.361,2.22,22.0,1,1,2,6.375,2.225,-25.6,0.0,0.014,0.0,0.0,,1.03
1788458810.413,idle,6.361,2.22,22.0,1,1,2,6.375,2.225,-25.6,0.0,0.014,0.0,0.0,,1.03
1788458810.474,idle,6.361,2.22,22.0,1,1,2,6.375,2.225,-25.6,0.0,0.014,0.0,0.0,,1.03
1788458810.532,idle,6.361,2.22,22.0,1,1,2,6.375,2.225,-25.6,0.0,0.014,0.0,0.0,,1.03
1788458810.589,idle,6.361,2.22,22.0,1,1,2,6.375,2.225,-25.6,0.0,0.014,0.0,0.0,,1.03
1788458810.64,idle,6.361,2.22,22.0,1,1,2,6.375,2.225,-25.6,0.0,0.014,0.0,0.0,,1.03
1788458810.694,idle,6.361,2.22,22.0,1,1,2,6.375,2.225,-25.6,0.0,0.014,0.0,0.0,,1.03
1788458810.745,idle,6.361,2.22,22.0,1,1,2,6.375,2.225,-25.6,0.0,0.014,0.0,0.0,,1.03
1788458810.8,idle,6.361,2.22,22.0,1,1,2,6.375,2.225,-25.6,0.0,0.014,0.0,0.0,,1.03
1788458810.851,idle,6.361,2.22,22.0,1,1,2,6.375,2.225,-25.6,0.0,0.014,0.0,0.0,,1.03
1788458810.907,idle,6.361,2.22,22.0,1,1,2,6.375,2.225,-25.6,0.0,0.014,0.0,0.0,,1.03
1788458810.957,idle,6.361,2.22,22.0,1,1,2,6.375,2.225,-25.6,0.0,0.014,0.0,0.0,,1.03
1788458811.009,idle,6.361,2.22,22.0,1,1,2,6.375,2.225,-25.6,0.0,0.014,0.0,0.0,,1.03
1788458811.065,idle,6.361,2.22,22.0,1,1,2,6.375,2.225,-25.6,0.0,0.014,0.0,0.0,,1.03
1788458811.125,idle,6.361,2.22,22.0,1,1,2,6.375,2.225,-25.6,0.0,0.014,0.0,0.0,,1.03
1788458811.187,idle,6.361,2.22,22.0,1,1,2,6.375,2.225,-25.6,0.0,0.014,0.0,0.0,,1.03
1788458811.245,idle,6.361,2.22,22.0,1,1,2,6.375,2.225,-25.6,0.0,0.014,0.0,0.0,,1.03
1788458811.299,idle,6.361,2.22,22.0,1,1,2,6.375,2.225,-25.6,0.0,0.014,0.0,0.0,,1.03
1788458811.355,idle,6.361,2.22,22.0,1,1,2,6.375,2.225,-25.6,0.0,0.014,0.0,0.0,,1.03
1788458811.406,idle,6.361,2.22,22.0,1,1,2,6.375,2.225,-25.6,0.0,0.014,0.0,0.0,,1.03
1788458811.459,idle,6.361,2.22,22.0,1,1,2,6.375,2.225,-25.6,0.0,0.014,0.0,0.0,,1.03
1788458811.513,idle,6.361,2.22,22.0,1,1,2,6.375,2.225,-25.6,0.0,0.014,0.0,0.0,,1.03
1788458811.569,idle,6.361,2.22,22.0,1,1,2,6.375,2.225,-25.6,0.0,0.014,0.0,0.0,,1.03
1788458811.621,idle,6.361,2.22,22.0,1,1,2,6.375,2.225,-25.6,0.0,0.014,0.0,0.0,,1.03
1788458811.678,idle,6.361,2.22,22.0,1,1,2,6.375,2.225,-25.6,0.0,0.014,0.0,0.0,,1.03
1788458811.732,idle,6.361,2.22,22.0,1,1,2,6.375,2.225,-25.6,0.0,0.014,0.0,0.0,,1.03
1788458811.783,idle,6.361,2.22,22.0,1,1,2,6.375,2.225,-25.6,0.0,0.014,0.0,0.0,,1.03
1788458811.837,idle,6.361,2.22,22.0,1,1,2,6.375,2.225,-25.6,0.0,0.014,0.0,0.0,,1.03
1788458811.895,idle,6.361,2.22,22.0,1,1,2,6.375,2.225,-25.6,0.0,0.014,0.0,0.0,,1.03
1788458811.951,idle,6.361,2.22,22.0,1,1,2,6.375,2.225,-25.6,0.0,0.014,0.0,0.0,,1.03
1788458812.007,idle,6.361,2.22,22.0,1,1,2,6.375,2.225,-25.6,0.0,0.014,0.0,0.0,,1.03
1788458812.07,idle,6.361,2.22,22.0,1,1,2,6.375,2.225,-25.6,0.0,0.014,0.0,0.0,,1.03
1788458812.126,idle,6.361,2.22,22.0,1,1,2,6.375,2.225,-25.6,0.0,0.014,0.0,0.0,,1.03
1788458812.18,idle,6.361,2.22,22.0,1,1,2,6.375,2.225,-25.6,0.0,0.014,0.0,0.0,,1.03
1788458812.236,idle,6.361,2.22,22.0,1,1,2,6.375,2.225,-25.6,0.0,0.014,0.0,0.0,,1.03
1788458812.29,idle,6.361,2.22,22.0,1,1,2,6.375,2.225,-25.6,0.0,0.014,0.0,0.0,,1.03
1788458812.342,idle,6.361,2.22,22.0,1,1,2,6.375,2.225,-25.6,0.0,0.014,0.0,0.0,,1.03
1788458812.394,idle,6.361,2.22,22.0,1,1,2,6.375,2.225,-25.6,0.0,0.014,0.0,0.0,,1.03
1788458812.444,idle,6.361,2.22,22.0,1,1,2,6.375,2.225,-25.6,0.0,0.014,0.0,0.0,,1.03
1788458812.496,idle,6.361,2.22,22.0,1,1,2,6.375,2.225,-25.6,0.0,0.014,0.0,0.0,,1.03
1788458812.548,idle,6.361,2.22,22.0,1,1,2,6.375,2.225,-25.6,0.0,0.014,0.0,0.0,,1.03
1788458812.602,idle,6.361,2.22,22.0,1,1,2,6.375,2.225,-25.6,0.0,0.014,0.0,0.0,,1.03
1788458812.659,idle,6.361,2.22,22.0,1,1,2,6.375,2.225,-25.6,0.0,0.014,0.0,0.0,,1.03
1788458812.72,idle,6.361,2.22,22.0,1,1,2,6.375,2.225,-25.6,0.0,0.014,0.0,0.0,,1.03
1788458812.781,idle,6.361,2.22,22.0,1,1,2,6.375,2.225,-25.6,0.0,0.014,0.0,0.0,,1.03
1788458812.842,idle,6.361,2.22,22.0,1,1,2,6.375,2.225,-25.6,0.0,0.014,0.0,0.0,,1.03
1788458812.901,idle,6.361,2.22,22.0,1,1,2,6.375,2.225,-25.6,0.0,0.014,0.0,0.0,,1.03
1788458812.952,idle,6.361,2.22,22.0,1,1,2,6.375,2.225,-25.6,0.0,0.014,0.0,0.0,,1.03
1788458813.004,idle,6.361,2.22,22.0,1,1,2,6.375,2.225,-25.6,0.0,0.014,0.0,0.0,,1.03
1788458813.056,idle,6.361,2.22,22.0,1,1,2,6.375,2.225,-25.6,0.0,0.014,0.0,0.0,,1.03
1788458813.109,idle,6.361,2.22,22.0,1,1,2,6.375,2.225,-25.6,0.0,0.014,0.0,0.0,,1.03
1788458813.16,idle,6.361,2.22,22.0,1,1,2,6.375,2.225,-25.6,0.0,0.014,0.0,0.0,,1.03
1788458813.212,idle,6.361,2.22,22.0,1,1,2,6.375,2.225,-25.6,0.0,0.014,0.0,0.0,,1.03
1788458813.264,idle,6.361,2.22,22.0,1,1,2,6.375,2.225,-25.6,0.0,0.014,0.0,0.0,,1.03
1788458813.317,idle,6.361,2.22,22.0,1,1,2,6.375,2.225,-25.6,0.0,0.014,0.0,0.0,,1.03
1788458813.368,idle,6.361,2.22,22.0,1,1,2,6.375,2.225,-25.6,0.0,0.014,0.0,0.0,,1.03
1788458813.424,idle,6.361,2.22,22.0,1,1,2,6.375,2.225,-25.6,0.0,0.014,0.0,0.0,,1.03
1788458813.486,idle,6.361,2.22,22.0,1,1,2,6.375,2.225,-25.6,0.0,0.014,0.0,0.0,,1.03
1788458813.546,idle,6.361,2.22,22.0,1,1,2,6.375,2.225,-25.6,0.0,0.014,0.0,0.0,,1.03
1788458813.607,idle,6.361,2.22,22.0,1,1,2,6.375,2.225,-25.6,0.0,0.014,0.0,0.0,,1.03
1788458813.661,idle,6.361,2.22,22.0,1,1,2,6.375,2.225,-25.6,0.0,0.014,0.0,0.0,,1.03
1788458813.715,idle,6.361,2.22,22.0,1,1,2,6.375,2.225,-25.6,0.0,0.014,0.0,0.0,,1.03
1788458813.771,idle,6.361,2.22,22.0,1,1,2,6.375,2.225,-25.6,0.0,0.014,0.0,0.0,,1.03
1788458813.825,idle,6.361,2.22,22.0,1,1,2,6.375,2.225,-25.6,0.0,0.014,0.0,0.0,,1.03
1788458813.879,idle,6.361,2.22,22.0,1,1,2,6.375,2.225,-25.6,0.0,0.014,0.0,0.0,,1.03
1788458813.931,idle,6.361,2.22,22.0,1,1,2,6.375,2.225,-25.6,0.0,0.014,0.0,0.0,,1.03
1788458813.985,idle,6.361,2.22,22.0,1,1,2,6.375,2.225,-25.6,0.0,0.014,0.0,0.0,,1.03
1788458814.039,idle,6.361,2.22,22.0,1,1,2,6.375,2.225,-25.6,0.0,0.014,0.0,0.0,,1.03
1788458814.093,idle,6.361,2.22,22.0,1,1,2,6.375,2.225,-25.6,0.0,0.014,0.0,0.0,,1.03
1788458814.147,idle,6.361,2.22,22.0,1,1,2,6.375,2.225,-25.6,0.0,0.014,0.0,0.0,,1.03
1788458814.202,idle,6.361,2.22,22.0,1,1,2,6.375,2.225,-25.6,0.0,0.014,0.0,0.0,,1.03
1788458814.262,idle,6.361,2.22,22.0,1,1,2,6.375,2.225,-25.6,0.0,0.014,0.0,0.0,,1.03
1788458814.324,idle,6.361,2.22,22.0,1,1,2,6.375,2.225,-25.6,0.0,0.014,0.0,0.0,,1.03
1788458814.386,idle,6.361,2.22,22.0,1,1,2,6.375,2.225,-25.6,0.0,0.014,0.0,0.0,,1.03
1788458814.447,idle,6.361,2.22,22.0,1,1,2,6.375,2.225,-25.6,0.0,0.014,0.0,0.0,,1.03
1788458814.506,idle,6.361,2.22,22.0,1,1,2,6.375,2.225,-25.6,0.0,0.014,0.0,0.0,,1.03
1788458814.561,idle,6.361,2.22,22.0,1,1,2,6.375,2.225,-25.6,0.0,0.014,0.0,0.0,,1.03
1788458814.614,idle,6.361,2.22,22.0,1,1,2,6.375,2.225,-25.6,0.0,0.014,0.0,0.0,,1.03
1788458814.67,idle,6.361,2.22,22.0,1,1,2,6.375,2.225,-25.6,0.0,0.014,0.0,0.0,,1.03
1788458814.721,idle,6.361,2.22,22.0,1,1,2,6.375,2.225,-25.6,0.0,0.014,0.0,0.0,,1.03
1788458814.773,idle,6.361,2.22,22.0,1,1,2,6.375,2.225,-25.6,0.0,0.014,0.0,0.0,,1.03
1788458814.826,idle,6.361,2.22,22.0,1,1,2,6.375,2.225,-25.6,0.0,0.014,0.0,0.0,,1.03
1788458814.877,idle,6.361,2.22,22.0,1,1,2,6.375,2.225,-25.6,0.0,0.014,0.0,0.0,,1.03
1788458814.927,idle,6.361,2.22,22.0,1,1,2,6.375,2.225,-25.6,0.0,0.014,0.0,0.0,,1.03
1788458814.982,idle,6.361,2.22,22.0,1,1,2,6.375,2.225,-25.6,0.0,0.014,0.0,0.0,,1.03
1788458815.037,idle,6.361,2.22,22.0,1,1,2,6.375,2.225,-25.6,0.0,0.014,0.0,0.0,,1.03
1788458815.099,idle,6.361,2.22,22.0,1,1,2,6.375,2.225,-25.6,0.0,0.014,0.0,0.0,,1.03
1788458815.157,idle,6.361,2.22,22.0,1,1,2,6.375,2.225,-25.6,0.0,0.014,0.0,0.0,,1.03
1788458815.218,idle,6.361,2.22,22.0,1,1,2,6.375,2.225,-25.6,0.0,0.014,0.0,0.0,,1.03
1788458815.274,idle,6.361,2.22,22.0,1,1,2,6.375,2.225,-25.6,0.0,0.014,0.0,0.0,,1.03
1788458815.329,idle,6.361,2.22,22.0,1,1,2,6.375,2.225,-25.6,0.0,0.014,0.0,0.0,,1.03
1788458815.384,idle,6.361,2.22,22.0,1,1,2,6.375,2.225,-25.6,0.0,0.014,0.0,0.0,,1.03
1788458815.435,idle,6.361,2.22,22.0,1,1,2,6.375,2.225,-25.6,0.0,0.014,0.0,0.0,,1.03
1788458815.485,idle,6.361,2.22,22.0,1,1,2,6.375,2.225,-25.6,0.0,0.014,0.0,0.0,,1.03
1788458815.536,idle,6.361,2.22,22.0,1,1,2,6.375,2.225,-25.6,0.0,0.014,0.0,0.0,,1.03
1788458815.589,idle,6.361,2.22,22.0,1,1,2,6.375,2.225,-25.6,0.0,0.014,0.0,0.0,,1.03
1788458815.642,idle,6.361,2.22,22.0,1,1,2,6.375,2.225,-25.6,0.0,0.014,0.0,0.0,,1.03
1788458815.696,idle,6.361,2.22,22.0,1,1,2,6.375,2.225,-25.6,0.0,0.014,0.0,0.0,,1.03
1788458815.751,idle,6.361,2.22,22.0,1,1,2,6.375,2.225,-25.6,0.0,0.014,0.0,0.0,,1.03
1788458815.805,idle,6.361,2.22,22.0,1,1,2,6.375,2.225,-25.6,0.0,0.014,0.0,0.0,,1.03
1788458815.865,idle,6.361,2.22,22.0,1,1,2,6.375,2.225,-25.6,0.0,0.014,0.0,0.0,,1.03
1788458815.924,idle,6.361,2.22,22.0,1,1,2,6.375,2.225,-25.6,0.0,0.014,0.0,0.0,,1.03
1788458815.981,idle,6.361,2.22,22.0,1,1,2,6.375,2.225,-25.6,0.0,0.014,0.0,0.0,,1.03
1788458816.034,idle,6.361,2.22,22.0,1,1,2,6.375,2.225,-25.6,0.0,0.014,0.0,0.0,,1.03
1788458816.088,idle,6.361,2.22,22.0,1,1,2,6.375,2.225,-25.6,0.0,0.014,0.0,0.0,,1.03
1788458816.142,idle,6.361,2.22,22.0,1,1,2,6.375,2.225,-25.6,0.0,0.014,0.0,0.0,,1.03
1788458816.195,idle,6.361,2.22,22.0,1,1,2,6.375,2.225,-25.6,0.0,0.014,0.0,0.0,,1.03
1788458816.246,idle,6.361,2.22,22.0,1,1,2,6.375,2.225,-25.6,0.0,0.014,0.0,0.0,,1.03
1788458816.298,idle,6.361,2.22,22.0,1,1,2,6.375,2.225,-25.6,0.0,0.014,0.0,0.0,,1.03
1788458816.348,idle,6.361,2.22,22.0,1,1,2,6.375,2.225,-25.6,0.0,0.014,0.0,0.0,,1.03
1788458816.403,idle,6.361,2.22,22.0,1,1,2,6.375,2.225,-25.6,0.0,0.014,0.0,0.0,,1.03
1788458816.454,idle,6.361,2.22,22.0,1,1,2,6.375,2.225,-25.6,0.0,0.014,0.0,0.0,,1.03
1788458816.506,idle,6.361,2.22,22.0,1,1,2,6.375,2.225,-25.6,0.0,0.014,0.0,0.0,,1.03
1788458816.558,idle,6.361,2.22,22.0,1,1,2,6.375,2.225,-25.6,0.0,0.014,0.0,0.0,,1.03
1788458816.618,idle,6.361,2.22,22.0,1,1,2,6.375,2.225,-25.6,0.0,0.014,0.0,0.0,,1.03
1788458816.678,idle,6.361,2.22,22.0,1,1,2,6.375,2.225,-25.6,0.0,0.014,0.0,0.0,,1.03
1788458816.74,idle,6.361,2.22,22.0,1,1,2,6.375,2.225,-25.6,0.0,0.014,0.0,0.0,,1.03
1788458816.8,idle,6.361,2.22,22.0,1,1,2,6.375,2.225,-25.6,0.0,0.014,0.0,0.0,,1.03
1788458816.856,idle,6.361,2.22,22.0,1,1,2,6.375,2.225,-25.6,0.0,0.014,0.0,0.0,,1.03
1788458816.909,idle,6.361,2.22,22.0,1,1,2,6.375,2.225,-25.6,0.0,0.014,0.0,0.0,,1.03
1788458816.963,idle,6.361,2.22,22.0,1,1,2,6.375,2.225,-25.6,0.0,0.014,0.0,0.0,,1.03
1788458817.014,idle,6.361,2.22,22.0,1,1,2,6.375,2.225,-25.6,0.0,0.014,0.0,0.0,,1.03
1788458817.068,idle,6.361,2.22,22.0,1,1,2,6.375,2.225,-25.6,0.0,0.014,0.0,0.0,,1.03
1788458817.121,idle,6.361,2.22,22.0,1,1,2,6.375,2.225,-25.6,0.0,0.014,0.0,0.0,,1.03
1788458817.176,idle,6.361,2.22,22.0,1,1,2,6.375,2.225,-25.6,0.0,0.014,0.0,0.0,,1.03
1788458817.226,idle,6.361,2.22,22.0,1,1,2,6.375,2.225,-25.6,0.0,0.014,0.0,0.0,,1.03
1788458817.281,idle,6.361,2.22,22.0,1,1,2,6.375,2.225,-25.6,0.0,0.014,0.0,0.0,,1.03
1788458817.333,idle,6.361,2.22,22.0,1,1,2,6.375,2.225,-25.6,0.0,0.014,0.0,0.0,,1.03
1788458817.393,idle,6.361,2.22,22.0,1,1,2,6.375,2.225,-25.6,0.0,0.014,0.0,0.0,,1.03
1788458817.455,idle,6.361,2.22,22.0,1,1,2,6.375,2.225,-25.6,0.0,0.014,0.0,0.0,,1.03
1788458817.515,idle,6.361,2.22,22.0,1,1,2,6.375,2.225,-25.6,0.0,0.014,0.0,0.0,,1.03
1788458817.572,idle,6.361,2.22,22.0,1,1,2,6.375,2.225,-25.6,0.0,0.014,0.0,0.0,,1.03
1788458817.626,idle,6.361,2.22,22.0,1,1,2,6.375,2.225,-25.6,0.0,0.014,0.0,0.0,,1.03
1788458817.678,idle,6.361,2.22,22.0,1,1,2,6.375,2.225,-25.6,0.0,0.014,0.0,0.0,,1.03
1788458817.729,idle,6.361,2.22,22.0,1,1,2,6.375,2.225,-25.6,0.0,0.014,0.0,0.0,,1.03
1788458817.779,idle,6.361,2.22,22.0,1,1,2,6.375,2.225,-25.6,0.0,0.014,0.0,0.0,,1.03
1788458817.83,idle,6.361,2.22,22.0,1,1,2,6.375,2.225,-25.6,0.0,0.014,0.0,0.0,,1.03
1788458817.884,idle,6.361,2.22,22.0,1,1,2,6.375,2.225,-25.6,0.0,0.014,0.0,0.0,,1.03
1788458817.936,idle,6.361,2.22,22.0,1,1,2,6.375,2.225,-25.6,0.0,0.014,0.0,0.0,,1.03
1788458817.991,idle,6.361,2.22,22.0,1,1,2,6.375,2.225,-25.6,0.0,0.014,0.0,0.0,,1.03
1788458818.043,idle,6.361,2.22,22.0,1,1,2,6.375,2.225,-25.6,0.0,0.014,0.0,0.0,,1.03
1788458818.094,idle,6.361,2.22,22.0,1,1,2,6.375,2.225,-25.6,0.0,0.014,0.0,0.0,,1.03
1788458818.148,idle,6.361,2.22,22.0,1,1,2,6.375,2.225,-25.6,0.0,0.014,0.0,0.0,,1.03
1788458818.206,idle,6.361,2.22,22.0,1,1,2,6.375,2.225,-25.6,0.0,0.014,0.0,0.0,,1.03
1788458818.266,idle,6.361,2.22,22.0,1,1,2,6.375,2.225,-25.6,0.0,0.014,0.0,0.0,,1.03
1788458818.326,idle,6.361,2.22,22.0,1,1,2,6.375,2.225,-25.6,0.0,0.014,0.0,0.0,,1.03
1788458818.386,idle,6.361,2.22,22.0,1,1,2,6.375,2.225,-25.6,0.0,0.014,0.0,0.0,,1.03
1788458818.438,idle,6.361,2.22,22.0,1,1,2,6.375,2.225,-25.6,0.0,0.014,0.0,0.0,,1.03
1788458818.491,idle,6.361,2.22,22.0,1,1,2,6.375,2.225,-25.6,0.0,0.014,0.0,0.0,,1.03
1788458818.546,idle,6.361,2.22,22.0,1,1,2,6.375,2.225,-25.6,0.0,0.014,0.0,0.0,,1.03
1788458818.604,idle,6.361,2.22,22.0,1,1,2,6.375,2.225,-25.6,0.0,0.014,0.0,0.0,,1.03
1788458818.655,idle,6.361,2.22,22.0,1,1,2,6.375,2.225,-25.6,0.0,0.014,0.0,0.0,,1.03
1788458818.709,idle,6.361,2.22,22.0,1,1,2,6.375,2.225,-25.6,0.0,0.014,0.0,0.0,,1.03
1788458818.761,idle,6.361,2.22,22.0,1,1,2,6.375,2.225,-25.6,0.0,0.014,0.0,0.0,,1.03
1788458818.814,idle,6.361,2.22,22.0,1,1,2,6.375,2.225,-25.6,0.0,0.014,0.0,0.0,,1.03
1788458818.865,idle,6.361,2.22,22.0,1,1,2,6.375,2.225,-25.6,0.0,0.014,0.0,0.0,,1.03
1788458818.918,idle,6.361,2.22,22.0,1,1,2,6.375,2.225,-25.6,0.0,0.014,0.0,0.0,,1.03
1788458818.976,idle,6.361,2.22,22.0,1,1,2,6.375,2.225,-25.6,0.0,0.014,0.0,0.0,,1.03
1788458819.033,idle,6.361,2.22,22.0,1,1,2,6.375,2.225,-25.6,0.0,0.014,0.0,0.0,,1.03
1788458819.093,idle,6.361,2.22,22.0,1,1,2,6.375,2.225,-25.6,0.0,0.014,0.0,0.0,,1.03
1788458819.151,idle,6.361,2.22,22.0,1,1,2,6.375,2.225,-25.6,0.0,0.014,0.0,0.0,,1.03
1788458819.206,idle,6.361,2.22,22.0,1,1,2,6.375,2.225,-25.6,0.0,0.014,0.0,0.0,,1.03
1788458819.26,idle,6.361,2.22,22.0,1,1,2,6.375,2.225,-25.6,0.0,0.014,0.0,0.0,,1.03
1788458819.314,idle,6.361,2.22,22.0,1,1,2,6.375,2.225,-25.6,0.0,0.014,0.0,0.0,,1.03
1788458819.367,idle,6.361,2.22,22.0,1,1,2,6.375,2.225,-25.6,0.0,0.014,0.0,0.0,,1.03
1788458819.419,idle,6.361,2.22,22.0,1,1,2,6.375,2.225,-25.6,0.0,0.014,0.0,0.0,,1.03
1788458819.473,idle,6.361,2.22,22.0,1,1,2,6.375,2.225,-25.6,0.0,0.014,0.0,0.0,,1.03
1788458819.524,idle,6.361,2.22,22.0,1,1,2,6.375,2.225,-25.6,0.0,0.014,0.0,0.0,,1.03
1788458819.575,idle,6.361,2.22,22.0,1,1,2,6.375,2.225,-25.6,0.0,0.014,0.0,0.0,,1.03
1788458819.625,idle,6.361,2.22,22.0,1,1,2,6.375,2.225,-25.6,0.0,0.014,0.0,0.0,,1.03
1788458819.678,idle,6.361,2.22,22.0,1,1,2,6.375,2.225,-25.6,0.0,0.014,0.0,0.0,,1.03
1788458819.733,idle,6.361,2.22,22.0,1,1,2,6.375,2.225,-25.6,0.0,0.014,0.0,0.0,,1.03
1788458819.792,idle,6.361,2.22,22.0,1,1,2,6.375,2.225,-25.6,0.0,0.014,0.0,0.0,,1.03
1788458819.85,idle,6.361,2.22,22.0,1,1,2,6.375,2.225,-25.6,0.0,0.014,0.0,0.0,,1.03
1788458819.908,idle,6.361,2.22,22.0,1,1,2,6.375,2.225,-25.6,0.0,0.014,0.0,0.0,,1.03
1788458819.969,idle,6.361,2.22,22.0,1,1,2,6.375,2.225,-25.6,0.0,0.014,0.0,0.0,,1.03
1788458820.026,idle,6.361,2.22,22.0,1,1,2,6.375,2.225,-25.6,0.0,0.014,0.0,0.0,,1.03
1788458820.083,idle,6.361,2.22,22.0,1,1,2,6.375,2.225,-25.6,0.0,0.014,0.0,0.0,,1.03
1788458820.138,idle,6.361,2.22,22.0,1,1,2,6.375,2.225,-25.6,0.0,0.014,0.0,0.0,,1.03
1788458820.189,idle,6.361,2.22,22.0,1,1,2,6.375,2.225,-25.6,0.0,0.014,0.0,0.0,,1.03
1788458820.243,idle,6.361,2.22,22.0,1,1,2,6.375,2.225,-25.6,0.0,0.014,0.0,0.0,,1.03
1788458820.296,idle,6.361,2.22,22.0,1,1,2,6.375,2.225,-25.6,0.0,0.014,0.0,0.0,,1.03
1788458820.354,idle,6.361,2.22,22.0,1,1,2,6.375,2.225,-25.6,0.0,0.014,0.0,0.0,,1.03
1788458820.406,idle,6.361,2.22,22.0,1,1,2,6.375,2.225,-25.6,0.0,0.014,0.0,0.0,,1.03
1788458820.458,idle,6.361,2.22,22.0,1,1,2,6.375,2.225,-25.6,0.0,0.014,0.0,0.0,,1.03
1788458820.513,idle,6.361,2.22,22.0,1,1,2,6.375,2.225,-25.6,0.0,0.014,0.0,0.0,,1.03
1788458820.575,idle,6.361,2.22,22.0,1,1,2,6.375,2.225,-25.6,0.0,0.014,0.0,0.0,,1.03
1788458820.636,idle,6.361,2.22,22.0,1,1,2,6.375,2.225,-25.6,0.0,0.014,0.0,0.0,,1.03
1788458820.699,idle,6.361,2.22,22.0,1,1,2,6.375,2.225,-25.6,0.0,0.014,0.0,0.0,,1.03
1788458820.754,idle,6.361,2.22,22.0,1,1,2,6.375,2.225,-25.6,0.0,0.014,0.0,0.0,,1.03
1788458820.808,idle,6.361,2.22,22.0,1,1,2,6.375,2.225,-25.6,0.0,0.014,0.0,0.0,,1.03
1788458820.859,idle,6.361,2.22,22.0,1,1,2,6.375,2.225,-25.6,0.0,0.014,0.0,0.0,,1.03
1788458820.913,idle,6.361,2.22,22.0,1,1,2,6.375,2.225,-25.6,0.0,0.014,0.0,0.0,,1.03
1788458820.964,idle,6.361,2.22,22.0,1,1,2,6.375,2.225,-25.6,0.0,0.014,0.0,0.0,,1.03
1788458821.017,idle,6.361,2.22,22.0,1,1,2,6.375,2.225,-25.6,0.0,0.014,0.0,0.0,,1.03
1788458821.071,idle,6.361,2.22,22.0,1,1,2,6.375,2.225,-25.6,0.0,0.014,0.0,0.0,,1.03
1788458821.126,idle,6.361,2.22,22.0,1,1,2,6.375,2.225,-25.6,0.0,0.014,0.0,0.0,,1.03
1788458821.179,idle,6.361,2.22,22.0,1,1,2,6.375,2.225,-25.6,0.0,0.014,0.0,0.0,,1.03
1788458821.233,idle,6.361,2.22,22.0,1,1,2,6.375,2.225,-25.6,0.0,0.014,0.0,0.0,,1.03
1788458821.287,idle,6.361,2.22,22.0,1,1,2,6.375,2.225,-25.6,0.0,0.014,0.0,0.0,,1.03
1788458821.342,idle,6.361,2.22,22.0,1,1,2,6.375,2.225,-25.6,0.0,0.014,0.0,0.0,,1.03
1788458821.401,idle,6.361,2.22,22.0,1,1,2,6.375,2.225,-25.6,0.0,0.014,0.0,0.0,,1.03
1788458821.465,idle,6.361,2.22,22.0,1,1,2,6.375,2.225,-25.6,0.0,0.014,0.0,0.0,,1.03
1788458821.525,idle,6.361,2.22,22.0,1,1,2,6.375,2.225,-25.6,0.0,0.014,0.0,0.0,,1.03
1788458821.582,idle,6.361,2.22,22.0,1,1,2,6.375,2.225,-25.6,0.0,0.014,0.0,0.0,,1.03
1788458821.634,idle,6.361,2.22,22.0,1,1,2,6.375,2.225,-25.6,0.0,0.014,0.0,0.0,,1.03
1788458821.687,idle,6.361,2.22,22.0,1,1,2,6.375,2.225,-25.6,0.0,0.014,0.0,0.0,,1.03
1788458821.741,idle,6.361,2.22,22.0,1,1,2,6.375,2.225,-25.6,0.0,0.014,0.0,0.0,,1.03
1788458821.792,idle,6.361,2.22,22.0,1,1,2,6.375,2.225,-25.6,0.0,0.014,0.0,0.0,,1.03
1788458821.845,idle,6.361,2.22,22.0,1,1,2,6.375,2.225,-25.6,0.0,0.014,0.0,0.0,,1.03
1788458821.899,idle,6.361,2.22,22.0,1,1,2,6.375,2.225,-25.6,0.0,0.014,0.0,0.0,,1.03
1788458821.951,idle,6.361,2.22,22.0,1,1,2,6.375,2.225,-25.6,0.0,0.014,0.0,0.0,,1.03
1788458822.003,idle,6.361,2.22,22.0,1,1,2,6.375,2.225,-25.6,0.0,0.014,0.0,0.0,,1.03
1788458822.054,idle,6.361,2.22,22.0,1,1,2,6.375,2.225,-25.6,0.0,0.014,0.0,0.0,,1.03
1788458822.112,idle,6.361,2.22,22.0,1,1,2,6.375,2.225,-25.6,0.0,0.014,0.0,0.0,,1.03
1788458822.167,idle,6.361,2.22,22.0,1,1,2,6.375,2.225,-25.6,0.0,0.014,0.0,0.0,,1.03
1788458822.231,idle,6.361,2.22,22.0,1,1,2,6.375,2.225,-25.6,0.0,0.014,0.0,0.0,,1.03
1788458822.285,idle,6.361,2.22,22.0,1,1,2,6.375,2.225,-25.6,0.0,0.014,0.0,0.0,,1.03
1788458822.342,idle,6.361,2.22,22.0,1,1,2,6.375,2.225,-25.6,0.0,0.014,0.0,0.0,,1.03
1788458822.394,idle,6.361,2.22,22.0,1,1,2,6.375,2.225,-25.6,0.0,0.014,0.0,0.0,,1.03
1788458822.447,idle,6.361,2.22,22.0,1,1,2,6.375,2.225,-25.6,0.0,0.014,0.0,0.0,,1.03
1788458822.501,idle,6.361,2.22,22.0,1,1,2,6.375,2.225,-25.6,0.0,0.014,0.0,0.0,,1.03
1788458822.554,idle,6.361,2.22,22.0,1,1,2,6.375,2.225,-25.6,0.0,0.014,0.0,0.0,,1.03
1788458822.608,idle,6.361,2.22,22.0,1,1,2,6.375,2.225,-25.6,0.0,0.014,0.0,0.0,,1.03
1788458822.662,idle,6.361,2.22,22.0,1,1,2,6.375,2.225,-25.6,0.0,0.014,0.0,0.0,,1.03
1788458822.717,idle,6.361,2.22,22.0,1,1,2,6.375,2.225,-25.6,0.0,0.014,0.0,0.0,,1.03
1788458822.768,idle,6.361,2.22,22.0,1,1,2,6.375,2.225,-25.6,0.0,0.014,0.0,0.0,,1.03
1788458822.822,idle,6.361,2.22,22.0,1,1,2,6.375,2.225,-25.6,0.0,0.014,0.0,0.0,,1.03
1788458822.879,idle,6.361,2.22,22.0,1,1,2,6.375,2.225,-25.6,0.0,0.014,0.0,0.0,,1.03
1788458822.937,idle,6.361,2.22,22.0,1,1,2,6.375,2.225,-25.6,0.0,0.014,0.0,0.0,,1.03
1788458823.001,idle,6.361,2.22,22.0,1,1,2,6.375,2.225,-25.6,0.0,0.014,0.0,0.0,,1.03
1788458823.058,idle,6.361,2.22,22.0,1,1,2,6.375,2.225,-25.6,0.0,0.014,0.0,0.0,,1.03
1788458823.114,idle,6.361,2.22,22.0,1,1,2,6.375,2.225,-25.6,0.0,0.014,0.0,0.0,,1.03
1788458823.166,idle,6.361,2.22,22.0,1,1,2,6.375,2.225,-25.6,0.0,0.014,0.0,0.0,,1.03
1788458823.22,idle,6.361,2.22,22.0,1,1,2,6.375,2.225,-25.6,0.0,0.014,0.0,0.0,,1.03
1788458823.22,idle,6.361,2.22,22.0,1,1,2,6.375,2.225,-25.6,0.0,0.014,0.0,0.0,,1.03
1788458823.329,idle,6.361,2.22,22.0,1,1,2,6.375,2.225,-25.6,0.0,0.014,0.0,0.0,,1.03
1788458823.38,idle,6.361,2.22,22.0,1,1,2,6.375,2.225,-25.6,0.0,0.014,0.0,0.0,,1.03
1788458823.434,idle,6.361,2.22,22.0,1,1,2,6.375,2.225,-25.6,0.0,0.014,0.0,0.0,,1.03
1788458823.487,idle,6.361,2.22,22.0,1,1,2,6.375,2.225,-25.6,0.0,0.014,0.0,0.0,,1.03
1788458823.542,idle,6.361,2.22,22.0,1,1,2,6.375,2.225,-25.6,0.0,0.014,0.0,0.0,,1.03
1788458823.597,idle,6.361,2.22,22.0,1,1,2,6.375,2.225,-25.6,0.0,0.014,0.0,0.0,,1.03
1788458823.655,idle,6.361,2.22,22.0,1,1,2,6.375,2.225,-25.6,0.0,0.014,0.0,0.0,,1.03
1788458823.713,idle,6.361,2.22,22.0,1,1,2,6.375,2.225,-25.6,0.0,0.014,0.0,0.0,,1.03
1788458823.775,idle,6.361,2.22,22.0,1,1,2,6.375,2.225,-25.6,0.0,0.014,0.0,0.0,,1.03
1788458823.835,idle,6.361,2.22,22.0,1,1,2,6.375,2.225,-25.6,0.0,0.014,0.0,0.0,,1.03
1788458823.894,idle,6.361,2.22,22.0,1,1,2,6.375,2.225,-25.6,0.0,0.014,0.0,0.0,,1.03
1788458823.946,idle,6.361,2.22,22.0,1,1,2,6.375,2.225,-25.6,0.0,0.014,0.0,0.0,,1.03
1788458824.001,idle,6.361,2.22,22.0,1,1,2,6.375,2.225,-25.6,0.0,0.014,0.0,0.0,,1.03
1788458824.055,idle,6.361,2.22,22.0,1,1,2,6.375,2.225,-25.6,0.0,0.014,0.0,0.0,,1.03
1788458824.11,idle,6.361,2.22,22.0,1,1,2,6.375,2.225,-25.6,0.0,0.014,0.0,0.0,,1.03
1788458824.164,idle,6.361,2.22,22.0,1,1,2,6.375,2.225,-25.6,0.0,0.014,0.0,0.0,,1.03
1788458824.216,idle,6.361,2.22,22.0,1,1,2,6.375,2.225,-25.6,0.0,0.014,0.0,0.0,,1.03
1788458824.269,idle,6.361,2.22,22.0,1,1,2,6.375,2.225,-25.6,0.0,0.014,0.0,0.0,,1.03
1788458824.324,idle,6.361,2.22,22.0,1,1,2,6.375,2.225,-25.6,0.0,0.014,0.0,0.0,,1.03
1788458824.375,idle,6.361,2.22,22.0,1,1,2,6.375,2.225,-25.6,0.0,0.014,0.0,0.0,,1.03
1788458824.431,idle,6.361,2.22,22.0,1,1,2,6.375,2.225,-25.6,0.0,0.014,0.0,0.0,,1.03
1788458824.491,idle,6.361,2.22,22.0,1,1,2,6.375,2.225,-25.6,0.0,0.014,0.0,0.0,,1.03
1788458824.555,idle,6.361,2.22,22.0,1,1,2,6.375,2.225,-25.6,0.0,0.014,0.0,0.0,,1.03
1788458824.617,idle,6.361,2.22,22.0,1,1,2,6.375,2.225,-25.6,0.0,0.014,0.0,0.0,,1.03
1788458824.676,idle,6.361,2.22,22.0,1,1,2,6.375,2.225,-25.6,0.0,0.014,0.0,0.0,,1.03
1788458824.728,idle,6.361,2.22,22.0,1,1,2,6.375,2.225,-25.6,0.0,0.014,0.0,0.0,,1.03
1788458824.782,idle,6.361,2.22,22.0,1,1,2,6.375,2.225,-25.6,0.0,0.014,0.0,0.0,,1.03
1788458824.834,idle,6.361,2.22,22.0,1,1,2,6.375,2.225,-25.6,0.0,0.014,0.0,0.0,,1.03
1788458824.89,idle,6.361,2.22,22.0,1,1,2,6.375,2.225,-25.6,0.0,0.014,0.0,0.0,,1.03
1788458824.941,idle,6.361,2.22,22.0,1,1,2,6.375,2.225,-25.6,0.0,0.014,0.0,0.0,,1.03
1788458824.993,idle,6.361,2.22,22.0,1,1,2,6.375,2.225,-25.6,0.0,0.014,0.0,0.0,,1.03
1788458825.046,idle,6.361,2.22,22.0,1,1,2,6.375,2.225,-25.6,0.0,0.014,0.0,0.0,,1.03
1788458825.102,idle,6.361,2.22,22.0,1,1,2,6.375,2.225,-25.6,0.0,0.014,0.0,0.0,,1.03
1788458825.163,idle,6.361,2.22,22.0,1,1,2,6.375,2.225,-25.6,0.0,0.014,0.0,0.0,,1.03
1788458825.224,idle,6.361,2.22,22.0,1,1,2,6.375,2.225,-25.6,0.0,0.014,0.0,0.0,,1.03
1788458825.289,idle,6.361,2.22,22.0,1,1,2,6.375,2.225,-25.6,0.0,0.014,0.0,0.0,,1.03
1788458825.353,idle,6.361,2.22,22.0,1,1,2,6.375,2.225,-25.6,0.0,0.014,0.0,0.0,,1.03
1788458825.419,idle,6.361,2.22,22.0,1,1,2,6.375,2.225,-25.6,0.0,0.014,0.0,0.0,,1.03
1788458825.478,idle,6.361,2.22,22.0,1,1,2,6.375,2.225,-25.6,0.0,0.014,0.0,0.0,,1.03
1788458825.535,idle,6.361,2.22,22.0,1,1,2,6.375,2.225,-25.6,0.0,0.014,0.0,0.0,,1.03
1788458825.589,idle,6.361,2.22,22.0,1,1,2,6.375,2.225,-25.6,0.0,0.014,0.0,0.0,,1.03
1788458825.641,idle,6.361,2.22,22.0,1,1,2,6.375,2.225,-25.6,0.0,0.014,0.0,0.0,,1.03
1788458825.695,idle,6.361,2.22,22.0,1,1,2,6.375,2.225,-25.6,0.0,0.014,0.0,0.0,,1.03
1788458825.745,idle,6.361,2.22,22.0,1,1,2,6.375,2.225,-25.6,0.0,0.014,0.0,0.0,,1.03
1788458825.799,idle,6.361,2.22,22.0,1,1,2,6.375,2.225,-25.6,0.0,0.014,0.0,0.0,,1.03
1788458825.852,idle,6.361,2.22,22.0,1,1,2,6.375,2.225,-25.6,0.0,0.014,0.0,0.0,,1.03
1788458825.906,idle,6.361,2.22,22.0,1,1,2,6.375,2.225,-25.6,0.0,0.014,0.0,0.0,,1.03
1788458825.958,idle,6.361,2.22,22.0,1,1,2,6.375,2.225,-25.6,0.0,0.014,0.0,0.0,,1.03
1788458826.012,idle,6.361,2.22,22.0,1,1,2,6.375,2.225,-25.6,0.0,0.014,0.0,0.0,,1.03
1788458826.072,idle,6.361,2.22,22.0,1,1,2,6.375,2.225,-25.6,0.0,0.014,0.0,0.0,,1.03
1788458826.135,idle,6.361,2.22,22.0,1,1,2,6.375,2.225,-25.6,0.0,0.014,0.0,0.0,,1.03
1788458826.197,idle,6.361,2.22,22.0,1,1,2,6.375,2.225,-25.6,0.0,0.014,0.0,0.0,,1.03
1788458826.256,idle,6.361,2.22,22.0,1,1,2,6.375,2.225,-25.6,0.0,0.014,0.0,0.0,,1.03
1788458826.315,idle,6.361,2.22,22.0,1,1,2,6.375,2.225,-25.6,0.0,0.014,0.0,0.0,,1.03
1788458826.369,idle,6.361,2.22,22.0,1,1,2,6.375,2.225,-25.6,0.0,0.014,0.0,0.0,,1.03
1788458826.423,idle,6.361,2.22,22.0,1,1,2,6.375,2.225,-25.6,0.0,0.014,0.0,0.0,,1.03
1788458826.476,idle,6.361,2.22,22.0,1,1,2,6.375,2.225,-25.6,0.0,0.014,0.0,0.0,,1.03
1788458826.526,idle,6.361,2.22,22.0,1,1,2,6.375,2.225,-25.6,0.0,0.014,0.0,0.0,,1.03
1788458826.577,idle,6.361,2.22,22.0,1,1,2,6.375,2.225,-25.6,0.0,0.014,0.0,0.0,,1.03
1788458826.628,idle,6.361,2.22,22.0,1,1,2,6.375,2.225,-25.6,0.0,0.014,0.0,0.0,,1.03
1788458826.681,idle,6.361,2.22,22.0,1,1,2,6.375,2.225,-25.6,0.0,0.014,0.0,0.0,,1.03
1788458826.735,idle,6.361,2.22,22.0,1,1,2,6.375,2.225,-25.6,0.0,0.014,0.0,0.0,,1.03
1788458826.789,idle,6.361,2.22,22.0,1,1,2,6.375,2.225,-25.6,0.0,0.014,0.0,0.0,,1.03
1788458826.849,idle,6.361,2.22,22.0,1,1,2,6.375,2.225,-25.6,0.0,0.014,0.0,0.0,,1.03
1788458826.907,idle,6.361,2.22,22.0,1,1,2,6.375,2.225,-25.6,0.0,0.014,0.0,0.0,,1.03
1788458826.968,idle,6.361,2.22,22.0,1,1,2,6.375,2.225,-25.6,0.0,0.014,0.0,0.0,,1.03
1788458827.026,idle,6.361,2.22,22.0,1,1,2,6.375,2.225,-25.6,0.0,0.014,0.0,0.0,,1.03
1788458827.081,idle,6.361,2.22,22.0,1,1,2,6.375,2.225,-25.6,0.0,0.014,0.0,0.0,,1.03
1788458827.132,idle,6.361,2.22,22.0,1,1,2,6.375,2.225,-25.6,0.0,0.014,0.0,0.0,,1.03
1788458827.182,idle,6.361,2.22,22.0,1,1,2,6.375,2.225,-25.6,0.0,0.014,0.0,0.0,,1.03
1788458827.232,idle,6.361,2.22,22.0,1,1,2,6.375,2.225,-25.6,0.0,0.014,0.0,0.0,,1.03
1788458827.286,idle,6.361,2.22,22.0,1,1,2,6.375,2.225,-25.6,0.0,0.014,0.0,0.0,,1.03
1788458827.338,idle,6.361,2.22,22.0,1,1,2,6.375,2.225,-25.6,0.0,0.014,0.0,0.0,,1.03
1788458827.387,idle,6.361,2.22,22.0,1,1,2,6.375,2.225,-25.6,0.0,0.014,0.0,0.0,,1.03
1788458827.44,idle,6.361,2.22,22.0,1,1,2,6.375,2.225,-25.6,0.0,0.014,0.0,0.0,,1.03
1788458827.492,idle,6.361,2.22,22.0,1,1,2,6.375,2.225,-25.6,0.0,0.014,0.0,0.0,,1.03
1788458827.543,idle,6.361,2.22,22.0,1,1,2,6.375,2.225,-25.6,0.0,0.014,0.0,0.0,,1.03
1788458827.599,idle,6.361,2.22,22.0,1,1,2,6.375,2.225,-25.6,0.0,0.014,0.0,0.0,,1.03
1788458827.658,idle,6.361,2.22,22.0,1,1,2,6.375,2.225,-25.6,0.0,0.014,0.0,0.0,,1.03
1788458827.717,idle,6.361,2.22,22.0,1,1,2,6.375,2.225,-25.6,0.0,0.014,0.0,0.0,,1.03
1788458827.776,idle,6.361,2.22,22.0,1,1,2,6.375,2.225,-25.6,0.0,0.014,0.0,0.0,,1.03
1788458827.833,idle,6.361,2.22,22.0,1,1,2,6.375,2.225,-25.6,0.0,0.014,0.0,0.0,,1.03
1788458827.888,idle,6.361,2.22,22.0,1,1,2,6.375,2.225,-25.6,0.0,0.014,0.0,0.0,,1.03
1788458827.936,idle,6.361,2.22,22.0,1,1,2,6.375,2.225,-25.6,0.0,0.014,0.0,0.0,,1.03
1788458827.989,idle,6.361,2.22,22.0,1,1,2,6.375,2.225,-25.6,0.0,0.014,0.0,0.0,,1.03
1788458828.042,idle,6.361,2.22,22.0,1,1,2,6.375,2.225,-25.6,0.0,0.014,0.0,0.0,,1.03
1788458828.096,idle,6.361,2.22,22.0,1,1,2,6.375,2.225,-25.6,0.0,0.014,0.0,0.0,,1.03
1788458828.146,idle,6.361,2.22,22.0,1,1,2,6.375,2.225,-25.6,0.0,0.014,0.0,0.0,,1.03
1788458828.197,idle,6.361,2.22,22.0,1,1,2,6.375,2.225,-25.6,0.0,0.014,0.0,0.0,,1.03
1788458828.248,idle,6.361,2.22,22.0,1,1,2,6.375,2.225,-25.6,0.0,0.014,0.0,0.0,,1.03
1788458828.301,idle,6.361,2.22,22.0,1,1,2,6.375,2.225,-25.6,0.0,0.014,0.0,0.0,,1.03
1788458828.357,idle,6.361,2.22,22.0,1,1,2,6.375,2.225,-25.6,0.0,0.014,0.0,0.0,,1.03
1788458828.418,idle,6.361,2.22,22.0,1,1,2,6.375,2.225,-25.6,0.0,0.014,0.0,0.0,,1.03
1788458828.476,idle,6.361,2.22,22.0,1,1,2,6.375,2.225,-25.6,0.0,0.014,0.0,0.0,,1.03
1788458828.538,idle,6.361,2.22,22.0,1,1,2,6.375,2.225,-25.6,0.0,0.014,0.0,0.0,,1.03
1788458828.596,idle,6.361,2.22,22.0,1,1,2,6.375,2.225,-25.6,0.0,0.014,0.0,0.0,,1.03
1788458828.652,idle,6.361,2.22,22.0,1,1,2,6.375,2.225,-25.6,0.0,0.014,0.0,0.0,,1.03
1788458828.705,idle,6.361,2.22,22.0,1,1,2,6.375,2.225,-25.6,0.0,0.014,0.0,0.0,,1.03
1788458828.757,idle,6.361,2.22,22.0,1,1,2,6.375,2.225,-25.6,0.0,0.014,0.0,0.0,,1.03
1788458828.808,idle,6.361,2.22,22.0,1,1,2,6.375,2.225,-25.6,0.0,0.014,0.0,0.0,,1.03
1788458828.861,idle,6.361,2.22,22.0,1,1,2,6.375,2.225,-25.6,0.0,0.014,0.0,0.0,,1.03
1788458828.912,idle,6.361,2.22,22.0,1,1,2,6.375,2.225,-25.6,0.0,0.014,0.0,0.0,,1.03
1788458828.963,idle,6.361,2.22,22.0,1,1,2,6.375,2.225,-25.6,0.0,0.014,0.0,0.0,,1.03
1788458829.016,idle,6.361,2.22,22.0,1,1,2,6.375,2.225,-25.6,0.0,0.014,0.0,0.0,,1.03
1788458829.071,idle,6.361,2.22,22.0,1,1,2,6.375,2.225,-25.6,0.0,0.014,0.0,0.0,,1.03
1788458829.124,idle,6.361,2.22,22.0,1,1,2,6.375,2.225,-25.6,0.0,0.014,0.0,0.0,,1.03
1788458829.185,idle,6.361,2.22,22.0,1,1,2,6.375,2.225,-25.6,0.0,0.014,0.0,0.0,,1.03
1788458829.244,idle,6.361,2.22,22.0,1,1,2,6.375,2.225,-25.6,0.0,0.014,0.0,0.0,,1.03
1788458829.303,idle,6.361,2.22,22.0,1,1,2,6.375,2.225,-25.6,0.0,0.014,0.0,0.0,,1.03
1788458829.355,idle,6.361,2.22,22.0,1,1,2,6.375,2.225,-25.6,0.0,0.014,0.0,0.0,,1.03
1788458829.412,idle,6.361,2.22,22.0,1,1,2,6.375,2.225,-25.6,0.0,0.014,0.0,0.0,,1.03
1788458829.463,idle,6.361,2.22,22.0,1,1,2,6.375,2.225,-25.6,0.0,0.014,0.0,0.0,,1.03
1788458829.515,idle,6.361,2.22,22.0,1,1,2,6.375,2.225,-25.6,0.0,0.014,0.0,0.0,,1.03
1788458829.565,idle,6.361,2.22,22.0,1,1,2,6.375,2.225,-25.6,0.0,0.014,0.0,0.0,,1.03
1788458829.618,idle,6.361,2.22,22.0,1,1,2,6.375,2.225,-25.6,0.0,0.014,0.0,0.0,,1.03
1788458829.672,idle,6.361,2.22,22.0,1,1,2,6.375,2.225,-25.6,0.0,0.014,0.0,0.0,,1.03
1788458829.724,idle,6.361,2.22,22.0,1,1,2,6.375,2.225,-25.6,0.0,0.014,0.0,0.0,,1.03
1788458829.775,idle,6.361,2.22,22.0,1,1,2,6.375,2.225,-25.6,0.0,0.014,0.0,0.0,,1.03
1788458829.826,idle,6.361,2.22,22.0,1,1,2,6.375,2.225,-25.6,0.0,0.014,0.0,0.0,,1.03
1788458829.878,idle,6.361,2.22,22.0,1,1,2,6.375,2.225,-25.6,0.0,0.014,0.0,0.0,,1.03
1788458829.933,idle,6.361,2.22,22.0,1,1,2,6.375,2.225,-25.6,0.0,0.014,0.0,0.0,,1.03
1788458829.993,idle,6.361,2.22,22.0,1,1,2,6.375,2.225,-25.6,0.0,0.014,0.0,0.0,,1.03
1788458830.055,idle,6.361,2.22,22.0,1,1,2,6.375,2.225,-25.6,0.0,0.014,0.0,0.0,,1.03
1788458830.112,idle,6.361,2.22,22.0,1,1,2,6.375,2.225,-25.6,0.0,0.014,0.0,0.0,,1.03
1788458830.17,idle,6.361,2.22,22.0,1,1,2,6.375,2.225,-25.6,0.0,0.014,0.0,0.0,,1.03
1788458830.222,idle,6.361,2.22,22.0,1,1,2,6.375,2.225,-25.6,0.0,0.014,0.0,0.0,,1.03
1788458830.273,idle,6.361,2.22,22.0,1,1,2,6.375,2.225,-25.6,0.0,0.014,0.0,0.0,,1.03
1788458830.325,idle,6.361,2.22,22.0,1,1,2,6.375,2.225,-25.6,0.0,0.014,0.0,0.0,,1.03
1788458830.378,idle,6.361,2.22,22.0,1,1,2,6.375,2.225,-25.6,0.0,0.014,0.0,0.0,,1.03
1788458830.428,idle,6.361,2.22,22.0,1,1,2,6.375,2.225,-25.6,0.0,0.014,0.0,0.0,,1.03
1788458830.481,idle,6.361,2.22,22.0,1,1,2,6.375,2.225,-25.6,0.0,0.014,0.0,0.0,,1.03
1788458830.535,idle,6.361,2.22,22.0,1,1,2,6.375,2.225,-25.6,0.0,0.014,0.0,0.0,,1.03
1788458830.59,idle,6.361,2.22,22.0,1,1,2,6.375,2.225,-25.6,0.0,0.014,0.0,0.0,,1.03
1788458830.644,idle,6.361,2.22,22.0,1,1,2,6.375,2.225,-25.6,0.0,0.014,0.0,0.0,,1.03
1788458830.697,idle,6.361,2.22,22.0,1,1,2,6.375,2.225,-25.6,0.0,0.014,0.0,0.0,,1.03
1788458830.756,idle,6.361,2.22,22.0,1,1,2,6.375,2.225,-25.6,0.0,0.014,0.0,0.0,,1.03
1788458830.814,idle,6.361,2.22,22.0,1,1,2,6.375,2.225,-25.6,0.0,0.014,0.0,0.0,,1.03
1788458830.874,idle,6.361,2.22,22.0,1,1,2,6.375,2.225,-25.6,0.0,0.014,0.0,0.0,,1.03
1788458830.932,idle,6.361,2.22,22.0,1,1,2,6.375,2.225,-25.6,0.0,0.014,0.0,0.0,,1.03
1788458830.984,idle,6.361,2.22,22.0,1,1,2,6.375,2.225,-25.6,0.0,0.014,0.0,0.0,,1.03
1788458831.035,idle,6.361,2.22,22.0,1,1,2,6.375,2.225,-25.6,0.0,0.014,0.0,0.0,,1.03
1788458831.089,idle,6.361,2.22,22.0,1,1,2,6.375,2.225,-25.6,0.0,0.014,0.0,0.0,,1.03
1788458831.139,idle,6.361,2.22,22.0,1,1,2,6.375,2.225,-25.6,0.0,0.014,0.0,0.0,,1.03
1788458831.19,idle,6.361,2.22,22.0,1,1,2,6.375,2.225,-25.6,0.0,0.014,0.0,0.0,,1.03
1788458831.244,idle,6.361,2.22,22.0,1,1,2,6.375,2.225,-25.6,0.0,0.014,0.0,0.0,,1.03
1788458831.296,idle,6.361,2.22,22.0,1,1,2,6.375,2.225,-25.6,0.0,0.014,0.0,0.0,,1.03
1788458831.349,idle,6.361,2.22,22.0,1,1,2,6.375,2.225,-25.6,0.0,0.014,0.0,0.0,,1.03
1788458831.399,idle,6.361,2.22,22.0,1,1,2,6.375,2.225,-25.6,0.0,0.014,0.0,0.0,,1.03
1788458831.45,idle,6.361,2.22,22.0,1,1,2,6.375,2.225,-25.6,0.0,0.014,0.0,0.0,,1.03
1788458831.503,idle,6.361,2.22,22.0,1,1,2,6.375,2.225,-25.6,0.0,0.014,0.0,0.0,,1.03
1788458831.563,idle,6.361,2.22,22.0,1,1,2,6.375,2.225,-25.6,0.0,0.014,0.0,0.0,,1.03
1788458831.623,idle,6.361,2.22,22.0,1,1,2,6.375,2.225,-25.6,0.0,0.014,0.0,0.0,,1.03
1788458831.679,idle,6.361,2.22,22.0,1,1,2,6.375,2.225,-25.6,0.0,0.014,0.0,0.0,,1.03
1788458831.735,idle,6.361,2.22,22.0,1,1,2,6.375,2.225,-25.6,0.0,0.014,0.0,0.0,,1.03
1788458831.791,idle,6.361,2.22,22.0,1,1,2,6.375,2.225,-25.6,0.0,0.014,0.0,0.0,,1.03
1788458831.846,idle,6.361,2.22,22.0,1,1,2,6.375,2.225,-25.6,0.0,0.014,0.0,0.0,,1.03
1788458831.901,idle,6.361,2.22,22.0,1,1,2,6.375,2.225,-25.6,0.0,0.014,0.0,0.0,,1.03
1788458831.951,idle,6.361,2.22,22.0,1,1,2,6.375,2.225,-25.6,0.0,0.014,0.0,0.0,,1.03
1788458832.003,idle,6.361,2.22,22.0,1,1,2,6.375,2.225,-25.6,0.0,0.014,0.0,0.0,,1.03
1788458832.054,idle,6.361,2.22,22.0,1,1,2,6.375,2.225,-25.6,0.0,0.014,0.0,0.0,,1.03
1788458832.107,idle,6.361,2.22,22.0,1,1,2,6.375,2.225,-25.6,0.0,0.014,0.0,0.0,,1.03
1788458832.157,idle,6.361,2.22,22.0,1,1,2,6.375,2.225,-25.6,0.0,0.014,0.0,0.0,,1.03
1788458832.208,idle,6.361,2.22,22.0,1,1,2,6.375,2.225,-25.6,0.0,0.014,0.0,0.0,,1.03
1788458832.259,idle,6.361,2.22,22.0,1,1,2,6.375,2.225,-25.6,0.0,0.014,0.0,0.0,,1.03
1788458832.314,idle,6.361,2.22,22.0,1,1,2,6.375,2.225,-25.6,0.0,0.014,0.0,0.0,,1.03
1788458832.372,idle,6.361,2.22,22.0,1,1,2,6.375,2.225,-25.6,0.0,0.014,0.0,0.0,,1.03
1788458832.43,idle,6.361,2.22,22.0,1,1,2,6.375,2.225,-25.6,0.0,0.014,0.0,0.0,,1.03
1788458832.483,idle,6.361,2.22,22.0,1,1,2,6.375,2.225,-25.6,0.0,0.014,0.0,0.0,,1.03
1788458832.537,idle,6.361,2.22,22.0,1,1,2,6.375,2.225,-25.6,0.0,0.014,0.0,0.0,,1.03
1788458832.588,idle,6.361,2.22,22.0,1,1,2,6.375,2.225,-25.6,0.0,0.014,0.0,0.0,,1.03
1788458832.639,idle,6.361,2.22,22.0,1,1,2,6.375,2.225,-25.6,0.0,0.014,0.0,0.0,,1.03
1788458832.689,idle,6.361,2.22,22.0,1,1,2,6.375,2.225,-25.6,0.0,0.014,0.0,0.0,,1.03
1788458832.743,idle,6.361,2.22,22.0,1,1,2,6.375,2.225,-25.6,0.0,0.014,0.0,0.0,,1.03
1788458832.797,idle,6.361,2.22,22.0,1,1,2,6.375,2.225,-25.6,0.0,0.014,0.0,0.0,,1.03
1788458832.85,idle,6.361,2.22,22.0,1,1,2,6.375,2.225,-25.6,0.0,0.014,0.0,0.0,,1.03
1788458832.901,idle,6.361,2.22,22.0,1,1,2,6.375,2.225,-25.6,0.0,0.014,0.0,0.0,,1.03
1788458832.951,idle,6.361,2.22,22.0,1,1,2,6.375,2.225,-25.6,0.0,0.014,0.0,0.0,,1.03
1788458833.004,idle,6.361,2.22,22.0,1,1,2,6.375,2.225,-25.6,0.0,0.014,0.0,0.0,,1.03
1788458833.058,idle,6.361,2.22,22.0,1,1,2,6.375,2.225,-25.6,0.0,0.014,0.0,0.0,,1.03
1788458833.114,idle,6.361,2.22,22.0,1,1,2,6.375,2.225,-25.6,0.0,0.014,0.0,0.0,,1.03
1788458833.17,idle,6.361,2.22,22.0,1,1,2,6.375,2.225,-25.6,0.0,0.014,0.0,0.0,,1.03
1788458833.231,idle,6.361,2.22,22.0,1,1,2,6.375,2.225,-25.6,0.0,0.014,0.0,0.0,,1.03
1788458833.286,idle,6.361,2.22,22.0,1,1,2,6.375,2.225,-25.6,0.0,0.014,0.0,0.0,,1.03
1788458833.338,idle,6.361,2.22,22.0,1,1,2,6.375,2.225,-25.6,0.0,0.014,0.0,0.0,,1.03
1788458833.389,idle,6.361,2.22,22.0,1,1,2,6.375,2.225,-25.6,0.0,0.014,0.0,0.0,,1.03
1788458833.44,idle,6.361,2.22,22.0,1,1,2,6.375,2.225,-25.6,0.0,0.014,0.0,0.0,,1.03
1788458833.493,idle,6.361,2.22,22.0,1,1,2,6.375,2.225,-25.6,0.0,0.014,0.0,0.0,,1.03
1788458833.543,idle,6.361,2.22,22.0,1,1,2,6.375,2.225,-25.6,0.0,0.014,0.0,0.0,,1.03
1788458833.595,idle,6.361,2.22,22.0,1,1,2,6.375,2.225,-25.6,0.0,0.014,0.0,0.0,,1.03
1788458833.65,idle,6.361,2.22,22.0,1,1,2,6.375,2.225,-25.6,0.0,0.014,0.0,0.0,,1.03
1788458833.704,idle,6.361,2.22,22.0,1,1,2,6.375,2.225,-25.6,0.0,0.014,0.0,0.0,,1.03
1788458833.756,idle,6.361,2.22,22.0,1,1,2,6.375,2.225,-25.6,0.0,0.014,0.0,0.0,,1.03
1788458833.807,idle,6.361,2.22,22.0,1,1,2,6.375,2.225,-25.6,0.0,0.014,0.0,0.0,,1.03
1788458833.861,idle,6.361,2.22,22.0,1,1,2,6.375,2.225,-25.6,0.0,0.014,0.0,0.0,,1.03
1788458833.923,idle,6.361,2.22,22.0,1,1,2,6.375,2.225,-25.6,0.0,0.014,0.0,0.0,,1.03
1788458833.982,idle,6.361,2.22,22.0,1,1,2,6.375,2.225,-25.6,0.0,0.014,0.0,0.0,,1.03
1788458834.04,idle,6.361,2.22,22.0,1,1,2,6.375,2.225,-25.6,0.0,0.014,0.0,0.0,,1.03
1788458834.093,idle,6.361,2.22,22.0,1,1,2,6.375,2.225,-25.6,0.0,0.014,0.0,0.0,,1.03
1788458834.145,idle,6.361,2.22,22.0,1,1,2,6.375,2.225,-25.6,0.0,0.014,0.0,0.0,,1.03
1788458834.196,idle,6.361,2.22,22.0,1,1,2,6.375,2.225,-25.6,0.0,0.014,0.0,0.0,,1.03
1788458834.247,idle,6.361,2.22,22.0,1,1,2,6.375,2.225,-25.6,0.0,0.014,0.0,0.0,,1.03
1788458834.298,idle,6.361,2.22,22.0,1,1,2,6.375,2.225,-25.6,0.0,0.014,0.0,0.0,,1.03
1788458834.352,idle,6.361,2.22,22.0,1,1,2,6.375,2.225,-25.6,0.0,0.014,0.0,0.0,,1.03
1788458834.404,idle,6.361,2.22,22.0,1,1,2,6.375,2.225,-25.6,0.0,0.014,0.0,0.0,,1.03
1788458834.457,idle,6.361,2.22,22.0,1,1,2,6.375,2.225,-25.6,0.0,0.014,0.0,0.0,,1.03
1788458834.509,idle,6.361,2.22,22.0,1,1,2,6.375,2.225,-25.6,0.0,0.014,0.0,0.0,,1.03
1788458834.562,idle,6.361,2.22,22.0,1,1,2,6.375,2.225,-25.6,0.0,0.014,0.0,0.0,,1.03
1788458834.616,idle,6.361,2.22,22.0,1,1,2,6.375,2.225,-25.6,0.0,0.014,0.0,0.0,,1.03
1788458834.674,idle,6.361,2.22,22.0,1,1,2,6.375,2.225,-25.6,0.0,0.014,0.0,0.0,,1.03
1788458834.734,idle,6.361,2.22,22.0,1,1,2,6.375,2.225,-25.6,0.0,0.014,0.0,0.0,,1.03
1788458834.793,idle,6.361,2.22,22.0,1,1,2,6.375,2.225,-25.6,0.0,0.014,0.0,0.0,,1.03
1788458834.847,idle,6.361,2.22,22.0,1,1,2,6.375,2.225,-25.6,0.0,0.014,0.0,0.0,,1.03
1788458834.9,idle,6.361,2.22,22.0,1,1,2,6.375,2.225,-25.6,0.0,0.014,0.0,0.0,,1.03
1788458834.95,idle,6.361,2.22,22.0,1,1,2,6.375,2.225,-25.6,0.0,0.014,0.0,0.0,,1.03
1788458835.005,idle,6.361,2.22,22.0,1,1,2,6.375,2.225,-25.6,0.0,0.014,0.0,0.0,,1.03
1788458835.056,idle,6.361,2.22,22.0,1,1,2,6.375,2.225,-25.6,0.0,0.014,0.0,0.0,,1.03
1788458835.112,idle,6.361,2.22,22.0,1,1,2,6.375,2.225,-25.6,0.0,0.014,0.0,0.0,,1.03
1788458835.162,idle,6.361,2.22,22.0,1,1,2,6.375,2.225,-25.6,0.0,0.014,0.0,0.0,,1.03
1788458835.214,idle,6.361,2.22,22.0,1,1,2,6.375,2.225,-25.6,0.0,0.014,0.0,0.0,,1.03
1788458835.264,idle,6.361,2.22,22.0,1,1,2,6.375,2.225,-25.6,0.0,0.014,0.0,0.0,,1.03
1788458835.317,idle,6.361,2.22,22.0,1,1,2,6.375,2.225,-25.6,0.0,0.014,0.0,0.0,,1.03
1788458835.371,idle,6.361,2.22,22.0,1,1,2,6.375,2.225,-25.6,0.0,0.014,0.0,0.0,,1.03
1788458835.433,idle,6.361,2.22,22.0,1,1,2,6.375,2.225,-25.6,0.0,0.014,0.0,0.0,,1.03
1788458835.49,idle,6.361,2.22,22.0,1,1,2,6.375,2.225,-25.6,0.0,0.014,0.0,0.0,,1.03
1788458835.551,idle,6.361,2.22,22.0,1,1,2,6.375,2.225,-25.6,0.0,0.014,0.0,0.0,,1.03
1788458835.607,idle,6.361,2.22,22.0,1,1,2,6.375,2.225,-25.6,0.0,0.014,0.0,0.0,,1.03
1788458835.663,idle,6.361,2.22,22.0,1,1,2,6.375,2.225,-25.6,0.0,0.014,0.0,0.0,,1.03
1788458835.717,idle,6.361,2.22,22.0,1,1,2,6.375,2.225,-25.6,0.0,0.014,0.0,0.0,,1.03
1788458835.772,idle,6.361,2.22,22.0,1,1,2,6.375,2.225,-25.6,0.0,0.014,0.0,0.0,,1.03
1788458835.823,idle,6.361,2.22,22.0,1,1,2,6.375,2.225,-25.6,0.0,0.014,0.0,0.0,,1.03
1788458835.874,idle,6.361,2.22,22.0,1,1,2,6.375,2.225,-25.6,0.0,0.014,0.0,0.0,,1.03
1788458835.924,idle,6.361,2.22,22.0,1,1,2,6.375,2.225,-25.6,0.0,0.014,0.0,0.0,,1.03
1788458835.978,idle,6.361,2.22,22.0,1,1,2,6.375,2.225,-25.6,0.0,0.014,0.0,0.0,,1.03
1788458836.029,idle,6.361,2.22,22.0,1,1,2,6.375,2.225,-25.6,0.0,0.014,0.0,0.0,,1.03
1788458836.083,idle,6.361,2.22,22.0,1,1,2,6.375,2.225,-25.6,0.0,0.014,0.0,0.0,,1.03
1788458836.133,idle,6.361,2.22,22.0,1,1,2,6.375,2.225,-25.6,0.0,0.014,0.0,0.0,,1.03
1788458836.191,idle,6.361,2.22,22.0,1,1,2,6.375,2.225,-25.6,0.0,0.014,0.0,0.0,,1.03
1788458836.252,idle,6.361,2.22,22.0,1,1,2,6.375,2.225,-25.6,0.0,0.014,0.0,0.0,,1.03
1788458836.313,idle,6.361,2.22,22.0,1,1,2,6.375,2.225,-25.6,0.0,0.014,0.0,0.0,,1.03
1788458836.368,idle,6.361,2.22,22.0,1,1,2,6.375,2.225,-25.6,0.0,0.014,0.0,0.0,,1.03
1788458836.423,idle,6.361,2.22,22.0,1,1,2,6.375,2.225,-25.6,0.0,0.014,0.0,0.0,,1.03
1788458836.476,idle,6.361,2.22,22.0,1,1,2,6.375,2.225,-25.6,0.0,0.014,0.0,0.0,,1.03
1788458836.527,idle,6.361,2.22,22.0,1,1,2,6.375,2.225,-25.6,0.0,0.014,0.0,0.0,,1.03
1788458836.578,idle,6.361,2.22,22.0,1,1,2,6.375,2.225,-25.6,0.0,0.014,0.0,0.0,,1.03
1788458836.632,idle,6.361,2.22,22.0,1,1,2,6.375,2.225,-25.6,0.0,0.014,0.0,0.0,,1.03
1788458836.684,idle,6.361,2.22,22.0,1,1,2,6.375,2.225,-25.6,0.0,0.014,0.0,0.0,,1.03
1788458836.736,idle,6.361,2.22,22.0,1,1,2,6.375,2.225,-25.6,0.0,0.014,0.0,0.0,,1.03
1788458836.787,idle,6.361,2.22,22.0,1,1,2,6.375,2.225,-25.6,0.0,0.014,0.0,0.0,,1.03
1788458836.839,idle,6.361,2.22,22.0,1,1,2,6.375,2.225,-25.6,0.0,0.014,0.0,0.0,,1.03
1788458836.891,idle,6.361,2.22,22.0,1,1,2,6.375,2.225,-25.6,0.0,0.014,0.0,0.0,,1.03
1788458836.944,idle,6.361,2.22,22.0,1,1,2,6.375,2.225,-25.6,0.0,0.014,0.0,0.0,,1.03
1788458837.001,idle,6.361,2.22,22.0,1,1,2,6.375,2.225,-25.6,0.0,0.014,0.0,0.0,,1.03
1788458837.06,idle,6.361,2.22,22.0,1,1,2,6.375,2.225,-25.6,0.0,0.014,0.0,0.0,,1.03
1788458837.121,idle,6.361,2.22,22.0,1,1,2,6.375,2.225,-25.6,0.0,0.014,0.0,0.0,,1.03
1788458837.18,idle,6.361,2.22,22.0,1,1,2,6.375,2.225,-25.6,0.0,0.014,0.0,0.0,,1.03
1788458837.234,idle,6.361,2.22,22.0,1,1,2,6.375,2.225,-25.6,0.0,0.014,0.0,0.0,,1.03
1788458837.286,idle,6.361,2.22,22.0,1,1,2,6.375,2.225,-25.6,0.0,0.014,0.0,0.0,,1.03
1788458837.338,idle,6.361,2.22,22.0,1,1,2,6.375,2.225,-25.6,0.0,0.014,0.0,0.0,,1.03
1788458837.389,idle,6.361,2.22,22.0,1,1,2,6.375,2.225,-25.6,0.0,0.014,0.0,0.0,,1.03
1788458837.44,idle,6.361,2.22,22.0,1,1,2,6.375,2.225,-25.6,0.0,0.014,0.0,0.0,,1.03
1788458837.492,idle,6.361,2.22,22.0,1,1,2,6.375,2.225,-25.6,0.0,0.014,0.0,0.0,,1.03
1788458837.544,idle,6.361,2.22,22.0,1,1,2,6.375,2.225,-25.6,0.0,0.014,0.0,0.0,,1.03
1788458837.598,idle,6.361,2.22,22.0,1,1,2,6.375,2.225,-25.6,0.0,0.014,0.0,0.0,,1.03
1788458837.65,idle,6.361,2.22,22.0,1,1,2,6.375,2.225,-25.6,0.0,0.014,0.0,0.0,,1.03
1788458837.702,idle,6.361,2.22,22.0,1,1,2,6.375,2.225,-25.6,0.0,0.014,0.0,0.0,,1.03
1788458837.757,idle,6.361,2.22,22.0,1,1,2,6.375,2.225,-25.6,0.0,0.014,0.0,0.0,,1.03
1788458837.822,idle,6.361,2.22,22.0,1,1,2,6.375,2.225,-25.6,0.0,0.014,0.0,0.0,,1.03
1788458837.886,idle,6.361,2.22,22.0,1,1,2,6.375,2.225,-25.6,0.0,0.014,0.0,0.0,,1.03
1788458837.945,idle,6.361,2.22,22.0,1,1,2,6.375,2.225,-25.6,0.0,0.014,0.0,0.0,,1.03
1788458838.006,idle,6.361,2.22,22.0,1,1,2,6.375,2.225,-25.6,0.0,0.014,0.0,0.0,,1.03
1788458838.058,idle,6.361,2.22,22.0,1,1,2,6.375,2.225,-25.6,0.0,0.014,0.0,0.0,,1.03
1788458838.109,idle,6.361,2.22,22.0,1,1,2,6.375,2.225,-25.6,0.0,0.014,0.0,0.0,,1.03
1788458838.161,idle,6.361,2.22,22.0,1,1,2,6.375,2.225,-25.6,0.0,0.014,0.0,0.0,,1.03
1788458838.21,idle,6.361,2.22,22.0,1,1,2,6.375,2.225,-25.6,0.0,0.014,0.0,0.0,,1.03
1788458838.26,idle,6.361,2.22,22.0,1,1,2,6.375,2.225,-25.6,0.0,0.014,0.0,0.0,,1.03
1788458838.311,idle,6.361,2.22,22.0,1,1,2,6.375,2.225,-25.6,0.0,0.014,0.0,0.0,,1.03
1788458838.364,idle,6.361,2.22,22.0,1,1,2,6.375,2.225,-25.6,0.0,0.014,0.0,0.0,,1.03
1788458838.417,idle,6.361,2.22,22.0,1,1,2,6.375,2.225,-25.6,0.0,0.014,0.0,0.0,,1.03
1788458838.471,idle,6.361,2.22,22.0,1,1,2,6.375,2.225,-25.6,0.0,0.014,0.0,0.0,,1.03
1788458838.526,idle,6.361,2.22,22.0,1,1,2,6.375,2.225,-25.6,0.0,0.014,0.0,0.0,,1.03
1788458838.585,idle,6.361,2.22,22.0,1,1,2,6.375,2.225,-25.6,0.0,0.014,0.0,0.0,,1.03
1788458838.644,idle,6.361,2.22,22.0,1,1,2,6.375,2.225,-25.6,0.0,0.014,0.0,0.0,,1.03
1788458838.705,idle,6.361,2.22,22.0,1,1,2,6.375,2.225,-25.6,0.0,0.014,0.0,0.0,,1.03
1788458838.765,idle,6.361,2.22,22.0,1,1,2,6.375,2.225,-25.6,0.0,0.014,0.0,0.0,,1.03
1788458838.822,idle,6.361,2.22,22.0,1,1,2,6.375,2.225,-25.6,0.0,0.014,0.0,0.0,,1.03
1788458838.876,idle,6.361,2.22,22.0,1,1,2,6.375,2.225,-25.6,0.0,0.014,0.0,0.0,,1.03
1788458838.929,idle,6.361,2.22,22.0,1,1,2,6.375,2.225,-25.6,0.0,0.014,0.0,0.0,,1.03
1788458838.982,idle,6.361,2.22,22.0,1,1,2,6.375,2.225,-25.6,0.0,0.014,0.0,0.0,,1.03
1788458839.042,idle,6.361,2.22,22.0,1,1,2,6.375,2.225,-25.6,0.0,0.014,0.0,0.0,,1.03
1788458839.101,idle,6.361,2.22,22.0,1,1,2,6.375,2.225,-25.6,0.0,0.014,0.0,0.0,,1.03
1788458839.166,idle,6.361,2.22,22.0,1,1,2,6.375,2.225,-25.6,0.0,0.014,0.0,0.0,,1.03
1788458839.23,idle,6.361,2.22,22.0,1,1,2,6.375,2.225,-25.6,0.0,0.014,0.0,0.0,,1.03
1788458839.29,idle,6.361,2.22,22.0,1,1,2,6.375,2.225,-25.6,0.0,0.014,0.0,0.0,,1.03
1788458839.348,idle,6.361,2.22,22.0,1,1,2,6.375,2.225,-25.6,0.0,0.014,0.0,0.0,,1.03
1788458839.409,idle,6.361,2.22,22.0,1,1,2,6.375,2.225,-25.6,0.0,0.014,0.0,0.0,,1.03
1788458839.472,idle,6.361,2.22,22.0,1,1,2,6.375,2.225,-25.6,0.0,0.014,0.0,0.0,,1.03
1788458839.538,idle,6.361,2.22,22.0,1,1,2,6.375,2.225,-25.6,0.0,0.014,0.0,0.0,,1.03
1788458839.596,idle,6.361,2.22,22.0,1,1,2,6.375,2.225,-25.6,0.0,0.014,0.0,0.0,,1.03
1788458839.649,idle,6.361,2.22,22.0,1,1,2,6.375,2.225,-25.6,0.0,0.014,0.0,0.0,,1.03
1788458839.702,idle,6.361,2.22,22.0,1,1,2,6.375,2.225,-25.6,0.0,0.014,0.0,0.0,,1.03
1788458839.757,idle,6.361,2.22,22.0,1,1,2,6.375,2.225,-25.6,0.0,0.014,0.0,0.0,,1.03
1788458839.807,idle,6.361,2.22,22.0,1,1,2,6.375,2.225,-25.6,0.0,0.014,0.0,0.0,,1.03
1788458839.859,idle,6.361,2.22,22.0,1,1,2,6.375,2.225,-25.6,0.0,0.014,0.0,0.0,,1.03
1788458839.909,idle,6.361,2.22,22.0,1,1,2,6.375,2.225,-25.6,0.0,0.014,0.0,0.0,,1.03
1788458839.961,idle,6.361,2.22,22.0,1,1,2,6.375,2.225,-25.6,0.0,0.014,0.0,0.0,,1.03
1788458840.013,idle,6.361,2.22,22.0,1,1,2,6.375,2.225,-25.6,0.0,0.014,0.0,0.0,,1.03
1788458840.067,idle,6.361,2.22,22.0,1,1,2,6.375,2.225,-25.6,0.0,0.014,0.0,0.0,,1.03
1788458840.126,idle,6.361,2.22,22.0,1,1,2,6.375,2.225,-25.6,0.0,0.014,0.0,0.0,,1.03
1788458840.192,idle,6.361,2.22,22.0,1,1,2,6.375,2.225,-25.6,0.0,0.014,0.0,0.0,,1.03
1788458840.261,idle,6.361,2.22,22.0,1,1,2,6.375,2.225,-25.6,0.0,0.014,0.0,0.0,,1.03
1788458840.334,idle,6.361,2.22,22.0,1,1,2,6.375,2.225,-25.6,0.0,0.014,0.0,0.0,,1.03
1788458840.391,idle,6.361,2.22,22.0,1,1,2,6.375,2.225,-25.6,0.0,0.014,0.0,0.0,,1.03
1788458840.443,idle,6.361,2.22,22.0,1,1,2,6.375,2.225,-25.6,0.0,0.014,0.0,0.0,,1.03
1788458840.499,idle,6.361,2.22,22.0,1,1,2,6.375,2.225,-25.6,0.0,0.014,0.0,0.0,,1.03
1788458840.552,idle,6.361,2.22,22.0,1,1,2,6.375,2.225,-25.6,0.0,0.014,0.0,0.0,,1.03
1788458840.604,idle,6.361,2.22,22.0,1,1,2,6.375,2.225,-25.6,0.0,0.014,0.0,0.0,,1.03
1788458840.659,idle,6.361,2.22,22.0,1,1,2,6.375,2.225,-25.6,0.0,0.014,0.0,0.0,,1.03
1788458840.719,idle,6.361,2.22,22.0,1,1,2,6.375,2.225,-25.6,0.0,0.014,0.0,0.0,,1.03
1788458840.773,idle,6.361,2.22,22.0,1,1,2,6.375,2.225,-25.6,0.0,0.014,0.0,0.0,,1.03
1788458840.826,idle,6.361,2.22,22.0,1,1,2,6.375,2.225,-25.6,0.0,0.014,0.0,0.0,,1.03
1788458840.886,idle,6.361,2.22,22.0,1,1,2,6.375,2.225,-25.6,0.0,0.014,0.0,0.0,,1.03
1788458840.947,idle,6.361,2.22,22.0,1,1,2,6.375,2.225,-25.6,0.0,0.014,0.0,0.0,,1.03
1788458841.012,idle,6.361,2.22,22.0,1,1,2,6.375,2.225,-25.6,0.0,0.014,0.0,0.0,,1.03
1788458841.077,idle,6.361,2.22,22.0,1,1,2,6.375,2.225,-25.6,0.0,0.014,0.0,0.0,,1.03
1788458841.136,idle,6.361,2.22,22.0,1,1,2,6.375,2.225,-25.6,0.0,0.014,0.0,0.0,,1.03
1788458841.194,idle,6.361,2.22,22.0,1,1,2,6.375,2.225,-25.6,0.0,0.014,0.0,0.0,,1.03
1788458841.247,idle,6.361,2.22,22.0,1,1,2,6.375,2.225,-25.6,0.0,0.014,0.0,0.0,,1.03
1788458841.302,idle,6.361,2.22,22.0,1,1,2,6.375,2.225,-25.6,0.0,0.014,0.0,0.0,,1.03
1788458841.354,idle,6.361,2.22,22.0,1,1,2,6.375,2.225,-25.6,0.0,0.014,0.0,0.0,,1.03
1788458841.409,idle,6.361,2.22,22.0,1,1,2,6.375,2.225,-25.6,0.0,0.014,0.0,0.0,,1.03
1788458841.462,idle,6.361,2.22,22.0,1,1,2,6.375,2.225,-25.6,0.0,0.014,0.0,0.0,,1.03
1788458841.519,idle,6.361,2.22,22.0,1,1,2,6.375,2.225,-25.6,0.0,0.014,0.0,0.0,,1.03
1788458841.584,idle,6.361,2.22,22.0,1,1,2,6.375,2.225,-25.6,0.0,0.014,0.0,0.0,,1.03
1788458841.646,idle,6.361,2.22,22.0,1,1,2,6.375,2.225,-25.6,0.0,0.014,0.0,0.0,,1.03
1788458841.715,idle,6.361,2.22,22.0,1,1,2,6.375,2.225,-25.6,0.0,0.014,0.0,0.0,,1.03
1788458841.781,idle,6.361,2.22,22.0,1,1,2,6.375,2.225,-25.6,0.0,0.014,0.0,0.0,,1.03
1788458841.86,idle,6.361,2.22,22.0,1,1,2,6.375,2.225,-25.6,0.0,0.014,0.0,0.0,,1.03
1788458841.941,idle,6.361,2.22,22.0,1,1,2,6.375,2.225,-25.6,0.0,0.014,0.0,0.0,,1.03
1788458842.031,idle,6.361,2.22,22.0,1,1,2,6.375,2.225,-25.6,0.0,0.014,0.0,0.0,,1.03
1788458842.112,idle,6.361,2.22,22.0,1,1,2,6.375,2.225,-25.6,0.0,0.014,0.0,0.0,,1.03
1788458842.181,idle,6.361,2.22,22.0,1,1,2,6.375,2.225,-25.6,0.0,0.014,0.0,0.0,,1.03
1788458842.24,idle,6.361,2.22,22.0,1,1,2,6.375,2.225,-25.6,0.0,0.014,0.0,0.0,,1.03
1788458842.296,idle,6.361,2.22,22.0,1,1,2,6.375,2.225,-25.6,0.0,0.014,0.0,0.0,,1.03
1788458842.347,idle,6.361,2.22,22.0,1,1,2,6.375,2.225,-25.6,0.0,0.014,0.0,0.0,,1.03
1788458842.399,idle,6.361,2.22,22.0,1,1,2,6.375,2.225,-25.6,0.0,0.014,0.0,0.0,,1.03
1788458842.451,idle,6.361,2.22,22.0,1,1,2,6.375,2.225,-25.6,0.0,0.014,0.0,0.0,,1.03
1788458842.506,idle,6.361,2.22,22.0,1,1,2,6.375,2.225,-25.6,0.0,0.014,0.0,0.0,,1.03
1788458842.568,idle,6.361,2.22,22.0,1,1,2,6.375,2.225,-25.6,0.0,0.014,0.0,0.0,,1.03
1788458842.634,idle,6.361,2.22,22.0,1,1,2,6.375,2.225,-25.6,0.0,0.014,0.0,0.0,,1.03
1788458842.707,idle,6.361,2.22,22.0,1,1,2,6.375,2.225,-25.6,0.0,0.014,0.0,0.0,,1.03
1788458842.769,idle,6.361,2.22,22.0,1,1,2,6.375,2.225,-25.6,0.0,0.014,0.0,0.0,,1.03
1788458842.825,idle,6.361,2.22,22.0,1,1,2,6.375,2.225,-25.6,0.0,0.014,0.0,0.0,,1.03
1788458842.881,idle,6.361,2.22,22.0,1,1,2,6.375,2.225,-25.6,0.0,0.014,0.0,0.0,,1.03
1788458842.931,idle,6.361,2.22,22.0,1,1,2,6.375,2.225,-25.6,0.0,0.014,0.0,0.0,,1.03
1788458842.983,idle,6.361,2.22,22.0,1,1,2,6.375,2.225,-25.6,0.0,0.014,0.0,0.0,,1.03
1788458843.036,idle,6.361,2.22,22.0,1,1,2,6.375,2.225,-25.6,0.0,0.014,0.0,0.0,,1.03
1788458843.09,idle,6.361,2.22,22.0,1,1,2,6.375,2.225,-25.6,0.0,0.014,0.0,0.0,,1.03
1788458843.141,idle,6.361,2.22,22.0,1,1,2,6.375,2.225,-25.6,0.0,0.014,0.0,0.0,,1.03
1788458843.195,idle,6.361,2.22,22.0,1,1,2,6.375,2.225,-25.6,0.0,0.014,0.0,0.0,,1.03
1788458843.246,idle,6.361,2.22,22.0,1,1,2,6.375,2.225,-25.6,0.0,0.014,0.0,0.0,,1.03
1788458843.298,idle,6.361,2.22,22.0,1,1,2,6.375,2.225,-25.6,0.0,0.014,0.0,0.0,,1.03
1788458843.357,idle,6.361,2.22,22.0,1,1,2,6.375,2.225,-25.6,0.0,0.014,0.0,0.0,,1.03
1788458843.418,idle,6.361,2.22,22.0,1,1,2,6.375,2.225,-25.6,0.0,0.014,0.0,0.0,,1.03
1788458843.475,idle,6.361,2.22,22.0,1,1,2,6.375,2.225,-25.6,0.0,0.014,0.0,0.0,,1.03
1788458843.537,idle,6.361,2.22,22.0,1,1,2,6.375,2.225,-25.6,0.0,0.014,0.0,0.0,,1.03
1788458843.593,idle,6.361,2.22,22.0,1,1,2,6.375,2.225,-25.6,0.0,0.014,0.0,0.0,,1.03
1788458843.644,idle,6.361,2.22,22.0,1,1,2,6.375,2.225,-25.6,0.0,0.014,0.0,0.0,,1.03
1788458843.695,idle,6.361,2.22,22.0,1,1,2,6.375,2.225,-25.6,0.0,0.014,0.0,0.0,,1.03
1788458843.748,idle,6.361,2.22,22.0,1,1,2,6.375,2.225,-25.6,0.0,0.014,0.0,0.0,,1.03
1788458843.8,idle,6.361,2.22,22.0,1,1,2,6.375,2.225,-25.6,0.0,0.014,0.0,0.0,,1.03
1788458843.856,idle,6.361,2.22,22.0,1,1,2,6.375,2.225,-25.6,0.0,0.014,0.0,0.0,,1.03
1788458843.915,idle,6.361,2.22,22.0,1,1,2,6.375,2.225,-25.6,0.0,0.014,0.0,0.0,,1.03
1788458843.97,idle,6.361,2.22,22.0,1,1,2,6.375,2.225,-25.6,0.0,0.014,0.0,0.0,,1.03
1788458844.025,idle,6.361,2.22,22.0,1,1,2,6.375,2.225,-25.6,0.0,0.014,0.0,0.0,,1.03
1788458844.083,idle,6.361,2.22,22.0,1,1,2,6.375,2.225,-25.6,0.0,0.014,0.0,0.0,,1.03
1788458844.147,idle,6.361,2.22,22.0,1,1,2,6.375,2.225,-25.6,0.0,0.014,0.0,0.0,,1.03
1788458844.206,idle,6.361,2.22,22.0,1,1,2,6.375,2.225,-25.6,0.0,0.014,0.0,0.0,,1.03
1788458844.276,idle,6.361,2.22,22.0,1,1,2,6.375,2.225,-25.6,0.0,0.014,0.0,0.0,,1.03
1788458844.336,idle,6.361,2.22,22.0,1,1,2,6.375,2.225,-25.6,0.0,0.014,0.0,0.0,,1.03
1788458844.396,idle,6.361,2.22,22.0,1,1,2,6.375,2.225,-25.6,0.0,0.014,0.0,0.0,,1.03
1788458844.453,idle,6.361,2.22,22.0,1,1,2,6.375,2.225,-25.6,0.0,0.014,0.0,0.0,,1.03
1788458844.51,idle,6.361,2.22,22.0,1,1,2,6.375,2.225,-25.6,0.0,0.014,0.0,0.0,,1.03
1788458844.567,idle,6.361,2.22,22.0,1,1,2,6.375,2.225,-25.6,0.0,0.014,0.0,0.0,,1.03
1788458844.623,idle,6.361,2.22,22.0,1,1,2,6.375,2.225,-25.6,0.0,0.014,0.0,0.0,,1.03
1788458844.681,idle,6.361,2.22,22.0,1,1,2,6.375,2.225,-25.6,0.0,0.014,0.0,0.0,,1.03
1788458844.738,idle,6.361,2.22,22.0,1,1,2,6.375,2.225,-25.6,0.0,0.014,0.0,0.0,,1.03
1788458844.797,idle,6.361,2.22,22.0,1,1,2,6.375,2.225,-25.6,0.0,0.014,0.0,0.0,,1.03
1788458844.85,idle,6.361,2.22,22.0,1,1,2,6.375,2.225,-25.6,0.0,0.014,0.0,0.0,,1.03
1788458844.909,idle,6.361,2.22,22.0,1,1,2,6.375,2.225,-25.6,0.0,0.014,0.0,0.0,,1.03
1788458844.974,idle,6.361,2.22,22.0,1,1,2,6.375,2.225,-25.6,0.0,0.014,0.0,0.0,,1.03
1788458845.043,idle,6.361,2.22,22.0,1,1,2,6.375,2.225,-25.6,0.0,0.014,0.0,0.0,,1.03
1788458845.105,idle,6.361,2.22,22.0,1,1,2,6.375,2.225,-25.6,0.0,0.014,0.0,0.0,,1.03
1788458845.165,idle,6.361,2.22,22.0,1,1,2,6.375,2.225,-25.6,0.0,0.014,0.0,0.0,,1.03
1788458845.222,idle,6.361,2.22,22.0,1,1,2,6.375,2.225,-25.6,0.0,0.014,0.0,0.0,,1.03
1788458845.276,idle,6.361,2.22,22.0,1,1,2,6.375,2.225,-25.6,0.0,0.014,0.0,0.0,,1.03
1788458845.329,idle,6.361,2.22,22.0,1,1,2,6.375,2.225,-25.6,0.0,0.014,0.0,0.0,,1.03
1788458845.385,idle,6.361,2.22,22.0,1,1,2,6.375,2.225,-25.6,0.0,0.014,0.0,0.0,,1.03
1788458845.438,idle,6.361,2.22,22.0,1,1,2,6.375,2.225,-25.6,0.0,0.014,0.0,0.0,,1.03
1788458845.492,idle,6.361,2.22,22.0,1,1,2,6.375,2.225,-25.6,0.0,0.014,0.0,0.0,,1.03
1788458845.545,idle,6.361,2.22,22.0,1,1,2,6.375,2.225,-25.6,0.0,0.014,0.0,0.0,,1.03
1788458845.598,idle,6.361,2.22,22.0,1,1,2,6.375,2.225,-25.6,0.0,0.014,0.0,0.0,,1.03
1788458845.65,idle,6.361,2.22,22.0,1,1,2,6.375,2.225,-25.6,0.0,0.014,0.0,0.0,,1.03
1788458845.716,idle,6.361,2.22,22.0,1,1,2,6.375,2.225,-25.6,0.0,0.014,0.0,0.0,,1.03
1788458845.776,idle,6.361,2.22,22.0,1,1,2,6.375,2.225,-25.6,0.0,0.014,0.0,0.0,,1.03
1788458845.842,idle,6.361,2.22,22.0,1,1,2,6.375,2.225,-25.6,0.0,0.014,0.0,0.0,,1.03
1788458845.899,idle,6.361,2.22,22.0,1,1,2,6.375,2.225,-25.6,0.0,0.014,0.0,0.0,,1.03
1788458845.955,idle,6.361,2.22,22.0,1,1,2,6.375,2.225,-25.6,0.0,0.014,0.0,0.0,,1.03
1788458846.009,idle,6.361,2.22,22.0,1,1,2,6.375,2.225,-25.6,0.0,0.014,0.0,0.0,,1.03
1788458846.061,idle,6.361,2.22,22.0,1,1,2,6.375,2.225,-25.6,0.0,0.014,0.0,0.0,,1.03
1788458846.112,idle,6.361,2.22,22.0,1,1,2,6.375,2.225,-25.6,0.0,0.014,0.0,0.0,,1.03
1788458846.165,idle,6.361,2.22,22.0,1,1,2,6.375,2.225,-25.6,0.0,0.014,0.0,0.0,,1.03
1788458846.222,idle,6.361,2.22,22.0,1,1,2,6.375,2.225,-25.6,0.0,0.014,0.0,0.0,,1.03
1788458846.281,idle,6.361,2.22,22.0,1,1,2,6.375,2.225,-25.6,0.0,0.014,0.0,0.0,,1.03
1788458846.336,idle,6.361,2.22,22.0,1,1,2,6.375,2.225,-25.6,0.0,0.014,0.0,0.0,,1.03
1788458846.39,idle,6.361,2.22,22.0,1,1,2,6.375,2.225,-25.6,0.0,0.014,0.0,0.0,,1.03
1788458846.445,idle,6.361,2.22,22.0,1,1,2,6.375,2.225,-25.6,0.0,0.014,0.0,0.0,,1.03
1788458846.507,idle,6.361,2.22,22.0,1,1,2,6.375,2.225,-25.6,0.0,0.014,0.0,0.0,,1.03
1788458846.571,idle,6.361,2.22,22.0,1,1,2,6.375,2.225,-25.6,0.0,0.014,0.0,0.0,,1.03
1788458846.64,idle,6.361,2.22,22.0,1,1,2,6.375,2.225,-25.6,0.0,0.014,0.0,0.0,,1.03
1788458846.701,idle,6.361,2.22,22.0,1,1,2,6.375,2.225,-25.6,0.0,0.014,0.0,0.0,,1.03
1788458846.764,idle,6.361,2.22,22.0,1,1,2,6.375,2.225,-25.6,0.0,0.014,0.0,0.0,,1.03
1788458846.82,idle,6.361,2.22,22.0,1,1,2,6.375,2.225,-25.6,0.0,0.014,0.0,0.0,,1.03
1788458846.872,idle,6.361,2.22,22.0,1,1,2,6.375,2.225,-25.6,0.0,0.014,0.0,0.0,,1.03
1788458846.923,idle,6.361,2.22,22.0,1,1,2,6.375,2.225,-25.6,0.0,0.014,0.0,0.0,,1.03
1788458846.977,idle,6.361,2.22,22.0,1,1,2,6.375,2.225,-25.6,0.0,0.014,0.0,0.0,,1.03
1788458847.027,idle,6.361,2.22,22.0,1,1,2,6.375,2.225,-25.6,0.0,0.014,0.0,0.0,,1.03
1788458847.079,idle,6.361,2.22,22.0,1,1,2,6.375,2.225,-25.6,0.0,0.014,0.0,0.0,,1.03
1788458847.129,idle,6.361,2.22,22.0,1,1,2,6.375,2.225,-25.6,0.0,0.014,0.0,0.0,,1.03
1788458847.18,idle,6.361,2.22,22.0,1,1,2,6.375,2.225,-25.6,0.0,0.014,0.0,0.0,,1.03
1788458847.233,idle,6.361,2.22,22.0,1,1,2,6.375,2.225,-25.6,0.0,0.014,0.0,0.0,,1.03
1788458847.292,idle,6.361,2.22,22.0,1,1,2,6.375,2.225,-25.6,0.0,0.014,0.0,0.0,,1.03
1788458847.356,idle,6.361,2.22,22.0,1,1,2,6.375,2.225,-25.6,0.0,0.014,0.0,0.0,,1.03
1788458847.414,idle,6.361,2.22,22.0,1,1,2,6.375,2.225,-25.6,0.0,0.014,0.0,0.0,,1.03
1788458847.481,idle,6.361,2.22,22.0,1,1,2,6.375,2.225,-25.6,0.0,0.014,0.0,0.0,,1.03
1788458847.54,idle,6.361,2.22,22.0,1,1,2,6.375,2.225,-25.6,0.0,0.014,0.0,0.0,,1.03
1788458847.598,idle,6.361,2.22,22.0,1,1,2,6.375,2.225,-25.6,0.0,0.014,0.0,0.0,,1.03
1788458847.656,idle,6.361,2.22,22.0,1,1,2,6.375,2.225,-25.6,0.0,0.014,0.0,0.0,,1.03
1788458847.713,idle,6.361,2.22,22.0,1,1,2,6.375,2.225,-25.6,0.0,0.014,0.0,0.0,,1.03
1788458847.771,idle,6.361,2.22,22.0,1,1,2,6.375,2.225,-25.6,0.0,0.014,0.0,0.0,,1.03
1788458847.826,idle,6.361,2.22,22.0,1,1,2,6.375,2.225,-25.6,0.0,0.014,0.0,0.0,,1.03
1788458847.885,idle,6.361,2.22,22.0,1,1,2,6.375,2.225,-25.6,0.0,0.014,0.0,0.0,,1.03
1788458847.942,idle,6.361,2.22,22.0,1,1,2,6.375,2.225,-25.6,0.0,0.014,0.0,0.0,,1.03
1788458847.999,idle,6.361,2.22,22.0,1,1,2,6.375,2.225,-25.6,0.0,0.014,0.0,0.0,,1.03
1788458848.058,idle,6.361,2.22,22.0,1,1,2,6.375,2.225,-25.6,0.0,0.014,0.0,0.0,,1.03
1788458848.123,idle,6.361,2.22,22.0,1,1,2,6.375,2.225,-25.6,0.0,0.014,0.0,0.0,,1.03
1788458848.183,idle,6.361,2.22,22.0,1,1,2,6.375,2.225,-25.6,0.0,0.014,0.0,0.0,,1.03
1788458848.244,idle,6.361,2.22,22.0,1,1,2,6.375,2.225,-25.6,0.0,0.014,0.0,0.0,,1.03
1788458848.304,idle,6.361,2.22,22.0,1,1,2,6.375,2.225,-25.6,0.0,0.014,0.0,0.0,,1.03
1788458848.358,idle,6.361,2.22,22.0,1,1,2,6.375,2.225,-25.6,0.0,0.014,0.0,0.0,,1.03
1788458848.41,idle,6.361,2.22,22.0,1,1,2,6.375,2.225,-25.6,0.0,0.014,0.0,0.0,,1.03
1788458848.464,idle,6.361,2.22,22.0,1,1,2,6.375,2.225,-25.6,0.0,0.014,0.0,0.0,,1.03
1788458848.516,idle,6.361,2.22,22.0,1,1,2,6.375,2.225,-25.6,0.0,0.014,0.0,0.0,,1.03
1788458848.568,idle,6.361,2.22,22.0,1,1,2,6.375,2.225,-25.6,0.0,0.014,0.0,0.0,,1.03
1788458848.622,idle,6.361,2.22,22.0,1,1,2,6.375,2.225,-25.6,0.0,0.014,0.0,0.0,,1.03
1788458848.678,idle,6.361,2.22,22.0,1,1,2,6.375,2.225,-25.6,0.0,0.014,0.0,0.0,,1.03
1788458848.736,idle,6.361,2.22,22.0,1,1,2,6.375,2.225,-25.6,0.0,0.014,0.0,0.0,,1.03
1788458848.799,idle,6.361,2.22,22.0,1,1,2,6.375,2.225,-25.6,0.0,0.014,0.0,0.0,,1.03
1788458848.859,idle,6.361,2.22,22.0,1,1,2,6.375,2.225,-25.6,0.0,0.014,0.0,0.0,,1.03
1788458848.922,idle,6.361,2.22,22.0,1,1,2,6.375,2.225,-25.6,0.0,0.014,0.0,0.0,,1.03
1788458848.985,idle,6.361,2.22,22.0,1,1,2,6.375,2.225,-25.6,0.0,0.014,0.0,0.0,,1.03
1788458849.048,idle,6.361,2.22,22.0,1,1,2,6.375,2.225,-25.6,0.0,0.014,0.0,0.0,,1.03
1788458849.109,idle,6.361,2.22,22.0,1,1,2,6.375,2.225,-25.6,0.0,0.014,0.0,0.0,,1.03
1788458849.166,idle,6.361,2.22,22.0,1,1,2,6.375,2.225,-25.6,0.0,0.014,0.0,0.0,,1.03
1788458849.221,idle,6.361,2.22,22.0,1,1,2,6.375,2.225,-25.6,0.0,0.014,0.0,0.0,,1.03
1788458849.277,idle,6.361,2.22,22.0,1,1,2,6.375,2.225,-25.6,0.0,0.014,0.0,0.0,,1.03
1788458849.336,idle,6.361,2.22,22.0,1,1,2,6.375,2.225,-25.6,0.0,0.014,0.0,0.0,,1.03
1788458849.392,idle,6.361,2.22,22.0,1,1,2,6.375,2.225,-25.6,0.0,0.014,0.0,0.0,,1.03
1788458849.444,idle,6.361,2.22,22.0,1,1,2,6.375,2.225,-25.6,0.0,0.014,0.0,0.0,,1.03
1788458849.5,idle,6.361,2.22,22.0,1,1,2,6.375,2.225,-25.6,0.0,0.014,0.0,0.0,,1.03
1788458849.553,idle,6.361,2.22,22.0,1,1,2,6.375,2.225,-25.6,0.0,0.014,0.0,0.0,,1.03
1788458849.611,idle,6.361,2.22,22.0,1,1,2,6.375,2.225,-25.6,0.0,0.014,0.0,0.0,,1.03
1788458849.671,idle,6.361,2.22,22.0,1,1,2,6.375,2.225,-25.6,0.0,0.014,0.0,0.0,,1.03
1788458849.736,idle,6.361,2.22,22.0,1,1,2,6.375,2.225,-25.6,0.0,0.014,0.0,0.0,,1.03
1788458849.798,idle,6.361,2.22,22.0,1,1,2,6.375,2.225,-25.6,0.0,0.014,0.0,0.0,,1.03
1788458849.862,idle,6.361,2.22,22.0,1,1,2,6.375,2.225,-25.6,0.0,0.014,0.0,0.0,,1.03
1788458849.919,idle,6.361,2.22,22.0,1,1,2,6.375,2.225,-25.6,0.0,0.014,0.0,0.0,,1.03
1788458849.973,idle,6.361,2.22,22.0,1,1,2,6.375,2.225,-25.6,0.0,0.014,0.0,0.0,,1.03
1788458850.025,idle,6.361,2.22,22.0,1,1,2,6.375,2.225,-25.6,0.0,0.014,0.0,0.0,,1.03
1788458850.078,idle,6.361,2.22,22.0,1,1,2,6.375,2.225,-25.6,0.0,0.014,0.0,0.0,,1.03
1788458850.129,idle,6.361,2.22,22.0,1,1,2,6.375,2.225,-25.6,0.0,0.014,0.0,0.0,,1.03
1788458850.181,idle,6.361,2.22,22.0,1,1,2,6.375,2.225,-25.6,0.0,0.014,0.0,0.0,,1.03
1788458850.232,idle,6.361,2.22,22.0,1,1,2,6.375,2.225,-25.6,0.0,0.014,0.0,0.0,,1.03
1788458850.285,idle,6.361,2.22,22.0,1,1,2,6.375,2.225,-25.6,0.0,0.014,0.0,0.0,,1.03
1788458850.337,idle,6.361,2.22,22.0,1,1,2,6.375,2.225,-25.6,0.0,0.014,0.0,0.0,,1.03
1788458850.394,idle,6.361,2.22,22.0,1,1,2,6.375,2.225,-25.6,0.0,0.014,0.0,0.0,,1.03
1788458850.454,idle,6.361,2.22,22.0,1,1,2,6.375,2.225,-25.6,0.0,0.014,0.0,0.0,,1.03
1788458850.514,idle,6.361,2.22,22.0,1,1,2,6.375,2.225,-25.6,0.0,0.014,0.0,0.0,,1.03
1788458850.572,idle,6.361,2.22,22.0,1,1,2,6.375,2.225,-25.6,0.0,0.014,0.0,0.0,,1.03
1788458850.635,idle,6.361,2.22,22.0,1,1,2,6.375,2.225,-25.6,0.0,0.014,0.0,0.0,,1.03
1788458850.693,idle,6.361,2.22,22.0,1,1,2,6.375,2.225,-25.6,0.0,0.014,0.0,0.0,,1.03
1788458850.747,idle,6.361,2.22,22.0,1,1,2,6.375,2.225,-25.6,0.0,0.014,0.0,0.0,,1.03
1788458850.801,idle,6.361,2.22,22.0,1,1,2,6.375,2.225,-25.6,0.0,0.014,0.0,0.0,,1.03
1788458850.854,idle,6.361,2.22,22.0,1,1,2,6.375,2.225,-25.6,0.0,0.014,0.0,0.0,,1.03
1788458850.908,idle,6.361,2.22,22.0,1,1,2,6.375,2.225,-25.6,0.0,0.014,0.0,0.0,,1.03
1788458850.964,idle,6.361,2.22,22.0,1,1,2,6.375,2.225,-25.6,0.0,0.014,0.0,0.0,,1.03
1788458851.016,idle,6.361,2.22,22.0,1,1,2,6.375,2.225,-25.6,0.0,0.014,0.0,0.0,,1.03
1788458851.074,idle,6.361,2.22,22.0,1,1,2,6.375,2.225,-25.6,0.0,0.014,0.0,0.0,,1.03
1788458851.13,idle,6.361,2.22,22.0,1,1,2,6.375,2.225,-25.6,0.0,0.014,0.0,0.0,,1.03
1788458851.184,idle,6.361,2.22,22.0,1,1,2,6.375,2.225,-25.6,0.0,0.014,0.0,0.0,,1.03
1788458851.241,idle,6.361,2.22,22.0,1,1,2,6.375,2.225,-25.6,0.0,0.014,0.0,0.0,,1.03
1788458851.306,idle,6.361,2.22,22.0,1,1,2,6.375,2.225,-25.6,0.0,0.014,0.0,0.0,,1.03
1788458851.367,idle,6.361,2.22,22.0,1,1,2,6.375,2.225,-25.6,0.0,0.014,0.0,0.0,,1.03
1788458851.428,idle,6.361,2.22,22.0,1,1,2,6.375,2.225,-25.6,0.0,0.014,0.0,0.0,,1.03
1788458851.485,idle,6.361,2.22,22.0,1,1,2,6.375,2.225,-25.6,0.0,0.014,0.0,0.0,,1.03
1788458851.54,idle,6.361,2.22,22.0,1,1,2,6.375,2.225,-25.6,0.0,0.014,0.0,0.0,,1.03
1788458851.595,idle,6.361,2.22,22.0,1,1,2,6.375,2.225,-25.6,0.0,0.014,0.0,0.0,,1.03
1788458851.649,idle,6.361,2.22,22.0,1,1,2,6.375,2.225,-25.6,0.0,0.014,0.0,0.0,,1.03
1788458851.702,idle,6.361,2.22,22.0,1,1,2,6.375,2.225,-25.6,0.0,0.014,0.0,0.0,,1.03
1788458851.754,idle,6.361,2.22,22.0,1,1,2,6.375,2.225,-25.6,0.0,0.014,0.0,0.0,,1.03
1788458851.805,idle,6.361,2.22,22.0,1,1,2,6.375,2.225,-25.6,0.0,0.014,0.0,0.0,,1.03
1788458851.857,idle,6.361,2.22,22.0,1,1,2,6.375,2.225,-25.6,0.0,0.014,0.0,0.0,,1.03
1788458851.908,idle,6.361,2.22,22.0,1,1,2,6.375,2.225,-25.6,0.0,0.014,0.0,0.0,,1.03
1788458851.961,idle,6.361,2.22,22.0,1,1,2,6.375,2.225,-25.6,0.0,0.014,0.0,0.0,,1.03
1788458852.016,idle,6.361,2.22,22.0,1,1,2,6.375,2.225,-25.6,0.0,0.014,0.0,0.0,,1.03
1788458852.083,idle,6.361,2.22,22.0,1,1,2,6.375,2.225,-25.6,0.0,0.014,0.0,0.0,,1.03
1788458852.149,idle,6.361,2.22,22.0,1,1,2,6.375,2.225,-25.6,0.0,0.014,0.0,0.0,,1.03
1788458852.22,idle,6.361,2.22,22.0,1,1,2,6.375,2.225,-25.6,0.0,0.014,0.0,0.0,,1.03
1788458852.283,idle,6.361,2.22,22.0,1,1,2,6.375,2.225,-25.6,0.0,0.014,0.0,0.0,,1.03
1788458852.342,idle,6.361,2.22,22.0,1,1,2,6.375,2.225,-25.6,0.0,0.014,0.0,0.0,,1.03
1788458852.395,idle,6.361,2.22,22.0,1,1,2,6.375,2.225,-25.6,0.0,0.014,0.0,0.0,,1.03
1788458852.451,idle,6.361,2.22,22.0,1,1,2,6.375,2.225,-25.6,0.0,0.014,0.0,0.0,,1.03
1788458852.504,idle,6.361,2.22,22.0,1,1,2,6.375,2.225,-25.6,0.0,0.014,0.0,0.0,,1.03
1788458852.557,idle,6.361,2.22,22.0,1,1,2,6.375,2.225,-25.6,0.0,0.014,0.0,0.0,,1.03
1788458852.613,idle,6.361,2.22,22.0,1,1,2,6.375,2.225,-25.6,0.0,0.014,0.0,0.0,,1.03
1788458852.67,idle,6.361,2.22,22.0,1,1,2,6.375,2.225,-25.6,0.0,0.014,0.0,0.0,,1.03
1788458852.724,idle,6.361,2.22,22.0,1,1,2,6.375,2.225,-25.6,0.0,0.014,0.0,0.0,,1.03
1788458852.783,idle,6.361,2.22,22.0,1,1,2,6.375,2.225,-25.6,0.0,0.014,0.0,0.0,,1.03
1788458852.847,idle,6.361,2.22,22.0,1,1,2,6.375,2.225,-25.6,0.0,0.014,0.0,0.0,,1.03
1788458852.915,idle,6.361,2.22,22.0,1,1,2,6.375,2.225,-25.6,0.0,0.014,0.0,0.0,,1.03
1788458852.983,idle,6.361,2.22,22.0,1,1,2,6.375,2.225,-25.6,0.0,0.014,0.0,0.0,,1.03
1788458853.052,idle,6.361,2.22,22.0,1,1,2,6.375,2.225,-25.6,0.0,0.014,0.0,0.0,,1.03
1788458853.108,idle,6.361,2.22,22.0,1,1,2,6.375,2.225,-25.6,0.0,0.014,0.0,0.0,,1.03
1788458853.169,idle,6.361,2.22,22.0,1,1,2,6.375,2.225,-25.6,0.0,0.014,0.0,0.0,,1.03
1788458853.226,idle,6.361,2.22,22.0,1,1,2,6.375,2.225,-25.6,0.0,0.014,0.0,0.0,,1.03
1788458853.287,idle,6.361,2.22,22.0,1,1,2,6.375,2.225,-25.6,0.0,0.014,0.0,0.0,,1.03
1788458853.342,idle,6.361,2.22,22.0,1,1,2,6.375,2.225,-25.6,0.0,0.014,0.0,0.0,,1.03
1788458853.398,idle,6.361,2.22,22.0,1,1,2,6.375,2.225,-25.6,0.0,0.014,0.0,0.0,,1.03
1788458853.453,idle,6.361,2.22,22.0,1,1,2,6.375,2.225,-25.6,0.0,0.014,0.0,0.0,,1.03
1788458853.506,idle,6.361,2.22,22.0,1,1,2,6.375,2.225,-25.6,0.0,0.014,0.0,0.0,,1.03
1788458853.558,idle,6.361,2.22,22.0,1,1,2,6.375,2.225,-25.6,0.0,0.014,0.0,0.0,,1.03
1788458853.616,idle,6.361,2.22,22.0,1,1,2,6.375,2.225,-25.6,0.0,0.014,0.0,0.0,,1.03
1788458853.674,idle,6.361,2.22,22.0,1,1,2,6.375,2.225,-25.6,0.0,0.014,0.0,0.0,,1.03
1788458853.733,idle,6.361,2.22,22.0,1,1,2,6.375,2.225,-25.6,0.0,0.014,0.0,0.0,,1.03
1788458853.794,idle,6.361,2.22,22.0,1,1,2,6.375,2.225,-25.6,0.0,0.014,0.0,0.0,,1.03
1788458853.848,idle,6.361,2.22,22.0,1,1,2,6.375,2.225,-25.6,0.0,0.014,0.0,0.0,,1.03
1788458853.903,idle,6.361,2.22,22.0,1,1,2,6.375,2.225,-25.6,0.0,0.014,0.0,0.0,,1.03
1788458853.954,idle,6.361,2.22,22.0,1,1,2,6.375,2.225,-25.6,0.0,0.014,0.0,0.0,,1.03
1788458854.006,idle,6.361,2.22,22.0,1,1,2,6.375,2.225,-25.6,0.0,0.014,0.0,0.0,,1.03
1788458854.062,idle,6.361,2.22,22.0,1,1,2,6.375,2.225,-25.6,0.0,0.014,0.0,0.0,,1.03
1788458854.121,idle,6.361,2.22,22.0,1,1,2,6.375,2.225,-25.6,0.0,0.014,0.0,0.0,,1.03
1788458854.179,idle,6.361,2.22,22.0,1,1,2,6.375,2.225,-25.6,0.0,0.014,0.0,0.0,,1.03
1788458854.236,idle,6.361,2.22,22.0,1,1,2,6.375,2.225,-25.6,0.0,0.014,0.0,0.0,,1.03
1788458854.295,idle,6.361,2.22,22.0,1,1,2,6.375,2.225,-25.6,0.0,0.014,0.0,0.0,,1.03
1788458854.353,idle,6.361,2.22,22.0,1,1,2,6.375,2.225,-25.6,0.0,0.014,0.0,0.0,,1.03
1788458854.416,idle,6.361,2.22,22.0,1,1,2,6.375,2.225,-25.6,0.0,0.014,0.0,0.0,,1.03
1788458854.483,idle,6.361,2.22,22.0,1,1,2,6.375,2.225,-25.6,0.0,0.014,0.0,0.0,,1.03
1788458854.547,idle,6.361,2.22,22.0,1,1,2,6.375,2.225,-25.6,0.0,0.014,0.0,0.0,,1.03
1788458854.611,idle,6.361,2.22,22.0,1,1,2,6.375,2.225,-25.6,0.0,0.014,0.0,0.0,,1.03
1788458854.668,idle,6.361,2.22,22.0,1,1,2,6.375,2.225,-25.6,0.0,0.014,0.0,0.0,,1.03
1788458854.724,idle,6.361,2.22,22.0,1,1,2,6.375,2.225,-25.6,0.0,0.014,0.0,0.0,,1.03
1788458854.78,idle,6.361,2.22,22.0,1,1,2,6.375,2.225,-25.6,0.0,0.014,0.0,0.0,,1.03
1788458854.831,idle,6.361,2.22,22.0,1,1,2,6.375,2.225,-25.6,0.0,0.014,0.0,0.0,,1.03
1788458854.886,idle,6.361,2.22,22.0,1,1,2,6.375,2.225,-25.6,0.0,0.014,0.0,0.0,,1.03
1788458854.939,idle,6.361,2.22,22.0,1,1,2,6.375,2.225,-25.6,0.0,0.014,0.0,0.0,,1.03
1788458854.995,idle,6.361,2.22,22.0,1,1,2,6.375,2.225,-25.6,0.0,0.014,0.0,0.0,,1.03
1788458855.046,idle,6.361,2.22,22.0,1,1,2,6.375,2.225,-25.6,0.0,0.014,0.0,0.0,,1.03
1788458855.101,idle,6.361,2.22,22.0,1,1,2,6.375,2.225,-25.6,0.0,0.014,0.0,0.0,,1.03
1788458855.156,idle,6.361,2.22,22.0,1,1,2,6.375,2.225,-25.6,0.0,0.014,0.0,0.0,,1.03
1788458855.217,idle,6.361,2.22,22.0,1,1,2,6.375,2.225,-25.6,0.0,0.014,0.0,0.0,,1.03
1788458855.281,idle,6.361,2.22,22.0,1,1,2,6.375,2.225,-25.6,0.0,0.014,0.0,0.0,,1.03
1788458855.348,idle,6.361,2.22,22.0,1,1,2,6.375,2.225,-25.6,0.0,0.014,0.0,0.0,,1.03
1788458855.408,idle,6.361,2.22,22.0,1,1,2,6.375,2.225,-25.6,0.0,0.014,0.0,0.0,,1.03
1788458855.461,idle,6.361,2.22,22.0,1,1,2,6.375,2.225,-25.6,0.0,0.014,0.0,0.0,,1.03
1788458855.514,idle,6.361,2.22,22.0,1,1,2,6.375,2.225,-25.6,0.0,0.014,0.0,0.0,,1.03
1788458855.568,idle,6.361,2.22,22.0,1,1,2,6.375,2.225,-25.6,0.0,0.014,0.0,0.0,,1.03
1788458855.621,idle,6.361,2.22,22.0,1,1,2,6.375,2.225,-25.6,0.0,0.014,0.0,0.0,,1.03
1788458855.675,idle,6.361,2.22,22.0,1,1,2,6.375,2.225,-25.6,0.0,0.014,0.0,0.0,,1.03
1788458855.727,idle,6.361,2.22,22.0,1,1,2,6.375,2.225,-25.6,0.0,0.014,0.0,0.0,,1.03
1788458855.779,idle,6.361,2.22,22.0,1,1,2,6.375,2.225,-25.6,0.0,0.014,0.0,0.0,,1.03
1788458855.835,idle,6.361,2.22,22.0,1,1,2,6.375,2.225,-25.6,0.0,0.014,0.0,0.0,,1.03
1788458855.889,idle,6.361,2.22,22.0,1,1,2,6.375,2.225,-25.6,0.0,0.014,0.0,0.0,,1.03
1788458855.947,idle,6.361,2.22,22.0,1,1,2,6.375,2.225,-25.6,0.0,0.014,0.0,0.0,,1.03
1788458856.011,idle,6.361,2.22,22.0,1,1,2,6.375,2.225,-25.6,0.0,0.014,0.0,0.0,,1.03
1788458856.075,idle,6.361,2.22,22.0,1,1,2,6.375,2.225,-25.6,0.0,0.014,0.0,0.0,,1.03
1788458856.14,idle,6.361,2.22,22.0,1,1,2,6.375,2.225,-25.6,0.0,0.014,0.0,0.0,,1.03
1788458856.198,idle,6.361,2.22,22.0,1,1,2,6.375,2.225,-25.6,0.0,0.014,0.0,0.0,,1.03
1788458856.254,idle,6.361,2.22,22.0,1,1,2,6.375,2.225,-25.6,0.0,0.014,0.0,0.0,,1.03
1788458856.307,idle,6.361,2.22,22.0,1,1,2,6.375,2.225,-25.6,0.0,0.014,0.0,0.0,,1.03
1788458856.364,idle,6.361,2.22,22.0,1,1,2,6.375,2.225,-25.6,0.0,0.014,0.0,0.0,,1.03
1788458856.416,idle,6.361,2.22,22.0,1,1,2,6.375,2.225,-25.6,0.0,0.014,0.0,0.0,,1.03
1788458856.47,idle,6.361,2.22,22.0,1,1,2,6.375,2.225,-25.6,0.0,0.014,0.0,0.0,,1.03
1788458856.526,idle,6.361,2.22,22.0,1,1,2,6.375,2.225,-25.6,0.0,0.014,0.0,0.0,,1.03
1788458856.586,idle,6.361,2.22,22.0,1,1,2,6.375,2.225,-25.6,0.0,0.014,0.0,0.0,,1.03
1788458856.64,idle,6.361,2.22,22.0,1,1,2,6.375,2.225,-25.6,0.0,0.014,0.0,0.0,,1.03
1788458856.696,idle,6.361,2.22,22.0,1,1,2,6.375,2.225,-25.6,0.0,0.014,0.0,0.0,,1.03
1788458856.759,idle,6.361,2.22,22.0,1,1,2,6.375,2.225,-25.6,0.0,0.014,0.0,0.0,,1.03
1788458856.827,idle,6.361,2.22,22.0,1,1,2,6.375,2.225,-25.6,0.0,0.014,0.0,0.0,,1.03
1788458856.894,idle,6.361,2.22,22.0,1,1,2,6.375,2.225,-25.6,0.0,0.014,0.0,0.0,,1.03
1788458856.97,idle,6.361,2.22,22.0,1,1,2,6.375,2.225,-25.6,0.0,0.014,0.0,0.0,,1.03
1788458857.035,idle,6.361,2.22,22.0,1,1,2,6.375,2.225,-25.6,0.0,0.014,0.0,0.0,,1.03
1788458857.099,idle,6.361,2.22,22.0,1,1,2,6.375,2.225,-25.6,0.0,0.014,0.0,0.0,,1.03
1788458857.156,idle,6.361,2.22,22.0,1,1,2,6.375,2.225,-25.6,0.0,0.014,0.0,0.0,,1.03
1788458857.215,idle,6.361,2.22,22.0,1,1,2,6.375,2.225,-25.6,0.0,0.014,0.0,0.0,,1.03
1788458857.267,idle,6.361,2.22,22.0,1,1,2,6.375,2.225,-25.6,0.0,0.014,0.0,0.0,,1.03
1788458857.32,idle,6.361,2.22,22.0,1,1,2,6.375,2.225,-25.6,0.0,0.014,0.0,0.0,,1.03
1788458857.373,idle,6.361,2.22,22.0,1,1,2,6.375,2.225,-25.6,0.0,0.014,0.0,0.0,,1.03
1788458857.424,idle,6.361,2.22,22.0,1,1,2,6.375,2.225,-25.6,0.0,0.014,0.0,0.0,,1.03
1788458857.475,idle,6.361,2.22,22.0,1,1,2,6.375,2.225,-25.6,0.0,0.014,0.0,0.0,,1.03
1788458857.532,idle,6.361,2.22,22.0,1,1,2,6.375,2.225,-25.6,0.0,0.014,0.0,0.0,,1.03
1788458857.602,idle,6.361,2.22,22.0,1,1,2,6.375,2.225,-25.6,0.0,0.014,0.0,0.0,,1.03
1788458857.664,idle,6.361,2.22,22.0,1,1,2,6.375,2.225,-25.6,0.0,0.014,0.0,0.0,,1.03
1788458857.723,idle,6.361,2.22,22.0,1,1,2,6.375,2.225,-25.6,0.0,0.014,0.0,0.0,,1.03
1788458857.781,idle,6.361,2.22,22.0,1,1,2,6.375,2.225,-25.6,0.0,0.014,0.0,0.0,,1.03
1788458857.831,idle,6.361,2.22,22.0,1,1,2,6.375,2.225,-25.6,0.0,0.014,0.0,0.0,,1.03
1788458857.882,idle,6.361,2.22,22.0,1,1,2,6.375,2.225,-25.6,0.0,0.014,0.0,0.0,,1.03
1788458857.934,idle,6.361,2.22,22.0,1,1,2,6.375,2.225,-25.6,0.0,0.014,0.0,0.0,,1.03
1788458857.988,idle,6.361,2.22,22.0,1,1,2,6.375,2.225,-25.6,0.0,0.014,0.0,0.0,,1.03
1788458858.041,idle,6.361,2.22,22.0,1,1,2,6.375,2.225,-25.6,0.0,0.014,0.0,0.0,,1.03
1788458858.098,idle,6.361,2.22,22.0,1,1,2,6.375,2.225,-25.6,0.0,0.014,0.0,0.0,,1.03
1788458858.148,idle,6.361,2.22,22.0,1,1,2,6.375,2.225,-25.6,0.0,0.014,0.0,0.0,,1.03
1788458858.2,idle,6.361,2.22,22.0,1,1,2,6.375,2.225,-25.6,0.0,0.014,0.0,0.0,,1.03
1788458858.25,idle,6.361,2.22,22.0,1,1,2,6.375,2.225,-25.6,0.0,0.014,0.0,0.0,,1.03
1788458858.301,idle,6.361,2.22,22.0,1,1,2,6.375,2.225,-25.6,0.0,0.014,0.0,0.0,,1.03
1788458858.357,idle,6.361,2.22,22.0,1,1,2,6.375,2.225,-25.6,0.0,0.014,0.0,0.0,,1.03
1788458858.416,idle,6.361,2.22,22.0,1,1,2,6.375,2.225,-25.6,0.0,0.014,0.0,0.0,,1.03
1788458858.475,idle,6.361,2.22,22.0,1,1,2,6.375,2.225,-25.6,0.0,0.014,0.0,0.0,,1.03
1788458858.53,idle,6.361,2.22,22.0,1,1,2,6.375,2.225,-25.6,0.0,0.014,0.0,0.0,,1.03
1788458858.583,idle,6.361,2.22,22.0,1,1,2,6.375,2.225,-25.6,0.0,0.014,0.0,0.0,,1.03
1788458858.635,idle,6.361,2.22,22.0,1,1,2,6.375,2.225,-25.6,0.0,0.014,0.0,0.0,,1.03
1788458858.685,idle,6.361,2.22,22.0,1,1,2,6.375,2.225,-25.6,0.0,0.014,0.0,0.0,,1.03
1788458858.74,idle,6.361,2.22,22.0,1,1,2,6.375,2.225,-25.6,0.0,0.014,0.0,0.0,,1.03
1788458858.792,idle,6.361,2.22,22.0,1,1,2,6.375,2.225,-25.6,0.0,0.014,0.0,0.0,,1.03
1788458858.843,idle,6.361,2.22,22.0,1,1,2,6.375,2.225,-25.6,0.0,0.014,0.0,0.0,,1.03
1788458858.894,idle,6.361,2.22,22.0,1,1,2,6.375,2.225,-25.6,0.0,0.014,0.0,0.0,,1.03
1788458858.946,idle,6.361,2.22,22.0,1,1,2,6.375,2.225,-25.6,0.0,0.014,0.0,0.0,,1.03
1788458858.998,idle,6.361,2.22,22.0,1,1,2,6.375,2.225,-25.6,0.0,0.014,0.0,0.0,,1.03
1788458859.05,idle,6.361,2.22,22.0,1,1,2,6.375,2.225,-25.6,0.0,0.014,0.0,0.0,,1.03
1788458859.106,idle,6.361,2.22,22.0,1,1,2,6.375,2.225,-25.6,0.0,0.014,0.0,0.0,,1.03
1788458859.163,idle,6.361,2.22,22.0,1,1,2,6.375,2.225,-25.6,0.0,0.014,0.0,0.0,,1.03
1788458859.22,idle,6.361,2.22,22.0,1,1,2,6.375,2.225,-25.6,0.0,0.014,0.0,0.0,,1.03
1788458859.28,idle,6.361,2.22,22.0,1,1,2,6.375,2.225,-25.6,0.0,0.014,0.0,0.0,,1.03
1788458859.333,idle,6.361,2.22,22.0,1,1,2,6.375,2.225,-25.6,0.0,0.014,0.0,0.0,,1.03
1788458859.387,idle,6.361,2.22,22.0,1,1,2,6.375,2.225,-25.6,0.0,0.014,0.0,0.0,,1.03
1788458859.437,idle,6.361,2.22,22.0,1,1,2,6.375,2.225,-25.6,0.0,0.014,0.0,0.0,,1.03
1788458859.489,idle,6.361,2.22,22.0,1,1,2,6.375,2.225,-25.6,0.0,0.014,0.0,0.0,,1.03
1788458859.541,idle,6.361,2.22,22.0,1,1,2,6.375,2.225,-25.6,0.0,0.014,0.0,0.0,,1.03
1788458859.592,idle,6.361,2.22,22.0,1,1,2,6.375,2.225,-25.6,0.0,0.014,0.0,0.0,,1.03
1788458859.644,idle,6.361,2.22,22.0,1,1,2,6.375,2.225,-25.6,0.0,0.014,0.0,0.0,,1.03
1788458859.704,idle,6.361,2.22,22.0,1,1,2,6.375,2.225,-25.6,0.0,0.014,0.0,0.0,,1.03
1788458859.767,idle,6.361,2.22,22.0,1,1,2,6.375,2.225,-25.6,0.0,0.014,0.0,0.0,,1.03
1788458859.825,idle,6.361,2.22,22.0,1,1,2,6.375,2.225,-25.6,0.0,0.014,0.0,0.0,,1.03
1788458859.885,idle,6.361,2.22,22.0,1,1,2,6.375,2.225,-25.6,0.0,0.014,0.0,0.0,,1.03
1788458859.947,idle,6.361,2.22,22.0,1,1,2,6.375,2.225,-25.6,0.0,0.014,0.0,0.0,,1.03
1788458860.01,idle,6.361,2.22,22.0,1,1,2,6.375,2.225,-25.6,0.0,0.014,0.0,0.0,,1.03
1788458860.082,idle,6.361,2.22,22.0,1,1,2,6.375,2.225,-25.6,0.0,0.014,0.0,0.0,,1.03
1788458860.143,idle,6.361,2.22,22.0,1,1,2,6.375,2.225,-25.6,0.0,0.014,0.0,0.0,,1.03
1788458860.2,idle,6.361,2.22,22.0,1,1,2,6.375,2.225,-25.6,0.0,0.014,0.0,0.0,,1.03
1788458860.253,idle,6.361,2.22,22.0,1,1,2,6.375,2.225,-25.6,0.0,0.014,0.0,0.0,,1.03
1788458860.311,idle,6.361,2.22,22.0,1,1,2,6.375,2.225,-25.6,0.0,0.014,0.0,0.0,,1.03
1788458860.365,idle,6.361,2.22,22.0,1,1,2,6.375,2.225,-25.6,0.0,0.014,0.0,0.0,,1.03
1788458860.422,idle,6.361,2.22,22.0,1,1,2,6.375,2.225,-25.6,0.0,0.014,0.0,0.0,,1.03
1788458860.474,idle,6.361,2.22,22.0,1,1,2,6.375,2.225,-25.6,0.0,0.014,0.0,0.0,,1.03
1788458860.53,idle,6.361,2.22,22.0,1,1,2,6.375,2.225,-25.6,0.0,0.014,0.0,0.0,,1.03
1788458860.584,idle,6.361,2.22,22.0,1,1,2,6.375,2.225,-25.6,0.0,0.014,0.0,0.0,,1.03
1788458860.639,idle,6.361,2.22,22.0,1,1,2,6.375,2.225,-25.6,0.0,0.014,0.0,0.0,,1.03
1788458860.703,idle,6.361,2.22,22.0,1,1,2,6.375,2.225,-25.6,0.0,0.014,0.0,0.0,,1.03
1788458860.768,idle,6.361,2.22,22.0,1,1,2,6.375,2.225,-25.6,0.0,0.014,0.0,0.0,,1.03
1788458860.827,idle,6.361,2.22,22.0,1,1,2,6.375,2.225,-25.6,0.0,0.014,0.0,0.0,,1.03
1788458860.891,idle,6.361,2.22,22.0,1,1,2,6.375,2.225,-25.6,0.0,0.014,0.0,0.0,,1.03
1788458860.949,idle,6.361,2.22,22.0,1,1,2,6.375,2.225,-25.6,0.0,0.014,0.0,0.0,,1.03
1788458861.006,idle,6.361,2.22,22.0,1,1,2,6.375,2.225,-25.6,0.0,0.014,0.0,0.0,,1.03
1788458861.058,idle,6.361,2.22,22.0,1,1,2,6.375,2.225,-25.6,0.0,0.014,0.0,0.0,,1.03
1788458861.112,idle,6.361,2.22,22.0,1,1,2,6.375,2.225,-25.6,0.0,0.014,0.0,0.0,,1.03
1788458861.162,idle,6.361,2.22,22.0,1,1,2,6.375,2.225,-25.6,0.0,0.014,0.0,0.0,,1.03
1788458861.214,idle,6.361,2.22,22.0,1,1,2,6.375,2.225,-25.6,0.0,0.014,0.0,0.0,,1.03
1788458861.264,idle,6.361,2.22,22.0,1,1,2,6.375,2.225,-25.6,0.0,0.014,0.0,0.0,,1.03
1788458861.317,idle,6.361,2.22,22.0,1,1,2,6.375,2.225,-25.6,0.0,0.014,0.0,0.0,,1.03
1788458861.369,idle,6.361,2.22,22.0,1,1,2,6.375,2.225,-25.6,0.0,0.014,0.0,0.0,,1.03
1788458861.422,idle,6.361,2.22,22.0,1,1,2,6.375,2.225,-25.6,0.0,0.014,0.0,0.0,,1.03
1788458861.48,idle,6.361,2.22,22.0,1,1,2,6.375,2.225,-25.6,0.0,0.014,0.0,0.0,,1.03
1788458861.547,idle,6.361,2.22,22.0,1,1,2,6.375,2.225,-25.6,0.0,0.014,0.0,0.0,,1.03
1788458861.609,idle,6.361,2.22,22.0,1,1,2,6.375,2.225,-25.6,0.0,0.014,0.0,0.0,,1.03
1788458861.672,idle,6.361,2.22,22.0,1,1,2,6.375,2.225,-25.6,0.0,0.014,0.0,0.0,,1.03
1788458861.729,idle,6.361,2.22,22.0,1,1,2,6.375,2.225,-25.6,0.0,0.014,0.0,0.0,,1.03
1788458861.786,idle,6.361,2.22,22.0,1,1,2,6.375,2.225,-25.6,0.0,0.014,0.0,0.0,,1.03
1788458861.839,idle,6.361,2.22,22.0,1,1,2,6.375,2.225,-25.6,0.0,0.014,0.0,0.0,,1.03
1788458861.892,idle,6.361,2.22,22.0,1,1,2,6.375,2.225,-25.6,0.0,0.014,0.0,0.0,,1.03
1788458861.946,idle,6.361,2.22,22.0,1,1,2,6.375,2.225,-25.6,0.0,0.014,0.0,0.0,,1.03
1788458862.003,idle,6.361,2.22,22.0,1,1,2,6.375,2.225,-25.6,0.0,0.014,0.0,0.0,,1.03
1788458862.056,idle,6.361,2.22,22.0,1,1,2,6.375,2.225,-25.6,0.0,0.014,0.0,0.0,,1.03
1788458862.113,idle,6.361,2.22,22.0,1,1,2,6.375,2.225,-25.6,0.0,0.014,0.0,0.0,,1.03
1788458862.167,idle,6.361,2.22,22.0,1,1,2,6.375,2.225,-25.6,0.0,0.014,0.0,0.0,,1.03
1788458862.222,idle,6.361,2.22,22.0,1,1,2,6.375,2.225,-25.6,0.0,0.014,0.0,0.0,,1.03
1788458862.284,idle,6.361,2.22,22.0,1,1,2,6.375,2.225,-25.6,0.0,0.014,0.0,0.0,,1.03
1788458862.347,idle,6.361,2.22,22.0,1,1,2,6.375,2.225,-25.6,0.0,0.014,0.0,0.0,,1.03
1788458862.408,idle,6.361,2.22,22.0,1,1,2,6.375,2.225,-25.6,0.0,0.014,0.0,0.0,,1.03
1788458862.471,idle,6.361,2.22,22.0,1,1,2,6.375,2.225,-25.6,0.0,0.014,0.0,0.0,,1.03
1788458862.526,idle,6.361,2.22,22.0,1,1,2,6.375,2.225,-25.6,0.0,0.014,0.0,0.0,,1.03
1788458862.582,idle,6.361,2.22,22.0,1,1,2,6.375,2.225,-25.6,0.0,0.014,0.0,0.0,,1.03
1788458862.639,idle,6.361,2.22,22.0,1,1,2,6.375,2.225,-25.6,0.0,0.014,0.0,0.0,,1.03
1788458862.698,idle,6.361,2.22,22.0,1,1,2,6.375,2.225,-25.6,0.0,0.014,0.0,0.0,,1.03
1788458862.752,idle,6.361,2.22,22.0,1,1,2,6.375,2.225,-25.6,0.0,0.014,0.0,0.0,,1.03
1788458862.806,idle,6.361,2.22,22.0,1,1,2,6.375,2.225,-25.6,0.0,0.014,0.0,0.0,,1.03
1788458862.856,idle,6.361,2.22,22.0,1,1,2,6.375,2.225,-25.6,0.0,0.014,0.0,0.0,,1.03
1788458862.909,idle,6.361,2.22,22.0,1,1,2,6.375,2.225,-25.6,0.0,0.014,0.0,0.0,,1.03
1788458862.961,idle,6.361,2.22,22.0,1,1,2,6.375,2.225,-25.6,0.0,0.014,0.0,0.0,,1.03
1788458863.016,idle,6.361,2.22,22.0,1,1,2,6.375,2.225,-25.6,0.0,0.014,0.0,0.0,,1.03
1788458863.077,idle,6.361,2.22,22.0,1,1,2,6.375,2.225,-25.6,0.0,0.014,0.0,0.0,,1.03
1788458863.141,idle,6.361,2.22,22.0,1,1,2,6.375,2.225,-25.6,0.0,0.014,0.0,0.0,,1.03
1788458863.205,idle,6.361,2.22,22.0,1,1,2,6.375,2.225,-25.6,0.0,0.014,0.0,0.0,,1.03
1788458863.272,idle,6.361,2.22,22.0,1,1,2,6.375,2.225,-25.6,0.0,0.014,0.0,0.0,,1.03
1788458863.328,idle,6.361,2.22,22.0,1,1,2,6.375,2.225,-25.6,0.0,0.014,0.0,0.0,,1.03
1788458863.386,idle,6.361,2.22,22.0,1,1,2,6.375,2.225,-25.6,0.0,0.014,0.0,0.0,,1.03
1788458863.44,idle,6.361,2.22,22.0,1,1,2,6.375,2.225,-25.6,0.0,0.014,0.0,0.0,,1.03
1788458863.499,idle,6.361,2.22,22.0,1,1,2,6.375,2.225,-25.6,0.0,0.014,0.0,0.0,,1.03
1788458863.557,idle,6.361,2.22,22.0,1,1,2,6.375,2.225,-25.6,0.0,0.014,0.0,0.0,,1.03
1788458863.614,idle,6.361,2.22,22.0,1,1,2,6.375,2.225,-25.6,0.0,0.014,0.0,0.0,,1.03
1788458863.671,idle,6.361,2.22,22.0,1,1,2,6.375,2.225,-25.6,0.0,0.014,0.0,0.0,,1.03
1788458863.731,idle,6.361,2.22,22.0,1,1,2,6.375,2.225,-25.6,0.0,0.014,0.0,0.0,,1.03
1788458863.79,idle,6.361,2.22,22.0,1,1,2,6.375,2.225,-25.6,0.0,0.014,0.0,0.0,,1.03
1788458863.848,idle,6.361,2.22,22.0,1,1,2,6.375,2.225,-25.6,0.0,0.014,0.0,0.0,,1.03
1788458863.914,idle,6.361,2.22,22.0,1,1,2,6.375,2.225,-25.6,0.0,0.014,0.0,0.0,,1.03
1788458863.984,idle,6.361,2.22,22.0,1,1,2,6.375,2.225,-25.6,0.0,0.014,0.0,0.0,,1.03
1788458864.05,idle,6.361,2.22,22.0,1,1,2,6.375,2.225,-25.6,0.0,0.014,0.0,0.0,,1.03
1788458864.111,idle,6.361,2.22,22.0,1,1,2,6.375,2.225,-25.6,0.0,0.014,0.0,0.0,,1.03
1788458864.168,idle,6.361,2.22,22.0,1,1,2,6.375,2.225,-25.6,0.0,0.014,0.0,0.0,,1.03
1788458864.223,idle,6.361,2.22,22.0,1,1,2,6.375,2.225,-25.6,0.0,0.014,0.0,0.0,,1.03
1788458864.281,idle,6.361,2.22,22.0,1,1,2,6.375,2.225,-25.6,0.0,0.014,0.0,0.0,,1.03
1788458864.338,idle,6.361,2.22,22.0,1,1,2,6.375,2.225,-25.6,0.0,0.014,0.0,0.0,,1.03
1788458864.393,idle,6.361,2.22,22.0,1,1,2,6.375,2.225,-25.6,0.0,0.014,0.0,0.0,,1.03
1788458864.448,idle,6.361,2.22,22.0,1,1,2,6.375,2.225,-25.6,0.0,0.014,0.0,0.0,,1.03
1788458864.499,idle,6.361,2.22,22.0,1,1,2,6.375,2.225,-25.6,0.0,0.014,0.0,0.0,,1.03
1788458864.552,idle,6.361,2.22,22.0,1,1,2,6.375,2.225,-25.6,0.0,0.014,0.0,0.0,,1.03
1788458864.603,idle,6.361,2.22,22.0,1,1,2,6.375,2.225,-25.6,0.0,0.014,0.0,0.0,,1.03
1788458864.658,idle,6.361,2.22,22.0,1,1,2,6.375,2.225,-25.6,0.0,0.014,0.0,0.0,,1.03
1788458864.716,idle,6.361,2.22,22.0,1,1,2,6.375,2.225,-25.6,0.0,0.014,0.0,0.0,,1.03
1788458864.778,idle,6.361,2.22,22.0,1,1,2,6.375,2.225,-25.6,0.0,0.014,0.0,0.0,,1.03
1788458864.835,idle,6.361,2.22,22.0,1,1,2,6.375,2.225,-25.6,0.0,0.014,0.0,0.0,,1.03
1788458864.893,idle,6.361,2.22,22.0,1,1,2,6.375,2.225,-25.6,0.0,0.014,0.0,0.0,,1.03
1788458864.945,idle,6.361,2.22,22.0,1,1,2,6.375,2.225,-25.6,0.0,0.014,0.0,0.0,,1.03
1788458865.003,idle,6.361,2.22,22.0,1,1,2,6.375,2.225,-25.6,0.0,0.014,0.0,0.0,,1.03
1788458865.058,idle,6.361,2.22,22.0,1,1,2,6.375,2.225,-25.6,0.0,0.014,0.0,0.0,,1.03
1788458865.117,idle,6.361,2.22,22.0,1,1,2,6.375,2.225,-25.6,0.0,0.014,0.0,0.0,,1.03
1788458865.172,idle,6.361,2.22,22.0,1,1,2,6.375,2.225,-25.6,0.0,0.014,0.0,0.0,,1.03
1788458865.228,idle,6.361,2.22,22.0,1,1,2,6.375,2.225,-25.6,0.0,0.014,0.0,0.0,,1.03
1788458865.286,idle,6.361,2.22,22.0,1,1,2,6.375,2.225,-25.6,0.0,0.014,0.0,0.0,,1.03
1788458865.344,idle,6.361,2.22,22.0,1,1,2,6.375,2.225,-25.6,0.0,0.014,0.0,0.0,,1.03
1788458865.403,idle,6.361,2.22,22.0,1,1,2,6.375,2.225,-25.6,0.0,0.014,0.0,0.0,,1.03
1788458865.471,idle,6.361,2.22,22.0,1,1,2,6.375,2.225,-25.6,0.0,0.014,0.0,0.0,,1.03
1788458865.533,idle,6.361,2.22,22.0,1,1,2,6.375,2.225,-25.6,0.0,0.014,0.0,0.0,,1.03
1788458865.601,idle,6.361,2.22,22.0,1,1,2,6.375,2.225,-25.6,0.0,0.014,0.0,0.0,,1.03
1788458865.657,idle,6.361,2.22,22.0,1,1,2,6.375,2.225,-25.6,0.0,0.014,0.0,0.0,,1.03
1788458865.714,idle,6.361,2.22,22.0,1,1,2,6.375,2.225,-25.6,0.0,0.014,0.0,0.0,,1.03
1788458865.768,idle,6.361,2.22,22.0,1,1,2,6.375,2.225,-25.6,0.0,0.014,0.0,0.0,,1.03
1788458865.825,idle,6.361,2.22,22.0,1,1,2,6.375,2.225,-25.6,0.0,0.014,0.0,0.0,,1.03
1788458865.877,idle,6.361,2.22,22.0,1,1,2,6.375,2.225,-25.6,0.0,0.014,0.0,0.0,,1.03
1788458865.932,idle,6.361,2.22,22.0,1,1,2,6.375,2.225,-25.6,0.0,0.014,0.0,0.0,,1.03
1788458865.988,idle,6.361,2.22,22.0,1,1,2,6.375,2.225,-25.6,0.0,0.014,0.0,0.0,,1.03
1788458866.043,idle,6.361,2.22,22.0,1,1,2,6.375,2.225,-25.6,0.0,0.014,0.0,0.0,,1.03
1788458866.094,idle,6.361,2.22,22.0,1,1,2,6.375,2.225,-25.6,0.0,0.014,0.0,0.0,,1.03
1788458866.147,idle,6.361,2.22,22.0,1,1,2,6.375,2.225,-25.6,0.0,0.014,0.0,0.0,,1.03
1788458866.205,idle,6.361,2.22,22.0,1,1,2,6.375,2.225,-25.6,0.0,0.014,0.0,0.0,,1.03
1788458866.262,idle,6.361,2.22,22.0,1,1,2,6.375,2.225,-25.6,0.0,0.014,0.0,0.0,,1.03
1788458866.321,idle,6.361,2.22,22.0,1,1,2,6.375,2.225,-25.6,0.0,0.014,0.0,0.0,,1.03
1788458866.389,idle,6.361,2.22,22.0,1,1,2,6.375,2.225,-25.6,0.0,0.014,0.0,0.0,,1.03
1788458866.445,idle,6.361,2.22,22.0,1,1,2,6.375,2.225,-25.6,0.0,0.014,0.0,0.0,,1.03
1788458866.503,idle,6.361,2.22,22.0,1,1,2,6.375,2.225,-25.6,0.0,0.014,0.0,0.0,,1.03
1788458866.556,idle,6.361,2.22,22.0,1,1,2,6.375,2.225,-25.6,0.0,0.014,0.0,0.0,,1.03
1788458866.614,idle,6.361,2.22,22.0,1,1,2,6.375,2.225,-25.6,0.0,0.014,0.0,0.0,,1.03
1788458866.669,idle,6.361,2.22,22.0,1,1,2,6.375,2.225,-25.6,0.0,0.014,0.0,0.0,,1.03
1788458866.729,idle,6.361,2.22,22.0,1,1,2,6.375,2.225,-25.6,0.0,0.014,0.0,0.0,,1.03
1788458866.786,idle,6.361,2.22,22.0,1,1,2,6.375,2.225,-25.6,0.0,0.014,0.0,0.0,,1.03
1788458866.841,idle,6.361,2.22,22.0,1,1,2,6.375,2.225,-25.6,0.0,0.014,0.0,0.0,,1.03
1788458866.897,idle,6.361,2.22,22.0,1,1,2,6.375,2.225,-25.6,0.0,0.014,0.0,0.0,,1.03
1788458866.954,idle,6.361,2.22,22.0,1,1,2,6.375,2.225,-25.6,0.0,0.014,0.0,0.0,,1.03
1788458867.014,idle,6.361,2.22,22.0,1,1,2,6.375,2.225,-25.6,0.0,0.014,0.0,0.0,,1.03
1788458867.08,idle,6.361,2.22,22.0,1,1,2,6.375,2.225,-25.6,0.0,0.014,0.0,0.0,,1.03
1788458867.14,idle,6.361,2.22,22.0,1,1,2,6.375,2.225,-25.6,0.0,0.014,0.0,0.0,,1.03
1788458867.2,idle,6.361,2.22,22.0,1,1,2,6.375,2.225,-25.6,0.0,0.014,0.0,0.0,,1.03
1788458867.256,idle,6.361,2.22,22.0,1,1,2,6.375,2.225,-25.6,0.0,0.014,0.0,0.0,,1.03
1788458867.313,idle,6.361,2.22,22.0,1,1,2,6.375,2.225,-25.6,0.0,0.014,0.0,0.0,,1.03
1788458867.369,idle,6.361,2.22,22.0,1,1,2,6.375,2.225,-25.6,0.0,0.014,0.0,0.0,,1.03
1788458867.426,idle,6.361,2.22,22.0,1,1,2,6.375,2.225,-25.6,0.0,0.014,0.0,0.0,,1.03
1788458867.483,idle,6.361,2.22,22.0,1,1,2,6.375,2.225,-25.6,0.0,0.014,0.0,0.0,,1.03
1788458867.539,idle,6.361,2.22,22.0,1,1,2,6.375,2.225,-25.6,0.0,0.014,0.0,0.0,,1.03
1788458867.593,idle,6.361,2.22,22.0,1,1,2,6.375,2.225,-25.6,0.0,0.014,0.0,0.0,,1.03
1788458867.649,idle,6.361,2.22,22.0,1,1,2,6.375,2.225,-25.6,0.0,0.014,0.0,0.0,,1.03
1788458867.704,idle,6.361,2.22,22.0,1,1,2,6.375,2.225,-25.6,0.0,0.014,0.0,0.0,,1.03
1788458867.761,idle,6.361,2.22,22.0,1,1,2,6.375,2.225,-25.6,0.0,0.014,0.0,0.0,,1.03
1788458867.822,idle,6.361,2.22,22.0,1,1,2,6.375,2.225,-25.6,0.0,0.014,0.0,0.0,,1.03
1788458867.882,idle,6.361,2.22,22.0,1,1,2,6.375,2.225,-25.6,0.0,0.014,0.0,0.0,,1.03
1788458867.942,idle,6.361,2.22,22.0,1,1,2,6.375,2.225,-25.6,0.0,0.014,0.0,0.0,,1.03
1788458867.999,idle,6.361,2.22,22.0,1,1,2,6.375,2.225,-25.6,0.0,0.014,0.0,0.0,,1.03
1788458868.052,idle,6.361,2.22,22.0,1,1,2,6.375,2.225,-25.6,0.0,0.014,0.0,0.0,,1.03
1788458868.109,idle,6.361,2.22,22.0,1,1,2,6.375,2.225,-25.6,0.0,0.014,0.0,0.0,,1.03
1788458868.164,idle,6.361,2.22,22.0,1,1,2,6.375,2.225,-25.6,0.0,0.014,0.0,0.0,,1.03
1788458868.217,idle,6.361,2.22,22.0,1,1,2,6.375,2.225,-25.6,0.0,0.014,0.0,0.0,,1.03
1788458868.28,idle,6.361,2.22,22.0,1,1,2,6.375,2.225,-25.6,0.0,0.014,0.0,0.0,,1.03
1788458868.339,idle,6.361,2.22,22.0,1,1,2,6.375,2.225,-25.6,0.0,0.014,0.0,0.0,,1.03
1788458868.401,idle,6.361,2.22,22.0,1,1,2,6.375,2.225,-25.6,0.0,0.014,0.0,0.0,,1.03
1788458868.458,idle,6.361,2.22,22.0,1,1,2,6.375,2.225,-25.6,0.0,0.014,0.0,0.0,,1.03
1788458868.519,idle,6.361,2.22,22.0,1,1,2,6.375,2.225,-25.6,0.0,0.014,0.0,0.0,,1.03
1788458868.579,idle,6.361,2.22,22.0,1,1,2,6.375,2.225,-25.6,0.0,0.014,0.0,0.0,,1.03
1788458868.642,idle,6.361,2.22,22.0,1,1,2,6.375,2.225,-25.6,0.0,0.014,0.0,0.0,,1.03
1788458868.707,idle,6.361,2.22,22.0,1,1,2,6.375,2.225,-25.6,0.0,0.014,0.0,0.0,,1.03
1788458868.771,idle,6.361,2.22,22.0,1,1,2,6.375,2.225,-25.6,0.0,0.014,0.0,0.0,,1.03
1788458868.83,idle,6.361,2.22,22.0,1,1,2,6.375,2.225,-25.6,0.0,0.014,0.0,0.0,,1.03
1788458868.887,idle,6.361,2.22,22.0,1,1,2,6.375,2.225,-25.6,0.0,0.014,0.0,0.0,,1.03
1788458868.944,idle,6.361,2.22,22.0,1,1,2,6.375,2.225,-25.6,0.0,0.014,0.0,0.0,,1.03
1788458868.997,idle,6.361,2.22,22.0,1,1,2,6.375,2.225,-25.6,0.0,0.014,0.0,0.0,,1.03
1788458869.053,idle,6.361,2.22,22.0,1,1,2,6.375,2.225,-25.6,0.0,0.014,0.0,0.0,,1.03
1788458869.105,idle,6.361,2.22,22.0,1,1,2,6.375,2.225,-25.6,0.0,0.014,0.0,0.0,,1.03
1788458869.157,idle,6.361,2.22,22.0,1,1,2,6.375,2.225,-25.6,0.0,0.014,0.0,0.0,,1.03
1788458869.216,idle,6.361,2.22,22.0,1,1,2,6.375,2.225,-25.6,0.0,0.014,0.0,0.0,,1.03
1788458869.275,idle,6.361,2.22,22.0,1,1,2,6.375,2.225,-25.6,0.0,0.014,0.0,0.0,,1.03
1788458869.338,idle,6.361,2.22,22.0,1,1,2,6.375,2.225,-25.6,0.0,0.014,0.0,0.0,,1.03
1788458869.405,idle,6.361,2.22,22.0,1,1,2,6.375,2.225,-25.6,0.0,0.014,0.0,0.0,,1.03
1788458869.477,idle,6.361,2.22,22.0,1,1,2,6.375,2.225,-25.6,0.0,0.014,0.0,0.0,,1.03
1788458869.541,idle,6.361,2.22,22.0,1,1,2,6.375,2.225,-25.6,0.0,0.014,0.0,0.0,,1.03
1788458869.605,idle,6.361,2.22,22.0,1,1,2,6.375,2.225,-25.6,0.0,0.014,0.0,0.0,,1.03
1788458869.664,idle,6.361,2.22,22.0,1,1,2,6.375,2.225,-25.6,0.0,0.014,0.0,0.0,,1.03
1788458869.728,idle,6.361,2.22,22.0,1,1,2,6.375,2.225,-25.6,0.0,0.014,0.0,0.0,,1.03
1788458869.812,idle,6.361,2.22,22.0,1,1,2,6.375,2.225,-25.6,0.0,0.014,0.0,0.0,,1.03
1788458869.895,idle,6.361,2.22,22.0,1,1,2,6.375,2.225,-25.6,0.0,0.014,0.0,0.0,,1.03
1788458869.977,idle,6.361,2.22,22.0,1,1,2,6.375,2.225,-25.6,0.0,0.014,0.0,0.0,,1.03
1788458870.035,idle,6.361,2.22,22.0,1,1,2,6.375,2.225,-25.6,0.0,0.014,0.0,0.0,,1.03
1788458870.108,idle,6.361,2.22,22.0,1,1,2,6.375,2.225,-25.6,0.0,0.014,0.0,0.0,,1.03
1788458870.171,idle,6.361,2.22,22.0,1,1,2,6.375,2.225,-25.6,0.0,0.014,0.0,0.0,,1.03
1788458870.237,idle,6.361,2.22,22.0,1,1,2,6.375,2.225,-25.6,0.0,0.014,0.0,0.0,,1.03
1788458870.3,idle,6.361,2.22,22.0,1,1,2,6.375,2.225,-25.6,0.0,0.014,0.0,0.0,,1.03
1788458870.36,idle,6.361,2.22,22.0,1,1,2,6.375,2.225,-25.6,0.0,0.014,0.0,0.0,,1.03
1788458870.416,idle,6.361,2.22,22.0,1,1,2,6.375,2.225,-25.6,0.0,0.014,0.0,0.0,,1.03
1788458870.473,idle,6.361,2.22,22.0,1,1,2,6.375,2.225,-25.6,0.0,0.014,0.0,0.0,,1.03
1788458870.526,idle,6.361,2.22,22.0,1,1,2,6.375,2.225,-25.6,0.0,0.014,0.0,0.0,,1.03
1788458870.58,idle,6.361,2.22,22.0,1,1,2,6.375,2.225,-25.6,0.0,0.014,0.0,0.0,,1.03
1788458870.631,idle,6.361,2.22,22.0,1,1,2,6.375,2.225,-25.6,0.0,0.014,0.0,0.0,,1.03
1788458870.682,idle,6.361,2.22,22.0,1,1,2,6.375,2.225,-25.6,0.0,0.014,0.0,0.0,,1.03
1788458870.734,idle,6.361,2.22,22.0,1,1,2,6.375,2.225,-25.6,0.0,0.014,0.0,0.0,,1.03
1788458870.787,idle,6.361,2.22,22.0,1,1,2,6.375,2.225,-25.6,0.0,0.014,0.0,0.0,,1.03
1788458870.84,idle,6.361,2.22,22.0,1,1,2,6.375,2.225,-25.6,0.0,0.014,0.0,0.0,,1.03
1788458870.897,idle,6.361,2.22,22.0,1,1,2,6.375,2.225,-25.6,0.0,0.014,0.0,0.0,,1.03
1788458870.897,idle,6.361,2.22,22.0,1,1,2,6.375,2.225,-25.6,0.0,0.014,0.0,0.0,,1.03
1788458871.038,idle,6.361,2.22,22.0,1,1,2,6.375,2.225,-25.6,0.0,0.014,0.0,0.0,,1.03
1788458871.109,idle,6.361,2.22,22.0,1,1,2,6.375,2.225,-25.6,0.0,0.014,0.0,0.0,,1.03
1788458871.172,idle,6.361,2.22,22.0,1,1,2,6.375,2.225,-25.6,0.0,0.014,0.0,0.0,,1.03
1788458871.226,idle,6.361,2.22,22.0,1,1,2,6.375,2.225,-25.6,0.0,0.014,0.0,0.0,,1.03
1788458871.281,idle,6.361,2.22,22.0,1,1,2,6.375,2.225,-25.6,0.0,0.014,0.0,0.0,,1.03
1788458871.335,idle,6.361,2.22,22.0,1,1,2,6.375,2.225,-25.6,0.0,0.014,0.0,0.0,,1.03
1788458871.389,idle,6.361,2.22,22.0,1,1,2,6.375,2.225,-25.6,0.0,0.014,0.0,0.0,,1.03
1788458871.444,idle,6.361,2.22,22.0,1,1,2,6.375,2.225,-25.6,0.0,0.014,0.0,0.0,,1.03
1788458871.501,idle,6.361,2.22,22.0,1,1,2,6.375,2.225,-25.6,0.0,0.014,0.0,0.0,,1.03
1788458871.552,idle,6.361,2.22,22.0,1,1,2,6.375,2.225,-25.6,0.0,0.014,0.0,0.0,,1.03
1788458871.609,idle,6.361,2.22,22.0,1,1,2,6.375,2.225,-25.6,0.0,0.014,0.0,0.0,,1.03
1788458871.663,idle,6.361,2.22,22.0,1,1,2,6.375,2.225,-25.6,0.0,0.014,0.0,0.0,,1.03
1788458871.724,idle,6.361,2.22,22.0,1,1,2,6.375,2.225,-25.6,0.0,0.014,0.0,0.0,,1.03
1788458871.785,idle,6.361,2.22,22.0,1,1,2,6.375,2.225,-25.6,0.0,0.014,0.0,0.0,,1.03
1788458871.846,idle,6.361,2.22,22.0,1,1,2,6.375,2.225,-25.6,0.0,0.014,0.0,0.0,,1.03
1788458871.908,idle,6.361,2.22,22.0,1,1,2,6.375,2.225,-25.6,0.0,0.014,0.0,0.0,,1.03
1788458871.966,idle,6.361,2.22,22.0,1,1,2,6.375,2.225,-25.6,0.0,0.014,0.0,0.0,,1.03
1788458872.019,idle,6.361,2.22,22.0,1,1,2,6.375,2.225,-25.6,0.0,0.014,0.0,0.0,,1.03
1788458872.077,idle,6.361,2.22,22.0,1,1,2,6.375,2.225,-25.6,0.0,0.014,0.0,0.0,,1.03
1788458872.129,idle,6.361,2.22,22.0,1,1,2,6.375,2.225,-25.6,0.0,0.014,0.0,0.0,,1.03
1788458872.184,idle,6.361,2.22,22.0,1,1,2,6.375,2.225,-25.6,0.0,0.014,0.0,0.0,,1.03
1788458872.235,idle,6.361,2.22,22.0,1,1,2,6.375,2.225,-25.6,0.0,0.014,0.0,0.0,,1.03
1788458872.289,idle,6.361,2.22,22.0,1,1,2,6.375,2.225,-25.6,0.0,0.014,0.0,0.0,,1.03
1788458872.34,idle,6.361,2.22,22.0,1,1,2,6.375,2.225,-25.6,0.0,0.014,0.0,0.0,,1.03
1788458872.395,idle,6.361,2.22,22.0,1,1,2,6.375,2.225,-25.6,0.0,0.014,0.0,0.0,,1.03
1788458872.45,idle,6.361,2.22,22.0,1,1,2,6.375,2.225,-25.6,0.0,0.014,0.0,0.0,,1.03
1788458872.51,idle,6.361,2.22,22.0,1,1,2,6.375,2.225,-25.6,0.0,0.014,0.0,0.0,,1.03
1788458872.569,idle,6.361,2.22,22.0,1,1,2,6.375,2.225,-25.6,0.0,0.014,0.0,0.0,,1.03
1788458872.632,idle,6.361,2.22,22.0,1,1,2,6.375,2.225,-25.6,0.0,0.014,0.0,0.0,,1.03
1788458872.696,idle,6.361,2.22,22.0,1,1,2,6.375,2.225,-25.6,0.0,0.014,0.0,0.0,,1.03
1788458872.757,idle,6.361,2.22,22.0,1,1,2,6.375,2.225,-25.6,0.0,0.014,0.0,0.0,,1.03
1788458872.811,idle,6.361,2.22,22.0,1,1,2,6.375,2.225,-25.6,0.0,0.014,0.0,0.0,,1.03
1788458872.864,idle,6.361,2.22,22.0,1,1,2,6.375,2.225,-25.6,0.0,0.014,0.0,0.0,,1.03
1788458872.915,idle,6.361,2.22,22.0,1,1,2,6.375,2.225,-25.6,0.0,0.014,0.0,0.0,,1.03
1788458872.97,idle,6.361,2.22,22.0,1,1,2,6.375,2.225,-25.6,0.0,0.014,0.0,0.0,,1.03
1788458873.024,idle,6.361,2.22,22.0,1,1,2,6.375,2.225,-25.6,0.0,0.014,0.0,0.0,,1.03
1788458873.081,idle,6.361,2.22,22.0,1,1,2,6.375,2.225,-25.6,0.0,0.014,0.0,0.0,,1.03
1788458873.135,idle,6.361,2.22,22.0,1,1,2,6.375,2.225,-25.6,0.0,0.014,0.0,0.0,,1.03
1788458873.189,idle,6.361,2.22,22.0,1,1,2,6.375,2.225,-25.6,0.0,0.014,0.0,0.0,,1.03
1788458873.245,idle,6.361,2.22,22.0,1,1,2,6.375,2.225,-25.6,0.0,0.014,0.0,0.0,,1.03
1788458873.307,idle,6.361,2.22,22.0,1,1,2,6.375,2.225,-25.6,0.0,0.014,0.0,0.0,,1.03
1788458873.371,idle,6.361,2.22,22.0,1,1,2,6.375,2.225,-25.6,0.0,0.014,0.0,0.0,,1.03
1788458873.438,idle,6.361,2.22,22.0,1,1,2,6.375,2.225,-25.6,0.0,0.014,0.0,0.0,,1.03
1788458873.504,idle,6.361,2.22,22.0,1,1,2,6.375,2.225,-25.6,0.0,0.014,0.0,0.0,,1.03
1788458873.568,idle,6.361,2.22,22.0,1,1,2,6.375,2.225,-25.6,0.0,0.014,0.0,0.0,,1.03
1788458873.627,idle,6.361,2.22,22.0,1,1,2,6.375,2.225,-25.6,0.0,0.014,0.0,0.0,,1.03
1788458873.684,idle,6.361,2.22,22.0,1,1,2,6.375,2.225,-25.6,0.0,0.014,0.0,0.0,,1.03
1788458873.744,idle,6.361,2.22,22.0,1,1,2,6.375,2.225,-25.6,0.0,0.014,0.0,0.0,,1.03
1788458873.802,idle,6.361,2.22,22.0,1,1,2,6.375,2.225,-25.6,0.0,0.014,0.0,0.0,,1.03
1788458873.857,idle,6.361,2.22,22.0,1,1,2,6.375,2.225,-25.6,0.0,0.014,0.0,0.0,,1.03
1788458873.915,idle,6.361,2.22,22.0,1,1,2,6.375,2.225,-25.6,0.0,0.014,0.0,0.0,,1.03
1788458873.966,idle,6.361,2.22,22.0,1,1,2,6.375,2.225,-25.6,0.0,0.014,0.0,0.0,,1.03
1788458874.021,idle,6.361,2.22,22.0,1,1,2,6.375,2.225,-25.6,0.0,0.014,0.0,0.0,,1.03
1788458874.078,idle,6.361,2.22,22.0,1,1,2,6.375,2.225,-25.6,0.0,0.014,0.0,0.0,,1.03
1788458874.138,idle,6.361,2.22,22.0,1,1,2,6.375,2.225,-25.6,0.0,0.014,0.0,0.0,,1.03
1788458874.2,idle,6.361,2.22,22.0,1,1,2,6.375,2.225,-25.6,0.0,0.014,0.0,0.0,,1.03
1788458874.269,idle,6.361,2.22,22.0,1,1,2,6.375,2.225,-25.6,0.0,0.014,0.0,0.0,,1.03
1788458874.329,idle,6.361,2.22,22.0,1,1,2,6.375,2.225,-25.6,0.0,0.014,0.0,0.0,,1.03
1788458874.384,idle,6.361,2.22,22.0,1,1,2,6.375,2.225,-25.6,0.0,0.014,0.0,0.0,,1.03
1788458874.439,idle,6.361,2.22,22.0,1,1,2,6.375,2.225,-25.6,0.0,0.014,0.0,0.0,,1.03
1788458874.495,idle,6.361,2.22,22.0,1,1,2,6.375,2.225,-25.6,0.0,0.014,0.0,0.0,,1.03
1788458874.548,idle,6.361,2.22,22.0,1,1,2,6.375,2.225,-25.6,0.0,0.014,0.0,0.0,,1.03
1788458874.603,idle,6.361,2.22,22.0,1,1,2,6.375,2.225,-25.6,0.0,0.014,0.0,0.0,,1.03
1788458874.656,idle,6.361,2.22,22.0,1,1,2,6.375,2.225,-25.6,0.0,0.014,0.0,0.0,,1.03
1788458874.711,idle,6.361,2.22,22.0,1,1,2,6.375,2.225,-25.6,0.0,0.014,0.0,0.0,,1.03
1788458874.766,idle,6.361,2.22,22.0,1,1,2,6.375,2.225,-25.6,0.0,0.014,0.0,0.0,,1.03
1788458874.822,idle,6.361,2.22,22.0,1,1,2,6.375,2.225,-25.6,0.0,0.014,0.0,0.0,,1.03
1788458874.883,idle,6.361,2.22,22.0,1,1,2,6.375,2.225,-25.6,0.0,0.014,0.0,0.0,,1.03
1788458874.944,idle,6.361,2.22,22.0,1,1,2,6.375,2.225,-25.6,0.0,0.014,0.0,0.0,,1.03
1788458875.01,idle,6.361,2.22,22.0,1,1,2,6.375,2.225,-25.6,0.0,0.014,0.0,0.0,,1.03
1788458875.074,idle,6.361,2.22,22.0,1,1,2,6.375,2.225,-25.6,0.0,0.014,0.0,0.0,,1.03
1788458875.133,idle,6.361,2.22,22.0,1,1,2,6.375,2.225,-25.6,0.0,0.014,0.0,0.0,,1.03
1788458875.189,idle,6.361,2.22,22.0,1,1,2,6.375,2.225,-25.6,0.0,0.014,0.0,0.0,,1.03
1788458875.243,idle,6.361,2.22,22.0,1,1,2,6.375,2.225,-25.6,0.0,0.014,0.0,0.0,,1.03
1788458875.299,idle,6.361,2.22,22.0,1,1,2,6.375,2.225,-25.6,0.0,0.014,0.0,0.0,,1.03
1788458875.353,idle,6.361,2.22,22.0,1,1,2,6.375,2.225,-25.6,0.0,0.014,0.0,0.0,,1.03
1788458875.408,idle,6.361,2.22,22.0,1,1,2,6.375,2.225,-25.6,0.0,0.014,0.0,0.0,,1.03
1788458875.46,idle,6.361,2.22,22.0,1,1,2,6.375,2.225,-25.6,0.0,0.014,0.0,0.0,,1.03
1788458875.517,idle,6.361,2.22,22.0,1,1,2,6.375,2.225,-25.6,0.0,0.014,0.0,0.0,,1.03
1788458875.569,idle,6.361,2.22,22.0,1,1,2,6.375,2.225,-25.6,0.0,0.014,0.0,0.0,,1.03
1788458875.624,idle,6.361,2.22,22.0,1,1,2,6.375,2.225,-25.6,0.0,0.014,0.0,0.0,,1.03
1788458875.685,idle,6.361,2.22,22.0,1,1,2,6.375,2.225,-25.6,0.0,0.014,0.0,0.0,,1.03
1788458875.75,idle,6.361,2.22,22.0,1,1,2,6.375,2.225,-25.6,0.0,0.014,0.0,0.0,,1.03
1788458875.808,idle,6.361,2.22,22.0,1,1,2,6.375,2.225,-25.6,0.0,0.014,0.0,0.0,,1.03
1788458875.869,idle,6.361,2.22,22.0,1,1,2,6.375,2.225,-25.6,0.0,0.014,0.0,0.0,,1.03
1788458875.925,idle,6.361,2.22,22.0,1,1,2,6.375,2.225,-25.6,0.0,0.014,0.0,0.0,,1.03
1788458875.984,idle,6.361,2.22,22.0,1,1,2,6.375,2.225,-25.6,0.0,0.014,0.0,0.0,,1.03
1788458876.037,idle,6.361,2.22,22.0,1,1,2,6.375,2.225,-25.6,0.0,0.014,0.0,0.0,,1.03
1788458876.091,idle,6.361,2.22,22.0,1,1,2,6.375,2.225,-25.6,0.0,0.014,0.0,0.0,,1.03
1788458876.147,idle,6.361,2.22,22.0,1,1,2,6.375,2.225,-25.6,0.0,0.014,0.0,0.0,,1.03
1788458876.204,idle,6.361,2.22,22.0,1,1,2,6.375,2.225,-25.6,0.0,0.014,0.0,0.0,,1.03
1788458876.255,idle,6.361,2.22,22.0,1,1,2,6.375,2.225,-25.6,0.0,0.014,0.0,0.0,,1.03
1788458876.32,idle,6.361,2.22,22.0,1,1,2,6.375,2.225,-25.6,0.0,0.014,0.0,0.0,,1.03
1788458876.375,idle,6.361,2.22,22.0,1,1,2,6.375,2.225,-25.6,0.0,0.014,0.0,0.0,,1.03
1788458876.434,idle,6.361,2.22,22.0,1,1,2,6.375,2.225,-25.6,0.0,0.014,0.0,0.0,,1.03
1788458876.495,idle,6.361,2.22,22.0,1,1,2,6.375,2.225,-25.6,0.0,0.014,0.0,0.0,,1.03
1788458876.563,idle,6.361,2.22,22.0,1,1,2,6.375,2.225,-25.6,0.0,0.014,0.0,0.0,,1.03
1788458876.627,idle,6.361,2.22,22.0,1,1,2,6.375,2.225,-25.6,0.0,0.014,0.0,0.0,,1.03
1788458876.687,idle,6.361,2.22,22.0,1,1,2,6.375,2.225,-25.6,0.0,0.014,0.0,0.0,,1.03
1788458876.687,idle,6.361,2.22,22.0,1,1,2,6.375,2.225,-25.6,0.0,0.014,0.0,0.0,,1.03
1788458876.794,idle,6.361,2.22,22.0,1,1,2,6.375,2.225,-25.6,0.0,0.014,0.0,0.0,,1.03
1788458876.848,idle,6.361,2.22,22.0,1,1,2,6.375,2.225,-25.6,0.0,0.014,0.0,0.0,,1.03
1788458876.902,idle,6.361,2.22,22.0,1,1,2,6.375,2.225,-25.6,0.0,0.014,0.0,0.0,,1.03
1788458876.957,idle,6.361,2.22,22.0,1,1,2,6.375,2.225,-25.6,0.0,0.014,0.0,0.0,,1.03
1788458877.01,idle,6.361,2.22,22.0,1,1,2,6.375,2.225,-25.6,0.0,0.014,0.0,0.0,,1.03
1788458877.067,idle,6.361,2.22,22.0,1,1,2,6.375,2.225,-25.6,0.0,0.014,0.0,0.0,,1.03
1788458877.126,idle,6.361,2.22,22.0,1,1,2,6.375,2.225,-25.6,0.0,0.014,0.0,0.0,,1.03
1788458877.181,idle,6.361,2.22,22.0,1,1,2,6.375,2.225,-25.6,0.0,0.014,0.0,0.0,,1.03
1788458877.247,idle,6.361,2.22,22.0,1,1,2,6.375,2.225,-25.6,0.0,0.014,0.0,0.0,,1.03
1788458877.247,idle,6.361,2.22,22.0,1,1,2,6.375,2.225,-25.6,0.0,0.014,0.0,0.0,,1.03
1788458877.379,idle,6.361,2.22,22.0,1,1,2,6.375,2.225,-25.6,0.0,0.014,0.0,0.0,,1.03
1788458877.443,idle,6.361,2.22,22.0,1,1,2,6.375,2.225,-25.6,0.0,0.014,0.0,0.0,,1.03
1788458877.505,idle,6.361,2.22,22.0,1,1,2,6.375,2.225,-25.6,0.0,0.014,0.0,0.0,,1.03
1788458877.564,idle,6.361,2.22,22.0,1,1,2,6.375,2.225,-25.6,0.0,0.014,0.0,0.0,,1.03
1788458877.621,idle,6.361,2.22,22.0,1,1,2,6.375,2.225,-25.6,0.0,0.014,0.0,0.0,,1.03
1788458877.679,idle,6.361,2.22,22.0,1,1,2,6.375,2.225,-25.6,0.0,0.014,0.0,0.0,,1.03
1788458877.736,idle,6.361,2.22,22.0,1,1,2,6.375,2.225,-25.6,0.0,0.014,0.0,0.0,,1.03
1788458877.795,idle,6.361,2.22,22.0,1,1,2,6.375,2.225,-25.6,0.0,0.014,0.0,0.0,,1.03
1788458877.851,idle,6.361,2.22,22.0,1,1,2,6.375,2.225,-25.6,0.0,0.014,0.0,0.0,,1.03
1788458877.906,idle,6.361,2.22,22.0,1,1,2,6.375,2.225,-25.6,0.0,0.014,0.0,0.0,,1.03
1788458877.963,idle,6.361,2.22,22.0,1,1,2,6.375,2.225,-25.6,0.0,0.014,0.0,0.0,,1.03
1788458878.02,idle,6.361,2.22,22.0,1,1,2,6.375,2.225,-25.6,0.0,0.014,0.0,0.0,,1.03
1788458878.08,idle,6.361,2.22,22.0,1,1,2,6.375,2.225,-25.6,0.0,0.014,0.0,0.0,,1.03
1788458878.139,idle,6.361,2.22,22.0,1,1,2,6.375,2.225,-25.6,0.0,0.014,0.0,0.0,,1.03
1788458878.205,idle,6.361,2.22,22.0,1,1,2,6.375,2.225,-25.6,0.0,0.014,0.0,0.0,,1.03
1788458878.263,idle,6.361,2.22,22.0,1,1,2,6.375,2.225,-25.6,0.0,0.014,0.0,0.0,,1.03
1788458878.322,idle,6.361,2.22,22.0,1,1,2,6.375,2.225,-25.6,0.0,0.014,0.0,0.0,,1.03
1788458878.381,idle,6.361,2.22,22.0,1,1,2,6.375,2.225,-25.6,0.0,0.014,0.0,0.0,,1.03
1788458878.438,idle,6.361,2.22,22.0,1,1,2,6.375,2.225,-25.6,0.0,0.014,0.0,0.0,,1.03
1788458878.49,idle,6.361,2.22,22.0,1,1,2,6.375,2.225,-25.6,0.0,0.014,0.0,0.0,,1.03
1788458878.545,idle,6.361,2.22,22.0,1,1,2,6.375,2.225,-25.6,0.0,0.014,0.0,0.0,,1.03
1788458878.599,idle,6.361,2.22,22.0,1,1,2,6.375,2.225,-25.6,0.0,0.014,0.0,0.0,,1.03
1788458878.654,idle,6.361,2.22,22.0,1,1,2,6.375,2.225,-25.6,0.0,0.014,0.0,0.0,,1.03
1788458878.707,idle,6.361,2.22,22.0,1,1,2,6.375,2.225,-25.6,0.0,0.014,0.0,0.0,,1.03
1788458878.765,idle,6.361,2.22,22.0,1,1,2,6.375,2.225,-25.6,0.0,0.014,0.0,0.0,,1.03
1788458878.824,idle,6.361,2.22,22.0,1,1,2,6.375,2.225,-25.6,0.0,0.014,0.0,0.0,,1.03
1788458878.885,idle,6.361,2.22,22.0,1,1,2,6.375,2.225,-25.6,0.0,0.014,0.0,0.0,,1.03
1788458878.943,idle,6.361,2.22,22.0,1,1,2,6.375,2.225,-25.6,0.0,0.014,0.0,0.0,,1.03
1788458879.005,idle,6.361,2.22,22.0,1,1,2,6.375,2.225,-25.6,0.0,0.014,0.0,0.0,,1.03
1788458879.061,idle,6.361,2.22,22.0,1,1,2,6.375,2.225,-25.6,0.0,0.014,0.0,0.0,,1.03
1788458879.114,idle,6.361,2.22,22.0,1,1,2,6.375,2.225,-25.6,0.0,0.014,0.0,0.0,,1.03
1788458879.167,idle,6.361,2.22,22.0,1,1,2,6.375,2.225,-25.6,0.0,0.014,0.0,0.0,,1.03
1788458879.221,idle,6.361,2.22,22.0,1,1,2,6.375,2.225,-25.6,0.0,0.014,0.0,0.0,,1.03
1788458879.274,idle,6.361,2.22,22.0,1,1,2,6.375,2.225,-25.6,0.0,0.014,0.0,0.0,,1.03
1788458879.331,idle,6.361,2.22,22.0,1,1,2,6.375,2.225,-25.6,0.0,0.014,0.0,0.0,,1.03
1788458879.384,idle,6.361,2.22,22.0,1,1,2,6.375,2.225,-25.6,0.0,0.014,0.0,0.0,,1.03
1788458879.438,idle,6.361,2.22,22.0,1,1,2,6.375,2.225,-25.6,0.0,0.014,0.0,0.0,,1.03
1788458879.494,idle,6.361,2.22,22.0,1,1,2,6.375,2.225,-25.6,0.0,0.014,0.0,0.0,,1.03
1788458879.547,idle,6.361,2.22,22.0,1,1,2,6.375,2.225,-25.6,0.0,0.014,0.0,0.0,,1.03
1788458879.604,idle,6.361,2.22,22.0,1,1,2,6.375,2.225,-25.6,0.0,0.014,0.0,0.0,,1.03
1788458879.665,idle,6.361,2.22,22.0,1,1,2,6.375,2.225,-25.6,0.0,0.014,0.0,0.0,,1.03
1788458879.725,idle,6.361,2.22,22.0,1,1,2,6.375,2.225,-25.6,0.0,0.014,0.0,0.0,,1.03
1788458879.788,idle,6.361,2.22,22.0,1,1,2,6.375,2.225,-25.6,0.0,0.014,0.0,0.0,,1.03
1788458879.846,idle,6.361,2.22,22.0,1,1,2,6.375,2.225,-25.6,0.0,0.014,0.0,0.0,,1.03
1788458879.904,idle,6.361,2.22,22.0,1,1,2,6.375,2.225,-25.6,0.0,0.014,0.0,0.0,,1.03
1788458879.957,idle,6.361,2.22,22.0,1,1,2,6.375,2.225,-25.6,0.0,0.014,0.0,0.0,,1.03
1788458880.01,idle,6.361,2.22,22.0,1,1,2,6.375,2.225,-25.6,0.0,0.014,0.0,0.0,,1.03
1788458880.066,idle,6.361,2.22,22.0,1,1,2,6.375,2.225,-25.6,0.0,0.014,0.0,0.0,,1.03
1788458880.122,idle,6.361,2.22,22.0,1,1,2,6.375,2.225,-25.6,0.0,0.014,0.0,0.0,,1.03
1788458880.177,idle,6.361,2.22,22.0,1,1,2,6.375,2.225,-25.6,0.0,0.014,0.0,0.0,,1.03
1788458880.231,idle,6.361,2.22,22.0,1,1,2,6.375,2.225,-25.6,0.0,0.014,0.0,0.0,,1.03
1788458880.286,idle,6.361,2.22,22.0,1,1,2,6.375,2.225,-25.6,0.0,0.014,0.0,0.0,,1.03
1788458880.342,idle,6.361,2.22,22.0,1,1,2,6.375,2.225,-25.6,0.0,0.014,0.0,0.0,,1.03
1788458880.398,idle,6.361,2.22,22.0,1,1,2,6.375,2.225,-25.6,0.0,0.014,0.0,0.0,,1.03
1788458880.463,idle,6.361,2.22,22.0,1,1,2,6.375,2.225,-25.6,0.0,0.014,0.0,0.0,,1.03
1788458880.529,idle,6.361,2.22,22.0,1,1,2,6.375,2.225,-25.6,0.0,0.014,0.0,0.0,,1.03
1788458880.529,idle,6.361,2.22,22.0,1,1,2,6.375,2.225,-25.6,0.0,0.014,0.0,0.0,,1.03
1788458880.644,idle,6.361,2.22,22.0,1,1,2,6.375,2.225,-25.6,0.0,0.014,0.0,0.0,,1.03
1788458880.699,idle,6.361,2.22,22.0,1,1,2,6.375,2.225,-25.6,0.0,0.014,0.0,0.0,,1.03
1788458880.749,idle,6.361,2.22,22.0,1,1,2,6.375,2.225,-25.6,0.0,0.014,0.0,0.0,,1.03
1788458880.808,idle,6.361,2.22,22.0,1,1,2,6.375,2.225,-25.6,0.0,0.014,0.0,0.0,,1.03
1788458880.865,idle,6.361,2.22,22.0,1,1,2,6.375,2.225,-25.6,0.0,0.014,0.0,0.0,,1.03
1788458880.922,idle,6.361,2.22,22.0,1,1,2,6.375,2.225,-25.6,0.0,0.014,0.0,0.0,,1.03
1788458880.977,idle,6.361,2.22,22.0,1,1,2,6.375,2.225,-25.6,0.0,0.014,0.0,0.0,,1.03
1788458881.032,idle,6.361,2.22,22.0,1,1,2,6.375,2.225,-25.6,0.0,0.014,0.0,0.0,,1.03
1788458881.089,idle,6.361,2.22,22.0,1,1,2,6.375,2.225,-25.6,0.0,0.014,0.0,0.0,,1.03
1788458881.146,idle,6.361,2.22,22.0,1,1,2,6.375,2.225,-25.6,0.0,0.014,0.0,0.0,,1.03
1788458881.201,idle,6.361,2.22,22.0,1,1,2,6.375,2.225,-25.6,0.0,0.014,0.0,0.0,,1.03
1788458881.268,idle,6.361,2.22,22.0,1,1,2,6.375,2.225,-25.6,0.0,0.014,0.0,0.0,,1.03
1788458881.33,idle,6.361,2.22,22.0,1,1,2,6.375,2.225,-25.6,0.0,0.014,0.0,0.0,,1.03
1788458881.391,idle,6.361,2.22,22.0,1,1,2,6.375,2.225,-25.6,0.0,0.014,0.0,0.0,,1.03
1788458881.452,idle,6.361,2.22,22.0,1,1,2,6.375,2.225,-25.6,0.0,0.014,0.0,0.0,,1.03
1788458881.51,idle,6.361,2.22,22.0,1,1,2,6.375,2.225,-25.6,0.0,0.014,0.0,0.0,,1.03
1788458881.567,idle,6.361,2.22,22.0,1,1,2,6.375,2.225,-25.6,0.0,0.014,0.0,0.0,,1.03
1788458881.624,idle,6.361,2.22,22.0,1,1,2,6.375,2.225,-25.6,0.0,0.014,0.0,0.0,,1.03
1788458881.683,idle,6.361,2.22,22.0,1,1,2,6.375,2.225,-25.6,0.0,0.014,0.0,0.0,,1.03
1788458881.741,idle,6.361,2.22,22.0,1,1,2,6.375,2.225,-25.6,0.0,0.014,0.0,0.0,,1.03
1788458881.798,idle,6.361,2.22,22.0,1,1,2,6.375,2.225,-25.6,0.0,0.014,0.0,0.0,,1.03
1788458881.849,idle,6.361,2.22,22.0,1,1,2,6.375,2.225,-25.6,0.0,0.014,0.0,0.0,,1.03
1788458881.902,idle,6.361,2.22,22.0,1,1,2,6.375,2.225,-25.6,0.0,0.014,0.0,0.0,,1.03
1788458881.955,idle,6.361,2.22,22.0,1,1,2,6.375,2.225,-25.6,0.0,0.014,0.0,0.0,,1.03
1788458882.01,idle,6.361,2.22,22.0,1,1,2,6.375,2.225,-25.6,0.0,0.014,0.0,0.0,,1.03
1788458882.069,idle,6.361,2.22,22.0,1,1,2,6.375,2.225,-25.6,0.0,0.014,0.0,0.0,,1.03
1788458882.132,idle,6.361,2.22,22.0,1,1,2,6.375,2.225,-25.6,0.0,0.014,0.0,0.0,,1.03
1788458882.194,idle,6.361,2.22,22.0,1,1,2,6.375,2.225,-25.6,0.0,0.014,0.0,0.0,,1.03
1788458882.251,idle,6.361,2.22,22.0,1,1,2,6.375,2.225,-25.6,0.0,0.014,0.0,0.0,,1.03
1788458882.307,idle,6.361,2.22,22.0,1,1,2,6.375,2.225,-25.6,0.0,0.014,0.0,0.0,,1.03
1788458882.361,idle,6.361,2.22,22.0,1,1,2,6.375,2.225,-25.6,0.0,0.014,0.0,0.0,,1.03
1788458882.414,idle,6.361,2.22,22.0,1,1,2,6.375,2.225,-25.6,0.0,0.014,0.0,0.0,,1.03
1788458882.467,idle,6.361,2.22,22.0,1,1,2,6.375,2.225,-25.6,0.0,0.014,0.0,0.0,,1.03
1788458882.525,idle,6.361,2.22,22.0,1,1,2,6.375,2.225,-25.6,0.0,0.014,0.0,0.0,,1.03
1788458882.582,idle,6.361,2.22,22.0,1,1,2,6.375,2.225,-25.6,0.0,0.014,0.0,0.0,,1.03
1788458882.638,idle,6.361,2.22,22.0,1,1,2,6.375,2.225,-25.6,0.0,0.014,0.0,0.0,,1.03
1788458882.695,idle,6.361,2.22,22.0,1,1,2,6.375,2.225,-25.6,0.0,0.014,0.0,0.0,,1.03
1788458882.755,idle,6.361,2.22,22.0,1,1,2,6.375,2.225,-25.6,0.0,0.014,0.0,0.0,,1.03
1788458882.816,idle,6.361,2.22,22.0,1,1,2,6.375,2.225,-25.6,0.0,0.014,0.0,0.0,,1.03
1788458882.878,idle,6.361,2.22,22.0,1,1,2,6.375,2.225,-25.6,0.0,0.014,0.0,0.0,,1.03
1788458882.941,idle,6.361,2.22,22.0,1,1,2,6.375,2.225,-25.6,0.0,0.014,0.0,0.0,,1.03
1788458883.007,idle,6.361,2.22,22.0,1,1,2,6.375,2.225,-25.6,0.0,0.014,0.0,0.0,,1.03
1788458883.064,idle,6.361,2.22,22.0,1,1,2,6.375,2.225,-25.6,0.0,0.014,0.0,0.0,,1.03
1788458883.12,idle,6.361,2.22,22.0,1,1,2,6.375,2.225,-25.6,0.0,0.014,0.0,0.0,,1.03
1788458883.172,idle,6.361,2.22,22.0,1,1,2,6.375,2.225,-25.6,0.0,0.014,0.0,0.0,,1.03
1788458883.228,idle,6.361,2.22,22.0,1,1,2,6.375,2.225,-25.6,0.0,0.014,0.0,0.0,,1.03
1788458883.284,idle,6.361,2.22,22.0,1,1,2,6.375,2.225,-25.6,0.0,0.014,0.0,0.0,,1.03
1788458883.34,idle,6.361,2.22,22.0,1,1,2,6.375,2.225,-25.6,0.0,0.014,0.0,0.0,,1.03
1788458883.395,idle,6.361,2.22,22.0,1,1,2,6.375,2.225,-25.6,0.0,0.014,0.0,0.0,,1.03
1788458883.449,idle,6.361,2.22,22.0,1,1,2,6.375,2.225,-25.6,0.0,0.014,0.0,0.0,,1.03
1788458883.508,idle,6.361,2.22,22.0,1,1,2,6.375,2.225,-25.6,0.0,0.014,0.0,0.0,,1.03
1788458883.565,idle,6.361,2.22,22.0,1,1,2,6.375,2.225,-25.6,0.0,0.014,0.0,0.0,,1.03
1788458883.624,idle,6.361,2.22,22.0,1,1,2,6.375,2.225,-25.6,0.0,0.014,0.0,0.0,,1.03
1788458883.688,idle,6.361,2.22,22.0,1,1,2,6.375,2.225,-25.6,0.0,0.014,0.0,0.0,,1.03
1788458883.75,idle,6.361,2.22,22.0,1,1,2,6.375,2.225,-25.6,0.0,0.014,0.0,0.0,,1.03
1788458883.81,idle,6.361,2.22,22.0,1,1,2,6.375,2.225,-25.6,0.0,0.014,0.0,0.0,,1.03
1788458883.863,idle,6.361,2.22,22.0,1,1,2,6.375,2.225,-25.6,0.0,0.014,0.0,0.0,,1.03
1788458883.917,idle,6.361,2.22,22.0,1,1,2,6.375,2.225,-25.6,0.0,0.014,0.0,0.0,,1.03
1788458883.968,idle,6.361,2.22,22.0,1,1,2,6.375,2.225,-25.6,0.0,0.014,0.0,0.0,,1.03
1788458884.019,idle,6.361,2.22,22.0,1,1,2,6.375,2.225,-25.6,0.0,0.014,0.0,0.0,,1.03
1788458884.074,idle,6.361,2.22,22.0,1,1,2,6.375,2.225,-25.6,0.0,0.014,0.0,0.0,,1.03
1788458884.127,idle,6.361,2.22,22.0,1,1,2,6.375,2.225,-25.6,0.0,0.014,0.0,0.0,,1.03
1788458884.18,idle,6.361,2.22,22.0,1,1,2,6.375,2.225,-25.6,0.0,0.014,0.0,0.0,,1.03
1788458884.237,idle,6.361,2.22,22.0,1,1,2,6.375,2.225,-25.6,0.0,0.014,0.0,0.0,,1.03
1788458884.291,idle,6.361,2.22,22.0,1,1,2,6.375,2.225,-25.6,0.0,0.014,0.0,0.0,,1.03
1788458884.347,idle,6.361,2.22,22.0,1,1,2,6.375,2.225,-25.6,0.0,0.014,0.0,0.0,,1.03
1788458884.407,idle,6.361,2.22,22.0,1,1,2,6.375,2.225,-25.6,0.0,0.014,0.0,0.0,,1.03
1788458884.467,idle,6.361,2.22,22.0,1,1,2,6.375,2.225,-25.6,0.0,0.014,0.0,0.0,,1.03
1788458884.528,idle,6.361,2.22,22.0,1,1,2,6.375,2.225,-25.6,0.0,0.014,0.0,0.0,,1.03
1788458884.587,idle,6.361,2.22,22.0,1,1,2,6.375,2.225,-25.6,0.0,0.014,0.0,0.0,,1.03
1788458884.639,idle,6.361,2.22,22.0,1,1,2,6.375,2.225,-25.6,0.0,0.014,0.0,0.0,,1.03
1788458884.696,idle,6.361,2.22,22.0,1,1,2,6.375,2.225,-25.6,0.0,0.014,0.0,0.0,,1.03
1788458884.747,idle,6.361,2.22,22.0,1,1,2,6.375,2.225,-25.6,0.0,0.014,0.0,0.0,,1.03
1788458884.802,idle,6.361,2.22,22.0,1,1,2,6.375,2.225,-25.6,0.0,0.014,0.0,0.0,,1.03
1788458884.854,idle,6.361,2.22,22.0,1,1,2,6.375,2.225,-25.6,0.0,0.014,0.0,0.0,,1.03
1788458884.909,idle,6.361,2.22,22.0,1,1,2,6.375,2.225,-25.6,0.0,0.014,0.0,0.0,,1.03
1788458884.963,idle,6.361,2.22,22.0,1,1,2,6.375,2.225,-25.6,0.0,0.014,0.0,0.0,,1.03
1788458885.023,idle,6.361,2.22,22.0,1,1,2,6.375,2.225,-25.6,0.0,0.014,0.0,0.0,,1.03
1788458885.076,idle,6.361,2.22,22.0,1,1,2,6.375,2.225,-25.6,0.0,0.014,0.0,0.0,,1.03
1788458885.135,idle,6.361,2.22,22.0,1,1,2,6.375,2.225,-25.6,0.0,0.014,0.0,0.0,,1.03
1788458885.197,idle,6.361,2.22,22.0,1,1,2,6.375,2.225,-25.6,0.0,0.014,0.0,0.0,,1.03
1788458885.264,idle,6.361,2.22,22.0,1,1,2,6.375,2.225,-25.6,0.0,0.014,0.0,0.0,,1.03
1788458885.33,idle,6.361,2.22,22.0,1,1,2,6.375,2.225,-25.6,0.0,0.014,0.0,0.0,,1.03
1788458885.392,idle,6.361,2.22,22.0,1,1,2,6.375,2.225,-25.6,0.0,0.014,0.0,0.0,,1.03
1788458885.453,idle,6.361,2.22,22.0,1,1,2,6.375,2.225,-25.6,0.0,0.014,0.0,0.0,,1.03
1788458885.512,idle,6.361,2.22,22.0,1,1,2,6.375,2.225,-25.6,0.0,0.014,0.0,0.0,,1.03
1788458885.566,idle,6.361,2.22,22.0,1,1,2,6.375,2.225,-25.6,0.0,0.014,0.0,0.0,,1.03
1788458885.629,idle,6.361,2.22,22.0,1,1,2,6.375,2.225,-25.6,0.0,0.014,0.0,0.0,,1.03
1788458885.685,idle,6.361,2.22,22.0,1,1,2,6.375,2.225,-25.6,0.0,0.014,0.0,0.0,,1.03
1788458885.738,idle,6.361,2.22,22.0,1,1,2,6.375,2.225,-25.6,0.0,0.014,0.0,0.0,,1.03
1788458885.796,idle,6.361,2.22,22.0,1,1,2,6.375,2.225,-25.6,0.0,0.014,0.0,0.0,,1.03
1788458885.859,idle,6.361,2.22,22.0,1,1,2,6.375,2.225,-25.6,0.0,0.014,0.0,0.0,,1.03
1788458885.915,idle,6.361,2.22,22.0,1,1,2,6.375,2.225,-25.6,0.0,0.014,0.0,0.0,,1.03
1788458885.991,idle,6.361,2.22,22.0,1,1,2,6.375,2.225,-25.6,0.0,0.014,0.0,0.0,,1.03
1788458886.067,idle,6.361,2.22,22.0,1,1,2,6.375,2.225,-25.6,0.0,0.014,0.0,0.0,,1.03
1788458886.141,idle,6.361,2.22,22.0,1,1,2,6.375,2.225,-25.6,0.0,0.014,0.0,0.0,,1.03
1788458886.202,idle,6.361,2.22,22.0,1,1,2,6.375,2.225,-25.6,0.0,0.014,0.0,0.0,,1.03
1788458886.266,idle,6.361,2.22,22.0,1,1,2,6.375,2.225,-25.6,0.0,0.014,0.0,0.0,,1.03
1788458886.326,idle,6.361,2.22,22.0,1,1,2,6.375,2.225,-25.6,0.0,0.014,0.0,0.0,,1.03
1788458886.389,idle,6.361,2.22,22.0,1,1,2,6.375,2.225,-25.6,0.0,0.014,0.0,0.0,,1.03
1788458886.444,idle,6.361,2.22,22.0,1,1,2,6.375,2.225,-25.6,0.0,0.014,0.0,0.0,,1.03
1788458886.506,idle,6.361,2.22,22.0,1,1,2,6.375,2.225,-25.6,0.0,0.014,0.0,0.0,,1.03
1788458886.566,idle,6.361,2.22,22.0,1,1,2,6.375,2.225,-25.6,0.0,0.014,0.0,0.0,,1.03
1788458886.626,idle,6.361,2.22,22.0,1,1,2,6.375,2.225,-25.6,0.0,0.014,0.0,0.0,,1.03
1788458886.686,idle,6.361,2.22,22.0,1,1,2,6.375,2.225,-25.6,0.0,0.014,0.0,0.0,,1.03
1788458886.749,idle,6.361,2.22,22.0,1,1,2,6.375,2.225,-25.6,0.0,0.014,0.0,0.0,,1.03
1788458886.818,idle,6.361,2.22,22.0,1,1,2,6.375,2.225,-25.6,0.0,0.014,0.0,0.0,,1.03
1788458886.884,idle,6.361,2.22,22.0,1,1,2,6.375,2.225,-25.6,0.0,0.014,0.0,0.0,,1.03
1788458886.945,idle,6.361,2.22,22.0,1,1,2,6.375,2.225,-25.6,0.0,0.014,0.0,0.0,,1.03
1788458887.001,idle,6.361,2.22,22.0,1,1,2,6.375,2.225,-25.6,0.0,0.014,0.0,0.0,,1.03
1788458887.055,idle,6.361,2.22,22.0,1,1,2,6.375,2.225,-25.6,0.0,0.014,0.0,0.0,,1.03
1788458887.108,idle,6.361,2.22,22.0,1,1,2,6.375,2.225,-25.6,0.0,0.014,0.0,0.0,,1.03
1788458887.162,idle,6.361,2.22,22.0,1,1,2,6.375,2.225,-25.6,0.0,0.014,0.0,0.0,,1.03
1788458887.214,idle,6.361,2.22,22.0,1,1,2,6.375,2.225,-25.6,0.0,0.014,0.0,0.0,,1.03
1788458887.265,idle,6.361,2.22,22.0,1,1,2,6.375,2.225,-25.6,0.0,0.014,0.0,0.0,,1.03
1788458887.317,idle,6.361,2.22,22.0,1,1,2,6.375,2.225,-25.6,0.0,0.014,0.0,0.0,,1.03
1788458887.369,idle,6.361,2.22,22.0,1,1,2,6.375,2.225,-25.6,0.0,0.014,0.0,0.0,,1.03
1788458887.422,idle,6.361,2.22,22.0,1,1,2,6.375,2.225,-25.6,0.0,0.014,0.0,0.0,,1.03
1788458887.476,idle,6.361,2.22,22.0,1,1,2,6.375,2.225,-25.6,0.0,0.014,0.0,0.0,,1.03
1788458887.535,idle,6.361,2.22,22.0,1,1,2,6.375,2.225,-25.6,0.0,0.014,0.0,0.0,,1.03
1788458887.597,idle,6.361,2.22,22.0,1,1,2,6.375,2.225,-25.6,0.0,0.014,0.0,0.0,,1.03
1788458887.66,idle,6.361,2.22,22.0,1,1,2,6.375,2.225,-25.6,0.0,0.014,0.0,0.0,,1.03
1788458887.723,idle,6.361,2.22,22.0,1,1,2,6.375,2.225,-25.6,0.0,0.014,0.0,0.0,,1.03
1788458887.784,idle,6.361,2.22,22.0,1,1,2,6.375,2.225,-25.6,0.0,0.014,0.0,0.0,,1.03
1788458887.837,idle,6.361,2.22,22.0,1,1,2,6.375,2.225,-25.6,0.0,0.014,0.0,0.0,,1.03
1788458887.893,idle,6.361,2.22,22.0,1,1,2,6.375,2.225,-25.6,0.0,0.014,0.0,0.0,,1.03
1788458887.948,idle,6.361,2.22,22.0,1,1,2,6.375,2.225,-25.6,0.0,0.014,0.0,0.0,,1.03
1788458888.002,idle,6.361,2.22,22.0,1,1,2,6.375,2.225,-25.6,0.0,0.014,0.0,0.0,,1.03
1788458888.056,idle,6.361,2.22,22.0,1,1,2,6.375,2.225,-25.6,0.0,0.014,0.0,0.0,,1.03
1788458888.112,idle,6.361,2.22,22.0,1,1,2,6.375,2.225,-25.6,0.0,0.014,0.0,0.0,,1.03
1788458888.167,idle,6.361,2.22,22.0,1,1,2,6.375,2.225,-25.6,0.0,0.014,0.0,0.0,,1.03
1788458888.221,idle,6.361,2.22,22.0,1,1,2,6.375,2.225,-25.6,0.0,0.014,0.0,0.0,,1.03
1788458888.276,idle,6.361,2.22,22.0,1,1,2,6.375,2.225,-25.6,0.0,0.014,0.0,0.0,,1.03
1788458888.336,idle,6.361,2.22,22.0,1,1,2,6.375,2.225,-25.6,0.0,0.014,0.0,0.0,,1.03
1788458888.397,idle,6.361,2.22,22.0,1,1,2,6.375,2.225,-25.6,0.0,0.014,0.0,0.0,,1.03
1788458888.462,idle,6.361,2.22,22.0,1,1,2,6.375,2.225,-25.6,0.0,0.014,0.0,0.0,,1.03
1788458888.527,idle,6.361,2.22,22.0,1,1,2,6.375,2.225,-25.6,0.0,0.014,0.0,0.0,,1.03
1788458888.586,idle,6.361,2.22,22.0,1,1,2,6.375,2.225,-25.6,0.0,0.014,0.0,0.0,,1.03
1788458888.639,idle,6.361,2.22,22.0,1,1,2,6.375,2.225,-25.6,0.0,0.014,0.0,0.0,,1.03
1788458888.693,idle,6.361,2.22,22.0,1,1,2,6.375,2.225,-25.6,0.0,0.014,0.0,0.0,,1.03
1788458888.746,idle,6.361,2.22,22.0,1,1,2,6.375,2.225,-25.6,0.0,0.014,0.0,0.0,,1.03
1788458888.801,idle,6.361,2.22,22.0,1,1,2,6.375,2.225,-25.6,0.0,0.014,0.0,0.0,,1.03
1788458888.855,idle,6.361,2.22,22.0,1,1,2,6.375,2.225,-25.6,0.0,0.014,0.0,0.0,,1.03
1788458888.914,idle,6.361,2.22,22.0,1,1,2,6.375,2.225,-25.6,0.0,0.014,0.0,0.0,,1.03
1788458888.971,idle,6.361,2.22,22.0,1,1,2,6.375,2.225,-25.6,0.0,0.014,0.0,0.0,,1.03
1788458889.033,idle,6.361,2.22,22.0,1,1,2,6.375,2.225,-25.6,0.0,0.014,0.0,0.0,,1.03
1788458889.103,idle,6.361,2.22,22.0,1,1,2,6.375,2.225,-25.6,0.0,0.014,0.0,0.0,,1.03
1788458889.172,idle,6.361,2.22,22.0,1,1,2,6.375,2.225,-25.6,0.0,0.014,0.0,0.0,,1.03
1788458889.243,idle,6.361,2.22,22.0,1,1,2,6.375,2.225,-25.6,0.0,0.014,0.0,0.0,,1.03
1788458889.315,idle,6.361,2.22,22.0,1,1,2,6.375,2.225,-25.6,0.0,0.014,0.0,0.0,,1.03
1788458889.379,idle,6.361,2.22,22.0,1,1,2,6.375,2.225,-25.6,0.0,0.014,0.0,0.0,,1.03
1788458889.439,idle,6.361,2.22,22.0,1,1,2,6.375,2.225,-25.6,0.0,0.014,0.0,0.0,,1.03
1788458889.501,idle,6.361,2.22,22.0,1,1,2,6.375,2.225,-25.6,0.0,0.014,0.0,0.0,,1.03
1788458889.556,idle,6.361,2.22,22.0,1,1,2,6.375,2.225,-25.6,0.0,0.014,0.0,0.0,,1.03
1788458889.613,idle,6.361,2.22,22.0,1,1,2,6.375,2.225,-25.6,0.0,0.014,0.0,0.0,,1.03
1788458889.673,idle,6.361,2.22,22.0,1,1,2,6.375,2.225,-25.6,0.0,0.014,0.0,0.0,,1.03
1788458889.73,idle,6.361,2.22,22.0,1,1,2,6.375,2.225,-25.6,0.0,0.014,0.0,0.0,,1.03
1788458889.787,idle,6.361,2.22,22.0,1,1,2,6.375,2.225,-25.6,0.0,0.014,0.0,0.0,,1.03
1788458889.839,idle,6.361,2.22,22.0,1,1,2,6.375,2.225,-25.6,0.0,0.014,0.0,0.0,,1.03
1788458889.896,idle,6.361,2.22,22.0,1,1,2,6.375,2.225,-25.6,0.0,0.014,0.0,0.0,,1.03
1788458889.951,idle,6.361,2.22,22.0,1,1,2,6.375,2.225,-25.6,0.0,0.014,0.0,0.0,,1.03
1788458890.014,idle,6.361,2.22,22.0,1,1,2,6.375,2.225,-25.6,0.0,0.014,0.0,0.0,,1.03
1788458890.075,idle,6.361,2.22,22.0,1,1,2,6.375,2.225,-25.6,0.0,0.014,0.0,0.0,,1.03
1788458890.137,idle,6.361,2.22,22.0,1,1,2,6.375,2.225,-25.6,0.0,0.014,0.0,0.0,,1.03
1788458890.192,idle,6.361,2.22,22.0,1,1,2,6.375,2.225,-25.6,0.0,0.014,0.0,0.0,,1.03
1788458890.243,idle,6.361,2.22,22.0,1,1,2,6.375,2.225,-25.6,0.0,0.014,0.0,0.0,,1.03
1788458890.298,idle,6.361,2.22,22.0,1,1,2,6.375,2.225,-25.6,0.0,0.014,0.0,0.0,,1.03
1788458890.349,idle,6.361,2.22,22.0,1,1,2,6.375,2.225,-25.6,0.0,0.014,0.0,0.0,,1.03
1788458890.399,idle,6.361,2.22,22.0,1,1,2,6.375,2.225,-25.6,0.0,0.014,0.0,0.0,,1.03
1788458890.451,idle,6.361,2.22,22.0,1,1,2,6.375,2.225,-25.6,0.0,0.014,0.0,0.0,,1.03
1788458890.506,idle,6.361,2.22,22.0,1,1,2,6.375,2.225,-25.6,0.0,0.014,0.0,0.0,,1.03
1788458890.558,idle,6.361,2.22,22.0,1,1,2,6.375,2.225,-25.6,0.0,0.014,0.0,0.0,,1.03
1788458890.607,idle,6.361,2.22,22.0,1,1,2,6.375,2.225,-25.6,0.0,0.014,0.0,0.0,,1.03
1788458890.658,idle,6.361,2.22,22.0,1,1,2,6.375,2.225,-25.6,0.0,0.014,0.0,0.0,,1.03
1788458890.711,idle,6.361,2.22,22.0,1,1,2,6.375,2.225,-25.6,0.0,0.014,0.0,0.0,,1.03
1788458890.771,idle,6.361,2.22,22.0,1,1,2,6.375,2.225,-25.6,0.0,0.014,0.0,0.0,,1.03
1788458890.826,idle,6.361,2.22,22.0,1,1,2,6.375,2.225,-25.6,0.0,0.014,0.0,0.0,,1.03
1788458890.885,idle,6.361,2.22,22.0,1,1,2,6.375,2.225,-25.6,0.0,0.014,0.0,0.0,,1.03
1788458890.942,idle,6.361,2.22,22.0,1,1,2,6.375,2.225,-25.6,0.0,0.014,0.0,0.0,,1.03
1788458890.996,idle,6.361,2.22,22.0,1,1,2,6.375,2.225,-25.6,0.0,0.014,0.0,0.0,,1.03
1788458891.047,idle,6.361,2.22,22.0,1,1,2,6.375,2.225,-25.6,0.0,0.014,0.0,0.0,,1.03
1788458891.102,idle,6.361,2.22,22.0,1,1,2,6.375,2.225,-25.6,0.0,0.014,0.0,0.0,,1.03
1788458891.152,idle,6.361,2.22,22.0,1,1,2,6.375,2.225,-25.6,0.0,0.014,0.0,0.0,,1.03
1788458891.206,idle,6.361,2.22,22.0,1,1,2,6.375,2.225,-25.6,0.0,0.014,0.0,0.0,,1.03
1788458891.257,idle,6.361,2.22,22.0,1,1,2,6.375,2.225,-25.6,0.0,0.014,0.0,0.0,,1.03
1788458891.308,idle,6.361,2.22,22.0,1,1,2,6.375,2.225,-25.6,0.0,0.014,0.0,0.0,,1.03
1788458891.359,idle,6.361,2.22,22.0,1,1,2,6.375,2.225,-25.6,0.0,0.014,0.0,0.0,,1.03
1788458891.41,idle,6.361,2.22,22.0,1,1,2,6.375,2.225,-25.6,0.0,0.014,0.0,0.0,,1.03
1788458891.461,idle,6.361,2.22,22.0,1,1,2,6.375,2.225,-25.6,0.0,0.014,0.0,0.0,,1.03
1788458891.521,idle,6.361,2.22,22.0,1,1,2,6.375,2.225,-25.6,0.0,0.014,0.0,0.0,,1.03
1788458891.582,idle,6.361,2.22,22.0,1,1,2,6.375,2.225,-25.6,0.0,0.014,0.0,0.0,,1.03
1788458891.635,idle,6.361,2.22,22.0,1,1,2,6.375,2.225,-25.6,0.0,0.014,0.0,0.0,,1.03
1788458891.693,idle,6.361,2.22,22.0,1,1,2,6.375,2.225,-25.6,0.0,0.014,0.0,0.0,,1.03
1788458891.75,idle,6.361,2.22,22.0,1,1,2,6.375,2.225,-25.6,0.0,0.014,0.0,0.0,,1.03
1788458891.801,idle,6.361,2.22,22.0,1,1,2,6.375,2.225,-25.6,0.0,0.014,0.0,0.0,,1.03
1788458891.853,idle,6.361,2.22,22.0,1,1,2,6.375,2.225,-25.6,0.0,0.014,0.0,0.0,,1.03
1788458891.907,idle,6.361,2.22,22.0,1,1,2,6.375,2.225,-25.6,0.0,0.014,0.0,0.0,,1.03
1788458891.961,idle,6.361,2.22,22.0,1,1,2,6.375,2.225,-25.6,0.0,0.014,0.0,0.0,,1.03
1788458892.013,idle,6.361,2.22,22.0,1,1,2,6.375,2.225,-25.6,0.0,0.014,0.0,0.0,,1.03
1788458892.066,idle,6.361,2.22,22.0,1,1,2,6.375,2.225,-25.6,0.0,0.014,0.0,0.0,,1.03
1788458892.118,idle,6.361,2.22,22.0,1,1,2,6.375,2.225,-25.6,0.0,0.014,0.0,0.0,,1.03
1788458892.17,idle,6.361,2.22,22.0,1,1,2,6.375,2.225,-25.6,0.0,0.014,0.0,0.0,,1.03
1788458892.22,idle,6.361,2.22,22.0,1,1,2,6.375,2.225,-25.6,0.0,0.014,0.0,0.0,,1.03
1788458892.271,idle,6.361,2.22,22.0,1,1,2,6.375,2.225,-25.6,0.0,0.014,0.0,0.0,,1.03
1788458892.326,idle,6.361,2.22,22.0,1,1,2,6.375,2.225,-25.6,0.0,0.014,0.0,0.0,,1.03
1788458892.384,idle,6.361,2.22,22.0,1,1,2,6.375,2.225,-25.6,0.0,0.014,0.0,0.0,,1.03
1788458892.443,idle,6.361,2.22,22.0,1,1,2,6.375,2.225,-25.6,0.0,0.014,0.0,0.0,,1.03
1788458892.501,idle,6.361,2.22,22.0,1,1,2,6.375,2.225,-25.6,0.0,0.014,0.0,0.0,,1.03
1788458892.555,idle,6.361,2.22,22.0,1,1,2,6.375,2.225,-25.6,0.0,0.014,0.0,0.0,,1.03
1788458892.607,idle,6.361,2.22,22.0,1,1,2,6.375,2.225,-25.6,0.0,0.014,0.0,0.0,,1.03
1788458892.66,idle,6.361,2.22,22.0,1,1,2,6.375,2.225,-25.6,0.0,0.014,0.0,0.0,,1.03
1788458892.715,idle,6.361,2.22,22.0,1,1,2,6.375,2.225,-25.6,0.0,0.014,0.0,0.0,,1.03
1788458892.77,idle,6.361,2.22,22.0,1,1,2,6.375,2.225,-25.6,0.0,0.014,0.0,0.0,,1.03
1788458892.828,idle,6.361,2.22,22.0,1,1,2,6.375,2.225,-25.6,0.0,0.014,0.0,0.0,,1.03
1788458892.886,idle,6.361,2.22,22.0,1,1,2,6.375,2.225,-25.6,0.0,0.014,0.0,0.0,,1.03
1788458892.94,idle,6.361,2.22,22.0,1,1,2,6.375,2.225,-25.6,0.0,0.014,0.0,0.0,,1.03
1788458892.993,idle,6.361,2.22,22.0,1,1,2,6.375,2.225,-25.6,0.0,0.014,0.0,0.0,,1.03
1788458893.049,idle,6.361,2.22,22.0,1,1,2,6.375,2.225,-25.6,0.0,0.014,0.0,0.0,,1.03
1788458893.106,idle,6.361,2.22,22.0,1,1,2,6.375,2.225,-25.6,0.0,0.014,0.0,0.0,,1.03
1788458893.164,idle,6.361,2.22,22.0,1,1,2,6.375,2.225,-25.6,0.0,0.014,0.0,0.0,,1.03
1788458893.222,idle,6.361,2.22,22.0,1,1,2,6.375,2.225,-25.6,0.0,0.014,0.0,0.0,,1.03
1788458893.281,idle,6.361,2.22,22.0,1,1,2,6.375,2.225,-25.6,0.0,0.014,0.0,0.0,,1.03
1788458893.334,idle,6.361,2.22,22.0,1,1,2,6.375,2.225,-25.6,0.0,0.014,0.0,0.0,,1.03
1788458893.388,idle,6.361,2.22,22.0,1,1,2,6.375,2.225,-25.6,0.0,0.014,0.0,0.0,,1.03
1788458893.439,idle,6.361,2.22,22.0,1,1,2,6.375,2.225,-25.6,0.0,0.014,0.0,0.0,,1.03
1788458893.493,idle,6.361,2.22,22.0,1,1,2,6.375,2.225,-25.6,0.0,0.014,0.0,0.0,,1.03
1788458893.546,idle,6.361,2.22,22.0,1,1,2,6.375,2.225,-25.6,0.0,0.014,0.0,0.0,,1.03
1788458893.6,idle,6.361,2.22,22.0,1,1,2,6.375,2.225,-25.6,0.0,0.014,0.0,0.0,,1.03
1788458893.653,idle,6.361,2.22,22.0,1,1,2,6.375,2.225,-25.6,0.0,0.014,0.0,0.0,,1.03
1788458893.707,idle,6.361,2.22,22.0,1,1,2,6.375,2.225,-25.6,0.0,0.014,0.0,0.0,,1.03
1788458893.759,idle,6.361,2.22,22.0,1,1,2,6.375,2.225,-25.6,0.0,0.014,0.0,0.0,,1.03
1788458893.812,idle,6.361,2.22,22.0,1,1,2,6.375,2.225,-25.6,0.0,0.014,0.0,0.0,,1.03
1788458893.866,idle,6.361,2.22,22.0,1,1,2,6.375,2.225,-25.6,0.0,0.014,0.0,0.0,,1.03
1788458893.925,idle,6.361,2.22,22.0,1,1,2,6.375,2.225,-25.6,0.0,0.014,0.0,0.0,,1.03
1788458893.985,idle,6.361,2.22,22.0,1,1,2,6.375,2.225,-25.6,0.0,0.014,0.0,0.0,,1.03
1788458894.044,idle,6.361,2.22,22.0,1,1,2,6.375,2.225,-25.6,0.0,0.014,0.0,0.0,,1.03
1788458894.098,idle,6.361,2.22,22.0,1,1,2,6.375,2.225,-25.6,0.0,0.014,0.0,0.0,,1.03
1788458894.149,idle,6.361,2.22,22.0,1,1,2,6.375,2.225,-25.6,0.0,0.014,0.0,0.0,,1.03
1788458894.201,idle,6.361,2.22,22.0,1,1,2,6.375,2.225,-25.6,0.0,0.014,0.0,0.0,,1.03
1788458894.254,idle,6.361,2.22,22.0,1,1,2,6.375,2.225,-25.6,0.0,0.014,0.0,0.0,,1.03
1788458894.307,idle,6.361,2.22,22.0,1,1,2,6.375,2.225,-25.6,0.0,0.014,0.0,0.0,,1.03
1788458894.36,idle,6.361,2.22,22.0,1,1,2,6.375,2.225,-25.6,0.0,0.014,0.0,0.0,,1.03
1788458894.412,idle,6.361,2.22,22.0,1,1,2,6.375,2.225,-25.6,0.0,0.014,0.0,0.0,,1.03
1788458894.464,idle,6.361,2.22,22.0,1,1,2,6.375,2.225,-25.6,0.0,0.014,0.0,0.0,,1.03
1788458894.515,idle,6.361,2.22,22.0,1,1,2,6.375,2.225,-25.6,0.0,0.014,0.0,0.0,,1.03
1788458894.568,idle,6.361,2.22,22.0,1,1,2,6.375,2.225,-25.6,0.0,0.014,0.0,0.0,,1.03
1788458894.622,idle,6.361,2.22,22.0,1,1,2,6.375,2.225,-25.6,0.0,0.014,0.0,0.0,,1.03
1788458894.684,idle,6.361,2.22,22.0,1,1,2,6.375,2.225,-25.6,0.0,0.014,0.0,0.0,,1.03
1788458894.742,idle,6.361,2.22,22.0,1,1,2,6.375,2.225,-25.6,0.0,0.014,0.0,0.0,,1.03
1788458894.802,idle,6.361,2.22,22.0,1,1,2,6.375,2.225,-25.6,0.0,0.014,0.0,0.0,,1.03
1788458894.855,idle,6.361,2.22,22.0,1,1,2,6.375,2.225,-25.6,0.0,0.014,0.0,0.0,,1.03
1788458894.911,idle,6.361,2.22,22.0,1,1,2,6.375,2.225,-25.6,0.0,0.014,0.0,0.0,,1.03
1788458894.962,idle,6.361,2.22,22.0,1,1,2,6.375,2.225,-25.6,0.0,0.014,0.0,0.0,,1.03
1788458895.016,idle,6.361,2.22,22.0,1,1,2,6.375,2.225,-25.6,0.0,0.014,0.0,0.0,,1.03
1788458895.067,idle,6.361,2.22,22.0,1,1,2,6.375,2.225,-25.6,0.0,0.014,0.0,0.0,,1.03
1788458895.121,idle,6.361,2.22,22.0,1,1,2,6.375,2.225,-25.6,0.0,0.014,0.0,0.0,,1.03
1788458895.171,idle,6.361,2.22,22.0,1,1,2,6.375,2.225,-25.6,0.0,0.014,0.0,0.0,,1.03
1788458895.227,idle,6.361,2.22,22.0,1,1,2,6.375,2.225,-25.6,0.0,0.014,0.0,0.0,,1.03
1788458895.279,idle,6.361,2.22,22.0,1,1,2,6.375,2.225,-25.6,0.0,0.014,0.0,0.0,,1.03
1788458895.331,idle,6.361,2.22,22.0,1,1,2,6.375,2.225,-25.6,0.0,0.014,0.0,0.0,,1.03
1788458895.385,idle,6.361,2.22,22.0,1,1,2,6.375,2.225,-25.6,0.0,0.014,0.0,0.0,,1.03
1788458895.441,idle,6.361,2.22,22.0,1,1,2,6.375,2.225,-25.6,0.0,0.014,0.0,0.0,,1.03
1788458895.501,idle,6.361,2.22,22.0,1,1,2,6.375,2.225,-25.6,0.0,0.014,0.0,0.0,,1.03
1788458895.56,idle,6.361,2.22,22.0,1,1,2,6.375,2.225,-25.6,0.0,0.014,0.0,0.0,,1.03
1788458895.617,idle,6.361,2.22,22.0,1,1,2,6.375,2.225,-25.6,0.0,0.014,0.0,0.0,,1.03
1788458895.676,idle,6.361,2.22,22.0,1,1,2,6.375,2.225,-25.6,0.0,0.014,0.0,0.0,,1.03
1788458895.725,idle,6.361,2.22,22.0,1,1,2,6.375,2.225,-25.6,0.0,0.014,0.0,0.0,,1.03
1788458895.777,idle,6.361,2.22,22.0,1,1,2,6.375,2.225,-25.6,0.0,0.014,0.0,0.0,,1.03
1788458895.828,idle,6.361,2.22,22.0,1,1,2,6.375,2.225,-25.6,0.0,0.014,0.0,0.0,,1.03
1788458895.879,idle,6.361,2.22,22.0,1,1,2,6.375,2.225,-25.6,0.0,0.014,0.0,0.0,,1.03
1788458895.932,idle,6.361,2.22,22.0,1,1,2,6.375,2.225,-25.6,0.0,0.014,0.0,0.0,,1.03
1788458895.986,idle,6.361,2.22,22.0,1,1,2,6.375,2.225,-25.6,0.0,0.014,0.0,0.0,,1.03
1788458896.038,idle,6.361,2.22,22.0,1,1,2,6.375,2.225,-25.6,0.0,0.014,0.0,0.0,,1.03
1788458896.092,idle,6.361,2.22,22.0,1,1,2,6.375,2.225,-25.6,0.0,0.014,0.0,0.0,,1.03
1788458896.142,idle,6.361,2.22,22.0,1,1,2,6.375,2.225,-25.6,0.0,0.014,0.0,0.0,,1.03
1788458896.196,idle,6.361,2.22,22.0,1,1,2,6.375,2.225,-25.6,0.0,0.014,0.0,0.0,,1.03
1788458896.252,idle,6.361,2.22,22.0,1,1,2,6.375,2.225,-25.6,0.0,0.014,0.0,0.0,,1.03
1788458896.31,idle,6.361,2.22,22.0,1,1,2,6.375,2.225,-25.6,0.0,0.014,0.0,0.0,,1.03
1788458896.369,idle,6.361,2.22,22.0,1,1,2,6.375,2.225,-25.6,0.0,0.014,0.0,0.0,,1.03
1788458896.426,idle,6.361,2.22,22.0,1,1,2,6.375,2.225,-25.6,0.0,0.014,0.0,0.0,,1.03
1788458896.479,idle,6.361,2.22,22.0,1,1,2,6.375,2.225,-25.6,0.0,0.014,0.0,0.0,,1.03
1788458896.531,idle,6.361,2.22,22.0,1,1,2,6.375,2.225,-25.6,0.0,0.014,0.0,0.0,,1.03
1788458896.583,idle,6.361,2.22,22.0,1,1,2,6.375,2.225,-25.6,0.0,0.014,0.0,0.0,,1.03
1788458896.634,idle,6.361,2.22,22.0,1,1,2,6.375,2.225,-25.6,0.0,0.014,0.0,0.0,,1.03
1788458896.685,idle,6.361,2.22,22.0,1,1,2,6.375,2.225,-25.6,0.0,0.014,0.0,0.0,,1.03
1788458896.739,idle,6.361,2.22,22.0,1,1,2,6.375,2.225,-25.6,0.0,0.014,0.0,0.0,,1.03
1788458896.794,idle,6.361,2.22,22.0,1,1,2,6.375,2.225,-25.6,0.0,0.014,0.0,0.0,,1.03
1788458896.846,idle,6.361,2.22,22.0,1,1,2,6.375,2.225,-25.6,0.0,0.014,0.0,0.0,,1.03
1788458896.898,idle,6.361,2.22,22.0,1,1,2,6.375,2.225,-25.6,0.0,0.014,0.0,0.0,,1.03
1788458896.949,idle,6.361,2.22,22.0,1,1,2,6.375,2.225,-25.6,0.0,0.014,0.0,0.0,,1.03
1788458897.007,idle,6.361,2.22,22.0,1,1,2,6.375,2.225,-25.6,0.0,0.014,0.0,0.0,,1.03
1788458897.068,idle,6.361,2.22,22.0,1,1,2,6.375,2.225,-25.6,0.0,0.014,0.0,0.0,,1.03
1788458897.126,idle,6.361,2.22,22.0,1,1,2,6.375,2.225,-25.6,0.0,0.014,0.0,0.0,,1.03
1788458897.188,idle,6.361,2.22,22.0,1,1,2,6.375,2.225,-25.6,0.0,0.014,0.0,0.0,,1.03
1788458897.242,idle,6.361,2.22,22.0,1,1,2,6.375,2.225,-25.6,0.0,0.014,0.0,0.0,,1.03
1788458897.301,idle,6.361,2.22,22.0,1,1,2,6.375,2.225,-25.6,0.0,0.014,0.0,0.0,,1.03
1788458897.359,idle,6.361,2.22,22.0,1,1,2,6.375,2.225,-25.6,0.0,0.014,0.0,0.0,,1.03
1788458897.419,idle,6.361,2.22,22.0,1,1,2,6.375,2.225,-25.6,0.0,0.014,0.0,0.0,,1.03
1788458897.477,idle,6.361,2.22,22.0,1,1,2,6.375,2.225,-25.6,0.0,0.014,0.0,0.0,,1.03
1788458897.535,idle,6.361,2.22,22.0,1,1,2,6.375,2.225,-25.6,0.0,0.014,0.0,0.0,,1.03
1788458897.593,idle,6.361,2.22,22.0,1,1,2,6.375,2.225,-25.6,0.0,0.014,0.0,0.0,,1.03
1788458897.648,idle,6.361,2.22,22.0,1,1,2,6.375,2.225,-25.6,0.0,0.014,0.0,0.0,,1.03
1788458897.708,idle,6.361,2.22,22.0,1,1,2,6.375,2.225,-25.6,0.0,0.014,0.0,0.0,,1.03
1788458897.764,idle,6.361,2.22,22.0,1,1,2,6.375,2.225,-25.6,0.0,0.014,0.0,0.0,,1.03
1788458897.827,idle,6.361,2.22,22.0,1,1,2,6.375,2.225,-25.6,0.0,0.014,0.0,0.0,,1.03
1788458897.89,idle,6.361,2.22,22.0,1,1,2,6.375,2.225,-25.6,0.0,0.014,0.0,0.0,,1.03
1788458897.953,idle,6.361,2.22,22.0,1,1,2,6.375,2.225,-25.6,0.0,0.014,0.0,0.0,,1.03
1788458898.016,idle,6.361,2.22,22.0,1,1,2,6.375,2.225,-25.6,0.0,0.014,0.0,0.0,,1.03
1788458898.073,idle,6.361,2.22,22.0,1,1,2,6.375,2.225,-25.6,0.0,0.014,0.0,0.0,,1.03
1788458898.128,idle,6.361,2.22,22.0,1,1,2,6.375,2.225,-25.6,0.0,0.014,0.0,0.0,,1.03
1788458898.183,idle,6.361,2.22,22.0,1,1,2,6.375,2.225,-25.6,0.0,0.014,0.0,0.0,,1.03
1788458898.235,idle,6.361,2.22,22.0,1,1,2,6.375,2.225,-25.6,0.0,0.014,0.0,0.0,,1.03
1788458898.289,idle,6.361,2.22,22.0,1,1,2,6.375,2.225,-25.6,0.0,0.014,0.0,0.0,,1.03
1788458898.339,idle,6.361,2.22,22.0,1,1,2,6.375,2.225,-25.6,0.0,0.014,0.0,0.0,,1.03
1788458898.394,idle,6.361,2.22,22.0,1,1,2,6.375,2.225,-25.6,0.0,0.014,0.0,0.0,,1.03
1788458898.447,idle,6.361,2.22,22.0,1,1,2,6.375,2.225,-25.6,0.0,0.014,0.0,0.0,,1.03
1788458898.5,idle,6.361,2.22,22.0,1,1,2,6.375,2.225,-25.6,0.0,0.014,0.0,0.0,,1.03
1788458898.56,idle,6.361,2.22,22.0,1,1,2,6.375,2.225,-25.6,0.0,0.014,0.0,0.0,,1.03
1788458898.62,idle,6.361,2.22,22.0,1,1,2,6.375,2.225,-25.6,0.0,0.014,0.0,0.0,,1.03
1788458898.678,idle,6.361,2.22,22.0,1,1,2,6.375,2.225,-25.6,0.0,0.014,0.0,0.0,,1.03
1788458898.738,idle,6.361,2.22,22.0,1,1,2,6.375,2.225,-25.6,0.0,0.014,0.0,0.0,,1.03
1788458898.796,idle,6.361,2.22,22.0,1,1,2,6.375,2.225,-25.6,0.0,0.014,0.0,0.0,,1.03
1788458898.846,idle,6.361,2.22,22.0,1,1,2,6.375,2.225,-25.6,0.0,0.014,0.0,0.0,,1.03
1788458898.899,idle,6.361,2.22,22.0,1,1,2,6.375,2.225,-25.6,0.0,0.014,0.0,0.0,,1.03
1788458898.949,idle,6.361,2.22,22.0,1,1,2,6.375,2.225,-25.6,0.0,0.014,0.0,0.0,,1.03
1788458899.003,idle,6.361,2.22,22.0,1,1,2,6.375,2.225,-25.6,0.0,0.014,0.0,0.0,,1.03
1788458899.061,idle,6.361,2.22,22.0,1,1,2,6.375,2.225,-25.6,0.0,0.014,0.0,0.0,,1.03
1788458899.118,idle,6.361,2.22,22.0,1,1,2,6.375,2.225,-25.6,0.0,0.014,0.0,0.0,,1.03
1788458899.169,idle,6.361,2.22,22.0,1,1,2,6.375,2.225,-25.6,0.0,0.014,0.0,0.0,,1.03
1788458899.223,idle,6.361,2.22,22.0,1,1,2,6.375,2.225,-25.6,0.0,0.014,0.0,0.0,,1.03
1788458899.278,idle,6.361,2.22,22.0,1,1,2,6.375,2.225,-25.6,0.0,0.014,0.0,0.0,,1.03
1788458899.337,idle,6.361,2.22,22.0,1,1,2,6.375,2.225,-25.6,0.0,0.014,0.0,0.0,,1.03
1788458899.399,idle,6.361,2.22,22.0,1,1,2,6.375,2.225,-25.6,0.0,0.014,0.0,0.0,,1.03
1788458899.46,idle,6.361,2.22,22.0,1,1,2,6.375,2.225,-25.6,0.0,0.014,0.0,0.0,,1.03
1788458899.523,idle,6.361,2.22,22.0,1,1,2,6.375,2.225,-25.6,0.0,0.014,0.0,0.0,,1.03
1788458899.584,idle,6.361,2.22,22.0,1,1,2,6.375,2.225,-25.6,0.0,0.014,0.0,0.0,,1.03
1788458899.639,idle,6.361,2.22,22.0,1,1,2,6.375,2.225,-25.6,0.0,0.014,0.0,0.0,,1.03
1788458899.693,idle,6.361,2.22,22.0,1,1,2,6.375,2.225,-25.6,0.0,0.014,0.0,0.0,,1.03
1788458899.745,idle,6.361,2.22,22.0,1,1,2,6.375,2.225,-25.6,0.0,0.014,0.0,0.0,,1.03
1788458899.802,idle,6.361,2.22,22.0,1,1,2,6.375,2.225,-25.6,0.0,0.014,0.0,0.0,,1.03
1788458899.857,idle,6.361,2.22,22.0,1,1,2,6.375,2.225,-25.6,0.0,0.014,0.0,0.0,,1.03
1788458899.914,idle,6.361,2.22,22.0,1,1,2,6.375,2.225,-25.6,0.0,0.014,0.0,0.0,,1.03
1788458899.971,idle,6.361,2.22,22.0,1,1,2,6.375,2.225,-25.6,0.0,0.014,0.0,0.0,,1.03
1788458900.027,idle,6.361,2.22,22.0,1,1,2,6.375,2.225,-25.6,0.0,0.014,0.0,0.0,,1.03
1788458900.085,idle,6.361,2.22,22.0,1,1,2,6.375,2.225,-25.6,0.0,0.014,0.0,0.0,,1.03
1788458900.145,idle,6.361,2.22,22.0,1,1,2,6.375,2.225,-25.6,0.0,0.014,0.0,0.0,,1.03
1788458900.209,idle,6.361,2.22,22.0,1,1,2,6.375,2.225,-25.6,0.0,0.014,0.0,0.0,,1.03
1788458900.281,idle,6.361,2.22,22.0,1,1,2,6.375,2.225,-25.6,0.0,0.014,0.0,0.0,,1.03
1788458900.344,idle,6.361,2.22,22.0,1,1,2,6.375,2.225,-25.6,0.0,0.014,0.0,0.0,,1.03
1788458900.403,idle,6.361,2.22,22.0,1,1,2,6.375,2.225,-25.6,0.0,0.014,0.0,0.0,,1.03
1788458900.459,idle,6.361,2.22,22.0,1,1,2,6.375,2.225,-25.6,0.0,0.014,0.0,0.0,,1.03
1788458900.518,idle,6.361,2.22,22.0,1,1,2,6.375,2.225,-25.6,0.0,0.014,0.0,0.0,,1.03
1788458900.573,idle,6.361,2.22,22.0,1,1,2,6.375,2.225,-25.6,0.0,0.014,0.0,0.0,,1.03
1788458900.626,idle,6.361,2.22,22.0,1,1,2,6.375,2.225,-25.6,0.0,0.014,0.0,0.0,,1.03
1788458900.679,idle,6.361,2.22,22.0,1,1,2,6.375,2.225,-25.6,0.0,0.014,0.0,0.0,,1.03
1788458900.729,idle,6.361,2.22,22.0,1,1,2,6.375,2.225,-25.6,0.0,0.014,0.0,0.0,,1.03
1788458900.781,idle,6.361,2.22,22.0,1,1,2,6.375,2.225,-25.6,0.0,0.014,0.0,0.0,,1.03
1788458900.831,idle,6.361,2.22,22.0,1,1,2,6.375,2.225,-25.6,0.0,0.014,0.0,0.0,,1.03
1788458900.882,idle,6.361,2.22,22.0,1,1,2,6.375,2.225,-25.6,0.0,0.014,0.0,0.0,,1.03
1788458900.94,idle,6.361,2.22,22.0,1,1,2,6.375,2.225,-25.6,0.0,0.014,0.0,0.0,,1.03
1788458900.997,idle,6.361,2.22,22.0,1,1,2,6.375,2.225,-25.6,0.0,0.014,0.0,0.0,,1.03
1788458901.058,idle,6.361,2.22,22.0,1,1,2,6.375,2.225,-25.6,0.0,0.014,0.0,0.0,,1.03
1788458901.12,idle,6.361,2.22,22.0,1,1,2,6.375,2.225,-25.6,0.0,0.014,0.0,0.0,,1.03
1788458901.176,idle,6.361,2.22,22.0,1,1,2,6.375,2.225,-25.6,0.0,0.014,0.0,0.0,,1.03
1788458901.229,idle,6.361,2.22,22.0,1,1,2,6.375,2.225,-25.6,0.0,0.014,0.0,0.0,,1.03
1788458901.282,idle,6.361,2.22,22.0,1,1,2,6.375,2.225,-25.6,0.0,0.014,0.0,0.0,,1.03
1788458901.333,idle,6.361,2.22,22.0,1,1,2,6.375,2.225,-25.6,0.0,0.014,0.0,0.0,,1.03
1788458901.387,idle,6.361,2.22,22.0,1,1,2,6.375,2.225,-25.6,0.0,0.014,0.0,0.0,,1.03
1788458901.438,idle,6.361,2.22,22.0,1,1,2,6.375,2.225,-25.6,0.0,0.014,0.0,0.0,,1.03
1788458901.49,idle,6.361,2.22,22.0,1,1,2,6.375,2.225,-25.6,0.0,0.014,0.0,0.0,,1.03
1788458901.542,idle,6.361,2.22,22.0,1,1,2,6.375,2.225,-25.6,0.0,0.014,0.0,0.0,,1.03
1788458901.593,idle,6.361,2.22,22.0,1,1,2,6.375,2.225,-25.6,0.0,0.014,0.0,0.0,,1.03
1788458901.643,idle,6.361,2.22,22.0,1,1,2,6.375,2.225,-25.6,0.0,0.014,0.0,0.0,,1.03
1788458901.697,idle,6.361,2.22,22.0,1,1,2,6.375,2.225,-25.6,0.0,0.014,0.0,0.0,,1.03
1788458901.753,idle,6.361,2.22,22.0,1,1,2,6.375,2.225,-25.6,0.0,0.014,0.0,0.0,,1.03
1788458901.812,idle,6.361,2.22,22.0,1,1,2,6.375,2.225,-25.6,0.0,0.014,0.0,0.0,,1.03
1788458901.864,idle,6.361,2.22,22.0,1,1,2,6.375,2.225,-25.6,0.0,0.014,0.0,0.0,,1.03
1788458901.92,idle,6.361,2.22,22.0,1,1,2,6.375,2.225,-25.6,0.0,0.014,0.0,0.0,,1.03
1788458901.972,idle,6.361,2.22,22.0,1,1,2,6.375,2.225,-25.6,0.0,0.014,0.0,0.0,,1.03
1788458902.025,idle,6.361,2.22,22.0,1,1,2,6.375,2.225,-25.6,0.0,0.014,0.0,0.0,,1.03
1788458902.076,idle,6.361,2.22,22.0,1,1,2,6.375,2.225,-25.6,0.0,0.014,0.0,0.0,,1.03
1788458902.127,idle,6.361,2.22,22.0,1,1,2,6.375,2.225,-25.6,0.0,0.014,0.0,0.0,,1.03
1788458902.18,idle,6.361,2.22,22.0,1,1,2,6.375,2.225,-25.6,0.0,0.014,0.0,0.0,,1.03
1788458902.233,idle,6.361,2.22,22.0,1,1,2,6.375,2.225,-25.6,0.0,0.014,0.0,0.0,,1.03
1788458902.284,idle,6.361,2.22,22.0,1,1,2,6.375,2.225,-25.6,0.0,0.014,0.0,0.0,,1.03
1788458902.337,idle,6.361,2.22,22.0,1,1,2,6.375,2.225,-25.6,0.0,0.014,0.0,0.0,,1.03
1788458902.389,idle,6.361,2.22,22.0,1,1,2,6.375,2.225,-25.6,0.0,0.014,0.0,0.0,,1.03
1788458902.438,idle,6.361,2.22,22.0,1,1,2,6.375,2.225,-25.6,0.0,0.014,0.0,0.0,,1.03
1788458902.496,idle,6.361,2.22,22.0,1,1,2,6.375,2.225,-25.6,0.0,0.014,0.0,0.0,,1.03
1788458902.557,idle,6.361,2.22,22.0,1,1,2,6.375,2.225,-25.6,0.0,0.014,0.0,0.0,,1.03
1788458902.614,idle,6.361,2.22,22.0,1,1,2,6.375,2.225,-25.6,0.0,0.014,0.0,0.0,,1.03
1788458902.672,idle,6.361,2.22,22.0,1,1,2,6.375,2.225,-25.6,0.0,0.014,0.0,0.0,,1.03
1788458902.728,idle,6.361,2.22,22.0,1,1,2,6.375,2.225,-25.6,0.0,0.014,0.0,0.0,,1.03
1788458902.781,idle,6.361,2.22,22.0,1,1,2,6.375,2.225,-25.6,0.0,0.014,0.0,0.0,,1.03
1788458902.831,idle,6.361,2.22,22.0,1,1,2,6.375,2.225,-25.6,0.0,0.014,0.0,0.0,,1.03
1788458902.883,idle,6.361,2.22,22.0,1,1,2,6.375,2.225,-25.6,0.0,0.014,0.0,0.0,,1.03
1788458902.934,idle,6.361,2.22,22.0,1,1,2,6.375,2.225,-25.6,0.0,0.014,0.0,0.0,,1.03
1788458902.988,idle,6.361,2.22,22.0,1,1,2,6.375,2.225,-25.6,0.0,0.014,0.0,0.0,,1.03
1788458903.039,idle,6.361,2.22,22.0,1,1,2,6.375,2.225,-25.6,0.0,0.014,0.0,0.0,,1.03
1788458903.093,idle,6.361,2.22,22.0,1,1,2,6.375,2.225,-25.6,0.0,0.014,0.0,0.0,,1.03
1788458903.145,idle,6.361,2.22,22.0,1,1,2,6.375,2.225,-25.6,0.0,0.014,0.0,0.0,,1.03
1788458903.198,idle,6.361,2.22,22.0,1,1,2,6.375,2.225,-25.6,0.0,0.014,0.0,0.0,,1.03
1788458903.249,idle,6.361,2.22,22.0,1,1,2,6.375,2.225,-25.6,0.0,0.014,0.0,0.0,,1.03
1788458903.307,idle,6.361,2.22,22.0,1,1,2,6.375,2.225,-25.6,0.0,0.014,0.0,0.0,,1.03
1788458903.37,idle,6.361,2.22,22.0,1,1,2,6.375,2.225,-25.6,0.0,0.014,0.0,0.0,,1.03
1788458903.438,idle,6.361,2.22,22.0,1,1,2,6.375,2.225,-25.6,0.0,0.014,0.0,0.0,,1.03
1788458903.497,idle,6.361,2.22,22.0,1,1,2,6.375,2.225,-25.6,0.0,0.014,0.0,0.0,,1.03
1788458903.553,idle,6.361,2.22,22.0,1,1,2,6.375,2.225,-25.6,0.0,0.014,0.0,0.0,,1.03
1788458903.607,idle,6.361,2.22,22.0,1,1,2,6.375,2.225,-25.6,0.0,0.014,0.0,0.0,,1.03
1788458903.662,idle,6.361,2.22,22.0,1,1,2,6.375,2.225,-25.6,0.0,0.014,0.0,0.0,,1.03
1788458903.717,idle,6.361,2.22,22.0,1,1,2,6.375,2.225,-25.6,0.0,0.014,0.0,0.0,,1.03
1788458903.772,idle,6.361,2.22,22.0,1,1,2,6.375,2.225,-25.6,0.0,0.014,0.0,0.0,,1.03
1788458903.824,idle,6.361,2.22,22.0,1,1,2,6.375,2.225,-25.6,0.0,0.014,0.0,0.0,,1.03
1788458903.877,idle,6.361,2.22,22.0,1,1,2,6.375,2.225,-25.6,0.0,0.014,0.0,0.0,,1.03
1788458903.93,idle,6.361,2.22,22.0,1,1,2,6.375,2.225,-25.6,0.0,0.014,0.0,0.0,,1.03
1788458903.985,idle,6.361,2.22,22.0,1,1,2,6.375,2.225,-25.6,0.0,0.014,0.0,0.0,,1.03
1788458904.038,idle,6.361,2.22,22.0,1,1,2,6.375,2.225,-25.6,0.0,0.014,0.0,0.0,,1.03
1788458904.097,idle,6.361,2.22,22.0,1,1,2,6.375,2.225,-25.6,0.0,0.014,0.0,0.0,,1.03
1788458904.155,idle,6.361,2.22,22.0,1,1,2,6.375,2.225,-25.6,0.0,0.014,0.0,0.0,,1.03
1788458904.215,idle,6.361,2.22,22.0,1,1,2,6.375,2.225,-25.6,0.0,0.014,0.0,0.0,,1.03
1788458904.271,idle,6.361,2.22,22.0,1,1,2,6.375,2.225,-25.6,0.0,0.014,0.0,0.0,,1.03
1788458904.327,idle,6.361,2.22,22.0,1,1,2,6.375,2.225,-25.6,0.0,0.014,0.0,0.0,,1.03
1788458904.38,idle,6.361,2.22,22.0,1,1,2,6.375,2.225,-25.6,0.0,0.014,0.0,0.0,,1.03
1788458904.43,idle,6.361,2.22,22.0,1,1,2,6.375,2.225,-25.6,0.0,0.014,0.0,0.0,,1.03
1788458904.481,idle,6.361,2.22,22.0,1,1,2,6.375,2.225,-25.6,0.0,0.014,0.0,0.0,,1.03
1788458904.533,idle,6.361,2.22,22.0,1,1,2,6.375,2.225,-25.6,0.0,0.014,0.0,0.0,,1.03
1788458904.584,idle,6.361,2.22,22.0,1,1,2,6.375,2.225,-25.6,0.0,0.014,0.0,0.0,,1.03
1788458904.636,idle,6.361,2.22,22.0,1,1,2,6.375,2.225,-25.6,0.0,0.014,0.0,0.0,,1.03
1788458904.688,idle,6.361,2.22,22.0,1,1,2,6.375,2.225,-25.6,0.0,0.014,0.0,0.0,,1.03
1788458904.742,idle,6.361,2.22,22.0,1,1,2,6.375,2.225,-25.6,0.0,0.014,0.0,0.0,,1.03
1788458904.794,idle,6.361,2.22,22.0,1,1,2,6.375,2.225,-25.6,0.0,0.014,0.0,0.0,,1.03
1788458904.848,idle,6.361,2.22,22.0,1,1,2,6.375,2.225,-25.6,0.0,0.014,0.0,0.0,,1.03
1788458904.908,idle,6.361,2.22,22.0,1,1,2,6.375,2.225,-25.6,0.0,0.014,0.0,0.0,,1.03
1788458904.968,idle,6.361,2.22,22.0,1,1,2,6.375,2.225,-25.6,0.0,0.014,0.0,0.0,,1.03
1788458905.026,idle,6.361,2.22,22.0,1,1,2,6.375,2.225,-25.6,0.0,0.014,0.0,0.0,,1.03
1788458905.086,idle,6.361,2.22,22.0,1,1,2,6.375,2.225,-25.6,0.0,0.014,0.0,0.0,,1.03
1788458905.136,idle,6.361,2.22,22.0,1,1,2,6.375,2.225,-25.6,0.0,0.014,0.0,0.0,,1.03
1788458905.188,idle,6.361,2.22,22.0,1,1,2,6.375,2.225,-25.6,0.0,0.014,0.0,0.0,,1.03
1788458905.24,idle,6.361,2.22,22.0,1,1,2,6.375,2.225,-25.6,0.0,0.014,0.0,0.0,,1.03
1788458905.295,idle,6.361,2.22,22.0,1,1,2,6.375,2.225,-25.6,0.0,0.014,0.0,0.0,,1.03
1788458905.346,idle,6.361,2.22,22.0,1,1,2,6.375,2.225,-25.6,0.0,0.014,0.0,0.0,,1.03
1788458905.398,idle,6.361,2.22,22.0,1,1,2,6.375,2.225,-25.6,0.0,0.014,0.0,0.0,,1.03
1788458905.448,idle,6.361,2.22,22.0,1,1,2,6.375,2.225,-25.6,0.0,0.014,0.0,0.0,,1.03
1788458905.503,idle,6.361,2.22,22.0,1,1,2,6.375,2.225,-25.6,0.0,0.014,0.0,0.0,,1.03
1788458905.556,idle,6.361,2.22,22.0,1,1,2,6.375,2.225,-25.6,0.0,0.014,0.0,0.0,,1.03
1788458905.613,idle,6.361,2.22,22.0,1,1,2,6.375,2.225,-25.6,0.0,0.014,0.0,0.0,,1.03
1788458905.671,idle,6.361,2.22,22.0,1,1,2,6.375,2.225,-25.6,0.0,0.014,0.0,0.0,,1.03
1788458905.73,idle,6.361,2.22,22.0,1,1,2,6.375,2.225,-25.6,0.0,0.014,0.0,0.0,,1.03
1788458905.787,idle,6.361,2.22,22.0,1,1,2,6.375,2.225,-25.6,0.0,0.014,0.0,0.0,,1.03
1788458905.842,idle,6.361,2.22,22.0,1,1,2,6.375,2.225,-25.6,0.0,0.014,0.0,0.0,,1.03
1788458905.895,idle,6.361,2.22,22.0,1,1,2,6.375,2.225,-25.6,0.0,0.014,0.0,0.0,,1.03
1788458905.945,idle,6.361,2.22,22.0,1,1,2,6.375,2.225,-25.6,0.0,0.014,0.0,0.0,,1.03
1788458905.996,idle,6.361,2.22,22.0,1,1,2,6.375,2.225,-25.6,0.0,0.014,0.0,0.0,,1.03
1788458906.048,idle,6.361,2.22,22.0,1,1,2,6.375,2.225,-25.6,0.0,0.014,0.0,0.0,,1.03
1788458906.102,idle,6.361,2.22,22.0,1,1,2,6.375,2.225,-25.6,0.0,0.014,0.0,0.0,,1.03
1788458906.153,idle,6.361,2.22,22.0,1,1,2,6.375,2.225,-25.6,0.0,0.014,0.0,0.0,,1.03
1788458906.206,idle,6.361,2.22,22.0,1,1,2,6.375,2.225,-25.6,0.0,0.014,0.0,0.0,,1.03
1788458906.258,idle,6.361,2.22,22.0,1,1,2,6.375,2.225,-25.6,0.0,0.014,0.0,0.0,,1.03
1788458906.31,idle,6.361,2.22,22.0,1,1,2,6.375,2.225,-25.6,0.0,0.014,0.0,0.0,,1.03
1788458906.385,idle,6.361,2.22,22.0,1,1,2,6.375,2.225,-25.6,0.0,0.014,0.0,0.0,,1.03
1788458906.483,idle,6.361,2.22,22.0,1,1,2,6.375,2.225,-25.6,0.0,0.014,0.0,0.0,,1.03
1788458906.569,idle,6.361,2.22,22.0,1,1,2,6.375,2.225,-25.6,0.0,0.014,0.0,0.0,,1.03
1788458906.647,idle,6.361,2.22,22.0,1,1,2,6.375,2.225,-25.6,0.0,0.014,0.0,0.0,,1.03
1788458906.709,idle,6.361,2.22,22.0,1,1,2,6.375,2.225,-25.6,0.0,0.014,0.0,0.0,,1.03
1788458906.762,idle,6.361,2.22,22.0,1,1,2,6.375,2.225,-25.6,0.0,0.014,0.0,0.0,,1.03
1788458906.816,idle,6.361,2.22,22.0,1,1,2,6.375,2.225,-25.6,0.0,0.014,0.0,0.0,,1.03
1788458906.868,idle,6.361,2.22,22.0,1,1,2,6.375,2.225,-25.6,0.0,0.014,0.0,0.0,,1.03
1788458906.92,idle,6.361,2.22,22.0,1,1,2,6.375,2.225,-25.6,0.0,0.014,0.0,0.0,,1.03
1788458906.971,idle,6.361,2.22,22.0,1,1,2,6.375,2.225,-25.6,0.0,0.014,0.0,0.0,,1.03
1788458907.024,idle,6.361,2.22,22.0,1,1,2,6.375,2.225,-25.6,0.0,0.014,0.0,0.0,,1.03
1788458907.078,idle,6.361,2.22,22.0,1,1,2,6.375,2.225,-25.6,0.0,0.014,0.0,0.0,,1.03
1788458907.131,idle,6.361,2.22,22.0,1,1,2,6.375,2.225,-25.6,0.0,0.014,0.0,0.0,,1.03
1788458907.181,idle,6.361,2.22,22.0,1,1,2,6.375,2.225,-25.6,0.0,0.014,0.0,0.0,,1.03
1788458907.236,idle,6.361,2.22,22.0,1,1,2,6.375,2.225,-25.6,0.0,0.014,0.0,0.0,,1.03
1788458907.298,idle,6.361,2.22,22.0,1,1,2,6.375,2.225,-25.6,0.0,0.014,0.0,0.0,,1.03
1788458907.359,idle,6.361,2.22,22.0,1,1,2,6.375,2.225,-25.6,0.0,0.014,0.0,0.0,,1.03
1788458907.417,idle,6.361,2.22,22.0,1,1,2,6.375,2.225,-25.6,0.0,0.014,0.0,0.0,,1.03
1788458907.472,idle,6.361,2.22,22.0,1,1,2,6.375,2.225,-25.6,0.0,0.014,0.0,0.0,,1.03
1788458907.524,idle,6.361,2.22,22.0,1,1,2,6.375,2.225,-25.6,0.0,0.014,0.0,0.0,,1.03
1788458907.576,idle,6.361,2.22,22.0,1,1,2,6.375,2.225,-25.6,0.0,0.014,0.0,0.0,,1.03
1788458907.627,idle,6.361,2.22,22.0,1,1,2,6.375,2.225,-25.6,0.0,0.014,0.0,0.0,,1.03
1788458907.68,idle,6.361,2.22,22.0,1,1,2,6.375,2.225,-25.6,0.0,0.014,0.0,0.0,,1.03
1788458907.73,idle,6.361,2.22,22.0,1,1,2,6.375,2.225,-25.6,0.0,0.014,0.0,0.0,,1.03
1788458907.786,idle,6.361,2.22,22.0,1,1,2,6.375,2.225,-25.6,0.0,0.014,0.0,0.0,,1.03
1788458907.835,idle,6.361,2.22,22.0,1,1,2,6.375,2.225,-25.6,0.0,0.014,0.0,0.0,,1.03
1788458907.89,idle,6.361,2.22,22.0,1,1,2,6.375,2.225,-25.6,0.0,0.014,0.0,0.0,,1.03
1788458907.941,idle,6.361,2.22,22.0,1,1,2,6.375,2.225,-25.6,0.0,0.014,0.0,0.0,,1.03
1788458908.003,idle,6.361,2.22,22.0,1,1,2,6.375,2.225,-25.6,0.0,0.014,0.0,0.0,,1.03
1788458908.067,idle,6.361,2.22,22.0,1,1,2,6.375,2.225,-25.6,0.0,0.014,0.0,0.0,,1.03
1788458908.132,idle,6.361,2.22,22.0,1,1,2,6.375,2.225,-25.6,0.0,0.014,0.0,0.0,,1.03
1788458908.197,idle,6.361,2.22,22.0,1,1,2,6.375,2.225,-25.6,0.0,0.014,0.0,0.0,,1.03
1788458908.258,idle,6.361,2.22,22.0,1,1,2,6.375,2.225,-25.6,0.0,0.014,0.0,0.0,,1.03
1788458908.317,idle,6.361,2.22,22.0,1,1,2,6.375,2.225,-25.6,0.0,0.014,0.0,0.0,,1.03
1788458908.374,idle,6.361,2.22,22.0,1,1,2,6.375,2.225,-25.6,0.0,0.014,0.0,0.0,,1.03
1788458908.432,idle,6.361,2.22,22.0,1,1,2,6.375,2.225,-25.6,0.0,0.014,0.0,0.0,,1.03
1788458908.486,idle,6.361,2.22,22.0,1,1,2,6.375,2.225,-25.6,0.0,0.014,0.0,0.0,,1.03
1788458908.539,idle,6.361,2.22,22.0,1,1,2,6.375,2.225,-25.6,0.0,0.014,0.0,0.0,,1.03
1788458908.592,idle,6.361,2.22,22.0,1,1,2,6.375,2.225,-25.6,0.0,0.014,0.0,0.0,,1.03
1788458908.648,idle,6.361,2.22,22.0,1,1,2,6.375,2.225,-25.6,0.0,0.014,0.0,0.0,,1.03
1788458908.704,idle,6.361,2.22,22.0,1,1,2,6.375,2.225,-25.6,0.0,0.014,0.0,0.0,,1.03
1788458908.754,idle,6.361,2.22,22.0,1,1,2,6.375,2.225,-25.6,0.0,0.014,0.0,0.0,,1.03
1788458908.809,idle,6.361,2.22,22.0,1,1,2,6.375,2.225,-25.6,0.0,0.014,0.0,0.0,,1.03
1788458908.865,idle,6.361,2.22,22.0,1,1,2,6.375,2.225,-25.6,0.0,0.014,0.0,0.0,,1.03
1788458908.928,idle,6.361,2.22,22.0,1,1,2,6.375,2.225,-25.6,0.0,0.014,0.0,0.0,,1.03
1788458908.991,idle,6.361,2.22,22.0,1,1,2,6.375,2.225,-25.6,0.0,0.014,0.0,0.0,,1.03
1788458909.056,idle,6.361,2.22,22.0,1,1,2,6.375,2.225,-25.6,0.0,0.014,0.0,0.0,,1.03
1788458909.116,idle,6.361,2.22,22.0,1,1,2,6.375,2.225,-25.6,0.0,0.014,0.0,0.0,,1.03
1788458909.172,idle,6.361,2.22,22.0,1,1,2,6.375,2.225,-25.6,0.0,0.014,0.0,0.0,,1.03
1788458909.227,idle,6.361,2.22,22.0,1,1,2,6.375,2.225,-25.6,0.0,0.014,0.0,0.0,,1.03
1788458909.279,idle,6.361,2.22,22.0,1,1,2,6.375,2.225,-25.6,0.0,0.014,0.0,0.0,,1.03
1788458909.33,idle,6.361,2.22,22.0,1,1,2,6.375,2.225,-25.6,0.0,0.014,0.0,0.0,,1.03
1788458909.385,idle,6.361,2.22,22.0,1,1,2,6.375,2.225,-25.6,0.0,0.014,0.0,0.0,,1.03
1788458909.437,idle,6.361,2.22,22.0,1,1,2,6.375,2.225,-25.6,0.0,0.014,0.0,0.0,,1.03
1788458909.489,idle,6.361,2.22,22.0,1,1,2,6.375,2.225,-25.6,0.0,0.014,0.0,0.0,,1.03
1788458909.54,idle,6.361,2.22,22.0,1,1,2,6.375,2.225,-25.6,0.0,0.014,0.0,0.0,,1.03
1788458909.595,idle,6.361,2.22,22.0,1,1,2,6.375,2.225,-25.6,0.0,0.014,0.0,0.0,,1.03
1788458909.652,idle,6.361,2.22,22.0,1,1,2,6.375,2.225,-25.6,0.0,0.014,0.0,0.0,,1.03
1788458909.713,idle,6.361,2.22,22.0,1,1,2,6.375,2.225,-25.6,0.0,0.014,0.0,0.0,,1.03
1788458909.771,idle,6.361,2.22,22.0,1,1,2,6.375,2.225,-25.6,0.0,0.014,0.0,0.0,,1.03
1788458909.83,idle,6.361,2.22,22.0,1,1,2,6.375,2.225,-25.6,0.0,0.014,0.0,0.0,,1.03
1788458909.88,idle,6.361,2.22,22.0,1,1,2,6.375,2.225,-25.6,0.0,0.014,0.0,0.0,,1.03
1788458909.931,idle,6.361,2.22,22.0,1,1,2,6.375,2.225,-25.6,0.0,0.014,0.0,0.0,,1.03
1788458909.985,idle,6.361,2.22,22.0,1,1,2,6.375,2.225,-25.6,0.0,0.014,0.0,0.0,,1.03
1788458910.047,idle,6.361,2.22,22.0,1,1,2,6.375,2.225,-25.6,0.0,0.014,0.0,0.0,,1.03
1788458910.114,idle,6.361,2.22,22.0,1,1,2,6.375,2.225,-25.6,0.0,0.014,0.0,0.0,,1.03
1788458910.172,idle,6.361,2.22,22.0,1,1,2,6.375,2.225,-25.6,0.0,0.014,0.0,0.0,,1.03
1788458910.226,idle,6.361,2.22,22.0,1,1,2,6.375,2.225,-25.6,0.0,0.014,0.0,0.0,,1.03
1788458910.282,idle,6.361,2.22,22.0,1,1,2,6.375,2.225,-25.6,0.0,0.014,0.0,0.0,,1.03
1788458910.335,idle,6.361,2.22,22.0,1,1,2,6.375,2.225,-25.6,0.0,0.014,0.0,0.0,,1.03
1788458910.398,idle,6.361,2.22,22.0,1,1,2,6.375,2.225,-25.6,0.0,0.014,0.0,0.0,,1.03
1788458910.459,idle,6.361,2.22,22.0,1,1,2,6.375,2.225,-25.6,0.0,0.014,0.0,0.0,,1.03
1788458910.526,idle,6.361,2.22,22.0,1,1,2,6.375,2.225,-25.6,0.0,0.014,0.0,0.0,,1.03
1788458910.583,idle,6.361,2.22,22.0,1,1,2,6.375,2.225,-25.6,0.0,0.014,0.0,0.0,,1.03
1788458910.64,idle,6.361,2.22,22.0,1,1,2,6.375,2.225,-25.6,0.0,0.014,0.0,0.0,,1.03
1788458910.693,idle,6.361,2.22,22.0,1,1,2,6.375,2.225,-25.6,0.0,0.014,0.0,0.0,,1.03
1788458910.747,idle,6.361,2.22,22.0,1,1,2,6.375,2.225,-25.6,0.0,0.014,0.0,0.0,,1.03
1788458910.799,idle,6.361,2.22,22.0,1,1,2,6.375,2.225,-25.6,0.0,0.014,0.0,0.0,,1.03
1788458910.851,idle,6.361,2.22,22.0,1,1,2,6.375,2.225,-25.6,0.0,0.014,0.0,0.0,,1.03
1788458910.902,idle,6.361,2.22,22.0,1,1,2,6.375,2.225,-25.6,0.0,0.014,0.0,0.0,,1.03
1788458910.957,idle,6.361,2.22,22.0,1,1,2,6.375,2.225,-25.6,0.0,0.014,0.0,0.0,,1.03
1788458911.008,idle,6.361,2.22,22.0,1,1,2,6.375,2.225,-25.6,0.0,0.014,0.0,0.0,,1.03
1788458911.063,idle,6.361,2.22,22.0,1,1,2,6.375,2.225,-25.6,0.0,0.014,0.0,0.0,,1.03
1788458911.115,idle,6.361,2.22,22.0,1,1,2,6.375,2.225,-25.6,0.0,0.014,0.0,0.0,,1.03
1788458911.168,idle,6.361,2.22,22.0,1,1,2,6.375,2.225,-25.6,0.0,0.014,0.0,0.0,,1.03
1788458911.224,idle,6.361,2.22,22.0,1,1,2,6.375,2.225,-25.6,0.0,0.014,0.0,0.0,,1.03
1788458911.28,idle,6.361,2.22,22.0,1,1,2,6.375,2.225,-25.6,0.0,0.014,0.0,0.0,,1.03
1788458911.338,idle,6.361,2.22,22.0,1,1,2,6.375,2.225,-25.6,0.0,0.014,0.0,0.0,,1.03
1788458911.398,idle,6.361,2.22,22.0,1,1,2,6.375,2.225,-25.6,0.0,0.014,0.0,0.0,,1.03
1788458911.452,idle,6.361,2.22,22.0,1,1,2,6.375,2.225,-25.6,0.0,0.014,0.0,0.0,,1.03
1788458911.505,idle,6.361,2.22,22.0,1,1,2,6.375,2.225,-25.6,0.0,0.014,0.0,0.0,,1.03
1788458911.558,idle,6.361,2.22,22.0,1,1,2,6.375,2.225,-25.6,0.0,0.014,0.0,0.0,,1.03
1788458911.61,idle,6.361,2.22,22.0,1,1,2,6.375,2.225,-25.6,0.0,0.014,0.0,0.0,,1.03
1788458911.662,idle,6.361,2.22,22.0,1,1,2,6.375,2.225,-25.6,0.0,0.014,0.0,0.0,,1.03
1788458911.713,idle,6.361,2.22,22.0,1,1,2,6.375,2.225,-25.6,0.0,0.014,0.0,0.0,,1.03
1788458911.765,idle,6.361,2.22,22.0,1,1,2,6.375,2.225,-25.6,0.0,0.014,0.0,0.0,,1.03
1788458911.817,idle,6.361,2.22,22.0,1,1,2,6.375,2.225,-25.6,0.0,0.014,0.0,0.0,,1.03
1788458911.868,idle,6.361,2.22,22.0,1,1,2,6.375,2.225,-25.6,0.0,0.014,0.0,0.0,,1.03
1788458911.92,idle,6.361,2.22,22.0,1,1,2,6.375,2.225,-25.6,0.0,0.014,0.0,0.0,,1.03
1788458911.975,idle,6.361,2.22,22.0,1,1,2,6.375,2.225,-25.6,0.0,0.014,0.0,0.0,,1.03
1788458912.033,idle,6.361,2.22,22.0,1,1,2,6.375,2.225,-25.6,0.0,0.014,0.0,0.0,,1.03
1788458912.097,idle,6.361,2.22,22.0,1,1,2,6.375,2.225,-25.6,0.0,0.014,0.0,0.0,,1.03
1788458912.158,idle,6.361,2.22,22.0,1,1,2,6.375,2.225,-25.6,0.0,0.014,0.0,0.0,,1.03
1788458912.215,idle,6.361,2.22,22.0,1,1,2,6.375,2.225,-25.6,0.0,0.014,0.0,0.0,,1.03
1788458912.267,idle,6.361,2.22,22.0,1,1,2,6.375,2.225,-25.6,0.0,0.014,0.0,0.0,,1.03
1788458912.32,idle,6.361,2.22,22.0,1,1,2,6.375,2.225,-25.6,0.0,0.014,0.0,0.0,,1.03
1788458912.372,idle,6.361,2.22,22.0,1,1,2,6.375,2.225,-25.6,0.0,0.014,0.0,0.0,,1.03
1788458912.426,idle,6.361,2.22,22.0,1,1,2,6.375,2.225,-25.6,0.0,0.014,0.0,0.0,,1.03
1788458912.479,idle,6.361,2.22,22.0,1,1,2,6.375,2.225,-25.6,0.0,0.014,0.0,0.0,,1.03
1788458912.531,idle,6.361,2.22,22.0,1,1,2,6.375,2.225,-25.6,0.0,0.014,0.0,0.0,,1.03
1788458912.584,idle,6.361,2.22,22.0,1,1,2,6.375,2.225,-25.6,0.0,0.014,0.0,0.0,,1.03
1788458912.635,idle,6.361,2.22,22.0,1,1,2,6.375,2.225,-25.6,0.0,0.014,0.0,0.0,,1.03
1788458912.689,idle,6.361,2.22,22.0,1,1,2,6.375,2.225,-25.6,0.0,0.014,0.0,0.0,,1.03
1788458912.745,idle,6.361,2.22,22.0,1,1,2,6.375,2.225,-25.6,0.0,0.014,0.0,0.0,,1.03
1788458912.804,idle,6.361,2.22,22.0,1,1,2,6.375,2.225,-25.6,0.0,0.014,0.0,0.0,,1.03
1788458912.863,idle,6.361,2.22,22.0,1,1,2,6.375,2.225,-25.6,0.0,0.014,0.0,0.0,,1.03
1788458912.921,idle,6.361,2.22,22.0,1,1,2,6.375,2.225,-25.6,0.0,0.014,0.0,0.0,,1.03
1788458912.976,idle,6.361,2.22,22.0,1,1,2,6.375,2.225,-25.6,0.0,0.014,0.0,0.0,,1.03
1788458913.03,idle,6.361,2.22,22.0,1,1,2,6.375,2.225,-25.6,0.0,0.014,0.0,0.0,,1.03
1788458913.082,idle,6.361,2.22,22.0,1,1,2,6.375,2.225,-25.6,0.0,0.014,0.0,0.0,,1.03
1788458913.136,idle,6.361,2.22,22.0,1,1,2,6.375,2.225,-25.6,0.0,0.014,0.0,0.0,,1.03
1788458913.188,idle,6.361,2.22,22.0,1,1,2,6.375,2.225,-25.6,0.0,0.014,0.0,0.0,,1.03
1788458913.239,idle,6.361,2.22,22.0,1,1,2,6.375,2.225,-25.6,0.0,0.014,0.0,0.0,,1.03
1788458913.29,idle,6.361,2.22,22.0,1,1,2,6.375,2.225,-25.6,0.0,0.014,0.0,0.0,,1.03
1788458913.344,idle,6.361,2.22,22.0,1,1,2,6.375,2.225,-25.6,0.0,0.014,0.0,0.0,,1.03
1788458913.396,idle,6.361,2.22,22.0,1,1,2,6.375,2.225,-25.6,0.0,0.014,0.0,0.0,,1.03
1788458913.448,idle,6.361,2.22,22.0,1,1,2,6.375,2.225,-25.6,0.0,0.014,0.0,0.0,,1.03
1788458913.501,idle,6.361,2.22,22.0,1,1,2,6.375,2.225,-25.6,0.0,0.014,0.0,0.0,,1.03
1788458913.556,idle,6.361,2.22,22.0,1,1,2,6.375,2.225,-25.6,0.0,0.014,0.0,0.0,,1.03
1788458913.616,idle,6.361,2.22,22.0,1,1,2,6.375,2.225,-25.6,0.0,0.014,0.0,0.0,,1.03
1788458913.678,idle,6.361,2.22,22.0,1,1,2,6.375,2.225,-25.6,0.0,0.014,0.0,0.0,,1.03
1788458913.736,idle,6.361,2.22,22.0,1,1,2,6.375,2.225,-25.6,0.0,0.014,0.0,0.0,,1.03
1788458913.794,idle,6.361,2.22,22.0,1,1,2,6.375,2.225,-25.6,0.0,0.014,0.0,0.0,,1.03
1788458913.846,idle,6.361,2.22,22.0,1,1,2,6.375,2.225,-25.6,0.0,0.014,0.0,0.0,,1.03
1788458913.899,idle,6.361,2.22,22.0,1,1,2,6.375,2.225,-25.6,0.0,0.014,0.0,0.0,,1.03
1788458913.952,idle,6.361,2.22,22.0,1,1,2,6.375,2.225,-25.6,0.0,0.014,0.0,0.0,,1.03
1788458914.006,idle,6.361,2.22,22.0,1,1,2,6.375,2.225,-25.6,0.0,0.014,0.0,0.0,,1.03
1788458914.06,idle,6.361,2.22,22.0,1,1,2,6.375,2.225,-25.6,0.0,0.014,0.0,0.0,,1.03
1788458914.113,idle,6.361,2.22,22.0,1,1,2,6.375,2.225,-25.6,0.0,0.014,0.0,0.0,,1.03
1788458914.164,idle,6.361,2.22,22.0,1,1,2,6.375,2.225,-25.6,0.0,0.014,0.0,0.0,,1.03
1788458914.215,idle,6.361,2.22,22.0,1,1,2,6.375,2.225,-25.6,0.0,0.014,0.0,0.0,,1.03
1788458914.266,idle,6.361,2.22,22.0,1,1,2,6.375,2.225,-25.6,0.0,0.014,0.0,0.0,,1.03
1788458914.321,idle,6.361,2.22,22.0,1,1,2,6.375,2.225,-25.6,0.0,0.014,0.0,0.0,,1.03
1788458914.379,idle,6.361,2.22,22.0,1,1,2,6.375,2.225,-25.6,0.0,0.014,0.0,0.0,,1.03
1788458914.441,idle,6.361,2.22,22.0,1,1,2,6.375,2.225,-25.6,0.0,0.014,0.0,0.0,,1.03
1788458914.5,idle,6.361,2.22,22.0,1,1,2,6.375,2.225,-25.6,0.0,0.014,0.0,0.0,,1.03
1788458914.558,idle,6.361,2.22,22.0,1,1,2,6.375,2.225,-25.6,0.0,0.014,0.0,0.0,,1.03
1788458914.612,idle,6.361,2.22,22.0,1,1,2,6.375,2.225,-25.6,0.0,0.014,0.0,0.0,,1.03
1788458914.664,idle,6.361,2.22,22.0,1,1,2,6.375,2.225,-25.6,0.0,0.014,0.0,0.0,,1.03
1788458914.715,idle,6.361,2.22,22.0,1,1,2,6.375,2.225,-25.6,0.0,0.014,0.0,0.0,,1.03
1788458914.769,idle,6.361,2.22,22.0,1,1,2,6.375,2.225,-25.6,0.0,0.014,0.0,0.0,,1.03
1788458914.821,idle,6.361,2.22,22.0,1,1,2,6.375,2.225,-25.6,0.0,0.014,0.0,0.0,,1.03
1788458914.875,idle,6.361,2.22,22.0,1,1,2,6.375,2.225,-25.6,0.0,0.014,0.0,0.0,,1.03
1788458914.927,idle,6.361,2.22,22.0,1,1,2,6.375,2.225,-25.6,0.0,0.014,0.0,0.0,,1.03
1788458914.98,idle,6.361,2.22,22.0,1,1,2,6.375,2.225,-25.6,0.0,0.014,0.0,0.0,,1.03
1788458915.031,idle,6.361,2.22,22.0,1,1,2,6.375,2.225,-25.6,0.0,0.014,0.0,0.0,,1.03
1788458915.083,idle,6.361,2.22,22.0,1,1,2,6.375,2.225,-25.6,0.0,0.014,0.0,0.0,,1.03
1788458915.142,idle,6.361,2.22,22.0,1,1,2,6.375,2.225,-25.6,0.0,0.014,0.0,0.0,,1.03
1788458915.203,idle,6.361,2.22,22.0,1,1,2,6.375,2.225,-25.6,0.0,0.014,0.0,0.0,,1.03
1788458915.262,idle,6.361,2.22,22.0,1,1,2,6.375,2.225,-25.6,0.0,0.014,0.0,0.0,,1.03
1788458915.323,idle,6.361,2.22,22.0,1,1,2,6.375,2.225,-25.6,0.0,0.014,0.0,0.0,,1.03
1788458915.377,idle,6.361,2.22,22.0,1,1,2,6.375,2.225,-25.6,0.0,0.014,0.0,0.0,,1.03
1788458915.429,idle,6.361,2.22,22.0,1,1,2,6.375,2.225,-25.6,0.0,0.014,0.0,0.0,,1.03
1788458915.481,idle,6.361,2.22,22.0,1,1,2,6.375,2.225,-25.6,0.0,0.014,0.0,0.0,,1.03
1788458915.535,idle,6.361,2.22,22.0,1,1,2,6.375,2.225,-25.6,0.0,0.014,0.0,0.0,,1.03
1788458915.585,idle,6.361,2.22,22.0,1,1,2,6.375,2.225,-25.6,0.0,0.014,0.0,0.0,,1.03
1788458915.636,idle,6.361,2.22,22.0,1,1,2,6.375,2.225,-25.6,0.0,0.014,0.0,0.0,,1.03
1788458915.691,idle,6.361,2.22,22.0,1,1,2,6.375,2.225,-25.6,0.0,0.014,0.0,0.0,,1.03
1788458915.744,idle,6.361,2.22,22.0,1,1,2,6.375,2.225,-25.6,0.0,0.014,0.0,0.0,,1.03
1788458915.798,idle,6.361,2.22,22.0,1,1,2,6.375,2.225,-25.6,0.0,0.014,0.0,0.0,,1.03
1788458915.849,idle,6.361,2.22,22.0,1,1,2,6.375,2.225,-25.6,0.0,0.014,0.0,0.0,,1.03
1788458915.903,idle,6.361,2.22,22.0,1,1,2,6.375,2.225,-25.6,0.0,0.014,0.0,0.0,,1.03
1788458915.961,idle,6.361,2.22,22.0,1,1,2,6.375,2.225,-25.6,0.0,0.014,0.0,0.0,,1.03
1788458916.021,idle,6.361,2.22,22.0,1,1,2,6.375,2.225,-25.6,0.0,0.014,0.0,0.0,,1.03
1788458916.08,idle,6.361,2.22,22.0,1,1,2,6.375,2.225,-25.6,0.0,0.014,0.0,0.0,,1.03
1788458916.135,idle,6.361,2.22,22.0,1,1,2,6.375,2.225,-25.6,0.0,0.014,0.0,0.0,,1.03
1788458916.188,idle,6.361,2.22,22.0,1,1,2,6.375,2.225,-25.6,0.0,0.014,0.0,0.0,,1.03
1788458916.239,idle,6.361,2.22,22.0,1,1,2,6.375,2.225,-25.6,0.0,0.014,0.0,0.0,,1.03
1788458916.291,idle,6.361,2.22,22.0,1,1,2,6.375,2.225,-25.6,0.0,0.014,0.0,0.0,,1.03
1788458916.343,idle,6.361,2.22,22.0,1,1,2,6.375,2.225,-25.6,0.0,0.014,0.0,0.0,,1.03
1788458916.397,idle,6.361,2.22,22.0,1,1,2,6.375,2.225,-25.6,0.0,0.014,0.0,0.0,,1.03
1788458916.448,idle,6.361,2.22,22.0,1,1,2,6.375,2.225,-25.6,0.0,0.014,0.0,0.0,,1.03
1788458916.504,idle,6.361,2.22,22.0,1,1,2,6.375,2.225,-25.6,0.0,0.014,0.0,0.0,,1.03
1788458916.557,idle,6.361,2.22,22.0,1,1,2,6.375,2.225,-25.6,0.0,0.014,0.0,0.0,,1.03
1788458916.61,idle,6.361,2.22,22.0,1,1,2,6.375,2.225,-25.6,0.0,0.014,0.0,0.0,,1.03
1788458916.661,idle,6.361,2.22,22.0,1,1,2,6.375,2.225,-25.6,0.0,0.014,0.0,0.0,,1.03
1788458916.721,idle,6.361,2.22,22.0,1,1,2,6.375,2.225,-25.6,0.0,0.014,0.0,0.0,,1.03
1788458916.778,idle,6.361,2.22,22.0,1,1,2,6.375,2.225,-25.6,0.0,0.014,0.0,0.0,,1.03
1788458916.839,idle,6.361,2.22,22.0,1,1,2,6.375,2.225,-25.6,0.0,0.014,0.0,0.0,,1.03
1788458916.898,idle,6.361,2.22,22.0,1,1,2,6.375,2.225,-25.6,0.0,0.014,0.0,0.0,,1.03
1788458916.953,idle,6.361,2.22,22.0,1,1,2,6.375,2.225,-25.6,0.0,0.014,0.0,0.0,,1.03
1788458917.005,idle,6.361,2.22,22.0,1,1,2,6.375,2.225,-25.6,0.0,0.014,0.0,0.0,,1.03
1788458917.057,idle,6.361,2.22,22.0,1,1,2,6.375,2.225,-25.6,0.0,0.014,0.0,0.0,,1.03
1788458917.111,idle,6.361,2.22,22.0,1,1,2,6.375,2.225,-25.6,0.0,0.014,0.0,0.0,,1.03
1788458917.162,idle,6.361,2.22,22.0,1,1,2,6.375,2.225,-25.6,0.0,0.014,0.0,0.0,,1.03
1788458917.214,idle,6.361,2.22,22.0,1,1,2,6.375,2.225,-25.6,0.0,0.014,0.0,0.0,,1.03
1788458917.267,idle,6.361,2.22,22.0,1,1,2,6.375,2.225,-25.6,0.0,0.014,0.0,0.0,,1.03
1788458917.319,idle,6.361,2.22,22.0,1,1,2,6.375,2.225,-25.6,0.0,0.014,0.0,0.0,,1.03
1788458917.372,idle,6.361,2.22,22.0,1,1,2,6.375,2.225,-25.6,0.0,0.014,0.0,0.0,,1.03
1788458917.429,idle,6.361,2.22,22.0,1,1,2,6.375,2.225,-25.6,0.0,0.014,0.0,0.0,,1.03
1788458917.492,idle,6.361,2.22,22.0,1,1,2,6.375,2.225,-25.6,0.0,0.014,0.0,0.0,,1.03
1788458917.559,idle,6.361,2.22,22.0,1,1,2,6.375,2.225,-25.6,0.0,0.014,0.0,0.0,,1.03
1788458917.626,idle,6.361,2.22,22.0,1,1,2,6.375,2.225,-25.6,0.0,0.014,0.0,0.0,,1.03
1788458917.688,idle,6.361,2.22,22.0,1,1,2,6.375,2.225,-25.6,0.0,0.014,0.0,0.0,,1.03
1788458917.746,idle,6.361,2.22,22.0,1,1,2,6.375,2.225,-25.6,0.0,0.014,0.0,0.0,,1.03
1788458917.806,idle,6.361,2.22,22.0,1,1,2,6.375,2.225,-25.6,0.0,0.014,0.0,0.0,,1.03
1788458917.861,idle,6.361,2.22,22.0,1,1,2,6.375,2.225,-25.6,0.0,0.014,0.0,0.0,,1.03
1788458917.918,idle,6.361,2.22,22.0,1,1,2,6.375,2.225,-25.6,0.0,0.014,0.0,0.0,,1.03
1788458917.974,idle,6.361,2.22,22.0,1,1,2,6.375,2.225,-25.6,0.0,0.014,0.0,0.0,,1.03
1788458918.029,idle,6.361,2.22,22.0,1,1,2,6.375,2.225,-25.6,0.0,0.014,0.0,0.0,,1.03
1788458918.085,idle,6.361,2.22,22.0,1,1,2,6.375,2.225,-25.6,0.0,0.014,0.0,0.0,,1.03
1788458918.136,idle,6.361,2.22,22.0,1,1,2,6.375,2.225,-25.6,0.0,0.014,0.0,0.0,,1.03
1788458918.191,idle,6.361,2.22,22.0,1,1,2,6.375,2.225,-25.6,0.0,0.014,0.0,0.0,,1.03
1788458918.248,idle,6.361,2.22,22.0,1,1,2,6.375,2.225,-25.6,0.0,0.014,0.0,0.0,,1.03
1788458918.309,idle,6.361,2.22,22.0,1,1,2,6.375,2.225,-25.6,0.0,0.014,0.0,0.0,,1.03
1788458918.372,idle,6.361,2.22,22.0,1,1,2,6.375,2.225,-25.6,0.0,0.014,0.0,0.0,,1.03
1788458918.434,idle,6.361,2.22,22.0,1,1,2,6.375,2.225,-25.6,0.0,0.014,0.0,0.0,,1.03
1788458918.493,idle,6.361,2.22,22.0,1,1,2,6.375,2.225,-25.6,0.0,0.014,0.0,0.0,,1.03
1788458918.552,idle,6.361,2.22,22.0,1,1,2,6.375,2.225,-25.6,0.0,0.014,0.0,0.0,,1.03
1788458918.606,idle,6.361,2.22,22.0,1,1,2,6.375,2.225,-25.6,0.0,0.014,0.0,0.0,,1.03
1788458918.662,idle,6.361,2.22,22.0,1,1,2,6.375,2.225,-25.6,0.0,0.014,0.0,0.0,,1.03
1788458918.713,idle,6.361,2.22,22.0,1,1,2,6.375,2.225,-25.6,0.0,0.014,0.0,0.0,,1.03
1788458918.769,idle,6.361,2.22,22.0,1,1,2,6.375,2.225,-25.6,0.0,0.014,0.0,0.0,,1.03
1788458918.823,idle,6.361,2.22,22.0,1,1,2,6.375,2.225,-25.6,0.0,0.014,0.0,0.0,,1.03
1788458918.874,idle,6.361,2.22,22.0,1,1,2,6.375,2.225,-25.6,0.0,0.014,0.0,0.0,,1.03
1788458918.926,idle,6.361,2.22,22.0,1,1,2,6.375,2.225,-25.6,0.0,0.014,0.0,0.0,,1.03
1788458918.978,idle,6.361,2.22,22.0,1,1,2,6.375,2.225,-25.6,0.0,0.014,0.0,0.0,,1.03
1788458919.034,idle,6.361,2.22,22.0,1,1,2,6.375,2.225,-25.6,0.0,0.014,0.0,0.0,,1.03
1788458919.096,idle,6.361,2.22,22.0,1,1,2,6.375,2.225,-25.6,0.0,0.014,0.0,0.0,,1.03
1788458919.156,idle,6.361,2.22,22.0,1,1,2,6.375,2.225,-25.6,0.0,0.014,0.0,0.0,,1.03
1788458919.22,idle,6.361,2.22,22.0,1,1,2,6.375,2.225,-25.6,0.0,0.014,0.0,0.0,,1.03
1788458919.278,idle,6.361,2.22,22.0,1,1,2,6.375,2.225,-25.6,0.0,0.014,0.0,0.0,,1.03
1788458919.336,idle,6.361,2.22,22.0,1,1,2,6.375,2.225,-25.6,0.0,0.014,0.0,0.0,,1.03
1788458919.389,idle,6.361,2.22,22.0,1,1,2,6.375,2.225,-25.6,0.0,0.014,0.0,0.0,,1.03
1788458919.442,idle,6.361,2.22,22.0,1,1,2,6.375,2.225,-25.6,0.0,0.014,0.0,0.0,,1.03
1788458919.498,idle,6.361,2.22,22.0,1,1,2,6.375,2.225,-25.6,0.0,0.014,0.0,0.0,,1.03
1788458919.553,idle,6.361,2.22,22.0,1,1,2,6.375,2.225,-25.6,0.0,0.014,0.0,0.0,,1.03
1788458919.607,idle,6.361,2.22,22.0,1,1,2,6.375,2.225,-25.6,0.0,0.014,0.0,0.0,,1.03
1788458919.662,idle,6.361,2.22,22.0,1,1,2,6.375,2.225,-25.6,0.0,0.014,0.0,0.0,,1.03
1788458919.718,idle,6.361,2.22,22.0,1,1,2,6.375,2.225,-25.6,0.0,0.014,0.0,0.0,,1.03
1788458919.774,idle,6.361,2.22,22.0,1,1,2,6.375,2.225,-25.6,0.0,0.014,0.0,0.0,,1.03
1788458919.829,idle,6.361,2.22,22.0,1,1,2,6.375,2.225,-25.6,0.0,0.014,0.0,0.0,,1.03
1788458919.895,idle,6.361,2.22,22.0,1,1,2,6.375,2.225,-25.6,0.0,0.014,0.0,0.0,,1.03
1788458919.957,idle,6.361,2.22,22.0,1,1,2,6.375,2.225,-25.6,0.0,0.014,0.0,0.0,,1.03
1788458920.021,idle,6.361,2.22,22.0,1,1,2,6.375,2.225,-25.6,0.0,0.014,0.0,0.0,,1.03
1788458920.081,idle,6.361,2.22,22.0,1,1,2,6.375,2.225,-25.6,0.0,0.014,0.0,0.0,,1.03
1788458920.136,idle,6.361,2.22,22.0,1,1,2,6.375,2.225,-25.6,0.0,0.014,0.0,0.0,,1.03
1788458920.19,idle,6.361,2.22,22.0,1,1,2,6.375,2.225,-25.6,0.0,0.014,0.0,0.0,,1.03
1788458920.245,idle,6.361,2.22,22.0,1,1,2,6.375,2.225,-25.6,0.0,0.014,0.0,0.0,,1.03
1788458920.3,idle,6.361,2.22,22.0,1,1,2,6.375,2.225,-25.6,0.0,0.014,0.0,0.0,,1.03
1788458920.355,idle,6.361,2.22,22.0,1,1,2,6.375,2.225,-25.6,0.0,0.014,0.0,0.0,,1.03
1788458920.407,idle,6.361,2.22,22.0,1,1,2,6.375,2.225,-25.6,0.0,0.014,0.0,0.0,,1.03
1788458920.459,idle,6.361,2.22,22.0,1,1,2,6.375,2.225,-25.6,0.0,0.014,0.0,0.0,,1.03
1788458920.513,idle,6.361,2.22,22.0,1,1,2,6.375,2.225,-25.6,0.0,0.014,0.0,0.0,,1.03
1788458920.566,idle,6.361,2.22,22.0,1,1,2,6.375,2.225,-25.6,0.0,0.014,0.0,0.0,,1.03
1788458920.623,idle,6.361,2.22,22.0,1,1,2,6.375,2.225,-25.6,0.0,0.014,0.0,0.0,,1.03
1788458920.681,idle,6.361,2.22,22.0,1,1,2,6.375,2.225,-25.6,0.0,0.014,0.0,0.0,,1.03
1788458920.744,idle,6.361,2.22,22.0,1,1,2,6.375,2.225,-25.6,0.0,0.014,0.0,0.0,,1.03
1788458920.807,idle,6.361,2.22,22.0,1,1,2,6.375,2.225,-25.6,0.0,0.014,0.0,0.0,,1.03
1788458920.868,idle,6.361,2.22,22.0,1,1,2,6.375,2.225,-25.6,0.0,0.014,0.0,0.0,,1.03
1788458920.93,idle,6.361,2.22,22.0,1,1,2,6.375,2.225,-25.6,0.0,0.014,0.0,0.0,,1.03
1788458920.988,idle,6.361,2.22,22.0,1,1,2,6.375,2.225,-25.6,0.0,0.014,0.0,0.0,,1.03
1788458921.041,idle,6.361,2.22,22.0,1,1,2,6.375,2.225,-25.6,0.0,0.014,0.0,0.0,,1.03
1788458921.092,idle,6.361,2.22,22.0,1,1,2,6.375,2.225,-25.6,0.0,0.014,0.0,0.0,,1.03
1788458921.145,idle,6.361,2.22,22.0,1,1,2,6.375,2.225,-25.6,0.0,0.014,0.0,0.0,,1.03
1788458921.2,idle,6.361,2.22,22.0,1,1,2,6.375,2.225,-25.6,0.0,0.014,0.0,0.0,,1.03
1788458921.254,idle,6.361,2.22,22.0,1,1,2,6.375,2.225,-25.6,0.0,0.014,0.0,0.0,,1.03
1788458921.308,idle,6.361,2.22,22.0,1,1,2,6.375,2.225,-25.6,0.0,0.014,0.0,0.0,,1.03
1788458921.361,idle,6.361,2.22,22.0,1,1,2,6.375,2.225,-25.6,0.0,0.014,0.0,0.0,,1.03
1788458921.419,idle,6.361,2.22,22.0,1,1,2,6.375,2.225,-25.6,0.0,0.014,0.0,0.0,,1.03
1788458921.483,idle,6.361,2.22,22.0,1,1,2,6.375,2.225,-25.6,0.0,0.014,0.0,0.0,,1.03
1788458921.545,idle,6.361,2.22,22.0,1,1,2,6.375,2.225,-25.6,0.0,0.014,0.0,0.0,,1.03
1788458921.546,idle,6.361,2.22,22.0,1,1,2,6.375,2.225,-25.6,0.0,0.014,0.0,0.0,,1.03
1788458921.671,idle,6.361,2.22,22.0,1,1,2,6.375,2.225,-25.6,0.0,0.014,0.0,0.0,,1.03
1788458921.726,idle,6.361,2.22,22.0,1,1,2,6.375,2.225,-25.6,0.0,0.014,0.0,0.0,,1.03
1788458921.782,idle,6.361,2.22,22.0,1,1,2,6.375,2.225,-25.6,0.0,0.014,0.0,0.0,,1.03
1788458921.836,idle,6.361,2.22,22.0,1,1,2,6.375,2.225,-25.6,0.0,0.014,0.0,0.0,,1.03
1788458921.89,idle,6.361,2.22,22.0,1,1,2,6.375,2.225,-25.6,0.0,0.014,0.0,0.0,,1.03
1788458921.944,idle,6.361,2.22,22.0,1,1,2,6.375,2.225,-25.6,0.0,0.014,0.0,0.0,,1.03
1788458921.998,idle,6.361,2.22,22.0,1,1,2,6.375,2.225,-25.6,0.0,0.014,0.0,0.0,,1.03
1788458922.054,idle,6.361,2.22,22.0,1,1,2,6.375,2.225,-25.6,0.0,0.014,0.0,0.0,,1.03
1788458922.116,idle,6.361,2.22,22.0,1,1,2,6.375,2.225,-25.6,0.0,0.014,0.0,0.0,,1.03
1788458922.171,idle,6.361,2.22,22.0,1,1,2,6.375,2.225,-25.6,0.0,0.014,0.0,0.0,,1.03
1788458922.237,idle,6.361,2.22,22.0,1,1,2,6.375,2.225,-25.6,0.0,0.014,0.0,0.0,,1.03
1788458922.31,idle,6.361,2.22,22.0,1,1,2,6.375,2.225,-25.6,0.0,0.014,0.0,0.0,,1.03
1788458922.382,idle,6.361,2.22,22.0,1,1,2,6.375,2.225,-25.6,0.0,0.014,0.0,0.0,,1.03
1788458922.449,idle,6.361,2.22,22.0,1,1,2,6.375,2.225,-25.6,0.0,0.014,0.0,0.0,,1.03
1788458922.51,idle,6.361,2.22,22.0,1,1,2,6.375,2.225,-25.6,0.0,0.014,0.0,0.0,,1.03
1788458922.568,idle,6.361,2.22,22.0,1,1,2,6.375,2.225,-25.6,0.0,0.014,0.0,0.0,,1.03
1788458922.628,idle,6.361,2.22,22.0,1,1,2,6.375,2.225,-25.6,0.0,0.014,0.0,0.0,,1.03
1788458922.69,idle,6.361,2.22,22.0,1,1,2,6.375,2.225,-25.6,0.0,0.014,0.0,0.0,,1.03
1788458922.746,idle,6.361,2.22,22.0,1,1,2,6.375,2.225,-25.6,0.0,0.014,0.0,0.0,,1.03
1788458922.806,idle,6.361,2.22,22.0,1,1,2,6.375,2.225,-25.6,0.0,0.014,0.0,0.0,,1.03
1788458922.864,idle,6.361,2.22,22.0,1,1,2,6.375,2.225,-25.6,0.0,0.014,0.0,0.0,,1.03
1788458922.928,idle,6.361,2.22,22.0,1,1,2,6.375,2.225,-25.6,0.0,0.014,0.0,0.0,,1.03
1788458922.983,idle,6.361,2.22,22.0,1,1,2,6.375,2.225,-25.6,0.0,0.014,0.0,0.0,,1.03
1788458923.045,idle,6.361,2.22,22.0,1,1,2,6.375,2.225,-25.6,0.0,0.014,0.0,0.0,,1.03
1788458923.107,idle,6.361,2.22,22.0,1,1,2,6.375,2.225,-25.6,0.0,0.014,0.0,0.0,,1.03
1788458923.165,idle,6.361,2.22,22.0,1,1,2,6.375,2.225,-25.6,0.0,0.014,0.0,0.0,,1.03
1788458923.223,idle,6.361,2.22,22.0,1,1,2,6.375,2.225,-25.6,0.0,0.014,0.0,0.0,,1.03
1788458923.278,idle,6.361,2.22,22.0,1,1,2,6.375,2.225,-25.6,0.0,0.014,0.0,0.0,,1.03
1788458923.33,idle,6.361,2.22,22.0,1,1,2,6.375,2.225,-25.6,0.0,0.014,0.0,0.0,,1.03
1788458923.382,idle,6.361,2.22,22.0,1,1,2,6.375,2.225,-25.6,0.0,0.014,0.0,0.0,,1.03
1788458923.433,idle,6.361,2.22,22.0,1,1,2,6.375,2.225,-25.6,0.0,0.014,0.0,0.0,,1.03
1788458923.487,idle,6.361,2.22,22.0,1,1,2,6.375,2.225,-25.6,0.0,0.014,0.0,0.0,,1.03
1788458923.54,idle,6.361,2.22,22.0,1,1,2,6.375,2.225,-25.6,0.0,0.014,0.0,0.0,,1.03
1788458923.593,idle,6.361,2.22,22.0,1,1,2,6.375,2.225,-25.6,0.0,0.014,0.0,0.0,,1.03
1788458923.644,idle,6.361,2.22,22.0,1,1,2,6.375,2.225,-25.6,0.0,0.014,0.0,0.0,,1.03
1788458923.698,idle,6.361,2.22,22.0,1,1,2,6.375,2.225,-25.6,0.0,0.014,0.0,0.0,,1.03
1788458923.752,idle,6.361,2.22,22.0,1,1,2,6.375,2.225,-25.6,0.0,0.014,0.0,0.0,,1.03
1788458923.81,idle,6.361,2.22,22.0,1,1,2,6.375,2.225,-25.6,0.0,0.014,0.0,0.0,,1.03
1788458923.868,idle,6.361,2.22,22.0,1,1,2,6.375,2.225,-25.6,0.0,0.014,0.0,0.0,,1.03
1788458923.929,idle,6.361,2.22,22.0,1,1,2,6.375,2.225,-25.6,0.0,0.014,0.0,0.0,,1.03
1788458923.987,idle,6.361,2.22,22.0,1,1,2,6.375,2.225,-25.6,0.0,0.014,0.0,0.0,,1.03
1788458924.042,idle,6.361,2.22,22.0,1,1,2,6.375,2.225,-25.6,0.0,0.014,0.0,0.0,,1.03
1788458924.095,idle,6.361,2.22,22.0,1,1,2,6.375,2.225,-25.6,0.0,0.014,0.0,0.0,,1.03
