t,state,x,y,yaw_deg,i0,ci,n,aim_x,aim_y,herr_deg,dist_aim,dist_goal,vx,wz,la,clear
1788461301.909,driving,1.0,1.0,0.0,0,30,83,2.475,0.875,-4.8,1.48,4.077,0.3,0.0,1.5,1.56
1788461301.977,driving,1.001,1.0,0.0,0,30,83,2.475,0.875,-4.8,1.48,4.076,0.3,0.0,1.5,1.56
1788461302.045,driving,1.003,1.0,0.0,0,30,83,2.475,0.875,-4.8,1.477,4.074,0.3,0.0,1.5,1.56
1788461302.116,driving,1.013,1.0,0.0,1,31,83,2.525,0.875,-4.8,1.517,4.064,0.3,0.0,1.5,1.56
1788461302.179,driving,1.02,1.0,0.0,1,31,83,2.525,0.875,-4.8,1.51,4.057,0.3,0.0,1.5,1.56
1788461302.239,driving,1.04,1.0,0.0,1,31,83,2.525,0.875,-4.8,1.491,4.037,0.3,0.0,1.5,1.56
1788461302.299,driving,1.05,1.0,0.0,1,31,83,2.525,0.875,-4.8,1.48,4.027,0.3,0.0,1.5,1.56
1788461302.359,driving,1.07,1.0,0.0,2,32,83,2.575,0.875,-4.8,1.51,4.007,0.3,0.0,1.5,1.56
1788461302.418,driving,1.081,1.0,0.0,2,32,83,2.575,0.875,-4.8,1.5,3.996,0.3,0.0,1.5,1.56
1788461302.475,driving,1.101,1.0,0.0,2,32,83,2.575,0.875,-4.8,1.479,3.976,0.3,0.0,1.5,1.56
1788461302.533,driving,1.111,1.0,0.0,3,33,83,2.625,0.875,-4.8,1.519,3.966,0.3,0.0,1.5,1.56
1788461302.592,driving,1.132,1.0,0.0,3,33,83,2.625,0.875,-4.8,1.499,3.945,0.3,0.0,1.5,1.56
1788461302.648,driving,1.142,1.0,0.0,3,33,83,2.625,0.875,-4.8,1.489,3.935,0.3,0.0,1.5,1.56
1788461302.706,driving,1.152,1.0,0.0,3,33,83,2.625,0.875,-4.8,1.478,3.925,0.3,0.0,1.5,1.56
1788461302.771,driving,1.172,1.0,0.0,4,34,83,2.675,0.875,-4.8,1.508,3.905,0.3,0.0,1.5,1.56
1788461302.835,driving,1.183,1.0,0.0,4,34,83,2.675,0.875,-4.8,1.498,3.894,0.3,0.0,1.5,1.56
1788461302.902,driving,1.203,1.0,0.0,0,30,78,2.725,0.875,-4.8,1.527,3.874,0.3,0.0,1.5,1.56
1788461302.959,driving,1.213,1.0,0.0,0,30,78,2.725,0.875,-4.8,1.517,3.864,0.3,0.0,1.5,1.56
1788461303.015,driving,1.234,1.0,0.0,0,30,78,2.725,0.875,-4.8,1.497,3.843,0.3,0.0,1.5,1.56
1788461303.075,driving,1.244,1.0,0.1,0,30,78,2.725,0.875,-4.9,1.486,3.833,0.3,0.0,1.5,1.56
1788461303.148,driving,1.266,1.001,0.3,1,31,78,2.775,0.875,-5.1,1.515,3.812,0.3,0.0,1.5,1.56
1788461303.232,driving,1.276,1.001,0.3,1,31,78,2.775,0.875,-5.1,1.504,3.801,0.3,0.0,1.5,1.56
1788461303.301,driving,1.296,1.001,0.3,1,31,78,2.775,0.875,-5.1,1.484,3.781,0.3,0.0,1.5,1.56
1788461303.356,driving,1.306,1.001,0.3,1,31,78,2.775,0.875,-5.1,1.474,3.771,0.3,0.0,1.5,1.56
1788461303.411,driving,1.327,1.001,0.3,2,32,78,2.825,0.875,-5.1,1.503,3.75,0.3,0.0,1.5,1.56
1788461303.465,driving,1.337,1.001,0.3,2,32,78,2.825,0.875,-5.1,1.493,3.74,0.3,0.0,1.5,1.56
1788461303.523,driving,1.357,1.002,0.3,2,32,78,2.825,0.875,-5.1,1.473,3.72,0.3,0.0,1.5,1.56
1788461303.584,driving,1.365,1.002,0.5,3,33,78,2.875,0.875,-5.3,1.515,3.712,0.3,0.0,1.5,1.56
1788461303.649,driving,1.38,1.005,1.0,3,33,78,2.875,0.875,-5.8,1.5,3.697,0.3,0.0,1.5,1.56
1788461303.713,driving,1.39,1.005,1.0,3,33,78,2.875,0.875,-5.8,1.491,3.687,0.3,0.0,1.5,1.56
1788461303.768,driving,1.4,1.005,1.0,3,33,78,2.875,0.875,-5.8,1.48,3.677,0.3,0.0,1.5,1.56
1788461303.823,driving,1.421,1.005,1.0,4,34,78,2.925,0.875,-5.8,1.51,3.657,0.3,0.0,1.5,1.56
1788461303.878,driving,1.431,1.005,1.0,4,34,78,2.925,0.875,-5.9,1.5,3.646,0.3,0.0,1.5,1.56
1788461303.933,driving,1.451,1.006,1.0,0,30,73,2.975,0.875,-5.9,1.529,3.626,0.3,0.0,1.5,1.56
1788461303.986,driving,1.462,1.006,1.0,0,30,73,2.975,0.875,-5.9,1.519,3.616,0.3,0.0,1.5,1.56
1788461304.04,driving,1.483,1.005,0.8,0,30,73,2.975,0.875,-5.7,1.498,3.594,0.3,0.0,1.5,1.56
1788461304.094,driving,1.494,1.005,0.7,0,30,73,2.975,0.875,-5.5,1.486,3.583,0.3,0.0,1.5,1.56
1788461304.145,driving,1.516,1.004,0.6,1,31,73,3.025,0.875,-5.4,1.515,3.562,0.3,0.0,1.5,1.56
1788461304.196,driving,1.526,1.004,0.6,1,31,73,3.025,0.875,-5.4,1.505,3.551,0.3,0.0,1.5,1.56
1788461304.251,driving,1.546,1.004,0.6,1,31,73,3.025,0.875,-5.4,1.484,3.531,0.3,0.0,1.5,1.56
1788461304.329,driving,1.557,1.004,0.6,2,32,73,3.075,0.875,-5.4,1.524,3.521,0.3,0.0,1.5,1.56
1788461304.409,driving,1.577,1.005,0.6,2,32,73,3.075,0.875,-5.4,1.504,3.5,0.3,0.0,1.5,1.56
1788461304.474,driving,1.587,1.005,0.6,2,32,73,3.075,0.875,-5.4,1.493,3.49,0.3,0.0,1.5,1.56
1788461304.535,driving,1.608,1.005,0.5,3,33,73,3.125,0.875,-5.3,1.523,3.47,0.3,0.0,1.5,1.56
1788461304.593,driving,1.618,1.006,0.4,3,33,73,3.125,0.875,-5.3,1.513,3.46,0.3,0.0,1.5,1.56
1788461304.646,driving,1.638,1.006,0.4,3,33,73,3.125,0.875,-5.2,1.493,3.439,0.3,0.0,1.5,1.56
1788461304.705,driving,1.648,1.006,0.4,3,33,73,3.125,0.875,-5.3,1.482,3.429,0.3,0.0,1.5,1.56
1788461304.759,driving,1.659,1.006,0.4,4,34,73,3.175,0.875,-5.3,1.522,3.419,0.3,0.0,1.5,1.56
1788461304.816,driving,1.679,1.006,0.4,4,34,73,3.175,0.875,-5.3,1.502,3.399,0.3,0.0,1.5,1.56
1788461304.876,driving,1.689,1.006,0.4,4,34,73,3.175,0.875,-5.3,1.492,3.388,0.3,0.0,1.5,1.56
1788461304.936,driving,1.71,1.006,0.4,5,35,73,3.225,0.875,-5.3,1.521,3.368,0.3,0.0,1.5,1.56
1788461304.996,driving,1.717,1.007,0.6,0,30,68,3.225,0.875,-5.4,1.513,3.36,0.3,0.0,1.5,1.56
1788461305.061,driving,1.729,1.01,1.2,0,30,68,3.225,0.875,-6.1,1.502,3.349,0.3,0.0,1.5,1.56
1788461305.132,driving,1.738,1.011,1.3,0,30,68,3.225,0.875,-6.2,1.493,3.34,0.3,0.0,1.5,1.56
1788461305.201,driving,1.758,1.011,1.3,1,31,68,3.275,0.875,-6.2,1.523,3.32,0.3,0.0,1.5,1.56
1788461305.267,driving,1.768,1.011,1.3,1,31,68,3.275,0.875,-6.2,1.513,3.309,0.3,0.0,1.5,1.56
1788461305.329,driving,1.789,1.012,1.3,1,31,68,3.275,0.875,-6.2,1.493,3.289,0.3,0.0,1.5,1.56
1788461305.387,driving,1.799,1.012,1.3,1,31,68,3.275,0.875,-6.2,1.482,3.279,0.3,0.0,1.5,1.56
1788461305.444,driving,1.819,1.012,1.3,2,32,68,3.325,0.875,-6.2,1.512,3.259,0.3,0.0,1.5,1.56
1788461305.505,driving,1.83,1.013,1.3,2,32,68,3.325,0.875,-6.2,1.502,3.248,0.3,0.0,1.5,1.56
1788461305.572,driving,1.851,1.014,1.3,2,32,68,3.325,0.875,-6.3,1.481,3.227,0.3,0.0,1.5,1.56
1788461305.625,driving,1.861,1.014,1.3,3,33,68,3.375,0.875,-6.3,1.52,3.217,0.3,0.0,1.5,1.56
1788461305.677,driving,1.881,1.014,1.3,3,33,68,3.375,0.875,-6.3,1.5,3.197,0.3,0.0,1.5,1.56
1788461305.729,driving,1.892,1.015,1.3,3,33,68,3.375,0.875,-6.3,1.49,3.186,0.3,0.0,1.5,1.56
1788461305.785,driving,1.902,1.015,1.3,3,33,68,3.375,0.875,-6.3,1.48,3.176,0.3,0.0,1.5,1.56
1788461305.847,driving,1.922,1.015,1.3,4,34,68,3.425,0.875,-6.3,1.509,3.156,0.3,0.0,1.5,1.56
1788461305.919,driving,1.932,1.016,1.3,4,34,68,3.425,0.875,-6.3,1.499,3.146,0.3,0.0,1.5,1.56
1788461305.985,driving,1.952,1.017,1.6,4,34,68,3.425,0.875,-6.6,1.48,3.126,0.3,0.0,1.5,1.56
1788461306.049,driving,1.961,1.018,1.8,0,30,63,3.475,0.875,-6.8,1.521,3.117,0.3,0.0,1.5,1.56
1788461306.108,driving,1.981,1.019,2.0,0,30,63,3.475,0.875,-7.1,1.501,3.098,0.3,0.0,1.5,1.56
1788461306.158,driving,1.991,1.02,2.0,0,30,63,3.475,0.875,-7.1,1.491,3.087,0.3,0.0,1.5,1.56
1788461306.21,driving,2.011,1.02,2.0,1,31,63,3.525,0.875,-7.1,1.521,3.067,0.3,0.0,1.5,1.56
1788461306.264,driving,2.022,1.021,2.0,1,31,63,3.525,0.875,-7.1,1.51,3.057,0.3,0.0,1.5,1.56
1788461306.32,driving,2.042,1.021,2.0,1,31,63,3.525,0.875,-7.1,1.49,3.037,0.3,0.0,1.5,1.56
1788461306.373,driving,2.052,1.022,2.0,2,32,63,3.575,0.875,-7.1,1.53,3.026,0.3,0.0,1.5,1.56
1788461306.428,driving,2.078,1.023,2.0,2,32,63,3.575,0.875,-7.2,1.504,3.001,0.3,0.0,1.5,1.56
1788461306.483,driving,2.092,1.023,2.0,2,32,63,3.575,0.875,-7.2,1.49,2.986,0.3,0.0,1.5,1.56
1788461306.539,driving,2.115,1.024,2.0,3,33,63,3.625,0.875,-7.2,1.517,2.963,0.3,0.0,1.5,1.56
1788461306.593,driving,2.126,1.024,2.0,3,33,63,3.625,0.875,-7.2,1.507,2.953,0.3,0.0,1.5,1.56
1788461306.669,driving,2.146,1.025,2.0,3,33,63,3.625,0.875,-7.2,1.487,2.933,0.3,0.0,1.5,1.56
1788461306.746,driving,2.156,1.025,2.0,4,34,63,3.675,0.875,-7.2,1.526,2.923,0.3,0.0,1.5,1.56
1788461306.816,driving,2.166,1.026,2.0,4,34,63,3.675,0.875,-7.2,1.516,2.912,0.3,0.0,1.5,1.56
1788461306.88,driving,2.187,1.026,2.0,4,34,63,3.675,0.875,-7.3,1.496,2.892,0.3,0.0,1.5,1.56
1788461306.938,driving,2.196,1.026,2.0,4,34,63,3.675,0.875,-7.3,1.487,2.883,0.3,0.0,1.5,1.56
1788461306.993,driving,2.211,1.025,2.0,5,35,63,3.725,0.875,-7.3,1.521,2.868,0.3,0.0,1.5,1.56
1788461307.051,driving,2.221,1.025,2.0,0,30,58,3.725,0.825,-7.3,1.518,2.858,0.3,0.0,1.5,1.56
1788461307.111,driving,2.241,1.026,2.0,0,30,58,3.725,0.825,-7.4,1.498,2.838,0.3,0.0,1.5,1.56
1788461307.168,driving,2.251,1.026,2.0,1,31,58,3.775,0.825,-7.4,1.537,2.828,0.3,0.0,1.5,1.56
1788461307.222,driving,2.272,1.027,2.0,1,31,58,3.775,0.825,-7.5,1.517,2.808,0.3,0.0,1.5,1.56
1788461307.281,driving,2.282,1.028,2.0,1,31,58,3.775,0.825,-7.5,1.507,2.797,0.3,0.0,1.5,1.56
1788461307.34,driving,2.302,1.028,2.0,1,31,58,3.775,0.825,-7.6,1.487,2.777,0.3,0.0,1.5,1.56
1788461307.404,driving,2.32,1.029,1.9,2,32,58,3.825,0.825,-7.5,1.519,2.759,0.3,0.0,1.5,1.56
1788461307.467,driving,2.36,1.031,1.5,3,33,58,3.875,0.825,-7.2,1.529,2.72,0.3,0.0,1.5,1.56
1788461307.537,driving,2.372,1.031,1.5,3,33,58,3.875,0.825,-7.2,1.517,2.708,0.3,0.0,1.5,1.56
1788461307.6,driving,2.392,1.031,1.5,3,33,58,3.875,0.825,-7.3,1.497,2.688,0.3,0.0,1.5,1.56
1788461307.663,driving,2.402,1.032,1.5,3,33,58,3.875,0.825,-7.3,1.487,2.677,0.3,0.0,1.5,1.56
1788461307.72,driving,2.423,1.032,1.5,4,34,58,3.925,0.825,-7.4,1.517,2.657,0.3,0.0,1.5,1.56
1788461307.778,driving,2.433,1.033,1.5,4,34,58,3.925,0.825,-7.4,1.507,2.647,0.3,0.0,1.5,1.56
1788461307.832,driving,2.443,1.033,1.5,4,34,58,3.925,0.825,-7.5,1.497,2.637,0.3,0.0,1.5,1.56
1788461307.887,driving,2.454,1.033,1.3,4,34,58,3.925,0.825,-7.3,1.486,2.626,0.3,0.0,1.5,1.56
1788461307.944,driving,2.455,1.033,1.1,4,34,58,3.925,0.825,-7.2,1.485,2.625,0.3,0.0,1.5,1.56
1788461307.997,driving,2.466,1.033,0.9,5,35,58,3.975,0.825,-7.0,1.523,2.614,0.3,0.0,1.5,1.56
1788461308.057,driving,2.476,1.033,0.9,0,30,53,3.974,0.842,-7.0,1.51,2.603,0.3,0.0,1.5,1.56
1788461308.116,driving,2.497,1.034,0.9,0,30,53,3.974,0.842,-7.1,1.49,2.583,0.3,0.0,1.5,1.56
1788461308.173,driving,2.507,1.034,0.9,1,31,53,4.024,0.84,-7.1,1.53,2.573,0.3,0.0,1.5,1.56
1788461308.236,driving,2.527,1.034,0.9,1,31,53,4.024,0.84,-7.1,1.51,2.553,0.3,0.0,1.5,1.56
1788461308.307,driving,2.538,1.034,0.9,1,31,53,4.024,0.84,-7.2,1.499,2.542,0.3,0.0,1.5,1.56
1788461308.375,driving,2.551,1.029,0.4,1,31,53,4.024,0.84,-6.7,1.485,2.528,0.3,0.0,1.5,1.56
1788461308.433,driving,2.556,1.024,-0.1,2,32,53,4.074,0.838,-6.3,1.53,2.524,0.3,0.0,1.5,1.56
1788461308.488,driving,2.572,1.021,-0.4,2,32,53,4.074,0.838,-6.0,1.513,2.507,0.3,0.0,1.5,1.56
1788461308.543,driving,2.582,1.021,-0.4,2,32,53,4.074,0.838,-6.0,1.503,2.497,0.3,0.0,1.5,1.56
1788461308.599,driving,2.603,1.021,-0.4,3,33,53,4.124,0.836,-6.0,1.533,2.476,0.3,0.0,1.5,1.56
1788461308.65,driving,2.613,1.021,-0.4,3,33,53,4.124,0.836,-6.0,1.522,2.466,0.3,0.0,1.5,1.56
1788461308.705,driving,2.633,1.02,-0.4,3,33,53,4.124,0.836,-6.0,1.502,2.446,0.3,0.0,1.5,1.56
1788461308.756,driving,2.644,1.02,-0.4,3,33,53,4.124,0.836,-6.0,1.492,2.436,0.3,0.0,1.5,1.56
1788461308.811,driving,2.654,1.021,-0.3,4,34,53,4.174,0.834,-6.1,1.531,2.425,0.3,0.0,1.5,1.56
1788461308.865,driving,2.677,1.021,-0.2,4,34,53,4.174,0.834,-6.3,1.509,2.403,0.3,0.0,1.5,1.56
1788461308.919,driving,2.688,1.021,-0.2,4,34,53,4.174,0.834,-6.3,1.498,2.392,0.3,0.0,1.5,1.56
1788461308.974,driving,2.708,1.021,-0.2,5,35,53,4.224,0.832,-6.3,1.528,2.372,0.3,0.0,1.5,1.56
1788461309.035,driving,2.718,1.021,-0.2,5,35,53,4.224,0.832,-6.3,1.518,2.361,0.3,0.0,1.5,1.56
1788461309.101,driving,2.739,1.021,-0.2,0,30,48,4.225,0.775,-6.4,1.507,2.341,0.3,0.0,1.5,1.56
1788461309.161,driving,2.749,1.021,-0.2,0,30,48,4.225,0.775,-6.5,1.497,2.331,0.3,0.0,1.5,1.56
1788461309.22,driving,2.769,1.021,-0.2,1,31,48,4.275,0.775,-6.5,1.526,2.31,0.3,0.0,1.5,1.56
1788461309.273,driving,2.779,1.02,-0.5,1,31,48,4.275,0.775,-6.3,1.516,2.301,0.3,0.0,1.5,1.56
1788461309.328,driving,2.797,1.017,-1.4,1,31,48,4.275,0.775,-5.4,1.498,2.283,0.3,0.0,1.5,1.56
1788461309.385,driving,2.806,1.016,-1.5,2,32,48,4.325,0.775,-5.3,1.538,2.273,0.3,0.0,1.5,1.56
1788461309.437,driving,2.827,1.016,-1.5,2,32,48,4.325,0.775,-5.4,1.517,2.253,0.3,0.0,1.5,1.56
1788461309.491,driving,2.837,1.015,-1.5,2,32,48,4.325,0.775,-5.5,1.507,2.242,0.3,0.0,1.5,1.55
1788461309.542,driving,2.857,1.015,-1.5,3,33,48,4.375,0.775,-5.5,1.536,2.222,0.3,0.0,1.5,1.55
1788461309.598,driving,2.868,1.015,-1.5,3,33,48,4.375,0.775,-5.6,1.526,2.212,0.3,0.0,1.5,1.52
1788461309.651,driving,2.888,1.014,-1.5,3,33,48,4.375,0.775,-5.6,1.506,2.191,0.3,0.0,1.5,1.52
1788461309.706,driving,2.897,1.015,-1.5,3,33,48,4.375,0.775,-5.7,1.498,2.183,0.3,0.0,1.5,1.49
1788461309.762,driving,2.905,1.015,-1.4,4,34,48,4.425,0.775,-5.8,1.539,2.174,0.3,0.0,1.5,1.49
1788461309.826,driving,2.924,1.016,-1.4,4,34,48,4.425,0.775,-5.9,1.52,2.155,0.3,0.0,1.5,1.46
1788461309.886,driving,2.934,1.015,-1.4,4,34,48,4.425,0.775,-5.9,1.51,2.145,0.3,0.0,1.5,1.46
1788461309.946,driving,2.955,1.015,-1.4,5,35,48,4.475,0.775,-6.0,1.539,2.125,0.3,0.0,1.5,1.43
1788461310.003,driving,2.965,1.015,-1.4,5,35,48,4.475,0.775,-6.0,1.529,2.115,0.3,0.0,1.5,1.43
1788461310.057,driving,2.985,1.014,-1.4,5,35,48,4.475,0.775,-6.1,1.509,2.094,0.3,0.0,1.5,1.41
1788461310.111,driving,2.995,1.014,-1.4,0,30,43,4.475,0.725,-6.2,1.507,2.084,0.3,0.0,1.5,1.41
1788461310.166,driving,3.014,1.013,-1.1,1,31,43,4.525,0.725,-6.5,1.538,2.065,0.3,0.0,1.5,1.38
1788461310.219,driving,3.023,1.012,-0.9,1,31,43,4.525,0.725,-6.8,1.529,2.056,0.3,0.0,1.5,1.38
1788461310.273,driving,3.043,1.011,-0.7,1,31,43,4.525,0.725,-7.1,1.51,2.037,0.3,0.0,1.5,1.35
1788461310.327,driving,3.053,1.011,-0.7,2,32,43,4.575,0.725,-7.2,1.549,2.027,0.3,0.0,1.5,1.35
1788461310.385,driving,3.073,1.011,-0.7,2,32,43,4.575,0.725,-7.2,1.529,2.006,0.3,0.0,1.5,1.32
1788461310.437,driving,3.084,1.011,-0.7,2,32,43,4.575,0.725,-7.3,1.519,1.996,0.3,0.0,1.5,1.32
1788461310.493,driving,3.104,1.01,-0.7,3,33,43,4.625,0.725,-7.4,1.548,1.976,0.3,0.0,1.5,1.29
1788461310.548,driving,3.114,1.01,-0.7,3,33,43,4.625,0.725,-7.4,1.538,1.965,0.3,0.0,1.5,1.29
1788461310.615,driving,3.134,1.012,-0.2,3,33,43,4.625,0.725,-8.0,1.519,1.946,0.3,0.0,1.5,1.26
1788461310.675,driving,3.143,1.014,0.2,3,33,43,4.625,0.725,-8.4,1.51,1.937,0.3,0.0,1.5,1.26
1788461310.735,driving,3.153,1.015,0.4,3,33,43,4.625,0.725,-8.7,1.501,1.927,0.3,0.0,1.5,1.24
1788461310.791,driving,3.173,1.015,0.4,4,34,43,4.675,0.725,-8.8,1.53,1.907,0.3,0.0,1.5,1.24
1788461310.844,driving,3.183,1.015,0.4,4,34,43,4.675,0.725,-8.8,1.52,1.897,0.3,0.0,1.5,1.21
1788461310.898,driving,3.204,1.016,0.4,4,34,43,4.675,0.725,-8.9,1.5,1.877,0.3,0.0,1.5,1.21
1788461310.953,driving,3.214,1.016,0.4,5,35,43,4.721,0.745,-8.9,1.531,1.866,0.298,0.0,1.5,1.18
1788461311.006,driving,3.234,1.016,0.4,5,35,43,4.721,0.745,-9.0,1.511,1.846,0.298,0.0,1.5,1.18
1788461311.06,driving,3.242,1.015,0.4,5,35,43,4.721,0.745,-9.1,1.503,1.838,0.295,0.0,1.5,1.15
1788461311.116,driving,3.255,1.012,0.6,1,31,39,4.716,0.748,-9.3,1.485,1.825,0.295,0.0,1.5,1.15
1788461311.169,driving,3.264,1.012,0.6,1,31,39,4.716,0.748,-9.3,1.476,1.816,0.293,0.0,1.5,1.12
1788461311.222,driving,3.284,1.012,0.6,1,31,39,4.716,0.748,-9.4,1.457,1.797,0.293,0.0,1.5,1.12
1788461311.278,driving,3.294,1.012,0.6,1,31,39,4.716,0.748,-9.4,1.447,1.787,0.29,0.0,1.5,1.1
1788461311.335,driving,3.314,1.012,0.6,2,32,39,4.765,0.76,-9.4,1.473,1.767,0.29,0.0,1.5,1.1
1788461311.396,driving,3.323,1.013,0.6,2,32,39,4.765,0.76,-9.5,1.463,1.757,0.288,0.0,1.5,1.07
1788461311.454,driving,3.343,1.013,0.6,2,32,39,4.765,0.76,-9.5,1.444,1.737,0.288,0.0,1.5,1.07
1788461311.518,driving,3.347,1.009,0.0,2,32,39,4.765,0.76,-8.9,1.439,1.733,0.285,0.0,1.5,1.04
1788461311.575,driving,3.352,1.0,-1.3,3,33,39,4.813,0.772,-7.6,1.479,1.728,0.285,0.0,1.5,1.04
1788461311.629,driving,3.361,1.0,-1.4,3,33,39,4.813,0.772,-7.6,1.47,1.718,0.283,0.0,1.5,1.02
1788461311.681,driving,3.371,0.999,-1.4,3,33,39,4.813,0.772,-7.6,1.46,1.709,0.283,0.0,1.5,1.02
1788461311.734,driving,3.39,0.999,-1.4,3,33,39,4.813,0.772,-7.6,1.441,1.689,0.28,0.0,1.5,0.99
1788461311.788,driving,3.4,0.999,-1.4,3,33,39,4.813,0.772,-7.6,1.431,1.68,0.28,0.0,1.5,0.99
1788461311.839,driving,3.419,0.998,-1.4,4,34,39,4.862,0.784,-7.6,1.459,1.661,0.278,0.0,1.5,0.97
1788461311.892,driving,3.428,0.998,-1.4,4,34,39,4.862,0.784,-7.6,1.449,1.651,0.278,0.0,1.5,0.97
1788461311.947,driving,3.453,1.001,-0.9,4,34,39,4.862,0.784,-8.0,1.425,1.627,0.276,0.0,1.5,0.94
1788461311.999,driving,3.467,1.005,-0.5,5,17,39,4.031,0.756,-9.3,0.616,1.613,0.276,0.0,0.6,0.94
1788461312.052,driving,3.49,1.007,-0.1,5,17,39,4.031,0.756,-10.6,0.597,1.591,0.273,0.0,0.6,0.92
1788461312.112,driving,3.499,1.007,-0.1,5,17,39,4.031,0.756,-11.5,0.588,1.581,0.273,0.0,0.6,0.92
1788461312.171,driving,3.518,1.007,-0.1,1,13,34,4.075,0.725,-12.4,0.625,1.563,0.271,0.0,0.6,0.89
1788461312.233,driving,3.527,1.007,-0.1,1,13,34,4.075,0.725,-13.3,0.616,1.554,0.271,0.0,0.6,0.89
1788461312.295,driving,3.546,1.007,-0.1,1,13,34,4.075,0.725,-14.2,0.6,1.535,0.269,0.0,0.6,0.87
1788461312.35,driving,3.555,1.007,-0.1,2,14,34,4.125,0.719,-14.9,0.639,1.526,0.269,0.0,0.6,0.87
1788461312.403,driving,3.573,1.0,-0.5,2,14,34,4.125,0.719,-15.3,0.619,1.507,0.267,0.0,0.6,0.85
1788461312.454,driving,3.583,0.994,-0.7,2,14,34,4.125,0.719,-15.8,0.608,1.497,0.267,0.0,0.6,0.85
1788461312.51,turning,3.601,0.99,-0.8,3,15,34,4.174,0.713,-16.2,0.637,1.479,0.0,-2.4,0.6,0.82
1788461312.561,turning,3.61,0.99,-0.8,3,15,34,4.174,0.713,-16.8,0.629,1.47,0.0,-2.4,0.6,0.82
1788461312.616,turning,3.612,0.99,-1.5,3,15,34,4.174,0.713,-16.7,0.627,1.467,0.0,-2.4,0.6,0.8
1788461312.67,turning,3.612,0.99,-3.2,3,15,34,4.174,0.713,-15.4,0.627,1.467,0.0,-2.4,0.6,0.8
1788461312.726,turning,3.612,0.99,-4.0,3,15,34,4.174,0.713,-15.1,0.627,1.467,0.0,-2.4,0.6,0.8
1788461312.781,turning,3.612,0.99,-5.7,3,15,34,4.174,0.713,-13.8,0.627,1.467,0.0,-2.4,0.6,0.8
1788461312.837,turning,3.61,0.989,-6.5,3,15,34,4.174,0.713,-13.4,0.629,1.47,0.0,-2.4,0.6,0.79
1788461312.892,turning,3.601,0.987,-7.9,3,15,34,4.174,0.713,-12.4,0.636,1.478,0.0,-2.4,0.6,0.79
1788461312.954,turning,3.599,0.986,-8.7,3,15,34,4.174,0.713,-11.9,0.637,1.48,0.0,-2.4,0.6,0.79
1788461313.018,turning,3.599,0.986,-10.4,3,15,34,4.174,0.713,-10.5,0.637,1.48,0.0,-2.4,0.6,0.79
1788461313.08,turning,3.599,0.986,-11.3,3,15,34,4.174,0.713,-9.9,0.637,1.48,0.0,-2.4,0.6,0.79
1788461313.135,driving,3.599,0.986,-13.0,3,15,34,4.174,0.713,-8.4,0.637,1.48,0.262,0.0,0.6,0.79
1788461313.189,driving,3.599,0.986,-13.8,0,12,32,4.132,0.752,-7.7,0.582,1.48,0.262,0.0,0.6,0.8
1788461313.241,driving,3.602,0.985,-14.0,0,12,32,4.132,0.752,-7.7,0.579,1.477,0.262,0.0,0.6,0.8
1788461313.295,driving,3.606,0.984,-14.0,1,13,32,4.179,0.734,-7.8,0.625,1.473,0.263,0.0,0.6,0.8
1788461313.348,driving,3.619,0.981,-14.0,1,13,32,4.179,0.734,-8.0,0.612,1.46,0.263,0.0,0.6,0.8
1788461313.404,driving,3.626,0.981,-13.8,1,13,32,4.179,0.734,-8.2,0.605,1.453,0.262,0.0,0.6,0.8
1788461313.457,driving,3.639,0.981,-13.6,1,13,32,4.179,0.734,-8.7,0.593,1.439,0.262,0.0,0.6,0.8
1788461313.511,driving,3.648,0.979,-13.5,1,13,32,4.179,0.734,-8.8,0.585,1.431,0.261,0.0,0.6,0.79
1788461313.563,driving,3.657,0.977,-13.5,2,14,32,4.225,0.715,-9.0,0.626,1.422,0.261,0.0,0.6,0.79
1788461313.62,driving,3.674,0.973,-13.5,2,14,32,4.225,0.715,-9.1,0.608,1.405,0.261,0.0,0.6,0.78
1788461313.679,driving,3.683,0.971,-13.5,2,14,32,4.225,0.715,-9.3,0.6,1.396,0.261,0.0,0.6,0.78
1788461313.741,driving,3.699,0.964,-13.9,2,14,32,4.225,0.715,-9.1,0.582,1.379,0.261,0.0,0.6,0.78
1788461313.803,driving,3.707,0.959,-14.2,3,15,32,4.271,0.696,-8.9,0.622,1.37,0.261,0.0,0.6,0.78
1788461313.86,driving,3.724,0.953,-14.4,3,15,32,4.271,0.696,-8.8,0.604,1.353,0.262,0.0,0.6,0.79
1788461313.917,driving,3.733,0.951,-14.4,3,15,32,4.271,0.696,-8.9,0.596,1.344,0.262,0.0,0.6,0.79
1788461313.974,driving,3.75,0.946,-14.4,3,15,32,4.271,0.696,-9.1,0.578,1.327,0.3,0.0,0.6,1.21
1788461314.027,driving,3.759,0.944,-14.4,4,16,32,4.325,0.675,-9.2,0.627,1.318,0.3,0.0,0.6,1.21
1788461314.084,driving,3.778,0.939,-14.4,4,16,32,4.325,0.675,-9.3,0.608,1.299,0.3,0.0,0.6,1.2
1788461314.136,driving,3.787,0.937,-14.4,4,16,32,4.325,0.675,-9.4,0.598,1.289,0.3,0.0,0.6,1.2
1788461314.191,driving,3.807,0.931,-14.4,1,12,27,4.375,0.675,-9.5,0.623,1.269,0.3,0.0,0.6,1.2
1788461314.241,driving,3.817,0.929,-14.4,1,12,27,4.375,0.675,-9.5,0.613,1.259,0.3,0.0,0.6,1.2
1788461314.296,driving,3.837,0.929,-14.3,1,12,27,4.375,0.675,-9.7,0.595,1.239,0.299,0.0,0.6,1.19
1788461314.348,driving,3.847,0.93,-14.1,1,12,27,4.375,0.675,-10.0,0.586,1.229,0.299,0.0,0.6,1.19
1788461314.405,driving,3.867,0.927,-14.1,2,13,27,4.425,0.675,-10.1,0.612,1.209,0.298,0.0,0.6,1.18
1788461314.462,driving,3.877,0.924,-14.1,2,13,27,4.425,0.675,-10.1,0.602,1.199,0.298,0.0,0.6,1.18
1788461314.531,driving,3.887,0.922,-14.1,2,13,27,4.425,0.675,-10.1,0.592,1.189,0.297,0.0,0.6,1.17
1788461314.595,driving,3.907,0.917,-14.1,2,13,27,4.425,0.675,-10.2,0.572,1.169,0.297,0.0,0.6,1.17
1788461314.65,driving,3.916,0.915,-14.1,3,14,27,4.475,0.675,-10.1,0.608,1.159,0.296,0.0,0.6,1.16
1788461314.703,driving,3.936,0.91,-14.1,3,14,27,4.475,0.675,-10.1,0.588,1.14,0.296,0.0,0.6,1.16
1788461314.754,driving,3.947,0.909,-14.0,3,14,27,4.475,0.675,-10.2,0.578,1.129,0.296,0.0,0.6,1.15
1788461314.806,driving,3.97,0.908,-13.6,4,15,27,4.525,0.675,-10.4,0.602,1.106,0.296,0.0,0.6,1.15
1788461314.859,driving,3.98,0.907,-13.5,4,15,27,4.525,0.675,-10.4,0.592,1.095,0.295,0.0,0.6,1.15
1788461314.911,driving,4.0,0.902,-13.5,4,15,27,4.525,0.675,-10.4,0.572,1.076,0.295,0.0,0.6,1.15
1788461314.966,driving,4.009,0.9,-13.5,4,15,27,4.525,0.675,-10.4,0.563,1.066,0.294,0.0,0.6,1.14
1788461315.021,driving,4.029,0.895,-13.5,5,26,27,5.075,0.875,-9.8,1.046,1.046,0.294,0.0,1.5,1.14
1788461315.081,driving,4.039,0.893,-13.5,5,26,27,5.075,0.875,-9.3,1.037,1.037,0.293,0.0,1.5,1.13
1788461315.135,driving,4.058,0.888,-13.5,5,26,27,5.075,0.875,-8.7,1.017,1.017,0.293,0.0,1.5,1.13
1788461315.192,driving,4.07,0.885,-13.6,0,11,22,4.575,0.675,-8.6,0.547,1.005,0.293,0.0,0.6,1.12
1788461315.25,driving,4.095,0.879,-13.9,0,11,22,4.575,0.675,-8.4,0.522,0.98,0.293,0.0,0.6,1.12
1788461315.314,driving,4.105,0.877,-13.9,0,11,22,4.575,0.675,-8.5,0.512,0.97,0.292,0.0,0.6,1.11
1788461315.377,driving,4.124,0.872,-13.9,0,11,22,4.575,0.675,-8.5,0.492,0.951,0.292,0.0,0.6,1.11
1788461315.437,driving,4.134,0.869,-13.9,1,21,22,5.075,0.875,-8.0,0.941,0.941,0.291,0.0,1.5,1.1
1788461315.498,driving,4.143,0.867,-13.9,1,21,22,5.075,0.875,-7.4,0.932,0.932,0.291,0.0,1.5,1.1
1788461315.558,driving,4.162,0.862,-13.9,1,21,22,5.075,0.875,-6.9,0.913,0.913,0.29,0.0,1.5,1.1
1788461315.614,driving,4.172,0.86,-13.9,1,21,22,5.075,0.875,-6.3,0.903,0.903,0.29,0.0,1.5,1.1
1788461315.669,driving,4.188,0.854,-14.0,1,21,22,5.075,0.875,-5.7,0.887,0.887,0.29,0.0,1.5,1.09
1788461315.721,driving,4.195,0.851,-14.1,1,21,22,5.075,0.875,-5.1,0.88,0.88,0.29,0.0,1.5,1.09
1788461315.776,driving,4.212,0.845,-14.1,2,21,22,5.075,0.875,-4.5,0.864,0.864,0.289,0.0,1.5,1.08
1788461315.83,driving,4.221,0.843,-14.1,2,21,22,5.075,0.875,-4.0,0.854,0.854,0.289,0.0,1.5,1.08
1788461315.887,driving,4.24,0.838,-14.1,3,21,22,5.075,0.875,-3.5,0.835,0.835,0.288,0.0,1.5,1.07
1788461315.94,driving,4.25,0.835,-14.1,3,21,22,5.075,0.875,-3.0,0.826,0.826,0.288,0.0,1.5,1.07
1788461315.995,driving,4.269,0.831,-14.1,3,21,22,5.075,0.875,-2.5,0.807,0.807,0.287,0.0,1.5,1.06
1788461316.055,driving,4.278,0.828,-14.1,3,21,22,5.075,0.875,-2.0,0.798,0.798,0.287,0.0,1.5,1.06
1788461316.119,driving,4.29,0.831,-14.1,5,21,22,5.075,0.875,-1.6,0.786,0.786,0.286,0.0,1.5,1.06
1788461316.182,driving,4.294,0.835,-14.1,5,21,22,5.075,0.875,-1.1,0.782,0.782,0.286,0.0,1.5,1.06
1788461316.239,driving,4.31,0.834,-14.0,0,15,16,5.075,0.875,-0.7,0.766,0.766,0.286,0.0,1.5,1.05
1788461316.294,driving,4.319,0.831,-14.0,0,15,16,5.075,0.875,-0.3,0.757,0.757,0.286,0.0,1.5,1.05
1788461316.348,driving,4.338,0.827,-14.0,0,15,16,5.075,0.875,0.2,0.738,0.738,0.285,0.0,1.5,1.04
1788461316.404,driving,4.348,0.824,-14.0,0,15,16,5.075,0.875,0.6,0.729,0.729,0.285,0.0,1.5,1.04
1788461316.456,driving,4.357,0.822,-14.0,0,15,16,5.075,0.875,1.0,0.72,0.72,0.284,0.0,1.5,1.03
1788461316.509,driving,4.376,0.817,-14.0,1,15,16,5.075,0.875,1.5,0.702,0.702,0.284,0.0,1.5,1.03
1788461316.561,driving,4.389,0.815,-14.0,1,15,16,5.075,0.875,1.9,0.689,0.689,0.283,0.0,1.5,1.02
1788461316.614,driving,4.422,0.812,-13.7,1,15,16,5.075,0.875,2.1,0.656,0.656,0.283,0.0,1.5,1.02
1788461316.666,driving,4.434,0.81,-13.7,1,15,16,5.075,0.875,2.4,0.644,0.644,0.283,0.0,1.5,1.02
1788461316.72,driving,4.453,0.805,-13.7,1,15,16,5.075,0.875,2.9,0.626,0.626,0.283,0.0,1.5,1.02
1788461316.777,driving,4.462,0.803,-13.7,2,15,16,5.075,0.875,3.3,0.617,0.617,0.282,0.0,1.5,1.01
1788461316.833,driving,4.481,0.798,-13.7,3,15,16,5.075,0.875,3.7,0.599,0.599,0.282,0.0,1.5,1.01
1788461316.904,driving,4.49,0.796,-13.7,3,15,16,5.075,0.875,4.2,0.59,0.59,0.281,0.0,1.5,1.0
1788461316.964,driving,4.509,0.792,-13.7,3,15,16,5.075,0.875,4.6,0.572,0.572,0.281,0.0,1.5,1.0
1788461317.022,driving,4.519,0.787,-13.8,3,15,16,5.075,0.875,5.2,0.563,0.563,0.28,0.0,1.5,0.99
1788461317.076,driving,4.538,0.777,-14.3,4,15,16,5.075,0.875,6.1,0.546,0.546,0.28,0.0,1.5,0.99
1788461317.132,driving,4.547,0.774,-14.3,4,15,16,5.075,0.875,6.6,0.537,0.537,0.28,0.0,1.5,0.98
1788461317.183,driving,4.566,0.769,-14.3,4,15,16,5.075,0.875,7.1,0.52,0.52,0.28,0.0,1.5,0.98
1788461317.236,driving,4.575,0.767,-14.3,6,15,16,5.075,0.875,7.6,0.511,0.511,0.279,0.0,1.5,0.98
1788461317.293,driving,4.594,0.762,-14.3,0,10,11,5.075,0.875,8.1,0.495,0.495,0.279,0.0,1.5,0.98
1788461317.346,driving,4.603,0.76,-14.3,1,10,11,5.075,0.875,8.6,0.486,0.486,0.278,0.0,1.5,0.97
1788461317.402,driving,4.612,0.757,-14.3,1,10,11,5.075,0.875,9.1,0.478,0.478,0.278,0.0,1.5,0.97
1788461317.457,driving,4.628,0.753,-14.5,1,10,11,5.075,0.875,9.8,0.463,0.463,0.277,0.0,1.5,0.96
1788461317.513,driving,4.635,0.752,-14.7,1,10,11,5.075,0.875,10.5,0.457,0.457,0.277,0.0,1.5,0.96
1788461317.571,driving,4.651,0.748,-15.0,2,10,11,5.075,0.875,11.3,0.442,0.442,0.277,0.0,1.5,0.95
1788461317.633,driving,4.661,0.746,-15.0,2,10,11,5.075,0.875,11.8,0.434,0.434,0.277,0.0,1.5,0.95
1788461317.697,driving,4.679,0.741,-15.0,2,10,11,5.075,0.875,12.3,0.418,0.418,0.276,0.0,1.5,0.94
1788461317.756,driving,4.688,0.738,-15.0,2,10,11,5.075,0.875,12.9,0.411,0.411,0.276,0.0,1.5,0.94
1788461317.814,driving,4.706,0.733,-15.0,3,10,11,5.075,0.875,13.4,0.395,0.395,0.275,0.0,1.5,0.94
1788461317.867,driving,4.715,0.731,-15.0,3,10,11,5.075,0.875,14.0,0.388,0.388,0.275,0.0,1.5,0.94
1788461317.924,driving,4.737,0.729,-14.8,3,10,11,5.075,0.875,14.4,0.368,0.368,0.275,0.0,1.5,0.93
1788461317.98,driving,4.749,0.729,-14.6,3,10,11,5.075,0.875,14.8,0.357,0.357,0.268,0.0,1.5,0.93
1788461318.033,driving,4.769,0.727,-14.5,4,10,11,5.075,0.875,15.3,0.34,0.34,0.255,0.0,1.5,0.92
1788461318.086,driving,4.778,0.724,-14.5,4,10,11,5.075,0.875,16.0,0.333,0.333,0.25,0.0,1.5,0.92
1788461318.139,turning,4.795,0.72,-14.5,4,10,11,5.075,0.875,16.7,0.32,0.32,0.0,2.4,1.5,0.91
1788461318.191,turning,4.803,0.718,-14.5,4,10,11,5.075,0.875,17.3,0.314,0.314,0.0,2.4,1.5,0.91
1788461318.245,turning,4.805,0.717,-13.1,4,10,11,5.075,0.875,16.6,0.312,0.312,0.0,2.4,1.5,0.91
1788461318.301,turning,4.805,0.717,-12.2,0,5,6,5.075,0.875,16.5,0.312,0.312,0.0,2.4,1.5,0.91
1788461318.359,turning,4.805,0.718,-11.4,0,5,6,5.075,0.875,16.3,0.312,0.312,0.0,2.4,1.5,0.93
1788461318.424,turning,4.805,0.72,-9.7,0,5,6,5.075,0.875,15.1,0.311,0.311,0.0,2.4,1.5,0.93
1788461318.486,turning,4.805,0.721,-8.8,0,5,6,5.075,0.875,14.9,0.311,0.311,0.0,2.4,1.5,0.97
1788461318.545,turning,4.805,0.721,-7.2,0,5,6,5.075,0.875,13.8,0.311,0.311,0.0,2.4,1.5,0.97
1788461318.603,turning,4.805,0.721,-6.4,0,5,6,5.075,0.875,13.6,0.311,0.311,0.0,2.4,1.5,1.0
1788461318.654,turning,4.805,0.721,-4.7,0,5,6,5.075,0.875,12.5,0.311,0.311,0.0,2.4,1.5,1.0
1788461318.71,turning,4.805,0.721,-3.9,0,5,6,5.075,0.875,12.2,0.311,0.311,0.0,2.4,1.5,1.05
1788461318.764,driving,4.805,0.721,-2.3,0,5,6,5.075,0.875,11.1,0.311,0.311,0.233,0.0,1.5,1.05
1788461318.824,driving,4.805,0.721,-1.5,0,5,6,5.075,0.875,10.8,0.311,0.311,0.233,0.0,1.5,1.1
1788461318.878,driving,4.808,0.721,-1.4,0,5,6,5.075,0.875,11.2,0.308,0.308,0.231,0.0,1.5,1.1
1788461318.933,driving,4.812,0.72,-1.4,0,5,6,5.075,0.875,11.8,0.305,0.305,0.229,0.0,1.5,1.11
1788461318.986,driving,4.826,0.72,-1.4,0,5,6,5.075,0.875,12.3,0.293,0.293,0.22,0.0,1.5,1.11
1788461319.041,driving,4.836,0.717,-1.2,0,5,6,5.075,0.875,12.7,0.286,0.286,0.22,0.0,1.5,1.11
1788461319.102,driving,4.857,0.709,-0.7,0,5,6,5.075,0.875,12.9,0.274,0.274,0.22,0.0,1.5,1.11
1788461319.165,driving,4.865,0.709,-0.7,1,5,6,5.075,0.875,13.5,0.268,0.268,0.22,0.0,1.5,1.11
1788461319.224,driving,4.88,0.708,-0.7,1,5,6,5.075,0.875,14.2,0.256,0.256,0.22,0.0,1.5,1.11
1788461319.289,driving,4.888,0.708,-0.7,1,5,6,5.075,0.875,14.9,0.251,0.251,0.22,0.0,1.5,1.11
1788461319.346,driving,4.895,0.708,-0.7,0,4,5,5.075,0.875,15.6,0.245,0.245,0.22,0.0,1.5,1.11
1788461319.405,turning,4.91,0.708,-0.7,0,4,5,5.075,0.875,16.3,0.235,0.235,0.0,2.4,1.5,1.11
1788461319.457,turning,4.918,0.708,-0.7,1,4,5,5.075,0.875,17.1,0.23,0.23,0.0,2.4,1.5,1.11
1788461319.513,turning,4.919,0.708,0.8,1,4,5,5.075,0.875,16.3,0.229,0.229,0.0,2.4,1.5,1.11
1788461319.567,turning,4.919,0.708,1.6,1,4,5,5.075,0.875,16.2,0.229,0.229,0.0,2.4,1.5,1.11
1788461319.624,turning,4.919,0.708,3.3,1,4,5,5.075,0.875,15.3,0.229,0.229,0.0,2.4,1.5,1.17
1788461319.676,turning,4.919,0.708,4.1,1,4,5,5.075,0.875,15.2,0.229,0.229,0.0,2.4,1.5,1.17
1788461319.737,turning,4.919,0.708,5.7,1,4,5,5.075,0.875,14.3,0.229,0.229,0.0,2.4,1.5,1.24
1788461319.816,turning,4.919,0.708,6.5,1,4,5,5.075,0.875,14.1,0.229,0.229,0.0,2.4,1.5,1.24
1788461319.893,turning,4.919,0.708,8.2,1,4,5,5.075,0.875,13.1,0.229,0.229,0.0,2.4,1.5,1.32
1788461319.981,turning,4.919,0.708,9.0,1,4,5,5.075,0.875,12.9,0.229,0.229,0.0,2.4,1.5,1.32
1788461320.055,driving,4.928,0.705,10.5,1,4,5,5.075,0.875,12.1,0.224,0.224,0.22,0.0,1.5,1.41
1788461320.119,driving,4.935,0.703,11.2,1,4,5,5.075,0.875,12.1,0.221,0.221,0.22,0.0,1.5,1.41
1788461320.179,driving,4.943,0.703,11.2,1,4,5,5.075,0.875,12.8,0.217,0.217,0.22,0.0,1.5,1.5
1788461320.232,driving,4.947,0.704,11.2,1,4,5,5.075,0.875,13.5,0.214,0.214,0.22,0.0,1.5,1.5
1788461320.29,driving,4.96,0.706,11.2,1,4,5,5.075,0.875,14.3,0.204,0.204,0.22,0.0,1.5,1.5
1788461320.343,driving,4.967,0.708,11.2,0,3,4,5.075,0.875,15.1,0.199,0.199,0.22,0.0,1.5,1.5
1788461320.399,driving,4.975,0.71,11.2,0,3,4,5.075,0.875,15.9,0.193,0.193,0.22,0.0,1.5,1.51
1788461320.453,turning,4.99,0.717,11.0,0,3,4,5.075,0.875,17.0,0.179,0.179,0.0,2.4,1.5,1.51
1788461320.509,turning,4.998,0.72,10.9,0,3,4,5.075,0.875,17.9,0.174,0.174,0.0,2.4,1.5,1.52
1788461320.562,turning,5.0,0.72,12.3,0,3,4,5.075,0.875,17.4,0.172,0.172,0.0,2.4,1.5,1.52
1788461320.616,turning,5.0,0.72,13.1,0,3,4,5.075,0.875,17.5,0.172,0.172,0.0,2.4,1.5,1.58
1788461320.616,turning,5.0,0.72,13.1,0,3,4,5.075,0.875,18.3,0.172,0.172,0.0,2.4,1.5,1.58
1788461320.73,turning,5.0,0.72,15.5,0,3,4,5.075,0.875,16.6,0.172,0.172,0.0,2.4,1.5,1.72
1788461320.793,turning,5.0,0.72,17.2,0,3,4,5.075,0.875,15.8,0.172,0.172,0.0,2.4,1.5,1.72
1788461320.858,turning,5.0,0.72,18.0,0,3,4,5.075,0.875,15.8,0.172,0.172,0.0,2.4,1.5,1.89
1788461320.918,turning,5.0,0.72,19.6,0,3,4,5.075,0.875,14.9,0.172,0.172,0.0,2.4,1.5,1.89
1788461320.974,turning,5.0,0.72,20.5,0,3,4,5.075,0.875,14.8,0.172,0.172,0.0,2.4,1.5,2.1
1788461321.028,turning,5.0,0.72,22.1,0,3,4,5.075,0.875,13.9,0.172,0.172,0.0,2.4,1.5,2.1
1788461321.082,driving,5.008,0.721,22.9,0,3,4,5.075,0.875,13.8,0.168,0.168,0.22,0.0,1.5,2.16
1788461321.137,driving,5.028,0.723,24.1,0,3,4,5.075,0.875,13.5,0.159,0.159,0.22,0.0,1.5,2.16
1788461321.192,driving,5.031,0.724,24.1,0,3,4,5.075,0.875,14.4,0.157,0.157,0.22,0.0,1.5,2.16
1788461322.762,turning,5.124,0.757,24.7,0,22,30,6.175,1.875,22.1,1.535,1.929,0.0,2.4,1.5,2.09
1788461322.817,turning,5.124,0.757,24.7,0,22,30,6.175,1.875,22.1,1.535,1.929,0.0,2.4,1.5,2.09
1788461322.869,turning,5.124,0.757,26.3,0,22,30,6.175,1.875,20.5,1.535,1.929,0.0,2.4,1.5,2.09
1788461322.924,turning,5.124,0.757,27.1,0,22,30,6.175,1.875,19.7,1.535,1.929,0.0,2.4,1.5,2.09
1788461322.975,turning,5.124,0.757,28.7,0,22,30,6.175,1.875,18.1,1.535,1.929,0.0,2.4,1.5,2.09
1788461323.03,turning,5.124,0.757,29.5,0,22,30,6.175,1.875,17.2,1.535,1.929,0.0,2.4,1.5,2.09
1788461323.094,turning,5.124,0.757,31.2,0,22,30,6.175,1.875,15.6,1.535,1.929,0.0,2.4,1.5,2.09
1788461323.151,turning,5.124,0.757,32.0,0,22,30,6.175,1.875,14.8,1.535,1.929,0.0,2.4,1.5,2.09
1788461323.213,turning,5.124,0.757,32.8,0,22,30,6.175,1.875,14.0,1.535,1.929,0.0,2.4,1.5,2.09
1788461323.269,turning,5.124,0.757,34.4,0,22,30,6.175,1.875,12.3,1.535,1.929,0.0,2.4,1.5,2.09
1788461323.321,turning,5.124,0.757,35.3,0,22,30,6.175,1.875,11.5,1.535,1.929,0.0,2.4,1.5,2.09
1788461323.379,turning,5.115,0.755,36.8,0,22,30,6.175,1.875,10.0,1.542,1.936,0.0,2.4,1.5,2.09
1788461323.429,turning,5.107,0.753,37.5,0,22,30,6.175,1.875,9.2,1.549,1.943,0.0,2.4,1.5,2.09
1788461323.483,turning,5.1,0.751,39.1,0,22,30,6.175,1.875,7.7,1.555,1.949,0.0,2.4,1.5,2.09
1788461323.535,turning,5.1,0.751,39.9,0,22,30,6.175,1.875,6.8,1.555,1.949,0.0,2.4,1.5,2.09
1788461323.592,driving,5.1,0.751,41.5,0,22,30,6.175,1.875,5.2,1.555,1.949,0.3,0.0,1.5,2.09
1788461323.645,driving,5.1,0.751,42.3,0,22,30,6.175,1.875,4.4,1.555,1.949,0.3,0.0,1.5,2.09
1788461323.7,driving,5.108,0.754,42.6,0,22,30,6.175,1.875,4.1,1.547,1.941,0.3,0.0,1.5,2.1
1788461323.752,driving,5.115,0.758,42.6,0,22,30,6.175,1.875,4.1,1.54,1.934,0.3,0.0,1.5,2.1
1788461323.813,driving,5.128,0.768,42.7,0,22,30,6.175,1.875,4.0,1.524,1.918,0.3,0.0,1.5,2.09
1788461323.878,driving,5.135,0.774,42.7,0,22,30,6.175,1.875,4.0,1.515,1.909,0.3,0.0,1.5,2.09
1788461323.941,driving,5.15,0.788,42.7,0,22,30,6.175,1.875,4.0,1.494,1.888,0.3,0.0,1.5,2.07
1788461324.0,driving,5.157,0.795,42.7,1,23,30,6.225,1.925,4.0,1.555,1.878,0.3,0.0,1.5,2.07
1788461324.054,driving,5.183,0.809,42.4,1,23,30,6.225,1.925,4.3,1.527,1.851,0.3,0.0,1.5,2.05
1788461324.108,driving,5.198,0.816,42.1,1,23,30,6.225,1.925,4.6,1.511,1.836,0.3,0.0,1.5,2.05
1788461324.16,driving,5.209,0.823,42.0,1,23,30,6.225,1.925,4.7,1.498,1.823,0.3,0.0,1.5,2.02
1788461324.213,driving,5.225,0.837,42.0,2,24,30,6.244,1.971,4.8,1.525,1.803,0.3,0.0,1.5,2.02
1788461324.268,driving,5.232,0.844,42.0,2,24,30,6.244,1.971,4.8,1.515,1.793,0.3,0.0,1.5,2.0
1788461324.319,driving,5.247,0.857,42.0,2,24,30,6.244,1.971,4.8,1.494,1.773,0.3,0.0,1.5,2.0
1788461324.372,driving,5.255,0.864,42.0,2,24,30,6.244,1.971,4.9,1.484,1.762,0.3,0.0,1.5,1.98
1788461324.426,driving,5.27,0.878,42.0,2,24,30,6.244,1.971,4.9,1.464,1.742,0.3,0.0,1.5,1.98
1788461324.483,driving,5.278,0.885,42.0,3,26,30,6.281,2.064,5.0,1.548,1.732,0.3,0.0,1.5,1.96
1788461324.537,driving,5.293,0.898,42.0,3,26,30,6.281,2.064,5.0,1.528,1.712,0.3,0.0,1.5,1.96
1788461324.599,driving,5.3,0.905,42.0,3,26,30,6.281,2.064,5.1,1.518,1.702,0.3,0.0,1.5,1.93
1788461324.658,driving,5.316,0.919,42.0,3,26,30,6.281,2.064,5.2,1.498,1.682,0.3,0.0,1.5,1.93
1788461324.721,driving,5.323,0.926,42.0,3,26,30,6.281,2.064,5.2,1.488,1.672,0.3,0.0,1.5,1.91
1788461324.782,driving,5.338,0.939,42.0,4,27,30,6.299,2.111,5.3,1.515,1.652,0.3,0.0,1.5,1.91
1788461324.836,driving,5.344,0.944,41.8,1,26,28,6.325,2.175,5.6,1.574,1.644,0.3,0.0,1.5,1.89
1788461324.889,driving,5.355,0.952,41.5,1,26,28,6.325,2.175,6.1,1.561,1.631,0.3,0.0,1.5,1.89
1788461324.945,driving,5.362,0.959,41.4,1,26,28,6.325,2.175,6.2,1.551,1.621,0.3,0.0,1.5,1.87
1788461324.997,driving,5.378,0.972,41.4,1,26,28,6.325,2.175,6.3,1.531,1.601,0.3,0.0,1.5,1.87
1788461325.048,driving,5.385,0.979,41.4,2,26,28,6.325,2.175,6.4,1.521,1.591,0.3,0.0,1.5,1.84
1788461325.104,driving,5.393,0.986,41.4,2,26,28,6.325,2.175,6.5,1.511,1.581,0.3,0.0,1.5,1.84
1788461325.161,driving,5.408,0.999,41.4,2,26,28,6.325,2.175,6.6,1.491,1.561,0.3,0.0,1.5,1.82
1788461325.214,driving,5.416,1.006,41.4,2,26,28,6.325,2.175,6.7,1.481,1.551,0.3,0.0,1.5,1.82
1788461325.271,driving,5.431,1.019,41.4,2,26,28,6.325,2.175,6.8,1.461,1.531,0.3,0.0,1.5,1.8
1788461325.327,driving,5.439,1.026,41.4,3,27,28,6.375,2.225,6.9,1.521,1.521,0.3,0.0,1.5,1.8
1788461325.394,driving,5.459,1.043,41.3,3,27,28,6.375,2.225,7.1,1.495,1.495,0.3,0.0,1.5,1.78
1788461325.455,driving,5.47,1.053,41.2,3,27,28,6.375,2.225,7.3,1.48,1.48,0.3,0.0,1.5,1.78
1788461325.519,driving,5.489,1.07,41.1,4,27,28,6.375,2.225,7.5,1.456,1.456,0.3,0.0,1.5,1.75
1788461325.574,driving,5.496,1.076,41.1,4,27,28,6.375,2.225,7.6,1.446,1.446,0.3,0.0,1.5,1.75
1788461325.631,driving,5.512,1.09,41.1,4,27,28,6.375,2.225,7.7,1.426,1.426,0.3,0.0,1.5,1.73
1788461325.686,driving,5.519,1.096,41.1,4,27,28,6.375,2.225,7.8,1.416,1.416,0.3,0.0,1.5,1.73
1788461325.74,driving,5.535,1.11,41.1,4,27,28,6.375,2.225,7.9,1.396,1.396,0.3,0.0,1.5,1.71
1788461325.795,driving,5.543,1.116,41.1,5,27,28,6.375,2.225,8.0,1.386,1.386,0.3,0.0,1.5,1.71
1788461325.851,driving,5.558,1.13,41.1,0,22,23,6.375,2.225,8.1,1.366,1.366,0.3,0.0,1.5,1.69
1788461325.903,driving,5.566,1.137,41.1,0,22,23,6.375,2.225,8.2,1.356,1.356,0.3,0.0,1.5,1.69
1788461325.957,driving,5.588,1.151,40.9,1,22,23,6.375,2.225,8.6,1.332,1.332,0.3,0.0,1.5,1.67
1788461326.011,driving,5.6,1.158,40.7,1,22,23,6.375,2.225,8.9,1.319,1.319,0.3,0.0,1.5,1.67
1788461326.067,driving,5.61,1.165,40.6,1,22,23,6.375,2.225,9.1,1.307,1.307,0.3,0.0,1.5,1.64
1788461326.123,driving,5.626,1.178,40.6,1,22,23,6.375,2.225,9.2,1.288,1.288,0.3,0.0,1.5,1.64
1788461326.186,driving,5.633,1.185,40.6,2,22,23,6.375,2.225,9.3,1.278,1.278,0.3,0.0,1.5,1.62
1788461326.246,driving,5.649,1.198,40.6,2,22,23,6.375,2.225,9.4,1.258,1.258,0.3,0.0,1.5,1.62
1788461326.308,driving,5.657,1.204,40.6,2,22,23,6.375,2.225,9.5,1.248,1.248,0.3,0.0,1.5,1.6
1788461326.364,driving,5.672,1.218,40.6,2,22,23,6.375,2.225,9.7,1.228,1.228,0.3,0.0,1.5,1.6
1788461326.417,driving,5.68,1.224,40.6,3,22,23,6.375,2.225,9.8,1.218,1.218,0.3,0.0,1.5,1.58
1788461326.471,driving,5.695,1.238,40.6,3,22,23,6.375,2.225,9.9,1.199,1.199,0.3,0.0,1.5,1.58
1788461326.523,driving,5.704,1.245,40.5,3,22,23,6.375,2.225,10.1,1.188,1.188,0.3,0.0,1.5,1.55
1788461326.578,driving,5.723,1.259,40.4,3,22,23,6.375,2.225,10.4,1.166,1.166,0.3,0.0,1.5,1.55
1788461326.632,driving,5.731,1.265,40.3,3,22,23,6.375,2.225,10.6,1.156,1.156,0.3,0.0,1.5,1.53
1788461326.687,driving,5.747,1.279,40.3,4,22,23,6.375,2.225,10.7,1.136,1.136,0.3,0.0,1.5,1.53
1788461326.738,driving,5.754,1.285,40.3,4,22,23,6.375,2.225,10.8,1.126,1.126,0.3,0.0,1.5,1.51
1788461326.793,driving,5.77,1.298,40.3,4,22,23,6.375,2.225,11.0,1.107,1.107,0.3,0.0,1.5,1.51
1788461326.848,driving,5.778,1.305,40.3,4,22,23,6.375,2.225,11.1,1.097,1.097,0.3,0.0,1.5,1.49
1788461326.903,driving,5.793,1.318,40.3,0,20,21,6.375,2.225,11.3,1.077,1.077,0.3,0.0,1.5,1.49
1788461326.963,driving,5.801,1.325,40.3,0,20,21,6.375,2.225,11.4,1.068,1.068,0.3,0.0,1.5,1.46
1788461327.023,driving,5.809,1.331,40.3,0,20,21,6.375,2.225,11.6,1.058,1.058,0.3,0.0,1.5,1.46
1788461327.089,driving,5.824,1.347,40.2,1,20,21,6.375,2.225,11.8,1.037,1.037,0.3,0.0,1.5,1.44
1788461327.145,driving,5.831,1.356,40.1,1,20,21,6.375,2.225,12.0,1.025,1.025,0.3,0.0,1.5,1.44
1788461327.203,driving,5.846,1.372,40.0,1,20,21,6.375,2.225,12.3,1.004,1.004,0.3,0.0,1.5,1.42
1788461327.255,driving,5.854,1.378,40.0,2,20,21,6.375,2.225,12.4,0.994,0.994,0.3,0.0,1.5,1.42
1788461327.312,driving,5.869,1.392,40.0,2,20,21,6.375,2.225,12.6,0.975,0.975,0.3,0.0,1.5,1.4
1788461327.364,driving,5.877,1.398,40.0,2,20,21,6.375,2.225,12.7,0.965,0.965,0.3,0.0,1.5,1.4
1788461327.42,driving,5.893,1.411,40.0,3,20,21,6.375,2.225,12.9,0.946,0.946,0.3,0.0,1.5,1.37
1788461327.473,driving,5.9,1.418,40.0,3,20,21,6.375,2.225,13.1,0.936,0.936,0.3,0.0,1.5,1.37
1788461327.531,driving,5.916,1.431,40.0,3,20,21,6.375,2.225,13.2,0.917,0.917,0.3,0.0,1.5,1.35
1788461327.585,driving,5.924,1.438,40.0,3,20,21,6.375,2.225,13.4,0.908,0.908,0.3,0.0,1.5,1.35
1788461327.641,driving,5.941,1.454,40.1,4,20,21,6.375,2.225,13.5,0.885,0.885,0.3,0.0,1.5,1.33
1788461327.703,driving,5.95,1.463,40.2,4,20,21,6.375,2.225,13.7,0.873,0.873,0.3,0.0,1.5,1.33
1788461327.77,driving,5.966,1.477,40.2,4,20,21,6.375,2.225,13.8,0.852,0.852,0.3,0.0,1.5,1.31
1788461327.837,driving,5.974,1.484,40.2,5,20,21,6.375,2.225,14.0,0.843,0.843,0.3,0.0,1.5,1.31
1788461327.907,driving,5.989,1.497,40.2,1,16,17,6.375,2.225,14.2,0.824,0.824,0.3,0.0,1.5,1.28
1788461327.967,driving,5.997,1.504,40.2,1,16,17,6.375,2.225,14.4,0.814,0.814,0.3,0.0,1.5,1.28
1788461328.024,driving,6.005,1.51,40.2,1,16,17,6.375,2.225,14.6,0.805,0.805,0.3,0.0,1.5,1.26
1788461328.079,driving,6.021,1.524,40.2,1,16,17,6.375,2.225,14.8,0.786,0.786,0.3,0.0,1.5,1.26
1788461328.133,driving,6.028,1.53,40.2,2,16,17,6.375,2.225,15.0,0.777,0.777,0.3,0.0,1.5,1.24
1788461328.189,driving,6.044,1.543,40.2,2,16,17,6.375,2.225,15.2,0.758,0.758,0.3,0.0,1.5,1.24
1788461328.246,driving,6.047,1.548,40.2,2,16,17,6.375,2.225,15.4,0.752,0.752,0.3,0.0,1.5,1.22
1788461328.305,driving,6.046,1.556,40.4,2,16,17,6.375,2.225,15.4,0.745,0.745,0.3,0.0,1.5,1.22
1788461328.363,driving,6.051,1.562,40.4,2,16,17,6.375,2.225,15.6,0.738,0.738,0.299,0.0,1.5,1.19
1788461328.422,driving,6.067,1.575,40.4,2,16,17,6.375,2.225,15.8,0.719,0.719,0.299,0.0,1.5,1.19
1788461328.481,turning,6.074,1.582,40.4,3,16,17,6.375,2.225,16.0,0.71,0.71,0.0,2.4,1.5,1.17
1788461328.541,turning,6.083,1.589,41.1,3,16,17,6.375,2.225,15.6,0.699,0.699,0.0,2.4,1.5,1.17
1788461328.605,turning,6.083,1.589,41.9,3,16,17,6.375,2.225,15.0,0.699,0.699,0.0,2.4,1.5,1.15
1788461328.674,turning,6.083,1.589,43.6,3,16,17,6.375,2.225,13.5,0.699,0.699,0.0,2.4,1.5,1.15
1788461328.732,turning,6.083,1.589,44.4,3,16,17,6.375,2.225,12.9,0.699,0.699,0.0,2.4,1.5,1.16
1788461328.787,turning,6.083,1.589,46.0,3,16,17,6.375,2.225,11.5,0.699,0.699,0.0,2.4,1.5,1.16
1788461328.841,turning,6.085,1.593,47.4,3,16,17,6.375,2.225,10.2,0.695,0.695,0.0,2.4,1.5,1.16
1788461328.895,driving,6.086,1.602,50.5,1,14,15,6.375,2.225,7.4,0.686,0.686,0.296,0.0,1.5,1.16
1788461328.948,driving,6.086,1.603,51.3,1,14,15,6.375,2.225,6.7,0.686,0.686,0.297,0.0,1.5,1.17
1788461329.0,driving,6.087,1.603,51.5,1,14,15,6.375,2.225,6.7,0.686,0.686,0.297,0.0,1.5,1.17
1788461329.054,driving,6.091,1.608,51.5,1,14,15,6.375,2.225,6.9,0.68,0.68,0.3,0.0,1.5,1.61
1788461329.105,driving,6.094,1.612,51.5,1,14,15,6.375,2.225,7.0,0.674,0.674,0.3,0.0,1.5,1.61
1788461329.158,driving,6.104,1.625,51.5,1,14,15,6.375,2.225,7.2,0.658,0.658,0.3,0.0,1.5,1.59
1788461329.211,driving,6.111,1.633,51.5,1,14,15,6.375,2.225,7.4,0.648,0.648,0.3,0.0,1.5,1.59
1788461329.267,driving,6.123,1.649,51.5,2,14,15,6.375,2.225,7.6,0.628,0.628,0.3,0.0,1.5,1.56
1788461329.326,driving,6.13,1.657,51.5,2,14,15,6.375,2.225,7.8,0.618,0.618,0.3,0.0,1.5,1.56
1788461329.39,driving,6.151,1.676,51.6,2,14,15,6.375,2.225,7.9,0.592,0.592,0.3,0.0,1.5,1.52
1788461329.447,driving,6.165,1.687,51.6,3,14,15,6.375,2.225,8.1,0.577,0.577,0.3,0.0,1.5,1.52
1788461329.509,driving,6.184,1.705,51.7,3,14,15,6.375,2.225,8.3,0.554,0.554,0.3,0.0,1.5,1.49
1788461329.561,driving,6.19,1.713,51.7,3,14,15,6.375,2.225,8.6,0.544,0.544,0.3,0.0,1.5,1.49
1788461329.616,driving,6.203,1.729,51.7,4,14,15,6.375,2.225,8.8,0.525,0.525,0.3,0.0,1.5,1.46
1788461329.67,driving,6.209,1.737,51.7,4,14,15,6.375,2.225,9.1,0.515,0.515,0.3,0.0,1.5,1.46
1788461329.723,driving,6.222,1.753,51.7,4,14,15,6.375,2.225,9.4,0.496,0.496,0.3,0.0,1.5,1.44
1788461329.777,driving,6.228,1.761,51.7,5,14,15,6.375,2.225,9.7,0.487,0.487,0.3,0.0,1.5,1.44
1788461329.833,driving,6.241,1.777,51.7,5,14,15,6.375,2.225,9.9,0.468,0.468,0.3,0.0,1.5,1.41
1788461329.888,driving,6.247,1.785,51.7,5,14,15,6.375,2.225,10.2,0.458,0.458,0.3,0.0,1.5,1.41
1788461329.945,driving,6.253,1.793,51.7,0,9,10,6.375,2.225,10.6,0.449,0.449,0.3,0.0,1.5,1.38
1788461329.999,driving,6.266,1.809,51.7,1,9,10,6.375,2.225,10.9,0.43,0.43,0.3,0.0,1.5,1.38
1788461330.059,driving,6.275,1.818,51.6,1,9,10,6.375,2.225,11.3,0.419,0.419,0.3,0.0,1.5,1.34
1788461330.119,driving,6.3,1.837,51.2,1,9,10,6.375,2.225,12.1,0.395,0.395,0.297,0.0,1.5,1.34
1788461330.184,driving,6.309,1.845,51.1,2,9,10,6.375,2.225,12.6,0.385,0.385,0.289,0.0,1.5,1.31
1788461330.246,driving,6.321,1.861,51.1,2,9,10,6.375,2.225,13.0,0.368,0.368,0.276,0.0,1.5,1.31
1788461330.302,driving,6.328,1.869,51.1,2,9,10,6.375,2.225,13.5,0.36,0.36,0.27,0.0,1.5,1.29
1788461330.356,driving,6.339,1.883,51.1,2,9,10,6.375,2.225,14.0,0.344,0.344,0.258,0.0,1.5,1.29
1788461330.411,driving,6.345,1.89,51.1,3,9,10,6.375,2.225,14.5,0.336,0.336,0.252,0.0,1.5,1.26
1788461330.465,driving,6.356,1.904,51.1,3,9,10,6.375,2.225,15.0,0.322,0.322,0.241,0.0,1.5,1.26
1788461330.523,driving,6.361,1.91,51.1,3,9,10,6.375,2.225,15.5,0.315,0.315,0.236,0.0,1.5,1.24
1788461330.579,turning,6.372,1.923,51.1,3,9,10,6.375,2.225,16.1,0.302,0.302,0.0,2.4,1.5,1.24
1788461330.632,turning,6.382,1.931,50.6,4,9,10,6.375,2.225,17.1,0.294,0.294,0.0,2.4,1.5,1.21
1788461330.683,turning,6.392,1.936,51.1,4,9,10,6.375,2.225,17.3,0.289,0.289,0.0,2.4,1.5,1.21
1788461330.735,turning,6.393,1.937,51.9,4,9,10,6.375,2.225,17.2,0.289,0.289,0.0,2.4,1.5,1.2
1788461330.788,turning,6.393,1.937,53.5,4,9,10,6.375,2.225,16.1,0.289,0.289,0.0,2.4,1.5,1.2
1788461330.849,turning,6.393,1.937,54.3,4,9,10,6.375,2.225,15.9,0.289,0.289,0.0,2.4,1.5,1.2
1788461330.91,turning,6.393,1.937,55.1,4,9,10,6.375,2.225,15.7,0.289,0.289,0.0,2.4,1.5,1.2
1788461330.972,turning,6.393,1.937,56.8,0,6,7,6.375,2.225,14.6,0.289,0.289,0.0,2.4,1.5,1.2
1788461331.028,turning,6.393,1.937,57.6,0,6,7,6.375,2.225,14.3,0.289,0.289,0.0,2.4,1.5,1.2
1788461331.085,turning,6.393,1.937,59.2,0,6,7,6.375,2.225,13.2,0.289,0.289,0.0,2.4,1.5,1.21
1788461331.14,turning,6.393,1.937,60.0,0,6,7,6.375,2.225,12.9,0.289,0.289,0.0,2.4,1.5,1.21
1788461331.196,turning,6.393,1.937,61.7,0,6,7,6.375,2.225,11.8,0.289,0.289,0.0,2.4,1.5,1.21
1788461331.25,driving,6.393,1.937,62.5,0,6,7,6.375,2.225,11.5,0.289,0.289,0.22,0.0,1.5,1.21
1788461331.305,driving,6.393,1.937,63.4,0,6,7,6.375,2.225,11.0,0.288,0.288,0.22,0.0,1.5,1.21
1788461331.356,driving,6.394,1.939,63.4,0,6,7,6.375,2.225,11.5,0.286,0.286,0.22,0.0,1.5,1.21
1788461331.412,driving,6.405,1.946,63.2,0,6,7,6.375,2.225,12.3,0.281,0.281,0.22,0.0,1.5,1.2
1788461331.466,driving,6.414,1.951,63.0,1,6,7,6.375,2.225,13.0,0.277,0.277,0.22,0.0,1.5,1.2
1788461331.52,driving,6.425,1.963,62.8,1,6,7,6.375,2.225,13.8,0.267,0.267,0.22,0.0,1.5,1.19
1788461331.581,driving,6.428,1.97,62.8,1,6,7,6.375,2.225,14.4,0.261,0.261,0.22,0.0,1.5,1.19
1788461331.644,driving,6.435,1.983,62.8,1,6,7,6.375,2.225,15.0,0.249,0.249,0.22,0.0,1.5,1.16
1788461331.705,driving,6.438,1.99,62.8,1,6,7,6.375,2.225,15.7,0.244,0.244,0.22,0.0,1.5,1.16
1788461331.767,turning,6.449,2.002,62.8,2,6,7,6.375,2.225,16.5,0.234,0.234,0.0,2.4,1.5,1.14
1788461331.82,turning,6.454,2.009,62.8,2,6,7,6.375,2.225,17.3,0.23,0.23,0.0,2.4,1.5,1.14
1788461331.872,turning,6.457,2.01,63.4,2,6,7,6.375,2.225,17.4,0.23,0.23,0.0,2.4,1.5,1.12
1788461331.924,turning,6.457,2.01,65.0,2,6,7,6.375,2.225,16.5,0.23,0.23,0.0,2.4,1.5,1.12
1788461331.979,turning,6.457,2.01,65.8,0,4,5,6.375,2.225,16.4,0.23,0.23,0.0,2.4,1.5,1.12
1788461332.03,turning,6.457,2.01,67.5,0,4,5,6.375,2.225,15.5,0.23,0.23,0.0,2.4,1.5,1.12
1788461332.09,turning,6.457,2.01,68.3,0,4,5,6.375,2.225,15.4,0.23,0.23,0.0,2.4,1.5,1.12
1788461332.145,turning,6.457,2.01,69.9,0,4,5,6.375,2.225,14.4,0.23,0.23,0.0,2.4,1.5,1.12
1788461332.198,turning,6.457,2.01,70.7,0,4,5,6.375,2.225,14.3,0.23,0.23,0.0,2.4,1.5,1.12
1788461332.25,turning,6.457,2.01,72.4,0,4,5,6.375,2.225,13.3,0.23,0.23,0.0,2.4,1.5,1.12
1788461332.302,turning,6.457,2.01,73.2,0,4,5,6.375,2.225,13.1,0.23,0.23,0.0,2.4,1.5,1.12
1788461332.357,driving,6.457,2.01,74.8,0,4,5,6.375,2.225,12.0,0.23,0.23,0.22,0.0,1.5,1.12
1788461332.422,driving,6.457,2.01,75.7,0,4,5,6.375,2.225,11.8,0.23,0.23,0.22,0.0,1.5,1.12
1788461332.479,driving,6.457,2.013,75.8,0,4,5,6.375,2.225,12.2,0.227,0.227,0.22,0.0,1.5,1.12
1788461332.54,driving,6.458,2.017,75.8,0,4,5,6.375,2.225,12.8,0.224,0.224,0.22,0.0,1.5,1.13
1788461332.598,driving,6.461,2.029,75.8,0,4,5,6.375,2.225,13.4,0.214,0.214,0.22,0.0,1.5,1.13
1788461332.651,driving,6.46,2.036,75.9,0,4,5,6.375,2.225,14.0,0.207,0.207,0.22,0.0,1.5,1.11
1788461332.704,driving,6.456,2.05,76.1,1,4,5,6.375,2.225,14.4,0.192,0.192,0.22,0.0,1.5,1.11
1788461332.758,driving,6.458,2.058,76.1,1,4,5,6.375,2.225,15.1,0.187,0.187,0.22,0.0,1.5,1.09
1788461332.81,driving,6.459,2.065,76.1,1,4,5,6.375,2.225,15.7,0.181,0.181,0.22,0.0,1.5,1.09
1788461332.864,turning,6.463,2.079,76.1,1,4,5,6.375,2.225,16.4,0.17,0.17,0.0,2.4,1.5,1.08
1788461332.917,turning,6.465,2.087,76.1,1,4,5,6.375,2.225,17.2,0.165,0.165,0.0,2.4,1.5,1.08
1788461332.967,turning,6.465,2.087,77.6,1,4,5,6.375,2.225,16.4,0.164,0.164,0.0,2.4,1.5,1.06
1788461333.022,turning,6.465,2.087,78.4,0,3,4,6.375,2.225,16.3,0.164,0.164,0.0,2.4,1.5,1.06
1788461333.075,turning,6.465,2.087,80.1,0,3,4,6.375,2.225,15.3,0.164,0.164,0.0,2.4,1.5,1.07
1788461333.128,turning,6.465,2.087,80.9,0,3,4,6.375,2.225,15.2,0.164,0.164,0.0,2.4,1.5,1.07
1788461333.191,turning,6.465,2.087,82.5,0,3,4,6.375,2.225,14.2,0.164,0.164,0.0,2.4,1.5,1.11
1788461333.249,turning,6.465,2.087,83.4,0,3,4,6.375,2.225,14.1,0.164,0.164,0.0,2.4,1.5,1.11
1788461333.313,turning,6.465,2.087,85.0,0,3,4,6.375,2.225,13.1,0.164,0.164,0.0,2.4,1.5,1.15
1788461333.37,turning,6.465,2.087,85.8,0,3,4,6.375,2.225,12.9,0.164,0.164,0.0,2.4,1.5,1.15
1788461333.421,driving,6.466,2.079,87.3,0,3,4,6.375,2.225,12.0,0.172,0.172,0.22,0.0,1.5,1.2
1788461333.474,driving,6.467,2.073,88.0,0,3,4,6.375,2.225,11.8,0.178,0.178,0.22,0.0,1.5,1.2
1788461333.529,driving,6.468,2.071,88.0,0,3,4,6.375,2.225,12.4,0.179,0.179,0.22,0.0,1.5,1.25
1788461333.584,driving,6.468,2.076,88.0,0,3,4,6.375,2.225,12.9,0.176,0.176,0.22,0.0,1.5,1.25
1788461333.637,driving,6.469,2.089,88.0,0,3,4,6.375,2.225,13.5,0.165,0.165,0.22,0.0,1.5,1.25
1788461333.691,driving,6.469,2.096,88.0,0,3,4,6.375,2.225,14.1,0.159,0.159,0.22,0.0,1.5,1.25
1788461333.743,driving,6.469,2.102,87.8,1,3,4,6.375,2.225,14.9,0.154,0.154,0.22,0.0,1.5,1.25
1788461333.8,goal_approach,6.468,2.112,86.9,3,3,4,6.375,2.225,42.4,0.147,0.147,0.0,2.4,,1.25
1788461333.853,goal_approach,6.468,2.118,86.7,3,3,4,6.375,2.225,44.2,0.142,0.142,0.0,2.4,,1.24
1788461333.909,goal_approach,6.468,2.118,88.3,3,3,4,6.375,2.225,42.9,0.141,0.141,0.0,2.4,,1.24
1788461333.963,goal_approach,6.468,2.118,89.1,3,3,4,6.375,2.225,42.0,0.141,0.141,0.0,2.4,,1.28
1788461334.026,goal_approach,6.468,2.118,90.7,2,2,3,6.375,2.225,40.4,0.141,0.141,0.0,2.4,,1.28
1788461334.09,goal_approach,6.468,2.118,91.6,2,2,3,6.375,2.225,39.6,0.141,0.141,0.0,2.4,,1.34
1788461334.149,goal_approach,6.468,2.118,93.2,2,2,3,6.375,2.225,38.0,0.141,0.141,0.0,2.4,,1.34
1788461334.206,goal_approach,6.468,2.118,94.0,2,2,3,6.375,2.225,37.1,0.141,0.141,0.0,2.4,,1.42
1788461334.26,goal_approach,6.468,2.118,95.7,2,2,3,6.375,2.225,35.5,0.141,0.141,0.0,2.4,,1.42
1788461334.316,goal_approach,6.468,2.118,96.5,2,2,3,6.375,2.225,34.7,0.141,0.141,0.0,2.4,,1.5
1788461334.369,goal_approach,6.468,2.118,98.1,2,2,3,6.375,2.225,33.0,0.141,0.141,0.0,2.4,,1.5
1788461334.424,goal_approach,6.464,2.118,98.9,2,2,3,6.375,2.225,30.7,0.139,0.139,0.0,2.4,,1.61
1788461334.482,goal_approach,6.453,2.116,100.6,2,2,3,6.375,2.225,25.2,0.134,0.134,0.0,2.4,,1.61
1788461334.536,goal_approach,6.453,2.116,101.4,2,2,3,6.375,2.225,24.2,0.134,0.134,0.0,2.4,,1.73
1788461334.59,goal_approach,6.453,2.116,103.1,2,2,3,6.375,2.225,22.5,0.134,0.134,0.0,2.4,,1.73
1788461334.645,goal_approach,6.453,2.116,103.9,2,2,3,6.375,2.225,21.7,0.134,0.134,0.0,2.4,,1.87
1788461334.704,goal_approach,6.453,2.116,104.7,2,2,3,6.375,2.225,20.9,0.134,0.134,0.0,2.4,,1.87
1788461334.763,goal_approach,6.45,2.116,106.2,2,2,3,6.375,2.225,18.1,0.132,0.132,0.0,2.4,,2.04
1788461334.828,goal_approach,6.447,2.115,106.9,2,2,3,6.375,2.225,16.1,0.131,0.131,0.0,2.4,,2.04
1788461334.891,goal_approach,6.444,2.114,108.4,2,2,3,6.375,2.225,13.3,0.13,0.13,0.0,2.4,,2.82
1788461334.942,goal_approach,6.444,2.114,109.3,2,2,3,6.375,2.225,12.5,0.13,0.13,0.0,2.4,,2.82
1788461334.999,goal_approach,6.444,2.114,110.9,2,2,3,6.375,2.225,10.9,0.13,0.13,0.0,2.4,,2.83
1788461335.053,goal_approach,6.444,2.114,111.7,2,2,3,6.375,2.225,10.1,0.13,0.13,0.0,2.4,,2.83
1788461335.11,goal_approach,6.438,2.113,113.5,2,2,3,6.375,2.225,5.7,0.129,0.129,0.0,2.4,,2.83
1788461335.165,goal_approach,6.433,2.111,114.4,2,2,3,6.375,2.225,2.5,0.127,0.127,0.22,0.0,,2.83
1788461335.219,goal_approach,6.429,2.111,115.5,2,2,3,6.375,2.225,-0.4,0.126,0.126,0.22,0.0,,2.83
1788461335.273,goal_approach,6.428,2.113,115.5,2,2,3,6.375,2.225,-0.4,0.124,0.124,0.22,0.0,,2.83
1788461335.326,goal_approach,6.424,2.121,115.5,2,2,3,6.375,2.225,-0.4,0.115,0.115,0.22,0.0,,2.82
1788461335.379,goal_approach,6.421,2.128,115.5,2,2,3,6.375,2.225,-0.5,0.108,0.108,0.22,0.0,,2.82
1788461335.432,goal_approach,6.411,2.14,115.8,2,2,3,6.375,2.225,-2.9,0.092,0.092,0.22,0.0,,2.81
1788461335.486,goal_approach,6.405,2.147,116.0,2,2,3,6.375,2.225,-5.1,0.084,0.084,0.22,0.0,,2.81
1788461335.547,goal_approach,6.397,2.16,116.1,2,2,3,6.375,2.225,-7.6,0.069,0.069,0.22,0.0,,2.79
1788461335.609,goal_approach,6.394,2.166,116.1,2,2,3,6.375,2.225,-8.5,0.061,0.061,0.22,0.0,,2.79
1788461335.665,goal_turn,6.39,2.173,116.1,2,2,3,6.375,2.225,-116.1,0.0,0.054,0.0,-4.5,,2.77
1788461335.72,goal_turn,6.384,2.187,116.1,2,2,3,6.375,2.225,-116.1,0.0,0.039,0.0,-4.5,,2.77
1788461335.772,goal_turn,6.383,2.188,113.2,2,2,3,6.375,2.225,-113.2,0.0,0.038,0.0,-4.5,,2.73
1788461335.83,goal_turn,6.383,2.188,106.3,2,2,3,6.375,2.225,-106.3,0.0,0.038,0.0,-4.5,,2.73
1788461335.882,goal_turn,6.383,2.188,102.9,2,2,3,6.375,2.225,-102.9,0.0,0.038,0.0,-4.5,,2.73
1788461335.934,goal_turn,6.383,2.188,96.0,2,2,3,6.375,2.225,-96.0,0.0,0.038,0.0,-4.5,,2.73
1788461335.987,goal_turn,6.383,2.188,92.6,2,2,3,6.375,2.225,-92.6,0.0,0.038,0.0,-4.5,,1.62
1788461336.039,goal_turn,6.383,2.188,85.7,2,2,3,6.375,2.225,-85.7,0.0,0.038,0.0,-4.486,,1.62
1788461336.092,goal_turn,6.383,2.188,82.2,1,1,2,6.375,2.225,-82.2,0.0,0.038,0.0,-4.306,,1.3
1788461336.143,goal_turn,6.383,2.188,75.6,1,1,2,6.375,2.225,-75.6,0.0,0.038,0.0,-3.958,,1.3
1788461336.199,goal_turn,6.383,2.188,72.4,1,1,2,6.375,2.225,-72.4,0.0,0.038,0.0,-3.791,,1.12
1788461336.258,goal_turn,6.383,2.188,67.0,1,1,2,6.375,2.225,-67.0,0.0,0.038,0.0,-3.506,,1.12
1788461336.324,goal_turn,6.382,2.189,64.4,1,1,2,6.375,2.225,-64.4,0.0,0.037,0.0,-3.372,,1.02
1788461336.388,goal_turn,6.38,2.191,60.0,1,1,2,6.375,2.225,-60.0,0.0,0.034,0.0,-3.144,,1.02
1788461336.447,goal_turn,6.38,2.196,58.1,1,1,2,6.375,2.225,-58.1,0.0,0.03,0.0,-3.041,,1.02
1788461336.5,goal_turn,6.381,2.205,54.8,1,1,2,6.375,2.225,-54.8,0.0,0.02,0.0,-2.868,,1.02
1788461336.552,goal_turn,6.379,2.205,53.3,1,1,2,6.375,2.225,-53.3,0.0,0.02,0.0,-2.792,,1.02
1788461336.605,goal_turn,6.376,2.204,52.0,1,1,2,6.375,2.225,-52.0,0.0,0.021,0.0,-2.725,,1.02
1788461336.659,goal_turn,6.369,2.2,49.8,1,1,2,6.375,2.225,-49.8,0.0,0.026,0.0,-2.608,,1.02
1788461336.71,goal_turn,6.363,2.196,48.7,1,1,2,6.375,2.225,-48.7,0.0,0.032,0.0,-2.552,,1.02
1788461336.767,goal_turn,6.357,2.197,46.6,1,1,2,6.375,2.225,-46.6,0.0,0.033,0.0,-2.44,,1.02
1788461336.819,goal_turn,6.355,2.202,45.4,1,1,2,6.375,2.225,-45.4,0.0,0.03,0.0,-2.4,,1.02
1788461336.877,goal_turn,6.355,2.213,43.3,1,1,2,6.375,2.225,-43.3,0.0,0.023,0.0,-2.4,,1.02
1788461336.929,goal_turn,6.356,2.219,42.3,1,1,2,6.375,2.225,-42.3,0.0,0.02,0.0,-2.4,,1.02
1788461336.986,goal_turn,6.357,2.224,40.4,1,1,2,6.375,2.225,-40.4,0.0,0.018,0.0,-2.4,,1.02
1788461337.042,goal_turn,6.357,2.224,39.6,1,1,2,6.375,2.225,-39.6,0.0,0.018,0.0,-2.4,,1.02
1788461337.103,idle,6.352,2.219,38.0,1,1,2,6.375,2.225,-39.6,0.0,0.018,0.0,0.0,,1.03
1788461337.165,idle,6.349,2.214,37.2,1,1,2,6.375,2.225,-39.6,0.0,0.018,0.0,0.0,,1.03
1788461337.222,idle,6.346,2.211,37.0,1,1,2,6.375,2.225,-39.6,0.0,0.018,0.0,0.0,,1.03
1788461337.275,idle,6.346,2.211,37.0,1,1,2,6.375,2.225,-39.6,0.0,0.018,0.0,0.0,,1.03
1788461337.326,idle,6.343,2.221,36.9,1,1,2,6.375,2.225,-39.6,0.0,0.018,0.0,0.0,,1.03
1788461337.378,idle,6.34,2.229,36.9,1,1,2,6.375,2.225,-39.6,0.0,0.018,0.0,0.0,,1.03
1788461337.432,idle,6.339,2.234,36.8,1,1,2,6.375,2.225,-39.6,0.0,0.018,0.0,0.0,,1.03
1788461337.485,idle,6.339,2.234,36.8,1,1,2,6.375,2.225,-39.6,0.0,0.018,0.0,0.0,,1.03
1788461337.536,idle,6.339,2.234,36.8,1,1,2,6.375,2.225,-39.6,0.0,0.018,0.0,0.0,,1.03
1788461337.588,idle,6.339,2.234,36.8,1,1,2,6.375,2.225,-39.6,0.0,0.018,0.0,0.0,,1.03
1788461337.64,idle,6.342,2.235,37.0,1,1,2,6.375,2.225,-39.6,0.0,0.018,0.0,0.0,,1.03
1788461337.689,idle,6.352,2.239,37.4,1,1,2,6.375,2.225,-39.6,0.0,0.018,0.0,0.0,,1.03
1788461337.738,idle,6.354,2.24,37.5,1,1,2,6.375,2.225,-39.6,0.0,0.018,0.0,0.0,,1.03
1788461337.79,idle,6.354,2.24,37.5,1,1,2,6.375,2.225,-39.6,0.0,0.018,0.0,0.0,,1.03
1788461337.847,idle,6.354,2.24,37.5,1,1,2,6.375,2.225,-39.6,0.0,0.018,0.0,0.0,,1.03
1788461337.908,idle,6.354,2.24,37.5,1,1,2,6.375,2.225,-39.6,0.0,0.018,0.0,0.0,,1.03
1788461337.966,idle,6.354,2.24,37.5,1,1,2,6.375,2.225,-39.6,0.0,0.018,0.0,0.0,,1.03
1788461338.019,idle,6.354,2.24,37.5,1,1,2,6.375,2.225,-39.6,0.0,0.018,0.0,0.0,,1.03
1788461338.076,idle,6.354,2.24,37.5,1,1,2,6.375,2.225,-39.6,0.0,0.018,0.0,0.0,,1.03
1788461338.128,idle,6.354,2.24,37.5,1,1,2,6.375,2.225,-39.6,0.0,0.018,0.0,0.0,,1.03
1788461338.182,idle,6.354,2.24,37.5,1,1,2,6.375,2.225,-39.6,0.0,0.018,0.0,0.0,,1.03
1788461338.233,idle,6.354,2.24,37.5,1,1,2,6.375,2.225,-39.6,0.0,0.018,0.0,0.0,,1.03
1788461338.286,idle,6.354,2.24,37.5,1,1,2,6.375,2.225,-39.6,0.0,0.018,0.0,0.0,,1.03
1788461338.337,idle,6.354,2.24,37.5,1,1,2,6.375,2.225,-39.6,0.0,0.018,0.0,0.0,,1.03
1788461338.337,idle,6.354,2.24,37.5,1,1,2,6.375,2.225,-39.6,0.0,0.018,0.0,0.0,,1.03
1788461338.443,idle,6.354,2.24,37.5,1,1,2,6.375,2.225,-39.6,0.0,0.018,0.0,0.0,,1.03
1788461338.498,idle,6.354,2.24,37.5,1,1,2,6.375,2.225,-39.6,0.0,0.018,0.0,0.0,,1.03
1788461338.55,idle,6.354,2.24,37.5,1,1,2,6.375,2.225,-39.6,0.0,0.018,0.0,0.0,,1.03
1788461338.612,idle,6.354,2.24,37.5,1,1,2,6.375,2.225,-39.6,0.0,0.018,0.0,0.0,,1.03
1788461338.669,idle,6.354,2.24,37.5,1,1,2,6.375,2.225,-39.6,0.0,0.018,0.0,0.0,,1.03
1788461338.73,idle,6.354,2.24,37.5,1,1,2,6.375,2.225,-39.6,0.0,0.018,0.0,0.0,,1.03
1788461338.787,idle,6.354,2.24,37.5,1,1,2,6.375,2.225,-39.6,0.0,0.018,0.0,0.0,,1.03
1788461338.838,idle,6.354,2.24,37.5,1,1,2,6.375,2.225,-39.6,0.0,0.018,0.0,0.0,,1.03
1788461338.89,idle,6.354,2.24,37.5,1,1,2,6.375,2.225,-39.6,0.0,0.018,0.0,0.0,,1.03
1788461338.942,idle,6.354,2.24,37.5,1,1,2,6.375,2.225,-39.6,0.0,0.018,0.0,0.0,,1.03
1788461338.992,idle,6.354,2.24,37.5,1,1,2,6.375,2.225,-39.6,0.0,0.018,0.0,0.0,,1.03
1788461339.044,idle,6.354,2.24,37.5,1,1,2,6.375,2.225,-39.6,0.0,0.018,0.0,0.0,,1.03
1788461339.099,idle,6.354,2.24,37.5,1,1,2,6.375,2.225,-39.6,0.0,0.018,0.0,0.0,,1.03
1788461339.152,idle,6.354,2.24,37.5,1,1,2,6.375,2.225,-39.6,0.0,0.018,0.0,0.0,,1.03
1788461339.202,idle,6.354,2.24,37.5,1,1,2,6.375,2.225,-39.6,0.0,0.018,0.0,0.0,,1.03
1788461339.253,idle,6.354,2.24,37.5,1,1,2,6.375,2.225,-39.6,0.0,0.018,0.0,0.0,,1.03
1788461339.307,idle,6.354,2.24,37.5,1,1,2,6.375,2.225,-39.6,0.0,0.018,0.0,0.0,,1.03
1788461339.362,idle,6.354,2.24,37.5,1,1,2,6.375,2.225,-39.6,0.0,0.018,0.0,0.0,,1.03
1788461339.422,idle,6.354,2.24,37.5,1,1,2,6.375,2.225,-39.6,0.0,0.018,0.0,0.0,,1.03
1788461339.481,idle,6.354,2.24,37.5,1,1,2,6.375,2.225,-39.6,0.0,0.018,0.0,0.0,,1.03
1788461339.54,idle,6.354,2.24,37.5,1,1,2,6.375,2.225,-39.6,0.0,0.018,0.0,0.0,,1.03
1788461339.594,idle,6.354,2.24,37.5,1,1,2,6.375,2.225,-39.6,0.0,0.018,0.0,0.0,,1.03
1788461339.644,idle,6.354,2.24,37.5,1,1,2,6.375,2.225,-39.6,0.0,0.018,0.0,0.0,,1.03
1788461339.699,idle,6.354,2.24,37.5,1,1,2,6.375,2.225,-39.6,0.0,0.018,0.0,0.0,,1.03
1788461339.749,idle,6.354,2.24,37.5,1,1,2,6.375,2.225,-39.6,0.0,0.018,0.0,0.0,,1.03
1788461339.803,idle,6.354,2.24,37.5,1,1,2,6.375,2.225,-39.6,0.0,0.018,0.0,0.0,,1.03
1788461339.854,idle,6.354,2.24,37.5,1,1,2,6.375,2.225,-39.6,0.0,0.018,0.0,0.0,,1.03
1788461339.907,idle,6.354,2.24,37.5,1,1,2,6.375,2.225,-39.6,0.0,0.018,0.0,0.0,,1.03
1788461339.959,idle,6.354,2.24,37.5,1,1,2,6.375,2.225,-39.6,0.0,0.018,0.0,0.0,,1.03
1788461340.011,idle,6.354,2.24,37.5,1,1,2,6.375,2.225,-39.6,0.0,0.018,0.0,0.0,,1.03
1788461340.06,idle,6.354,2.24,37.5,1,1,2,6.375,2.225,-39.6,0.0,0.018,0.0,0.0,,1.03
1788461340.114,idle,6.354,2.24,37.5,1,1,2,6.375,2.225,-39.6,0.0,0.018,0.0,0.0,,1.03
1788461340.173,idle,6.354,2.24,37.5,1,1,2,6.375,2.225,-39.6,0.0,0.018,0.0,0.0,,1.03
1788461340.233,idle,6.354,2.24,37.5,1,1,2,6.375,2.225,-39.6,0.0,0.018,0.0,0.0,,1.03
1788461340.289,idle,6.354,2.24,37.5,1,1,2,6.375,2.225,-39.6,0.0,0.018,0.0,0.0,,1.03
1788461340.346,idle,6.354,2.24,37.5,1,1,2,6.375,2.225,-39.6,0.0,0.018,0.0,0.0,,1.03
1788461340.396,idle,6.354,2.24,37.5,1,1,2,6.375,2.225,-39.6,0.0,0.018,0.0,0.0,,1.03
1788461340.447,idle,6.354,2.24,37.5,1,1,2,6.375,2.225,-39.6,0.0,0.018,0.0,0.0,,1.03
1788461340.498,idle,6.354,2.24,37.5,1,1,2,6.375,2.225,-39.6,0.0,0.018,0.0,0.0,,1.03
1788461340.55,idle,6.354,2.24,37.5,1,1,2,6.375,2.225,-39.6,0.0,0.018,0.0,0.0,,1.03
1788461340.602,idle,6.354,2.24,37.5,1,1,2,6.375,2.225,-39.6,0.0,0.018,0.0,0.0,,1.03
1788461340.655,idle,6.354,2.24,37.5,1,1,2,6.375,2.225,-39.6,0.0,0.018,0.0,0.0,,1.03
1788461340.706,idle,6.354,2.24,37.5,1,1,2,6.375,2.225,-39.6,0.0,0.018,0.0,0.0,,1.03
1788461340.757,idle,6.354,2.24,37.5,1,1,2,6.375,2.225,-39.6,0.0,0.018,0.0,0.0,,1.03
1788461340.807,idle,6.354,2.24,37.5,1,1,2,6.375,2.225,-39.6,0.0,0.018,0.0,0.0,,1.03
1788461340.86,idle,6.354,2.24,37.5,1,1,2,6.375,2.225,-39.6,0.0,0.018,0.0,0.0,,1.03
1788461340.918,idle,6.354,2.24,37.5,1,1,2,6.375,2.225,-39.6,0.0,0.018,0.0,0.0,,1.03
1788461340.973,idle,6.354,2.24,37.5,1,1,2,6.375,2.225,-39.6,0.0,0.018,0.0,0.0,,1.03
1788461341.033,idle,6.354,2.24,37.5,1,1,2,6.375,2.225,-39.6,0.0,0.018,0.0,0.0,,1.03
1788461341.092,idle,6.354,2.24,37.5,1,1,2,6.375,2.225,-39.6,0.0,0.018,0.0,0.0,,1.03
1788461341.147,idle,6.354,2.24,37.5,1,1,2,6.375,2.225,-39.6,0.0,0.018,0.0,0.0,,1.03
1788461341.204,idle,6.354,2.24,37.5,1,1,2,6.375,2.225,-39.6,0.0,0.018,0.0,0.0,,1.03
1788461341.256,idle,6.354,2.24,37.5,1,1,2,6.375,2.225,-39.6,0.0,0.018,0.0,0.0,,1.03
1788461341.307,idle,6.354,2.24,37.5,1,1,2,6.375,2.225,-39.6,0.0,0.018,0.0,0.0,,1.03
1788461341.357,idle,6.354,2.24,37.5,1,1,2,6.375,2.225,-39.6,0.0,0.018,0.0,0.0,,1.03
1788461341.408,idle,6.354,2.24,37.5,1,1,2,6.375,2.225,-39.6,0.0,0.018,0.0,0.0,,1.03
1788461341.458,idle,6.354,2.24,37.5,1,1,2,6.375,2.225,-39.6,0.0,0.018,0.0,0.0,,1.03
1788461341.51,idle,6.354,2.24,37.5,1,1,2,6.375,2.225,-39.6,0.0,0.018,0.0,0.0,,1.03
1788461341.56,idle,6.354,2.24,37.5,1,1,2,6.375,2.225,-39.6,0.0,0.018,0.0,0.0,,1.03
1788461341.612,idle,6.354,2.24,37.5,1,1,2,6.375,2.225,-39.6,0.0,0.018,0.0,0.0,,1.03
1788461341.664,idle,6.354,2.24,37.5,1,1,2,6.375,2.225,-39.6,0.0,0.018,0.0,0.0,,1.03
1788461341.722,idle,6.354,2.24,37.5,1,1,2,6.375,2.225,-39.6,0.0,0.018,0.0,0.0,,1.03
1788461341.78,idle,6.354,2.24,37.5,1,1,2,6.375,2.225,-39.6,0.0,0.018,0.0,0.0,,1.03
1788461341.84,idle,6.354,2.24,37.5,1,1,2,6.375,2.225,-39.6,0.0,0.018,0.0,0.0,,1.03
1788461341.898,idle,6.354,2.24,37.5,1,1,2,6.375,2.225,-39.6,0.0,0.018,0.0,0.0,,1.03
1788461341.95,idle,6.354,2.24,37.5,1,1,2,6.375,2.225,-39.6,0.0,0.018,0.0,0.0,,1.03
1788461342.001,idle,6.354,2.24,37.5,1,1,2,6.375,2.225,-39.6,0.0,0.018,0.0,0.0,,1.03
1788461342.051,idle,6.354,2.24,37.5,1,1,2,6.375,2.225,-39.6,0.0,0.018,0.0,0.0,,1.03
1788461342.103,idle,6.354,2.24,37.5,1,1,2,6.375,2.225,-39.6,0.0,0.018,0.0,0.0,,1.03
1788461342.158,idle,6.354,2.24,37.5,1,1,2,6.375,2.225,-39.6,0.0,0.018,0.0,0.0,,1.03
1788461342.209,idle,6.354,2.24,37.5,1,1,2,6.375,2.225,-39.6,0.0,0.018,0.0,0.0,,1.03
1788461342.263,idle,6.354,2.24,37.5,1,1,2,6.375,2.225,-39.6,0.0,0.018,0.0,0.0,,1.03
1788461342.315,idle,6.354,2.24,37.5,1,1,2,6.375,2.225,-39.6,0.0,0.018,0.0,0.0,,1.03
1788461342.366,idle,6.354,2.24,37.5,1,1,2,6.375,2.225,-39.6,0.0,0.018,0.0,0.0,,1.03
1788461342.417,idle,6.354,2.24,37.5,1,1,2,6.375,2.225,-39.6,0.0,0.018,0.0,0.0,,1.03
1788461342.476,idle,6.354,2.24,37.5,1,1,2,6.375,2.225,-39.6,0.0,0.018,0.0,0.0,,1.03
1788461342.532,idle,6.354,2.24,37.5,1,1,2,6.375,2.225,-39.6,0.0,0.018,0.0,0.0,,1.03
1788461342.59,idle,6.354,2.24,37.5,1,1,2,6.375,2.225,-39.6,0.0,0.018,0.0,0.0,,1.03
1788461342.645,idle,6.354,2.24,37.5,1,1,2,6.375,2.225,-39.6,0.0,0.018,0.0,0.0,,1.03
1788461342.702,idle,6.354,2.24,37.5,1,1,2,6.375,2.225,-39.6,0.0,0.018,0.0,0.0,,1.03
1788461342.753,idle,6.354,2.24,37.5,1,1,2,6.375,2.225,-39.6,0.0,0.018,0.0,0.0,,1.03
1788461342.804,idle,6.354,2.24,37.5,1,1,2,6.375,2.225,-39.6,0.0,0.018,0.0,0.0,,1.03
1788461342.854,idle,6.354,2.24,37.5,1,1,2,6.375,2.225,-39.6,0.0,0.018,0.0,0.0,,1.03
1788461342.908,idle,6.354,2.24,37.5,1,1,2,6.375,2.225,-39.6,0.0,0.018,0.0,0.0,,1.03
1788461342.96,idle,6.354,2.24,37.5,1,1,2,6.375,2.225,-39.6,0.0,0.018,0.0,0.0,,1.03
1788461343.009,idle,6.354,2.24,37.5,1,1,2,6.375,2.225,-39.6,0.0,0.018,0.0,0.0,,1.03
1788461343.059,idle,6.354,2.24,37.5,1,1,2,6.375,2.225,-39.6,0.0,0.018,0.0,0.0,,1.03
1788461343.112,idle,6.354,2.24,37.5,1,1,2,6.375,2.225,-39.6,0.0,0.018,0.0,0.0,,1.03
1788461343.163,idle,6.354,2.24,37.5,1,1,2,6.375,2.225,-39.6,0.0,0.018,0.0,0.0,,1.03
1788461343.215,idle,6.354,2.24,37.5,1,1,2,6.375,2.225,-39.6,0.0,0.018,0.0,0.0,,1.03
1788461343.271,idle,6.354,2.24,37.5,1,1,2,6.375,2.225,-39.6,0.0,0.018,0.0,0.0,,1.03
1788461343.333,idle,6.354,2.24,37.5,1,1,2,6.375,2.225,-39.6,0.0,0.018,0.0,0.0,,1.03
1788461343.393,idle,6.354,2.24,37.5,1,1,2,6.375,2.225,-39.6,0.0,0.018,0.0,0.0,,1.03
1788461343.445,idle,6.354,2.24,37.5,1,1,2,6.375,2.225,-39.6,0.0,0.018,0.0,0.0,,1.03
1788461343.499,idle,6.354,2.24,37.5,1,1,2,6.375,2.225,-39.6,0.0,0.018,0.0,0.0,,1.03
1788461343.552,idle,6.354,2.24,37.5,1,1,2,6.375,2.225,-39.6,0.0,0.018,0.0,0.0,,1.03
1788461343.602,idle,6.354,2.24,37.5,1,1,2,6.375,2.225,-39.6,0.0,0.018,0.0,0.0,,1.03
1788461343.652,idle,6.354,2.24,37.5,1,1,2,6.375,2.225,-39.6,0.0,0.018,0.0,0.0,,1.03
1788461343.706,idle,6.354,2.24,37.5,1,1,2,6.375,2.225,-39.6,0.0,0.018,0.0,0.0,,1.03
1788461343.757,idle,6.354,2.24,37.5,1,1,2,6.375,2.225,-39.6,0.0,0.018,0.0,0.0,,1.03
1788461343.809,idle,6.354,2.24,37.5,1,1,2,6.375,2.225,-39.6,0.0,0.018,0.0,0.0,,1.03
1788461343.863,idle,6.354,2.24,37.5,1,1,2,6.375,2.225,-39.6,0.0,0.018,0.0,0.0,,1.03
1788461343.915,idle,6.354,2.24,37.5,1,1,2,6.375,2.225,-39.6,0.0,0.018,0.0,0.0,,1.03
1788461343.969,idle,6.354,2.24,37.5,1,1,2,6.375,2.225,-39.6,0.0,0.018,0.0,0.0,,1.03
1788461344.024,idle,6.354,2.24,37.5,1,1,2,6.375,2.225,-39.6,0.0,0.018,0.0,0.0,,1.03
1788461344.088,idle,6.354,2.24,37.5,1,1,2,6.375,2.225,-39.6,0.0,0.018,0.0,0.0,,1.03
1788461344.141,idle,6.354,2.24,37.5,1,1,2,6.375,2.225,-39.6,0.0,0.018,0.0,0.0,,1.03
1788461344.2,idle,6.354,2.24,37.5,1,1,2,6.375,2.225,-39.6,0.0,0.018,0.0,0.0,,1.03
1788461344.255,idle,6.354,2.24,37.5,1,1,2,6.375,2.225,-39.6,0.0,0.018,0.0,0.0,,1.03
1788461344.315,idle,6.354,2.24,37.5,1,1,2,6.375,2.225,-39.6,0.0,0.018,0.0,0.0,,1.03
1788461344.372,idle,6.354,2.24,37.5,1,1,2,6.375,2.225,-39.6,0.0,0.018,0.0,0.0,,1.03
1788461344.424,idle,6.354,2.24,37.5,1,1,2,6.375,2.225,-39.6,0.0,0.018,0.0,0.0,,1.03
1788461344.478,idle,6.354,2.24,37.5,1,1,2,6.375,2.225,-39.6,0.0,0.018,0.0,0.0,,1.03
1788461344.531,idle,6.354,2.24,37.5,1,1,2,6.375,2.225,-39.6,0.0,0.018,0.0,0.0,,1.03
1788461344.586,idle,6.354,2.24,37.5,1,1,2,6.375,2.225,-39.6,0.0,0.018,0.0,0.0,,1.03
1788461344.642,idle,6.354,2.24,37.5,1,1,2,6.375,2.225,-39.6,0.0,0.018,0.0,0.0,,1.03
1788461344.694,idle,6.354,2.24,37.5,1,1,2,6.375,2.225,-39.6,0.0,0.018,0.0,0.0,,1.03
1788461344.745,idle,6.354,2.24,37.5,1,1,2,6.375,2.225,-39.6,0.0,0.018,0.0,0.0,,1.03
1788461344.798,idle,6.354,2.24,37.5,1,1,2,6.375,2.225,-39.6,0.0,0.018,0.0,0.0,,1.03
1788461344.858,idle,6.354,2.24,37.5,1,1,2,6.375,2.225,-39.6,0.0,0.018,0.0,0.0,,1.03
1788461344.913,idle,6.354,2.24,37.5,1,1,2,6.375,2.225,-39.6,0.0,0.018,0.0,0.0,,1.03
1788461344.97,idle,6.354,2.24,37.5,1,1,2,6.375,2.225,-39.6,0.0,0.018,0.0,0.0,,1.03
1788461345.022,idle,6.354,2.24,37.5,1,1,2,6.375,2.225,-39.6,0.0,0.018,0.0,0.0,,1.03
1788461345.074,idle,6.354,2.24,37.5,1,1,2,6.375,2.225,-39.6,0.0,0.018,0.0,0.0,,1.03
1788461345.124,idle,6.354,2.24,37.5,1,1,2,6.375,2.225,-39.6,0.0,0.018,0.0,0.0,,1.03
1788461345.177,idle,6.354,2.24,37.5,1,1,2,6.375,2.225,-39.6,0.0,0.018,0.0,0.0,,1.03
1788461345.228,idle,6.354,2.24,37.5,1,1,2,6.375,2.225,-39.6,0.0,0.018,0.0,0.0,,1.03
1788461345.282,idle,6.354,2.24,37.5,1,1,2,6.375,2.225,-39.6,0.0,0.018,0.0,0.0,,1.03
1788461345.333,idle,6.354,2.24,37.5,1,1,2,6.375,2.225,-39.6,0.0,0.018,0.0,0.0,,1.03
1788461345.385,idle,6.354,2.24,37.5,1,1,2,6.375,2.225,-39.6,0.0,0.018,0.0,0.0,,1.03
1788461345.435,idle,6.354,2.24,37.5,1,1,2,6.375,2.225,-39.6,0.0,0.018,0.0,0.0,,1.03
1788461345.488,idle,6.354,2.24,37.5,1,1,2,6.375,2.225,-39.6,0.0,0.018,0.0,0.0,,1.03
1788461345.539,idle,6.354,2.24,37.5,1,1,2,6.375,2.225,-39.6,0.0,0.018,0.0,0.0,,1.03
1788461345.596,idle,6.354,2.24,37.5,1,1,2,6.375,2.225,-39.6,0.0,0.018,0.0,0.0,,1.03
1788461345.652,idle,6.354,2.24,37.5,1,1,2,6.375,2.225,-39.6,0.0,0.018,0.0,0.0,,1.03
1788461345.712,idle,6.354,2.24,37.5,1,1,2,6.375,2.225,-39.6,0.0,0.018,0.0,0.0,,1.03
1788461345.766,idle,6.354,2.24,37.5,1,1,2,6.375,2.225,-39.6,0.0,0.018,0.0,0.0,,1.03
1788461345.821,idle,6.354,2.24,37.5,1,1,2,6.375,2.225,-39.6,0.0,0.018,0.0,0.0,,1.03
1788461345.872,idle,6.354,2.24,37.5,1,1,2,6.375,2.225,-39.6,0.0,0.018,0.0,0.0,,1.03
1788461345.923,idle,6.354,2.24,37.5,1,1,2,6.375,2.225,-39.6,0.0,0.018,0.0,0.0,,1.03
1788461345.976,idle,6.354,2.24,37.5,1,1,2,6.375,2.225,-39.6,0.0,0.018,0.0,0.0,,1.03
1788461346.029,idle,6.354,2.24,37.5,1,1,2,6.375,2.225,-39.6,0.0,0.018,0.0,0.0,,1.03
1788461346.079,idle,6.354,2.24,37.5,1,1,2,6.375,2.225,-39.6,0.0,0.018,0.0,0.0,,1.03
1788461346.131,idle,6.354,2.24,37.5,1,1,2,6.375,2.225,-39.6,0.0,0.018,0.0,0.0,,1.03
1788461346.183,idle,6.354,2.24,37.5,1,1,2,6.375,2.225,-39.6,0.0,0.018,0.0,0.0,,1.03
1788461346.235,idle,6.354,2.24,37.5,1,1,2,6.375,2.225,-39.6,0.0,0.018,0.0,0.0,,1.03
1788461346.285,idle,6.354,2.24,37.5,1,1,2,6.375,2.225,-39.6,0.0,0.018,0.0,0.0,,1.03
1788461346.339,idle,6.354,2.24,37.5,1,1,2,6.375,2.225,-39.6,0.0,0.018,0.0,0.0,,1.03
1788461346.402,idle,6.354,2.24,37.5,1,1,2,6.375,2.225,-39.6,0.0,0.018,0.0,0.0,,1.03
1788461346.456,idle,6.354,2.24,37.5,1,1,2,6.375,2.225,-39.6,0.0,0.018,0.0,0.0,,1.03
1788461346.515,idle,6.354,2.24,37.5,1,1,2,6.375,2.225,-39.6,0.0,0.018,0.0,0.0,,1.03
1788461346.569,idle,6.354,2.24,37.5,1,1,2,6.375,2.225,-39.6,0.0,0.018,0.0,0.0,,1.03
1788461346.62,idle,6.354,2.24,37.5,1,1,2,6.375,2.225,-39.6,0.0,0.018,0.0,0.0,,1.03
1788461346.673,idle,6.354,2.24,37.5,1,1,2,6.375,2.225,-39.6,0.0,0.018,0.0,0.0,,1.03
1788461346.725,idle,6.354,2.24,37.5,1,1,2,6.375,2.225,-39.6,0.0,0.018,0.0,0.0,,1.03
1788461346.778,idle,6.354,2.24,37.5,1,1,2,6.375,2.225,-39.6,0.0,0.018,0.0,0.0,,1.03
1788461346.828,idle,6.354,2.24,37.5,1,1,2,6.375,2.225,-39.6,0.0,0.018,0.0,0.0,,1.03
1788461346.879,idle,6.354,2.24,37.5,1,1,2,6.375,2.225,-39.6,0.0,0.018,0.0,0.0,,1.03
1788461346.928,idle,6.354,2.24,37.5,1,1,2,6.375,2.225,-39.6,0.0,0.018,0.0,0.0,,1.03
1788461346.979,idle,6.354,2.24,37.5,1,1,2,6.375,2.225,-39.6,0.0,0.018,0.0,0.0,,1.03
1788461347.03,idle,6.354,2.24,37.5,1,1,2,6.375,2.225,-39.6,0.0,0.018,0.0,0.0,,1.03
1788461347.087,idle,6.354,2.24,37.5,1,1,2,6.375,2.225,-39.6,0.0,0.018,0.0,0.0,,1.03
1788461347.141,idle,6.354,2.24,37.5,1,1,2,6.375,2.225,-39.6,0.0,0.018,0.0,0.0,,1.03
1788461347.2,idle,6.354,2.24,37.5,1,1,2,6.375,2.225,-39.6,0.0,0.018,0.0,0.0,,1.03
1788461347.259,idle,6.354,2.24,37.5,1,1,2,6.375,2.225,-39.6,0.0,0.018,0.0,0.0,,1.03
1788461347.317,idle,6.354,2.24,37.5,1,1,2,6.375,2.225,-39.6,0.0,0.018,0.0,0.0,,1.03
1788461347.371,idle,6.354,2.24,37.5,1,1,2,6.375,2.225,-39.6,0.0,0.018,0.0,0.0,,1.03
1788461347.424,idle,6.354,2.24,37.5,1,1,2,6.375,2.225,-39.6,0.0,0.018,0.0,0.0,,1.03
1788461347.475,idle,6.354,2.24,37.5,1,1,2,6.375,2.225,-39.6,0.0,0.018,0.0,0.0,,1.03
1788461347.528,idle,6.354,2.24,37.5,1,1,2,6.375,2.225,-39.6,0.0,0.018,0.0,0.0,,1.03
1788461347.581,idle,6.354,2.24,37.5,1,1,2,6.375,2.225,-39.6,0.0,0.018,0.0,0.0,,1.03
1788461347.632,idle,6.354,2.24,37.5,1,1,2,6.375,2.225,-39.6,0.0,0.018,0.0,0.0,,1.03
1788461347.685,idle,6.354,2.24,37.5,1,1,2,6.375,2.225,-39.6,0.0,0.018,0.0,0.0,,1.03
1788461347.735,idle,6.354,2.24,37.5,1,1,2,6.375,2.225,-39.6,0.0,0.018,0.0,0.0,,1.03
1788461347.786,idle,6.354,2.24,37.5,1,1,2,6.375,2.225,-39.6,0.0,0.018,0.0,0.0,,1.03
1788461347.837,idle,6.354,2.24,37.5,1,1,2,6.375,2.225,-39.6,0.0,0.018,0.0,0.0,,1.03
1788461347.892,idle,6.354,2.24,37.5,1,1,2,6.375,2.225,-39.6,0.0,0.018,0.0,0.0,,1.03
1788461347.948,idle,6.354,2.24,37.5,1,1,2,6.375,2.225,-39.6,0.0,0.018,0.0,0.0,,1.03
1788461348.001,idle,6.354,2.24,37.5,1,1,2,6.375,2.225,-39.6,0.0,0.018,0.0,0.0,,1.03
1788461348.062,idle,6.354,2.24,37.5,1,1,2,6.375,2.225,-39.6,0.0,0.018,0.0,0.0,,1.03
1788461348.116,idle,6.354,2.24,37.5,1,1,2,6.375,2.225,-39.6,0.0,0.018,0.0,0.0,,1.03
1788461348.172,idle,6.354,2.24,37.5,1,1,2,6.375,2.225,-39.6,0.0,0.018,0.0,0.0,,1.03
1788461348.224,idle,6.354,2.24,37.5,1,1,2,6.375,2.225,-39.6,0.0,0.018,0.0,0.0,,1.03
1788461348.275,idle,6.354,2.24,37.5,1,1,2,6.375,2.225,-39.6,0.0,0.018,0.0,0.0,,1.03
1788461348.327,idle,6.354,2.24,37.5,1,1,2,6.375,2.225,-39.6,0.0,0.018,0.0,0.0,,1.03
1788461348.381,idle,6.354,2.24,37.5,1,1,2,6.375,2.225,-39.6,0.0,0.018,0.0,0.0,,1.03
1788461348.437,idle,6.354,2.24,37.5,1,1,2,6.375,2.225,-39.6,0.0,0.018,0.0,0.0,,1.03
1788461348.499,idle,6.354,2.24,37.5,1,1,2,6.375,2.225,-39.6,0.0,0.018,0.0,0.0,,1.03
1788461348.554,idle,6.354,2.24,37.5,1,1,2,6.375,2.225,-39.6,0.0,0.018,0.0,0.0,,1.03
1788461348.606,idle,6.354,2.24,37.5,1,1,2,6.375,2.225,-39.6,0.0,0.018,0.0,0.0,,1.03
1788461348.659,idle,6.354,2.24,37.5,1,1,2,6.375,2.225,-39.6,0.0,0.018,0.0,0.0,,1.03
1788461348.714,idle,6.354,2.24,37.5,1,1,2,6.375,2.225,-39.6,0.0,0.018,0.0,0.0,,1.03
1788461348.771,idle,6.354,2.24,37.5,1,1,2,6.375,2.225,-39.6,0.0,0.018,0.0,0.0,,1.03
1788461348.827,idle,6.354,2.24,37.5,1,1,2,6.375,2.225,-39.6,0.0,0.018,0.0,0.0,,1.03
1788461348.882,idle,6.354,2.24,37.5,1,1,2,6.375,2.225,-39.6,0.0,0.018,0.0,0.0,,1.03
1788461348.936,idle,6.354,2.24,37.5,1,1,2,6.375,2.225,-39.6,0.0,0.018,0.0,0.0,,1.03
1788461348.989,idle,6.354,2.24,37.5,1,1,2,6.375,2.225,-39.6,0.0,0.018,0.0,0.0,,1.03
1788461349.041,idle,6.354,2.24,37.5,1,1,2,6.375,2.225,-39.6,0.0,0.018,0.0,0.0,,1.03
1788461349.092,idle,6.354,2.24,37.5,1,1,2,6.375,2.225,-39.6,0.0,0.018,0.0,0.0,,1.03
1788461349.143,idle,6.354,2.24,37.5,1,1,2,6.375,2.225,-39.6,0.0,0.018,0.0,0.0,,1.03
1788461349.194,idle,6.354,2.24,37.5,1,1,2,6.375,2.225,-39.6,0.0,0.018,0.0,0.0,,1.03
1788461349.244,idle,6.354,2.24,37.5,1,1,2,6.375,2.225,-39.6,0.0,0.018,0.0,0.0,,1.03
1788461349.297,idle,6.354,2.24,37.5,1,1,2,6.375,2.225,-39.6,0.0,0.018,0.0,0.0,,1.03
1788461349.347,idle,6.354,2.24,37.5,1,1,2,6.375,2.225,-39.6,0.0,0.018,0.0,0.0,,1.03
1788461349.403,idle,6.354,2.24,37.5,1,1,2,6.375,2.225,-39.6,0.0,0.018,0.0,0.0,,1.03
1788461349.459,idle,6.354,2.24,37.5,1,1,2,6.375,2.225,-39.6,0.0,0.018,0.0,0.0,,1.03
1788461349.522,idle,6.354,2.24,37.5,1,1,2,6.375,2.225,-39.6,0.0,0.018,0.0,0.0,,1.03
1788461349.589,idle,6.354,2.24,37.5,1,1,2,6.375,2.225,-39.6,0.0,0.018,0.0,0.0,,1.03
1788461349.645,idle,6.354,2.24,37.5,1,1,2,6.375,2.225,-39.6,0.0,0.018,0.0,0.0,,1.03
1788461349.705,idle,6.354,2.24,37.5,1,1,2,6.375,2.225,-39.6,0.0,0.018,0.0,0.0,,1.03
1788461349.757,idle,6.354,2.24,37.5,1,1,2,6.375,2.225,-39.6,0.0,0.018,0.0,0.0,,1.03
1788461349.811,idle,6.354,2.24,37.5,1,1,2,6.375,2.225,-39.6,0.0,0.018,0.0,0.0,,1.03
1788461349.86,idle,6.354,2.24,37.5,1,1,2,6.375,2.225,-39.6,0.0,0.018,0.0,0.0,,1.03
1788461349.912,idle,6.354,2.24,37.5,1,1,2,6.375,2.225,-39.6,0.0,0.018,0.0,0.0,,1.03
1788461349.962,idle,6.354,2.24,37.5,1,1,2,6.375,2.225,-39.6,0.0,0.018,0.0,0.0,,1.03
1788461350.013,idle,6.354,2.24,37.5,1,1,2,6.375,2.225,-39.6,0.0,0.018,0.0,0.0,,1.03
1788461350.064,idle,6.354,2.24,37.5,1,1,2,6.375,2.225,-39.6,0.0,0.018,0.0,0.0,,1.03
1788461350.116,idle,6.354,2.24,37.5,1,1,2,6.375,2.225,-39.6,0.0,0.018,0.0,0.0,,1.03
1788461350.168,idle,6.354,2.24,37.5,1,1,2,6.375,2.225,-39.6,0.0,0.018,0.0,0.0,,1.03
1788461350.22,idle,6.354,2.24,37.5,1,1,2,6.375,2.225,-39.6,0.0,0.018,0.0,0.0,,1.03
1788461350.277,idle,6.354,2.24,37.5,1,1,2,6.375,2.225,-39.6,0.0,0.018,0.0,0.0,,1.03
1788461350.338,idle,6.354,2.24,37.5,1,1,2,6.375,2.225,-39.6,0.0,0.018,0.0,0.0,,1.03
1788461350.395,idle,6.354,2.24,37.5,1,1,2,6.375,2.225,-39.6,0.0,0.018,0.0,0.0,,1.03
1788461350.453,idle,6.354,2.24,37.5,1,1,2,6.375,2.225,-39.6,0.0,0.018,0.0,0.0,,1.03
1788461350.509,idle,6.354,2.24,37.5,1,1,2,6.375,2.225,-39.6,0.0,0.018,0.0,0.0,,1.03
1788461350.559,idle,6.354,2.24,37.5,1,1,2,6.375,2.225,-39.6,0.0,0.018,0.0,0.0,,1.03
1788461350.613,idle,6.354,2.24,37.5,1,1,2,6.375,2.225,-39.6,0.0,0.018,0.0,0.0,,1.03
1788461350.665,idle,6.354,2.24,37.5,1,1,2,6.375,2.225,-39.6,0.0,0.018,0.0,0.0,,1.03
1788461350.719,idle,6.354,2.24,37.5,1,1,2,6.375,2.225,-39.6,0.0,0.018,0.0,0.0,,1.03
1788461350.773,idle,6.354,2.24,37.5,1,1,2,6.375,2.225,-39.6,0.0,0.018,0.0,0.0,,1.03
1788461350.825,idle,6.354,2.24,37.5,1,1,2,6.375,2.225,-39.6,0.0,0.018,0.0,0.0,,1.03
1788461350.878,idle,6.354,2.24,37.5,1,1,2,6.375,2.225,-39.6,0.0,0.018,0.0,0.0,,1.03
1788461350.93,idle,6.354,2.24,37.5,1,1,2,6.375,2.225,-39.6,0.0,0.018,0.0,0.0,,1.03
1788461350.983,idle,6.354,2.24,37.5,1,1,2,6.375,2.225,-39.6,0.0,0.018,0.0,0.0,,1.03
1788461351.038,idle,6.354,2.24,37.5,1,1,2,6.375,2.225,-39.6,0.0,0.018,0.0,0.0,,1.03
1788461351.099,idle,6.354,2.24,37.5,1,1,2,6.375,2.225,-39.6,0.0,0.018,0.0,0.0,,1.03
1788461351.156,idle,6.354,2.24,37.5,1,1,2,6.375,2.225,-39.6,0.0,0.018,0.0,0.0,,1.03
1788461351.211,idle,6.354,2.24,37.5,1,1,2,6.375,2.225,-39.6,0.0,0.018,0.0,0.0,,1.03
1788461351.211,idle,6.354,2.24,37.5,1,1,2,6.375,2.225,-39.6,0.0,0.018,0.0,0.0,,1.03
1788461351.315,idle,6.354,2.24,37.5,1,1,2,6.375,2.225,-39.6,0.0,0.018,0.0,0.0,,1.03
1788461351.37,idle,6.354,2.24,37.5,1,1,2,6.375,2.225,-39.6,0.0,0.018,0.0,0.0,,1.03
1788461351.436,idle,6.354,2.24,37.5,1,1,2,6.375,2.225,-39.6,0.0,0.018,0.0,0.0,,1.03
1788461351.493,idle,6.354,2.24,37.5,1,1,2,6.375,2.225,-39.6,0.0,0.018,0.0,0.0,,1.03
1788461351.544,idle,6.354,2.24,37.5,1,1,2,6.375,2.225,-39.6,0.0,0.018,0.0,0.0,,1.03
1788461351.601,idle,6.354,2.24,37.5,1,1,2,6.375,2.225,-39.6,0.0,0.018,0.0,0.0,,1.03
1788461351.652,idle,6.354,2.24,37.5,1,1,2,6.375,2.225,-39.6,0.0,0.018,0.0,0.0,,1.03
1788461351.703,idle,6.354,2.24,37.5,1,1,2,6.375,2.225,-39.6,0.0,0.018,0.0,0.0,,1.03
1788461351.755,idle,6.354,2.24,37.5,1,1,2,6.375,2.225,-39.6,0.0,0.018,0.0,0.0,,1.03
1788461351.814,idle,6.354,2.24,37.5,1,1,2,6.375,2.225,-39.6,0.0,0.018,0.0,0.0,,1.03
1788461351.872,idle,6.354,2.24,37.5,1,1,2,6.375,2.225,-39.6,0.0,0.018,0.0,0.0,,1.03
1788461351.929,idle,6.354,2.24,37.5,1,1,2,6.375,2.225,-39.6,0.0,0.018,0.0,0.0,,1.03
1788461351.987,idle,6.354,2.24,37.5,1,1,2,6.375,2.225,-39.6,0.0,0.018,0.0,0.0,,1.03
1788461352.042,idle,6.354,2.24,37.5,1,1,2,6.375,2.225,-39.6,0.0,0.018,0.0,0.0,,1.03
1788461352.096,idle,6.354,2.24,37.5,1,1,2,6.375,2.225,-39.6,0.0,0.018,0.0,0.0,,1.03
1788461352.148,idle,6.354,2.24,37.5,1,1,2,6.375,2.225,-39.6,0.0,0.018,0.0,0.0,,1.03
1788461352.202,idle,6.354,2.24,37.5,1,1,2,6.375,2.225,-39.6,0.0,0.018,0.0,0.0,,1.03
1788461352.252,idle,6.354,2.24,37.5,1,1,2,6.375,2.225,-39.6,0.0,0.018,0.0,0.0,,1.03
1788461352.305,idle,6.354,2.24,37.5,1,1,2,6.375,2.225,-39.6,0.0,0.018,0.0,0.0,,1.03
1788461352.355,idle,6.354,2.24,37.5,1,1,2,6.375,2.225,-39.6,0.0,0.018,0.0,0.0,,1.03
1788461352.41,idle,6.354,2.24,37.5,1,1,2,6.375,2.225,-39.6,0.0,0.018,0.0,0.0,,1.03
1788461352.46,idle,6.354,2.24,37.5,1,1,2,6.375,2.225,-39.6,0.0,0.018,0.0,0.0,,1.03
1788461352.511,idle,6.354,2.24,37.5,1,1,2,6.375,2.225,-39.6,0.0,0.018,0.0,0.0,,1.03
1788461352.561,idle,6.354,2.24,37.5,1,1,2,6.375,2.225,-39.6,0.0,0.018,0.0,0.0,,1.03
1788461352.619,idle,6.354,2.24,37.5,1,1,2,6.375,2.225,-39.6,0.0,0.018,0.0,0.0,,1.03
1788461352.677,idle,6.354,2.24,37.5,1,1,2,6.375,2.225,-39.6,0.0,0.018,0.0,0.0,,1.03
1788461352.736,idle,6.354,2.24,37.5,1,1,2,6.375,2.225,-39.6,0.0,0.018,0.0,0.0,,1.03
1788461352.791,idle,6.354,2.24,37.5,1,1,2,6.375,2.225,-39.6,0.0,0.018,0.0,0.0,,1.03
1788461352.844,idle,6.354,2.24,37.5,1,1,2,6.375,2.225,-39.6,0.0,0.018,0.0,0.0,,1.03
1788461352.894,idle,6.354,2.24,37.5,1,1,2,6.375,2.225,-39.6,0.0,0.018,0.0,0.0,,1.03
1788461352.946,idle,6.354,2.24,37.5,1,1,2,6.375,2.225,-39.6,0.0,0.018,0.0,0.0,,1.03
1788461352.997,idle,6.354,2.24,37.5,1,1,2,6.375,2.225,-39.6,0.0,0.018,0.0,0.0,,1.03
1788461353.048,idle,6.354,2.24,37.5,1,1,2,6.375,2.225,-39.6,0.0,0.018,0.0,0.0,,1.03
1788461353.1,idle,6.354,2.24,37.5,1,1,2,6.375,2.225,-39.6,0.0,0.018,0.0,0.0,,1.03
1788461353.152,idle,6.354,2.24,37.5,1,1,2,6.375,2.225,-39.6,0.0,0.018,0.0,0.0,,1.03
1788461353.205,idle,6.354,2.24,37.5,1,1,2,6.375,2.225,-39.6,0.0,0.018,0.0,0.0,,1.03
1788461353.258,idle,6.354,2.24,37.5,1,1,2,6.375,2.225,-39.6,0.0,0.018,0.0,0.0,,1.03
1788461353.312,idle,6.354,2.24,37.5,1,1,2,6.375,2.225,-39.6,0.0,0.018,0.0,0.0,,1.03
1788461353.369,idle,6.354,2.24,37.5,1,1,2,6.375,2.225,-39.6,0.0,0.018,0.0,0.0,,1.03
1788461353.429,idle,6.354,2.24,37.5,1,1,2,6.375,2.225,-39.6,0.0,0.018,0.0,0.0,,1.03
1788461353.486,idle,6.354,2.24,37.5,1,1,2,6.375,2.225,-39.6,0.0,0.018,0.0,0.0,,1.03
1788461353.543,idle,6.354,2.24,37.5,1,1,2,6.375,2.225,-39.6,0.0,0.018,0.0,0.0,,1.03
1788461353.602,idle,6.354,2.24,37.5,1,1,2,6.375,2.225,-39.6,0.0,0.018,0.0,0.0,,1.03
1788461353.653,idle,6.354,2.24,37.5,1,1,2,6.375,2.225,-39.6,0.0,0.018,0.0,0.0,,1.03
1788461353.705,idle,6.354,2.24,37.5,1,1,2,6.375,2.225,-39.6,0.0,0.018,0.0,0.0,,1.03
1788461353.755,idle,6.354,2.24,37.5,1,1,2,6.375,2.225,-39.6,0.0,0.018,0.0,0.0,,1.03
1788461353.806,idle,6.354,2.24,37.5,1,1,2,6.375,2.225,-39.6,0.0,0.018,0.0,0.0,,1.03
1788461353.856,idle,6.354,2.24,37.5,1,1,2,6.375,2.225,-39.6,0.0,0.018,0.0,0.0,,1.03
1788461353.909,idle,6.354,2.24,37.5,1,1,2,6.375,2.225,-39.6,0.0,0.018,0.0,0.0,,1.03
1788461353.96,idle,6.354,2.24,37.5,1,1,2,6.375,2.225,-39.6,0.0,0.018,0.0,0.0,,1.03
1788461354.011,idle,6.354,2.24,37.5,1,1,2,6.375,2.225,-39.6,0.0,0.018,0.0,0.0,,1.03
1788461354.063,idle,6.354,2.24,37.5,1,1,2,6.375,2.225,-39.6,0.0,0.018,0.0,0.0,,1.03
1788461354.114,idle,6.354,2.24,37.5,1,1,2,6.375,2.225,-39.6,0.0,0.018,0.0,0.0,,1.03
1788461354.172,idle,6.354,2.24,37.5,1,1,2,6.375,2.225,-39.6,0.0,0.018,0.0,0.0,,1.03
1788461354.233,idle,6.354,2.24,37.5,1,1,2,6.375,2.225,-39.6,0.0,0.018,0.0,0.0,,1.03
1788461354.295,idle,6.354,2.24,37.5,1,1,2,6.375,2.225,-39.6,0.0,0.018,0.0,0.0,,1.03
1788461354.352,idle,6.354,2.24,37.5,1,1,2,6.375,2.225,-39.6,0.0,0.018,0.0,0.0,,1.03
1788461354.41,idle,6.354,2.24,37.5,1,1,2,6.375,2.225,-39.6,0.0,0.018,0.0,0.0,,1.03
1788461354.464,idle,6.354,2.24,37.5,1,1,2,6.375,2.225,-39.6,0.0,0.018,0.0,0.0,,1.03
1788461354.516,idle,6.354,2.24,37.5,1,1,2,6.375,2.225,-39.6,0.0,0.018,0.0,0.0,,1.03
1788461354.567,idle,6.354,2.24,37.5,1,1,2,6.375,2.225,-39.6,0.0,0.018,0.0,0.0,,1.03
1788461354.618,idle,6.354,2.24,37.5,1,1,2,6.375,2.225,-39.6,0.0,0.018,0.0,0.0,,1.03
1788461354.67,idle,6.354,2.24,37.5,1,1,2,6.375,2.225,-39.6,0.0,0.018,0.0,0.0,,1.03
1788461354.72,idle,6.354,2.24,37.5,1,1,2,6.375,2.225,-39.6,0.0,0.018,0.0,0.0,,1.03
1788461354.771,idle,6.354,2.24,37.5,1,1,2,6.375,2.225,-39.6,0.0,0.018,0.0,0.0,,1.03
1788461354.823,idle,6.354,2.24,37.5,1,1,2,6.375,2.225,-39.6,0.0,0.018,0.0,0.0,,1.03
1788461354.876,idle,6.354,2.24,37.5,1,1,2,6.375,2.225,-39.6,0.0,0.018,0.0,0.0,,1.03
1788461354.935,idle,6.354,2.24,37.5,1,1,2,6.375,2.225,-39.6,0.0,0.018,0.0,0.0,,1.03
1788461355.001,idle,6.354,2.24,37.5,1,1,2,6.375,2.225,-39.6,0.0,0.018,0.0,0.0,,1.03
1788461355.059,idle,6.354,2.24,37.5,1,1,2,6.375,2.225,-39.6,0.0,0.018,0.0,0.0,,1.03
1788461355.127,idle,6.354,2.24,37.5,1,1,2,6.375,2.225,-39.6,0.0,0.018,0.0,0.0,,1.03
1788461355.183,idle,6.354,2.24,37.5,1,1,2,6.375,2.225,-39.6,0.0,0.018,0.0,0.0,,1.03
1788461355.24,idle,6.354,2.24,37.5,1,1,2,6.375,2.225,-39.6,0.0,0.018,0.0,0.0,,1.03
1788461355.294,idle,6.354,2.24,37.5,1,1,2,6.375,2.225,-39.6,0.0,0.018,0.0,0.0,,1.03
1788461355.347,idle,6.354,2.24,37.5,1,1,2,6.375,2.225,-39.6,0.0,0.018,0.0,0.0,,1.03
1788461355.402,idle,6.354,2.24,37.5,1,1,2,6.375,2.225,-39.6,0.0,0.018,0.0,0.0,,1.03
1788461355.453,idle,6.354,2.24,37.5,1,1,2,6.375,2.225,-39.6,0.0,0.018,0.0,0.0,,1.03
1788461355.505,idle,6.354,2.24,37.5,1,1,2,6.375,2.225,-39.6,0.0,0.018,0.0,0.0,,1.03
1788461355.556,idle,6.354,2.24,37.5,1,1,2,6.375,2.225,-39.6,0.0,0.018,0.0,0.0,,1.03
1788461355.607,idle,6.354,2.24,37.5,1,1,2,6.375,2.225,-39.6,0.0,0.018,0.0,0.0,,1.03
1788461355.659,idle,6.354,2.24,37.5,1,1,2,6.375,2.225,-39.6,0.0,0.018,0.0,0.0,,1.03
1788461355.712,idle,6.354,2.24,37.5,1,1,2,6.375,2.225,-39.6,0.0,0.018,0.0,0.0,,1.03
1788461355.774,idle,6.354,2.24,37.5,1,1,2,6.375,2.225,-39.6,0.0,0.018,0.0,0.0,,1.03
1788461355.829,idle,6.354,2.24,37.5,1,1,2,6.375,2.225,-39.6,0.0,0.018,0.0,0.0,,1.03
1788461355.886,idle,6.354,2.24,37.5,1,1,2,6.375,2.225,-39.6,0.0,0.018,0.0,0.0,,1.03
1788461355.939,idle,6.354,2.24,37.5,1,1,2,6.375,2.225,-39.6,0.0,0.018,0.0,0.0,,1.03
1788461355.99,idle,6.354,2.24,37.5,1,1,2,6.375,2.225,-39.6,0.0,0.018,0.0,0.0,,1.03
1788461356.043,idle,6.354,2.24,37.5,1,1,2,6.375,2.225,-39.6,0.0,0.018,0.0,0.0,,1.03
1788461356.095,idle,6.354,2.24,37.5,1,1,2,6.375,2.225,-39.6,0.0,0.018,0.0,0.0,,1.03
1788461356.144,idle,6.354,2.24,37.5,1,1,2,6.375,2.225,-39.6,0.0,0.018,0.0,0.0,,1.03
1788461356.197,idle,6.354,2.24,37.5,1,1,2,6.375,2.225,-39.6,0.0,0.018,0.0,0.0,,1.03
1788461356.248,idle,6.354,2.24,37.5,1,1,2,6.375,2.225,-39.6,0.0,0.018,0.0,0.0,,1.03
1788461356.304,idle,6.354,2.24,37.5,1,1,2,6.375,2.225,-39.6,0.0,0.018,0.0,0.0,,1.03
1788461356.355,idle,6.354,2.24,37.5,1,1,2,6.375,2.225,-39.6,0.0,0.018,0.0,0.0,,1.03
1788461356.41,idle,6.354,2.24,37.5,1,1,2,6.375,2.225,-39.6,0.0,0.018,0.0,0.0,,1.03
1788461356.463,idle,6.354,2.24,37.5,1,1,2,6.375,2.225,-39.6,0.0,0.018,0.0,0.0,,1.03
1788461356.521,idle,6.354,2.24,37.5,1,1,2,6.375,2.225,-39.6,0.0,0.018,0.0,0.0,,1.03
1788461356.576,idle,6.354,2.24,37.5,1,1,2,6.375,2.225,-39.6,0.0,0.018,0.0,0.0,,1.03
1788461356.638,idle,6.354,2.24,37.5,1,1,2,6.375,2.225,-39.6,0.0,0.018,0.0,0.0,,1.03
1788461356.692,idle,6.354,2.24,37.5,1,1,2,6.375,2.225,-39.6,0.0,0.018,0.0,0.0,,1.03
1788461356.745,idle,6.354,2.24,37.5,1,1,2,6.375,2.225,-39.6,0.0,0.018,0.0,0.0,,1.03
1788461356.796,idle,6.354,2.24,37.5,1,1,2,6.375,2.225,-39.6,0.0,0.018,0.0,0.0,,1.03
1788461356.847,idle,6.354,2.24,37.5,1,1,2,6.375,2.225,-39.6,0.0,0.018,0.0,0.0,,1.03
1788461356.899,idle,6.354,2.24,37.5,1,1,2,6.375,2.225,-39.6,0.0,0.018,0.0,0.0,,1.03
1788461356.95,idle,6.354,2.24,37.5,1,1,2,6.375,2.225,-39.6,0.0,0.018,0.0,0.0,,1.03
1788461357.004,idle,6.354,2.24,37.5,1,1,2,6.375,2.225,-39.6,0.0,0.018,0.0,0.0,,1.03
1788461357.055,idle,6.354,2.24,37.5,1,1,2,6.375,2.225,-39.6,0.0,0.018,0.0,0.0,,1.03
1788461357.109,idle,6.354,2.24,37.5,1,1,2,6.375,2.225,-39.6,0.0,0.018,0.0,0.0,,1.03
1788461357.164,idle,6.354,2.24,37.5,1,1,2,6.375,2.225,-39.6,0.0,0.018,0.0,0.0,,1.03
1788461357.225,idle,6.354,2.24,37.5,1,1,2,6.375,2.225,-39.6,0.0,0.018,0.0,0.0,,1.03
1788461357.286,idle,6.354,2.24,37.5,1,1,2,6.375,2.225,-39.6,0.0,0.018,0.0,0.0,,1.03
1788461357.346,idle,6.354,2.24,37.5,1,1,2,6.375,2.225,-39.6,0.0,0.018,0.0,0.0,,1.03
1788461357.408,idle,6.354,2.24,37.5,1,1,2,6.375,2.225,-39.6,0.0,0.018,0.0,0.0,,1.03
1788461357.461,idle,6.354,2.24,37.5,1,1,2,6.375,2.225,-39.6,0.0,0.018,0.0,0.0,,1.03
1788461357.517,idle,6.354,2.24,37.5,1,1,2,6.375,2.225,-39.6,0.0,0.018,0.0,0.0,,1.03
1788461357.566,idle,6.354,2.24,37.5,1,1,2,6.375,2.225,-39.6,0.0,0.018,0.0,0.0,,1.03
1788461357.617,idle,6.354,2.24,37.5,1,1,2,6.375,2.225,-39.6,0.0,0.018,0.0,0.0,,1.03
1788461357.67,idle,6.354,2.24,37.5,1,1,2,6.375,2.225,-39.6,0.0,0.018,0.0,0.0,,1.03
1788461357.722,idle,6.354,2.24,37.5,1,1,2,6.375,2.225,-39.6,0.0,0.018,0.0,0.0,,1.03
1788461357.773,idle,6.354,2.24,37.5,1,1,2,6.375,2.225,-39.6,0.0,0.018,0.0,0.0,,1.03
1788461357.823,idle,6.354,2.24,37.5,1,1,2,6.375,2.225,-39.6,0.0,0.018,0.0,0.0,,1.03
1788461357.874,idle,6.354,2.24,37.5,1,1,2,6.375,2.225,-39.6,0.0,0.018,0.0,0.0,,1.03
1788461357.925,idle,6.354,2.24,37.5,1,1,2,6.375,2.225,-39.6,0.0,0.018,0.0,0.0,,1.03
1788461357.976,idle,6.354,2.24,37.5,1,1,2,6.375,2.225,-39.6,0.0,0.018,0.0,0.0,,1.03
1788461358.033,idle,6.354,2.24,37.5,1,1,2,6.375,2.225,-39.6,0.0,0.018,0.0,0.0,,1.03
1788461358.091,idle,6.354,2.24,37.5,1,1,2,6.375,2.225,-39.6,0.0,0.018,0.0,0.0,,1.03
1788461358.147,idle,6.354,2.24,37.5,1,1,2,6.375,2.225,-39.6,0.0,0.018,0.0,0.0,,1.03
1788461358.206,idle,6.354,2.24,37.5,1,1,2,6.375,2.225,-39.6,0.0,0.018,0.0,0.0,,1.03
1788461358.262,idle,6.354,2.24,37.5,1,1,2,6.375,2.225,-39.6,0.0,0.018,0.0,0.0,,1.03
1788461358.314,idle,6.354,2.24,37.5,1,1,2,6.375,2.225,-39.6,0.0,0.018,0.0,0.0,,1.03
1788461358.366,idle,6.354,2.24,37.5,1,1,2,6.375,2.225,-39.6,0.0,0.018,0.0,0.0,,1.03
1788461358.416,idle,6.354,2.24,37.5,1,1,2,6.375,2.225,-39.6,0.0,0.018,0.0,0.0,,1.03
1788461358.468,idle,6.354,2.24,37.5,1,1,2,6.375,2.225,-39.6,0.0,0.018,0.0,0.0,,1.03
1788461358.517,idle,6.354,2.24,37.5,1,1,2,6.375,2.225,-39.6,0.0,0.018,0.0,0.0,,1.03
1788461358.572,idle,6.354,2.24,37.5,1,1,2,6.375,2.225,-39.6,0.0,0.018,0.0,0.0,,1.03
1788461358.621,idle,6.354,2.24,37.5,1,1,2,6.375,2.225,-39.6,0.0,0.018,0.0,0.0,,1.03
1788461358.674,idle,6.354,2.24,37.5,1,1,2,6.375,2.225,-39.6,0.0,0.018,0.0,0.0,,1.03
1788461358.724,idle,6.354,2.24,37.5,1,1,2,6.375,2.225,-39.6,0.0,0.018,0.0,0.0,,1.03
1788461358.778,idle,6.354,2.24,37.5,1,1,2,6.375,2.225,-39.6,0.0,0.018,0.0,0.0,,1.03
1788461358.831,idle,6.354,2.24,37.5,1,1,2,6.375,2.225,-39.6,0.0,0.018,0.0,0.0,,1.03
1788461358.888,idle,6.354,2.24,37.5,1,1,2,6.375,2.225,-39.6,0.0,0.018,0.0,0.0,,1.03
1788461358.944,idle,6.354,2.24,37.5,1,1,2,6.375,2.225,-39.6,0.0,0.018,0.0,0.0,,1.03
1788461359.006,idle,6.354,2.24,37.5,1,1,2,6.375,2.225,-39.6,0.0,0.018,0.0,0.0,,1.03
1788461359.061,idle,6.354,2.24,37.5,1,1,2,6.375,2.225,-39.6,0.0,0.018,0.0,0.0,,1.03
1788461359.113,idle,6.354,2.24,37.5,1,1,2,6.375,2.225,-39.6,0.0,0.018,0.0,0.0,,1.03
1788461359.165,idle,6.354,2.24,37.5,1,1,2,6.375,2.225,-39.6,0.0,0.018,0.0,0.0,,1.03
1788461359.215,idle,6.354,2.24,37.5,1,1,2,6.375,2.225,-39.6,0.0,0.018,0.0,0.0,,1.03
1788461359.267,idle,6.354,2.24,37.5,1,1,2,6.375,2.225,-39.6,0.0,0.018,0.0,0.0,,1.03
1788461359.319,idle,6.354,2.24,37.5,1,1,2,6.375,2.225,-39.6,0.0,0.018,0.0,0.0,,1.03
1788461359.37,idle,6.354,2.24,37.5,1,1,2,6.375,2.225,-39.6,0.0,0.018,0.0,0.0,,1.03
1788461359.421,idle,6.354,2.24,37.5,1,1,2,6.375,2.225,-39.6,0.0,0.018,0.0,0.0,,1.03
1788461359.471,idle,6.354,2.24,37.5,1,1,2,6.375,2.225,-39.6,0.0,0.018,0.0,0.0,,1.03
1788461359.523,idle,6.354,2.24,37.5,1,1,2,6.375,2.225,-39.6,0.0,0.018,0.0,0.0,,1.03
1788461359.576,idle,6.354,2.24,37.5,1,1,2,6.375,2.225,-39.6,0.0,0.018,0.0,0.0,,1.03
1788461359.631,idle,6.354,2.24,37.5,1,1,2,6.375,2.225,-39.6,0.0,0.018,0.0,0.0,,1.03
1788461359.69,idle,6.354,2.24,37.5,1,1,2,6.375,2.225,-39.6,0.0,0.018,0.0,0.0,,1.03
1788461359.747,idle,6.354,2.24,37.5,1,1,2,6.375,2.225,-39.6,0.0,0.018,0.0,0.0,,1.03
1788461359.806,idle,6.354,2.24,37.5,1,1,2,6.375,2.225,-39.6,0.0,0.018,0.0,0.0,,1.03
1788461359.859,idle,6.354,2.24,37.5,1,1,2,6.375,2.225,-39.6,0.0,0.018,0.0,0.0,,1.03
1788461359.911,idle,6.354,2.24,37.5,1,1,2,6.375,2.225,-39.6,0.0,0.018,0.0,0.0,,1.03
1788461359.962,idle,6.354,2.24,37.5,1,1,2,6.375,2.225,-39.6,0.0,0.018,0.0,0.0,,1.03
1788461360.012,idle,6.354,2.24,37.5,1,1,2,6.375,2.225,-39.6,0.0,0.018,0.0,0.0,,1.03
1788461360.063,idle,6.354,2.24,37.5,1,1,2,6.375,2.225,-39.6,0.0,0.018,0.0,0.0,,1.03
1788461360.113,idle,6.354,2.24,37.5,1,1,2,6.375,2.225,-39.6,0.0,0.018,0.0,0.0,,1.03
1788461360.165,idle,6.354,2.24,37.5,1,1,2,6.375,2.225,-39.6,0.0,0.018,0.0,0.0,,1.03
1788461360.218,idle,6.354,2.24,37.5,1,1,2,6.375,2.225,-39.6,0.0,0.018,0.0,0.0,,1.03
1788461360.268,idle,6.354,2.24,37.5,1,1,2,6.375,2.225,-39.6,0.0,0.018,0.0,0.0,,1.03
1788461360.321,idle,6.354,2.24,37.5,1,1,2,6.375,2.225,-39.6,0.0,0.018,0.0,0.0,,1.03
1788461360.374,idle,6.354,2.24,37.5,1,1,2,6.375,2.225,-39.6,0.0,0.018,0.0,0.0,,1.03
1788461360.429,idle,6.354,2.24,37.5,1,1,2,6.375,2.225,-39.6,0.0,0.018,0.0,0.0,,1.03
1788461360.492,idle,6.354,2.24,37.5,1,1,2,6.375,2.225,-39.6,0.0,0.018,0.0,0.0,,1.03
1788461360.547,idle,6.354,2.24,37.5,1,1,2,6.375,2.225,-39.6,0.0,0.018,0.0,0.0,,1.03
1788461360.603,idle,6.354,2.24,37.5,1,1,2,6.375,2.225,-39.6,0.0,0.018,0.0,0.0,,1.03
1788461360.654,idle,6.354,2.24,37.5,1,1,2,6.375,2.225,-39.6,0.0,0.018,0.0,0.0,,1.03
1788461360.708,idle,6.354,2.24,37.5,1,1,2,6.375,2.225,-39.6,0.0,0.018,0.0,0.0,,1.03
1788461360.759,idle,6.354,2.24,37.5,1,1,2,6.375,2.225,-39.6,0.0,0.018,0.0,0.0,,1.03
1788461360.812,idle,6.354,2.24,37.5,1,1,2,6.375,2.225,-39.6,0.0,0.018,0.0,0.0,,1.03
1788461360.863,idle,6.354,2.24,37.5,1,1,2,6.375,2.225,-39.6,0.0,0.018,0.0,0.0,,1.03
1788461360.916,idle,6.354,2.24,37.5,1,1,2,6.375,2.225,-39.6,0.0,0.018,0.0,0.0,,1.03
1788461360.968,idle,6.354,2.24,37.5,1,1,2,6.375,2.225,-39.6,0.0,0.018,0.0,0.0,,1.03
1788461361.02,idle,6.354,2.24,37.5,1,1,2,6.375,2.225,-39.6,0.0,0.018,0.0,0.0,,1.03
1788461361.071,idle,6.354,2.24,37.5,1,1,2,6.375,2.225,-39.6,0.0,0.018,0.0,0.0,,1.03
1788461361.124,idle,6.354,2.24,37.5,1,1,2,6.375,2.225,-39.6,0.0,0.018,0.0,0.0,,1.03
1788461361.179,idle,6.354,2.24,37.5,1,1,2,6.375,2.225,-39.6,0.0,0.018,0.0,0.0,,1.03
1788461361.236,idle,6.354,2.24,37.5,1,1,2,6.375,2.225,-39.6,0.0,0.018,0.0,0.0,,1.03
1788461361.298,idle,6.354,2.24,37.5,1,1,2,6.375,2.225,-39.6,0.0,0.018,0.0,0.0,,1.03
1788461361.354,idle,6.354,2.24,37.5,1,1,2,6.375,2.225,-39.6,0.0,0.018,0.0,0.0,,1.03
1788461361.408,idle,6.354,2.24,37.5,1,1,2,6.375,2.225,-39.6,0.0,0.018,0.0,0.0,,1.03
1788461361.459,idle,6.354,2.24,37.5,1,1,2,6.375,2.225,-39.6,0.0,0.018,0.0,0.0,,1.03
1788461361.509,idle,6.354,2.24,37.5,1,1,2,6.375,2.225,-39.6,0.0,0.018,0.0,0.0,,1.03
1788461361.56,idle,6.354,2.24,37.5,1,1,2,6.375,2.225,-39.6,0.0,0.018,0.0,0.0,,1.03
1788461361.611,idle,6.354,2.24,37.5,1,1,2,6.375,2.225,-39.6,0.0,0.018,0.0,0.0,,1.03
1788461361.663,idle,6.354,2.24,37.5,1,1,2,6.375,2.225,-39.6,0.0,0.018,0.0,0.0,,1.03
1788461361.714,idle,6.354,2.24,37.5,1,1,2,6.375,2.225,-39.6,0.0,0.018,0.0,0.0,,1.03
1788461361.767,idle,6.354,2.24,37.5,1,1,2,6.375,2.225,-39.6,0.0,0.018,0.0,0.0,,1.03
1788461361.819,idle,6.354,2.24,37.5,1,1,2,6.375,2.225,-39.6,0.0,0.018,0.0,0.0,,1.03
1788461361.87,idle,6.354,2.24,37.5,1,1,2,6.375,2.225,-39.6,0.0,0.018,0.0,0.0,,1.03
1788461361.924,idle,6.354,2.24,37.5,1,1,2,6.375,2.225,-39.6,0.0,0.018,0.0,0.0,,1.03
1788461361.982,idle,6.354,2.24,37.5,1,1,2,6.375,2.225,-39.6,0.0,0.018,0.0,0.0,,1.03
1788461362.04,idle,6.354,2.24,37.5,1,1,2,6.375,2.225,-39.6,0.0,0.018,0.0,0.0,,1.03
1788461362.097,idle,6.354,2.24,37.5,1,1,2,6.375,2.225,-39.6,0.0,0.018,0.0,0.0,,1.03
1788461362.151,idle,6.354,2.24,37.5,1,1,2,6.375,2.225,-39.6,0.0,0.018,0.0,0.0,,1.03
1788461362.203,idle,6.354,2.24,37.5,1,1,2,6.375,2.225,-39.6,0.0,0.018,0.0,0.0,,1.03
1788461362.253,idle,6.354,2.24,37.5,1,1,2,6.375,2.225,-39.6,0.0,0.018,0.0,0.0,,1.03
1788461362.308,idle,6.354,2.24,37.5,1,1,2,6.375,2.225,-39.6,0.0,0.018,0.0,0.0,,1.03
1788461362.359,idle,6.354,2.24,37.5,1,1,2,6.375,2.225,-39.6,0.0,0.018,0.0,0.0,,1.03
1788461362.409,idle,6.354,2.24,37.5,1,1,2,6.375,2.225,-39.6,0.0,0.018,0.0,0.0,,1.03
1788461362.46,idle,6.354,2.24,37.5,1,1,2,6.375,2.225,-39.6,0.0,0.018,0.0,0.0,,1.03
1788461362.51,idle,6.354,2.24,37.5,1,1,2,6.375,2.225,-39.6,0.0,0.018,0.0,0.0,,1.03
1788461362.56,idle,6.354,2.24,37.5,1,1,2,6.375,2.225,-39.6,0.0,0.018,0.0,0.0,,1.03
1788461362.612,idle,6.354,2.24,37.5,1,1,2,6.375,2.225,-39.6,0.0,0.018,0.0,0.0,,1.03
1788461362.663,idle,6.354,2.24,37.5,1,1,2,6.375,2.225,-39.6,0.0,0.018,0.0,0.0,,1.03
1788461362.719,idle,6.354,2.24,37.5,1,1,2,6.375,2.225,-39.6,0.0,0.018,0.0,0.0,,1.03
1788461362.775,idle,6.354,2.24,37.5,1,1,2,6.375,2.225,-39.6,0.0,0.018,0.0,0.0,,1.03
1788461362.833,idle,6.354,2.24,37.5,1,1,2,6.375,2.225,-39.6,0.0,0.018,0.0,0.0,,1.03
1788461362.89,idle,6.354,2.24,37.5,1,1,2,6.375,2.225,-39.6,0.0,0.018,0.0,0.0,,1.03
1788461362.943,idle,6.354,2.24,37.5,1,1,2,6.375,2.225,-39.6,0.0,0.018,0.0,0.0,,1.03
1788461362.993,idle,6.354,2.24,37.5,1,1,2,6.375,2.225,-39.6,0.0,0.018,0.0,0.0,,1.03
1788461363.044,idle,6.354,2.24,37.5,1,1,2,6.375,2.225,-39.6,0.0,0.018,0.0,0.0,,1.03
1788461363.095,idle,6.354,2.24,37.5,1,1,2,6.375,2.225,-39.6,0.0,0.018,0.0,0.0,,1.03
1788461363.147,idle,6.354,2.24,37.5,1,1,2,6.375,2.225,-39.6,0.0,0.018,0.0,0.0,,1.03
1788461363.197,idle,6.354,2.24,37.5,1,1,2,6.375,2.225,-39.6,0.0,0.018,0.0,0.0,,1.03
1788461363.247,idle,6.354,2.24,37.5,1,1,2,6.375,2.225,-39.6,0.0,0.018,0.0,0.0,,1.03
1788461363.3,idle,6.354,2.24,37.5,1,1,2,6.375,2.225,-39.6,0.0,0.018,0.0,0.0,,1.03
1788461363.351,idle,6.354,2.24,37.5,1,1,2,6.375,2.225,-39.6,0.0,0.018,0.0,0.0,,1.03
1788461363.403,idle,6.354,2.24,37.5,1,1,2,6.375,2.225,-39.6,0.0,0.018,0.0,0.0,,1.03
1788461363.454,idle,6.354,2.24,37.5,1,1,2,6.375,2.225,-39.6,0.0,0.018,0.0,0.0,,1.03
1788461363.514,idle,6.354,2.24,37.5,1,1,2,6.375,2.225,-39.6,0.0,0.018,0.0,0.0,,1.03
1788461363.569,idle,6.354,2.24,37.5,1,1,2,6.375,2.225,-39.6,0.0,0.018,0.0,0.0,,1.03
1788461363.628,idle,6.354,2.24,37.5,1,1,2,6.375,2.225,-39.6,0.0,0.018,0.0,0.0,,1.03
1788461363.684,idle,6.354,2.24,37.5,1,1,2,6.375,2.225,-39.6,0.0,0.018,0.0,0.0,,1.03
1788461363.737,idle,6.354,2.24,37.5,1,1,2,6.375,2.225,-39.6,0.0,0.018,0.0,0.0,,1.03
1788461363.789,idle,6.354,2.24,37.5,1,1,2,6.375,2.225,-39.6,0.0,0.018,0.0,0.0,,1.03
1788461363.839,idle,6.354,2.24,37.5,1,1,2,6.375,2.225,-39.6,0.0,0.018,0.0,0.0,,1.03
1788461363.89,idle,6.354,2.24,37.5,1,1,2,6.375,2.225,-39.6,0.0,0.018,0.0,0.0,,1.03
1788461363.94,idle,6.354,2.24,37.5,1,1,2,6.375,2.225,-39.6,0.0,0.018,0.0,0.0,,1.03
1788461363.991,idle,6.354,2.24,37.5,1,1,2,6.375,2.225,-39.6,0.0,0.018,0.0,0.0,,1.03
1788461364.043,idle,6.354,2.24,37.5,1,1,2,6.375,2.225,-39.6,0.0,0.018,0.0,0.0,,1.03
1788461364.094,idle,6.354,2.24,37.5,1,1,2,6.375,2.225,-39.6,0.0,0.018,0.0,0.0,,1.03
1788461364.143,idle,6.354,2.24,37.5,1,1,2,6.375,2.225,-39.6,0.0,0.018,0.0,0.0,,1.03
1788461364.197,idle,6.354,2.24,37.5,1,1,2,6.375,2.225,-39.6,0.0,0.018,0.0,0.0,,1.03
1788461364.248,idle,6.354,2.24,37.5,1,1,2,6.375,2.225,-39.6,0.0,0.018,0.0,0.0,,1.03
1788461364.31,idle,6.354,2.24,37.5,1,1,2,6.375,2.225,-39.6,0.0,0.018,0.0,0.0,,1.03
1788461364.369,idle,6.354,2.24,37.5,1,1,2,6.375,2.225,-39.6,0.0,0.018,0.0,0.0,,1.03
1788461364.429,idle,6.354,2.24,37.5,1,1,2,6.375,2.225,-39.6,0.0,0.018,0.0,0.0,,1.03
1788461364.482,idle,6.354,2.24,37.5,1,1,2,6.375,2.225,-39.6,0.0,0.018,0.0,0.0,,1.03
1788461364.534,idle,6.354,2.24,37.5,1,1,2,6.375,2.225,-39.6,0.0,0.018,0.0,0.0,,1.03
1788461364.586,idle,6.354,2.24,37.5,1,1,2,6.375,2.225,-39.6,0.0,0.018,0.0,0.0,,1.03
1788461364.638,idle,6.354,2.24,37.5,1,1,2,6.375,2.225,-39.6,0.0,0.018,0.0,0.0,,1.03
1788461364.689,idle,6.354,2.24,37.5,1,1,2,6.375,2.225,-39.6,0.0,0.018,0.0,0.0,,1.03
1788461364.74,idle,6.354,2.24,37.5,1,1,2,6.375,2.225,-39.6,0.0,0.018,0.0,0.0,,1.03
1788461364.79,idle,6.354,2.24,37.5,1,1,2,6.375,2.225,-39.6,0.0,0.018,0.0,0.0,,1.03
1788461364.841,idle,6.354,2.24,37.5,1,1,2,6.375,2.225,-39.6,0.0,0.018,0.0,0.0,,1.03
1788461364.892,idle,6.354,2.24,37.5,1,1,2,6.375,2.225,-39.6,0.0,0.018,0.0,0.0,,1.03
1788461364.943,idle,6.354,2.24,37.5,1,1,2,6.375,2.225,-39.6,0.0,0.018,0.0,0.0,,1.03
1788461364.996,idle,6.354,2.24,37.5,1,1,2,6.375,2.225,-39.6,0.0,0.018,0.0,0.0,,1.03
1788461365.054,idle,6.354,2.24,37.5,1,1,2,6.375,2.225,-39.6,0.0,0.018,0.0,0.0,,1.03
1788461365.113,idle,6.354,2.24,37.5,1,1,2,6.375,2.225,-39.6,0.0,0.018,0.0,0.0,,1.03
1788461365.172,idle,6.354,2.24,37.5,1,1,2,6.375,2.225,-39.6,0.0,0.018,0.0,0.0,,1.03
1788461365.228,idle,6.354,2.24,37.5,1,1,2,6.375,2.225,-39.6,0.0,0.018,0.0,0.0,,1.03
1788461365.283,idle,6.354,2.24,37.5,1,1,2,6.375,2.225,-39.6,0.0,0.018,0.0,0.0,,1.03
1788461365.336,idle,6.354,2.24,37.5,1,1,2,6.375,2.225,-39.6,0.0,0.018,0.0,0.0,,1.03
1788461365.388,idle,6.354,2.24,37.5,1,1,2,6.375,2.225,-39.6,0.0,0.018,0.0,0.0,,1.03
1788461365.44,idle,6.354,2.24,37.5,1,1,2,6.375,2.225,-39.6,0.0,0.018,0.0,0.0,,1.03
1788461365.493,idle,6.354,2.24,37.5,1,1,2,6.375,2.225,-39.6,0.0,0.018,0.0,0.0,,1.03
1788461365.543,idle,6.354,2.24,37.5,1,1,2,6.375,2.225,-39.6,0.0,0.018,0.0,0.0,,1.03
1788461365.597,idle,6.354,2.24,37.5,1,1,2,6.375,2.225,-39.6,0.0,0.018,0.0,0.0,,1.03
1788461365.647,idle,6.354,2.24,37.5,1,1,2,6.375,2.225,-39.6,0.0,0.018,0.0,0.0,,1.03
1788461365.7,idle,6.354,2.24,37.5,1,1,2,6.375,2.225,-39.6,0.0,0.018,0.0,0.0,,1.03
1788461365.751,idle,6.354,2.24,37.5,1,1,2,6.375,2.225,-39.6,0.0,0.018,0.0,0.0,,1.03
1788461365.807,idle,6.354,2.24,37.5,1,1,2,6.375,2.225,-39.6,0.0,0.018,0.0,0.0,,1.03
1788461365.864,idle,6.354,2.24,37.5,1,1,2,6.375,2.225,-39.6,0.0,0.018,0.0,0.0,,1.03
1788461365.923,idle,6.354,2.24,37.5,1,1,2,6.375,2.225,-39.6,0.0,0.018,0.0,0.0,,1.03
1788461365.982,idle,6.354,2.24,37.5,1,1,2,6.375,2.225,-39.6,0.0,0.018,0.0,0.0,,1.03
1788461366.034,idle,6.354,2.24,37.5,1,1,2,6.375,2.225,-39.6,0.0,0.018,0.0,0.0,,1.03
1788461366.087,idle,6.354,2.24,37.5,1,1,2,6.375,2.225,-39.6,0.0,0.018,0.0,0.0,,1.03
1788461366.139,idle,6.354,2.24,37.5,1,1,2,6.375,2.225,-39.6,0.0,0.018,0.0,0.0,,1.03
1788461366.191,idle,6.354,2.24,37.5,1,1,2,6.375,2.225,-39.6,0.0,0.018,0.0,0.0,,1.03
1788461366.242,idle,6.354,2.24,37.5,1,1,2,6.375,2.225,-39.6,0.0,0.018,0.0,0.0,,1.03
1788461366.294,idle,6.354,2.24,37.5,1,1,2,6.375,2.225,-39.6,0.0,0.018,0.0,0.0,,1.03
1788461366.344,idle,6.354,2.24,37.5,1,1,2,6.375,2.225,-39.6,0.0,0.018,0.0,0.0,,1.03
1788461366.396,idle,6.354,2.24,37.5,1,1,2,6.375,2.225,-39.6,0.0,0.018,0.0,0.0,,1.03
1788461366.449,idle,6.354,2.24,37.5,1,1,2,6.375,2.225,-39.6,0.0,0.018,0.0,0.0,,1.03
1788461366.5,idle,6.354,2.24,37.5,1,1,2,6.375,2.225,-39.6,0.0,0.018,0.0,0.0,,1.03
1788461366.552,idle,6.354,2.24,37.5,1,1,2,6.375,2.225,-39.6,0.0,0.018,0.0,0.0,,1.03
1788461366.609,idle,6.354,2.24,37.5,1,1,2,6.375,2.225,-39.6,0.0,0.018,0.0,0.0,,1.03
1788461366.665,idle,6.354,2.24,37.5,1,1,2,6.375,2.225,-39.6,0.0,0.018,0.0,0.0,,1.03
1788461366.724,idle,6.354,2.24,37.5,1,1,2,6.375,2.225,-39.6,0.0,0.018,0.0,0.0,,1.03
1788461366.777,idle,6.354,2.24,37.5,1,1,2,6.375,2.225,-39.6,0.0,0.018,0.0,0.0,,1.03
1788461366.829,idle,6.354,2.24,37.5,1,1,2,6.375,2.225,-39.6,0.0,0.018,0.0,0.0,,1.03
1788461366.882,idle,6.354,2.24,37.5,1,1,2,6.375,2.225,-39.6,0.0,0.018,0.0,0.0,,1.03
1788461366.933,idle,6.354,2.24,37.5,1,1,2,6.375,2.225,-39.6,0.0,0.018,0.0,0.0,,1.03
1788461366.986,idle,6.354,2.24,37.5,1,1,2,6.375,2.225,-39.6,0.0,0.018,0.0,0.0,,1.03
1788461367.037,idle,6.354,2.24,37.5,1,1,2,6.375,2.225,-39.6,0.0,0.018,0.0,0.0,,1.03
1788461367.088,idle,6.354,2.24,37.5,1,1,2,6.375,2.225,-39.6,0.0,0.018,0.0,0.0,,1.03
1788461367.139,idle,6.354,2.24,37.5,1,1,2,6.375,2.225,-39.6,0.0,0.018,0.0,0.0,,1.03
1788461367.191,idle,6.354,2.24,37.5,1,1,2,6.375,2.225,-39.6,0.0,0.018,0.0,0.0,,1.03
1788461367.242,idle,6.354,2.24,37.5,1,1,2,6.375,2.225,-39.6,0.0,0.018,0.0,0.0,,1.03
1788461367.292,idle,6.354,2.24,37.5,1,1,2,6.375,2.225,-39.6,0.0,0.018,0.0,0.0,,1.03
1788461367.343,idle,6.354,2.24,37.5,1,1,2,6.375,2.225,-39.6,0.0,0.018,0.0,0.0,,1.03
1788461367.402,idle,6.354,2.24,37.5,1,1,2,6.375,2.225,-39.6,0.0,0.018,0.0,0.0,,1.03
1788461367.461,idle,6.354,2.24,37.5,1,1,2,6.375,2.225,-39.6,0.0,0.018,0.0,0.0,,1.03
1788461367.519,idle,6.354,2.24,37.5,1,1,2,6.375,2.225,-39.6,0.0,0.018,0.0,0.0,,1.03
1788461367.572,idle,6.354,2.24,37.5,1,1,2,6.375,2.225,-39.6,0.0,0.018,0.0,0.0,,1.03
1788461367.625,idle,6.354,2.24,37.5,1,1,2,6.375,2.225,-39.6,0.0,0.018,0.0,0.0,,1.03
1788461367.676,idle,6.354,2.24,37.5,1,1,2,6.375,2.225,-39.6,0.0,0.018,0.0,0.0,,1.03
1788461367.729,idle,6.354,2.24,37.5,1,1,2,6.375,2.225,-39.6,0.0,0.018,0.0,0.0,,1.03
1788461367.778,idle,6.354,2.24,37.5,1,1,2,6.375,2.225,-39.6,0.0,0.018,0.0,0.0,,1.03
1788461367.83,idle,6.354,2.24,37.5,1,1,2,6.375,2.225,-39.6,0.0,0.018,0.0,0.0,,1.03
1788461367.88,idle,6.354,2.24,37.5,1,1,2,6.375,2.225,-39.6,0.0,0.018,0.0,0.0,,1.03
1788461367.93,idle,6.354,2.24,37.5,1,1,2,6.375,2.225,-39.6,0.0,0.018,0.0,0.0,,1.03
1788461367.982,idle,6.354,2.24,37.5,1,1,2,6.375,2.225,-39.6,0.0,0.018,0.0,0.0,,1.03
1788461368.033,idle,6.354,2.24,37.5,1,1,2,6.375,2.225,-39.6,0.0,0.018,0.0,0.0,,1.03
1788461368.087,idle,6.354,2.24,37.5,1,1,2,6.375,2.225,-39.6,0.0,0.018,0.0,0.0,,1.03
1788461368.143,idle,6.354,2.24,37.5,1,1,2,6.375,2.225,-39.6,0.0,0.018,0.0,0.0,,1.03
1788461368.201,idle,6.354,2.24,37.5,1,1,2,6.375,2.225,-39.6,0.0,0.018,0.0,0.0,,1.03
1788461368.257,idle,6.354,2.24,37.5,1,1,2,6.375,2.225,-39.6,0.0,0.018,0.0,0.0,,1.03
1788461368.316,idle,6.354,2.24,37.5,1,1,2,6.375,2.225,-39.6,0.0,0.018,0.0,0.0,,1.03
1788461368.369,idle,6.354,2.24,37.5,1,1,2,6.375,2.225,-39.6,0.0,0.018,0.0,0.0,,1.03
1788461368.421,idle,6.354,2.24,37.5,1,1,2,6.375,2.225,-39.6,0.0,0.018,0.0,0.0,,1.03
1788461368.471,idle,6.354,2.24,37.5,1,1,2,6.375,2.225,-39.6,0.0,0.018,0.0,0.0,,1.03
1788461368.523,idle,6.354,2.24,37.5,1,1,2,6.375,2.225,-39.6,0.0,0.018,0.0,0.0,,1.03
1788461368.574,idle,6.354,2.24,37.5,1,1,2,6.375,2.225,-39.6,0.0,0.018,0.0,0.0,,1.03
1788461368.625,idle,6.354,2.24,37.5,1,1,2,6.375,2.225,-39.6,0.0,0.018,0.0,0.0,,1.03
1788461368.678,idle,6.354,2.24,37.5,1,1,2,6.375,2.225,-39.6,0.0,0.018,0.0,0.0,,1.03
1788461368.727,idle,6.354,2.24,37.5,1,1,2,6.375,2.225,-39.6,0.0,0.018,0.0,0.0,,1.03
1788461368.778,idle,6.354,2.24,37.5,1,1,2,6.375,2.225,-39.6,0.0,0.018,0.0,0.0,,1.03
1788461368.832,idle,6.354,2.24,37.5,1,1,2,6.375,2.225,-39.6,0.0,0.018,0.0,0.0,,1.03
1788461368.886,idle,6.354,2.24,37.5,1,1,2,6.375,2.225,-39.6,0.0,0.018,0.0,0.0,,1.03
1788461368.938,idle,6.354,2.24,37.5,1,1,2,6.375,2.225,-39.6,0.0,0.018,0.0,0.0,,1.03
1788461368.995,idle,6.354,2.24,37.5,1,1,2,6.375,2.225,-39.6,0.0,0.018,0.0,0.0,,1.03
1788461369.051,idle,6.354,2.24,37.5,1,1,2,6.375,2.225,-39.6,0.0,0.018,0.0,0.0,,1.03
1788461369.11,idle,6.354,2.24,37.5,1,1,2,6.375,2.225,-39.6,0.0,0.018,0.0,0.0,,1.03
1788461369.165,idle,6.354,2.24,37.5,1,1,2,6.375,2.225,-39.6,0.0,0.018,0.0,0.0,,1.03
1788461369.219,idle,6.354,2.24,37.5,1,1,2,6.375,2.225,-39.6,0.0,0.018,0.0,0.0,,1.03
1788461369.271,idle,6.354,2.24,37.5,1,1,2,6.375,2.225,-39.6,0.0,0.018,0.0,0.0,,1.03
1788461369.324,idle,6.354,2.24,37.5,1,1,2,6.375,2.225,-39.6,0.0,0.018,0.0,0.0,,1.03
1788461369.373,idle,6.354,2.24,37.5,1,1,2,6.375,2.225,-39.6,0.0,0.018,0.0,0.0,,1.03
1788461369.425,idle,6.354,2.24,37.5,1,1,2,6.375,2.225,-39.6,0.0,0.018,0.0,0.0,,1.03
1788461369.476,idle,6.354,2.24,37.5,1,1,2,6.375,2.225,-39.6,0.0,0.018,0.0,0.0,,1.03
1788461369.528,idle,6.354,2.24,37.5,1,1,2,6.375,2.225,-39.6,0.0,0.018,0.0,0.0,,1.03
1788461369.578,idle,6.354,2.24,37.5,1,1,2,6.375,2.225,-39.6,0.0,0.018,0.0,0.0,,1.03
1788461369.631,idle,6.354,2.24,37.5,1,1,2,6.375,2.225,-39.6,0.0,0.018,0.0,0.0,,1.03
1788461369.685,idle,6.354,2.24,37.5,1,1,2,6.375,2.225,-39.6,0.0,0.018,0.0,0.0,,1.03
1788461369.745,idle,6.354,2.24,37.5,1,1,2,6.375,2.225,-39.6,0.0,0.018,0.0,0.0,,1.03
1788461369.805,idle,6.354,2.24,37.5,1,1,2,6.375,2.225,-39.6,0.0,0.018,0.0,0.0,,1.03
1788461369.863,idle,6.354,2.24,37.5,1,1,2,6.375,2.225,-39.6,0.0,0.018,0.0,0.0,,1.03
1788461369.917,idle,6.354,2.24,37.5,1,1,2,6.375,2.225,-39.6,0.0,0.018,0.0,0.0,,1.03
1788461369.969,idle,6.354,2.24,37.5,1,1,2,6.375,2.225,-39.6,0.0,0.018,0.0,0.0,,1.03
1788461370.019,idle,6.354,2.24,37.5,1,1,2,6.375,2.225,-39.6,0.0,0.018,0.0,0.0,,1.03
1788461370.073,idle,6.354,2.24,37.5,1,1,2,6.375,2.225,-39.6,0.0,0.018,0.0,0.0,,1.03
1788461370.125,idle,6.354,2.24,37.5,1,1,2,6.375,2.225,-39.6,0.0,0.018,0.0,0.0,,1.03
1788461370.176,idle,6.354,2.24,37.5,1,1,2,6.375,2.225,-39.6,0.0,0.018,0.0,0.0,,1.03
1788461370.228,idle,6.354,2.24,37.5,1,1,2,6.375,2.225,-39.6,0.0,0.018,0.0,0.0,,1.03
1788461370.28,idle,6.354,2.24,37.5,1,1,2,6.375,2.225,-39.6,0.0,0.018,0.0,0.0,,1.03
1788461370.331,idle,6.354,2.24,37.5,1,1,2,6.375,2.225,-39.6,0.0,0.018,0.0,0.0,,1.03
1788461370.382,idle,6.354,2.24,37.5,1,1,2,6.375,2.225,-39.6,0.0,0.018,0.0,0.0,,1.03
1788461370.432,idle,6.354,2.24,37.5,1,1,2,6.375,2.225,-39.6,0.0,0.018,0.0,0.0,,1.03
1788461370.495,idle,6.354,2.24,37.5,1,1,2,6.375,2.225,-39.6,0.0,0.018,0.0,0.0,,1.03
1788461370.55,idle,6.354,2.24,37.5,1,1,2,6.375,2.225,-39.6,0.0,0.018,0.0,0.0,,1.03
1788461370.608,idle,6.354,2.24,37.5,1,1,2,6.375,2.225,-39.6,0.0,0.018,0.0,0.0,,1.03
1788461370.662,idle,6.354,2.24,37.5,1,1,2,6.375,2.225,-39.6,0.0,0.018,0.0,0.0,,1.03
1788461370.716,idle,6.354,2.24,37.5,1,1,2,6.375,2.225,-39.6,0.0,0.018,0.0,0.0,,1.03
1788461370.767,idle,6.354,2.24,37.5,1,1,2,6.375,2.225,-39.6,0.0,0.018,0.0,0.0,,1.03
1788461370.818,idle,6.354,2.24,37.5,1,1,2,6.375,2.225,-39.6,0.0,0.018,0.0,0.0,,1.03
1788461370.87,idle,6.354,2.24,37.5,1,1,2,6.375,2.225,-39.6,0.0,0.018,0.0,0.0,,1.03
1788461370.921,idle,6.354,2.24,37.5,1,1,2,6.375,2.225,-39.6,0.0,0.018,0.0,0.0,,1.03
1788461370.972,idle,6.354,2.24,37.5,1,1,2,6.375,2.225,-39.6,0.0,0.018,0.0,0.0,,1.03
1788461371.022,idle,6.354,2.24,37.5,1,1,2,6.375,2.225,-39.6,0.0,0.018,0.0,0.0,,1.03
1788461371.074,idle,6.354,2.24,37.5,1,1,2,6.375,2.225,-39.6,0.0,0.018,0.0,0.0,,1.03
1788461371.126,idle,6.354,2.24,37.5,1,1,2,6.375,2.225,-39.6,0.0,0.018,0.0,0.0,,1.03
1788461371.176,idle,6.354,2.24,37.5,1,1,2,6.375,2.225,-39.6,0.0,0.018,0.0,0.0,,1.03
1788461371.23,idle,6.354,2.24,37.5,1,1,2,6.375,2.225,-39.6,0.0,0.018,0.0,0.0,,1.03
1788461371.283,idle,6.354,2.24,37.5,1,1,2,6.375,2.225,-39.6,0.0,0.018,0.0,0.0,,1.03
1788461371.338,idle,6.354,2.24,37.5,1,1,2,6.375,2.225,-39.6,0.0,0.018,0.0,0.0,,1.03
1788461371.396,idle,6.354,2.24,37.5,1,1,2,6.375,2.225,-39.6,0.0,0.018,0.0,0.0,,1.03
1788461371.451,idle,6.354,2.24,37.5,1,1,2,6.375,2.225,-39.6,0.0,0.018,0.0,0.0,,1.03
1788461371.502,idle,6.354,2.24,37.5,1,1,2,6.375,2.225,-39.6,0.0,0.018,0.0,0.0,,1.03
1788461371.555,idle,6.354,2.24,37.5,1,1,2,6.375,2.225,-39.6,0.0,0.018,0.0,0.0,,1.03
1788461371.606,idle,6.354,2.24,37.5,1,1,2,6.375,2.225,-39.6,0.0,0.018,0.0,0.0,,1.03
1788461371.656,idle,6.354,2.24,37.5,1,1,2,6.375,2.225,-39.6,0.0,0.018,0.0,0.0,,1.03
1788461371.71,idle,6.354,2.24,37.5,1,1,2,6.375,2.225,-39.6,0.0,0.018,0.0,0.0,,1.03
1788461371.761,idle,6.354,2.24,37.5,1,1,2,6.375,2.225,-39.6,0.0,0.018,0.0,0.0,,1.03
1788461371.813,idle,6.354,2.24,37.5,1,1,2,6.375,2.225,-39.6,0.0,0.018,0.0,0.0,,1.03
1788461371.865,idle,6.354,2.24,37.5,1,1,2,6.375,2.225,-39.6,0.0,0.018,0.0,0.0,,1.03
1788461371.916,idle,6.354,2.24,37.5,1,1,2,6.375,2.225,-39.6,0.0,0.018,0.0,0.0,,1.03
1788461371.969,idle,6.354,2.24,37.5,1,1,2,6.375,2.225,-39.6,0.0,0.018,0.0,0.0,,1.03
1788461372.021,idle,6.354,2.24,37.5,1,1,2,6.375,2.225,-39.6,0.0,0.018,0.0,0.0,,1.03
1788461372.077,idle,6.354,2.24,37.5,1,1,2,6.375,2.225,-39.6,0.0,0.018,0.0,0.0,,1.03
1788461372.134,idle,6.354,2.24,37.5,1,1,2,6.375,2.225,-39.6,0.0,0.018,0.0,0.0,,1.03
1788461372.192,idle,6.354,2.24,37.5,1,1,2,6.375,2.225,-39.6,0.0,0.018,0.0,0.0,,1.03
1788461372.246,idle,6.354,2.24,37.5,1,1,2,6.375,2.225,-39.6,0.0,0.018,0.0,0.0,,1.03
1788461372.301,idle,6.354,2.24,37.5,1,1,2,6.375,2.225,-39.6,0.0,0.018,0.0,0.0,,1.03
1788461372.353,idle,6.354,2.24,37.5,1,1,2,6.375,2.225,-39.6,0.0,0.018,0.0,0.0,,1.03
1788461372.406,idle,6.354,2.24,37.5,1,1,2,6.375,2.225,-39.6,0.0,0.018,0.0,0.0,,1.03
1788461372.457,idle,6.354,2.24,37.5,1,1,2,6.375,2.225,-39.6,0.0,0.018,0.0,0.0,,1.03
1788461372.511,idle,6.354,2.24,37.5,1,1,2,6.375,2.225,-39.6,0.0,0.018,0.0,0.0,,1.03
1788461372.562,idle,6.354,2.24,37.5,1,1,2,6.375,2.225,-39.6,0.0,0.018,0.0,0.0,,1.03
1788461372.613,idle,6.354,2.24,37.5,1,1,2,6.375,2.225,-39.6,0.0,0.018,0.0,0.0,,1.03
1788461372.664,idle,6.354,2.24,37.5,1,1,2,6.375,2.225,-39.6,0.0,0.018,0.0,0.0,,1.03
1788461372.716,idle,6.354,2.24,37.5,1,1,2,6.375,2.225,-39.6,0.0,0.018,0.0,0.0,,1.03
1788461372.766,idle,6.354,2.24,37.5,1,1,2,6.375,2.225,-39.6,0.0,0.018,0.0,0.0,,1.03
1788461372.824,idle,6.354,2.24,37.5,1,1,2,6.375,2.225,-39.6,0.0,0.018,0.0,0.0,,1.03
1788461372.88,idle,6.354,2.24,37.5,1,1,2,6.375,2.225,-39.6,0.0,0.018,0.0,0.0,,1.03
1788461372.937,idle,6.354,2.24,37.5,1,1,2,6.375,2.225,-39.6,0.0,0.018,0.0,0.0,,1.03
1788461372.991,idle,6.354,2.24,37.5,1,1,2,6.375,2.225,-39.6,0.0,0.018,0.0,0.0,,1.03
1788461373.045,idle,6.354,2.24,37.5,1,1,2,6.375,2.225,-39.6,0.0,0.018,0.0,0.0,,1.03
1788461373.097,idle,6.354,2.24,37.5,1,1,2,6.375,2.225,-39.6,0.0,0.018,0.0,0.0,,1.03
1788461373.147,idle,6.354,2.24,37.5,1,1,2,6.375,2.225,-39.6,0.0,0.018,0.0,0.0,,1.03
1788461373.198,idle,6.354,2.24,37.5,1,1,2,6.375,2.225,-39.6,0.0,0.018,0.0,0.0,,1.03
1788461373.252,idle,6.354,2.24,37.5,1,1,2,6.375,2.225,-39.6,0.0,0.018,0.0,0.0,,1.03
1788461373.307,idle,6.354,2.24,37.5,1,1,2,6.375,2.225,-39.6,0.0,0.018,0.0,0.0,,1.03
1788461373.363,idle,6.354,2.24,37.5,1,1,2,6.375,2.225,-39.6,0.0,0.018,0.0,0.0,,1.03
1788461373.418,idle,6.354,2.24,37.5,1,1,2,6.375,2.225,-39.6,0.0,0.018,0.0,0.0,,1.03
1788461373.47,idle,6.354,2.24,37.5,1,1,2,6.375,2.225,-39.6,0.0,0.018,0.0,0.0,,1.03
1788461373.522,idle,6.354,2.24,37.5,1,1,2,6.375,2.225,-39.6,0.0,0.018,0.0,0.0,,1.03
1788461373.576,idle,6.354,2.24,37.5,1,1,2,6.375,2.225,-39.6,0.0,0.018,0.0,0.0,,1.03
1788461373.631,idle,6.354,2.24,37.5,1,1,2,6.375,2.225,-39.6,0.0,0.018,0.0,0.0,,1.03
1788461373.691,idle,6.354,2.24,37.5,1,1,2,6.375,2.225,-39.6,0.0,0.018,0.0,0.0,,1.03
1788461373.745,idle,6.354,2.24,37.5,1,1,2,6.375,2.225,-39.6,0.0,0.018,0.0,0.0,,1.03
1788461373.806,idle,6.354,2.24,37.5,1,1,2,6.375,2.225,-39.6,0.0,0.018,0.0,0.0,,1.03
1788461373.856,idle,6.354,2.24,37.5,1,1,2,6.375,2.225,-39.6,0.0,0.018,0.0,0.0,,1.03
1788461373.909,idle,6.354,2.24,37.5,1,1,2,6.375,2.225,-39.6,0.0,0.018,0.0,0.0,,1.03
1788461373.958,idle,6.354,2.24,37.5,1,1,2,6.375,2.225,-39.6,0.0,0.018,0.0,0.0,,1.03
1788461374.009,idle,6.354,2.24,37.5,1,1,2,6.375,2.225,-39.6,0.0,0.018,0.0,0.0,,1.03
1788461374.061,idle,6.354,2.24,37.5,1,1,2,6.375,2.225,-39.6,0.0,0.018,0.0,0.0,,1.03
1788461374.115,idle,6.354,2.24,37.5,1,1,2,6.375,2.225,-39.6,0.0,0.018,0.0,0.0,,1.03
1788461374.167,idle,6.354,2.24,37.5,1,1,2,6.375,2.225,-39.6,0.0,0.018,0.0,0.0,,1.03
1788461374.219,idle,6.354,2.24,37.5,1,1,2,6.375,2.225,-39.6,0.0,0.018,0.0,0.0,,1.03
1788461374.27,idle,6.354,2.24,37.5,1,1,2,6.375,2.225,-39.6,0.0,0.018,0.0,0.0,,1.03
1788461374.321,idle,6.354,2.24,37.5,1,1,2,6.375,2.225,-39.6,0.0,0.018,0.0,0.0,,1.03
1788461374.374,idle,6.354,2.24,37.5,1,1,2,6.375,2.225,-39.6,0.0,0.018,0.0,0.0,,1.03
1788461374.431,idle,6.354,2.24,37.5,1,1,2,6.375,2.225,-39.6,0.0,0.018,0.0,0.0,,1.03
1788461374.488,idle,6.354,2.24,37.5,1,1,2,6.375,2.225,-39.6,0.0,0.018,0.0,0.0,,1.03
1788461374.542,idle,6.354,2.24,37.5,1,1,2,6.375,2.225,-39.6,0.0,0.018,0.0,0.0,,1.03
1788461374.595,idle,6.354,2.24,37.5,1,1,2,6.375,2.225,-39.6,0.0,0.018,0.0,0.0,,1.03
1788461374.646,idle,6.354,2.24,37.5,1,1,2,6.375,2.225,-39.6,0.0,0.018,0.0,0.0,,1.03
1788461374.7,idle,6.354,2.24,37.5,1,1,2,6.375,2.225,-39.6,0.0,0.018,0.0,0.0,,1.03
1788461374.75,idle,6.354,2.24,37.5,1,1,2,6.375,2.225,-39.6,0.0,0.018,0.0,0.0,,1.03
1788461374.801,idle,6.354,2.24,37.5,1,1,2,6.375,2.225,-39.6,0.0,0.018,0.0,0.0,,1.03
1788461374.85,idle,6.354,2.24,37.5,1,1,2,6.375,2.225,-39.6,0.0,0.018,0.0,0.0,,1.03
1788461374.902,idle,6.354,2.24,37.5,1,1,2,6.375,2.225,-39.6,0.0,0.018,0.0,0.0,,1.03
1788461374.956,idle,6.354,2.24,37.5,1,1,2,6.375,2.225,-39.6,0.0,0.018,0.0,0.0,,1.03
1788461375.015,idle,6.354,2.24,37.5,1,1,2,6.375,2.225,-39.6,0.0,0.018,0.0,0.0,,1.03
1788461375.07,idle,6.354,2.24,37.5,1,1,2,6.375,2.225,-39.6,0.0,0.018,0.0,0.0,,1.03
1788461375.121,idle,6.354,2.24,37.5,1,1,2,6.375,2.225,-39.6,0.0,0.018,0.0,0.0,,1.03
1788461375.177,idle,6.354,2.24,37.5,1,1,2,6.375,2.225,-39.6,0.0,0.018,0.0,0.0,,1.03
1788461375.236,idle,6.354,2.24,37.5,1,1,2,6.375,2.225,-39.6,0.0,0.018,0.0,0.0,,1.03
1788461375.295,idle,6.354,2.24,37.5,1,1,2,6.375,2.225,-39.6,0.0,0.018,0.0,0.0,,1.03
1788461375.348,idle,6.354,2.24,37.5,1,1,2,6.375,2.225,-39.6,0.0,0.018,0.0,0.0,,1.03
1788461375.404,idle,6.354,2.24,37.5,1,1,2,6.375,2.225,-39.6,0.0,0.018,0.0,0.0,,1.03
1788461375.455,idle,6.354,2.24,37.5,1,1,2,6.375,2.225,-39.6,0.0,0.018,0.0,0.0,,1.03
1788461375.509,idle,6.354,2.24,37.5,1,1,2,6.375,2.225,-39.6,0.0,0.018,0.0,0.0,,1.03
1788461375.56,idle,6.354,2.24,37.5,1,1,2,6.375,2.225,-39.6,0.0,0.018,0.0,0.0,,1.03
1788461375.613,idle,6.354,2.24,37.5,1,1,2,6.375,2.225,-39.6,0.0,0.018,0.0,0.0,,1.03
1788461375.664,idle,6.354,2.24,37.5,1,1,2,6.375,2.225,-39.6,0.0,0.018,0.0,0.0,,1.03
1788461375.717,idle,6.354,2.24,37.5,1,1,2,6.375,2.225,-39.6,0.0,0.018,0.0,0.0,,1.03
1788461375.768,idle,6.354,2.24,37.5,1,1,2,6.375,2.225,-39.6,0.0,0.018,0.0,0.0,,1.03
1788461375.822,idle,6.354,2.24,37.5,1,1,2,6.375,2.225,-39.6,0.0,0.018,0.0,0.0,,1.03
1788461375.874,idle,6.354,2.24,37.5,1,1,2,6.375,2.225,-39.6,0.0,0.018,0.0,0.0,,1.03
1788461375.929,idle,6.354,2.24,37.5,1,1,2,6.375,2.225,-39.6,0.0,0.018,0.0,0.0,,1.03
1788461375.988,idle,6.354,2.24,37.5,1,1,2,6.375,2.225,-39.6,0.0,0.018,0.0,0.0,,1.03
1788461376.042,idle,6.354,2.24,37.5,1,1,2,6.375,2.225,-39.6,0.0,0.018,0.0,0.0,,1.03
1788461376.101,idle,6.354,2.24,37.5,1,1,2,6.375,2.225,-39.6,0.0,0.018,0.0,0.0,,1.03
1788461376.156,idle,6.354,2.24,37.5,1,1,2,6.375,2.225,-39.6,0.0,0.018,0.0,0.0,,1.03
1788461376.207,idle,6.354,2.24,37.5,1,1,2,6.375,2.225,-39.6,0.0,0.018,0.0,0.0,,1.03
1788461376.259,idle,6.354,2.24,37.5,1,1,2,6.375,2.225,-39.6,0.0,0.018,0.0,0.0,,1.03
1788461376.313,idle,6.354,2.24,37.5,1,1,2,6.375,2.225,-39.6,0.0,0.018,0.0,0.0,,1.03
1788461376.366,idle,6.354,2.24,37.5,1,1,2,6.375,2.225,-39.6,0.0,0.018,0.0,0.0,,1.03
1788461376.419,idle,6.354,2.24,37.5,1,1,2,6.375,2.225,-39.6,0.0,0.018,0.0,0.0,,1.03
1788461376.471,idle,6.354,2.24,37.5,1,1,2,6.375,2.225,-39.6,0.0,0.018,0.0,0.0,,1.03
1788461376.521,idle,6.354,2.24,37.5,1,1,2,6.375,2.225,-39.6,0.0,0.018,0.0,0.0,,1.03
1788461376.572,idle,6.354,2.24,37.5,1,1,2,6.375,2.225,-39.6,0.0,0.018,0.0,0.0,,1.03
1788461376.622,idle,6.354,2.24,37.5,1,1,2,6.375,2.225,-39.6,0.0,0.018,0.0,0.0,,1.03
1788461376.675,idle,6.354,2.24,37.5,1,1,2,6.375,2.225,-39.6,0.0,0.018,0.0,0.0,,1.03
1788461376.731,idle,6.354,2.24,37.5,1,1,2,6.375,2.225,-39.6,0.0,0.018,0.0,0.0,,1.03
1788461376.793,idle,6.354,2.24,37.5,1,1,2,6.375,2.225,-39.6,0.0,0.018,0.0,0.0,,1.03
1788461376.846,idle,6.354,2.24,37.5,1,1,2,6.375,2.225,-39.6,0.0,0.018,0.0,0.0,,1.03
1788461376.904,idle,6.354,2.24,37.5,1,1,2,6.375,2.225,-39.6,0.0,0.018,0.0,0.0,,1.03
1788461376.955,idle,6.354,2.24,37.5,1,1,2,6.375,2.225,-39.6,0.0,0.018,0.0,0.0,,1.03
1788461377.007,idle,6.354,2.24,37.5,1,1,2,6.375,2.225,-39.6,0.0,0.018,0.0,0.0,,1.03
1788461377.059,idle,6.354,2.24,37.5,1,1,2,6.375,2.225,-39.6,0.0,0.018,0.0,0.0,,1.03
1788461377.11,idle,6.354,2.24,37.5,1,1,2,6.375,2.225,-39.6,0.0,0.018,0.0,0.0,,1.03
1788461377.161,idle,6.354,2.24,37.5,1,1,2,6.375,2.225,-39.6,0.0,0.018,0.0,0.0,,1.03
1788461377.211,idle,6.354,2.24,37.5,1,1,2,6.375,2.225,-39.6,0.0,0.018,0.0,0.0,,1.03
1788461377.262,idle,6.354,2.24,37.5,1,1,2,6.375,2.225,-39.6,0.0,0.018,0.0,0.0,,1.03
1788461377.315,idle,6.354,2.24,37.5,1,1,2,6.375,2.225,-39.6,0.0,0.018,0.0,0.0,,1.03
1788461377.367,idle,6.354,2.24,37.5,1,1,2,6.375,2.225,-39.6,0.0,0.018,0.0,0.0,,1.03
1788461377.421,idle,6.354,2.24,37.5,1,1,2,6.375,2.225,-39.6,0.0,0.018,0.0,0.0,,1.03
1788461377.473,idle,6.354,2.24,37.5,1,1,2,6.375,2.225,-39.6,0.0,0.018,0.0,0.0,,1.03
1788461377.528,idle,6.354,2.24,37.5,1,1,2,6.375,2.225,-39.6,0.0,0.018,0.0,0.0,,1.03
1788461377.587,idle,6.354,2.24,37.5,1,1,2,6.375,2.225,-39.6,0.0,0.018,0.0,0.0,,1.03
1788461377.648,idle,6.354,2.24,37.5,1,1,2,6.375,2.225,-39.6,0.0,0.018,0.0,0.0,,1.03
1788461377.706,idle,6.354,2.24,37.5,1,1,2,6.375,2.225,-39.6,0.0,0.018,0.0,0.0,,1.03
1788461377.756,idle,6.354,2.24,37.5,1,1,2,6.375,2.225,-39.6,0.0,0.018,0.0,0.0,,1.03
1788461377.809,idle,6.354,2.24,37.5,1,1,2,6.375,2.225,-39.6,0.0,0.018,0.0,0.0,,1.03
1788461377.86,idle,6.354,2.24,37.5,1,1,2,6.375,2.225,-39.6,0.0,0.018,0.0,0.0,,1.03
1788461377.915,idle,6.354,2.24,37.5,1,1,2,6.375,2.225,-39.6,0.0,0.018,0.0,0.0,,1.03
1788461377.971,idle,6.354,2.24,37.5,1,1,2,6.375,2.225,-39.6,0.0,0.018,0.0,0.0,,1.03
1788461378.022,idle,6.354,2.24,37.5,1,1,2,6.375,2.225,-39.6,0.0,0.018,0.0,0.0,,1.03
1788461378.074,idle,6.354,2.24,37.5,1,1,2,6.375,2.225,-39.6,0.0,0.018,0.0,0.0,,1.03
1788461378.124,idle,6.354,2.24,37.5,1,1,2,6.375,2.225,-39.6,0.0,0.018,0.0,0.0,,1.03
1788461378.176,idle,6.354,2.24,37.5,1,1,2,6.375,2.225,-39.6,0.0,0.018,0.0,0.0,,1.03
1788461378.228,idle,6.354,2.24,37.5,1,1,2,6.375,2.225,-39.6,0.0,0.018,0.0,0.0,,1.03
1788461378.284,idle,6.354,2.24,37.5,1,1,2,6.375,2.225,-39.6,0.0,0.018,0.0,0.0,,1.03
1788461378.342,idle,6.354,2.24,37.5,1,1,2,6.375,2.225,-39.6,0.0,0.018,0.0,0.0,,1.03
1788461378.404,idle,6.354,2.24,37.5,1,1,2,6.375,2.225,-39.6,0.0,0.018,0.0,0.0,,1.03
1788461378.46,idle,6.354,2.24,37.5,1,1,2,6.375,2.225,-39.6,0.0,0.018,0.0,0.0,,1.03
1788461378.515,idle,6.354,2.24,37.5,1,1,2,6.375,2.225,-39.6,0.0,0.018,0.0,0.0,,1.03
1788461378.568,idle,6.354,2.24,37.5,1,1,2,6.375,2.225,-39.6,0.0,0.018,0.0,0.0,,1.03
1788461378.619,idle,6.354,2.24,37.5,1,1,2,6.375,2.225,-39.6,0.0,0.018,0.0,0.0,,1.03
1788461378.67,idle,6.354,2.24,37.5,1,1,2,6.375,2.225,-39.6,0.0,0.018,0.0,0.0,,1.03
1788461378.722,idle,6.354,2.24,37.5,1,1,2,6.375,2.225,-39.6,0.0,0.018,0.0,0.0,,1.03
1788461378.774,idle,6.354,2.24,37.5,1,1,2,6.375,2.225,-39.6,0.0,0.018,0.0,0.0,,1.03
1788461378.824,idle,6.354,2.24,37.5,1,1,2,6.375,2.225,-39.6,0.0,0.018,0.0,0.0,,1.03
1788461378.875,idle,6.354,2.24,37.5,1,1,2,6.375,2.225,-39.6,0.0,0.018,0.0,0.0,,1.03
1788461378.926,idle,6.354,2.24,37.5,1,1,2,6.375,2.225,-39.6,0.0,0.018,0.0,0.0,,1.03
1788461378.977,idle,6.354,2.24,37.5,1,1,2,6.375,2.225,-39.6,0.0,0.018,0.0,0.0,,1.03
1788461379.031,idle,6.354,2.24,37.5,1,1,2,6.375,2.225,-39.6,0.0,0.018,0.0,0.0,,1.03
1788461379.091,idle,6.354,2.24,37.5,1,1,2,6.375,2.225,-39.6,0.0,0.018,0.0,0.0,,1.03
1788461379.147,idle,6.354,2.24,37.5,1,1,2,6.375,2.225,-39.6,0.0,0.018,0.0,0.0,,1.03
1788461379.202,idle,6.354,2.24,37.5,1,1,2,6.375,2.225,-39.6,0.0,0.018,0.0,0.0,,1.03
1788461379.253,idle,6.354,2.24,37.5,1,1,2,6.375,2.225,-39.6,0.0,0.018,0.0,0.0,,1.03
1788461379.306,idle,6.354,2.24,37.5,1,1,2,6.375,2.225,-39.6,0.0,0.018,0.0,0.0,,1.03
1788461379.357,idle,6.354,2.24,37.5,1,1,2,6.375,2.225,-39.6,0.0,0.018,0.0,0.0,,1.03
1788461379.411,idle,6.354,2.24,37.5,1,1,2,6.375,2.225,-39.6,0.0,0.018,0.0,0.0,,1.03
1788461379.463,idle,6.354,2.24,37.5,1,1,2,6.375,2.225,-39.6,0.0,0.018,0.0,0.0,,1.03
1788461379.518,idle,6.354,2.24,37.5,1,1,2,6.375,2.225,-39.6,0.0,0.018,0.0,0.0,,1.03
1788461379.569,idle,6.354,2.24,37.5,1,1,2,6.375,2.225,-39.6,0.0,0.018,0.0,0.0,,1.03
1788461379.619,idle,6.354,2.24,37.5,1,1,2,6.375,2.225,-39.6,0.0,0.018,0.0,0.0,,1.03
1788461379.67,idle,6.354,2.24,37.5,1,1,2,6.375,2.225,-39.6,0.0,0.018,0.0,0.0,,1.03
1788461379.722,idle,6.354,2.24,37.5,1,1,2,6.375,2.225,-39.6,0.0,0.018,0.0,0.0,,1.03
1788461379.775,idle,6.354,2.24,37.5,1,1,2,6.375,2.225,-39.6,0.0,0.018,0.0,0.0,,1.03
1788461379.83,idle,6.354,2.24,37.5,1,1,2,6.375,2.225,-39.6,0.0,0.018,0.0,0.0,,1.03
1788461379.889,idle,6.354,2.24,37.5,1,1,2,6.375,2.225,-39.6,0.0,0.018,0.0,0.0,,1.03
1788461379.945,idle,6.354,2.24,37.5,1,1,2,6.375,2.225,-39.6,0.0,0.018,0.0,0.0,,1.03
1788461380.001,idle,6.354,2.24,37.5,1,1,2,6.375,2.225,-39.6,0.0,0.018,0.0,0.0,,1.03
1788461380.053,idle,6.354,2.24,37.5,1,1,2,6.375,2.225,-39.6,0.0,0.018,0.0,0.0,,1.03
1788461380.107,idle,6.354,2.24,37.5,1,1,2,6.375,2.225,-39.6,0.0,0.018,0.0,0.0,,1.03
1788461380.157,idle,6.354,2.24,37.5,1,1,2,6.375,2.225,-39.6,0.0,0.018,0.0,0.0,,1.03
1788461380.21,idle,6.354,2.24,37.5,1,1,2,6.375,2.225,-39.6,0.0,0.018,0.0,0.0,,1.03
1788461380.262,idle,6.354,2.24,37.5,1,1,2,6.375,2.225,-39.6,0.0,0.018,0.0,0.0,,1.03
1788461380.314,idle,6.354,2.24,37.5,1,1,2,6.375,2.225,-39.6,0.0,0.018,0.0,0.0,,1.03
1788461380.364,idle,6.354,2.24,37.5,1,1,2,6.375,2.225,-39.6,0.0,0.018,0.0,0.0,,1.03
1788461380.418,idle,6.354,2.24,37.5,1,1,2,6.375,2.225,-39.6,0.0,0.018,0.0,0.0,,1.03
1788461380.469,idle,6.354,2.24,37.5,1,1,2,6.375,2.225,-39.6,0.0,0.018,0.0,0.0,,1.03
1788461380.523,idle,6.354,2.24,37.5,1,1,2,6.375,2.225,-39.6,0.0,0.018,0.0,0.0,,1.03
1788461380.578,idle,6.354,2.24,37.5,1,1,2,6.375,2.225,-39.6,0.0,0.018,0.0,0.0,,1.03
1788461380.637,idle,6.354,2.24,37.5,1,1,2,6.375,2.225,-39.6,0.0,0.018,0.0,0.0,,1.03
1788461380.693,idle,6.354,2.24,37.5,1,1,2,6.375,2.225,-39.6,0.0,0.018,0.0,0.0,,1.03
1788461380.75,idle,6.354,2.24,37.5,1,1,2,6.375,2.225,-39.6,0.0,0.018,0.0,0.0,,1.03
1788461380.807,idle,6.354,2.24,37.5,1,1,2,6.375,2.225,-39.6,0.0,0.018,0.0,0.0,,1.03
1788461380.859,idle,6.354,2.24,37.5,1,1,2,6.375,2.225,-39.6,0.0,0.018,0.0,0.0,,1.03
1788461380.909,idle,6.354,2.24,37.5,1,1,2,6.375,2.225,-39.6,0.0,0.018,0.0,0.0,,1.03
1788461380.959,idle,6.354,2.24,37.5,1,1,2,6.375,2.225,-39.6,0.0,0.018,0.0,0.0,,1.03
1788461381.009,idle,6.354,2.24,37.5,1,1,2,6.375,2.225,-39.6,0.0,0.018,0.0,0.0,,1.03
1788461381.061,idle,6.354,2.24,37.5,1,1,2,6.375,2.225,-39.6,0.0,0.018,0.0,0.0,,1.03
1788461381.114,idle,6.354,2.24,37.5,1,1,2,6.375,2.225,-39.6,0.0,0.018,0.0,0.0,,1.03
1788461381.165,idle,6.354,2.24,37.5,1,1,2,6.375,2.225,-39.6,0.0,0.018,0.0,0.0,,1.03
1788461381.217,idle,6.354,2.24,37.5,1,1,2,6.375,2.225,-39.6,0.0,0.018,0.0,0.0,,1.03
1788461381.269,idle,6.354,2.24,37.5,1,1,2,6.375,2.225,-39.6,0.0,0.018,0.0,0.0,,1.03
1788461381.323,idle,6.354,2.24,37.5,1,1,2,6.375,2.225,-39.6,0.0,0.018,0.0,0.0,,1.03
1788461381.382,idle,6.354,2.24,37.5,1,1,2,6.375,2.225,-39.6,0.0,0.018,0.0,0.0,,1.03
1788461381.438,idle,6.354,2.24,37.5,1,1,2,6.375,2.225,-39.6,0.0,0.018,0.0,0.0,,1.03
1788461381.495,idle,6.354,2.24,37.5,1,1,2,6.375,2.225,-39.6,0.0,0.018,0.0,0.0,,1.03
1788461381.551,idle,6.354,2.24,37.5,1,1,2,6.375,2.225,-39.6,0.0,0.018,0.0,0.0,,1.03
1788461381.606,idle,6.354,2.24,37.5,1,1,2,6.375,2.225,-39.6,0.0,0.018,0.0,0.0,,1.03
1788461381.657,idle,6.354,2.24,37.5,1,1,2,6.375,2.225,-39.6,0.0,0.018,0.0,0.0,,1.03
1788461381.709,idle,6.354,2.24,37.5,1,1,2,6.375,2.225,-39.6,0.0,0.018,0.0,0.0,,1.03
1788461381.76,idle,6.354,2.24,37.5,1,1,2,6.375,2.225,-39.6,0.0,0.018,0.0,0.0,,1.03
1788461381.812,idle,6.354,2.24,37.5,1,1,2,6.375,2.225,-39.6,0.0,0.018,0.0,0.0,,1.03
1788461381.863,idle,6.354,2.24,37.5,1,1,2,6.375,2.225,-39.6,0.0,0.018,0.0,0.0,,1.03
1788461381.916,idle,6.354,2.24,37.5,1,1,2,6.375,2.225,-39.6,0.0,0.018,0.0,0.0,,1.03
1788461381.966,idle,6.354,2.24,37.5,1,1,2,6.375,2.225,-39.6,0.0,0.018,0.0,0.0,,1.03
1788461382.019,idle,6.354,2.24,37.5,1,1,2,6.375,2.225,-39.6,0.0,0.018,0.0,0.0,,1.03
1788461382.069,idle,6.354,2.24,37.5,1,1,2,6.375,2.225,-39.6,0.0,0.018,0.0,0.0,,1.03
1788461382.124,idle,6.354,2.24,37.5,1,1,2,6.375,2.225,-39.6,0.0,0.018,0.0,0.0,,1.03
1788461382.183,idle,6.354,2.24,37.5,1,1,2,6.375,2.225,-39.6,0.0,0.018,0.0,0.0,,1.03
1788461382.241,idle,6.354,2.24,37.5,1,1,2,6.375,2.225,-39.6,0.0,0.018,0.0,0.0,,1.03
1788461382.3,idle,6.354,2.24,37.5,1,1,2,6.375,2.225,-39.6,0.0,0.018,0.0,0.0,,1.03
1788461382.356,idle,6.354,2.24,37.5,1,1,2,6.375,2.225,-39.6,0.0,0.018,0.0,0.0,,1.03
1788461382.408,idle,6.354,2.24,37.5,1,1,2,6.375,2.225,-39.6,0.0,0.018,0.0,0.0,,1.03
1788461382.458,idle,6.354,2.24,37.5,1,1,2,6.375,2.225,-39.6,0.0,0.018,0.0,0.0,,1.03
1788461382.509,idle,6.354,2.24,37.5,1,1,2,6.375,2.225,-39.6,0.0,0.018,0.0,0.0,,1.03
1788461382.56,idle,6.354,2.24,37.5,1,1,2,6.375,2.225,-39.6,0.0,0.018,0.0,0.0,,1.03
1788461382.613,idle,6.354,2.24,37.5,1,1,2,6.375,2.225,-39.6,0.0,0.018,0.0,0.0,,1.03
1788461382.664,idle,6.354,2.24,37.5,1,1,2,6.375,2.225,-39.6,0.0,0.018,0.0,0.0,,1.03
1788461382.716,idle,6.354,2.24,37.5,1,1,2,6.375,2.225,-39.6,0.0,0.018,0.0,0.0,,1.03
1788461382.767,idle,6.354,2.24,37.5,1,1,2,6.375,2.225,-39.6,0.0,0.018,0.0,0.0,,1.03
1788461382.817,idle,6.354,2.24,37.5,1,1,2,6.375,2.225,-39.6,0.0,0.018,0.0,0.0,,1.03
1788461382.869,idle,6.354,2.24,37.5,1,1,2,6.375,2.225,-39.6,0.0,0.018,0.0,0.0,,1.03
1788461382.923,idle,6.354,2.24,37.5,1,1,2,6.375,2.225,-39.6,0.0,0.018,0.0,0.0,,1.03
1788461382.98,idle,6.354,2.24,37.5,1,1,2,6.375,2.225,-39.6,0.0,0.018,0.0,0.0,,1.03
1788461383.041,idle,6.354,2.24,37.5,1,1,2,6.375,2.225,-39.6,0.0,0.018,0.0,0.0,,1.03
1788461383.099,idle,6.354,2.24,37.5,1,1,2,6.375,2.225,-39.6,0.0,0.018,0.0,0.0,,1.03
1788461383.151,idle,6.354,2.24,37.5,1,1,2,6.375,2.225,-39.6,0.0,0.018,0.0,0.0,,1.03
1788461383.202,idle,6.354,2.24,37.5,1,1,2,6.375,2.225,-39.6,0.0,0.018,0.0,0.0,,1.03
1788461383.253,idle,6.354,2.24,37.5,1,1,2,6.375,2.225,-39.6,0.0,0.018,0.0,0.0,,1.03
1788461383.307,idle,6.354,2.24,37.5,1,1,2,6.375,2.225,-39.6,0.0,0.018,0.0,0.0,,1.03
1788461383.357,idle,6.354,2.24,37.5,1,1,2,6.375,2.225,-39.6,0.0,0.018,0.0,0.0,,1.03
1788461383.411,idle,6.354,2.24,37.5,1,1,2,6.375,2.225,-39.6,0.0,0.018,0.0,0.0,,1.03
1788461383.462,idle,6.354,2.24,37.5,1,1,2,6.375,2.225,-39.6,0.0,0.018,0.0,0.0,,1.03
1788461383.515,idle,6.354,2.24,37.5,1,1,2,6.375,2.225,-39.6,0.0,0.018,0.0,0.0,,1.03
1788461383.569,idle,6.354,2.24,37.5,1,1,2,6.375,2.225,-39.6,0.0,0.018,0.0,0.0,,1.03
1788461383.62,idle,6.354,2.24,37.5,1,1,2,6.375,2.225,-39.6,0.0,0.018,0.0,0.0,,1.03
1788461383.674,idle,6.354,2.24,37.5,1,1,2,6.375,2.225,-39.6,0.0,0.018,0.0,0.0,,1.03
1788461383.73,idle,6.354,2.24,37.5,1,1,2,6.375,2.225,-39.6,0.0,0.018,0.0,0.0,,1.03
1788461383.787,idle,6.354,2.24,37.5,1,1,2,6.375,2.225,-39.6,0.0,0.018,0.0,0.0,,1.03
1788461383.846,idle,6.354,2.24,37.5,1,1,2,6.375,2.225,-39.6,0.0,0.018,0.0,0.0,,1.03
1788461383.904,idle,6.354,2.24,37.5,1,1,2,6.375,2.225,-39.6,0.0,0.018,0.0,0.0,,1.03
1788461383.957,idle,6.354,2.24,37.5,1,1,2,6.375,2.225,-39.6,0.0,0.018,0.0,0.0,,1.03
1788461384.009,idle,6.354,2.24,37.5,1,1,2,6.375,2.225,-39.6,0.0,0.018,0.0,0.0,,1.03
1788461384.061,idle,6.354,2.24,37.5,1,1,2,6.375,2.225,-39.6,0.0,0.018,0.0,0.0,,1.03
1788461384.111,idle,6.354,2.24,37.5,1,1,2,6.375,2.225,-39.6,0.0,0.018,0.0,0.0,,1.03
1788461384.162,idle,6.354,2.24,37.5,1,1,2,6.375,2.225,-39.6,0.0,0.018,0.0,0.0,,1.03
1788461384.212,idle,6.354,2.24,37.5,1,1,2,6.375,2.225,-39.6,0.0,0.018,0.0,0.0,,1.03
1788461384.264,idle,6.354,2.24,37.5,1,1,2,6.375,2.225,-39.6,0.0,0.018,0.0,0.0,,1.03
1788461384.315,idle,6.354,2.24,37.5,1,1,2,6.375,2.225,-39.6,0.0,0.018,0.0,0.0,,1.03
1788461384.366,idle,6.354,2.24,37.5,1,1,2,6.375,2.225,-39.6,0.0,0.018,0.0,0.0,,1.03
1788461384.416,idle,6.354,2.24,37.5,1,1,2,6.375,2.225,-39.6,0.0,0.018,0.0,0.0,,1.03
1788461384.471,idle,6.354,2.24,37.5,1,1,2,6.375,2.225,-39.6,0.0,0.018,0.0,0.0,,1.03
1788461384.53,idle,6.354,2.24,37.5,1,1,2,6.375,2.225,-39.6,0.0,0.018,0.0,0.0,,1.03
1788461384.588,idle,6.354,2.24,37.5,1,1,2,6.375,2.225,-39.6,0.0,0.018,0.0,0.0,,1.03
1788461384.642,idle,6.354,2.24,37.5,1,1,2,6.375,2.225,-39.6,0.0,0.018,0.0,0.0,,1.03
1788461384.697,idle,6.354,2.24,37.5,1,1,2,6.375,2.225,-39.6,0.0,0.018,0.0,0.0,,1.03
1788461384.746,idle,6.354,2.24,37.5,1,1,2,6.375,2.225,-39.6,0.0,0.018,0.0,0.0,,1.03
1788461384.799,idle,6.354,2.24,37.5,1,1,2,6.375,2.225,-39.6,0.0,0.018,0.0,0.0,,1.03
1788461384.848,idle,6.354,2.24,37.5,1,1,2,6.375,2.225,-39.6,0.0,0.018,0.0,0.0,,1.03
1788461384.901,idle,6.354,2.24,37.5,1,1,2,6.375,2.225,-39.6,0.0,0.018,0.0,0.0,,1.03
1788461384.951,idle,6.354,2.24,37.5,1,1,2,6.375,2.225,-39.6,0.0,0.018,0.0,0.0,,1.03
1788461385.002,idle,6.354,2.24,37.5,1,1,2,6.375,2.225,-39.6,0.0,0.018,0.0,0.0,,1.03
1788461385.053,idle,6.354,2.24,37.5,1,1,2,6.375,2.225,-39.6,0.0,0.018,0.0,0.0,,1.03
1788461385.105,idle,6.354,2.24,37.5,1,1,2,6.375,2.225,-39.6,0.0,0.018,0.0,0.0,,1.03
1788461385.156,idle,6.354,2.24,37.5,1,1,2,6.375,2.225,-39.6,0.0,0.018,0.0,0.0,,1.03
1788461385.21,idle,6.354,2.24,37.5,1,1,2,6.375,2.225,-39.6,0.0,0.018,0.0,0.0,,1.03
1788461385.267,idle,6.354,2.24,37.5,1,1,2,6.375,2.225,-39.6,0.0,0.018,0.0,0.0,,1.03
1788461385.327,idle,6.354,2.24,37.5,1,1,2,6.375,2.225,-39.6,0.0,0.018,0.0,0.0,,1.03
1788461385.383,idle,6.354,2.24,37.5,1,1,2,6.375,2.225,-39.6,0.0,0.018,0.0,0.0,,1.03
1788461385.439,idle,6.354,2.24,37.5,1,1,2,6.375,2.225,-39.6,0.0,0.018,0.0,0.0,,1.03
1788461385.492,idle,6.354,2.24,37.5,1,1,2,6.375,2.225,-39.6,0.0,0.018,0.0,0.0,,1.03
1788461385.545,idle,6.354,2.24,37.5,1,1,2,6.375,2.225,-39.6,0.0,0.018,0.0,0.0,,1.03
1788461385.596,idle,6.354,2.24,37.5,1,1,2,6.375,2.225,-39.6,0.0,0.018,0.0,0.0,,1.03
1788461385.646,idle,6.354,2.24,37.5,1,1,2,6.375,2.225,-39.6,0.0,0.018,0.0,0.0,,1.03
1788461385.699,idle,6.354,2.24,37.5,1,1,2,6.375,2.225,-39.6,0.0,0.018,0.0,0.0,,1.03
1788461385.75,idle,6.354,2.24,37.5,1,1,2,6.375,2.225,-39.6,0.0,0.018,0.0,0.0,,1.03
1788461385.801,idle,6.354,2.24,37.5,1,1,2,6.375,2.225,-39.6,0.0,0.018,0.0,0.0,,1.03
1788461385.853,idle,6.354,2.24,37.5,1,1,2,6.375,2.225,-39.6,0.0,0.018,0.0,0.0,,1.03
1788461385.904,idle,6.354,2.24,37.5,1,1,2,6.375,2.225,-39.6,0.0,0.018,0.0,0.0,,1.03
1788461385.955,idle,6.354,2.24,37.5,1,1,2,6.375,2.225,-39.6,0.0,0.018,0.0,0.0,,1.03
1788461386.008,idle,6.354,2.24,37.5,1,1,2,6.375,2.225,-39.6,0.0,0.018,0.0,0.0,,1.03
1788461386.066,idle,6.354,2.24,37.5,1,1,2,6.375,2.225,-39.6,0.0,0.018,0.0,0.0,,1.03
1788461386.125,idle,6.354,2.24,37.5,1,1,2,6.375,2.225,-39.6,0.0,0.018,0.0,0.0,,1.03
1788461386.184,idle,6.354,2.24,37.5,1,1,2,6.375,2.225,-39.6,0.0,0.018,0.0,0.0,,1.03
1788461386.236,idle,6.354,2.24,37.5,1,1,2,6.375,2.225,-39.6,0.0,0.018,0.0,0.0,,1.03
1788461386.287,idle,6.354,2.24,37.5,1,1,2,6.375,2.225,-39.6,0.0,0.018,0.0,0.0,,1.03
1788461386.339,idle,6.354,2.24,37.5,1,1,2,6.375,2.225,-39.6,0.0,0.018,0.0,0.0,,1.03
1788461386.392,idle,6.354,2.24,37.5,1,1,2,6.375,2.225,-39.6,0.0,0.018,0.0,0.0,,1.03
1788461386.442,idle,6.354,2.24,37.5,1,1,2,6.375,2.225,-39.6,0.0,0.018,0.0,0.0,,1.03
1788461386.496,idle,6.354,2.24,37.5,1,1,2,6.375,2.225,-39.6,0.0,0.018,0.0,0.0,,1.03
1788461386.545,idle,6.354,2.24,37.5,1,1,2,6.375,2.225,-39.6,0.0,0.018,0.0,0.0,,1.03
1788461386.6,idle,6.354,2.24,37.5,1,1,2,6.375,2.225,-39.6,0.0,0.018,0.0,0.0,,1.03
1788461386.655,idle,6.354,2.24,37.5,1,1,2,6.375,2.225,-39.6,0.0,0.018,0.0,0.0,,1.03
1788461386.71,idle,6.354,2.24,37.5,1,1,2,6.375,2.225,-39.6,0.0,0.018,0.0,0.0,,1.03
1788461386.772,idle,6.354,2.24,37.5,1,1,2,6.375,2.225,-39.6,0.0,0.018,0.0,0.0,,1.03
1788461386.841,idle,6.354,2.24,37.5,1,1,2,6.375,2.225,-39.6,0.0,0.018,0.0,0.0,,1.03
1788461386.899,idle,6.354,2.24,37.5,1,1,2,6.375,2.225,-39.6,0.0,0.018,0.0,0.0,,1.03
1788461386.955,idle,6.354,2.24,37.5,1,1,2,6.375,2.225,-39.6,0.0,0.018,0.0,0.0,,1.03
1788461387.009,idle,6.354,2.24,37.5,1,1,2,6.375,2.225,-39.6,0.0,0.018,0.0,0.0,,1.03
1788461387.06,idle,6.354,2.24,37.5,1,1,2,6.375,2.225,-39.6,0.0,0.018,0.0,0.0,,1.03
1788461387.113,idle,6.354,2.24,37.5,1,1,2,6.375,2.225,-39.6,0.0,0.018,0.0,0.0,,1.03
1788461387.163,idle,6.354,2.24,37.5,1,1,2,6.375,2.225,-39.6,0.0,0.018,0.0,0.0,,1.03
1788461387.214,idle,6.354,2.24,37.5,1,1,2,6.375,2.225,-39.6,0.0,0.018,0.0,0.0,,1.03
1788461387.265,idle,6.354,2.24,37.5,1,1,2,6.375,2.225,-39.6,0.0,0.018,0.0,0.0,,1.03
1788461387.316,idle,6.354,2.24,37.5,1,1,2,6.375,2.225,-39.6,0.0,0.018,0.0,0.0,,1.03
1788461387.368,idle,6.354,2.24,37.5,1,1,2,6.375,2.225,-39.6,0.0,0.018,0.0,0.0,,1.03
1788461387.419,idle,6.354,2.24,37.5,1,1,2,6.375,2.225,-39.6,0.0,0.018,0.0,0.0,,1.03
1788461387.47,idle,6.354,2.24,37.5,1,1,2,6.375,2.225,-39.6,0.0,0.018,0.0,0.0,,1.03
1788461387.522,idle,6.354,2.24,37.5,1,1,2,6.375,2.225,-39.6,0.0,0.018,0.0,0.0,,1.03
1788461387.576,idle,6.354,2.24,37.5,1,1,2,6.375,2.225,-39.6,0.0,0.018,0.0,0.0,,1.03
1788461387.633,idle,6.354,2.24,37.5,1,1,2,6.375,2.225,-39.6,0.0,0.018,0.0,0.0,,1.03
1788461387.701,idle,6.354,2.24,37.5,1,1,2,6.375,2.225,-39.6,0.0,0.018,0.0,0.0,,1.03
1788461387.76,idle,6.354,2.24,37.5,1,1,2,6.375,2.225,-39.6,0.0,0.018,0.0,0.0,,1.03
1788461387.816,idle,6.354,2.24,37.5,1,1,2,6.375,2.225,-39.6,0.0,0.018,0.0,0.0,,1.03
1788461387.867,idle,6.354,2.24,37.5,1,1,2,6.375,2.225,-39.6,0.0,0.018,0.0,0.0,,1.03
1788461387.92,idle,6.354,2.24,37.5,1,1,2,6.375,2.225,-39.6,0.0,0.018,0.0,0.0,,1.03
1788461387.971,idle,6.354,2.24,37.5,1,1,2,6.375,2.225,-39.6,0.0,0.018,0.0,0.0,,1.03
1788461388.023,idle,6.354,2.24,37.5,1,1,2,6.375,2.225,-39.6,0.0,0.018,0.0,0.0,,1.03
1788461388.073,idle,6.354,2.24,37.5,1,1,2,6.375,2.225,-39.6,0.0,0.018,0.0,0.0,,1.03
1788461388.125,idle,6.354,2.24,37.5,1,1,2,6.375,2.225,-39.6,0.0,0.018,0.0,0.0,,1.03
1788461388.175,idle,6.354,2.24,37.5,1,1,2,6.375,2.225,-39.6,0.0,0.018,0.0,0.0,,1.03
1788461388.227,idle,6.354,2.24,37.5,1,1,2,6.375,2.225,-39.6,0.0,0.018,0.0,0.0,,1.03
1788461388.281,idle,6.354,2.24,37.5,1,1,2,6.375,2.225,-39.6,0.0,0.018,0.0,0.0,,1.03
1788461388.333,idle,6.354,2.24,37.5,1,1,2,6.375,2.225,-39.6,0.0,0.018,0.0,0.0,,1.03
1788461388.388,idle,6.354,2.24,37.5,1,1,2,6.375,2.225,-39.6,0.0,0.018,0.0,0.0,,1.03
1788461388.448,idle,6.354,2.24,37.5,1,1,2,6.375,2.225,-39.6,0.0,0.018,0.0,0.0,,1.03
1788461388.504,idle,6.354,2.24,37.5,1,1,2,6.375,2.225,-39.6,0.0,0.018,0.0,0.0,,1.03
1788461388.563,idle,6.354,2.24,37.5,1,1,2,6.375,2.225,-39.6,0.0,0.018,0.0,0.0,,1.03
1788461388.618,idle,6.354,2.24,37.5,1,1,2,6.375,2.225,-39.6,0.0,0.018,0.0,0.0,,1.03
1788461388.671,idle,6.354,2.24,37.5,1,1,2,6.375,2.225,-39.6,0.0,0.018,0.0,0.0,,1.03
1788461388.722,idle,6.354,2.24,37.5,1,1,2,6.375,2.225,-39.6,0.0,0.018,0.0,0.0,,1.03
1788461388.772,idle,6.354,2.24,37.5,1,1,2,6.375,2.225,-39.6,0.0,0.018,0.0,0.0,,1.03
1788461388.822,idle,6.354,2.24,37.5,1,1,2,6.375,2.225,-39.6,0.0,0.018,0.0,0.0,,1.03
1788461388.874,idle,6.354,2.24,37.5,1,1,2,6.375,2.225,-39.6,0.0,0.018,0.0,0.0,,1.03
1788461388.924,idle,6.354,2.24,37.5,1,1,2,6.375,2.225,-39.6,0.0,0.018,0.0,0.0,,1.03
1788461388.977,idle,6.354,2.24,37.5,1,1,2,6.375,2.225,-39.6,0.0,0.018,0.0,0.0,,1.03
1788461389.028,idle,6.354,2.24,37.5,1,1,2,6.375,2.225,-39.6,0.0,0.018,0.0,0.0,,1.03
1788461389.081,idle,6.354,2.24,37.5,1,1,2,6.375,2.225,-39.6,0.0,0.018,0.0,0.0,,1.03
1788461389.135,idle,6.354,2.24,37.5,1,1,2,6.375,2.225,-39.6,0.0,0.018,0.0,0.0,,1.03
1788461389.191,idle,6.354,2.24,37.5,1,1,2,6.375,2.225,-39.6,0.0,0.018,0.0,0.0,,1.03
1788461389.247,idle,6.354,2.24,37.5,1,1,2,6.375,2.225,-39.6,0.0,0.018,0.0,0.0,,1.03
1788461389.305,idle,6.354,2.24,37.5,1,1,2,6.375,2.225,-39.6,0.0,0.018,0.0,0.0,,1.03
1788461389.359,idle,6.354,2.24,37.5,1,1,2,6.375,2.225,-39.6,0.0,0.018,0.0,0.0,,1.03
1788461389.412,idle,6.354,2.24,37.5,1,1,2,6.375,2.225,-39.6,0.0,0.018,0.0,0.0,,1.03
1788461389.462,idle,6.354,2.24,37.5,1,1,2,6.375,2.225,-39.6,0.0,0.018,0.0,0.0,,1.03
1788461389.515,idle,6.354,2.24,37.5,1,1,2,6.375,2.225,-39.6,0.0,0.018,0.0,0.0,,1.03
1788461389.568,idle,6.354,2.24,37.5,1,1,2,6.375,2.225,-39.6,0.0,0.018,0.0,0.0,,1.03
1788461389.619,idle,6.354,2.24,37.5,1,1,2,6.375,2.225,-39.6,0.0,0.018,0.0,0.0,,1.03
1788461389.671,idle,6.354,2.24,37.5,1,1,2,6.375,2.225,-39.6,0.0,0.018,0.0,0.0,,1.03
1788461389.723,idle,6.354,2.24,37.5,1,1,2,6.375,2.225,-39.6,0.0,0.018,0.0,0.0,,1.03
1788461389.775,idle,6.354,2.24,37.5,1,1,2,6.375,2.225,-39.6,0.0,0.018,0.0,0.0,,1.03
1788461389.826,idle,6.354,2.24,37.5,1,1,2,6.375,2.225,-39.6,0.0,0.018,0.0,0.0,,1.03
1788461389.878,idle,6.354,2.24,37.5,1,1,2,6.375,2.225,-39.6,0.0,0.018,0.0,0.0,,1.03
1788461389.932,idle,6.354,2.24,37.5,1,1,2,6.375,2.225,-39.6,0.0,0.018,0.0,0.0,,1.03
1788461389.992,idle,6.354,2.24,37.5,1,1,2,6.375,2.225,-39.6,0.0,0.018,0.0,0.0,,1.03
1788461390.051,idle,6.354,2.24,37.5,1,1,2,6.375,2.225,-39.6,0.0,0.018,0.0,0.0,,1.03
1788461390.109,idle,6.354,2.24,37.5,1,1,2,6.375,2.225,-39.6,0.0,0.018,0.0,0.0,,1.03
1788461390.167,idle,6.354,2.24,37.5,1,1,2,6.375,2.225,-39.6,0.0,0.018,0.0,0.0,,1.03
1788461390.219,idle,6.354,2.24,37.5,1,1,2,6.375,2.225,-39.6,0.0,0.018,0.0,0.0,,1.03
1788461390.272,idle,6.354,2.24,37.5,1,1,2,6.375,2.225,-39.6,0.0,0.018,0.0,0.0,,1.03
1788461390.323,idle,6.354,2.24,37.5,1,1,2,6.375,2.225,-39.6,0.0,0.018,0.0,0.0,,1.03
1788461390.375,idle,6.354,2.24,37.5,1,1,2,6.375,2.225,-39.6,0.0,0.018,0.0,0.0,,1.03
1788461390.426,idle,6.354,2.24,37.5,1,1,2,6.375,2.225,-39.6,0.0,0.018,0.0,0.0,,1.03
1788461390.477,idle,6.354,2.24,37.5,1,1,2,6.375,2.225,-39.6,0.0,0.018,0.0,0.0,,1.03
1788461390.529,idle,6.354,2.24,37.5,1,1,2,6.375,2.225,-39.6,0.0,0.018,0.0,0.0,,1.03
1788461390.58,idle,6.354,2.24,37.5,1,1,2,6.375,2.225,-39.6,0.0,0.018,0.0,0.0,,1.03
1788461390.631,idle,6.354,2.24,37.5,1,1,2,6.375,2.225,-39.6,0.0,0.018,0.0,0.0,,1.03
1788461390.684,idle,6.354,2.24,37.5,1,1,2,6.375,2.225,-39.6,0.0,0.018,0.0,0.0,,1.03
1788461390.737,idle,6.354,2.24,37.5,1,1,2,6.375,2.225,-39.6,0.0,0.018,0.0,0.0,,1.03
1788461390.796,idle,6.354,2.24,37.5,1,1,2,6.375,2.225,-39.6,0.0,0.018,0.0,0.0,,1.03
1788461390.851,idle,6.354,2.24,37.5,1,1,2,6.375,2.225,-39.6,0.0,0.018,0.0,0.0,,1.03
1788461390.915,idle,6.354,2.24,37.5,1,1,2,6.375,2.225,-39.6,0.0,0.018,0.0,0.0,,1.03
1788461390.968,idle,6.354,2.24,37.5,1,1,2,6.375,2.225,-39.6,0.0,0.018,0.0,0.0,,1.03
1788461391.019,idle,6.354,2.24,37.5,1,1,2,6.375,2.225,-39.6,0.0,0.018,0.0,0.0,,1.03
1788461391.07,idle,6.354,2.24,37.5,1,1,2,6.375,2.225,-39.6,0.0,0.018,0.0,0.0,,1.03
1788461391.122,idle,6.354,2.24,37.5,1,1,2,6.375,2.225,-39.6,0.0,0.018,0.0,0.0,,1.03
1788461391.174,idle,6.354,2.24,37.5,1,1,2,6.375,2.225,-39.6,0.0,0.018,0.0,0.0,,1.03
1788461391.226,idle,6.354,2.24,37.5,1,1,2,6.375,2.225,-39.6,0.0,0.018,0.0,0.0,,1.03
1788461391.281,idle,6.354,2.24,37.5,1,1,2,6.375,2.225,-39.6,0.0,0.018,0.0,0.0,,1.03
1788461391.334,idle,6.354,2.24,37.5,1,1,2,6.375,2.225,-39.6,0.0,0.018,0.0,0.0,,1.03
1788461391.388,idle,6.354,2.24,37.5,1,1,2,6.375,2.225,-39.6,0.0,0.018,0.0,0.0,,1.03
1788461391.439,idle,6.354,2.24,37.5,1,1,2,6.375,2.225,-39.6,0.0,0.018,0.0,0.0,,1.03
1788461391.494,idle,6.354,2.24,37.5,1,1,2,6.375,2.225,-39.6,0.0,0.018,0.0,0.0,,1.03
1788461391.549,idle,6.354,2.24,37.5,1,1,2,6.375,2.225,-39.6,0.0,0.018,0.0,0.0,,1.03
1788461391.608,idle,6.354,2.24,37.5,1,1,2,6.375,2.225,-39.6,0.0,0.018,0.0,0.0,,1.03
1788461391.666,idle,6.354,2.24,37.5,1,1,2,6.375,2.225,-39.6,0.0,0.018,0.0,0.0,,1.03
1788461391.723,idle,6.354,2.24,37.5,1,1,2,6.375,2.225,-39.6,0.0,0.018,0.0,0.0,,1.03
1788461391.774,idle,6.354,2.24,37.5,1,1,2,6.375,2.225,-39.6,0.0,0.018,0.0,0.0,,1.03
1788461391.825,idle,6.354,2.24,37.5,1,1,2,6.375,2.225,-39.6,0.0,0.018,0.0,0.0,,1.03
1788461391.879,idle,6.354,2.24,37.5,1,1,2,6.375,2.225,-39.6,0.0,0.018,0.0,0.0,,1.03
1788461391.93,idle,6.354,2.24,37.5,1,1,2,6.375,2.225,-39.6,0.0,0.018,0.0,0.0,,1.03
1788461391.981,idle,6.354,2.24,37.5,1,1,2,6.375,2.225,-39.6,0.0,0.018,0.0,0.0,,1.03
1788461392.032,idle,6.354,2.24,37.5,1,1,2,6.375,2.225,-39.6,0.0,0.018,0.0,0.0,,1.03
1788461392.086,idle,6.354,2.24,37.5,1,1,2,6.375,2.225,-39.6,0.0,0.018,0.0,0.0,,1.03
1788461392.136,idle,6.354,2.24,37.5,1,1,2,6.375,2.225,-39.6,0.0,0.018,0.0,0.0,,1.03
1788461392.188,idle,6.354,2.24,37.5,1,1,2,6.375,2.225,-39.6,0.0,0.018,0.0,0.0,,1.03
1788461392.238,idle,6.354,2.24,37.5,1,1,2,6.375,2.225,-39.6,0.0,0.018,0.0,0.0,,1.03
1788461392.295,idle,6.354,2.24,37.5,1,1,2,6.375,2.225,-39.6,0.0,0.018,0.0,0.0,,1.03
1788461392.356,idle,6.354,2.24,37.5,1,1,2,6.375,2.225,-39.6,0.0,0.018,0.0,0.0,,1.03
1788461392.415,idle,6.354,2.24,37.5,1,1,2,6.375,2.225,-39.6,0.0,0.018,0.0,0.0,,1.03
1788461392.47,idle,6.354,2.24,37.5,1,1,2,6.375,2.225,-39.6,0.0,0.018,0.0,0.0,,1.03
1788461392.526,idle,6.354,2.24,37.5,1,1,2,6.375,2.225,-39.6,0.0,0.018,0.0,0.0,,1.03
1788461392.577,idle,6.354,2.24,37.5,1,1,2,6.375,2.225,-39.6,0.0,0.018,0.0,0.0,,1.03
1788461392.628,idle,6.354,2.24,37.5,1,1,2,6.375,2.225,-39.6,0.0,0.018,0.0,0.0,,1.03
1788461392.679,idle,6.354,2.24,37.5,1,1,2,6.375,2.225,-39.6,0.0,0.018,0.0,0.0,,1.03
1788461392.729,idle,6.354,2.24,37.5,1,1,2,6.375,2.225,-39.6,0.0,0.018,0.0,0.0,,1.03
1788461392.782,idle,6.354,2.24,37.5,1,1,2,6.375,2.225,-39.6,0.0,0.018,0.0,0.0,,1.03
1788461392.836,idle,6.354,2.24,37.5,1,1,2,6.375,2.225,-39.6,0.0,0.018,0.0,0.0,,1.03
1788461392.887,idle,6.354,2.24,37.5,1,1,2,6.375,2.225,-39.6,0.0,0.018,0.0,0.0,,1.03
1788461392.939,idle,6.354,2.24,37.5,1,1,2,6.375,2.225,-39.6,0.0,0.018,0.0,0.0,,1.03
1788461392.99,idle,6.354,2.24,37.5,1,1,2,6.375,2.225,-39.6,0.0,0.018,0.0,0.0,,1.03
1788461393.043,idle,6.354,2.24,37.5,1,1,2,6.375,2.225,-39.6,0.0,0.018,0.0,0.0,,1.03
1788461393.099,idle,6.354,2.24,37.5,1,1,2,6.375,2.225,-39.6,0.0,0.018,0.0,0.0,,1.03
1788461393.158,idle,6.354,2.24,37.5,1,1,2,6.375,2.225,-39.6,0.0,0.018,0.0,0.0,,1.03
1788461393.216,idle,6.354,2.24,37.5,1,1,2,6.375,2.225,-39.6,0.0,0.018,0.0,0.0,,1.03
1788461393.272,idle,6.354,2.24,37.5,1,1,2,6.375,2.225,-39.6,0.0,0.018,0.0,0.0,,1.03
1788461393.323,idle,6.354,2.24,37.5,1,1,2,6.375,2.225,-39.6,0.0,0.018,0.0,0.0,,1.03
1788461393.38,idle,6.354,2.24,37.5,1,1,2,6.375,2.225,-39.6,0.0,0.018,0.0,0.0,,1.03
1788461393.431,idle,6.354,2.24,37.5,1,1,2,6.375,2.225,-39.6,0.0,0.018,0.0,0.0,,1.03
1788461393.482,idle,6.354,2.24,37.5,1,1,2,6.375,2.225,-39.6,0.0,0.018,0.0,0.0,,1.03
1788461393.531,idle,6.354,2.24,37.5,1,1,2,6.375,2.225,-39.6,0.0,0.018,0.0,0.0,,1.03
1788461393.582,idle,6.354,2.24,37.5,1,1,2,6.375,2.225,-39.6,0.0,0.018,0.0,0.0,,1.03
1788461393.634,idle,6.354,2.24,37.5,1,1,2,6.375,2.225,-39.6,0.0,0.018,0.0,0.0,,1.03
1788461393.684,idle,6.354,2.24,37.5,1,1,2,6.375,2.225,-39.6,0.0,0.018,0.0,0.0,,1.03
1788461393.735,idle,6.354,2.24,37.5,1,1,2,6.375,2.225,-39.6,0.0,0.018,0.0,0.0,,1.03
1788461393.788,idle,6.354,2.24,37.5,1,1,2,6.375,2.225,-39.6,0.0,0.018,0.0,0.0,,1.03
1788461393.843,idle,6.354,2.24,37.5,1,1,2,6.375,2.225,-39.6,0.0,0.018,0.0,0.0,,1.03
1788461393.902,idle,6.354,2.24,37.5,1,1,2,6.375,2.225,-39.6,0.0,0.018,0.0,0.0,,1.03
1788461393.958,idle,6.354,2.24,37.5,1,1,2,6.375,2.225,-39.6,0.0,0.018,0.0,0.0,,1.03
1788461394.016,idle,6.354,2.24,37.5,1,1,2,6.375,2.225,-39.6,0.0,0.018,0.0,0.0,,1.03
1788461394.071,idle,6.354,2.24,37.5,1,1,2,6.375,2.225,-39.6,0.0,0.018,0.0,0.0,,1.03
1788461394.125,idle,6.354,2.24,37.5,1,1,2,6.375,2.225,-39.6,0.0,0.018,0.0,0.0,,1.03
1788461394.176,idle,6.354,2.24,37.5,1,1,2,6.375,2.225,-39.6,0.0,0.018,0.0,0.0,,1.03
1788461394.227,idle,6.354,2.24,37.5,1,1,2,6.375,2.225,-39.6,0.0,0.018,0.0,0.0,,1.03
1788461394.277,idle,6.354,2.24,37.5,1,1,2,6.375,2.225,-39.6,0.0,0.018,0.0,0.0,,1.03
1788461394.328,idle,6.354,2.24,37.5,1,1,2,6.375,2.225,-39.6,0.0,0.018,0.0,0.0,,1.03
1788461394.381,idle,6.354,2.24,37.5,1,1,2,6.375,2.225,-39.6,0.0,0.018,0.0,0.0,,1.03
1788461394.434,idle,6.354,2.24,37.5,1,1,2,6.375,2.225,-39.6,0.0,0.018,0.0,0.0,,1.03
1788461394.485,idle,6.354,2.24,37.5,1,1,2,6.375,2.225,-39.6,0.0,0.018,0.0,0.0,,1.03
1788461394.535,idle,6.354,2.24,37.5,1,1,2,6.375,2.225,-39.6,0.0,0.018,0.0,0.0,,1.03
1788461394.589,idle,6.354,2.24,37.5,1,1,2,6.375,2.225,-39.6,0.0,0.018,0.0,0.0,,1.03
1788461394.646,idle,6.354,2.24,37.5,1,1,2,6.375,2.225,-39.6,0.0,0.018,0.0,0.0,,1.03
1788461394.706,idle,6.354,2.24,37.5,1,1,2,6.375,2.225,-39.6,0.0,0.018,0.0,0.0,,1.03
1788461394.764,idle,6.354,2.24,37.5,1,1,2,6.375,2.225,-39.6,0.0,0.018,0.0,0.0,,1.03
1788461394.819,idle,6.354,2.24,37.5,1,1,2,6.375,2.225,-39.6,0.0,0.018,0.0,0.0,,1.03
1788461394.873,idle,6.354,2.24,37.5,1,1,2,6.375,2.225,-39.6,0.0,0.018,0.0,0.0,,1.03
1788461394.922,idle,6.354,2.24,37.5,1,1,2,6.375,2.225,-39.6,0.0,0.018,0.0,0.0,,1.03
1788461394.976,idle,6.354,2.24,37.5,1,1,2,6.375,2.225,-39.6,0.0,0.018,0.0,0.0,,1.03
1788461395.025,idle,6.354,2.24,37.5,1,1,2,6.375,2.225,-39.6,0.0,0.018,0.0,0.0,,1.03
1788461395.08,idle,6.354,2.24,37.5,1,1,2,6.375,2.225,-39.6,0.0,0.018,0.0,0.0,,1.03
1788461395.131,idle,6.354,2.24,37.5,1,1,2,6.375,2.225,-39.6,0.0,0.018,0.0,0.0,,1.03
1788461395.183,idle,6.354,2.24,37.5,1,1,2,6.375,2.225,-39.6,0.0,0.018,0.0,0.0,,1.03
1788461395.233,idle,6.354,2.24,37.5,1,1,2,6.375,2.225,-39.6,0.0,0.018,0.0,0.0,,1.03
1788461395.286,idle,6.354,2.24,37.5,1,1,2,6.375,2.225,-39.6,0.0,0.018,0.0,0.0,,1.03
1788461395.335,idle,6.354,2.24,37.5,1,1,2,6.375,2.225,-39.6,0.0,0.018,0.0,0.0,,1.03
1788461395.392,idle,6.354,2.24,37.5,1,1,2,6.375,2.225,-39.6,0.0,0.018,0.0,0.0,,1.03
1788461395.45,idle,6.354,2.24,37.5,1,1,2,6.375,2.225,-39.6,0.0,0.018,0.0,0.0,,1.03
1788461395.511,idle,6.354,2.24,37.5,1,1,2,6.375,2.225,-39.6,0.0,0.018,0.0,0.0,,1.03
1788461395.566,idle,6.354,2.24,37.5,1,1,2,6.375,2.225,-39.6,0.0,0.018,0.0,0.0,,1.03
1788461395.62,idle,6.354,2.24,37.5,1,1,2,6.375,2.225,-39.6,0.0,0.018,0.0,0.0,,1.03
1788461395.67,idle,6.354,2.24,37.5,1,1,2,6.375,2.225,-39.6,0.0,0.018,0.0,0.0,,1.03
1788461395.722,idle,6.354,2.24,37.5,1,1,2,6.375,2.225,-39.6,0.0,0.018,0.0,0.0,,1.03
1788461395.773,idle,6.354,2.24,37.5,1,1,2,6.375,2.225,-39.6,0.0,0.018,0.0,0.0,,1.03
1788461395.825,idle,6.354,2.24,37.5,1,1,2,6.375,2.225,-39.6,0.0,0.018,0.0,0.0,,1.03
1788461395.876,idle,6.354,2.24,37.5,1,1,2,6.375,2.225,-39.6,0.0,0.018,0.0,0.0,,1.03
1788461395.926,idle,6.354,2.24,37.5,1,1,2,6.375,2.225,-39.6,0.0,0.018,0.0,0.0,,1.03
1788461395.977,idle,6.354,2.24,37.5,1,1,2,6.375,2.225,-39.6,0.0,0.018,0.0,0.0,,1.03
1788461396.028,idle,6.354,2.24,37.5,1,1,2,6.375,2.225,-39.6,0.0,0.018,0.0,0.0,,1.03
1788461396.082,idle,6.354,2.24,37.5,1,1,2,6.375,2.225,-39.6,0.0,0.018,0.0,0.0,,1.03
1788461396.135,idle,6.354,2.24,37.5,1,1,2,6.375,2.225,-39.6,0.0,0.018,0.0,0.0,,1.03
1788461396.193,idle,6.354,2.24,37.5,1,1,2,6.375,2.225,-39.6,0.0,0.018,0.0,0.0,,1.03
1788461396.249,idle,6.354,2.24,37.5,1,1,2,6.375,2.225,-39.6,0.0,0.018,0.0,0.0,,1.03
1788461396.311,idle,6.354,2.24,37.5,1,1,2,6.375,2.225,-39.6,0.0,0.018,0.0,0.0,,1.03
1788461396.364,idle,6.354,2.24,37.5,1,1,2,6.375,2.225,-39.6,0.0,0.018,0.0,0.0,,1.03
1788461396.42,idle,6.354,2.24,37.5,1,1,2,6.375,2.225,-39.6,0.0,0.018,0.0,0.0,,1.03
1788461396.471,idle,6.354,2.24,37.5,1,1,2,6.375,2.225,-39.6,0.0,0.018,0.0,0.0,,1.03
1788461396.521,idle,6.354,2.24,37.5,1,1,2,6.375,2.225,-39.6,0.0,0.018,0.0,0.0,,1.03
1788461396.573,idle,6.354,2.24,37.5,1,1,2,6.375,2.225,-39.6,0.0,0.018,0.0,0.0,,1.03
1788461396.623,idle,6.354,2.24,37.5,1,1,2,6.375,2.225,-39.6,0.0,0.018,0.0,0.0,,1.03
1788461396.674,idle,6.354,2.24,37.5,1,1,2,6.375,2.225,-39.6,0.0,0.018,0.0,0.0,,1.03
1788461396.723,idle,6.354,2.24,37.5,1,1,2,6.375,2.225,-39.6,0.0,0.018,0.0,0.0,,1.03
1788461396.778,idle,6.354,2.24,37.5,1,1,2,6.375,2.225,-39.6,0.0,0.018,0.0,0.0,,1.03
1788461396.827,idle,6.354,2.24,37.5,1,1,2,6.375,2.225,-39.6,0.0,0.018,0.0,0.0,,1.03
1788461396.879,idle,6.354,2.24,37.5,1,1,2,6.375,2.225,-39.6,0.0,0.018,0.0,0.0,,1.03
1788461396.933,idle,6.354,2.24,37.5,1,1,2,6.375,2.225,-39.6,0.0,0.018,0.0,0.0,,1.03
1788461396.992,idle,6.354,2.24,37.5,1,1,2,6.375,2.225,-39.6,0.0,0.018,0.0,0.0,,1.03
1788461397.046,idle,6.354,2.24,37.5,1,1,2,6.375,2.225,-39.6,0.0,0.018,0.0,0.0,,1.03
1788461397.101,idle,6.354,2.24,37.5,1,1,2,6.375,2.225,-39.6,0.0,0.018,0.0,0.0,,1.03
1788461397.154,idle,6.354,2.24,37.5,1,1,2,6.375,2.225,-39.6,0.0,0.018,0.0,0.0,,1.03
1788461397.209,idle,6.354,2.24,37.5,1,1,2,6.375,2.225,-39.6,0.0,0.018,0.0,0.0,,1.03
1788461397.261,idle,6.354,2.24,37.5,1,1,2,6.375,2.225,-39.6,0.0,0.018,0.0,0.0,,1.03
1788461397.314,idle,6.354,2.24,37.5,1,1,2,6.375,2.225,-39.6,0.0,0.018,0.0,0.0,,1.03
1788461397.364,idle,6.354,2.24,37.5,1,1,2,6.375,2.225,-39.6,0.0,0.018,0.0,0.0,,1.03
1788461397.417,idle,6.354,2.24,37.5,1,1,2,6.375,2.225,-39.6,0.0,0.018,0.0,0.0,,1.03
1788461397.469,idle,6.354,2.24,37.5,1,1,2,6.375,2.225,-39.6,0.0,0.018,0.0,0.0,,1.03
1788461397.52,idle,6.354,2.24,37.5,1,1,2,6.375,2.225,-39.6,0.0,0.018,0.0,0.0,,1.03
1788461397.572,idle,6.354,2.24,37.5,1,1,2,6.375,2.225,-39.6,0.0,0.018,0.0,0.0,,1.03
1788461397.623,idle,6.354,2.24,37.5,1,1,2,6.375,2.225,-39.6,0.0,0.018,0.0,0.0,,1.03
1788461397.675,idle,6.354,2.24,37.5,1,1,2,6.375,2.225,-39.6,0.0,0.018,0.0,0.0,,1.03
1788461397.728,idle,6.354,2.24,37.5,1,1,2,6.375,2.225,-39.6,0.0,0.018,0.0,0.0,,1.03
1788461397.787,idle,6.354,2.24,37.5,1,1,2,6.375,2.225,-39.6,0.0,0.018,0.0,0.0,,1.03
1788461397.844,idle,6.354,2.24,37.5,1,1,2,6.375,2.225,-39.6,0.0,0.018,0.0,0.0,,1.03
1788461397.901,idle,6.354,2.24,37.5,1,1,2,6.375,2.225,-39.6,0.0,0.018,0.0,0.0,,1.03
1788461397.956,idle,6.354,2.24,37.5,1,1,2,6.375,2.225,-39.6,0.0,0.018,0.0,0.0,,1.03
1788461398.007,idle,6.354,2.24,37.5,1,1,2,6.375,2.225,-39.6,0.0,0.018,0.0,0.0,,1.03
1788461398.061,idle,6.354,2.24,37.5,1,1,2,6.375,2.225,-39.6,0.0,0.018,0.0,0.0,,1.03
1788461398.115,idle,6.354,2.24,37.5,1,1,2,6.375,2.225,-39.6,0.0,0.018,0.0,0.0,,1.03
1788461398.17,idle,6.354,2.24,37.5,1,1,2,6.375,2.225,-39.6,0.0,0.018,0.0,0.0,,1.03
1788461398.222,idle,6.354,2.24,37.5,1,1,2,6.375,2.225,-39.6,0.0,0.018,0.0,0.0,,1.03
1788461398.274,idle,6.354,2.24,37.5,1,1,2,6.375,2.225,-39.6,0.0,0.018,0.0,0.0,,1.03
1788461398.328,idle,6.354,2.24,37.5,1,1,2,6.375,2.225,-39.6,0.0,0.018,0.0,0.0,,1.03
1788461398.379,idle,6.354,2.24,37.5,1,1,2,6.375,2.225,-39.6,0.0,0.018,0.0,0.0,,1.03
1788461398.429,idle,6.354,2.24,37.5,1,1,2,6.375,2.225,-39.6,0.0,0.018,0.0,0.0,,1.03
1788461398.483,idle,6.354,2.24,37.5,1,1,2,6.375,2.225,-39.6,0.0,0.018,0.0,0.0,,1.03
1788461398.537,idle,6.354,2.24,37.5,1,1,2,6.375,2.225,-39.6,0.0,0.018,0.0,0.0,,1.03
1788461398.596,idle,6.354,2.24,37.5,1,1,2,6.375,2.225,-39.6,0.0,0.018,0.0,0.0,,1.03
1788461398.652,idle,6.354,2.24,37.5,1,1,2,6.375,2.225,-39.6,0.0,0.018,0.0,0.0,,1.03
1788461398.711,idle,6.354,2.24,37.5,1,1,2,6.375,2.225,-39.6,0.0,0.018,0.0,0.0,,1.03
1788461398.763,idle,6.354,2.24,37.5,1,1,2,6.375,2.225,-39.6,0.0,0.018,0.0,0.0,,1.03
1788461398.814,idle,6.354,2.24,37.5,1,1,2,6.375,2.225,-39.6,0.0,0.018,0.0,0.0,,1.03
1788461398.866,idle,6.354,2.24,37.5,1,1,2,6.375,2.225,-39.6,0.0,0.018,0.0,0.0,,1.03
1788461398.919,idle,6.354,2.24,37.5,1,1,2,6.375,2.225,-39.6,0.0,0.018,0.0,0.0,,1.03
1788461398.97,idle,6.354,2.24,37.5,1,1,2,6.375,2.225,-39.6,0.0,0.018,0.0,0.0,,1.03
1788461399.022,idle,6.354,2.24,37.5,1,1,2,6.375,2.225,-39.6,0.0,0.018,0.0,0.0,,1.03
1788461399.073,idle,6.354,2.24,37.5,1,1,2,6.375,2.225,-39.6,0.0,0.018,0.0,0.0,,1.03
1788461399.124,idle,6.354,2.24,37.5,1,1,2,6.375,2.225,-39.6,0.0,0.018,0.0,0.0,,1.03
1788461399.175,idle,6.354,2.24,37.5,1,1,2,6.375,2.225,-39.6,0.0,0.018,0.0,0.0,,1.03
1788461399.227,idle,6.354,2.24,37.5,1,1,2,6.375,2.225,-39.6,0.0,0.018,0.0,0.0,,1.03
1788461399.28,idle,6.354,2.24,37.5,1,1,2,6.375,2.225,-39.6,0.0,0.018,0.0,0.0,,1.03
1788461399.336,idle,6.354,2.24,37.5,1,1,2,6.375,2.225,-39.6,0.0,0.018,0.0,0.0,,1.03
1788461399.394,idle,6.354,2.24,37.5,1,1,2,6.375,2.225,-39.6,0.0,0.018,0.0,0.0,,1.03
1788461399.455,idle,6.354,2.24,37.5,1,1,2,6.375,2.225,-39.6,0.0,0.018,0.0,0.0,,1.03
1788461399.508,idle,6.354,2.24,37.5,1,1,2,6.375,2.225,-39.6,0.0,0.018,0.0,0.0,,1.03
1788461399.561,idle,6.354,2.24,37.5,1,1,2,6.375,2.225,-39.6,0.0,0.018,0.0,0.0,,1.03
1788461399.611,idle,6.354,2.24,37.5,1,1,2,6.375,2.225,-39.6,0.0,0.018,0.0,0.0,,1.03
1788461399.664,idle,6.354,2.24,37.5,1,1,2,6.375,2.225,-39.6,0.0,0.018,0.0,0.0,,1.03
1788461399.714,idle,6.354,2.24,37.5,1,1,2,6.375,2.225,-39.6,0.0,0.018,0.0,0.0,,1.03
1788461399.766,idle,6.354,2.24,37.5,1,1,2,6.375,2.225,-39.6,0.0,0.018,0.0,0.0,,1.03
1788461399.819,idle,6.354,2.24,37.5,1,1,2,6.375,2.225,-39.6,0.0,0.018,0.0,0.0,,1.03
1788461399.871,idle,6.354,2.24,37.5,1,1,2,6.375,2.225,-39.6,0.0,0.018,0.0,0.0,,1.03
1788461399.925,idle,6.354,2.24,37.5,1,1,2,6.375,2.225,-39.6,0.0,0.018,0.0,0.0,,1.03
1788461399.977,idle,6.354,2.24,37.5,1,1,2,6.375,2.225,-39.6,0.0,0.018,0.0,0.0,,1.03
1788461400.027,idle,6.354,2.24,37.5,1,1,2,6.375,2.225,-39.6,0.0,0.018,0.0,0.0,,1.03
1788461400.083,idle,6.354,2.24,37.5,1,1,2,6.375,2.225,-39.6,0.0,0.018,0.0,0.0,,1.03
1788461400.138,idle,6.354,2.24,37.5,1,1,2,6.375,2.225,-39.6,0.0,0.018,0.0,0.0,,1.03
1788461400.193,idle,6.354,2.24,37.5,1,1,2,6.375,2.225,-39.6,0.0,0.018,0.0,0.0,,1.03
1788461400.25,idle,6.354,2.24,37.5,1,1,2,6.375,2.225,-39.6,0.0,0.018,0.0,0.0,,1.03
1788461400.305,idle,6.354,2.24,37.5,1,1,2,6.375,2.225,-39.6,0.0,0.018,0.0,0.0,,1.03
1788461400.354,idle,6.354,2.24,37.5,1,1,2,6.375,2.225,-39.6,0.0,0.018,0.0,0.0,,1.03
1788461400.408,idle,6.354,2.24,37.5,1,1,2,6.375,2.225,-39.6,0.0,0.018,0.0,0.0,,1.03
1788461400.457,idle,6.354,2.24,37.5,1,1,2,6.375,2.225,-39.6,0.0,0.018,0.0,0.0,,1.03
1788461400.51,idle,6.354,2.24,37.5,1,1,2,6.375,2.225,-39.6,0.0,0.018,0.0,0.0,,1.03
1788461400.576,idle,6.354,2.24,37.5,1,1,2,6.375,2.225,-39.6,0.0,0.018,0.0,0.0,,1.03
1788461400.63,idle,6.354,2.24,37.5,1,1,2,6.375,2.225,-39.6,0.0,0.018,0.0,0.0,,1.03
1788461400.681,idle,6.354,2.24,37.5,1,1,2,6.375,2.225,-39.6,0.0,0.018,0.0,0.0,,1.03
1788461400.732,idle,6.354,2.24,37.5,1,1,2,6.375,2.225,-39.6,0.0,0.018,0.0,0.0,,1.03
1788461400.784,idle,6.354,2.24,37.5,1,1,2,6.375,2.225,-39.6,0.0,0.018,0.0,0.0,,1.03
1788461400.836,idle,6.354,2.24,37.5,1,1,2,6.375,2.225,-39.6,0.0,0.018,0.0,0.0,,1.03
1788461400.892,idle,6.354,2.24,37.5,1,1,2,6.375,2.225,-39.6,0.0,0.018,0.0,0.0,,1.03
1788461400.948,idle,6.354,2.24,37.5,1,1,2,6.375,2.225,-39.6,0.0,0.018,0.0,0.0,,1.03
1788461401.005,idle,6.354,2.24,37.5,1,1,2,6.375,2.225,-39.6,0.0,0.018,0.0,0.0,,1.03
1788461401.062,idle,6.354,2.24,37.5,1,1,2,6.375,2.225,-39.6,0.0,0.018,0.0,0.0,,1.03
1788461401.114,idle,6.354,2.24,37.5,1,1,2,6.375,2.225,-39.6,0.0,0.018,0.0,0.0,,1.03
1788461401.166,idle,6.354,2.24,37.5,1,1,2,6.375,2.225,-39.6,0.0,0.018,0.0,0.0,,1.03
1788461401.216,idle,6.354,2.24,37.5,1,1,2,6.375,2.225,-39.6,0.0,0.018,0.0,0.0,,1.03
1788461401.268,idle,6.354,2.24,37.5,1,1,2,6.375,2.225,-39.6,0.0,0.018,0.0,0.0,,1.03
1788461401.32,idle,6.354,2.24,37.5,1,1,2,6.375,2.225,-39.6,0.0,0.018,0.0,0.0,,1.03
1788461401.372,idle,6.354,2.24,37.5,1,1,2,6.375,2.225,-39.6,0.0,0.018,0.0,0.0,,1.03
1788461401.422,idle,6.354,2.24,37.5,1,1,2,6.375,2.225,-39.6,0.0,0.018,0.0,0.0,,1.03
1788461401.473,idle,6.354,2.24,37.5,1,1,2,6.375,2.225,-39.6,0.0,0.018,0.0,0.0,,1.03
1788461401.524,idle,6.354,2.24,37.5,1,1,2,6.375,2.225,-39.6,0.0,0.018,0.0,0.0,,1.03
1788461401.574,idle,6.354,2.24,37.5,1,1,2,6.375,2.225,-39.6,0.0,0.018,0.0,0.0,,1.03
1788461401.627,idle,6.354,2.24,37.5,1,1,2,6.375,2.225,-39.6,0.0,0.018,0.0,0.0,,1.03
1788461401.687,idle,6.354,2.24,37.5,1,1,2,6.375,2.225,-39.6,0.0,0.018,0.0,0.0,,1.03
1788461401.742,idle,6.354,2.24,37.5,1,1,2,6.375,2.225,-39.6,0.0,0.018,0.0,0.0,,1.03
1788461401.8,idle,6.354,2.24,37.5,1,1,2,6.375,2.225,-39.6,0.0,0.018,0.0,0.0,,1.03
1788461401.857,idle,6.354,2.24,37.5,1,1,2,6.375,2.225,-39.6,0.0,0.018,0.0,0.0,,1.03
1788461401.908,idle,6.354,2.24,37.5,1,1,2,6.375,2.225,-39.6,0.0,0.018,0.0,0.0,,1.03
1788461401.959,idle,6.354,2.24,37.5,1,1,2,6.375,2.225,-39.6,0.0,0.018,0.0,0.0,,1.03
1788461402.011,idle,6.354,2.24,37.5,1,1,2,6.375,2.225,-39.6,0.0,0.018,0.0,0.0,,1.03
1788461402.065,idle,6.354,2.24,37.5,1,1,2,6.375,2.225,-39.6,0.0,0.018,0.0,0.0,,1.03
1788461402.119,idle,6.354,2.24,37.5,1,1,2,6.375,2.225,-39.6,0.0,0.018,0.0,0.0,,1.03
1788461402.17,idle,6.354,2.24,37.5,1,1,2,6.375,2.225,-39.6,0.0,0.018,0.0,0.0,,1.03
1788461402.221,idle,6.354,2.24,37.5,1,1,2,6.375,2.225,-39.6,0.0,0.018,0.0,0.0,,1.03
1788461402.273,idle,6.354,2.24,37.5,1,1,2,6.375,2.225,-39.6,0.0,0.018,0.0,0.0,,1.03
1788461402.324,idle,6.354,2.24,37.5,1,1,2,6.375,2.225,-39.6,0.0,0.018,0.0,0.0,,1.03
1788461402.377,idle,6.354,2.24,37.5,1,1,2,6.375,2.225,-39.6,0.0,0.018,0.0,0.0,,1.03
1788461402.437,idle,6.354,2.24,37.5,1,1,2,6.375,2.225,-39.6,0.0,0.018,0.0,0.0,,1.03
1788461402.496,idle,6.354,2.24,37.5,1,1,2,6.375,2.225,-39.6,0.0,0.018,0.0,0.0,,1.03
1788461402.554,idle,6.354,2.24,37.5,1,1,2,6.375,2.225,-39.6,0.0,0.018,0.0,0.0,,1.03
1788461402.611,idle,6.354,2.24,37.5,1,1,2,6.375,2.225,-39.6,0.0,0.018,0.0,0.0,,1.03
1788461402.664,idle,6.354,2.24,37.5,1,1,2,6.375,2.225,-39.6,0.0,0.018,0.0,0.0,,1.03
1788461402.717,idle,6.354,2.24,37.5,1,1,2,6.375,2.225,-39.6,0.0,0.018,0.0,0.0,,1.03
1788461402.767,idle,6.354,2.24,37.5,1,1,2,6.375,2.225,-39.6,0.0,0.018,0.0,0.0,,1.03
1788461402.819,idle,6.354,2.24,37.5,1,1,2,6.375,2.225,-39.6,0.0,0.018,0.0,0.0,,1.03
1788461402.871,idle,6.354,2.24,37.5,1,1,2,6.375,2.225,-39.6,0.0,0.018,0.0,0.0,,1.03
1788461402.925,idle,6.354,2.24,37.5,1,1,2,6.375,2.225,-39.6,0.0,0.018,0.0,0.0,,1.03
1788461402.978,idle,6.354,2.24,37.5,1,1,2,6.375,2.225,-39.6,0.0,0.018,0.0,0.0,,1.03
1788461403.029,idle,6.354,2.24,37.5,1,1,2,6.375,2.225,-39.6,0.0,0.018,0.0,0.0,,1.03
1788461403.082,idle,6.354,2.24,37.5,1,1,2,6.375,2.225,-39.6,0.0,0.018,0.0,0.0,,1.03
1788461403.133,idle,6.354,2.24,37.5,1,1,2,6.375,2.225,-39.6,0.0,0.018,0.0,0.0,,1.03
1788461403.189,idle,6.354,2.24,37.5,1,1,2,6.375,2.225,-39.6,0.0,0.018,0.0,0.0,,1.03
1788461403.243,idle,6.354,2.24,37.5,1,1,2,6.375,2.225,-39.6,0.0,0.018,0.0,0.0,,1.03
1788461403.3,idle,6.354,2.24,37.5,1,1,2,6.375,2.225,-39.6,0.0,0.018,0.0,0.0,,1.03
1788461403.361,idle,6.354,2.24,37.5,1,1,2,6.375,2.225,-39.6,0.0,0.018,0.0,0.0,,1.03
1788461403.421,idle,6.354,2.24,37.5,1,1,2,6.375,2.225,-39.6,0.0,0.018,0.0,0.0,,1.03
1788461403.475,idle,6.354,2.24,37.5,1,1,2,6.375,2.225,-39.6,0.0,0.018,0.0,0.0,,1.03
1788461403.527,idle,6.354,2.24,37.5,1,1,2,6.375,2.225,-39.6,0.0,0.018,0.0,0.0,,1.03
1788461403.58,idle,6.354,2.24,37.5,1,1,2,6.375,2.225,-39.6,0.0,0.018,0.0,0.0,,1.03
1788461403.631,idle,6.354,2.24,37.5,1,1,2,6.375,2.225,-39.6,0.0,0.018,0.0,0.0,,1.03
1788461403.684,idle,6.354,2.24,37.5,1,1,2,6.375,2.225,-39.6,0.0,0.018,0.0,0.0,,1.03
1788461403.734,idle,6.354,2.24,37.5,1,1,2,6.375,2.225,-39.6,0.0,0.018,0.0,0.0,,1.03
1788461403.784,idle,6.354,2.24,37.5,1,1,2,6.375,2.225,-39.6,0.0,0.018,0.0,0.0,,1.03
1788461403.838,idle,6.354,2.24,37.5,1,1,2,6.375,2.225,-39.6,0.0,0.018,0.0,0.0,,1.03
1788461403.891,idle,6.354,2.24,37.5,1,1,2,6.375,2.225,-39.6,0.0,0.018,0.0,0.0,,1.03
1788461403.944,idle,6.354,2.24,37.5,1,1,2,6.375,2.225,-39.6,0.0,0.018,0.0,0.0,,1.03
1788461403.999,idle,6.354,2.24,37.5,1,1,2,6.375,2.225,-39.6,0.0,0.018,0.0,0.0,,1.03
1788461404.058,idle,6.354,2.24,37.5,1,1,2,6.375,2.225,-39.6,0.0,0.018,0.0,0.0,,1.03
1788461404.116,idle,6.354,2.24,37.5,1,1,2,6.375,2.225,-39.6,0.0,0.018,0.0,0.0,,1.03
1788461404.171,idle,6.354,2.24,37.5,1,1,2,6.375,2.225,-39.6,0.0,0.018,0.0,0.0,,1.03
1788461404.224,idle,6.354,2.24,37.5,1,1,2,6.375,2.225,-39.6,0.0,0.018,0.0,0.0,,1.03
1788461404.276,idle,6.354,2.24,37.5,1,1,2,6.375,2.225,-39.6,0.0,0.018,0.0,0.0,,1.03
1788461404.328,idle,6.354,2.24,37.5,1,1,2,6.375,2.225,-39.6,0.0,0.018,0.0,0.0,,1.03
1788461404.381,idle,6.354,2.24,37.5,1,1,2,6.375,2.225,-39.6,0.0,0.018,0.0,0.0,,1.03
1788461404.431,idle,6.354,2.24,37.5,1,1,2,6.375,2.225,-39.6,0.0,0.018,0.0,0.0,,1.03
1788461404.485,idle,6.354,2.24,37.5,1,1,2,6.375,2.225,-39.6,0.0,0.018,0.0,0.0,,1.03
1788461404.535,idle,6.354,2.24,37.5,1,1,2,6.375,2.225,-39.6,0.0,0.018,0.0,0.0,,1.03
1788461404.587,idle,6.354,2.24,37.5,1,1,2,6.375,2.225,-39.6,0.0,0.018,0.0,0.0,,1.03
1788461404.638,idle,6.354,2.24,37.5,1,1,2,6.375,2.225,-39.6,0.0,0.018,0.0,0.0,,1.03
1788461404.69,idle,6.354,2.24,37.5,1,1,2,6.375,2.225,-39.6,0.0,0.018,0.0,0.0,,1.03
1788461404.743,idle,6.354,2.24,37.5,1,1,2,6.375,2.225,-39.6,0.0,0.018,0.0,0.0,,1.03
1788461404.802,idle,6.354,2.24,37.5,1,1,2,6.375,2.225,-39.6,0.0,0.018,0.0,0.0,,1.03
1788461404.861,idle,6.354,2.24,37.5,1,1,2,6.375,2.225,-39.6,0.0,0.018,0.0,0.0,,1.03
1788461404.918,idle,6.354,2.24,37.5,1,1,2,6.375,2.225,-39.6,0.0,0.018,0.0,0.0,,1.03
1788461404.969,idle,6.354,2.24,37.5,1,1,2,6.375,2.225,-39.6,0.0,0.018,0.0,0.0,,1.03
1788461405.021,idle,6.354,2.24,37.5,1,1,2,6.375,2.225,-39.6,0.0,0.018,0.0,0.0,,1.03
1788461405.072,idle,6.354,2.24,37.5,1,1,2,6.375,2.225,-39.6,0.0,0.018,0.0,0.0,,1.03
1788461405.121,idle,6.354,2.24,37.5,1,1,2,6.375,2.225,-39.6,0.0,0.018,0.0,0.0,,1.03
1788461405.173,idle,6.354,2.24,37.5,1,1,2,6.375,2.225,-39.6,0.0,0.018,0.0,0.0,,1.03
1788461405.223,idle,6.354,2.24,37.5,1,1,2,6.375,2.225,-39.6,0.0,0.018,0.0,0.0,,1.03
1788461405.275,idle,6.354,2.24,37.5,1,1,2,6.375,2.225,-39.6,0.0,0.018,0.0,0.0,,1.03
1788461405.328,idle,6.354,2.24,37.5,1,1,2,6.375,2.225,-39.6,0.0,0.018,0.0,0.0,,1.03
1788461405.379,idle,6.354,2.24,37.5,1,1,2,6.375,2.225,-39.6,0.0,0.018,0.0,0.0,,1.03
1788461405.43,idle,6.354,2.24,37.5,1,1,2,6.375,2.225,-39.6,0.0,0.018,0.0,0.0,,1.03
1788461405.482,idle,6.354,2.24,37.5,1,1,2,6.375,2.225,-39.6,0.0,0.018,0.0,0.0,,1.03
1788461405.537,idle,6.354,2.24,37.5,1,1,2,6.375,2.225,-39.6,0.0,0.018,0.0,0.0,,1.03
1788461405.595,idle,6.354,2.24,37.5,1,1,2,6.375,2.225,-39.6,0.0,0.018,0.0,0.0,,1.03
1788461405.655,idle,6.354,2.24,37.5,1,1,2,6.375,2.225,-39.6,0.0,0.018,0.0,0.0,,1.03
1788461405.714,idle,6.354,2.24,37.5,1,1,2,6.375,2.225,-39.6,0.0,0.018,0.0,0.0,,1.03
1788461405.773,idle,6.354,2.24,37.5,1,1,2,6.375,2.225,-39.6,0.0,0.018,0.0,0.0,,1.03
1788461405.824,idle,6.354,2.24,37.5,1,1,2,6.375,2.225,-39.6,0.0,0.018,0.0,0.0,,1.03
1788461405.877,idle,6.354,2.24,37.5,1,1,2,6.375,2.225,-39.6,0.0,0.018,0.0,0.0,,1.03
1788461405.928,idle,6.354,2.24,37.5,1,1,2,6.375,2.225,-39.6,0.0,0.018,0.0,0.0,,1.03
1788461405.979,idle,6.354,2.24,37.5,1,1,2,6.375,2.225,-39.6,0.0,0.018,0.0,0.0,,1.03
1788461406.029,idle,6.354,2.24,37.5,1,1,2,6.375,2.225,-39.6,0.0,0.018,0.0,0.0,,1.03
1788461406.08,idle,6.354,2.24,37.5,1,1,2,6.375,2.225,-39.6,0.0,0.018,0.0,0.0,,1.03
1788461406.132,idle,6.354,2.24,37.5,1,1,2,6.375,2.225,-39.6,0.0,0.018,0.0,0.0,,1.03
1788461406.185,idle,6.354,2.24,37.5,1,1,2,6.375,2.225,-39.6,0.0,0.018,0.0,0.0,,1.03
1788461406.235,idle,6.354,2.24,37.5,1,1,2,6.375,2.225,-39.6,0.0,0.018,0.0,0.0,,1.03
1788461406.289,idle,6.354,2.24,37.5,1,1,2,6.375,2.225,-39.6,0.0,0.018,0.0,0.0,,1.03
1788461406.34,idle,6.354,2.24,37.5,1,1,2,6.375,2.225,-39.6,0.0,0.018,0.0,0.0,,1.03
1788461406.401,idle,6.354,2.24,37.5,1,1,2,6.375,2.225,-39.6,0.0,0.018,0.0,0.0,,1.03
1788461406.458,idle,6.354,2.24,37.5,1,1,2,6.375,2.225,-39.6,0.0,0.018,0.0,0.0,,1.03
1788461406.512,idle,6.354,2.24,37.5,1,1,2,6.375,2.225,-39.6,0.0,0.018,0.0,0.0,,1.03
1788461406.566,idle,6.354,2.24,37.5,1,1,2,6.375,2.225,-39.6,0.0,0.018,0.0,0.0,,1.03
1788461406.616,idle,6.354,2.24,37.5,1,1,2,6.375,2.225,-39.6,0.0,0.018,0.0,0.0,,1.03
1788461406.669,idle,6.354,2.24,37.5,1,1,2,6.375,2.225,-39.6,0.0,0.018,0.0,0.0,,1.03
1788461406.721,idle,6.354,2.24,37.5,1,1,2,6.375,2.225,-39.6,0.0,0.018,0.0,0.0,,1.03
1788461406.774,idle,6.354,2.24,37.5,1,1,2,6.375,2.225,-39.6,0.0,0.018,0.0,0.0,,1.03
1788461406.825,idle,6.354,2.24,37.5,1,1,2,6.375,2.225,-39.6,0.0,0.018,0.0,0.0,,1.03
1788461406.877,idle,6.354,2.24,37.5,1,1,2,6.375,2.225,-39.6,0.0,0.018,0.0,0.0,,1.03
1788461406.928,idle,6.354,2.24,37.5,1,1,2,6.375,2.225,-39.6,0.0,0.018,0.0,0.0,,1.03
1788461406.98,idle,6.354,2.24,37.5,1,1,2,6.375,2.225,-39.6,0.0,0.018,0.0,0.0,,1.03
1788461407.032,idle,6.354,2.24,37.5,1,1,2,6.375,2.225,-39.6,0.0,0.018,0.0,0.0,,1.03
1788461407.087,idle,6.354,2.24,37.5,1,1,2,6.375,2.225,-39.6,0.0,0.018,0.0,0.0,,1.03
1788461407.144,idle,6.354,2.24,37.5,1,1,2,6.375,2.225,-39.6,0.0,0.018,0.0,0.0,,1.03
1788461407.201,idle,6.354,2.24,37.5,1,1,2,6.375,2.225,-39.6,0.0,0.018,0.0,0.0,,1.03
1788461407.256,idle,6.354,2.24,37.5,1,1,2,6.375,2.225,-39.6,0.0,0.018,0.0,0.0,,1.03
1788461407.312,idle,6.354,2.24,37.5,1,1,2,6.375,2.225,-39.6,0.0,0.018,0.0,0.0,,1.03
1788461407.364,idle,6.354,2.24,37.5,1,1,2,6.375,2.225,-39.6,0.0,0.018,0.0,0.0,,1.03
1788461407.416,idle,6.354,2.24,37.5,1,1,2,6.375,2.225,-39.6,0.0,0.018,0.0,0.0,,1.03
1788461407.469,idle,6.354,2.24,37.5,1,1,2,6.375,2.225,-39.6,0.0,0.018,0.0,0.0,,1.03
1788461407.52,idle,6.354,2.24,37.5,1,1,2,6.375,2.225,-39.6,0.0,0.018,0.0,0.0,,1.03
1788461407.57,idle,6.354,2.24,37.5,1,1,2,6.375,2.225,-39.6,0.0,0.018,0.0,0.0,,1.03
1788461407.62,idle,6.354,2.24,37.5,1,1,2,6.375,2.225,-39.6,0.0,0.018,0.0,0.0,,1.03
1788461407.671,idle,6.354,2.24,37.5,1,1,2,6.375,2.225,-39.6,0.0,0.018,0.0,0.0,,1.03
1788461407.723,idle,6.354,2.24,37.5,1,1,2,6.375,2.225,-39.6,0.0,0.018,0.0,0.0,,1.03
1788461407.773,idle,6.354,2.24,37.5,1,1,2,6.375,2.225,-39.6,0.0,0.018,0.0,0.0,,1.03
1788461407.826,idle,6.354,2.24,37.5,1,1,2,6.375,2.225,-39.6,0.0,0.018,0.0,0.0,,1.03
1788461407.884,idle,6.354,2.24,37.5,1,1,2,6.375,2.225,-39.6,0.0,0.018,0.0,0.0,,1.03
1788461407.938,idle,6.354,2.24,37.5,1,1,2,6.375,2.225,-39.6,0.0,0.018,0.0,0.0,,1.03
1788461407.997,idle,6.354,2.24,37.5,1,1,2,6.375,2.225,-39.6,0.0,0.018,0.0,0.0,,1.03
1788461408.05,idle,6.354,2.24,37.5,1,1,2,6.375,2.225,-39.6,0.0,0.018,0.0,0.0,,1.03
1788461408.109,idle,6.354,2.24,37.5,1,1,2,6.375,2.225,-39.6,0.0,0.018,0.0,0.0,,1.03
1788461408.16,idle,6.354,2.24,37.5,1,1,2,6.375,2.225,-39.6,0.0,0.018,0.0,0.0,,1.03
1788461408.212,idle,6.354,2.24,37.5,1,1,2,6.375,2.225,-39.6,0.0,0.018,0.0,0.0,,1.03
1788461408.263,idle,6.354,2.24,37.5,1,1,2,6.375,2.225,-39.6,0.0,0.018,0.0,0.0,,1.03
1788461408.317,idle,6.354,2.24,37.5,1,1,2,6.375,2.225,-39.6,0.0,0.018,0.0,0.0,,1.03
1788461408.369,idle,6.354,2.24,37.5,1,1,2,6.375,2.225,-39.6,0.0,0.018,0.0,0.0,,1.03
1788461408.42,idle,6.354,2.24,37.5,1,1,2,6.375,2.225,-39.6,0.0,0.018,0.0,0.0,,1.03
1788461408.47,idle,6.354,2.24,37.5,1,1,2,6.375,2.225,-39.6,0.0,0.018,0.0,0.0,,1.03
1788461408.521,idle,6.354,2.24,37.5,1,1,2,6.375,2.225,-39.6,0.0,0.018,0.0,0.0,,1.03
1788461408.571,idle,6.354,2.24,37.5,1,1,2,6.375,2.225,-39.6,0.0,0.018,0.0,0.0,,1.03
1788461408.623,idle,6.354,2.24,37.5,1,1,2,6.375,2.225,-39.6,0.0,0.018,0.0,0.0,,1.03
1788461408.677,idle,6.354,2.24,37.5,1,1,2,6.375,2.225,-39.6,0.0,0.018,0.0,0.0,,1.03
1788461408.735,idle,6.354,2.24,37.5,1,1,2,6.375,2.225,-39.6,0.0,0.018,0.0,0.0,,1.03
1788461408.794,idle,6.354,2.24,37.5,1,1,2,6.375,2.225,-39.6,0.0,0.018,0.0,0.0,,1.03
1788461408.849,idle,6.354,2.24,37.5,1,1,2,6.375,2.225,-39.6,0.0,0.018,0.0,0.0,,1.03
1788461408.906,idle,6.354,2.24,37.5,1,1,2,6.375,2.225,-39.6,0.0,0.018,0.0,0.0,,1.03
1788461408.957,idle,6.354,2.24,37.5,1,1,2,6.375,2.225,-39.6,0.0,0.018,0.0,0.0,,1.03
1788461409.008,idle,6.354,2.24,37.5,1,1,2,6.375,2.225,-39.6,0.0,0.018,0.0,0.0,,1.03
1788461409.058,idle,6.354,2.24,37.5,1,1,2,6.375,2.225,-39.6,0.0,0.018,0.0,0.0,,1.03
1788461409.112,idle,6.354,2.24,37.5,1,1,2,6.375,2.225,-39.6,0.0,0.018,0.0,0.0,,1.03
1788461409.166,idle,6.354,2.24,37.5,1,1,2,6.375,2.225,-39.6,0.0,0.018,0.0,0.0,,1.03
1788461409.218,idle,6.354,2.24,37.5,1,1,2,6.375,2.225,-39.6,0.0,0.018,0.0,0.0,,1.03
1788461409.271,idle,6.354,2.24,37.5,1,1,2,6.375,2.225,-39.6,0.0,0.018,0.0,0.0,,1.03
1788461409.322,idle,6.354,2.24,37.5,1,1,2,6.375,2.225,-39.6,0.0,0.018,0.0,0.0,,1.03
1788461409.373,idle,6.354,2.24,37.5,1,1,2,6.375,2.225,-39.6,0.0,0.018,0.0,0.0,,1.03
1788461409.424,idle,6.354,2.24,37.5,1,1,2,6.375,2.225,-39.6,0.0,0.018,0.0,0.0,,1.03
1788461409.479,idle,6.354,2.24,37.5,1,1,2,6.375,2.225,-39.6,0.0,0.018,0.0,0.0,,1.03
1788461409.54,idle,6.354,2.24,37.5,1,1,2,6.375,2.225,-39.6,0.0,0.018,0.0,0.0,,1.03
1788461409.597,idle,6.354,2.24,37.5,1,1,2,6.375,2.225,-39.6,0.0,0.018,0.0,0.0,,1.03
1788461409.653,idle,6.354,2.24,37.5,1,1,2,6.375,2.225,-39.6,0.0,0.018,0.0,0.0,,1.03
1788461409.71,idle,6.354,2.24,37.5,1,1,2,6.375,2.225,-39.6,0.0,0.018,0.0,0.0,,1.03
1788461409.761,idle,6.354,2.24,37.5,1,1,2,6.375,2.225,-39.6,0.0,0.018,0.0,0.0,,1.03
1788461409.812,idle,6.354,2.24,37.5,1,1,2,6.375,2.225,-39.6,0.0,0.018,0.0,0.0,,1.03
1788461409.862,idle,6.354,2.24,37.5,1,1,2,6.375,2.225,-39.6,0.0,0.018,0.0,0.0,,1.03
1788461409.914,idle,6.354,2.24,37.5,1,1,2,6.375,2.225,-39.6,0.0,0.018,0.0,0.0,,1.03
1788461409.964,idle,6.354,2.24,37.5,1,1,2,6.375,2.225,-39.6,0.0,0.018,0.0,0.0,,1.03
1788461410.015,idle,6.354,2.24,37.5,1,1,2,6.375,2.225,-39.6,0.0,0.018,0.0,0.0,,1.03
1788461410.068,idle,6.354,2.24,37.5,1,1,2,6.375,2.225,-39.6,0.0,0.018,0.0,0.0,,1.03
1788461410.119,idle,6.354,2.24,37.5,1,1,2,6.375,2.225,-39.6,0.0,0.018,0.0,0.0,,1.03
1788461410.169,idle,6.354,2.24,37.5,1,1,2,6.375,2.225,-39.6,0.0,0.018,0.0,0.0,,1.03
1788461410.222,idle,6.354,2.24,37.5,1,1,2,6.375,2.225,-39.6,0.0,0.018,0.0,0.0,,1.03
1788461410.281,idle,6.354,2.24,37.5,1,1,2,6.375,2.225,-39.6,0.0,0.018,0.0,0.0,,1.03
1788461410.335,idle,6.354,2.24,37.5,1,1,2,6.375,2.225,-39.6,0.0,0.018,0.0,0.0,,1.03
1788461410.394,idle,6.354,2.24,37.5,1,1,2,6.375,2.225,-39.6,0.0,0.018,0.0,0.0,,1.03
1788461410.449,idle,6.354,2.24,37.5,1,1,2,6.375,2.225,-39.6,0.0,0.018,0.0,0.0,,1.03
1788461410.504,idle,6.354,2.24,37.5,1,1,2,6.375,2.225,-39.6,0.0,0.018,0.0,0.0,,1.03
1788461410.555,idle,6.354,2.24,37.5,1,1,2,6.375,2.225,-39.6,0.0,0.018,0.0,0.0,,1.03
1788461410.604,idle,6.354,2.24,37.5,1,1,2,6.375,2.225,-39.6,0.0,0.018,0.0,0.0,,1.03
1788461410.673,idle,6.354,2.24,37.5,1,1,2,6.375,2.225,-39.6,0.0,0.018,0.0,0.0,,1.03
1788461410.744,idle,6.354,2.24,37.5,1,1,2,6.375,2.225,-39.6,0.0,0.018,0.0,0.0,,1.03
1788461410.812,idle,6.354,2.24,37.5,1,1,2,6.375,2.225,-39.6,0.0,0.018,0.0,0.0,,1.03
1788461410.874,idle,6.354,2.24,37.5,1,1,2,6.375,2.225,-39.6,0.0,0.018,0.0,0.0,,1.03
1788461410.933,idle,6.354,2.24,37.5,1,1,2,6.375,2.225,-39.6,0.0,0.018,0.0,0.0,,1.03
1788461410.987,idle,6.354,2.24,37.5,1,1,2,6.375,2.225,-39.6,0.0,0.018,0.0,0.0,,1.03
1788461411.045,idle,6.354,2.24,37.5,1,1,2,6.375,2.225,-39.6,0.0,0.018,0.0,0.0,,1.03
1788461411.11,idle,6.354,2.24,37.5,1,1,2,6.375,2.225,-39.6,0.0,0.018,0.0,0.0,,1.03
1788461411.172,idle,6.354,2.24,37.5,1,1,2,6.375,2.225,-39.6,0.0,0.018,0.0,0.0,,1.03
1788461411.229,idle,6.354,2.24,37.5,1,1,2,6.375,2.225,-39.6,0.0,0.018,0.0,0.0,,1.03
1788461411.288,idle,6.354,2.24,37.5,1,1,2,6.375,2.225,-39.6,0.0,0.018,0.0,0.0,,1.03
1788461411.342,idle,6.354,2.24,37.5,1,1,2,6.375,2.225,-39.6,0.0,0.018,0.0,0.0,,1.03
1788461411.399,idle,6.354,2.24,37.5,1,1,2,6.375,2.225,-39.6,0.0,0.018,0.0,0.0,,1.03
1788461411.453,idle,6.354,2.24,37.5,1,1,2,6.375,2.225,-39.6,0.0,0.018,0.0,0.0,,1.03
1788461411.511,idle,6.354,2.24,37.5,1,1,2,6.375,2.225,-39.6,0.0,0.018,0.0,0.0,,1.03
1788461411.57,idle,6.354,2.24,37.5,1,1,2,6.375,2.225,-39.6,0.0,0.018,0.0,0.0,,1.03
1788461411.626,idle,6.354,2.24,37.5,1,1,2,6.375,2.225,-39.6,0.0,0.018,0.0,0.0,,1.03
1788461411.68,idle,6.354,2.24,37.5,1,1,2,6.375,2.225,-39.6,0.0,0.018,0.0,0.0,,1.03
1788461411.731,idle,6.354,2.24,37.5,1,1,2,6.375,2.225,-39.6,0.0,0.018,0.0,0.0,,1.03
1788461411.784,idle,6.354,2.24,37.5,1,1,2,6.375,2.225,-39.6,0.0,0.018,0.0,0.0,,1.03
1788461411.84,idle,6.354,2.24,37.5,1,1,2,6.375,2.225,-39.6,0.0,0.018,0.0,0.0,,1.03
1788461411.899,idle,6.354,2.24,37.5,1,1,2,6.375,2.225,-39.6,0.0,0.018,0.0,0.0,,1.03
1788461411.956,idle,6.354,2.24,37.5,1,1,2,6.375,2.225,-39.6,0.0,0.018,0.0,0.0,,1.03
1788461412.012,idle,6.354,2.24,37.5,1,1,2,6.375,2.225,-39.6,0.0,0.018,0.0,0.0,,1.03
1788461412.065,idle,6.354,2.24,37.5,1,1,2,6.375,2.225,-39.6,0.0,0.018,0.0,0.0,,1.03
1788461412.115,idle,6.354,2.24,37.5,1,1,2,6.375,2.225,-39.6,0.0,0.018,0.0,0.0,,1.03
1788461412.166,idle,6.354,2.24,37.5,1,1,2,6.375,2.225,-39.6,0.0,0.018,0.0,0.0,,1.03
1788461412.216,idle,6.354,2.24,37.5,1,1,2,6.375,2.225,-39.6,0.0,0.018,0.0,0.0,,1.03
1788461412.268,idle,6.354,2.24,37.5,1,1,2,6.375,2.225,-39.6,0.0,0.018,0.0,0.0,,1.03
1788461412.32,idle,6.354,2.24,37.5,1,1,2,6.375,2.225,-39.6,0.0,0.018,0.0,0.0,,1.03
1788461412.37,idle,6.354,2.24,37.5,1,1,2,6.375,2.225,-39.6,0.0,0.018,0.0,0.0,,1.03
1788461412.422,idle,6.354,2.24,37.5,1,1,2,6.375,2.225,-39.6,0.0,0.018,0.0,0.0,,1.03
1788461412.474,idle,6.354,2.24,37.5,1,1,2,6.375,2.225,-39.6,0.0,0.018,0.0,0.0,,1.03
1788461412.524,idle,6.354,2.24,37.5,1,1,2,6.375,2.225,-39.6,0.0,0.018,0.0,0.0,,1.03
1788461412.577,idle,6.354,2.24,37.5,1,1,2,6.375,2.225,-39.6,0.0,0.018,0.0,0.0,,1.03
1788461412.633,idle,6.354,2.24,37.5,1,1,2,6.375,2.225,-39.6,0.0,0.018,0.0,0.0,,1.03
1788461412.693,idle,6.354,2.24,37.5,1,1,2,6.375,2.225,-39.6,0.0,0.018,0.0,0.0,,1.03
1788461412.75,idle,6.354,2.24,37.5,1,1,2,6.375,2.225,-39.6,0.0,0.018,0.0,0.0,,1.03
1788461412.805,idle,6.354,2.24,37.5,1,1,2,6.375,2.225,-39.6,0.0,0.018,0.0,0.0,,1.03
1788461412.856,idle,6.354,2.24,37.5,1,1,2,6.375,2.225,-39.6,0.0,0.018,0.0,0.0,,1.03
1788461412.906,idle,6.354,2.24,37.5,1,1,2,6.375,2.225,-39.6,0.0,0.018,0.0,0.0,,1.03
1788461412.957,idle,6.354,2.24,37.5,1,1,2,6.375,2.225,-39.6,0.0,0.018,0.0,0.0,,1.03
1788461413.008,idle,6.354,2.24,37.5,1,1,2,6.375,2.225,-39.6,0.0,0.018,0.0,0.0,,1.03
1788461413.059,idle,6.354,2.24,37.5,1,1,2,6.375,2.225,-39.6,0.0,0.018,0.0,0.0,,1.03
1788461413.111,idle,6.354,2.24,37.5,1,1,2,6.375,2.225,-39.6,0.0,0.018,0.0,0.0,,1.03
1788461413.162,idle,6.354,2.24,37.5,1,1,2,6.375,2.225,-39.6,0.0,0.018,0.0,0.0,,1.03
1788461413.214,idle,6.354,2.24,37.5,1,1,2,6.375,2.225,-39.6,0.0,0.018,0.0,0.0,,1.03
1788461413.264,idle,6.354,2.24,37.5,1,1,2,6.375,2.225,-39.6,0.0,0.018,0.0,0.0,,1.03
1788461413.319,idle,6.354,2.24,37.5,1,1,2,6.375,2.225,-39.6,0.0,0.018,0.0,0.0,,1.03
1788461413.375,idle,6.354,2.24,37.5,1,1,2,6.375,2.225,-39.6,0.0,0.018,0.0,0.0,,1.03
1788461413.437,idle,6.354,2.24,37.5,1,1,2,6.375,2.225,-39.6,0.0,0.018,0.0,0.0,,1.03
1788461413.495,idle,6.354,2.24,37.5,1,1,2,6.375,2.225,-39.6,0.0,0.018,0.0,0.0,,1.03
1788461413.549,idle,6.354,2.24,37.5,1,1,2,6.375,2.225,-39.6,0.0,0.018,0.0,0.0,,1.03
1788461413.606,idle,6.354,2.24,37.5,1,1,2,6.375,2.225,-39.6,0.0,0.018,0.0,0.0,,1.03
1788461413.658,idle,6.354,2.24,37.5,1,1,2,6.375,2.225,-39.6,0.0,0.018,0.0,0.0,,1.03
1788461413.711,idle,6.354,2.24,37.5,1,1,2,6.375,2.225,-39.6,0.0,0.018,0.0,0.0,,1.03
1788461413.763,idle,6.354,2.24,37.5,1,1,2,6.375,2.225,-39.6,0.0,0.018,0.0,0.0,,1.03
1788461413.813,idle,6.354,2.24,37.5,1,1,2,6.375,2.225,-39.6,0.0,0.018,0.0,0.0,,1.03
1788461413.867,idle,6.354,2.24,37.5,1,1,2,6.375,2.225,-39.6,0.0,0.018,0.0,0.0,,1.03
1788461413.918,idle,6.354,2.24,37.5,1,1,2,6.375,2.225,-39.6,0.0,0.018,0.0,0.0,,1.03
1788461413.969,idle,6.354,2.24,37.5,1,1,2,6.375,2.225,-39.6,0.0,0.018,0.0,0.0,,1.03
1788461414.021,idle,6.354,2.24,37.5,1,1,2,6.375,2.225,-39.6,0.0,0.018,0.0,0.0,,1.03
1788461414.076,idle,6.354,2.24,37.5,1,1,2,6.375,2.225,-39.6,0.0,0.018,0.0,0.0,,1.03
1788461414.127,idle,6.354,2.24,37.5,1,1,2,6.375,2.225,-39.6,0.0,0.018,0.0,0.0,,1.03
1788461414.185,idle,6.354,2.24,37.5,1,1,2,6.375,2.225,-39.6,0.0,0.018,0.0,0.0,,1.03
1788461414.243,idle,6.354,2.24,37.5,1,1,2,6.375,2.225,-39.6,0.0,0.018,0.0,0.0,,1.03
1788461414.303,idle,6.354,2.24,37.5,1,1,2,6.375,2.225,-39.6,0.0,0.018,0.0,0.0,,1.03
1788461414.355,idle,6.354,2.24,37.5,1,1,2,6.375,2.225,-39.6,0.0,0.018,0.0,0.0,,1.03
1788461414.412,idle,6.354,2.24,37.5,1,1,2,6.375,2.225,-39.6,0.0,0.018,0.0,0.0,,1.03
1788461414.463,idle,6.354,2.24,37.5,1,1,2,6.375,2.225,-39.6,0.0,0.018,0.0,0.0,,1.03
1788461414.516,idle,6.354,2.24,37.5,1,1,2,6.375,2.225,-39.6,0.0,0.018,0.0,0.0,,1.03
1788461414.567,idle,6.354,2.24,37.5,1,1,2,6.375,2.225,-39.6,0.0,0.018,0.0,0.0,,1.03
1788461414.62,idle,6.354,2.24,37.5,1,1,2,6.375,2.225,-39.6,0.0,0.018,0.0,0.0,,1.03
1788461414.672,idle,6.354,2.24,37.5,1,1,2,6.375,2.225,-39.6,0.0,0.018,0.0,0.0,,1.03
1788461414.726,idle,6.354,2.24,37.5,1,1,2,6.375,2.225,-39.6,0.0,0.018,0.0,0.0,,1.03
1788461414.778,idle,6.354,2.24,37.5,1,1,2,6.375,2.225,-39.6,0.0,0.018,0.0,0.0,,1.03
1788461414.828,idle,6.354,2.24,37.5,1,1,2,6.375,2.225,-39.6,0.0,0.018,0.0,0.0,,1.03
1788461414.88,idle,6.354,2.24,37.5,1,1,2,6.375,2.225,-39.6,0.0,0.018,0.0,0.0,,1.03
1788461414.938,idle,6.354,2.24,37.5,1,1,2,6.375,2.225,-39.6,0.0,0.018,0.0,0.0,,1.03
1788461414.997,idle,6.354,2.24,37.5,1,1,2,6.375,2.225,-39.6,0.0,0.018,0.0,0.0,,1.03
1788461415.053,idle,6.354,2.24,37.5,1,1,2,6.375,2.225,-39.6,0.0,0.018,0.0,0.0,,1.03
1788461415.109,idle,6.354,2.24,37.5,1,1,2,6.375,2.225,-39.6,0.0,0.018,0.0,0.0,,1.03
1788461415.163,idle,6.354,2.24,37.5,1,1,2,6.375,2.225,-39.6,0.0,0.018,0.0,0.0,,1.03
1788461415.215,idle,6.354,2.24,37.5,1,1,2,6.375,2.225,-39.6,0.0,0.018,0.0,0.0,,1.03
1788461415.266,idle,6.354,2.24,37.5,1,1,2,6.375,2.225,-39.6,0.0,0.018,0.0,0.0,,1.03
1788461415.319,idle,6.354,2.24,37.5,1,1,2,6.375,2.225,-39.6,0.0,0.018,0.0,0.0,,1.03
1788461415.37,idle,6.354,2.24,37.5,1,1,2,6.375,2.225,-39.6,0.0,0.018,0.0,0.0,,1.03
1788461415.421,idle,6.354,2.24,37.5,1,1,2,6.375,2.225,-39.6,0.0,0.018,0.0,0.0,,1.03
1788461415.472,idle,6.354,2.24,37.5,1,1,2,6.375,2.225,-39.6,0.0,0.018,0.0,0.0,,1.03
1788461415.521,idle,6.354,2.24,37.5,1,1,2,6.375,2.225,-39.6,0.0,0.018,0.0,0.0,,1.03
1788461415.572,idle,6.354,2.24,37.5,1,1,2,6.375,2.225,-39.6,0.0,0.018,0.0,0.0,,1.03
1788461415.621,idle,6.354,2.24,37.5,1,1,2,6.375,2.225,-39.6,0.0,0.018,0.0,0.0,,1.03
1788461415.676,idle,6.354,2.24,37.5,1,1,2,6.375,2.225,-39.6,0.0,0.018,0.0,0.0,,1.03
1788461415.729,idle,6.354,2.24,37.5,1,1,2,6.375,2.225,-39.6,0.0,0.018,0.0,0.0,,1.03
1788461415.785,idle,6.354,2.24,37.5,1,1,2,6.375,2.225,-39.6,0.0,0.018,0.0,0.0,,1.03
1788461415.837,idle,6.354,2.24,37.5,1,1,2,6.375,2.225,-39.6,0.0,0.018,0.0,0.0,,1.03
1788461415.896,idle,6.354,2.24,37.5,1,1,2,6.375,2.225,-39.6,0.0,0.018,0.0,0.0,,1.03
1788461415.947,idle,6.354,2.24,37.5,1,1,2,6.375,2.225,-39.6,0.0,0.018,0.0,0.0,,1.03
1788461415.999,idle,6.354,2.24,37.5,1,1,2,6.375,2.225,-39.6,0.0,0.018,0.0,0.0,,1.03
1788461416.051,idle,6.354,2.24,37.5,1,1,2,6.375,2.225,-39.6,0.0,0.018,0.0,0.0,,1.03
1788461416.105,idle,6.354,2.24,37.5,1,1,2,6.375,2.225,-39.6,0.0,0.018,0.0,0.0,,1.03
1788461416.156,idle,6.354,2.24,37.5,1,1,2,6.375,2.225,-39.6,0.0,0.018,0.0,0.0,,1.03
1788461416.208,idle,6.354,2.24,37.5,1,1,2,6.375,2.225,-39.6,0.0,0.018,0.0,0.0,,1.03
1788461416.26,idle,6.354,2.24,37.5,1,1,2,6.375,2.225,-39.6,0.0,0.018,0.0,0.0,,1.03
1788461416.316,idle,6.354,2.24,37.5,1,1,2,6.375,2.225,-39.6,0.0,0.018,0.0,0.0,,1.03
1788461416.365,idle,6.354,2.24,37.5,1,1,2,6.375,2.225,-39.6,0.0,0.018,0.0,0.0,,1.03
1788461416.418,idle,6.354,2.24,37.5,1,1,2,6.375,2.225,-39.6,0.0,0.018,0.0,0.0,,1.03
1788461416.47,idle,6.354,2.24,37.5,1,1,2,6.375,2.225,-39.6,0.0,0.018,0.0,0.0,,1.03
1788461416.527,idle,6.354,2.24,37.5,1,1,2,6.375,2.225,-39.6,0.0,0.018,0.0,0.0,,1.03
1788461416.587,idle,6.354,2.24,37.5,1,1,2,6.375,2.225,-39.6,0.0,0.018,0.0,0.0,,1.03
1788461416.644,idle,6.354,2.24,37.5,1,1,2,6.375,2.225,-39.6,0.0,0.018,0.0,0.0,,1.03
1788461416.7,idle,6.354,2.24,37.5,1,1,2,6.375,2.225,-39.6,0.0,0.018,0.0,0.0,,1.03
1788461416.75,idle,6.354,2.24,37.5,1,1,2,6.375,2.225,-39.6,0.0,0.018,0.0,0.0,,1.03
1788461416.801,idle,6.354,2.24,37.5,1,1,2,6.375,2.225,-39.6,0.0,0.018,0.0,0.0,,1.03
1788461416.851,idle,6.354,2.24,37.5,1,1,2,6.375,2.225,-39.6,0.0,0.018,0.0,0.0,,1.03
1788461416.901,idle,6.354,2.24,37.5,1,1,2,6.375,2.225,-39.6,0.0,0.018,0.0,0.0,,1.03
1788461416.951,idle,6.354,2.24,37.5,1,1,2,6.375,2.225,-39.6,0.0,0.018,0.0,0.0,,1.03
1788461417.002,idle,6.354,2.24,37.5,1,1,2,6.375,2.225,-39.6,0.0,0.018,0.0,0.0,,1.03
1788461417.052,idle,6.354,2.24,37.5,1,1,2,6.375,2.225,-39.6,0.0,0.018,0.0,0.0,,1.03
1788461417.102,idle,6.354,2.24,37.5,1,1,2,6.375,2.225,-39.6,0.0,0.018,0.0,0.0,,1.03
1788461417.155,idle,6.354,2.24,37.5,1,1,2,6.375,2.225,-39.6,0.0,0.018,0.0,0.0,,1.03
1788461417.205,idle,6.354,2.24,37.5,1,1,2,6.375,2.225,-39.6,0.0,0.018,0.0,0.0,,1.03
1788461417.258,idle,6.354,2.24,37.5,1,1,2,6.375,2.225,-39.6,0.0,0.018,0.0,0.0,,1.03
1788461417.317,idle,6.354,2.24,37.5,1,1,2,6.375,2.225,-39.6,0.0,0.018,0.0,0.0,,1.03
1788461417.379,idle,6.354,2.24,37.5,1,1,2,6.375,2.225,-39.6,0.0,0.018,0.0,0.0,,1.03
1788461417.437,idle,6.354,2.24,37.5,1,1,2,6.375,2.225,-39.6,0.0,0.018,0.0,0.0,,1.03
1788461417.495,idle,6.354,2.24,37.5,1,1,2,6.375,2.225,-39.6,0.0,0.018,0.0,0.0,,1.03
1788461417.546,idle,6.354,2.24,37.5,1,1,2,6.375,2.225,-39.6,0.0,0.018,0.0,0.0,,1.03
1788461417.597,idle,6.354,2.24,37.5,1,1,2,6.375,2.225,-39.6,0.0,0.018,0.0,0.0,,1.03
1788461417.648,idle,6.354,2.24,37.5,1,1,2,6.375,2.225,-39.6,0.0,0.018,0.0,0.0,,1.03
1788461417.702,idle,6.354,2.24,37.5,1,1,2,6.375,2.225,-39.6,0.0,0.018,0.0,0.0,,1.03
1788461417.753,idle,6.354,2.24,37.5,1,1,2,6.375,2.225,-39.6,0.0,0.018,0.0,0.0,,1.03
1788461417.804,idle,6.354,2.24,37.5,1,1,2,6.375,2.225,-39.6,0.0,0.018,0.0,0.0,,1.03
1788461417.857,idle,6.354,2.24,37.5,1,1,2,6.375,2.225,-39.6,0.0,0.018,0.0,0.0,,1.03
1788461417.911,idle,6.354,2.24,37.5,1,1,2,6.375,2.225,-39.6,0.0,0.018,0.0,0.0,,1.03
1788461417.964,idle,6.354,2.24,37.5,1,1,2,6.375,2.225,-39.6,0.0,0.018,0.0,0.0,,1.03
1788461418.017,idle,6.354,2.24,37.5,1,1,2,6.375,2.225,-39.6,0.0,0.018,0.0,0.0,,1.03
1788461418.073,idle,6.354,2.24,37.5,1,1,2,6.375,2.225,-39.6,0.0,0.018,0.0,0.0,,1.03
1788461418.13,idle,6.354,2.24,37.5,1,1,2,6.375,2.225,-39.6,0.0,0.018,0.0,0.0,,1.03
1788461418.188,idle,6.354,2.24,37.5,1,1,2,6.375,2.225,-39.6,0.0,0.018,0.0,0.0,,1.03
1788461418.243,idle,6.354,2.24,37.5,1,1,2,6.375,2.225,-39.6,0.0,0.018,0.0,0.0,,1.03
1788461418.298,idle,6.354,2.24,37.5,1,1,2,6.375,2.225,-39.6,0.0,0.018,0.0,0.0,,1.03
1788461418.353,idle,6.354,2.24,37.5,1,1,2,6.375,2.225,-39.6,0.0,0.018,0.0,0.0,,1.03
1788461418.405,idle,6.354,2.24,37.5,1,1,2,6.375,2.225,-39.6,0.0,0.018,0.0,0.0,,1.03
1788461418.454,idle,6.354,2.24,37.5,1,1,2,6.375,2.225,-39.6,0.0,0.018,0.0,0.0,,1.03
1788461418.507,idle,6.354,2.24,37.5,1,1,2,6.375,2.225,-39.6,0.0,0.018,0.0,0.0,,1.03
1788461418.558,idle,6.354,2.24,37.5,1,1,2,6.375,2.225,-39.6,0.0,0.018,0.0,0.0,,1.03
1788461418.609,idle,6.354,2.24,37.5,1,1,2,6.375,2.225,-39.6,0.0,0.018,0.0,0.0,,1.03
1788461418.661,idle,6.354,2.24,37.5,1,1,2,6.375,2.225,-39.6,0.0,0.018,0.0,0.0,,1.03
1788461418.711,idle,6.354,2.24,37.5,1,1,2,6.375,2.225,-39.6,0.0,0.018,0.0,0.0,,1.03
1788461418.764,idle,6.354,2.24,37.5,1,1,2,6.375,2.225,-39.6,0.0,0.018,0.0,0.0,,1.03
1788461418.817,idle,6.354,2.24,37.5,1,1,2,6.375,2.225,-39.6,0.0,0.018,0.0,0.0,,1.03
1788461418.876,idle,6.354,2.24,37.5,1,1,2,6.375,2.225,-39.6,0.0,0.018,0.0,0.0,,1.03
1788461418.933,idle,6.354,2.24,37.5,1,1,2,6.375,2.225,-39.6,0.0,0.018,0.0,0.0,,1.03
1788461418.99,idle,6.354,2.24,37.5,1,1,2,6.375,2.225,-39.6,0.0,0.018,0.0,0.0,,1.03
1788461419.044,idle,6.354,2.24,37.5,1,1,2,6.375,2.225,-39.6,0.0,0.018,0.0,0.0,,1.03
1788461419.099,idle,6.354,2.24,37.5,1,1,2,6.375,2.225,-39.6,0.0,0.018,0.0,0.0,,1.03
1788461419.15,idle,6.354,2.24,37.5,1,1,2,6.375,2.225,-39.6,0.0,0.018,0.0,0.0,,1.03
1788461419.203,idle,6.354,2.24,37.5,1,1,2,6.375,2.225,-39.6,0.0,0.018,0.0,0.0,,1.03
1788461419.254,idle,6.354,2.24,37.5,1,1,2,6.375,2.225,-39.6,0.0,0.018,0.0,0.0,,1.03
1788461419.308,idle,6.354,2.24,37.5,1,1,2,6.375,2.225,-39.6,0.0,0.018,0.0,0.0,,1.03
1788461419.36,idle,6.354,2.24,37.5,1,1,2,6.375,2.225,-39.6,0.0,0.018,0.0,0.0,,1.03
1788461419.415,idle,6.354,2.24,37.5,1,1,2,6.375,2.225,-39.6,0.0,0.018,0.0,0.0,,1.03
1788461419.465,idle,6.354,2.24,37.5,1,1,2,6.375,2.225,-39.6,0.0,0.018,0.0,0.0,,1.03
1788461419.518,idle,6.354,2.24,37.5,1,1,2,6.375,2.225,-39.6,0.0,0.018,0.0,0.0,,1.03
1788461419.569,idle,6.354,2.24,37.5,1,1,2,6.375,2.225,-39.6,0.0,0.018,0.0,0.0,,1.03
1788461419.624,idle,6.354,2.24,37.5,1,1,2,6.375,2.225,-39.6,0.0,0.018,0.0,0.0,,1.03
1788461419.682,idle,6.354,2.24,37.5,1,1,2,6.375,2.225,-39.6,0.0,0.018,0.0,0.0,,1.03
1788461419.743,idle,6.354,2.24,37.5,1,1,2,6.375,2.225,-39.6,0.0,0.018,0.0,0.0,,1.03
1788461419.798,idle,6.354,2.24,37.5,1,1,2,6.375,2.225,-39.6,0.0,0.018,0.0,0.0,,1.03
1788461419.85,idle,6.354,2.24,37.5,1,1,2,6.375,2.225,-39.6,0.0,0.018,0.0,0.0,,1.03
1788461419.905,idle,6.354,2.24,37.5,1,1,2,6.375,2.225,-39.6,0.0,0.018,0.0,0.0,,1.03
1788461419.956,idle,6.354,2.24,37.5,1,1,2,6.375,2.225,-39.6,0.0,0.018,0.0,0.0,,1.03
1788461420.006,idle,6.354,2.24,37.5,1,1,2,6.375,2.225,-39.6,0.0,0.018,0.0,0.0,,1.03
1788461420.056,idle,6.354,2.24,37.5,1,1,2,6.375,2.225,-39.6,0.0,0.018,0.0,0.0,,1.03
1788461420.108,idle,6.354,2.24,37.5,1,1,2,6.375,2.225,-39.6,0.0,0.018,0.0,0.0,,1.03
1788461420.159,idle,6.354,2.24,37.5,1,1,2,6.375,2.225,-39.6,0.0,0.018,0.0,0.0,,1.03
1788461420.209,idle,6.354,2.24,37.5,1,1,2,6.375,2.225,-39.6,0.0,0.018,0.0,0.0,,1.03
1788461420.261,idle,6.354,2.24,37.5,1,1,2,6.375,2.225,-39.6,0.0,0.018,0.0,0.0,,1.03
1788461420.314,idle,6.354,2.24,37.5,1,1,2,6.375,2.225,-39.6,0.0,0.018,0.0,0.0,,1.03
1788461420.365,idle,6.354,2.24,37.5,1,1,2,6.375,2.225,-39.6,0.0,0.018,0.0,0.0,,1.03
1788461420.421,idle,6.354,2.24,37.5,1,1,2,6.375,2.225,-39.6,0.0,0.018,0.0,0.0,,1.03
1788461420.484,idle,6.354,2.24,37.5,1,1,2,6.375,2.225,-39.6,0.0,0.018,0.0,0.0,,1.03
1788461420.539,idle,6.354,2.24,37.5,1,1,2,6.375,2.225,-39.6,0.0,0.018,0.0,0.0,,1.03
1788461420.594,idle,6.354,2.24,37.5,1,1,2,6.375,2.225,-39.6,0.0,0.018,0.0,0.0,,1.03
1788461420.643,idle,6.354,2.24,37.5,1,1,2,6.375,2.225,-39.6,0.0,0.018,0.0,0.0,,1.03
1788461420.695,idle,6.354,2.24,37.5,1,1,2,6.375,2.225,-39.6,0.0,0.018,0.0,0.0,,1.03
1788461420.745,idle,6.354,2.24,37.5,1,1,2,6.375,2.225,-39.6,0.0,0.018,0.0,0.0,,1.03
1788461420.8,idle,6.354,2.24,37.5,1,1,2,6.375,2.225,-39.6,0.0,0.018,0.0,0.0,,1.03
1788461420.849,idle,6.354,2.24,37.5,1,1,2,6.375,2.225,-39.6,0.0,0.018,0.0,0.0,,1.03
1788461420.9,idle,6.354,2.24,37.5,1,1,2,6.375,2.225,-39.6,0.0,0.018,0.0,0.0,,1.03
1788461420.95,idle,6.354,2.24,37.5,1,1,2,6.375,2.225,-39.6,0.0,0.018,0.0,0.0,,1.03
1788461421.001,idle,6.354,2.24,37.5,1,1,2,6.375,2.225,-39.6,0.0,0.018,0.0,0.0,,1.03
1788461421.051,idle,6.354,2.24,37.5,1,1,2,6.375,2.225,-39.6,0.0,0.018,0.0,0.0,,1.03
1788461421.103,idle,6.354,2.24,37.5,1,1,2,6.375,2.225,-39.6,0.0,0.018,0.0,0.0,,1.03
1788461421.156,idle,6.354,2.24,37.5,1,1,2,6.375,2.225,-39.6,0.0,0.018,0.0,0.0,,1.03
1788461421.211,idle,6.354,2.24,37.5,1,1,2,6.375,2.225,-39.6,0.0,0.018,0.0,0.0,,1.03
1788461421.266,idle,6.354,2.24,37.5,1,1,2,6.375,2.225,-39.6,0.0,0.018,0.0,0.0,,1.03
1788461421.332,idle,6.354,2.24,37.5,1,1,2,6.375,2.225,-39.6,0.0,0.018,0.0,0.0,,1.03
1788461421.387,idle,6.354,2.24,37.5,1,1,2,6.375,2.225,-39.6,0.0,0.018,0.0,0.0,,1.03
1788461421.439,idle,6.354,2.24,37.5,1,1,2,6.375,2.225,-39.6,0.0,0.018,0.0,0.0,,1.03
1788461421.491,idle,6.354,2.24,37.5,1,1,2,6.375,2.225,-39.6,0.0,0.018,0.0,0.0,,1.03
1788461421.543,idle,6.354,2.24,37.5,1,1,2,6.375,2.225,-39.6,0.0,0.018,0.0,0.0,,1.03
1788461421.595,idle,6.354,2.24,37.5,1,1,2,6.375,2.225,-39.6,0.0,0.018,0.0,0.0,,1.03
1788461421.645,idle,6.354,2.24,37.5,1,1,2,6.375,2.225,-39.6,0.0,0.018,0.0,0.0,,1.03
1788461421.696,idle,6.354,2.24,37.5,1,1,2,6.375,2.225,-39.6,0.0,0.018,0.0,0.0,,1.03
1788461421.748,idle,6.354,2.24,37.5,1,1,2,6.375,2.225,-39.6,0.0,0.018,0.0,0.0,,1.03
1788461421.801,idle,6.354,2.24,37.5,1,1,2,6.375,2.225,-39.6,0.0,0.018,0.0,0.0,,1.03
1788461421.854,idle,6.354,2.24,37.5,1,1,2,6.375,2.225,-39.6,0.0,0.018,0.0,0.0,,1.03
1788461421.907,idle,6.354,2.24,37.5,1,1,2,6.375,2.225,-39.6,0.0,0.018,0.0,0.0,,1.03
1788461421.963,idle,6.354,2.24,37.5,1,1,2,6.375,2.225,-39.6,0.0,0.018,0.0,0.0,,1.03
1788461422.02,idle,6.354,2.24,37.5,1,1,2,6.375,2.225,-39.6,0.0,0.018,0.0,0.0,,1.03
1788461422.08,idle,6.354,2.24,37.5,1,1,2,6.375,2.225,-39.6,0.0,0.018,0.0,0.0,,1.03
1788461422.137,idle,6.354,2.24,37.5,1,1,2,6.375,2.225,-39.6,0.0,0.018,0.0,0.0,,1.03
1788461422.193,idle,6.354,2.24,37.5,1,1,2,6.375,2.225,-39.6,0.0,0.018,0.0,0.0,,1.03
1788461422.243,idle,6.354,2.24,37.5,1,1,2,6.375,2.225,-39.6,0.0,0.018,0.0,0.0,,1.03
1788461422.297,idle,6.354,2.24,37.5,1,1,2,6.375,2.225,-39.6,0.0,0.018,0.0,0.0,,1.03
1788461422.349,idle,6.354,2.24,37.5,1,1,2,6.375,2.225,-39.6,0.0,0.018,0.0,0.0,,1.03
1788461422.401,idle,6.354,2.24,37.5,1,1,2,6.375,2.225,-39.6,0.0,0.018,0.0,0.0,,1.03
1788461422.451,idle,6.354,2.24,37.5,1,1,2,6.375,2.225,-39.6,0.0,0.018,0.0,0.0,,1.03
1788461422.504,idle,6.354,2.24,37.5,1,1,2,6.375,2.225,-39.6,0.0,0.018,0.0,0.0,,1.03
1788461422.555,idle,6.354,2.24,37.5,1,1,2,6.375,2.225,-39.6,0.0,0.018,0.0,0.0,,1.03
1788461422.607,idle,6.354,2.24,37.5,1,1,2,6.375,2.225,-39.6,0.0,0.018,0.0,0.0,,1.03
1788461422.658,idle,6.354,2.24,37.5,1,1,2,6.375,2.225,-39.6,0.0,0.018,0.0,0.0,,1.03
1788461422.712,idle,6.354,2.24,37.5,1,1,2,6.375,2.225,-39.6,0.0,0.018,0.0,0.0,,1.03
1788461422.769,idle,6.354,2.24,37.5,1,1,2,6.375,2.225,-39.6,0.0,0.018,0.0,0.0,,1.03
1788461422.83,idle,6.354,2.24,37.5,1,1,2,6.375,2.225,-39.6,0.0,0.018,0.0,0.0,,1.03
1788461422.889,idle,6.354,2.24,37.5,1,1,2,6.375,2.225,-39.6,0.0,0.018,0.0,0.0,,1.03
1788461422.889,idle,6.354,2.24,37.5,1,1,2,6.375,2.225,-39.6,0.0,0.018,0.0,0.0,,1.03
1788461422.993,idle,6.354,2.24,37.5,1,1,2,6.375,2.225,-39.6,0.0,0.018,0.0,0.0,,1.03
1788461423.044,idle,6.354,2.24,37.5,1,1,2,6.375,2.225,-39.6,0.0,0.018,0.0,0.0,,1.03
1788461423.095,idle,6.354,2.24,37.5,1,1,2,6.375,2.225,-39.6,0.0,0.018,0.0,0.0,,1.03
1788461423.146,idle,6.354,2.24,37.5,1,1,2,6.375,2.225,-39.6,0.0,0.018,0.0,0.0,,1.03
1788461423.198,idle,6.354,2.24,37.5,1,1,2,6.375,2.225,-39.6,0.0,0.018,0.0,0.0,,1.03
1788461423.249,idle,6.354,2.24,37.5,1,1,2,6.375,2.225,-39.6,0.0,0.018,0.0,0.0,,1.03
1788461423.302,idle,6.354,2.24,37.5,1,1,2,6.375,2.225,-39.6,0.0,0.018,0.0,0.0,,1.03
1788461423.354,idle,6.354,2.24,37.5,1,1,2,6.375,2.225,-39.6,0.0,0.018,0.0,0.0,,1.03
1788461423.406,idle,6.354,2.24,37.5,1,1,2,6.375,2.225,-39.6,0.0,0.018,0.0,0.0,,1.03
1788461423.458,idle,6.354,2.24,37.5,1,1,2,6.375,2.225,-39.6,0.0,0.018,0.0,0.0,,1.03
1788461423.514,idle,6.354,2.24,37.5,1,1,2,6.375,2.225,-39.6,0.0,0.018,0.0,0.0,,1.03
1788461423.57,idle,6.354,2.24,37.5,1,1,2,6.375,2.225,-39.6,0.0,0.018,0.0,0.0,,1.03
1788461423.626,idle,6.354,2.24,37.5,1,1,2,6.375,2.225,-39.6,0.0,0.018,0.0,0.0,,1.03
1788461423.689,idle,6.354,2.24,37.5,1,1,2,6.375,2.225,-39.6,0.0,0.018,0.0,0.0,,1.03
1788461423.741,idle,6.354,2.24,37.5,1,1,2,6.375,2.225,-39.6,0.0,0.018,0.0,0.0,,1.03
1788461423.792,idle,6.354,2.24,37.5,1,1,2,6.375,2.225,-39.6,0.0,0.018,0.0,0.0,,1.03
1788461423.843,idle,6.354,2.24,37.5,1,1,2,6.375,2.225,-39.6,0.0,0.018,0.0,0.0,,1.03
1788461423.897,idle,6.354,2.24,37.5,1,1,2,6.375,2.225,-39.6,0.0,0.018,0.0,0.0,,1.03
1788461423.949,idle,6.354,2.24,37.5,1,1,2,6.375,2.225,-39.6,0.0,0.018,0.0,0.0,,1.03
1788461424.0,idle,6.354,2.24,37.5,1,1,2,6.375,2.225,-39.6,0.0,0.018,0.0,0.0,,1.03
1788461424.05,idle,6.354,2.24,37.5,1,1,2,6.375,2.225,-39.6,0.0,0.018,0.0,0.0,,1.03
1788461424.101,idle,6.354,2.24,37.5,1,1,2,6.375,2.225,-39.6,0.0,0.018,0.0,0.0,,1.03
1788461424.151,idle,6.354,2.24,37.5,1,1,2,6.375,2.225,-39.6,0.0,0.018,0.0,0.0,,1.03
1788461424.203,idle,6.354,2.24,37.5,1,1,2,6.375,2.225,-39.6,0.0,0.018,0.0,0.0,,1.03
1788461424.255,idle,6.354,2.24,37.5,1,1,2,6.375,2.225,-39.6,0.0,0.018,0.0,0.0,,1.03
1788461424.315,idle,6.354,2.24,37.5,1,1,2,6.375,2.225,-39.6,0.0,0.018,0.0,0.0,,1.03
1788461424.373,idle,6.354,2.24,37.5,1,1,2,6.375,2.225,-39.6,0.0,0.018,0.0,0.0,,1.03
1788461424.432,idle,6.354,2.24,37.5,1,1,2,6.375,2.225,-39.6,0.0,0.018,0.0,0.0,,1.03
1788461424.488,idle,6.354,2.24,37.5,1,1,2,6.375,2.225,-39.6,0.0,0.018,0.0,0.0,,1.03
1788461424.539,idle,6.354,2.24,37.5,1,1,2,6.375,2.225,-39.6,0.0,0.018,0.0,0.0,,1.03
1788461424.591,idle,6.354,2.24,37.5,1,1,2,6.375,2.225,-39.6,0.0,0.018,0.0,0.0,,1.03
1788461424.642,idle,6.354,2.24,37.5,1,1,2,6.375,2.225,-39.6,0.0,0.018,0.0,0.0,,1.03
1788461424.693,idle,6.354,2.24,37.5,1,1,2,6.375,2.225,-39.6,0.0,0.018,0.0,0.0,,1.03
1788461424.744,idle,6.354,2.24,37.5,1,1,2,6.375,2.225,-39.6,0.0,0.018,0.0,0.0,,1.03
1788461424.796,idle,6.354,2.24,37.5,1,1,2,6.375,2.225,-39.6,0.0,0.018,0.0,0.0,,1.03
1788461424.848,idle,6.354,2.24,37.5,1,1,2,6.375,2.225,-39.6,0.0,0.018,0.0,0.0,,1.03
1788461424.9,idle,6.354,2.24,37.5,1,1,2,6.375,2.225,-39.6,0.0,0.018,0.0,0.0,,1.03
1788461424.952,idle,6.354,2.24,37.5,1,1,2,6.375,2.225,-39.6,0.0,0.018,0.0,0.0,,1.03
1788461425.003,idle,6.354,2.24,37.5,1,1,2,6.375,2.225,-39.6,0.0,0.018,0.0,0.0,,1.03
1788461425.059,idle,6.354,2.24,37.5,1,1,2,6.375,2.225,-39.6,0.0,0.018,0.0,0.0,,1.03
1788461425.119,idle,6.354,2.24,37.5,1,1,2,6.375,2.225,-39.6,0.0,0.018,0.0,0.0,,1.03
1788461425.179,idle,6.354,2.24,37.5,1,1,2,6.375,2.225,-39.6,0.0,0.018,0.0,0.0,,1.03
1788461425.237,idle,6.354,2.24,37.5,1,1,2,6.375,2.225,-39.6,0.0,0.018,0.0,0.0,,1.03
1788461425.293,idle,6.354,2.24,37.5,1,1,2,6.375,2.225,-39.6,0.0,0.018,0.0,0.0,,1.03
1788461425.344,idle,6.354,2.24,37.5,1,1,2,6.375,2.225,-39.6,0.0,0.018,0.0,0.0,,1.03
1788461425.397,idle,6.354,2.24,37.5,1,1,2,6.375,2.225,-39.6,0.0,0.018,0.0,0.0,,1.03
1788461425.45,idle,6.354,2.24,37.5,1,1,2,6.375,2.225,-39.6,0.0,0.018,0.0,0.0,,1.03
1788461425.505,idle,6.354,2.24,37.5,1,1,2,6.375,2.225,-39.6,0.0,0.018,0.0,0.0,,1.03
1788461425.556,idle,6.354,2.24,37.5,1,1,2,6.375,2.225,-39.6,0.0,0.018,0.0,0.0,,1.03
1788461425.608,idle,6.354,2.24,37.5,1,1,2,6.375,2.225,-39.6,0.0,0.018,0.0,0.0,,1.03
1788461425.66,idle,6.354,2.24,37.5,1,1,2,6.375,2.225,-39.6,0.0,0.018,0.0,0.0,,1.03
1788461425.712,idle,6.354,2.24,37.5,1,1,2,6.375,2.225,-39.6,0.0,0.018,0.0,0.0,,1.03
1788461425.763,idle,6.354,2.24,37.5,1,1,2,6.375,2.225,-39.6,0.0,0.018,0.0,0.0,,1.03
1788461425.815,idle,6.354,2.24,37.5,1,1,2,6.375,2.225,-39.6,0.0,0.018,0.0,0.0,,1.03
1788461425.872,idle,6.354,2.24,37.5,1,1,2,6.375,2.225,-39.6,0.0,0.018,0.0,0.0,,1.03
1788461425.931,idle,6.354,2.24,37.5,1,1,2,6.375,2.225,-39.6,0.0,0.018,0.0,0.0,,1.03
1788461425.99,idle,6.354,2.24,37.5,1,1,2,6.375,2.225,-39.6,0.0,0.018,0.0,0.0,,1.03
1788461426.047,idle,6.354,2.24,37.5,1,1,2,6.375,2.225,-39.6,0.0,0.018,0.0,0.0,,1.03
1788461426.101,idle,6.354,2.24,37.5,1,1,2,6.375,2.225,-39.6,0.0,0.018,0.0,0.0,,1.03
1788461426.152,idle,6.354,2.24,37.5,1,1,2,6.375,2.225,-39.6,0.0,0.018,0.0,0.0,,1.03
1788461426.207,idle,6.354,2.24,37.5,1,1,2,6.375,2.225,-39.6,0.0,0.018,0.0,0.0,,1.03
1788461426.258,idle,6.354,2.24,37.5,1,1,2,6.375,2.225,-39.6,0.0,0.018,0.0,0.0,,1.03
1788461426.312,idle,6.354,2.24,37.5,1,1,2,6.375,2.225,-39.6,0.0,0.018,0.0,0.0,,1.03
1788461426.367,idle,6.354,2.24,37.5,1,1,2,6.375,2.225,-39.6,0.0,0.018,0.0,0.0,,1.03
1788461426.416,idle,6.354,2.24,37.5,1,1,2,6.375,2.225,-39.6,0.0,0.018,0.0,0.0,,1.03
1788461426.468,idle,6.354,2.24,37.5,1,1,2,6.375,2.225,-39.6,0.0,0.018,0.0,0.0,,1.03
1788461426.519,idle,6.354,2.24,37.5,1,1,2,6.375,2.225,-39.6,0.0,0.018,0.0,0.0,,1.03
1788461426.573,idle,6.354,2.24,37.5,1,1,2,6.375,2.225,-39.6,0.0,0.018,0.0,0.0,,1.03
1788461426.627,idle,6.354,2.24,37.5,1,1,2,6.375,2.225,-39.6,0.0,0.018,0.0,0.0,,1.03
1788461426.688,idle,6.354,2.24,37.5,1,1,2,6.375,2.225,-39.6,0.0,0.018,0.0,0.0,,1.03
1788461426.743,idle,6.354,2.24,37.5,1,1,2,6.375,2.225,-39.6,0.0,0.018,0.0,0.0,,1.03
1788461426.801,idle,6.354,2.24,37.5,1,1,2,6.375,2.225,-39.6,0.0,0.018,0.0,0.0,,1.03
1788461426.853,idle,6.354,2.24,37.5,1,1,2,6.375,2.225,-39.6,0.0,0.018,0.0,0.0,,1.03
1788461426.907,idle,6.354,2.24,37.5,1,1,2,6.375,2.225,-39.6,0.0,0.018,0.0,0.0,,1.03
1788461426.957,idle,6.354,2.24,37.5,1,1,2,6.375,2.225,-39.6,0.0,0.018,0.0,0.0,,1.03
1788461427.009,idle,6.354,2.24,37.5,1,1,2,6.375,2.225,-39.6,0.0,0.018,0.0,0.0,,1.03
1788461427.059,idle,6.354,2.24,37.5,1,1,2,6.375,2.225,-39.6,0.0,0.018,0.0,0.0,,1.03
1788461427.112,idle,6.354,2.24,37.5,1,1,2,6.375,2.225,-39.6,0.0,0.018,0.0,0.0,,1.03
1788461427.164,idle,6.354,2.24,37.5,1,1,2,6.375,2.225,-39.6,0.0,0.018,0.0,0.0,,1.03
1788461427.215,idle,6.354,2.24,37.5,1,1,2,6.375,2.225,-39.6,0.0,0.018,0.0,0.0,,1.03
1788461427.266,idle,6.354,2.24,37.5,1,1,2,6.375,2.225,-39.6,0.0,0.018,0.0,0.0,,1.03
1788461427.321,idle,6.354,2.24,37.5,1,1,2,6.375,2.225,-39.6,0.0,0.018,0.0,0.0,,1.03
1788461427.374,idle,6.354,2.24,37.5,1,1,2,6.375,2.225,-39.6,0.0,0.018,0.0,0.0,,1.03
1788461427.435,idle,6.354,2.24,37.5,1,1,2,6.375,2.225,-39.6,0.0,0.018,0.0,0.0,,1.03
1788461427.497,idle,6.354,2.24,37.5,1,1,2,6.375,2.225,-39.6,0.0,0.018,0.0,0.0,,1.03
1788461427.554,idle,6.354,2.24,37.5,1,1,2,6.375,2.225,-39.6,0.0,0.018,0.0,0.0,,1.03
1788461427.611,idle,6.354,2.24,37.5,1,1,2,6.375,2.225,-39.6,0.0,0.018,0.0,0.0,,1.03
1788461427.66,idle,6.354,2.24,37.5,1,1,2,6.375,2.225,-39.6,0.0,0.018,0.0,0.0,,1.03
1788461427.711,idle,6.354,2.24,37.5,1,1,2,6.375,2.225,-39.6,0.0,0.018,0.0,0.0,,1.03
1788461427.763,idle,6.354,2.24,37.5,1,1,2,6.375,2.225,-39.6,0.0,0.018,0.0,0.0,,1.03
1788461427.813,idle,6.354,2.24,37.5,1,1,2,6.375,2.225,-39.6,0.0,0.018,0.0,0.0,,1.03
1788461427.864,idle,6.354,2.24,37.5,1,1,2,6.375,2.225,-39.6,0.0,0.018,0.0,0.0,,1.03
1788461427.914,idle,6.354,2.24,37.5,1,1,2,6.375,2.225,-39.6,0.0,0.018,0.0,0.0,,1.03
1788461427.965,idle,6.354,2.24,37.5,1,1,2,6.375,2.225,-39.6,0.0,0.018,0.0,0.0,,1.03
1788461428.02,idle,6.354,2.24,37.5,1,1,2,6.375,2.225,-39.6,0.0,0.018,0.0,0.0,,1.03
1788461428.074,idle,6.354,2.24,37.5,1,1,2,6.375,2.225,-39.6,0.0,0.018,0.0,0.0,,1.03
1788461428.124,idle,6.354,2.24,37.5,1,1,2,6.375,2.225,-39.6,0.0,0.018,0.0,0.0,,1.03
1788461428.178,idle,6.354,2.24,37.5,1,1,2,6.375,2.225,-39.6,0.0,0.018,0.0,0.0,,1.03
1788461428.234,idle,6.354,2.24,37.5,1,1,2,6.375,2.225,-39.6,0.0,0.018,0.0,0.0,,1.03
1788461428.296,idle,6.354,2.24,37.5,1,1,2,6.375,2.225,-39.6,0.0,0.018,0.0,0.0,,1.03
1788461428.352,idle,6.354,2.24,37.5,1,1,2,6.375,2.225,-39.6,0.0,0.018,0.0,0.0,,1.03
1788461428.414,idle,6.354,2.24,37.5,1,1,2,6.375,2.225,-39.6,0.0,0.018,0.0,0.0,,1.03
1788461428.464,idle,6.354,2.24,37.5,1,1,2,6.375,2.225,-39.6,0.0,0.018,0.0,0.0,,1.03
1788461428.517,idle,6.354,2.24,37.5,1,1,2,6.375,2.225,-39.6,0.0,0.018,0.0,0.0,,1.03
1788461428.569,idle,6.354,2.24,37.5,1,1,2,6.375,2.225,-39.6,0.0,0.018,0.0,0.0,,1.03
1788461428.621,idle,6.354,2.24,37.5,1,1,2,6.375,2.225,-39.6,0.0,0.018,0.0,0.0,,1.03
1788461428.671,idle,6.354,2.24,37.5,1,1,2,6.375,2.225,-39.6,0.0,0.018,0.0,0.0,,1.03
1788461428.722,idle,6.354,2.24,37.5,1,1,2,6.375,2.225,-39.6,0.0,0.018,0.0,0.0,,1.03
1788461428.775,idle,6.354,2.24,37.5,1,1,2,6.375,2.225,-39.6,0.0,0.018,0.0,0.0,,1.03
1788461428.828,idle,6.354,2.24,37.5,1,1,2,6.375,2.225,-39.6,0.0,0.018,0.0,0.0,,1.03
1788461428.881,idle,6.354,2.24,37.5,1,1,2,6.375,2.225,-39.6,0.0,0.018,0.0,0.0,,1.03
1788461428.933,idle,6.354,2.24,37.5,1,1,2,6.375,2.225,-39.6,0.0,0.018,0.0,0.0,,1.03
1788461428.99,idle,6.354,2.24,37.5,1,1,2,6.375,2.225,-39.6,0.0,0.018,0.0,0.0,,1.03
1788461429.043,idle,6.354,2.24,37.5,1,1,2,6.375,2.225,-39.6,0.0,0.018,0.0,0.0,,1.03
1788461429.101,idle,6.354,2.24,37.5,1,1,2,6.375,2.225,-39.6,0.0,0.018,0.0,0.0,,1.03
1788461429.157,idle,6.354,2.24,37.5,1,1,2,6.375,2.225,-39.6,0.0,0.018,0.0,0.0,,1.03
1788461429.209,idle,6.354,2.24,37.5,1,1,2,6.375,2.225,-39.6,0.0,0.018,0.0,0.0,,1.03
1788461429.261,idle,6.354,2.24,37.5,1,1,2,6.375,2.225,-39.6,0.0,0.018,0.0,0.0,,1.03
1788461429.313,idle,6.354,2.24,37.5,1,1,2,6.375,2.225,-39.6,0.0,0.018,0.0,0.0,,1.03
1788461429.367,idle,6.354,2.24,37.5,1,1,2,6.375,2.225,-39.6,0.0,0.018,0.0,0.0,,1.03
1788461429.417,idle,6.354,2.24,37.5,1,1,2,6.375,2.225,-39.6,0.0,0.018,0.0,0.0,,1.03
1788461429.467,idle,6.354,2.24,37.5,1,1,2,6.375,2.225,-39.6,0.0,0.018,0.0,0.0,,1.03
1788461429.517,idle,6.354,2.24,37.5,1,1,2,6.375,2.225,-39.6,0.0,0.018,0.0,0.0,,1.03
1788461429.567,idle,6.354,2.24,37.5,1,1,2,6.375,2.225,-39.6,0.0,0.018,0.0,0.0,,1.03
1788461429.621,idle,6.354,2.24,37.5,1,1,2,6.375,2.225,-39.6,0.0,0.018,0.0,0.0,,1.03
1788461429.674,idle,6.354,2.24,37.5,1,1,2,6.375,2.225,-39.6,0.0,0.018,0.0,0.0,,1.03
1788461429.726,idle,6.354,2.24,37.5,1,1,2,6.375,2.225,-39.6,0.0,0.018,0.0,0.0,,1.03
1788461429.788,idle,6.354,2.24,37.5,1,1,2,6.375,2.225,-39.6,0.0,0.018,0.0,0.0,,1.03
1788461429.842,idle,6.354,2.24,37.5,1,1,2,6.375,2.225,-39.6,0.0,0.018,0.0,0.0,,1.03
1788461429.902,idle,6.354,2.24,37.5,1,1,2,6.375,2.225,-39.6,0.0,0.018,0.0,0.0,,1.03
1788461429.957,idle,6.354,2.24,37.5,1,1,2,6.375,2.225,-39.6,0.0,0.018,0.0,0.0,,1.03
1788461430.009,idle,6.354,2.24,37.5,1,1,2,6.375,2.225,-39.6,0.0,0.018,0.0,0.0,,1.03
1788461430.06,idle,6.354,2.24,37.5,1,1,2,6.375,2.225,-39.6,0.0,0.018,0.0,0.0,,1.03
1788461430.112,idle,6.354,2.24,37.5,1,1,2,6.375,2.225,-39.6,0.0,0.018,0.0,0.0,,1.03
1788461430.162,idle,6.354,2.24,37.5,1,1,2,6.375,2.225,-39.6,0.0,0.018,0.0,0.0,,1.03
1788461430.213,idle,6.354,2.24,37.5,1,1,2,6.375,2.225,-39.6,0.0,0.018,0.0,0.0,,1.03
1788461430.264,idle,6.354,2.24,37.5,1,1,2,6.375,2.225,-39.6,0.0,0.018,0.0,0.0,,1.03
1788461430.317,idle,6.354,2.24,37.5,1,1,2,6.375,2.225,-39.6,0.0,0.018,0.0,0.0,,1.03
1788461430.368,idle,6.354,2.24,37.5,1,1,2,6.375,2.225,-39.6,0.0,0.018,0.0,0.0,,1.03
1788461430.423,idle,6.354,2.24,37.5,1,1,2,6.375,2.225,-39.6,0.0,0.018,0.0,0.0,,1.03
1788461430.474,idle,6.354,2.24,37.5,1,1,2,6.375,2.225,-39.6,0.0,0.018,0.0,0.0,,1.03
1788461430.526,idle,6.354,2.24,37.5,1,1,2,6.375,2.225,-39.6,0.0,0.018,0.0,0.0,,1.03
1788461430.58,idle,6.354,2.24,37.5,1,1,2,6.375,2.225,-39.6,0.0,0.018,0.0,0.0,,1.03
1788461430.639,idle,6.354,2.24,37.5,1,1,2,6.375,2.225,-39.6,0.0,0.018,0.0,0.0,,1.03
1788461430.694,idle,6.354,2.24,37.5,1,1,2,6.375,2.225,-39.6,0.0,0.018,0.0,0.0,,1.03
1788461430.748,idle,6.354,2.24,37.5,1,1,2,6.375,2.225,-39.6,0.0,0.018,0.0,0.0,,1.03
1788461430.801,idle,6.354,2.24,37.5,1,1,2,6.375,2.225,-39.6,0.0,0.018,0.0,0.0,,1.03
1788461430.851,idle,6.354,2.24,37.5,1,1,2,6.375,2.225,-39.6,0.0,0.018,0.0,0.0,,1.03
1788461430.902,idle,6.354,2.24,37.5,1,1,2,6.375,2.225,-39.6,0.0,0.018,0.0,0.0,,1.03
1788461430.953,idle,6.354,2.24,37.5,1,1,2,6.375,2.225,-39.6,0.0,0.018,0.0,0.0,,1.03
1788461431.005,idle,6.354,2.24,37.5,1,1,2,6.375,2.225,-39.6,0.0,0.018,0.0,0.0,,1.03
1788461431.057,idle,6.354,2.24,37.5,1,1,2,6.375,2.225,-39.6,0.0,0.018,0.0,0.0,,1.03
1788461431.109,idle,6.354,2.24,37.5,1,1,2,6.375,2.225,-39.6,0.0,0.018,0.0,0.0,,1.03
1788461431.161,idle,6.354,2.24,37.5,1,1,2,6.375,2.225,-39.6,0.0,0.018,0.0,0.0,,1.03
1788461431.211,idle,6.354,2.24,37.5,1,1,2,6.375,2.225,-39.6,0.0,0.018,0.0,0.0,,1.03
1788461431.261,idle,6.354,2.24,37.5,1,1,2,6.375,2.225,-39.6,0.0,0.018,0.0,0.0,,1.03
1788461431.316,idle,6.354,2.24,37.5,1,1,2,6.375,2.225,-39.6,0.0,0.018,0.0,0.0,,1.03
1788461431.373,idle,6.354,2.24,37.5,1,1,2,6.375,2.225,-39.6,0.0,0.018,0.0,0.0,,1.03
1788461431.431,idle,6.354,2.24,37.5,1,1,2,6.375,2.225,-39.6,0.0,0.018,0.0,0.0,,1.03
1788461431.494,idle,6.354,2.24,37.5,1,1,2,6.375,2.225,-39.6,0.0,0.018,0.0,0.0,,1.03
1788461431.549,idle,6.354,2.24,37.5,1,1,2,6.375,2.225,-39.6,0.0,0.018,0.0,0.0,,1.03
1788461431.602,idle,6.354,2.24,37.5,1,1,2,6.375,2.225,-39.6,0.0,0.018,0.0,0.0,,1.03
1788461431.651,idle,6.354,2.24,37.5,1,1,2,6.375,2.225,-39.6,0.0,0.018,0.0,0.0,,1.03
1788461431.707,idle,6.354,2.24,37.5,1,1,2,6.375,2.225,-39.6,0.0,0.018,0.0,0.0,,1.03
1788461431.757,idle,6.354,2.24,37.5,1,1,2,6.375,2.225,-39.6,0.0,0.018,0.0,0.0,,1.03
1788461431.81,idle,6.354,2.24,37.5,1,1,2,6.375,2.225,-39.6,0.0,0.018,0.0,0.0,,1.03
1788461431.862,idle,6.354,2.24,37.5,1,1,2,6.375,2.225,-39.6,0.0,0.018,0.0,0.0,,1.03
1788461431.917,idle,6.354,2.24,37.5,1,1,2,6.375,2.225,-39.6,0.0,0.018,0.0,0.0,,1.03
1788461431.967,idle,6.354,2.24,37.5,1,1,2,6.375,2.225,-39.6,0.0,0.018,0.0,0.0,,1.03
1788461432.019,idle,6.354,2.24,37.5,1,1,2,6.375,2.225,-39.6,0.0,0.018,0.0,0.0,,1.03
1788461432.068,idle,6.354,2.24,37.5,1,1,2,6.375,2.225,-39.6,0.0,0.018,0.0,0.0,,1.03
1788461432.125,idle,6.354,2.24,37.5,1,1,2,6.375,2.225,-39.6,0.0,0.018,0.0,0.0,,1.03
1788461432.181,idle,6.354,2.24,37.5,1,1,2,6.375,2.225,-39.6,0.0,0.018,0.0,0.0,,1.03
1788461432.235,idle,6.354,2.24,37.5,1,1,2,6.375,2.225,-39.6,0.0,0.018,0.0,0.0,,1.03
1788461432.298,idle,6.354,2.24,37.5,1,1,2,6.375,2.225,-39.6,0.0,0.018,0.0,0.0,,1.03
1788461432.353,idle,6.354,2.24,37.5,1,1,2,6.375,2.225,-39.6,0.0,0.018,0.0,0.0,,1.03
1788461432.404,idle,6.354,2.24,37.5,1,1,2,6.375,2.225,-39.6,0.0,0.018,0.0,0.0,,1.03
1788461432.455,idle,6.354,2.24,37.5,1,1,2,6.375,2.225,-39.6,0.0,0.018,0.0,0.0,,1.03
1788461432.506,idle,6.354,2.24,37.5,1,1,2,6.375,2.225,-39.6,0.0,0.018,0.0,0.0,,1.03
1788461432.557,idle,6.354,2.24,37.5,1,1,2,6.375,2.225,-39.6,0.0,0.018,0.0,0.0,,1.03
1788461432.609,idle,6.354,2.24,37.5,1,1,2,6.375,2.225,-39.6,0.0,0.018,0.0,0.0,,1.03
1788461432.663,idle,6.354,2.24,37.5,1,1,2,6.375,2.225,-39.6,0.0,0.018,0.0,0.0,,1.03
1788461432.715,idle,6.354,2.24,37.5,1,1,2,6.375,2.225,-39.6,0.0,0.018,0.0,0.0,,1.03
1788461432.767,idle,6.354,2.24,37.5,1,1,2,6.375,2.225,-39.6,0.0,0.018,0.0,0.0,,1.03
1788461432.818,idle,6.354,2.24,37.5,1,1,2,6.375,2.225,-39.6,0.0,0.018,0.0,0.0,,1.03
1788461432.876,idle,6.354,2.24,37.5,1,1,2,6.375,2.225,-39.6,0.0,0.018,0.0,0.0,,1.03
1788461432.936,idle,6.354,2.24,37.5,1,1,2,6.375,2.225,-39.6,0.0,0.018,0.0,0.0,,1.03
1788461433.002,idle,6.354,2.24,37.5,1,1,2,6.375,2.225,-39.6,0.0,0.018,0.0,0.0,,1.03
1788461433.064,idle,6.354,2.24,37.5,1,1,2,6.375,2.225,-39.6,0.0,0.018,0.0,0.0,,1.03
1788461433.122,idle,6.354,2.24,37.5,1,1,2,6.375,2.225,-39.6,0.0,0.018,0.0,0.0,,1.03
1788461433.173,idle,6.354,2.24,37.5,1,1,2,6.375,2.225,-39.6,0.0,0.018,0.0,0.0,,1.03
1788461433.224,idle,6.354,2.24,37.5,1,1,2,6.375,2.225,-39.6,0.0,0.018,0.0,0.0,,1.03
1788461433.276,idle,6.354,2.24,37.5,1,1,2,6.375,2.225,-39.6,0.0,0.018,0.0,0.0,,1.03
1788461433.331,idle,6.354,2.24,37.5,1,1,2,6.375,2.225,-39.6,0.0,0.018,0.0,0.0,,1.03
1788461433.384,idle,6.354,2.24,37.5,1,1,2,6.375,2.225,-39.6,0.0,0.018,0.0,0.0,,1.03
1788461433.437,idle,6.354,2.24,37.5,1,1,2,6.375,2.225,-39.6,0.0,0.018,0.0,0.0,,1.03
1788461433.489,idle,6.354,2.24,37.5,1,1,2,6.375,2.225,-39.6,0.0,0.018,0.0,0.0,,1.03
1788461433.54,idle,6.354,2.24,37.5,1,1,2,6.375,2.225,-39.6,0.0,0.018,0.0,0.0,,1.03
1788461433.591,idle,6.354,2.24,37.5,1,1,2,6.375,2.225,-39.6,0.0,0.018,0.0,0.0,,1.03
1788461433.646,idle,6.354,2.24,37.5,1,1,2,6.375,2.225,-39.6,0.0,0.018,0.0,0.0,,1.03
1788461433.73,idle,6.354,2.24,37.5,1,1,2,6.375,2.225,-39.6,0.0,0.018,0.0,0.0,,1.03
1788461433.835,idle,6.354,2.24,37.5,1,1,2,6.375,2.225,-39.6,0.0,0.018,0.0,0.0,,1.03
1788461433.926,idle,6.354,2.24,37.5,1,1,2,6.375,2.225,-39.6,0.0,0.018,0.0,0.0,,1.03
1788461433.995,idle,6.354,2.24,37.5,1,1,2,6.375,2.225,-39.6,0.0,0.018,0.0,0.0,,1.03
1788461434.077,idle,6.354,2.24,37.5,1,1,2,6.375,2.225,-39.6,0.0,0.018,0.0,0.0,,1.03
1788461434.136,idle,6.354,2.24,37.5,1,1,2,6.375,2.225,-39.6,0.0,0.018,0.0,0.0,,1.03
1788461434.191,idle,6.354,2.24,37.5,1,1,2,6.375,2.225,-39.6,0.0,0.018,0.0,0.0,,1.03
1788461434.243,idle,6.354,2.24,37.5,1,1,2,6.375,2.225,-39.6,0.0,0.018,0.0,0.0,,1.03
1788461434.3,idle,6.354,2.24,37.5,1,1,2,6.375,2.225,-39.6,0.0,0.018,0.0,0.0,,1.03
1788461434.355,idle,6.354,2.24,37.5,1,1,2,6.375,2.225,-39.6,0.0,0.018,0.0,0.0,,1.03
1788461434.409,idle,6.354,2.24,37.5,1,1,2,6.375,2.225,-39.6,0.0,0.018,0.0,0.0,,1.03
1788461434.467,idle,6.354,2.24,37.5,1,1,2,6.375,2.225,-39.6,0.0,0.018,0.0,0.0,,1.03
1788461434.529,idle,6.354,2.24,37.5,1,1,2,6.375,2.225,-39.6,0.0,0.018,0.0,0.0,,1.03
1788461434.597,idle,6.354,2.24,37.5,1,1,2,6.375,2.225,-39.6,0.0,0.018,0.0,0.0,,1.03
1788461434.655,idle,6.354,2.24,37.5,1,1,2,6.375,2.225,-39.6,0.0,0.018,0.0,0.0,,1.03
1788461434.715,idle,6.354,2.24,37.5,1,1,2,6.375,2.225,-39.6,0.0,0.018,0.0,0.0,,1.03
1788461434.767,idle,6.354,2.24,37.5,1,1,2,6.375,2.225,-39.6,0.0,0.018,0.0,0.0,,1.03
1788461434.822,idle,6.354,2.24,37.5,1,1,2,6.375,2.225,-39.6,0.0,0.018,0.0,0.0,,1.03
1788461434.877,idle,6.354,2.24,37.5,1,1,2,6.375,2.225,-39.6,0.0,0.018,0.0,0.0,,1.03
1788461434.93,idle,6.354,2.24,37.5,1,1,2,6.375,2.225,-39.6,0.0,0.018,0.0,0.0,,1.03
1788461434.986,idle,6.354,2.24,37.5,1,1,2,6.375,2.225,-39.6,0.0,0.018,0.0,0.0,,1.03
1788461435.04,idle,6.354,2.24,37.5,1,1,2,6.375,2.225,-39.6,0.0,0.018,0.0,0.0,,1.03
1788461435.092,idle,6.354,2.24,37.5,1,1,2,6.375,2.225,-39.6,0.0,0.018,0.0,0.0,,1.03
1788461435.144,idle,6.354,2.24,37.5,1,1,2,6.375,2.225,-39.6,0.0,0.018,0.0,0.0,,1.03
1788461435.199,idle,6.354,2.24,37.5,1,1,2,6.375,2.225,-39.6,0.0,0.018,0.0,0.0,,1.03
1788461435.256,idle,6.354,2.24,37.5,1,1,2,6.375,2.225,-39.6,0.0,0.018,0.0,0.0,,1.03
1788461435.317,idle,6.354,2.24,37.5,1,1,2,6.375,2.225,-39.6,0.0,0.018,0.0,0.0,,1.03
1788461435.381,idle,6.354,2.24,37.5,1,1,2,6.375,2.225,-39.6,0.0,0.018,0.0,0.0,,1.03
1788461435.442,idle,6.354,2.24,37.5,1,1,2,6.375,2.225,-39.6,0.0,0.018,0.0,0.0,,1.03
1788461435.501,idle,6.354,2.24,37.5,1,1,2,6.375,2.225,-39.6,0.0,0.018,0.0,0.0,,1.03
1788461435.559,idle,6.354,2.24,37.5,1,1,2,6.375,2.225,-39.6,0.0,0.018,0.0,0.0,,1.03
1788461435.632,idle,6.354,2.24,37.5,1,1,2,6.375,2.225,-39.6,0.0,0.018,0.0,0.0,,1.03
1788461435.688,idle,6.354,2.24,37.5,1,1,2,6.375,2.225,-39.6,0.0,0.018,0.0,0.0,,1.03
1788461435.738,idle,6.354,2.24,37.5,1,1,2,6.375,2.225,-39.6,0.0,0.018,0.0,0.0,,1.03
1788461435.789,idle,6.354,2.24,37.5,1,1,2,6.375,2.225,-39.6,0.0,0.018,0.0,0.0,,1.03
1788461435.842,idle,6.354,2.24,37.5,1,1,2,6.375,2.225,-39.6,0.0,0.018,0.0,0.0,,1.03
1788461435.893,idle,6.354,2.24,37.5,1,1,2,6.375,2.225,-39.6,0.0,0.018,0.0,0.0,,1.03
1788461435.946,idle,6.354,2.24,37.5,1,1,2,6.375,2.225,-39.6,0.0,0.018,0.0,0.0,,1.03
1788461435.997,idle,6.354,2.24,37.5,1,1,2,6.375,2.225,-39.6,0.0,0.018,0.0,0.0,,1.03
1788461436.05,idle,6.354,2.24,37.5,1,1,2,6.375,2.225,-39.6,0.0,0.018,0.0,0.0,,1.03
1788461436.108,idle,6.354,2.24,37.5,1,1,2,6.375,2.225,-39.6,0.0,0.018,0.0,0.0,,1.03
1788461436.167,idle,6.354,2.24,37.5,1,1,2,6.375,2.225,-39.6,0.0,0.018,0.0,0.0,,1.03
1788461436.222,idle,6.354,2.24,37.5,1,1,2,6.375,2.225,-39.6,0.0,0.018,0.0,0.0,,1.03
1788461436.276,idle,6.354,2.24,37.5,1,1,2,6.375,2.225,-39.6,0.0,0.018,0.0,0.0,,1.03
1788461436.326,idle,6.354,2.24,37.5,1,1,2,6.375,2.225,-39.6,0.0,0.018,0.0,0.0,,1.03
1788461436.379,idle,6.354,2.24,37.5,1,1,2,6.375,2.225,-39.6,0.0,0.018,0.0,0.0,,1.03
1788461436.433,idle,6.354,2.24,37.5,1,1,2,6.375,2.225,-39.6,0.0,0.018,0.0,0.0,,1.03
1788461436.487,idle,6.354,2.24,37.5,1,1,2,6.375,2.225,-39.6,0.0,0.018,0.0,0.0,,1.03
1788461436.537,idle,6.354,2.24,37.5,1,1,2,6.375,2.225,-39.6,0.0,0.018,0.0,0.0,,1.03
1788461436.59,idle,6.354,2.24,37.5,1,1,2,6.375,2.225,-39.6,0.0,0.018,0.0,0.0,,1.03
1788461436.641,idle,6.354,2.24,37.5,1,1,2,6.375,2.225,-39.6,0.0,0.018,0.0,0.0,,1.03
1788461436.694,idle,6.354,2.24,37.5,1,1,2,6.375,2.225,-39.6,0.0,0.018,0.0,0.0,,1.03
1788461436.744,idle,6.354,2.24,37.5,1,1,2,6.375,2.225,-39.6,0.0,0.018,0.0,0.0,,1.03
1788461436.8,idle,6.354,2.24,37.5,1,1,2,6.375,2.225,-39.6,0.0,0.018,0.0,0.0,,1.03
1788461436.856,idle,6.354,2.24,37.5,1,1,2,6.375,2.225,-39.6,0.0,0.018,0.0,0.0,,1.03
1788461436.917,idle,6.354,2.24,37.5,1,1,2,6.375,2.225,-39.6,0.0,0.018,0.0,0.0,,1.03
1788461436.973,idle,6.354,2.24,37.5,1,1,2,6.375,2.225,-39.6,0.0,0.018,0.0,0.0,,1.03
1788461436.973,idle,6.354,2.24,37.5,1,1,2,6.375,2.225,-39.6,0.0,0.018,0.0,0.0,,1.03
1788461437.082,idle,6.354,2.24,37.5,1,1,2,6.375,2.225,-39.6,0.0,0.018,0.0,0.0,,1.03
1788461437.134,idle,6.354,2.24,37.5,1,1,2,6.375,2.225,-39.6,0.0,0.018,0.0,0.0,,1.03
1788461437.187,idle,6.354,2.24,37.5,1,1,2,6.375,2.225,-39.6,0.0,0.018,0.0,0.0,,1.03
1788461437.239,idle,6.354,2.24,37.5,1,1,2,6.375,2.225,-39.6,0.0,0.018,0.0,0.0,,1.03
1788461437.291,idle,6.354,2.24,37.5,1,1,2,6.375,2.225,-39.6,0.0,0.018,0.0,0.0,,1.03
1788461437.342,idle,6.354,2.24,37.5,1,1,2,6.375,2.225,-39.6,0.0,0.018,0.0,0.0,,1.03
1788461437.393,idle,6.354,2.24,37.5,1,1,2,6.375,2.225,-39.6,0.0,0.018,0.0,0.0,,1.03
1788461437.445,idle,6.354,2.24,37.5,1,1,2,6.375,2.225,-39.6,0.0,0.018,0.0,0.0,,1.03
1788461437.498,idle,6.354,2.24,37.5,1,1,2,6.375,2.225,-39.6,0.0,0.018,0.0,0.0,,1.03
1788461437.55,idle,6.354,2.24,37.5,1,1,2,6.375,2.225,-39.6,0.0,0.018,0.0,0.0,,1.03
1788461437.608,idle,6.354,2.24,37.5,1,1,2,6.375,2.225,-39.6,0.0,0.018,0.0,0.0,,1.03
1788461437.665,idle,6.354,2.24,37.5,1,1,2,6.375,2.225,-39.6,0.0,0.018,0.0,0.0,,1.03
1788461437.723,idle,6.354,2.24,37.5,1,1,2,6.375,2.225,-39.6,0.0,0.018,0.0,0.0,,1.03
1788461437.779,idle,6.354,2.24,37.5,1,1,2,6.375,2.225,-39.6,0.0,0.018,0.0,0.0,,1.03
1788461437.78,idle,6.354,2.24,37.5,1,1,2,6.375,2.225,-39.6,0.0,0.018,0.0,0.0,,1.03
1788461437.883,idle,6.354,2.24,37.5,1,1,2,6.375,2.225,-39.6,0.0,0.018,0.0,0.0,,1.03
1788461437.934,idle,6.354,2.24,37.5,1,1,2,6.375,2.225,-39.6,0.0,0.018,0.0,0.0,,1.03
1788461437.989,idle,6.354,2.24,37.5,1,1,2,6.375,2.225,-39.6,0.0,0.018,0.0,0.0,,1.03
1788461438.039,idle,6.354,2.24,37.5,1,1,2,6.375,2.225,-39.6,0.0,0.018,0.0,0.0,,1.03
1788461438.094,idle,6.354,2.24,37.5,1,1,2,6.375,2.225,-39.6,0.0,0.018,0.0,0.0,,1.03
1788461438.144,idle,6.354,2.24,37.5,1,1,2,6.375,2.225,-39.6,0.0,0.018,0.0,0.0,,1.03
1788461438.197,idle,6.354,2.24,37.5,1,1,2,6.375,2.225,-39.6,0.0,0.018,0.0,0.0,,1.03
1788461438.249,idle,6.354,2.24,37.5,1,1,2,6.375,2.225,-39.6,0.0,0.018,0.0,0.0,,1.03
1788461438.249,idle,6.354,2.24,37.5,1,1,2,6.375,2.225,-39.6,0.0,0.018,0.0,0.0,,1.03
1788461438.353,idle,6.354,2.24,37.5,1,1,2,6.375,2.225,-39.6,0.0,0.018,0.0,0.0,,1.03
1788461438.413,idle,6.354,2.24,37.5,1,1,2,6.375,2.225,-39.6,0.0,0.018,0.0,0.0,,1.03
1788461438.469,idle,6.354,2.24,37.5,1,1,2,6.375,2.225,-39.6,0.0,0.018,0.0,0.0,,1.03
1788461438.523,idle,6.354,2.24,37.5,1,1,2,6.375,2.225,-39.6,0.0,0.018,0.0,0.0,,1.03
1788461438.579,idle,6.354,2.24,37.5,1,1,2,6.375,2.225,-39.6,0.0,0.018,0.0,0.0,,1.03
1788461438.632,idle,6.354,2.24,37.5,1,1,2,6.375,2.225,-39.6,0.0,0.018,0.0,0.0,,1.03
1788461438.684,idle,6.354,2.24,37.5,1,1,2,6.375,2.225,-39.6,0.0,0.018,0.0,0.0,,1.03
1788461438.735,idle,6.354,2.24,37.5,1,1,2,6.375,2.225,-39.6,0.0,0.018,0.0,0.0,,1.03
1788461438.786,idle,6.354,2.24,37.5,1,1,2,6.375,2.225,-39.6,0.0,0.018,0.0,0.0,,1.03
1788461438.837,idle,6.354,2.24,37.5,1,1,2,6.375,2.225,-39.6,0.0,0.018,0.0,0.0,,1.03
1788461438.89,idle,6.354,2.24,37.5,1,1,2,6.375,2.225,-39.6,0.0,0.018,0.0,0.0,,1.03
1788461438.944,idle,6.354,2.24,37.5,1,1,2,6.375,2.225,-39.6,0.0,0.018,0.0,0.0,,1.03
1788461438.995,idle,6.354,2.24,37.5,1,1,2,6.375,2.225,-39.6,0.0,0.018,0.0,0.0,,1.03
1788461439.046,idle,6.354,2.24,37.5,1,1,2,6.375,2.225,-39.6,0.0,0.018,0.0,0.0,,1.03
1788461439.097,idle,6.354,2.24,37.5,1,1,2,6.375,2.225,-39.6,0.0,0.018,0.0,0.0,,1.03
1788461439.153,idle,6.354,2.24,37.5,1,1,2,6.375,2.225,-39.6,0.0,0.018,0.0,0.0,,1.03
1788461439.209,idle,6.354,2.24,37.5,1,1,2,6.375,2.225,-39.6,0.0,0.018,0.0,0.0,,1.03
1788461439.266,idle,6.354,2.24,37.5,1,1,2,6.375,2.225,-39.6,0.0,0.018,0.0,0.0,,1.03
1788461439.323,idle,6.354,2.24,37.5,1,1,2,6.375,2.225,-39.6,0.0,0.018,0.0,0.0,,1.03
1788461439.376,idle,6.354,2.24,37.5,1,1,2,6.375,2.225,-39.6,0.0,0.018,0.0,0.0,,1.03
1788461439.427,idle,6.354,2.24,37.5,1,1,2,6.375,2.225,-39.6,0.0,0.018,0.0,0.0,,1.03
1788461439.478,idle,6.354,2.24,37.5,1,1,2,6.375,2.225,-39.6,0.0,0.018,0.0,0.0,,1.03
1788461439.529,idle,6.354,2.24,37.5,1,1,2,6.375,2.225,-39.6,0.0,0.018,0.0,0.0,,1.03
1788461439.58,idle,6.354,2.24,37.5,1,1,2,6.375,2.225,-39.6,0.0,0.018,0.0,0.0,,1.03
1788461439.631,idle,6.354,2.24,37.5,1,1,2,6.375,2.225,-39.6,0.0,0.018,0.0,0.0,,1.03
1788461439.682,idle,6.354,2.24,37.5,1,1,2,6.375,2.225,-39.6,0.0,0.018,0.0,0.0,,1.03
1788461439.733,idle,6.354,2.24,37.5,1,1,2,6.375,2.225,-39.6,0.0,0.018,0.0,0.0,,1.03
1788461439.783,idle,6.354,2.24,37.5,1,1,2,6.375,2.225,-39.6,0.0,0.018,0.0,0.0,,1.03
1788461439.832,idle,6.354,2.24,37.5,1,1,2,6.375,2.225,-39.6,0.0,0.018,0.0,0.0,,1.03
1788461439.833,idle,6.354,2.24,37.5,1,1,2,6.375,2.225,-39.6,0.0,0.018,0.0,0.0,,1.03
1788461439.937,idle,6.354,2.24,37.5,1,1,2,6.375,2.225,-39.6,0.0,0.018,0.0,0.0,,1.03
1788461439.998,idle,6.354,2.24,37.5,1,1,2,6.375,2.225,-39.6,0.0,0.018,0.0,0.0,,1.03
1788461440.056,idle,6.354,2.24,37.5,1,1,2,6.375,2.225,-39.6,0.0,0.018,0.0,0.0,,1.03
1788461440.115,idle,6.354,2.24,37.5,1,1,2,6.375,2.225,-39.6,0.0,0.018,0.0,0.0,,1.03
1788461440.166,idle,6.354,2.24,37.5,1,1,2,6.375,2.225,-39.6,0.0,0.018,0.0,0.0,,1.03
1788461440.221,idle,6.354,2.24,37.5,1,1,2,6.375,2.225,-39.6,0.0,0.018,0.0,0.0,,1.03
1788461440.273,idle,6.354,2.24,37.5,1,1,2,6.375,2.225,-39.6,0.0,0.018,0.0,0.0,,1.03
1788461440.325,idle,6.354,2.24,37.5,1,1,2,6.375,2.225,-39.6,0.0,0.018,0.0,0.0,,1.03
1788461440.376,idle,6.354,2.24,37.5,1,1,2,6.375,2.225,-39.6,0.0,0.018,0.0,0.0,,1.03
1788461440.43,idle,6.354,2.24,37.5,1,1,2,6.375,2.225,-39.6,0.0,0.018,0.0,0.0,,1.03
1788461440.482,idle,6.354,2.24,37.5,1,1,2,6.375,2.225,-39.6,0.0,0.018,0.0,0.0,,1.03
1788461440.533,idle,6.354,2.24,37.5,1,1,2,6.375,2.225,-39.6,0.0,0.018,0.0,0.0,,1.03
1788461440.584,idle,6.354,2.24,37.5,1,1,2,6.375,2.225,-39.6,0.0,0.018,0.0,0.0,,1.03
1788461440.635,idle,6.354,2.24,37.5,1,1,2,6.375,2.225,-39.6,0.0,0.018,0.0,0.0,,1.03
1788461440.689,idle,6.354,2.24,37.5,1,1,2,6.375,2.225,-39.6,0.0,0.018,0.0,0.0,,1.03
1788461440.746,idle,6.354,2.24,37.5,1,1,2,6.375,2.225,-39.6,0.0,0.018,0.0,0.0,,1.03
1788461440.803,idle,6.354,2.24,37.5,1,1,2,6.375,2.225,-39.6,0.0,0.018,0.0,0.0,,1.03
1788461440.864,idle,6.354,2.24,37.5,1,1,2,6.375,2.225,-39.6,0.0,0.018,0.0,0.0,,1.03
1788461440.92,idle,6.354,2.24,37.5,1,1,2,6.375,2.225,-39.6,0.0,0.018,0.0,0.0,,1.03
1788461440.972,idle,6.354,2.24,37.5,1,1,2,6.375,2.225,-39.6,0.0,0.018,0.0,0.0,,1.03
1788461441.022,idle,6.354,2.24,37.5,1,1,2,6.375,2.225,-39.6,0.0,0.018,0.0,0.0,,1.03
1788461441.073,idle,6.354,2.24,37.5,1,1,2,6.375,2.225,-39.6,0.0,0.018,0.0,0.0,,1.03
1788461441.125,idle,6.354,2.24,37.5,1,1,2,6.375,2.225,-39.6,0.0,0.018,0.0,0.0,,1.03
1788461441.176,idle,6.354,2.24,37.5,1,1,2,6.375,2.225,-39.6,0.0,0.018,0.0,0.0,,1.03
1788461441.227,idle,6.354,2.24,37.5,1,1,2,6.375,2.225,-39.6,0.0,0.018,0.0,0.0,,1.03
1788461441.278,idle,6.354,2.24,37.5,1,1,2,6.375,2.225,-39.6,0.0,0.018,0.0,0.0,,1.03
1788461441.33,idle,6.354,2.24,37.5,1,1,2,6.375,2.225,-39.6,0.0,0.018,0.0,0.0,,1.03
1788461441.38,idle,6.354,2.24,37.5,1,1,2,6.375,2.225,-39.6,0.0,0.018,0.0,0.0,,1.03
1788461441.43,idle,6.354,2.24,37.5,1,1,2,6.375,2.225,-39.6,0.0,0.018,0.0,0.0,,1.03
1788461441.484,idle,6.354,2.24,37.5,1,1,2,6.375,2.225,-39.6,0.0,0.018,0.0,0.0,,1.03
1788461441.539,idle,6.354,2.24,37.5,1,1,2,6.375,2.225,-39.6,0.0,0.018,0.0,0.0,,1.03
1788461441.597,idle,6.354,2.24,37.5,1,1,2,6.375,2.225,-39.6,0.0,0.018,0.0,0.0,,1.03
1788461441.653,idle,6.354,2.24,37.5,1,1,2,6.375,2.225,-39.6,0.0,0.018,0.0,0.0,,1.03
1788461441.709,idle,6.354,2.24,37.5,1,1,2,6.375,2.225,-39.6,0.0,0.018,0.0,0.0,,1.03
1788461441.759,idle,6.354,2.24,37.5,1,1,2,6.375,2.225,-39.6,0.0,0.018,0.0,0.0,,1.03
1788461441.812,idle,6.354,2.24,37.5,1,1,2,6.375,2.225,-39.6,0.0,0.018,0.0,0.0,,1.03
1788461441.865,idle,6.354,2.24,37.5,1,1,2,6.375,2.225,-39.6,0.0,0.018,0.0,0.0,,1.03
1788461441.918,idle,6.354,2.24,37.5,1,1,2,6.375,2.225,-39.6,0.0,0.018,0.0,0.0,,1.03
1788461441.97,idle,6.354,2.24,37.5,1,1,2,6.375,2.225,-39.6,0.0,0.018,0.0,0.0,,1.03
1788461442.021,idle,6.354,2.24,37.5,1,1,2,6.375,2.225,-39.6,0.0,0.018,0.0,0.0,,1.03
1788461442.071,idle,6.354,2.24,37.5,1,1,2,6.375,2.225,-39.6,0.0,0.018,0.0,0.0,,1.03
1788461442.124,idle,6.354,2.24,37.5,1,1,2,6.375,2.225,-39.6,0.0,0.018,0.0,0.0,,1.03
1788461442.176,idle,6.354,2.24,37.5,1,1,2,6.375,2.225,-39.6,0.0,0.018,0.0,0.0,,1.03
1788461442.238,idle,6.354,2.24,37.5,1,1,2,6.375,2.225,-39.6,0.0,0.018,0.0,0.0,,1.03
1788461442.299,idle,6.354,2.24,37.5,1,1,2,6.375,2.225,-39.6,0.0,0.018,0.0,0.0,,1.03
1788461442.355,idle,6.354,2.24,37.5,1,1,2,6.375,2.225,-39.6,0.0,0.018,0.0,0.0,,1.03
1788461442.413,idle,6.354,2.24,37.5,1,1,2,6.375,2.225,-39.6,0.0,0.018,0.0,0.0,,1.03
1788461442.468,idle,6.354,2.24,37.5,1,1,2,6.375,2.225,-39.6,0.0,0.018,0.0,0.0,,1.03
1788461442.52,idle,6.354,2.24,37.5,1,1,2,6.375,2.225,-39.6,0.0,0.018,0.0,0.0,,1.03
1788461442.573,idle,6.354,2.24,37.5,1,1,2,6.375,2.225,-39.6,0.0,0.018,0.0,0.0,,1.03
1788461442.624,idle,6.354,2.24,37.5,1,1,2,6.375,2.225,-39.6,0.0,0.018,0.0,0.0,,1.03
1788461442.678,idle,6.354,2.24,37.5,1,1,2,6.375,2.225,-39.6,0.0,0.018,0.0,0.0,,1.03
1788461442.73,idle,6.354,2.24,37.5,1,1,2,6.375,2.225,-39.6,0.0,0.018,0.0,0.0,,1.03
1788461442.783,idle,6.354,2.24,37.5,1,1,2,6.375,2.225,-39.6,0.0,0.018,0.0,0.0,,1.03
1788461442.835,idle,6.354,2.24,37.5,1,1,2,6.375,2.225,-39.6,0.0,0.018,0.0,0.0,,1.03
1788461442.889,idle,6.354,2.24,37.5,1,1,2,6.375,2.225,-39.6,0.0,0.018,0.0,0.0,,1.03
1788461442.939,idle,6.354,2.24,37.5,1,1,2,6.375,2.225,-39.6,0.0,0.018,0.0,0.0,,1.03
1788461442.992,idle,6.354,2.24,37.5,1,1,2,6.375,2.225,-39.6,0.0,0.018,0.0,0.0,,1.03
1788461443.045,idle,6.354,2.24,37.5,1,1,2,6.375,2.225,-39.6,0.0,0.018,0.0,0.0,,1.03
1788461443.106,idle,6.354,2.24,37.5,1,1,2,6.375,2.225,-39.6,0.0,0.018,0.0,0.0,,1.03
1788461443.16,idle,6.354,2.24,37.5,1,1,2,6.375,2.225,-39.6,0.0,0.018,0.0,0.0,,1.03
1788461443.22,idle,6.354,2.24,37.5,1,1,2,6.375,2.225,-39.6,0.0,0.018,0.0,0.0,,1.03
1788461443.273,idle,6.354,2.24,37.5,1,1,2,6.375,2.225,-39.6,0.0,0.018,0.0,0.0,,1.03
1788461443.324,idle,6.354,2.24,37.5,1,1,2,6.375,2.225,-39.6,0.0,0.018,0.0,0.0,,1.03
1788461443.375,idle,6.354,2.24,37.5,1,1,2,6.375,2.225,-39.6,0.0,0.018,0.0,0.0,,1.03
1788461443.427,idle,6.354,2.24,37.5,1,1,2,6.375,2.225,-39.6,0.0,0.018,0.0,0.0,,1.03
1788461443.478,idle,6.354,2.24,37.5,1,1,2,6.375,2.225,-39.6,0.0,0.018,0.0,0.0,,1.03
1788461443.53,idle,6.354,2.24,37.5,1,1,2,6.375,2.225,-39.6,0.0,0.018,0.0,0.0,,1.03
1788461443.582,idle,6.354,2.24,37.5,1,1,2,6.375,2.225,-39.6,0.0,0.018,0.0,0.0,,1.03
1788461443.632,idle,6.354,2.24,37.5,1,1,2,6.375,2.225,-39.6,0.0,0.018,0.0,0.0,,1.03
1788461443.683,idle,6.354,2.24,37.5,1,1,2,6.375,2.225,-39.6,0.0,0.018,0.0,0.0,,1.03
1788461443.733,idle,6.354,2.24,37.5,1,1,2,6.375,2.225,-39.6,0.0,0.018,0.0,0.0,,1.03
1788461443.787,idle,6.354,2.24,37.5,1,1,2,6.375,2.225,-39.6,0.0,0.018,0.0,0.0,,1.03
1788461443.842,idle,6.354,2.24,37.5,1,1,2,6.375,2.225,-39.6,0.0,0.018,0.0,0.0,,1.03
1788461443.901,idle,6.354,2.24,37.5,1,1,2,6.375,2.225,-39.6,0.0,0.018,0.0,0.0,,1.03
1788461443.955,idle,6.354,2.24,37.5,1,1,2,6.375,2.225,-39.6,0.0,0.018,0.0,0.0,,1.03
1788461444.013,idle,6.354,2.24,37.5,1,1,2,6.375,2.225,-39.6,0.0,0.018,0.0,0.0,,1.03
1788461444.066,idle,6.354,2.24,37.5,1,1,2,6.375,2.225,-39.6,0.0,0.018,0.0,0.0,,1.03
1788461444.116,idle,6.354,2.24,37.5,1,1,2,6.375,2.225,-39.6,0.0,0.018,0.0,0.0,,1.03
1788461444.166,idle,6.354,2.24,37.5,1,1,2,6.375,2.225,-39.6,0.0,0.018,0.0,0.0,,1.03
1788461444.218,idle,6.354,2.24,37.5,1,1,2,6.375,2.225,-39.6,0.0,0.018,0.0,0.0,,1.03
1788461444.268,idle,6.354,2.24,37.5,1,1,2,6.375,2.225,-39.6,0.0,0.018,0.0,0.0,,1.03
1788461444.318,idle,6.354,2.24,37.5,1,1,2,6.375,2.225,-39.6,0.0,0.018,0.0,0.0,,1.03
1788461444.369,idle,6.354,2.24,37.5,1,1,2,6.375,2.225,-39.6,0.0,0.018,0.0,0.0,,1.03
1788461444.422,idle,6.354,2.24,37.5,1,1,2,6.375,2.225,-39.6,0.0,0.018,0.0,0.0,,1.03
1788461444.472,idle,6.354,2.24,37.5,1,1,2,6.375,2.225,-39.6,0.0,0.018,0.0,0.0,,1.03
1788461444.523,idle,6.354,2.24,37.5,1,1,2,6.375,2.225,-39.6,0.0,0.018,0.0,0.0,,1.03
1788461444.575,idle,6.354,2.24,37.5,1,1,2,6.375,2.225,-39.6,0.0,0.018,0.0,0.0,,1.03
1788461444.631,idle,6.354,2.24,37.5,1,1,2,6.375,2.225,-39.6,0.0,0.018,0.0,0.0,,1.03
1788461444.691,idle,6.354,2.24,37.5,1,1,2,6.375,2.225,-39.6,0.0,0.018,0.0,0.0,,1.03
1788461444.746,idle,6.354,2.24,37.5,1,1,2,6.375,2.225,-39.6,0.0,0.018,0.0,0.0,,1.03
1788461444.806,idle,6.354,2.24,37.5,1,1,2,6.375,2.225,-39.6,0.0,0.018,0.0,0.0,,1.03
1788461444.857,idle,6.354,2.24,37.5,1,1,2,6.375,2.225,-39.6,0.0,0.018,0.0,0.0,,1.03
1788461444.907,idle,6.354,2.24,37.5,1,1,2,6.375,2.225,-39.6,0.0,0.018,0.0,0.0,,1.03
1788461444.958,idle,6.354,2.24,37.5,1,1,2,6.375,2.225,-39.6,0.0,0.018,0.0,0.0,,1.03
1788461445.009,idle,6.354,2.24,37.5,1,1,2,6.375,2.225,-39.6,0.0,0.018,0.0,0.0,,1.03
1788461445.06,idle,6.354,2.24,37.5,1,1,2,6.375,2.225,-39.6,0.0,0.018,0.0,0.0,,1.03
1788461445.112,idle,6.354,2.24,37.5,1,1,2,6.375,2.225,-39.6,0.0,0.018,0.0,0.0,,1.03
1788461445.162,idle,6.354,2.24,37.5,1,1,2,6.375,2.225,-39.6,0.0,0.018,0.0,0.0,,1.03
1788461445.215,idle,6.354,2.24,37.5,1,1,2,6.375,2.225,-39.6,0.0,0.018,0.0,0.0,,1.03
1788461445.267,idle,6.354,2.24,37.5,1,1,2,6.375,2.225,-39.6,0.0,0.018,0.0,0.0,,1.03
1788461445.32,idle,6.354,2.24,37.5,1,1,2,6.375,2.225,-39.6,0.0,0.018,0.0,0.0,,1.03
1788461445.373,idle,6.354,2.24,37.5,1,1,2,6.375,2.225,-39.6,0.0,0.018,0.0,0.0,,1.03
1788461445.436,idle,6.354,2.24,37.5,1,1,2,6.375,2.225,-39.6,0.0,0.018,0.0,0.0,,1.03
1788461445.497,idle,6.354,2.24,37.5,1,1,2,6.375,2.225,-39.6,0.0,0.018,0.0,0.0,,1.03
1788461445.555,idle,6.354,2.24,37.5,1,1,2,6.375,2.225,-39.6,0.0,0.018,0.0,0.0,,1.03
1788461445.61,idle,6.354,2.24,37.5,1,1,2,6.375,2.225,-39.6,0.0,0.018,0.0,0.0,,1.03
1788461445.664,idle,6.354,2.24,37.5,1,1,2,6.375,2.225,-39.6,0.0,0.018,0.0,0.0,,1.03
1788461445.716,idle,6.354,2.24,37.5,1,1,2,6.375,2.225,-39.6,0.0,0.018,0.0,0.0,,1.03
1788461445.769,idle,6.354,2.24,37.5,1,1,2,6.375,2.225,-39.6,0.0,0.018,0.0,0.0,,1.03
1788461445.821,idle,6.354,2.24,37.5,1,1,2,6.375,2.225,-39.6,0.0,0.018,0.0,0.0,,1.03
1788461445.872,idle,6.354,2.24,37.5,1,1,2,6.375,2.225,-39.6,0.0,0.018,0.0,0.0,,1.03
1788461445.921,idle,6.354,2.24,37.5,1,1,2,6.375,2.225,-39.6,0.0,0.018,0.0,0.0,,1.03
1788461445.973,idle,6.354,2.24,37.5,1,1,2,6.375,2.225,-39.6,0.0,0.018,0.0,0.0,,1.03
1788461446.024,idle,6.354,2.24,37.5,1,1,2,6.375,2.225,-39.6,0.0,0.018,0.0,0.0,,1.03
1788461446.079,idle,6.354,2.24,37.5,1,1,2,6.375,2.225,-39.6,0.0,0.018,0.0,0.0,,1.03
1788461446.131,idle,6.354,2.24,37.5,1,1,2,6.375,2.225,-39.6,0.0,0.018,0.0,0.0,,1.03
1788461446.19,idle,6.354,2.24,37.5,1,1,2,6.375,2.225,-39.6,0.0,0.018,0.0,0.0,,1.03
1788461446.245,idle,6.354,2.24,37.5,1,1,2,6.375,2.225,-39.6,0.0,0.018,0.0,0.0,,1.03
1788461446.306,idle,6.354,2.24,37.5,1,1,2,6.375,2.225,-39.6,0.0,0.018,0.0,0.0,,1.03
1788461446.36,idle,6.354,2.24,37.5,1,1,2,6.375,2.225,-39.6,0.0,0.018,0.0,0.0,,1.03
1788461446.417,idle,6.354,2.24,37.5,1,1,2,6.375,2.225,-39.6,0.0,0.018,0.0,0.0,,1.03
1788461446.467,idle,6.354,2.24,37.5,1,1,2,6.375,2.225,-39.6,0.0,0.018,0.0,0.0,,1.03
1788461446.52,idle,6.354,2.24,37.5,1,1,2,6.375,2.225,-39.6,0.0,0.018,0.0,0.0,,1.03
1788461446.572,idle,6.354,2.24,37.5,1,1,2,6.375,2.225,-39.6,0.0,0.018,0.0,0.0,,1.03
1788461446.624,idle,6.354,2.24,37.5,1,1,2,6.375,2.225,-39.6,0.0,0.018,0.0,0.0,,1.03
1788461446.677,idle,6.354,2.24,37.5,1,1,2,6.375,2.225,-39.6,0.0,0.018,0.0,0.0,,1.03
1788461446.728,idle,6.354,2.24,37.5,1,1,2,6.375,2.225,-39.6,0.0,0.018,0.0,0.0,,1.03
1788461446.779,idle,6.354,2.24,37.5,1,1,2,6.375,2.225,-39.6,0.0,0.018,0.0,0.0,,1.03
1788461446.831,idle,6.354,2.24,37.5,1,1,2,6.375,2.225,-39.6,0.0,0.018,0.0,0.0,,1.03
1788461446.884,idle,6.354,2.24,37.5,1,1,2,6.375,2.225,-39.6,0.0,0.018,0.0,0.0,,1.03
1788461446.943,idle,6.354,2.24,37.5,1,1,2,6.375,2.225,-39.6,0.0,0.018,0.0,0.0,,1.03
1788461447.008,idle,6.354,2.24,37.5,1,1,2,6.375,2.225,-39.6,0.0,0.018,0.0,0.0,,1.03
1788461447.077,idle,6.354,2.24,37.5,1,1,2,6.375,2.225,-39.6,0.0,0.018,0.0,0.0,,1.03
1788461447.132,idle,6.354,2.24,37.5,1,1,2,6.375,2.225,-39.6,0.0,0.018,0.0,0.0,,1.03
1788461447.189,idle,6.354,2.24,37.5,1,1,2,6.375,2.225,-39.6,0.0,0.018,0.0,0.0,,1.03
1788461447.24,idle,6.354,2.24,37.5,1,1,2,6.375,2.225,-39.6,0.0,0.018,0.0,0.0,,1.03
1788461447.294,idle,6.354,2.24,37.5,1,1,2,6.375,2.225,-39.6,0.0,0.018,0.0,0.0,,1.03
1788461447.344,idle,6.354,2.24,37.5,1,1,2,6.375,2.225,-39.6,0.0,0.018,0.0,0.0,,1.03
1788461447.398,idle,6.354,2.24,37.5,1,1,2,6.375,2.225,-39.6,0.0,0.018,0.0,0.0,,1.03
1788461447.45,idle,6.354,2.24,37.5,1,1,2,6.375,2.225,-39.6,0.0,0.018,0.0,0.0,,1.03
1788461447.504,idle,6.354,2.24,37.5,1,1,2,6.375,2.225,-39.6,0.0,0.018,0.0,0.0,,1.03
1788461447.555,idle,6.354,2.24,37.5,1,1,2,6.375,2.225,-39.6,0.0,0.018,0.0,0.0,,1.03
1788461447.609,idle,6.354,2.24,37.5,1,1,2,6.375,2.225,-39.6,0.0,0.018,0.0,0.0,,1.03
1788461447.66,idle,6.354,2.24,37.5,1,1,2,6.375,2.225,-39.6,0.0,0.018,0.0,0.0,,1.03
1788461447.717,idle,6.354,2.24,37.5,1,1,2,6.375,2.225,-39.6,0.0,0.018,0.0,0.0,,1.03
1788461447.775,idle,6.354,2.24,37.5,1,1,2,6.375,2.225,-39.6,0.0,0.018,0.0,0.0,,1.03
1788461447.834,idle,6.354,2.24,37.5,1,1,2,6.375,2.225,-39.6,0.0,0.018,0.0,0.0,,1.03
1788461447.896,idle,6.354,2.24,37.5,1,1,2,6.375,2.225,-39.6,0.0,0.018,0.0,0.0,,1.03
1788461447.954,idle,6.354,2.24,37.5,1,1,2,6.375,2.225,-39.6,0.0,0.018,0.0,0.0,,1.03
1788461448.008,idle,6.354,2.24,37.5,1,1,2,6.375,2.225,-39.6,0.0,0.018,0.0,0.0,,1.03
1788461448.06,idle,6.354,2.24,37.5,1,1,2,6.375,2.225,-39.6,0.0,0.018,0.0,0.0,,1.03
1788461448.111,idle,6.354,2.24,37.5,1,1,2,6.375,2.225,-39.6,0.0,0.018,0.0,0.0,,1.03
1788461448.161,idle,6.354,2.24,37.5,1,1,2,6.375,2.225,-39.6,0.0,0.018,0.0,0.0,,1.03
1788461448.214,idle,6.354,2.24,37.5,1,1,2,6.375,2.225,-39.6,0.0,0.018,0.0,0.0,,1.03
1788461448.266,idle,6.354,2.24,37.5,1,1,2,6.375,2.225,-39.6,0.0,0.018,0.0,0.0,,1.03
1788461448.318,idle,6.354,2.24,37.5,1,1,2,6.375,2.225,-39.6,0.0,0.018,0.0,0.0,,1.03
1788461448.369,idle,6.354,2.24,37.5,1,1,2,6.375,2.225,-39.6,0.0,0.018,0.0,0.0,,1.03
1788461448.421,idle,6.354,2.24,37.5,1,1,2,6.375,2.225,-39.6,0.0,0.018,0.0,0.0,,1.03
1788461448.474,idle,6.354,2.24,37.5,1,1,2,6.375,2.225,-39.6,0.0,0.018,0.0,0.0,,1.03
1788461448.527,idle,6.354,2.24,37.5,1,1,2,6.375,2.225,-39.6,0.0,0.018,0.0,0.0,,1.03
1788461448.582,idle,6.354,2.24,37.5,1,1,2,6.375,2.225,-39.6,0.0,0.018,0.0,0.0,,1.03
1788461448.637,idle,6.354,2.24,37.5,1,1,2,6.375,2.225,-39.6,0.0,0.018,0.0,0.0,,1.03
1788461448.695,idle,6.354,2.24,37.5,1,1,2,6.375,2.225,-39.6,0.0,0.018,0.0,0.0,,1.03
1788461448.746,idle,6.354,2.24,37.5,1,1,2,6.375,2.225,-39.6,0.0,0.018,0.0,0.0,,1.03
1788461448.799,idle,6.354,2.24,37.5,1,1,2,6.375,2.225,-39.6,0.0,0.018,0.0,0.0,,1.03
1788461448.85,idle,6.354,2.24,37.5,1,1,2,6.375,2.225,-39.6,0.0,0.018,0.0,0.0,,1.03
1788461448.902,idle,6.354,2.24,37.5,1,1,2,6.375,2.225,-39.6,0.0,0.018,0.0,0.0,,1.03
1788461448.952,idle,6.354,2.24,37.5,1,1,2,6.375,2.225,-39.6,0.0,0.018,0.0,0.0,,1.03
1788461449.004,idle,6.354,2.24,37.5,1,1,2,6.375,2.225,-39.6,0.0,0.018,0.0,0.0,,1.03
1788461449.057,idle,6.354,2.24,37.5,1,1,2,6.375,2.225,-39.6,0.0,0.018,0.0,0.0,,1.03
1788461449.11,idle,6.354,2.24,37.5,1,1,2,6.375,2.225,-39.6,0.0,0.018,0.0,0.0,,1.03
1788461449.162,idle,6.354,2.24,37.5,1,1,2,6.375,2.225,-39.6,0.0,0.018,0.0,0.0,,1.03
1788461449.212,idle,6.354,2.24,37.5,1,1,2,6.375,2.225,-39.6,0.0,0.018,0.0,0.0,,1.03
1788461449.265,idle,6.354,2.24,37.5,1,1,2,6.375,2.225,-39.6,0.0,0.018,0.0,0.0,,1.03
1788461449.324,idle,6.354,2.24,37.5,1,1,2,6.375,2.225,-39.6,0.0,0.018,0.0,0.0,,1.03
1788461449.38,idle,6.354,2.24,37.5,1,1,2,6.375,2.225,-39.6,0.0,0.018,0.0,0.0,,1.03
1788461449.441,idle,6.354,2.24,37.5,1,1,2,6.375,2.225,-39.6,0.0,0.018,0.0,0.0,,1.03
1788461449.497,idle,6.354,2.24,37.5,1,1,2,6.375,2.225,-39.6,0.0,0.018,0.0,0.0,,1.03
1788461449.549,idle,6.354,2.24,37.5,1,1,2,6.375,2.225,-39.6,0.0,0.018,0.0,0.0,,1.03
1788461449.601,idle,6.354,2.24,37.5,1,1,2,6.375,2.225,-39.6,0.0,0.018,0.0,0.0,,1.03
1788461449.653,idle,6.354,2.24,37.5,1,1,2,6.375,2.225,-39.6,0.0,0.018,0.0,0.0,,1.03
1788461449.705,idle,6.354,2.24,37.5,1,1,2,6.375,2.225,-39.6,0.0,0.018,0.0,0.0,,1.03
1788461449.756,idle,6.354,2.24,37.5,1,1,2,6.375,2.225,-39.6,0.0,0.018,0.0,0.0,,1.03
1788461449.807,idle,6.354,2.24,37.5,1,1,2,6.375,2.225,-39.6,0.0,0.018,0.0,0.0,,1.03
1788461449.861,idle,6.354,2.24,37.5,1,1,2,6.375,2.225,-39.6,0.0,0.018,0.0,0.0,,1.03
1788461449.913,idle,6.354,2.24,37.5,1,1,2,6.375,2.225,-39.6,0.0,0.018,0.0,0.0,,1.03
1788461449.965,idle,6.354,2.24,37.5,1,1,2,6.375,2.225,-39.6,0.0,0.018,0.0,0.0,,1.03
1788461450.016,idle,6.354,2.24,37.5,1,1,2,6.375,2.225,-39.6,0.0,0.018,0.0,0.0,,1.03
1788461450.071,idle,6.354,2.24,37.5,1,1,2,6.375,2.225,-39.6,0.0,0.018,0.0,0.0,,1.03
1788461450.126,idle,6.354,2.24,37.5,1,1,2,6.375,2.225,-39.6,0.0,0.018,0.0,0.0,,1.03
1788461450.186,idle,6.354,2.24,37.5,1,1,2,6.375,2.225,-39.6,0.0,0.018,0.0,0.0,,1.03
1788461450.241,idle,6.354,2.24,37.5,1,1,2,6.375,2.225,-39.6,0.0,0.018,0.0,0.0,,1.03
1788461450.301,idle,6.354,2.24,37.5,1,1,2,6.375,2.225,-39.6,0.0,0.018,0.0,0.0,,1.03
1788461450.351,idle,6.354,2.24,37.5,1,1,2,6.375,2.225,-39.6,0.0,0.018,0.0,0.0,,1.03
1788461450.404,idle,6.354,2.24,37.5,1,1,2,6.375,2.225,-39.6,0.0,0.018,0.0,0.0,,1.03
1788461450.455,idle,6.354,2.24,37.5,1,1,2,6.375,2.225,-39.6,0.0,0.018,0.0,0.0,,1.03
1788461450.508,idle,6.354,2.24,37.5,1,1,2,6.375,2.225,-39.6,0.0,0.018,0.0,0.0,,1.03
1788461450.559,idle,6.354,2.24,37.5,1,1,2,6.375,2.225,-39.6,0.0,0.018,0.0,0.0,,1.03
1788461450.613,idle,6.354,2.24,37.5,1,1,2,6.375,2.225,-39.6,0.0,0.018,0.0,0.0,,1.03
1788461450.663,idle,6.354,2.24,37.5,1,1,2,6.375,2.225,-39.6,0.0,0.018,0.0,0.0,,1.03
1788461450.715,idle,6.354,2.24,37.5,1,1,2,6.375,2.225,-39.6,0.0,0.018,0.0,0.0,,1.03
1788461450.764,idle,6.354,2.24,37.5,1,1,2,6.375,2.225,-39.6,0.0,0.018,0.0,0.0,,1.03
1788461450.817,idle,6.354,2.24,37.5,1,1,2,6.375,2.225,-39.6,0.0,0.018,0.0,0.0,,1.03
1788461450.872,idle,6.354,2.24,37.5,1,1,2,6.375,2.225,-39.6,0.0,0.018,0.0,0.0,,1.03
1788461450.929,idle,6.354,2.24,37.5,1,1,2,6.375,2.225,-39.6,0.0,0.018,0.0,0.0,,1.03
1788461450.986,idle,6.354,2.24,37.5,1,1,2,6.375,2.225,-39.6,0.0,0.018,0.0,0.0,,1.03
1788461451.042,idle,6.354,2.24,37.5,1,1,2,6.375,2.225,-39.6,0.0,0.018,0.0,0.0,,1.03
1788461451.096,idle,6.354,2.24,37.5,1,1,2,6.375,2.225,-39.6,0.0,0.018,0.0,0.0,,1.03
1788461451.146,idle,6.354,2.24,37.5,1,1,2,6.375,2.225,-39.6,0.0,0.018,0.0,0.0,,1.03
1788461451.2,idle,6.354,2.24,37.5,1,1,2,6.375,2.225,-39.6,0.0,0.018,0.0,0.0,,1.03
1788461451.249,idle,6.354,2.24,37.5,1,1,2,6.375,2.225,-39.6,0.0,0.018,0.0,0.0,,1.03
1788461451.301,idle,6.354,2.24,37.5,1,1,2,6.375,2.225,-39.6,0.0,0.018,0.0,0.0,,1.03
1788461451.353,idle,6.354,2.24,37.5,1,1,2,6.375,2.225,-39.6,0.0,0.018,0.0,0.0,,1.03
1788461451.405,idle,6.354,2.24,37.5,1,1,2,6.375,2.225,-39.6,0.0,0.018,0.0,0.0,,1.03
1788461451.456,idle,6.354,2.24,37.5,1,1,2,6.375,2.225,-39.6,0.0,0.018,0.0,0.0,,1.03
1788461451.509,idle,6.354,2.24,37.5,1,1,2,6.375,2.225,-39.6,0.0,0.018,0.0,0.0,,1.03
1788461451.559,idle,6.354,2.24,37.5,1,1,2,6.375,2.225,-39.6,0.0,0.018,0.0,0.0,,1.03
1788461451.611,idle,6.354,2.24,37.5,1,1,2,6.375,2.225,-39.6,0.0,0.018,0.0,0.0,,1.03
1788461451.666,idle,6.354,2.24,37.5,1,1,2,6.375,2.225,-39.6,0.0,0.018,0.0,0.0,,1.03
1788461451.724,idle,6.354,2.24,37.5,1,1,2,6.375,2.225,-39.6,0.0,0.018,0.0,0.0,,1.03
1788461451.782,idle,6.354,2.24,37.5,1,1,2,6.375,2.225,-39.6,0.0,0.018,0.0,0.0,,1.03
1788461451.843,idle,6.354,2.24,37.5,1,1,2,6.375,2.225,-39.6,0.0,0.018,0.0,0.0,,1.03
1788461451.897,idle,6.354,2.24,37.5,1,1,2,6.375,2.225,-39.6,0.0,0.018,0.0,0.0,,1.03
1788461451.947,idle,6.354,2.24,37.5,1,1,2,6.375,2.225,-39.6,0.0,0.018,0.0,0.0,,1.03
1788461452.003,idle,6.354,2.24,37.5,1,1,2,6.375,2.225,-39.6,0.0,0.018,0.0,0.0,,1.03
1788461452.055,idle,6.354,2.24,37.5,1,1,2,6.375,2.225,-39.6,0.0,0.018,0.0,0.0,,1.03
1788461452.111,idle,6.354,2.24,37.5,1,1,2,6.375,2.225,-39.6,0.0,0.018,0.0,0.0,,1.03
1788461452.164,idle,6.354,2.24,37.5,1,1,2,6.375,2.225,-39.6,0.0,0.018,0.0,0.0,,1.03
1788461452.217,idle,6.354,2.24,37.5,1,1,2,6.375,2.225,-39.6,0.0,0.018,0.0,0.0,,1.03
1788461452.269,idle,6.354,2.24,37.5,1,1,2,6.375,2.225,-39.6,0.0,0.018,0.0,0.0,,1.03
1788461452.321,idle,6.354,2.24,37.5,1,1,2,6.375,2.225,-39.6,0.0,0.018,0.0,0.0,,1.03
1788461452.372,idle,6.354,2.24,37.5,1,1,2,6.375,2.225,-39.6,0.0,0.018,0.0,0.0,,1.03
1788461452.427,idle,6.354,2.24,37.5,1,1,2,6.375,2.225,-39.6,0.0,0.018,0.0,0.0,,1.03
1788461452.484,idle,6.354,2.24,37.5,1,1,2,6.375,2.225,-39.6,0.0,0.018,0.0,0.0,,1.03
1788461452.545,idle,6.354,2.24,37.5,1,1,2,6.375,2.225,-39.6,0.0,0.018,0.0,0.0,,1.03
1788461452.606,idle,6.354,2.24,37.5,1,1,2,6.375,2.225,-39.6,0.0,0.018,0.0,0.0,,1.03
1788461452.66,idle,6.354,2.24,37.5,1,1,2,6.375,2.225,-39.6,0.0,0.018,0.0,0.0,,1.03
1788461452.714,idle,6.354,2.24,37.5,1,1,2,6.375,2.225,-39.6,0.0,0.018,0.0,0.0,,1.03
1788461452.764,idle,6.354,2.24,37.5,1,1,2,6.375,2.225,-39.6,0.0,0.018,0.0,0.0,,1.03
1788461452.814,idle,6.354,2.24,37.5,1,1,2,6.375,2.225,-39.6,0.0,0.018,0.0,0.0,,1.03
1788461452.866,idle,6.354,2.24,37.5,1,1,2,6.375,2.225,-39.6,0.0,0.018,0.0,0.0,,1.03
1788461452.918,idle,6.354,2.24,37.5,1,1,2,6.375,2.225,-39.6,0.0,0.018,0.0,0.0,,1.03
1788461452.969,idle,6.354,2.24,37.5,1,1,2,6.375,2.225,-39.6,0.0,0.018,0.0,0.0,,1.03
1788461453.02,idle,6.354,2.24,37.5,1,1,2,6.375,2.225,-39.6,0.0,0.018,0.0,0.0,,1.03
1788461453.073,idle,6.354,2.24,37.5,1,1,2,6.375,2.225,-39.6,0.0,0.018,0.0,0.0,,1.03
1788461453.124,idle,6.354,2.24,37.5,1,1,2,6.375,2.225,-39.6,0.0,0.018,0.0,0.0,,1.03
1788461453.178,idle,6.354,2.24,37.5,1,1,2,6.375,2.225,-39.6,0.0,0.018,0.0,0.0,,1.03
1788461453.237,idle,6.354,2.24,37.5,1,1,2,6.375,2.225,-39.6,0.0,0.018,0.0,0.0,,1.03
1788461453.3,idle,6.354,2.24,37.5,1,1,2,6.375,2.225,-39.6,0.0,0.018,0.0,0.0,,1.03
1788461453.356,idle,6.354,2.24,37.5,1,1,2,6.375,2.225,-39.6,0.0,0.018,0.0,0.0,,1.03
1788461453.417,idle,6.354,2.24,37.5,1,1,2,6.375,2.225,-39.6,0.0,0.018,0.0,0.0,,1.03
1788461453.469,idle,6.354,2.24,37.5,1,1,2,6.375,2.225,-39.6,0.0,0.018,0.0,0.0,,1.03
1788461453.522,idle,6.354,2.24,37.5,1,1,2,6.375,2.225,-39.6,0.0,0.018,0.0,0.0,,1.03
1788461453.573,idle,6.354,2.24,37.5,1,1,2,6.375,2.225,-39.6,0.0,0.018,0.0,0.0,,1.03
1788461453.623,idle,6.354,2.24,37.5,1,1,2,6.375,2.225,-39.6,0.0,0.018,0.0,0.0,,1.03
1788461453.674,idle,6.354,2.24,37.5,1,1,2,6.375,2.225,-39.6,0.0,0.018,0.0,0.0,,1.03
1788461453.725,idle,6.354,2.24,37.5,1,1,2,6.375,2.225,-39.6,0.0,0.018,0.0,0.0,,1.03
1788461453.778,idle,6.354,2.24,37.5,1,1,2,6.375,2.225,-39.6,0.0,0.018,0.0,0.0,,1.03
1788461453.829,idle,6.354,2.24,37.5,1,1,2,6.375,2.225,-39.6,0.0,0.018,0.0,0.0,,1.03
1788461453.882,idle,6.354,2.24,37.5,1,1,2,6.375,2.225,-39.6,0.0,0.018,0.0,0.0,,1.03
1788461453.933,idle,6.354,2.24,37.5,1,1,2,6.375,2.225,-39.6,0.0,0.018,0.0,0.0,,1.03
1788461453.987,idle,6.354,2.24,37.5,1,1,2,6.375,2.225,-39.6,0.0,0.018,0.0,0.0,,1.03
1788461454.04,idle,6.354,2.24,37.5,1,1,2,6.375,2.225,-39.6,0.0,0.018,0.0,0.0,,1.03
1788461454.1,idle,6.354,2.24,37.5,1,1,2,6.375,2.225,-39.6,0.0,0.018,0.0,0.0,,1.03
1788461454.159,idle,6.354,2.24,37.5,1,1,2,6.375,2.225,-39.6,0.0,0.018,0.0,0.0,,1.03
1788461454.215,idle,6.354,2.24,37.5,1,1,2,6.375,2.225,-39.6,0.0,0.018,0.0,0.0,,1.03
1788461454.268,idle,6.354,2.24,37.5,1,1,2,6.375,2.225,-39.6,0.0,0.018,0.0,0.0,,1.03
1788461454.319,idle,6.354,2.24,37.5,1,1,2,6.375,2.225,-39.6,0.0,0.018,0.0,0.0,,1.03
1788461454.37,idle,6.354,2.24,37.5,1,1,2,6.375,2.225,-39.6,0.0,0.018,0.0,0.0,,1.03
1788461454.421,idle,6.354,2.24,37.5,1,1,2,6.375,2.225,-39.6,0.0,0.018,0.0,0.0,,1.03
1788461454.472,idle,6.354,2.24,37.5,1,1,2,6.375,2.225,-39.6,0.0,0.018,0.0,0.0,,1.03
1788461454.524,idle,6.354,2.24,37.5,1,1,2,6.375,2.225,-39.6,0.0,0.018,0.0,0.0,,1.03
1788461454.576,idle,6.354,2.24,37.5,1,1,2,6.375,2.225,-39.6,0.0,0.018,0.0,0.0,,1.03
1788461454.626,idle,6.354,2.24,37.5,1,1,2,6.375,2.225,-39.6,0.0,0.018,0.0,0.0,,1.03
1788461454.678,idle,6.354,2.24,37.5,1,1,2,6.375,2.225,-39.6,0.0,0.018,0.0,0.0,,1.03
1788461454.729,idle,6.354,2.24,37.5,1,1,2,6.375,2.225,-39.6,0.0,0.018,0.0,0.0,,1.03
1788461454.784,idle,6.354,2.24,37.5,1,1,2,6.375,2.225,-39.6,0.0,0.018,0.0,0.0,,1.03
1788461454.84,idle,6.354,2.24,37.5,1,1,2,6.375,2.225,-39.6,0.0,0.018,0.0,0.0,,1.03
1788461454.898,idle,6.354,2.24,37.5,1,1,2,6.375,2.225,-39.6,0.0,0.018,0.0,0.0,,1.03
1788461454.953,idle,6.354,2.24,37.5,1,1,2,6.375,2.225,-39.6,0.0,0.018,0.0,0.0,,1.03
1788461455.011,idle,6.354,2.24,37.5,1,1,2,6.375,2.225,-39.6,0.0,0.018,0.0,0.0,,1.03
1788461455.061,idle,6.354,2.24,37.5,1,1,2,6.375,2.225,-39.6,0.0,0.018,0.0,0.0,,1.03
1788461455.115,idle,6.354,2.24,37.5,1,1,2,6.375,2.225,-39.6,0.0,0.018,0.0,0.0,,1.03
1788461455.167,idle,6.354,2.24,37.5,1,1,2,6.375,2.225,-39.6,0.0,0.018,0.0,0.0,,1.03
1788461455.222,idle,6.354,2.24,37.5,1,1,2,6.375,2.225,-39.6,0.0,0.018,0.0,0.0,,1.03
1788461455.275,idle,6.354,2.24,37.5,1,1,2,6.375,2.225,-39.6,0.0,0.018,0.0,0.0,,1.03
1788461455.33,idle,6.354,2.24,37.5,1,1,2,6.375,2.225,-39.6,0.0,0.018,0.0,0.0,,1.03
1788461455.381,idle,6.354,2.24,37.5,1,1,2,6.375,2.225,-39.6,0.0,0.018,0.0,0.0,,1.03
1788461455.433,idle,6.354,2.24,37.5,1,1,2,6.375,2.225,-39.6,0.0,0.018,0.0,0.0,,1.03
1788461455.486,idle,6.354,2.24,37.5,1,1,2,6.375,2.225,-39.6,0.0,0.018,0.0,0.0,,1.03
1788461455.54,idle,6.354,2.24,37.5,1,1,2,6.375,2.225,-39.6,0.0,0.018,0.0,0.0,,1.03
1788461455.594,idle,6.354,2.24,37.5,1,1,2,6.375,2.225,-39.6,0.0,0.018,0.0,0.0,,1.03
1788461455.651,idle,6.354,2.24,37.5,1,1,2,6.375,2.225,-39.6,0.0,0.018,0.0,0.0,,1.03
1788461455.711,idle,6.354,2.24,37.5,1,1,2,6.375,2.225,-39.6,0.0,0.018,0.0,0.0,,1.03
1788461455.766,idle,6.354,2.24,37.5,1,1,2,6.375,2.225,-39.6,0.0,0.018,0.0,0.0,,1.03
1788461455.818,idle,6.354,2.24,37.5,1,1,2,6.375,2.225,-39.6,0.0,0.018,0.0,0.0,,1.03
1788461455.87,idle,6.354,2.24,37.5,1,1,2,6.375,2.225,-39.6,0.0,0.018,0.0,0.0,,1.03
1788461455.922,idle,6.354,2.24,37.5,1,1,2,6.375,2.225,-39.6,0.0,0.018,0.0,0.0,,1.03
1788461455.976,idle,6.354,2.24,37.5,1,1,2,6.375,2.225,-39.6,0.0,0.018,0.0,0.0,,1.03
1788461456.028,idle,6.354,2.24,37.5,1,1,2,6.375,2.225,-39.6,0.0,0.018,0.0,0.0,,1.03
1788461456.081,idle,6.354,2.24,37.5,1,1,2,6.375,2.225,-39.6,0.0,0.018,0.0,0.0,,1.03
1788461456.132,idle,6.354,2.24,37.5,1,1,2,6.375,2.225,-39.6,0.0,0.018,0.0,0.0,,1.03
1788461456.186,idle,6.354,2.24,37.5,1,1,2,6.375,2.225,-39.6,0.0,0.018,0.0,0.0,,1.03
1788461456.239,idle,6.354,2.24,37.5,1,1,2,6.375,2.225,-39.6,0.0,0.018,0.0,0.0,,1.03
1788461456.292,idle,6.354,2.24,37.5,1,1,2,6.375,2.225,-39.6,0.0,0.018,0.0,0.0,,1.03
1788461456.347,idle,6.354,2.24,37.5,1,1,2,6.375,2.225,-39.6,0.0,0.018,0.0,0.0,,1.03
1788461456.408,idle,6.354,2.24,37.5,1,1,2,6.375,2.225,-39.6,0.0,0.018,0.0,0.0,,1.03
1788461456.466,idle,6.354,2.24,37.5,1,1,2,6.375,2.225,-39.6,0.0,0.018,0.0,0.0,,1.03
1788461456.527,idle,6.354,2.24,37.5,1,1,2,6.375,2.225,-39.6,0.0,0.018,0.0,0.0,,1.03
1788461456.582,idle,6.354,2.24,37.5,1,1,2,6.375,2.225,-39.6,0.0,0.018,0.0,0.0,,1.03
1788461456.633,idle,6.354,2.24,37.5,1,1,2,6.375,2.225,-39.6,0.0,0.018,0.0,0.0,,1.03
1788461456.685,idle,6.354,2.24,37.5,1,1,2,6.375,2.225,-39.6,0.0,0.018,0.0,0.0,,1.03
1788461456.736,idle,6.354,2.24,37.5,1,1,2,6.375,2.225,-39.6,0.0,0.018,0.0,0.0,,1.03
1788461456.788,idle,6.354,2.24,37.5,1,1,2,6.375,2.225,-39.6,0.0,0.018,0.0,0.0,,1.03
1788461456.838,idle,6.354,2.24,37.5,1,1,2,6.375,2.225,-39.6,0.0,0.018,0.0,0.0,,1.03
1788461456.89,idle,6.354,2.24,37.5,1,1,2,6.375,2.225,-39.6,0.0,0.018,0.0,0.0,,1.03
1788461456.939,idle,6.354,2.24,37.5,1,1,2,6.375,2.225,-39.6,0.0,0.018,0.0,0.0,,1.03
1788461456.991,idle,6.354,2.24,37.5,1,1,2,6.375,2.225,-39.6,0.0,0.018,0.0,0.0,,1.03
1788461457.041,idle,6.354,2.24,37.5,1,1,2,6.375,2.225,-39.6,0.0,0.018,0.0,0.0,,1.03
1788461457.093,idle,6.354,2.24,37.5,1,1,2,6.375,2.225,-39.6,0.0,0.018,0.0,0.0,,1.03
1788461457.151,idle,6.354,2.24,37.5,1,1,2,6.375,2.225,-39.6,0.0,0.018,0.0,0.0,,1.03
1788461457.21,idle,6.354,2.24,37.5,1,1,2,6.375,2.225,-39.6,0.0,0.018,0.0,0.0,,1.03
1788461457.267,idle,6.354,2.24,37.5,1,1,2,6.375,2.225,-39.6,0.0,0.018,0.0,0.0,,1.03
1788461457.324,idle,6.354,2.24,37.5,1,1,2,6.375,2.225,-39.6,0.0,0.018,0.0,0.0,,1.03
1788461457.378,idle,6.354,2.24,37.5,1,1,2,6.375,2.225,-39.6,0.0,0.018,0.0,0.0,,1.03
1788461457.43,idle,6.354,2.24,37.5,1,1,2,6.375,2.225,-39.6,0.0,0.018,0.0,0.0,,1.03
1788461457.485,idle,6.354,2.24,37.5,1,1,2,6.375,2.225,-39.6,0.0,0.018,0.0,0.0,,1.03
1788461457.537,idle,6.354,2.24,37.5,1,1,2,6.375,2.225,-39.6,0.0,0.018,0.0,0.0,,1.03
1788461457.591,idle,6.354,2.24,37.5,1,1,2,6.375,2.225,-39.6,0.0,0.018,0.0,0.0,,1.03
1788461457.642,idle,6.354,2.24,37.5,1,1,2,6.375,2.225,-39.6,0.0,0.018,0.0,0.0,,1.03
1788461457.694,idle,6.354,2.24,37.5,1,1,2,6.375,2.225,-39.6,0.0,0.018,0.0,0.0,,1.03
1788461457.744,idle,6.354,2.24,37.5,1,1,2,6.375,2.225,-39.6,0.0,0.018,0.0,0.0,,1.03
1788461457.797,idle,6.354,2.24,37.5,1,1,2,6.375,2.225,-39.6,0.0,0.018,0.0,0.0,,1.03
1788461457.847,idle,6.354,2.24,37.5,1,1,2,6.375,2.225,-39.6,0.0,0.018,0.0,0.0,,1.03
1788461457.903,idle,6.354,2.24,37.5,1,1,2,6.375,2.225,-39.6,0.0,0.018,0.0,0.0,,1.03
1788461457.959,idle,6.354,2.24,37.5,1,1,2,6.375,2.225,-39.6,0.0,0.018,0.0,0.0,,1.03
1788461458.017,idle,6.354,2.24,37.5,1,1,2,6.375,2.225,-39.6,0.0,0.018,0.0,0.0,,1.03
1788461458.074,idle,6.354,2.24,37.5,1,1,2,6.375,2.225,-39.6,0.0,0.018,0.0,0.0,,1.03
1788461458.131,idle,6.354,2.24,37.5,1,1,2,6.375,2.225,-39.6,0.0,0.018,0.0,0.0,,1.03
1788461458.187,idle,6.354,2.24,37.5,1,1,2,6.375,2.225,-39.6,0.0,0.018,0.0,0.0,,1.03
1788461458.239,idle,6.354,2.24,37.5,1,1,2,6.375,2.225,-39.6,0.0,0.018,0.0,0.0,,1.03
1788461458.293,idle,6.354,2.24,37.5,1,1,2,6.375,2.225,-39.6,0.0,0.018,0.0,0.0,,1.03
1788461458.343,idle,6.354,2.24,37.5,1,1,2,6.375,2.225,-39.6,0.0,0.018,0.0,0.0,,1.03
1788461458.395,idle,6.354,2.24,37.5,1,1,2,6.375,2.225,-39.6,0.0,0.018,0.0,0.0,,1.03
1788461458.444,idle,6.354,2.24,37.5,1,1,2,6.375,2.225,-39.6,0.0,0.018,0.0,0.0,,1.03
1788461458.445,idle,6.354,2.24,37.5,1,1,2,6.375,2.225,-39.6,0.0,0.018,0.0,0.0,,1.03
1788461458.548,idle,6.354,2.24,37.5,1,1,2,6.375,2.225,-39.6,0.0,0.018,0.0,0.0,,1.03
1788461458.6,idle,6.354,2.24,37.5,1,1,2,6.375,2.225,-39.6,0.0,0.018,0.0,0.0,,1.03
1788461458.653,idle,6.354,2.24,37.5,1,1,2,6.375,2.225,-39.6,0.0,0.018,0.0,0.0,,1.03
1788461458.711,idle,6.354,2.24,37.5,1,1,2,6.375,2.225,-39.6,0.0,0.018,0.0,0.0,,1.03
1788461458.77,idle,6.354,2.24,37.5,1,1,2,6.375,2.225,-39.6,0.0,0.018,0.0,0.0,,1.03
1788461458.829,idle,6.354,2.24,37.5,1,1,2,6.375,2.225,-39.6,0.0,0.018,0.0,0.0,,1.03
1788461458.89,idle,6.354,2.24,37.5,1,1,2,6.375,2.225,-39.6,0.0,0.018,0.0,0.0,,1.03
1788461458.943,idle,6.354,2.24,37.5,1,1,2,6.375,2.225,-39.6,0.0,0.018,0.0,0.0,,1.03
1788461458.995,idle,6.354,2.24,37.5,1,1,2,6.375,2.225,-39.6,0.0,0.018,0.0,0.0,,1.03
1788461459.044,idle,6.354,2.24,37.5,1,1,2,6.375,2.225,-39.6,0.0,0.018,0.0,0.0,,1.03
1788461459.098,idle,6.354,2.24,37.5,1,1,2,6.375,2.225,-39.6,0.0,0.018,0.0,0.0,,1.03
1788461459.148,idle,6.354,2.24,37.5,1,1,2,6.375,2.225,-39.6,0.0,0.018,0.0,0.0,,1.03
1788461459.201,idle,6.354,2.24,37.5,1,1,2,6.375,2.225,-39.6,0.0,0.018,0.0,0.0,,1.03
1788461459.252,idle,6.354,2.24,37.5,1,1,2,6.375,2.225,-39.6,0.0,0.018,0.0,0.0,,1.03
1788461459.303,idle,6.354,2.24,37.5,1,1,2,6.375,2.225,-39.6,0.0,0.018,0.0,0.0,,1.03
1788461459.353,idle,6.354,2.24,37.5,1,1,2,6.375,2.225,-39.6,0.0,0.018,0.0,0.0,,1.03
1788461459.406,idle,6.354,2.24,37.5,1,1,2,6.375,2.225,-39.6,0.0,0.018,0.0,0.0,,1.03
1788461459.459,idle,6.354,2.24,37.5,1,1,2,6.375,2.225,-39.6,0.0,0.018,0.0,0.0,,1.03
1788461459.52,idle,6.354,2.24,37.5,1,1,2,6.375,2.225,-39.6,0.0,0.018,0.0,0.0,,1.03
1788461459.576,idle,6.354,2.24,37.5,1,1,2,6.375,2.225,-39.6,0.0,0.018,0.0,0.0,,1.03
1788461459.634,idle,6.354,2.24,37.5,1,1,2,6.375,2.225,-39.6,0.0,0.018,0.0,0.0,,1.03
1788461459.689,idle,6.354,2.24,37.5,1,1,2,6.375,2.225,-39.6,0.0,0.018,0.0,0.0,,1.03
1788461459.74,idle,6.354,2.24,37.5,1,1,2,6.375,2.225,-39.6,0.0,0.018,0.0,0.0,,1.03
1788461459.79,idle,6.354,2.24,37.5,1,1,2,6.375,2.225,-39.6,0.0,0.018,0.0,0.0,,1.03
1788461459.841,idle,6.354,2.24,37.5,1,1,2,6.375,2.225,-39.6,0.0,0.018,0.0,0.0,,1.03
1788461459.891,idle,6.354,2.24,37.5,1,1,2,6.375,2.225,-39.6,0.0,0.018,0.0,0.0,,1.03
1788461459.941,idle,6.354,2.24,37.5,1,1,2,6.375,2.225,-39.6,0.0,0.018,0.0,0.0,,1.03
1788461459.994,idle,6.354,2.24,37.5,1,1,2,6.375,2.225,-39.6,0.0,0.018,0.0,0.0,,1.03
1788461460.044,idle,6.354,2.24,37.5,1,1,2,6.375,2.225,-39.6,0.0,0.018,0.0,0.0,,1.03
1788461460.095,idle,6.354,2.24,37.5,1,1,2,6.375,2.225,-39.6,0.0,0.018,0.0,0.0,,1.03
1788461460.148,idle,6.354,2.24,37.5,1,1,2,6.375,2.225,-39.6,0.0,0.018,0.0,0.0,,1.03
1788461460.2,idle,6.354,2.24,37.5,1,1,2,6.375,2.225,-39.6,0.0,0.018,0.0,0.0,,1.03
1788461460.256,idle,6.354,2.24,37.5,1,1,2,6.375,2.225,-39.6,0.0,0.018,0.0,0.0,,1.03
1788461460.314,idle,6.354,2.24,37.5,1,1,2,6.375,2.225,-39.6,0.0,0.018,0.0,0.0,,1.03
1788461460.372,idle,6.354,2.24,37.5,1,1,2,6.375,2.225,-39.6,0.0,0.018,0.0,0.0,,1.03
1788461460.428,idle,6.354,2.24,37.5,1,1,2,6.375,2.225,-39.6,0.0,0.018,0.0,0.0,,1.03
1788461460.486,idle,6.354,2.24,37.5,1,1,2,6.375,2.225,-39.6,0.0,0.018,0.0,0.0,,1.03
1788461460.539,idle,6.354,2.24,37.5,1,1,2,6.375,2.225,-39.6,0.0,0.018,0.0,0.0,,1.03
1788461460.591,idle,6.354,2.24,37.5,1,1,2,6.375,2.225,-39.6,0.0,0.018,0.0,0.0,,1.03
1788461460.641,idle,6.354,2.24,37.5,1,1,2,6.375,2.225,-39.6,0.0,0.018,0.0,0.0,,1.03
1788461460.691,idle,6.354,2.24,37.5,1,1,2,6.375,2.225,-39.6,0.0,0.018,0.0,0.0,,1.03
1788461460.743,idle,6.354,2.24,37.5,1,1,2,6.375,2.225,-39.6,0.0,0.018,0.0,0.0,,1.03
1788461460.797,idle,6.354,2.24,37.5,1,1,2,6.375,2.225,-39.6,0.0,0.018,0.0,0.0,,1.03
1788461460.848,idle,6.354,2.24,37.5,1,1,2,6.375,2.225,-39.6,0.0,0.018,0.0,0.0,,1.03
1788461460.902,idle,6.354,2.24,37.5,1,1,2,6.375,2.225,-39.6,0.0,0.018,0.0,0.0,,1.03
1788461460.951,idle,6.354,2.24,37.5,1,1,2,6.375,2.225,-39.6,0.0,0.018,0.0,0.0,,1.03
1788461461.004,idle,6.354,2.24,37.5,1,1,2,6.375,2.225,-39.6,0.0,0.018,0.0,0.0,,1.03
1788461461.062,idle,6.354,2.24,37.5,1,1,2,6.375,2.225,-39.6,0.0,0.018,0.0,0.0,,1.03
1788461461.124,idle,6.354,2.24,37.5,1,1,2,6.375,2.225,-39.6,0.0,0.018,0.0,0.0,,1.03
1788461461.179,idle,6.354,2.24,37.5,1,1,2,6.375,2.225,-39.6,0.0,0.018,0.0,0.0,,1.03
1788461461.24,idle,6.354,2.24,37.5,1,1,2,6.375,2.225,-39.6,0.0,0.018,0.0,0.0,,1.03
1788461461.294,idle,6.354,2.24,37.5,1,1,2,6.375,2.225,-39.6,0.0,0.018,0.0,0.0,,1.03
1788461461.348,idle,6.354,2.24,37.5,1,1,2,6.375,2.225,-39.6,0.0,0.018,0.0,0.0,,1.03
1788461461.402,idle,6.354,2.24,37.5,1,1,2,6.375,2.225,-39.6,0.0,0.018,0.0,0.0,,1.03
1788461461.452,idle,6.354,2.24,37.5,1,1,2,6.375,2.225,-39.6,0.0,0.018,0.0,0.0,,1.03
1788461461.503,idle,6.354,2.24,37.5,1,1,2,6.375,2.225,-39.6,0.0,0.018,0.0,0.0,,1.03
1788461461.555,idle,6.354,2.24,37.5,1,1,2,6.375,2.225,-39.6,0.0,0.018,0.0,0.0,,1.03
1788461461.605,idle,6.354,2.24,37.5,1,1,2,6.375,2.225,-39.6,0.0,0.018,0.0,0.0,,1.03
1788461461.655,idle,6.354,2.24,37.5,1,1,2,6.375,2.225,-39.6,0.0,0.018,0.0,0.0,,1.03
1788461461.708,idle,6.354,2.24,37.5,1,1,2,6.375,2.225,-39.6,0.0,0.018,0.0,0.0,,1.03
1788461461.761,idle,6.354,2.24,37.5,1,1,2,6.375,2.225,-39.6,0.0,0.018,0.0,0.0,,1.03
1788461461.817,idle,6.354,2.24,37.5,1,1,2,6.375,2.225,-39.6,0.0,0.018,0.0,0.0,,1.03
1788461461.876,idle,6.354,2.24,37.5,1,1,2,6.375,2.225,-39.6,0.0,0.018,0.0,0.0,,1.03
1788461461.935,idle,6.354,2.24,37.5,1,1,2,6.375,2.225,-39.6,0.0,0.018,0.0,0.0,,1.03
1788461461.993,idle,6.354,2.24,37.5,1,1,2,6.375,2.225,-39.6,0.0,0.018,0.0,0.0,,1.03
1788461462.046,idle,6.354,2.24,37.5,1,1,2,6.375,2.225,-39.6,0.0,0.018,0.0,0.0,,1.03
1788461462.102,idle,6.354,2.24,37.5,1,1,2,6.375,2.225,-39.6,0.0,0.018,0.0,0.0,,1.03
1788461462.151,idle,6.354,2.24,37.5,1,1,2,6.375,2.225,-39.6,0.0,0.018,0.0,0.0,,1.03
1788461462.202,idle,6.354,2.24,37.5,1,1,2,6.375,2.225,-39.6,0.0,0.018,0.0,0.0,,1.03
1788461462.255,idle,6.354,2.24,37.5,1,1,2,6.375,2.225,-39.6,0.0,0.018,0.0,0.0,,1.03
1788461462.309,idle,6.354,2.24,37.5,1,1,2,6.375,2.225,-39.6,0.0,0.018,0.0,0.0,,1.03
1788461462.359,idle,6.354,2.24,37.5,1,1,2,6.375,2.225,-39.6,0.0,0.018,0.0,0.0,,1.03
1788461462.413,idle,6.354,2.24,37.5,1,1,2,6.375,2.225,-39.6,0.0,0.018,0.0,0.0,,1.03
1788461462.466,idle,6.354,2.24,37.5,1,1,2,6.375,2.225,-39.6,0.0,0.018,0.0,0.0,,1.03
1788461462.519,idle,6.354,2.24,37.5,1,1,2,6.375,2.225,-39.6,0.0,0.018,0.0,0.0,,1.03
1788461462.568,idle,6.354,2.24,37.5,1,1,2,6.375,2.225,-39.6,0.0,0.018,0.0,0.0,,1.03
1788461462.627,idle,6.354,2.24,37.5,1,1,2,6.375,2.225,-39.6,0.0,0.018,0.0,0.0,,1.03
1788461462.684,idle,6.354,2.24,37.5,1,1,2,6.375,2.225,-39.6,0.0,0.018,0.0,0.0,,1.03
1788461462.74,idle,6.354,2.24,37.5,1,1,2,6.375,2.225,-39.6,0.0,0.018,0.0,0.0,,1.03
1788461462.798,idle,6.354,2.24,37.5,1,1,2,6.375,2.225,-39.6,0.0,0.018,0.0,0.0,,1.03
1788461462.849,idle,6.354,2.24,37.5,1,1,2,6.375,2.225,-39.6,0.0,0.018,0.0,0.0,,1.03
1788461462.899,idle,6.354,2.24,37.5,1,1,2,6.375,2.225,-39.6,0.0,0.018,0.0,0.0,,1.03
1788461462.951,idle,6.354,2.24,37.5,1,1,2,6.375,2.225,-39.6,0.0,0.018,0.0,0.0,,1.03
1788461463.003,idle,6.354,2.24,37.5,1,1,2,6.375,2.225,-39.6,0.0,0.018,0.0,0.0,,1.03
1788461463.055,idle,6.354,2.24,37.5,1,1,2,6.375,2.225,-39.6,0.0,0.018,0.0,0.0,,1.03
1788461463.106,idle,6.354,2.24,37.5,1,1,2,6.375,2.225,-39.6,0.0,0.018,0.0,0.0,,1.03
1788461463.156,idle,6.354,2.24,37.5,1,1,2,6.375,2.225,-39.6,0.0,0.018,0.0,0.0,,1.03
1788461463.207,idle,6.354,2.24,37.5,1,1,2,6.375,2.225,-39.6,0.0,0.018,0.0,0.0,,1.03
1788461463.258,idle,6.354,2.24,37.5,1,1,2,6.375,2.225,-39.6,0.0,0.018,0.0,0.0,,1.03
1788461463.307,idle,6.354,2.24,37.5,1,1,2,6.375,2.225,-39.6,0.0,0.018,0.0,0.0,,1.03
1788461463.36,idle,6.354,2.24,37.5,1,1,2,6.375,2.225,-39.6,0.0,0.018,0.0,0.0,,1.03
1788461463.418,idle,6.354,2.24,37.5,1,1,2,6.375,2.225,-39.6,0.0,0.018,0.0,0.0,,1.03
1788461463.477,idle,6.354,2.24,37.5,1,1,2,6.375,2.225,-39.6,0.0,0.018,0.0,0.0,,1.03
1788461463.534,idle,6.354,2.24,37.5,1,1,2,6.375,2.225,-39.6,0.0,0.018,0.0,0.0,,1.03
1788461463.591,idle,6.354,2.24,37.5,1,1,2,6.375,2.225,-39.6,0.0,0.018,0.0,0.0,,1.03
1788461463.641,idle,6.354,2.24,37.5,1,1,2,6.375,2.225,-39.6,0.0,0.018,0.0,0.0,,1.03
1788461463.691,idle,6.354,2.24,37.5,1,1,2,6.375,2.225,-39.6,0.0,0.018,0.0,0.0,,1.03
1788461463.741,idle,6.354,2.24,37.5,1,1,2,6.375,2.225,-39.6,0.0,0.018,0.0,0.0,,1.03
1788461463.795,idle,6.354,2.24,37.5,1,1,2,6.375,2.225,-39.6,0.0,0.018,0.0,0.0,,1.03
1788461463.845,idle,6.354,2.24,37.5,1,1,2,6.375,2.225,-39.6,0.0,0.018,0.0,0.0,,1.03
1788461463.899,idle,6.354,2.24,37.5,1,1,2,6.375,2.225,-39.6,0.0,0.018,0.0,0.0,,1.03
1788461463.951,idle,6.354,2.24,37.5,1,1,2,6.375,2.225,-39.6,0.0,0.018,0.0,0.0,,1.03
1788461464.006,idle,6.354,2.24,37.5,1,1,2,6.375,2.225,-39.6,0.0,0.018,0.0,0.0,,1.03
1788461464.055,idle,6.354,2.24,37.5,1,1,2,6.375,2.225,-39.6,0.0,0.018,0.0,0.0,,1.03
1788461464.109,idle,6.354,2.24,37.5,1,1,2,6.375,2.225,-39.6,0.0,0.018,0.0,0.0,,1.03
1788461464.166,idle,6.354,2.24,37.5,1,1,2,6.375,2.225,-39.6,0.0,0.018,0.0,0.0,,1.03
1788461464.226,idle,6.354,2.24,37.5,1,1,2,6.375,2.225,-39.6,0.0,0.018,0.0,0.0,,1.03
1788461464.288,idle,6.354,2.24,37.5,1,1,2,6.375,2.225,-39.6,0.0,0.018,0.0,0.0,,1.03
1788461464.348,idle,6.354,2.24,37.5,1,1,2,6.375,2.225,-39.6,0.0,0.018,0.0,0.0,,1.03
1788461464.403,idle,6.354,2.24,37.5,1,1,2,6.375,2.225,-39.6,0.0,0.018,0.0,0.0,,1.03
1788461464.454,idle,6.354,2.24,37.5,1,1,2,6.375,2.225,-39.6,0.0,0.018,0.0,0.0,,1.03
1788461464.506,idle,6.354,2.24,37.5,1,1,2,6.375,2.225,-39.6,0.0,0.018,0.0,0.0,,1.03
1788461464.556,idle,6.354,2.24,37.5,1,1,2,6.375,2.225,-39.6,0.0,0.018,0.0,0.0,,1.03
1788461464.606,idle,6.354,2.24,37.5,1,1,2,6.375,2.225,-39.6,0.0,0.018,0.0,0.0,,1.03
1788461464.657,idle,6.354,2.24,37.5,1,1,2,6.375,2.225,-39.6,0.0,0.018,0.0,0.0,,1.03
1788461464.708,idle,6.354,2.24,37.5,1,1,2,6.375,2.225,-39.6,0.0,0.018,0.0,0.0,,1.03
1788461464.76,idle,6.354,2.24,37.5,1,1,2,6.375,2.225,-39.6,0.0,0.018,0.0,0.0,,1.03
1788461464.814,idle,6.354,2.24,37.5,1,1,2,6.375,2.225,-39.6,0.0,0.018,0.0,0.0,,1.03
1788461464.866,idle,6.354,2.24,37.5,1,1,2,6.375,2.225,-39.6,0.0,0.018,0.0,0.0,,1.03
1788461464.922,idle,6.354,2.24,37.5,1,1,2,6.375,2.225,-39.6,0.0,0.018,0.0,0.0,,1.03
1788461464.98,idle,6.354,2.24,37.5,1,1,2,6.375,2.225,-39.6,0.0,0.018,0.0,0.0,,1.03
1788461465.034,idle,6.354,2.24,37.5,1,1,2,6.375,2.225,-39.6,0.0,0.018,0.0,0.0,,1.03
1788461465.089,idle,6.354,2.24,37.5,1,1,2,6.375,2.225,-39.6,0.0,0.018,0.0,0.0,,1.03
1788461465.142,idle,6.354,2.24,37.5,1,1,2,6.375,2.225,-39.6,0.0,0.018,0.0,0.0,,1.03
1788461465.196,idle,6.354,2.24,37.5,1,1,2,6.375,2.225,-39.6,0.0,0.018,0.0,0.0,,1.03
1788461465.246,idle,6.354,2.24,37.5,1,1,2,6.375,2.225,-39.6,0.0,0.018,0.0,0.0,,1.03
1788461465.301,idle,6.354,2.24,37.5,1,1,2,6.375,2.225,-39.6,0.0,0.018,0.0,0.0,,1.03
1788461465.351,idle,6.354,2.24,37.5,1,1,2,6.375,2.225,-39.6,0.0,0.018,0.0,0.0,,1.03
1788461465.405,idle,6.354,2.24,37.5,1,1,2,6.375,2.225,-39.6,0.0,0.018,0.0,0.0,,1.03
1788461465.455,idle,6.354,2.24,37.5,1,1,2,6.375,2.225,-39.6,0.0,0.018,0.0,0.0,,1.03
1788461465.509,idle,6.354,2.24,37.5,1,1,2,6.375,2.225,-39.6,0.0,0.018,0.0,0.0,,1.03
1788461465.559,idle,6.354,2.24,37.5,1,1,2,6.375,2.225,-39.6,0.0,0.018,0.0,0.0,,1.03
1788461465.613,idle,6.354,2.24,37.5,1,1,2,6.375,2.225,-39.6,0.0,0.018,0.0,0.0,,1.03
1788461465.663,idle,6.354,2.24,37.5,1,1,2,6.375,2.225,-39.6,0.0,0.018,0.0,0.0,,1.03
1788461465.72,idle,6.354,2.24,37.5,1,1,2,6.375,2.225,-39.6,0.0,0.018,0.0,0.0,,1.03
1788461465.78,idle,6.354,2.24,37.5,1,1,2,6.375,2.225,-39.6,0.0,0.018,0.0,0.0,,1.03
1788461465.835,idle,6.354,2.24,37.5,1,1,2,6.375,2.225,-39.6,0.0,0.018,0.0,0.0,,1.03
1788461465.89,idle,6.354,2.24,37.5,1,1,2,6.375,2.225,-39.6,0.0,0.018,0.0,0.0,,1.03
1788461465.946,idle,6.354,2.24,37.5,1,1,2,6.375,2.225,-39.6,0.0,0.018,0.0,0.0,,1.03
1788461465.997,idle,6.354,2.24,37.5,1,1,2,6.375,2.225,-39.6,0.0,0.018,0.0,0.0,,1.03
1788461466.047,idle,6.354,2.24,37.5,1,1,2,6.375,2.225,-39.6,0.0,0.018,0.0,0.0,,1.03
1788461466.1,idle,6.354,2.24,37.5,1,1,2,6.375,2.225,-39.6,0.0,0.018,0.0,0.0,,1.03
1788461466.152,idle,6.354,2.24,37.5,1,1,2,6.375,2.225,-39.6,0.0,0.018,0.0,0.0,,1.03
1788461466.205,idle,6.354,2.24,37.5,1,1,2,6.375,2.225,-39.6,0.0,0.018,0.0,0.0,,1.03
1788461466.257,idle,6.354,2.24,37.5,1,1,2,6.375,2.225,-39.6,0.0,0.018,0.0,0.0,,1.03
1788461466.308,idle,6.354,2.24,37.5,1,1,2,6.375,2.225,-39.6,0.0,0.018,0.0,0.0,,1.03
1788461466.36,idle,6.354,2.24,37.5,1,1,2,6.375,2.225,-39.6,0.0,0.018,0.0,0.0,,1.03
1788461466.412,idle,6.354,2.24,37.5,1,1,2,6.375,2.225,-39.6,0.0,0.018,0.0,0.0,,1.03
1788461466.465,idle,6.354,2.24,37.5,1,1,2,6.375,2.225,-39.6,0.0,0.018,0.0,0.0,,1.03
1788461466.521,idle,6.354,2.24,37.5,1,1,2,6.375,2.225,-39.6,0.0,0.018,0.0,0.0,,1.03
1788461466.577,idle,6.354,2.24,37.5,1,1,2,6.375,2.225,-39.6,0.0,0.018,0.0,0.0,,1.03
1788461466.632,idle,6.354,2.24,37.5,1,1,2,6.375,2.225,-39.6,0.0,0.018,0.0,0.0,,1.03
1788461466.689,idle,6.354,2.24,37.5,1,1,2,6.375,2.225,-39.6,0.0,0.018,0.0,0.0,,1.03
1788461466.741,idle,6.354,2.24,37.5,1,1,2,6.375,2.225,-39.6,0.0,0.018,0.0,0.0,,1.03
1788461466.793,idle,6.354,2.24,37.5,1,1,2,6.375,2.225,-39.6,0.0,0.018,0.0,0.0,,1.03
1788461466.843,idle,6.354,2.24,37.5,1,1,2,6.375,2.225,-39.6,0.0,0.018,0.0,0.0,,1.03
1788461466.893,idle,6.354,2.24,37.5,1,1,2,6.375,2.225,-39.6,0.0,0.018,0.0,0.0,,1.03
1788461466.943,idle,6.354,2.24,37.5,1,1,2,6.375,2.225,-39.6,0.0,0.018,0.0,0.0,,1.03
1788461466.995,idle,6.354,2.24,37.5,1,1,2,6.375,2.225,-39.6,0.0,0.018,0.0,0.0,,1.03
1788461467.045,idle,6.354,2.24,37.5,1,1,2,6.375,2.225,-39.6,0.0,0.018,0.0,0.0,,1.03
1788461467.097,idle,6.354,2.24,37.5,1,1,2,6.375,2.225,-39.6,0.0,0.018,0.0,0.0,,1.03
1788461467.148,idle,6.354,2.24,37.5,1,1,2,6.375,2.225,-39.6,0.0,0.018,0.0,0.0,,1.03
1788461467.201,idle,6.354,2.24,37.5,1,1,2,6.375,2.225,-39.6,0.0,0.018,0.0,0.0,,1.03
1788461467.253,idle,6.354,2.24,37.5,1,1,2,6.375,2.225,-39.6,0.0,0.018,0.0,0.0,,1.03
1788461467.319,idle,6.354,2.24,37.5,1,1,2,6.375,2.225,-39.6,0.0,0.018,0.0,0.0,,1.03
1788461467.373,idle,6.354,2.24,37.5,1,1,2,6.375,2.225,-39.6,0.0,0.018,0.0,0.0,,1.03
1788461467.431,idle,6.354,2.24,37.5,1,1,2,6.375,2.225,-39.6,0.0,0.018,0.0,0.0,,1.03
1788461467.487,idle,6.354,2.24,37.5,1,1,2,6.375,2.225,-39.6,0.0,0.018,0.0,0.0,,1.03
1788461467.54,idle,6.354,2.24,37.5,1,1,2,6.375,2.225,-39.6,0.0,0.018,0.0,0.0,,1.03
1788461467.592,idle,6.354,2.24,37.5,1,1,2,6.375,2.225,-39.6,0.0,0.018,0.0,0.0,,1.03
1788461467.644,idle,6.354,2.24,37.5,1,1,2,6.375,2.225,-39.6,0.0,0.018,0.0,0.0,,1.03
1788461467.695,idle,6.354,2.24,37.5,1,1,2,6.375,2.225,-39.6,0.0,0.018,0.0,0.0,,1.03
1788461467.745,idle,6.354,2.24,37.5,1,1,2,6.375,2.225,-39.6,0.0,0.018,0.0,0.0,,1.03
1788461467.797,idle,6.354,2.24,37.5,1,1,2,6.375,2.225,-39.6,0.0,0.018,0.0,0.0,,1.03
1788461467.849,idle,6.354,2.24,37.5,1,1,2,6.375,2.225,-39.6,0.0,0.018,0.0,0.0,,1.03
1788461467.9,idle,6.354,2.24,37.5,1,1,2,6.375,2.225,-39.6,0.0,0.018,0.0,0.0,,1.03
1788461467.952,idle,6.354,2.24,37.5,1,1,2,6.375,2.225,-39.6,0.0,0.018,0.0,0.0,,1.03
1788461468.006,idle,6.354,2.24,37.5,1,1,2,6.375,2.225,-39.6,0.0,0.018,0.0,0.0,,1.03
1788461468.064,idle,6.354,2.24,37.5,1,1,2,6.375,2.225,-39.6,0.0,0.018,0.0,0.0,,1.03
1788461468.125,idle,6.354,2.24,37.5,1,1,2,6.375,2.225,-39.6,0.0,0.018,0.0,0.0,,1.03
1788461468.185,idle,6.354,2.24,37.5,1,1,2,6.375,2.225,-39.6,0.0,0.018,0.0,0.0,,1.03
1788461468.242,idle,6.354,2.24,37.5,1,1,2,6.375,2.225,-39.6,0.0,0.018,0.0,0.0,,1.03
1788461468.294,idle,6.354,2.24,37.5,1,1,2,6.375,2.225,-39.6,0.0,0.018,0.0,0.0,,1.03
1788461468.345,idle,6.354,2.24,37.5,1,1,2,6.375,2.225,-39.6,0.0,0.018,0.0,0.0,,1.03
1788461468.397,idle,6.354,2.24,37.5,1,1,2,6.375,2.225,-39.6,0.0,0.018,0.0,0.0,,1.03
1788461468.448,idle,6.354,2.24,37.5,1,1,2,6.375,2.225,-39.6,0.0,0.018,0.0,0.0,,1.03
1788461468.501,idle,6.354,2.24,37.5,1,1,2,6.375,2.225,-39.6,0.0,0.018,0.0,0.0,,1.03
1788461468.552,idle,6.354,2.24,37.5,1,1,2,6.375,2.225,-39.6,0.0,0.018,0.0,0.0,,1.03
1788461468.603,idle,6.354,2.24,37.5,1,1,2,6.375,2.225,-39.6,0.0,0.018,0.0,0.0,,1.03
1788461468.654,idle,6.354,2.24,37.5,1,1,2,6.375,2.225,-39.6,0.0,0.018,0.0,0.0,,1.03
1788461468.708,idle,6.354,2.24,37.5,1,1,2,6.375,2.225,-39.6,0.0,0.018,0.0,0.0,,1.03
1788461468.758,idle,6.354,2.24,37.5,1,1,2,6.375,2.225,-39.6,0.0,0.018,0.0,0.0,,1.03
1788461468.815,idle,6.354,2.24,37.5,1,1,2,6.375,2.225,-39.6,0.0,0.018,0.0,0.0,,1.03
1788461468.869,idle,6.354,2.24,37.5,1,1,2,6.375,2.225,-39.6,0.0,0.018,0.0,0.0,,1.03
1788461468.923,idle,6.354,2.24,37.5,1,1,2,6.375,2.225,-39.6,0.0,0.018,0.0,0.0,,1.03
1788461468.981,idle,6.354,2.24,37.5,1,1,2,6.375,2.225,-39.6,0.0,0.018,0.0,0.0,,1.03
1788461469.039,idle,6.354,2.24,37.5,1,1,2,6.375,2.225,-39.6,0.0,0.018,0.0,0.0,,1.03
1788461469.091,idle,6.354,2.24,37.5,1,1,2,6.375,2.225,-39.6,0.0,0.018,0.0,0.0,,1.03
1788461469.144,idle,6.354,2.24,37.5,1,1,2,6.375,2.225,-39.6,0.0,0.018,0.0,0.0,,1.03
1788461469.195,idle,6.354,2.24,37.5,1,1,2,6.375,2.225,-39.6,0.0,0.018,0.0,0.0,,1.03
1788461469.245,idle,6.354,2.24,37.5,1,1,2,6.375,2.225,-39.6,0.0,0.018,0.0,0.0,,1.03
1788461469.297,idle,6.354,2.24,37.5,1,1,2,6.375,2.225,-39.6,0.0,0.018,0.0,0.0,,1.03
1788461469.35,idle,6.354,2.24,37.5,1,1,2,6.375,2.225,-39.6,0.0,0.018,0.0,0.0,,1.03
1788461469.403,idle,6.354,2.24,37.5,1,1,2,6.375,2.225,-39.6,0.0,0.018,0.0,0.0,,1.03
1788461469.454,idle,6.354,2.24,37.5,1,1,2,6.375,2.225,-39.6,0.0,0.018,0.0,0.0,,1.03
1788461469.504,idle,6.354,2.24,37.5,1,1,2,6.375,2.225,-39.6,0.0,0.018,0.0,0.0,,1.03
1788461469.556,idle,6.354,2.24,37.5,1,1,2,6.375,2.225,-39.6,0.0,0.018,0.0,0.0,,1.03
1788461469.61,idle,6.354,2.24,37.5,1,1,2,6.375,2.225,-39.6,0.0,0.018,0.0,0.0,,1.03
1788461469.665,idle,6.354,2.24,37.5,1,1,2,6.375,2.225,-39.6,0.0,0.018,0.0,0.0,,1.03
1788461469.724,idle,6.354,2.24,37.5,1,1,2,6.375,2.225,-39.6,0.0,0.018,0.0,0.0,,1.03
1788461469.781,idle,6.354,2.24,37.5,1,1,2,6.375,2.225,-39.6,0.0,0.018,0.0,0.0,,1.03
1788461469.832,idle,6.354,2.24,37.5,1,1,2,6.375,2.225,-39.6,0.0,0.018,0.0,0.0,,1.03
1788461469.884,idle,6.354,2.24,37.5,1,1,2,6.375,2.225,-39.6,0.0,0.018,0.0,0.0,,1.03
1788461469.936,idle,6.354,2.24,37.5,1,1,2,6.375,2.225,-39.6,0.0,0.018,0.0,0.0,,1.03
1788461469.994,idle,6.354,2.24,37.5,1,1,2,6.375,2.225,-39.6,0.0,0.018,0.0,0.0,,1.03
1788461470.046,idle,6.354,2.24,37.5,1,1,2,6.375,2.225,-39.6,0.0,0.018,0.0,0.0,,1.03
1788461470.102,idle,6.354,2.24,37.5,1,1,2,6.375,2.225,-39.6,0.0,0.018,0.0,0.0,,1.03
1788461470.156,idle,6.354,2.24,37.5,1,1,2,6.375,2.225,-39.6,0.0,0.018,0.0,0.0,,1.03
1788461470.211,idle,6.354,2.24,37.5,1,1,2,6.375,2.225,-39.6,0.0,0.018,0.0,0.0,,1.03
1788461470.262,idle,6.354,2.24,37.5,1,1,2,6.375,2.225,-39.6,0.0,0.018,0.0,0.0,,1.03
1788461470.318,idle,6.354,2.24,37.5,1,1,2,6.375,2.225,-39.6,0.0,0.018,0.0,0.0,,1.03
1788461470.374,idle,6.354,2.24,37.5,1,1,2,6.375,2.225,-39.6,0.0,0.018,0.0,0.0,,1.03
1788461470.434,idle,6.354,2.24,37.5,1,1,2,6.375,2.225,-39.6,0.0,0.018,0.0,0.0,,1.03
1788461470.494,idle,6.354,2.24,37.5,1,1,2,6.375,2.225,-39.6,0.0,0.018,0.0,0.0,,1.03
1788461470.555,idle,6.354,2.24,37.5,1,1,2,6.375,2.225,-39.6,0.0,0.018,0.0,0.0,,1.03
1788461470.611,idle,6.354,2.24,37.5,1,1,2,6.375,2.225,-39.6,0.0,0.018,0.0,0.0,,1.03
1788461470.665,idle,6.354,2.24,37.5,1,1,2,6.375,2.225,-39.6,0.0,0.018,0.0,0.0,,1.03
1788461470.719,idle,6.354,2.24,37.5,1,1,2,6.375,2.225,-39.6,0.0,0.018,0.0,0.0,,1.03
1788461470.769,idle,6.354,2.24,37.5,1,1,2,6.375,2.225,-39.6,0.0,0.018,0.0,0.0,,1.03
1788461470.823,idle,6.354,2.24,37.5,1,1,2,6.375,2.225,-39.6,0.0,0.018,0.0,0.0,,1.03
1788461470.878,idle,6.354,2.24,37.5,1,1,2,6.375,2.225,-39.6,0.0,0.018,0.0,0.0,,1.03
1788461470.928,idle,6.354,2.24,37.5,1,1,2,6.375,2.225,-39.6,0.0,0.018,0.0,0.0,,1.03
1788461470.979,idle,6.354,2.24,37.5,1,1,2,6.375,2.225,-39.6,0.0,0.018,0.0,0.0,,1.03
1788461471.03,idle,6.354,2.24,37.5,1,1,2,6.375,2.225,-39.6,0.0,0.018,0.0,0.0,,1.03
1788461471.081,idle,6.354,2.24,37.5,1,1,2,6.375,2.225,-39.6,0.0,0.018,0.0,0.0,,1.03
1788461471.135,idle,6.354,2.24,37.5,1,1,2,6.375,2.225,-39.6,0.0,0.018,0.0,0.0,,1.03
1788461471.19,idle,6.354,2.24,37.5,1,1,2,6.375,2.225,-39.6,0.0,0.018,0.0,0.0,,1.03
1788461471.242,idle,6.354,2.24,37.5,1,1,2,6.375,2.225,-39.6,0.0,0.018,0.0,0.0,,1.03
1788461471.302,idle,6.354,2.24,37.5,1,1,2,6.375,2.225,-39.6,0.0,0.018,0.0,0.0,,1.03
1788461471.355,idle,6.354,2.24,37.5,1,1,2,6.375,2.225,-39.6,0.0,0.018,0.0,0.0,,1.03
1788461471.409,idle,6.354,2.24,37.5,1,1,2,6.375,2.225,-39.6,0.0,0.018,0.0,0.0,,1.03
1788461471.459,idle,6.354,2.24,37.5,1,1,2,6.375,2.225,-39.6,0.0,0.018,0.0,0.0,,1.03
1788461471.51,idle,6.354,2.24,37.5,1,1,2,6.375,2.225,-39.6,0.0,0.018,0.0,0.0,,1.03
1788461471.561,idle,6.354,2.24,37.5,1,1,2,6.375,2.225,-39.6,0.0,0.018,0.0,0.0,,1.03
1788461471.612,idle,6.354,2.24,37.5,1,1,2,6.375,2.225,-39.6,0.0,0.018,0.0,0.0,,1.03
1788461471.662,idle,6.354,2.24,37.5,1,1,2,6.375,2.225,-39.6,0.0,0.018,0.0,0.0,,1.03
1788461471.715,idle,6.354,2.24,37.5,1,1,2,6.375,2.225,-39.6,0.0,0.018,0.0,0.0,,1.03
1788461471.765,idle,6.354,2.24,37.5,1,1,2,6.375,2.225,-39.6,0.0,0.018,0.0,0.0,,1.03
1788461471.816,idle,6.354,2.24,37.5,1,1,2,6.375,2.225,-39.6,0.0,0.018,0.0,0.0,,1.03
1788461471.866,idle,6.354,2.24,37.5,1,1,2,6.375,2.225,-39.6,0.0,0.018,0.0,0.0,,1.03
1788461471.922,idle,6.354,2.24,37.5,1,1,2,6.375,2.225,-39.6,0.0,0.018,0.0,0.0,,1.03
1788461471.976,idle,6.354,2.24,37.5,1,1,2,6.375,2.225,-39.6,0.0,0.018,0.0,0.0,,1.03
1788461472.036,idle,6.354,2.24,37.5,1,1,2,6.375,2.225,-39.6,0.0,0.018,0.0,0.0,,1.03
1788461472.093,idle,6.354,2.24,37.5,1,1,2,6.375,2.225,-39.6,0.0,0.018,0.0,0.0,,1.03
1788461472.151,idle,6.354,2.24,37.5,1,1,2,6.375,2.225,-39.6,0.0,0.018,0.0,0.0,,1.03
1788461472.203,idle,6.354,2.24,37.5,1,1,2,6.375,2.225,-39.6,0.0,0.018,0.0,0.0,,1.03
1788461472.255,idle,6.354,2.24,37.5,1,1,2,6.375,2.225,-39.6,0.0,0.018,0.0,0.0,,1.03
1788461472.307,idle,6.354,2.24,37.5,1,1,2,6.375,2.225,-39.6,0.0,0.018,0.0,0.0,,1.03
1788461472.358,idle,6.354,2.24,37.5,1,1,2,6.375,2.225,-39.6,0.0,0.018,0.0,0.0,,1.03
1788461472.41,idle,6.354,2.24,37.5,1,1,2,6.375,2.225,-39.6,0.0,0.018,0.0,0.0,,1.03
1788461472.461,idle,6.354,2.24,37.5,1,1,2,6.375,2.225,-39.6,0.0,0.018,0.0,0.0,,1.03
1788461472.511,idle,6.354,2.24,37.5,1,1,2,6.375,2.225,-39.6,0.0,0.018,0.0,0.0,,1.03
1788461472.564,idle,6.354,2.24,37.5,1,1,2,6.375,2.225,-39.6,0.0,0.018,0.0,0.0,,1.03
1788461472.616,idle,6.354,2.24,37.5,1,1,2,6.375,2.225,-39.6,0.0,0.018,0.0,0.0,,1.03
1788461472.67,idle,6.354,2.24,37.5,1,1,2,6.375,2.225,-39.6,0.0,0.018,0.0,0.0,,1.03
1788461472.724,idle,6.354,2.24,37.5,1,1,2,6.375,2.225,-39.6,0.0,0.018,0.0,0.0,,1.03
1788461472.784,idle,6.354,2.24,37.5,1,1,2,6.375,2.225,-39.6,0.0,0.018,0.0,0.0,,1.03
1788461472.837,idle,6.354,2.24,37.5,1,1,2,6.375,2.225,-39.6,0.0,0.018,0.0,0.0,,1.03
1788461472.9,idle,6.354,2.24,37.5,1,1,2,6.375,2.225,-39.6,0.0,0.018,0.0,0.0,,1.03
1788461472.953,idle,6.354,2.24,37.5,1,1,2,6.375,2.225,-39.6,0.0,0.018,0.0,0.0,,1.03
1788461473.006,idle,6.354,2.24,37.5,1,1,2,6.375,2.225,-39.6,0.0,0.018,0.0,0.0,,1.03
1788461473.059,idle,6.354,2.24,37.5,1,1,2,6.375,2.225,-39.6,0.0,0.018,0.0,0.0,,1.03
1788461473.111,idle,6.354,2.24,37.5,1,1,2,6.375,2.225,-39.6,0.0,0.018,0.0,0.0,,1.03
1788461473.163,idle,6.354,2.24,37.5,1,1,2,6.375,2.225,-39.6,0.0,0.018,0.0,0.0,,1.03
1788461473.214,idle,6.354,2.24,37.5,1,1,2,6.375,2.225,-39.6,0.0,0.018,0.0,0.0,,1.03
1788461473.266,idle,6.354,2.24,37.5,1,1,2,6.375,2.225,-39.6,0.0,0.018,0.0,0.0,,1.03
1788461473.319,idle,6.354,2.24,37.5,1,1,2,6.375,2.225,-39.6,0.0,0.018,0.0,0.0,,1.03
1788461473.369,idle,6.354,2.24,37.5,1,1,2,6.375,2.225,-39.6,0.0,0.018,0.0,0.0,,1.03
1788461473.421,idle,6.354,2.24,37.5,1,1,2,6.375,2.225,-39.6,0.0,0.018,0.0,0.0,,1.03
1788461473.471,idle,6.354,2.24,37.5,1,1,2,6.375,2.225,-39.6,0.0,0.018,0.0,0.0,,1.03
1788461473.526,idle,6.354,2.24,37.5,1,1,2,6.375,2.225,-39.6,0.0,0.018,0.0,0.0,,1.03
1788461473.583,idle,6.354,2.24,37.5,1,1,2,6.375,2.225,-39.6,0.0,0.018,0.0,0.0,,1.03
1788461473.643,idle,6.354,2.24,37.5,1,1,2,6.375,2.225,-39.6,0.0,0.018,0.0,0.0,,1.03
1788461473.697,idle,6.354,2.24,37.5,1,1,2,6.375,2.225,-39.6,0.0,0.018,0.0,0.0,,1.03
1788461473.746,idle,6.354,2.24,37.5,1,1,2,6.375,2.225,-39.6,0.0,0.018,0.0,0.0,,1.03
1788461473.797,idle,6.354,2.24,37.5,1,1,2,6.375,2.225,-39.6,0.0,0.018,0.0,0.0,,1.03
1788461473.849,idle,6.354,2.24,37.5,1,1,2,6.375,2.225,-39.6,0.0,0.018,0.0,0.0,,1.03
1788461473.9,idle,6.354,2.24,37.5,1,1,2,6.375,2.225,-39.6,0.0,0.018,0.0,0.0,,1.03
1788461473.952,idle,6.354,2.24,37.5,1,1,2,6.375,2.225,-39.6,0.0,0.018,0.0,0.0,,1.03
1788461474.003,idle,6.354,2.24,37.5,1,1,2,6.375,2.225,-39.6,0.0,0.018,0.0,0.0,,1.03
1788461474.054,idle,6.354,2.24,37.5,1,1,2,6.375,2.225,-39.6,0.0,0.018,0.0,0.0,,1.03
1788461474.106,idle,6.354,2.24,37.5,1,1,2,6.375,2.225,-39.6,0.0,0.018,0.0,0.0,,1.03
1788461474.16,idle,6.354,2.24,37.5,1,1,2,6.375,2.225,-39.6,0.0,0.018,0.0,0.0,,1.03
1788461474.212,idle,6.354,2.24,37.5,1,1,2,6.375,2.225,-39.6,0.0,0.018,0.0,0.0,,1.03
1788461474.265,idle,6.354,2.24,37.5,1,1,2,6.375,2.225,-39.6,0.0,0.018,0.0,0.0,,1.03
1788461474.321,idle,6.354,2.24,37.5,1,1,2,6.375,2.225,-39.6,0.0,0.018,0.0,0.0,,1.03
1788461474.38,idle,6.354,2.24,37.5,1,1,2,6.375,2.225,-39.6,0.0,0.018,0.0,0.0,,1.03
1788461474.435,idle,6.354,2.24,37.5,1,1,2,6.375,2.225,-39.6,0.0,0.018,0.0,0.0,,1.03
1788461474.492,idle,6.354,2.24,37.5,1,1,2,6.375,2.225,-39.6,0.0,0.018,0.0,0.0,,1.03
1788461474.544,idle,6.354,2.24,37.5,1,1,2,6.375,2.225,-39.6,0.0,0.018,0.0,0.0,,1.03
1788461474.597,idle,6.354,2.24,37.5,1,1,2,6.375,2.225,-39.6,0.0,0.018,0.0,0.0,,1.03
1788461474.648,idle,6.354,2.24,37.5,1,1,2,6.375,2.225,-39.6,0.0,0.018,0.0,0.0,,1.03
1788461474.701,idle,6.354,2.24,37.5,1,1,2,6.375,2.225,-39.6,0.0,0.018,0.0,0.0,,1.03
1788461474.751,idle,6.354,2.24,37.5,1,1,2,6.375,2.225,-39.6,0.0,0.018,0.0,0.0,,1.03
1788461474.802,idle,6.354,2.24,37.5,1,1,2,6.375,2.225,-39.6,0.0,0.018,0.0,0.0,,1.03
1788461474.852,idle,6.354,2.24,37.5,1,1,2,6.375,2.225,-39.6,0.0,0.018,0.0,0.0,,1.03
1788461474.903,idle,6.354,2.24,37.5,1,1,2,6.375,2.225,-39.6,0.0,0.018,0.0,0.0,,1.03
1788461474.954,idle,6.354,2.24,37.5,1,1,2,6.375,2.225,-39.6,0.0,0.018,0.0,0.0,,1.03
1788461475.005,idle,6.354,2.24,37.5,1,1,2,6.375,2.225,-39.6,0.0,0.018,0.0,0.0,,1.03
1788461475.056,idle,6.354,2.24,37.5,1,1,2,6.375,2.225,-39.6,0.0,0.018,0.0,0.0,,1.03
1788461475.115,idle,6.354,2.24,37.5,1,1,2,6.375,2.225,-39.6,0.0,0.018,0.0,0.0,,1.03
1788461475.171,idle,6.354,2.24,37.5,1,1,2,6.375,2.225,-39.6,0.0,0.018,0.0,0.0,,1.03
1788461475.231,idle,6.354,2.24,37.5,1,1,2,6.375,2.225,-39.6,0.0,0.018,0.0,0.0,,1.03
1788461475.289,idle,6.354,2.24,37.5,1,1,2,6.375,2.225,-39.6,0.0,0.018,0.0,0.0,,1.03
1788461475.34,idle,6.354,2.24,37.5,1,1,2,6.375,2.225,-39.6,0.0,0.018,0.0,0.0,,1.03
1788461475.394,idle,6.354,2.24,37.5,1,1,2,6.375,2.225,-39.6,0.0,0.018,0.0,0.0,,1.03
1788461475.444,idle,6.354,2.24,37.5,1,1,2,6.375,2.225,-39.6,0.0,0.018,0.0,0.0,,1.03
1788461475.496,idle,6.354,2.24,37.5,1,1,2,6.375,2.225,-39.6,0.0,0.018,0.0,0.0,,1.03
1788461475.547,idle,6.354,2.24,37.5,1,1,2,6.375,2.225,-39.6,0.0,0.018,0.0,0.0,,1.03
1788461475.598,idle,6.354,2.24,37.5,1,1,2,6.375,2.225,-39.6,0.0,0.018,0.0,0.0,,1.03
1788461475.65,idle,6.354,2.24,37.5,1,1,2,6.375,2.225,-39.6,0.0,0.018,0.0,0.0,,1.03
1788461475.702,idle,6.354,2.24,37.5,1,1,2,6.375,2.225,-39.6,0.0,0.018,0.0,0.0,,1.03
1788461475.752,idle,6.354,2.24,37.5,1,1,2,6.375,2.225,-39.6,0.0,0.018,0.0,0.0,,1.03
1788461475.801,idle,6.354,2.24,37.5,1,1,2,6.375,2.225,-39.6,0.0,0.018,0.0,0.0,,1.03
1788461475.856,idle,6.354,2.24,37.5,1,1,2,6.375,2.225,-39.6,0.0,0.018,0.0,0.0,,1.03
1788461475.915,idle,6.354,2.24,37.5,1,1,2,6.375,2.225,-39.6,0.0,0.018,0.0,0.0,,1.03
1788461475.969,idle,6.354,2.24,37.5,1,1,2,6.375,2.225,-39.6,0.0,0.018,0.0,0.0,,1.03
1788461476.022,idle,6.354,2.24,37.5,1,1,2,6.375,2.225,-39.6,0.0,0.018,0.0,0.0,,1.03
1788461476.081,idle,6.354,2.24,37.5,1,1,2,6.375,2.225,-39.6,0.0,0.018,0.0,0.0,,1.03
1788461476.131,idle,6.354,2.24,37.5,1,1,2,6.375,2.225,-39.6,0.0,0.018,0.0,0.0,,1.03
1788461476.183,idle,6.354,2.24,37.5,1,1,2,6.375,2.225,-39.6,0.0,0.018,0.0,0.0,,1.03
1788461476.232,idle,6.354,2.24,37.5,1,1,2,6.375,2.225,-39.6,0.0,0.018,0.0,0.0,,1.03
1788461476.284,idle,6.354,2.24,37.5,1,1,2,6.375,2.225,-39.6,0.0,0.018,0.0,0.0,,1.03
1788461476.334,idle,6.354,2.24,37.5,1,1,2,6.375,2.225,-39.6,0.0,0.018,0.0,0.0,,1.03
1788461476.385,idle,6.354,2.24,37.5,1,1,2,6.375,2.225,-39.6,0.0,0.018,0.0,0.0,,1.03
1788461476.437,idle,6.354,2.24,37.5,1,1,2,6.375,2.225,-39.6,0.0,0.018,0.0,0.0,,1.03
1788461476.489,idle,6.354,2.24,37.5,1,1,2,6.375,2.225,-39.6,0.0,0.018,0.0,0.0,,1.03
1788461476.541,idle,6.354,2.24,37.5,1,1,2,6.375,2.225,-39.6,0.0,0.018,0.0,0.0,,1.03
1788461476.597,idle,6.354,2.24,37.5,1,1,2,6.375,2.225,-39.6,0.0,0.018,0.0,0.0,,1.03
1788461476.651,idle,6.354,2.24,37.5,1,1,2,6.375,2.225,-39.6,0.0,0.018,0.0,0.0,,1.03
1788461476.711,idle,6.354,2.24,37.5,1,1,2,6.375,2.225,-39.6,0.0,0.018,0.0,0.0,,1.03
1788461476.769,idle,6.354,2.24,37.5,1,1,2,6.375,2.225,-39.6,0.0,0.018,0.0,0.0,,1.03
1788461476.828,idle,6.354,2.24,37.5,1,1,2,6.375,2.225,-39.6,0.0,0.018,0.0,0.0,,1.03
1788461476.882,idle,6.354,2.24,37.5,1,1,2,6.375,2.225,-39.6,0.0,0.018,0.0,0.0,,1.03
1788461476.933,idle,6.354,2.24,37.5,1,1,2,6.375,2.225,-39.6,0.0,0.018,0.0,0.0,,1.03
1788461476.984,idle,6.354,2.24,37.5,1,1,2,6.375,2.225,-39.6,0.0,0.018,0.0,0.0,,1.03
1788461477.038,idle,6.354,2.24,37.5,1,1,2,6.375,2.225,-39.6,0.0,0.018,0.0,0.0,,1.03
1788461477.089,idle,6.354,2.24,37.5,1,1,2,6.375,2.225,-39.6,0.0,0.018,0.0,0.0,,1.03
1788461477.14,idle,6.354,2.24,37.5,1,1,2,6.375,2.225,-39.6,0.0,0.018,0.0,0.0,,1.03
1788461477.19,idle,6.354,2.24,37.5,1,1,2,6.375,2.225,-39.6,0.0,0.018,0.0,0.0,,1.03
1788461477.241,idle,6.354,2.24,37.5,1,1,2,6.375,2.225,-39.6,0.0,0.018,0.0,0.0,,1.03
1788461477.291,idle,6.354,2.24,37.5,1,1,2,6.375,2.225,-39.6,0.0,0.018,0.0,0.0,,1.03
1788461477.344,idle,6.354,2.24,37.5,1,1,2,6.375,2.225,-39.6,0.0,0.018,0.0,0.0,,1.03
1788461477.402,idle,6.354,2.24,37.5,1,1,2,6.375,2.225,-39.6,0.0,0.018,0.0,0.0,,1.03
1788461477.46,idle,6.354,2.24,37.5,1,1,2,6.375,2.225,-39.6,0.0,0.018,0.0,0.0,,1.03
1788461477.519,idle,6.354,2.24,37.5,1,1,2,6.375,2.225,-39.6,0.0,0.018,0.0,0.0,,1.03
1788461477.574,idle,6.354,2.24,37.5,1,1,2,6.375,2.225,-39.6,0.0,0.018,0.0,0.0,,1.03
1788461477.629,idle,6.354,2.24,37.5,1,1,2,6.375,2.225,-39.6,0.0,0.018,0.0,0.0,,1.03
1788461477.68,idle,6.354,2.24,37.5,1,1,2,6.375,2.225,-39.6,0.0,0.018,0.0,0.0,,1.03
1788461477.731,idle,6.354,2.24,37.5,1,1,2,6.375,2.225,-39.6,0.0,0.018,0.0,0.0,,1.03
1788461477.783,idle,6.354,2.24,37.5,1,1,2,6.375,2.225,-39.6,0.0,0.018,0.0,0.0,,1.03
1788461477.833,idle,6.354,2.24,37.5,1,1,2,6.375,2.225,-39.6,0.0,0.018,0.0,0.0,,1.03
1788461477.886,idle,6.354,2.24,37.5,1,1,2,6.375,2.225,-39.6,0.0,0.018,0.0,0.0,,1.03
1788461477.937,idle,6.354,2.24,37.5,1,1,2,6.375,2.225,-39.6,0.0,0.018,0.0,0.0,,1.03
1788461477.991,idle,6.354,2.24,37.5,1,1,2,6.375,2.225,-39.6,0.0,0.018,0.0,0.0,,1.03
1788461478.041,idle,6.354,2.24,37.5,1,1,2,6.375,2.225,-39.6,0.0,0.018,0.0,0.0,,1.03
1788461478.094,idle,6.354,2.24,37.5,1,1,2,6.375,2.225,-39.6,0.0,0.018,0.0,0.0,,1.03
1788461478.146,idle,6.354,2.24,37.5,1,1,2,6.375,2.225,-39.6,0.0,0.018,0.0,0.0,,1.03
1788461478.203,idle,6.354,2.24,37.5,1,1,2,6.375,2.225,-39.6,0.0,0.018,0.0,0.0,,1.03
1788461478.255,idle,6.354,2.24,37.5,1,1,2,6.375,2.225,-39.6,0.0,0.018,0.0,0.0,,1.03
1788461478.309,idle,6.354,2.24,37.5,1,1,2,6.375,2.225,-39.6,0.0,0.018,0.0,0.0,,1.03
1788461478.366,idle,6.354,2.24,37.5,1,1,2,6.375,2.225,-39.6,0.0,0.018,0.0,0.0,,1.03
1788461478.422,idle,6.354,2.24,37.5,1,1,2,6.375,2.225,-39.6,0.0,0.018,0.0,0.0,,1.03
1788461478.473,idle,6.354,2.24,37.5,1,1,2,6.375,2.225,-39.6,0.0,0.018,0.0,0.0,,1.03
1788461478.524,idle,6.354,2.24,37.5,1,1,2,6.375,2.225,-39.6,0.0,0.018,0.0,0.0,,1.03
1788461478.576,idle,6.354,2.24,37.5,1,1,2,6.375,2.225,-39.6,0.0,0.018,0.0,0.0,,1.03
1788461478.627,idle,6.354,2.24,37.5,1,1,2,6.375,2.225,-39.6,0.0,0.018,0.0,0.0,,1.03
1788461478.677,idle,6.354,2.24,37.5,1,1,2,6.375,2.225,-39.6,0.0,0.018,0.0,0.0,,1.03
1788461478.729,idle,6.354,2.24,37.5,1,1,2,6.375,2.225,-39.6,0.0,0.018,0.0,0.0,,1.03
1788461478.781,idle,6.354,2.24,37.5,1,1,2,6.375,2.225,-39.6,0.0,0.018,0.0,0.0,,1.03
1788461478.833,idle,6.354,2.24,37.5,1,1,2,6.375,2.225,-39.6,0.0,0.018,0.0,0.0,,1.03
1788461478.884,idle,6.354,2.24,37.5,1,1,2,6.375,2.225,-39.6,0.0,0.018,0.0,0.0,,1.03
1788461478.939,idle,6.354,2.24,37.5,1,1,2,6.375,2.225,-39.6,0.0,0.018,0.0,0.0,,1.03
1788461478.993,idle,6.354,2.24,37.5,1,1,2,6.375,2.225,-39.6,0.0,0.018,0.0,0.0,,1.03
1788461479.052,idle,6.354,2.24,37.5,1,1,2,6.375,2.225,-39.6,0.0,0.018,0.0,0.0,,1.03
1788461479.108,idle,6.354,2.24,37.5,1,1,2,6.375,2.225,-39.6,0.0,0.018,0.0,0.0,,1.03
1788461479.163,idle,6.354,2.24,37.5,1,1,2,6.375,2.225,-39.6,0.0,0.018,0.0,0.0,,1.03
1788461479.216,idle,6.354,2.24,37.5,1,1,2,6.375,2.225,-39.6,0.0,0.018,0.0,0.0,,1.03
1788461479.27,idle,6.354,2.24,37.5,1,1,2,6.375,2.225,-39.6,0.0,0.018,0.0,0.0,,1.03
1788461479.322,idle,6.354,2.24,37.5,1,1,2,6.375,2.225,-39.6,0.0,0.018,0.0,0.0,,1.03
1788461479.374,idle,6.354,2.24,37.5,1,1,2,6.375,2.225,-39.6,0.0,0.018,0.0,0.0,,1.03
1788461479.425,idle,6.354,2.24,37.5,1,1,2,6.375,2.225,-39.6,0.0,0.018,0.0,0.0,,1.03
1788461479.477,idle,6.354,2.24,37.5,1,1,2,6.375,2.225,-39.6,0.0,0.018,0.0,0.0,,1.03
1788461479.528,idle,6.354,2.24,37.5,1,1,2,6.375,2.225,-39.6,0.0,0.018,0.0,0.0,,1.03
1788461479.578,idle,6.354,2.24,37.5,1,1,2,6.375,2.225,-39.6,0.0,0.018,0.0,0.0,,1.03
1788461479.629,idle,6.354,2.24,37.5,1,1,2,6.375,2.225,-39.6,0.0,0.018,0.0,0.0,,1.03
1788461479.68,idle,6.354,2.24,37.5,1,1,2,6.375,2.225,-39.6,0.0,0.018,0.0,0.0,,1.03
1788461479.731,idle,6.354,2.24,37.5,1,1,2,6.375,2.225,-39.6,0.0,0.018,0.0,0.0,,1.03
1788461479.79,idle,6.354,2.24,37.5,1,1,2,6.375,2.225,-39.6,0.0,0.018,0.0,0.0,,1.03
1788461479.849,idle,6.354,2.24,37.5,1,1,2,6.375,2.225,-39.6,0.0,0.018,0.0,0.0,,1.03
1788461479.91,idle,6.354,2.24,37.5,1,1,2,6.375,2.225,-39.6,0.0,0.018,0.0,0.0,,1.03
1788461479.965,idle,6.354,2.24,37.5,1,1,2,6.375,2.225,-39.6,0.0,0.018,0.0,0.0,,1.03
1788461480.018,idle,6.354,2.24,37.5,1,1,2,6.375,2.225,-39.6,0.0,0.018,0.0,0.0,,1.03
1788461480.068,idle,6.354,2.24,37.5,1,1,2,6.375,2.225,-39.6,0.0,0.018,0.0,0.0,,1.03
1788461480.119,idle,6.354,2.24,37.5,1,1,2,6.375,2.225,-39.6,0.0,0.018,0.0,0.0,,1.03
1788461480.17,idle,6.354,2.24,37.5,1,1,2,6.375,2.225,-39.6,0.0,0.018,0.0,0.0,,1.03
1788461480.222,idle,6.354,2.24,37.5,1,1,2,6.375,2.225,-39.6,0.0,0.018,0.0,0.0,,1.03
1788461480.272,idle,6.354,2.24,37.5,1,1,2,6.375,2.225,-39.6,0.0,0.018,0.0,0.0,,1.03
1788461480.324,idle,6.354,2.24,37.5,1,1,2,6.375,2.225,-39.6,0.0,0.018,0.0,0.0,,1.03
1788461480.375,idle,6.354,2.24,37.5,1,1,2,6.375,2.225,-39.6,0.0,0.018,0.0,0.0,,1.03
1788461480.427,idle,6.354,2.24,37.5,1,1,2,6.375,2.225,-39.6,0.0,0.018,0.0,0.0,,1.03
1788461480.482,idle,6.354,2.24,37.5,1,1,2,6.375,2.225,-39.6,0.0,0.018,0.0,0.0,,1.03
1788461480.537,idle,6.354,2.24,37.5,1,1,2,6.375,2.225,-39.6,0.0,0.018,0.0,0.0,,1.03
1788461480.597,idle,6.354,2.24,37.5,1,1,2,6.375,2.225,-39.6,0.0,0.018,0.0,0.0,,1.03
1788461480.653,idle,6.354,2.24,37.5,1,1,2,6.375,2.225,-39.6,0.0,0.018,0.0,0.0,,1.03
1788461480.713,idle,6.354,2.24,37.5,1,1,2,6.375,2.225,-39.6,0.0,0.018,0.0,0.0,,1.03
1788461480.771,idle,6.354,2.24,37.5,1,1,2,6.375,2.225,-39.6,0.0,0.018,0.0,0.0,,1.03
1788461480.821,idle,6.354,2.24,37.5,1,1,2,6.375,2.225,-39.6,0.0,0.018,0.0,0.0,,1.03
1788461480.872,idle,6.354,2.24,37.5,1,1,2,6.375,2.225,-39.6,0.0,0.018,0.0,0.0,,1.03
1788461480.922,idle,6.354,2.24,37.5,1,1,2,6.375,2.225,-39.6,0.0,0.018,0.0,0.0,,1.03
1788461480.972,idle,6.354,2.24,37.5,1,1,2,6.375,2.225,-39.6,0.0,0.018,0.0,0.0,,1.03
1788461481.022,idle,6.354,2.24,37.5,1,1,2,6.375,2.225,-39.6,0.0,0.018,0.0,0.0,,1.03
1788461481.073,idle,6.354,2.24,37.5,1,1,2,6.375,2.225,-39.6,0.0,0.018,0.0,0.0,,1.03
1788461481.125,idle,6.354,2.24,37.5,1,1,2,6.375,2.225,-39.6,0.0,0.018,0.0,0.0,,1.03
1788461481.176,idle,6.354,2.24,37.5,1,1,2,6.375,2.225,-39.6,0.0,0.018,0.0,0.0,,1.03
1788461481.231,idle,6.354,2.24,37.5,1,1,2,6.375,2.225,-39.6,0.0,0.018,0.0,0.0,,1.03
1788461481.292,idle,6.354,2.24,37.5,1,1,2,6.375,2.225,-39.6,0.0,0.018,0.0,0.0,,1.03
1788461481.354,idle,6.354,2.24,37.5,1,1,2,6.375,2.225,-39.6,0.0,0.018,0.0,0.0,,1.03
1788461481.414,idle,6.354,2.24,37.5,1,1,2,6.375,2.225,-39.6,0.0,0.018,0.0,0.0,,1.03
1788461481.472,idle,6.354,2.24,37.5,1,1,2,6.375,2.225,-39.6,0.0,0.018,0.0,0.0,,1.03
1788461481.53,idle,6.354,2.24,37.5,1,1,2,6.375,2.225,-39.6,0.0,0.018,0.0,0.0,,1.03
1788461481.58,idle,6.354,2.24,37.5,1,1,2,6.375,2.225,-39.6,0.0,0.018,0.0,0.0,,1.03
1788461481.629,idle,6.354,2.24,37.5,1,1,2,6.375,2.225,-39.6,0.0,0.018,0.0,0.0,,1.03
1788461481.68,idle,6.354,2.24,37.5,1,1,2,6.375,2.225,-39.6,0.0,0.018,0.0,0.0,,1.03
1788461481.732,idle,6.354,2.24,37.5,1,1,2,6.375,2.225,-39.6,0.0,0.018,0.0,0.0,,1.03
1788461481.783,idle,6.354,2.24,37.5,1,1,2,6.375,2.225,-39.6,0.0,0.018,0.0,0.0,,1.03
1788461481.833,idle,6.354,2.24,37.5,1,1,2,6.375,2.225,-39.6,0.0,0.018,0.0,0.0,,1.03
1788461481.885,idle,6.354,2.24,37.5,1,1,2,6.375,2.225,-39.6,0.0,0.018,0.0,0.0,,1.03
1788461481.935,idle,6.354,2.24,37.5,1,1,2,6.375,2.225,-39.6,0.0,0.018,0.0,0.0,,1.03
1788461481.988,idle,6.354,2.24,37.5,1,1,2,6.375,2.225,-39.6,0.0,0.018,0.0,0.0,,1.03
1788461482.04,idle,6.354,2.24,37.5,1,1,2,6.375,2.225,-39.6,0.0,0.018,0.0,0.0,,1.03
1788461482.097,idle,6.354,2.24,37.5,1,1,2,6.375,2.225,-39.6,0.0,0.018,0.0,0.0,,1.03
1788461482.155,idle,6.354,2.24,37.5,1,1,2,6.375,2.225,-39.6,0.0,0.018,0.0,0.0,,1.03
1788461482.211,idle,6.354,2.24,37.5,1,1,2,6.375,2.225,-39.6,0.0,0.018,0.0,0.0,,1.03
1788461482.269,idle,6.354,2.24,37.5,1,1,2,6.375,2.225,-39.6,0.0,0.018,0.0,0.0,,1.03
1788461482.322,idle,6.354,2.24,37.5,1,1,2,6.375,2.225,-39.6,0.0,0.018,0.0,0.0,,1.03
1788461482.373,idle,6.354,2.24,37.5,1,1,2,6.375,2.225,-39.6,0.0,0.018,0.0,0.0,,1.03
1788461482.424,idle,6.354,2.24,37.5,1,1,2,6.375,2.225,-39.6,0.0,0.018,0.0,0.0,,1.03
1788461482.475,idle,6.354,2.24,37.5,1,1,2,6.375,2.225,-39.6,0.0,0.018,0.0,0.0,,1.03
1788461482.526,idle,6.354,2.24,37.5,1,1,2,6.375,2.225,-39.6,0.0,0.018,0.0,0.0,,1.03
1788461482.577,idle,6.354,2.24,37.5,1,1,2,6.375,2.225,-39.6,0.0,0.018,0.0,0.0,,1.03
1788461482.627,idle,6.354,2.24,37.5,1,1,2,6.375,2.225,-39.6,0.0,0.018,0.0,0.0,,1.03
1788461482.679,idle,6.354,2.24,37.5,1,1,2,6.375,2.225,-39.6,0.0,0.018,0.0,0.0,,1.03
1788461482.731,idle,6.354,2.24,37.5,1,1,2,6.375,2.225,-39.6,0.0,0.018,0.0,0.0,,1.03
1788461482.783,idle,6.354,2.24,37.5,1,1,2,6.375,2.225,-39.6,0.0,0.018,0.0,0.0,,1.03
1788461482.837,idle,6.354,2.24,37.5,1,1,2,6.375,2.225,-39.6,0.0,0.018,0.0,0.0,,1.03
1788461482.898,idle,6.354,2.24,37.5,1,1,2,6.375,2.225,-39.6,0.0,0.018,0.0,0.0,,1.03
1788461482.953,idle,6.354,2.24,37.5,1,1,2,6.375,2.225,-39.6,0.0,0.018,0.0,0.0,,1.03
1788461483.014,idle,6.354,2.24,37.5,1,1,2,6.375,2.225,-39.6,0.0,0.018,0.0,0.0,,1.03
1788461483.065,idle,6.354,2.24,37.5,1,1,2,6.375,2.225,-39.6,0.0,0.018,0.0,0.0,,1.03
1788461483.119,idle,6.354,2.24,37.5,1,1,2,6.375,2.225,-39.6,0.0,0.018,0.0,0.0,,1.03
1788461483.17,idle,6.354,2.24,37.5,1,1,2,6.375,2.225,-39.6,0.0,0.018,0.0,0.0,,1.03
1788461483.222,idle,6.354,2.24,37.5,1,1,2,6.375,2.225,-39.6,0.0,0.018,0.0,0.0,,1.03
1788461483.272,idle,6.354,2.24,37.5,1,1,2,6.375,2.225,-39.6,0.0,0.018,0.0,0.0,,1.03
1788461483.324,idle,6.354,2.24,37.5,1,1,2,6.375,2.225,-39.6,0.0,0.018,0.0,0.0,,1.03
1788461483.376,idle,6.354,2.24,37.5,1,1,2,6.375,2.225,-39.6,0.0,0.018,0.0,0.0,,1.03
1788461483.429,idle,6.354,2.24,37.5,1,1,2,6.375,2.225,-39.6,0.0,0.018,0.0,0.0,,1.03
1788461483.481,idle,6.354,2.24,37.5,1,1,2,6.375,2.225,-39.6,0.0,0.018,0.0,0.0,,1.03
1788461483.532,idle,6.354,2.24,37.5,1,1,2,6.375,2.225,-39.6,0.0,0.018,0.0,0.0,,1.03
1788461483.584,idle,6.354,2.24,37.5,1,1,2,6.375,2.225,-39.6,0.0,0.018,0.0,0.0,,1.03
1788461483.636,idle,6.354,2.24,37.5,1,1,2,6.375,2.225,-39.6,0.0,0.018,0.0,0.0,,1.03
1788461483.694,idle,6.354,2.24,37.5,1,1,2,6.375,2.225,-39.6,0.0,0.018,0.0,0.0,,1.03
1788461483.749,idle,6.354,2.24,37.5,1,1,2,6.375,2.225,-39.6,0.0,0.018,0.0,0.0,,1.03
1788461483.809,idle,6.354,2.24,37.5,1,1,2,6.375,2.225,-39.6,0.0,0.018,0.0,0.0,,1.03
1788461483.864,idle,6.354,2.24,37.5,1,1,2,6.375,2.225,-39.6,0.0,0.018,0.0,0.0,,1.03
1788461483.914,idle,6.354,2.24,37.5,1,1,2,6.375,2.225,-39.6,0.0,0.018,0.0,0.0,,1.03
1788461483.965,idle,6.354,2.24,37.5,1,1,2,6.375,2.225,-39.6,0.0,0.018,0.0,0.0,,1.03
1788461484.017,idle,6.354,2.24,37.5,1,1,2,6.375,2.225,-39.6,0.0,0.018,0.0,0.0,,1.03
1788461484.069,idle,6.354,2.24,37.5,1,1,2,6.375,2.225,-39.6,0.0,0.018,0.0,0.0,,1.03
1788461484.119,idle,6.354,2.24,37.5,1,1,2,6.375,2.225,-39.6,0.0,0.018,0.0,0.0,,1.03
1788461484.17,idle,6.354,2.24,37.5,1,1,2,6.375,2.225,-39.6,0.0,0.018,0.0,0.0,,1.03
1788461484.221,idle,6.354,2.24,37.5,1,1,2,6.375,2.225,-39.6,0.0,0.018,0.0,0.0,,1.03
1788461484.272,idle,6.354,2.24,37.5,1,1,2,6.375,2.225,-39.6,0.0,0.018,0.0,0.0,,1.03
1788461484.323,idle,6.354,2.24,37.5,1,1,2,6.375,2.225,-39.6,0.0,0.018,0.0,0.0,,1.03
1788461484.378,idle,6.354,2.24,37.5,1,1,2,6.375,2.225,-39.6,0.0,0.018,0.0,0.0,,1.03
1788461484.432,idle,6.354,2.24,37.5,1,1,2,6.375,2.225,-39.6,0.0,0.018,0.0,0.0,,1.03
1788461484.496,idle,6.354,2.24,37.5,1,1,2,6.375,2.225,-39.6,0.0,0.018,0.0,0.0,,1.03
1788461484.552,idle,6.354,2.24,37.5,1,1,2,6.375,2.225,-39.6,0.0,0.018,0.0,0.0,,1.03
1788461484.609,idle,6.354,2.24,37.5,1,1,2,6.375,2.225,-39.6,0.0,0.018,0.0,0.0,,1.03
1788461484.659,idle,6.354,2.24,37.5,1,1,2,6.375,2.225,-39.6,0.0,0.018,0.0,0.0,,1.03
1788461484.711,idle,6.354,2.24,37.5,1,1,2,6.375,2.225,-39.6,0.0,0.018,0.0,0.0,,1.03
1788461484.76,idle,6.354,2.24,37.5,1,1,2,6.375,2.225,-39.6,0.0,0.018,0.0,0.0,,1.03
1788461484.811,idle,6.354,2.24,37.5,1,1,2,6.375,2.225,-39.6,0.0,0.018,0.0,0.0,,1.03
1788461484.861,idle,6.354,2.24,37.5,1,1,2,6.375,2.225,-39.6,0.0,0.018,0.0,0.0,,1.03
1788461484.914,idle,6.354,2.24,37.5,1,1,2,6.375,2.225,-39.6,0.0,0.018,0.0,0.0,,1.03
1788461484.967,idle,6.354,2.24,37.5,1,1,2,6.375,2.225,-39.6,0.0,0.018,0.0,0.0,,1.03
1788461485.021,idle,6.354,2.24,37.5,1,1,2,6.375,2.225,-39.6,0.0,0.018,0.0,0.0,,1.03
1788461485.073,idle,6.354,2.24,37.5,1,1,2,6.375,2.225,-39.6,0.0,0.018,0.0,0.0,,1.03
1788461485.123,idle,6.354,2.24,37.5,1,1,2,6.375,2.225,-39.6,0.0,0.018,0.0,0.0,,1.03
1788461485.175,idle,6.354,2.24,37.5,1,1,2,6.375,2.225,-39.6,0.0,0.018,0.0,0.0,,1.03
1788461485.234,idle,6.354,2.24,37.5,1,1,2,6.375,2.225,-39.6,0.0,0.018,0.0,0.0,,1.03
1788461485.293,idle,6.354,2.24,37.5,1,1,2,6.375,2.225,-39.6,0.0,0.018,0.0,0.0,,1.03
1788461485.353,idle,6.354,2.24,37.5,1,1,2,6.375,2.225,-39.6,0.0,0.018,0.0,0.0,,1.03
1788461485.409,idle,6.354,2.24,37.5,1,1,2,6.375,2.225,-39.6,0.0,0.018,0.0,0.0,,1.03
1788461485.46,idle,6.354,2.24,37.5,1,1,2,6.375,2.225,-39.6,0.0,0.018,0.0,0.0,,1.03
1788461485.515,idle,6.354,2.24,37.5,1,1,2,6.375,2.225,-39.6,0.0,0.018,0.0,0.0,,1.03
1788461485.57,idle,6.354,2.24,37.5,1,1,2,6.375,2.225,-39.6,0.0,0.018,0.0,0.0,,1.03
1788461485.621,idle,6.354,2.24,37.5,1,1,2,6.375,2.225,-39.6,0.0,0.018,0.0,0.0,,1.03
1788461485.674,idle,6.354,2.24,37.5,1,1,2,6.375,2.225,-39.6,0.0,0.018,0.0,0.0,,1.03
1788461485.725,idle,6.354,2.24,37.5,1,1,2,6.375,2.225,-39.6,0.0,0.018,0.0,0.0,,1.03
1788461485.775,idle,6.354,2.24,37.5,1,1,2,6.375,2.225,-39.6,0.0,0.018,0.0,0.0,,1.03
1788461485.826,idle,6.354,2.24,37.5,1,1,2,6.375,2.225,-39.6,0.0,0.018,0.0,0.0,,1.03
1788461485.879,idle,6.354,2.24,37.5,1,1,2,6.375,2.225,-39.6,0.0,0.018,0.0,0.0,,1.03
1788461485.93,idle,6.354,2.24,37.5,1,1,2,6.375,2.225,-39.6,0.0,0.018,0.0,0.0,,1.03
1788461485.984,idle,6.354,2.24,37.5,1,1,2,6.375,2.225,-39.6,0.0,0.018,0.0,0.0,,1.03
1788461486.04,idle,6.354,2.24,37.5,1,1,2,6.375,2.225,-39.6,0.0,0.018,0.0,0.0,,1.03
1788461486.099,idle,6.354,2.24,37.5,1,1,2,6.375,2.225,-39.6,0.0,0.018,0.0,0.0,,1.03
1788461486.154,idle,6.354,2.24,37.5,1,1,2,6.375,2.225,-39.6,0.0,0.018,0.0,0.0,,1.03
1788461486.207,idle,6.354,2.24,37.5,1,1,2,6.375,2.225,-39.6,0.0,0.018,0.0,0.0,,1.03
1788461486.259,idle,6.354,2.24,37.5,1,1,2,6.375,2.225,-39.6,0.0,0.018,0.0,0.0,,1.03
1788461486.313,idle,6.354,2.24,37.5,1,1,2,6.375,2.225,-39.6,0.0,0.018,0.0,0.0,,1.03
1788461486.363,idle,6.354,2.24,37.5,1,1,2,6.375,2.225,-39.6,0.0,0.018,0.0,0.0,,1.03
1788461486.414,idle,6.354,2.24,37.5,1,1,2,6.375,2.225,-39.6,0.0,0.018,0.0,0.0,,1.03
1788461486.468,idle,6.354,2.24,37.5,1,1,2,6.375,2.225,-39.6,0.0,0.018,0.0,0.0,,1.03
1788461486.521,idle,6.354,2.24,37.5,1,1,2,6.375,2.225,-39.6,0.0,0.018,0.0,0.0,,1.03
1788461486.573,idle,6.354,2.24,37.5,1,1,2,6.375,2.225,-39.6,0.0,0.018,0.0,0.0,,1.03
1788461486.625,idle,6.354,2.24,37.5,1,1,2,6.375,2.225,-39.6,0.0,0.018,0.0,0.0,,1.03
1788461486.677,idle,6.354,2.24,37.5,1,1,2,6.375,2.225,-39.6,0.0,0.018,0.0,0.0,,1.03
1788461486.731,idle,6.354,2.24,37.5,1,1,2,6.375,2.225,-39.6,0.0,0.018,0.0,0.0,,1.03
1788461486.791,idle,6.354,2.24,37.5,1,1,2,6.375,2.225,-39.6,0.0,0.018,0.0,0.0,,1.03
1788461486.848,idle,6.354,2.24,37.5,1,1,2,6.375,2.225,-39.6,0.0,0.018,0.0,0.0,,1.03
1788461486.908,idle,6.354,2.24,37.5,1,1,2,6.375,2.225,-39.6,0.0,0.018,0.0,0.0,,1.03
1788461486.962,idle,6.354,2.24,37.5,1,1,2,6.375,2.225,-39.6,0.0,0.018,0.0,0.0,,1.03
1788461487.015,idle,6.354,2.24,37.5,1,1,2,6.375,2.225,-39.6,0.0,0.018,0.0,0.0,,1.03
1788461487.065,idle,6.354,2.24,37.5,1,1,2,6.375,2.225,-39.6,0.0,0.018,0.0,0.0,,1.03
1788461487.117,idle,6.354,2.24,37.5,1,1,2,6.375,2.225,-39.6,0.0,0.018,0.0,0.0,,1.03
1788461487.17,idle,6.354,2.24,37.5,1,1,2,6.375,2.225,-39.6,0.0,0.018,0.0,0.0,,1.03
1788461487.222,idle,6.354,2.24,37.5,1,1,2,6.375,2.225,-39.6,0.0,0.018,0.0,0.0,,1.03
1788461487.273,idle,6.354,2.24,37.5,1,1,2,6.375,2.225,-39.6,0.0,0.018,0.0,0.0,,1.03
1788461487.324,idle,6.354,2.24,37.5,1,1,2,6.375,2.225,-39.6,0.0,0.018,0.0,0.0,,1.03
1788461487.377,idle,6.354,2.24,37.5,1,1,2,6.375,2.225,-39.6,0.0,0.018,0.0,0.0,,1.03
1788461487.428,idle,6.354,2.24,37.5,1,1,2,6.375,2.225,-39.6,0.0,0.018,0.0,0.0,,1.03
1788461487.482,idle,6.354,2.24,37.5,1,1,2,6.375,2.225,-39.6,0.0,0.018,0.0,0.0,,1.03
1788461487.537,idle,6.354,2.24,37.5,1,1,2,6.375,2.225,-39.6,0.0,0.018,0.0,0.0,,1.03
1788461487.597,idle,6.354,2.24,37.5,1,1,2,6.375,2.225,-39.6,0.0,0.018,0.0,0.0,,1.03
1788461487.649,idle,6.354,2.24,37.5,1,1,2,6.375,2.225,-39.6,0.0,0.018,0.0,0.0,,1.03
1788461487.706,idle,6.354,2.24,37.5,1,1,2,6.375,2.225,-39.6,0.0,0.018,0.0,0.0,,1.03
1788461487.759,idle,6.354,2.24,37.5,1,1,2,6.375,2.225,-39.6,0.0,0.018,0.0,0.0,,1.03
1788461487.811,idle,6.354,2.24,37.5,1,1,2,6.375,2.225,-39.6,0.0,0.018,0.0,0.0,,1.03
1788461487.862,idle,6.354,2.24,37.5,1,1,2,6.375,2.225,-39.6,0.0,0.018,0.0,0.0,,1.03
1788461487.916,idle,6.354,2.24,37.5,1,1,2,6.375,2.225,-39.6,0.0,0.018,0.0,0.0,,1.03
1788461487.967,idle,6.354,2.24,37.5,1,1,2,6.375,2.225,-39.6,0.0,0.018,0.0,0.0,,1.03
1788461488.02,idle,6.354,2.24,37.5,1,1,2,6.375,2.225,-39.6,0.0,0.018,0.0,0.0,,1.03
1788461488.071,idle,6.354,2.24,37.5,1,1,2,6.375,2.225,-39.6,0.0,0.018,0.0,0.0,,1.03
1788461488.124,idle,6.354,2.24,37.5,1,1,2,6.375,2.225,-39.6,0.0,0.018,0.0,0.0,,1.03
1788461488.174,idle,6.354,2.24,37.5,1,1,2,6.375,2.225,-39.6,0.0,0.018,0.0,0.0,,1.03
1788461488.226,idle,6.354,2.24,37.5,1,1,2,6.375,2.225,-39.6,0.0,0.018,0.0,0.0,,1.03
1788461488.279,idle,6.354,2.24,37.5,1,1,2,6.375,2.225,-39.6,0.0,0.018,0.0,0.0,,1.03
1788461488.337,idle,6.354,2.24,37.5,1,1,2,6.375,2.225,-39.6,0.0,0.018,0.0,0.0,,1.03
1788461488.396,idle,6.354,2.24,37.5,1,1,2,6.375,2.225,-39.6,0.0,0.018,0.0,0.0,,1.03
1788461488.455,idle,6.354,2.24,37.5,1,1,2,6.375,2.225,-39.6,0.0,0.018,0.0,0.0,,1.03
1788461488.514,idle,6.354,2.24,37.5,1,1,2,6.375,2.225,-39.6,0.0,0.018,0.0,0.0,,1.03
1788461488.568,idle,6.354,2.24,37.5,1,1,2,6.375,2.225,-39.6,0.0,0.018,0.0,0.0,,1.03
1788461488.618,idle,6.354,2.24,37.5,1,1,2,6.375,2.225,-39.6,0.0,0.018,0.0,0.0,,1.03
1788461488.668,idle,6.354,2.24,37.5,1,1,2,6.375,2.225,-39.6,0.0,0.018,0.0,0.0,,1.03
1788461488.72,idle,6.354,2.24,37.5,1,1,2,6.375,2.225,-39.6,0.0,0.018,0.0,0.0,,1.03
1788461488.769,idle,6.354,2.24,37.5,1,1,2,6.375,2.225,-39.6,0.0,0.018,0.0,0.0,,1.03
1788461488.821,idle,6.354,2.24,37.5,1,1,2,6.375,2.225,-39.6,0.0,0.018,0.0,0.0,,1.03
1788461488.873,idle,6.354,2.24,37.5,1,1,2,6.375,2.225,-39.6,0.0,0.018,0.0,0.0,,1.03
1788461488.926,idle,6.354,2.24,37.5,1,1,2,6.375,2.225,-39.6,0.0,0.018,0.0,0.0,,1.03
1788461488.979,idle,6.354,2.24,37.5,1,1,2,6.375,2.225,-39.6,0.0,0.018,0.0,0.0,,1.03
1788461489.03,idle,6.354,2.24,37.5,1,1,2,6.375,2.225,-39.6,0.0,0.018,0.0,0.0,,1.03
1788461489.084,idle,6.354,2.24,37.5,1,1,2,6.375,2.225,-39.6,0.0,0.018,0.0,0.0,,1.03
1788461489.14,idle,6.354,2.24,37.5,1,1,2,6.375,2.225,-39.6,0.0,0.018,0.0,0.0,,1.03
1788461489.197,idle,6.354,2.24,37.5,1,1,2,6.375,2.225,-39.6,0.0,0.018,0.0,0.0,,1.03
1788461489.253,idle,6.354,2.24,37.5,1,1,2,6.375,2.225,-39.6,0.0,0.018,0.0,0.0,,1.03
1788461489.307,idle,6.354,2.24,37.5,1,1,2,6.375,2.225,-39.6,0.0,0.018,0.0,0.0,,1.03
1788461489.36,idle,6.354,2.24,37.5,1,1,2,6.375,2.225,-39.6,0.0,0.018,0.0,0.0,,1.03
1788461489.414,idle,6.354,2.24,37.5,1,1,2,6.375,2.225,-39.6,0.0,0.018,0.0,0.0,,1.03
1788461489.464,idle,6.354,2.24,37.5,1,1,2,6.375,2.225,-39.6,0.0,0.018,0.0,0.0,,1.03
1788461489.516,idle,6.354,2.24,37.5,1,1,2,6.375,2.225,-39.6,0.0,0.018,0.0,0.0,,1.03
1788461489.567,idle,6.354,2.24,37.5,1,1,2,6.375,2.225,-39.6,0.0,0.018,0.0,0.0,,1.03
1788461489.619,idle,6.354,2.24,37.5,1,1,2,6.375,2.225,-39.6,0.0,0.018,0.0,0.0,,1.03
1788461489.67,idle,6.354,2.24,37.5,1,1,2,6.375,2.225,-39.6,0.0,0.018,0.0,0.0,,1.03
1788461489.721,idle,6.354,2.24,37.5,1,1,2,6.375,2.225,-39.6,0.0,0.018,0.0,0.0,,1.03
1788461489.772,idle,6.354,2.24,37.5,1,1,2,6.375,2.225,-39.6,0.0,0.018,0.0,0.0,,1.03
1788461489.824,idle,6.354,2.24,37.5,1,1,2,6.375,2.225,-39.6,0.0,0.018,0.0,0.0,,1.03
1788461489.877,idle,6.354,2.24,37.5,1,1,2,6.375,2.225,-39.6,0.0,0.018,0.0,0.0,,1.03
1788461489.936,idle,6.354,2.24,37.5,1,1,2,6.375,2.225,-39.6,0.0,0.018,0.0,0.0,,1.03
1788461489.994,idle,6.354,2.24,37.5,1,1,2,6.375,2.225,-39.6,0.0,0.018,0.0,0.0,,1.03
1788461490.05,idle,6.354,2.24,37.5,1,1,2,6.375,2.225,-39.6,0.0,0.018,0.0,0.0,,1.03
1788461490.105,idle,6.354,2.24,37.5,1,1,2,6.375,2.225,-39.6,0.0,0.018,0.0,0.0,,1.03
1788461490.156,idle,6.354,2.24,37.5,1,1,2,6.375,2.225,-39.6,0.0,0.018,0.0,0.0,,1.03
1788461490.21,idle,6.354,2.24,37.5,1,1,2,6.375,2.225,-39.6,0.0,0.018,0.0,0.0,,1.03
1788461490.26,idle,6.354,2.24,37.5,1,1,2,6.375,2.225,-39.6,0.0,0.018,0.0,0.0,,1.03
1788461490.311,idle,6.354,2.24,37.5,1,1,2,6.375,2.225,-39.6,0.0,0.018,0.0,0.0,,1.03
1788461490.361,idle,6.354,2.24,37.5,1,1,2,6.375,2.225,-39.6,0.0,0.018,0.0,0.0,,1.03
1788461490.416,idle,6.354,2.24,37.5,1,1,2,6.375,2.225,-39.6,0.0,0.018,0.0,0.0,,1.03
1788461490.471,idle,6.354,2.24,37.5,1,1,2,6.375,2.225,-39.6,0.0,0.018,0.0,0.0,,1.03
1788461490.526,idle,6.354,2.24,37.5,1,1,2,6.375,2.225,-39.6,0.0,0.018,0.0,0.0,,1.03
1788461490.579,idle,6.354,2.24,37.5,1,1,2,6.375,2.225,-39.6,0.0,0.018,0.0,0.0,,1.03
1788461490.634,idle,6.354,2.24,37.5,1,1,2,6.375,2.225,-39.6,0.0,0.018,0.0,0.0,,1.03
1788461490.692,idle,6.354,2.24,37.5,1,1,2,6.375,2.225,-39.6,0.0,0.018,0.0,0.0,,1.03
1788461490.748,idle,6.354,2.24,37.5,1,1,2,6.375,2.225,-39.6,0.0,0.018,0.0,0.0,,1.03
1788461490.808,idle,6.354,2.24,37.5,1,1,2,6.375,2.225,-39.6,0.0,0.018,0.0,0.0,,1.03
1788461490.864,idle,6.354,2.24,37.5,1,1,2,6.375,2.225,-39.6,0.0,0.018,0.0,0.0,,1.03
1788461490.92,idle,6.354,2.24,37.5,1,1,2,6.375,2.225,-39.6,0.0,0.018,0.0,0.0,,1.03
1788461490.972,idle,6.354,2.24,37.5,1,1,2,6.375,2.225,-39.6,0.0,0.018,0.0,0.0,,1.03
1788461491.025,idle,6.354,2.24,37.5,1,1,2,6.375,2.225,-39.6,0.0,0.018,0.0,0.0,,1.03
1788461491.079,idle,6.354,2.24,37.5,1,1,2,6.375,2.225,-39.6,0.0,0.018,0.0,0.0,,1.03
1788461491.13,idle,6.354,2.24,37.5,1,1,2,6.375,2.225,-39.6,0.0,0.018,0.0,0.0,,1.03
1788461491.179,idle,6.354,2.24,37.5,1,1,2,6.375,2.225,-39.6,0.0,0.018,0.0,0.0,,1.03
1788461491.231,idle,6.354,2.24,37.5,1,1,2,6.375,2.225,-39.6,0.0,0.018,0.0,0.0,,1.03
1788461491.286,idle,6.354,2.24,37.5,1,1,2,6.375,2.225,-39.6,0.0,0.018,0.0,0.0,,1.03
1788461491.341,idle,6.354,2.24,37.5,1,1,2,6.375,2.225,-39.6,0.0,0.018,0.0,0.0,,1.03
1788461491.394,idle,6.354,2.24,37.5,1,1,2,6.375,2.225,-39.6,0.0,0.018,0.0,0.0,,1.03
1788461491.456,idle,6.354,2.24,37.5,1,1,2,6.375,2.225,-39.6,0.0,0.018,0.0,0.0,,1.03
1788461491.456,idle,6.354,2.24,37.5,1,1,2,6.375,2.225,-39.6,0.0,0.018,0.0,0.0,,1.03
1788461491.574,idle,6.354,2.24,37.5,1,1,2,6.375,2.225,-39.6,0.0,0.018,0.0,0.0,,1.03
1788461491.63,idle,6.354,2.24,37.5,1,1,2,6.375,2.225,-39.6,0.0,0.018,0.0,0.0,,1.03
1788461491.689,idle,6.354,2.24,37.5,1,1,2,6.375,2.225,-39.6,0.0,0.018,0.0,0.0,,1.03
1788461491.738,idle,6.354,2.24,37.5,1,1,2,6.375,2.225,-39.6,0.0,0.018,0.0,0.0,,1.03
1788461491.794,idle,6.354,2.24,37.5,1,1,2,6.375,2.225,-39.6,0.0,0.018,0.0,0.0,,1.03
1788461491.843,idle,6.354,2.24,37.5,1,1,2,6.375,2.225,-39.6,0.0,0.018,0.0,0.0,,1.03
1788461491.902,idle,6.354,2.24,37.5,1,1,2,6.375,2.225,-39.6,0.0,0.018,0.0,0.0,,1.03
1788461491.953,idle,6.354,2.24,37.5,1,1,2,6.375,2.225,-39.6,0.0,0.018,0.0,0.0,,1.03
1788461492.006,idle,6.354,2.24,37.5,1,1,2,6.375,2.225,-39.6,0.0,0.018,0.0,0.0,,1.03
1788461492.056,idle,6.354,2.24,37.5,1,1,2,6.375,2.225,-39.6,0.0,0.018,0.0,0.0,,1.03
1788461492.11,idle,6.354,2.24,37.5,1,1,2,6.375,2.225,-39.6,0.0,0.018,0.0,0.0,,1.03
1788461492.161,idle,6.354,2.24,37.5,1,1,2,6.375,2.225,-39.6,0.0,0.018,0.0,0.0,,1.03
1788461492.218,idle,6.354,2.24,37.5,1,1,2,6.375,2.225,-39.6,0.0,0.018,0.0,0.0,,1.03
1788461492.278,idle,6.354,2.24,37.5,1,1,2,6.375,2.225,-39.6,0.0,0.018,0.0,0.0,,1.03
1788461492.337,idle,6.354,2.24,37.5,1,1,2,6.375,2.225,-39.6,0.0,0.018,0.0,0.0,,1.03
1788461492.393,idle,6.354,2.24,37.5,1,1,2,6.375,2.225,-39.6,0.0,0.018,0.0,0.0,,1.03
1788461492.451,idle,6.354,2.24,37.5,1,1,2,6.375,2.225,-39.6,0.0,0.018,0.0,0.0,,1.03
1788461492.504,idle,6.354,2.24,37.5,1,1,2,6.375,2.225,-39.6,0.0,0.018,0.0,0.0,,1.03
1788461492.555,idle,6.354,2.24,37.5,1,1,2,6.375,2.225,-39.6,0.0,0.018,0.0,0.0,,1.03
1788461492.606,idle,6.354,2.24,37.5,1,1,2,6.375,2.225,-39.6,0.0,0.018,0.0,0.0,,1.03
1788461492.656,idle,6.354,2.24,37.5,1,1,2,6.375,2.225,-39.6,0.0,0.018,0.0,0.0,,1.03
1788461492.657,idle,6.354,2.24,37.5,1,1,2,6.375,2.225,-39.6,0.0,0.018,0.0,0.0,,1.03
1788461492.76,idle,6.354,2.24,37.5,1,1,2,6.375,2.225,-39.6,0.0,0.018,0.0,0.0,,1.03
1788461492.812,idle,6.354,2.24,37.5,1,1,2,6.375,2.225,-39.6,0.0,0.018,0.0,0.0,,1.03
1788461492.863,idle,6.354,2.24,37.5,1,1,2,6.375,2.225,-39.6,0.0,0.018,0.0,0.0,,1.03
1788461492.913,idle,6.354,2.24,37.5,1,1,2,6.375,2.225,-39.6,0.0,0.018,0.0,0.0,,1.03
1788461492.963,idle,6.354,2.24,37.5,1,1,2,6.375,2.225,-39.6,0.0,0.018,0.0,0.0,,1.03
1788461493.018,idle,6.354,2.24,37.5,1,1,2,6.375,2.225,-39.6,0.0,0.018,0.0,0.0,,1.03
1788461493.078,idle,6.354,2.24,37.5,1,1,2,6.375,2.225,-39.6,0.0,0.018,0.0,0.0,,1.03
1788461493.135,idle,6.354,2.24,37.5,1,1,2,6.375,2.225,-39.6,0.0,0.018,0.0,0.0,,1.03
1788461493.194,idle,6.354,2.24,37.5,1,1,2,6.375,2.225,-39.6,0.0,0.018,0.0,0.0,,1.03
1788461493.248,idle,6.354,2.24,37.5,1,1,2,6.375,2.225,-39.6,0.0,0.018,0.0,0.0,,1.03
1788461493.3,idle,6.354,2.24,37.5,1,1,2,6.375,2.225,-39.6,0.0,0.018,0.0,0.0,,1.03
1788461493.35,idle,6.354,2.24,37.5,1,1,2,6.375,2.225,-39.6,0.0,0.018,0.0,0.0,,1.03
1788461493.404,idle,6.354,2.24,37.5,1,1,2,6.375,2.225,-39.6,0.0,0.018,0.0,0.0,,1.03
1788461493.455,idle,6.354,2.24,37.5,1,1,2,6.375,2.225,-39.6,0.0,0.018,0.0,0.0,,1.03
1788461493.509,idle,6.354,2.24,37.5,1,1,2,6.375,2.225,-39.6,0.0,0.018,0.0,0.0,,1.03
1788461493.559,idle,6.354,2.24,37.5,1,1,2,6.375,2.225,-39.6,0.0,0.018,0.0,0.0,,1.03
1788461493.613,idle,6.354,2.24,37.5,1,1,2,6.375,2.225,-39.6,0.0,0.018,0.0,0.0,,1.03
1788461493.663,idle,6.354,2.24,37.5,1,1,2,6.375,2.225,-39.6,0.0,0.018,0.0,0.0,,1.03
1788461493.716,idle,6.354,2.24,37.5,1,1,2,6.375,2.225,-39.6,0.0,0.018,0.0,0.0,,1.03
1788461493.769,idle,6.354,2.24,37.5,1,1,2,6.375,2.225,-39.6,0.0,0.018,0.0,0.0,,1.03
1788461493.827,idle,6.354,2.24,37.5,1,1,2,6.375,2.225,-39.6,0.0,0.018,0.0,0.0,,1.03
1788461493.882,idle,6.354,2.24,37.5,1,1,2,6.375,2.225,-39.6,0.0,0.018,0.0,0.0,,1.03
1788461493.942,idle,6.354,2.24,37.5,1,1,2,6.375,2.225,-39.6,0.0,0.018,0.0,0.0,,1.03
1788461493.996,idle,6.354,2.24,37.5,1,1,2,6.375,2.225,-39.6,0.0,0.018,0.0,0.0,,1.03
1788461494.05,idle,6.354,2.24,37.5,1,1,2,6.375,2.225,-39.6,0.0,0.018,0.0,0.0,,1.03
1788461494.104,idle,6.354,2.24,37.5,1,1,2,6.375,2.225,-39.6,0.0,0.018,0.0,0.0,,1.03
1788461494.155,idle,6.354,2.24,37.5,1,1,2,6.375,2.225,-39.6,0.0,0.018,0.0,0.0,,1.03
1788461494.207,idle,6.354,2.24,37.5,1,1,2,6.375,2.225,-39.6,0.0,0.018,0.0,0.0,,1.03
1788461494.258,idle,6.354,2.24,37.5,1,1,2,6.375,2.225,-39.6,0.0,0.018,0.0,0.0,,1.03
1788461494.309,idle,6.354,2.24,37.5,1,1,2,6.375,2.225,-39.6,0.0,0.018,0.0,0.0,,1.03
1788461494.36,idle,6.354,2.24,37.5,1,1,2,6.375,2.225,-39.6,0.0,0.018,0.0,0.0,,1.03
1788461494.41,idle,6.354,2.24,37.5,1,1,2,6.375,2.225,-39.6,0.0,0.018,0.0,0.0,,1.03
1788461494.46,idle,6.354,2.24,37.5,1,1,2,6.375,2.225,-39.6,0.0,0.018,0.0,0.0,,1.03
1788461494.512,idle,6.354,2.24,37.5,1,1,2,6.375,2.225,-39.6,0.0,0.018,0.0,0.0,,1.03
1788461494.566,idle,6.354,2.24,37.5,1,1,2,6.375,2.225,-39.6,0.0,0.018,0.0,0.0,,1.03
1788461494.624,idle,6.354,2.24,37.5,1,1,2,6.375,2.225,-39.6,0.0,0.018,0.0,0.0,,1.03
1788461494.686,idle,6.354,2.24,37.5,1,1,2,6.375,2.225,-39.6,0.0,0.018,0.0,0.0,,1.03
1788461494.74,idle,6.354,2.24,37.5,1,1,2,6.375,2.225,-39.6,0.0,0.018,0.0,0.0,,1.03
1788461494.795,idle,6.354,2.24,37.5,1,1,2,6.375,2.225,-39.6,0.0,0.018,0.0,0.0,,1.03
1788461494.848,idle,6.354,2.24,37.5,1,1,2,6.375,2.225,-39.6,0.0,0.018,0.0,0.0,,1.03
1788461494.899,idle,6.354,2.24,37.5,1,1,2,6.375,2.225,-39.6,0.0,0.018,0.0,0.0,,1.03
1788461494.95,idle,6.354,2.24,37.5,1,1,2,6.375,2.225,-39.6,0.0,0.018,0.0,0.0,,1.03
1788461495.002,idle,6.354,2.24,37.5,1,1,2,6.375,2.225,-39.6,0.0,0.018,0.0,0.0,,1.03
1788461495.053,idle,6.354,2.24,37.5,1,1,2,6.375,2.225,-39.6,0.0,0.018,0.0,0.0,,1.03
1788461495.103,idle,6.354,2.24,37.5,1,1,2,6.375,2.225,-39.6,0.0,0.018,0.0,0.0,,1.03
1788461495.153,idle,6.354,2.24,37.5,1,1,2,6.375,2.225,-39.6,0.0,0.018,0.0,0.0,,1.03
1788461495.205,idle,6.354,2.24,37.5,1,1,2,6.375,2.225,-39.6,0.0,0.018,0.0,0.0,,1.03
1788461495.256,idle,6.354,2.24,37.5,1,1,2,6.375,2.225,-39.6,0.0,0.018,0.0,0.0,,1.03
1788461495.308,idle,6.354,2.24,37.5,1,1,2,6.375,2.225,-39.6,0.0,0.018,0.0,0.0,,1.03
1788461495.362,idle,6.354,2.24,37.5,1,1,2,6.375,2.225,-39.6,0.0,0.018,0.0,0.0,,1.03
1788461495.421,idle,6.354,2.24,37.5,1,1,2,6.375,2.225,-39.6,0.0,0.018,0.0,0.0,,1.03
1788461495.48,idle,6.354,2.24,37.5,1,1,2,6.375,2.225,-39.6,0.0,0.018,0.0,0.0,,1.03
1788461495.539,idle,6.354,2.24,37.5,1,1,2,6.375,2.225,-39.6,0.0,0.018,0.0,0.0,,1.03
1788461495.59,idle,6.354,2.24,37.5,1,1,2,6.375,2.225,-39.6,0.0,0.018,0.0,0.0,,1.03
1788461495.64,idle,6.354,2.24,37.5,1,1,2,6.375,2.225,-39.6,0.0,0.018,0.0,0.0,,1.03
1788461495.692,idle,6.354,2.24,37.5,1,1,2,6.375,2.225,-39.6,0.0,0.018,0.0,0.0,,1.03
1788461495.742,idle,6.354,2.24,37.5,1,1,2,6.375,2.225,-39.6,0.0,0.018,0.0,0.0,,1.03
1788461495.794,idle,6.354,2.24,37.5,1,1,2,6.375,2.225,-39.6,0.0,0.018,0.0,0.0,,1.03
1788461495.845,idle,6.354,2.24,37.5,1,1,2,6.375,2.225,-39.6,0.0,0.018,0.0,0.0,,1.03
1788461495.896,idle,6.354,2.24,37.5,1,1,2,6.375,2.225,-39.6,0.0,0.018,0.0,0.0,,1.03
1788461495.947,idle,6.354,2.24,37.5,1,1,2,6.375,2.225,-39.6,0.0,0.018,0.0,0.0,,1.03
1788461495.997,idle,6.354,2.24,37.5,1,1,2,6.375,2.225,-39.6,0.0,0.018,0.0,0.0,,1.03
1788461496.048,idle,6.354,2.24,37.5,1,1,2,6.375,2.225,-39.6,0.0,0.018,0.0,0.0,,1.03
1788461496.102,idle,6.354,2.24,37.5,1,1,2,6.375,2.225,-39.6,0.0,0.018,0.0,0.0,,1.03
1788461496.157,idle,6.354,2.24,37.5,1,1,2,6.375,2.225,-39.6,0.0,0.018,0.0,0.0,,1.03
1788461496.213,idle,6.354,2.24,37.5,1,1,2,6.375,2.225,-39.6,0.0,0.018,0.0,0.0,,1.03
1788461496.27,idle,6.354,2.24,37.5,1,1,2,6.375,2.225,-39.6,0.0,0.018,0.0,0.0,,1.03
1788461496.326,idle,6.354,2.24,37.5,1,1,2,6.375,2.225,-39.6,0.0,0.018,0.0,0.0,,1.03
1788461496.379,idle,6.354,2.24,37.5,1,1,2,6.375,2.225,-39.6,0.0,0.018,0.0,0.0,,1.03
1788461496.429,idle,6.354,2.24,37.5,1,1,2,6.375,2.225,-39.6,0.0,0.018,0.0,0.0,,1.03
1788461496.484,idle,6.354,2.24,37.5,1,1,2,6.375,2.225,-39.6,0.0,0.018,0.0,0.0,,1.03
1788461496.535,idle,6.354,2.24,37.5,1,1,2,6.375,2.225,-39.6,0.0,0.018,0.0,0.0,,1.03
1788461496.585,idle,6.354,2.24,37.5,1,1,2,6.375,2.225,-39.6,0.0,0.018,0.0,0.0,,1.03
1788461496.635,idle,6.354,2.24,37.5,1,1,2,6.375,2.225,-39.6,0.0,0.018,0.0,0.0,,1.03
1788461496.686,idle,6.354,2.24,37.5,1,1,2,6.375,2.225,-39.6,0.0,0.018,0.0,0.0,,1.03
1788461496.736,idle,6.354,2.24,37.5,1,1,2,6.375,2.225,-39.6,0.0,0.018,0.0,0.0,,1.03
1788461496.788,idle,6.354,2.24,37.5,1,1,2,6.375,2.225,-39.6,0.0,0.018,0.0,0.0,,1.03
1788461496.84,idle,6.354,2.24,37.5,1,1,2,6.375,2.225,-39.6,0.0,0.018,0.0,0.0,,1.03
1788461496.894,idle,6.354,2.24,37.5,1,1,2,6.375,2.225,-39.6,0.0,0.018,0.0,0.0,,1.03
1788461496.948,idle,6.354,2.24,37.5,1,1,2,6.375,2.225,-39.6,0.0,0.018,0.0,0.0,,1.03
1788461497.011,idle,6.354,2.24,37.5,1,1,2,6.375,2.225,-39.6,0.0,0.018,0.0,0.0,,1.03
1788461497.068,idle,6.354,2.24,37.5,1,1,2,6.375,2.225,-39.6,0.0,0.018,0.0,0.0,,1.03
1788461497.125,idle,6.354,2.24,37.5,1,1,2,6.375,2.225,-39.6,0.0,0.018,0.0,0.0,,1.03
1788461497.175,idle,6.354,2.24,37.5,1,1,2,6.375,2.225,-39.6,0.0,0.018,0.0,0.0,,1.03
1788461497.227,idle,6.354,2.24,37.5,1,1,2,6.375,2.225,-39.6,0.0,0.018,0.0,0.0,,1.03
1788461497.277,idle,6.354,2.24,37.5,1,1,2,6.375,2.225,-39.6,0.0,0.018,0.0,0.0,,1.03
1788461497.329,idle,6.354,2.24,37.5,1,1,2,6.375,2.225,-39.6,0.0,0.018,0.0,0.0,,1.03
1788461497.38,idle,6.354,2.24,37.5,1,1,2,6.375,2.225,-39.6,0.0,0.018,0.0,0.0,,1.03
1788461497.435,idle,6.354,2.24,37.5,1,1,2,6.375,2.225,-39.6,0.0,0.018,0.0,0.0,,1.03
1788461497.49,idle,6.354,2.24,37.5,1,1,2,6.375,2.225,-39.6,0.0,0.018,0.0,0.0,,1.03
1788461497.542,idle,6.354,2.24,37.5,1,1,2,6.375,2.225,-39.6,0.0,0.018,0.0,0.0,,1.03
1788461497.594,idle,6.354,2.24,37.5,1,1,2,6.375,2.225,-39.6,0.0,0.018,0.0,0.0,,1.03
1788461497.645,idle,6.354,2.24,37.5,1,1,2,6.375,2.225,-39.6,0.0,0.018,0.0,0.0,,1.03
1788461497.7,idle,6.354,2.24,37.5,1,1,2,6.375,2.225,-39.6,0.0,0.018,0.0,0.0,,1.03
1788461497.756,idle,6.354,2.24,37.5,1,1,2,6.375,2.225,-39.6,0.0,0.018,0.0,0.0,,1.03
1788461497.812,idle,6.354,2.24,37.5,1,1,2,6.375,2.225,-39.6,0.0,0.018,0.0,0.0,,1.03
1788461497.872,idle,6.354,2.24,37.5,1,1,2,6.375,2.225,-39.6,0.0,0.018,0.0,0.0,,1.03
1788461497.921,idle,6.354,2.24,37.5,1,1,2,6.375,2.225,-39.6,0.0,0.018,0.0,0.0,,1.03
1788461497.975,idle,6.354,2.24,37.5,1,1,2,6.375,2.225,-39.6,0.0,0.018,0.0,0.0,,1.03
1788461498.026,idle,6.354,2.24,37.5,1,1,2,6.375,2.225,-39.6,0.0,0.018,0.0,0.0,,1.03
1788461498.078,idle,6.354,2.24,37.5,1,1,2,6.375,2.225,-39.6,0.0,0.018,0.0,0.0,,1.03
1788461498.128,idle,6.354,2.24,37.5,1,1,2,6.375,2.225,-39.6,0.0,0.018,0.0,0.0,,1.03
1788461498.18,idle,6.354,2.24,37.5,1,1,2,6.375,2.225,-39.6,0.0,0.018,0.0,0.0,,1.03
1788461498.23,idle,6.354,2.24,37.5,1,1,2,6.375,2.225,-39.6,0.0,0.018,0.0,0.0,,1.03
1788461498.28,idle,6.354,2.24,37.5,1,1,2,6.375,2.225,-39.6,0.0,0.018,0.0,0.0,,1.03
1788461498.331,idle,6.354,2.24,37.5,1,1,2,6.375,2.225,-39.6,0.0,0.018,0.0,0.0,,1.03
1788461498.381,idle,6.354,2.24,37.5,1,1,2,6.375,2.225,-39.6,0.0,0.018,0.0,0.0,,1.03
1788461498.432,idle,6.354,2.24,37.5,1,1,2,6.375,2.225,-39.6,0.0,0.018,0.0,0.0,,1.03
1788461498.489,idle,6.354,2.24,37.5,1,1,2,6.375,2.225,-39.6,0.0,0.018,0.0,0.0,,1.03
1788461498.544,idle,6.354,2.24,37.5,1,1,2,6.375,2.225,-39.6,0.0,0.018,0.0,0.0,,1.03
1788461498.608,idle,6.354,2.24,37.5,1,1,2,6.375,2.225,-39.6,0.0,0.018,0.0,0.0,,1.03
1788461498.664,idle,6.354,2.24,37.5,1,1,2,6.375,2.225,-39.6,0.0,0.018,0.0,0.0,,1.03
1788461498.72,idle,6.354,2.24,37.5,1,1,2,6.375,2.225,-39.6,0.0,0.018,0.0,0.0,,1.03
1788461498.772,idle,6.354,2.24,37.5,1,1,2,6.375,2.225,-39.6,0.0,0.018,0.0,0.0,,1.03
1788461498.824,idle,6.354,2.24,37.5,1,1,2,6.375,2.225,-39.6,0.0,0.018,0.0,0.0,,1.03
1788461498.876,idle,6.354,2.24,37.5,1,1,2,6.375,2.225,-39.6,0.0,0.018,0.0,0.0,,1.03
1788461498.929,idle,6.354,2.24,37.5,1,1,2,6.375,2.225,-39.6,0.0,0.018,0.0,0.0,,1.03
1788461498.979,idle,6.354,2.24,37.5,1,1,2,6.375,2.225,-39.6,0.0,0.018,0.0,0.0,,1.03
1788461499.032,idle,6.354,2.24,37.5,1,1,2,6.375,2.225,-39.6,0.0,0.018,0.0,0.0,,1.03
1788461499.084,idle,6.354,2.24,37.5,1,1,2,6.375,2.225,-39.6,0.0,0.018,0.0,0.0,,1.03
1788461499.136,idle,6.354,2.24,37.5,1,1,2,6.375,2.225,-39.6,0.0,0.018,0.0,0.0,,1.03
1788461499.187,idle,6.354,2.24,37.5,1,1,2,6.375,2.225,-39.6,0.0,0.018,0.0,0.0,,1.03
1788461499.24,idle,6.354,2.24,37.5,1,1,2,6.375,2.225,-39.6,0.0,0.018,0.0,0.0,,1.03
1788461499.301,idle,6.354,2.24,37.5,1,1,2,6.375,2.225,-39.6,0.0,0.018,0.0,0.0,,1.03
1788461499.361,idle,6.354,2.24,37.5,1,1,2,6.375,2.225,-39.6,0.0,0.018,0.0,0.0,,1.03
1788461499.42,idle,6.354,2.24,37.5,1,1,2,6.375,2.225,-39.6,0.0,0.018,0.0,0.0,,1.03
1788461499.476,idle,6.354,2.24,37.5,1,1,2,6.375,2.225,-39.6,0.0,0.018,0.0,0.0,,1.03
1788461499.529,idle,6.354,2.24,37.5,1,1,2,6.375,2.225,-39.6,0.0,0.018,0.0,0.0,,1.03
1788461499.584,idle,6.354,2.24,37.5,1,1,2,6.375,2.225,-39.6,0.0,0.018,0.0,0.0,,1.03
1788461499.633,idle,6.354,2.24,37.5,1,1,2,6.375,2.225,-39.6,0.0,0.018,0.0,0.0,,1.03
1788461499.683,idle,6.354,2.24,37.5,1,1,2,6.375,2.225,-39.6,0.0,0.018,0.0,0.0,,1.03
1788461499.733,idle,6.354,2.24,37.5,1,1,2,6.375,2.225,-39.6,0.0,0.018,0.0,0.0,,1.03
1788461499.785,idle,6.354,2.24,37.5,1,1,2,6.375,2.225,-39.6,0.0,0.018,0.0,0.0,,1.03
1788461499.835,idle,6.354,2.24,37.5,1,1,2,6.375,2.225,-39.6,0.0,0.018,0.0,0.0,,1.03
1788461499.887,idle,6.354,2.24,37.5,1,1,2,6.375,2.225,-39.6,0.0,0.018,0.0,0.0,,1.03
1788461499.936,idle,6.354,2.24,37.5,1,1,2,6.375,2.225,-39.6,0.0,0.018,0.0,0.0,,1.03
1788461499.987,idle,6.354,2.24,37.5,1,1,2,6.375,2.225,-39.6,0.0,0.018,0.0,0.0,,1.03
1788461500.042,idle,6.354,2.24,37.5,1,1,2,6.375,2.225,-39.6,0.0,0.018,0.0,0.0,,1.03
1788461500.102,idle,6.354,2.24,37.5,1,1,2,6.375,2.225,-39.6,0.0,0.018,0.0,0.0,,1.03
1788461500.157,idle,6.354,2.24,37.5,1,1,2,6.375,2.225,-39.6,0.0,0.018,0.0,0.0,,1.03
1788461500.215,idle,6.354,2.24,37.5,1,1,2,6.375,2.225,-39.6,0.0,0.018,0.0,0.0,,1.03
1788461500.27,idle,6.354,2.24,37.5,1,1,2,6.375,2.225,-39.6,0.0,0.018,0.0,0.0,,1.03
1788461500.321,idle,6.354,2.24,37.5,1,1,2,6.375,2.225,-39.6,0.0,0.018,0.0,0.0,,1.03
1788461500.372,idle,6.354,2.24,37.5,1,1,2,6.375,2.225,-39.6,0.0,0.018,0.0,0.0,,1.03
1788461500.422,idle,6.354,2.24,37.5,1,1,2,6.375,2.225,-39.6,0.0,0.018,0.0,0.0,,1.03
1788461500.476,idle,6.354,2.24,37.5,1,1,2,6.375,2.225,-39.6,0.0,0.018,0.0,0.0,,1.03
1788461500.527,idle,6.354,2.24,37.5,1,1,2,6.375,2.225,-39.6,0.0,0.018,0.0,0.0,,1.03
1788461500.577,idle,6.354,2.24,37.5,1,1,2,6.375,2.225,-39.6,0.0,0.018,0.0,0.0,,1.03
1788461500.628,idle,6.354,2.24,37.5,1,1,2,6.375,2.225,-39.6,0.0,0.018,0.0,0.0,,1.03
1788461500.68,idle,6.354,2.24,37.5,1,1,2,6.375,2.225,-39.6,0.0,0.018,0.0,0.0,,1.03
1788461500.732,idle,6.354,2.24,37.5,1,1,2,6.375,2.225,-39.6,0.0,0.018,0.0,0.0,,1.03
1788461500.784,idle,6.354,2.24,37.5,1,1,2,6.375,2.225,-39.6,0.0,0.018,0.0,0.0,,1.03
1788461500.839,idle,6.354,2.24,37.5,1,1,2,6.375,2.225,-39.6,0.0,0.018,0.0,0.0,,1.03
1788461500.898,idle,6.354,2.24,37.5,1,1,2,6.375,2.225,-39.6,0.0,0.018,0.0,0.0,,1.03
1788461500.953,idle,6.354,2.24,37.5,1,1,2,6.375,2.225,-39.6,0.0,0.018,0.0,0.0,,1.03
1788461501.009,idle,6.354,2.24,37.5,1,1,2,6.375,2.225,-39.6,0.0,0.018,0.0,0.0,,1.03
1788461501.064,idle,6.354,2.24,37.5,1,1,2,6.375,2.225,-39.6,0.0,0.018,0.0,0.0,,1.03
1788461501.117,idle,6.354,2.24,37.5,1,1,2,6.375,2.225,-39.6,0.0,0.018,0.0,0.0,,1.03
1788461501.169,idle,6.354,2.24,37.5,1,1,2,6.375,2.225,-39.6,0.0,0.018,0.0,0.0,,1.03
1788461501.22,idle,6.354,2.24,37.5,1,1,2,6.375,2.225,-39.6,0.0,0.018,0.0,0.0,,1.03
1788461501.272,idle,6.354,2.24,37.5,1,1,2,6.375,2.225,-39.6,0.0,0.018,0.0,0.0,,1.03
1788461501.323,idle,6.354,2.24,37.5,1,1,2,6.375,2.225,-39.6,0.0,0.018,0.0,0.0,,1.03
1788461501.375,idle,6.354,2.24,37.5,1,1,2,6.375,2.225,-39.6,0.0,0.018,0.0,0.0,,1.03
1788461501.427,idle,6.354,2.24,37.5,1,1,2,6.375,2.225,-39.6,0.0,0.018,0.0,0.0,,1.03
1788461501.48,idle,6.354,2.24,37.5,1,1,2,6.375,2.225,-39.6,0.0,0.018,0.0,0.0,,1.03
1788461501.53,idle,6.354,2.24,37.5,1,1,2,6.375,2.225,-39.6,0.0,0.018,0.0,0.0,,1.03
1788461501.583,idle,6.354,2.24,37.5,1,1,2,6.375,2.225,-39.6,0.0,0.018,0.0,0.0,,1.03
1788461501.64,idle,6.354,2.24,37.5,1,1,2,6.375,2.225,-39.6,0.0,0.018,0.0,0.0,,1.03
1788461501.7,idle,6.354,2.24,37.5,1,1,2,6.375,2.225,-39.6,0.0,0.018,0.0,0.0,,1.03
1788461501.757,idle,6.354,2.24,37.5,1,1,2,6.375,2.225,-39.6,0.0,0.018,0.0,0.0,,1.03
1788461501.816,idle,6.354,2.24,37.5,1,1,2,6.375,2.225,-39.6,0.0,0.018,0.0,0.0,,1.03
1788461501.869,idle,6.354,2.24,37.5,1,1,2,6.375,2.225,-39.6,0.0,0.018,0.0,0.0,,1.03
1788461501.924,idle,6.354,2.24,37.5,1,1,2,6.375,2.225,-39.6,0.0,0.018,0.0,0.0,,1.03
1788461501.976,idle,6.354,2.24,37.5,1,1,2,6.375,2.225,-39.6,0.0,0.018,0.0,0.0,,1.03
1788461502.027,idle,6.354,2.24,37.5,1,1,2,6.375,2.225,-39.6,0.0,0.018,0.0,0.0,,1.03
1788461502.077,idle,6.354,2.24,37.5,1,1,2,6.375,2.225,-39.6,0.0,0.018,0.0,0.0,,1.03
1788461502.129,idle,6.354,2.24,37.5,1,1,2,6.375,2.225,-39.6,0.0,0.018,0.0,0.0,,1.03
1788461502.178,idle,6.354,2.24,37.5,1,1,2,6.375,2.225,-39.6,0.0,0.018,0.0,0.0,,1.03
1788461502.23,idle,6.354,2.24,37.5,1,1,2,6.375,2.225,-39.6,0.0,0.018,0.0,0.0,,1.03
1788461502.28,idle,6.354,2.24,37.5,1,1,2,6.375,2.225,-39.6,0.0,0.018,0.0,0.0,,1.03
1788461502.333,idle,6.354,2.24,37.5,1,1,2,6.375,2.225,-39.6,0.0,0.018,0.0,0.0,,1.03
1788461502.388,idle,6.354,2.24,37.5,1,1,2,6.375,2.225,-39.6,0.0,0.018,0.0,0.0,,1.03
1788461502.442,idle,6.354,2.24,37.5,1,1,2,6.375,2.225,-39.6,0.0,0.018,0.0,0.0,,1.03
1788461502.503,idle,6.354,2.24,37.5,1,1,2,6.375,2.225,-39.6,0.0,0.018,0.0,0.0,,1.03
1788461502.558,idle,6.354,2.24,37.5,1,1,2,6.375,2.225,-39.6,0.0,0.018,0.0,0.0,,1.03
1788461502.612,idle,6.354,2.24,37.5,1,1,2,6.375,2.225,-39.6,0.0,0.018,0.0,0.0,,1.03
1788461502.662,idle,6.354,2.24,37.5,1,1,2,6.375,2.225,-39.6,0.0,0.018,0.0,0.0,,1.03
1788461502.714,idle,6.354,2.24,37.5,1,1,2,6.375,2.225,-39.6,0.0,0.018,0.0,0.0,,1.03
1788461502.767,idle,6.354,2.24,37.5,1,1,2,6.375,2.225,-39.6,0.0,0.018,0.0,0.0,,1.03
1788461502.817,idle,6.354,2.24,37.5,1,1,2,6.375,2.225,-39.6,0.0,0.018,0.0,0.0,,1.03
1788461502.871,idle,6.354,2.24,37.5,1,1,2,6.375,2.225,-39.6,0.0,0.018,0.0,0.0,,1.03
1788461502.923,idle,6.354,2.24,37.5,1,1,2,6.375,2.225,-39.6,0.0,0.018,0.0,0.0,,1.03
1788461502.975,idle,6.354,2.24,37.5,1,1,2,6.375,2.225,-39.6,0.0,0.018,0.0,0.0,,1.03
1788461503.026,idle,6.354,2.24,37.5,1,1,2,6.375,2.225,-39.6,0.0,0.018,0.0,0.0,,1.03
1788461503.078,idle,6.354,2.24,37.5,1,1,2,6.375,2.225,-39.6,0.0,0.018,0.0,0.0,,1.03
1788461503.128,idle,6.354,2.24,37.5,1,1,2,6.375,2.225,-39.6,0.0,0.018,0.0,0.0,,1.03
1788461503.183,idle,6.354,2.24,37.5,1,1,2,6.375,2.225,-39.6,0.0,0.018,0.0,0.0,,1.03
1788461503.239,idle,6.354,2.24,37.5,1,1,2,6.375,2.225,-39.6,0.0,0.018,0.0,0.0,,1.03
1788461503.297,idle,6.354,2.24,37.5,1,1,2,6.375,2.225,-39.6,0.0,0.018,0.0,0.0,,1.03
1788461503.355,idle,6.354,2.24,37.5,1,1,2,6.375,2.225,-39.6,0.0,0.018,0.0,0.0,,1.03
1788461503.411,idle,6.354,2.24,37.5,1,1,2,6.375,2.225,-39.6,0.0,0.018,0.0,0.0,,1.03
1788461503.461,idle,6.354,2.24,37.5,1,1,2,6.375,2.225,-39.6,0.0,0.018,0.0,0.0,,1.03
1788461503.513,idle,6.354,2.24,37.5,1,1,2,6.375,2.225,-39.6,0.0,0.018,0.0,0.0,,1.03
1788461503.564,idle,6.354,2.24,37.5,1,1,2,6.375,2.225,-39.6,0.0,0.018,0.0,0.0,,1.03
1788461503.619,idle,6.354,2.24,37.5,1,1,2,6.375,2.225,-39.6,0.0,0.018,0.0,0.0,,1.03
1788461503.67,idle,6.354,2.24,37.5,1,1,2,6.375,2.225,-39.6,0.0,0.018,0.0,0.0,,1.03
1788461503.721,idle,6.354,2.24,37.5,1,1,2,6.375,2.225,-39.6,0.0,0.018,0.0,0.0,,1.03
1788461503.772,idle,6.354,2.24,37.5,1,1,2,6.375,2.225,-39.6,0.0,0.018,0.0,0.0,,1.03
1788461503.823,idle,6.354,2.24,37.5,1,1,2,6.375,2.225,-39.6,0.0,0.018,0.0,0.0,,1.03
1788461503.874,idle,6.354,2.24,37.5,1,1,2,6.375,2.225,-39.6,0.0,0.018,0.0,0.0,,1.03
1788461503.925,idle,6.354,2.24,37.5,1,1,2,6.375,2.225,-39.6,0.0,0.018,0.0,0.0,,1.03
1788461503.98,idle,6.354,2.24,37.5,1,1,2,6.375,2.225,-39.6,0.0,0.018,0.0,0.0,,1.03
1788461504.036,idle,6.354,2.24,37.5,1,1,2,6.375,2.225,-39.6,0.0,0.018,0.0,0.0,,1.03
1788461504.092,idle,6.354,2.24,37.5,1,1,2,6.375,2.225,-39.6,0.0,0.018,0.0,0.0,,1.03
1788461504.146,idle,6.354,2.24,37.5,1,1,2,6.375,2.225,-39.6,0.0,0.018,0.0,0.0,,1.03
1788461504.201,idle,6.354,2.24,37.5,1,1,2,6.375,2.225,-39.6,0.0,0.018,0.0,0.0,,1.03
1788461504.254,idle,6.354,2.24,37.5,1,1,2,6.375,2.225,-39.6,0.0,0.018,0.0,0.0,,1.03
1788461504.308,idle,6.354,2.24,37.5,1,1,2,6.375,2.225,-39.6,0.0,0.018,0.0,0.0,,1.03
1788461504.36,idle,6.354,2.24,37.5,1,1,2,6.375,2.225,-39.6,0.0,0.018,0.0,0.0,,1.03
1788461504.411,idle,6.354,2.24,37.5,1,1,2,6.375,2.225,-39.6,0.0,0.018,0.0,0.0,,1.03
1788461504.466,idle,6.354,2.24,37.5,1,1,2,6.375,2.225,-39.6,0.0,0.018,0.0,0.0,,1.03
1788461504.519,idle,6.354,2.24,37.5,1,1,2,6.375,2.225,-39.6,0.0,0.018,0.0,0.0,,1.03
1788461504.572,idle,6.354,2.24,37.5,1,1,2,6.375,2.225,-39.6,0.0,0.018,0.0,0.0,,1.03
1788461504.624,idle,6.354,2.24,37.5,1,1,2,6.375,2.225,-39.6,0.0,0.018,0.0,0.0,,1.03
1788461504.676,idle,6.354,2.24,37.5,1,1,2,6.375,2.225,-39.6,0.0,0.018,0.0,0.0,,1.03
1788461504.729,idle,6.354,2.24,37.5,1,1,2,6.375,2.225,-39.6,0.0,0.018,0.0,0.0,,1.03
1788461504.789,idle,6.354,2.24,37.5,1,1,2,6.375,2.225,-39.6,0.0,0.018,0.0,0.0,,1.03
1788461504.845,idle,6.354,2.24,37.5,1,1,2,6.375,2.225,-39.6,0.0,0.018,0.0,0.0,,1.03
1788461504.903,idle,6.354,2.24,37.5,1,1,2,6.375,2.225,-39.6,0.0,0.018,0.0,0.0,,1.03
1788461504.956,idle,6.354,2.24,37.5,1,1,2,6.375,2.225,-39.6,0.0,0.018,0.0,0.0,,1.03
1788461505.011,idle,6.354,2.24,37.5,1,1,2,6.375,2.225,-39.6,0.0,0.018,0.0,0.0,,1.03
1788461505.061,idle,6.354,2.24,37.5,1,1,2,6.375,2.225,-39.6,0.0,0.018,0.0,0.0,,1.03
1788461505.113,idle,6.354,2.24,37.5,1,1,2,6.375,2.225,-39.6,0.0,0.018,0.0,0.0,,1.03
1788461505.166,idle,6.354,2.24,37.5,1,1,2,6.375,2.225,-39.6,0.0,0.018,0.0,0.0,,1.03
1788461505.219,idle,6.354,2.24,37.5,1,1,2,6.375,2.225,-39.6,0.0,0.018,0.0,0.0,,1.03
1788461505.27,idle,6.354,2.24,37.5,1,1,2,6.375,2.225,-39.6,0.0,0.018,0.0,0.0,,1.03
1788461505.322,idle,6.354,2.24,37.5,1,1,2,6.375,2.225,-39.6,0.0,0.018,0.0,0.0,,1.03
1788461505.375,idle,6.354,2.24,37.5,1,1,2,6.375,2.225,-39.6,0.0,0.018,0.0,0.0,,1.03
1788461505.426,idle,6.354,2.24,37.5,1,1,2,6.375,2.225,-39.6,0.0,0.018,0.0,0.0,,1.03
1788461505.479,idle,6.354,2.24,37.5,1,1,2,6.375,2.225,-39.6,0.0,0.018,0.0,0.0,,1.03
1788461505.536,idle,6.354,2.24,37.5,1,1,2,6.375,2.225,-39.6,0.0,0.018,0.0,0.0,,1.03
1788461505.596,idle,6.354,2.24,37.5,1,1,2,6.375,2.225,-39.6,0.0,0.018,0.0,0.0,,1.03
1788461505.653,idle,6.354,2.24,37.5,1,1,2,6.375,2.225,-39.6,0.0,0.018,0.0,0.0,,1.03
1788461505.708,idle,6.354,2.24,37.5,1,1,2,6.375,2.225,-39.6,0.0,0.018,0.0,0.0,,1.03
1788461505.76,idle,6.354,2.24,37.5,1,1,2,6.375,2.225,-39.6,0.0,0.018,0.0,0.0,,1.03
1788461505.813,idle,6.354,2.24,37.5,1,1,2,6.375,2.225,-39.6,0.0,0.018,0.0,0.0,,1.03
1788461505.865,idle,6.354,2.24,37.5,1,1,2,6.375,2.225,-39.6,0.0,0.018,0.0,0.0,,1.03
1788461505.914,idle,6.354,2.24,37.5,1,1,2,6.375,2.225,-39.6,0.0,0.018,0.0,0.0,,1.03
1788461505.965,idle,6.354,2.24,37.5,1,1,2,6.375,2.225,-39.6,0.0,0.018,0.0,0.0,,1.03
1788461506.015,idle,6.354,2.24,37.5,1,1,2,6.375,2.225,-39.6,0.0,0.018,0.0,0.0,,1.03
1788461506.068,idle,6.354,2.24,37.5,1,1,2,6.375,2.225,-39.6,0.0,0.018,0.0,0.0,,1.03
1788461506.121,idle,6.354,2.24,37.5,1,1,2,6.375,2.225,-39.6,0.0,0.018,0.0,0.0,,1.03
1788461506.173,idle,6.354,2.24,37.5,1,1,2,6.375,2.225,-39.6,0.0,0.018,0.0,0.0,,1.03
1788461506.226,idle,6.354,2.24,37.5,1,1,2,6.375,2.225,-39.6,0.0,0.018,0.0,0.0,,1.03
1788461506.283,idle,6.354,2.24,37.5,1,1,2,6.375,2.225,-39.6,0.0,0.018,0.0,0.0,,1.03
1788461506.337,idle,6.354,2.24,37.5,1,1,2,6.375,2.225,-39.6,0.0,0.018,0.0,0.0,,1.03
1788461506.394,idle,6.354,2.24,37.5,1,1,2,6.375,2.225,-39.6,0.0,0.018,0.0,0.0,,1.03
1788461506.449,idle,6.354,2.24,37.5,1,1,2,6.375,2.225,-39.6,0.0,0.018,0.0,0.0,,1.03
1788461506.504,idle,6.354,2.24,37.5,1,1,2,6.375,2.225,-39.6,0.0,0.018,0.0,0.0,,1.03
1788461506.554,idle,6.354,2.24,37.5,1,1,2,6.375,2.225,-39.6,0.0,0.018,0.0,0.0,,1.03
1788461506.609,idle,6.354,2.24,37.5,1,1,2,6.375,2.225,-39.6,0.0,0.018,0.0,0.0,,1.03
1788461506.659,idle,6.354,2.24,37.5,1,1,2,6.375,2.225,-39.6,0.0,0.018,0.0,0.0,,1.03
1788461506.713,idle,6.354,2.24,37.5,1,1,2,6.375,2.225,-39.6,0.0,0.018,0.0,0.0,,1.03
1788461506.764,idle,6.354,2.24,37.5,1,1,2,6.375,2.225,-39.6,0.0,0.018,0.0,0.0,,1.03
1788461506.817,idle,6.354,2.24,37.5,1,1,2,6.375,2.225,-39.6,0.0,0.018,0.0,0.0,,1.03
1788461506.868,idle,6.354,2.24,37.5,1,1,2,6.375,2.225,-39.6,0.0,0.018,0.0,0.0,,1.03
1788461506.919,idle,6.354,2.24,37.5,1,1,2,6.375,2.225,-39.6,0.0,0.018,0.0,0.0,,1.03
1788461506.97,idle,6.354,2.24,37.5,1,1,2,6.375,2.225,-39.6,0.0,0.018,0.0,0.0,,1.03
1788461507.026,idle,6.354,2.24,37.5,1,1,2,6.375,2.225,-39.6,0.0,0.018,0.0,0.0,,1.03
1788461507.082,idle,6.354,2.24,37.5,1,1,2,6.375,2.225,-39.6,0.0,0.018,0.0,0.0,,1.03
1788461507.139,idle,6.354,2.24,37.5,1,1,2,6.375,2.225,-39.6,0.0,0.018,0.0,0.0,,1.03
1788461507.2,idle,6.354,2.24,37.5,1,1,2,6.375,2.225,-39.6,0.0,0.018,0.0,0.0,,1.03
1788461507.258,idle,6.354,2.24,37.5,1,1,2,6.375,2.225,-39.6,0.0,0.018,0.0,0.0,,1.03
1788461507.31,idle,6.354,2.24,37.5,1,1,2,6.375,2.225,-39.6,0.0,0.018,0.0,0.0,,1.03
1788461507.361,idle,6.354,2.24,37.5,1,1,2,6.375,2.225,-39.6,0.0,0.018,0.0,0.0,,1.03
1788461507.411,idle,6.354,2.24,37.5,1,1,2,6.375,2.225,-39.6,0.0,0.018,0.0,0.0,,1.03
1788461507.462,idle,6.354,2.24,37.5,1,1,2,6.375,2.225,-39.6,0.0,0.018,0.0,0.0,,1.03
1788461507.512,idle,6.354,2.24,37.5,1,1,2,6.375,2.225,-39.6,0.0,0.018,0.0,0.0,,1.03
1788461507.563,idle,6.354,2.24,37.5,1,1,2,6.375,2.225,-39.6,0.0,0.018,0.0,0.0,,1.03
1788461507.615,idle,6.354,2.24,37.5,1,1,2,6.375,2.225,-39.6,0.0,0.018,0.0,0.0,,1.03
1788461507.615,idle,6.354,2.24,37.5,1,1,2,6.375,2.225,-39.6,0.0,0.018,0.0,0.0,,1.03
1788461507.718,idle,6.354,2.24,37.5,1,1,2,6.375,2.225,-39.6,0.0,0.018,0.0,0.0,,1.03
1788461507.769,idle,6.354,2.24,37.5,1,1,2,6.375,2.225,-39.6,0.0,0.018,0.0,0.0,,1.03
1788461507.822,idle,6.354,2.24,37.5,1,1,2,6.375,2.225,-39.6,0.0,0.018,0.0,0.0,,1.03
1788461507.877,idle,6.354,2.24,37.5,1,1,2,6.375,2.225,-39.6,0.0,0.018,0.0,0.0,,1.03
1788461507.934,idle,6.354,2.24,37.5,1,1,2,6.375,2.225,-39.6,0.0,0.018,0.0,0.0,,1.03
1788461507.992,idle,6.354,2.24,37.5,1,1,2,6.375,2.225,-39.6,0.0,0.018,0.0,0.0,,1.03
1788461508.044,idle,6.354,2.24,37.5,1,1,2,6.375,2.225,-39.6,0.0,0.018,0.0,0.0,,1.03
1788461508.096,idle,6.354,2.24,37.5,1,1,2,6.375,2.225,-39.6,0.0,0.018,0.0,0.0,,1.03
1788461508.146,idle,6.354,2.24,37.5,1,1,2,6.375,2.225,-39.6,0.0,0.018,0.0,0.0,,1.03
1788461508.197,idle,6.354,2.24,37.5,1,1,2,6.375,2.225,-39.6,0.0,0.018,0.0,0.0,,1.03
1788461508.247,idle,6.354,2.24,37.5,1,1,2,6.375,2.225,-39.6,0.0,0.018,0.0,0.0,,1.03
1788461508.299,idle,6.354,2.24,37.5,1,1,2,6.375,2.225,-39.6,0.0,0.018,0.0,0.0,,1.03
1788461508.349,idle,6.354,2.24,37.5,1,1,2,6.375,2.225,-39.6,0.0,0.018,0.0,0.0,,1.03
1788461508.404,idle,6.354,2.24,37.5,1,1,2,6.375,2.225,-39.6,0.0,0.018,0.0,0.0,,1.03
1788461508.454,idle,6.354,2.24,37.5,1,1,2,6.375,2.225,-39.6,0.0,0.018,0.0,0.0,,1.03
1788461508.508,idle,6.354,2.24,37.5,1,1,2,6.375,2.225,-39.6,0.0,0.018,0.0,0.0,,1.03
1788461508.558,idle,6.354,2.24,37.5,1,1,2,6.375,2.225,-39.6,0.0,0.018,0.0,0.0,,1.03
1788461508.613,idle,6.354,2.24,37.5,1,1,2,6.375,2.225,-39.6,0.0,0.018,0.0,0.0,,1.03
1788461508.668,idle,6.354,2.24,37.5,1,1,2,6.375,2.225,-39.6,0.0,0.018,0.0,0.0,,1.03
1788461508.723,idle,6.354,2.24,37.5,1,1,2,6.375,2.225,-39.6,0.0,0.018,0.0,0.0,,1.03
1788461508.784,idle,6.354,2.24,37.5,1,1,2,6.375,2.225,-39.6,0.0,0.018,0.0,0.0,,1.03
1788461508.835,idle,6.354,2.24,37.5,1,1,2,6.375,2.225,-39.6,0.0,0.018,0.0,0.0,,1.03
1788461508.887,idle,6.354,2.24,37.5,1,1,2,6.375,2.225,-39.6,0.0,0.018,0.0,0.0,,1.03
1788461508.937,idle,6.354,2.24,37.5,1,1,2,6.375,2.225,-39.6,0.0,0.018,0.0,0.0,,1.03
1788461508.99,idle,6.354,2.24,37.5,1,1,2,6.375,2.225,-39.6,0.0,0.018,0.0,0.0,,1.03
1788461509.041,idle,6.354,2.24,37.5,1,1,2,6.375,2.225,-39.6,0.0,0.018,0.0,0.0,,1.03
1788461509.092,idle,6.354,2.24,37.5,1,1,2,6.375,2.225,-39.6,0.0,0.018,0.0,0.0,,1.03
1788461509.143,idle,6.354,2.24,37.5,1,1,2,6.375,2.225,-39.6,0.0,0.018,0.0,0.0,,1.03
1788461509.196,idle,6.354,2.24,37.5,1,1,2,6.375,2.225,-39.6,0.0,0.018,0.0,0.0,,1.03
1788461509.246,idle,6.354,2.24,37.5,1,1,2,6.375,2.225,-39.6,0.0,0.018,0.0,0.0,,1.03
1788461509.3,idle,6.354,2.24,37.5,1,1,2,6.375,2.225,-39.6,0.0,0.018,0.0,0.0,,1.03
1788461509.349,idle,6.354,2.24,37.5,1,1,2,6.375,2.225,-39.6,0.0,0.018,0.0,0.0,,1.03
1788461509.406,idle,6.354,2.24,37.5,1,1,2,6.375,2.225,-39.6,0.0,0.018,0.0,0.0,,1.03
1788461509.467,idle,6.354,2.24,37.5,1,1,2,6.375,2.225,-39.6,0.0,0.018,0.0,0.0,,1.03
1788461509.526,idle,6.354,2.24,37.5,1,1,2,6.375,2.225,-39.6,0.0,0.018,0.0,0.0,,1.03
1788461509.583,idle,6.354,2.24,37.5,1,1,2,6.375,2.225,-39.6,0.0,0.018,0.0,0.0,,1.03
1788461509.635,idle,6.354,2.24,37.5,1,1,2,6.375,2.225,-39.6,0.0,0.018,0.0,0.0,,1.03
1788461509.686,idle,6.354,2.24,37.5,1,1,2,6.375,2.225,-39.6,0.0,0.018,0.0,0.0,,1.03
1788461509.736,idle,6.354,2.24,37.5,1,1,2,6.375,2.225,-39.6,0.0,0.018,0.0,0.0,,1.03
1788461509.788,idle,6.354,2.24,37.5,1,1,2,6.375,2.225,-39.6,0.0,0.018,0.0,0.0,,1.03
1788461509.841,idle,6.354,2.24,37.5,1,1,2,6.375,2.225,-39.6,0.0,0.018,0.0,0.0,,1.03
1788461509.894,idle,6.354,2.24,37.5,1,1,2,6.375,2.225,-39.6,0.0,0.018,0.0,0.0,,1.03
1788461509.944,idle,6.354,2.24,37.5,1,1,2,6.375,2.225,-39.6,0.0,0.018,0.0,0.0,,1.03
1788461509.998,idle,6.354,2.24,37.5,1,1,2,6.375,2.225,-39.6,0.0,0.018,0.0,0.0,,1.03
1788461510.048,idle,6.354,2.24,37.5,1,1,2,6.375,2.225,-39.6,0.0,0.018,0.0,0.0,,1.03
1788461510.102,idle,6.354,2.24,37.5,1,1,2,6.375,2.225,-39.6,0.0,0.018,0.0,0.0,,1.03
1788461510.155,idle,6.354,2.24,37.5,1,1,2,6.375,2.225,-39.6,0.0,0.018,0.0,0.0,,1.03
1788461510.215,idle,6.354,2.24,37.5,1,1,2,6.375,2.225,-39.6,0.0,0.018,0.0,0.0,,1.03
1788461510.27,idle,6.354,2.24,37.5,1,1,2,6.375,2.225,-39.6,0.0,0.018,0.0,0.0,,1.03
1788461510.326,idle,6.354,2.24,37.5,1,1,2,6.375,2.225,-39.6,0.0,0.018,0.0,0.0,,1.03
1788461510.381,idle,6.354,2.24,37.5,1,1,2,6.375,2.225,-39.6,0.0,0.018,0.0,0.0,,1.03
1788461510.435,idle,6.354,2.24,37.5,1,1,2,6.375,2.225,-39.6,0.0,0.018,0.0,0.0,,1.03
1788461510.488,idle,6.354,2.24,37.5,1,1,2,6.375,2.225,-39.6,0.0,0.018,0.0,0.0,,1.03
1788461510.538,idle,6.354,2.24,37.5,1,1,2,6.375,2.225,-39.6,0.0,0.018,0.0,0.0,,1.03
1788461510.59,idle,6.354,2.24,37.5,1,1,2,6.375,2.225,-39.6,0.0,0.018,0.0,0.0,,1.03
1788461510.642,idle,6.354,2.24,37.5,1,1,2,6.375,2.225,-39.6,0.0,0.018,0.0,0.0,,1.03
1788461510.692,idle,6.354,2.24,37.5,1,1,2,6.375,2.225,-39.6,0.0,0.018,0.0,0.0,,1.03
1788461510.742,idle,6.354,2.24,37.5,1,1,2,6.375,2.225,-39.6,0.0,0.018,0.0,0.0,,1.03
1788461510.793,idle,6.354,2.24,37.5,1,1,2,6.375,2.225,-39.6,0.0,0.018,0.0,0.0,,1.03
1788461510.844,idle,6.354,2.24,37.5,1,1,2,6.375,2.225,-39.6,0.0,0.018,0.0,0.0,,1.03
1788461510.894,idle,6.354,2.24,37.5,1,1,2,6.375,2.225,-39.6,0.0,0.018,0.0,0.0,,1.03
1788461510.947,idle,6.354,2.24,37.5,1,1,2,6.375,2.225,-39.6,0.0,0.018,0.0,0.0,,1.03
1788461511.003,idle,6.354,2.24,37.5,1,1,2,6.375,2.225,-39.6,0.0,0.018,0.0,0.0,,1.03
1788461511.06,idle,6.354,2.24,37.5,1,1,2,6.375,2.225,-39.6,0.0,0.018,0.0,0.0,,1.03
1788461511.12,idle,6.354,2.24,37.5,1,1,2,6.375,2.225,-39.6,0.0,0.018,0.0,0.0,,1.03
1788461511.176,idle,6.354,2.24,37.5,1,1,2,6.375,2.225,-39.6,0.0,0.018,0.0,0.0,,1.03
1788461511.227,idle,6.354,2.24,37.5,1,1,2,6.375,2.225,-39.6,0.0,0.018,0.0,0.0,,1.03
1788461511.278,idle,6.354,2.24,37.5,1,1,2,6.375,2.225,-39.6,0.0,0.018,0.0,0.0,,1.03
1788461511.331,idle,6.354,2.24,37.5,1,1,2,6.375,2.225,-39.6,0.0,0.018,0.0,0.0,,1.03
1788461511.382,idle,6.354,2.24,37.5,1,1,2,6.375,2.225,-39.6,0.0,0.018,0.0,0.0,,1.03
1788461511.432,idle,6.354,2.24,37.5,1,1,2,6.375,2.225,-39.6,0.0,0.018,0.0,0.0,,1.03
1788461511.485,idle,6.354,2.24,37.5,1,1,2,6.375,2.225,-39.6,0.0,0.018,0.0,0.0,,1.03
1788461511.535,idle,6.354,2.24,37.5,1,1,2,6.375,2.225,-39.6,0.0,0.018,0.0,0.0,,1.03
1788461511.588,idle,6.354,2.24,37.5,1,1,2,6.375,2.225,-39.6,0.0,0.018,0.0,0.0,,1.03
1788461511.637,idle,6.354,2.24,37.5,1,1,2,6.375,2.225,-39.6,0.0,0.018,0.0,0.0,,1.03
1788461511.691,idle,6.354,2.24,37.5,1,1,2,6.375,2.225,-39.6,0.0,0.018,0.0,0.0,,1.03
1788461511.746,idle,6.354,2.24,37.5,1,1,2,6.375,2.225,-39.6,0.0,0.018,0.0,0.0,,1.03
1788461511.807,idle,6.354,2.24,37.5,1,1,2,6.375,2.225,-39.6,0.0,0.018,0.0,0.0,,1.03
1788461511.862,idle,6.354,2.24,37.5,1,1,2,6.375,2.225,-39.6,0.0,0.018,0.0,0.0,,1.03
1788461511.921,idle,6.354,2.24,37.5,1,1,2,6.375,2.225,-39.6,0.0,0.018,0.0,0.0,,1.03
1788461511.974,idle,6.354,2.24,37.5,1,1,2,6.375,2.225,-39.6,0.0,0.018,0.0,0.0,,1.03
1788461512.029,idle,6.354,2.24,37.5,1,1,2,6.375,2.225,-39.6,0.0,0.018,0.0,0.0,,1.03
1788461512.082,idle,6.354,2.24,37.5,1,1,2,6.375,2.225,-39.6,0.0,0.018,0.0,0.0,,1.03
1788461512.134,idle,6.354,2.24,37.5,1,1,2,6.375,2.225,-39.6,0.0,0.018,0.0,0.0,,1.03
1788461512.185,idle,6.354,2.24,37.5,1,1,2,6.375,2.225,-39.6,0.0,0.018,0.0,0.0,,1.03
1788461512.237,idle,6.354,2.24,37.5,1,1,2,6.375,2.225,-39.6,0.0,0.018,0.0,0.0,,1.03
1788461512.289,idle,6.354,2.24,37.5,1,1,2,6.375,2.225,-39.6,0.0,0.018,0.0,0.0,,1.03
1788461512.341,idle,6.354,2.24,37.5,1,1,2,6.375,2.225,-39.6,0.0,0.018,0.0,0.0,,1.03
1788461512.394,idle,6.354,2.24,37.5,1,1,2,6.375,2.225,-39.6,0.0,0.018,0.0,0.0,,1.03
1788461512.447,idle,6.354,2.24,37.5,1,1,2,6.375,2.225,-39.6,0.0,0.018,0.0,0.0,,1.03
1788461512.503,idle,6.354,2.24,37.5,1,1,2,6.375,2.225,-39.6,0.0,0.018,0.0,0.0,,1.03
1788461512.558,idle,6.354,2.24,37.5,1,1,2,6.375,2.225,-39.6,0.0,0.018,0.0,0.0,,1.03
1788461512.612,idle,6.354,2.24,37.5,1,1,2,6.375,2.225,-39.6,0.0,0.018,0.0,0.0,,1.03
1788461512.671,idle,6.354,2.24,37.5,1,1,2,6.375,2.225,-39.6,0.0,0.018,0.0,0.0,,1.03
1788461512.726,idle,6.354,2.24,37.5,1,1,2,6.375,2.225,-39.6,0.0,0.018,0.0,0.0,,1.03
1788461512.779,idle,6.354,2.24,37.5,1,1,2,6.375,2.225,-39.6,0.0,0.018,0.0,0.0,,1.03
1788461512.832,idle,6.354,2.24,37.5,1,1,2,6.375,2.225,-39.6,0.0,0.018,0.0,0.0,,1.03
1788461512.886,idle,6.354,2.24,37.5,1,1,2,6.375,2.225,-39.6,0.0,0.018,0.0,0.0,,1.03
1788461512.937,idle,6.354,2.24,37.5,1,1,2,6.375,2.225,-39.6,0.0,0.018,0.0,0.0,,1.03
1788461512.988,idle,6.354,2.24,37.5,1,1,2,6.375,2.225,-39.6,0.0,0.018,0.0,0.0,,1.03
1788461513.04,idle,6.354,2.24,37.5,1,1,2,6.375,2.225,-39.6,0.0,0.018,0.0,0.0,,1.03
1788461513.094,idle,6.354,2.24,37.5,1,1,2,6.375,2.225,-39.6,0.0,0.018,0.0,0.0,,1.03
1788461513.147,idle,6.354,2.24,37.5,1,1,2,6.375,2.225,-39.6,0.0,0.018,0.0,0.0,,1.03
1788461513.2,idle,6.354,2.24,37.5,1,1,2,6.375,2.225,-39.6,0.0,0.018,0.0,0.0,,1.03
1788461513.251,idle,6.354,2.24,37.5,1,1,2,6.375,2.225,-39.6,0.0,0.018,0.0,0.0,,1.03
1788461513.307,idle,6.354,2.24,37.5,1,1,2,6.375,2.225,-39.6,0.0,0.018,0.0,0.0,,1.03
1788461513.368,idle,6.354,2.24,37.5,1,1,2,6.375,2.225,-39.6,0.0,0.018,0.0,0.0,,1.03
1788461513.426,idle,6.354,2.24,37.5,1,1,2,6.375,2.225,-39.6,0.0,0.018,0.0,0.0,,1.03
1788461513.487,idle,6.354,2.24,37.5,1,1,2,6.375,2.225,-39.6,0.0,0.018,0.0,0.0,,1.03
1788461513.54,idle,6.354,2.24,37.5,1,1,2,6.375,2.225,-39.6,0.0,0.018,0.0,0.0,,1.03
1788461513.59,idle,6.354,2.24,37.5,1,1,2,6.375,2.225,-39.6,0.0,0.018,0.0,0.0,,1.03
1788461513.642,idle,6.354,2.24,37.5,1,1,2,6.375,2.225,-39.6,0.0,0.018,0.0,0.0,,1.03
1788461513.692,idle,6.354,2.24,37.5,1,1,2,6.375,2.225,-39.6,0.0,0.018,0.0,0.0,,1.03
1788461513.742,idle,6.354,2.24,37.5,1,1,2,6.375,2.225,-39.6,0.0,0.018,0.0,0.0,,1.03
1788461513.793,idle,6.354,2.24,37.5,1,1,2,6.375,2.225,-39.6,0.0,0.018,0.0,0.0,,1.03
1788461513.844,idle,6.354,2.24,37.5,1,1,2,6.375,2.225,-39.6,0.0,0.018,0.0,0.0,,1.03
1788461513.894,idle,6.354,2.24,37.5,1,1,2,6.375,2.225,-39.6,0.0,0.018,0.0,0.0,,1.03
1788461513.947,idle,6.354,2.24,37.5,1,1,2,6.375,2.225,-39.6,0.0,0.018,0.0,0.0,,1.03
1788461514.002,idle,6.354,2.24,37.5,1,1,2,6.375,2.225,-39.6,0.0,0.018,0.0,0.0,,1.03
1788461514.054,idle,6.354,2.24,37.5,1,1,2,6.375,2.225,-39.6,0.0,0.018,0.0,0.0,,1.03
1788461514.11,idle,6.354,2.24,37.5,1,1,2,6.375,2.225,-39.6,0.0,0.018,0.0,0.0,,1.03
1788461514.168,idle,6.354,2.24,37.5,1,1,2,6.375,2.225,-39.6,0.0,0.018,0.0,0.0,,1.03
1788461514.228,idle,6.354,2.24,37.5,1,1,2,6.375,2.225,-39.6,0.0,0.018,0.0,0.0,,1.03
1788461514.282,idle,6.354,2.24,37.5,1,1,2,6.375,2.225,-39.6,0.0,0.018,0.0,0.0,,1.03
1788461514.337,idle,6.354,2.24,37.5,1,1,2,6.375,2.225,-39.6,0.0,0.018,0.0,0.0,,1.03
1788461514.389,idle,6.354,2.24,37.5,1,1,2,6.375,2.225,-39.6,0.0,0.018,0.0,0.0,,1.03
1788461514.44,idle,6.354,2.24,37.5,1,1,2,6.375,2.225,-39.6,0.0,0.018,0.0,0.0,,1.03
1788461514.495,idle,6.354,2.24,37.5,1,1,2,6.375,2.225,-39.6,0.0,0.018,0.0,0.0,,1.03
1788461514.546,idle,6.354,2.24,37.5,1,1,2,6.375,2.225,-39.6,0.0,0.018,0.0,0.0,,1.03
1788461514.598,idle,6.354,2.24,37.5,1,1,2,6.375,2.225,-39.6,0.0,0.018,0.0,0.0,,1.03
1788461514.648,idle,6.354,2.24,37.5,1,1,2,6.375,2.225,-39.6,0.0,0.018,0.0,0.0,,1.03
1788461514.701,idle,6.354,2.24,37.5,1,1,2,6.375,2.225,-39.6,0.0,0.018,0.0,0.0,,1.03
1788461514.752,idle,6.354,2.24,37.5,1,1,2,6.375,2.225,-39.6,0.0,0.018,0.0,0.0,,1.03
1788461514.804,idle,6.354,2.24,37.5,1,1,2,6.375,2.225,-39.6,0.0,0.018,0.0,0.0,,1.03
1788461514.856,idle,6.354,2.24,37.5,1,1,2,6.375,2.225,-39.6,0.0,0.018,0.0,0.0,,1.03
1788461514.914,idle,6.354,2.24,37.5,1,1,2,6.375,2.225,-39.6,0.0,0.018,0.0,0.0,,1.03
1788461514.975,idle,6.354,2.24,37.5,1,1,2,6.375,2.225,-39.6,0.0,0.018,0.0,0.0,,1.03
1788461515.031,idle,6.354,2.24,37.5,1,1,2,6.375,2.225,-39.6,0.0,0.018,0.0,0.0,,1.03
1788461515.09,idle,6.354,2.24,37.5,1,1,2,6.375,2.225,-39.6,0.0,0.018,0.0,0.0,,1.03
1788461515.144,idle,6.354,2.24,37.5,1,1,2,6.375,2.225,-39.6,0.0,0.018,0.0,0.0,,1.03
1788461515.195,idle,6.354,2.24,37.5,1,1,2,6.375,2.225,-39.6,0.0,0.018,0.0,0.0,,1.03
1788461515.246,idle,6.354,2.24,37.5,1,1,2,6.375,2.225,-39.6,0.0,0.018,0.0,0.0,,1.03
1788461515.296,idle,6.354,2.24,37.5,1,1,2,6.375,2.225,-39.6,0.0,0.018,0.0,0.0,,1.03
1788461515.349,idle,6.354,2.24,37.5,1,1,2,6.375,2.225,-39.6,0.0,0.018,0.0,0.0,,1.03
1788461515.401,idle,6.354,2.24,37.5,1,1,2,6.375,2.225,-39.6,0.0,0.018,0.0,0.0,,1.03
1788461515.451,idle,6.354,2.24,37.5,1,1,2,6.375,2.225,-39.6,0.0,0.018,0.0,0.0,,1.03
1788461515.504,idle,6.354,2.24,37.5,1,1,2,6.375,2.225,-39.6,0.0,0.018,0.0,0.0,,1.03
1788461515.557,idle,6.354,2.24,37.5,1,1,2,6.375,2.225,-39.6,0.0,0.018,0.0,0.0,,1.03
1788461515.611,idle,6.354,2.24,37.5,1,1,2,6.375,2.225,-39.6,0.0,0.018,0.0,0.0,,1.03
1788461515.669,idle,6.354,2.24,37.5,1,1,2,6.375,2.225,-39.6,0.0,0.018,0.0,0.0,,1.03
1788461515.721,idle,6.354,2.24,37.5,1,1,2,6.375,2.225,-39.6,0.0,0.018,0.0,0.0,,1.03
1788461515.779,idle,6.354,2.24,37.5,1,1,2,6.375,2.225,-39.6,0.0,0.018,0.0,0.0,,1.03
1788461515.836,idle,6.354,2.24,37.5,1,1,2,6.375,2.225,-39.6,0.0,0.018,0.0,0.0,,1.03
1788461515.89,idle,6.354,2.24,37.5,1,1,2,6.375,2.225,-39.6,0.0,0.018,0.0,0.0,,1.03
1788461515.94,idle,6.354,2.24,37.5,1,1,2,6.375,2.225,-39.6,0.0,0.018,0.0,0.0,,1.03
1788461515.992,idle,6.354,2.24,37.5,1,1,2,6.375,2.225,-39.6,0.0,0.018,0.0,0.0,,1.03
1788461516.041,idle,6.354,2.24,37.5,1,1,2,6.375,2.225,-39.6,0.0,0.018,0.0,0.0,,1.03
1788461516.093,idle,6.354,2.24,37.5,1,1,2,6.375,2.225,-39.6,0.0,0.018,0.0,0.0,,1.03
