t,state,x,y,yaw_deg,i0,ci,n,aim_x,aim_y,herr_deg,dist_aim,dist_goal,vx,wz,la,clear
1788457453.037,driving,1.0,1.0,0.0,0,30,83,2.475,0.875,-4.8,1.48,4.077,0.3,0.0,1.5,1.56
1788457453.092,driving,1.0,1.0,0.0,0,30,83,2.475,0.875,-4.8,1.48,4.077,0.3,0.0,1.5,1.56
1788457453.146,driving,1.002,1.0,0.0,0,30,83,2.475,0.875,-4.8,1.478,4.074,0.3,0.0,1.5,1.56
1788457453.201,driving,1.006,1.0,0.0,1,31,83,2.525,0.875,-4.8,1.524,4.071,0.3,0.0,1.5,1.56
1788457453.255,driving,1.019,1.0,0.0,1,31,83,2.525,0.875,-4.8,1.511,4.058,0.3,0.0,1.5,1.56
1788457453.31,driving,1.028,1.0,0.0,1,31,83,2.525,0.875,-4.8,1.502,4.049,0.3,0.0,1.5,1.56
1788457453.363,driving,1.048,1.0,0.0,1,31,83,2.525,0.875,-4.8,1.482,4.028,0.3,0.0,1.5,1.56
1788457453.421,driving,1.059,1.0,0.0,2,32,83,2.575,0.875,-4.8,1.521,4.018,0.3,0.0,1.5,1.56
1788457453.474,driving,1.079,1.0,0.0,2,32,83,2.575,0.875,-4.8,1.501,3.998,0.3,0.0,1.5,1.56
1788457453.532,driving,1.089,1.0,0.0,2,32,83,2.575,0.875,-4.8,1.491,3.988,0.3,0.0,1.5,1.56
1788457453.59,driving,1.11,1.0,0.0,3,33,83,2.625,0.875,-4.8,1.52,3.967,0.3,0.0,1.5,1.56
1788457453.651,driving,1.12,1.0,0.0,3,33,83,2.625,0.875,-4.8,1.51,3.957,0.3,0.0,1.5,1.56
1788457453.709,driving,1.14,1.0,0.0,3,33,83,2.625,0.875,-4.8,1.49,3.937,0.3,0.0,1.5,1.56
1788457453.764,driving,1.15,1.0,0.0,3,33,83,2.625,0.875,-4.8,1.48,3.927,0.3,0.0,1.5,1.56
1788457453.817,driving,1.161,1.0,0.0,4,34,83,2.675,0.875,-4.8,1.52,3.916,0.3,0.0,1.5,1.56
1788457453.87,driving,1.181,1.0,0.0,4,34,83,2.675,0.875,-4.8,1.499,3.896,0.3,0.0,1.5,1.56
1788457453.923,driving,1.191,1.0,0.0,4,34,83,2.675,0.875,-4.8,1.489,3.886,0.3,0.0,1.5,1.56
1788457453.975,driving,1.212,1.0,0.0,5,35,83,2.725,0.875,-4.8,1.519,3.865,0.3,0.0,1.5,1.56
1788457454.03,driving,1.222,1.0,0.0,5,35,83,2.725,0.875,-4.8,1.508,3.855,0.3,0.0,1.5,1.56
1788457454.095,driving,1.243,1.001,0.2,0,30,78,2.725,0.875,-5.0,1.488,3.834,0.3,0.0,1.5,1.56
1788457454.152,driving,1.253,1.001,0.4,1,31,78,2.775,0.875,-5.2,1.527,3.824,0.3,0.0,1.5,1.56
1788457454.208,driving,1.274,1.002,0.5,1,31,78,2.775,0.875,-5.3,1.506,3.803,0.3,0.0,1.5,1.56
1788457454.26,driving,1.284,1.002,0.5,1,31,78,2.775,0.875,-5.3,1.496,3.793,0.3,0.0,1.5,1.56
1788457454.32,driving,1.305,1.002,0.5,2,32,78,2.825,0.875,-5.3,1.526,3.772,0.3,0.0,1.5,1.56
1788457454.381,driving,1.315,1.002,0.5,2,32,78,2.825,0.875,-5.3,1.515,3.762,0.3,0.0,1.5,1.56
1788457454.446,driving,1.335,1.002,0.5,2,32,78,2.825,0.875,-5.3,1.495,3.742,0.3,0.0,1.5,1.56
1788457454.507,driving,1.346,1.003,0.5,2,32,78,2.825,0.875,-5.3,1.485,3.732,0.3,0.0,1.5,1.56
1788457454.562,driving,1.361,1.004,0.9,3,33,78,2.875,0.875,-5.7,1.52,3.716,0.3,0.0,1.5,1.56
1788457454.615,driving,1.367,1.005,1.1,3,33,78,2.875,0.875,-5.9,1.513,3.71,0.3,0.0,1.5,1.56
1788457454.667,driving,1.386,1.006,1.2,3,33,78,2.875,0.875,-6.1,1.495,3.692,0.3,0.0,1.5,1.56
1788457454.722,driving,1.396,1.006,1.2,3,33,78,2.875,0.875,-6.1,1.485,3.682,0.3,0.0,1.5,1.56
1788457454.774,driving,1.406,1.006,1.2,4,34,78,2.925,0.875,-6.1,1.525,3.671,0.3,0.0,1.5,1.56
1788457454.827,driving,1.426,1.007,1.2,4,34,78,2.925,0.875,-6.1,1.504,3.651,0.3,0.0,1.5,1.56
1788457454.88,driving,1.437,1.007,1.2,4,34,78,2.925,0.875,-6.1,1.494,3.641,0.3,0.0,1.5,1.56
1788457454.934,driving,1.457,1.007,1.2,5,35,78,2.975,0.875,-6.1,1.524,3.62,0.3,0.0,1.5,1.56
1788457454.988,driving,1.467,1.007,1.1,5,35,78,2.975,0.875,-6.0,1.513,3.61,0.3,0.0,1.5,1.56
1788457455.04,driving,1.489,1.005,0.8,5,35,78,2.975,0.875,-5.6,1.492,3.589,0.3,0.0,1.5,1.56
1788457455.095,driving,1.499,1.005,0.7,1,31,73,3.025,0.875,-5.6,1.531,3.578,0.3,0.0,1.5,1.56
1788457455.161,driving,1.519,1.006,0.7,1,31,73,3.025,0.875,-5.6,1.511,3.558,0.3,0.0,1.5,1.56
1788457455.22,driving,1.53,1.006,0.7,1,31,73,3.025,0.875,-5.6,1.501,3.548,0.3,0.0,1.5,1.56
1788457455.28,driving,1.55,1.006,0.7,2,32,73,3.075,0.875,-5.6,1.531,3.527,0.3,0.0,1.5,1.56
1788457455.335,driving,1.56,1.006,0.7,2,32,73,3.075,0.875,-5.6,1.52,3.517,0.3,0.0,1.5,1.56
1788457455.388,driving,1.581,1.006,0.7,2,32,73,3.075,0.875,-5.6,1.5,3.497,0.3,0.0,1.5,1.56
1788457455.44,driving,1.59,1.004,0.4,2,32,73,3.075,0.875,-5.2,1.491,3.487,0.3,0.0,1.5,1.56
1788457455.492,driving,1.608,0.998,-0.5,3,33,73,3.125,0.875,-4.4,1.522,3.469,0.3,0.0,1.5,1.56
1788457455.546,driving,1.618,0.997,-0.5,3,33,73,3.125,0.875,-4.4,1.512,3.459,0.3,0.0,1.5,1.56
1788457455.597,driving,1.639,0.997,-0.5,3,33,73,3.125,0.875,-4.3,1.491,3.438,0.3,0.0,1.5,1.56
1788457455.651,driving,1.649,0.997,-0.5,4,34,73,3.175,0.875,-4.3,1.531,3.428,0.3,0.0,1.5,1.56
1788457455.708,driving,1.659,0.997,-0.5,4,34,73,3.175,0.875,-4.3,1.521,3.418,0.3,0.0,1.5,1.56
1788457455.762,driving,1.68,0.997,-0.5,4,34,73,3.175,0.875,-4.3,1.5,3.398,0.3,0.0,1.5,1.56
1788457455.815,driving,1.69,0.997,-0.5,4,34,73,3.175,0.875,-4.3,1.49,3.387,0.3,0.0,1.5,1.56
1788457455.875,driving,1.703,0.997,-0.5,5,35,73,3.225,0.875,-4.4,1.527,3.374,0.3,0.0,1.5,1.56
1788457455.937,driving,1.707,0.998,-0.4,5,35,73,3.225,0.875,-4.4,1.523,3.37,0.3,0.0,1.5,1.56
1788457456.003,driving,1.722,0.999,-0.4,5,35,73,3.225,0.875,-4.4,1.508,3.356,0.3,0.0,1.5,1.56
1788457456.069,driving,1.732,0.999,-0.4,5,35,73,3.225,0.875,-4.4,1.498,3.345,0.3,0.0,1.5,1.56
1788457456.128,driving,1.752,0.998,-0.4,0,30,68,3.225,0.875,-4.4,1.478,3.325,0.3,0.0,1.5,1.56
1788457456.179,driving,1.763,0.998,-0.4,1,31,68,3.275,0.875,-4.4,1.517,3.315,0.3,0.0,1.5,1.56
1788457456.231,driving,1.783,0.998,-0.4,1,31,68,3.275,0.875,-4.4,1.497,3.294,0.3,0.0,1.5,1.56
1788457456.282,driving,1.793,0.998,-0.4,1,31,68,3.275,0.875,-4.4,1.487,3.284,0.3,0.0,1.5,1.56
1788457456.336,driving,1.809,0.997,-0.5,2,32,68,3.325,0.875,-4.3,1.521,3.268,0.3,0.0,1.5,1.56
1788457456.389,driving,1.816,0.997,-0.6,2,32,68,3.325,0.875,-4.2,1.514,3.261,0.3,0.0,1.5,1.56
1788457456.446,driving,1.834,0.996,-0.7,2,32,68,3.325,0.875,-4.1,1.496,3.243,0.3,0.0,1.5,1.56
1788457456.498,driving,1.844,0.996,-0.7,2,32,68,3.325,0.875,-4.1,1.486,3.233,0.3,0.0,1.5,1.56
1788457456.551,driving,1.865,0.996,-0.7,3,33,68,3.375,0.875,-4.1,1.515,3.213,0.3,0.0,1.5,1.56
1788457456.605,driving,1.875,0.995,-0.7,3,33,68,3.375,0.875,-4.1,1.505,3.202,0.3,0.0,1.5,1.56
1788457456.667,driving,1.885,0.995,-0.7,3,33,68,3.375,0.875,-4.1,1.495,3.192,0.3,0.0,1.5,1.56
1788457456.73,driving,1.905,0.995,-0.7,3,33,68,3.375,0.875,-4.1,1.474,3.172,0.3,0.0,1.5,1.56
1788457456.794,driving,1.916,0.997,-0.4,4,34,68,3.425,0.875,-4.4,1.514,3.162,0.3,0.0,1.5,1.56
1788457456.85,driving,1.937,1.006,0.6,4,34,68,3.425,0.875,-5.4,1.494,3.141,0.3,0.0,1.5,1.56
1788457456.906,driving,1.947,1.008,0.8,4,34,68,3.425,0.875,-5.6,1.484,3.131,0.3,0.0,1.5,1.56
1788457456.962,driving,1.968,1.008,0.8,5,35,68,3.475,0.875,-5.6,1.513,3.11,0.3,0.0,1.5,1.56
1788457457.014,driving,1.978,1.008,0.8,5,35,68,3.475,0.875,-5.6,1.503,3.1,0.3,0.0,1.5,1.56
1788457457.067,driving,1.998,1.009,0.8,5,35,68,3.475,0.875,-5.6,1.483,3.08,0.3,0.0,1.5,1.56
1788457457.123,driving,2.008,1.009,0.8,5,35,68,3.475,0.875,-5.6,1.473,3.07,0.3,0.0,1.5,1.56
1788457457.177,driving,2.029,1.009,0.8,0,30,62,3.525,0.875,-5.6,1.502,3.049,0.3,0.0,1.5,1.56
1788457457.232,driving,2.04,1.013,1.2,0,30,62,3.525,0.875,-6.0,1.491,3.038,0.3,0.0,1.5,1.56
1788457457.283,driving,2.065,1.022,2.1,1,31,62,3.575,0.875,-7.0,1.518,3.014,0.3,0.0,1.5,1.56
1788457457.338,driving,2.075,1.023,2.2,1,31,62,3.575,0.875,-7.1,1.507,3.004,0.3,0.0,1.5,1.56
1788457457.391,driving,2.095,1.024,2.2,1,31,62,3.575,0.875,-7.1,1.487,2.983,0.3,0.0,1.5,1.56
1788457457.456,driving,2.106,1.025,2.2,2,32,62,3.625,0.875,-7.1,1.527,2.973,0.3,0.0,1.5,1.56
1788457457.518,driving,2.126,1.025,2.2,2,32,62,3.625,0.875,-7.1,1.507,2.953,0.3,0.0,1.5,1.56
1788457457.582,driving,2.136,1.026,2.2,2,32,62,3.625,0.875,-7.2,1.496,2.943,0.3,0.0,1.5,1.56
1788457457.637,driving,2.146,1.026,2.2,2,32,62,3.625,0.875,-7.2,1.486,2.933,0.3,0.0,1.5,1.56
1788457457.692,driving,2.166,1.025,2.1,3,33,62,3.675,0.875,-7.1,1.516,2.913,0.3,0.0,1.5,1.56
1788457457.743,driving,2.176,1.024,2.0,3,33,62,3.675,0.875,-7.0,1.507,2.903,0.3,0.0,1.5,1.56
1788457457.799,driving,2.195,1.022,1.9,3,33,62,3.675,0.875,-6.9,1.487,2.884,0.3,0.0,1.5,1.56
1788457457.851,driving,2.205,1.023,1.9,4,34,62,3.725,0.875,-6.9,1.527,2.873,0.3,0.0,1.5,1.56
1788457457.906,driving,2.226,1.023,1.9,4,34,62,3.725,0.875,-6.9,1.507,2.853,0.3,0.0,1.5,1.56
1788457457.96,driving,2.236,1.024,1.9,4,34,62,3.725,0.875,-6.9,1.496,2.843,0.3,0.0,1.5,1.56
1788457458.016,driving,2.256,1.024,1.9,4,34,62,3.725,0.875,-7.0,1.476,2.823,0.3,0.0,1.5,1.56
1788457458.07,driving,2.267,1.025,1.9,5,35,62,3.775,0.875,-7.0,1.516,2.812,0.3,0.0,1.5,1.56
1788457458.127,driving,2.287,1.023,1.7,5,35,62,3.775,0.875,-6.8,1.496,2.792,0.3,0.0,1.5,1.56
1788457458.188,driving,2.296,1.021,1.6,0,30,57,3.775,0.725,-6.9,1.508,2.783,0.3,0.0,1.5,1.56
1788457458.252,driving,2.316,1.02,1.5,1,31,57,3.825,0.725,-6.9,1.537,2.762,0.3,0.0,1.5,1.56
1788457458.309,driving,2.327,1.02,1.5,1,31,57,3.825,0.725,-7.1,1.527,2.752,0.3,0.0,1.5,1.56
1788457458.37,driving,2.347,1.021,1.5,1,31,57,3.825,0.725,-7.2,1.507,2.732,0.3,0.0,1.5,1.56
1788457458.431,driving,2.357,1.021,1.5,2,32,57,3.875,0.725,-7.3,1.546,2.722,0.3,0.0,1.5,1.56
1788457458.49,driving,2.378,1.021,1.5,2,32,57,3.875,0.725,-7.5,1.526,2.701,0.3,0.0,1.5,1.56
1788457458.55,driving,2.388,1.022,1.5,2,32,57,3.875,0.725,-7.6,1.516,2.691,0.3,0.0,1.5,1.56
1788457458.605,driving,2.397,1.022,1.5,2,32,57,3.875,0.725,-7.7,1.508,2.682,0.3,0.0,1.5,1.56
1788457458.66,driving,2.412,1.023,1.6,3,33,57,3.925,0.725,-8.0,1.543,2.668,0.3,0.0,1.5,1.56
1788457458.716,driving,2.421,1.024,1.6,3,33,57,3.925,0.725,-8.1,1.534,2.659,0.3,0.0,1.5,1.56
1788457458.771,driving,2.441,1.024,1.6,3,33,57,3.925,0.725,-8.2,1.514,2.638,0.3,0.0,1.5,1.56
1788457458.826,driving,2.451,1.025,1.6,3,33,57,3.925,0.725,-8.3,1.504,2.628,0.3,0.0,1.5,1.56
1788457458.882,driving,2.471,1.025,1.6,4,34,57,3.975,0.725,-8.5,1.533,2.608,0.3,0.0,1.5,1.56
1788457458.937,driving,2.482,1.025,1.6,4,34,57,3.975,0.725,-8.6,1.523,2.598,0.3,0.0,1.5,1.56
1788457459.0,driving,2.502,1.026,1.6,4,34,57,3.975,0.725,-8.7,1.503,2.577,0.3,0.0,1.5,1.56
1788457459.062,driving,2.512,1.025,1.2,5,35,57,4.025,0.725,-8.4,1.542,2.567,0.3,0.0,1.5,1.56
1788457459.129,driving,2.533,1.022,0.1,5,35,57,4.025,0.725,-7.3,1.522,2.546,0.3,0.0,1.5,1.56
1788457459.191,driving,2.543,1.021,-0.0,5,35,57,4.025,0.725,-7.3,1.511,2.536,0.3,0.0,1.5,1.56
1788457459.246,driving,2.563,1.021,-0.0,1,31,52,4.075,0.775,-7.4,1.532,2.516,0.3,0.0,1.5,1.56
1788457459.301,driving,2.573,1.021,-0.0,1,31,52,4.075,0.775,-7.4,1.522,2.506,0.3,0.0,1.5,1.56
1788457459.353,driving,2.594,1.021,-0.0,1,31,52,4.075,0.775,-7.5,1.501,2.485,0.3,0.0,1.5,1.56
1788457459.406,driving,2.604,1.021,-0.0,2,32,52,4.125,0.775,-7.5,1.541,2.475,0.3,0.0,1.5,1.56
1788457459.459,driving,2.624,1.021,-0.0,2,32,52,4.125,0.775,-7.5,1.521,2.455,0.3,0.0,1.5,1.56
1788457459.514,driving,2.632,1.022,-0.1,2,32,52,4.125,0.775,-7.6,1.513,2.447,0.3,0.0,1.5,1.56
1788457459.565,driving,2.64,1.022,-0.1,2,32,52,4.125,0.775,-7.6,1.505,2.439,0.3,0.0,1.5,1.56
1788457459.618,driving,2.658,1.023,-0.1,3,33,52,4.175,0.775,-7.6,1.537,2.422,0.3,0.0,1.5,1.56
1788457459.669,driving,2.668,1.023,-0.1,3,33,52,4.175,0.775,-7.7,1.527,2.412,0.3,0.0,1.5,1.56
1788457459.724,driving,2.688,1.022,-0.1,3,33,52,4.175,0.775,-7.7,1.507,2.391,0.3,0.0,1.5,1.56
1788457459.784,driving,2.699,1.022,-0.1,3,33,52,4.175,0.775,-7.8,1.497,2.381,0.3,0.0,1.5,1.56
1788457459.843,driving,2.719,1.022,-0.1,4,34,52,4.225,0.775,-7.8,1.526,2.361,0.3,0.0,1.5,1.56
1788457459.902,driving,2.729,1.022,-0.1,4,34,52,4.225,0.775,-7.8,1.516,2.35,0.3,0.0,1.5,1.56
1788457459.961,driving,2.76,1.019,-0.4,5,35,52,4.275,0.775,-7.5,1.535,2.32,0.3,0.0,1.5,1.56
1788457460.015,driving,2.778,1.016,-0.7,5,35,52,4.275,0.775,-7.3,1.516,2.301,0.3,0.0,1.5,1.56
1788457460.067,driving,2.805,1.013,-0.9,5,35,52,4.275,0.775,-7.1,1.489,2.274,0.3,0.0,1.5,1.56
1788457460.12,driving,2.815,1.013,-0.9,6,36,52,4.325,0.775,-7.1,1.528,2.264,0.3,0.0,1.5,1.56
1788457460.173,driving,2.836,1.013,-0.9,6,36,52,4.325,0.775,-7.1,1.508,2.244,0.3,0.0,1.5,1.55
1788457460.226,driving,2.846,1.013,-0.9,0,30,46,4.325,0.725,-7.2,1.507,2.233,0.3,0.0,1.5,1.55
1788457460.28,driving,2.866,1.012,-0.9,1,31,46,4.375,0.725,-7.3,1.536,2.213,0.3,0.0,1.5,1.53
1788457460.332,driving,2.876,1.012,-0.9,1,31,46,4.375,0.725,-7.3,1.526,2.203,0.3,0.0,1.5,1.53
1788457460.385,driving,2.903,1.011,-0.8,2,32,46,4.424,0.737,-7.5,1.545,2.176,0.3,0.0,1.5,1.5
1788457460.436,driving,2.918,1.011,-0.8,2,32,46,4.424,0.737,-7.6,1.531,2.162,0.3,0.0,1.5,1.5
1788457460.491,driving,2.93,1.011,-0.8,2,32,46,4.424,0.737,-7.6,1.518,2.149,0.3,0.0,1.5,1.47
1788457460.548,driving,2.951,1.01,-0.8,3,33,46,4.472,0.749,-7.7,1.544,2.129,0.3,0.0,1.5,1.47
1788457460.604,driving,2.961,1.01,-0.8,3,33,46,4.472,0.749,-7.7,1.534,2.119,0.3,0.0,1.5,1.44
1788457460.666,driving,2.981,1.01,-0.8,3,33,46,4.472,0.749,-7.7,1.513,2.098,0.3,0.0,1.5,1.44
1788457460.727,driving,2.991,1.01,-0.8,3,33,46,4.472,0.749,-7.8,1.503,2.088,0.3,0.0,1.5,1.41
1788457460.782,driving,3.012,1.01,-0.8,4,34,46,4.521,0.761,-7.8,1.529,2.068,0.3,0.0,1.5,1.41
1788457460.837,driving,3.025,1.011,-0.6,4,34,46,4.521,0.761,-8.0,1.516,2.055,0.3,0.0,1.5,1.38
1788457460.889,driving,3.054,1.017,-0.1,4,34,46,4.521,0.761,-8.5,1.488,2.026,0.3,0.0,1.5,1.38
1788457460.944,driving,3.066,1.018,-0.0,5,35,46,4.569,0.774,-8.6,1.523,2.014,0.3,0.0,1.5,1.35
1788457461.0,driving,3.086,1.018,-0.0,5,35,46,4.569,0.774,-8.6,1.503,1.994,0.3,0.0,1.5,1.35
1788457461.056,driving,3.096,1.018,-0.0,5,35,46,4.569,0.774,-8.6,1.493,1.984,0.3,0.0,1.5,1.33
1788457461.112,driving,3.117,1.018,-0.0,6,36,46,4.618,0.786,-8.6,1.519,1.963,0.3,0.0,1.5,1.33
1788457461.163,driving,3.127,1.018,-0.0,6,36,46,4.618,0.786,-8.6,1.509,1.953,0.3,0.0,1.5,1.3
1788457461.217,driving,3.147,1.018,-0.0,6,36,46,4.618,0.786,-8.7,1.488,1.933,0.3,0.0,1.5,1.3
1788457461.274,driving,3.16,1.02,0.0,1,30,40,4.615,0.738,-8.8,1.482,1.921,0.3,0.0,1.5,1.27
1788457461.342,driving,3.185,1.025,0.1,1,30,40,4.615,0.738,-8.9,1.458,1.896,0.3,0.0,1.5,1.27
1788457461.41,driving,3.195,1.025,0.1,1,30,40,4.615,0.738,-9.0,1.448,1.886,0.3,0.0,1.5,1.24
1788457461.467,driving,3.206,1.025,0.1,2,31,40,4.662,0.754,-9.0,1.482,1.875,0.3,0.0,1.5,1.24
1788457461.525,driving,3.226,1.025,0.1,2,31,40,4.662,0.754,-9.1,1.462,1.855,0.3,0.0,1.5,1.21
1788457461.577,driving,3.236,1.025,0.1,2,31,40,4.662,0.754,-9.1,1.452,1.845,0.3,0.0,1.5,1.21
1788457461.634,driving,3.257,1.025,0.1,2,31,40,4.662,0.754,-9.2,1.431,1.825,0.299,0.0,1.5,1.19
1788457461.686,driving,3.267,1.025,0.1,3,32,40,4.71,0.77,-9.2,1.465,1.814,0.299,0.0,1.5,1.19
1788457461.743,driving,3.288,1.026,0.1,3,32,40,4.71,0.77,-9.2,1.444,1.793,0.296,0.0,1.5,1.16
1788457461.797,driving,3.3,1.027,0.1,3,32,40,4.71,0.77,-9.2,1.433,1.782,0.296,0.0,1.5,1.16
1788457461.85,driving,3.321,1.028,0.1,4,33,40,4.757,0.786,-9.2,1.456,1.761,0.293,0.0,1.5,1.13
1788457461.902,driving,3.331,1.028,0.1,4,33,40,4.757,0.786,-9.2,1.447,1.751,0.293,0.0,1.5,1.13
1788457461.955,driving,3.351,1.028,0.1,4,33,40,4.757,0.786,-9.3,1.427,1.731,0.291,0.0,1.5,1.1
1788457462.008,driving,3.361,1.028,0.1,4,33,40,4.757,0.786,-9.3,1.417,1.721,0.291,0.0,1.5,1.1
1788457462.066,driving,3.381,1.028,0.1,5,34,40,4.804,0.801,-9.3,1.442,1.701,0.288,0.0,1.5,1.08
1788457462.128,driving,3.391,1.028,0.1,5,34,40,4.804,0.801,-9.3,1.432,1.691,0.288,0.0,1.5,1.08
1788457462.196,driving,3.406,1.028,0.0,5,34,40,4.804,0.801,-9.2,1.417,1.676,0.286,0.0,1.5,1.05
1788457462.259,driving,3.413,1.028,0.0,5,34,40,4.804,0.801,-9.2,1.41,1.669,0.286,0.0,1.5,1.05
1788457462.319,driving,3.43,1.029,-0.0,0,30,35,4.861,0.78,-9.2,1.452,1.652,0.283,0.0,1.5,1.02
1788457462.373,driving,3.44,1.029,-0.0,0,30,35,4.861,0.78,-9.2,1.442,1.642,0.283,0.0,1.5,1.02
1788457462.43,driving,3.45,1.029,-0.0,0,30,35,4.861,0.78,-9.2,1.433,1.633,0.281,0.0,1.5,1.0
1788457462.484,driving,3.469,1.029,-0.0,1,13,35,4.042,0.819,-9.9,0.61,1.613,0.281,0.0,0.6,1.0
1788457462.537,driving,3.478,1.029,-0.0,1,13,35,4.042,0.819,-10.5,0.601,1.604,0.279,0.0,0.6,0.97
1788457462.59,driving,3.498,1.029,-0.0,1,13,35,4.042,0.819,-11.2,0.583,1.585,0.279,0.0,0.6,0.97
1788457462.646,driving,3.508,1.027,-0.1,2,14,35,4.089,0.804,-11.6,0.623,1.574,0.276,0.0,0.6,0.95
1788457462.7,driving,3.53,1.021,-0.5,2,14,35,4.089,0.804,-11.8,0.6,1.552,0.276,0.0,0.6,0.95
1788457462.756,driving,3.54,1.02,-0.6,2,14,35,4.089,0.804,-12.3,0.591,1.542,0.274,0.0,0.6,0.92
1788457462.809,driving,3.558,1.02,-0.6,3,15,35,4.137,0.788,-12.8,0.623,1.524,0.274,0.0,0.6,0.92
1788457462.87,driving,3.568,1.02,-0.6,3,15,35,4.137,0.788,-13.4,0.614,1.514,0.272,0.0,0.6,0.9
1788457462.926,driving,3.586,1.019,-0.6,3,15,35,4.137,0.788,-13.9,0.597,1.496,0.272,0.0,0.6,0.9
1788457462.995,driving,3.595,1.019,-0.6,3,15,35,4.137,0.788,-14.4,0.589,1.487,0.269,0.0,0.6,0.87
1788457463.058,driving,3.614,1.019,-0.6,4,16,35,4.184,0.772,-14.9,0.621,1.468,0.269,0.0,0.6,0.87
1788457463.118,driving,3.622,1.02,-0.6,4,16,35,4.184,0.772,-15.5,0.614,1.46,0.267,0.0,0.6,0.85
1788457463.172,turning,3.639,1.021,-0.5,4,16,35,4.184,0.772,-16.0,0.599,1.444,0.0,-2.4,0.6,0.85
1788457463.226,turning,3.648,1.021,-0.5,4,16,35,4.184,0.772,-16.6,0.591,1.435,0.0,-2.4,0.6,0.83
1788457463.282,turning,3.651,1.021,-2.0,4,16,35,4.184,0.772,-15.6,0.589,1.432,0.0,-2.4,0.6,0.83
1788457463.336,turning,3.651,1.021,-2.8,0,12,30,4.232,0.802,-14.9,0.621,1.432,0.0,-2.4,0.6,0.81
1788457463.388,turning,3.651,1.021,-3.7,0,12,30,4.232,0.802,-14.2,0.621,1.432,0.0,-2.4,0.6,0.81
1788457463.443,turning,3.651,1.021,-5.4,0,12,30,4.232,0.802,-12.7,0.621,1.432,0.0,-2.4,0.6,0.81
1788457463.496,turning,3.651,1.021,-6.3,0,12,30,4.232,0.802,-12.0,0.621,1.432,0.0,-2.4,0.6,0.81
1788457463.552,turning,3.658,1.019,-8.0,0,12,30,4.232,0.802,-10.4,0.614,1.424,0.0,-2.4,0.6,0.81
1788457463.604,turning,3.665,1.017,-8.9,0,12,30,4.232,0.802,-9.7,0.606,1.417,0.0,-2.4,0.6,0.81
1788457463.666,turning,3.671,1.016,-10.6,0,12,30,4.232,0.802,-8.1,0.6,1.411,0.0,-2.4,0.6,0.81
1788457463.725,driving,3.671,1.016,-11.5,0,12,30,4.232,0.802,-7.3,0.6,1.411,0.263,0.0,0.6,0.81
1788457463.785,driving,3.672,1.016,-12.4,0,12,30,4.232,0.802,-6.5,0.599,1.41,0.263,0.0,0.6,0.81
1788457463.84,driving,3.674,1.015,-12.4,0,12,30,4.232,0.802,-6.6,0.597,1.408,0.263,0.0,0.6,0.81
1788457463.898,driving,3.684,1.013,-12.4,0,12,30,4.232,0.802,-6.7,0.587,1.398,0.263,0.0,0.6,0.81
1788457463.951,driving,3.691,1.011,-12.4,0,12,30,4.232,0.802,-6.8,0.58,1.39,0.263,0.0,0.6,0.81
1788457464.005,driving,3.707,1.009,-12.2,1,13,30,4.279,0.784,-7.2,0.614,1.374,0.262,0.0,0.6,0.79
1788457464.058,driving,3.715,1.008,-12.0,1,13,30,4.279,0.784,-7.6,0.607,1.366,0.262,0.0,0.6,0.79
1788457464.113,driving,3.732,1.005,-11.9,1,13,30,4.279,0.784,-7.9,0.59,1.35,0.261,0.0,0.6,0.78
1788457464.165,driving,3.74,1.004,-11.9,1,13,30,4.279,0.784,-8.0,0.581,1.341,0.261,0.0,0.6,0.78
1788457464.219,driving,3.758,1.0,-11.9,2,14,30,4.325,0.765,-8.2,0.614,1.323,0.26,0.0,0.6,0.77
1788457464.271,driving,3.767,0.998,-11.9,2,14,30,4.325,0.765,-8.3,0.605,1.314,0.26,0.0,0.6,0.77
1788457464.324,driving,3.775,0.996,-11.9,2,14,30,4.325,0.765,-8.5,0.596,1.305,0.259,0.0,0.6,0.76
1788457464.38,driving,3.792,0.993,-11.9,0,12,28,4.312,0.707,-9.0,0.593,1.288,0.259,0.0,0.6,0.76
1788457464.441,driving,3.801,0.991,-11.9,0,12,28,4.312,0.707,-9.5,0.584,1.279,0.258,0.0,0.6,0.76
1788457464.504,driving,3.818,0.987,-11.9,1,13,28,4.375,0.675,-10.0,0.638,1.262,0.258,0.0,0.6,0.76
1788457464.568,driving,3.827,0.985,-11.9,1,13,28,4.375,0.675,-10.4,0.63,1.253,0.258,0.0,0.6,0.76
1788457464.624,driving,3.844,0.982,-11.9,1,13,28,4.375,0.675,-10.9,0.613,1.236,0.258,0.0,0.6,0.76
1788457464.68,driving,3.853,0.98,-11.9,1,13,28,4.375,0.675,-11.4,0.605,1.227,0.259,0.0,0.6,0.76
1788457464.732,driving,3.87,0.976,-11.9,2,14,28,4.425,0.675,-11.7,0.632,1.209,0.259,0.0,0.6,0.76
1788457464.788,driving,3.876,0.974,-11.9,2,14,28,4.425,0.675,-11.9,0.625,1.203,0.264,0.0,0.6,0.81
1788457464.843,driving,3.886,0.967,-12.2,2,14,28,4.425,0.675,-11.9,0.613,1.192,0.264,0.0,0.6,0.81
1788457464.894,driving,3.894,0.965,-12.2,2,14,28,4.425,0.675,-12.2,0.605,1.184,0.3,0.0,0.6,1.23
1788457464.946,driving,3.912,0.961,-12.2,3,15,28,4.475,0.675,-12.3,0.632,1.166,0.3,0.0,0.6,1.23
1788457465.0,driving,3.922,0.959,-12.2,3,15,28,4.475,0.675,-12.5,0.622,1.156,0.3,0.0,0.6,1.22
1788457465.052,driving,3.942,0.955,-12.2,3,15,28,4.475,0.675,-12.7,0.602,1.136,0.3,0.0,0.6,1.22
1788457465.108,driving,3.952,0.952,-12.2,3,15,28,4.475,0.675,-12.9,0.592,1.126,0.3,0.0,0.6,1.21
1788457465.164,driving,3.972,0.948,-12.2,4,16,28,4.523,0.688,-12.9,0.61,1.106,0.3,0.0,0.6,1.21
1788457465.221,driving,3.978,0.944,-12.2,4,16,28,4.523,0.688,-12.9,0.602,1.099,0.3,0.0,0.6,1.2
1788457465.285,driving,3.984,0.941,-12.2,4,16,28,4.523,0.688,-12.9,0.595,1.093,0.3,0.0,0.6,1.2
1788457465.351,driving,4.0,0.935,-12.1,0,12,23,4.567,0.697,-12.8,0.615,1.077,0.3,0.0,0.6,1.2
1788457465.411,driving,4.01,0.933,-12.1,0,12,23,4.567,0.697,-12.7,0.605,1.067,0.3,0.0,0.6,1.2
1788457465.466,driving,4.03,0.928,-12.1,0,12,23,4.567,0.697,-12.6,0.585,1.046,0.299,0.0,0.6,1.19
1788457465.518,driving,4.04,0.926,-12.1,0,12,23,4.567,0.697,-12.5,0.575,1.036,0.299,0.0,0.6,1.19
1788457465.574,driving,4.06,0.922,-12.1,1,13,23,4.616,0.687,-12.4,0.604,1.016,0.298,0.0,0.6,1.18
1788457465.627,driving,4.07,0.92,-12.1,1,13,23,4.616,0.687,-12.4,0.594,1.006,0.298,0.0,0.6,1.18
1788457465.681,driving,4.091,0.916,-11.9,1,13,23,4.616,0.687,-12.5,0.573,0.984,0.298,0.0,0.6,1.18
1788457465.734,driving,4.103,0.914,-11.7,1,13,23,4.616,0.687,-12.7,0.561,0.973,0.298,0.0,0.6,1.18
1788457465.788,driving,4.124,0.91,-11.6,2,14,23,4.675,0.675,-12.7,0.599,0.952,0.297,0.0,0.6,1.17
1788457465.84,driving,4.134,0.908,-11.6,2,14,23,4.675,0.675,-12.7,0.589,0.942,0.297,0.0,0.6,1.17
1788457465.896,driving,4.153,0.904,-11.6,2,14,23,4.675,0.675,-12.6,0.569,0.922,0.296,0.0,0.6,1.16
1788457465.953,driving,4.163,0.901,-11.6,2,14,23,4.675,0.675,-12.6,0.56,0.912,0.296,0.0,0.6,1.16
1788457466.012,driving,4.183,0.897,-11.6,3,22,23,5.075,0.875,-12.0,0.892,0.892,0.296,0.0,1.5,1.15
1788457466.07,driving,4.193,0.895,-11.6,3,22,23,5.075,0.875,-11.5,0.882,0.882,0.296,0.0,1.5,1.15
1788457466.134,driving,4.208,0.891,-11.7,3,22,23,5.075,0.875,-10.8,0.867,0.867,0.295,0.0,1.5,1.15
1788457466.189,driving,4.215,0.889,-11.8,3,22,23,5.075,0.875,-10.2,0.86,0.86,0.295,0.0,1.5,1.15
1788457466.242,driving,4.223,0.886,-11.9,3,22,23,5.075,0.875,-9.6,0.852,0.852,0.294,0.0,1.5,1.14
1788457466.297,driving,4.243,0.882,-11.9,5,22,23,5.075,0.875,-9.1,0.832,0.832,0.294,0.0,1.5,1.14
1788457466.353,driving,4.253,0.88,-11.9,5,22,23,5.075,0.875,-8.6,0.823,0.823,0.293,0.0,1.5,1.13
1788457466.408,driving,4.272,0.876,-11.9,0,12,18,4.814,0.72,-8.3,0.564,0.803,0.293,0.0,0.6,1.13
1788457466.46,driving,4.282,0.874,-11.9,0,12,18,4.814,0.72,-8.1,0.555,0.793,0.293,0.0,0.6,1.12
1788457466.511,driving,4.301,0.87,-11.9,0,12,18,4.814,0.72,-7.9,0.535,0.774,0.293,0.0,0.6,1.12
1788457466.564,driving,4.307,0.867,-12.1,1,13,18,4.859,0.742,-7.2,0.566,0.768,0.292,0.0,0.6,1.12
1788457466.616,driving,4.314,0.859,-12.8,1,13,18,4.859,0.742,-6.1,0.558,0.762,0.292,0.0,0.6,1.12
1788457466.671,driving,4.321,0.857,-12.9,1,13,18,4.859,0.742,-5.5,0.55,0.754,0.291,0.0,0.6,1.11
1788457466.732,driving,4.341,0.852,-12.9,1,13,18,4.859,0.742,-5.2,0.53,0.735,0.291,0.0,0.6,1.11
1788457466.796,driving,4.35,0.85,-12.9,1,13,18,4.859,0.742,-4.8,0.52,0.725,0.291,0.0,0.6,1.1
1788457466.855,driving,4.37,0.846,-12.9,2,17,18,5.075,0.875,-4.3,0.706,0.706,0.291,0.0,1.5,1.1
1788457466.917,driving,4.379,0.843,-12.9,2,17,18,5.075,0.875,-3.8,0.696,0.696,0.29,0.0,1.5,1.09
1788457466.974,driving,4.399,0.839,-12.9,2,17,18,5.075,0.875,-3.3,0.677,0.677,0.29,0.0,1.5,1.09
1788457467.03,driving,4.411,0.84,-12.8,2,17,18,5.075,0.875,-2.9,0.665,0.665,0.289,0.0,1.5,1.09
1788457467.081,driving,4.435,0.842,-12.6,3,17,18,5.075,0.875,-2.7,0.641,0.641,0.289,0.0,1.5,1.09
1788457467.135,driving,4.445,0.84,-12.6,3,17,18,5.075,0.875,-2.2,0.631,0.631,0.289,0.0,1.5,1.08
1788457467.187,driving,4.455,0.838,-12.6,3,17,18,5.075,0.875,-1.8,0.622,0.622,0.289,0.0,1.5,1.08
1788457467.241,driving,4.474,0.834,-12.6,3,17,18,5.075,0.875,-1.3,0.603,0.603,0.288,0.0,1.5,1.07
1788457467.292,driving,4.483,0.831,-12.6,5,17,18,5.075,0.875,-0.9,0.593,0.593,0.288,0.0,1.5,1.07
1788457467.345,driving,4.502,0.827,-12.6,5,17,18,5.075,0.875,-0.4,0.575,0.575,0.287,0.0,1.5,1.07
1788457467.398,driving,4.512,0.825,-12.6,0,11,12,5.075,0.875,0.0,0.565,0.565,0.287,0.0,1.5,1.07
1788457467.451,driving,4.528,0.821,-12.5,0,11,12,5.075,0.875,0.4,0.549,0.549,0.287,0.0,1.5,1.06
1788457467.507,driving,4.535,0.819,-12.5,0,11,12,5.075,0.875,0.8,0.543,0.543,0.287,0.0,1.5,1.06
1788457467.566,driving,4.552,0.815,-12.4,0,11,12,5.075,0.875,1.2,0.526,0.526,0.286,0.0,1.5,1.05
1788457467.625,driving,4.562,0.813,-12.4,0,11,12,5.075,0.875,1.6,0.517,0.517,0.286,0.0,1.5,1.05
1788457467.684,driving,4.581,0.809,-12.4,1,11,12,5.075,0.875,2.1,0.499,0.499,0.285,0.0,1.5,1.04
1788457467.737,driving,4.59,0.807,-12.4,1,11,12,5.075,0.875,2.5,0.489,0.489,0.285,0.0,1.5,1.04
1788457467.79,driving,4.609,0.803,-12.4,1,11,12,5.075,0.875,3.0,0.471,0.471,0.285,0.0,1.5,1.04
1788457467.841,driving,4.619,0.801,-12.4,1,11,12,5.075,0.875,3.4,0.462,0.462,0.285,0.0,1.5,1.04
1788457467.893,driving,4.64,0.794,-12.4,1,11,12,5.075,0.875,3.9,0.443,0.443,0.284,0.0,1.5,1.03
1788457467.947,driving,4.651,0.791,-12.4,3,11,12,5.075,0.875,4.5,0.433,0.433,0.284,0.0,1.5,1.03
1788457467.999,driving,4.67,0.786,-12.4,3,11,12,5.075,0.875,5.0,0.414,0.414,0.283,0.0,1.5,1.02
1788457468.051,driving,4.68,0.784,-12.4,3,11,12,5.075,0.875,5.5,0.406,0.406,0.283,0.0,1.5,1.02
1788457468.106,driving,4.689,0.782,-12.4,3,11,12,5.075,0.875,6.0,0.397,0.397,0.283,0.0,1.5,1.02
1788457468.161,driving,4.708,0.777,-12.4,4,11,12,5.075,0.875,6.5,0.38,0.38,0.283,0.0,1.5,1.02
1788457468.215,driving,4.717,0.775,-12.4,4,11,12,5.075,0.875,7.0,0.371,0.371,0.278,0.0,1.5,1.01
1788457468.271,driving,4.736,0.771,-12.4,5,11,12,5.075,0.875,7.6,0.354,0.354,0.266,0.0,1.5,1.01
1788457468.335,driving,4.754,0.77,-12.3,5,11,12,5.075,0.875,8.0,0.338,0.338,0.253,0.0,1.5,1.0
1788457468.397,driving,4.801,0.772,-11.8,6,11,12,5.075,0.875,8.1,0.293,0.293,0.22,0.0,1.5,1.0
1788457468.46,driving,4.814,0.771,-11.7,0,5,6,5.075,0.875,8.7,0.281,0.281,0.22,0.0,1.5,0.99
1788457468.517,driving,4.829,0.768,-11.7,0,5,6,5.075,0.875,9.4,0.268,0.268,0.22,0.0,1.5,0.99
1788457468.571,driving,4.837,0.766,-11.7,0,5,6,5.075,0.875,10.0,0.262,0.262,0.22,0.0,1.5,0.99
1788457468.623,driving,4.851,0.763,-11.7,0,5,6,5.075,0.875,10.7,0.25,0.25,0.22,0.0,1.5,0.99
1788457468.677,driving,4.858,0.761,-11.7,1,5,6,5.075,0.875,11.4,0.244,0.244,0.22,0.0,1.5,0.98
1788457468.731,driving,4.873,0.758,-11.7,1,5,6,5.075,0.875,12.2,0.233,0.233,0.22,0.0,1.5,0.98
1788457468.785,driving,4.88,0.76,-11.5,1,5,6,5.075,0.875,12.7,0.226,0.226,0.22,0.0,1.5,0.98
1788457468.838,driving,4.893,0.766,-11.1,1,5,6,5.075,0.875,13.0,0.212,0.212,0.22,0.0,1.5,0.98
1788457468.891,driving,4.9,0.765,-11.1,1,5,6,5.075,0.875,13.7,0.206,0.206,0.22,0.0,1.5,0.97
1788457468.944,driving,4.915,0.762,-11.1,2,5,6,5.075,0.875,14.5,0.196,0.196,0.22,0.0,1.5,0.97
1788457468.996,driving,4.922,0.761,-11.1,2,5,6,5.075,0.875,15.3,0.191,0.191,0.22,0.0,1.5,0.97
1788457469.052,turning,4.93,0.759,-11.1,2,5,6,5.075,0.875,16.2,0.186,0.186,0.0,2.4,1.5,0.97
1788457469.11,turning,4.944,0.756,-11.1,2,5,6,5.075,0.875,17.1,0.176,0.176,0.0,2.4,1.5,0.96
1788457469.172,turning,4.945,0.756,-10.4,2,5,6,5.075,0.875,17.3,0.176,0.176,0.0,2.4,1.5,0.96
1788457469.233,turning,4.945,0.756,-8.7,2,5,6,5.075,0.875,16.6,0.176,0.176,0.0,2.4,1.5,0.97
1788457469.289,turning,4.945,0.756,-7.9,2,5,6,5.075,0.875,16.6,0.176,0.176,0.0,2.4,1.5,0.97
1788457469.342,turning,4.947,0.759,-6.2,2,5,6,5.075,0.875,15.7,0.173,0.173,0.0,2.4,1.5,1.01
1788457469.396,turning,4.949,0.761,-5.3,2,5,6,5.075,0.875,15.6,0.17,0.17,0.0,2.4,1.5,1.01
1788457469.451,turning,4.95,0.763,-3.6,0,3,4,5.075,0.875,14.7,0.168,0.168,0.0,2.4,1.5,1.05
1788457469.502,turning,4.95,0.763,-2.8,0,3,4,5.075,0.875,14.6,0.168,0.168,0.0,2.4,1.5,1.05
1788457469.558,turning,4.95,0.763,-1.1,0,3,4,5.075,0.875,13.7,0.168,0.168,0.0,2.4,1.5,1.09
1788457469.613,turning,4.95,0.763,-0.3,0,3,4,5.075,0.875,13.6,0.168,0.168,0.0,2.4,1.5,1.09
1788457469.667,driving,4.95,0.763,1.3,0,3,4,5.075,0.875,12.7,0.168,0.168,0.22,0.0,1.5,1.15
1788457469.718,driving,4.95,0.763,2.1,0,3,4,5.075,0.875,12.6,0.168,0.168,0.22,0.0,1.5,1.15
1788457469.772,driving,4.953,0.763,2.2,0,3,4,5.075,0.875,13.2,0.166,0.166,0.22,0.0,1.5,1.2
1788457469.827,driving,4.957,0.763,2.2,0,3,4,5.075,0.875,13.9,0.163,0.163,0.22,0.0,1.5,1.2
1788457469.886,driving,4.976,0.761,2.1,1,3,4,5.075,0.875,14.8,0.151,0.151,0.22,0.0,1.5,1.2
1788457469.95,goal_approach,4.987,0.76,2.0,3,3,4,5.075,0.875,50.4,0.145,0.145,0.0,2.641,,1.2
1788457470.009,goal_approach,4.996,0.76,1.9,3,3,4,5.075,0.875,53.7,0.14,0.14,0.0,2.811,,1.2
1788457470.063,goal_approach,4.998,0.76,3.9,3,3,4,5.075,0.875,52.4,0.139,0.139,0.0,2.744,,1.2
1788457470.117,goal_approach,4.998,0.76,5.2,3,3,4,5.075,0.875,51.1,0.139,0.139,0.0,2.676,,1.25
1788457470.173,goal_approach,4.998,0.76,7.6,3,3,4,5.075,0.875,48.7,0.139,0.139,0.0,2.55,,1.25
1788457470.226,goal_approach,4.997,0.757,8.4,3,3,4,5.075,0.875,47.9,0.141,0.141,0.0,2.509,,1.37
1788457470.276,goal_approach,4.99,0.75,9.1,3,3,4,5.075,0.875,46.7,0.151,0.151,0.0,2.446,,1.37
1788457470.328,goal_approach,4.989,0.749,9.9,3,3,4,5.075,0.875,45.9,0.153,0.153,0.0,2.401,,1.49
1788457470.382,goal_approach,4.989,0.749,11.6,3,3,4,5.075,0.875,44.1,0.153,0.153,0.0,2.4,,1.49
1788457470.433,goal_approach,4.989,0.749,12.4,3,3,4,5.075,0.875,43.3,0.153,0.153,0.0,2.4,,1.61
1788457470.484,goal_approach,4.989,0.749,14.0,3,3,4,5.075,0.875,41.7,0.153,0.153,0.0,2.4,,1.61
1788457470.536,goal_approach,4.989,0.749,14.8,3,3,4,5.075,0.875,40.9,0.153,0.153,0.0,2.4,,1.76
1788457470.591,goal_approach,4.989,0.749,16.5,3,3,4,5.075,0.875,39.2,0.153,0.153,0.0,2.4,,1.76
1788457470.648,goal_approach,4.99,0.748,17.2,3,3,4,5.075,0.875,39.1,0.153,0.153,0.0,2.4,,1.93
1788457470.711,goal_approach,4.993,0.745,18.7,3,3,4,5.075,0.875,39.1,0.154,0.154,0.0,2.4,,1.93
1788457470.774,goal_approach,4.993,0.745,19.5,3,3,4,5.075,0.875,38.4,0.154,0.154,0.0,2.4,,2.15
1788457470.83,goal_approach,4.993,0.745,21.1,3,3,4,5.075,0.875,36.8,0.154,0.154,0.0,2.4,,2.15
1788457470.886,goal_approach,4.993,0.745,21.9,3,3,4,5.075,0.875,36.0,0.154,0.154,0.0,2.4,,2.23
1788457470.94,goal_approach,4.993,0.745,22.8,3,3,4,5.075,0.875,35.2,0.154,0.154,0.0,2.4,,2.23
1788457470.996,goal_approach,4.997,0.743,24.3,3,3,4,5.075,0.875,35.1,0.153,0.153,0.0,2.4,,2.23
1788457472.547,driving,5.022,0.742,32.8,0,24,32,6.075,1.875,14.3,1.547,2.008,0.3,0.0,1.5,2.24
1788457472.6,driving,5.022,0.742,32.8,0,24,32,6.075,1.875,14.3,1.547,2.008,0.3,0.0,1.5,2.24
1788457472.653,driving,5.024,0.743,32.8,0,24,32,6.075,1.875,14.3,1.545,2.005,0.3,0.0,1.5,2.24
1788457472.71,driving,5.028,0.745,32.8,0,24,32,6.075,1.875,14.3,1.541,2.002,0.3,0.0,1.5,2.24
1788457472.763,driving,5.032,0.748,32.8,0,24,32,6.075,1.875,14.3,1.535,1.996,0.3,0.0,1.5,2.24
1788457472.816,driving,5.046,0.757,32.8,1,24,32,6.075,1.875,14.3,1.52,1.98,0.3,0.0,1.5,2.22
1788457472.867,driving,5.054,0.762,32.8,1,24,32,6.075,1.875,14.3,1.51,1.971,0.3,0.0,1.5,2.22
1788457472.926,driving,5.072,0.773,32.8,1,24,32,6.075,1.875,14.4,1.49,1.951,0.3,0.0,1.5,2.2
1788457472.987,driving,5.08,0.779,32.8,2,25,32,6.125,1.925,14.4,1.551,1.941,0.3,0.0,1.5,2.2
1788457473.05,driving,5.097,0.79,32.8,2,25,32,6.125,1.925,14.4,1.531,1.921,0.3,0.0,1.5,2.17
1788457473.107,driving,5.106,0.795,32.8,2,25,32,6.125,1.925,14.4,1.521,1.912,0.3,0.0,1.5,2.17
1788457473.162,driving,5.123,0.806,32.8,2,25,32,6.125,1.925,14.4,1.502,1.892,0.3,0.0,1.5,2.15
1788457473.215,driving,5.132,0.812,32.8,2,25,32,6.125,1.925,14.5,1.492,1.882,0.3,0.0,1.5,2.15
1788457473.268,driving,5.149,0.823,32.8,3,26,32,6.175,1.975,14.5,1.543,1.863,0.3,0.0,1.5,2.12
1788457473.322,driving,5.157,0.829,32.8,3,26,32,6.175,1.975,14.5,1.533,1.853,0.3,0.0,1.5,2.12
1788457473.378,driving,5.174,0.84,32.8,3,26,32,6.175,1.975,14.5,1.513,1.833,0.3,0.0,1.5,2.1
1788457473.432,driving,5.183,0.845,32.8,3,26,32,6.175,1.975,14.6,1.504,1.823,0.3,0.0,1.5,2.1
1788457473.485,driving,5.2,0.856,32.8,4,27,32,6.225,2.025,14.6,1.554,1.804,0.3,0.0,1.5,2.07
1788457473.54,driving,5.209,0.862,32.8,4,27,32,6.225,2.025,14.6,1.545,1.794,0.3,0.0,1.5,2.07
1788457473.595,driving,5.226,0.873,32.8,0,25,30,6.241,2.025,14.7,1.536,1.775,0.3,0.0,1.5,2.05
1788457473.651,driving,5.234,0.878,32.8,0,25,30,6.241,2.025,14.7,1.526,1.765,0.3,0.0,1.5,2.05
1788457473.713,driving,5.243,0.884,32.9,0,25,30,6.241,2.025,14.6,1.515,1.754,0.3,0.0,1.5,2.02
1788457473.771,driving,5.261,0.898,33.3,1,26,30,6.275,2.075,14.2,1.554,1.733,0.3,0.0,1.5,2.02
1788457473.83,driving,5.27,0.904,33.4,1,26,30,6.275,2.075,14.2,1.543,1.722,0.3,0.0,1.5,2.0
1788457473.89,driving,5.287,0.915,33.4,1,26,30,6.275,2.075,14.2,1.524,1.703,0.3,0.0,1.5,2.0
1788457473.95,driving,5.295,0.921,33.4,2,26,30,6.275,2.075,14.3,1.514,1.693,0.3,0.0,1.5,1.97
1788457474.0,driving,5.312,0.932,33.4,2,26,30,6.275,2.075,14.3,1.494,1.674,0.3,0.0,1.5,1.97
1788457474.054,driving,5.321,0.938,33.4,2,26,30,6.275,2.075,14.4,1.484,1.664,0.3,0.0,1.5,1.95
1788457474.107,driving,5.338,0.949,33.4,2,26,30,6.275,2.075,14.5,1.465,1.644,0.3,0.0,1.5,1.95
1788457474.159,driving,5.346,0.955,33.4,2,26,30,6.275,2.075,14.5,1.455,1.635,0.3,0.0,1.5,1.92
1788457474.21,driving,5.363,0.966,33.4,3,28,30,6.325,2.175,14.6,1.545,1.615,0.3,0.0,1.5,1.92
1788457474.264,driving,5.376,0.972,33.3,3,28,30,6.325,2.175,14.8,1.532,1.602,0.3,0.0,1.5,1.9
1788457474.314,driving,5.404,0.984,33.1,3,28,30,6.325,2.175,15.1,1.505,1.575,0.3,0.0,1.5,1.9
1788457474.37,driving,5.414,0.99,33.1,4,29,30,6.375,2.225,15.2,1.565,1.565,0.3,0.0,1.5,1.87
1788457474.425,driving,5.431,1.001,33.1,4,29,30,6.375,2.225,15.3,1.546,1.546,0.3,0.0,1.5,1.87
1788457474.481,driving,5.44,1.007,33.1,4,29,30,6.375,2.225,15.4,1.536,1.536,0.3,0.0,1.5,1.85
1788457474.544,driving,5.457,1.018,33.1,4,29,30,6.375,2.225,15.5,1.517,1.517,0.3,0.0,1.5,1.85
1788457474.607,driving,5.465,1.023,33.1,0,25,26,6.375,2.225,15.6,1.507,1.507,0.3,0.0,1.5,1.82
1788457474.662,driving,5.474,1.029,33.1,0,25,26,6.375,2.225,15.7,1.498,1.498,0.3,0.0,1.5,1.82
1788457474.718,driving,5.491,1.04,33.1,0,25,26,6.375,2.225,15.9,1.479,1.479,0.3,0.0,1.5,1.8
1788457474.77,driving,5.499,1.045,33.1,1,25,26,6.375,2.225,16.0,1.469,1.469,0.3,0.0,1.5,1.8
1788457474.827,driving,5.522,1.055,33.3,1,25,26,6.375,2.225,15.9,1.448,1.448,0.3,0.0,1.5,1.77
1788457474.878,driving,5.536,1.06,33.4,1,25,26,6.375,2.225,15.9,1.436,1.436,0.3,0.0,1.5,1.77
1788457474.933,driving,5.557,1.07,33.6,2,25,26,6.375,2.225,15.9,1.415,1.415,0.3,0.0,1.5,1.75
1788457474.987,turning,5.566,1.076,33.6,2,25,26,6.375,2.225,16.0,1.405,1.405,0.0,2.4,1.5,1.75
1788457475.042,turning,5.576,1.082,34.3,2,25,26,6.375,2.225,15.4,1.395,1.395,0.0,2.4,1.5,1.72
1788457475.094,turning,5.576,1.082,35.1,2,25,26,6.375,2.225,14.8,1.395,1.395,0.0,2.4,1.5,1.72
1788457475.15,turning,5.576,1.082,36.7,2,25,26,6.375,2.225,13.3,1.395,1.395,0.0,2.4,1.5,1.72
1788457475.2,turning,5.576,1.082,37.5,2,25,26,6.375,2.225,12.6,1.395,1.395,0.0,2.4,1.5,1.72
1788457475.255,turning,5.576,1.082,39.2,2,25,26,6.375,2.225,11.0,1.395,1.395,0.0,2.4,1.5,1.72
1788457475.313,turning,5.576,1.082,40.0,2,25,26,6.375,2.225,10.3,1.395,1.395,0.0,2.4,1.5,1.72
1788457475.375,turning,5.579,1.085,41.5,2,25,26,6.375,2.225,8.9,1.39,1.39,0.0,2.4,1.5,1.72
1788457475.434,turning,5.581,1.087,42.3,2,25,26,6.375,2.225,8.3,1.387,1.387,0.0,2.4,1.5,1.72
1788457475.493,turning,5.583,1.089,43.9,2,25,26,6.375,2.225,6.8,1.385,1.385,0.0,2.4,1.5,1.72
1788457475.547,driving,5.583,1.089,44.7,2,25,26,6.375,2.225,6.1,1.385,1.385,0.3,0.0,1.5,1.72
1788457475.602,driving,5.583,1.089,45.5,0,24,25,6.375,2.225,5.4,1.385,1.385,0.3,0.0,1.5,1.73
1788457475.654,driving,5.585,1.091,45.6,0,24,25,6.375,2.225,5.4,1.382,1.382,0.3,0.0,1.5,1.73
1788457475.708,driving,5.588,1.094,45.6,0,24,25,6.375,2.225,5.5,1.378,1.378,0.3,0.0,1.5,1.72
1788457475.762,driving,5.597,1.103,45.6,1,24,25,6.375,2.225,5.6,1.365,1.365,0.3,0.0,1.5,1.72
1788457475.816,driving,5.602,1.111,45.6,1,24,25,6.375,2.225,5.7,1.356,1.356,0.3,0.0,1.5,1.71
1788457475.869,driving,5.608,1.129,45.6,1,24,25,6.375,2.225,5.8,1.337,1.337,0.3,0.0,1.5,1.71
1788457475.925,driving,5.614,1.137,45.6,1,24,25,6.375,2.225,5.9,1.328,1.328,0.3,0.0,1.5,1.69
1788457475.979,driving,5.628,1.152,45.6,2,24,25,6.375,2.225,6.0,1.308,1.308,0.3,0.0,1.5,1.69
1788457476.033,driving,5.636,1.159,45.6,2,24,25,6.375,2.225,6.1,1.298,1.298,0.3,0.0,1.5,1.67
1788457476.097,driving,5.65,1.173,45.6,2,24,25,6.375,2.225,6.2,1.277,1.277,0.3,0.0,1.5,1.67
1788457476.162,driving,5.657,1.181,45.6,2,24,25,6.375,2.225,6.3,1.267,1.267,0.3,0.0,1.5,1.65
1788457476.221,driving,5.671,1.195,45.6,3,24,25,6.375,2.225,6.4,1.247,1.247,0.3,0.0,1.5,1.65
1788457476.279,driving,5.678,1.203,45.6,3,24,25,6.375,2.225,6.5,1.237,1.237,0.3,0.0,1.5,1.63
1788457476.333,driving,5.693,1.217,45.6,3,24,25,6.375,2.225,6.5,1.217,1.217,0.3,0.0,1.5,1.63
1788457476.385,driving,5.7,1.224,45.6,3,24,25,6.375,2.225,6.6,1.207,1.207,0.3,0.0,1.5,1.61
1788457476.439,driving,5.714,1.239,45.6,4,24,25,6.375,2.225,6.7,1.187,1.187,0.3,0.0,1.5,1.61
1788457476.492,driving,5.721,1.246,45.6,4,24,25,6.375,2.225,6.8,1.177,1.177,0.3,0.0,1.5,1.58
1788457476.545,driving,5.728,1.254,45.6,4,24,25,6.375,2.225,6.9,1.167,1.167,0.3,0.0,1.5,1.58
1788457476.598,driving,5.743,1.268,45.6,4,24,25,6.375,2.225,7.0,1.147,1.147,0.3,0.0,1.5,1.56
1788457476.649,driving,5.75,1.275,45.6,0,20,21,6.375,2.225,7.1,1.137,1.137,0.3,0.0,1.5,1.56
1788457476.702,driving,5.769,1.286,45.7,1,20,21,6.375,2.225,7.2,1.117,1.117,0.3,0.0,1.5,1.54
1788457476.753,driving,5.78,1.29,45.7,1,20,21,6.375,2.225,7.2,1.108,1.108,0.3,0.0,1.5,1.54
1788457476.811,driving,5.798,1.302,45.8,1,20,21,6.375,2.225,7.3,1.088,1.088,0.3,0.0,1.5,1.52
1788457476.871,driving,5.805,1.309,45.8,1,20,21,6.375,2.225,7.4,1.078,1.078,0.3,0.0,1.5,1.52
1788457476.932,driving,5.82,1.324,45.8,2,20,21,6.375,2.225,7.5,1.058,1.058,0.3,0.0,1.5,1.5
1788457476.99,driving,5.827,1.331,45.8,2,20,21,6.375,2.225,7.6,1.049,1.049,0.3,0.0,1.5,1.5
1788457477.047,driving,5.841,1.346,45.8,2,20,21,6.375,2.225,7.8,1.029,1.029,0.3,0.0,1.5,1.48
1788457477.105,driving,5.848,1.353,45.8,2,20,21,6.375,2.225,7.9,1.019,1.019,0.3,0.0,1.5,1.48
1788457477.158,driving,5.862,1.368,45.8,3,20,21,6.375,2.225,8.0,0.999,0.999,0.3,0.0,1.5,1.46
1788457477.213,driving,5.869,1.375,45.8,3,20,21,6.375,2.225,8.2,0.989,0.989,0.3,0.0,1.5,1.46
1788457477.265,driving,5.888,1.393,45.8,3,20,21,6.375,2.225,8.3,0.965,0.965,0.3,0.0,1.5,1.43
1788457477.317,driving,5.898,1.402,45.8,3,20,21,6.375,2.225,8.5,0.951,0.951,0.3,0.0,1.5,1.43
1788457477.373,driving,5.914,1.418,45.8,4,20,21,6.375,2.225,8.6,0.93,0.93,0.3,0.0,1.5,1.41
1788457477.426,driving,5.921,1.425,45.8,4,20,21,6.375,2.225,8.8,0.92,0.92,0.3,0.0,1.5,1.41
1788457477.479,driving,5.928,1.432,45.8,4,20,21,6.375,2.225,8.9,0.91,0.91,0.3,0.0,1.5,1.39
1788457477.533,driving,5.942,1.447,45.8,4,20,21,6.375,2.225,9.1,0.89,0.89,0.3,0.0,1.5,1.39
1788457477.588,driving,5.95,1.454,45.8,5,20,21,6.375,2.225,9.3,0.88,0.88,0.3,0.0,1.5,1.37
1788457477.647,driving,5.964,1.469,45.8,0,16,17,6.375,2.225,9.4,0.861,0.861,0.3,0.0,1.5,1.37
1788457477.71,driving,5.971,1.476,45.8,0,16,17,6.375,2.225,9.6,0.851,0.851,0.3,0.0,1.5,1.35
1788457477.773,driving,5.985,1.491,45.8,0,16,17,6.375,2.225,9.7,0.831,0.831,0.3,0.0,1.5,1.35
1788457477.831,driving,5.99,1.494,45.4,0,16,17,6.375,2.225,10.2,0.827,0.827,0.3,0.0,1.5,1.33
1788457477.883,driving,5.997,1.493,44.4,1,16,17,6.375,2.225,11.4,0.824,0.824,0.3,0.0,1.5,1.33
1788457477.937,driving,6.003,1.498,44.3,1,16,17,6.375,2.225,11.7,0.817,0.817,0.3,0.0,1.5,1.31
1788457477.991,driving,6.017,1.512,44.3,1,16,17,6.375,2.225,11.9,0.797,0.797,0.3,0.0,1.5,1.31
1788457478.045,driving,6.025,1.52,44.3,1,16,17,6.375,2.225,12.1,0.788,0.788,0.3,0.0,1.5,1.29
1788457478.098,driving,6.039,1.534,44.3,2,16,17,6.375,2.225,12.3,0.768,0.768,0.3,0.0,1.5,1.29
1788457478.153,driving,6.046,1.541,44.3,2,16,17,6.375,2.225,12.5,0.759,0.759,0.3,0.0,1.5,1.26
1788457478.208,driving,6.061,1.555,44.3,2,16,17,6.375,2.225,12.7,0.74,0.74,0.3,0.0,1.5,1.26
1788457478.259,driving,6.068,1.562,44.3,2,16,17,6.375,2.225,12.9,0.73,0.73,0.3,0.0,1.5,1.24
1788457478.315,driving,6.083,1.577,44.3,3,16,17,6.375,2.225,13.1,0.711,0.711,0.3,0.0,1.5,1.24
1788457478.369,driving,6.096,1.587,43.9,3,16,17,6.375,2.225,13.7,0.696,0.696,0.3,0.0,1.5,1.22
1788457478.427,driving,6.109,1.598,43.5,3,16,17,6.375,2.225,14.3,0.681,0.681,0.3,0.0,1.5,1.22
1788457478.487,driving,6.129,1.616,43.2,3,16,17,6.375,2.225,14.9,0.657,0.657,0.3,0.0,1.5,1.2
1788457478.548,driving,6.137,1.623,43.2,3,16,17,6.375,2.225,15.2,0.647,0.647,0.3,0.0,1.5,1.2
1788457478.605,driving,6.151,1.637,43.2,4,16,17,6.375,2.225,15.4,0.629,0.629,0.298,0.0,1.5,1.18
1788457478.658,driving,6.159,1.644,43.2,0,12,13,6.375,2.225,15.7,0.62,0.62,0.298,0.0,1.5,1.18
1788457478.713,driving,6.174,1.658,43.2,1,12,13,6.375,2.225,16.0,0.602,0.602,0.296,0.0,1.5,1.16
1788457478.765,turning,6.181,1.665,43.2,1,12,13,6.375,2.225,16.3,0.593,0.593,0.0,2.4,1.5,1.16
1788457478.817,turning,6.189,1.673,43.9,1,12,13,6.375,2.225,15.9,0.583,0.583,0.0,2.4,1.5,1.14
1788457478.868,turning,6.189,1.673,44.7,1,12,13,6.375,2.225,15.3,0.583,0.583,0.0,2.4,1.5,1.14
1788457478.923,turning,6.189,1.679,46.8,1,12,13,6.375,2.225,13.5,0.577,0.577,0.0,2.4,1.5,1.52
1788457478.977,turning,6.189,1.684,48.0,1,12,13,6.375,2.225,12.6,0.573,0.573,0.0,2.4,1.5,1.52
1788457479.033,turning,6.188,1.687,49.9,1,12,13,6.375,2.225,11.0,0.57,0.57,0.0,2.4,1.5,1.52
1788457479.084,turning,6.188,1.687,50.7,1,12,13,6.375,2.225,10.4,0.57,0.57,0.0,2.4,1.5,1.52
1788457479.141,turning,6.188,1.687,52.3,1,12,13,6.375,2.225,9.0,0.57,0.57,0.0,2.4,1.5,1.52
1788457479.199,turning,6.188,1.687,53.1,1,12,13,6.375,2.225,8.4,0.57,0.57,0.0,2.4,1.5,1.52
1788457479.265,driving,6.188,1.687,54.8,1,12,13,6.375,2.225,7.0,0.57,0.57,0.3,0.0,1.5,1.52
1788457479.323,driving,6.188,1.687,55.6,1,12,13,6.375,2.225,6.4,0.57,0.57,0.3,0.0,1.5,1.52
1788457479.379,driving,6.188,1.688,55.8,1,12,13,6.375,2.225,6.5,0.569,0.569,0.3,0.0,1.5,1.53
1788457479.433,driving,6.192,1.693,55.8,1,12,13,6.375,2.225,6.7,0.563,0.563,0.3,0.0,1.5,1.53
1788457479.485,driving,6.195,1.697,55.8,1,12,13,6.375,2.225,6.9,0.557,0.557,0.3,0.0,1.5,1.52
1788457479.539,driving,6.204,1.711,55.8,2,12,13,6.375,2.225,7.1,0.541,0.541,0.3,0.0,1.5,1.52
1788457479.593,driving,6.209,1.719,55.8,2,12,13,6.375,2.225,7.3,0.533,0.533,0.3,0.0,1.5,1.49
1788457479.645,driving,6.214,1.731,55.7,2,12,13,6.375,2.225,7.6,0.519,0.519,0.3,0.0,1.5,1.49
1788457479.702,driving,6.219,1.739,55.7,0,10,11,6.375,2.225,7.8,0.51,0.51,0.3,0.0,1.5,1.46
1788457479.754,driving,6.231,1.756,55.7,1,10,11,6.375,2.225,8.0,0.491,0.491,0.3,0.0,1.5,1.46
1788457479.81,driving,6.236,1.764,55.7,1,10,11,6.375,2.225,8.2,0.481,0.481,0.3,0.0,1.5,1.44
1788457479.861,driving,6.248,1.781,55.7,1,10,11,6.375,2.225,8.5,0.462,0.462,0.3,0.0,1.5,1.44
1788457479.92,driving,6.254,1.79,55.7,1,10,11,6.375,2.225,8.7,0.452,0.452,0.3,0.0,1.5,1.4
1788457479.981,driving,6.265,1.807,55.7,2,10,11,6.375,2.225,9.0,0.433,0.433,0.3,0.0,1.5,1.4
1788457480.042,driving,6.271,1.815,55.7,2,10,11,6.375,2.225,9.3,0.423,0.423,0.3,0.0,1.5,1.37
1788457480.102,driving,6.282,1.832,55.7,2,10,11,6.375,2.225,9.6,0.404,0.404,0.3,0.0,1.5,1.37
1788457480.162,driving,6.288,1.84,55.7,3,10,11,6.375,2.225,9.9,0.394,0.394,0.296,0.0,1.5,1.35
1788457480.217,driving,6.299,1.857,55.7,3,10,11,6.375,2.225,10.2,0.376,0.376,0.282,0.0,1.5,1.35
1788457480.267,driving,6.305,1.865,55.7,3,10,11,6.375,2.225,10.5,0.366,0.366,0.275,0.0,1.5,1.31
1788457480.319,driving,6.311,1.873,55.7,3,10,11,6.375,2.225,10.8,0.357,0.357,0.268,0.0,1.5,1.31
1788457480.371,driving,6.324,1.888,55.7,4,10,11,6.375,2.225,11.2,0.341,0.341,0.255,0.0,1.5,1.29
1788457480.422,driving,6.331,1.895,55.7,4,10,11,6.375,2.225,11.7,0.332,0.332,0.249,0.0,1.5,1.29
1788457480.475,driving,6.344,1.909,55.6,4,10,11,6.375,2.225,12.1,0.317,0.317,0.238,0.0,1.5,1.26
1788457480.526,driving,6.349,1.916,55.6,4,10,11,6.375,2.225,12.6,0.31,0.31,0.232,0.0,1.5,1.26
1788457480.578,driving,6.358,1.93,55.6,5,10,11,6.375,2.225,13.0,0.296,0.296,0.222,0.0,1.5,1.24
1788457480.629,driving,6.362,1.936,55.6,5,10,11,6.375,2.225,13.5,0.289,0.289,0.22,0.0,1.5,1.24
1788457480.685,driving,6.371,1.949,55.6,5,10,11,6.375,2.225,14.0,0.276,0.276,0.22,0.0,1.5,1.22
1788457480.743,driving,6.375,1.955,55.6,1,6,7,6.375,2.225,14.5,0.27,0.27,0.22,0.0,1.5,1.22
1788457480.805,driving,6.373,1.969,55.9,1,6,7,6.375,2.225,14.7,0.256,0.256,0.22,0.0,1.5,1.19
1788457480.863,driving,6.369,1.977,56.1,1,6,7,6.375,2.225,14.9,0.248,0.248,0.22,0.0,1.5,1.19
1788457480.925,driving,6.371,1.991,56.2,1,6,7,6.375,2.225,15.2,0.234,0.234,0.22,0.0,1.5,1.18
1788457480.979,driving,6.375,1.997,56.2,1,6,7,6.375,2.225,15.7,0.228,0.228,0.22,0.0,1.5,1.18
1788457481.035,turning,6.383,2.009,56.2,2,6,7,6.375,2.225,16.2,0.216,0.216,0.0,2.4,1.5,1.15
1788457481.086,turning,6.388,2.015,56.2,2,6,7,6.375,2.225,16.7,0.21,0.21,0.0,2.4,1.5,1.15
1788457481.142,turning,6.389,2.018,57.5,2,6,7,6.375,2.225,15.9,0.208,0.208,0.0,2.4,1.5,1.14
1788457481.193,turning,6.389,2.018,58.4,2,6,7,6.375,2.225,15.6,0.208,0.208,0.0,2.4,1.5,1.14
1788457481.247,turning,6.389,2.018,59.2,2,6,7,6.375,2.225,15.3,0.208,0.208,0.0,2.4,1.5,1.13
1788457481.302,turning,6.389,2.018,60.8,2,6,7,6.375,2.225,14.1,0.208,0.208,0.0,2.4,1.5,1.13
1788457481.354,turning,6.388,2.018,61.7,2,6,7,6.375,2.225,13.7,0.208,0.208,0.0,2.4,1.5,1.13
1788457481.407,turning,6.386,2.017,63.6,2,6,7,6.375,2.225,12.3,0.209,0.209,0.0,2.4,1.5,1.13
1788457481.46,turning,6.385,2.016,64.4,2,6,7,6.375,2.225,11.8,0.209,0.209,0.0,2.4,1.5,1.13
1788457481.518,turning,6.385,2.016,66.1,2,6,7,6.375,2.225,10.6,0.209,0.209,0.0,2.4,1.5,1.13
1788457481.578,turning,6.385,2.016,66.9,2,6,7,6.375,2.225,10.2,0.209,0.209,0.0,2.4,1.5,1.14
1788457481.636,driving,6.385,2.016,68.5,2,6,7,6.375,2.225,8.9,0.209,0.209,0.22,0.0,1.5,1.14
1788457481.697,driving,6.385,2.016,69.3,2,6,7,6.375,2.225,8.5,0.209,0.209,0.22,0.0,1.5,1.13
1788457481.751,driving,6.386,2.019,69.4,0,4,5,6.375,2.225,8.8,0.206,0.206,0.22,0.0,1.5,1.13
1788457481.805,driving,6.388,2.023,69.4,0,4,5,6.375,2.225,9.1,0.202,0.202,0.22,0.0,1.5,1.13
1788457481.86,driving,6.392,2.036,69.4,0,4,5,6.375,2.225,9.6,0.19,0.19,0.22,0.0,1.5,1.13
1788457481.914,driving,6.396,2.043,69.2,0,4,5,6.375,2.225,10.2,0.183,0.183,0.22,0.0,1.5,1.12
1788457481.964,driving,6.403,2.058,68.8,1,4,5,6.375,2.225,11.1,0.17,0.17,0.22,0.0,1.5,1.12
1788457482.017,driving,6.405,2.065,68.8,1,4,5,6.375,2.225,11.7,0.163,0.163,0.22,0.0,1.5,1.1
1788457482.071,driving,6.411,2.079,68.8,1,4,5,6.375,2.225,12.2,0.151,0.151,0.22,0.0,1.5,1.1
1788457482.125,goal_approach,6.414,2.086,68.8,4,4,5,6.375,2.225,36.7,0.145,0.145,0.0,2.4,,1.09
1788457482.177,goal_approach,6.416,2.093,68.8,4,4,5,6.375,2.225,38.6,0.139,0.139,0.0,2.4,,1.09
1788457482.23,goal_approach,6.417,2.094,70.3,4,4,5,6.375,2.225,37.4,0.138,0.138,0.0,2.4,,1.06
1788457482.288,goal_approach,6.417,2.094,71.1,4,4,5,6.375,2.225,36.6,0.138,0.138,0.0,2.4,,1.06
1788457482.347,goal_approach,6.417,2.094,72.7,4,4,5,6.375,2.225,35.0,0.138,0.138,0.0,2.4,,1.07
1788457482.347,goal_approach,6.417,2.094,72.7,4,4,5,6.375,2.225,35.0,0.138,0.138,0.0,2.4,,1.07
1788457482.465,goal_approach,6.417,2.094,75.2,4,4,5,6.375,2.225,32.5,0.138,0.138,0.0,2.4,,1.07
1788457482.518,goal_approach,6.417,2.094,76.0,4,4,5,6.375,2.225,31.7,0.138,0.138,0.0,2.4,,1.07
1788457482.572,goal_approach,6.417,2.094,77.6,4,4,5,6.375,2.225,30.0,0.138,0.138,0.0,2.4,,1.08
1788457482.623,goal_approach,6.417,2.094,78.4,4,4,5,6.375,2.225,29.2,0.138,0.138,0.0,2.4,,1.08
1788457482.677,goal_approach,6.415,2.099,79.7,4,4,5,6.375,2.225,27.8,0.132,0.132,0.0,2.4,,1.11
1788457482.729,goal_approach,6.413,2.104,80.3,4,4,5,6.375,2.225,27.0,0.127,0.127,0.0,2.4,,1.11
1788457482.785,goal_approach,6.411,2.107,81.7,2,2,3,6.375,2.225,25.3,0.123,0.123,0.0,2.4,,1.15
1788457482.838,goal_approach,6.411,2.107,82.6,2,2,3,6.375,2.225,24.5,0.123,0.123,0.0,2.4,,1.15
1788457482.892,goal_approach,6.411,2.107,84.2,2,2,3,6.375,2.225,22.9,0.123,0.123,0.0,2.4,,1.19
1788457482.942,goal_approach,6.411,2.107,85.0,2,2,3,6.375,2.225,22.1,0.123,0.123,0.0,2.4,,1.19
1788457482.994,goal_approach,6.408,2.108,86.7,2,2,3,6.375,2.225,18.9,0.121,0.121,0.0,2.4,,1.24
1788457483.049,goal_approach,6.405,2.109,87.5,2,2,3,6.375,2.225,17.0,0.12,0.12,0.0,2.4,,1.24
1788457483.109,goal_approach,6.404,2.109,88.3,2,2,3,6.375,2.225,15.6,0.119,0.119,0.0,2.4,,1.3
1788457483.171,goal_approach,6.404,2.109,89.9,2,2,3,6.375,2.225,14.0,0.119,0.119,0.0,2.4,,1.3
1788457483.236,goal_approach,6.404,2.109,90.8,2,2,3,6.375,2.225,13.2,0.119,0.119,0.0,2.4,,1.37
1788457483.291,goal_approach,6.404,2.109,92.4,2,2,3,6.375,2.225,11.5,0.119,0.119,0.0,2.4,,1.37
1788457483.344,goal_approach,6.405,2.112,93.2,2,2,3,6.375,2.225,11.4,0.117,0.117,0.0,2.4,,1.44
1788457483.397,goal_approach,6.407,2.121,94.8,2,2,3,6.375,2.225,12.4,0.109,0.109,0.0,2.4,,1.44
1788457483.451,goal_approach,6.408,2.122,95.6,2,2,3,6.375,2.225,12.0,0.108,0.108,0.0,2.4,,1.53
1788457483.504,goal_approach,6.408,2.122,97.3,2,2,3,6.375,2.225,10.4,0.108,0.108,0.0,2.4,,1.53
1788457483.558,goal_approach,6.408,2.122,98.1,2,2,3,6.375,2.225,9.6,0.108,0.108,0.0,2.4,,1.62
1788457483.613,goal_approach,6.408,2.122,99.7,2,2,3,6.375,2.225,8.0,0.108,0.108,0.0,2.4,,1.62
1788457483.666,goal_approach,6.408,2.121,100.5,2,2,3,6.375,2.225,7.2,0.109,0.109,0.0,2.4,,1.74
1788457483.72,goal_approach,6.409,2.117,101.9,2,2,3,6.375,2.225,5.7,0.114,0.114,0.0,2.4,,1.74
1788457483.773,goal_approach,6.409,2.116,102.7,2,2,3,6.375,2.225,4.9,0.114,0.114,0.0,2.4,,1.88
1788457483.833,goal_approach,6.409,2.116,104.3,2,2,3,6.375,2.225,3.2,0.114,0.114,0.0,2.4,,1.88
1788457483.897,goal_approach,6.409,2.116,105.1,2,2,3,6.375,2.225,2.4,0.114,0.114,0.22,0.0,,2.04
1788457483.953,goal_approach,6.409,2.117,106.1,2,2,3,6.375,2.225,1.5,0.113,0.113,0.22,0.0,,2.04
1788457484.013,goal_approach,6.406,2.114,106.1,2,2,3,6.375,2.225,-0.6,0.115,0.115,0.22,0.0,,2.18
1788457484.065,goal_approach,6.402,2.113,106.1,2,2,3,6.375,2.225,-2.7,0.115,0.115,0.22,0.0,,2.18
1788457484.119,goal_approach,6.395,2.12,106.1,2,2,3,6.375,2.225,-5.3,0.107,0.107,0.22,0.0,,2.19
1788457484.169,goal_approach,6.393,2.127,106.1,2,2,3,6.375,2.225,-5.7,0.1,0.1,0.22,0.0,,2.19
1788457484.221,goal_approach,6.389,2.141,106.1,2,2,3,6.375,2.225,-6.7,0.085,0.085,0.22,0.0,,2.21
1788457484.273,goal_approach,6.387,2.149,106.1,2,2,3,6.375,2.225,-7.3,0.077,0.077,0.22,0.0,,2.21
1788457484.327,goal_approach,6.378,2.162,106.2,2,2,3,6.375,2.225,-13.4,0.063,0.063,0.22,0.0,,2.22
1788457484.379,goal_turn,6.372,2.169,106.3,2,2,3,6.375,2.225,-106.3,0.0,0.056,0.0,-4.5,,2.22
1788457484.435,goal_turn,6.366,2.176,103.4,2,2,3,6.375,2.225,-103.4,0.0,0.049,0.0,-4.5,,2.24
1788457484.488,goal_turn,6.366,2.176,100.0,2,2,3,6.375,2.225,-100.0,0.0,0.049,0.0,-4.5,,2.24
1788457484.543,goal_turn,6.366,2.176,93.1,2,2,3,6.375,2.225,-93.1,0.0,0.049,0.0,-4.5,,1.78
1788457484.596,goal_turn,6.366,2.176,89.7,2,2,3,6.375,2.225,-89.7,0.0,0.049,0.0,-4.5,,1.78
1788457484.655,goal_turn,6.366,2.176,82.8,2,2,3,6.375,2.225,-82.8,0.0,0.049,0.0,-4.335,,1.39
1788457484.714,goal_turn,6.366,2.176,79.4,2,2,3,6.375,2.225,-79.4,0.0,0.049,0.0,-4.155,,1.39
1788457484.775,goal_turn,6.366,2.176,73.0,2,2,3,6.375,2.225,-73.0,0.0,0.049,0.0,-3.823,,1.18
1788457484.836,goal_turn,6.366,2.176,70.0,1,1,2,6.375,2.225,-70.0,0.0,0.049,0.0,-3.665,,1.18
1788457484.891,goal_turn,6.366,2.176,64.9,1,1,2,6.375,2.225,-64.9,0.0,0.049,0.0,-3.398,,1.06
1788457484.945,goal_turn,6.366,2.176,62.5,1,1,2,6.375,2.225,-62.5,0.0,0.049,0.0,-3.271,,1.06
1788457484.999,goal_turn,6.366,2.181,60.4,1,1,2,6.375,2.225,-60.4,0.0,0.045,0.0,-3.161,,1.05
1788457485.052,goal_turn,6.367,2.2,56.8,1,1,2,6.375,2.225,-56.8,0.0,0.026,0.0,-2.977,,1.05
1788457485.105,goal_turn,6.368,2.206,55.1,1,1,2,6.375,2.225,-55.1,0.0,0.02,0.0,-2.886,,1.05
1788457485.156,goal_turn,6.372,2.211,52.1,1,1,2,6.375,2.225,-52.1,0.0,0.014,0.0,-2.727,,1.05
1788457485.21,goal_turn,6.373,2.213,50.9,1,1,2,6.375,2.225,-50.9,0.0,0.012,0.0,-2.663,,1.05
1788457485.262,goal_turn,6.371,2.214,49.2,1,1,2,6.375,2.225,-49.2,0.0,0.012,0.0,-2.574,,1.05
1788457485.315,goal_turn,6.371,2.215,47.9,1,1,2,6.375,2.225,-47.9,0.0,0.011,0.0,-2.51,,1.06
1788457485.37,goal_turn,6.373,2.217,45.2,1,1,2,6.375,2.225,-45.2,0.0,0.008,0.0,-2.4,,1.06
1788457485.43,goal_turn,6.372,2.216,44.3,1,1,2,6.375,2.225,-44.3,0.0,0.009,0.0,-2.4,,1.05
1788457485.49,goal_turn,6.37,2.213,43.0,1,1,2,6.375,2.225,-43.0,0.0,0.013,0.0,-2.4,,1.05
1788457485.555,goal_turn,6.369,2.212,42.2,1,1,2,6.375,2.225,-42.2,0.0,0.014,0.0,-2.4,,1.05
1788457485.614,goal_turn,6.369,2.212,40.5,1,1,2,6.375,2.225,-40.5,0.0,0.014,0.0,-2.4,,1.05
1788457485.668,goal_turn,6.37,2.213,39.5,1,1,2,6.375,2.225,-39.5,0.0,0.013,0.0,-2.4,,1.06
1788457485.72,goal_turn,6.372,2.215,37.5,1,1,2,6.375,2.225,-37.5,0.0,0.01,0.0,-2.4,,1.06
1788457485.772,goal_turn,6.372,2.215,36.6,1,1,2,6.375,2.225,-36.6,0.0,0.01,0.0,-2.4,,1.05
1788457485.823,goal_turn,6.372,2.215,34.9,1,1,2,6.375,2.225,-34.9,0.0,0.01,0.0,-2.4,,1.05
1788457485.876,idle,6.366,2.216,34.2,1,1,2,6.375,2.225,-34.9,0.0,0.01,0.0,0.0,,1.05
1788457485.93,idle,6.359,2.217,33.6,1,1,2,6.375,2.225,-34.9,0.0,0.01,0.0,0.0,,1.05
1788457485.982,idle,6.353,2.218,33.6,1,1,2,6.375,2.225,-34.9,0.0,0.01,0.0,0.0,,1.06
1788457486.034,idle,6.353,2.218,33.6,1,1,2,6.375,2.225,-34.9,0.0,0.01,0.0,0.0,,1.06
1788457486.084,idle,6.353,2.218,33.6,1,1,2,6.375,2.225,-34.9,0.0,0.01,0.0,0.0,,1.06
1788457486.137,idle,6.353,2.218,33.6,1,1,2,6.375,2.225,-34.9,0.0,0.01,0.0,0.0,,1.06
1788457486.192,idle,6.352,2.219,33.3,1,1,2,6.375,2.225,-34.9,0.0,0.01,0.0,0.0,,1.06
1788457486.25,idle,6.35,2.219,33.0,1,1,2,6.375,2.225,-34.9,0.0,0.01,0.0,0.0,,1.06
1788457486.308,idle,6.349,2.22,32.8,1,1,2,6.375,2.225,-34.9,0.0,0.01,0.0,0.0,,1.06
1788457486.365,idle,6.349,2.22,32.8,1,1,2,6.375,2.225,-34.9,0.0,0.01,0.0,0.0,,1.06
1788457486.42,idle,6.349,2.22,32.8,1,1,2,6.375,2.225,-34.9,0.0,0.01,0.0,0.0,,1.06
1788457486.471,idle,6.349,2.22,32.8,1,1,2,6.375,2.225,-34.9,0.0,0.01,0.0,0.0,,1.06
1788457486.524,idle,6.349,2.22,32.8,1,1,2,6.375,2.225,-34.9,0.0,0.01,0.0,0.0,,1.06
1788457486.575,idle,6.349,2.22,32.8,1,1,2,6.375,2.225,-34.9,0.0,0.01,0.0,0.0,,1.06
1788457486.626,idle,6.349,2.22,32.8,1,1,2,6.375,2.225,-34.9,0.0,0.01,0.0,0.0,,1.06
1788457486.678,idle,6.349,2.22,32.8,1,1,2,6.375,2.225,-34.9,0.0,0.01,0.0,0.0,,1.06
1788457486.73,idle,6.349,2.22,32.8,1,1,2,6.375,2.225,-34.9,0.0,0.01,0.0,0.0,,1.06
1788457486.779,idle,6.349,2.22,32.8,1,1,2,6.375,2.225,-34.9,0.0,0.01,0.0,0.0,,1.06
1788457486.83,idle,6.349,2.22,32.8,1,1,2,6.375,2.225,-34.9,0.0,0.01,0.0,0.0,,1.06
1788457486.883,goal_turn,6.349,2.22,32.8,1,1,2,6.375,2.225,-32.8,0.0,0.027,0.0,-2.4,,1.06
1788457486.939,goal_turn,6.349,2.22,32.8,1,1,2,6.375,2.225,-32.8,0.0,0.027,0.0,-2.4,,1.06
1788457486.993,goal_turn,6.349,2.22,31.1,1,1,2,6.375,2.225,-31.1,0.0,0.027,0.0,-2.4,,1.06
1788457487.051,goal_turn,6.349,2.22,30.3,1,1,2,6.375,2.225,-30.3,0.0,0.027,0.0,-2.4,,1.05
1788457487.107,goal_turn,6.349,2.22,28.5,1,1,2,6.375,2.225,-28.5,0.0,0.027,0.0,-2.4,,1.05
1788457487.167,goal_turn,6.349,2.22,27.7,1,1,2,6.375,2.225,-27.7,0.0,0.027,0.0,-2.4,,1.05
1788457487.22,goal_turn,6.349,2.22,26.0,1,1,2,6.375,2.225,-26.0,0.0,0.027,0.0,-2.4,,1.05
1788457487.272,goal_turn,6.349,2.22,25.1,1,1,2,6.375,2.225,-25.1,0.0,0.027,0.0,-2.4,,1.05
1788457487.326,goal_turn,6.349,2.22,23.4,1,1,2,6.375,2.225,-23.4,0.0,0.027,0.0,-2.4,,1.05
1788457487.38,goal_turn,6.349,2.22,22.5,1,1,2,6.375,2.225,-22.5,0.0,0.027,0.0,-2.4,,1.05
1788457487.432,goal_turn,6.349,2.22,20.8,1,1,2,6.375,2.225,-20.8,0.0,0.027,0.0,-2.4,,1.05
1788457487.484,goal_turn,6.346,2.224,19.9,1,1,2,6.375,2.225,-19.9,0.0,0.029,0.0,-2.4,,1.05
1788457487.536,goal_turn,6.339,2.234,18.2,1,1,2,6.375,2.225,-18.2,0.0,0.037,0.0,-2.4,,1.05
1788457489.143,driving,6.335,2.221,9.7,0,30,92,7.825,2.225,-9.6,1.49,4.543,0.284,0.0,1.5,1.03
1788457489.196,preempted,6.335,2.221,9.7,0,30,92,7.825,2.225,-9.6,1.49,4.543,0.0,0.0,1.5,1.03
1788457489.25,preempted,6.338,2.222,9.7,0,30,92,7.825,2.225,-9.6,1.49,4.543,0.0,0.0,1.5,1.03
1788457489.309,preempted,6.342,2.222,9.7,0,30,92,7.825,2.225,-9.6,1.49,4.543,0.0,0.0,1.5,1.02
1788457489.368,preempted,6.354,2.225,9.7,0,30,92,7.825,2.225,-9.6,1.49,4.543,0.0,0.0,1.5,1.02
1788457489.437,preempted,6.361,2.226,9.7,0,30,92,7.825,2.225,-9.6,1.49,4.543,0.0,0.0,1.5,1.01
1788457489.437,preempted,6.361,2.226,9.7,0,30,92,7.825,2.225,-9.6,1.49,4.543,0.0,0.0,1.5,1.01
1788457489.55,preempted,6.381,2.229,9.7,0,30,92,7.825,2.225,-9.6,1.49,4.543,0.0,0.0,1.5,0.99
1788457489.602,preempted,6.388,2.23,9.7,0,30,92,7.825,2.225,-9.6,1.49,4.543,0.0,0.0,1.5,0.99
1788457489.655,preempted,6.401,2.233,9.7,0,30,92,7.825,2.225,-9.6,1.49,4.543,0.0,0.0,1.5,0.98
1788457489.708,preempted,6.408,2.234,9.7,0,30,92,7.825,2.225,-9.6,1.49,4.543,0.0,0.0,1.5,0.98
1788457489.762,preempted,6.421,2.236,9.7,0,30,92,7.825,2.225,-9.6,1.49,4.543,0.0,0.0,1.5,0.96
1788457489.815,preempted,6.428,2.237,9.7,0,30,92,7.825,2.225,-9.6,1.49,4.543,0.0,0.0,1.5,0.96
1788457489.867,preempted,6.441,2.239,9.7,0,30,92,7.825,2.225,-9.6,1.49,4.543,0.0,0.0,1.5,0.94
1788457489.921,preempted,6.448,2.241,9.7,0,30,92,7.825,2.225,-9.6,1.49,4.543,0.0,0.0,1.5,0.94
1788457489.975,preempted,6.461,2.243,9.7,0,30,92,7.825,2.225,-9.6,1.49,4.543,0.0,0.0,1.5,0.93
1788457490.028,preempted,6.468,2.244,9.7,0,30,92,7.825,2.225,-9.6,1.49,4.543,0.0,0.0,1.5,0.93
1788457490.091,preempted,6.481,2.246,9.7,0,30,92,7.825,2.225,-9.6,1.49,4.543,0.0,0.0,1.5,0.91
1788457490.153,preempted,6.488,2.248,9.7,0,30,92,7.825,2.225,-9.6,1.49,4.543,0.0,0.0,1.5,0.91
1788457490.219,preempted,6.502,2.25,9.7,0,30,92,7.825,2.225,-9.6,1.49,4.543,0.0,0.0,1.5,0.89
1788457490.274,preempted,6.508,2.251,9.7,0,30,92,7.825,2.225,-9.6,1.49,4.543,0.0,0.0,1.5,0.89
1788457490.332,preempted,6.51,2.251,8.1,0,30,92,7.825,2.225,-9.6,1.49,4.543,0.0,0.0,1.5,0.87
1788457490.385,preempted,6.51,2.251,7.1,0,30,92,7.825,2.225,-9.6,1.49,4.543,0.0,0.0,1.5,0.87
1788457490.439,preempted,6.515,2.252,5.3,0,30,92,7.825,2.225,-9.6,1.49,4.543,0.0,0.0,1.5,0.87
1788457490.49,preempted,6.519,2.252,4.5,0,30,92,7.825,2.225,-9.6,1.49,4.543,0.0,0.0,1.5,0.87
1788457490.544,preempted,6.521,2.252,3.6,0,30,92,7.825,2.225,-9.6,1.49,4.543,0.0,0.0,1.5,0.86
1788457490.595,preempted,6.521,2.252,1.6,0,30,92,7.825,2.225,-9.6,1.49,4.543,0.0,0.0,1.5,0.86
1788457490.65,preempted,6.521,2.252,0.6,0,30,92,7.825,2.225,-9.6,1.49,4.543,0.0,0.0,1.5,0.86
1788457490.702,preempted,6.521,2.252,0.3,0,30,92,7.825,2.225,-9.6,1.49,4.543,0.0,0.0,1.5,0.86
1788457490.754,preempted,6.521,2.252,0.3,0,30,92,7.825,2.225,-9.6,1.49,4.543,0.0,0.0,1.5,0.87
1788457490.807,preempted,6.521,2.252,0.3,0,30,92,7.825,2.225,-9.6,1.49,4.543,0.0,0.0,1.5,0.87
1788457490.867,preempted,6.521,2.252,0.3,0,30,92,7.825,2.225,-9.6,1.49,4.543,0.0,0.0,1.5,1.09
1788457490.927,preempted,6.524,2.252,0.3,0,30,92,7.825,2.225,-9.6,1.49,4.543,0.0,0.0,1.5,1.09
1788457490.988,preempted,6.529,2.254,0.3,0,30,92,7.825,2.225,-9.6,1.49,4.543,0.0,0.0,1.5,1.06
1788457491.045,preempted,6.546,2.259,0.4,0,30,92,7.825,2.225,-9.6,1.49,4.543,0.0,0.0,1.5,1.06
1788457491.097,preempted,6.554,2.259,0.4,0,30,92,7.825,2.225,-9.6,1.49,4.543,0.0,0.0,1.5,1.06
1788457491.151,preempted,6.569,2.259,0.4,0,30,92,7.825,2.225,-9.6,1.49,4.543,0.0,0.0,1.5,1.06
1788457491.207,preempted,6.577,2.259,0.4,0,30,92,7.825,2.225,-9.6,1.49,4.543,0.0,0.0,1.5,1.03
1788457491.26,preempted,6.592,2.259,0.4,0,30,92,7.825,2.225,-9.6,1.49,4.543,0.0,0.0,1.5,1.03
1788457491.314,preempted,6.599,2.26,0.4,0,30,92,7.825,2.225,-9.6,1.49,4.543,0.0,0.0,1.5,1.0
1788457491.366,preempted,6.614,2.26,0.4,0,30,92,7.825,2.225,-9.6,1.49,4.543,0.0,0.0,1.5,1.0
1788457491.419,preempted,6.622,2.26,0.4,0,30,92,7.825,2.225,-9.6,1.49,4.543,0.0,0.0,1.5,1.0
1788457491.471,preempted,6.629,2.26,0.4,0,30,92,7.825,2.225,-9.6,1.49,4.543,0.0,0.0,1.5,1.0
1788457491.524,preempted,6.644,2.26,0.4,0,30,92,7.825,2.225,-9.6,1.49,4.543,0.0,0.0,1.5,0.98
1788457491.576,preempted,6.652,2.26,0.4,0,30,92,7.825,2.225,-9.6,1.49,4.543,0.0,0.0,1.5,0.98
1788457491.639,preempted,6.667,2.26,0.4,0,30,92,7.825,2.225,-9.6,1.49,4.543,0.0,0.0,1.5,0.95
1788457491.695,preempted,6.674,2.26,0.4,0,30,92,7.825,2.225,-9.6,1.49,4.543,0.0,0.0,1.5,0.95
1788457491.752,preempted,6.689,2.26,0.4,0,30,92,7.825,2.225,-9.6,1.49,4.543,0.0,0.0,1.5,0.93
1788457491.813,preempted,6.696,2.26,0.4,0,30,92,7.825,2.225,-9.6,1.49,4.543,0.0,0.0,1.5,0.93
1788457491.868,preempted,6.711,2.26,0.4,0,30,92,7.825,2.225,-9.6,1.49,4.543,0.0,0.0,1.5,0.9
1788457491.921,preempted,6.719,2.26,0.4,0,30,92,7.825,2.225,-9.6,1.49,4.543,0.0,0.0,1.5,0.9
1788457491.974,preempted,6.736,2.262,0.5,0,30,92,7.825,2.225,-9.6,1.49,4.543,0.0,0.0,1.5,0.9
1788457492.025,preempted,6.745,2.264,0.6,0,30,92,7.825,2.225,-9.6,1.49,4.543,0.0,0.0,1.5,0.9
1788457492.079,preempted,6.762,2.266,0.6,0,30,92,7.825,2.225,-9.6,1.49,4.543,0.0,0.0,1.5,0.88
1788457492.135,preempted,6.769,2.266,0.6,0,30,92,7.825,2.225,-9.6,1.49,4.543,0.0,0.0,1.5,0.88
1788457492.188,preempted,6.784,2.266,0.6,0,30,92,7.825,2.225,-9.6,1.49,4.543,0.0,0.0,1.5,0.86
1788457492.243,preempted,6.792,2.266,0.6,0,30,92,7.825,2.225,-9.6,1.49,4.543,0.0,0.0,1.5,0.86
1788457492.296,preempted,6.807,2.266,0.6,0,30,92,7.825,2.225,-9.6,1.49,4.543,0.0,0.0,1.5,0.83
1788457492.348,preempted,6.814,2.266,0.6,0,30,92,7.825,2.225,-9.6,1.49,4.543,0.0,0.0,1.5,0.83
1788457492.407,preempted,6.822,2.266,0.6,0,30,92,7.825,2.225,-9.6,1.49,4.543,0.0,0.0,1.5,0.81
1788457492.464,preempted,6.836,2.266,0.6,0,30,92,7.825,2.225,-9.6,1.49,4.543,0.0,0.0,1.5,0.81
1788457492.524,preempted,6.844,2.267,0.6,0,30,92,7.825,2.225,-9.6,1.49,4.543,0.0,0.0,1.5,0.8
1788457492.584,preempted,6.861,2.267,0.4,0,30,92,7.825,2.225,-9.6,1.49,4.543,0.0,0.0,1.5,0.8
1788457492.639,preempted,6.869,2.267,0.3,0,30,92,7.825,2.225,-9.6,1.49,4.543,0.0,0.0,1.5,0.78
1788457492.692,preempted,6.884,2.267,0.3,0,30,92,7.825,2.225,-9.6,1.49,4.543,0.0,0.0,1.5,0.78
1788457492.745,preempted,6.891,2.267,0.3,0,30,92,7.825,2.225,-9.6,1.49,4.543,0.0,0.0,1.5,0.76
1788457492.797,preempted,6.906,2.268,0.3,0,30,92,7.825,2.225,-9.6,1.49,4.543,0.0,0.0,1.5,0.76
1788457492.849,preempted,6.913,2.268,0.3,0,30,92,7.825,2.225,-9.6,1.49,4.543,0.0,0.0,1.5,0.74
1788457492.902,preempted,6.928,2.268,0.3,0,30,92,7.825,2.225,-9.6,1.49,4.543,0.0,0.0,1.5,0.74
1788457492.955,preempted,6.936,2.268,0.3,0,30,92,7.825,2.225,-9.6,1.49,4.543,0.0,0.0,1.5,0.72
1788457493.006,preempted,6.951,2.268,0.3,0,30,92,7.825,2.225,-9.6,1.49,4.543,0.0,0.0,1.5,0.72
1788457493.06,preempted,6.954,2.267,0.2,0,30,92,7.825,2.225,-9.6,1.49,4.543,0.0,0.0,1.5,0.69
1788457493.114,preempted,6.959,2.264,0.0,0,30,92,7.825,2.225,-9.6,1.49,4.543,0.0,0.0,1.5,0.69
1788457493.171,preempted,6.966,2.264,0.0,0,30,92,7.825,2.225,-9.6,1.49,4.543,0.0,0.0,1.5,0.69
1788457493.232,preempted,6.981,2.264,0.0,0,30,92,7.825,2.225,-9.6,1.49,4.543,0.0,0.0,1.5,0.69
1788457493.294,preempted,6.988,2.264,0.0,0,30,92,7.825,2.225,-9.6,1.49,4.543,0.0,0.0,1.5,0.67
1788457493.351,preempted,6.996,2.264,0.0,0,30,92,7.825,2.225,-9.6,1.49,4.543,0.0,0.0,1.5,0.67
1788457493.406,preempted,7.011,2.264,0.0,0,30,92,7.825,2.225,-9.6,1.49,4.543,0.0,0.0,1.5,0.65
1788457493.458,preempted,7.018,2.264,0.0,0,30,92,7.825,2.225,-9.6,1.49,4.543,0.0,0.0,1.5,0.65
1788457493.511,preempted,7.033,2.264,0.0,0,30,92,7.825,2.225,-9.6,1.49,4.543,0.0,0.0,1.5,0.65
1788457493.567,preempted,7.041,2.264,0.0,0,30,92,7.825,2.225,-9.6,1.49,4.543,0.0,0.0,1.5,0.65
1788457493.62,preempted,7.058,2.266,0.4,0,30,92,7.825,2.225,-9.6,1.49,4.543,0.0,0.0,1.5,0.65
1788457493.673,preempted,7.067,2.267,0.8,0,30,92,7.825,2.225,-9.6,1.49,4.543,0.0,0.0,1.5,0.65
1788457493.726,preempted,7.083,2.269,1.1,0,30,92,7.825,2.225,-9.6,1.49,4.543,0.0,0.0,1.5,0.65
1788457493.778,preempted,7.091,2.269,1.1,0,30,92,7.825,2.225,-9.6,1.49,4.543,0.0,0.0,1.5,0.65
1788457493.833,preempted,7.106,2.27,1.1,0,30,92,7.825,2.225,-9.6,1.49,4.543,0.0,0.0,1.5,0.65
1788457493.887,preempted,7.113,2.27,1.1,0,30,92,7.825,2.225,-9.6,1.49,4.543,0.0,0.0,1.5,0.65
1788457493.947,preempted,7.128,2.27,1.1,0,30,92,7.825,2.225,-9.6,1.49,4.543,0.0,0.0,1.5,0.65
1788457494.007,preempted,7.136,2.27,1.1,0,30,92,7.825,2.225,-9.6,1.49,4.543,0.0,0.0,1.5,0.65
1788457494.064,preempted,7.151,2.27,1.1,0,30,92,7.825,2.225,-9.6,1.49,4.543,0.0,0.0,1.5,0.65
1788457494.122,preempted,7.158,2.27,1.1,0,30,92,7.825,2.225,-9.6,1.49,4.543,0.0,0.0,1.5,0.65
1788457494.18,preempted,7.17,2.269,0.8,0,30,92,7.825,2.225,-9.6,1.49,4.543,0.0,0.0,1.5,0.65
1788457494.233,preempted,7.174,2.268,0.7,0,30,92,7.825,2.225,-9.6,1.49,4.543,0.0,0.0,1.5,0.65
1788457494.288,preempted,7.18,2.268,0.6,0,30,92,7.825,2.225,-9.6,1.49,4.543,0.0,0.0,1.5,0.65
1788457494.339,preempted,7.195,2.268,0.6,0,30,92,7.825,2.225,-9.6,1.49,4.543,0.0,0.0,1.5,0.65
1788457494.392,preempted,7.203,2.268,0.6,0,30,92,7.825,2.225,-9.6,1.49,4.543,0.0,0.0,1.5,0.65
1788457494.445,preempted,7.218,2.268,0.6,0,30,92,7.825,2.225,-9.6,1.49,4.543,0.0,0.0,1.5,0.65
1788457494.499,preempted,7.225,2.268,0.6,0,30,92,7.825,2.225,-9.6,1.49,4.543,0.0,0.0,1.5,0.65
1788457494.55,preempted,7.24,2.269,0.6,0,30,92,7.825,2.225,-9.6,1.49,4.543,0.0,0.0,1.5,0.65
1788457494.604,preempted,7.248,2.269,0.6,0,30,92,7.825,2.225,-9.6,1.49,4.543,0.0,0.0,1.5,0.65
1788457494.654,preempted,7.263,2.269,0.6,0,30,92,7.825,2.225,-9.6,1.49,4.543,0.0,0.0,1.5,0.65
1788457494.71,preempted,7.268,2.269,0.7,0,30,92,7.825,2.225,-9.6,1.49,4.543,0.0,0.0,1.5,0.65
1788457494.768,preempted,7.277,2.27,0.9,0,30,92,7.825,2.225,-9.6,1.49,4.543,0.0,0.0,1.5,0.65
1788457494.829,preempted,7.284,2.27,0.9,0,30,92,7.825,2.225,-9.6,1.49,4.543,0.0,0.0,1.5,0.65
1788457494.887,preempted,7.298,2.271,0.9,0,30,92,7.825,2.225,-9.6,1.49,4.543,0.0,0.0,1.5,0.65
1788457494.943,preempted,7.306,2.271,0.9,0,30,92,7.825,2.225,-9.6,1.49,4.543,0.0,0.0,1.5,0.65
1788457494.994,preempted,7.321,2.271,0.9,0,30,92,7.825,2.225,-9.6,1.49,4.543,0.0,0.0,1.5,0.65
1788457495.046,preempted,7.328,2.271,0.9,0,30,92,7.825,2.225,-9.6,1.49,4.543,0.0,0.0,1.5,0.65
1788457495.098,preempted,7.343,2.271,0.9,0,30,92,7.825,2.225,-9.6,1.49,4.543,0.0,0.0,1.5,0.65
1788457495.152,preempted,7.351,2.271,0.9,0,30,92,7.825,2.225,-9.6,1.49,4.543,0.0,0.0,1.5,0.65
1788457495.203,preempted,7.358,2.272,0.9,0,30,92,7.825,2.225,-9.6,1.49,4.543,0.0,0.0,1.5,0.65
1788457495.253,preempted,7.374,2.274,1.1,0,30,92,7.825,2.225,-9.6,1.49,4.543,0.0,0.0,1.5,3.1
1788457495.309,preempted,7.382,2.276,1.3,0,30,92,7.825,2.225,-9.6,1.49,4.543,0.0,0.0,1.5,3.1
1788457495.363,preempted,7.398,2.278,1.5,0,30,92,7.825,2.225,-9.6,1.49,4.543,0.0,0.0,1.5,3.1
1788457495.417,preempted,7.405,2.278,1.5,0,30,92,7.825,2.225,-9.6,1.49,4.543,0.0,0.0,1.5,3.1
1788457495.47,preempted,7.42,2.279,1.5,0,30,92,7.825,2.225,-9.6,1.49,4.543,0.0,0.0,1.5,3.1
1788457495.525,preempted,7.427,2.279,1.5,0,30,92,7.825,2.225,-9.6,1.49,4.543,0.0,0.0,1.5,3.1
1788457495.582,preempted,7.442,2.279,1.5,0,30,92,7.825,2.225,-9.6,1.49,4.543,0.0,0.0,1.5,3.1
1788457495.645,preempted,7.45,2.279,1.5,0,30,92,7.825,2.225,-9.6,1.49,4.543,0.0,0.0,1.5,3.1
1788457495.706,preempted,7.465,2.28,1.5,0,30,92,7.825,2.225,-9.6,1.49,4.543,0.0,0.0,1.5,3.1
1788457495.758,preempted,7.472,2.28,1.5,0,30,92,7.825,2.225,-9.6,1.49,4.543,0.0,0.0,1.5,3.1
1788457495.813,preempted,7.483,2.285,1.8,0,30,92,7.825,2.225,-9.6,1.49,4.543,0.0,0.0,1.5,3.1
1788457495.864,preempted,7.487,2.29,2.0,0,30,92,7.825,2.225,-9.6,1.49,4.543,0.0,0.0,1.5,3.1
1788457495.918,preempted,7.5,2.293,2.1,0,30,92,7.825,2.225,-9.6,1.49,4.543,0.0,0.0,1.5,3.1
1788457495.973,preempted,7.508,2.293,2.1,0,30,92,7.825,2.225,-9.6,1.49,4.543,0.0,0.0,1.5,3.1
1788457496.029,preempted,7.522,2.293,2.1,0,30,92,7.825,2.225,-9.6,1.49,4.543,0.0,0.0,1.5,3.1
1788457496.082,preempted,7.53,2.294,2.1,0,30,92,7.825,2.225,-9.6,1.49,4.543,0.0,0.0,1.5,3.1
1788457496.136,preempted,7.537,2.294,2.1,0,30,92,7.825,2.225,-9.6,1.49,4.543,0.0,0.0,1.5,3.1
1788457496.188,preempted,7.552,2.295,2.1,0,30,92,7.825,2.225,-9.6,1.49,4.543,0.0,0.0,1.5,3.1
1788457496.243,preempted,7.56,2.295,2.1,0,30,92,7.825,2.225,-9.6,1.49,4.543,0.0,0.0,1.5,3.1
1788457496.303,preempted,7.575,2.295,2.1,0,30,92,7.825,2.225,-9.6,1.49,4.543,0.0,0.0,1.5,3.1
1788457496.364,preempted,7.58,2.297,2.2,0,30,92,7.825,2.225,-9.6,1.49,4.543,0.0,0.0,1.5,3.1
1788457496.423,preempted,7.586,2.3,2.6,0,30,92,7.825,2.225,-9.6,1.49,4.543,0.0,0.0,1.5,3.1
1788457496.48,preempted,7.592,2.301,2.7,0,30,92,7.825,2.225,-9.6,1.49,4.543,0.0,0.0,1.5,3.1
1788457496.534,preempted,7.607,2.302,2.7,0,30,92,7.825,2.225,-9.6,1.49,4.543,0.0,0.0,1.5,3.1
1788457496.585,preempted,7.614,2.302,2.7,0,30,92,7.825,2.225,-9.6,1.49,4.543,0.0,0.0,1.5,3.1
1788457496.638,preempted,7.629,2.303,2.7,0,30,92,7.825,2.225,-9.6,1.49,4.543,0.0,0.0,1.5,3.1
1788457496.693,preempted,7.636,2.303,2.7,0,30,92,7.825,2.225,-9.6,1.49,4.543,0.0,0.0,1.5,3.1
1788457496.746,preempted,7.651,2.304,2.7,0,30,92,7.825,2.225,-9.6,1.49,4.543,0.0,0.0,1.5,3.1
1788457496.8,preempted,7.659,2.304,2.7,0,30,92,7.825,2.225,-9.6,1.49,4.543,0.0,0.0,1.5,3.1
1788457496.851,preempted,7.674,2.305,2.7,0,30,92,7.825,2.225,-9.6,1.49,4.543,0.0,0.0,1.5,3.1
1788457496.905,preempted,7.678,2.307,2.6,0,30,92,7.825,2.225,-9.6,1.49,4.543,0.0,0.0,1.5,3.1
1788457496.958,preempted,7.684,2.311,2.4,0,30,92,7.825,2.225,-9.6,1.49,4.543,0.0,0.0,1.5,3.1
1788457497.012,preempted,7.691,2.312,2.4,0,30,92,7.825,2.225,-9.6,1.49,4.543,0.0,0.0,1.5,3.1
1788457497.071,preempted,7.699,2.312,2.4,0,30,92,7.825,2.225,-9.6,1.49,4.543,0.0,0.0,1.5,3.1
1788457497.135,preempted,7.714,2.313,2.4,0,30,92,7.825,2.225,-9.6,1.49,4.543,0.0,0.0,1.5,3.1
1788457497.195,preempted,7.721,2.313,2.4,0,30,92,7.825,2.225,-9.6,1.49,4.543,0.0,0.0,1.5,3.1
1788457497.253,preempted,7.736,2.313,2.4,0,30,92,7.825,2.225,-9.6,1.49,4.543,0.0,0.0,1.5,3.1
1788457497.308,preempted,7.744,2.314,2.4,0,30,92,7.825,2.225,-9.6,1.49,4.543,0.0,0.0,1.5,3.1
1788457497.364,preempted,7.759,2.314,2.4,0,30,92,7.825,2.225,-9.6,1.49,4.543,0.0,0.0,1.5,3.1
1788457497.418,preempted,7.766,2.315,2.4,0,30,92,7.825,2.225,-9.6,1.49,4.543,0.0,0.0,1.5,3.1
1788457497.472,preempted,7.782,2.313,2.2,0,30,92,7.825,2.225,-9.6,1.49,4.543,0.0,0.0,1.5,3.1
1788457497.526,preempted,7.79,2.312,2.1,0,30,92,7.825,2.225,-9.6,1.49,4.543,0.0,0.0,1.5,3.1
1788457497.526,preempted,7.79,2.312,2.1,0,30,92,7.825,2.225,-9.6,1.49,4.543,0.0,0.0,1.5,3.1
1788457497.634,exit_straight,7.813,2.311,2.0,2,32,64,9.325,2.375,0.4,1.514,3.063,0.3,0.0,1.5,3.1
1788457497.686,exit_straight,7.814,2.311,2.0,2,32,64,9.325,2.375,0.4,1.512,3.061,0.3,0.0,1.5,3.09
1788457497.737,exit_straight,7.814,2.311,2.0,2,32,64,9.325,2.375,0.4,1.512,3.061,0.3,0.0,1.5,3.09
1788457497.79,exit_straight,7.814,2.311,2.0,2,32,64,9.325,2.375,0.4,1.512,3.061,0.3,0.0,1.5,3.09
1788457497.844,exit_straight,7.814,2.311,2.0,2,32,64,9.325,2.375,0.4,1.512,3.061,0.3,0.0,1.5,3.09
1788457497.904,exit_straight,7.814,2.311,2.0,2,32,64,9.325,2.375,0.4,1.512,3.061,0.3,0.0,1.5,3.09
1788457497.959,exit_straight,7.814,2.311,2.0,2,32,64,9.325,2.375,0.4,1.512,3.061,0.3,0.0,1.5,3.09
1788457498.016,exit_straight,7.812,2.31,1.9,2,32,64,9.325,2.375,0.5,1.514,3.064,0.3,0.0,1.5,3.09
1788457498.069,exit_straight,7.802,2.306,1.7,2,32,64,9.325,2.375,0.7,1.524,3.074,0.3,0.0,1.5,3.09
1788457498.125,exit_straight,7.8,2.305,1.7,2,32,64,9.325,2.375,0.8,1.527,3.076,0.3,0.0,1.5,3.09
1788457498.176,exit_straight,7.8,2.305,1.7,2,32,64,9.325,2.375,0.8,1.527,3.076,0.3,0.0,1.5,3.09
1788457498.227,exit_straight,7.8,2.305,1.7,2,32,64,9.325,2.375,0.8,1.527,3.076,0.3,0.0,1.5,3.09
1788457498.278,exit_straight,7.803,2.305,1.7,2,32,64,9.325,2.375,0.8,1.524,3.073,0.3,0.0,1.5,3.09
1788457498.333,exit_straight,7.807,2.305,1.7,0,30,62,9.325,2.375,0.8,1.52,3.069,0.3,0.0,1.5,3.09
1788457498.383,exit_straight,7.821,2.306,1.7,0,30,62,9.325,2.375,0.8,1.506,3.055,0.3,0.0,1.5,3.09
1788457498.437,exit_straight,7.83,2.306,1.7,0,30,62,9.325,2.375,0.8,1.497,3.046,0.3,0.0,1.5,3.09
1788457498.488,exit_straight,7.85,2.306,1.7,1,31,62,9.375,2.375,0.8,1.526,3.025,0.3,0.0,1.5,3.09
1788457498.542,exit_straight,7.86,2.307,1.7,1,31,62,9.375,2.375,0.8,1.516,3.015,0.3,0.0,1.5,3.09
1788457498.596,exit_straight,7.881,2.307,1.7,1,31,62,9.375,2.375,0.8,1.496,2.995,0.3,0.0,1.5,3.09
1788457498.657,exit_straight,7.891,2.308,1.7,1,31,62,9.375,2.375,0.8,1.485,2.985,0.3,0.0,1.5,3.09
1788457498.719,exit_straight,7.911,2.308,1.7,2,32,62,9.425,2.375,0.8,1.515,2.964,0.3,0.0,1.5,3.09
1788457498.78,exit_straight,7.922,2.308,1.7,2,32,62,9.425,2.375,0.8,1.505,2.954,0.3,0.0,1.5,3.09
1788457498.835,exit_straight,7.942,2.309,1.7,2,32,62,9.425,2.375,0.8,1.484,2.934,0.3,0.0,1.5,3.09
1788457498.887,exit_straight,7.952,2.309,1.7,2,32,62,9.425,2.375,0.8,1.474,2.924,0.3,0.0,1.5,3.09
1788457498.939,exit_straight,7.962,2.31,1.7,3,33,62,9.475,2.375,0.8,1.514,2.913,0.3,0.0,1.5,3.09
1788457498.993,exit_straight,7.983,2.31,1.7,3,33,62,9.475,2.375,0.8,1.494,2.893,0.3,0.0,1.5,3.09
1788457499.045,exit_straight,7.993,2.311,1.7,3,33,62,9.475,2.375,0.8,1.483,2.883,0.3,0.0,1.5,3.09
1788457499.098,exit_straight,8.013,2.31,1.4,4,34,62,9.525,2.375,1.0,1.513,2.863,0.3,0.0,1.5,3.09
1788457499.149,exit_straight,8.023,2.308,1.2,4,34,62,9.525,2.375,1.2,1.503,2.853,0.3,0.0,1.5,3.09
1788457499.202,exit_straight,8.043,2.307,1.1,4,34,62,9.525,2.375,1.4,1.483,2.833,0.3,0.0,1.5,3.09
1788457499.255,exit_straight,8.053,2.307,1.1,5,35,62,9.575,2.375,1.4,1.523,2.822,0.3,0.0,1.5,3.09
1788457499.312,exit_straight,8.074,2.308,1.1,5,35,62,9.575,2.375,1.4,1.503,2.802,0.3,0.0,1.5,3.09
1788457499.369,exit_straight,8.084,2.308,1.1,0,30,57,9.575,2.35,1.4,1.491,2.792,0.3,0.0,1.5,3.09
1788457499.429,exit_straight,8.104,2.308,1.1,1,31,57,9.625,2.351,1.4,1.521,2.771,0.3,0.0,1.5,3.09
1788457499.489,exit_straight,8.115,2.309,1.1,1,31,57,9.625,2.351,1.4,1.511,2.761,0.3,0.0,1.5,3.09
1788457499.549,exit_straight,8.132,2.309,0.9,1,31,57,9.625,2.351,1.5,1.493,2.744,0.3,0.0,1.5,3.09
1788457499.604,exit_straight,8.14,2.308,0.8,1,31,57,9.625,2.351,1.6,1.486,2.736,0.3,0.0,1.5,3.09
1788457499.659,exit_straight,8.159,2.308,0.8,2,32,57,9.675,2.352,1.6,1.517,2.717,0.3,0.0,1.5,3.09
1788457499.659,exit_straight,8.159,2.308,0.8,2,32,57,9.675,2.352,1.6,1.517,2.717,0.3,0.0,1.5,3.09
1788457499.763,exit_straight,8.189,2.309,0.8,2,32,57,9.675,2.352,1.6,1.486,2.687,0.3,0.0,1.5,3.09
1788457499.816,exit_straight,8.199,2.309,0.8,2,32,57,9.675,2.352,1.6,1.476,2.676,0.3,0.0,1.5,3.09
1788457499.868,exit_straight,8.21,2.309,0.8,3,33,57,9.725,2.353,1.6,1.516,2.666,0.3,0.0,1.5,3.09
1788457499.921,exit_straight,8.23,2.309,0.8,3,33,57,9.725,2.353,1.5,1.495,2.646,0.3,0.0,1.5,3.09
1788457499.975,exit_straight,8.239,2.307,0.7,3,33,57,9.725,2.353,1.5,1.487,2.637,0.3,0.0,1.5,3.09
1788457500.026,exit_straight,8.254,2.298,0.7,4,34,57,9.775,2.354,1.6,1.522,2.622,0.3,0.0,1.5,3.09
1788457500.079,exit_straight,8.263,2.296,0.6,4,34,57,9.775,2.354,1.6,1.513,2.613,0.3,0.0,1.5,3.09
1788457500.133,exit_straight,8.284,2.296,0.6,4,34,57,9.775,2.354,1.6,1.492,2.592,0.3,0.0,1.5,3.09
1788457500.191,exit_straight,8.294,2.296,0.6,4,34,57,9.775,2.354,1.6,1.482,2.582,0.3,0.0,1.5,3.07
1788457500.251,exit_straight,8.314,2.296,0.6,5,35,57,9.825,2.355,1.6,1.512,2.562,0.3,0.0,1.5,3.07
1788457500.315,exit_straight,8.325,2.297,0.6,5,35,57,9.825,2.355,1.6,1.501,2.552,0.3,0.0,1.5,3.04
1788457500.372,exit_straight,8.345,2.297,0.6,0,30,52,9.825,2.375,1.7,1.482,2.531,0.3,0.0,1.5,3.04
1788457500.428,exit_straight,8.353,2.296,0.6,1,31,52,9.875,2.375,1.7,1.524,2.523,0.3,0.0,1.5,3.01
1788457500.481,exit_straight,8.368,2.294,0.4,1,31,52,9.875,2.375,1.9,1.509,2.509,0.3,0.0,1.5,3.01
1788457500.534,exit_straight,8.377,2.293,0.4,1,31,52,9.875,2.375,2.0,1.5,2.499,0.3,0.0,1.5,2.98
1788457500.586,exit_straight,8.398,2.293,0.4,2,32,52,9.925,2.375,2.0,1.529,2.479,0.3,0.0,1.5,2.98
1788457500.643,exit_straight,8.408,2.294,0.4,2,32,52,9.925,2.375,2.0,1.519,2.468,0.3,0.0,1.5,2.95
1788457500.696,exit_straight,8.428,2.294,0.4,2,32,52,9.925,2.375,2.0,1.499,2.448,0.3,0.0,1.5,2.95
1788457500.749,exit_straight,8.439,2.294,0.4,2,32,52,9.925,2.375,2.0,1.489,2.438,0.3,0.0,1.5,2.92
1788457500.801,exit_straight,8.449,2.294,0.4,3,33,52,9.975,2.375,2.1,1.528,2.428,0.3,0.0,1.5,2.92
1788457500.852,exit_straight,8.469,2.292,0.5,3,33,52,9.975,2.375,2.0,1.508,2.407,0.3,0.0,1.5,2.89
1788457500.906,exit_straight,8.48,2.29,0.6,3,33,52,9.975,2.375,1.9,1.498,2.397,0.3,0.0,1.5,2.89
1788457500.966,exit_straight,8.5,2.288,0.7,3,33,52,9.975,2.375,1.8,1.478,2.377,0.3,0.0,1.5,2.86
1788457501.027,exit_straight,8.51,2.288,0.7,4,34,52,10.025,2.375,1.8,1.517,2.366,0.3,0.0,1.5,2.86
1788457501.09,exit_straight,8.531,2.289,0.7,4,34,52,10.025,2.375,1.8,1.497,2.346,0.3,0.0,1.5,2.83
1788457501.15,exit_straight,8.541,2.289,0.7,4,34,52,10.025,2.375,1.8,1.487,2.336,0.3,0.0,1.5,2.83
1788457501.203,exit_straight,8.561,2.289,0.7,5,35,52,10.075,2.375,1.9,1.516,2.315,0.3,0.0,1.5,2.8
1788457501.254,exit_straight,8.571,2.289,0.7,5,35,52,10.075,2.375,1.9,1.506,2.305,0.3,0.0,1.5,2.8
1788457501.31,exit_straight,8.587,2.291,0.6,5,35,52,10.075,2.375,2.0,1.491,2.29,0.3,0.0,1.5,2.77
1788457501.363,exit_straight,8.593,2.292,0.5,5,35,52,10.075,2.375,2.1,1.485,2.284,0.3,0.0,1.5,2.77
1788457501.419,exit_straight,8.61,2.293,0.4,1,31,47,10.125,2.375,2.2,1.517,2.267,0.3,0.0,1.5,2.74
1788457501.472,driving,8.62,2.293,0.4,1,31,47,10.125,2.375,2.2,1.507,2.256,0.3,0.0,1.5,2.74
1788457501.528,driving,8.64,2.294,0.4,1,31,47,10.125,2.375,2.2,1.487,2.236,0.3,0.0,1.5,2.72
1788457501.582,driving,8.651,2.294,0.4,2,32,47,10.175,2.375,2.3,1.526,2.226,0.3,0.0,1.5,2.72
1788457501.633,driving,8.671,2.294,0.4,2,32,47,10.175,2.375,2.3,1.506,2.205,0.3,0.0,1.5,2.69
1788457501.686,driving,8.681,2.294,0.4,2,32,47,10.175,2.375,2.3,1.496,2.195,0.3,0.0,1.5,2.69
1788457501.744,driving,8.693,2.294,0.4,2,32,47,10.175,2.375,2.3,1.485,2.184,0.3,0.0,1.5,2.66
1788457501.802,driving,8.718,2.293,0.3,3,33,47,10.225,2.375,2.4,1.51,2.159,0.3,0.0,1.5,2.66
1788457501.863,driving,8.729,2.293,0.3,3,33,47,10.225,2.375,2.4,1.498,2.148,0.3,0.0,1.5,2.63
1788457501.922,driving,8.749,2.293,0.3,3,33,47,10.225,2.375,2.4,1.478,2.127,0.3,0.0,1.5,2.63
1788457501.974,driving,8.759,2.293,0.3,4,34,47,10.275,2.375,2.4,1.518,2.117,0.3,0.0,1.5,2.6
1788457502.027,driving,8.78,2.293,0.3,4,34,47,10.275,2.375,2.4,1.497,2.097,0.3,0.0,1.5,2.6
1788457502.08,driving,8.79,2.293,0.3,4,34,47,10.275,2.375,2.4,1.487,2.087,0.3,0.0,1.5,2.57
1788457502.131,driving,8.81,2.293,0.3,5,35,47,10.325,2.375,2.4,1.517,2.066,0.3,0.0,1.5,2.57
1788457502.184,driving,8.816,2.293,0.3,5,35,47,10.325,2.375,2.4,1.511,2.061,0.3,0.0,1.5,2.54
1788457502.238,driving,8.822,2.294,0.4,5,35,47,10.325,2.375,2.4,1.505,2.055,0.3,0.0,1.5,2.54
1788457502.291,driving,8.831,2.294,0.4,5,35,47,10.325,2.375,2.4,1.497,2.046,0.3,0.0,1.5,2.51
1788457502.346,driving,8.851,2.294,0.4,5,35,47,10.325,2.375,2.4,1.476,2.026,0.3,0.0,1.5,2.51
1788457502.397,driving,8.861,2.294,0.4,6,36,47,10.375,2.375,2.4,1.516,2.015,0.3,0.0,1.5,2.48
1788457502.451,driving,8.882,2.294,0.4,0,30,41,10.375,2.375,2.4,1.496,1.995,0.3,0.0,1.5,2.48
1788457502.509,driving,8.892,2.294,0.4,0,30,41,10.375,2.375,2.4,1.485,1.985,0.3,0.0,1.5,2.45
1788457502.569,driving,8.912,2.294,0.4,1,31,41,10.425,2.375,2.4,1.515,1.965,0.3,0.0,1.5,2.45
1788457502.628,driving,8.925,2.297,0.5,1,31,41,10.425,2.375,2.3,1.502,1.951,0.3,0.0,1.5,2.42
1788457502.686,driving,8.939,2.3,0.6,1,31,41,10.425,2.375,2.2,1.488,1.938,0.3,0.0,1.5,2.42
1788457502.742,driving,8.963,2.304,0.7,2,32,41,10.475,2.375,2.1,1.514,1.914,0.3,0.0,1.5,2.39
1788457502.791,driving,8.973,2.304,0.7,2,32,41,10.475,2.375,2.1,1.504,1.904,0.3,0.0,1.5,2.39
1788457502.844,driving,8.993,2.304,0.7,2,32,41,10.475,2.375,2.1,1.484,1.883,0.3,0.0,1.5,2.36
1788457502.896,driving,9.003,2.304,0.7,3,33,41,10.525,2.375,2.1,1.523,1.873,0.3,0.0,1.5,2.36
1788457502.95,driving,9.024,2.305,0.7,3,33,41,10.525,2.375,2.1,1.503,1.853,0.3,0.0,1.5,2.33
1788457503.003,driving,9.034,2.305,0.7,3,33,41,10.525,2.375,2.1,1.493,1.842,0.3,0.0,1.5,2.33
1788457503.055,driving,9.051,2.308,0.8,4,34,41,10.575,2.375,2.0,1.525,1.825,0.3,0.0,1.5,2.3
1788457503.107,driving,9.059,2.311,0.9,4,34,41,10.575,2.375,1.9,1.517,1.817,0.3,0.0,1.5,2.3
1788457503.159,driving,9.077,2.313,0.9,4,34,41,10.575,2.375,1.8,1.499,1.799,0.3,0.0,1.5,2.27
1788457503.211,driving,9.087,2.313,0.9,4,34,41,10.575,2.375,1.8,1.489,1.789,0.3,0.0,1.5,2.27
1788457503.267,driving,9.108,2.314,0.9,5,35,41,10.625,2.375,1.8,1.518,1.768,0.3,0.0,1.5,2.24
1788457503.333,driving,9.118,2.314,0.9,5,35,41,10.625,2.375,1.8,1.508,1.758,0.3,0.0,1.5,2.24
1788457503.394,driving,9.138,2.314,0.9,5,35,41,10.625,2.375,1.8,1.488,1.738,0.3,0.0,1.5,2.21
1788457503.456,driving,9.149,2.314,0.9,0,30,36,10.624,2.369,1.8,1.477,1.727,0.3,0.0,1.5,2.21
1788457503.514,driving,9.17,2.323,1.5,1,31,36,10.674,2.371,1.2,1.505,1.706,0.3,0.0,1.5,2.19
1788457503.564,driving,9.181,2.329,1.9,1,31,36,10.674,2.371,0.8,1.494,1.695,0.3,0.0,1.5,2.19
1788457503.619,driving,9.191,2.333,2.1,1,31,36,10.674,2.371,0.5,1.484,1.685,0.3,0.0,1.5,2.16
1788457503.67,driving,9.211,2.333,2.1,2,32,36,10.724,2.372,0.5,1.513,1.664,0.3,0.0,1.5,2.16
1788457503.725,driving,9.222,2.334,2.1,2,32,36,10.724,2.372,0.5,1.503,1.654,0.3,0.0,1.5,2.13
1788457503.776,driving,9.242,2.335,2.1,2,32,36,10.724,2.372,0.4,1.483,1.634,0.3,0.0,1.5,2.13
1788457503.83,driving,9.252,2.335,2.1,3,33,36,10.774,2.374,0.4,1.523,1.623,0.3,0.0,1.5,2.1
1788457503.882,driving,9.272,2.336,2.1,3,33,36,10.774,2.374,0.4,1.502,1.603,0.3,0.0,1.5,2.1
1788457503.933,driving,9.279,2.338,1.9,3,33,36,10.774,2.374,0.6,1.496,1.597,0.3,0.0,1.5,2.07
1788457503.985,driving,9.286,2.343,1.2,3,33,36,10.774,2.374,1.3,1.489,1.59,0.3,0.0,1.5,2.07
1788457504.041,driving,9.294,2.344,1.1,3,33,36,10.774,2.374,1.3,1.481,1.582,0.3,0.0,1.5,2.04
1788457504.094,driving,9.314,2.345,1.1,4,34,36,10.825,2.375,1.3,1.511,1.561,0.3,0.0,1.5,2.04
1788457504.155,driving,9.324,2.345,1.1,4,34,36,10.825,2.375,1.3,1.501,1.551,0.3,0.0,1.5,2.01
1788457504.215,driving,9.345,2.345,1.1,4,34,36,10.825,2.375,1.2,1.481,1.531,0.3,0.0,1.5,2.01
1788457504.27,driving,9.355,2.345,1.1,5,35,36,10.875,2.375,1.2,1.52,1.52,0.3,0.0,1.5,1.98
1788457504.325,driving,9.375,2.346,1.1,5,35,36,10.875,2.375,1.2,1.5,1.5,0.3,0.0,1.5,1.98
1788457504.379,driving,9.385,2.348,1.2,5,35,36,10.875,2.375,1.0,1.49,1.49,0.3,0.0,1.5,1.95
1788457504.434,driving,9.405,2.353,1.4,6,35,36,10.875,2.375,0.8,1.471,1.471,0.3,0.0,1.5,1.95
1788457504.486,driving,9.415,2.353,1.4,0,29,30,10.875,2.375,0.7,1.46,1.46,0.3,0.0,1.5,1.92
1788457504.539,driving,9.425,2.354,1.4,0,29,30,10.875,2.375,0.7,1.45,1.45,0.3,0.0,1.5,1.92
1788457504.593,driving,9.445,2.354,1.4,0,29,30,10.875,2.375,0.7,1.43,1.43,0.3,0.0,1.5,1.89
1788457504.647,driving,9.456,2.354,1.4,1,29,30,10.875,2.375,0.7,1.42,1.42,0.3,0.0,1.5,1.89
1788457504.7,driving,9.476,2.355,1.4,1,29,30,10.875,2.375,0.6,1.399,1.399,0.3,0.0,1.5,1.87
1788457504.753,driving,9.486,2.355,1.4,1,29,30,10.875,2.375,0.6,1.389,1.389,0.3,0.0,1.5,1.87
1788457504.807,driving,9.51,2.355,1.4,2,29,30,10.875,2.375,0.6,1.366,1.366,0.3,0.0,1.5,1.84
1788457504.861,driving,9.523,2.354,1.3,2,29,30,10.875,2.375,0.6,1.353,1.353,0.3,0.0,1.5,1.84
1788457504.919,driving,9.545,2.354,1.3,2,29,30,10.875,2.375,0.6,1.33,1.33,0.3,0.0,1.5,1.81
1788457504.979,driving,9.555,2.354,1.3,3,29,30,10.875,2.375,0.6,1.32,1.32,0.3,0.0,1.5,1.81
1788457505.041,driving,9.576,2.354,1.3,3,29,30,10.875,2.375,0.6,1.299,1.299,0.3,0.0,1.5,1.78
1788457505.094,driving,9.586,2.354,1.3,3,29,30,10.875,2.375,0.5,1.289,1.289,0.3,0.0,1.5,1.78
1788457505.15,driving,9.606,2.355,1.3,4,29,30,10.875,2.375,0.5,1.269,1.269,0.3,0.0,1.5,1.75
1788457505.202,driving,9.617,2.355,1.3,4,29,30,10.875,2.375,0.5,1.259,1.259,0.3,0.0,1.5,1.75
1788457505.256,driving,9.634,2.358,1.3,4,29,30,10.875,2.375,0.5,1.241,1.241,0.3,0.0,1.5,1.72
1788457505.307,driving,9.642,2.36,1.3,4,29,30,10.875,2.375,0.4,1.234,1.234,0.3,0.0,1.5,1.72
1788457505.359,driving,9.66,2.362,1.3,5,29,30,10.875,2.375,0.4,1.215,1.215,0.3,0.0,1.5,1.69
1788457505.41,driving,9.671,2.362,1.3,5,29,30,10.875,2.375,0.4,1.204,1.204,0.3,0.0,1.5,1.69
1788457505.463,driving,9.681,2.362,1.3,5,29,30,10.875,2.375,0.3,1.194,1.194,0.3,0.0,1.5,1.66
1788457505.516,driving,9.701,2.363,1.3,1,24,25,10.875,2.375,0.3,1.174,1.174,0.3,0.0,1.5,1.66
1788457505.57,driving,9.711,2.363,1.3,1,24,25,10.875,2.375,0.3,1.164,1.164,0.3,0.0,1.5,1.64
1788457505.626,driving,9.732,2.364,1.3,1,24,25,10.875,2.375,0.3,1.143,1.143,0.3,0.0,1.5,1.64
1788457505.685,driving,9.741,2.363,1.2,1,24,25,10.875,2.375,0.4,1.135,1.135,0.3,0.0,1.5,1.61
1788457505.747,driving,9.755,2.359,0.7,2,24,25,10.875,2.375,0.8,1.12,1.12,0.3,0.0,1.5,1.61
1788457505.807,driving,9.765,2.359,0.7,2,24,25,10.875,2.375,0.9,1.111,1.111,0.3,0.0,1.5,1.58
1788457505.86,driving,9.785,2.359,0.7,2,24,25,10.875,2.375,0.9,1.09,1.09,0.3,0.0,1.5,1.58
1788457505.914,driving,9.795,2.359,0.7,2,24,25,10.875,2.375,0.8,1.08,1.08,0.3,0.0,1.5,1.55
1788457505.967,driving,9.816,2.359,0.7,3,24,25,10.875,2.375,0.8,1.06,1.06,0.3,0.0,1.5,1.55
1788457506.021,driving,9.826,2.359,0.7,3,24,25,10.875,2.375,0.8,1.049,1.049,0.3,0.0,1.5,1.52
1788457506.072,driving,9.846,2.36,0.7,3,24,25,10.875,2.375,0.8,1.029,1.029,0.3,0.0,1.5,1.52
1788457506.127,driving,9.854,2.357,0.6,4,24,25,10.875,2.375,0.9,1.021,1.021,0.3,0.0,1.5,1.49
1788457506.178,driving,9.868,2.349,0.4,4,24,25,10.875,2.375,1.1,1.008,1.008,0.3,0.0,1.5,1.49
1788457506.232,driving,9.878,2.348,0.4,4,24,25,10.875,2.375,1.1,0.998,0.998,0.3,0.0,1.5,1.46
1788457506.285,driving,9.898,2.348,0.4,4,24,25,10.875,2.375,1.1,0.977,0.977,0.3,0.0,1.5,1.46
1788457506.338,driving,9.908,2.349,0.4,5,24,25,10.875,2.375,1.1,0.967,0.967,0.3,0.0,1.5,1.44
1788457506.394,driving,9.918,2.349,0.4,5,24,25,10.875,2.375,1.1,0.957,0.957,0.3,0.0,1.5,1.44
1788457506.459,driving,9.939,2.349,0.4,5,24,25,10.875,2.375,1.1,0.937,0.937,0.3,0.0,1.5,1.41
1788457506.519,driving,9.949,2.349,0.4,1,19,20,10.875,2.375,1.1,0.926,0.926,0.3,0.0,1.5,1.41
1788457506.583,driving,9.969,2.346,0.2,1,19,20,10.875,2.375,1.3,0.907,0.907,0.3,0.0,1.5,1.38
1788457506.636,driving,9.979,2.344,0.1,1,19,20,10.875,2.375,1.4,0.897,0.897,0.3,0.0,1.5,1.38
1788457506.696,driving,9.999,2.341,-0.1,1,19,20,10.875,2.375,1.6,0.877,0.877,0.3,0.0,1.5,1.35
1788457506.75,driving,10.009,2.341,-0.1,2,19,20,10.875,2.375,1.6,0.867,0.867,0.3,0.0,1.5,1.35
1788457506.803,driving,10.029,2.341,-0.1,2,19,20,10.875,2.375,1.6,0.846,0.846,0.3,0.0,1.5,1.32
1788457506.855,driving,10.039,2.341,-0.1,2,19,20,10.875,2.375,1.6,0.836,0.836,0.3,0.0,1.5,1.32
1788457506.91,driving,10.06,2.341,-0.1,3,19,20,10.875,2.375,1.7,0.816,0.816,0.3,0.0,1.5,1.29
1788457506.963,driving,10.07,2.341,-0.1,3,19,20,10.875,2.375,1.7,0.806,0.806,0.3,0.0,1.5,1.29
1788457507.016,driving,10.087,2.345,0.0,3,19,20,10.875,2.375,1.6,0.788,0.788,0.3,0.0,1.5,1.27
1788457507.068,driving,10.095,2.348,0.1,3,19,20,10.875,2.375,1.5,0.78,0.78,0.3,0.0,1.5,1.27
1788457507.123,driving,10.114,2.35,0.2,4,19,20,10.875,2.375,1.4,0.761,0.761,0.3,0.0,1.5,1.24
1788457507.18,driving,10.124,2.35,0.2,4,19,20,10.875,2.375,1.4,0.751,0.751,0.3,0.0,1.5,1.24
1788457507.239,driving,10.145,2.35,0.2,4,19,20,10.875,2.375,1.4,0.731,0.731,0.3,0.0,1.5,1.21
1788457507.295,driving,10.155,2.35,0.2,5,19,20,10.875,2.375,1.4,0.721,0.721,0.3,0.0,1.5,1.21
1788457507.354,driving,10.165,2.35,0.2,5,19,20,10.875,2.375,1.5,0.71,0.71,0.298,0.0,1.5,1.18
1788457507.407,driving,10.185,2.35,0.2,5,19,20,10.875,2.375,1.5,0.69,0.69,0.298,0.0,1.5,1.18
1788457507.459,driving,10.195,2.35,0.2,5,19,20,10.875,2.375,1.5,0.68,0.68,0.296,0.0,1.5,1.16
1788457507.513,driving,10.214,2.348,0.3,0,13,14,10.875,2.375,1.4,0.662,0.662,0.296,0.0,1.5,1.16
1788457507.567,driving,10.223,2.348,0.3,0,13,14,10.875,2.375,1.4,0.652,0.652,0.293,0.0,1.5,1.13
1788457507.618,driving,10.243,2.348,0.3,0,13,14,10.875,2.375,1.4,0.632,0.632,0.293,0.0,1.5,1.13
1788457507.67,driving,10.253,2.348,0.3,1,13,14,10.875,2.375,1.4,0.622,0.622,0.291,0.0,1.5,1.1
1788457507.722,driving,10.273,2.348,0.3,1,13,14,10.875,2.375,1.5,0.602,0.602,0.291,0.0,1.5,1.1
1788457507.774,driving,10.283,2.348,0.3,1,13,14,10.875,2.375,1.5,0.593,0.593,0.288,0.0,1.5,1.08
1788457507.828,driving,10.303,2.349,0.3,2,13,14,10.875,2.375,1.5,0.573,0.573,0.288,0.0,1.5,1.08
1788457507.881,driving,10.31,2.348,0.3,2,13,14,10.875,2.375,1.5,0.566,0.566,0.286,0.0,1.5,1.05
1788457507.932,driving,10.321,2.347,0.3,2,13,14,10.875,2.375,1.5,0.554,0.554,0.286,0.0,1.5,1.05
1788457507.992,driving,10.33,2.347,0.3,2,13,14,10.875,2.375,1.6,0.545,0.545,0.283,0.0,1.5,1.02
1788457508.053,driving,10.35,2.347,0.3,3,13,14,10.875,2.375,1.6,0.526,0.526,0.283,0.0,1.5,1.02
1788457508.114,driving,10.359,2.347,0.3,3,13,14,10.875,2.375,1.6,0.516,0.516,0.281,0.0,1.5,1.0
1788457508.168,driving,10.379,2.347,0.3,3,13,14,10.875,2.375,1.6,0.497,0.497,0.281,0.0,1.5,1.0
1788457508.223,driving,10.388,2.348,0.3,3,13,14,10.875,2.375,1.7,0.488,0.488,0.279,0.0,1.5,0.97
1788457508.277,driving,10.398,2.348,0.3,3,13,14,10.875,2.375,1.7,0.478,0.478,0.279,0.0,1.5,0.97
1788457508.332,driving,10.422,2.349,0.4,4,13,14,10.875,2.375,1.7,0.454,0.454,0.276,0.0,1.5,0.95
1788457508.384,driving,10.437,2.351,0.5,4,13,14,10.875,2.375,1.6,0.439,0.439,0.276,0.0,1.5,0.95
1788457508.437,driving,10.46,2.353,0.6,5,13,14,10.875,2.375,1.6,0.415,0.415,0.274,0.0,1.5,0.92
1788457508.487,driving,10.47,2.353,0.6,5,13,14,10.875,2.375,1.6,0.406,0.406,0.274,0.0,1.5,0.92
1788457508.542,driving,10.488,2.353,0.6,0,8,9,10.875,2.375,1.6,0.387,0.387,0.272,0.0,1.5,0.9
1788457508.593,driving,10.498,2.354,0.6,0,8,9,10.875,2.375,1.6,0.378,0.378,0.272,0.0,1.5,0.9
1788457508.646,driving,10.516,2.354,0.6,1,8,9,10.875,2.375,1.7,0.359,0.359,0.27,0.0,1.5,0.88
1788457508.701,driving,10.526,2.354,0.6,1,8,9,10.875,2.375,1.7,0.35,0.35,0.263,0.0,1.5,0.88
1788457508.76,driving,10.546,2.361,1.1,1,8,9,10.875,2.375,1.1,0.329,0.329,0.247,0.0,1.5,0.85
1788457508.82,driving,10.557,2.366,1.6,2,8,9,10.875,2.375,0.6,0.318,0.318,0.239,0.0,1.5,0.85
1788457508.881,driving,10.574,2.37,2.0,2,8,9,10.875,2.375,0.2,0.301,0.301,0.226,0.0,1.5,0.83
1788457508.94,driving,10.582,2.371,2.0,2,8,9,10.875,2.375,0.2,0.293,0.293,0.22,0.0,1.5,0.83
1788457508.994,driving,10.597,2.371,2.0,2,8,9,10.875,2.375,0.2,0.278,0.278,0.22,0.0,1.5,0.81
1788457509.047,driving,10.605,2.371,2.0,3,8,9,10.875,2.375,0.1,0.27,0.27,0.22,0.0,1.5,0.81
1788457509.099,driving,10.62,2.372,2.0,3,8,9,10.875,2.375,0.1,0.255,0.255,0.22,0.0,1.5,0.79
1788457509.153,driving,10.627,2.372,2.0,3,8,9,10.875,2.375,0.1,0.248,0.248,0.22,0.0,1.5,0.79
1788457509.208,driving,10.633,2.371,1.9,3,8,9,10.875,2.375,0.1,0.242,0.242,0.22,0.0,1.5,0.77
1788457509.262,driving,10.641,2.368,1.8,3,8,9,10.875,2.375,0.2,0.234,0.234,0.22,0.0,1.5,0.77
1788457509.318,driving,10.647,2.368,1.8,3,8,9,10.875,2.375,0.2,0.228,0.228,0.22,0.0,1.5,0.76
1788457509.37,driving,10.662,2.368,1.8,4,8,9,10.875,2.375,0.2,0.213,0.213,0.22,0.0,1.5,0.76
1788457509.423,driving,10.669,2.368,1.8,4,8,9,10.875,2.375,0.2,0.206,0.206,0.22,0.0,1.5,0.74
1788457509.474,driving,10.684,2.369,1.8,4,8,9,10.875,2.375,0.2,0.191,0.191,0.22,0.0,1.5,0.74
1788457509.535,driving,10.692,2.369,1.8,4,8,9,10.875,2.375,0.2,0.183,0.183,0.22,0.0,1.5,0.72
1788457509.597,driving,10.707,2.37,1.8,1,4,5,10.875,2.375,0.2,0.168,0.168,0.22,0.0,1.5,0.72
1788457509.659,driving,10.714,2.37,1.8,1,4,5,10.875,2.375,0.2,0.161,0.161,0.22,0.0,1.5,0.7
1788457511.241,turning,10.796,2.384,2.3,0,23,24,11.375,3.475,59.7,1.235,1.235,0.0,3.127,1.5,0.64
1788457511.297,turning,10.796,2.384,2.3,0,23,24,11.375,3.475,59.7,1.235,1.235,0.0,3.127,1.5,0.64
1788457511.35,turning,10.796,2.384,5.1,0,23,24,11.375,3.475,57.0,1.235,1.235,0.0,2.983,1.5,0.64
1788457511.404,turning,10.796,2.384,6.8,0,23,24,11.375,3.475,55.3,1.235,1.235,0.0,2.896,1.5,0.65
1788457511.456,turning,10.796,2.384,9.7,0,23,24,11.375,3.475,52.3,1.235,1.235,0.0,2.741,1.5,0.65
1788457511.508,turning,10.796,2.384,11.1,0,23,24,11.375,3.475,50.9,1.235,1.235,0.0,2.668,1.5,0.68
1788457511.563,turning,10.796,2.384,13.5,0,23,24,11.375,3.475,48.5,1.235,1.235,0.0,2.542,1.5,0.68
1788457511.619,turning,10.796,2.384,14.6,0,23,24,11.375,3.475,47.4,1.235,1.235,0.0,2.483,1.5,2.52
1788457511.674,turning,10.796,2.384,16.6,0,23,24,11.375,3.475,45.5,1.235,1.235,0.0,2.4,1.5,2.52
1788457511.729,turning,10.796,2.384,17.5,0,23,24,11.375,3.475,44.6,1.235,1.235,0.0,2.4,1.5,2.42
1788457511.784,turning,10.796,2.384,19.2,0,23,24,11.375,3.475,42.9,1.235,1.235,0.0,2.4,1.5,2.42
1788457511.846,turning,10.796,2.384,20.0,0,23,24,11.375,3.475,42.1,1.235,1.235,0.0,2.4,1.5,2.35
1788457511.904,turning,10.796,2.384,21.6,0,23,24,11.375,3.475,40.4,1.235,1.235,0.0,2.4,1.5,2.35
1788457511.968,turning,10.796,2.382,22.3,0,23,24,11.375,3.475,39.8,1.237,1.237,0.0,2.4,1.5,2.29
1788457512.026,turning,10.796,2.38,22.9,0,23,24,11.375,3.475,39.1,1.239,1.239,0.0,2.4,1.5,2.29
1788457512.084,turning,10.796,2.378,24.4,0,23,24,11.375,3.475,37.6,1.241,1.241,0.0,2.4,1.5,2.24
1788457512.136,turning,10.796,2.378,25.2,0,23,24,11.375,3.475,36.8,1.241,1.241,0.0,2.4,1.5,2.24
1788457512.189,turning,10.799,2.379,27.0,0,23,24,11.375,3.475,35.1,1.238,1.238,0.0,2.4,1.5,2.19
1788457512.242,turning,10.802,2.38,27.9,0,23,24,11.375,3.475,34.2,1.236,1.236,0.0,2.4,1.5,2.19
1788457512.297,turning,10.804,2.38,29.6,0,23,24,11.375,3.475,32.5,1.234,1.234,0.0,2.4,1.5,2.17
1788457512.35,turning,10.804,2.38,30.4,0,23,24,11.375,3.475,31.7,1.234,1.234,0.0,2.4,1.5,2.17
1788457512.405,turning,10.804,2.38,32.1,0,23,24,11.375,3.475,30.0,1.234,1.234,0.0,2.4,1.5,2.16
1788457512.466,turning,10.804,2.38,32.9,0,23,24,11.375,3.475,29.2,1.234,1.234,0.0,2.4,1.5,2.16
1788457512.53,turning,10.803,2.381,34.3,0,23,24,11.375,3.475,27.8,1.235,1.235,0.0,2.4,1.5,2.16
1788457512.585,turning,10.802,2.381,35.0,0,23,24,11.375,3.475,27.1,1.235,1.235,0.0,2.4,1.5,2.16
1788457512.641,turning,10.801,2.381,36.5,0,23,24,11.375,3.475,25.6,1.235,1.235,0.0,2.4,1.5,2.16
1788457512.702,turning,10.801,2.381,37.3,0,23,24,11.375,3.475,24.8,1.235,1.235,0.0,2.4,1.5,2.16
1788457512.76,turning,10.801,2.381,39.0,0,23,24,11.375,3.475,23.2,1.235,1.235,0.0,2.4,1.5,2.17
1788457512.817,turning,10.801,2.381,39.8,0,23,24,11.375,3.475,22.4,1.235,1.235,0.0,2.4,1.5,2.17
1788457512.874,turning,10.804,2.379,41.5,0,23,24,11.375,3.475,20.7,1.236,1.236,0.0,2.4,1.5,2.16
1788457512.928,turning,10.807,2.377,42.4,0,23,24,11.375,3.475,19.8,1.237,1.237,0.0,2.4,1.5,2.16
1788457512.99,turning,10.808,2.376,43.2,0,23,24,11.375,3.475,19.0,1.237,1.237,0.0,2.4,1.5,2.17
1788457513.045,turning,10.808,2.376,44.8,0,23,24,11.375,3.475,17.4,1.237,1.237,0.0,2.4,1.5,2.17
1788457513.102,turning,10.808,2.376,45.7,0,23,24,11.375,3.475,16.6,1.237,1.237,0.0,2.4,1.5,2.17
1788457513.156,turning,10.808,2.376,47.3,0,23,24,11.375,3.475,14.9,1.237,1.237,0.0,2.4,1.5,2.17
1788457513.212,turning,10.807,2.375,47.9,0,23,24,11.375,3.475,14.3,1.238,1.238,0.0,2.4,1.5,1.98
1788457513.265,turning,10.805,2.375,48.9,0,23,24,11.375,3.475,13.3,1.239,1.239,0.0,2.4,1.5,1.98
1788457513.318,turning,10.804,2.374,49.6,0,23,24,11.375,3.475,12.6,1.24,1.24,0.0,2.4,1.5,1.98
1788457513.372,turning,10.804,2.374,51.3,0,23,24,11.375,3.475,11.0,1.24,1.24,0.0,2.4,1.5,1.98
1788457513.433,turning,10.804,2.374,52.1,0,23,24,11.375,3.475,10.2,1.24,1.24,0.0,2.4,1.5,1.97
1788457513.495,turning,10.804,2.374,53.7,0,23,24,11.375,3.475,8.6,1.24,1.24,0.0,2.4,1.5,1.97
1788457513.559,turning,10.809,2.374,54.4,0,23,24,11.375,3.475,7.9,1.239,1.239,0.0,2.4,1.5,1.97
1788457513.619,turning,10.82,2.371,55.7,0,23,24,11.375,3.475,6.6,1.236,1.236,0.0,2.4,1.5,1.97
1788457513.676,turning,10.821,2.371,56.5,0,23,24,11.375,3.475,5.8,1.236,1.236,0.0,2.4,1.5,1.98
1788457513.732,driving,10.821,2.371,58.1,0,23,24,11.375,3.475,4.2,1.236,1.236,0.3,0.0,1.5,1.98
1788457513.786,driving,10.821,2.371,58.9,0,23,24,11.375,3.475,3.4,1.236,1.236,0.3,0.0,1.5,1.98
1788457513.839,driving,10.822,2.373,59.2,0,23,24,11.375,3.475,3.2,1.233,1.233,0.3,0.0,1.5,1.98
1788457513.893,driving,10.826,2.375,59.4,0,23,24,11.375,3.475,3.1,1.23,1.23,0.3,0.0,1.5,1.97
1788457513.945,driving,10.831,2.378,59.6,0,23,24,11.375,3.475,2.9,1.225,1.225,0.3,0.0,1.5,1.97
1788457513.998,driving,10.841,2.391,59.8,0,23,24,11.375,3.475,2.7,1.209,1.209,0.3,0.0,1.5,1.96
1788457514.049,driving,10.846,2.4,59.8,1,23,24,11.375,3.475,2.7,1.199,1.199,0.3,0.0,1.5,1.96
1788457514.105,driving,10.856,2.417,59.8,1,23,24,11.375,3.475,2.8,1.178,1.178,0.3,0.0,1.5,1.93
1788457514.158,driving,10.861,2.426,59.8,1,23,24,11.375,3.475,2.8,1.168,1.168,0.3,0.0,1.5,1.93
1788457514.217,driving,10.87,2.439,59.7,2,23,24,11.375,3.475,2.9,1.153,1.153,0.3,0.0,1.5,1.91
1788457514.277,driving,10.874,2.443,59.6,0,22,23,11.375,3.475,3.1,1.147,1.147,0.3,0.0,1.5,1.91
1788457514.342,driving,10.883,2.457,59.5,1,22,23,11.375,3.475,3.2,1.131,1.131,0.3,0.0,1.5,1.88
1788457514.401,driving,10.888,2.466,59.5,1,22,23,11.375,3.475,3.3,1.12,1.12,0.3,0.0,1.5,1.88
1788457514.455,driving,10.899,2.483,59.5,1,22,23,11.375,3.475,3.3,1.1,1.1,0.3,0.0,1.5,1.86
1788457514.509,driving,10.904,2.492,59.5,1,22,23,11.375,3.475,3.3,1.09,1.09,0.3,0.0,1.5,1.86
1788457514.562,driving,10.914,2.51,59.5,2,22,23,11.375,3.475,3.4,1.07,1.07,0.3,0.0,1.5,1.83
1788457514.615,driving,10.919,2.519,59.5,2,22,23,11.375,3.475,3.4,1.059,1.059,0.3,0.0,1.5,1.83
1788457514.667,driving,10.93,2.536,59.5,2,22,23,11.375,3.475,3.5,1.039,1.039,0.3,0.0,1.5,1.81
1788457514.717,driving,10.935,2.545,59.5,3,22,23,11.375,3.475,3.5,1.029,1.029,0.3,0.0,1.5,1.81
1788457514.77,driving,10.945,2.563,59.5,3,22,23,11.375,3.475,3.5,1.009,1.009,0.3,0.0,1.5,1.78
1788457514.823,driving,10.95,2.571,59.5,3,22,23,11.375,3.475,3.6,0.999,0.999,0.3,0.0,1.5,1.78
1788457514.874,driving,10.955,2.581,59.7,4,22,23,11.375,3.475,3.5,0.987,0.987,0.3,0.0,1.5,1.75
1788457514.93,driving,10.961,2.604,60.3,4,22,23,11.375,3.475,2.8,0.964,0.964,0.3,0.0,1.5,1.75
1788457514.988,driving,10.965,2.614,60.5,4,22,23,11.375,3.475,2.7,0.953,0.953,0.3,0.0,1.5,1.73
1788457515.05,driving,10.975,2.632,60.5,5,22,23,11.375,3.475,2.7,0.933,0.933,0.3,0.0,1.5,1.73
1788457515.11,driving,10.98,2.641,60.5,5,22,23,11.375,3.475,2.7,0.923,0.923,0.3,0.0,1.5,1.7
1788457515.168,driving,10.99,2.659,60.5,5,22,23,11.375,3.475,2.8,0.902,0.902,0.3,0.0,1.5,1.7
1788457515.225,driving,10.995,2.668,60.5,5,22,23,11.375,3.475,2.8,0.892,0.892,0.3,0.0,1.5,1.68
1788457515.278,driving,11.005,2.685,60.5,0,17,18,11.375,3.475,2.9,0.872,0.872,0.3,0.0,1.5,1.68
1788457515.334,driving,11.012,2.696,60.5,0,17,18,11.375,3.475,2.9,0.859,0.859,0.3,0.0,1.5,1.65
1788457515.386,driving,11.028,2.72,60.6,1,17,18,11.375,3.475,2.8,0.831,0.831,0.3,0.0,1.5,1.65
1788457515.44,driving,11.033,2.729,60.6,1,17,18,11.375,3.475,2.9,0.82,0.82,0.3,0.0,1.5,1.63
1788457515.491,driving,11.043,2.747,60.6,1,17,18,11.375,3.475,2.9,0.8,0.8,0.3,0.0,1.5,1.63
1788457515.545,driving,11.048,2.756,60.6,2,17,18,11.375,3.475,3.0,0.79,0.79,0.3,0.0,1.5,1.6
1788457515.598,driving,11.058,2.774,60.6,2,17,18,11.375,3.475,3.0,0.769,0.769,0.3,0.0,1.5,1.6
1788457515.653,driving,11.063,2.783,60.6,2,17,18,11.375,3.475,3.1,0.759,0.759,0.3,0.0,1.5,1.57
1788457515.709,driving,11.073,2.801,60.6,3,17,18,11.375,3.475,3.1,0.739,0.739,0.3,0.0,1.5,1.57
1788457515.765,driving,11.076,2.807,60.6,3,17,18,11.375,3.475,3.2,0.732,0.732,0.3,0.0,1.5,1.55
1788457515.828,driving,11.078,2.813,60.6,3,17,18,11.375,3.475,3.3,0.725,0.725,0.3,0.0,1.5,1.55
1788457515.889,driving,11.086,2.828,60.5,3,17,18,11.375,3.475,3.4,0.708,0.708,0.3,0.0,1.5,1.52
1788457515.951,driving,11.091,2.837,60.5,3,17,18,11.375,3.475,3.5,0.698,0.698,0.3,0.0,1.5,1.52
1788457516.005,driving,11.101,2.855,60.5,4,17,18,11.375,3.475,3.5,0.678,0.678,0.3,0.0,1.5,1.5
1788457516.058,driving,11.106,2.864,60.5,4,17,18,11.375,3.475,3.6,0.668,0.668,0.3,0.0,1.5,1.5
1788457516.113,driving,11.116,2.882,60.5,5,17,18,11.375,3.475,3.6,0.648,0.648,0.3,0.0,1.5,1.47
1788457516.169,driving,11.121,2.89,60.5,5,17,18,11.375,3.475,3.7,0.637,0.637,0.3,0.0,1.5,1.47
1788457516.224,driving,11.132,2.906,60.5,5,17,18,11.375,3.475,3.7,0.618,0.618,0.3,0.0,1.5,1.45
1788457516.275,driving,11.139,2.914,60.6,5,17,18,11.375,3.475,3.8,0.609,0.609,0.3,0.0,1.5,1.45
1788457516.333,driving,11.15,2.931,60.6,0,11,12,11.375,3.475,3.8,0.589,0.589,0.3,0.0,1.5,1.43
1788457516.386,driving,11.155,2.94,60.6,0,11,12,11.375,3.475,3.9,0.579,0.579,0.3,0.0,1.5,1.43
1788457516.444,driving,11.165,2.957,60.6,1,11,12,11.375,3.475,4.0,0.559,0.559,0.3,0.0,1.5,1.4
1788457516.499,driving,11.17,2.966,60.6,1,11,12,11.375,3.475,4.1,0.549,0.549,0.3,0.0,1.5,1.4
1788457516.558,driving,11.18,2.984,60.6,2,11,12,11.375,3.475,4.1,0.528,0.528,0.3,0.0,1.5,1.38
1788457516.622,driving,11.185,2.993,60.6,2,11,12,11.375,3.475,4.2,0.518,0.518,0.3,0.0,1.5,1.38
1788457516.689,driving,11.191,3.005,60.3,2,11,12,11.375,3.475,4.6,0.504,0.504,0.3,0.0,1.5,1.35
1788457516.75,driving,11.193,3.011,60.2,2,11,12,11.375,3.475,4.9,0.499,0.499,0.3,0.0,1.5,1.35
1788457516.805,driving,11.197,3.017,60.1,2,11,12,11.375,3.475,5.1,0.491,0.491,0.3,0.0,1.5,1.33
1788457516.859,driving,11.207,3.035,60.1,3,11,12,11.375,3.475,5.2,0.471,0.471,0.3,0.0,1.5,1.33
1788457516.917,driving,11.212,3.044,60.1,3,11,12,11.375,3.475,5.3,0.461,0.461,0.3,0.0,1.5,1.32
1788457516.969,driving,11.223,3.062,60.1,3,11,12,11.375,3.475,5.4,0.441,0.441,0.3,0.0,1.5,1.32
1788457517.024,driving,11.228,3.07,60.1,3,11,12,11.375,3.475,5.5,0.431,0.431,0.3,0.0,1.5,1.35
1788457517.078,driving,11.238,3.088,60.1,4,11,12,11.375,3.475,5.6,0.41,0.41,0.3,0.0,1.5,1.35
1788457517.136,driving,11.243,3.095,60.2,4,11,12,11.375,3.475,5.6,0.402,0.402,0.3,0.0,1.5,1.32
1788457517.19,driving,11.254,3.106,60.5,4,11,12,11.375,3.475,5.4,0.389,0.389,0.292,0.0,1.5,1.32
1788457517.243,driving,11.259,3.113,60.6,4,11,12,11.375,3.475,5.5,0.38,0.38,0.285,0.0,1.5,1.3
1788457517.302,driving,11.269,3.131,60.6,0,7,8,11.375,3.475,5.7,0.36,0.36,0.27,0.0,1.5,1.3
1788457517.365,driving,11.274,3.139,60.6,0,7,8,11.375,3.475,5.8,0.351,0.351,0.263,0.0,1.5,1.27
1788457517.424,driving,11.283,3.155,60.6,1,7,8,11.375,3.475,6.0,0.333,0.333,0.25,0.0,1.5,1.27
1788457517.484,driving,11.287,3.163,60.6,1,7,8,11.375,3.475,6.2,0.324,0.324,0.243,0.0,1.5,1.24
1788457517.542,driving,11.295,3.178,60.6,1,7,8,11.375,3.475,6.4,0.308,0.308,0.231,0.0,1.5,1.24
1788457517.596,driving,11.298,3.187,60.8,1,7,8,11.375,3.475,6.4,0.298,0.298,0.224,0.0,1.5,1.21
1788457517.65,driving,11.301,3.206,61.3,2,7,8,11.375,3.475,6.1,0.279,0.279,0.22,0.0,1.5,1.21
1788457517.705,driving,11.305,3.213,61.3,2,7,8,11.375,3.475,6.3,0.271,0.271,0.22,0.0,1.5,1.19
1788457517.756,driving,11.309,3.219,61.3,2,7,8,11.375,3.475,6.5,0.264,0.264,0.22,0.0,1.5,1.19
1788457517.809,driving,11.316,3.233,61.3,2,7,8,11.375,3.475,6.7,0.25,0.25,0.22,0.0,1.5,1.17
1788457517.861,driving,11.319,3.239,61.3,2,7,8,11.375,3.475,6.9,0.242,0.242,0.22,0.0,1.5,1.17
1788457517.918,driving,11.327,3.252,61.3,3,7,8,11.375,3.475,7.2,0.228,0.228,0.22,0.0,1.5,1.15
1788457517.973,driving,11.33,3.259,61.3,3,7,8,11.375,3.475,7.4,0.221,0.221,0.22,0.0,1.5,1.15
1788457518.025,driving,11.337,3.272,61.3,3,7,8,11.375,3.475,7.7,0.207,0.207,0.22,0.0,1.5,1.13
1788457518.08,driving,11.341,3.279,61.3,3,7,8,11.375,3.475,7.9,0.199,0.199,0.22,0.0,1.5,1.13
1788457518.145,driving,11.348,3.29,61.0,4,7,8,11.375,3.475,8.5,0.187,0.187,0.22,0.0,1.5,1.11
1788457518.205,driving,11.351,3.296,60.7,4,7,8,11.375,3.475,9.1,0.181,0.181,0.22,0.0,1.5,1.11
1788457518.267,driving,11.358,3.308,60.6,4,7,8,11.375,3.475,9.6,0.168,0.168,0.22,0.0,1.5,1.08
1788457518.328,driving,11.361,3.314,60.6,0,3,4,11.375,3.475,10.0,0.161,0.161,0.22,0.0,1.5,1.08
1788457518.385,goal_approach,11.369,3.327,60.6,3,3,4,11.375,3.475,26.9,0.148,0.148,0.0,2.4,,1.06
1788457518.437,goal_approach,11.372,3.334,60.6,3,3,4,11.375,3.475,28.3,0.141,0.141,0.0,2.4,,1.06
1788457518.491,goal_approach,11.373,3.334,62.1,3,3,4,11.375,3.475,26.9,0.141,0.141,0.0,2.4,,1.04
1788457518.542,goal_approach,11.373,3.334,62.9,3,3,4,11.375,3.475,26.1,0.141,0.141,0.0,2.4,,1.04
1788457518.598,goal_approach,11.373,3.334,64.6,3,3,4,11.375,3.475,24.5,0.141,0.141,0.0,2.4,,1.04
1788457518.648,goal_approach,11.373,3.334,65.4,3,3,4,11.375,3.475,23.7,0.141,0.141,0.0,2.4,,1.04
1788457518.704,goal_approach,11.373,3.334,66.2,3,3,4,11.375,3.475,22.8,0.141,0.141,0.0,2.4,,1.04
1788457518.754,goal_approach,11.373,3.334,67.8,3,3,4,11.375,3.475,21.2,0.141,0.141,0.0,2.4,,1.04
1788457518.807,goal_approach,11.373,3.335,68.5,3,3,4,11.375,3.475,20.8,0.14,0.14,0.0,2.4,,1.04
1788457518.861,goal_approach,11.375,3.339,69.6,3,3,4,11.375,3.475,20.3,0.136,0.136,0.0,2.4,,1.04
1788457518.924,goal_approach,11.375,3.34,70.3,3,3,4,11.375,3.475,19.7,0.135,0.135,0.0,2.4,,1.05
1788457518.985,goal_approach,11.375,3.34,71.9,3,3,4,11.375,3.475,18.1,0.135,0.135,0.0,2.4,,1.05
1788457520.573,turning,11.372,3.379,80.9,0,30,128,9.875,3.625,89.7,1.517,3.502,0.0,4.5,1.5,1.05
1788457520.638,preempted,11.372,3.379,80.9,0,30,128,9.875,3.625,89.7,1.517,3.502,0.0,0.0,1.5,1.05
1788457520.693,preempted,11.372,3.382,80.9,0,30,128,9.875,3.625,89.7,1.517,3.502,0.0,0.0,1.5,1.05
1788457520.746,preempted,11.374,3.392,80.9,0,30,128,9.875,3.625,89.7,1.517,3.502,0.0,0.0,1.5,1.05
1788457520.801,preempted,11.375,3.399,80.9,0,30,128,9.875,3.625,89.7,1.517,3.502,0.0,0.0,1.5,1.04
1788457520.852,preempted,11.377,3.412,80.9,0,30,128,9.875,3.625,89.7,1.517,3.502,0.0,0.0,1.5,1.04
1788457520.907,preempted,11.378,3.419,80.9,0,30,128,9.875,3.625,89.7,1.517,3.502,0.0,0.0,1.5,1.02
1788457520.959,preempted,11.38,3.432,80.9,0,30,128,9.875,3.625,89.7,1.517,3.502,0.0,0.0,1.5,1.02
1788457521.015,preempted,11.382,3.439,80.9,0,30,128,9.875,3.625,89.7,1.517,3.502,0.0,0.0,1.5,1.0
1788457521.067,preempted,11.384,3.452,80.9,0,30,128,9.875,3.625,89.7,1.517,3.502,0.0,0.0,1.5,1.0
1788457521.123,preempted,11.385,3.459,80.9,0,30,128,9.875,3.625,89.7,1.517,3.502,0.0,0.0,1.5,0.98
1788457521.179,preempted,11.387,3.472,80.9,0,30,128,9.875,3.625,89.7,1.517,3.502,0.0,0.0,1.5,0.98
1788457521.237,preempted,11.388,3.479,80.9,0,30,128,9.875,3.625,89.7,1.517,3.502,0.0,0.0,1.5,0.95
1788457521.304,preempted,11.39,3.493,80.9,0,30,128,9.875,3.625,89.7,1.517,3.502,0.0,0.0,1.5,0.95
1788457521.37,preempted,11.391,3.499,80.9,0,30,128,9.875,3.625,89.7,1.517,3.502,0.0,0.0,1.5,0.94
1788457521.428,preempted,11.393,3.513,80.9,0,30,128,9.875,3.625,89.7,1.517,3.502,0.0,0.0,1.5,0.94
1788457521.482,preempted,11.394,3.519,80.9,0,30,128,9.875,3.625,89.7,1.517,3.502,0.0,0.0,1.5,0.92
1788457521.534,preempted,11.396,3.526,80.9,0,30,128,9.875,3.625,89.7,1.517,3.502,0.0,0.0,1.5,0.92
1788457521.587,preempted,11.398,3.54,80.9,0,30,128,9.875,3.625,89.7,1.517,3.502,0.0,0.0,1.5,0.9
1788457521.639,preempted,11.399,3.546,80.9,0,30,128,9.875,3.625,89.7,1.517,3.502,0.0,0.0,1.5,0.9
1788457521.692,preempted,11.401,3.56,80.9,0,30,128,9.875,3.625,89.7,1.517,3.502,0.0,0.0,1.5,0.88
1788457521.742,preempted,11.402,3.566,80.9,0,30,128,9.875,3.625,89.7,1.517,3.502,0.0,0.0,1.5,0.88
1788457521.796,preempted,11.403,3.577,81.0,0,30,128,9.875,3.625,89.7,1.517,3.502,0.0,0.0,1.5,0.86
1788457521.849,preempted,11.404,3.581,81.1,0,30,128,9.875,3.625,89.7,1.517,3.502,0.0,0.0,1.5,0.86
1788457521.906,preempted,11.405,3.593,81.1,0,30,128,9.875,3.625,89.7,1.517,3.502,0.0,0.0,1.5,0.84
1788457521.961,preempted,11.406,3.599,81.1,0,30,128,9.875,3.625,89.7,1.517,3.502,0.0,0.0,1.5,0.84
1788457522.024,preempted,11.408,3.613,81.1,0,30,128,9.875,3.625,89.7,1.517,3.502,0.0,0.0,1.5,0.82
1788457522.083,preempted,11.409,3.62,81.1,0,30,128,9.875,3.625,89.7,1.517,3.502,0.0,0.0,1.5,0.82
1788457522.144,preempted,11.409,3.62,82.9,0,30,128,9.875,3.625,89.7,1.517,3.502,0.0,0.0,1.5,0.8
1788457522.201,preempted,11.409,3.62,83.8,0,30,128,9.875,3.625,89.7,1.517,3.502,0.0,0.0,1.5,0.8
1788457522.26,preempted,11.409,3.62,85.7,0,30,128,9.875,3.625,89.7,1.517,3.502,0.0,0.0,1.5,0.8
1788457522.314,preempted,11.409,3.62,86.6,0,30,128,9.875,3.625,89.7,1.517,3.502,0.0,0.0,1.5,0.8
1788457522.368,preempted,11.409,3.62,88.5,0,30,128,9.875,3.625,89.7,1.517,3.502,0.0,0.0,1.5,0.8
1788457522.419,preempted,11.409,3.62,89.4,0,30,128,9.875,3.625,89.7,1.517,3.502,0.0,0.0,1.5,0.8
1788457522.473,preempted,11.41,3.621,89.8,0,30,128,9.875,3.625,89.7,1.517,3.502,0.0,0.0,1.5,0.8
1788457522.523,preempted,11.41,3.622,90.2,0,30,128,9.875,3.625,89.7,1.517,3.502,0.0,0.0,1.5,0.8
1788457522.574,preempted,11.41,3.622,90.3,0,30,128,9.875,3.625,89.7,1.517,3.502,0.0,0.0,1.5,0.8
1788457522.632,preempted,11.41,3.623,90.3,0,30,128,9.875,3.625,89.7,1.517,3.502,0.0,0.0,1.5,0.8
1788457522.688,preempted,11.41,3.625,90.3,0,30,128,9.875,3.625,89.7,1.517,3.502,0.0,0.0,1.5,1.01
1788457522.741,preempted,11.41,3.634,90.3,0,30,128,9.875,3.625,89.7,1.517,3.502,0.0,0.0,1.5,1.01
1788457522.803,preempted,11.414,3.639,90.0,0,30,128,9.875,3.625,89.7,1.517,3.502,0.0,0.0,1.5,0.99
1788457522.864,preempted,11.423,3.649,89.1,0,30,128,9.875,3.625,89.7,1.517,3.502,0.0,0.0,1.5,0.99
1788457522.924,preempted,11.425,3.655,89.0,0,30,128,9.875,3.625,89.7,1.517,3.502,0.0,0.0,1.5,0.96
1788457522.983,preempted,11.425,3.67,89.0,0,30,128,9.875,3.625,89.7,1.517,3.502,0.0,0.0,1.5,0.96
1788457523.037,preempted,11.425,3.678,89.0,0,30,128,9.875,3.625,89.7,1.517,3.502,0.0,0.0,1.5,0.96
1788457523.09,preempted,11.425,3.693,89.0,0,30,128,9.875,3.625,89.7,1.517,3.502,0.0,0.0,1.5,0.96
1788457523.145,preempted,11.425,3.7,89.0,0,30,128,9.875,3.625,89.7,1.517,3.502,0.0,0.0,1.5,0.96
1788457523.196,preempted,11.426,3.715,89.0,0,30,128,9.875,3.625,89.7,1.517,3.502,0.0,0.0,1.5,0.96
1788457523.251,preempted,11.426,3.723,89.0,0,30,128,9.875,3.625,89.7,1.517,3.502,0.0,0.0,1.5,0.91
1788457523.304,preempted,11.426,3.738,89.0,0,30,128,9.875,3.625,89.7,1.517,3.502,0.0,0.0,1.5,0.91
1788457523.359,preempted,11.426,3.745,89.0,0,30,128,9.875,3.625,89.7,1.517,3.502,0.0,0.0,1.5,0.91
1788457523.412,preempted,11.426,3.753,89.0,0,30,128,9.875,3.625,89.7,1.517,3.502,0.0,0.0,1.5,0.91
1788457523.465,preempted,11.427,3.768,89.0,0,30,128,9.875,3.625,89.7,1.517,3.502,0.0,0.0,1.5,0.91
1788457523.517,preempted,11.427,3.775,89.0,0,30,128,9.875,3.625,89.7,1.517,3.502,0.0,0.0,1.5,0.91
1788457523.575,preempted,11.427,3.79,89.0,0,30,128,9.875,3.625,89.7,1.517,3.502,0.0,0.0,1.5,0.87
1788457523.636,preempted,11.427,3.797,89.0,0,30,128,9.875,3.625,89.7,1.517,3.502,0.0,0.0,1.5,0.87
1788457523.698,preempted,11.433,3.814,88.8,0,30,128,9.875,3.625,89.7,1.517,3.502,0.0,0.0,1.5,0.83
1788457523.757,preempted,11.439,3.823,88.6,0,30,128,9.875,3.625,89.7,1.517,3.502,0.0,0.0,1.5,0.83
1788457523.811,preempted,11.443,3.827,88.4,0,30,128,9.875,3.625,89.7,1.517,3.502,0.0,0.0,1.5,0.61
1788457523.867,preempted,11.443,3.818,88.4,0,30,128,9.875,3.625,89.7,1.517,3.502,0.0,0.0,1.5,0.61
1788457523.922,preempted,11.442,3.801,88.4,0,30,128,9.875,3.625,89.7,1.517,3.502,0.0,0.0,1.5,0.61
1788457523.975,preempted,11.442,3.793,88.4,0,30,128,9.875,3.625,89.7,1.517,3.502,0.0,0.0,1.5,0.61
1788457524.029,preempted,11.442,3.776,88.4,0,30,128,9.875,3.625,89.7,1.517,3.502,0.0,0.0,1.5,0.63
1788457524.08,preempted,11.441,3.767,88.4,0,30,128,9.875,3.625,89.7,1.517,3.502,0.0,0.0,1.5,0.63
1788457524.134,preempted,11.441,3.75,88.4,0,30,128,9.875,3.625,89.7,1.517,3.502,0.0,0.0,1.5,0.65
1788457524.188,preempted,11.441,3.742,88.4,0,30,128,9.875,3.625,89.7,1.517,3.502,0.0,0.0,1.5,0.65
1788457524.243,preempted,11.439,3.728,88.6,0,30,128,9.875,3.625,89.7,1.517,3.502,0.0,0.0,1.5,0.68
1788457524.301,preempted,11.438,3.723,88.7,0,30,128,9.875,3.625,89.7,1.517,3.502,0.0,0.0,1.5,0.68
1788457524.363,preempted,11.437,3.716,88.8,0,30,128,9.875,3.625,89.7,1.517,3.502,0.0,0.0,1.5,0.7
1788457524.424,preempted,11.437,3.699,88.8,0,30,128,9.875,3.625,89.7,1.517,3.502,0.0,0.0,1.5,0.7
1788457524.487,preempted,11.436,3.69,88.8,0,30,128,9.875,3.625,89.7,1.517,3.502,0.0,0.0,1.5,0.72
1788457524.546,preempted,11.436,3.673,88.8,0,30,128,9.875,3.625,89.7,1.517,3.502,0.0,0.0,1.5,0.72
1788457524.601,preempted,11.436,3.665,88.8,0,30,128,9.875,3.625,89.7,1.517,3.502,0.0,0.0,1.5,0.75
1788457524.659,preempted,11.435,3.648,88.8,0,30,128,9.875,3.625,89.7,1.517,3.502,0.0,0.0,1.5,0.75
1788457524.711,preempted,11.435,3.639,88.8,0,30,128,9.875,3.625,89.7,1.517,3.502,0.0,0.0,1.5,0.77
1788457524.763,preempted,11.435,3.622,88.8,0,30,128,9.875,3.625,89.7,1.517,3.502,0.0,0.0,1.5,0.77
1788457524.816,preempted,11.434,3.619,88.8,0,30,128,9.875,3.625,89.7,1.517,3.502,0.0,0.0,1.5,0.8
1788457524.869,preempted,11.433,3.617,88.9,0,30,128,9.875,3.625,89.7,1.517,3.502,0.0,0.0,1.5,0.8
1788457524.924,preempted,11.433,3.61,88.9,0,30,128,9.875,3.625,89.7,1.517,3.502,0.0,0.0,1.5,0.82
1788457524.978,preempted,11.432,3.593,88.9,0,30,128,9.875,3.625,89.7,1.517,3.502,0.0,0.0,1.5,0.82
1788457525.033,preempted,11.432,3.585,88.9,0,30,128,9.875,3.625,89.7,1.517,3.502,0.0,0.0,1.5,0.85
1788457525.085,preempted,11.432,3.568,88.9,0,30,128,9.875,3.625,89.7,1.517,3.502,0.0,0.0,1.5,0.85
1788457525.147,preempted,11.432,3.559,88.9,0,30,128,9.875,3.625,89.7,1.517,3.502,0.0,0.0,1.5,0.87
1788457525.207,preempted,11.431,3.542,88.9,0,30,128,9.875,3.625,89.7,1.517,3.502,0.0,0.0,1.5,0.87
1788457525.27,preempted,11.431,3.534,88.9,0,30,128,9.875,3.625,89.7,1.517,3.502,0.0,0.0,1.5,0.89
1788457525.329,preempted,11.431,3.525,88.9,0,30,128,9.875,3.625,89.7,1.517,3.502,0.0,0.0,1.5,0.89
1788457525.384,preempted,11.433,3.506,88.7,0,30,128,9.875,3.625,89.7,1.517,3.502,0.0,0.0,1.5,0.92
1788457525.438,preempted,11.434,3.496,88.5,0,30,128,9.875,3.625,89.7,1.517,3.502,0.0,0.0,1.5,0.92
1788457525.493,preempted,11.436,3.48,88.3,0,30,128,9.875,3.625,89.7,1.517,3.502,0.0,0.0,1.5,0.94
1788457525.546,preempted,11.436,3.476,88.3,0,30,128,9.875,3.625,89.7,1.517,3.502,0.0,0.0,1.5,0.94
1788457525.598,preempted,11.436,3.472,88.3,0,30,128,9.875,3.625,89.7,1.517,3.502,0.0,0.0,1.5,0.95
1788457525.65,preempted,11.436,3.473,88.3,0,30,128,9.875,3.625,89.7,1.517,3.502,0.0,0.0,1.5,0.95
1788457525.705,preempted,11.436,3.48,88.3,0,30,128,9.875,3.625,89.7,1.517,3.502,0.0,0.0,1.5,0.95
1788457525.758,preempted,11.436,3.486,88.3,0,30,128,9.875,3.625,89.7,1.517,3.502,0.0,0.0,1.5,0.95
1788457525.811,preempted,11.436,3.5,88.3,0,30,128,9.875,3.625,89.7,1.517,3.502,0.0,0.0,1.5,0.94
1788457525.861,preempted,11.436,3.507,88.3,0,30,128,9.875,3.625,89.7,1.517,3.502,0.0,0.0,1.5,0.94
1788457525.92,preempted,11.434,3.526,88.4,0,30,128,9.875,3.625,89.7,1.517,3.502,0.0,0.0,1.5,0.92
1788457525.978,preempted,11.432,3.537,88.5,0,30,128,9.875,3.625,89.7,1.517,3.502,0.0,0.0,1.5,0.92
1788457526.041,preempted,11.431,3.553,88.5,0,30,128,9.875,3.625,89.7,1.517,3.502,0.0,0.0,1.5,0.9
1788457526.098,preempted,11.431,3.56,88.5,0,30,128,9.875,3.625,89.7,1.517,3.502,0.0,0.0,1.5,0.9
1788457526.151,preempted,11.431,3.573,88.5,0,30,128,9.875,3.625,89.7,1.517,3.502,0.0,0.0,1.5,0.88
1788457526.203,preempted,11.431,3.58,88.5,0,30,128,9.875,3.625,89.7,1.517,3.502,0.0,0.0,1.5,0.88
1788457526.254,preempted,11.432,3.587,88.5,0,30,128,9.875,3.625,89.7,1.517,3.502,0.0,0.0,1.5,0.86
1788457526.308,preempted,11.432,3.6,88.5,0,30,128,9.875,3.625,89.7,1.517,3.502,0.0,0.0,1.5,0.86
1788457526.361,preempted,11.432,3.607,88.5,0,30,128,9.875,3.625,89.7,1.517,3.502,0.0,0.0,1.5,0.84
1788457526.419,preempted,11.432,3.616,88.5,0,30,128,9.875,3.625,89.7,1.517,3.502,0.0,0.0,1.5,0.84
1788457526.472,preempted,11.432,3.616,88.5,0,30,128,9.875,3.625,89.7,1.517,3.502,0.0,0.0,1.5,0.82
1788457526.523,preempted,11.432,3.616,88.5,0,30,128,9.875,3.625,89.7,1.517,3.502,0.0,0.0,1.5,0.82
1788457526.576,preempted,11.432,3.616,88.5,0,30,128,9.875,3.625,89.7,1.517,3.502,0.0,0.0,1.5,0.82
1788457526.631,preempted,11.432,3.617,88.5,0,30,128,9.875,3.625,89.7,1.517,3.502,0.0,0.0,1.5,0.82
1788457526.689,preempted,11.432,3.619,88.5,0,30,128,9.875,3.625,89.7,1.517,3.502,0.0,0.0,1.5,0.99
1788457526.754,preempted,11.433,3.629,88.5,0,30,128,9.875,3.625,89.7,1.517,3.502,0.0,0.0,1.5,0.99
1788457526.822,preempted,11.432,3.634,88.6,0,30,128,9.875,3.625,89.7,1.517,3.502,0.0,0.0,1.5,0.98
1788457526.878,preempted,11.429,3.642,88.7,0,30,128,9.875,3.625,89.7,1.517,3.502,0.0,0.0,1.5,0.98
1788457526.937,preempted,11.429,3.649,88.8,0,30,128,9.875,3.625,89.7,1.517,3.502,0.0,0.0,1.5,0.97
1788457526.989,preempted,11.43,3.664,88.8,0,30,128,9.875,3.625,89.7,1.517,3.502,0.0,0.0,1.5,0.97
1788457527.043,preempted,11.43,3.671,88.8,0,30,128,9.875,3.625,89.7,1.517,3.502,0.0,0.0,1.5,0.95
1788457527.094,preempted,11.43,3.686,88.8,0,30,128,9.875,3.625,89.7,1.517,3.502,0.0,0.0,1.5,0.95
1788457527.148,preempted,11.43,3.694,88.8,0,30,128,9.875,3.625,89.7,1.517,3.502,0.0,0.0,1.5,0.93
1788457527.201,preempted,11.431,3.701,88.8,0,30,128,9.875,3.625,89.7,1.517,3.502,0.0,0.0,1.5,0.93
1788457527.255,preempted,11.431,3.716,88.8,0,30,128,9.875,3.625,89.7,1.517,3.502,0.0,0.0,1.5,0.96
1788457527.307,preempted,11.431,3.723,88.8,0,30,128,9.875,3.625,89.7,1.517,3.502,0.0,0.0,1.5,0.96
1788457527.363,preempted,11.431,3.738,88.8,0,30,128,9.875,3.625,89.7,1.517,3.502,0.0,0.0,1.5,0.91
1788457527.42,preempted,11.432,3.746,88.8,0,30,128,9.875,3.625,89.7,1.517,3.502,0.0,0.0,1.5,0.91
1788457527.478,preempted,11.432,3.761,88.8,0,30,128,9.875,3.625,89.7,1.517,3.502,0.0,0.0,1.5,0.91
1788457527.534,preempted,11.432,3.768,88.8,0,30,128,9.875,3.625,89.7,1.517,3.502,0.0,0.0,1.5,0.91
1788457527.597,preempted,11.432,3.783,88.8,0,30,128,9.875,3.625,89.7,1.517,3.502,0.0,0.0,1.5,0.87
1788457527.656,preempted,11.432,3.791,88.8,0,30,128,9.875,3.625,89.7,1.517,3.502,0.0,0.0,1.5,0.87
1788457527.712,preempted,11.439,3.793,89.1,0,30,128,9.875,3.625,89.7,1.517,3.502,0.0,0.0,1.5,0.87
1788457527.766,preempted,11.445,3.79,89.4,0,30,128,9.875,3.625,89.7,1.517,3.502,0.0,0.0,1.5,0.87
1788457527.82,preempted,11.448,3.798,89.7,0,30,128,9.875,3.625,89.7,1.517,3.502,0.0,0.0,1.5,0.86
1788457527.873,preempted,11.448,3.806,89.7,0,30,128,9.875,3.625,89.7,1.517,3.502,0.0,0.0,1.5,0.86
1788457527.927,preempted,11.448,3.791,89.7,0,30,128,9.875,3.625,89.7,1.517,3.502,0.0,0.0,1.5,0.61
1788457527.981,preempted,11.448,3.782,89.7,0,30,128,9.875,3.625,89.7,1.517,3.502,0.0,0.0,1.5,0.61
1788457528.034,preempted,11.448,3.765,89.7,0,30,128,9.875,3.625,89.7,1.517,3.502,0.0,0.0,1.5,0.62
1788457528.085,preempted,11.448,3.757,89.7,0,30,128,9.875,3.625,89.7,1.517,3.502,0.0,0.0,1.5,0.62
1788457528.14,preempted,11.448,3.748,89.7,0,30,128,9.875,3.625,89.7,1.517,3.502,0.0,0.0,1.5,0.65
1788457528.195,preempted,11.448,3.731,89.7,0,30,128,9.875,3.625,89.7,1.517,3.502,0.0,0.0,1.5,0.65
1788457528.255,preempted,11.448,3.722,89.8,0,30,128,9.875,3.625,89.7,1.517,3.502,0.0,0.0,1.5,0.67
1788457528.317,preempted,11.45,3.702,90.2,0,30,128,9.875,3.625,89.7,1.517,3.502,0.0,0.0,1.5,0.67
1788457528.38,preempted,11.451,3.693,90.3,0,30,128,9.875,3.625,89.7,1.517,3.502,0.0,0.0,1.5,0.69
1788457528.438,preempted,11.451,3.676,90.3,0,30,128,9.875,3.625,89.7,1.517,3.502,0.0,0.0,1.5,0.69
1788457528.439,preempted,11.451,3.676,90.3,0,30,128,9.875,3.625,89.7,1.517,3.502,0.0,0.0,1.5,0.69
1788457528.542,preempted,11.451,3.651,90.3,0,30,128,9.875,3.625,89.7,1.517,3.502,0.0,0.0,1.5,0.72
1788457528.595,preempted,11.451,3.642,90.3,0,30,128,9.875,3.625,89.7,1.517,3.502,0.0,0.0,1.5,0.74
1788457528.648,preempted,11.451,3.625,90.3,0,30,128,9.875,3.625,89.7,1.517,3.502,0.0,0.0,1.5,0.74
1788457528.699,preempted,11.451,3.617,90.3,0,30,128,9.875,3.625,89.7,1.517,3.502,0.0,0.0,1.5,0.76
1788457528.752,preempted,11.451,3.6,90.3,0,30,128,9.875,3.625,89.7,1.517,3.502,0.0,0.0,1.5,0.76
1788457528.804,preempted,11.451,3.591,90.3,0,30,128,9.875,3.625,89.7,1.517,3.502,0.0,0.0,1.5,0.79
1788457528.856,preempted,11.451,3.574,90.3,0,30,128,9.875,3.625,89.7,1.517,3.502,0.0,0.0,1.5,0.79
1788457528.908,preempted,11.45,3.577,90.4,0,30,128,9.875,3.625,89.7,1.517,3.502,0.0,0.0,1.5,0.81
1788457528.959,preempted,11.448,3.587,90.5,0,30,128,9.875,3.625,89.7,1.517,3.502,0.0,0.0,1.5,0.81
1788457529.019,preempted,11.448,3.579,90.5,0,30,128,9.875,3.625,89.7,1.517,3.502,0.0,0.0,1.5,0.83
1788457529.077,preempted,11.449,3.571,90.5,0,30,128,9.875,3.625,89.7,1.517,3.502,0.0,0.0,1.5,0.83
1788457529.139,preempted,11.449,3.554,90.5,0,30,128,9.875,3.625,89.7,1.517,3.502,0.0,0.0,1.5,0.86
1788457529.199,preempted,11.449,3.545,90.5,0,30,128,9.875,3.625,89.7,1.517,3.502,0.0,0.0,1.5,0.86
1788457529.255,preempted,11.449,3.528,90.5,0,30,128,9.875,3.625,89.7,1.517,3.502,0.0,0.0,1.5,0.88
1788457529.306,preempted,11.449,3.52,90.5,0,30,128,9.875,3.625,89.7,1.517,3.502,0.0,0.0,1.5,0.88
1788457529.358,preempted,11.449,3.503,90.5,0,30,128,9.875,3.625,89.7,1.517,3.502,0.0,0.0,1.5,0.91
1788457529.409,preempted,11.449,3.494,90.5,0,30,128,9.875,3.625,89.7,1.517,3.502,0.0,0.0,1.5,0.91
1788457529.462,preempted,11.45,3.481,90.7,0,30,128,9.875,3.625,89.7,1.517,3.502,0.0,0.0,1.5,0.93
1788457529.515,preempted,11.451,3.478,90.9,0,30,128,9.875,3.625,89.7,1.517,3.502,0.0,0.0,1.5,0.93
1788457529.568,preempted,11.452,3.474,91.1,0,30,128,9.875,3.625,89.7,1.517,3.502,0.0,0.0,1.5,0.95
1788457529.621,preempted,11.452,3.473,91.1,0,30,128,9.875,3.625,89.7,1.517,3.502,0.0,0.0,1.5,0.95
1788457529.674,preempted,11.452,3.476,91.1,0,30,128,9.875,3.625,89.7,1.517,3.502,0.0,0.0,1.5,0.95
1788457529.725,preempted,11.452,3.48,91.1,0,30,128,9.875,3.625,89.7,1.517,3.502,0.0,0.0,1.5,0.95
1788457529.783,preempted,11.452,3.493,91.1,0,30,128,9.875,3.625,89.7,1.517,3.502,0.0,0.0,1.5,0.94
1788457529.846,preempted,11.452,3.499,91.1,0,30,128,9.875,3.625,89.7,1.517,3.502,0.0,0.0,1.5,0.94
1788457529.909,preempted,11.451,3.513,91.1,0,30,128,9.875,3.625,89.7,1.517,3.502,0.0,0.0,1.5,0.92
1788457529.964,preempted,11.451,3.52,91.1,0,30,128,9.875,3.625,89.7,1.517,3.502,0.0,0.0,1.5,0.92
1788457530.025,preempted,11.453,3.527,90.5,0,30,128,9.875,3.625,89.7,1.517,3.502,0.0,0.0,1.5,0.9
1788457530.077,preempted,11.45,3.543,88.2,0,30,128,9.875,3.625,89.7,1.517,3.502,0.0,0.0,1.5,0.9
1788457530.131,preempted,11.447,3.549,87.7,0,30,128,9.875,3.625,89.7,1.517,3.502,0.0,0.0,1.5,0.89
1788457530.183,preempted,11.448,3.563,87.7,0,30,128,9.875,3.625,89.7,1.517,3.502,0.0,0.0,1.5,0.89
1788457530.236,preempted,11.448,3.57,87.7,0,30,128,9.875,3.625,89.7,1.517,3.502,0.0,0.0,1.5,0.87
1788457530.289,preempted,11.449,3.583,87.7,0,30,128,9.875,3.625,89.7,1.517,3.502,0.0,0.0,1.5,0.87
1788457530.342,preempted,11.449,3.59,87.7,0,30,128,9.875,3.625,89.7,1.517,3.502,0.0,0.0,1.5,0.85
1788457530.395,preempted,11.449,3.604,87.7,0,30,128,9.875,3.625,89.7,1.517,3.502,0.0,0.0,1.5,0.85
1788457530.447,preempted,11.45,3.611,87.7,0,30,128,9.875,3.625,89.7,1.517,3.502,0.0,0.0,1.5,0.83
1788457530.501,preempted,11.45,3.624,87.7,0,30,128,9.875,3.625,89.7,1.517,3.502,0.0,0.0,1.5,0.83
1788457530.556,preempted,11.451,3.631,87.7,0,30,128,9.875,3.625,89.7,1.517,3.502,0.0,0.0,1.5,0.81
1788457530.613,preempted,11.451,3.645,87.7,0,30,128,9.875,3.625,89.7,1.517,3.502,0.0,0.0,1.5,0.81
1788457530.67,preempted,11.451,3.651,87.7,0,30,128,9.875,3.625,89.7,1.517,3.502,0.0,0.0,1.5,0.79
1788457530.73,preempted,11.452,3.665,87.7,0,30,128,9.875,3.625,89.7,1.517,3.502,0.0,0.0,1.5,0.79
1788457530.79,preempted,11.451,3.673,88.0,0,30,128,9.875,3.625,89.7,1.517,3.502,0.0,0.0,1.5,0.77
1788457530.843,preempted,11.449,3.683,89.0,0,30,128,9.875,3.625,89.7,1.517,3.502,0.0,0.0,1.5,0.77
1788457530.897,preempted,11.449,3.683,89.4,0,30,128,9.875,3.625,89.7,1.517,3.502,0.0,0.0,1.5,0.76
1788457530.947,preempted,11.449,3.683,89.5,0,30,128,9.875,3.625,89.7,1.517,3.502,0.0,0.0,1.5,0.76
1788457531.001,preempted,11.449,3.683,89.5,0,30,128,9.875,3.625,89.7,1.517,3.502,0.0,0.0,1.5,0.75
1788457531.051,preempted,11.449,3.683,89.5,0,30,128,9.875,3.625,89.7,1.517,3.502,0.0,0.0,1.5,0.75
1788457531.104,preempted,11.449,3.683,89.5,0,30,128,9.875,3.625,89.7,1.517,3.502,0.0,0.0,1.5,0.75
1788457531.154,preempted,11.449,3.683,89.5,0,30,128,9.875,3.625,89.7,1.517,3.502,0.0,0.0,1.5,0.75
1788457531.207,preempted,11.449,3.683,89.5,0,30,128,9.875,3.625,89.7,1.517,3.502,0.0,0.0,1.5,0.75
1788457531.257,preempted,11.449,3.683,89.5,0,30,128,9.875,3.625,89.7,1.517,3.502,0.0,0.0,1.5,0.75
1788457531.31,preempted,11.449,3.683,89.5,0,30,128,9.875,3.625,89.7,1.517,3.502,0.0,0.0,1.5,0.75
1788457531.366,preempted,11.449,3.683,89.5,0,30,128,9.875,3.625,89.7,1.517,3.502,0.0,0.0,1.5,0.75
1788457531.427,preempted,11.449,3.683,89.5,0,30,128,9.875,3.625,89.7,1.517,3.502,0.0,0.0,1.5,0.75
1788457531.484,preempted,11.449,3.683,89.5,0,30,128,9.875,3.625,89.7,1.517,3.502,0.0,0.0,1.5,0.75
1788457531.543,preempted,11.449,3.683,89.5,0,30,128,9.875,3.625,89.7,1.517,3.502,0.0,0.0,1.5,0.75
1788457531.596,preempted,11.449,3.683,89.5,0,30,128,9.875,3.625,89.7,1.517,3.502,0.0,0.0,1.5,0.75
1788457531.65,preempted,11.449,3.683,89.5,0,30,128,9.875,3.625,89.7,1.517,3.502,0.0,0.0,1.5,0.75
1788457531.702,preempted,11.449,3.683,89.5,0,30,128,9.875,3.625,89.7,1.517,3.502,0.0,0.0,1.5,0.75
1788457531.755,preempted,11.449,3.683,89.5,0,30,128,9.875,3.625,89.7,1.517,3.502,0.0,0.0,1.5,0.75
1788457531.807,preempted,11.449,3.683,89.5,0,30,128,9.875,3.625,89.7,1.517,3.502,0.0,0.0,1.5,0.75
1788457531.858,preempted,11.449,3.683,89.5,0,30,128,9.875,3.625,89.7,1.517,3.502,0.0,0.0,1.5,0.75
1788457531.911,preempted,11.449,3.683,89.5,0,30,128,9.875,3.625,89.7,1.517,3.502,0.0,0.0,1.5,0.75
1788457531.963,preempted,11.449,3.683,89.5,0,30,128,9.875,3.625,89.7,1.517,3.502,0.0,0.0,1.5,0.75
1788457532.015,preempted,11.449,3.683,89.5,0,30,128,9.875,3.625,89.7,1.517,3.502,0.0,0.0,1.5,0.75
1788457532.065,preempted,11.449,3.683,89.5,0,30,128,9.875,3.625,89.7,1.517,3.502,0.0,0.0,1.5,0.75
1788457532.121,preempted,11.449,3.683,89.5,0,30,128,9.875,3.625,89.7,1.517,3.502,0.0,0.0,1.5,0.75
1788457532.178,preempted,11.449,3.683,89.5,0,30,128,9.875,3.625,89.7,1.517,3.502,0.0,0.0,1.5,0.75
1788457532.239,preempted,11.449,3.683,89.5,0,30,128,9.875,3.625,89.7,1.517,3.502,0.0,0.0,1.5,0.75
1788457532.299,preempted,11.449,3.683,89.5,0,30,128,9.875,3.625,89.7,1.517,3.502,0.0,0.0,1.5,0.75
1788457532.352,preempted,11.449,3.683,89.5,0,30,128,9.875,3.625,89.7,1.517,3.502,0.0,0.0,1.5,0.75
1788457532.404,preempted,11.449,3.683,89.5,0,30,128,9.875,3.625,89.7,1.517,3.502,0.0,0.0,1.5,0.75
1788457532.456,preempted,11.449,3.683,89.5,0,30,128,9.875,3.625,89.7,1.517,3.502,0.0,0.0,1.5,0.75
1788457532.508,preempted,11.449,3.683,89.5,0,30,128,9.875,3.625,89.7,1.517,3.502,0.0,0.0,1.5,0.75
1788457532.559,preempted,11.449,3.683,89.5,0,30,128,9.875,3.625,89.7,1.517,3.502,0.0,0.0,1.5,0.75
1788457532.611,preempted,11.449,3.683,89.5,0,30,128,9.875,3.625,89.7,1.517,3.502,0.0,0.0,1.5,0.75
1788457532.665,preempted,11.449,3.683,89.5,0,30,128,9.875,3.625,89.7,1.517,3.502,0.0,0.0,1.5,0.75
1788457532.718,preempted,11.449,3.683,89.5,0,30,128,9.875,3.625,89.7,1.517,3.502,0.0,0.0,1.5,0.75
1788457532.77,preempted,11.449,3.683,89.5,0,30,128,9.875,3.625,89.7,1.517,3.502,0.0,0.0,1.5,0.75
1788457532.822,preempted,11.449,3.683,89.5,0,30,128,9.875,3.625,89.7,1.517,3.502,0.0,0.0,1.5,0.75
1788457532.875,preempted,11.449,3.683,89.5,0,30,128,9.875,3.625,89.7,1.517,3.502,0.0,0.0,1.5,0.75
1788457532.933,preempted,11.449,3.683,89.5,0,30,128,9.875,3.625,89.7,1.517,3.502,0.0,0.0,1.5,0.75
1788457532.993,preempted,11.449,3.683,89.5,0,30,128,9.875,3.625,89.7,1.517,3.502,0.0,0.0,1.5,0.75
1788457533.052,preempted,11.449,3.683,89.5,0,30,128,9.875,3.625,89.7,1.517,3.502,0.0,0.0,1.5,0.75
1788457533.108,preempted,11.449,3.683,89.5,0,30,128,9.875,3.625,89.7,1.517,3.502,0.0,0.0,1.5,0.75
1788457533.164,preempted,11.449,3.683,89.5,0,30,128,9.875,3.625,89.7,1.517,3.502,0.0,0.0,1.5,0.75
1788457533.216,preempted,11.449,3.683,89.5,0,30,128,9.875,3.625,89.7,1.517,3.502,0.0,0.0,1.5,0.75
1788457533.268,preempted,11.449,3.683,89.5,0,30,128,9.875,3.625,89.7,1.517,3.502,0.0,0.0,1.5,0.75
1788457533.32,preempted,11.449,3.683,89.5,0,30,128,9.875,3.625,89.7,1.517,3.502,0.0,0.0,1.5,0.75
1788457533.373,preempted,11.449,3.683,89.5,0,30,128,9.875,3.625,89.7,1.517,3.502,0.0,0.0,1.5,0.75
1788457533.425,preempted,11.449,3.683,89.5,0,30,128,9.875,3.625,89.7,1.517,3.502,0.0,0.0,1.5,0.75
1788457533.477,preempted,11.449,3.683,89.5,0,30,128,9.875,3.625,89.7,1.517,3.502,0.0,0.0,1.5,0.75
1788457533.527,preempted,11.449,3.683,89.5,0,30,128,9.875,3.625,89.7,1.517,3.502,0.0,0.0,1.5,0.75
1788457533.579,preempted,11.449,3.683,89.5,0,30,128,9.875,3.625,89.7,1.517,3.502,0.0,0.0,1.5,0.75
1788457533.632,preempted,11.449,3.683,89.5,0,30,128,9.875,3.625,89.7,1.517,3.502,0.0,0.0,1.5,0.75
1788457533.689,preempted,11.449,3.683,89.5,0,30,128,9.875,3.625,89.7,1.517,3.502,0.0,0.0,1.5,0.75
1788457533.746,preempted,11.449,3.683,89.5,0,30,128,9.875,3.625,89.7,1.517,3.502,0.0,0.0,1.5,0.75
1788457533.803,preempted,11.449,3.683,89.5,0,30,128,9.875,3.625,89.7,1.517,3.502,0.0,0.0,1.5,0.75
1788457533.863,preempted,11.449,3.683,89.5,0,30,128,9.875,3.625,89.7,1.517,3.502,0.0,0.0,1.5,0.75
1788457533.917,preempted,11.449,3.683,89.5,0,30,128,9.875,3.625,89.7,1.517,3.502,0.0,0.0,1.5,0.75
1788457533.969,preempted,11.449,3.683,89.5,0,30,128,9.875,3.625,89.7,1.517,3.502,0.0,0.0,1.5,0.75
1788457534.021,preempted,11.449,3.683,89.5,0,30,128,9.875,3.625,89.7,1.517,3.502,0.0,0.0,1.5,0.75
1788457534.072,preempted,11.449,3.683,89.5,0,30,128,9.875,3.625,89.7,1.517,3.502,0.0,0.0,1.5,0.75
1788457534.125,preempted,11.449,3.683,89.5,0,30,128,9.875,3.625,89.7,1.517,3.502,0.0,0.0,1.5,0.75
1788457534.18,preempted,11.449,3.683,89.5,0,30,128,9.875,3.625,89.7,1.517,3.502,0.0,0.0,1.5,0.75
1788457534.232,preempted,11.449,3.683,89.5,0,30,128,9.875,3.625,89.7,1.517,3.502,0.0,0.0,1.5,0.75
1788457534.284,preempted,11.449,3.683,89.5,0,30,128,9.875,3.625,89.7,1.517,3.502,0.0,0.0,1.5,0.75
1788457534.335,preempted,11.449,3.683,89.5,0,30,128,9.875,3.625,89.7,1.517,3.502,0.0,0.0,1.5,0.75
1788457534.386,preempted,11.449,3.683,89.5,0,30,128,9.875,3.625,89.7,1.517,3.502,0.0,0.0,1.5,0.75
1788457534.438,preempted,11.449,3.683,89.5,0,30,128,9.875,3.625,89.7,1.517,3.502,0.0,0.0,1.5,0.75
1788457534.496,preempted,11.449,3.683,89.5,0,30,128,9.875,3.625,89.7,1.517,3.502,0.0,0.0,1.5,0.75
1788457534.554,preempted,11.449,3.683,89.5,0,30,128,9.875,3.625,89.7,1.517,3.502,0.0,0.0,1.5,0.75
1788457534.614,preempted,11.449,3.683,89.5,0,30,128,9.875,3.625,89.7,1.517,3.502,0.0,0.0,1.5,0.75
1788457534.666,preempted,11.449,3.683,89.5,0,30,128,9.875,3.625,89.7,1.517,3.502,0.0,0.0,1.5,0.75
1788457534.721,preempted,11.449,3.683,89.5,0,30,128,9.875,3.625,89.7,1.517,3.502,0.0,0.0,1.5,0.75
1788457534.775,preempted,11.449,3.683,89.5,0,30,128,9.875,3.625,89.7,1.517,3.502,0.0,0.0,1.5,0.75
1788457534.827,preempted,11.449,3.683,89.5,0,30,128,9.875,3.625,89.7,1.517,3.502,0.0,0.0,1.5,0.75
1788457534.881,preempted,11.449,3.683,89.5,0,30,128,9.875,3.625,89.7,1.517,3.502,0.0,0.0,1.5,0.75
1788457534.932,preempted,11.449,3.683,89.5,0,30,128,9.875,3.625,89.7,1.517,3.502,0.0,0.0,1.5,0.75
1788457534.988,preempted,11.449,3.683,89.5,0,30,128,9.875,3.625,89.7,1.517,3.502,0.0,0.0,1.5,0.75
1788457535.039,preempted,11.449,3.683,89.5,0,30,128,9.875,3.625,89.7,1.517,3.502,0.0,0.0,1.5,0.75
1788457535.092,preempted,11.449,3.683,89.5,0,30,128,9.875,3.625,89.7,1.517,3.502,0.0,0.0,1.5,0.75
1788457535.145,preempted,11.449,3.683,89.5,0,30,128,9.875,3.625,89.7,1.517,3.502,0.0,0.0,1.5,0.75
1788457535.201,preempted,11.449,3.683,89.5,0,30,128,9.875,3.625,89.7,1.517,3.502,0.0,0.0,1.5,0.75
1788457535.256,preempted,11.449,3.683,89.5,0,30,128,9.875,3.625,89.7,1.517,3.502,0.0,0.0,1.5,0.75
1788457535.317,preempted,11.449,3.683,89.5,0,30,128,9.875,3.625,89.7,1.517,3.502,0.0,0.0,1.5,0.75
1788457535.377,preempted,11.449,3.683,89.5,0,30,128,9.875,3.625,89.7,1.517,3.502,0.0,0.0,1.5,0.75
1788457535.438,preempted,11.449,3.683,89.5,0,30,128,9.875,3.625,89.7,1.517,3.502,0.0,0.0,1.5,0.75
1788457535.493,preempted,11.449,3.683,89.5,0,30,128,9.875,3.625,89.7,1.517,3.502,0.0,0.0,1.5,0.75
1788457535.547,preempted,11.449,3.683,89.5,0,30,128,9.875,3.625,89.7,1.517,3.502,0.0,0.0,1.5,0.75
1788457535.599,preempted,11.449,3.683,89.5,0,30,128,9.875,3.625,89.7,1.517,3.502,0.0,0.0,1.5,0.75
1788457535.651,exit_straight,11.449,3.683,89.5,0,30,65,11.375,5.175,3.3,1.494,3.195,0.258,0.0,1.5,0.75
1788457535.702,exit_straight,11.449,3.683,89.5,0,30,65,11.375,5.175,3.3,1.494,3.195,0.258,0.0,1.5,0.75
1788457535.754,exit_straight,11.449,3.683,89.5,0,30,65,11.375,5.175,3.3,1.494,3.195,0.258,0.0,1.5,0.75
1788457535.808,exit_straight,11.449,3.683,89.5,0,30,65,11.375,5.175,3.3,1.494,3.195,0.258,0.0,1.5,0.75
1788457535.859,exit_straight,11.449,3.683,89.5,0,30,65,11.375,5.175,3.3,1.494,3.195,0.258,0.0,1.5,0.75
1788457535.914,exit_straight,11.449,3.683,89.5,0,30,65,11.375,5.175,3.3,1.494,3.195,0.258,0.0,1.5,0.75
1788457535.969,exit_straight,11.449,3.683,89.5,0,30,65,11.375,5.175,3.3,1.494,3.195,0.258,0.0,1.5,0.75
1788457535.969,exit_straight,11.449,3.683,89.5,0,30,65,11.375,5.175,3.3,1.494,3.195,0.258,0.0,1.5,0.75
1788457536.077,exit_straight,11.449,3.683,89.5,0,30,65,11.375,5.175,3.3,1.494,3.195,0.258,0.0,1.5,0.75
1788457536.135,exit_straight,11.449,3.683,89.5,0,30,65,11.375,5.175,3.3,1.494,3.195,0.258,0.0,1.5,0.75
1788457536.198,exit_straight,11.449,3.683,89.5,0,30,65,11.375,5.175,3.3,1.494,3.195,0.258,0.0,1.5,0.75
1788457536.257,exit_straight,11.449,3.683,89.5,0,30,65,11.375,5.175,3.3,1.493,3.194,0.258,0.0,1.5,0.75
1788457536.314,exit_straight,11.449,3.686,89.5,0,30,65,11.375,5.175,3.3,1.491,3.192,0.258,0.0,1.5,0.75
1788457536.369,exit_straight,11.449,3.695,89.5,0,30,65,11.375,5.175,3.3,1.482,3.182,0.258,0.0,1.5,0.75
1788457536.428,exit_straight,11.449,3.703,89.5,1,31,65,11.375,5.225,3.3,1.524,3.175,0.257,0.0,1.5,0.74
1788457536.48,exit_straight,11.449,3.711,89.5,1,31,65,11.375,5.225,3.3,1.515,3.166,0.257,0.0,1.5,0.74
1788457536.533,exit_straight,11.449,3.729,89.5,1,31,65,11.375,5.225,3.3,1.498,3.149,0.255,0.0,1.5,0.72
1788457536.588,exit_straight,11.449,3.738,89.5,1,31,65,11.375,5.225,3.3,1.489,3.14,0.255,0.0,1.5,0.72
1788457536.641,exit_straight,11.449,3.755,89.5,2,32,65,11.375,5.275,3.3,1.522,3.123,0.252,0.0,1.5,0.69
1788457536.694,exit_straight,11.449,3.764,89.5,2,32,65,11.375,5.275,3.3,1.513,3.114,0.252,0.0,1.5,0.69
1788457536.694,exit_straight,11.449,3.764,89.5,2,32,65,11.375,5.275,3.3,1.513,3.114,0.252,0.0,1.5,0.69
1788457536.801,exit_straight,11.45,3.789,89.5,2,32,65,11.375,5.275,3.3,1.487,3.088,0.25,0.0,1.5,0.67
1788457536.861,exit_straight,11.449,3.803,89.1,3,33,65,11.375,5.325,3.7,1.523,3.074,0.248,0.0,1.5,0.65
1788457536.924,exit_straight,11.448,3.809,88.8,3,33,65,11.375,5.325,4.0,1.518,3.069,0.248,0.0,1.5,0.65
1788457536.986,exit_straight,11.448,3.824,88.6,0,30,62,11.375,5.325,4.2,1.503,3.054,0.246,0.0,1.5,0.63
1788457537.043,exit_straight,11.448,3.832,88.6,0,30,62,11.375,5.325,4.2,1.495,3.045,0.246,0.0,1.5,0.63
1788457537.1,exit_straight,11.448,3.849,88.6,0,30,62,11.375,5.325,4.2,1.478,3.029,0.244,0.0,1.5,0.6
1788457537.154,exit_straight,11.449,3.857,88.6,1,31,62,11.375,5.375,4.2,1.519,3.02,0.244,0.0,1.5,0.6
1788457537.211,exit_straight,11.449,3.874,88.6,1,31,62,11.375,5.375,4.2,1.503,3.004,0.242,0.0,1.5,0.58
1788457537.264,exit_straight,11.449,3.882,88.6,1,31,62,11.375,5.375,4.2,1.495,2.995,0.242,0.0,1.5,0.58
1788457537.317,exit_straight,11.454,3.893,88.5,1,31,62,11.375,5.375,4.4,1.484,2.984,0.24,0.0,1.5,0.56
1788457537.367,exit_straight,11.458,3.898,88.4,1,31,62,11.375,5.375,4.5,1.48,2.98,0.24,0.0,1.5,0.56
1788457537.421,exit_straight,11.46,3.904,88.3,2,14,62,11.395,4.524,4.7,0.624,2.973,0.238,0.0,0.6,0.54
1788457537.475,exit_straight,11.461,3.92,88.3,2,14,62,11.395,4.524,4.9,0.608,2.957,0.238,0.0,0.6,0.54
1788457537.528,exit_straight,11.461,3.928,88.3,2,14,62,11.395,4.524,5.1,0.6,2.949,0.236,0.0,0.6,0.52
1788457537.582,exit_straight,11.461,3.944,88.3,2,14,62,11.395,4.524,5.3,0.584,2.933,0.236,0.0,0.6,0.52
1788457537.642,driving,11.462,3.952,88.3,3,15,62,11.392,4.574,5.5,0.626,2.925,0.234,0.0,0.6,0.5
1788457537.704,driving,11.462,3.968,88.3,3,15,62,11.392,4.574,5.6,0.61,2.909,0.234,0.0,0.6,0.5
1788457537.767,driving,11.462,3.976,88.3,3,15,62,11.392,4.574,5.8,0.602,2.901,0.232,0.0,0.6,0.48
1788457537.824,driving,11.463,3.992,88.3,3,15,62,11.392,4.574,6.0,0.587,2.885,0.232,0.0,0.6,0.48
1788457537.876,driving,11.461,3.996,88.5,3,15,62,11.392,4.574,5.9,0.582,2.881,0.23,0.0,0.6,0.46
1788457537.929,driving,11.456,4.001,89.0,3,15,62,11.392,4.574,5.5,0.577,2.877,0.23,0.0,0.6,0.46
1788457537.983,driving,11.455,4.007,89.1,4,16,62,11.39,4.624,5.5,0.621,2.87,0.229,0.0,0.6,0.44
1788457538.037,driving,11.455,4.023,89.1,0,12,58,11.375,4.625,5.7,0.608,2.855,0.229,0.0,0.6,0.44
1788457538.092,driving,11.456,4.03,89.1,0,12,58,11.375,4.625,5.9,0.6,2.847,0.227,0.0,0.6,0.42
1788457538.145,driving,11.456,4.046,89.1,1,13,58,11.375,4.675,6.0,0.634,2.832,0.227,0.0,0.6,0.42
1788457538.202,driving,11.456,4.054,89.1,1,13,58,11.375,4.675,6.1,0.627,2.824,0.225,0.0,0.6,0.4
1788457538.253,driving,11.456,4.069,89.1,1,13,58,11.375,4.675,6.3,0.611,2.808,0.225,0.0,0.6,0.4
1788457538.253,driving,11.456,4.069,89.1,1,13,58,11.375,4.675,6.4,0.611,2.808,0.225,0.0,0.6,0.4
1788457538.354,driving,11.456,4.084,89.1,1,13,58,11.375,4.675,6.6,0.596,2.793,0.225,0.0,0.6,0.4
1788457538.413,driving,11.458,4.099,89.0,1,13,58,11.375,4.675,6.9,0.582,2.779,0.225,0.0,0.6,0.4
1788457538.471,driving,11.459,4.106,88.8,1,13,58,11.375,4.675,7.1,0.575,2.772,0.225,0.0,0.6,0.4
1788457538.533,driving,11.46,4.12,88.7,1,13,58,11.375,4.675,7.4,0.561,2.757,0.225,0.0,0.6,0.4
1788457538.588,driving,11.46,4.128,88.7,1,13,58,11.375,4.675,7.6,0.554,2.75,0.225,0.0,0.6,0.4
1788457538.643,driving,11.461,4.143,88.7,1,13,58,11.375,4.675,7.8,0.539,2.734,0.225,0.0,0.6,0.4
1788457538.693,preempted,11.461,4.151,88.7,1,13,58,11.375,4.675,7.8,0.539,2.734,0.0,0.0,0.6,0.4
1788457538.746,preempted,11.461,4.153,88.7,1,13,58,11.375,4.675,7.8,0.539,2.734,0.0,0.0,0.6,0.4
1788457538.798,preempted,11.461,4.144,88.7,1,13,58,11.375,4.675,7.8,0.539,2.734,0.0,0.0,0.6,0.4
1788457538.852,preempted,11.46,4.127,88.7,1,13,58,11.375,4.675,7.8,0.539,2.734,0.0,0.0,0.6,0.4
1788457538.903,preempted,11.46,4.119,88.7,1,13,58,11.375,4.675,7.8,0.539,2.734,0.0,0.0,0.6,0.4
1788457538.958,preempted,11.463,4.103,89.1,1,13,58,11.375,4.675,7.8,0.539,2.734,0.0,0.0,0.6,0.4
1788457539.008,preempted,11.465,4.095,89.4,1,13,58,11.375,4.675,7.8,0.539,2.734,0.0,0.0,0.6,0.4
1788457539.06,preempted,11.467,4.078,89.5,1,13,58,11.375,4.675,7.8,0.539,2.734,0.0,0.0,0.6,0.4
1788457539.112,preempted,11.467,4.07,89.5,1,13,58,11.375,4.675,7.8,0.539,2.734,0.0,0.0,0.6,0.4
1788457539.171,preempted,11.466,4.053,89.5,1,13,58,11.375,4.675,7.8,0.539,2.734,0.0,0.0,0.6,0.4
1788457539.23,preempted,11.466,4.044,89.5,1,13,58,11.375,4.675,7.8,0.539,2.734,0.0,0.0,0.6,0.4
1788457539.288,preempted,11.466,4.036,89.5,1,13,58,11.375,4.675,7.8,0.539,2.734,0.0,0.0,0.6,0.4
1788457539.35,preempted,11.466,4.019,89.5,1,13,58,11.375,4.675,7.8,0.539,2.734,0.0,0.0,0.6,0.4
1788457539.408,preempted,11.466,4.01,89.5,1,13,58,11.375,4.675,7.8,0.539,2.734,0.0,0.0,0.6,0.42
1788457539.463,preempted,11.466,3.993,89.5,1,13,58,11.375,4.675,7.8,0.539,2.734,0.0,0.0,0.6,0.42
1788457539.515,preempted,11.466,3.985,89.5,1,13,58,11.375,4.675,7.8,0.539,2.734,0.0,0.0,0.6,0.44
1788457539.566,preempted,11.466,3.968,89.5,1,13,58,11.375,4.675,7.8,0.539,2.734,0.0,0.0,0.6,0.44
1788457539.618,preempted,11.466,3.959,89.5,1,13,58,11.375,4.675,7.8,0.539,2.734,0.0,0.0,0.6,0.46
1788457539.671,preempted,11.466,3.942,89.5,1,13,58,11.375,4.675,7.8,0.539,2.734,0.0,0.0,0.6,0.46
1788457539.724,preempted,11.466,3.934,89.5,1,13,58,11.375,4.675,7.8,0.539,2.734,0.0,0.0,0.6,0.48
1788457539.776,preempted,11.465,3.917,89.5,1,13,58,11.375,4.675,7.8,0.539,2.734,0.0,0.0,0.6,0.48
1788457539.829,preempted,11.465,3.908,89.5,1,13,58,11.375,4.675,7.8,0.539,2.734,0.0,0.0,0.6,0.5
1788457539.88,preempted,11.465,3.891,89.5,1,13,58,11.375,4.675,7.8,0.539,2.734,0.0,0.0,0.6,0.5
1788457539.939,preempted,11.463,3.892,89.5,1,13,58,11.375,4.675,7.8,0.539,2.734,0.0,0.0,0.6,0.52
1788457540.001,preempted,11.459,3.896,89.5,1,13,58,11.375,4.675,7.8,0.539,2.734,0.0,0.0,0.6,0.52
1788457540.063,preempted,11.459,3.889,89.5,1,13,58,11.375,4.675,7.8,0.539,2.734,0.0,0.0,0.6,0.54
1788457540.126,preempted,11.458,3.872,89.5,1,13,58,11.375,4.675,7.8,0.539,2.734,0.0,0.0,0.6,0.54
1788457540.184,preempted,11.458,3.863,89.5,1,13,58,11.375,4.675,7.8,0.539,2.734,0.0,0.0,0.6,0.56
1788457540.235,preempted,11.458,3.855,89.5,1,13,58,11.375,4.675,7.8,0.539,2.734,0.0,0.0,0.6,0.56
1788457540.289,preempted,11.458,3.838,89.5,1,13,58,11.375,4.675,7.8,0.539,2.734,0.0,0.0,0.6,0.59
1788457540.345,preempted,11.458,3.829,89.5,1,13,58,11.375,4.675,7.8,0.539,2.734,0.0,0.0,0.6,0.59
1788457540.4,preempted,11.458,3.815,90.4,1,13,58,11.375,4.675,7.8,0.539,2.734,0.0,0.0,0.6,0.61
1788457540.454,preempted,11.458,3.811,91.7,1,13,58,11.375,4.675,7.8,0.539,2.734,0.0,0.0,0.6,0.61
1788457540.508,preempted,11.461,3.808,94.3,1,13,58,11.375,4.675,7.8,0.539,2.734,0.0,0.0,0.6,0.62
1788457540.562,preempted,11.463,3.809,95.7,1,13,58,11.375,4.675,7.8,0.539,2.734,0.0,0.0,0.6,0.62
1788457540.617,preempted,11.465,3.81,98.0,1,13,58,11.375,4.675,7.8,0.539,2.734,0.0,0.0,0.6,0.63
1788457540.668,preempted,11.465,3.81,99.1,1,13,58,11.375,4.675,7.8,0.539,2.734,0.0,0.0,0.6,0.63
1788457540.726,preempted,11.465,3.81,101.1,1,13,58,11.375,4.675,7.8,0.539,2.734,0.0,0.0,0.6,0.63
1788457540.782,preempted,11.465,3.81,102.1,1,13,58,11.375,4.675,7.8,0.539,2.734,0.0,0.0,0.6,0.63
1788457540.846,preempted,11.465,3.81,103.9,1,13,58,11.375,4.675,7.8,0.539,2.734,0.0,0.0,0.6,0.63
1788457540.904,preempted,11.465,3.81,104.8,1,13,58,11.375,4.675,7.8,0.539,2.734,0.0,0.0,0.6,0.63
1788457540.961,preempted,11.465,3.81,106.4,1,13,58,11.375,4.675,7.8,0.539,2.734,0.0,0.0,0.6,0.63
1788457541.016,preempted,11.465,3.81,107.2,1,13,58,11.375,4.675,7.8,0.539,2.734,0.0,0.0,0.6,0.63
1788457541.069,preempted,11.462,3.814,108.7,1,13,58,11.375,4.675,7.8,0.539,2.734,0.0,0.0,0.6,0.69
1788457541.123,preempted,11.46,3.817,109.4,1,13,58,11.375,4.675,7.8,0.539,2.734,0.0,0.0,0.6,0.69
1788457541.179,preempted,11.459,3.819,110.1,1,13,58,11.375,4.675,7.8,0.539,2.734,0.0,0.0,0.6,0.71
1788457541.234,preempted,11.459,3.819,111.3,1,13,58,11.375,4.675,7.8,0.539,2.734,0.0,0.0,0.6,0.71
1788457541.286,preempted,11.459,3.818,111.9,1,13,58,11.375,4.675,7.8,0.539,2.734,0.0,0.0,0.6,0.71
1788457541.339,preempted,11.458,3.816,112.9,1,13,58,11.375,4.675,7.8,0.539,2.734,0.0,0.0,0.6,0.71
1788457541.392,preempted,11.458,3.816,113.4,1,13,58,11.375,4.675,7.8,0.539,2.734,0.0,0.0,0.6,0.71
1788457541.447,preempted,11.458,3.816,114.4,1,13,58,11.375,4.675,7.8,0.539,2.734,0.0,0.0,0.6,0.71
1788457541.504,preempted,11.458,3.816,114.8,1,13,58,11.375,4.675,7.8,0.539,2.734,0.0,0.0,0.6,0.71
1788457541.565,preempted,11.458,3.816,115.7,1,13,58,11.375,4.675,7.8,0.539,2.734,0.0,0.0,0.6,0.71
1788457541.626,preempted,11.458,3.816,116.1,1,13,58,11.375,4.675,7.8,0.539,2.734,0.0,0.0,0.6,0.71
1788457541.687,preempted,11.457,3.818,116.8,1,13,58,11.375,4.675,7.8,0.539,2.734,0.0,0.0,0.6,0.71
1788457541.743,preempted,11.457,3.818,117.2,1,13,58,11.375,4.675,7.8,0.539,2.734,0.0,0.0,0.6,0.71
1788457541.795,preempted,11.457,3.818,117.8,1,13,58,11.375,4.675,7.8,0.539,2.734,0.0,0.0,0.6,0.71
1788457541.845,preempted,11.457,3.818,118.1,1,13,58,11.375,4.675,7.8,0.539,2.734,0.0,0.0,0.6,0.71
1788457541.898,preempted,11.457,3.818,118.7,1,13,58,11.375,4.675,7.8,0.539,2.734,0.0,0.0,0.6,0.71
1788457541.952,preempted,11.457,3.818,119.0,1,13,58,11.375,4.675,7.8,0.539,2.734,0.0,0.0,0.6,0.72
1788457542.005,preempted,11.457,3.818,119.5,1,13,58,11.375,4.675,7.8,0.539,2.734,0.0,0.0,0.6,0.72
1788457542.057,preempted,11.458,3.817,119.9,1,13,58,11.375,4.675,7.8,0.539,2.734,0.0,0.0,0.6,0.72
1788457542.109,preempted,11.459,3.816,120.2,1,13,58,11.375,4.675,7.8,0.539,2.734,0.0,0.0,0.6,0.72
1788457542.164,preempted,11.46,3.815,120.7,1,13,58,11.375,4.675,7.8,0.539,2.734,0.0,0.0,0.6,0.72
1788457542.219,preempted,11.46,3.816,121.0,1,13,58,11.375,4.675,7.8,0.539,2.734,0.0,0.0,0.6,0.72
1788457542.272,preempted,11.456,3.821,121.3,1,13,58,11.375,4.675,7.8,0.539,2.734,0.0,0.0,0.6,0.71
1788457542.335,preempted,11.453,3.826,121.5,1,13,58,11.375,4.675,7.8,0.539,2.734,0.0,0.0,0.6,0.71
1788457542.396,preempted,11.446,3.838,121.8,1,13,58,11.375,4.675,7.8,0.539,2.734,0.0,0.0,0.6,0.7
1788457542.454,preempted,11.443,3.843,122.0,1,13,58,11.375,4.675,7.8,0.539,2.734,0.0,0.0,0.6,0.7
1788457542.513,preempted,11.442,3.845,119.2,1,13,58,11.375,4.675,7.8,0.539,2.734,0.0,0.0,0.6,0.68
1788457542.567,preempted,11.442,3.845,117.6,1,13,58,11.375,4.675,7.8,0.539,2.734,0.0,0.0,0.6,0.68
1788457542.623,preempted,11.442,3.845,114.5,1,13,58,11.375,4.675,7.8,0.539,2.734,0.0,0.0,0.6,0.67
1788457542.676,preempted,11.442,3.845,113.1,1,13,58,11.375,4.675,7.8,0.539,2.734,0.0,0.0,0.6,0.67
1788457542.729,preempted,11.442,3.845,110.9,1,13,58,11.375,4.675,7.8,0.539,2.734,0.0,0.0,0.6,0.67
1788457542.78,preempted,11.442,3.845,109.9,1,13,58,11.375,4.675,7.8,0.539,2.734,0.0,0.0,0.6,0.67
1788457542.835,preempted,11.442,3.845,108.0,1,13,58,11.375,4.675,7.8,0.539,2.734,0.0,0.0,0.6,0.67
1788457542.886,preempted,11.442,3.845,107.0,1,13,58,11.375,4.675,7.8,0.539,2.734,0.0,0.0,0.6,0.67
1788457542.941,preempted,11.442,3.845,105.0,1,13,58,11.375,4.675,7.8,0.539,2.734,0.0,0.0,0.6,0.67
1788457542.994,preempted,11.442,3.845,104.0,1,13,58,11.375,4.675,7.8,0.539,2.734,0.0,0.0,0.6,0.67
1788457543.048,preempted,11.442,3.845,103.1,1,13,58,11.375,4.675,7.8,0.539,2.734,0.0,0.0,0.6,0.67
1788457543.106,preempted,11.442,3.845,101.1,1,13,58,11.375,4.675,7.8,0.539,2.734,0.0,0.0,0.6,0.67
1788457543.162,preempted,11.442,3.845,100.1,1,13,58,11.375,4.675,7.8,0.539,2.734,0.0,0.0,0.6,0.64
1788457543.228,preempted,11.442,3.845,98.2,1,13,58,11.375,4.675,7.8,0.539,2.734,0.0,0.0,0.6,0.64
1788457543.287,preempted,11.44,3.846,97.1,1,13,58,11.375,4.675,7.8,0.539,2.734,0.0,0.0,0.6,0.63
1788457543.343,preempted,11.434,3.849,94.7,1,13,58,11.375,4.675,7.8,0.539,2.734,0.0,0.0,0.6,0.63
1788457543.399,preempted,11.432,3.849,93.7,1,13,58,11.375,4.675,7.8,0.539,2.734,0.0,0.0,0.6,0.63
1788457543.453,preempted,11.432,3.849,91.7,1,13,58,11.375,4.675,7.8,0.539,2.734,0.0,0.0,0.6,0.63
1788457543.508,preempted,11.433,3.847,90.6,1,13,58,11.375,4.675,7.8,0.539,2.734,0.0,0.0,0.6,0.63
1788457543.562,preempted,11.436,3.841,89.9,1,13,58,11.375,4.675,7.8,0.539,2.734,0.0,0.0,0.6,0.63
1788457543.612,preempted,11.436,3.841,89.8,1,13,58,11.375,4.675,7.8,0.539,2.734,0.0,0.0,0.6,0.63
1788457543.663,preempted,11.436,3.841,89.8,1,13,58,11.375,4.675,7.8,0.539,2.734,0.0,0.0,0.6,0.63
1788457543.717,preempted,11.437,3.843,89.8,1,13,58,11.375,4.675,7.8,0.539,2.734,0.0,0.0,0.6,0.84
1788457543.769,preempted,11.438,3.85,89.8,1,13,58,11.375,4.675,7.8,0.539,2.734,0.0,0.0,0.6,0.84
1788457543.826,preempted,11.438,3.855,89.8,1,13,58,11.375,4.675,7.8,0.539,2.734,0.0,0.0,0.6,0.83
1788457543.884,preempted,11.438,3.868,89.8,1,13,58,11.375,4.675,7.8,0.539,2.734,0.0,0.0,0.6,0.83
1788457543.946,preempted,11.438,3.872,89.8,1,13,58,11.375,4.675,7.8,0.539,2.734,0.0,0.0,0.6,0.82
1788457544.007,preempted,11.438,3.877,89.7,1,13,58,11.375,4.675,7.8,0.539,2.734,0.0,0.0,0.6,0.82
1788457544.064,preempted,11.438,3.889,89.7,1,13,58,11.375,4.675,7.8,0.539,2.734,0.0,0.0,0.6,0.79
1788457544.118,preempted,11.438,3.896,89.7,1,13,58,11.375,4.675,7.8,0.539,2.734,0.0,0.0,0.6,0.79
1788457544.169,preempted,11.438,3.911,89.7,1,13,58,11.375,4.675,7.8,0.539,2.734,0.0,0.0,0.6,0.79
1788457544.223,preempted,11.438,3.919,89.7,1,13,58,11.375,4.675,7.8,0.539,2.734,0.0,0.0,0.6,0.79
1788457544.275,preempted,11.438,3.934,89.7,1,13,58,11.375,4.675,7.8,0.539,2.734,0.0,0.0,0.6,0.77
1788457544.33,preempted,11.438,3.941,89.7,1,13,58,11.375,4.675,7.8,0.539,2.734,0.0,0.0,0.6,0.77
1788457544.381,preempted,11.438,3.956,89.7,1,13,58,11.375,4.675,7.8,0.539,2.734,0.0,0.0,0.6,0.73
1788457544.434,preempted,11.438,3.964,89.7,1,13,58,11.375,4.675,7.8,0.539,2.734,0.0,0.0,0.6,0.73
1788457544.489,preempted,11.439,3.979,89.7,1,13,58,11.375,4.675,7.8,0.539,2.734,0.0,0.0,0.6,0.73
1788457544.542,preempted,11.439,3.986,89.7,1,13,58,11.375,4.675,7.8,0.539,2.734,0.0,0.0,0.6,0.73
1788457544.599,preempted,11.439,4.001,89.7,1,13,58,11.375,4.675,7.8,0.539,2.734,0.0,0.0,0.6,0.71
1788457544.652,preempted,11.439,4.008,89.7,1,13,58,11.375,4.675,7.8,0.539,2.734,0.0,0.0,0.6,0.71
1788457544.712,preempted,11.439,4.023,89.7,1,13,58,11.375,4.675,7.8,0.539,2.734,0.0,0.0,0.6,0.68
1788457544.771,preempted,11.439,4.031,89.7,1,13,58,11.375,4.675,7.8,0.539,2.734,0.0,0.0,0.6,0.68
1788457544.829,preempted,11.423,4.058,90.1,1,13,58,11.375,4.675,7.8,0.539,2.734,0.0,0.0,0.6,0.68
1788457544.884,preempted,11.412,4.075,90.4,1,13,58,11.375,4.675,7.8,0.539,2.734,0.0,0.0,0.6,0.68
1788457544.94,preempted,11.405,4.087,90.6,1,13,58,11.375,4.675,7.8,0.539,2.734,0.0,0.0,0.6,0.62
1788457544.993,preempted,11.405,4.102,90.6,1,13,58,11.375,4.675,7.8,0.539,2.734,0.0,0.0,0.6,0.62
1788457545.047,preempted,11.405,4.109,90.6,1,13,58,11.375,4.675,7.8,0.539,2.734,0.0,0.0,0.6,0.6
1788457545.1,preempted,11.405,4.124,90.6,1,13,58,11.375,4.675,7.8,0.539,2.734,0.0,0.0,0.6,0.6
1788457545.154,preempted,11.405,4.131,90.6,1,13,58,11.375,4.675,7.8,0.539,2.734,0.0,0.0,0.6,0.58
1788457545.208,preempted,11.405,4.146,90.6,1,13,58,11.375,4.675,7.8,0.539,2.734,0.0,0.0,0.6,0.58
1788457545.262,preempted,11.405,4.154,90.6,1,13,58,11.375,4.675,7.8,0.539,2.734,0.0,0.0,0.6,0.57
1788457545.315,preempted,11.405,4.169,90.6,1,13,58,11.375,4.675,7.8,0.539,2.734,0.0,0.0,0.6,0.57
1788457545.369,preempted,11.403,4.178,90.7,1,13,58,11.375,4.675,7.8,0.539,2.734,0.0,0.0,0.6,0.55
1788457545.426,preempted,11.399,4.199,91.1,1,13,58,11.375,4.675,7.8,0.539,2.734,0.0,0.0,0.6,0.55
1788457545.487,preempted,11.399,4.207,91.1,1,13,58,11.375,4.675,7.8,0.539,2.734,0.0,0.0,0.6,0.52
1788457545.544,preempted,11.398,4.222,91.1,1,13,58,11.375,4.675,7.8,0.539,2.734,0.0,0.0,0.6,0.52
1788457545.603,preempted,11.398,4.23,91.1,1,13,58,11.375,4.675,7.8,0.539,2.734,0.0,0.0,0.6,0.52
1788457545.659,preempted,11.398,4.245,91.1,1,13,58,11.375,4.675,7.8,0.539,2.734,0.0,0.0,0.6,0.52
1788457545.713,preempted,11.398,4.252,91.1,1,13,58,11.375,4.675,7.8,0.539,2.734,0.0,0.0,0.6,0.52
1788457545.766,preempted,11.397,4.267,91.1,1,13,58,11.375,4.675,7.8,0.539,2.734,0.0,0.0,0.6,0.52
1788457545.816,preempted,11.397,4.275,91.1,1,13,58,11.375,4.675,7.8,0.539,2.734,0.0,0.0,0.6,0.52
1788457545.868,preempted,11.397,4.282,91.1,1,13,58,11.375,4.675,7.8,0.539,2.734,0.0,0.0,0.6,0.52
1788457545.92,preempted,11.399,4.299,90.8,1,13,58,11.375,4.675,7.8,0.539,2.734,0.0,0.0,0.6,0.52
1788457545.971,preempted,11.4,4.308,90.5,1,13,58,11.375,4.675,7.8,0.539,2.734,0.0,0.0,0.6,0.52
1788457546.025,preempted,11.401,4.325,90.3,1,13,58,11.375,4.675,7.8,0.539,2.734,0.0,0.0,0.6,0.52
1788457546.075,preempted,11.401,4.332,90.3,1,13,58,11.375,4.675,7.8,0.539,2.734,0.0,0.0,0.6,0.52
1788457546.131,preempted,11.401,4.347,90.3,1,13,58,11.375,4.675,7.8,0.539,2.734,0.0,0.0,0.6,0.52
1788457546.187,preempted,11.401,4.355,90.3,1,13,58,11.375,4.675,7.8,0.539,2.734,0.0,0.0,0.6,0.52
1788457546.246,preempted,11.401,4.37,90.3,1,13,58,11.375,4.675,7.8,0.539,2.734,0.0,0.0,0.6,0.52
1788457546.302,preempted,11.401,4.377,90.3,1,13,58,11.375,4.675,7.8,0.539,2.734,0.0,0.0,0.6,0.52
1788457546.359,preempted,11.401,4.392,90.3,1,13,58,11.375,4.675,7.8,0.539,2.734,0.0,0.0,0.6,0.52
1788457546.415,preempted,11.401,4.4,90.3,1,13,58,11.375,4.675,7.8,0.539,2.734,0.0,0.0,0.6,0.52
1788457546.469,preempted,11.4,4.413,90.4,1,13,58,11.375,4.675,7.8,0.539,2.734,0.0,0.0,0.6,0.52
1788457546.52,preempted,11.4,4.419,90.6,1,13,58,11.375,4.675,7.8,0.539,2.734,0.0,0.0,0.6,0.52
1788457546.572,preempted,11.399,4.433,90.7,1,13,58,11.375,4.675,7.8,0.539,2.734,0.0,0.0,0.6,0.52
1788457546.626,preempted,11.399,4.441,90.7,1,13,58,11.375,4.675,7.8,0.539,2.734,0.0,0.0,0.6,0.52
1788457546.679,preempted,11.399,4.456,90.7,1,13,58,11.375,4.675,7.8,0.539,2.734,0.0,0.0,0.6,0.52
1788457546.732,preempted,11.399,4.463,90.7,1,13,58,11.375,4.675,7.8,0.539,2.734,0.0,0.0,0.6,0.52
1788457546.785,preempted,11.399,4.471,90.7,1,13,58,11.375,4.675,7.8,0.539,2.734,0.0,0.0,0.6,0.52
1788457546.835,preempted,11.398,4.486,90.7,1,13,58,11.375,4.675,7.8,0.539,2.734,0.0,0.0,0.6,0.52
1788457546.89,preempted,11.398,4.493,90.7,1,13,58,11.375,4.675,7.8,0.539,2.734,0.0,0.0,0.6,0.52
1788457546.945,preempted,11.398,4.508,90.7,1,13,58,11.375,4.675,7.8,0.539,2.734,0.0,0.0,0.6,0.52
1788457547.008,preempted,11.408,4.503,90.6,1,13,58,11.375,4.675,7.8,0.539,2.734,0.0,0.0,0.6,0.52
1788457547.067,preempted,11.444,4.474,90.1,1,13,58,11.375,4.675,7.8,0.539,2.734,0.0,0.0,0.6,0.52
1788457547.129,preempted,11.45,4.474,90.0,1,13,58,11.375,4.675,7.8,0.539,2.734,0.0,0.0,0.6,0.52
1788457547.185,preempted,11.45,4.489,90.0,1,13,58,11.375,4.675,7.8,0.539,2.734,0.0,0.0,0.6,0.52
1788457547.238,preempted,11.45,4.496,90.0,1,13,58,11.375,4.675,7.8,0.539,2.734,0.0,0.0,0.6,0.52
1788457547.292,preempted,11.45,4.511,90.0,1,13,58,11.375,4.675,7.8,0.539,2.734,0.0,0.0,0.6,0.52
1788457547.344,preempted,11.45,4.519,90.0,1,13,58,11.375,4.675,7.8,0.539,2.734,0.0,0.0,0.6,0.52
1788457547.398,preempted,11.45,4.534,90.0,1,13,58,11.375,4.675,7.8,0.539,2.734,0.0,0.0,0.6,0.52
1788457547.45,preempted,11.45,4.541,90.0,1,13,58,11.375,4.675,7.8,0.539,2.734,0.0,0.0,0.6,0.52
1788457547.502,preempted,11.45,4.556,90.0,1,13,58,11.375,4.675,7.8,0.539,2.734,0.0,0.0,0.6,0.52
1788457547.553,preempted,11.431,4.58,90.2,1,13,58,11.375,4.675,7.8,0.539,2.734,0.0,0.0,0.6,2.92
1788457547.607,preempted,11.39,4.632,90.6,1,13,58,11.375,4.675,7.8,0.539,2.734,0.0,0.0,0.6,2.92
1788457547.66,preempted,11.388,4.64,90.6,1,13,58,11.375,4.675,7.8,0.539,2.734,0.0,0.0,0.6,2.9
1788457547.712,preempted,11.388,4.648,90.6,1,13,58,11.375,4.675,7.8,0.539,2.734,0.0,0.0,0.6,2.9
1788457547.775,preempted,11.388,4.663,90.6,1,13,58,11.375,4.675,7.8,0.539,2.734,0.0,0.0,0.6,2.88
1788457547.836,preempted,11.388,4.67,90.6,1,13,58,11.375,4.675,7.8,0.539,2.734,0.0,0.0,0.6,2.88
1788457547.902,preempted,11.388,4.685,90.6,1,13,58,11.375,4.675,7.8,0.539,2.734,0.0,0.0,0.6,2.86
1788457547.96,preempted,11.388,4.693,90.6,1,13,58,11.375,4.675,7.8,0.539,2.734,0.0,0.0,0.6,2.86
1788457548.014,preempted,11.388,4.708,90.6,1,13,58,11.375,4.675,7.8,0.539,2.734,0.0,0.0,0.6,2.84
1788457548.065,preempted,11.388,4.715,90.6,1,13,58,11.375,4.675,7.8,0.539,2.734,0.0,0.0,0.6,2.84
1788457548.119,preempted,11.391,4.729,89.9,1,13,58,11.375,4.675,7.8,0.539,2.734,0.0,0.0,0.6,2.82
1788457548.171,preempted,11.394,4.735,89.4,1,13,58,11.375,4.675,7.8,0.539,2.734,0.0,0.0,0.6,2.82
1788457548.225,preempted,11.395,4.749,89.0,1,13,58,11.375,4.675,7.8,0.539,2.734,0.0,0.0,0.6,2.8
1788457548.276,preempted,11.395,4.757,89.0,1,13,58,11.375,4.675,7.8,0.539,2.734,0.0,0.0,0.6,2.8
1788457548.331,preempted,11.395,4.772,89.0,1,13,58,11.375,4.675,7.8,0.539,2.734,0.0,0.0,0.6,2.77
1788457548.386,preempted,11.396,4.779,89.0,1,13,58,11.375,4.675,7.8,0.539,2.734,0.0,0.0,0.6,2.77
1788457548.44,preempted,11.396,4.794,89.0,1,13,58,11.375,4.675,7.8,0.539,2.734,0.0,0.0,0.6,2.75
1788457548.493,preempted,11.396,4.802,89.0,1,13,58,11.375,4.675,7.8,0.539,2.734,0.0,0.0,0.6,2.75
1788457548.553,preempted,11.396,4.816,89.0,1,13,58,11.375,4.675,7.8,0.539,2.734,0.0,0.0,0.6,2.73
1788457548.612,preempted,11.396,4.824,89.0,1,13,58,11.375,4.675,7.8,0.539,2.734,0.0,0.0,0.6,2.73
1788457548.674,preempted,11.395,4.832,89.2,1,13,58,11.375,4.675,7.8,0.539,2.734,0.0,0.0,0.6,2.71
1788457548.731,preempted,11.389,4.846,90.1,1,13,58,11.375,4.675,7.8,0.539,2.734,0.0,0.0,0.6,2.71
1788457548.786,preempted,11.387,4.854,90.3,1,13,58,11.375,4.675,7.8,0.539,2.734,0.0,0.0,0.6,2.69
1788457548.839,preempted,11.387,4.869,90.3,1,13,58,11.375,4.675,7.8,0.539,2.734,0.0,0.0,0.6,2.69
1788457548.892,preempted,11.387,4.876,90.3,1,13,58,11.375,4.675,7.8,0.539,2.734,0.0,0.0,0.6,2.67
1788457548.945,preempted,11.387,4.891,90.3,1,13,58,11.375,4.675,7.8,0.539,2.734,0.0,0.0,0.6,2.67
1788457548.999,preempted,11.387,4.898,90.3,1,13,58,11.375,4.675,7.8,0.539,2.734,0.0,0.0,0.6,2.65
1788457549.05,preempted,11.386,4.913,90.3,1,13,58,11.375,4.675,7.8,0.539,2.734,0.0,0.0,0.6,2.65
1788457549.104,exit_straight,11.386,4.921,90.3,10,40,50,11.525,6.425,-5.6,1.51,1.963,0.3,0.0,1.5,2.63
1788457549.155,exit_straight,11.386,4.923,90.3,10,40,50,11.525,6.425,-5.6,1.509,1.961,0.3,0.0,1.5,2.63
1788457549.207,exit_straight,11.389,4.919,90.0,10,40,50,11.525,6.425,-5.3,1.512,1.965,0.3,0.0,1.5,2.62
1788457549.258,exit_straight,11.396,4.907,89.3,10,40,50,11.525,6.425,-4.5,1.523,1.976,0.3,0.0,1.5,2.62
1788457549.317,exit_straight,11.397,4.906,89.2,10,40,50,11.525,6.425,-4.4,1.524,1.977,0.3,0.0,1.5,2.62
1788457549.372,exit_straight,11.397,4.906,89.2,10,40,50,11.525,6.425,-4.4,1.524,1.977,0.3,0.0,1.5,2.62
1788457549.433,exit_straight,11.397,4.906,89.2,10,40,50,11.525,6.425,-4.4,1.524,1.977,0.3,0.0,1.5,2.62
1788457549.49,exit_straight,11.397,4.906,89.2,10,40,50,11.525,6.425,-4.4,1.524,1.977,0.3,0.0,1.5,2.62
1788457549.542,exit_straight,11.397,4.906,89.2,10,40,50,11.525,6.425,-4.4,1.524,1.977,0.3,0.0,1.5,2.62
1788457549.592,exit_straight,11.397,4.906,89.2,10,40,50,11.525,6.425,-4.4,1.524,1.977,0.3,0.0,1.5,2.62
1788457549.643,exit_straight,11.397,4.906,89.2,10,40,50,11.525,6.425,-4.4,1.524,1.977,0.3,0.0,1.5,2.62
1788457549.694,exit_straight,11.397,4.906,89.2,10,40,50,11.525,6.425,-4.4,1.524,1.977,0.3,0.0,1.5,2.62
1788457549.749,exit_straight,11.397,4.909,89.2,10,40,50,11.525,6.425,-4.4,1.521,1.974,0.3,0.0,1.5,2.62
1788457549.804,exit_straight,11.397,4.913,89.2,10,40,50,11.525,6.425,-4.3,1.517,1.97,0.3,0.0,1.5,2.62
1788457549.859,exit_straight,11.397,4.927,89.2,10,40,50,11.525,6.425,-4.3,1.504,1.956,0.3,0.0,1.5,2.6
1788457549.911,exit_straight,11.397,4.936,89.2,10,40,50,11.525,6.425,-4.3,1.495,1.947,0.3,0.0,1.5,2.6
1788457549.963,exit_straight,11.397,4.956,89.2,11,41,50,11.525,6.475,-4.3,1.524,1.927,0.3,0.0,1.5,2.58
1788457550.019,exit_straight,11.398,4.967,89.2,11,41,50,11.525,6.475,-4.3,1.514,1.917,0.3,0.0,1.5,2.58
1788457550.072,exit_straight,11.398,4.987,89.2,11,41,50,11.525,6.475,-4.3,1.493,1.896,0.3,0.0,1.5,2.55
1788457550.133,exit_straight,11.398,4.997,89.2,11,41,50,11.525,6.475,-4.3,1.483,1.886,0.3,0.0,1.5,2.55
1788457550.191,exit_straight,11.398,5.018,89.2,12,42,50,11.525,6.525,-4.3,1.513,1.866,0.3,0.0,1.5,2.52
1788457550.247,exit_straight,11.398,5.028,89.2,12,42,50,11.525,6.525,-4.3,1.503,1.856,0.3,0.0,1.5,2.52
1788457550.308,exit_straight,11.399,5.048,89.2,12,42,50,11.525,6.525,-4.3,1.482,1.835,0.3,0.0,1.5,2.49
1788457550.361,exit_straight,11.399,5.058,89.2,13,43,50,11.533,6.574,-4.3,1.522,1.825,0.3,0.0,1.5,2.49
1788457550.418,exit_straight,11.393,5.07,89.2,13,43,50,11.533,6.574,-4.3,1.511,1.814,0.3,0.0,1.5,2.47
1788457550.469,exit_straight,11.389,5.074,89.2,13,43,50,11.533,6.574,-4.3,1.507,1.81,0.3,0.0,1.5,2.47
1788457550.524,exit_straight,11.386,5.081,89.2,13,43,50,11.533,6.574,-4.4,1.5,1.804,0.3,0.0,1.5,2.44
1788457550.576,exit_straight,11.387,5.101,89.2,14,44,50,11.541,6.624,-4.4,1.53,1.783,0.3,0.0,1.5,2.44
1788457550.63,exit_straight,11.387,5.112,89.2,14,44,50,11.541,6.624,-4.4,1.52,1.773,0.3,0.0,1.5,2.41
1788457550.681,exit_straight,11.387,5.132,89.2,14,44,50,11.541,6.624,-4.4,1.5,1.753,0.3,0.0,1.5,2.41
1788457550.733,exit_straight,11.387,5.142,89.2,14,44,50,11.541,6.624,-4.4,1.489,1.743,0.3,0.0,1.5,2.38
1788457550.784,exit_straight,11.388,5.163,89.2,15,45,50,11.55,6.673,-4.5,1.519,1.723,0.3,0.0,1.5,2.38
1788457550.842,exit_straight,11.387,5.169,89.1,15,45,50,11.55,6.673,-4.4,1.512,1.716,0.3,0.0,1.5,2.35
1788457550.899,exit_straight,11.387,5.178,88.8,15,45,50,11.55,6.673,-4.0,1.504,1.707,0.3,0.0,1.5,2.35
1788457550.961,exit_straight,11.387,5.187,88.7,15,45,50,11.55,6.673,-4.0,1.495,1.699,0.3,0.0,1.5,2.32
1788457551.02,exit_straight,11.387,5.207,88.7,16,46,50,11.558,6.722,-4.0,1.525,1.679,0.3,0.0,1.5,2.32
1788457551.077,exit_straight,11.387,5.217,88.7,16,46,50,11.558,6.722,-4.1,1.515,1.668,0.3,0.0,1.5,2.3
1788457551.131,exit_straight,11.388,5.238,88.7,16,46,50,11.558,6.722,-4.1,1.494,1.648,0.3,0.0,1.5,2.3
1788457551.183,exit_straight,11.388,5.248,88.7,16,46,50,11.558,6.722,-4.1,1.484,1.638,0.3,0.0,1.5,2.27
1788457551.236,exit_straight,11.389,5.268,88.7,17,47,50,11.566,6.772,-4.1,1.514,1.618,0.3,0.0,1.5,2.27
1788457551.289,exit_straight,11.384,5.271,88.9,17,47,50,11.566,6.772,-4.4,1.512,1.615,0.3,0.0,1.5,2.24
1788457551.344,exit_straight,11.374,5.274,89.4,17,47,50,11.566,6.772,-4.9,1.51,1.613,0.3,0.0,1.5,2.24
1788457551.399,exit_straight,11.374,5.284,89.4,17,47,50,11.566,6.772,-4.9,1.5,1.604,0.3,0.0,1.5,2.21
1788457551.451,exit_straight,11.374,5.294,89.4,17,47,50,11.566,6.772,-5.0,1.49,1.594,0.3,0.0,1.5,2.21
1788457551.502,exit_straight,11.374,5.314,89.4,18,48,50,11.575,6.825,-5.0,1.524,1.573,0.3,0.0,1.5,2.18
1788457551.554,exit_straight,11.374,5.325,89.4,18,48,50,11.575,6.825,-5.1,1.514,1.563,0.3,0.0,1.5,2.18
1788457551.608,exit_straight,11.374,5.345,89.4,18,48,50,11.575,6.825,-5.1,1.493,1.543,0.3,0.0,1.5,2.15
1788457551.666,exit_straight,11.375,5.355,89.4,19,49,50,11.575,6.875,-5.2,1.533,1.533,0.3,0.0,1.5,2.15
1788457551.731,exit_straight,11.375,5.371,89.5,19,49,50,11.575,6.875,-5.3,1.517,1.517,0.3,0.0,1.5,2.13
1788457551.79,exit_straight,11.374,5.377,89.6,19,49,50,11.575,6.875,-5.4,1.512,1.512,0.3,0.0,1.5,2.13
1788457551.848,exit_straight,11.374,5.394,89.6,19,49,50,11.575,6.875,-5.6,1.495,1.495,0.3,0.0,1.5,2.1
1788457551.902,exit_straight,11.374,5.404,89.6,20,49,50,11.575,6.875,-5.6,1.485,1.485,0.3,0.0,1.5,2.1
1788457551.957,exit_straight,11.375,5.424,89.6,20,49,50,11.575,6.875,-5.7,1.465,1.465,0.3,0.0,1.5,2.07
1788457552.009,exit_straight,11.375,5.434,89.6,20,49,50,11.575,6.875,-5.7,1.454,1.454,0.3,0.0,1.5,2.07
1788457552.063,exit_straight,11.375,5.455,89.6,21,49,50,11.575,6.875,-5.8,1.434,1.434,0.3,0.0,1.5,2.04
1788457552.116,exit_straight,11.375,5.465,89.6,21,49,50,11.575,6.875,-5.8,1.424,1.424,0.3,0.0,1.5,2.04
1788457552.169,exit_straight,11.375,5.481,89.8,21,49,50,11.575,6.875,-6.0,1.408,1.408,0.3,0.0,1.5,2.01
1788457552.223,exit_straight,11.374,5.488,89.9,21,49,50,11.575,6.875,-6.2,1.402,1.402,0.3,0.0,1.5,2.01
1788457552.277,exit_straight,11.374,5.506,90.0,22,49,50,11.575,6.875,-6.3,1.384,1.384,0.3,0.0,1.5,1.99
1788457552.331,exit_straight,11.374,5.516,90.0,22,49,50,11.575,6.875,-6.3,1.374,1.374,0.3,0.0,1.5,1.99
1788457552.387,exit_straight,11.374,5.526,90.0,22,49,50,11.575,6.875,-6.4,1.363,1.363,0.3,0.0,1.5,1.96
1788457552.443,exit_straight,11.374,5.547,90.0,22,49,50,11.575,6.875,-6.4,1.343,1.343,0.3,0.0,1.5,1.96
1788457552.504,exit_straight,11.374,5.557,90.0,23,49,50,11.575,6.875,-6.5,1.333,1.333,0.3,0.0,1.5,1.93
1788457552.56,exit_straight,11.374,5.577,90.0,23,49,50,11.575,6.875,-6.5,1.313,1.313,0.3,0.0,1.5,1.93
1788457552.617,exit_straight,11.375,5.585,90.0,23,49,50,11.575,6.875,-6.7,1.306,1.306,0.3,0.0,1.5,1.9
1788457552.669,exit_straight,11.376,5.595,90.3,23,49,50,11.575,6.875,-7.0,1.295,1.295,0.3,0.0,1.5,1.9
1788457552.722,exit_straight,11.376,5.604,90.3,24,49,50,11.575,6.875,-7.1,1.287,1.287,0.3,0.0,1.5,1.87
1788457552.773,exit_straight,11.376,5.624,90.3,24,49,50,11.575,6.875,-7.1,1.267,1.267,0.3,0.0,1.5,1.87
1788457552.828,exit_straight,11.376,5.634,90.3,24,49,50,11.575,6.875,-7.2,1.257,1.257,0.3,0.0,1.5,1.85
1788457552.88,exit_straight,11.376,5.655,90.3,25,49,50,11.575,6.875,-7.2,1.237,1.237,0.3,0.0,1.5,1.85
1788457552.934,exit_straight,11.376,5.665,90.3,25,49,50,11.575,6.875,-7.3,1.227,1.227,0.3,0.0,1.5,1.82
1788457552.985,exit_straight,11.375,5.685,90.3,25,49,50,11.575,6.875,-7.4,1.206,1.206,0.3,0.0,1.5,1.82
1788457553.039,exit_straight,11.373,5.693,90.2,25,49,50,11.575,6.875,-7.3,1.199,1.199,0.3,0.0,1.5,1.79
1788457553.093,exit_straight,11.366,5.709,90.0,26,49,50,11.575,6.875,-7.2,1.184,1.184,0.3,0.0,1.5,1.79
1788457553.146,exit_straight,11.365,5.719,90.0,26,49,50,11.575,6.875,-7.3,1.175,1.175,0.3,0.0,1.5,1.76
1788457553.201,driving,11.365,5.74,90.0,26,49,50,11.575,6.875,-7.3,1.155,1.155,0.3,0.0,1.5,1.76
1788457553.258,driving,11.365,5.75,90.0,26,49,50,11.575,6.875,-7.4,1.145,1.145,0.3,0.0,1.5,1.74
1788457553.317,driving,11.365,5.76,90.0,27,49,50,11.575,6.875,-7.5,1.135,1.135,0.3,0.0,1.5,1.74
1788457553.376,driving,11.365,5.78,90.0,27,49,50,11.575,6.875,-7.6,1.115,1.115,0.3,0.0,1.5,1.71
1788457553.43,driving,11.365,5.791,90.0,27,49,50,11.575,6.875,-7.7,1.105,1.105,0.3,0.0,1.5,1.71
1788457553.485,driving,11.364,5.808,89.9,27,49,50,11.575,6.875,-7.7,1.087,1.087,0.3,0.0,1.5,1.68
1788457553.538,driving,11.363,5.816,89.9,28,49,50,11.575,6.875,-7.7,1.08,1.08,0.3,0.0,1.5,1.68
1788457553.592,driving,11.361,5.835,89.8,28,49,50,11.575,6.875,-7.8,1.062,1.062,0.3,0.0,1.5,1.66
1788457553.642,driving,11.361,5.845,89.8,28,49,50,11.575,6.875,-7.9,1.052,1.052,0.3,0.0,1.5,1.66
1788457553.695,driving,11.361,5.865,89.8,29,49,50,11.575,6.875,-8.0,1.032,1.032,0.3,0.0,1.5,1.63
1788457553.746,driving,11.361,5.875,89.8,29,49,50,11.575,6.875,-8.1,1.022,1.022,0.3,0.0,1.5,1.63
1788457553.801,driving,11.361,5.896,89.8,29,49,50,11.575,6.875,-8.2,1.002,1.002,0.3,0.0,1.5,1.6
1788457553.851,driving,11.361,5.906,89.8,29,49,50,11.575,6.875,-8.3,0.992,0.992,0.3,0.0,1.5,1.6
1788457553.906,driving,11.359,5.928,90.1,30,49,50,11.575,6.875,-8.6,0.971,0.971,0.3,0.0,1.5,1.58
1788457553.958,driving,11.358,5.939,90.3,30,49,50,11.575,6.875,-8.9,0.961,0.961,0.3,0.0,1.5,1.58
1788457554.021,driving,11.356,5.96,90.4,1,19,20,11.575,6.875,-9.1,0.94,0.94,0.3,0.0,1.5,1.55
1788457554.078,driving,11.356,5.971,90.4,1,19,20,11.575,6.875,-9.3,0.93,0.93,0.3,0.0,1.5,1.55
1788457554.138,driving,11.356,5.991,90.4,1,19,20,11.575,6.875,-9.4,0.911,0.911,0.3,0.0,1.5,1.52
1788457554.194,driving,11.356,6.001,90.4,1,19,20,11.575,6.875,-9.5,0.901,0.901,0.3,0.0,1.5,1.52
1788457554.247,driving,11.356,6.011,90.4,2,19,20,11.575,6.875,-9.6,0.891,0.891,0.3,0.0,1.5,1.5
1788457554.3,driving,11.356,6.032,90.4,2,19,20,11.575,6.875,-9.8,0.871,0.871,0.3,0.0,1.5,1.5
1788457554.354,driving,11.354,6.042,90.5,2,19,20,11.575,6.875,-10.0,0.862,0.862,0.3,0.0,1.5,1.47
1788457554.406,driving,11.348,6.062,90.8,3,19,20,11.575,6.875,-10.4,0.844,0.844,0.3,0.0,1.5,1.47
1788457554.461,driving,11.347,6.072,90.8,3,19,20,11.575,6.875,-10.7,0.835,0.835,0.3,0.0,1.5,1.45
1788457554.515,driving,11.346,6.093,90.8,3,19,20,11.575,6.875,-10.8,0.815,0.815,0.3,0.0,1.5,1.45
1788457554.565,driving,11.346,6.103,90.8,3,19,20,11.575,6.875,-11.0,0.805,0.805,0.3,0.0,1.5,1.42
1788457554.619,driving,11.346,6.123,90.8,4,19,20,11.575,6.875,-11.2,0.786,0.786,0.3,0.0,1.5,1.42
1788457554.673,driving,11.346,6.133,90.8,4,19,20,11.575,6.875,-11.3,0.776,0.776,0.3,0.0,1.5,1.39
1788457554.732,driving,11.346,6.154,90.8,4,19,20,11.575,6.875,-11.5,0.757,0.757,0.3,0.0,1.5,1.39
1788457554.79,driving,11.345,6.162,90.9,4,19,20,11.575,6.875,-11.7,0.749,0.749,0.3,0.0,1.5,1.37
1788457554.847,driving,11.345,6.178,90.9,5,19,20,11.575,6.875,-12.0,0.734,0.734,0.3,0.0,1.5,1.37
1788457554.905,driving,11.345,6.188,90.9,5,19,20,11.575,6.875,-12.1,0.724,0.724,0.3,0.0,1.5,1.34
1788457554.961,driving,11.345,6.208,90.9,5,19,20,11.575,6.875,-12.3,0.705,0.705,0.3,0.0,1.5,1.34
1788457555.019,driving,11.345,6.219,90.9,0,13,14,11.575,6.875,-12.5,0.696,0.696,0.3,0.0,1.5,1.32
1788457555.069,driving,11.344,6.239,90.9,0,13,14,11.575,6.875,-12.7,0.676,0.676,0.3,0.0,1.5,1.32
1788457555.122,driving,11.344,6.249,90.9,1,13,14,11.575,6.875,-13.0,0.667,0.667,0.3,0.0,1.5,1.29
1788457555.174,driving,11.344,6.259,90.9,1,13,14,11.575,6.875,-13.2,0.657,0.657,0.3,0.0,1.5,1.29
1788457555.227,driving,11.343,6.279,90.8,1,13,14,11.575,6.875,-13.2,0.639,0.639,0.3,0.0,1.5,1.27
1788457555.277,driving,11.342,6.289,90.6,1,13,14,11.575,6.875,-13.3,0.631,0.631,0.3,0.0,1.5,1.27
1788457555.334,driving,11.341,6.308,90.4,2,13,14,11.575,6.875,-13.3,0.613,0.613,0.3,0.0,1.5,1.24
1788457555.386,driving,11.341,6.319,90.4,2,13,14,11.575,6.875,-13.6,0.604,0.604,0.3,0.0,1.5,1.24
1788457555.439,driving,11.34,6.339,90.4,2,13,14,11.575,6.875,-13.8,0.585,0.585,0.3,0.0,1.5,1.22
1788457555.494,driving,11.34,6.349,90.4,2,13,14,11.575,6.875,-14.1,0.576,0.576,0.3,0.0,1.5,1.22
1788457555.554,driving,11.34,6.37,90.4,3,13,14,11.575,6.875,-14.4,0.557,0.557,0.299,0.0,1.5,1.19
1788457555.612,driving,11.34,6.38,90.4,3,13,14,11.575,6.875,-14.7,0.548,0.548,0.299,0.0,1.5,1.19
1788457555.674,driving,11.347,6.402,90.0,4,13,14,11.575,6.875,-14.5,0.525,0.525,0.297,0.0,1.5,1.17
1788457555.732,driving,11.352,6.414,89.7,4,13,14,11.575,6.875,-14.5,0.512,0.512,0.297,0.0,1.5,1.17
1788457555.784,driving,11.356,6.435,89.4,4,13,14,11.575,6.875,-14.5,0.491,0.491,0.295,0.0,1.5,1.15
1788457555.837,driving,11.356,6.446,89.4,4,13,14,11.575,6.875,-14.8,0.482,0.482,0.295,0.0,1.5,1.15
1788457555.888,driving,11.356,6.466,89.4,5,13,14,11.575,6.875,-15.2,0.464,0.464,0.293,0.0,1.5,1.12
1788457555.942,driving,11.356,6.476,89.4,5,13,14,11.575,6.875,-15.5,0.455,0.455,0.293,0.0,1.5,1.12
1788457555.995,driving,11.356,6.496,89.4,0,8,9,11.575,6.875,-15.8,0.438,0.438,0.291,0.0,1.5,1.1
1788457556.048,turning,11.356,6.506,89.4,0,8,9,11.575,6.875,-16.2,0.429,0.429,0.0,-2.4,1.5,1.1
1788457556.101,turning,11.356,6.514,89.5,1,8,9,11.575,6.875,-16.6,0.422,0.422,0.0,-2.4,1.5,1.08
1788457556.155,turning,11.355,6.51,88.2,0,8,9,11.575,6.875,-15.6,0.427,0.427,0.0,-2.4,1.5,1.08
1788457556.207,turning,11.355,6.508,87.4,0,8,9,11.575,6.875,-15.2,0.428,0.428,0.0,-2.4,1.5,1.07
1788457556.261,turning,11.355,6.508,85.7,0,8,9,11.575,6.875,-13.8,0.428,0.428,0.0,-2.4,1.5,1.07
1788457556.326,turning,11.355,6.508,84.8,0,8,9,11.575,6.875,-13.2,0.428,0.428,0.0,-2.4,1.5,1.07
1788457556.391,turning,11.355,6.508,83.1,0,8,9,11.575,6.875,-11.8,0.428,0.428,0.0,-2.4,1.5,1.07
1788457556.455,turning,11.355,6.508,82.2,0,8,9,11.575,6.875,-11.3,0.428,0.428,0.0,-2.4,1.5,1.07
1788457556.516,turning,11.355,6.508,80.5,0,8,9,11.575,6.875,-9.8,0.428,0.428,0.0,-2.4,1.5,1.07
1788457556.575,turning,11.355,6.505,79.7,0,8,9,11.575,6.875,-9.3,0.43,0.43,0.0,-2.4,1.5,1.06
1788457556.634,driving,11.357,6.496,78.0,0,8,9,11.575,6.875,-7.9,0.437,0.437,0.287,0.0,1.5,1.06
1788457556.692,driving,11.358,6.495,77.2,0,8,9,11.575,6.875,-7.2,0.437,0.437,0.287,0.0,1.5,1.06
1788457556.745,driving,11.358,6.498,76.8,0,8,9,11.575,6.875,-7.2,0.435,0.435,0.287,0.0,1.5,1.06
1788457556.806,driving,11.359,6.501,76.8,0,8,9,11.575,6.875,-7.4,0.432,0.432,0.287,0.0,1.5,1.06
1788457556.858,driving,11.362,6.514,76.8,1,8,9,11.575,6.875,-7.7,0.419,0.419,0.287,0.0,1.5,1.06
1788457556.913,driving,11.366,6.527,76.6,1,8,9,11.575,6.875,-7.7,0.406,0.406,0.285,0.0,1.5,1.05
1788457556.968,driving,11.376,6.554,76.1,1,8,9,11.575,6.875,-7.5,0.377,0.377,0.283,0.0,1.5,1.05
1788457557.023,driving,11.379,6.564,76.1,0,6,7,11.575,6.875,-7.7,0.368,0.368,0.276,0.0,1.5,1.02
1788457557.081,driving,11.381,6.573,76.1,0,6,7,11.575,6.875,-8.0,0.359,0.359,0.269,0.0,1.5,1.02
1788457557.143,driving,11.386,6.591,76.1,0,6,7,11.575,6.875,-8.3,0.341,0.341,0.256,0.0,1.5,1.0
1788457557.203,driving,11.388,6.6,76.1,1,6,7,11.575,6.875,-8.6,0.332,0.332,0.249,0.0,1.5,1.0
1788457557.259,driving,11.393,6.619,76.3,1,6,7,11.575,6.875,-9.1,0.314,0.314,0.236,0.0,1.5,0.97
1788457557.314,driving,11.396,6.629,76.5,1,6,7,11.575,6.875,-9.6,0.305,0.305,0.228,0.0,1.5,0.97
1788457557.369,driving,11.4,6.646,76.6,1,6,7,11.575,6.875,-10.1,0.289,0.289,0.22,0.0,1.5,0.95
1788457557.42,driving,11.402,6.653,76.6,2,6,7,11.575,6.875,-10.4,0.281,0.281,0.22,0.0,1.5,0.95
1788457557.472,driving,11.405,6.668,76.6,2,6,7,11.575,6.875,-10.8,0.268,0.268,0.22,0.0,1.5,0.93
1788457557.527,driving,11.407,6.675,76.6,2,6,7,11.575,6.875,-11.2,0.261,0.261,0.22,0.0,1.5,0.93
1788457557.58,driving,11.411,6.69,76.6,2,6,7,11.575,6.875,-11.6,0.248,0.248,0.22,0.0,1.5,0.92
1788457557.632,driving,11.412,6.697,76.6,2,6,7,11.575,6.875,-12.1,0.241,0.241,0.22,0.0,1.5,0.92
1788457557.686,driving,11.416,6.711,76.6,2,6,7,11.575,6.875,-12.5,0.228,0.228,0.22,0.0,1.5,0.9
1788457557.737,driving,11.418,6.719,76.6,3,6,7,11.575,6.875,-13.0,0.222,0.222,0.22,0.0,1.5,0.9
1788457557.79,driving,11.416,6.734,76.5,3,6,7,11.575,6.875,-13.4,0.212,0.212,0.22,0.0,1.5,0.88
1788457557.845,driving,11.414,6.743,76.4,3,6,7,11.575,6.875,-13.9,0.209,0.209,0.22,0.0,1.5,0.88
1788457557.906,driving,11.415,6.758,76.4,3,6,7,11.575,6.875,-14.5,0.198,0.198,0.22,0.0,1.5,0.86
1788457557.967,driving,11.417,6.765,76.4,3,6,7,11.575,6.875,-15.2,0.193,0.193,0.22,0.0,1.5,0.86
1788457558.029,driving,11.419,6.772,76.4,3,6,7,11.575,6.875,-15.9,0.187,0.187,0.22,0.0,1.5,0.84
1788457558.084,turning,11.422,6.787,76.4,0,3,4,11.575,6.875,-16.6,0.177,0.177,0.0,-2.4,1.5,0.84
1788457558.142,turning,11.424,6.794,76.4,0,3,4,11.575,6.875,-17.4,0.171,0.171,0.0,-2.4,1.5,0.82
1788457558.195,turning,11.424,6.796,74.9,0,3,4,11.575,6.875,-16.7,0.17,0.17,0.0,-2.4,1.5,0.82
1788457558.254,turning,11.424,6.796,74.0,0,3,4,11.575,6.875,-16.6,0.17,0.17,0.0,-2.4,1.5,0.82
1788457558.309,turning,11.424,6.796,72.3,0,3,4,11.575,6.875,-15.6,0.17,0.17,0.0,-2.4,1.5,0.82
1788457558.364,turning,11.426,6.797,71.3,0,3,4,11.575,6.875,-15.3,0.168,0.168,0.0,-2.4,1.5,0.82
1788457558.425,turning,11.432,6.801,69.2,0,3,4,11.575,6.875,-13.9,0.161,0.161,0.0,-2.4,1.5,0.82
1788457558.478,turning,11.433,6.802,68.2,0,3,4,11.575,6.875,-13.7,0.16,0.16,0.0,-2.4,1.5,0.81
1788457558.53,turning,11.433,6.802,66.5,0,3,4,11.575,6.875,-12.6,0.16,0.16,0.0,-2.4,1.5,0.81
1788457558.583,turning,11.433,6.802,65.7,0,3,4,11.575,6.875,-12.4,0.16,0.16,0.0,-2.4,1.5,0.81
1788457558.642,driving,11.433,6.802,63.9,0,3,4,11.575,6.875,-11.3,0.16,0.16,0.22,0.0,1.5,0.81
1788457558.704,driving,11.433,6.802,63.1,0,3,4,11.575,6.875,-11.1,0.16,0.16,0.22,0.0,1.5,0.81
1788457558.761,driving,11.434,6.804,62.9,0,3,4,11.575,6.875,-11.5,0.158,0.158,0.22,0.0,1.5,0.81
1788457558.825,driving,11.436,6.808,62.9,0,3,4,11.575,6.875,-12.1,0.154,0.154,0.22,0.0,1.5,0.81
1788457560.372,turning,11.462,6.895,63.8,0,30,140,10.096,6.186,143.7,1.539,5.953,0.0,4.5,1.5,0.73
1788457560.428,turning,11.462,6.895,63.8,0,30,140,10.096,6.186,143.7,1.539,5.953,0.0,4.5,1.5,0.73
1788457560.48,turning,11.462,6.895,69.9,0,30,140,10.096,6.186,137.5,1.539,5.953,0.0,4.5,1.5,0.73
1788457560.535,turning,11.462,6.895,73.2,0,30,140,10.096,6.186,134.2,1.539,5.953,0.0,4.5,1.5,0.73
1788457560.587,turning,11.462,6.895,79.8,0,30,140,10.096,6.186,127.7,1.539,5.953,0.0,4.5,1.5,0.73
1788457560.64,turning,11.462,6.895,83.0,0,30,140,10.096,6.186,124.4,1.539,5.953,0.0,4.5,1.5,0.74
1788457560.696,turning,11.462,6.895,89.6,0,30,140,10.096,6.186,117.9,1.539,5.953,0.0,4.5,1.5,0.74
1788457560.751,turning,11.462,6.895,92.8,0,30,140,10.096,6.186,114.6,1.539,5.953,0.0,4.5,1.5,2.08
1788457560.802,turning,11.462,6.895,96.1,0,30,140,10.096,6.186,111.3,1.539,5.953,0.0,4.5,1.5,2.08
1788457560.855,turning,11.462,6.895,102.7,0,30,140,10.096,6.186,104.8,1.539,5.953,0.0,4.5,1.5,2.08
1788457560.909,turning,11.462,6.895,105.9,0,30,140,10.096,6.186,101.5,1.539,5.953,0.0,4.5,1.5,2.08
1788457560.967,turning,11.457,6.89,112.6,0,30,140,10.096,6.186,94.9,1.532,5.948,0.0,4.5,1.5,2.09
1788457561.026,turning,11.452,6.886,116.0,0,30,140,10.096,6.186,91.5,1.526,5.944,0.0,4.5,1.5,2.09
1788457561.086,turning,11.444,6.887,123.0,0,30,140,10.096,6.186,84.4,1.52,5.936,0.0,4.421,1.5,2.09
1788457561.145,turning,11.441,6.892,126.7,0,30,140,10.096,6.186,80.8,1.519,5.932,0.0,4.23,1.5,2.09
1788457561.202,turning,11.436,6.892,133.2,1,31,140,10.051,6.163,74.3,1.565,5.928,0.0,3.888,1.5,2.1
1788457561.254,turning,11.435,6.888,136.2,1,31,140,10.051,6.163,71.3,1.562,5.927,0.0,3.732,1.5,2.1
1788457561.307,turning,11.432,6.89,141.3,1,31,140,10.051,6.163,66.2,1.561,5.924,0.0,3.464,1.5,2.13
1788457561.358,turning,11.431,6.893,143.7,1,31,140,10.051,6.163,63.8,1.561,5.922,0.0,3.336,1.5,2.13
1788457561.412,turning,11.431,6.9,147.6,0,30,140,10.046,6.186,59.9,1.558,5.921,0.0,3.135,1.5,2.18
1788457561.464,turning,11.432,6.902,149.3,0,30,140,10.046,6.186,58.2,1.56,5.922,0.0,3.046,1.5,2.18
1788457561.519,turning,11.434,6.901,152.4,0,30,140,10.046,6.186,55.0,1.561,5.924,0.0,2.881,1.5,2.26
1788457561.571,turning,11.435,6.899,154.0,0,30,140,10.046,6.186,53.5,1.561,5.925,0.0,2.8,1.5,2.26
1788457561.626,turning,11.44,6.901,156.4,0,30,140,10.046,6.186,51.0,1.567,5.93,0.0,2.672,1.5,2.34
1788457561.68,turning,11.444,6.903,157.5,0,30,140,10.046,6.186,50.0,1.571,5.933,0.0,2.616,1.5,2.34
1788457561.73,turning,11.446,6.904,158.5,0,30,140,10.046,6.186,48.9,1.573,5.935,0.0,2.561,1.5,2.43
1788457561.788,turning,11.448,6.9,160.6,0,30,140,10.046,6.186,46.8,1.573,5.938,0.0,2.451,1.5,2.43
1788457561.855,turning,11.45,6.898,161.7,0,30,140,10.046,6.186,45.7,1.574,5.94,0.0,2.4,1.5,2.52
1788457561.917,turning,11.456,6.891,163.7,0,30,140,10.046,6.186,43.7,1.577,5.947,0.0,2.4,1.5,2.52
1788457561.974,turning,11.458,6.89,164.5,0,30,140,10.046,6.186,42.8,1.578,5.949,0.0,2.4,1.5,2.6
1788457562.028,turning,11.458,6.89,166.2,0,30,140,10.046,6.186,41.2,1.578,5.949,0.0,2.4,1.5,2.6
1788457562.079,turning,11.458,6.888,167.1,0,30,140,10.046,6.186,40.3,1.577,5.95,0.0,2.4,1.5,2.69
1788457562.132,turning,11.459,6.883,169.0,0,30,140,10.046,6.186,38.3,1.576,5.951,0.0,2.4,1.5,2.69
1788457562.185,turning,11.459,6.883,169.8,0,30,140,10.046,6.186,37.4,1.576,5.952,0.0,2.4,1.5,2.79
1788457562.242,turning,11.459,6.883,171.5,0,30,140,10.046,6.186,35.8,1.576,5.952,0.0,2.4,1.5,2.79
1788457562.295,turning,11.459,6.885,172.2,0,30,140,10.046,6.186,35.0,1.576,5.951,0.0,2.4,1.5,2.9
1788457562.35,turning,11.457,6.892,173.7,0,30,140,10.046,6.186,33.5,1.578,5.948,0.0,2.4,1.5,2.9
1788457562.41,turning,11.457,6.893,174.5,0,30,139,10.096,6.186,32.8,1.533,5.948,0.0,2.4,1.5,2.98
1788457562.46,turning,11.457,6.893,176.1,0,30,139,10.096,6.186,31.1,1.533,5.948,0.0,2.4,1.5,2.98
1788457562.517,turning,11.457,6.893,176.9,0,30,139,10.096,6.186,30.3,1.533,5.948,0.0,2.4,1.5,2.98
1788457562.572,turning,11.457,6.893,178.6,0,30,139,10.096,6.186,28.7,1.533,5.948,0.0,2.4,1.5,2.98
1788457562.632,turning,11.454,6.893,179.2,0,30,139,10.096,6.186,28.1,1.531,5.945,0.0,2.4,1.5,2.98
1788457562.694,turning,11.45,6.893,179.8,0,30,139,10.096,6.186,27.4,1.528,5.941,0.0,2.4,1.5,2.98
1788457562.752,turning,11.447,6.893,-178.8,0,30,139,10.096,6.186,26.0,1.525,5.938,0.0,2.4,1.5,2.98
1788457562.805,turning,11.447,6.893,-177.9,0,30,139,10.096,6.186,25.2,1.525,5.938,0.0,2.4,1.5,2.98
1788457562.858,turning,11.447,6.893,-176.3,0,30,139,10.096,6.186,23.6,1.525,5.938,0.0,2.4,1.5,2.98
1788457562.913,turning,11.447,6.893,-175.5,0,30,139,10.096,6.186,22.8,1.525,5.938,0.0,2.4,1.5,2.98
1788457562.968,turning,11.446,6.89,-173.6,0,30,139,10.096,6.186,20.9,1.522,5.937,0.0,2.4,1.5,2.64
1788457563.02,turning,11.444,6.887,-172.5,0,30,139,10.096,6.186,19.8,1.52,5.936,0.0,2.4,1.5,2.64
1788457563.075,turning,11.443,6.885,-170.7,0,30,139,10.096,6.186,18.0,1.518,5.935,0.0,2.4,1.5,2.53
1788457563.127,turning,11.443,6.885,-169.9,0,30,139,10.096,6.186,17.2,1.518,5.935,0.0,2.4,1.5,2.53
1788457563.18,turning,11.443,6.885,-168.2,0,30,139,10.096,6.186,15.6,1.518,5.935,0.0,2.4,1.5,2.43
1788457563.235,turning,11.443,6.885,-167.4,0,30,139,10.096,6.186,14.7,1.518,5.935,0.0,2.4,1.5,2.43
1788457563.293,turning,11.447,6.881,-165.9,0,30,139,10.096,6.186,13.2,1.519,5.939,0.0,2.4,1.5,2.34
1788457563.354,turning,11.449,6.878,-165.2,0,30,139,10.096,6.186,12.5,1.52,5.942,0.0,2.4,1.5,2.34
1788457563.418,turning,11.451,6.876,-163.6,0,30,139,10.096,6.186,10.9,1.521,5.944,0.0,2.4,1.5,2.26
1788457563.48,turning,11.451,6.876,-162.8,0,30,140,10.096,6.186,10.1,1.521,5.944,0.0,2.4,1.5,2.26
1788457563.536,turning,11.451,6.876,-161.2,0,30,140,10.096,6.186,8.4,1.521,5.944,0.0,2.4,1.5,2.19
1788457563.592,turning,11.451,6.876,-160.3,0,30,140,10.096,6.186,7.6,1.521,5.944,0.0,2.4,1.5,2.19
1788457563.645,turning,11.451,6.877,-159.5,0,30,140,10.096,6.186,6.8,1.521,5.945,0.0,2.4,1.5,2.13
1788457563.701,driving,11.453,6.881,-157.7,0,30,140,10.096,6.186,4.9,1.524,5.945,0.3,0.0,1.5,2.13
1788457563.756,driving,11.453,6.882,-156.8,0,30,140,10.096,6.186,4.1,1.525,5.945,0.3,0.0,1.5,2.08
1788457563.806,driving,11.45,6.88,-156.7,0,30,140,10.096,6.186,4.0,1.522,5.943,0.3,0.0,1.5,2.08
1788457563.859,driving,11.446,6.879,-156.7,0,30,140,10.096,6.186,4.0,1.518,5.939,0.3,0.0,1.5,2.06
1788457563.912,driving,11.434,6.873,-156.7,1,31,140,10.051,6.163,4.0,1.554,5.928,0.3,0.0,1.5,2.06
1788457563.966,driving,11.429,6.865,-156.8,1,31,140,10.051,6.163,4.1,1.546,5.925,0.3,0.0,1.5,2.05
1788457564.02,driving,11.424,6.842,-157.1,1,31,140,10.051,6.163,4.4,1.531,5.923,0.3,0.0,1.5,2.05
1788457564.073,driving,11.417,6.836,-157.2,1,31,140,10.051,6.163,4.4,1.522,5.917,0.3,0.0,1.5,2.04
1788457564.131,driving,11.398,6.828,-157.2,2,32,140,10.007,6.141,4.4,1.551,5.899,0.3,0.0,1.5,2.04
1788457564.19,driving,11.388,6.824,-157.2,2,32,140,10.007,6.141,4.3,1.541,5.891,0.3,0.0,1.5,2.02
1788457564.25,driving,11.37,6.816,-157.2,2,32,140,10.007,6.141,4.3,1.521,5.873,0.3,0.0,1.5,2.02
1788457564.309,driving,11.36,6.812,-157.2,3,33,140,9.962,6.118,4.3,1.561,5.865,0.3,0.0,1.5,2.01
1788457564.362,driving,11.341,6.804,-157.2,3,33,140,9.962,6.118,4.3,1.54,5.848,0.3,0.0,1.5,2.01
1788457564.416,driving,11.332,6.8,-157.2,3,33,140,9.962,6.118,4.3,1.53,5.839,0.3,0.0,1.5,2.0
1788457564.469,driving,11.313,6.792,-157.2,0,30,137,9.946,6.086,4.3,1.539,5.822,0.3,0.0,1.5,2.0
1788457564.524,driving,11.304,6.788,-157.2,0,30,137,9.946,6.086,4.3,1.529,5.813,0.3,0.0,1.5,1.98
1788457564.576,driving,11.294,6.784,-157.2,0,30,137,9.946,6.086,4.3,1.518,5.805,0.3,0.0,1.5,1.98
1788457564.629,driving,11.276,6.776,-157.2,1,31,137,9.901,6.063,4.3,1.548,5.787,0.3,0.0,1.5,1.97
1788457564.684,driving,11.266,6.772,-157.2,1,31,137,9.901,6.063,4.3,1.538,5.779,0.3,0.0,1.5,1.97
1788457564.735,driving,11.245,6.759,-157.1,2,32,137,9.857,6.041,4.3,1.563,5.76,0.3,0.0,1.5,1.96
1788457564.789,driving,11.233,6.749,-157.1,2,32,137,9.857,6.041,4.2,1.548,5.75,0.3,0.0,1.5,1.96
1788457564.843,driving,11.212,6.737,-157.0,2,32,137,9.857,6.041,4.2,1.523,5.732,0.3,0.0,1.5,1.94
1788457564.902,driving,11.202,6.733,-157.0,3,33,137,9.812,6.018,4.2,1.563,5.723,0.3,0.0,1.5,1.94
1788457564.962,driving,11.184,6.725,-157.0,3,33,137,9.812,6.018,4.2,1.543,5.706,0.3,0.0,1.5,1.93
1788457565.02,driving,11.174,6.721,-157.0,3,33,137,9.812,6.018,4.2,1.533,5.698,0.3,0.0,1.5,1.93
1788457565.078,driving,11.155,6.713,-157.0,4,34,137,9.725,5.975,4.2,1.61,5.681,0.3,0.0,1.5,1.92
1788457565.132,driving,11.146,6.709,-157.0,4,34,137,9.725,5.975,4.2,1.599,5.672,0.3,0.0,1.5,1.92
1788457565.186,driving,11.116,6.691,-157.0,4,34,137,9.725,5.975,4.2,1.565,5.646,0.3,0.0,1.5,1.9
1788457565.238,driving,11.099,6.68,-157.0,5,34,137,9.725,5.975,4.2,1.544,5.631,0.3,0.0,1.5,1.9
1788457565.293,driving,11.074,6.667,-157.0,5,34,137,9.725,5.975,4.2,1.516,5.61,0.3,0.0,1.5,1.89
1788457565.346,driving,11.065,6.663,-157.0,6,35,137,9.675,5.925,4.2,1.574,5.602,0.3,0.0,1.5,1.89
1788457565.401,driving,11.046,6.655,-157.0,6,35,137,9.675,5.925,4.2,1.553,5.585,0.3,0.0,1.5,1.88
1788457565.453,driving,11.037,6.651,-157.0,6,35,137,9.675,5.925,4.2,1.543,5.576,0.3,0.0,1.5,1.88
1788457565.508,driving,11.027,6.647,-157.0,0,30,135,9.646,5.936,4.2,1.554,5.568,0.3,0.0,1.5,1.86
1788457565.561,driving,11.009,6.639,-157.0,0,30,135,9.646,5.936,4.2,1.533,5.551,0.3,0.0,1.5,1.86
1788457565.616,driving,11.0,6.631,-157.0,0,30,135,9.646,5.936,4.2,1.522,5.545,0.3,0.0,1.5,1.85
1788457565.672,driving,10.986,6.607,-156.7,1,31,135,9.601,5.913,3.9,1.549,5.535,0.3,0.0,1.5,1.85
1788457565.733,driving,10.977,6.6,-156.7,1,31,135,9.601,5.913,3.9,1.538,5.529,0.3,0.0,1.5,1.84
1788457565.79,driving,10.959,6.592,-156.7,1,31,135,9.601,5.913,3.9,1.518,5.512,0.3,0.0,1.5,1.84
1788457565.848,driving,10.949,6.588,-156.7,2,32,135,9.557,5.891,3.8,1.557,5.504,0.3,0.0,1.5,1.83
1788457565.904,driving,10.931,6.58,-156.7,2,32,135,9.557,5.891,3.8,1.537,5.487,0.3,0.0,1.5,1.83
1788457565.957,driving,10.921,6.576,-156.7,2,32,135,9.557,5.891,3.8,1.527,5.479,0.3,0.0,1.5,1.81
1788457566.01,driving,10.902,6.568,-156.7,3,33,135,9.512,5.868,3.8,1.556,5.462,0.3,0.0,1.5,1.81
1788457566.063,driving,10.895,6.561,-156.9,3,33,135,9.512,5.868,4.0,1.546,5.456,0.3,0.0,1.5,1.8
1788457566.116,driving,10.879,6.547,-157.4,3,33,135,9.512,5.868,4.5,1.526,5.444,0.3,0.0,1.5,1.8
1788457566.17,driving,10.87,6.542,-157.5,4,34,135,9.425,5.825,4.5,1.613,5.436,0.3,0.0,1.5,1.79
1788457566.221,driving,10.851,6.534,-157.5,4,34,135,9.425,5.825,4.5,1.593,5.42,0.3,0.0,1.5,1.79
1788457566.273,driving,10.842,6.53,-157.5,4,34,135,9.425,5.825,4.5,1.582,5.412,0.3,0.0,1.5,1.77
1788457566.328,driving,10.823,6.522,-157.5,5,34,135,9.425,5.825,4.5,1.562,5.395,0.3,0.0,1.5,1.77
1788457566.385,driving,10.813,6.519,-157.5,5,34,135,9.425,5.825,4.5,1.552,5.387,0.3,0.0,1.5,1.76
1788457566.441,driving,10.804,6.515,-157.5,5,34,135,9.425,5.825,4.5,1.542,5.379,0.3,0.0,1.5,1.76
1788457566.498,driving,10.787,6.507,-157.7,5,34,135,9.425,5.825,4.6,1.523,5.364,0.3,0.0,1.5,1.75
1788457566.557,driving,10.779,6.503,-157.8,0,29,130,9.425,5.775,4.9,1.537,5.357,0.3,0.0,1.5,1.75
1788457566.616,driving,10.761,6.496,-158.0,1,29,130,9.425,5.775,5.1,1.518,5.342,0.3,0.0,1.5,1.73
1788457566.669,driving,10.752,6.492,-158.0,1,29,130,9.425,5.775,5.1,1.508,5.334,0.3,0.0,1.5,1.73
1788457566.726,driving,10.733,6.484,-158.0,1,29,130,9.425,5.775,5.1,1.488,5.317,0.3,0.0,1.5,1.72
1788457566.781,driving,10.724,6.48,-158.0,1,29,130,9.425,5.775,5.2,1.478,5.309,0.3,0.0,1.5,1.72
1788457566.834,driving,10.705,6.473,-158.0,2,30,130,9.375,5.725,5.2,1.526,5.292,0.3,0.0,1.5,1.71
1788457566.884,driving,10.695,6.469,-158.0,2,30,130,9.375,5.725,5.3,1.515,5.284,0.3,0.0,1.5,1.71
1788457566.937,driving,10.675,6.452,-158.0,2,30,130,9.375,5.725,5.4,1.49,5.269,0.3,0.0,1.5,1.69
1788457566.989,driving,10.664,6.441,-158.1,3,31,130,9.325,5.675,5.4,1.543,5.261,0.3,0.0,1.5,1.69
1788457567.043,driving,10.644,6.428,-158.1,3,31,130,9.325,5.675,5.5,1.519,5.245,0.3,0.0,1.5,1.68
1788457567.093,driving,10.635,6.425,-158.1,3,31,130,9.325,5.675,5.6,1.509,5.237,0.3,0.0,1.5,1.68
1788457567.151,driving,10.616,6.417,-158.1,4,32,130,9.275,5.625,5.6,1.557,5.221,0.3,0.0,1.5,1.67
1788457567.208,driving,10.607,6.413,-158.1,4,32,130,9.275,5.625,5.7,1.547,5.213,0.3,0.0,1.5,1.67
1788457567.271,driving,10.588,6.406,-158.1,4,32,130,9.275,5.625,5.8,1.527,5.196,0.3,0.0,1.5,1.65
1788457567.332,driving,10.578,6.402,-158.1,5,32,130,9.275,5.625,5.9,1.517,5.188,0.3,0.0,1.5,1.65
1788457567.388,driving,10.57,6.401,-158.2,5,32,130,9.275,5.625,6.1,1.509,5.18,0.3,0.0,1.5,1.64
1788457567.445,driving,10.554,6.405,-158.9,5,32,130,9.275,5.625,6.8,1.498,5.164,0.3,0.0,1.5,1.64
1788457567.5,driving,10.545,6.404,-159.0,5,32,130,9.275,5.625,7.1,1.49,5.156,0.3,0.0,1.5,1.63
1788457567.553,driving,10.526,6.397,-159.0,0,26,123,9.275,5.625,7.2,1.47,5.139,0.3,0.0,1.5,1.63
1788457567.608,driving,10.517,6.393,-159.0,0,26,123,9.275,5.625,7.3,1.46,5.131,0.3,0.0,1.5,1.61
1788457567.661,driving,10.498,6.386,-159.0,1,27,123,9.225,5.575,7.4,1.509,5.115,0.3,0.0,1.5,1.61
1788457567.713,driving,10.488,6.382,-159.0,1,27,123,9.225,5.575,7.5,1.499,5.107,0.3,0.0,1.5,1.6
1788457567.767,driving,10.469,6.375,-159.0,1,27,123,9.225,5.575,7.6,1.479,5.09,0.3,0.0,1.5,1.6
1788457567.824,driving,10.458,6.369,-159.1,2,28,123,9.175,5.525,7.7,1.536,5.082,0.3,0.0,1.5,1.59
1788457567.876,driving,10.435,6.354,-159.2,2,28,123,9.175,5.525,8.0,1.509,5.064,0.3,0.0,1.5,1.59
1788457567.93,driving,10.425,6.349,-159.2,2,28,123,9.175,5.525,8.1,1.498,5.056,0.3,0.0,1.5,1.57
1788457567.983,driving,10.406,6.342,-159.2,3,29,123,9.125,5.475,8.2,1.547,5.039,0.3,0.0,1.5,1.57
1788457568.043,driving,10.397,6.338,-159.2,3,29,123,9.125,5.475,8.4,1.537,5.031,0.3,0.0,1.5,1.56
1788457568.103,driving,10.378,6.331,-159.2,3,29,123,9.125,5.475,8.5,1.517,5.015,0.3,0.0,1.5,1.56
1788457568.163,driving,10.368,6.328,-159.2,4,29,123,9.125,5.475,8.6,1.507,5.007,0.3,0.0,1.5,1.55
1788457568.219,driving,10.349,6.32,-159.2,4,29,123,9.125,5.475,8.8,1.488,4.991,0.3,0.0,1.5,1.55
1788457568.272,driving,10.339,6.312,-159.2,4,29,123,9.125,5.475,8.8,1.475,4.984,0.3,0.0,1.5,1.53
1788457568.325,driving,10.329,6.303,-159.1,5,30,123,9.103,5.43,8.9,1.505,4.977,0.3,0.0,1.5,1.53
1788457568.379,driving,10.309,6.291,-159.0,5,30,123,9.103,5.43,9.0,1.482,4.962,0.3,0.0,1.5,1.52
1788457568.431,driving,10.3,6.287,-159.0,5,30,123,9.103,5.43,9.1,1.472,4.954,0.3,0.0,1.5,1.52
1788457568.483,driving,10.281,6.28,-159.0,6,31,123,9.075,5.375,9.3,1.507,4.938,0.3,0.0,1.5,1.51
1788457568.533,driving,10.271,6.276,-159.0,6,31,123,9.075,5.375,9.4,1.498,4.93,0.3,0.0,1.5,1.51
1788457568.587,driving,10.252,6.269,-159.0,0,28,118,9.075,5.375,9.6,1.478,4.914,0.3,0.0,1.5,1.49
1788457568.64,driving,10.243,6.265,-159.0,1,29,118,9.053,5.33,9.8,1.513,4.906,0.3,0.0,1.5,1.49
1788457568.694,driving,10.223,6.249,-158.5,1,29,118,9.053,5.33,9.4,1.488,4.892,0.3,0.0,1.5,1.48
1788457568.751,driving,10.212,6.238,-158.0,1,29,118,9.053,5.33,9.1,1.472,4.885,0.3,0.0,1.5,1.48
1788457568.813,driving,10.191,6.224,-157.7,2,30,118,9.025,5.275,9.0,1.504,4.87,0.3,0.0,1.5,1.47
1788457568.869,driving,10.182,6.22,-157.7,2,30,118,9.025,5.275,9.2,1.494,4.862,0.3,0.0,1.5,1.47
1788457568.93,driving,10.163,6.213,-157.7,3,31,118,8.975,5.225,9.4,1.545,4.847,0.3,0.0,1.5,1.45
1788457568.986,driving,10.154,6.209,-157.7,3,31,118,8.975,5.225,9.6,1.535,4.839,0.3,0.0,1.5,1.45
1788457569.041,driving,10.135,6.201,-157.7,3,31,118,8.975,5.225,9.8,1.516,4.824,0.3,0.0,1.5,1.44
1788457569.092,driving,10.125,6.197,-157.7,3,31,118,8.975,5.225,10.0,1.506,4.816,0.3,0.0,1.5,1.44
1788457569.145,driving,10.101,6.187,-157.6,4,31,118,8.975,5.225,10.1,1.481,4.796,0.3,0.0,1.5,1.69
1788457569.197,driving,10.087,6.182,-157.5,4,31,118,8.975,5.225,10.3,1.467,4.785,0.3,0.0,1.5,1.69
1788457569.251,driving,10.076,6.177,-157.5,4,31,118,8.975,5.225,10.4,1.455,4.776,0.3,0.0,1.5,1.66
1788457569.304,driving,10.057,6.17,-157.5,5,32,118,8.925,5.175,10.6,1.507,4.761,0.3,0.0,1.5,1.66
1788457569.359,driving,10.047,6.166,-157.5,5,32,118,8.925,5.175,10.8,1.497,4.753,0.3,0.0,1.5,1.63
1788457569.411,driving,10.028,6.158,-157.5,5,32,118,8.925,5.175,11.1,1.478,4.738,0.3,0.0,1.5,1.63
1788457569.463,driving,10.019,6.154,-157.5,6,33,118,8.903,5.13,11.3,1.515,4.73,0.3,0.0,1.5,1.6
1788457569.519,driving,10.0,6.146,-157.5,6,33,118,8.903,5.13,11.5,1.496,4.715,0.3,0.0,1.5,1.6
1788457569.577,driving,9.993,6.144,-157.5,6,33,118,8.903,5.13,11.7,1.489,4.71,0.3,0.0,1.5,1.58
1788457569.634,driving,9.983,6.141,-157.4,0,25,111,8.903,5.08,11.9,1.514,4.701,0.3,0.0,1.5,1.58
1788457569.693,driving,9.975,6.138,-157.4,0,25,111,8.903,5.08,12.1,1.506,4.694,0.3,0.0,1.5,1.55
1788457569.749,driving,9.956,6.13,-157.4,0,25,111,8.903,5.08,12.3,1.487,4.679,0.3,0.0,1.5,1.55
1788457569.803,driving,9.946,6.126,-157.4,1,26,111,8.875,5.025,12.6,1.536,4.672,0.3,0.0,1.5,1.52
1788457569.854,driving,9.927,6.118,-157.4,1,26,111,8.875,5.025,12.9,1.517,4.657,0.3,0.0,1.5,1.52
1788457569.907,driving,9.918,6.114,-157.4,1,26,111,8.875,5.025,13.1,1.508,4.65,0.3,0.0,1.5,1.49
1788457569.958,driving,9.899,6.106,-157.4,2,26,111,8.875,5.025,13.4,1.489,4.635,0.3,0.0,1.5,1.49
1788457570.015,driving,9.884,6.101,-157.4,2,26,111,8.875,5.025,13.7,1.475,4.623,0.3,0.0,1.5,1.47
1788457570.066,driving,9.853,6.09,-157.4,3,27,111,8.825,4.975,13.9,1.516,4.598,0.3,0.0,1.5,1.47
1788457570.12,driving,9.843,6.086,-157.4,3,27,111,8.825,4.975,14.2,1.507,4.59,0.3,0.0,1.5,1.44
1788457570.173,driving,9.834,6.082,-157.4,3,27,111,8.825,4.975,14.5,1.497,4.583,0.3,0.0,1.5,1.44
1788457570.226,driving,9.815,6.074,-157.4,3,27,111,8.825,4.975,14.7,1.479,4.568,0.3,0.0,1.5,1.41
1788457570.28,driving,9.805,6.07,-157.4,4,28,111,8.775,4.925,15.0,1.54,4.561,0.3,0.0,1.5,1.41
1788457570.338,driving,9.787,6.062,-157.4,4,28,111,8.775,4.925,15.3,1.522,4.547,0.3,0.0,1.5,1.38
1788457570.395,driving,9.777,6.058,-157.4,4,28,111,8.775,4.925,15.5,1.513,4.539,0.3,0.0,1.5,1.38
1788457570.458,driving,9.758,6.054,-157.4,5,29,111,8.73,4.903,15.8,1.543,4.523,0.3,0.0,1.5,1.36
1788457570.517,turning,9.748,6.053,-157.4,5,29,111,8.73,4.903,16.0,1.536,4.514,0.0,2.4,1.5,1.36
1788457570.572,turning,9.737,6.052,-156.6,5,29,111,8.73,4.903,15.5,1.528,4.504,0.0,2.4,1.5,1.33
1788457570.628,turning,9.737,6.052,-155.8,0,24,108,8.775,4.925,15.0,1.481,4.504,0.0,2.4,1.5,1.33
1788457570.684,turning,9.737,6.052,-154.2,0,24,108,8.775,4.925,13.6,1.481,4.504,0.0,2.4,1.5,1.32
1788457570.736,turning,9.737,6.052,-153.4,0,24,108,8.775,4.925,13.0,1.481,4.504,0.0,2.4,1.5,1.32
1788457570.791,turning,9.737,6.052,-151.7,0,24,108,8.775,4.925,11.6,1.481,4.504,0.0,2.4,1.5,1.32
1788457570.842,turning,9.737,6.052,-150.9,0,24,108,8.775,4.925,11.1,1.481,4.504,0.0,2.4,1.5,1.32
1788457570.895,turning,9.74,6.048,-149.2,0,24,108,8.775,4.925,9.6,1.481,4.508,0.0,2.4,1.5,1.32
1788457570.947,turning,9.742,6.046,-148.3,0,24,108,8.775,4.925,8.9,1.48,4.511,0.0,2.4,1.5,1.32
1788457571.001,driving,9.743,6.044,-146.6,0,24,108,8.775,4.925,7.4,1.48,4.513,0.3,0.0,1.5,1.32
1788457571.053,driving,9.743,6.044,-145.8,0,24,108,8.775,4.925,6.8,1.48,4.513,0.3,0.0,1.5,1.32
1788457571.113,driving,9.743,6.044,-145.6,0,24,108,8.775,4.925,6.8,1.479,4.513,0.3,0.0,1.5,1.33
1788457571.172,driving,9.738,6.04,-145.6,0,24,108,8.775,4.925,7.0,1.473,4.51,0.3,0.0,1.5,1.33
1788457571.234,driving,9.733,6.037,-145.6,1,25,108,8.73,4.903,7.2,1.514,4.506,0.3,0.0,1.5,1.32
1788457571.295,driving,9.719,6.028,-145.6,1,25,108,8.73,4.903,7.3,1.498,4.498,0.3,0.0,1.5,1.32
1788457571.35,driving,9.712,6.022,-145.6,1,25,108,8.73,4.903,7.5,1.489,4.493,0.3,0.0,1.5,1.3
1788457571.407,driving,9.697,6.012,-145.6,1,25,108,8.73,4.903,7.7,1.471,4.483,0.3,0.0,1.5,1.3
1788457571.459,driving,9.689,6.006,-145.6,2,26,108,8.686,4.88,7.9,1.508,4.478,0.3,0.0,1.5,1.27
1788457571.512,driving,9.672,5.995,-145.6,2,26,108,8.686,4.88,8.0,1.488,4.467,0.3,0.0,1.5,1.27
1788457571.564,driving,9.664,5.989,-145.6,2,26,108,8.686,4.88,8.2,1.478,4.462,0.3,0.0,1.5,1.25
1788457571.616,driving,9.647,5.977,-145.6,2,26,108,8.686,4.88,8.3,1.459,4.451,0.3,0.0,1.5,1.25
1788457571.669,driving,9.638,5.972,-145.6,0,24,104,8.641,4.858,8.5,1.495,4.446,0.3,0.0,1.5,1.22
1788457571.724,driving,9.622,5.96,-145.6,0,24,104,8.641,4.858,8.6,1.475,4.435,0.3,0.0,1.5,1.22
1788457571.779,driving,9.613,5.954,-145.6,0,24,104,8.641,4.858,8.7,1.465,4.43,0.3,0.0,1.5,1.2
1788457571.835,driving,9.596,5.943,-145.6,1,25,104,8.575,4.825,8.9,1.514,4.419,0.3,0.0,1.5,1.2
1788457571.893,driving,9.588,5.937,-145.6,1,25,104,8.575,4.825,9.0,1.504,4.414,0.298,0.0,1.5,1.17
1788457571.952,driving,9.571,5.926,-145.6,1,25,104,8.575,4.825,9.1,1.484,4.403,0.298,0.0,1.5,1.17
1788457572.016,driving,9.563,5.92,-145.6,1,25,104,8.575,4.825,9.2,1.475,4.398,0.295,0.0,1.5,1.15
1788457572.072,driving,9.555,5.914,-145.6,1,25,104,8.575,4.825,9.3,1.465,4.393,0.295,0.0,1.5,1.15
1788457572.129,driving,9.538,5.903,-145.6,2,27,104,8.475,4.825,9.3,1.514,4.383,0.293,0.0,1.5,1.12
1788457572.181,driving,9.53,5.897,-145.6,2,27,104,8.475,4.825,9.4,1.504,4.378,0.293,0.0,1.5,1.12
1788457572.238,driving,9.514,5.886,-145.9,2,27,104,8.475,4.825,9.7,1.485,4.368,0.291,0.0,1.5,1.1
1788457572.289,driving,9.506,5.88,-146.1,2,27,104,8.475,4.825,9.9,1.475,4.364,0.291,0.0,1.5,1.1
1788457572.344,driving,9.49,5.869,-146.3,2,27,104,8.475,4.825,10.2,1.456,4.354,0.288,0.0,1.5,1.08
1788457572.399,driving,9.482,5.863,-146.3,3,28,104,8.425,4.825,10.2,1.481,4.349,0.288,0.0,1.5,1.08
1788457572.452,driving,9.465,5.852,-146.3,3,28,104,8.425,4.825,10.2,1.462,4.339,0.286,0.0,1.5,1.05
1788457572.505,driving,9.457,5.847,-146.3,3,28,104,8.425,4.825,10.2,1.452,4.335,0.286,0.0,1.5,1.05
1788457572.561,driving,9.441,5.836,-146.3,3,28,104,8.425,4.825,10.3,1.433,4.325,0.284,0.0,1.5,1.03
1788457572.617,driving,9.433,5.831,-146.3,3,28,104,8.425,4.825,10.3,1.424,4.32,0.284,0.0,1.5,1.03
1788457572.68,driving,9.417,5.82,-146.3,0,12,102,9.053,5.33,10.9,0.61,4.311,0.282,0.0,0.6,1.0
1788457572.744,driving,9.409,5.815,-146.3,0,12,102,9.053,5.33,11.4,0.601,4.306,0.282,0.0,0.6,1.0
1788457572.807,driving,9.392,5.803,-146.5,1,13,102,9.03,5.286,12.2,0.631,4.297,0.279,0.0,0.6,0.98
1788457572.863,driving,9.384,5.796,-146.7,1,13,102,9.03,5.286,13.0,0.621,4.292,0.279,0.0,0.6,0.98
1788457572.919,driving,9.367,5.785,-146.8,1,13,102,9.03,5.286,13.7,0.603,4.283,0.277,0.0,0.6,0.96
1788457572.969,driving,9.36,5.78,-146.8,1,13,102,9.03,5.286,14.2,0.594,4.278,0.277,0.0,0.6,0.96
1788457573.024,driving,9.352,5.775,-146.8,2,14,102,9.008,5.241,14.8,0.635,4.274,0.275,0.0,0.6,0.93
1788457573.078,driving,9.336,5.764,-146.8,2,14,102,9.008,5.241,15.4,0.618,4.265,0.275,0.0,0.6,0.93
1788457573.131,turning,9.328,5.759,-146.8,2,14,102,9.008,5.241,16.0,0.609,4.26,0.0,2.4,0.6,0.91
1788457573.183,turning,9.318,5.753,-146.2,2,14,102,9.008,5.241,16.0,0.598,4.254,0.0,2.4,0.6,0.91
1788457573.235,turning,9.318,5.753,-145.4,2,14,102,9.008,5.241,15.7,0.598,4.254,0.0,2.4,0.6,0.89
1788457573.288,turning,9.318,5.753,-143.7,2,14,102,9.008,5.241,14.6,0.598,4.254,0.0,2.4,0.6,0.89
1788457573.341,turning,9.318,5.754,-143.0,2,14,102,9.008,5.241,14.3,0.599,4.253,0.0,2.4,0.6,0.89
1788457573.398,turning,9.316,5.757,-141.4,2,14,102,9.008,5.241,13.2,0.601,4.251,0.0,2.4,0.6,0.89
1788457573.46,turning,9.316,5.758,-140.6,2,14,102,9.008,5.241,12.8,0.602,4.25,0.0,2.4,0.6,0.89
1788457573.519,turning,9.316,5.758,-138.9,2,14,102,9.008,5.241,11.6,0.602,4.25,0.0,2.4,0.6,0.89
1788457573.578,turning,9.316,5.758,-138.1,2,14,102,9.008,5.241,11.2,0.602,4.25,0.0,2.4,0.6,0.9
1788457573.635,turning,9.316,5.758,-136.5,2,14,102,9.008,5.241,9.9,0.602,4.25,0.0,2.4,0.6,0.9
1788457573.687,driving,9.316,5.758,-135.7,0,12,101,8.98,5.236,9.3,0.621,4.25,0.272,0.0,0.6,0.9
1788457573.76,driving,9.316,5.757,-134.6,0,12,101,8.98,5.236,8.5,0.62,4.25,0.272,0.0,0.6,0.9
1788457573.818,driving,9.314,5.756,-134.6,0,12,101,8.98,5.236,8.7,0.618,4.25,0.272,0.0,0.6,0.9
1788457573.87,driving,9.307,5.749,-134.6,1,13,101,8.958,5.191,9.0,0.658,4.247,0.272,0.0,0.6,0.9
1788457573.924,driving,9.302,5.744,-134.6,1,13,101,8.958,5.191,9.2,0.651,4.245,0.271,0.0,0.6,0.89
1788457573.975,driving,9.296,5.737,-134.6,1,13,101,8.958,5.191,9.4,0.643,4.242,0.271,0.0,0.6,0.89
1788457574.026,driving,9.277,5.723,-134.7,1,13,101,8.958,5.191,9.7,0.621,4.232,0.269,0.0,0.6,0.88
1788457574.081,driving,9.264,5.716,-134.7,2,14,101,8.925,5.125,10.1,0.681,4.225,0.269,0.0,0.6,0.88
1788457574.137,driving,9.245,5.702,-134.8,2,14,101,8.925,5.125,10.5,0.66,4.215,0.268,0.0,0.6,0.86
1788457574.19,driving,9.239,5.696,-134.8,2,14,101,8.925,5.125,10.8,0.651,4.212,0.268,0.0,0.6,0.86
1788457574.252,driving,9.226,5.683,-134.8,3,14,101,8.925,5.125,11.2,0.634,4.208,0.266,0.0,0.6,0.84
1788457574.313,driving,9.219,5.677,-134.8,3,14,101,8.925,5.125,11.5,0.625,4.205,0.266,0.0,0.6,0.84
1788457574.373,driving,9.207,5.664,-134.8,3,14,101,8.925,5.125,11.9,0.608,4.201,0.264,0.0,0.6,0.82
1788457574.429,driving,9.2,5.657,-134.8,3,14,101,8.925,5.125,12.2,0.599,4.198,0.264,0.0,0.6,0.82
1788457574.483,driving,9.188,5.645,-134.8,4,15,101,8.903,5.08,12.5,0.632,4.194,0.262,0.0,0.6,0.8
1788457574.534,driving,9.181,5.638,-134.8,4,15,101,8.903,5.08,12.9,0.624,4.192,0.262,0.0,0.6,0.8
1788457574.587,driving,9.169,5.626,-134.8,4,15,101,8.903,5.08,13.3,0.607,4.187,0.261,0.0,0.6,0.78
1788457574.639,driving,9.162,5.619,-134.8,4,15,101,8.903,5.08,13.6,0.598,4.185,0.261,0.0,0.6,0.78
1788457574.694,driving,9.15,5.607,-134.8,5,16,101,8.875,5.025,14.0,0.643,4.181,0.259,0.0,0.6,0.76
1788457574.749,driving,9.144,5.6,-134.8,0,12,97,8.875,5.025,14.3,0.635,4.179,0.259,0.0,0.6,0.76
1788457574.8,driving,9.131,5.588,-134.8,1,12,97,8.875,5.025,14.7,0.618,4.175,0.257,0.0,0.6,0.74
1788457574.85,driving,9.125,5.582,-134.8,1,12,97,8.875,5.025,15.0,0.61,4.173,0.257,0.0,0.6,0.74
1788457574.906,driving,9.119,5.575,-134.9,1,12,97,8.875,5.025,15.5,0.602,4.171,0.255,0.0,0.6,0.73
1788457574.96,turning,9.107,5.561,-135.1,1,12,97,8.875,5.025,16.1,0.584,4.169,0.0,2.4,0.6,0.73
1788457575.019,turning,9.101,5.555,-135.2,1,12,97,8.875,5.025,16.5,0.576,4.167,0.0,2.4,0.6,0.71
1788457575.078,turning,9.099,5.553,-133.8,1,12,97,8.875,5.025,15.5,0.573,4.166,0.0,2.4,0.6,0.71
1788457575.138,turning,9.099,5.553,-133.0,1,12,97,8.875,5.025,15.0,0.573,4.166,0.0,2.4,0.6,0.7
1788457575.193,turning,9.099,5.553,-131.4,1,12,97,8.875,5.025,13.7,0.573,4.166,0.0,2.4,0.6,0.7
1788457575.25,turning,9.099,5.553,-130.6,1,12,97,8.875,5.025,13.1,0.573,4.166,0.0,2.4,0.6,0.71
1788457575.3,turning,9.099,5.553,-128.9,1,12,97,8.875,5.025,11.8,0.573,4.166,0.0,2.4,0.6,0.71
1788457575.353,turning,9.099,5.553,-128.1,1,12,97,8.875,5.025,11.2,0.573,4.166,0.0,2.4,0.6,1.94
1788457575.406,turning,9.099,5.553,-126.5,1,12,97,8.875,5.025,9.8,0.573,4.166,0.0,2.4,0.6,1.94
1788457575.458,turning,9.099,5.553,-125.6,1,12,97,8.875,5.025,9.2,0.573,4.166,0.0,2.4,0.6,1.93
1788457575.512,driving,9.099,5.553,-124.0,1,12,97,8.875,5.025,7.8,0.573,4.166,0.3,0.0,0.6,1.93
1788457575.564,driving,9.091,5.548,-123.2,2,13,97,8.825,4.975,7.0,0.632,4.162,0.3,0.0,0.6,1.94
1788457575.615,driving,9.07,5.536,-122.9,2,13,97,8.825,4.975,6.9,0.612,4.151,0.3,0.0,0.6,1.94
1788457575.67,driving,9.067,5.531,-122.9,2,13,97,8.825,4.975,7.1,0.607,4.15,0.3,0.0,0.6,1.93
1788457575.728,driving,9.059,5.52,-122.9,2,13,97,8.825,4.975,7.2,0.593,4.15,0.3,0.0,0.6,1.93
1788457575.788,driving,9.054,5.512,-122.9,0,11,99,8.825,4.975,7.4,0.584,4.15,0.3,0.0,0.6,1.91
1788457575.848,driving,9.049,5.504,-122.9,0,11,99,8.825,4.975,7.6,0.574,4.15,0.3,0.0,0.6,1.91
1788457575.91,driving,9.039,5.483,-122.9,1,12,99,8.775,4.925,7.6,0.617,4.153,0.3,0.0,0.6,1.89
1788457575.965,driving,9.034,5.471,-122.9,1,12,99,8.775,4.925,7.6,0.604,4.156,0.3,0.0,0.6,1.89
1788457576.018,driving,9.024,5.451,-122.9,1,12,99,8.775,4.925,7.6,0.582,4.159,0.3,0.0,0.6,1.87
1788457576.069,driving,9.018,5.442,-122.9,2,13,99,8.73,4.903,7.4,0.612,4.159,0.3,0.0,0.6,1.87
1788457576.126,driving,9.007,5.425,-122.9,3,14,99,8.686,4.88,7.1,0.633,4.16,0.3,0.0,0.6,1.83
1788457576.18,driving,9.002,5.416,-122.9,3,14,99,8.686,4.88,6.8,0.622,4.16,0.3,0.0,0.6,1.83
1788457576.234,driving,8.991,5.399,-122.9,3,14,99,8.686,4.88,6.6,0.602,4.16,0.3,0.0,0.6,1.8
1788457576.287,driving,8.985,5.391,-122.9,3,14,99,8.686,4.88,6.3,0.592,4.161,0.3,0.0,0.6,1.8
1788457576.339,driving,8.974,5.374,-122.9,4,15,99,8.641,4.858,5.9,0.614,4.162,0.3,0.0,0.6,1.78
1788457576.392,driving,8.968,5.365,-122.9,4,15,99,8.641,4.858,5.6,0.604,4.162,0.3,0.0,0.6,1.78
1788457576.445,driving,8.957,5.348,-122.9,4,15,99,8.641,4.858,5.3,0.583,4.163,0.3,0.0,0.6,1.75
1788457576.5,driving,8.952,5.339,-122.9,5,16,99,8.596,4.836,4.8,0.617,4.163,0.3,0.0,0.6,1.75
1788457576.557,driving,8.941,5.322,-122.9,5,16,99,8.596,4.836,4.4,0.596,4.165,0.3,0.0,0.6,1.71
1788457576.617,driving,8.935,5.314,-122.9,5,16,99,8.596,4.836,4.0,0.586,4.165,0.3,0.0,0.6,1.71
1788457576.68,driving,8.932,5.296,-122.8,5,16,99,8.596,4.836,3.3,0.57,4.173,0.3,0.0,0.6,1.69
1788457576.736,driving,8.932,5.288,-122.6,5,16,99,8.596,4.836,2.8,0.563,4.178,0.3,0.0,0.6,1.69
1788457576.79,driving,8.929,5.279,-122.6,0,11,94,8.576,4.814,2.3,0.584,4.181,0.3,0.0,0.6,1.66
1788457576.845,driving,8.918,5.262,-122.6,0,11,94,8.576,4.814,1.8,0.564,4.182,0.3,0.0,0.6,1.66
1788457576.9,driving,8.913,5.253,-122.6,0,11,94,8.576,4.814,1.4,0.554,4.183,0.3,0.0,0.6,1.62
1788457576.953,driving,8.902,5.236,-122.6,1,12,94,8.526,4.808,0.8,0.569,4.185,0.3,0.0,0.6,1.62
1788457577.006,driving,8.896,5.228,-122.6,1,12,94,8.526,4.808,0.2,0.559,4.186,0.3,0.0,0.6,1.6
1788457577.056,driving,8.885,5.21,-122.6,1,12,94,8.526,4.808,-0.3,0.539,4.187,0.3,0.0,0.6,1.6
1788457577.11,driving,8.882,5.205,-122.6,2,13,94,8.476,4.803,-1.0,0.571,4.188,0.3,0.0,0.6,1.57
1788457577.162,driving,8.878,5.198,-122.8,2,13,94,8.476,4.803,-1.6,0.563,4.189,0.3,0.0,0.6,1.57
1788457577.215,driving,8.873,5.191,-122.9,2,13,94,8.476,4.803,-2.2,0.555,4.19,0.3,0.0,0.6,1.54
1788457577.268,driving,8.862,5.174,-122.9,2,13,94,8.476,4.803,-2.9,0.535,4.192,0.3,0.0,0.6,1.54
1788457577.329,driving,8.857,5.165,-122.9,2,13,94,8.476,4.803,-3.5,0.525,4.193,0.3,0.0,0.6,1.52
1788457577.385,driving,8.846,5.148,-122.9,3,14,94,8.427,4.797,-4.4,0.547,4.195,0.3,0.0,0.6,1.52
1788457577.445,driving,8.84,5.14,-122.9,3,14,94,8.427,4.797,-5.2,0.537,4.196,0.3,0.0,0.6,1.48
1788457577.502,driving,8.829,5.122,-122.9,3,14,94,8.427,4.797,-5.9,0.517,4.198,0.3,0.0,0.6,1.48
1788457577.555,driving,8.822,5.117,-122.8,4,15,94,8.377,4.792,-6.9,0.551,4.196,0.3,0.0,0.6,1.46
1788457577.61,driving,8.807,5.108,-122.7,4,15,94,8.377,4.792,-7.8,0.534,4.19,0.3,0.0,0.6,1.46
1788457577.663,driving,8.801,5.1,-122.7,4,15,94,8.377,4.792,-8.6,0.525,4.191,0.3,0.0,0.6,1.42
1788457577.716,driving,8.796,5.091,-122.7,4,15,94,8.377,4.792,-9.4,0.515,4.192,0.3,0.0,0.6,1.42
1788457577.768,driving,8.785,5.074,-122.7,6,17,94,8.277,4.781,-10.5,0.586,4.195,0.3,0.0,0.6,1.4
1788457577.823,driving,8.779,5.066,-122.7,0,11,91,8.376,4.733,-10.9,0.523,4.196,0.3,0.0,0.6,1.4
1788457577.876,driving,8.768,5.048,-122.7,1,12,91,8.326,4.741,-11.6,0.538,4.199,0.3,0.0,0.6,1.37
1788457577.931,driving,8.763,5.04,-122.7,1,12,91,8.326,4.741,-12.3,0.529,4.2,0.3,0.0,0.6,1.37
1788457577.985,driving,8.749,5.02,-122.7,1,12,91,8.326,4.741,-13.1,0.506,4.203,0.3,0.0,0.6,1.34
1788457578.042,driving,8.742,5.009,-122.7,1,12,91,8.326,4.741,-13.8,0.494,4.205,0.3,0.0,0.6,1.34
1788457578.102,driving,8.729,4.989,-122.6,2,13,91,8.277,4.75,-14.8,0.512,4.208,0.3,0.0,0.6,1.31
1788457578.164,driving,8.724,4.981,-122.6,2,13,91,8.277,4.75,-15.7,0.503,4.21,0.3,0.0,0.6,1.31
1788457578.228,turning,8.713,4.964,-122.6,2,13,91,8.277,4.75,-16.6,0.485,4.213,0.0,-2.4,0.6,1.29
1788457578.284,turning,8.707,4.955,-122.6,2,13,91,8.277,4.75,-17.6,0.477,4.215,0.0,-2.4,0.6,1.29
1788457578.339,turning,8.707,4.954,-124.3,2,13,91,8.277,4.75,-16.8,0.476,4.215,0.0,-2.4,0.6,1.25
1788457578.395,turning,8.707,4.954,-125.1,2,13,91,8.277,4.75,-16.7,0.476,4.215,0.0,-2.4,0.6,1.25
1788457578.449,turning,8.714,4.96,-127.0,2,13,91,8.277,4.75,-15.6,0.485,4.216,0.0,-2.4,0.6,1.26
1788457578.501,turning,8.719,4.964,-128.0,2,13,91,8.277,4.75,-15.4,0.491,4.217,0.0,-2.4,0.6,1.26
1788457578.553,turning,8.722,4.967,-129.7,2,13,91,8.277,4.75,-14.2,0.495,4.218,0.0,-2.4,0.6,1.25
1788457578.606,turning,8.722,4.967,-130.6,2,13,91,8.277,4.75,-14.0,0.495,4.218,0.0,-2.4,0.6,1.25
1788457578.662,turning,8.722,4.967,-131.5,2,13,91,8.277,4.75,-13.7,0.495,4.218,0.0,-2.4,0.6,1.25
1788457578.714,turning,8.722,4.967,-133.2,2,13,91,8.277,4.75,-12.5,0.495,4.218,0.0,-2.4,0.6,1.25
1788457578.767,driving,8.722,4.967,-134.0,2,13,91,8.277,4.75,-12.2,0.495,4.218,0.3,0.0,0.6,1.25
1788457578.82,driving,8.721,4.967,-135.1,2,13,91,8.277,4.75,-11.5,0.494,4.217,0.3,0.0,0.6,1.25
1788457578.881,driving,8.72,4.965,-135.1,0,12,88,8.175,4.775,-12.4,0.577,4.217,0.3,0.0,0.6,1.25
1788457578.941,driving,8.713,4.958,-135.1,0,12,88,8.175,4.775,-13.2,0.568,4.217,0.3,0.0,0.6,1.25
1788457579.004,driving,8.708,4.953,-135.1,1,13,88,8.125,4.775,-14.1,0.609,4.216,0.3,0.0,0.6,1.24
1788457579.063,driving,8.694,4.939,-135.1,1,13,88,8.125,4.775,-15.0,0.592,4.215,0.3,0.0,0.6,1.24
1788457579.117,driving,8.69,4.935,-135.0,1,13,88,8.125,4.775,-16.0,0.587,4.216,0.3,0.0,0.6,1.21
1788457579.171,turning,8.685,4.927,-134.6,1,13,88,8.125,4.775,-17.2,0.58,4.217,0.0,-2.4,0.6,1.21
1788457579.224,turning,8.679,4.92,-134.5,1,13,88,8.125,4.775,-18.1,0.572,4.217,0.0,-2.4,0.6,1.18
1788457579.276,turning,8.678,4.919,-136.1,1,13,88,8.125,4.775,-17.3,0.571,4.217,0.0,-2.4,0.6,1.18
1788457579.334,turning,8.678,4.919,-137.0,1,13,88,8.125,4.775,-17.1,0.571,4.217,0.0,-2.4,0.6,1.17
1788457579.386,turning,8.678,4.919,-138.7,1,13,88,8.125,4.775,-16.1,0.571,4.217,0.0,-2.4,0.6,1.17
1788457579.442,turning,8.678,4.919,-139.6,1,13,88,8.125,4.775,-15.9,0.571,4.217,0.0,-2.4,0.6,1.17
1788457579.495,turning,8.678,4.919,-141.3,1,13,88,8.125,4.775,-14.8,0.571,4.217,0.0,-2.4,0.6,1.17
1788457579.55,turning,8.678,4.919,-142.1,1,13,88,8.125,4.775,-14.5,0.571,4.217,0.0,-2.4,0.6,1.16
1788457579.603,turning,8.678,4.919,-143.0,1,13,88,8.125,4.775,-14.1,0.571,4.217,0.0,-2.4,0.6,1.16
1788457579.666,turning,8.678,4.919,-144.7,1,13,88,8.125,4.775,-12.9,0.571,4.217,0.0,-2.4,0.6,1.16
1788457579.727,turning,8.678,4.919,-145.6,1,13,88,8.125,4.775,-12.5,0.571,4.217,0.0,-2.4,0.6,1.16
1788457579.788,driving,8.678,4.922,-147.1,1,13,88,8.125,4.775,-11.4,0.573,4.216,0.296,0.0,0.6,1.16
1788457579.844,driving,8.679,4.924,-147.8,1,13,88,8.125,4.775,-11.1,0.574,4.214,0.296,0.0,0.6,1.16
1788457579.898,driving,8.677,4.925,-147.9,0,12,83,8.075,4.825,-11.7,0.61,4.213,0.296,0.0,0.6,1.16
1788457579.949,driving,8.674,4.923,-147.9,0,12,83,8.075,4.825,-12.4,0.607,4.211,0.296,0.0,0.6,1.16
1788457580.0,driving,8.663,4.916,-147.9,0,12,83,8.075,4.825,-13.1,0.595,4.208,0.295,0.0,0.6,1.15
1788457580.054,driving,8.655,4.911,-147.9,0,12,83,8.075,4.825,-13.7,0.586,4.206,0.295,0.0,0.6,1.15
1788457580.11,driving,8.642,4.901,-147.9,1,13,83,8.026,4.833,-14.4,0.62,4.203,0.293,0.0,0.6,1.12
1788457580.166,driving,8.637,4.897,-147.9,1,13,83,8.026,4.833,-15.1,0.615,4.203,0.293,0.0,0.6,1.12
1788457580.221,driving,8.623,4.887,-147.9,1,13,83,8.026,4.833,-15.8,0.599,4.199,0.29,0.0,0.6,1.1
1788457580.276,turning,8.614,4.881,-147.9,1,13,83,8.026,4.833,-16.5,0.59,4.196,0.0,-2.4,0.6,1.1
1788457580.332,turning,8.604,4.875,-148.6,1,13,83,8.026,4.833,-16.5,0.58,4.194,0.0,-2.4,0.6,1.06
1788457580.387,turning,8.604,4.875,-149.5,1,13,83,8.026,4.833,-16.3,0.58,4.194,0.0,-2.4,0.6,1.06
1788457580.447,turning,8.604,4.875,-151.2,1,13,83,8.026,4.833,-15.2,0.58,4.194,0.0,-2.4,0.6,1.05
1788457580.508,turning,8.604,4.875,-152.1,1,13,83,8.026,4.833,-14.9,0.58,4.194,0.0,-2.4,0.6,1.05
1788457580.571,turning,8.604,4.875,-152.9,1,13,83,8.026,4.833,-14.6,0.58,4.194,0.0,-2.4,0.6,1.05
1788457580.627,turning,8.604,4.875,-154.6,1,13,83,8.026,4.833,-13.4,0.58,4.194,0.0,-2.4,0.6,1.05
1788457580.681,turning,8.604,4.875,-155.5,1,13,83,8.026,4.833,-13.0,0.58,4.194,0.0,-2.4,0.6,1.05
1788457580.733,turning,8.604,4.875,-157.2,1,13,83,8.026,4.833,-11.7,0.58,4.194,0.0,-2.4,0.6,1.05
1788457580.789,turning,8.604,4.875,-158.1,1,13,83,8.026,4.833,-11.3,0.58,4.194,0.0,-2.4,0.6,1.05
1788457580.84,driving,8.604,4.875,-159.8,1,13,83,8.026,4.833,-10.0,0.58,4.194,0.286,0.0,0.6,1.05
1788457580.894,driving,8.605,4.875,-160.5,0,12,85,8.027,4.829,-9.7,0.58,4.194,0.286,0.0,0.6,1.05
1788457580.949,driving,8.605,4.876,-160.0,0,12,85,8.027,4.829,-10.4,0.58,4.193,0.286,0.0,0.6,1.05
1788457581.003,driving,8.601,4.874,-159.9,0,12,85,8.027,4.829,-10.8,0.576,4.192,0.285,0.0,0.6,1.04
1788457581.053,driving,8.589,4.87,-159.9,1,13,85,7.975,4.825,-11.1,0.616,4.186,0.285,0.0,0.6,1.04
1788457581.105,driving,8.58,4.867,-159.9,1,13,85,7.975,4.825,-11.4,0.607,4.182,0.283,0.0,0.6,1.02
1788457581.159,driving,8.562,4.86,-159.9,1,13,85,7.975,4.825,-11.7,0.588,4.174,0.283,0.0,0.6,1.02
1788457581.218,driving,8.554,4.855,-160.2,1,13,85,7.975,4.825,-11.8,0.58,4.171,0.281,0.0,0.6,1.0
1788457581.278,driving,8.537,4.844,-160.7,2,14,85,7.93,4.847,-11.8,0.607,4.167,0.281,0.0,0.6,1.0
1788457581.349,driving,8.528,4.841,-160.7,2,14,85,7.93,4.847,-12.3,0.598,4.163,0.278,0.0,0.6,0.97
1788457581.405,driving,8.511,4.835,-160.7,2,14,85,7.93,4.847,-12.8,0.58,4.155,0.278,0.0,0.6,0.97
1788457581.459,driving,8.502,4.832,-160.7,3,15,85,7.875,4.875,-13.4,0.628,4.151,0.276,0.0,0.6,0.94
1788457581.512,driving,8.493,4.829,-160.7,3,15,85,7.875,4.875,-14.0,0.619,4.147,0.276,0.0,0.6,0.94
1788457581.565,driving,8.475,4.822,-160.7,3,15,85,7.875,4.875,-14.7,0.602,4.139,0.273,0.0,0.6,0.91
1788457581.619,driving,8.466,4.819,-160.7,3,15,85,7.875,4.875,-15.3,0.594,4.135,0.273,0.0,0.6,0.91
1788457581.674,driving,8.449,4.813,-160.7,4,16,85,7.826,4.885,-15.9,0.627,4.127,0.271,0.0,0.6,0.89
1788457581.726,turning,8.44,4.81,-160.7,4,16,85,7.826,4.885,-16.5,0.618,4.123,0.0,-2.4,0.6,0.89
1788457581.778,turning,8.429,4.806,-161.4,4,16,85,7.826,4.885,-16.5,0.608,4.118,0.0,-2.4,0.6,0.87
1788457581.832,turning,8.429,4.806,-162.2,4,16,85,7.826,4.885,-16.2,0.608,4.118,0.0,-2.4,0.6,0.87
1788457581.884,turning,8.429,4.806,-164.0,4,16,85,7.826,4.885,-15.0,0.608,4.118,0.0,-2.4,0.6,0.86
1788457581.938,turning,8.429,4.806,-164.8,0,12,76,7.828,4.949,-15.0,0.618,4.118,0.0,-2.4,0.6,0.86
1788457581.999,turning,8.429,4.803,-166.8,0,12,76,7.828,4.949,-13.9,0.618,4.12,0.0,-2.4,0.6,0.85
1788457582.057,turning,8.428,4.801,-167.8,0,12,76,7.828,4.949,-13.7,0.618,4.121,0.0,-2.4,0.6,0.85
1788457582.119,turning,8.428,4.799,-169.6,0,12,76,7.828,4.949,-12.6,0.618,4.122,0.0,-2.4,0.6,0.85
1788457582.175,turning,8.428,4.799,-170.5,0,12,76,7.828,4.949,-12.5,0.618,4.122,0.0,-2.4,0.6,0.85
1788457582.23,driving,8.428,4.799,-172.2,0,12,76,7.828,4.949,-11.4,0.618,4.122,0.267,0.0,0.6,0.85
1788457582.283,driving,8.428,4.799,-173.1,0,12,76,7.828,4.949,-11.2,0.618,4.122,0.267,0.0,0.6,0.85
1788457582.335,driving,8.425,4.799,-173.3,0,12,76,7.828,4.949,-11.5,0.616,4.121,0.267,0.0,0.6,0.85
1788457582.385,driving,8.422,4.799,-173.3,0,12,76,7.828,4.949,-12.1,0.612,4.118,0.267,0.0,0.6,0.85
1788457582.437,driving,8.416,4.798,-173.3,0,12,76,7.828,4.949,-12.6,0.607,4.115,0.266,0.0,0.6,0.84
1788457582.492,driving,8.4,4.796,-173.3,0,12,76,7.828,4.949,-13.2,0.592,4.105,0.266,0.0,0.6,0.84
1788457582.545,driving,8.389,4.795,-173.3,1,13,76,7.779,4.961,-13.7,0.632,4.098,0.264,0.0,0.6,0.82
1788457582.595,driving,8.362,4.793,-173.2,1,13,76,7.779,4.961,-14.3,0.606,4.082,0.264,0.0,0.6,0.82
1788457582.649,driving,8.351,4.791,-173.2,1,13,76,7.779,4.961,-14.9,0.596,4.075,0.262,0.0,0.6,0.8
1788457582.7,driving,8.333,4.789,-173.2,2,14,76,7.731,4.974,-15.4,0.63,4.065,0.262,0.0,0.6,0.8
1788457582.756,driving,8.325,4.788,-173.2,2,14,76,7.731,4.974,-16.0,0.622,4.06,0.261,0.0,0.6,0.78
1788457582.814,turning,8.307,4.786,-173.2,2,14,76,7.731,4.974,-16.5,0.606,4.049,0.0,-2.4,0.6,0.78
1788457582.873,turning,8.298,4.785,-173.2,3,15,76,7.682,4.986,-17.0,0.647,4.044,0.0,-2.4,0.6,0.75
1788457582.934,turning,8.297,4.785,-174.9,0,12,74,7.677,4.962,-15.7,0.645,4.043,0.0,-2.4,0.6,0.75
1788457582.992,turning,8.297,4.785,-175.7,0,12,74,7.677,4.962,-15.2,0.645,4.043,0.0,-2.4,0.6,0.74
1788457583.045,turning,8.297,4.785,-177.4,0,12,74,7.677,4.962,-13.8,0.645,4.043,0.0,-2.4,0.6,0.74
1788457583.1,turning,8.297,4.785,-178.3,0,12,74,7.677,4.962,-13.2,0.645,4.043,0.0,-2.4,0.6,0.74
1788457583.152,turning,8.297,4.785,180.0,0,12,74,7.677,4.962,-11.8,0.645,4.043,0.0,-2.4,0.6,0.74
1788457583.208,turning,8.297,4.785,179.1,0,12,74,7.677,4.962,-11.2,0.645,4.043,0.0,-2.4,0.6,0.75
1788457583.26,turning,8.297,4.785,177.4,0,12,74,7.677,4.962,-9.7,0.645,4.043,0.0,-2.4,0.6,0.75
1788457583.317,turning,8.295,4.782,176.8,0,12,74,7.677,4.962,-9.3,0.643,4.044,0.0,-2.4,0.6,0.79
1788457583.368,turning,8.292,4.779,176.2,0,12,74,7.677,4.962,-9.0,0.642,4.045,0.0,-2.4,0.6,0.79
1788457583.42,driving,8.289,4.775,174.8,0,12,74,7.677,4.962,-7.8,0.64,4.045,0.265,0.0,0.6,0.83
1788457583.472,driving,8.289,4.775,174.0,0,12,74,7.677,4.962,-7.2,0.64,4.045,0.265,0.0,0.6,0.83
1788457583.534,driving,8.286,4.775,173.8,0,12,74,7.677,4.962,-7.3,0.637,4.043,0.269,0.0,0.6,0.87
1788457583.594,driving,8.282,4.776,173.8,0,12,74,7.677,4.962,-7.5,0.633,4.04,0.269,0.0,0.6,0.87
1788457583.652,driving,8.287,4.769,174.0,0,12,74,7.677,4.962,-8.0,0.639,4.049,0.269,0.0,0.6,0.87
1788457583.712,driving,8.294,4.762,174.2,0,12,74,7.677,4.962,-8.4,0.648,4.058,0.269,0.0,0.6,0.87
1788457583.769,driving,8.289,4.757,174.4,0,12,74,7.677,4.962,-8.8,0.645,4.058,0.269,0.0,0.6,0.87
1788457583.824,driving,8.28,4.758,174.4,0,12,74,7.677,4.962,-9.1,0.636,4.052,0.269,0.0,0.6,0.87
1788457583.876,driving,8.261,4.76,174.4,0,12,74,7.677,4.962,-9.3,0.618,4.038,0.27,0.0,0.6,0.88
1788457583.935,driving,8.252,4.761,174.4,0,12,74,7.677,4.962,-9.6,0.609,4.031,0.27,0.0,0.6,0.88
1788457583.99,driving,8.226,4.763,174.3,1,13,74,7.628,4.968,-9.8,0.632,4.012,0.27,0.0,0.6,0.88
1788457584.043,driving,8.21,4.764,174.3,1,13,74,7.628,4.968,-10.0,0.617,4.001,0.27,0.0,0.6,0.88
1788457584.1,driving,8.188,4.766,174.3,1,13,74,7.628,4.968,-10.2,0.596,3.985,0.27,0.0,0.6,0.88
1788457584.153,driving,8.179,4.767,174.3,2,14,74,7.575,4.975,-10.4,0.639,3.979,0.27,0.0,0.6,0.88
1788457584.208,driving,8.16,4.769,174.3,2,14,74,7.575,4.975,-10.6,0.621,3.965,0.271,0.0,0.6,0.89
1788457584.259,driving,8.151,4.769,174.3,2,14,74,7.575,4.975,-10.8,0.612,3.959,0.271,0.0,0.6,0.89
1788457584.317,driving,8.142,4.77,174.3,2,14,74,7.575,4.975,-11.0,0.603,3.952,0.271,0.0,0.6,0.89
1788457584.374,driving,8.124,4.772,174.3,3,15,74,7.54,5.01,-11.4,0.631,3.939,0.271,0.0,0.6,0.89
1788457584.433,driving,8.115,4.773,174.3,3,15,74,7.54,5.01,-11.7,0.622,3.932,0.271,0.0,0.6,0.89
1788457584.492,driving,8.096,4.775,174.3,3,15,74,7.54,5.01,-12.0,0.604,3.919,0.271,0.0,0.6,0.89
1788457584.546,driving,8.086,4.777,174.2,3,15,74,7.54,5.01,-12.3,0.595,3.911,0.271,0.0,0.6,0.9
1788457584.599,driving,8.065,4.781,174.1,4,16,74,7.504,5.046,-12.6,0.62,3.894,0.271,0.0,0.6,0.9
1788457584.651,driving,8.055,4.783,174.1,4,16,74,7.504,5.046,-13.0,0.611,3.887,0.272,0.0,0.6,0.9
1788457584.706,driving,8.037,4.784,174.1,4,16,74,7.504,5.046,-13.5,0.593,3.874,0.272,0.0,0.6,0.9
1788457584.759,driving,8.028,4.785,174.1,5,17,74,7.469,5.081,-14.0,0.632,3.867,0.272,0.0,0.6,0.9
1788457584.812,driving,8.009,4.787,174.1,5,17,74,7.469,5.081,-14.5,0.615,3.854,0.272,0.0,0.6,0.9
1788457584.865,driving,8.0,4.788,174.1,5,17,74,7.469,5.081,-15.0,0.607,3.847,0.272,0.0,0.6,0.91
1788457584.92,driving,7.982,4.79,174.1,5,17,74,7.469,5.081,-15.6,0.59,3.834,0.272,0.0,0.6,0.91
1788457584.975,turning,7.974,4.793,174.5,0,11,66,7.425,5.075,-16.2,0.617,3.828,0.0,-2.4,0.6,0.91
1788457585.027,turning,7.965,4.797,174.7,0,11,66,7.425,5.075,-16.8,0.607,3.818,0.0,-2.4,0.6,0.91
1788457585.083,turning,7.965,4.797,173.9,0,11,66,7.425,5.075,-16.3,0.607,3.818,0.0,-2.4,0.6,0.91
1788457585.143,turning,7.965,4.797,172.2,0,11,66,7.425,5.075,-14.9,0.607,3.818,0.0,-2.4,0.6,0.91
1788457585.202,turning,7.965,4.797,171.3,0,11,66,7.425,5.075,-14.3,0.607,3.818,0.0,-2.4,0.6,3.37
1788457585.261,turning,7.965,4.797,170.4,0,11,66,7.425,5.075,-13.7,0.607,3.818,0.0,-2.4,0.6,3.37
1788457585.317,turning,7.965,4.797,168.7,0,11,66,7.425,5.075,-12.2,0.607,3.818,0.0,-2.4,0.6,3.37
1788457585.369,turning,7.965,4.797,167.9,0,11,66,7.425,5.075,-11.6,0.607,3.818,0.0,-2.4,0.6,3.37
1788457585.425,turning,7.964,4.799,166.1,0,11,66,7.425,5.075,-10.0,0.606,3.816,0.0,-2.4,0.6,3.37
1788457585.478,turning,7.964,4.801,165.2,0,11,66,7.425,5.075,-9.4,0.604,3.814,0.0,-2.4,0.6,3.37
1788457585.534,driving,7.963,4.803,163.5,0,11,66,7.425,5.075,-7.8,0.603,3.813,0.3,0.0,0.6,3.37
1788457585.584,driving,7.963,4.803,162.7,0,11,66,7.425,5.075,-7.1,0.603,3.813,0.3,0.0,0.6,3.37
1788457585.636,driving,7.961,4.804,162.4,0,11,66,7.425,5.075,-7.0,0.601,3.811,0.3,0.0,0.6,3.37
1788457585.688,driving,7.957,4.805,162.4,0,11,66,7.425,5.075,-7.1,0.597,3.807,0.3,0.0,0.6,3.37
1788457585.745,driving,7.945,4.804,162.7,1,12,66,7.375,5.125,-7.7,0.654,3.801,0.3,0.0,0.6,3.36
1788457585.796,driving,7.936,4.803,162.9,1,12,66,7.375,5.125,-8.2,0.647,3.796,0.3,0.0,0.6,3.36
1788457585.854,driving,7.917,4.805,163.1,1,12,66,7.375,5.125,-8.7,0.629,3.782,0.3,0.0,0.6,3.33
1788457585.917,driving,7.907,4.808,163.1,1,12,66,7.375,5.125,-9.0,0.619,3.773,0.3,0.0,0.6,3.33
1788457585.976,driving,7.887,4.814,163.1,1,12,66,7.375,5.125,-9.3,0.599,3.757,0.3,0.0,0.6,3.3
1788457586.031,driving,7.878,4.817,163.1,0,11,66,7.38,5.214,-10.1,0.636,3.748,0.3,0.0,0.6,3.3
1788457586.087,driving,7.85,4.819,163.1,0,11,66,7.38,5.214,-10.9,0.614,3.73,0.3,0.0,0.6,3.27
1788457586.141,driving,7.834,4.818,163.1,0,11,66,7.38,5.214,-11.7,0.602,3.721,0.3,0.0,0.6,3.27
1788457586.193,driving,7.821,4.82,163.1,0,11,66,7.38,5.214,-12.5,0.592,3.712,0.3,0.0,0.6,3.25
1788457586.247,driving,7.802,4.826,163.1,1,30,66,6.925,6.075,-13.1,1.526,3.696,0.3,0.0,1.5,3.25
1788457586.3,driving,7.792,4.829,163.1,1,30,66,6.925,6.075,-13.7,1.518,3.687,0.3,0.0,1.5,3.22
1788457586.354,driving,7.773,4.834,163.1,2,30,66,6.925,6.075,-14.3,1.502,3.671,0.3,0.0,1.5,3.22
1788457586.409,driving,7.763,4.837,163.1,2,30,66,6.925,6.075,-15.0,1.494,3.663,0.3,0.0,1.5,3.19
1788457586.461,driving,7.743,4.843,163.1,2,30,66,6.925,6.075,-15.6,1.479,3.646,0.3,0.0,1.5,3.19
1788457586.515,turning,7.733,4.846,163.1,2,30,66,6.925,6.075,-16.2,1.471,3.638,0.0,-2.4,1.5,3.16
1788457586.566,turning,7.722,4.85,162.4,3,31,66,6.875,6.125,-16.0,1.531,3.628,0.0,-2.4,1.5,3.16
1788457586.619,turning,7.722,4.848,161.6,2,30,66,6.925,6.075,-15.9,1.463,3.63,0.0,-2.4,1.5,3.13
1788457586.676,turning,7.723,4.843,160.2,2,30,66,6.925,6.075,-15.0,1.468,3.635,0.0,-2.4,1.5,3.13
1788457586.736,turning,7.723,4.843,159.4,2,30,66,6.925,6.075,-14.7,1.468,3.635,0.0,-2.4,1.5,3.13
1788457586.795,turning,7.723,4.843,157.7,2,30,66,6.925,6.075,-13.6,1.468,3.635,0.0,-2.4,1.5,3.13
1788457586.853,turning,7.723,4.843,156.8,2,30,66,6.925,6.075,-13.2,1.468,3.635,0.0,-2.4,1.5,3.13
1788457586.908,turning,7.723,4.843,155.1,2,30,66,6.925,6.075,-12.0,1.468,3.635,0.0,-2.4,1.5,3.13
1788457586.963,turning,7.723,4.843,154.2,2,30,66,6.925,6.075,-11.6,1.468,3.635,0.0,-2.4,1.5,3.13
1788457587.015,turning,7.723,4.843,152.5,0,27,63,6.825,6.075,-10.3,1.525,3.635,0.0,-2.4,1.5,3.13
1788457587.068,driving,7.725,4.842,151.6,0,27,63,6.825,6.075,-9.8,1.526,3.636,0.3,0.0,1.5,3.13
1788457587.119,driving,7.726,4.841,150.6,0,27,63,6.825,6.075,-9.2,1.528,3.638,0.3,0.0,1.5,3.13
1788457587.172,driving,7.724,4.842,150.3,0,27,63,6.825,6.075,-9.3,1.526,3.637,0.3,0.0,1.5,3.13
1788457587.224,driving,7.721,4.844,150.3,0,27,63,6.825,6.075,-9.7,1.523,3.633,0.3,0.0,1.5,3.13
1788457587.278,driving,7.709,4.85,150.3,0,27,63,6.825,6.075,-10.0,1.511,3.621,0.3,0.0,1.5,3.12
1788457587.329,driving,7.701,4.855,150.3,1,28,63,6.775,6.125,-10.4,1.572,3.612,0.3,0.0,1.5,3.12
1788457587.383,driving,7.684,4.861,150.1,1,28,63,6.775,6.125,-10.5,1.557,3.598,0.3,0.0,1.5,3.09
1788457587.441,driving,7.676,4.862,149.9,1,28,63,6.775,6.125,-10.7,1.552,3.592,0.3,0.0,1.5,3.09
1788457587.505,driving,7.659,4.869,149.8,1,28,63,6.775,6.125,-10.9,1.536,3.576,0.3,0.0,1.5,3.07
1788457587.566,driving,7.65,4.874,149.8,1,28,63,6.775,6.125,-11.2,1.527,3.567,0.3,0.0,1.5,3.07
1788457587.625,driving,7.633,4.884,149.8,2,28,63,6.775,6.125,-11.6,1.508,3.548,0.3,0.0,1.5,3.04
1788457587.68,driving,7.624,4.889,149.8,2,28,63,6.775,6.125,-11.9,1.499,3.539,0.3,0.0,1.5,3.04
1788457587.734,driving,7.606,4.9,149.8,2,28,63,6.775,6.125,-12.2,1.481,3.521,0.3,0.0,1.5,3.02
1788457587.784,driving,7.598,4.905,149.8,3,29,63,6.725,6.175,-12.6,1.541,3.511,0.3,0.0,1.5,3.02
1788457587.836,driving,7.58,4.915,149.8,3,29,63,6.725,6.175,-12.9,1.523,3.493,0.3,0.0,1.5,2.99
1788457587.888,driving,7.571,4.92,149.8,3,29,63,6.725,6.175,-13.2,1.513,3.483,0.3,0.0,1.5,2.99
1788457587.941,driving,7.554,4.931,149.8,3,29,63,6.725,6.175,-13.5,1.495,3.465,0.3,0.0,1.5,2.96
1788457587.992,driving,7.545,4.936,149.8,4,30,63,6.703,6.22,-13.8,1.536,3.456,0.3,0.0,1.5,2.96
1788457588.044,driving,7.536,4.941,149.8,0,27,59,6.725,6.275,-14.2,1.561,3.446,0.3,0.0,1.5,2.94
1788457588.097,driving,7.518,4.951,149.8,0,27,59,6.725,6.275,-14.6,1.543,3.428,0.3,0.0,1.5,2.94
1788457588.152,driving,7.512,4.955,149.9,0,27,59,6.725,6.275,-15.0,1.537,3.421,0.3,0.0,1.5,2.91
1788457588.208,driving,7.501,4.959,150.2,1,27,59,6.725,6.275,-15.7,1.528,3.411,0.3,0.0,1.5,2.91
1788457588.268,turning,7.494,4.963,150.3,1,27,59,6.725,6.275,-16.1,1.52,3.404,0.0,-2.4,1.5,2.88
1788457588.327,turning,7.483,4.969,149.6,1,27,59,6.725,6.275,-15.8,1.51,3.393,0.0,-2.4,1.5,2.88
1788457588.386,turning,7.483,4.969,148.7,1,27,59,6.725,6.275,-15.3,1.51,3.393,0.0,-2.4,1.5,2.86
1788457588.443,turning,7.483,4.969,147.0,1,27,59,6.725,6.275,-13.9,1.51,3.393,0.0,-2.4,1.5,2.86
1788457588.497,turning,7.483,4.969,146.2,1,27,59,6.725,6.275,-13.3,1.51,3.393,0.0,-2.4,1.5,2.86
1788457588.548,turning,7.483,4.969,144.4,1,27,59,6.725,6.275,-11.9,1.51,3.393,0.0,-2.4,1.5,2.86
1788457588.603,turning,7.486,4.968,143.7,1,27,59,6.725,6.275,-11.5,1.512,3.395,0.0,-2.4,1.5,2.86
1788457588.657,turning,7.492,4.965,142.5,1,27,59,6.725,6.275,-10.6,1.517,3.401,0.0,-2.4,1.5,2.86
1788457588.711,turning,7.492,4.965,141.6,1,27,59,6.725,6.275,-10.0,1.518,3.401,0.0,-2.4,1.5,2.86
1788457588.761,turning,7.492,4.965,139.9,1,27,59,6.725,6.275,-8.6,1.518,3.401,0.0,-2.4,1.5,2.86
1788457588.814,driving,7.492,4.965,139.1,1,27,59,6.725,6.275,-8.0,1.518,3.401,0.3,0.0,1.5,2.86
1788457588.864,driving,7.492,4.966,138.0,1,27,59,6.725,6.275,-7.2,1.517,3.401,0.3,0.0,1.5,2.86
1788457588.918,driving,7.49,4.967,138.0,1,27,59,6.725,6.275,-7.4,1.515,3.399,0.3,0.0,1.5,3.59
1788457588.97,driving,7.487,4.97,138.0,1,27,59,6.725,6.275,-7.7,1.512,3.395,0.3,0.0,1.5,3.59
1788457589.033,driving,7.474,4.981,137.9,1,27,59,6.725,6.275,-7.9,1.495,3.378,0.3,0.0,1.5,3.58
1788457589.091,driving,7.463,4.991,137.9,0,25,59,6.625,6.225,-8.0,1.492,3.364,0.3,0.0,1.5,3.58
1788457589.152,driving,7.444,5.007,137.8,1,26,59,6.603,6.27,-8.1,1.517,3.34,0.3,0.0,1.5,3.56
1788457589.207,driving,7.437,5.014,137.8,1,26,59,6.603,6.27,-8.2,1.507,3.33,0.3,0.0,1.5,3.56
1788457589.26,driving,7.422,5.028,137.8,1,26,59,6.603,6.27,-8.4,1.487,3.31,0.3,0.0,1.5,3.53
1788457589.314,driving,7.414,5.035,137.8,2,27,59,6.58,6.314,-8.6,1.527,3.3,0.3,0.0,1.5,3.53
1788457589.366,driving,7.404,5.042,138.0,2,27,59,6.58,6.314,-8.9,1.516,3.288,0.3,0.0,1.5,3.5
1788457589.418,driving,7.4,5.043,138.2,2,27,59,6.58,6.314,-9.2,1.513,3.285,0.3,0.0,1.5,3.5
1788457589.469,driving,7.388,5.053,138.3,2,27,59,6.58,6.314,-9.5,1.498,3.271,0.3,0.0,1.5,3.47
1788457589.522,driving,7.38,5.06,138.3,2,27,59,6.58,6.314,-9.7,1.488,3.261,0.3,0.0,1.5,3.47
1788457589.576,driving,7.365,5.073,138.3,3,29,59,6.536,6.404,-9.8,1.568,3.241,0.3,0.0,1.5,3.44
1788457589.63,driving,7.358,5.08,138.3,3,29,59,6.536,6.404,-10.0,1.558,3.231,0.3,0.0,1.5,3.44
1788457589.682,driving,7.342,5.093,138.3,3,29,59,6.536,6.404,-10.2,1.539,3.212,0.3,0.0,1.5,3.41
1788457589.738,driving,7.335,5.1,138.3,3,29,59,6.536,6.404,-10.3,1.529,3.202,0.3,0.0,1.5,3.41
1788457589.797,driving,7.319,5.114,138.3,3,29,59,6.536,6.404,-10.5,1.51,3.182,0.3,0.0,1.5,3.38
1788457589.858,driving,7.312,5.121,138.3,4,30,59,6.513,6.449,-10.7,1.55,3.172,0.3,0.0,1.5,3.38
1788457589.919,driving,7.304,5.127,138.3,4,30,59,6.513,6.449,-10.8,1.54,3.162,0.3,0.0,1.5,3.35
1788457589.974,driving,7.289,5.141,138.3,4,30,59,6.513,6.449,-11.0,1.52,3.143,0.3,0.0,1.5,3.35
1788457590.03,driving,7.281,5.148,138.3,4,30,59,6.513,6.449,-11.2,1.51,3.132,0.3,0.0,1.5,3.32
1788457590.081,driving,7.262,5.163,138.4,5,31,59,6.491,6.493,-11.4,1.538,3.11,0.3,0.0,1.5,3.32
1788457590.135,driving,7.254,5.17,138.4,0,29,55,6.57,6.508,-11.6,1.503,3.099,0.3,0.0,1.5,3.29
1788457590.188,driving,7.239,5.184,138.4,1,30,55,6.525,6.575,-11.9,1.564,3.08,0.3,0.0,1.5,3.29
1788457590.244,driving,7.231,5.19,138.4,1,30,55,6.525,6.575,-12.1,1.554,3.07,0.3,0.0,1.5,3.26
1788457590.3,driving,7.216,5.204,138.4,1,30,55,6.525,6.575,-12.4,1.535,3.05,0.3,0.0,1.5,3.26
1788457590.351,driving,7.208,5.211,138.4,1,30,55,6.525,6.575,-12.6,1.526,3.04,0.3,0.0,1.5,3.23
1788457590.402,driving,7.193,5.224,138.4,2,31,55,6.475,6.625,-12.8,1.574,3.021,0.3,0.0,1.5,3.23
1788457590.454,driving,7.185,5.231,138.4,2,31,55,6.475,6.625,-13.0,1.565,3.011,0.3,0.0,1.5,3.2
1788457590.51,driving,7.17,5.245,138.4,2,31,55,6.475,6.625,-13.2,1.546,2.991,0.3,0.0,1.5,3.2
1788457590.568,driving,7.164,5.25,138.6,2,31,55,6.475,6.625,-13.7,1.538,2.984,0.3,0.0,1.5,3.17
1788457590.626,driving,7.152,5.259,139.1,2,31,55,6.475,6.625,-14.4,1.525,2.97,0.3,0.0,1.5,3.17
1788457590.687,driving,7.144,5.265,139.2,3,32,55,6.447,6.667,-14.6,1.565,2.96,0.3,0.0,1.5,3.14
1788457590.742,driving,7.129,5.278,139.2,3,32,55,6.447,6.667,-14.8,1.547,2.941,0.3,0.0,1.5,3.14
1788457590.796,driving,7.121,5.285,139.2,3,32,55,6.447,6.667,-15.0,1.537,2.931,0.3,0.0,1.5,3.11
1788457590.85,driving,7.113,5.292,139.2,3,32,55,6.447,6.667,-15.2,1.528,2.921,0.3,0.0,1.5,3.11
1788457590.902,driving,7.098,5.305,139.2,3,32,55,6.447,6.667,-15.5,1.509,2.902,0.3,0.0,1.5,3.08
1788457590.953,driving,7.09,5.312,139.2,4,33,55,6.42,6.708,-15.7,1.549,2.892,0.3,0.0,1.5,3.08
1788457591.007,driving,7.075,5.325,139.2,4,33,55,6.42,6.708,-15.9,1.531,2.873,0.3,0.0,1.5,3.05
1788457591.062,turning,7.067,5.332,139.2,4,33,55,6.42,6.708,-16.1,1.521,2.863,0.0,-2.4,1.5,3.05
1788457591.116,turning,7.058,5.337,138.5,4,33,55,6.42,6.708,-15.5,1.513,2.854,0.0,-2.4,1.5,3.02
1788457591.166,turning,7.059,5.335,137.6,0,30,53,6.391,6.693,-14.8,1.514,2.856,0.0,-2.4,1.5,3.02
1788457591.219,turning,7.06,5.333,135.8,0,30,53,6.391,6.693,-13.3,1.516,2.858,0.0,-2.4,1.5,3.01
1788457591.27,turning,7.06,5.333,135.0,0,30,53,6.391,6.693,-12.6,1.516,2.858,0.0,-2.4,1.5,3.01
1788457591.327,turning,7.06,5.333,133.3,0,30,53,6.391,6.693,-11.0,1.516,2.858,0.0,-2.4,1.5,3.01
1788457591.385,turning,7.06,5.333,132.4,0,30,53,6.391,6.693,-10.3,1.516,2.858,0.0,-2.4,1.5,3.01
1788457591.45,turning,7.06,5.333,130.7,0,30,53,6.391,6.693,-8.7,1.516,2.858,0.0,-2.4,1.5,3.01
1788457591.505,turning,7.06,5.333,129.8,0,30,53,6.391,6.693,-8.0,1.516,2.858,0.0,-2.4,1.5,3.01
1788457591.558,driving,7.06,5.333,128.1,0,30,53,6.391,6.693,-6.4,1.516,2.858,0.3,0.0,1.5,3.01
1788457591.613,driving,7.06,5.333,127.2,0,30,53,6.391,6.693,-5.7,1.516,2.858,0.3,0.0,1.5,3.01
1788457591.665,driving,7.058,5.335,127.0,0,30,53,6.391,6.693,-5.6,1.514,2.855,0.3,0.0,1.5,3.01
1788457591.72,driving,7.056,5.338,127.0,0,30,53,6.391,6.693,-5.7,1.51,2.852,0.3,0.0,1.5,3.01
1788457591.775,driving,7.052,5.342,127.0,1,31,53,6.368,6.738,-5.8,1.554,2.846,0.3,0.0,1.5,3.0
1788457591.827,driving,7.042,5.355,127.0,1,31,53,6.368,6.738,-6.0,1.538,2.83,0.3,0.0,1.5,3.0
1788457591.882,driving,7.038,5.364,126.8,1,31,53,6.368,6.738,-5.9,1.528,2.82,0.3,0.0,1.5,2.97
1788457591.936,driving,7.031,5.383,126.0,1,31,53,6.368,6.738,-5.2,1.508,2.8,0.3,0.0,1.5,2.97
1788457591.989,driving,7.026,5.392,125.8,2,32,53,6.346,6.783,-5.1,1.548,2.79,0.3,0.0,1.5,2.94
1788457592.043,driving,7.014,5.408,125.8,2,32,53,6.346,6.783,-5.3,1.528,2.77,0.3,0.0,1.5,2.94
1788457592.101,driving,7.008,5.417,125.8,2,32,53,6.346,6.783,-5.4,1.518,2.76,0.3,0.0,1.5,2.91
1788457592.16,driving,6.996,5.433,125.8,0,26,50,6.247,6.717,-5.4,1.486,2.739,0.3,0.0,1.5,2.91
1788457592.221,driving,6.99,5.441,125.8,1,27,50,6.22,6.758,-5.4,1.526,2.729,0.3,0.0,1.5,2.88
1788457592.284,driving,6.978,5.458,125.8,1,27,50,6.22,6.758,-5.4,1.505,2.709,0.3,0.0,1.5,2.88
1788457592.34,driving,6.972,5.466,125.8,1,27,50,6.22,6.758,-5.4,1.495,2.699,0.3,0.0,1.5,2.85
1788457592.391,driving,6.96,5.483,125.8,2,28,50,6.192,6.8,-5.4,1.525,2.678,0.3,0.0,1.5,2.85
1788457592.446,driving,6.954,5.491,125.8,2,28,50,6.192,6.8,-5.4,1.515,2.668,0.3,0.0,1.5,2.82
1788457592.497,driving,6.942,5.507,125.8,2,28,50,6.192,6.8,-5.4,1.494,2.648,0.3,0.0,1.5,2.82
1788457592.55,driving,6.936,5.516,125.8,2,28,50,6.192,6.8,-5.4,1.484,2.638,0.3,0.0,1.5,2.79
1788457592.604,driving,6.924,5.532,125.8,3,30,50,6.136,6.883,-5.4,1.564,2.617,0.3,0.0,1.5,2.79
1788457592.657,driving,6.914,5.542,125.9,3,30,50,6.136,6.883,-5.5,1.551,2.604,0.3,0.0,1.5,2.76
1788457592.712,driving,6.904,5.551,126.0,3,30,50,6.136,6.883,-5.7,1.537,2.591,0.3,0.0,1.5,2.76
1788457592.767,driving,6.887,5.568,126.1,3,30,50,6.136,6.883,-5.8,1.514,2.567,0.3,0.0,1.5,2.73
1788457592.82,driving,6.881,5.577,126.1,3,30,50,6.136,6.883,-5.8,1.504,2.557,0.3,0.0,1.5,2.73
1788457592.877,driving,6.869,5.593,126.1,4,31,50,6.109,6.925,-5.8,1.533,2.537,0.3,0.0,1.5,2.7
1788457592.937,driving,6.863,5.601,126.1,4,31,50,6.109,6.925,-5.8,1.523,2.527,0.3,0.0,1.5,2.7
1788457593.0,driving,6.851,5.618,126.1,4,31,50,6.109,6.925,-5.8,1.503,2.506,0.3,0.0,1.5,2.67
1788457593.058,driving,6.845,5.626,126.1,4,31,50,6.109,6.925,-5.9,1.493,2.496,0.3,0.0,1.5,2.67
1788457593.116,driving,6.833,5.643,126.1,5,32,50,6.075,6.975,-5.9,1.533,2.476,0.3,0.0,1.5,2.64
1788457593.168,driving,6.827,5.651,126.1,0,28,44,6.079,7.017,-5.9,1.557,2.466,0.3,0.0,1.5,2.64
1788457593.222,driving,6.815,5.668,126.2,0,28,44,6.079,7.017,-6.0,1.537,2.445,0.3,0.0,1.5,2.61
1788457593.273,driving,6.808,5.676,126.3,0,28,44,6.079,7.017,-6.1,1.526,2.435,0.3,0.0,1.5,2.61
1788457593.327,driving,6.796,5.692,126.3,1,29,44,6.057,7.062,-6.2,1.556,2.414,0.3,0.0,1.5,2.59
1788457593.376,driving,6.79,5.701,126.3,1,29,44,6.057,7.062,-6.3,1.546,2.404,0.3,0.0,1.5,2.59
1788457593.428,driving,6.778,5.717,126.3,1,29,44,6.057,7.062,-6.3,1.526,2.384,0.3,0.0,1.5,2.56
1788457593.483,driving,6.772,5.725,126.3,1,29,44,6.057,7.062,-6.4,1.516,2.373,0.3,0.0,1.5,2.56
1788457593.538,driving,6.76,5.742,126.3,2,30,44,6.025,7.125,-6.4,1.566,2.353,0.3,0.0,1.5,2.53
1788457593.59,driving,6.754,5.75,126.3,2,30,44,6.025,7.125,-6.5,1.556,2.343,0.3,0.0,1.5,2.53
1788457593.645,driving,6.748,5.758,126.3,2,30,44,6.025,7.125,-6.5,1.546,2.333,0.3,0.0,1.5,2.5
1788457593.707,driving,6.735,5.775,126.3,2,30,44,6.025,7.125,-6.6,1.526,2.313,0.3,0.0,1.5,2.5
1788457593.767,driving,6.729,5.782,126.3,3,31,44,5.975,7.175,-6.6,1.584,2.303,0.3,0.0,1.5,2.47
1788457593.825,driving,6.715,5.797,126.4,3,31,44,5.975,7.175,-6.7,1.564,2.283,0.3,0.0,1.5,2.47
1788457593.88,driving,6.708,5.805,126.4,3,31,44,5.975,7.175,-6.8,1.554,2.273,0.3,0.0,1.5,2.44
1788457593.935,driving,6.696,5.821,126.4,3,31,44,5.975,7.175,-6.8,1.534,2.253,0.3,0.0,1.5,2.44
1788457593.989,driving,6.69,5.83,126.4,3,31,44,5.975,7.175,-6.8,1.524,2.242,0.3,0.0,1.5,2.41
1788457594.04,driving,6.678,5.846,126.4,4,32,44,5.925,7.225,-6.9,1.571,2.222,0.3,0.0,1.5,2.41
1788457594.093,driving,6.672,5.854,126.4,4,32,44,5.925,7.225,-6.9,1.561,2.212,0.3,0.0,1.5,2.37
1788457594.146,driving,6.66,5.871,126.4,4,32,44,5.925,7.225,-6.9,1.541,2.192,0.3,0.0,1.5,2.37
1788457594.201,driving,6.654,5.879,126.4,0,27,40,5.925,7.175,-6.9,1.487,2.182,0.3,0.0,1.5,2.34
1788457594.254,driving,6.642,5.895,126.4,1,28,40,5.875,7.225,-6.9,1.535,2.161,0.3,0.0,1.5,2.34
1788457594.309,driving,6.635,5.902,126.7,1,28,40,5.875,7.225,-7.2,1.526,2.153,0.3,0.0,1.5,2.31
1788457594.363,driving,6.622,5.913,127.3,1,28,40,5.875,7.225,-7.8,1.51,2.137,0.3,0.0,1.5,2.31
1788457594.421,driving,6.616,5.92,127.4,1,28,40,5.875,7.225,-7.8,1.5,2.127,0.3,0.0,1.5,2.28
1788457594.485,driving,6.604,5.937,127.4,2,29,40,5.853,7.27,-7.8,1.53,2.106,0.3,0.0,1.5,2.28
1788457594.543,driving,6.597,5.945,127.4,2,29,40,5.853,7.27,-7.8,1.52,2.096,0.3,0.0,1.5,2.25
1788457594.603,driving,6.591,5.953,127.4,2,29,40,5.853,7.27,-7.8,1.51,2.086,0.3,0.0,1.5,2.25
1788457594.657,driving,6.579,5.969,127.4,3,30,40,5.83,7.314,-7.9,1.54,2.066,0.3,0.0,1.5,2.22
1788457594.709,driving,6.573,5.977,127.4,3,30,40,5.83,7.314,-7.9,1.529,2.056,0.3,0.0,1.5,2.22
1788457594.762,driving,6.56,5.993,127.4,3,30,40,5.83,7.314,-7.9,1.509,2.036,0.3,0.0,1.5,2.19
1788457594.815,driving,6.554,6.002,127.4,3,30,40,5.83,7.314,-7.9,1.499,2.026,0.3,0.0,1.5,2.19
1788457594.867,driving,6.543,6.015,127.5,4,31,40,5.808,7.359,-8.0,1.532,2.008,0.3,0.0,1.5,2.16
1788457594.919,driving,6.537,6.021,127.6,4,31,40,5.808,7.359,-8.2,1.524,2.0,0.3,0.0,1.5,2.16
1788457594.972,driving,6.525,6.036,127.7,4,31,40,5.808,7.359,-8.3,1.506,1.982,0.3,0.0,1.5,2.13
1788457595.027,driving,6.519,6.044,127.7,4,31,40,5.808,7.359,-8.3,1.496,1.972,0.3,0.0,1.5,2.13
1788457595.08,driving,6.507,6.06,127.7,5,32,40,5.786,7.404,-8.3,1.525,1.952,0.3,0.0,1.5,2.1
1788457595.131,driving,6.501,6.068,127.7,5,32,40,5.786,7.404,-8.3,1.515,1.942,0.3,0.0,1.5,2.1
1788457595.187,driving,6.488,6.084,127.7,5,32,40,5.786,7.404,-8.4,1.495,1.922,0.3,0.0,1.5,2.07
1788457595.245,driving,6.482,6.092,127.7,6,33,40,5.763,7.449,-8.4,1.535,1.912,0.3,0.0,1.5,2.07
1788457595.309,driving,6.469,6.108,127.7,6,33,40,5.763,7.449,-8.4,1.515,1.892,0.3,0.0,1.5,2.04
1788457595.366,driving,6.463,6.116,127.7,6,33,40,5.763,7.449,-8.5,1.505,1.882,0.3,0.0,1.5,2.04
1788457595.421,driving,6.455,6.128,127.5,6,33,40,5.763,7.449,-8.3,1.491,1.868,0.3,0.0,1.5,2.01
1788457595.472,driving,6.452,6.132,127.3,7,34,40,5.741,7.493,-8.2,1.535,1.862,0.3,0.0,1.5,2.01
1788457595.525,driving,6.447,6.139,127.3,7,34,40,5.741,7.493,-8.2,1.528,1.854,0.3,0.0,1.5,1.98
1788457595.574,driving,6.435,6.155,127.3,7,34,40,5.741,7.493,-8.2,1.507,1.834,0.3,0.0,1.5,1.98
1788457595.628,driving,6.429,6.163,127.3,7,34,40,5.741,7.493,-8.3,1.497,1.824,0.3,0.0,1.5,1.95
1788457595.678,driving,6.416,6.179,127.3,8,35,40,5.718,7.538,-8.3,1.527,1.804,0.3,0.0,1.5,1.95
1788457595.739,driving,6.41,6.188,127.3,8,35,40,5.718,7.538,-8.4,1.517,1.794,0.3,0.0,1.5,1.92
1788457595.818,driving,6.398,6.204,127.3,8,35,40,5.718,7.538,-8.4,1.497,1.774,0.3,0.0,1.5,1.92
1788457595.877,driving,6.391,6.212,127.3,9,36,40,5.675,7.625,-8.5,1.584,1.764,0.3,0.0,1.5,1.89
1788457595.947,driving,6.379,6.228,127.3,9,36,40,5.675,7.625,-8.5,1.564,1.743,0.3,0.0,1.5,1.89
1788457596.013,driving,6.371,6.235,127.4,9,36,40,5.675,7.625,-8.7,1.554,1.733,0.3,0.0,1.5,1.86
1788457596.077,driving,6.351,6.249,127.7,10,36,40,5.675,7.625,-9.1,1.533,1.712,0.3,0.0,1.5,1.86
1788457596.142,driving,6.344,6.257,127.7,10,36,40,5.675,7.625,-9.2,1.523,1.702,0.3,0.0,1.5,1.83
1788457596.201,driving,6.332,6.273,127.7,10,36,40,5.675,7.625,-9.2,1.503,1.682,0.3,0.0,1.5,1.83
1788457596.256,driving,6.325,6.281,127.7,10,36,40,5.675,7.625,-9.3,1.493,1.672,0.3,0.0,1.5,1.8
1788457596.312,driving,6.313,6.297,127.7,11,37,40,5.653,7.67,-9.4,1.523,1.652,0.3,0.0,1.5,1.8
1788457596.366,driving,6.307,6.305,127.7,11,37,40,5.653,7.67,-9.4,1.513,1.642,0.3,0.0,1.5,1.77
1788457596.422,driving,6.294,6.321,127.7,11,37,40,5.653,7.67,-9.5,1.493,1.622,0.3,0.0,1.5,1.77
1788457596.483,driving,6.288,6.329,127.7,12,38,40,5.625,7.725,-9.6,1.545,1.612,0.3,0.0,1.5,1.74
1788457596.534,driving,6.282,6.337,127.7,12,38,40,5.625,7.725,-9.6,1.535,1.602,0.3,0.0,1.5,1.74
1788457596.588,driving,6.27,6.353,127.7,12,38,40,5.625,7.725,-9.7,1.516,1.583,0.3,0.0,1.5,1.71
1788457596.64,driving,6.265,6.36,127.7,12,38,40,5.625,7.725,-9.8,1.507,1.574,0.3,0.0,1.5,1.71
1788457596.694,driving,6.253,6.376,127.7,13,39,40,5.575,7.775,-9.8,1.555,1.555,0.3,0.0,1.5,1.68
1788457596.694,driving,6.253,6.376,127.7,13,39,40,5.575,7.775,-9.9,1.555,1.555,0.3,0.0,1.5,1.68
1788457596.807,driving,6.235,6.4,127.7,14,39,40,5.575,7.775,-9.9,1.525,1.525,0.3,0.0,1.5,1.65
1788457596.866,driving,6.228,6.408,127.7,14,39,40,5.575,7.775,-10.0,1.515,1.515,0.3,0.0,1.5,1.65
1788457596.925,driving,6.216,6.424,127.7,14,39,40,5.575,7.775,-10.1,1.495,1.495,0.3,0.0,1.5,1.62
1788457596.984,driving,6.21,6.432,127.7,14,39,40,5.575,7.775,-10.1,1.485,1.485,0.3,0.0,1.5,1.62
1788457597.037,driving,6.197,6.448,127.7,14,39,40,5.575,7.775,-10.2,1.465,1.465,0.3,0.0,1.5,1.59
1788457597.089,driving,6.191,6.456,127.7,14,39,40,5.575,7.775,-10.2,1.455,1.455,0.3,0.0,1.5,1.59
1788457597.142,driving,6.171,6.472,128.5,15,39,40,5.575,7.775,-11.0,1.432,1.432,0.3,0.0,1.5,1.56
1788457597.193,driving,6.158,6.479,129.0,15,39,40,5.575,7.775,-11.7,1.421,1.421,0.3,0.0,1.5,1.56
1788457597.245,driving,6.14,6.494,129.4,16,39,40,5.575,7.775,-12.1,1.4,1.4,0.3,0.0,1.5,1.53
1788457597.297,driving,6.134,6.502,129.4,16,39,40,5.575,7.775,-12.2,1.39,1.39,0.3,0.0,1.5,1.53
1788457597.349,driving,6.121,6.518,129.4,16,39,40,5.575,7.775,-12.3,1.371,1.371,0.3,0.0,1.5,1.5
1788457597.4,driving,6.115,6.526,129.4,16,39,40,5.575,7.775,-12.4,1.361,1.361,0.3,0.0,1.5,1.5
1788457597.454,driving,6.108,6.534,129.4,16,39,40,5.575,7.775,-12.5,1.351,1.351,0.3,0.0,1.5,1.47
1788457597.51,driving,6.095,6.549,129.4,17,39,40,5.575,7.775,-12.6,1.331,1.331,0.3,0.0,1.5,1.47
1788457597.568,driving,6.089,6.557,129.4,17,39,40,5.575,7.775,-12.7,1.322,1.322,0.3,0.0,1.5,1.44
1788457597.626,driving,6.076,6.573,129.4,17,39,40,5.575,7.775,-12.8,1.302,1.302,0.3,0.0,1.5,1.44
1788457597.685,driving,6.068,6.581,129.4,17,39,40,5.575,7.775,-12.9,1.292,1.292,0.3,0.0,1.5,1.41
1788457597.74,driving,6.049,6.596,129.5,17,39,40,5.575,7.775,-13.1,1.271,1.271,0.3,0.0,1.5,1.41
1788457597.791,driving,6.042,6.604,129.5,17,39,40,5.575,7.775,-13.2,1.261,1.261,0.3,0.0,1.5,1.38
1788457597.843,driving,6.029,6.619,129.5,18,39,40,5.575,7.775,-13.4,1.241,1.241,0.3,0.0,1.5,1.38
1788457597.896,driving,6.022,6.627,129.5,18,39,40,5.575,7.775,-13.5,1.232,1.232,0.3,0.0,1.5,1.35
1788457597.946,driving,6.009,6.643,129.5,18,39,40,5.575,7.775,-13.6,1.212,1.212,0.3,0.0,1.5,1.35
1788457597.999,driving,6.003,6.651,129.5,19,39,40,5.575,7.775,-13.7,1.203,1.203,0.3,0.0,1.5,1.32
1788457598.052,driving,5.99,6.667,129.5,19,39,40,5.575,7.775,-13.9,1.183,1.183,0.3,0.0,1.5,1.32
1788457598.105,driving,5.983,6.674,129.5,19,39,40,5.575,7.775,-14.0,1.174,1.174,0.3,0.0,1.5,1.29
1788457598.158,driving,5.97,6.69,129.5,20,39,40,5.575,7.775,-14.1,1.154,1.154,0.3,0.0,1.5,1.29
1788457598.211,driving,5.964,6.701,129.5,20,39,40,5.575,7.775,-14.3,1.143,1.143,0.3,0.0,1.5,1.26
1788457598.264,driving,5.951,6.722,129.6,20,39,40,5.575,7.775,-14.5,1.118,1.118,0.3,0.0,1.5,1.26
1788457598.322,driving,5.945,6.73,129.6,20,39,40,5.575,7.775,-14.6,1.109,1.109,0.3,0.0,1.5,1.23
1788457598.375,driving,5.938,6.738,129.6,21,39,40,5.575,7.775,-14.8,1.099,1.099,0.3,0.0,1.5,1.23
1788457598.436,driving,5.925,6.753,129.6,21,39,40,5.575,7.775,-14.9,1.08,1.08,0.3,0.0,1.5,1.2
1788457598.495,driving,5.919,6.761,129.6,21,39,40,5.575,7.775,-15.1,1.07,1.07,0.3,0.0,1.5,1.2
1788457598.552,driving,5.906,6.777,129.6,22,39,40,5.575,7.775,-15.2,1.051,1.051,0.298,0.0,1.5,1.17
1788457598.603,driving,5.899,6.785,129.6,22,39,40,5.575,7.775,-15.4,1.042,1.042,0.298,0.0,1.5,1.17
1788457598.657,driving,5.886,6.8,129.6,0,20,21,5.575,7.775,-15.5,1.023,1.023,0.295,0.0,1.5,1.14
1788457598.708,driving,5.88,6.808,129.6,0,20,21,5.575,7.775,-15.7,1.014,1.014,0.295,0.0,1.5,1.14
1788457598.762,driving,5.861,6.826,129.7,0,20,21,5.575,7.775,-15.9,0.991,0.991,0.292,0.0,1.5,1.12
1788457598.813,turning,5.85,6.836,129.7,0,20,21,5.575,7.775,-16.2,0.978,0.978,0.0,-2.4,1.5,1.12
1788457598.865,turning,5.839,6.846,129.0,1,20,21,5.575,7.775,-15.6,0.966,0.966,0.0,-2.4,1.5,1.09
1788457598.919,turning,5.839,6.846,128.1,1,20,21,5.575,7.775,-14.9,0.966,0.966,0.0,-2.4,1.5,1.09
1788457598.974,turning,5.839,6.846,126.4,1,20,21,5.575,7.775,-13.4,0.966,0.966,0.0,-2.4,1.5,1.08
1788457599.026,turning,5.839,6.846,125.5,1,20,21,5.575,7.775,-12.7,0.966,0.966,0.0,-2.4,1.5,1.08
1788457599.085,turning,5.839,6.846,123.8,1,20,21,5.575,7.775,-11.2,0.966,0.966,0.0,-2.4,1.5,1.07
1788457599.147,turning,5.839,6.846,123.0,1,20,21,5.575,7.775,-10.5,0.966,0.966,0.0,-2.4,1.5,1.07
1788457599.205,turning,5.839,6.846,121.2,1,20,21,5.575,7.775,-8.9,0.966,0.966,0.0,-2.4,1.5,1.07
1788457599.262,turning,5.839,6.846,120.4,1,20,21,5.575,7.775,-8.2,0.966,0.966,0.0,-2.4,1.5,1.07
1788457599.319,turning,5.841,6.844,119.4,1,20,21,5.575,7.775,-7.4,0.968,0.968,0.0,-2.4,1.5,1.07
1788457599.373,driving,5.849,6.837,116.9,0,20,21,5.575,7.775,-5.1,0.978,0.978,0.288,0.0,1.5,1.07
1788457599.426,driving,5.851,6.835,115.9,0,20,21,5.575,7.775,-4.2,0.98,0.98,0.288,0.0,1.5,1.07
1788457599.478,driving,5.85,6.838,115.8,0,20,21,5.575,7.775,-4.2,0.977,0.977,0.288,0.0,1.5,1.07
1788457599.532,driving,5.848,6.841,115.8,0,20,21,5.575,7.775,-4.4,0.973,0.973,0.287,0.0,1.5,1.07
1788457599.583,driving,5.842,6.854,115.8,1,20,21,5.575,7.775,-4.5,0.959,0.959,0.287,0.0,1.5,1.07
1788457599.635,driving,5.837,6.858,115.9,1,20,21,5.575,7.775,-4.7,0.954,0.954,0.286,0.0,1.5,1.05
1788457599.691,driving,5.827,6.864,116.1,0,19,20,5.575,7.775,-5.1,0.945,0.945,0.286,0.0,1.5,1.05
1788457599.745,driving,5.822,6.871,116.2,0,19,20,5.575,7.775,-5.3,0.937,0.937,0.283,0.0,1.5,1.02
1788457599.799,driving,5.813,6.888,116.2,0,19,20,5.575,7.775,-5.4,0.918,0.918,0.283,0.0,1.5,1.02
1788457599.857,driving,5.809,6.897,116.2,0,19,20,5.575,7.775,-5.6,0.909,0.909,0.28,0.0,1.5,0.99
1788457599.918,driving,5.801,6.914,116.2,1,19,20,5.575,7.775,-5.7,0.89,0.89,0.28,0.0,1.5,0.99
1788457599.978,driving,5.796,6.923,116.2,1,19,20,5.575,7.775,-5.8,0.88,0.88,0.278,0.0,1.5,0.96
1788457600.037,driving,5.788,6.94,116.2,1,19,20,5.575,7.775,-6.0,0.862,0.862,0.278,0.0,1.5,0.96
1788457600.091,driving,5.784,6.948,116.2,2,19,20,5.575,7.775,-6.1,0.853,0.853,0.275,0.0,1.5,0.94
1788457600.142,driving,5.776,6.965,116.2,2,19,20,5.575,7.775,-6.3,0.834,0.834,0.275,0.0,1.5,0.94
1788457600.196,driving,5.771,6.974,116.2,2,19,20,5.575,7.775,-6.4,0.825,0.825,0.273,0.0,1.5,0.91
1788457600.249,driving,5.767,6.982,116.2,2,19,20,5.575,7.775,-6.6,0.816,0.816,0.273,0.0,1.5,0.91
1788457600.303,driving,5.759,6.999,116.2,3,19,20,5.575,7.775,-6.8,0.798,0.798,0.27,0.0,1.5,0.88
1788457600.355,driving,5.755,7.007,116.2,3,19,20,5.575,7.775,-6.9,0.789,0.789,0.27,0.0,1.5,0.88
1788457600.414,driving,5.75,7.024,115.9,3,19,20,5.575,7.775,-6.7,0.771,0.771,0.268,0.0,1.5,0.86
1788457600.467,driving,5.749,7.033,115.6,3,19,20,5.575,7.775,-6.6,0.762,0.762,0.268,0.0,1.5,0.86
1788457600.519,driving,5.744,7.05,115.3,4,19,20,5.575,7.775,-6.5,0.745,0.745,0.265,0.0,1.5,0.83
1788457600.57,driving,5.74,7.058,115.3,4,19,20,5.575,7.775,-6.6,0.736,0.736,0.265,0.0,1.5,0.83
1788457600.627,driving,5.732,7.074,115.3,4,19,20,5.575,7.775,-6.8,0.718,0.718,0.263,0.0,1.5,0.81
1788457600.685,driving,5.728,7.083,115.3,4,19,20,5.575,7.775,-6.9,0.709,0.709,0.263,0.0,1.5,0.81
1788457600.747,driving,5.721,7.099,115.3,0,14,15,5.575,7.775,-7.1,0.692,0.692,0.261,0.0,1.5,0.78
1788457600.805,driving,5.717,7.107,115.3,1,14,15,5.575,7.775,-7.2,0.683,0.683,0.261,0.0,1.5,0.78
1788457600.861,driving,5.711,7.12,115.6,1,14,15,5.575,7.775,-7.6,0.669,0.669,0.258,0.0,1.5,0.76
1788457600.916,driving,5.709,7.126,115.7,1,14,15,5.575,7.775,-8.0,0.663,0.663,0.258,0.0,1.5,0.76
1788457600.97,driving,5.703,7.14,115.9,1,14,15,5.575,7.775,-8.2,0.648,0.648,0.256,0.0,1.5,0.73
1788457601.024,driving,5.699,7.148,115.9,1,14,15,5.575,7.775,-8.4,0.639,0.639,0.256,0.0,1.5,0.73
1788457601.08,driving,5.691,7.163,115.9,2,14,15,5.575,7.775,-8.6,0.622,0.622,0.254,0.0,1.5,0.71
1788457601.131,driving,5.687,7.171,115.9,2,14,15,5.575,7.775,-8.7,0.614,0.614,0.254,0.0,1.5,0.71
1788457601.185,driving,5.684,7.179,115.9,2,14,15,5.575,7.775,-8.9,0.606,0.606,0.251,0.0,1.5,0.68
1788457601.238,driving,5.676,7.195,115.9,2,14,15,5.575,7.775,-9.1,0.589,0.589,0.251,0.0,1.5,0.68
1788457601.295,driving,5.672,7.202,115.9,2,14,15,5.575,7.775,-9.3,0.581,0.581,0.249,0.0,1.5,0.66
1788457601.349,driving,5.665,7.218,115.9,3,14,15,5.575,7.775,-9.4,0.565,0.565,0.249,0.0,1.5,0.66
1788457601.405,driving,5.66,7.229,116.1,3,14,15,5.575,7.775,-9.8,0.553,0.553,0.247,0.0,1.5,0.64
1788457601.463,driving,5.648,7.254,116.8,3,14,15,5.575,7.775,-10.7,0.526,0.526,0.247,0.0,1.5,0.64
1788457601.522,driving,5.643,7.264,116.9,3,14,15,5.575,7.775,-11.1,0.516,0.516,0.245,0.0,1.5,0.61
1788457601.579,driving,5.636,7.279,116.9,4,14,15,5.575,7.775,-11.3,0.5,0.5,0.245,0.0,1.5,0.61
1788457601.639,driving,5.632,7.286,116.9,4,14,15,5.575,7.775,-11.5,0.492,0.492,0.243,0.0,1.5,0.59
1788457601.693,driving,5.624,7.301,116.9,4,14,15,5.575,7.775,-11.7,0.477,0.477,0.243,0.0,1.5,0.59
1788457601.751,driving,5.621,7.308,116.9,0,9,10,5.575,7.775,-12.0,0.469,0.469,0.241,0.0,1.5,0.57
1788457601.805,driving,5.613,7.323,116.9,0,9,10,5.575,7.775,-12.2,0.454,0.454,0.241,0.0,1.5,0.57
1788457601.857,driving,5.61,7.33,116.9,0,9,10,5.575,7.775,-12.9,0.446,0.446,0.239,0.0,0.6,0.55
1788457601.91,driving,5.605,7.34,116.9,0,9,10,5.575,7.775,-13.5,0.436,0.436,0.239,0.0,0.6,0.55
1788457601.963,driving,5.604,7.337,116.9,0,9,10,5.575,7.775,-14.1,0.439,0.439,0.237,0.0,0.6,0.53
1788457602.016,driving,5.604,7.331,117.0,0,9,10,5.575,7.775,-14.7,0.445,0.445,0.237,0.0,0.6,0.53
1788457602.067,driving,5.604,7.331,117.0,0,9,10,5.575,7.775,-15.2,0.445,0.445,0.237,0.0,0.6,0.53
1788457602.12,driving,5.604,7.331,117.0,0,9,10,5.575,7.775,-15.7,0.445,0.445,0.237,0.0,0.6,0.53
1788457602.176,turning,5.604,7.331,117.0,0,9,10,5.575,7.775,-16.2,0.445,0.445,0.0,-2.4,0.6,0.53
1788457602.231,turning,5.604,7.331,117.0,0,9,10,5.575,7.775,-16.6,0.445,0.445,0.0,-2.4,0.6,0.53
1788457602.29,turning,5.604,7.331,115.4,0,9,10,5.575,7.775,-15.4,0.445,0.445,0.0,-2.4,0.6,0.53
1788457602.348,turning,5.604,7.331,114.5,0,9,10,5.575,7.775,-14.9,0.445,0.445,0.0,-2.4,0.6,0.53
1788457602.41,turning,5.604,7.331,112.8,0,9,10,5.575,7.775,-13.6,0.445,0.445,0.0,-2.4,0.6,0.53
1788457602.462,turning,5.604,7.331,112.0,0,9,10,5.575,7.775,-13.0,0.445,0.445,0.0,-2.4,0.6,0.53
1788457602.514,turning,5.604,7.331,110.2,0,9,10,5.575,7.775,-11.6,0.445,0.445,0.0,-2.4,0.6,0.53
1788457602.568,turning,5.604,7.331,109.4,0,9,10,5.575,7.775,-11.1,0.445,0.445,0.0,-2.4,0.6,0.53
1788457602.622,turning,5.604,7.331,107.7,0,9,10,5.575,7.775,-9.6,0.445,0.445,0.0,-2.4,0.6,0.52
1788457602.679,turning,5.604,7.331,106.8,0,9,10,5.575,7.775,-9.0,0.445,0.445,0.0,-2.4,0.6,0.52
1788457602.729,driving,5.604,7.331,105.1,0,9,10,5.575,7.775,-7.6,0.445,0.445,0.236,0.0,0.6,0.52
1788457602.78,driving,5.604,7.331,104.2,0,9,10,5.575,7.775,-6.9,0.445,0.445,0.236,0.0,0.6,0.52
1788457602.834,driving,5.603,7.333,104.1,0,9,10,5.575,7.775,-7.0,0.442,0.442,0.236,0.0,0.6,0.52
1788457602.886,driving,5.602,7.337,104.1,0,9,10,5.575,7.775,-7.2,0.439,0.439,0.236,0.0,0.6,0.52
1788457602.942,driving,5.592,7.36,104.0,0,9,10,5.575,7.775,-7.4,0.416,0.416,0.235,0.0,0.6,0.51
1788457603.003,driving,5.585,7.374,104.0,1,9,10,5.575,7.775,-7.7,0.401,0.401,0.235,0.0,0.6,0.51
1788457603.064,driving,5.58,7.386,104.0,1,9,10,5.575,7.775,-8.0,0.39,0.39,0.234,0.0,0.6,0.5
1788457603.125,driving,5.577,7.401,104.0,1,9,10,5.575,7.775,-8.4,0.374,0.374,0.234,0.0,0.6,0.5
1788457603.183,driving,5.575,7.409,104.0,1,9,10,5.575,7.775,-8.7,0.366,0.366,0.232,0.0,0.6,0.48
1788457603.236,driving,5.571,7.424,104.0,1,9,10,5.575,7.775,-9.1,0.351,0.351,0.232,0.0,0.6,0.48
1788457603.292,driving,5.57,7.432,103.9,1,9,10,5.575,7.775,-9.3,0.343,0.343,0.231,0.0,0.6,0.46
1788457603.346,driving,5.571,7.447,103.5,2,9,10,5.575,7.775,-9.3,0.328,0.328,0.231,0.0,0.6,0.46
1788457603.4,driving,5.57,7.455,103.4,3,9,10,5.575,7.775,-9.5,0.32,0.32,0.229,0.0,0.6,0.45
1788457603.454,driving,5.567,7.47,103.4,3,9,10,5.575,7.775,-9.8,0.305,0.305,0.229,0.0,0.6,0.45
1788457603.51,driving,5.565,7.478,103.4,3,9,10,5.575,7.775,-10.2,0.297,0.297,0.223,0.0,0.6,0.44
1788457603.565,driving,5.561,7.493,103.4,3,9,10,5.575,7.775,-10.5,0.282,0.282,0.22,0.0,0.6,0.44
1788457603.619,driving,5.559,7.5,103.4,4,9,10,5.575,7.775,-10.9,0.275,0.275,0.22,0.0,0.6,0.43
1788457603.673,driving,5.556,7.515,103.4,4,9,10,5.575,7.775,-11.3,0.261,0.261,0.22,0.0,0.6,0.43
1788457603.729,driving,5.554,7.522,103.4,4,9,10,5.575,7.775,-11.7,0.254,0.254,0.22,0.0,0.6,0.42
1788457603.788,driving,5.551,7.537,103.4,0,5,6,5.575,7.775,-12.2,0.24,0.24,0.22,0.0,0.6,0.42
1788457603.856,driving,5.547,7.545,103.4,0,5,6,5.575,7.775,-12.6,0.232,0.232,0.22,0.0,0.6,0.41
1788457603.916,driving,5.54,7.561,103.4,0,5,6,5.575,7.775,-13.2,0.217,0.217,0.22,0.0,0.6,0.41
1788457603.975,driving,5.538,7.568,103.4,0,5,6,5.575,7.775,-13.8,0.21,0.21,0.22,0.0,0.6,0.41
1788457604.026,driving,5.537,7.575,103.4,0,5,6,5.575,7.775,-14.5,0.203,0.203,0.22,0.0,0.6,0.41
1788457604.082,driving,5.533,7.59,103.4,0,5,6,5.575,7.775,-15.2,0.19,0.19,0.22,0.0,0.6,0.41
1788457604.136,driving,5.532,7.597,103.4,0,5,6,5.575,7.775,-15.9,0.183,0.183,0.22,0.0,0.6,0.41
1788457604.19,turning,5.528,7.612,103.4,2,5,6,5.575,7.775,-16.7,0.17,0.17,0.0,-2.4,0.6,0.41
1788457604.243,turning,5.526,7.619,103.4,2,5,6,5.575,7.775,-17.5,0.164,0.164,0.0,-2.4,0.6,0.41
1788457604.3,turning,5.526,7.621,101.9,2,5,6,5.575,7.775,-16.9,0.161,0.161,0.0,-2.4,0.6,0.43
1788457604.351,turning,5.526,7.621,101.1,2,5,6,5.575,7.775,-16.8,0.161,0.161,0.0,-2.4,0.6,0.43
1788457604.407,turning,5.524,7.623,99.4,2,5,6,5.575,7.775,-15.5,0.16,0.16,0.0,-2.4,1.5,1.35
1788457604.459,turning,5.523,7.624,98.6,2,5,6,5.575,7.775,-15.0,0.159,0.159,0.0,-2.4,1.5,1.35
1788457604.517,turning,5.522,7.625,96.9,2,5,6,5.575,7.775,-13.6,0.159,0.159,0.0,-2.4,1.5,1.35
1788457604.573,turning,5.522,7.625,96.1,2,5,6,5.575,7.775,-13.1,0.159,0.159,0.0,-2.4,1.5,1.35
1788457604.635,turning,5.522,7.625,94.3,2,5,6,5.575,7.775,-11.7,0.159,0.159,0.0,-2.4,1.5,1.35
1788457604.691,turning,5.522,7.625,93.5,2,5,6,5.575,7.775,-11.1,0.159,0.159,0.0,-2.4,1.5,1.35
1788457604.752,driving,5.522,7.625,91.8,2,5,6,5.575,7.775,-9.7,0.159,0.159,0.22,0.0,1.5,1.35
1788457604.807,driving,5.522,7.625,90.9,0,3,4,5.575,7.775,-9.1,0.159,0.159,0.22,0.0,1.5,1.35
1788457604.861,driving,5.522,7.628,90.6,0,3,4,5.575,7.775,-9.1,0.156,0.156,0.22,0.0,1.5,1.35
1788457604.917,driving,5.522,7.632,90.6,0,3,4,5.575,7.775,-9.4,0.153,0.153,0.22,0.0,1.5,1.35
1788457604.969,goal_approach,5.522,7.637,90.6,3,3,4,5.575,7.775,-21.6,0.148,0.148,0.0,-2.4,,1.34
1788457605.022,goal_approach,5.522,7.647,90.1,3,3,4,5.575,7.775,-22.5,0.139,0.139,0.0,-2.4,,1.34
1788457605.074,goal_approach,5.523,7.648,89.2,3,3,4,5.575,7.775,-21.4,0.137,0.137,0.0,-2.4,,1.32
1788457605.126,goal_approach,5.527,7.652,87.5,3,3,4,5.575,7.775,-18.7,0.131,0.131,0.0,-2.4,,1.32
1788457605.179,goal_approach,5.528,7.653,86.6,3,3,4,5.575,7.775,-17.6,0.13,0.13,0.0,-2.4,,1.32
1788457605.23,goal_approach,5.528,7.653,84.9,3,3,4,5.575,7.775,-15.9,0.13,0.13,0.0,-2.4,,1.32
1788457605.285,goal_approach,5.528,7.653,84.0,3,3,4,5.575,7.775,-15.1,0.13,0.13,0.0,-2.4,,1.32
1788457605.347,goal_approach,5.528,7.653,82.3,3,3,4,5.575,7.775,-13.3,0.13,0.13,0.0,-2.4,,1.32
1788457605.408,goal_approach,5.528,7.653,81.4,3,3,4,5.575,7.775,-12.5,0.13,0.13,0.0,-2.4,,1.32
1788457605.466,goal_approach,5.528,7.653,79.7,3,3,4,5.575,7.775,-10.8,0.13,0.13,0.0,-2.4,,1.32
1788457605.525,goal_approach,5.528,7.657,78.9,3,3,4,5.575,7.775,-10.5,0.127,0.127,0.0,-2.4,,1.32
1788457605.58,goal_approach,5.528,7.666,77.3,3,3,4,5.575,7.775,-10.5,0.119,0.119,0.0,-2.4,,1.32
1788457605.634,goal_approach,5.528,7.667,76.4,3,3,4,5.575,7.775,-9.8,0.118,0.118,0.0,-2.4,,1.32
1788457605.687,goal_approach,5.528,7.667,74.7,3,3,4,5.575,7.775,-8.1,0.118,0.118,0.0,-2.4,,1.32
1788457605.74,goal_approach,5.528,7.667,73.8,3,3,4,5.575,7.775,-7.2,0.118,0.118,0.0,-2.4,,1.31
1788457605.793,goal_approach,5.528,7.667,72.1,3,3,4,5.575,7.775,-5.5,0.118,0.118,0.0,-2.4,,1.31
1788457605.845,goal_approach,5.528,7.673,71.3,2,2,3,5.575,7.775,-5.8,0.112,0.112,0.0,-2.4,,1.31
1788457605.9,goal_approach,5.529,7.679,70.4,2,2,3,5.575,7.775,-6.2,0.106,0.106,0.0,-2.4,,1.31
1788457605.955,goal_approach,5.529,7.686,68.7,2,2,3,5.575,7.775,-5.9,0.1,0.1,0.0,-2.4,,1.31
1788457606.008,goal_approach,5.529,7.686,67.8,2,2,3,5.575,7.775,-5.1,0.1,0.1,0.0,-2.4,,1.31
1788457606.063,goal_approach,5.529,7.686,66.1,2,2,3,5.575,7.775,-3.4,0.1,0.1,0.0,-2.4,,1.31
1788457606.125,goal_approach,5.529,7.686,65.2,2,2,3,5.575,7.775,-2.5,0.1,0.1,0.22,0.0,,1.31
1788457606.187,goal_approach,5.529,7.69,64.3,2,2,3,5.575,7.775,-2.5,0.097,0.097,0.22,0.0,,1.31
1788457606.245,goal_approach,5.53,7.695,64.3,2,2,3,5.575,7.775,-3.5,0.092,0.092,0.22,0.0,,1.31
1788457606.303,goal_approach,5.535,7.707,64.3,2,2,3,5.575,7.775,-4.9,0.079,0.079,0.22,0.0,,1.3
1788457606.359,goal_approach,5.538,7.713,64.3,2,2,3,5.575,7.775,-5.4,0.072,0.072,0.22,0.0,,1.3
1788457606.417,goal_turn,5.544,7.727,64.3,2,2,3,5.575,7.775,113.3,0.0,0.057,0.0,4.5,,1.29
1788457606.475,goal_turn,5.547,7.733,64.3,2,2,3,5.575,7.775,113.3,0.0,0.05,0.0,4.5,,1.29
1788457606.53,goal_turn,5.549,7.736,69.9,2,2,3,5.575,7.775,107.7,0.0,0.047,0.0,4.5,,1.27
1788457606.582,goal_turn,5.55,7.736,73.3,2,2,3,5.575,7.775,104.3,0.0,0.047,0.0,4.5,,1.27
1788457606.634,goal_turn,5.55,7.736,80.0,2,2,3,5.575,7.775,97.6,0.0,0.047,0.0,4.5,,1.26
1788457606.685,goal_turn,5.55,7.736,83.2,2,2,3,5.575,7.775,94.4,0.0,0.047,0.0,4.5,,1.26
1788457606.74,goal_turn,5.55,7.736,89.8,2,2,3,5.575,7.775,87.8,0.0,0.047,0.0,4.5,,1.27
1788457606.792,goal_turn,5.55,7.736,93.1,2,2,3,5.575,7.775,84.6,0.0,0.047,0.0,4.427,,1.27
1788457606.852,goal_turn,5.55,7.736,96.3,1,1,2,5.575,7.775,81.3,0.0,0.047,0.0,4.256,,1.27
1788457606.91,goal_turn,5.55,7.736,102.6,1,1,2,5.575,7.775,75.0,0.0,0.047,0.0,3.928,,1.27
1788457606.974,goal_turn,5.55,7.736,105.6,1,1,2,5.575,7.775,72.0,0.0,0.047,0.0,3.772,,1.28
1788457607.032,goal_turn,5.55,7.736,110.8,1,1,2,5.575,7.775,66.9,0.0,0.047,0.0,3.501,,1.28
1788457607.087,goal_turn,5.551,7.738,113.0,1,1,2,5.575,7.775,64.6,0.0,0.044,0.0,3.383,,1.28
1788457607.144,goal_turn,5.552,7.747,116.6,1,1,2,5.575,7.775,61.0,0.0,0.036,0.0,3.194,,1.28
1788457607.196,goal_turn,5.552,7.746,118.3,1,1,2,5.575,7.775,59.4,0.0,0.037,0.0,3.108,,0.38
1788457607.248,goal_turn,5.552,7.737,121.1,1,1,2,5.575,7.775,56.5,0.0,0.044,0.0,2.958,,0.38
1788457607.302,goal_turn,5.553,7.738,122.8,1,1,2,5.575,7.775,54.9,0.0,0.043,0.0,2.872,,0.37
1788457607.355,goal_turn,5.556,7.743,125.9,1,1,2,5.575,7.775,51.7,0.0,0.037,0.0,2.708,,0.37
1788457607.406,goal_turn,5.556,7.754,127.3,1,1,2,5.575,7.775,50.3,0.0,0.029,0.0,2.633,,0.37
1788457607.46,goal_turn,5.555,7.779,129.7,1,1,2,5.575,7.775,47.9,0.0,0.021,0.0,2.507,,0.37
1788457607.512,goal_turn,5.553,7.785,130.9,1,1,2,5.575,7.775,46.7,0.0,0.024,0.0,2.445,,0.37
1788457607.565,goal_turn,5.551,7.795,133.0,1,1,2,5.575,7.775,44.6,0.0,0.031,0.0,2.4,,0.37
1788457607.617,goal_turn,5.551,7.795,134.0,1,1,2,5.575,7.775,43.6,0.0,0.032,0.0,2.4,,0.38
1788457607.672,goal_turn,5.551,7.795,136.1,1,1,2,5.575,7.775,41.5,0.0,0.031,0.0,2.4,,0.38
1788457607.732,goal_turn,5.551,7.795,136.9,1,1,2,5.575,7.775,40.7,0.0,0.031,0.0,2.4,,0.38
1788457607.793,goal_turn,5.551,7.795,137.7,1,1,2,5.575,7.775,39.9,0.0,0.031,0.0,2.4,,0.38
1788457607.854,goal_turn,5.548,7.796,139.4,1,1,2,5.575,7.775,38.2,0.0,0.035,0.0,2.4,,0.39
1788457607.908,goal_turn,5.544,7.797,140.3,1,1,2,5.575,7.775,37.4,0.0,0.038,0.0,2.4,,0.39
1788457607.963,goal_turn,5.54,7.798,141.9,1,1,2,5.575,7.775,35.7,0.0,0.042,0.0,2.4,,0.39
1788457608.016,goal_turn,5.54,7.798,142.7,1,1,2,5.575,7.775,34.9,0.0,0.042,0.0,2.4,,0.39
1788457608.067,goal_turn,5.542,7.794,144.2,1,1,2,5.575,7.775,33.4,0.0,0.038,0.0,2.4,,0.4
1788457608.121,goal_turn,5.543,7.79,144.9,1,1,2,5.575,7.775,32.7,0.0,0.035,0.0,2.4,,0.4
1788457608.177,goal_turn,5.544,7.787,146.4,1,1,2,5.575,7.775,31.2,0.0,0.033,0.0,2.4,,0.4
1788457608.23,goal_turn,5.544,7.787,147.3,1,1,2,5.575,7.775,30.4,0.0,0.033,0.0,2.4,,0.4
1788457608.287,goal_turn,5.544,7.787,148.9,1,1,2,5.575,7.775,28.7,0.0,0.033,0.0,2.4,,0.41
1788457608.338,goal_turn,5.544,7.787,149.7,1,1,2,5.575,7.775,27.9,0.0,0.033,0.0,2.4,,0.41
1788457608.396,goal_turn,5.54,7.79,151.1,1,1,2,5.575,7.775,26.5,0.0,0.038,0.0,2.4,,0.41
1788457608.454,goal_turn,5.536,7.792,151.8,1,1,2,5.575,7.775,25.8,0.0,0.042,0.0,2.4,,0.41
1788457608.519,goal_turn,5.534,7.794,153.3,1,1,2,5.575,7.775,24.3,0.0,0.045,0.0,2.4,,0.42
1788457608.575,goal_turn,5.534,7.794,154.1,1,1,2,5.575,7.775,23.5,0.0,0.045,0.0,2.4,,0.42
1788457608.633,goal_turn,5.534,7.794,155.8,1,1,2,5.575,7.775,21.8,0.0,0.045,0.0,2.4,,0.42
1788457608.686,goal_turn,5.534,7.794,156.6,1,1,2,5.575,7.775,21.0,0.0,0.045,0.0,2.4,,0.42
1788457608.738,goal_turn,5.534,7.795,157.3,1,1,2,5.575,7.775,20.3,0.0,0.046,0.0,2.4,,0.42
1788457608.793,goal_turn,5.531,7.799,158.5,1,1,2,5.575,7.775,19.1,0.0,0.05,0.0,2.4,,0.42
1788457608.848,goal_turn,5.53,7.799,159.2,1,1,2,5.575,7.775,18.4,0.0,0.051,0.0,2.4,,0.43
1788457610.395,turning,5.549,7.776,168.2,0,11,152,5.636,7.296,112.1,0.488,6.686,0.0,4.5,0.6,0.44
1788457610.395,turning,5.549,7.776,168.2,0,11,152,5.636,7.296,112.1,0.488,6.686,0.0,4.5,0.6,0.44
1788457610.499,turning,5.549,7.776,172.9,0,11,152,5.636,7.296,107.3,0.488,6.686,0.0,4.5,0.6,0.44
1788457610.552,turning,5.549,7.776,175.6,0,11,152,5.636,7.296,104.6,0.488,6.686,0.0,4.5,0.6,0.44
1788457610.604,turning,5.549,7.776,-179.0,0,11,152,5.636,7.296,99.3,0.488,6.686,0.0,4.5,0.6,0.44
1788457610.657,turning,5.549,7.776,-176.3,0,11,152,5.636,7.296,96.6,0.488,6.686,0.0,4.5,0.6,0.45
1788457610.712,turning,5.549,7.776,-170.9,0,11,152,5.636,7.296,91.2,0.488,6.686,0.0,4.5,0.6,0.45
1788457610.774,turning,5.549,7.776,-168.2,0,11,152,5.636,7.296,88.5,0.488,6.686,0.0,4.5,0.6,0.45
1788457610.834,turning,5.549,7.776,-162.9,0,11,152,5.636,7.296,83.1,0.488,6.686,0.0,4.352,0.6,0.45
1788457610.89,turning,5.549,7.776,-160.2,0,11,152,5.636,7.296,80.4,0.488,6.686,0.0,4.212,0.6,0.45
1788457610.951,turning,5.549,7.776,-154.8,0,11,152,5.636,7.296,75.1,0.488,6.686,0.0,3.93,0.6,0.45
1788457611.006,turning,5.551,7.78,-152.1,1,12,152,5.613,7.251,72.1,0.532,6.69,0.0,3.789,0.6,0.46
1788457611.057,turning,5.56,7.79,-147.0,1,12,152,5.613,7.251,66.8,0.541,6.703,0.0,3.521,0.6,0.46
1788457611.112,turning,5.562,7.79,-144.7,1,12,152,5.613,7.251,64.3,0.541,6.705,0.0,3.404,0.6,0.46
1788457611.166,turning,5.566,7.788,-141.1,1,12,152,5.613,7.251,60.3,0.539,6.706,0.0,3.212,0.6,0.46
1788457611.217,turning,5.564,7.79,-138.8,1,12,152,5.613,7.251,57.8,0.541,6.706,0.0,3.091,0.6,0.47
1788457611.268,turning,5.556,7.794,-134.4,1,12,152,5.613,7.251,53.2,0.545,6.704,0.0,2.863,0.6,0.47
1788457611.321,turning,5.553,7.796,-132.7,1,12,152,5.613,7.251,51.3,0.548,6.703,0.0,2.771,0.6,0.48
1788457611.376,turning,5.545,7.799,-129.7,0,11,152,5.636,7.296,48.5,0.511,6.702,0.0,2.617,0.6,0.48
1788457611.434,turning,5.55,7.8,-128.5,1,12,153,5.63,7.24,47.2,0.566,6.706,0.0,2.555,0.6,0.49
1788457611.487,turning,5.556,7.801,-127.5,1,12,153,5.63,7.24,46.1,0.566,6.71,0.0,2.5,0.6,0.49
1788457611.547,turning,5.568,7.806,-125.7,1,12,153,5.63,7.24,44.2,0.569,6.721,0.0,2.408,0.6,0.52
1788457611.607,turning,5.574,7.809,-124.9,1,12,153,5.63,7.24,43.3,0.571,6.727,0.0,2.4,0.6,0.52
1788457611.672,turning,5.582,7.81,-123.3,1,12,153,5.63,7.24,41.4,0.572,6.733,0.0,2.4,0.6,0.57
1788457611.729,turning,5.583,7.809,-122.4,1,12,153,5.63,7.24,40.3,0.57,6.732,0.0,2.4,0.6,0.57
1788457611.784,turning,5.585,7.807,-120.6,1,12,153,5.63,7.24,38.3,0.569,6.732,0.0,2.4,0.6,3.09
1788457611.835,turning,5.585,7.807,-119.8,1,12,153,5.63,7.24,37.3,0.569,6.732,0.0,2.4,0.6,3.09
1788457611.886,turning,5.589,7.81,-118.5,1,12,153,5.63,7.24,35.8,0.571,6.737,0.0,2.4,0.6,3.09
1788457611.939,turning,5.593,7.812,-117.9,1,12,153,5.63,7.24,35.0,0.573,6.741,0.0,2.4,0.6,3.09
1788457611.99,turning,5.596,7.813,-116.4,1,12,153,5.63,7.24,33.3,0.574,6.744,0.0,2.4,0.6,3.1
1788457612.04,turning,5.596,7.813,-115.6,1,12,153,5.63,7.24,32.3,0.574,6.744,0.0,2.4,0.6,3.1
1788457612.094,turning,5.599,7.817,-114.1,1,12,153,5.63,7.24,30.5,0.577,6.749,0.0,2.4,0.6,3.1
1788457612.149,turning,5.601,7.819,-113.3,1,12,153,5.63,7.24,29.5,0.58,6.752,0.0,2.4,0.6,3.1
1788457612.202,turning,5.603,7.821,-111.7,1,12,153,5.63,7.24,27.7,0.581,6.754,0.0,2.4,0.6,3.09
1788457612.253,turning,5.603,7.821,-110.9,1,12,153,5.63,7.24,26.7,0.581,6.754,0.0,2.4,0.6,3.09
1788457612.31,turning,5.603,7.821,-109.2,1,12,153,5.63,7.24,24.9,0.581,6.754,0.0,2.4,0.6,3.09
1788457612.369,turning,5.603,7.821,-108.4,1,12,153,5.63,7.24,23.9,0.581,6.754,0.0,2.4,0.6,3.09
1788457612.446,turning,5.611,7.82,-106.7,0,28,152,5.305,6.427,21.7,1.427,6.759,0.0,2.4,1.5,3.1
1788457612.508,turning,5.617,7.82,-105.8,0,28,152,5.305,6.427,20.3,1.427,6.762,0.0,2.4,1.5,3.1
1788457612.562,turning,5.619,7.82,-104.9,0,28,152,5.305,6.427,19.1,1.428,6.763,0.0,2.4,1.5,3.1
1788457612.615,turning,5.619,7.82,-103.3,0,28,152,5.305,6.427,17.0,1.428,6.763,0.0,2.4,1.5,3.1
1788457612.667,turning,5.619,7.82,-102.5,0,28,152,5.305,6.427,15.8,1.428,6.763,0.0,2.4,1.5,3.09
1788457612.722,turning,5.619,7.82,-100.8,0,28,152,5.305,6.427,13.7,1.428,6.763,0.0,2.4,1.5,3.09
1788457612.775,turning,5.621,7.82,-100.0,0,28,152,5.305,6.427,12.6,1.429,6.765,0.0,2.4,1.5,3.1
1788457612.828,turning,5.626,7.822,-98.5,0,28,152,5.305,6.427,10.7,1.431,6.769,0.0,2.4,1.5,3.1
1788457612.882,turning,5.627,7.822,-97.7,0,28,152,5.305,6.427,9.5,1.432,6.77,0.0,2.4,1.5,3.1
1788457612.936,turning,5.627,7.822,-96.1,0,28,152,5.305,6.427,7.5,1.432,6.77,0.0,2.4,1.5,3.1
1788457612.991,turning,5.627,7.822,-95.3,0,28,152,5.305,6.427,6.3,1.432,6.77,0.0,2.4,1.5,3.1
1788457613.045,turning,5.627,7.822,-93.6,0,28,152,5.305,6.427,4.3,1.432,6.77,0.0,2.4,1.5,3.1
1788457613.104,turning,5.631,7.82,-92.9,0,28,152,5.305,6.427,3.3,1.431,6.771,0.0,2.4,1.5,3.11
1788457613.167,turning,5.642,7.815,-91.5,0,28,152,5.305,6.427,1.5,1.429,6.774,0.0,2.4,1.5,3.11
1788457613.236,turning,5.642,7.815,-90.7,0,28,152,5.305,6.427,0.4,1.428,6.774,0.0,2.4,1.5,3.11
1788457613.299,turning,5.642,7.815,-89.1,0,28,152,5.305,6.427,-1.6,1.428,6.774,0.0,2.4,1.5,3.11
1788457613.354,turning,5.642,7.815,-88.3,0,28,152,5.305,6.427,-2.7,1.428,6.774,0.0,2.4,1.5,3.11
1788457613.409,turning,5.642,7.815,-87.4,0,28,152,5.305,6.427,-3.8,1.428,6.774,0.0,2.4,1.5,3.11
1788457613.465,turning,5.652,7.818,-86.0,0,30,154,5.325,6.375,-5.5,1.48,6.782,0.0,2.4,1.5,3.11
1788457613.519,turning,5.661,7.821,-85.5,0,30,154,5.325,6.375,-6.4,1.485,6.79,0.0,2.4,1.5,3.11
1788457613.572,driving,5.67,7.824,-84.1,0,30,154,5.325,6.375,-8.1,1.49,6.798,0.3,0.0,1.5,3.11
1788457613.626,driving,5.67,7.824,-83.2,0,30,154,5.325,6.375,-9.2,1.49,6.798,0.3,0.0,1.5,3.11
1788457613.681,driving,5.67,7.822,-82.9,0,30,154,5.325,6.375,-9.7,1.487,6.796,0.3,0.0,1.5,2.99
1788457613.735,driving,5.671,7.818,-82.9,0,30,154,5.325,6.375,-10.0,1.484,6.794,0.3,0.0,1.5,2.99
1788457613.789,driving,5.677,7.812,-82.9,0,30,154,5.325,6.375,-10.3,1.479,6.792,0.3,0.0,1.5,2.99
1788457613.843,driving,5.682,7.808,-82.8,0,30,154,5.325,6.375,-10.7,1.477,6.793,0.3,0.0,1.5,2.99
1788457613.904,driving,5.687,7.792,-82.8,0,30,154,5.325,6.375,-11.0,1.463,6.783,0.3,0.0,1.5,2.99
1788457613.966,driving,5.689,7.782,-82.8,1,31,154,5.315,6.326,-11.2,1.503,6.776,0.3,0.0,1.5,2.99
1788457614.029,driving,5.691,7.762,-82.8,1,31,154,5.315,6.326,-11.5,1.484,6.762,0.3,0.0,1.5,2.98
1788457614.088,driving,5.693,7.752,-82.8,1,31,154,5.315,6.326,-11.8,1.475,6.755,0.3,0.0,1.5,2.98
1788457614.145,driving,5.71,7.729,-82.8,2,32,154,5.305,6.277,-12.0,1.507,6.748,0.3,0.0,1.5,2.98
1788457614.198,driving,5.722,7.717,-82.9,2,32,154,5.305,6.277,-12.2,1.499,6.746,0.3,0.0,1.5,2.98
1788457614.255,driving,5.73,7.695,-82.9,3,33,154,5.296,6.228,-12.5,1.531,6.735,0.3,0.0,1.5,2.97
1788457614.308,driving,5.732,7.685,-82.9,3,33,154,5.296,6.228,-12.8,1.521,6.728,0.3,0.0,1.5,2.97
1788457614.363,driving,5.733,7.675,-82.9,3,33,154,5.296,6.228,-13.0,1.512,6.721,0.3,0.0,1.5,2.97
1788457614.418,driving,5.735,7.655,-82.9,3,33,154,5.296,6.228,-13.3,1.493,6.707,0.3,0.0,1.5,2.97
1788457614.474,driving,5.737,7.645,-82.9,4,34,154,5.286,6.179,-13.6,1.534,6.7,0.3,0.0,1.5,2.96
1788457614.532,driving,5.739,7.625,-82.9,0,30,149,5.275,6.175,-13.9,1.522,6.686,0.3,0.0,1.5,2.96
1788457614.585,driving,5.74,7.615,-82.9,0,30,149,5.275,6.175,-14.1,1.513,6.679,0.3,0.0,1.5,2.94
1788457614.642,driving,5.743,7.594,-82.9,1,31,149,5.274,6.125,-14.4,1.542,6.665,0.3,0.0,1.5,2.94
1788457614.705,driving,5.749,7.588,-83.1,1,31,149,5.274,6.125,-14.5,1.538,6.664,0.3,0.0,1.5,2.91
1788457614.767,driving,5.766,7.579,-83.7,1,31,149,5.274,6.125,-14.1,1.535,6.667,0.3,0.0,1.5,2.91
1788457614.827,driving,5.769,7.57,-83.8,1,31,149,5.274,6.125,-14.3,1.527,6.663,0.3,0.0,1.5,2.88
1788457614.882,driving,5.771,7.55,-83.8,2,32,149,5.272,6.075,-14.5,1.557,6.649,0.3,0.0,1.5,2.88
1788457614.939,driving,5.772,7.54,-83.8,2,32,149,5.272,6.075,-14.8,1.547,6.642,0.3,0.0,1.5,2.86
1788457614.99,driving,5.774,7.519,-83.8,2,32,149,5.272,6.075,-15.0,1.529,6.628,0.3,0.0,1.5,2.86
1788457615.043,driving,5.775,7.509,-83.8,2,32,149,5.272,6.075,-15.3,1.52,6.621,0.3,0.0,1.5,2.82
1788457615.094,driving,5.777,7.489,-83.8,2,32,149,5.272,6.075,-15.6,1.501,6.607,0.3,0.0,1.5,2.82
1788457615.147,driving,5.781,7.481,-83.7,2,32,149,5.272,6.075,-16.0,1.495,6.603,0.3,0.0,1.5,2.8
1788457615.199,turning,5.788,7.465,-83.3,3,33,149,5.271,6.025,-16.6,1.53,6.596,0.0,-2.4,1.5,2.8
1788457615.253,turning,5.789,7.455,-83.3,3,33,149,5.271,6.025,-16.8,1.521,6.589,0.0,-2.4,1.5,2.77
1788457615.308,turning,5.789,7.453,-84.0,3,33,149,5.271,6.025,-16.4,1.519,6.588,0.0,-2.4,1.5,2.77
1788457615.362,turning,5.789,7.453,-85.7,3,33,149,5.271,6.025,-14.9,1.519,6.588,0.0,-2.4,1.5,2.77
1788457615.419,turning,5.789,7.453,-86.6,3,33,149,5.271,6.025,-14.3,1.519,6.588,0.0,-2.4,1.5,2.77
1788457615.485,turning,5.789,7.453,-88.3,3,33,149,5.271,6.025,-12.8,1.519,6.588,0.0,-2.4,1.5,2.76
1788457615.551,turning,5.789,7.453,-89.2,0,30,147,5.246,6.037,-12.2,1.518,6.588,0.0,-2.4,1.5,2.76
1788457615.611,turning,5.783,7.447,-90.8,0,30,147,5.246,6.037,-10.7,1.509,6.578,0.0,-2.4,1.5,2.75
1788457615.667,turning,5.777,7.441,-91.7,1,31,147,5.225,5.975,-10.1,1.566,6.57,0.0,-2.4,1.5,2.75
1788457615.724,turning,5.772,7.436,-93.4,1,31,147,5.225,5.975,-8.6,1.56,6.563,0.0,-2.4,1.5,2.76
1788457615.776,turning,5.772,7.436,-94.2,1,31,147,5.225,5.975,-8.0,1.56,6.563,0.0,-2.4,1.5,2.76
1788457615.827,driving,5.772,7.436,-95.9,1,31,147,5.225,5.975,-6.5,1.56,6.563,0.3,0.0,1.5,2.76
1788457615.878,driving,5.772,7.436,-96.8,1,31,147,5.225,5.975,-5.8,1.56,6.563,0.3,0.0,1.5,2.76
1788457615.932,driving,5.772,7.433,-97.0,1,31,147,5.225,5.975,-5.8,1.557,6.561,0.3,0.0,1.5,2.76
1788457615.985,driving,5.771,7.429,-97.0,1,31,147,5.225,5.975,-6.0,1.553,6.558,0.3,0.0,1.5,2.76
1788457616.038,driving,5.78,7.42,-97.3,1,31,147,5.225,5.975,-5.9,1.548,6.556,0.3,0.0,1.5,2.75
1788457616.088,driving,5.786,7.413,-97.5,1,31,147,5.225,5.975,-5.9,1.544,6.555,0.3,0.0,1.5,2.75
1788457616.143,driving,5.788,7.394,-97.7,1,31,147,5.225,5.975,-5.9,1.527,6.542,0.3,0.0,1.5,2.72
1788457616.194,driving,5.787,7.384,-97.7,2,31,147,5.225,5.975,-6.1,1.517,6.534,0.3,0.0,1.5,2.72
1788457616.251,driving,5.785,7.374,-97.7,2,31,147,5.225,5.975,-6.3,1.507,6.525,0.3,0.0,1.5,2.69
1788457616.31,driving,5.783,7.354,-97.7,2,31,147,5.225,5.975,-6.5,1.487,6.508,0.3,0.0,1.5,2.69
1788457616.367,driving,5.785,7.342,-97.6,2,31,147,5.225,5.975,-6.8,1.477,6.501,0.3,0.0,1.5,2.67
1788457616.426,driving,5.794,7.317,-97.4,3,32,147,5.225,5.925,-7.2,1.504,6.489,0.3,0.0,1.5,2.67
1788457616.482,driving,5.795,7.306,-97.3,3,32,147,5.225,5.925,-7.5,1.494,6.481,0.3,0.0,1.5,2.64
1788457616.533,driving,5.793,7.286,-97.3,3,32,147,5.225,5.925,-7.6,1.474,6.464,0.3,0.0,1.5,2.64
1788457616.587,driving,5.792,7.275,-97.3,0,30,142,5.314,5.832,-7.7,1.52,6.456,0.3,0.0,1.5,2.61
1788457616.639,driving,5.789,7.255,-97.3,0,30,142,5.314,5.832,-7.8,1.5,6.439,0.3,0.0,1.5,2.61
1788457616.693,driving,5.788,7.245,-97.3,0,30,142,5.314,5.832,-7.9,1.49,6.431,0.3,0.0,1.5,2.59
1788457616.752,driving,5.785,7.225,-97.3,1,31,142,5.302,5.784,-8.0,1.52,6.414,0.3,0.0,1.5,2.59
1788457616.81,driving,5.784,7.215,-97.3,1,31,142,5.302,5.784,-8.1,1.51,6.406,0.3,0.0,1.5,2.56
1788457616.869,driving,5.781,7.195,-97.3,1,31,142,5.302,5.784,-8.1,1.49,6.389,0.3,0.0,1.5,2.56
1788457616.929,driving,5.78,7.18,-97.2,2,32,142,5.29,5.735,-8.4,1.525,6.377,0.3,0.0,1.5,2.52
1788457616.987,driving,5.777,7.148,-96.8,2,32,142,5.29,5.735,-8.8,1.494,6.352,0.3,0.0,1.5,2.52
1788457617.048,driving,5.776,7.137,-96.8,3,33,142,5.278,5.687,-8.9,1.533,6.343,0.3,0.0,1.5,2.5
1788457617.112,driving,5.774,7.116,-96.8,3,33,142,5.278,5.687,-9.0,1.513,6.326,0.3,0.0,1.5,2.5
1788457617.179,driving,5.772,7.106,-96.8,3,33,142,5.278,5.687,-9.1,1.503,6.318,0.3,0.0,1.5,2.47
1788457617.237,driving,5.771,7.096,-96.8,3,33,142,5.278,5.687,-9.2,1.493,6.31,0.3,0.0,1.5,2.47
1788457617.299,driving,5.769,7.076,-96.8,4,34,142,5.266,5.638,-9.2,1.523,6.293,0.3,0.0,1.5,2.44
1788457617.353,driving,5.768,7.066,-96.8,4,34,142,5.266,5.638,-9.3,1.513,6.285,0.3,0.0,1.5,2.44
1788457617.411,driving,5.767,7.044,-96.7,4,34,142,5.266,5.638,-9.5,1.493,6.269,0.3,0.0,1.5,2.41
1788457617.466,driving,5.767,7.033,-96.6,5,35,142,5.254,5.59,-9.7,1.532,6.261,0.3,0.0,1.5,2.41
1788457617.523,driving,5.765,7.012,-96.6,5,35,142,5.254,5.59,-9.8,1.511,6.244,0.3,0.0,1.5,2.39
1788457617.576,driving,5.764,7.002,-96.6,1,31,138,5.316,5.538,-9.8,1.531,6.236,0.3,0.0,1.5,2.39
1788457617.634,driving,5.762,6.982,-96.6,1,31,138,5.316,5.538,-9.9,1.511,6.22,0.3,0.0,1.5,2.35
1788457617.688,driving,5.761,6.972,-96.6,1,31,138,5.316,5.538,-9.9,1.501,6.212,0.3,0.0,1.5,2.35
1788457617.745,driving,5.758,6.951,-96.6,2,32,138,5.304,5.49,-9.9,1.53,6.196,0.3,0.0,1.5,2.33
1788457617.804,driving,5.757,6.941,-96.6,2,32,138,5.304,5.49,-9.9,1.52,6.187,0.3,0.0,1.5,2.33
1788457617.869,driving,5.757,6.926,-96.6,2,32,138,5.304,5.49,-9.9,1.506,6.176,0.3,0.0,1.5,2.3
1788457617.933,driving,5.758,6.919,-96.7,2,32,138,5.304,5.49,-9.9,1.499,6.172,0.3,0.0,1.5,2.3
1788457618.0,driving,5.756,6.901,-96.7,2,32,138,5.304,5.49,-9.9,1.482,6.158,0.3,0.0,1.5,2.27
1788457618.056,driving,5.755,6.891,-96.7,3,33,138,5.292,5.441,-9.9,1.522,6.15,0.3,0.0,1.5,2.27
1788457618.111,driving,5.753,6.871,-96.7,3,33,138,5.292,5.441,-10.0,1.502,6.134,0.3,0.0,1.5,2.25
1788457618.166,driving,5.752,6.861,-96.7,3,33,138,5.292,5.441,-10.0,1.492,6.126,0.3,0.0,1.5,2.25
1788457618.225,driving,5.75,6.85,-96.7,3,33,138,5.292,5.441,-10.0,1.482,6.117,0.3,0.0,1.5,2.22
1788457618.283,driving,5.748,6.83,-96.7,4,34,138,5.275,5.375,-10.1,1.53,6.101,0.3,0.0,1.5,2.22
1788457618.353,driving,5.747,6.818,-96.7,4,34,138,5.275,5.375,-10.1,1.518,6.092,0.3,0.0,1.5,2.2
1788457618.407,driving,5.745,6.788,-96.6,5,35,138,5.275,5.325,-10.2,1.537,6.069,0.3,0.0,1.5,2.2
1788457618.464,driving,5.743,6.776,-96.6,5,35,138,5.275,5.325,-10.2,1.525,6.06,0.3,0.0,1.5,2.17
1788457618.517,driving,5.741,6.756,-96.6,5,35,138,5.275,5.325,-10.2,1.505,6.044,0.3,0.0,1.5,2.17
1788457618.571,driving,5.74,6.746,-96.6,6,36,138,5.275,5.275,-10.2,1.543,6.036,0.3,0.0,1.5,2.13
1788457618.631,driving,5.738,6.726,-96.6,0,29,130,5.335,5.282,-10.2,1.498,6.02,0.3,0.0,1.5,2.13
1788457618.69,driving,5.736,6.716,-96.6,0,29,130,5.335,5.282,-10.2,1.488,6.012,0.3,0.0,1.5,2.11
1788457618.756,driving,5.734,6.695,-96.6,0,29,130,5.335,5.282,-10.2,1.468,5.996,0.3,0.0,1.5,2.11
1788457618.81,driving,5.736,6.687,-96.2,1,30,130,5.326,5.233,-10.5,1.51,5.991,0.3,0.0,1.5,2.08
1788457618.863,driving,5.741,6.669,-95.1,1,30,130,5.326,5.233,-11.6,1.494,5.982,0.3,0.0,1.5,2.08
1788457618.915,driving,5.74,6.659,-95.1,1,30,130,5.326,5.233,-11.7,1.485,5.975,0.3,0.0,1.5,2.06
1788457618.967,driving,5.739,6.639,-95.1,1,30,130,5.326,5.233,-11.7,1.465,5.959,0.3,0.0,1.5,2.06
1788457619.021,driving,5.738,6.628,-95.1,2,31,130,5.318,5.184,-11.7,1.504,5.952,0.3,0.0,1.5,2.02
1788457619.073,driving,5.736,6.608,-95.1,2,31,130,5.318,5.184,-11.6,1.484,5.936,0.3,0.0,1.5,2.02
1788457619.126,driving,5.735,6.598,-95.1,2,31,130,5.318,5.184,-11.6,1.474,5.928,0.3,0.0,1.5,2.0
1788457619.176,driving,5.734,6.588,-95.1,2,31,130,5.318,5.184,-11.6,1.464,5.921,0.3,0.0,1.5,2.0
1788457619.229,driving,5.73,6.563,-95.6,3,32,130,5.31,5.135,-11.1,1.489,5.9,0.3,0.0,1.5,1.97
1788457619.281,driving,5.726,6.547,-96.1,3,32,130,5.31,5.135,-10.5,1.473,5.887,0.3,0.0,1.5,1.97
1788457619.334,driving,5.721,6.521,-96.6,4,33,130,5.302,5.085,-10.0,1.496,5.865,0.3,0.0,1.5,1.95
1788457619.389,driving,5.72,6.511,-96.6,4,33,130,5.302,5.085,-10.0,1.486,5.858,0.3,0.0,1.5,1.95
1788457619.452,driving,5.718,6.491,-96.6,4,33,130,5.302,5.085,-10.0,1.466,5.842,0.3,0.0,1.5,1.93
1788457619.507,driving,5.716,6.481,-96.6,4,33,130,5.302,5.085,-10.0,1.456,5.834,0.3,0.0,1.5,1.93
1788457619.569,driving,5.714,6.461,-96.6,5,34,130,5.293,5.036,-10.0,1.485,5.818,0.3,0.0,1.5,1.89
1788457619.624,driving,5.713,6.45,-96.6,1,30,129,5.397,4.975,-9.9,1.508,5.811,0.3,0.0,1.5,1.89
1788457619.679,driving,5.71,6.428,-96.6,1,30,129,5.397,4.975,-9.8,1.485,5.793,0.3,0.0,1.5,1.87
1788457619.732,driving,5.708,6.415,-96.6,1,30,129,5.397,4.975,-9.7,1.473,5.783,0.3,0.0,1.5,1.87
1788457619.787,driving,5.705,6.393,-96.6,2,31,129,5.395,4.925,-9.7,1.5,5.766,0.3,0.0,1.5,1.84
1788457619.837,driving,5.704,6.383,-96.6,2,31,129,5.395,4.925,-9.5,1.49,5.758,0.3,0.0,1.5,1.84
1788457619.89,driving,5.701,6.363,-96.6,2,31,129,5.395,4.925,-9.4,1.47,5.743,0.3,0.0,1.5,1.83
1788457619.945,driving,5.7,6.353,-96.6,2,31,129,5.395,4.925,-9.3,1.46,5.735,0.3,0.0,1.5,1.83
1788457620.001,driving,5.698,6.333,-96.6,3,32,129,5.394,4.875,-9.2,1.489,5.72,0.3,0.0,1.5,1.79
1788457620.053,driving,5.697,6.323,-96.6,3,32,129,5.394,4.875,-9.1,1.478,5.712,0.3,0.0,1.5,1.79
1788457620.105,driving,5.693,6.31,-96.6,3,32,129,5.394,4.875,-9.0,1.466,5.701,0.3,0.0,1.5,1.77
1788457620.159,driving,5.679,6.281,-96.7,4,33,129,5.392,4.826,-8.8,1.484,5.671,0.3,0.0,1.5,1.77
1788457620.221,driving,5.676,6.269,-96.7,4,33,129,5.392,4.826,-8.7,1.471,5.66,0.3,0.0,1.5,1.73
1788457620.278,driving,5.673,6.249,-96.7,5,34,129,5.391,4.776,-8.6,1.5,5.645,0.3,0.0,1.5,1.73
1788457620.337,driving,5.672,6.239,-96.7,5,34,129,5.391,4.776,-8.5,1.49,5.637,0.3,0.0,1.5,1.71
1788457620.392,driving,5.67,6.218,-96.7,5,34,129,5.391,4.776,-8.4,1.47,5.622,0.3,0.0,1.5,1.71
1788457620.447,driving,5.668,6.208,-96.7,5,34,129,5.391,4.776,-8.3,1.459,5.614,0.3,0.0,1.5,1.69
1788457620.501,driving,5.666,6.188,-96.7,5,34,129,5.391,4.776,-8.2,1.439,5.599,0.3,0.0,1.5,1.69
1788457620.554,driving,5.664,6.178,-96.8,5,34,129,5.391,4.776,-8.0,1.429,5.592,0.3,0.0,1.5,1.67
1788457620.607,driving,5.661,6.16,-96.9,6,36,129,5.388,4.676,-7.7,1.509,5.576,0.3,0.0,1.5,1.67
1788457620.663,driving,5.659,6.15,-97.0,0,30,120,5.275,4.675,-7.7,1.524,5.569,0.3,0.0,1.5,1.64
1788457620.717,driving,5.657,6.129,-97.0,0,30,120,5.275,4.675,-7.7,1.504,5.553,0.3,0.0,1.5,1.64
1788457620.77,driving,5.655,6.119,-97.0,0,30,120,5.275,4.675,-7.7,1.493,5.546,0.3,0.0,1.5,1.61
1788457620.824,driving,5.653,6.099,-97.0,1,31,120,5.275,4.625,-7.7,1.522,5.531,0.3,0.0,1.5,1.61
1788457620.879,driving,5.652,6.089,-97.0,1,31,120,5.275,4.625,-7.7,1.512,5.523,0.3,0.0,1.5,1.59
1788457620.934,driving,5.649,6.069,-97.0,1,31,120,5.275,4.625,-7.7,1.491,5.508,0.3,0.0,1.5,1.59
1788457620.992,driving,5.646,6.062,-96.9,1,31,120,5.275,4.625,-7.7,1.484,5.502,0.3,0.0,1.5,1.56
1788457621.05,driving,5.644,6.056,-96.8,2,32,120,5.275,4.575,-7.8,1.526,5.495,0.3,0.0,1.5,1.56
1788457621.111,driving,5.64,6.039,-96.8,2,32,120,5.275,4.575,-7.8,1.509,5.482,0.3,0.0,1.5,1.54
1788457621.168,driving,5.638,6.029,-96.8,2,32,120,5.275,4.575,-7.8,1.499,5.474,0.3,0.0,1.5,1.54
1788457621.223,driving,5.636,6.009,-96.8,2,32,120,5.275,4.575,-7.8,1.479,5.459,0.3,0.0,1.5,1.51
1788457621.276,driving,5.635,5.999,-96.8,3,33,120,5.275,4.525,-7.8,1.517,5.452,0.3,0.0,1.5,1.51
1788457621.33,driving,5.632,5.978,-96.8,3,33,120,5.275,4.525,-7.8,1.497,5.437,0.3,0.0,1.5,1.49
1788457621.383,driving,5.631,5.968,-96.8,3,33,120,5.275,4.525,-7.8,1.487,5.429,0.3,0.0,1.5,1.49
1788457621.438,driving,5.631,5.942,-96.9,4,34,120,5.275,4.475,-7.7,1.51,5.412,0.3,0.0,1.5,1.47
1788457621.489,driving,5.632,5.927,-96.9,4,34,120,5.275,4.475,-7.6,1.495,5.403,0.3,0.0,1.5,1.47
1788457621.545,driving,5.631,5.903,-97.0,4,34,120,5.275,4.475,-7.5,1.472,5.387,0.3,0.0,1.5,1.44
1788457621.594,driving,5.63,5.893,-97.0,5,35,120,5.275,4.425,-7.5,1.51,5.38,0.3,0.0,1.5,1.44
1788457621.647,driving,5.627,5.873,-97.0,5,35,120,5.275,4.425,-7.5,1.49,5.365,0.3,0.0,1.5,1.42
1788457621.705,driving,5.626,5.863,-97.0,0,29,114,5.285,4.426,-7.4,1.477,5.358,0.3,0.0,1.5,1.42
1788457621.764,driving,5.623,5.842,-97.0,1,30,114,5.282,4.376,-7.4,1.506,5.343,0.3,0.0,1.5,1.39
1788457621.823,driving,5.622,5.832,-97.0,1,30,114,5.282,4.376,-7.4,1.495,5.336,0.3,0.0,1.5,1.39
1788457621.886,driving,5.623,5.815,-97.1,1,30,114,5.282,4.376,-7.2,1.479,5.326,0.3,0.0,1.5,1.39
1788457621.942,driving,5.625,5.806,-97.2,1,30,114,5.282,4.376,-7.1,1.471,5.321,0.3,0.0,1.5,1.39
1788457621.997,driving,5.625,5.797,-97.2,1,30,114,5.282,4.376,-7.1,1.462,5.316,0.3,0.0,1.5,1.38
1788457622.049,driving,5.622,5.777,-97.2,2,31,114,5.28,4.326,-7.1,1.491,5.301,0.3,0.0,1.5,1.38
1788457622.102,driving,5.621,5.767,-97.2,2,31,114,5.28,4.326,-7.0,1.481,5.294,0.3,0.0,1.5,1.38
1788457622.155,driving,5.618,5.747,-97.2,2,31,114,5.28,4.326,-7.0,1.46,5.279,0.3,0.0,1.5,1.38
1788457622.208,driving,5.617,5.737,-97.2,3,32,114,5.277,4.276,-7.0,1.499,5.272,0.3,0.0,1.5,1.37
1788457622.26,driving,5.614,5.716,-97.2,3,32,114,5.277,4.276,-7.0,1.479,5.257,0.3,0.0,1.5,1.37
1788457622.317,driving,5.615,5.703,-96.9,3,32,114,5.277,4.276,-7.2,1.466,5.249,0.3,0.0,1.5,1.37
1788457622.37,driving,5.617,5.672,-96.1,4,33,114,5.275,4.225,-8.0,1.486,5.232,0.3,0.0,1.5,1.37
1788457622.422,driving,5.616,5.66,-96.0,4,33,114,5.275,4.225,-8.1,1.475,5.224,0.3,0.0,1.5,1.36
1788457622.476,driving,5.614,5.639,-96.0,4,33,114,5.275,4.225,-8.1,1.455,5.21,0.3,0.0,1.5,1.36
1788457622.535,driving,5.613,5.629,-96.0,5,34,114,5.253,4.18,-8.1,1.493,5.203,0.3,0.0,1.5,1.36
1788457622.597,driving,5.611,5.609,-96.0,5,34,114,5.253,4.18,-8.1,1.473,5.189,0.3,0.0,1.5,1.36
1788457622.658,driving,5.61,5.599,-96.0,5,34,114,5.253,4.18,-8.1,1.463,5.182,0.3,0.0,1.5,1.36
1788457622.717,driving,5.608,5.579,-96.0,0,30,110,5.236,4.129,-8.1,1.497,5.168,0.3,0.0,1.5,1.36
1788457622.771,driving,5.608,5.568,-95.7,0,30,110,5.236,4.129,-8.4,1.486,5.162,0.3,0.0,1.5,1.35
1788457622.823,driving,5.608,5.545,-95.1,1,31,110,5.225,4.075,-9.0,1.519,5.149,0.3,0.0,1.5,1.35
1788457622.875,driving,5.607,5.535,-95.1,1,31,110,5.225,4.075,-9.0,1.509,5.142,0.3,0.0,1.5,1.35
1788457622.93,driving,5.607,5.525,-95.1,1,31,110,5.225,4.075,-9.0,1.499,5.135,0.3,0.0,1.5,1.35
1788457622.983,driving,5.605,5.504,-95.1,1,31,110,5.225,4.075,-9.1,1.479,5.122,0.3,0.0,1.5,1.34
1788457623.037,driving,5.604,5.494,-95.1,2,32,110,5.175,4.025,-9.1,1.531,5.115,0.3,0.0,1.5,1.34
1788457623.089,driving,5.602,5.474,-95.1,2,32,110,5.175,4.025,-9.2,1.511,5.102,0.3,0.0,1.5,1.34
1788457623.142,driving,5.601,5.464,-95.1,2,32,110,5.175,4.025,-9.2,1.5,5.095,0.3,0.0,1.5,1.34
1788457623.194,driving,5.6,5.443,-95.2,3,33,110,5.125,3.975,-9.2,1.543,5.082,0.3,0.0,1.5,1.33
1788457623.248,driving,5.6,5.433,-95.4,3,33,110,5.125,3.975,-9.1,1.533,5.075,0.3,0.0,1.5,1.33
1788457623.305,driving,5.598,5.412,-95.5,3,33,110,5.125,3.975,-9.1,1.513,5.062,0.3,0.0,1.5,1.33
1788457623.361,driving,5.597,5.402,-95.5,3,33,110,5.125,3.975,-9.2,1.503,5.056,0.3,0.0,1.5,1.33
1788457623.421,driving,5.595,5.382,-95.5,4,33,110,5.125,3.975,-9.3,1.483,5.042,0.3,0.0,1.5,1.32
1788457623.479,driving,5.594,5.372,-95.5,4,33,110,5.125,3.975,-9.4,1.473,5.036,0.3,0.0,1.5,1.32
1788457623.535,driving,5.592,5.351,-95.5,4,33,110,5.125,3.975,-9.5,1.453,5.022,0.3,0.0,1.5,1.32
1788457623.585,driving,5.591,5.341,-95.5,5,34,110,5.075,3.925,-9.6,1.507,5.016,0.3,0.0,1.5,1.32
1788457623.639,driving,5.588,5.321,-95.4,5,34,110,5.075,3.925,-9.8,1.487,5.002,0.3,0.0,1.5,1.31
1788457623.697,driving,5.586,5.311,-95.3,5,34,110,5.075,3.925,-10.0,1.477,4.994,0.3,0.0,1.5,1.31
1788457623.758,driving,5.583,5.291,-95.3,1,29,105,5.125,3.875,-10.1,1.488,4.981,0.3,0.0,1.5,1.31
1788457623.814,driving,5.582,5.281,-95.3,1,29,105,5.125,3.875,-10.2,1.478,4.974,0.3,0.0,1.5,1.31
1788457623.874,driving,5.581,5.271,-95.3,1,29,105,5.125,3.875,-10.2,1.468,4.968,0.3,0.0,1.5,1.3
1788457623.928,driving,5.58,5.25,-95.3,1,29,105,5.125,3.875,-10.3,1.449,4.955,0.3,0.0,1.5,1.3
1788457623.98,driving,5.579,5.24,-95.3,2,30,105,5.075,3.825,-10.4,1.502,4.948,0.3,0.0,1.5,1.3
1788457624.035,driving,5.577,5.22,-95.3,2,30,105,5.075,3.825,-10.5,1.482,4.935,0.3,0.0,1.5,1.3
1788457624.095,driving,5.574,5.212,-95.4,2,30,105,5.075,3.825,-10.5,1.474,4.929,0.3,0.0,1.5,1.29
1788457624.156,driving,5.568,5.2,-95.7,2,30,105,5.075,3.825,-10.3,1.46,4.917,0.3,0.0,1.5,1.29
1788457624.216,driving,5.566,5.191,-95.8,3,31,105,5.025,3.775,-10.4,1.516,4.91,0.3,0.0,1.5,1.29
1788457624.276,driving,5.564,5.171,-95.8,3,31,105,5.025,3.775,-10.5,1.496,4.897,0.3,0.0,1.5,1.29
1788457624.332,driving,5.563,5.161,-95.8,3,31,105,5.025,3.775,-10.6,1.486,4.891,0.3,0.0,1.5,3.64
1788457624.383,driving,5.561,5.14,-95.8,4,32,105,4.98,3.753,-10.8,1.504,4.878,0.3,0.0,1.5,3.64
1788457624.437,driving,5.56,5.13,-95.8,4,32,105,4.98,3.753,-10.9,1.494,4.872,0.3,0.0,1.5,3.61
1788457624.487,driving,5.558,5.11,-95.8,4,32,105,4.98,3.753,-11.1,1.475,4.859,0.3,0.0,1.5,3.61
1788457624.54,driving,5.556,5.102,-95.9,4,32,105,4.98,3.753,-11.1,1.467,4.853,0.3,0.0,1.5,3.58
1788457624.593,driving,5.551,5.086,-96.2,5,17,105,5.325,4.475,-11.0,0.652,4.841,0.3,0.0,0.6,3.58
1788457624.648,driving,5.55,5.076,-96.2,5,17,105,5.325,4.475,-11.2,0.642,4.834,0.3,0.0,0.6,3.55
1788457624.701,driving,5.548,5.056,-96.2,5,17,105,5.325,4.475,-11.4,0.622,4.822,0.3,0.0,0.6,3.55
1788457624.753,driving,5.547,5.046,-96.2,5,17,105,5.325,4.475,-11.6,0.612,4.815,0.3,0.0,0.6,3.52
1788457624.806,driving,5.545,5.036,-96.2,0,12,99,5.325,4.425,-11.8,0.649,4.809,0.3,0.0,0.6,3.52
1788457624.865,driving,5.543,5.015,-96.2,0,12,99,5.325,4.425,-11.9,0.629,4.796,0.3,0.0,0.6,3.5
1788457624.924,driving,5.542,5.005,-96.2,0,12,99,5.325,4.425,-12.1,0.62,4.79,0.3,0.0,0.6,3.5
1788457624.984,driving,5.543,4.988,-96.2,1,13,99,5.325,4.375,-12.1,0.651,4.782,0.3,0.0,0.6,3.47
1788457625.045,driving,5.545,4.981,-96.2,1,13,99,5.325,4.375,-12.2,0.644,4.779,0.3,0.0,0.6,3.47
1788457625.103,driving,5.545,4.963,-96.2,1,13,99,5.325,4.375,-12.3,0.628,4.77,0.3,0.0,0.6,3.44
1788457625.155,driving,5.544,4.953,-96.2,1,13,99,5.325,4.375,-12.4,0.618,4.764,0.3,0.0,0.6,3.44
1788457625.209,driving,5.542,4.933,-96.2,2,14,99,5.325,4.325,-12.5,0.645,4.752,0.3,0.0,0.6,3.41
1788457625.26,driving,5.541,4.922,-96.2,2,14,99,5.325,4.325,-12.6,0.635,4.746,0.3,0.0,0.6,3.41
1788457625.315,driving,5.539,4.902,-96.2,2,14,99,5.325,4.325,-12.7,0.615,4.733,0.3,0.0,0.6,3.38
1788457625.368,driving,5.537,4.892,-96.2,2,14,99,5.325,4.325,-12.8,0.605,4.727,0.3,0.0,0.6,3.38
1788457625.423,driving,5.534,4.872,-96.4,3,15,99,5.325,4.275,-12.6,0.632,4.714,0.3,0.0,0.6,3.35
1788457625.474,driving,5.532,4.862,-96.5,3,15,99,5.325,4.275,-12.5,0.622,4.707,0.3,0.0,0.6,3.35
1788457625.528,driving,5.53,4.841,-96.6,3,15,99,5.325,4.275,-12.5,0.602,4.695,0.3,0.0,0.6,3.32
1788457625.579,driving,5.528,4.831,-96.6,4,16,99,5.315,4.226,-12.5,0.642,4.689,0.3,0.0,0.6,3.32
1788457625.635,driving,5.526,4.811,-96.6,4,16,99,5.315,4.226,-12.6,0.622,4.676,0.3,0.0,0.6,3.29
1788457625.694,driving,5.525,4.801,-96.6,4,16,99,5.315,4.226,-12.6,0.612,4.67,0.3,0.0,0.6,3.29
1788457625.759,driving,5.524,4.791,-96.6,4,16,99,5.315,4.226,-12.7,0.602,4.664,0.3,0.0,0.6,3.26
1788457625.823,driving,5.521,4.771,-96.6,0,11,94,5.275,4.225,-13.0,0.599,4.652,0.3,0.0,0.6,3.26
1788457625.883,driving,5.522,4.765,-96.4,0,11,94,5.275,4.225,-13.5,0.594,4.65,0.3,0.0,0.6,3.23
1788457625.938,driving,5.526,4.76,-95.6,0,11,94,5.275,4.225,-14.6,0.591,4.651,0.3,0.0,0.6,3.23
1788457625.994,driving,5.526,4.753,-95.5,0,11,94,5.275,4.225,-15.0,0.585,4.648,0.3,0.0,0.6,3.2
1788457626.046,driving,5.525,4.733,-95.5,1,12,94,5.263,4.176,-15.3,0.615,4.636,0.3,0.0,0.6,3.2
1788457626.1,driving,5.524,4.723,-95.5,1,12,94,5.263,4.176,-15.6,0.605,4.631,0.3,0.0,0.6,3.17
1788457626.151,driving,5.522,4.702,-95.5,1,12,94,5.263,4.176,-15.9,0.586,4.619,0.3,0.0,0.6,3.17
1788457626.202,turning,5.521,4.692,-95.5,1,12,94,5.263,4.176,-16.2,0.577,4.613,0.0,-2.4,0.6,3.14
1788457626.255,turning,5.52,4.681,-96.3,2,13,94,5.251,4.128,-15.7,0.615,4.607,0.0,-2.4,0.6,3.14
1788457626.308,turning,5.517,4.678,-97.4,2,13,94,5.251,4.128,-14.8,0.611,4.603,0.0,-2.4,0.6,3.12
1788457626.361,turning,5.51,4.671,-99.7,2,13,94,5.251,4.128,-12.7,0.601,4.593,0.0,-2.4,0.6,3.12
1788457626.416,turning,5.509,4.67,-100.6,2,13,94,5.251,4.128,-11.9,0.6,4.592,0.0,-2.4,0.6,3.12
1788457626.471,turning,5.509,4.67,-102.4,2,13,94,5.251,4.128,-10.4,0.6,4.592,0.0,-2.4,0.6,3.12
1788457626.533,turning,5.509,4.67,-103.2,2,13,94,5.251,4.128,-9.7,0.6,4.592,0.0,-2.4,0.6,3.11
1788457626.594,turning,5.509,4.67,-104.9,2,13,94,5.251,4.128,-8.1,0.6,4.592,0.0,-2.4,0.6,3.11
1788457626.653,turning,5.509,4.67,-105.8,2,13,94,5.251,4.128,-7.4,0.6,4.592,0.0,-2.4,0.6,3.11
1788457626.707,driving,5.509,4.67,-106.7,2,13,94,5.251,4.128,-6.7,0.6,4.592,0.3,0.0,0.6,3.11
1788457626.759,driving,5.509,4.669,-107.8,2,13,94,5.251,4.128,-5.7,0.599,4.592,0.3,0.0,0.6,3.11
1788457626.811,driving,5.509,4.666,-107.8,0,12,92,5.275,4.075,-5.6,0.635,4.591,0.3,0.0,0.6,3.11
1788457626.866,driving,5.507,4.656,-107.8,1,12,92,5.275,4.075,-5.5,0.626,4.584,0.3,0.0,0.6,3.11
1788457626.918,driving,5.505,4.649,-107.8,1,12,92,5.275,4.075,-5.4,0.618,4.579,0.3,0.0,0.6,3.11
1788457626.974,driving,5.499,4.631,-107.8,1,12,92,5.275,4.075,-5.3,0.599,4.565,0.3,0.0,0.6,3.09
1788457627.026,driving,5.496,4.621,-107.8,1,12,92,5.275,4.075,-5.3,0.589,4.558,0.3,0.0,0.6,3.09
1788457627.079,driving,5.49,4.604,-107.7,2,13,92,5.225,4.025,-5.5,0.636,4.545,0.3,0.0,0.6,3.06
1788457627.132,driving,5.488,4.595,-107.5,2,13,92,5.225,4.025,-5.7,0.628,4.539,0.3,0.0,0.6,3.06
1788457627.186,driving,5.483,4.577,-107.5,2,13,92,5.225,4.025,-5.9,0.609,4.525,0.3,0.0,0.6,3.03
1788457627.244,driving,5.48,4.567,-107.5,2,13,92,5.225,4.025,-6.0,0.599,4.518,0.3,0.0,0.6,3.03
1788457627.308,driving,5.473,4.548,-107.5,2,13,92,5.225,4.025,-6.1,0.579,4.504,0.3,0.0,0.6,3.0
1788457627.368,driving,5.47,4.538,-107.5,3,14,92,5.175,3.975,-6.4,0.636,4.497,0.3,0.0,0.6,3.0
1788457627.426,driving,5.464,4.518,-107.5,3,14,92,5.175,3.975,-6.6,0.616,4.482,0.3,0.0,0.6,2.97
1788457627.48,driving,5.461,4.509,-107.5,3,14,92,5.175,3.975,-6.9,0.606,4.475,0.3,0.0,0.6,2.97
1788457627.532,driving,5.455,4.489,-107.5,3,14,92,5.175,3.975,-7.1,0.586,4.461,0.3,0.0,0.6,2.94
1788457627.584,driving,5.452,4.48,-107.5,4,15,92,5.125,3.925,-7.5,0.644,4.454,0.3,0.0,0.6,2.94
1788457627.635,driving,5.449,4.47,-107.5,4,15,92,5.125,3.925,-7.8,0.634,4.447,0.3,0.0,0.6,2.91
1788457627.686,driving,5.443,4.45,-107.5,4,15,92,5.125,3.925,-8.2,0.614,4.432,0.3,0.0,0.6,2.91
1788457627.739,driving,5.439,4.44,-107.3,5,16,92,5.075,3.875,-8.8,0.672,4.424,0.3,0.0,0.6,2.88
1788457627.793,driving,5.43,4.418,-106.9,5,16,92,5.075,3.875,-9.6,0.649,4.407,0.3,0.0,0.6,2.88
1788457627.85,driving,5.427,4.407,-106.8,0,12,88,5.069,3.919,-10.3,0.605,4.399,0.3,0.0,0.6,2.85
1788457627.904,driving,5.421,4.388,-106.8,1,13,88,5.034,3.884,-11.0,0.636,4.385,0.3,0.0,0.6,2.85
1788457627.961,driving,5.418,4.378,-106.8,1,13,88,5.034,3.884,-11.6,0.626,4.378,0.3,0.0,0.6,2.82
1788457628.021,driving,5.412,4.359,-106.8,1,13,88,5.034,3.884,-12.2,0.607,4.364,0.3,0.0,0.6,2.82
1788457628.076,driving,5.409,4.349,-106.8,1,13,88,5.034,3.884,-12.8,0.598,4.358,0.3,0.0,0.6,2.79
1788457628.135,driving,5.403,4.329,-106.8,2,14,88,4.975,3.825,-13.4,0.662,4.344,0.3,0.0,0.6,2.79
1788457628.195,driving,5.402,4.318,-106.9,2,14,88,4.975,3.825,-14.0,0.652,4.338,0.3,0.0,0.6,2.75
1788457628.25,driving,5.399,4.296,-107.1,2,14,88,4.975,3.825,-14.4,0.634,4.326,0.3,0.0,0.6,2.75
1788457628.302,driving,5.396,4.286,-107.1,3,14,88,4.975,3.825,-15.1,0.624,4.319,0.3,0.0,0.6,2.72
1788457628.353,driving,5.39,4.266,-107.1,3,14,88,4.975,3.825,-15.7,0.606,4.305,0.3,0.0,0.6,2.72
1788457628.408,turning,5.387,4.257,-107.1,3,14,88,4.975,3.825,-16.4,0.597,4.299,0.0,-2.4,0.6,2.69
1788457628.46,turning,5.383,4.245,-107.8,4,15,88,4.93,3.803,-16.5,0.633,4.29,0.0,-2.4,0.6,2.69
1788457628.513,turning,5.383,4.245,-108.7,4,15,88,4.93,3.803,-16.3,0.633,4.29,0.0,-2.4,0.6,2.67
1788457628.566,turning,5.383,4.245,-109.5,4,15,88,4.93,3.803,-16.1,0.633,4.29,0.0,-2.4,0.6,2.67
1788457628.617,turning,5.38,4.242,-111.2,4,15,88,4.93,3.803,-15.1,0.629,4.286,0.0,-2.4,0.6,2.67
1788457628.669,turning,5.377,4.24,-111.9,4,15,88,4.93,3.803,-14.9,0.625,4.282,0.0,-2.4,0.6,2.67
1788457628.725,turning,5.374,4.237,-113.6,4,15,88,4.93,3.803,-13.8,0.621,4.279,0.0,-2.4,0.6,2.66
1788457628.783,turning,5.374,4.237,-114.4,4,15,88,4.93,3.803,-13.4,0.621,4.279,0.0,-2.4,0.6,2.66
1788457628.846,turning,5.374,4.237,-116.1,4,15,88,4.93,3.803,-12.1,0.621,4.279,0.0,-2.4,0.6,2.66
1788457628.908,turning,5.374,4.237,-117.0,0,26,81,4.085,3.412,-11.8,1.53,4.279,0.0,-2.4,1.5,2.66
1788457628.969,driving,5.374,4.237,-118.7,0,26,81,4.085,3.412,-10.5,1.53,4.279,0.3,0.0,1.5,2.66
1788457629.024,driving,5.374,4.237,-119.6,0,26,81,4.085,3.412,-10.1,1.53,4.279,0.3,0.0,1.5,2.66
1788457629.075,driving,5.372,4.235,-119.7,0,26,81,4.085,3.412,-10.4,1.528,4.276,0.3,0.0,1.5,2.66
1788457629.127,driving,5.37,4.231,-119.7,0,26,81,4.085,3.412,-10.8,1.524,4.273,0.3,0.0,1.5,2.66
1788457629.183,driving,5.363,4.22,-119.4,0,26,81,4.085,3.412,-11.5,1.512,4.261,0.3,0.0,1.5,2.65
1788457629.235,driving,5.357,4.212,-119.2,0,26,81,4.085,3.412,-12.2,1.503,4.253,0.3,0.0,1.5,2.65
1788457629.287,driving,5.347,4.194,-119.1,1,27,81,4.038,3.396,-12.7,1.533,4.236,0.3,0.0,1.5,2.63
1788457629.342,driving,5.342,4.185,-119.1,1,27,81,4.038,3.396,-13.2,1.524,4.228,0.3,0.0,1.5,2.63
1788457629.394,driving,5.332,4.167,-119.1,1,27,81,4.038,3.396,-13.6,1.507,4.212,0.3,0.0,1.5,2.6
1788457629.445,driving,5.327,4.158,-119.1,1,27,81,4.038,3.396,-14.0,1.498,4.204,0.3,0.0,1.5,2.6
1788457629.5,driving,5.321,4.152,-119.0,1,27,81,4.038,3.396,-14.5,1.49,4.196,0.3,0.0,1.5,2.57
1788457629.555,driving,5.308,4.145,-118.6,1,27,81,4.038,3.396,-15.2,1.475,4.181,0.3,0.0,1.5,2.57
1788457629.616,driving,5.303,4.138,-118.6,2,28,81,3.99,3.38,-15.7,1.516,4.174,0.3,0.0,1.5,2.54
1788457629.672,turning,5.293,4.12,-118.6,2,28,81,3.99,3.38,-16.1,1.498,4.158,0.0,-2.4,1.5,2.54
1788457629.734,turning,5.288,4.111,-118.6,2,28,81,3.99,3.38,-16.5,1.49,4.149,0.0,-2.4,1.5,2.51
1788457629.789,turning,5.287,4.11,-120.1,2,28,81,3.99,3.38,-15.3,1.488,4.148,0.0,-2.4,1.5,2.51
1788457629.846,turning,5.287,4.11,-121.0,2,28,81,3.99,3.38,-14.8,1.488,4.148,0.0,-2.4,1.5,2.49
1788457629.897,turning,5.287,4.11,-122.7,0,27,80,3.982,3.338,-13.4,1.516,4.148,0.0,-2.4,1.5,2.49
1788457629.953,turning,5.287,4.11,-123.6,0,27,80,3.982,3.338,-12.9,1.516,4.148,0.0,-2.4,1.5,2.49
1788457630.006,turning,5.287,4.11,-125.3,0,27,80,3.982,3.338,-11.5,1.516,4.148,0.0,-2.4,1.5,2.49
1788457630.063,turning,5.288,4.11,-125.9,0,27,80,3.982,3.338,-11.2,1.517,4.149,0.0,-2.4,1.5,2.49
1788457630.116,turning,5.291,4.11,-127.0,0,27,80,3.982,3.338,-10.4,1.519,4.151,0.0,-2.4,1.5,2.49
1788457630.167,turning,5.291,4.11,-127.9,0,27,80,3.982,3.338,-9.8,1.519,4.151,0.0,-2.4,1.5,2.49
1788457630.219,driving,5.291,4.11,-129.6,0,27,80,3.982,3.338,-8.4,1.519,4.151,0.3,0.0,1.5,2.49
1788457630.274,driving,5.291,4.11,-130.4,0,27,80,3.982,3.338,-7.8,1.519,4.151,0.3,0.0,1.5,2.49
1788457630.329,driving,5.289,4.108,-130.7,0,27,80,3.982,3.338,-7.9,1.517,4.149,0.3,0.0,1.5,2.49
1788457630.394,driving,5.287,4.105,-130.7,0,27,80,3.982,3.338,-8.1,1.513,4.145,0.3,0.0,1.5,2.49
1788457630.454,driving,5.283,4.1,-130.7,0,27,80,3.982,3.338,-8.4,1.508,4.14,0.3,0.0,1.5,2.49
1788457630.513,driving,5.274,4.088,-131.0,0,27,80,3.982,3.338,-8.4,1.494,4.128,0.3,0.0,1.5,2.47
1788457630.569,driving,5.27,4.079,-131.2,1,28,80,3.936,3.319,-8.4,1.535,4.12,0.3,0.0,1.5,2.47
1788457630.621,driving,5.258,4.064,-131.5,1,28,80,3.936,3.319,-8.4,1.517,4.103,0.3,0.0,1.5,2.44
1788457630.673,driving,5.251,4.056,-131.5,1,28,80,3.936,3.319,-8.7,1.508,4.094,0.3,0.0,1.5,2.44
1788457630.725,driving,5.238,4.041,-131.5,1,28,80,3.936,3.319,-8.9,1.489,4.076,0.3,0.0,1.5,2.42
1788457630.777,driving,5.231,4.033,-131.5,1,28,80,3.936,3.319,-9.2,1.479,4.066,0.3,0.0,1.5,2.42
1788457630.832,driving,5.215,4.022,-131.6,2,30,80,3.825,3.275,-9.3,1.578,4.047,0.3,0.0,1.5,2.39
1788457630.89,driving,5.205,4.018,-131.7,2,30,80,3.825,3.275,-9.5,1.568,4.037,0.3,0.0,1.5,2.39
1788457630.949,driving,5.19,4.006,-131.8,0,28,78,3.821,3.39,-9.8,1.501,4.018,0.3,0.0,1.5,2.36
1788457631.003,driving,5.183,3.998,-131.8,0,28,78,3.821,3.39,-10.1,1.491,4.009,0.3,0.0,1.5,2.36
1788457631.054,driving,5.169,3.983,-131.8,0,28,78,3.821,3.39,-10.5,1.473,3.99,0.3,0.0,1.5,2.34
1788457631.108,driving,5.163,3.976,-131.8,1,30,78,3.726,3.359,-10.9,1.563,3.981,0.3,0.0,1.5,2.34
1788457631.168,driving,5.149,3.96,-131.8,1,30,78,3.726,3.359,-11.2,1.545,3.963,0.3,0.0,1.5,2.31
1788457631.227,driving,5.142,3.953,-131.8,1,30,78,3.726,3.359,-11.6,1.535,3.954,0.3,0.0,1.5,2.31
1788457631.284,driving,5.129,3.938,-131.8,1,30,78,3.726,3.359,-11.9,1.517,3.935,0.3,0.0,1.5,2.28
1788457631.341,driving,5.122,3.93,-131.8,1,30,78,3.726,3.359,-12.3,1.508,3.926,0.3,0.0,1.5,2.28
1788457631.395,driving,5.115,3.922,-131.8,2,31,78,3.679,3.343,-12.6,1.549,3.917,0.3,0.0,1.5,2.26
1788457631.449,driving,5.101,3.907,-131.8,2,31,78,3.679,3.343,-13.0,1.53,3.899,0.3,0.0,1.5,2.26
1788457631.5,driving,5.093,3.897,-131.7,2,31,78,3.679,3.343,-13.4,1.519,3.888,0.3,0.0,1.5,2.23
1788457631.553,driving,5.074,3.871,-131.4,3,32,78,3.631,3.327,-14.1,1.542,3.861,0.3,0.0,1.5,2.23
1788457631.607,driving,5.067,3.862,-131.3,3,32,78,3.631,3.327,-14.5,1.532,3.85,0.3,0.0,1.5,2.2
1788457631.66,driving,5.053,3.846,-131.3,3,32,78,3.631,3.327,-14.9,1.514,3.832,0.3,0.0,1.5,2.2
1788457631.715,driving,5.046,3.839,-131.3,3,32,78,3.631,3.327,-15.2,1.505,3.823,0.3,0.0,1.5,2.18
1788457631.772,driving,5.033,3.823,-131.3,3,32,78,3.631,3.327,-15.6,1.487,3.805,0.3,0.0,1.5,2.18
1788457631.824,driving,5.026,3.816,-131.3,4,34,78,3.537,3.296,-15.9,1.578,3.796,0.3,0.0,1.5,2.15
1788457631.877,turning,5.013,3.8,-131.3,4,34,78,3.537,3.296,-16.3,1.56,3.778,0.0,-2.4,1.5,2.15
1788457631.94,turning,5.006,3.793,-131.3,0,30,73,3.525,3.275,-16.6,1.569,3.769,0.0,-2.4,1.5,2.12
1788457632.0,turning,5.005,3.791,-132.8,0,30,73,3.525,3.275,-15.4,1.567,3.767,0.0,-2.4,1.5,2.12
1788457632.058,turning,5.005,3.785,-133.7,0,30,73,3.525,3.275,-14.7,1.565,3.765,0.0,-2.4,1.5,2.11
1788457632.115,turning,5.006,3.771,-135.6,0,30,73,3.525,3.275,-13.2,1.562,3.761,0.0,-2.4,1.5,2.11
1788457632.168,turning,5.006,3.77,-136.5,0,30,73,3.525,3.275,-12.6,1.561,3.761,0.0,-2.4,1.5,2.11
1788457632.222,turning,5.006,3.77,-138.2,0,30,73,3.525,3.275,-11.2,1.561,3.761,0.0,-2.4,1.5,2.11
1788457632.279,turning,5.006,3.77,-139.1,0,30,73,3.525,3.275,-10.7,1.561,3.761,0.0,-2.4,1.5,2.11
1788457632.334,turning,5.006,3.77,-139.9,0,30,73,3.525,3.275,-10.1,1.561,3.761,0.0,-2.4,1.5,2.11
1788457632.388,turning,5.006,3.77,-141.6,0,30,73,3.525,3.275,-8.7,1.561,3.761,0.0,-2.4,1.5,2.11
1788457632.44,driving,5.006,3.77,-142.5,0,30,73,3.525,3.275,-8.1,1.561,3.761,0.3,0.0,1.5,2.11
1788457632.494,driving,5.005,3.77,-143.6,0,30,73,3.525,3.275,-7.3,1.561,3.76,0.3,0.0,1.5,2.11
1788457632.546,driving,5.004,3.768,-143.6,0,30,73,3.525,3.275,-7.5,1.559,3.758,0.3,0.0,1.5,2.11
1788457632.599,driving,4.996,3.763,-143.6,1,30,73,3.525,3.275,-7.8,1.55,3.749,0.3,0.0,1.5,2.1
1788457632.653,driving,4.99,3.758,-143.6,1,30,73,3.525,3.275,-8.0,1.543,3.742,0.3,0.0,1.5,2.1
1788457632.715,driving,4.975,3.75,-143.7,1,30,73,3.525,3.275,-8.1,1.526,3.725,0.3,0.0,1.5,2.09
1788457632.775,driving,4.967,3.746,-143.9,1,30,73,3.525,3.275,-8.3,1.517,3.716,0.3,0.0,1.5,2.09
1788457632.837,driving,4.95,3.736,-144.0,2,31,73,3.475,3.275,-8.4,1.546,3.697,0.3,0.0,1.5,2.08
1788457632.911,driving,4.942,3.73,-144.0,2,31,73,3.475,3.275,-8.7,1.536,3.687,0.3,0.0,1.5,2.08
1788457632.967,driving,4.925,3.718,-144.0,0,30,73,3.48,3.243,-8.9,1.521,3.668,0.3,0.0,1.5,2.06
1788457633.024,driving,4.917,3.712,-144.0,0,30,73,3.48,3.243,-9.1,1.512,3.658,0.3,0.0,1.5,2.06
1788457633.078,driving,4.901,3.7,-144.0,1,31,73,3.433,3.228,-9.3,1.542,3.638,0.3,0.0,1.5,2.06
1788457633.129,driving,4.892,3.694,-144.0,1,31,73,3.433,3.228,-9.6,1.533,3.628,0.3,0.0,1.5,2.06
1788457633.18,driving,4.876,3.682,-144.0,1,31,73,3.433,3.228,-9.8,1.513,3.609,0.3,0.0,1.5,2.05
1788457633.232,driving,4.868,3.676,-144.0,1,31,73,3.433,3.228,-10.0,1.504,3.599,0.3,0.0,1.5,2.05
1788457633.284,driving,4.859,3.67,-144.0,2,32,73,3.385,3.212,-10.2,1.544,3.589,0.3,0.0,1.5,2.06
1788457633.334,driving,4.843,3.658,-144.0,2,32,73,3.385,3.212,-10.4,1.525,3.57,0.3,0.0,1.5,2.06
1788457633.387,driving,4.835,3.652,-144.0,2,32,73,3.385,3.212,-10.6,1.515,3.56,0.3,0.0,1.5,2.1
1788457633.445,driving,4.818,3.64,-144.0,3,33,73,3.338,3.196,-10.9,1.546,3.54,0.3,0.0,1.5,2.1
1788457633.506,driving,4.81,3.634,-144.0,3,33,73,3.338,3.196,-11.1,1.536,3.531,0.3,0.0,1.5,3.67
1788457633.564,driving,4.793,3.622,-144.0,3,33,73,3.338,3.196,-11.3,1.517,3.511,0.3,0.0,1.5,3.67
1788457633.621,driving,4.787,3.614,-143.9,3,33,73,3.338,3.196,-11.6,1.508,3.503,0.3,0.0,1.5,3.65
1788457633.678,driving,4.776,3.596,-143.6,4,34,73,3.29,3.18,-12.1,1.543,3.487,0.3,0.0,1.5,3.65
1788457633.732,driving,4.769,3.589,-143.5,4,34,73,3.29,3.18,-12.4,1.534,3.477,0.3,0.0,1.5,3.64
1788457633.783,driving,4.753,3.577,-143.5,4,34,73,3.29,3.18,-12.6,1.515,3.458,0.3,0.0,1.5,3.64
1788457633.837,driving,4.744,3.571,-143.5,4,34,73,3.29,3.18,-12.8,1.506,3.448,0.3,0.0,1.5,3.62
1788457633.89,driving,4.728,3.559,-143.5,5,35,73,3.243,3.164,-13.0,1.537,3.429,0.3,0.0,1.5,3.62
1788457633.943,driving,4.72,3.553,-143.5,5,35,73,3.243,3.164,-13.2,1.527,3.419,0.3,0.0,1.5,3.6
1788457633.995,driving,4.703,3.541,-143.5,1,31,68,3.24,3.08,-13.4,1.534,3.4,0.3,0.0,1.5,3.6
1788457634.048,driving,4.696,3.536,-143.5,1,31,68,3.24,3.08,-13.6,1.525,3.391,0.3,0.0,1.5,3.58
1788457634.1,driving,4.681,3.526,-143.4,1,31,68,3.24,3.08,-13.8,1.508,3.373,0.3,0.0,1.5,3.58
1788457634.152,driving,4.672,3.52,-143.4,1,31,68,3.24,3.08,-13.9,1.498,3.364,0.3,0.0,1.5,3.56
1788457634.204,driving,4.664,3.514,-143.4,2,32,68,3.193,3.064,-14.1,1.538,3.354,0.3,0.0,1.5,3.56
1788457634.265,driving,4.648,3.502,-143.4,2,32,68,3.193,3.064,-14.2,1.519,3.335,0.3,0.0,1.5,3.54
1788457634.326,driving,4.64,3.496,-143.4,2,32,68,3.193,3.064,-14.4,1.51,3.325,0.3,0.0,1.5,3.54
1788457634.388,driving,4.623,3.483,-143.4,3,33,68,3.146,3.049,-14.5,1.54,3.306,0.3,0.0,1.5,3.52
1788457634.445,driving,4.615,3.477,-143.4,3,33,68,3.146,3.049,-14.6,1.531,3.296,0.3,0.0,1.5,3.52
1788457634.503,driving,4.601,3.471,-143.5,3,33,68,3.146,3.049,-14.7,1.516,3.281,0.3,0.0,1.5,3.5
1788457634.555,driving,4.596,3.471,-143.5,3,33,68,3.146,3.049,-14.8,1.511,3.276,0.3,0.0,1.5,3.5
1788457634.61,driving,4.581,3.463,-143.6,3,33,68,3.146,3.049,-14.9,1.495,3.26,0.3,0.0,1.5,3.49
1788457634.664,driving,4.573,3.457,-143.6,4,34,68,3.098,3.033,-15.0,1.535,3.25,0.3,0.0,1.5,3.49
1788457634.714,driving,4.557,3.445,-143.6,4,34,68,3.098,3.033,-15.2,1.516,3.231,0.3,0.0,1.5,3.47
1788457634.767,driving,4.549,3.439,-143.6,4,34,68,3.098,3.033,-15.3,1.506,3.221,0.3,0.0,1.5,3.47
1788457634.822,driving,4.532,3.427,-143.6,5,35,68,3.051,3.017,-15.4,1.537,3.202,0.3,0.0,1.5,3.45
1788457634.876,driving,4.524,3.421,-143.6,5,35,68,3.051,3.017,-15.6,1.528,3.192,0.3,0.0,1.5,3.45
1788457634.932,driving,4.506,3.408,-143.8,5,35,68,3.051,3.017,-15.5,1.506,3.171,0.3,0.0,1.5,3.43
1788457634.987,driving,4.496,3.401,-144.0,0,30,62,3.006,2.935,-15.4,1.561,3.159,0.3,0.0,1.5,3.43
1788457635.046,driving,4.478,3.388,-144.2,0,30,62,3.006,2.935,-15.3,1.541,3.139,0.3,0.0,1.5,3.41
1788457635.104,driving,4.47,3.382,-144.2,0,30,62,3.006,2.935,-15.4,1.531,3.129,0.3,0.0,1.5,3.41
1788457635.165,driving,4.462,3.376,-144.2,1,31,62,2.958,2.919,-15.5,1.571,3.12,0.3,0.0,1.5,3.39
1788457635.225,driving,4.445,3.364,-144.2,1,31,62,2.958,2.919,-15.6,1.552,3.1,0.3,0.0,1.5,3.39
1788457635.281,driving,4.437,3.358,-144.2,1,31,62,2.958,2.919,-15.7,1.542,3.091,0.3,0.0,1.5,3.37
1788457635.336,driving,4.42,3.346,-144.2,2,32,62,2.911,2.904,-15.8,1.573,3.072,0.3,0.0,1.5,3.37
1788457635.388,driving,4.414,3.336,-144.0,2,32,62,2.911,2.904,-16.0,1.564,3.063,0.3,0.0,1.5,3.35
1788457635.441,turning,4.405,3.31,-143.7,2,32,62,2.911,2.904,-16.5,1.548,3.047,0.0,-2.4,1.5,3.35
1788457635.493,turning,4.398,3.301,-143.6,2,32,62,2.911,2.904,-16.7,1.539,3.038,0.0,-2.4,1.5,3.34
1788457635.546,turning,4.396,3.299,-145.1,2,32,62,2.911,2.904,-15.3,1.537,3.035,0.0,-2.4,1.5,3.34
1788457635.599,turning,4.396,3.299,-145.9,2,32,62,2.911,2.904,-14.6,1.537,3.035,0.0,-2.4,1.5,3.34
1788457635.65,turning,4.396,3.299,-147.7,2,32,62,2.911,2.904,-13.0,1.537,3.035,0.0,-2.4,1.5,3.34
1788457635.704,turning,4.396,3.299,-148.5,2,32,62,2.911,2.904,-12.2,1.537,3.035,0.0,-2.4,1.5,3.38
1788457635.757,turning,4.396,3.299,-150.2,2,32,62,2.911,2.904,-10.6,1.537,3.035,0.0,-2.4,1.5,3.38
1788457635.816,turning,4.395,3.301,-151.2,2,32,62,2.911,2.904,-9.7,1.536,3.034,0.0,-2.4,1.5,3.42
1788457635.878,turning,4.392,3.305,-153.2,2,32,62,2.911,2.904,-7.8,1.534,3.033,0.0,-2.4,1.5,3.42
1788457635.942,turning,4.392,3.305,-154.1,2,32,62,2.911,2.904,-7.0,1.534,3.033,0.0,-2.4,1.5,3.48
1788457636.0,driving,4.392,3.305,-155.8,0,29,59,2.925,2.875,-5.4,1.528,3.033,0.3,0.0,1.5,3.48
1788457636.054,driving,4.392,3.305,-156.7,0,29,59,2.925,2.875,-4.6,1.528,3.033,0.3,0.0,1.5,3.54
1788457636.109,driving,4.391,3.305,-156.9,0,29,59,2.925,2.875,-4.4,1.528,3.032,0.3,0.0,1.5,3.54
1788457636.165,driving,4.386,3.302,-156.9,0,29,59,2.925,2.875,-4.5,1.522,3.026,0.3,0.0,1.5,3.57
1788457636.219,driving,4.38,3.3,-156.9,0,29,59,2.925,2.875,-4.6,1.516,3.02,0.3,0.0,1.5,3.57
1788457636.273,driving,4.355,3.295,-156.9,1,30,59,2.878,2.859,-4.6,1.54,2.994,0.3,0.0,1.5,3.56
1788457636.327,driving,4.336,3.292,-156.9,1,30,59,2.878,2.859,-4.6,1.521,2.975,0.3,0.0,1.5,3.56
1788457636.381,driving,4.309,3.285,-157.0,2,31,59,2.83,2.843,-4.6,1.543,2.947,0.3,0.0,1.5,3.55
1788457636.435,driving,4.3,3.281,-157.0,2,31,59,2.83,2.843,-4.6,1.533,2.937,0.3,0.0,1.5,3.55
1788457636.488,driving,4.281,3.273,-157.0,2,31,59,2.83,2.843,-4.7,1.513,2.917,0.3,0.0,1.5,3.53
1788457636.54,driving,4.271,3.269,-157.0,2,31,59,2.83,2.843,-4.7,1.503,2.907,0.3,0.0,1.5,3.53
1788457636.599,driving,4.253,3.261,-156.8,3,32,59,2.783,2.828,-5.0,1.533,2.887,0.3,0.0,1.5,3.52
1788457636.657,driving,4.244,3.257,-156.6,3,32,59,2.783,2.828,-5.2,1.523,2.877,0.3,0.0,1.5,3.52
1788457636.717,driving,4.226,3.249,-156.5,3,32,59,2.783,2.828,-5.4,1.503,2.857,0.3,0.0,1.5,3.5
1788457636.774,driving,4.216,3.244,-156.5,4,33,59,2.735,2.812,-5.4,1.543,2.847,0.3,0.0,1.5,3.5
1788457636.831,driving,4.198,3.236,-156.5,4,33,59,2.735,2.812,-5.5,1.523,2.827,0.3,0.0,1.5,3.49
1788457636.884,driving,4.188,3.232,-156.5,4,33,59,2.735,2.812,-5.5,1.513,2.817,0.3,0.0,1.5,3.49
1788457636.937,driving,4.17,3.224,-156.5,5,34,59,2.688,2.796,-5.6,1.542,2.797,0.3,0.0,1.5,3.48
1788457636.99,driving,4.16,3.22,-156.5,5,34,59,2.688,2.796,-5.6,1.532,2.787,0.3,0.0,1.5,3.48
1788457637.045,driving,4.151,3.216,-156.5,1,31,56,2.69,2.73,-5.6,1.539,2.777,0.3,0.0,1.5,3.46
1788457637.096,driving,4.132,3.208,-156.5,1,31,56,2.69,2.73,-5.6,1.519,2.756,0.3,0.0,1.5,3.46
1788457637.148,driving,4.122,3.205,-156.5,1,31,56,2.69,2.73,-5.6,1.508,2.746,0.3,0.0,1.5,3.45
1788457637.201,driving,4.101,3.2,-156.5,2,32,56,2.643,2.714,-5.5,1.537,2.724,0.3,0.0,1.5,3.45
1788457637.255,driving,4.091,3.197,-156.5,2,32,56,2.643,2.714,-5.5,1.527,2.714,0.3,0.0,1.5,3.43
1788457637.312,driving,4.073,3.188,-156.5,2,32,56,2.643,2.714,-5.5,1.506,2.694,0.3,0.0,1.5,3.43
1788457637.37,driving,4.063,3.184,-156.5,2,32,56,2.643,2.714,-5.5,1.496,2.684,0.3,0.0,1.5,3.42
1788457637.427,driving,4.045,3.176,-156.5,3,33,56,2.596,2.699,-5.5,1.526,2.663,0.3,0.0,1.5,3.42
1788457637.489,driving,4.035,3.172,-156.5,3,33,56,2.596,2.699,-5.5,1.516,2.653,0.3,0.0,1.5,3.41
1788457637.545,driving,4.016,3.164,-156.5,3,33,56,2.596,2.699,-5.5,1.495,2.633,0.3,0.0,1.5,3.41
1788457637.601,driving,4.005,3.159,-156.5,4,34,56,2.548,2.683,-5.5,1.533,2.621,0.3,0.0,1.5,3.39
1788457637.651,driving,3.982,3.148,-156.6,4,34,56,2.548,2.683,-5.4,1.507,2.596,0.3,0.0,1.5,3.39
1788457637.705,driving,3.972,3.144,-156.6,4,34,56,2.548,2.683,-5.4,1.497,2.585,0.3,0.0,1.5,3.38
1788457637.756,driving,3.953,3.136,-156.6,5,35,56,2.501,2.667,-5.4,1.527,2.565,0.3,0.0,1.5,3.38
1788457637.81,driving,3.944,3.132,-156.6,5,35,56,2.501,2.667,-5.4,1.516,2.555,0.3,0.0,1.5,3.36
1788457637.864,driving,3.925,3.124,-156.6,5,35,56,2.501,2.667,-5.5,1.496,2.535,0.3,0.0,1.5,3.36
1788457637.92,driving,3.916,3.12,-156.6,6,36,56,2.453,2.651,-5.5,1.536,2.525,0.3,0.0,1.5,3.35
1788457637.969,driving,3.907,3.115,-156.6,6,36,56,2.453,2.651,-5.5,1.526,2.515,0.3,0.0,1.5,3.35
1788457638.023,driving,3.886,3.111,-156.4,6,36,56,2.453,2.651,-5.7,1.505,2.494,0.3,0.0,1.5,3.33
1788457638.076,driving,3.876,3.11,-156.2,0,30,50,2.429,2.686,-5.9,1.508,2.483,0.3,0.0,1.5,3.33
1788457638.134,driving,3.855,3.105,-156.0,0,30,50,2.429,2.686,-6.1,1.487,2.462,0.3,0.0,1.5,3.32
1788457638.19,driving,3.846,3.101,-156.0,1,31,50,2.38,2.676,-6.2,1.527,2.452,0.3,0.0,1.5,3.32
1788457638.248,driving,3.828,3.092,-156.0,1,31,50,2.38,2.676,-6.2,1.506,2.432,0.3,0.0,1.5,3.31
1788457638.307,driving,3.818,3.088,-156.0,1,31,50,2.38,2.676,-6.3,1.496,2.422,0.3,0.0,1.5,3.31
1788457638.362,driving,3.8,3.08,-156.0,2,32,50,2.331,2.666,-6.3,1.526,2.402,0.3,0.0,1.5,3.29
1788457638.412,driving,3.79,3.076,-156.0,2,32,50,2.331,2.666,-6.4,1.516,2.392,0.3,0.0,1.5,3.29
1788457638.466,driving,3.775,3.063,-155.5,2,32,50,2.331,2.666,-6.9,1.498,2.374,0.3,0.0,1.5,3.28
1788457638.518,driving,3.768,3.055,-155.1,2,32,50,2.331,2.666,-7.4,1.489,2.365,0.3,0.0,1.5,3.28
1788457638.571,driving,3.752,3.043,-154.8,3,33,50,2.282,2.656,-7.7,1.52,2.347,0.3,0.0,1.5,3.26
1788457638.624,driving,3.742,3.039,-154.8,3,33,50,2.282,2.656,-7.8,1.51,2.336,0.3,0.0,1.5,3.26
1788457638.676,driving,3.724,3.03,-154.8,3,33,50,2.282,2.656,-7.9,1.49,2.316,0.3,0.0,1.5,3.25
1788457638.73,driving,3.715,3.026,-154.8,4,34,50,2.233,2.647,-7.9,1.53,2.306,0.3,0.0,1.5,3.25
1788457638.783,driving,3.696,3.017,-154.8,4,34,50,2.233,2.647,-8.0,1.51,2.286,0.3,0.0,1.5,3.24
1788457638.834,driving,3.687,3.013,-154.8,4,34,50,2.233,2.647,-8.1,1.5,2.277,0.3,0.0,1.5,3.24
1788457638.89,driving,3.676,3.008,-154.7,5,35,50,2.184,2.637,-8.3,1.538,2.265,0.3,0.0,1.5,3.22
1788457638.951,driving,3.65,2.999,-154.4,5,35,50,2.184,2.637,-8.7,1.51,2.237,0.3,0.0,1.5,3.22
1788457639.012,driving,3.639,2.994,-154.3,5,35,50,2.184,2.637,-8.8,1.498,2.225,0.3,0.0,1.5,3.21
1788457639.072,driving,3.62,2.985,-154.3,0,30,45,2.183,2.563,-8.8,1.498,2.205,0.3,0.0,1.5,3.21
1788457639.128,driving,3.611,2.981,-154.3,0,30,45,2.183,2.563,-8.9,1.488,2.195,0.3,0.0,1.5,3.19
1788457639.18,driving,3.593,2.972,-154.3,1,31,45,2.135,2.549,-8.9,1.518,2.175,0.3,0.0,1.5,3.19
1788457639.234,driving,3.584,2.967,-154.3,1,31,45,2.135,2.549,-8.9,1.508,2.165,0.3,0.0,1.5,3.18
1788457639.291,driving,3.565,2.959,-154.3,1,31,45,2.135,2.549,-8.9,1.488,2.145,0.3,0.0,1.5,3.18
1788457639.346,driving,3.555,2.957,-154.4,1,31,45,2.135,2.549,-8.8,1.478,2.135,0.3,0.0,1.5,3.16
1788457639.402,driving,3.533,2.955,-154.9,2,32,45,2.087,2.535,-8.4,1.506,2.114,0.3,0.0,1.5,3.16
1788457639.462,driving,3.524,2.952,-154.9,2,32,45,2.087,2.535,-8.3,1.496,2.103,0.3,0.0,1.5,3.15
1788457639.518,driving,3.505,2.943,-154.9,2,32,45,2.087,2.535,-8.4,1.476,2.083,0.3,0.0,1.5,3.15
1788457639.571,driving,3.496,2.939,-154.9,3,33,45,2.038,2.522,-8.4,1.516,2.073,0.3,0.0,1.5,3.14
1788457639.623,driving,3.477,2.93,-154.9,3,33,45,2.038,2.522,-8.4,1.496,2.053,0.3,0.0,1.5,3.14
1788457639.679,driving,3.468,2.926,-154.9,3,33,45,2.038,2.522,-8.4,1.486,2.044,0.3,0.0,1.5,3.12
1788457639.738,driving,3.45,2.917,-154.9,4,34,45,1.99,2.508,-8.4,1.516,2.024,0.3,0.0,1.5,3.12
1788457639.799,driving,3.439,2.909,-155.0,4,34,45,1.99,2.508,-8.4,1.504,2.012,0.3,0.0,1.5,3.11
1788457639.86,driving,3.429,2.901,-155.1,4,34,45,1.99,2.508,-8.3,1.491,2.0,0.3,0.0,1.5,3.11
1788457639.919,driving,3.41,2.889,-155.2,5,35,45,1.942,2.494,-8.3,1.519,1.978,0.3,0.0,1.5,3.09
1788457639.969,driving,3.4,2.884,-155.2,5,35,45,1.942,2.494,-8.3,1.509,1.968,0.3,0.0,1.5,3.09
1788457640.025,driving,3.382,2.876,-155.2,5,35,45,1.942,2.494,-8.4,1.489,1.948,0.3,0.0,1.5,3.08
1788457640.077,driving,3.373,2.871,-155.2,5,35,45,1.942,2.494,-8.4,1.479,1.939,0.3,0.0,1.5,3.08
1788457640.131,driving,3.354,2.863,-155.2,0,30,39,1.92,2.511,-8.5,1.477,1.919,0.3,0.0,1.5,3.07
1788457640.184,driving,3.345,2.859,-155.2,1,31,39,1.871,2.499,-8.5,1.517,1.909,0.3,0.0,1.5,3.07
1788457640.238,driving,3.327,2.849,-155.2,1,31,39,1.871,2.499,-8.6,1.497,1.889,0.3,0.0,1.5,3.05
1788457640.291,driving,3.318,2.844,-155.2,1,31,39,1.871,2.499,-8.7,1.488,1.88,0.3,0.0,1.5,3.05
1788457640.345,driving,3.3,2.835,-155.2,2,32,39,1.775,2.475,-8.7,1.567,1.861,0.3,0.0,1.5,3.04
1788457640.399,driving,3.291,2.831,-155.2,2,32,39,1.775,2.475,-8.8,1.557,1.851,0.3,0.0,1.5,3.04
1788457640.456,driving,3.273,2.822,-155.2,2,32,39,1.775,2.475,-8.9,1.537,1.831,0.3,0.0,1.5,3.02
1788457640.513,driving,3.263,2.818,-155.2,2,32,39,1.775,2.475,-9.0,1.527,1.821,0.3,0.0,1.5,3.02
1788457640.573,driving,3.245,2.809,-155.2,3,33,39,1.725,2.475,-9.0,1.556,1.801,0.3,0.0,1.5,3.01
1788457640.631,driving,3.236,2.805,-155.2,3,33,39,1.725,2.475,-9.1,1.546,1.791,0.3,0.0,1.5,3.01
1788457640.688,driving,3.219,2.796,-155.3,3,33,39,1.725,2.475,-9.1,1.528,1.773,0.3,0.0,1.5,3.0
1788457640.739,driving,3.211,2.792,-155.4,4,34,39,1.675,2.475,-9.1,1.568,1.765,0.3,0.0,1.5,3.0
1788457640.792,driving,3.203,2.787,-155.5,4,34,39,1.675,2.475,-9.1,1.559,1.756,0.3,0.0,1.5,2.98
1788457640.846,driving,3.184,2.779,-155.5,4,34,39,1.675,2.475,-9.2,1.539,1.736,0.3,0.0,1.5,2.98
1788457640.898,driving,3.175,2.775,-155.5,4,34,39,1.675,2.475,-9.3,1.529,1.726,0.3,0.0,1.5,2.97
1788457640.952,driving,3.156,2.766,-155.5,5,35,39,1.625,2.475,-9.4,1.559,1.706,0.3,0.0,1.5,2.97
1788457641.005,driving,3.147,2.762,-155.5,5,35,39,1.625,2.475,-9.5,1.549,1.696,0.3,0.0,1.5,2.95
1788457641.056,driving,3.128,2.753,-155.5,5,35,39,1.625,2.475,-9.7,1.529,1.677,0.3,0.0,1.5,2.95
1788457641.108,driving,3.116,2.75,-155.8,6,36,39,1.575,2.475,-9.5,1.566,1.664,0.3,0.0,1.5,2.94
1788457641.163,driving,3.088,2.746,-156.6,1,31,34,1.575,2.475,-8.7,1.537,1.635,0.3,0.0,1.5,2.94
1788457641.221,driving,3.077,2.743,-156.8,1,31,34,1.575,2.475,-8.7,1.526,1.624,0.3,0.0,1.5,2.92
1788457641.284,driving,3.058,2.735,-156.8,1,31,34,1.575,2.475,-8.8,1.506,1.604,0.3,0.0,1.5,2.92
1788457641.349,driving,3.049,2.731,-156.8,2,32,34,1.525,2.475,-8.9,1.545,1.594,0.3,0.0,1.5,2.91
1788457641.408,driving,3.03,2.723,-156.8,2,32,34,1.525,2.475,-9.0,1.525,1.575,0.3,0.0,1.5,2.91
1788457641.467,driving,3.021,2.719,-156.8,2,32,34,1.525,2.475,-9.2,1.515,1.565,0.3,0.0,1.5,2.9
1788457641.52,driving,3.002,2.711,-156.8,3,33,34,1.475,2.475,-9.3,1.545,1.545,0.3,0.0,1.5,2.9
1788457641.573,driving,2.991,2.705,-156.7,3,33,34,1.475,2.475,-9.5,1.534,1.534,0.3,0.0,1.5,2.88
1788457641.627,driving,2.97,2.695,-156.7,3,33,34,1.475,2.475,-9.7,1.511,1.511,0.3,0.0,1.5,2.88
1788457641.681,driving,2.96,2.69,-156.7,4,33,34,1.475,2.475,-9.8,1.501,1.501,0.3,0.0,1.5,2.87
1788457641.734,driving,2.951,2.686,-156.7,4,33,34,1.475,2.475,-9.9,1.491,1.491,0.3,0.0,1.5,2.87
1788457641.786,driving,2.932,2.678,-156.7,4,33,34,1.475,2.475,-10.1,1.471,1.471,0.3,0.0,1.5,2.85
1788457641.838,driving,2.923,2.674,-156.7,4,33,34,1.475,2.475,-10.2,1.461,1.461,0.3,0.0,1.5,2.85
1788457641.89,driving,2.904,2.666,-156.7,5,33,34,1.475,2.475,-10.3,1.442,1.442,0.3,0.0,1.5,2.84
1788457641.943,driving,2.895,2.662,-156.7,5,33,34,1.475,2.475,-10.5,1.432,1.432,0.3,0.0,1.5,2.84
1788457641.999,driving,2.879,2.651,-156.6,5,33,34,1.475,2.475,-10.7,1.415,1.415,0.3,0.0,1.5,2.83
1788457642.056,driving,2.872,2.645,-156.5,6,33,34,1.475,2.475,-10.9,1.407,1.407,0.3,0.0,1.5,2.83
1788457642.116,driving,2.855,2.634,-156.4,6,33,34,1.475,2.475,-11.2,1.389,1.389,0.3,0.0,1.5,2.81
1788457642.174,driving,2.846,2.63,-156.4,1,28,29,1.475,2.475,-11.3,1.38,1.38,0.3,0.0,1.5,2.81
1788457642.233,driving,2.827,2.622,-156.4,1,28,29,1.475,2.475,-11.4,1.36,1.36,0.3,0.0,1.5,2.8
1788457642.289,driving,2.818,2.618,-156.4,1,28,29,1.475,2.475,-11.6,1.35,1.35,0.3,0.0,1.5,2.8
1788457642.346,driving,2.799,2.61,-156.4,2,28,29,1.475,2.475,-11.8,1.331,1.331,0.3,0.0,1.5,2.78
1788457642.4,driving,2.79,2.606,-156.4,2,28,29,1.475,2.475,-11.9,1.321,1.321,0.3,0.0,1.5,2.78
1788457642.454,driving,2.776,2.598,-156.1,2,28,29,1.475,2.475,-12.4,1.306,1.306,0.3,0.0,1.5,2.77
1788457642.506,driving,2.77,2.595,-155.9,2,28,29,1.475,2.475,-12.8,1.3,1.3,0.3,0.0,1.5,2.77
1788457642.559,driving,2.753,2.587,-155.7,3,28,29,1.475,2.475,-13.1,1.283,1.283,0.3,0.0,1.5,2.75
1788457642.61,driving,2.744,2.582,-155.7,3,28,29,1.475,2.475,-13.2,1.273,1.273,0.3,0.0,1.5,2.75
1788457642.66,driving,2.734,2.578,-155.7,3,28,29,1.475,2.475,-13.4,1.264,1.264,0.3,0.0,1.5,2.74
1788457642.712,driving,2.716,2.57,-155.7,3,28,29,1.475,2.475,-13.5,1.244,1.244,0.3,0.0,1.5,2.74
1788457642.766,driving,2.707,2.566,-155.7,4,28,29,1.475,2.475,-13.7,1.235,1.235,0.3,0.0,1.5,2.72
1788457642.821,driving,2.688,2.557,-155.7,4,28,29,1.475,2.475,-13.9,1.216,1.216,0.3,0.0,1.5,2.72
1788457642.882,driving,2.677,2.552,-155.7,4,28,29,1.475,2.475,-14.0,1.204,1.204,0.3,0.0,1.5,2.69
1788457642.939,driving,2.651,2.541,-155.7,5,28,29,1.475,2.475,-14.2,1.178,1.178,0.3,0.0,1.5,2.69
1788457642.995,driving,2.64,2.537,-155.7,5,28,29,1.475,2.475,-14.4,1.167,1.167,0.3,0.0,1.5,2.66
1788457643.049,driving,2.622,2.528,-155.7,5,28,29,1.475,2.475,-14.5,1.148,1.148,0.3,0.0,1.5,2.66
1788457643.1,driving,2.612,2.524,-155.7,6,28,29,1.475,2.475,-14.7,1.138,1.138,0.3,0.0,1.5,2.63
1788457643.151,driving,2.594,2.516,-155.7,6,28,29,1.475,2.475,-14.9,1.119,1.119,0.3,0.0,1.5,2.63
1788457643.205,driving,2.584,2.512,-155.7,0,22,23,1.475,2.475,-15.1,1.11,1.11,0.3,0.0,1.5,2.61
1788457643.258,driving,2.566,2.503,-155.7,0,22,23,1.475,2.475,-15.3,1.091,1.091,0.3,0.0,1.5,2.61
1788457643.313,driving,2.556,2.492,-155.7,0,22,23,1.475,2.475,-15.5,1.081,1.081,0.3,0.0,1.5,2.58
1788457643.366,driving,2.535,2.468,-155.7,1,22,23,1.475,2.475,-15.8,1.06,1.06,0.3,0.0,1.5,2.58
1788457643.42,driving,2.526,2.463,-155.7,1,22,23,1.475,2.475,-16.0,1.051,1.051,0.3,0.0,1.5,2.55
1788457643.47,turning,2.507,2.454,-155.7,1,22,23,1.475,2.475,-16.2,1.032,1.032,0.0,-2.4,1.5,2.55
1788457643.523,turning,2.498,2.45,-155.7,2,22,23,1.475,2.475,-16.5,1.023,1.023,0.0,-2.4,1.5,2.53
1788457643.578,turning,2.495,2.449,-156.3,2,22,23,1.475,2.475,-16.1,1.021,1.021,0.0,-2.4,1.5,2.53
1788457643.638,turning,2.495,2.449,-158.0,2,22,23,1.475,2.475,-14.6,1.021,1.021,0.0,-2.4,1.5,2.51
1788457643.696,turning,2.495,2.449,-158.9,2,22,23,1.475,2.475,-13.9,1.021,1.021,0.0,-2.4,1.5,2.51
1788457643.752,turning,2.499,2.453,-160.9,2,22,23,1.475,2.475,-12.1,1.024,1.024,0.0,-2.4,1.5,2.51
1788457643.809,turning,2.502,2.457,-162.0,2,22,23,1.475,2.475,-11.2,1.027,1.027,0.0,-2.4,1.5,2.51
1788457643.862,turning,2.505,2.46,-163.9,1,22,23,1.475,2.475,-9.5,1.03,1.03,0.0,-2.4,1.5,2.51
1788457643.916,turning,2.505,2.46,-164.8,1,22,23,1.475,2.475,-8.8,1.03,1.03,0.0,-2.4,1.5,2.51
1788457643.97,driving,2.505,2.46,-166.5,1,22,23,1.475,2.475,-7.3,1.03,1.03,0.3,0.0,1.5,2.51
1788457644.023,driving,2.505,2.46,-167.4,1,22,23,1.475,2.475,-6.6,1.03,1.03,0.3,0.0,1.5,2.51
1788457644.076,driving,2.502,2.459,-167.6,2,22,23,1.475,2.475,-6.6,1.027,1.027,0.3,0.0,1.5,2.5
1788457644.128,driving,2.498,2.458,-167.6,2,22,23,1.475,2.475,-6.7,1.023,1.023,0.3,0.0,1.5,2.5
1788457644.183,driving,2.485,2.455,-167.6,2,22,23,1.475,2.475,-6.9,1.01,1.01,0.3,0.0,1.5,2.49
1788457644.238,driving,2.476,2.453,-167.6,0,20,21,1.475,2.475,-7.1,1.002,1.002,0.3,0.0,1.5,2.49
1788457644.291,driving,2.454,2.448,-167.5,0,20,21,1.475,2.475,-7.3,0.98,0.98,0.3,0.0,1.5,2.47
1788457644.346,driving,2.443,2.444,-167.4,1,20,21,1.475,2.475,-7.6,0.968,0.968,0.3,0.0,1.5,2.47
1788457644.407,driving,2.422,2.439,-167.4,1,20,21,1.475,2.475,-7.8,0.948,0.948,0.3,0.0,1.5,2.44
1788457644.465,driving,2.412,2.437,-167.4,1,20,21,1.475,2.475,-8.0,0.938,0.938,0.3,0.0,1.5,2.44
1788457644.524,driving,2.402,2.435,-167.4,1,20,21,1.475,2.475,-8.1,0.928,0.928,0.3,0.0,1.5,2.41
1788457644.58,driving,2.382,2.43,-167.4,2,20,21,1.475,2.475,-8.3,0.908,0.908,0.3,0.0,1.5,2.41
1788457644.634,driving,2.372,2.428,-167.4,2,20,21,1.475,2.475,-8.5,0.899,0.899,0.3,0.0,1.5,2.38
1788457644.687,driving,2.352,2.423,-167.4,2,20,21,1.475,2.475,-8.7,0.879,0.879,0.3,0.0,1.5,2.38
1788457644.742,driving,2.342,2.421,-167.4,3,20,21,1.475,2.475,-8.9,0.869,0.869,0.3,0.0,1.5,2.35
1788457644.794,driving,2.323,2.417,-167.4,3,20,21,1.475,2.475,-9.1,0.85,0.85,0.3,0.0,1.5,2.35
1788457644.849,driving,2.313,2.415,-167.4,3,20,21,1.475,2.475,-9.3,0.84,0.84,0.3,0.0,1.5,2.32
1788457644.899,driving,2.293,2.41,-167.4,4,20,21,1.475,2.475,-9.5,0.82,0.82,0.3,0.0,1.5,2.32
1788457644.952,driving,2.283,2.408,-167.4,4,20,21,1.475,2.475,-9.7,0.811,0.811,0.3,0.0,1.5,2.3
1788457645.004,driving,2.263,2.403,-167.4,4,20,21,1.475,2.475,-9.9,0.791,0.791,0.3,0.0,1.5,2.3
1788457645.057,driving,2.253,2.399,-167.1,4,20,21,1.475,2.475,-10.3,0.782,0.782,0.3,0.0,1.5,2.27
1788457645.11,driving,2.234,2.388,-166.3,5,20,21,1.475,2.475,-11.3,0.764,0.764,0.3,0.0,1.5,2.27
1788457645.166,driving,2.224,2.385,-166.3,5,20,21,1.475,2.475,-11.6,0.754,0.754,0.3,0.0,1.5,2.24
1788457645.227,driving,2.204,2.38,-166.3,0,15,16,1.475,2.475,-11.8,0.735,0.735,0.3,0.0,1.5,2.24
1788457645.289,driving,2.194,2.378,-166.3,1,15,16,1.475,2.475,-12.1,0.726,0.726,0.3,0.0,1.5,2.21
1788457645.344,driving,2.174,2.373,-166.3,1,15,16,1.475,2.475,-12.3,0.707,0.707,0.3,0.0,1.5,2.21
1788457645.402,driving,2.164,2.371,-166.3,1,15,16,1.475,2.475,-12.5,0.697,0.697,0.3,0.0,1.5,2.18
1788457645.46,driving,2.155,2.368,-166.3,1,15,16,1.475,2.475,-12.8,0.688,0.688,0.3,0.0,1.5,2.18
1788457645.52,driving,2.139,2.363,-166.0,2,15,16,1.475,2.475,-13.4,0.673,0.673,0.3,0.0,1.5,2.15
1788457645.575,driving,2.134,2.361,-165.7,2,15,16,1.475,2.475,-13.9,0.668,0.668,0.3,0.0,1.5,2.15
1788457645.629,driving,2.118,2.355,-165.4,2,15,16,1.475,2.475,-14.5,0.654,0.654,0.3,0.0,1.5,2.12
1788457645.682,driving,2.108,2.353,-165.4,2,15,16,1.475,2.475,-14.8,0.645,0.645,0.3,0.0,1.5,2.12
1788457645.735,driving,2.088,2.348,-165.4,3,15,16,1.475,2.475,-15.1,0.627,0.627,0.3,0.0,1.5,2.09
1788457645.787,driving,2.079,2.345,-165.4,3,15,16,1.475,2.475,-15.4,0.617,0.617,0.3,0.0,1.5,2.09
1788457645.841,driving,2.059,2.34,-165.4,3,15,16,1.475,2.475,-15.7,0.599,0.599,0.3,0.0,1.5,2.06
1788457645.896,driving,2.049,2.337,-165.4,3,15,16,1.475,2.475,-16.0,0.59,0.59,0.3,0.0,1.5,2.06
1788457645.955,turning,2.029,2.333,-165.4,4,15,16,1.475,2.475,-16.2,0.572,0.572,0.0,-2.4,1.5,2.04
1788457646.014,turning,2.018,2.332,-165.5,4,15,16,1.475,2.475,-16.5,0.562,0.562,0.0,-2.4,1.5,2.04
1788457646.071,turning,2.017,2.332,-167.2,4,15,16,1.475,2.475,-15.1,0.561,0.561,0.0,-2.4,1.5,2.01
1788457646.127,turning,2.017,2.332,-168.1,4,15,16,1.475,2.475,-14.5,0.561,0.561,0.0,-2.4,1.5,2.01
1788457646.18,turning,2.017,2.332,-169.8,4,15,16,1.475,2.475,-13.1,0.561,0.561,0.0,-2.4,1.5,2.01
1788457646.235,turning,2.017,2.332,-170.6,0,11,12,1.475,2.475,-12.6,0.561,0.561,0.0,-2.4,1.5,2.01
1788457646.287,turning,2.017,2.332,-172.4,0,11,12,1.475,2.475,-11.1,0.561,0.561,0.0,-2.4,1.5,2.0
1788457646.34,turning,2.017,2.332,-173.2,0,11,12,1.475,2.475,-10.5,0.561,0.561,0.0,-2.4,1.5,2.0
1788457646.391,turning,2.016,2.33,-173.9,0,11,12,1.475,2.475,-10.2,0.56,0.56,0.0,-2.4,1.5,2.0
1788457646.443,turning,2.009,2.323,-174.7,0,11,12,1.475,2.475,-9.7,0.555,0.555,0.0,-2.4,1.5,2.0
1788457646.494,turning,2.007,2.321,-175.3,0,11,12,1.475,2.475,-9.3,0.554,0.554,0.0,-2.4,1.5,2.0
1788457646.549,driving,2.007,2.321,-177.0,0,11,12,1.475,2.475,-7.9,0.554,0.554,0.3,0.0,1.5,2.0
1788457646.602,driving,2.007,2.321,-177.9,0,11,12,1.475,2.475,-7.3,0.554,0.554,0.3,0.0,1.5,2.0
1788457646.657,driving,2.005,2.321,-178.2,0,11,12,1.475,2.475,-7.2,0.552,0.552,0.3,0.0,1.5,2.0
1788457646.718,driving,2.001,2.321,-178.2,0,11,12,1.475,2.475,-7.5,0.548,0.548,0.3,0.0,1.5,2.0
1788457646.778,driving,1.988,2.321,-178.2,1,11,12,1.475,2.475,-7.8,0.536,0.536,0.3,0.0,1.5,2.0
1788457646.843,driving,1.978,2.321,-178.4,1,11,12,1.475,2.475,-7.8,0.526,0.526,0.3,0.0,1.5,1.98
1788457646.905,driving,1.954,2.321,-179.0,1,11,12,1.475,2.475,-7.5,0.503,0.503,0.3,0.0,1.5,1.98
1788457646.96,driving,1.943,2.321,-179.1,2,11,12,1.475,2.475,-7.7,0.493,0.493,0.3,0.0,1.5,1.95
1788457647.01,driving,1.923,2.32,-179.1,2,11,12,1.475,2.475,-8.0,0.474,0.474,0.3,0.0,1.5,1.95
1788457647.061,driving,1.913,2.32,-179.1,2,11,12,1.475,2.475,-8.4,0.464,0.464,0.3,0.0,1.5,1.92
1788457647.112,driving,1.892,2.32,-179.1,3,11,12,1.475,2.475,-8.7,0.445,0.445,0.3,0.0,1.5,1.92
1788457647.166,driving,1.884,2.32,-179.2,3,11,12,1.475,2.475,-8.9,0.437,0.437,0.3,0.0,1.5,1.89
1788457647.22,driving,1.866,2.319,-179.5,3,11,12,1.475,2.475,-8.9,0.421,0.421,0.3,0.0,1.5,1.89
1788457647.274,driving,1.856,2.319,-179.5,0,8,9,1.475,2.475,-9.3,0.412,0.412,0.3,0.0,1.5,1.86
1788457647.326,driving,1.846,2.319,-179.5,1,8,9,1.475,2.475,-9.6,0.402,0.402,0.3,0.0,1.5,1.86
1788457647.378,driving,1.826,2.319,-179.5,1,8,9,1.475,2.475,-10.0,0.384,0.384,0.288,0.0,1.5,1.83
1788457647.431,driving,1.815,2.319,-179.5,1,8,9,1.475,2.475,-10.4,0.374,0.374,0.281,0.0,1.5,1.83
1788457647.49,driving,1.796,2.319,-179.5,1,8,9,1.475,2.475,-10.8,0.357,0.357,0.268,0.0,1.5,1.8
1788457647.548,driving,1.786,2.319,-179.5,2,8,9,1.475,2.475,-11.2,0.348,0.348,0.261,0.0,1.5,1.8
1788457647.613,driving,1.765,2.318,-179.7,2,8,9,1.475,2.475,-11.4,0.329,0.329,0.247,0.0,1.5,1.77
1788457647.67,driving,1.753,2.318,-179.8,2,8,9,1.475,2.475,-11.7,0.319,0.319,0.239,0.0,1.5,1.77
1788457647.725,driving,1.733,2.318,-179.9,3,8,9,1.475,2.475,-12.1,0.302,0.302,0.227,0.0,1.5,1.75
1788457647.778,driving,1.725,2.318,-179.9,3,8,9,1.475,2.475,-12.6,0.296,0.296,0.222,0.0,1.5,1.75
1788457647.835,driving,1.71,2.318,-179.9,3,8,9,1.475,2.475,-13.1,0.283,0.283,0.22,0.0,1.5,1.72
1788457647.887,driving,1.702,2.318,-179.9,3,8,9,1.475,2.475,-13.6,0.276,0.276,0.22,0.0,1.5,1.72
1788457647.94,driving,1.687,2.318,-179.9,4,8,9,1.475,2.475,-14.2,0.264,0.264,0.22,0.0,1.5,1.7
1788457647.992,driving,1.68,2.318,-179.9,4,8,9,1.475,2.475,-14.8,0.258,0.258,0.22,0.0,1.5,1.7
1788457648.046,driving,1.664,2.312,-180.0,4,8,9,1.475,2.475,-15.4,0.249,0.249,0.22,0.0,1.5,1.68
1788457648.098,turning,1.655,2.308,180.0,4,8,9,1.475,2.475,-16.0,0.245,0.245,0.0,-2.4,1.5,1.68
1788457648.151,turning,1.645,2.306,179.3,4,8,9,1.475,2.475,-16.0,0.24,0.24,0.0,-2.4,1.5,1.66
1788457648.202,turning,1.645,2.306,178.4,4,8,9,1.475,2.475,-15.9,0.24,0.24,0.0,-2.4,1.5,1.66
1788457648.261,turning,1.645,2.306,177.5,4,8,9,1.475,2.475,-15.7,0.24,0.24,0.0,-2.4,1.5,1.65
1788457648.323,turning,1.645,2.306,175.8,0,3,4,1.475,2.475,-14.6,0.24,0.24,0.0,-2.4,1.5,1.65
1788457648.383,turning,1.645,2.306,175.0,0,3,4,1.475,2.475,-14.4,0.24,0.24,0.0,-2.4,1.5,1.65
1788457648.444,turning,1.645,2.306,173.2,0,3,4,1.475,2.475,-13.3,0.24,0.24,0.0,-2.4,1.5,1.65
1788457648.5,turning,1.645,2.306,172.4,0,3,4,1.475,2.475,-13.0,0.24,0.24,0.0,-2.4,1.5,1.64
1788457648.551,turning,1.645,2.306,170.7,0,3,4,1.475,2.475,-11.9,0.24,0.24,0.0,-2.4,1.5,1.64
1788457648.602,turning,1.643,2.303,169.8,0,3,4,1.475,2.475,-11.7,0.24,0.24,0.0,-2.4,1.5,1.64
1788457648.652,driving,1.634,2.293,168.2,0,3,4,1.475,2.475,-10.7,0.242,0.242,0.22,0.0,1.5,1.64
1788457648.706,driving,1.633,2.292,167.4,0,3,4,1.475,2.475,-10.5,0.242,0.242,0.22,0.0,1.5,1.64
1788457648.758,driving,1.63,2.292,167.2,0,3,4,1.475,2.475,-11.0,0.24,0.24,0.22,0.0,1.5,1.64
1788457648.812,driving,1.626,2.293,167.2,0,3,4,1.475,2.475,-11.7,0.236,0.236,0.22,0.0,1.5,1.64
1788457648.861,driving,1.613,2.296,167.2,0,3,4,1.475,2.475,-12.4,0.226,0.226,0.22,0.0,1.5,1.64
1788457648.914,driving,1.604,2.296,167.5,0,3,4,1.475,2.475,-13.4,0.221,0.221,0.22,0.0,1.5,1.62
1788457648.967,driving,1.586,2.295,168.2,0,3,4,1.475,2.475,-14.9,0.211,0.211,0.22,0.0,1.5,1.62
1788457649.023,driving,1.578,2.297,168.2,0,3,4,1.475,2.475,-15.7,0.206,0.206,0.22,0.0,1.5,1.6
1788457649.082,turning,1.564,2.3,168.2,0,3,4,1.475,2.475,-16.6,0.197,0.197,0.0,-2.4,1.5,1.6
1788457649.141,turning,1.556,2.301,168.2,0,3,4,1.475,2.475,-17.5,0.192,0.192,0.0,-2.4,1.5,1.58
1788457649.2,turning,1.555,2.301,167.5,0,3,4,1.475,2.475,-17.7,0.191,0.191,0.0,-2.4,1.5,1.58
1788457649.255,turning,1.561,2.301,166.0,0,3,4,1.475,2.475,-17.1,0.194,0.194,0.0,-2.4,1.5,1.56
1788457649.309,turning,1.567,2.3,165.4,1,4,5,1.475,2.475,-17.2,0.198,0.198,0.0,-2.4,1.5,1.56
1788457649.363,turning,1.572,2.299,164.0,0,4,5,1.475,2.475,-16.5,0.201,0.201,0.0,-2.4,1.5,1.56
1788457649.416,turning,1.572,2.299,163.1,0,4,5,1.475,2.475,-16.3,0.201,0.201,0.0,-2.4,1.5,1.56
1788457649.47,turning,1.572,2.299,161.4,0,4,5,1.475,2.475,-15.3,0.201,0.201,0.0,-2.4,1.5,1.56
1788457649.523,turning,1.572,2.299,160.5,0,4,5,1.475,2.475,-15.1,0.201,0.201,0.0,-2.4,1.5,1.56
1788457649.575,turning,1.572,2.299,158.8,0,4,5,1.475,2.475,-14.0,0.201,0.201,0.0,-2.4,1.5,1.56
1788457649.626,turning,1.572,2.299,158.0,0,4,5,1.475,2.475,-13.8,0.201,0.201,0.0,-2.4,1.5,1.56
1788457649.68,driving,1.572,2.299,156.2,0,4,5,1.475,2.475,-12.7,0.201,0.201,0.22,0.0,1.5,1.56
1788457649.732,driving,1.572,2.299,155.4,0,4,5,1.475,2.475,-12.5,0.201,0.201,0.22,0.0,1.5,1.56
1788457649.788,driving,1.569,2.3,155.2,1,4,5,1.475,2.475,-12.9,0.198,0.198,0.22,0.0,1.5,1.56
1788457649.849,driving,1.566,2.302,155.2,1,4,5,1.475,2.475,-13.5,0.195,0.195,0.22,0.0,1.5,1.56
1788457649.912,driving,1.555,2.307,155.1,1,4,5,1.475,2.475,-14.0,0.186,0.186,0.22,0.0,1.5,1.55
1788457649.972,driving,1.55,2.31,154.9,1,4,5,1.475,2.475,-14.6,0.181,0.181,0.22,0.0,1.5,1.55
1788457650.032,driving,1.537,2.316,154.9,1,4,5,1.475,2.475,-15.2,0.171,0.171,0.22,0.0,1.5,1.53
1788457650.084,driving,1.53,2.319,154.9,1,4,5,1.475,2.475,-16.0,0.165,0.165,0.22,0.0,1.5,1.53
1788457650.138,turning,1.523,2.322,154.9,1,4,5,1.475,2.475,-16.7,0.16,0.16,0.0,-2.4,1.5,1.51
1788457650.188,turning,1.514,2.327,154.4,1,4,5,1.475,2.475,-17.0,0.153,0.153,0.0,-2.4,1.5,1.51
1788457650.239,turning,1.512,2.328,153.7,1,4,5,1.475,2.475,-17.2,0.152,0.152,0.0,-2.4,1.5,1.49
1788457650.292,goal_approach,1.506,2.333,152.7,4,4,5,1.475,2.475,-50.4,0.145,0.145,0.0,-2.64,,1.49
1788457650.347,goal_approach,1.505,2.334,152.0,3,3,4,1.475,2.475,-50.1,0.144,0.144,0.0,-2.625,,1.49
1788457650.398,goal_approach,1.505,2.334,149.7,3,3,4,1.475,2.475,-47.9,0.144,0.144,0.0,-2.509,,1.49
1788457650.45,goal_approach,1.505,2.334,148.6,3,3,4,1.475,2.475,-46.8,0.144,0.144,0.0,-2.449,,1.49
1788457650.505,goal_approach,1.505,2.334,146.6,3,3,4,1.475,2.475,-44.8,0.144,0.144,0.0,-2.4,,1.49
1788457650.562,goal_approach,1.505,2.334,145.7,3,3,4,1.475,2.475,-43.9,0.144,0.144,0.0,-2.4,,1.49
1788457650.621,goal_approach,1.505,2.334,144.0,3,3,4,1.475,2.475,-42.2,0.144,0.144,0.0,-2.4,,1.49
1788457650.621,goal_approach,1.505,2.334,144.0,3,3,4,1.475,2.475,-42.2,0.144,0.144,0.0,-2.4,,1.49
1788457650.736,goal_approach,1.505,2.334,141.4,3,3,4,1.475,2.475,-39.6,0.144,0.144,0.0,-2.4,,1.49
1788457650.793,goal_approach,1.505,2.334,140.6,3,3,4,1.475,2.475,-38.7,0.144,0.144,0.0,-2.4,,1.49
1788457650.846,goal_approach,1.505,2.334,138.8,3,3,4,1.475,2.475,-37.0,0.144,0.144,0.0,-2.4,,1.49
1788457650.899,goal_approach,1.5,2.334,137.9,3,3,4,1.475,2.475,-37.7,0.143,0.143,0.0,-2.4,,1.49
1788457650.951,goal_approach,1.491,2.334,136.1,3,3,4,1.475,2.475,-39.5,0.142,0.142,0.0,-2.4,,1.49
1788457651.006,goal_approach,1.491,2.334,135.2,3,3,4,1.475,2.475,-38.7,0.142,0.142,0.0,-2.4,,1.49
1788457651.057,goal_approach,1.491,2.334,134.3,3,3,4,1.475,2.475,-37.9,0.142,0.142,0.0,-2.4,,1.49
1788457651.11,goal_approach,1.491,2.334,132.6,3,3,4,1.475,2.475,-36.2,0.142,0.142,0.0,-2.4,,1.49
1788457651.163,goal_approach,1.491,2.334,131.8,3,3,4,1.475,2.475,-35.3,0.142,0.142,0.0,-2.4,,1.49
1788457651.217,goal_approach,1.49,2.333,130.3,3,3,4,1.475,2.475,-34.4,0.143,0.143,0.0,-2.4,,1.5
1788457651.268,goal_approach,1.488,2.332,129.6,3,3,4,1.475,2.475,-34.2,0.143,0.143,0.0,-2.4,,1.5
1788457651.323,goal_approach,1.487,2.331,128.1,3,3,4,1.475,2.475,-33.2,0.144,0.144,0.0,-2.4,,1.5
1788457651.382,goal_approach,1.487,2.331,127.2,3,3,4,1.475,2.475,-32.3,0.144,0.144,0.0,-2.4,,1.5
1788457651.444,goal_approach,1.487,2.331,125.5,3,3,4,1.475,2.475,-30.6,0.144,0.144,0.0,-2.4,,1.52
1788457651.502,goal_approach,1.487,2.331,124.6,3,3,4,1.475,2.475,-29.7,0.144,0.144,0.0,-2.4,,1.52
1788457651.561,goal_approach,1.487,2.332,122.5,3,3,4,1.475,2.475,-27.9,0.143,0.143,0.0,-2.4,,1.53
1788457651.614,goal_approach,1.486,2.333,121.4,3,3,4,1.475,2.475,-27.0,0.143,0.143,0.0,-2.4,,1.53
1788457651.668,goal_approach,1.485,2.333,119.5,3,3,4,1.475,2.475,-25.2,0.142,0.142,0.0,-2.4,,1.55
1788457651.72,goal_approach,1.485,2.333,118.6,3,3,4,1.475,2.475,-24.4,0.142,0.142,0.0,-2.4,,1.55
1788457651.772,goal_approach,1.485,2.333,116.9,3,3,4,1.475,2.475,-22.6,0.142,0.142,0.0,-2.4,,1.57
1788457651.826,goal_approach,1.485,2.333,116.0,3,3,4,1.475,2.475,-21.8,0.142,0.142,0.0,-2.4,,1.57
1788457651.879,goal_approach,1.479,2.331,113.7,3,3,4,1.475,2.475,-22.2,0.144,0.144,0.0,-2.4,,1.6
1788457651.931,goal_approach,1.474,2.329,112.3,3,3,4,1.475,2.475,-22.8,0.146,0.146,0.0,-2.4,,1.6
1788457651.985,goal_approach,1.471,2.328,111.2,3,3,4,1.475,2.475,-22.7,0.148,0.148,0.0,-2.4,,1.63
1788457652.037,goal_approach,1.471,2.328,109.5,3,3,4,1.475,2.475,-20.9,0.148,0.148,0.0,-2.4,,1.63
1788457652.089,goal_approach,1.471,2.328,108.7,3,3,4,1.475,2.475,-20.1,0.148,0.148,0.0,-2.4,,1.67
1788457652.146,goal_approach,1.471,2.328,106.9,3,3,4,1.475,2.475,-18.4,0.148,0.148,0.0,-2.4,,1.67
1788457652.205,goal_approach,1.469,2.329,106.0,3,3,4,1.475,2.475,-18.2,0.146,0.146,0.0,-2.4,,1.71
1788457652.266,goal_approach,1.463,2.333,104.1,3,3,4,1.475,2.475,-19.1,0.142,0.142,0.0,-2.4,,1.71
1788457652.324,goal_approach,1.461,2.334,103.2,3,3,4,1.475,2.475,-18.8,0.142,0.142,0.0,-2.4,,1.75
1788457652.378,goal_approach,1.461,2.334,101.5,3,3,4,1.475,2.475,-17.0,0.142,0.142,0.0,-2.4,,1.75
1788457652.431,goal_approach,1.461,2.334,100.6,3,3,4,1.475,2.475,-16.2,0.142,0.142,0.0,-2.4,,1.8
1788457652.481,goal_approach,1.461,2.334,98.9,3,3,4,1.475,2.475,-14.5,0.142,0.142,0.0,-2.4,,1.8
1788457652.532,goal_approach,1.456,2.334,98.4,3,3,4,1.475,2.475,-16.0,0.142,0.142,0.0,-2.4,,1.86
1788457652.583,goal_approach,1.443,2.335,97.6,3,3,4,1.475,2.475,-20.5,0.144,0.144,0.0,-2.4,,1.86
1788457652.638,goal_approach,1.442,2.335,96.8,3,3,4,1.475,2.475,-20.1,0.144,0.144,0.0,-2.4,,1.93
1788457652.691,goal_approach,1.442,2.335,95.1,3,3,4,1.475,2.475,-18.4,0.144,0.144,0.0,-2.4,,1.93
1788457652.743,goal_approach,1.442,2.335,94.2,3,3,4,1.475,2.475,-17.6,0.144,0.144,0.0,-2.4,,2.01
1788457652.795,goal_approach,1.442,2.335,92.5,3,3,4,1.475,2.475,-15.8,0.144,0.144,0.0,-2.4,,2.01
1788457652.847,goal_approach,1.434,2.338,91.6,3,3,4,1.475,2.475,-18.4,0.143,0.143,0.0,-2.4,,2.01
1788457652.906,goal_approach,1.425,2.341,90.6,3,3,4,1.475,2.475,-21.1,0.143,0.143,0.0,-2.4,,2.01
1788457652.967,goal_approach,1.416,2.345,88.8,3,3,4,1.475,2.475,-23.0,0.143,0.143,0.0,-2.4,,2.01
1788457653.03,goal_approach,1.416,2.345,87.9,3,3,4,1.475,2.475,-22.2,0.143,0.143,0.0,-2.4,,2.01
1788457653.09,goal_approach,1.416,2.345,86.2,3,3,4,1.475,2.475,-20.4,0.143,0.143,0.0,-2.4,,2.01
1788457653.144,goal_approach,1.416,2.345,85.4,3,3,4,1.475,2.475,-19.6,0.143,0.143,0.0,-2.4,,2.01
1788457653.198,goal_approach,1.416,2.347,83.9,3,3,4,1.475,2.475,-18.7,0.141,0.141,0.0,-2.4,,2.01
1788457653.25,goal_approach,1.415,2.349,83.2,3,3,4,1.475,2.475,-18.7,0.14,0.14,0.0,-2.4,,2.01
1788457653.304,goal_approach,1.414,2.351,81.6,3,3,4,1.475,2.475,-17.6,0.138,0.138,0.0,-2.4,,2.0
1788457653.357,goal_approach,1.414,2.351,80.8,3,3,4,1.475,2.475,-16.8,0.138,0.138,0.0,-2.4,,2.0
1788457653.411,goal_approach,1.414,2.351,79.0,2,2,3,1.475,2.475,-15.1,0.138,0.138,0.0,-2.4,,2.0
1788457653.463,goal_approach,1.414,2.351,78.2,2,2,3,1.475,2.475,-14.2,0.138,0.138,0.0,-2.4,,2.0
1788457653.518,goal_approach,1.421,2.348,76.4,2,2,3,1.475,2.475,-9.4,0.138,0.138,0.0,-2.4,,2.0
1788457653.569,goal_approach,1.426,2.345,75.5,2,2,3,1.475,2.475,-6.1,0.139,0.139,0.0,-2.4,,2.0
1788457653.624,goal_approach,1.429,2.344,73.8,2,2,3,1.475,2.475,-2.9,0.139,0.139,0.22,0.0,,2.0
1788457653.68,goal_approach,1.429,2.344,72.9,2,2,3,1.475,2.475,-2.0,0.139,0.139,0.22,0.0,,2.0
1788457653.743,goal_approach,1.43,2.346,72.7,2,2,3,1.475,2.475,-1.8,0.136,0.136,0.22,0.0,,2.0
1788457653.8,goal_approach,1.431,2.35,72.7,2,2,3,1.475,2.475,-1.9,0.133,0.133,0.22,0.0,,2.0
1788457653.859,goal_approach,1.432,2.357,72.8,2,2,3,1.475,2.475,-2.9,0.126,0.126,0.22,0.0,,1.99
1788457653.915,goal_approach,1.43,2.378,73.1,2,2,3,1.475,2.475,-8.2,0.107,0.107,0.22,0.0,,1.99
1788457653.97,goal_approach,1.43,2.387,73.2,2,2,3,1.475,2.475,-10.1,0.099,0.099,0.22,0.0,,1.97
1788457654.023,goal_approach,1.435,2.401,73.2,2,2,3,1.475,2.475,-11.8,0.084,0.084,0.22,0.0,,1.97
1788457654.075,goal_approach,1.437,2.408,73.2,2,2,3,1.475,2.475,-13.0,0.077,0.077,0.22,0.0,,1.95
1788457654.128,goal_approach,1.441,2.422,73.2,2,2,3,1.475,2.475,-16.0,0.063,0.063,0.0,-2.4,,1.95
1788457654.18,goal_turn,1.441,2.428,73.1,2,2,3,1.475,2.475,163.5,0.0,0.058,0.0,4.5,,1.93
1788457654.231,goal_turn,1.434,2.427,74.6,2,2,3,1.475,2.475,162.0,0.0,0.064,0.0,4.5,,1.93
1788457654.287,goal_turn,1.432,2.426,77.8,2,2,3,1.475,2.475,158.7,0.0,0.065,0.0,4.5,,1.92
1788457654.34,goal_turn,1.432,2.426,84.4,2,2,3,1.475,2.475,152.2,0.0,0.065,0.0,4.5,,1.92
1788457654.392,goal_turn,1.432,2.426,87.6,2,2,3,1.475,2.475,148.9,0.0,0.065,0.0,4.5,,1.92
1788457654.451,goal_turn,1.432,2.426,94.2,1,1,2,1.475,2.475,142.4,0.0,0.065,0.0,4.5,,1.92
1788457654.519,goal_turn,1.432,2.426,97.5,1,1,2,1.475,2.475,139.1,0.0,0.065,0.0,4.5,,1.93
1788457654.576,goal_turn,1.432,2.426,104.0,1,1,2,1.475,2.475,132.6,0.0,0.065,0.0,4.5,,1.93
1788457654.635,goal_turn,1.432,2.426,107.3,1,1,2,1.475,2.475,129.3,0.0,0.065,0.0,4.5,,1.81
1788457654.69,goal_turn,1.432,2.426,113.8,1,1,2,1.475,2.475,122.7,0.0,0.065,0.0,4.5,,1.81
1788457654.743,goal_turn,1.432,2.426,117.1,1,1,2,1.475,2.475,119.5,0.0,0.065,0.0,4.5,,1.63
1788457654.796,goal_turn,1.432,2.426,120.4,1,1,2,1.475,2.475,116.2,0.0,0.065,0.0,4.5,,1.63
1788457654.849,goal_turn,1.433,2.428,126.6,1,1,2,1.475,2.475,109.9,0.0,0.063,0.0,4.5,,1.53
1788457654.901,goal_turn,1.433,2.43,129.7,1,1,2,1.475,2.475,106.9,0.0,0.062,0.0,4.5,,1.53
1788457654.957,goal_turn,1.432,2.431,136.0,1,1,2,1.475,2.475,100.6,0.0,0.061,0.0,4.5,,1.47
1788457655.009,goal_turn,1.432,2.432,139.2,1,1,2,1.475,2.475,97.3,0.0,0.061,0.0,4.5,,1.47
1788457655.061,goal_turn,1.428,2.437,145.6,1,1,2,1.475,2.475,90.9,0.0,0.061,0.0,4.5,,1.46
1788457655.111,goal_turn,1.425,2.441,148.8,1,1,2,1.475,2.475,87.8,0.0,0.061,0.0,4.5,,1.46
1788457655.164,goal_turn,1.423,2.437,154.9,1,1,2,1.475,2.475,81.6,0.0,0.065,0.0,4.274,,1.46
1788457655.219,goal_turn,1.423,2.431,158.0,1,1,2,1.475,2.475,78.6,0.0,0.068,0.0,4.115,,1.46
1788457655.283,goal_turn,1.419,2.426,163.8,1,1,2,1.475,2.475,72.8,0.0,0.074,0.0,3.812,,1.47
1788457655.344,goal_turn,1.416,2.425,166.6,1,1,2,1.475,2.475,69.9,0.0,0.077,0.0,3.662,,1.47
1788457655.407,goal_turn,1.411,2.417,171.7,1,1,2,1.475,2.475,64.8,0.0,0.086,0.0,3.394,,1.47
1788457655.461,goal_turn,1.409,2.412,174.2,1,1,2,1.475,2.475,62.3,0.0,0.091,0.0,3.264,,1.47
1788457655.517,goal_turn,1.403,2.412,178.3,1,1,2,1.475,2.475,58.3,0.0,0.095,0.0,3.05,,1.47
1788457655.57,goal_turn,1.4,2.416,-179.9,1,1,2,1.475,2.475,56.4,0.0,0.095,0.0,2.955,,1.47
1788457655.623,goal_turn,1.394,2.423,-176.9,1,1,2,1.475,2.475,53.4,0.0,0.096,0.0,2.798,,1.47
1788457655.674,goal_turn,1.391,2.428,-175.5,1,1,2,1.475,2.475,52.1,0.0,0.096,0.0,2.726,,1.47
1788457655.729,goal_turn,1.39,2.43,-174.1,1,1,2,1.475,2.475,50.7,0.0,0.096,0.0,2.654,,1.48
1788457655.78,goal_turn,1.392,2.429,-171.4,1,1,2,1.475,2.475,48.0,0.0,0.095,0.0,2.512,,1.48
1788457655.834,goal_turn,1.392,2.425,-170.2,1,1,2,1.475,2.475,46.8,0.0,0.097,0.0,2.449,,1.48
1788457655.888,goal_approach,1.391,2.413,-168.3,1,1,2,1.475,2.475,-155.3,0.105,0.105,0.0,-4.5,,1.48
1788457655.946,goal_approach,1.39,2.41,-167.6,1,1,2,1.475,2.475,-154.8,0.107,0.107,0.0,-4.5,,1.48
1788457656.004,goal_approach,1.39,2.408,-174.3,1,1,2,1.475,2.475,-147.3,0.108,0.108,0.0,-4.5,,1.48
1788457656.067,goal_approach,1.39,2.408,-177.8,1,1,2,1.475,2.475,-143.6,0.108,0.108,0.0,-4.5,,1.48
1788457656.126,goal_approach,1.39,2.408,175.3,1,1,2,1.475,2.475,-136.8,0.108,0.108,0.0,-4.5,,1.48
1788457656.183,goal_approach,1.39,2.406,172.2,1,1,2,1.475,2.475,-133.3,0.109,0.109,0.0,-4.5,,1.48
1788457656.238,goal_approach,1.39,2.403,166.3,1,1,2,1.475,2.475,-126.3,0.112,0.112,0.0,-4.5,,1.48
1788457656.293,goal_approach,1.389,2.403,162.9,1,1,2,1.475,2.475,-122.8,0.112,0.112,0.0,-4.5,,1.47
1788457656.348,goal_approach,1.389,2.403,156.1,1,1,2,1.475,2.475,-115.9,0.112,0.112,0.0,-4.5,,1.47
1788457656.402,goal_approach,1.393,2.403,152.7,1,1,2,1.475,2.475,-111.2,0.109,0.109,0.0,-4.5,,1.46
1788457656.456,goal_approach,1.402,2.403,145.9,1,1,2,1.475,2.475,-101.0,0.103,0.103,0.0,-4.5,,1.46
1788457656.51,goal_approach,1.413,2.398,142.5,1,1,2,1.475,2.475,-91.6,0.099,0.099,0.0,-4.5,,1.46
1788457656.562,goal_approach,1.435,2.388,135.8,1,1,2,1.475,2.475,-70.6,0.096,0.096,0.0,-3.697,,1.46
1788457656.616,goal_approach,1.442,2.383,132.5,1,1,2,1.475,2.475,-62.1,0.097,0.097,0.0,-3.252,,1.45
1788457656.669,goal_approach,1.45,2.379,129.9,1,1,2,1.475,2.475,-54.7,0.099,0.099,0.0,-2.862,,1.45
1788457656.724,goal_approach,1.46,2.377,126.7,1,1,2,1.475,2.475,-45.4,0.099,0.099,0.0,-2.4,,1.45
1788457656.778,goal_approach,1.463,2.38,125.7,1,1,2,1.475,2.475,-42.8,0.096,0.096,0.0,-2.4,,1.45
1788457656.84,goal_approach,1.467,2.379,124.3,1,1,2,1.475,2.475,-39.1,0.096,0.096,0.0,-2.4,,1.47
1788457656.896,goal_approach,1.468,2.376,123.5,1,1,2,1.475,2.475,-37.6,0.099,0.099,0.0,-2.4,,1.47
1788457656.959,goal_approach,1.466,2.371,122.1,1,1,2,1.475,2.475,-36.9,0.105,0.105,0.0,-2.4,,1.48
1788457657.014,goal_approach,1.464,2.368,121.5,1,1,2,1.475,2.475,-37.3,0.108,0.108,0.0,-2.4,,1.48
1788457657.067,goal_approach,1.459,2.369,120.2,1,1,2,1.475,2.475,-38.8,0.107,0.107,0.0,-2.4,,1.49
1788457657.123,goal_approach,1.456,2.372,119.5,1,1,2,1.475,2.475,-40.0,0.104,0.104,0.0,-2.4,,1.49
1788457657.176,goal_approach,1.448,2.374,118.1,1,1,2,1.475,2.475,-43.3,0.104,0.104,0.0,-2.4,,1.51
1788457657.229,goal_approach,1.442,2.374,117.3,1,1,2,1.475,2.475,-45.2,0.106,0.106,0.0,-2.4,,1.51
1788457657.281,goal_approach,1.439,2.374,115.7,1,1,2,1.475,2.475,-45.4,0.107,0.107,0.0,-2.4,,1.53
1788457657.334,goal_approach,1.439,2.374,114.8,1,1,2,1.475,2.475,-44.5,0.107,0.107,0.0,-2.4,,1.53
1788457657.387,goal_approach,1.439,2.369,112.7,1,1,2,1.475,2.475,-41.3,0.112,0.112,0.0,-2.4,,1.55
1788457657.44,goal_approach,1.44,2.366,111.6,1,1,2,1.475,2.475,-39.4,0.115,0.115,0.0,-2.4,,1.55
1788457657.492,goal_approach,1.44,2.364,109.7,2,2,3,1.475,2.475,-37.1,0.117,0.117,0.0,-2.4,,1.58
1788457657.547,goal_approach,1.44,2.364,108.8,2,2,3,1.475,2.475,-36.3,0.117,0.117,0.0,-2.4,,1.58
1788457657.608,goal_approach,1.44,2.364,107.9,2,2,3,1.475,2.475,-35.4,0.117,0.117,0.0,-2.4,,1.61
1788457657.669,goal_approach,1.44,2.364,106.2,2,2,3,1.475,2.475,-33.7,0.117,0.117,0.0,-2.4,,1.61
1788457657.731,goal_approach,1.438,2.363,105.4,2,2,3,1.475,2.475,-33.7,0.118,0.118,0.0,-2.4,,1.65
1788457657.794,goal_approach,1.43,2.361,103.7,2,2,3,1.475,2.475,-35.2,0.122,0.122,0.0,-2.4,,1.65
1788457657.852,goal_approach,1.429,2.361,102.8,2,2,3,1.475,2.475,-35.0,0.123,0.123,0.0,-2.4,,1.69
1788457657.905,goal_approach,1.429,2.361,101.1,2,2,3,1.475,2.475,-33.3,0.123,0.123,0.0,-2.4,,1.69
1788457657.96,goal_approach,1.429,2.361,100.2,2,2,3,1.475,2.475,-32.4,0.123,0.123,0.0,-2.4,,1.74
1788457658.01,goal_approach,1.429,2.361,98.5,2,2,3,1.475,2.475,-30.7,0.123,0.123,0.0,-2.4,,1.74
1788457658.063,goal_approach,1.427,2.361,97.8,2,2,3,1.475,2.475,-30.5,0.124,0.124,0.0,-2.4,,1.8
1788457658.115,goal_approach,1.423,2.36,96.3,2,2,3,1.475,2.475,-30.6,0.126,0.126,0.0,-2.4,,1.8
1788457658.168,goal_approach,1.422,2.36,95.5,2,2,3,1.475,2.475,-30.0,0.127,0.127,0.0,-2.4,,1.86
1788457658.22,goal_approach,1.422,2.36,93.8,2,2,3,1.475,2.475,-28.3,0.127,0.127,0.0,-2.4,,1.86
1788457658.276,goal_approach,1.422,2.36,92.9,2,2,3,1.475,2.475,-27.4,0.127,0.127,0.0,-2.4,,1.94
1788457658.338,goal_approach,1.422,2.36,91.2,2,2,3,1.475,2.475,-25.7,0.127,0.127,0.0,-2.4,,1.94
1788457658.399,goal_approach,1.419,2.361,90.3,2,2,3,1.475,2.475,-26.4,0.127,0.127,0.0,-2.4,,2.02
1788457658.455,goal_approach,1.411,2.363,88.4,2,2,3,1.475,2.475,-28.3,0.129,0.129,0.0,-2.4,,2.02
1788457658.515,goal_approach,1.411,2.363,87.6,2,2,3,1.475,2.475,-27.5,0.129,0.129,0.0,-2.4,,2.09
1788457658.568,goal_approach,1.411,2.363,86.7,2,2,3,1.475,2.475,-26.7,0.129,0.129,0.0,-2.4,,2.09
1788457658.622,goal_approach,1.411,2.363,85.0,2,2,3,1.475,2.475,-24.9,0.129,0.129,0.0,-2.4,,2.09
1788457658.674,goal_approach,1.411,2.363,84.1,2,2,3,1.475,2.475,-24.1,0.129,0.129,0.0,-2.4,,2.09
1788457658.727,goal_approach,1.406,2.361,82.1,2,2,3,1.475,2.475,-23.2,0.133,0.133,0.0,-2.4,,2.09
1788457658.779,goal_approach,1.402,2.358,81.0,2,2,3,1.475,2.475,-23.0,0.138,0.138,0.0,-2.4,,2.09
1788457658.832,goal_approach,1.398,2.356,79.1,2,2,3,1.475,2.475,-21.8,0.142,0.142,0.0,-2.4,,2.08
1788457658.886,goal_approach,1.398,2.356,78.3,2,2,3,1.475,2.475,-20.9,0.142,0.142,0.0,-2.4,,2.08
1788457658.938,goal_approach,1.398,2.356,76.5,2,2,3,1.475,2.475,-19.2,0.142,0.142,0.0,-2.4,,2.08
1788457658.993,goal_approach,1.398,2.356,75.7,2,2,3,1.475,2.475,-18.3,0.142,0.142,0.0,-2.4,,2.08
1788457659.045,goal_approach,1.391,2.361,73.9,2,2,3,1.475,2.475,-20.3,0.141,0.141,0.0,-2.4,,2.08
1788457659.1,goal_approach,1.385,2.366,73.0,2,2,3,1.475,2.475,-22.4,0.141,0.141,0.0,-2.4,,2.08
1788457659.161,goal_approach,1.381,2.369,71.2,2,2,3,1.475,2.475,-22.8,0.141,0.141,0.0,-2.4,,2.07
1788457659.22,goal_approach,1.381,2.369,70.3,2,2,3,1.475,2.475,-21.9,0.141,0.141,0.0,-2.4,,2.07
1788457659.282,goal_approach,1.381,2.369,68.6,2,2,3,1.475,2.475,-20.2,0.141,0.141,0.0,-2.4,,2.07
1788457659.339,goal_approach,1.381,2.369,67.7,2,2,3,1.475,2.475,-19.4,0.141,0.141,0.0,-2.4,,2.07
1788457659.395,goal_approach,1.375,2.369,66.3,2,2,3,1.475,2.475,-19.7,0.145,0.145,0.0,-2.4,,2.07
1788457659.449,goal_approach,1.371,2.369,65.7,2,2,3,1.475,2.475,-20.2,0.148,0.148,0.0,-2.4,,2.07
1788457659.501,goal_approach,1.369,2.37,64.9,2,2,3,1.475,2.475,-20.1,0.15,0.15,0.0,-2.4,,2.06
1788457659.555,goal_approach,1.369,2.37,63.2,2,2,3,1.475,2.475,-18.4,0.15,0.15,0.0,-2.4,,2.06
1788457659.61,goal_approach,1.369,2.37,62.3,2,2,3,1.475,2.475,-17.5,0.15,0.15,0.0,-2.4,,2.06
1788457659.665,goal_approach,1.369,2.37,60.6,2,2,3,1.475,2.475,-15.8,0.15,0.15,0.0,-2.4,,2.06
1788457659.717,goal_approach,1.366,2.371,59.7,2,2,3,1.475,2.475,-15.9,0.151,0.151,0.0,-2.4,,2.05
1788457659.769,goal_approach,1.357,2.375,57.8,2,2,3,1.475,2.475,-17.4,0.154,0.154,0.0,-2.4,,2.05
1788457659.824,goal_approach,1.356,2.376,56.9,2,2,3,1.475,2.475,-17.1,0.155,0.155,0.0,-2.4,,2.05
1788457659.879,goal_approach,1.356,2.376,55.1,2,2,3,1.475,2.475,-15.4,0.155,0.155,0.0,-2.4,,2.05
1788457659.942,goal_approach,1.356,2.376,54.3,2,2,3,1.475,2.475,-14.5,0.155,0.155,0.0,-2.4,,2.04
1788457660.006,goal_approach,1.356,2.376,52.6,2,2,3,1.475,2.475,-12.8,0.155,0.155,0.0,-2.4,,2.04
1788457660.067,goal_approach,1.352,2.366,51.6,2,2,3,1.475,2.475,-10.2,0.165,0.165,0.0,-2.4,,2.04
1788457660.12,goal_approach,1.34,2.341,49.8,2,2,3,1.475,2.475,-4.8,0.19,0.19,0.0,-2.4,,2.04
1788457660.173,goal_approach,1.339,2.338,48.9,2,2,3,1.475,2.475,-3.7,0.193,0.193,0.0,-2.4,,2.03
1788457660.225,goal_approach,1.339,2.338,47.2,2,2,3,1.475,2.475,-2.0,0.193,0.193,0.22,0.0,,2.03
1788457660.279,goal_approach,1.339,2.338,46.3,2,2,3,1.475,2.475,-1.1,0.193,0.193,0.22,0.0,,2.03
1788457660.333,goal_approach,1.341,2.34,46.1,2,2,3,1.475,2.475,-0.9,0.19,0.19,0.22,0.0,,2.03
1788457660.385,goal_approach,1.343,2.338,46.1,2,2,3,1.475,2.475,-0.1,0.19,0.19,0.22,0.0,,2.03
1788457660.435,goal_approach,1.346,2.338,46.1,2,2,3,1.475,2.475,0.7,0.189,0.189,0.22,0.0,,2.03
1788457660.486,goal_approach,1.355,2.343,46.1,2,2,3,1.475,2.475,1.5,0.178,0.178,0.22,0.0,,2.01
1788457660.54,goal_approach,1.36,2.349,46.1,3,3,4,1.475,2.475,1.6,0.171,0.171,0.22,0.0,,2.01
1788457660.596,goal_approach,1.371,2.359,46.1,3,3,4,1.475,2.475,1.8,0.156,0.156,0.22,0.0,,2.0
1788457660.652,goal_approach,1.376,2.365,46.1,3,3,4,1.475,2.475,1.9,0.148,0.148,0.22,0.0,,2.0
1788457660.712,goal_approach,1.38,2.369,46.2,3,3,4,1.475,2.475,2.1,0.142,0.142,0.22,0.0,,1.98
1788457660.769,goal_approach,1.38,2.368,46.3,3,3,4,1.475,2.475,2.2,0.143,0.143,0.22,0.0,,1.98
1788457660.829,goal_approach,1.387,2.374,46.4,3,3,4,1.475,2.475,2.5,0.135,0.135,0.22,0.0,,1.97
1788457660.881,goal_approach,1.392,2.379,46.4,3,3,4,1.475,2.475,2.6,0.127,0.127,0.22,0.0,,1.97
1788457660.937,goal_approach,1.402,2.39,46.4,3,3,4,1.475,2.475,3.0,0.112,0.112,0.22,0.0,,1.95
1788457660.993,goal_approach,1.407,2.395,46.4,3,3,4,1.475,2.475,3.2,0.105,0.105,0.22,0.0,,1.95
1788457661.051,goal_approach,1.417,2.406,46.4,3,3,4,1.475,2.475,3.7,0.09,0.09,0.22,0.0,,1.93
1788457661.104,goal_approach,1.423,2.411,46.4,3,3,4,1.475,2.475,4.1,0.082,0.082,0.22,0.0,,1.93
1788457661.158,goal_approach,1.433,2.422,46.4,3,3,4,1.475,2.475,5.0,0.067,0.067,0.22,0.0,,1.92
1788457661.213,goal_turn,1.438,2.428,46.4,3,3,4,1.475,2.475,-169.9,0.0,0.06,0.0,-4.5,,1.92
1788457661.265,goal_turn,1.444,2.434,43.7,3,3,4,1.475,2.475,-167.1,0.0,0.051,0.0,-4.5,,1.9
1788457661.319,goal_turn,1.444,2.434,40.3,3,3,4,1.475,2.475,-163.7,0.0,0.051,0.0,-4.5,,1.9
1788457661.372,goal_turn,1.444,2.434,36.8,3,3,4,1.475,2.475,-160.3,0.0,0.051,0.0,-4.5,,1.91
1788457661.426,goal_turn,1.444,2.434,29.9,3,3,4,1.475,2.475,-153.4,0.0,0.051,0.0,-4.5,,1.91
1788457661.485,goal_turn,1.443,2.435,26.4,3,3,4,1.475,2.475,-149.8,0.0,0.051,0.0,-4.5,,1.99
1788457661.548,goal_turn,1.438,2.438,19.1,3,3,4,1.475,2.475,-142.5,0.0,0.052,0.0,-4.5,,1.99
1788457661.61,goal_turn,1.437,2.439,15.6,1,1,2,1.475,2.475,-139.0,0.0,0.052,0.0,-4.5,,2.5
1788457661.663,goal_turn,1.437,2.439,8.7,1,1,2,1.475,2.475,-132.1,0.0,0.052,0.0,-4.5,,2.5
1788457661.714,goal_turn,1.437,2.439,5.3,1,1,2,1.475,2.475,-128.7,0.0,0.052,0.0,-4.5,,2.52
1788457661.763,goal_turn,1.437,2.439,-1.6,1,1,2,1.475,2.475,-121.8,0.0,0.052,0.0,-4.5,,2.52
1788457661.817,goal_turn,1.435,2.44,-4.8,1,1,2,1.475,2.475,-118.7,0.0,0.053,0.0,-4.5,,2.86
1788457661.87,goal_turn,1.431,2.443,-10.8,1,1,2,1.475,2.475,-112.6,0.0,0.054,0.0,-4.5,,2.86
1788457661.925,goal_turn,1.429,2.443,-14.1,1,1,2,1.475,2.475,-109.4,0.0,0.056,0.0,-4.5,,3.1
1788457661.977,goal_turn,1.426,2.443,-20.7,1,1,2,1.475,2.475,-102.7,0.0,0.059,0.0,-4.5,,3.1
1788457662.029,goal_turn,1.424,2.451,-24.3,1,1,2,1.475,2.475,-99.1,0.0,0.056,0.0,-4.5,,2.84
1788457662.079,goal_turn,1.421,2.469,-31.6,1,1,2,1.475,2.475,-91.9,0.0,0.054,0.0,-4.5,,2.84
1788457662.134,goal_turn,1.423,2.475,-34.9,1,1,2,1.475,2.475,-88.5,0.0,0.052,0.0,-4.5,,2.61
1788457662.187,goal_turn,1.427,2.487,-41.6,1,1,2,1.475,2.475,-81.9,0.0,0.05,0.0,-4.287,,2.61
1788457662.251,goal_turn,1.427,2.483,-44.7,1,1,2,1.475,2.475,-78.7,0.0,0.049,0.0,-4.121,,2.49
1788457662.316,goal_turn,1.427,2.479,-47.7,1,1,2,1.475,2.475,-75.8,0.0,0.048,0.0,-3.967,,2.49
1788457662.375,goal_turn,1.419,2.474,-53.4,1,1,2,1.475,2.475,-70.0,0.0,0.056,0.0,-3.667,,2.45
1788457662.43,goal_turn,1.41,2.473,-56.4,1,1,2,1.475,2.475,-67.1,0.0,0.065,0.0,-3.512,,2.45
1788457662.483,goal_turn,1.408,2.473,-61.3,1,1,2,1.475,2.475,-62.2,0.0,0.067,0.0,-3.255,,2.46
1788457662.537,goal_turn,1.412,2.474,-63.4,1,1,2,1.475,2.475,-60.0,0.0,0.063,0.0,-3.142,,2.46
1788457662.593,goal_turn,1.416,2.473,-66.9,1,1,2,1.475,2.475,-56.5,0.0,0.059,0.0,-2.958,,2.46
1788457662.646,goal_turn,1.416,2.471,-68.5,1,1,2,1.475,2.475,-54.9,0.0,0.059,0.0,-2.876,,2.46
1788457662.699,goal_turn,1.415,2.474,-71.1,1,1,2,1.475,2.475,-52.4,0.0,0.06,0.0,-2.741,,2.46
1788457662.754,goal_turn,1.414,2.477,-72.3,1,1,2,1.475,2.475,-51.2,0.0,0.061,0.0,-2.68,,2.46
1788457662.81,goal_turn,1.409,2.486,-74.8,1,1,2,1.475,2.475,-48.7,0.0,0.067,0.0,-2.549,,2.46
1788457662.864,goal_turn,1.405,2.491,-76.1,1,1,2,1.475,2.475,-47.3,0.0,0.072,0.0,-2.478,,2.46
1788457662.92,goal_turn,1.395,2.501,-78.6,1,1,2,1.475,2.475,-44.9,0.0,0.084,0.0,-2.4,,2.46
1788457662.974,goal_turn,1.389,2.505,-79.8,1,1,2,1.475,2.475,-43.7,0.0,0.092,0.0,-2.4,,2.46
1788457663.039,goal_approach,1.38,2.507,-81.7,1,1,2,1.475,2.475,63.1,0.101,0.101,0.0,3.304,,2.46
1788457663.097,goal_approach,1.376,2.506,-82.5,1,1,2,1.475,2.475,65.2,0.104,0.104,0.0,3.414,,2.46
1788457663.159,goal_approach,1.374,2.505,-79.3,1,1,2,1.475,2.475,62.6,0.106,0.106,0.0,3.277,,2.46
1788457663.216,goal_approach,1.374,2.505,-77.2,1,1,2,1.475,2.475,60.6,0.106,0.106,0.0,3.172,,2.46
1788457663.269,goal_approach,1.375,2.505,-75.3,1,1,2,1.475,2.475,58.7,0.105,0.105,0.0,3.073,,2.47
1788457663.324,goal_approach,1.38,2.503,-71.7,1,1,2,1.475,2.475,55.2,0.099,0.099,0.0,2.892,,2.47
1788457663.376,goal_approach,1.381,2.503,-70.0,1,1,2,1.475,2.475,53.6,0.098,0.098,0.0,2.807,,2.47
1788457663.429,goal_approach,1.381,2.503,-67.3,1,1,2,1.475,2.475,50.9,0.098,0.098,0.0,2.663,,2.47
1788457663.483,goal_approach,1.381,2.504,-66.0,1,1,2,1.475,2.475,49.1,0.099,0.099,0.0,2.572,,2.48
1788457663.535,goal_approach,1.379,2.507,-63.8,1,1,2,1.475,2.475,45.4,0.101,0.101,0.0,2.4,,2.48
1788457663.59,goal_approach,1.379,2.507,-62.8,1,1,2,1.475,2.475,44.1,0.101,0.101,0.0,2.4,,2.48
1788457663.644,goal_approach,1.379,2.507,-61.1,2,2,3,1.475,2.475,42.5,0.101,0.101,0.0,2.4,,2.48
1788457663.698,goal_approach,1.379,2.507,-60.3,2,2,3,1.475,2.475,41.6,0.101,0.101,0.0,2.4,,2.49
1788457663.755,goal_approach,1.379,2.507,-58.6,2,2,3,1.475,2.475,40.0,0.101,0.101,0.0,2.4,,2.49
1788457663.818,goal_approach,1.38,2.509,-57.7,2,2,3,1.475,2.475,38.1,0.101,0.101,0.0,2.4,,2.49
1788457663.876,goal_approach,1.383,2.512,-55.6,2,2,3,1.475,2.475,33.5,0.099,0.099,0.0,2.4,,2.49
1788457663.942,goal_approach,1.383,2.513,-54.8,2,2,3,1.475,2.475,32.4,0.099,0.099,0.0,2.4,,2.49
1788457663.998,goal_approach,1.383,2.513,-53.1,2,2,3,1.475,2.475,30.8,0.099,0.099,0.0,2.4,,2.49
1788457664.05,goal_approach,1.384,2.513,-52.7,2,2,3,1.475,2.475,29.7,0.099,0.099,0.0,2.4,,2.5
1788457664.101,goal_approach,1.386,2.515,-51.9,2,2,3,1.475,2.475,27.8,0.097,0.097,0.0,2.4,,2.5
1788457664.156,goal_approach,1.386,2.515,-51.1,2,2,3,1.475,2.475,26.9,0.097,0.097,0.0,2.4,,2.5
1788457664.209,goal_approach,1.386,2.515,-50.3,2,2,3,1.475,2.475,26.1,0.097,0.097,0.0,2.4,,2.5
1788457664.262,goal_approach,1.386,2.515,-48.6,2,2,3,1.475,2.475,24.5,0.097,0.097,0.0,2.4,,2.51
1788457664.316,goal_approach,1.386,2.515,-47.8,2,2,3,1.475,2.475,23.7,0.097,0.097,0.0,2.4,,2.51
1788457664.368,goal_approach,1.391,2.511,-46.4,2,2,3,1.475,2.475,22.9,0.091,0.091,0.0,2.4,,2.52
1788457664.419,goal_approach,1.395,2.508,-45.8,2,2,3,1.475,2.475,23.1,0.086,0.086,0.0,2.4,,2.52
1788457664.472,goal_approach,1.399,2.505,-44.3,2,2,3,1.475,2.475,22.4,0.082,0.082,0.0,2.4,,2.54
1788457664.527,goal_approach,1.399,2.505,-43.5,2,2,3,1.475,2.475,21.6,0.082,0.082,0.0,2.4,,2.54
1788457664.587,goal_approach,1.399,2.505,-41.8,2,2,3,1.475,2.475,19.9,0.082,0.082,0.0,2.4,,2.56
1788457664.651,goal_approach,1.399,2.505,-41.0,2,2,3,1.475,2.475,19.1,0.082,0.082,0.0,2.4,,2.56
1788457664.715,goal_approach,1.402,2.505,-39.1,2,2,3,1.475,2.475,17.0,0.078,0.078,0.0,2.4,,2.58
1788457664.772,goal_approach,1.405,2.504,-38.1,2,2,3,1.475,2.475,15.9,0.076,0.076,0.0,2.4,,2.58
1788457664.825,goal_approach,1.406,2.503,-36.3,2,2,3,1.475,2.475,14.0,0.074,0.074,0.0,2.4,,2.61
1788457664.875,goal_approach,1.406,2.503,-35.5,2,2,3,1.475,2.475,13.2,0.074,0.074,0.0,2.4,,2.61
1788457664.93,goal_approach,1.406,2.503,-33.9,2,2,3,1.475,2.475,11.6,0.074,0.074,0.0,2.4,,2.65
1788457664.981,goal_approach,1.406,2.503,-33.1,2,2,3,1.475,2.475,10.8,0.074,0.074,0.0,2.4,,2.65
1788457665.034,goal_approach,1.411,2.505,-31.5,2,2,3,1.475,2.475,6.7,0.071,0.071,0.0,2.4,,2.69
1788457665.085,goal_approach,1.414,2.506,-30.8,2,2,3,1.475,2.475,4.1,0.069,0.069,0.0,2.4,,2.69
1788457665.141,goal_approach,1.415,2.507,-30.0,2,2,3,1.475,2.475,2.2,0.068,0.068,0.22,0.0,,2.73
1788457665.192,goal_approach,1.415,2.506,-28.9,2,2,3,1.475,2.475,1.1,0.067,0.067,0.22,0.0,,2.73
1788457665.246,goal_approach,1.417,2.505,-28.9,2,2,3,1.475,2.475,1.1,0.065,0.065,0.22,0.0,,2.77
1788457665.304,goal_turn,1.425,2.501,-28.9,2,2,3,1.475,2.475,-94.6,0.0,0.056,0.0,-4.5,,2.77
1788457665.366,goal_turn,1.433,2.499,-28.6,2,2,3,1.475,2.475,-94.8,0.0,0.049,0.0,-4.5,,2.76
1788457665.424,goal_turn,1.438,2.502,-34.2,2,2,3,1.475,2.475,-89.2,0.0,0.046,0.0,-4.5,,2.76
1788457665.488,goal_turn,1.439,2.503,-37.5,2,2,3,1.475,2.475,-85.9,0.0,0.046,0.0,-4.499,,2.67
1788457665.543,goal_turn,1.439,2.503,-44.4,2,2,3,1.475,2.475,-79.0,0.0,0.046,0.0,-4.139,,2.67
1788457665.6,goal_turn,1.439,2.503,-47.8,2,2,3,1.475,2.475,-75.6,0.0,0.046,0.0,-3.959,,2.57
1788457665.652,goal_turn,1.439,2.503,-53.7,1,1,2,1.475,2.475,-69.8,0.0,0.046,0.0,-3.653,,2.57
1788457665.708,goal_turn,1.434,2.507,-56.3,1,1,2,1.475,2.475,-67.2,0.0,0.052,0.0,-3.517,,2.55
1788457665.76,goal_turn,1.423,2.515,-60.5,1,1,2,1.475,2.475,-62.9,0.0,0.066,0.0,-3.293,,2.55
1788457665.812,goal_turn,1.422,2.516,-62.7,1,1,2,1.475,2.475,-60.7,0.0,0.067,0.0,-3.178,,2.55
1788457665.865,goal_turn,1.422,2.516,-66.6,1,1,2,1.475,2.475,-56.9,0.0,0.067,0.0,-2.978,,2.55
1788457665.921,goal_turn,1.422,2.516,-68.3,1,1,2,1.475,2.475,-55.2,0.0,0.067,0.0,-2.889,,2.54
1788457665.973,goal_turn,1.422,2.515,-71.1,1,1,2,1.475,2.475,-52.3,0.0,0.067,0.0,-2.741,,2.54
1788457666.028,goal_turn,1.426,2.516,-73.0,1,1,2,1.475,2.475,-50.5,0.0,0.064,0.0,-2.642,,2.54
1788457666.082,goal_turn,1.431,2.517,-74.7,1,1,2,1.475,2.475,-48.7,0.0,0.061,0.0,-2.55,,2.54
1788457666.147,goal_turn,1.437,2.517,-77.5,1,1,2,1.475,2.475,-46.0,0.0,0.057,0.0,-2.407,,2.54
1788457666.21,goal_turn,1.439,2.516,-78.5,1,1,2,1.475,2.475,-45.0,0.0,0.055,0.0,-2.4,,2.54
1788457666.271,goal_turn,1.445,2.51,-79.9,1,1,2,1.475,2.475,-43.5,0.0,0.046,0.0,-2.4,,2.54
1788457666.326,goal_turn,1.45,2.506,-80.5,1,1,2,1.475,2.475,-42.9,0.0,0.04,0.0,-2.4,,2.54
1788457666.38,goal_turn,1.453,2.505,-81.5,1,1,2,1.475,2.475,-42.0,0.0,0.037,0.0,-2.4,,2.54
1788457666.433,goal_turn,1.452,2.508,-81.9,1,1,2,1.475,2.475,-41.5,0.0,0.04,0.0,-2.4,,2.54
1788457666.487,goal_turn,1.452,2.51,-83.3,1,1,2,1.475,2.475,-40.2,0.0,0.042,0.0,-2.4,,2.54
1788457666.541,goal_turn,1.452,2.51,-84.1,1,1,2,1.475,2.475,-39.3,0.0,0.042,0.0,-2.4,,2.54
1788457666.596,goal_turn,1.454,2.511,-85.5,1,1,2,1.475,2.475,-37.9,0.0,0.042,0.0,-2.4,,2.54
1788457666.65,goal_turn,1.456,2.512,-86.1,1,1,2,1.475,2.475,-37.3,0.0,0.042,0.0,-2.4,,2.54
1788457666.703,goal_turn,1.458,2.513,-87.6,1,1,2,1.475,2.475,-35.8,0.0,0.042,0.0,-2.4,,2.54
1788457666.753,goal_turn,1.458,2.513,-88.5,1,1,2,1.475,2.475,-34.9,0.0,0.042,0.0,-2.4,,2.54
1788457666.807,goal_turn,1.458,2.513,-90.2,1,1,2,1.475,2.475,-33.2,0.0,0.042,0.0,-2.4,,2.54
1788457666.861,goal_turn,1.458,2.513,-91.1,1,1,2,1.475,2.475,-32.4,0.0,0.042,0.0,-2.4,,2.54
1788457666.92,goal_turn,1.458,2.515,-93.0,1,1,2,1.475,2.475,-30.5,0.0,0.043,0.0,-2.4,,2.43
1788457666.982,goal_turn,1.459,2.516,-94.0,1,1,2,1.475,2.475,-29.5,0.0,0.044,0.0,-2.4,,2.43
1788457667.041,goal_turn,1.459,2.517,-94.9,1,1,2,1.475,2.475,-28.5,0.0,0.045,0.0,-2.4,,2.33
1788457667.096,goal_turn,1.459,2.517,-96.6,1,1,2,1.475,2.475,-26.8,0.0,0.045,0.0,-2.4,,2.33
1788457667.15,goal_turn,1.459,2.517,-97.5,1,1,2,1.475,2.475,-26.0,0.0,0.045,0.0,-2.4,,2.24
1788457667.203,goal_turn,1.459,2.517,-99.2,1,1,2,1.475,2.475,-24.2,0.0,0.045,0.0,-2.4,,2.24
1788457667.256,goal_turn,1.458,2.518,-100.0,1,1,2,1.475,2.475,-23.4,0.0,0.046,0.0,-2.4,,2.16
1788457667.31,goal_turn,1.454,2.52,-101.6,1,1,2,1.475,2.475,-21.8,0.0,0.05,0.0,-2.4,,2.16
1788457667.364,goal_turn,1.454,2.52,-102.5,1,1,2,1.475,2.475,-21.0,0.0,0.05,0.0,-2.4,,2.09
1788457667.418,goal_turn,1.454,2.52,-104.2,1,1,2,1.475,2.475,-19.3,0.0,0.05,0.0,-2.4,,2.09
