t,state,x,y,yaw_deg,i0,ci,n,aim_x,aim_y,herr_deg,dist_aim,dist_goal,vx,wz,la,clear
1788372741.366,driving,1.0,1.0,0.0,0,30,83,2.475,0.875,-4.8,1.48,4.077,0.3,0.0,1.5,1.56
1788372741.428,driving,1.0,1.0,0.0,0,30,83,2.475,0.875,-4.8,1.48,4.077,0.3,0.0,1.5,1.56
1788372741.494,driving,1.003,1.0,0.0,0,30,83,2.475,0.875,-4.8,1.477,4.074,0.3,0.0,1.5,1.56
1788372741.574,driving,1.007,1.0,0.0,1,31,83,2.525,0.875,-4.8,1.523,4.07,0.3,0.0,1.5,1.56
1788372741.653,driving,1.021,1.0,0.0,1,31,83,2.525,0.875,-4.8,1.51,4.056,0.3,0.0,1.5,1.56
1788372741.725,driving,1.03,1.0,0.0,1,31,83,2.525,0.875,-4.8,1.5,4.047,0.3,0.0,1.5,1.56
1788372741.785,driving,1.05,1.0,0.0,1,31,83,2.525,0.875,-4.8,1.48,4.027,0.3,0.0,1.5,1.56
1788372741.845,driving,1.06,1.0,0.0,2,32,83,2.575,0.875,-4.8,1.52,4.016,0.3,0.0,1.5,1.56
1788372741.899,driving,1.081,1.0,0.0,2,32,83,2.575,0.875,-4.8,1.499,3.996,0.3,0.0,1.5,1.56
1788372741.955,driving,1.091,1.0,0.0,2,32,83,2.575,0.875,-4.8,1.489,3.986,0.3,0.0,1.5,1.56
1788372742.01,driving,1.101,1.0,0.0,2,32,83,2.575,0.875,-4.8,1.479,3.976,0.3,0.0,1.5,1.56
1788372742.063,driving,1.122,1.0,0.0,3,33,83,2.625,0.875,-4.8,1.509,3.955,0.3,0.0,1.5,1.56
1788372742.113,driving,1.132,1.0,0.0,3,33,83,2.625,0.875,-4.8,1.498,3.945,0.3,0.0,1.5,1.56
1788372742.167,driving,1.152,1.0,0.0,3,33,83,2.625,0.875,-4.8,1.478,3.925,0.3,0.0,1.5,1.56
1788372742.217,driving,1.162,1.0,0.0,4,34,83,2.675,0.875,-4.8,1.518,3.915,0.3,0.0,1.5,1.56
1788372742.275,driving,1.183,1.0,0.0,4,34,83,2.675,0.875,-4.8,1.497,3.894,0.3,0.0,1.5,1.56
1788372742.336,driving,1.193,1.0,0.0,4,34,83,2.675,0.875,-4.8,1.487,3.884,0.3,0.0,1.5,1.56
1788372742.405,driving,1.213,1.0,0.0,0,30,78,2.725,0.875,-4.8,1.517,3.864,0.3,0.0,1.5,1.56
1788372742.462,driving,1.224,1.0,0.0,0,30,78,2.725,0.875,-4.8,1.507,3.853,0.3,0.0,1.5,1.56
1788372742.519,driving,1.245,1.001,0.2,0,30,78,2.725,0.875,-5.0,1.485,3.832,0.3,0.0,1.5,1.56
1788372742.576,driving,1.256,1.001,0.4,1,31,78,2.775,0.875,-5.2,1.524,3.821,0.3,0.0,1.5,1.56
1788372742.631,driving,1.277,1.002,0.5,1,31,78,2.775,0.875,-5.3,1.503,3.8,0.3,0.0,1.5,1.56
1788372742.689,driving,1.287,1.002,0.5,1,31,78,2.775,0.875,-5.3,1.493,3.79,0.3,0.0,1.5,1.56
1788372742.745,driving,1.308,1.002,0.5,2,32,78,2.825,0.875,-5.3,1.523,3.77,0.3,0.0,1.5,1.56
1788372742.801,driving,1.318,1.002,0.5,2,32,78,2.825,0.875,-5.3,1.513,3.759,0.3,0.0,1.5,1.56
1788372742.857,driving,1.338,1.003,0.5,2,32,78,2.825,0.875,-5.3,1.492,3.739,0.3,0.0,1.5,1.56
1788372742.91,driving,1.348,1.003,0.5,2,32,78,2.825,0.875,-5.3,1.482,3.729,0.3,0.0,1.5,1.56
1788372742.965,driving,1.357,1.003,0.6,2,32,78,2.825,0.875,-5.5,1.474,3.72,0.3,0.0,1.5,1.56
1788372743.017,driving,1.369,1.005,1.1,3,33,78,2.875,0.875,-6.0,1.511,3.708,0.3,0.0,1.5,1.56
1788372743.075,driving,1.378,1.006,1.3,3,33,78,2.875,0.875,-6.1,1.503,3.7,0.3,0.0,1.5,1.56
1788372743.134,driving,1.398,1.006,1.3,3,33,78,2.875,0.875,-6.1,1.483,3.679,0.3,0.0,1.5,1.56
1788372743.196,driving,1.408,1.006,1.3,3,33,78,2.875,0.875,-6.1,1.472,3.669,0.3,0.0,1.5,1.56
1788372743.255,driving,1.429,1.007,1.3,4,34,78,2.925,0.875,-6.1,1.502,3.649,0.3,0.0,1.5,1.56
1788372743.316,driving,1.439,1.007,1.3,4,34,78,2.925,0.875,-6.1,1.492,3.638,0.3,0.0,1.5,1.56
1788372743.371,driving,1.459,1.007,1.3,4,34,78,2.925,0.875,-6.1,1.472,3.618,0.3,0.0,1.5,1.56
1788372743.426,driving,1.47,1.007,1.0,0,30,73,2.975,0.875,-5.9,1.511,3.608,0.3,0.0,1.5,1.56
1788372743.479,driving,1.49,1.004,0.3,0,30,73,2.975,0.875,-5.1,1.49,3.587,0.3,0.0,1.5,1.56
1788372743.538,driving,1.5,1.003,0.2,1,31,73,3.025,0.875,-5.1,1.53,3.577,0.3,0.0,1.5,1.56
1788372743.597,driving,1.521,1.003,0.2,1,31,73,3.025,0.875,-5.1,1.51,3.557,0.3,0.0,1.5,1.56
1788372743.652,driving,1.531,1.003,0.2,1,31,73,3.025,0.875,-5.1,1.5,3.546,0.3,0.0,1.5,1.56
1788372743.709,driving,1.551,1.003,0.2,2,32,73,3.075,0.875,-5.1,1.529,3.526,0.3,0.0,1.5,1.56
1788372743.764,driving,1.562,1.003,0.2,2,32,73,3.075,0.875,-5.1,1.519,3.516,0.3,0.0,1.5,1.56
1788372743.823,driving,1.582,1.004,0.2,2,32,73,3.075,0.875,-5.1,1.499,3.495,0.3,0.0,1.5,1.56
1788372743.889,driving,1.589,1.001,-0.2,2,32,73,3.075,0.875,-4.6,1.492,3.489,0.3,0.0,1.5,1.56
1788372743.952,driving,1.595,0.999,-0.7,2,32,73,3.075,0.875,-4.2,1.485,3.482,0.3,0.0,1.5,1.56
1788372744.012,driving,1.612,0.996,-1.1,3,33,73,3.125,0.875,-3.7,1.518,3.465,0.3,0.0,1.5,1.56
1788372744.073,driving,1.622,0.996,-1.1,3,33,73,3.125,0.875,-3.7,1.508,3.455,0.3,0.0,1.5,1.56
1788372744.136,driving,1.643,0.995,-1.1,3,33,73,3.125,0.875,-3.7,1.487,3.434,0.3,0.0,1.5,1.56
1788372744.191,driving,1.653,0.995,-1.1,4,34,73,3.175,0.875,-3.7,1.527,3.424,0.3,0.0,1.5,1.56
1788372744.246,driving,1.673,0.995,-1.1,4,34,73,3.175,0.875,-3.7,1.507,3.404,0.3,0.0,1.5,1.56
1788372744.299,driving,1.683,0.995,-1.1,4,34,73,3.175,0.875,-3.7,1.496,3.394,0.3,0.0,1.5,1.56
1788372744.355,driving,1.698,0.992,-1.2,4,34,73,3.175,0.875,-3.6,1.481,3.379,0.3,0.0,1.5,1.56
1788372744.413,driving,1.704,0.991,-1.3,0,30,68,3.225,0.875,-3.5,1.525,3.373,0.3,0.0,1.5,1.56
1788372744.472,driving,1.721,0.989,-1.3,0,30,68,3.225,0.875,-3.5,1.508,3.356,0.3,0.0,1.5,1.56
1788372744.54,driving,1.731,0.989,-1.3,0,30,68,3.225,0.875,-3.5,1.498,3.346,0.3,0.0,1.5,1.56
1788372744.604,driving,1.751,0.988,-1.3,0,30,68,3.225,0.875,-3.5,1.478,3.325,0.3,0.0,1.5,1.56
1788372744.676,driving,1.762,0.988,-1.3,1,31,68,3.275,0.875,-3.4,1.518,3.315,0.3,0.0,1.5,1.56
1788372744.755,driving,1.782,0.987,-1.3,1,31,68,3.275,0.875,-3.4,1.497,3.295,0.3,0.0,1.5,1.56
1788372744.841,driving,1.792,0.987,-1.3,1,31,68,3.275,0.875,-3.4,1.487,3.285,0.3,0.0,1.5,1.56
1788372744.942,driving,1.815,0.99,-0.9,2,32,68,3.325,0.875,-3.8,1.515,3.262,0.3,0.0,1.5,1.56
1788372745.014,driving,1.827,0.992,-0.7,2,32,68,3.325,0.875,-4.0,1.503,3.251,0.3,0.0,1.5,1.56
1788372745.086,driving,1.838,0.994,-0.5,2,32,68,3.325,0.875,-4.2,1.492,3.24,0.3,0.0,1.5,1.56
1788372745.147,driving,1.858,0.993,-0.5,3,33,68,3.375,0.875,-4.2,1.522,3.219,0.3,0.0,1.5,1.56
1788372745.209,driving,1.868,0.993,-0.5,3,33,68,3.375,0.875,-4.2,1.512,3.209,0.3,0.0,1.5,1.56
1788372745.264,driving,1.889,0.993,-0.5,3,33,68,3.375,0.875,-4.2,1.491,3.189,0.3,0.0,1.5,1.56
1788372745.325,driving,1.899,0.993,-0.5,3,33,68,3.375,0.875,-4.2,1.481,3.178,0.3,0.0,1.5,1.56
1788372745.384,driving,1.919,0.993,-0.5,4,34,68,3.425,0.875,-4.2,1.51,3.158,0.3,0.0,1.5,1.56
1788372745.446,driving,1.929,0.994,-0.3,0,30,64,3.422,0.887,-4.3,1.497,3.148,0.3,0.0,1.5,1.56
1788372745.508,driving,1.949,0.999,0.3,0,30,64,3.422,0.887,-5.0,1.478,3.128,0.3,0.0,1.5,1.56
1788372745.568,driving,1.959,1.0,0.4,1,31,64,3.472,0.884,-5.0,1.518,3.118,0.3,0.0,1.5,1.56
1788372745.627,driving,1.98,1.0,0.4,1,31,64,3.472,0.884,-5.0,1.497,3.098,0.3,0.0,1.5,1.56
1788372745.685,driving,1.99,1.0,0.4,1,31,64,3.472,0.884,-5.0,1.487,3.088,0.3,0.0,1.5,1.56
1788372745.741,driving,2.01,1.0,0.4,2,32,64,3.522,0.881,-5.0,1.517,3.067,0.3,0.0,1.5,1.56
1788372745.797,driving,2.02,1.0,0.4,2,32,64,3.522,0.881,-5.0,1.507,3.057,0.3,0.0,1.5,1.56
1788372745.852,driving,2.041,1.0,0.4,2,32,64,3.522,0.881,-5.0,1.486,3.037,0.3,0.0,1.5,1.56
1788372745.912,driving,2.049,1.0,0.3,2,32,64,3.522,0.881,-5.0,1.478,3.029,0.3,0.0,1.5,1.56
1788372745.967,driving,2.065,1.0,0.2,3,33,64,3.572,0.878,-4.8,1.512,3.013,0.3,0.0,1.5,1.56
1788372746.024,driving,2.075,1.0,0.2,3,33,64,3.572,0.878,-4.8,1.502,3.003,0.3,0.0,1.5,1.56
1788372746.081,driving,2.085,1.0,0.2,3,33,64,3.572,0.878,-4.8,1.492,2.992,0.3,0.0,1.5,1.56
1788372746.138,driving,2.106,1.0,0.2,4,34,64,3.625,0.875,-4.8,1.525,2.972,0.3,0.0,1.5,1.56
1788372746.193,driving,2.116,1.0,0.2,4,34,64,3.625,0.875,-4.8,1.514,2.962,0.3,0.0,1.5,1.56
1788372746.25,driving,2.136,1.001,0.2,4,34,64,3.625,0.875,-4.8,1.494,2.942,0.3,0.0,1.5,1.56
1788372746.314,driving,2.146,1.001,0.2,4,34,64,3.625,0.875,-4.8,1.484,2.931,0.3,0.0,1.5,1.56
1788372746.378,driving,2.167,1.002,0.2,5,35,64,3.675,0.875,-4.9,1.514,2.911,0.3,0.0,1.5,1.56
1788372746.442,driving,2.177,1.003,0.3,5,35,64,3.675,0.875,-4.9,1.504,2.901,0.3,0.0,1.5,1.56
1788372746.501,driving,2.197,1.004,0.3,1,31,59,3.725,0.775,-5.1,1.545,2.881,0.3,0.0,1.5,1.56
1788372746.557,driving,2.207,1.004,0.3,1,31,59,3.725,0.775,-5.2,1.535,2.871,0.3,0.0,1.5,1.56
1788372746.615,driving,2.227,1.004,0.3,1,31,59,3.725,0.775,-5.3,1.515,2.851,0.3,0.0,1.5,1.56
1788372746.671,driving,2.238,1.004,0.3,1,31,59,3.725,0.775,-5.4,1.505,2.84,0.3,0.0,1.5,1.56
1788372746.726,driving,2.258,1.004,0.3,2,32,59,3.775,0.775,-5.5,1.534,2.82,0.3,0.0,1.5,1.56
1788372746.783,driving,2.268,1.004,0.3,2,32,59,3.775,0.775,-5.5,1.524,2.81,0.3,0.0,1.5,1.56
1788372746.839,driving,2.296,1.0,0.1,2,32,59,3.775,0.775,-5.4,1.496,2.782,0.3,0.0,1.5,1.56
1788372746.896,driving,2.312,0.997,-0.1,3,33,59,3.825,0.775,-5.2,1.529,2.766,0.3,0.0,1.5,1.56
1788372746.953,driving,2.336,0.995,-0.3,3,33,59,3.825,0.775,-5.2,1.505,2.742,0.3,0.0,1.5,1.56
1788372747.012,driving,2.346,0.995,-0.3,3,33,59,3.825,0.775,-5.3,1.495,2.732,0.3,0.0,1.5,1.56
1788372747.079,driving,2.356,0.995,-0.3,4,34,59,3.875,0.775,-5.3,1.535,2.721,0.3,0.0,1.5,1.56
1788372747.142,driving,2.377,0.995,-0.3,4,34,59,3.875,0.775,-5.4,1.514,2.701,0.3,0.0,1.5,1.56
1788372747.207,driving,2.387,0.995,-0.3,4,34,59,3.875,0.775,-5.5,1.504,2.691,0.3,0.0,1.5,1.56
1788372747.269,driving,2.407,0.995,-0.3,5,35,59,3.925,0.775,-5.5,1.534,2.671,0.3,0.0,1.5,1.56
1788372747.328,driving,2.417,0.997,-0.2,5,35,59,3.925,0.775,-5.6,1.524,2.661,0.3,0.0,1.5,1.56
1788372747.383,driving,2.436,1.003,-0.2,5,35,59,3.925,0.775,-5.7,1.507,2.643,0.3,0.0,1.5,1.56
1788372747.44,driving,2.445,1.004,-0.2,5,35,59,3.925,0.775,-5.8,1.497,2.633,0.3,0.0,1.5,1.56
1788372747.498,driving,2.466,1.004,-0.2,0,30,53,3.975,0.725,-5.9,1.535,2.612,0.3,0.0,1.5,1.56
1788372747.553,driving,2.476,1.004,-0.2,0,30,53,3.975,0.725,-6.0,1.525,2.602,0.3,0.0,1.5,1.56
1788372747.608,driving,2.496,1.004,-0.2,1,31,53,4.025,0.725,-6.2,1.554,2.582,0.3,0.0,1.5,1.56
1788372747.664,driving,2.507,1.004,-0.2,1,31,53,4.025,0.725,-6.3,1.544,2.572,0.3,0.0,1.5,1.56
1788372747.719,driving,2.527,1.004,-0.2,1,31,53,4.025,0.725,-6.4,1.524,2.551,0.3,0.0,1.5,1.56
1788372747.784,driving,2.537,1.003,-0.2,1,31,53,4.025,0.725,-6.5,1.514,2.541,0.3,0.0,1.5,1.56
1788372747.852,driving,2.557,1.002,-0.1,2,32,53,4.075,0.725,-6.6,1.543,2.521,0.3,0.0,1.5,1.56
1788372747.925,driving,2.567,1.002,-0.1,2,32,53,4.075,0.725,-6.7,1.533,2.511,0.3,0.0,1.5,1.56
1788372747.995,driving,2.588,1.002,-0.1,2,32,53,4.075,0.725,-6.8,1.513,2.491,0.3,0.0,1.5,1.56
1788372748.059,driving,2.598,1.002,-0.1,2,32,53,4.075,0.725,-6.9,1.503,2.481,0.3,0.0,1.5,1.56
1788372748.117,driving,2.608,1.002,-0.1,3,33,53,4.125,0.725,-6.9,1.542,2.47,0.3,0.0,1.5,1.56
1788372748.174,driving,2.628,1.002,-0.1,3,33,53,4.125,0.725,-7.0,1.522,2.45,0.3,0.0,1.5,1.56
1788372748.226,driving,2.639,1.002,-0.1,3,33,53,4.125,0.725,-7.1,1.512,2.44,0.3,0.0,1.5,1.56
1788372748.285,driving,2.658,0.998,-0.3,4,34,53,4.175,0.725,-7.0,1.541,2.42,0.3,0.0,1.5,1.56
1788372748.341,driving,2.667,0.994,-0.4,4,34,53,4.175,0.725,-7.0,1.531,2.411,0.3,0.0,1.5,1.56
1788372748.399,driving,2.687,0.99,-0.5,4,34,53,4.175,0.725,-7.0,1.512,2.391,0.3,0.0,1.5,1.56
1788372748.455,driving,2.697,0.99,-0.5,4,34,53,4.175,0.725,-7.0,1.501,2.381,0.3,0.0,1.5,1.56
1788372748.511,driving,2.717,0.99,-0.5,0,30,48,4.224,0.69,-7.1,1.536,2.36,0.3,0.0,1.5,1.56
1788372748.567,driving,2.728,0.99,-0.5,0,30,48,4.224,0.69,-7.2,1.526,2.35,0.3,0.0,1.5,1.56
1788372748.625,driving,2.748,0.989,-0.5,0,30,48,4.224,0.69,-7.3,1.506,2.33,0.3,0.0,1.5,1.56
1788372748.691,driving,2.758,0.989,-0.5,1,31,48,4.274,0.687,-7.4,1.545,2.32,0.3,0.0,1.5,1.56
1788372748.757,driving,2.788,0.991,-0.4,1,31,48,4.274,0.687,-7.6,1.517,2.29,0.3,0.0,1.5,1.56
1788372748.819,driving,2.805,0.992,-0.4,1,31,48,4.274,0.687,-7.7,1.5,2.273,0.3,0.0,1.5,1.56
1788372748.878,driving,2.83,0.993,-0.3,2,32,48,4.323,0.683,-7.8,1.526,2.248,0.3,0.0,1.5,1.56
1788372748.93,driving,2.84,0.993,-0.3,2,32,48,4.323,0.683,-7.9,1.516,2.238,0.3,0.0,1.5,1.56
1788372748.985,driving,2.86,0.993,-0.3,3,33,48,4.373,0.679,-8.0,1.545,2.218,0.3,0.0,1.5,1.55
1788372749.04,driving,2.871,0.993,-0.3,3,33,48,4.373,0.679,-8.1,1.535,2.208,0.3,0.0,1.5,1.55
1788372749.095,driving,2.881,0.993,-0.3,3,33,48,4.373,0.679,-8.2,1.525,2.197,0.3,0.0,1.5,1.52
1788372749.147,driving,2.901,0.993,-0.3,3,33,48,4.373,0.679,-8.3,1.505,2.177,0.3,0.0,1.5,1.52
1788372749.205,driving,2.914,0.994,-0.3,4,34,48,4.425,0.675,-8.4,1.544,2.164,0.3,0.0,1.5,1.5
1788372749.262,driving,2.946,0.996,-0.3,4,34,48,4.425,0.675,-8.5,1.513,2.132,0.3,0.0,1.5,1.5
1788372749.321,driving,2.959,0.997,-0.3,4,34,48,4.425,0.675,-8.5,1.501,2.119,0.3,0.0,1.5,1.47
1788372749.382,driving,2.979,0.997,-0.3,5,35,48,4.474,0.687,-8.6,1.526,2.099,0.3,0.0,1.5,1.47
1788372749.444,driving,2.99,0.997,-0.3,5,35,48,4.474,0.687,-8.7,1.516,2.089,0.3,0.0,1.5,1.44
1788372749.513,driving,3.01,0.997,-0.3,5,35,48,4.474,0.687,-8.8,1.496,2.069,0.3,0.0,1.5,1.44
1788372749.58,driving,3.02,0.996,-0.3,0,30,42,4.52,0.707,-8.8,1.527,2.058,0.3,0.0,1.5,1.41
1788372749.636,driving,3.041,0.996,-0.3,0,30,42,4.52,0.707,-8.9,1.507,2.038,0.3,0.0,1.5,1.41
1788372749.693,driving,3.05,0.997,-0.3,0,30,42,4.52,0.707,-8.9,1.498,2.029,0.3,0.0,1.5,1.38
1788372749.747,driving,3.068,1.0,-0.5,1,31,42,4.567,0.722,-8.8,1.524,2.011,0.3,0.0,1.5,1.38
1788372749.807,driving,3.078,1.0,-0.5,1,31,42,4.567,0.722,-8.8,1.515,2.001,0.3,0.0,1.5,1.35
1788372749.865,driving,3.099,1.0,-0.5,1,31,42,4.567,0.722,-8.8,1.495,1.98,0.3,0.0,1.5,1.35
1788372749.919,driving,3.109,1.0,-0.5,2,32,42,4.615,0.738,-8.9,1.528,1.97,0.3,0.0,1.5,1.33
1788372749.978,driving,3.129,1.0,-0.5,2,32,42,4.615,0.738,-8.9,1.508,1.95,0.3,0.0,1.5,1.33
1788372750.037,driving,3.14,1.0,-0.5,2,32,42,4.615,0.738,-8.9,1.498,1.939,0.3,0.0,1.5,1.3
1788372750.1,driving,3.15,1.0,-0.5,2,32,42,4.615,0.738,-8.9,1.488,1.929,0.3,0.0,1.5,1.3
1788372750.16,driving,3.163,0.999,-0.5,3,33,42,4.662,0.754,-8.9,1.519,1.916,0.3,0.0,1.5,1.27
1788372750.228,driving,3.165,0.999,-0.6,3,33,42,4.662,0.754,-8.8,1.517,1.914,0.3,0.0,1.5,1.27
1788372750.303,driving,3.179,0.999,-0.6,3,33,42,4.662,0.754,-8.7,1.504,1.9,0.3,0.0,1.5,1.24
1788372750.369,driving,3.189,0.999,-0.6,3,33,42,4.662,0.754,-8.8,1.493,1.89,0.3,0.0,1.5,1.24
1788372750.432,driving,3.209,0.998,-0.6,3,33,42,4.662,0.754,-8.8,1.473,1.87,0.3,0.0,1.5,1.21
1788372750.494,driving,3.22,0.998,-0.6,4,34,42,4.71,0.77,-8.7,1.508,1.86,0.3,0.0,1.5,1.21
1788372750.551,driving,3.24,0.998,-0.6,4,34,42,4.71,0.77,-8.7,1.487,1.839,0.299,0.0,1.5,1.18
1788372750.605,driving,3.25,0.998,-0.6,0,30,38,4.716,0.741,-8.7,1.488,1.829,0.299,0.0,1.5,1.18
1788372750.66,driving,3.271,1.002,-0.2,1,31,38,4.764,0.754,-9.1,1.514,1.808,0.296,0.0,1.5,1.16
1788372750.713,driving,3.282,1.006,0.1,1,31,38,4.764,0.754,-9.5,1.504,1.798,0.296,0.0,1.5,1.16
1788372750.768,driving,3.302,1.009,0.3,1,31,38,4.764,0.754,-9.7,1.484,1.778,0.293,0.0,1.5,1.13
1788372750.821,driving,3.312,1.009,0.3,2,32,38,4.813,0.767,-9.7,1.52,1.768,0.293,0.0,1.5,1.13
1788372750.876,driving,3.332,1.009,0.3,2,32,38,4.813,0.767,-9.7,1.5,1.748,0.291,0.0,1.5,1.1
1788372750.928,driving,3.342,1.009,0.3,2,32,38,4.813,0.767,-9.7,1.49,1.738,0.291,0.0,1.5,1.1
1788372750.988,driving,3.362,1.009,0.3,2,32,38,4.813,0.767,-9.7,1.471,1.718,0.288,0.0,1.5,1.08
1788372751.049,driving,3.372,1.009,0.3,3,33,38,4.861,0.78,-9.7,1.506,1.708,0.288,0.0,1.5,1.08
1788372751.109,driving,3.378,1.009,0.4,3,33,38,4.861,0.78,-9.8,1.5,1.702,0.286,0.0,1.5,1.05
1788372751.168,driving,3.383,1.008,0.7,3,33,38,4.861,0.78,-10.1,1.496,1.698,0.286,0.0,1.5,1.05
1788372751.228,driving,3.389,1.008,0.8,3,33,38,4.861,0.78,-10.1,1.49,1.692,0.283,0.0,1.5,1.02
1788372751.283,driving,3.408,1.008,0.8,3,33,38,4.861,0.78,-10.1,1.471,1.672,0.283,0.0,1.5,1.02
1788372751.336,driving,3.418,1.008,0.8,4,34,38,4.909,0.793,-10.1,1.507,1.663,0.281,0.0,1.5,1.0
1788372751.388,driving,3.437,1.008,0.8,4,34,38,4.909,0.793,-10.1,1.488,1.644,0.281,0.0,1.5,1.0
1788372751.442,driving,3.446,1.009,0.8,4,34,38,4.909,0.793,-10.1,1.478,1.634,0.278,0.0,1.5,0.97
1788372751.494,driving,3.465,1.009,0.8,5,35,38,4.957,0.807,-10.0,1.506,1.615,0.278,0.0,1.5,0.97
1788372751.549,driving,3.478,1.012,1.0,5,35,38,4.957,0.807,-10.1,1.493,1.603,0.276,0.0,1.5,0.95
1788372751.599,driving,3.506,1.019,1.3,1,13,34,4.085,0.8,-11.2,0.619,1.575,0.276,0.0,0.6,0.95
1788372751.65,driving,3.517,1.02,1.4,1,13,34,4.085,0.8,-11.9,0.609,1.565,0.274,0.0,0.6,0.92
1788372751.704,driving,3.536,1.021,1.4,1,13,34,4.085,0.8,-12.6,0.592,1.546,0.274,0.0,0.6,0.92
1788372751.761,driving,3.545,1.021,1.4,1,13,34,4.085,0.8,-13.3,0.583,1.537,0.272,0.0,0.6,0.9
1788372751.823,driving,3.563,1.022,1.4,2,14,34,4.132,0.783,-13.9,0.616,1.519,0.272,0.0,0.6,0.9
1788372751.885,driving,3.573,1.022,1.4,2,14,34,4.132,0.783,-14.6,0.608,1.51,0.269,0.0,0.6,0.87
1788372751.94,driving,3.591,1.022,1.4,2,14,34,4.132,0.783,-15.2,0.591,1.491,0.269,0.0,0.6,0.87
1788372751.998,driving,3.602,1.023,1.4,2,14,34,4.132,0.783,-15.9,0.582,1.481,0.267,0.0,0.6,0.85
1788372752.049,turning,3.612,1.025,1.5,3,15,34,4.179,0.766,-16.6,0.623,1.47,0.0,-2.4,0.6,0.85
1788372752.102,turning,3.626,1.026,1.0,3,15,34,4.179,0.766,-16.7,0.611,1.457,0.0,-2.4,0.6,0.83
1788372752.154,turning,3.626,1.026,0.1,3,15,34,4.179,0.766,-16.4,0.611,1.457,0.0,-2.4,0.6,0.83
1788372752.208,turning,3.626,1.026,-1.6,3,15,34,4.179,0.766,-15.3,0.611,1.457,0.0,-2.4,0.6,0.82
1788372752.261,turning,3.626,1.026,-2.4,3,15,34,4.179,0.766,-14.9,0.611,1.457,0.0,-2.4,0.6,0.82
1788372752.316,turning,3.626,1.026,-4.2,3,15,34,4.179,0.766,-13.7,0.611,1.457,0.0,-2.4,0.6,0.82
1788372752.371,turning,3.626,1.026,-5.0,3,15,34,4.179,0.766,-13.3,0.611,1.457,0.0,-2.4,0.6,0.82
1788372752.427,turning,3.626,1.027,-6.9,3,15,34,4.179,0.766,-11.8,0.612,1.457,0.0,-2.4,0.6,0.82
1788372752.481,turning,3.626,1.028,-7.8,3,15,34,4.179,0.766,-11.3,0.612,1.457,0.0,-2.4,0.6,0.82
1788372752.534,driving,3.626,1.028,-9.6,3,15,34,4.179,0.766,-9.9,0.612,1.457,0.264,0.0,0.6,0.82
1788372752.593,driving,3.626,1.028,-10.5,3,15,34,4.179,0.766,-9.4,0.612,1.457,0.264,0.0,0.6,0.82
1788372752.656,driving,3.629,1.028,-10.7,0,12,31,4.162,0.757,-9.5,0.598,1.454,0.264,0.0,0.6,0.82
1788372752.714,driving,3.633,1.027,-10.7,0,12,31,4.162,0.757,-10.0,0.594,1.45,0.264,0.0,0.6,0.82
1788372752.773,driving,3.645,1.025,-10.7,0,12,31,4.162,0.757,-10.4,0.582,1.438,0.263,0.0,0.6,0.81
1788372752.825,driving,3.654,1.023,-10.7,1,13,31,4.225,0.725,-10.8,0.644,1.429,0.263,0.0,0.6,0.81
1788372752.879,driving,3.673,1.014,-10.7,1,13,31,4.225,0.725,-11.1,0.623,1.409,0.262,0.0,0.6,0.8
1788372752.933,driving,3.683,1.009,-10.7,1,13,31,4.225,0.725,-11.5,0.612,1.399,0.262,0.0,0.6,0.8
1788372752.986,driving,3.692,1.005,-10.7,1,13,31,4.225,0.725,-11.8,0.602,1.389,0.261,0.0,0.6,0.78
1788372753.042,driving,3.71,1.002,-10.7,2,14,31,4.275,0.719,-12.1,0.632,1.371,0.261,0.0,0.6,0.78
1788372753.101,driving,3.718,1.0,-10.7,2,14,31,4.275,0.719,-12.3,0.623,1.362,0.26,0.0,0.6,0.77
1788372753.155,driving,3.736,0.997,-10.7,2,14,31,4.275,0.719,-12.6,0.606,1.345,0.26,0.0,0.6,0.77
1788372753.208,driving,3.744,0.995,-10.7,2,14,31,4.275,0.719,-12.9,0.598,1.336,0.259,0.0,0.6,0.76
1788372753.262,driving,3.762,0.992,-10.7,3,15,31,4.324,0.713,-13.0,0.628,1.318,0.259,0.0,0.6,0.76
1788372753.32,driving,3.77,0.99,-10.7,3,15,31,4.324,0.713,-13.2,0.62,1.31,0.259,0.0,0.6,0.76
1788372753.383,driving,3.788,0.987,-10.7,3,15,31,4.324,0.713,-13.4,0.603,1.292,0.259,0.0,0.6,0.76
1788372753.448,driving,3.796,0.986,-10.7,3,15,31,4.324,0.713,-13.6,0.594,1.283,0.259,0.0,0.6,0.76
1788372753.514,driving,3.814,0.982,-10.7,4,16,31,4.374,0.706,-13.7,0.624,1.266,0.259,0.0,0.6,0.76
1788372753.577,driving,3.822,0.981,-10.7,4,16,31,4.374,0.706,-13.8,0.616,1.257,0.26,0.0,0.6,0.77
1788372753.633,driving,3.84,0.977,-10.7,4,16,31,4.374,0.706,-14.0,0.599,1.24,0.26,0.0,0.6,0.77
1788372753.696,driving,3.851,0.977,-10.6,0,12,27,4.375,0.725,-14.1,0.582,1.228,0.3,0.0,0.6,1.23
1788372753.752,driving,3.875,0.978,-10.4,1,13,27,4.425,0.725,-14.3,0.605,1.204,0.3,0.0,0.6,1.23
1788372753.81,driving,3.886,0.977,-10.4,1,13,27,4.425,0.725,-14.4,0.595,1.194,0.3,0.0,0.6,1.22
1788372753.865,driving,3.906,0.973,-10.4,1,13,27,4.425,0.725,-14.4,0.575,1.173,0.3,0.0,0.6,1.22
1788372753.923,driving,3.916,0.971,-10.4,2,14,27,4.475,0.725,-14.3,0.611,1.163,0.3,0.0,0.6,1.22
1788372753.981,driving,3.926,0.969,-10.4,2,14,27,4.475,0.725,-14.3,0.601,1.153,0.3,0.0,0.6,1.22
1788372754.037,driving,3.946,0.966,-10.4,2,14,27,4.475,0.725,-14.3,0.581,1.133,0.3,0.0,0.6,1.21
1788372754.092,driving,3.956,0.964,-10.4,2,14,27,4.475,0.725,-14.3,0.571,1.123,0.3,0.0,0.6,1.21
1788372754.149,driving,3.975,0.959,-10.6,3,26,27,5.075,0.875,-13.5,1.103,1.103,0.3,0.0,1.5,1.2
1788372754.211,driving,3.985,0.955,-10.9,3,26,27,5.075,0.875,-12.8,1.093,1.093,0.3,0.0,1.5,1.2
1788372754.277,driving,4.004,0.95,-11.1,3,26,27,5.075,0.875,-12.1,1.073,1.073,0.299,0.0,1.5,1.19
1788372754.342,driving,4.014,0.948,-11.1,4,26,27,5.075,0.875,-11.6,1.063,1.063,0.299,0.0,1.5,1.19
1788372754.402,driving,4.034,0.944,-11.1,4,26,27,5.075,0.875,-11.2,1.043,1.043,0.299,0.0,1.5,1.18
1788372754.46,driving,4.044,0.942,-11.1,4,26,27,5.075,0.875,-10.7,1.033,1.033,0.299,0.0,1.5,1.18
1788372754.514,driving,4.064,0.939,-11.1,5,26,27,5.075,0.875,-10.3,1.013,1.013,0.298,0.0,1.5,1.18
1788372754.568,driving,4.074,0.937,-11.1,5,26,27,5.075,0.875,-9.8,1.003,1.003,0.298,0.0,1.5,1.18
1788372754.623,driving,4.091,0.93,-10.9,5,26,27,5.075,0.875,-9.6,0.986,0.986,0.297,0.0,1.5,1.17
1788372754.676,driving,4.098,0.927,-10.7,0,21,22,5.075,0.875,-9.4,0.978,0.978,0.297,0.0,1.5,1.17
1788372754.731,driving,4.116,0.922,-10.6,1,21,22,5.075,0.875,-9.1,0.96,0.96,0.296,0.0,1.5,1.16
1788372754.781,driving,4.126,0.92,-10.6,1,21,22,5.075,0.875,-8.6,0.95,0.95,0.296,0.0,1.5,1.16
1788372754.835,driving,4.146,0.916,-10.6,1,21,22,5.075,0.875,-8.2,0.93,0.93,0.296,0.0,1.5,1.15
1788372754.893,driving,4.156,0.915,-10.6,1,21,22,5.075,0.875,-7.8,0.92,0.92,0.296,0.0,1.5,1.15
1788372754.955,driving,4.166,0.913,-10.6,1,21,22,5.075,0.875,-7.4,0.91,0.91,0.295,0.0,1.5,1.15
1788372755.02,driving,4.185,0.909,-10.6,2,21,22,5.075,0.875,-7.0,0.89,0.89,0.295,0.0,1.5,1.15
1788372755.081,driving,4.195,0.906,-10.7,2,21,22,5.075,0.875,-6.5,0.881,0.881,0.294,0.0,1.5,1.14
1788372755.141,driving,4.212,0.896,-11.2,2,21,22,5.075,0.875,-5.6,0.864,0.864,0.294,0.0,1.5,1.14
1788372755.199,driving,4.221,0.893,-11.3,3,21,22,5.075,0.875,-5.1,0.854,0.854,0.294,0.0,1.5,1.13
1788372755.254,driving,4.24,0.889,-11.3,3,21,22,5.075,0.875,-4.8,0.835,0.835,0.294,0.0,1.5,1.13
1788372755.312,driving,4.25,0.887,-11.3,3,21,22,5.075,0.875,-4.4,0.825,0.825,0.293,0.0,1.5,1.13
1788372755.368,driving,4.27,0.883,-11.3,3,21,22,5.075,0.875,-4.0,0.805,0.805,0.293,0.0,1.5,1.13
1788372755.419,driving,4.28,0.881,-11.3,5,21,22,5.075,0.875,-3.7,0.796,0.796,0.292,0.0,1.5,1.12
1788372755.473,driving,4.299,0.877,-11.3,5,21,22,5.075,0.875,-3.3,0.776,0.776,0.292,0.0,1.5,1.12
1788372755.529,driving,4.308,0.877,-11.1,5,21,22,5.075,0.875,-3.1,0.767,0.767,0.292,0.0,1.5,1.11
1788372755.581,driving,4.324,0.877,-10.5,6,21,22,5.075,0.875,-3.3,0.751,0.751,0.292,0.0,1.5,1.11
1788372755.635,driving,4.334,0.875,-10.5,6,21,22,5.075,0.875,-3.1,0.741,0.741,0.291,0.0,1.5,1.1
1788372755.693,driving,4.353,0.872,-10.5,0,16,17,5.075,0.875,-2.7,0.722,0.722,0.291,0.0,1.5,1.1
1788372755.758,driving,4.363,0.87,-10.5,1,16,17,5.075,0.875,-2.4,0.712,0.712,0.29,0.0,1.5,1.1
1788372755.819,driving,4.383,0.866,-10.5,1,16,17,5.075,0.875,-2.0,0.693,0.693,0.29,0.0,1.5,1.1
1788372755.88,driving,4.392,0.865,-10.5,1,16,17,5.075,0.875,-1.7,0.683,0.683,0.29,0.0,1.5,1.09
1788372755.935,driving,4.402,0.863,-10.5,1,16,17,5.075,0.875,-1.4,0.673,0.673,0.29,0.0,1.5,1.09
1788372755.993,driving,4.42,0.857,-10.6,2,16,17,5.075,0.875,-0.9,0.655,0.655,0.289,0.0,1.5,1.08
1788372756.047,driving,4.428,0.853,-10.8,2,16,17,5.075,0.875,-0.4,0.647,0.647,0.289,0.0,1.5,1.08
1788372756.106,driving,4.446,0.847,-11.0,2,16,17,5.075,0.875,0.1,0.63,0.63,0.288,0.0,1.5,1.07
1788372756.162,driving,4.455,0.845,-11.0,2,16,17,5.075,0.875,0.5,0.62,0.62,0.288,0.0,1.5,1.07
1788372756.216,driving,4.475,0.841,-11.0,3,16,17,5.075,0.875,0.8,0.601,0.601,0.287,0.0,1.5,1.07
1788372756.27,driving,4.484,0.84,-11.0,3,16,17,5.075,0.875,1.1,0.592,0.592,0.287,0.0,1.5,1.07
1788372756.327,driving,4.503,0.836,-11.0,3,16,17,5.075,0.875,1.5,0.573,0.573,0.287,0.0,1.5,1.06
1788372756.388,driving,4.513,0.834,-11.0,3,16,17,5.075,0.875,1.8,0.563,0.563,0.287,0.0,1.5,1.06
1788372756.452,driving,4.53,0.827,-11.1,5,16,17,5.075,0.875,2.3,0.547,0.547,0.286,0.0,1.5,1.05
1788372756.517,driving,4.538,0.822,-11.2,5,16,17,5.075,0.875,2.8,0.539,0.539,0.286,0.0,1.5,1.05
1788372756.588,driving,4.556,0.816,-11.3,6,16,17,5.075,0.875,3.2,0.522,0.522,0.285,0.0,1.5,1.05
1788372756.654,driving,4.566,0.814,-11.3,6,16,17,5.075,0.875,3.6,0.513,0.513,0.285,0.0,1.5,1.05
1788372756.717,driving,4.585,0.811,-11.3,0,10,11,5.075,0.875,3.9,0.495,0.495,0.285,0.0,1.5,1.04
1788372756.779,driving,4.594,0.809,-11.3,0,10,11,5.075,0.875,4.3,0.485,0.485,0.285,0.0,1.5,1.04
1788372756.836,driving,4.613,0.805,-11.3,1,10,11,5.075,0.875,4.7,0.467,0.467,0.284,0.0,1.5,1.03
1788372756.892,driving,4.623,0.803,-11.3,1,10,11,5.075,0.875,5.1,0.458,0.458,0.284,0.0,1.5,1.03
1788372756.947,driving,4.638,0.802,-11.3,1,10,11,5.075,0.875,5.5,0.443,0.443,0.283,0.0,1.5,1.02
1788372757.003,driving,4.681,0.8,-11.5,2,10,11,5.075,0.875,6.1,0.401,0.401,0.283,0.0,1.5,1.02
1788372757.057,driving,4.696,0.798,-11.6,2,10,11,5.075,0.875,6.6,0.386,0.386,0.283,0.0,1.5,1.02
1788372757.112,driving,4.715,0.794,-11.6,3,10,11,5.075,0.875,7.0,0.369,0.369,0.276,0.0,1.5,1.02
1788372757.165,driving,4.725,0.792,-11.6,3,10,11,5.075,0.875,7.5,0.36,0.36,0.27,0.0,1.5,1.01
1788372757.225,driving,4.743,0.789,-11.6,3,10,11,5.075,0.875,7.9,0.343,0.343,0.257,0.0,1.5,1.01
1788372757.288,driving,4.752,0.787,-11.6,3,10,11,5.075,0.875,8.4,0.335,0.335,0.251,0.0,1.5,1.0
1788372757.349,driving,4.769,0.783,-11.6,4,10,11,5.075,0.875,8.9,0.319,0.319,0.24,0.0,1.5,1.0
1788372757.414,driving,4.773,0.781,-11.7,4,10,11,5.075,0.875,9.5,0.316,0.316,0.237,0.0,1.5,1.0
1788372757.479,driving,4.778,0.775,-12.0,4,10,11,5.075,0.875,10.3,0.313,0.313,0.235,0.0,1.5,1.0
1788372757.537,driving,4.785,0.773,-12.0,4,10,11,5.075,0.875,10.9,0.307,0.307,0.231,0.0,1.5,0.99
1788372757.592,driving,4.8,0.77,-12.0,4,10,11,5.075,0.875,11.4,0.294,0.294,0.221,0.0,1.5,0.99
1788372757.645,driving,4.808,0.768,-12.0,5,10,11,5.075,0.875,12.0,0.288,0.288,0.22,0.0,1.5,0.98
1788372757.7,driving,4.823,0.765,-12.0,5,10,11,5.075,0.875,12.6,0.275,0.275,0.22,0.0,1.5,0.98
1788372757.758,driving,4.83,0.763,-12.0,0,5,6,5.075,0.875,13.1,0.269,0.269,0.22,0.0,1.5,0.98
1788372757.811,driving,4.845,0.76,-12.0,0,5,6,5.075,0.875,13.8,0.257,0.257,0.22,0.0,1.5,0.98
1788372757.866,driving,4.856,0.759,-11.9,1,5,6,5.075,0.875,14.3,0.248,0.248,0.22,0.0,1.5,0.97
1788372757.917,driving,4.867,0.757,-11.7,1,5,6,5.075,0.875,14.8,0.239,0.239,0.22,0.0,1.5,0.97
1788372757.971,driving,4.885,0.754,-11.6,1,5,6,5.075,0.875,15.4,0.225,0.225,0.22,0.0,1.5,0.97
1788372758.026,turning,4.892,0.753,-11.6,1,5,6,5.075,0.875,16.1,0.22,0.22,0.0,2.4,1.5,0.97
1788372758.086,turning,4.902,0.751,-11.0,1,5,6,5.075,0.875,16.3,0.213,0.213,0.0,2.4,1.5,0.96
1788372758.151,turning,4.902,0.751,-10.1,1,5,6,5.075,0.875,16.2,0.213,0.213,0.0,2.4,1.5,0.96
1788372758.218,turning,4.902,0.751,-8.5,1,5,6,5.075,0.875,15.3,0.213,0.213,0.0,2.4,1.5,0.98
1788372758.277,turning,4.902,0.751,-7.7,1,5,6,5.075,0.875,15.2,0.213,0.213,0.0,2.4,1.5,0.98
1788372758.333,turning,4.902,0.751,-6.1,1,5,6,5.075,0.875,14.2,0.213,0.213,0.0,2.4,1.5,1.02
1788372758.387,turning,4.902,0.751,-5.2,1,5,6,5.075,0.875,14.1,0.213,0.213,0.0,2.4,1.5,1.02
1788372758.444,turning,4.897,0.746,-4.1,1,5,6,5.075,0.875,13.6,0.22,0.22,0.0,2.4,1.5,1.06
1788372758.499,turning,4.893,0.743,-3.7,1,5,6,5.075,0.875,13.9,0.225,0.225,0.0,2.4,1.5,1.06
1788372758.554,turning,4.89,0.74,-2.4,1,5,6,5.075,0.875,13.2,0.229,0.229,0.0,2.4,1.5,1.11
1788372758.608,turning,4.89,0.74,-1.6,1,5,6,5.075,0.875,13.0,0.229,0.229,0.0,2.4,1.5,1.11
1788372758.665,driving,4.89,0.74,0.0,1,5,6,5.075,0.875,12.0,0.229,0.229,0.22,0.0,1.5,1.17
1788372758.723,driving,4.89,0.74,0.9,1,5,6,5.075,0.875,11.8,0.229,0.229,0.22,0.0,1.5,1.17
1788372758.782,driving,4.893,0.74,1.0,0,4,5,5.075,0.875,12.2,0.227,0.227,0.22,0.0,1.5,1.22
1788372758.847,driving,4.897,0.74,1.0,1,4,5,5.075,0.875,12.8,0.223,0.223,0.22,0.0,1.5,1.22
1788372758.913,driving,4.9,0.74,1.0,1,4,5,5.075,0.875,13.4,0.221,0.221,0.22,0.0,1.5,1.22
1788372758.973,driving,4.906,0.74,1.0,1,4,5,5.075,0.875,14.0,0.216,0.216,0.22,0.0,1.5,1.22
1788372759.034,driving,4.912,0.74,1.0,1,4,5,5.075,0.875,14.6,0.212,0.212,0.22,0.0,1.5,1.22
1788372759.092,driving,4.927,0.74,1.0,1,4,5,5.075,0.875,15.2,0.201,0.201,0.22,0.0,1.5,1.22
1788372759.149,driving,4.934,0.74,1.0,1,4,5,5.075,0.875,15.9,0.195,0.195,0.22,0.0,1.5,1.22
1788372759.205,turning,4.949,0.74,1.0,1,4,5,5.075,0.875,16.7,0.184,0.184,0.0,2.4,1.5,1.22
1788372759.261,turning,4.957,0.74,1.1,2,4,5,5.075,0.875,17.3,0.179,0.179,0.0,2.4,1.5,1.23
1788372759.316,turning,4.96,0.74,2.8,2,4,5,5.075,0.875,16.4,0.177,0.177,0.0,2.4,1.5,1.23
1788372759.373,turning,4.96,0.74,3.7,2,4,5,5.075,0.875,16.3,0.177,0.177,0.0,2.4,1.5,1.26
1788372759.427,turning,4.96,0.74,5.3,2,4,5,5.075,0.875,15.4,0.177,0.177,0.0,2.4,1.5,1.26
1788372759.482,turning,4.96,0.74,6.1,2,4,5,5.075,0.875,15.3,0.177,0.177,0.0,2.4,1.5,1.33
1788372759.534,turning,4.96,0.74,7.7,2,4,5,5.075,0.875,14.4,0.177,0.177,0.0,2.4,1.5,1.33
1788372759.588,turning,4.96,0.74,8.6,2,4,5,5.075,0.875,14.2,0.177,0.177,0.0,2.4,1.5,1.42
1788372759.651,turning,4.96,0.74,10.2,2,4,5,5.075,0.875,13.3,0.177,0.177,0.0,2.4,1.5,1.42
1788372759.716,turning,4.96,0.74,11.0,2,4,5,5.075,0.875,13.1,0.177,0.177,0.0,2.4,1.5,1.53
1788372759.778,driving,4.96,0.74,12.7,0,3,4,5.075,0.875,12.1,0.177,0.177,0.22,0.0,1.5,1.53
1788372759.842,driving,4.96,0.74,13.5,0,3,4,5.075,0.875,11.9,0.177,0.177,0.22,0.0,1.5,1.65
1788372759.899,driving,4.961,0.74,13.7,0,3,4,5.075,0.875,12.3,0.177,0.177,0.22,0.0,1.5,1.65
1788372759.961,driving,4.967,0.741,13.7,0,3,4,5.075,0.875,12.9,0.172,0.172,0.22,0.0,1.5,1.71
1788372760.017,driving,4.972,0.742,13.7,0,3,4,5.075,0.875,13.5,0.168,0.168,0.22,0.0,1.5,1.71
1788372760.074,driving,4.986,0.748,13.5,1,3,4,5.075,0.875,14.4,0.155,0.155,0.22,0.0,1.5,1.72
1788372760.126,goal_approach,4.994,0.751,13.2,3,3,4,5.075,0.875,43.5,0.148,0.148,0.0,2.4,,1.72
1788372760.181,goal_approach,5.003,0.755,13.7,3,3,4,5.075,0.875,45.4,0.14,0.14,0.0,2.4,,1.73
1788372761.731,turning,5.03,0.745,21.6,0,25,33,6.025,1.875,27.1,1.506,2.0,0.0,2.4,1.5,2.17
1788372761.786,turning,5.03,0.745,21.6,0,25,33,6.025,1.875,27.1,1.506,2.0,0.0,2.4,1.5,2.17
1788372761.845,turning,5.03,0.745,23.1,0,25,33,6.025,1.875,25.6,1.506,2.0,0.0,2.4,1.5,2.17
1788372761.901,turning,5.03,0.745,23.9,0,25,33,6.025,1.875,24.8,1.506,2.0,0.0,2.4,1.5,2.17
1788372761.963,turning,5.03,0.745,25.5,0,25,33,6.025,1.875,23.1,1.506,2.0,0.0,2.4,1.5,2.18
1788372762.029,turning,5.03,0.745,26.3,0,25,33,6.025,1.875,22.3,1.506,2.0,0.0,2.4,1.5,2.18
1788372762.093,turning,5.03,0.745,28.0,0,25,33,6.025,1.875,20.7,1.506,2.0,0.0,2.4,1.5,2.18
1788372762.158,turning,5.03,0.745,28.8,0,25,33,6.025,1.875,19.8,1.506,2.0,0.0,2.4,1.5,2.18
1788372762.222,turning,5.03,0.745,30.4,0,25,33,6.025,1.875,18.2,1.506,2.0,0.0,2.4,1.5,2.18
1788372762.281,turning,5.03,0.745,31.3,0,25,33,6.025,1.875,17.4,1.506,2.0,0.0,2.4,1.5,2.18
1788372762.346,turning,5.03,0.745,32.9,0,25,33,6.025,1.875,15.8,1.506,2.0,0.0,2.4,1.5,2.18
1788372762.408,turning,5.03,0.745,33.7,0,25,33,6.025,1.875,14.9,1.506,2.0,0.0,2.4,1.5,2.18
1788372762.47,turning,5.04,0.741,35.7,0,25,33,6.025,1.875,12.9,1.503,1.997,0.0,2.4,1.5,2.18
1788372762.527,turning,5.047,0.737,36.8,0,25,33,6.025,1.875,11.9,1.501,1.994,0.0,2.4,1.5,2.18
1788372762.586,turning,5.051,0.735,38.6,0,25,33,6.025,1.875,10.1,1.499,1.993,0.0,2.4,1.5,2.18
1788372762.648,turning,5.051,0.735,39.5,0,25,33,6.025,1.875,9.3,1.499,1.993,0.0,2.4,1.5,2.18
1788372762.706,turning,5.051,0.735,41.1,0,25,33,6.025,1.875,7.6,1.499,1.993,0.0,2.4,1.5,2.18
1788372762.766,turning,5.051,0.735,41.9,0,25,33,6.075,1.875,6.8,1.532,1.993,0.0,2.4,1.5,2.18
1788372762.831,turning,5.056,0.735,42.7,0,25,33,6.075,1.875,6.0,1.529,1.99,0.0,2.4,1.5,2.19
1788372762.897,driving,5.075,0.735,44.2,0,25,33,6.075,1.875,4.5,1.516,1.977,0.3,0.0,1.5,2.19
1788372762.964,driving,5.08,0.735,45.0,0,25,33,6.075,1.875,3.7,1.513,1.974,0.3,0.0,1.5,2.19
1788372763.026,driving,5.082,0.737,45.2,0,25,33,6.075,1.875,3.6,1.51,1.971,0.3,0.0,1.5,2.19
1788372763.084,driving,5.085,0.74,45.2,0,25,33,6.075,1.875,3.6,1.506,1.967,0.3,0.0,1.5,2.19
1788372763.141,driving,5.094,0.749,45.2,1,26,33,6.125,1.925,3.6,1.564,1.954,0.3,0.0,1.5,2.19
1788372763.197,driving,5.102,0.756,45.1,1,26,33,6.125,1.925,3.6,1.553,1.944,0.3,0.0,1.5,2.18
1788372763.253,driving,5.122,0.769,44.8,1,26,33,6.125,1.925,3.9,1.53,1.921,0.3,0.0,1.5,2.18
1788372763.311,driving,5.13,0.776,44.8,1,26,33,6.125,1.925,3.9,1.52,1.91,0.3,0.0,1.5,2.16
1788372763.368,driving,5.144,0.791,44.8,2,26,33,6.125,1.925,4.0,1.499,1.89,0.3,0.0,1.5,2.16
1788372763.425,driving,5.152,0.798,44.8,2,26,33,6.125,1.925,4.0,1.489,1.88,0.3,0.0,1.5,2.14
1788372763.481,driving,5.166,0.812,44.8,2,26,33,6.125,1.925,4.0,1.469,1.859,0.3,0.0,1.5,2.14
1788372763.542,driving,5.173,0.819,44.8,2,26,33,6.125,1.925,4.0,1.459,1.849,0.3,0.0,1.5,2.12
1788372763.611,driving,5.188,0.834,44.8,3,28,33,6.225,2.025,4.0,1.58,1.829,0.3,0.0,1.5,2.12
1788372763.678,driving,5.195,0.841,44.8,3,28,33,6.225,2.025,4.0,1.569,1.819,0.3,0.0,1.5,2.1
1788372763.745,driving,5.209,0.855,44.8,3,28,33,6.225,2.025,4.0,1.549,1.798,0.3,0.0,1.5,2.1
1788372763.806,driving,5.217,0.863,44.8,0,24,29,6.275,2.025,4.0,1.572,1.788,0.3,0.0,1.5,2.07
1788372763.862,driving,5.224,0.87,44.8,0,24,29,6.275,2.025,4.0,1.562,1.778,0.3,0.0,1.5,2.07
1788372763.918,driving,5.238,0.884,44.8,0,24,29,6.275,2.025,3.9,1.541,1.758,0.3,0.0,1.5,2.05
1788372763.975,driving,5.246,0.891,44.8,0,24,29,6.275,2.025,3.9,1.531,1.748,0.3,0.0,1.5,2.05
1788372764.033,driving,5.26,0.906,44.8,1,24,29,6.275,2.025,3.9,1.511,1.727,0.3,0.0,1.5,2.03
1788372764.089,driving,5.267,0.913,44.8,1,24,29,6.275,2.025,3.9,1.501,1.717,0.3,0.0,1.5,2.03
1788372764.146,driving,5.281,0.926,44.6,1,24,29,6.275,2.025,4.0,1.482,1.698,0.3,0.0,1.5,2.01
1788372764.202,driving,5.288,0.932,44.5,2,25,29,6.291,2.072,4.2,1.518,1.689,0.3,0.0,1.5,2.01
1788372764.259,driving,5.302,0.946,44.4,2,25,29,6.291,2.072,4.3,1.499,1.67,0.3,0.0,1.5,1.99
1788372764.318,driving,5.31,0.953,44.4,2,25,29,6.291,2.072,4.3,1.489,1.659,0.3,0.0,1.5,1.99
1788372764.383,driving,5.324,0.967,44.4,2,25,29,6.291,2.072,4.3,1.468,1.639,0.3,0.0,1.5,1.97
1788372764.443,driving,5.332,0.974,44.4,3,27,29,6.325,2.175,4.3,1.559,1.629,0.3,0.0,1.5,1.97
1788372764.505,driving,5.346,0.988,44.4,3,27,29,6.325,2.175,4.4,1.538,1.609,0.3,0.0,1.5,1.95
1788372764.567,driving,5.353,0.995,44.4,3,27,29,6.325,2.175,4.4,1.528,1.599,0.3,0.0,1.5,1.95
1788372764.625,driving,5.368,1.01,44.4,3,27,29,6.325,2.175,4.5,1.508,1.578,0.3,0.0,1.5,1.93
1788372764.681,driving,5.375,1.017,44.4,3,27,29,6.325,2.175,4.5,1.498,1.568,0.3,0.0,1.5,1.93
1788372764.741,driving,5.404,1.034,44.8,4,28,29,6.375,2.225,4.1,1.537,1.537,0.3,0.0,1.5,1.91
1788372764.804,driving,5.42,1.043,45.1,0,25,26,6.375,2.225,3.8,1.519,1.519,0.3,0.0,1.5,1.91
1788372764.865,driving,5.432,1.051,45.3,1,25,26,6.375,2.225,3.7,1.505,1.505,0.3,0.0,1.5,1.89
1788372764.921,driving,5.447,1.066,45.3,1,25,26,6.375,2.225,3.8,1.485,1.485,0.3,0.0,1.5,1.89
1788372764.977,driving,5.454,1.073,45.3,1,25,26,6.375,2.225,3.8,1.475,1.475,0.3,0.0,1.5,1.86
1788372765.032,driving,5.468,1.088,45.3,2,25,26,6.375,2.225,3.9,1.455,1.455,0.3,0.0,1.5,1.86
1788372765.091,driving,5.475,1.095,45.3,2,25,26,6.375,2.225,3.9,1.445,1.445,0.3,0.0,1.5,1.84
1788372765.154,driving,5.49,1.109,45.3,2,25,26,6.375,2.225,4.0,1.424,1.424,0.3,0.0,1.5,1.84
1788372765.225,driving,5.497,1.117,45.3,2,25,26,6.375,2.225,4.0,1.414,1.414,0.3,0.0,1.5,1.82
1788372765.295,driving,5.511,1.131,45.3,2,25,26,6.375,2.225,4.1,1.394,1.394,0.3,0.0,1.5,1.82
1788372765.359,driving,5.515,1.137,45.5,3,25,26,6.375,2.225,4.0,1.386,1.386,0.3,0.0,1.5,1.8
1788372765.418,driving,5.521,1.15,45.8,3,25,26,6.375,2.225,3.7,1.373,1.373,0.3,0.0,1.5,1.8
1788372765.474,driving,5.527,1.157,45.9,3,25,26,6.375,2.225,3.7,1.364,1.364,0.3,0.0,1.5,1.78
1788372765.53,driving,5.542,1.171,45.9,3,25,26,6.375,2.225,3.8,1.343,1.343,0.3,0.0,1.5,1.78
1788372765.592,driving,5.549,1.179,45.9,3,25,26,6.375,2.225,3.8,1.333,1.333,0.3,0.0,1.5,1.76
1788372765.648,driving,5.563,1.193,45.9,4,25,26,6.375,2.225,3.9,1.313,1.313,0.3,0.0,1.5,1.76
1788372765.708,driving,5.57,1.201,45.9,4,25,26,6.375,2.225,3.9,1.303,1.303,0.3,0.0,1.5,1.74
1788372765.769,driving,5.584,1.215,45.9,4,25,26,6.375,2.225,4.0,1.283,1.283,0.3,0.0,1.5,1.74
1788372765.83,driving,5.591,1.222,45.9,0,21,22,6.375,2.225,4.0,1.272,1.272,0.3,0.0,1.5,1.72
1788372765.885,driving,5.598,1.23,45.9,0,21,22,6.375,2.225,4.1,1.262,1.262,0.3,0.0,1.5,1.72
1788372765.886,driving,5.598,1.23,45.9,0,21,22,6.375,2.225,4.1,1.262,1.262,0.3,0.0,1.5,1.72
1788372766.015,driving,5.622,1.254,45.4,1,21,22,6.375,2.225,4.7,1.229,1.229,0.3,0.0,1.5,1.7
1788372766.079,driving,5.637,1.269,45.2,1,21,22,6.375,2.225,4.9,1.208,1.208,0.3,0.0,1.5,1.67
1788372766.138,driving,5.644,1.277,45.2,2,21,22,6.375,2.225,5.0,1.197,1.197,0.3,0.0,1.5,1.67
1788372766.193,driving,5.658,1.291,45.2,2,21,22,6.375,2.225,5.0,1.177,1.177,0.3,0.0,1.5,1.65
1788372766.247,driving,5.666,1.298,45.2,2,21,22,6.375,2.225,5.1,1.167,1.167,0.3,0.0,1.5,1.65
1788372766.304,driving,5.68,1.313,45.2,2,21,22,6.375,2.225,5.2,1.147,1.147,0.3,0.0,1.5,1.63
1788372766.361,driving,5.687,1.32,45.2,3,21,22,6.375,2.225,5.2,1.137,1.137,0.3,0.0,1.5,1.63
1788372766.414,driving,5.702,1.334,45.2,3,21,22,6.375,2.225,5.3,1.117,1.117,0.3,0.0,1.5,1.61
1788372766.47,driving,5.709,1.342,45.2,3,21,22,6.375,2.225,5.3,1.106,1.106,0.3,0.0,1.5,1.61
1788372766.527,driving,5.731,1.361,45.3,3,21,22,6.375,2.225,5.3,1.078,1.078,0.3,0.0,1.5,1.59
1788372766.585,driving,5.745,1.371,45.5,4,21,22,6.375,2.225,5.2,1.061,1.061,0.3,0.0,1.5,1.59
1788372766.651,driving,5.763,1.388,45.5,4,21,22,6.375,2.225,5.2,1.037,1.037,0.3,0.0,1.5,1.57
1788372766.719,driving,5.77,1.396,45.5,4,21,22,6.375,2.225,5.3,1.027,1.027,0.3,0.0,1.5,1.57
1788372766.794,driving,5.784,1.41,45.5,4,21,22,6.375,2.225,5.4,1.006,1.006,0.3,0.0,1.5,1.55
1788372766.863,driving,5.791,1.417,45.5,0,17,18,6.375,2.225,5.5,0.996,0.996,0.3,0.0,1.5,1.55
1788372766.927,driving,5.799,1.425,45.5,0,17,18,6.375,2.225,5.5,0.986,0.986,0.3,0.0,1.5,1.53
1788372766.995,driving,5.813,1.439,45.5,1,17,18,6.375,2.225,5.6,0.966,0.966,0.3,0.0,1.5,1.53
1788372767.056,driving,5.82,1.447,45.5,1,17,18,6.375,2.225,5.7,0.956,0.956,0.3,0.0,1.5,1.51
1788372767.119,driving,5.834,1.461,45.5,1,17,18,6.375,2.225,5.8,0.936,0.936,0.3,0.0,1.5,1.51
1788372767.177,driving,5.843,1.471,45.4,2,17,18,6.375,2.225,6.0,0.923,0.923,0.3,0.0,1.5,1.49
1788372767.235,driving,5.861,1.494,45.1,2,17,18,6.375,2.225,6.4,0.894,0.894,0.3,0.0,1.5,1.49
1788372767.295,driving,5.869,1.503,45.0,2,17,18,6.375,2.225,6.6,0.882,0.882,0.3,0.0,1.5,1.46
1788372767.357,driving,5.884,1.517,45.0,2,17,18,6.375,2.225,6.7,0.862,0.862,0.3,0.0,1.5,1.46
1788372767.358,driving,5.884,1.517,45.0,2,17,18,6.375,2.225,6.8,0.862,0.862,0.3,0.0,1.5,1.46
1788372767.472,driving,5.905,1.539,45.0,3,17,18,6.375,2.225,6.9,0.832,0.832,0.3,0.0,1.5,1.44
1788372767.538,driving,5.912,1.546,45.0,3,17,18,6.375,2.225,6.9,0.822,0.822,0.3,0.0,1.5,1.42
1788372767.607,driving,5.927,1.56,45.0,3,17,18,6.375,2.225,7.0,0.802,0.802,0.3,0.0,1.5,1.42
1788372767.671,driving,5.934,1.567,45.0,4,17,18,6.375,2.225,7.2,0.792,0.792,0.3,0.0,1.5,1.4
1788372767.742,driving,5.948,1.582,45.0,4,17,18,6.375,2.225,7.3,0.772,0.772,0.3,0.0,1.5,1.4
1788372767.799,driving,5.957,1.589,44.7,4,17,18,6.375,2.225,7.7,0.761,0.761,0.3,0.0,1.5,1.38
1788372767.858,driving,5.975,1.602,44.0,0,13,14,6.375,2.225,8.5,0.741,0.741,0.3,0.0,1.5,1.38
1788372767.911,driving,5.982,1.609,44.0,1,13,14,6.375,2.225,8.6,0.731,0.731,0.3,0.0,1.5,1.36
1788372767.969,driving,5.989,1.616,44.0,1,13,14,6.375,2.225,8.7,0.721,0.721,0.3,0.0,1.5,1.36
1788372768.025,driving,6.004,1.63,44.0,1,13,14,6.375,2.225,8.9,0.701,0.701,0.3,0.0,1.5,1.34
1788372768.078,driving,6.011,1.637,44.0,1,13,14,6.375,2.225,9.0,0.691,0.691,0.3,0.0,1.5,1.34
1788372768.135,driving,6.026,1.651,44.0,2,13,14,6.375,2.225,9.1,0.671,0.671,0.3,0.0,1.5,1.32
1788372768.192,driving,6.033,1.658,44.0,2,13,14,6.375,2.225,9.3,0.662,0.662,0.3,0.0,1.5,1.32
1788372768.245,driving,6.048,1.673,44.0,2,13,14,6.375,2.225,9.4,0.642,0.642,0.3,0.0,1.5,1.66
1788372768.303,driving,6.055,1.68,44.0,2,13,14,6.375,2.225,9.6,0.632,0.632,0.3,0.0,1.5,1.66
1788372768.366,driving,6.065,1.692,44.1,3,13,14,6.375,2.225,9.6,0.616,0.616,0.3,0.0,1.5,1.62
1788372768.435,driving,6.069,1.697,44.3,3,13,14,6.375,2.225,9.6,0.61,0.61,0.3,0.0,1.5,1.62
1788372768.497,driving,6.08,1.71,44.4,3,13,14,6.375,2.225,9.7,0.593,0.593,0.3,0.0,1.5,1.59
1788372768.555,driving,6.088,1.717,44.4,3,13,14,6.375,2.225,9.8,0.583,0.583,0.3,0.0,1.5,1.59
1788372768.611,driving,6.102,1.732,44.4,3,13,14,6.375,2.225,10.0,0.564,0.564,0.3,0.0,1.5,1.56
1788372768.667,driving,6.11,1.739,44.4,3,13,14,6.375,2.225,10.2,0.554,0.554,0.3,0.0,1.5,1.56
1788372768.722,driving,6.124,1.753,44.4,4,13,14,6.375,2.225,10.4,0.534,0.534,0.3,0.0,1.5,1.53
1788372768.779,driving,6.132,1.76,44.4,4,13,14,6.375,2.225,10.6,0.525,0.525,0.3,0.0,1.5,1.53
1788372768.834,driving,6.146,1.775,44.4,4,13,14,6.375,2.225,10.8,0.505,0.505,0.3,0.0,1.5,1.51
1788372768.89,driving,6.153,1.782,44.4,0,9,10,6.375,2.225,11.0,0.496,0.496,0.3,0.0,1.5,1.51
1788372768.947,driving,6.161,1.791,44.7,1,9,10,6.375,2.225,10.9,0.484,0.484,0.3,0.0,1.5,1.48
1788372769.002,driving,6.174,1.817,46.0,1,9,10,6.375,2.225,9.8,0.455,0.455,0.3,0.0,1.5,1.48
1788372769.06,driving,6.18,1.826,46.3,1,9,10,6.375,2.225,9.7,0.444,0.444,0.3,0.0,1.5,1.44
1788372769.12,driving,6.194,1.841,46.3,2,9,10,6.375,2.225,9.9,0.424,0.424,0.3,0.0,1.5,1.44
1788372769.187,driving,6.201,1.849,46.3,2,9,10,6.375,2.225,10.1,0.415,0.415,0.3,0.0,1.5,1.41
1788372769.248,driving,6.215,1.863,46.3,2,9,10,6.375,2.225,10.3,0.395,0.395,0.296,0.0,1.5,1.41
1788372769.311,driving,6.222,1.871,46.3,3,9,10,6.375,2.225,10.6,0.386,0.386,0.289,0.0,1.5,1.38
1788372769.37,driving,6.236,1.885,46.3,3,9,10,6.375,2.225,10.9,0.367,0.367,0.275,0.0,1.5,1.38
1788372769.424,driving,6.243,1.892,46.3,3,9,10,6.375,2.225,11.1,0.358,0.358,0.268,0.0,1.5,1.36
1788372769.477,driving,6.256,1.906,46.3,4,9,10,6.375,2.225,11.4,0.341,0.341,0.256,0.0,1.5,1.36
1788372769.532,driving,6.259,1.914,46.1,4,9,10,6.375,2.225,11.9,0.332,0.332,0.249,0.0,1.5,1.33
1788372769.586,driving,6.262,1.931,45.8,4,9,10,6.375,2.225,12.5,0.315,0.315,0.236,0.0,1.5,1.33
1788372769.64,driving,6.267,1.938,45.7,4,9,10,6.375,2.225,12.8,0.307,0.307,0.23,0.0,1.5,1.3
1788372769.695,driving,6.279,1.949,45.7,4,9,10,6.375,2.225,13.1,0.292,0.292,0.22,0.0,1.5,1.3
1788372769.748,driving,6.284,1.955,45.7,5,9,10,6.375,2.225,13.4,0.285,0.285,0.22,0.0,1.5,1.28
1788372769.803,driving,6.295,1.965,45.7,5,9,10,6.375,2.225,13.8,0.272,0.272,0.22,0.0,1.5,1.28
1788372769.86,driving,6.3,1.971,45.7,5,9,10,6.375,2.225,14.1,0.265,0.265,0.22,0.0,1.5,1.26
1788372769.924,driving,6.305,1.976,45.7,0,5,6,6.375,2.225,14.5,0.259,0.259,0.22,0.0,1.5,1.26
1788372769.988,driving,6.315,1.987,45.7,0,5,6,6.375,2.225,14.9,0.246,0.246,0.22,0.0,1.5,1.24
1788372770.053,driving,6.321,1.992,45.7,0,5,6,6.375,2.225,15.3,0.239,0.239,0.22,0.0,1.5,1.24
1788372770.117,driving,6.326,2.004,45.7,1,5,6,6.375,2.225,15.7,0.226,0.226,0.22,0.0,1.5,1.22
1788372770.174,turning,6.327,2.01,45.7,1,5,6,6.375,2.225,16.1,0.22,0.22,0.0,2.4,1.5,1.22
1788372770.232,turning,6.329,2.017,46.4,1,5,6,6.375,2.225,15.8,0.213,0.213,0.0,2.4,1.5,1.19
1788372770.292,turning,6.329,2.017,47.2,1,5,6,6.375,2.225,15.3,0.213,0.213,0.0,2.4,1.5,1.19
1788372770.347,turning,6.329,2.017,48.9,1,5,6,6.375,2.225,14.1,0.213,0.213,0.0,2.4,1.5,1.19
1788372770.403,turning,6.329,2.017,49.7,1,5,6,6.375,2.225,13.6,0.213,0.213,0.0,2.4,1.5,1.19
1788372770.46,turning,6.329,2.017,51.3,1,5,6,6.375,2.225,12.3,0.213,0.213,0.0,2.4,1.5,1.19
1788372770.518,turning,6.329,2.017,52.1,1,5,6,6.375,2.225,11.8,0.213,0.213,0.0,2.4,1.5,1.19
1788372770.581,turning,6.329,2.017,53.8,1,5,6,6.375,2.225,10.5,0.213,0.213,0.0,2.4,1.5,1.19
1788372770.639,turning,6.329,2.017,54.6,1,5,6,6.375,2.225,10.0,0.213,0.213,0.0,2.4,1.5,1.19
1788372770.708,turning,6.329,2.017,56.2,1,5,6,6.375,2.225,8.7,0.213,0.213,0.0,2.4,1.5,1.19
1788372770.772,driving,6.329,2.017,57.0,1,5,6,6.375,2.225,8.2,0.213,0.213,0.22,0.0,1.5,1.19
1788372770.838,driving,6.329,2.018,58.0,1,5,6,6.375,2.225,7.6,0.212,0.212,0.22,0.0,1.5,1.19
1788372770.901,driving,6.33,2.02,58.0,1,5,6,6.375,2.225,7.9,0.21,0.21,0.22,0.0,1.5,1.19
1788372770.962,driving,6.333,2.024,58.0,0,4,5,6.375,2.225,8.2,0.206,0.206,0.22,0.0,1.5,1.18
1788372771.017,driving,6.34,2.035,58.0,0,4,5,6.375,2.225,8.5,0.194,0.194,0.22,0.0,1.5,1.18
1788372771.07,driving,6.34,2.042,58.0,0,4,5,6.375,2.225,8.8,0.186,0.186,0.22,0.0,1.5,1.17
1788372771.122,driving,6.334,2.06,58.3,1,4,5,6.375,2.225,8.8,0.17,0.17,0.22,0.0,1.5,1.17
1788372771.175,driving,6.335,2.067,58.3,1,4,5,6.375,2.225,8.9,0.163,0.163,0.22,0.0,1.5,1.15
1788372771.226,goal_approach,6.343,2.08,58.3,4,4,5,6.375,2.225,19.1,0.148,0.148,0.0,2.4,,1.15
1788372771.281,goal_approach,6.346,2.087,58.3,4,4,5,6.375,2.225,20.0,0.141,0.141,0.0,2.4,,1.13
1788372771.336,goal_approach,6.347,2.088,59.8,4,4,5,6.375,2.225,18.8,0.14,0.14,0.0,2.4,,1.13
1788372771.392,goal_approach,6.347,2.088,60.6,4,4,5,6.375,2.225,18.0,0.14,0.14,0.0,2.4,,1.12
1788372771.448,goal_approach,6.347,2.088,62.2,4,4,5,6.375,2.225,16.4,0.14,0.14,0.0,2.4,,1.12
1788372771.51,goal_approach,6.347,2.088,63.0,4,4,5,6.375,2.225,15.6,0.14,0.14,0.0,2.4,,1.12
1788372771.571,goal_approach,6.347,2.088,64.7,4,4,5,6.375,2.225,13.9,0.14,0.14,0.0,2.4,,1.12
1788372771.627,goal_approach,6.347,2.088,65.5,4,4,5,6.375,2.225,13.1,0.14,0.14,0.0,2.4,,1.12
1788372771.683,goal_approach,6.347,2.088,67.1,4,4,5,6.375,2.225,11.5,0.14,0.14,0.0,2.4,,1.12
1788372771.738,goal_approach,6.347,2.088,67.9,4,4,5,6.375,2.225,10.7,0.14,0.14,0.0,2.4,,1.12
1788372771.791,goal_approach,6.347,2.088,69.6,4,4,5,6.375,2.225,9.0,0.14,0.14,0.0,2.4,,1.12
1788372771.843,goal_approach,6.352,2.086,70.0,4,4,5,6.375,2.225,10.7,0.141,0.141,0.0,2.4,,1.12
1788372771.897,goal_approach,6.357,2.084,70.3,4,4,5,6.375,2.225,12.3,0.142,0.142,0.0,2.4,,1.12
1788372771.952,goal_approach,6.361,2.082,71.5,3,3,4,6.375,2.225,12.9,0.144,0.144,0.0,2.4,,1.13
1788372772.007,goal_approach,6.361,2.082,72.3,3,3,4,6.375,2.225,12.1,0.144,0.144,0.0,2.4,,1.13
1788372772.066,goal_approach,6.361,2.082,73.9,3,3,4,6.375,2.225,10.4,0.144,0.144,0.0,2.4,,1.13
1788372772.118,goal_approach,6.361,2.082,74.8,3,3,4,6.375,2.225,9.6,0.144,0.144,0.0,2.4,,1.13
1788372772.171,goal_approach,6.36,2.089,76.6,3,3,4,6.375,2.225,7.3,0.137,0.137,0.0,2.4,,1.14
1788372772.224,goal_approach,6.36,2.095,77.6,3,3,4,6.375,2.225,5.9,0.131,0.131,0.0,2.4,,1.14
1788372772.287,goal_approach,6.36,2.1,79.3,3,3,4,6.375,2.225,3.7,0.126,0.126,0.0,2.4,,1.18
1788372772.348,goal_approach,6.36,2.1,80.1,3,3,4,6.375,2.225,2.9,0.126,0.126,0.22,0.0,,1.18
1788372772.413,goal_approach,6.36,2.101,81.2,3,3,4,6.375,2.225,1.9,0.125,0.125,0.22,0.0,,1.22
1788372772.47,goal_approach,6.36,2.103,81.2,3,3,4,6.375,2.225,1.9,0.123,0.123,0.22,0.0,,1.22
1788372772.527,goal_approach,6.361,2.109,81.2,3,3,4,6.375,2.225,2.0,0.117,0.117,0.22,0.0,,1.22
1788372772.581,goal_approach,6.362,2.114,81.3,3,3,4,6.375,2.225,2.1,0.112,0.112,0.22,0.0,,1.22
1788372772.635,goal_approach,6.364,2.127,81.3,3,3,4,6.375,2.225,2.4,0.099,0.099,0.22,0.0,,1.22
1788372772.687,goal_approach,6.365,2.134,81.3,3,3,4,6.375,2.225,2.6,0.092,0.092,0.22,0.0,,1.22
1788372772.743,goal_approach,6.368,2.149,81.3,3,3,4,6.375,2.225,3.1,0.077,0.077,0.22,0.0,,1.22
1788372772.796,goal_approach,6.369,2.156,81.3,3,3,4,6.375,2.225,3.5,0.069,0.069,0.22,0.0,,1.22
1788372772.85,goal_approach,6.37,2.163,81.4,3,3,4,6.375,2.225,4.0,0.062,0.062,0.22,0.0,,1.21
1788372772.903,goal_turn,6.373,2.177,81.5,3,3,4,6.375,2.225,-81.5,0.0,0.048,0.0,-4.27,,1.21
1788372772.956,goal_turn,6.374,2.184,81.6,1,1,2,6.375,2.225,-81.6,0.0,0.041,0.0,-4.272,,1.21
1788372773.011,goal_turn,6.374,2.185,75.6,1,1,2,6.375,2.225,-75.6,0.0,0.04,0.0,-3.961,,1.21
1788372773.072,goal_turn,6.374,2.185,72.5,1,1,2,6.375,2.225,-72.5,0.0,0.04,0.0,-3.796,,1.12
1788372773.129,goal_turn,6.374,2.185,67.0,1,1,2,6.375,2.225,-67.0,0.0,0.04,0.0,-3.509,,1.12
1788372773.189,goal_turn,6.374,2.185,64.4,1,1,2,6.375,2.225,-64.4,0.0,0.04,0.0,-3.374,,1.06
1788372773.249,goal_turn,6.374,2.185,60.1,1,1,2,6.375,2.225,-60.1,0.0,0.04,0.0,-3.147,,1.06
1788372773.31,goal_turn,6.374,2.185,58.1,1,1,2,6.375,2.225,-58.1,0.0,0.04,0.0,-3.04,,1.06
1788372773.365,goal_turn,6.374,2.185,54.6,1,1,2,6.375,2.225,-54.6,0.0,0.04,0.0,-2.858,,1.06
1788372773.416,goal_turn,6.374,2.185,52.9,1,1,2,6.375,2.225,-52.9,0.0,0.04,0.0,-2.772,,1.05
1788372773.469,goal_turn,6.374,2.185,50.1,1,1,2,6.375,2.225,-50.1,0.0,0.04,0.0,-2.625,,1.05
1788372773.52,goal_turn,6.373,2.181,49.0,1,1,2,6.375,2.225,-49.0,0.0,0.044,0.0,-2.566,,1.05
1788372773.57,goal_turn,6.37,2.172,47.2,1,1,2,6.375,2.225,-47.2,0.0,0.053,0.0,-2.472,,1.05
1788372773.622,goal_turn,6.367,2.174,46.2,1,1,2,6.375,2.225,-46.2,0.0,0.052,0.0,-2.417,,1.05
1788372773.675,goal_turn,6.361,2.179,44.2,1,1,2,6.375,2.225,-44.2,0.0,0.049,0.0,-2.4,,1.05
1788372773.731,goal_turn,6.358,2.182,43.2,1,1,2,6.375,2.225,-43.2,0.0,0.046,0.0,-2.4,,1.05
1788372773.785,goal_turn,6.355,2.186,42.2,1,1,2,6.375,2.225,-42.2,0.0,0.043,0.0,-2.4,,1.05
1788372773.849,goal_turn,6.353,2.19,40.4,1,1,2,6.375,2.225,-40.4,0.0,0.041,0.0,-2.4,,1.05
1788372773.912,goal_turn,6.353,2.19,39.5,1,1,2,6.375,2.225,-39.5,0.0,0.041,0.0,-2.4,,1.05
1788372773.978,goal_turn,6.349,2.196,37.8,1,1,2,6.375,2.225,-37.8,0.0,0.039,0.0,-2.4,,1.05
1788372774.046,goal_turn,6.345,2.202,37.0,1,1,2,6.375,2.225,-37.0,0.0,0.038,0.0,-2.4,,1.05
1788372774.104,goal_turn,6.342,2.207,35.3,1,1,2,6.375,2.225,-35.3,0.0,0.038,0.0,-2.4,,1.05
1788372774.158,goal_turn,6.342,2.207,34.5,1,1,2,6.375,2.225,-34.5,0.0,0.038,0.0,-2.4,,1.05
1788372774.211,goal_turn,6.341,2.211,33.0,1,1,2,6.375,2.225,-33.0,0.0,0.036,0.0,-2.4,,1.05
1788372774.262,goal_turn,6.341,2.214,32.4,1,1,2,6.375,2.225,-32.4,0.0,0.036,0.0,-2.4,,1.05
1788372774.319,goal_turn,6.34,2.217,30.9,1,1,2,6.375,2.225,-30.9,0.0,0.036,0.0,-2.4,,1.05
1788372774.377,goal_turn,6.34,2.217,30.0,1,1,2,6.375,2.225,-30.0,0.0,0.036,0.0,-2.4,,1.05
1788372774.437,goal_turn,6.34,2.217,28.3,1,1,2,6.375,2.225,-28.3,0.0,0.036,0.0,-2.4,,1.05
1788372774.493,goal_turn,6.34,2.217,27.5,1,1,2,6.375,2.225,-27.5,0.0,0.036,0.0,-2.4,,1.05
1788372774.548,goal_turn,6.344,2.223,26.1,1,1,2,6.375,2.225,-26.1,0.0,0.031,0.0,-2.4,,1.04
1788372774.603,goal_turn,6.347,2.228,25.6,1,1,2,6.375,2.225,-25.6,0.0,0.029,0.0,-2.4,,1.04
1788372774.662,goal_turn,6.348,2.231,24.0,1,1,2,6.375,2.225,-24.0,0.0,0.028,0.0,-2.4,,1.05
1788372774.721,goal_turn,6.348,2.231,23.2,1,1,2,6.375,2.225,-23.2,0.0,0.028,0.0,-2.4,,1.05
1788372774.785,goal_turn,6.348,2.231,22.3,1,1,2,6.375,2.225,-22.3,0.0,0.028,0.0,-2.4,,1.04
1788372774.842,goal_turn,6.348,2.231,20.6,1,1,2,6.375,2.225,-20.6,0.0,0.028,0.0,-2.4,,1.04
1788372774.897,goal_turn,6.349,2.23,19.8,1,1,2,6.375,2.225,-19.8,0.0,0.027,0.0,-2.4,,1.04
1788372776.453,driving,6.352,2.247,9.7,0,30,91,7.875,2.275,-8.6,1.524,4.525,0.283,0.0,1.5,1.02
1788372776.501,driving,6.352,2.247,9.7,0,30,91,7.875,2.275,-8.6,1.523,4.525,0.283,0.0,1.5,1.02
1788372776.553,driving,6.354,2.247,9.7,0,30,91,7.875,2.275,-8.6,1.521,4.523,0.283,0.0,1.5,1.02
1788372776.608,driving,6.358,2.248,9.7,0,30,91,7.875,2.275,-8.6,1.517,4.519,0.283,0.0,1.5,1.02
1788372776.66,driving,6.37,2.25,9.7,0,30,91,7.875,2.275,-8.6,1.505,4.506,0.283,0.0,1.5,1.02
1788372776.714,driving,6.377,2.251,9.7,0,30,91,7.875,2.275,-8.6,1.498,4.5,0.282,0.0,1.5,1.01
1788372776.766,driving,6.39,2.254,9.7,0,30,91,7.875,2.275,-8.6,1.485,4.486,0.282,0.0,1.5,1.01
1788372776.82,driving,6.397,2.255,9.7,1,31,91,7.925,2.275,-8.6,1.528,4.479,0.28,0.0,1.5,0.98
1788372776.873,driving,6.411,2.257,9.7,1,31,91,7.925,2.275,-8.6,1.515,4.466,0.28,0.0,1.5,0.98
1788372776.928,driving,6.417,2.258,9.7,1,31,91,7.925,2.275,-8.6,1.508,4.459,0.278,0.0,1.5,0.97
1788372776.993,driving,6.431,2.26,9.7,1,31,91,7.925,2.275,-8.7,1.494,4.446,0.278,0.0,1.5,0.97
1788372777.06,driving,6.437,2.262,9.7,1,31,91,7.925,2.275,-8.7,1.488,4.439,0.277,0.0,1.5,0.95
1788372777.125,driving,6.451,2.264,9.7,2,32,91,7.975,2.275,-8.7,1.524,4.426,0.277,0.0,1.5,0.95
1788372777.196,driving,6.457,2.265,9.7,2,32,91,7.975,2.275,-8.7,1.518,4.419,0.275,0.0,1.5,0.93
1788372777.255,driving,6.471,2.267,9.7,2,32,91,7.975,2.275,-8.7,1.504,4.405,0.275,0.0,1.5,0.93
1788372777.314,driving,6.478,2.268,9.7,2,32,91,7.975,2.275,-8.7,1.497,4.399,0.273,0.0,1.5,0.92
1788372777.368,driving,6.491,2.271,9.7,2,32,91,7.975,2.275,-8.8,1.484,4.385,0.273,0.0,1.5,0.92
1788372777.426,driving,6.498,2.272,9.7,3,33,91,8.025,2.275,-8.8,1.527,4.379,0.271,0.0,1.5,0.89
1788372777.483,driving,6.511,2.274,9.7,0,30,88,8.025,2.275,-8.8,1.514,4.365,0.271,0.0,1.5,0.89
1788372777.537,driving,6.518,2.275,9.7,0,30,88,8.025,2.275,-8.8,1.507,4.358,0.27,0.0,1.5,0.88
1788372777.592,driving,6.52,2.276,8.9,0,30,88,8.025,2.275,-8.1,1.505,4.357,0.27,0.0,1.5,0.88
1788372777.648,driving,6.513,2.276,7.0,0,30,88,8.025,2.275,-6.2,1.512,4.363,0.269,0.0,1.5,0.87
1788372777.705,driving,6.507,2.276,6.1,0,30,88,8.025,2.275,-5.3,1.518,4.369,0.269,0.0,1.5,0.87
1788372777.765,driving,6.501,2.276,4.2,0,30,88,8.025,2.275,-3.4,1.524,4.375,0.268,0.0,1.5,0.86
1788372777.828,driving,6.501,2.276,3.2,0,30,88,8.025,2.275,-2.4,1.524,4.375,0.268,0.0,1.5,0.86
1788372777.896,driving,6.501,2.276,1.2,0,30,88,8.025,2.275,-0.5,1.524,4.375,0.268,0.0,1.5,0.86
1788372777.957,driving,6.501,2.276,0.2,0,30,88,8.025,2.275,0.5,1.524,4.375,0.268,0.0,1.5,0.86
1788372778.015,driving,6.501,2.276,0.0,0,30,88,8.025,2.275,0.7,1.524,4.375,0.268,0.0,1.5,0.86
1788372778.068,driving,6.501,2.276,0.0,0,30,88,8.025,2.275,0.6,1.524,4.375,0.268,0.0,1.5,0.86
1788372778.124,driving,6.501,2.276,0.0,0,30,88,8.025,2.275,0.6,1.524,4.375,0.268,0.0,1.5,0.86
1788372778.178,driving,6.501,2.276,0.0,0,30,88,8.025,2.275,0.6,1.524,4.375,0.268,0.0,1.5,0.86
1788372778.234,driving,6.504,2.276,0.0,0,30,88,8.025,2.275,0.6,1.521,4.372,0.289,0.0,1.5,1.09
1788372778.289,driving,6.508,2.276,0.0,0,30,88,8.025,2.275,0.6,1.517,4.368,0.289,0.0,1.5,1.09
1788372778.343,driving,6.526,2.275,0.2,0,30,88,8.025,2.275,0.3,1.499,4.35,0.289,0.0,1.5,1.09
1788372778.398,driving,6.537,2.274,0.4,0,30,88,8.025,2.275,0.2,1.488,4.339,0.289,0.0,1.5,1.09
1788372778.455,driving,6.555,2.273,0.5,1,31,88,8.075,2.275,0.1,1.52,4.322,0.286,0.0,1.5,1.06
1788372778.514,driving,6.562,2.273,0.5,0,30,87,8.075,2.275,0.0,1.513,4.314,0.286,0.0,1.5,1.06
1788372778.576,driving,6.57,2.273,0.5,0,30,87,8.075,2.275,0.0,1.505,4.307,0.286,0.0,1.5,1.06
1788372778.645,driving,6.585,2.274,0.5,0,30,87,8.075,2.275,0.0,1.49,4.292,0.286,0.0,1.5,1.06
1788372778.713,driving,6.592,2.274,0.5,0,30,87,8.075,2.275,0.0,1.483,4.284,0.284,0.0,1.5,1.03
1788372778.781,driving,6.607,2.274,0.5,1,31,87,8.125,2.275,0.0,1.518,4.269,0.284,0.0,1.5,1.03
1788372778.841,driving,6.614,2.274,0.5,1,31,87,8.125,2.275,-0.0,1.511,4.262,0.281,0.0,1.5,1.0
1788372778.897,driving,6.629,2.274,0.5,1,31,87,8.125,2.275,-0.0,1.496,4.247,0.281,0.0,1.5,1.0
1788372778.951,driving,6.637,2.274,0.5,1,31,87,8.125,2.275,-0.0,1.488,4.239,0.28,0.0,1.5,0.99
1788372779.009,driving,6.652,2.274,0.5,2,32,87,8.175,2.275,-0.0,1.523,4.224,0.28,0.0,1.5,0.99
1788372779.064,driving,6.659,2.274,0.5,2,32,87,8.175,2.275,-0.1,1.516,4.217,0.278,0.0,1.5,0.97
1788372779.117,driving,6.674,2.274,0.5,2,32,87,8.175,2.275,-0.1,1.501,4.202,0.278,0.0,1.5,0.97
1788372779.173,driving,6.682,2.274,0.5,2,32,87,8.175,2.275,-0.1,1.493,4.194,0.276,0.0,1.5,0.95
1788372779.228,driving,6.697,2.274,0.5,2,32,87,8.175,2.275,-0.1,1.478,4.18,0.276,0.0,1.5,0.95
1788372779.284,driving,6.704,2.275,0.5,3,33,87,8.225,2.275,-0.1,1.521,4.172,0.274,0.0,1.5,0.93
1788372779.343,driving,6.719,2.275,0.5,3,33,87,8.225,2.275,-0.1,1.506,4.157,0.274,0.0,1.5,0.93
1788372779.407,driving,6.733,2.276,0.5,3,33,87,8.225,2.275,-0.1,1.492,4.144,0.272,0.0,1.5,0.9
1788372779.473,driving,6.761,2.279,0.5,4,34,87,8.275,2.275,-0.1,1.514,4.115,0.272,0.0,1.5,0.9
1788372779.533,driving,6.769,2.279,0.5,0,30,83,8.275,2.275,-0.1,1.506,4.107,0.27,0.0,1.5,0.88
1788372779.595,driving,6.777,2.28,0.5,0,30,83,8.275,2.275,-0.1,1.498,4.099,0.27,0.0,1.5,0.88
1788372779.651,driving,6.792,2.28,0.5,0,30,83,8.275,2.275,-0.1,1.483,4.085,0.267,0.0,1.5,0.85
1788372779.706,driving,6.799,2.28,0.5,0,30,83,8.275,2.275,-0.1,1.476,4.077,0.267,0.0,1.5,0.85
1788372779.761,driving,6.814,2.28,0.5,1,31,83,8.324,2.285,-0.1,1.51,4.062,0.265,0.0,1.5,0.83
1788372779.815,driving,6.822,2.28,0.5,1,31,83,8.324,2.285,-0.1,1.503,4.055,0.265,0.0,1.5,0.83
1788372779.872,driving,6.836,2.28,0.5,1,31,83,8.324,2.285,-0.2,1.488,4.04,0.263,0.0,1.5,0.8
1788372779.928,driving,6.844,2.28,0.5,1,31,83,8.324,2.285,-0.2,1.48,4.032,0.263,0.0,1.5,0.8
1788372779.984,driving,6.857,2.279,0.4,2,32,83,8.373,2.295,-0.1,1.516,4.019,0.263,0.0,1.5,0.8
1788372780.038,driving,6.863,2.279,0.3,2,32,83,8.373,2.295,0.0,1.51,4.013,0.263,0.0,1.5,0.8
1788372780.094,driving,6.877,2.278,0.2,2,32,83,8.373,2.295,0.1,1.497,4.0,0.26,0.0,1.5,0.78
1788372780.153,driving,6.884,2.278,0.2,2,32,83,8.373,2.295,0.1,1.489,3.992,0.26,0.0,1.5,0.78
1788372780.217,driving,6.899,2.278,0.2,2,32,83,8.373,2.295,0.1,1.474,3.977,0.259,0.0,1.5,0.76
1788372780.284,driving,6.907,2.278,0.2,3,33,83,8.422,2.304,0.1,1.516,3.97,0.259,0.0,1.5,0.76
1788372780.347,driving,6.922,2.278,0.2,3,33,83,8.422,2.304,0.2,1.501,3.955,0.257,0.0,1.5,0.74
1788372780.406,driving,6.929,2.278,0.2,3,33,83,8.422,2.304,0.2,1.493,3.947,0.257,0.0,1.5,0.74
1788372780.466,driving,6.944,2.279,0.2,3,33,83,8.422,2.304,0.2,1.478,3.932,0.255,0.0,1.5,0.72
1788372780.525,driving,6.951,2.279,0.2,4,34,83,8.471,2.314,0.2,1.52,3.925,0.255,0.0,1.5,0.72
1788372780.584,driving,6.958,2.278,0.2,0,30,79,8.471,2.314,0.3,1.514,3.918,0.254,0.0,1.5,0.71
1788372780.641,driving,6.969,2.276,0.1,0,30,79,8.471,2.314,0.4,1.503,3.907,0.254,0.0,1.5,0.71
1788372780.723,driving,6.975,2.275,0.0,0,30,79,8.471,2.314,0.5,1.496,3.901,0.252,0.0,1.5,0.69
1788372780.799,driving,6.99,2.275,0.0,0,30,79,8.471,2.314,0.5,1.481,3.886,0.252,0.0,1.5,0.69
1788372780.874,driving,6.998,2.275,0.0,0,30,79,8.471,2.314,0.5,1.474,3.878,0.25,0.0,1.5,0.67
1788372780.942,driving,7.013,2.275,0.0,1,31,79,8.52,2.324,0.5,1.508,3.863,0.25,0.0,1.5,0.67
1788372781.015,driving,7.02,2.275,0.0,1,31,79,8.52,2.324,0.6,1.501,3.856,0.25,0.0,1.5,0.67
1788372781.082,driving,7.035,2.275,0.0,1,31,79,8.52,2.324,0.6,1.486,3.841,0.25,0.0,1.5,0.67
1788372781.148,driving,7.043,2.275,0.0,1,31,79,8.52,2.324,0.6,1.478,3.834,0.25,0.0,1.5,0.67
1788372781.205,driving,7.058,2.275,0.0,2,32,79,8.569,2.334,0.7,1.513,3.819,0.25,0.0,1.5,0.67
1788372781.261,driving,7.062,2.275,0.0,2,32,79,8.569,2.334,0.7,1.508,3.814,0.25,0.0,1.5,0.67
1788372781.317,driving,7.07,2.275,0.0,2,32,79,8.569,2.334,0.8,1.501,3.807,0.25,0.0,1.5,0.67
1788372781.375,driving,7.076,2.275,0.0,2,32,79,8.569,2.334,0.8,1.494,3.8,0.25,0.0,1.5,0.67
1788372781.429,driving,7.091,2.275,0.0,2,32,79,8.569,2.334,0.8,1.479,3.785,0.25,0.0,1.5,0.67
1788372781.484,driving,7.099,2.275,0.0,2,32,79,8.569,2.334,0.9,1.472,3.778,0.25,0.0,1.5,0.67
1788372781.539,driving,7.114,2.275,0.0,3,33,79,8.618,2.344,0.9,1.506,3.763,0.25,0.0,1.5,0.67
1788372781.597,driving,7.121,2.275,0.0,0,30,76,8.618,2.344,1.0,1.499,3.755,0.25,0.0,1.5,0.67
1788372781.65,driving,7.129,2.275,0.0,0,30,76,8.618,2.344,1.0,1.491,3.748,0.25,0.0,1.5,0.67
1788372781.709,driving,7.144,2.275,0.0,0,30,76,8.618,2.344,1.0,1.476,3.733,0.25,0.0,1.5,0.67
1788372781.768,driving,7.151,2.275,0.0,1,31,76,8.667,2.353,1.1,1.518,3.725,0.25,0.0,1.5,0.67
1788372781.826,driving,7.165,2.276,0.0,1,31,76,8.667,2.353,1.1,1.504,3.712,0.25,0.0,1.5,0.67
1788372781.888,driving,7.171,2.277,-0.0,1,31,76,8.667,2.353,1.2,1.498,3.705,0.25,0.0,1.5,0.67
1788372781.944,driving,7.185,2.278,-0.0,1,31,76,8.667,2.353,1.3,1.484,3.691,0.25,0.0,1.5,0.67
1788372782.001,driving,7.192,2.278,-0.0,1,31,76,8.667,2.353,1.3,1.477,3.684,0.25,0.0,1.5,0.67
1788372782.056,driving,7.207,2.278,-0.0,2,32,76,8.716,2.363,1.4,1.511,3.669,0.25,0.0,1.5,0.67
1788372782.111,driving,7.215,2.277,-0.0,2,32,76,8.716,2.363,1.4,1.504,3.661,0.25,0.0,1.5,0.67
1788372782.167,driving,7.23,2.277,-0.0,2,32,76,8.716,2.363,1.5,1.489,3.647,0.25,0.0,1.5,0.67
1788372782.222,driving,7.237,2.277,-0.0,2,32,76,8.716,2.363,1.5,1.481,3.639,0.25,0.0,1.5,0.67
1788372782.278,driving,7.252,2.277,-0.0,3,33,76,8.775,2.375,1.6,1.526,3.624,0.25,0.0,1.5,0.67
1788372782.333,driving,7.26,2.277,-0.0,3,33,76,8.775,2.375,1.6,1.518,3.617,0.25,0.0,1.5,0.67
1788372782.393,driving,7.275,2.278,0.2,3,33,76,8.775,2.375,1.5,1.503,3.601,0.25,0.0,1.5,0.67
1788372782.447,driving,7.283,2.279,0.3,3,33,76,8.775,2.375,1.4,1.495,3.593,0.25,0.0,1.5,0.67
1788372782.508,driving,7.299,2.279,0.4,3,33,76,8.775,2.375,1.3,1.479,3.578,0.25,0.0,1.5,0.67
1788372782.575,driving,7.306,2.279,0.4,4,34,76,8.825,2.375,1.4,1.522,3.57,0.25,0.0,1.5,0.67
1788372782.642,driving,7.314,2.279,0.4,0,30,72,8.825,2.375,1.4,1.514,3.563,0.25,0.0,1.5,0.67
1788372782.705,driving,7.329,2.279,0.4,0,30,72,8.825,2.375,1.5,1.5,3.548,0.25,0.0,1.5,0.67
1788372782.766,driving,7.336,2.279,0.4,0,30,72,8.825,2.375,1.5,1.492,3.54,0.25,0.0,1.5,0.67
1788372782.821,driving,7.351,2.279,0.4,1,31,72,8.875,2.375,1.5,1.527,3.525,0.25,0.0,1.5,0.67
1788372782.876,driving,7.358,2.279,0.4,1,31,72,8.875,2.375,1.6,1.52,3.518,0.3,0.0,1.5,3.15
1788372782.929,driving,7.373,2.28,0.4,1,31,72,8.875,2.375,1.6,1.505,3.503,0.3,0.0,1.5,3.15
1788372782.985,driving,7.378,2.283,0.5,1,31,72,8.875,2.375,1.6,1.499,3.498,0.3,0.0,1.5,3.15
1788372783.041,driving,7.386,2.292,0.6,1,31,72,8.875,2.375,1.5,1.491,3.49,0.3,0.0,1.5,3.15
1788372783.1,driving,7.392,2.293,0.6,1,31,72,8.875,2.375,1.5,1.485,3.484,0.3,0.0,1.5,3.14
1788372783.157,driving,7.407,2.294,0.6,2,32,72,8.925,2.375,1.5,1.52,3.469,0.3,0.0,1.5,3.14
1788372783.211,driving,7.415,2.294,0.6,2,32,72,8.925,2.375,1.6,1.512,3.461,0.3,0.0,1.5,3.14
1788372783.267,driving,7.43,2.294,0.6,2,32,72,8.925,2.375,1.6,1.497,3.446,0.3,0.0,1.5,3.14
1788372783.327,driving,7.437,2.294,0.6,2,32,72,8.925,2.375,1.6,1.49,3.439,0.3,0.0,1.5,3.14
1788372783.391,driving,7.452,2.294,0.6,3,33,72,8.975,2.375,1.6,1.525,3.424,0.3,0.0,1.5,3.14
1788372783.452,driving,7.46,2.294,0.6,3,33,72,8.975,2.375,1.6,1.517,3.416,0.3,0.0,1.5,3.14
1788372783.514,driving,7.475,2.294,0.6,3,33,72,8.975,2.375,1.7,1.503,3.401,0.3,0.0,1.5,3.14
1788372783.571,driving,7.473,2.296,0.8,3,33,72,8.975,2.375,1.5,1.504,3.403,0.3,0.0,1.5,3.14
1788372783.621,driving,7.47,2.298,1.0,3,33,72,8.975,2.375,1.3,1.507,3.406,0.3,0.0,1.5,3.14
1788372783.675,driving,7.475,2.301,1.2,0,30,69,8.975,2.375,1.1,1.502,3.401,0.3,0.0,1.5,3.14
1788372783.73,driving,7.482,2.301,1.2,0,30,69,8.975,2.375,1.2,1.495,3.394,0.3,0.0,1.5,3.14
1788372783.79,driving,7.497,2.301,1.2,1,31,69,9.025,2.375,1.2,1.53,3.379,0.3,0.0,1.5,3.14
1788372783.842,driving,7.505,2.301,1.2,1,31,69,9.025,2.375,1.2,1.522,3.371,0.3,0.0,1.5,3.14
1788372783.896,driving,7.52,2.302,1.2,1,31,69,9.025,2.375,1.2,1.507,3.356,0.3,0.0,1.5,3.14
1788372783.954,driving,7.527,2.302,1.2,1,31,69,9.025,2.375,1.2,1.5,3.349,0.3,0.0,1.5,3.14
1788372784.011,driving,7.542,2.302,1.2,1,31,69,9.025,2.375,1.2,1.485,3.334,0.3,0.0,1.5,3.14
1788372784.073,driving,7.55,2.302,1.2,2,32,69,9.075,2.375,1.2,1.527,3.326,0.3,0.0,1.5,3.14
1788372784.141,driving,7.561,2.302,1.1,2,32,69,9.075,2.375,1.3,1.516,3.315,0.3,0.0,1.5,3.14
1788372784.205,driving,7.566,2.301,1.0,2,32,69,9.075,2.375,1.4,1.511,3.31,0.3,0.0,1.5,3.14
1788372784.266,driving,7.579,2.301,0.9,2,32,69,9.075,2.375,1.5,1.498,3.297,0.3,0.0,1.5,3.14
1788372784.326,driving,7.586,2.301,0.9,2,32,69,9.075,2.375,1.5,1.491,3.29,0.3,0.0,1.5,3.14
1788372784.382,driving,7.601,2.301,0.9,3,33,69,9.125,2.375,1.5,1.526,3.275,0.3,0.0,1.5,3.14
1788372784.441,driving,7.608,2.301,0.9,3,33,69,9.125,2.375,1.5,1.518,3.267,0.3,0.0,1.5,3.14
1788372784.498,driving,7.623,2.301,0.9,3,33,69,9.125,2.375,1.5,1.503,3.252,0.3,0.0,1.5,3.14
1788372784.551,driving,7.631,2.301,0.9,3,33,69,9.125,2.375,1.5,1.496,3.245,0.3,0.0,1.5,3.14
1788372784.608,driving,7.638,2.302,0.9,3,33,69,9.125,2.375,1.5,1.488,3.237,0.3,0.0,1.5,3.14
1788372784.663,driving,7.653,2.302,0.9,0,30,65,9.175,2.375,1.6,1.523,3.223,0.3,0.0,1.5,3.14
1788372784.717,driving,7.659,2.301,0.8,0,30,65,9.175,2.375,1.7,1.517,3.216,0.3,0.0,1.5,3.14
1788372784.772,driving,7.669,2.297,0.5,0,30,65,9.175,2.375,2.0,1.508,3.207,0.3,0.0,1.5,3.14
1788372784.827,driving,7.676,2.296,0.4,0,30,65,9.175,2.375,2.1,1.501,3.2,0.3,0.0,1.5,3.14
1788372784.894,driving,7.691,2.296,0.4,0,30,65,9.175,2.375,2.1,1.486,3.185,0.3,0.0,1.5,3.14
1788372784.965,driving,7.698,2.297,0.4,1,31,65,9.225,2.375,2.1,1.529,3.178,0.3,0.0,1.5,3.14
1788372785.03,driving,7.713,2.297,0.4,1,31,65,9.225,2.375,2.1,1.514,3.163,0.3,0.0,1.5,3.14
1788372785.096,driving,7.721,2.297,0.4,1,31,65,9.225,2.375,2.1,1.506,3.155,0.3,0.0,1.5,3.14
1788372785.152,driving,7.736,2.297,0.4,1,31,65,9.225,2.375,2.1,1.492,3.14,0.3,0.0,1.5,3.14
1788372785.209,driving,7.743,2.297,0.4,1,31,65,9.225,2.375,2.2,1.484,3.133,0.3,0.0,1.5,3.14
1788372785.271,driving,7.758,2.297,0.4,2,32,65,9.275,2.375,2.2,1.519,3.118,0.3,0.0,1.5,3.14
1788372785.332,driving,7.762,2.298,0.6,2,32,65,9.275,2.375,2.1,1.514,3.113,0.3,0.0,1.5,3.14
1788372785.395,driving,7.77,2.301,0.8,2,32,65,9.275,2.375,1.8,1.507,3.106,0.3,0.0,1.5,3.14
1788372785.453,driving,7.777,2.302,0.9,2,32,65,9.275,2.375,1.8,1.5,3.099,0.3,0.0,1.5,3.14
1788372785.512,driving,7.792,2.302,0.9,2,32,65,9.275,2.375,1.8,1.485,3.084,0.3,0.0,1.5,3.14
1788372785.573,driving,7.8,2.302,0.9,3,33,65,9.325,2.375,1.8,1.527,3.076,0.3,0.0,1.5,3.14
1788372785.63,driving,7.807,2.302,0.9,3,33,65,9.325,2.375,1.8,1.52,3.069,0.3,0.0,1.5,3.14
1788372785.691,driving,7.822,2.302,0.9,0,30,62,9.325,2.375,1.8,1.505,3.054,0.3,0.0,1.5,3.14
1788372785.75,driving,7.83,2.303,0.9,0,30,62,9.325,2.375,1.8,1.497,3.046,0.3,0.0,1.5,3.14
1788372785.82,driving,7.845,2.303,0.9,1,31,62,9.375,2.375,1.8,1.532,3.031,0.3,0.0,1.5,3.14
1788372785.883,driving,7.852,2.303,0.9,1,31,62,9.375,2.375,1.8,1.525,3.024,0.3,0.0,1.5,3.14
1788372785.944,driving,7.864,2.306,0.7,1,31,62,9.375,2.375,1.9,1.512,3.012,0.3,0.0,1.5,3.14
1788372785.996,driving,7.869,2.309,0.6,1,31,62,9.375,2.375,2.0,1.507,3.007,0.3,0.0,1.5,3.14
1788372786.049,driving,7.882,2.312,0.5,1,31,62,9.375,2.375,2.1,1.495,2.994,0.3,0.0,1.5,3.14
1788372786.103,driving,7.889,2.312,0.5,1,31,62,9.375,2.375,2.1,1.487,2.986,0.3,0.0,1.5,3.14
1788372786.158,driving,7.904,2.312,0.5,2,32,62,9.425,2.375,2.1,1.522,2.971,0.3,0.0,1.5,3.14
1788372786.211,driving,7.912,2.312,0.5,2,32,62,9.425,2.375,2.1,1.515,2.964,0.3,0.0,1.5,3.14
1788372786.265,driving,7.927,2.312,0.5,2,32,62,9.425,2.375,2.1,1.5,2.949,0.3,0.0,1.5,3.14
1788372786.322,driving,7.934,2.312,0.5,2,32,62,9.425,2.375,2.1,1.492,2.942,0.3,0.0,1.5,3.14
1788372786.379,driving,7.949,2.312,0.5,2,32,62,9.425,2.375,2.1,1.477,2.927,0.3,0.0,1.5,3.14
1788372786.437,driving,7.957,2.312,0.5,2,32,62,9.425,2.375,2.1,1.47,2.919,0.3,0.0,1.5,3.14
1788372786.497,driving,7.973,2.314,0.6,3,33,62,9.475,2.375,2.0,1.503,2.902,0.3,0.0,1.5,3.14
1788372786.558,driving,7.982,2.315,0.6,3,33,62,9.475,2.375,2.0,1.494,2.894,0.3,0.0,1.5,3.14
1788372786.617,driving,7.99,2.316,0.6,3,33,62,9.475,2.375,2.0,1.486,2.886,0.3,0.0,1.5,3.14
1788372786.676,driving,8.005,2.316,0.6,4,34,62,9.525,2.375,2.0,1.521,2.871,0.3,0.0,1.5,3.14
1788372786.729,driving,8.012,2.316,0.6,0,30,58,9.525,2.35,1.9,1.513,2.863,0.3,0.0,1.5,3.14
1788372786.786,driving,8.027,2.316,0.6,0,30,58,9.525,2.35,1.9,1.498,2.848,0.3,0.0,1.5,3.14
1788372786.841,driving,8.035,2.316,0.6,0,30,58,9.525,2.35,1.9,1.49,2.841,0.3,0.0,1.5,3.14
1788372786.894,driving,8.05,2.316,0.6,0,30,58,9.525,2.35,1.9,1.475,2.826,0.3,0.0,1.5,3.14
1788372786.945,driving,8.057,2.316,0.6,1,31,58,9.575,2.351,1.8,1.518,2.818,0.3,0.0,1.5,3.14
1788372787.001,driving,8.072,2.316,0.6,1,31,58,9.575,2.351,1.8,1.503,2.803,0.3,0.0,1.5,3.14
1788372787.058,driving,8.081,2.315,0.3,1,31,58,9.575,2.351,2.1,1.494,2.795,0.3,0.0,1.5,3.14
1788372787.11,driving,8.099,2.31,-0.5,1,31,58,9.575,2.351,2.8,1.477,2.777,0.3,0.0,1.5,3.14
1788372787.164,driving,8.106,2.31,-0.6,2,32,58,9.625,2.352,2.9,1.519,2.769,0.3,0.0,1.5,3.14
1788372787.218,driving,8.121,2.31,-0.6,2,32,58,9.625,2.352,2.9,1.504,2.754,0.3,0.0,1.5,3.14
1788372787.28,driving,8.129,2.31,-0.6,2,32,58,9.625,2.352,2.9,1.497,2.747,0.3,0.0,1.5,3.14
1788372787.342,driving,8.144,2.309,-0.6,2,32,58,9.625,2.352,2.9,1.482,2.732,0.3,0.0,1.5,3.14
1788372787.404,driving,8.151,2.309,-0.6,3,33,58,9.675,2.353,2.8,1.524,2.725,0.3,0.0,1.5,3.14
1788372787.459,driving,8.166,2.309,-0.6,3,33,58,9.675,2.353,2.8,1.509,2.71,0.3,0.0,1.5,3.14
1788372787.513,driving,8.174,2.309,-0.6,3,33,58,9.675,2.353,2.8,1.502,2.702,0.3,0.0,1.5,3.14
1788372787.566,driving,8.181,2.309,-0.6,3,33,58,9.675,2.353,2.8,1.494,2.695,0.3,0.0,1.5,3.14
1788372787.622,driving,8.193,2.309,-0.5,3,33,58,9.675,2.353,2.7,1.483,2.683,0.3,0.0,1.5,3.14
1788372787.679,driving,8.197,2.31,-0.4,3,33,58,9.675,2.353,2.6,1.479,2.679,0.3,0.0,1.5,3.14
1788372787.734,driving,8.208,2.31,-0.3,4,34,58,9.725,2.354,2.5,1.517,2.668,0.3,0.0,1.5,3.14
1788372787.788,driving,8.216,2.31,-0.3,0,30,54,9.725,2.354,2.5,1.51,2.66,0.3,0.0,1.5,3.14
1788372787.839,driving,8.218,2.31,-0.3,0,30,54,9.725,2.354,2.5,1.507,2.658,0.3,0.0,1.5,3.12
1788372787.891,driving,8.218,2.31,-0.3,0,30,54,9.725,2.354,2.5,1.507,2.658,0.3,0.0,1.5,3.12
1788372787.942,driving,8.218,2.31,-0.3,0,30,54,9.725,2.354,2.4,1.507,2.658,0.3,0.0,1.5,3.12
1788372787.994,driving,8.218,2.31,-0.3,0,30,54,9.725,2.354,2.4,1.507,2.658,0.3,0.0,1.5,3.12
1788372788.052,driving,8.218,2.31,-0.3,0,30,54,9.725,2.354,2.4,1.507,2.658,0.3,0.0,1.5,3.12
1788372788.106,driving,8.218,2.31,-0.3,0,30,54,9.725,2.354,2.4,1.507,2.658,0.3,0.0,1.5,3.12
1788372788.165,driving,8.212,2.31,-0.1,0,30,54,9.725,2.354,2.2,1.514,2.664,0.3,0.0,1.5,3.12
1788372788.219,driving,8.207,2.31,0.1,0,30,54,9.725,2.354,2.0,1.519,2.669,0.3,0.0,1.5,3.12
1788372788.277,driving,8.204,2.31,0.2,0,30,54,9.725,2.354,1.8,1.522,2.672,0.3,0.0,1.5,3.12
1788372788.33,driving,8.204,2.31,0.2,0,30,54,9.725,2.354,1.8,1.522,2.672,0.3,0.0,1.5,3.12
1788372788.387,driving,8.204,2.31,0.2,0,30,54,9.725,2.354,1.8,1.521,2.672,0.3,0.0,1.5,3.12
1788372788.442,driving,8.207,2.31,0.2,0,30,54,9.725,2.354,1.8,1.519,2.669,0.3,0.0,1.5,3.12
1788372788.497,driving,8.211,2.31,0.2,0,30,54,9.725,2.354,1.8,1.515,2.665,0.3,0.0,1.5,3.11
1788372788.55,driving,8.224,2.31,0.2,0,30,54,9.725,2.354,1.8,1.501,2.652,0.3,0.0,1.5,3.11
1788372788.609,driving,8.233,2.31,0.2,0,30,54,9.725,2.354,1.8,1.492,2.643,0.3,0.0,1.5,3.09
1788372788.664,driving,8.254,2.31,0.2,1,31,54,9.775,2.355,1.8,1.522,2.622,0.3,0.0,1.5,3.09
1788372788.723,driving,8.264,2.31,0.2,1,31,54,9.775,2.355,1.8,1.512,2.612,0.3,0.0,1.5,3.06
1788372788.792,driving,8.284,2.31,0.2,0,30,53,9.775,2.354,1.8,1.491,2.592,0.3,0.0,1.5,3.06
1788372788.855,driving,8.294,2.31,0.2,0,30,53,9.775,2.354,1.8,1.481,2.581,0.3,0.0,1.5,3.03
1788372788.917,driving,8.315,2.31,0.2,1,31,53,9.825,2.355,1.8,1.511,2.561,0.3,0.0,1.5,3.03
1788372788.977,driving,8.325,2.31,0.2,1,31,53,9.825,2.355,1.7,1.5,2.551,0.3,0.0,1.5,3.0
1788372789.032,driving,8.345,2.31,0.2,1,31,53,9.825,2.355,1.7,1.48,2.53,0.3,0.0,1.5,3.0
1788372789.087,driving,8.356,2.31,0.2,2,32,53,9.875,2.356,1.7,1.52,2.52,0.3,0.0,1.5,2.97
1788372789.137,driving,8.376,2.31,0.2,2,32,53,9.875,2.356,1.7,1.499,2.5,0.3,0.0,1.5,2.97
1788372789.192,driving,8.386,2.31,0.2,2,32,53,9.875,2.356,1.7,1.489,2.49,0.3,0.0,1.5,2.95
1788372789.244,driving,8.407,2.31,0.2,3,33,53,9.925,2.357,1.7,1.519,2.469,0.3,0.0,1.5,2.95
1788372789.3,driving,8.414,2.312,0.3,3,33,53,9.925,2.357,1.6,1.512,2.462,0.3,0.0,1.5,2.92
1788372789.355,driving,8.427,2.315,0.5,3,33,53,9.925,2.357,1.4,1.498,2.448,0.3,0.0,1.5,2.92
1788372789.414,driving,8.437,2.315,0.5,3,33,53,9.925,2.357,1.4,1.488,2.438,0.3,0.0,1.5,2.89
1788372789.471,driving,8.448,2.315,0.5,3,33,53,9.925,2.357,1.4,1.478,2.428,0.3,0.0,1.5,2.89
1788372789.523,driving,8.468,2.315,0.5,4,34,53,9.975,2.358,1.4,1.507,2.408,0.3,0.0,1.5,2.86
1788372789.576,driving,8.478,2.316,0.5,4,34,53,9.975,2.358,1.4,1.497,2.397,0.3,0.0,1.5,2.86
1788372789.635,driving,8.499,2.316,0.5,4,34,53,9.975,2.358,1.4,1.477,2.377,0.3,0.0,1.5,2.83
1788372789.696,driving,8.509,2.316,0.5,5,35,53,10.025,2.359,1.4,1.516,2.367,0.3,0.0,1.5,2.83
1788372789.752,driving,8.529,2.318,0.5,5,35,53,10.025,2.359,1.4,1.496,2.346,0.3,0.0,1.5,2.8
1788372789.812,driving,8.54,2.321,0.4,0,30,48,10.025,2.358,1.4,1.485,2.336,0.3,0.0,1.5,2.8
1788372789.869,driving,8.56,2.322,0.4,1,31,48,10.075,2.359,1.4,1.515,2.315,0.3,0.0,1.5,2.77
1788372789.922,driving,8.571,2.323,0.4,1,31,48,10.075,2.359,1.4,1.504,2.305,0.3,0.0,1.5,2.77
1788372789.977,driving,8.591,2.323,0.4,1,31,48,10.075,2.359,1.4,1.484,2.285,0.3,0.0,1.5,2.74
1788372790.031,driving,8.601,2.323,0.4,2,32,48,10.125,2.36,1.4,1.524,2.274,0.3,0.0,1.5,2.74
1788372790.086,driving,8.622,2.323,0.4,2,32,48,10.125,2.36,1.4,1.503,2.254,0.3,0.0,1.5,2.71
1788372790.136,driving,8.632,2.323,0.4,2,32,48,10.125,2.36,1.4,1.493,2.244,0.3,0.0,1.5,2.71
1788372790.19,driving,8.648,2.324,0.9,2,32,48,10.125,2.36,0.9,1.477,2.228,0.3,0.0,1.5,2.68
1788372790.243,driving,8.654,2.324,1.2,3,33,48,10.175,2.361,0.6,1.521,2.221,0.3,0.0,1.5,2.68
1788372790.3,driving,8.673,2.325,1.4,3,33,48,10.175,2.361,0.4,1.502,2.203,0.3,0.0,1.5,2.65
1788372790.356,driving,8.683,2.326,1.4,3,33,48,10.175,2.361,0.4,1.492,2.193,0.3,0.0,1.5,2.65
1788372790.414,driving,8.693,2.326,1.4,3,33,48,10.175,2.361,0.4,1.482,2.183,0.3,0.0,1.5,2.62
1788372790.473,driving,8.713,2.326,1.4,4,34,48,10.225,2.362,0.4,1.512,2.162,0.3,0.0,1.5,2.62
1788372790.532,driving,8.724,2.326,1.4,4,34,48,10.225,2.362,0.4,1.501,2.152,0.3,0.0,1.5,2.59
1788372790.593,driving,8.744,2.327,1.4,4,34,48,10.225,2.362,0.4,1.481,2.132,0.3,0.0,1.5,2.59
1788372790.65,driving,8.752,2.327,1.4,5,35,48,10.275,2.363,0.3,1.523,2.124,0.3,0.0,1.5,2.56
1788372790.706,driving,8.765,2.327,1.5,5,35,48,10.275,2.363,0.2,1.51,2.111,0.3,0.0,1.5,2.56
1788372790.759,driving,8.774,2.327,1.5,5,35,48,10.275,2.363,0.2,1.501,2.102,0.3,0.0,1.5,2.53
1788372790.812,driving,8.794,2.328,1.5,5,35,48,10.275,2.363,0.2,1.481,2.081,0.3,0.0,1.5,2.53
1788372790.864,driving,8.805,2.328,1.5,1,31,43,10.325,2.363,0.2,1.52,2.071,0.3,0.0,1.5,2.5
1788372790.916,driving,8.825,2.328,1.5,1,31,43,10.325,2.363,0.2,1.5,2.051,0.3,0.0,1.5,2.5
1788372790.972,driving,8.835,2.329,1.5,1,31,43,10.325,2.363,0.2,1.49,2.04,0.3,0.0,1.5,2.47
1788372791.026,driving,8.856,2.329,1.5,2,32,43,10.375,2.364,0.2,1.519,2.02,0.3,0.0,1.5,2.47
1788372791.083,driving,8.866,2.328,1.6,2,32,43,10.375,2.364,0.1,1.509,2.01,0.3,0.0,1.5,2.44
1788372791.136,driving,8.886,2.326,1.8,2,32,43,10.375,2.364,-0.2,1.489,1.99,0.3,0.0,1.5,2.44
1788372791.196,driving,8.896,2.326,1.9,2,32,43,10.375,2.364,-0.2,1.479,1.98,0.3,0.0,1.5,2.41
1788372791.258,driving,8.916,2.327,1.9,3,33,43,10.425,2.365,-0.2,1.509,1.96,0.3,0.0,1.5,2.41
1788372791.32,driving,8.926,2.327,1.9,3,33,43,10.425,2.365,-0.2,1.499,1.949,0.3,0.0,1.5,2.38
1788372791.385,driving,8.936,2.328,1.9,3,33,43,10.425,2.365,-0.2,1.489,1.939,0.3,0.0,1.5,2.38
1788372791.442,driving,8.957,2.328,1.9,4,34,43,10.474,2.366,-0.2,1.518,1.919,0.3,0.0,1.5,2.35
1788372791.495,driving,8.967,2.329,1.9,4,34,43,10.474,2.366,-0.2,1.508,1.909,0.3,0.0,1.5,2.35
1788372791.547,driving,8.986,2.33,2.1,4,34,43,10.474,2.366,-0.5,1.489,1.89,0.3,0.0,1.5,2.33
1788372791.597,driving,8.994,2.33,2.4,4,34,43,10.474,2.366,-0.8,1.48,1.881,0.3,0.0,1.5,2.33
1788372791.65,driving,9.013,2.332,2.7,5,35,43,10.524,2.368,-1.1,1.512,1.862,0.3,0.0,1.5,2.3
1788372791.701,driving,9.023,2.332,2.7,5,35,43,10.524,2.368,-1.1,1.501,1.852,0.3,0.0,1.5,2.3
1788372791.754,driving,9.044,2.333,2.7,5,35,43,10.524,2.368,-1.1,1.481,1.832,0.3,0.0,1.5,2.27
1788372791.808,driving,9.054,2.333,2.7,6,36,43,10.574,2.369,-1.1,1.521,1.821,0.3,0.0,1.5,2.27
1788372791.862,driving,9.074,2.334,2.7,0,30,37,10.574,2.368,-1.1,1.5,1.801,0.3,0.0,1.5,2.24
1788372791.915,driving,9.085,2.335,2.7,0,30,37,10.574,2.368,-1.1,1.49,1.791,0.3,0.0,1.5,2.24
1788372791.975,driving,9.104,2.331,2.3,1,31,37,10.624,2.369,-0.7,1.521,1.772,0.3,0.0,1.5,2.21
1788372792.035,driving,9.113,2.328,2.0,1,31,37,10.624,2.369,-0.5,1.512,1.763,0.3,0.0,1.5,2.21
1788372792.093,driving,9.132,2.327,1.9,1,31,37,10.624,2.369,-0.3,1.493,1.743,0.3,0.0,1.5,2.18
1788372792.153,driving,9.143,2.327,1.9,1,31,37,10.624,2.369,-0.3,1.482,1.733,0.3,0.0,1.5,2.18
1788372792.208,driving,9.163,2.328,1.9,2,32,37,10.674,2.371,-0.3,1.512,1.713,0.3,0.0,1.5,2.15
1788372792.26,driving,9.173,2.328,1.9,2,32,37,10.674,2.371,-0.3,1.502,1.702,0.3,0.0,1.5,2.15
1788372792.318,driving,9.183,2.328,1.9,2,32,37,10.674,2.371,-0.3,1.492,1.692,0.3,0.0,1.5,2.12
1788372792.372,driving,9.204,2.329,1.9,3,33,37,10.724,2.372,-0.3,1.521,1.672,0.3,0.0,1.5,2.12
1788372792.424,driving,9.215,2.329,2.0,3,33,37,10.724,2.372,-0.4,1.51,1.66,0.3,0.0,1.5,2.09
1788372792.482,driving,9.24,2.328,2.5,3,33,37,10.724,2.372,-0.9,1.485,1.636,0.3,0.0,1.5,2.09
1788372792.534,driving,9.251,2.328,2.6,4,34,37,10.774,2.374,-1.0,1.524,1.625,0.3,0.0,1.5,2.06
1788372792.587,driving,9.271,2.329,2.6,4,34,37,10.774,2.374,-1.0,1.503,1.604,0.3,0.0,1.5,2.06
1788372792.64,driving,9.282,2.33,2.6,4,34,37,10.774,2.374,-1.0,1.493,1.594,0.3,0.0,1.5,2.03
1788372792.69,driving,9.302,2.331,2.6,5,35,37,10.825,2.375,-1.0,1.524,1.574,0.3,0.0,1.5,2.03
1788372792.745,driving,9.312,2.331,2.6,5,35,37,10.825,2.375,-1.0,1.513,1.563,0.3,0.0,1.5,2.0
1788372792.804,driving,9.333,2.332,2.6,5,35,37,10.825,2.375,-1.0,1.493,1.543,0.3,0.0,1.5,2.0
1788372792.862,driving,9.339,2.333,2.6,5,35,37,10.825,2.375,-1.0,1.487,1.537,0.3,0.0,1.5,1.97
1788372792.918,driving,9.348,2.334,2.7,0,30,32,10.825,2.375,-1.2,1.477,1.527,0.3,0.0,1.5,1.97
1788372792.976,driving,9.358,2.334,2.8,1,31,32,10.875,2.375,-1.2,1.518,1.518,0.3,0.0,1.5,1.94
1788372793.031,driving,9.378,2.335,2.8,1,31,32,10.875,2.375,-1.2,1.498,1.498,0.3,0.0,1.5,1.94
1788372793.087,driving,9.388,2.336,2.8,1,31,32,10.875,2.375,-1.2,1.487,1.487,0.3,0.0,1.5,1.91
1788372793.143,driving,9.409,2.337,2.8,2,31,32,10.875,2.375,-1.2,1.467,1.467,0.3,0.0,1.5,1.91
1788372793.196,driving,9.419,2.337,2.8,2,31,32,10.875,2.375,-1.2,1.457,1.457,0.3,0.0,1.5,1.89
1788372793.247,driving,9.429,2.338,2.8,2,31,32,10.875,2.375,-1.2,1.447,1.447,0.3,0.0,1.5,1.89
1788372793.304,driving,9.445,2.336,2.6,2,31,32,10.875,2.375,-1.0,1.431,1.431,0.3,0.0,1.5,1.86
1788372793.359,driving,9.451,2.334,2.5,3,31,32,10.875,2.375,-0.9,1.425,1.425,0.3,0.0,1.5,1.86
1788372793.412,driving,9.467,2.333,2.4,3,31,32,10.875,2.375,-0.8,1.409,1.409,0.3,0.0,1.5,1.83
1788372793.463,driving,9.477,2.333,2.4,3,31,32,10.875,2.375,-0.8,1.398,1.398,0.3,0.0,1.5,1.83
1788372793.517,driving,9.498,2.334,2.4,3,31,32,10.875,2.375,-0.8,1.378,1.378,0.3,0.0,1.5,1.8
1788372793.573,driving,9.508,2.334,2.4,4,31,32,10.875,2.375,-0.8,1.368,1.368,0.3,0.0,1.5,1.8
1788372793.632,driving,9.528,2.335,2.4,4,31,32,10.875,2.375,-0.8,1.347,1.347,0.3,0.0,1.5,1.77
1788372793.694,driving,9.538,2.336,2.4,4,31,32,10.875,2.375,-0.8,1.337,1.337,0.3,0.0,1.5,1.77
1788372793.752,driving,9.566,2.333,2.2,5,31,32,10.875,2.375,-0.6,1.309,1.309,0.3,0.0,1.5,1.74
1788372793.807,driving,9.582,2.33,2.1,5,31,32,10.875,2.375,-0.5,1.293,1.293,0.3,0.0,1.5,1.74
1788372793.862,driving,9.607,2.328,2.0,6,31,32,10.875,2.375,-0.4,1.269,1.269,0.3,0.0,1.5,1.71
1788372793.914,driving,9.617,2.328,2.0,0,25,26,10.875,2.375,-0.4,1.259,1.259,0.3,0.0,1.5,1.71
1788372793.97,driving,9.638,2.329,2.0,0,25,26,10.875,2.375,-0.4,1.238,1.238,0.3,0.0,1.5,1.68
1788372794.02,driving,9.648,2.329,2.0,0,25,26,10.875,2.375,-0.3,1.228,1.228,0.3,0.0,1.5,1.68
1788372794.073,driving,9.668,2.33,2.0,1,25,26,10.875,2.375,-0.3,1.208,1.208,0.3,0.0,1.5,1.65
1788372794.123,driving,9.678,2.33,2.0,1,25,26,10.875,2.375,-0.3,1.197,1.197,0.3,0.0,1.5,1.65
1788372794.177,driving,9.688,2.33,2.0,1,25,26,10.875,2.375,-0.3,1.188,1.188,0.3,0.0,1.5,1.62
1788372794.233,driving,9.704,2.326,2.1,2,25,26,10.875,2.375,-0.3,1.172,1.172,0.3,0.0,1.5,1.62
1788372794.288,driving,9.713,2.325,2.1,2,25,26,10.875,2.375,-0.3,1.163,1.163,0.3,0.0,1.5,1.6
1788372794.348,driving,9.734,2.326,2.1,2,25,26,10.875,2.375,-0.3,1.142,1.142,0.3,0.0,1.5,1.6
1788372794.408,driving,9.744,2.327,2.1,2,25,26,10.875,2.375,-0.3,1.132,1.132,0.3,0.0,1.5,1.57
1788372794.471,driving,9.764,2.327,2.1,3,25,26,10.875,2.375,-0.3,1.112,1.112,0.3,0.0,1.5,1.57
1788372794.529,driving,9.775,2.328,2.1,3,25,26,10.875,2.375,-0.3,1.101,1.101,0.3,0.0,1.5,1.54
1788372794.585,driving,9.795,2.328,2.1,3,25,26,10.875,2.375,-0.3,1.081,1.081,0.3,0.0,1.5,1.54
1788372794.636,driving,9.805,2.327,1.9,4,25,26,10.875,2.375,-0.0,1.071,1.071,0.3,0.0,1.5,1.51
1788372794.692,driving,9.825,2.323,1.3,4,25,26,10.875,2.375,0.6,1.052,1.052,0.3,0.0,1.5,1.51
1788372794.743,driving,9.835,2.322,1.2,4,25,26,10.875,2.375,0.7,1.042,1.042,0.3,0.0,1.5,1.48
1788372794.797,driving,9.855,2.323,1.2,5,25,26,10.875,2.375,0.7,1.021,1.021,0.3,0.0,1.5,1.48
1788372794.852,driving,9.865,2.323,1.2,5,25,26,10.875,2.375,0.7,1.011,1.011,0.3,0.0,1.5,1.45
1788372794.906,driving,9.886,2.323,1.2,5,25,26,10.875,2.375,0.8,0.991,0.991,0.3,0.0,1.5,1.45
1788372794.96,driving,9.896,2.323,1.2,0,20,21,10.875,2.375,0.8,0.98,0.98,0.3,0.0,1.5,1.42
1788372795.012,driving,9.916,2.324,1.2,1,20,21,10.875,2.375,0.8,0.96,0.96,0.3,0.0,1.5,1.42
1788372795.066,driving,9.929,2.324,1.3,1,20,21,10.875,2.375,0.8,0.947,0.947,0.3,0.0,1.5,1.39
1788372795.123,driving,9.942,2.324,1.4,1,20,21,10.875,2.375,0.7,0.934,0.934,0.3,0.0,1.5,1.39
1788372795.186,driving,9.965,2.324,1.5,2,20,21,10.875,2.375,0.6,0.911,0.911,0.3,0.0,1.5,1.37
1788372795.243,driving,9.976,2.324,1.5,2,20,21,10.875,2.375,0.7,0.901,0.901,0.3,0.0,1.5,1.37
1788372795.306,driving,9.996,2.324,1.5,2,20,21,10.875,2.375,0.7,0.88,0.88,0.3,0.0,1.5,1.34
1788372795.363,driving,10.006,2.325,1.5,3,20,21,10.875,2.375,0.7,0.87,0.87,0.3,0.0,1.5,1.34
1788372795.421,driving,10.027,2.325,1.5,3,20,21,10.875,2.375,0.7,0.85,0.85,0.3,0.0,1.5,1.31
1788372795.475,driving,10.037,2.325,1.5,3,20,21,10.875,2.375,0.8,0.84,0.84,0.3,0.0,1.5,1.31
1788372795.527,driving,10.05,2.324,1.2,3,20,21,10.875,2.375,1.0,0.827,0.827,0.3,0.0,1.5,1.28
1788372795.58,driving,10.054,2.322,1.1,4,20,21,10.875,2.375,1.3,0.823,0.823,0.3,0.0,1.5,1.28
1788372795.631,driving,10.069,2.32,0.9,4,20,21,10.875,2.375,1.4,0.808,0.808,0.3,0.0,1.5,1.25
1788372795.682,driving,10.079,2.32,0.9,4,20,21,10.875,2.375,1.5,0.797,0.797,0.3,0.0,1.5,1.25
1788372795.735,driving,10.1,2.321,0.9,4,20,21,10.875,2.375,1.5,0.777,0.777,0.3,0.0,1.5,1.23
1788372795.79,driving,10.11,2.321,0.9,5,20,21,10.875,2.375,1.6,0.767,0.767,0.3,0.0,1.5,1.23
1788372795.841,driving,10.13,2.321,0.9,5,20,21,10.875,2.375,1.6,0.746,0.746,0.3,0.0,1.5,1.2
1788372795.895,driving,10.141,2.321,0.9,5,20,21,10.875,2.375,1.6,0.736,0.736,0.3,0.0,1.5,1.2
1788372795.96,driving,10.163,2.321,0.8,6,20,21,10.875,2.375,1.8,0.714,0.714,0.297,0.0,1.5,1.17
1788372796.02,driving,10.174,2.321,0.8,0,14,15,10.875,2.375,1.9,0.703,0.703,0.297,0.0,1.5,1.17
1788372796.079,driving,10.185,2.32,0.8,0,14,15,10.875,2.375,1.9,0.692,0.692,0.294,0.0,1.5,1.14
1788372796.134,driving,10.205,2.321,0.8,1,14,15,10.875,2.375,2.0,0.672,0.672,0.294,0.0,1.5,1.14
1788372796.188,driving,10.215,2.321,0.8,1,14,15,10.875,2.375,2.0,0.662,0.662,0.292,0.0,1.5,1.11
1788372796.239,driving,10.235,2.321,0.8,1,14,15,10.875,2.375,2.1,0.642,0.642,0.292,0.0,1.5,1.11
1788372796.296,driving,10.245,2.321,0.8,1,14,15,10.875,2.375,2.1,0.632,0.632,0.289,0.0,1.5,1.09
1788372796.35,driving,10.265,2.322,0.8,2,14,15,10.875,2.375,2.2,0.612,0.612,0.289,0.0,1.5,1.09
1788372796.406,driving,10.274,2.322,0.8,2,14,15,10.875,2.375,2.1,0.603,0.603,0.287,0.0,1.5,1.06
1788372796.459,driving,10.291,2.323,1.1,2,14,15,10.875,2.375,2.0,0.586,0.586,0.287,0.0,1.5,1.06
1788372796.512,driving,10.301,2.323,1.1,2,14,15,10.875,2.375,2.0,0.577,0.577,0.284,0.0,1.5,1.03
1788372796.565,driving,10.32,2.323,1.1,3,14,15,10.875,2.375,2.0,0.557,0.557,0.284,0.0,1.5,1.03
1788372796.619,driving,10.33,2.324,1.1,3,14,15,10.875,2.375,2.1,0.548,0.548,0.282,0.0,1.5,1.01
1788372796.68,driving,10.349,2.324,1.1,3,14,15,10.875,2.375,2.1,0.529,0.529,0.282,0.0,1.5,1.01
1788372796.743,driving,10.358,2.324,1.1,4,14,15,10.875,2.375,2.2,0.519,0.519,0.279,0.0,1.5,0.98
1788372796.802,driving,10.378,2.324,1.1,4,14,15,10.875,2.375,2.3,0.5,0.5,0.279,0.0,1.5,0.98
1788372796.864,driving,10.384,2.325,1.0,4,14,15,10.875,2.375,2.4,0.494,0.494,0.277,0.0,1.5,0.96
1788372796.92,driving,10.396,2.327,0.9,4,14,15,10.875,2.375,2.6,0.482,0.482,0.277,0.0,1.5,0.96
1788372796.975,driving,10.405,2.327,0.9,5,14,15,10.875,2.375,2.7,0.473,0.473,0.275,0.0,1.5,0.93
1788372797.027,driving,10.414,2.327,0.9,0,9,10,10.875,2.375,2.8,0.463,0.463,0.275,0.0,1.5,0.93
1788372797.08,driving,10.433,2.327,0.9,0,9,10,10.875,2.375,2.8,0.445,0.445,0.272,0.0,1.5,0.91
1788372797.131,driving,10.442,2.328,0.9,0,9,10,10.875,2.375,2.9,0.435,0.435,0.272,0.0,1.5,0.91
1788372797.186,driving,10.461,2.328,0.9,1,9,10,10.875,2.375,2.9,0.417,0.417,0.27,0.0,1.5,0.88
1788372797.239,driving,10.47,2.328,0.9,1,9,10,10.875,2.375,3.0,0.408,0.408,0.27,0.0,1.5,0.88
1788372797.294,driving,10.485,2.329,1.0,1,9,10,10.875,2.375,3.0,0.393,0.393,0.268,0.0,1.5,0.86
1788372797.348,driving,10.491,2.33,1.1,1,9,10,10.875,2.375,3.0,0.387,0.387,0.268,0.0,1.5,0.86
1788372797.404,driving,10.506,2.33,1.1,2,9,10,10.875,2.375,2.9,0.371,0.371,0.266,0.0,1.5,0.84
1788372797.46,driving,10.516,2.331,1.1,2,9,10,10.875,2.375,3.0,0.362,0.362,0.266,0.0,1.5,0.84
1788372797.523,driving,10.534,2.331,1.1,2,9,10,10.875,2.375,3.1,0.344,0.344,0.258,0.0,1.5,0.81
1788372797.584,driving,10.543,2.331,1.1,2,9,10,10.875,2.375,3.2,0.335,0.335,0.251,0.0,1.5,0.81
1788372797.645,driving,10.56,2.331,1.1,3,9,10,10.875,2.375,3.3,0.318,0.318,0.238,0.0,1.5,0.79
1788372797.698,driving,10.569,2.332,1.1,3,9,10,10.875,2.375,3.4,0.309,0.309,0.232,0.0,1.5,0.79
1788372797.75,driving,10.578,2.329,1.1,3,9,10,10.875,2.375,3.5,0.3,0.3,0.225,0.0,1.5,0.77
1788372797.804,driving,10.581,2.328,1.1,3,9,10,10.875,2.375,3.6,0.298,0.298,0.223,0.0,1.5,0.77
1788372797.86,driving,10.593,2.327,1.1,3,9,10,10.875,2.375,3.7,0.286,0.286,0.22,0.0,1.5,0.75
1788372797.913,driving,10.601,2.327,1.1,3,9,10,10.875,2.375,3.8,0.278,0.278,0.22,0.0,1.5,0.75
1788372797.965,driving,10.608,2.327,1.1,4,9,10,10.875,2.375,4.0,0.271,0.271,0.22,0.0,1.5,0.73
1788372798.015,driving,10.623,2.328,1.1,0,5,6,10.875,2.375,4.1,0.256,0.256,0.22,0.0,1.5,0.73
1788372798.068,driving,10.631,2.328,1.1,0,5,6,10.875,2.375,4.2,0.249,0.249,0.22,0.0,1.5,0.71
1788372798.121,driving,10.646,2.328,1.1,0,5,6,10.875,2.375,4.4,0.234,0.234,0.22,0.0,1.5,0.71
1788372798.176,driving,10.654,2.327,1.2,1,5,6,10.875,2.375,4.5,0.227,0.227,0.22,0.0,1.5,0.69
1788372798.229,driving,10.67,2.323,1.3,1,5,6,10.875,2.375,4.6,0.212,0.212,0.22,0.0,1.5,0.69
1788372798.291,driving,10.677,2.323,1.3,1,5,6,10.875,2.375,4.8,0.205,0.205,0.22,0.0,1.5,0.67
1788372798.355,driving,10.692,2.323,1.3,1,5,6,10.875,2.375,5.0,0.19,0.19,0.22,0.0,1.5,0.67
1788372798.417,driving,10.7,2.323,1.3,1,5,6,10.875,2.375,5.3,0.183,0.183,0.22,0.0,1.5,0.66
1788372798.475,driving,10.715,2.323,1.3,2,5,6,10.875,2.375,5.6,0.168,0.168,0.22,0.0,1.5,0.66
1788372798.529,driving,10.722,2.324,1.3,2,5,6,10.875,2.375,5.9,0.161,0.161,0.22,0.0,1.5,0.64
1788372798.583,goal_approach,10.737,2.324,1.3,5,5,6,10.875,2.375,19.0,0.147,0.147,0.0,2.4,,0.64
1788372798.637,goal_approach,10.745,2.324,1.3,5,5,6,10.875,2.375,20.0,0.14,0.14,0.0,2.4,,0.62
1788372798.69,goal_approach,10.745,2.324,2.9,5,5,6,10.875,2.375,18.5,0.14,0.14,0.0,2.4,,0.62
1788372800.253,turning,10.74,2.314,10.5,0,24,25,11.375,3.475,50.8,1.324,1.324,0.0,2.66,1.5,0.65
1788372800.306,turning,10.74,2.314,10.5,0,24,25,11.375,3.475,50.8,1.324,1.324,0.0,2.66,1.5,0.65
1788372800.36,turning,10.74,2.314,11.4,0,24,25,11.375,3.475,49.9,1.324,1.324,0.0,2.613,1.5,0.65
1788372800.41,turning,10.74,2.314,13.6,0,24,25,11.375,3.475,47.7,1.324,1.324,0.0,2.498,1.5,0.65
1788372800.469,turning,10.74,2.314,14.7,0,24,25,11.375,3.475,46.6,1.324,1.324,0.0,2.442,1.5,0.7
1788372800.528,turning,10.74,2.314,16.5,0,24,25,11.375,3.475,44.8,1.324,1.324,0.0,2.4,1.5,0.7
1788372800.598,turning,10.74,2.314,17.4,0,24,25,11.375,3.475,43.9,1.324,1.324,0.0,2.4,1.5,2.44
1788372800.667,turning,10.74,2.314,19.0,0,24,25,11.375,3.475,42.3,1.324,1.324,0.0,2.4,1.5,2.44
1788372800.732,turning,10.74,2.314,19.8,0,24,25,11.375,3.475,41.5,1.324,1.324,0.0,2.4,1.5,2.37
1788372800.805,turning,10.74,2.314,20.7,0,24,25,11.375,3.475,40.7,1.324,1.324,0.0,2.4,1.5,2.37
1788372800.872,turning,10.74,2.314,22.3,0,24,25,11.375,3.475,39.0,1.324,1.324,0.0,2.4,1.5,2.32
1788372800.936,turning,10.74,2.314,23.1,0,24,25,11.375,3.475,38.2,1.324,1.324,0.0,2.4,1.5,2.32
1788372801.001,turning,10.75,2.317,24.8,0,24,25,11.375,3.475,36.6,1.316,1.316,0.0,2.4,1.5,2.26
1788372801.065,turning,10.76,2.32,25.6,0,24,25,11.375,3.475,35.8,1.309,1.309,0.0,2.4,1.5,2.26
1788372801.126,turning,10.769,2.322,27.2,0,24,25,11.375,3.475,34.1,1.302,1.302,0.0,2.4,1.5,2.22
1788372801.187,turning,10.769,2.322,28.1,0,24,25,11.375,3.475,33.3,1.302,1.302,0.0,2.4,1.5,2.22
1788372801.243,turning,10.769,2.322,29.7,0,24,25,11.375,3.475,31.7,1.302,1.302,0.0,2.4,1.5,2.2
1788372801.304,turning,10.769,2.322,30.5,0,24,25,11.375,3.475,30.9,1.302,1.302,0.0,2.4,1.5,2.2
1788372801.365,turning,10.766,2.326,32.7,0,24,25,11.375,3.475,28.8,1.301,1.301,0.0,2.4,1.5,2.21
1788372801.427,turning,10.762,2.328,33.9,0,24,25,11.375,3.475,27.5,1.3,1.3,0.0,2.4,1.5,2.21
1788372801.491,turning,10.76,2.33,35.9,0,24,25,11.375,3.475,25.6,1.3,1.3,0.0,2.4,1.5,2.2
1788372801.549,turning,10.76,2.33,36.7,0,24,25,11.375,3.475,24.8,1.3,1.3,0.0,2.4,1.5,2.2
1788372801.61,turning,10.76,2.33,38.3,0,24,25,11.375,3.475,23.1,1.3,1.3,0.0,2.4,1.5,2.21
1788372801.662,turning,10.76,2.33,39.2,0,24,25,11.375,3.475,22.3,1.3,1.3,0.0,2.4,1.5,2.21
1788372801.714,turning,10.759,2.334,40.6,0,24,25,11.375,3.475,20.9,1.296,1.296,0.0,2.4,1.5,2.2
1788372801.767,turning,10.759,2.338,41.3,0,24,25,11.375,3.475,20.2,1.294,1.294,0.0,2.4,1.5,2.2
1788372801.821,turning,10.758,2.339,42.0,0,24,25,11.375,3.475,19.4,1.292,1.292,0.0,2.4,1.5,2.21
1788372801.873,turning,10.758,2.339,43.7,0,24,25,11.375,3.475,17.8,1.292,1.292,0.0,2.4,1.5,2.21
1788372801.926,turning,10.758,2.339,44.5,0,24,25,11.375,3.475,17.0,1.292,1.292,0.0,2.4,1.5,2.2
1788372801.98,turning,10.758,2.339,46.1,0,24,25,11.375,3.475,15.4,1.292,1.292,0.0,2.4,1.5,2.2
1788372802.034,turning,10.762,2.34,47.1,0,24,25,11.375,3.475,14.4,1.29,1.29,0.0,2.4,1.5,2.2
1788372802.089,turning,10.774,2.341,49.2,0,24,25,11.375,3.475,12.3,1.283,1.283,0.0,2.4,1.5,2.2
1788372802.144,turning,10.776,2.342,50.1,0,24,25,11.375,3.475,11.5,1.282,1.282,0.0,2.4,1.5,2.02
1788372802.204,turning,10.776,2.342,51.7,0,24,25,11.375,3.475,9.8,1.282,1.282,0.0,2.4,1.5,2.02
1788372802.265,turning,10.776,2.342,52.5,0,24,25,11.375,3.475,9.0,1.282,1.282,0.0,2.4,1.5,2.02
1788372802.265,turning,10.776,2.342,52.5,0,24,25,11.375,3.475,9.1,1.282,1.282,0.0,2.4,1.5,2.02
1788372802.387,turning,10.782,2.344,54.7,0,24,25,11.375,3.475,6.9,1.277,1.277,0.0,2.4,1.5,2.02
1788372802.441,turning,10.796,2.349,55.8,1,24,25,11.375,3.475,5.9,1.266,1.266,0.0,2.4,1.5,2.02
1788372802.495,driving,10.797,2.349,56.5,1,24,25,11.375,3.475,5.1,1.265,1.265,0.3,0.0,1.5,2.02
1788372802.547,driving,10.798,2.35,57.6,1,24,25,11.375,3.475,4.1,1.265,1.265,0.3,0.0,1.5,2.02
1788372802.601,driving,10.799,2.352,57.6,1,24,25,11.375,3.475,4.1,1.263,1.263,0.3,0.0,1.5,2.02
1788372802.654,driving,10.804,2.359,57.6,1,24,25,11.375,3.475,4.1,1.253,1.253,0.3,0.0,1.5,2.02
1788372802.709,driving,10.818,2.367,57.6,1,24,25,11.375,3.475,4.2,1.24,1.24,0.3,0.0,1.5,2.01
1788372802.762,driving,10.834,2.376,57.6,1,24,25,11.375,3.475,4.2,1.225,1.225,0.3,0.0,1.5,2.01
1788372802.814,driving,10.856,2.395,57.6,2,24,25,11.375,3.475,4.3,1.199,1.199,0.3,0.0,1.5,1.98
1788372802.867,driving,10.861,2.403,57.6,2,24,25,11.375,3.475,4.4,1.189,1.189,0.3,0.0,1.5,1.98
1788372802.924,driving,10.872,2.42,57.6,3,24,25,11.375,3.475,4.4,1.168,1.168,0.3,0.0,1.5,1.96
1788372802.984,driving,10.878,2.429,57.6,3,24,25,11.375,3.475,4.5,1.158,1.158,0.3,0.0,1.5,1.96
1788372803.044,driving,10.887,2.45,57.4,3,24,25,11.375,3.475,4.7,1.135,1.135,0.3,0.0,1.5,1.93
1788372803.106,driving,10.89,2.462,57.3,3,24,25,11.375,3.475,4.9,1.123,1.123,0.3,0.0,1.5,1.93
1788372803.166,driving,10.9,2.482,57.2,4,24,25,11.375,3.475,5.1,1.101,1.101,0.3,0.0,1.5,1.91
1788372803.222,driving,10.905,2.49,57.2,4,24,25,11.375,3.475,5.1,1.091,1.091,0.3,0.0,1.5,1.91
1788372803.281,driving,10.917,2.507,57.2,5,24,25,11.375,3.475,5.2,1.071,1.071,0.3,0.0,1.5,1.89
1788372803.281,driving,10.917,2.507,57.2,5,24,25,11.375,3.475,5.3,1.071,1.071,0.3,0.0,1.5,1.89
1788372803.389,driving,10.933,2.533,57.2,0,20,21,11.375,3.475,5.3,1.04,1.04,0.3,0.0,1.5,1.86
1788372803.442,driving,10.939,2.542,57.2,0,20,21,11.375,3.475,5.4,1.03,1.03,0.3,0.0,1.5,1.86
1788372803.497,driving,10.95,2.559,57.2,1,20,21,11.375,3.475,5.4,1.01,1.01,0.3,0.0,1.5,1.84
1788372803.549,driving,10.955,2.567,57.2,1,20,21,11.375,3.475,5.5,1.0,1.0,0.3,0.0,1.5,1.84
1788372803.602,driving,10.956,2.581,57.5,1,20,21,11.375,3.475,5.2,0.987,0.987,0.3,0.0,1.5,1.81
1788372803.652,driving,10.954,2.587,57.7,1,20,21,11.375,3.475,5.1,0.983,0.983,0.3,0.0,1.5,1.81
1788372803.708,driving,10.955,2.594,57.8,2,20,21,11.375,3.475,5.0,0.975,0.975,0.3,0.0,1.5,1.79
1788372803.774,driving,10.966,2.612,57.8,2,20,21,11.375,3.475,5.0,0.955,0.955,0.3,0.0,1.5,1.79
1788372803.841,driving,10.972,2.62,57.8,2,20,21,11.375,3.475,5.1,0.945,0.945,0.3,0.0,1.5,1.76
1788372803.904,driving,10.983,2.638,57.8,3,20,21,11.375,3.475,5.1,0.925,0.925,0.3,0.0,1.5,1.76
1788372803.964,driving,10.988,2.646,57.8,3,20,21,11.375,3.475,5.2,0.915,0.915,0.3,0.0,1.5,1.74
1788372804.018,driving,10.999,2.663,57.8,3,20,21,11.375,3.475,5.2,0.894,0.894,0.3,0.0,1.5,1.74
1788372804.075,driving,11.004,2.672,57.8,3,20,21,11.375,3.475,5.3,0.884,0.884,0.3,0.0,1.5,1.71
1788372804.128,driving,11.015,2.689,57.8,4,20,21,11.375,3.475,5.3,0.864,0.864,0.3,0.0,1.5,1.71
1788372804.182,driving,11.021,2.699,57.8,4,20,21,11.375,3.475,5.4,0.853,0.853,0.3,0.0,1.5,1.69
1788372804.234,driving,11.032,2.718,57.7,4,20,21,11.375,3.475,5.5,0.831,0.831,0.3,0.0,1.5,1.69
1788372804.288,driving,11.038,2.727,57.7,5,20,21,11.375,3.475,5.6,0.82,0.82,0.3,0.0,1.5,1.66
1788372804.346,driving,11.049,2.745,57.7,1,16,17,11.375,3.475,5.7,0.8,0.8,0.3,0.0,1.5,1.66
1788372804.406,driving,11.054,2.753,57.7,1,16,17,11.375,3.475,5.7,0.79,0.79,0.3,0.0,1.5,1.64
1788372804.464,driving,11.065,2.771,57.7,1,16,17,11.375,3.475,5.8,0.77,0.77,0.3,0.0,1.5,1.64
1788372804.522,driving,11.07,2.779,57.7,1,16,17,11.375,3.475,5.9,0.76,0.76,0.3,0.0,1.5,1.61
1788372804.585,driving,11.081,2.796,57.7,2,16,17,11.375,3.475,6.0,0.739,0.739,0.3,0.0,1.5,1.61
1788372804.641,driving,11.087,2.805,57.7,2,16,17,11.375,3.475,6.0,0.729,0.729,0.3,0.0,1.5,1.59
1788372804.699,driving,11.092,2.814,57.7,2,16,17,11.375,3.475,6.1,0.719,0.719,0.3,0.0,1.5,1.59
1788372804.754,driving,11.103,2.832,57.7,3,16,17,11.375,3.475,6.2,0.698,0.698,0.3,0.0,1.5,1.57
1788372804.807,driving,11.109,2.841,57.7,3,16,17,11.375,3.475,6.3,0.687,0.687,0.3,0.0,1.5,1.57
1788372804.862,driving,11.12,2.86,57.7,3,16,17,11.375,3.475,6.4,0.666,0.666,0.3,0.0,1.5,1.55
1788372804.913,driving,11.125,2.868,57.7,3,16,17,11.375,3.475,6.5,0.656,0.656,0.3,0.0,1.5,1.55
1788372804.968,driving,11.136,2.885,57.7,4,16,17,11.375,3.475,6.6,0.636,0.636,0.3,0.0,1.5,1.52
1788372805.024,driving,11.141,2.894,57.7,4,16,17,11.375,3.475,6.7,0.626,0.626,0.3,0.0,1.5,1.52
1788372805.08,driving,11.152,2.911,57.7,4,16,17,11.375,3.475,6.8,0.606,0.606,0.3,0.0,1.5,1.59
1788372805.133,driving,11.158,2.92,57.7,5,16,17,11.375,3.475,6.9,0.596,0.596,0.3,0.0,1.5,1.59
1788372805.19,driving,11.169,2.937,57.7,5,16,17,11.375,3.475,7.0,0.576,0.576,0.3,0.0,1.5,1.55
1788372805.246,driving,11.174,2.946,57.7,5,16,17,11.375,3.475,7.1,0.566,0.566,0.3,0.0,1.5,1.55
1788372805.308,driving,11.185,2.962,58.2,6,16,17,11.375,3.475,6.7,0.547,0.547,0.3,0.0,1.5,1.53
1788372805.371,driving,11.19,2.969,58.6,0,10,11,11.375,3.475,6.4,0.539,0.539,0.3,0.0,1.5,1.53
1788372805.432,driving,11.199,2.986,58.9,0,10,11,11.375,3.475,6.2,0.52,0.52,0.3,0.0,1.5,1.5
1788372805.488,driving,11.205,2.994,58.9,1,10,11,11.375,3.475,6.4,0.51,0.51,0.3,0.0,1.5,1.5
1788372805.545,driving,11.215,3.012,58.9,1,10,11,11.375,3.475,6.5,0.49,0.49,0.3,0.0,1.5,1.47
1788372805.599,driving,11.221,3.021,58.9,1,10,11,11.375,3.475,6.7,0.48,0.48,0.3,0.0,1.5,1.47
1788372805.654,driving,11.226,3.029,58.9,1,10,11,11.375,3.475,6.8,0.47,0.47,0.3,0.0,1.5,1.44
1788372805.707,driving,11.236,3.047,58.9,2,10,11,11.375,3.475,7.0,0.45,0.45,0.3,0.0,1.5,1.44
1788372805.762,driving,11.242,3.055,58.9,2,10,11,11.375,3.475,7.1,0.44,0.44,0.3,0.0,1.5,1.41
1788372805.816,driving,11.252,3.073,58.9,2,10,11,11.375,3.475,7.3,0.42,0.42,0.3,0.0,1.5,1.41
1788372805.869,driving,11.259,3.082,59.0,3,10,11,11.375,3.475,7.4,0.41,0.41,0.3,0.0,1.5,1.38
1788372805.922,driving,11.275,3.1,59.1,3,10,11,11.375,3.475,7.5,0.388,0.388,0.291,0.0,1.5,1.38
1788372805.978,driving,11.281,3.109,59.2,3,10,11,11.375,3.475,7.7,0.378,0.378,0.284,0.0,1.5,1.35
1788372806.032,driving,11.291,3.126,59.2,4,10,11,11.375,3.475,7.9,0.359,0.359,0.269,0.0,1.5,1.35
1788372806.092,driving,11.296,3.134,59.2,4,10,11,11.375,3.475,8.1,0.35,0.35,0.263,0.0,1.5,1.32
1788372806.154,driving,11.305,3.15,59.2,4,10,11,11.375,3.475,8.4,0.333,0.333,0.249,0.0,1.5,1.32
1788372806.215,driving,11.31,3.157,59.2,4,10,11,11.375,3.475,8.7,0.324,0.324,0.243,0.0,1.5,1.3
1788372806.274,driving,11.318,3.172,59.2,5,10,11,11.375,3.475,9.0,0.308,0.308,0.231,0.0,1.5,1.3
1788372806.337,driving,11.323,3.179,59.2,5,10,11,11.375,3.475,9.2,0.3,0.3,0.225,0.0,1.5,1.27
1788372806.391,driving,11.331,3.193,59.2,0,6,7,11.375,3.475,9.6,0.286,0.286,0.22,0.0,1.5,1.27
1788372806.445,driving,11.337,3.203,59.1,1,6,7,11.375,3.475,10.0,0.275,0.275,0.22,0.0,1.5,1.25
1788372806.496,driving,11.35,3.224,58.9,1,6,7,11.375,3.475,10.5,0.253,0.253,0.22,0.0,1.5,1.25
1788372806.548,driving,11.355,3.23,58.9,1,6,7,11.375,3.475,10.9,0.246,0.246,0.22,0.0,1.5,1.23
1788372806.604,driving,11.358,3.237,58.9,1,6,7,11.375,3.475,11.3,0.239,0.239,0.22,0.0,1.5,1.23
1788372806.659,driving,11.366,3.249,58.9,2,6,7,11.375,3.475,11.8,0.226,0.226,0.22,0.0,1.5,1.21
1788372806.719,driving,11.37,3.256,58.9,2,6,7,11.375,3.475,12.2,0.219,0.219,0.22,0.0,1.5,1.21
1788372806.78,driving,11.378,3.269,58.9,2,6,7,11.375,3.475,12.7,0.206,0.206,0.22,0.0,1.5,1.19
1788372806.841,driving,11.382,3.275,58.9,2,6,7,11.375,3.475,13.2,0.2,0.2,0.22,0.0,1.5,1.19
1788372806.914,driving,11.389,3.288,58.9,2,6,7,11.375,3.475,13.8,0.188,0.188,0.22,0.0,1.5,1.17
1788372806.986,driving,11.393,3.294,58.9,3,6,7,11.375,3.475,14.3,0.182,0.182,0.22,0.0,1.5,1.17
1788372807.055,driving,11.403,3.304,58.8,3,6,7,11.375,3.475,15.1,0.173,0.173,0.22,0.0,1.5,1.15
1788372807.117,driving,11.409,3.308,58.6,3,6,7,11.375,3.475,15.9,0.17,0.17,0.22,0.0,1.5,1.15
1788372807.175,turning,11.418,3.319,58.6,3,6,7,11.375,3.475,16.7,0.161,0.161,0.0,2.4,1.5,1.12
1788372807.229,turning,11.422,3.326,58.6,3,6,7,11.375,3.475,17.5,0.156,0.156,0.0,2.4,1.5,1.12
1788372807.286,turning,11.422,3.327,60.1,3,6,7,11.375,3.475,16.8,0.156,0.156,0.0,2.4,1.5,1.11
1788372807.34,turning,11.422,3.327,60.9,3,6,7,11.375,3.475,16.7,0.156,0.156,0.0,2.4,1.5,1.11
1788372807.399,turning,11.422,3.327,62.5,0,3,4,11.375,3.475,15.8,0.156,0.156,0.0,2.4,1.5,1.11
1788372807.455,turning,11.422,3.327,63.4,0,3,4,11.375,3.475,15.7,0.156,0.156,0.0,2.4,1.5,1.11
1788372807.511,turning,11.422,3.327,65.0,0,3,4,11.375,3.475,14.8,0.156,0.156,0.0,2.4,1.5,1.11
1788372807.566,turning,11.422,3.327,65.8,0,3,4,11.375,3.475,14.7,0.156,0.156,0.0,2.4,1.5,1.11
1788372807.623,turning,11.422,3.327,66.6,0,3,4,11.375,3.475,14.5,0.156,0.156,0.0,2.4,1.5,1.11
1788372807.684,turning,11.422,3.327,68.3,0,3,4,11.375,3.475,13.6,0.156,0.156,0.0,2.4,1.5,1.11
1788372807.748,turning,11.424,3.33,69.1,0,3,4,11.375,3.475,13.4,0.154,0.154,0.0,2.4,1.5,1.11
1788372809.324,turning,11.429,3.349,76.8,0,30,131,9.925,3.625,92.8,1.529,3.529,0.0,4.5,1.5,1.12
1788372809.389,turning,11.429,3.349,76.8,0,30,131,9.925,3.625,92.8,1.529,3.529,0.0,4.5,1.5,1.12
1788372809.451,turning,11.429,3.349,80.7,0,30,131,9.925,3.625,88.9,1.529,3.529,0.0,4.5,1.5,1.12
1788372809.507,turning,11.429,3.351,80.7,0,30,131,9.925,3.625,88.9,1.529,3.527,0.0,4.5,1.5,1.12
1788372809.564,turning,11.43,3.355,80.7,0,30,131,9.925,3.625,88.9,1.529,3.523,0.0,4.5,1.5,1.11
1788372809.617,turning,11.432,3.367,80.7,0,30,131,9.925,3.625,88.9,1.529,3.511,0.0,4.5,1.5,1.11
1788372809.673,turning,11.433,3.374,80.7,0,30,131,9.925,3.625,88.9,1.528,3.504,0.0,4.5,1.5,1.1
1788372809.725,turning,11.435,3.387,80.7,0,30,131,9.925,3.625,89.0,1.529,3.491,0.0,4.5,1.5,1.1
1788372809.78,turning,11.436,3.394,80.7,0,30,131,9.925,3.625,89.0,1.529,3.484,0.0,4.5,1.5,1.08
1788372809.832,turning,11.438,3.407,80.7,0,30,131,9.925,3.625,89.1,1.529,3.47,0.0,4.5,1.5,1.08
1788372809.887,turning,11.439,3.414,80.7,0,30,131,9.925,3.625,89.1,1.529,3.464,0.0,4.5,1.5,1.06
1788372809.94,turning,11.441,3.427,80.7,0,30,131,9.925,3.625,89.2,1.529,3.45,0.0,4.5,1.5,1.06
1788372809.999,turning,11.445,3.434,80.8,0,30,131,9.925,3.625,89.2,1.532,3.444,0.0,4.5,1.5,1.04
1788372810.06,turning,11.453,3.446,81.1,0,30,131,9.925,3.625,89.0,1.538,3.432,0.0,4.5,1.5,1.04
1788372810.122,turning,11.454,3.452,81.1,0,30,131,9.925,3.625,89.0,1.539,3.425,0.0,4.5,1.5,1.02
1788372810.184,turning,11.457,3.466,81.1,0,30,131,9.925,3.625,89.1,1.54,3.411,0.0,4.5,1.5,1.02
1788372810.251,turning,11.458,3.472,81.1,0,30,131,9.925,3.625,89.2,1.54,3.405,0.0,4.5,1.5,1.0
1788372810.313,turning,11.46,3.486,81.1,0,30,131,9.925,3.625,89.3,1.541,3.391,0.0,4.5,1.5,1.0
1788372810.374,turning,11.461,3.493,81.1,0,30,132,9.975,3.689,89.4,1.498,3.384,0.0,4.5,1.5,0.98
1788372810.43,turning,11.463,3.506,81.1,0,30,132,9.975,3.689,89.4,1.499,3.371,0.0,4.5,1.5,0.98
1788372810.49,turning,11.464,3.513,81.1,0,30,132,9.975,3.689,89.5,1.499,3.364,0.0,4.5,1.5,0.96
1788372810.544,turning,11.465,3.519,81.1,0,30,132,9.975,3.689,89.6,1.499,3.357,0.0,4.5,1.5,0.96
1788372810.6,turning,11.467,3.533,81.1,1,31,132,9.925,3.692,89.6,1.55,3.344,0.0,4.5,1.5,0.94
1788372810.653,turning,11.468,3.54,81.1,1,31,132,9.925,3.692,89.7,1.55,3.337,0.0,4.5,1.5,0.94
1788372810.714,turning,11.47,3.546,81.1,1,31,132,9.925,3.692,89.9,1.552,3.331,0.0,4.5,1.5,0.92
1788372810.789,turning,11.472,3.546,81.0,1,31,132,9.925,3.692,90.0,1.553,3.331,0.0,4.5,1.5,0.92
1788372810.874,turning,11.474,3.553,81.0,1,31,132,9.925,3.692,90.2,1.555,3.324,0.0,4.5,1.5,0.9
1788372810.946,turning,11.475,3.56,81.0,1,31,132,9.925,3.692,90.3,1.555,3.317,0.0,4.5,1.5,0.9
1788372811.022,turning,11.477,3.573,81.0,1,31,132,9.925,3.692,90.4,1.556,3.303,0.0,4.5,1.5,0.88
1788372811.085,turning,11.478,3.58,81.0,1,31,132,9.925,3.692,90.5,1.557,3.297,0.0,4.5,1.5,0.88
1788372811.143,turning,11.48,3.593,81.0,1,31,132,9.925,3.692,90.6,1.558,3.283,0.0,4.5,1.5,0.86
1788372811.199,turning,11.481,3.6,81.0,1,31,132,9.925,3.692,90.7,1.559,3.276,0.0,4.5,1.5,0.86
1788372811.256,turning,11.484,3.613,81.0,1,31,132,9.925,3.692,90.9,1.56,3.263,0.0,4.5,1.5,0.83
1788372811.314,turning,11.485,3.62,81.0,1,31,132,9.925,3.692,91.0,1.561,3.256,0.0,4.5,1.5,0.83
1788372811.372,turning,11.487,3.634,81.0,0,30,131,9.977,3.696,91.1,1.511,3.243,0.0,4.5,1.5,0.82
1788372811.428,turning,11.488,3.64,81.1,0,30,131,9.977,3.696,91.2,1.512,3.236,0.0,4.5,1.5,0.82
1788372811.49,turning,11.489,3.646,81.5,0,30,131,9.977,3.696,90.9,1.513,3.23,0.0,4.5,1.5,0.8
1788372811.55,turning,11.49,3.649,81.8,0,30,131,9.977,3.696,90.7,1.514,3.227,0.0,4.5,1.5,0.8
1788372811.612,turning,11.49,3.65,82.3,0,30,131,9.977,3.696,90.4,1.514,3.226,0.0,4.5,1.5,0.8
1788372811.676,turning,11.49,3.65,83.3,0,30,131,9.977,3.696,89.5,1.514,3.226,0.0,4.5,1.5,0.8
1788372811.744,turning,11.49,3.65,83.8,0,30,131,9.977,3.696,89.1,1.514,3.226,0.0,4.49,1.5,0.8
1788372811.814,turning,11.49,3.65,84.8,0,30,131,9.977,3.696,88.3,1.514,3.226,0.0,4.438,1.5,0.8
1788372811.88,turning,11.49,3.65,85.3,0,30,131,9.977,3.696,87.9,1.514,3.226,0.0,4.413,1.5,0.8
1788372811.937,turning,11.49,3.65,86.2,0,30,131,9.977,3.696,87.2,1.514,3.226,0.0,4.367,1.5,0.8
1788372811.998,turning,11.49,3.65,86.6,0,30,131,9.977,3.696,86.8,1.514,3.226,0.0,4.345,1.5,0.8
1788372812.056,turning,11.49,3.65,87.4,0,30,131,9.977,3.696,86.2,1.514,3.226,0.0,4.304,1.5,0.8
1788372812.114,turning,11.49,3.65,87.8,0,30,131,9.977,3.696,85.9,1.514,3.226,0.0,4.284,1.5,0.8
1788372812.167,turning,11.49,3.65,88.5,0,30,131,9.977,3.696,85.3,1.514,3.226,0.0,4.248,1.5,0.8
1788372812.223,turning,11.49,3.65,88.8,0,30,131,9.977,3.696,85.1,1.514,3.226,0.0,4.23,1.5,0.8
1788372812.277,turning,11.49,3.65,89.4,0,30,131,9.977,3.696,84.6,1.514,3.226,0.0,4.198,1.5,0.8
1788372812.335,turning,11.49,3.65,89.7,0,30,131,9.977,3.696,84.4,1.514,3.226,0.0,4.183,1.5,0.8
1788372812.393,turning,11.49,3.65,90.2,0,30,131,9.975,3.64,84.0,1.515,3.226,0.0,4.154,1.5,0.8
1788372812.45,turning,11.49,3.65,90.5,0,30,131,9.975,3.64,83.9,1.515,3.226,0.0,4.14,1.5,0.8
1788372812.511,turning,11.49,3.65,91.0,0,30,131,9.975,3.64,83.6,1.515,3.226,0.0,4.115,1.5,0.8
1788372812.572,turning,11.496,3.647,91.1,0,30,131,9.975,3.64,83.6,1.521,3.229,0.0,4.11,1.5,0.8
1788372812.628,turning,11.502,3.644,91.2,0,30,131,9.975,3.64,83.7,1.527,3.232,0.0,4.106,1.5,0.8
1788372812.684,turning,11.508,3.641,91.5,0,30,131,9.975,3.64,83.5,1.533,3.234,0.0,4.091,1.5,0.8
1788372812.734,turning,11.508,3.641,91.7,0,30,131,9.975,3.64,83.4,1.533,3.234,0.0,4.079,1.5,0.8
1788372812.79,turning,11.508,3.642,92.1,0,30,131,9.975,3.64,83.1,1.533,3.234,0.0,4.057,1.5,0.8
1788372812.843,turning,11.508,3.644,92.3,0,30,131,9.975,3.64,83.0,1.533,3.232,0.0,4.046,1.5,0.8
1788372812.899,turning,11.508,3.649,92.7,0,30,131,9.975,3.64,82.7,1.532,3.227,0.0,4.023,1.5,0.8
1788372812.954,turning,11.508,3.649,93.0,0,30,131,9.975,3.64,82.6,1.532,3.227,0.0,4.012,1.5,0.8
1788372813.015,turning,11.508,3.649,93.5,0,30,131,9.975,3.64,82.2,1.532,3.227,0.0,3.983,1.5,0.79
1788372813.072,turning,11.508,3.649,93.8,0,30,131,9.975,3.64,82.0,1.532,3.227,0.0,3.968,1.5,0.79
1788372813.134,turning,11.508,3.649,94.3,0,30,131,9.975,3.64,81.6,1.532,3.227,0.0,3.941,1.5,0.79
1788372813.192,turning,11.508,3.649,94.6,0,30,131,9.975,3.64,81.5,1.532,3.227,0.0,3.928,1.5,0.79
1788372813.261,turning,11.508,3.649,95.0,0,30,131,9.975,3.64,81.1,1.532,3.227,0.0,3.905,1.5,0.79
1788372813.324,turning,11.508,3.649,95.2,0,30,131,9.975,3.64,81.0,1.532,3.227,0.0,3.893,1.5,0.79
1788372813.392,turning,11.508,3.652,95.6,0,30,131,9.975,3.64,80.7,1.532,3.224,0.0,3.872,1.5,0.79
1788372813.46,turning,11.507,3.656,95.8,0,30,132,10.025,3.708,80.6,1.483,3.22,0.0,3.861,1.5,0.79
1788372813.519,turning,11.508,3.657,96.6,0,30,132,10.025,3.708,79.8,1.483,3.219,0.0,3.819,1.5,0.79
1788372813.576,turning,11.508,3.657,97.1,0,30,132,10.025,3.708,79.3,1.484,3.219,0.0,3.793,1.5,0.79
1788372813.636,turning,11.508,3.657,97.5,0,30,132,10.025,3.708,79.0,1.484,3.219,0.0,3.773,1.5,0.79
1788372813.695,turning,11.508,3.657,98.0,0,30,132,10.025,3.708,78.5,1.484,3.219,0.0,3.746,1.5,0.79
1788372813.756,turning,11.508,3.657,98.3,0,30,132,10.025,3.708,78.3,1.484,3.219,0.0,3.733,1.5,0.79
1788372813.812,turning,11.508,3.657,98.7,0,30,132,10.025,3.708,77.9,1.484,3.219,0.0,3.71,1.5,0.79
1788372813.872,turning,11.508,3.659,98.9,0,30,132,10.025,3.708,77.7,1.483,3.217,0.0,3.699,1.5,0.78
1788372813.927,turning,11.507,3.664,99.4,0,30,132,10.025,3.708,77.3,1.483,3.212,0.0,3.677,1.5,0.78
1788372813.989,turning,11.507,3.664,99.6,0,30,132,10.025,3.708,77.1,1.483,3.212,0.0,3.665,1.5,0.78
1788372814.057,turning,11.507,3.664,100.2,0,30,132,10.025,3.708,76.6,1.483,3.212,0.0,3.636,1.5,0.78
1788372814.126,turning,11.507,3.664,100.4,0,30,132,10.025,3.708,76.4,1.483,3.212,0.0,3.621,1.5,0.78
1788372814.195,turning,11.507,3.664,101.0,0,30,132,10.025,3.708,75.9,1.483,3.212,0.0,3.593,1.5,0.78
1788372814.272,turning,11.507,3.664,101.2,0,30,132,10.025,3.708,75.7,1.483,3.212,0.0,3.58,1.5,0.78
1788372814.344,turning,11.507,3.664,101.7,0,30,132,10.025,3.708,75.3,1.483,3.212,0.0,3.556,1.5,0.78
1788372814.409,turning,11.507,3.664,101.9,0,30,132,10.025,3.708,75.1,1.483,3.212,0.0,3.545,1.5,0.78
1788372814.474,turning,11.507,3.667,102.3,0,30,133,10.025,3.708,74.7,1.482,3.209,0.0,3.523,1.5,0.78
1788372814.533,turning,11.506,3.671,102.5,0,30,133,10.025,3.708,74.5,1.481,3.205,0.0,3.513,1.5,0.78
1788372814.598,turning,11.505,3.672,103.0,0,30,133,10.025,3.708,74.1,1.481,3.204,0.0,3.486,1.5,0.78
1788372814.666,turning,11.502,3.678,103.6,0,30,133,10.025,3.708,73.5,1.477,3.198,0.0,3.454,1.5,0.77
1788372814.728,turning,11.499,3.684,104.2,1,31,133,9.975,3.709,72.9,1.524,3.192,0.0,3.422,1.5,0.77
1788372814.791,turning,11.495,3.69,105.3,1,31,133,9.975,3.709,71.9,1.519,3.186,0.0,3.367,1.5,0.77
1788372814.855,turning,11.495,3.69,105.7,1,31,133,9.975,3.709,71.6,1.519,3.186,0.0,3.345,1.5,0.77
1788372814.926,turning,11.495,3.69,106.7,1,31,133,9.975,3.709,70.6,1.519,3.186,0.0,3.292,1.5,0.77
1788372814.992,turning,11.495,3.69,107.2,1,31,133,9.975,3.709,70.1,1.519,3.186,0.0,3.265,1.5,0.77
1788372815.061,turning,11.495,3.69,108.2,1,31,133,9.975,3.709,69.2,1.519,3.186,0.0,3.216,1.5,0.77
1788372815.117,turning,11.495,3.69,108.6,1,31,133,9.975,3.709,68.8,1.519,3.186,0.0,3.192,1.5,0.77
1788372815.176,turning,11.495,3.69,109.5,1,31,133,9.975,3.709,68.0,1.519,3.186,0.0,3.148,1.5,0.77
1788372815.232,turning,11.495,3.69,109.9,1,31,133,9.975,3.709,67.7,1.519,3.186,0.0,3.127,1.5,0.77
1788372815.295,turning,11.495,3.69,110.6,1,31,133,9.975,3.709,67.0,1.519,3.186,0.0,3.088,1.5,0.77
1788372815.352,turning,11.495,3.69,111.0,1,31,133,9.975,3.709,66.7,1.519,3.186,0.0,3.069,1.5,0.77
1788372815.409,turning,11.495,3.69,111.6,1,31,133,9.975,3.709,66.0,1.519,3.186,0.0,3.035,1.5,0.77
1788372815.465,turning,11.495,3.69,112.0,0,30,132,9.975,3.64,65.8,1.52,3.186,0.0,3.018,1.5,0.77
1788372815.518,turning,11.504,3.695,112.2,0,30,132,9.975,3.64,65.7,1.529,3.181,0.0,3.005,1.5,0.77
1788372815.571,turning,11.51,3.698,112.2,0,30,132,9.975,3.64,65.7,1.536,3.178,0.0,3.003,1.5,0.77
1788372815.628,turning,11.513,3.7,112.9,0,30,132,9.975,3.64,65.2,1.539,3.175,0.0,2.968,1.5,0.77
1788372815.69,turning,11.513,3.7,113.4,0,30,132,9.975,3.64,64.8,1.539,3.175,0.0,2.944,1.5,0.77
1788372815.69,turning,11.513,3.7,113.4,0,30,132,9.975,3.64,64.9,1.539,3.175,0.0,2.944,1.5,0.77
1788372815.818,turning,11.513,3.7,114.8,0,30,132,9.975,3.64,63.6,1.539,3.175,0.0,2.871,1.5,0.77
1788372815.881,turning,11.513,3.7,115.2,0,30,132,9.975,3.64,63.3,1.539,3.175,0.0,2.848,1.5,0.77
1788372815.935,turning,11.513,3.7,116.0,0,30,132,9.975,3.64,62.6,1.539,3.175,0.0,2.805,1.5,0.77
1788372815.992,turning,11.513,3.7,116.4,0,30,132,9.975,3.64,62.3,1.539,3.175,0.0,2.785,1.5,0.77
1788372816.047,turning,11.513,3.7,117.1,0,30,132,9.975,3.64,61.6,1.539,3.175,0.0,2.747,1.5,0.77
1788372816.109,turning,11.513,3.7,117.5,0,30,132,9.975,3.64,61.4,1.539,3.175,0.0,2.729,1.5,0.77
1788372816.166,turning,11.513,3.7,118.1,0,30,132,9.975,3.64,60.8,1.539,3.175,0.0,2.695,1.5,0.77
1788372816.22,turning,11.518,3.695,118.3,0,30,132,9.975,3.64,60.7,1.543,3.181,0.0,2.687,1.5,0.77
1788372816.274,turning,11.529,3.68,118.3,0,30,132,9.975,3.64,60.7,1.554,3.196,0.0,2.683,1.5,0.77
1788372816.333,turning,11.529,3.68,118.5,0,30,132,9.975,3.64,60.6,1.554,3.195,0.0,2.676,1.5,0.77
1788372816.395,turning,11.524,3.689,118.5,0,30,132,9.975,3.64,60.7,1.549,3.186,0.0,2.673,1.5,0.77
1788372816.466,turning,11.521,3.695,118.5,0,30,132,9.975,3.64,60.7,1.546,3.181,0.0,2.673,1.5,0.76
1788372816.547,turning,11.514,3.707,118.8,0,30,133,10.025,3.642,60.6,1.49,3.169,0.0,2.661,1.5,0.76
1788372816.619,turning,11.511,3.713,119.0,0,30,133,10.025,3.642,60.5,1.487,3.163,0.0,2.651,1.5,0.81
1788372816.684,turning,11.51,3.714,119.5,0,30,133,10.025,3.642,60.1,1.487,3.162,0.0,2.625,1.5,0.81
1788372816.744,turning,11.51,3.714,119.7,0,30,133,10.025,3.642,59.9,1.487,3.162,0.0,2.612,1.5,0.86
1788372816.801,turning,11.51,3.714,119.9,0,30,133,10.025,3.642,59.7,1.487,3.162,0.0,2.599,1.5,0.86
1788372816.866,turning,11.51,3.714,120.4,0,30,133,10.025,3.642,59.3,1.487,3.162,0.0,2.576,1.5,0.87
1788372816.929,turning,11.51,3.714,120.6,0,30,133,10.025,3.642,59.2,1.487,3.162,0.0,2.564,1.5,0.87
1788372816.991,turning,11.509,3.716,121.0,0,30,133,10.025,3.642,58.9,1.485,3.159,0.0,2.543,1.5,0.87
1788372817.048,turning,11.507,3.72,121.2,0,30,133,10.025,3.642,58.8,1.483,3.156,0.0,2.533,1.5,0.87
1788372817.103,turning,11.503,3.73,121.1,0,30,133,10.025,3.642,59.0,1.48,3.145,0.0,2.539,1.5,0.86
1788372817.16,turning,11.502,3.736,120.8,0,30,133,10.025,3.642,59.3,1.479,3.14,0.0,2.552,1.5,0.86
1788372817.217,turning,11.496,3.747,120.9,1,31,133,9.975,3.641,59.4,1.524,3.129,0.0,2.551,1.5,0.84
1788372817.273,turning,11.492,3.753,121.0,1,31,133,9.975,3.641,59.3,1.521,3.123,0.0,2.542,1.5,0.84
1788372817.334,turning,11.485,3.765,121.4,1,31,133,9.975,3.641,59.0,1.515,3.111,0.0,2.523,1.5,0.82
1788372817.401,turning,11.482,3.771,121.6,1,31,133,9.975,3.641,59.0,1.512,3.106,0.0,2.513,1.5,0.82
1788372817.46,turning,11.475,3.782,121.9,1,31,133,9.975,3.641,58.8,1.506,3.094,0.0,2.496,1.5,0.8
1788372817.522,turning,11.471,3.788,122.1,0,30,131,9.975,3.625,58.7,1.505,3.089,0.0,2.488,1.5,0.8
1788372817.579,turning,11.47,3.789,119.3,0,30,131,9.975,3.625,61.7,1.504,3.087,0.0,2.633,1.5,0.78
1788372817.637,turning,11.47,3.789,117.7,0,30,131,9.975,3.625,63.4,1.504,3.087,0.0,2.717,1.5,0.78
1788372817.694,turning,11.47,3.789,114.6,0,30,131,9.975,3.625,66.6,1.504,3.087,0.0,2.879,1.5,0.78
1788372817.75,turning,11.47,3.789,113.1,0,30,131,9.975,3.625,68.2,1.504,3.087,0.0,2.956,1.5,0.78
1788372817.808,turning,11.47,3.789,112.0,0,30,131,9.975,3.625,69.5,1.504,3.087,0.0,3.017,1.5,0.78
1788372817.865,turning,11.47,3.789,110.0,0,30,131,9.975,3.625,71.6,1.504,3.087,0.0,3.12,1.5,0.78
1788372817.922,turning,11.47,3.789,109.0,0,30,131,9.975,3.625,72.7,1.504,3.087,0.0,3.171,1.5,0.67
1788372817.978,turning,11.47,3.789,107.1,0,30,131,9.975,3.625,74.7,1.504,3.087,0.0,3.274,1.5,0.67
1788372818.035,turning,11.47,3.789,106.1,0,30,131,9.975,3.625,75.8,1.504,3.087,0.0,3.325,1.5,0.67
1788372818.094,turning,11.47,3.789,104.1,0,30,131,9.975,3.625,77.9,1.504,3.087,0.0,3.428,1.5,0.67
1788372818.154,turning,11.47,3.789,103.1,0,30,131,9.975,3.625,79.0,1.504,3.087,0.0,3.48,1.5,0.67
1788372818.211,turning,11.47,3.789,101.2,0,30,131,9.975,3.625,81.1,1.504,3.087,0.0,3.582,1.5,0.67
1788372818.27,turning,11.47,3.789,100.2,0,30,131,9.975,3.625,82.1,1.504,3.087,0.0,3.634,1.5,0.66
1788372818.327,turning,11.47,3.789,98.2,0,30,131,9.975,3.625,84.2,1.504,3.087,0.0,3.737,1.5,0.66
1788372818.383,turning,11.473,3.79,97.1,0,30,131,9.975,3.625,85.4,1.507,3.086,0.0,3.796,1.5,0.66
1788372818.434,turning,11.478,3.793,94.7,0,30,131,9.975,3.625,87.9,1.513,3.083,0.0,3.921,1.5,0.66
1788372818.49,turning,11.479,3.793,93.7,0,30,131,9.975,3.625,89.0,1.513,3.083,0.0,3.974,1.5,0.66
1788372818.544,turning,11.479,3.793,91.7,0,30,131,9.975,3.686,91.0,1.507,3.083,0.0,4.077,1.5,0.66
1788372818.601,turning,11.475,3.798,90.9,0,30,131,9.975,3.686,91.9,1.504,3.078,0.0,4.119,1.5,0.66
1788372818.652,turning,11.466,3.81,91.1,0,30,131,9.975,3.686,91.7,1.496,3.067,0.0,4.11,1.5,0.66
1788372818.704,turning,11.465,3.81,91.1,0,30,131,9.975,3.686,91.8,1.495,3.067,0.0,4.11,1.5,0.66
1788372818.757,turning,11.465,3.81,91.1,0,30,131,9.975,3.686,91.8,1.495,3.067,0.0,4.11,1.5,0.66
1788372818.812,turning,11.465,3.807,90.9,0,30,131,9.975,3.686,92.1,1.494,3.07,0.0,4.121,1.5,0.66
1788372818.873,turning,11.464,3.798,90.7,0,30,131,9.975,3.686,92.3,1.492,3.079,0.0,4.131,1.5,0.66
1788372818.934,turning,11.463,3.779,90.5,0,30,131,9.975,3.686,92.5,1.49,3.099,0.0,4.142,1.5,0.67
1788372818.997,turning,11.463,3.77,90.5,0,30,131,9.975,3.686,92.5,1.49,3.107,0.0,4.142,1.5,0.67
1788372819.055,turning,11.463,3.744,90.9,0,30,131,9.975,3.686,92.1,1.489,3.133,0.0,4.121,1.5,0.69
1788372819.106,turning,11.463,3.727,91.2,0,30,131,9.975,3.686,91.7,1.488,3.15,0.0,4.103,1.5,0.69
1788372819.159,turning,11.463,3.703,91.5,1,31,131,9.925,3.689,91.4,1.538,3.174,0.0,4.087,1.5,0.72
1788372819.212,turning,11.463,3.695,91.5,1,31,131,9.925,3.689,91.3,1.538,3.182,0.0,4.087,1.5,0.72
1788372819.267,turning,11.464,3.678,91.5,1,31,131,9.925,3.689,91.2,1.539,3.199,0.0,4.087,1.5,0.74
1788372819.325,turning,11.464,3.669,91.5,1,31,131,9.925,3.689,91.1,1.539,3.208,0.0,4.087,1.5,0.74
1788372819.384,turning,11.465,3.652,91.5,1,31,131,9.925,3.689,91.0,1.54,3.225,0.0,4.087,1.5,0.76
1788372819.437,turning,11.465,3.644,91.5,1,31,131,9.925,3.689,90.9,1.54,3.233,0.0,4.087,1.5,0.76
1788372819.49,turning,11.465,3.627,91.5,1,31,131,9.925,3.689,90.8,1.541,3.25,0.0,4.087,1.5,0.79
1788372819.546,turning,11.466,3.618,91.5,0,30,129,9.979,3.74,90.7,1.491,3.259,0.0,4.087,1.5,0.79
1788372819.602,turning,11.466,3.601,91.5,0,30,129,9.979,3.74,90.5,1.493,3.276,0.0,4.087,1.5,0.81
1788372819.666,turning,11.466,3.593,91.5,0,30,129,9.979,3.74,90.3,1.494,3.284,0.0,4.087,1.5,0.81
1788372819.73,turning,11.466,3.584,91.5,0,30,129,9.979,3.74,90.1,1.495,3.293,0.0,4.087,1.5,0.84
1788372819.792,turning,11.467,3.567,91.5,0,30,129,9.979,3.74,89.9,1.497,3.31,0.0,4.087,1.5,0.84
1788372819.851,turning,11.467,3.558,91.7,0,30,129,9.979,3.74,89.5,1.499,3.319,0.0,4.078,1.5,0.86
1788372819.908,turning,11.468,3.539,92.4,0,30,129,9.979,3.74,88.6,1.502,3.338,0.0,4.041,1.5,0.86
1788372819.965,turning,11.468,3.53,92.6,0,30,129,9.979,3.74,88.2,1.503,3.346,0.0,4.034,1.5,0.88
1788372820.02,turning,11.468,3.513,92.6,0,30,129,9.979,3.74,88.0,1.506,3.363,0.0,4.034,1.5,0.88
1788372820.075,turning,11.469,3.505,92.6,0,30,129,9.979,3.74,87.7,1.508,3.372,0.0,4.034,1.5,0.91
1788372820.134,turning,11.47,3.488,92.6,0,30,129,9.979,3.74,87.5,1.511,3.388,0.0,4.034,1.5,0.91
1788372820.192,turning,11.47,3.482,92.6,0,30,129,9.979,3.74,87.2,1.513,3.394,0.0,4.034,1.5,0.93
1788372820.244,turning,11.47,3.475,92.6,0,30,129,9.979,3.74,87.0,1.514,3.401,0.0,4.034,1.5,0.93
1788372820.299,turning,11.47,3.474,92.6,0,30,129,9.979,3.74,86.8,1.514,3.402,0.0,4.034,1.5,0.94
1788372820.357,turning,11.47,3.478,92.6,0,30,129,9.979,3.74,86.5,1.514,3.399,0.0,4.034,1.5,0.94
1788372820.419,turning,11.47,3.486,92.7,0,30,129,9.979,3.74,86.2,1.512,3.391,0.0,4.026,1.5,0.94
1788372820.484,turning,11.47,3.507,93.0,0,30,129,9.979,3.74,85.6,1.509,3.369,0.0,4.008,1.5,0.94
1788372820.547,turning,11.47,3.515,93.1,0,30,129,9.979,3.74,85.4,1.508,3.362,0.0,4.007,1.5,0.92
1788372820.609,turning,11.469,3.528,93.1,0,30,129,9.975,3.687,85.3,1.502,3.349,0.0,4.007,1.5,0.92
1788372820.666,turning,11.469,3.535,93.1,0,30,129,9.975,3.687,85.2,1.501,3.342,0.0,4.007,1.5,0.9
1788372820.72,turning,11.469,3.542,93.1,0,30,129,9.975,3.687,85.1,1.5,3.335,0.0,4.007,1.5,0.9
1788372820.777,turning,11.468,3.555,93.1,0,30,129,9.975,3.687,85.0,1.498,3.321,0.0,4.007,1.5,0.88
1788372820.827,turning,11.468,3.562,93.1,0,30,129,9.975,3.687,85.0,1.497,3.315,0.0,4.007,1.5,0.88
1788372820.881,turning,11.467,3.576,93.1,0,30,129,9.975,3.687,84.9,1.496,3.301,0.0,4.007,1.5,0.86
1788372820.942,turning,11.467,3.582,93.1,0,30,129,9.975,3.687,84.9,1.495,3.294,0.0,4.007,1.5,0.86
1788372821.005,turning,11.466,3.596,93.1,1,31,129,9.925,3.69,84.8,1.543,3.281,0.0,4.007,1.5,0.85
1788372821.071,turning,11.465,3.603,93.1,1,31,129,9.925,3.69,84.8,1.542,3.274,0.0,4.007,1.5,0.85
1788372821.145,turning,11.465,3.616,93.1,1,31,129,9.925,3.69,84.8,1.541,3.26,0.0,4.007,1.5,0.83
1788372821.21,turning,11.464,3.623,93.1,1,31,129,9.925,3.69,84.8,1.54,3.254,0.0,4.007,1.5,0.83
1788372821.28,turning,11.464,3.637,93.1,1,31,129,9.925,3.69,84.8,1.539,3.24,0.0,4.007,1.5,0.81
1788372821.353,turning,11.463,3.644,93.1,1,31,129,9.925,3.69,84.8,1.538,3.233,0.0,4.007,1.5,0.81
1788372821.42,turning,11.463,3.645,91.3,1,31,129,9.925,3.69,86.6,1.538,3.232,0.0,4.099,1.5,0.79
1788372821.475,turning,11.463,3.645,90.3,1,31,129,9.925,3.69,87.6,1.538,3.232,0.0,4.151,1.5,0.79
1788372821.528,turning,11.463,3.645,90.0,1,31,129,9.925,3.69,87.9,1.538,3.232,0.0,4.167,1.5,0.79
1788372821.581,turning,11.463,3.645,90.0,1,31,129,9.925,3.69,87.9,1.538,3.232,0.0,4.167,1.5,0.79
1788372821.638,turning,11.463,3.645,90.0,0,30,131,9.977,3.7,87.9,1.487,3.232,0.0,4.167,1.5,0.79
1788372821.693,turning,11.463,3.645,90.0,0,30,131,9.977,3.7,87.9,1.487,3.232,0.0,4.167,1.5,0.79
1788372821.748,turning,11.463,3.639,90.0,0,30,131,9.977,3.7,87.9,1.488,3.238,0.0,4.167,1.5,0.79
1788372821.805,turning,11.463,3.622,90.0,0,30,131,9.977,3.7,87.9,1.488,3.255,0.0,4.167,1.5,0.79
1788372821.858,turning,11.463,3.614,90.0,0,30,131,9.977,3.7,87.8,1.489,3.263,0.0,4.167,1.5,0.81
1788372821.911,turning,11.463,3.597,90.0,0,30,131,9.977,3.7,87.8,1.49,3.28,0.0,4.167,1.5,0.81
1788372821.974,turning,11.463,3.588,90.0,0,30,131,9.977,3.7,87.8,1.49,3.289,0.0,4.167,1.5,0.83
1788372822.037,turning,11.463,3.571,90.0,0,30,131,9.977,3.7,87.7,1.492,3.306,0.0,4.167,1.5,0.83
1788372822.1,turning,11.463,3.563,90.0,0,30,131,9.977,3.7,87.6,1.493,3.314,0.0,4.167,1.5,0.86
1788372822.167,turning,11.463,3.546,90.0,0,30,131,9.977,3.7,87.5,1.494,3.331,0.0,4.167,1.5,0.86
1788372822.225,turning,11.463,3.537,90.0,0,30,131,9.977,3.7,87.4,1.495,3.34,0.0,4.167,1.5,0.88
1788372822.28,turning,11.463,3.52,90.0,0,30,131,9.977,3.7,87.3,1.497,3.357,0.0,4.167,1.5,0.88
1788372822.339,turning,11.463,3.512,90.0,0,30,131,9.977,3.7,87.2,1.498,3.365,0.0,4.167,1.5,0.91
1788372822.398,turning,11.463,3.495,90.0,0,30,131,9.977,3.7,87.1,1.5,3.382,0.0,4.167,1.5,0.91
1788372822.464,turning,11.463,3.486,90.0,0,30,131,9.977,3.7,87.0,1.502,3.391,0.0,4.167,1.5,0.93
1788372822.526,turning,11.463,3.469,90.0,0,30,131,9.977,3.7,86.8,1.504,3.408,0.0,4.167,1.5,0.93
1788372822.585,turning,11.463,3.461,90.0,0,30,131,9.977,3.7,86.7,1.505,3.416,0.0,4.167,1.5,0.96
1788372822.646,turning,11.463,3.444,90.0,0,30,131,9.975,3.699,86.5,1.509,3.433,0.0,4.167,1.5,0.96
1788372822.705,turning,11.463,3.435,90.0,0,30,131,9.975,3.699,86.3,1.511,3.442,0.0,4.167,1.5,0.98
1788372822.769,turning,11.463,3.427,90.0,0,30,131,9.975,3.699,86.2,1.512,3.45,0.0,4.167,1.5,0.98
1788372822.842,turning,11.463,3.41,90.0,0,30,131,9.975,3.699,86.0,1.516,3.467,0.0,4.167,1.5,1.0
1788372822.911,turning,11.463,3.401,90.0,0,30,131,9.975,3.699,85.8,1.517,3.476,0.0,4.167,1.5,1.0
1788372822.988,turning,11.463,3.384,90.0,0,30,131,9.975,3.699,85.6,1.521,3.493,0.0,4.167,1.5,1.03
1788372823.048,turning,11.463,3.376,90.0,0,30,131,9.975,3.699,85.4,1.522,3.501,0.0,4.167,1.5,1.03
1788372823.102,turning,11.463,3.359,90.0,0,30,131,9.975,3.699,85.2,1.526,3.518,0.0,4.167,1.5,1.05
1788372823.156,turning,11.463,3.35,90.0,0,30,131,9.975,3.699,85.0,1.528,3.527,0.0,4.167,1.5,1.05
1788372823.209,turning,11.463,3.335,89.8,0,30,131,9.975,3.699,85.0,1.531,3.541,0.0,4.177,1.5,1.08
1788372823.263,turning,11.463,3.329,89.6,0,30,131,9.975,3.699,84.9,1.533,3.548,0.0,4.186,1.5,1.08
1788372823.32,turning,11.462,3.316,89.5,0,30,131,9.975,3.699,84.8,1.535,3.561,0.0,4.192,1.5,1.1
1788372823.379,turning,11.462,3.311,89.5,0,30,131,9.975,3.699,84.6,1.536,3.566,0.0,4.192,1.5,1.1
1788372823.431,turning,11.462,3.307,89.5,0,30,131,9.975,3.699,84.4,1.537,3.57,0.0,4.192,1.5,1.12
1788372823.487,turning,11.462,3.308,89.5,0,30,131,9.975,3.699,84.2,1.537,3.569,0.0,4.192,1.5,1.12
1788372823.543,turning,11.462,3.314,89.5,0,30,131,9.975,3.699,84.0,1.536,3.563,0.0,4.192,1.5,1.12
1788372823.603,turning,11.462,3.32,89.5,0,30,131,9.975,3.699,83.8,1.534,3.557,0.0,4.192,1.5,1.12
1788372823.668,turning,11.462,3.333,89.5,0,30,130,10.004,3.619,83.7,1.486,3.543,0.0,4.192,1.5,1.1
1788372823.73,turning,11.462,3.34,89.5,0,30,130,10.004,3.619,83.6,1.485,3.537,0.0,4.192,1.5,1.1
1788372823.788,turning,11.462,3.344,89.5,0,30,130,10.004,3.619,83.5,1.483,3.533,0.0,4.191,1.5,1.08
1788372823.841,turning,11.459,3.344,89.6,0,30,130,10.004,3.619,83.3,1.481,3.533,0.0,4.187,1.5,1.08
1788372823.896,turning,11.459,3.348,89.6,0,30,130,10.004,3.619,83.2,1.48,3.529,0.0,4.186,1.5,1.06
1788372823.95,turning,11.459,3.361,89.6,0,30,130,10.004,3.619,83.1,1.478,3.516,0.0,4.186,1.5,1.06
1788372824.005,turning,11.459,3.368,89.6,0,30,130,10.004,3.619,83.1,1.476,3.509,0.0,4.186,1.5,1.04
1788372824.058,turning,11.459,3.382,89.6,1,31,130,9.955,3.629,83.0,1.524,3.495,0.0,4.186,1.5,1.04
1788372824.114,turning,11.459,3.389,89.6,1,31,130,9.955,3.629,83.0,1.523,3.488,0.0,4.186,1.5,1.02
1788372824.168,turning,11.459,3.402,89.6,1,31,130,9.955,3.629,82.9,1.521,3.475,0.0,4.186,1.5,1.02
1788372824.221,turning,11.459,3.409,89.6,1,31,130,9.955,3.629,82.9,1.52,3.468,0.0,4.186,1.5,1.0
1788372824.274,turning,11.459,3.423,89.6,1,31,130,9.955,3.629,82.9,1.518,3.454,0.0,4.186,1.5,1.0
1788372824.335,turning,11.459,3.429,89.6,1,31,130,9.955,3.629,82.9,1.518,3.448,0.0,4.186,1.5,0.98
1788372824.397,turning,11.46,3.437,89.6,1,31,130,9.955,3.629,82.9,1.517,3.44,0.0,4.186,1.5,0.98
1788372824.456,turning,11.46,3.437,89.6,1,31,130,9.955,3.629,82.9,1.517,3.44,0.0,4.186,1.5,0.97
1788372824.515,turning,11.46,3.437,89.6,1,31,130,9.955,3.629,82.9,1.517,3.44,0.0,4.186,1.5,0.97
1788372824.57,turning,11.46,3.437,89.6,1,31,130,9.955,3.629,82.9,1.517,3.44,0.0,4.186,1.5,0.97
1788372824.621,turning,11.46,3.437,89.6,1,31,130,9.955,3.629,82.9,1.517,3.44,0.0,4.186,1.5,0.97
1788372824.673,turning,11.46,3.437,89.6,0,30,130,9.992,3.648,82.9,1.483,3.44,0.0,4.186,1.5,0.97
1788372824.725,turning,11.46,3.437,89.6,0,30,130,9.992,3.648,82.9,1.483,3.44,0.0,4.186,1.5,0.97
1788372824.779,turning,11.458,3.449,89.1,0,30,130,9.992,3.648,83.5,1.48,3.428,0.0,4.217,1.5,0.97
1788372824.831,turning,11.456,3.462,88.5,0,30,130,9.992,3.648,84.1,1.476,3.415,0.0,4.248,1.5,0.97
1788372824.886,turning,11.453,3.473,87.9,1,31,130,9.942,3.655,84.6,1.522,3.404,0.0,4.277,1.5,0.97
1788372824.936,turning,11.453,3.473,87.9,1,31,130,9.942,3.655,84.6,1.522,3.404,0.0,4.277,1.5,0.97
1788372824.991,turning,11.453,3.473,90.2,1,31,130,9.942,3.655,82.4,1.522,3.404,0.0,4.156,1.5,0.97
1788372825.047,turning,11.453,3.473,93.2,1,31,130,9.942,3.655,79.4,1.522,3.404,0.0,3.998,1.5,0.97
1788372825.107,turning,11.453,3.473,98.8,1,31,130,9.942,3.655,73.8,1.522,3.404,0.0,3.704,1.5,0.97
1788372825.174,turning,11.453,3.473,101.5,1,31,130,9.942,3.655,71.1,1.522,3.404,0.0,3.564,1.5,0.97
1788372825.242,turning,11.453,3.473,106.2,1,31,130,9.942,3.655,66.4,1.522,3.404,0.0,3.319,1.5,0.98
1788372825.304,turning,11.453,3.473,108.4,1,31,130,9.942,3.655,64.3,1.522,3.404,0.0,3.205,1.5,0.98
1788372825.361,turning,11.453,3.473,112.1,1,31,130,9.942,3.655,60.5,1.522,3.404,0.0,3.008,1.5,0.98
1788372825.418,turning,11.453,3.473,113.9,1,31,130,9.942,3.655,58.8,1.522,3.404,0.0,2.916,1.5,0.98
1788372825.475,turning,11.453,3.473,116.9,1,31,130,9.942,3.655,55.7,1.522,3.404,0.0,2.757,1.5,0.98
1788372825.528,turning,11.453,3.473,118.4,1,31,130,9.942,3.655,54.3,1.522,3.404,0.0,2.682,1.5,0.98
1788372825.58,turning,11.454,3.472,121.1,1,31,130,9.942,3.655,51.6,1.523,3.405,0.0,2.538,1.5,1.05
1788372825.632,turning,11.455,3.472,122.5,1,31,130,9.942,3.655,50.2,1.523,3.405,0.0,2.467,1.5,1.05
1788372825.688,turning,11.456,3.473,123.6,1,31,130,9.942,3.655,49.1,1.525,3.404,0.0,2.408,1.5,1.05
1788372825.741,turning,11.46,3.48,125.3,0,30,130,9.987,3.661,47.4,1.484,3.397,0.0,2.4,1.5,1.05
1788372825.795,turning,11.46,3.482,126.0,0,30,130,9.987,3.661,46.8,1.484,3.395,0.0,2.4,1.5,1.06
1788372825.846,turning,11.456,3.483,127.1,0,30,130,9.987,3.661,45.7,1.48,3.394,0.0,2.4,1.5,1.06
1788372825.904,turning,11.455,3.483,127.8,0,30,130,9.987,3.661,45.0,1.479,3.394,0.0,2.4,1.5,1.06
1788372825.964,turning,11.455,3.483,129.4,0,30,130,9.987,3.661,43.4,1.479,3.394,0.0,2.4,1.5,1.06
1788372826.025,turning,11.455,3.482,130.1,0,30,130,9.987,3.661,42.7,1.48,3.395,0.0,2.4,1.5,1.06
1788372826.085,turning,11.457,3.479,131.2,0,30,130,9.987,3.661,41.5,1.481,3.398,0.0,2.4,1.5,1.06
1788372826.141,turning,11.457,3.479,132.0,0,30,130,9.987,3.661,40.8,1.482,3.398,0.0,2.4,1.5,1.06
1788372826.194,turning,11.457,3.479,133.6,0,30,130,9.987,3.661,39.1,1.482,3.398,0.0,2.4,1.5,1.06
1788372826.246,turning,11.457,3.475,134.4,0,30,130,9.987,3.661,38.3,1.483,3.403,0.0,2.4,1.5,1.06
1788372826.301,turning,11.459,3.464,136.1,0,30,130,9.987,3.661,36.7,1.485,3.413,0.0,2.4,1.5,1.06
1788372826.358,turning,11.459,3.463,136.9,0,30,130,9.987,3.661,35.9,1.485,3.414,0.0,2.4,1.5,1.06
1788372826.412,turning,11.459,3.463,138.5,0,30,130,9.987,3.661,34.2,1.485,3.414,0.0,2.4,1.5,1.06
1788372826.466,turning,11.459,3.463,139.3,0,30,130,9.987,3.661,33.4,1.485,3.414,0.0,2.4,1.5,1.07
1788372826.519,turning,11.459,3.463,141.0,0,30,130,9.987,3.661,31.8,1.485,3.414,0.0,2.4,1.5,1.07
1788372826.572,turning,11.46,3.459,141.9,0,30,130,9.987,3.661,30.8,1.487,3.418,0.0,2.4,1.5,1.07
1788372826.626,turning,11.462,3.454,142.8,0,30,130,9.987,3.661,29.9,1.489,3.423,0.0,2.4,1.5,1.07
1788372826.689,turning,11.463,3.45,144.5,0,30,130,9.987,3.661,28.2,1.491,3.427,0.0,2.4,1.5,1.07
1788372826.75,turning,11.463,3.45,145.3,0,30,130,9.975,3.675,27.3,1.505,3.427,0.0,2.4,1.5,1.07
1788372826.813,turning,11.463,3.45,147.0,0,30,130,9.975,3.675,25.6,1.505,3.427,0.0,2.4,1.5,1.07
1788372826.873,turning,11.463,3.45,147.8,0,30,130,9.975,3.675,24.8,1.505,3.427,0.0,2.4,1.5,1.07
1788372826.929,turning,11.463,3.449,149.3,0,30,130,9.975,3.675,23.3,1.505,3.428,0.0,2.4,1.5,1.07
1788372826.984,turning,11.463,3.449,150.0,0,30,130,9.975,3.675,22.6,1.505,3.428,0.0,2.4,1.5,1.07
1788372827.039,turning,11.463,3.448,151.5,0,30,130,9.975,3.675,21.0,1.505,3.429,0.0,2.4,1.5,1.08
1788372827.092,turning,11.463,3.448,152.3,0,30,130,9.975,3.675,20.2,1.505,3.429,0.0,2.4,1.5,1.08
1788372827.144,turning,11.463,3.448,153.9,0,30,130,9.975,3.675,18.5,1.505,3.429,0.0,2.4,1.5,1.08
1788372827.198,turning,11.463,3.448,154.7,0,30,130,9.975,3.675,17.7,1.505,3.429,0.0,2.4,1.5,1.08
1788372827.254,turning,11.463,3.448,156.5,0,30,130,9.975,3.675,15.8,1.505,3.429,0.0,2.4,1.5,1.09
1788372827.31,turning,11.462,3.448,157.5,0,30,130,9.975,3.675,14.9,1.505,3.429,0.0,2.4,1.5,1.09
1788372827.368,turning,11.462,3.447,159.2,0,30,130,9.975,3.675,13.1,1.504,3.429,0.0,2.4,1.5,1.12
1788372827.424,turning,11.462,3.447,160.0,0,30,130,9.975,3.675,12.3,1.504,3.429,0.0,2.4,1.5,1.12
1788372827.488,turning,11.461,3.448,160.9,0,30,130,9.975,3.675,11.4,1.504,3.429,0.0,2.4,1.5,1.15
1788372827.546,turning,11.459,3.449,160.8,0,30,130,9.975,3.675,11.5,1.501,3.428,0.0,2.4,1.5,1.15
1788372827.609,turning,11.456,3.449,160.6,1,31,130,9.925,3.675,11.6,1.548,3.428,0.0,2.4,1.5,1.15
1788372827.667,turning,11.449,3.451,160.2,1,31,130,9.925,3.675,12.0,1.541,3.427,0.0,2.4,1.5,1.15
1788372827.718,turning,11.444,3.452,160.0,1,31,130,9.925,3.675,12.2,1.535,3.425,0.0,2.4,1.5,1.14
1788372827.773,turning,11.431,3.457,159.6,0,30,130,9.925,3.675,12.6,1.522,3.421,0.0,2.4,1.5,1.14
1788372827.825,turning,11.425,3.459,159.4,0,30,130,9.925,3.675,12.8,1.515,3.419,0.0,2.4,1.5,1.12
1788372827.878,turning,11.423,3.46,158.7,0,30,130,9.925,3.675,13.4,1.513,3.418,0.0,2.4,1.5,1.12
1788372827.929,turning,11.421,3.46,158.5,0,30,130,9.925,3.675,13.7,1.511,3.418,0.0,2.4,1.5,1.11
1788372827.982,turning,11.414,3.461,158.0,0,30,130,9.925,3.675,14.2,1.504,3.418,0.0,2.4,1.5,1.11
1788372828.034,turning,11.413,3.461,157.7,0,30,130,9.925,3.675,14.5,1.503,3.418,0.0,2.4,1.5,1.1
1788372828.088,turning,11.413,3.461,156.9,0,30,130,9.925,3.675,15.3,1.503,3.418,0.0,2.4,1.5,1.1
1788372828.142,turning,11.413,3.461,156.5,0,30,130,9.925,3.675,15.7,1.503,3.418,0.0,2.4,1.5,1.09
1788372828.194,turning,11.413,3.461,155.7,0,30,130,9.925,3.675,16.4,1.503,3.418,0.0,2.4,1.5,1.09
1788372828.251,turning,11.413,3.461,155.4,0,30,130,9.925,3.675,16.8,1.503,3.418,0.0,2.4,1.5,1.08
1788372828.312,turning,11.413,3.461,154.7,0,30,130,9.925,3.675,17.4,1.503,3.418,0.0,2.4,1.5,1.08
1788372828.373,turning,11.413,3.461,154.4,0,30,130,9.925,3.675,17.7,1.503,3.418,0.0,2.4,1.5,1.07
1788372828.441,turning,11.413,3.461,153.8,0,30,130,9.925,3.675,18.3,1.503,3.418,0.0,2.4,1.5,1.07
1788372828.498,turning,11.413,3.461,153.6,0,30,130,9.925,3.675,18.5,1.503,3.418,0.0,2.4,1.5,1.07
1788372828.551,turning,11.413,3.461,153.3,0,30,130,9.925,3.675,18.8,1.503,3.418,0.0,2.4,1.5,1.07
1788372828.608,turning,11.413,3.461,152.8,0,30,130,9.925,3.675,19.3,1.503,3.418,0.0,2.4,1.5,1.06
1788372828.661,turning,11.413,3.461,152.6,0,30,130,9.925,3.675,19.5,1.503,3.418,0.0,2.4,1.5,1.06
1788372828.714,turning,11.41,3.462,152.1,0,30,130,9.925,3.675,19.9,1.5,3.417,0.0,2.4,1.5,1.06
1788372828.765,turning,11.407,3.464,151.9,0,30,69,11.377,4.974,18.1,1.51,3.415,0.0,2.4,1.5,1.06
1788372828.817,turning,11.398,3.468,151.5,0,30,69,11.377,4.974,16.6,1.507,3.412,0.0,2.4,1.5,1.05
1788372828.869,turning,11.397,3.468,151.2,0,30,69,11.377,4.974,15.0,1.506,3.412,0.0,2.4,1.5,1.05
1788372828.924,turning,11.396,3.468,150.6,0,30,69,11.377,4.974,13.7,1.506,3.412,0.0,2.4,1.5,1.04
1788372828.981,turning,11.396,3.468,150.3,0,30,69,11.377,4.974,12.2,1.506,3.412,0.0,2.4,1.5,1.04
1788372829.04,turning,11.396,3.468,149.7,0,30,69,11.377,4.974,11.0,1.506,3.412,0.0,2.4,1.5,1.04
1788372829.101,turning,11.396,3.468,149.5,0,30,69,11.377,4.974,9.6,1.506,3.412,0.0,2.4,1.5,1.04
1788372829.165,turning,11.396,3.468,148.9,0,30,69,11.377,4.974,8.4,1.506,3.412,0.0,2.4,1.5,1.04
1788372829.223,turning,11.396,3.468,148.7,0,30,69,11.377,4.974,7.0,1.506,3.412,0.0,2.4,1.5,1.04
1788372829.281,turning,11.394,3.469,148.3,0,30,69,11.377,4.974,5.8,1.505,3.41,0.0,2.4,1.5,1.05
1788372829.337,turning,11.39,3.471,148.0,0,30,69,11.377,4.974,4.5,1.503,3.409,0.0,2.4,1.5,1.05
1788372829.394,turning,11.385,3.475,147.6,0,30,69,11.377,4.974,3.4,1.499,3.405,0.0,2.4,1.5,1.04
1788372829.449,turning,11.385,3.475,147.3,0,30,69,11.377,4.974,2.1,1.499,3.405,0.0,2.4,1.5,1.04
1788372829.506,turning,11.385,3.475,147.1,0,30,69,11.377,4.974,1.0,1.499,3.405,0.0,2.4,1.5,1.03
1788372829.562,turning,11.385,3.475,146.5,0,30,69,11.377,4.974,0.1,1.499,3.405,0.0,2.4,1.5,1.03
1788372829.618,turning,11.385,3.475,146.3,0,30,69,11.377,4.974,-1.0,1.499,3.405,0.0,2.4,1.5,1.04
1788372829.671,turning,11.385,3.475,145.8,0,30,69,11.377,4.974,-1.9,1.499,3.405,0.0,2.4,1.5,1.04
1788372829.725,turning,11.386,3.473,145.6,0,30,69,11.377,4.974,-3.0,1.501,3.407,0.0,2.4,1.5,1.03
1788372829.782,turning,11.386,3.469,145.3,0,30,69,11.377,4.974,-4.0,1.505,3.411,0.0,2.4,1.5,1.03
1788372829.845,turning,11.384,3.47,145.1,0,30,69,11.375,4.975,-5.1,1.505,3.41,0.0,2.4,1.5,1.03
1788372829.902,turning,11.374,3.477,144.7,0,30,69,11.375,4.975,-6.0,1.498,3.404,0.0,2.4,1.5,1.03
1788372829.968,turning,11.368,3.481,144.5,0,30,69,11.375,4.975,-7.0,1.494,3.4,0.0,2.4,1.5,1.02
1788372830.029,turning,11.368,3.481,143.9,0,30,69,11.375,4.975,-7.5,1.494,3.4,0.0,2.4,1.5,1.02
1788372830.088,turning,11.368,3.481,143.6,0,30,69,11.375,4.975,-8.4,1.494,3.4,0.0,2.4,1.5,1.01
1788372830.139,turning,11.368,3.481,142.9,0,30,69,11.375,4.975,-8.9,1.494,3.4,0.0,2.4,1.5,1.01
1788372830.193,turning,11.368,3.481,142.6,0,30,69,11.375,4.975,-9.6,1.494,3.4,0.0,2.4,1.5,1.01
1788372830.248,turning,11.368,3.481,142.1,0,30,69,11.375,4.975,-10.2,1.494,3.4,0.0,2.4,1.5,1.01
1788372830.306,turning,11.368,3.481,141.8,0,30,69,11.375,4.975,-10.9,1.494,3.4,0.0,2.4,1.5,1.01
1788372830.359,turning,11.368,3.481,141.3,0,30,69,11.375,4.975,-11.5,1.494,3.4,0.0,2.4,1.5,1.01
1788372830.414,turning,11.368,3.481,141.1,0,30,69,11.375,4.975,-12.2,1.494,3.4,0.0,2.4,1.5,1.01
1788372830.47,turning,11.367,3.482,140.9,0,30,69,11.375,4.975,-13.0,1.493,3.4,0.0,2.4,1.5,1.01
1788372830.525,turning,11.362,3.486,140.4,0,30,69,11.375,4.975,-13.5,1.489,3.396,0.0,2.4,1.5,1.01
1788372830.577,turning,11.358,3.489,140.2,0,30,69,11.375,4.975,-14.2,1.486,3.393,0.0,2.4,1.5,1.01
1788372830.637,turning,11.36,3.489,139.9,0,30,69,11.375,4.975,-14.8,1.487,3.393,0.0,2.4,1.5,1.0
1788372830.701,turning,11.362,3.487,139.8,0,30,69,11.375,4.975,-15.5,1.488,3.394,0.0,2.4,1.5,1.0
1788372830.765,turning,11.363,3.486,139.4,0,30,69,11.375,4.975,-16.0,1.489,3.395,0.0,2.4,1.5,1.0
1788372830.823,turning,11.363,3.486,139.2,0,30,128,9.875,3.675,-14.6,1.5,3.395,0.0,2.4,1.5,1.0
1788372830.879,turning,11.361,3.488,138.8,0,30,128,9.875,3.675,-13.0,1.498,3.394,0.0,2.4,1.5,1.0
1788372830.932,turning,11.358,3.491,138.6,0,30,128,9.875,3.675,-11.7,1.494,3.391,0.0,2.4,1.5,1.0
1788372830.99,turning,11.349,3.499,138.2,1,31,128,9.825,3.675,-10.1,1.534,3.383,0.0,2.4,1.5,0.99
1788372831.047,turning,11.344,3.504,138.0,1,31,128,9.825,3.675,-8.7,1.528,3.379,0.0,2.4,1.5,0.99
1788372831.047,turning,11.344,3.504,138.0,1,31,128,9.825,3.675,-7.6,1.528,3.379,0.0,2.4,1.5,0.99
1788372831.159,turning,11.343,3.504,136.9,1,31,128,9.825,3.675,-5.5,1.527,3.379,0.0,2.4,1.5,0.97
1788372831.215,turning,11.343,3.504,136.2,1,31,128,9.825,3.675,-3.8,1.527,3.379,0.0,2.4,1.5,0.97
1788372831.27,turning,11.343,3.504,135.8,1,31,128,9.825,3.675,-2.4,1.527,3.379,0.0,2.4,1.5,0.97
1788372831.329,turning,11.343,3.504,135.2,1,31,128,9.825,3.675,-0.8,1.527,3.379,0.0,2.4,1.5,0.97
1788372831.39,turning,11.343,3.504,134.9,1,31,128,9.825,3.675,0.5,1.527,3.379,0.0,2.4,1.5,0.97
1788372831.454,turning,11.343,3.504,134.3,1,31,128,9.825,3.675,2.0,1.527,3.379,0.0,2.4,1.5,0.97
1788372831.516,turning,11.343,3.504,134.1,1,31,128,9.825,3.675,3.2,1.527,3.379,0.0,2.4,1.5,0.97
1788372831.584,turning,11.343,3.504,133.8,1,31,128,9.825,3.675,4.4,1.527,3.379,0.0,2.4,1.5,0.97
1788372831.64,turning,11.343,3.504,133.3,1,31,128,9.825,3.675,5.7,1.527,3.379,0.0,2.4,1.5,0.97
1788372831.701,turning,11.342,3.504,133.1,1,31,128,9.825,3.675,6.8,1.527,3.379,0.0,2.4,1.5,0.97
1788372831.756,turning,11.338,3.504,132.5,1,31,128,9.825,3.675,8.3,1.523,3.379,0.0,2.4,1.5,0.97
1788372831.808,turning,11.335,3.507,132.2,1,31,128,9.825,3.675,9.3,1.519,3.377,0.0,2.4,1.5,0.97
1788372831.862,turning,11.334,3.508,131.8,0,30,126,9.825,3.675,10.6,1.518,3.376,0.0,2.4,1.5,0.97
1788372831.915,turning,11.334,3.508,131.5,0,30,126,9.825,3.675,11.6,1.518,3.376,0.0,2.4,1.5,0.96
1788372831.969,turning,11.334,3.508,131.0,0,30,126,9.825,3.675,12.9,1.518,3.376,0.0,2.4,1.5,0.96
1788372832.023,turning,11.334,3.508,130.7,0,30,126,9.825,3.675,13.8,1.518,3.376,0.0,2.4,1.5,0.96
1788372832.077,turning,11.332,3.51,130.3,0,30,126,9.825,3.675,15.0,1.516,3.373,0.0,2.4,1.5,0.96
1788372832.131,turning,11.329,3.514,130.1,0,30,126,9.825,3.675,15.9,1.513,3.37,0.0,2.4,1.5,0.96
1788372832.187,turning,11.329,3.514,129.6,0,30,126,9.825,3.675,17.1,1.513,3.37,0.0,2.4,1.5,0.96
1788372832.247,turning,11.329,3.514,129.3,0,30,126,9.825,3.675,18.0,1.513,3.37,0.0,2.4,1.5,0.95
1788372832.31,turning,11.329,3.514,128.9,0,30,126,9.825,3.675,19.2,1.513,3.37,0.0,2.4,1.5,0.95
1788372832.372,turning,11.329,3.514,128.6,0,30,126,9.825,3.675,20.0,1.513,3.37,0.0,2.4,1.5,0.96
1788372832.43,turning,11.329,3.514,128.4,0,30,126,9.825,3.675,20.9,1.512,3.37,0.0,2.4,1.5,0.96
1788372832.488,turning,11.324,3.52,128.0,0,30,126,9.825,3.675,21.9,1.507,3.365,0.0,2.4,1.5,0.95
1788372832.542,turning,11.321,3.524,127.8,0,30,126,9.825,3.675,22.7,1.503,3.36,0.0,2.4,1.5,0.95
1788372832.597,turning,11.32,3.523,127.4,0,30,126,9.825,3.675,23.7,1.502,3.362,0.0,2.4,1.5,0.94
1788372832.651,turning,11.319,3.521,127.2,0,30,126,9.825,3.675,24.5,1.502,3.364,0.0,2.4,1.5,0.94
1788372832.708,turning,11.318,3.52,126.7,0,30,122,9.84,3.737,25.5,1.494,3.365,0.0,2.4,1.5,0.94
1788372832.763,turning,11.318,3.52,126.4,0,30,122,9.84,3.737,26.2,1.494,3.365,0.0,2.4,1.5,0.94
1788372832.818,turning,11.318,3.52,125.9,0,30,122,9.84,3.737,27.2,1.494,3.365,0.0,2.4,1.5,0.94
1788372832.876,turning,11.318,3.52,125.6,0,30,122,9.84,3.737,28.0,1.494,3.365,0.0,2.4,1.5,0.94
1788372832.935,turning,11.318,3.52,125.1,0,30,122,9.84,3.737,28.9,1.494,3.365,0.0,2.4,1.5,0.94
1788372832.999,turning,11.318,3.52,124.9,0,30,122,9.84,3.737,29.5,1.494,3.365,0.0,2.4,1.5,0.94
1788372833.057,turning,11.316,3.522,124.5,0,30,122,9.84,3.737,30.4,1.492,3.363,0.0,2.4,1.5,0.94
1788372833.118,turning,11.314,3.526,124.3,0,30,122,9.84,3.737,31.0,1.489,3.359,0.0,2.4,1.5,0.94
1788372833.176,turning,11.31,3.532,123.8,0,30,122,9.84,3.737,31.9,1.484,3.354,0.0,2.4,1.5,0.93
1788372833.23,turning,11.31,3.532,123.6,0,30,122,9.84,3.737,32.5,1.484,3.354,0.0,2.409,1.5,0.93
1788372833.287,turning,11.31,3.532,123.0,0,30,122,9.84,3.737,33.5,1.484,3.354,0.0,2.44,1.5,0.92
1788372833.343,turning,11.31,3.532,122.7,0,30,122,9.84,3.737,34.2,1.484,3.354,0.0,2.456,1.5,0.92
1788372833.401,turning,11.31,3.532,122.4,0,30,122,9.84,3.737,34.8,1.484,3.354,0.0,2.47,1.5,0.92
1788372833.452,turning,11.31,3.532,121.9,0,30,122,9.84,3.737,35.7,1.484,3.354,0.0,2.497,1.5,0.92
1788372833.506,turning,11.309,3.53,121.6,0,30,122,9.84,3.737,36.4,1.484,3.355,0.0,2.515,1.5,0.92
1788372833.558,turning,11.307,3.523,120.8,0,30,122,9.84,3.737,37.5,1.482,3.363,0.0,2.554,1.5,0.92
1788372833.61,turning,11.305,3.523,120.5,0,30,122,9.84,3.737,38.1,1.48,3.362,0.0,2.568,1.5,0.92
1788372833.664,turning,11.3,3.532,120.2,1,31,122,9.791,3.744,38.8,1.525,3.355,0.0,2.587,1.5,0.92
1788372833.725,turning,11.297,3.537,120.0,0,30,68,11.425,5.025,37.2,1.493,3.349,0.0,2.597,1.5,0.91
1788372833.79,turning,11.296,3.538,119.4,0,30,68,11.425,5.025,35.9,1.492,3.348,0.0,2.626,1.5,0.91
1788372833.86,turning,11.296,3.538,119.1,0,30,68,11.425,5.025,34.5,1.492,3.348,0.0,2.643,1.5,0.9
1788372833.926,turning,11.296,3.538,118.5,0,30,68,11.425,5.025,33.4,1.492,3.348,0.0,2.675,1.5,0.9
1788372833.988,turning,11.296,3.538,118.2,0,30,68,11.425,5.025,32.1,1.492,3.348,0.0,2.69,1.5,0.9
1788372834.04,turning,11.296,3.538,117.7,0,30,68,11.425,5.025,31.0,1.492,3.348,0.0,2.718,1.5,0.9
1788372834.098,turning,11.296,3.538,117.4,0,30,68,11.425,5.025,29.7,1.492,3.348,0.0,2.732,1.5,0.9
1788372834.154,turning,11.296,3.538,116.9,0,30,68,11.425,5.025,28.6,1.492,3.348,0.0,2.757,1.5,0.9
1788372834.211,turning,11.296,3.538,116.7,0,30,68,11.425,5.025,27.4,1.492,3.348,0.0,2.769,1.5,0.9
1788372834.268,turning,11.295,3.541,116.3,0,30,68,11.425,5.025,26.3,1.49,3.346,0.0,2.791,1.5,0.9
1788372834.324,turning,11.293,3.544,116.1,0,30,68,11.425,5.025,25.1,1.487,3.343,0.0,2.802,1.5,0.9
1788372834.377,turning,11.291,3.549,115.9,1,31,68,11.425,5.075,23.9,1.532,3.338,0.0,2.813,1.5,0.9
1788372834.43,turning,11.286,3.549,115.3,1,31,68,11.425,5.075,23.2,1.533,3.339,0.0,2.843,1.5,0.89
1788372834.485,turning,11.282,3.547,115.0,0,30,68,11.425,5.025,22.2,1.485,3.341,0.0,2.861,1.5,0.89
1788372834.545,turning,11.279,3.546,114.3,0,30,68,11.425,5.025,21.5,1.486,3.342,0.0,2.896,1.5,0.88
1788372834.603,turning,11.279,3.546,113.9,0,30,68,11.425,5.025,20.6,1.486,3.342,0.0,2.913,1.5,0.88
1788372834.66,turning,11.279,3.546,113.3,0,30,68,11.425,5.025,20.0,1.486,3.342,0.0,2.947,1.5,0.88
1788372834.722,turning,11.279,3.546,113.0,0,30,68,11.425,5.025,19.1,1.486,3.342,0.0,2.963,1.5,0.88
1788372834.782,turning,11.279,3.546,112.4,0,30,68,11.425,5.025,18.5,1.486,3.342,0.0,2.992,1.5,0.88
1788372834.834,turning,11.279,3.546,112.2,0,30,68,11.425,5.025,17.6,1.486,3.342,0.0,3.007,1.5,0.88
1788372834.891,turning,11.279,3.546,111.7,0,30,68,11.425,5.025,17.0,1.486,3.342,0.0,3.033,1.5,0.88
1788372834.943,turning,11.279,3.546,111.4,0,30,68,11.425,5.025,16.1,1.486,3.342,0.0,3.045,1.5,0.88
1788372834.997,turning,11.278,3.548,111.0,0,30,68,11.425,5.025,15.5,1.484,3.34,0.0,3.069,1.5,0.88
1788372835.049,turning,11.276,3.552,110.8,1,31,68,11.425,5.075,14.7,1.53,3.336,0.0,3.08,1.5,0.88
1788372835.101,turning,11.274,3.559,110.3,1,31,68,11.425,5.075,14.1,1.523,3.329,0.0,3.104,1.5,0.87
1788372835.152,turning,11.274,3.559,110.0,1,31,68,11.425,5.075,13.4,1.523,3.329,0.0,3.118,1.5,0.87
1788372835.207,turning,11.274,3.559,109.4,1,31,68,11.425,5.075,13.0,1.523,3.329,0.0,3.149,1.5,0.87
1788372835.27,turning,11.274,3.559,109.1,1,31,68,11.425,5.075,12.4,1.523,3.329,0.0,3.165,1.5,0.87
1788372835.333,turning,11.272,3.562,108.9,1,31,68,11.425,5.075,11.7,1.521,3.327,0.0,3.179,1.5,0.87
1788372835.396,turning,11.265,3.575,108.4,1,31,68,11.425,5.075,11.3,1.509,3.315,0.0,3.204,1.5,0.87
1788372835.464,turning,11.263,3.578,108.1,1,31,68,11.425,5.075,10.7,1.506,3.312,0.0,3.218,1.5,0.86
1788372835.526,turning,11.263,3.578,107.2,1,31,68,11.425,5.075,10.7,1.506,3.312,0.0,3.264,1.5,0.86
1788372835.59,turning,11.263,3.578,106.8,1,31,68,11.425,5.075,10.3,1.506,3.312,0.0,3.289,1.5,0.87
1788372835.644,turning,11.263,3.578,105.9,1,31,68,11.425,5.075,10.4,1.506,3.312,0.0,3.334,1.5,0.87
1788372835.702,turning,11.263,3.578,105.5,1,31,68,11.425,5.075,10.0,1.506,3.312,0.0,3.356,1.5,0.86
1788372835.765,turning,11.263,3.578,104.7,0,30,67,11.425,5.075,10.0,1.506,3.312,0.0,3.396,1.5,0.86
1788372835.822,turning,11.263,3.578,104.4,0,30,67,11.425,5.075,9.6,1.506,3.312,0.0,3.415,1.5,0.86
1788372835.875,turning,11.263,3.578,103.7,0,30,67,11.425,5.075,9.5,1.506,3.312,0.0,3.45,1.5,0.86
1788372835.929,turning,11.263,3.578,103.4,0,30,67,11.425,5.075,9.1,1.506,3.312,0.0,3.467,1.5,0.86
1788372835.981,turning,11.263,3.578,102.8,0,30,67,11.425,5.075,9.0,1.506,3.312,0.0,3.498,1.5,0.86
1788372836.035,turning,11.263,3.578,102.5,0,30,67,11.425,5.075,8.6,1.506,3.312,0.0,3.513,1.5,0.86
1788372836.092,turning,11.263,3.578,102.0,0,30,67,11.425,5.075,8.4,1.506,3.312,0.0,3.54,1.5,0.86
1788372836.148,turning,11.259,3.58,101.8,0,30,67,11.425,5.075,8.0,1.504,3.31,0.0,3.551,1.5,0.86
1788372836.211,turning,11.25,3.585,101.4,0,30,67,11.425,5.075,7.7,1.501,3.306,0.0,3.572,1.5,0.86
1788372836.275,turning,11.249,3.585,101.1,0,30,67,11.425,5.075,7.4,1.501,3.306,0.0,3.587,1.5,0.86
1788372836.337,turning,11.249,3.585,100.7,0,30,67,11.425,5.075,7.1,1.501,3.306,0.0,3.605,1.5,0.86
1788372836.397,turning,11.249,3.585,100.0,0,30,67,11.425,5.075,7.2,1.501,3.306,0.0,3.643,1.5,0.86
1788372836.451,turning,11.249,3.585,99.7,0,30,67,11.425,5.075,7.0,1.501,3.306,0.0,3.662,1.5,0.86
1788372836.507,turning,11.249,3.585,99.0,0,30,67,11.425,5.075,7.1,1.501,3.306,0.0,3.696,1.5,0.86
1788372836.562,turning,11.249,3.585,98.7,0,30,67,11.425,5.075,6.8,1.501,3.306,0.0,3.712,1.5,0.86
1788372836.617,turning,11.249,3.585,98.1,0,30,67,11.425,5.075,6.8,1.501,3.306,0.0,3.742,1.5,0.86
1788372836.67,turning,11.249,3.585,97.8,0,30,67,11.425,5.075,6.6,1.501,3.306,0.0,3.757,1.5,0.86
1788372836.724,turning,11.249,3.585,97.3,0,30,67,11.425,5.075,6.6,1.501,3.306,0.0,3.783,1.5,0.86
1788372836.776,turning,11.249,3.585,97.1,0,30,67,11.425,5.075,6.3,1.501,3.306,0.0,3.796,1.5,0.86
1788372836.832,turning,11.249,3.587,96.6,0,30,67,11.425,5.075,6.2,1.498,3.304,0.0,3.819,1.5,0.86
1788372836.889,turning,11.249,3.591,96.4,1,31,67,11.425,5.125,6.0,1.544,3.3,0.0,3.831,1.5,0.86
1788372836.948,turning,11.247,3.604,96.2,1,31,67,11.425,5.125,5.7,1.532,3.288,0.0,3.843,1.5,0.85
1788372837.01,turning,11.246,3.607,96.1,1,31,67,11.425,5.125,5.4,1.528,3.284,0.0,3.847,1.5,0.85
1788372837.072,turning,11.245,3.61,95.5,1,31,67,11.425,5.125,5.6,1.526,3.282,0.0,3.881,1.5,0.84
1788372837.131,turning,11.245,3.61,95.0,1,31,67,11.425,5.125,5.5,1.526,3.282,0.0,3.903,1.5,0.84
1788372837.187,turning,11.245,3.61,94.2,1,31,67,11.425,5.125,6.0,1.526,3.282,0.0,3.947,1.5,0.84
1788372837.238,turning,11.245,3.61,93.8,1,31,67,11.425,5.125,5.9,1.526,3.282,0.0,3.969,1.5,0.84
1788372837.294,turning,11.245,3.61,93.4,1,31,67,11.425,5.125,5.9,1.526,3.282,0.0,3.989,1.5,0.84
1788372837.345,turning,11.245,3.61,92.7,1,31,67,11.425,5.125,6.2,1.526,3.282,0.0,4.027,1.5,0.84
1788372837.4,turning,11.245,3.61,92.3,1,31,67,11.425,5.125,6.2,1.526,3.282,0.0,4.045,1.5,0.84
1788372837.451,turning,11.245,3.61,91.7,1,31,67,11.425,5.125,6.5,1.526,3.282,0.0,4.078,1.5,0.84
1788372837.505,turning,11.245,3.61,91.4,1,31,67,11.425,5.125,6.4,1.526,3.282,0.0,4.094,1.5,0.84
1788372837.559,turning,11.245,3.61,90.8,1,31,67,11.425,5.125,6.6,1.526,3.282,0.0,4.123,1.5,0.84
1788372837.614,turning,11.245,3.61,90.6,1,31,67,11.425,5.125,6.5,1.526,3.282,0.0,4.137,1.5,0.84
1788372837.668,turning,11.245,3.61,90.1,1,31,67,11.425,5.125,6.7,1.526,3.282,0.0,4.163,1.5,0.84
1788372837.731,turning,11.241,3.615,89.8,1,31,67,11.425,5.125,6.6,1.521,3.277,0.0,4.177,1.5,0.84
1788372837.794,turning,11.229,3.633,89.2,1,31,67,11.425,5.125,6.8,1.505,3.26,0.0,4.207,1.5,0.84
1788372837.858,turning,11.228,3.635,88.9,0,30,67,11.425,5.075,6.8,1.453,3.258,0.0,4.223,1.5,0.83
1788372837.915,turning,11.228,3.635,87.9,0,30,67,11.425,5.075,7.5,1.453,3.258,0.0,4.276,1.5,0.83
1788372837.971,turning,11.228,3.635,87.4,0,30,67,11.425,5.075,7.7,1.453,3.258,0.0,4.304,1.5,0.83
1788372838.024,turning,11.228,3.635,86.4,0,30,67,11.425,5.075,8.4,1.453,3.258,0.0,4.358,1.5,0.83
1788372838.08,turning,11.228,3.635,85.9,0,30,67,11.425,5.075,8.6,1.453,3.258,0.0,4.383,1.5,0.83
1788372838.13,turning,11.228,3.635,85.0,0,30,67,11.425,5.075,9.2,1.453,3.258,0.0,4.43,1.5,0.83
1788372838.183,turning,11.228,3.635,84.6,0,30,67,11.425,5.075,9.3,1.453,3.258,0.0,4.452,1.5,0.83
1788372838.233,turning,11.228,3.635,84.2,0,30,67,11.425,5.075,9.4,1.453,3.258,0.0,4.473,1.5,0.83
1788372838.289,turning,11.228,3.635,83.4,0,30,67,11.425,5.075,9.9,1.453,3.258,0.0,4.5,1.5,0.83
1788372838.347,turning,11.228,3.635,83.0,0,30,67,11.425,5.075,10.0,1.453,3.258,0.0,4.5,1.5,0.83
1788372838.402,turning,11.228,3.635,82.4,0,30,67,11.425,5.075,10.4,1.453,3.258,0.0,4.5,1.5,0.83
1788372838.458,turning,11.228,3.635,82.1,0,30,67,11.425,5.075,10.4,1.453,3.258,0.0,4.5,1.5,0.83
1788372838.52,turning,11.226,3.632,81.6,0,30,67,11.425,5.075,10.6,1.456,3.262,0.0,4.5,1.5,0.83
1788372838.586,turning,11.224,3.63,81.4,0,30,67,11.425,5.075,10.5,1.459,3.264,0.0,4.5,1.5,0.83
1788372838.654,turning,11.223,3.628,81.1,0,30,67,11.425,5.075,10.7,1.461,3.266,0.0,4.5,1.5,0.83
1788372838.712,turning,11.223,3.631,80.9,0,30,67,11.425,5.075,10.6,1.458,3.263,0.0,4.5,1.5,0.83
1788372838.771,turning,11.225,3.641,80.5,0,30,67,11.425,5.075,10.8,1.448,3.253,0.0,4.5,1.5,0.82
1788372838.828,turning,11.226,3.647,80.2,0,30,122,9.731,3.761,13.1,1.499,3.246,0.0,4.5,1.5,0.82
1788372838.881,turning,11.226,3.648,79.6,0,30,122,9.731,3.761,15.8,1.499,3.246,0.0,4.5,1.5,0.81
1788372838.935,turning,11.226,3.648,79.3,0,30,122,9.731,3.761,18.1,1.499,3.246,0.0,4.5,1.5,0.81
1788372838.995,turning,11.226,3.648,78.6,0,30,122,9.731,3.761,20.7,1.499,3.246,0.0,4.5,1.5,0.8
1788372839.049,turning,11.226,3.648,78.3,0,30,122,9.731,3.761,22.9,1.499,3.246,0.0,4.5,1.5,0.8
1788372839.104,turning,11.226,3.648,77.7,0,30,122,9.731,3.761,25.3,1.499,3.246,0.0,4.5,1.5,0.8
1788372839.156,turning,11.226,3.648,77.4,0,30,122,9.731,3.761,27.4,1.499,3.246,0.0,4.5,1.5,0.8
1788372839.21,turning,11.227,3.647,77.3,0,30,122,9.731,3.761,29.2,1.5,3.247,0.0,4.5,1.5,0.8
1788372839.265,turning,11.232,3.643,77.7,0,30,122,9.731,3.761,30.6,1.506,3.25,0.0,4.5,1.5,0.8
1788372839.327,turning,11.233,3.643,77.6,0,30,122,9.731,3.761,32.3,1.507,3.251,0.0,4.5,1.5,0.8
1788372839.389,turning,11.234,3.645,77.2,0,30,122,9.731,3.761,34.3,1.507,3.248,0.0,4.5,1.5,0.8
1788372839.446,turning,11.235,3.649,77.1,0,30,122,9.731,3.761,36.1,1.508,3.244,0.0,4.5,1.5,0.8
1788372839.503,turning,11.237,3.661,76.7,0,30,122,9.731,3.761,38.0,1.51,3.232,0.0,4.5,1.5,0.8
1788372839.556,turning,11.239,3.668,76.4,0,30,122,9.731,3.761,39.8,1.511,3.225,0.0,4.5,1.5,0.78
1788372839.611,turning,11.239,3.67,75.7,0,30,122,9.731,3.761,42.0,1.511,3.223,0.0,4.5,1.5,0.78
1788372839.663,turning,11.239,3.67,75.3,0,30,122,9.731,3.761,43.8,1.511,3.223,0.0,4.5,1.5,0.77
1788372839.717,turning,11.239,3.67,74.5,0,30,122,9.731,3.761,46.1,1.511,3.223,0.0,4.5,1.5,0.77
1788372839.771,turning,11.239,3.67,74.1,0,30,122,9.731,3.761,47.9,1.511,3.223,0.0,4.5,1.5,0.77
1788372839.824,turning,11.239,3.67,73.3,0,30,122,9.731,3.761,50.0,1.511,3.223,0.0,4.5,1.5,0.77
1788372839.884,turning,11.239,3.67,73.0,0,30,121,9.728,3.763,51.6,1.515,3.223,0.0,4.5,1.5,0.77
1788372839.945,turning,11.239,3.67,72.3,0,30,121,9.728,3.763,53.6,1.515,3.223,0.0,4.5,1.5,0.77
1788372840.013,turning,11.239,3.67,72.0,0,30,121,9.728,3.763,55.1,1.515,3.223,0.0,4.5,1.5,0.77
1788372840.089,turning,11.239,3.67,71.4,0,30,121,9.728,3.763,56.9,1.515,3.223,0.0,4.5,1.5,0.77
1788372840.158,turning,11.243,3.665,71.1,0,30,121,9.728,3.763,58.4,1.518,3.227,0.0,4.5,1.5,0.77
1788372840.221,turning,11.246,3.66,70.9,0,30,121,9.728,3.763,59.8,1.522,3.232,0.0,4.5,1.5,0.77
1788372840.291,turning,11.25,3.657,70.5,0,30,121,9.728,3.763,61.3,1.526,3.234,0.0,4.5,1.5,0.77
1788372840.355,turning,11.252,3.661,70.4,0,30,121,9.728,3.763,62.5,1.527,3.23,0.0,4.5,1.5,0.77
1788372840.415,turning,11.256,3.673,70.3,0,30,121,9.728,3.763,63.6,1.531,3.218,0.0,4.5,1.5,0.76
1788372840.473,turning,11.258,3.679,70.3,0,30,121,9.728,3.763,64.8,1.533,3.211,0.0,4.5,1.5,0.76
1788372840.532,turning,11.261,3.687,69.9,0,30,121,9.728,3.763,66.1,1.535,3.204,0.0,4.5,1.5,0.74
1788372840.589,turning,11.261,3.687,69.6,0,30,121,9.728,3.763,67.4,1.535,3.204,0.0,4.5,1.5,0.74
1788372840.652,turning,11.261,3.687,68.9,0,30,121,9.728,3.763,69.2,1.535,3.204,0.0,4.5,1.5,0.74
1788372840.708,turning,11.261,3.687,68.5,0,30,121,9.728,3.763,70.6,1.535,3.204,0.0,4.5,1.5,0.74
1788372840.765,turning,11.261,3.687,67.8,0,30,121,9.728,3.763,72.2,1.535,3.204,0.0,4.5,1.5,0.74
1788372840.818,turning,11.261,3.687,67.4,0,30,121,9.728,3.763,73.5,1.535,3.204,0.0,4.5,1.5,0.74
1788372840.879,turning,11.261,3.687,66.8,0,30,124,9.776,3.714,75.1,1.485,3.204,0.0,4.5,1.5,0.74
1788372840.941,turning,11.261,3.687,66.5,0,30,124,9.776,3.714,76.3,1.485,3.204,0.0,4.5,1.5,0.74
1788372841.003,turning,11.261,3.687,65.9,0,30,124,9.776,3.714,77.7,1.485,3.204,0.0,4.5,1.5,0.73
1788372841.064,turning,11.261,3.687,65.6,0,30,124,9.776,3.714,78.9,1.485,3.204,0.0,4.5,1.5,0.73
1788372841.12,turning,11.259,3.687,65.2,0,30,124,9.776,3.714,80.2,1.484,3.204,0.0,4.5,1.5,0.74
1788372841.173,turning,11.259,3.687,65.0,0,30,124,9.776,3.714,81.2,1.483,3.204,0.0,4.5,1.5,0.74
1788372841.229,turning,11.258,3.687,64.8,0,30,124,9.776,3.714,82.2,1.483,3.204,0.0,4.5,1.5,0.75
1788372841.285,turning,11.261,3.692,64.4,0,30,124,9.776,3.714,83.4,1.486,3.198,0.0,4.5,1.5,0.75
1788372841.342,turning,11.263,3.697,64.2,0,30,124,9.776,3.714,84.4,1.488,3.193,0.0,4.5,1.5,0.81
1788372841.396,turning,11.264,3.699,63.6,0,30,124,9.776,3.714,85.7,1.489,3.191,0.0,4.5,1.5,0.81
1788372841.448,turning,11.264,3.699,63.3,0,30,124,9.776,3.714,86.8,1.489,3.191,0.0,4.5,1.5,0.87
1788372841.5,turning,11.264,3.699,62.6,0,30,124,9.776,3.714,88.2,1.489,3.191,0.0,4.5,1.5,0.87
1788372841.552,turning,11.264,3.699,62.2,0,30,124,9.776,3.714,89.3,1.489,3.191,0.0,4.5,1.5,0.87
1788372841.606,turning,11.264,3.699,61.6,0,30,124,9.776,3.714,90.6,1.489,3.191,0.0,4.5,1.5,0.87
1788372841.665,turning,11.264,3.699,61.3,0,30,124,9.776,3.714,91.6,1.489,3.191,0.0,4.5,1.5,0.87
1788372841.725,turning,11.264,3.699,60.8,0,30,124,9.776,3.714,92.8,1.489,3.191,0.0,4.5,1.5,0.87
1788372841.799,turning,11.264,3.699,60.5,0,30,124,9.776,3.714,93.7,1.489,3.191,0.0,4.5,1.5,0.87
1788372841.888,turning,11.264,3.699,60.0,0,30,124,9.776,3.714,94.8,1.489,3.191,0.0,4.5,1.5,0.87
1788372841.973,turning,11.263,3.697,59.8,0,30,123,9.776,3.714,95.6,1.488,3.193,0.0,4.5,1.5,0.87
1788372842.039,turning,11.262,3.695,59.5,0,30,123,9.776,3.714,96.5,1.486,3.195,0.0,4.5,1.5,0.87
1788372842.093,turning,11.263,3.698,59.3,0,30,123,9.776,3.714,97.3,1.488,3.192,0.0,4.5,1.5,0.87
1788372842.145,turning,11.27,3.709,59.0,0,30,123,9.776,3.714,98.1,1.494,3.181,0.0,4.5,1.5,0.87
1788372842.198,turning,11.273,3.715,58.8,0,30,123,9.776,3.714,98.9,1.498,3.174,0.0,4.5,1.5,0.85
1788372842.25,turning,11.28,3.727,58.5,0,30,123,9.776,3.714,99.8,1.505,3.162,0.0,4.5,1.5,0.85
1788372842.304,turning,11.284,3.732,58.3,0,30,123,9.776,3.714,100.5,1.509,3.156,0.0,4.5,1.5,0.83
1788372842.358,turning,11.288,3.738,58.1,0,30,123,9.776,3.714,101.3,1.512,3.15,0.0,4.5,1.5,0.83
1788372842.414,turning,11.295,3.75,57.8,0,30,123,9.776,3.714,102.1,1.52,3.138,0.0,4.5,1.5,0.81
1788372842.472,turning,11.298,3.755,57.6,0,30,123,9.776,3.714,102.8,1.524,3.132,0.0,4.5,1.5,0.81
1788372842.537,turning,11.3,3.757,57.6,0,30,123,9.776,3.714,103.4,1.525,3.13,0.0,4.5,1.5,0.79
1788372842.594,turning,11.3,3.757,57.6,0,30,123,9.776,3.714,103.9,1.525,3.13,0.0,4.5,1.5,0.79
1788372842.651,turning,11.3,3.757,57.6,0,30,123,9.776,3.714,104.4,1.525,3.13,0.0,4.5,1.5,0.79
1788372842.704,turning,11.3,3.757,57.6,0,30,123,9.776,3.714,104.9,1.525,3.13,0.0,4.5,1.5,0.79
1788372842.757,turning,11.3,3.757,57.6,0,30,123,9.776,3.714,105.3,1.525,3.13,0.0,4.5,1.5,0.79
1788372842.807,turning,11.3,3.757,57.6,0,30,123,9.776,3.714,105.8,1.525,3.13,0.0,4.5,1.5,0.79
1788372842.86,turning,11.3,3.757,57.6,0,30,123,9.776,3.714,106.2,1.525,3.13,0.0,4.5,1.5,0.79
1788372842.912,turning,11.3,3.757,57.6,0,30,123,9.776,3.714,106.7,1.525,3.13,0.0,4.5,1.5,0.79
1788372842.967,turning,11.304,3.76,57.2,0,30,126,9.826,3.698,107.5,1.48,3.127,0.0,4.5,1.5,0.79
1788372843.018,turning,11.308,3.761,57.0,0,30,126,9.826,3.698,108.2,1.483,3.125,0.0,4.5,1.5,0.79
1788372843.071,turning,11.309,3.762,59.4,0,30,126,9.826,3.698,106.2,1.485,3.124,0.0,4.5,1.5,0.79
1788372843.124,turning,11.309,3.762,62.7,0,30,126,9.826,3.698,103.3,1.485,3.124,0.0,4.5,1.5,0.79
1788372843.179,turning,11.309,3.762,66.0,0,30,126,9.826,3.698,100.5,1.485,3.124,0.0,4.5,1.5,0.79
1788372843.238,turning,11.309,3.762,72.5,0,30,126,9.826,3.698,94.3,1.485,3.124,0.0,4.5,1.5,0.79
1788372843.3,turning,11.309,3.762,75.8,0,30,126,9.826,3.698,91.4,1.485,3.124,0.0,4.5,1.5,0.67
1788372843.366,turning,11.309,3.762,82.3,0,30,126,9.826,3.698,85.2,1.485,3.124,0.0,4.5,1.5,0.67
1788372843.43,turning,11.309,3.762,85.6,0,30,126,9.826,3.698,82.3,1.485,3.124,0.0,4.398,1.5,0.67
1788372843.488,turning,11.309,3.762,92.0,0,30,126,9.826,3.698,76.3,1.485,3.124,0.0,4.06,1.5,0.67
1788372843.544,turning,11.309,3.762,95.2,0,30,126,9.826,3.698,73.4,1.485,3.124,0.0,3.895,1.5,0.68
1788372843.599,turning,11.309,3.762,100.6,0,30,126,9.826,3.698,68.3,1.485,3.124,0.0,3.61,1.5,0.68
1788372843.654,turning,11.311,3.758,102.9,0,30,126,9.826,3.698,66.4,1.486,3.128,0.0,3.492,1.5,0.68
1788372843.71,turning,11.313,3.744,106.4,0,30,126,9.826,3.698,63.2,1.488,3.142,0.0,3.307,1.5,0.68
1788372843.769,turning,11.316,3.744,108.4,0,30,126,9.826,3.698,61.5,1.491,3.142,0.0,3.204,1.5,0.69
1788372843.823,turning,11.325,3.748,112.0,0,30,126,9.826,3.698,58.2,1.5,3.137,0.0,3.013,1.5,0.69
1788372843.88,turning,11.325,3.749,114.0,0,30,126,9.826,3.698,56.5,1.5,3.136,0.0,2.91,1.5,0.69
1788372843.934,turning,11.321,3.751,117.6,0,30,126,9.826,3.698,53.2,1.496,3.134,0.0,2.722,1.5,0.69
1788372844.003,turning,11.322,3.753,118.8,0,30,125,9.826,3.698,52.3,1.497,3.133,0.0,2.661,1.5,0.69
1788372844.072,turning,11.324,3.755,120.5,0,30,125,9.826,3.698,50.8,1.499,3.13,0.0,2.569,1.5,0.69
1788372844.138,turning,11.322,3.748,121.6,0,30,125,9.826,3.698,50.0,1.497,3.137,0.0,2.511,1.5,0.69
1788372844.202,turning,11.321,3.741,122.7,0,30,125,9.826,3.698,49.2,1.496,3.144,0.0,2.456,1.5,0.69
1788372844.259,turning,11.319,3.736,124.2,0,30,125,9.826,3.698,47.9,1.494,3.149,0.0,2.4,1.5,0.7
1788372844.316,turning,11.318,3.738,124.7,0,30,125,9.826,3.698,47.6,1.493,3.147,0.0,2.4,1.5,0.7
1788372844.369,turning,11.317,3.74,126.0,0,30,125,9.826,3.698,46.5,1.492,3.145,0.0,2.4,1.5,0.7
1788372844.423,turning,11.317,3.74,126.9,0,30,125,9.826,3.698,45.9,1.492,3.145,0.0,2.4,1.5,0.7
1788372844.476,turning,11.318,3.73,128.6,0,30,125,9.826,3.698,44.4,1.492,3.156,0.0,2.4,1.5,0.7
1788372844.529,turning,11.318,3.72,129.5,0,30,125,9.826,3.698,43.7,1.493,3.165,0.0,2.4,1.5,0.7
1788372844.588,turning,11.318,3.713,131.2,0,30,125,9.826,3.698,42.2,1.493,3.173,0.0,2.4,1.5,0.7
1788372844.643,turning,11.318,3.713,132.0,0,30,125,9.826,3.698,41.5,1.493,3.173,0.0,2.4,1.5,0.7
1788372844.705,turning,11.32,3.716,134.2,0,30,125,9.826,3.698,39.5,1.494,3.169,0.0,2.4,1.5,0.71
1788372844.761,turning,11.32,3.719,135.5,0,30,125,9.826,3.698,38.3,1.495,3.166,0.0,2.4,1.5,0.71
1788372844.823,turning,11.32,3.721,137.5,0,30,125,9.826,3.698,36.5,1.495,3.165,0.0,2.4,1.5,0.71
1788372844.886,turning,11.32,3.721,138.3,0,30,125,9.826,3.698,35.9,1.495,3.165,0.0,2.4,1.5,0.71
1788372844.956,turning,11.32,3.721,140.0,0,30,125,9.826,3.698,34.4,1.495,3.165,0.0,2.4,1.5,0.72
1788372845.022,turning,11.32,3.721,140.8,0,30,124,9.826,3.684,33.8,1.495,3.165,0.0,2.4,1.5,0.72
1788372845.08,turning,11.317,3.721,142.3,0,30,124,9.826,3.684,32.4,1.492,3.165,0.0,2.4,1.5,0.72
1788372845.13,turning,11.315,3.72,143.1,0,30,124,9.826,3.684,31.8,1.49,3.165,0.0,2.4,1.5,0.72
1788372845.184,turning,11.314,3.72,143.9,0,30,124,9.826,3.684,31.2,1.489,3.166,0.0,2.4,1.5,0.72
1788372845.237,turning,11.314,3.72,145.5,0,30,124,9.826,3.684,29.7,1.489,3.166,0.0,2.4,1.5,0.72
1788372845.297,turning,11.314,3.72,146.3,0,30,124,9.826,3.684,29.1,1.489,3.166,0.0,2.4,1.5,0.73
1788372845.354,turning,11.314,3.72,148.0,0,30,124,9.826,3.684,27.6,1.489,3.166,0.0,2.4,1.5,0.73
1788372845.41,turning,11.312,3.721,148.7,0,30,124,9.826,3.684,26.9,1.487,3.165,0.0,2.4,1.5,0.74
1788372845.463,turning,11.306,3.722,150.2,0,30,124,9.826,3.684,25.6,1.481,3.165,0.0,2.4,1.5,0.74
1788372845.516,turning,11.305,3.722,151.0,0,30,124,9.826,3.684,24.9,1.48,3.165,0.0,2.4,1.5,0.76
1788372845.577,turning,11.305,3.722,150.5,0,30,124,9.826,3.684,25.5,1.48,3.165,0.0,2.4,1.5,0.76
1788372845.639,turning,11.305,3.722,148.9,0,30,124,9.826,3.684,27.3,1.48,3.165,0.0,2.4,1.5,0.77
1788372845.703,turning,11.305,3.722,145.8,0,30,124,9.826,3.684,30.6,1.48,3.165,0.0,2.4,1.5,0.77
1788372845.764,turning,11.305,3.722,143.8,0,30,124,9.826,3.684,32.6,1.48,3.165,0.0,2.4,1.5,0.75
1788372845.818,turning,11.304,3.721,139.8,0,30,124,9.826,3.684,36.7,1.479,3.165,0.0,2.4,1.5,0.75
1788372845.871,turning,11.304,3.721,138.2,0,30,124,9.826,3.684,38.5,1.479,3.166,0.0,2.4,1.5,0.74
1788372845.925,turning,11.304,3.721,135.0,0,30,124,9.826,3.684,41.8,1.479,3.166,0.0,2.4,1.5,0.74
1788372845.982,turning,11.304,3.721,133.4,0,30,124,9.826,3.684,43.5,1.479,3.166,0.0,2.4,1.5,0.74
1788372846.039,turning,11.304,3.721,130.2,0,30,125,9.825,3.763,46.8,1.479,3.166,0.0,2.4,1.5,0.74
1788372846.094,turning,11.304,3.721,128.6,0,30,125,9.825,3.763,48.4,1.479,3.166,0.0,2.4,1.5,0.75
1788372846.15,turning,11.304,3.721,127.0,0,30,125,9.825,3.763,50.0,1.479,3.166,0.0,2.4,1.5,0.75
1788372846.209,turning,11.304,3.721,123.8,0,30,125,9.825,3.763,53.3,1.479,3.166,0.0,2.4,1.5,0.74
1788372846.26,turning,11.304,3.721,122.2,0,30,125,9.825,3.763,54.9,1.479,3.166,0.0,2.48,1.5,0.74
1788372846.32,turning,11.304,3.721,119.0,0,30,125,9.825,3.763,58.1,1.479,3.166,0.0,2.647,1.5,0.74
1788372846.382,turning,11.304,3.721,117.4,0,30,125,9.825,3.763,59.7,1.479,3.166,0.0,2.731,1.5,0.74
1788372846.45,turning,11.299,3.72,114.1,1,31,125,9.776,3.765,63.1,1.524,3.167,0.0,2.906,1.5,0.74
1788372846.514,turning,11.294,3.719,112.4,1,31,125,9.776,3.765,64.9,1.52,3.168,0.0,2.996,1.5,0.74
1788372846.575,turning,11.291,3.718,109.1,1,31,125,9.776,3.765,68.2,1.516,3.17,0.0,3.169,1.5,0.74
1788372846.63,turning,11.291,3.718,107.5,1,31,125,9.776,3.765,69.8,1.516,3.17,0.0,3.253,1.5,0.74
1788372846.685,turning,11.289,3.714,104.5,1,31,125,9.776,3.765,72.8,1.514,3.174,0.0,3.408,1.5,0.74
1788372846.739,turning,11.287,3.71,103.1,1,31,125,9.776,3.765,74.2,1.512,3.178,0.0,3.482,1.5,0.74
1788372846.8,turning,11.286,3.708,100.0,1,31,125,9.776,3.765,77.3,1.511,3.18,0.0,3.642,1.5,0.74
1788372846.855,turning,11.286,3.708,98.4,1,31,125,9.776,3.765,78.9,1.511,3.18,0.0,3.726,1.5,0.74
1788372846.913,turning,11.279,3.711,95.3,1,31,125,9.776,3.765,82.1,1.505,3.177,0.0,3.891,1.5,0.74
1788372846.967,turning,11.275,3.714,93.7,1,31,125,9.776,3.765,83.6,1.5,3.175,0.0,3.972,1.5,0.74
1788372847.021,turning,11.272,3.716,90.6,1,31,125,9.776,3.765,86.8,1.497,3.174,0.0,4.135,1.5,0.74
1788372847.074,turning,11.272,3.716,89.1,0,30,123,9.776,3.764,88.3,1.497,3.174,0.0,4.215,1.5,0.74
1788372847.136,turning,11.268,3.716,87.7,0,30,123,9.776,3.764,89.7,1.493,3.174,0.0,4.288,1.5,0.73
1788372847.195,turning,11.252,3.716,85.2,0,30,123,9.776,3.764,92.2,1.477,3.175,0.0,4.418,1.5,0.73
1788372847.263,turning,11.248,3.716,84.0,1,31,123,9.726,3.766,93.5,1.523,3.176,0.0,4.483,1.5,0.73
1788372847.327,turning,11.248,3.716,81.6,1,31,123,9.726,3.766,95.9,1.523,3.176,0.0,4.5,1.5,0.73
1788372847.39,turning,11.248,3.718,80.5,1,31,123,9.726,3.766,97.0,1.523,3.174,0.0,4.5,1.5,0.73
1788372847.452,turning,11.247,3.723,78.5,1,31,123,9.726,3.766,99.0,1.522,3.169,0.0,4.5,1.5,0.73
1788372847.512,turning,11.246,3.724,77.5,1,31,123,9.726,3.766,100.1,1.521,3.169,0.0,4.5,1.5,0.72
1788372847.571,turning,11.246,3.724,75.6,1,31,123,9.726,3.766,102.0,1.521,3.169,0.0,4.5,1.5,0.72
1788372847.629,turning,11.243,3.725,74.6,1,31,123,9.726,3.766,103.0,1.518,3.167,0.0,4.5,1.5,0.72
1788372847.692,turning,11.234,3.73,72.7,1,31,123,9.726,3.766,104.9,1.509,3.164,0.0,4.5,1.5,0.72
1788372847.751,turning,11.233,3.73,71.8,1,31,123,9.726,3.766,105.8,1.508,3.163,0.0,4.5,1.5,0.71
1788372847.814,turning,11.233,3.73,70.4,1,31,123,9.726,3.766,107.2,1.508,3.163,0.0,4.5,1.5,0.71
1788372847.874,turning,11.231,3.73,69.8,1,31,123,9.726,3.766,107.9,1.506,3.164,0.0,4.5,1.5,0.71
1788372847.935,turning,11.227,3.728,68.5,1,31,123,9.726,3.766,109.2,1.502,3.166,0.0,4.5,1.5,0.71
1788372848.005,turning,11.226,3.728,67.9,1,31,123,9.726,3.766,109.8,1.501,3.166,0.0,4.5,1.5,0.71
1788372848.077,turning,11.226,3.728,66.8,0,30,123,9.726,3.766,110.9,1.501,3.166,0.0,4.5,1.5,0.71
1788372848.14,turning,11.226,3.73,66.4,0,30,123,9.726,3.766,111.3,1.501,3.165,0.0,4.5,1.5,0.71
1788372848.198,turning,11.225,3.731,66.1,0,30,123,9.726,3.766,111.7,1.5,3.163,0.0,4.5,1.5,0.71
1788372848.256,turning,11.225,3.733,65.2,0,30,123,9.726,3.766,112.6,1.5,3.162,0.0,4.5,1.5,0.7
1788372848.311,turning,11.225,3.733,64.8,0,30,123,9.726,3.766,113.1,1.5,3.162,0.0,4.5,1.5,0.7
1788372848.371,turning,11.225,3.733,63.9,0,30,123,9.726,3.766,113.9,1.5,3.162,0.0,4.5,1.5,0.7
1788372848.426,turning,11.225,3.733,63.5,0,30,123,9.726,3.766,114.4,1.5,3.162,0.0,4.5,1.5,0.7
1788372848.482,turning,11.222,3.731,62.6,0,30,123,9.726,3.766,115.3,1.497,3.164,0.0,4.5,1.5,0.7
1788372848.539,turning,11.219,3.729,62.1,0,30,123,9.726,3.766,115.9,1.494,3.166,0.0,4.5,1.5,0.7
1788372848.598,turning,11.217,3.727,61.3,0,30,123,9.726,3.766,116.6,1.492,3.168,0.0,4.5,1.5,0.7
1788372848.651,turning,11.217,3.727,61.0,0,30,123,9.726,3.766,117.0,1.492,3.168,0.0,4.5,1.5,0.7
1788372848.713,turning,11.217,3.727,60.4,0,30,123,9.726,3.766,117.5,1.492,3.168,0.0,4.5,1.5,0.69
1788372848.776,turning,11.217,3.727,60.2,0,30,123,9.726,3.766,117.8,1.492,3.168,0.0,4.5,1.5,0.69
1788372848.84,turning,11.217,3.727,59.7,0,30,123,9.726,3.766,118.3,1.492,3.168,0.0,4.5,1.5,0.69
1788372848.901,turning,11.217,3.727,59.4,0,30,123,9.726,3.766,118.6,1.492,3.168,0.0,4.5,1.5,0.69
1788372848.956,turning,11.218,3.729,59.0,0,30,123,9.726,3.766,119.0,1.493,3.166,0.0,4.5,1.5,0.69
1788372849.018,turning,11.22,3.733,58.8,0,30,123,9.726,3.766,119.2,1.495,3.162,0.0,4.5,1.5,0.69
1788372849.083,turning,11.22,3.741,58.1,0,30,123,9.726,3.766,119.9,1.495,3.154,0.0,4.5,1.5,0.68
1788372849.152,turning,11.219,3.745,57.7,0,30,122,9.726,3.766,120.4,1.494,3.151,0.0,4.5,1.5,0.68
1788372849.219,turning,11.221,3.749,57.4,0,30,122,9.726,3.766,120.7,1.495,3.146,0.0,4.5,1.5,0.66
1788372849.276,turning,11.228,3.761,57.1,0,30,122,9.726,3.766,121.0,1.502,3.134,0.0,4.5,1.5,0.66
1788372849.333,turning,11.232,3.766,57.0,0,30,122,9.726,3.766,121.2,1.506,3.127,0.0,4.5,1.5,0.65
1788372849.394,turning,11.239,3.778,56.8,0,30,122,9.726,3.766,121.5,1.514,3.115,0.0,4.5,1.5,0.65
1788372849.455,turning,11.243,3.784,56.7,0,30,122,9.726,3.766,121.7,1.517,3.109,0.0,4.5,1.5,0.63
1788372849.519,turning,11.25,3.795,56.5,0,30,122,9.726,3.766,121.9,1.525,3.097,0.0,4.5,1.5,0.63
1788372849.588,turning,11.254,3.801,56.4,0,30,122,9.726,3.766,122.1,1.529,3.091,0.0,4.5,1.5,0.61
1788372849.655,turning,11.262,3.812,56.2,0,30,122,9.726,3.766,122.4,1.537,3.079,0.0,4.5,1.5,0.61
1788372849.723,turning,11.265,3.818,56.1,0,30,122,9.726,3.766,122.5,1.541,3.073,0.0,4.5,1.5,0.6
1788372849.784,turning,11.273,3.829,55.9,0,30,122,9.726,3.766,122.8,1.549,3.061,0.0,4.5,1.5,0.6
1788372849.846,turning,11.277,3.834,55.9,0,30,122,9.726,3.766,123.0,1.553,3.055,0.0,4.5,1.5,0.65
1788372849.905,turning,11.284,3.846,55.7,0,30,122,9.726,3.766,123.2,1.561,3.043,0.0,4.5,1.5,0.65
1788372849.968,turning,11.288,3.851,55.7,0,30,122,9.726,3.766,123.4,1.565,3.037,0.0,4.5,1.5,0.75
1788372850.026,turning,11.296,3.863,55.5,0,30,122,9.726,3.766,123.6,1.573,3.025,0.0,4.5,1.5,0.75
1788372850.086,turning,11.3,3.868,55.5,0,30,122,9.726,3.766,123.8,1.578,3.019,0.0,4.5,1.5,0.81
1788372850.144,turning,11.308,3.879,55.4,0,30,124,9.826,3.76,124.0,1.487,3.008,0.0,4.5,1.5,0.81
1788372850.199,turning,11.311,3.885,55.3,0,30,124,9.826,3.76,124.2,1.491,3.002,0.0,4.5,1.5,0.79
1788372850.258,turning,11.315,3.89,55.3,0,30,124,9.826,3.76,124.4,1.495,2.996,0.0,4.5,1.5,0.79
1788372850.331,turning,11.321,3.897,55.2,0,30,124,9.826,3.76,124.6,1.501,2.989,0.0,4.5,1.5,0.77
1788372850.39,turning,11.322,3.898,55.2,0,30,124,9.826,3.76,124.7,1.503,2.988,0.0,4.5,1.5,0.77
1788372850.45,turning,11.321,3.894,58.1,0,30,124,9.826,3.76,121.9,1.501,2.992,0.0,4.5,1.5,0.76
1788372850.514,turning,11.321,3.894,59.6,0,30,124,9.826,3.76,120.5,1.501,2.992,0.0,4.5,1.5,0.76
1788372850.571,turning,11.321,3.894,62.7,0,30,124,9.826,3.76,117.6,1.501,2.992,0.0,4.5,1.5,0.68
1788372850.621,turning,11.321,3.894,64.2,0,30,124,9.826,3.76,116.2,1.501,2.992,0.0,4.5,1.5,0.68
1788372850.678,turning,11.321,3.894,66.8,0,12,124,10.725,3.73,114.5,0.618,2.992,0.0,4.5,0.6,0.51
1788372850.734,turning,11.321,3.894,68.0,0,12,124,10.725,3.73,114.2,0.618,2.992,0.0,4.5,0.6,0.51
1788372850.793,turning,11.321,3.894,69.9,0,12,124,10.725,3.73,113.1,0.618,2.992,0.0,4.5,0.6,0.52
1788372850.848,turning,11.321,3.894,70.8,0,12,124,10.725,3.73,112.9,0.618,2.992,0.0,4.5,0.6,0.52
1788372850.901,turning,11.321,3.894,72.7,0,12,124,10.725,3.73,111.7,0.618,2.992,0.0,4.5,0.6,0.52
1788372850.961,turning,11.321,3.894,73.6,0,12,124,10.725,3.73,111.5,0.618,2.992,0.0,4.5,0.6,0.52
1788372851.019,turning,11.317,3.879,73.9,0,12,124,10.725,3.73,111.8,0.61,3.007,0.0,4.5,0.6,0.52
1788372851.078,turning,11.314,3.871,73.9,0,12,124,10.725,3.73,112.2,0.606,3.015,0.0,4.5,0.6,0.52
1788372851.146,turning,11.301,3.854,73.8,0,12,124,10.725,3.761,112.5,0.583,3.033,0.0,4.5,0.6,0.54
1788372851.207,turning,11.293,3.845,73.7,1,13,124,10.675,3.76,112.7,0.623,3.043,0.0,4.5,0.6,0.54
1788372851.271,turning,11.287,3.837,73.7,1,31,124,9.776,3.735,112.7,1.515,3.052,0.0,4.5,1.5,0.56
1788372851.331,turning,11.282,3.82,73.7,1,31,124,9.776,3.735,112.6,1.509,3.069,0.0,4.5,1.5,0.56
1788372851.392,turning,11.279,3.813,73.6,1,31,124,9.776,3.735,112.6,1.506,3.076,0.0,4.5,1.5,0.58
1788372851.451,turning,11.271,3.8,73.2,1,31,124,9.776,3.735,112.9,1.497,3.09,0.0,4.5,1.5,0.58
1788372851.507,turning,11.268,3.793,73.1,1,31,124,9.776,3.735,112.9,1.494,3.097,0.0,4.5,1.5,0.61
1788372851.566,turning,11.263,3.777,73.1,2,32,124,9.726,3.733,112.8,1.538,3.114,0.0,4.5,1.5,0.61
1788372851.621,turning,11.261,3.769,73.1,2,32,124,9.726,3.733,112.7,1.535,3.122,0.0,4.5,1.5,0.63
1788372851.674,turning,11.256,3.752,73.1,2,32,124,9.726,3.733,112.6,1.53,3.139,0.0,4.5,1.5,0.63
1788372851.73,turning,11.253,3.744,73.1,2,32,124,9.726,3.733,112.4,1.528,3.147,0.0,4.5,1.5,0.65
1788372851.786,turning,11.248,3.728,73.1,2,32,124,9.726,3.733,112.3,1.523,3.164,0.0,4.5,1.5,0.65
1788372851.843,turning,11.246,3.72,73.1,2,32,124,9.726,3.733,112.1,1.52,3.172,0.0,4.5,1.5,0.67
1788372851.904,turning,11.241,3.703,73.1,2,32,124,9.726,3.733,112.0,1.516,3.189,0.0,4.5,1.5,0.67
1788372851.968,turning,11.238,3.695,73.1,2,32,124,9.726,3.733,111.8,1.513,3.197,0.0,4.5,1.5,0.7
1788372852.03,turning,11.233,3.679,73.1,2,32,124,9.726,3.733,111.7,1.509,3.214,0.0,4.5,1.5,0.7
1788372852.087,turning,11.233,3.673,73.7,2,32,124,9.726,3.733,110.8,1.509,3.22,0.0,4.5,1.5,0.72
1788372852.142,turning,11.229,3.661,75.2,2,32,124,9.726,3.733,109.2,1.505,3.233,0.0,4.5,1.5,0.72
1788372852.197,turning,11.226,3.652,75.3,2,32,124,9.726,3.733,108.9,1.503,3.241,0.0,4.5,1.5,0.74
1788372852.25,turning,11.224,3.644,75.3,2,32,124,9.726,3.733,108.8,1.501,3.25,0.0,4.5,1.5,0.74
1788372852.305,turning,11.22,3.628,75.3,2,32,124,9.726,3.733,108.6,1.498,3.267,0.0,4.5,1.5,0.77
1788372852.357,turning,11.218,3.62,75.3,2,32,124,9.726,3.733,108.4,1.496,3.275,0.0,4.5,1.5,0.77
1788372852.415,turning,11.213,3.603,75.3,2,32,124,9.726,3.733,108.1,1.493,3.292,0.0,4.5,1.5,0.79
1788372852.47,turning,11.211,3.595,75.3,2,32,124,9.726,3.733,107.9,1.492,3.3,0.0,4.5,1.5,0.79
1788372852.526,turning,11.208,3.582,75.3,2,32,124,9.726,3.733,107.7,1.49,3.314,0.0,4.5,1.5,0.81
1788372852.583,turning,11.207,3.577,75.3,2,32,124,9.726,3.733,107.5,1.489,3.318,0.0,4.5,1.5,0.81
1788372852.641,turning,11.207,3.576,75.5,2,32,124,9.726,3.733,107.1,1.49,3.32,0.0,4.5,1.5,0.83
1788372852.703,turning,11.208,3.578,75.6,2,32,124,9.726,3.733,106.7,1.491,3.317,0.0,4.5,1.5,0.83
1788372852.765,turning,11.211,3.586,75.8,2,32,124,9.726,3.733,106.3,1.493,3.309,0.0,4.5,1.5,0.83
1788372852.827,turning,11.212,3.592,75.8,2,32,124,9.726,3.733,106.2,1.494,3.303,0.0,4.5,1.5,0.83
1788372852.891,turning,11.216,3.605,75.8,2,32,124,9.726,3.733,106.0,1.496,3.29,0.0,4.5,1.5,0.81
1788372852.945,turning,11.217,3.612,75.8,2,32,124,9.726,3.733,105.8,1.497,3.283,0.0,4.5,1.5,0.81
1788372853.002,turning,11.221,3.625,75.8,2,32,124,9.726,3.733,105.7,1.499,3.269,0.0,4.5,1.5,0.79
1788372853.06,turning,11.222,3.631,75.8,2,32,124,9.726,3.733,105.6,1.5,3.263,0.0,4.5,1.5,0.79
1788372853.119,turning,11.226,3.645,75.8,2,32,124,9.726,3.733,105.5,1.503,3.249,0.0,4.5,1.5,0.77
1788372853.175,turning,11.227,3.651,75.7,2,32,124,9.726,3.733,105.4,1.504,3.242,0.0,4.5,1.5,0.77
1788372853.23,turning,11.229,3.658,75.6,2,32,124,9.726,3.733,105.4,1.505,3.236,0.0,4.5,1.5,0.75
1788372853.285,turning,11.231,3.665,75.1,2,32,124,9.726,3.733,105.8,1.507,3.228,0.0,4.5,1.5,0.75
1788372853.343,turning,11.231,3.665,74.8,2,32,124,9.726,3.733,106.0,1.507,3.228,0.0,4.5,1.5,0.74
1788372853.397,turning,11.231,3.665,74.1,2,32,124,9.726,3.733,106.6,1.507,3.228,0.0,4.5,1.5,0.74
1788372853.459,turning,11.231,3.665,73.8,2,32,124,9.726,3.733,106.9,1.507,3.228,0.0,4.5,1.5,0.74
1788372853.522,turning,11.231,3.665,73.1,2,32,124,9.726,3.733,107.4,1.507,3.228,0.0,4.5,1.5,0.74
1788372853.588,turning,11.231,3.665,72.8,2,32,124,9.726,3.733,107.7,1.507,3.228,0.0,4.5,1.5,0.74
1788372853.649,turning,11.231,3.665,72.3,2,32,124,9.726,3.733,108.1,1.507,3.228,0.0,4.5,1.5,0.74
1788372853.707,turning,11.231,3.665,72.0,2,32,124,9.726,3.733,108.3,1.507,3.228,0.0,4.5,1.5,0.74
1788372853.764,turning,11.231,3.665,71.5,2,32,124,9.726,3.733,108.8,1.507,3.228,0.0,4.5,1.5,0.74
1788372853.816,turning,11.231,3.665,71.3,2,32,124,9.726,3.733,108.9,1.507,3.228,0.0,4.5,1.5,0.74
1788372853.87,turning,11.232,3.668,70.8,2,32,124,9.726,3.733,109.3,1.508,3.226,0.0,4.5,1.5,0.74
1788372853.922,turning,11.233,3.671,70.6,2,32,124,9.726,3.733,109.4,1.509,3.222,0.0,4.5,1.5,0.73
1788372853.976,turning,11.236,3.679,70.2,2,32,124,9.726,3.733,109.9,1.511,3.214,0.0,4.5,1.5,0.73
1788372854.031,turning,11.236,3.679,69.9,2,32,124,9.726,3.733,110.1,1.511,3.214,0.0,4.5,1.5,0.72
1788372854.089,turning,11.236,3.679,69.3,2,32,124,9.726,3.733,110.7,1.511,3.214,0.0,4.5,1.5,0.72
1788372854.143,turning,11.236,3.679,68.9,2,32,124,9.726,3.733,110.9,1.511,3.214,0.0,4.5,1.5,0.72
1788372854.195,turning,11.236,3.679,68.6,2,32,124,9.726,3.733,111.2,1.511,3.214,0.0,4.5,1.5,0.72
1788372854.259,turning,11.236,3.679,68.1,2,32,124,9.726,3.733,111.7,1.511,3.214,0.0,4.5,1.5,0.72
1788372854.325,turning,11.236,3.679,67.8,2,32,124,9.726,3.733,112.0,1.511,3.214,0.0,4.5,1.5,0.72
1788372854.392,turning,11.236,3.679,67.3,2,32,124,9.726,3.733,112.4,1.511,3.214,0.0,4.5,1.5,0.72
1788372854.461,turning,11.236,3.679,67.0,2,32,124,9.726,3.733,112.6,1.511,3.214,0.0,4.5,1.5,0.72
1788372854.519,turning,11.237,3.682,66.6,2,32,124,9.726,3.733,113.0,1.512,3.211,0.0,4.5,1.5,0.72
1788372854.574,turning,11.239,3.686,66.4,2,32,124,9.726,3.733,113.2,1.514,3.207,0.0,4.5,1.5,0.72
1788372854.575,turning,11.239,3.686,66.4,2,32,124,9.726,3.733,113.2,1.514,3.207,0.0,4.5,1.5,0.72
1788372854.686,turning,11.234,3.688,65.5,2,32,124,9.726,3.733,114.0,1.509,3.205,0.0,4.5,1.5,0.71
1788372854.743,turning,11.232,3.689,64.9,2,32,124,9.726,3.733,114.5,1.507,3.205,0.0,4.5,1.5,0.71
1788372854.798,turning,11.232,3.689,64.7,2,32,124,9.726,3.733,114.8,1.507,3.205,0.0,4.5,1.5,0.71
1788372854.857,turning,11.232,3.689,64.1,2,32,124,9.726,3.733,115.3,1.507,3.205,0.0,4.5,1.5,0.71
1788372854.911,turning,11.232,3.689,63.9,2,32,124,9.726,3.733,115.5,1.507,3.205,0.0,4.5,1.5,0.71
1788372854.968,turning,11.232,3.689,63.4,2,32,124,9.726,3.733,116.0,1.507,3.204,0.0,4.5,1.5,0.71
1788372855.024,turning,11.233,3.691,63.2,2,32,124,9.726,3.733,116.2,1.508,3.202,0.0,4.5,1.5,0.71
1788372855.093,turning,11.235,3.695,62.7,2,32,124,9.726,3.733,116.6,1.51,3.198,0.0,4.5,1.5,0.7
1788372855.155,turning,11.235,3.695,62.5,2,32,124,9.726,3.733,116.8,1.51,3.198,0.0,4.5,1.5,0.7
1788372855.218,turning,11.235,3.695,62.2,2,32,124,9.726,3.733,117.1,1.51,3.198,0.0,4.5,1.5,0.7
1788372855.278,turning,11.235,3.695,61.7,2,32,124,9.726,3.733,117.5,1.51,3.198,0.0,4.5,1.5,0.7
1788372855.336,turning,11.235,3.695,61.5,2,32,124,9.726,3.733,117.8,1.51,3.198,0.0,4.5,1.5,0.7
1788372855.391,turning,11.236,3.697,61.0,2,32,124,9.726,3.733,118.2,1.511,3.196,0.0,4.5,1.5,0.7
1788372855.445,turning,11.238,3.7,60.8,2,32,124,9.726,3.733,118.4,1.513,3.192,0.0,4.5,1.5,0.69
1788372855.496,turning,11.238,3.701,60.3,2,32,124,9.726,3.733,118.9,1.513,3.192,0.0,4.5,1.5,0.69
1788372855.55,turning,11.236,3.699,60.1,2,32,124,9.726,3.733,119.1,1.511,3.194,0.0,4.5,1.5,0.69
1788372855.605,turning,11.228,3.694,59.8,2,32,124,9.726,3.733,119.4,1.503,3.199,0.0,4.5,1.5,0.69
1788372855.662,turning,11.228,3.696,59.6,2,32,124,9.726,3.733,119.5,1.503,3.198,0.0,4.5,1.5,0.69
1788372855.718,turning,11.234,3.704,59.2,2,32,124,9.726,3.733,119.9,1.508,3.189,0.0,4.5,1.5,0.69
1788372855.778,turning,11.237,3.71,59.1,2,32,124,9.726,3.733,120.1,1.512,3.183,0.0,4.5,1.5,0.67
1788372855.837,turning,11.244,3.722,58.7,2,32,124,9.726,3.733,120.5,1.518,3.171,0.0,4.5,1.5,0.67
1788372855.902,turning,11.248,3.728,58.5,2,32,124,9.726,3.733,120.7,1.522,3.164,0.0,4.5,1.5,0.66
1788372855.968,turning,11.255,3.739,58.2,2,32,124,9.726,3.733,121.0,1.529,3.152,0.0,4.5,1.5,0.66
1788372856.027,turning,11.258,3.745,58.0,2,32,124,9.726,3.733,121.2,1.533,3.146,0.0,4.5,1.5,0.75
1788372856.084,turning,11.266,3.756,57.7,2,32,124,9.726,3.733,121.6,1.54,3.134,0.0,4.5,1.5,0.75
1788372856.14,turning,11.269,3.762,57.5,2,32,124,9.726,3.733,121.8,1.544,3.128,0.0,4.5,1.5,0.86
1788372856.196,turning,11.273,3.768,57.4,2,32,124,9.726,3.733,122.0,1.548,3.122,0.0,4.5,1.5,0.86
1788372856.252,turning,11.28,3.779,57.1,1,31,124,9.776,3.735,122.3,1.505,3.11,0.0,4.5,1.5,0.84
1788372856.308,turning,11.284,3.785,57.0,1,31,124,9.776,3.735,122.5,1.509,3.104,0.0,4.5,1.5,0.84
1788372856.364,turning,11.291,3.796,56.8,1,31,124,9.776,3.735,122.8,1.517,3.092,0.0,4.5,1.5,0.82
1788372856.417,turning,11.295,3.802,56.7,1,31,124,9.776,3.735,123.0,1.521,3.086,0.0,4.5,1.5,0.82
1788372856.473,turning,11.303,3.813,56.5,1,31,124,9.776,3.735,123.3,1.529,3.074,0.0,4.5,1.5,0.8
1788372856.526,turning,11.306,3.819,56.4,1,31,124,9.776,3.735,123.4,1.533,3.068,0.0,4.5,1.5,0.8
1788372856.526,turning,11.306,3.819,56.4,1,31,124,9.776,3.735,123.5,1.533,3.068,0.0,4.5,1.5,0.8
1788372856.646,turning,11.318,3.836,56.1,0,30,124,9.826,3.736,123.9,1.495,3.05,0.0,4.5,1.5,0.78
1788372856.715,turning,11.325,3.841,54.5,0,30,124,9.826,3.736,125.5,1.503,3.045,0.0,4.5,1.5,0.76
1788372856.779,turning,11.325,3.839,53.3,0,30,124,9.826,3.736,126.9,1.503,3.046,0.0,4.5,1.5,0.76
1788372856.842,turning,11.32,3.835,55.1,0,30,124,9.826,3.736,125.1,1.498,3.05,0.0,4.5,1.5,0.74
1788372856.903,turning,11.32,3.835,56.6,0,30,124,9.826,3.736,123.7,1.498,3.05,0.0,4.5,1.5,0.74
1788372856.961,turning,11.32,3.835,59.7,0,30,124,9.826,3.736,120.8,1.498,3.05,0.0,4.5,1.5,0.74
1788372857.02,turning,11.32,3.835,61.2,0,30,124,9.826,3.736,119.3,1.498,3.05,0.0,4.5,1.5,0.74
1788372857.076,turning,11.32,3.835,64.2,0,30,124,9.826,3.736,116.4,1.498,3.05,0.0,4.5,1.5,0.71
1788372857.128,turning,11.32,3.835,65.8,0,30,124,9.826,3.736,114.9,1.498,3.05,0.0,4.5,1.5,0.71
1788372857.183,turning,11.32,3.835,67.0,0,12,124,10.725,3.761,114.0,0.6,3.05,0.0,4.5,0.6,0.54
1788372857.234,turning,11.32,3.835,69.0,0,12,124,10.725,3.761,112.5,0.6,3.05,0.0,4.5,0.6,0.54
1788372857.29,turning,11.32,3.835,69.9,0,12,124,10.725,3.761,111.9,0.6,3.05,0.0,4.5,0.6,0.54
1788372857.344,turning,11.32,3.835,71.8,0,12,124,10.725,3.761,110.3,0.6,3.05,0.0,4.5,0.6,0.54
1788372857.403,turning,11.32,3.835,72.7,0,12,124,10.725,3.761,109.7,0.6,3.05,0.0,4.5,0.6,0.55
1788372857.468,turning,11.32,3.835,74.6,0,12,124,10.725,3.761,108.1,0.6,3.05,0.0,4.5,0.6,0.55
1788372857.533,turning,11.32,3.836,75.5,0,12,124,10.725,3.761,107.4,0.599,3.05,0.0,4.5,0.6,0.55
1788372857.598,turning,11.319,3.838,77.5,0,12,124,10.725,3.761,105.8,0.599,3.048,0.0,4.5,0.6,0.55
1788372857.658,turning,11.319,3.838,78.4,0,12,124,10.725,3.761,105.1,0.599,3.048,0.0,4.5,0.6,0.55
1788372857.712,turning,11.319,3.838,80.3,0,12,124,10.725,3.761,103.4,0.599,3.048,0.0,4.5,0.6,0.55
1788372857.768,turning,11.321,3.84,82.2,0,12,124,10.725,3.761,101.8,0.601,3.045,0.0,4.5,0.6,0.55
1788372857.824,turning,11.313,3.843,86.6,0,12,124,10.725,3.761,97.6,0.593,3.043,0.0,4.344,0.6,0.55
1788372857.879,turning,11.311,3.843,87.8,0,30,124,9.826,3.736,96.4,1.489,3.043,0.0,4.283,1.5,0.55
1788372857.931,turning,11.311,3.843,89.0,0,30,124,9.826,3.736,95.2,1.489,3.043,0.0,4.22,1.5,0.55
1788372857.988,turning,11.311,3.843,89.0,0,30,124,9.826,3.736,95.2,1.489,3.043,0.0,4.22,1.5,0.55
1788372858.039,turning,11.311,3.843,89.0,0,30,124,9.826,3.736,95.2,1.489,3.043,0.0,4.22,1.5,0.55
1788372858.093,turning,11.311,3.847,88.1,0,30,124,9.826,3.736,96.0,1.49,3.04,0.0,4.264,1.5,0.55
1788372858.146,turning,11.31,3.85,87.2,0,30,124,9.826,3.736,96.9,1.488,3.037,0.0,4.311,1.5,0.55
1788372858.209,turning,11.304,3.838,86.3,1,31,124,9.776,3.735,97.8,1.532,3.049,0.0,4.359,1.5,0.55
1788372858.269,turning,11.304,3.829,86.3,1,31,124,9.776,3.735,97.8,1.531,3.058,0.0,4.359,1.5,0.55
1788372858.334,turning,11.303,3.812,86.3,1,31,124,9.776,3.735,97.8,1.529,3.075,0.0,4.359,1.5,0.58
1788372858.402,turning,11.302,3.804,86.3,1,31,124,9.776,3.735,97.8,1.528,3.083,0.0,4.359,1.5,0.58
1788372858.459,turning,11.303,3.791,86.5,1,31,124,9.776,3.735,97.6,1.528,3.096,0.0,4.351,1.5,0.6
1788372858.514,turning,11.304,3.786,86.6,1,31,124,9.776,3.735,97.4,1.529,3.101,0.0,4.344,1.5,0.6
1788372858.57,turning,11.304,3.772,86.7,1,31,124,9.776,3.735,97.2,1.529,3.115,0.0,4.338,1.5,0.62
1788372858.625,turning,11.303,3.764,86.7,1,31,124,9.776,3.735,97.1,1.528,3.123,0.0,4.338,1.5,0.62
1788372858.679,turning,11.302,3.747,86.7,2,32,124,9.726,3.733,97.1,1.577,3.14,0.0,4.338,1.5,0.65
1788372858.733,turning,11.302,3.738,86.7,2,32,124,9.726,3.733,97.0,1.576,3.149,0.0,4.338,1.5,0.65
1788372858.788,turning,11.301,3.721,86.7,2,32,124,9.726,3.733,96.9,1.575,3.166,0.0,4.338,1.5,0.67
1788372858.842,turning,11.301,3.713,86.7,2,32,124,9.726,3.733,96.8,1.575,3.174,0.0,4.338,1.5,0.67
1788372858.896,turning,11.3,3.696,86.7,2,32,124,9.726,3.733,96.6,1.574,3.191,0.0,4.338,1.5,0.7
1788372858.952,turning,11.299,3.687,86.7,2,32,124,9.726,3.733,96.5,1.574,3.2,0.0,4.338,1.5,0.7
1788372859.013,turning,11.298,3.67,86.7,2,32,124,9.726,3.733,96.4,1.574,3.217,0.0,4.338,1.5,0.72
1788372859.076,turning,11.298,3.662,86.7,2,32,124,9.726,3.733,96.2,1.574,3.225,0.0,4.338,1.5,0.72
1788372859.143,turning,11.297,3.654,87.0,2,32,124,9.726,3.733,95.8,1.574,3.233,0.0,4.324,1.5,0.75
1788372859.203,turning,11.295,3.641,88.2,2,32,124,9.726,3.733,94.5,1.573,3.246,0.0,4.263,1.5,0.75
1788372859.259,turning,11.294,3.633,88.5,2,32,124,9.726,3.733,94.1,1.572,3.254,0.0,4.248,1.5,0.77
1788372859.317,turning,11.294,3.616,88.5,2,32,124,9.726,3.733,93.9,1.573,3.271,0.0,4.248,1.5,0.77
1788372859.372,turning,11.294,3.607,88.5,2,32,124,9.726,3.733,93.7,1.573,3.28,0.0,4.248,1.5,0.79
1788372859.428,turning,11.293,3.59,88.5,2,32,124,9.726,3.733,93.5,1.574,3.297,0.0,4.248,1.5,0.79
1788372859.481,turning,11.293,3.582,88.5,2,32,124,9.726,3.733,93.4,1.575,3.305,0.0,4.248,1.5,0.82
1788372859.536,turning,11.292,3.565,88.5,2,32,124,9.726,3.733,93.2,1.576,3.322,0.0,4.248,1.5,0.82
1788372859.593,turning,11.292,3.556,88.5,2,32,124,9.726,3.733,93.0,1.577,3.331,0.0,4.248,1.5,0.84
1788372859.646,turning,11.292,3.539,88.5,2,32,124,9.726,3.733,92.7,1.578,3.348,0.0,4.248,1.5,0.84
1788372859.707,turning,11.292,3.531,88.8,2,32,124,9.726,3.733,92.2,1.579,3.356,0.0,4.231,1.5,0.87
1788372859.769,turning,11.291,3.517,89.6,2,32,124,9.726,3.733,91.1,1.58,3.37,0.0,4.187,1.5,0.87
1788372859.83,turning,11.29,3.513,89.7,2,32,124,9.726,3.733,90.9,1.58,3.374,0.0,4.183,1.5,0.89
1788372859.893,turning,11.29,3.51,89.7,2,32,124,9.726,3.733,90.6,1.581,3.377,0.0,4.183,1.5,0.89
1788372859.955,turning,11.29,3.51,89.7,2,32,124,9.726,3.733,90.4,1.581,3.377,0.0,4.183,1.5,0.89
1788372860.014,turning,11.29,3.517,89.7,2,32,124,9.726,3.733,90.2,1.58,3.37,0.0,4.183,1.5,0.89
1788372860.073,turning,11.29,3.524,89.7,2,32,124,9.726,3.733,90.0,1.579,3.364,0.0,4.183,1.5,0.89
1788372860.131,turning,11.291,3.53,89.7,2,32,124,9.726,3.733,89.9,1.578,3.357,0.0,4.183,1.5,0.89
1788372860.188,turning,11.291,3.544,89.7,2,32,124,9.726,3.733,89.7,1.576,3.343,0.0,4.183,1.5,0.87
1788372860.244,turning,11.291,3.551,89.7,2,32,124,9.726,3.733,89.6,1.576,3.336,0.0,4.183,1.5,0.87
1788372860.308,turning,11.287,3.563,88.8,2,32,124,9.726,3.733,90.3,1.571,3.325,0.0,4.228,1.5,0.85
1788372860.374,turning,11.282,3.567,88.0,2,32,124,9.726,3.733,91.0,1.566,3.321,0.0,4.27,1.5,0.85
1788372860.436,turning,11.277,3.579,87.3,2,32,124,9.726,3.733,91.6,1.559,3.31,0.0,4.307,1.5,0.83
1788372860.499,turning,11.277,3.586,87.3,2,32,124,9.726,3.733,91.4,1.559,3.303,0.0,4.307,1.5,0.83
1788372860.567,turning,11.278,3.594,87.3,2,32,124,9.726,3.733,91.4,1.558,3.295,0.0,4.307,1.5,0.81
1788372860.628,turning,11.278,3.594,87.3,2,32,124,9.726,3.733,91.3,1.558,3.295,0.0,4.307,1.5,0.81
1788372860.694,turning,11.278,3.594,87.3,2,32,124,9.726,3.733,91.2,1.558,3.295,0.0,4.307,1.5,0.8
1788372860.763,turning,11.278,3.594,87.3,2,32,124,9.726,3.733,91.1,1.558,3.295,0.0,4.307,1.5,0.8
1788372860.822,turning,11.278,3.594,87.3,2,32,124,9.726,3.733,91.0,1.558,3.295,0.0,4.307,1.5,0.8
1788372860.877,turning,11.278,3.594,87.3,2,32,124,9.726,3.733,90.9,1.558,3.295,0.0,4.307,1.5,0.8
1788372860.934,turning,11.278,3.594,87.3,2,32,124,9.726,3.733,90.8,1.558,3.295,0.0,4.307,1.5,0.8
1788372860.99,turning,11.278,3.594,87.3,2,32,124,9.726,3.733,90.7,1.558,3.295,0.0,4.307,1.5,0.8
1788372861.043,turning,11.278,3.594,87.3,2,32,124,9.726,3.733,90.7,1.558,3.295,0.0,4.307,1.5,0.8
1788372861.094,turning,11.278,3.594,87.3,2,32,124,9.726,3.733,90.6,1.558,3.295,0.0,4.307,1.5,0.8
1788372861.145,turning,11.278,3.594,87.3,2,32,124,9.726,3.733,90.5,1.558,3.295,0.0,4.307,1.5,0.8
1788372861.196,turning,11.278,3.594,89.4,2,32,124,9.726,3.733,88.4,1.558,3.295,0.0,4.2,1.5,0.8
1788372861.247,turning,11.278,3.594,92.4,2,32,124,9.726,3.733,85.3,1.558,3.295,0.0,4.04,1.5,0.8
1788372861.312,turning,11.278,3.594,98.2,2,32,124,9.726,3.733,79.5,1.558,3.295,0.0,3.74,1.5,0.8
1788372861.378,turning,11.278,3.594,100.9,2,32,124,9.726,3.733,76.7,1.558,3.295,0.0,3.597,1.5,0.81
1788372861.441,turning,11.278,3.594,105.6,2,32,124,9.726,3.733,71.9,1.558,3.295,0.0,3.351,1.5,0.81
1788372861.501,turning,11.278,3.594,107.8,2,32,124,9.726,3.733,69.6,1.558,3.295,0.0,3.235,1.5,0.81
1788372861.559,turning,11.278,3.594,111.6,2,32,124,9.726,3.733,65.8,1.558,3.295,0.0,3.036,1.5,0.81
1788372861.616,turning,11.278,3.594,113.4,2,32,124,9.726,3.733,63.9,1.558,3.295,0.0,2.943,1.5,0.81
1788372861.67,turning,11.278,3.594,116.5,2,32,124,9.726,3.733,60.8,1.558,3.295,0.0,2.782,1.5,0.81
1788372861.725,turning,11.278,3.594,117.9,2,32,124,9.726,3.733,59.3,1.558,3.295,0.0,2.706,1.5,0.82
1788372861.78,turning,11.278,3.594,120.4,2,32,124,9.726,3.733,56.7,1.558,3.295,0.0,2.577,1.5,0.82
1788372861.834,turning,11.282,3.596,120.9,2,32,124,9.726,3.733,56.1,1.563,3.292,0.0,2.548,1.5,0.82
1788372861.89,turning,11.287,3.599,121.4,2,32,124,9.726,3.733,55.6,1.568,3.288,0.0,2.523,1.5,0.82
1788372861.945,turning,11.289,3.602,122.6,2,32,124,9.726,3.733,54.4,1.569,3.286,0.0,2.461,1.5,0.82
1788372862.001,turning,11.29,3.607,125.1,2,32,124,9.726,3.733,51.9,1.57,3.281,0.0,2.4,1.5,0.82
1788372862.054,turning,11.287,3.607,126.0,2,32,124,9.726,3.733,50.9,1.567,3.28,0.0,2.4,1.5,0.82
1788372862.11,turning,11.284,3.608,126.8,2,32,124,9.726,3.733,50.1,1.564,3.28,0.0,2.4,1.5,0.82
1788372862.168,turning,11.281,3.609,128.4,2,32,124,9.726,3.733,48.4,1.561,3.279,0.0,2.4,1.5,0.83
1788372862.229,turning,11.281,3.609,129.2,2,32,124,9.726,3.733,47.6,1.561,3.279,0.0,2.4,1.5,0.83
1788372862.292,turning,11.28,3.617,130.8,2,32,124,9.726,3.733,45.9,1.558,3.271,0.0,2.4,1.5,0.83
1788372862.354,turning,11.278,3.626,131.6,2,32,124,9.726,3.733,45.1,1.556,3.263,0.0,2.4,1.5,0.83
1788372862.409,turning,11.277,3.633,133.3,2,32,124,9.726,3.733,43.5,1.554,3.256,0.0,2.4,1.5,0.83
1788372862.465,turning,11.277,3.633,134.1,2,32,124,9.726,3.733,42.6,1.554,3.256,0.0,2.4,1.5,0.83
1788372862.518,turning,11.271,3.631,135.7,2,32,124,9.726,3.733,41.0,1.549,3.258,0.0,2.4,1.5,0.83
1788372862.571,turning,11.267,3.629,136.6,2,32,124,9.726,3.733,40.1,1.545,3.26,0.0,2.4,1.5,0.83
1788372862.622,turning,11.264,3.628,138.2,2,32,124,9.726,3.733,38.5,1.542,3.262,0.0,2.4,1.5,0.84
1788372862.674,turning,11.264,3.628,139.0,2,32,124,9.726,3.733,37.6,1.542,3.262,0.0,2.4,1.5,0.84
1788372862.727,turning,11.264,3.628,140.7,2,32,124,9.726,3.733,36.0,1.542,3.262,0.0,2.4,1.5,0.84
1788372862.781,turning,11.264,3.628,141.5,2,32,124,9.726,3.733,35.2,1.542,3.262,0.0,2.4,1.5,0.84
1788372862.835,turning,11.259,3.628,143.2,2,32,124,9.726,3.733,33.4,1.537,3.262,0.0,2.4,1.5,0.85
1788372862.894,turning,11.255,3.628,144.1,2,32,124,9.726,3.733,32.5,1.533,3.263,0.0,2.4,1.5,0.85
1788372862.955,turning,11.253,3.628,145.8,2,32,124,9.726,3.733,30.8,1.531,3.263,0.0,2.4,1.5,0.86
1788372863.016,turning,11.253,3.628,146.6,2,32,124,9.726,3.733,29.9,1.531,3.263,0.0,2.4,1.5,0.86
1788372863.079,turning,11.253,3.628,147.5,2,32,124,9.726,3.733,29.1,1.531,3.263,0.0,2.4,1.5,0.87
1788372863.135,turning,11.253,3.628,149.1,2,32,124,9.726,3.733,27.5,1.531,3.263,0.0,2.4,1.5,0.87
1788372863.19,turning,11.251,3.625,149.8,2,32,124,9.726,3.733,26.7,1.53,3.266,0.0,2.4,1.5,0.88
1788372863.241,turning,11.244,3.618,151.0,2,32,124,9.726,3.733,25.5,1.523,3.274,0.0,2.4,1.5,0.88
1788372863.296,turning,11.243,3.616,151.7,2,32,124,9.726,3.733,24.8,1.522,3.276,0.0,2.4,1.5,0.9
1788372863.35,turning,11.243,3.616,153.4,2,32,124,9.726,3.733,23.1,1.522,3.276,0.0,2.4,1.5,0.9
1788372863.405,turning,11.243,3.616,154.2,2,32,124,9.726,3.733,22.3,1.522,3.276,0.0,2.4,1.5,0.92
1788372863.46,turning,11.243,3.616,155.8,2,32,124,9.726,3.733,20.6,1.522,3.276,0.0,2.4,1.5,0.92
1788372863.515,turning,11.241,3.616,156.6,2,32,124,9.726,3.733,19.8,1.52,3.277,0.0,2.4,1.5,0.94
1788372863.568,turning,11.235,3.615,158.1,2,32,124,9.726,3.733,18.3,1.514,3.278,0.0,2.4,1.5,0.94
1788372863.619,turning,11.234,3.615,157.0,2,32,124,9.726,3.733,19.3,1.513,3.278,0.0,2.4,1.5,0.97
1788372863.676,turning,11.234,3.615,153.8,2,32,124,9.726,3.733,22.5,1.513,3.278,0.0,2.4,1.5,0.97
1788372863.735,turning,11.234,3.615,152.2,2,32,124,9.726,3.733,24.1,1.513,3.278,0.0,2.4,1.5,0.93
1788372863.798,turning,11.234,3.615,149.1,2,32,124,9.726,3.733,27.2,1.513,3.278,0.0,2.4,1.5,0.93
1788372863.862,turning,11.229,3.615,147.3,2,32,124,9.726,3.733,29.0,1.508,3.278,0.0,2.4,1.5,0.91
1788372863.919,turning,11.219,3.616,143.7,2,32,124,9.726,3.733,32.5,1.498,3.279,0.0,2.4,1.5,0.91
1788372863.978,turning,11.219,3.616,142.1,2,32,124,9.726,3.733,34.1,1.498,3.279,0.0,2.4,1.5,0.88
1788372864.032,turning,11.219,3.616,140.5,2,32,124,9.726,3.733,35.7,1.498,3.279,0.0,2.4,1.5,0.88
1788372864.095,turning,11.219,3.616,137.3,2,32,124,9.726,3.733,38.9,1.498,3.279,0.0,2.4,1.5,0.87
1788372864.155,turning,11.219,3.616,135.7,2,32,124,9.726,3.733,40.5,1.498,3.279,0.0,2.4,1.5,0.87
1788372864.217,turning,11.219,3.616,132.5,2,32,124,9.726,3.733,43.6,1.498,3.279,0.0,2.4,1.5,0.86
1788372864.287,turning,11.219,3.616,130.9,2,32,124,9.726,3.733,45.2,1.498,3.279,0.0,2.4,1.5,0.86
1788372864.349,turning,11.219,3.616,127.7,2,32,124,9.726,3.733,48.4,1.498,3.279,0.0,2.4,1.5,0.86
1788372864.409,turning,11.219,3.616,126.1,2,32,124,9.726,3.733,50.0,1.498,3.279,0.0,2.4,1.5,0.86
1788372864.474,turning,11.217,3.612,123.2,2,32,124,9.726,3.733,52.9,1.496,3.283,0.0,2.427,1.5,0.86
1788372864.539,turning,11.216,3.609,121.9,2,32,124,9.726,3.733,54.2,1.495,3.286,0.0,2.499,1.5,0.86
1788372864.602,turning,11.214,3.607,118.8,2,32,124,9.726,3.733,57.2,1.494,3.288,0.0,2.657,1.5,0.86
1788372864.663,turning,11.214,3.607,117.3,2,32,124,9.726,3.733,58.8,1.494,3.288,0.0,2.74,1.5,0.86
1788372864.725,turning,11.219,3.607,114.0,2,32,124,9.726,3.733,62.1,1.499,3.287,0.0,2.913,1.5,0.86
1788372864.725,turning,11.219,3.607,114.0,2,32,124,9.726,3.733,62.0,1.499,3.287,0.0,2.913,1.5,0.86
1788372864.842,turning,11.225,3.608,109.6,2,32,124,9.726,3.733,66.4,1.504,3.286,0.0,3.143,1.5,0.86
1788372864.9,turning,11.225,3.608,108.4,2,32,124,9.726,3.733,67.6,1.504,3.286,0.0,3.205,1.5,0.86
1788372864.958,turning,11.217,3.614,106.3,2,32,124,9.726,3.733,69.6,1.496,3.281,0.0,3.313,1.5,0.86
1788372865.025,turning,11.212,3.617,105.3,2,32,124,9.726,3.733,70.6,1.491,3.278,0.0,3.364,1.5,0.86
1788372865.113,turning,11.209,3.619,104.3,2,32,124,9.726,3.733,71.6,1.488,3.276,0.0,3.416,1.5,0.86
1788372865.193,turning,11.209,3.619,102.2,2,32,124,9.726,3.733,73.7,1.488,3.276,0.0,3.527,1.5,0.86
1788372865.258,turning,11.209,3.619,101.4,2,32,124,9.726,3.733,74.5,1.488,3.277,0.0,3.57,1.5,0.86
1788372865.333,turning,11.208,3.615,100.4,2,32,124,9.726,3.733,75.5,1.487,3.281,0.0,3.625,1.5,0.86
1788372865.406,turning,11.207,3.614,99.6,2,32,124,9.726,3.733,76.3,1.487,3.282,0.0,3.664,1.5,0.86
1788372865.472,turning,11.207,3.614,97.9,2,32,124,9.726,3.733,78.0,1.487,3.282,0.0,3.753,1.5,0.86
1788372865.529,turning,11.21,3.609,97.1,2,32,124,9.726,3.733,78.7,1.49,3.286,0.0,3.795,1.5,0.86
1788372865.582,turning,11.219,3.594,95.7,2,32,124,9.726,3.733,80.1,1.5,3.3,0.0,3.867,1.5,0.86
1788372865.636,turning,11.22,3.592,95.1,2,32,124,9.726,3.733,80.7,1.501,3.303,0.0,3.901,1.5,0.86
1788372865.691,turning,11.22,3.592,94.2,2,32,124,9.726,3.733,81.5,1.501,3.303,0.0,3.946,1.5,0.86
1788372865.746,turning,11.218,3.593,93.9,2,32,124,9.726,3.733,81.8,1.499,3.301,0.0,3.962,1.5,0.85
1788372865.798,turning,11.211,3.598,93.4,2,32,124,9.726,3.733,82.3,1.491,3.297,0.0,3.987,1.5,0.85
1788372865.857,turning,11.21,3.599,93.1,2,32,124,9.726,3.733,82.6,1.491,3.296,0.0,4.006,1.5,0.85
1788372865.912,turning,11.21,3.599,92.3,2,32,124,9.726,3.733,83.4,1.491,3.296,0.0,4.049,1.5,0.85
1788372865.972,turning,11.21,3.599,91.8,2,32,124,9.726,3.733,83.8,1.491,3.296,0.0,4.071,1.5,0.85
1788372866.028,turning,11.21,3.599,91.1,2,32,124,9.726,3.733,84.6,1.491,3.296,0.0,4.112,1.5,0.85
1788372866.091,turning,11.209,3.598,90.7,2,32,124,9.726,3.733,84.9,1.489,3.298,0.0,4.13,1.5,0.85
1788372866.155,turning,11.207,3.596,90.4,2,32,124,9.726,3.733,85.2,1.488,3.299,0.0,4.147,1.5,0.85
1788372866.223,turning,11.206,3.595,89.7,2,32,124,9.726,3.733,85.8,1.487,3.301,0.0,4.18,1.5,0.85
1788372866.285,turning,11.206,3.595,89.4,2,32,124,9.726,3.733,86.1,1.487,3.301,0.0,4.197,1.5,0.85
1788372866.344,turning,11.206,3.595,88.9,2,32,124,9.726,3.733,86.6,1.487,3.301,0.0,4.225,1.5,0.85
1788372866.397,turning,11.206,3.595,88.6,2,32,124,9.726,3.733,86.9,1.487,3.301,0.0,4.239,1.5,0.85
1788372866.458,turning,11.206,3.595,88.1,2,32,124,9.726,3.733,87.3,1.487,3.301,0.0,4.265,1.5,0.85
1788372866.511,turning,11.206,3.595,87.9,2,32,124,9.726,3.733,87.6,1.487,3.301,0.0,4.277,1.5,0.85
1788372866.568,turning,11.206,3.598,87.5,2,32,124,9.726,3.733,88.0,1.487,3.298,0.0,4.299,1.5,0.85
1788372866.622,turning,11.206,3.602,87.3,2,32,124,9.726,3.733,88.2,1.487,3.294,0.0,4.31,1.5,0.85
1788372866.681,turning,11.203,3.606,86.8,3,33,124,9.676,3.732,88.6,1.532,3.291,0.0,4.333,1.5,0.84
1788372866.735,turning,11.199,3.604,86.6,3,33,124,9.676,3.732,88.8,1.529,3.293,0.0,4.346,1.5,0.84
1788372866.793,turning,11.197,3.602,86.1,3,33,124,9.676,3.732,89.4,1.527,3.294,0.0,4.374,1.5,0.83
1788372866.854,turning,11.197,3.602,85.8,3,33,124,9.676,3.732,89.6,1.527,3.294,0.0,4.388,1.5,0.83
1788372866.923,turning,11.197,3.602,85.3,3,33,124,9.676,3.732,90.1,1.527,3.294,0.0,4.413,1.5,0.83
1788372866.989,turning,11.197,3.602,85.1,3,33,124,9.676,3.732,90.3,1.527,3.294,0.0,4.425,1.5,0.83
1788372867.06,turning,11.197,3.606,84.7,3,33,124,9.676,3.732,90.7,1.527,3.291,0.0,4.447,1.5,0.83
1788372867.121,turning,11.197,3.61,84.5,3,33,124,9.676,3.732,90.9,1.527,3.287,0.0,4.458,1.5,0.83
1788372867.176,turning,11.198,3.616,84.2,3,33,124,9.676,3.732,91.2,1.527,3.281,0.0,4.469,1.5,0.82
1788372867.231,turning,11.198,3.616,83.7,3,33,124,9.676,3.732,91.7,1.527,3.28,0.0,4.496,1.5,0.82
1788372867.289,turning,11.198,3.616,83.4,3,33,124,9.676,3.732,92.0,1.527,3.28,0.0,4.5,1.5,0.81
1788372867.345,turning,11.198,3.616,82.9,3,33,124,9.676,3.732,92.5,1.527,3.28,0.0,4.5,1.5,0.81
1788372867.404,turning,11.198,3.616,82.6,3,33,124,9.676,3.732,92.8,1.527,3.28,0.0,4.5,1.5,0.81
1788372867.462,turning,11.198,3.616,82.2,3,33,124,9.676,3.732,93.3,1.527,3.28,0.0,4.5,1.5,0.81
1788372867.516,turning,11.198,3.616,81.9,3,33,124,9.676,3.732,93.5,1.527,3.28,0.0,4.5,1.5,0.81
1788372867.571,turning,11.199,3.619,81.5,3,33,124,9.676,3.732,93.9,1.527,3.278,0.0,4.5,1.5,0.81
1788372867.635,turning,11.194,3.626,81.3,3,33,124,9.676,3.732,94.1,1.523,3.271,0.0,4.5,1.5,0.81
1788372867.701,turning,11.182,3.641,81.0,3,33,124,9.676,3.732,94.5,1.509,3.258,0.0,4.5,1.5,0.81
1788372867.766,turning,11.181,3.642,80.8,3,33,124,9.676,3.732,94.8,1.508,3.257,0.0,4.5,1.5,0.8
1788372867.828,turning,11.181,3.642,79.9,3,33,124,9.676,3.732,95.6,1.508,3.257,0.0,4.5,1.5,0.8
1788372867.888,turning,11.181,3.642,79.4,3,33,124,9.676,3.732,96.1,1.508,3.257,0.0,4.5,1.5,0.8
1788372867.944,turning,11.181,3.642,78.6,3,33,124,9.676,3.732,97.0,1.508,3.257,0.0,4.5,1.5,0.8
1788372868.002,turning,11.181,3.642,78.2,3,33,124,9.676,3.732,97.4,1.508,3.257,0.0,4.5,1.5,0.8
1788372868.057,turning,11.181,3.642,77.4,3,33,124,9.676,3.732,98.2,1.508,3.257,0.0,4.5,1.5,0.8
1788372868.117,turning,11.181,3.642,77.1,3,33,124,9.676,3.732,98.6,1.508,3.257,0.0,4.5,1.5,0.8
1788372868.174,turning,11.181,3.642,76.8,3,33,124,9.676,3.732,98.9,1.508,3.257,0.0,4.5,1.5,0.8
1788372868.23,turning,11.181,3.642,76.1,3,33,124,9.676,3.732,99.6,1.508,3.257,0.0,4.5,1.5,0.79
1788372868.286,turning,11.181,3.642,75.8,3,33,124,9.676,3.732,99.9,1.508,3.257,0.0,4.5,1.5,0.79
1788372868.343,turning,11.181,3.642,75.3,3,33,124,9.676,3.732,100.5,1.508,3.257,0.0,4.5,1.5,0.79
1788372868.403,turning,11.181,3.642,75.0,3,33,124,9.676,3.732,100.7,1.508,3.257,0.0,4.5,1.5,0.79
1788372868.47,turning,11.176,3.648,74.7,3,33,124,9.676,3.732,101.1,1.503,3.251,0.0,4.5,1.5,0.79
1788372868.533,turning,11.172,3.654,74.7,3,33,124,9.676,3.732,101.1,1.499,3.246,0.0,4.5,1.5,0.79
1788372868.604,turning,11.169,3.659,74.2,3,33,124,9.676,3.732,101.6,1.495,3.242,0.0,4.5,1.5,0.79
1788372868.664,turning,11.169,3.659,73.9,3,33,124,9.676,3.732,102.0,1.495,3.242,0.0,4.5,1.5,0.79
1788372868.726,turning,11.169,3.659,73.1,3,33,124,9.676,3.732,102.8,1.495,3.242,0.0,4.5,1.5,0.79
1788372868.779,turning,11.169,3.659,72.7,3,33,124,9.676,3.732,103.2,1.495,3.242,0.0,4.5,1.5,0.79
1788372868.833,turning,11.169,3.659,72.1,3,33,124,9.676,3.732,103.9,1.495,3.242,0.0,4.5,1.5,0.79
1788372868.89,turning,11.169,3.659,71.7,3,33,124,9.676,3.732,104.3,1.495,3.242,0.0,4.5,1.5,0.79
1788372868.945,turning,11.169,3.659,71.1,3,33,124,9.676,3.732,104.9,1.495,3.242,0.0,4.5,1.5,0.79
1788372869.0,turning,11.169,3.659,70.8,3,33,124,9.676,3.732,105.2,1.495,3.242,0.0,4.5,1.5,0.79
1788372869.056,turning,11.169,3.659,70.3,3,33,124,9.676,3.732,105.8,1.495,3.242,0.0,4.5,1.5,0.79
1788372869.109,turning,11.169,3.659,70.1,3,33,124,9.676,3.732,106.1,1.495,3.242,0.0,4.5,1.5,0.79
1788372869.169,turning,11.169,3.659,69.8,3,33,124,9.676,3.732,106.3,1.495,3.242,0.0,4.5,1.5,0.79
1788372869.23,turning,11.17,3.662,69.4,3,33,124,9.676,3.732,106.8,1.496,3.239,0.0,4.5,1.5,0.79
1788372869.301,turning,11.169,3.669,69.2,3,33,124,9.676,3.732,107.0,1.494,3.232,0.0,4.5,1.5,0.78
1788372869.367,turning,11.16,3.687,69.1,3,33,124,9.676,3.732,107.2,1.485,3.214,0.0,4.5,1.5,0.78
1788372869.433,turning,11.158,3.69,68.8,3,33,124,9.676,3.732,107.5,1.483,3.212,0.0,4.5,1.5,0.77
1788372869.491,turning,11.158,3.69,67.9,0,30,121,9.676,3.718,108.5,1.482,3.212,0.0,4.5,1.5,0.77
1788372869.548,turning,11.158,3.69,67.5,0,30,121,9.676,3.718,109.0,1.482,3.212,0.0,4.5,1.5,0.77
1788372869.605,turning,11.158,3.69,66.6,0,30,121,9.676,3.718,109.9,1.482,3.212,0.0,4.5,1.5,0.77
1788372869.661,turning,11.158,3.69,66.2,0,30,121,9.676,3.718,110.4,1.482,3.212,0.0,4.5,1.5,0.77
1788372869.715,turning,11.158,3.69,65.4,0,30,121,9.676,3.718,111.2,1.482,3.212,0.0,4.5,1.5,0.77
1788372869.77,turning,11.158,3.69,65.0,0,30,121,9.676,3.718,111.7,1.482,3.212,0.0,4.5,1.5,0.77
1788372869.825,turning,11.158,3.69,64.3,0,30,121,9.676,3.718,112.4,1.482,3.212,0.0,4.5,1.5,0.77
1788372869.88,turning,11.158,3.69,64.0,0,30,121,9.676,3.718,112.8,1.482,3.212,0.0,4.5,1.5,0.77
1788372869.934,turning,11.158,3.69,63.4,0,30,121,9.676,3.718,113.4,1.482,3.212,0.0,4.5,1.5,0.77
1788372869.999,turning,11.158,3.69,63.1,0,30,121,9.676,3.718,113.8,1.482,3.212,0.0,4.5,1.5,0.77
1788372870.065,turning,11.158,3.69,62.6,0,30,121,9.676,3.718,114.3,1.482,3.212,0.0,4.5,1.5,0.77
1788372870.131,turning,11.154,3.686,62.4,0,30,121,9.676,3.718,114.6,1.478,3.217,0.0,4.5,1.5,0.76
1788372870.199,turning,11.149,3.682,62.2,1,31,121,9.626,3.719,114.8,1.524,3.221,0.0,4.5,1.5,0.76
1788372870.257,turning,11.146,3.68,61.9,1,31,121,9.626,3.719,115.1,1.521,3.223,0.0,4.5,1.5,0.76
1788372870.316,turning,11.148,3.684,61.8,1,31,121,9.626,3.719,115.3,1.523,3.22,0.0,4.5,1.5,0.76
1788372870.374,turning,11.154,3.695,61.5,0,30,121,9.676,3.718,115.7,1.479,3.208,0.0,4.5,1.5,0.75
1788372870.43,turning,11.157,3.701,61.3,0,30,121,9.676,3.718,115.9,1.482,3.202,0.0,4.5,1.5,0.75
1788372870.487,turning,11.158,3.702,60.8,0,30,122,9.676,3.767,116.4,1.484,3.2,0.0,4.5,1.5,0.74
1788372870.541,turning,11.158,3.702,60.6,0,30,122,9.676,3.767,116.7,1.484,3.2,0.0,4.5,1.5,0.74
1788372870.6,turning,11.158,3.702,60.0,0,30,122,9.676,3.767,117.2,1.484,3.2,0.0,4.5,1.5,0.74
1788372870.655,turning,11.158,3.702,59.8,0,30,122,9.676,3.767,117.4,1.484,3.2,0.0,4.5,1.5,0.74
1788372870.707,turning,11.159,3.703,59.3,0,30,122,9.676,3.767,117.9,1.484,3.199,0.0,4.5,1.5,0.74
1788372870.76,turning,11.16,3.705,59.1,0,30,122,9.676,3.767,118.1,1.486,3.197,0.0,4.5,1.5,0.74
1788372870.761,turning,11.16,3.705,59.1,0,30,122,9.676,3.767,118.1,1.486,3.197,0.0,4.5,1.5,0.74
1788372870.886,turning,11.169,3.719,58.5,0,30,122,9.676,3.767,118.8,1.494,3.182,0.0,4.5,1.5,0.73
1788372870.95,turning,11.176,3.731,58.2,0,30,122,9.676,3.767,119.1,1.501,3.169,0.0,4.5,1.5,0.71
1788372871.011,turning,11.179,3.737,58.0,0,30,122,9.676,3.767,119.3,1.504,3.163,0.0,4.5,1.5,0.71
1788372871.07,turning,11.185,3.734,57.3,0,30,122,9.676,3.767,120.0,1.509,3.165,0.0,4.5,1.5,0.7
1788372871.071,turning,11.185,3.734,57.3,0,30,122,9.676,3.767,120.1,1.509,3.165,0.0,4.5,1.5,0.7
1788372871.185,turning,11.189,3.73,56.7,0,30,122,9.676,3.767,120.8,1.514,3.168,0.0,4.5,1.5,0.7
1788372871.239,turning,11.197,3.741,56.5,0,30,122,9.676,3.767,121.0,1.522,3.156,0.0,4.5,1.5,0.7
1788372871.298,turning,11.201,3.747,56.4,0,30,122,9.676,3.767,121.2,1.525,3.15,0.0,4.5,1.5,0.85
1788372871.357,turning,11.208,3.758,56.2,0,30,122,9.676,3.767,121.4,1.533,3.138,0.0,4.5,1.5,0.85
1788372871.42,turning,11.212,3.764,56.1,0,30,122,9.676,3.767,121.6,1.536,3.132,0.0,4.5,1.5,0.89
1788372871.481,turning,11.22,3.775,55.9,0,30,122,9.676,3.767,121.8,1.544,3.12,0.0,4.5,1.5,0.89
1788372871.541,turning,11.223,3.781,55.9,0,30,122,9.726,3.733,122.0,1.499,3.114,0.0,4.5,1.5,0.87
1788372871.606,turning,11.231,3.792,55.7,0,30,122,9.726,3.733,122.2,1.507,3.102,0.0,4.5,1.5,0.87
1788372871.675,turning,11.235,3.798,55.7,0,30,122,9.726,3.733,122.4,1.511,3.096,0.0,4.5,1.5,0.85
1788372871.745,turning,11.243,3.809,55.5,0,30,122,9.726,3.733,122.6,1.519,3.084,0.0,4.5,1.5,0.85
1788372871.823,turning,11.246,3.815,55.5,0,30,122,9.726,3.733,122.8,1.523,3.078,0.0,4.5,1.5,0.83
1788372871.886,turning,11.254,3.826,55.4,0,30,122,9.726,3.733,123.0,1.531,3.066,0.0,4.5,1.5,0.83
1788372871.946,turning,11.258,3.831,55.3,0,30,122,9.726,3.733,123.2,1.536,3.06,0.0,4.5,1.5,0.81
1788372872.013,turning,11.266,3.843,55.2,0,30,122,9.726,3.733,123.5,1.544,3.048,0.0,4.5,1.5,0.81
1788372872.077,turning,11.267,3.851,55.5,0,30,122,9.726,3.733,123.4,1.546,3.039,0.0,4.5,1.5,0.79
1788372872.138,turning,11.269,3.869,56.0,0,30,122,9.726,3.733,123.0,1.549,3.021,0.0,4.5,1.5,0.79
1788372872.197,turning,11.273,3.875,56.0,0,30,122,9.726,3.733,123.2,1.554,3.015,0.0,4.5,1.5,0.77
1788372872.256,turning,11.276,3.881,55.9,0,30,122,9.726,3.733,123.4,1.558,3.009,0.0,4.5,1.5,0.77
1788372872.315,turning,11.284,3.892,55.8,0,30,122,9.726,3.733,123.7,1.567,2.997,0.0,4.5,1.5,0.75
1788372872.376,turning,11.288,3.898,55.7,0,30,122,9.726,3.733,123.9,1.571,2.991,0.0,4.5,1.5,0.75
1788372872.442,turning,11.296,3.909,55.6,0,30,122,9.726,3.733,124.2,1.58,2.979,0.0,4.5,1.5,0.73
1788372872.504,turning,11.299,3.915,55.5,0,30,122,9.726,3.733,124.4,1.584,2.973,0.0,4.5,1.5,0.73
1788372872.565,turning,11.307,3.926,55.4,0,30,125,9.876,3.758,124.7,1.441,2.961,0.0,4.5,1.5,0.71
1788372872.621,turning,11.311,3.931,55.3,0,30,125,9.876,3.758,124.9,1.446,2.955,0.0,4.5,1.5,0.71
1788372872.677,turning,11.319,3.943,55.2,0,30,125,9.876,3.758,125.2,1.455,2.944,0.0,4.5,1.5,0.69
1788372872.729,turning,11.323,3.948,55.2,0,30,125,9.876,3.758,125.4,1.459,2.938,0.0,4.5,1.5,0.69
1788372872.782,turning,11.327,3.954,56.5,0,30,125,9.876,3.758,124.3,1.465,2.931,0.0,4.5,1.5,0.67
1788372872.834,turning,11.327,3.954,58.0,0,30,125,9.876,3.758,123.0,1.465,2.931,0.0,4.5,1.5,0.67
1788372872.887,turning,11.33,3.953,60.6,0,30,125,9.876,3.758,120.5,1.468,2.932,0.0,4.5,1.5,0.66
1788372872.938,turning,11.333,3.952,61.8,0,30,125,9.876,3.758,119.5,1.47,2.933,0.0,4.5,1.5,0.66
1788372872.995,turning,11.334,3.951,64.6,0,30,125,9.876,3.758,116.8,1.471,2.934,0.0,4.5,1.5,0.67
1788372873.046,turning,11.334,3.951,66.1,0,30,125,9.876,3.758,115.5,1.471,2.934,0.0,4.5,1.5,0.67
1788372873.103,turning,11.334,3.951,68.2,0,30,125,9.876,3.758,113.5,1.471,2.934,0.0,4.5,1.5,0.67
1788372873.159,turning,11.334,3.951,69.1,0,30,125,9.876,3.758,112.7,1.471,2.934,0.0,4.5,1.5,0.67
1788372873.222,turning,11.334,3.951,70.1,0,30,125,9.876,3.758,111.9,1.471,2.934,0.0,4.5,1.5,0.67
1788372873.285,turning,11.334,3.951,71.9,0,30,125,9.876,3.758,110.2,1.471,2.934,0.0,4.5,1.5,0.67
1788372873.347,turning,11.334,3.951,72.9,0,30,125,9.876,3.758,109.4,1.471,2.934,0.0,4.5,1.5,0.62
1788372873.405,turning,11.334,3.951,74.8,0,30,125,9.876,3.758,107.7,1.471,2.934,0.0,4.5,1.5,0.62
1788372873.459,turning,11.331,3.948,75.7,0,12,125,10.775,3.728,107.9,0.598,2.937,0.0,4.5,0.6,0.54
1788372873.511,turning,11.323,3.94,77.5,0,12,125,10.775,3.728,107.1,0.588,2.946,0.0,4.5,0.6,0.54
1788372873.565,turning,11.322,3.939,78.5,0,12,124,10.775,3.728,107.2,0.586,2.947,0.0,4.5,0.6,0.51
1788372873.618,turning,11.322,3.939,80.3,0,12,124,10.775,3.728,106.2,0.586,2.947,0.0,4.5,0.6,0.51
1788372873.677,turning,11.323,3.939,81.1,0,12,124,10.775,3.728,106.4,0.587,2.947,0.0,4.5,0.6,0.52
1788372873.733,turning,11.325,3.941,82.4,0,12,124,10.775,3.728,105.8,0.59,2.945,0.0,4.5,0.6,0.52
1788372873.792,turning,11.326,3.941,83.3,0,12,124,10.775,3.728,105.7,0.59,2.945,0.0,4.5,0.6,0.52
1788372873.846,turning,11.325,3.933,84.3,0,12,124,10.775,3.728,105.4,0.587,2.953,0.0,4.464,0.6,0.52
1788372873.903,turning,11.324,3.925,84.3,0,12,124,10.775,3.728,106.0,0.583,2.961,0.0,4.464,0.6,0.52
1788372873.964,turning,11.322,3.908,84.3,0,12,124,10.775,3.728,106.5,0.576,2.978,0.0,4.464,0.6,0.52
1788372874.027,turning,11.321,3.901,84.2,0,12,124,10.775,3.728,107.0,0.573,2.985,0.0,4.47,0.6,0.54
1788372874.092,turning,11.318,3.887,84.0,1,13,124,10.725,3.73,107.5,0.613,2.999,0.0,4.483,0.6,0.54
1788372874.151,turning,11.317,3.879,84.0,1,31,124,9.826,3.76,107.3,1.496,3.007,0.0,4.483,1.5,0.56
1788372874.207,turning,11.316,3.87,84.0,1,31,124,9.826,3.76,107.1,1.495,3.016,0.0,4.483,1.5,0.56
1788372874.263,turning,11.314,3.854,84.0,1,31,124,9.826,3.76,106.9,1.492,3.033,0.0,4.483,1.5,0.59
1788372874.315,turning,11.313,3.845,84.0,1,31,124,9.826,3.76,106.8,1.49,3.041,0.0,4.483,1.5,0.59
1788372874.37,turning,11.308,3.837,83.9,2,32,124,9.776,3.762,106.6,1.534,3.05,0.0,4.487,1.5,0.61
1788372874.422,turning,11.303,3.837,83.8,2,32,124,9.776,3.762,106.5,1.529,3.05,0.0,4.49,1.5,0.61
1788372874.475,turning,11.298,3.827,83.8,2,32,124,9.776,3.762,106.4,1.524,3.06,0.0,4.493,1.5,0.63
1788372874.526,turning,11.297,3.819,83.8,2,32,124,9.776,3.762,106.2,1.522,3.069,0.0,4.493,1.5,0.63
1788372874.585,turning,11.295,3.802,83.8,0,30,123,9.776,3.702,106.0,1.522,3.086,0.0,4.493,1.5,0.66
1788372874.585,turning,11.295,3.802,83.8,0,30,123,9.776,3.702,105.9,1.522,3.086,0.0,4.493,1.5,0.66
1788372874.696,turning,11.292,3.776,83.8,0,30,123,9.776,3.702,105.7,1.518,3.111,0.0,4.493,1.5,0.68
1788372874.755,turning,11.291,3.768,83.8,0,30,123,9.776,3.702,105.5,1.517,3.12,0.0,4.493,1.5,0.68
1788372874.815,turning,11.29,3.751,83.8,0,30,123,9.776,3.702,105.3,1.514,3.137,0.0,4.493,1.5,0.7
1788372874.873,turning,11.289,3.743,83.8,0,30,123,9.776,3.702,105.2,1.513,3.145,0.0,4.493,1.5,0.7
1788372874.939,turning,11.283,3.706,84.1,1,31,123,9.726,3.705,104.6,1.557,3.183,0.0,4.475,1.5,0.72
1788372874.995,turning,11.279,3.682,84.4,1,31,123,9.726,3.705,104.1,1.554,3.206,0.0,4.462,1.5,0.72
1788372875.059,turning,11.276,3.657,84.5,1,31,123,9.726,3.705,103.7,1.551,3.232,0.0,4.455,1.5,0.75
1788372875.116,turning,11.275,3.648,84.5,1,31,123,9.726,3.705,103.5,1.55,3.241,0.0,4.455,1.5,0.75
1788372875.173,turning,11.274,3.64,84.5,1,31,123,9.726,3.705,103.2,1.55,3.249,0.0,4.455,1.5,0.77
1788372875.229,turning,11.273,3.623,84.5,1,31,123,9.726,3.705,102.9,1.549,3.266,0.0,4.455,1.5,0.77
1788372875.285,turning,11.272,3.615,84.5,1,31,123,9.726,3.705,102.7,1.549,3.274,0.0,4.455,1.5,0.79
1788372875.341,turning,11.271,3.604,84.5,1,31,123,9.726,3.705,102.4,1.548,3.285,0.0,4.455,1.5,0.79
1788372875.402,turning,11.271,3.602,84.5,1,31,123,9.726,3.705,102.1,1.548,3.287,0.0,4.455,1.5,0.81
1788372875.458,turning,11.271,3.601,84.5,1,31,123,9.726,3.705,101.9,1.548,3.288,0.0,4.455,1.5,0.81
1788372875.517,turning,11.269,3.604,84.6,2,32,123,9.676,3.708,101.5,1.597,3.285,0.0,4.45,1.5,0.81
1788372875.577,turning,11.265,3.615,84.9,2,32,123,9.676,3.708,101.0,1.592,3.275,0.0,4.434,1.5,0.81
1788372875.642,turning,11.265,3.621,84.9,0,30,122,9.78,3.75,100.7,1.49,3.268,0.0,4.432,1.5,0.8
1788372875.703,turning,11.266,3.635,84.9,0,30,122,9.78,3.75,100.5,1.49,3.255,0.0,4.433,1.5,0.8
1788372875.762,turning,11.266,3.642,84.9,0,30,122,9.78,3.75,100.3,1.49,3.248,0.0,4.435,1.5,0.78
1788372875.816,turning,11.267,3.651,84.5,0,30,122,9.78,3.75,100.5,1.49,3.239,0.0,4.457,1.5,0.78
1788372875.872,turning,11.267,3.651,84.2,0,30,122,9.78,3.75,100.5,1.49,3.239,0.0,4.472,1.5,0.76
1788372875.926,turning,11.267,3.651,83.5,0,30,122,9.78,3.75,101.0,1.49,3.239,0.0,4.5,1.5,0.76
1788372875.988,turning,11.267,3.651,83.1,0,30,122,9.78,3.75,101.2,1.49,3.239,0.0,4.5,1.5,0.76
1788372876.043,turning,11.267,3.651,82.4,0,30,122,9.78,3.75,101.7,1.49,3.239,0.0,4.5,1.5,0.76
1788372876.097,turning,11.267,3.651,82.1,0,30,122,9.78,3.75,101.8,1.49,3.239,0.0,4.5,1.5,0.76
1788372876.152,turning,11.267,3.651,81.8,0,30,122,9.78,3.75,101.9,1.49,3.239,0.0,4.5,1.5,0.76
1788372876.205,turning,11.267,3.651,81.2,0,30,122,9.78,3.75,102.3,1.49,3.239,0.0,4.5,1.5,0.76
1788372876.257,turning,11.267,3.651,80.9,0,30,122,9.78,3.75,102.4,1.49,3.239,0.0,4.5,1.5,0.76
1788372876.314,turning,11.267,3.651,80.4,0,30,122,9.78,3.75,102.8,1.49,3.239,0.0,4.5,1.5,0.76
1788372876.376,turning,11.267,3.651,80.2,0,30,122,9.78,3.75,102.8,1.49,3.239,0.0,4.5,1.5,0.76
1788372876.442,turning,11.268,3.653,79.7,0,30,122,9.78,3.75,103.1,1.491,3.236,0.0,4.5,1.5,0.76
1788372876.5,turning,11.268,3.657,79.5,0,30,122,9.78,3.75,103.2,1.491,3.232,0.0,4.5,1.5,0.76
1788372876.554,turning,11.269,3.658,79.0,0,30,122,9.78,3.75,103.5,1.491,3.231,0.0,4.5,1.5,0.75
1788372876.606,turning,11.269,3.658,78.7,0,30,122,9.78,3.75,103.7,1.491,3.231,0.0,4.5,1.5,0.75
1788372876.661,turning,11.269,3.658,78.2,0,30,122,9.778,3.763,104.1,1.495,3.231,0.0,4.5,1.5,0.75
1788372876.716,turning,11.269,3.658,77.9,0,30,122,9.778,3.763,104.2,1.495,3.231,0.0,4.5,1.5,0.75
1788372876.769,turning,11.269,3.658,77.4,0,30,122,9.778,3.763,104.5,1.495,3.231,0.0,4.5,1.5,0.75
1788372876.822,turning,11.269,3.658,77.2,0,30,122,9.778,3.763,104.6,1.495,3.231,0.0,4.5,1.5,0.75
1788372876.877,turning,11.269,3.661,76.7,0,30,122,9.778,3.763,104.9,1.495,3.228,0.0,4.5,1.5,0.75
1788372876.929,turning,11.27,3.665,76.5,0,30,122,9.778,3.763,105.0,1.496,3.224,0.0,4.5,1.5,0.75
1788372876.986,turning,11.27,3.666,76.0,0,30,122,9.778,3.763,105.4,1.496,3.224,0.0,4.5,1.5,0.74
1788372877.037,turning,11.27,3.666,75.7,0,30,122,9.778,3.763,105.5,1.496,3.224,0.0,4.5,1.5,0.74
1788372877.097,turning,11.272,3.665,75.4,0,30,122,9.778,3.763,105.7,1.497,3.224,0.0,4.5,1.5,0.74
1788372877.156,turning,11.278,3.664,74.7,0,30,122,9.778,3.763,106.3,1.503,3.225,0.0,4.5,1.5,0.74
1788372877.218,turning,11.279,3.663,74.4,0,30,122,9.778,3.763,106.5,1.505,3.226,0.0,4.5,1.5,0.74
1788372877.281,turning,11.28,3.666,74.1,0,30,122,9.778,3.763,106.7,1.505,3.223,0.0,4.5,1.5,0.74
1788372877.345,turning,11.281,3.67,74.0,0,30,122,9.778,3.763,106.7,1.506,3.219,0.0,4.5,1.5,0.73
1788372877.399,turning,11.284,3.681,73.6,0,30,122,9.778,3.763,106.9,1.509,3.207,0.0,4.5,1.5,0.73
1788372877.45,turning,11.286,3.688,73.4,0,30,122,9.778,3.763,107.1,1.51,3.2,0.0,4.5,1.5,0.72
1788372877.502,turning,11.287,3.69,72.6,0,30,122,9.778,3.763,107.8,1.511,3.198,0.0,4.5,1.5,0.72
1788372877.556,turning,11.287,3.69,72.1,0,30,122,9.778,3.763,108.3,1.511,3.198,0.0,4.5,1.5,0.71
1788372877.61,turning,11.287,3.69,71.0,0,30,122,9.778,3.763,109.2,1.511,3.198,0.0,4.5,1.5,0.71
1788372877.662,turning,11.287,3.69,70.5,0,30,65,11.425,5.175,107.3,1.491,3.198,0.0,4.5,1.5,0.71
1788372877.713,turning,11.287,3.69,69.6,0,30,65,11.425,5.175,106.0,1.491,3.198,0.0,4.5,1.5,0.71
1788372877.768,turning,11.287,3.69,69.2,0,30,65,11.425,5.175,104.2,1.491,3.198,0.0,4.5,1.5,0.71
1788372877.822,turning,11.287,3.69,68.4,0,30,65,11.425,5.175,102.8,1.491,3.198,0.0,4.5,1.5,0.71
1788372877.878,turning,11.287,3.69,68.0,0,30,65,11.425,5.175,101.0,1.491,3.198,0.0,4.5,1.5,0.71
1788372877.933,turning,11.287,3.69,67.3,0,30,65,11.425,5.175,99.7,1.491,3.198,0.0,4.5,1.5,0.71
1788372877.994,turning,11.286,3.691,66.6,0,30,65,11.425,5.175,98.3,1.49,3.197,0.0,4.5,1.5,0.7
1788372878.052,turning,11.284,3.693,65.9,0,30,65,11.425,5.175,97.0,1.489,3.196,0.0,4.5,1.5,0.7
1788372878.114,turning,11.281,3.694,64.9,0,30,65,11.425,5.175,96.1,1.488,3.194,0.0,4.5,1.5,0.71
1788372878.18,turning,11.281,3.694,64.6,0,30,65,11.425,5.175,94.5,1.488,3.194,0.0,4.5,1.5,0.71
1788372878.245,turning,11.281,3.694,64.0,0,30,65,11.425,5.175,93.2,1.488,3.194,0.0,4.5,1.5,0.7
1788372878.308,turning,11.281,3.694,63.7,0,30,65,11.425,5.175,91.7,1.488,3.194,0.0,4.5,1.5,0.7
1788372878.37,turning,11.281,3.694,63.2,0,30,65,11.425,5.175,90.5,1.488,3.194,0.0,4.5,1.5,0.74
1788372878.431,turning,11.281,3.694,62.9,0,30,65,11.425,5.175,89.1,1.488,3.194,0.0,4.5,1.5,0.74
1788372878.494,turning,11.281,3.694,62.4,0,30,65,11.425,5.175,87.9,1.488,3.194,0.0,4.5,1.5,0.78
1788372878.553,turning,11.281,3.694,62.2,0,30,65,11.425,5.175,86.5,1.488,3.194,0.0,4.5,1.5,0.78
1788372878.611,turning,11.287,3.693,61.8,0,30,65,11.425,5.175,85.3,1.489,3.195,0.0,4.5,1.5,0.81
1788372878.669,turning,11.291,3.691,61.6,0,30,65,11.425,5.175,83.9,1.49,3.196,0.0,4.5,1.5,0.81
1788372878.733,turning,11.294,3.69,61.5,0,30,122,9.778,3.763,84.8,1.518,3.197,0.0,4.5,1.5,0.82
1788372878.801,turning,11.294,3.69,61.5,0,30,122,9.778,3.763,85.6,1.518,3.197,0.0,4.5,1.5,0.82
1788372878.857,turning,11.294,3.69,61.5,0,30,122,9.778,3.763,86.3,1.518,3.197,0.0,4.5,1.5,0.82
1788372878.91,turning,11.294,3.69,61.5,0,30,122,9.778,3.763,87.1,1.518,3.197,0.0,4.5,1.5,0.82
1788372878.965,turning,11.294,3.69,61.5,0,30,122,9.778,3.763,87.8,1.518,3.197,0.0,4.5,1.5,0.82
1788372879.017,turning,11.294,3.69,61.5,0,30,122,9.778,3.763,88.4,1.518,3.197,0.0,4.5,1.5,0.82
1788372879.07,turning,11.294,3.69,61.5,0,30,122,9.778,3.763,89.1,1.518,3.197,0.0,4.5,1.5,0.82
1788372879.121,turning,11.294,3.69,61.5,0,30,122,9.778,3.763,89.8,1.518,3.197,0.0,4.5,1.5,0.82
1788372879.174,turning,11.294,3.69,61.5,0,30,122,9.778,3.763,90.4,1.518,3.197,0.0,4.5,1.5,0.82
1788372879.228,turning,11.294,3.69,63.8,0,30,122,9.778,3.763,88.7,1.518,3.197,0.0,4.5,1.5,0.82
1788372879.282,turning,11.294,3.69,67.1,0,30,122,9.778,3.763,86.1,1.518,3.197,0.0,4.5,1.5,0.7
1788372879.337,turning,11.294,3.69,73.7,0,30,122,9.778,3.763,80.1,1.518,3.197,0.0,4.5,1.5,0.7
1788372879.394,turning,11.294,3.69,76.9,0,30,122,9.778,3.763,77.4,1.518,3.197,0.0,4.5,1.5,0.7
1788372879.449,turning,11.294,3.69,83.5,0,30,122,9.778,3.763,71.4,1.518,3.197,0.0,4.5,1.5,0.7
1788372879.513,turning,11.294,3.69,86.8,0,30,122,9.778,3.763,68.7,1.518,3.197,0.0,4.337,1.5,0.71
1788372879.582,turning,11.294,3.69,93.2,0,30,122,9.778,3.763,62.9,1.518,3.197,0.0,4.002,1.5,0.71
1788372879.65,turning,11.294,3.69,96.2,0,30,122,9.778,3.763,60.3,1.518,3.197,0.0,3.84,1.5,0.71
1788372879.713,turning,11.294,3.69,101.6,0,30,122,9.778,3.763,55.5,1.518,3.197,0.0,3.562,1.5,0.71
1788372879.773,turning,11.294,3.69,104.1,0,30,125,9.776,3.716,53.5,1.519,3.197,0.0,3.431,1.5,0.72
1788372879.831,turning,11.294,3.69,108.4,0,30,125,9.776,3.716,49.8,1.519,3.197,0.0,3.205,1.5,0.72
1788372879.889,turning,11.278,3.692,110.5,0,30,125,9.776,3.716,48.2,1.503,3.196,0.0,3.096,1.5,0.72
1788372879.946,turning,11.242,3.698,114.1,1,31,125,9.726,3.717,45.1,1.517,3.195,0.0,2.907,1.5,0.72
1788372880.006,turning,11.244,3.701,115.9,1,31,125,9.726,3.717,43.7,1.519,3.191,0.0,2.811,1.5,0.72
1788372880.065,turning,11.247,3.704,117.6,1,31,125,9.726,3.717,42.6,1.522,3.187,0.0,2.724,1.5,0.72
1788372880.065,turning,11.247,3.704,117.6,1,31,125,9.726,3.717,43.1,1.522,3.187,0.0,2.724,1.5,0.72
1788372880.182,turning,11.251,3.692,121.4,0,30,125,9.776,3.716,39.7,1.476,3.199,0.0,2.524,1.5,0.73
1788372880.241,turning,11.249,3.681,123.5,1,31,125,9.726,3.717,38.0,1.524,3.21,0.0,2.411,1.5,0.73
1788372880.309,turning,11.247,3.678,124.5,1,31,125,9.726,3.717,37.4,1.522,3.214,0.0,2.4,1.5,0.73
1788372880.378,turning,11.241,3.68,126.1,1,31,125,9.726,3.717,36.3,1.516,3.212,0.0,2.4,1.5,0.73
1788372880.443,turning,11.239,3.684,126.8,1,31,125,9.726,3.717,36.0,1.513,3.208,0.0,2.4,1.5,0.73
1788372880.508,turning,11.236,3.688,128.3,1,31,125,9.726,3.717,34.9,1.511,3.205,0.0,2.4,1.5,0.74
1788372880.564,turning,11.236,3.688,129.1,1,31,125,9.726,3.717,34.4,1.511,3.205,0.0,2.4,1.5,0.74
1788372880.62,turning,11.235,3.687,131.2,1,31,125,9.726,3.717,32.7,1.51,3.206,0.0,2.4,1.5,0.74
1788372880.673,turning,11.234,3.686,132.5,1,31,125,9.726,3.717,31.8,1.509,3.207,0.0,2.4,1.5,0.74
1788372880.727,turning,11.233,3.685,134.4,1,31,125,9.726,3.717,30.2,1.508,3.208,0.0,2.4,1.5,0.74
1788372880.782,turning,11.233,3.685,135.2,0,30,123,9.728,3.763,29.7,1.507,3.208,0.0,2.4,1.5,0.74
1788372880.839,turning,11.235,3.694,136.9,0,30,123,9.728,3.763,28.4,1.509,3.199,0.0,2.4,1.5,0.74
1788372880.894,turning,11.236,3.701,137.8,0,30,123,9.728,3.763,27.8,1.51,3.192,0.0,2.4,1.5,0.74
1788372880.949,turning,11.237,3.705,139.4,0,30,123,9.728,3.763,26.4,1.511,3.188,0.0,2.4,1.5,0.75
1788372881.003,turning,11.237,3.705,140.2,0,30,123,9.728,3.763,25.9,1.511,3.188,0.0,2.4,1.5,0.75
1788372881.058,turning,11.237,3.705,141.1,0,30,123,9.728,3.763,25.4,1.511,3.188,0.0,2.4,1.5,0.75
1788372881.117,turning,11.237,3.705,142.7,0,30,123,9.728,3.763,24.0,1.511,3.188,0.0,2.4,1.5,0.75
1788372881.179,turning,11.235,3.709,143.6,0,30,123,9.728,3.763,23.4,1.509,3.184,0.0,2.4,1.5,0.76
1788372881.237,turning,11.228,3.724,145.4,0,30,123,9.728,3.763,21.9,1.501,3.17,0.0,2.4,1.5,0.76
1788372881.297,turning,11.227,3.727,146.3,0,30,123,9.728,3.763,21.3,1.499,3.167,0.0,2.4,1.5,0.77
1788372881.351,turning,11.227,3.727,147.9,0,30,123,9.728,3.763,19.9,1.499,3.167,0.0,2.4,1.5,0.77
1788372881.406,turning,11.227,3.727,148.8,0,30,123,9.728,3.763,19.4,1.499,3.167,0.0,2.4,1.5,0.78
1788372881.461,turning,11.227,3.727,150.4,0,30,123,9.728,3.763,18.0,1.499,3.167,0.0,2.4,1.5,0.78
1788372881.516,turning,11.223,3.726,151.3,0,30,123,9.728,3.763,17.3,1.496,3.169,0.0,2.4,1.5,0.8
1788372881.566,turning,11.213,3.722,153.3,0,30,123,9.728,3.763,15.5,1.486,3.173,0.0,2.4,1.5,0.8
1788372881.622,turning,11.212,3.722,154.2,0,30,123,9.728,3.763,14.9,1.485,3.174,0.0,2.4,1.5,0.81
1788372881.675,turning,11.212,3.722,153.9,0,30,123,9.728,3.763,15.4,1.485,3.174,0.0,2.4,1.5,0.81
1788372881.73,turning,11.212,3.722,152.3,0,30,123,9.728,3.763,17.2,1.485,3.174,0.0,2.4,1.5,0.82
1788372881.788,turning,11.212,3.722,149.1,0,30,121,9.726,3.766,20.7,1.487,3.174,0.0,2.4,1.5,0.82
1788372881.847,turning,11.209,3.722,147.4,0,30,121,9.726,3.766,22.6,1.484,3.175,0.0,2.4,1.5,0.8
1788372881.908,turning,11.204,3.721,144.0,0,30,121,9.726,3.766,26.2,1.479,3.176,0.0,2.4,1.5,0.8
1788372881.972,turning,11.204,3.721,142.4,0,30,121,9.726,3.766,28.0,1.479,3.176,0.0,2.4,1.5,0.79
1788372882.031,turning,11.204,3.721,140.8,0,30,121,9.726,3.766,29.8,1.479,3.176,0.0,2.4,1.5,0.79
1788372882.094,turning,11.204,3.721,137.6,0,30,121,9.726,3.766,33.2,1.479,3.176,0.0,2.4,1.5,0.78
1788372882.149,turning,11.204,3.721,136.0,0,30,121,9.726,3.766,35.0,1.479,3.176,0.0,2.4,1.5,0.78
1788372882.204,turning,11.204,3.721,132.8,0,30,121,9.726,3.766,38.3,1.479,3.176,0.0,2.4,1.5,0.78
1788372882.259,turning,11.204,3.721,131.2,0,30,121,9.726,3.766,40.1,1.479,3.176,0.0,2.4,1.5,0.78
1788372882.318,turning,11.204,3.721,128.0,0,30,121,9.726,3.766,43.5,1.479,3.176,0.0,2.4,1.5,0.78
1788372882.377,turning,11.204,3.721,126.4,0,30,121,9.726,3.766,45.2,1.479,3.176,0.0,2.4,1.5,0.78
1788372882.435,turning,11.204,3.721,123.2,0,30,121,9.726,3.766,48.6,1.479,3.176,0.0,2.428,1.5,0.78
1788372882.488,turning,11.204,3.721,121.6,0,30,121,9.726,3.766,50.3,1.479,3.176,0.0,2.511,1.5,0.78
1788372882.546,turning,11.203,3.72,118.6,0,30,121,9.726,3.766,53.5,1.478,3.176,0.0,2.67,1.5,0.78
1788372882.603,turning,11.202,3.72,117.1,0,30,121,9.726,3.766,55.1,1.478,3.177,0.0,2.746,1.5,0.78
1788372882.666,turning,11.202,3.719,114.0,0,30,121,9.726,3.766,58.4,1.477,3.178,0.0,2.909,1.5,0.78
1788372882.728,turning,11.202,3.719,112.4,0,30,121,9.726,3.766,60.1,1.477,3.178,0.0,2.992,1.5,0.78
1788372882.791,turning,11.209,3.682,109.1,0,30,122,9.726,3.766,63.6,1.486,3.214,0.0,3.167,1.5,0.78
1788372882.854,turning,11.214,3.654,107.4,0,30,122,9.726,3.766,65.3,1.492,3.241,0.0,3.256,1.5,0.78
1788372882.91,turning,11.217,3.638,104.2,0,30,122,9.726,3.766,68.6,1.497,3.257,0.0,3.423,1.5,0.78
1788372882.97,turning,11.217,3.638,102.7,0,30,122,9.726,3.766,70.2,1.497,3.257,0.0,3.503,1.5,0.78
1788372883.025,turning,11.215,3.638,101.5,0,30,122,9.726,3.766,71.5,1.495,3.257,0.0,3.568,1.5,0.78
1788372883.081,turning,11.207,3.639,99.2,0,30,122,9.726,3.766,73.8,1.487,3.257,0.0,3.686,1.5,0.78
1788372883.135,turning,11.205,3.64,98.1,0,30,122,9.726,3.766,74.9,1.485,3.257,0.0,3.744,1.5,0.78
1788372883.19,turning,11.205,3.64,96.0,0,30,122,9.726,3.766,77.1,1.485,3.257,0.0,3.855,1.5,0.78
1788372883.243,turning,11.204,3.638,94.9,0,30,122,9.726,3.766,78.3,1.484,3.258,0.0,3.913,1.5,0.77
1788372883.298,turning,11.202,3.632,92.8,0,30,122,9.726,3.766,80.4,1.482,3.264,0.0,4.022,1.5,0.77
1788372883.353,turning,11.201,3.631,91.8,0,30,122,9.726,3.766,81.4,1.482,3.265,0.0,4.071,1.5,0.77
1788372883.412,turning,11.201,3.631,90.3,0,30,122,9.726,3.766,82.9,1.482,3.265,0.0,4.151,1.5,0.77
1788372883.476,turning,11.201,3.63,89.6,0,30,122,9.726,3.766,83.7,1.482,3.266,0.0,4.187,1.5,0.77
1788372883.535,turning,11.201,3.626,88.4,0,30,122,9.726,3.766,84.9,1.482,3.27,0.0,4.251,1.5,0.77
1788372883.603,turning,11.201,3.626,87.8,0,30,122,9.726,3.766,85.6,1.482,3.271,0.0,4.283,1.5,0.77
1788372883.663,turning,11.201,3.626,86.7,0,30,122,9.726,3.766,86.7,1.482,3.271,0.0,4.339,1.5,0.77
1788372883.723,turning,11.2,3.627,86.4,0,30,122,9.726,3.766,87.0,1.481,3.27,0.0,4.356,1.5,0.77
1788372883.785,turning,11.198,3.629,85.9,0,30,122,9.726,3.766,87.5,1.479,3.268,0.0,4.382,1.5,0.77
1788372883.84,turning,11.198,3.629,85.5,0,30,120,9.681,3.761,88.0,1.522,3.268,0.0,4.405,1.5,0.77
1788372883.895,turning,11.198,3.629,84.5,0,30,120,9.681,3.761,89.0,1.522,3.268,0.0,4.454,1.5,0.77
1788372883.948,turning,11.198,3.629,84.1,0,30,120,9.681,3.761,89.5,1.522,3.268,0.0,4.478,1.5,0.76
1788372884.003,turning,11.198,3.629,83.6,0,30,120,9.681,3.761,90.0,1.522,3.268,0.0,4.5,1.5,0.76
1788372884.062,turning,11.194,3.632,82.8,0,30,120,9.681,3.761,90.9,1.519,3.265,0.0,4.5,1.5,0.76
1788372884.118,turning,11.191,3.636,82.3,0,30,120,9.681,3.761,91.3,1.515,3.262,0.0,4.5,1.5,0.76
1788372884.177,turning,11.188,3.639,81.5,0,30,120,9.681,3.761,92.2,1.511,3.259,0.0,4.5,1.5,0.76
1788372884.233,turning,11.188,3.639,81.1,0,30,120,9.681,3.761,92.7,1.511,3.259,0.0,4.5,1.5,0.76
1788372884.303,turning,11.188,3.639,80.2,0,30,120,9.681,3.761,93.6,1.511,3.259,0.0,4.5,1.5,0.76
1788372884.364,turning,11.188,3.639,79.8,0,30,120,9.681,3.761,94.1,1.511,3.259,0.0,4.5,1.5,0.76
1788372884.425,turning,11.188,3.639,79.0,0,30,120,9.681,3.761,94.9,1.511,3.259,0.0,4.5,1.5,0.76
1788372884.489,turning,11.188,3.639,78.6,0,30,120,9.681,3.761,95.3,1.511,3.259,0.0,4.5,1.5,0.76
1788372884.549,turning,11.188,3.639,77.9,0,30,120,9.681,3.761,96.0,1.511,3.259,0.0,4.5,1.5,0.76
1788372884.604,turning,11.188,3.639,77.6,0,30,120,9.681,3.761,96.4,1.511,3.259,0.0,4.5,1.5,0.76
1788372884.659,turning,11.182,3.647,76.8,0,30,120,9.681,3.761,97.2,1.505,3.252,0.0,4.5,1.5,0.76
1788372884.711,turning,11.178,3.653,76.4,0,30,120,9.681,3.761,97.7,1.501,3.246,0.0,4.5,1.5,0.76
1788372884.765,turning,11.175,3.657,75.5,0,30,120,9.681,3.761,98.6,1.497,3.242,0.0,4.5,1.5,0.76
1788372884.82,turning,11.175,3.657,75.1,0,30,120,9.681,3.761,99.0,1.497,3.242,0.0,4.5,1.5,0.76
1788372884.881,turning,11.175,3.657,74.3,0,30,121,9.676,3.718,99.9,1.501,3.242,0.0,4.5,1.5,0.75
1788372884.934,turning,11.175,3.657,73.9,0,30,121,9.676,3.718,100.4,1.501,3.242,0.0,4.5,1.5,0.75
1788372884.99,turning,11.175,3.657,73.6,0,30,121,9.676,3.718,100.9,1.501,3.242,0.0,4.5,1.5,0.75
1788372885.045,turning,11.175,3.657,72.9,0,30,121,9.676,3.718,101.6,1.501,3.242,0.0,4.5,1.5,0.75
1788372885.108,turning,11.175,3.657,72.5,0,30,121,9.676,3.718,102.0,1.501,3.242,0.0,4.5,1.5,0.75
1788372885.166,turning,11.175,3.657,71.9,0,30,121,9.676,3.718,102.7,1.501,3.242,0.0,4.5,1.5,0.75
1788372885.226,turning,11.175,3.657,71.6,0,30,121,9.676,3.718,103.1,1.501,3.242,0.0,4.5,1.5,0.75
1788372885.28,turning,11.175,3.657,71.1,0,30,121,9.676,3.718,103.7,1.501,3.242,0.0,4.5,1.5,0.75
1788372885.334,turning,11.173,3.656,70.5,0,30,121,9.676,3.718,104.4,1.499,3.244,0.0,4.5,1.5,0.75
1788372885.393,turning,11.166,3.653,68.9,0,30,121,9.676,3.718,106.1,1.492,3.248,0.0,4.5,1.5,0.75
1788372885.447,turning,11.165,3.654,68.5,0,30,121,9.676,3.718,106.5,1.491,3.247,0.0,4.5,1.5,0.75
1788372885.502,turning,11.169,3.664,68.2,0,30,121,9.676,3.718,106.9,1.494,3.237,0.0,4.5,1.5,0.75
1788372885.561,turning,11.172,3.67,68.1,0,30,121,9.676,3.718,107.1,1.497,3.23,0.0,4.5,1.5,0.73
1788372885.613,turning,11.175,3.678,67.7,0,30,121,9.676,3.718,107.6,1.5,3.222,0.0,4.5,1.5,0.73
1788372885.667,turning,11.175,3.678,67.4,0,30,121,9.676,3.718,107.9,1.5,3.222,0.0,4.5,1.5,0.72
1788372885.723,turning,11.175,3.678,66.8,0,30,121,9.676,3.718,108.6,1.5,3.222,0.0,4.5,1.5,0.72
1788372885.78,turning,11.175,3.678,66.5,0,30,121,9.676,3.718,109.0,1.5,3.222,0.0,4.5,1.5,0.72
1788372885.838,turning,11.175,3.678,65.9,0,30,121,9.676,3.718,109.6,1.5,3.222,0.0,4.5,1.5,0.72
1788372885.901,turning,11.175,3.678,65.7,0,30,121,9.676,3.718,109.9,1.5,3.222,0.0,4.5,1.5,0.72
1788372885.964,turning,11.175,3.678,65.4,0,30,121,9.676,3.718,110.3,1.5,3.222,0.0,4.5,1.5,0.72
1788372886.029,turning,11.175,3.679,65.0,0,30,121,9.676,3.718,110.8,1.5,3.221,0.0,4.5,1.5,0.71
1788372886.088,turning,11.176,3.681,64.7,0,30,121,9.676,3.718,111.1,1.501,3.219,0.0,4.5,1.5,0.71
1788372886.145,turning,11.18,3.689,64.3,0,30,121,9.676,3.718,111.6,1.505,3.21,0.0,4.5,1.5,0.71
1788372886.197,turning,11.183,3.695,64.1,0,30,121,9.676,3.718,111.9,1.508,3.204,0.0,4.5,1.5,0.71
1788372886.251,turning,11.182,3.707,63.5,0,30,121,9.676,3.718,112.6,1.506,3.192,0.0,4.5,1.5,0.69
1788372886.308,turning,11.18,3.717,63.1,0,30,121,9.676,3.718,113.0,1.504,3.182,0.0,4.5,1.5,0.69
1788372886.365,turning,11.179,3.726,62.4,0,30,121,9.676,3.718,113.9,1.503,3.174,0.0,4.5,1.5,0.69
1788372886.417,turning,11.179,3.726,62.1,0,30,121,9.676,3.718,114.3,1.503,3.174,0.0,4.5,1.5,0.69
1788372886.474,turning,11.179,3.726,61.4,0,30,121,9.676,3.718,115.0,1.503,3.174,0.0,4.5,1.5,0.69
1788372886.528,turning,11.179,3.726,61.1,0,30,121,9.676,3.718,115.4,1.503,3.174,0.0,4.5,1.5,0.69
1788372886.59,turning,11.179,3.726,60.6,0,30,121,9.676,3.718,116.1,1.503,3.174,0.0,4.5,1.5,0.69
1788372886.655,turning,11.179,3.726,60.3,0,30,121,9.676,3.718,116.5,1.503,3.174,0.0,4.5,1.5,0.69
1788372886.717,turning,11.179,3.726,59.8,0,30,121,9.676,3.718,117.0,1.503,3.174,0.0,4.5,1.5,0.69
1788372886.777,turning,11.179,3.726,59.6,0,30,121,9.676,3.718,117.4,1.503,3.174,0.0,4.5,1.5,0.69
1788372886.839,turning,11.18,3.728,59.1,0,30,121,9.676,3.718,117.9,1.504,3.172,0.0,4.5,1.5,0.69
1788372886.899,turning,11.182,3.732,58.9,0,30,121,9.676,3.767,118.1,1.507,3.168,0.0,4.5,1.5,0.69
1788372886.959,turning,11.185,3.736,58.7,0,30,121,9.676,3.767,118.4,1.51,3.163,0.0,4.5,1.5,0.68
1788372887.012,turning,11.192,3.748,58.3,0,30,121,9.676,3.767,118.8,1.517,3.15,0.0,4.5,1.5,0.68
1788372887.07,turning,11.194,3.752,58.3,0,30,121,9.676,3.767,118.9,1.519,3.146,0.0,4.5,1.5,0.66
1788372887.123,turning,11.194,3.757,58.6,0,30,121,9.676,3.767,118.7,1.519,3.141,0.0,4.5,1.5,0.66
1788372887.175,turning,11.196,3.762,58.6,0,30,121,9.676,3.767,118.8,1.521,3.136,0.0,4.5,1.5,0.65
1788372887.228,turning,11.203,3.773,58.2,0,30,121,9.676,3.767,119.2,1.528,3.124,0.0,4.5,1.5,0.65
1788372887.284,turning,11.207,3.779,58.0,0,30,121,9.676,3.767,119.4,1.531,3.118,0.0,4.5,1.5,0.63
1788372887.342,turning,11.214,3.791,57.7,0,30,121,9.676,3.767,119.8,1.539,3.105,0.0,4.5,1.5,0.63
1788372887.401,turning,11.218,3.797,57.6,0,30,121,9.676,3.767,120.1,1.543,3.099,0.0,4.5,1.5,0.61
1788372887.462,turning,11.225,3.808,57.3,0,30,121,9.676,3.767,120.4,1.55,3.087,0.0,4.5,1.5,0.61
1788372887.519,turning,11.229,3.814,57.2,0,30,121,9.676,3.767,120.7,1.554,3.081,0.0,4.5,1.5,0.6
1788372887.579,turning,11.236,3.825,56.9,0,30,121,9.676,3.767,121.0,1.562,3.069,0.0,4.5,1.5,0.6
1788372887.633,turning,11.24,3.831,56.8,0,30,121,9.676,3.767,121.2,1.566,3.063,0.0,4.5,1.5,0.69
1788372887.689,turning,11.247,3.842,56.6,0,30,121,9.676,3.767,121.6,1.574,3.05,0.0,4.5,1.5,0.69
1788372887.742,turning,11.251,3.848,56.5,0,30,121,9.676,3.767,121.8,1.578,3.044,0.0,4.5,1.5,0.83
1788372887.795,turning,11.259,3.859,56.3,0,30,121,9.676,3.767,122.1,1.586,3.032,0.0,4.5,1.5,0.83
1788372887.851,turning,11.262,3.865,56.2,0,30,121,9.676,3.767,122.3,1.59,3.026,0.0,4.5,1.5,0.81
1788372887.908,turning,11.266,3.87,56.1,0,30,124,9.826,3.736,122.6,1.447,3.02,0.0,4.5,1.5,0.81
1788372887.975,turning,11.274,3.882,56.0,0,30,124,9.826,3.736,122.9,1.456,3.008,0.0,4.5,1.5,0.8
1788372888.035,turning,11.278,3.887,55.9,0,30,124,9.826,3.736,123.2,1.46,3.002,0.0,4.5,1.5,0.8
1788372888.102,turning,11.287,3.898,55.9,0,30,124,9.826,3.736,123.3,1.47,2.991,0.0,4.5,1.5,0.78
1788372888.175,turning,11.292,3.902,56.0,0,30,124,9.826,3.736,123.5,1.476,2.986,0.0,4.5,1.5,0.78
1788372888.248,turning,11.301,3.913,55.9,0,30,124,9.826,3.736,123.6,1.486,2.975,0.0,4.5,1.5,0.75
1788372888.321,turning,11.305,3.919,55.9,0,30,124,9.826,3.736,123.9,1.49,2.969,0.0,4.5,1.5,0.75
1788372888.398,turning,11.312,3.93,55.7,0,30,124,9.826,3.736,124.2,1.499,2.957,0.0,4.5,1.5,0.74
1788372888.462,turning,11.316,3.935,55.7,0,30,124,9.826,3.736,124.5,1.504,2.951,0.0,4.5,1.5,0.74
1788372888.523,turning,11.324,3.947,55.5,0,30,124,9.826,3.736,124.8,1.513,2.939,0.0,4.5,1.5,0.72
1788372888.584,turning,11.328,3.952,55.5,0,30,124,9.826,3.736,125.1,1.518,2.933,0.0,4.5,1.5,0.72
1788372888.648,turning,11.329,3.954,58.0,0,30,124,9.826,3.736,122.7,1.519,2.931,0.0,4.5,1.5,0.7
1788372888.705,turning,11.329,3.954,59.5,0,30,124,9.826,3.736,121.4,1.519,2.931,0.0,4.5,1.5,0.7
1788372888.761,turning,11.329,3.954,62.6,0,30,124,9.826,3.736,118.5,1.519,2.931,0.0,4.5,1.5,0.7
1788372888.813,turning,11.329,3.954,64.1,0,30,124,9.826,3.736,117.2,1.519,2.931,0.0,4.5,1.5,0.7
1788372888.869,turning,11.324,3.953,66.6,0,30,124,9.826,3.736,114.8,1.514,2.933,0.0,4.5,1.5,0.7
1788372888.926,turning,11.32,3.951,67.7,0,12,125,10.825,3.764,114.9,0.529,2.935,0.0,4.5,0.6,0.7
1788372888.985,turning,11.318,3.951,68.7,0,12,125,10.825,3.764,115.0,0.527,2.935,0.0,4.5,0.6,0.57
1788372889.046,turning,11.318,3.951,70.6,0,12,125,10.825,3.764,114.2,0.527,2.935,0.0,4.5,0.6,0.57
1788372889.121,turning,11.318,3.951,71.5,0,12,125,10.825,3.764,114.2,0.527,2.935,0.0,4.5,0.6,0.48
1788372889.181,turning,11.318,3.951,73.4,0,12,125,10.825,3.764,113.3,0.527,2.935,0.0,4.5,0.6,0.48
1788372889.237,turning,11.318,3.951,74.3,0,12,125,10.825,3.764,113.2,0.527,2.935,0.0,4.5,0.6,0.47
1788372889.295,turning,11.317,3.944,75.4,1,13,125,10.775,3.763,112.7,0.571,2.942,0.0,4.5,0.6,0.47
1788372889.354,turning,11.314,3.937,75.3,1,13,125,10.775,3.763,113.4,0.566,2.95,0.0,4.5,0.6,0.48
1788372889.406,turning,11.307,3.923,75.1,1,13,125,10.775,3.763,114.2,0.555,2.964,0.0,4.5,0.6,0.48
1788372889.461,turning,11.304,3.915,75.0,1,13,125,10.775,3.763,114.6,0.551,2.972,0.0,4.5,0.6,0.5
1788372889.513,turning,11.3,3.899,75.0,2,14,125,10.725,3.761,114.8,0.591,2.989,0.0,4.5,0.6,0.5
1788372889.565,turning,11.296,3.891,74.9,2,14,125,10.725,3.761,115.1,0.585,2.997,0.0,4.5,0.6,0.52
1788372889.618,turning,11.285,3.877,74.7,2,14,125,10.725,3.761,115.5,0.572,3.012,0.0,4.5,0.6,0.52
1788372889.672,turning,11.283,3.869,74.6,2,14,125,10.725,3.761,115.6,0.568,3.021,0.0,4.5,0.6,0.54
1788372889.727,turning,11.278,3.852,74.6,3,15,125,10.675,3.76,115.5,0.61,3.037,0.0,4.5,0.6,0.54
1788372889.788,turning,11.276,3.844,74.6,3,33,125,9.776,3.735,115.3,1.504,3.046,0.0,4.5,1.5,0.56
1788372889.85,turning,11.271,3.828,74.6,3,33,125,9.776,3.735,115.2,1.499,3.062,0.0,4.5,1.5,0.56
1788372889.913,turning,11.269,3.819,74.6,3,33,125,9.776,3.735,115.0,1.496,3.071,0.0,4.5,1.5,0.58
1788372889.975,turning,11.267,3.811,74.6,0,30,123,9.776,3.7,114.9,1.495,3.079,0.0,4.5,1.5,0.58
1788372890.031,turning,11.262,3.795,74.6,0,30,123,9.776,3.7,114.7,1.49,3.096,0.0,4.5,1.5,0.61
1788372890.084,turning,11.26,3.787,74.6,1,31,123,9.726,3.703,114.6,1.536,3.104,0.0,4.5,1.5,0.61
1788372890.136,turning,11.256,3.77,74.6,1,31,123,9.726,3.703,114.4,1.531,3.121,0.0,4.5,1.5,0.63
1788372890.19,turning,11.253,3.762,74.6,1,31,123,9.726,3.703,114.2,1.529,3.129,0.0,4.5,1.5,0.63
1788372890.242,turning,11.246,3.751,75.2,1,31,123,9.726,3.703,113.5,1.521,3.141,0.0,4.5,1.5,0.65
1788372890.296,turning,11.24,3.747,75.7,1,31,123,9.726,3.703,112.8,1.515,3.146,0.0,4.5,1.5,0.65
1788372890.351,turning,11.233,3.734,76.2,1,31,123,9.726,3.703,112.2,1.507,3.159,0.0,4.5,1.5,0.68
1788372890.407,turning,11.23,3.726,76.2,1,31,123,9.726,3.703,112.0,1.505,3.168,0.0,4.5,1.5,0.68
1788372890.461,turning,11.226,3.709,76.2,1,31,123,9.726,3.703,111.8,1.5,3.185,0.0,4.5,1.5,0.7
1788372890.513,turning,11.224,3.701,76.2,1,31,123,9.726,3.703,111.6,1.498,3.193,0.0,4.5,1.5,0.7
1788372890.569,turning,11.22,3.685,76.2,1,31,123,9.726,3.703,111.4,1.494,3.21,0.0,4.5,1.5,0.72
1788372890.627,turning,11.218,3.676,76.2,2,32,123,9.676,3.707,111.2,1.542,3.218,0.0,4.5,1.5,0.72
1788372890.689,turning,11.214,3.66,76.2,2,32,123,9.676,3.707,111.0,1.539,3.235,0.0,4.5,1.5,0.74
1788372890.748,turning,11.212,3.652,76.2,2,32,123,9.676,3.707,110.7,1.537,3.244,0.0,4.5,1.5,0.74
1788372890.805,turning,11.207,3.639,76.0,2,32,123,9.676,3.707,110.7,1.532,3.257,0.0,4.5,1.5,0.77
1788372890.859,turning,11.204,3.635,75.7,2,32,123,9.676,3.707,110.7,1.53,3.261,0.0,4.5,1.5,0.77
1788372890.914,turning,11.202,3.633,75.6,2,32,123,9.676,3.707,110.6,1.528,3.264,0.0,4.5,1.5,0.78
1788372890.971,turning,11.202,3.632,75.3,0,30,123,9.731,3.761,110.6,1.477,3.264,0.0,4.5,1.5,0.78
1788372891.024,turning,11.203,3.635,75.2,0,30,123,9.731,3.761,110.4,1.477,3.262,0.0,4.5,1.5,0.78
1788372891.078,turning,11.206,3.644,75.0,0,30,123,9.731,3.761,110.4,1.479,3.252,0.0,4.5,1.5,0.78
1788372891.13,turning,11.207,3.651,74.9,0,30,123,9.731,3.761,110.3,1.48,3.245,0.0,4.5,1.5,0.77
1788372891.183,turning,11.21,3.659,74.5,0,30,123,9.731,3.761,110.4,1.482,3.237,0.0,4.5,1.5,0.77
1788372891.235,turning,11.21,3.659,74.3,0,30,123,9.731,3.761,110.5,1.482,3.237,0.0,4.5,1.5,0.76
1788372891.288,turning,11.21,3.659,73.7,0,30,123,9.731,3.761,110.9,1.482,3.237,0.0,4.5,1.5,0.76
1788372891.349,turning,11.209,3.658,73.2,0,30,123,9.731,3.761,111.1,1.481,3.238,0.0,4.5,1.5,0.75
1788372891.407,turning,11.206,3.654,72.3,0,30,123,9.731,3.761,111.8,1.479,3.242,0.0,4.5,1.5,0.75
1788372891.466,turning,11.205,3.653,72.0,0,30,123,9.731,3.761,111.9,1.478,3.243,0.0,4.5,1.5,0.75
1788372891.524,turning,11.206,3.656,71.6,0,30,123,9.731,3.761,112.1,1.479,3.24,0.0,4.5,1.5,0.75
1788372891.581,turning,11.208,3.66,71.4,0,30,123,9.731,3.761,112.1,1.48,3.236,0.0,4.5,1.5,0.75
1788372891.633,turning,11.212,3.672,71.0,0,30,123,9.731,3.761,112.3,1.483,3.223,0.0,4.5,1.5,0.75
1788372891.687,turning,11.214,3.678,70.8,0,30,123,9.731,3.761,112.3,1.485,3.217,0.0,4.5,1.5,0.74
1788372891.742,turning,11.215,3.68,70.2,0,30,123,9.731,3.761,112.9,1.486,3.215,0.0,4.5,1.5,0.74
1788372891.798,turning,11.215,3.68,69.8,0,30,123,9.731,3.761,113.1,1.486,3.215,0.0,4.5,1.5,0.73
1788372891.851,turning,11.215,3.68,69.4,0,30,123,9.731,3.761,113.3,1.486,3.215,0.0,4.5,1.5,0.73
1788372891.906,turning,11.215,3.68,68.6,0,30,123,9.731,3.761,113.9,1.486,3.215,0.0,4.5,1.5,0.72
1788372891.958,turning,11.215,3.68,68.3,0,30,123,9.731,3.761,114.2,1.486,3.215,0.0,4.5,1.5,0.72
1788372892.013,turning,11.215,3.68,67.6,0,30,121,9.726,3.717,114.7,1.49,3.215,0.0,4.5,1.5,0.72
1788372892.066,turning,11.215,3.68,67.3,0,30,121,9.726,3.717,114.9,1.49,3.215,0.0,4.5,1.5,0.72
1788372892.123,turning,11.215,3.68,66.7,0,30,121,9.726,3.717,115.4,1.49,3.215,0.0,4.5,1.5,0.72
1788372892.183,turning,11.215,3.68,66.5,0,30,121,9.726,3.717,115.6,1.49,3.215,0.0,4.5,1.5,0.72
1788372892.242,turning,11.215,3.68,66.0,0,30,121,9.726,3.717,116.0,1.49,3.215,0.0,4.5,1.5,0.72
1788372892.3,turning,11.215,3.68,65.7,0,30,121,9.726,3.717,116.2,1.49,3.215,0.0,4.5,1.5,0.72
1788372892.354,turning,11.218,3.685,65.2,0,30,121,9.726,3.717,116.6,1.493,3.21,0.0,4.5,1.5,0.72
1788372892.404,turning,11.222,3.69,65.0,0,30,121,9.726,3.717,116.8,1.496,3.205,0.0,4.5,1.5,0.72
1788372892.457,turning,11.224,3.692,64.4,0,30,121,9.726,3.717,117.3,1.498,3.202,0.0,4.5,1.5,0.71
1788372892.509,turning,11.224,3.692,64.1,0,30,121,9.726,3.717,117.5,1.498,3.202,0.0,4.5,1.5,0.71
1788372892.562,turning,11.224,3.692,63.6,0,30,121,9.726,3.717,118.0,1.498,3.202,0.0,4.5,1.5,0.71
1788372892.613,turning,11.224,3.692,63.3,0,30,121,9.726,3.717,118.2,1.498,3.202,0.0,4.5,1.5,0.71
1788372892.666,turning,11.224,3.692,62.7,0,30,121,9.726,3.717,118.7,1.498,3.202,0.0,4.5,1.5,0.71
1788372892.718,turning,11.224,3.692,62.5,0,30,121,9.726,3.717,118.9,1.498,3.202,0.0,4.5,1.5,0.71
1788372892.774,turning,11.224,3.692,62.3,0,30,121,9.726,3.717,119.1,1.498,3.202,0.0,4.5,1.5,0.71
1788372892.826,turning,11.225,3.695,61.8,0,30,121,9.726,3.717,119.5,1.5,3.199,0.0,4.5,1.5,0.71
1788372892.882,turning,11.227,3.698,61.6,0,30,121,9.726,3.717,119.6,1.502,3.196,0.0,4.5,1.5,0.71
1788372892.937,turning,11.231,3.705,61.1,0,30,121,9.726,3.717,120.0,1.505,3.188,0.0,4.5,1.5,0.71
1788372892.998,turning,11.231,3.705,60.9,0,30,121,9.726,3.717,120.3,1.505,3.188,0.0,4.5,1.5,0.7
1788372893.063,turning,11.231,3.705,60.3,0,30,123,9.726,3.678,120.8,1.505,3.188,0.0,4.5,1.5,0.7
1788372893.12,turning,11.228,3.702,59.8,0,30,123,9.726,3.678,121.3,1.502,3.192,0.0,4.5,1.5,0.7
1788372893.175,turning,11.217,3.694,58.4,0,30,123,9.726,3.678,122.7,1.491,3.202,0.0,4.5,1.5,0.7
1788372893.228,turning,11.216,3.694,58.1,0,30,123,9.726,3.678,123.0,1.49,3.201,0.0,4.5,1.5,0.69
1788372893.279,turning,11.221,3.703,57.9,0,30,123,9.726,3.678,123.2,1.496,3.192,0.0,4.5,1.5,0.69
1788372893.333,turning,11.225,3.708,57.8,0,30,123,9.726,3.678,123.3,1.5,3.186,0.0,4.5,1.5,0.7
1788372893.388,turning,11.232,3.72,57.5,0,30,123,9.726,3.678,123.6,1.507,3.174,0.0,4.5,1.5,0.7
1788372893.44,turning,11.236,3.725,57.4,0,30,123,9.726,3.678,123.7,1.511,3.168,0.0,4.5,1.5,0.81
1788372893.493,turning,11.243,3.737,57.1,0,30,123,9.726,3.678,124.0,1.519,3.156,0.0,4.5,1.5,0.81
1788372893.549,turning,11.247,3.743,57.0,0,30,123,9.726,3.678,124.2,1.523,3.15,0.0,4.5,1.5,0.87
1788372893.603,turning,11.254,3.754,56.8,0,30,123,9.726,3.678,124.5,1.531,3.137,0.0,4.5,1.5,0.87
1788372893.658,turning,11.258,3.76,56.7,0,30,123,9.726,3.678,124.6,1.535,3.131,0.0,4.5,1.5,0.85
1788372893.715,turning,11.262,3.765,56.5,0,30,123,9.726,3.678,124.8,1.539,3.125,0.0,4.5,1.5,0.85
1788372893.779,turning,11.269,3.777,56.4,0,30,123,9.726,3.678,125.0,1.547,3.113,0.0,4.5,1.5,0.83
1788372893.838,turning,11.273,3.782,56.3,0,30,123,9.726,3.678,125.2,1.551,3.107,0.0,4.5,1.5,0.83
1788372893.9,turning,11.281,3.794,56.1,0,30,123,9.726,3.678,125.4,1.559,3.095,0.0,4.5,1.5,0.81
1788372893.955,turning,11.284,3.799,56.0,0,30,123,9.726,3.678,125.6,1.563,3.089,0.0,4.5,1.5,0.81
1788372894.01,turning,11.292,3.811,55.9,0,30,123,9.726,3.678,125.8,1.572,3.077,0.0,4.5,1.5,0.79
1788372894.064,turning,11.296,3.816,55.8,0,30,123,9.776,3.763,125.9,1.521,3.072,0.0,4.5,1.5,0.79
1788372894.118,turning,11.304,3.827,55.6,0,30,123,9.776,3.763,126.0,1.529,3.06,0.0,4.5,1.5,0.77
1788372894.171,turning,11.307,3.833,55.6,0,30,123,9.776,3.763,126.1,1.533,3.054,0.0,4.5,1.5,0.77
1788372894.226,turning,11.315,3.844,55.5,0,30,123,9.776,3.763,126.3,1.542,3.042,0.0,4.5,1.5,0.75
1788372894.279,turning,11.319,3.85,55.4,0,30,123,9.776,3.763,126.4,1.546,3.036,0.0,4.5,1.5,0.75
1788372894.334,turning,11.331,3.862,55.3,0,30,123,9.776,3.763,126.5,1.559,3.023,0.0,4.5,1.5,0.73
1788372894.392,turning,11.339,3.868,55.2,0,30,123,9.776,3.763,126.7,1.567,3.016,0.0,4.5,1.5,0.73
1788372894.448,turning,11.342,3.87,57.8,0,30,123,9.776,3.763,124.1,1.57,3.014,0.0,4.5,1.5,0.71
1788372894.509,turning,11.342,3.87,59.3,0,30,123,9.776,3.763,122.7,1.57,3.014,0.0,4.5,1.5,0.71
1788372894.572,turning,11.342,3.87,62.3,0,30,123,9.776,3.763,119.7,1.57,3.014,0.0,4.5,1.5,0.71
1788372894.634,turning,11.342,3.87,63.9,0,30,123,9.776,3.763,118.2,1.57,3.014,0.0,4.5,1.5,0.71
1788372894.696,turning,11.342,3.87,65.3,0,30,123,9.776,3.763,116.8,1.57,3.014,0.0,4.5,1.5,0.71
1788372894.754,turning,11.342,3.87,67.6,0,30,123,9.776,3.763,114.6,1.57,3.014,0.0,4.5,1.5,0.71
1788372894.809,turning,11.342,3.87,68.6,0,30,123,9.776,3.763,113.6,1.57,3.014,0.0,4.5,1.5,0.68
1788372894.863,turning,11.342,3.87,70.5,0,30,123,9.776,3.763,111.7,1.57,3.014,0.0,4.5,1.5,0.68
1788372894.919,turning,11.342,3.87,71.4,0,30,123,9.776,3.763,110.9,1.57,3.014,0.0,4.5,1.5,0.58
1788372894.977,turning,11.342,3.87,73.3,0,30,123,9.776,3.763,109.0,1.57,3.014,0.0,4.5,1.5,0.58
1788372895.033,turning,11.342,3.87,74.2,0,12,123,10.675,3.737,108.6,0.68,3.014,0.0,4.5,0.6,0.55
1788372895.091,turning,11.342,3.87,76.1,0,12,124,10.725,3.675,107.7,0.647,3.014,0.0,4.5,0.6,0.55
1788372895.146,turning,11.342,3.87,77.1,0,12,124,10.725,3.675,107.5,0.648,3.014,0.0,4.5,0.6,0.55
1788372895.201,turning,11.344,3.87,79.3,0,12,124,10.725,3.675,106.1,0.649,3.013,0.0,4.5,0.6,0.55
1788372895.265,turning,11.344,3.87,80.2,0,29,124,9.875,3.675,105.2,1.482,3.013,0.0,4.5,1.5,0.55
1788372895.334,turning,11.344,3.87,82.1,0,29,124,9.875,3.675,103.4,1.482,3.013,0.0,4.5,1.5,0.55
1788372895.397,turning,11.342,3.87,83.0,0,29,124,9.875,3.675,102.6,1.48,3.014,0.0,4.5,1.5,0.55
1788372895.462,turning,11.338,3.869,84.7,0,29,124,9.875,3.675,100.9,1.476,3.015,0.0,4.443,1.5,0.55
1788372895.519,turning,11.338,3.869,85.7,0,29,124,9.875,3.675,100.0,1.476,3.015,0.0,4.395,1.5,0.55
1788372895.573,turning,11.338,3.869,87.5,0,29,124,9.875,3.675,98.2,1.476,3.015,0.0,4.297,1.5,0.55
1788372895.631,turning,11.338,3.869,88.5,0,29,124,9.875,3.675,97.3,1.476,3.015,0.0,4.248,1.5,0.55
1788372895.684,turning,11.338,3.869,88.7,0,29,124,9.875,3.675,97.1,1.476,3.015,0.0,4.238,1.5,0.55
1788372895.735,turning,11.337,3.874,88.8,0,29,124,9.875,3.675,97.1,1.476,3.011,0.0,4.232,1.5,0.55
1788372895.785,turning,11.337,3.878,88.9,0,29,124,9.875,3.675,97.0,1.476,3.006,0.0,4.227,1.5,0.55
1788372895.84,turning,11.336,3.877,89.0,0,29,124,9.875,3.675,97.0,1.475,3.008,0.0,4.222,1.5,0.55
1788372895.895,turning,11.336,3.868,89.0,0,29,124,9.875,3.675,97.0,1.473,3.016,0.0,4.222,1.5,0.55
1788372895.951,turning,11.335,3.851,89.0,0,29,124,9.875,3.675,97.0,1.471,3.033,0.0,4.222,1.5,0.57
1788372896.007,turning,11.335,3.843,89.0,0,29,124,9.875,3.675,97.0,1.47,3.042,0.0,4.222,1.5,0.57
1788372896.067,turning,11.33,3.819,88.8,1,30,124,9.825,3.675,97.1,1.512,3.066,0.0,4.228,1.5,0.59
1788372896.126,turning,11.325,3.805,88.8,0,30,123,9.826,3.689,97.2,1.504,3.08,0.0,4.232,1.5,0.59
1788372896.189,turning,11.322,3.784,88.7,0,30,123,9.826,3.689,97.2,1.499,3.101,0.0,4.236,1.5,0.62
1788372896.244,turning,11.321,3.776,88.7,0,30,123,9.826,3.689,97.2,1.498,3.11,0.0,4.236,1.5,0.62
1788372896.303,turning,11.321,3.759,88.7,0,30,123,9.826,3.689,97.1,1.497,3.126,0.0,4.236,1.5,0.64
1788372896.358,turning,11.321,3.75,88.7,1,31,123,9.776,3.693,97.0,1.546,3.135,0.0,4.236,1.5,0.64
1788372896.412,turning,11.321,3.733,88.7,1,31,123,9.776,3.693,96.9,1.545,3.152,0.0,4.236,1.5,0.66
1788372896.466,turning,11.32,3.725,88.7,1,31,123,9.776,3.693,96.8,1.545,3.16,0.0,4.236,1.5,0.66
1788372896.518,turning,11.32,3.708,88.7,1,31,123,9.776,3.693,96.7,1.544,3.177,0.0,4.236,1.5,0.69
1788372896.57,turning,11.32,3.699,88.7,1,31,123,9.776,3.693,96.5,1.544,3.186,0.0,4.236,1.5,0.69
1788372896.622,turning,11.32,3.691,88.7,1,31,123,9.776,3.693,96.4,1.544,3.194,0.0,4.236,1.5,0.71
1788372896.674,turning,11.319,3.674,88.7,1,31,123,9.776,3.693,96.3,1.543,3.211,0.0,4.236,1.5,0.71
1788372896.727,turning,11.319,3.665,88.7,1,31,123,9.776,3.693,96.1,1.543,3.22,0.0,4.236,1.5,0.73
1788372896.779,turning,11.319,3.648,88.7,1,31,123,9.776,3.693,95.9,1.543,3.237,0.0,4.236,1.5,0.73
1788372896.838,turning,11.316,3.639,88.6,1,31,123,9.776,3.693,95.9,1.541,3.247,0.0,4.242,1.5,0.76
1788372896.898,turning,11.306,3.617,88.2,2,32,123,9.726,3.698,96.1,1.582,3.269,0.0,4.264,1.5,0.76
1788372896.962,turning,11.304,3.608,88.1,2,32,123,9.726,3.698,96.0,1.581,3.278,0.0,4.268,1.5,0.78
1788372897.025,turning,11.303,3.591,88.1,2,32,123,9.726,3.698,95.8,1.581,3.295,0.0,4.268,1.5,0.78
1788372897.082,turning,11.303,3.582,88.1,2,32,123,9.726,3.698,95.6,1.581,3.304,0.0,4.268,1.5,0.81
1788372897.133,turning,11.303,3.565,88.1,0,30,123,9.834,3.741,95.4,1.479,3.321,0.0,4.268,1.5,0.81
1788372897.191,turning,11.302,3.557,88.1,0,30,123,9.834,3.741,95.1,1.48,3.329,0.0,4.268,1.5,0.83
1788372897.246,turning,11.302,3.543,88.1,0,30,123,9.834,3.741,94.8,1.481,3.343,0.0,4.268,1.5,0.83
1788372897.302,turning,11.302,3.539,88.1,0,30,123,9.834,3.741,94.6,1.481,3.348,0.0,4.268,1.5,0.85
1788372897.357,turning,11.302,3.535,88.1,0,30,123,9.834,3.741,94.3,1.482,3.351,0.0,4.268,1.5,0.85
1788372897.413,turning,11.305,3.535,88.5,0,30,123,9.834,3.741,93.6,1.485,3.351,0.0,4.247,1.5,0.86
1788372897.463,turning,11.31,3.534,89.4,0,30,123,9.834,3.741,92.5,1.49,3.351,0.0,4.199,1.5,0.86
1788372897.516,turning,11.31,3.534,89.4,0,30,123,9.834,3.741,92.2,1.49,3.351,0.0,4.198,1.5,0.86
1788372897.569,turning,11.31,3.534,89.4,0,30,123,9.834,3.741,92.0,1.49,3.351,0.0,4.198,1.5,0.86
1788372897.627,turning,11.31,3.534,89.4,0,30,123,9.834,3.741,91.7,1.49,3.351,0.0,4.198,1.5,0.86
1788372897.685,turning,11.31,3.534,89.4,0,30,123,9.834,3.741,91.5,1.49,3.351,0.0,4.198,1.5,0.86
1788372897.747,turning,11.31,3.534,89.4,0,30,123,9.834,3.741,91.3,1.49,3.351,0.0,4.198,1.5,0.86
1788372897.809,turning,11.31,3.534,89.4,0,30,123,9.834,3.741,91.1,1.49,3.351,0.0,4.198,1.5,0.86
1788372897.87,turning,11.31,3.534,91.8,0,30,123,9.834,3.741,88.5,1.49,3.351,0.0,4.072,1.5,0.86
1788372897.924,turning,11.31,3.534,94.7,0,30,123,9.834,3.741,85.4,1.49,3.351,0.0,3.919,1.5,0.86
1788372897.981,turning,11.31,3.534,100.2,0,30,123,9.834,3.741,79.7,1.49,3.351,0.0,3.635,1.5,0.86
1788372898.032,turning,11.31,3.534,102.8,0,30,123,9.834,3.741,76.9,1.49,3.351,0.0,3.499,1.5,0.86
1788372898.088,turning,11.31,3.534,107.3,0,30,123,9.834,3.741,72.3,1.49,3.351,0.0,3.264,1.5,0.86
1788372898.14,turning,11.31,3.534,109.4,0,30,125,9.825,3.675,70.0,1.492,3.351,0.0,3.154,1.5,0.86
1788372898.196,turning,11.31,3.534,113.0,0,30,125,9.825,3.675,66.3,1.492,3.351,0.0,2.965,1.5,0.87
1788372898.249,turning,11.31,3.534,114.7,0,30,125,9.825,3.675,64.5,1.492,3.351,0.0,2.876,1.5,0.87
1788372898.306,turning,11.31,3.534,117.6,0,30,125,9.825,3.675,61.5,1.492,3.351,0.0,2.724,1.5,0.87
1788372898.361,turning,11.31,3.534,118.9,0,30,125,9.825,3.675,60.0,1.492,3.351,0.0,2.652,1.5,0.87
1788372898.426,turning,11.305,3.533,121.0,0,30,125,9.825,3.675,57.8,1.487,3.353,0.0,2.542,1.5,0.87
1788372898.489,turning,11.301,3.531,121.9,0,30,125,9.825,3.675,56.8,1.483,3.355,0.0,2.495,1.5,0.87
1788372898.548,turning,11.299,3.531,122.7,1,31,125,9.775,3.675,55.9,1.531,3.356,0.0,2.453,1.5,0.88
1788372898.607,turning,11.299,3.53,124.1,1,31,125,9.775,3.675,54.4,1.531,3.356,0.0,2.4,1.5,0.88
1788372898.66,turning,11.295,3.527,124.7,1,31,125,9.775,3.675,53.7,1.527,3.359,0.0,2.4,1.5,0.88
1788372898.715,turning,11.277,3.518,125.3,1,31,125,9.775,3.675,53.0,1.51,3.37,0.0,2.4,1.5,0.88
1788372898.77,turning,11.272,3.516,126.0,1,31,125,9.775,3.675,52.2,1.506,3.373,0.0,2.4,1.5,0.88
1788372898.826,turning,11.272,3.516,127.6,1,31,125,9.775,3.675,50.5,1.506,3.373,0.0,2.4,1.5,0.88
1788372898.882,turning,11.271,3.514,128.4,1,31,125,9.775,3.675,49.6,1.505,3.375,0.0,2.4,1.5,0.88
1788372898.935,turning,11.268,3.508,129.8,1,31,125,9.775,3.675,48.1,1.502,3.381,0.0,2.4,1.5,0.88
1788372898.989,turning,11.268,3.507,130.6,1,31,125,9.775,3.675,47.2,1.502,3.382,0.0,2.4,1.5,0.88
1788372899.043,turning,11.268,3.507,132.2,1,31,125,9.775,3.675,45.4,1.502,3.382,0.0,2.4,1.5,0.88
1788372899.099,turning,11.266,3.509,133.1,1,31,125,9.775,3.675,44.4,1.5,3.38,0.0,2.4,1.5,0.89
1788372899.156,turning,11.262,3.515,134.9,1,31,125,9.775,3.675,42.6,1.495,3.375,0.0,2.4,1.5,0.89
1788372899.224,turning,11.261,3.515,135.7,0,30,123,9.775,3.625,41.7,1.49,3.374,0.0,2.4,1.5,0.89
1788372899.286,turning,11.261,3.515,137.4,0,30,123,9.775,3.625,40.0,1.49,3.374,0.0,2.4,1.5,0.89
1788372899.352,turning,11.261,3.515,138.2,0,30,123,9.775,3.625,39.2,1.49,3.374,0.0,2.4,1.5,0.89
1788372899.412,turning,11.261,3.515,139.8,0,30,123,9.775,3.625,37.5,1.49,3.374,0.0,2.4,1.5,0.89
1788372899.467,turning,11.262,3.52,141.0,0,30,123,9.775,3.625,36.3,1.491,3.37,0.0,2.4,1.5,0.89
1788372899.519,turning,11.263,3.525,142.2,0,30,123,9.775,3.625,35.1,1.492,3.365,0.0,2.4,1.5,0.89
1788372899.574,turning,11.264,3.529,144.2,0,30,123,9.775,3.625,33.1,1.492,3.36,0.0,2.4,1.5,0.9
1788372899.626,turning,11.264,3.529,145.0,0,30,123,9.775,3.625,32.2,1.492,3.36,0.0,2.4,1.5,0.9
1788372899.68,turning,11.264,3.529,146.6,0,30,123,9.775,3.625,30.6,1.492,3.36,0.0,2.4,1.5,0.91
1788372899.732,turning,11.264,3.529,147.4,0,30,123,9.775,3.625,29.7,1.492,3.36,0.0,2.4,1.5,0.91
1788372899.785,turning,11.263,3.527,149.3,0,30,123,9.775,3.625,27.8,1.491,3.362,0.0,2.4,1.5,0.92
1788372899.848,turning,11.261,3.525,150.4,0,30,123,9.775,3.625,26.8,1.49,3.364,0.0,2.4,1.5,0.92
1788372899.907,turning,11.26,3.524,152.2,0,30,123,9.775,3.625,24.9,1.489,3.366,0.0,2.4,1.5,0.94
1788372899.967,turning,11.26,3.524,153.0,0,30,123,9.775,3.625,24.1,1.489,3.366,0.0,2.4,1.5,0.94
1788372900.029,turning,11.26,3.524,154.6,0,30,123,9.775,3.625,22.4,1.489,3.366,0.0,2.4,1.5,0.96
1788372900.097,turning,11.26,3.524,155.4,0,30,123,9.775,3.625,21.6,1.489,3.366,0.0,2.4,1.5,0.96
1788372900.159,turning,11.258,3.516,156.7,0,30,123,9.775,3.625,20.3,1.487,3.374,0.0,2.4,1.5,0.98
1788372900.215,turning,11.256,3.51,157.3,0,30,123,9.775,3.625,19.7,1.486,3.38,0.0,2.4,1.5,0.98
1788372900.274,turning,11.255,3.506,158.7,0,30,123,9.775,3.625,18.2,1.485,3.384,0.0,2.4,1.5,1.0
1788372900.33,turning,11.255,3.506,157.7,0,30,123,9.775,3.625,19.2,1.485,3.384,0.0,2.4,1.5,1.0
1788372900.393,turning,11.255,3.506,154.5,0,30,123,9.775,3.625,22.3,1.485,3.384,0.0,2.4,1.5,1.0
1788372900.448,turning,11.255,3.506,152.9,0,30,123,9.775,3.625,23.9,1.485,3.384,0.0,2.4,1.5,1.0
1788372900.502,turning,11.254,3.504,151.4,0,30,123,9.775,3.625,25.4,1.484,3.387,0.0,2.4,1.5,0.97
1788372900.554,turning,11.249,3.494,148.4,0,30,123,9.775,3.625,28.3,1.48,3.397,0.0,2.4,1.5,0.97
1788372900.609,turning,11.248,3.491,146.8,0,30,123,9.775,3.625,29.8,1.479,3.399,0.0,2.4,1.5,0.94
1788372900.666,turning,11.248,3.491,143.8,0,30,123,9.775,3.625,32.9,1.479,3.399,0.0,2.4,1.5,0.94
1788372900.724,turning,11.248,3.491,142.3,0,30,123,9.775,3.625,34.3,1.479,3.399,0.0,2.4,1.5,0.92
1788372900.791,turning,11.248,3.491,139.5,0,30,123,9.775,3.625,37.0,1.479,3.399,0.0,2.4,1.5,0.92
1788372900.852,turning,11.248,3.491,138.2,0,30,123,9.775,3.625,38.3,1.479,3.399,0.0,2.4,1.5,0.91
1788372900.914,turning,11.248,3.491,135.8,0,30,123,9.775,3.625,40.7,1.479,3.399,0.0,2.4,1.5,0.91
1788372900.978,turning,11.248,3.491,134.6,0,30,123,9.775,3.625,41.8,1.479,3.399,0.0,2.4,1.5,0.91
1788372901.035,turning,11.248,3.491,132.5,0,30,123,9.775,3.625,43.9,1.479,3.399,0.0,2.4,1.5,0.91
1788372901.094,turning,11.248,3.491,131.5,0,30,123,9.775,3.625,44.9,1.479,3.399,0.0,2.4,1.5,0.91
1788372901.15,turning,11.248,3.491,129.6,0,30,123,9.775,3.625,46.7,1.479,3.399,0.0,2.4,1.5,0.91
1788372901.21,turning,11.247,3.49,128.5,0,30,123,9.775,3.625,47.8,1.478,3.4,0.0,2.4,1.5,0.92
1788372901.264,turning,11.245,3.488,126.3,0,30,123,9.775,3.625,49.9,1.477,3.403,0.0,2.4,1.5,0.92
1788372901.316,turning,11.245,3.488,125.5,0,30,123,9.775,3.625,50.7,1.477,3.403,0.0,2.4,1.5,0.92
1788372901.371,turning,11.245,3.488,124.1,0,30,123,9.775,3.625,52.1,1.477,3.403,0.0,2.4,1.5,0.92
1788372901.425,turning,11.228,3.51,123.4,1,31,123,9.728,3.641,52.7,1.506,3.383,0.0,2.418,1.5,0.92
1788372901.48,turning,11.209,3.533,122.8,1,31,123,9.728,3.641,53.4,1.485,3.362,0.0,2.452,1.5,0.92
1788372901.538,turning,11.19,3.557,121.0,2,32,123,9.68,3.657,55.1,1.513,3.34,0.0,2.545,1.5,0.92
1788372901.596,turning,11.19,3.557,119.9,2,32,123,9.68,3.657,56.2,1.513,3.34,0.0,2.601,1.5,0.92
1788372901.657,turning,11.186,3.556,117.4,2,32,123,9.68,3.657,58.7,1.509,3.342,0.0,2.731,1.5,0.92
1788372901.719,turning,11.182,3.555,116.2,2,32,123,9.68,3.657,59.9,1.505,3.343,0.0,2.796,1.5,0.92
1788372901.776,turning,11.178,3.554,113.9,2,32,123,9.68,3.657,62.2,1.501,3.344,0.0,2.915,1.5,0.92
1788372901.832,turning,11.178,3.554,112.8,2,32,123,9.68,3.657,63.3,1.501,3.344,0.0,2.973,1.5,0.92
1788372901.885,turning,11.178,3.554,110.8,2,32,123,9.68,3.657,65.3,1.501,3.344,0.0,3.079,1.5,0.92
1788372901.937,turning,11.178,3.554,109.8,2,32,123,9.68,3.657,66.3,1.501,3.344,0.0,3.131,1.5,0.92
1788372901.995,turning,11.203,3.536,108.3,1,31,123,9.728,3.641,67.9,1.479,3.359,0.0,3.211,1.5,0.91
1788372902.045,turning,11.223,3.521,107.6,1,31,123,9.728,3.641,68.5,1.501,3.372,0.0,3.245,1.5,0.91
1788372902.099,turning,11.238,3.511,106.8,1,31,123,9.728,3.641,69.3,1.516,3.381,0.0,3.288,1.5,0.91
1788372902.154,turning,11.238,3.511,106.5,1,31,123,9.728,3.641,69.6,1.516,3.381,0.0,3.304,1.5,0.91
1788372902.209,turning,11.235,3.515,106.3,1,31,123,9.728,3.641,69.7,1.513,3.377,0.0,3.312,1.5,0.91
1788372902.264,turning,11.233,3.52,106.3,1,31,123,9.728,3.641,69.7,1.51,3.372,0.0,3.313,1.5,0.91
1788372902.324,turning,11.229,3.533,106.1,1,31,123,9.728,3.641,69.9,1.505,3.36,0.0,3.326,1.5,0.9
1788372902.386,turning,11.227,3.539,105.9,1,31,123,9.728,3.641,70.1,1.503,3.354,0.0,3.337,1.5,0.9
1788372902.445,turning,11.226,3.54,105.6,1,31,123,9.728,3.641,70.5,1.501,3.354,0.0,3.352,1.5,0.89
1788372902.506,turning,11.222,3.537,104.8,1,31,123,9.728,3.641,71.2,1.498,3.356,0.0,3.392,1.5,0.89
1788372902.584,turning,11.221,3.537,104.4,1,31,123,9.728,3.641,71.6,1.497,3.357,0.0,3.411,1.5,0.88
1788372902.676,turning,11.221,3.537,103.8,1,31,123,9.728,3.641,72.2,1.497,3.357,0.0,3.445,1.5,0.88
1788372902.757,turning,11.221,3.537,103.5,1,31,123,9.728,3.641,72.5,1.497,3.357,0.0,3.461,1.5,0.88
1788372902.822,turning,11.221,3.537,102.9,1,31,123,9.728,3.641,73.1,1.497,3.357,0.0,3.49,1.5,0.88
1788372902.879,turning,11.221,3.537,102.7,1,31,123,9.728,3.641,73.4,1.497,3.357,0.0,3.505,1.5,0.88
1788372902.934,turning,11.221,3.537,102.2,1,31,123,9.728,3.641,73.9,1.497,3.357,0.0,3.531,1.5,0.88
1788372902.991,turning,11.221,3.537,101.9,1,31,123,9.728,3.641,74.1,1.497,3.357,0.0,3.543,1.5,0.88
1788372903.043,turning,11.22,3.54,101.5,1,31,123,9.728,3.641,74.5,1.496,3.354,0.0,3.566,1.5,0.88
1788372903.104,turning,11.219,3.544,101.3,1,31,123,9.728,3.641,74.8,1.495,3.35,0.0,3.577,1.5,0.88
1788372903.167,turning,11.218,3.552,100.8,1,31,123,9.728,3.641,75.2,1.493,3.342,0.0,3.601,1.5,0.88
1788372903.234,turning,11.217,3.55,100.7,1,31,123,9.728,3.641,75.4,1.492,3.344,0.0,3.608,1.5,0.86
1788372903.296,turning,11.214,3.547,100.4,1,31,123,9.728,3.641,75.7,1.489,3.347,0.0,3.624,1.5,0.86
1788372903.354,turning,11.214,3.547,100.1,1,31,123,9.728,3.641,76.0,1.489,3.347,0.0,3.638,1.5,0.86
1788372903.407,turning,11.214,3.547,99.6,1,31,123,9.728,3.641,76.5,1.489,3.347,0.0,3.666,1.5,0.86
1788372903.462,turning,11.214,3.547,99.3,1,31,123,9.728,3.641,76.8,1.489,3.347,0.0,3.679,1.5,0.86
1788372903.512,turning,11.214,3.547,99.1,1,31,123,9.728,3.641,77.0,1.489,3.347,0.0,3.692,1.5,0.86
1788372903.567,turning,11.213,3.55,98.6,1,31,123,9.728,3.641,77.5,1.489,3.345,0.0,3.715,1.5,0.86
1788372903.621,turning,11.213,3.554,98.4,1,31,123,9.728,3.641,77.7,1.488,3.341,0.0,3.727,1.5,0.86
1788372903.676,turning,11.212,3.561,98.0,1,31,123,9.728,3.641,78.2,1.486,3.334,0.0,3.751,1.5,0.85
1788372903.731,turning,11.212,3.561,97.7,1,31,123,9.728,3.641,78.4,1.486,3.334,0.0,3.763,1.5,0.85
1788372903.786,turning,11.212,3.561,97.2,1,31,123,9.728,3.641,79.0,1.486,3.334,0.0,3.792,1.5,0.85
1788372903.845,turning,11.212,3.561,96.9,1,31,123,9.728,3.641,79.3,1.486,3.334,0.0,3.807,1.5,0.85
1788372903.907,turning,11.212,3.561,96.4,1,31,123,9.728,3.641,79.8,1.486,3.334,0.0,3.833,1.5,0.85
1788372903.971,turning,11.212,3.561,96.1,1,31,123,9.728,3.641,80.1,1.486,3.334,0.0,3.846,1.5,0.85
1788372904.033,turning,11.212,3.564,95.7,1,31,123,9.728,3.641,80.6,1.486,3.331,0.0,3.87,1.5,0.85
1788372904.091,turning,11.211,3.568,95.5,1,31,123,9.728,3.641,80.8,1.485,3.327,0.0,3.881,1.5,0.85
1788372904.141,turning,11.175,3.587,94.8,2,32,123,9.68,3.657,81.5,1.497,3.313,0.0,3.915,1.5,0.83
1788372904.198,turning,11.148,3.597,94.4,3,33,123,9.633,3.672,81.9,1.517,3.306,0.0,3.936,1.5,0.83
1788372904.254,turning,11.13,3.603,93.2,3,33,123,9.633,3.672,83.1,1.499,3.302,0.0,3.999,1.5,0.83
1788372904.312,turning,11.13,3.603,92.5,3,33,123,9.633,3.672,83.9,1.499,3.302,0.0,4.036,1.5,0.83
1788372904.367,turning,11.13,3.603,91.1,3,33,123,9.633,3.672,85.3,1.499,3.302,0.0,4.112,1.5,0.83
1788372904.419,turning,11.13,3.603,90.3,3,33,123,9.633,3.672,86.1,1.499,3.302,0.0,4.149,1.5,0.83
1788372904.475,turning,11.13,3.603,89.7,3,33,123,9.633,3.672,86.8,1.499,3.302,0.0,4.185,1.5,0.83
1788372904.526,turning,11.13,3.603,88.4,3,33,123,9.633,3.672,88.0,1.499,3.302,0.0,4.25,1.5,0.83
1788372904.582,turning,11.13,3.603,87.8,3,33,123,9.633,3.672,88.7,1.499,3.302,0.0,4.282,1.5,0.83
1788372904.636,turning,11.13,3.603,86.7,3,33,123,9.633,3.672,89.8,1.499,3.302,0.0,4.34,1.5,0.83
1788372904.707,turning,11.13,3.603,86.2,3,33,123,9.633,3.672,90.4,1.499,3.302,0.0,4.368,1.5,0.82
1788372904.767,turning,11.13,3.603,85.2,3,33,123,9.633,3.672,91.4,1.499,3.302,0.0,4.42,1.5,0.82
1788372904.83,turning,11.13,3.603,84.7,3,33,123,9.633,3.672,91.9,1.499,3.302,0.0,4.445,1.5,0.82
1788372904.89,turning,11.13,3.603,83.8,3,33,123,9.633,3.672,92.7,1.499,3.302,0.0,4.49,1.5,0.82
1788372904.942,turning,11.147,3.597,83.3,3,33,123,9.633,3.672,93.3,1.516,3.306,0.0,4.5,1.5,0.82
1788372904.998,turning,11.196,3.578,82.4,2,32,123,9.68,3.657,94.2,1.518,3.318,0.0,4.5,1.5,0.82
1788372905.055,turning,11.201,3.576,82.1,2,32,123,9.68,3.657,94.5,1.523,3.32,0.0,4.5,1.5,0.82
1788372905.106,turning,11.202,3.579,82.0,2,32,123,9.68,3.657,94.6,1.524,3.317,0.0,4.5,1.5,0.82
1788372905.168,turning,11.202,3.582,82.0,2,32,123,9.68,3.657,94.6,1.524,3.314,0.0,4.5,1.5,0.82
1788372905.221,turning,11.204,3.595,82.0,2,32,123,9.68,3.657,94.6,1.525,3.301,0.0,4.5,1.5,0.82
1788372905.277,turning,11.205,3.601,82.0,2,32,123,9.68,3.657,94.7,1.526,3.295,0.0,4.5,1.5,0.8
1788372905.335,turning,11.207,3.615,82.0,2,32,123,9.68,3.657,94.7,1.527,3.281,0.0,4.5,1.5,0.8
1788372905.398,turning,11.207,3.622,82.0,2,32,123,9.68,3.657,94.7,1.527,3.274,0.0,4.5,1.5,0.78
1788372905.462,turning,11.206,3.629,82.0,2,32,123,9.68,3.657,94.9,1.526,3.267,0.0,4.5,1.5,0.78
1788372905.525,turning,11.205,3.631,81.6,2,32,123,9.68,3.657,95.3,1.526,3.265,0.0,4.5,1.5,0.77
1788372905.587,turning,11.205,3.631,81.3,2,32,123,9.68,3.657,95.7,1.526,3.265,0.0,4.5,1.5,0.77
1788372905.642,turning,11.205,3.631,80.7,2,32,123,9.68,3.657,96.3,1.526,3.265,0.0,4.5,1.5,0.77
1788372905.698,turning,11.205,3.631,80.4,2,32,123,9.68,3.657,96.7,1.526,3.265,0.0,4.5,1.5,0.77
1788372905.751,turning,11.205,3.631,79.8,2,32,123,9.68,3.657,97.3,1.526,3.265,0.0,4.5,1.5,0.77
1788372905.803,turning,11.205,3.631,79.6,2,32,123,9.68,3.657,97.6,1.526,3.265,0.0,4.5,1.5,0.77
1788372905.867,turning,11.205,3.631,79.1,2,32,123,9.68,3.657,98.1,1.526,3.265,0.0,4.5,1.5,0.76
1788372905.927,turning,11.205,3.631,78.9,2,32,123,9.68,3.657,98.4,1.526,3.265,0.0,4.5,1.5,0.76
1788372906.0,turning,11.206,3.635,78.4,2,32,123,9.68,3.657,98.9,1.526,3.261,0.0,4.5,1.5,0.76
1788372906.062,turning,11.207,3.639,78.2,2,32,123,9.68,3.657,99.1,1.527,3.257,0.0,4.5,1.5,0.76
1788372906.119,turning,11.209,3.646,77.8,2,32,123,9.68,3.657,99.6,1.528,3.249,0.0,4.5,1.5,0.75
1788372906.177,turning,11.209,3.646,77.5,2,32,123,9.68,3.657,99.9,1.528,3.249,0.0,4.5,1.5,0.75
1788372906.239,turning,11.209,3.646,76.9,2,32,123,9.68,3.657,100.6,1.528,3.249,0.0,4.5,1.5,0.75
1788372906.302,turning,11.209,3.646,76.6,2,32,123,9.68,3.657,100.9,1.528,3.249,0.0,4.5,1.5,0.75
1788372906.365,turning,11.209,3.646,76.1,2,32,123,9.68,3.657,101.5,1.528,3.249,0.0,4.5,1.5,0.75
1788372906.424,turning,11.209,3.646,75.8,2,32,123,9.68,3.657,101.9,1.528,3.249,0.0,4.5,1.5,0.75
1788372906.477,turning,11.209,3.646,75.6,2,32,123,9.68,3.657,102.2,1.528,3.249,0.0,4.5,1.5,0.75
1788372906.532,turning,11.209,3.647,75.1,2,32,123,9.68,3.657,102.7,1.529,3.249,0.0,4.5,1.5,0.75
1788372906.591,turning,11.209,3.649,74.9,2,32,123,9.68,3.657,102.9,1.529,3.247,0.0,4.5,1.5,0.74
1788372906.646,turning,11.212,3.658,74.4,2,32,123,9.68,3.657,103.4,1.532,3.238,0.0,4.5,1.5,0.74
1788372906.701,turning,11.213,3.665,74.3,2,32,123,9.68,3.657,103.6,1.532,3.23,0.0,4.5,1.5,0.73
1788372906.753,turning,11.21,3.67,73.9,2,32,123,9.68,3.657,104.1,1.53,3.226,0.0,4.5,1.5,0.73
1788372906.806,turning,11.209,3.67,73.6,2,32,123,9.68,3.657,104.5,1.529,3.226,0.0,4.5,1.5,0.72
1788372906.86,turning,11.209,3.67,72.8,2,32,123,9.68,3.657,105.3,1.529,3.226,0.0,4.5,1.5,0.72
1788372906.916,turning,11.209,3.67,72.4,2,32,123,9.68,3.657,105.8,1.529,3.226,0.0,4.5,1.5,0.72
1788372906.973,turning,11.209,3.67,71.6,2,32,123,9.68,3.657,106.6,1.529,3.226,0.0,4.5,1.5,0.72
1788372907.035,turning,11.209,3.67,71.3,2,32,123,9.68,3.657,107.0,1.529,3.226,0.0,4.5,1.5,0.72
1788372907.097,turning,11.209,3.67,70.6,2,32,123,9.68,3.657,107.7,1.529,3.226,0.0,4.5,1.5,0.72
1788372907.157,turning,11.209,3.67,70.3,2,32,123,9.68,3.657,108.1,1.529,3.226,0.0,4.5,1.5,0.72
1788372907.215,turning,11.209,3.67,69.7,2,32,123,9.68,3.657,108.7,1.529,3.226,0.0,4.5,1.5,0.72
1788372907.269,turning,11.209,3.67,69.4,2,32,123,9.68,3.657,109.1,1.529,3.226,0.0,4.5,1.5,0.72
1788372907.323,turning,11.209,3.67,68.9,2,32,123,9.68,3.657,109.6,1.529,3.226,0.0,4.5,1.5,0.72
1788372907.377,turning,11.209,3.67,68.7,2,32,123,9.68,3.657,109.9,1.529,3.226,0.0,4.5,1.5,0.72
1788372907.429,turning,11.209,3.671,68.4,2,32,123,9.68,3.657,110.2,1.529,3.225,0.0,4.5,1.5,0.72
1788372907.482,turning,11.206,3.678,68.0,2,32,123,9.68,3.657,110.6,1.526,3.218,0.0,4.5,1.5,0.72
1788372907.534,turning,11.202,3.685,67.9,2,32,123,9.68,3.657,110.9,1.523,3.212,0.0,4.5,1.5,0.72
1788372907.589,turning,11.197,3.687,67.3,2,32,123,9.68,3.657,111.5,1.518,3.211,0.0,4.5,1.5,0.7
1788372907.641,turning,11.197,3.687,66.9,2,32,123,9.68,3.657,111.9,1.518,3.211,0.0,4.5,1.5,0.7
1788372907.699,turning,11.197,3.687,66.2,2,32,123,9.68,3.657,112.7,1.518,3.211,0.0,4.5,1.5,0.7
1788372907.757,turning,11.197,3.687,65.9,2,32,123,9.68,3.657,113.1,1.518,3.211,0.0,4.5,1.5,0.7
1788372907.819,turning,11.197,3.687,65.2,2,32,123,9.68,3.657,113.8,1.518,3.211,0.0,4.5,1.5,0.7
1788372907.882,turning,11.197,3.687,64.9,2,32,123,9.68,3.657,114.1,1.518,3.211,0.0,4.5,1.5,0.7
1788372907.947,turning,11.197,3.687,64.4,2,32,123,9.68,3.657,114.8,1.518,3.211,0.0,4.5,1.5,0.7
1788372908.002,turning,11.197,3.687,64.1,2,32,123,9.68,3.657,115.1,1.518,3.211,0.0,4.5,1.5,0.7
1788372908.055,turning,11.197,3.687,63.6,2,32,123,9.68,3.657,115.6,1.518,3.211,0.0,4.5,1.5,0.7
1788372908.108,turning,11.197,3.687,63.4,2,32,123,9.68,3.657,115.9,1.518,3.211,0.0,4.5,1.5,0.7
1788372908.163,turning,11.199,3.689,62.9,2,32,123,9.68,3.657,116.4,1.519,3.208,0.0,4.5,1.5,0.7
1788372908.217,turning,11.201,3.693,62.7,2,32,123,9.68,3.657,116.7,1.521,3.204,0.0,4.5,1.5,0.7
1788372908.271,turning,11.203,3.699,62.4,2,32,123,9.68,3.657,117.1,1.524,3.197,0.0,4.5,1.5,0.69
1788372908.326,turning,11.202,3.699,62.2,2,32,123,9.68,3.657,117.3,1.523,3.198,0.0,4.5,1.5,0.69
1788372908.38,turning,11.202,3.699,61.9,2,32,123,9.68,3.657,117.6,1.523,3.198,0.0,4.5,1.5,0.68
1788372908.433,turning,11.202,3.699,61.3,2,32,123,9.68,3.657,118.2,1.523,3.198,0.0,4.5,1.5,0.68
1788372908.485,turning,11.202,3.699,61.1,2,32,123,9.68,3.657,118.6,1.523,3.198,0.0,4.5,1.5,0.68
1788372908.539,turning,11.202,3.699,60.5,2,32,123,9.68,3.657,119.2,1.523,3.198,0.0,4.5,1.5,0.68
1788372908.6,turning,11.202,3.699,60.3,2,32,123,9.68,3.657,119.5,1.523,3.198,0.0,4.5,1.5,0.68
1788372908.661,turning,11.202,3.699,59.8,0,30,122,9.728,3.763,119.9,1.476,3.197,0.0,4.5,1.5,0.68
1788372908.725,turning,11.204,3.701,59.6,0,30,122,9.728,3.763,120.0,1.477,3.195,0.0,4.5,1.5,0.68
1788372908.782,turning,11.208,3.71,59.2,0,30,122,9.728,3.763,120.4,1.482,3.186,0.0,4.5,1.5,0.68
1788372908.835,turning,11.212,3.716,58.9,0,30,122,9.728,3.763,120.6,1.485,3.18,0.0,4.5,1.5,0.67
1788372908.892,turning,11.219,3.727,58.6,0,30,122,9.728,3.763,121.0,1.492,3.168,0.0,4.5,1.5,0.67
1788372908.946,turning,11.223,3.733,58.4,0,30,122,9.728,3.763,121.1,1.495,3.162,0.0,4.5,1.5,0.79
1788372908.999,turning,11.23,3.745,58.0,0,30,122,9.728,3.763,121.5,1.502,3.149,0.0,4.5,1.5,0.79
1788372909.051,turning,11.233,3.75,57.9,0,30,122,9.728,3.763,121.6,1.506,3.143,0.0,4.5,1.5,0.86
1788372909.102,turning,11.241,3.762,57.6,0,30,122,9.728,3.763,121.9,1.513,3.131,0.0,4.5,1.5,0.86
1788372909.157,turning,11.245,3.765,57.3,0,30,122,9.728,3.763,122.3,1.517,3.127,0.0,4.5,1.5,0.84
1788372909.212,turning,11.253,3.771,56.6,0,30,122,9.728,3.763,122.9,1.525,3.121,0.0,4.5,1.5,0.84
1788372909.267,turning,11.256,3.776,56.5,0,30,122,9.728,3.763,123.1,1.529,3.115,0.0,4.5,1.5,0.81
1788372909.321,turning,11.26,3.782,56.4,0,30,122,9.728,3.763,123.2,1.533,3.109,0.0,4.5,1.5,0.81
1788372909.385,turning,11.268,3.793,56.2,0,30,122,9.728,3.763,123.4,1.54,3.097,0.0,4.5,1.5,0.8
1788372909.449,turning,11.272,3.799,56.1,0,30,122,9.728,3.763,123.5,1.544,3.091,0.0,4.5,1.5,0.8
1788372909.515,turning,11.279,3.81,56.0,0,30,122,9.728,3.763,123.8,1.552,3.079,0.0,4.5,1.5,0.78
1788372909.573,turning,11.283,3.816,55.9,0,30,122,9.728,3.763,123.9,1.556,3.073,0.0,4.5,1.5,0.78
1788372909.626,turning,11.291,3.827,55.7,0,30,122,9.728,3.763,124.1,1.564,3.061,0.0,4.5,1.5,0.76
1788372909.679,turning,11.294,3.832,55.7,0,30,123,9.776,3.763,124.2,1.52,3.055,0.0,4.5,1.5,0.76
1788372909.731,turning,11.302,3.844,55.6,0,30,123,9.776,3.763,124.4,1.529,3.044,0.0,4.5,1.5,0.74
1788372909.784,turning,11.306,3.849,55.5,0,30,123,9.776,3.763,124.6,1.533,3.038,0.0,4.5,1.5,0.74
1788372909.837,turning,11.314,3.86,55.4,0,30,123,9.776,3.763,124.8,1.541,3.026,0.0,4.5,1.5,0.72
1788372909.892,turning,11.318,3.866,55.3,0,30,123,9.776,3.763,124.9,1.545,3.02,0.0,4.5,1.5,0.72
1788372909.946,turning,11.323,3.873,55.4,0,30,123,9.776,3.763,124.9,1.551,3.013,0.0,4.5,1.5,0.7
1788372910.0,turning,11.325,3.875,55.5,0,30,123,9.776,3.763,124.9,1.554,3.011,0.0,4.5,1.5,0.7
1788372910.054,turning,11.325,3.873,58.4,0,30,123,9.776,3.763,122.1,1.553,3.012,0.0,4.5,1.5,0.68
1788372910.114,turning,11.325,3.873,60.0,0,30,123,9.776,3.763,120.7,1.553,3.012,0.0,4.5,1.5,0.68
1788372910.115,turning,11.325,3.873,60.0,0,30,123,9.776,3.763,120.7,1.553,3.012,0.0,4.5,1.5,0.68
1788372910.237,turning,11.325,3.873,64.5,0,30,123,9.776,3.763,116.3,1.553,3.012,0.0,4.5,1.5,0.68
1788372910.304,turning,11.325,3.873,65.9,0,30,123,9.776,3.763,115.0,1.553,3.012,0.0,4.5,1.5,0.68
1788372910.365,turning,11.325,3.873,68.1,0,30,123,9.776,3.763,112.8,1.553,3.012,0.0,4.5,1.5,0.68
1788372910.416,turning,11.325,3.873,69.1,0,30,123,9.776,3.763,111.9,1.553,3.012,0.0,4.5,1.5,0.69
1788372910.469,turning,11.325,3.873,71.0,0,30,123,9.776,3.763,110.1,1.553,3.012,0.0,4.5,1.5,0.69
1788372910.521,turning,11.325,3.873,71.9,0,30,123,9.776,3.763,109.2,1.553,3.012,0.0,4.5,1.5,0.62
1788372910.572,turning,11.325,3.873,73.8,0,30,123,9.776,3.763,107.4,1.553,3.012,0.0,4.5,1.5,0.62
1788372910.623,turning,11.325,3.873,74.7,0,12,123,10.675,3.737,107.2,0.664,3.012,0.0,4.5,0.6,0.55
1788372910.679,turning,11.325,3.873,76.6,0,12,123,10.675,3.737,105.9,0.664,3.012,0.0,4.5,0.6,0.55
1788372910.736,turning,11.325,3.873,77.5,0,11,126,10.775,3.713,105.8,0.573,3.013,0.0,4.5,0.6,0.52
1788372910.789,turning,11.328,3.871,79.3,0,11,126,10.775,3.713,104.8,0.575,3.014,0.0,4.5,0.6,0.52
1788372910.841,turning,11.328,3.871,80.2,0,11,126,10.775,3.713,104.6,0.575,3.014,0.0,4.5,0.6,0.53
1788372910.896,turning,11.328,3.871,82.1,0,11,126,10.775,3.713,103.4,0.575,3.014,0.0,4.5,0.6,0.53
1788372910.952,turning,11.332,3.872,83.0,0,11,126,10.775,3.713,103.1,0.579,3.013,0.0,4.5,0.6,0.53
1788372911.009,turning,11.34,3.869,84.0,0,11,126,10.775,3.713,102.7,0.586,3.016,0.0,4.481,0.6,0.53
1788372911.066,turning,11.34,3.86,84.0,0,11,126,10.775,3.713,103.1,0.583,3.024,0.0,4.481,0.6,0.53
1788372911.12,turning,11.338,3.843,84.0,0,11,126,10.775,3.713,103.5,0.578,3.041,0.0,4.481,0.6,0.53
1788372911.174,turning,11.337,3.835,84.0,0,29,126,9.876,3.687,103.5,1.469,3.049,0.0,4.481,1.5,0.55
1788372911.226,turning,11.336,3.827,84.0,0,29,126,9.876,3.687,103.4,1.467,3.058,0.0,4.481,1.5,0.55
1788372911.283,turning,11.333,3.808,84.0,1,31,126,9.776,3.684,103.4,1.562,3.076,0.0,4.483,1.5,0.57
1788372911.335,turning,11.331,3.798,83.9,1,31,126,9.776,3.684,103.3,1.559,3.086,0.0,4.484,1.5,0.57
1788372911.39,turning,11.328,3.78,83.9,1,31,126,9.776,3.684,103.3,1.555,3.105,0.0,4.486,1.5,0.6
1788372911.442,turning,11.327,3.772,83.9,1,31,126,9.776,3.684,103.2,1.554,3.113,0.0,4.486,1.5,0.6
1788372911.497,turning,11.325,3.755,83.9,1,31,126,9.776,3.684,103.0,1.551,3.13,0.0,4.486,1.5,0.62
1788372911.548,turning,11.324,3.746,83.9,1,31,126,9.776,3.684,102.9,1.55,3.139,0.0,4.486,1.5,0.62
1788372911.601,turning,11.322,3.729,83.9,1,31,126,9.776,3.684,102.8,1.547,3.156,0.0,4.486,1.5,0.64
1788372911.653,turning,11.321,3.721,83.9,2,32,126,9.726,3.682,102.7,1.596,3.164,0.0,4.486,1.5,0.64
1788372911.712,turning,11.32,3.704,83.9,2,32,126,9.726,3.682,102.5,1.594,3.181,0.0,4.486,1.5,0.67
1788372911.772,turning,11.319,3.696,83.9,0,30,124,9.826,3.684,102.4,1.493,3.19,0.0,4.486,1.5,0.67
1788372911.832,turning,11.317,3.679,83.9,0,30,124,9.826,3.684,102.2,1.491,3.207,0.0,4.486,1.5,0.69
1788372911.892,turning,11.316,3.67,83.9,0,30,124,9.826,3.684,102.1,1.491,3.215,0.0,4.486,1.5,0.69
1788372911.946,turning,11.314,3.661,83.7,0,30,124,9.826,3.684,102.1,1.489,3.224,0.0,4.496,1.5,0.71
1788372911.998,turning,11.313,3.659,83.6,0,30,124,9.826,3.684,102.0,1.488,3.227,0.0,4.5,1.5,0.71
1788372912.051,turning,11.311,3.645,83.5,0,30,124,9.826,3.684,101.9,1.486,3.24,0.0,4.5,1.5,0.73
1788372912.105,turning,11.31,3.637,83.5,0,30,124,9.826,3.684,101.8,1.485,3.249,0.0,4.5,1.5,0.73
1788372912.159,turning,11.309,3.628,83.5,0,30,124,9.826,3.684,101.6,1.484,3.257,0.0,4.5,1.5,0.76
1788372912.214,turning,11.307,3.612,83.5,0,30,124,9.826,3.684,101.4,1.483,3.274,0.0,4.5,1.5,0.76
1788372912.265,turning,11.306,3.603,83.5,0,30,124,9.826,3.684,101.2,1.483,3.283,0.0,4.5,1.5,0.78
1788372912.32,turning,11.304,3.586,83.5,0,30,124,9.826,3.684,101.0,1.482,3.3,0.0,4.5,1.5,0.78
1788372912.372,turning,11.303,3.578,83.5,1,31,124,9.776,3.683,100.8,1.531,3.308,0.0,4.5,1.5,0.81
1788372912.428,turning,11.301,3.561,83.5,1,31,124,9.776,3.683,100.6,1.531,3.325,0.0,4.5,1.5,0.81
1788372912.49,turning,11.298,3.554,83.3,1,31,124,9.776,3.683,100.6,1.528,3.333,0.0,4.5,1.5,0.83
1788372912.549,turning,11.289,3.545,82.5,1,31,124,9.776,3.683,101.1,1.52,3.343,0.0,4.5,1.5,0.83
1788372912.614,turning,11.287,3.541,82.4,1,31,124,9.776,3.683,101.0,1.518,3.347,0.0,4.5,1.5,0.85
1788372912.673,turning,11.286,3.537,82.4,1,31,124,9.776,3.683,100.7,1.518,3.351,0.0,4.5,1.5,0.85
1788372912.729,turning,11.286,3.538,82.4,1,31,124,9.776,3.683,100.5,1.518,3.35,0.0,4.5,1.5,0.86
1788372912.784,turning,11.287,3.544,82.4,0,30,122,9.785,3.7,100.3,1.51,3.343,0.0,4.5,1.5,0.86
1788372912.84,turning,11.288,3.55,82.4,0,30,122,9.785,3.7,100.1,1.51,3.338,0.0,4.5,1.5,0.85
1788372912.895,turning,11.29,3.563,82.4,0,30,122,9.785,3.7,99.9,1.511,3.324,0.0,4.5,1.5,0.85
1788372912.954,turning,11.291,3.57,82.4,0,30,122,9.785,3.7,99.7,1.511,3.317,0.0,4.5,1.5,0.83
1788372913.014,turning,11.293,3.584,82.4,0,30,122,9.785,3.7,99.6,1.512,3.304,0.0,4.5,1.5,0.83
1788372913.072,turning,11.293,3.595,82.4,0,30,122,9.785,3.7,99.5,1.511,3.292,0.0,4.5,1.5,0.81
1788372913.128,turning,11.293,3.607,82.4,0,30,122,9.785,3.7,99.4,1.511,3.28,0.0,4.5,1.5,0.81
1788372913.187,turning,11.294,3.626,82.3,0,30,122,9.785,3.7,99.3,1.511,3.261,0.0,4.5,1.5,0.79
1788372913.241,turning,11.295,3.633,82.3,0,30,122,9.785,3.7,99.2,1.511,3.254,0.0,4.5,1.5,0.79
1788372913.312,turning,11.297,3.647,82.3,0,30,122,9.785,3.7,99.1,1.513,3.24,0.0,4.5,1.5,0.77
1788372913.376,turning,11.298,3.653,82.3,0,30,122,9.785,3.7,99.0,1.513,3.234,0.0,4.5,1.5,0.77
1788372913.441,turning,11.3,3.667,82.2,0,30,122,9.785,3.7,99.1,1.515,3.22,0.0,4.5,1.5,0.75
1788372913.497,turning,11.301,3.674,82.0,0,30,122,9.785,3.7,99.2,1.516,3.213,0.0,4.5,1.5,0.75
1788372913.552,turning,11.301,3.675,81.2,0,30,122,9.785,3.7,99.9,1.516,3.211,0.0,4.5,1.5,0.74
1788372913.617,turning,11.301,3.675,80.7,0,30,122,9.785,3.7,100.4,1.516,3.211,0.0,4.5,1.5,0.74
1788372913.682,turning,11.301,3.675,79.7,0,30,122,9.785,3.7,101.3,1.516,3.211,0.0,4.5,1.5,0.73
1788372913.742,turning,11.301,3.675,79.3,0,30,122,9.785,3.7,101.8,1.516,3.211,0.0,4.5,1.5,0.73
1788372913.806,turning,11.301,3.675,78.4,0,30,126,9.827,3.758,102.5,1.476,3.211,0.0,4.5,1.5,0.73
1788372913.868,turning,11.301,3.675,77.9,0,30,126,9.827,3.758,102.9,1.476,3.211,0.0,4.5,1.5,0.73
1788372913.93,turning,11.297,3.68,77.1,1,31,126,9.777,3.761,103.6,1.522,3.207,0.0,4.5,1.5,0.73
1788372913.991,turning,11.294,3.683,76.8,1,31,126,9.777,3.761,103.9,1.519,3.204,0.0,4.5,1.5,0.73
1788372914.06,turning,11.292,3.685,75.8,1,31,126,9.777,3.761,104.7,1.517,3.202,0.0,4.5,1.5,0.73
1788372914.13,turning,11.292,3.685,75.3,1,31,126,9.777,3.761,105.2,1.517,3.202,0.0,4.5,1.5,0.73
1788372914.206,turning,11.292,3.685,74.7,1,31,126,9.777,3.761,105.6,1.517,3.202,0.0,4.5,1.5,0.73
1788372914.266,turning,11.292,3.685,73.7,1,31,126,9.777,3.761,106.6,1.517,3.202,0.0,4.5,1.5,0.73
1788372914.33,turning,11.292,3.685,73.2,1,31,126,9.777,3.761,107.0,1.517,3.202,0.0,4.5,1.5,0.73
1788372914.39,turning,11.292,3.685,72.3,1,31,126,9.777,3.761,107.8,1.517,3.202,0.0,4.5,1.5,0.73
1788372914.445,turning,11.292,3.685,71.9,1,31,126,9.777,3.761,108.2,1.517,3.202,0.0,4.5,1.5,0.73
1788372914.5,turning,11.292,3.685,71.1,1,31,126,9.777,3.761,108.9,1.517,3.202,0.0,4.5,1.5,0.73
1788372914.555,turning,11.293,3.688,70.9,1,31,126,9.777,3.761,109.0,1.517,3.2,0.0,4.5,1.5,0.73
1788372914.61,turning,11.294,3.696,70.7,1,31,126,9.777,3.761,109.1,1.518,3.192,0.0,4.5,1.5,0.73
1788372914.666,turning,11.294,3.697,70.4,1,31,126,9.777,3.761,109.4,1.518,3.191,0.0,4.5,1.5,0.73
1788372914.718,turning,11.294,3.697,69.4,1,31,126,9.777,3.761,110.4,1.518,3.191,0.0,4.5,1.5,0.73
1788372914.773,turning,11.294,3.697,68.8,1,31,126,9.777,3.761,110.9,1.518,3.191,0.0,4.5,1.5,0.73
1788372914.83,turning,11.294,3.697,67.8,0,30,124,9.778,3.763,111.8,1.518,3.191,0.0,4.5,1.5,0.73
1788372914.894,turning,11.294,3.697,67.3,0,30,124,9.778,3.763,112.3,1.518,3.191,0.0,4.5,1.5,0.73
1788372914.954,turning,11.294,3.697,66.4,0,30,124,9.778,3.763,113.1,1.518,3.191,0.0,4.5,1.5,0.73
1788372915.011,turning,11.294,3.697,66.0,0,30,124,9.778,3.763,113.5,1.518,3.191,0.0,4.5,1.5,0.73
1788372915.065,turning,11.294,3.697,65.2,0,30,124,9.778,3.763,114.3,1.518,3.191,0.0,4.5,1.5,0.73
1788372915.124,turning,11.294,3.703,64.9,0,30,124,9.778,3.763,114.5,1.517,3.185,0.0,4.5,1.5,0.73
1788372915.179,turning,11.293,3.709,64.6,0,30,124,9.778,3.763,114.7,1.516,3.179,0.0,4.5,1.5,0.73
1788372915.234,turning,11.292,3.715,63.9,0,30,124,9.778,3.763,115.4,1.515,3.173,0.0,4.5,1.5,0.72
1788372915.289,turning,11.292,3.715,63.5,0,30,124,9.778,3.763,115.8,1.515,3.173,0.0,4.5,1.5,0.72
1788372915.343,turning,11.292,3.715,63.5,0,30,124,9.778,3.763,115.8,1.515,3.173,0.0,4.5,1.5,0.76
1788372915.398,turning,11.292,3.715,63.5,0,30,124,9.778,3.763,115.8,1.515,3.173,0.0,4.5,1.5,0.76
1788372915.451,turning,11.292,3.715,63.5,0,30,124,9.778,3.763,115.7,1.515,3.173,0.0,4.5,1.5,0.76
1788372915.503,turning,11.292,3.715,63.5,0,30,124,9.778,3.763,115.7,1.515,3.173,0.0,4.5,1.5,0.76
1788372915.56,turning,11.292,3.715,63.5,0,30,124,9.778,3.763,115.7,1.515,3.173,0.0,4.5,1.5,0.76
1788372915.615,turning,11.292,3.715,63.5,0,30,124,9.778,3.763,115.7,1.515,3.173,0.0,4.5,1.5,0.76
1788372915.674,turning,11.286,3.713,63.7,0,30,124,9.778,3.763,115.4,1.509,3.175,0.0,4.5,1.5,0.76
1788372915.732,turning,11.282,3.712,63.9,0,30,124,9.778,3.763,115.2,1.505,3.177,0.0,4.5,1.5,0.76
1788372915.791,turning,11.278,3.711,64.1,0,30,124,9.778,3.763,115.0,1.502,3.178,0.0,4.5,1.5,0.76
1788372915.846,turning,11.278,3.711,64.1,0,30,122,9.776,3.764,115.0,1.504,3.178,0.0,4.5,1.5,0.76
1788372915.898,turning,11.278,3.711,66.5,0,30,122,9.776,3.764,112.5,1.504,3.178,0.0,4.5,1.5,0.76
1788372915.95,turning,11.278,3.711,69.7,0,30,122,9.776,3.764,109.2,1.504,3.178,0.0,4.5,1.5,0.76
1788372916.003,turning,11.278,3.711,76.3,0,30,122,9.776,3.764,102.7,1.504,3.178,0.0,4.5,1.5,0.73
1788372916.056,turning,11.278,3.711,79.6,0,30,122,9.776,3.764,99.4,1.504,3.178,0.0,4.5,1.5,0.73
1788372916.109,turning,11.278,3.711,82.8,0,30,122,9.776,3.764,96.1,1.504,3.178,0.0,4.5,1.5,0.73
1788372916.163,turning,11.278,3.711,89.4,0,30,122,9.776,3.764,89.5,1.504,3.178,0.0,4.2,1.5,0.73
1788372916.216,turning,11.278,3.711,92.6,0,30,122,9.776,3.764,86.2,1.504,3.178,0.0,4.029,1.5,0.74
1788372916.268,turning,11.278,3.711,98.4,0,30,122,9.776,3.764,80.5,1.504,3.178,0.0,3.728,1.5,0.74
1788372916.325,turning,11.278,3.711,101.1,0,30,122,9.776,3.764,77.7,1.504,3.178,0.0,3.585,1.5,0.74
1788372916.382,turning,11.278,3.711,105.8,0,30,122,9.776,3.764,73.0,1.504,3.178,0.0,3.339,1.5,0.74
1788372916.441,turning,11.277,3.712,108.0,0,30,122,9.776,3.764,70.8,1.503,3.177,0.0,3.225,1.5,0.74
1788372916.503,turning,11.274,3.716,111.7,0,30,122,9.776,3.764,67.1,1.499,3.174,0.0,3.033,1.5,0.74
1788372916.566,turning,11.271,3.711,113.4,0,30,122,9.776,3.764,65.3,1.496,3.178,0.0,2.94,1.5,0.75
1788372916.623,turning,11.263,3.698,116.5,0,30,122,9.776,3.764,62.3,1.489,3.192,0.0,2.782,1.5,0.75
1788372916.676,turning,11.266,3.679,117.6,0,30,122,9.776,3.764,61.0,1.493,3.211,0.0,2.72,1.5,0.75
1788372916.729,turning,11.276,3.634,119.4,0,30,122,9.776,3.764,59.1,1.506,3.255,0.0,2.625,1.5,0.75
1788372916.783,turning,11.27,3.648,120.2,0,30,122,9.776,3.764,58.3,1.499,3.242,0.0,2.585,1.5,0.75
1788372916.835,turning,11.254,3.691,121.5,0,30,122,9.776,3.764,57.0,1.48,3.2,0.0,2.519,1.5,0.75
1788372916.888,turning,11.254,3.697,122.4,0,30,123,9.778,3.763,56.0,1.478,3.194,0.0,2.469,1.5,0.75
1788372916.94,turning,11.257,3.705,124.3,0,30,123,9.778,3.763,54.2,1.481,3.185,0.0,2.4,1.5,0.75
1788372916.995,turning,11.257,3.706,125.1,0,30,123,9.778,3.763,53.3,1.481,3.185,0.0,2.4,1.5,0.76
1788372917.047,turning,11.257,3.706,126.0,0,30,123,9.778,3.763,52.4,1.481,3.185,0.0,2.4,1.5,0.76
1788372917.101,turning,11.252,3.705,127.8,0,30,123,9.778,3.763,50.6,1.476,3.187,0.0,2.4,1.5,0.76
1788372917.156,turning,11.247,3.704,128.8,1,31,123,9.728,3.766,49.6,1.521,3.188,0.0,2.4,1.5,0.76
1788372917.213,turning,11.242,3.703,130.6,1,31,123,9.728,3.766,47.7,1.516,3.189,0.0,2.4,1.5,0.76
1788372917.272,turning,11.242,3.703,131.4,1,31,123,9.728,3.766,46.9,1.516,3.189,0.0,2.4,1.5,0.76
1788372917.336,turning,11.241,3.705,133.0,1,31,123,9.728,3.766,45.3,1.515,3.187,0.0,2.4,1.5,0.77
1788372917.396,turning,11.241,3.708,133.7,1,31,123,9.728,3.766,44.6,1.514,3.185,0.0,2.4,1.5,0.77
1788372917.448,turning,11.24,3.709,135.3,1,31,123,9.728,3.766,43.0,1.514,3.183,0.0,2.4,1.5,0.77
1788372917.5,turning,11.24,3.709,136.1,1,31,123,9.728,3.766,42.2,1.514,3.183,0.0,2.4,1.5,0.77
1788372917.552,turning,11.24,3.709,137.7,1,31,123,9.728,3.766,40.5,1.514,3.183,0.0,2.4,1.5,0.78
1788372917.607,turning,11.24,3.709,138.6,1,31,123,9.728,3.766,39.7,1.514,3.183,0.0,2.4,1.5,0.78
1788372917.661,turning,11.237,3.703,140.2,1,31,123,9.728,3.766,38.0,1.511,3.189,0.0,2.4,1.5,0.78
1788372917.714,turning,11.235,3.699,141.0,1,31,123,9.728,3.766,37.2,1.509,3.194,0.0,2.4,1.5,0.78
1788372917.771,turning,11.233,3.696,142.7,1,31,123,9.728,3.766,35.5,1.507,3.197,0.0,2.4,1.5,0.79
1788372917.823,turning,11.233,3.696,143.5,1,31,123,9.728,3.766,34.7,1.507,3.197,0.0,2.4,1.5,0.79
1788372917.878,turning,11.233,3.696,145.1,1,31,123,9.728,3.766,33.0,1.507,3.197,0.0,2.4,1.5,0.8
1788372917.934,turning,11.233,3.696,146.0,0,30,124,9.726,3.717,32.2,1.508,3.197,0.0,2.4,1.5,0.8
1788372917.996,turning,11.232,3.698,146.9,0,30,124,9.726,3.717,31.3,1.506,3.195,0.0,2.4,1.5,0.81
1788372918.06,turning,11.225,3.708,149.1,0,30,124,9.726,3.717,29.2,1.5,3.187,0.0,2.4,1.5,0.81
1788372918.118,turning,11.224,3.71,150.0,0,30,124,9.726,3.717,28.3,1.498,3.185,0.0,2.4,1.5,0.83
1788372918.177,turning,11.224,3.71,151.6,0,30,124,9.726,3.717,26.7,1.498,3.185,0.0,2.4,1.5,0.83
1788372918.23,turning,11.224,3.71,152.5,0,30,124,9.726,3.717,25.9,1.498,3.185,0.0,2.4,1.5,0.85
1788372918.285,turning,11.224,3.71,154.1,0,30,124,9.726,3.717,24.3,1.498,3.185,0.0,2.4,1.5,0.85
1788372918.341,turning,11.225,3.705,155.0,0,30,124,9.726,3.717,23.4,1.5,3.189,0.0,2.4,1.5,0.87
1788372918.397,turning,11.231,3.691,155.1,0,30,124,9.726,3.717,23.3,1.505,3.203,0.0,2.4,1.5,0.87
1788372918.451,turning,11.231,3.689,153.5,0,30,124,9.726,3.717,24.9,1.506,3.205,0.0,2.4,1.5,0.88
1788372918.502,turning,11.231,3.689,150.3,0,30,124,9.726,3.717,28.1,1.506,3.205,0.0,2.4,1.5,0.88
1788372918.557,turning,11.231,3.689,148.7,0,30,124,9.726,3.717,29.7,1.506,3.205,0.0,2.4,1.5,0.85
1788372918.61,turning,11.231,3.689,145.5,0,30,124,9.726,3.717,32.9,1.506,3.205,0.0,2.4,1.5,0.85
1788372918.666,turning,11.232,3.685,143.9,0,30,124,9.726,3.717,34.6,1.507,3.208,0.0,2.4,1.5,0.83
1788372918.72,turning,11.234,3.678,140.7,0,30,124,9.726,3.717,37.8,1.509,3.215,0.0,2.4,1.5,0.83
1788372918.78,turning,11.234,3.678,139.1,0,30,124,9.726,3.717,39.4,1.509,3.215,0.0,2.4,1.5,0.82
1788372918.838,turning,11.234,3.678,135.9,0,30,124,9.726,3.717,42.6,1.509,3.215,0.0,2.4,1.5,0.82
1788372918.897,turning,11.234,3.678,134.3,0,30,124,9.726,3.717,44.2,1.509,3.215,0.0,2.4,1.5,0.81
1788372918.954,turning,11.234,3.678,132.7,0,30,123,9.728,3.763,45.7,1.509,3.215,0.0,2.4,1.5,0.81
1788372919.011,turning,11.234,3.678,129.5,0,30,123,9.728,3.763,48.9,1.509,3.215,0.0,2.4,1.5,0.81
1788372919.065,turning,11.234,3.678,127.9,0,30,123,9.728,3.763,50.4,1.509,3.215,0.0,2.4,1.5,0.81
1788372919.119,turning,11.233,3.667,124.6,0,30,123,9.728,3.763,53.7,1.508,3.227,0.0,2.4,1.5,0.81
1788372919.173,turning,11.231,3.656,122.8,0,30,123,9.728,3.763,55.4,1.507,3.237,0.0,2.448,1.5,0.81
1788372919.227,turning,11.229,3.647,119.5,0,30,123,9.728,3.763,58.7,1.506,3.247,0.0,2.622,1.5,0.81
1788372919.28,turning,11.229,3.647,117.9,0,30,123,9.728,3.763,60.2,1.506,3.247,0.0,2.706,1.5,0.81
1788372919.338,turning,11.222,3.645,114.2,0,30,123,9.728,3.763,63.8,1.5,3.25,0.0,2.9,1.5,0.81
1788372919.392,turning,11.216,3.643,112.2,0,30,123,9.728,3.763,65.8,1.493,3.252,0.0,3.006,1.5,0.81
1788372919.443,turning,11.21,3.641,108.7,0,30,123,9.728,3.763,69.2,1.488,3.254,0.0,3.189,1.5,0.81
1788372919.497,turning,11.21,3.641,107.1,0,30,123,9.728,3.763,70.8,1.488,3.254,0.0,3.271,1.5,0.81
1788372919.555,turning,11.199,3.642,104.9,0,30,123,9.728,3.763,72.9,1.476,3.254,0.0,3.39,1.5,0.81
1788372919.611,turning,11.189,3.643,103.9,1,31,123,9.678,3.766,73.8,1.516,3.255,0.0,3.437,1.5,0.81
1788372919.672,turning,11.182,3.644,101.5,1,31,123,9.678,3.766,76.1,1.509,3.255,0.0,3.563,1.5,0.81
1788372919.73,turning,11.182,3.644,100.2,1,31,123,9.678,3.766,77.4,1.509,3.255,0.0,3.633,1.5,0.81
1788372919.793,turning,11.175,3.65,97.5,1,31,123,9.678,3.766,80.0,1.502,3.25,0.0,3.773,1.5,0.81
1788372919.849,turning,11.17,3.654,96.2,1,31,123,9.678,3.766,81.3,1.496,3.246,0.0,3.843,1.5,0.81
1788372919.902,turning,11.167,3.657,94.9,1,31,123,9.678,3.766,82.5,1.493,3.244,0.0,3.909,1.5,0.81
1788372919.956,turning,11.167,3.657,92.6,0,30,120,9.678,3.769,84.9,1.493,3.244,0.0,4.034,1.5,0.81
1788372920.011,turning,11.163,3.66,91.3,0,30,120,9.678,3.769,86.1,1.489,3.242,0.0,4.097,1.5,0.81
1788372920.064,turning,11.148,3.671,89.0,1,31,120,9.628,3.772,88.4,1.523,3.232,0.0,4.22,1.5,0.81
1788372920.116,turning,11.145,3.673,87.9,1,31,120,9.628,3.772,89.4,1.52,3.231,0.0,4.277,1.5,0.8
1788372920.171,turning,11.145,3.673,85.7,1,31,120,9.628,3.772,91.6,1.52,3.231,0.0,4.39,1.5,0.8
1788372920.222,turning,11.144,3.672,84.8,1,31,120,9.628,3.772,92.5,1.519,3.232,0.0,4.44,1.5,0.8
1788372920.275,turning,11.14,3.667,83.2,1,31,120,9.628,3.772,94.1,1.516,3.238,0.0,4.5,1.5,0.8
1788372920.336,turning,11.14,3.666,82.3,1,31,120,9.628,3.772,94.9,1.515,3.239,0.0,4.5,1.5,0.8
1788372920.402,turning,11.14,3.666,80.6,1,31,120,9.628,3.772,96.6,1.515,3.239,0.0,4.5,1.5,0.8
1788372920.464,turning,11.141,3.663,79.8,1,31,120,9.628,3.772,97.4,1.516,3.241,0.0,4.5,1.5,0.8
1788372920.52,turning,11.142,3.656,78.2,1,31,120,9.628,3.772,99.0,1.519,3.248,0.0,4.5,1.5,0.8
1788372920.576,turning,11.143,3.655,77.5,1,31,120,9.628,3.772,99.6,1.519,3.249,0.0,4.5,1.5,0.79
1788372920.628,turning,11.143,3.655,76.4,1,31,120,9.628,3.772,100.7,1.519,3.249,0.0,4.5,1.5,0.79
1788372920.684,turning,11.14,3.66,75.9,1,31,120,9.628,3.772,101.2,1.516,3.244,0.0,4.5,1.5,0.79
1788372920.735,turning,11.133,3.671,74.9,1,31,120,9.628,3.772,102.1,1.508,3.234,0.0,4.5,1.5,0.79
1788372920.788,turning,11.133,3.672,74.4,1,31,120,9.628,3.772,102.6,1.508,3.234,0.0,4.5,1.5,0.79
1788372920.84,turning,11.133,3.672,73.9,1,31,120,9.628,3.772,103.1,1.508,3.234,0.0,4.5,1.5,0.79
1788372920.892,turning,11.133,3.672,72.8,1,31,120,9.628,3.772,104.2,1.508,3.234,0.0,4.5,1.5,0.79
1788372920.946,turning,11.133,3.672,72.3,1,31,120,9.628,3.772,104.7,1.508,3.234,0.0,4.5,1.5,0.79
1788372921.004,turning,11.129,3.671,71.3,0,30,120,9.628,3.769,105.6,1.504,3.235,0.0,4.5,1.5,0.79
1788372921.057,turning,11.126,3.67,70.8,0,30,120,9.628,3.769,106.1,1.501,3.237,0.0,4.5,1.5,0.79
1788372921.117,turning,11.123,3.669,70.0,0,30,120,9.628,3.769,106.9,1.499,3.238,0.0,4.5,1.5,0.78
1788372921.176,turning,11.123,3.669,69.6,0,30,120,9.628,3.769,107.3,1.499,3.238,0.0,4.5,1.5,0.78
1788372921.237,turning,11.123,3.669,68.9,0,30,120,9.628,3.769,108.0,1.499,3.238,0.0,4.5,1.5,0.78
1788372921.305,turning,11.123,3.669,68.5,0,30,120,9.628,3.769,108.3,1.499,3.238,0.0,4.5,1.5,0.78
1788372921.364,turning,11.123,3.669,67.9,0,30,120,9.628,3.769,108.9,1.499,3.238,0.0,4.5,1.5,0.78
1788372921.419,turning,11.123,3.669,67.6,0,30,120,9.628,3.769,109.2,1.499,3.238,0.0,4.5,1.5,0.78
1788372921.474,turning,11.125,3.674,66.7,0,30,120,9.628,3.769,110.1,1.5,3.233,0.0,4.5,1.5,0.78
1788372921.529,turning,11.125,3.677,66.1,0,30,120,9.628,3.769,110.6,1.5,3.229,0.0,4.5,1.5,0.78
1788372921.587,turning,11.126,3.68,65.4,0,30,120,9.628,3.769,111.4,1.501,3.227,0.0,4.5,1.5,0.78
1788372921.641,turning,11.126,3.68,65.1,0,30,120,9.628,3.769,111.6,1.501,3.227,0.0,4.5,1.5,0.78
1788372921.695,turning,11.126,3.68,64.6,0,30,120,9.628,3.769,112.2,1.501,3.227,0.0,4.5,1.5,0.78
1788372921.749,turning,11.126,3.68,64.3,0,30,120,9.628,3.769,112.4,1.501,3.227,0.0,4.5,1.5,0.78
1788372921.802,turning,11.126,3.68,64.1,0,30,120,9.628,3.769,112.7,1.501,3.227,0.0,4.5,1.5,0.78
1788372921.855,turning,11.126,3.68,63.6,0,30,120,9.628,3.769,113.1,1.501,3.226,0.0,4.5,1.5,0.78
1788372921.911,turning,11.127,3.682,63.4,0,30,120,9.628,3.769,113.3,1.501,3.224,0.0,4.5,1.5,0.77
1788372921.971,turning,11.131,3.69,63.0,0,30,120,9.628,3.769,113.8,1.505,3.216,0.0,4.5,1.5,0.77
1788372922.036,turning,11.134,3.696,62.8,0,30,120,9.628,3.769,114.0,1.508,3.209,0.0,4.5,1.5,0.76
1788372922.1,turning,11.135,3.697,62.2,0,30,120,9.628,3.769,114.6,1.508,3.208,0.0,4.5,1.5,0.76
1788372922.153,turning,11.131,3.697,62.2,0,30,120,9.628,3.769,114.6,1.505,3.209,0.0,4.5,1.5,0.75
1788372922.205,turning,11.119,3.695,62.3,0,30,120,9.628,3.769,114.5,1.493,3.212,0.0,4.5,1.5,0.75
1788372922.258,turning,11.117,3.695,62.2,0,30,120,9.628,3.769,114.6,1.491,3.213,0.0,4.5,1.5,0.75
1788372922.314,turning,11.117,3.695,61.6,0,30,120,9.628,3.769,115.2,1.491,3.213,0.0,4.5,1.5,0.75
1788372922.372,turning,11.117,3.695,61.4,0,30,120,9.628,3.769,115.5,1.491,3.213,0.0,4.5,1.5,0.75
1788372922.423,turning,11.117,3.695,60.9,0,30,120,9.628,3.769,116.0,1.491,3.213,0.0,4.5,1.5,0.75
1788372922.477,turning,11.117,3.695,60.6,0,30,120,9.628,3.769,116.2,1.491,3.213,0.0,4.5,1.5,0.75
1788372922.535,turning,11.119,3.698,60.2,0,30,120,9.628,3.769,116.7,1.493,3.21,0.0,4.5,1.5,0.75
1788372922.598,turning,11.121,3.701,60.0,0,30,120,9.628,3.769,116.9,1.495,3.206,0.0,4.5,1.5,0.75
1788372922.662,turning,11.127,3.712,59.5,0,30,120,9.628,3.769,117.4,1.5,3.194,0.0,4.5,1.5,0.75
1788372922.731,turning,11.131,3.718,59.3,0,30,120,9.628,3.769,117.6,1.504,3.188,0.0,4.5,1.5,0.73
1788372922.796,turning,11.134,3.724,59.1,0,30,120,9.628,3.769,117.9,1.507,3.182,0.0,4.5,1.5,0.73
1788372922.86,turning,11.141,3.735,58.7,0,30,120,9.628,3.769,118.3,1.514,3.169,0.0,4.5,1.5,0.71
1788372922.916,turning,11.145,3.741,58.5,0,30,120,9.628,3.769,118.6,1.517,3.163,0.0,4.5,1.5,0.71
1788372922.97,turning,11.152,3.753,58.1,0,30,120,9.628,3.769,119.0,1.524,3.151,0.0,4.5,1.5,0.7
1788372923.025,turning,11.156,3.759,58.0,0,30,121,9.676,3.732,119.2,1.48,3.145,0.0,4.5,1.5,0.7
1788372923.076,turning,11.157,3.773,57.8,0,30,121,9.676,3.732,119.5,1.482,3.13,0.0,4.5,1.5,0.68
1788372923.127,turning,11.156,3.781,57.8,0,30,121,9.676,3.732,119.6,1.481,3.123,0.0,4.5,1.5,0.68
1788372923.182,turning,11.159,3.794,57.6,0,30,121,9.676,3.732,120.0,1.485,3.109,0.0,4.5,1.5,0.66
1788372923.232,turning,11.163,3.8,57.5,0,30,121,9.676,3.732,120.2,1.489,3.103,0.0,4.5,1.5,0.66
1788372923.29,turning,11.17,3.811,57.2,0,30,121,9.676,3.732,120.6,1.497,3.091,0.0,4.5,1.5,0.64
1788372923.345,turning,11.174,3.817,57.1,0,30,121,9.676,3.732,120.9,1.501,3.084,0.0,4.5,1.5,0.64
1788372923.399,turning,11.181,3.828,56.8,0,30,121,9.676,3.732,121.3,1.509,3.072,0.0,4.5,1.5,0.63
1788372923.459,turning,11.185,3.834,56.7,0,30,121,9.676,3.732,121.5,1.513,3.066,0.0,4.5,1.5,0.63
1788372923.522,turning,11.193,3.845,56.5,0,30,121,9.676,3.732,121.9,1.521,3.054,0.0,4.5,1.5,0.61
1788372923.584,turning,11.196,3.851,56.4,0,30,121,9.676,3.732,122.1,1.525,3.048,0.0,4.5,1.5,0.61
1788372923.648,turning,11.204,3.862,56.2,0,30,121,9.676,3.732,122.5,1.534,3.036,0.0,4.5,1.5,0.68
1788372923.702,turning,11.208,3.868,56.1,0,30,121,9.676,3.732,122.7,1.538,3.03,0.0,4.5,1.5,0.68
1788372923.757,turning,11.211,3.871,56.1,0,30,121,9.676,3.732,122.9,1.542,3.025,0.0,4.5,1.5,0.81
1788372923.81,turning,11.219,3.874,56.3,0,30,121,9.676,3.732,122.8,1.55,3.022,0.0,4.5,1.5,0.81
1788372923.864,turning,11.222,3.878,56.3,0,30,121,9.676,3.732,123.0,1.554,3.018,0.0,4.5,1.5,0.82
1788372923.917,turning,11.23,3.889,56.2,0,30,121,9.676,3.732,123.3,1.562,3.006,0.0,4.5,1.5,0.82
1788372923.976,turning,11.234,3.895,56.1,0,30,121,9.676,3.732,123.5,1.567,3.0,0.0,4.5,1.5,0.8
1788372924.029,turning,11.241,3.906,55.9,0,30,121,9.676,3.732,123.9,1.575,2.987,0.0,4.5,1.5,0.8
1788372924.085,turning,11.245,3.912,55.8,0,29,122,9.776,3.736,124.1,1.48,2.981,0.0,4.5,1.5,0.78
1788372924.14,turning,11.253,3.923,55.7,0,29,122,9.776,3.736,124.4,1.489,2.969,0.0,4.5,1.5,0.78
1788372924.195,turning,11.257,3.929,55.6,0,29,122,9.776,3.736,124.7,1.494,2.963,0.0,4.5,1.5,0.76
1788372924.258,turning,11.264,3.94,55.5,0,29,122,9.776,3.736,125.0,1.503,2.951,0.0,4.5,1.5,0.76
1788372924.323,turning,11.268,3.946,55.5,0,29,122,9.776,3.736,125.2,1.507,2.945,0.0,4.5,1.5,0.74
1788372924.391,turning,11.276,3.957,55.3,0,29,122,9.776,3.736,125.5,1.516,2.934,0.0,4.5,1.5,0.74
1788372924.455,turning,11.278,3.959,55.4,0,29,122,9.776,3.736,125.7,1.519,2.931,0.0,4.5,1.5,0.72
1788372924.514,turning,11.282,3.962,55.5,0,29,122,9.776,3.736,125.8,1.523,2.928,0.0,4.5,1.5,0.72
1788372924.574,turning,11.286,3.967,55.5,0,29,122,9.776,3.736,126.0,1.528,2.922,0.0,4.5,1.5,0.7
1788372924.627,turning,11.293,3.978,55.3,0,29,122,9.776,3.736,126.3,1.537,2.91,0.0,4.5,1.5,0.7
1788372924.682,turning,11.297,3.984,55.3,0,29,122,9.776,3.736,126.5,1.542,2.904,0.0,4.5,1.5,0.69
1788372924.732,turning,11.301,3.989,55.2,0,29,122,9.776,3.736,126.8,1.546,2.899,0.0,4.5,1.5,0.69
1788372924.788,turning,11.309,4.001,55.2,0,29,122,9.776,3.736,127.0,1.556,2.887,0.0,4.5,1.5,0.66
1788372924.84,turning,11.313,4.006,55.1,0,29,122,9.776,3.736,127.3,1.561,2.881,0.0,4.5,1.5,0.66
1788372924.898,turning,11.32,4.017,55.0,0,29,122,9.776,3.736,127.6,1.57,2.869,0.0,4.5,1.5,0.65
1788372924.951,turning,11.324,4.023,55.0,0,29,122,9.776,3.736,127.8,1.575,2.863,0.0,4.5,1.5,0.65
1788372925.011,turning,11.325,4.024,57.8,0,29,122,9.776,3.736,125.2,1.576,2.862,0.0,4.5,1.5,0.63
1788372925.077,turning,11.325,4.024,59.3,0,10,124,10.825,3.731,125.3,0.579,2.862,0.0,4.5,0.6,0.63
1788372925.13,turning,11.323,4.03,62.3,0,10,124,10.825,3.731,124.0,0.581,2.857,0.0,4.5,0.6,0.63
1788372925.192,turning,11.322,4.035,63.7,0,10,124,10.825,3.731,124.1,0.582,2.852,0.0,4.5,0.6,0.63
1788372925.25,turning,11.321,4.038,66.3,0,10,124,10.825,3.731,122.9,0.583,2.848,0.0,4.5,0.6,0.63
1788372925.305,turning,11.321,4.038,67.5,0,10,124,10.825,3.731,123.0,0.583,2.848,0.0,4.5,0.6,0.63
1788372925.362,turning,11.321,4.038,69.4,0,10,124,10.825,3.731,122.4,0.583,2.848,0.0,4.5,0.6,0.63
1788372925.415,turning,11.321,4.038,70.4,0,10,124,10.825,3.731,122.7,0.583,2.848,0.0,4.5,0.6,0.63
1788372925.468,turning,11.321,4.038,72.2,0,10,124,10.825,3.731,122.0,0.583,2.848,0.0,4.5,0.6,0.61
1788372925.52,turning,11.321,4.038,73.2,0,10,124,10.825,3.731,122.1,0.583,2.848,0.0,4.5,0.6,0.61
1788372925.576,turning,11.321,4.038,75.0,0,10,124,10.825,3.731,121.2,0.583,2.848,0.0,4.5,0.6,0.54
1788372925.627,turning,11.321,4.038,76.0,0,10,124,10.825,3.731,121.2,0.583,2.848,0.0,4.5,0.6,0.54
1788372925.682,turning,11.321,4.035,76.9,0,10,124,10.825,3.731,121.2,0.582,2.851,0.0,4.5,0.6,0.48
1788372925.736,turning,11.321,4.022,78.5,0,10,124,10.825,3.731,120.3,0.575,2.864,0.0,4.5,0.6,0.48
1788372925.798,turning,11.32,4.012,78.6,0,10,124,10.825,3.731,120.9,0.569,2.874,0.0,4.5,0.6,0.45
1788372925.861,turning,11.316,3.996,78.6,0,10,124,10.825,3.731,121.4,0.558,2.891,0.0,4.5,0.6,0.45
1788372925.925,turning,11.315,3.989,78.7,0,10,124,10.825,3.731,121.8,0.553,2.898,0.0,4.5,0.6,0.47
1788372925.985,turning,11.312,3.977,79.0,1,11,124,10.775,3.733,121.7,0.59,2.91,0.0,4.5,0.6,0.47
1788372926.046,turning,11.31,3.969,79.1,1,11,124,10.775,3.733,121.8,0.585,2.918,0.0,4.5,0.6,0.49
1788372926.107,turning,11.307,3.952,79.1,0,11,125,10.775,3.731,121.9,0.576,2.935,0.0,4.5,0.6,0.49
1788372926.159,turning,11.306,3.944,79.1,1,12,125,10.725,3.733,121.9,0.618,2.943,0.0,4.5,0.6,0.51
1788372926.214,turning,11.302,3.927,79.1,1,12,125,10.725,3.733,121.7,0.609,2.96,0.0,4.5,0.6,0.51
1788372926.273,turning,11.301,3.917,78.8,1,12,125,10.725,3.733,121.9,0.604,2.971,0.0,4.5,0.6,0.53
1788372926.328,turning,11.295,3.894,77.9,1,12,125,10.725,3.733,122.5,0.592,2.994,0.0,4.5,0.6,0.53
1788372926.387,turning,11.293,3.886,77.8,1,30,125,9.826,3.761,122.2,1.472,3.003,0.0,4.5,1.5,0.55
1788372926.443,turning,11.289,3.869,77.8,1,30,125,9.826,3.761,121.8,1.467,3.02,0.0,4.5,1.5,0.55
1788372926.498,turning,11.287,3.861,77.8,2,32,125,9.726,3.764,121.4,1.565,3.028,0.0,4.5,1.5,0.57
1788372926.55,turning,11.284,3.844,77.8,2,32,125,9.726,3.764,121.0,1.56,3.045,0.0,4.5,1.5,0.57
1788372926.612,turning,11.282,3.836,77.8,2,32,125,9.726,3.764,120.6,1.558,3.053,0.0,4.5,1.5,0.59
1788372926.677,turning,11.28,3.827,77.8,2,32,125,9.726,3.764,120.2,1.556,3.062,0.0,4.5,1.5,0.59
1788372926.737,turning,11.276,3.811,77.8,2,32,125,9.726,3.764,119.8,1.551,3.079,0.0,4.5,1.5,0.61
1788372926.801,turning,11.275,3.803,77.8,2,32,125,9.726,3.764,119.4,1.549,3.087,0.0,4.5,1.5,0.61
1788372926.854,turning,11.279,3.785,78.2,2,32,125,9.726,3.764,118.5,1.553,3.105,0.0,4.5,1.5,0.64
1788372926.906,turning,11.284,3.775,78.6,2,32,125,9.726,3.764,117.7,1.558,3.114,0.0,4.5,1.5,0.64
1788372926.962,turning,11.286,3.757,79.0,3,33,125,9.676,3.766,117.0,1.61,3.131,0.0,4.5,1.5,0.66
1788372927.013,turning,11.284,3.749,79.0,3,33,125,9.676,3.766,116.6,1.609,3.14,0.0,4.5,1.5,0.66
1788372927.07,turning,11.281,3.732,79.0,3,33,125,9.676,3.766,116.2,1.606,3.157,0.0,4.5,1.5,0.68
1788372927.131,turning,11.28,3.724,79.0,0,30,122,9.776,3.764,115.7,1.505,3.165,0.0,4.5,1.5,0.68
1788372927.189,turning,11.277,3.71,78.3,0,30,122,9.776,3.764,116.0,1.502,3.179,0.0,4.5,1.5,0.71
1788372927.241,turning,11.276,3.706,77.3,0,30,122,9.776,3.764,116.6,1.502,3.183,0.0,4.5,1.5,0.71
1788372927.297,turning,11.275,3.702,75.5,0,30,122,9.776,3.764,118.0,1.501,3.187,0.0,4.5,1.5,0.72
1788372927.352,turning,11.275,3.702,74.6,0,30,122,9.776,3.764,118.5,1.501,3.187,0.0,4.5,1.5,0.72
1788372927.41,turning,11.272,3.705,73.2,0,30,122,9.776,3.764,119.5,1.498,3.184,0.0,4.5,1.5,0.72
1788372927.468,turning,11.27,3.708,72.7,0,30,122,9.776,3.764,119.7,1.496,3.182,0.0,4.5,1.5,0.72
1788372927.529,turning,11.269,3.709,71.3,0,30,122,9.776,3.764,120.7,1.494,3.181,0.0,4.5,1.5,0.72
1788372927.589,turning,11.269,3.709,70.6,0,30,122,9.776,3.764,121.1,1.494,3.181,0.0,4.5,1.5,0.72
1788372927.642,turning,11.269,3.709,69.9,0,30,122,9.776,3.764,121.4,1.494,3.181,0.0,4.5,1.5,0.72
1788372927.693,turning,11.269,3.709,68.7,0,30,122,9.776,3.764,122.3,1.494,3.181,0.0,4.5,1.5,0.72
1788372927.747,turning,11.269,3.709,68.1,0,30,122,9.776,3.764,122.6,1.494,3.181,0.0,4.5,1.5,0.72
1788372927.801,turning,11.269,3.709,66.9,0,30,122,9.776,3.764,123.4,1.494,3.181,0.0,4.5,1.5,0.72
1788372927.856,turning,11.269,3.709,66.4,0,30,122,9.776,3.764,123.6,1.494,3.181,0.0,4.5,1.5,0.72
1788372927.911,turning,11.269,3.709,65.4,0,30,122,9.776,3.764,124.3,1.494,3.181,0.0,4.5,1.5,0.72
1788372927.967,turning,11.269,3.705,65.0,0,30,122,9.776,3.764,124.5,1.495,3.185,0.0,4.5,1.5,0.72
1788372928.021,turning,11.271,3.692,64.1,0,30,122,9.776,3.764,125.0,1.497,3.198,0.0,4.5,1.5,0.72
1788372928.077,turning,11.271,3.69,63.7,0,30,122,9.776,3.764,125.1,1.497,3.2,0.0,4.5,1.5,0.72
1788372928.133,turning,11.271,3.691,63.2,0,30,122,9.776,3.764,125.3,1.498,3.199,0.0,4.5,1.5,0.72
1788372928.197,turning,11.273,3.693,63.0,0,30,123,9.778,3.763,125.2,1.497,3.197,0.0,4.5,1.5,0.71
1788372928.259,turning,11.277,3.702,62.6,0,30,123,9.778,3.763,125.4,1.501,3.187,0.0,4.5,1.5,0.71
1788372928.318,turning,11.28,3.708,62.4,0,30,123,9.778,3.763,125.4,1.504,3.181,0.0,4.5,1.5,0.78
1788372928.38,turning,11.281,3.71,61.8,0,30,123,9.778,3.763,125.7,1.505,3.179,0.0,4.5,1.5,0.78
1788372928.436,turning,11.281,3.704,61.5,0,30,123,9.778,3.763,125.8,1.504,3.185,0.0,4.5,1.5,0.86
1788372928.49,turning,11.28,3.691,60.9,0,30,123,9.778,3.763,126.1,1.504,3.197,0.0,4.5,1.5,0.86
1788372928.542,turning,11.28,3.691,60.7,0,30,123,9.778,3.763,126.1,1.504,3.198,0.0,4.5,1.5,0.87
1788372928.595,turning,11.28,3.691,60.5,0,30,123,9.778,3.763,126.0,1.504,3.197,0.0,4.5,1.5,0.87
1788372928.648,turning,11.283,3.697,60.3,0,30,123,9.778,3.763,126.0,1.507,3.192,0.0,4.5,1.5,0.87
1788372928.703,turning,11.286,3.701,60.2,0,30,123,9.778,3.763,125.9,1.51,3.187,0.0,4.5,1.5,0.87
1788372928.762,turning,11.29,3.709,59.9,0,30,123,9.778,3.763,126.1,1.514,3.179,0.0,4.5,1.5,0.85
1788372928.814,turning,11.29,3.709,59.6,0,30,123,9.778,3.763,126.1,1.514,3.179,0.0,4.5,1.5,0.85
1788372928.87,turning,11.292,3.712,59.2,0,30,123,9.778,3.763,126.3,1.515,3.176,0.0,4.5,1.5,0.85
1788372928.926,turning,11.294,3.715,59.0,0,30,123,9.778,3.763,126.4,1.517,3.172,0.0,4.5,1.5,0.85
1788372928.995,turning,11.301,3.726,58.6,0,30,123,9.778,3.763,126.6,1.524,3.161,0.0,4.5,1.5,0.83
1788372929.058,turning,11.304,3.732,58.4,0,30,123,9.778,3.763,126.6,1.527,3.155,0.0,4.5,1.5,0.83
1788372929.118,turning,11.311,3.743,58.1,0,30,123,9.778,3.763,126.8,1.534,3.143,0.0,4.5,1.5,0.81
1788372929.175,turning,11.315,3.749,57.9,0,30,123,9.826,3.684,126.9,1.491,3.137,0.0,4.5,1.5,0.81
1788372929.224,turning,11.322,3.761,57.6,0,30,123,9.826,3.684,127.2,1.499,3.125,0.0,4.5,1.5,0.8
1788372929.278,turning,11.326,3.766,57.4,0,30,123,9.826,3.684,127.3,1.503,3.119,0.0,4.5,1.5,0.8
1788372929.333,turning,11.319,3.769,60.2,0,30,123,9.826,3.684,124.5,1.496,3.116,0.0,4.5,1.5,0.78
1788372929.387,turning,11.313,3.771,61.6,0,30,123,9.826,3.684,123.0,1.49,3.115,0.0,4.5,1.5,0.78
1788372929.443,turning,11.31,3.772,64.6,0,30,123,9.826,3.684,120.0,1.487,3.114,0.0,4.5,1.5,0.77
1788372929.501,turning,11.31,3.772,66.1,0,30,123,9.826,3.684,118.5,1.487,3.114,0.0,4.5,1.5,0.77
1788372929.558,turning,11.31,3.772,67.3,0,30,123,9.826,3.684,117.3,1.487,3.114,0.0,4.5,1.5,0.78
1788372929.614,turning,11.31,3.772,69.2,0,30,123,9.826,3.684,115.3,1.487,3.114,0.0,4.5,1.5,0.78
1788372929.665,turning,11.31,3.772,70.1,0,30,123,9.826,3.684,114.4,1.487,3.114,0.0,4.5,1.5,0.68
1788372929.721,turning,11.31,3.772,72.0,0,30,123,9.826,3.684,112.5,1.487,3.114,0.0,4.5,1.5,0.68
1788372929.785,turning,11.31,3.772,72.9,0,30,123,9.826,3.684,111.5,1.487,3.114,0.0,4.5,1.5,0.63
1788372929.851,turning,11.31,3.772,74.8,0,30,123,9.826,3.684,109.6,1.487,3.114,0.0,4.5,1.5,0.63
1788372929.918,turning,11.31,3.772,75.7,0,30,123,9.826,3.684,108.7,1.487,3.114,0.0,4.5,1.5,0.63
1788372929.981,turning,11.31,3.772,77.6,0,30,123,9.826,3.684,106.8,1.487,3.114,0.0,4.5,1.5,0.63
1788372930.037,turning,11.308,3.772,78.5,0,30,123,9.826,3.684,105.8,1.485,3.115,0.0,4.5,1.5,0.64
1788372930.092,turning,11.303,3.77,80.3,0,30,123,9.826,3.684,104.0,1.48,3.117,0.0,4.5,1.5,0.64
1788372930.144,turning,11.302,3.77,81.2,0,30,123,9.826,3.684,103.1,1.479,3.117,0.0,4.5,1.5,0.64
1788372930.205,turning,11.302,3.77,83.1,0,30,124,9.826,3.709,101.2,1.478,3.117,0.0,4.5,1.5,0.64
1788372930.26,turning,11.302,3.77,84.0,0,30,124,9.826,3.709,100.2,1.478,3.117,0.0,4.481,1.5,0.64
1788372930.315,turning,11.302,3.77,85.9,0,30,124,9.826,3.709,98.3,1.478,3.117,0.0,4.383,1.5,0.64
1788372930.372,turning,11.303,3.765,86.7,0,30,124,9.826,3.709,97.4,1.478,3.122,0.0,4.34,1.5,0.64
1788372930.431,turning,11.304,3.752,88.3,1,31,124,9.776,3.711,95.8,1.529,3.134,0.0,4.258,1.5,0.64
1788372930.491,turning,11.304,3.752,89.2,1,31,124,9.776,3.711,94.8,1.529,3.135,0.0,4.21,1.5,0.64
1788372930.552,turning,11.304,3.752,89.3,1,31,124,9.776,3.711,94.6,1.529,3.135,0.0,4.204,1.5,0.64
1788372930.613,turning,11.304,3.752,89.3,1,31,124,9.776,3.711,94.6,1.529,3.135,0.0,4.204,1.5,0.64
1788372930.674,turning,11.304,3.752,89.3,1,31,124,9.776,3.711,94.5,1.529,3.135,0.0,4.204,1.5,0.64
1788372930.73,turning,11.299,3.751,89.3,1,31,124,9.776,3.711,94.5,1.524,3.136,0.0,4.206,1.5,0.64
1788372930.787,turning,11.294,3.742,89.2,1,31,124,9.776,3.711,94.5,1.519,3.145,0.0,4.208,1.5,0.64
1788372930.84,turning,11.29,3.724,89.2,1,31,124,9.776,3.711,94.4,1.515,3.164,0.0,4.21,1.5,0.65
1788372930.895,turning,11.29,3.716,89.2,1,31,124,9.776,3.711,94.3,1.515,3.172,0.0,4.21,1.5,0.65
1788372930.947,turning,11.29,3.699,89.2,1,31,124,9.776,3.711,94.2,1.514,3.189,0.0,4.21,1.5,0.67
1788372931.002,turning,11.29,3.69,89.2,1,31,124,9.776,3.711,94.1,1.514,3.197,0.0,4.21,1.5,0.67
1788372931.055,turning,11.292,3.673,88.5,1,31,124,9.776,3.711,94.7,1.517,3.214,0.0,4.247,1.5,0.7
1788372931.109,turning,11.292,3.665,87.9,1,31,124,9.776,3.711,95.2,1.517,3.223,0.0,4.278,1.5,0.7
1788372931.164,turning,11.291,3.647,87.5,1,31,124,9.776,3.711,95.5,1.517,3.24,0.0,4.3,1.5,0.72
1788372931.217,turning,11.291,3.639,87.5,1,31,124,9.776,3.711,95.3,1.517,3.248,0.0,4.3,1.5,0.72
1788372931.273,turning,11.29,3.622,87.5,0,30,66,11.425,5.125,92.9,1.509,3.265,0.0,4.3,1.5,0.74
1788372931.335,turning,11.29,3.613,87.5,0,30,66,11.425,5.125,90.6,1.518,3.274,0.0,4.3,1.5,0.74
1788372931.397,turning,11.289,3.597,87.5,0,30,66,11.425,5.125,88.3,1.535,3.291,0.0,4.3,1.5,0.77
1788372931.457,turning,11.289,3.588,87.5,0,30,66,11.425,5.125,86.0,1.543,3.299,0.0,4.3,1.5,0.77
1788372931.516,turning,11.288,3.58,87.5,0,30,66,11.425,5.125,83.8,1.551,3.308,0.0,4.3,1.5,0.79
1788372931.57,turning,11.288,3.563,87.5,0,30,66,11.425,5.125,81.7,1.568,3.325,0.0,4.3,1.5,0.79
1788372931.624,turning,11.287,3.554,87.5,0,30,66,11.425,5.125,79.6,1.577,3.333,0.0,4.3,1.5,0.82
1788372931.68,turning,11.286,3.537,87.5,0,30,66,11.425,5.125,77.6,1.594,3.35,0.0,4.3,1.5,0.82
1788372931.735,turning,11.287,3.529,87.7,0,30,66,11.425,5.125,75.4,1.602,3.359,0.0,4.286,1.5,0.84
1788372931.791,turning,11.287,3.512,88.6,0,30,66,11.425,5.125,72.5,1.619,3.376,0.0,4.239,1.5,0.84
1788372931.849,turning,11.286,3.503,88.8,0,30,66,11.425,5.125,70.5,1.628,3.384,0.0,4.23,1.5,0.87
1788372931.902,turning,11.286,3.486,88.8,0,30,66,11.425,5.125,68.7,1.645,3.401,0.0,4.23,1.5,0.87
1788372931.956,turning,11.286,3.478,88.8,0,30,66,11.425,5.125,66.9,1.653,3.41,0.0,4.23,1.5,0.89
1788372932.009,turning,11.286,3.461,88.8,0,30,66,11.425,5.125,65.1,1.67,3.426,0.0,4.23,1.5,0.89
1788372932.064,turning,11.285,3.452,88.8,0,30,66,11.425,5.125,63.4,1.679,3.435,0.0,4.23,1.5,0.91
1788372932.124,turning,11.285,3.436,88.8,0,30,66,11.425,5.125,61.8,1.695,3.451,0.0,4.23,1.5,0.91
1788372932.185,turning,11.285,3.43,88.8,0,30,66,11.425,5.125,60.2,1.701,3.457,0.0,4.23,1.5,0.94
1788372932.246,turning,11.285,3.423,88.8,0,30,66,11.425,5.125,58.6,1.708,3.464,0.0,4.23,1.5,0.94
1788372932.313,turning,11.285,3.435,88.1,0,30,123,9.799,3.693,59.8,1.508,3.452,0.0,4.265,1.5,0.95
1788372932.373,turning,11.279,3.467,86.6,0,30,123,9.799,3.693,61.9,1.497,3.421,0.0,4.343,1.5,0.95
1788372932.431,turning,11.279,3.472,86.6,0,30,123,9.799,3.693,62.5,1.496,3.415,0.0,4.345,1.5,0.94
1788372932.482,turning,11.279,3.479,86.6,0,30,123,9.799,3.693,63.1,1.496,3.409,0.0,4.345,1.5,0.94
1788372932.533,turning,11.28,3.492,86.6,0,30,123,9.799,3.693,63.6,1.495,3.396,0.0,4.345,1.5,0.93
1788372932.585,turning,11.281,3.499,86.6,0,30,123,9.799,3.693,64.2,1.494,3.389,0.0,4.345,1.5,0.93
1788372932.64,turning,11.281,3.513,86.6,0,30,123,9.799,3.693,64.7,1.493,3.375,0.0,4.345,1.5,0.91
1788372932.697,turning,11.282,3.519,86.6,0,30,123,9.799,3.693,65.3,1.493,3.368,0.0,4.345,1.5,0.91
1788372932.753,turning,11.283,3.533,86.6,0,30,123,9.799,3.693,65.8,1.492,3.355,0.0,4.345,1.5,0.89
1788372932.808,turning,11.283,3.54,86.6,0,30,123,9.799,3.693,66.3,1.492,3.348,0.0,4.345,1.5,0.89
1788372932.865,turning,11.284,3.553,86.6,0,30,123,9.799,3.693,66.9,1.491,3.334,0.0,4.345,1.5,0.87
1788372932.923,turning,11.284,3.56,86.6,0,30,123,9.799,3.693,67.4,1.491,3.328,0.0,4.345,1.5,0.87
1788372932.987,turning,11.285,3.574,86.6,0,30,123,9.799,3.693,67.9,1.491,3.314,0.0,4.345,1.5,0.85
1788372933.044,turning,11.285,3.58,86.6,0,30,123,9.799,3.693,68.5,1.49,3.307,0.0,4.345,1.5,0.85
1788372933.103,turning,11.286,3.594,86.6,0,30,123,9.799,3.693,69.0,1.49,3.294,0.0,4.345,1.5,0.83
1788372933.162,turning,11.287,3.601,86.6,0,30,123,9.799,3.693,69.5,1.49,3.287,0.0,4.345,1.5,0.83
1788372933.221,turning,11.287,3.614,86.6,0,30,123,9.799,3.693,70.0,1.49,3.273,0.0,4.345,1.5,0.81
1788372933.273,turning,11.288,3.621,86.6,0,30,123,9.799,3.693,70.5,1.49,3.267,0.0,4.345,1.5,0.81
1788372933.331,turning,11.289,3.635,86.6,0,30,123,9.778,3.713,71.0,1.513,3.253,0.0,4.345,1.5,0.79
1788372933.385,turning,11.289,3.641,86.6,0,30,123,9.778,3.713,71.5,1.513,3.246,0.0,4.345,1.5,0.79
1788372933.437,turning,11.289,3.644,86.6,0,30,123,9.778,3.713,72.0,1.513,3.244,0.0,4.345,1.5,0.77
1788372933.489,turning,11.289,3.644,86.6,0,30,123,9.778,3.713,72.4,1.513,3.244,0.0,4.345,1.5,0.77
1788372933.545,turning,11.289,3.644,86.6,0,30,123,9.778,3.713,72.9,1.513,3.244,0.0,4.345,1.5,0.77
1788372933.598,turning,11.289,3.644,86.6,0,30,123,9.778,3.713,73.3,1.513,3.244,0.0,4.345,1.5,0.77
1788372933.651,turning,11.289,3.644,86.6,0,30,123,9.778,3.713,73.8,1.513,3.244,0.0,4.345,1.5,0.77
1788372933.714,turning,11.289,3.644,86.6,0,30,123,9.778,3.713,74.2,1.513,3.244,0.0,4.345,1.5,0.77
1788372933.771,turning,11.289,3.644,86.6,0,30,123,9.778,3.713,74.6,1.513,3.244,0.0,4.345,1.5,0.77
1788372933.83,turning,11.289,3.644,86.6,0,30,123,9.778,3.713,75.0,1.513,3.244,0.0,4.345,1.5,0.77
1788372933.894,turning,11.289,3.644,86.6,0,30,123,9.778,3.713,75.4,1.513,3.244,0.0,4.345,1.5,0.77
1788372933.948,turning,11.289,3.644,86.6,0,30,123,9.778,3.713,75.8,1.513,3.244,0.0,4.345,1.5,0.77
1788372934.003,turning,11.289,3.644,86.6,0,30,123,9.778,3.713,76.1,1.513,3.244,0.0,4.345,1.5,0.77
1788372934.058,turning,11.289,3.644,92.5,0,30,123,9.778,3.713,70.6,1.513,3.244,0.0,4.036,1.5,0.77
1788372934.113,turning,11.289,3.644,95.6,0,30,123,9.778,3.713,67.8,1.513,3.244,0.0,3.874,1.5,0.78
1788372934.169,turning,11.289,3.644,101.0,0,30,123,9.778,3.713,62.8,1.513,3.244,0.0,3.594,1.5,0.78
1788372934.224,turning,11.289,3.644,103.5,0,30,123,9.778,3.713,60.6,1.513,3.244,0.0,3.461,1.5,0.78
1788372934.28,turning,11.289,3.644,107.9,0,30,123,9.778,3.713,56.6,1.513,3.244,0.0,3.23,1.5,0.78
1788372934.341,turning,11.289,3.644,110.0,0,30,123,9.778,3.713,54.8,1.513,3.244,0.0,3.122,1.5,0.78
1788372934.399,turning,11.289,3.644,111.8,0,30,123,9.778,3.713,53.3,1.513,3.244,0.0,3.027,1.5,0.78
1788372934.459,turning,11.289,3.644,115.0,0,30,123,9.778,3.713,50.3,1.513,3.244,0.0,2.856,1.5,0.78
1788372934.516,turning,11.289,3.644,116.6,0,30,123,9.778,3.713,49.1,1.513,3.244,0.0,2.775,1.5,0.78
1788372934.578,turning,11.286,3.635,119.6,0,30,123,9.778,3.713,46.3,1.51,3.253,0.0,2.615,1.5,0.79
1788372934.634,turning,11.282,3.626,121.2,0,30,123,9.778,3.713,45.0,1.507,3.262,0.0,2.532,1.5,0.79
1788372934.695,turning,11.28,3.616,124.6,0,30,123,9.778,3.713,41.9,1.506,3.273,0.0,2.4,1.5,0.79
1788372934.751,turning,11.278,3.613,126.5,0,30,123,9.778,3.713,40.3,1.504,3.276,0.0,2.4,1.5,0.79
1788372934.807,turning,11.276,3.611,128.2,0,30,123,9.778,3.713,38.8,1.502,3.278,0.0,2.4,1.5,0.79
1788372934.858,turning,11.277,3.612,128.4,0,30,123,9.778,3.713,38.8,1.502,3.277,0.0,2.4,1.5,0.79
1788372934.911,turning,11.276,3.612,129.6,0,30,123,9.778,3.713,37.8,1.502,3.277,0.0,2.4,1.5,0.79
1788372934.965,turning,11.276,3.612,130.4,0,30,123,9.778,3.713,37.2,1.502,3.277,0.0,2.4,1.5,0.79
1788372935.02,turning,11.272,3.614,132.1,0,30,123,9.778,3.713,35.7,1.498,3.275,0.0,2.4,1.5,0.8
1788372935.076,turning,11.269,3.616,133.0,0,30,123,9.778,3.713,35.1,1.495,3.273,0.0,2.4,1.5,0.8
1788372935.13,turning,11.267,3.617,134.6,0,30,123,9.778,3.713,33.6,1.493,3.272,0.0,2.4,1.5,0.8
1788372935.186,turning,11.267,3.617,135.4,0,30,123,9.778,3.713,33.0,1.493,3.272,0.0,2.4,1.5,0.8
1788372935.249,turning,11.265,3.625,136.5,0,30,123,9.778,3.713,32.2,1.49,3.264,0.0,2.4,1.5,0.8
1788372935.318,turning,11.262,3.631,136.8,0,30,123,9.778,3.713,32.0,1.487,3.259,0.0,2.4,1.5,0.8
1788372935.388,turning,11.261,3.634,137.4,0,30,123,9.778,3.713,31.6,1.485,3.256,0.0,2.4,1.5,0.8
1788372935.456,turning,11.261,3.634,139.1,0,30,123,9.778,3.713,30.2,1.485,3.256,0.0,2.4,1.5,0.8
1788372935.541,turning,11.261,3.634,139.9,0,30,123,9.778,3.713,29.6,1.485,3.256,0.0,2.4,1.5,0.8
1788372935.626,turning,11.261,3.634,141.5,0,30,123,9.778,3.713,28.1,1.485,3.256,0.0,2.4,1.5,0.8
1788372935.71,turning,11.261,3.629,142.2,0,30,123,9.778,3.713,27.6,1.486,3.261,0.0,2.4,1.5,0.81
1788372935.773,turning,11.262,3.612,143.5,0,30,123,9.778,3.713,26.4,1.488,3.278,0.0,2.4,1.5,0.81
1788372935.841,turning,11.263,3.609,144.3,0,30,123,9.778,3.713,25.8,1.489,3.281,0.0,2.4,1.5,0.81
1788372935.903,turning,11.263,3.609,145.9,0,30,123,9.778,3.713,24.3,1.489,3.281,0.0,2.4,1.5,0.81
1788372935.959,turning,11.263,3.609,146.7,0,30,123,9.778,3.713,23.6,1.489,3.281,0.0,2.4,1.5,0.82
1788372936.015,turning,11.263,3.609,148.4,0,30,123,9.778,3.713,22.1,1.489,3.281,0.0,2.4,1.5,0.82
1788372936.076,turning,11.263,3.61,149.2,0,30,123,9.778,3.713,21.4,1.489,3.28,0.0,2.4,1.5,0.84
1788372936.137,turning,11.264,3.613,151.0,0,30,123,9.778,3.713,19.8,1.49,3.276,0.0,2.4,1.5,0.84
1788372936.205,turning,11.264,3.614,151.8,0,30,123,9.778,3.713,19.1,1.49,3.276,0.0,2.4,1.5,0.85
1788372936.268,turning,11.264,3.614,153.5,0,30,123,9.778,3.713,17.6,1.49,3.276,0.0,2.4,1.5,0.85
1788372936.327,turning,11.264,3.614,154.3,0,30,123,9.778,3.713,16.9,1.49,3.276,0.0,2.4,1.5,0.87
1788372936.389,turning,11.264,3.614,155.9,0,30,125,9.775,3.663,15.4,1.489,3.276,0.0,2.4,1.5,0.87
1788372936.446,turning,11.262,3.613,156.8,0,30,125,9.775,3.663,14.7,1.488,3.277,0.0,2.4,1.5,0.89
1788372936.502,turning,11.261,3.611,157.6,0,30,125,9.775,3.663,14.1,1.486,3.279,0.0,2.4,1.5,0.89
1788372936.556,turning,11.259,3.61,155.0,0,30,125,9.775,3.663,16.8,1.484,3.28,0.0,2.4,1.5,0.9
1788372936.61,turning,11.259,3.61,153.4,0,30,125,9.775,3.663,18.5,1.484,3.28,0.0,2.4,1.5,0.9
1788372936.664,turning,11.259,3.61,150.2,0,30,125,9.775,3.663,21.9,1.484,3.28,0.0,2.4,1.5,0.87
1788372936.718,turning,11.259,3.61,148.6,0,30,125,9.775,3.663,23.6,1.484,3.28,0.0,2.4,1.5,0.87
1788372936.776,turning,11.258,3.606,145.2,0,30,125,9.775,3.663,27.2,1.484,3.284,0.0,2.4,1.5,0.85
1788372936.835,turning,11.258,3.603,143.4,0,30,125,9.775,3.663,29.1,1.484,3.288,0.0,2.4,1.5,0.85
1788372936.897,turning,11.257,3.6,140.1,0,30,125,9.775,3.663,32.6,1.483,3.291,0.0,2.4,1.5,0.83
1788372936.958,turning,11.257,3.6,138.5,0,30,125,9.775,3.663,34.3,1.483,3.291,0.0,2.4,1.5,0.83
1788372937.026,turning,11.257,3.6,135.3,0,30,125,9.775,3.663,37.6,1.483,3.291,0.0,2.4,1.5,0.83
1788372937.087,turning,11.257,3.6,133.7,0,30,125,9.775,3.663,39.3,1.483,3.291,0.0,2.4,1.5,0.83
1788372937.145,turning,11.257,3.6,130.5,0,30,125,9.775,3.663,42.6,1.483,3.291,0.0,2.4,1.5,0.83
1788372937.2,turning,11.257,3.6,128.9,0,30,125,9.775,3.663,44.3,1.483,3.291,0.0,2.4,1.5,0.83
1788372937.256,turning,11.258,3.598,126.3,0,30,125,9.775,3.663,47.0,1.484,3.292,0.0,2.4,1.5,0.83
1788372937.315,turning,11.258,3.597,125.2,0,30,125,9.775,3.663,48.2,1.484,3.293,0.0,2.4,1.5,0.83
1788372937.374,turning,11.257,3.596,122.7,0,30,125,9.775,3.663,50.9,1.483,3.294,0.0,2.457,1.5,0.83
1788372937.434,turning,11.257,3.596,121.3,0,30,67,11.425,5.075,50.0,1.488,3.294,0.0,2.528,1.5,0.83
1788372937.492,turning,11.255,3.6,120.0,0,30,67,11.425,5.075,49.1,1.485,3.29,0.0,2.594,1.5,0.83
1788372937.545,turning,11.247,3.616,117.7,1,31,67,11.425,5.125,49.4,1.519,3.275,0.0,2.718,1.5,0.83
1788372937.604,turning,11.244,3.62,116.5,1,31,67,11.425,5.125,48.5,1.516,3.272,0.0,2.781,1.5,0.83
1788372937.669,turning,11.244,3.62,114.0,1,31,67,11.425,5.125,49.0,1.516,3.272,0.0,2.913,1.5,0.83
1788372937.742,turning,11.243,3.619,112.6,1,31,67,11.425,5.125,48.4,1.517,3.273,0.0,2.986,1.5,0.82
1788372937.807,turning,11.239,3.616,110.0,1,31,67,11.425,5.125,49.1,1.521,3.277,0.0,3.122,1.5,0.82
1788372937.87,turning,11.238,3.615,108.7,1,31,67,11.425,5.125,48.4,1.522,3.277,0.0,3.186,1.5,0.82
1788372937.928,turning,11.238,3.615,106.6,1,31,67,11.425,5.125,48.7,1.522,3.277,0.0,3.299,1.5,0.82
1788372937.989,turning,11.238,3.612,105.6,0,30,67,11.425,5.075,47.9,1.475,3.28,0.0,3.349,1.5,0.82
1788372938.045,turning,11.237,3.604,104.0,0,30,67,11.425,5.075,47.8,1.483,3.288,0.0,3.434,1.5,0.82
1788372938.103,turning,11.237,3.603,103.1,0,30,67,11.425,5.075,46.9,1.484,3.289,0.0,3.48,1.5,0.82
1788372938.16,turning,11.237,3.603,101.6,0,30,67,11.425,5.075,46.8,1.484,3.289,0.0,3.558,1.5,0.82
1788372938.217,turning,11.237,3.602,101.0,0,30,67,11.425,5.075,45.8,1.485,3.291,0.0,3.593,1.5,0.82
1788372938.274,turning,11.237,3.599,99.8,0,30,67,11.425,5.075,45.4,1.488,3.294,0.0,3.654,1.5,0.82
1788372938.338,turning,11.237,3.599,99.2,0,30,67,11.425,5.075,44.5,1.488,3.294,0.0,3.686,1.5,0.82
1788372938.401,turning,11.237,3.599,98.1,0,30,67,11.425,5.075,44.0,1.488,3.294,0.0,3.741,1.5,0.82
1788372938.484,turning,11.233,3.602,97.7,0,30,124,9.728,3.669,45.4,1.506,3.291,0.0,3.767,1.5,0.82
1788372938.557,turning,11.229,3.606,97.2,0,30,124,9.728,3.669,46.7,1.502,3.288,0.0,3.79,1.5,0.82
1788372938.634,turning,11.225,3.609,96.2,0,30,124,9.728,3.669,48.5,1.498,3.284,0.0,3.844,1.5,0.82
1788372938.701,turning,11.225,3.609,95.6,0,30,124,9.728,3.669,49.9,1.498,3.284,0.0,3.872,1.5,0.82
1788372938.762,turning,11.225,3.609,94.5,0,30,124,9.728,3.669,51.8,1.498,3.284,0.0,3.931,1.5,0.82
1788372938.821,turning,11.225,3.609,94.0,0,30,124,9.728,3.669,53.1,1.498,3.284,0.0,3.959,1.5,0.82
1788372938.88,turning,11.223,3.625,93.2,0,30,124,9.728,3.669,54.7,1.496,3.269,0.0,4.0,1.5,0.82
1788372938.934,turning,11.221,3.638,92.9,0,30,124,9.728,3.669,55.7,1.494,3.256,0.0,4.014,1.5,0.82
1788372938.995,turning,11.22,3.649,91.8,0,30,124,9.728,3.669,57.6,1.492,3.245,0.0,4.075,1.5,0.81
1788372939.052,turning,11.22,3.649,91.0,0,30,124,9.728,3.669,59.1,1.492,3.245,0.0,4.115,1.5,0.81
1788372939.111,turning,11.22,3.649,89.4,0,30,124,9.728,3.669,61.5,1.492,3.245,0.0,4.201,1.5,0.81
1788372939.168,turning,11.22,3.649,88.5,0,30,124,9.728,3.669,63.0,1.492,3.245,0.0,4.244,1.5,0.81
1788372939.232,turning,11.22,3.649,87.0,0,30,124,9.728,3.669,65.2,1.492,3.245,0.0,4.322,1.5,0.81
1788372939.298,turning,11.22,3.649,86.3,0,30,124,9.728,3.669,66.6,1.492,3.245,0.0,4.36,1.5,0.81
1788372939.362,turning,11.222,3.626,84.6,0,30,124,9.728,3.669,68.9,1.494,3.269,0.0,4.449,1.5,0.81
1788372939.429,turning,11.223,3.608,83.7,0,30,124,9.728,3.669,70.4,1.496,3.286,0.0,4.498,1.5,0.81
1788372939.429,turning,11.223,3.608,83.7,0,30,124,9.728,3.669,71.0,1.496,3.286,0.0,4.498,1.5,0.81
1788372939.552,turning,11.223,3.6,83.0,0,30,122,9.726,3.667,72.3,1.499,3.294,0.0,4.5,1.5,0.81
1788372939.613,turning,11.224,3.604,82.9,0,30,122,9.726,3.667,72.9,1.5,3.29,0.0,4.5,1.5,0.8
1788372939.674,turning,11.225,3.616,82.9,0,30,122,9.726,3.667,73.4,1.501,3.277,0.0,4.5,1.5,0.8
1788372939.741,turning,11.225,3.625,82.9,0,30,122,9.726,3.667,74.0,1.5,3.269,0.0,4.5,1.5,0.78
1788372939.802,turning,11.222,3.644,82.4,0,30,122,9.726,3.667,75.1,1.496,3.25,0.0,4.5,1.5,0.78
1788372939.864,turning,11.222,3.652,82.1,0,30,122,9.726,3.667,75.9,1.496,3.242,0.0,4.5,1.5,0.76
1788372939.923,turning,11.222,3.654,81.3,0,30,122,9.726,3.667,77.3,1.496,3.241,0.0,4.5,1.5,0.76
1788372939.99,turning,11.222,3.654,80.8,0,30,122,9.726,3.667,78.3,1.496,3.241,0.0,4.5,1.5,0.76
1788372940.061,turning,11.222,3.654,79.8,0,30,122,9.726,3.667,79.7,1.496,3.241,0.0,4.5,1.5,0.76
1788372940.128,turning,11.222,3.654,79.4,0,30,122,9.726,3.667,80.7,1.496,3.241,0.0,4.5,1.5,0.76
1788372940.198,turning,11.222,3.654,78.5,0,30,122,9.726,3.667,82.0,1.496,3.241,0.0,4.5,1.5,0.76
1788372940.259,turning,11.222,3.654,78.1,0,30,122,9.726,3.667,82.9,1.496,3.241,0.0,4.5,1.5,0.76
1788372940.32,turning,11.222,3.654,77.4,0,30,122,9.726,3.667,84.1,1.496,3.241,0.0,4.5,1.5,0.76
1788372940.375,turning,11.222,3.654,77.0,0,30,122,9.726,3.667,84.9,1.496,3.241,0.0,4.5,1.5,0.75
1788372940.429,turning,11.222,3.654,76.3,0,30,122,9.726,3.667,86.0,1.496,3.241,0.0,4.5,1.5,0.75
1788372940.482,turning,11.221,3.652,76.1,0,30,122,9.726,3.632,86.7,1.496,3.242,0.0,4.5,1.5,0.75
1788372940.535,turning,11.22,3.649,75.6,0,30,122,9.726,3.632,87.6,1.494,3.246,0.0,4.5,1.5,0.75
1788372940.591,turning,11.22,3.648,75.4,0,30,122,9.726,3.632,88.3,1.494,3.246,0.0,4.5,1.5,0.75
1788372940.647,turning,11.22,3.649,75.1,0,30,122,9.726,3.632,88.9,1.494,3.245,0.0,4.5,1.5,0.75
1788372940.704,turning,11.222,3.655,74.7,0,30,122,9.726,3.632,89.8,1.496,3.239,0.0,4.5,1.5,0.75
1788372940.762,turning,11.223,3.661,74.5,0,30,122,9.726,3.632,90.4,1.498,3.233,0.0,4.5,1.5,0.75
1788372940.82,turning,11.223,3.661,74.0,0,30,122,9.726,3.632,91.3,1.498,3.233,0.0,4.5,1.5,0.74
1788372940.882,turning,11.223,3.661,73.7,0,30,122,9.726,3.632,92.0,1.498,3.233,0.0,4.5,1.5,0.74
1788372940.945,turning,11.223,3.661,73.1,0,30,122,9.726,3.632,93.0,1.498,3.233,0.0,4.5,1.5,0.74
1788372941.003,turning,11.223,3.661,72.8,0,30,122,9.726,3.632,93.6,1.498,3.233,0.0,4.5,1.5,0.74
1788372941.06,turning,11.223,3.661,72.3,0,30,122,9.726,3.632,94.5,1.498,3.233,0.0,4.5,1.5,0.74
1788372941.113,turning,11.223,3.661,72.1,0,30,122,9.726,3.632,95.1,1.498,3.233,0.0,4.5,1.5,0.74
1788372941.166,turning,11.223,3.664,71.8,0,30,122,9.726,3.632,95.8,1.497,3.23,0.0,4.5,1.5,0.73
1788372941.218,turning,11.223,3.668,71.6,0,30,122,9.726,3.632,96.2,1.498,3.227,0.0,4.5,1.5,0.73
1788372941.272,turning,11.222,3.668,71.2,0,30,122,9.726,3.632,97.0,1.497,3.226,0.0,4.5,1.5,0.73
1788372941.325,turning,11.222,3.668,70.9,0,30,122,9.726,3.632,97.6,1.497,3.226,0.0,4.5,1.5,0.73
1788372941.38,turning,11.222,3.668,70.4,0,30,122,9.726,3.632,98.4,1.497,3.226,0.0,4.5,1.5,0.73
1788372941.433,turning,11.222,3.668,70.2,0,30,122,9.726,3.632,99.0,1.497,3.226,0.0,4.5,1.5,0.73
1788372941.488,turning,11.222,3.668,69.7,0,30,122,9.726,3.632,99.8,1.497,3.226,0.0,4.5,1.5,0.72
1788372941.54,turning,11.222,3.668,69.4,0,30,122,9.726,3.632,100.3,1.497,3.226,0.0,4.5,1.5,0.72
1788372941.597,turning,11.222,3.669,69.2,0,30,122,9.726,3.632,100.8,1.497,3.226,0.0,4.5,1.5,0.72
1788372941.656,turning,11.225,3.674,68.8,0,30,122,9.726,3.632,101.5,1.5,3.22,0.0,4.5,1.5,0.72
1788372941.718,turning,11.227,3.68,68.6,0,30,123,9.728,3.763,101.8,1.501,3.214,0.0,4.5,1.5,0.72
1788372941.776,turning,11.227,3.681,68.1,0,30,123,9.728,3.763,102.5,1.502,3.213,0.0,4.5,1.5,0.72
1788372941.835,turning,11.227,3.681,67.8,0,30,123,9.728,3.763,103.0,1.502,3.213,0.0,4.5,1.5,0.71
1788372941.888,turning,11.227,3.681,67.2,0,30,123,9.728,3.763,103.7,1.502,3.213,0.0,4.5,1.5,0.71
1788372941.945,turning,11.227,3.681,66.9,0,30,123,9.728,3.763,104.1,1.502,3.213,0.0,4.5,1.5,0.71
1788372941.999,turning,11.227,3.681,66.4,0,30,123,9.728,3.763,104.8,1.502,3.213,0.0,4.5,1.5,0.71
1788372942.052,turning,11.226,3.679,66.2,0,30,123,9.728,3.763,105.1,1.501,3.215,0.0,4.5,1.5,0.71
1788372942.104,turning,11.224,3.673,65.9,0,30,123,9.728,3.763,105.6,1.5,3.221,0.0,4.5,1.5,0.71
1788372942.156,turning,11.225,3.675,65.7,0,30,123,9.728,3.763,105.9,1.5,3.219,0.0,4.5,1.5,0.71
1788372942.209,turning,11.229,3.684,65.5,0,30,123,9.728,3.763,106.3,1.504,3.21,0.0,4.5,1.5,0.71
1788372942.261,turning,11.232,3.69,65.3,0,30,123,9.728,3.763,106.6,1.506,3.203,0.0,4.5,1.5,0.69
1788372942.315,turning,11.232,3.691,64.8,0,30,123,9.728,3.763,107.2,1.507,3.203,0.0,4.5,1.5,0.69
1788372942.372,turning,11.232,3.691,64.5,0,30,123,9.728,3.763,107.6,1.507,3.203,0.0,4.5,1.5,0.69
1788372942.432,turning,11.232,3.691,64.0,0,30,123,9.728,3.763,108.3,1.507,3.203,0.0,4.5,1.5,0.69
1788372942.492,turning,11.232,3.691,63.7,0,30,123,9.728,3.763,108.7,1.507,3.203,0.0,4.5,1.5,0.68
1788372942.553,turning,11.232,3.691,63.4,0,30,123,9.728,3.763,109.1,1.507,3.203,0.0,4.5,1.5,0.68
1788372942.613,turning,11.232,3.691,62.9,0,30,123,9.728,3.763,109.7,1.507,3.203,0.0,4.5,1.5,0.68
1788372942.665,turning,11.232,3.691,62.7,0,30,123,9.728,3.763,110.1,1.507,3.203,0.0,4.5,1.5,0.68
1788372942.72,turning,11.234,3.693,62.3,0,30,122,9.726,3.717,110.7,1.508,3.2,0.0,4.5,1.5,0.68
1788372942.775,turning,11.236,3.697,62.0,0,30,122,9.726,3.717,111.0,1.51,3.196,0.0,4.5,1.5,0.68
1788372942.828,turning,11.239,3.704,61.6,0,30,122,9.726,3.717,111.6,1.514,3.189,0.0,4.5,1.5,0.67
1788372942.88,turning,11.239,3.704,61.3,0,30,122,9.726,3.717,112.1,1.514,3.189,0.0,4.5,1.5,0.67
1788372942.935,turning,11.239,3.704,60.7,0,30,122,9.726,3.717,112.8,1.514,3.189,0.0,4.5,1.5,0.67
1788372942.986,turning,11.239,3.704,60.5,0,30,122,9.726,3.717,113.2,1.514,3.189,0.0,4.5,1.5,0.67
1788372943.041,turning,11.24,3.703,60.3,0,30,122,9.726,3.717,113.5,1.514,3.19,0.0,4.5,1.5,0.67
1788372943.095,turning,11.24,3.703,60.4,0,30,122,9.726,3.717,113.6,1.514,3.19,0.0,4.5,1.5,0.67
1788372943.156,turning,11.24,3.702,60.1,0,30,122,9.726,3.717,114.0,1.514,3.19,0.0,4.5,1.5,0.67
1788372943.214,turning,11.24,3.702,59.8,0,30,122,9.726,3.717,114.4,1.514,3.19,0.0,4.5,1.5,0.67
1788372943.279,turning,11.24,3.703,59.4,0,30,122,9.726,3.717,115.0,1.515,3.19,0.0,4.5,1.5,0.69
1788372943.348,turning,11.241,3.705,59.2,0,30,122,9.726,3.717,115.3,1.516,3.187,0.0,4.5,1.5,0.69
1788372943.41,turning,11.247,3.714,58.8,0,30,122,9.726,3.717,115.9,1.521,3.178,0.0,4.5,1.5,0.77
1788372943.466,turning,11.25,3.719,58.6,0,30,122,9.726,3.717,116.2,1.525,3.172,0.0,4.5,1.5,0.77
1788372943.519,turning,11.254,3.725,58.4,0,30,122,9.726,3.717,116.5,1.528,3.166,0.0,4.5,1.5,0.87
1788372943.572,turning,11.261,3.737,58.0,0,30,122,9.726,3.717,117.0,1.535,3.154,0.0,4.5,1.5,0.87
1788372943.626,turning,11.265,3.743,57.9,0,30,122,9.726,3.717,117.3,1.539,3.148,0.0,4.5,1.5,0.85
1788372943.681,turning,11.272,3.754,57.6,0,30,122,9.726,3.717,117.8,1.547,3.136,0.0,4.5,1.5,0.85
1788372943.737,turning,11.275,3.76,57.4,0,30,125,9.776,3.712,118.1,1.501,3.13,0.0,4.5,1.5,0.83
1788372943.738,turning,11.275,3.76,57.4,0,30,125,9.776,3.712,118.2,1.501,3.13,0.0,4.5,1.5,0.83
1788372943.849,turning,11.286,3.777,57.0,0,30,125,9.776,3.712,118.8,1.512,3.111,0.0,4.5,1.5,0.81
1788372943.9,turning,11.294,3.788,56.8,0,30,125,9.776,3.712,119.2,1.52,3.099,0.0,4.5,1.5,0.81
1788372943.957,turning,11.298,3.794,56.7,0,30,125,9.776,3.712,119.5,1.524,3.093,0.0,4.5,1.5,0.79
1788372944.017,turning,11.305,3.805,56.5,0,30,125,9.776,3.712,119.9,1.532,3.081,0.0,4.5,1.5,0.79
1788372944.079,turning,11.309,3.81,56.5,0,30,125,9.776,3.712,120.1,1.536,3.076,0.0,4.5,1.5,0.77
1788372944.135,turning,11.315,3.819,56.5,0,30,125,9.776,3.712,120.2,1.543,3.067,0.0,4.5,1.5,0.77
1788372944.191,turning,11.319,3.825,56.4,0,30,125,9.776,3.712,120.5,1.547,3.061,0.0,4.5,1.5,0.75
1788372944.243,turning,11.326,3.836,56.2,0,30,125,9.776,3.712,120.8,1.556,3.049,0.0,4.5,1.5,0.75
1788372944.301,turning,11.33,3.842,56.2,0,30,125,9.776,3.712,121.1,1.56,3.043,0.0,4.5,1.5,0.73
1788372944.353,turning,11.331,3.843,58.8,0,30,125,9.776,3.712,118.6,1.561,3.042,0.0,4.5,1.5,0.73
1788372944.407,turning,11.331,3.843,60.3,0,30,125,9.776,3.712,117.3,1.561,3.042,0.0,4.5,1.5,0.72
1788372944.461,turning,11.331,3.843,61.9,0,30,125,9.776,3.712,116.0,1.561,3.042,0.0,4.5,1.5,0.72
1788372944.512,turning,11.331,3.843,64.9,0,30,125,9.776,3.712,113.1,1.561,3.042,0.0,4.5,1.5,0.72
1788372944.564,turning,11.331,3.843,66.4,0,30,125,9.776,3.712,111.8,1.561,3.042,0.0,4.5,1.5,0.72
1788372944.616,turning,11.331,3.843,68.5,0,30,125,9.776,3.712,109.8,1.561,3.042,0.0,4.5,1.5,0.73
1788372944.668,turning,11.331,3.843,69.4,0,30,125,9.776,3.712,109.1,1.561,3.042,0.0,4.5,1.5,0.73
1788372944.722,turning,11.329,3.848,71.1,0,30,125,9.776,3.712,107.6,1.559,3.037,0.0,4.5,1.5,0.62
1788372944.783,turning,11.326,3.853,71.8,0,12,125,10.775,3.625,108.3,0.597,3.033,0.0,4.5,0.6,0.62
1788372944.847,turning,11.324,3.856,73.5,0,12,125,10.775,3.625,108.0,0.596,3.029,0.0,4.5,0.6,0.55
1788372944.905,turning,11.324,3.856,74.4,0,12,125,10.775,3.625,108.3,0.596,3.029,0.0,4.5,0.6,0.55
1788372944.965,turning,11.328,3.855,76.2,0,12,125,10.775,3.625,107.8,0.599,3.03,0.0,4.5,0.6,0.55
1788372945.018,turning,11.332,3.854,77.0,0,12,125,10.775,3.625,108.1,0.602,3.03,0.0,4.5,0.6,0.55
1788372945.072,turning,11.334,3.854,78.8,0,12,125,10.775,3.625,107.3,0.604,3.031,0.0,4.5,0.6,0.55
1788372945.122,turning,11.334,3.854,79.7,0,12,125,10.775,3.625,107.4,0.604,3.031,0.0,4.5,0.6,0.55
1788372945.176,turning,11.333,3.854,81.0,0,12,125,10.775,3.625,107.0,0.603,3.03,0.0,4.5,0.6,0.55
1788372945.228,turning,11.332,3.855,81.6,0,12,125,10.775,3.625,107.3,0.602,3.03,0.0,4.5,0.6,0.55
1788372945.282,turning,11.331,3.855,83.2,0,12,125,10.775,3.625,106.5,0.602,3.03,0.0,4.5,0.6,0.55
1788372945.336,turning,11.331,3.855,84.1,0,12,125,10.775,3.625,106.4,0.602,3.03,0.0,4.475,0.6,0.55
1788372945.394,turning,11.331,3.855,85.1,0,12,125,10.775,3.625,106.2,0.602,3.03,0.0,4.426,0.6,0.55
1788372945.448,turning,11.331,3.855,86.9,0,12,125,10.775,3.625,105.0,0.602,3.03,0.0,4.328,0.6,0.55
1788372945.505,turning,11.329,3.857,87.9,0,12,125,10.775,3.625,104.7,0.601,3.028,0.0,4.277,0.6,0.55
1788372945.567,turning,11.321,3.868,89.2,0,12,125,10.775,3.625,104.1,0.598,3.018,0.0,4.21,0.6,0.55
1788372945.634,turning,11.319,3.87,89.2,0,12,125,10.775,3.625,104.7,0.597,3.016,0.0,4.209,0.6,0.55
1788372945.696,turning,11.319,3.87,89.2,0,12,125,10.775,3.625,105.3,0.597,3.016,0.0,4.209,0.6,0.55
1788372945.761,turning,11.319,3.87,89.2,0,12,125,10.775,3.625,105.9,0.597,3.016,0.0,4.209,0.6,0.55
1788372945.823,turning,11.319,3.863,89.2,0,29,126,9.876,3.639,105.8,1.461,3.022,0.0,4.209,1.5,0.55
1788372945.885,turning,11.316,3.852,89.2,0,29,126,9.876,3.639,105.6,1.456,3.034,0.0,4.209,1.5,0.56
1788372945.944,turning,11.306,3.828,89.2,1,30,126,9.826,3.643,105.4,1.491,3.059,0.0,4.21,1.5,0.56
1788372946.004,turning,11.304,3.819,89.2,1,30,126,9.826,3.643,105.2,1.489,3.068,0.0,4.21,1.5,0.58
1788372946.061,turning,11.304,3.802,89.2,1,30,126,9.826,3.643,105.0,1.487,3.085,0.0,4.21,1.5,0.58
1788372946.116,turning,11.304,3.793,89.2,1,30,126,9.826,3.643,104.8,1.486,3.093,0.0,4.21,1.5,0.6
1788372946.17,turning,11.304,3.776,89.2,1,30,126,9.826,3.643,104.6,1.484,3.11,0.0,4.21,1.5,0.6
1788372946.226,turning,11.304,3.768,89.2,1,30,126,9.826,3.643,104.4,1.483,3.119,0.0,4.21,1.5,0.63
1788372946.283,turning,11.303,3.751,89.2,1,30,126,9.826,3.643,104.1,1.482,3.136,0.0,4.21,1.5,0.63
1788372946.349,turning,11.303,3.742,89.2,2,32,126,9.726,3.652,103.9,1.58,3.144,0.0,4.21,1.5,0.65
1788372946.415,turning,11.303,3.734,89.2,2,32,126,9.726,3.652,103.7,1.579,3.153,0.0,4.21,1.5,0.65
1788372946.481,turning,11.303,3.717,89.2,2,32,126,9.726,3.652,103.4,1.578,3.17,0.0,4.21,1.5,0.68
1788372946.541,turning,11.303,3.708,89.2,2,32,126,9.726,3.652,103.1,1.578,3.178,0.0,4.21,1.5,0.68
1788372946.602,turning,11.303,3.691,89.2,2,32,126,9.726,3.652,102.9,1.577,3.195,0.0,4.21,1.5,0.7
1788372946.657,turning,11.302,3.683,89.2,2,32,126,9.726,3.652,102.6,1.577,3.204,0.0,4.21,1.5,0.7
1788372946.714,turning,11.302,3.666,89.2,2,32,126,9.726,3.652,102.3,1.576,3.221,0.0,4.21,1.5,0.72
1788372946.768,turning,11.302,3.657,89.2,2,32,126,9.726,3.652,102.0,1.576,3.229,0.0,4.21,1.5,0.72
1788372946.827,turning,11.304,3.647,88.4,0,30,125,9.83,3.75,102.4,1.477,3.239,0.0,4.25,1.5,0.75
1788372946.882,turning,11.303,3.644,87.8,0,30,125,9.83,3.75,102.7,1.477,3.242,0.0,4.285,1.5,0.75
1788372946.94,turning,11.301,3.631,87.3,0,30,125,9.83,3.75,102.9,1.476,3.255,0.0,4.311,1.5,0.77
1788372946.993,turning,11.301,3.623,87.3,0,30,125,9.83,3.75,102.5,1.476,3.264,0.0,4.311,1.5,0.77
1788372947.045,turning,11.3,3.606,87.3,0,30,125,9.83,3.75,102.1,1.477,3.281,0.0,4.311,1.5,0.8
1788372947.101,turning,11.299,3.597,87.3,0,30,125,9.83,3.75,101.7,1.477,3.289,0.0,4.311,1.5,0.8
1788372947.162,turning,11.299,3.58,87.3,0,30,125,9.83,3.75,101.3,1.478,3.306,0.0,4.311,1.5,0.82
1788372947.217,turning,11.298,3.572,87.3,0,30,125,9.83,3.75,101.0,1.479,3.315,0.0,4.311,1.5,0.82
1788372947.281,turning,11.297,3.555,87.3,0,30,125,9.83,3.75,100.6,1.48,3.332,0.0,4.311,1.5,0.85
1788372947.347,turning,11.297,3.546,87.3,0,30,125,9.83,3.75,100.2,1.481,3.34,0.0,4.311,1.5,0.85
1788372947.404,turning,11.298,3.537,87.2,0,30,125,9.83,3.75,99.8,1.484,3.35,0.0,4.312,1.5,0.87
1788372947.459,turning,11.305,3.519,87.2,0,30,125,9.83,3.75,99.5,1.493,3.367,0.0,4.315,1.5,0.87
1788372947.516,turning,11.307,3.514,87.2,0,30,125,9.83,3.75,99.1,1.495,3.371,0.0,4.316,1.5,0.89
1788372947.57,turning,11.307,3.514,87.2,0,30,125,9.83,3.75,98.7,1.495,3.372,0.0,4.316,1.5,0.89
1788372947.623,turning,11.307,3.516,87.2,0,30,125,9.83,3.75,98.4,1.495,3.37,0.0,4.316,1.5,0.89
1788372947.678,turning,11.308,3.526,87.2,0,30,125,9.83,3.75,98.0,1.494,3.36,0.0,4.316,1.5,0.89
1788372947.733,turning,11.308,3.533,87.2,0,30,125,9.83,3.75,97.7,1.494,3.353,0.0,4.316,1.5,0.87
1788372947.79,turning,11.309,3.546,87.2,0,30,125,9.83,3.75,97.4,1.492,3.339,0.0,4.316,1.5,0.87
1788372947.848,turning,11.309,3.553,87.2,0,30,125,9.834,3.741,97.1,1.487,3.333,0.0,4.316,1.5,0.85
1788372947.912,turning,11.31,3.567,87.2,0,30,125,9.834,3.741,96.8,1.486,3.319,0.0,4.316,1.5,0.85
1788372947.976,turning,11.308,3.577,87.1,0,30,125,9.834,3.741,96.6,1.483,3.309,0.0,4.32,1.5,0.83
1788372948.039,turning,11.303,3.601,86.9,0,30,125,9.834,3.741,96.6,1.476,3.285,0.0,4.331,1.5,0.83
1788372948.101,turning,11.303,3.609,86.9,1,31,125,9.784,3.746,96.4,1.525,3.278,0.0,4.332,1.5,0.81
1788372948.16,turning,11.304,3.622,86.9,1,31,125,9.784,3.746,96.2,1.525,3.264,0.0,4.332,1.5,0.81
1788372948.217,turning,11.305,3.629,86.9,1,31,125,9.784,3.746,96.0,1.525,3.257,0.0,4.332,1.5,0.8
1788372948.273,turning,11.305,3.643,86.9,1,31,125,9.784,3.746,95.9,1.524,3.244,0.0,4.332,1.5,0.8
1788372948.331,turning,11.306,3.649,86.9,1,31,125,9.784,3.746,95.7,1.524,3.237,0.0,4.332,1.5,0.78
1788372948.388,turning,11.306,3.656,86.8,1,31,125,9.784,3.746,95.6,1.524,3.23,0.0,4.334,1.5,0.78
1788372948.446,turning,11.307,3.67,86.5,1,31,125,9.784,3.746,95.8,1.524,3.216,0.0,4.352,1.5,0.76
1788372948.501,turning,11.307,3.671,86.1,1,31,125,9.784,3.746,96.1,1.524,3.215,0.0,4.372,1.5,0.76
1788372948.558,turning,11.307,3.671,85.0,1,31,125,9.784,3.746,97.1,1.524,3.215,0.0,4.43,1.5,0.75
1788372948.609,turning,11.307,3.671,84.4,1,31,125,9.784,3.746,97.5,1.524,3.215,0.0,4.46,1.5,0.75
1788372948.665,turning,11.307,3.671,83.4,1,31,125,9.784,3.746,98.4,1.524,3.215,0.0,4.5,1.5,0.74
1788372948.722,turning,11.307,3.671,82.9,1,31,125,9.784,3.746,98.8,1.524,3.215,0.0,4.5,1.5,0.74
1788372948.783,turning,11.303,3.669,82.0,1,31,125,9.784,3.746,99.6,1.521,3.217,0.0,4.5,1.5,0.74
1788372948.843,turning,11.301,3.667,81.6,1,31,125,9.784,3.746,99.9,1.518,3.219,0.0,4.5,1.5,0.74
1788372948.904,turning,11.298,3.666,80.9,0,30,122,9.778,3.763,100.5,1.524,3.221,0.0,4.5,1.5,0.74
1788372948.959,turning,11.298,3.666,80.5,0,30,122,9.778,3.763,100.7,1.524,3.221,0.0,4.5,1.5,0.74
1788372949.014,turning,11.298,3.666,79.9,0,30,122,9.778,3.763,101.2,1.524,3.221,0.0,4.5,1.5,0.74
1788372949.071,turning,11.298,3.666,79.6,0,30,122,9.778,3.763,101.4,1.524,3.221,0.0,4.5,1.5,0.74
1788372949.127,turning,11.298,3.666,79.0,0,30,122,9.778,3.763,101.9,1.524,3.221,0.0,4.5,1.5,0.74
1788372949.184,turning,11.298,3.666,78.7,0,30,122,9.778,3.763,102.0,1.524,3.221,0.0,4.5,1.5,0.74
1788372949.241,turning,11.298,3.666,78.2,0,30,122,9.778,3.763,102.4,1.524,3.221,0.0,4.5,1.5,0.74
1788372949.297,turning,11.298,3.666,78.0,0,30,122,9.778,3.763,102.6,1.524,3.221,0.0,4.5,1.5,0.74
1788372949.352,turning,11.298,3.667,77.8,0,30,122,9.778,3.763,102.7,1.524,3.22,0.0,4.5,1.5,0.74
1788372949.406,turning,11.3,3.673,77.3,0,30,122,9.778,3.763,103.0,1.525,3.214,0.0,4.5,1.5,0.74
1788372949.466,turning,11.298,3.68,77.4,0,30,122,9.778,3.763,102.9,1.523,3.207,0.0,4.5,1.5,0.73
1788372949.532,turning,11.287,3.687,77.6,0,30,122,9.778,3.763,102.6,1.511,3.201,0.0,4.5,1.5,0.73
1788372949.601,turning,11.284,3.689,77.3,0,30,122,9.778,3.763,102.8,1.508,3.199,0.0,4.5,1.5,0.72
1788372949.667,turning,11.284,3.689,76.0,0,30,122,9.778,3.763,104.0,1.508,3.199,0.0,4.5,1.5,0.72
1788372949.726,turning,11.284,3.689,75.3,0,30,122,9.778,3.763,104.6,1.508,3.199,0.0,4.5,1.5,0.72
1788372949.78,turning,11.284,3.689,74.1,0,30,122,9.778,3.763,105.8,1.508,3.199,0.0,4.5,1.5,0.72
1788372949.839,turning,11.284,3.689,73.5,0,30,122,9.778,3.763,106.4,1.508,3.199,0.0,4.5,1.5,0.73
1788372949.897,turning,11.284,3.689,72.4,0,30,123,9.778,3.763,107.4,1.508,3.199,0.0,4.5,1.5,0.73
1788372949.957,turning,11.284,3.689,71.8,0,30,123,9.778,3.763,107.9,1.508,3.199,0.0,4.5,1.5,0.72
1788372950.011,turning,11.284,3.689,70.8,0,30,123,9.778,3.763,108.8,1.508,3.199,0.0,4.5,1.5,0.72
1788372950.066,turning,11.284,3.689,70.4,0,30,123,9.778,3.763,109.2,1.508,3.199,0.0,4.5,1.5,0.72
1788372950.123,turning,11.284,3.689,69.5,0,30,123,9.778,3.763,110.0,1.508,3.199,0.0,4.5,1.5,0.72
1788372950.178,turning,11.283,3.685,68.9,0,30,123,9.778,3.763,110.5,1.507,3.204,0.0,4.5,1.5,0.72
1788372950.237,turning,11.279,3.676,67.8,0,30,123,9.778,3.763,111.6,1.504,3.213,0.0,4.5,1.5,0.72
1788372950.304,turning,11.279,3.675,67.5,0,30,123,9.778,3.763,111.8,1.504,3.213,0.0,4.5,1.5,0.72
1788372950.365,turning,11.279,3.676,67.4,0,30,123,9.778,3.763,111.8,1.504,3.213,0.0,4.5,1.5,0.72
1788372950.427,turning,11.282,3.682,67.3,0,30,123,9.778,3.763,111.9,1.506,3.207,0.0,4.5,1.5,0.72
1788372950.482,turning,11.284,3.687,67.2,0,30,123,9.778,3.763,112.0,1.508,3.201,0.0,4.5,1.5,0.72
1788372950.539,turning,11.287,3.695,66.8,0,30,123,9.778,3.763,112.3,1.511,3.193,0.0,4.5,1.5,0.7
1788372950.591,turning,11.287,3.695,66.5,0,30,123,9.778,3.763,112.5,1.511,3.193,0.0,4.5,1.5,0.7
1788372950.649,turning,11.282,3.692,66.2,0,30,123,9.778,3.763,112.8,1.506,3.197,0.0,4.5,1.5,0.7
1788372950.704,turning,11.278,3.689,66.2,0,30,123,9.778,3.763,112.7,1.502,3.2,0.0,4.5,1.5,0.7
1788372950.762,turning,11.273,3.687,65.9,0,30,123,9.778,3.763,113.0,1.498,3.202,0.0,4.5,1.5,0.7
1788372950.816,turning,11.273,3.687,65.6,0,30,123,9.778,3.763,113.2,1.498,3.202,0.0,4.5,1.5,0.7
1788372950.877,turning,11.273,3.688,65.2,0,30,123,9.778,3.763,113.7,1.498,3.202,0.0,4.5,1.5,0.7
1788372950.938,turning,11.274,3.689,65.0,0,30,124,9.778,3.763,113.8,1.499,3.2,0.0,4.5,1.5,0.7
1788372950.997,turning,11.277,3.694,64.5,0,30,124,9.778,3.763,114.2,1.501,3.195,0.0,4.5,1.5,0.69
1788372951.059,turning,11.277,3.694,64.3,0,30,124,9.778,3.763,114.4,1.501,3.195,0.0,4.5,1.5,0.69
1788372951.124,turning,11.277,3.694,63.7,0,30,124,9.778,3.763,115.0,1.501,3.195,0.0,4.5,1.5,0.72
1788372951.187,turning,11.277,3.694,63.4,0,30,124,9.778,3.763,115.2,1.501,3.195,0.0,4.5,1.5,0.72
1788372951.249,turning,11.277,3.694,62.9,0,30,124,9.778,3.763,115.7,1.501,3.195,0.0,4.5,1.5,0.76
1788372951.306,turning,11.277,3.694,62.6,0,30,124,9.778,3.763,115.9,1.501,3.195,0.0,4.5,1.5,0.76
1788372951.363,turning,11.277,3.694,62.4,0,30,124,9.778,3.763,116.2,1.501,3.195,0.0,4.5,1.5,0.8
1788372951.417,turning,11.278,3.697,62.0,0,30,124,9.778,3.763,116.6,1.502,3.192,0.0,4.5,1.5,0.8
1788372951.476,turning,11.28,3.701,61.7,0,30,124,9.778,3.763,116.8,1.504,3.188,0.0,4.5,1.5,0.84
1788372951.527,turning,11.28,3.701,61.7,0,30,124,9.778,3.763,116.8,1.504,3.188,0.0,4.5,1.5,0.84
1788372951.582,turning,11.28,3.7,61.7,0,30,124,9.778,3.763,116.8,1.504,3.188,0.0,4.5,1.5,0.84
1788372951.635,turning,11.279,3.698,61.4,0,30,124,9.778,3.763,117.0,1.503,3.19,0.0,4.5,1.5,0.84
1788372951.689,turning,11.279,3.698,61.4,0,30,124,9.778,3.763,117.1,1.503,3.191,0.0,4.5,1.5,0.84
1788372951.743,turning,11.279,3.698,61.4,0,30,124,9.778,3.763,117.0,1.503,3.191,0.0,4.5,1.5,0.84
1788372951.799,turning,11.279,3.698,61.4,0,30,124,9.778,3.763,117.0,1.503,3.191,0.0,4.5,1.5,0.84
1788372951.856,turning,11.279,3.698,61.4,0,30,124,9.778,3.763,117.0,1.503,3.191,0.0,4.5,1.5,0.84
1788372951.919,turning,11.279,3.698,61.4,0,30,124,9.778,3.763,117.0,1.503,3.191,0.0,4.5,1.5,0.84
1788372951.981,turning,11.279,3.698,61.4,0,30,123,9.778,3.763,116.9,1.503,3.191,0.0,4.5,1.5,0.84
1788372952.038,turning,11.279,3.698,61.4,0,30,123,9.778,3.763,116.9,1.503,3.191,0.0,4.5,1.5,0.84
1788372952.094,turning,11.279,3.698,63.8,0,30,123,9.778,3.763,114.5,1.503,3.191,0.0,4.5,1.5,0.84
1788372952.148,turning,11.279,3.698,67.0,0,30,123,9.778,3.763,111.2,1.503,3.191,0.0,4.5,1.5,0.79
1788372952.202,turning,11.279,3.698,73.6,0,30,123,9.778,3.763,104.6,1.503,3.191,0.0,4.5,1.5,0.79
1788372952.26,turning,11.279,3.698,76.9,0,30,123,9.778,3.763,101.4,1.503,3.191,0.0,4.5,1.5,0.68
1788372952.323,turning,11.279,3.698,80.1,0,30,123,9.778,3.763,98.1,1.503,3.191,0.0,4.5,1.5,0.68
1788372952.38,turning,11.279,3.698,86.7,0,30,123,9.778,3.763,91.5,1.503,3.191,0.0,4.341,1.5,0.69
1788372952.433,turning,11.279,3.698,90.0,0,30,123,9.778,3.763,88.2,1.503,3.191,0.0,4.17,1.5,0.69
1788372952.492,turning,11.279,3.698,96.0,0,30,123,9.778,3.763,82.2,1.503,3.191,0.0,3.854,1.5,0.69
1788372952.545,turning,11.279,3.698,98.9,0,30,123,9.778,3.763,79.3,1.503,3.191,0.0,3.702,1.5,0.69
1788372952.605,turning,11.279,3.698,103.9,0,30,123,9.778,3.763,74.2,1.503,3.191,0.0,3.44,1.5,0.69
1788372952.666,turning,11.279,3.698,106.2,0,30,123,9.778,3.763,71.9,1.503,3.191,0.0,3.317,1.5,0.69
1788372952.735,turning,11.279,3.693,110.1,0,30,123,9.778,3.763,68.0,1.503,3.195,0.0,3.114,1.5,0.7
1788372952.8,turning,11.28,3.689,111.9,0,30,123,9.778,3.763,66.2,1.504,3.199,0.0,3.021,1.5,0.7
1788372952.86,turning,11.282,3.68,115.2,0,30,123,9.778,3.763,62.9,1.507,3.208,0.0,2.849,1.5,0.7
1788372952.916,turning,11.283,3.676,116.8,0,30,123,9.778,3.763,61.2,1.508,3.212,0.0,2.766,1.5,0.7
1788372952.975,turning,11.281,3.669,119.2,0,30,123,9.776,3.714,58.8,1.506,3.22,0.0,2.637,1.5,0.7
1788372953.031,turning,11.277,3.666,120.3,0,30,123,9.776,3.714,57.7,1.503,3.223,0.0,2.579,1.5,0.7
1788372953.086,turning,11.275,3.671,122.2,0,30,123,9.776,3.714,55.8,1.5,3.219,0.0,2.479,1.5,0.71
1788372953.141,turning,11.274,3.675,123.1,0,30,123,9.776,3.714,54.9,1.499,3.214,0.0,2.432,1.5,0.71
1788372953.199,turning,11.273,3.674,125.0,0,30,123,9.776,3.714,53.1,1.498,3.215,0.0,2.4,1.5,0.71
1788372953.253,turning,11.273,3.671,125.9,0,30,123,9.776,3.714,52.2,1.498,3.218,0.0,2.4,1.5,0.71
1788372953.311,turning,11.273,3.669,126.7,0,30,123,9.776,3.714,51.3,1.498,3.22,0.0,2.4,1.5,0.71
1788372953.367,turning,11.273,3.669,128.4,0,30,123,9.776,3.714,49.7,1.498,3.22,0.0,2.4,1.5,0.71
1788372953.428,turning,11.274,3.67,129.4,0,30,123,9.776,3.714,48.7,1.499,3.219,0.0,2.4,1.5,0.72
1788372953.495,turning,11.276,3.673,131.9,0,30,123,9.776,3.714,46.2,1.501,3.216,0.0,2.4,1.5,0.72
1788372953.558,turning,11.276,3.673,132.9,0,30,123,9.776,3.714,45.2,1.501,3.216,0.0,2.4,1.5,0.72
1788372953.619,turning,11.276,3.673,134.5,0,30,123,9.776,3.714,43.6,1.501,3.216,0.0,2.4,1.5,0.72
1788372953.675,turning,11.276,3.675,135.4,0,30,123,9.776,3.714,42.7,1.501,3.214,0.0,2.4,1.5,0.72
1788372953.728,turning,11.275,3.681,137.4,0,30,123,9.776,3.714,40.7,1.5,3.209,0.0,2.4,1.5,0.72
1788372953.78,turning,11.275,3.681,138.3,0,30,123,9.776,3.714,39.8,1.5,3.208,0.0,2.4,1.5,0.73
1788372953.831,turning,11.275,3.681,139.9,0,30,123,9.776,3.714,38.2,1.5,3.208,0.0,2.4,1.5,0.73
1788372953.885,turning,11.275,3.681,140.8,0,30,123,9.776,3.714,37.4,1.5,3.208,0.0,2.4,1.5,0.73
1788372953.941,turning,11.275,3.681,142.4,0,30,123,9.776,3.714,35.8,1.5,3.208,0.0,2.4,1.5,0.73
1788372954.001,turning,11.273,3.685,143.2,0,30,124,9.776,3.714,35.0,1.498,3.204,0.0,2.4,1.5,0.73
1788372954.057,turning,11.268,3.694,145.0,0,30,124,9.776,3.714,33.2,1.493,3.196,0.0,2.4,1.5,0.73
1788372954.114,turning,11.268,3.694,145.8,0,30,124,9.776,3.714,32.5,1.493,3.195,0.0,2.4,1.5,0.74
1788372954.173,turning,11.268,3.694,147.4,0,30,124,9.776,3.714,30.8,1.493,3.195,0.0,2.4,1.5,0.74
1788372954.24,turning,11.268,3.694,148.2,0,30,124,9.776,3.714,30.0,1.493,3.195,0.0,2.4,1.5,0.76
1788372954.306,turning,11.268,3.694,149.1,0,30,124,9.776,3.714,29.3,1.493,3.195,0.0,2.4,1.5,0.76
1788372954.374,turning,11.267,3.692,150.2,0,30,124,9.776,3.714,28.1,1.492,3.198,0.0,2.4,1.5,0.77
1788372954.435,turning,11.265,3.69,150.5,0,30,124,9.776,3.714,27.8,1.49,3.2,0.0,2.4,1.5,0.77
1788372954.495,turning,11.263,3.687,151.7,0,30,124,9.776,3.714,26.7,1.488,3.203,0.0,2.4,1.5,0.79
1788372954.549,turning,11.263,3.687,150.8,0,30,124,9.776,3.714,27.6,1.488,3.203,0.0,2.4,1.5,0.79
1788372954.606,turning,11.263,3.687,147.6,0,30,124,9.776,3.714,30.8,1.488,3.203,0.0,2.4,1.5,0.79
1788372954.659,turning,11.263,3.687,146.0,0,30,124,9.776,3.714,32.4,1.488,3.203,0.0,2.4,1.5,0.79
1788372954.715,turning,11.259,3.686,142.8,0,30,124,9.776,3.714,35.6,1.484,3.205,0.0,2.4,1.5,0.77
1788372954.772,turning,11.256,3.685,141.2,0,30,124,9.776,3.714,37.2,1.48,3.206,0.0,2.4,1.5,0.77
1788372954.828,turning,11.253,3.684,138.0,0,30,124,9.776,3.714,40.4,1.478,3.207,0.0,2.4,1.5,0.76
1788372954.884,turning,11.253,3.684,136.4,0,30,124,9.776,3.714,42.0,1.478,3.207,0.0,2.4,1.5,0.76
1788372954.943,turning,11.253,3.684,133.2,0,30,124,9.776,3.714,45.2,1.478,3.207,0.0,2.4,1.5,0.76
1788372955.008,turning,11.253,3.684,131.6,0,30,124,9.776,3.714,46.8,1.478,3.207,0.0,2.4,1.5,0.76
1788372955.073,turning,11.253,3.684,128.5,0,30,123,9.776,3.716,50.0,1.478,3.207,0.0,2.4,1.5,0.76
1788372955.134,turning,11.253,3.684,126.9,0,30,123,9.776,3.716,51.6,1.478,3.207,0.0,2.4,1.5,0.76
1788372955.221,turning,11.253,3.684,123.7,0,30,123,9.776,3.716,54.8,1.478,3.207,0.0,2.404,1.5,0.76
1788372955.311,turning,11.253,3.684,122.1,0,30,123,9.776,3.716,56.4,1.478,3.207,0.0,2.488,1.5,0.76
1788372955.387,turning,11.252,3.686,120.4,0,30,123,9.776,3.716,58.1,1.477,3.206,0.0,2.574,1.5,0.76
1788372955.452,turning,11.25,3.694,117.0,1,31,123,9.726,3.717,61.5,1.524,3.197,0.0,2.752,1.5,0.76
1788372955.505,turning,11.249,3.696,115.4,1,31,123,9.726,3.717,63.1,1.524,3.196,0.0,2.838,1.5,0.76
1788372955.557,turning,11.249,3.696,112.2,1,31,123,9.726,3.717,66.4,1.524,3.196,0.0,3.005,1.5,0.76
1788372955.611,turning,11.251,3.691,110.7,0,30,123,9.776,3.716,67.9,1.476,3.2,0.0,3.083,1.5,0.76
1788372955.668,turning,11.257,3.674,107.9,0,30,123,9.776,3.716,70.7,1.482,3.216,0.0,3.23,1.5,0.76
1788372955.725,turning,11.258,3.671,106.4,0,30,123,9.776,3.716,72.2,1.483,3.219,0.0,3.31,1.5,0.76
1788372955.784,turning,11.258,3.671,103.2,0,30,123,9.776,3.716,75.3,1.483,3.219,0.0,3.476,1.5,0.76
1788372955.846,turning,11.255,3.675,101.5,0,30,123,9.776,3.716,77.0,1.481,3.216,0.0,3.564,1.5,0.75
1788372955.911,turning,11.249,3.684,98.3,1,31,123,9.726,3.717,80.2,1.524,3.207,0.0,3.73,1.5,0.75
1788372955.98,turning,11.249,3.686,96.9,1,31,123,9.726,3.717,81.7,1.523,3.206,0.0,3.808,1.5,0.75
1788372956.048,turning,11.249,3.686,93.9,0,30,121,9.728,3.763,84.6,1.523,3.206,0.0,3.961,1.5,0.75
1788372956.102,turning,11.245,3.688,92.5,0,30,121,9.728,3.763,86.0,1.519,3.204,0.0,4.036,1.5,0.75
1788372956.159,turning,11.236,3.692,89.9,0,30,121,9.728,3.763,88.6,1.51,3.201,0.0,4.174,1.5,0.75
1788372956.214,turning,11.235,3.693,88.6,0,30,121,9.728,3.763,89.9,1.509,3.2,0.0,4.242,1.5,0.75
1788372956.27,turning,11.235,3.693,86.1,0,30,121,9.728,3.763,92.4,1.509,3.2,0.0,4.374,1.5,0.75
1788372956.327,turning,11.233,3.694,84.7,0,30,121,9.728,3.763,93.7,1.507,3.199,0.0,4.447,1.5,0.75
1788372956.385,turning,11.232,3.696,83.3,0,30,121,9.728,3.763,95.0,1.505,3.198,0.0,4.5,1.5,0.75
1788372956.44,turning,11.23,3.697,81.0,0,30,121,9.728,3.763,97.4,1.503,3.197,0.0,4.5,1.5,0.74
1788372956.496,turning,11.23,3.697,79.9,0,30,121,9.728,3.763,98.4,1.503,3.197,0.0,4.5,1.5,0.74
1788372956.553,turning,11.227,3.698,78.1,0,30,121,9.728,3.763,100.2,1.501,3.196,0.0,4.5,1.5,0.74
1788372956.616,turning,11.225,3.699,77.3,0,30,121,9.728,3.763,101.0,1.499,3.195,0.0,4.5,1.5,0.74
1788372956.682,turning,11.223,3.7,75.6,0,30,121,9.728,3.763,102.6,1.497,3.194,0.0,4.5,1.5,0.74
1788372956.749,turning,11.223,3.7,74.7,0,30,121,9.728,3.763,103.5,1.497,3.194,0.0,4.5,1.5,0.74
1788372956.811,turning,11.218,3.699,73.2,0,30,121,9.728,3.763,105.0,1.491,3.196,0.0,4.5,1.5,0.73
1788372956.868,turning,11.213,3.698,72.6,0,30,121,9.728,3.763,105.6,1.487,3.198,0.0,4.5,1.5,0.73
1788372956.923,turning,11.209,3.697,71.2,0,30,121,9.728,3.763,106.9,1.483,3.199,0.0,4.5,1.5,0.73
1788372956.98,turning,11.209,3.697,70.6,0,30,121,9.728,3.763,107.6,1.483,3.199,0.0,4.5,1.5,0.73
1788372957.031,turning,11.206,3.694,69.3,0,30,121,9.728,3.763,108.8,1.48,3.202,0.0,4.5,1.5,0.73
1788372957.085,turning,11.203,3.692,68.7,0,30,125,9.728,3.763,109.4,1.477,3.205,0.0,4.5,1.5,0.73
1788372957.139,turning,11.201,3.691,67.7,0,30,125,9.728,3.763,110.4,1.476,3.206,0.0,4.5,1.5,0.72
1788372957.192,turning,11.201,3.691,67.2,0,30,125,9.728,3.763,110.8,1.476,3.206,0.0,4.5,1.5,0.72
1788372957.243,turning,11.201,3.691,66.4,0,30,125,9.728,3.763,111.7,1.476,3.206,0.0,4.5,1.5,0.72
1788372957.301,turning,11.201,3.691,66.0,0,30,125,9.728,3.763,112.1,1.476,3.206,0.0,4.5,1.5,0.72
1788372957.359,turning,11.2,3.69,65.6,1,31,125,9.678,3.766,112.4,1.525,3.207,0.0,4.5,1.5,0.72
1788372957.422,turning,11.197,3.688,64.9,1,31,125,9.678,3.766,113.1,1.521,3.209,0.0,4.5,1.5,0.72
1788372957.49,turning,11.196,3.688,64.6,1,31,125,9.678,3.766,113.4,1.52,3.21,0.0,4.5,1.5,0.72
1788372957.557,turning,11.196,3.688,64.0,1,31,125,9.678,3.766,113.9,1.52,3.21,0.0,4.5,1.5,0.72
1788372957.618,turning,11.196,3.688,63.7,1,31,125,9.678,3.766,114.2,1.52,3.21,0.0,4.5,1.5,0.72
1788372957.673,turning,11.196,3.688,63.2,1,31,125,9.678,3.766,114.7,1.52,3.21,0.0,4.5,1.5,0.72
1788372957.726,turning,11.196,3.688,63.0,1,31,125,9.678,3.766,114.9,1.52,3.21,0.0,4.5,1.5,0.71
1788372957.782,turning,11.197,3.69,62.6,1,31,125,9.678,3.766,115.3,1.521,3.207,0.0,4.5,1.5,0.71
1788372957.841,turning,11.196,3.693,62.3,1,31,125,9.678,3.766,115.5,1.52,3.204,0.0,4.5,1.5,0.71
1788372957.897,turning,11.192,3.699,61.9,1,31,125,9.678,3.766,116.0,1.516,3.199,0.0,4.5,1.5,0.71
1788372957.957,turning,11.191,3.699,61.6,1,31,125,9.678,3.766,116.2,1.515,3.199,0.0,4.5,1.5,0.7
1788372958.014,turning,11.191,3.699,61.1,1,31,125,9.678,3.766,116.8,1.515,3.199,0.0,4.5,1.5,0.7
1788372958.074,turning,11.191,3.699,60.8,1,31,125,9.678,3.766,117.0,1.515,3.199,0.0,4.5,1.5,0.7
1788372958.13,turning,11.191,3.699,60.3,0,30,122,9.678,3.769,117.5,1.515,3.199,0.0,4.5,1.5,0.7
1788372958.194,turning,11.191,3.699,60.0,0,30,122,9.678,3.769,117.8,1.515,3.199,0.0,4.5,1.5,0.7
1788372958.253,turning,11.192,3.702,59.6,0,30,122,9.678,3.769,118.2,1.516,3.196,0.0,4.5,1.5,0.7
1788372958.321,turning,11.194,3.705,59.4,0,30,122,9.678,3.769,118.4,1.518,3.193,0.0,4.5,1.5,0.69
1788372958.389,turning,11.197,3.71,59.1,0,30,122,9.678,3.769,118.6,1.521,3.187,0.0,4.5,1.5,0.69
1788372958.449,turning,11.204,3.722,58.7,0,30,122,9.678,3.769,119.1,1.527,3.175,0.0,4.5,1.5,0.68
1788372958.506,turning,11.208,3.727,58.5,0,30,122,9.678,3.769,119.3,1.531,3.169,0.0,4.5,1.5,0.68
1788372958.564,turning,11.215,3.739,58.2,0,30,122,9.678,3.769,119.6,1.537,3.157,0.0,4.5,1.5,0.66
1788372958.621,turning,11.219,3.745,58.0,0,30,122,9.678,3.769,119.8,1.541,3.15,0.0,4.5,1.5,0.66
1788372958.679,turning,11.226,3.756,57.7,0,30,122,9.678,3.769,120.2,1.548,3.138,0.0,4.5,1.5,0.64
1788372958.733,turning,11.23,3.762,57.6,0,30,122,9.678,3.769,120.4,1.552,3.132,0.0,4.5,1.5,0.64
1788372958.79,turning,11.233,3.78,57.5,0,30,122,9.678,3.769,120.5,1.555,3.114,0.0,4.5,1.5,0.63
1788372958.845,turning,11.233,3.791,57.6,0,30,122,9.678,3.769,120.5,1.555,3.103,0.0,4.5,1.5,0.63
1788372958.898,turning,11.237,3.807,57.5,0,30,122,9.678,3.769,120.6,1.559,3.086,0.0,4.5,1.5,0.61
1788372958.958,turning,11.24,3.813,57.4,0,30,122,9.678,3.769,120.9,1.563,3.08,0.0,4.5,1.5,0.61
1788372959.025,turning,11.248,3.824,57.1,0,30,122,9.678,3.769,121.2,1.571,3.068,0.0,4.5,1.5,0.59
1788372959.093,turning,11.251,3.83,57.0,0,30,122,9.678,3.769,121.4,1.575,3.062,0.0,4.5,1.5,0.59
1788372959.154,turning,11.259,3.841,56.8,0,30,123,9.776,3.735,121.8,1.487,3.05,0.0,4.5,1.5,0.62
1788372959.222,turning,11.263,3.847,56.7,0,30,123,9.776,3.735,122.1,1.491,3.044,0.0,4.5,1.5,0.62
1788372959.282,turning,11.27,3.858,56.5,0,30,123,9.776,3.735,122.4,1.5,3.032,0.0,4.5,1.5,0.76
1788372959.345,turning,11.274,3.864,56.4,0,30,123,9.776,3.735,122.7,1.504,3.026,0.0,4.5,1.5,0.76
1788372959.406,turning,11.278,3.87,56.3,0,30,123,9.776,3.735,122.9,1.508,3.02,0.0,4.5,1.5,0.81
1788372959.466,turning,11.285,3.881,56.1,0,30,123,9.776,3.735,123.2,1.517,3.008,0.0,4.5,1.5,0.81
1788372959.524,turning,11.288,3.886,56.1,0,30,123,9.776,3.735,123.4,1.52,3.003,0.0,4.5,1.5,0.8
1788372959.581,turning,11.291,3.895,56.1,0,30,123,9.776,3.735,123.5,1.524,2.994,0.0,4.5,1.5,0.8
1788372959.64,turning,11.294,3.9,56.1,0,30,123,9.776,3.735,123.7,1.527,2.988,0.0,4.5,1.5,0.78
1788372959.696,turning,11.302,3.911,55.9,0,30,123,9.776,3.735,124.0,1.536,2.976,0.0,4.5,1.5,0.78
1788372959.757,turning,11.305,3.917,55.9,0,30,123,9.776,3.735,124.3,1.541,2.97,0.0,4.5,1.5,0.76
1788372959.816,turning,11.313,3.928,55.7,0,30,123,9.776,3.735,124.6,1.55,2.959,0.0,4.5,1.5,0.76
1788372959.878,turning,11.317,3.934,55.7,0,30,123,9.776,3.735,124.8,1.554,2.953,0.0,4.5,1.5,0.74
1788372959.938,turning,11.325,3.945,55.5,0,30,123,9.776,3.735,125.1,1.563,2.941,0.0,4.5,1.5,0.74
1788372960.002,turning,11.328,3.95,55.5,0,30,123,9.776,3.735,125.4,1.568,2.935,0.0,4.5,1.5,0.72
1788372960.058,turning,11.329,3.952,58.1,0,30,123,9.776,3.735,122.9,1.569,2.933,0.0,4.5,1.5,0.72
1788372960.115,turning,11.329,3.952,59.6,0,30,123,9.776,3.735,121.6,1.569,2.933,0.0,4.5,1.5,0.71
1788372960.171,turning,11.329,3.952,62.7,0,12,126,10.825,3.764,119.7,0.538,2.933,0.0,4.5,0.6,0.71
1788372960.226,turning,11.329,3.946,64.1,1,31,126,9.876,3.738,118.4,1.469,2.939,0.0,4.5,1.5,0.71
1788372960.283,turning,11.328,3.932,66.7,1,31,126,9.876,3.738,116.0,1.466,2.953,0.0,4.5,1.5,0.71
1788372960.339,turning,11.328,3.932,67.9,1,31,126,9.876,3.738,114.9,1.466,2.953,0.0,4.5,1.5,0.57
1788372960.401,turning,11.328,3.932,68.8,1,31,126,9.876,3.738,114.0,1.466,2.953,0.0,4.5,1.5,0.57
1788372960.46,turning,11.328,3.932,70.7,1,13,126,10.775,3.763,113.0,0.579,2.953,0.0,4.5,0.6,0.48
1788372960.519,turning,11.328,3.932,71.7,1,13,126,10.775,3.763,112.9,0.579,2.953,0.0,4.5,0.6,0.48
1788372960.584,turning,11.328,3.932,73.5,1,13,126,10.775,3.763,111.8,0.579,2.953,0.0,4.5,0.6,0.47
1788372960.657,turning,11.328,3.932,74.5,1,13,126,10.775,3.763,111.6,0.579,2.953,0.0,4.5,0.6,0.47
1788372960.727,turning,11.324,3.911,74.4,1,13,126,10.775,3.763,112.1,0.569,2.974,0.0,4.5,0.6,0.48
1788372960.793,turning,11.321,3.898,74.2,1,13,126,10.775,3.763,112.8,0.563,2.988,0.0,4.5,0.6,0.48
1788372960.859,turning,11.316,3.877,74.1,2,14,126,10.725,3.761,113.2,0.602,3.009,0.0,4.5,0.6,0.5
1788372960.921,turning,11.314,3.869,74.1,2,14,126,10.725,3.761,113.4,0.598,3.018,0.0,4.5,0.6,0.5
1788372960.987,turning,11.311,3.862,73.8,2,14,126,10.725,3.761,113.8,0.594,3.025,0.0,4.5,0.6,0.52
1788372961.045,turning,11.31,3.862,73.6,2,14,126,10.725,3.761,114.1,0.593,3.025,0.0,4.5,0.6,0.52
1788372961.105,turning,11.306,3.851,73.4,2,14,126,10.725,3.761,114.4,0.587,3.036,0.0,4.5,0.6,0.54
1788372961.158,turning,11.303,3.843,73.4,3,15,126,10.675,3.76,114.4,0.633,3.044,0.0,4.5,0.6,0.54
1788372961.218,turning,11.298,3.827,73.4,0,30,124,9.826,3.705,114.3,1.478,3.061,0.0,4.5,1.5,0.56
1788372961.286,turning,11.296,3.818,73.4,1,31,124,9.776,3.707,114.2,1.524,3.069,0.0,4.5,1.5,0.56
1788372961.349,turning,11.291,3.802,73.4,1,31,124,9.776,3.707,114.1,1.518,3.086,0.0,4.5,1.5,0.58
1788372961.411,turning,11.289,3.794,73.4,1,31,124,9.776,3.707,114.0,1.515,3.094,0.0,4.5,1.5,0.58
1788372961.47,turning,11.286,3.786,73.4,1,31,124,9.776,3.707,113.9,1.512,3.103,0.0,4.5,1.5,0.61
1788372961.526,turning,11.281,3.77,73.4,1,31,124,9.776,3.707,113.8,1.507,3.119,0.0,4.5,1.5,0.61
1788372961.588,turning,11.279,3.761,73.4,1,31,124,9.776,3.707,113.6,1.504,3.128,0.0,4.5,1.5,0.63
1788372961.64,turning,11.274,3.745,73.4,2,32,124,9.726,3.71,113.5,1.549,3.144,0.0,4.5,1.5,0.63
1788372961.695,turning,11.263,3.736,73.6,2,32,124,9.726,3.71,113.1,1.537,3.155,0.0,4.5,1.5,0.65
1788372961.749,turning,11.227,3.716,74.4,3,33,124,9.676,3.712,112.2,1.551,3.179,0.0,4.5,1.5,0.65
1788372961.802,turning,11.219,3.707,74.5,3,33,124,9.676,3.712,111.9,1.543,3.188,0.0,4.5,1.5,0.67
1788372961.855,turning,11.215,3.69,74.5,3,33,124,9.676,3.712,111.7,1.539,3.205,0.0,4.5,1.5,0.67
1788372961.909,turning,11.212,3.682,74.5,3,33,124,9.676,3.712,111.5,1.537,3.213,0.0,4.5,1.5,0.7
1788372961.963,turning,11.208,3.666,74.5,4,34,124,9.626,3.715,111.3,1.583,3.23,0.0,4.5,1.5,0.7
1788372962.016,turning,11.205,3.658,74.5,4,34,124,9.626,3.715,111.1,1.581,3.239,0.0,4.5,1.5,0.72
1788372962.071,turning,11.201,3.642,74.5,4,34,124,9.626,3.715,110.9,1.577,3.255,0.0,4.5,1.5,0.72
1788372962.124,turning,11.2,3.636,74.5,4,34,124,9.626,3.715,110.7,1.576,3.261,0.0,4.5,1.5,0.74
1788372962.181,turning,11.198,3.629,74.3,4,34,124,9.626,3.715,110.8,1.574,3.267,0.0,4.5,1.5,0.74
1788372962.236,turning,11.197,3.637,73.7,0,30,119,9.675,3.725,111.1,1.525,3.26,0.0,4.5,1.5,0.75
1788372962.298,turning,11.195,3.657,72.5,0,30,119,9.675,3.725,112.1,1.521,3.24,0.0,4.5,1.5,0.75
1788372962.359,turning,11.196,3.662,72.4,0,30,119,9.675,3.725,112.1,1.522,3.235,0.0,4.5,1.5,0.75
1788372962.414,turning,11.196,3.663,72.2,0,30,119,9.675,3.725,112.1,1.522,3.234,0.0,4.5,1.5,0.75
1788372962.468,turning,11.196,3.663,71.6,0,30,119,9.675,3.725,112.6,1.522,3.234,0.0,4.5,1.5,0.74
1788372962.518,turning,11.196,3.663,71.3,0,30,119,9.675,3.725,112.7,1.522,3.234,0.0,4.5,1.5,0.74
1788372962.572,turning,11.196,3.663,70.7,0,30,119,9.675,3.725,113.1,1.522,3.234,0.0,4.5,1.5,0.74
1788372962.622,turning,11.196,3.663,70.5,0,30,119,9.675,3.725,113.2,1.522,3.234,0.0,4.5,1.5,0.74
1788372962.677,turning,11.196,3.663,70.0,0,30,119,9.675,3.725,113.5,1.522,3.234,0.0,4.5,1.5,0.74
1788372962.727,turning,11.196,3.663,69.8,0,30,119,9.675,3.725,113.6,1.522,3.234,0.0,4.5,1.5,0.74
1788372962.779,turning,11.197,3.665,69.3,0,30,119,9.675,3.725,113.9,1.523,3.232,0.0,4.5,1.5,0.74
1788372962.831,turning,11.198,3.669,69.1,0,30,119,9.675,3.725,114.0,1.524,3.228,0.0,4.5,1.5,0.74
1788372962.886,turning,11.201,3.674,68.7,0,30,119,9.675,3.725,114.3,1.526,3.222,0.0,4.5,1.5,0.73
1788372962.942,turning,11.201,3.674,68.4,0,30,119,9.675,3.725,114.4,1.526,3.222,0.0,4.5,1.5,0.73
1788372963.004,turning,11.201,3.674,67.9,0,30,119,9.675,3.725,114.9,1.526,3.222,0.0,4.5,1.5,0.73
1788372963.064,turning,11.201,3.674,67.6,0,30,119,9.675,3.725,115.0,1.526,3.222,0.0,4.5,1.5,0.73
1788372963.123,turning,11.201,3.674,67.1,0,30,119,9.675,3.725,115.4,1.526,3.222,0.0,4.5,1.5,0.73
1788372963.178,turning,11.201,3.674,66.9,0,30,119,9.675,3.725,115.5,1.526,3.222,0.0,4.5,1.5,0.73
1788372963.233,turning,11.202,3.677,66.5,0,30,122,9.726,3.717,115.9,1.477,3.22,0.0,4.5,1.5,0.73
1788372963.287,turning,11.203,3.681,66.2,0,30,122,9.726,3.717,116.0,1.478,3.216,0.0,4.5,1.5,0.73
1788372963.342,turning,11.205,3.686,66.0,0,30,122,9.726,3.717,116.1,1.48,3.211,0.0,4.5,1.5,0.72
1788372963.398,turning,11.206,3.687,65.5,0,30,122,9.726,3.717,116.6,1.481,3.21,0.0,4.5,1.5,0.72
1788372963.45,turning,11.206,3.687,65.2,0,30,122,9.726,3.717,116.8,1.481,3.21,0.0,4.5,1.5,0.71
1788372963.503,turning,11.206,3.687,64.6,0,30,122,9.726,3.717,117.3,1.481,3.21,0.0,4.5,1.5,0.71
1788372963.558,turning,11.206,3.687,64.3,0,30,122,9.726,3.717,117.5,1.481,3.21,0.0,4.5,1.5,0.71
1788372963.61,turning,11.206,3.687,63.8,0,30,122,9.726,3.717,117.9,1.481,3.21,0.0,4.5,1.5,0.71
1788372963.664,turning,11.202,3.688,63.6,0,30,122,9.726,3.717,118.1,1.477,3.209,0.0,4.5,1.5,0.71
1788372963.722,turning,11.19,3.691,63.1,1,31,122,9.676,3.718,118.6,1.514,3.207,0.0,4.5,1.5,0.71
1788372963.781,turning,11.188,3.692,62.8,1,31,122,9.676,3.718,118.7,1.512,3.207,0.0,4.5,1.5,0.71
1788372963.837,turning,11.188,3.692,62.3,1,31,122,9.676,3.718,119.2,1.512,3.207,0.0,4.5,1.5,0.71
1788372963.9,turning,11.188,3.692,62.1,1,31,122,9.676,3.718,119.4,1.512,3.207,0.0,4.5,1.5,0.71
1788372963.958,turning,11.188,3.692,61.6,1,31,122,9.676,3.718,119.8,1.513,3.206,0.0,4.5,1.5,0.71
1788372964.016,turning,11.189,3.694,61.4,1,31,122,9.676,3.718,119.9,1.514,3.204,0.0,4.5,1.5,0.71
1788372964.07,turning,11.194,3.702,61.0,1,31,122,9.676,3.718,120.3,1.518,3.196,0.0,4.5,1.5,0.71
1788372964.125,turning,11.197,3.708,60.7,1,31,122,9.676,3.718,120.5,1.521,3.189,0.0,4.5,1.5,0.7
1788372964.18,turning,11.198,3.71,60.2,1,31,122,9.676,3.718,121.0,1.522,3.188,0.0,4.5,1.5,0.7
1788372964.234,turning,11.198,3.71,60.0,1,31,122,9.676,3.718,121.2,1.522,3.188,0.0,4.5,1.5,0.69
1788372964.294,turning,11.198,3.71,59.7,0,30,121,9.676,3.767,121.3,1.523,3.188,0.0,4.5,1.5,0.69
1788372964.349,turning,11.199,3.712,59.3,0,30,121,9.676,3.767,121.7,1.524,3.186,0.0,4.5,1.5,0.69
1788372964.402,turning,11.201,3.715,59.1,0,30,121,9.676,3.767,121.9,1.526,3.182,0.0,4.5,1.5,0.69
1788372964.457,turning,11.207,3.725,58.7,0,30,121,9.676,3.767,122.2,1.532,3.171,0.0,4.5,1.5,0.68
1788372964.513,turning,11.211,3.731,58.5,0,30,121,9.676,3.767,122.3,1.536,3.165,0.0,4.5,1.5,0.68
1788372964.574,turning,11.217,3.738,58.1,0,30,121,9.676,3.767,122.6,1.542,3.157,0.0,4.5,1.5,0.66
1788372964.629,turning,11.22,3.74,58.0,0,30,121,9.676,3.767,122.7,1.545,3.155,0.0,4.5,1.5,0.66
1788372964.689,turning,11.227,3.748,57.7,0,30,121,9.676,3.767,123.0,1.552,3.146,0.0,4.5,1.5,0.66
1788372964.746,turning,11.231,3.754,57.5,0,30,121,9.676,3.767,123.1,1.555,3.14,0.0,4.5,1.5,0.66
1788372964.798,turning,11.238,3.765,57.2,0,30,121,9.676,3.767,123.4,1.562,3.128,0.0,4.5,1.5,0.76
1788372964.85,turning,11.242,3.771,57.1,0,30,121,9.676,3.767,123.5,1.566,3.122,0.0,4.5,1.5,0.76
1788372964.905,turning,11.249,3.783,56.9,0,30,121,9.676,3.767,123.8,1.574,3.11,0.0,4.5,1.5,0.84
1788372964.957,turning,11.253,3.788,56.8,0,30,121,9.676,3.767,123.9,1.577,3.104,0.0,4.5,1.5,0.84
1788372965.012,turning,11.26,3.8,56.5,0,30,121,9.676,3.767,124.1,1.585,3.091,0.0,4.5,1.5,0.82
1788372965.065,turning,11.264,3.805,56.4,0,30,121,9.676,3.767,124.2,1.589,3.085,0.0,4.5,1.5,0.82
1788372965.118,turning,11.272,3.817,56.3,0,30,121,9.676,3.767,124.4,1.597,3.073,0.0,4.5,1.5,0.8
1788372965.17,turning,11.275,3.822,56.2,0,30,121,9.676,3.767,124.6,1.601,3.067,0.0,4.5,1.5,0.8
1788372965.224,turning,11.279,3.828,56.1,0,30,121,9.676,3.767,124.7,1.605,3.061,0.0,4.5,1.5,0.78
1788372965.285,turning,11.287,3.839,55.9,0,30,123,9.776,3.763,124.9,1.513,3.05,0.0,4.5,1.5,0.78
1788372965.285,turning,11.287,3.839,55.9,0,30,123,9.776,3.763,124.9,1.513,3.05,0.0,4.5,1.5,0.78
1788372965.404,turning,11.298,3.856,55.7,0,30,123,9.776,3.763,125.2,1.525,3.032,0.0,4.5,1.5,0.76
1788372965.46,turning,11.302,3.862,55.5,0,30,123,9.776,3.763,125.5,1.529,3.025,0.0,4.5,1.5,0.74
1788372965.516,turning,11.308,3.876,55.1,0,30,123,9.776,3.763,126.0,1.537,3.011,0.0,4.5,1.5,0.74
1788372965.57,turning,11.312,3.882,55.0,0,30,123,9.776,3.763,126.2,1.541,3.005,0.0,4.5,1.5,0.72
1788372965.626,turning,11.32,3.893,54.9,0,30,123,9.776,3.763,126.4,1.55,2.993,0.0,4.5,1.5,0.72
1788372965.681,turning,11.324,3.898,54.8,0,30,123,9.776,3.763,126.5,1.554,2.987,0.0,4.5,1.5,0.7
1788372965.733,turning,11.328,3.905,56.1,0,30,123,9.776,3.763,125.4,1.559,2.98,0.0,4.5,1.5,0.7
1788372965.785,turning,11.328,3.905,57.6,0,30,123,9.776,3.763,123.9,1.559,2.98,0.0,4.5,1.5,0.69
1788372965.836,turning,11.328,3.905,60.6,0,30,123,9.776,3.763,121.0,1.559,2.98,0.0,4.5,1.5,0.69
1788372965.889,turning,11.328,3.905,62.1,0,30,123,9.776,3.763,119.6,1.559,2.98,0.0,4.5,1.5,0.69
1788372965.943,turning,11.328,3.905,65.1,0,30,123,9.776,3.763,116.7,1.559,2.98,0.0,4.5,1.5,0.69
1788372965.997,turning,11.328,3.905,66.5,0,30,123,9.776,3.763,115.3,1.559,2.98,0.0,4.5,1.5,0.69
1788372966.05,turning,11.328,3.905,68.7,0,30,123,9.776,3.763,113.3,1.559,2.98,0.0,4.5,1.5,0.69
1788372966.106,turning,11.327,3.904,69.8,0,30,123,9.776,3.763,112.2,1.558,2.981,0.0,4.5,1.5,0.6
1788372966.167,turning,11.326,3.903,71.0,0,30,123,9.776,3.763,111.2,1.557,2.982,0.0,4.5,1.5,0.6
1788372966.224,turning,11.324,3.902,73.0,0,12,123,10.675,3.737,109.8,0.67,2.983,0.0,4.5,0.6,0.53
1788372966.282,turning,11.324,3.902,74.0,0,12,123,10.675,3.737,109.6,0.67,2.983,0.0,4.5,0.6,0.53
1788372966.34,turning,11.31,3.905,76.2,0,12,125,10.775,3.734,108.2,0.561,2.982,0.0,4.5,0.6,0.52
1788372966.396,turning,11.295,3.907,77.5,1,13,125,10.725,3.735,107.7,0.596,2.981,0.0,4.5,0.6,0.52
1788372966.45,turning,11.283,3.909,79.6,1,13,125,10.725,3.735,106.3,0.584,2.98,0.0,4.5,0.6,0.52
1788372966.501,turning,11.283,3.909,80.6,1,13,125,10.725,3.735,106.0,0.584,2.98,0.0,4.5,0.6,0.52
1788372966.557,turning,11.278,3.894,80.7,1,13,125,10.725,3.735,106.4,0.576,2.996,0.0,4.5,0.6,0.52
1788372966.609,turning,11.275,3.885,80.6,1,13,125,10.725,3.735,107.0,0.57,3.005,0.0,4.5,0.6,0.52
1788372966.664,turning,11.271,3.868,80.5,1,13,125,10.725,3.735,107.5,0.562,3.022,0.0,4.5,0.6,0.54
1788372966.716,turning,11.27,3.859,80.5,2,14,125,10.675,3.737,107.7,0.607,3.031,0.0,4.5,0.6,0.54
1788372966.772,turning,11.267,3.843,80.5,2,32,125,9.776,3.763,107.6,1.493,3.048,0.0,4.5,1.5,0.56
1788372966.824,turning,11.265,3.834,80.5,2,32,125,9.776,3.763,107.4,1.492,3.056,0.0,4.5,1.5,0.56
1788372966.886,turning,11.263,3.819,80.3,2,32,125,9.776,3.763,107.6,1.489,3.072,0.0,4.5,1.5,0.58
1788372966.947,turning,11.262,3.812,80.1,2,32,125,9.776,3.763,107.6,1.487,3.079,0.0,4.5,1.5,0.58
1788372967.009,turning,11.259,3.795,79.9,3,33,125,9.726,3.765,107.6,1.533,3.096,0.0,4.5,1.5,0.6
1788372967.065,turning,11.257,3.787,79.9,3,33,125,9.726,3.765,107.4,1.532,3.104,0.0,4.5,1.5,0.6
1788372967.118,turning,11.256,3.779,79.9,3,33,125,9.726,3.765,107.2,1.53,3.113,0.0,4.5,1.5,0.63
1788372967.171,turning,11.253,3.762,79.9,3,33,125,9.726,3.765,107.1,1.527,3.13,0.0,4.5,1.5,0.63
1788372967.224,turning,11.251,3.754,79.9,3,33,125,9.726,3.765,106.9,1.526,3.138,0.0,4.5,1.5,0.65
1788372967.279,turning,11.248,3.737,79.9,3,33,125,9.726,3.765,106.7,1.523,3.155,0.0,4.5,1.5,0.65
1788372967.336,turning,11.247,3.729,79.9,0,30,121,9.726,3.766,106.5,1.522,3.164,0.0,4.5,1.5,0.67
1788372967.391,turning,11.244,3.712,79.9,0,30,121,9.726,3.766,106.3,1.519,3.181,0.0,4.5,1.5,0.67
1788372967.444,turning,11.246,3.703,80.1,0,30,121,9.726,3.766,105.9,1.522,3.189,0.0,4.5,1.5,0.69
1788372967.497,turning,11.254,3.683,80.8,0,30,121,9.726,3.766,105.0,1.531,3.208,0.0,4.5,1.5,0.69
1788372967.549,turning,11.254,3.675,80.9,0,30,121,9.726,3.766,104.7,1.532,3.217,0.0,4.5,1.5,0.72
1788372967.605,turning,11.252,3.658,80.9,0,30,121,9.726,3.766,104.4,1.53,3.233,0.0,4.5,1.5,0.72
1788372967.667,turning,11.25,3.649,80.9,0,30,121,9.726,3.766,104.2,1.529,3.242,0.0,4.5,1.5,0.74
1788372967.726,turning,11.248,3.633,80.9,0,30,121,9.726,3.766,104.0,1.528,3.259,0.0,4.5,1.5,0.74
1788372967.784,turning,11.246,3.624,80.9,0,30,121,9.726,3.766,103.7,1.527,3.267,0.0,4.5,1.5,0.76
1788372967.84,turning,11.244,3.607,80.9,0,30,121,9.726,3.766,103.4,1.526,3.284,0.0,4.5,1.5,0.76
1788372967.895,turning,11.242,3.599,80.9,0,30,121,9.726,3.766,103.2,1.526,3.293,0.0,4.5,1.5,0.79
1788372967.946,turning,11.24,3.585,80.9,0,30,121,9.726,3.766,102.9,1.525,3.307,0.0,4.5,1.5,0.79
1788372968.0,turning,11.237,3.58,80.9,0,30,121,9.726,3.766,102.7,1.523,3.312,0.0,4.5,1.5,0.81
1788372968.053,turning,11.235,3.578,80.8,0,30,121,9.726,3.766,102.4,1.521,3.315,0.0,4.5,1.5,0.81
1788372968.109,turning,11.233,3.578,80.8,0,30,121,9.726,3.766,102.2,1.519,3.315,0.0,4.5,1.5,0.82
1788372968.165,turning,11.233,3.58,80.8,0,30,121,9.726,3.766,101.9,1.519,3.313,0.0,4.5,1.5,0.82
1788372968.219,turning,11.235,3.59,80.8,0,30,121,9.726,3.766,101.7,1.519,3.303,0.0,4.5,1.5,0.81
1788372968.273,turning,11.236,3.596,80.8,0,30,121,9.726,3.766,101.5,1.52,3.296,0.0,4.5,1.5,0.81
1788372968.329,turning,11.238,3.61,80.8,0,30,121,9.726,3.766,101.3,1.52,3.283,0.0,4.5,1.5,0.79
1788372968.385,turning,11.239,3.616,80.8,0,30,66,11.425,5.125,98.8,1.52,3.276,0.0,4.5,1.5,0.79
1788372968.448,turning,11.241,3.63,80.8,0,30,66,11.425,5.125,96.5,1.506,3.262,0.0,4.5,1.5,0.77
1788372968.513,turning,11.242,3.637,80.8,0,30,66,11.425,5.125,94.1,1.5,3.256,0.0,4.5,1.5,0.77
1788372968.572,turning,11.248,3.638,80.9,0,30,66,11.425,5.125,91.8,1.497,3.253,0.0,4.5,1.5,0.76
1788372968.628,turning,11.251,3.636,80.9,0,30,66,11.425,5.125,89.6,1.499,3.255,0.0,4.5,1.5,0.76
1788372968.683,turning,11.255,3.642,80.8,1,31,66,11.425,5.175,87.6,1.542,3.248,0.0,4.5,1.5,0.74
1788372968.736,turning,11.256,3.649,80.6,1,31,66,11.425,5.175,85.6,1.535,3.242,0.0,4.5,1.5,0.74
1788372968.79,turning,11.258,3.658,80.2,1,31,66,11.425,5.175,84.0,1.527,3.233,0.0,4.5,1.5,0.72
1788372968.841,turning,11.258,3.658,79.9,1,31,66,11.425,5.175,82.3,1.527,3.233,0.0,4.5,1.5,0.72
1788372968.896,turning,11.258,3.658,79.2,1,31,66,11.425,5.175,81.0,1.527,3.233,0.0,4.5,1.5,0.71
1788372968.948,turning,11.258,3.658,78.9,1,31,66,11.425,5.175,79.5,1.527,3.233,0.0,4.5,1.5,0.71
1788372969.001,turning,11.258,3.658,78.5,1,31,66,11.425,5.175,78.0,1.527,3.233,0.0,4.5,1.5,0.71
1788372969.054,turning,11.258,3.658,77.9,1,31,66,11.425,5.175,76.8,1.527,3.233,0.0,4.5,1.5,0.71
1788372969.112,turning,11.258,3.658,77.6,1,31,66,11.425,5.175,75.4,1.527,3.233,0.0,4.5,1.5,0.71
1788372969.171,turning,11.258,3.658,77.1,1,31,66,11.425,5.175,74.2,1.527,3.233,0.0,4.5,1.5,0.71
1788372969.232,turning,11.259,3.665,76.5,1,31,66,11.425,5.175,73.2,1.519,3.225,0.0,4.5,1.5,0.71
1788372969.293,turning,11.258,3.692,74.7,1,31,66,11.425,5.175,73.3,1.493,3.199,0.0,4.5,1.5,0.71
1788372969.355,turning,11.258,3.696,74.2,2,32,66,11.425,5.225,72.2,1.538,3.195,0.0,4.5,1.5,0.71
1788372969.415,turning,11.258,3.696,72.9,0,30,65,11.425,5.175,72.0,1.488,3.195,0.0,4.5,1.5,0.71
1788372969.47,turning,11.258,3.696,72.1,0,30,65,11.425,5.175,71.2,1.488,3.195,0.0,4.5,1.5,0.71
1788372969.521,turning,11.258,3.696,71.4,0,30,65,11.425,5.175,70.5,1.488,3.195,0.0,4.5,1.5,0.71
1788372969.572,turning,11.258,3.696,71.4,0,30,65,11.425,5.175,69.1,1.488,3.195,0.0,4.5,1.5,0.71
1788372969.622,turning,11.258,3.696,71.4,0,30,65,11.425,5.175,67.7,1.488,3.195,0.0,4.5,1.5,0.71
1788372969.673,turning,11.258,3.696,71.4,0,30,65,11.425,5.175,66.3,1.488,3.195,0.0,4.5,1.5,0.71
1788372969.723,turning,11.258,3.696,71.4,0,30,65,11.425,5.175,65.0,1.488,3.195,0.0,4.5,1.5,0.71
1788372969.776,turning,11.258,3.696,71.4,0,30,65,11.425,5.175,63.6,1.488,3.195,0.0,4.5,1.5,0.71
1788372969.826,turning,11.258,3.696,71.4,0,30,65,11.425,5.175,62.4,1.488,3.195,0.0,4.5,1.5,0.71
1788372969.878,turning,11.257,3.696,71.9,0,30,65,11.425,5.175,60.6,1.489,3.195,0.0,4.5,1.5,0.71
1788372969.93,turning,11.255,3.695,72.4,0,30,65,11.425,5.175,58.9,1.49,3.196,0.0,4.5,1.5,0.71
1788372969.989,turning,11.252,3.694,72.9,0,30,65,11.425,5.175,57.2,1.491,3.197,0.0,4.5,1.5,0.71
1788372970.043,turning,11.252,3.694,72.9,0,30,65,11.425,5.175,56.0,1.491,3.197,0.0,4.5,1.5,0.71
1788372970.105,turning,11.252,3.694,75.4,0,30,65,11.425,5.175,52.4,1.491,3.197,0.0,4.5,1.5,0.71
1788372970.17,turning,11.252,3.694,78.7,0,30,65,11.425,5.175,48.0,1.491,3.197,0.0,4.5,1.5,0.71
1788372970.223,turning,11.252,3.694,85.2,0,30,65,11.425,5.175,40.4,1.491,3.197,0.0,4.416,1.5,0.71
1788372970.279,turning,11.252,3.694,88.5,0,30,65,11.425,5.175,36.1,1.491,3.197,0.0,4.245,1.5,0.71
1788372970.338,turning,11.252,3.694,94.7,0,30,65,11.425,5.175,28.9,1.491,3.197,0.0,3.92,1.5,0.71
1788372970.39,turning,11.252,3.694,97.7,0,30,65,11.425,5.175,24.9,1.491,3.197,0.0,3.764,1.5,0.71
1788372970.446,turning,11.252,3.694,102.8,0,30,123,9.776,3.716,21.2,1.476,3.197,0.0,3.497,1.5,0.72
1788372970.499,turning,11.252,3.694,105.2,0,30,123,9.776,3.716,20.1,1.476,3.197,0.0,3.371,1.5,0.72
1788372970.552,turning,11.252,3.694,109.4,0,30,123,9.776,3.716,17.3,1.476,3.197,0.0,3.153,1.5,0.72
1788372970.605,turning,11.252,3.694,111.3,0,30,123,9.776,3.716,16.7,1.476,3.197,0.0,3.051,1.5,0.72
1788372970.657,turning,11.245,3.696,114.9,1,31,123,9.726,3.717,14.4,1.519,3.196,0.0,2.866,1.5,0.73
1788372970.712,turning,11.24,3.698,116.5,1,31,123,9.726,3.717,13.9,1.514,3.195,0.0,2.778,1.5,0.73
1788372970.769,turning,11.237,3.697,119.0,1,31,123,9.726,3.717,12.6,1.512,3.196,0.0,2.647,1.5,0.73
1788372970.826,turning,11.238,3.695,120.1,1,31,123,9.726,3.717,12.7,1.512,3.198,0.0,2.591,1.5,0.73
1788372970.889,turning,11.237,3.693,121.0,1,31,123,9.726,3.717,13.0,1.512,3.2,0.0,2.545,1.5,0.73
1788372970.948,turning,11.234,3.685,122.4,1,31,123,9.726,3.717,12.7,1.508,3.208,0.0,2.47,1.5,0.73
1788372971.004,turning,11.234,3.688,123.2,1,31,123,9.726,3.717,13.0,1.509,3.205,0.0,2.43,1.5,0.73
1788372971.057,turning,11.239,3.706,124.6,1,31,123,9.726,3.717,12.6,1.513,3.187,0.0,2.4,1.5,0.73
1788372971.109,turning,11.238,3.709,125.6,1,31,123,9.726,3.717,12.7,1.512,3.184,0.0,2.4,1.5,0.74
1788372971.162,turning,11.229,3.706,127.8,1,31,123,9.726,3.717,11.5,1.504,3.188,0.0,2.4,1.5,0.74
1788372971.215,turning,11.228,3.706,128.7,1,31,123,9.726,3.717,11.6,1.502,3.188,0.0,2.4,1.5,0.74
1788372971.268,turning,11.228,3.706,130.3,1,31,123,9.726,3.717,10.9,1.502,3.188,0.0,2.4,1.5,0.74
1788372971.322,turning,11.224,3.712,131.4,1,31,123,9.726,3.717,10.9,1.498,3.183,0.0,2.4,1.5,0.74
1788372971.377,turning,11.212,3.729,133.6,1,31,123,9.726,3.717,9.6,1.487,3.167,0.0,2.4,1.5,0.74
1788372971.431,turning,11.211,3.731,134.4,1,31,123,9.726,3.717,9.7,1.485,3.165,0.0,2.4,1.5,0.74
1788372971.486,turning,11.211,3.731,136.1,1,31,123,9.726,3.717,8.9,1.485,3.165,0.0,2.4,1.5,0.74
1788372971.544,turning,11.211,3.731,136.9,1,31,123,9.726,3.717,9.0,1.485,3.165,0.0,2.4,1.5,0.75
1788372971.603,turning,11.211,3.731,138.5,1,31,123,9.726,3.717,8.2,1.485,3.165,0.0,2.4,1.5,0.75
1788372971.662,turning,11.211,3.729,139.1,1,31,123,9.726,3.717,8.4,1.485,3.167,0.0,2.4,1.5,0.75
1788372971.72,turning,11.21,3.723,140.3,1,31,123,9.726,3.717,8.1,1.484,3.173,0.0,2.4,1.5,0.75
1788372971.774,turning,11.21,3.723,141.1,1,31,123,9.726,3.717,8.1,1.484,3.173,0.0,2.4,1.5,0.75
1788372971.826,turning,11.21,3.723,141.9,1,31,123,9.726,3.717,8.0,1.484,3.173,0.0,2.4,1.5,0.75
1788372971.881,turning,11.21,3.723,143.5,1,31,123,9.726,3.717,7.2,1.484,3.173,0.0,2.4,1.5,0.76
1788372971.932,turning,11.21,3.723,144.3,1,31,123,9.726,3.717,7.1,1.484,3.173,0.0,2.4,1.5,0.76
1788372971.988,turning,11.211,3.724,145.6,1,31,123,9.726,3.717,6.5,1.485,3.172,0.0,2.4,1.5,0.77
1788372972.043,turning,11.211,3.725,146.1,1,31,123,9.726,3.717,6.7,1.486,3.171,0.0,2.4,1.5,0.77
1788372972.096,turning,11.211,3.726,147.5,1,31,123,9.726,3.717,6.0,1.486,3.17,0.0,2.4,1.5,0.78
1788372972.149,turning,11.211,3.726,148.3,1,31,123,9.726,3.717,5.9,1.486,3.17,0.0,2.4,1.5,0.78
1788372972.203,turning,11.211,3.726,149.9,1,31,123,9.726,3.717,4.9,1.486,3.17,0.0,2.4,1.5,0.8
1788372972.255,turning,11.211,3.726,150.7,1,31,123,9.726,3.717,4.7,1.486,3.17,0.0,2.4,1.5,0.8
1788372972.318,turning,11.212,3.721,152.3,1,31,123,9.726,3.717,3.8,1.486,3.174,0.0,2.4,1.5,0.81
1788372972.382,turning,11.212,3.718,153.0,1,31,123,9.726,3.717,3.7,1.487,3.178,0.0,2.4,1.5,0.81
1788372972.447,turning,11.213,3.715,154.6,1,31,123,9.726,3.717,2.7,1.487,3.18,0.0,2.4,1.5,0.83
1788372972.505,turning,11.213,3.715,155.4,1,31,123,9.726,3.717,2.4,1.487,3.18,0.0,2.4,1.5,0.83
1788372972.563,turning,11.213,3.715,157.0,1,31,123,9.726,3.717,1.3,1.487,3.18,0.0,2.4,1.5,0.85
1788372972.614,turning,11.213,3.715,157.8,1,31,123,9.726,3.717,1.0,1.487,3.18,0.0,2.4,1.5,0.85
1788372972.668,turning,11.196,3.703,159.2,2,32,123,9.676,3.718,0.1,1.52,3.194,0.0,2.4,1.5,0.88
1788372972.719,turning,11.184,3.695,159.9,2,32,123,9.676,3.718,-0.0,1.508,3.204,0.0,2.4,1.5,0.88
1788372972.773,turning,11.177,3.69,160.6,2,32,123,9.676,3.718,-0.3,1.502,3.209,0.0,2.4,1.5,0.9
1788372972.826,turning,11.177,3.69,162.2,2,32,123,9.676,3.718,-1.5,1.502,3.209,0.0,2.4,1.5,0.9
1788372972.879,turning,11.177,3.69,163.1,2,32,123,9.676,3.718,-1.8,1.502,3.209,0.0,2.4,1.5,0.93
1788372972.931,driving,11.177,3.69,164.7,2,32,123,9.676,3.718,-3.0,1.502,3.209,0.275,0.0,1.5,0.93
1788372972.987,driving,11.18,3.686,165.6,2,32,123,9.676,3.718,-3.5,1.505,3.213,0.278,0.0,1.5,0.96
1788372973.044,driving,11.186,3.674,166.1,2,32,123,9.676,3.718,-3.6,1.511,3.225,0.278,0.0,1.5,0.96
1788372973.106,driving,11.183,3.673,166.1,2,32,123,9.676,3.718,-3.3,1.508,3.226,0.279,0.0,1.5,0.97
1788372973.165,driving,11.171,3.676,166.1,2,32,123,9.676,3.718,-2.9,1.496,3.225,0.279,0.0,1.5,0.97
1788372973.223,driving,11.162,3.678,166.1,2,32,123,9.676,3.718,-2.5,1.487,3.224,0.278,0.0,1.5,0.97
1788372973.286,driving,11.144,3.682,166.1,3,33,123,9.626,3.72,-2.1,1.518,3.222,0.278,0.0,1.5,0.97
1788372973.343,driving,11.137,3.682,165.9,3,33,123,9.626,3.72,-1.5,1.512,3.223,0.277,0.0,1.5,0.96
1788372973.398,driving,11.123,3.68,165.3,3,33,123,9.626,3.72,-0.6,1.498,3.227,0.277,0.0,1.5,0.96
1788372973.451,driving,11.115,3.681,165.2,3,33,123,9.626,3.72,-0.2,1.489,3.227,0.277,0.0,1.5,0.95
1788372973.505,driving,11.096,3.686,165.2,4,34,123,9.576,3.721,0.2,1.521,3.225,0.277,0.0,1.5,0.95
1788372973.559,driving,11.087,3.689,165.2,4,34,123,9.576,3.721,0.5,1.512,3.224,0.276,0.0,1.5,0.94
1788372973.613,driving,11.069,3.693,165.2,4,34,123,9.576,3.721,0.8,1.494,3.222,0.276,0.0,1.5,0.94
1788372973.664,driving,11.06,3.696,165.2,4,34,123,9.576,3.721,1.1,1.485,3.221,0.275,0.0,1.5,0.93
1788372973.715,driving,11.051,3.698,165.2,4,34,123,9.576,3.721,1.5,1.476,3.22,0.275,0.0,1.5,0.93
1788372973.771,driving,11.033,3.703,165.2,5,35,123,9.526,3.722,1.8,1.507,3.218,0.274,0.0,1.5,0.93
1788372973.825,driving,11.024,3.705,165.2,5,35,123,9.526,3.722,2.1,1.498,3.217,0.274,0.0,1.5,0.93
1788372973.886,driving,11.006,3.71,165.2,5,35,123,9.526,3.722,2.4,1.48,3.216,0.273,0.0,1.5,0.92
1788372973.945,driving,10.997,3.712,165.2,6,36,123,9.476,3.724,2.7,1.521,3.215,0.273,0.0,1.5,0.92
1788372974.011,driving,10.981,3.714,165.5,6,36,123,9.476,3.724,2.7,1.505,3.217,0.273,0.0,1.5,0.91
1788372974.068,driving,10.973,3.713,165.7,6,36,123,9.476,3.724,2.8,1.497,3.219,0.273,0.0,1.5,0.91
1788372974.122,driving,10.956,3.715,165.9,6,36,123,9.476,3.724,2.9,1.48,3.22,0.272,0.0,1.5,0.9
1788372974.175,driving,10.947,3.717,165.9,7,37,123,9.425,3.725,3.1,1.522,3.22,0.272,0.0,1.5,0.9
1788372974.226,driving,10.929,3.721,165.9,7,37,123,9.425,3.725,3.4,1.504,3.219,0.271,0.0,1.5,0.89
1788372974.278,driving,10.92,3.724,165.9,7,37,123,9.425,3.725,3.7,1.495,3.219,0.271,0.0,1.5,0.89
1788372974.333,driving,10.902,3.728,165.9,7,37,123,9.425,3.725,3.9,1.477,3.218,0.27,0.0,1.5,0.89
1788372974.389,driving,10.893,3.73,165.9,0,12,70,11.425,4.025,-4.6,0.608,3.218,0.27,0.0,0.6,0.89
1788372974.443,driving,10.855,3.734,165.9,0,12,70,11.425,4.025,-12.7,0.64,3.222,0.27,0.0,0.6,0.88
1788372974.499,turning,10.831,3.736,165.8,0,12,70,11.425,4.025,-20.4,0.661,3.226,0.0,-2.4,0.6,0.88
1788372974.551,turning,10.811,3.738,165.2,0,12,70,11.425,4.025,-27.0,0.678,3.229,0.0,-2.4,0.6,0.87
1788372974.606,turning,10.811,3.738,164.3,0,12,70,11.425,4.025,-33.0,0.678,3.229,0.0,-2.4,0.6,0.87
1788372974.666,turning,10.811,3.738,163.5,0,12,70,11.425,4.025,-38.6,0.678,3.229,0.0,-2.4,0.6,0.85
1788372974.726,turning,10.811,3.738,161.7,0,12,70,11.425,4.025,-42.9,0.678,3.229,0.0,-2.4,0.6,0.85
1788372974.788,turning,10.811,3.738,160.9,0,12,70,11.425,4.025,-47.8,0.678,3.229,0.0,-2.4,0.6,0.83
1788372974.844,turning,10.811,3.738,159.2,0,12,70,11.425,4.025,-51.4,0.678,3.229,0.0,-2.4,0.6,0.83
1788372974.897,turning,10.812,3.735,158.4,0,12,70,11.425,4.025,-55.6,0.678,3.231,0.0,-2.4,0.6,0.81
1788372974.949,turning,10.813,3.727,156.9,0,12,70,11.425,4.025,-58.7,0.68,3.239,0.0,-2.4,0.6,0.81
1788372975.002,turning,10.813,3.726,156.1,0,12,70,11.425,4.025,-62.3,0.681,3.24,0.0,-2.4,0.6,0.79
1788372975.055,turning,10.813,3.726,154.3,0,12,70,11.425,4.025,-64.7,0.681,3.24,0.0,-2.4,0.6,0.79
1788372975.106,turning,10.813,3.726,153.5,0,12,70,11.425,4.025,-67.7,0.681,3.24,0.0,-2.4,0.6,0.77
1788372975.16,turning,10.813,3.726,151.8,0,12,70,11.425,4.025,-69.6,0.681,3.24,0.0,-2.4,0.6,0.77
1788372975.212,turning,10.813,3.726,150.9,0,12,70,11.425,4.025,-72.1,0.681,3.24,0.0,-2.4,0.6,0.75
1788372975.264,driving,10.813,3.726,149.2,0,12,70,11.425,4.025,-73.6,0.681,3.24,0.258,0.0,0.6,0.75
1788372975.323,turning,10.812,3.725,148.8,0,12,70,11.425,4.025,-76.2,0.683,3.241,0.0,-3.989,0.6,0.74
1788372975.38,turning,10.804,3.723,147.6,0,12,70,11.425,4.025,-77.9,0.69,3.245,0.0,-3.929,0.6,0.74
1788372975.441,turning,10.804,3.723,144.9,0,30,115,9.34,3.81,-72.5,1.467,3.245,0.0,-3.785,1.5,0.73
1788372975.504,turning,10.804,3.723,139.6,0,30,115,9.34,3.81,-64.6,1.467,3.245,0.0,-3.506,1.5,0.73
1788372975.567,turning,10.804,3.723,137.0,0,30,115,9.34,3.81,-59.5,1.467,3.245,0.0,-3.372,1.5,0.7
1788372975.621,turning,10.804,3.723,134.8,0,30,115,9.34,3.81,-54.8,1.467,3.245,0.0,-3.254,1.5,0.7
1788372975.674,turning,10.802,3.722,130.9,0,30,115,9.34,3.81,-48.6,1.465,3.246,0.0,-3.053,1.5,0.69
1788372975.726,turning,10.8,3.721,129.3,0,30,115,9.34,3.81,-44.6,1.464,3.248,0.0,-2.966,1.5,0.69
1788372975.779,turning,10.799,3.72,126.3,1,31,115,9.304,3.846,-39.4,1.5,3.249,0.0,-2.809,1.5,0.69
1788372975.831,turning,10.799,3.72,124.7,1,31,115,9.304,3.846,-35.6,1.5,3.249,0.0,-2.728,1.5,0.69
1788372975.883,turning,10.804,3.716,120.9,0,30,115,9.34,3.81,-29.7,1.467,3.252,0.0,-2.529,1.5,0.69
1788372975.936,turning,10.804,3.711,118.7,0,30,115,9.34,3.81,-25.3,1.468,3.256,0.0,-2.411,1.5,0.69
1788372975.992,turning,10.805,3.707,115.9,0,30,115,9.34,3.81,-20.6,1.469,3.26,0.0,-2.4,1.5,0.69
1788372976.045,turning,10.807,3.707,115.1,0,30,115,9.34,3.81,-17.7,1.471,3.26,0.0,-2.4,1.5,0.69
1788372976.099,turning,10.801,3.704,113.7,0,30,115,9.34,3.81,-14.4,1.466,3.264,0.0,-2.4,1.5,0.69
1788372976.159,turning,10.796,3.702,113.0,1,31,115,9.304,3.846,-11.9,1.499,3.268,0.0,-2.4,1.5,0.69
1788372976.22,turning,10.792,3.7,111.4,1,31,115,9.304,3.846,-8.5,1.495,3.27,0.0,-2.4,1.5,0.69
1788372976.281,turning,10.792,3.7,110.6,1,31,115,9.304,3.846,-5.8,1.495,3.27,0.0,-2.4,1.5,0.69
1788372976.346,turning,10.791,3.699,108.8,1,31,115,9.304,3.846,-2.3,1.494,3.271,0.0,-2.4,1.5,0.69
1788372976.403,turning,10.791,3.698,107.9,1,31,115,9.304,3.846,0.3,1.494,3.272,0.0,-2.4,1.5,0.69
1788372976.457,turning,10.79,3.698,106.1,0,30,114,9.275,3.825,3.7,1.521,3.273,0.0,-2.4,1.5,0.69
1788372976.51,turning,10.79,3.698,105.2,0,30,114,9.275,3.825,6.1,1.521,3.273,0.0,-2.4,1.5,0.69
1788372976.565,turning,10.79,3.699,104.4,0,30,114,9.275,3.825,8.5,1.52,3.272,0.0,-2.4,1.5,0.69
1788372976.617,turning,10.787,3.704,102.9,0,30,114,9.275,3.825,11.6,1.517,3.267,0.0,-2.4,1.5,0.69
1788372976.671,turning,10.786,3.705,102.1,0,30,114,9.275,3.825,13.9,1.516,3.266,0.0,-2.4,1.5,0.69
1788372976.725,turning,10.786,3.705,100.4,0,30,114,9.275,3.825,17.1,1.516,3.266,0.0,-2.4,1.5,0.69
1788372976.78,turning,10.786,3.705,99.5,0,30,114,9.275,3.825,19.4,1.516,3.266,0.0,-2.4,1.5,0.68
1788372976.835,turning,10.786,3.705,97.8,0,30,114,9.275,3.825,22.5,1.516,3.266,0.0,-2.4,1.5,0.68
1788372976.89,turning,10.785,3.705,96.9,0,30,114,9.275,3.825,24.8,1.515,3.267,0.0,-2.4,1.5,0.68
1788372976.943,turning,10.78,3.703,94.9,0,30,114,9.275,3.825,28.1,1.51,3.271,0.0,-2.4,1.5,0.68
1788372977.002,turning,10.779,3.702,94.1,0,30,114,9.275,3.825,30.2,1.509,3.271,0.0,-2.4,1.5,0.68
1788372977.059,turning,10.779,3.702,92.3,0,30,114,9.275,3.825,33.2,1.509,3.271,0.0,-2.4,1.5,0.68
1788372977.118,turning,10.779,3.702,91.5,0,30,114,9.275,3.825,35.3,1.509,3.271,0.0,-2.4,1.5,0.68
1788372977.174,turning,10.779,3.702,89.8,0,30,114,9.275,3.825,38.2,1.509,3.271,0.0,-2.4,1.5,0.68
1788372977.228,turning,10.776,3.702,89.0,0,30,114,9.275,3.825,40.2,1.506,3.272,0.0,-2.4,1.5,0.68
1788372977.281,turning,10.769,3.703,87.4,0,30,114,9.275,3.825,42.9,1.499,3.273,0.0,-2.4,1.5,0.68
1788372977.337,turning,10.769,3.703,86.6,0,30,114,9.275,3.825,44.8,1.499,3.273,0.0,-2.4,1.5,0.68
1788372977.39,turning,10.769,3.703,84.9,0,30,114,9.275,3.825,47.6,1.499,3.273,0.0,-2.4,1.5,0.68
1788372977.445,turning,10.769,3.703,84.0,0,30,115,9.29,3.81,49.6,1.483,3.273,0.0,-2.4,1.5,0.68
1788372977.5,turning,10.769,3.703,83.1,0,30,115,9.29,3.81,51.5,1.483,3.273,0.0,-2.4,1.5,0.68
1788372977.555,turning,10.767,3.703,81.3,0,30,115,9.29,3.81,54.3,1.481,3.274,0.0,-2.4,1.5,0.68
1788372977.607,turning,10.765,3.703,80.4,0,30,115,9.29,3.81,56.2,1.48,3.274,0.0,-2.4,1.5,0.68
1788372977.662,turning,10.763,3.703,78.6,0,30,115,9.29,3.81,59.0,1.478,3.275,0.0,-2.4,1.5,0.67
1788372977.716,driving,10.763,3.703,77.8,0,30,115,9.29,3.81,60.8,1.478,3.275,0.251,0.0,1.5,0.67
1788372977.775,turning,10.764,3.703,76.7,0,30,115,9.29,3.81,62.7,1.478,3.274,0.0,3.285,1.5,0.67
1788372977.834,turning,10.764,3.705,76.7,0,30,115,9.29,3.81,63.6,1.478,3.272,0.0,3.285,1.5,0.67
1788372977.896,turning,10.762,3.709,80.5,0,30,115,9.29,3.81,60.8,1.476,3.269,0.0,3.089,1.5,0.67
1788372977.955,turning,10.759,3.711,82.7,0,30,115,9.29,3.81,59.4,1.473,3.267,0.0,2.973,1.5,0.67
1788372978.01,turning,10.757,3.713,86.1,0,30,115,9.29,3.81,56.8,1.471,3.266,0.0,2.793,1.5,0.67
1788372978.062,turning,10.757,3.713,87.6,0,30,115,9.29,3.81,56.2,1.471,3.266,0.0,2.715,1.5,0.67
1788372978.114,turning,10.757,3.713,90.1,0,30,115,9.29,3.81,54.4,1.471,3.266,0.0,2.582,1.5,0.67
1788372978.169,turning,10.757,3.713,91.3,0,30,115,9.29,3.81,54.0,1.471,3.266,0.0,2.52,1.5,0.67
1788372978.222,turning,10.755,3.709,93.4,0,30,115,9.29,3.81,52.7,1.469,3.271,0.0,2.412,1.5,0.67
1788372978.276,turning,10.754,3.705,94.3,0,30,115,9.29,3.81,52.5,1.468,3.274,0.0,2.4,1.5,0.67
1788372978.331,turning,10.753,3.703,96.0,0,30,115,9.29,3.81,51.5,1.467,3.277,0.0,2.4,1.5,0.68
1788372978.385,turning,10.753,3.703,96.8,0,30,115,9.29,3.81,51.4,1.467,3.277,0.0,2.4,1.5,0.68
1788372978.44,turning,10.753,3.701,97.6,0,30,115,9.29,3.81,51.3,1.467,3.278,0.0,2.4,1.5,0.68
1788372978.498,turning,10.755,3.693,99.2,0,12,72,11.302,3.952,42.2,0.605,3.286,0.0,2.4,0.6,0.68
1788372978.556,turning,10.755,3.691,100.0,0,12,72,11.302,3.952,34.4,0.606,3.288,0.0,2.4,0.6,0.68
1788372978.617,turning,10.755,3.691,101.7,0,12,72,11.302,3.952,26.2,0.606,3.288,0.0,2.4,0.6,0.68
1788372978.677,turning,10.752,3.693,102.6,0,12,72,11.302,3.952,19.0,0.607,3.287,0.0,2.4,0.6,0.68
1788372978.731,turning,10.743,3.7,104.7,0,12,72,11.302,3.952,11.0,0.613,3.282,0.0,2.4,0.6,0.68
1788372978.787,turning,10.741,3.702,105.6,0,12,72,11.302,3.952,4.5,0.614,3.281,0.0,2.4,0.6,0.68
1788372978.841,turning,10.741,3.702,107.2,0,12,72,11.302,3.952,-2.3,0.614,3.281,0.0,2.4,0.6,0.68
1788372978.894,turning,10.741,3.702,108.1,0,12,72,11.302,3.952,-8.0,0.614,3.281,0.0,2.4,0.6,0.68
1788372978.947,turning,10.741,3.702,109.7,0,12,72,11.302,3.952,-14.3,0.614,3.281,0.0,2.4,0.6,0.68
1788372979.002,turning,10.739,3.705,110.6,0,12,72,11.302,3.952,-19.5,0.614,3.278,0.0,2.4,0.6,0.68
1788372979.054,turning,10.735,3.714,112.5,0,12,72,11.302,3.952,-25.6,0.614,3.27,0.0,2.4,0.6,0.68
1788372979.108,turning,10.735,3.715,113.3,0,12,72,11.302,3.952,-30.3,0.614,3.27,0.0,2.4,0.6,0.69
1788372979.159,turning,10.735,3.715,115.0,0,12,72,11.302,3.952,-35.6,0.614,3.27,0.0,2.4,0.6,0.69
1788372979.214,turning,10.735,3.715,115.8,0,12,72,11.302,3.952,-39.9,0.614,3.27,0.0,2.4,0.6,0.69
1788372979.268,turning,10.735,3.715,117.4,0,12,72,11.302,3.952,-44.7,0.614,3.27,0.0,2.4,0.6,0.69
1788372979.329,turning,10.734,3.718,118.1,0,12,72,11.302,3.952,-48.5,0.614,3.268,0.0,2.4,0.6,0.69
1788372979.393,turning,10.733,3.72,118.9,0,12,72,11.302,3.952,-52.1,0.614,3.265,0.0,2.4,0.6,0.69
1788372979.456,turning,10.732,3.723,120.4,0,12,72,11.302,3.952,-56.3,0.614,3.263,0.0,2.4,0.6,0.69
1788372979.512,turning,10.732,3.723,121.2,0,30,111,9.269,3.881,-54.4,1.471,3.263,0.0,2.4,1.5,0.69
1788372979.568,turning,10.732,3.723,122.8,0,30,111,9.269,3.881,-53.4,1.471,3.263,0.0,2.4,1.5,0.69
1788372979.62,turning,10.732,3.723,123.7,0,30,111,9.269,3.881,-51.7,1.471,3.263,0.0,2.4,1.5,0.69
1788372979.675,turning,10.731,3.722,125.6,0,30,111,9.269,3.881,-51.1,1.471,3.264,0.0,2.4,1.5,0.69
1788372979.729,turning,10.73,3.722,126.6,0,30,111,9.269,3.881,-49.7,1.47,3.264,0.0,2.4,1.5,0.69
1788372979.784,turning,10.729,3.721,128.5,0,30,111,9.269,3.881,-49.1,1.469,3.265,0.0,2.4,1.5,0.69
1788372979.834,turning,10.729,3.721,129.3,0,30,111,9.269,3.881,-47.6,1.469,3.265,0.0,2.4,1.5,0.69
1788372979.889,turning,10.729,3.721,130.9,0,30,111,9.269,3.881,-47.0,1.469,3.265,0.0,2.4,1.5,0.7
1788372979.944,turning,10.729,3.721,131.7,0,30,111,9.269,3.881,-45.6,1.469,3.265,0.0,2.4,1.5,0.7
1788372980.001,turning,10.728,3.732,133.3,0,30,111,9.269,3.881,-45.0,1.467,3.255,0.0,2.4,1.5,0.7
1788372980.056,turning,10.727,3.74,134.1,0,30,111,9.269,3.881,-43.6,1.465,3.248,0.0,2.4,1.5,0.7
1788372980.118,driving,10.726,3.745,135.7,0,30,111,9.269,3.881,-43.2,1.464,3.243,0.253,0.0,1.5,0.7
1788372980.178,turning,10.726,3.745,136.5,0,30,111,9.269,3.881,-42.0,1.464,3.243,0.0,-2.4,1.5,0.7
1788372980.236,turning,10.726,3.746,136.0,0,30,111,9.269,3.881,-39.4,1.463,3.242,0.0,-2.4,1.5,0.7
1788372980.294,turning,10.726,3.746,135.1,0,30,111,9.269,3.881,-36.6,1.463,3.242,0.0,-2.4,1.5,0.7
1788372980.348,turning,10.725,3.745,134.3,0,30,111,9.269,3.881,-33.9,1.462,3.244,0.0,-2.4,1.5,0.7
1788372980.401,turning,10.721,3.739,132.5,0,30,111,9.269,3.881,-30.3,1.459,3.25,0.0,-2.4,1.5,0.7
1788372980.454,turning,10.72,3.738,131.7,0,30,111,9.269,3.881,-27.7,1.458,3.252,0.0,-2.4,1.5,0.7
1788372980.506,turning,10.72,3.738,129.9,0,30,111,9.269,3.881,-24.2,1.458,3.252,0.0,-2.4,1.5,0.7
1788372980.563,turning,10.72,3.738,129.1,0,30,111,9.254,3.846,-21.6,1.47,3.252,0.0,-2.4,1.5,0.7
1788372980.613,turning,10.72,3.738,127.4,0,30,111,9.254,3.846,-18.2,1.47,3.252,0.0,-2.4,1.5,0.7
1788372980.667,turning,10.72,3.735,126.5,0,30,111,9.254,3.846,-15.7,1.469,3.254,0.0,-2.4,1.5,0.7
1788372980.72,turning,10.718,3.728,124.6,0,30,111,9.254,3.846,-12.2,1.469,3.262,0.0,-2.4,1.5,0.7
1788372980.773,turning,10.718,3.726,123.7,0,30,111,9.254,3.846,-9.8,1.469,3.263,0.0,-2.4,1.5,0.7
1788372980.828,turning,10.718,3.726,122.0,0,30,111,9.254,3.846,-6.6,1.469,3.263,0.0,-2.4,1.5,0.7
1788372980.889,turning,10.718,3.726,121.1,0,30,111,9.254,3.846,-4.2,1.469,3.263,0.0,-2.4,1.5,0.7
1788372980.947,turning,10.718,3.726,119.4,0,30,111,9.254,3.846,-1.1,1.469,3.263,0.0,-2.4,1.5,0.7
1788372981.013,turning,10.717,3.725,118.5,0,30,111,9.254,3.846,1.3,1.468,3.265,0.0,-2.4,1.5,0.69
1788372981.07,turning,10.715,3.722,116.7,0,30,111,9.254,3.846,4.5,1.466,3.268,0.0,-2.4,1.5,0.69
1788372981.123,turning,10.715,3.722,115.8,0,30,111,9.254,3.846,6.7,1.466,3.268,0.0,-2.4,1.5,0.69
1788372981.177,turning,10.715,3.722,114.1,0,30,111,9.254,3.846,9.7,1.466,3.268,0.0,-2.4,1.5,0.69
1788372981.23,turning,10.715,3.722,113.2,0,30,111,9.254,3.846,11.8,1.466,3.268,0.0,-2.4,1.5,0.69
1788372981.288,turning,10.715,3.722,112.4,0,30,111,9.254,3.846,13.9,1.466,3.268,0.0,-2.4,1.5,0.69
1788372981.344,turning,10.714,3.721,110.5,0,30,111,9.254,3.846,17.0,1.465,3.269,0.0,-2.4,1.5,0.69
1788372981.4,turning,10.713,3.72,109.4,0,30,111,9.254,3.846,19.2,1.464,3.271,0.0,-2.4,1.5,0.69
1788372981.455,turning,10.712,3.719,107.5,0,30,111,9.254,3.846,22.3,1.463,3.272,0.0,-2.4,1.5,0.69
1788372981.508,turning,10.712,3.719,106.7,0,30,111,9.254,3.846,24.2,1.463,3.272,0.0,-2.4,1.5,0.69
1788372981.564,turning,10.712,3.719,105.0,0,30,113,9.254,3.846,27.1,1.463,3.272,0.0,-2.4,1.5,0.69
1788372981.564,turning,10.712,3.719,105.0,0,30,113,9.254,3.846,28.1,1.463,3.272,0.0,-2.4,1.5,0.69
1788372981.676,turning,10.711,3.715,102.3,0,30,113,9.254,3.846,31.8,1.463,3.275,0.0,-2.4,1.5,0.69
1788372981.735,turning,10.711,3.712,101.4,0,30,113,9.254,3.846,33.7,1.463,3.279,0.0,-2.4,1.5,0.69
1788372981.796,driving,10.711,3.71,99.6,0,30,113,9.254,3.846,36.5,1.463,3.281,0.252,0.0,1.5,0.69
1788372981.852,turning,10.711,3.71,98.8,0,30,113,9.254,3.846,38.3,1.463,3.281,0.0,2.4,1.5,0.69
1788372981.906,turning,10.71,3.711,99.2,0,30,113,9.254,3.846,38.7,1.462,3.28,0.0,2.4,1.5,0.69
1788372981.961,turning,10.71,3.711,100.1,0,30,113,9.254,3.846,38.8,1.462,3.28,0.0,2.4,1.5,0.69
1788372982.015,turning,10.711,3.705,101.5,0,30,113,9.254,3.846,38.3,1.464,3.286,0.0,2.4,1.5,0.69
1788372982.068,turning,10.712,3.7,102.2,0,30,113,9.254,3.846,38.4,1.465,3.29,0.0,2.4,1.5,0.69
1788372982.122,turning,10.712,3.697,103.7,0,30,113,9.254,3.846,37.7,1.466,3.293,0.0,2.4,1.5,0.69
1788372982.174,turning,10.712,3.697,104.5,0,30,113,9.254,3.846,37.7,1.466,3.293,0.0,2.4,1.5,0.69
1788372982.227,turning,10.712,3.697,105.4,0,30,113,9.254,3.846,37.7,1.466,3.293,0.0,2.4,1.5,0.69
1788372982.284,turning,10.712,3.697,107.0,0,30,113,9.254,3.846,36.8,1.466,3.293,0.0,2.4,1.5,0.69
1788372982.344,turning,10.712,3.699,107.8,0,30,113,9.254,3.846,36.8,1.465,3.291,0.0,2.4,1.5,0.69
1788372982.403,turning,10.708,3.709,109.2,0,30,113,9.254,3.846,36.1,1.46,3.283,0.0,2.4,1.5,0.69
1788372982.465,turning,10.707,3.711,110.0,0,30,113,9.254,3.846,36.0,1.459,3.281,0.0,2.4,1.5,0.69
1788372982.523,turning,10.707,3.711,111.6,0,30,113,9.254,3.846,35.1,1.459,3.281,0.0,2.4,1.5,0.69
1788372982.584,turning,10.707,3.711,112.4,0,30,112,9.254,3.846,35.0,1.459,3.281,0.0,2.4,1.5,0.69
1788372982.64,turning,10.707,3.711,114.1,0,30,112,9.254,3.846,34.0,1.459,3.281,0.0,2.4,1.5,0.69
1788372982.696,turning,10.704,3.714,114.8,0,30,112,9.254,3.846,34.0,1.456,3.279,0.0,2.4,1.5,0.69
1788372982.75,turning,10.693,3.723,116.1,1,31,112,9.219,3.881,33.3,1.483,3.273,0.0,2.4,1.5,0.69
1788372982.804,turning,10.692,3.724,116.9,1,31,112,9.219,3.881,33.1,1.481,3.273,0.0,2.4,1.5,0.69
1788372982.857,turning,10.692,3.724,118.5,1,31,112,9.219,3.881,32.1,1.481,3.273,0.0,2.4,1.5,0.69
1788372982.911,turning,10.692,3.724,119.3,1,31,112,9.219,3.881,31.8,1.481,3.273,0.0,2.4,1.5,0.7
1788372982.965,turning,10.692,3.724,120.9,1,31,112,9.219,3.881,30.8,1.481,3.273,0.0,2.4,1.5,0.7
1788372983.021,turning,10.691,3.727,122.0,1,31,112,9.219,3.881,30.2,1.481,3.269,0.0,2.4,1.5,0.7
1788372983.076,turning,10.689,3.735,124.3,1,31,112,9.219,3.881,28.5,1.478,3.263,0.0,2.4,1.5,0.7
1788372983.13,turning,10.689,3.735,125.1,1,31,112,9.219,3.881,28.2,1.478,3.262,0.0,2.4,1.5,0.7
1788372983.186,turning,10.689,3.735,125.9,1,31,112,9.219,3.881,27.9,1.478,3.262,0.0,2.4,1.5,0.7
1788372983.247,turning,10.689,3.735,127.6,1,31,112,9.219,3.881,26.8,1.478,3.262,0.0,2.4,1.5,0.7
1788372983.308,turning,10.689,3.735,128.4,1,31,112,9.219,3.881,26.5,1.478,3.262,0.0,2.4,1.5,0.7
1788372983.371,turning,10.687,3.735,129.9,1,31,112,9.219,3.881,25.4,1.475,3.263,0.0,2.4,1.5,0.7
1788372983.427,turning,10.684,3.735,130.7,1,31,112,9.219,3.881,25.1,1.473,3.264,0.0,2.4,1.5,0.7
1788372983.481,driving,10.682,3.735,132.2,1,31,112,9.219,3.881,24.0,1.47,3.264,0.253,0.0,1.5,0.7
1788372983.532,turning,10.682,3.735,133.0,1,31,112,9.219,3.881,23.7,1.47,3.264,0.0,2.4,1.5,0.7
1788372983.588,turning,10.682,3.736,134.0,1,31,112,9.219,3.881,23.1,1.47,3.264,0.0,2.4,1.5,0.7
1788372983.639,turning,10.682,3.736,134.8,0,30,113,9.219,3.881,22.7,1.47,3.264,0.0,2.4,1.5,0.7
1788372983.691,turning,10.683,3.736,136.8,0,30,113,9.219,3.881,21.2,1.472,3.264,0.0,2.4,1.5,0.71
1788372983.74,turning,10.684,3.735,137.8,0,30,113,9.219,3.881,20.5,1.473,3.264,0.0,2.4,1.5,0.71
1788372983.795,turning,10.685,3.735,139.7,0,30,113,9.219,3.881,19.1,1.473,3.264,0.0,2.4,1.5,0.71
1788372983.848,turning,10.685,3.735,140.5,0,30,113,9.219,3.881,18.7,1.473,3.264,0.0,2.4,1.5,0.71
1788372983.9,turning,10.685,3.735,142.1,0,30,113,9.219,3.881,17.4,1.473,3.264,0.0,2.4,1.5,0.72
1788372983.956,turning,10.685,3.735,142.9,0,30,113,9.219,3.881,17.0,1.473,3.264,0.0,2.4,1.5,0.72
1788372984.016,turning,10.69,3.729,144.6,0,30,113,9.219,3.881,15.7,1.479,3.268,0.0,2.4,1.5,0.72
1788372984.075,turning,10.693,3.725,145.4,0,30,113,9.219,3.881,15.2,1.482,3.271,0.0,2.4,1.5,0.72
1788372984.133,turning,10.695,3.723,146.2,0,30,113,9.219,3.881,14.7,1.484,3.272,0.0,2.4,1.5,0.73
1788372984.193,turning,10.695,3.723,147.9,0,30,113,9.219,3.881,13.4,1.484,3.272,0.0,2.4,1.5,0.73
1788372984.247,turning,10.695,3.723,148.7,0,30,113,9.219,3.881,12.9,1.484,3.272,0.0,2.4,1.5,0.74
1788372984.301,turning,10.695,3.723,150.3,0,30,113,9.219,3.881,11.5,1.484,3.272,0.0,2.4,1.5,0.74
1788372984.356,turning,10.696,3.722,151.1,0,30,113,9.219,3.881,11.0,1.486,3.274,0.0,2.4,1.5,0.75
1788372984.41,driving,10.701,3.716,152.7,0,30,113,9.219,3.881,9.8,1.491,3.278,0.258,0.0,1.5,0.75
1788372984.463,driving,10.701,3.715,153.5,0,30,113,9.219,3.881,9.2,1.492,3.279,0.259,0.0,1.5,0.77
1788372984.514,driving,10.699,3.716,153.7,0,30,113,9.219,3.881,9.3,1.489,3.278,0.259,0.0,1.5,0.77
1788372984.569,driving,10.696,3.718,153.7,0,30,113,9.219,3.881,9.5,1.486,3.277,0.26,0.0,1.5,0.77
1788372984.621,driving,10.684,3.723,153.7,0,30,113,9.219,3.881,9.8,1.474,3.275,0.26,0.0,1.5,0.77
1788372984.675,driving,10.682,3.725,153.7,0,30,110,9.234,3.916,10.0,1.461,3.274,0.259,0.0,1.5,0.76
1788372984.731,driving,10.681,3.728,153.8,0,30,110,9.234,3.916,10.1,1.46,3.271,0.259,0.0,1.5,0.76
1788372984.797,driving,10.675,3.731,153.8,0,30,110,9.234,3.916,10.4,1.453,3.27,0.258,0.0,1.5,0.75
1788372984.863,driving,10.659,3.739,153.8,0,30,110,9.234,3.916,10.6,1.437,3.267,0.258,0.0,1.5,0.75
1788372984.935,driving,10.651,3.743,153.8,0,30,110,9.234,3.916,10.8,1.428,3.265,0.257,0.0,1.5,0.74
1788372985.019,driving,10.636,3.751,153.8,1,31,110,9.198,3.952,11.0,1.451,3.262,0.257,0.0,1.5,0.74
1788372985.103,driving,10.628,3.755,153.8,1,31,110,9.198,3.952,11.2,1.443,3.261,0.255,0.0,1.5,0.73
1788372985.178,driving,10.62,3.758,153.8,1,31,110,9.198,3.952,11.3,1.435,3.26,0.255,0.0,1.5,0.73
1788372985.246,driving,10.604,3.766,153.8,1,31,110,9.198,3.952,11.5,1.418,3.257,0.254,0.0,1.5,0.71
1788372985.305,driving,10.597,3.77,153.8,2,32,110,9.163,3.987,11.7,1.45,3.256,0.254,0.0,1.5,0.71
1788372985.361,driving,10.581,3.778,153.8,2,32,110,9.163,3.987,11.8,1.434,3.253,0.253,0.0,1.5,0.7
1788372985.414,driving,10.573,3.781,153.8,2,32,110,9.163,3.987,12.0,1.425,3.252,0.253,0.0,1.5,0.7
1788372985.466,driving,10.558,3.789,153.8,2,32,110,9.163,3.987,12.1,1.409,3.249,0.252,0.0,1.5,0.69
1788372985.52,driving,10.55,3.793,153.8,3,15,110,9.926,3.754,13.2,0.626,3.248,0.252,0.0,0.6,0.69
1788372985.58,driving,10.535,3.8,153.8,3,15,110,9.926,3.754,14.2,0.611,3.246,0.251,0.0,0.6,0.68
1788372985.64,driving,10.527,3.804,153.8,3,15,110,9.926,3.754,15.3,0.604,3.245,0.251,0.0,0.6,0.68
1788372985.7,turning,10.507,3.807,153.8,0,12,110,9.926,3.75,16.3,0.585,3.248,0.0,2.4,0.6,0.66
1788372985.756,turning,10.496,3.807,153.8,0,12,110,9.926,3.75,17.3,0.573,3.252,0.0,2.4,0.6,0.66
1788372985.811,turning,10.493,3.805,155.3,1,13,110,9.876,3.748,16.6,0.62,3.255,0.0,2.4,0.6,0.65
1788372985.863,turning,10.493,3.805,156.1,1,13,110,9.876,3.748,16.6,0.62,3.255,0.0,2.4,0.6,0.65
1788372985.925,turning,10.493,3.805,157.8,1,13,110,9.876,3.748,15.7,0.62,3.255,0.0,2.4,0.6,0.66
1788372985.988,turning,10.493,3.805,158.6,1,13,110,9.876,3.748,15.6,0.62,3.255,0.0,2.4,0.6,0.66
1788372986.047,turning,10.493,3.805,160.2,1,13,110,9.876,3.748,14.6,0.62,3.255,0.0,2.4,0.6,0.68
1788372986.103,turning,10.493,3.805,161.0,1,13,110,9.876,3.748,14.5,0.62,3.255,0.0,2.4,0.6,0.68
1788372986.165,turning,10.493,3.805,161.8,1,13,110,9.876,3.748,14.2,0.62,3.255,0.0,2.4,0.6,0.7
1788372986.222,turning,10.493,3.805,163.5,1,13,110,9.876,3.748,13.2,0.62,3.255,0.0,2.4,0.6,0.7
1788372986.28,turning,10.492,3.806,164.3,1,13,110,9.876,3.748,12.9,0.619,3.255,0.0,2.4,0.6,0.71
1788372986.342,driving,10.488,3.808,165.7,1,13,110,9.876,3.748,11.9,0.615,3.254,0.254,0.0,0.6,0.71
1788372986.41,driving,10.487,3.808,166.5,1,13,110,9.876,3.748,11.6,0.614,3.254,0.256,0.0,0.6,0.74
1788372986.474,driving,10.484,3.809,166.8,1,13,110,9.876,3.748,11.8,0.612,3.254,0.256,0.0,0.6,0.74
1788372986.53,driving,10.481,3.81,166.8,1,13,110,9.876,3.748,12.2,0.608,3.255,0.257,0.0,0.6,0.74
1788372986.592,driving,10.468,3.813,166.8,1,13,110,9.876,3.748,12.7,0.596,3.256,0.257,0.0,0.6,0.74
1788372986.657,driving,10.46,3.814,166.9,1,13,110,9.876,3.748,13.1,0.588,3.258,0.256,0.0,0.6,0.74
1788372986.717,driving,10.442,3.816,166.9,0,12,108,9.876,3.749,13.4,0.57,3.262,0.256,0.0,0.6,0.74
1788372986.77,driving,10.433,3.818,166.9,0,12,108,9.876,3.749,13.8,0.562,3.263,0.256,0.0,0.6,0.73
1788372986.822,driving,10.416,3.822,166.9,1,13,108,9.826,3.746,14.2,0.595,3.265,0.256,0.0,0.6,0.73
1788372986.877,driving,10.408,3.824,166.9,1,13,108,9.826,3.746,14.6,0.587,3.267,0.255,0.0,0.6,0.72
1788372986.933,driving,10.391,3.828,166.9,2,14,108,9.776,3.744,15.0,0.621,3.269,0.255,0.0,0.6,0.72
1788372986.988,driving,10.382,3.83,166.9,2,14,108,9.776,3.744,15.3,0.613,3.27,0.254,0.0,0.6,0.71
1788372987.04,driving,10.365,3.834,166.9,2,14,108,9.776,3.744,15.7,0.597,3.273,0.254,0.0,0.6,0.71
1788372987.096,turning,10.357,3.836,166.9,2,14,108,9.776,3.744,16.1,0.588,3.274,0.0,2.4,0.6,0.71
1788372987.156,turning,10.348,3.838,167.7,2,14,108,9.776,3.744,15.8,0.58,3.276,0.0,2.4,0.6,0.71
1788372987.215,turning,10.348,3.838,168.5,2,14,108,9.776,3.744,15.3,0.58,3.276,0.0,2.4,0.6,0.7
1788372987.272,turning,10.348,3.838,169.3,2,14,108,9.776,3.744,14.8,0.58,3.276,0.0,2.4,0.6,0.7
1788372987.335,turning,10.348,3.838,170.9,2,14,108,9.776,3.744,13.5,0.58,3.276,0.0,2.4,0.6,0.72
1788372987.391,turning,10.348,3.838,171.7,2,14,108,9.776,3.744,13.0,0.58,3.276,0.0,2.4,0.6,0.72
1788372987.444,turning,10.348,3.838,173.4,2,14,108,9.776,3.744,11.6,0.58,3.276,0.0,2.4,0.6,0.75
1788372987.498,turning,10.348,3.838,174.2,2,14,108,9.776,3.744,11.1,0.58,3.276,0.0,2.4,0.6,0.75
1788372987.559,turning,10.349,3.838,175.6,2,14,108,9.776,3.744,9.9,0.581,3.275,0.0,2.4,0.6,0.78
1788372987.617,turning,10.349,3.839,176.3,2,14,108,9.776,3.744,9.5,0.581,3.274,0.0,2.4,0.6,0.78
1788372987.676,driving,10.35,3.839,177.8,2,14,108,9.776,3.744,8.2,0.582,3.274,0.263,0.0,0.6,0.81
1788372987.73,driving,10.35,3.839,178.6,0,12,105,9.726,3.746,7.5,0.631,3.274,0.263,0.0,0.6,0.81
1788372987.787,driving,10.347,3.839,178.7,0,12,105,9.726,3.746,7.6,0.628,3.275,0.266,0.0,0.6,0.84
1788372987.846,driving,10.342,3.839,178.7,0,12,105,9.726,3.746,7.7,0.624,3.277,0.266,0.0,0.6,0.84
1788372987.913,driving,10.329,3.839,178.7,0,12,105,9.726,3.746,7.9,0.61,3.281,0.266,0.0,0.6,0.84
1788372987.984,driving,10.32,3.84,178.7,0,12,105,9.726,3.746,8.0,0.602,3.285,0.266,0.0,0.6,0.84
1788372988.053,driving,10.308,3.839,178.6,0,12,105,9.726,3.746,8.3,0.59,3.289,0.266,0.0,0.6,0.84
1788372988.116,driving,10.303,3.839,178.5,0,12,105,9.726,3.746,8.5,0.585,3.291,0.266,0.0,0.6,0.84
1788372988.176,driving,10.297,3.839,178.5,0,12,105,9.726,3.746,8.6,0.579,3.294,0.266,0.0,0.6,0.84
1788372988.229,driving,10.279,3.84,178.5,0,12,105,9.726,3.746,8.8,0.561,3.301,0.266,0.0,0.6,0.84
1788372988.286,driving,10.27,3.84,178.5,0,12,105,9.726,3.746,8.9,0.552,3.304,0.266,0.0,0.6,0.84
1788372988.342,driving,10.252,3.84,178.5,1,13,105,9.676,3.743,9.1,0.584,3.311,0.266,0.0,0.6,0.84
1788372988.401,driving,10.243,3.841,178.5,2,14,105,9.626,3.741,9.2,0.625,3.314,0.266,0.0,0.6,0.84
1788372988.458,driving,10.224,3.841,178.5,2,14,105,9.626,3.741,9.3,0.607,3.321,0.266,0.0,0.6,0.84
1788372988.517,driving,10.215,3.841,178.5,2,14,105,9.626,3.741,9.4,0.598,3.324,0.266,0.0,0.6,0.83
1788372988.585,driving,10.197,3.842,178.5,2,14,105,9.626,3.741,9.5,0.58,3.331,0.266,0.0,0.6,0.83
1788372988.658,driving,10.188,3.842,178.5,3,15,105,9.576,3.738,9.6,0.621,3.335,0.265,0.0,0.6,0.83
1788372988.733,driving,10.17,3.842,178.5,0,12,102,9.576,3.738,9.7,0.603,3.342,0.265,0.0,0.6,0.83
1788372988.807,driving,10.161,3.843,178.5,0,12,102,9.576,3.738,9.8,0.594,3.346,0.265,0.0,0.6,0.83
1788372988.883,driving,10.143,3.843,178.5,0,12,102,9.576,3.738,10.0,0.577,3.353,0.265,0.0,0.6,0.83
1788372988.953,driving,10.132,3.846,178.6,0,12,102,9.576,3.738,10.0,0.566,3.356,0.265,0.0,0.6,0.83
1788372988.953,driving,10.132,3.846,178.6,0,12,102,9.576,3.738,10.2,0.566,3.356,0.265,0.0,0.6,0.83
1788372989.077,driving,10.098,3.852,178.8,0,12,102,9.576,3.738,10.2,0.534,3.364,0.3,0.0,0.6,2.35
1788372989.136,driving,10.079,3.853,178.8,2,14,102,9.476,3.732,10.3,0.615,3.372,0.3,0.0,0.6,2.35
1788372989.195,driving,10.069,3.853,178.8,2,14,102,9.476,3.732,10.5,0.605,3.376,0.3,0.0,0.6,2.32
1788372989.249,driving,10.059,3.853,178.8,2,14,102,9.476,3.732,10.6,0.595,3.381,0.3,0.0,0.6,2.32
1788372989.308,driving,10.038,3.854,178.8,3,15,102,9.427,3.728,10.8,0.624,3.39,0.3,0.0,0.6,2.29
1788372989.363,driving,10.028,3.854,178.8,3,15,102,9.427,3.728,10.9,0.614,3.394,0.3,0.0,0.6,2.29
1788372989.418,driving,10.007,3.851,178.8,3,15,102,9.427,3.728,11.1,0.593,3.406,0.3,0.0,0.6,2.26
1788372989.479,driving,9.996,3.849,178.7,3,15,102,9.427,3.728,11.2,0.582,3.413,0.3,0.0,0.6,2.26
1788372989.546,driving,9.974,3.847,178.7,4,16,102,9.375,3.725,11.3,0.612,3.425,0.3,0.0,0.6,2.23
1788372989.605,driving,9.964,3.847,178.7,4,16,102,9.375,3.725,11.4,0.602,3.43,0.3,0.0,0.6,2.23
1788372989.669,driving,9.944,3.848,178.7,5,17,102,9.325,3.775,11.2,0.623,3.439,0.3,0.0,0.6,2.2
1788372989.73,driving,9.934,3.848,178.7,5,17,102,9.325,3.775,11.0,0.613,3.444,0.3,0.0,0.6,2.2
1788372989.795,driving,9.913,3.848,178.7,0,12,98,9.325,3.725,11.1,0.601,3.453,0.3,0.0,0.6,2.17
1788372989.853,driving,9.903,3.848,178.7,0,12,98,9.325,3.725,11.3,0.591,3.458,0.3,0.0,0.6,2.17
1788372989.908,driving,9.881,3.847,178.7,0,12,98,9.325,3.725,11.4,0.569,3.469,0.3,0.0,0.6,2.14
1788372989.963,driving,9.869,3.847,178.7,0,12,98,9.325,3.725,11.6,0.557,3.476,0.3,0.0,0.6,2.14
1788372990.026,driving,9.848,3.846,178.7,1,13,98,9.275,3.775,11.4,0.577,3.487,0.3,0.0,0.6,2.11
1788372990.083,driving,9.837,3.847,178.7,2,14,98,9.24,3.81,11.0,0.599,3.492,0.3,0.0,0.6,2.11
1788372990.14,driving,9.817,3.847,178.7,2,14,98,9.24,3.81,10.7,0.579,3.501,0.3,0.0,0.6,2.08
1788372990.2,driving,9.807,3.847,178.7,2,14,98,9.24,3.81,10.3,0.568,3.506,0.3,0.0,0.6,2.08
1788372990.267,driving,9.797,3.847,178.7,2,14,98,9.24,3.81,10.0,0.558,3.511,0.3,0.0,0.6,2.05
1788372990.348,driving,9.776,3.848,178.7,3,15,98,9.204,3.846,9.5,0.572,3.521,0.3,0.0,0.6,2.05
1788372990.427,driving,9.769,3.849,178.6,3,15,98,9.204,3.846,9.1,0.565,3.524,0.3,0.0,0.6,2.02
1788372990.496,driving,9.759,3.851,178.2,3,15,98,9.204,3.846,9.0,0.554,3.528,0.3,0.0,0.6,2.02
1788372990.564,driving,9.75,3.852,178.2,3,15,98,9.204,3.846,8.7,0.546,3.531,0.3,0.0,0.6,1.99
1788372990.623,driving,9.73,3.852,178.2,4,16,98,9.169,3.881,8.1,0.562,3.541,0.3,0.0,0.6,1.99
1788372990.684,driving,9.72,3.853,178.2,4,16,98,9.169,3.881,7.6,0.552,3.546,0.3,0.0,0.6,1.96
1788372990.743,driving,9.7,3.853,178.2,4,16,98,9.169,3.881,7.0,0.531,3.556,0.3,0.0,0.6,1.96
1788372990.806,driving,9.689,3.854,178.2,0,12,94,9.148,3.902,6.4,0.543,3.562,0.3,0.0,0.6,1.93
1788372990.864,driving,9.669,3.854,178.2,0,12,94,9.148,3.902,5.8,0.523,3.572,0.3,0.0,0.6,1.93
1788372990.926,driving,9.656,3.856,178.1,0,12,94,9.148,3.902,5.3,0.51,3.577,0.3,0.0,0.6,1.9
1788372990.988,driving,9.629,3.861,177.9,1,13,94,9.113,3.937,4.8,0.522,3.587,0.3,0.0,0.6,1.9
1788372991.052,driving,9.618,3.862,177.9,1,13,94,9.113,3.937,4.2,0.511,3.593,0.3,0.0,0.6,1.87
1788372991.123,driving,9.598,3.863,177.9,1,13,94,9.113,3.937,3.5,0.49,3.603,0.3,0.0,0.6,1.87
1788372991.198,driving,9.588,3.863,177.9,1,13,94,9.113,3.937,2.9,0.48,3.608,0.3,0.0,0.6,1.84
1788372991.271,driving,9.567,3.864,177.9,1,13,94,9.113,3.937,2.3,0.46,3.619,0.3,0.0,0.6,1.84
1788372991.338,driving,9.557,3.864,177.9,1,13,94,9.113,3.937,1.7,0.45,3.624,0.3,0.0,0.6,1.81
1788372991.406,driving,9.547,3.865,177.9,1,13,94,9.113,3.937,1.2,0.44,3.63,0.3,0.0,0.6,1.81
1788372991.471,driving,9.527,3.868,177.7,3,15,94,9.042,4.008,0.4,0.505,3.638,0.3,0.0,0.6,1.78
1788372991.528,driving,9.518,3.87,177.6,3,15,94,9.042,4.008,-0.4,0.495,3.642,0.3,0.0,0.6,1.78
1788372991.588,driving,9.498,3.873,177.5,3,15,94,9.042,4.008,-1.1,0.475,3.65,0.3,0.0,0.6,1.75
1788372991.648,driving,9.488,3.874,177.5,3,15,94,9.042,4.008,-1.9,0.465,3.656,0.3,0.0,0.6,1.75
1788372991.711,driving,9.467,3.875,177.5,4,16,94,8.975,4.075,-3.0,0.531,3.667,0.3,0.0,0.6,1.72
1788372991.773,driving,9.457,3.875,177.5,4,16,94,8.975,4.075,-4.0,0.522,3.672,0.3,0.0,0.6,1.72
1788372991.842,driving,9.437,3.876,177.5,0,12,86,8.98,4.164,-5.6,0.54,3.683,0.3,0.0,0.6,1.69
1788372991.918,driving,9.426,3.876,177.5,0,12,86,8.98,4.164,-7.1,0.531,3.689,0.3,0.0,0.6,1.69
1788372991.994,driving,9.409,3.869,178.0,0,12,86,8.98,4.164,-9.0,0.52,3.705,0.3,0.0,0.6,1.66
1788372992.069,driving,9.401,3.863,178.3,1,13,86,8.958,4.209,-11.0,0.562,3.715,0.3,0.0,0.6,1.66
1788372992.13,driving,9.381,3.859,178.6,1,13,86,8.958,4.209,-12.9,0.549,3.729,0.3,0.0,0.6,1.63
1788372992.188,driving,9.371,3.86,178.6,1,13,86,8.958,4.209,-14.5,0.541,3.735,0.3,0.0,0.6,1.63
1788372992.247,turning,9.351,3.86,178.6,2,14,86,8.925,4.275,-16.2,0.594,3.747,0.0,-2.4,0.6,1.6
1788372992.301,turning,9.34,3.86,178.6,2,14,86,8.925,4.275,-17.9,0.587,3.753,0.0,-2.4,0.6,1.6
1788372992.356,turning,9.338,3.86,177.1,2,14,86,8.925,4.275,-17.9,0.585,3.754,0.0,-2.4,0.6,1.57
1788372992.414,turning,9.338,3.86,176.2,2,14,86,8.925,4.275,-18.6,0.585,3.754,0.0,-2.4,0.6,1.57
1788372992.474,turning,9.339,3.859,175.4,2,14,86,8.925,4.275,-19.1,0.587,3.755,0.0,-2.4,0.6,1.57
1788372992.533,turning,9.343,3.852,174.0,2,14,86,8.925,4.275,-19.0,0.594,3.758,0.0,-2.4,0.6,1.57
1788372992.593,turning,9.344,3.85,173.2,2,14,86,8.925,4.275,-19.4,0.596,3.759,0.0,-2.4,0.6,1.57
1788372992.657,turning,9.344,3.85,171.5,2,14,86,8.925,4.275,-18.9,0.596,3.759,0.0,-2.4,0.6,1.57
1788372992.72,turning,9.344,3.85,170.6,2,14,86,8.925,4.275,-19.1,0.596,3.759,0.0,-2.4,0.6,1.56
1788372992.79,turning,9.344,3.85,168.9,2,14,86,8.925,4.275,-18.4,0.596,3.759,0.0,-2.4,0.6,1.56
1788372992.863,turning,9.344,3.85,168.0,0,11,88,8.93,4.214,-18.3,0.551,3.759,0.0,-2.4,0.6,1.56
1788372992.924,driving,9.344,3.85,166.3,0,11,88,8.93,4.214,-17.2,0.551,3.759,0.3,0.0,0.6,1.56
1788372992.985,turning,9.344,3.85,165.5,0,11,88,8.93,4.214,-17.0,0.551,3.759,0.0,-2.4,0.6,1.56
1788372993.042,turning,9.343,3.851,164.6,0,11,88,8.93,4.214,-16.7,0.55,3.759,0.0,-2.4,0.6,1.56
1788372993.099,turning,9.343,3.851,163.7,0,11,88,8.93,4.214,-16.4,0.55,3.759,0.0,-2.4,0.6,1.56
1788372993.159,turning,9.343,3.851,162.0,0,11,88,8.93,4.214,-15.3,0.55,3.759,0.0,-2.4,0.6,1.56
1788372993.217,turning,9.338,3.851,161.3,0,11,88,8.93,4.214,-15.0,0.547,3.762,0.0,-2.4,0.6,1.56
1788372993.274,turning,9.327,3.85,159.9,0,11,88,8.93,4.214,-14.2,0.538,3.769,0.0,-2.4,0.6,1.56
1788372993.33,turning,9.326,3.85,159.0,0,11,88,8.93,4.214,-13.8,0.538,3.769,0.0,-2.4,0.6,1.56
1788372993.391,turning,9.326,3.85,157.3,0,11,88,8.93,4.214,-12.6,0.538,3.769,0.0,-2.4,0.6,1.56
1788372993.451,turning,9.326,3.85,156.5,0,11,88,8.93,4.214,-12.2,0.538,3.769,0.0,-2.4,0.6,1.56
1788372993.515,turning,9.326,3.85,155.6,0,11,88,8.93,4.214,-11.7,0.538,3.769,0.0,-2.4,0.6,1.56
1788372993.578,turning,9.323,3.849,154.0,0,11,88,8.93,4.214,-10.5,0.537,3.772,0.0,-2.4,0.6,1.55
1788372993.637,driving,9.321,3.848,153.3,0,11,88,8.93,4.214,-10.2,0.536,3.774,0.3,0.0,0.6,1.55
1788372993.697,driving,9.318,3.847,152.3,0,11,88,8.93,4.214,-9.7,0.534,3.777,0.3,0.0,0.6,1.55
1788372993.755,driving,9.316,3.848,152.3,0,11,88,8.93,4.214,-10.0,0.532,3.777,0.3,0.0,0.6,1.55
1788372993.812,driving,9.307,3.853,152.3,1,12,88,8.908,4.259,-10.5,0.57,3.779,0.3,0.0,0.6,1.55
1788372993.867,driving,9.301,3.856,152.3,1,12,88,8.913,4.299,-11.1,0.588,3.78,0.3,0.0,0.6,1.55
1788372993.92,driving,9.287,3.858,152.1,1,12,88,8.913,4.299,-11.6,0.578,3.786,0.3,0.0,0.6,1.53
1788372993.975,driving,9.282,3.857,151.9,1,12,88,8.913,4.299,-12.1,0.575,3.79,0.3,0.0,0.6,1.53
1788372994.031,driving,9.266,3.862,151.8,1,12,88,8.913,4.299,-12.6,0.561,3.796,0.3,0.0,0.6,1.5
1788372994.085,driving,9.257,3.867,151.8,1,12,88,8.913,4.299,-13.2,0.552,3.797,0.3,0.0,0.6,1.5
1788372994.147,driving,9.239,3.877,151.8,1,12,88,8.913,4.299,-13.9,0.533,3.801,0.3,0.0,0.6,1.48
1788372994.208,driving,9.23,3.882,151.8,3,14,88,8.871,4.425,-14.8,0.651,3.803,0.3,0.0,0.6,1.48
1788372994.271,driving,9.212,3.891,151.8,3,14,88,8.871,4.425,-15.7,0.633,3.806,0.3,0.0,0.6,1.45
1788372994.346,turning,9.203,3.896,151.8,3,14,88,8.871,4.425,-16.5,0.624,3.808,0.0,-2.4,0.6,1.45
1788372994.406,turning,9.193,3.902,151.1,3,14,88,8.871,4.425,-16.6,0.614,3.81,0.0,-2.4,0.6,1.42
1788372994.465,turning,9.193,3.902,150.2,3,14,88,8.871,4.425,-16.5,0.614,3.81,0.0,-2.4,0.6,1.42
1788372994.52,turning,9.193,3.902,149.4,3,14,88,8.871,4.425,-16.4,0.614,3.81,0.0,-2.4,0.6,1.41
1788372994.578,turning,9.193,3.902,147.6,3,14,88,8.871,4.425,-15.4,0.614,3.81,0.0,-2.4,0.6,1.41
1788372994.631,turning,9.193,3.902,146.8,3,14,88,8.871,4.425,-15.2,0.614,3.81,0.0,-2.4,0.6,1.41
1788372994.685,turning,9.193,3.902,145.1,3,14,88,8.871,4.425,-14.0,0.614,3.81,0.0,-2.4,0.6,1.41
1788372994.737,turning,9.19,3.902,144.1,3,14,88,8.871,4.425,-13.7,0.613,3.811,0.0,-2.4,0.6,1.41
1788372994.791,turning,9.182,3.904,142.1,3,14,88,8.871,4.425,-12.3,0.607,3.815,0.0,-2.4,0.6,1.41
1788372994.845,turning,9.181,3.904,141.2,3,14,88,8.871,4.425,-11.9,0.606,3.815,0.0,-2.4,0.6,1.41
1788372994.899,driving,9.181,3.904,139.5,0,12,87,8.878,4.413,-10.7,0.592,3.815,0.3,0.0,0.6,1.41
1788372994.955,driving,9.181,3.904,138.7,0,12,87,8.878,4.413,-10.4,0.592,3.815,0.3,0.0,0.6,1.41
1788372995.011,driving,9.179,3.906,138.5,0,12,87,8.878,4.413,-10.6,0.589,3.815,0.3,0.0,0.6,1.41
1788372995.071,driving,9.176,3.909,138.5,0,12,87,8.878,4.413,-11.1,0.585,3.815,0.3,0.0,0.6,1.41
1788372995.13,driving,9.166,3.918,138.5,0,12,87,8.878,4.413,-11.5,0.573,3.814,0.3,0.0,0.6,1.41
1788372995.191,driving,9.158,3.922,138.5,0,12,87,8.878,4.413,-12.0,0.565,3.816,0.3,0.0,0.6,1.39
1788372995.244,driving,9.142,3.931,138.6,1,13,87,8.866,4.462,-12.7,0.598,3.819,0.3,0.0,0.6,1.39
1788372995.299,driving,9.134,3.938,138.6,1,13,87,8.866,4.462,-13.2,0.588,3.819,0.3,0.0,0.6,1.37
1788372995.353,driving,9.119,3.951,138.6,1,13,87,8.866,4.462,-13.8,0.569,3.818,0.3,0.0,0.6,1.37
1788372995.408,driving,9.111,3.958,138.6,1,13,87,8.866,4.462,-14.3,0.56,3.818,0.3,0.0,0.6,1.35
1788372995.461,driving,9.104,3.965,138.6,2,14,87,8.854,4.51,-14.9,0.6,3.818,0.3,0.0,0.6,1.35
1788372995.516,driving,9.093,3.98,138.5,2,14,87,8.854,4.51,-15.3,0.582,3.813,0.3,0.0,0.6,1.33
1788372995.568,driving,9.09,3.988,138.3,2,14,87,8.854,4.51,-15.7,0.573,3.809,0.3,0.0,0.6,1.33
1788372995.621,turning,9.08,4.003,138.2,2,14,87,8.854,4.51,-16.1,0.555,3.804,0.0,-2.4,0.6,1.3
1788372995.673,turning,9.072,4.01,138.2,3,15,87,8.842,4.559,-16.6,0.595,3.804,0.0,-2.4,0.6,1.3
1788372995.726,turning,9.069,4.013,136.8,3,15,87,8.842,4.559,-15.7,0.592,3.804,0.0,-2.4,0.6,1.28
1788372995.779,turning,9.069,4.013,135.9,3,15,87,8.842,4.559,-15.4,0.592,3.804,0.0,-2.4,0.6,1.28
1788372995.835,turning,9.069,4.013,134.2,3,15,87,8.842,4.559,-14.2,0.592,3.804,0.0,-2.4,0.6,1.28
1788372995.897,turning,9.069,4.013,133.3,3,15,87,8.842,4.559,-13.7,0.592,3.804,0.0,-2.4,0.6,1.28
1788372995.962,turning,9.069,4.013,131.6,0,12,79,8.9,4.574,-12.8,0.587,3.804,0.0,-2.4,0.6,1.28
1788372996.022,turning,9.069,4.013,130.8,0,12,79,8.9,4.574,-12.7,0.587,3.804,0.0,-2.4,0.6,1.28
1788372996.079,turning,9.071,4.013,129.2,0,12,79,8.9,4.574,-11.7,0.587,3.803,0.0,-2.4,0.6,1.29
1788372996.129,turning,9.073,4.013,128.4,0,12,79,8.9,4.574,-11.6,0.588,3.802,0.0,-2.4,0.6,1.29
1788372996.183,driving,9.074,4.013,126.7,0,12,79,8.9,4.574,-10.5,0.588,3.801,0.3,0.0,0.6,1.54
1788372996.242,driving,9.074,4.013,125.8,0,12,79,8.9,4.574,-10.2,0.588,3.801,0.3,0.0,0.6,1.54
1788372996.299,driving,9.072,4.015,125.7,0,12,79,8.9,4.574,-10.5,0.585,3.801,0.3,0.0,0.6,1.54
1788372996.358,driving,9.07,4.018,125.7,0,12,79,8.9,4.574,-11.0,0.581,3.8,0.3,0.0,0.6,1.54
1788372996.419,driving,9.066,4.023,125.7,0,12,79,8.9,4.574,-11.5,0.576,3.798,0.3,0.0,0.6,1.53
1788372996.477,driving,9.057,4.036,125.7,0,12,79,8.9,4.574,-12.0,0.56,3.795,0.3,0.0,0.6,1.53
1788372996.541,driving,9.051,4.045,125.8,1,13,79,8.897,4.624,-12.6,0.599,3.792,0.3,0.0,0.6,1.5
1788372996.606,driving,9.037,4.064,126.2,1,13,79,8.897,4.624,-13.6,0.577,3.787,0.3,0.0,0.6,1.5
1788372996.668,driving,9.03,4.073,126.3,1,13,79,8.897,4.624,-14.3,0.567,3.785,0.3,0.0,0.6,1.48
1788372996.73,driving,9.018,4.089,126.3,2,14,79,8.894,4.674,-14.9,0.598,3.781,0.3,0.0,0.6,1.48
1788372996.79,driving,9.012,4.097,126.3,2,14,79,8.894,4.674,-15.5,0.589,3.779,0.3,0.0,0.6,1.45
1788372996.846,turning,9.0,4.114,126.3,2,14,79,8.894,4.674,-16.1,0.57,3.776,0.0,-2.4,0.6,1.45
1788372996.898,turning,8.994,4.122,126.3,3,15,79,8.891,4.724,-16.7,0.611,3.774,0.0,-2.4,0.6,1.42
1788372996.951,turning,8.993,4.123,124.8,0,12,77,8.897,4.724,-15.8,0.608,3.773,0.0,-2.4,0.6,1.42
1788372997.006,turning,8.993,4.123,123.9,0,12,77,8.897,4.724,-15.5,0.608,3.773,0.0,-2.4,0.6,1.4
1788372997.058,turning,8.993,4.123,122.2,0,12,77,8.897,4.724,-14.4,0.608,3.773,0.0,-2.4,0.6,1.4
1788372997.113,turning,8.993,4.123,121.3,0,12,77,8.897,4.724,-14.0,0.608,3.773,0.0,-2.4,0.6,1.4
1788372997.169,turning,8.993,4.123,119.6,0,12,77,8.897,4.724,-12.8,0.608,3.773,0.0,-2.4,0.6,1.4
1788372997.225,turning,8.993,4.123,118.7,0,12,77,8.897,4.724,-12.4,0.608,3.773,0.0,-2.4,0.6,1.4
1788372997.278,turning,8.993,4.123,117.0,0,12,77,8.897,4.724,-11.1,0.608,3.773,0.0,-2.4,0.6,1.4
1788372997.333,turning,8.993,4.123,116.2,0,12,77,8.897,4.724,-10.7,0.608,3.773,0.0,-2.4,0.6,1.4
1788372997.39,driving,8.993,4.123,115.3,0,12,77,8.897,4.724,-10.2,0.608,3.773,0.3,0.0,0.6,1.4
1788372997.455,driving,8.989,4.123,114.5,0,12,77,8.897,4.724,-9.9,0.608,3.777,0.3,0.0,0.6,1.4
1788372997.517,driving,8.983,4.123,114.9,0,12,77,8.897,4.724,-10.6,0.607,3.78,0.3,0.0,0.6,1.4
1788372997.581,driving,8.974,4.13,115.2,0,12,77,8.897,4.724,-11.3,0.598,3.781,0.3,0.0,0.6,1.39
1788372997.639,driving,8.971,4.137,115.2,0,12,77,8.897,4.724,-11.7,0.591,3.778,0.3,0.0,0.6,1.39
1788372997.695,driving,8.963,4.155,115.2,1,13,77,8.903,4.773,-12.2,0.622,3.771,0.3,0.0,0.6,1.37
1788372997.75,driving,8.958,4.164,115.2,1,13,77,8.903,4.773,-12.7,0.612,3.768,0.3,0.0,0.6,1.37
1788372997.806,driving,8.938,4.192,115.3,1,13,77,8.903,4.773,-13.4,0.583,3.762,0.3,0.0,0.6,1.34
1788372997.859,driving,8.923,4.209,115.5,2,14,77,8.908,4.823,-14.2,0.614,3.761,0.3,0.0,0.6,1.34
1788372997.915,driving,8.906,4.234,115.6,2,14,77,8.908,4.823,-15.0,0.589,3.755,0.3,0.0,0.6,1.32
1788372997.97,driving,8.901,4.243,115.6,0,12,76,8.882,4.823,-15.5,0.581,3.752,0.3,0.0,0.6,1.32
1788372998.024,turning,8.893,4.261,115.6,1,13,76,8.879,4.873,-16.0,0.612,3.745,0.0,-2.4,0.6,1.29
1788372998.077,turning,8.888,4.27,115.6,1,13,76,8.879,4.873,-16.6,0.603,3.742,0.0,-2.4,0.6,1.29
1788372998.132,turning,8.888,4.271,114.0,1,13,76,8.879,4.873,-15.4,0.602,3.742,0.0,-2.4,0.6,1.25
1788372998.194,turning,8.888,4.271,113.1,1,13,76,8.879,4.873,-15.0,0.602,3.742,0.0,-2.4,0.6,1.25
1788372998.259,turning,8.888,4.271,111.4,1,13,76,8.879,4.873,-13.7,0.602,3.742,0.0,-2.4,0.6,1.25
1788372998.338,turning,8.888,4.271,110.5,1,13,76,8.879,4.873,-13.3,0.602,3.742,0.0,-2.4,0.6,1.25
1788372998.426,turning,8.888,4.271,109.7,1,13,76,8.879,4.873,-12.8,0.602,3.742,0.0,-2.4,0.6,1.25
1788372998.496,turning,8.888,4.271,107.9,1,13,76,8.879,4.873,-11.5,0.602,3.742,0.0,-2.4,0.6,1.25
1788372998.564,turning,8.888,4.271,107.2,1,13,76,8.879,4.873,-11.0,0.603,3.742,0.0,-2.4,0.6,1.25
1788372998.628,turning,8.89,4.269,105.7,1,13,76,8.879,4.873,-9.8,0.604,3.742,0.0,-2.4,0.6,1.25
1788372998.682,turning,8.89,4.269,104.9,1,13,76,8.879,4.873,-9.3,0.604,3.742,0.0,-2.4,0.6,1.25
1788372998.739,driving,8.89,4.269,103.1,1,13,76,8.879,4.873,-7.9,0.604,3.742,0.3,0.0,0.6,1.25
1788372998.796,driving,8.89,4.269,102.3,1,13,76,8.879,4.873,-7.3,0.604,3.742,0.3,0.0,0.6,1.25
1788372998.851,driving,8.89,4.272,102.1,1,13,76,8.879,4.873,-7.3,0.602,3.74,0.3,0.0,0.6,1.25
1788372998.917,driving,8.889,4.276,102.1,1,13,76,8.879,4.873,-7.6,0.598,3.738,0.3,0.0,0.6,1.24
1788372998.996,driving,8.886,4.289,102.1,0,12,76,8.915,4.874,-8.0,0.586,3.731,0.3,0.0,0.6,1.24
1788372999.076,driving,8.886,4.3,102.1,1,13,76,8.918,4.924,-8.4,0.625,3.723,0.3,0.0,0.6,1.22
1788372999.147,driving,8.888,4.325,102.0,1,13,76,8.918,4.924,-8.7,0.599,3.704,0.3,0.0,0.6,1.22
1788372999.211,driving,8.887,4.336,101.9,1,13,76,8.918,4.924,-9.0,0.589,3.698,0.299,0.0,0.6,1.19
1788372999.27,driving,8.883,4.356,101.9,2,14,76,8.922,4.973,-9.4,0.619,3.687,0.299,0.0,0.6,1.19
1788372999.328,driving,8.88,4.366,101.9,2,14,76,8.922,4.973,-9.8,0.609,3.682,0.297,0.0,0.6,1.17
1788372999.384,driving,8.876,4.386,101.9,2,14,76,8.922,4.973,-10.2,0.59,3.672,0.297,0.0,0.6,1.17
1788372999.443,driving,8.874,4.397,102.0,2,14,76,8.922,4.973,-10.6,0.579,3.666,0.294,0.0,0.6,1.14
1788372999.5,driving,8.872,4.408,102.0,3,15,76,8.925,5.025,-11.0,0.619,3.66,0.294,0.0,0.6,1.14
1788372999.564,driving,8.867,4.429,102.0,3,15,76,8.925,5.025,-11.5,0.598,3.649,0.291,0.0,0.6,1.11
1788372999.624,driving,8.865,4.439,102.0,3,15,76,8.925,5.025,-11.8,0.589,3.644,0.291,0.0,0.6,1.11
1788372999.682,driving,8.861,4.458,102.0,4,16,76,8.947,5.07,-12.3,0.617,3.634,0.288,0.0,0.6,1.08
1788372999.741,driving,8.859,4.468,102.0,4,16,76,8.947,5.07,-12.8,0.608,3.629,0.288,0.0,0.6,1.08
1788372999.804,driving,8.855,4.487,102.0,4,16,76,8.947,5.07,-13.3,0.59,3.619,0.286,0.0,0.6,1.05
1788372999.872,driving,8.853,4.497,102.0,4,16,76,8.947,5.07,-13.8,0.581,3.615,0.286,0.0,0.6,1.05
1788372999.938,driving,8.85,4.519,102.5,5,17,76,8.97,5.114,-14.8,0.608,3.603,0.283,0.0,0.6,1.02
1788372999.999,driving,8.847,4.531,102.9,0,12,70,8.975,5.125,-15.8,0.608,3.597,0.283,0.0,0.6,1.02
1788373000.055,turning,8.843,4.551,103.2,1,13,70,8.997,5.17,-16.8,0.638,3.587,0.0,-2.4,0.6,0.99
1788373000.111,turning,8.841,4.56,103.2,1,13,70,8.997,5.17,-17.4,0.629,3.583,0.0,-2.4,0.6,0.99
1788373000.165,turning,8.84,4.562,101.6,1,13,70,8.997,5.17,-16.5,0.628,3.582,0.0,-2.4,0.6,0.96
1788373000.218,turning,8.84,4.562,100.7,1,13,70,8.997,5.17,-16.2,0.628,3.582,0.0,-2.4,0.6,0.96
1788373000.274,turning,8.84,4.562,99.0,1,13,70,8.997,5.17,-15.0,0.628,3.582,0.0,-2.4,0.6,0.96
1788373000.329,turning,8.84,4.562,98.1,1,13,70,8.997,5.17,-14.7,0.628,3.582,0.0,-2.4,0.6,0.96
1788373000.386,turning,8.838,4.568,96.1,1,13,70,8.997,5.17,-13.1,0.622,3.579,0.0,-2.4,0.6,0.96
1788373000.447,turning,8.837,4.573,95.0,1,13,70,8.997,5.17,-12.6,0.618,3.577,0.0,-2.4,0.6,0.96
1788373000.502,turning,8.836,4.575,94.1,1,13,70,8.997,5.17,-12.0,0.616,3.576,0.0,-2.4,0.6,0.96
1788373000.557,turning,8.836,4.575,92.3,1,13,70,8.997,5.17,-10.8,0.616,3.576,0.0,-2.4,0.6,0.96
1788373000.617,driving,8.836,4.575,91.5,1,13,70,8.997,5.17,-10.3,0.616,3.576,0.277,0.0,0.6,0.96
1788373000.683,driving,8.836,4.576,90.4,1,13,70,8.997,5.17,-9.7,0.615,3.576,0.277,0.0,0.6,0.96
1788373000.741,driving,8.836,4.578,90.4,1,13,70,8.997,5.17,-10.0,0.613,3.575,0.277,0.0,0.6,0.96
1788373000.795,driving,8.836,4.588,90.4,1,13,70,8.997,5.17,-10.4,0.604,3.568,0.277,0.0,0.6,0.96
1788373000.85,driving,8.836,4.596,90.4,1,13,70,8.997,5.17,-10.7,0.597,3.564,0.276,0.0,0.6,0.94
1788373000.902,driving,8.836,4.614,90.4,2,14,70,9.025,5.225,-11.2,0.64,3.552,0.276,0.0,0.6,0.94
1788373000.958,driving,8.831,4.623,90.3,2,14,70,9.025,5.225,-11.5,0.632,3.549,0.273,0.0,0.6,0.92
1788373001.012,driving,8.819,4.642,89.9,2,14,70,9.025,5.225,-11.6,0.618,3.547,0.273,0.0,0.6,0.92
1788373001.07,driving,8.818,4.651,89.9,0,12,69,8.975,5.225,-11.8,0.595,3.542,0.271,0.0,0.6,0.89
1788373001.127,driving,8.818,4.67,89.9,1,13,69,8.997,5.27,-12.1,0.626,3.531,0.271,0.0,0.6,0.89
1788373001.181,driving,8.818,4.679,89.9,1,13,69,8.997,5.27,-12.4,0.617,3.525,0.269,0.0,0.6,0.87
1788373001.233,driving,8.818,4.698,89.9,1,13,69,8.997,5.27,-12.7,0.6,3.513,0.269,0.0,0.6,0.87
1788373001.291,driving,8.818,4.707,89.9,2,14,69,9.025,5.325,-13.0,0.652,3.508,0.266,0.0,0.6,0.84
1788373001.347,driving,8.818,4.725,89.9,2,14,69,9.025,5.325,-13.4,0.635,3.496,0.266,0.0,0.6,0.84
1788373001.408,driving,8.818,4.734,89.9,2,14,69,9.025,5.325,-13.7,0.626,3.491,0.264,0.0,0.6,0.82
1788373001.469,driving,8.818,4.743,89.9,2,14,69,9.025,5.325,-14.1,0.618,3.485,0.264,0.0,0.6,0.82
1788373001.533,driving,8.818,4.761,89.9,3,15,69,9.075,5.375,-14.6,0.666,3.474,0.262,0.0,0.6,0.79
1788373001.593,driving,8.818,4.77,89.9,3,15,69,9.075,5.375,-15.1,0.657,3.469,0.262,0.0,0.6,0.79
1788373001.654,driving,8.818,4.788,89.9,3,15,69,9.075,5.375,-15.6,0.641,3.458,0.259,0.0,0.6,0.77
1788373001.708,turning,8.818,4.797,89.9,3,15,69,9.075,5.375,-16.1,0.633,3.453,0.0,-2.4,0.6,0.77
1788373001.766,turning,8.817,4.804,89.3,3,15,69,9.075,5.375,-16.0,0.626,3.449,0.0,-2.4,0.6,0.74
1788373001.818,turning,8.816,4.802,88.6,3,15,69,9.075,5.375,-15.7,0.629,3.451,0.0,-2.4,0.6,0.74
1788373001.871,turning,8.815,4.799,86.9,3,15,69,9.075,5.375,-14.5,0.632,3.453,0.0,-2.4,0.6,0.74
1788373001.922,turning,8.815,4.799,86.1,3,15,69,9.075,5.375,-14.1,0.632,3.453,0.0,-2.4,0.6,0.74
1788373001.976,turning,8.815,4.799,84.4,3,15,69,9.075,5.375,-12.7,0.632,3.453,0.0,-2.4,0.6,0.74
1788373002.029,turning,8.815,4.799,83.5,3,15,69,9.075,5.375,-12.2,0.632,3.453,0.0,-2.4,0.6,0.74
1788373002.084,turning,8.815,4.799,81.8,0,12,65,9.075,5.375,-10.9,0.632,3.453,0.0,-2.4,0.6,0.74
1788373002.141,turning,8.815,4.799,80.9,0,12,65,9.075,5.375,-10.3,0.632,3.453,0.0,-2.4,0.6,0.74
1788373002.211,turning,8.811,4.803,79.6,0,12,65,9.075,5.375,-9.4,0.63,3.454,0.0,-2.4,0.6,0.74
1788373002.27,turning,8.808,4.805,79.1,0,12,65,9.075,5.375,-9.1,0.629,3.456,0.0,-2.4,0.6,0.74
1788373002.334,driving,8.806,4.806,77.6,0,12,65,9.075,5.375,-7.9,0.629,3.456,0.256,0.0,0.6,0.74
1788373002.394,driving,8.806,4.806,76.7,0,12,65,9.075,5.375,-7.4,0.629,3.456,0.256,0.0,0.6,0.74
1788373002.453,driving,8.806,4.807,76.6,0,12,65,9.075,5.375,-7.5,0.628,3.456,0.259,0.0,0.6,0.77
1788373002.511,driving,8.807,4.813,76.6,1,12,65,9.075,5.375,-7.8,0.622,3.451,0.259,0.0,0.6,0.77
1788373002.568,driving,8.809,4.823,76.6,1,12,65,9.075,5.375,-8.1,0.613,3.444,0.259,0.0,0.6,0.77
1788373002.622,driving,8.813,4.852,76.8,1,12,65,9.075,5.375,-8.6,0.585,3.424,0.259,0.0,0.6,0.77
1788373002.677,driving,8.815,4.863,76.8,2,13,65,9.125,5.425,-9.1,0.642,3.415,0.261,0.0,0.6,0.78
1788373002.73,driving,8.819,4.88,76.8,2,13,65,9.125,5.425,-9.5,0.625,3.402,0.261,0.0,0.6,0.78
1788373002.784,driving,8.821,4.889,76.8,2,13,65,9.125,5.425,-9.9,0.616,3.395,0.262,0.0,0.6,0.79
1788373002.838,driving,8.825,4.906,76.8,2,13,65,9.125,5.425,-10.3,0.599,3.382,0.262,0.0,0.6,0.79
1788373002.892,driving,8.827,4.91,77.0,3,14,65,9.175,5.475,-11.0,0.664,3.378,0.263,0.0,0.6,0.81
1788373002.952,driving,8.83,4.912,77.5,3,14,65,9.175,5.475,-11.9,0.66,3.374,0.263,0.0,0.6,0.81
1788373003.017,driving,8.832,4.919,77.5,3,14,65,9.175,5.475,-12.4,0.653,3.369,0.264,0.0,0.6,0.82
1788373003.077,driving,8.836,4.937,77.5,0,29,64,9.964,5.87,-13.1,1.464,3.356,0.264,0.0,1.5,0.82
1788373003.135,driving,8.838,4.946,77.5,0,29,64,9.964,5.87,-13.7,1.457,3.349,0.265,0.0,1.5,0.83
1788373003.191,driving,8.841,4.963,77.5,1,30,64,10.009,5.892,-14.3,1.492,3.336,0.265,0.0,1.5,0.83
1788373003.245,driving,8.843,4.972,77.5,1,30,64,10.009,5.892,-14.9,1.485,3.329,0.266,0.0,1.5,0.84
1788373003.297,driving,8.847,4.99,77.5,1,30,64,10.009,5.892,-15.5,1.471,3.316,0.266,0.0,1.5,0.84
1788373003.352,turning,8.849,4.999,77.5,1,30,64,10.009,5.892,-16.1,1.464,3.309,0.0,-2.4,1.5,0.86
1788373003.403,turning,8.851,5.007,77.5,2,31,64,10.054,5.914,-16.7,1.506,3.303,0.0,-2.4,1.5,0.86
1788373003.456,turning,8.852,5.005,75.9,2,31,64,10.054,5.914,-15.6,1.507,3.303,0.0,-2.4,1.5,0.87
1788373003.509,turning,8.853,5.001,74.9,2,31,64,10.054,5.914,-15.2,1.509,3.305,0.0,-2.4,1.5,0.87
1788373003.564,turning,8.854,4.997,73.1,1,30,64,10.009,5.892,-14.0,1.462,3.307,0.0,-2.4,1.5,0.95
1788373003.616,turning,8.854,4.997,72.2,1,30,64,10.009,5.892,-13.6,1.462,3.307,0.0,-2.4,1.5,0.95
1788373003.67,turning,8.854,4.997,70.5,1,30,64,10.009,5.892,-12.4,1.462,3.307,0.0,-2.4,1.5,1.05
1788373003.731,turning,8.854,4.997,69.6,1,30,64,10.009,5.892,-12.1,1.462,3.307,0.0,-2.4,1.5,1.05
1788373003.791,turning,8.854,4.997,67.9,1,30,64,10.009,5.892,-10.8,1.462,3.307,0.0,-2.4,1.5,1.18
1788373003.849,turning,8.854,4.997,67.1,1,30,64,10.009,5.892,-10.5,1.462,3.307,0.0,-2.4,1.5,1.18
1788373003.908,driving,8.854,4.997,65.3,1,30,64,10.009,5.892,-9.2,1.462,3.307,0.3,0.0,1.5,1.34
1788373003.962,driving,8.854,4.997,64.5,1,30,64,10.009,5.892,-8.8,1.462,3.307,0.3,0.0,1.5,1.34
1788373004.015,driving,8.855,5.0,64.4,2,31,64,10.054,5.914,-9.1,1.508,3.304,0.3,0.0,1.5,1.53
1788373004.071,driving,8.857,5.003,64.4,2,31,64,10.054,5.914,-9.6,1.504,3.3,0.3,0.0,1.5,1.53
1788373004.121,driving,8.862,5.011,65.0,0,27,60,10.017,5.921,-10.6,1.47,3.291,0.3,0.0,1.5,1.54
1788373004.173,driving,8.865,5.016,65.4,0,27,60,10.017,5.921,-11.5,1.464,3.286,0.3,0.0,1.5,1.54
1788373004.226,driving,8.873,5.032,65.7,0,27,60,10.017,5.921,-12.1,1.448,3.27,0.3,0.0,1.5,1.58
1788373004.279,driving,8.877,5.042,65.7,0,27,60,10.017,5.921,-12.5,1.439,3.262,0.3,0.0,1.5,1.58
1788373004.335,driving,8.881,5.051,65.7,1,28,60,10.062,5.943,-12.9,1.48,3.253,0.3,0.0,1.5,1.63
1788373004.39,driving,8.89,5.07,65.7,1,28,60,10.062,5.943,-13.3,1.462,3.236,0.3,0.0,1.5,1.63
1788373004.447,driving,8.895,5.079,65.8,1,28,60,10.062,5.943,-13.8,1.452,3.226,0.3,0.0,1.5,1.68
1788373004.507,driving,8.907,5.096,66.1,1,28,60,10.062,5.943,-14.4,1.432,3.207,0.3,0.0,1.5,1.68
1788373004.566,driving,8.912,5.106,66.1,2,29,60,10.106,5.966,-14.9,1.472,3.198,0.3,0.0,1.5,1.73
1788373004.629,driving,8.92,5.124,66.1,2,29,60,10.106,5.966,-15.3,1.455,3.181,0.3,0.0,1.5,1.73
1788373004.692,driving,8.924,5.133,66.1,2,29,60,10.106,5.966,-15.7,1.446,3.172,0.3,0.0,1.5,1.77
1788373004.756,turning,8.932,5.152,66.1,2,29,60,10.106,5.966,-16.1,1.429,3.155,0.0,-2.4,1.5,1.77
1788373004.811,turning,8.936,5.161,66.1,2,29,60,10.106,5.966,-16.4,1.42,3.146,0.0,-2.4,1.5,1.82
1788373004.868,turning,8.937,5.163,64.5,3,31,60,10.196,6.01,-15.3,1.517,3.145,0.0,-2.4,1.5,1.82
1788373004.925,turning,8.937,5.163,63.7,3,31,60,10.196,6.01,-14.8,1.517,3.145,0.0,-2.4,1.5,1.96
1788373004.987,turning,8.937,5.163,62.0,3,31,60,10.196,6.01,-13.4,1.517,3.145,0.0,-2.4,1.5,1.96
1788373005.043,turning,8.939,5.166,61.0,3,31,60,10.196,6.01,-12.8,1.514,3.142,0.0,-2.4,1.5,2.69
1788373005.102,turning,8.943,5.174,59.0,0,26,56,10.159,6.092,-11.1,1.524,3.134,0.0,-2.4,1.5,2.69
1788373005.162,turning,8.943,5.174,58.2,0,26,56,10.159,6.092,-10.5,1.524,3.134,0.0,-2.4,1.5,3.02
1788373005.215,turning,8.943,5.174,56.4,0,26,56,10.159,6.092,-9.1,1.524,3.134,0.0,-2.4,1.5,3.02
1788373005.28,turning,8.943,5.174,55.6,0,26,56,10.159,6.092,-8.5,1.524,3.134,0.0,-2.4,1.5,3.81
1788373005.346,driving,8.943,5.174,54.7,0,26,56,10.159,6.092,-7.9,1.524,3.134,0.3,0.0,1.5,3.81
1788373005.411,driving,8.943,5.174,53.0,0,26,56,10.159,6.092,-6.4,1.524,3.134,0.3,0.0,1.5,3.81
1788373005.476,driving,8.943,5.174,52.8,0,26,56,10.159,6.092,-6.4,1.523,3.133,0.3,0.0,1.5,3.81
1788373005.533,driving,8.947,5.179,52.8,0,26,56,10.159,6.092,-6.7,1.517,3.127,0.3,0.0,1.5,3.8
1788373005.588,driving,8.951,5.184,52.8,0,26,56,10.159,6.092,-6.9,1.512,3.122,0.3,0.0,1.5,3.8
1788373005.645,driving,8.962,5.197,52.9,1,27,56,10.204,6.114,-7.2,1.544,3.105,0.3,0.0,1.5,3.79
1788373005.707,driving,8.969,5.205,52.9,1,27,56,10.204,6.114,-7.5,1.534,3.095,0.3,0.0,1.5,3.79
1788373005.762,driving,8.983,5.221,53.0,1,27,56,10.204,6.114,-7.7,1.513,3.075,0.3,0.0,1.5,3.76
1788373005.817,driving,8.989,5.229,53.0,1,27,56,10.204,6.114,-8.0,1.504,3.066,0.3,0.0,1.5,3.76
1788373005.873,driving,9.001,5.245,53.0,1,27,56,10.204,6.114,-8.2,1.484,3.047,0.3,0.0,1.5,3.73
1788373005.928,driving,9.007,5.253,53.0,2,28,56,10.249,6.137,-8.4,1.524,3.037,0.3,0.0,1.5,3.73
1788373005.985,driving,9.016,5.272,52.8,2,28,56,10.249,6.137,-8.4,1.506,3.02,0.3,0.0,1.5,3.7
1788373006.042,driving,9.02,5.282,52.6,2,28,56,10.249,6.137,-8.5,1.497,3.011,0.3,0.0,1.5,3.7
1788373006.105,driving,9.031,5.299,52.5,2,28,56,10.249,6.137,-8.6,1.478,2.993,0.3,0.0,1.5,3.67
1788373006.171,driving,9.037,5.307,52.5,0,27,54,10.32,6.047,-9.0,1.481,2.984,0.3,0.0,1.5,3.67
1788373006.23,driving,9.049,5.323,52.5,1,29,54,10.409,6.092,-9.3,1.562,2.965,0.3,0.0,1.5,3.64
1788373006.292,driving,9.055,5.331,52.5,1,29,54,10.409,6.092,-9.7,1.553,2.955,0.3,0.0,1.5,3.64
1788373006.35,driving,9.062,5.339,52.5,1,29,54,10.409,6.092,-10.0,1.544,2.945,0.3,0.0,1.5,3.62
1788373006.411,driving,9.074,5.356,52.5,1,29,54,10.409,6.092,-10.3,1.525,2.926,0.3,0.0,1.5,3.62
1788373006.469,driving,9.08,5.364,52.5,1,29,54,10.409,6.092,-10.7,1.516,2.917,0.3,0.0,1.5,3.59
1788373006.522,driving,9.093,5.38,52.5,2,30,54,10.454,6.114,-11.0,1.547,2.898,0.3,0.0,1.5,3.59
1788373006.576,driving,9.098,5.384,52.5,2,30,54,10.454,6.114,-11.4,1.54,2.891,0.3,0.0,1.5,3.56
1788373006.576,driving,9.098,5.384,52.5,2,30,54,10.454,6.114,-11.7,1.54,2.891,0.3,0.0,1.5,3.56
1788373006.689,driving,9.113,5.394,52.6,2,30,54,10.454,6.114,-12.1,1.522,2.873,0.3,0.0,1.5,3.53
1788373006.744,driving,9.125,5.41,52.6,2,30,54,10.454,6.114,-12.4,1.504,2.854,0.3,0.0,1.5,3.53
1788373006.802,driving,9.131,5.418,52.6,2,30,54,10.454,6.114,-12.7,1.495,2.845,0.3,0.0,1.5,3.5
1788373006.862,driving,9.144,5.435,52.6,3,31,54,10.499,6.137,-13.0,1.526,2.826,0.3,0.0,1.5,3.5
1788373006.925,driving,9.15,5.443,52.6,3,31,54,10.499,6.137,-13.4,1.517,2.817,0.3,0.0,1.5,3.47
1788373006.99,driving,9.162,5.459,52.6,3,31,54,10.499,6.137,-13.7,1.498,2.798,0.3,0.0,1.5,3.47
1788373007.053,driving,9.168,5.467,52.6,3,31,54,10.499,6.137,-14.0,1.489,2.788,0.3,0.0,1.5,3.45
1788373007.108,driving,9.181,5.483,52.6,4,32,54,10.575,6.175,-14.3,1.556,2.769,0.3,0.0,1.5,3.45
1788373007.165,driving,9.189,5.491,52.7,0,30,51,10.554,6.164,-14.6,1.522,2.758,0.3,0.0,1.5,3.42
1788373007.222,driving,9.206,5.506,52.9,1,31,51,10.599,6.187,-15.1,1.55,2.736,0.3,0.0,1.5,3.42
1788373007.279,driving,9.212,5.514,52.9,1,31,51,10.599,6.187,-15.4,1.541,2.726,0.3,0.0,1.5,3.39
1788373007.34,driving,9.218,5.523,52.9,1,31,51,10.599,6.187,-15.7,1.532,2.717,0.3,0.0,1.5,3.39
1788373007.399,driving,9.231,5.539,52.9,2,32,51,10.675,6.225,-16.0,1.599,2.698,0.3,0.0,1.5,3.36
1788373007.456,turning,9.237,5.547,52.9,2,32,51,10.675,6.225,-16.2,1.59,2.689,0.0,-2.4,1.5,3.36
1788373007.513,turning,9.245,5.557,52.2,2,32,51,10.675,6.225,-15.9,1.578,2.677,0.0,-2.4,1.5,3.33
1788373007.569,turning,9.245,5.557,51.4,2,32,51,10.675,6.225,-15.3,1.578,2.677,0.0,-2.4,1.5,3.33
1788373007.628,turning,9.245,5.557,49.7,2,32,51,10.675,6.225,-13.9,1.578,2.677,0.0,-2.4,1.5,3.32
1788373007.696,turning,9.245,5.557,48.8,2,32,51,10.675,6.225,-13.3,1.578,2.677,0.0,-2.4,1.5,3.32
1788373007.762,turning,9.24,5.548,47.4,2,32,51,10.675,6.225,-12.1,1.587,2.686,0.0,-2.4,1.5,3.32
1788373007.821,turning,9.236,5.54,46.8,2,32,51,10.675,6.225,-11.7,1.594,2.693,0.0,-2.4,1.5,3.32
1788373007.877,turning,9.232,5.534,45.2,2,32,51,10.675,6.225,-10.5,1.6,2.699,0.0,-2.4,1.5,3.32
1788373007.928,turning,9.232,5.534,44.4,2,32,51,10.675,6.225,-9.8,1.6,2.699,0.0,-2.4,1.5,3.32
1788373007.982,turning,9.232,5.534,42.7,2,32,51,10.675,6.225,-8.3,1.6,2.699,0.0,-2.4,1.5,3.32
1788373008.036,driving,9.232,5.534,41.8,2,32,51,10.675,6.225,-7.7,1.6,2.699,0.3,0.0,1.5,3.32
1788373008.096,driving,9.233,5.535,40.8,2,32,51,10.675,6.225,-6.9,1.599,2.699,0.3,0.0,1.5,3.32
1788373008.151,driving,9.234,5.536,40.8,2,32,51,10.675,6.225,-7.1,1.597,2.696,0.3,0.0,1.5,3.32
1788373008.21,driving,9.242,5.543,40.8,0,27,49,10.575,6.275,-7.2,1.521,2.687,0.3,0.0,1.5,3.31
1788373008.266,driving,9.248,5.548,40.8,1,27,49,10.575,6.275,-7.3,1.514,2.679,0.3,0.0,1.5,3.31
1788373008.328,driving,9.255,5.552,41.1,1,27,49,10.575,6.275,-7.7,1.505,2.671,0.3,0.0,1.5,3.29
1788373008.39,driving,9.268,5.557,42.3,1,27,49,10.575,6.275,-9.1,1.491,2.657,0.3,0.0,1.5,3.29
1788373008.46,driving,9.274,5.561,42.6,1,27,49,10.575,6.275,-9.5,1.484,2.649,0.3,0.0,1.5,3.26
1788373008.524,driving,9.289,5.575,42.6,2,28,49,10.625,6.325,-9.5,1.532,2.629,0.3,0.0,1.5,3.26
1788373008.593,driving,9.297,5.582,42.6,2,28,49,10.625,6.325,-9.6,1.522,2.62,0.3,0.0,1.5,3.23
1788373008.652,driving,9.312,5.596,42.6,2,28,49,10.625,6.325,-9.7,1.502,2.6,0.3,0.0,1.5,3.23
1788373008.711,driving,9.319,5.603,42.6,2,28,49,10.625,6.325,-9.8,1.492,2.59,0.3,0.0,1.5,3.2
1788373008.767,driving,9.334,5.616,42.6,3,29,49,10.675,6.375,-9.9,1.54,2.57,0.3,0.0,1.5,3.2
1788373008.823,driving,9.342,5.623,42.6,3,29,49,10.675,6.375,-10.0,1.53,2.56,0.3,0.0,1.5,3.18
1788373008.879,driving,9.357,5.637,42.6,3,29,49,10.675,6.375,-10.1,1.511,2.54,0.3,0.0,1.5,3.18
1788373008.936,driving,9.364,5.644,42.6,4,30,49,10.725,6.425,-10.1,1.569,2.53,0.3,0.0,1.5,3.15
1788373008.993,driving,9.38,5.658,42.6,4,30,49,10.725,6.425,-10.2,1.549,2.51,0.3,0.0,1.5,3.15
1788373009.046,driving,9.387,5.665,42.6,4,30,49,10.725,6.425,-10.3,1.539,2.5,0.3,0.0,1.5,3.12
1788373009.103,driving,9.402,5.679,42.6,5,30,49,10.725,6.425,-10.3,1.519,2.481,0.3,0.0,1.5,3.12
1788373009.163,driving,9.41,5.685,42.6,5,30,49,10.725,6.425,-10.4,1.509,2.471,0.3,0.0,1.5,3.09
1788373009.224,driving,9.425,5.699,42.6,0,28,47,10.72,6.447,-10.5,1.496,2.451,0.3,0.0,1.5,3.09
1788373009.294,driving,9.425,5.702,42.7,0,28,47,10.72,6.447,-10.7,1.494,2.45,0.3,0.0,1.5,3.06
1788373009.361,driving,9.424,5.704,42.9,0,28,47,10.72,6.447,-10.9,1.494,2.449,0.3,0.0,1.5,3.06
1788373009.42,driving,9.431,5.714,43.1,1,29,47,10.764,6.47,-11.1,1.533,2.438,0.3,0.0,1.5,3.02
1788373009.477,driving,9.438,5.721,43.1,1,29,47,10.764,6.47,-11.2,1.523,2.429,0.3,0.0,1.5,3.02
1788373009.533,driving,9.453,5.734,43.1,1,29,47,10.764,6.47,-11.3,1.503,2.409,0.3,0.0,1.5,3.0
1788373009.586,driving,9.461,5.741,43.1,1,29,47,10.764,6.47,-11.3,1.493,2.399,0.3,0.0,1.5,3.0
1788373009.64,driving,9.476,5.755,43.1,2,30,47,10.809,6.492,-11.4,1.524,2.379,0.3,0.0,1.5,2.97
1788373009.694,driving,9.483,5.762,43.1,2,30,47,10.809,6.492,-11.5,1.514,2.369,0.3,0.0,1.5,2.97
1788373009.75,driving,9.498,5.776,43.1,2,30,47,10.809,6.492,-11.5,1.494,2.35,0.3,0.0,1.5,2.94
1788373009.804,driving,9.505,5.783,43.1,2,30,47,10.809,6.492,-11.6,1.484,2.34,0.3,0.0,1.5,2.94
1788373009.86,driving,9.525,5.797,42.6,3,32,47,10.899,6.537,-11.2,1.56,2.316,0.3,0.0,1.5,2.91
1788373009.912,driving,9.535,5.804,42.2,3,32,47,10.899,6.537,-10.9,1.548,2.304,0.3,0.0,1.5,2.91
1788373009.98,driving,9.552,5.818,41.9,3,32,47,10.899,6.537,-10.7,1.527,2.283,0.3,0.0,1.5,2.88
1788373010.046,driving,9.56,5.824,41.9,3,32,47,10.899,6.537,-10.8,1.517,2.273,0.3,0.0,1.5,2.88
1788373010.112,driving,9.575,5.838,41.9,4,33,47,10.943,6.559,-10.9,1.547,2.253,0.3,0.0,1.5,2.85
1788373010.175,driving,9.583,5.845,41.9,4,33,47,10.943,6.559,-11.0,1.537,2.243,0.3,0.0,1.5,2.85
1788373010.234,driving,9.598,5.858,41.9,0,29,43,10.914,6.57,-11.0,1.497,2.223,0.3,0.0,1.5,2.82
1788373010.293,driving,9.605,5.865,41.9,0,29,43,10.914,6.57,-11.1,1.487,2.213,0.3,0.0,1.5,2.82
1788373010.348,driving,9.613,5.872,41.9,1,30,43,10.959,6.592,-11.2,1.527,2.204,0.3,0.0,1.5,2.79
1788373010.405,driving,9.628,5.886,41.9,1,30,43,10.959,6.592,-11.2,1.507,2.184,0.3,0.0,1.5,2.79
1788373010.463,driving,9.638,5.895,41.9,1,30,43,10.959,6.592,-11.2,1.494,2.171,0.3,0.0,1.5,2.76
1788373010.516,driving,9.663,5.917,41.5,2,31,43,11.004,6.614,-11.0,1.512,2.139,0.3,0.0,1.5,2.76
1788373010.576,driving,9.672,5.925,41.5,2,31,43,11.004,6.614,-11.0,1.499,2.127,0.3,0.0,1.5,2.73
1788373010.629,driving,9.688,5.938,41.5,3,32,43,11.049,6.637,-11.1,1.53,2.107,0.3,0.0,1.5,2.73
1788373010.685,driving,9.695,5.945,41.5,3,32,43,11.049,6.637,-11.2,1.52,2.097,0.3,0.0,1.5,2.7
1788373010.741,driving,9.711,5.959,41.5,3,32,43,11.049,6.637,-11.2,1.5,2.077,0.3,0.0,1.5,2.7
1788373010.808,driving,9.718,5.966,41.5,3,32,43,11.049,6.637,-11.3,1.49,2.068,0.3,0.0,1.5,2.67
1788373010.876,driving,9.734,5.979,41.5,4,33,43,11.125,6.675,-11.4,1.556,2.048,0.3,0.0,1.5,2.67
1788373010.942,driving,9.741,5.986,41.5,4,33,43,11.125,6.675,-11.5,1.546,2.038,0.3,0.0,1.5,2.64
1788373010.999,driving,9.756,5.999,41.5,4,33,43,11.125,6.675,-11.6,1.526,2.018,0.3,0.0,1.5,2.64
1788373011.056,driving,9.762,6.007,41.4,5,34,43,11.167,6.703,-11.6,1.567,2.01,0.3,0.0,1.5,2.61
1788373011.108,driving,9.773,6.024,41.3,5,34,43,11.167,6.703,-11.6,1.55,1.993,0.3,0.0,1.5,2.61
1788373011.159,driving,9.78,6.031,41.3,5,34,43,11.167,6.703,-11.7,1.541,1.984,0.3,0.0,1.5,2.58
1788373011.212,driving,9.795,6.045,41.3,5,34,43,11.167,6.703,-11.8,1.521,1.964,0.3,0.0,1.5,2.58
1788373011.264,driving,9.803,6.051,41.3,1,31,40,11.203,6.728,-11.9,1.555,1.954,0.3,0.0,1.5,2.55
1788373011.32,driving,9.811,6.058,41.3,1,31,40,11.203,6.728,-12.0,1.545,1.944,0.3,0.0,1.5,2.55
1788373011.374,driving,9.826,6.072,41.3,1,31,40,11.203,6.728,-12.1,1.525,1.925,0.3,0.0,1.5,2.52
1788373011.429,driving,9.834,6.078,41.3,2,32,40,11.248,6.749,-12.2,1.566,1.915,0.3,0.0,1.5,2.52
1788373011.495,driving,9.849,6.092,41.3,2,32,40,11.248,6.749,-12.3,1.546,1.896,0.3,0.0,1.5,2.49
1788373011.554,driving,9.857,6.099,41.3,2,32,40,11.248,6.749,-12.4,1.536,1.886,0.3,0.0,1.5,2.49
1788373011.616,driving,9.87,6.108,41.5,2,32,40,11.248,6.749,-12.7,1.52,1.87,0.3,0.0,1.5,2.46
1788373011.682,driving,9.875,6.111,41.7,3,33,40,11.294,6.77,-13.0,1.564,1.863,0.3,0.0,1.5,2.46
1788373011.747,driving,9.889,6.122,41.9,3,33,40,11.294,6.77,-13.2,1.547,1.847,0.3,0.0,1.5,2.43
1788373011.804,driving,9.896,6.129,41.9,3,33,40,11.294,6.77,-13.3,1.538,1.837,0.3,0.0,1.5,2.43
1788373011.86,driving,9.911,6.142,41.9,3,33,40,11.294,6.77,-13.4,1.518,1.818,0.3,0.0,1.5,2.4
1788373011.913,driving,9.919,6.149,41.9,4,34,40,11.339,6.791,-13.5,1.558,1.808,0.3,0.0,1.5,2.4
1788373011.975,driving,9.934,6.163,41.9,4,34,40,11.339,6.791,-13.6,1.539,1.789,0.3,0.0,1.5,2.37
1788373012.032,driving,9.942,6.169,41.9,4,34,40,11.339,6.791,-13.7,1.529,1.779,0.3,0.0,1.5,2.37
1788373012.093,driving,9.957,6.183,41.9,5,35,40,11.385,6.811,-13.9,1.56,1.76,0.3,0.0,1.5,2.35
1788373012.152,driving,9.965,6.19,41.9,5,35,40,11.385,6.811,-14.0,1.55,1.75,0.3,0.0,1.5,2.35
1788373012.212,driving,9.977,6.199,41.7,5,35,40,11.385,6.811,-13.9,1.535,1.735,0.3,0.0,1.5,2.31
1788373012.27,driving,9.983,6.203,41.5,0,30,35,11.373,6.819,-13.8,1.52,1.728,0.3,0.0,1.5,2.31
1788373012.34,driving,9.989,6.208,41.5,0,30,35,11.373,6.819,-13.8,1.512,1.72,0.3,0.0,1.5,2.29
1788373012.408,driving,10.005,6.221,41.5,0,30,35,11.373,6.819,-13.9,1.493,1.701,0.3,0.0,1.5,2.29
1788373012.475,driving,10.012,6.228,41.5,1,31,35,11.42,6.836,-14.0,1.533,1.691,0.3,0.0,1.5,2.26
1788373012.535,driving,10.027,6.241,41.5,1,31,35,11.42,6.836,-14.2,1.514,1.672,0.3,0.0,1.5,2.26
1788373012.595,driving,10.035,6.248,41.5,1,31,35,11.42,6.836,-14.3,1.504,1.663,0.3,0.0,1.5,2.23
1788373012.649,driving,10.05,6.262,41.5,2,32,35,11.466,6.853,-14.4,1.535,1.643,0.3,0.0,1.5,2.23
1788373012.705,driving,10.058,6.268,41.5,2,32,35,11.466,6.853,-14.5,1.525,1.634,0.3,0.0,1.5,2.2
1788373012.757,driving,10.073,6.282,41.5,2,32,35,11.466,6.853,-14.6,1.506,1.615,0.3,0.0,1.5,2.2
1788373012.81,driving,10.082,6.289,41.4,2,32,35,11.466,6.853,-14.7,1.495,1.604,0.3,0.0,1.5,2.17
1788373012.86,driving,10.099,6.304,41.3,3,33,35,11.525,6.875,-14.7,1.536,1.583,0.3,0.0,1.5,2.17
1788373012.913,driving,10.107,6.311,41.3,3,33,35,11.525,6.875,-14.8,1.526,1.573,0.3,0.0,1.5,2.14
1788373012.965,driving,10.122,6.324,41.3,4,34,35,11.575,6.875,-15.0,1.554,1.554,0.3,0.0,1.5,2.14
1788373013.022,driving,10.13,6.331,41.3,4,34,35,11.575,6.875,-15.1,1.544,1.544,0.3,0.0,1.5,2.11
1788373013.075,driving,10.145,6.344,41.3,4,34,35,11.575,6.875,-15.2,1.525,1.525,0.3,0.0,1.5,2.11
1788373013.137,driving,10.153,6.351,41.3,4,34,35,11.575,6.875,-15.4,1.515,1.515,0.3,0.0,1.5,2.08
1788373013.202,driving,10.168,6.365,41.3,5,34,35,11.575,6.875,-15.5,1.496,1.496,0.3,0.0,1.5,2.08
1788373013.268,driving,10.176,6.371,41.3,5,34,35,11.575,6.875,-15.7,1.487,1.487,0.3,0.0,1.5,2.05
1788373013.33,driving,10.184,6.378,41.3,0,29,30,11.575,6.875,-15.8,1.477,1.477,0.3,0.0,1.5,2.05
1788373013.39,turning,10.193,6.391,41.5,0,29,30,11.575,6.875,-16.1,1.465,1.465,0.0,-2.4,1.5,2.02
1788373013.446,turning,10.194,6.397,41.6,0,29,30,11.575,6.875,-16.4,1.461,1.461,0.0,-2.4,1.5,2.02
1788373013.505,turning,10.191,6.398,40.4,0,29,30,11.575,6.875,-15.3,1.464,1.464,0.0,-2.4,1.5,1.99
1788373013.561,turning,10.191,6.398,39.5,0,29,30,11.575,6.875,-14.6,1.464,1.464,0.0,-2.4,1.5,1.99
1788373013.617,turning,10.191,6.398,37.8,0,29,30,11.575,6.875,-13.0,1.464,1.464,0.0,-2.4,1.5,1.99
1788373013.67,turning,10.191,6.398,36.9,0,29,30,11.575,6.875,-12.3,1.464,1.464,0.0,-2.4,1.5,1.99
1788373013.724,turning,10.191,6.398,35.2,0,29,30,11.575,6.875,-10.7,1.464,1.464,0.0,-2.4,1.5,1.99
1788373013.781,turning,10.191,6.398,34.3,0,29,30,11.575,6.875,-10.0,1.464,1.464,0.0,-2.4,1.5,1.99
1788373013.837,turning,10.191,6.398,32.6,0,29,30,11.575,6.875,-8.4,1.464,1.464,0.0,-2.4,1.5,1.99
1788373013.894,turning,10.191,6.398,31.8,0,29,30,11.575,6.875,-7.7,1.464,1.464,0.0,-2.4,1.5,1.99
1788373013.962,driving,10.194,6.404,30.0,1,29,30,11.575,6.875,-6.1,1.459,1.459,0.3,0.0,1.5,1.99
1788373013.962,driving,10.194,6.404,30.0,1,29,30,11.575,6.875,-6.2,1.459,1.459,0.3,0.0,1.5,1.99
1788373014.084,driving,10.2,6.413,28.9,1,29,30,11.575,6.875,-5.2,1.451,1.451,0.3,0.0,1.5,1.99
1788373014.142,driving,10.203,6.415,28.9,1,29,30,11.575,6.875,-5.3,1.447,1.447,0.3,0.0,1.5,1.99
1788373014.197,driving,10.214,6.421,28.9,1,29,30,11.575,6.875,-5.4,1.434,1.434,0.3,0.0,1.5,1.98
1788373014.252,driving,10.222,6.425,28.9,1,29,30,11.575,6.875,-5.6,1.425,1.425,0.3,0.0,1.5,1.98
1788373014.306,driving,10.233,6.432,28.8,1,29,30,11.575,6.875,-5.6,1.413,1.413,0.3,0.0,1.5,1.95
1788373014.361,driving,10.258,6.448,28.5,1,28,29,11.575,6.875,-5.4,1.385,1.385,0.3,0.0,1.5,1.95
1788373014.418,driving,10.268,6.454,28.4,1,28,29,11.575,6.875,-5.5,1.373,1.373,0.3,0.0,1.5,1.92
1788373014.473,driving,10.286,6.464,28.4,1,28,29,11.575,6.875,-5.6,1.353,1.353,0.3,0.0,1.5,1.92
1788373014.524,driving,10.295,6.469,28.4,2,28,29,11.575,6.875,-5.7,1.343,1.343,0.3,0.0,1.5,1.89
1788373014.576,driving,10.313,6.478,28.4,2,28,29,11.575,6.875,-5.9,1.323,1.323,0.3,0.0,1.5,1.89
1788373014.627,driving,10.322,6.483,28.4,2,28,29,11.575,6.875,-6.0,1.313,1.313,0.3,0.0,1.5,1.86
1788373014.682,driving,10.34,6.493,28.4,3,28,29,11.575,6.875,-6.1,1.293,1.293,0.3,0.0,1.5,1.86
1788373014.743,driving,10.349,6.498,28.4,3,28,29,11.575,6.875,-6.3,1.283,1.283,0.3,0.0,1.5,1.83
1788373014.804,driving,10.367,6.508,28.4,3,28,29,11.575,6.875,-6.4,1.263,1.263,0.3,0.0,1.5,1.83
1788373014.869,driving,10.376,6.512,28.4,3,28,29,11.575,6.875,-6.5,1.253,1.253,0.3,0.0,1.5,1.8
1788373014.927,driving,10.394,6.522,28.4,4,28,29,11.575,6.875,-6.6,1.233,1.233,0.3,0.0,1.5,1.8
1788373014.984,driving,10.403,6.527,28.4,4,28,29,11.575,6.875,-6.8,1.223,1.223,0.3,0.0,1.5,1.77
1788373015.04,driving,10.421,6.537,28.4,4,28,29,11.575,6.875,-6.9,1.203,1.203,0.3,0.0,1.5,1.77
1788373015.096,driving,10.431,6.539,28.3,5,28,29,11.575,6.875,-6.9,1.192,1.192,0.3,0.0,1.5,1.74
1788373015.152,driving,10.453,6.542,28.1,5,28,29,11.575,6.875,-6.8,1.17,1.17,0.3,0.0,1.5,1.74
1788373015.208,driving,10.462,6.547,28.1,5,28,29,11.575,6.875,-7.0,1.16,1.16,0.3,0.0,1.5,1.71
1788373015.262,driving,10.471,6.552,28.1,5,28,29,11.575,6.875,-7.1,1.15,1.15,0.3,0.0,1.5,1.71
1788373015.318,driving,10.489,6.561,28.1,6,28,29,11.575,6.875,-7.2,1.131,1.131,0.3,0.0,1.5,1.68
1788373015.377,driving,10.498,6.566,28.1,0,22,23,11.575,6.875,-7.3,1.121,1.121,0.3,0.0,1.5,1.68
1788373015.438,driving,10.516,6.576,28.1,1,22,23,11.575,6.875,-7.4,1.101,1.101,0.3,0.0,1.5,1.65
1788373015.5,driving,10.525,6.581,28.1,1,22,23,11.575,6.875,-7.6,1.091,1.091,0.3,0.0,1.5,1.65
1788373015.569,driving,10.542,6.594,28.3,1,22,23,11.575,6.875,-7.9,1.071,1.071,0.3,0.0,1.5,1.62
1788373015.634,driving,10.55,6.601,28.5,2,22,23,11.575,6.875,-8.2,1.061,1.061,0.3,0.0,1.5,1.62
1788373015.701,driving,10.567,6.614,28.6,2,22,23,11.575,6.875,-8.5,1.041,1.041,0.3,0.0,1.5,1.59
1788373015.757,driving,10.576,6.619,28.6,2,22,23,11.575,6.875,-8.7,1.032,1.032,0.3,0.0,1.5,1.59
1788373015.816,driving,10.594,6.628,28.6,3,22,23,11.575,6.875,-8.8,1.012,1.012,0.3,0.0,1.5,1.56
1788373015.872,driving,10.603,6.633,28.6,3,22,23,11.575,6.875,-9.0,1.002,1.002,0.3,0.0,1.5,1.56
1788373015.926,driving,10.621,6.643,28.6,3,22,23,11.575,6.875,-9.1,0.982,0.982,0.3,0.0,1.5,1.53
1788373015.983,driving,10.629,6.648,28.6,3,22,23,11.575,6.875,-9.3,0.972,0.972,0.3,0.0,1.5,1.53
1788373016.042,driving,10.654,6.661,28.5,4,22,23,11.575,6.875,-9.3,0.945,0.945,0.3,0.0,1.5,1.5
1788373016.096,driving,10.669,6.668,28.4,4,22,23,11.575,6.875,-9.3,0.93,0.93,0.3,0.0,1.5,1.5
1788373016.147,driving,10.69,6.679,28.4,5,22,23,11.575,6.875,-9.4,0.907,0.907,0.3,0.0,1.5,1.47
1788373016.199,driving,10.699,6.684,28.4,5,22,23,11.575,6.875,-9.6,0.897,0.897,0.3,0.0,1.5,1.47
1788373016.255,driving,10.708,6.689,28.4,5,22,23,11.575,6.875,-9.8,0.887,0.887,0.3,0.0,1.5,1.44
1788373016.32,driving,10.725,6.699,28.4,6,22,23,11.575,6.875,-9.9,0.868,0.868,0.3,0.0,1.5,1.44
1788373016.382,driving,10.734,6.704,28.4,0,17,18,11.575,6.875,-10.1,0.858,0.858,0.3,0.0,1.5,1.41
1788373016.447,driving,10.752,6.713,28.4,0,17,18,11.575,6.875,-10.3,0.838,0.838,0.3,0.0,1.5,1.41
1788373016.507,driving,10.761,6.719,28.5,1,17,18,11.575,6.875,-10.6,0.829,0.829,0.3,0.0,1.5,1.38
1788373016.565,driving,10.775,6.731,28.9,1,17,18,11.575,6.875,-11.1,0.813,0.813,0.3,0.0,1.5,1.38
1788373016.621,driving,10.784,6.736,28.9,1,17,18,11.575,6.875,-11.4,0.803,0.803,0.3,0.0,1.5,1.35
1788373016.675,driving,10.802,6.746,28.9,2,17,18,11.575,6.875,-11.6,0.784,0.784,0.3,0.0,1.5,1.35
1788373016.729,driving,10.81,6.751,28.9,2,17,18,11.575,6.875,-11.8,0.775,0.775,0.3,0.0,1.5,1.32
1788373016.788,driving,10.828,6.761,28.9,2,17,18,11.575,6.875,-12.0,0.755,0.755,0.3,0.0,1.5,1.32
1788373016.845,driving,10.837,6.766,28.9,2,17,18,11.575,6.875,-12.2,0.746,0.746,0.3,0.0,1.5,1.29
1788373016.901,driving,10.855,6.775,28.9,3,17,18,11.575,6.875,-12.4,0.727,0.727,0.3,0.0,1.5,1.29
1788373016.957,driving,10.863,6.779,29.0,3,17,18,11.575,6.875,-12.7,0.719,0.719,0.3,0.0,1.5,1.26
1788373017.014,driving,10.877,6.787,29.1,3,17,18,11.575,6.875,-13.0,0.704,0.704,0.3,0.0,1.5,1.26
1788373017.08,driving,10.885,6.791,29.1,3,17,18,11.575,6.875,-13.3,0.695,0.695,0.3,0.0,1.5,1.23
1788373017.15,driving,10.903,6.801,29.1,4,17,18,11.575,6.875,-13.5,0.676,0.676,0.3,0.0,1.5,1.23
1788373017.219,driving,10.912,6.806,29.1,4,17,18,11.575,6.875,-13.7,0.666,0.666,0.3,0.0,1.5,1.2
1788373017.279,driving,10.921,6.811,29.1,4,17,18,11.575,6.875,-14.0,0.657,0.657,0.3,0.0,1.5,1.2
1788373017.337,driving,10.939,6.821,29.1,5,17,18,11.575,6.875,-14.2,0.638,0.638,0.297,0.0,1.5,1.17
1788373017.401,driving,10.948,6.826,29.1,0,13,14,11.575,6.875,-14.5,0.629,0.629,0.297,0.0,1.5,1.17
1788373017.458,driving,10.966,6.837,29.0,1,13,14,11.575,6.875,-14.6,0.611,0.611,0.294,0.0,1.5,1.14
1788373017.512,driving,10.975,6.842,28.9,1,13,14,11.575,6.875,-14.8,0.601,0.601,0.294,0.0,1.5,1.14
1788373017.571,driving,10.992,6.852,28.8,1,13,14,11.575,6.875,-15.0,0.583,0.583,0.292,0.0,1.5,1.11
1788373017.627,driving,11.001,6.857,28.8,2,13,14,11.575,6.875,-15.3,0.574,0.574,0.292,0.0,1.5,1.11
1788373017.683,driving,11.019,6.866,28.8,2,13,14,11.575,6.875,-15.6,0.556,0.556,0.289,0.0,1.5,1.08
1788373017.736,driving,11.027,6.871,28.8,2,13,14,11.575,6.875,-15.9,0.548,0.548,0.289,0.0,1.5,1.08
1788373017.796,turning,11.045,6.881,28.8,2,13,14,11.575,6.875,-16.3,0.531,0.531,0.0,-2.4,1.5,1.05
1788373017.855,turning,11.053,6.885,28.8,3,13,14,11.575,6.875,-16.6,0.522,0.522,0.0,-2.4,1.5,1.05
1788373017.918,turning,11.066,6.887,27.4,3,13,14,11.575,6.875,-15.6,0.51,0.51,0.0,-2.4,1.5,1.03
1788373017.985,turning,11.074,6.888,26.7,3,13,14,11.575,6.875,-15.2,0.501,0.501,0.0,-2.4,1.5,1.03
1788373018.048,turning,11.08,6.889,25.1,3,13,14,11.575,6.875,-14.0,0.495,0.495,0.0,-2.4,1.5,1.02
1788373018.106,turning,11.08,6.889,24.3,3,13,14,11.575,6.875,-13.4,0.495,0.495,0.0,-2.4,1.5,1.02
1788373018.165,turning,11.08,6.889,22.5,3,13,14,11.575,6.875,-12.0,0.495,0.495,0.0,-2.4,1.5,1.02
1788373018.224,turning,11.08,6.889,21.7,3,13,14,11.575,6.875,-11.4,0.495,0.495,0.0,-2.4,1.5,1.02
1788373018.281,turning,11.08,6.889,20.8,3,13,14,11.575,6.875,-10.9,0.495,0.495,0.0,-2.4,1.5,1.02
1788373018.34,turning,11.08,6.889,19.1,3,13,14,11.575,6.875,-9.4,0.495,0.495,0.0,-2.4,1.5,1.02
1788373018.397,turning,11.08,6.889,18.3,3,13,14,11.575,6.875,-8.9,0.495,0.495,0.0,-2.4,1.5,1.02
1788373018.452,driving,11.08,6.889,16.5,0,10,11,11.575,6.875,-7.4,0.495,0.495,0.283,0.0,1.5,1.02
1788373018.51,driving,11.08,6.889,15.7,0,10,11,11.575,6.875,-6.8,0.495,0.495,0.283,0.0,1.5,1.02
1788373018.566,driving,11.082,6.89,15.5,0,10,11,11.575,6.875,-6.9,0.493,0.493,0.283,0.0,1.5,1.02
1788373018.628,driving,11.086,6.891,15.5,0,10,11,11.575,6.875,-7.1,0.489,0.489,0.282,0.0,1.5,1.01
1788373018.694,driving,11.099,6.894,15.5,0,10,11,11.575,6.875,-7.4,0.476,0.476,0.282,0.0,1.5,1.01
1788373018.763,driving,11.107,6.898,15.6,1,10,11,11.575,6.875,-7.8,0.469,0.469,0.281,0.0,1.5,1.0
1788373018.827,driving,11.123,6.908,15.8,1,10,11,11.575,6.875,-8.3,0.453,0.453,0.281,0.0,1.5,1.0
1788373018.884,driving,11.132,6.911,15.8,1,10,11,11.575,6.875,-8.6,0.445,0.445,0.278,0.0,1.5,0.97
1788373018.938,driving,11.15,6.916,15.8,2,10,11,11.575,6.875,-8.9,0.427,0.427,0.278,0.0,1.5,0.97
1788373018.995,driving,11.159,6.919,15.8,2,10,11,11.575,6.875,-9.3,0.418,0.418,0.276,0.0,1.5,0.94
1788373019.048,driving,11.177,6.924,15.8,2,10,11,11.575,6.875,-9.6,0.401,0.401,0.276,0.0,1.5,0.94
1788373019.106,driving,11.188,6.925,15.7,2,10,11,11.575,6.875,-9.8,0.39,0.39,0.273,0.0,1.5,0.91
1788373019.161,driving,11.211,6.928,15.4,3,10,11,11.575,6.875,-9.8,0.368,0.368,0.273,0.0,1.5,0.91
1788373019.217,driving,11.22,6.93,15.4,3,10,11,11.575,6.875,-10.2,0.359,0.359,0.27,0.0,1.5,0.89
1788373019.27,driving,11.229,6.933,15.4,3,10,11,11.575,6.875,-10.5,0.351,0.351,0.263,0.0,1.5,0.89
1788373019.326,driving,11.246,6.937,15.4,3,10,11,11.575,6.875,-10.9,0.335,0.335,0.251,0.0,1.5,0.86
1788373019.385,driving,11.255,6.94,15.4,4,10,11,11.575,6.875,-11.3,0.327,0.327,0.245,0.0,1.5,0.86
1788373019.447,driving,11.271,6.944,15.4,4,10,11,11.575,6.875,-11.7,0.312,0.312,0.234,0.0,1.5,0.84
1788373019.508,driving,11.279,6.946,15.4,0,6,7,11.575,6.875,-12.2,0.304,0.304,0.228,0.0,1.5,0.84
1788373019.568,driving,11.295,6.951,15.4,0,6,7,11.575,6.875,-12.6,0.29,0.29,0.22,0.0,1.5,0.81
1788373019.624,driving,11.302,6.953,15.4,0,6,7,11.575,6.875,-13.1,0.284,0.284,0.22,0.0,1.5,0.81
1788373019.68,driving,11.321,6.96,15.5,1,6,7,11.575,6.875,-13.7,0.267,0.267,0.22,0.0,1.5,0.79
1788373019.732,driving,11.333,6.964,15.5,1,6,7,11.575,6.875,-14.3,0.258,0.258,0.22,0.0,1.5,0.79
1788373019.794,driving,11.35,6.97,15.6,1,6,7,11.575,6.875,-14.9,0.244,0.244,0.22,0.0,1.5,0.77
1788373019.848,driving,11.357,6.972,15.6,1,6,7,11.575,6.875,-15.5,0.238,0.238,0.22,0.0,1.5,0.77
1788373019.904,turning,11.372,6.976,15.6,2,6,7,11.575,6.875,-16.2,0.227,0.227,0.0,-2.4,1.5,0.75
1788373019.96,turning,11.379,6.978,15.6,2,6,7,11.575,6.875,-16.9,0.222,0.222,0.0,-2.4,1.5,0.75
1788373020.017,turning,11.379,6.978,13.9,2,6,7,11.575,6.875,-15.9,0.221,0.221,0.0,-2.4,1.5,0.73
1788373020.075,turning,11.379,6.978,13.1,2,6,7,11.575,6.875,-15.7,0.221,0.221,0.0,-2.4,1.5,0.73
1788373020.132,turning,11.379,6.978,11.4,2,6,7,11.575,6.875,-14.6,0.221,0.221,0.0,-2.4,1.5,0.73
1788373020.193,turning,11.379,6.978,10.5,2,6,7,11.575,6.875,-14.3,0.221,0.221,0.0,-2.4,1.5,0.73
1788373020.261,turning,11.38,6.979,9.6,2,6,7,11.575,6.875,-14.0,0.221,0.221,0.0,-2.4,1.5,0.72
1788373020.327,turning,11.383,6.983,7.6,2,6,7,11.575,6.875,-12.6,0.22,0.22,0.0,-2.4,1.5,0.72
1788373020.395,turning,11.383,6.983,6.7,2,6,7,11.575,6.875,-12.3,0.22,0.22,0.0,-2.4,1.5,0.72
1788373020.454,driving,11.383,6.983,5.0,2,6,7,11.575,6.875,-11.2,0.22,0.22,0.22,0.0,1.5,0.72
1788373020.509,driving,11.383,6.983,4.1,0,4,5,11.575,6.875,-10.9,0.22,0.22,0.22,0.0,1.5,0.72
1788373020.567,driving,11.386,6.984,3.9,0,4,5,11.575,6.875,-11.2,0.218,0.218,0.22,0.0,1.5,0.72
1788373020.624,driving,11.39,6.984,3.9,0,4,5,11.575,6.875,-11.8,0.215,0.215,0.22,0.0,1.5,0.72
1788373020.68,driving,11.402,6.985,3.9,0,4,5,11.575,6.875,-12.4,0.205,0.205,0.22,0.0,1.5,0.72
1788373020.74,driving,11.41,6.985,3.9,1,4,5,11.575,6.875,-13.0,0.199,0.199,0.22,0.0,1.5,0.7
1788373020.797,driving,11.425,6.986,3.9,1,4,5,11.575,6.875,-13.7,0.187,0.187,0.22,0.0,1.5,0.7
1788373020.851,driving,11.432,6.987,3.8,1,4,5,11.575,6.875,-14.3,0.182,0.182,0.22,0.0,1.5,0.68
1788373020.907,driving,11.448,6.989,3.6,1,4,5,11.575,6.875,-14.9,0.171,0.171,0.22,0.0,1.5,0.68
1788373020.971,driving,11.455,6.99,3.6,1,4,5,11.575,6.875,-15.7,0.166,0.166,0.22,0.0,1.5,0.66
1788373021.035,turning,11.47,6.991,3.6,2,4,5,11.575,6.875,-16.6,0.156,0.156,0.0,-2.4,1.5,0.66
1788373021.098,turning,11.477,6.991,3.6,2,4,5,11.575,6.875,-17.5,0.152,0.152,0.0,-2.4,1.5,0.64
1788373021.156,turning,11.478,6.991,1.9,2,4,5,11.575,6.875,-16.7,0.151,0.151,0.0,-2.4,1.5,0.64
1788373021.212,turning,11.478,6.991,1.1,2,4,5,11.575,6.875,-16.7,0.151,0.151,0.0,-2.4,1.5,0.64
1788373021.264,turning,11.478,6.991,0.2,2,4,5,11.575,6.875,-16.7,0.151,0.151,0.0,-2.4,1.5,0.64
1788373021.321,turning,11.478,6.991,-1.5,2,4,5,11.575,6.875,-15.8,0.151,0.151,0.0,-2.4,1.5,0.63
1788373021.375,turning,11.478,6.991,-2.4,2,4,5,11.575,6.875,-15.8,0.151,0.151,0.0,-2.4,1.5,0.63
1788373021.428,turning,11.478,6.991,-4.1,2,4,5,11.575,6.875,-14.9,0.151,0.151,0.0,-2.4,1.5,0.63
1788373021.485,turning,11.478,6.991,-4.9,2,4,5,11.575,6.875,-14.8,0.151,0.151,0.0,-2.4,1.5,0.63
1788373021.541,turning,11.478,6.991,-6.7,0,2,3,11.575,6.875,-13.8,0.151,0.151,0.0,-2.4,1.5,0.63
1788373021.598,turning,11.478,6.991,-7.5,0,2,3,11.575,6.875,-13.7,0.151,0.151,0.0,-2.4,1.5,0.63
1788373021.654,driving,11.478,6.991,-9.2,0,2,3,11.575,6.875,-12.7,0.151,0.151,0.22,0.0,1.5,0.63
1788373021.712,driving,11.478,6.991,-10.1,0,2,3,11.575,6.875,-12.5,0.151,0.151,0.22,0.0,1.5,0.63
1788373021.776,driving,11.482,6.994,-9.7,0,2,3,11.575,6.875,-13.6,0.151,0.151,0.22,0.0,1.5,0.64
1788373021.841,goal_approach,11.486,6.995,-9.3,2,2,3,11.575,6.875,-44.2,0.15,0.15,0.0,-2.4,,0.64
1788373021.907,goal_approach,11.493,6.996,-9.7,2,2,3,11.575,6.875,-46.1,0.146,0.146,0.0,-2.412,,0.63
1788373021.971,goal_approach,11.493,6.996,-10.5,2,2,3,11.575,6.875,-45.2,0.146,0.146,0.0,-2.4,,0.63
1788373022.029,goal_approach,11.493,6.996,-12.3,2,2,3,11.575,6.875,-43.5,0.146,0.146,0.0,-2.4,,0.64
1788373022.085,goal_approach,11.493,6.996,-13.1,2,2,3,11.575,6.875,-42.6,0.146,0.146,0.0,-2.4,,0.64
1788373022.141,goal_approach,11.495,6.996,-14.8,2,2,3,11.575,6.875,-41.8,0.145,0.145,0.0,-2.4,,0.66
1788373022.197,goal_approach,11.496,6.997,-15.6,2,2,3,11.575,6.875,-41.5,0.145,0.145,0.0,-2.4,,0.66
1788373022.253,goal_approach,11.497,6.997,-16.4,2,2,3,11.575,6.875,-41.0,0.145,0.145,0.0,-2.4,,0.71
1788373022.308,goal_approach,11.497,6.997,-18.1,2,2,3,11.575,6.875,-39.3,0.145,0.145,0.0,-2.4,,0.71
1788373022.363,goal_approach,11.497,6.997,-19.0,2,2,3,11.575,6.875,-38.4,0.145,0.145,0.0,-2.4,,2.42
1788373022.418,goal_approach,11.497,6.997,-20.7,2,2,3,11.575,6.875,-36.7,0.145,0.145,0.0,-2.4,,2.42
1788373022.479,goal_approach,11.497,6.997,-21.5,2,2,3,11.575,6.875,-35.8,0.145,0.145,0.0,-2.4,,2.42
1788373022.544,goal_approach,11.497,6.997,-23.3,2,2,3,11.575,6.875,-34.1,0.145,0.145,0.0,-2.4,,2.42
1788373022.612,goal_approach,11.497,6.996,-24.0,2,2,3,11.575,6.875,-33.0,0.144,0.144,0.0,-2.4,,2.41
1788373022.675,goal_approach,11.495,6.993,-25.5,2,2,3,11.575,6.875,-30.5,0.143,0.143,0.0,-2.4,,2.41
1788373022.743,goal_approach,11.495,6.993,-26.3,2,2,3,11.575,6.875,-29.6,0.142,0.142,0.0,-2.4,,2.36
1788373022.805,goal_approach,11.495,6.993,-28.0,2,2,3,11.575,6.875,-27.8,0.142,0.142,0.0,-2.4,,2.36
1788373022.862,goal_approach,11.495,6.993,-28.9,2,2,3,11.575,6.875,-27.0,0.142,0.142,0.0,-2.4,,2.31
1788373022.925,goal_approach,11.495,6.993,-30.6,2,2,3,11.575,6.875,-25.3,0.142,0.142,0.0,-2.4,,2.31
1788373022.989,goal_approach,11.494,6.993,-31.4,2,2,3,11.575,6.875,-24.4,0.143,0.143,0.0,-2.4,,2.27
1788373023.049,goal_approach,11.493,6.995,-32.9,2,2,3,11.575,6.875,-22.7,0.146,0.146,0.0,-2.4,,2.27
1788373023.112,goal_approach,11.493,6.995,-33.8,2,2,3,11.575,6.875,-21.9,0.146,0.146,0.0,-2.4,,2.24
1788373023.173,goal_approach,11.493,6.995,-35.5,2,2,3,11.575,6.875,-20.2,0.146,0.146,0.0,-2.4,,2.24
1788373023.234,goal_approach,11.493,6.995,-36.3,2,2,3,11.575,6.875,-19.3,0.146,0.146,0.0,-2.4,,2.21
1788373023.289,goal_approach,11.493,6.995,-37.2,2,2,3,11.575,6.875,-18.4,0.146,0.146,0.0,-2.4,,2.21
1788373023.346,goal_approach,11.491,6.997,-39.0,2,2,3,11.575,6.875,-16.4,0.148,0.148,0.0,-2.4,,2.18
1788373023.407,goal_approach,11.489,6.999,-39.9,2,2,3,11.575,6.875,-15.2,0.151,0.151,0.0,-2.4,,2.18
1788373023.467,goal_approach,11.487,7.001,-41.7,2,2,3,11.575,6.875,-13.2,0.154,0.154,0.0,-2.4,,2.16
1788373023.525,goal_approach,11.487,7.001,-42.6,2,2,3,11.575,6.875,-12.4,0.154,0.154,0.0,-2.4,,2.16
1788373023.585,goal_approach,11.487,7.001,-44.3,3,3,4,11.575,6.875,-10.6,0.154,0.154,0.0,-2.4,,2.15
1788373023.64,goal_approach,11.487,7.001,-45.1,3,3,4,11.575,6.875,-9.8,0.154,0.154,0.0,-2.4,,2.15
1788373023.695,goal_approach,11.483,7.001,-47.0,3,3,4,11.575,6.875,-6.9,0.156,0.156,0.0,-2.4,,2.13
1788373023.747,goal_approach,11.48,7.001,-48.0,3,3,4,11.575,6.875,-5.0,0.158,0.158,0.0,-2.4,,2.13
1788373023.802,goal_approach,11.477,7.002,-49.8,3,3,4,11.575,6.875,-2.5,0.16,0.16,0.22,0.0,,2.13
1788373023.859,goal_approach,11.477,7.002,-50.6,3,3,4,11.575,6.875,-1.6,0.16,0.16,0.22,0.0,,2.13
1788373023.918,goal_approach,11.479,6.999,-50.8,3,3,4,11.575,6.875,-1.5,0.157,0.157,0.22,0.0,,2.13
1788373023.973,goal_approach,11.481,6.996,-50.8,3,3,4,11.575,6.875,-1.6,0.153,0.153,0.22,0.0,,2.13
1788373024.03,goal_approach,11.49,6.986,-50.6,3,3,4,11.575,6.875,-2.0,0.139,0.139,0.22,0.0,,2.12
1788373024.084,goal_approach,11.496,6.98,-50.4,3,3,4,11.575,6.875,-2.4,0.131,0.131,0.22,0.0,,2.12
1788373024.152,goal_approach,11.505,6.968,-50.4,3,3,4,11.575,6.875,-2.8,0.116,0.116,0.22,0.0,,2.1
1788373024.213,goal_approach,11.51,6.962,-50.4,3,3,4,11.575,6.875,-3.0,0.109,0.109,0.22,0.0,,2.1
1788373024.281,goal_approach,11.515,6.956,-50.4,3,3,4,11.575,6.875,-3.2,0.101,0.101,0.22,0.0,,2.09
1788373024.342,goal_approach,11.525,6.945,-50.4,3,3,4,11.575,6.875,-3.8,0.086,0.086,0.22,0.0,,2.09
1788373024.399,goal_approach,11.53,6.94,-50.5,3,3,4,11.575,6.875,-4.7,0.079,0.079,0.22,0.0,,2.07
1788373024.451,goal_approach,11.541,6.93,-50.8,3,3,4,11.575,6.875,-7.9,0.065,0.065,0.22,0.0,,2.07
1788373024.509,goal_turn,11.546,6.925,-50.9,3,3,4,11.575,6.875,133.9,0.0,0.057,0.0,4.5,,2.05
1788373024.568,goal_turn,11.552,6.918,-48.3,1,1,2,11.575,6.875,131.3,0.0,0.049,0.0,4.5,,2.05
1788373024.624,goal_turn,11.552,6.918,-45.0,1,1,2,11.575,6.875,128.0,0.0,0.049,0.0,4.5,,2.04
1788373024.677,goal_turn,11.552,6.918,-38.5,1,1,2,11.575,6.875,121.5,0.0,0.049,0.0,4.5,,2.04
1788373024.731,goal_turn,11.552,6.918,-35.2,1,1,2,11.575,6.875,118.2,0.0,0.049,0.0,4.5,,2.08
1788373024.789,goal_turn,11.552,6.918,-28.7,1,1,2,11.575,6.875,111.7,0.0,0.049,0.0,4.5,,2.08
1788373024.844,goal_turn,11.552,6.918,-25.4,1,1,2,11.575,6.875,108.4,0.0,0.049,0.0,4.5,,2.19
1788373024.904,goal_turn,11.552,6.918,-18.8,1,1,2,11.575,6.875,101.8,0.0,0.049,0.0,4.5,,2.19
1788373024.971,goal_turn,11.552,6.918,-15.6,1,1,2,11.575,6.875,98.6,0.0,0.049,0.0,4.5,,2.34
1788373025.029,goal_turn,11.552,6.918,-9.0,1,1,2,11.575,6.875,92.0,0.0,0.049,0.0,4.5,,2.34
1788373025.09,goal_turn,11.552,6.918,-5.7,1,1,2,11.575,6.875,88.7,0.0,0.049,0.0,4.5,,2.35
1788373025.143,goal_turn,11.552,6.918,0.8,1,1,2,11.575,6.875,82.2,0.0,0.049,0.0,4.304,,2.35
1788373025.204,goal_turn,11.553,6.913,3.9,1,1,2,11.575,6.875,79.1,0.0,0.044,0.0,4.141,,0.62
1788373025.204,goal_turn,11.553,6.913,3.9,1,1,2,11.575,6.875,79.1,0.0,0.044,0.0,4.141,,0.62
1788373025.328,goal_turn,11.559,6.902,12.1,1,1,2,11.575,6.875,70.9,0.0,0.032,0.0,3.714,,0.61
1788373025.387,goal_turn,11.563,6.902,14.6,1,1,2,11.575,6.875,68.4,0.0,0.029,0.0,3.579,,0.61
1788373025.451,goal_turn,11.567,6.9,18.9,1,1,2,11.575,6.875,64.1,0.0,0.026,0.0,3.356,,0.61
1788373025.511,goal_turn,11.567,6.898,20.9,1,1,2,11.575,6.875,62.1,0.0,0.024,0.0,3.252,,0.61
1788373025.574,goal_turn,11.569,6.898,24.6,1,1,2,11.575,6.875,58.4,0.0,0.024,0.0,3.06,,0.61
1788373025.635,idle,11.571,6.899,26.4,1,1,2,11.575,6.875,58.4,0.0,0.024,0.0,0.0,,0.61
1788373025.708,idle,11.57,6.906,28.2,1,1,2,11.575,6.875,58.4,0.0,0.024,0.0,0.0,,0.61
1788373025.774,idle,11.567,6.911,28.1,1,1,2,11.575,6.875,58.4,0.0,0.024,0.0,0.0,,0.61
1788373025.836,idle,11.563,6.917,27.8,1,1,2,11.575,6.875,58.4,0.0,0.024,0.0,0.0,,0.61
1788373025.898,idle,11.561,6.919,27.7,1,1,2,11.575,6.875,58.4,0.0,0.024,0.0,0.0,,0.61
1788373025.957,idle,11.562,6.92,27.9,1,1,2,11.575,6.875,58.4,0.0,0.024,0.0,0.0,,0.61
1788373026.012,idle,11.563,6.921,28.1,1,1,2,11.575,6.875,58.4,0.0,0.024,0.0,0.0,,0.61
1788373026.065,idle,11.566,6.922,28.1,1,1,2,11.575,6.875,58.4,0.0,0.024,0.0,0.0,,0.61
1788373026.118,idle,11.567,6.923,28.1,1,1,2,11.575,6.875,58.4,0.0,0.024,0.0,0.0,,0.61
1788373026.172,idle,11.568,6.923,28.1,1,1,2,11.575,6.875,58.4,0.0,0.024,0.0,0.0,,0.61
1788373026.227,idle,11.568,6.923,28.1,1,1,2,11.575,6.875,58.4,0.0,0.024,0.0,0.0,,0.61
1788373026.283,idle,11.57,6.924,28.0,1,1,2,11.575,6.875,58.4,0.0,0.024,0.0,0.0,,0.61
1788373026.336,idle,11.574,6.926,27.6,1,1,2,11.575,6.875,58.4,0.0,0.024,0.0,0.0,,0.61
1788373026.394,idle,11.575,6.927,27.5,1,1,2,11.575,6.875,58.4,0.0,0.024,0.0,0.0,,0.61
1788373026.394,idle,11.575,6.927,27.5,1,1,2,11.575,6.875,58.4,0.0,0.024,0.0,0.0,,0.61
1788373026.514,idle,11.575,6.927,27.5,1,1,2,11.575,6.875,58.4,0.0,0.024,0.0,0.0,,0.61
1788373026.576,idle,11.575,6.927,27.5,1,1,2,11.575,6.875,58.4,0.0,0.024,0.0,0.0,,0.61
1788373026.64,goal_turn,11.575,6.927,27.5,1,1,2,11.575,6.875,55.5,0.0,0.052,0.0,2.906,,0.61
1788373026.704,goal_turn,11.575,6.927,28.7,1,1,2,11.575,6.875,54.3,0.0,0.052,0.0,2.841,,0.61
1788373026.761,goal_turn,11.575,6.927,30.2,1,1,2,11.575,6.875,52.8,0.0,0.052,0.0,2.767,,0.61
1788373026.761,goal_turn,11.575,6.927,30.2,1,1,2,11.575,6.875,52.8,0.0,0.052,0.0,2.767,,0.61
1788373026.877,goal_turn,11.575,6.927,34.0,1,1,2,11.575,6.875,49.0,0.0,0.052,0.0,2.566,,0.62
1788373026.93,goal_turn,11.575,6.927,36.3,1,1,2,11.575,6.875,46.7,0.0,0.052,0.0,2.443,,0.62
1788373026.993,goal_turn,11.575,6.927,37.3,1,1,2,11.575,6.875,45.7,0.0,0.052,0.0,2.4,,0.62
1788373027.049,goal_turn,11.575,6.927,39.1,1,1,2,11.575,6.875,43.9,0.0,0.052,0.0,2.4,,0.62
1788373027.105,goal_turn,11.575,6.927,39.9,1,1,2,11.575,6.875,43.1,0.0,0.052,0.0,2.4,,0.62
1788373027.158,goal_turn,11.575,6.927,41.5,1,1,2,11.575,6.875,41.5,0.0,0.052,0.0,2.4,,0.62
1788373027.214,goal_turn,11.575,6.927,42.4,1,1,2,11.575,6.875,40.6,0.0,0.052,0.0,2.4,,0.62
1788373027.273,goal_turn,11.575,6.927,43.2,1,1,2,11.575,6.875,39.8,0.0,0.052,0.0,2.4,,0.62
1788373027.34,goal_turn,11.575,6.927,44.8,1,1,2,11.575,6.875,38.2,0.0,0.052,0.0,2.4,,0.62
1788373027.406,goal_turn,11.575,6.927,45.6,1,1,2,11.575,6.875,37.4,0.0,0.052,0.0,2.4,,0.62
1788373027.473,goal_turn,11.574,6.927,47.4,1,1,2,11.575,6.875,35.6,0.0,0.052,0.0,2.4,,0.62
1788373027.53,goal_turn,11.572,6.927,48.4,1,1,2,11.575,6.875,34.6,0.0,0.052,0.0,2.4,,0.62
1788373027.587,goal_turn,11.571,6.926,50.1,1,1,2,11.575,6.875,32.9,0.0,0.052,0.0,2.4,,0.62
1788373027.645,goal_turn,11.571,6.926,51.0,1,1,2,11.575,6.875,32.0,0.0,0.052,0.0,2.4,,0.62
1788373027.702,goal_turn,11.571,6.926,52.6,1,1,2,11.575,6.875,30.4,0.0,0.052,0.0,2.4,,0.62
1788373027.762,goal_turn,11.571,6.926,53.4,1,1,2,11.575,6.875,29.6,0.0,0.052,0.0,2.4,,0.62
1788373027.821,goal_turn,11.567,6.93,55.2,1,1,2,11.575,6.875,27.8,0.0,0.056,0.0,2.4,,0.63
1788373027.882,goal_turn,11.564,6.934,56.1,1,1,2,11.575,6.875,26.9,0.0,0.06,0.0,2.4,,0.63
1788373027.94,goal_turn,11.562,6.936,57.9,1,1,2,11.575,6.875,25.1,0.0,0.062,0.0,2.4,,0.63
1788373028.001,goal_turn,11.562,6.936,58.7,1,1,2,11.575,6.875,24.3,0.0,0.062,0.0,2.4,,0.63
1788373028.061,goal_turn,11.562,6.936,60.3,1,1,2,11.575,6.875,22.7,0.0,0.062,0.0,2.4,,0.63
1788373028.124,goal_turn,11.562,6.936,61.1,1,1,2,11.575,6.875,21.9,0.0,0.062,0.0,2.4,,0.63
1788373028.195,goal_turn,11.569,6.933,62.6,1,1,2,11.575,6.875,20.4,0.0,0.059,0.0,2.4,,0.63
1788373028.251,goal_turn,11.573,6.932,63.3,1,1,2,11.575,6.875,19.7,0.0,0.057,0.0,2.4,,0.63
1788373029.875,turning,11.553,6.934,72.2,0,30,132,10.196,6.236,135.0,1.526,5.983,0.0,4.5,1.5,0.64
1788373029.932,turning,11.553,6.934,75.2,0,30,132,10.196,6.236,132.0,1.526,5.983,0.0,4.5,1.5,0.64
1788373029.986,turning,11.553,6.934,78.4,0,30,132,10.196,6.236,128.8,1.526,5.983,0.0,4.5,1.5,0.64
1788373030.041,turning,11.553,6.934,85.0,0,30,132,10.196,6.236,122.2,1.526,5.983,0.0,4.5,1.5,0.64
1788373030.093,turning,11.553,6.934,88.3,0,30,132,10.196,6.236,119.0,1.526,5.983,0.0,4.5,1.5,0.64
1788373030.147,turning,11.553,6.934,94.8,0,30,132,10.196,6.236,112.4,1.526,5.983,0.0,4.5,1.5,0.67
1788373030.204,turning,11.553,6.934,98.1,0,30,132,10.196,6.236,109.1,1.526,5.983,0.0,4.5,1.5,0.67
1788373030.258,turning,11.553,6.934,104.6,0,30,132,10.196,6.236,102.6,1.526,5.983,0.0,4.5,1.5,2.06
1788373030.315,turning,11.553,6.934,107.9,0,30,132,10.196,6.236,99.3,1.526,5.983,0.0,4.5,1.5,2.06
1788373030.373,turning,11.553,6.934,111.2,0,30,132,10.196,6.236,96.0,1.526,5.983,0.0,4.5,1.5,2.07
1788373030.434,turning,11.553,6.934,117.7,0,30,132,10.196,6.236,89.5,1.526,5.983,0.0,4.5,1.5,2.07
1788373030.502,turning,11.553,6.933,121.0,0,30,132,10.196,6.236,86.2,1.526,5.983,0.0,4.5,1.5,2.07
1788373030.57,turning,11.554,6.932,127.5,0,30,132,10.196,6.236,79.8,1.526,5.984,0.0,4.176,1.5,2.07
1788373030.633,turning,11.556,6.933,130.6,0,30,132,10.196,6.236,76.6,1.528,5.985,0.0,4.013,1.5,2.08
1788373030.692,turning,11.56,6.935,135.8,0,30,132,10.196,6.236,71.4,1.533,5.99,0.0,3.741,1.5,2.08
1788373030.749,turning,11.561,6.934,138.4,0,30,132,10.196,6.236,68.8,1.533,5.991,0.0,3.605,1.5,2.1
1788373030.807,turning,11.563,6.933,143.0,0,30,132,10.196,6.236,64.2,1.534,5.993,0.0,3.362,1.5,2.1
1788373030.865,turning,11.563,6.931,145.2,0,30,132,10.196,6.236,62.0,1.534,5.993,0.0,3.246,1.5,2.16
1788373030.921,turning,11.564,6.926,149.0,0,30,132,10.196,6.236,58.2,1.532,5.994,0.0,3.047,1.5,2.16
1788373030.982,turning,11.563,6.927,150.8,0,30,132,10.196,6.236,56.4,1.532,5.994,0.0,2.954,1.5,2.24
1788373031.04,turning,11.561,6.931,153.8,0,30,132,10.196,6.236,53.4,1.532,5.991,0.0,2.796,1.5,2.24
1788373031.096,turning,11.561,6.932,155.3,0,30,132,10.196,6.236,51.9,1.532,5.991,0.0,2.719,1.5,2.33
1788373031.151,turning,11.561,6.934,157.9,0,30,132,10.196,6.236,49.3,1.534,5.991,0.0,2.582,1.5,2.33
1788373031.21,turning,11.56,6.94,158.8,0,30,132,10.196,6.236,48.4,1.535,5.99,0.0,2.536,1.5,2.42
1788373031.268,turning,11.556,6.952,160.1,0,30,132,10.196,6.236,47.1,1.537,5.985,0.0,2.465,1.5,2.42
1788373031.329,turning,11.555,6.955,161.2,0,30,132,10.196,6.236,46.0,1.538,5.984,0.0,2.409,1.5,2.51
1788373031.396,turning,11.555,6.959,162.2,0,30,132,10.196,6.236,45.0,1.539,5.984,0.0,2.4,1.5,2.51
1788373031.46,turning,11.559,6.959,164.4,0,30,132,10.196,6.236,42.8,1.543,5.988,0.0,2.4,1.5,2.59
1788373031.516,turning,11.562,6.956,165.6,0,30,132,10.196,6.236,41.6,1.545,5.991,0.0,2.4,1.5,2.59
1788373031.573,turning,11.565,6.952,167.7,0,30,132,10.196,6.236,39.6,1.546,5.995,0.0,2.4,1.5,2.68
1788373031.624,turning,11.565,6.952,168.5,0,30,132,10.196,6.236,38.8,1.546,5.995,0.0,2.4,1.5,2.68
1788373031.683,turning,11.57,6.948,170.6,0,30,132,10.196,6.236,36.7,1.548,5.999,0.0,2.4,1.5,2.78
1788373031.734,turning,11.573,6.944,171.8,0,30,132,10.196,6.236,35.5,1.549,6.002,0.0,2.4,1.5,2.78
1788373031.79,turning,11.575,6.941,173.8,0,30,132,10.196,6.236,33.5,1.549,6.005,0.0,2.4,1.5,2.89
1788373031.841,turning,11.575,6.941,174.6,0,30,132,10.196,6.236,32.7,1.549,6.005,0.0,2.4,1.5,2.89
1788373031.896,turning,11.574,6.94,176.0,0,30,132,10.196,6.236,31.3,1.547,6.003,0.0,2.4,1.5,3.02
1788373031.951,turning,11.572,6.939,176.6,0,30,132,10.196,6.236,30.7,1.546,6.002,0.0,2.4,1.5,3.02
1788373032.013,turning,11.571,6.939,178.1,0,30,132,10.196,6.236,29.2,1.544,6.001,0.0,2.4,1.5,3.1
1788373032.086,turning,11.571,6.939,178.9,0,30,132,10.196,6.236,28.4,1.544,6.001,0.0,2.4,1.5,3.1
1788373032.153,turning,11.571,6.939,-179.5,0,30,132,10.196,6.236,26.7,1.544,6.001,0.0,2.4,1.5,3.1
1788373032.217,turning,11.571,6.939,-178.7,0,30,132,10.196,6.236,25.9,1.544,6.001,0.0,2.4,1.5,3.1
1788373032.278,turning,11.57,6.936,-177.0,0,30,132,10.196,6.236,24.3,1.542,6.0,0.0,2.4,1.5,3.1
1788373032.333,turning,11.569,6.934,-176.2,0,30,132,10.196,6.236,23.5,1.54,5.999,0.0,2.4,1.5,3.1
1788373032.394,turning,11.568,6.933,-175.4,0,30,132,10.196,6.236,22.6,1.539,5.998,0.0,2.4,1.5,2.76
1788373032.45,turning,11.568,6.933,-173.8,0,30,132,10.196,6.236,21.0,1.539,5.998,0.0,2.4,1.5,2.76
1788373032.51,turning,11.568,6.933,-173.0,0,30,132,10.196,6.236,20.2,1.539,5.998,0.0,2.4,1.5,2.64
1788373032.566,turning,11.568,6.933,-171.3,0,30,132,10.196,6.236,18.5,1.539,5.998,0.0,2.4,1.5,2.64
1788373032.625,turning,11.571,6.933,-170.5,0,30,132,10.196,6.236,17.7,1.541,6.001,0.0,2.4,1.5,2.53
1788373032.681,turning,11.579,6.932,-168.7,0,30,132,10.196,6.236,15.9,1.548,6.008,0.0,2.4,1.5,2.53
1788373032.735,turning,11.58,6.932,-167.8,0,30,132,10.196,6.236,15.0,1.549,6.01,0.0,2.4,1.5,2.44
1788373032.796,turning,11.58,6.932,-166.2,0,30,132,10.196,6.236,13.4,1.549,6.01,0.0,2.4,1.5,2.44
1788373032.859,turning,11.58,6.932,-165.4,0,30,132,10.196,6.236,12.5,1.549,6.01,0.0,2.4,1.5,2.35
1788373032.923,turning,11.58,6.932,-163.7,0,30,131,10.196,6.236,10.9,1.549,6.01,0.0,2.4,1.5,2.35
1788373032.987,turning,11.579,6.931,-163.0,0,30,131,10.196,6.236,10.1,1.548,6.009,0.0,2.4,1.5,2.28
1788373033.05,turning,11.577,6.929,-161.5,0,30,131,10.196,6.236,8.6,1.545,6.007,0.0,2.4,1.5,2.28
1788373033.111,turning,11.577,6.929,-160.7,0,30,131,10.196,6.236,7.8,1.545,6.007,0.0,2.4,1.5,2.21
1788373033.169,turning,11.577,6.929,-159.0,0,30,131,10.196,6.236,6.1,1.545,6.007,0.0,2.4,1.5,2.21
1788373033.225,turning,11.577,6.929,-158.2,0,30,131,10.196,6.236,5.3,1.545,6.007,0.0,2.4,1.5,2.15
1788373033.281,driving,11.577,6.929,-156.6,0,30,131,10.196,6.236,3.7,1.545,6.007,0.3,0.0,1.5,2.15
1788373033.342,driving,11.573,6.923,-155.4,0,30,131,10.196,6.236,2.5,1.539,6.003,0.3,0.0,1.5,2.09
1788373033.398,driving,11.567,6.917,-155.0,0,30,131,10.196,6.236,2.0,1.53,5.997,0.3,0.0,1.5,2.09
1788373033.455,driving,11.555,6.908,-154.6,1,31,131,10.151,6.213,1.6,1.566,5.986,0.3,0.0,1.5,2.07
1788373033.508,driving,11.549,6.905,-154.6,1,31,131,10.151,6.213,1.6,1.56,5.981,0.3,0.0,1.5,2.07
1788373033.566,driving,11.534,6.898,-154.6,1,31,131,10.151,6.213,1.6,1.543,5.965,0.3,0.0,1.5,2.06
1788373033.629,driving,11.525,6.893,-154.6,1,31,131,10.151,6.213,1.6,1.533,5.956,0.3,0.0,1.5,2.06
1788373033.695,driving,11.506,6.881,-154.8,2,32,131,10.107,6.191,1.8,1.56,5.939,0.3,0.0,1.5,2.05
1788373033.764,driving,11.497,6.873,-155.0,2,32,131,10.107,6.191,1.9,1.548,5.93,0.3,0.0,1.5,2.05
1788373033.828,driving,11.478,6.861,-155.1,2,32,131,10.107,6.191,2.0,1.527,5.912,0.3,0.0,1.5,2.03
1788373033.885,driving,11.469,6.857,-155.1,3,33,131,10.062,6.168,2.0,1.566,5.903,0.3,0.0,1.5,2.03
1788373033.946,driving,11.45,6.848,-155.1,0,30,130,10.096,6.136,2.0,1.53,5.885,0.3,0.0,1.5,2.02
1788373033.946,driving,11.45,6.848,-155.1,0,30,130,10.096,6.136,2.1,1.53,5.885,0.3,0.0,1.5,2.02
1788373034.057,driving,11.423,6.835,-155.1,1,31,130,10.051,6.113,2.1,1.55,5.858,0.3,0.0,1.5,2.01
1788373034.112,driving,11.413,6.831,-155.1,1,31,130,10.051,6.113,2.1,1.54,5.849,0.3,0.0,1.5,2.01
1788373034.17,driving,11.395,6.822,-155.1,1,31,130,10.051,6.113,2.1,1.519,5.831,0.3,0.0,1.5,1.99
1788373034.228,driving,11.386,6.818,-155.1,2,32,130,10.007,6.091,2.1,1.559,5.822,0.3,0.0,1.5,1.99
1788373034.283,driving,11.367,6.81,-155.1,2,32,130,10.007,6.091,2.2,1.539,5.804,0.3,0.0,1.5,1.98
1788373034.342,driving,11.358,6.805,-155.1,2,32,130,10.007,6.091,2.2,1.528,5.795,0.3,0.0,1.5,1.98
1788373034.413,driving,11.35,6.8,-155.2,2,32,130,10.007,6.091,2.3,1.519,5.787,0.3,0.0,1.5,1.97
1788373034.479,driving,11.337,6.786,-155.6,3,33,130,9.962,6.068,2.7,1.551,5.776,0.3,0.0,1.5,1.97
1788373034.543,driving,11.329,6.78,-155.7,3,33,130,9.962,6.068,2.8,1.541,5.768,0.3,0.0,1.5,1.95
1788373034.604,driving,11.311,6.772,-155.7,3,33,130,9.962,6.068,2.8,1.521,5.75,0.3,0.0,1.5,1.95
1788373034.659,driving,11.301,6.767,-155.7,4,34,130,9.917,6.046,2.8,1.561,5.741,0.3,0.0,1.5,1.94
1788373034.716,driving,11.283,6.759,-155.7,4,34,130,9.917,6.046,2.8,1.541,5.723,0.3,0.0,1.5,1.94
1788373034.773,driving,11.274,6.755,-155.7,4,34,130,9.917,6.046,2.8,1.53,5.714,0.3,0.0,1.5,1.93
1788373034.827,driving,11.255,6.746,-155.7,5,35,130,9.873,6.024,2.9,1.56,5.696,0.3,0.0,1.5,1.93
1788373034.884,driving,11.245,6.741,-155.6,5,35,130,9.873,6.024,2.7,1.548,5.686,0.3,0.0,1.5,1.91
1788373034.936,driving,11.224,6.728,-155.2,5,35,130,9.873,6.024,2.4,1.524,5.666,0.3,0.0,1.5,1.91
1788373034.994,driving,11.214,6.723,-155.1,0,30,130,9.865,6.045,2.3,1.51,5.657,0.3,0.0,1.5,1.9
1788373035.049,driving,11.196,6.715,-155.1,1,31,130,9.82,6.023,2.3,1.54,5.639,0.3,0.0,1.5,1.9
1788373035.103,driving,11.186,6.711,-155.1,1,31,130,9.82,6.023,2.3,1.53,5.631,0.3,0.0,1.5,1.88
1788373035.165,driving,11.168,6.702,-155.1,1,31,130,9.82,6.023,2.3,1.509,5.613,0.3,0.0,1.5,1.88
1788373035.227,driving,11.159,6.698,-155.1,1,31,130,9.82,6.023,2.3,1.499,5.604,0.3,0.0,1.5,1.87
1788373035.291,driving,11.14,6.689,-155.1,2,32,130,9.775,6.0,2.3,1.529,5.586,0.3,0.0,1.5,1.87
1788373035.356,driving,11.128,6.685,-155.5,2,32,130,9.775,6.0,2.6,1.517,5.575,0.3,0.0,1.5,1.86
1788373035.417,driving,11.116,6.681,-155.9,2,32,130,9.775,6.0,3.0,1.504,5.563,0.3,0.0,1.5,1.86
1788373035.476,driving,11.093,6.673,-156.2,3,33,130,9.731,5.978,3.3,1.53,5.541,0.3,0.0,1.5,1.84
1788373035.53,driving,11.084,6.669,-156.2,3,33,130,9.731,5.978,3.3,1.52,5.532,0.3,0.0,1.5,1.84
1788373035.589,driving,11.065,6.661,-156.2,3,33,130,9.731,5.978,3.3,1.499,5.514,0.3,0.0,1.5,1.83
1788373035.647,driving,11.056,6.657,-156.2,4,34,130,9.686,5.955,3.3,1.539,5.506,0.3,0.0,1.5,1.83
1788373035.703,driving,11.037,6.648,-156.2,4,34,130,9.686,5.955,3.3,1.519,5.488,0.3,0.0,1.5,1.82
1788373035.757,driving,11.028,6.644,-156.2,4,34,130,9.686,5.955,3.3,1.509,5.479,0.3,0.0,1.5,1.82
1788373035.816,driving,11.013,6.633,-156.3,5,35,130,9.641,5.933,3.4,1.54,5.465,0.3,0.0,1.5,1.8
1788373035.872,driving,11.007,6.625,-156.3,5,35,130,9.641,5.933,3.4,1.531,5.459,0.3,0.0,1.5,1.8
1788373035.933,driving,10.99,6.615,-156.4,5,35,130,9.641,5.933,3.4,1.511,5.444,0.3,0.0,1.5,1.79
1788373036.0,driving,10.981,6.611,-156.4,0,30,123,9.596,5.936,3.4,1.541,5.435,0.3,0.0,1.5,1.79
1788373036.075,driving,10.962,6.603,-156.4,0,30,123,9.596,5.936,3.4,1.52,5.417,0.3,0.0,1.5,1.77
1788373036.144,driving,10.953,6.599,-156.4,1,31,123,9.551,5.913,3.4,1.56,5.409,0.3,0.0,1.5,1.77
1788373036.208,driving,10.934,6.59,-156.4,1,31,123,9.551,5.913,3.3,1.54,5.391,0.3,0.0,1.5,1.76
1788373036.269,driving,10.925,6.586,-156.4,1,31,123,9.551,5.913,3.3,1.529,5.382,0.3,0.0,1.5,1.76
1788373036.334,driving,10.898,6.568,-156.4,2,32,123,9.475,5.875,3.4,1.583,5.358,0.3,0.0,1.5,1.75
1788373036.395,driving,10.884,6.557,-156.5,2,32,123,9.475,5.875,3.4,1.565,5.344,0.3,0.0,1.5,1.75
1788373036.453,driving,10.871,6.549,-156.5,3,32,123,9.475,5.875,3.4,1.55,5.333,0.3,0.0,1.5,1.73
1788373036.51,driving,10.853,6.541,-156.5,3,32,123,9.475,5.875,3.4,1.53,5.316,0.3,0.0,1.5,1.73
1788373036.567,driving,10.843,6.537,-156.5,3,32,123,9.475,5.875,3.3,1.52,5.307,0.3,0.0,1.5,1.72
1788373036.621,driving,10.825,6.529,-156.5,4,33,123,9.425,5.825,3.3,1.566,5.289,0.3,0.0,1.5,1.72
1788373036.676,driving,10.815,6.524,-156.5,4,33,123,9.425,5.825,3.3,1.556,5.28,0.3,0.0,1.5,1.71
1788373036.734,driving,10.797,6.516,-156.5,4,33,123,9.425,5.825,3.3,1.536,5.263,0.3,0.0,1.5,1.71
1788373036.801,driving,10.792,6.512,-156.2,4,33,123,9.425,5.825,3.1,1.53,5.258,0.3,0.0,1.5,1.69
1788373036.865,driving,10.785,6.503,-155.4,4,33,123,9.425,5.825,2.2,1.52,5.253,0.3,0.0,1.5,1.69
1788373036.925,driving,10.777,6.499,-155.3,5,34,123,9.375,5.775,2.1,1.578,5.246,0.3,0.0,1.5,1.68
1788373036.986,driving,10.759,6.49,-155.3,5,34,123,9.375,5.775,2.1,1.558,5.229,0.3,0.0,1.5,1.68
1788373037.048,driving,10.75,6.486,-155.3,0,30,120,9.409,5.764,2.2,1.523,5.22,0.3,0.0,1.5,1.67
1788373037.109,driving,10.731,6.477,-155.3,1,31,120,9.367,5.736,2.2,1.552,5.203,0.3,0.0,1.5,1.67
1788373037.167,driving,10.722,6.473,-155.3,1,31,120,9.367,5.736,2.3,1.542,5.194,0.3,0.0,1.5,1.65
1788373037.224,driving,10.703,6.465,-155.3,1,31,120,9.367,5.736,2.3,1.522,5.177,0.3,0.0,1.5,1.65
1788373037.28,driving,10.691,6.458,-155.3,2,32,120,9.325,5.709,2.3,1.558,5.166,0.3,0.0,1.5,1.64
1788373037.335,driving,10.666,6.445,-155.2,2,32,120,9.325,5.709,2.3,1.53,5.143,0.3,0.0,1.5,1.64
1788373037.389,driving,10.656,6.441,-155.2,2,32,120,9.325,5.709,2.3,1.519,5.134,0.3,0.0,1.5,1.62
1788373037.441,driving,10.647,6.437,-155.2,3,33,120,9.275,5.675,2.4,1.569,5.126,0.3,0.0,1.5,1.62
1788373037.5,driving,10.629,6.428,-155.2,3,33,120,9.275,5.675,2.4,1.549,5.108,0.3,0.0,1.5,1.61
1788373037.563,driving,10.619,6.424,-155.2,3,33,120,9.275,5.675,2.4,1.539,5.1,0.3,0.0,1.5,1.61
1788373037.628,driving,10.601,6.415,-155.2,4,33,120,9.275,5.675,2.5,1.518,5.083,0.3,0.0,1.5,1.6
1788373037.692,driving,10.592,6.411,-155.2,4,33,120,9.275,5.675,2.5,1.508,5.074,0.3,0.0,1.5,1.6
1788373037.752,driving,10.566,6.394,-154.9,4,33,120,9.275,5.675,2.3,1.478,5.052,0.3,0.0,1.5,1.58
1788373037.808,driving,10.551,6.381,-154.7,5,34,120,9.225,5.625,2.2,1.527,5.039,0.3,0.0,1.5,1.58
1788373037.863,driving,10.528,6.366,-154.5,5,34,120,9.225,5.625,2.0,1.499,5.018,0.3,0.0,1.5,1.57
1788373037.916,driving,10.519,6.362,-154.5,6,35,120,9.175,5.575,2.1,1.557,5.01,0.3,0.0,1.5,1.57
1788373037.974,driving,10.5,6.353,-154.5,6,35,120,9.175,5.575,2.2,1.537,4.993,0.3,0.0,1.5,1.56
1788373038.027,driving,10.491,6.349,-154.5,6,35,120,9.175,5.575,2.3,1.526,4.985,0.3,0.0,1.5,1.56
1788373038.088,driving,10.472,6.34,-154.5,0,28,113,9.175,5.575,2.3,1.506,4.968,0.3,0.0,1.5,1.54
1788373038.143,driving,10.463,6.335,-154.5,0,28,113,9.175,5.575,2.4,1.496,4.96,0.3,0.0,1.5,1.54
1788373038.201,driving,10.435,6.323,-154.8,1,29,113,9.153,5.53,2.7,1.508,4.934,0.3,0.0,1.5,1.53
1788373038.257,driving,10.419,6.316,-154.9,1,29,113,9.153,5.53,3.0,1.491,4.92,0.3,0.0,1.5,1.53
1788373038.321,driving,10.396,6.306,-155.0,2,30,113,9.125,5.475,3.2,1.519,4.899,0.3,0.0,1.5,1.51
1788373038.383,driving,10.387,6.302,-155.0,2,30,113,9.125,5.475,3.3,1.509,4.891,0.3,0.0,1.5,1.51
1788373038.447,driving,10.378,6.298,-155.0,2,30,113,9.125,5.475,3.4,1.499,4.882,0.3,0.0,1.5,1.5
1788373038.51,driving,10.359,6.289,-155.0,2,30,113,9.125,5.475,3.6,1.479,4.866,0.3,0.0,1.5,1.5
1788373038.564,driving,10.35,6.285,-155.0,3,31,113,9.103,5.43,3.7,1.512,4.857,0.3,0.0,1.5,1.49
1788373038.619,driving,10.332,6.276,-155.0,3,31,113,9.103,5.43,3.9,1.492,4.841,0.3,0.0,1.5,1.49
1788373038.679,driving,10.324,6.271,-155.0,3,31,113,9.103,5.43,4.0,1.483,4.835,0.3,0.0,1.5,1.47
1788373038.734,driving,10.312,6.259,-154.9,3,31,113,9.103,5.43,4.0,1.467,4.825,0.3,0.0,1.5,1.47
1788373038.791,driving,10.304,6.255,-154.9,4,32,113,9.075,5.375,4.2,1.512,4.818,0.3,0.0,1.5,1.46
1788373038.845,driving,10.286,6.246,-154.9,4,32,113,9.075,5.375,4.3,1.492,4.802,0.3,0.0,1.5,1.46
1788373038.9,driving,10.277,6.242,-154.9,4,32,113,9.075,5.375,4.5,1.482,4.793,0.3,0.0,1.5,1.45
1788373038.955,driving,10.258,6.233,-154.9,5,33,113,9.053,5.33,4.7,1.506,4.777,0.3,0.0,1.5,1.45
1788373039.009,driving,10.249,6.229,-154.9,5,33,113,9.053,5.33,4.8,1.496,4.769,0.3,0.0,1.5,1.43
1788373039.07,driving,10.231,6.22,-154.9,0,26,104,9.053,5.28,5.1,1.507,4.752,0.3,0.0,1.5,1.43
1788373039.136,driving,10.221,6.212,-154.9,0,26,104,9.053,5.28,5.3,1.495,4.745,0.3,0.0,1.5,1.42
1788373039.201,driving,10.202,6.196,-155.0,1,27,104,9.025,5.225,5.6,1.526,4.729,0.3,0.0,1.5,1.42
1788373039.267,driving,10.193,6.191,-155.0,1,27,104,9.025,5.225,5.8,1.516,4.721,0.3,0.0,1.5,1.41
1788373039.327,driving,10.174,6.183,-155.0,1,27,104,9.025,5.225,6.0,1.496,4.705,0.3,0.0,1.5,1.41
1788373039.387,driving,10.165,6.178,-155.0,1,27,104,9.025,5.225,6.2,1.486,4.697,0.3,0.0,1.5,1.39
1788373039.444,driving,10.156,6.174,-155.0,2,27,104,9.025,5.225,6.4,1.476,4.689,0.3,0.0,1.5,1.39
1788373039.5,driving,10.137,6.165,-155.0,2,27,104,9.025,5.225,6.6,1.456,4.672,0.3,0.0,1.5,1.38
1788373039.555,driving,10.128,6.161,-155.0,2,27,104,9.025,5.225,6.9,1.447,4.664,0.3,0.0,1.5,1.38
1788373039.611,driving,10.115,6.156,-155.1,3,28,104,9.003,5.18,7.3,1.48,4.653,0.3,0.0,1.5,1.36
1788373039.667,driving,10.112,6.155,-155.3,3,28,104,9.003,5.18,7.7,1.477,4.65,0.3,0.0,1.5,1.36
1788373039.72,driving,10.098,6.15,-155.5,3,28,104,9.003,5.18,8.0,1.463,4.638,0.3,0.0,1.5,1.35
1788373039.778,driving,10.089,6.146,-155.5,3,28,104,9.003,5.18,8.3,1.453,4.629,0.3,0.0,1.5,1.35
1788373039.839,driving,10.07,6.137,-155.5,4,29,104,8.975,5.125,8.5,1.491,4.613,0.3,0.0,1.5,1.34
1788373039.9,driving,10.061,6.133,-155.5,4,29,104,8.975,5.125,8.8,1.482,4.605,0.3,0.0,1.5,1.34
1788373039.961,driving,10.042,6.125,-155.5,4,29,104,8.975,5.125,9.0,1.462,4.589,0.3,0.0,1.5,1.32
1788373040.02,driving,10.033,6.12,-155.5,4,29,104,8.975,5.125,9.2,1.453,4.581,0.3,0.0,1.5,1.32
1788373040.078,driving,10.009,6.113,-155.2,5,30,104,8.925,5.075,9.2,1.501,4.56,0.3,0.0,1.5,1.6
1788373040.131,driving,9.996,6.109,-155.0,1,25,100,8.925,5.075,9.3,1.489,4.548,0.3,0.0,1.5,1.6
1788373040.185,driving,9.975,6.101,-154.9,1,25,100,8.925,5.075,9.4,1.468,4.529,0.3,0.0,1.5,1.57
1788373040.235,driving,9.966,6.096,-154.9,1,25,100,8.925,5.075,9.6,1.458,4.522,0.3,0.0,1.5,1.57
1788373040.295,driving,9.948,6.088,-154.9,2,26,100,8.875,5.025,9.9,1.51,4.506,0.3,0.0,1.5,1.55
1788373040.351,driving,9.938,6.083,-154.9,2,26,100,8.875,5.025,10.1,1.5,4.498,0.3,0.0,1.5,1.55
1788373040.407,driving,9.929,6.079,-154.9,2,26,100,8.875,5.025,10.4,1.491,4.49,0.3,0.0,1.5,1.52
1788373040.464,driving,9.911,6.07,-154.9,3,27,100,8.825,4.975,10.6,1.542,4.474,0.3,0.0,1.5,1.52
1788373040.518,driving,9.9,6.065,-154.9,3,27,100,8.825,4.975,10.9,1.531,4.465,0.3,0.0,1.5,1.49
1788373040.573,driving,9.876,6.05,-155.1,3,27,100,8.825,4.975,11.3,1.504,4.446,0.3,0.0,1.5,1.49
1788373040.635,driving,9.866,6.045,-155.2,4,27,100,8.825,4.975,11.6,1.493,4.437,0.3,0.0,1.5,1.46
1788373040.7,driving,9.848,6.036,-155.2,4,27,100,8.825,4.975,11.9,1.474,4.422,0.3,0.0,1.5,1.46
1788373040.766,driving,9.838,6.032,-155.2,4,27,100,8.825,4.975,12.1,1.464,4.414,0.3,0.0,1.5,1.44
1788373040.826,driving,9.82,6.023,-155.2,5,28,100,8.775,4.925,12.3,1.516,4.398,0.3,0.0,1.5,1.44
1788373040.883,driving,9.81,6.019,-155.2,5,28,100,8.775,4.925,12.6,1.506,4.39,0.3,0.0,1.5,1.41
1788373040.94,driving,9.792,6.011,-155.2,5,28,100,8.775,4.925,12.8,1.487,4.375,0.3,0.0,1.5,1.41
1788373041.0,driving,9.779,6.005,-155.2,5,28,100,8.775,4.925,13.0,1.475,4.363,0.3,0.0,1.5,1.38
1788373041.061,driving,9.749,5.995,-155.2,6,29,100,8.73,4.903,13.3,1.494,4.338,0.3,0.0,1.5,1.38
1788373041.123,driving,9.739,5.99,-155.2,0,25,95,8.686,4.88,13.5,1.531,4.329,0.3,0.0,1.5,1.36
1788373041.182,driving,9.721,5.982,-155.2,0,25,95,8.686,4.88,13.7,1.512,4.314,0.3,0.0,1.5,1.36
1788373041.247,driving,9.712,5.978,-155.2,0,25,95,8.686,4.88,13.9,1.502,4.306,0.3,0.0,1.5,1.33
1788373041.309,driving,9.693,5.969,-155.2,1,26,95,8.641,4.858,14.1,1.53,4.291,0.3,0.0,1.5,1.33
1788373041.372,driving,9.684,5.965,-155.2,1,26,95,8.641,4.858,14.3,1.521,4.283,0.3,0.0,1.5,1.3
1788373041.44,driving,9.674,5.961,-155.2,1,26,95,8.641,4.858,14.5,1.511,4.276,0.3,0.0,1.5,1.3
1788373041.506,driving,9.663,5.951,-155.1,1,26,95,8.641,4.858,14.6,1.496,4.267,0.3,0.0,1.5,1.27
1788373041.569,driving,9.66,5.945,-155.1,1,26,95,8.641,4.858,14.7,1.491,4.266,0.3,0.0,1.5,1.27
1788373041.63,driving,9.648,5.936,-155.0,2,27,95,8.575,4.825,14.8,1.544,4.258,0.3,0.0,1.5,1.25
1788373041.685,driving,9.639,5.931,-155.0,2,27,95,8.575,4.825,15.0,1.535,4.25,0.3,0.0,1.5,1.25
1788373041.74,driving,9.62,5.923,-155.0,2,27,95,8.575,4.825,15.1,1.516,4.235,0.3,0.0,1.5,1.22
1788373041.796,driving,9.611,5.918,-155.0,2,27,95,8.575,4.825,15.3,1.506,4.227,0.3,0.0,1.5,1.22
1788373041.849,driving,9.593,5.91,-155.0,3,28,95,8.525,4.825,15.4,1.522,4.212,0.299,0.0,1.5,1.19
1788373041.901,driving,9.583,5.906,-155.0,3,28,95,8.525,4.825,15.6,1.513,4.205,0.299,0.0,1.5,1.19
1788373041.956,driving,9.569,5.899,-155.2,3,28,95,8.525,4.825,15.9,1.498,4.193,0.297,0.0,1.5,1.16
1788373042.011,turning,9.564,5.896,-155.3,3,28,95,8.525,4.825,16.1,1.492,4.189,0.0,2.4,1.5,1.16
1788373042.064,turning,9.554,5.891,-154.9,3,28,95,8.525,4.825,15.8,1.482,4.181,0.0,2.4,1.5,1.14
1788373042.118,turning,9.554,5.891,-154.1,3,28,95,8.525,4.825,15.1,1.482,4.181,0.0,2.4,1.5,1.14
1788373042.175,turning,9.554,5.891,-152.4,0,24,91,8.551,4.813,13.6,1.472,4.181,0.0,2.4,1.5,1.13
1788373042.232,turning,9.554,5.891,-151.6,0,24,91,8.551,4.813,13.0,1.472,4.181,0.0,2.4,1.5,1.13
1788373042.298,turning,9.554,5.891,-150.0,0,24,91,8.551,4.813,11.5,1.472,4.181,0.0,2.4,1.5,1.13
1788373042.358,turning,9.554,5.891,-149.2,0,24,91,8.551,4.813,10.8,1.472,4.181,0.0,2.4,1.5,1.13
1788373042.415,turning,9.552,5.89,-148.5,0,24,91,8.551,4.813,10.2,1.47,4.179,0.0,2.4,1.5,1.13
1788373042.471,turning,9.544,5.887,-147.3,0,24,91,8.551,4.813,9.2,1.462,4.173,0.0,2.4,1.5,1.13
1788373042.524,turning,9.543,5.886,-146.6,0,24,91,8.551,4.813,8.6,1.46,4.172,0.0,2.4,1.5,1.13
1788373042.589,turning,9.543,5.886,-144.9,0,24,91,8.551,4.813,7.1,1.46,4.172,0.0,2.4,1.5,1.13
1788373042.646,driving,9.543,5.886,-144.1,0,24,91,8.551,4.813,6.4,1.46,4.172,0.293,0.0,1.5,1.13
1788373042.707,driving,9.542,5.885,-143.1,0,24,91,8.551,4.813,5.5,1.46,4.172,0.293,0.0,1.5,1.13
1788373042.769,driving,9.54,5.884,-143.1,0,24,91,8.551,4.813,5.7,1.458,4.17,0.293,0.0,1.5,1.13
1788373042.826,driving,9.533,5.878,-143.1,0,24,91,8.551,4.813,5.8,1.448,4.165,0.293,0.0,1.5,1.13
1788373042.884,driving,9.528,5.876,-143.3,0,24,91,8.551,4.813,6.1,1.444,4.161,0.292,0.0,1.5,1.12
1788373042.94,driving,9.515,5.872,-143.9,1,25,91,8.475,4.775,6.8,1.512,4.15,0.292,0.0,1.5,1.12
1788373043.004,driving,9.507,5.867,-144.0,1,25,91,8.475,4.775,7.0,1.503,4.144,0.29,0.0,1.5,1.1
1788373043.069,driving,9.491,5.856,-144.0,1,25,91,8.475,4.775,7.1,1.484,4.132,0.29,0.0,1.5,1.1
1788373043.129,driving,9.483,5.85,-144.0,1,25,91,8.475,4.775,7.2,1.474,4.127,0.288,0.0,1.5,1.07
1788373043.19,driving,9.467,5.838,-144.0,0,26,90,8.425,4.825,7.2,1.454,4.115,0.288,0.0,1.5,1.07
1788373043.249,driving,9.456,5.829,-143.9,0,26,90,8.425,4.825,7.1,1.439,4.108,0.286,0.0,1.5,1.05
1788373043.308,driving,9.434,5.809,-143.6,1,11,90,9.053,5.33,7.3,0.612,4.093,0.286,0.0,0.6,1.05
1788373043.367,driving,9.426,5.803,-143.6,1,11,90,9.053,5.33,7.8,0.602,4.088,0.284,0.0,0.6,1.03
1788373043.425,driving,9.418,5.797,-143.6,1,11,90,9.053,5.33,8.2,0.593,4.082,0.284,0.0,0.6,1.03
1788373043.49,driving,9.402,5.786,-143.6,1,11,90,9.053,5.33,8.7,0.574,4.072,0.282,0.0,0.6,1.01
1788373043.55,driving,9.394,5.78,-143.6,2,12,90,9.03,5.286,9.2,0.614,4.066,0.282,0.0,0.6,1.01
1788373043.611,driving,9.379,5.769,-143.6,2,12,90,9.03,5.286,9.8,0.596,4.056,0.28,0.0,0.6,0.98
1788373043.673,driving,9.371,5.763,-143.6,2,12,90,9.03,5.286,10.3,0.587,4.05,0.28,0.0,0.6,0.98
1788373043.732,driving,9.356,5.752,-143.6,2,12,90,9.03,5.286,10.8,0.569,4.04,0.277,0.0,0.6,0.96
1788373043.797,driving,9.348,5.746,-143.6,2,12,90,9.03,5.286,11.3,0.56,4.035,0.277,0.0,0.6,0.96
1788373043.874,driving,9.33,5.728,-143.6,3,14,90,8.975,5.175,11.8,0.658,4.024,0.275,0.0,0.6,0.94
1788373043.938,driving,9.32,5.717,-143.5,3,14,90,8.975,5.175,12.3,0.643,4.019,0.275,0.0,0.6,0.94
1788373044.01,driving,9.303,5.702,-143.5,3,14,90,8.975,5.175,12.9,0.621,4.009,0.273,0.0,0.6,0.91
1788373044.077,driving,9.296,5.696,-143.5,4,15,90,8.953,5.13,13.5,0.662,4.004,0.273,0.0,0.6,0.91
1788373044.141,driving,9.281,5.685,-143.5,4,15,90,8.953,5.13,14.0,0.645,3.994,0.271,0.0,0.6,0.89
1788373044.209,driving,9.273,5.68,-143.5,4,15,90,8.953,5.13,14.6,0.636,3.989,0.271,0.0,0.6,0.89
1788373044.282,driving,9.259,5.669,-143.5,0,12,88,8.953,5.13,15.2,0.619,3.98,0.269,0.0,0.6,0.87
1788373044.344,driving,9.251,5.663,-143.5,0,12,88,8.953,5.13,15.7,0.611,3.975,0.269,0.0,0.6,0.87
1788373044.405,turning,9.236,5.652,-143.5,1,13,88,8.925,5.075,16.3,0.656,3.965,0.0,2.4,0.6,0.85
1788373044.466,turning,9.229,5.647,-143.5,1,13,88,8.925,5.075,16.8,0.648,3.961,0.0,2.4,0.6,0.85
1788373044.534,turning,9.227,5.647,-143.0,1,13,88,8.925,5.075,16.8,0.647,3.958,0.0,2.4,0.6,0.83
1788373044.605,turning,9.218,5.649,-142.1,1,13,88,8.925,5.075,16.5,0.645,3.95,0.0,2.4,0.6,0.83
1788373044.678,turning,9.216,5.65,-141.5,1,13,88,8.925,5.075,16.4,0.644,3.948,0.0,2.4,0.6,0.83
1788373044.752,turning,9.216,5.65,-139.8,1,13,88,8.925,5.075,15.3,0.644,3.948,0.0,2.4,0.6,0.83
1788373044.814,turning,9.216,5.65,-139.0,1,13,88,8.925,5.075,14.9,0.644,3.948,0.0,2.4,0.6,0.83
1788373044.875,turning,9.216,5.65,-137.4,1,13,88,8.925,5.075,13.7,0.644,3.948,0.0,2.4,0.6,0.83
1788373044.932,turning,9.216,5.65,-136.6,1,13,88,8.925,5.075,13.3,0.644,3.948,0.0,2.4,0.6,0.83
1788373044.988,turning,9.216,5.65,-134.9,1,13,88,8.925,5.075,12.1,0.644,3.948,0.0,2.4,0.6,0.83
1788373045.044,turning,9.216,5.65,-134.1,1,13,88,8.925,5.075,11.6,0.644,3.948,0.0,2.4,0.6,0.83
1788373045.107,driving,9.216,5.65,-132.5,1,13,88,8.925,5.075,10.3,0.644,3.948,0.266,0.0,0.6,0.83
1788373045.164,driving,9.216,5.65,-131.7,1,13,88,8.925,5.075,9.8,0.644,3.948,0.266,0.0,0.6,0.84
1788373045.219,driving,9.214,5.647,-131.6,1,13,88,8.925,5.075,10.1,0.641,3.947,0.266,0.0,0.6,0.84
1788373045.275,driving,9.211,5.644,-131.6,0,11,86,8.925,5.075,10.4,0.637,3.945,0.266,0.0,0.6,0.84
1788373045.334,driving,9.202,5.634,-131.6,0,11,86,8.925,5.075,10.7,0.624,3.941,0.266,0.0,0.6,0.84
1788373045.401,driving,9.197,5.627,-131.6,0,11,86,8.925,5.075,11.0,0.616,3.938,0.265,0.0,0.6,0.83
1788373045.466,driving,9.185,5.614,-131.7,1,12,86,8.903,5.03,11.3,0.649,3.933,0.265,0.0,0.6,0.83
1788373045.537,driving,9.179,5.607,-131.7,1,12,86,8.903,5.03,11.6,0.64,3.931,0.263,0.0,0.6,0.81
1788373045.595,driving,9.173,5.601,-131.7,1,12,86,8.903,5.03,11.9,0.631,3.928,0.263,0.0,0.6,0.81
1788373045.649,driving,9.162,5.587,-131.7,1,12,86,8.903,5.03,12.2,0.614,3.922,0.262,0.0,0.6,0.79
1788373045.703,driving,9.156,5.581,-131.7,2,13,86,8.875,4.975,12.5,0.667,3.919,0.262,0.0,0.6,0.79
1788373045.757,driving,9.144,5.567,-131.7,2,13,86,8.875,4.975,12.8,0.65,3.914,0.26,0.0,0.6,0.77
1788373045.812,driving,9.138,5.561,-131.7,2,13,86,8.875,4.975,13.1,0.642,3.911,0.26,0.0,0.6,0.77
1788373045.865,driving,9.126,5.548,-131.7,2,13,86,8.875,4.975,13.4,0.625,3.906,0.258,0.0,0.6,0.76
1788373045.919,driving,9.12,5.541,-131.7,2,13,86,8.875,4.975,13.7,0.617,3.904,0.258,0.0,0.6,0.76
1788373045.98,driving,9.108,5.528,-131.7,3,14,86,8.825,4.925,13.8,0.666,3.899,0.257,0.0,0.6,0.74
1788373046.033,driving,9.103,5.521,-131.7,3,14,86,8.825,4.925,14.0,0.658,3.896,0.257,0.0,0.6,0.74
1788373046.088,driving,9.091,5.508,-131.7,3,14,86,8.825,4.925,14.2,0.641,3.891,0.3,0.0,0.6,1.93
1788373046.152,driving,9.085,5.502,-131.7,3,14,86,8.825,4.925,14.4,0.633,3.889,0.3,0.0,0.6,1.93
1788373046.223,driving,9.072,5.487,-131.7,3,14,86,8.825,4.925,14.6,0.614,3.883,0.3,0.0,0.6,1.91
1788373046.304,driving,9.066,5.48,-131.7,0,11,84,8.825,4.925,14.8,0.605,3.88,0.3,0.0,0.6,1.91
1788373046.372,driving,9.052,5.464,-131.7,0,11,84,8.825,4.925,15.1,0.585,3.875,0.3,0.0,0.6,1.88
1788373046.43,driving,9.045,5.457,-131.7,0,11,84,8.825,4.925,15.3,0.576,3.872,0.3,0.0,0.6,1.88
1788373046.492,driving,9.033,5.436,-131.9,1,12,84,8.775,4.875,15.6,0.618,3.871,0.3,0.0,0.6,1.86
1788373046.549,driving,9.028,5.425,-132.0,1,12,84,8.775,4.875,15.9,0.605,3.871,0.3,0.0,0.6,1.86
1788373046.608,driving,9.021,5.415,-132.1,2,13,84,8.73,4.853,15.8,0.633,3.87,0.3,0.0,0.6,1.82
1788373046.672,driving,9.008,5.4,-132.1,2,13,84,8.73,4.853,15.8,0.614,3.865,0.3,0.0,0.6,1.82
1788373046.73,driving,9.001,5.392,-132.1,2,13,84,8.73,4.853,15.8,0.604,3.862,0.3,0.0,0.6,1.79
1788373046.79,driving,8.987,5.377,-132.1,3,14,84,8.686,4.83,15.6,0.625,3.857,0.3,0.0,0.6,1.79
1788373046.845,driving,8.98,5.37,-132.1,3,14,84,8.686,4.83,15.5,0.615,3.854,0.3,0.0,0.6,1.76
1788373046.899,driving,8.967,5.354,-132.1,3,14,84,8.686,4.83,15.4,0.595,3.849,0.3,0.0,0.6,1.76
1788373046.963,driving,8.96,5.347,-132.1,3,14,84,8.686,4.83,15.3,0.585,3.847,0.3,0.0,0.6,1.72
1788373047.021,driving,8.946,5.332,-132.1,4,15,84,8.641,4.808,15.1,0.606,3.842,0.3,0.0,0.6,1.72
1788373047.084,driving,8.938,5.324,-132.2,4,15,84,8.641,4.808,15.0,0.595,3.839,0.3,0.0,0.6,1.7
1788373047.142,driving,8.92,5.307,-132.4,4,15,84,8.641,4.808,15.1,0.571,3.831,0.3,0.0,0.6,1.7
1788373047.201,driving,8.913,5.299,-132.4,4,15,84,8.641,4.808,15.0,0.561,3.829,0.3,0.0,0.6,1.67
1788373047.254,driving,8.899,5.284,-132.4,5,16,84,8.575,4.775,14.7,0.603,3.824,0.3,0.0,0.6,1.67
1788373047.31,driving,8.892,5.276,-132.4,0,11,77,8.525,4.867,13.9,0.55,3.822,0.3,0.0,0.6,1.64
1788373047.368,driving,8.878,5.261,-132.4,0,11,77,8.525,4.867,13.1,0.529,3.818,0.3,0.0,0.6,1.64
1788373047.429,driving,8.871,5.254,-132.4,0,11,77,8.525,4.867,12.3,0.519,3.815,0.3,0.0,0.6,1.62
1788373047.487,driving,8.858,5.239,-132.4,1,12,77,8.475,4.864,11.4,0.535,3.811,0.3,0.0,0.6,1.62
1788373047.542,driving,8.851,5.231,-132.4,1,12,77,8.475,4.864,10.5,0.525,3.809,0.3,0.0,0.6,1.58
1788373047.6,driving,8.844,5.224,-132.4,1,12,77,8.475,4.864,9.7,0.515,3.807,0.3,0.0,0.6,1.58
1788373047.658,driving,8.832,5.208,-132.5,1,12,77,8.475,4.864,8.9,0.496,3.805,0.3,0.0,0.6,1.55
1788373047.717,driving,8.827,5.201,-132.6,1,12,77,8.475,4.864,8.2,0.487,3.805,0.3,0.0,0.6,1.55
1788373047.786,driving,8.816,5.186,-132.6,2,13,77,8.425,4.861,7.3,0.508,3.802,0.3,0.0,0.6,1.52
1788373047.844,driving,8.809,5.178,-132.6,3,14,77,8.375,4.858,6.2,0.539,3.8,0.3,0.0,0.6,1.52
1788373047.905,driving,8.795,5.163,-132.6,3,14,77,8.375,4.858,5.2,0.519,3.797,0.3,0.0,0.6,1.49
1788373047.958,driving,8.788,5.156,-132.6,3,14,77,8.375,4.858,4.2,0.509,3.795,0.3,0.0,0.6,1.49
1788373048.013,driving,8.774,5.141,-132.6,4,15,77,8.326,4.856,3.0,0.532,3.791,0.3,0.0,0.6,1.46
1788373048.073,driving,8.767,5.133,-132.6,4,15,77,8.326,4.856,1.9,0.522,3.789,0.3,0.0,0.6,1.46
1788373048.129,driving,8.754,5.118,-132.6,4,15,77,8.326,4.856,0.8,0.502,3.786,0.3,0.0,0.6,1.44
1788373048.183,driving,8.747,5.111,-132.6,4,15,77,8.326,4.856,-0.2,0.492,3.784,0.3,0.0,0.6,1.44
1788373048.239,driving,8.737,5.103,-132.9,5,16,77,8.276,4.853,-1.1,0.525,3.781,0.3,0.0,0.6,1.4
1788373048.295,driving,8.734,5.101,-133.1,5,16,77,8.276,4.853,-2.0,0.521,3.779,0.3,0.0,0.6,1.4
1788373048.35,driving,8.722,5.09,-133.2,0,10,72,8.225,4.775,-2.6,0.589,3.775,0.3,0.0,0.6,1.37
1788373048.403,driving,8.715,5.083,-133.2,1,11,72,8.175,4.775,-3.5,0.622,3.773,0.3,0.0,0.6,1.37
1788373048.463,driving,8.701,5.068,-133.2,1,11,72,8.175,4.775,-4.3,0.602,3.77,0.3,0.0,0.6,1.34
1788373048.524,driving,8.694,5.06,-133.2,1,11,72,8.175,4.775,-5.2,0.593,3.768,0.3,0.0,0.6,1.34
1788373048.588,driving,8.687,5.053,-133.2,1,11,72,8.175,4.775,-6.0,0.583,3.767,0.3,0.0,0.6,1.32
1788373048.648,driving,8.673,5.038,-133.2,1,11,72,8.175,4.775,-6.7,0.563,3.764,0.3,0.0,0.6,1.32
1788373048.711,driving,8.666,5.031,-133.2,2,12,72,8.125,4.775,-7.6,0.599,3.762,0.3,0.0,0.6,1.28
1788373048.765,driving,8.652,5.016,-133.2,2,12,72,8.125,4.775,-8.5,0.58,3.759,0.3,0.0,0.6,1.28
1788373048.819,driving,8.646,5.005,-133.0,2,12,72,8.125,4.775,-9.6,0.569,3.76,0.3,0.0,0.6,1.25
1788373048.873,driving,8.631,4.978,-132.1,2,12,72,8.125,4.775,-11.4,0.546,3.764,0.3,0.0,0.6,1.25
1788373048.93,driving,8.624,4.969,-132.0,3,14,72,8.03,4.807,-12.9,0.616,3.764,0.3,0.0,0.6,1.22
1788373048.986,driving,8.611,4.953,-132.0,3,14,72,8.03,4.807,-14.1,0.599,3.762,0.3,0.0,0.6,1.22
1788373049.039,driving,8.604,4.946,-132.0,3,14,72,8.03,4.807,-15.4,0.59,3.761,0.3,0.0,0.6,1.2
1788373049.094,turning,8.59,4.931,-132.0,3,14,72,8.03,4.807,-16.6,0.574,3.759,0.0,-2.4,0.6,1.2
1788373049.147,turning,8.583,4.923,-132.0,4,15,72,7.975,4.825,-17.9,0.616,3.758,0.0,-2.4,0.6,1.16
1788373049.202,turning,8.583,4.922,-133.6,4,15,72,7.975,4.825,-17.6,0.615,3.758,0.0,-2.4,0.6,1.16
1788373049.26,turning,8.583,4.922,-134.4,4,15,72,7.975,4.825,-17.9,0.615,3.758,0.0,-2.4,0.6,1.15
1788373049.326,turning,8.583,4.922,-136.2,4,15,72,7.975,4.825,-17.3,0.615,3.758,0.0,-2.4,0.6,1.15
1788373049.395,turning,8.584,4.922,-136.8,0,12,68,7.98,4.797,-17.5,0.616,3.759,0.0,-2.4,0.6,1.14
1788373049.458,turning,8.586,4.922,-138.1,0,12,68,7.98,4.797,-17.1,0.618,3.761,0.0,-2.4,0.6,1.14
1788373049.516,turning,8.586,4.922,-139.0,0,12,68,7.98,4.797,-17.0,0.618,3.761,0.0,-2.4,0.6,1.14
1788373049.57,turning,8.586,4.922,-139.8,0,12,68,7.98,4.797,-16.9,0.618,3.761,0.0,-2.4,0.6,1.14
1788373049.626,turning,8.586,4.922,-141.6,0,12,68,7.98,4.797,-15.9,0.618,3.761,0.0,-2.4,0.6,1.15
1788373049.68,turning,8.586,4.922,-142.4,0,12,68,7.98,4.797,-15.7,0.618,3.761,0.0,-2.4,0.6,1.15
1788373049.737,driving,8.586,4.922,-144.1,0,12,68,7.98,4.797,-14.6,0.618,3.761,0.295,0.0,0.6,1.15
1788373049.794,driving,8.586,4.922,-145.0,0,12,68,7.98,4.797,-14.4,0.618,3.761,0.295,0.0,0.6,1.15
1788373049.858,driving,8.584,4.92,-145.2,0,12,68,7.98,4.797,-14.7,0.616,3.76,0.295,0.0,0.6,1.14
1788373049.915,driving,8.581,4.918,-145.2,0,12,68,7.98,4.797,-15.2,0.612,3.759,0.295,0.0,0.6,1.14
1788373049.98,driving,8.575,4.915,-145.4,0,12,68,7.98,4.797,-15.6,0.606,3.756,0.293,0.0,0.6,1.13
1788373050.041,driving,8.571,4.913,-145.5,0,12,68,7.98,4.797,-16.0,0.602,3.754,0.293,0.0,0.6,1.13
1788373050.111,turning,8.558,4.904,-145.6,0,12,68,7.98,4.797,-16.3,0.588,3.749,0.0,-2.4,0.6,1.1
1788373050.177,turning,8.55,4.899,-145.6,1,13,68,7.925,4.825,-17.0,0.629,3.746,0.0,-2.4,0.6,1.1
1788373050.24,turning,8.548,4.898,-147.1,1,13,68,7.925,4.825,-16.1,0.627,3.745,0.0,-2.4,0.6,1.07
1788373050.3,turning,8.548,4.898,-148.0,1,13,68,7.925,4.825,-15.9,0.627,3.745,0.0,-2.4,0.6,1.07
1788373050.356,turning,8.56,4.899,-149.6,0,12,68,7.98,4.797,-14.6,0.588,3.754,0.0,-2.4,0.6,1.07
1788373050.411,turning,8.568,4.9,-150.5,0,12,69,7.976,4.833,-14.4,0.596,3.76,0.0,-2.4,0.6,1.07
1788373050.469,turning,8.573,4.901,-152.2,0,12,69,7.976,4.833,-13.2,0.602,3.763,0.0,-2.4,0.6,1.07
1788373050.522,turning,8.573,4.901,-153.0,0,12,69,7.976,4.833,-12.8,0.602,3.763,0.0,-2.4,0.6,1.07
1788373050.58,turning,8.573,4.901,-153.9,0,12,69,7.976,4.833,-12.4,0.602,3.763,0.0,-2.4,0.6,1.07
1788373050.634,turning,8.573,4.901,-155.6,0,12,69,7.976,4.833,-11.2,0.602,3.763,0.0,-2.4,0.6,1.07
1788373050.689,turning,8.573,4.901,-156.5,0,12,69,7.976,4.833,-10.7,0.602,3.763,0.0,-2.4,0.6,1.07
1788373050.742,driving,8.573,4.901,-158.2,0,12,69,7.976,4.833,-9.4,0.602,3.763,0.287,0.0,0.6,1.07
1788373050.795,driving,8.573,4.901,-159.0,0,12,69,7.976,4.833,-8.9,0.602,3.763,0.287,0.0,0.6,1.07
1788373050.85,driving,8.571,4.9,-159.3,0,12,69,7.976,4.833,-9.0,0.599,3.762,0.287,0.0,0.6,1.07
1788373050.913,driving,8.568,4.898,-159.3,0,12,69,7.976,4.833,-9.3,0.595,3.76,0.287,0.0,0.6,1.06
1788373050.973,driving,8.556,4.894,-159.3,0,12,69,7.976,4.833,-9.6,0.583,3.753,0.287,0.0,0.6,1.06
1788373051.034,driving,8.552,4.891,-159.3,0,12,69,7.976,4.833,-9.9,0.579,3.752,0.286,0.0,0.6,1.05
1788373051.091,driving,8.547,4.886,-159.4,0,12,69,7.976,4.833,-10.2,0.573,3.751,0.286,0.0,0.6,1.05
1788373051.144,driving,8.539,4.883,-159.4,1,13,69,7.926,4.841,-10.6,0.614,3.747,0.283,0.0,0.6,1.02
1788373051.199,driving,8.521,4.876,-159.4,1,13,69,7.926,4.841,-11.0,0.596,3.737,0.283,0.0,0.6,1.02
1788373051.254,driving,8.512,4.873,-159.4,1,13,69,7.926,4.841,-11.4,0.586,3.732,0.281,0.0,0.6,0.99
1788373051.255,driving,8.512,4.873,-159.4,1,13,69,7.926,4.841,-11.7,0.586,3.732,0.281,0.0,0.6,0.99
1788373051.364,driving,8.487,4.862,-159.1,2,14,69,7.877,4.85,-12.5,0.61,3.719,0.278,0.0,0.6,0.96
1788373051.416,driving,8.472,4.852,-158.2,0,12,67,7.878,4.858,-13.9,0.595,3.714,0.278,0.0,0.6,0.96
1788373051.469,driving,8.464,4.848,-158.2,0,12,67,7.878,4.858,-14.5,0.586,3.709,0.275,0.0,0.6,0.94
1788373051.52,driving,8.455,4.845,-158.2,1,13,67,7.828,4.866,-15.0,0.627,3.705,0.275,0.0,0.6,0.94
1788373051.59,driving,8.437,4.838,-158.2,1,13,67,7.828,4.866,-15.6,0.61,3.695,0.273,0.0,0.6,0.92
1788373051.66,turning,8.429,4.834,-158.2,1,13,67,7.828,4.866,-16.2,0.601,3.691,0.0,-2.4,0.6,0.92
1788373051.734,turning,8.418,4.83,-158.9,1,13,67,7.828,4.866,-16.0,0.591,3.685,0.0,-2.4,0.6,0.89
1788373051.81,turning,8.418,4.83,-159.7,1,13,67,7.828,4.866,-15.7,0.591,3.685,0.0,-2.4,0.6,0.89
1788373051.881,turning,8.418,4.83,-161.5,1,13,67,7.828,4.866,-14.5,0.591,3.685,0.0,-2.4,0.6,0.88
1788373051.948,turning,8.418,4.83,-162.3,1,13,67,7.828,4.866,-14.1,0.591,3.685,0.0,-2.4,0.6,0.88
1788373052.017,turning,8.42,4.827,-163.8,1,13,67,7.828,4.866,-13.0,0.593,3.689,0.0,-2.4,0.6,0.88
1788373052.079,turning,8.421,4.824,-164.5,1,13,67,7.828,4.866,-12.8,0.594,3.692,0.0,-2.4,0.6,0.88
1788373052.141,turning,8.422,4.822,-166.1,1,13,67,7.828,4.866,-11.6,0.595,3.694,0.0,-2.4,0.6,0.87
1788373052.201,turning,8.422,4.822,-166.9,1,13,67,7.828,4.866,-11.2,0.595,3.694,0.0,-2.4,0.6,0.87
1788373052.26,turning,8.422,4.822,-168.6,1,13,67,7.828,4.866,-9.8,0.595,3.694,0.0,-2.4,0.6,0.87
1788373052.32,driving,8.422,4.822,-169.5,1,13,67,7.828,4.866,-9.3,0.595,3.694,0.269,0.0,0.6,0.87
1788373052.38,driving,8.422,4.822,-170.5,1,13,67,7.828,4.866,-8.6,0.595,3.693,0.269,0.0,0.6,0.87
1788373052.443,driving,8.419,4.821,-170.5,0,12,66,7.828,4.866,-9.0,0.593,3.692,0.269,0.0,0.6,0.87
1788373052.506,driving,8.41,4.82,-170.5,0,12,66,7.828,4.866,-9.3,0.583,3.685,0.269,0.0,0.6,0.87
1788373052.571,driving,8.402,4.818,-170.5,0,12,66,7.828,4.866,-9.6,0.576,3.68,0.269,0.0,0.6,0.87
1788373052.636,driving,8.394,4.818,-170.4,1,13,66,7.775,4.875,-9.9,0.622,3.675,0.268,0.0,0.6,0.86
1788373052.692,driving,8.381,4.821,-170.1,1,13,66,7.775,4.875,-10.5,0.609,3.663,0.268,0.0,0.6,0.86
1788373052.748,driving,8.373,4.821,-170.1,1,13,66,7.775,4.875,-10.9,0.601,3.657,0.265,0.0,0.6,0.83
1788373052.804,driving,8.356,4.818,-170.1,1,13,66,7.775,4.875,-11.2,0.583,3.645,0.265,0.0,0.6,0.83
1788373052.86,driving,8.347,4.817,-170.1,2,14,66,7.726,4.887,-11.5,0.624,3.639,0.263,0.0,0.6,0.8
1788373052.916,driving,8.329,4.814,-170.1,2,14,66,7.726,4.887,-11.8,0.607,3.628,0.263,0.0,0.6,0.8
1788373052.973,driving,8.32,4.812,-170.1,2,14,66,7.726,4.887,-12.1,0.598,3.622,0.261,0.0,0.6,0.79
1788373053.026,driving,8.303,4.809,-170.1,2,14,66,7.726,4.887,-12.5,0.581,3.611,0.261,0.0,0.6,0.79
1788373053.083,driving,8.294,4.807,-170.1,3,15,66,7.678,4.899,-12.8,0.623,3.605,0.259,0.0,0.6,0.76
1788373053.138,driving,8.276,4.804,-170.1,3,15,66,7.678,4.899,-13.2,0.606,3.594,0.259,0.0,0.6,0.76
1788373053.194,driving,8.268,4.803,-170.1,3,15,66,7.678,4.899,-13.6,0.598,3.589,0.257,0.0,0.6,0.74
1788373053.257,driving,8.25,4.8,-170.1,4,16,66,7.629,4.911,-14.0,0.631,3.578,0.257,0.0,0.6,0.74
1788373053.326,driving,8.242,4.798,-170.1,4,16,66,7.629,4.911,-14.4,0.623,3.572,0.255,0.0,0.6,0.72
1788373053.393,driving,8.225,4.795,-170.1,4,16,66,7.629,4.911,-14.8,0.606,3.561,0.255,0.0,0.6,0.72
1788373053.454,driving,8.217,4.796,-170.3,0,12,60,7.627,4.919,-14.9,0.602,3.555,0.254,0.0,0.6,0.71
1788373053.512,driving,8.2,4.797,-170.8,1,13,60,7.575,4.925,-14.8,0.638,3.542,0.254,0.0,0.6,0.71
1788373053.57,driving,8.192,4.796,-170.9,1,13,60,7.575,4.925,-15.1,0.63,3.536,0.253,0.0,0.6,0.71
1788373053.622,driving,8.183,4.795,-170.9,1,13,60,7.575,4.925,-15.5,0.622,3.531,0.253,0.0,0.6,0.71
1788373053.677,driving,8.166,4.792,-170.9,1,13,60,7.575,4.925,-15.9,0.606,3.52,0.253,0.0,0.6,0.7
1788373053.729,turning,8.158,4.79,-170.9,1,13,60,7.575,4.925,-16.3,0.598,3.515,0.0,-2.4,0.6,0.7
1788373053.782,turning,8.147,4.789,-171.5,2,14,60,7.533,4.953,-16.1,0.635,3.508,0.0,-2.4,0.6,0.69
1788373053.834,turning,8.147,4.789,-172.4,2,14,60,7.533,4.953,-15.7,0.635,3.508,0.0,-2.4,0.6,0.69
1788373053.888,turning,8.141,4.785,-173.9,2,14,60,7.533,4.953,-14.6,0.63,3.506,0.0,-2.4,0.6,0.71
1788373053.939,turning,8.135,4.782,-174.7,2,14,60,7.533,4.953,-14.2,0.626,3.504,0.0,-2.4,0.6,0.71
1788373054.0,turning,8.131,4.78,-176.3,2,14,60,7.533,4.953,-13.1,0.622,3.503,0.0,-2.4,0.6,0.74
1788373054.064,turning,8.131,4.78,-177.2,2,14,60,7.533,4.953,-12.6,0.622,3.503,0.0,-2.4,0.6,0.74
1788373054.123,turning,8.131,4.78,-178.9,2,14,60,7.533,4.953,-11.3,0.622,3.503,0.0,-2.4,0.6,0.77
1788373054.183,turning,8.131,4.78,-179.8,2,14,60,7.533,4.953,-10.8,0.622,3.503,0.0,-2.4,0.6,0.77
1788373054.238,turning,8.131,4.78,178.5,2,14,60,7.533,4.953,-9.4,0.622,3.503,0.0,-2.4,0.6,0.81
1788373054.295,driving,8.131,4.78,177.7,2,14,60,7.533,4.953,-8.9,0.622,3.503,0.263,0.0,0.6,0.81
1788373054.352,driving,8.13,4.78,176.6,2,14,60,7.533,4.953,-8.1,0.621,3.502,0.267,0.0,0.6,0.85
1788373054.407,driving,8.128,4.78,176.6,2,14,60,7.533,4.953,-8.4,0.619,3.501,0.267,0.0,0.6,0.85
1788373054.461,driving,8.119,4.78,176.6,0,12,58,7.533,4.953,-8.6,0.61,3.493,0.268,0.0,0.6,0.86
1788373054.514,driving,8.111,4.781,176.6,0,12,58,7.533,4.953,-8.9,0.603,3.488,0.268,0.0,0.6,0.86
1788373054.567,driving,8.106,4.783,176.5,0,12,58,7.533,4.953,-9.1,0.597,3.482,0.268,0.0,0.6,0.86
1788373054.623,driving,8.101,4.791,176.0,1,13,58,7.492,4.98,-8.9,0.638,3.474,0.268,0.0,0.6,0.86
1788373054.677,driving,8.095,4.793,175.9,1,13,58,7.492,4.98,-9.0,0.632,3.468,0.268,0.0,0.6,0.86
1788373054.732,driving,8.077,4.794,175.9,1,13,58,7.492,4.98,-9.3,0.614,3.454,0.268,0.0,0.6,0.86
1788373054.79,driving,8.068,4.795,175.9,1,13,58,7.492,4.98,-9.6,0.605,3.447,0.268,0.0,0.6,0.86
1788373054.85,driving,8.05,4.796,175.9,1,13,58,7.492,4.98,-9.9,0.588,3.433,0.268,0.0,0.6,0.86
1788373054.911,driving,8.041,4.797,175.9,2,14,58,7.425,5.025,-10.3,0.657,3.426,0.268,0.0,0.6,0.86
1788373054.968,driving,8.022,4.798,175.9,2,14,58,7.425,5.025,-10.6,0.639,3.412,0.268,0.0,0.6,0.86
1788373055.026,driving,8.013,4.799,175.9,2,14,58,7.425,5.025,-11.0,0.63,3.405,0.268,0.0,0.6,0.86
1788373055.083,driving,7.995,4.8,175.9,2,14,58,7.425,5.025,-11.4,0.613,3.391,0.268,0.0,0.6,0.86
1788373055.135,driving,7.986,4.801,175.9,3,28,58,6.775,5.725,-12.0,1.523,3.384,0.269,0.0,1.5,0.87
1788373055.191,driving,7.968,4.802,175.9,3,28,58,6.775,5.725,-12.5,1.508,3.37,0.269,0.0,1.5,0.87
1788373055.245,driving,7.959,4.803,175.9,3,28,58,6.775,5.725,-13.0,1.501,3.363,0.269,0.0,1.5,0.87
1788373055.303,driving,7.941,4.804,175.9,4,28,58,6.775,5.725,-13.5,1.485,3.349,0.269,0.0,1.5,0.87
1788373055.395,driving,7.927,4.804,175.9,4,28,58,6.775,5.725,-14.1,1.475,3.34,0.269,0.0,1.5,0.87
1788373055.475,driving,7.9,4.804,176.0,4,28,58,6.775,5.725,-14.7,1.454,3.321,0.269,0.0,1.5,0.87
1788373055.553,driving,7.891,4.805,176.0,0,25,53,6.825,5.825,-15.3,1.475,3.314,0.269,0.0,1.5,0.87
1788373055.625,driving,7.882,4.806,176.0,1,26,53,6.775,5.875,-15.9,1.539,3.307,0.269,0.0,1.5,0.87
1788373055.697,turning,7.863,4.807,176.0,1,26,53,6.775,5.875,-16.5,1.525,3.293,0.0,-2.4,1.5,3.28
1788373055.758,turning,7.854,4.807,176.0,1,26,53,6.775,5.875,-17.1,1.518,3.286,0.0,-2.4,1.5,3.28
1788373055.817,turning,7.852,4.808,174.6,1,26,53,6.775,5.875,-16.3,1.516,3.284,0.0,-2.4,1.5,3.26
1788373055.87,turning,7.852,4.808,173.7,1,26,53,6.775,5.875,-16.0,1.516,3.284,0.0,-2.4,1.5,3.26
1788373055.922,turning,7.848,4.804,172.3,1,26,53,6.775,5.875,-15.1,1.516,3.285,0.0,-2.4,1.5,3.25
1788373055.975,turning,7.845,4.801,171.7,1,26,53,6.775,5.875,-15.0,1.516,3.285,0.0,-2.4,1.5,3.25
1788373056.028,turning,7.842,4.798,170.1,1,26,53,6.775,5.875,-14.0,1.516,3.285,0.0,-2.4,1.5,3.25
1788373056.082,turning,7.842,4.798,169.3,1,26,53,6.775,5.875,-13.7,1.516,3.285,0.0,-2.4,1.5,3.25
1788373056.134,turning,7.842,4.798,167.6,1,26,53,6.775,5.875,-12.5,1.516,3.285,0.0,-2.4,1.5,3.25
1788373056.188,turning,7.842,4.798,166.7,1,26,53,6.775,5.875,-12.2,1.516,3.285,0.0,-2.4,1.5,3.25
1788373056.253,driving,7.842,4.798,165.0,1,26,53,6.775,5.875,-10.9,1.516,3.285,0.3,0.0,1.5,3.25
1788373056.354,driving,7.842,4.798,164.1,1,26,53,6.775,5.875,-10.5,1.516,3.285,0.3,0.0,1.5,3.25
1788373056.463,driving,7.84,4.799,163.9,1,26,53,6.775,5.875,-10.8,1.514,3.282,0.3,0.0,1.5,3.25
1788373056.463,driving,7.84,4.799,163.9,1,26,53,6.775,5.875,-11.3,1.514,3.282,0.3,0.0,1.5,3.25
1788373056.618,driving,7.823,4.804,163.9,0,23,51,6.725,5.875,-11.7,1.534,3.267,0.3,0.0,1.5,3.24
1788373056.676,driving,7.814,4.806,163.9,0,23,51,6.725,5.875,-12.1,1.526,3.26,0.3,0.0,1.5,3.24
1788373056.736,driving,7.8,4.809,164.1,1,24,51,6.675,5.925,-12.7,1.585,3.248,0.3,0.0,1.5,3.22
1788373056.796,driving,7.763,4.814,164.9,1,24,51,6.675,5.925,-13.9,1.555,3.219,0.3,0.0,1.5,3.22
1788373056.858,driving,7.749,4.817,165.0,1,24,51,6.675,5.925,-14.4,1.543,3.208,0.3,0.0,1.5,3.19
1788373056.911,driving,7.73,4.822,165.0,1,24,51,6.675,5.925,-14.9,1.526,3.19,0.3,0.0,1.5,3.19
1788373056.971,driving,7.72,4.825,165.0,2,25,51,6.625,5.975,-15.3,1.588,3.182,0.3,0.0,1.5,3.16
1788373057.026,driving,7.7,4.83,165.0,2,25,51,6.625,5.975,-15.7,1.571,3.165,0.3,0.0,1.5,3.16
1788373057.084,turning,7.69,4.833,165.0,2,25,51,6.625,5.975,-16.1,1.562,3.156,0.0,-2.4,1.5,3.13
1788373057.14,turning,7.679,4.836,164.3,2,25,51,6.625,5.975,-15.7,1.552,3.146,0.0,-2.4,1.5,3.13
1788373057.212,turning,7.679,4.836,163.4,2,25,51,6.625,5.975,-15.3,1.552,3.146,0.0,-2.4,1.5,3.1
1788373057.292,turning,7.679,4.836,161.7,2,25,51,6.625,5.975,-13.9,1.552,3.146,0.0,-2.4,1.5,3.1
1788373057.374,turning,7.679,4.836,160.8,2,25,51,6.625,5.975,-13.4,1.552,3.146,0.0,-2.4,1.5,3.1
1788373057.439,turning,7.679,4.836,159.1,2,25,51,6.625,5.975,-12.1,1.552,3.146,0.0,-2.4,1.5,3.1
1788373057.501,turning,7.679,4.836,158.3,2,25,51,6.625,5.975,-11.6,1.552,3.146,0.0,-2.4,1.5,3.1
1788373057.562,turning,7.679,4.836,156.5,0,24,48,6.675,6.025,-10.3,1.557,3.146,0.0,-2.4,1.5,3.1
1788373057.622,turning,7.678,4.834,155.7,0,24,48,6.675,6.025,-9.8,1.557,3.147,0.0,-2.4,1.5,3.1
1788373057.681,driving,7.676,4.83,154.1,0,24,48,6.675,6.025,-8.6,1.559,3.149,0.3,0.0,1.5,3.1
1788373057.744,driving,7.675,4.829,153.3,0,24,48,6.675,6.025,-8.1,1.559,3.149,0.3,0.0,1.5,3.1
1788373057.801,driving,7.675,4.83,153.2,0,24,48,6.675,6.025,-8.4,1.558,3.148,0.3,0.0,1.5,3.1
1788373057.857,driving,7.669,4.833,153.2,0,24,48,6.675,6.025,-8.8,1.552,3.142,0.3,0.0,1.5,3.1
1788373057.909,driving,7.664,4.835,153.2,0,24,48,6.675,6.025,-9.2,1.547,3.136,0.3,0.0,1.5,3.1
1788373057.965,driving,7.652,4.841,153.0,0,24,48,6.675,6.025,-9.3,1.535,3.124,0.3,0.0,1.5,3.08
1788373058.026,driving,7.646,4.844,152.8,0,24,48,6.675,6.025,-9.5,1.529,3.118,0.3,0.0,1.5,3.08
1788373058.085,driving,7.631,4.852,152.6,1,25,48,6.625,6.075,-9.6,1.584,3.102,0.3,0.0,1.5,3.05
1788373058.144,driving,7.622,4.856,152.6,1,25,48,6.625,6.075,-10.0,1.575,3.093,0.3,0.0,1.5,3.05
1788373058.201,driving,7.604,4.866,152.6,1,25,48,6.625,6.075,-10.3,1.556,3.074,0.3,0.0,1.5,3.03
1788373058.254,driving,7.595,4.871,152.6,1,25,48,6.625,6.075,-10.6,1.546,3.064,0.3,0.0,1.5,3.03
1788373058.31,driving,7.577,4.88,152.5,2,26,48,6.575,6.125,-10.9,1.598,3.045,0.3,0.0,1.5,3.0
1788373058.366,driving,7.568,4.885,152.4,2,26,48,6.575,6.125,-11.1,1.589,3.036,0.3,0.0,1.5,3.0
1788373058.423,driving,7.55,4.895,152.4,2,26,48,6.575,6.125,-11.4,1.57,3.017,0.3,0.0,1.5,2.97
1788373058.479,driving,7.541,4.899,152.4,2,26,48,6.575,6.125,-11.7,1.561,3.007,0.3,0.0,1.5,2.97
1788373058.531,driving,7.523,4.909,152.4,2,26,48,6.575,6.125,-12.0,1.542,2.988,0.3,0.0,1.5,2.94
1788373058.585,driving,7.514,4.913,152.4,0,24,48,6.525,6.075,-12.2,1.525,2.979,0.3,0.0,1.5,2.94
1788373058.635,driving,7.496,4.923,152.4,0,24,48,6.525,6.075,-12.5,1.507,2.96,0.3,0.0,1.5,2.92
1788373058.689,driving,7.487,4.928,152.4,0,24,48,6.525,6.075,-12.7,1.497,2.951,0.3,0.0,1.5,2.92
1788373058.753,driving,7.478,4.932,152.4,1,25,48,6.475,6.125,-13.0,1.558,2.941,0.3,0.0,1.5,2.89
1788373058.82,driving,7.46,4.942,152.4,1,25,48,6.475,6.125,-13.2,1.539,2.922,0.3,0.0,1.5,2.89
1788373058.888,driving,7.454,4.945,152.5,1,25,48,6.475,6.125,-13.6,1.533,2.916,0.3,0.0,1.5,2.86
1788373058.955,driving,7.448,4.949,153.2,1,25,48,6.475,6.125,-14.6,1.526,2.909,0.3,0.0,1.5,2.86
1788373059.019,driving,7.441,4.952,153.4,1,25,48,6.475,6.125,-14.9,1.519,2.902,0.3,0.0,1.5,2.84
1788373059.081,driving,7.423,4.961,153.4,2,25,48,6.475,6.125,-15.2,1.501,2.884,0.3,0.0,1.5,2.84
1788373059.141,driving,7.413,4.966,153.4,2,25,48,6.475,6.125,-15.4,1.492,2.874,0.3,0.0,1.5,2.81
1788373059.196,driving,7.395,4.975,153.4,2,25,48,6.475,6.125,-15.6,1.473,2.855,0.3,0.0,1.5,2.81
1788373059.251,driving,7.386,4.979,153.4,2,25,48,6.475,6.125,-15.8,1.464,2.846,0.3,0.0,1.5,2.78
1788373059.307,turning,7.368,4.989,153.4,2,25,48,6.475,6.125,-16.1,1.445,2.828,0.0,-2.4,1.5,2.78
1788373059.363,turning,7.357,4.989,153.5,3,27,48,6.397,6.217,-16.5,1.558,2.82,0.0,-2.4,1.5,2.75
1788373059.423,turning,7.353,4.98,152.3,3,27,48,6.397,6.217,-15.5,1.563,2.825,0.0,-2.4,1.5,2.75
1788373059.485,turning,7.352,4.979,151.5,3,27,48,6.397,6.217,-14.9,1.563,2.825,0.0,-2.4,1.5,2.74
1788373059.545,turning,7.352,4.979,149.8,3,27,48,6.397,6.217,-13.4,1.563,2.825,0.0,-2.4,1.5,2.74
1788373059.613,turning,7.352,4.979,148.9,0,26,46,6.525,6.225,-12.9,1.496,2.825,0.0,-2.4,1.5,2.74
1788373059.679,turning,7.352,4.979,147.2,0,26,46,6.525,6.225,-11.4,1.496,2.825,0.0,-2.4,1.5,2.74
1788373059.745,turning,7.352,4.979,146.4,0,26,46,6.525,6.225,-10.9,1.496,2.825,0.0,-2.4,1.5,2.74
1788373059.802,turning,7.352,4.979,145.5,0,26,46,6.525,6.225,-10.3,1.496,2.825,0.0,-2.4,1.5,2.74
1788373059.86,turning,7.346,4.981,143.8,0,26,46,6.525,6.225,-8.9,1.49,2.819,0.0,-2.4,1.5,2.74
1788373059.914,turning,7.34,4.983,143.0,1,27,46,6.475,6.275,-8.4,1.554,2.814,0.0,-2.4,1.5,2.74
1788373059.97,driving,7.334,4.986,141.3,1,27,46,6.475,6.275,-7.0,1.549,2.809,0.3,0.0,1.5,2.74
1788373060.026,driving,7.334,4.986,140.4,1,27,46,6.475,6.275,-6.4,1.549,2.809,0.3,0.0,1.5,2.74
1788373060.083,driving,7.332,4.987,140.2,1,27,46,6.475,6.275,-6.4,1.547,2.806,0.3,0.0,1.5,2.74
1788373060.136,driving,7.329,4.99,140.2,1,27,46,6.475,6.275,-6.7,1.543,2.802,0.3,0.0,1.5,2.74
1788373060.193,driving,7.322,4.995,140.3,1,27,46,6.475,6.275,-7.0,1.535,2.794,0.3,0.0,1.5,2.73
1788373060.247,driving,7.318,4.998,140.3,1,27,46,6.475,6.275,-7.3,1.531,2.789,0.3,0.0,1.5,2.73
1788373060.305,driving,7.305,5.009,140.4,1,27,46,6.475,6.275,-7.5,1.514,2.772,0.3,0.0,1.5,2.71
1788373060.368,driving,7.297,5.015,140.4,2,28,46,6.425,6.325,-7.8,1.574,2.762,0.3,0.0,1.5,2.71
1788373060.434,driving,7.281,5.028,140.4,2,28,46,6.425,6.325,-8.0,1.554,2.742,0.3,0.0,1.5,2.68
1788373060.499,driving,7.274,5.035,140.4,2,28,46,6.425,6.325,-8.2,1.544,2.732,0.3,0.0,1.5,2.68
1788373060.565,driving,7.26,5.045,140.2,2,28,46,6.425,6.325,-8.3,1.528,2.715,0.3,0.0,1.5,3.05
1788373060.626,driving,7.253,5.05,140.2,1,27,46,6.336,6.283,-8.4,1.536,2.708,0.3,0.0,1.5,3.05
1788373060.682,driving,7.238,5.062,140.1,1,27,46,6.336,6.283,-8.4,1.518,2.689,0.3,0.0,1.5,3.39
1788373060.738,driving,7.231,5.069,140.1,1,27,46,6.336,6.283,-8.6,1.508,2.679,0.3,0.0,1.5,3.39
1788373060.797,driving,7.223,5.075,140.1,1,27,46,6.336,6.283,-8.7,1.498,2.669,0.3,0.0,1.5,3.37
1788373060.849,driving,7.207,5.088,140.1,2,28,46,6.309,6.325,-8.8,1.528,2.649,0.3,0.0,1.5,3.37
1788373060.906,driving,7.199,5.095,140.1,2,28,46,6.309,6.325,-9.0,1.518,2.639,0.3,0.0,1.5,3.34
1788373060.959,driving,7.184,5.108,140.1,2,28,46,6.309,6.325,-9.1,1.498,2.619,0.3,0.0,1.5,3.34
1788373061.013,driving,7.176,5.115,140.1,2,28,46,6.309,6.325,-9.2,1.489,2.609,0.3,0.0,1.5,3.31
1788373061.067,driving,7.16,5.128,140.1,3,29,46,6.275,6.375,-9.4,1.529,2.589,0.3,0.0,1.5,3.31
1788373061.128,driving,7.152,5.134,140.1,3,29,46,6.275,6.375,-9.5,1.52,2.579,0.3,0.0,1.5,3.28
1788373061.194,driving,7.137,5.147,140.1,3,29,46,6.275,6.375,-9.6,1.5,2.559,0.3,0.0,1.5,3.28
1788373061.256,driving,7.133,5.153,139.8,3,29,46,6.275,6.375,-9.5,1.493,2.553,0.3,0.0,1.5,3.25
1788373061.318,driving,7.128,5.162,139.0,3,29,46,6.275,6.375,-8.8,1.483,2.542,0.3,0.0,1.5,3.25
1788373061.379,driving,7.121,5.168,138.9,3,29,46,6.275,6.375,-8.8,1.474,2.533,0.3,0.0,1.5,3.22
1788373061.435,driving,7.106,5.182,138.9,4,30,46,6.225,6.425,-8.9,1.524,2.513,0.3,0.0,1.5,3.22
1788373061.493,driving,7.098,5.189,138.9,4,30,46,6.225,6.425,-9.1,1.514,2.503,0.3,0.0,1.5,3.19
1788373061.549,driving,7.083,5.202,138.9,4,30,46,6.225,6.425,-9.2,1.494,2.483,0.3,0.0,1.5,3.19
1788373061.604,driving,7.075,5.209,138.9,4,30,46,6.225,6.425,-9.3,1.484,2.473,0.3,0.0,1.5,3.16
1788373061.663,driving,7.06,5.222,138.9,0,24,41,6.175,6.425,-9.4,1.493,2.453,0.3,0.0,1.5,3.16
1788373061.719,driving,7.052,5.229,138.9,0,24,41,6.175,6.425,-9.5,1.483,2.443,0.3,0.0,1.5,3.13
1788373061.773,driving,7.044,5.236,138.9,1,25,41,6.125,6.475,-9.5,1.543,2.433,0.3,0.0,1.5,3.13
1788373061.827,driving,7.03,5.248,139.2,1,25,41,6.125,6.475,-9.9,1.525,2.415,0.3,0.0,1.5,3.1
1788373061.886,driving,7.024,5.253,139.6,1,25,41,6.125,6.475,-10.3,1.517,2.407,0.3,0.0,1.5,3.1
1788373061.945,driving,7.009,5.264,139.9,1,25,41,6.125,6.475,-10.7,1.499,2.389,0.3,0.0,1.5,3.07
1788373062.007,driving,7.001,5.271,139.9,2,26,41,6.075,6.525,-10.8,1.559,2.379,0.3,0.0,1.5,3.07
1788373062.071,driving,6.986,5.284,139.9,2,26,41,6.075,6.525,-10.9,1.539,2.359,0.3,0.0,1.5,3.05
1788373062.131,driving,6.978,5.291,139.9,2,26,41,6.075,6.525,-10.9,1.529,2.349,0.3,0.0,1.5,3.05
1788373062.188,driving,6.962,5.304,139.9,2,26,41,6.075,6.525,-11.0,1.509,2.329,0.3,0.0,1.5,3.02
1788373062.243,driving,6.954,5.31,139.9,2,26,41,6.075,6.525,-11.1,1.499,2.319,0.3,0.0,1.5,3.02
1788373062.301,driving,6.939,5.324,139.9,3,27,41,6.047,6.567,-11.1,1.53,2.299,0.3,0.0,1.5,2.99
1788373062.358,driving,6.931,5.33,139.9,3,27,41,6.047,6.567,-11.2,1.52,2.29,0.3,0.0,1.5,2.99
1788373062.418,driving,6.916,5.344,139.8,3,27,41,6.047,6.567,-11.3,1.5,2.269,0.3,0.0,1.5,2.96
1788373062.475,driving,6.909,5.352,139.8,3,27,41,6.047,6.567,-11.3,1.489,2.259,0.3,0.0,1.5,2.96
1788373062.534,driving,6.894,5.365,139.7,4,28,41,6.02,6.608,-11.3,1.519,2.239,0.3,0.0,1.5,2.93
1788373062.591,driving,6.886,5.372,139.7,4,28,41,6.02,6.608,-11.4,1.51,2.229,0.3,0.0,1.5,2.93
1788373062.652,driving,6.87,5.385,139.7,4,28,41,6.02,6.608,-11.5,1.49,2.209,0.3,0.0,1.5,2.9
1788373062.719,driving,6.862,5.392,139.7,0,25,38,5.941,6.543,-11.5,1.475,2.199,0.3,0.0,1.5,2.9
1788373062.784,driving,6.855,5.398,139.7,1,26,38,5.918,6.588,-11.5,1.514,2.19,0.3,0.0,1.5,2.87
1788373062.849,driving,6.839,5.411,139.7,1,26,38,5.918,6.588,-11.5,1.494,2.17,0.3,0.0,1.5,2.87
1788373062.907,driving,6.831,5.418,139.7,1,26,38,5.918,6.588,-11.5,1.484,2.16,0.3,0.0,1.5,2.84
1788373062.966,driving,6.816,5.431,139.7,2,27,38,5.875,6.675,-11.5,1.559,2.14,0.3,0.0,1.5,2.84
1788373063.023,driving,6.806,5.437,140.0,2,27,38,5.875,6.675,-11.8,1.549,2.13,0.3,0.0,1.5,2.81
1788373063.079,driving,6.782,5.445,140.7,2,27,38,5.875,6.675,-12.6,1.529,2.11,0.3,0.0,1.5,2.81
1788373063.136,driving,6.773,5.45,140.9,2,27,38,5.875,6.675,-12.8,1.519,2.1,0.3,0.0,1.5,2.78
1788373063.194,driving,6.757,5.463,140.9,2,27,38,5.875,6.675,-12.8,1.499,2.08,0.3,0.0,1.5,2.78
1788373063.25,driving,6.749,5.47,140.9,3,28,38,5.853,6.72,-12.9,1.538,2.07,0.3,0.0,1.5,2.76
1788373063.307,driving,6.733,5.483,140.9,3,28,38,5.853,6.72,-13.0,1.519,2.051,0.3,0.0,1.5,2.76
1788373063.364,driving,6.725,5.489,140.9,3,28,38,5.853,6.72,-13.0,1.509,2.041,0.3,0.0,1.5,2.73
1788373063.417,driving,6.71,5.502,140.9,3,28,38,5.853,6.72,-13.1,1.489,2.022,0.3,0.0,1.5,2.73
1788373063.476,driving,6.702,5.508,140.9,4,29,38,5.83,6.764,-13.2,1.529,2.012,0.3,0.0,1.5,2.7
1788373063.537,driving,6.686,5.521,140.9,4,29,38,5.83,6.764,-13.2,1.509,1.992,0.3,0.0,1.5,2.7
1788373063.6,driving,6.681,5.523,140.8,4,29,38,5.83,6.764,-13.3,1.505,1.988,0.3,0.0,1.5,2.67
1788373063.661,driving,6.672,5.526,140.7,4,29,38,5.83,6.764,-13.2,1.498,1.981,0.3,0.0,1.5,2.67
1788373063.717,driving,6.665,5.532,140.7,0,25,34,5.775,6.775,-13.2,1.529,1.971,0.3,0.0,1.5,2.64
1788373063.774,driving,6.657,5.539,140.7,0,25,34,5.775,6.775,-13.3,1.519,1.962,0.3,0.0,1.5,2.64
1788373063.833,driving,6.641,5.552,140.7,1,25,34,5.775,6.775,-13.3,1.499,1.942,0.3,0.0,1.5,2.61
1788373063.892,driving,6.633,5.558,140.7,1,25,34,5.775,6.775,-13.4,1.489,1.932,0.3,0.0,1.5,2.61
1788373063.948,driving,6.617,5.571,140.7,1,25,34,5.775,6.775,-13.4,1.469,1.913,0.3,0.0,1.5,2.58
1788373064.007,driving,6.61,5.577,140.7,2,26,34,5.725,6.825,-13.5,1.529,1.903,0.3,0.0,1.5,2.58
1788373064.064,driving,6.594,5.59,140.7,2,26,34,5.725,6.825,-13.5,1.51,1.884,0.3,0.0,1.5,2.56
1788373064.117,driving,6.586,5.597,140.7,2,26,34,5.725,6.825,-13.6,1.5,1.874,0.3,0.0,1.5,2.56
1788373064.175,driving,6.567,5.609,140.8,2,26,34,5.725,6.825,-13.8,1.479,1.854,0.3,0.0,1.5,2.53
1788373064.231,driving,6.557,5.615,140.8,3,28,34,5.68,6.914,-13.9,1.567,1.843,0.3,0.0,1.5,2.53
1788373064.301,driving,6.539,5.628,140.9,3,28,34,5.68,6.914,-14.1,1.547,1.823,0.3,0.0,1.5,2.5
1788373064.362,driving,6.531,5.634,140.9,3,28,34,5.68,6.914,-14.1,1.537,1.813,0.3,0.0,1.5,2.5
1788373064.363,driving,6.531,5.634,140.9,3,28,34,5.68,6.914,-14.2,1.537,1.813,0.3,0.0,1.5,2.5
1788373064.494,driving,6.508,5.654,140.9,3,28,34,5.68,6.914,-14.3,1.508,1.784,0.3,0.0,1.5,2.47
1788373064.551,driving,6.492,5.667,140.9,4,29,34,5.658,6.959,-14.4,1.538,1.765,0.3,0.0,1.5,2.44
1788373064.609,driving,6.484,5.673,140.9,4,29,34,5.658,6.959,-14.5,1.529,1.756,0.3,0.0,1.5,2.44
1788373064.667,driving,6.468,5.686,140.9,4,29,34,5.658,6.959,-14.6,1.509,1.736,0.3,0.0,1.5,2.41
1788373064.723,driving,6.46,5.692,140.9,0,28,33,5.71,6.97,-14.7,1.482,1.727,0.3,0.0,1.5,2.41
1788373064.78,driving,6.453,5.7,141.0,1,29,33,5.686,7.014,-15.0,1.522,1.716,0.3,0.0,1.5,2.38
1788373064.858,driving,6.438,5.717,141.4,1,29,33,5.686,7.014,-15.6,1.499,1.694,0.3,0.0,1.5,2.38
1788373064.95,driving,6.431,5.725,141.5,1,29,33,5.686,7.014,-15.8,1.489,1.684,0.3,0.0,1.5,2.36
1788373065.027,driving,6.415,5.738,141.5,2,30,33,5.662,7.058,-16.0,1.52,1.665,0.3,0.0,1.5,2.36
1788373065.104,turning,6.407,5.744,141.5,2,30,33,5.662,7.058,-16.1,1.511,1.655,0.0,-2.4,1.5,2.33
1788373065.166,turning,6.398,5.751,140.8,2,30,33,5.662,7.058,-15.5,1.5,1.644,0.0,-2.4,1.5,2.33
1788373065.233,turning,6.398,5.751,140.0,2,30,33,5.662,7.058,-14.8,1.5,1.644,0.0,-2.4,1.5,2.3
1788373065.287,turning,6.398,5.751,138.2,2,30,33,5.662,7.058,-13.2,1.5,1.644,0.0,-2.4,1.5,2.3
1788373065.346,turning,6.398,5.751,137.4,2,30,33,5.662,7.058,-12.5,1.5,1.644,0.0,-2.4,1.5,2.3
1788373065.401,turning,6.398,5.751,135.7,2,30,33,5.662,7.058,-10.9,1.5,1.644,0.0,-2.4,1.5,2.3
1788373065.455,turning,6.399,5.748,134.9,2,30,33,5.662,7.058,-10.3,1.503,1.648,0.0,-2.4,1.5,2.3
1788373065.511,turning,6.404,5.74,133.5,2,30,33,5.662,7.058,-9.0,1.513,1.657,0.0,-2.4,1.5,2.3
1788373065.576,turning,6.404,5.739,132.7,2,30,33,5.662,7.058,-8.3,1.514,1.658,0.0,-2.4,1.5,2.3
1788373065.638,turning,6.404,5.739,131.0,2,30,33,5.662,7.058,-6.7,1.514,1.658,0.0,-2.4,1.5,2.3
1788373065.702,driving,6.404,5.739,130.1,2,30,33,5.662,7.058,-6.0,1.514,1.658,0.3,0.0,1.5,2.3
1788373065.764,driving,6.404,5.739,129.1,0,29,32,5.675,7.075,-5.1,1.522,1.658,0.3,0.0,1.5,2.3
1788373065.835,driving,6.402,5.741,129.1,0,29,32,5.675,7.075,-5.2,1.519,1.655,0.3,0.0,1.5,2.3
1788373065.901,driving,6.4,5.744,129.1,1,30,32,5.625,7.125,-5.3,1.583,1.652,0.3,0.0,1.5,2.3
1788373065.971,driving,6.385,5.755,128.9,1,30,32,5.625,7.125,-5.3,1.567,1.635,0.3,0.0,1.5,2.29
1788373066.041,driving,6.374,5.763,128.8,1,30,32,5.625,7.125,-5.3,1.555,1.623,0.3,0.0,1.5,2.29
1788373066.102,driving,6.355,5.779,128.7,2,30,32,5.625,7.125,-5.3,1.531,1.599,0.3,0.0,1.5,2.26
1788373066.161,driving,6.349,5.787,128.7,2,30,32,5.625,7.125,-5.4,1.521,1.589,0.3,0.0,1.5,2.26
1788373066.221,driving,6.336,5.803,128.7,2,30,32,5.625,7.125,-5.5,1.501,1.569,0.3,0.0,1.5,2.23
1788373066.28,driving,6.33,5.811,128.7,2,30,32,5.625,7.125,-5.7,1.491,1.559,0.3,0.0,1.5,2.23
1788373066.339,driving,6.309,5.827,128.9,3,31,32,5.575,7.175,-6.0,1.535,1.535,0.3,0.0,1.5,2.2
1788373066.394,driving,6.295,5.835,129.1,3,31,32,5.575,7.175,-6.3,1.521,1.521,0.3,0.0,1.5,2.2
1788373066.449,driving,6.277,5.851,129.3,4,31,32,5.575,7.175,-6.6,1.498,1.498,0.3,0.0,1.5,2.17
1788373066.505,driving,6.271,5.859,129.3,4,31,32,5.575,7.175,-6.7,1.488,1.488,0.3,0.0,1.5,2.17
1788373066.565,driving,6.258,5.875,129.3,4,31,32,5.575,7.175,-6.9,1.468,1.468,0.3,0.0,1.5,2.14
1788373066.626,driving,6.251,5.883,129.3,4,31,32,5.575,7.175,-7.0,1.458,1.458,0.3,0.0,1.5,2.14
1788373066.693,driving,6.238,5.899,129.3,5,31,32,5.575,7.175,-7.1,1.438,1.438,0.3,0.0,1.5,2.11
1788373066.76,driving,6.232,5.907,129.3,0,25,26,5.575,7.175,-7.2,1.428,1.428,0.3,0.0,1.5,2.11
1788373066.819,driving,6.219,5.922,129.3,0,25,26,5.575,7.175,-7.3,1.408,1.408,0.3,0.0,1.5,2.08
1788373066.875,driving,6.212,5.93,129.3,0,25,26,5.575,7.175,-7.5,1.398,1.398,0.3,0.0,1.5,2.08
1788373066.927,driving,6.208,5.936,129.3,0,25,26,5.575,7.175,-7.6,1.391,1.391,0.3,0.0,1.5,2.05
1788373066.979,driving,6.204,5.945,129.2,1,25,26,5.575,7.175,-7.6,1.381,1.381,0.3,0.0,1.5,2.05
1788373067.033,driving,6.2,5.951,129.2,1,25,26,5.575,7.175,-7.7,1.374,1.374,0.3,0.0,1.5,2.02
1788373067.088,driving,6.187,5.967,129.2,1,25,26,5.575,7.175,-7.8,1.354,1.354,0.3,0.0,1.5,2.02
1788373067.146,driving,6.18,5.975,129.2,1,25,26,5.575,7.175,-7.9,1.344,1.344,0.3,0.0,1.5,1.99
1788373067.201,driving,6.167,5.991,129.2,2,25,26,5.575,7.175,-8.0,1.324,1.324,0.3,0.0,1.5,1.99
1788373067.258,driving,6.161,5.999,129.2,2,25,26,5.575,7.175,-8.2,1.314,1.314,0.3,0.0,1.5,1.96
1788373067.312,driving,6.148,6.014,129.2,2,25,26,5.575,7.175,-8.3,1.294,1.294,0.3,0.0,1.5,1.96
1788373067.37,driving,6.142,6.022,129.2,2,25,26,5.575,7.175,-8.4,1.284,1.284,0.3,0.0,1.5,1.93
1788373067.427,driving,6.129,6.038,129.2,3,25,26,5.575,7.175,-8.5,1.264,1.264,0.3,0.0,1.5,1.93
1788373067.491,driving,6.122,6.048,129.3,3,25,26,5.575,7.175,-8.8,1.253,1.253,0.3,0.0,1.5,1.9
1788373067.557,driving,6.107,6.068,129.6,3,25,26,5.575,7.175,-9.2,1.228,1.228,0.3,0.0,1.5,1.9
1788373067.622,driving,6.1,6.076,129.7,3,25,26,5.575,7.175,-9.3,1.218,1.218,0.3,0.0,1.5,1.87
1788373067.684,driving,6.087,6.092,129.7,4,25,26,5.575,7.175,-9.5,1.198,1.198,0.3,0.0,1.5,1.87
1788373067.74,driving,6.08,6.099,129.7,4,25,26,5.575,7.175,-9.6,1.188,1.188,0.3,0.0,1.5,1.84
1788373067.798,driving,6.067,6.115,129.7,0,22,23,5.575,7.175,-9.7,1.169,1.169,0.3,0.0,1.5,1.84
1788373067.853,driving,6.061,6.123,129.7,0,22,23,5.575,7.175,-9.8,1.159,1.159,0.3,0.0,1.5,1.81
1788373067.91,driving,6.054,6.131,129.7,0,22,23,5.575,7.175,-10.0,1.149,1.149,0.3,0.0,1.5,1.81
1788373067.968,driving,6.041,6.147,129.7,1,22,23,5.575,7.175,-10.1,1.129,1.129,0.3,0.0,1.5,1.78
1788373068.023,driving,6.035,6.154,129.7,1,22,23,5.575,7.175,-10.2,1.119,1.119,0.3,0.0,1.5,1.78
1788373068.078,driving,6.018,6.173,129.5,1,22,23,5.575,7.175,-10.2,1.096,1.096,0.3,0.0,1.5,1.75
1788373068.13,driving,6.008,6.183,129.4,2,22,23,5.575,7.175,-10.2,1.083,1.083,0.3,0.0,1.5,1.75
1788373068.189,driving,5.992,6.2,129.2,2,22,23,5.575,7.175,-10.3,1.06,1.06,0.3,0.0,1.5,1.73
1788373068.251,driving,5.986,6.208,129.2,2,22,23,5.575,7.175,-10.4,1.05,1.05,0.3,0.0,1.5,1.73
1788373068.316,driving,5.973,6.224,129.2,3,22,23,5.575,7.175,-10.6,1.031,1.031,0.3,0.0,1.5,1.7
1788373068.385,driving,5.966,6.232,129.2,3,22,23,5.575,7.175,-10.7,1.021,1.021,0.3,0.0,1.5,1.7
1788373068.444,driving,5.953,6.248,129.2,3,22,23,5.575,7.175,-10.9,1.001,1.001,0.3,0.0,1.5,1.67
1788373068.498,driving,5.947,6.256,129.2,3,22,23,5.575,7.175,-11.0,0.992,0.992,0.3,0.0,1.5,1.67
1788373068.551,driving,5.934,6.272,129.2,4,22,23,5.575,7.175,-11.2,0.972,0.972,0.3,0.0,1.5,1.64
1788373068.608,driving,5.928,6.279,129.2,4,22,23,5.575,7.175,-11.3,0.962,0.962,0.3,0.0,1.5,1.64
1788373068.664,driving,5.917,6.296,129.3,4,22,23,5.575,7.175,-11.6,0.944,0.944,0.3,0.0,1.5,1.61
1788373068.716,driving,5.913,6.304,129.4,5,22,23,5.575,7.175,-11.8,0.935,0.935,0.3,0.0,1.5,1.61
1788373068.773,driving,5.901,6.32,129.5,5,22,23,5.575,7.175,-12.0,0.915,0.915,0.3,0.0,1.5,1.58
1788373068.829,driving,5.895,6.327,129.5,0,18,19,5.575,7.175,-12.2,0.906,0.906,0.3,0.0,1.5,1.58
1788373068.885,driving,5.888,6.335,129.5,0,18,19,5.575,7.175,-12.4,0.896,0.896,0.3,0.0,1.5,1.55
1788373068.939,driving,5.875,6.351,129.5,1,18,19,5.575,7.175,-12.6,0.877,0.877,0.3,0.0,1.5,1.55
1788373069.0,driving,5.869,6.359,129.5,1,18,19,5.575,7.175,-12.7,0.867,0.867,0.3,0.0,1.5,1.52
1788373069.064,driving,5.856,6.375,129.5,1,18,19,5.575,7.175,-12.9,0.848,0.848,0.3,0.0,1.5,1.52
1788373069.129,driving,5.849,6.383,129.5,2,18,19,5.575,7.175,-13.1,0.839,0.839,0.3,0.0,1.5,1.49
1788373069.191,driving,5.836,6.398,129.5,2,18,19,5.575,7.175,-13.3,0.819,0.819,0.3,0.0,1.5,1.49
1788373069.249,driving,5.832,6.404,129.6,2,18,19,5.575,7.175,-13.7,0.813,0.813,0.3,0.0,1.5,1.46
1788373069.306,driving,5.824,6.413,130.2,2,18,19,5.575,7.175,-14.4,0.802,0.802,0.3,0.0,1.5,1.46
1788373069.364,driving,5.818,6.419,130.3,3,18,19,5.575,7.175,-14.7,0.794,0.794,0.3,0.0,1.5,1.43
1788373069.417,driving,5.805,6.435,130.3,3,18,19,5.575,7.175,-14.9,0.775,0.775,0.3,0.0,1.5,1.43
1788373069.475,driving,5.798,6.443,130.3,3,18,19,5.575,7.175,-15.1,0.766,0.766,0.3,0.0,1.5,1.4
1788373069.528,driving,5.785,6.458,130.3,4,18,19,5.575,7.175,-15.3,0.747,0.747,0.3,0.0,1.5,1.4
1788373069.583,driving,5.778,6.466,130.3,4,18,19,5.575,7.175,-15.6,0.738,0.738,0.3,0.0,1.5,1.37
1788373069.638,driving,5.765,6.482,130.3,4,18,19,5.575,7.175,-15.8,0.719,0.719,0.3,0.0,1.5,1.37
1788373069.698,turning,5.759,6.489,130.3,4,18,19,5.575,7.175,-16.0,0.71,0.71,0.0,-2.4,1.5,1.34
1788373069.757,turning,5.751,6.499,129.6,5,18,19,5.575,7.175,-15.6,0.699,0.699,0.0,-2.4,1.5,1.34
1788373069.825,turning,5.746,6.496,128.6,0,14,15,5.575,7.175,-14.8,0.7,0.7,0.0,-2.4,1.5,1.32
1788373069.889,turning,5.741,6.494,127.7,0,14,15,5.575,7.175,-14.1,0.701,0.701,0.0,-2.4,1.5,1.32
1788373069.956,turning,5.736,6.491,125.8,0,14,15,5.575,7.175,-12.5,0.703,0.703,0.0,-2.4,1.5,1.31
1788373070.017,turning,5.736,6.491,125.0,0,14,15,5.575,7.175,-11.9,0.703,0.703,0.0,-2.4,1.5,1.31
1788373070.078,turning,5.736,6.491,123.2,0,14,15,5.575,7.175,-10.5,0.703,0.703,0.0,-2.4,1.5,1.31
1788373070.13,turning,5.736,6.491,122.4,0,14,15,5.575,7.175,-9.8,0.703,0.703,0.0,-2.4,1.5,1.31
1788373070.189,turning,5.736,6.491,120.7,0,14,15,5.575,7.175,-8.3,0.703,0.703,0.0,-2.4,1.5,1.31
1788373070.189,turning,5.736,6.491,120.7,0,14,15,5.575,7.175,-8.6,0.703,0.703,0.0,-2.4,1.5,1.31
1788373070.303,driving,5.736,6.491,118.1,0,14,15,5.575,7.175,-6.2,0.703,0.703,0.3,0.0,1.5,1.31
1788373070.358,driving,5.736,6.491,117.2,0,14,15,5.575,7.175,-5.6,0.703,0.703,0.3,0.0,1.5,1.31
1788373070.415,driving,5.735,6.493,117.1,0,14,15,5.575,7.175,-5.6,0.7,0.7,0.3,0.0,1.5,1.31
1788373070.473,driving,5.733,6.497,117.1,0,14,15,5.575,7.175,-5.8,0.696,0.696,0.3,0.0,1.5,1.31
1788373070.533,driving,5.719,6.51,116.9,1,14,15,5.575,7.175,-5.8,0.681,0.681,0.3,0.0,1.5,1.3
1788373070.592,driving,5.708,6.519,116.7,1,14,15,5.575,7.175,-5.9,0.67,0.67,0.3,0.0,1.5,1.3
1788373070.659,driving,5.695,6.537,116.7,1,14,15,5.575,7.175,-6.1,0.649,0.649,0.3,0.0,1.5,1.27
1788373070.721,driving,5.691,6.546,116.7,2,14,15,5.575,7.175,-6.4,0.639,0.639,0.3,0.0,1.5,1.27
1788373070.783,driving,5.681,6.565,116.7,2,14,15,5.575,7.175,-6.6,0.62,0.62,0.3,0.0,1.5,1.24
1788373070.841,driving,5.677,6.574,116.7,0,12,13,5.575,7.175,-6.9,0.61,0.61,0.3,0.0,1.5,1.24
1788373070.897,driving,5.674,6.584,116.7,0,12,13,5.575,7.175,-7.2,0.6,0.6,0.3,0.0,1.5,1.21
1788373070.954,driving,5.67,6.605,117.0,1,12,13,5.575,7.175,-7.7,0.578,0.578,0.3,0.0,1.5,1.21
1788373071.011,driving,5.667,6.615,117.1,1,12,13,5.575,7.175,-8.1,0.568,0.568,0.298,0.0,1.5,1.18
1788373071.065,driving,5.658,6.633,117.1,1,12,13,5.575,7.175,-8.3,0.549,0.549,0.298,0.0,1.5,1.18
1788373071.121,driving,5.653,6.642,117.1,1,12,13,5.575,7.175,-8.6,0.539,0.539,0.296,0.0,1.5,1.15
1788373071.176,driving,5.644,6.66,117.1,2,12,13,5.575,7.175,-8.8,0.52,0.52,0.296,0.0,1.5,1.15
1788373071.231,driving,5.639,6.669,117.1,2,12,13,5.575,7.175,-9.1,0.51,0.51,0.293,0.0,1.5,1.12
1788373071.287,driving,5.63,6.686,117.1,2,12,13,5.575,7.175,-9.4,0.492,0.492,0.293,0.0,1.5,1.12
1788373071.352,driving,5.626,6.695,117.1,3,12,13,5.575,7.175,-9.7,0.482,0.482,0.29,0.0,1.5,1.09
1788373071.421,driving,5.617,6.713,117.1,3,12,13,5.575,7.175,-10.0,0.464,0.464,0.29,0.0,1.5,1.09
1788373071.494,driving,5.612,6.723,117.2,3,12,13,5.575,7.175,-10.4,0.454,0.454,0.287,0.0,1.5,1.06
1788373071.56,driving,5.602,6.742,117.6,4,12,13,5.575,7.175,-11.1,0.434,0.434,0.287,0.0,1.5,1.06
1788373071.62,driving,5.598,6.751,117.6,4,12,13,5.575,7.175,-11.4,0.424,0.424,0.285,0.0,1.5,1.04
1788373071.675,driving,5.589,6.768,117.6,4,12,13,5.575,7.175,-11.8,0.407,0.407,0.285,0.0,1.5,1.04
1788373071.73,driving,5.584,6.777,117.6,4,12,13,5.575,7.175,-12.2,0.398,0.398,0.282,0.0,1.5,1.01
1788373071.782,driving,5.575,6.794,117.6,5,12,13,5.575,7.175,-12.5,0.381,0.381,0.282,0.0,1.5,1.01
1788373071.835,driving,5.571,6.803,117.6,5,12,13,5.575,7.175,-12.9,0.372,0.372,0.279,0.0,1.5,0.98
1788373071.889,driving,5.566,6.811,117.6,0,7,8,5.575,7.175,-13.3,0.364,0.364,0.273,0.0,1.5,0.98
1788373071.941,driving,5.559,6.832,117.7,0,7,8,5.575,7.175,-13.9,0.343,0.343,0.257,0.0,1.5,0.95
1788373071.994,driving,5.556,6.845,117.8,0,7,8,5.575,7.175,-14.4,0.331,0.331,0.248,0.0,1.5,0.95
1788373072.051,driving,5.549,6.864,117.9,1,7,8,5.575,7.175,-15.0,0.312,0.312,0.234,0.0,1.5,0.92
1788373072.107,driving,5.545,6.871,117.9,1,7,8,5.575,7.175,-15.4,0.305,0.305,0.229,0.0,1.5,0.92
1788373072.169,driving,5.538,6.885,117.9,1,7,8,5.575,7.175,-15.9,0.292,0.292,0.22,0.0,1.5,0.9
1788373072.234,turning,5.534,6.892,117.9,1,7,8,5.575,7.175,-16.4,0.286,0.286,0.0,-2.4,1.5,0.9
1788373072.299,turning,5.53,6.9,117.2,1,7,8,5.575,7.175,-16.2,0.279,0.279,0.0,-2.4,1.5,0.88
1788373072.362,turning,5.53,6.9,116.4,1,7,8,5.575,7.175,-15.8,0.279,0.279,0.0,-2.4,1.5,0.88
1788373072.422,turning,5.535,6.895,114.7,1,7,8,5.575,7.175,-14.7,0.283,0.283,0.0,-2.4,1.5,0.87
1788373072.476,turning,5.538,6.891,114.0,1,7,8,5.575,7.175,-14.4,0.286,0.286,0.0,-2.4,1.5,0.87
1788373072.53,turning,5.54,6.888,112.3,1,7,8,5.575,7.175,-13.1,0.289,0.289,0.0,-2.4,1.5,0.87
1788373072.587,turning,5.54,6.888,111.5,1,7,8,5.575,7.175,-12.6,0.289,0.289,0.0,-2.4,1.5,0.87
1788373072.643,turning,5.54,6.888,109.8,1,7,8,5.575,7.175,-11.3,0.289,0.289,0.0,-2.4,1.5,0.87
1788373072.698,turning,5.54,6.888,108.9,1,7,8,5.575,7.175,-10.8,0.289,0.289,0.0,-2.4,1.5,0.87
1788373072.754,turning,5.54,6.888,107.2,1,7,8,5.575,7.175,-9.5,0.289,0.289,0.0,-2.4,1.5,0.87
1788373072.811,driving,5.54,6.888,106.3,1,7,8,5.575,7.175,-9.0,0.289,0.289,0.22,0.0,1.5,0.87
1788373072.867,driving,5.54,6.888,105.5,1,7,8,5.575,7.175,-8.5,0.289,0.289,0.22,0.0,1.5,0.86
1788373072.924,driving,5.54,6.891,105.3,0,6,7,5.575,7.175,-8.7,0.286,0.286,0.22,0.0,1.5,0.86
1788373072.991,driving,5.539,6.895,105.3,0,6,7,5.575,7.175,-9.0,0.282,0.282,0.22,0.0,1.5,0.86
1788373073.058,driving,5.535,6.908,105.3,1,6,7,5.575,7.175,-9.4,0.27,0.27,0.22,0.0,1.5,0.86
1788373073.122,driving,5.533,6.916,105.4,1,6,7,5.575,7.175,-9.9,0.262,0.262,0.22,0.0,1.5,0.84
1788373073.183,driving,5.528,6.935,105.7,1,6,7,5.575,7.175,-10.6,0.245,0.245,0.22,0.0,1.5,0.84
1788373073.239,driving,5.526,6.943,105.8,1,6,7,5.575,7.175,-11.0,0.237,0.237,0.22,0.0,1.5,0.82
1788373073.296,driving,5.522,6.957,105.8,2,6,7,5.575,7.175,-11.5,0.224,0.224,0.22,0.0,1.5,0.82
1788373073.355,driving,5.52,6.964,105.8,2,6,7,5.575,7.175,-12.0,0.218,0.218,0.22,0.0,1.5,0.8
1788373073.414,driving,5.516,6.979,105.8,2,6,7,5.575,7.175,-12.5,0.205,0.205,0.22,0.0,1.5,0.8
1788373073.475,driving,5.514,6.986,105.8,2,6,7,5.575,7.175,-13.0,0.199,0.199,0.22,0.0,1.5,0.78
1788373073.528,driving,5.51,7.0,105.8,2,6,7,5.575,7.175,-13.6,0.186,0.186,0.22,0.0,1.5,0.78
1788373073.585,driving,5.508,7.008,105.8,3,6,7,5.575,7.175,-14.2,0.18,0.18,0.22,0.0,1.5,0.76
1788373073.641,driving,5.504,7.022,105.8,3,6,7,5.575,7.175,-14.8,0.169,0.169,0.22,0.0,1.5,0.76
1788373073.699,driving,5.502,7.029,105.8,3,6,7,5.575,7.175,-15.5,0.163,0.163,0.22,0.0,1.5,0.73
1788373073.762,turning,5.498,7.044,105.8,3,6,7,5.575,7.175,-16.2,0.152,0.152,0.0,-2.4,1.5,0.73
1788373073.839,goal_approach,5.496,7.051,105.8,6,6,7,5.575,7.175,-48.3,0.147,0.147,0.0,-2.528,,0.71
1788373073.906,goal_approach,5.495,7.053,105.2,6,6,7,5.575,7.175,-48.3,0.146,0.146,0.0,-2.53,,0.71
1788373073.969,goal_approach,5.495,7.053,103.2,2,2,3,5.575,7.175,-46.3,0.146,0.146,0.0,-2.426,,0.7
1788373074.023,goal_approach,5.495,7.053,102.2,2,2,3,5.575,7.175,-45.3,0.146,0.146,0.0,-2.4,,0.7
1788373074.079,goal_approach,5.497,7.052,99.9,2,2,3,5.575,7.175,-42.0,0.146,0.146,0.0,-2.4,,0.7
1788373074.13,goal_approach,5.499,7.05,98.5,2,2,3,5.575,7.175,-39.7,0.146,0.146,0.0,-2.4,,0.7
1788373074.188,goal_approach,5.5,7.048,96.4,2,2,3,5.575,7.175,-36.8,0.148,0.148,0.0,-2.4,,0.7
1788373074.242,goal_approach,5.5,7.048,95.5,2,2,3,5.575,7.175,-35.9,0.148,0.148,0.0,-2.4,,0.7
1788373074.299,goal_approach,5.5,7.048,93.8,2,2,3,5.575,7.175,-34.2,0.148,0.148,0.0,-2.4,,0.7
1788373074.354,goal_approach,5.5,7.048,92.9,2,2,3,5.575,7.175,-33.3,0.148,0.148,0.0,-2.4,,0.7
1788373074.415,goal_approach,5.5,7.048,91.2,2,2,3,5.575,7.175,-31.6,0.148,0.148,0.0,-2.4,,0.69
1788373074.47,goal_approach,5.5,7.048,90.3,2,2,3,5.575,7.175,-30.8,0.148,0.148,0.0,-2.4,,0.69
1788373074.535,goal_approach,5.5,7.048,88.6,2,2,3,5.575,7.175,-29.0,0.148,0.148,0.0,-2.4,,0.69
1788373074.599,goal_approach,5.5,7.048,87.8,2,2,3,5.575,7.175,-28.2,0.148,0.148,0.0,-2.4,,0.69
1788373074.664,goal_approach,5.501,7.049,86.2,2,2,3,5.575,7.175,-26.6,0.146,0.146,0.0,-2.4,,0.69
1788373074.728,goal_approach,5.501,7.05,85.5,2,2,3,5.575,7.175,-25.8,0.145,0.145,0.0,-2.4,,0.69
1788373074.787,goal_approach,5.502,7.05,83.8,2,2,3,5.575,7.175,-24.2,0.145,0.145,0.0,-2.4,,0.69
1788373074.841,goal_approach,5.502,7.05,82.9,2,2,3,5.575,7.175,-23.3,0.145,0.145,0.0,-2.4,,0.69
1788373074.896,goal_approach,5.502,7.05,82.1,2,2,3,5.575,7.175,-22.5,0.145,0.145,0.0,-2.4,,0.69
1788373074.951,goal_approach,5.502,7.05,80.4,3,3,4,5.575,7.175,-20.8,0.145,0.145,0.0,-2.4,,0.69
1788373075.01,goal_approach,5.5,7.049,79.6,3,3,4,5.575,7.175,-20.4,0.147,0.147,0.0,-2.4,,0.69
1788373075.067,goal_approach,5.492,7.046,78.1,3,3,4,5.575,7.175,-20.7,0.153,0.153,0.0,-2.4,,0.69
1788373075.122,goal_approach,5.491,7.046,77.2,3,3,4,5.575,7.175,-20.3,0.154,0.154,0.0,-2.4,,0.69
1788373075.177,goal_approach,5.491,7.046,75.5,3,3,4,5.575,7.175,-18.5,0.154,0.154,0.0,-2.4,,0.69
1788373075.23,goal_approach,5.491,7.046,74.7,3,3,4,5.575,7.175,-17.7,0.154,0.154,0.0,-2.4,,0.69
1788373075.285,goal_approach,5.491,7.046,72.9,3,3,4,5.575,7.175,-16.0,0.154,0.154,0.0,-2.4,,0.69
1788373075.347,goal_approach,5.491,7.043,72.2,3,3,4,5.575,7.175,-14.8,0.157,0.157,0.0,-2.4,,0.71
1788373075.409,goal_approach,5.49,7.035,71.0,3,3,4,5.575,7.175,-12.3,0.164,0.164,0.0,-2.4,,0.71
1788373075.474,goal_approach,5.49,7.034,70.2,3,3,4,5.575,7.175,-11.4,0.165,0.165,0.0,-2.4,,0.74
1788373075.535,goal_approach,5.49,7.034,68.4,3,3,4,5.575,7.175,-9.7,0.165,0.165,0.0,-2.4,,0.74
1788373075.596,goal_approach,5.49,7.034,67.6,3,3,4,5.575,7.175,-8.8,0.165,0.165,0.0,-2.4,,1.93
1788373075.651,goal_approach,5.49,7.034,65.9,3,3,4,5.575,7.175,-7.1,0.165,0.165,0.0,-2.4,,1.93
1788373075.711,goal_approach,5.488,7.042,65.1,3,3,4,5.575,7.175,-8.4,0.159,0.159,0.0,-2.4,,1.93
1788373075.767,goal_approach,5.484,7.059,63.7,3,3,4,5.575,7.175,-12.1,0.147,0.147,0.0,-2.4,,1.93
1788373075.825,goal_approach,5.483,7.06,62.9,3,3,4,5.575,7.175,-11.4,0.147,0.147,0.0,-2.4,,1.93
1788373075.879,goal_approach,5.483,7.06,62.0,3,3,4,5.575,7.175,-10.5,0.147,0.147,0.0,-2.4,,1.93
1788373075.931,goal_approach,5.483,7.06,60.3,3,3,4,5.575,7.175,-8.8,0.147,0.147,0.0,-2.4,,1.93
1788373075.988,goal_approach,5.483,7.06,59.4,2,2,3,5.575,7.175,-8.0,0.147,0.147,0.0,-2.4,,1.93
1788373076.048,goal_approach,5.486,7.061,57.8,2,2,3,5.575,7.175,-5.6,0.145,0.145,0.0,-2.4,,1.93
1788373076.113,goal_approach,5.489,7.061,57.1,2,2,3,5.575,7.175,-4.2,0.143,0.143,0.0,-2.4,,1.93
1788373076.181,goal_approach,5.491,7.062,55.4,2,2,3,5.575,7.175,-2.0,0.141,0.141,0.22,0.0,,1.92
1788373076.245,goal_approach,5.491,7.062,54.6,2,2,3,5.575,7.175,-1.1,0.141,0.141,0.22,0.0,,1.92
1788373076.308,goal_approach,5.493,7.064,54.5,2,2,3,5.575,7.175,-1.0,0.138,0.138,0.22,0.0,,1.92
1788373076.365,goal_approach,5.495,7.068,54.5,2,2,3,5.575,7.175,-1.0,0.134,0.134,0.22,0.0,,1.92
1788373076.422,goal_approach,5.501,7.074,54.4,2,2,3,5.575,7.175,-0.5,0.125,0.125,0.22,0.0,,1.91
1788373076.477,goal_approach,5.504,7.077,54.4,2,2,3,5.575,7.175,-0.0,0.121,0.121,0.22,0.0,,1.91
1788373076.534,goal_approach,5.512,7.086,54.3,2,2,3,5.575,7.175,0.3,0.109,0.109,0.22,0.0,,1.9
1788373076.594,goal_approach,5.517,7.092,54.3,2,2,3,5.575,7.175,0.4,0.101,0.101,0.22,0.0,,1.9
1788373076.65,goal_approach,5.525,7.105,54.3,2,2,3,5.575,7.175,0.4,0.086,0.086,0.22,0.0,,1.88
1788373076.703,goal_approach,5.53,7.111,54.3,2,2,3,5.575,7.175,0.5,0.079,0.079,0.22,0.0,,1.88
1788373076.757,goal_approach,5.537,7.124,54.3,2,2,3,5.575,7.175,-1.0,0.064,0.064,0.22,0.0,,1.86
1788373076.809,goal_turn,5.54,7.131,54.2,2,2,3,5.575,7.175,123.4,0.0,0.056,0.0,4.5,,1.86
1788373076.869,goal_turn,5.544,7.137,54.2,2,2,3,5.575,7.175,123.4,0.0,0.049,0.0,4.5,,1.84
1788373076.931,goal_turn,5.544,7.138,60.5,2,2,3,5.575,7.175,117.1,0.0,0.048,0.0,4.5,,1.84
1788373076.993,goal_turn,5.544,7.138,63.8,1,1,2,5.575,7.175,113.8,0.0,0.048,0.0,4.5,,1.84
1788373077.054,goal_turn,5.544,7.138,70.3,1,1,2,5.575,7.175,107.3,0.0,0.048,0.0,4.5,,1.84
1788373077.112,goal_turn,5.544,7.138,73.6,1,1,2,5.575,7.175,104.0,0.0,0.048,0.0,4.5,,1.84
1788373077.166,goal_turn,5.544,7.138,80.2,1,1,2,5.575,7.175,97.5,0.0,0.048,0.0,4.5,,1.84
1788373077.22,goal_turn,5.544,7.138,83.4,1,1,2,5.575,7.175,94.2,0.0,0.048,0.0,4.5,,0.68
1788373077.274,goal_turn,5.544,7.138,90.0,1,1,2,5.575,7.175,87.6,0.0,0.048,0.0,4.5,,0.68
1788373077.329,goal_turn,5.544,7.138,93.3,1,1,2,5.575,7.175,84.4,0.0,0.048,0.0,4.417,,0.64
1788373077.382,goal_turn,5.544,7.138,99.7,1,1,2,5.575,7.175,77.9,0.0,0.048,0.0,4.079,,0.64
1788373077.439,goal_turn,5.544,7.139,103.0,1,1,2,5.575,7.175,74.6,0.0,0.048,0.0,3.907,,0.64
1788373077.495,goal_turn,5.542,7.144,108.7,1,1,2,5.575,7.175,68.9,0.0,0.046,0.0,3.606,,0.64
1788373077.55,goal_turn,5.541,7.142,111.3,1,1,2,5.575,7.175,66.3,0.0,0.047,0.0,3.472,,0.65
1788373077.607,goal_turn,5.54,7.136,115.7,1,1,2,5.575,7.175,61.9,0.0,0.052,0.0,3.242,,0.65
1788373077.674,goal_turn,5.541,7.135,117.7,1,1,2,5.575,7.175,59.9,0.0,0.053,0.0,3.138,,0.65
1788373077.735,goal_turn,5.543,7.132,121.1,1,1,2,5.575,7.175,56.5,0.0,0.053,0.0,2.958,,0.65
1788373077.802,goal_turn,5.543,7.133,122.7,1,1,2,5.575,7.175,55.0,0.0,0.053,0.0,2.878,,0.65
1788373077.862,goal_turn,5.542,7.133,124.0,1,1,2,5.575,7.175,53.6,0.0,0.053,0.0,2.805,,0.65
1788373077.918,goal_turn,5.539,7.132,126.4,1,1,2,5.575,7.175,51.2,0.0,0.056,0.0,2.682,,0.65
1788373077.974,goal_turn,5.537,7.13,127.5,1,1,2,5.575,7.175,50.1,0.0,0.059,0.0,2.626,,0.65
1788373078.037,goal_turn,5.537,7.128,129.8,1,1,2,5.575,7.175,47.8,0.0,0.061,0.0,2.502,,0.66
1788373078.092,goal_turn,5.538,7.128,131.2,1,1,2,5.575,7.175,46.4,0.0,0.06,0.0,2.431,,0.66
1788373078.145,goal_turn,5.534,7.135,133.4,1,1,2,5.575,7.175,44.3,0.0,0.057,0.0,2.4,,0.66
1788373078.199,goal_turn,5.531,7.141,134.3,1,1,2,5.575,7.175,43.4,0.0,0.055,0.0,2.4,,0.66
1788373078.256,goal_turn,5.528,7.147,136.0,1,1,2,5.575,7.175,41.7,0.0,0.055,0.0,2.4,,0.66
1788373078.311,goal_turn,5.528,7.147,136.8,1,1,2,5.575,7.175,40.8,0.0,0.055,0.0,2.4,,0.66
1788373078.367,goal_turn,5.526,7.141,138.6,1,1,2,5.575,7.175,39.1,0.0,0.06,0.0,2.4,,0.66
1788373078.422,goal_turn,5.524,7.135,139.5,1,1,2,5.575,7.175,38.1,0.0,0.065,0.0,2.4,,0.66
1788373078.486,goal_turn,5.522,7.132,141.2,1,1,2,5.575,7.175,36.4,0.0,0.068,0.0,2.4,,0.66
1788373078.547,goal_turn,5.522,7.132,142.0,1,1,2,5.575,7.175,35.6,0.0,0.068,0.0,2.4,,0.66
1788373078.609,goal_turn,5.522,7.129,143.4,1,1,2,5.575,7.175,34.3,0.0,0.07,0.0,2.4,,0.67
1788373078.664,goal_turn,5.522,7.126,144.0,1,1,2,5.575,7.175,33.7,0.0,0.072,0.0,2.4,,0.67
1788373078.718,goal_turn,5.522,7.125,145.5,1,1,2,5.575,7.175,32.2,0.0,0.073,0.0,2.4,,0.67
1788373078.772,goal_turn,5.522,7.125,146.3,1,1,2,5.575,7.175,31.3,0.0,0.073,0.0,2.4,,0.67
1788373078.83,goal_turn,5.522,7.125,147.1,1,1,2,5.575,7.175,30.5,0.0,0.073,0.0,2.4,,0.67
1788373078.885,goal_turn,5.522,7.125,148.7,1,1,2,5.575,7.175,28.9,0.0,0.073,0.0,2.4,,0.67
1788373078.942,goal_turn,5.52,7.126,149.4,1,1,2,5.575,7.175,28.2,0.0,0.074,0.0,2.4,,0.68
1788373078.999,goal_turn,5.515,7.128,150.4,1,1,2,5.575,7.175,27.2,0.0,0.077,0.0,2.4,,0.68
1788373079.056,goal_turn,5.513,7.128,151.1,1,1,2,5.575,7.175,26.5,0.0,0.077,0.0,2.4,,0.68
1788373079.111,goal_turn,5.513,7.128,152.7,1,1,2,5.575,7.175,24.9,0.0,0.077,0.0,2.4,,0.68
1788373079.168,goal_turn,5.513,7.128,153.5,1,1,2,5.575,7.175,24.1,0.0,0.077,0.0,2.4,,0.68
1788373079.229,goal_turn,5.513,7.128,155.2,1,1,2,5.575,7.175,22.4,0.0,0.077,0.0,2.4,,0.68
1788373079.297,goal_turn,5.512,7.127,156.1,1,1,2,5.575,7.175,21.5,0.0,0.079,0.0,2.4,,0.69
1788373079.362,goal_turn,5.507,7.125,158.0,1,1,2,5.575,7.175,19.6,0.0,0.085,0.0,2.4,,0.69
1788373079.424,goal_turn,5.506,7.124,158.8,1,1,2,5.575,7.175,18.8,0.0,0.085,0.0,2.4,,0.69
1788373081.029,turning,5.507,7.102,166.6,1,31,138,5.375,5.575,98.4,1.532,6.137,0.0,4.5,1.5,0.73
1788373081.082,turning,5.507,7.102,169.0,1,31,138,5.375,5.575,96.0,1.532,6.137,0.0,4.5,1.5,0.73
1788373081.134,turning,5.507,7.102,172.3,1,31,138,5.375,5.575,92.7,1.532,6.137,0.0,4.5,1.5,0.75
1788373081.193,turning,5.507,7.102,178.8,1,31,138,5.375,5.575,86.2,1.532,6.137,0.0,4.5,1.5,0.75
1788373081.248,turning,5.507,7.102,-177.9,1,31,138,5.375,5.575,82.9,1.532,6.137,0.0,4.342,1.5,2.94
1788373081.302,turning,5.507,7.102,-171.5,1,31,138,5.375,5.575,76.5,1.532,6.137,0.0,4.008,1.5,2.94
1788373081.359,turning,5.507,7.102,-168.4,1,31,138,5.375,5.575,73.4,1.532,6.137,0.0,3.846,1.5,2.91
1788373081.411,turning,5.507,7.102,-163.1,1,31,138,5.375,5.575,68.2,1.532,6.137,0.0,3.57,1.5,2.91
1788373081.464,turning,5.507,7.102,-160.6,1,31,138,5.375,5.575,65.7,1.532,6.137,0.0,3.439,1.5,2.6
1788373081.518,turning,5.507,7.102,-156.3,1,31,138,5.375,5.575,61.4,1.532,6.137,0.0,3.213,1.5,2.6
1788373081.577,turning,5.507,7.102,-154.3,1,31,138,5.375,5.575,59.3,1.532,6.137,0.0,3.107,1.5,2.42
1788373081.638,turning,5.507,7.102,-150.8,1,31,138,5.375,5.575,55.8,1.532,6.137,0.0,2.924,1.5,2.42
1788373081.699,turning,5.502,7.104,-149.4,1,31,138,5.375,5.575,54.4,1.534,6.135,0.0,2.849,1.5,2.31
1788373081.76,turning,5.496,7.107,-148.1,0,30,138,5.375,5.625,53.2,1.487,6.133,0.0,2.785,1.5,2.31
1788373081.819,turning,5.497,7.109,-145.8,0,30,138,5.375,5.625,50.8,1.489,6.136,0.0,2.661,1.5,2.31
1788373081.871,turning,5.505,7.108,-144.5,0,30,138,5.375,5.625,49.6,1.489,6.141,0.0,2.597,1.5,2.31
1788373081.925,turning,5.521,7.108,-142.2,0,30,138,5.375,5.625,47.2,1.49,6.151,0.0,2.474,1.5,2.31
1788373081.979,turning,5.528,7.107,-141.0,0,30,138,5.375,5.625,46.0,1.49,6.155,0.0,2.41,1.5,2.31
1788373082.032,turning,5.536,7.103,-139.1,0,30,138,5.375,5.625,44.0,1.487,6.157,0.0,2.4,1.5,2.32
1788373082.033,turning,5.536,7.103,-139.1,0,30,138,5.375,5.625,44.0,1.487,6.157,0.0,2.4,1.5,2.32
1788373082.135,turning,5.537,7.096,-136.6,1,31,138,5.375,5.575,41.5,1.53,6.152,0.0,2.4,1.5,2.31
1788373082.187,turning,5.537,7.096,-135.8,1,31,138,5.375,5.575,40.7,1.53,6.152,0.0,2.4,1.5,2.31
1788373082.241,turning,5.542,7.097,-134.0,0,30,138,5.375,5.625,38.9,1.482,6.157,0.0,2.4,1.5,2.32
1788373082.296,turning,5.547,7.098,-133.2,0,30,138,5.375,5.625,38.0,1.483,6.161,0.0,2.4,1.5,2.32
1788373082.359,turning,5.551,7.099,-131.5,0,30,138,5.375,5.625,36.3,1.484,6.164,0.0,2.4,1.5,2.31
1788373082.423,turning,5.551,7.099,-130.6,0,30,138,5.375,5.625,35.4,1.484,6.164,0.0,2.4,1.5,2.31
1788373082.485,turning,5.554,7.1,-129.3,0,30,138,5.375,5.625,34.0,1.486,6.166,0.0,2.4,1.5,2.31
1788373082.543,turning,5.556,7.1,-128.7,0,30,138,5.375,5.625,33.4,1.487,6.168,0.0,2.4,1.5,2.31
1788373082.597,turning,5.557,7.101,-127.2,0,30,138,5.375,5.625,31.8,1.487,6.169,0.0,2.4,1.5,2.31
1788373082.648,turning,5.557,7.101,-126.4,0,30,138,5.375,5.625,30.9,1.487,6.169,0.0,2.4,1.5,2.31
1788373082.7,turning,5.557,7.101,-125.5,0,30,138,5.375,5.625,30.1,1.487,6.169,0.0,2.4,1.5,2.31
1788373082.751,turning,5.557,7.101,-123.9,0,30,138,5.375,5.625,28.4,1.487,6.169,0.0,2.4,1.5,2.31
1788373082.804,turning,5.556,7.1,-123.0,0,30,138,5.375,5.625,27.5,1.486,6.168,0.0,2.4,1.5,2.31
1788373082.857,turning,5.554,7.097,-121.2,0,30,138,5.375,5.625,25.7,1.483,6.165,0.0,2.4,1.5,2.31
1788373082.913,turning,5.553,7.097,-120.4,0,30,138,5.375,5.625,24.8,1.482,6.164,0.0,2.4,1.5,2.31
1788373082.967,turning,5.553,7.097,-118.8,0,30,138,5.375,5.625,23.1,1.482,6.164,0.0,2.4,1.5,2.31
1788373083.025,turning,5.553,7.097,-117.9,0,30,138,5.375,5.625,22.3,1.482,6.164,0.0,2.4,1.5,2.32
1788373083.082,turning,5.553,7.097,-116.3,0,30,138,5.375,5.575,20.6,1.532,6.164,0.0,2.4,1.5,2.32
1788373083.141,turning,5.555,7.099,-115.6,0,30,138,5.375,5.575,19.9,1.535,6.167,0.0,2.4,1.5,2.32
1788373083.201,turning,5.56,7.106,-114.1,0,30,138,5.375,5.575,18.4,1.542,6.175,0.0,2.4,1.5,2.32
1788373083.262,turning,5.561,7.107,-113.4,0,30,138,5.375,5.575,17.6,1.543,6.176,0.0,2.4,1.5,2.32
1788373083.322,turning,5.561,7.107,-111.7,0,30,138,5.375,5.575,15.9,1.543,6.176,0.0,2.4,1.5,2.32
1788373083.38,turning,5.561,7.107,-110.9,0,30,138,5.375,5.575,15.1,1.543,6.176,0.0,2.4,1.5,2.31
1788373083.433,turning,5.561,7.107,-109.3,0,30,138,5.375,5.575,13.4,1.543,6.176,0.0,2.4,1.5,2.31
1788373083.486,turning,5.556,7.103,-108.2,0,30,138,5.375,5.575,12.3,1.539,6.171,0.0,2.4,1.5,2.32
1788373083.537,turning,5.545,7.095,-106.0,0,30,138,5.375,5.575,10.1,1.529,6.157,0.0,2.4,1.5,2.32
1788373083.594,turning,5.544,7.095,-105.2,0,30,138,5.375,5.575,9.3,1.529,6.156,0.0,2.4,1.5,2.32
1788373083.651,turning,5.544,7.095,-104.4,0,30,138,5.375,5.575,8.5,1.529,6.156,0.0,2.4,1.5,2.32
1788373083.708,turning,5.544,7.095,-102.7,0,30,138,5.375,5.575,6.8,1.529,6.156,0.0,2.4,1.5,2.33
1788373083.762,turning,5.544,7.095,-101.9,0,30,138,5.375,5.575,6.0,1.529,6.156,0.0,2.4,1.5,2.33
1788373083.817,driving,5.551,7.098,-100.2,0,30,138,5.375,5.575,4.2,1.534,6.163,0.3,0.0,1.5,2.33
1788373083.872,driving,5.556,7.102,-99.3,0,30,138,5.375,5.575,3.3,1.538,6.17,0.3,0.0,1.5,2.33
1788373083.938,driving,5.561,7.102,-98.9,0,30,138,5.375,5.575,2.9,1.539,6.173,0.3,0.0,1.5,2.33
1788373084.006,driving,5.561,7.099,-98.9,0,30,138,5.375,5.575,2.9,1.535,6.17,0.3,0.0,1.5,2.33
1788373084.068,driving,5.559,7.086,-98.9,0,30,138,5.375,5.575,2.9,1.522,6.159,0.3,0.0,1.5,2.31
1788373084.125,driving,5.557,7.077,-98.9,0,30,137,5.366,5.575,2.8,1.514,6.152,0.3,0.0,1.5,2.31
1788373084.18,driving,5.553,7.06,-99.0,0,30,137,5.366,5.575,2.9,1.497,6.136,0.3,0.0,1.5,2.29
1788373084.233,driving,5.55,7.052,-99.0,1,31,137,5.364,5.525,2.9,1.538,6.128,0.3,0.0,1.5,2.29
1788373084.285,driving,5.546,7.034,-99.1,1,31,137,5.364,5.525,2.9,1.519,6.112,0.3,0.0,1.5,2.27
1788373084.339,driving,5.544,7.024,-99.1,1,31,137,5.364,5.525,2.9,1.509,6.103,0.3,0.0,1.5,2.27
1788373084.393,driving,5.541,7.004,-99.1,2,32,137,5.361,5.475,2.9,1.539,6.086,0.3,0.0,1.5,2.24
1788373084.446,driving,5.54,6.993,-99.1,2,32,137,5.361,5.475,2.9,1.529,6.078,0.3,0.0,1.5,2.24
1788373084.501,driving,5.536,6.973,-99.1,2,32,137,5.361,5.475,2.9,1.508,6.06,0.3,0.0,1.5,2.21
1788373084.553,driving,5.535,6.963,-99.1,2,32,137,5.361,5.475,2.9,1.498,6.052,0.3,0.0,1.5,2.21
1788373084.606,driving,5.533,6.953,-99.1,3,33,137,5.359,5.425,2.9,1.538,6.043,0.3,0.0,1.5,2.17
1788373084.665,driving,5.53,6.933,-99.1,3,33,137,5.359,5.425,2.9,1.517,6.026,0.3,0.0,1.5,2.17
1788373084.738,driving,5.528,6.923,-99.1,3,33,137,5.359,5.425,2.9,1.507,6.018,0.3,0.0,1.5,2.15
1788373084.807,driving,5.525,6.903,-99.1,4,34,137,5.357,5.375,2.9,1.537,6.001,0.3,0.0,1.5,2.15
1788373084.874,driving,5.523,6.893,-99.1,4,34,137,5.357,5.375,2.9,1.526,5.992,0.3,0.0,1.5,2.12
1788373084.936,driving,5.52,6.873,-99.1,4,34,137,5.357,5.375,2.9,1.506,5.975,0.3,0.0,1.5,2.12
1788373084.998,driving,5.516,6.863,-98.9,4,34,137,5.357,5.375,2.7,1.496,5.965,0.3,0.0,1.5,2.09
1788373085.06,driving,5.505,6.844,-98.5,5,35,137,5.355,5.325,2.3,1.526,5.944,0.3,0.0,1.5,2.09
1788373085.126,driving,5.502,6.834,-98.4,0,30,133,5.325,5.325,2.2,1.519,5.935,0.3,0.0,1.5,2.06
1788373085.19,driving,5.499,6.814,-98.4,0,30,133,5.325,5.325,2.2,1.499,5.918,0.3,0.0,1.5,2.06
1788373085.254,driving,5.498,6.804,-98.4,1,31,133,5.325,5.275,2.2,1.539,5.909,0.3,0.0,1.5,2.03
1788373085.321,driving,5.495,6.784,-98.4,1,31,133,5.325,5.275,2.1,1.518,5.893,0.3,0.0,1.5,2.03
1788373085.39,driving,5.493,6.774,-98.4,1,31,133,5.325,5.275,2.1,1.508,5.884,0.3,0.0,1.5,2.01
1788373085.454,driving,5.49,6.753,-98.4,2,32,133,5.325,5.225,2.1,1.537,5.867,0.3,0.0,1.5,2.01
1788373085.523,driving,5.484,6.741,-98.1,2,32,133,5.325,5.225,1.8,1.524,5.854,0.3,0.0,1.5,1.97
1788373085.594,driving,5.47,6.715,-97.4,2,32,133,5.325,5.225,1.1,1.497,5.826,0.3,0.0,1.5,1.97
1788373085.691,driving,5.468,6.705,-97.3,3,33,133,5.325,5.175,1.1,1.537,5.817,0.3,0.0,1.5,1.94
1788373085.771,driving,5.467,6.695,-97.3,3,33,133,5.325,5.175,1.2,1.527,5.809,0.3,0.0,1.5,1.94
1788373085.862,driving,5.464,6.675,-97.3,3,33,133,5.325,5.175,1.2,1.506,5.792,0.3,0.0,1.5,1.92
1788373085.927,driving,5.463,6.665,-97.3,3,33,133,5.325,5.175,1.2,1.496,5.784,0.3,0.0,1.5,1.92
1788373085.986,driving,5.46,6.644,-97.3,4,34,133,5.325,5.125,1.2,1.525,5.768,0.3,0.0,1.5,1.89
1788373086.041,driving,5.459,6.634,-97.3,4,34,133,5.325,5.125,1.3,1.515,5.759,0.3,0.0,1.5,1.89
1788373086.095,driving,5.458,6.612,-97.6,4,34,133,5.325,5.125,1.6,1.493,5.742,0.3,0.0,1.5,1.85
1788373086.15,driving,5.457,6.6,-97.9,0,30,128,5.325,5.075,1.8,1.53,5.733,0.3,0.0,1.5,1.85
1788373086.204,driving,5.455,6.578,-98.1,0,30,128,5.325,5.075,2.1,1.508,5.716,0.3,0.0,1.5,1.83
1788373086.259,driving,5.454,6.568,-98.1,0,30,128,5.325,5.075,2.1,1.498,5.708,0.3,0.0,1.5,1.83
1788373086.322,driving,5.451,6.547,-98.1,1,31,128,5.325,5.025,2.1,1.527,5.691,0.3,0.0,1.5,1.8
1788373086.389,driving,5.449,6.537,-98.1,1,31,128,5.325,5.025,2.2,1.517,5.683,0.3,0.0,1.5,1.8
1788373086.454,driving,5.446,6.517,-98.1,1,31,128,5.325,5.025,2.2,1.497,5.667,0.3,0.0,1.5,1.77
1788373086.505,driving,5.445,6.507,-98.1,1,31,128,5.325,5.025,2.2,1.487,5.658,0.3,0.0,1.5,1.77
1788373086.559,driving,5.437,6.477,-98.0,2,32,128,5.325,4.975,2.1,1.506,5.631,0.3,0.0,1.5,1.75
1788373086.612,driving,5.432,6.459,-97.9,2,32,128,5.325,4.975,2.1,1.488,5.615,0.3,0.0,1.5,1.75
1788373086.667,driving,5.427,6.435,-97.8,3,33,128,5.325,4.925,2.1,1.513,5.595,0.3,0.0,1.5,1.71
1788373086.721,driving,5.426,6.425,-97.8,3,33,128,5.325,4.925,2.1,1.503,5.586,0.3,0.0,1.5,1.71
1788373086.776,driving,5.424,6.415,-97.8,3,33,128,5.325,4.925,2.2,1.493,5.578,0.3,0.0,1.5,1.69
1788373086.829,driving,5.422,6.394,-97.8,4,34,128,5.325,4.875,2.2,1.522,5.562,0.3,0.0,1.5,1.69
1788373086.88,driving,5.42,6.384,-97.8,4,34,128,5.325,4.875,2.3,1.512,5.554,0.3,0.0,1.5,1.66
1788373086.932,driving,5.417,6.364,-97.8,4,34,128,5.325,4.875,2.3,1.492,5.538,0.3,0.0,1.5,1.66
1788373086.988,driving,5.415,6.356,-97.9,5,35,128,5.325,4.825,2.4,1.534,5.531,0.3,0.0,1.5,1.63
1788373087.044,driving,5.408,6.344,-98.0,5,35,128,5.325,4.825,2.6,1.521,5.517,0.3,0.0,1.5,1.63
1788373087.105,driving,5.406,6.335,-98.0,5,35,128,5.325,4.825,2.7,1.512,5.509,0.3,0.0,1.5,1.6
1788373087.165,driving,5.403,6.315,-98.0,0,30,126,5.388,4.825,2.8,1.489,5.493,0.3,0.0,1.5,1.6
1788373087.231,driving,5.402,6.304,-98.0,0,30,126,5.388,4.825,2.9,1.479,5.485,0.3,0.0,1.5,1.57
1788373087.292,driving,5.399,6.284,-98.0,1,31,126,5.387,4.775,3.0,1.509,5.469,0.3,0.0,1.5,1.57
1788373087.347,driving,5.398,6.274,-98.0,1,31,126,5.387,4.775,3.2,1.499,5.461,0.3,0.0,1.5,1.55
1788373087.398,driving,5.395,6.254,-98.0,1,31,126,5.387,4.775,3.3,1.478,5.445,0.3,0.0,1.5,1.55
1788373087.45,driving,5.393,6.241,-98.0,2,32,126,5.386,4.725,3.4,1.516,5.435,0.3,0.0,1.5,1.51
1788373087.501,driving,5.39,6.214,-98.0,2,32,126,5.386,4.725,3.5,1.488,5.414,0.3,0.0,1.5,1.51
1788373087.556,driving,5.389,6.203,-98.0,2,32,126,5.386,4.725,3.6,1.478,5.405,0.3,0.0,1.5,1.49
1788373087.607,driving,5.386,6.183,-98.0,3,33,126,5.385,4.675,3.7,1.508,5.39,0.3,0.0,1.5,1.49
1788373087.658,driving,5.385,6.173,-98.0,3,33,126,5.385,4.675,3.8,1.498,5.382,0.3,0.0,1.5,1.46
1788373087.71,driving,5.383,6.163,-98.0,3,33,126,5.385,4.675,3.9,1.488,5.374,0.3,0.0,1.5,1.46
1788373087.765,driving,5.38,6.143,-98.0,4,34,126,5.384,4.626,4.0,1.517,5.358,0.3,0.0,1.5,1.43
1788373087.823,driving,5.379,6.133,-98.0,4,34,126,5.384,4.626,4.2,1.507,5.35,0.3,0.0,1.5,1.43
1788373087.887,driving,5.374,6.108,-98.0,4,34,126,5.384,4.626,4.3,1.482,5.329,0.3,0.0,1.5,1.4
1788373087.95,driving,5.371,6.093,-98.1,5,35,126,5.382,4.576,4.4,1.518,5.317,0.3,0.0,1.5,1.4
1788373088.009,driving,5.366,6.069,-98.1,5,35,126,5.382,4.576,4.5,1.494,5.297,0.3,0.0,1.5,1.38
1788373088.009,driving,5.366,6.069,-98.1,5,35,126,5.382,4.576,4.6,1.494,5.297,0.3,0.0,1.5,1.38
1788373088.117,driving,5.362,6.039,-98.1,6,36,126,5.381,4.526,4.7,1.514,5.274,0.3,0.0,1.5,1.35
1788373088.172,driving,5.361,6.029,-98.1,0,30,120,5.375,4.525,4.8,1.504,5.266,0.3,0.0,1.5,1.35
1788373088.225,driving,5.358,6.009,-98.1,0,30,120,5.375,4.525,4.9,1.484,5.25,0.3,0.0,1.5,1.32
1788373088.278,driving,5.356,5.999,-98.1,1,31,120,5.375,4.475,5.0,1.524,5.242,0.3,0.0,1.5,1.32
1788373088.337,driving,5.359,5.98,-98.1,1,31,120,5.375,4.475,5.1,1.505,5.232,0.3,0.0,1.5,1.29
1788373088.393,driving,5.362,5.971,-98.1,1,31,120,5.375,4.475,5.2,1.496,5.228,0.3,0.0,1.5,1.29
1788373088.449,driving,5.362,5.952,-98.1,1,31,120,5.375,4.475,5.3,1.477,5.215,0.3,0.0,1.5,1.27
1788373088.502,driving,5.361,5.942,-98.1,2,32,120,5.375,4.425,5.4,1.517,5.207,0.3,0.0,1.5,1.27
1788373088.555,driving,5.358,5.922,-98.1,2,32,120,5.375,4.425,5.5,1.497,5.192,0.3,0.0,1.5,1.24
1788373088.605,driving,5.356,5.911,-98.1,2,32,120,5.375,4.425,5.5,1.487,5.184,0.3,0.0,1.5,1.24
1788373088.669,driving,5.355,5.901,-98.1,2,32,120,5.375,4.425,5.6,1.477,5.176,0.3,0.0,1.5,1.21
1788373088.729,driving,5.352,5.881,-98.1,3,33,120,5.375,4.375,5.7,1.506,5.161,0.3,0.0,1.5,1.21
1788373088.795,driving,5.35,5.869,-98.1,3,33,120,5.375,4.375,5.8,1.495,5.151,0.299,0.0,1.5,1.19
1788373088.852,driving,5.344,5.843,-98.2,4,34,120,5.375,4.325,6.0,1.518,5.129,0.299,0.0,1.5,1.19
1788373088.907,driving,5.342,5.831,-98.2,4,34,120,5.375,4.325,6.1,1.507,5.12,0.296,0.0,1.5,1.16
1788373088.963,driving,5.339,5.811,-98.2,4,34,120,5.375,4.325,6.1,1.487,5.105,0.296,0.0,1.5,1.16
1788373089.021,driving,5.338,5.801,-98.2,4,34,120,5.375,4.325,6.2,1.477,5.097,0.294,0.0,1.5,1.13
1788373089.075,driving,5.335,5.782,-98.2,5,35,120,5.365,4.276,6.3,1.506,5.082,0.294,0.0,1.5,1.13
1788373089.132,driving,5.333,5.772,-98.2,5,35,120,5.365,4.276,6.4,1.496,5.075,0.291,0.0,1.5,1.11
1788373089.185,driving,5.33,5.752,-98.2,5,35,120,5.365,4.276,6.5,1.476,5.06,0.291,0.0,1.5,1.11
1788373089.241,driving,5.327,5.745,-98.4,1,31,114,5.363,4.226,6.8,1.519,5.053,0.289,0.0,1.5,1.09
1788373089.297,driving,5.319,5.731,-99.1,1,31,114,5.363,4.226,7.5,1.505,5.038,0.289,0.0,1.5,1.09
1788373089.356,driving,5.317,5.722,-99.1,1,31,114,5.363,4.226,7.6,1.496,5.03,0.287,0.0,1.5,1.06
1788373089.416,driving,5.314,5.702,-99.1,1,31,114,5.363,4.226,7.7,1.477,5.015,0.287,0.0,1.5,1.06
1788373089.475,driving,5.312,5.693,-99.1,2,32,114,5.351,4.178,7.8,1.515,5.008,0.284,0.0,1.5,1.03
1788373089.534,driving,5.309,5.674,-99.1,2,32,114,5.351,4.178,7.9,1.496,4.993,0.284,0.0,1.5,1.03
1788373089.597,driving,5.308,5.664,-99.1,2,32,114,5.351,4.178,7.9,1.487,4.986,0.282,0.0,1.5,1.0
1788373089.654,driving,5.306,5.654,-99.1,2,32,114,5.351,4.178,8.0,1.477,4.979,0.282,0.0,1.5,1.0
1788373089.707,driving,5.304,5.633,-98.9,3,33,114,5.339,4.129,7.8,1.504,4.963,0.28,0.0,1.5,0.99
1788373089.76,driving,5.304,5.62,-98.7,3,33,114,5.339,4.129,7.7,1.491,4.955,0.28,0.0,1.5,0.99
1788373089.811,driving,5.303,5.599,-98.4,4,34,114,5.325,4.075,7.5,1.524,4.94,0.277,0.0,1.5,0.96
1788373089.862,driving,5.301,5.589,-98.4,4,34,114,5.325,4.075,7.5,1.514,4.933,0.277,0.0,1.5,0.96
1788373089.916,driving,5.299,5.571,-98.4,4,34,114,5.325,4.075,7.6,1.496,4.92,0.275,0.0,1.5,0.94
1788373089.967,driving,5.297,5.561,-98.4,4,34,114,5.325,4.075,7.6,1.486,4.913,0.275,0.0,1.5,0.94
1788373090.021,driving,5.294,5.543,-98.4,5,35,114,5.275,4.025,7.6,1.518,4.899,0.274,0.0,1.5,0.92
1788373090.072,driving,5.293,5.533,-98.4,5,35,114,5.275,4.025,7.6,1.509,4.892,0.274,0.0,1.5,0.92
1788373090.125,driving,5.292,5.515,-98.7,5,35,114,5.275,4.025,7.9,1.49,4.879,0.271,0.0,1.5,0.89
1788373090.186,driving,5.291,5.505,-98.9,5,35,114,5.275,4.025,8.1,1.48,4.873,0.271,0.0,1.5,0.89
1788373090.25,driving,5.289,5.486,-99.1,0,30,109,5.225,3.975,8.2,1.513,4.859,0.269,0.0,1.5,0.87
1788373090.312,driving,5.288,5.477,-99.1,0,30,109,5.225,3.975,8.2,1.503,4.853,0.269,0.0,1.5,0.87
1788373090.374,driving,5.285,5.459,-99.1,0,30,109,5.225,3.975,8.1,1.485,4.839,0.267,0.0,1.5,0.85
1788373090.428,driving,5.283,5.45,-99.1,1,30,109,5.225,3.975,8.1,1.476,4.833,0.267,0.0,1.5,0.85
1788373090.481,driving,5.28,5.432,-99.1,1,30,109,5.225,3.975,8.1,1.458,4.819,0.266,0.0,1.5,0.83
1788373090.532,driving,5.279,5.423,-99.1,1,30,109,5.225,3.975,8.0,1.449,4.813,0.266,0.0,1.5,0.83
1788373090.587,driving,5.277,5.415,-99.0,1,30,109,5.225,3.975,8.0,1.441,4.806,0.265,0.0,1.5,0.83
1788373090.639,driving,5.271,5.399,-99.0,1,30,109,5.225,3.975,8.0,1.425,4.792,0.265,0.0,1.5,0.83
1788373090.694,driving,5.269,5.391,-99.0,2,31,109,5.175,3.925,7.9,1.469,4.785,0.264,0.0,1.5,0.82
1788373090.744,driving,5.266,5.373,-99.0,2,31,109,5.175,3.925,7.8,1.451,4.772,0.264,0.0,1.5,0.82
1788373090.801,driving,5.265,5.364,-99.0,2,31,109,5.175,3.925,7.8,1.442,4.765,0.264,0.0,1.5,0.82
1788373090.855,driving,5.262,5.346,-99.0,2,31,109,5.175,3.925,7.7,1.424,4.752,0.264,0.0,1.5,0.82
1788373090.908,driving,5.26,5.337,-99.0,3,15,109,5.375,4.725,8.4,0.623,4.746,0.263,0.0,0.6,0.81
1788373090.965,driving,5.258,5.32,-99.0,3,15,109,5.375,4.725,9.1,0.606,4.733,0.263,0.0,0.6,0.81
1788373091.026,driving,5.256,5.305,-98.9,3,15,109,5.375,4.725,9.7,0.592,4.723,0.263,0.0,0.6,0.8
1788373091.088,driving,5.254,5.27,-98.5,4,16,109,5.375,4.675,9.9,0.607,4.7,0.263,0.0,0.6,0.8
1788373091.148,driving,5.252,5.259,-98.4,4,16,109,5.375,4.675,10.5,0.597,4.692,0.262,0.0,0.6,0.8
1788373091.202,driving,5.25,5.242,-98.4,4,16,109,5.375,4.675,11.2,0.58,4.68,0.262,0.0,0.6,0.8
1788373091.254,driving,5.248,5.233,-98.4,0,12,102,5.325,4.625,11.4,0.613,4.674,0.261,0.0,0.6,0.79
1788373091.309,driving,5.246,5.215,-98.4,0,12,102,5.325,4.625,11.7,0.595,4.661,0.261,0.0,0.6,0.79
1788373091.365,driving,5.244,5.206,-98.4,0,12,102,5.325,4.625,12.0,0.587,4.655,0.261,0.0,0.6,0.78
1788373091.421,driving,5.242,5.189,-98.4,1,13,102,5.325,4.575,12.2,0.619,4.643,0.261,0.0,0.6,0.78
1788373091.476,driving,5.239,5.183,-98.4,1,13,102,5.325,4.575,12.5,0.614,4.637,0.26,0.0,0.6,0.78
1788373091.527,driving,5.236,5.177,-98.5,1,13,102,5.325,4.575,12.8,0.608,4.631,0.26,0.0,0.6,0.78
1788373091.582,driving,5.231,5.162,-98.5,1,13,102,5.325,4.575,13.1,0.595,4.619,0.26,0.0,0.6,0.77
1788373091.632,driving,5.23,5.154,-98.5,1,13,102,5.325,4.575,13.4,0.586,4.612,0.26,0.0,0.6,0.77
1788373091.686,driving,5.227,5.136,-98.5,1,13,102,5.325,4.575,13.7,0.57,4.6,0.259,0.0,0.6,0.76
1788373091.742,driving,5.226,5.127,-98.5,1,13,102,5.325,4.575,14.0,0.561,4.594,0.259,0.0,0.6,0.76
1788373091.8,driving,5.224,5.11,-98.5,2,14,102,5.325,4.525,14.2,0.594,4.582,0.258,0.0,0.6,0.76
1788373091.857,driving,5.222,5.101,-98.5,2,14,102,5.325,4.525,14.5,0.585,4.576,0.258,0.0,0.6,0.76
1788373091.915,driving,5.218,5.082,-98.3,2,14,102,5.325,4.525,14.6,0.567,4.561,0.258,0.0,0.6,0.75
1788373091.972,driving,5.215,5.071,-98.1,3,15,102,5.325,4.475,14.7,0.606,4.553,0.258,0.0,0.6,0.75
1788373092.027,driving,5.211,5.052,-98.0,3,15,102,5.325,4.475,14.9,0.588,4.539,0.257,0.0,0.6,0.75
1788373092.08,driving,5.21,5.044,-98.0,3,15,102,5.325,4.475,15.2,0.58,4.533,0.257,0.0,0.6,0.75
1788373092.134,driving,5.208,5.026,-98.0,3,15,102,5.325,4.475,15.5,0.564,4.521,0.257,0.0,0.6,0.74
1788373092.185,driving,5.206,5.018,-98.0,4,16,102,5.325,4.425,15.7,0.604,4.515,0.257,0.0,0.6,0.74
1788373092.238,driving,5.204,5.0,-98.0,4,16,102,5.325,4.425,15.9,0.588,4.504,0.256,0.0,0.6,0.73
1788373092.295,turning,5.203,4.992,-98.0,0,12,97,5.325,4.375,16.1,0.629,4.498,0.0,2.4,0.6,0.73
1788373092.351,turning,5.194,4.982,-97.9,0,12,97,5.325,4.375,16.3,0.621,4.484,0.0,2.4,0.6,0.73
1788373092.409,turning,5.188,4.981,-97.6,0,12,97,5.325,4.375,16.2,0.621,4.479,0.0,2.4,0.6,0.73
1788373092.467,turning,5.184,4.981,-97.0,0,12,97,5.325,4.375,15.9,0.622,4.476,0.0,2.4,0.6,0.74
1788373092.525,turning,5.184,4.981,-95.3,0,12,97,5.325,4.375,14.5,0.622,4.476,0.0,2.4,0.6,0.74
1788373092.587,turning,5.184,4.981,-94.5,0,12,97,5.325,4.375,13.9,0.622,4.476,0.0,2.4,0.6,0.77
1788373092.645,turning,5.184,4.981,-92.9,0,12,97,5.325,4.375,12.5,0.622,4.476,0.0,2.4,0.6,0.77
1788373092.703,turning,5.184,4.981,-92.1,0,12,97,5.325,4.375,11.9,0.622,4.476,0.0,2.4,0.6,0.8
1788373092.759,turning,5.184,4.981,-90.4,0,12,97,5.325,4.375,10.5,0.622,4.476,0.0,2.4,0.6,0.8
1788373092.813,turning,5.184,4.981,-89.6,0,12,97,5.325,4.375,9.8,0.622,4.476,0.0,2.4,0.6,0.84
1788373092.867,turning,5.184,4.981,-88.0,0,12,97,5.325,4.375,8.4,0.622,4.476,0.0,2.4,0.6,0.84
1788373092.919,driving,5.184,4.98,-87.1,0,12,97,5.325,4.375,7.6,0.621,4.476,0.27,0.0,0.6,0.88
1788373092.973,driving,5.183,4.977,-86.0,0,12,97,5.325,4.375,6.7,0.619,4.473,0.27,0.0,0.6,0.88
1788373093.034,driving,5.183,4.974,-86.0,0,12,97,5.325,4.375,6.9,0.616,4.472,0.3,0.0,0.6,3.37
1788373093.089,driving,5.184,4.964,-86.0,0,12,97,5.325,4.375,7.0,0.606,4.467,0.3,0.0,0.6,3.37
1788373093.143,driving,5.184,4.957,-86.0,0,12,97,5.325,4.375,7.2,0.598,4.463,0.3,0.0,0.6,3.36
1788373093.195,driving,5.186,4.937,-86.0,0,12,97,5.325,4.375,7.4,0.579,4.453,0.3,0.0,0.6,3.36
1788373093.257,driving,5.189,4.934,-86.2,0,12,97,5.325,4.375,7.7,0.575,4.454,0.3,0.0,0.6,3.33
1788373093.317,driving,5.196,4.929,-86.7,0,11,97,5.325,4.375,8.3,0.569,4.457,0.3,0.0,0.6,3.33
1788373093.38,driving,5.197,4.919,-86.7,0,11,97,5.325,4.375,8.4,0.559,4.452,0.3,0.0,0.6,3.3
1788373093.44,driving,5.197,4.909,-86.7,0,11,97,5.325,4.375,8.5,0.549,4.447,0.3,0.0,0.6,3.3
1788373093.499,driving,5.198,4.889,-86.7,1,13,97,5.325,4.275,8.5,0.626,4.437,0.3,0.0,0.6,3.27
1788373093.557,driving,5.199,4.878,-86.7,1,13,97,5.325,4.275,8.5,0.616,4.432,0.3,0.0,0.6,3.27
1788373093.61,driving,5.2,4.858,-86.7,1,13,97,5.325,4.275,8.5,0.596,4.422,0.3,0.0,0.6,3.24
1788373093.661,driving,5.201,4.848,-86.7,1,13,97,5.325,4.275,8.5,0.586,4.417,0.3,0.0,0.6,3.24
1788373093.714,driving,5.202,4.827,-86.7,1,13,97,5.325,4.275,8.6,0.566,4.407,0.3,0.0,0.6,3.21
1788373093.769,driving,5.203,4.817,-86.7,1,13,97,5.325,4.275,8.6,0.556,4.402,0.3,0.0,0.6,3.21
1788373093.824,driving,5.204,4.797,-86.7,2,14,97,5.315,4.226,8.6,0.582,4.393,0.3,0.0,0.6,3.18
1788373093.877,driving,5.204,4.787,-86.7,2,14,97,5.315,4.226,8.5,0.572,4.388,0.3,0.0,0.6,3.18
1788373093.932,driving,5.205,4.772,-86.4,2,14,97,5.315,4.226,8.2,0.557,4.38,0.3,0.0,0.6,3.16
1788373093.983,driving,5.205,4.766,-86.2,2,14,97,5.315,4.226,8.0,0.552,4.377,0.3,0.0,0.6,3.16
1788373094.038,driving,5.206,4.749,-86.0,2,14,97,5.315,4.226,7.8,0.534,4.369,0.3,0.0,0.6,3.13
1788373094.097,driving,5.207,4.739,-86.0,2,14,97,5.315,4.226,7.9,0.524,4.365,0.3,0.0,0.6,3.13
1788373094.157,driving,5.208,4.719,-86.0,4,16,97,5.296,4.128,7.6,0.597,4.355,0.3,0.0,0.6,3.1
1788373094.215,driving,5.209,4.708,-86.0,4,16,97,5.296,4.128,7.5,0.587,4.351,0.3,0.0,0.6,3.1
1788373094.273,driving,5.21,4.688,-86.0,5,17,97,5.286,4.079,7.2,0.614,4.341,0.3,0.0,0.6,3.07
1788373094.327,driving,5.211,4.678,-86.0,0,12,92,5.289,4.079,7.0,0.603,4.337,0.3,0.0,0.6,3.07
1788373094.385,driving,5.211,4.668,-86.0,0,12,92,5.289,4.079,6.7,0.593,4.332,0.3,0.0,0.6,3.04
1788373094.439,driving,5.211,4.648,-85.7,0,12,92,5.289,4.079,6.2,0.574,4.322,0.3,0.0,0.6,3.04
1788373094.495,driving,5.211,4.638,-85.6,0,12,92,5.289,4.079,6.0,0.564,4.317,0.3,0.0,0.6,3.01
1788373094.548,driving,5.213,4.617,-85.6,0,12,92,5.289,4.079,5.8,0.543,4.308,0.3,0.0,0.6,3.01
1788373094.599,driving,5.214,4.607,-85.6,1,13,92,5.275,4.025,5.6,0.585,4.304,0.3,0.0,0.6,2.98
1788373094.65,driving,5.215,4.587,-85.6,1,13,92,5.275,4.025,5.3,0.565,4.295,0.3,0.0,0.6,2.98
1788373094.703,driving,5.216,4.577,-85.6,2,14,92,5.225,3.975,4.8,0.602,4.291,0.3,0.0,0.6,2.95
1788373094.756,driving,5.218,4.556,-85.6,2,14,92,5.225,3.975,4.3,0.581,4.282,0.3,0.0,0.6,2.95
1788373094.809,driving,5.216,4.549,-85.8,2,14,92,5.225,3.975,4.0,0.574,4.277,0.3,0.0,0.6,2.92
1788373094.865,driving,5.211,4.535,-86.3,2,14,92,5.225,3.975,4.1,0.56,4.266,0.3,0.0,0.6,2.92
1788373094.925,driving,5.211,4.525,-86.3,3,15,92,5.175,3.925,3.5,0.601,4.261,0.3,0.0,0.6,2.89
1788373094.985,driving,5.212,4.505,-86.3,3,15,92,5.175,3.925,2.8,0.581,4.253,0.3,0.0,0.6,2.89
1788373095.04,driving,5.213,4.495,-86.3,3,15,92,5.175,3.925,2.2,0.571,4.248,0.3,0.0,0.6,2.86
1788373095.098,driving,5.214,4.474,-86.3,4,15,92,5.175,3.925,1.6,0.551,4.24,0.3,0.0,0.6,2.86
1788373095.153,driving,5.215,4.464,-86.3,4,15,92,5.175,3.925,1.0,0.541,4.236,0.3,0.0,0.6,2.83
1788373095.205,driving,5.216,4.444,-86.3,4,15,92,5.175,3.925,0.5,0.521,4.227,0.3,0.0,0.6,2.83
1788373095.263,driving,5.216,4.43,-86.7,4,15,92,5.175,3.925,0.3,0.507,4.221,0.3,0.0,0.6,2.81
1788373095.316,driving,5.215,4.416,-87.1,5,16,92,5.125,3.875,-0.1,0.548,4.214,0.3,0.0,0.6,2.81
1788373095.372,driving,5.215,4.391,-87.5,0,11,87,5.075,3.875,-0.8,0.535,4.202,0.3,0.0,0.6,2.78
1788373095.428,driving,5.215,4.381,-87.5,0,11,87,5.075,3.875,-1.9,0.525,4.198,0.3,0.0,0.6,2.78
1788373095.482,driving,5.216,4.361,-87.5,1,12,87,5.025,3.825,-3.1,0.569,4.19,0.3,0.0,0.6,2.75
1788373095.538,driving,5.217,4.351,-87.5,1,12,87,5.025,3.825,-4.3,0.56,4.186,0.3,0.0,0.6,2.75
1788373095.594,driving,5.218,4.33,-87.5,2,12,87,5.025,3.825,-5.4,0.541,4.177,0.3,0.0,0.6,2.72
1788373095.654,driving,5.218,4.32,-87.5,2,12,87,5.025,3.825,-6.6,0.531,4.173,0.3,0.0,0.6,2.72
1788373095.722,driving,5.22,4.299,-87.7,3,13,87,4.98,3.803,-7.7,0.551,4.165,0.3,0.0,0.6,2.69
1788373095.781,driving,5.221,4.288,-87.9,3,13,87,4.98,3.803,-8.8,0.541,4.161,0.3,0.0,0.6,2.69
1788373095.838,driving,5.222,4.267,-88.0,3,13,87,4.98,3.803,-9.9,0.523,4.153,0.3,0.0,0.6,2.66
1788373095.897,driving,5.222,4.256,-88.0,3,13,87,4.98,3.803,-11.1,0.514,4.149,0.3,0.0,0.6,2.66
1788373095.956,driving,5.223,4.236,-88.0,4,14,87,4.936,3.78,-12.5,0.539,4.141,0.3,0.0,0.6,2.63
1788373096.009,driving,5.223,4.226,-88.0,4,14,87,4.936,3.78,-13.9,0.53,4.137,0.3,0.0,0.6,2.63
1788373096.063,driving,5.224,4.205,-88.0,4,14,87,4.936,3.78,-15.2,0.514,4.129,0.3,0.0,0.6,2.6
1788373096.118,turning,5.224,4.195,-88.0,5,33,87,4.013,3.438,-16.3,1.428,4.125,0.0,-2.4,1.5,2.6
1788373096.173,turning,5.235,4.188,-88.2,5,33,87,4.013,3.438,-17.2,1.434,4.132,0.0,-2.4,1.5,2.57
1788373096.225,turning,5.242,4.192,-88.7,5,33,87,4.013,3.438,-17.8,1.442,4.14,0.0,-2.4,1.5,2.57
1788373096.279,turning,5.246,4.193,-89.4,5,33,87,4.013,3.438,-18.1,1.446,4.144,0.0,-2.4,1.5,2.56
1788373096.334,turning,5.246,4.193,-91.1,5,33,87,4.013,3.438,-17.4,1.446,4.144,0.0,-2.4,1.5,2.56
1788373096.398,turning,5.246,4.193,-92.0,0,11,83,4.88,3.743,-17.8,0.58,4.144,0.0,-2.4,0.6,2.56
1788373096.459,turning,5.246,4.193,-93.7,0,11,83,4.88,3.743,-17.3,0.58,4.144,0.0,-2.4,0.6,2.56
1788373096.518,turning,5.246,4.193,-94.5,0,11,83,4.88,3.743,-17.5,0.58,4.144,0.0,-2.4,0.6,2.56
1788373096.579,turning,5.246,4.193,-96.3,0,11,83,4.88,3.743,-16.8,0.58,4.144,0.0,-2.4,0.6,2.56
1788373096.637,turning,5.247,4.195,-97.3,0,11,83,4.88,3.743,-16.8,0.581,4.145,0.0,-2.4,0.6,2.56
1788373096.691,driving,5.248,4.198,-99.5,0,11,83,4.88,3.743,-15.4,0.585,4.148,0.3,0.0,0.6,2.56
1788373096.746,driving,5.248,4.199,-100.4,0,11,83,4.88,3.743,-15.4,0.586,4.148,0.3,0.0,0.6,2.56
1788373096.798,turning,5.248,4.196,-100.6,0,11,83,4.88,3.743,-16.0,0.583,4.147,0.0,-2.4,0.6,2.56
1788373096.852,turning,5.247,4.192,-100.6,0,11,83,4.88,3.743,-16.8,0.579,4.144,0.0,-2.4,0.6,2.55
1788373096.907,turning,5.247,4.191,-102.2,0,11,83,4.88,3.743,-15.9,0.579,4.144,0.0,-2.4,0.6,2.55
1788373096.963,turning,5.243,4.19,-103.4,0,11,83,4.88,3.743,-15.4,0.576,4.14,0.0,-2.4,0.6,2.54
1788373097.017,turning,5.234,4.188,-105.8,0,11,83,4.88,3.743,-13.5,0.568,4.131,0.0,-2.4,0.6,2.54
1788373097.073,turning,5.234,4.188,-106.8,0,11,83,4.88,3.743,-13.2,0.568,4.13,0.0,-2.4,0.6,2.54
1788373097.129,turning,5.234,4.188,-108.5,0,11,83,4.88,3.743,-12.0,0.568,4.13,0.0,-2.4,0.6,2.54
1788373097.193,turning,5.234,4.188,-109.3,0,11,83,4.88,3.743,-11.6,0.568,4.13,0.0,-2.4,0.6,2.54
1788373097.25,turning,5.234,4.188,-110.2,0,11,83,4.88,3.743,-11.2,0.568,4.13,0.0,-2.4,0.6,2.54
1788373097.314,driving,5.234,4.185,-111.8,0,11,83,4.88,3.743,-10.0,0.566,4.13,0.3,0.0,0.6,2.54
1788373097.375,driving,5.235,4.183,-112.5,0,11,83,4.88,3.743,-9.7,0.565,4.13,0.3,0.0,0.6,2.54
1788373097.432,driving,5.235,4.178,-112.7,0,11,83,4.878,3.709,-9.9,0.589,4.127,0.3,0.0,0.6,2.54
1788373097.49,driving,5.233,4.175,-112.7,0,11,83,4.878,3.709,-10.1,0.586,4.125,0.3,0.0,0.6,2.54
1788373097.543,driving,5.228,4.163,-112.7,0,11,83,4.878,3.709,-10.4,0.573,4.115,0.3,0.0,0.6,2.53
1788373097.598,driving,5.225,4.154,-112.7,0,11,83,4.878,3.709,-10.7,0.565,4.109,0.3,0.0,0.6,2.53
1788373097.651,driving,5.216,4.139,-112.6,1,12,83,4.83,3.693,-11.2,0.589,4.095,0.3,0.0,0.6,2.5
1788373097.703,driving,5.212,4.132,-112.6,1,12,83,4.83,3.693,-11.7,0.582,4.088,0.3,0.0,0.6,2.5
1788373097.758,driving,5.204,4.115,-112.6,1,12,83,4.83,3.693,-12.2,0.564,4.074,0.3,0.0,0.6,2.47
1788373097.815,driving,5.2,4.106,-112.6,1,12,83,4.83,3.693,-12.6,0.554,4.066,0.3,0.0,0.6,2.47
1788373097.875,driving,5.192,4.087,-112.6,2,31,83,3.929,3.393,-13.3,1.441,4.052,0.3,0.0,1.5,2.44
1788373097.93,driving,5.188,4.077,-112.6,2,31,83,3.929,3.393,-13.9,1.433,4.044,0.3,0.0,1.5,2.44
1788373097.993,driving,5.181,4.059,-112.6,2,31,83,3.929,3.393,-14.5,1.418,4.03,0.3,0.0,1.5,2.41
1788373098.056,driving,5.177,4.049,-112.6,3,32,83,3.881,3.377,-15.2,1.459,4.022,0.3,0.0,1.5,2.41
1788373098.115,driving,5.169,4.03,-112.6,4,33,83,3.834,3.361,-15.8,1.493,4.008,0.3,0.0,1.5,2.39
1788373098.169,turning,5.165,4.021,-112.6,4,33,83,3.834,3.361,-16.4,1.485,4.001,0.0,-2.4,1.5,2.39
1788373098.221,turning,5.161,4.011,-112.6,4,33,83,3.834,3.361,-17.0,1.478,3.993,0.0,-2.4,1.5,2.36
1788373098.275,turning,5.16,4.01,-114.2,4,33,83,3.834,3.361,-16.1,1.477,3.992,0.0,-2.4,1.5,2.36
1788373098.331,turning,5.16,4.01,-115.0,4,33,83,3.834,3.361,-15.8,1.477,3.992,0.0,-2.4,1.5,2.34
1788373098.384,turning,5.16,4.01,-116.7,4,33,83,3.834,3.361,-14.6,1.477,3.992,0.0,-2.4,1.5,2.34
1788373098.437,turning,5.16,4.011,-117.5,0,29,78,3.824,3.375,-14.4,1.48,3.992,0.0,-2.4,1.5,2.34
1788373098.438,turning,5.16,4.011,-117.5,0,29,78,3.824,3.375,-15.0,1.48,3.992,0.0,-2.4,1.5,2.34
1788373098.546,turning,5.157,4.015,-119.9,0,29,78,3.824,3.375,-13.1,1.479,3.991,0.0,-2.4,1.5,2.34
1788373098.601,turning,5.157,4.015,-121.6,0,29,78,3.824,3.375,-11.9,1.479,3.991,0.0,-2.4,1.5,2.34
1788373098.655,turning,5.157,4.015,-122.5,0,29,78,3.824,3.375,-11.6,1.479,3.991,0.0,-2.4,1.5,2.34
1788373098.709,driving,5.157,4.015,-124.2,0,29,78,3.824,3.375,-10.4,1.479,3.991,0.3,0.0,1.5,2.34
1788373098.769,driving,5.157,4.015,-125.1,0,29,78,3.824,3.375,-10.0,1.479,3.991,0.3,0.0,1.5,2.34
1788373098.835,driving,5.155,4.013,-125.4,0,29,78,3.824,3.375,-10.2,1.477,3.989,0.3,0.0,1.5,2.34
1788373098.902,driving,5.153,4.01,-125.4,0,29,78,3.824,3.375,-10.6,1.474,3.986,0.3,0.0,1.5,2.33
1788373098.963,driving,5.146,3.999,-125.4,1,30,78,3.776,3.359,-11.1,1.512,3.975,0.3,0.0,1.5,2.33
1788373099.018,driving,5.141,3.988,-125.0,1,30,78,3.776,3.359,-11.9,1.503,3.966,0.3,0.0,1.5,2.32
1788373099.072,driving,5.129,3.96,-124.2,2,31,78,3.729,3.343,-13.2,1.531,3.945,0.3,0.0,1.5,2.32
1788373099.13,driving,5.124,3.952,-124.1,2,31,78,3.729,3.343,-13.7,1.522,3.936,0.3,0.0,1.5,2.29
1788373099.187,driving,5.118,3.943,-124.1,2,31,78,3.729,3.343,-14.2,1.513,3.928,0.3,0.0,1.5,2.29
1788373099.243,driving,5.106,3.926,-124.1,2,31,78,3.729,3.343,-14.7,1.496,3.911,0.3,0.0,1.5,2.26
1788373099.296,driving,5.101,3.918,-124.1,2,31,78,3.729,3.343,-15.1,1.487,3.902,0.3,0.0,1.5,2.26
1788373099.354,driving,5.085,3.899,-124.3,3,32,78,3.681,3.327,-15.4,1.516,3.881,0.3,0.0,1.5,2.23
1788373099.408,driving,5.076,3.889,-124.5,3,32,78,3.681,3.327,-15.7,1.503,3.869,0.3,0.0,1.5,2.23
1788373099.461,turning,5.061,3.87,-124.6,3,32,78,3.681,3.327,-16.0,1.483,3.848,0.0,-2.4,1.5,2.21
1788373099.518,turning,5.055,3.862,-124.6,0,30,77,3.669,3.306,-16.5,1.494,3.84,0.0,-2.4,1.5,2.21
1788373099.58,turning,5.054,3.86,-126.2,1,31,77,3.621,3.29,-15.3,1.542,3.838,0.0,-2.4,1.5,2.18
1788373099.637,turning,5.054,3.86,-127.0,1,31,77,3.621,3.29,-14.9,1.542,3.838,0.0,-2.4,1.5,2.18
1788373099.7,turning,5.054,3.86,-128.7,1,31,77,3.621,3.29,-13.6,1.542,3.838,0.0,-2.4,1.5,2.18
1788373099.755,turning,5.054,3.86,-129.6,1,31,77,3.621,3.29,-13.1,1.542,3.838,0.0,-2.4,1.5,2.18
1788373099.812,turning,5.054,3.86,-131.3,1,31,77,3.621,3.29,-11.8,1.542,3.838,0.0,-2.4,1.5,2.17
1788373099.878,turning,5.054,3.86,-132.2,1,31,77,3.621,3.29,-11.3,1.542,3.838,0.0,-2.4,1.5,2.17
1788373099.938,turning,5.055,3.864,-133.7,0,30,77,3.669,3.306,-10.1,1.495,3.84,0.0,-2.4,1.5,2.17
1788373100.006,turning,5.056,3.867,-134.4,0,30,77,3.669,3.306,-9.8,1.497,3.842,0.0,-2.4,1.5,2.17
1788373100.067,driving,5.056,3.869,-136.0,0,30,77,3.669,3.306,-8.5,1.498,3.843,0.3,0.0,1.5,2.17
1788373100.125,driving,5.056,3.869,-136.9,0,30,77,3.669,3.306,-8.0,1.498,3.843,0.3,0.0,1.5,2.17
1788373100.181,driving,5.056,3.869,-137.0,0,30,77,3.669,3.306,-8.1,1.497,3.843,0.3,0.0,1.5,2.17
1788373100.243,driving,5.051,3.864,-137.0,1,31,77,3.621,3.29,-8.5,1.541,3.837,0.3,0.0,1.5,2.17
1788373100.304,driving,5.047,3.86,-137.0,1,31,77,3.621,3.29,-8.8,1.535,3.831,0.3,0.0,1.5,2.16
1788373100.367,driving,5.035,3.849,-137.0,1,31,77,3.621,3.29,-9.1,1.52,3.815,0.3,0.0,1.5,2.16
1788373100.43,driving,5.025,3.841,-137.0,1,31,77,3.621,3.29,-9.5,1.508,3.803,0.3,0.0,1.5,2.14
1788373100.497,driving,5.002,3.822,-136.8,0,30,75,3.602,3.351,-10.0,1.478,3.776,0.3,0.0,1.5,2.14
1788373100.55,driving,4.994,3.814,-136.8,1,31,75,3.525,3.325,-10.4,1.548,3.765,0.3,0.0,1.5,2.12
1788373100.605,driving,4.979,3.8,-136.8,1,31,75,3.525,3.325,-10.7,1.529,3.746,0.3,0.0,1.5,2.12
1788373100.658,driving,4.971,3.793,-136.8,1,31,75,3.525,3.325,-11.1,1.52,3.737,0.3,0.0,1.5,2.09
1788373100.713,driving,4.957,3.779,-136.8,2,32,75,3.48,3.303,-11.5,1.551,3.718,0.3,0.0,1.5,2.09
1788373100.767,driving,4.949,3.772,-136.8,2,32,75,3.48,3.303,-11.8,1.542,3.708,0.3,0.0,1.5,2.07
1788373100.819,driving,4.934,3.758,-136.8,2,32,75,3.48,3.303,-12.1,1.524,3.689,0.3,0.0,1.5,2.07
1788373100.878,driving,4.927,3.751,-136.8,2,32,75,3.48,3.303,-12.5,1.514,3.68,0.3,0.0,1.5,2.04
1788373100.931,driving,4.912,3.737,-136.8,3,33,75,3.436,3.28,-12.8,1.545,3.661,0.3,0.0,1.5,2.04
1788373100.985,driving,4.905,3.73,-136.8,3,33,75,3.436,3.28,-13.2,1.536,3.652,0.3,0.0,1.5,2.02
1788373101.039,driving,4.89,3.716,-136.8,3,33,75,3.436,3.28,-13.5,1.518,3.633,0.3,0.0,1.5,2.02
1788373101.1,driving,4.882,3.709,-136.8,3,33,75,3.436,3.28,-13.8,1.509,3.624,0.3,0.0,1.5,2.0
1788373101.162,driving,4.875,3.702,-136.8,4,34,75,3.391,3.258,-14.1,1.549,3.614,0.3,0.0,1.5,2.0
1788373101.221,driving,4.86,3.688,-136.8,4,34,75,3.391,3.258,-14.4,1.531,3.596,0.3,0.0,1.5,1.97
1788373101.282,driving,4.852,3.681,-136.8,4,34,75,3.391,3.258,-14.8,1.522,3.586,0.3,0.0,1.5,1.97
1788373101.345,driving,4.839,3.666,-136.6,5,35,75,3.346,3.236,-15.2,1.554,3.569,0.3,0.0,1.5,1.95
1788373101.405,driving,4.833,3.657,-136.4,5,35,75,3.346,3.236,-15.7,1.546,3.56,0.3,0.0,1.5,1.95
1788373101.459,turning,4.82,3.642,-136.3,5,35,75,3.346,3.236,-16.2,1.528,3.542,0.0,-2.4,1.5,1.92
1788373101.51,turning,4.812,3.634,-136.3,5,35,75,3.346,3.236,-16.5,1.52,3.533,0.0,-2.4,1.5,1.92
1788373101.564,turning,4.81,3.632,-137.7,0,30,71,3.388,3.146,-15.2,1.503,3.53,0.0,-2.4,1.5,1.9
1788373101.615,turning,4.81,3.632,-138.6,0,30,71,3.388,3.146,-14.6,1.503,3.53,0.0,-2.4,1.5,1.9
1788373101.671,turning,4.81,3.632,-140.3,0,30,71,3.388,3.146,-13.0,1.503,3.53,0.0,-2.4,1.5,1.9
1788373101.723,turning,4.81,3.632,-141.2,0,30,71,3.388,3.146,-12.4,1.503,3.53,0.0,-2.4,1.5,1.9
1788373101.778,turning,4.81,3.632,-142.9,0,30,71,3.388,3.146,-10.8,1.503,3.53,0.0,-2.4,1.5,1.93
1788373101.831,turning,4.81,3.632,-143.7,0,30,71,3.388,3.146,-10.2,1.503,3.53,0.0,-2.4,1.5,1.93
1788373101.892,turning,4.814,3.633,-145.5,0,30,71,3.388,3.146,-8.6,1.507,3.534,0.0,-2.4,1.5,3.64
1788373101.949,turning,4.816,3.633,-146.4,0,30,71,3.388,3.146,-7.8,1.509,3.536,0.0,-2.4,1.5,3.64
1788373102.011,driving,4.818,3.633,-148.2,0,30,71,3.388,3.146,-6.2,1.511,3.538,0.3,0.0,1.5,3.68
1788373102.068,driving,4.818,3.633,-149.1,0,30,71,3.388,3.146,-5.5,1.511,3.538,0.3,0.0,1.5,3.68
1788373102.122,driving,4.817,3.633,-149.2,0,30,71,3.388,3.146,-5.5,1.51,3.537,0.3,0.0,1.5,3.72
1788373102.175,driving,4.812,3.63,-149.2,0,30,71,3.388,3.146,-5.7,1.504,3.531,0.3,0.0,1.5,3.72
1788373102.227,driving,4.807,3.627,-149.2,0,30,71,3.388,3.146,-5.9,1.498,3.525,0.3,0.0,1.5,3.72
1788373102.281,driving,4.792,3.618,-149.2,1,31,71,3.34,3.13,-6.0,1.532,3.509,0.3,0.0,1.5,3.72
1788373102.34,driving,4.783,3.609,-149.2,1,31,71,3.34,3.13,-6.2,1.52,3.497,0.3,0.0,1.5,3.7
1788373102.395,driving,4.763,3.584,-149.1,1,31,71,3.34,3.13,-6.5,1.493,3.47,0.3,0.0,1.5,3.7
1788373102.451,driving,4.754,3.576,-149.0,2,32,71,3.293,3.114,-6.7,1.532,3.459,0.3,0.0,1.5,3.69
1788373102.503,driving,4.736,3.565,-149.0,2,32,71,3.293,3.114,-6.9,1.512,3.439,0.3,0.0,1.5,3.69
1788373102.557,driving,4.727,3.56,-149.0,0,30,68,3.288,3.096,-7.0,1.513,3.429,0.3,0.0,1.5,3.67
1788373102.611,driving,4.71,3.549,-149.0,0,30,68,3.288,3.096,-7.2,1.493,3.409,0.3,0.0,1.5,3.67
1788373102.671,driving,4.701,3.544,-149.0,1,31,68,3.24,3.08,-7.3,1.533,3.399,0.3,0.0,1.5,3.65
1788373102.73,driving,4.684,3.534,-149.0,1,31,68,3.24,3.08,-7.5,1.513,3.379,0.3,0.0,1.5,3.65
1788373102.79,driving,4.675,3.528,-149.0,1,31,68,3.24,3.08,-7.6,1.503,3.369,0.3,0.0,1.5,3.64
1788373102.849,driving,4.657,3.518,-149.0,2,32,68,3.193,3.064,-7.8,1.533,3.349,0.3,0.0,1.5,3.64
1788373102.906,driving,4.649,3.513,-149.0,2,32,68,3.193,3.064,-7.9,1.523,3.339,0.3,0.0,1.5,3.62
1788373102.961,driving,4.631,3.502,-149.0,2,32,68,3.193,3.064,-8.1,1.503,3.319,0.3,0.0,1.5,3.62
1788373103.014,driving,4.622,3.497,-149.0,2,32,68,3.193,3.064,-8.2,1.494,3.309,0.3,0.0,1.5,3.6
1788373103.066,driving,4.614,3.492,-149.0,3,33,68,3.146,3.049,-8.4,1.534,3.299,0.3,0.0,1.5,3.6
1788373103.119,driving,4.599,3.481,-149.2,3,33,68,3.146,3.049,-8.4,1.516,3.282,0.3,0.0,1.5,3.58
1788373103.172,driving,4.592,3.476,-149.4,3,33,68,3.146,3.049,-8.4,1.509,3.274,0.3,0.0,1.5,3.58
1788373103.229,driving,4.577,3.466,-149.5,4,34,68,3.098,3.033,-8.4,1.541,3.256,0.3,0.0,1.5,3.57
1788373103.285,driving,4.568,3.461,-149.5,4,34,68,3.098,3.033,-8.5,1.531,3.246,0.3,0.0,1.5,3.57
1788373103.342,driving,4.55,3.451,-149.5,4,34,68,3.098,3.033,-8.7,1.511,3.226,0.3,0.0,1.5,3.55
1788373103.402,driving,4.542,3.445,-149.5,4,34,68,3.098,3.033,-8.8,1.501,3.217,0.3,0.0,1.5,3.55
1788373103.463,driving,4.524,3.435,-149.5,5,35,68,3.051,3.017,-8.9,1.532,3.197,0.3,0.0,1.5,3.53
1788373103.528,driving,4.515,3.43,-149.5,5,35,68,3.051,3.017,-9.1,1.522,3.187,0.3,0.0,1.5,3.53
1788373103.594,driving,4.494,3.419,-149.7,1,31,63,3.04,2.93,-9.0,1.534,3.163,0.3,0.0,1.5,3.52
1788373103.651,driving,4.482,3.413,-149.8,1,31,63,3.04,2.93,-8.9,1.52,3.15,0.3,0.0,1.5,3.52
1788373103.711,driving,4.462,3.403,-149.9,1,31,63,3.04,2.93,-8.9,1.498,3.128,0.3,0.0,1.5,3.5
1788373103.768,driving,4.453,3.397,-149.9,2,32,63,2.993,2.914,-8.9,1.538,3.118,0.3,0.0,1.5,3.5
1788373103.819,driving,4.436,3.387,-149.9,2,32,63,2.993,2.914,-9.0,1.518,3.098,0.3,0.0,1.5,3.48
1788373103.873,driving,4.427,3.382,-149.9,2,32,63,2.993,2.914,-9.1,1.508,3.088,0.3,0.0,1.5,3.48
1788373103.93,driving,4.409,3.372,-149.9,3,33,63,2.946,2.899,-9.2,1.538,3.068,0.3,0.0,1.5,3.47
1788373103.985,driving,4.4,3.367,-149.9,3,33,63,2.946,2.899,-9.2,1.528,3.058,0.3,0.0,1.5,3.47
1788373104.039,driving,4.392,3.361,-149.8,3,33,63,2.946,2.899,-9.5,1.518,3.048,0.3,0.0,1.5,3.45
1788373104.094,driving,4.373,3.346,-149.0,3,33,63,2.946,2.899,-10.3,1.496,3.026,0.3,0.0,1.5,3.45
1788373104.148,driving,4.364,3.34,-148.9,4,34,63,2.898,2.883,-10.5,1.536,3.016,0.3,0.0,1.5,3.43
1788373104.208,driving,4.347,3.329,-148.9,4,34,63,2.898,2.883,-10.6,1.516,2.996,0.3,0.0,1.5,3.43
1788373104.275,driving,4.338,3.324,-148.9,4,34,63,2.898,2.883,-10.7,1.506,2.986,0.3,0.0,1.5,3.42
1788373104.343,driving,4.32,3.314,-148.9,5,35,63,2.851,2.867,-10.8,1.536,2.966,0.3,0.0,1.5,3.42
1788373104.409,driving,4.312,3.308,-148.9,5,35,63,2.851,2.867,-10.9,1.526,2.956,0.3,0.0,1.5,3.4
1788373104.465,driving,4.294,3.298,-148.9,5,35,63,2.851,2.867,-11.0,1.506,2.937,0.3,0.0,1.5,3.4
1788373104.519,driving,4.287,3.292,-148.6,5,35,63,2.851,2.867,-11.3,1.498,2.928,0.3,0.0,1.5,3.38
1788373104.572,driving,4.275,3.278,-148.0,6,36,63,2.803,2.851,-12.0,1.532,2.913,0.3,0.0,1.5,3.38
1788373104.626,driving,4.267,3.272,-148.0,0,30,58,2.832,2.814,-12.1,1.506,2.903,0.3,0.0,1.5,3.37
1788373104.68,driving,4.25,3.261,-148.0,1,31,58,2.784,2.802,-12.2,1.536,2.884,0.3,0.0,1.5,3.37
1788373104.733,driving,4.241,3.256,-148.0,1,31,58,2.784,2.802,-12.2,1.526,2.874,0.3,0.0,1.5,3.35
1788373104.787,driving,4.224,3.245,-148.0,1,31,58,2.784,2.802,-12.3,1.506,2.854,0.3,0.0,1.5,3.35
1788373104.842,driving,4.215,3.24,-148.0,1,31,58,2.784,2.802,-12.4,1.496,2.845,0.3,0.0,1.5,3.33
1788373104.898,driving,4.198,3.229,-148.0,2,32,58,2.735,2.79,-12.5,1.527,2.825,0.3,0.0,1.5,3.33
1788373104.955,driving,4.189,3.222,-147.9,2,32,58,2.735,2.79,-12.6,1.517,2.815,0.3,0.0,1.5,3.31
1788373105.016,driving,4.181,3.214,-147.7,2,32,58,2.735,2.79,-12.8,1.507,2.805,0.3,0.0,1.5,3.31
1788373105.074,driving,4.164,3.201,-147.6,3,33,58,2.687,2.778,-13.0,1.537,2.786,0.3,0.0,1.5,3.3
1788373105.13,driving,4.156,3.196,-147.6,3,33,58,2.687,2.778,-13.1,1.527,2.776,0.3,0.0,1.5,3.3
1788373105.195,driving,4.139,3.185,-147.6,3,33,58,2.687,2.778,-13.2,1.508,2.757,0.3,0.0,1.5,3.28
1788373105.258,driving,4.13,3.179,-147.6,3,33,58,2.687,2.778,-13.3,1.498,2.747,0.3,0.0,1.5,3.28
1788373105.317,driving,4.113,3.169,-147.6,4,34,58,2.638,2.766,-13.4,1.528,2.727,0.3,0.0,1.5,3.26
1788373105.37,driving,4.104,3.163,-147.6,4,34,58,2.638,2.766,-13.5,1.519,2.718,0.3,0.0,1.5,3.26
1788373105.422,driving,4.08,3.147,-147.9,5,35,58,2.59,2.754,-13.3,1.541,2.691,0.3,0.0,1.5,3.25
1788373105.478,driving,4.066,3.136,-148.1,5,35,58,2.59,2.754,-13.2,1.525,2.674,0.3,0.0,1.5,3.25
1788373105.534,driving,4.045,3.122,-148.3,5,35,58,2.59,2.754,-13.2,1.501,2.65,0.3,0.0,1.5,3.23
1788373105.589,driving,4.036,3.117,-148.3,6,36,58,2.541,2.742,-13.3,1.541,2.64,0.3,0.0,1.5,3.23
1788373105.645,driving,4.019,3.106,-148.3,0,29,52,2.582,2.664,-13.3,1.502,2.621,0.3,0.0,1.5,3.21
1788373105.699,driving,4.01,3.1,-148.3,0,29,52,2.582,2.664,-13.3,1.493,2.611,0.3,0.0,1.5,3.21
1788373105.759,driving,3.993,3.09,-148.3,1,30,52,2.534,2.652,-13.4,1.523,2.591,0.3,0.0,1.5,3.2
1788373105.818,driving,3.984,3.084,-148.3,1,30,52,2.534,2.652,-13.4,1.513,2.582,0.3,0.0,1.5,3.2
1788373105.882,driving,3.97,3.072,-148.4,1,30,52,2.534,2.652,-13.4,1.496,2.565,0.3,0.0,1.5,3.18
1788373105.936,driving,3.964,3.065,-148.5,2,31,52,2.485,2.64,-13.3,1.538,2.558,0.3,0.0,1.5,3.18
1788373105.999,driving,3.956,3.059,-148.5,2,31,52,2.485,2.64,-13.3,1.529,2.549,0.3,0.0,1.5,3.16
1788373106.053,driving,3.939,3.048,-148.5,2,31,52,2.485,2.64,-13.4,1.51,2.53,0.3,0.0,1.5,3.16
1788373106.106,driving,3.93,3.043,-148.5,2,31,52,2.485,2.64,-13.5,1.5,2.52,0.3,0.0,1.5,3.15
1788373106.165,driving,3.913,3.032,-148.5,3,32,52,2.437,2.628,-13.5,1.53,2.501,0.3,0.0,1.5,3.15
1788373106.219,driving,3.904,3.027,-148.5,3,32,52,2.437,2.628,-13.6,1.521,2.491,0.3,0.0,1.5,3.13
1788373106.273,driving,3.887,3.016,-148.5,3,32,52,2.437,2.628,-13.7,1.501,2.472,0.3,0.0,1.5,3.13
1788373106.331,driving,3.874,3.008,-148.5,4,33,52,2.388,2.616,-13.8,1.537,2.458,0.3,0.0,1.5,3.11
1788373106.388,driving,3.844,2.987,-148.3,4,33,52,2.388,2.616,-14.1,1.503,2.424,0.3,0.0,1.5,3.11
1788373106.446,driving,3.834,2.98,-148.2,5,34,52,2.34,2.604,-14.2,1.541,2.412,0.3,0.0,1.5,3.1
1788373106.505,driving,3.817,2.969,-148.2,5,34,52,2.34,2.604,-14.3,1.521,2.393,0.3,0.0,1.5,3.1
1788373106.568,driving,3.808,2.964,-148.2,5,34,52,2.34,2.604,-14.4,1.512,2.384,0.3,0.0,1.5,3.08
1788373106.625,driving,3.791,2.953,-148.2,6,35,52,2.291,2.592,-14.5,1.542,2.364,0.3,0.0,1.5,3.08
1788373106.691,driving,3.782,2.948,-148.2,0,30,48,2.333,2.547,-14.5,1.504,2.355,0.3,0.0,1.5,3.06
1788373106.753,driving,3.765,2.937,-148.2,0,30,48,2.333,2.547,-14.6,1.484,2.336,0.3,0.0,1.5,3.06
1788373106.808,driving,3.754,2.93,-148.2,1,31,48,2.284,2.537,-14.7,1.521,2.323,0.3,0.0,1.5,3.04
1788373106.859,driving,3.731,2.915,-148.1,1,31,48,2.284,2.537,-14.9,1.495,2.298,0.3,0.0,1.5,3.04
1788373106.914,driving,3.722,2.909,-148.1,1,31,48,2.284,2.537,-14.9,1.486,2.288,0.3,0.0,1.5,3.03
1788373106.971,driving,3.713,2.904,-148.1,2,32,48,2.225,2.525,-15.0,1.536,2.279,0.3,0.0,1.5,3.03
1788373107.027,driving,3.696,2.893,-148.1,2,32,48,2.225,2.525,-15.1,1.516,2.26,0.3,0.0,1.5,3.01
1788373107.081,driving,3.687,2.888,-148.1,2,32,48,2.225,2.525,-15.1,1.507,2.25,0.3,0.0,1.5,3.01
1788373107.132,driving,3.67,2.877,-148.1,3,33,48,2.175,2.521,-15.2,1.536,2.231,0.3,0.0,1.5,2.99
1788373107.185,driving,3.661,2.871,-148.1,3,33,48,2.175,2.521,-15.3,1.527,2.222,0.3,0.0,1.5,2.99
1788373107.242,driving,3.645,2.865,-148.6,3,33,48,2.175,2.521,-14.9,1.509,2.204,0.3,0.0,1.5,2.98
1788373107.299,driving,3.636,2.863,-149.0,3,33,48,2.175,2.521,-14.5,1.5,2.196,0.3,0.0,1.5,2.98
1788373107.361,driving,3.618,2.855,-149.4,4,34,48,2.125,2.518,-14.3,1.531,2.177,0.3,0.0,1.5,2.96
1788373107.425,driving,3.61,2.85,-149.4,4,34,48,2.125,2.518,-14.3,1.521,2.167,0.3,0.0,1.5,2.96
1788373107.491,driving,3.592,2.84,-149.4,4,34,48,2.125,2.518,-14.4,1.502,2.148,0.3,0.0,1.5,2.94
1788373107.546,driving,3.583,2.834,-149.4,5,35,48,2.075,2.514,-14.5,1.542,2.139,0.3,0.0,1.5,2.94
1788373107.601,driving,3.566,2.824,-149.4,5,35,48,2.075,2.514,-14.7,1.522,2.12,0.3,0.0,1.5,2.93
1788373107.656,driving,3.557,2.819,-149.4,5,35,48,2.075,2.514,-14.8,1.513,2.11,0.3,0.0,1.5,2.93
1788373107.711,driving,3.54,2.806,-149.1,1,31,43,2.025,2.475,-15.2,1.551,2.092,0.3,0.0,1.5,2.91
1788373107.766,driving,3.532,2.799,-148.8,1,31,43,2.025,2.475,-15.5,1.542,2.083,0.3,0.0,1.5,2.91
1788373107.822,driving,3.515,2.787,-148.7,1,31,43,2.025,2.475,-15.7,1.523,2.064,0.3,0.0,1.5,2.89
1788373107.878,driving,3.507,2.782,-148.7,2,32,43,1.975,2.475,-15.8,1.562,2.055,0.3,0.0,1.5,2.89
1788373107.934,driving,3.498,2.777,-148.7,2,32,43,1.975,2.475,-15.9,1.552,2.045,0.3,0.0,1.5,2.88
1788373107.99,turning,3.48,2.766,-148.7,2,32,43,1.975,2.475,-16.0,1.533,2.026,0.0,-2.4,1.5,2.88
1788373108.044,turning,3.472,2.761,-148.7,2,32,43,1.975,2.475,-16.1,1.524,2.017,0.0,-2.4,1.5,2.86
1788373108.105,turning,3.471,2.761,-150.3,2,32,43,1.975,2.475,-14.6,1.523,2.016,0.0,-2.4,1.5,2.86
1788373108.169,turning,3.471,2.763,-151.2,2,32,43,1.975,2.475,-13.8,1.523,2.016,0.0,-2.4,1.5,2.87
1788373108.233,turning,3.47,2.771,-152.9,2,32,43,1.975,2.475,-12.2,1.524,2.017,0.0,-2.4,1.5,2.87
1788373108.298,turning,3.47,2.772,-153.8,2,32,43,1.975,2.475,-11.4,1.525,2.017,0.0,-2.4,1.5,2.92
1788373108.358,turning,3.47,2.772,-155.5,2,32,43,1.975,2.475,-9.8,1.525,2.017,0.0,-2.4,1.5,2.92
1788373108.415,turning,3.47,2.772,-156.4,2,32,43,1.975,2.475,-9.0,1.525,2.017,0.0,-2.4,1.5,2.97
1788373108.471,turning,3.47,2.772,-158.1,2,32,43,1.975,2.475,-7.4,1.525,2.017,0.0,-2.4,1.5,2.97
1788373108.525,turning,3.47,2.772,-158.9,2,32,43,1.975,2.475,-6.6,1.525,2.017,0.0,-2.4,1.5,3.03
1788373108.583,driving,3.47,2.772,-160.7,2,32,43,1.975,2.475,-5.0,1.525,2.017,0.3,0.0,1.5,3.03
1788373108.638,driving,3.47,2.772,-161.5,2,32,43,1.975,2.475,-4.2,1.525,2.017,0.3,0.0,1.5,3.1
1788373108.695,driving,3.468,2.772,-161.8,0,30,41,1.975,2.475,-4.0,1.522,2.015,0.3,0.0,1.5,3.1
1788373108.749,driving,3.464,2.771,-161.8,0,30,41,1.975,2.475,-4.0,1.518,2.011,0.3,0.0,1.5,3.13
1788373108.807,driving,3.452,2.767,-161.8,0,30,41,1.975,2.475,-4.1,1.506,1.999,0.3,0.0,1.5,3.13
1788373108.865,driving,3.444,2.762,-161.7,1,31,41,1.925,2.475,-4.3,1.546,1.99,0.3,0.0,1.5,3.13
1788373108.928,driving,3.434,2.757,-161.5,1,31,41,1.925,2.475,-4.6,1.535,1.98,0.3,0.0,1.5,3.13
1788373108.992,driving,3.415,2.748,-161.4,1,31,41,1.925,2.475,-4.8,1.515,1.959,0.3,0.0,1.5,3.11
1788373109.055,driving,3.405,2.745,-161.4,1,31,41,1.925,2.475,-4.9,1.505,1.949,0.3,0.0,1.5,3.11
1788373109.116,driving,3.386,2.738,-161.4,2,32,41,1.875,2.475,-5.0,1.534,1.929,0.3,0.0,1.5,3.1
1788373109.17,driving,3.376,2.735,-161.4,2,32,41,1.875,2.475,-5.1,1.524,1.919,0.3,0.0,1.5,3.1
1788373109.222,driving,3.352,2.727,-161.3,3,33,41,1.825,2.475,-5.2,1.548,1.894,0.3,0.0,1.5,3.09
1788373109.277,driving,3.338,2.722,-161.3,3,33,41,1.825,2.475,-5.4,1.533,1.88,0.3,0.0,1.5,3.09
1788373109.336,driving,3.316,2.715,-161.3,3,33,41,1.825,2.475,-5.5,1.51,1.856,0.3,0.0,1.5,3.08
1788373109.391,driving,3.306,2.711,-161.3,4,34,41,1.775,2.475,-5.6,1.549,1.846,0.3,0.0,1.5,3.08
1788373109.446,driving,3.287,2.705,-161.3,4,34,41,1.775,2.475,-5.7,1.529,1.826,0.3,0.0,1.5,3.07
1788373109.499,driving,3.277,2.701,-161.3,4,34,41,1.775,2.475,-5.8,1.519,1.816,0.3,0.0,1.5,3.07
1788373109.554,driving,3.258,2.695,-161.3,5,35,41,1.725,2.475,-5.9,1.548,1.796,0.3,0.0,1.5,3.05
1788373109.605,driving,3.248,2.692,-161.3,5,35,41,1.725,2.475,-6.0,1.538,1.786,0.3,0.0,1.5,3.05
1788373109.661,driving,3.229,2.683,-161.3,5,35,41,1.725,2.475,-6.2,1.518,1.766,0.3,0.0,1.5,3.04
1788373109.718,driving,3.219,2.678,-161.3,5,35,41,1.725,2.475,-6.3,1.508,1.756,0.3,0.0,1.5,3.04
1788373109.775,driving,3.2,2.67,-161.3,1,31,36,1.675,2.475,-6.4,1.537,1.736,0.3,0.0,1.5,3.03
1788373109.832,driving,3.19,2.667,-161.3,1,31,36,1.675,2.475,-6.5,1.527,1.726,0.3,0.0,1.5,3.03
1788373109.889,driving,3.18,2.664,-161.3,1,31,36,1.675,2.475,-6.7,1.517,1.716,0.3,0.0,1.5,3.02
1788373109.945,driving,3.161,2.657,-161.3,1,31,36,1.675,2.475,-6.8,1.497,1.696,0.3,0.0,1.5,3.02
1788373110.002,driving,3.151,2.654,-161.3,2,32,36,1.625,2.475,-6.9,1.537,1.686,0.3,0.0,1.5,3.01
1788373110.054,driving,3.132,2.647,-161.3,2,32,36,1.625,2.475,-7.1,1.517,1.666,0.3,0.0,1.5,3.01
1788373110.107,driving,3.122,2.644,-161.1,2,32,36,1.625,2.475,-7.4,1.507,1.656,0.3,0.0,1.5,3.0
1788373110.159,driving,3.101,2.638,-160.5,3,33,36,1.575,2.475,-8.1,1.535,1.634,0.3,0.0,1.5,3.0
1788373110.212,driving,3.091,2.634,-160.4,3,33,36,1.575,2.475,-8.3,1.525,1.624,0.3,0.0,1.5,2.98
1788373110.263,driving,3.072,2.628,-160.4,3,33,36,1.575,2.475,-8.5,1.505,1.604,0.3,0.0,1.5,2.98
1788373110.315,driving,3.062,2.624,-160.4,3,33,36,1.575,2.475,-8.6,1.495,1.594,0.3,0.0,1.5,2.97
1788373110.37,driving,3.043,2.617,-160.4,4,34,36,1.525,2.475,-8.7,1.525,1.575,0.3,0.0,1.5,2.97
1788373110.426,driving,3.034,2.614,-160.4,4,34,36,1.525,2.475,-8.9,1.515,1.565,0.3,0.0,1.5,2.96
1788373110.485,driving,3.014,2.607,-160.4,4,34,36,1.525,2.475,-9.0,1.495,1.545,0.3,0.0,1.5,2.96
1788373110.548,driving,3.001,2.6,-160.1,5,35,36,1.475,2.475,-9.4,1.531,1.531,0.3,0.0,1.5,2.95
1788373110.608,driving,2.971,2.583,-159.5,5,35,36,1.475,2.475,-10.3,1.5,1.5,0.3,0.0,1.5,2.95
1788373110.667,driving,2.961,2.579,-159.4,6,35,36,1.475,2.475,-10.4,1.49,1.49,0.3,0.0,1.5,2.94
1788373110.724,driving,2.942,2.571,-159.4,6,35,36,1.475,2.475,-10.6,1.47,1.47,0.3,0.0,1.5,2.94
1788373110.783,driving,2.932,2.568,-159.4,0,29,30,1.475,2.475,-10.8,1.46,1.46,0.3,0.0,1.5,2.92
1788373110.838,driving,2.923,2.564,-159.4,0,29,30,1.475,2.475,-10.9,1.451,1.451,0.3,0.0,1.5,2.92
1788373110.893,driving,2.904,2.557,-159.4,0,29,30,1.475,2.475,-11.1,1.431,1.431,0.3,0.0,1.5,2.91
1788373110.945,driving,2.894,2.554,-159.4,1,29,30,1.475,2.475,-11.2,1.421,1.421,0.3,0.0,1.5,2.91
1788373111.002,driving,2.871,2.541,-159.4,1,29,30,1.475,2.475,-11.4,1.398,1.398,0.3,0.0,1.5,2.9
1788373111.055,driving,2.857,2.533,-159.4,1,29,30,1.475,2.475,-11.6,1.384,1.384,0.3,0.0,1.5,2.9
1788373111.112,driving,2.835,2.522,-159.4,2,29,30,1.475,2.475,-11.8,1.361,1.361,0.3,0.0,1.5,2.88
1788373111.167,driving,2.825,2.518,-159.4,2,29,30,1.475,2.475,-12.0,1.351,1.351,0.3,0.0,1.5,2.88
1788373111.221,driving,2.806,2.511,-159.4,3,29,30,1.475,2.475,-12.1,1.332,1.332,0.3,0.0,1.5,2.85
1788373111.288,driving,2.797,2.507,-159.4,3,29,30,1.475,2.475,-12.3,1.322,1.322,0.3,0.0,1.5,2.85
1788373111.349,driving,2.778,2.5,-159.4,3,29,30,1.475,2.475,-12.5,1.303,1.303,0.3,0.0,1.5,2.82
1788373111.407,driving,2.768,2.497,-159.4,3,29,30,1.475,2.475,-12.7,1.293,1.293,0.3,0.0,1.5,2.82
1788373111.471,driving,2.746,2.494,-159.8,4,29,30,1.475,2.475,-12.4,1.271,1.271,0.3,0.0,1.5,2.79
1788373111.525,driving,2.734,2.493,-160.2,4,29,30,1.475,2.475,-12.2,1.259,1.259,0.3,0.0,1.5,2.79
1788373111.582,driving,2.713,2.489,-160.4,4,29,30,1.475,2.475,-12.2,1.239,1.239,0.3,0.0,1.5,2.76
1788373111.636,driving,2.704,2.485,-160.4,5,29,30,1.475,2.475,-12.3,1.229,1.229,0.3,0.0,1.5,2.76
1788373111.691,driving,2.685,2.478,-160.4,5,29,30,1.475,2.475,-12.5,1.21,1.21,0.3,0.0,1.5,2.74
1788373111.746,driving,2.675,2.475,-160.4,5,29,30,1.475,2.475,-12.7,1.2,1.2,0.3,0.0,1.5,2.74
1788373111.801,driving,2.656,2.468,-160.4,0,24,25,1.475,2.475,-12.9,1.181,1.181,0.3,0.0,1.5,2.71
1788373111.851,driving,2.646,2.465,-160.4,1,24,25,1.475,2.475,-13.0,1.171,1.171,0.3,0.0,1.5,2.71
1788373111.908,driving,2.641,2.463,-160.4,1,24,25,1.475,2.475,-13.2,1.166,1.166,0.3,0.0,1.5,2.68
1788373111.967,driving,2.64,2.462,-160.5,1,24,25,1.475,2.475,-13.3,1.165,1.165,0.3,0.0,1.5,2.68
1788373112.03,driving,2.634,2.46,-160.5,1,24,25,1.475,2.475,-13.4,1.159,1.159,0.3,0.0,1.5,2.65
1788373112.094,driving,2.615,2.453,-160.5,1,24,25,1.475,2.475,-13.6,1.14,1.14,0.3,0.0,1.5,2.65
1788373112.162,driving,2.605,2.45,-160.5,1,24,25,1.475,2.475,-13.8,1.13,1.13,0.3,0.0,1.5,2.62
1788373112.221,driving,2.586,2.443,-160.5,2,24,25,1.475,2.475,-14.0,1.111,1.111,0.3,0.0,1.5,2.62
1788373112.282,driving,2.576,2.439,-160.5,2,24,25,1.475,2.475,-14.2,1.102,1.102,0.3,0.0,1.5,2.6
1788373112.336,driving,2.557,2.433,-160.5,2,24,25,1.475,2.475,-14.3,1.083,1.083,0.3,0.0,1.5,2.6
1788373112.396,driving,2.543,2.433,-160.4,3,24,25,1.475,2.475,-14.6,1.069,1.069,0.3,0.0,1.5,2.57
1788373112.449,driving,2.513,2.434,-160.1,3,24,25,1.475,2.475,-15.1,1.039,1.039,0.3,0.0,1.5,2.57
1788373112.503,driving,2.502,2.432,-160.1,3,24,25,1.475,2.475,-15.3,1.028,1.028,0.3,0.0,1.5,2.54
1788373112.557,driving,2.483,2.425,-160.1,4,24,25,1.475,2.475,-15.5,1.009,1.009,0.3,0.0,1.5,2.54
1788373112.611,driving,2.474,2.421,-160.1,4,24,25,1.475,2.475,-15.7,1.0,1.0,0.3,0.0,1.5,2.51
1788373112.665,driving,2.454,2.414,-160.1,4,24,25,1.475,2.475,-15.9,0.981,0.981,0.3,0.0,1.5,2.51
1788373112.717,turning,2.445,2.411,-160.1,5,24,25,1.475,2.475,-16.1,0.972,0.972,0.0,-2.4,1.5,2.48
1788373112.77,turning,2.435,2.407,-160.1,5,24,25,1.475,2.475,-16.3,0.963,0.963,0.0,-2.4,1.5,2.48
1788373112.826,turning,2.432,2.41,-161.7,0,19,20,1.475,2.475,-14.9,0.959,0.959,0.0,-2.4,1.5,2.46
1788373112.892,turning,2.43,2.413,-162.6,0,19,20,1.475,2.475,-14.1,0.957,0.957,0.0,-2.4,1.5,2.46
1788373112.958,turning,2.429,2.416,-164.3,0,19,20,1.475,2.475,-12.6,0.956,0.956,0.0,-2.4,1.5,2.46
1788373113.017,turning,2.429,2.416,-165.2,0,19,20,1.475,2.475,-11.9,0.956,0.956,0.0,-2.4,1.5,2.46
1788373113.076,turning,2.429,2.416,-166.9,0,19,20,1.475,2.475,-10.3,0.956,0.956,0.0,-2.4,1.5,2.45
1788373113.129,turning,2.429,2.416,-167.8,0,19,20,1.475,2.475,-9.6,0.956,0.956,0.0,-2.4,1.5,2.45
1788373113.192,turning,2.429,2.416,-169.5,0,19,20,1.475,2.475,-8.0,0.956,0.956,0.0,-2.4,1.5,2.45
1788373113.246,turning,2.429,2.416,-170.3,0,19,20,1.475,2.475,-7.3,0.956,0.956,0.0,-2.4,1.5,2.45
1788373113.307,driving,2.43,2.417,-172.1,0,19,20,1.475,2.475,-5.7,0.957,0.957,0.3,0.0,1.5,2.45
1788373113.361,driving,2.431,2.418,-173.1,0,19,20,1.475,2.475,-4.9,0.958,0.958,0.3,0.0,1.5,2.45
1788373113.415,driving,2.428,2.418,-173.2,0,19,20,1.475,2.475,-4.9,0.955,0.955,0.3,0.0,1.5,2.45
1788373113.467,driving,2.424,2.418,-173.2,0,19,20,1.475,2.475,-5.0,0.951,0.951,0.3,0.0,1.5,2.45
1788373113.522,driving,2.411,2.416,-173.2,0,19,20,1.475,2.475,-5.1,0.938,0.938,0.3,0.0,1.5,2.44
1788373113.582,driving,2.402,2.415,-173.2,0,19,20,1.475,2.475,-5.3,0.928,0.928,0.3,0.0,1.5,2.44
1788373113.643,driving,2.382,2.417,-173.6,1,19,20,1.475,2.475,-5.0,0.909,0.909,0.3,0.0,1.5,2.41
1788373113.701,driving,2.372,2.419,-173.9,1,19,20,1.475,2.475,-4.8,0.899,0.899,0.3,0.0,1.5,2.41
1788373113.757,driving,2.362,2.42,-174.0,1,19,20,1.475,2.475,-4.8,0.889,0.889,0.3,0.0,1.5,2.39
1788373113.816,driving,2.342,2.418,-174.0,0,17,18,1.475,2.475,-4.9,0.869,0.869,0.3,0.0,1.5,2.39
1788373113.87,driving,2.332,2.417,-174.0,0,17,18,1.475,2.475,-5.1,0.859,0.859,0.3,0.0,1.5,2.36
1788373113.924,driving,2.312,2.414,-174.0,0,17,18,1.475,2.475,-5.2,0.839,0.839,0.3,0.0,1.5,2.36
1788373113.981,driving,2.301,2.413,-174.0,0,17,18,1.475,2.475,-5.3,0.829,0.829,0.3,0.0,1.5,2.33
1788373114.039,driving,2.281,2.411,-174.0,1,17,18,1.475,2.475,-5.4,0.809,0.809,0.3,0.0,1.5,2.33
1788373114.097,driving,2.271,2.41,-174.0,1,17,18,1.475,2.475,-5.6,0.799,0.799,0.3,0.0,1.5,2.3
1788373114.15,driving,2.251,2.408,-174.0,1,17,18,1.475,2.475,-5.7,0.779,0.779,0.3,0.0,1.5,2.3
1788373114.205,driving,2.241,2.407,-174.0,2,17,18,1.475,2.475,-5.8,0.769,0.769,0.3,0.0,1.5,2.27
1788373114.258,driving,2.22,2.405,-174.0,2,17,18,1.475,2.475,-6.0,0.749,0.749,0.3,0.0,1.5,2.27
1788373114.319,driving,2.21,2.404,-174.0,2,17,18,1.475,2.475,-6.1,0.739,0.739,0.3,0.0,1.5,2.24
1788373114.388,driving,2.19,2.402,-174.0,3,17,18,1.475,2.475,-6.2,0.719,0.719,0.3,0.0,1.5,2.24
1788373114.452,driving,2.182,2.401,-173.9,3,17,18,1.475,2.475,-6.5,0.711,0.711,0.3,0.0,1.5,2.21
1788373114.516,driving,2.167,2.4,-173.5,3,17,18,1.475,2.475,-7.0,0.696,0.696,0.3,0.0,1.5,2.21
1788373114.574,driving,2.157,2.399,-173.5,3,17,18,1.475,2.475,-7.2,0.686,0.686,0.3,0.0,1.5,2.18
1788373114.629,driving,2.137,2.397,-173.5,4,17,18,1.475,2.475,-7.4,0.666,0.666,0.3,0.0,1.5,2.18
1788373114.685,driving,2.127,2.396,-173.5,4,17,18,1.475,2.475,-7.5,0.656,0.656,0.3,0.0,1.5,2.15
1788373114.738,driving,2.117,2.395,-173.5,4,17,18,1.475,2.475,-7.7,0.647,0.647,0.3,0.0,1.5,2.15
1788373114.795,driving,2.096,2.392,-173.5,5,17,18,1.475,2.475,-7.8,0.627,0.627,0.3,0.0,1.5,2.12
1788373114.853,driving,2.086,2.391,-173.5,0,12,13,1.475,2.475,-8.0,0.617,0.617,0.3,0.0,1.5,2.12
1788373114.908,driving,2.065,2.383,-173.1,0,12,13,1.475,2.475,-8.5,0.597,0.597,0.3,0.0,1.5,2.09
1788373114.964,driving,2.054,2.377,-172.7,0,12,13,1.475,2.475,-9.1,0.587,0.587,0.3,0.0,1.5,2.09
1788373115.02,driving,2.033,2.369,-172.4,1,12,13,1.475,2.475,-9.6,0.568,0.568,0.3,0.0,1.5,2.06
1788373115.077,driving,2.022,2.368,-172.4,1,12,13,1.475,2.475,-9.9,0.558,0.558,0.3,0.0,1.5,2.06
1788373115.132,driving,2.002,2.365,-172.4,1,12,13,1.475,2.475,-10.1,0.539,0.539,0.3,0.0,1.5,2.03
1788373115.191,driving,1.992,2.364,-172.4,2,12,13,1.475,2.475,-10.3,0.529,0.529,0.3,0.0,1.5,2.03
1788373115.255,driving,1.972,2.361,-172.4,2,12,13,1.475,2.475,-10.6,0.51,0.51,0.3,0.0,1.5,2.0
1788373115.32,driving,1.962,2.36,-172.4,2,12,13,1.475,2.475,-10.8,0.5,0.5,0.3,0.0,1.5,2.0
1788373115.381,driving,1.945,2.356,-172.6,2,12,13,1.475,2.475,-10.9,0.484,0.484,0.3,0.0,1.5,1.97
1788373115.435,driving,1.937,2.354,-172.8,3,12,13,1.475,2.475,-11.0,0.477,0.477,0.3,0.0,1.5,1.97
1788373115.491,driving,1.918,2.351,-172.9,3,12,13,1.475,2.475,-11.2,0.46,0.46,0.3,0.0,1.5,1.94
1788373115.544,driving,1.908,2.35,-172.9,3,12,13,1.475,2.475,-11.5,0.451,0.451,0.3,0.0,1.5,1.94
1788373115.598,driving,1.888,2.348,-172.9,4,12,13,1.475,2.475,-11.8,0.432,0.432,0.3,0.0,1.5,1.91
1788373115.651,driving,1.878,2.346,-172.9,4,12,13,1.475,2.475,-12.2,0.423,0.423,0.3,0.0,1.5,1.91
1788373115.704,driving,1.868,2.345,-172.9,4,12,13,1.475,2.475,-12.5,0.414,0.414,0.3,0.0,1.5,1.88
1788373115.758,driving,1.847,2.343,-172.9,4,12,13,1.475,2.475,-12.8,0.395,0.395,0.296,0.0,1.5,1.88
1788373115.809,driving,1.839,2.341,-173.1,4,12,13,1.475,2.475,-13.0,0.388,0.388,0.291,0.0,1.5,1.85
1788373115.863,driving,1.827,2.336,-173.8,0,7,8,1.475,2.475,-12.6,0.378,0.378,0.284,0.0,1.5,1.85
1788373115.923,driving,1.818,2.335,-174.0,0,7,8,1.475,2.475,-12.8,0.371,0.371,0.278,0.0,1.5,1.82
1788373115.988,driving,1.799,2.333,-174.0,1,7,8,1.475,2.475,-13.3,0.354,0.354,0.266,0.0,1.5,1.82
1788373116.062,driving,1.79,2.332,-174.0,1,7,8,1.475,2.475,-13.7,0.346,0.346,0.259,0.0,1.5,1.79
1788373116.129,driving,1.772,2.33,-174.0,1,7,8,1.475,2.475,-14.1,0.331,0.331,0.248,0.0,1.5,1.79
1788373116.193,driving,1.763,2.329,-174.0,1,7,8,1.475,2.475,-14.6,0.323,0.323,0.242,0.0,1.5,1.77
1788373116.251,driving,1.747,2.327,-174.0,2,7,8,1.475,2.475,-15.1,0.309,0.309,0.232,0.0,1.5,1.77
1788373116.312,driving,1.734,2.328,-174.1,2,7,8,1.475,2.475,-15.4,0.298,0.298,0.223,0.0,1.5,1.74
1788373116.369,driving,1.709,2.332,-174.5,2,7,8,1.475,2.475,-15.6,0.274,0.274,0.22,0.0,1.5,1.74
1788373116.425,turning,1.7,2.332,-174.6,2,7,8,1.475,2.475,-16.1,0.266,0.266,0.0,-2.4,1.5,1.72
1788373116.479,turning,1.69,2.331,-175.2,3,7,8,1.475,2.475,-16.1,0.259,0.259,0.0,-2.4,1.5,1.72
1788373116.534,turning,1.69,2.331,-176.0,3,7,8,1.475,2.475,-15.8,0.259,0.259,0.0,-2.4,1.5,1.7
1788373116.588,turning,1.69,2.331,-177.8,3,7,8,1.475,2.475,-14.6,0.259,0.259,0.0,-2.4,1.5,1.7
1788373116.649,turning,1.69,2.331,-178.6,3,7,8,1.475,2.475,-14.3,0.259,0.259,0.0,-2.4,1.5,1.7
1788373116.704,turning,1.69,2.331,-179.5,3,7,8,1.475,2.475,-13.9,0.259,0.259,0.0,-2.4,1.5,1.7
1788373116.765,turning,1.695,2.326,179.0,2,7,8,1.475,2.475,-12.9,0.266,0.266,0.0,-2.4,1.5,1.7
1788373116.825,turning,1.7,2.32,178.2,2,7,8,1.475,2.475,-12.7,0.273,0.273,0.0,-2.4,1.5,1.7
1788373116.888,turning,1.704,2.315,176.7,0,5,6,1.475,2.475,-11.6,0.279,0.279,0.0,-2.4,1.5,1.7
1788373116.947,turning,1.704,2.315,175.8,0,5,6,1.475,2.475,-11.2,0.279,0.279,0.0,-2.4,1.5,1.7
1788373117.001,driving,1.704,2.315,174.1,0,5,6,1.475,2.475,-10.0,0.279,0.279,0.22,0.0,1.5,1.69
1788373117.052,driving,1.704,2.315,173.2,0,5,6,1.475,2.475,-9.6,0.279,0.279,0.22,0.0,1.5,1.69
1788373117.106,driving,1.701,2.316,173.0,0,5,6,1.475,2.475,-9.8,0.277,0.277,0.22,0.0,1.5,1.69
1788373117.16,driving,1.697,2.316,173.0,0,5,6,1.475,2.475,-10.3,0.273,0.273,0.22,0.0,1.5,1.69
1788373117.213,driving,1.684,2.312,173.5,1,5,6,1.475,2.475,-11.3,0.265,0.265,0.22,0.0,1.5,1.68
1788373117.265,driving,1.676,2.309,173.9,1,5,6,1.475,2.475,-12.2,0.261,0.261,0.22,0.0,1.5,1.68
1788373117.323,driving,1.66,2.307,174.2,1,5,6,1.475,2.475,-13.1,0.25,0.25,0.22,0.0,1.5,1.66
1788373117.377,driving,1.653,2.307,174.2,1,5,6,1.475,2.475,-13.7,0.244,0.244,0.22,0.0,1.5,1.66
1788373117.431,driving,1.638,2.309,174.2,1,5,6,1.475,2.475,-14.4,0.233,0.233,0.22,0.0,1.5,1.64
1788373117.486,driving,1.631,2.31,174.2,2,5,6,1.475,2.475,-15.0,0.227,0.227,0.22,0.0,1.5,1.64
1788373117.543,driving,1.615,2.308,174.1,2,5,6,1.475,2.475,-15.7,0.218,0.218,0.22,0.0,1.5,1.62
1788373117.605,turning,1.608,2.307,174.1,2,5,6,1.475,2.475,-16.4,0.214,0.214,0.0,-2.4,1.5,1.62
1788373117.663,turning,1.6,2.306,174.1,2,5,6,1.475,2.475,-17.2,0.21,0.21,0.0,-2.4,1.5,1.6
1788373117.717,turning,1.599,2.306,172.5,2,5,6,1.475,2.475,-16.3,0.209,0.209,0.0,-2.4,1.5,1.6
1788373117.777,turning,1.599,2.306,171.6,2,5,6,1.475,2.475,-16.2,0.209,0.209,0.0,-2.4,1.5,1.59
1788373117.827,turning,1.599,2.306,169.9,2,5,6,1.475,2.475,-15.2,0.209,0.209,0.0,-2.4,1.5,1.59
1788373117.88,turning,1.599,2.306,169.1,2,5,6,1.475,2.475,-15.0,0.209,0.209,0.0,-2.4,1.5,1.59
1788373117.931,turning,1.599,2.306,167.3,0,3,4,1.475,2.475,-14.0,0.209,0.209,0.0,-2.4,1.5,1.59
1788373117.986,turning,1.599,2.306,166.5,0,3,4,1.475,2.475,-13.8,0.209,0.209,0.0,-2.4,1.5,1.58
1788373118.036,turning,1.599,2.306,164.8,0,3,4,1.475,2.475,-12.7,0.209,0.209,0.0,-2.4,1.5,1.58
1788373118.09,turning,1.599,2.306,163.9,0,3,4,1.475,2.475,-12.5,0.209,0.209,0.0,-2.4,1.5,1.58
1788373118.141,driving,1.599,2.306,162.2,0,3,4,1.475,2.475,-11.4,0.209,0.209,0.22,0.0,1.5,1.58
1788373118.202,driving,1.599,2.306,161.3,0,3,4,1.475,2.475,-11.2,0.209,0.209,0.22,0.0,1.5,1.58
1788373118.258,driving,1.597,2.307,161.1,0,3,4,1.475,2.475,-11.5,0.207,0.207,0.22,0.0,1.5,1.58
1788373118.32,driving,1.593,2.308,161.1,0,3,4,1.475,2.475,-12.1,0.204,0.204,0.22,0.0,1.5,1.58
1788373118.385,driving,1.581,2.313,161.1,0,3,4,1.475,2.475,-12.8,0.194,0.194,0.22,0.0,1.5,1.58
1788373118.447,driving,1.578,2.316,161.3,0,3,4,1.475,2.475,-13.6,0.19,0.19,0.22,0.0,1.5,1.56
1788373118.51,driving,1.574,2.321,161.9,0,3,4,1.475,2.475,-14.8,0.183,0.183,0.22,0.0,1.5,1.56
1788373118.563,driving,1.567,2.324,161.9,0,3,4,1.475,2.475,-15.5,0.177,0.177,0.22,0.0,1.5,1.54
1788373118.616,turning,1.56,2.326,161.9,0,3,4,1.475,2.475,-16.1,0.171,0.171,0.0,-2.4,1.5,1.54
1788373118.671,turning,1.551,2.329,161.3,0,3,4,1.475,2.475,-16.2,0.164,0.164,0.0,-2.4,1.5,1.52
1788373118.724,turning,1.551,2.329,160.5,0,3,4,1.475,2.475,-16.1,0.164,0.164,0.0,-2.4,1.5,1.52
1788373118.779,turning,1.547,2.327,158.8,0,3,4,1.475,2.475,-15.1,0.164,0.164,0.0,-2.4,1.5,1.51
1788373118.832,turning,1.543,2.325,158.0,0,3,4,1.475,2.475,-15.0,0.165,0.165,0.0,-2.4,1.5,1.51
1788373118.885,turning,1.54,2.324,156.3,0,3,4,1.475,2.475,-14.0,0.165,0.165,0.0,-2.4,1.5,1.51
1788373118.938,turning,1.54,2.324,155.4,0,3,4,1.475,2.475,-13.9,0.165,0.165,0.0,-2.4,1.5,1.51
1788373118.991,turning,1.54,2.324,153.7,0,3,4,1.475,2.475,-12.9,0.165,0.165,0.0,-2.4,1.5,1.51
1788373119.042,turning,1.54,2.324,152.8,0,3,4,1.475,2.475,-12.7,0.165,0.165,0.0,-2.4,1.5,1.51
1788373119.1,driving,1.54,2.324,151.1,0,3,4,1.475,2.475,-11.6,0.165,0.165,0.22,0.0,1.5,1.51
1788373119.166,driving,1.54,2.324,150.3,0,3,4,1.475,2.475,-11.4,0.165,0.165,0.22,0.0,1.5,1.51
1788373119.246,driving,1.537,2.325,150.2,0,3,4,1.475,2.475,-12.0,0.162,0.162,0.22,0.0,1.5,1.51
1788373119.349,driving,1.534,2.327,150.2,0,3,4,1.475,2.475,-12.6,0.159,0.159,0.22,0.0,1.5,1.51
1788373119.424,goal_approach,1.522,2.334,150.2,3,3,4,1.475,2.475,-41.7,0.149,0.149,0.0,-2.4,,1.5
1788373119.482,goal_approach,1.516,2.338,150.2,3,3,4,1.475,2.475,-43.7,0.143,0.143,0.0,-2.4,,1.5
1788373119.54,goal_approach,1.514,2.334,148.8,3,3,4,1.475,2.475,-43.2,0.146,0.146,0.0,-2.4,,1.48
1788373119.595,goal_approach,1.515,2.331,148.0,3,3,4,1.475,2.475,-42.7,0.15,0.15,0.0,-2.4,,1.48
1788373119.648,goal_approach,1.515,2.329,147.2,3,3,4,1.475,2.475,-42.0,0.151,0.151,0.0,-2.4,,1.48
1788373119.701,goal_approach,1.515,2.329,145.5,3,3,4,1.475,2.475,-40.3,0.151,0.151,0.0,-2.4,,1.48
1788373119.756,goal_approach,1.515,2.329,144.6,3,3,4,1.475,2.475,-39.5,0.151,0.151,0.0,-2.4,,1.48
1788373119.809,goal_approach,1.515,2.329,142.9,3,3,4,1.475,2.475,-37.7,0.151,0.151,0.0,-2.4,,1.48
1788373119.867,goal_approach,1.515,2.329,142.1,3,3,4,1.475,2.475,-36.9,0.151,0.151,0.0,-2.4,,1.48
1788373119.921,goal_approach,1.515,2.329,140.3,3,3,4,1.475,2.475,-35.2,0.151,0.151,0.0,-2.4,,1.48
1788373119.989,goal_approach,1.515,2.329,139.5,3,3,4,1.475,2.475,-34.3,0.151,0.151,0.0,-2.4,,1.47
1788373120.052,goal_approach,1.515,2.329,137.8,3,3,4,1.475,2.475,-32.6,0.151,0.151,0.0,-2.4,,1.47
1788373120.11,goal_approach,1.513,2.33,137.0,3,3,4,1.475,2.475,-32.4,0.15,0.15,0.0,-2.4,,1.47
1788373120.164,goal_approach,1.508,2.332,135.6,3,3,4,1.475,2.475,-32.5,0.147,0.147,0.0,-2.4,,1.47
1788373120.217,goal_approach,1.508,2.332,134.7,3,3,4,1.475,2.475,-31.9,0.146,0.146,0.0,-2.4,,1.47
1788373120.269,goal_approach,1.508,2.332,133.0,3,3,4,1.475,2.475,-30.1,0.146,0.146,0.0,-2.4,,1.47
1788373120.327,goal_approach,1.508,2.332,132.2,3,3,4,1.475,2.475,-29.3,0.146,0.146,0.0,-2.4,,1.48
1788373120.382,goal_approach,1.508,2.332,130.4,3,3,4,1.475,2.475,-27.6,0.146,0.146,0.0,-2.4,,1.48
1788373120.435,goal_approach,1.5,2.335,129.5,3,3,4,1.475,2.475,-29.3,0.142,0.142,0.0,-2.4,,1.48
1788373120.489,goal_approach,1.483,2.343,127.6,3,3,4,1.475,2.475,-34.0,0.133,0.133,0.0,-2.4,,1.48
1788373120.541,goal_approach,1.483,2.343,126.7,3,3,4,1.475,2.475,-33.3,0.132,0.132,0.0,-2.4,,1.49
1788373120.595,goal_approach,1.483,2.343,125.9,3,3,4,1.475,2.475,-32.4,0.132,0.132,0.0,-2.4,,1.49
1788373120.659,goal_approach,1.483,2.343,124.2,3,3,4,1.475,2.475,-30.7,0.132,0.132,0.0,-2.4,,1.51
1788373120.724,goal_approach,1.483,2.343,123.3,3,3,4,1.475,2.475,-29.9,0.132,0.132,0.0,-2.4,,1.51
1788373120.786,goal_approach,1.476,2.343,121.8,3,3,4,1.475,2.475,-31.3,0.132,0.132,0.0,-2.4,,1.52
1788373120.847,goal_approach,1.47,2.344,121.2,3,3,4,1.475,2.475,-33.4,0.132,0.132,0.0,-2.4,,1.52
1788373120.904,goal_approach,1.464,2.344,119.7,3,3,4,1.475,2.475,-34.3,0.132,0.132,0.0,-2.4,,1.54
1788373120.958,goal_approach,1.464,2.344,118.8,3,3,4,1.475,2.475,-33.4,0.132,0.132,0.0,-2.4,,1.54
1788373121.01,goal_approach,1.464,2.344,117.1,3,3,4,1.475,2.475,-31.7,0.132,0.132,0.0,-2.4,,1.56
1788373121.063,goal_approach,1.464,2.344,116.2,3,3,4,1.475,2.475,-30.8,0.132,0.132,0.0,-2.4,,1.56
1788373121.117,goal_approach,1.461,2.345,114.8,3,3,4,1.475,2.475,-30.9,0.131,0.131,0.0,-2.4,,1.59
1788373121.172,goal_approach,1.458,2.345,114.2,3,3,4,1.475,2.475,-31.5,0.131,0.131,0.0,-2.4,,1.59
1788373121.228,goal_approach,1.457,2.346,112.7,3,3,4,1.475,2.475,-30.8,0.131,0.131,0.0,-2.4,,1.62
1788373121.283,goal_approach,1.457,2.346,111.8,3,3,4,1.475,2.475,-29.9,0.131,0.131,0.0,-2.4,,1.62
1788373121.346,goal_approach,1.457,2.346,110.1,3,3,4,1.475,2.475,-28.2,0.131,0.131,0.0,-2.4,,1.65
1788373121.406,goal_approach,1.457,2.346,109.2,3,3,4,1.475,2.475,-27.3,0.131,0.131,0.0,-2.4,,1.65
1788373121.474,goal_approach,1.448,2.345,107.5,3,3,4,1.475,2.475,-29.2,0.133,0.133,0.0,-2.4,,1.69
1788373121.537,goal_approach,1.442,2.344,106.7,3,3,4,1.475,2.475,-30.8,0.135,0.135,0.0,-2.4,,1.69
1788373121.602,goal_approach,1.439,2.344,105.9,3,3,4,1.475,2.475,-31.3,0.136,0.136,0.0,-2.4,,1.74
1788373121.659,goal_approach,1.439,2.344,104.1,3,3,4,1.475,2.475,-29.5,0.136,0.136,0.0,-2.4,,1.74
1788373121.715,goal_approach,1.439,2.344,103.3,3,3,4,1.475,2.475,-28.7,0.136,0.136,0.0,-2.4,,1.79
1788373121.768,goal_approach,1.439,2.344,101.6,3,3,4,1.475,2.475,-27.0,0.136,0.136,0.0,-2.4,,1.79
1788373121.821,goal_approach,1.437,2.343,100.8,3,3,4,1.475,2.475,-26.7,0.137,0.137,0.0,-2.4,,1.85
1788373121.875,goal_approach,1.433,2.341,99.4,3,3,4,1.475,2.475,-26.8,0.141,0.141,0.0,-2.4,,1.85
1788373121.925,goal_approach,1.432,2.34,98.6,3,3,4,1.475,2.475,-26.3,0.141,0.141,0.0,-2.4,,1.92
1788373121.978,goal_approach,1.432,2.34,96.8,3,3,4,1.475,2.475,-24.6,0.141,0.141,0.0,-2.4,,1.92
1788373122.033,goal_approach,1.432,2.34,96.0,3,3,4,1.475,2.475,-23.7,0.141,0.141,0.0,-2.4,,1.99
1788373122.089,goal_approach,1.432,2.34,94.3,3,3,4,1.475,2.475,-22.0,0.141,0.141,0.0,-2.4,,1.99
1788373122.143,goal_approach,1.428,2.34,93.2,3,3,4,1.475,2.475,-22.3,0.143,0.143,0.0,-2.4,,2.0
1788373122.198,goal_approach,1.418,2.338,91.0,3,3,4,1.475,2.475,-23.5,0.149,0.149,0.0,-2.4,,2.0
1788373122.256,goal_approach,1.417,2.338,90.1,3,3,4,1.475,2.475,-22.9,0.149,0.149,0.0,-2.4,,2.0
1788373122.317,goal_approach,1.417,2.338,88.3,3,3,4,1.475,2.475,-21.2,0.149,0.149,0.0,-2.4,,2.0
1788373122.381,goal_approach,1.417,2.338,87.5,3,3,4,1.475,2.475,-20.4,0.149,0.149,0.0,-2.4,,2.0
1788373122.446,goal_approach,1.417,2.338,85.8,3,3,4,1.475,2.475,-18.6,0.149,0.149,0.0,-2.4,,2.0
1788373122.502,goal_approach,1.412,2.341,84.9,3,3,4,1.475,2.475,-20.3,0.148,0.148,0.0,-2.4,,1.99
1788373122.562,goal_approach,1.406,2.345,84.0,3,3,4,1.475,2.475,-22.0,0.147,0.147,0.0,-2.4,,1.99
1788373122.621,goal_approach,1.4,2.349,82.3,3,3,4,1.475,2.475,-23.0,0.147,0.147,0.0,-2.4,,1.99
1788373122.68,goal_approach,1.4,2.349,81.4,3,3,4,1.475,2.475,-22.2,0.147,0.147,0.0,-2.4,,1.99
1788373122.738,goal_approach,1.4,2.349,79.7,3,3,4,1.475,2.475,-20.4,0.147,0.147,0.0,-2.4,,1.99
1788373122.798,goal_approach,1.4,2.349,78.9,3,3,4,1.475,2.475,-19.6,0.147,0.147,0.0,-2.4,,1.99
1788373122.852,goal_approach,1.402,2.355,77.2,3,3,4,1.475,2.475,-18.4,0.141,0.141,0.0,-2.4,,1.99
1788373122.905,goal_approach,1.404,2.36,76.3,3,3,4,1.475,2.475,-18.0,0.135,0.135,0.0,-2.4,,1.99
1788373122.965,goal_approach,1.406,2.364,74.6,3,3,4,1.475,2.475,-16.7,0.131,0.131,0.0,-2.4,,1.99
1788373123.029,goal_approach,1.406,2.364,73.8,2,2,3,1.475,2.475,-15.8,0.131,0.131,0.0,-2.4,,1.99
1788373123.093,goal_approach,1.406,2.364,72.0,2,2,3,1.475,2.475,-14.1,0.131,0.131,0.0,-2.4,,1.99
1788373123.157,goal_approach,1.406,2.364,71.2,2,2,3,1.475,2.475,-13.2,0.131,0.131,0.0,-2.4,,1.99
1788373123.22,goal_approach,1.41,2.357,69.5,2,2,3,1.475,2.475,-8.5,0.134,0.134,0.0,-2.4,,1.99
1788373123.277,goal_approach,1.413,2.352,68.7,2,2,3,1.475,2.475,-5.5,0.137,0.137,0.0,-2.4,,1.99
1788373123.336,goal_approach,1.415,2.349,67.0,2,2,3,1.475,2.475,-2.4,0.139,0.139,0.22,0.0,,1.98
1788373123.391,goal_approach,1.415,2.349,66.1,2,2,3,1.475,2.475,-1.5,0.139,0.139,0.22,0.0,,1.98
1788373123.446,goal_approach,1.416,2.352,65.9,2,2,3,1.475,2.475,-1.4,0.137,0.137,0.22,0.0,,1.98
1788373123.503,goal_approach,1.418,2.355,65.9,2,2,3,1.475,2.475,-1.4,0.133,0.133,0.22,0.0,,1.98
1788373123.555,goal_approach,1.419,2.362,65.9,2,2,3,1.475,2.475,-2.1,0.126,0.126,0.22,0.0,,1.97
1788373123.607,goal_approach,1.421,2.382,65.7,2,2,3,1.475,2.475,-5.7,0.107,0.107,0.22,0.0,,1.97
1788373123.664,goal_approach,1.423,2.39,65.7,2,2,3,1.475,2.475,-7.0,0.099,0.099,0.22,0.0,,1.95
1788373123.719,goal_approach,1.43,2.404,65.7,2,2,3,1.475,2.475,-8.3,0.084,0.084,0.22,0.0,,1.95
1788373123.777,goal_approach,1.433,2.411,65.7,2,2,3,1.475,2.475,-9.1,0.077,0.077,0.22,0.0,,1.93
1788373123.84,goal_approach,1.439,2.424,65.7,2,2,3,1.475,2.475,-11.2,0.062,0.062,0.22,0.0,,1.93
1788373123.904,goal_turn,1.441,2.432,65.8,2,2,3,1.475,2.475,170.8,0.0,0.054,0.0,4.5,,1.91
1788373123.961,goal_turn,1.443,2.444,68.6,2,2,3,1.475,2.475,168.0,0.0,0.045,0.0,4.5,,1.91
1788373124.018,goal_turn,1.443,2.444,71.9,2,2,3,1.475,2.475,164.7,0.0,0.045,0.0,4.5,,1.89
1788373124.077,goal_turn,1.443,2.444,78.4,1,1,2,1.475,2.475,158.1,0.0,0.045,0.0,4.5,,1.89
1788373124.13,goal_turn,1.443,2.444,81.7,1,1,2,1.475,2.475,154.9,0.0,0.045,0.0,4.5,,1.9
1788373124.188,goal_turn,1.443,2.444,88.2,1,1,2,1.475,2.475,148.3,0.0,0.045,0.0,4.5,,1.9
1788373124.244,goal_turn,1.443,2.444,91.5,1,1,2,1.475,2.475,145.1,0.0,0.045,0.0,4.5,,1.9
1788373124.3,goal_turn,1.443,2.444,98.0,1,1,2,1.475,2.475,138.5,0.0,0.045,0.0,4.5,,1.9
1788373124.355,goal_turn,1.443,2.444,101.3,1,1,2,1.475,2.475,135.2,0.0,0.045,0.0,4.5,,1.91
1788373124.41,goal_turn,1.443,2.444,107.9,1,1,2,1.475,2.475,128.7,0.0,0.045,0.0,4.5,,1.91
1788373124.467,goal_turn,1.443,2.444,111.1,1,1,2,1.475,2.475,125.4,0.0,0.045,0.0,4.5,,1.76
1788373124.52,goal_turn,1.443,2.444,114.4,1,1,2,1.475,2.475,122.1,0.0,0.045,0.0,4.5,,1.76
1788373124.577,goal_turn,1.443,2.448,120.7,1,1,2,1.475,2.475,115.8,0.0,0.042,0.0,4.5,,1.6
1788373124.633,goal_turn,1.443,2.451,123.7,1,1,2,1.475,2.475,112.8,0.0,0.04,0.0,4.5,,1.6
1788373124.696,goal_turn,1.44,2.455,130.1,1,1,2,1.475,2.475,106.5,0.0,0.04,0.0,4.5,,1.51
1788373124.76,goal_turn,1.438,2.455,133.4,1,1,2,1.475,2.475,103.1,0.0,0.042,0.0,4.5,,1.51
1788373124.821,goal_turn,1.436,2.456,140.0,1,1,2,1.475,2.475,96.6,0.0,0.043,0.0,4.5,,1.47
1788373124.876,goal_turn,1.437,2.457,143.3,1,1,2,1.475,2.475,93.3,0.0,0.042,0.0,4.5,,1.47
1788373124.928,goal_turn,1.436,2.463,149.9,1,1,2,1.475,2.475,86.7,0.0,0.04,0.0,4.5,,1.47
1788373124.984,goal_turn,1.436,2.467,153.2,1,1,2,1.475,2.475,83.4,0.0,0.04,0.0,4.365,,1.47
1788373125.04,goal_turn,1.437,2.473,159.4,1,1,2,1.475,2.475,77.2,0.0,0.038,0.0,4.041,,1.47
1788373125.1,goal_turn,1.438,2.475,162.3,1,1,2,1.475,2.475,74.3,0.0,0.037,0.0,3.891,,1.47
1788373125.158,goal_turn,1.439,2.472,166.9,1,1,2,1.475,2.475,69.6,0.0,0.037,0.0,3.645,,1.47
1788373125.211,goal_turn,1.439,2.469,169.0,1,1,2,1.475,2.475,67.5,0.0,0.037,0.0,3.535,,1.47
1788373125.266,goal_turn,1.433,2.463,173.5,1,1,2,1.475,2.475,63.0,0.0,0.043,0.0,3.3,,1.47
1788373125.323,goal_turn,1.429,2.461,175.9,1,1,2,1.475,2.475,60.6,0.0,0.048,0.0,3.176,,1.47
1788373125.383,goal_turn,1.426,2.457,179.9,1,1,2,1.475,2.475,56.7,0.0,0.053,0.0,2.969,,1.47
1788373125.446,goal_turn,1.425,2.455,-178.3,1,1,2,1.475,2.475,54.9,0.0,0.054,0.0,2.874,,1.47
1788373125.512,goal_turn,1.427,2.452,-176.7,1,1,2,1.475,2.475,53.3,0.0,0.054,0.0,2.79,,1.48
1788373125.57,goal_turn,1.436,2.446,-173.8,1,1,2,1.475,2.475,50.4,0.0,0.048,0.0,2.637,,1.48
1788373125.625,goal_turn,1.439,2.443,-172.5,1,1,2,1.475,2.475,49.0,0.0,0.048,0.0,2.567,,1.48
1788373125.681,goal_turn,1.442,2.438,-170.2,1,1,2,1.475,2.475,46.7,0.0,0.049,0.0,2.446,,1.48
1788373125.738,goal_turn,1.441,2.436,-169.3,1,1,2,1.475,2.475,45.9,0.0,0.052,0.0,2.401,,1.48
1788373125.79,goal_turn,1.435,2.43,-168.1,1,1,2,1.475,2.475,44.7,0.0,0.06,0.0,2.4,,1.48
1788373125.846,goal_turn,1.433,2.425,-167.6,1,1,2,1.475,2.475,44.2,0.0,0.065,0.0,2.4,,1.49
1788373125.901,goal_turn,1.427,2.413,-166.5,1,1,2,1.475,2.475,43.1,0.0,0.078,0.0,2.4,,1.49
1788373125.958,goal_turn,1.426,2.411,-165.8,1,1,2,1.475,2.475,42.4,0.0,0.08,0.0,2.4,,1.49
1788373126.017,goal_turn,1.426,2.411,-164.2,1,1,2,1.475,2.475,40.7,0.0,0.08,0.0,2.4,,1.49
1788373126.074,goal_turn,1.422,2.408,-163.3,1,1,2,1.475,2.475,39.9,0.0,0.086,0.0,2.4,,1.49
1788373126.137,goal_approach,1.409,2.399,-161.6,1,1,2,1.475,2.475,-149.4,0.101,0.101,0.0,-4.5,,1.49
1788373126.199,goal_approach,1.408,2.398,-160.7,1,1,2,1.475,2.475,-150.4,0.102,0.102,0.0,-4.5,,1.49
1788373126.257,goal_approach,1.408,2.398,-166.9,1,1,2,1.475,2.475,-144.3,0.102,0.102,0.0,-4.5,,1.49
1788373126.316,goal_approach,1.408,2.39,-170.1,1,1,2,1.475,2.475,-138.2,0.108,0.108,0.0,-4.5,,1.5
1788373126.373,goal_approach,1.408,2.372,-176.6,1,1,2,1.475,2.475,-126.6,0.123,0.123,0.0,-4.5,,1.5
1788373126.428,goal_approach,1.408,2.372,180.0,1,1,2,1.475,2.475,-123.0,0.123,0.123,0.0,-4.5,,1.49
1788373126.481,goal_approach,1.408,2.372,176.5,1,1,2,1.475,2.475,-119.6,0.123,0.123,0.0,-4.5,,1.49
1788373126.534,goal_approach,1.408,2.372,169.7,1,1,2,1.475,2.475,-112.7,0.123,0.123,0.0,-4.5,,1.49
1788373126.585,goal_approach,1.408,2.372,166.2,1,1,2,1.475,2.475,-109.3,0.123,0.123,0.0,-4.5,,1.49
1788373126.64,goal_approach,1.407,2.372,159.2,1,1,2,1.475,2.475,-102.8,0.123,0.123,0.0,-4.5,,1.48
1788373126.695,goal_approach,1.406,2.373,155.7,1,1,2,1.475,2.475,-99.7,0.123,0.123,0.0,-4.5,,1.48
1788373126.753,goal_approach,1.414,2.364,149.2,1,1,2,1.475,2.475,-87.8,0.126,0.126,0.0,-4.5,,1.47
1788373126.809,goal_approach,1.422,2.356,146.2,1,1,2,1.475,2.475,-79.9,0.13,0.13,0.0,-4.186,,1.47
1788373126.864,goal_approach,1.429,2.348,140.0,1,1,2,1.475,2.475,-69.8,0.135,0.135,0.0,-3.655,,1.46
1788373126.919,goal_approach,1.429,2.347,137.0,1,1,2,1.475,2.475,-66.6,0.136,0.136,0.0,-3.487,,1.46
1788373126.982,goal_approach,1.423,2.347,132.3,1,1,2,1.475,2.475,-64.2,0.138,0.138,0.0,-3.363,,1.45
1788373127.039,goal_approach,1.419,2.348,130.1,1,1,2,1.475,2.475,-64.0,0.139,0.139,0.0,-3.351,,1.45
1788373127.099,goal_approach,1.416,2.35,126.2,1,1,2,1.475,2.475,-61.4,0.138,0.138,0.0,-3.214,,1.46
1788373127.154,goal_approach,1.417,2.351,124.3,3,3,4,1.475,2.475,-59.5,0.137,0.137,0.0,-3.115,,1.46
1788373127.206,goal_approach,1.42,2.352,120.6,3,3,4,1.475,2.475,-54.6,0.135,0.135,0.0,-2.861,,1.48
1788373127.26,goal_approach,1.422,2.352,118.7,3,3,4,1.475,2.475,-52.0,0.134,0.134,0.0,-2.72,,1.48
1788373127.318,goal_approach,1.419,2.344,115.8,3,3,4,1.475,2.475,-48.8,0.142,0.142,0.0,-2.554,,1.51
1788373127.375,goal_approach,1.417,2.338,114.5,3,3,4,1.475,2.475,-47.6,0.148,0.148,0.0,-2.495,,1.51
1788373127.432,goal_approach,1.417,2.336,113.6,3,3,4,1.475,2.475,-46.4,0.151,0.151,0.0,-2.428,,1.54
1788373127.49,goal_approach,1.422,2.337,112.5,3,3,4,1.475,2.475,-43.4,0.148,0.148,0.0,-2.4,,1.54
1788373127.548,goal_approach,1.421,2.338,111.6,3,3,4,1.475,2.475,-43.2,0.147,0.147,0.0,-2.4,,1.57
1788373127.605,goal_approach,1.41,2.341,109.2,3,3,4,1.475,2.475,-45.2,0.149,0.149,0.0,-2.4,,1.57
1788373127.659,goal_approach,1.412,2.339,108.2,3,3,4,1.475,2.475,-43.0,0.149,0.149,0.0,-2.4,,1.6
1788373127.717,goal_approach,1.429,2.33,106.7,3,3,4,1.475,2.475,-34.3,0.152,0.152,0.0,-2.4,,1.6
1788373127.783,goal_approach,1.432,2.328,105.9,3,3,4,1.475,2.475,-32.2,0.153,0.153,0.0,-2.4,,1.63
1788373127.843,goal_approach,1.432,2.328,104.2,3,3,4,1.475,2.475,-30.5,0.153,0.153,0.0,-2.4,,1.63
1788373127.905,goal_approach,1.428,2.335,103.4,3,3,4,1.475,2.475,-31.9,0.147,0.147,0.0,-2.4,,1.67
1788373127.962,goal_approach,1.417,2.355,101.8,3,3,4,1.475,2.475,-37.6,0.133,0.133,0.0,-2.4,,1.67
1788373128.017,goal_approach,1.416,2.358,101.0,3,3,4,1.475,2.475,-37.7,0.131,0.131,0.0,-2.4,,1.72
1788373128.069,goal_approach,1.416,2.358,99.3,3,3,4,1.475,2.475,-36.0,0.131,0.131,0.0,-2.4,,1.72
1788373128.123,goal_approach,1.416,2.358,98.4,3,3,4,1.475,2.475,-35.1,0.131,0.131,0.0,-2.4,,1.77
1788373128.177,goal_approach,1.416,2.358,96.7,2,2,3,1.475,2.475,-33.4,0.131,0.131,0.0,-2.4,,1.77
1788373128.232,goal_approach,1.416,2.354,96.0,2,2,3,1.475,2.475,-32.2,0.134,0.134,0.0,-2.4,,1.83
1788373128.289,goal_approach,1.415,2.348,94.5,2,2,3,1.475,2.475,-29.7,0.141,0.141,0.0,-2.4,,1.83
1788373128.289,goal_approach,1.415,2.348,94.5,2,2,3,1.475,2.475,-29.7,0.141,0.141,0.0,-2.4,,1.83
1788373128.399,goal_approach,1.415,2.347,92.8,2,2,3,1.475,2.475,-27.9,0.141,0.141,0.0,-2.4,,1.9
1788373128.456,goal_approach,1.415,2.347,91.1,2,2,3,1.475,2.475,-26.2,0.141,0.141,0.0,-2.4,,1.98
1788373128.516,goal_approach,1.415,2.347,90.2,2,2,3,1.475,2.475,-25.3,0.141,0.141,0.0,-2.4,,1.98
1788373128.579,goal_approach,1.413,2.344,88.4,2,2,3,1.475,2.475,-23.9,0.145,0.145,0.0,-2.4,,2.07
1788373128.64,goal_approach,1.411,2.342,87.5,2,2,3,1.475,2.475,-23.3,0.148,0.148,0.0,-2.4,,2.07
1788373128.698,goal_approach,1.409,2.339,85.8,2,2,3,1.475,2.475,-21.8,0.151,0.151,0.0,-2.4,,2.09
1788373128.755,goal_approach,1.409,2.339,84.9,2,2,3,1.475,2.475,-20.9,0.151,0.151,0.0,-2.4,,2.09
1788373128.813,goal_approach,1.409,2.339,83.2,2,2,3,1.475,2.475,-19.2,0.151,0.151,0.0,-2.4,,2.09
1788373128.867,goal_approach,1.409,2.339,82.3,2,2,3,1.475,2.475,-18.4,0.151,0.151,0.0,-2.4,,2.09
1788373128.921,goal_approach,1.403,2.349,80.7,2,2,3,1.475,2.475,-20.3,0.145,0.145,0.0,-2.4,,2.09
1788373128.971,goal_approach,1.398,2.356,79.9,2,2,3,1.475,2.475,-22.7,0.142,0.142,0.0,-2.4,,2.09
1788373129.025,goal_approach,1.395,2.361,78.2,2,2,3,1.475,2.475,-23.3,0.139,0.139,0.0,-2.4,,2.09
1788373129.077,goal_approach,1.395,2.361,77.4,2,2,3,1.475,2.475,-22.5,0.139,0.139,0.0,-2.4,,2.09
1788373129.129,goal_approach,1.395,2.361,75.6,2,2,3,1.475,2.475,-20.7,0.139,0.139,0.0,-2.4,,2.08
1788373129.181,goal_approach,1.395,2.361,74.8,2,2,3,1.475,2.475,-19.9,0.139,0.139,0.0,-2.4,,2.08
1788373129.235,goal_approach,1.391,2.36,72.7,2,2,3,1.475,2.475,-19.0,0.143,0.143,0.0,-2.4,,2.08
1788373129.297,goal_approach,1.387,2.359,71.6,2,2,3,1.475,2.475,-18.6,0.146,0.146,0.0,-2.4,,2.08
1788373129.363,goal_approach,1.386,2.358,70.7,2,2,3,1.475,2.475,-18.1,0.147,0.147,0.0,-2.4,,2.08
1788373129.428,goal_approach,1.386,2.358,68.9,2,2,3,1.475,2.475,-16.3,0.147,0.147,0.0,-2.4,,2.08
1788373129.49,goal_approach,1.386,2.358,68.1,2,2,3,1.475,2.475,-15.5,0.147,0.147,0.0,-2.4,,2.07
1788373129.545,goal_approach,1.386,2.358,66.4,2,2,3,1.475,2.475,-13.8,0.147,0.147,0.0,-2.4,,2.07
1788373129.603,goal_approach,1.382,2.36,65.4,2,2,3,1.475,2.475,-14.3,0.148,0.148,0.0,-2.4,,2.07
1788373129.659,goal_approach,1.372,2.366,63.5,2,2,3,1.475,2.475,-17.1,0.15,0.15,0.0,-2.4,,2.07
1788373129.719,goal_approach,1.37,2.368,62.5,2,2,3,1.475,2.475,-17.0,0.151,0.151,0.0,-2.4,,2.07
1788373129.776,goal_approach,1.37,2.368,60.8,2,2,3,1.475,2.475,-15.3,0.151,0.151,0.0,-2.4,,2.07
1788373129.83,goal_approach,1.37,2.368,60.0,2,2,3,1.475,2.475,-14.4,0.151,0.151,0.0,-2.4,,2.06
1788373129.888,goal_approach,1.37,2.368,58.3,2,2,3,1.475,2.475,-12.7,0.151,0.151,0.0,-2.4,,2.06
1788373129.945,goal_approach,1.368,2.367,57.4,2,2,3,1.475,2.475,-12.2,0.152,0.152,0.0,-2.4,,2.06
1788373130.0,goal_approach,1.364,2.366,55.8,2,2,3,1.475,2.475,-11.4,0.155,0.155,0.0,-2.4,,2.06
1788373130.056,goal_approach,1.364,2.366,54.9,2,2,3,1.475,2.475,-10.6,0.156,0.156,0.0,-2.4,,2.05
1788373130.119,goal_approach,1.364,2.366,53.2,2,2,3,1.475,2.475,-8.9,0.156,0.156,0.0,-2.4,,2.05
1788373130.176,goal_approach,1.364,2.366,52.4,2,2,3,1.475,2.475,-8.1,0.156,0.156,0.0,-2.4,,2.05
1788373130.234,goal_approach,1.364,2.366,50.6,2,2,3,1.475,2.475,-6.3,0.156,0.156,0.0,-2.4,,2.05
1788373130.292,goal_approach,1.361,2.365,49.7,2,2,3,1.475,2.475,-5.6,0.159,0.159,0.0,-2.4,,2.04
1788373130.347,goal_approach,1.359,2.363,48.8,2,2,3,1.475,2.475,-4.8,0.162,0.162,0.0,-2.4,,2.04
1788373130.404,goal_approach,1.356,2.361,47.0,2,2,3,1.475,2.475,-3.2,0.165,0.165,0.0,-2.4,,2.04
1788373130.458,goal_approach,1.356,2.361,46.2,2,2,3,1.475,2.475,-2.3,0.165,0.165,0.22,0.0,,2.04
1788373130.514,goal_approach,1.356,2.361,45.1,2,2,3,1.475,2.475,-1.3,0.164,0.164,0.22,0.0,,2.03
1788373130.571,goal_approach,1.358,2.363,45.1,2,2,3,1.475,2.475,-1.3,0.162,0.162,0.22,0.0,,2.03
1788373130.623,goal_approach,1.361,2.369,45.3,2,2,3,1.475,2.475,-2.5,0.155,0.155,0.22,0.0,,2.03
1788373130.676,goal_approach,1.363,2.374,45.5,2,2,3,1.475,2.475,-3.6,0.151,0.151,0.22,0.0,,2.03
1788373130.729,goal_approach,1.37,2.385,45.6,2,2,3,1.475,2.475,-4.9,0.138,0.138,0.22,0.0,,2.01
1788373130.782,goal_approach,1.375,2.39,45.6,2,2,3,1.475,2.475,-5.1,0.131,0.131,0.22,0.0,,2.01
1788373130.839,goal_approach,1.386,2.401,45.6,2,2,3,1.475,2.475,-5.8,0.116,0.116,0.22,0.0,,2.0
1788373130.901,goal_approach,1.391,2.406,45.6,2,2,3,1.475,2.475,-6.2,0.109,0.109,0.22,0.0,,2.0
1788373130.961,goal_approach,1.401,2.406,45.8,2,2,3,1.475,2.475,-2.8,0.102,0.102,0.22,0.0,,1.98
1788373131.02,goal_approach,1.405,2.403,45.9,2,2,3,1.475,2.475,0.1,0.101,0.101,0.22,0.0,,1.98
1788373131.077,goal_approach,1.415,2.408,46.0,2,2,3,1.475,2.475,2.2,0.09,0.09,0.22,0.0,,1.96
1788373131.129,goal_approach,1.42,2.413,46.0,2,2,3,1.475,2.475,2.4,0.082,0.082,0.22,0.0,,1.96
1788373131.184,goal_approach,1.431,2.424,46.0,2,2,3,1.475,2.475,2.9,0.068,0.068,0.22,0.0,,1.95
1788373131.237,goal_approach,1.436,2.429,46.0,1,1,2,1.475,2.475,3.3,0.06,0.06,0.22,0.0,,1.95
1788373131.289,goal_turn,1.441,2.435,46.0,1,1,2,1.475,2.475,-169.5,0.0,0.053,0.0,-4.5,,1.93
1788373131.344,goal_turn,1.448,2.442,43.7,1,1,2,1.475,2.475,-167.1,0.0,0.043,0.0,-4.5,,1.93
1788373131.399,goal_turn,1.448,2.442,40.3,1,1,2,1.475,2.475,-163.7,0.0,0.043,0.0,-4.5,,1.92
1788373131.452,goal_turn,1.448,2.442,33.4,1,1,2,1.475,2.475,-156.8,0.0,0.043,0.0,-4.5,,1.92
1788373131.505,goal_turn,1.448,2.442,30.0,1,1,2,1.475,2.475,-153.4,0.0,0.043,0.0,-4.5,,1.97
1788373131.558,goal_turn,1.448,2.442,23.1,1,1,2,1.475,2.475,-146.5,0.0,0.043,0.0,-4.5,,1.97
1788373131.616,goal_turn,1.448,2.442,19.6,1,1,2,1.475,2.475,-143.1,0.0,0.043,0.0,-4.5,,2.54
1788373131.674,goal_turn,1.448,2.442,12.8,1,1,2,1.475,2.475,-136.2,0.0,0.043,0.0,-4.5,,2.54
1788373131.734,goal_turn,1.447,2.44,9.4,1,1,2,1.475,2.475,-132.8,0.0,0.045,0.0,-4.5,,2.53
1788373131.795,goal_turn,1.443,2.434,2.6,1,1,2,1.475,2.475,-126.0,0.0,0.052,0.0,-4.5,,2.53
1788373131.851,goal_turn,1.443,2.433,-0.8,1,1,2,1.475,2.475,-122.6,0.0,0.053,0.0,-4.5,,2.68
1788373131.902,goal_turn,1.443,2.433,-7.7,1,1,2,1.475,2.475,-115.7,0.0,0.053,0.0,-4.5,,2.68
1788373131.955,goal_turn,1.442,2.432,-10.8,1,1,2,1.475,2.475,-112.6,0.0,0.055,0.0,-4.5,,3.11
1788373132.009,goal_turn,1.439,2.429,-17.0,1,1,2,1.475,2.475,-106.4,0.0,0.059,0.0,-4.5,,3.11
1788373132.064,goal_turn,1.435,2.43,-20.2,1,1,2,1.475,2.475,-103.2,0.0,0.061,0.0,-4.5,,2.95
1788373132.115,goal_turn,1.425,2.433,-26.7,1,1,2,1.475,2.475,-96.7,0.0,0.066,0.0,-4.5,,2.95
1788373132.172,goal_turn,1.421,2.437,-30.1,1,1,2,1.475,2.475,-93.4,0.0,0.066,0.0,-4.5,,2.67
1788373132.227,goal_turn,1.417,2.441,-33.4,1,1,2,1.475,2.475,-90.1,0.0,0.067,0.0,-4.5,,2.67
1788373132.282,goal_turn,1.407,2.454,-39.9,1,1,2,1.475,2.475,-83.5,0.0,0.071,0.0,-4.375,,2.51
1788373132.335,goal_turn,1.401,2.463,-43.1,1,1,2,1.475,2.475,-80.4,0.0,0.075,0.0,-4.208,,2.51
1788373132.394,goal_turn,1.391,2.472,-49.3,1,1,2,1.475,2.475,-74.1,0.0,0.084,0.0,-3.881,,2.44
1788373132.45,goal_turn,1.387,2.473,-52.5,1,1,2,1.475,2.475,-71.0,0.0,0.088,0.0,-3.717,,2.44
1788373132.51,goal_turn,1.382,2.473,-57.7,1,1,2,1.475,2.475,-65.7,0.0,0.093,0.0,-3.44,,2.43
1788373132.57,goal_turn,1.381,2.472,-60.1,1,1,2,1.475,2.475,-63.3,0.0,0.095,0.0,-3.314,,2.43
1788373132.628,goal_turn,1.377,2.471,-64.3,1,1,2,1.475,2.475,-59.2,0.0,0.098,0.0,-3.098,,2.43
1788373132.684,goal_approach,1.375,2.472,-66.3,1,1,2,1.475,2.475,68.1,0.1,0.1,0.0,3.567,,2.43
1788373132.737,goal_approach,1.371,2.468,-66.3,1,1,2,1.475,2.475,70.3,0.104,0.104,0.0,3.683,,2.44
1788373132.793,goal_approach,1.37,2.464,-64.2,1,1,2,1.475,2.475,70.1,0.106,0.106,0.0,3.67,,2.44
1788373132.846,goal_approach,1.356,2.469,-59.8,1,1,2,1.475,2.475,62.4,0.12,0.12,0.0,3.268,,2.44
1788373132.897,goal_approach,1.345,2.476,-57.6,1,1,2,1.475,2.475,57.3,0.13,0.13,0.0,3.002,,2.44
1788373132.95,goal_approach,1.341,2.481,-54.1,1,1,2,1.475,2.475,51.5,0.135,0.135,0.0,2.699,,2.45
1788373133.004,goal_approach,1.342,2.482,-52.6,1,1,2,1.475,2.475,49.5,0.133,0.133,0.0,2.591,,2.45
1788373133.059,goal_approach,1.339,2.489,-50.5,1,1,2,1.475,2.475,44.8,0.137,0.137,0.0,2.4,,2.46
1788373133.109,goal_approach,1.336,2.493,-49.7,1,1,2,1.475,2.475,42.4,0.14,0.14,0.0,2.4,,2.46
1788373133.167,goal_approach,1.334,2.495,-48.9,1,1,2,1.475,2.475,40.9,0.142,0.142,0.0,2.4,,2.46
1788373133.224,goal_approach,1.334,2.495,-47.2,1,1,2,1.475,2.475,39.2,0.142,0.142,0.0,2.4,,2.46
1788373133.291,goal_approach,1.334,2.495,-46.4,3,3,4,1.475,2.475,38.4,0.142,0.142,0.0,2.4,,2.47
1788373133.35,goal_approach,1.334,2.495,-44.8,3,3,4,1.475,2.475,36.8,0.142,0.142,0.0,2.4,,2.47
1788373133.41,goal_approach,1.334,2.493,-44.3,3,3,4,1.475,2.475,37.0,0.142,0.142,0.0,2.4,,2.48
1788373133.466,goal_approach,1.334,2.487,-43.7,3,3,4,1.475,2.475,38.9,0.141,0.141,0.0,2.4,,2.48
1788373133.524,goal_approach,1.334,2.486,-43.1,3,3,4,1.475,2.475,38.8,0.141,0.141,0.0,2.4,,2.5
1788373133.58,goal_approach,1.334,2.486,-41.5,3,3,4,1.475,2.475,37.2,0.141,0.141,0.0,2.4,,2.5
1788373133.632,goal_approach,1.332,2.489,-40.7,3,3,4,1.475,2.475,35.0,0.144,0.144,0.0,2.4,,2.52
1788373133.684,goal_approach,1.325,2.5,-39.4,3,3,4,1.475,2.475,29.9,0.152,0.152,0.0,2.4,,2.52
1788373133.738,goal_approach,1.324,2.501,-38.6,3,3,4,1.475,2.475,28.7,0.153,0.153,0.0,2.4,,2.55
1788373133.79,goal_approach,1.324,2.501,-37.0,3,3,4,1.475,2.475,27.0,0.153,0.153,0.0,2.4,,2.55
1788373133.843,goal_approach,1.324,2.501,-36.2,3,3,4,1.475,2.475,26.2,0.153,0.153,0.0,2.4,,2.59
1788373133.899,goal_approach,1.324,2.501,-34.5,3,3,4,1.475,2.475,24.6,0.153,0.153,0.0,2.4,,2.59
1788373133.955,goal_approach,1.328,2.504,-33.7,3,3,4,1.475,2.475,22.4,0.15,0.15,0.0,2.4,,2.62
1788373134.017,goal_approach,1.338,2.51,-32.0,3,3,4,1.475,2.475,17.5,0.141,0.141,0.0,2.4,,2.62
1788373134.082,goal_approach,1.339,2.51,-31.2,3,3,4,1.475,2.475,16.6,0.141,0.141,0.0,2.4,,2.67
1788373134.143,goal_approach,1.339,2.51,-30.3,3,3,4,1.475,2.475,15.7,0.141,0.141,0.0,2.4,,2.67
1788373134.208,goal_approach,1.339,2.51,-28.7,3,3,4,1.475,2.475,14.1,0.141,0.141,0.0,2.4,,2.72
1788373134.265,goal_approach,1.339,2.51,-27.9,3,3,4,1.475,2.475,13.3,0.141,0.141,0.0,2.4,,2.72
1788373134.32,goal_approach,1.34,2.515,-26.5,3,3,4,1.475,2.475,9.8,0.141,0.141,0.0,2.4,,2.77
1788373134.375,goal_approach,1.341,2.52,-25.9,3,3,4,1.475,2.475,7.2,0.141,0.141,0.0,2.4,,2.77
1788373134.431,goal_approach,1.342,2.524,-24.4,3,3,4,1.475,2.475,4.1,0.142,0.142,0.0,2.4,,2.84
1788373134.485,goal_approach,1.342,2.524,-23.6,3,3,4,1.475,2.475,3.3,0.142,0.142,0.0,2.4,,2.84
1788373134.539,goal_approach,1.342,2.524,-22.0,3,3,4,1.475,2.475,1.6,0.142,0.142,0.22,0.0,,2.91
1788373134.596,goal_approach,1.342,2.524,-21.1,3,3,4,1.475,2.475,0.8,0.142,0.142,0.22,0.0,,2.91
1788373134.652,goal_approach,1.342,2.528,-20.7,3,3,4,1.475,2.475,-1.3,0.143,0.143,0.22,0.0,,2.98
1788373134.709,goal_approach,1.344,2.531,-20.4,3,3,4,1.475,2.475,-2.8,0.142,0.142,0.22,0.0,,2.98
1788373134.77,goal_approach,1.355,2.53,-20.2,3,3,4,1.475,2.475,-4.2,0.132,0.132,0.22,0.0,,2.98
1788373134.826,goal_approach,1.362,2.527,-20.2,3,3,4,1.475,2.475,-4.5,0.124,0.124,0.22,0.0,,2.98
1788373134.884,goal_approach,1.376,2.522,-20.2,3,3,4,1.475,2.475,-5.1,0.109,0.109,0.22,0.0,,2.97
1788373134.939,goal_approach,1.383,2.519,-20.2,3,3,4,1.475,2.475,-5.5,0.102,0.102,0.22,0.0,,2.97
1788373135.0,goal_approach,1.402,2.524,-20.1,3,3,4,1.475,2.475,-13.8,0.088,0.088,0.22,0.0,,2.96
1788373135.054,goal_approach,1.412,2.529,-20.0,3,3,4,1.475,2.475,-20.5,0.082,0.082,0.0,-2.4,,2.96
1788373135.107,goal_approach,1.421,2.53,-20.0,3,3,4,1.475,2.475,-25.5,0.077,0.077,0.0,-2.4,,2.95
1788373135.16,goal_approach,1.422,2.53,-21.6,3,3,4,1.475,2.475,-24.1,0.076,0.076,0.0,-2.4,,2.95
1788373135.215,goal_approach,1.422,2.53,-22.5,3,3,4,1.475,2.475,-23.2,0.076,0.076,0.0,-2.4,,2.91
1788373135.267,goal_approach,1.422,2.53,-24.2,3,3,4,1.475,2.475,-21.5,0.076,0.076,0.0,-2.4,,2.91
1788373135.327,goal_approach,1.422,2.53,-25.0,3,3,4,1.475,2.475,-20.6,0.076,0.076,0.0,-2.4,,2.84
1788373135.383,goal_approach,1.422,2.53,-26.8,3,3,4,1.475,2.475,-18.9,0.076,0.076,0.0,-2.4,,2.84
1788373135.44,goal_approach,1.422,2.53,-27.6,3,3,4,1.475,2.475,-18.0,0.076,0.076,0.0,-2.4,,2.78
1788373135.496,goal_approach,1.422,2.53,-29.3,3,3,4,1.475,2.475,-16.3,0.076,0.076,0.0,-2.4,,2.78
1788373135.558,goal_approach,1.422,2.53,-30.2,3,3,4,1.475,2.475,-15.5,0.076,0.076,0.0,-2.4,,2.72
1788373135.622,goal_approach,1.422,2.53,-31.9,3,3,4,1.475,2.475,-13.7,0.076,0.076,0.0,-2.4,,2.72
1788373135.692,goal_approach,1.422,2.53,-32.8,1,1,2,1.475,2.475,-12.9,0.076,0.076,0.0,-2.4,,2.68
1788373135.757,goal_approach,1.422,2.53,-34.5,1,1,2,1.475,2.475,-11.2,0.076,0.076,0.0,-2.4,,2.68
1788373135.816,goal_approach,1.422,2.53,-35.4,1,1,2,1.475,2.475,-10.3,0.076,0.076,0.0,-2.4,,2.64
1788373135.872,goal_approach,1.422,2.53,-37.1,1,1,2,1.475,2.475,-8.6,0.076,0.076,0.0,-2.4,,2.64
1788373135.93,goal_approach,1.422,2.53,-37.9,1,1,2,1.475,2.475,-7.7,0.076,0.076,0.0,-2.4,,2.6
1788373135.986,goal_approach,1.422,2.53,-39.7,1,1,2,1.475,2.475,-6.0,0.076,0.076,0.0,-2.4,,2.6
1788373136.043,goal_approach,1.422,2.528,-40.5,1,1,2,1.475,2.475,-4.8,0.075,0.075,0.0,-2.4,,2.57
1788373136.1,goal_approach,1.423,2.527,-41.3,1,1,2,1.475,2.475,-3.5,0.074,0.074,0.0,-2.4,,2.57
1788373136.155,goal_approach,1.423,2.525,-42.9,1,1,2,1.475,2.475,-1.4,0.072,0.072,0.22,0.0,,2.55
1788373136.209,goal_approach,1.423,2.525,-43.8,1,1,2,1.475,2.475,-0.6,0.072,0.072,0.22,0.0,,2.55
1788373136.263,goal_approach,1.426,2.523,-43.9,1,1,2,1.475,2.475,-0.5,0.069,0.069,0.22,0.0,,2.54
1788373136.322,goal_approach,1.429,2.52,-43.9,1,1,2,1.475,2.475,-0.5,0.065,0.065,0.22,0.0,,2.54
1788373136.387,goal_turn,1.446,2.512,-44.1,1,1,2,1.475,2.475,-79.3,0.0,0.047,0.0,-4.154,,2.53
1788373136.453,goal_turn,1.458,2.507,-44.3,1,1,2,1.475,2.475,-79.1,0.0,0.036,0.0,-4.144,,2.53
1788373136.513,goal_turn,1.464,2.507,-50.2,1,1,2,1.475,2.475,-73.2,0.0,0.034,0.0,-3.835,,2.51
1788373136.567,goal_turn,1.464,2.507,-53.2,1,1,2,1.475,2.475,-70.2,0.0,0.034,0.0,-3.678,,2.51
1788373136.621,goal_turn,1.464,2.507,-58.3,1,1,2,1.475,2.475,-65.1,0.0,0.034,0.0,-3.409,,2.49
1788373136.674,goal_turn,1.464,2.507,-60.8,1,1,2,1.475,2.475,-62.7,0.0,0.034,0.0,-3.282,,2.49
1788373136.729,goal_turn,1.471,2.506,-64.6,1,1,2,1.475,2.475,-58.8,0.0,0.031,0.0,-3.081,,2.49
1788373136.78,goal_turn,1.476,2.505,-66.3,1,1,2,1.475,2.475,-57.1,0.0,0.03,0.0,-2.992,,2.49
1788373136.832,goal_turn,1.479,2.505,-69.5,1,1,2,1.475,2.475,-53.9,0.0,0.03,0.0,-2.824,,2.48
1788373136.883,goal_turn,1.479,2.505,-71.1,1,1,2,1.475,2.475,-52.4,0.0,0.03,0.0,-2.741,,2.48
1788373136.935,goal_turn,1.479,2.505,-73.8,1,1,2,1.475,2.475,-49.6,0.0,0.03,0.0,-2.597,,2.48
1788373136.987,goal_turn,1.479,2.505,-75.1,1,1,2,1.475,2.475,-48.3,0.0,0.03,0.0,-2.53,,2.48
1788373137.043,goal_turn,1.48,2.505,-76.2,1,1,2,1.475,2.475,-47.3,0.0,0.031,0.0,-2.476,,2.48
1788373137.104,goal_turn,1.484,2.508,-77.8,1,1,2,1.475,2.475,-45.7,0.0,0.034,0.0,-2.4,,2.48
1788373137.165,goal_turn,1.484,2.51,-78.7,1,1,2,1.475,2.475,-44.7,0.0,0.036,0.0,-2.4,,2.48
1788373137.224,goal_turn,1.481,2.512,-80.8,1,1,2,1.475,2.475,-42.7,0.0,0.038,0.0,-2.4,,2.48
1788373137.281,goal_turn,1.481,2.513,-81.7,1,1,2,1.475,2.475,-41.8,0.0,0.038,0.0,-2.4,,2.48
1788373137.338,goal_turn,1.481,2.513,-83.4,1,1,2,1.475,2.475,-40.0,0.0,0.038,0.0,-2.4,,2.48
1788373137.396,goal_turn,1.481,2.514,-84.0,1,1,2,1.475,2.475,-39.4,0.0,0.039,0.0,-2.4,,2.48
1788373137.452,goal_turn,1.479,2.515,-85.0,1,1,2,1.475,2.475,-38.5,0.0,0.041,0.0,-2.4,,2.48
1788373137.508,goal_turn,1.479,2.516,-85.7,1,1,2,1.475,2.475,-37.7,0.0,0.041,0.0,-2.4,,2.48
1788373137.562,goal_turn,1.479,2.516,-87.4,1,1,2,1.475,2.475,-36.0,0.0,0.041,0.0,-2.4,,2.48
1788373137.619,goal_turn,1.483,2.516,-88.3,1,1,2,1.475,2.475,-35.2,0.0,0.042,0.0,-2.4,,2.48
1788373137.675,goal_turn,1.493,2.517,-90.0,1,1,2,1.475,2.475,-33.4,0.0,0.046,0.0,-2.4,,2.48
1788373137.73,goal_turn,1.493,2.518,-90.9,1,1,2,1.475,2.475,-32.6,0.0,0.046,0.0,-2.4,,2.48
1788373137.786,goal_turn,1.493,2.518,-92.6,1,1,2,1.475,2.475,-30.9,0.0,0.046,0.0,-2.4,,2.48
1788373137.842,goal_turn,1.493,2.518,-93.4,1,1,2,1.475,2.475,-30.0,0.0,0.046,0.0,-2.4,,2.48
1788373137.899,goal_turn,1.493,2.518,-95.2,1,1,2,1.475,2.475,-28.3,0.0,0.046,0.0,-2.4,,2.48
1788373137.961,goal_turn,1.495,2.519,-95.8,1,1,2,1.475,2.475,-27.7,0.0,0.049,0.0,-2.4,,2.4
1788373138.019,goal_turn,1.497,2.521,-96.4,1,1,2,1.475,2.475,-27.0,0.0,0.051,0.0,-2.4,,2.4
1788373138.085,goal_turn,1.499,2.522,-97.9,1,1,2,1.475,2.475,-25.6,0.0,0.053,0.0,-2.4,,2.3
1788373138.139,goal_turn,1.499,2.522,-98.7,1,1,2,1.475,2.475,-24.7,0.0,0.053,0.0,-2.4,,2.3
1788373138.194,goal_turn,1.499,2.522,-100.4,1,1,2,1.475,2.475,-23.0,0.0,0.053,0.0,-2.4,,2.21
1788373138.248,goal_turn,1.499,2.522,-101.3,1,1,2,1.475,2.475,-22.1,0.0,0.053,0.0,-2.4,,2.21
1788373138.304,goal_turn,1.505,2.526,-102.7,1,1,2,1.475,2.475,-20.7,0.0,0.059,0.0,-2.4,,2.13
1788373138.359,goal_turn,1.51,2.529,-103.4,1,1,2,1.475,2.475,-20.1,0.0,0.064,0.0,-2.4,,2.13
1788373138.413,goal_turn,1.514,2.531,-104.9,1,1,2,1.475,2.475,-18.6,0.0,0.068,0.0,-2.4,,2.06
