t_wall,px,py,yaw_deg,plan_rel_deg,front_obst_m,cmd_nav_vx,cmd_nav_wz
1788372666.808,1.000,1.000,-0.0,,3.367,0.0000,0.0000
1788372667.008,1.000,1.000,-0.0,,3.367,0.0000,0.0000
1788372667.762,1.000,1.000,0.0,,3.367,0.0000,0.0000
1788372667.787,1.000,1.000,0.0,,3.367,0.0000,0.0000
1788372667.813,1.000,1.000,0.0,,3.367,0.0000,0.0000
1788372667.881,1.000,1.000,0.0,,3.367,0.0000,0.0000
1788372668.115,1.000,1.000,0.0,,3.367,0.0000,0.0000
1788372668.336,1.000,1.000,0.0,,3.367,0.0000,0.0000
1788372668.579,1.000,1.000,0.0,,3.367,0.0000,0.0000
1788372668.834,1.000,1.000,0.0,,3.367,0.0000,0.0000
1788372669.049,1.000,1.000,0.0,,3.367,0.0000,0.0000
1788372669.253,1.000,1.000,0.0,,3.367,0.0000,0.0000
1788372669.499,1.000,1.000,0.0,,3.367,0.0000,0.0000
1788372669.760,1.000,1.000,0.0,,3.367,0.0000,0.0000
1788372669.976,1.000,1.000,0.0,,3.367,0.0000,0.0000
1788372670.224,1.000,1.000,0.0,,3.367,0.0000,0.0000
1788372670.453,1.000,1.000,0.0,,3.367,0.0000,0.0000
1788372670.661,1.000,1.000,0.0,,3.367,0.0000,0.0000
1788372670.870,1.000,1.000,0.0,,3.367,0.0000,0.0000
1788372671.091,1.000,1.000,0.0,,3.367,0.0000,0.0000
1788372671.324,1.000,1.000,0.0,,3.367,0.0000,0.0000
1788372671.539,1.000,1.000,0.0,,3.367,0.0000,0.0000
1788372671.749,1.000,1.000,0.0,,3.367,0.0000,0.0000
1788372672.031,1.000,1.000,0.0,,3.367,0.0000,0.0000
1788372672.252,1.000,1.000,0.0,,3.367,0.0000,0.0000
1788372672.456,1.000,1.000,0.0,,3.367,0.0000,0.0000
1788372672.682,1.000,1.000,0.0,,3.367,0.0000,0.0000
1788372672.901,1.000,1.000,0.0,,3.367,0.0000,0.0000
1788372673.150,1.000,1.000,0.0,,3.367,0.0000,0.0000
1788372673.361,1.000,1.000,0.0,,3.367,0.0000,0.0000
1788372673.577,1.000,1.000,0.0,,3.367,0.0000,0.0000
1788372673.811,1.000,1.000,0.0,,3.367,0.0000,0.0000
1788372674.028,1.000,1.000,0.0,,3.367,0.0000,0.0000
1788372674.255,1.000,1.000,0.0,,3.367,0.0000,0.0000
1788372674.481,1.000,1.000,0.0,,3.367,0.0000,0.0000
1788372674.707,1.000,1.000,0.0,,3.367,0.0000,0.0000
1788372674.912,1.000,1.000,0.0,,3.367,0.0000,0.0000
1788372675.140,1.000,1.000,0.0,,3.367,0.0000,0.0000
1788372675.348,1.000,1.000,0.0,,3.367,0.0000,0.0000
1788372675.583,1.000,1.000,0.0,,3.367,0.0000,0.0000
1788372675.812,1.000,1.000,0.0,,3.367,0.0000,0.0000
1788372676.035,1.000,1.000,0.0,,3.367,0.0000,0.0000
1788372676.242,1.000,1.000,0.0,,3.367,0.0000,0.0000
1788372676.445,1.000,1.000,0.0,,3.367,0.0000,0.0000
1788372676.681,1.000,1.000,0.0,,3.367,0.0000,0.0000
1788372676.894,1.000,1.000,0.0,,3.367,0.0000,0.0000
1788372677.100,1.000,1.000,0.0,,3.367,0.0000,0.0000
1788372677.315,1.000,1.000,0.0,,3.367,0.0000,0.0000
1788372677.551,1.000,1.000,0.0,,3.367,0.0000,0.0000
1788372677.797,1.000,1.000,0.0,,3.367,0.0000,0.0000
1788372678.027,1.000,1.000,0.0,,3.367,0.0000,0.0000
1788372678.266,1.000,1.000,0.0,,3.367,0.0000,0.0000
1788372678.483,1.000,1.000,0.0,,3.367,0.0000,0.0000
1788372678.703,1.000,1.000,0.0,,3.367,0.0000,0.0000
1788372678.930,1.000,1.000,0.0,,3.367,0.0000,0.0000
1788372679.169,1.000,1.000,0.0,,3.367,0.0000,0.0000
1788372679.389,1.000,1.000,0.0,,3.367,0.0000,0.0000
1788372679.613,1.000,1.000,0.0,,3.367,0.0000,0.0000
1788372679.843,1.000,1.000,0.0,,3.367,0.0000,0.0000
1788372680.064,1.000,1.000,0.0,,3.367,0.0000,0.0000
1788372680.270,1.000,1.000,0.0,,3.367,0.0000,0.0000
1788372680.492,1.000,1.000,0.0,,3.367,0.0000,0.0000
1788372680.715,1.000,1.000,0.0,,3.367,0.0000,0.0000
1788372680.923,1.000,1.000,0.0,,3.367,0.0000,0.0000
1788372681.131,1.000,1.000,0.0,,3.367,0.0000,0.0000
1788372681.368,1.000,1.000,0.0,,3.367,0.0000,0.0000
1788372681.588,1.000,1.000,0.0,,3.367,0.0000,0.0000
1788372681.799,1.000,1.000,0.0,,3.367,0.0000,0.0000
1788372682.018,1.000,1.000,0.0,,3.367,0.0000,0.0000
1788372682.242,1.000,1.000,0.0,,3.367,0.0000,0.0000
1788372682.454,1.000,1.000,0.0,,3.367,0.0000,0.0000
1788372682.658,1.000,1.000,0.0,,3.367,0.0000,0.0000
1788372682.881,1.000,1.000,0.0,,3.367,0.0000,0.0000
1788372683.096,1.000,1.000,0.0,,3.367,0.0000,0.0000
1788372683.298,1.000,1.000,0.0,,3.367,0.0000,0.0000
1788372683.505,1.000,1.000,0.0,,3.367,0.0000,0.0000
1788372683.727,1.000,1.000,0.0,,3.367,0.0000,0.0000
1788372683.935,1.000,1.000,0.0,,3.367,0.0000,0.0000
1788372684.142,1.000,1.000,0.0,,3.367,0.0000,0.0000
1788372684.361,1.000,1.000,0.0,,3.367,0.0000,0.0000
1788372684.586,1.000,1.000,0.0,,3.367,0.0000,0.0000
1788372684.790,1.000,1.000,0.0,,3.367,0.0000,0.0000
1788372684.999,1.000,1.000,0.0,,3.367,0.0000,0.0000
1788372685.218,1.000,1.000,0.0,,3.367,0.0000,0.0000
1788372685.436,1.000,1.000,0.0,,3.367,0.0000,0.0000
1788372685.639,1.000,1.000,0.0,,3.367,0.0000,0.0000
1788372685.844,1.000,1.000,0.0,,3.367,0.0000,0.0000
1788372686.077,1.000,1.000,0.0,,3.367,0.0000,0.0000
1788372686.286,1.000,1.000,0.0,,3.367,0.0000,0.0000
1788372686.493,1.000,1.000,0.0,,3.367,0.0000,0.0000
1788372686.705,1.000,1.000,0.0,,3.367,0.0000,0.0000
1788372686.930,1.000,1.000,0.0,,3.367,0.0000,0.0000
1788372687.133,1.000,1.000,0.0,,3.367,0.0000,0.0000
1788372687.338,1.000,1.000,0.0,,3.367,0.0000,0.0000
1788372687.551,1.000,1.000,0.0,,3.367,0.0000,0.0000
1788372687.764,1.000,1.000,0.0,,3.367,0.0000,0.0000
1788372687.971,1.000,1.000,0.0,,3.367,0.0000,0.0000
1788372688.173,1.000,1.000,0.0,,3.367,0.0000,0.0000
1788372688.407,1.000,1.000,0.0,,3.367,0.0000,0.0000
1788372688.617,1.000,1.000,0.0,,3.367,0.0000,0.0000
1788372688.823,1.000,1.000,0.0,,3.367,0.0000,0.0000
1788372689.035,1.000,1.000,0.0,,3.367,0.0000,0.0000
1788372689.259,1.000,1.000,0.0,,3.367,0.0000,0.0000
1788372689.467,1.000,1.000,0.0,,3.367,0.0000,0.0000
1788372689.675,1.000,1.000,0.0,,3.367,0.0000,0.0000
1788372689.894,1.000,1.000,0.0,,3.367,0.0000,0.0000
1788372690.111,1.000,1.000,0.0,,3.367,0.0000,0.0000
1788372690.315,1.000,1.000,0.0,,3.367,0.0000,0.0000
1788372690.521,1.000,1.000,0.0,,3.367,0.0000,0.0000
1788372690.745,1.000,1.000,0.0,,3.367,0.0000,0.0000
1788372690.956,1.000,1.000,0.0,,3.367,0.0000,0.0000
1788372691.160,1.000,1.000,0.0,,3.367,0.0000,0.0000
1788372691.368,1.000,1.000,0.0,,3.367,0.0000,0.0000
1788372691.596,1.000,1.000,0.0,,3.367,0.0000,0.0000
1788372691.802,1.000,1.000,0.0,,3.367,0.0000,0.0000
1788372692.007,1.000,1.000,0.0,,3.367,0.0000,0.0000
1788372692.224,1.000,1.000,0.0,,3.367,0.0000,0.0000
1788372692.452,1.000,1.000,0.0,,3.367,0.0000,0.0000
1788372692.661,1.000,1.000,0.0,,3.367,0.0000,0.0000
1788372692.866,1.000,1.000,0.0,,3.367,0.0000,0.0000
1788372693.096,1.000,1.000,0.0,,3.367,0.0000,0.0000
1788372693.305,1.000,1.000,0.0,,3.367,0.0000,0.0000
1788372693.511,1.000,1.000,0.0,,3.367,0.0000,0.0000
1788372693.724,1.000,1.000,0.0,,3.367,0.0000,0.0000
1788372693.952,1.000,1.000,0.0,,3.367,0.0000,0.0000
1788372694.158,1.000,1.000,0.0,,3.367,0.0000,0.0000
1788372694.374,1.000,1.000,0.0,,3.367,0.0000,0.0000
1788372694.628,1.000,1.000,0.0,,3.367,0.0000,0.0000
1788372694.852,1.000,1.000,0.0,,3.367,0.0000,0.0000
1788372695.061,1.000,1.000,0.0,,3.367,0.0000,0.0000
1788372695.267,1.000,1.000,0.0,,3.367,0.0000,0.0000
1788372695.498,1.000,1.000,0.0,,3.367,0.0000,0.0000
1788372695.703,1.000,1.000,0.0,,3.367,0.0000,0.0000
1788372695.907,1.000,1.000,0.0,,3.367,0.0000,0.0000
1788372696.119,1.000,1.000,0.0,,3.367,0.0000,0.0000
1788372696.342,1.000,1.000,0.0,,3.367,0.0000,0.0000
1788372696.550,1.000,1.000,0.0,,3.367,0.0000,0.0000
1788372696.758,1.000,1.000,0.0,,3.367,0.0000,0.0000
1788372696.986,1.000,1.000,0.0,,3.367,0.0000,0.0000
1788372697.196,1.000,1.000,0.0,,3.367,0.0000,0.0000
1788372697.406,1.000,1.000,0.0,,3.367,0.0000,0.0000
1788372697.614,1.000,1.000,0.0,,3.367,0.0000,0.0000
1788372697.864,1.000,1.000,0.0,,3.367,0.0000,0.0000
1788372698.087,1.000,1.000,0.0,,3.367,0.0000,0.0000
1788372698.299,1.000,1.000,0.0,,3.367,0.0000,0.0000
1788372698.529,1.000,1.000,0.0,,3.367,0.0000,0.0000
1788372698.750,1.000,1.000,0.0,,3.367,0.0000,0.0000
1788372699.052,1.000,1.000,0.0,,3.367,0.0000,0.0000
1788372699.275,1.000,1.000,0.0,,3.367,0.0000,0.0000
1788372699.510,1.000,1.000,0.0,,3.367,0.0000,0.0000
1788372699.724,1.000,1.000,0.0,,3.367,0.0000,0.0000
1788372699.952,1.000,1.000,0.0,,3.367,0.0000,0.0000
1788372700.192,1.000,1.000,0.0,,3.367,0.0000,0.0000
1788372700.409,1.000,1.000,0.0,,3.367,0.0000,0.0000
1788372700.613,1.000,1.000,0.0,,3.367,0.0000,0.0000
1788372700.837,1.000,1.000,0.0,,3.367,0.0000,0.0000
1788372701.062,1.000,1.000,0.0,,3.367,0.0000,0.0000
1788372701.266,1.000,1.000,0.0,,3.367,0.0000,0.0000
1788372701.475,1.000,1.000,0.0,,3.367,0.0000,0.0000
1788372701.698,1.000,1.000,0.0,,3.367,0.0000,0.0000
1788372701.908,1.000,1.000,0.0,,3.367,0.0000,0.0000
1788372702.114,1.000,1.000,0.0,,3.367,0.0000,0.0000
1788372702.319,1.000,1.000,0.0,,3.367,0.0000,0.0000
1788372702.546,1.000,1.000,0.0,,3.367,0.0000,0.0000
1788372702.758,1.000,1.000,0.0,,3.367,0.0000,0.0000
1788372702.964,1.000,1.000,0.0,,3.367,0.0000,0.0000
1788372703.178,1.000,1.000,0.0,,3.367,0.0000,0.0000
1788372703.398,1.000,1.000,0.0,,3.367,0.0000,0.0000
1788372703.600,1.000,1.000,0.0,,3.367,0.0000,0.0000
1788372703.805,1.000,1.000,0.0,,3.367,0.0000,0.0000
1788372704.025,1.000,1.000,0.0,,3.367,0.0000,0.0000
1788372704.238,1.000,1.000,0.0,,3.367,0.0000,0.0000
1788372704.449,1.000,1.000,0.0,,3.367,0.0000,0.0000
1788372704.663,1.000,1.000,0.0,,3.367,0.0000,0.0000
1788372704.889,1.000,1.000,0.0,,3.367,0.0000,0.0000
1788372705.096,1.000,1.000,0.0,,3.367,0.0000,0.0000
1788372705.305,1.000,1.000,0.0,,3.367,0.0000,0.0000
1788372705.524,1.000,1.000,0.0,,3.367,0.0000,0.0000
1788372705.743,1.000,1.000,0.0,,3.367,0.0000,0.0000
1788372705.948,1.000,1.000,0.0,,3.367,0.0000,0.0000
1788372706.151,1.000,1.000,0.0,,3.367,0.0000,0.0000
1788372706.387,1.000,1.000,0.0,,3.367,0.0000,0.0000
1788372706.592,1.000,1.000,0.0,,3.367,0.0000,0.0000
1788372706.798,1.000,1.000,0.0,,3.367,0.0000,0.0000
1788372707.010,1.000,1.000,0.0,,3.367,0.0000,0.0000
1788372707.234,1.000,1.000,0.0,,3.367,0.0000,0.0000
1788372707.446,1.000,1.000,0.0,,3.367,0.0000,0.0000
1788372707.654,1.000,1.000,0.0,,3.367,0.0000,0.0000
1788372707.873,1.000,1.000,0.0,,3.367,0.0000,0.0000
1788372708.093,1.000,1.000,0.0,,3.367,0.0000,0.0000
1788372708.301,1.000,1.000,0.0,,3.367,0.0000,0.0000
1788372708.512,1.000,1.000,0.0,,3.367,0.0000,0.0000
1788372708.739,1.000,1.000,0.0,,3.367,0.0000,0.0000
1788372708.955,1.000,1.000,0.0,,3.367,0.0000,0.0000
1788372709.157,1.000,1.000,0.0,,3.367,0.0000,0.0000
1788372709.371,1.000,1.000,0.0,,3.367,0.0000,0.0000
1788372709.601,1.000,1.000,0.0,,3.367,0.0000,0.0000
1788372709.805,1.000,1.000,0.0,,3.367,0.0000,0.0000
1788372710.013,1.000,1.000,0.0,,3.367,0.0000,0.0000
1788372710.232,1.000,1.000,0.0,,3.367,0.0000,0.0000
1788372710.452,1.000,1.000,0.0,,3.367,0.0000,0.0000
1788372710.661,1.000,1.000,0.0,,3.367,0.0000,0.0000
1788372710.869,1.000,1.000,0.0,,3.367,0.0000,0.0000
1788372711.098,1.000,1.000,0.0,,3.367,0.0000,0.0000
1788372711.308,1.000,1.000,0.0,,3.367,0.0000,0.0000
1788372711.512,1.000,1.000,0.0,,3.367,0.0000,0.0000
1788372711.718,1.000,1.000,0.0,,3.367,0.0000,0.0000
1788372711.952,1.000,1.000,0.0,,3.367,0.0000,0.0000
1788372712.155,1.000,1.000,0.0,,3.367,0.0000,0.0000
1788372712.359,1.000,1.000,0.0,,3.367,0.0000,0.0000
1788372712.582,1.000,1.000,0.0,,3.367,0.0000,0.0000
1788372712.796,1.000,1.000,0.0,,3.367,0.0000,0.0000
1788372713.004,1.000,1.000,0.0,,3.367,0.0000,0.0000
1788372713.207,1.000,1.000,0.0,,3.367,0.0000,0.0000
1788372713.433,1.000,1.000,0.0,,3.367,0.0000,0.0000
1788372713.644,1.000,1.000,0.0,,3.367,0.0000,0.0000
1788372713.853,1.000,1.000,0.0,,3.367,0.0000,0.0000
1788372714.058,1.000,1.000,0.0,,3.367,0.0000,0.0000
1788372714.285,1.000,1.000,0.0,,3.367,0.0000,0.0000
1788372714.492,1.000,1.000,0.0,,3.367,0.0000,0.0000
1788372714.696,1.000,1.000,0.0,,3.367,0.0000,0.0000
1788372714.921,1.000,1.000,0.0,,3.367,0.0000,0.0000
1788372715.140,1.000,1.000,0.0,,3.367,0.0000,0.0000
1788372715.348,1.000,1.000,0.0,,3.367,0.0000,0.0000
1788372715.555,1.000,1.000,0.0,,3.367,0.0000,0.0000
1788372715.780,1.000,1.000,0.0,,3.367,0.0000,0.0000
1788372715.994,1.000,1.000,0.0,,3.367,0.0000,0.0000
1788372716.200,1.000,1.000,0.0,,3.367,0.0000,0.0000
1788372716.417,1.000,1.000,0.0,,3.367,0.0000,0.0000
1788372716.643,1.000,1.000,0.0,,3.367,0.0000,0.0000
1788372716.848,1.000,1.000,0.0,,3.367,0.0000,0.0000
1788372717.052,1.000,1.000,0.0,,3.367,0.0000,0.0000
1788372717.271,1.000,1.000,0.0,,3.367,0.0000,0.0000
1788372717.497,1.000,1.000,0.0,,3.367,0.0000,0.0000
1788372717.699,1.000,1.000,0.0,,3.367,0.0000,0.0000
1788372717.903,1.000,1.000,0.0,,3.367,0.0000,0.0000
1788372718.124,1.000,1.000,0.0,,3.367,0.0000,0.0000
1788372718.334,1.000,1.000,0.0,,3.367,0.0000,0.0000
1788372718.540,1.000,1.000,0.0,,3.367,0.0000,0.0000
1788372718.746,1.000,1.000,0.0,,3.367,0.0000,0.0000
1788372718.982,1.000,1.000,0.0,,3.367,0.0000,0.0000
1788372719.185,1.000,1.000,0.0,,3.367,0.0000,0.0000
1788372719.394,1.000,1.000,0.0,,3.367,0.0000,0.0000
1788372719.615,1.000,1.000,0.0,,3.367,0.0000,0.0000
1788372719.830,1.000,1.000,0.0,,3.367,0.0000,0.0000
1788372720.030,1.000,1.000,0.0,,3.367,0.0000,0.0000
1788372720.240,1.000,1.000,0.0,,3.367,0.0000,0.0000
1788372720.471,1.000,1.000,0.0,,3.367,0.0000,0.0000
1788372720.679,1.000,1.000,0.0,,3.367,0.0000,0.0000
1788372720.889,1.000,1.000,0.0,,3.367,0.0000,0.0000
1788372721.095,1.000,1.000,0.0,,3.367,0.0000,0.0000
1788372721.320,1.000,1.000,0.0,,3.367,0.0000,0.0000
1788372721.525,1.000,1.000,0.0,,3.367,0.0000,0.0000
1788372721.730,1.000,1.000,0.0,,3.367,0.0000,0.0000
1788372721.949,1.000,1.000,0.0,,3.367,0.0000,0.0000
1788372722.176,1.000,1.000,0.0,,3.367,0.0000,0.0000
1788372722.387,1.000,1.000,0.0,,3.367,0.0000,0.0000
1788372722.599,1.000,1.000,0.0,,3.367,0.0000,0.0000
1788372722.821,1.000,1.000,0.0,,3.367,0.0000,0.0000
1788372723.033,1.000,1.000,0.0,,3.367,0.0000,0.0000
1788372723.239,1.000,1.000,0.0,,3.367,0.0000,0.0000
1788372723.456,1.000,1.000,0.0,,3.367,0.0000,0.0000
1788372723.680,1.000,1.000,0.0,,3.367,0.0000,0.0000
1788372723.886,1.000,1.000,0.0,,3.367,0.0000,0.0000
1788372724.095,1.000,1.000,0.0,,3.367,0.0000,0.0000
1788372724.324,1.000,1.000,0.0,,3.367,0.0000,0.0000
1788372724.551,1.000,1.000,0.0,,3.367,0.0000,0.0000
1788372724.765,1.000,1.000,0.0,,3.367,0.0000,0.0000
1788372724.971,1.000,1.000,0.0,,3.367,0.0000,0.0000
1788372725.203,1.000,1.000,0.0,,3.367,0.0000,0.0000
1788372725.417,1.000,1.000,0.0,,3.367,0.0000,0.0000
1788372725.625,1.000,1.000,0.0,,3.367,0.0000,0.0000
1788372725.847,1.000,1.000,0.0,,3.367,0.0000,0.0000
1788372726.070,1.000,1.000,0.0,,3.367,0.0000,0.0000
1788372726.280,1.000,1.000,0.0,,3.367,0.0000,0.0000
1788372726.488,1.000,1.000,0.0,,3.367,0.0000,0.0000
1788372726.716,1.000,1.000,0.0,,3.367,0.0000,0.0000
1788372726.930,1.000,1.000,0.0,,3.367,0.0000,0.0000
1788372727.142,1.000,1.000,0.0,,3.367,0.0000,0.0000
1788372727.352,1.000,1.000,0.0,,3.367,0.0000,0.0000
1788372727.586,1.000,1.000,0.0,,3.367,0.0000,0.0000
1788372727.795,1.000,1.000,0.0,,3.367,0.0000,0.0000
1788372728.004,1.000,1.000,0.0,,3.367,0.0000,0.0000
1788372728.225,1.000,1.000,0.0,,3.367,0.0000,0.0000
1788372728.447,1.000,1.000,0.0,,3.367,0.0000,0.0000
1788372728.655,1.000,1.000,0.0,,3.367,0.0000,0.0000
1788372728.861,1.000,1.000,0.0,,3.367,0.0000,0.0000
1788372729.091,1.000,1.000,0.0,,3.367,0.0000,0.0000
1788372729.305,1.000,1.000,0.0,,3.367,0.0000,0.0000
1788372729.515,1.000,1.000,0.0,,3.367,0.0000,0.0000
1788372729.734,1.000,1.000,0.0,,3.367,0.0000,0.0000
1788372729.967,1.000,1.000,0.0,,3.367,0.0000,0.0000
1788372730.174,1.000,1.000,0.0,,3.367,0.0000,0.0000
1788372730.380,1.000,1.000,0.0,,3.367,0.0000,0.0000
1788372730.607,1.000,1.000,0.0,,3.367,0.0000,0.0000
1788372730.826,1.000,1.000,0.0,,3.367,0.0000,0.0000
1788372731.059,1.000,1.000,0.0,,3.367,0.0000,0.0000
1788372731.277,1.000,1.000,0.0,,3.367,0.0000,0.0000
1788372731.517,1.000,1.000,0.0,,3.367,0.0000,0.0000
1788372731.740,1.000,1.000,0.0,,3.367,0.0000,0.0000
1788372731.954,1.000,1.000,0.0,,3.367,0.0000,0.0000
1788372732.192,1.000,1.000,0.0,,3.367,0.0000,0.0000
1788372732.414,1.000,1.000,0.0,,3.367,0.0000,0.0000
1788372732.625,1.000,1.000,0.0,,3.367,0.0000,0.0000
1788372732.843,1.000,1.000,0.0,,3.367,0.0000,0.0000
1788372733.101,1.000,1.000,0.0,,3.367,0.0000,0.0000
1788372733.312,1.000,1.000,0.0,,3.367,0.0000,0.0000
1788372733.539,1.000,1.000,0.0,,3.367,0.0000,0.0000
1788372733.777,1.000,1.000,0.0,,3.367,0.0000,0.0000
1788372734.006,1.000,1.000,0.0,,3.367,0.0000,0.0000
1788372734.220,1.000,1.000,0.0,,3.367,0.0000,0.0000
1788372734.434,1.000,1.000,0.0,,3.367,0.0000,0.0000
1788372734.669,1.000,1.000,0.0,,3.367,0.0000,0.0000
1788372734.878,1.000,1.000,0.0,,3.367,0.0000,0.0000
1788372735.102,1.000,1.000,0.0,,3.367,0.0000,0.0000
1788372735.357,1.000,1.000,0.0,,3.367,0.0000,0.0000
1788372735.579,1.000,1.000,0.0,,3.367,0.0000,0.0000
1788372735.798,1.000,1.000,0.0,,3.367,0.0000,0.0000
1788372736.025,1.000,1.000,0.0,,3.367,0.0000,0.0000
1788372736.260,1.000,1.000,0.0,,3.367,0.0000,0.0000
1788372736.474,1.000,1.000,0.0,,3.367,0.0000,0.0000
1788372736.690,1.000,1.000,0.0,,3.367,0.0000,0.0000
1788372736.933,1.000,1.000,0.0,,3.367,0.0000,0.0000
1788372737.158,1.000,1.000,0.0,,3.367,0.0000,0.0000
1788372737.375,1.000,1.000,0.0,,3.367,0.0000,0.0000
1788372737.593,1.000,1.000,0.0,,3.367,0.0000,0.0000
1788372737.834,1.000,1.000,0.0,,3.367,0.0000,0.0000
1788372738.058,1.000,1.000,0.0,,3.367,0.0000,0.0000
1788372738.270,1.000,1.000,0.0,,3.367,0.0000,0.0000
1788372738.504,1.000,1.000,0.0,,3.367,0.0000,0.0000
1788372738.727,1.000,1.000,0.0,,3.367,0.0000,0.0000
1788372738.944,1.000,1.000,0.0,,3.367,0.0000,0.0000
1788372739.164,1.000,1.000,0.0,,3.367,0.0000,0.0000
1788372739.396,1.000,1.000,0.0,,3.367,0.0000,0.0000
1788372739.604,1.000,1.000,0.0,,3.367,0.0000,0.0000
1788372739.820,1.000,1.000,0.0,72.1,3.367,0.0000,0.0000
1788372740.049,1.000,1.000,0.0,72.1,3.367,0.0000,0.0000
1788372740.268,1.000,1.000,0.0,72.1,3.367,0.0000,0.0000
1788372740.480,1.000,1.000,0.0,72.1,3.367,0.0000,0.0000
1788372740.694,1.000,1.000,0.0,72.1,3.367,0.0000,0.0000
1788372740.926,1.000,1.000,0.0,72.1,3.367,0.0000,0.0000
1788372741.138,1.000,1.000,0.0,72.1,3.367,0.0000,0.0000
1788372741.366,1.000,1.000,0.0,-14.7,3.367,0.0000,0.0000
1788372741.654,1.021,1.000,0.0,-13.9,3.363,0.2545,0.0000
1788372741.899,1.081,1.000,0.0,-14.2,3.316,0.3500,0.0000
1788372742.114,1.132,1.000,0.0,-14.2,3.256,0.3500,0.0000
1788372742.337,1.193,1.000,0.0,-14.5,3.196,0.3500,0.0000
1788372742.576,1.256,1.001,0.4,-14.1,3.138,0.3500,6.0000
1788372742.802,1.318,1.002,0.5,-14.6,3.079,0.3500,6.0000
1788372743.018,1.369,1.005,1.1,-15.6,3.020,0.3500,0.0000
1788372743.256,1.429,1.007,1.3,-16.1,2.960,0.3500,0.0000
1788372743.481,1.490,1.004,0.3,-12.3,2.900,0.1909,0.0000
1788372743.710,1.551,1.003,0.2,-14.0,2.841,0.3500,0.0000
1788372743.952,1.595,0.999,-0.7,-13.8,2.783,0.3500,0.0000
1788372744.192,1.653,0.995,-1.1,-11.8,2.723,0.3500,0.0000
1788372744.413,1.704,0.991,-1.3,-11.2,2.663,0.3500,0.0000
1788372744.676,1.762,0.988,-1.3,-11.1,2.605,0.2864,0.0000
1788372745.015,1.827,0.992,-0.7,-12.6,2.547,0.3500,6.0000
1788372745.265,1.889,0.993,-0.5,-13.1,2.487,0.3500,0.0000
1788372745.509,1.949,0.999,0.3,-6.7,2.427,0.3500,0.0000
1788372745.742,2.010,1.000,0.4,-7.1,2.370,0.2864,0.0000
1788372745.969,2.065,1.000,0.2,-7.3,2.311,0.3500,0.0000
1788372746.193,2.116,1.000,0.2,-7.6,2.251,0.3500,0.0000
1788372746.442,2.177,1.003,0.3,-8.5,2.193,0.3500,0.0000
1788372746.672,2.238,1.004,0.3,-13.7,2.134,0.2864,0.0000
1788372746.897,2.312,0.997,-0.1,-14.6,2.076,0.2864,0.0000
1788372747.144,2.377,0.995,-0.3,-16.1,2.018,0.2545,0.0000
1788372747.384,2.436,1.003,-0.2,-18.7,1.959,0.3500,6.0000
1788372747.609,2.496,1.004,-0.2,-12.2,1.901,0.2227,0.0000
1788372747.853,2.557,1.002,-0.1,-13.6,1.842,0.2227,0.0000
1788372748.118,2.608,1.002,-0.1,-15.0,1.785,0.1591,0.0000
1788372748.342,2.667,0.994,-0.4,-15.5,1.728,0.1909,0.0000
1788372748.569,2.728,0.990,-0.5,-15.2,1.674,0.1591,0.0000
1788372748.820,2.805,0.992,-0.4,-18.0,1.620,0.0318,0.0000
1788372749.040,2.871,0.993,-0.3,-19.6,1.568,0.1591,0.0000
1788372749.262,2.946,0.996,-0.3,-22.4,1.518,0.3500,6.0000
1788372749.514,3.010,0.997,-0.3,-24.4,1.470,0.3500,6.0000
1788372749.748,3.068,1.000,-0.5,-17.4,1.425,0.0955,0.0000
1788372749.979,3.129,1.000,-0.5,-19.1,1.383,0.0318,0.0000
1788372750.229,3.165,0.999,-0.6,-19.8,1.348,0.3500,6.0000
1788372750.495,3.220,0.998,-0.6,-21.1,1.324,0.3500,6.0000
1788372750.713,3.282,1.006,0.1,-19.1,3.929,0.0318,0.0000
1788372750.929,3.342,1.009,0.3,-21.5,3.869,0.1591,0.0000
1788372751.169,3.383,1.008,0.7,-22.7,3.811,0.3500,6.0000
1788372751.389,3.437,1.008,0.8,-24.3,3.754,0.3500,6.0000
1788372751.600,3.506,1.019,1.3,-22.1,3.698,0.3500,6.0000
1788372751.824,3.563,1.022,1.4,-24.6,3.642,0.3500,6.0000
1788372752.050,3.612,1.025,1.5,-26.9,3.588,0.3500,6.0000
1788372752.262,3.626,1.026,-2.4,-23.8,3.552,0.0636,0.0000
1788372752.482,3.626,1.028,-7.8,-18.6,2.794,0.3182,0.0000
1788372752.715,3.633,1.027,-10.7,-16.5,2.302,0.1591,0.0000
1788372752.933,3.683,1.009,-10.7,-17.2,2.287,0.1273,0.0000
1788372753.156,3.736,0.997,-10.7,-18.7,2.263,0.3500,0.0000
1788372753.384,3.788,0.987,-10.7,-20.2,2.240,0.2864,0.0000
1788372753.634,3.840,0.977,-10.7,-20.0,2.216,0.2545,6.0000
1788372753.866,3.906,0.973,-10.4,-17.8,2.193,0.3500,0.0000
1788372754.094,3.956,0.964,-10.4,-19.3,2.166,0.3500,0.0000
1788372754.343,4.014,0.948,-11.1,-14.8,2.138,0.3500,0.0000
1788372754.569,4.074,0.937,-11.1,-12.8,2.111,0.3500,0.0000
1788372754.782,4.126,0.920,-10.6,-10.7,2.085,0.3182,0.0000
1788372755.021,4.185,0.909,-10.6,-10.3,2.058,0.3500,0.0000
1788372755.255,4.240,0.889,-11.3,-8.0,2.031,0.3500,0.0000
1788372755.474,4.299,0.877,-11.3,-6.0,2.005,0.3182,0.0000
1788372755.693,4.353,0.872,-10.5,-5.5,1.978,0.2227,0.0000
1788372755.936,4.402,0.863,-10.5,-2.6,1.952,0.2545,0.0000
1788372756.163,4.455,0.845,-11.0,2.0,1.926,0.1909,0.0000
1788372756.390,4.513,0.834,-11.0,5.3,1.900,0.0955,0.0000
1788372756.654,4.566,0.814,-11.3,18.1,1.874,0.0636,0.0000
1788372756.893,4.623,0.803,-11.3,20.3,1.848,0.0318,0.0000
1788372757.112,4.715,0.794,-11.6,24.2,1.823,0.1591,-6.0000
1788372757.349,4.769,0.783,-11.6,28.2,1.798,0.0955,-6.0000
1788372757.593,4.800,0.770,-12.0,33.0,1.775,0.1273,0.0000
1788372757.812,4.845,0.760,-12.0,38.5,1.754,0.0000,3.6095
1788372758.026,4.892,0.753,-11.6,45.4,1.735,0.0000,3.9378
1788372758.278,4.902,0.751,-7.7,43.3,1.825,0.0000,3.9532
1788372758.500,4.893,0.743,-3.7,39.8,2.255,0.0000,3.7276
1788372758.724,4.890,0.740,0.9,35.2,2.292,0.0000,3.5435
1788372758.974,4.906,0.740,1.0,37.7,2.283,0.0000,3.5765
1788372759.206,4.949,0.740,1.0,45.8,2.240,0.0000,3.9477
1788372759.428,4.960,0.740,5.3,44.4,2.209,0.0000,3.9907
1788372759.652,4.960,0.740,10.2,39.5,2.211,0.0000,3.7910
1788372759.900,4.961,0.740,13.7,36.1,2.214,0.0000,3.6106
1788372760.127,4.994,0.751,13.2,43.5,2.196,0.0000,3.8291
1788372760.347,5.003,0.755,16.9,42.1,2.170,0.0000,0.0000
1788372760.596,4.988,0.758,21.8,31.8,2.183,0.0000,0.0000
1788372760.811,4.988,0.758,22.5,31.0,2.197,0.0000,0.0000
1788372761.024,5.025,0.747,21.7,46.8,2.197,0.0000,0.0000
1788372761.234,5.030,0.745,21.6,49.5,2.197,0.0000,0.0000
1788372761.465,5.030,0.745,21.6,49.5,2.197,0.0000,0.0000
1788372761.677,5.030,0.745,21.6,49.5,2.197,0.0000,0.0000
1788372761.902,5.030,0.745,23.9,24.0,2.201,0.0000,2.0000
1788372762.159,5.030,0.745,28.8,19.1,2.241,0.0318,0.0000
1788372762.409,5.030,0.745,33.7,14.2,2.299,0.1591,0.0000
1788372762.649,5.051,0.735,39.5,10.9,2.377,0.2864,0.0000
1788372762.898,5.075,0.735,44.2,4.0,2.939,0.3500,0.0000
1788372763.141,5.094,0.749,45.2,3.0,2.923,0.2864,0.0000
1788372763.370,5.144,0.791,44.8,4.5,2.877,0.3182,0.0000
1788372763.612,5.188,0.834,44.8,3.9,2.821,0.3500,0.0000
1788372763.863,5.224,0.870,44.8,4.4,2.765,0.3182,0.0000
1788372764.090,5.267,0.913,44.8,4.3,2.709,0.3500,0.0000
1788372764.319,5.310,0.953,44.4,5.4,2.651,0.3500,0.0000
1788372764.568,5.353,0.995,44.4,4.8,2.585,0.3500,0.0000
1788372764.805,5.420,1.043,45.1,2.0,2.519,0.3500,0.0000
1788372765.033,5.468,1.088,45.3,2.0,2.453,0.3500,0.0000
1788372765.296,5.511,1.131,45.3,2.3,2.395,0.3182,0.0000
1788372765.531,5.542,1.171,45.9,0.6,2.340,0.2864,0.0000
1788372765.770,5.584,1.215,45.9,1.6,2.285,0.3500,0.0000
1788372766.016,5.622,1.254,45.4,4.6,2.229,0.3500,0.0000
1788372766.248,5.666,1.298,45.2,5.4,2.164,0.3500,0.0000
1788372766.471,5.709,1.342,45.2,4.6,2.097,0.3500,0.0000
1788372766.720,5.770,1.396,45.5,6.1,2.036,0.3500,0.0000
1788372766.996,5.813,1.439,45.5,10.3,1.982,0.3182,0.0000
1788372767.235,5.861,1.494,45.1,11.9,1.927,0.3500,0.0000
1788372767.473,5.905,1.539,45.0,13.3,1.864,0.2227,0.0000
1788372767.743,5.948,1.582,45.0,14.4,1.796,0.1591,0.0000
1788372767.970,5.989,1.616,44.0,13.0,1.741,0.2227,0.0000
1788372768.192,6.033,1.658,44.0,15.5,1.687,0.1273,0.0000
1788372768.435,6.069,1.697,44.3,17.5,1.622,0.0955,0.0000
1788372768.668,6.110,1.739,44.4,19.4,1.560,0.1273,0.0000
1788372768.891,6.153,1.782,44.4,19.1,1.507,0.1273,0.0000
1788372769.120,6.194,1.841,46.3,18.5,1.442,0.0318,0.0000
1788372769.370,6.236,1.885,46.3,21.5,1.383,0.0636,0.0000
1788372769.587,6.262,1.931,45.8,23.3,1.330,0.3182,-6.0000
1788372769.804,6.295,1.965,45.7,27.1,1.275,0.2864,0.0000
1788372770.054,6.321,1.992,45.7,31.2,1.237,0.0000,2.0000
1788372770.293,6.329,2.017,47.2,30.2,1.188,0.0000,3.2985
1788372770.519,6.329,2.017,52.1,25.3,1.190,0.0000,3.0731
1788372770.772,6.329,2.017,57.0,20.4,1.259,0.0955,0.0000
1788372771.018,6.340,2.035,58.0,21.5,1.314,0.0000,1.0000
1788372771.227,6.343,2.080,58.3,19.1,1.284,0.0318,0.0000
1788372771.449,6.347,2.088,62.2,16.4,1.283,0.0000,-2.0000
1788372771.683,6.347,2.088,67.1,11.5,1.404,0.0000,-4.0000
1788372771.899,6.357,2.084,70.3,12.3,1.561,0.0000,-4.0000
1788372772.119,6.361,2.082,74.8,9.6,1.772,0.0000,-4.0000
1788372772.348,6.360,2.100,80.1,2.9,2.064,0.0000,-4.0000
1788372772.581,6.362,2.114,81.3,2.1,2.295,0.0000,-4.0000
1788372772.797,6.369,2.156,81.3,3.5,2.278,0.0000,-4.0000
1788372773.012,6.374,2.185,75.6,13.1,3.990,0.0000,-4.0000
1788372773.250,6.374,2.185,60.1,28.6,1.505,0.0000,-4.0000
1788372773.469,6.374,2.185,50.1,38.6,1.205,0.0000,-4.0000
1788372773.676,6.361,2.179,44.2,28.9,1.090,0.0000,-4.0000
1788372773.913,6.353,2.190,39.5,17.4,1.050,0.0000,-3.7146
1788372774.159,6.342,2.207,34.5,-6.3,1.050,0.0000,-3.5118
1788372774.378,6.340,2.217,30.0,-16.7,1.048,0.0000,-3.3300
1788372774.604,6.347,2.228,25.6,-31.7,1.043,0.0000,-3.0538
1788372774.843,6.348,2.231,20.6,-32.9,1.040,0.0000,-2.7370
1788372775.061,6.352,2.226,15.5,-18.3,1.039,0.0000,0.0000
1788372775.274,6.342,2.238,10.3,-32.5,1.060,0.0000,0.0000
1788372775.493,6.341,2.239,10.3,-33.5,1.143,0.0000,0.0000
1788372775.712,6.352,2.247,9.7,-52.9,1.143,0.0000,0.0000
1788372775.916,6.352,2.247,9.7,-52.9,1.143,0.0000,0.0000
1788372776.122,6.352,2.247,9.7,-52.9,1.143,0.0000,0.0000
1788372776.342,6.352,2.247,9.7,-52.9,1.143,0.0000,0.0000
1788372776.554,6.354,2.247,9.7,-6.6,1.143,0.3500,0.0000
1788372776.767,6.390,2.254,9.7,-7.1,1.134,0.3182,0.0000
1788372776.994,6.431,2.260,9.7,-8.0,1.117,0.2864,0.0000
1788372777.256,6.471,2.267,9.7,-8.8,1.101,0.2227,0.0000
1788372777.484,6.511,2.274,9.7,-9.6,1.085,0.3500,0.0000
1788372777.706,6.507,2.276,6.1,-6.2,1.117,0.2864,0.0000
1788372777.959,6.501,2.276,0.2,-0.4,4.899,0.3500,0.0000
1788372778.179,6.501,2.276,0.0,-0.2,4.895,0.3500,0.0000
1788372778.398,6.537,2.274,0.4,-0.3,4.884,0.3500,0.0000
1788372778.646,6.585,2.274,0.5,-0.3,4.841,0.3500,0.0000
1788372778.897,6.629,2.274,0.5,-0.4,4.797,0.3182,0.0000
1788372779.118,6.674,2.274,0.5,-0.4,4.753,0.2545,0.0000
1788372779.343,6.719,2.275,0.5,-0.5,4.709,0.2227,0.0000
1788372779.596,6.777,2.280,0.5,-1.0,4.666,0.1909,0.0000
1788372779.816,6.822,2.280,0.5,-1.0,4.622,0.1591,0.0000
1788372780.038,6.863,2.279,0.3,-0.7,4.578,0.1591,0.0000
1788372780.284,6.907,2.278,0.2,-0.6,4.534,0.0955,0.0000
1788372780.526,6.951,2.279,0.2,-0.6,4.492,0.0636,0.0000
1788372780.800,6.990,2.275,0.0,-0.0,4.449,0.0318,0.0000
1788372781.083,7.035,2.275,0.0,-0.1,4.406,0.0636,-6.0000
1788372781.318,7.070,2.275,0.0,-0.0,4.363,0.0636,-6.0000
1788372781.540,7.114,2.275,0.0,-0.0,4.318,0.1591,-6.0000
1788372781.769,7.151,2.275,0.0,-0.0,4.273,0.2545,-6.0000
1788372782.001,7.192,2.278,-0.0,-0.3,4.229,0.1591,-6.0000
1788372782.223,7.237,2.277,-0.0,-0.3,4.185,0.0636,-6.0000
1788372782.448,7.283,2.279,0.3,-0.8,4.141,0.3182,-6.0000
1788372782.706,7.329,2.279,0.4,-0.9,4.097,0.2864,-6.0000
1788372782.930,7.373,2.280,0.4,-0.9,4.053,0.0636,-6.0000
1788372783.157,7.407,2.294,0.6,-2.7,4.010,0.1591,-6.0000
1788372783.391,7.452,2.294,0.6,-2.7,3.966,0.0318,-6.0000
1788372783.622,7.470,2.298,1.0,-3.6,3.922,0.1909,-6.0000
1788372783.842,7.505,2.301,1.2,-4.1,3.880,0.3182,-6.0000
1788372784.074,7.550,2.302,1.2,-4.1,3.837,0.2227,-6.0000
1788372784.326,7.586,2.301,0.9,-3.9,3.793,0.3500,0.0000
1788372784.552,7.631,2.301,0.9,-4.0,3.749,0.3500,0.0000
1788372784.773,7.669,2.297,0.5,-3.0,3.704,0.3500,0.0000
1788372785.030,7.713,2.297,0.4,-2.9,3.661,0.3500,0.0000
1788372785.272,7.758,2.297,0.4,-2.9,3.617,0.3500,0.0000
1788372785.512,7.792,2.302,0.9,-4.1,3.573,0.3500,0.0000
1788372785.752,7.830,2.303,0.9,-1.8,3.529,0.3500,0.0000
1788372785.997,7.869,2.309,0.6,-1.2,3.485,0.3500,0.0000
1788372786.212,7.912,2.312,0.5,-0.3,3.443,0.3500,0.0000
1788372786.438,7.957,2.312,0.5,-0.3,3.400,0.3500,0.0000
1788372786.677,8.005,2.316,0.6,1.4,3.356,0.3500,0.0000
1788372786.895,8.050,2.316,0.6,1.2,3.312,0.3500,0.0000
1788372787.111,8.099,2.310,-0.5,3.0,3.268,0.3500,0.0000
1788372787.342,8.144,2.309,-0.6,3.3,3.225,0.3500,0.0000
1788372787.567,8.181,2.309,-0.6,3.4,3.181,0.3500,0.0000
1788372787.788,8.216,2.310,-0.3,3.1,3.137,0.3500,0.0000
1788372787.995,8.218,2.310,-0.3,3.1,3.116,0.3500,0.0000
1788372788.220,8.207,2.310,0.1,2.6,3.116,0.3500,0.0000
1788372788.443,8.207,2.310,0.2,2.5,3.116,0.3500,0.0000
1788372788.665,8.254,2.310,0.2,2.6,3.093,0.3500,0.0000
1788372788.918,8.315,2.310,0.2,2.7,3.035,0.3500,0.0000
1788372789.138,8.376,2.310,0.2,2.8,2.975,0.3500,0.0000
1788372789.356,8.427,2.315,0.5,2.1,2.915,0.3500,0.0000
1788372789.577,8.478,2.316,0.5,2.2,2.855,0.3500,0.0000
1788372789.813,8.540,2.321,0.4,1.4,2.797,0.3500,0.0000
1788372790.031,8.601,2.323,0.4,1.3,2.739,0.3182,0.0000
1788372790.243,8.654,2.324,1.2,0.4,2.679,0.2864,0.0000
1788372790.474,8.713,2.326,1.4,0.2,2.619,0.3500,0.0000
1788372790.707,8.765,2.327,1.5,0.2,2.560,0.3500,0.0000
1788372790.916,8.825,2.328,1.5,-0.3,2.502,0.3500,0.0000
1788372791.137,8.886,2.326,1.8,-0.3,2.442,0.3500,0.0000
1788372791.386,8.936,2.328,1.9,-0.3,2.383,0.3500,0.0000
1788372791.598,8.994,2.330,2.4,-1.0,2.325,0.3500,0.0000
1788372791.809,9.054,2.333,2.7,-1.4,2.266,0.3500,0.0000
1788372792.036,9.113,2.328,2.0,-0.6,2.206,0.3500,0.0000
1788372792.261,9.173,2.328,1.9,-0.2,2.149,0.3500,0.0000
1788372792.483,9.240,2.328,2.5,-0.6,2.089,0.3500,0.0000
1788372792.692,9.302,2.331,2.6,-0.8,2.031,0.3500,0.0000
1788372792.919,9.348,2.334,2.7,-1.8,1.973,0.3500,0.0000
1788372793.144,9.409,2.337,2.8,-1.8,1.914,0.3500,0.0000
1788372793.359,9.451,2.334,2.5,-1.1,1.856,0.3500,0.0000
1788372793.574,9.508,2.334,2.4,-0.8,1.798,0.3500,0.0000
1788372793.808,9.582,2.330,2.1,0.3,1.741,0.3500,0.0000
1788372794.020,9.648,2.329,2.0,-0.0,1.684,0.3500,0.0000
1788372794.233,9.704,2.326,2.1,0.6,1.630,0.3500,0.0000
1788372794.472,9.764,2.327,2.1,0.7,1.577,0.3500,0.0000
1788372794.693,9.825,2.323,1.3,2.3,1.526,0.3500,0.0000
1788372794.906,9.886,2.323,1.2,2.7,1.476,0.3500,0.0000
1788372795.124,9.942,2.324,1.4,2.2,1.429,0.3500,0.0000
1788372795.365,10.006,2.325,1.5,2.3,1.384,0.3500,0.0000
1788372795.580,10.054,2.322,1.1,3.4,1.343,0.3500,0.0000
1788372795.791,10.110,2.321,0.9,3.9,1.309,0.3500,0.0000
1788372796.020,10.174,2.321,0.8,4.1,1.295,0.3500,0.0000
1788372796.239,10.235,2.321,0.8,4.6,3.688,0.2864,0.0000
1788372796.460,10.291,2.323,1.1,4.6,3.629,0.2545,0.0000
1788372796.681,10.349,2.324,1.1,5.0,3.572,0.1909,0.0000
1788372796.921,10.396,2.327,0.9,4.9,3.515,0.1591,0.0000
1788372797.132,10.442,2.328,0.9,5.4,3.460,0.0318,0.0000
1788372797.349,10.491,2.330,1.1,5.7,3.405,0.0636,0.0000
1788372797.584,10.543,2.331,1.1,6.4,3.352,0.0636,0.0000
1788372797.805,10.581,2.328,1.1,8.0,3.300,0.2545,0.0000
1788372798.016,10.623,2.328,1.1,9.5,3.254,0.1909,0.0000
1788372798.230,10.670,2.323,1.3,12.9,3.210,0.1591,0.0000
1788372798.476,10.715,2.323,1.3,16.5,3.166,0.1273,0.0000
1788372798.690,10.745,2.324,2.9,18.5,3.122,0.0000,0.0000
1788372798.899,10.749,2.319,6.4,17.3,3.114,0.0000,0.0000
1788372799.126,10.749,2.319,10.7,13.1,3.117,0.0000,0.0000
1788372799.344,10.749,2.319,10.7,13.1,3.117,0.0000,0.0000
1788372799.557,10.740,2.314,10.5,13.8,3.117,0.0000,0.0000
1788372799.766,10.740,2.314,10.5,13.8,3.117,0.0000,0.0000
1788372799.987,10.740,2.314,10.5,13.8,3.117,0.0000,0.0000
1788372800.198,10.740,2.314,10.5,13.8,3.117,0.0000,0.0000
1788372800.411,10.740,2.314,13.6,49.4,3.117,0.0000,2.0000
1788372800.668,10.740,2.314,19.0,44.0,3.121,0.0000,3.9958
1788372800.936,10.740,2.314,23.1,39.9,3.140,0.0000,3.7594
1788372801.187,10.769,2.322,28.1,37.5,3.149,0.0000,3.5365
1788372801.428,10.762,2.328,33.9,30.6,2.870,0.0000,3.3191
1788372801.663,10.760,2.330,39.2,25.0,2.654,0.0000,2.8936
1788372801.873,10.758,2.339,43.7,19.9,2.484,0.0318,0.0000
1788372802.090,10.774,2.341,49.2,16.0,2.351,0.2545,0.0000
1788372802.327,10.776,2.342,54.1,8.6,2.246,0.3182,0.0000
1788372802.548,10.798,2.350,57.6,6.8,2.206,0.2864,0.0000
1788372802.763,10.834,2.376,57.6,9.2,2.194,0.3500,0.0000
1788372802.985,10.878,2.429,57.6,10.6,2.142,0.3500,0.0000
1788372803.223,10.905,2.490,57.2,10.9,2.088,0.3500,0.0000
1788372803.443,10.939,2.542,57.2,6.8,2.020,0.3182,0.0000
1788372803.654,10.954,2.587,57.7,5.5,1.966,0.3500,0.0000
1788372803.905,10.983,2.638,57.8,5.7,1.912,0.3500,0.0000
1788372804.129,11.015,2.689,57.8,7.1,1.847,0.3500,0.0000
1788372804.346,11.049,2.745,57.7,7.1,1.793,0.2864,0.0000
1788372804.585,11.081,2.796,57.7,7.8,1.729,0.3500,0.0000
1788372804.808,11.109,2.841,57.7,8.2,1.676,0.3500,0.0000
1788372805.025,11.141,2.894,57.7,8.9,1.613,0.2864,0.0000
1788372805.246,11.174,2.946,57.7,9.6,1.552,0.2545,0.0000
1788372805.489,11.205,2.994,58.9,11.6,1.499,0.1909,0.0000
1788372805.707,11.236,3.047,58.9,13.1,1.446,0.1273,0.0000
1788372805.923,11.275,3.100,59.1,15.9,1.394,0.0955,0.0000
1788372806.155,11.305,3.150,59.2,18.7,1.342,0.0318,0.0000
1788372806.392,11.331,3.193,59.2,21.9,1.296,0.2864,0.0000
1788372806.605,11.358,3.237,58.9,27.1,1.255,0.0000,2.0000
1788372806.842,11.382,3.275,58.9,33.0,1.217,0.0000,3.2793
1788372807.118,11.409,3.308,58.6,42.8,1.178,0.0000,3.7247
1788372807.341,11.422,3.327,60.9,46.8,1.140,0.0000,4.0000
1788372807.567,11.422,3.327,65.8,41.9,1.114,0.0000,3.8492
1788372807.813,11.432,3.340,70.8,42.1,1.113,0.0000,0.0000
1788372808.041,11.433,3.342,75.8,38.0,1.113,0.0000,0.0000
1788372808.250,11.438,3.360,77.6,41.2,1.118,0.0000,0.0000
1788372808.471,11.429,3.349,76.8,36.3,1.118,0.0000,0.0000
1788372808.717,11.429,3.349,76.8,36.2,1.118,0.0000,0.0000
1788372808.936,11.429,3.349,76.8,36.2,1.118,0.0000,0.0000
1788372809.149,11.429,3.349,76.8,36.2,1.118,0.0000,0.0000
1788372809.389,11.429,3.349,76.8,87.5,1.118,0.0000,1.0000
1788372809.618,11.432,3.367,80.7,85.7,1.115,0.0000,3.0000
1788372809.833,11.438,3.407,80.7,90.5,1.077,0.0000,4.0000
1788372810.061,11.453,3.446,81.1,94.6,1.037,0.0000,4.0000
1788372810.314,11.460,3.486,81.1,99.2,0.996,0.0000,4.0000
1788372810.545,11.465,3.519,81.1,85.1,0.956,0.0000,4.0000
1788372810.790,11.472,3.546,81.0,87.7,0.916,0.0000,4.0000
1788372811.086,11.478,3.580,81.0,91.5,0.875,0.0000,4.0000
1788372811.315,11.485,3.620,81.0,95.9,0.835,0.0000,4.0000
1788372811.551,11.490,3.649,81.8,98.2,0.798,0.0000,4.0000
1788372811.814,11.490,3.650,84.8,95.3,0.799,0.0000,4.0000
1788372812.057,11.490,3.650,87.4,92.7,0.800,0.0000,4.0000
1788372812.278,11.490,3.650,89.4,90.7,0.799,0.0000,4.0000
1788372812.512,11.490,3.650,91.0,87.5,0.800,0.0000,4.0000
1788372812.735,11.508,3.641,91.7,85.9,0.802,0.0000,4.0000
1788372812.955,11.508,3.649,93.0,85.5,0.796,0.0000,4.0000
1788372813.193,11.508,3.649,94.6,83.9,0.882,0.0000,4.0000
1788372813.461,11.507,3.656,95.8,80.6,0.983,0.0000,4.0000
1788372813.696,11.508,3.657,98.0,78.5,1.108,0.0000,4.0000
1788372813.928,11.507,3.664,99.4,78.0,1.277,0.0000,4.0000
1788372814.195,11.507,3.664,101.0,76.4,1.378,0.0000,4.0000
1788372814.474,11.507,3.667,102.3,75.5,1.299,0.0000,4.0000
1788372814.730,11.499,3.684,104.2,75.4,1.234,0.0000,4.0000
1788372814.993,11.495,3.690,107.2,73.1,1.143,0.0000,4.0000
1788372815.233,11.495,3.690,109.9,70.4,1.045,0.0000,4.0000
1788372815.466,11.495,3.690,112.0,70.9,0.981,0.0000,4.0000
1788372815.689,11.513,3.700,113.4,70.5,0.937,0.0000,4.0000
1788372815.935,11.513,3.700,116.0,67.9,0.912,0.0000,4.0000
1788372816.165,11.513,3.700,118.1,65.8,0.909,0.0000,4.0000
1788372816.396,11.524,3.689,118.5,64.1,0.909,0.0000,4.0000
1788372816.685,11.510,3.714,119.5,66.4,0.877,0.0000,4.0000
1788372816.930,11.510,3.714,120.6,65.3,0.870,0.0000,4.0000
1788372817.161,11.502,3.736,120.8,67.8,0.861,0.0000,4.0000
1788372817.402,11.482,3.771,121.6,70.4,0.820,0.0000,4.0000
1788372817.638,11.470,3.789,117.7,78.1,0.781,0.0000,4.0000
1788372817.866,11.470,3.789,110.0,85.8,0.775,0.0000,4.0000
1788372818.094,11.470,3.789,104.1,91.7,0.904,0.0000,4.0000
1788372818.328,11.470,3.789,98.2,97.6,1.097,0.0000,4.0000
1788372818.545,11.479,3.793,91.7,101.5,3.707,0.0000,4.0000
1788372818.758,11.465,3.810,91.1,104.3,0.998,0.0000,4.0000
1788372818.997,11.463,3.770,90.5,100.5,0.998,0.0000,4.0000
1788372819.213,11.463,3.695,91.5,90.6,0.997,0.0000,4.0000
1788372819.437,11.465,3.644,91.5,85.1,0.996,0.0000,4.0000
1788372819.667,11.466,3.593,91.5,80.3,0.996,0.0000,4.0000
1788372819.909,11.468,3.539,92.4,73.4,0.995,0.0000,4.0000
1788372820.134,11.470,3.488,92.6,67.9,0.994,0.0000,4.0000
1788372820.358,11.470,3.478,92.6,66.8,0.993,0.0000,4.0000
1788372820.610,11.469,3.528,93.1,73.1,0.994,0.0000,4.0000
1788372820.828,11.468,3.562,93.1,76.9,0.994,0.0000,4.0000
1788372821.071,11.465,3.603,93.1,80.9,0.995,0.0000,0.0000
1788372821.353,11.463,3.644,93.1,85.3,0.996,0.0000,3.0000
1788372821.582,11.463,3.645,90.0,88.5,0.850,0.0000,4.0000
1788372821.806,11.463,3.622,90.0,86.7,0.850,0.0000,4.0000
1788372822.037,11.463,3.571,90.0,80.8,0.857,0.0000,4.0000
1788372822.281,11.463,3.520,90.0,75.1,0.881,0.0000,4.0000
1788372822.527,11.463,3.469,90.0,69.7,0.929,0.0000,4.0000
1788372822.770,11.463,3.427,90.0,65.9,0.977,0.0000,4.0000
1788372823.049,11.463,3.376,90.0,60.9,1.029,0.0000,4.0000
1788372823.264,11.463,3.329,89.6,57.0,1.076,0.0000,4.0000
1788372823.488,11.462,3.308,89.5,55.3,1.117,0.0000,4.0000
1788372823.731,11.462,3.340,89.5,80.6,1.102,0.0000,4.0000
1788372823.951,11.459,3.361,89.6,83.0,1.060,0.0000,4.0000
1788372824.169,11.459,3.402,89.6,87.0,1.023,0.0000,4.0000
1788372824.398,11.460,3.437,89.6,90.8,0.982,0.0000,4.0000
1788372824.621,11.460,3.437,89.6,90.8,0.970,0.0000,4.0000
1788372824.832,11.456,3.462,88.5,87.0,0.970,0.0000,4.0000
1788372825.048,11.453,3.473,93.2,83.1,0.970,0.0000,4.0000
1788372825.305,11.453,3.473,108.4,68.0,1.043,0.0000,4.0000
1788372825.529,11.453,3.473,118.4,58.0,1.052,0.0000,4.0000
1788372825.742,11.460,3.480,125.3,47.9,1.054,0.0000,4.0000
1788372825.964,11.455,3.483,129.4,44.1,1.057,0.0000,3.9701
1788372826.194,11.457,3.479,133.6,39.4,1.075,0.0000,3.7100
1788372826.413,11.459,3.463,138.5,32.7,1.131,0.0000,3.4610
1788372826.627,11.462,3.454,142.8,27.5,1.203,0.0000,3.1983
1788372826.873,11.463,3.450,147.8,16.1,1.293,0.0000,2.8081
1788372827.093,11.463,3.448,152.3,11.4,1.408,0.3500,0.0000
1788372827.311,11.462,3.448,157.5,6.2,1.556,0.3500,0.0000
1788372827.547,11.459,3.449,160.8,2.8,1.750,0.3182,0.0000
1788372827.774,11.431,3.457,159.6,0.3,1.735,0.2864,0.0000
1788372827.983,11.414,3.461,158.0,1.6,1.663,0.3500,0.0000
1788372828.195,11.413,3.461,155.7,3.8,1.582,0.1909,0.0000
1788372828.442,11.413,3.461,153.8,5.7,1.515,0.3500,0.0000
1788372828.662,11.413,3.461,152.6,7.0,1.468,0.3500,0.0000
1788372828.870,11.397,3.468,151.2,-62.5,1.426,0.0000,-1.0000
1788372829.102,11.396,3.468,149.5,-60.9,1.385,0.0000,-3.0000
1788372829.338,11.390,3.471,148.0,-60.1,1.351,0.0000,-4.0000
1788372829.562,11.385,3.475,146.5,-59.3,1.313,0.0000,-4.0000
1788372829.782,11.386,3.469,145.3,-57.8,1.283,0.0000,-4.0000
1788372830.029,11.368,3.481,143.9,-54.8,1.247,0.0000,-4.0000
1788372830.249,11.368,3.481,142.1,-52.9,1.213,0.0000,-4.0000
1788372830.471,11.367,3.482,140.9,-51.8,1.189,0.0000,-4.0000
1788372830.702,11.362,3.487,139.8,-51.4,1.160,0.0000,-4.0000
1788372830.933,11.358,3.491,138.6,24.1,1.140,0.0000,-3.0000
1788372831.160,11.343,3.504,136.9,26.6,1.102,0.0000,-1.0000
1788372831.391,11.343,3.504,134.9,28.7,1.079,0.0000,1.0000
1788372831.641,11.343,3.504,133.3,30.2,1.061,0.0000,3.6465
1788372831.862,11.334,3.508,131.8,32.6,1.046,0.0000,3.7145
1788372832.077,11.332,3.510,130.3,34.3,1.029,0.0000,3.7951
1788372832.311,11.329,3.514,128.9,36.0,1.011,0.0000,3.8632
1788372832.542,11.321,3.524,127.8,38.0,0.998,0.0000,0.0000
1788372832.764,11.318,3.520,126.4,44.7,0.977,0.0000,1.0000
1788372833.000,11.318,3.520,124.9,46.3,0.967,0.0000,3.0000
1788372833.231,11.310,3.532,123.6,48.9,0.950,0.0000,4.0000
1788372833.453,11.310,3.532,121.9,50.5,0.936,0.0000,4.0000
1788372833.665,11.300,3.532,120.2,52.0,0.928,0.0000,4.0000
1788372833.927,11.296,3.538,118.5,-43.3,0.904,0.0000,2.0000
1788372834.155,11.296,3.538,116.9,-41.7,0.901,0.0000,0.0000
1788372834.378,11.291,3.549,115.9,-40.2,0.898,0.0000,-2.0000
1788372834.604,11.279,3.546,113.9,-40.9,0.885,0.0000,-3.3209
1788372834.835,11.279,3.546,112.2,-39.1,0.884,0.0000,-3.1992
1788372835.049,11.276,3.552,110.8,-36.7,0.882,0.0000,-3.1319
1788372835.271,11.274,3.559,109.1,-35.5,0.867,0.0000,-3.0651
1788372835.526,11.263,3.578,107.2,-35.2,0.864,0.0000,-2.9769
1788372835.765,11.263,3.578,104.7,-32.7,0.864,0.0000,-2.8482
1788372835.982,11.263,3.578,102.8,-30.8,0.862,0.0318,6.0000
1788372836.211,11.250,3.585,101.4,-31.0,0.862,0.3182,6.0000
1788372836.452,11.249,3.585,99.7,-29.4,0.861,0.3182,6.0000
1788372836.670,11.249,3.585,97.8,-27.6,0.860,0.3182,6.0000
1788372836.889,11.249,3.591,96.4,-24.7,0.860,0.0318,6.0000
1788372837.132,11.245,3.610,95.0,-24.3,0.841,0.0000,6.0000
1788372837.346,11.245,3.610,92.7,-21.9,0.841,0.0000,6.0000
1788372837.560,11.245,3.610,90.8,-20.1,0.839,0.0318,6.0000
1788372837.795,11.229,3.633,89.2,-21.0,0.838,0.0000,6.0000
1788372838.024,11.228,3.635,86.4,-20.5,0.835,0.0000,6.0000
1788372838.234,11.228,3.635,84.2,-18.3,1.026,0.0000,6.0000
1788372838.458,11.228,3.635,82.1,-16.2,1.341,0.3500,0.0000
1788372838.713,11.223,3.631,80.9,-15.3,1.344,0.2227,0.0000
1788372838.935,11.226,3.648,79.3,98.2,1.279,0.0000,1.0000
1788372839.157,11.226,3.648,77.4,100.0,1.196,0.0000,3.0000
1788372839.390,11.234,3.645,77.2,99.9,1.138,0.0000,4.0000
1788372839.612,11.239,3.670,75.7,104.2,1.090,0.0000,4.0000
1788372839.824,11.239,3.670,73.3,106.6,1.024,0.0000,4.0000
1788372840.090,11.239,3.670,71.4,104.7,0.971,0.0000,4.0000
1788372840.355,11.252,3.661,70.4,104.9,0.935,0.0000,4.0000
1788372840.591,11.261,3.687,69.6,108.5,0.906,0.0000,4.0000
1788372840.819,11.261,3.687,67.4,110.7,0.894,0.0000,4.0000
1788372841.064,11.261,3.687,65.6,114.2,0.895,0.0000,4.0000
1788372841.285,11.261,3.692,64.4,116.1,0.891,0.0000,4.0000
1788372841.501,11.264,3.699,62.6,118.7,0.876,0.0000,4.0000
1788372841.726,11.264,3.699,60.8,120.5,0.872,0.0000,4.0000
1788372842.038,11.262,3.695,59.5,121.3,0.874,0.0000,0.0000
1788372842.250,11.277,3.721,58.6,125.1,0.854,0.0000,2.0000
1788372842.474,11.298,3.755,57.6,129.7,0.812,0.0000,4.0000
1788372842.705,11.300,3.757,57.6,129.9,0.793,0.0000,4.0000
1788372842.913,11.300,3.757,57.6,129.9,0.793,0.0000,4.0000
1788372843.125,11.309,3.762,62.7,127.5,0.793,0.0000,4.0000
1788372843.366,11.309,3.762,82.3,107.9,0.894,0.0000,4.0000
1788372843.599,11.309,3.762,100.6,89.6,0.800,0.0000,4.0000
1788372843.824,11.325,3.748,112.0,76.3,0.685,0.0000,4.0000
1788372844.073,11.324,3.755,120.5,68.6,0.690,0.0000,4.0000
1788372844.317,11.318,3.738,124.7,62.6,0.703,0.0000,4.0000
1788372844.530,11.318,3.720,129.5,55.8,0.735,0.0000,4.0000
1788372844.761,11.320,3.719,135.5,49.5,0.775,0.0000,4.0000
1788372845.024,11.320,3.721,140.8,40.3,0.825,0.0000,3.7995
1788372845.238,11.314,3.720,145.5,35.5,0.887,0.0000,3.5806
1788372845.463,11.306,3.722,150.2,31.0,0.966,0.0000,3.3700
1788372845.704,11.305,3.722,145.8,35.5,1.024,0.0000,3.5099
1788372845.926,11.304,3.721,135.0,46.2,0.896,0.0000,3.9485
1788372846.151,11.304,3.721,127.0,51.0,0.815,0.0000,4.0000
1788372846.382,11.304,3.721,117.4,60.6,0.766,0.0000,4.0000
1788372846.630,11.291,3.718,107.5,70.2,0.743,0.0000,4.0000
1788372846.856,11.286,3.708,98.4,78.1,0.740,0.0000,4.0000
1788372847.075,11.272,3.716,89.1,88.3,0.735,0.0000,4.0000
1788372847.329,11.248,3.716,81.6,95.9,0.729,0.0000,4.0000
1788372847.572,11.246,3.724,75.6,102.6,1.318,0.0000,4.0000
1788372847.814,11.233,3.730,70.4,108.5,1.247,0.0000,4.0000
1788372848.076,11.226,3.728,66.8,112.0,1.139,0.0000,4.0000
1788372848.312,11.225,3.733,64.8,114.6,1.071,0.0000,4.0000
1788372848.540,11.219,3.729,62.1,116.8,1.025,0.0000,4.0000
1788372848.777,11.217,3.727,60.2,118.5,0.994,0.0000,4.0000
1788372849.018,11.220,3.733,58.8,120.5,0.972,0.0000,4.0000
1788372849.277,11.228,3.761,57.1,125.4,0.949,0.0000,4.0000
1788372849.520,11.250,3.795,56.5,129.7,0.910,0.0000,4.0000
1788372849.785,11.273,3.829,55.9,133.4,0.869,0.0000,4.0000
1788372850.027,11.296,3.863,55.5,136.7,0.827,0.0000,4.0000
1788372850.258,11.315,3.890,55.3,143.2,0.794,0.0000,4.0000
1788372850.515,11.321,3.894,59.6,139.0,0.768,0.0000,4.0000
1788372850.735,11.321,3.894,68.0,130.6,0.908,0.0000,4.0000
1788372850.962,11.321,3.894,73.6,125.0,1.057,0.0000,4.0000
1788372851.209,11.293,3.845,73.7,115.4,1.170,0.0000,4.0000
1788372851.452,11.271,3.800,73.2,111.2,1.196,0.0000,4.0000
1788372851.675,11.256,3.752,73.1,106.0,1.223,0.0000,4.0000
1788372851.906,11.241,3.703,73.1,100.5,1.249,-0.1500,0.0000
1788372852.144,11.229,3.661,75.2,93.5,1.276,-0.1500,0.0000
1788372852.358,11.218,3.620,75.3,88.7,1.302,-0.1500,0.0000
1788372852.584,11.207,3.577,75.3,83.9,1.328,-0.1500,0.0000
1788372852.828,11.212,3.592,75.8,85.1,1.335,-0.1500,0.0000
1788372853.061,11.222,3.631,75.8,89.6,1.316,-0.1500,0.0000
1788372853.285,11.231,3.665,75.1,94.1,1.291,-0.1500,0.0000
1788372853.523,11.231,3.665,73.1,96.1,1.226,-0.1500,0.0000
1788372853.764,11.231,3.665,71.5,97.7,1.169,-0.1500,0.0000
1788372853.977,11.236,3.679,70.2,100.7,1.127,-0.1500,0.0000
1788372854.196,11.236,3.679,68.6,102.2,1.080,-0.1500,0.0000
1788372854.461,11.236,3.679,67.0,103.8,1.040,-0.1500,0.0000
1788372854.687,11.234,3.688,65.5,106.3,1.006,-0.1500,0.0000
1788372854.912,11.232,3.689,63.9,108.0,0.974,-0.1500,0.0000
1788372855.155,11.235,3.695,62.5,110.1,0.946,-0.1500,0.0000
1788372855.391,11.236,3.697,61.0,111.8,0.942,-0.1500,0.0000
1788372855.606,11.228,3.694,59.8,112.6,0.937,-0.1500,0.0000
1788372855.838,11.244,3.722,58.7,117.0,0.922,-0.1500,0.0000
1788372856.085,11.266,3.756,57.7,121.8,0.878,-0.1500,0.0000
1788372856.309,11.284,3.785,57.0,125.5,0.842,-0.1500,0.0000
1788372856.527,11.306,3.819,56.4,129.7,0.803,-0.1500,0.0000
1788372856.780,11.325,3.839,53.3,135.3,0.762,-0.1500,0.0000
1788372857.020,11.320,3.835,61.2,127.0,0.749,-0.1500,0.0000
1788372857.235,11.320,3.835,69.0,119.3,0.901,-0.1500,0.0000
1788372857.469,11.320,3.835,74.6,113.6,1.051,-0.1500,0.0000
1788372857.713,11.319,3.838,80.3,108.3,3.684,-0.1500,0.0000
1788372857.932,11.311,3.843,89.0,100.3,0.994,-0.1500,0.0000
1788372858.146,11.310,3.850,87.2,102.8,0.806,-0.1500,0.0000
1788372858.403,11.302,3.804,86.3,98.1,0.798,-0.1500,0.0000
1788372858.625,11.303,3.764,86.7,93.4,0.783,-0.1500,0.0000
1788372858.843,11.301,3.713,86.7,88.5,0.769,-0.1500,0.0000
1788372859.077,11.298,3.662,86.7,83.4,0.754,-0.1500,0.0000
1788372859.318,11.294,3.616,88.5,77.2,0.768,-0.1500,0.0000
1788372859.537,11.292,3.565,88.5,72.5,0.817,-0.1500,0.0000
1788372859.769,11.291,3.517,89.6,67.0,0.866,-0.1500,0.0000
1788372860.015,11.290,3.517,89.7,67.0,0.894,-0.1500,0.0000
1788372860.245,11.291,3.551,89.7,69.9,0.866,-0.1500,0.0000
1788372860.500,11.277,3.586,87.3,75.0,0.828,-0.1500,0.0000
1788372860.764,11.278,3.594,87.3,75.8,0.802,-0.1500,0.0000
1788372860.991,11.278,3.594,87.3,75.8,0.802,-0.1500,0.0000
1788372861.197,11.278,3.594,89.4,73.8,0.802,-0.1500,0.0000
1788372861.442,11.278,3.594,105.6,57.6,0.808,-0.1500,0.0000
1788372861.671,11.278,3.594,116.5,46.7,0.814,-0.1500,0.0000
1788372861.891,11.287,3.599,121.4,42.5,0.833,-0.1500,0.0000
1788372862.110,11.284,3.608,126.8,37.9,0.865,-0.1500,0.0000
1788372862.355,11.278,3.626,131.6,34.6,0.901,-0.1500,0.0000
1788372862.571,11.267,3.629,136.6,29.8,0.947,-0.1500,0.0000
1788372862.781,11.264,3.628,141.5,24.7,1.005,-0.1500,0.0000
1788372863.017,11.253,3.628,146.6,19.2,1.078,-0.1500,0.0000
1788372863.242,11.244,3.618,151.0,13.6,1.170,-0.1500,0.0000
1788372863.461,11.243,3.616,155.8,8.5,1.288,0.0000,0.0000
1788372863.677,11.234,3.615,153.8,10.1,1.442,0.0000,0.0000
1788372863.920,11.219,3.616,143.7,19.9,1.210,0.0000,0.0000
1788372864.156,11.219,3.616,135.7,27.9,1.054,0.0000,0.0000
1788372864.410,11.219,3.616,126.1,37.4,0.955,0.0000,0.0000
1788372864.664,11.214,3.607,117.3,45.2,0.895,0.0000,0.0000
1788372864.901,11.225,3.608,108.4,54.6,0.864,0.0000,0.0000
1788372865.193,11.209,3.619,102.2,61.5,0.859,0.0000,0.0000
1788372865.473,11.207,3.614,97.9,65.1,0.857,0.0000,0.0000
1788372865.692,11.220,3.592,94.2,66.9,0.855,0.0000,0.0000
1788372865.913,11.210,3.599,92.3,69.2,0.853,0.0000,0.0000
1788372866.156,11.207,3.596,90.4,70.7,0.852,0.0000,0.0000
1788372866.398,11.206,3.595,88.6,72.3,0.851,0.0000,0.0000
1788372866.623,11.206,3.602,87.3,74.4,0.849,0.0000,0.0000
1788372866.854,11.197,3.602,85.8,77.4,0.833,0.0000,0.0000
1788372867.122,11.197,3.610,84.5,79.5,0.832,0.0000,0.0000
1788372867.346,11.198,3.616,82.9,81.8,0.814,0.0000,0.0000
1788372867.572,11.199,3.619,81.5,83.4,0.813,0.0000,0.0000
1788372867.829,11.181,3.642,79.9,87.0,0.798,0.0000,0.0000
1788372868.058,11.181,3.642,77.4,89.5,0.795,0.0000,0.0000
1788372868.287,11.181,3.642,75.8,91.1,1.404,0.0000,0.0000
1788372868.534,11.172,3.654,74.7,93.3,1.337,0.0000,0.0000
1788372868.780,11.169,3.659,72.7,95.7,1.273,0.0000,0.0000
1788372869.001,11.169,3.659,70.8,97.6,1.207,0.0000,0.0000
1788372869.231,11.170,3.662,69.4,99.4,1.162,0.0000,0.0000
1788372869.492,11.158,3.690,67.9,112.1,1.119,0.0000,1.0000
1788372869.716,11.158,3.690,65.4,114.7,1.059,0.0000,3.0000
1788372869.934,11.158,3.690,63.4,116.7,1.023,0.0000,4.0000
1788372870.200,11.149,3.682,62.2,116.8,1.021,0.0000,4.0000
1788372870.431,11.157,3.701,61.3,120.0,1.010,0.0000,4.0000
1788372870.657,11.158,3.702,59.8,115.9,0.992,0.0000,4.0000
1788372870.886,11.169,3.719,58.5,119.2,0.989,0.0000,4.0000
1788372871.128,11.187,3.730,56.9,122.0,0.949,0.0000,4.0000
1788372871.357,11.208,3.758,56.2,125.9,0.910,0.0000,4.0000
1788372871.608,11.231,3.792,55.7,127.8,0.870,0.0000,4.0000
1788372871.885,11.254,3.826,55.4,131.6,0.831,0.0000,4.0000
1788372872.139,11.269,3.869,56.0,135.3,0.790,0.0000,4.0000
1788372872.376,11.288,3.898,55.7,138.0,0.748,0.0000,4.0000
1788372872.621,11.311,3.931,55.3,150.0,0.709,0.0000,4.0000
1788372872.834,11.327,3.954,58.0,148.9,0.673,0.0000,4.0000
1788372873.047,11.334,3.951,66.1,140.1,0.697,0.0000,4.0000
1788372873.285,11.334,3.951,71.9,134.3,0.811,0.0000,4.0000
1788372873.513,11.323,3.940,77.5,128.1,0.940,0.0000,4.0000
1788372873.734,11.325,3.941,82.4,123.1,1.128,0.0000,4.0000
1788372873.965,11.322,3.908,84.3,117.9,3.624,0.0000,4.0000
1788372874.209,11.316,3.870,84.0,112.4,3.673,0.0000,4.0000
1788372874.423,11.303,3.837,83.8,107.8,3.724,0.0000,4.0000
1788372874.639,11.294,3.793,83.8,109.1,3.774,0.0000,4.0000
1788372874.874,11.289,3.743,83.8,103.7,1.284,0.0000,4.0000
1788372875.117,11.275,3.648,84.5,92.7,1.249,0.0000,4.0000
1788372875.341,11.271,3.604,84.5,88.1,1.214,0.0000,4.0000
1788372875.577,11.265,3.615,84.9,89.3,1.202,0.0000,4.0000
1788372875.817,11.267,3.651,84.5,93.7,1.230,0.0000,4.0000
1788372876.043,11.267,3.651,82.4,95.7,1.393,0.0000,4.0000
1788372876.258,11.267,3.651,80.9,97.2,1.287,0.0000,4.0000
1788372876.501,11.268,3.657,79.5,99.4,1.216,0.0000,4.0000
1788372876.717,11.269,3.658,77.9,96.8,1.154,0.0000,4.0000
1788372876.930,11.270,3.665,76.5,99.0,1.101,0.0000,4.0000
1788372877.156,11.278,3.664,74.7,100.7,1.052,0.0000,4.0000
1788372877.400,11.284,3.681,73.6,103.8,1.014,0.0000,4.0000
1788372877.610,11.287,3.690,71.0,107.4,0.962,0.0000,4.0000
1788372877.823,11.287,3.690,68.4,5.7,0.894,0.0955,0.0000
1788372878.053,11.284,3.693,65.9,7.7,0.856,0.0955,0.0000
1788372878.309,11.281,3.694,63.7,9.7,0.856,0.0636,0.0000
1788372878.554,11.281,3.694,62.2,11.2,0.853,0.1273,0.0000
1788372878.802,11.294,3.690,61.5,116.9,0.856,0.0000,1.0000
1788372879.018,11.294,3.690,61.5,116.9,0.856,0.0000,3.0000
1788372879.229,11.294,3.690,63.8,114.6,0.856,0.0000,4.0000
1788372879.450,11.294,3.690,83.5,94.9,1.048,0.0000,4.0000
1788372879.714,11.294,3.690,101.6,76.8,0.713,0.0000,4.0000
1788372879.947,11.242,3.698,114.1,66.8,0.721,0.0000,4.0000
1788372880.183,11.251,3.692,121.4,59.1,0.726,0.0000,4.0000
1788372880.445,11.239,3.684,126.8,52.6,0.759,0.0000,4.0000
1788372880.674,11.234,3.686,132.5,47.1,0.793,0.0000,4.0000
1788372880.894,11.236,3.701,137.8,41.9,0.837,0.0000,3.7517
1788372881.118,11.237,3.705,142.7,37.4,0.892,0.0000,3.5552
1788372881.352,11.227,3.727,147.9,34.7,0.961,0.0000,3.3895
1788372881.567,11.213,3.722,153.3,28.8,1.048,0.0000,3.1586
1788372881.789,11.212,3.722,149.1,28.9,1.123,0.0000,0.0000
1788372882.032,11.204,3.721,140.8,37.1,0.972,0.0000,1.0000
1788372882.260,11.204,3.721,131.2,46.7,0.877,0.0000,4.0000
1788372882.489,11.204,3.721,121.6,56.3,0.818,0.0000,4.0000
1788372882.729,11.202,3.719,112.4,65.2,0.785,0.0000,4.0000
1788372882.970,11.217,3.638,102.7,65.7,0.778,0.0000,4.0000
1788372883.191,11.205,3.640,96.0,72.4,0.775,0.0000,4.0000
1788372883.413,11.201,3.631,90.3,77.0,0.771,0.0000,4.0000
1788372883.663,11.201,3.626,86.7,79.9,0.768,0.0000,4.0000
1788372883.896,11.198,3.629,84.5,90.9,0.766,0.0000,4.0000
1788372884.119,11.191,3.636,82.3,93.8,0.763,0.0000,4.0000
1788372884.365,11.188,3.639,79.8,96.8,0.760,0.0000,4.0000
1788372884.604,11.188,3.639,77.6,98.9,1.186,0.0000,4.0000
1788372884.820,11.175,3.657,75.1,103.4,1.378,0.0000,4.0000
1788372885.045,11.175,3.657,72.9,103.5,1.297,0.0000,4.0000
1788372885.281,11.175,3.657,71.1,105.3,1.240,0.0000,4.0000
1788372885.503,11.169,3.664,68.2,108.8,1.200,0.0000,4.0000
1788372885.724,11.175,3.678,66.8,112.0,1.158,0.0000,4.0000
1788372885.965,11.175,3.678,65.4,113.3,1.117,0.0000,4.0000
1788372886.199,11.183,3.695,64.1,116.6,1.082,0.0000,4.0000
1788372886.418,11.179,3.726,62.1,122.1,1.039,0.0000,4.0000
1788372886.657,11.179,3.726,60.3,123.8,1.004,0.0000,4.0000
1788372886.900,11.182,3.732,58.9,120.2,0.979,0.0000,4.0000
1788372887.124,11.194,3.757,58.6,123.4,0.954,0.0000,4.0000
1788372887.342,11.214,3.791,57.7,127.8,0.911,0.0000,4.0000
1788372887.579,11.236,3.825,56.9,131.8,0.870,0.0000,4.0000
1788372887.796,11.259,3.859,56.3,135.3,0.833,0.0000,4.0000
1788372888.037,11.278,3.887,55.9,139.4,0.797,0.0000,4.0000
1788372888.323,11.305,3.919,55.9,142.0,0.754,0.0000,4.0000
1788372888.585,11.328,3.952,55.5,145.1,0.719,0.0000,4.0000
1788372888.813,11.329,3.954,64.1,136.6,0.749,0.0000,4.0000
1788372889.046,11.318,3.951,70.6,134.6,0.878,0.0000,4.0000
1788372889.295,11.317,3.944,75.4,126.7,1.009,0.0000,4.0000
1788372889.514,11.300,3.899,75.0,120.8,1.097,0.0000,4.0000
1788372889.727,11.278,3.852,74.6,115.5,1.124,0.0000,4.0000
1788372889.976,11.267,3.811,74.6,119.8,1.151,0.0000,4.0000
1788372890.191,11.253,3.762,74.6,114.7,1.178,0.0000,4.0000
1788372890.407,11.230,3.726,76.2,109.6,1.205,0.0000,4.0000
1788372890.627,11.218,3.676,76.2,104.0,1.232,0.0000,4.0000
1788372890.859,11.204,3.635,75.7,100.0,1.259,0.0000,4.0000
1788372891.078,11.206,3.644,75.0,101.9,1.230,0.0000,4.0000
1788372891.289,11.210,3.659,73.7,105.0,1.186,0.0000,4.0000
1788372891.525,11.206,3.656,71.6,106.7,1.133,0.0000,4.0000
1788372891.743,11.215,3.680,70.2,111.0,1.088,0.0000,4.0000
1788372891.959,11.215,3.680,68.3,112.9,1.034,0.0000,4.0000
1788372892.184,11.215,3.680,66.5,112.5,0.990,0.0000,4.0000
1788372892.405,11.222,3.690,65.0,115.1,0.959,0.0000,4.0000
1788372892.614,11.224,3.692,63.3,117.1,0.942,0.0000,4.0000
1788372892.827,11.225,3.695,61.8,118.9,0.943,0.0000,4.0000
1788372893.063,11.231,3.705,60.3,119.2,0.926,0.0000,4.0000
1788372893.280,11.221,3.703,57.9,121.3,0.920,0.0000,4.0000
1788372893.494,11.243,3.737,57.1,125.9,0.891,0.0000,4.0000
1788372893.716,11.262,3.765,56.5,129.4,0.850,0.0000,4.0000
1788372893.956,11.284,3.799,56.0,133.1,0.810,0.0000,4.0000
1788372894.172,11.307,3.833,55.6,135.0,0.772,0.0000,4.0000
1788372894.392,11.339,3.868,55.2,138.2,0.730,0.0000,4.0000
1788372894.635,11.342,3.870,63.9,129.7,0.712,0.0000,4.0000
1788372894.863,11.342,3.870,70.5,123.0,0.828,0.0000,4.0000
1788372895.092,11.342,3.870,76.1,122.7,0.959,0.0000,4.0000
1788372895.335,11.344,3.870,82.1,116.7,1.147,0.0000,4.0000
1788372895.575,11.338,3.869,87.5,111.4,3.666,0.0000,4.0000
1788372895.786,11.337,3.878,88.9,111.0,0.908,0.0000,4.0000
1788372896.008,11.335,3.843,89.0,107.2,0.905,0.0000,4.0000
1788372896.245,11.321,3.776,88.7,102.8,0.896,0.0000,4.0000
1788372896.466,11.320,3.725,88.7,96.5,0.887,0.0000,4.0000
1788372896.674,11.319,3.674,88.7,91.2,0.878,0.0000,4.0000
1788372896.899,11.306,3.617,88.2,86.1,0.870,0.0000,4.0000
1788372897.134,11.303,3.565,88.1,84.1,0.861,0.0000,4.0000
1788372897.358,11.302,3.535,88.1,80.6,0.853,0.0000,4.0000
1788372897.570,11.310,3.534,89.4,79.3,0.857,0.0000,4.0000
1788372897.810,11.310,3.534,89.4,79.3,0.857,0.0000,4.0000
1788372898.032,11.310,3.534,102.8,66.0,0.862,0.0000,4.0000
1788372898.249,11.310,3.534,114.7,51.9,0.868,0.0000,4.0000
1788372898.489,11.301,3.531,121.9,44.1,0.875,0.0000,4.0000
1788372898.716,11.277,3.518,125.3,38.5,0.905,0.0000,4.0000
1788372898.936,11.268,3.508,129.8,32.7,0.939,0.0000,3.8505
1788372899.157,11.262,3.515,134.9,28.1,0.983,0.0000,3.6433
1788372899.412,11.261,3.515,139.8,27.5,1.039,0.0000,3.4997
1788372899.627,11.264,3.529,145.0,24.0,1.109,0.0000,3.3716
1788372899.848,11.261,3.525,150.4,18.1,1.198,0.0000,5.6036
1788372900.098,11.260,3.524,155.4,12.8,1.311,0.0000,5.5007
1788372900.331,11.255,3.506,157.7,8.4,1.457,0.0000,5.3495
1788372900.555,11.249,3.494,148.4,16.1,1.324,0.0000,5.6034
1788372900.792,11.248,3.491,139.5,24.7,1.142,0.0000,5.3560
1788372901.036,11.248,3.491,132.5,31.7,1.044,0.0000,5.0638
1788372901.264,11.245,3.488,126.3,37.4,0.991,0.0000,4.8936
1788372901.481,11.209,3.533,122.8,46.5,0.961,0.0000,4.7294
1788372901.719,11.182,3.555,116.2,56.0,0.935,0.0000,4.4580
1788372901.937,11.178,3.554,109.8,62.2,0.915,0.0000,4.2012
1788372902.155,11.238,3.511,106.5,61.0,0.913,0.0000,4.0481
1788372902.386,11.227,3.539,105.9,64.4,0.904,0.0000,4.0098
1788372902.677,11.221,3.537,103.8,66.1,0.885,0.0000,3.9212
1788372902.935,11.221,3.537,102.2,67.8,0.884,0.0000,3.8443
1788372903.168,11.218,3.552,100.8,70.7,0.879,0.0000,3.7826
1788372903.408,11.214,3.547,99.6,71.4,0.864,0.0000,3.7336
1788372903.621,11.213,3.554,98.4,73.3,0.864,0.0000,3.6404
1788372903.846,11.212,3.561,96.9,75.7,0.846,0.0000,3.5661
1788372904.091,11.211,3.568,95.5,77.8,0.846,0.0000,3.5174
1788372904.313,11.130,3.603,92.5,85.0,0.830,0.0000,3.4377
1788372904.527,11.130,3.603,88.4,89.1,0.828,0.0000,3.1488
1788372904.768,11.130,3.603,85.2,92.3,0.825,0.0000,2.9914
1788372904.999,11.196,3.578,82.4,92.5,0.823,0.0000,2.8586
1788372905.222,11.204,3.595,82.0,94.7,0.820,0.0000,2.7944
1788372905.462,11.206,3.629,82.0,98.4,0.785,0.0000,2.7896
1788372905.699,11.205,3.631,80.4,100.3,0.880,0.0000,2.7113
1788372905.928,11.205,3.631,78.9,101.8,1.248,0.0000,2.5704
1788372906.178,11.209,3.646,77.5,104.8,1.384,0.0000,2.4955
1788372906.425,11.209,3.646,75.8,106.5,1.312,0.0000,2.3537
1788372906.647,11.212,3.658,74.4,109.0,1.253,0.0000,2.2669
1788372906.860,11.209,3.670,72.8,112.0,1.191,0.0000,2.1212
1788372907.098,11.209,3.670,70.6,114.2,1.120,0.0000,1.9568
1788372907.325,11.209,3.670,68.9,115.9,1.069,0.0000,1.7589
1788372907.534,11.202,3.685,67.9,118.6,1.032,0.0000,1.6168
1788372907.758,11.197,3.687,65.9,120.9,0.988,0.0000,1.4229
1788372908.002,11.197,3.687,64.1,122.6,0.950,0.0000,1.2130
1788372908.218,11.201,3.693,62.7,124.7,0.925,0.0000,1.0113
1788372908.434,11.202,3.699,61.3,126.6,0.910,0.0000,1.0000
1788372908.663,11.202,3.699,59.8,119.6,0.908,0.0000,0.0000
1788372908.892,11.219,3.727,58.6,124.1,0.895,0.0000,3.0000
1788372909.103,11.241,3.762,57.6,128.8,0.857,0.0000,4.0000
1788372909.322,11.260,3.782,56.4,131.8,0.815,0.0000,4.0000
1788372909.574,11.283,3.816,55.9,135.4,0.777,0.0000,4.0000
1788372909.784,11.306,3.849,55.5,136.8,0.740,0.0000,4.0000
1788372910.000,11.325,3.875,55.5,138.8,0.698,0.0000,4.0000
1788372910.237,11.325,3.873,64.5,129.7,0.688,0.0000,4.0000
1788372910.469,11.325,3.873,71.0,123.2,0.807,0.0000,4.0000
1788372910.679,11.325,3.873,76.6,117.6,0.933,0.0000,4.0000
1788372910.897,11.328,3.871,82.1,116.8,1.115,0.0000,4.0000
1788372911.121,11.338,3.843,84.0,111.4,3.639,0.0000,4.0000
1788372911.336,11.331,3.798,83.9,104.8,3.687,0.0000,4.0000
1788372911.548,11.324,3.746,83.9,99.5,3.736,0.0000,4.0000
1788372911.773,11.319,3.696,83.9,94.2,3.786,0.0000,4.0000
1788372911.999,11.313,3.659,83.6,90.2,3.835,0.0000,4.0000
1788372912.215,11.307,3.612,83.5,84.8,1.264,0.0000,4.0000
1788372912.428,11.301,3.561,83.5,80.6,1.225,0.0000,4.0000
1788372912.674,11.286,3.537,82.4,78.8,1.189,0.0000,4.0000
1788372912.896,11.290,3.563,82.4,95.3,1.190,0.0000,4.0000
1788372913.128,11.293,3.607,82.4,100.3,1.221,0.0000,4.0000
1788372913.377,11.298,3.653,82.3,105.3,1.251,0.0000,4.0000
1788372913.618,11.301,3.675,80.7,109.2,3.863,0.0000,4.0000
1788372913.870,11.301,3.675,77.9,98.8,1.278,0.0000,4.0000
1788372914.131,11.292,3.685,75.3,102.5,1.169,0.0000,4.0000
1788372914.391,11.292,3.685,72.3,105.4,1.059,0.0000,4.0000
1788372914.610,11.294,3.696,70.7,108.2,0.983,0.0000,4.0000
1788372914.830,11.294,3.697,67.8,111.3,0.918,0.0000,4.0000
1788372915.066,11.294,3.697,65.2,114.0,0.875,0.0000,4.0000
1788372915.289,11.292,3.715,63.5,117.7,0.879,0.0000,4.0000
1788372915.504,11.292,3.715,63.5,117.7,0.878,0.0000,4.0000
1788372915.732,11.282,3.712,63.9,116.9,0.878,0.0000,4.0000
1788372915.951,11.278,3.711,69.7,107.2,0.878,0.0000,4.0000
1788372916.164,11.278,3.711,89.4,87.5,1.245,0.0000,4.0000
1788372916.383,11.278,3.711,105.8,71.1,0.738,0.0000,4.0000
1788372916.624,11.263,3.698,116.5,58.8,0.745,0.0000,4.0000
1788372916.836,11.254,3.691,121.5,52.9,0.758,0.0000,4.0000
1788372917.048,11.257,3.706,126.0,54.2,0.792,0.0000,4.0000
1788372917.272,11.242,3.703,131.4,48.1,0.829,0.0000,4.0000
1788372917.501,11.240,3.709,136.1,44.1,0.876,0.0000,3.8506
1788372917.714,11.235,3.699,141.0,38.0,0.935,0.0000,3.6241
1788372917.934,11.233,3.696,146.0,34.9,1.009,0.0000,0.0000
1788372918.178,11.224,3.710,151.6,30.8,1.102,0.0000,3.0000
1788372918.397,11.231,3.691,155.1,25.1,1.222,0.0000,2.9683
1788372918.611,11.231,3.689,145.5,34.4,1.142,0.0000,3.1825
1788372918.839,11.234,3.678,135.9,42.8,0.995,0.0000,3.6076
1788372919.066,11.234,3.678,127.9,49.1,0.903,0.0000,4.0000
1788372919.280,11.229,3.647,117.9,55.6,0.847,0.0000,4.0000
1788372919.498,11.210,3.641,107.1,65.5,0.816,0.0000,4.0000
1788372919.732,11.182,3.644,100.2,72.6,0.811,0.0000,4.0000
1788372919.957,11.167,3.657,92.6,81.7,0.809,0.0000,4.0000
1788372920.171,11.145,3.673,85.7,90.3,0.804,0.0000,4.0000
1788372920.403,11.140,3.666,80.6,94.5,0.800,0.0000,4.0000
1788372920.629,11.143,3.655,76.4,97.7,0.795,0.0000,4.0000
1788372920.840,11.133,3.672,73.9,101.9,1.431,0.0000,4.0000
1788372921.058,11.126,3.670,70.8,105.0,1.318,0.0000,4.0000
1788372921.306,11.123,3.669,68.5,107.2,1.243,0.0000,4.0000
1788372921.530,11.125,3.677,66.1,110.6,1.194,0.0000,4.0000
1788372921.749,11.126,3.680,64.3,112.6,1.156,0.0000,4.0000
1788372921.971,11.131,3.690,63.0,115.2,1.125,0.0000,4.0000
1788372922.206,11.119,3.695,62.3,116.4,1.084,0.0000,4.0000
1788372922.424,11.117,3.695,60.9,117.8,1.051,0.0000,4.0000
1788372922.663,11.127,3.712,59.5,121.1,1.033,0.0000,4.0000
1788372922.917,11.145,3.741,58.5,125.4,0.993,0.0000,4.0000
1788372923.128,11.156,3.781,57.8,124.6,0.960,0.0000,4.0000
1788372923.345,11.174,3.817,57.1,129.4,0.921,0.0000,4.0000
1788372923.585,11.196,3.851,56.4,133.4,0.882,0.0000,4.0000
1788372923.810,11.219,3.874,56.3,135.5,0.842,0.0000,4.0000
1788372924.029,11.241,3.906,55.9,138.5,0.799,0.0000,4.0000
1788372924.258,11.264,3.940,55.5,144.1,0.764,0.0000,4.0000
1788372924.515,11.282,3.962,55.5,145.7,0.722,0.0000,4.0000
1788372924.733,11.301,3.989,55.2,147.8,0.689,0.0000,4.0000
1788372924.951,11.324,4.023,55.0,150.1,0.656,0.0000,4.0000
1788372925.193,11.322,4.035,63.7,154.0,0.691,0.0000,4.0000
1788372925.415,11.321,4.038,70.4,147.7,0.812,0.0000,4.0000
1788372925.628,11.321,4.038,76.0,142.1,0.935,0.0000,4.0000
1788372925.862,11.316,3.996,78.6,135.7,1.114,0.0000,4.0000
1788372926.107,11.307,3.952,79.1,128.3,1.153,0.0000,4.0000
1788372926.329,11.295,3.894,77.9,121.5,1.176,0.0000,4.0000
1788372926.551,11.284,3.844,77.8,113.5,1.199,0.0000,4.0000
1788372926.802,11.275,3.803,77.8,109.4,1.222,0.0000,4.0000
1788372927.014,11.284,3.749,79.0,102.4,1.245,0.0000,4.0000
1788372927.242,11.276,3.706,77.3,99.0,1.268,0.0000,4.0000
1788372927.469,11.270,3.708,72.7,103.8,1.090,0.0000,4.0000
1788372927.694,11.269,3.709,68.7,107.9,0.965,0.0000,4.0000
1788372927.911,11.269,3.709,65.4,111.2,0.899,0.0000,4.0000
1788372928.134,11.271,3.691,63.2,111.3,0.898,0.0000,4.0000
1788372928.381,11.281,3.710,61.8,118.8,0.881,0.0000,4.0000
1788372928.596,11.280,3.691,60.5,118.0,0.868,0.0000,4.0000
1788372928.815,11.290,3.709,59.6,120.9,0.853,0.0000,4.0000
1788372929.059,11.304,3.732,58.4,124.6,0.834,0.0000,4.0000
1788372929.279,11.326,3.766,57.4,128.8,0.797,0.0000,4.0000
1788372929.501,11.310,3.772,66.1,121.0,0.773,0.0000,4.0000
1788372929.722,11.310,3.772,72.0,115.1,0.828,0.0000,4.0000
1788372929.982,11.310,3.772,77.6,109.5,0.960,0.0000,4.0000
1788372930.206,11.302,3.770,83.1,108.2,1.151,0.0000,4.0000
1788372930.431,11.304,3.752,88.3,99.9,3.753,0.0000,4.0000
1788372930.675,11.304,3.752,89.3,98.8,0.903,0.0000,4.0000
1788372930.895,11.290,3.716,89.2,95.2,0.901,0.0000,4.0000
1788372931.110,11.292,3.665,87.9,90.8,0.893,0.0000,4.0000
1788372931.336,11.290,3.613,87.5,-12.3,0.885,0.1591,0.0000
1788372931.570,11.288,3.563,87.5,-11.2,0.877,0.2545,0.0000
1788372931.791,11.287,3.512,88.6,-11.3,0.869,0.2864,0.0000
1788372932.010,11.286,3.461,88.8,-10.7,0.888,0.1909,0.0000
1788372932.247,11.285,3.423,88.8,-10.1,0.935,0.1909,0.0000
1788372932.483,11.279,3.479,86.6,89.3,0.944,0.0000,2.0000
1788372932.698,11.282,3.519,86.6,94.0,0.909,0.0000,4.0000
1788372932.924,11.284,3.560,86.6,98.6,0.868,0.0000,4.0000
1788372933.163,11.287,3.601,86.6,103.1,0.871,0.0000,4.0000
1788372933.385,11.289,3.641,86.6,92.0,0.877,0.0000,4.0000
1788372933.599,11.289,3.644,86.6,92.2,0.881,0.0000,4.0000
1788372933.832,11.289,3.644,86.6,92.2,0.881,0.0000,4.0000
1788372934.059,11.289,3.644,92.5,86.3,0.881,0.0000,4.0000
1788372934.281,11.289,3.644,107.9,70.9,0.778,0.0000,4.0000
1788372934.517,11.289,3.644,116.6,62.2,0.785,0.0000,4.0000
1788372934.752,11.278,3.613,126.5,48.8,0.802,0.0000,4.0000
1788372934.966,11.276,3.612,130.4,44.7,0.833,0.0000,4.0000
1788372935.187,11.267,3.617,135.4,40.2,0.872,0.0000,3.8384
1788372935.457,11.261,3.634,139.1,38.6,0.920,0.0000,3.6703
1788372935.774,11.262,3.612,143.5,31.5,0.981,0.0000,3.4373
1788372936.016,11.263,3.609,148.4,26.3,1.058,0.0000,3.1028
1788372936.269,11.264,3.614,153.5,21.8,1.156,0.0000,2.8829
1788372936.503,11.261,3.611,157.6,19.2,1.283,0.0000,1.0000
1788372936.720,11.259,3.610,148.6,28.1,1.202,0.0318,-6.0000
1788372936.958,11.257,3.600,138.5,37.0,1.033,0.0636,-6.0000
1788372937.200,11.257,3.600,128.9,46.6,0.927,0.0318,-6.0000
1788372937.435,11.257,3.596,121.3,-50.6,0.862,0.0318,-6.0000
1788372937.670,11.244,3.620,114.0,-43.6,0.830,0.0000,-3.4634
1788372937.929,11.238,3.615,106.6,-36.7,0.823,0.0000,-3.0233
1788372938.161,11.237,3.603,101.6,-33.4,0.821,0.0000,6.0000
1788372938.402,11.237,3.599,98.1,-29.7,0.819,0.0000,6.0000
1788372938.703,11.225,3.609,95.6,84.7,0.818,0.0000,4.0000
1788372938.934,11.221,3.638,92.9,90.8,0.815,0.0000,4.0000
1788372939.169,11.220,3.649,88.5,96.5,0.812,0.0000,4.0000
1788372939.430,11.223,3.608,83.7,96.5,0.809,0.0000,4.0000
1788372939.674,11.225,3.616,82.9,94.5,0.802,0.0000,4.0000
1788372939.923,11.222,3.654,81.3,100.4,0.765,0.0000,4.0000
1788372940.198,11.222,3.654,78.5,103.2,1.160,0.0000,4.0000
1788372940.430,11.222,3.654,76.3,105.4,1.352,0.0000,4.0000
1788372940.647,11.220,3.649,75.1,103.5,1.274,0.0000,4.0000
1788372940.883,11.223,3.661,73.7,106.4,1.220,0.0000,4.0000
1788372941.114,11.223,3.661,72.1,108.0,1.164,0.0000,4.0000
1788372941.326,11.222,3.668,70.9,109.9,1.120,0.0000,0.0000
1788372941.540,11.222,3.668,69.4,111.4,1.078,0.0000,0.0000
1788372941.777,11.227,3.681,68.1,109.2,1.042,0.0000,1.0000
1788372941.999,11.227,3.681,66.4,110.9,1.003,0.0000,3.0000
1788372942.209,11.229,3.684,65.5,112.2,0.973,0.0000,4.0000
1788372942.433,11.232,3.691,64.0,114.5,0.939,0.0000,4.0000
1788372942.666,11.232,3.691,62.7,115.8,0.909,0.0000,4.0000
1788372942.881,11.239,3.704,61.3,120.3,0.897,0.0000,4.0000
1788372943.096,11.240,3.703,60.4,121.2,0.894,0.0000,4.0000
1788372943.348,11.241,3.705,59.2,122.6,0.893,0.0000,4.0000
1788372943.572,11.261,3.737,58.0,127.1,0.869,0.0000,4.0000
1788372943.794,11.283,3.771,57.2,133.6,0.830,0.0000,4.0000
1788372944.018,11.305,3.805,56.5,137.3,0.789,0.0000,4.0000
1788372944.244,11.326,3.836,56.2,140.1,0.749,0.0000,4.0000
1788372944.462,11.331,3.843,61.9,135.0,0.721,0.0000,4.0000
1788372944.669,11.331,3.843,69.4,127.4,0.801,0.0000,4.0000
1788372944.906,11.324,3.856,74.4,132.8,0.917,0.0000,4.0000
1788372945.123,11.334,3.854,79.7,126.8,1.080,0.0000,4.0000
1788372945.337,11.331,3.855,84.1,122.6,3.673,0.0000,4.0000
1788372945.567,11.321,3.868,89.2,119.4,0.907,0.0000,4.0000
1788372945.823,11.319,3.863,89.2,115.0,0.785,0.0000,4.0000
1788372946.061,11.304,3.802,89.2,107.4,0.783,0.0000,4.0000
1788372946.284,11.303,3.751,89.2,102.1,0.778,0.0000,4.0000
1788372946.542,11.303,3.708,89.2,98.0,0.773,0.0000,4.0000
1788372946.769,11.302,3.657,89.2,92.9,0.768,0.0000,4.0000
1788372946.993,11.301,3.623,87.3,87.5,0.772,0.0000,4.0000
1788372947.218,11.298,3.572,87.3,81.4,0.820,0.0000,4.0000
1788372947.460,11.305,3.519,87.2,75.7,0.869,0.0000,4.0000
1788372947.678,11.308,3.526,87.2,76.5,0.887,0.0000,4.0000
1788372947.912,11.310,3.567,87.2,85.3,0.855,0.0000,4.0000
1788372948.160,11.304,3.622,86.9,91.7,0.814,0.0000,4.0000
1788372948.389,11.306,3.656,86.8,95.4,0.776,0.0000,4.0000
1788372948.611,11.307,3.671,84.4,99.4,0.831,0.0000,4.0000
1788372948.844,11.301,3.667,81.6,101.9,1.101,0.0000,4.0000
1788372949.071,11.298,3.666,79.6,96.3,1.398,0.0000,4.0000
1788372949.297,11.298,3.666,78.0,97.8,1.306,0.0000,4.0000
1788372949.533,11.287,3.687,77.6,100.5,1.239,0.0000,4.0000
1788372949.781,11.284,3.689,74.1,104.2,1.126,0.0000,4.0000
1788372950.012,11.284,3.689,70.8,107.4,1.013,0.0000,4.0000
1788372950.237,11.279,3.676,67.8,108.9,0.941,0.0000,4.0000
1788372950.483,11.284,3.687,67.2,110.8,0.906,0.0000,4.0000
1788372950.705,11.278,3.689,66.2,112.1,0.874,0.0000,4.0000
1788372950.937,11.274,3.689,65.0,113.3,0.855,0.0000,0.0000
1788372951.188,11.277,3.694,63.4,115.4,0.845,0.0000,3.0000
1788372951.418,11.278,3.697,62.0,117.2,0.845,0.0000,4.0000
1788372951.636,11.279,3.698,61.4,117.9,0.839,0.0000,4.0000
1788372951.857,11.279,3.698,61.4,117.9,0.839,0.0000,4.0000
1788372952.094,11.279,3.698,63.8,115.5,0.839,0.0000,4.0000
1788372952.324,11.279,3.698,80.1,99.1,0.997,0.0000,4.0000
1788372952.546,11.279,3.698,98.9,80.4,0.690,0.0000,4.0000
1788372952.801,11.280,3.689,111.9,66.4,0.699,0.0000,4.0000
1788372953.031,11.277,3.666,120.3,57.2,0.703,0.0000,4.0000
1788372953.254,11.273,3.671,125.9,52.1,0.733,0.0000,4.0000
1788372953.495,11.276,3.673,131.9,46.4,0.767,0.0000,4.0000
1788372953.729,11.275,3.681,137.4,41.7,0.808,0.0000,3.9019
1788372953.942,11.275,3.681,142.4,36.8,0.861,0.0000,3.5803
1788372954.174,11.268,3.694,147.4,33.3,0.927,0.0000,3.3964
1788372954.436,11.265,3.690,150.5,29.6,1.011,0.0000,3.2052
1788372954.661,11.263,3.687,146.0,33.8,1.053,0.0000,3.3686
1788372954.885,11.253,3.684,136.4,43.0,0.920,0.0000,3.7768
1788372955.135,11.253,3.684,126.9,52.6,0.836,0.0000,4.0000
1788372955.453,11.250,3.694,117.0,63.4,0.785,0.0000,4.0000
1788372955.668,11.257,3.674,107.9,70.4,0.757,0.0000,4.0000
1788372955.912,11.249,3.684,98.3,81.1,0.753,0.0000,4.0000
1788372956.160,11.236,3.692,89.9,88.8,0.750,0.0000,4.0000
1788372956.385,11.232,3.696,83.3,95.7,0.745,0.0000,4.0000
1788372956.616,11.225,3.699,77.3,102.2,0.739,0.0000,4.0000
1788372956.869,11.213,3.698,72.6,106.7,1.349,0.0000,4.0000
1788372957.085,11.203,3.692,68.7,109.8,1.216,0.0000,4.0000
1788372957.302,11.201,3.691,66.0,112.4,1.140,0.0000,4.0000
1788372957.557,11.196,3.688,64.0,113.8,1.093,0.0000,4.0000
1788372957.783,11.197,3.690,62.6,115.5,1.064,0.0000,4.0000
1788372958.015,11.191,3.699,61.1,118.0,1.031,0.0000,4.0000
1788372958.253,11.192,3.702,59.6,119.9,1.004,0.0000,4.0000
1788372958.507,11.208,3.727,58.5,123.7,0.970,0.0000,4.0000
1788372958.734,11.230,3.762,57.6,128.2,0.931,0.0000,4.0000
1788372958.959,11.240,3.813,57.4,133.3,0.893,0.0000,4.0000
1788372959.222,11.263,3.847,56.7,133.2,0.854,0.0000,4.0000
1788372959.467,11.285,3.881,56.1,137.0,0.813,0.0000,4.0000
1788372959.697,11.302,3.911,55.9,139.8,0.779,0.0000,4.0000
1788372959.939,11.325,3.945,55.5,142.8,0.745,0.0000,4.0000
1788372960.171,11.329,3.952,62.7,142.0,0.741,0.0000,4.0000
1788372960.401,11.328,3.932,68.8,131.3,0.870,0.0000,4.0000
1788372960.656,11.328,3.932,74.5,125.7,1.001,0.0000,4.0000
1788372960.922,11.314,3.869,74.1,118.0,1.099,0.0000,4.0000
1788372961.159,11.303,3.843,73.4,115.2,1.127,0.0000,4.0000
1788372961.411,11.289,3.794,73.4,119.6,1.154,0.0000,4.0000
1788372961.641,11.274,3.745,73.4,113.9,1.181,0.0000,4.0000
1788372961.856,11.215,3.690,74.5,107.1,1.209,0.0000,4.0000
1788372962.072,11.201,3.642,74.5,102.2,1.236,0.0000,4.0000
1788372962.299,11.195,3.657,72.5,107.4,1.246,0.0000,4.0000
1788372962.519,11.196,3.663,71.3,109.2,1.215,0.0000,4.0000
1788372962.728,11.196,3.663,69.8,110.7,1.162,0.0000,4.0000
1788372962.943,11.201,3.674,68.4,113.3,1.117,0.0000,4.0000
1788372963.179,11.201,3.674,66.9,114.9,1.076,0.0000,4.0000
1788372963.399,11.206,3.687,65.5,114.3,1.038,0.0000,4.0000
1788372963.611,11.206,3.687,63.8,115.9,1.001,0.0000,4.0000
1788372963.838,11.188,3.692,62.3,117.8,0.972,0.0000,4.0000
1788372964.071,11.194,3.702,61.0,120.4,0.946,0.0000,4.0000
1788372964.295,11.198,3.710,59.7,117.1,0.924,0.0000,4.0000
1788372964.514,11.211,3.731,58.5,120.7,0.916,0.0000,4.0000
1788372964.747,11.231,3.754,57.5,124.0,0.878,0.0000,4.0000
1788372964.958,11.253,3.788,56.8,128.1,0.837,0.0000,4.0000
1788372965.170,11.275,3.822,56.2,131.7,0.799,0.0000,4.0000
1788372965.404,11.298,3.856,55.7,137.4,0.762,0.0000,4.0000
1788372965.626,11.320,3.893,54.9,141.4,0.718,0.0000,4.0000
1788372965.837,11.328,3.905,60.6,136.5,0.685,0.0000,4.0000
1788372966.051,11.328,3.905,68.7,128.5,0.802,0.0000,4.0000
1788372966.282,11.324,3.902,74.0,123.1,0.937,0.0000,4.0000
1788372966.502,11.283,3.909,80.6,120.6,1.113,0.0000,4.0000
1788372966.717,11.270,3.859,80.5,113.7,3.655,0.0000,4.0000
1788372966.947,11.262,3.812,80.1,109.0,3.705,0.0000,4.0000
1788372967.172,11.253,3.762,79.9,103.0,1.293,0.0000,4.0000
1788372967.392,11.244,3.712,79.9,97.1,1.314,0.0000,4.0000
1788372967.606,11.252,3.658,80.9,90.4,1.334,0.0000,4.0000
1788372967.841,11.244,3.607,80.9,84.9,1.354,0.0000,4.0000
1788372968.055,11.235,3.578,80.8,81.7,1.373,0.0000,4.0000
1788372968.273,11.236,3.596,80.8,83.6,1.374,0.0000,4.0000
1788372968.513,11.242,3.637,80.8,-11.3,1.358,0.1273,0.0000
1788372968.737,11.256,3.649,80.6,-8.4,1.314,0.2545,0.0000
1788372968.949,11.258,3.658,78.9,-6.8,1.251,0.1591,0.0000
1788372969.172,11.258,3.658,77.1,-5.0,1.170,0.1591,0.0000
1788372969.415,11.258,3.696,72.9,-2.1,1.111,0.1591,0.0000
1788372969.623,11.258,3.696,71.4,-0.6,1.016,0.3182,0.0000
1788372969.827,11.258,3.696,71.4,-0.6,1.016,0.3182,0.0000
1788372970.044,11.252,3.694,72.9,-2.8,1.016,0.3182,0.0000
1788372970.280,11.252,3.694,88.5,-18.4,1.282,0.1591,0.0000
1788372970.499,11.252,3.694,105.2,75.5,0.717,0.0636,6.0000
1788372970.713,11.240,3.698,116.5,64.3,0.726,0.0000,4.0000
1788372970.948,11.234,3.685,122.4,57.1,0.737,0.0000,4.0000
1788372971.163,11.229,3.706,127.8,54.1,0.767,-0.1500,0.0000
1788372971.377,11.212,3.729,133.6,51.0,0.800,-0.1500,0.0000
1788372971.604,11.211,3.731,138.5,46.3,0.843,-0.1500,0.0000
1788372971.827,11.210,3.723,141.9,42.0,0.897,-0.1500,0.0000
1788372972.044,11.211,3.725,146.1,38.0,0.964,-0.1500,0.0000
1788372972.255,11.211,3.726,150.7,33.5,1.050,-0.1500,0.0000
1788372972.506,11.213,3.715,155.4,27.6,1.159,-0.1500,0.0000
1788372972.720,11.184,3.695,159.9,20.5,1.301,-0.1500,0.0000
1788372972.931,11.177,3.690,164.7,15.2,1.490,-0.1500,0.0000
1788372973.165,11.171,3.676,166.1,12.1,1.652,-0.1500,0.0000
1788372973.399,11.123,3.680,165.3,13.2,1.629,-0.1500,0.0000
1788372973.613,11.069,3.693,165.2,14.7,1.601,-0.1500,0.0000
1788372973.825,11.024,3.705,165.2,15.9,1.573,-0.1500,0.0000
1788372974.068,10.973,3.713,165.7,16.2,1.545,-0.1500,0.0000
1788372974.278,10.920,3.724,165.9,17.1,1.518,-0.1500,0.0000
1788372974.500,10.831,3.736,165.8,-146.3,3.060,0.0000,-1.0000
1788372974.727,10.811,3.738,161.7,-143.0,1.417,0.0000,-4.0000
1788372974.950,10.813,3.727,156.9,-137.1,1.230,0.0000,-4.0000
1788372975.161,10.813,3.726,151.8,-131.9,1.093,0.0000,-4.0000
1788372975.380,10.804,3.723,147.6,-127.8,0.991,0.0000,-4.0000
1788372975.621,10.804,3.723,134.8,42.9,0.847,0.0000,-2.0000
1788372975.832,10.799,3.720,124.7,52.7,0.749,0.0000,0.0000
1788372976.046,10.807,3.707,115.1,60.7,0.712,0.0000,2.0000
1788372976.282,10.792,3.700,110.6,64.6,0.698,0.0000,4.0000
1788372976.511,10.790,3.698,105.2,72.7,0.689,0.0000,4.0000
1788372976.726,10.786,3.705,100.4,78.4,0.686,0.0000,4.0000
1788372976.943,10.780,3.703,94.9,83.5,0.684,0.0000,4.0000
1788372977.175,10.779,3.702,89.8,88.6,0.682,0.0000,4.0000
1788372977.391,10.769,3.703,84.9,93.5,0.679,0.0000,4.0000
1788372977.608,10.765,3.703,80.4,95.0,0.676,0.0000,4.0000
1788372977.836,10.764,3.705,76.7,99.0,0.673,0.0000,4.0000
1788372978.063,10.757,3.713,87.6,89.0,0.670,0.0000,4.0000
1788372978.276,10.754,3.705,94.3,81.3,0.674,0.0000,4.0000
1788372978.499,10.755,3.693,99.2,-77.7,0.677,0.0000,4.0000
1788372978.732,10.743,3.700,104.7,-84.4,0.680,0.0000,2.0000
1788372978.948,10.741,3.702,109.7,-89.6,0.683,0.0000,0.0000
1788372979.160,10.735,3.715,115.0,-96.5,0.691,0.0000,-2.0000
1788372979.395,10.733,3.720,118.9,-101.0,0.703,0.0000,-4.0000
1788372979.621,10.732,3.723,123.7,54.0,0.722,0.0000,-3.0000
1788372979.835,10.729,3.721,129.3,48.2,0.747,0.0000,-1.0000
1788372980.057,10.727,3.740,134.1,45.5,0.779,0.0000,1.0000
1788372980.295,10.726,3.746,135.1,45.1,0.817,0.0000,3.0000
1788372980.507,10.720,3.738,129.9,49.4,0.781,0.0000,4.0000
1788372980.721,10.718,3.728,124.6,53.6,0.749,0.0000,4.0000
1788372980.948,10.718,3.726,119.4,58.7,0.725,0.0000,4.0000
1788372981.178,10.715,3.722,114.1,63.5,0.707,0.0000,4.0000
1788372981.401,10.713,3.720,109.4,67.9,0.696,0.0000,4.0000
1788372981.617,10.712,3.719,104.1,73.1,0.690,0.0000,4.0000
1788372981.853,10.711,3.710,98.8,77.3,0.687,0.0000,4.0000
1788372982.069,10.712,3.700,102.2,72.8,0.686,0.0000,4.0000
1788372982.285,10.712,3.697,107.0,67.6,0.688,0.0000,4.0000
1788372982.524,10.707,3.711,111.6,64.6,0.694,0.0000,4.0000
1788372982.751,10.693,3.723,116.1,61.5,0.704,0.0000,4.0000
1788372982.966,10.692,3.724,120.9,56.8,0.720,0.0000,4.0000
1788372983.187,10.689,3.735,125.9,53.0,0.742,0.0000,4.0000
1788372983.428,10.684,3.735,130.7,48.3,0.771,0.0000,0.0000
1788372983.640,10.682,3.736,134.8,44.3,0.805,0.0000,2.0000
1788372983.849,10.685,3.735,140.5,38.6,0.845,0.0000,3.6849
1788372984.076,10.693,3.725,145.4,32.6,0.901,0.0000,3.4661
1788372984.302,10.695,3.723,150.3,27.4,0.971,0.0000,3.1065
1788372984.515,10.699,3.716,153.7,23.3,1.061,0.0000,2.8792
1788372984.732,10.681,3.728,153.8,24.4,1.065,0.0000,2.9012
1788372985.019,10.636,3.751,153.8,26.7,1.029,0.0000,2.9385
1788372985.306,10.597,3.770,153.8,28.6,0.994,0.0000,2.9984
1788372985.521,10.550,3.793,153.8,30.9,0.960,0.0000,3.0871
1788372985.757,10.496,3.807,153.8,32.7,0.925,0.0000,3.1140
1788372985.989,10.493,3.805,158.6,27.3,0.952,0.0000,2.9246
1788372986.222,10.493,3.805,163.5,22.4,1.069,0.2864,0.0000
1788372986.475,10.484,3.809,166.8,19.5,2.731,0.2864,0.0000
1788372986.718,10.442,3.816,166.9,20.7,2.711,0.2545,0.0000
1788372986.934,10.391,3.828,166.9,21.8,2.661,0.2545,0.0000
1788372987.157,10.349,3.838,166.9,23.7,2.611,0.1909,-6.0000
1788372987.391,10.348,3.838,171.7,18.9,2.591,0.1591,0.0000
1788372987.619,10.349,3.839,176.3,14.5,2.593,0.1591,0.0000
1788372987.847,10.342,3.839,178.7,11.0,2.595,0.3500,0.0000
1788372988.117,10.303,3.839,178.5,11.9,2.560,0.3500,0.0000
1788372988.342,10.252,3.840,178.5,12.4,2.507,0.3500,0.0000
1788372988.586,10.197,3.842,178.5,13.0,2.454,0.2545,0.0000
1788372988.885,10.143,3.843,178.5,13.4,2.401,0.3500,0.0000
1788372989.138,10.079,3.853,178.8,14.0,2.348,0.3500,0.0000
1788372989.363,10.028,3.854,178.8,14.6,2.291,0.3500,0.0000
1788372989.607,9.964,3.847,178.7,14.6,2.231,0.3500,0.0000
1788372989.853,9.903,3.848,178.7,14.8,2.171,0.0000,-1.0000
1788372990.084,9.837,3.847,178.7,14.7,2.111,0.0000,-3.0000
1788372990.349,9.776,3.848,178.7,9.6,2.051,0.0000,-3.2945
1788372990.624,9.730,3.852,178.2,6.7,1.991,0.0000,-3.3283
1788372990.864,9.669,3.854,178.2,4.8,1.931,0.0000,-3.4071
1788372991.124,9.598,3.863,177.9,1.6,1.871,0.0000,-4.0000
1788372991.407,9.547,3.865,177.9,1.9,1.811,0.0000,-4.0000
1788372991.649,9.488,3.874,177.5,-7.1,1.751,0.0000,-4.0000
1788372991.918,9.426,3.876,177.5,-23.9,1.691,0.0000,-4.0000
1788372992.189,9.371,3.860,178.6,-33.8,1.631,0.0000,-4.0000
1788372992.415,9.338,3.860,176.2,-36.6,1.572,0.0000,-4.0000
1788372992.657,9.344,3.850,171.5,-32.3,1.566,0.0000,-4.0000
1788372992.925,9.344,3.850,166.3,-23.0,1.564,0.0000,-4.0000
1788372993.161,9.343,3.851,162.0,-18.7,1.561,0.0000,-4.0000
1788372993.392,9.326,3.850,157.3,-15.4,1.568,0.0000,-4.0000
1788372993.638,9.321,3.848,153.3,-12.0,1.588,0.0000,-3.8667
1788372993.868,9.301,3.856,152.3,-18.2,1.599,0.0000,-3.8282
1788372994.086,9.257,3.867,151.8,-20.6,1.553,0.0000,-3.7291
1788372994.346,9.203,3.896,151.8,-26.1,5.649,0.0000,-3.8405
1788372994.578,9.193,3.902,147.6,-22.5,5.604,0.0000,-3.7625
1788372994.792,9.182,3.904,142.1,-17.9,5.604,0.0000,-3.4299
1788372995.012,9.179,3.906,138.5,-14.5,1.890,0.0000,-3.5790
1788372995.245,9.142,3.931,138.6,-18.5,1.852,0.0000,-3.6276
1788372995.462,9.104,3.965,138.6,-21.9,1.805,0.0000,-3.7123
1788372995.674,9.072,4.010,138.2,-23.6,1.757,0.0000,-3.7408
1788372995.898,9.069,4.013,133.3,-19.0,1.691,0.0000,-3.6333
1788372996.130,9.073,4.013,128.4,-18.5,1.605,0.0000,-3.6975
1788372996.359,9.070,4.018,125.7,-15.9,1.542,0.0000,-3.5336
1788372996.605,9.037,4.064,126.2,-20.0,1.513,0.0000,-3.6404
1788372996.847,9.000,4.114,126.3,-24.1,1.461,0.0000,-3.7154
1788372997.059,8.993,4.123,122.2,-20.1,1.413,0.0000,-3.7453
1788372997.278,8.993,4.123,117.0,-15.0,1.403,0.0000,-3.5232
1788372997.517,8.983,4.123,114.9,-13.9,1.403,0.0000,-3.2862
1788372997.751,8.958,4.164,115.2,-17.7,1.373,0.0000,-3.3960
1788372997.970,8.901,4.243,115.6,-24.2,1.315,0.0000,-3.5804
1788372998.195,8.888,4.271,113.1,-22.9,1.252,0.0000,-3.6905
1788372998.497,8.888,4.271,107.9,-17.7,1.253,0.0000,-3.4191
1788372998.740,8.890,4.269,103.1,-12.6,1.246,0.0000,-3.1273
1788372998.996,8.886,4.289,102.1,-14.7,1.242,0.0000,-3.0005
1788372999.272,8.883,4.356,101.9,-15.5,1.192,0.0000,-3.0194
1788372999.501,8.872,4.408,102.0,-17.1,1.137,0.0000,-3.0846
1788372999.742,8.859,4.468,102.0,-19.1,1.075,0.0000,-3.1957
1788373000.000,8.847,4.531,102.9,-21.8,1.021,0.0000,-3.2652
1788373000.220,8.840,4.562,100.7,-22.6,0.962,0.0000,-3.7864
1788373000.447,8.837,4.573,95.0,-17.6,0.961,0.0000,-3.5667
1788373000.684,8.836,4.576,90.4,-13.2,1.199,0.0000,-3.3417
1788373000.903,8.836,4.614,90.4,-15.7,1.313,0.0000,-3.3355
1788373001.128,8.818,4.670,89.9,-16.0,1.309,0.0000,-3.3117
1788373001.348,8.818,4.725,89.9,-17.4,1.304,0.0000,-3.3796
1788373001.594,8.818,4.770,89.9,-19.7,1.300,0.0000,-3.4442
1788373001.819,8.816,4.802,88.6,-19.8,1.296,0.0000,-3.4653
1788373002.029,8.815,4.799,83.5,-14.7,1.728,0.0000,-3.2175
1788373002.271,8.808,4.805,79.1,-11.3,3.065,0.0000,-3.2910
1788373002.513,8.807,4.813,76.6,-9.6,4.242,0.0000,-3.1396
1788373002.731,8.819,4.880,76.8,-14.2,4.210,0.0000,-3.2393
1788373002.953,8.830,4.912,77.5,-15.4,4.159,0.0000,-3.3048
1788373003.192,8.841,4.963,77.5,-22.7,4.107,0.0000,-3.5331
1788373003.404,8.851,5.007,77.5,-25.4,4.056,0.0000,-3.5684
1788373003.617,8.854,4.997,72.2,-18.4,4.031,0.0000,-3.3153
1788373003.849,8.854,4.997,67.1,-13.3,4.048,0.0000,-3.0723
1788373004.072,8.857,5.003,64.4,-11.6,4.091,0.0000,-2.8655
1788373004.279,8.877,5.042,65.7,-10.2,4.058,0.0000,-2.9705
1788373004.507,8.907,5.096,66.1,-11.4,4.003,0.0000,-3.0796
1788373004.757,8.932,5.152,66.1,-14.3,3.947,0.0000,-3.1480
1788373004.988,8.937,5.163,62.0,-14.8,3.916,0.0000,-3.0749
1788373005.216,8.943,5.174,56.4,-11.1,3.999,0.0000,-2.8121
1788373005.476,8.943,5.174,52.8,-7.4,4.118,0.1909,0.0000
1788373005.707,8.969,5.205,52.9,-8.9,4.133,0.2864,0.0000
1788373005.929,9.007,5.253,53.0,-11.3,4.082,0.1273,0.0000
1788373006.172,9.037,5.307,52.5,-15.3,4.030,0.3500,0.0000
1788373006.412,9.074,5.356,52.5,-19.1,3.978,0.2864,0.0000
1788373006.630,9.107,5.388,52.6,-20.9,3.926,0.2545,0.0000
1788373006.861,9.144,5.435,52.6,-23.6,3.874,0.1909,0.0000
1788373007.110,9.181,5.483,52.6,-26.6,3.822,0.1273,0.0000
1788373007.340,9.218,5.523,52.9,-28.8,3.770,0.0000,-2.0000
1788373007.571,9.245,5.557,51.4,-29.3,3.718,0.0000,-3.1310
1788373007.822,9.236,5.540,46.8,-23.5,3.339,0.1273,0.0000
1788373008.037,9.232,5.534,41.8,-18.1,3.320,0.2864,0.0000
1788373008.267,9.248,5.548,40.8,-15.3,3.312,0.1909,0.0000
1788373008.524,9.289,5.575,42.6,-17.6,3.263,0.1909,0.0000
1788373008.768,9.334,5.616,42.6,-19.4,3.205,0.1591,0.0000
1788373008.994,9.380,5.658,42.6,-21.2,3.146,0.2545,6.0000
1788373009.225,9.425,5.699,42.6,-16.0,3.085,0.3182,0.0000
1788373009.478,9.438,5.721,43.1,-17.8,3.025,0.1909,0.0000
1788373009.695,9.483,5.762,43.1,-19.7,2.966,0.3182,0.0000
1788373009.913,9.535,5.804,42.2,-20.5,2.907,0.2227,0.0000
1788373010.176,9.583,5.845,41.9,-22.0,2.848,0.1273,0.0000
1788373010.405,9.628,5.886,41.9,-13.8,2.789,0.3500,0.0000
1788373010.630,9.688,5.938,41.5,-14.3,2.728,0.3182,0.0000
1788373010.877,9.734,5.979,41.5,-14.9,2.670,0.2545,0.0000
1788373011.109,9.773,6.024,41.3,-17.1,2.611,0.3500,0.0000
1788373011.321,9.811,6.058,41.3,-16.3,2.552,0.2545,0.0000
1788373011.555,9.857,6.099,41.3,-18.1,2.492,0.3182,0.0000
1788373011.804,9.896,6.129,41.9,-19.6,2.433,0.2545,0.0000
1788373012.033,9.942,6.169,41.9,-21.5,2.375,0.2227,0.0000
1788373012.271,9.983,6.203,41.5,-12.3,2.315,0.3500,0.0000
1788373012.535,10.027,6.241,41.5,-13.9,2.256,0.0636,0.0000
1788373012.758,10.073,6.282,41.5,-15.7,2.198,0.2864,0.0000
1788373012.966,10.122,6.324,41.3,-17.7,2.138,0.0318,0.0000
1788373013.203,10.168,6.365,41.3,-20.0,2.080,0.0636,0.0000
1788373013.446,10.194,6.397,41.6,-25.0,2.021,0.0000,-1.0000
1788373013.671,10.191,6.398,36.9,-20.6,1.991,0.2864,0.0000
1788373013.895,10.191,6.398,31.8,-15.4,1.988,0.2864,0.0000
1788373014.143,10.203,6.415,28.9,-13.6,1.985,0.3182,0.0000
1788373014.362,10.258,6.448,28.5,-11.3,1.951,0.2227,0.0000
1788373014.576,10.313,6.478,28.4,-12.6,1.891,0.2545,0.0000
1788373014.805,10.367,6.508,28.4,-13.9,1.831,0.3500,0.0000
1788373015.040,10.421,6.537,28.4,-15.2,1.771,0.3500,0.0000
1788373015.262,10.471,6.552,28.1,-14.8,1.711,0.3500,0.0000
1788373015.501,10.525,6.581,28.1,-8.5,1.651,0.2864,0.0000
1788373015.758,10.576,6.619,28.6,-11.3,1.591,0.2545,0.0000
1788373015.984,10.629,6.648,28.6,-12.6,1.531,0.2227,0.0000
1788373016.199,10.699,6.684,28.4,-13.7,1.471,0.1591,0.0000
1788373016.448,10.752,6.713,28.4,-12.1,1.411,0.1273,0.0000
1788373016.676,10.802,6.746,28.9,-15.1,1.351,0.0955,0.0000
1788373016.901,10.855,6.775,28.9,-18.1,1.291,0.0318,0.0000
1788373017.150,10.903,6.801,29.1,-21.0,1.231,0.0636,0.0000
1788373017.403,10.948,6.826,29.1,-24.2,1.171,0.0955,0.0000
1788373017.628,11.001,6.857,28.8,-26.8,1.112,0.0000,-2.0000
1788373017.856,11.053,6.885,28.8,-29.9,1.053,0.0000,-3.1987
1788373018.107,11.080,6.889,24.3,-25.9,1.023,0.0000,-3.0107
1788373018.341,11.080,6.889,19.1,-20.7,1.021,0.0000,6.0000
1788373018.567,11.082,6.890,15.5,-17.2,1.018,0.0000,-1.0000
1788373018.828,11.123,6.908,15.8,-20.0,0.996,0.0636,0.0000
1788373019.049,11.177,6.924,15.8,-22.9,0.941,0.1591,6.0000
1788373019.271,11.229,6.933,15.4,-24.8,0.887,0.0636,6.0000
1788373019.510,11.279,6.946,15.4,-29.0,0.835,0.0000,6.0000
1788373019.733,11.333,6.964,15.5,-35.7,0.790,0.0000,-3.4636
1788373019.961,11.379,6.978,15.6,-43.3,0.749,0.0000,-3.8024
1788373020.194,11.379,6.978,10.5,-38.3,0.737,0.0000,-3.7524
1788373020.455,11.383,6.983,5.0,-34.5,0.794,0.0000,-3.5283
1788373020.681,11.402,6.985,3.9,-36.3,2.548,0.0000,-3.4472
1788373020.908,11.448,6.989,3.6,-45.5,2.508,0.0000,-3.7357
1788373021.158,11.478,6.991,1.9,-52.1,2.464,0.0000,-4.0000
1788373021.376,11.478,6.991,-2.4,-47.8,2.452,0.0000,-4.0000
1788373021.599,11.478,6.991,-7.5,-42.7,2.449,0.0000,-3.9458
1788373021.841,11.486,6.995,-9.3,-44.2,2.446,0.0000,-3.8655
1788373022.086,11.493,6.996,-13.1,-42.6,2.428,0.0000,-0.8655
1788373022.308,11.497,6.997,-18.1,-39.3,2.425,0.0000,1.1345
1788373022.545,11.497,6.997,-23.3,-34.1,2.432,0.0000,3.1345
1788373022.806,11.495,6.993,-28.0,-27.8,2.458,0.0000,4.0000
1788373023.050,11.493,6.995,-32.9,-22.7,2.504,0.0000,4.0000
1788373023.290,11.493,6.995,-37.2,-18.4,2.572,0.0000,4.0000
1788373023.527,11.487,7.001,-42.6,-12.4,2.623,0.0000,4.0000
1788373023.748,11.480,7.001,-48.0,-5.0,2.474,0.0636,0.0000
1788373023.974,11.481,6.996,-50.8,-1.6,2.366,0.1273,0.0000
1788373024.214,11.510,6.962,-50.4,-3.0,2.339,0.0000,2.0000
1788373024.452,11.541,6.930,-50.8,-7.9,2.302,0.0000,4.0000
1788373024.677,11.552,6.918,-38.5,-23.4,2.302,0.0000,4.0000
1788373024.904,11.552,6.918,-18.8,-43.1,2.410,0.0000,4.0000
1788373025.143,11.552,6.918,0.8,-62.7,2.345,0.0000,4.0000
1788373025.388,11.563,6.902,14.6,-81.1,2.355,0.0000,4.0000
1788373025.636,11.571,6.899,26.4,,0.626,0.0000,4.0000
1788373025.899,11.561,6.919,27.7,,0.612,0.0000,4.0000
1788373026.118,11.567,6.923,28.1,,0.612,0.0000,4.0000
1788373026.337,11.574,6.926,27.6,,0.612,0.0000,4.0000
1788373026.577,11.575,6.927,27.5,,0.612,0.0000,4.0000
1788373026.817,11.575,6.927,32.8,-122.7,0.613,0.0000,4.0000
1788373027.050,11.575,6.927,39.1,-129.0,0.617,0.0000,3.9920
1788373027.273,11.575,6.927,43.2,-133.1,0.619,0.0000,3.8044
1788373027.531,11.572,6.927,48.4,-135.2,0.622,0.0000,3.5203
1788373027.763,11.571,6.926,53.4,-138.8,0.625,0.0000,3.3015
1788373028.002,11.562,6.936,58.7,-136.5,0.629,0.0000,2.9142
1788373028.252,11.573,6.932,63.3,-151.6,0.647,0.0000,2.7200
1788373028.485,11.576,6.931,68.1,-158.9,0.709,0.0000,0.0000
1788373028.739,11.569,6.931,71.7,-156.0,2.049,0.0000,0.0000
1788373029.020,11.554,6.933,72.2,-142.6,2.047,0.0000,0.0000
1788373029.300,11.553,6.934,72.2,-141.8,2.047,0.0000,0.0000
1788373029.520,11.553,6.934,72.2,-141.8,2.047,0.0000,0.0000
1788373029.758,11.553,6.934,72.2,-141.8,2.047,0.0000,0.0000
1788373029.987,11.553,6.934,78.4,130.2,2.047,0.0000,2.0000
1788373030.204,11.553,6.934,98.1,110.5,2.055,0.0000,4.0000
1788373030.436,11.553,6.934,117.7,90.9,2.073,0.0000,4.0000
1788373030.693,11.560,6.935,135.8,72.6,2.280,0.0000,4.0000
1788373030.922,11.564,6.926,149.0,58.2,2.731,0.0000,4.0000
1788373031.151,11.561,6.934,157.9,50.3,3.229,0.0000,4.0000
1788373031.397,11.555,6.959,162.2,48.8,3.100,0.0000,4.0000
1788373031.625,11.565,6.952,168.5,41.4,3.094,0.0000,3.7599
1788373031.841,11.575,6.941,174.6,33.6,3.094,0.0000,3.4545
1788373032.087,11.571,6.939,178.9,29.3,3.095,0.0000,3.1520
1788373032.334,11.569,6.934,-176.2,24.0,3.098,0.0000,2.9431
1788373032.567,11.568,6.933,-171.3,19.0,3.101,0.0318,0.0000
1788373032.797,11.580,6.932,-166.2,13.2,3.106,0.1273,0.0000
1788373033.051,11.577,6.929,-161.5,8.3,3.113,0.2545,0.0000
1788373033.282,11.577,6.929,-156.6,3.4,3.138,0.2545,0.0000
1788373033.509,11.549,6.905,-154.6,0.5,3.167,0.3500,0.0000
1788373033.764,11.497,6.873,-155.0,0.2,3.124,0.3500,0.0000
1788373033.999,11.441,6.844,-155.1,5.5,3.069,0.3182,0.0000
1788373034.229,11.386,6.818,-155.1,5.4,3.013,0.3500,0.0000
1788373034.480,11.337,6.786,-155.6,5.0,2.958,0.3500,0.0000
1788373034.716,11.283,6.759,-155.7,5.2,2.902,0.3500,0.0000
1788373034.937,11.224,6.728,-155.2,4.7,2.847,0.2864,0.0000
1788373035.165,11.168,6.702,-155.1,2.3,2.791,0.3182,0.0000
1788373035.418,11.116,6.681,-155.9,3.6,2.736,0.3182,0.0000
1788373035.647,11.056,6.657,-156.2,4.3,2.680,0.3500,0.0000
1788373035.873,11.007,6.625,-156.3,3.8,2.625,0.2545,0.0000
1788373036.145,10.953,6.599,-156.4,1.4,2.569,0.3500,0.0000
1788373036.395,10.884,6.557,-156.5,0.7,2.514,0.3182,0.0000
1788373036.622,10.825,6.529,-156.5,1.1,2.458,0.3182,0.0000
1788373036.865,10.785,6.503,-155.4,-0.8,2.403,0.3500,0.0000
1788373037.110,10.731,6.477,-155.3,4.3,2.347,0.3500,0.0000
1788373037.336,10.666,6.445,-155.2,4.4,2.292,0.3500,0.0000
1788373037.564,10.619,6.424,-155.2,4.4,2.236,0.3500,0.0000
1788373037.809,10.551,6.381,-154.7,3.1,2.180,0.3182,0.0000
1788373038.028,10.491,6.349,-154.5,2.7,2.125,0.3500,0.0000
1788373038.258,10.419,6.316,-154.9,3.5,2.069,0.3182,0.0000
1788373038.511,10.359,6.289,-155.0,3.9,2.014,0.2864,0.0000
1788373038.735,10.312,6.259,-154.9,3.1,1.958,0.3500,0.0000
1788373038.955,10.258,6.233,-154.9,3.0,1.903,0.3500,0.0000
1788373039.201,10.202,6.196,-155.0,-0.2,1.847,0.3500,0.0000
1788373039.445,10.156,6.174,-155.0,-0.1,1.792,0.3182,0.0000
1788373039.668,10.112,6.155,-155.3,0.6,1.736,0.3500,0.0000
1788373039.902,10.061,6.133,-155.5,3.4,1.681,0.2864,0.0000
1788373040.132,9.996,6.109,-155.0,6.1,1.625,0.1591,0.0000
1788373040.353,9.938,6.083,-154.9,8.1,1.570,0.2864,0.0000
1788373040.574,9.876,6.050,-155.1,10.9,1.514,0.0318,0.0000
1788373040.827,9.820,6.023,-155.2,13.2,1.459,0.0955,0.0000
1788373041.062,9.749,5.995,-155.2,15.7,1.403,0.0318,0.0000
1788373041.310,9.693,5.969,-155.2,18.5,1.348,0.0000,2.0000
1788373041.569,9.660,5.945,-155.1,19.0,1.292,0.0000,2.9639
1788373041.796,9.611,5.918,-155.0,20.6,1.237,0.0000,2.9991
1788373042.012,9.564,5.896,-155.3,22.6,1.181,0.0000,3.0788
1788373042.233,9.554,5.891,-151.6,19.3,1.146,0.0000,2.9730
1788373042.472,9.544,5.887,-147.3,15.4,1.172,0.3500,0.0000
1788373042.708,9.542,5.885,-143.1,11.3,1.207,0.3182,0.0000
1788373042.940,9.515,5.872,-143.9,13.0,1.208,0.3500,0.0000
1788373043.191,9.467,5.838,-144.0,14.5,2.416,0.3500,0.0000
1788373043.425,9.418,5.797,-143.6,14.5,2.365,0.3182,0.0000
1788373043.674,9.371,5.763,-143.6,16.2,2.305,0.2545,0.0000
1788373043.939,9.320,5.717,-143.5,19.6,2.244,0.3500,0.0000
1788373044.210,9.273,5.680,-143.5,22.4,2.183,0.2545,0.0000
1788373044.467,9.229,5.647,-143.5,25.2,2.133,0.2545,-6.0000
1788373044.753,9.216,5.650,-139.8,22.9,2.101,0.0955,0.0000
1788373044.989,9.216,5.650,-134.9,18.0,2.115,0.1273,0.0000
1788373045.220,9.214,5.647,-131.6,14.8,2.113,0.3500,0.0000
1788373045.467,9.185,5.614,-131.7,16.0,2.094,0.3182,0.0000
1788373045.703,9.156,5.581,-131.7,17.2,2.035,0.2864,0.0000
1788373045.920,9.120,5.541,-131.7,19.0,1.981,0.3500,0.0000
1788373046.152,9.085,5.502,-131.7,19.9,1.934,0.3500,0.0000
1788373046.431,9.045,5.457,-131.7,19.7,1.884,0.3182,0.0000
1788373046.672,9.008,5.400,-132.1,21.0,1.823,0.3182,0.0000
1788373046.900,8.967,5.354,-132.1,20.3,1.756,0.3500,0.0000
1788373047.143,8.920,5.307,-132.4,19.7,1.697,0.3500,0.0000
1788373047.370,8.878,5.261,-132.4,9.4,1.644,0.3182,0.0000
1788373047.602,8.844,5.224,-132.4,5.2,1.581,0.0000,-3.0000
1788373047.845,8.809,5.178,-132.6,-4.0,1.517,0.0000,-3.2313
1788373048.074,8.767,5.133,-132.6,-8.8,1.464,0.0000,-3.3014
1788373048.296,8.734,5.101,-133.1,-12.8,1.400,0.0000,-3.3835
1788373048.525,8.694,5.060,-133.2,-12.5,1.341,0.0000,-3.6124
1788373048.766,8.652,5.016,-133.2,-17.4,1.284,0.0000,-3.7200
1788373048.987,8.611,4.953,-132.0,-27.8,1.222,0.0000,-3.9015
1788373049.203,8.583,4.922,-133.6,-31.8,1.164,0.0000,-3.9597
1788373049.459,8.586,4.922,-138.1,-26.4,1.143,0.0000,-4.0000
1788373049.681,8.586,4.922,-142.4,-22.1,1.146,0.0000,-4.0000
1788373049.916,8.581,4.918,-145.2,-19.6,1.142,0.0000,-3.9217
1788373050.177,8.550,4.899,-145.6,-21.1,1.104,0.0000,-3.9580
1788373050.414,8.568,4.900,-150.5,-19.8,1.074,0.0000,-3.7742
1788373050.635,8.573,4.901,-155.6,-14.7,1.067,0.0000,-3.3407
1788373050.851,8.571,4.900,-159.3,-11.1,1.082,0.0000,-3.0868
1788373051.091,8.547,4.886,-159.4,-12.1,1.089,0.0000,-3.0840
1788373051.311,8.494,4.866,-159.4,-16.9,1.053,0.0000,-3.1433
1788373051.522,8.455,4.845,-158.2,-22.3,1.017,0.0000,-3.4810
1788373051.811,8.418,4.830,-159.7,-22.5,0.982,0.0000,-3.4894
1788373052.080,8.421,4.824,-164.5,-18.5,1.076,0.0000,-3.2415
1788373052.320,8.422,4.822,-169.5,-13.7,1.247,0.0000,-3.0222
1788373052.572,8.402,4.818,-170.5,-13.2,3.836,0.0000,-3.1526
1788373052.804,8.356,4.818,-170.1,-14.7,3.790,0.0000,-3.2067
1788373053.027,8.303,4.809,-170.1,-16.8,3.738,0.0000,-3.2704
1788373053.258,8.250,4.800,-170.1,-19.4,3.686,0.0000,-3.3378
1788373053.513,8.200,4.797,-170.8,-21.7,3.636,0.0000,-3.4030
1788373053.730,8.158,4.790,-170.9,-23.5,3.586,0.0000,-3.6568
1788373053.939,8.135,4.782,-174.7,-20.4,3.553,0.0000,-3.5724
1788373054.184,8.131,4.780,-179.8,-15.7,3.550,0.0000,-3.2891
1788373054.408,8.128,4.780,176.6,-12.1,3.548,0.0000,-3.0820
1788373054.623,8.101,4.791,176.0,-10.3,3.523,0.0000,-3.1400
1788373054.851,8.050,4.796,175.9,-11.1,3.469,0.0000,-3.1404
1788373055.084,7.995,4.800,175.9,-14.2,3.416,0.0000,-3.2313
1788373055.304,7.941,4.804,175.9,-19.1,3.362,0.0000,-3.3019
1788373055.625,7.882,4.806,176.0,-31.0,3.308,0.0000,-3.6719
1788373055.871,7.852,4.808,173.7,-30.4,3.256,0.0000,-3.7015
1788373056.082,7.842,4.798,169.3,-27.4,3.253,0.0000,-3.4320
1788373056.356,7.842,4.798,164.1,-22.2,3.250,0.0000,-3.1937
1788373056.677,7.814,4.806,163.9,-27.4,3.239,0.0000,-3.1375
1788373056.912,7.730,4.822,165.0,-34.2,3.186,0.0000,-3.3124
1788373057.141,7.679,4.836,164.3,-36.3,3.128,0.0000,-3.3897
1788373057.440,7.679,4.836,159.1,-31.1,3.105,0.0000,-3.1803
1788373057.681,7.676,4.830,154.1,-26.9,7.213,0.0000,-3.0214
1788373057.910,7.664,4.835,153.2,-26.7,6.661,0.0000,-2.8392
1788373058.146,7.622,4.856,152.6,-26.0,6.631,0.0000,-2.8413
1788373058.367,7.568,4.885,152.4,-28.7,6.591,0.0000,-2.9041
1788373058.586,7.514,4.913,152.4,-27.3,6.551,0.0000,-2.9945
1788373058.819,7.460,4.942,152.4,-29.5,6.511,0.0000,-2.8897
1788373059.083,7.423,4.961,153.4,-31.7,6.471,0.0000,-3.0083
1788373059.308,7.368,4.989,153.4,-35.7,6.431,0.0000,-3.0760
1788373059.546,7.352,4.979,149.8,-30.6,6.284,0.0000,-3.0558
1788373059.803,7.352,4.979,145.5,-20.5,5.709,0.0318,0.0000
1788373060.026,7.334,4.986,140.4,-16.8,3.520,0.0955,0.0000
1788373060.248,7.318,4.998,140.3,-17.4,3.507,0.1591,0.0000
1788373060.499,7.274,5.035,140.4,-19.4,3.453,0.2864,0.0000
1788373060.739,7.231,5.069,140.1,-14.6,3.395,0.2227,0.0000
1788373060.960,7.184,5.108,140.1,-16.7,3.336,0.2227,0.0000
1788373061.195,7.137,5.147,140.1,-18.6,3.277,0.3500,0.0000
1788373061.435,7.106,5.182,138.9,-16.5,3.220,0.2864,0.0000
1788373061.664,7.060,5.222,138.9,-16.5,3.161,0.2545,0.0000
1788373061.887,7.024,5.253,139.6,-19.3,3.103,0.0318,0.0000
1788373062.132,6.978,5.291,139.9,-22.2,3.045,0.0955,0.0000
1788373062.358,6.931,5.330,139.9,-24.7,2.989,0.1273,0.0000
1788373062.592,6.886,5.372,139.7,-27.0,2.934,0.0000,6.0000
1788373062.849,6.839,5.411,139.7,-12.9,2.882,0.2227,0.0000
1788373063.080,6.782,5.445,140.7,-16.0,2.829,0.1591,0.0000
1788373063.308,6.733,5.483,140.9,-16.0,2.781,0.1909,0.0000
1788373063.538,6.686,5.521,140.9,-16.4,2.732,0.1909,0.0000
1788373063.775,6.657,5.539,140.7,-22.7,2.688,0.1591,0.0000
1788373064.008,6.610,5.577,140.7,-25.4,2.648,0.2227,6.0000
1788373064.232,6.557,5.615,140.8,-27.2,2.613,0.2864,6.0000
1788373064.494,6.508,5.654,140.9,-30.5,2.598,0.2864,6.0000
1788373064.724,6.460,5.692,140.9,-19.6,4.229,0.0000,6.0000
1788373065.028,6.415,5.738,141.5,-22.9,4.183,0.0318,0.0000
1788373065.288,6.398,5.751,138.2,-20.6,4.132,0.0318,0.0000
1788373065.512,6.404,5.740,133.5,-15.8,2.302,0.2227,0.0000
1788373065.766,6.404,5.739,129.1,-14.0,2.299,0.3500,0.0000
1788373066.042,6.374,5.763,128.8,-15.6,2.286,0.1909,0.0000
1788373066.281,6.330,5.811,128.7,-17.6,2.229,0.3182,0.0000
1788373066.506,6.271,5.859,129.3,-20.4,2.170,0.3500,0.0000
1788373066.762,6.232,5.907,129.3,-10.6,2.111,0.1909,6.0000
1788373066.980,6.204,5.945,129.2,-11.3,2.052,0.3182,0.0000
1788373067.202,6.167,5.991,129.2,-12.6,1.991,0.2864,0.0000
1788373067.429,6.129,6.038,129.2,-13.9,1.932,0.3500,0.0000
1788373067.685,6.087,6.092,129.7,-15.8,1.874,0.3182,0.0000
1788373067.911,6.054,6.131,129.7,-15.0,1.814,0.3500,0.0000
1788373068.131,6.008,6.183,129.4,-16.6,1.755,0.3500,0.0000
1788373068.385,5.966,6.232,129.2,-18.0,1.696,0.3182,0.0000
1788373068.609,5.928,6.279,129.2,-19.6,1.636,0.2545,0.0000
1788373068.829,5.895,6.327,129.5,-19.0,1.577,0.2227,0.0000
1788373069.065,5.856,6.375,129.5,-21.0,1.518,0.0636,0.0000
1788373069.307,5.824,6.413,130.2,-23.4,1.459,0.0000,6.0000
1788373069.529,5.785,6.458,130.3,-24.8,1.401,0.1591,6.0000
1788373069.758,5.751,6.499,129.6,-25.8,1.342,0.2545,6.0000
1788373070.018,5.736,6.491,125.0,-19.2,1.314,0.0636,0.0000
1788373070.247,5.736,6.491,119.8,-14.1,1.311,0.0955,0.0000
1788373070.474,5.733,6.497,117.1,-11.5,1.308,0.0318,0.0000
1788373070.721,5.691,6.546,116.7,-14.3,1.273,0.0318,0.0000
1788373070.954,5.670,6.605,117.0,-16.6,1.213,0.0955,0.0000
1788373071.177,5.644,6.660,117.1,-19.5,1.153,0.0318,0.0000
1788373071.423,5.617,6.713,117.1,-21.9,1.094,0.0318,6.0000
1788373071.676,5.589,6.768,117.6,-25.7,1.036,0.0000,6.0000
1788373071.889,5.566,6.811,117.6,-28.9,0.979,0.0000,6.0000
1788373072.108,5.545,6.871,117.9,-33.5,0.924,0.0000,-3.3890
1788373072.363,5.530,6.900,116.4,-35.6,0.876,0.0000,-3.5933
1788373072.588,5.540,6.888,111.5,-28.3,0.868,0.0000,-3.1630
1788373072.812,5.540,6.888,106.3,-23.2,0.865,0.0000,-2.9028
1788373073.059,5.535,6.908,105.3,-23.8,0.859,0.0000,-1.0000
1788373073.297,5.522,6.957,105.8,-29.4,0.820,0.0000,-3.1539
1788373073.529,5.510,7.000,105.8,-36.2,0.777,0.0000,-3.4258
1788373073.763,5.498,7.044,105.8,-46.2,0.734,0.0000,-3.7861
1788373074.023,5.495,7.053,102.2,-45.3,0.700,0.0000,-1.9918
1788373074.242,5.500,7.048,95.5,-35.9,0.723,0.0000,0.0082
1788373074.471,5.500,7.048,90.3,-30.8,1.946,0.0000,3.0082
1788373074.729,5.501,7.050,85.5,-25.8,1.943,0.0000,4.0000
1788373074.951,5.502,7.050,80.4,-20.8,1.941,0.0000,4.0000
1788373075.178,5.491,7.046,75.5,-18.5,1.938,0.1273,0.0000
1788373075.410,5.490,7.035,71.0,-12.3,1.936,0.0636,0.0000
1788373075.652,5.490,7.034,65.9,-7.1,1.945,0.0636,0.0000
1788373075.880,5.483,7.060,62.0,-10.5,1.970,0.0000,1.0000
1788373076.113,5.489,7.061,57.1,-4.2,2.011,0.0000,3.0000
1788373076.366,5.495,7.068,54.5,-1.0,2.063,0.0000,4.0000
1788373076.595,5.517,7.092,54.3,0.4,2.034,0.0000,4.0000
1788373076.809,5.540,7.131,54.2,-2.4,1.996,0.0000,4.0000
1788373077.056,5.544,7.138,70.3,-19.7,1.906,0.0000,4.0000
1788373077.275,5.544,7.138,90.0,-39.3,1.844,0.0000,4.0000
1788373077.496,5.542,7.144,108.7,-65.3,1.854,0.0000,4.0000
1788373077.736,5.543,7.132,121.1,-67.4,0.650,0.0000,4.0000
1788373077.975,5.537,7.130,127.5,-77.4,0.654,0.0000,4.0000
1788373078.200,5.531,7.141,134.3,-96.9,0.658,0.0000,3.9298
1788373078.423,5.524,7.135,139.5,-101.8,0.662,0.0000,3.7328
1788373078.666,5.522,7.126,144.0,-101.4,0.669,0.0000,3.4292
1788373078.887,5.522,7.125,148.7,-105.4,0.706,0.0000,3.2199
1788373079.112,5.513,7.128,152.7,-115.6,2.723,0.0000,3.0428
1788373079.362,5.507,7.125,158.0,-121.6,3.002,0.0000,2.6722
1788373079.596,5.506,7.124,162.9,-126.6,3.368,0.0000,0.0000
1788373079.813,5.501,7.117,166.8,-128.9,3.860,0.0000,0.0000
1788373080.040,5.509,7.109,167.3,-122.0,4.170,0.0000,0.0000
1788373080.275,5.513,7.105,167.2,-118.7,4.170,0.0000,0.0000
1788373080.505,5.507,7.102,166.6,-119.3,4.170,0.0000,0.0000
1788373080.738,5.507,7.102,166.6,-119.3,4.170,0.0000,0.0000
1788373080.976,5.507,7.102,166.6,-119.3,4.170,0.0000,0.0000
1788373081.194,5.507,7.102,178.8,78.4,4.478,0.0000,2.0000
1788373081.411,5.507,7.102,-163.1,60.4,5.459,0.0000,4.0000
1788373081.638,5.507,7.102,-150.8,48.0,3.912,0.0000,4.0000
1788373081.872,5.505,7.108,-144.5,42.4,2.946,0.0000,4.0000
1788373082.085,5.536,7.099,-138.2,32.1,2.666,0.0000,3.8042
1788373082.297,5.547,7.098,-133.2,25.8,2.511,0.0000,3.5717
1788373082.544,5.556,7.100,-128.7,20.4,2.391,0.0000,3.2396
1788373082.752,5.557,7.101,-123.9,15.5,2.311,0.0000,2.9925
1788373082.967,5.553,7.097,-118.8,10.6,2.315,0.2227,0.0000
1788373083.202,5.560,7.106,-114.1,12.5,2.322,0.2864,0.0000
1788373083.434,5.561,7.107,-109.3,7.5,2.315,0.3182,0.0000
1788373083.652,5.544,7.095,-104.4,4.2,2.324,0.3182,0.0000
1788373083.873,5.556,7.102,-99.3,-2.1,2.332,0.3500,0.0000
1788373084.126,5.557,7.077,-98.9,-3.1,2.315,0.3500,0.0000
1788373084.340,5.544,7.024,-99.1,-3.0,2.271,0.3182,0.0000
1788373084.554,5.535,6.963,-99.1,-3.5,2.205,0.3182,0.0000
1788373084.807,5.525,6.903,-99.1,-4.2,2.148,0.3500,0.0000
1788373085.061,5.505,6.844,-98.5,-4.2,2.122,0.3500,0.0000
1788373085.322,5.495,6.784,-98.4,-8.2,2.095,0.3182,0.0000
1788373085.595,5.470,6.715,-97.4,-9.1,2.069,0.3500,0.0000
1788373085.928,5.463,6.665,-97.3,-8.4,2.043,0.3182,0.0000
1788373086.151,5.457,6.600,-97.9,-3.6,2.017,0.3500,0.0000
1788373086.391,5.449,6.537,-98.1,-4.2,1.991,0.3182,0.0000
1788373086.613,5.432,6.459,-97.9,-4.6,1.964,0.3500,0.0000
1788373086.830,5.422,6.394,-97.8,-2.7,1.938,0.3182,0.0000
1788373087.044,5.408,6.344,-98.0,-1.1,1.912,0.2545,0.0000
1788373087.292,5.399,6.284,-98.0,9.4,1.886,0.3182,0.0000
1788373087.502,5.390,6.214,-98.0,10.4,1.859,0.2864,0.0000
1788373087.711,5.383,6.163,-98.0,11.1,1.833,0.2227,0.0000
1788373087.950,5.371,6.093,-98.1,12.0,1.807,0.3500,0.0000
1788373088.173,5.361,6.029,-98.1,9.7,1.781,0.3500,0.0000
1788373088.393,5.362,5.971,-98.1,9.6,1.755,0.3182,0.0000
1788373088.606,5.356,5.911,-98.1,10.3,1.728,0.3500,0.0000
1788373088.853,5.344,5.843,-98.2,11.6,4.245,0.2864,0.0000
1788373089.075,5.335,5.782,-98.2,12.8,4.186,0.2545,0.0000
1788373089.297,5.319,5.731,-99.1,12.1,4.127,0.2864,0.0000
1788373089.535,5.309,5.674,-99.1,13.5,4.069,0.2227,0.0000
1788373089.761,5.304,5.620,-98.7,13.8,4.012,0.1273,0.0000
1788373089.968,5.297,5.561,-98.4,14.8,3.956,0.0636,0.0000
1788373090.186,5.291,5.505,-98.9,16.2,3.901,0.0955,0.0000
1788373090.429,5.283,5.450,-99.1,19.0,3.846,0.1273,0.0000
1788373090.640,5.271,5.399,-99.0,21.4,3.793,0.3500,0.0000
1788373090.856,5.262,5.346,-99.0,22.5,3.740,0.0636,0.0000
1788373091.088,5.254,5.270,-98.5,22.3,3.687,0.3500,-6.0000
1788373091.310,5.246,5.215,-98.4,17.6,3.634,0.2227,-6.0000
1788373091.527,5.236,5.177,-98.5,18.5,3.582,0.1273,-6.0000
1788373091.742,5.226,5.127,-98.5,20.8,3.530,0.3500,0.0000
1788373091.973,5.215,5.071,-98.1,20.6,3.478,0.2864,-6.0000
1788373092.186,5.206,5.018,-98.0,21.6,3.426,0.2227,-6.0000
1788373092.410,5.188,4.981,-97.6,22.8,3.375,0.1591,-6.0000
1788373092.646,5.184,4.981,-92.9,18.4,3.367,0.3500,0.0000
1788373092.868,5.184,4.981,-88.0,13.5,3.368,0.3500,0.0000
1788373093.090,5.184,4.964,-86.0,12.1,3.370,0.3500,0.0000
1788373093.319,5.196,4.929,-86.7,12.6,3.330,0.3500,0.0000
1788373093.557,5.199,4.878,-86.7,10.7,3.270,0.3500,0.0000
1788373093.769,5.203,4.817,-86.7,12.2,3.213,0.3500,0.0000
1788373093.983,5.205,4.766,-86.2,11.4,3.155,0.3500,0.0000
1788373094.217,5.209,4.708,-86.0,8.5,3.095,0.2864,0.0000
1788373094.439,5.211,4.648,-85.7,7.8,3.038,0.0000,-1.0000
1788373094.650,5.215,4.587,-85.6,6.1,2.980,0.0000,-3.0000
1788373094.866,5.211,4.535,-86.3,6.0,2.921,0.0000,-3.5258
1788373095.098,5.214,4.474,-86.3,-2.4,2.863,0.0000,-3.5691
1788373095.317,5.215,4.416,-87.1,-7.6,2.806,0.0000,-3.6538
1788373095.538,5.217,4.351,-87.5,-19.1,2.750,0.0000,-4.0000
1788373095.781,5.221,4.288,-87.9,-25.1,2.696,0.0000,-4.0000
1788373096.010,5.223,4.226,-88.0,-28.3,2.644,0.0000,-4.0000
1788373096.225,5.242,4.192,-88.7,-35.3,2.593,0.0000,-4.0000
1788373096.460,5.246,4.193,-93.7,-29.3,2.559,0.0000,-4.0000
1788373096.692,5.248,4.198,-99.5,-23.3,2.557,0.0000,-4.0000
1788373096.909,5.247,4.191,-102.2,-21.0,2.552,0.0000,-4.0000
1788373097.130,5.234,4.188,-108.5,-13.6,2.544,0.0000,-3.7833
1788373097.376,5.235,4.183,-112.5,-10.0,2.542,0.0000,-3.4892
1788373097.599,5.225,4.154,-112.7,-10.9,2.529,0.0000,-3.4233
1788373097.817,5.200,4.106,-112.6,-13.3,2.473,0.0000,-3.4860
1788373098.057,5.177,4.049,-112.6,-21.7,2.415,0.0000,-3.5972
1788373098.276,5.160,4.010,-114.2,-24.5,2.355,0.0000,-3.6436
1788373098.492,5.157,4.014,-119.1,-20.7,2.341,0.0000,-3.4140
1788373098.710,5.157,4.015,-124.2,-15.5,2.350,0.0000,-3.2559
1788373098.963,5.146,3.999,-125.4,-17.0,4.156,0.0000,-3.0933
1788373099.188,5.118,3.943,-124.1,-23.0,4.115,0.0000,-3.2607
1788373099.408,5.076,3.889,-124.5,-26.7,4.062,0.0000,-3.3350
1788373099.637,5.054,3.860,-127.0,-26.9,4.011,0.0000,-3.3574
1788373099.878,5.054,3.860,-132.2,-21.7,4.139,0.0000,-3.0075
1788373100.126,5.056,3.869,-136.9,-16.2,4.322,0.0636,0.0000
1788373100.369,5.035,3.849,-137.0,-17.0,4.413,0.0318,0.0000
1788373100.606,4.979,3.800,-136.8,-25.8,4.368,0.0000,-1.0000
1788373100.819,4.934,3.758,-136.8,-28.8,4.319,0.0000,-3.0000
1788373101.039,4.890,3.716,-136.8,-31.9,4.270,0.0000,-3.0838
1788373101.283,4.852,3.681,-136.8,-34.3,4.221,0.0000,-3.1978
1788373101.510,4.812,3.634,-136.3,-38.4,4.172,0.0000,-3.3195
1788373101.724,4.810,3.632,-141.2,-19.0,4.243,0.2227,0.0000
1788373101.949,4.816,3.633,-146.4,-13.9,4.519,0.3500,0.0000
1788373102.175,4.812,3.630,-149.2,-11.3,4.858,0.2864,0.0000
1788373102.396,4.763,3.584,-149.1,-14.9,4.834,0.3182,0.0000
1788373102.612,4.710,3.549,-149.0,-14.9,4.790,0.2864,0.0000
1788373102.850,4.657,3.518,-149.0,-16.2,4.746,0.0318,0.0000
1788373103.067,4.614,3.492,-149.0,-17.4,4.702,0.3500,0.0000
1788373103.286,4.568,3.461,-149.5,-18.6,4.658,0.3182,0.0000
1788373103.529,4.515,3.430,-149.5,-20.1,4.614,0.2545,0.0000
1788373103.770,4.453,3.397,-149.9,-12.0,4.569,0.1273,0.0000
1788373103.985,4.400,3.367,-149.9,-13.4,4.525,0.3500,0.0000
1788373104.208,4.347,3.329,-148.9,-16.6,4.481,0.2545,0.0000
1788373104.466,4.294,3.298,-148.9,-18.2,4.437,0.1909,0.0000
1788373104.681,4.250,3.261,-148.0,-14.1,4.393,0.1273,0.0000
1788373104.898,4.198,3.229,-148.0,-15.8,4.349,0.2864,0.0000
1788373105.130,4.156,3.196,-147.6,-18.1,4.305,0.1909,0.0000
1788373105.370,4.104,3.163,-147.6,-19.9,4.261,0.1591,0.0000
1788373105.590,4.036,3.117,-148.3,-21.4,4.217,0.2545,6.0000
1788373105.819,3.984,3.084,-148.3,-16.2,4.173,0.2545,0.0000
1788373106.054,3.939,3.048,-148.5,-18.0,4.129,0.1909,0.0000
1788373106.275,3.887,3.016,-148.5,-19.6,4.077,0.2545,0.0000
1788373106.506,3.817,2.969,-148.2,-22.0,4.024,0.2545,6.0000
1788373106.754,3.765,2.937,-148.2,-17.2,3.971,0.0318,6.0000
1788373106.971,3.713,2.904,-148.1,-18.8,3.918,0.1591,0.0000
1788373107.186,3.661,2.871,-148.1,-20.5,3.864,0.1273,0.0000
1788373107.425,3.610,2.850,-149.4,-19.7,3.811,0.0955,0.0000
1788373107.657,3.557,2.819,-149.4,-21.3,3.758,0.3182,6.0000
1788373107.879,3.507,2.782,-148.7,-20.0,3.705,0.0955,0.0000
1788373108.105,3.471,2.761,-150.3,-20.0,3.651,0.0318,0.0000
1788373108.358,3.470,2.772,-155.5,-13.5,3.572,0.2864,0.0000
1788373108.584,3.470,2.772,-160.7,-8.3,3.505,0.2227,0.0000
1788373108.808,3.452,2.767,-161.8,-4.5,3.472,0.1909,0.0000
1788373109.056,3.405,2.745,-161.4,-6.1,3.429,0.3182,0.0000
1788373109.277,3.338,2.722,-161.3,-6.7,3.372,0.2545,0.0000
1788373109.500,3.277,2.701,-161.3,-7.4,3.316,0.2227,0.0000
1788373109.719,3.219,2.678,-161.3,-8.5,3.259,0.3500,0.0000
1788373109.945,3.161,2.657,-161.3,-4.9,3.202,0.1273,0.0000
1788373110.160,3.101,2.638,-160.5,-6.1,3.146,0.2545,0.0000
1788373110.371,3.043,2.617,-160.4,-6.9,3.089,0.2227,0.0000
1788373110.608,2.971,2.583,-159.5,-9.8,3.033,0.1591,0.0000
1788373110.838,2.923,2.564,-159.4,-10.4,2.976,0.1273,0.0000
1788373111.056,2.857,2.533,-159.4,-13.7,2.919,0.2227,0.0000
1788373111.289,2.797,2.507,-159.4,-17.1,2.863,0.0955,0.0000
1788373111.526,2.734,2.493,-160.2,-17.8,2.806,0.0318,0.0000
1788373111.747,2.675,2.475,-160.4,-19.6,2.750,0.2864,6.0000
1788373111.967,2.640,2.462,-160.5,-20.9,2.693,0.1909,6.0000
1788373112.222,2.586,2.443,-160.5,-23.1,2.636,0.0636,6.0000
1788373112.450,2.513,2.434,-160.1,-24.7,2.580,0.3500,6.0000
1788373112.667,2.454,2.414,-160.1,-27.1,2.523,0.0000,6.0000
1788373112.893,2.430,2.413,-162.6,-21.9,2.469,0.0000,-2.7783
1788373113.130,2.429,2.416,-167.8,-16.4,2.454,0.2227,0.0000
1788373113.362,2.431,2.418,-173.1,-10.9,2.452,0.3182,0.0000
1788373113.583,2.402,2.415,-173.2,-11.3,2.440,0.2864,0.0000
1788373113.817,2.342,2.418,-174.0,-10.2,2.385,0.2227,0.0000
1788373114.040,2.281,2.411,-174.0,-11.4,2.326,0.1909,0.0000
1788373114.259,2.220,2.405,-174.0,-12.6,2.266,0.3500,0.0000
1788373114.517,2.167,2.400,-173.5,-14.0,2.207,0.1909,0.0000
1788373114.739,2.117,2.395,-173.5,-15.1,2.147,0.0000,6.0000
1788373114.965,2.054,2.377,-172.7,-18.9,2.088,0.1591,6.0000
1788373115.193,1.992,2.364,-172.4,-19.7,2.029,0.0000,6.0000
1788373115.435,1.937,2.354,-172.8,-21.9,1.969,0.0000,6.0000
1788373115.651,1.878,2.346,-172.9,-24.8,1.910,0.0000,6.0000
1788373115.864,1.827,2.336,-173.8,-27.7,1.850,0.2545,6.0000
1788373116.130,1.772,2.330,-174.0,-32.1,1.793,0.0000,-3.3422
1788373116.369,1.709,2.332,-174.5,-36.9,1.742,0.0000,-3.5372
1788373116.588,1.690,2.331,-177.8,-35.9,1.700,0.0000,-3.6260
1788373116.825,1.700,2.320,178.2,-32.8,1.697,0.0000,-3.4104
1788373117.053,1.704,2.315,173.2,-28.1,1.694,0.0000,-3.1505
1788373117.266,1.676,2.309,173.9,-33.5,1.683,0.0000,-3.3326
1788373117.487,1.631,2.310,174.2,-40.9,1.640,0.0000,-3.6975
1788373117.718,1.599,2.306,172.5,-46.2,1.596,0.0000,-4.0000
1788373117.932,1.599,2.306,167.3,-41.0,1.586,0.0000,-3.7938
1788373118.142,1.599,2.306,162.2,-35.9,1.583,0.0000,-3.5637
1788373118.386,1.581,2.313,161.1,-38.0,1.579,0.0000,-3.5561
1788373118.617,1.560,2.326,161.9,-42.2,1.542,0.0000,-3.6986
1788373118.833,1.543,2.325,158.0,-43.5,1.517,0.0000,-3.8555
1788373119.043,1.540,2.324,152.8,-39.6,1.529,0.0000,-3.7193
1788373119.349,1.534,2.327,150.2,-38.5,1.551,0.0000,-3.6119
1788373119.596,1.515,2.331,148.0,-42.7,1.522,0.0000,-2.8037
1788373119.809,1.515,2.329,142.9,-37.7,1.554,0.0000,-0.8037
1788373120.053,1.515,2.329,137.8,-32.6,1.604,0.0000,0.1963
1788373120.270,1.508,2.332,133.0,-30.1,1.672,0.0000,2.1963
1788373120.490,1.483,2.343,127.6,-34.0,1.759,0.0000,4.0000
1788373120.724,1.483,2.343,123.3,-29.9,1.872,0.0000,4.0000
1788373120.959,1.464,2.344,118.8,-33.4,2.017,0.0000,4.0000
1788373121.172,1.458,2.345,114.2,-31.5,2.057,0.0000,4.0000
1788373121.406,1.457,2.346,109.2,-27.3,2.023,0.0000,4.0000
1788373121.661,1.439,2.344,104.1,-29.5,2.006,0.0000,4.0000
1788373121.875,1.433,2.341,99.4,-26.8,2.002,0.0000,4.0000
1788373122.090,1.432,2.340,94.3,-22.0,2.000,0.0000,4.0000
1788373122.318,1.417,2.338,88.3,-21.2,1.998,0.0000,4.0000
1788373122.563,1.406,2.345,84.0,-22.0,1.995,0.0000,4.0000
1788373122.799,1.400,2.349,78.9,-19.6,1.992,0.0000,4.0000
1788373123.030,1.406,2.364,73.8,-15.8,1.989,0.0000,4.0000
1788373123.279,1.413,2.352,68.7,-5.5,1.990,0.0000,4.0000
1788373123.504,1.418,2.355,65.9,-1.4,2.005,0.0000,4.0000
1788373123.720,1.430,2.404,65.7,-8.3,1.977,0.0000,4.0000
1788373123.961,1.443,2.444,68.6,-23.8,1.936,0.0000,4.0000
1788373124.189,1.443,2.444,88.2,-44.1,1.899,0.0000,4.0000
1788373124.412,1.443,2.444,107.9,-63.7,1.909,0.0000,4.0000
1788373124.634,1.443,2.451,123.7,-87.6,1.962,0.0000,4.0000
1788373124.876,1.437,2.457,143.3,-118.5,1.693,0.0000,4.0000
1788373125.100,1.438,2.475,162.3,-161.9,1.494,0.0000,4.0000
1788373125.324,1.429,2.461,175.9,-158.6,1.471,0.0000,4.0000
1788373125.571,1.436,2.446,-173.8,-149.4,1.476,0.0000,4.0000
1788373125.791,1.435,2.430,-168.1,-143.4,1.482,0.0000,2.0000
1788373126.018,1.426,2.411,-164.2,-143.2,1.488,0.0000,3.8460
1788373126.258,1.408,2.398,-166.9,-144.3,1.501,0.0000,3.6473
1788373126.482,1.408,2.372,176.5,-119.6,1.491,0.0000,4.0000
1788373126.696,1.406,2.373,155.7,-99.7,1.480,0.0000,4.0000
1788373126.921,1.429,2.347,137.0,-66.6,1.553,0.0000,4.0000
1788373127.155,1.417,2.351,124.3,-59.5,1.757,0.0000,4.0000
1788373127.377,1.417,2.338,114.5,-47.6,2.038,0.0000,4.0000
1788373127.605,1.410,2.341,109.2,-45.2,2.117,0.0000,4.0000
1788373127.844,1.432,2.328,104.2,-30.5,2.100,0.0000,4.0000
1788373128.070,1.416,2.358,99.3,-36.0,2.097,0.0000,4.0000
1788373128.290,1.415,2.348,94.5,-29.7,2.097,0.0000,4.0000
1788373128.517,1.415,2.347,90.2,-25.3,2.096,0.0000,4.0000
1788373128.756,1.409,2.339,84.9,-20.9,2.093,0.0000,4.0000
1788373128.972,1.398,2.356,79.9,-22.7,2.089,0.0000,4.0000
1788373129.183,1.395,2.361,74.8,-19.9,2.084,0.0000,4.0000
1788373129.429,1.386,2.358,68.9,-16.3,2.080,0.0000,4.0000
1788373129.660,1.372,2.366,63.5,-17.1,2.090,0.0000,4.0000
1788373129.889,1.370,2.368,58.3,-12.7,2.116,0.0000,4.0000
1788373130.120,1.364,2.366,53.2,-8.9,2.159,0.0000,3.0000
1788373130.348,1.359,2.363,48.8,-4.8,2.220,0.1591,0.0000
1788373130.571,1.358,2.363,45.1,-1.3,2.702,0.1591,0.0000
1788373130.783,1.375,2.390,45.6,-5.1,2.688,0.0000,-1.0000
1788373131.021,1.405,2.403,45.9,0.1,2.645,0.0000,-3.0000
1788373131.238,1.436,2.429,46.0,3.3,2.599,0.0000,-4.0000
1788373131.453,1.448,2.442,33.4,17.3,2.550,0.0000,-4.0000
1788373131.676,1.448,2.442,12.8,37.9,2.984,0.0000,-4.0000
1788373131.903,1.443,2.433,-7.7,60.2,5.862,0.0000,-4.0000
1788373132.116,1.425,2.433,-26.7,66.8,3.101,0.0000,-4.0000
1788373132.335,1.401,2.463,-43.1,52.1,3.171,0.0000,-4.0000
1788373132.571,1.381,2.472,-60.1,62.0,2.609,0.0000,-4.0000
1788373132.794,1.370,2.464,-64.2,70.1,2.462,0.0000,-4.0000
1788373133.004,1.342,2.482,-52.6,49.5,2.577,0.0000,-4.0000
1788373133.225,1.334,2.495,-47.2,39.2,2.737,0.0000,-4.0000
1788373133.467,1.334,2.487,-43.7,38.9,2.877,0.0000,-4.0000
1788373133.685,1.325,2.500,-39.4,29.9,3.054,0.0000,-4.0000
1788373133.900,1.324,2.501,-34.5,24.6,3.095,0.0000,-4.0000
1788373134.143,1.339,2.510,-30.3,15.7,3.022,0.0000,-4.0000
1788373134.376,1.341,2.520,-25.9,7.2,3.022,0.0000,-4.0000
1788373134.596,1.342,2.524,-21.1,0.8,3.025,0.0000,-4.0000
1788373134.826,1.362,2.527,-20.2,-4.5,3.014,0.0000,-4.0000
1788373135.054,1.412,2.529,-20.0,-20.5,2.970,0.0000,0.0000
1788373135.268,1.422,2.530,-24.2,-21.5,2.940,0.0000,0.0000
1788373135.496,1.422,2.530,-29.3,-16.3,2.938,0.0000,0.0000
1788373135.758,1.422,2.530,-34.5,-11.2,2.935,0.0000,-1.0000
1788373135.987,1.422,2.530,-39.7,-6.0,2.959,0.0000,-3.0000
1788373136.209,1.423,2.525,-43.8,-0.6,3.076,0.0000,-4.0000
1788373136.453,1.458,2.507,-44.3,-18.3,2.997,0.0000,-4.0000
1788373136.675,1.464,2.507,-60.8,-11.1,2.731,0.0000,-4.0000
1788373136.884,1.479,2.505,-71.1,-27.4,2.537,0.0000,-4.0000
1788373137.105,1.484,2.508,-77.8,-26.6,2.486,0.0000,-3.9979
1788373137.339,1.481,2.513,-83.4,-15.6,2.481,0.0000,-3.7786
1788373137.563,1.479,2.516,-87.4,-8.0,2.479,0.0000,-3.6293
1788373137.786,1.493,2.518,-92.6,-20.9,2.477,0.0000,-3.4164
1788373138.020,1.497,2.521,-96.4,-19.4,2.474,0.0000,-3.0807
1788373138.249,1.499,2.522,-101.3,-15.6,2.471,0.0000,-2.8331
1788373138.468,1.514,2.531,-105.7,-18.9,2.467,0.0000,0.0000
1788373138.701,1.526,2.519,-110.5,-28.9,2.468,0.0000,0.0000
1788373138.942,1.529,2.515,-113.1,-30.5,2.486,0.0000,0.0000
1788373139.156,1.535,2.506,-114.0,-38.7,2.486,0.0000,0.0000
1788373139.370,1.536,2.503,-113.6,-41.8,2.486,0.0000,0.0000
1788373139.641,1.536,2.503,-113.5,-42.2,2.486,0.0000,0.0000
1788373139.871,1.536,2.503,-113.5,-42.2,2.486,0.0000,0.0000
1788373140.091,1.536,2.503,-113.5,-42.2,2.486,0.0000,0.0000
1788373140.317,1.536,2.503,-113.5,-42.2,2.486,0.0000,0.0000
1788373140.549,1.536,2.503,-113.5,-42.2,2.486,0.0000,0.0000
1788373140.766,1.536,2.503,-113.5,-42.2,2.486,0.0000,0.0000
1788373140.977,1.536,2.503,-113.5,-42.2,2.486,0.0000,0.0000
1788373141.214,1.536,2.503,-113.5,-42.2,2.486,0.0000,0.0000
1788373141.425,1.536,2.503,-113.5,-42.2,2.486,0.0000,0.0000
1788373141.642,1.536,2.503,-113.5,-42.2,2.486,0.0000,0.0000
1788373141.866,1.536,2.503,-113.5,-42.2,2.486,0.0000,0.0000
1788373142.084,1.536,2.503,-113.5,-42.2,2.486,0.0000,0.0000
1788373142.304,1.536,2.503,-113.5,-42.2,2.486,0.0000,0.0000
1788373142.537,1.536,2.503,-113.5,-42.2,2.486,0.0000,0.0000
1788373142.804,1.536,2.503,-113.5,-42.2,2.486,0.0000,0.0000
1788373143.028,1.536,2.503,-113.5,-42.2,2.486,0.0000,0.0000
1788373143.248,1.536,2.503,-113.5,-42.2,2.486,0.0000,0.0000
1788373143.499,1.536,2.503,-113.5,-42.2,2.486,0.0000,0.0000
1788373143.726,1.536,2.503,-113.5,-42.2,2.486,0.0000,0.0000
1788373143.949,1.536,2.503,-113.5,-42.2,2.486,0.0000,0.0000
1788373144.173,1.536,2.503,-113.5,-42.2,2.486,0.0000,0.0000
1788373144.411,1.536,2.503,-113.5,-42.2,2.486,0.0000,0.0000
1788373144.627,1.536,2.503,-113.5,-42.2,2.486,0.0000,0.0000
1788373144.853,1.536,2.503,-113.5,-42.2,2.486,0.0000,0.0000
1788373145.100,1.536,2.503,-113.5,-42.2,2.486,0.0000,0.0000
1788373145.329,1.536,2.503,-113.5,-42.2,2.486,0.0000,0.0000
1788373145.548,1.536,2.503,-113.5,-42.2,2.486,0.0000,0.0000
1788373145.775,1.536,2.503,-113.5,-42.2,2.486,0.0000,0.0000
1788373146.013,1.536,2.503,-113.5,-42.2,2.486,0.0000,0.0000
1788373146.233,1.536,2.503,-113.5,-42.2,2.486,0.0000,0.0000
1788373146.449,1.536,2.503,-113.5,-42.2,2.486,0.0000,0.0000
1788373146.683,1.536,2.503,-113.5,-42.2,2.486,0.0000,0.0000
1788373146.906,1.536,2.503,-113.5,-42.2,2.486,0.0000,0.0000
1788373147.145,1.536,2.503,-113.5,-42.2,2.486,0.0000,0.0000
1788373147.390,1.536,2.503,-113.5,-42.2,2.486,0.0000,0.0000
1788373147.630,1.536,2.503,-113.5,-42.2,2.486,0.0000,0.0000
1788373147.927,1.536,2.503,-113.5,-42.2,2.486,0.0000,0.0000
1788373148.203,1.536,2.503,-113.5,-42.2,2.486,0.0000,0.0000
1788373148.426,1.536,2.503,-113.5,-42.2,2.486,0.0000,0.0000
1788373148.640,1.536,2.503,-113.5,-42.2,2.486,0.0000,0.0000
1788373148.858,1.536,2.503,-113.5,-42.2,2.486,0.0000,0.0000
1788373149.102,1.536,2.503,-113.5,-42.2,2.486,0.0000,0.0000
1788373149.323,1.536,2.503,-113.5,-42.2,2.486,0.0000,0.0000
1788373149.589,1.536,2.503,-113.5,-42.2,2.486,0.0000,0.0000
1788373149.860,1.536,2.503,-113.5,-42.2,2.486,0.0000,0.0000
1788373150.087,1.536,2.503,-113.5,-42.2,2.486,0.0000,0.0000
1788373150.300,1.536,2.503,-113.5,-42.2,2.486,0.0000,0.0000
1788373150.527,1.536,2.503,-113.5,-42.2,2.486,0.0000,0.0000
1788373150.780,1.536,2.503,-113.5,-42.2,2.486,0.0000,0.0000
1788373150.996,1.536,2.503,-113.5,-42.2,2.486,0.0000,0.0000
1788373151.224,1.536,2.503,-113.5,-42.2,2.486,0.0000,0.0000
1788373151.470,1.536,2.503,-113.5,-42.2,2.486,0.0000,0.0000
1788373151.696,1.536,2.503,-113.5,-42.2,2.486,0.0000,0.0000
1788373151.904,1.536,2.503,-113.5,-42.2,2.486,0.0000,0.0000
1788373152.135,1.536,2.503,-113.5,-42.2,2.486,0.0000,0.0000
1788373152.389,1.536,2.503,-113.5,-42.2,2.486,0.0000,0.0000
1788373152.619,1.536,2.503,-113.5,-42.2,2.486,0.0000,0.0000
1788373152.858,1.536,2.503,-113.5,-42.2,2.486,0.0000,0.0000
1788373153.126,1.536,2.503,-113.5,-42.2,2.486,0.0000,0.0000
1788373153.359,1.536,2.503,-113.5,-42.2,2.486,0.0000,0.0000
1788373153.581,1.536,2.503,-113.5,-42.2,2.486,0.0000,0.0000
1788373153.836,1.536,2.503,-113.5,-42.2,2.486,0.0000,0.0000
1788373154.056,1.536,2.503,-113.5,-42.2,2.486,0.0000,0.0000
1788373154.274,1.536,2.503,-113.5,-42.2,2.486,0.0000,0.0000
1788373154.503,1.536,2.503,-113.5,-42.2,2.486,0.0000,0.0000
1788373154.734,1.536,2.503,-113.5,-42.2,2.486,0.0000,0.0000
1788373154.946,1.536,2.503,-113.5,-42.2,2.486,0.0000,0.0000
1788373155.162,1.536,2.503,-113.5,-42.2,2.486,0.0000,0.0000
1788373155.396,1.536,2.503,-113.5,-42.2,2.486,0.0000,0.0000
1788373155.610,1.536,2.503,-113.5,-42.2,2.486,0.0000,0.0000
1788373155.823,1.536,2.503,-113.5,-42.2,2.486,0.0000,0.0000
1788373156.033,1.536,2.503,-113.5,-42.2,2.486,0.0000,0.0000
1788373156.265,1.536,2.503,-113.5,-42.2,2.486,0.0000,0.0000
1788373156.481,1.536,2.503,-113.5,-42.2,2.486,0.0000,0.0000
1788373156.700,1.536,2.503,-113.5,-42.2,2.486,0.0000,0.0000
1788373156.943,1.536,2.503,-113.5,-42.2,2.486,0.0000,0.0000
1788373157.168,1.536,2.503,-113.5,-42.2,2.486,0.0000,0.0000
1788373157.385,1.536,2.503,-113.5,-42.2,2.486,0.0000,0.0000
1788373157.661,1.536,2.503,-113.5,-42.2,2.486,0.0000,0.0000
1788373157.915,1.536,2.503,-113.5,-42.2,2.486,0.0000,0.0000
1788373158.128,1.536,2.503,-113.5,-42.2,2.486,0.0000,0.0000
1788373158.342,1.536,2.503,-113.5,-42.2,2.486,0.0000,0.0000
1788373158.578,1.536,2.503,-113.5,-42.2,2.486,0.0000,0.0000
1788373158.799,1.536,2.503,-113.5,-42.2,2.486,0.0000,0.0000
1788373159.018,1.536,2.503,-113.5,-42.2,2.486,0.0000,0.0000
1788373159.251,1.536,2.503,-113.5,-42.2,2.486,0.0000,0.0000
1788373159.485,1.536,2.503,-113.5,-42.2,2.486,0.0000,0.0000
1788373159.703,1.536,2.503,-113.5,-42.2,2.486,0.0000,0.0000
1788373159.921,1.536,2.503,-113.5,-42.2,2.486,0.0000,0.0000
1788373160.154,1.536,2.503,-113.5,-42.2,2.486,0.0000,0.0000
1788373160.370,1.536,2.503,-113.5,-42.2,2.486,0.0000,0.0000
1788373160.578,1.536,2.503,-113.5,-42.2,2.486,0.0000,0.0000
1788373160.799,1.536,2.503,-113.5,-42.2,2.486,0.0000,0.0000
1788373161.040,1.536,2.503,-113.5,-42.2,2.486,0.0000,0.0000
1788373161.263,1.536,2.503,-113.5,-42.2,2.486,0.0000,0.0000
1788373161.493,1.536,2.503,-113.5,-42.2,2.486,0.0000,0.0000
1788373161.774,1.536,2.503,-113.5,-42.2,2.486,0.0000,0.0000
1788373161.987,1.536,2.503,-113.5,-42.2,2.486,0.0000,0.0000
1788373162.206,1.536,2.503,-113.5,-42.2,2.486,0.0000,0.0000
1788373162.441,1.536,2.503,-113.5,-42.2,2.486,0.0000,0.0000
1788373162.665,1.536,2.503,-113.5,-42.2,2.486,0.0000,0.0000
1788373162.884,1.536,2.503,-113.5,-42.2,2.486,0.0000,0.0000
1788373163.095,1.536,2.503,-113.5,-42.2,2.486,0.0000,0.0000
1788373163.332,1.536,2.503,-113.5,-42.2,2.486,0.0000,0.0000
1788373163.544,1.536,2.503,-113.5,-42.2,2.486,0.0000,0.0000
1788373163.751,1.536,2.503,-113.5,-42.2,2.486,0.0000,0.0000
1788373163.962,1.536,2.503,-113.5,-42.2,2.486,0.0000,0.0000
1788373164.197,1.536,2.503,-113.5,-42.2,2.486,0.0000,0.0000
1788373164.406,1.536,2.503,-113.5,-42.2,2.486,0.0000,0.0000
1788373164.609,1.536,2.503,-113.5,-42.2,2.486,0.0000,0.0000
1788373164.840,1.536,2.503,-113.5,-42.2,2.486,0.0000,0.0000
1788373165.055,1.536,2.503,-113.5,-42.2,2.486,0.0000,0.0000
1788373165.259,1.536,2.503,-113.5,-42.2,2.486,0.0000,0.0000
1788373165.471,1.536,2.503,-113.5,-42.2,2.486,0.0000,0.0000
1788373165.696,1.536,2.503,-113.5,-42.2,2.486,0.0000,0.0000
1788373165.906,1.536,2.503,-113.5,-42.2,2.486,0.0000,0.0000
1788373166.111,1.536,2.503,-113.5,-42.2,2.486,0.0000,0.0000
1788373166.326,1.536,2.503,-113.5,-42.2,2.486,0.0000,0.0000
1788373166.551,1.536,2.503,-113.5,-42.2,2.486,0.0000,0.0000
1788373166.771,1.536,2.503,-113.5,-42.2,2.486,0.0000,0.0000
1788373166.990,1.536,2.503,-113.5,-42.2,2.486,0.0000,0.0000
1788373167.219,1.536,2.503,-113.5,-42.2,2.486,0.0000,0.0000
1788373167.434,1.536,2.503,-113.5,-42.2,2.486,0.0000,0.0000
1788373167.650,1.536,2.503,-113.5,-42.2,2.486,0.0000,0.0000
1788373167.878,1.536,2.503,-113.5,-42.2,2.486,0.0000,0.0000
1788373168.111,1.536,2.503,-113.5,-42.2,2.486,0.0000,0.0000
1788373168.322,1.536,2.503,-113.5,-42.2,2.486,0.0000,0.0000
1788373168.537,1.536,2.503,-113.5,-42.2,2.486,0.0000,0.0000
1788373168.773,1.536,2.503,-113.5,-42.2,2.486,0.0000,0.0000
1788373168.989,1.536,2.503,-113.5,-42.2,2.486,0.0000,0.0000
1788373169.203,1.536,2.503,-113.5,-42.2,2.486,0.0000,0.0000
1788373169.425,1.536,2.503,-113.5,-42.2,2.486,0.0000,0.0000
1788373169.653,1.536,2.503,-113.5,-42.2,2.486,0.0000,0.0000
1788373169.864,1.536,2.503,-113.5,-42.2,2.486,0.0000,0.0000
1788373170.076,1.536,2.503,-113.5,-42.2,2.486,0.0000,0.0000
1788373170.311,1.536,2.503,-113.5,-42.2,2.486,0.0000,0.0000
1788373170.545,1.536,2.503,-113.5,-42.2,2.486,0.0000,0.0000
1788373170.783,1.536,2.503,-113.5,-42.2,2.486,0.0000,0.0000
1788373171.080,1.536,2.503,-113.5,-42.2,2.486,0.0000,0.0000
1788373171.315,1.536,2.503,-113.5,-42.2,2.486,0.0000,0.0000
1788373171.527,1.536,2.503,-113.5,-42.2,2.486,0.0000,0.0000
1788373171.740,1.536,2.503,-113.5,-42.2,2.486,0.0000,0.0000
1788373171.980,1.536,2.503,-113.5,-42.2,2.486,0.0000,0.0000
1788373172.198,1.536,2.503,-113.5,-42.2,2.486,0.0000,0.0000
1788373172.410,1.536,2.503,-113.5,-42.2,2.486,0.0000,0.0000
1788373172.634,1.536,2.503,-113.5,-42.2,2.486,0.0000,0.0000
1788373172.852,1.536,2.503,-113.5,-42.2,2.486,0.0000,0.0000
1788373173.058,1.536,2.503,-113.5,-42.2,2.486,0.0000,0.0000
1788373173.270,1.536,2.503,-113.5,-42.2,2.486,0.0000,0.0000
1788373173.502,1.536,2.503,-113.5,-42.2,2.486,0.0000,0.0000
1788373173.713,1.536,2.503,-113.5,-42.2,2.486,0.0000,0.0000
1788373173.918,1.536,2.503,-113.5,-42.2,2.486,0.0000,0.0000
1788373174.128,1.536,2.503,-113.5,-42.2,2.486,0.0000,0.0000
1788373174.354,1.536,2.503,-113.5,-42.2,2.486,0.0000,0.0000
1788373174.561,1.536,2.503,-113.5,-42.2,2.486,0.0000,0.0000
1788373174.766,1.536,2.503,-113.5,-42.2,2.486,0.0000,0.0000
1788373174.986,1.536,2.503,-113.5,-42.2,2.486,0.0000,0.0000
1788373175.204,1.536,2.503,-113.5,-42.2,2.486,0.0000,0.0000
1788373175.415,1.536,2.503,-113.5,-42.2,2.486,0.0000,0.0000
1788373175.630,1.536,2.503,-113.5,-42.2,2.486,0.0000,0.0000
1788373175.879,1.536,2.503,-113.5,-42.2,2.486,0.0000,0.0000
1788373176.098,1.536,2.503,-113.5,-42.2,2.486,0.0000,0.0000
1788373176.316,1.536,2.503,-113.5,-42.2,2.486,0.0000,0.0000
1788373176.543,1.536,2.503,-113.5,-42.2,2.486,0.0000,0.0000
1788373176.778,1.536,2.503,-113.5,-42.2,2.486,0.0000,0.0000
1788373176.994,1.536,2.503,-113.5,-42.2,2.486,0.0000,0.0000
1788373177.202,1.536,2.503,-113.5,-42.2,2.486,0.0000,0.0000
1788373177.443,1.536,2.503,-113.5,-42.2,2.486,0.0000,0.0000
1788373177.710,1.536,2.503,-113.5,-42.2,2.486,0.0000,0.0000
1788373177.994,1.536,2.503,-113.5,-42.2,2.486,0.0000,0.0000
1788373178.291,1.536,2.503,-113.5,-42.2,2.486,0.0000,0.0000
1788373178.556,1.536,2.503,-113.5,-42.2,2.486,0.0000,0.0000
1788373178.776,1.536,2.503,-113.5,-42.2,2.486,0.0000,0.0000
1788373179.025,1.536,2.503,-113.5,-42.2,2.486,0.0000,0.0000
1788373179.263,1.536,2.503,-113.5,-42.2,2.486,0.0000,0.0000
1788373179.494,1.536,2.503,-113.5,-42.2,2.486,0.0000,0.0000
1788373179.746,1.536,2.503,-113.5,-42.2,2.486,0.0000,0.0000
1788373180.012,1.536,2.503,-113.5,-42.2,2.486,0.0000,0.0000
1788373180.237,1.536,2.503,-113.5,-42.2,2.486,0.0000,0.0000
1788373180.499,1.536,2.503,-113.5,-42.2,2.486,0.0000,0.0000
1788373180.743,1.536,2.503,-113.5,-42.2,2.486,0.0000,0.0000
1788373180.952,1.536,2.503,-113.5,-42.2,2.486,0.0000,0.0000
1788373181.172,1.536,2.503,-113.5,-42.2,2.486,0.0000,0.0000
1788373181.427,1.536,2.503,-113.5,-42.2,2.486,0.0000,0.0000
1788373181.669,1.536,2.503,-113.5,-42.2,2.486,0.0000,0.0000
1788373181.897,1.536,2.503,-113.5,-42.2,2.486,0.0000,0.0000
1788373182.147,1.536,2.503,-113.5,-42.2,2.486,0.0000,0.0000
1788373182.392,1.536,2.503,-113.5,-42.2,2.486,0.0000,0.0000
1788373182.611,1.536,2.503,-113.5,-42.2,2.486,0.0000,0.0000
1788373182.856,1.536,2.503,-113.5,-42.2,2.486,0.0000,0.0000
1788373183.108,1.536,2.503,-113.5,-42.2,2.486,0.0000,0.0000
1788373183.333,1.536,2.503,-113.5,-42.2,2.486,0.0000,0.0000
1788373183.547,1.536,2.503,-113.5,-42.2,2.486,0.0000,0.0000
1788373183.795,1.536,2.503,-113.5,-42.2,2.486,0.0000,0.0000
1788373184.018,1.536,2.503,-113.5,-42.2,2.486,0.0000,0.0000
1788373184.235,1.536,2.503,-113.5,-42.2,2.486,0.0000,0.0000
1788373184.459,1.536,2.503,-113.5,-42.2,2.486,0.0000,0.0000
1788373184.702,1.536,2.503,-113.5,-42.2,2.486,0.0000,0.0000
1788373184.923,1.536,2.503,-113.5,-42.2,2.486,0.0000,0.0000
1788373185.133,1.536,2.503,-113.5,-42.2,2.486,0.0000,0.0000
1788373185.382,1.536,2.503,-113.5,-42.2,2.486,0.0000,0.0000
1788373185.615,1.536,2.503,-113.5,-42.2,2.486,0.0000,0.0000
1788373185.828,1.536,2.503,-113.5,-42.2,2.486,0.0000,0.0000
1788373186.050,1.536,2.503,-113.5,-42.2,2.486,0.0000,0.0000
1788373186.300,1.536,2.503,-113.5,-42.2,2.486,0.0000,0.0000
1788373186.520,1.536,2.503,-113.5,-42.2,2.486,0.0000,0.0000
1788373186.762,1.536,2.503,-113.5,-42.2,2.486,0.0000,0.0000
1788373187.030,1.536,2.503,-113.5,-42.2,2.486,0.0000,0.0000
1788373187.299,1.536,2.503,-113.5,-42.2,2.486,0.0000,0.0000
1788373187.560,1.536,2.503,-113.5,-42.2,2.486,0.0000,0.0000
1788373187.811,1.536,2.503,-113.5,-42.2,2.486,0.0000,0.0000
1788373188.071,1.536,2.503,-113.5,-42.2,2.486,0.0000,0.0000
1788373188.317,1.536,2.503,-113.5,-42.2,2.486,0.0000,0.0000
1788373188.601,1.536,2.503,-113.5,-42.2,2.486,0.0000,0.0000
1788373188.856,1.536,2.503,-113.5,-42.2,2.486,0.0000,0.0000
1788373189.077,1.536,2.503,-113.5,-42.2,2.486,0.0000,0.0000
1788373189.333,1.536,2.503,-113.5,-42.2,2.486,0.0000,0.0000
1788373189.588,1.536,2.503,-113.5,-42.2,2.486,0.0000,0.0000
1788373189.840,1.536,2.503,-113.5,-42.2,2.486,0.0000,0.0000
1788373190.075,1.536,2.503,-113.5,-42.2,2.486,0.0000,0.0000
1788373190.366,1.536,2.503,-113.5,-42.2,2.486,0.0000,0.0000
1788373190.624,1.536,2.503,-113.5,-42.2,2.486,0.0000,0.0000
1788373190.891,1.536,2.503,-113.5,-42.2,2.486,0.0000,0.0000
1788373191.163,1.536,2.503,-113.5,-42.2,2.486,0.0000,0.0000
1788373191.400,1.536,2.503,-113.5,-42.2,2.486,0.0000,0.0000
1788373191.614,1.536,2.503,-113.5,-42.2,2.486,0.0000,0.0000
1788373191.851,1.536,2.503,-113.5,-42.2,2.486,0.0000,0.0000
1788373192.070,1.536,2.503,-113.5,-42.2,2.486,0.0000,0.0000
1788373192.276,1.536,2.503,-113.5,-42.2,2.486,0.0000,0.0000
1788373192.493,1.536,2.503,-113.5,-42.2,2.486,0.0000,0.0000
1788373192.727,1.536,2.503,-113.5,-42.2,2.486,0.0000,0.0000
1788373192.935,1.536,2.503,-113.5,-42.2,2.486,0.0000,0.0000
1788373193.142,1.536,2.503,-113.5,-42.2,2.486,0.0000,0.0000
1788373193.401,1.536,2.503,-113.5,-42.2,2.486,0.0000,0.0000
1788373193.626,1.536,2.503,-113.5,-42.2,2.486,0.0000,0.0000
1788373193.878,1.536,2.503,-113.5,-42.2,2.486,0.0000,0.0000
1788373194.123,1.536,2.503,-113.5,-42.2,2.486,0.0000,0.0000
1788373194.374,1.536,2.503,-113.5,-42.2,2.486,0.0000,0.0000
1788373194.590,1.536,2.503,-113.5,-42.2,2.486,0.0000,0.0000
1788373194.817,1.536,2.503,-113.5,-42.2,2.486,0.0000,0.0000
1788373195.075,1.536,2.503,-113.5,-42.2,2.486,0.0000,0.0000
1788373195.291,1.536,2.503,-113.5,-42.2,2.486,0.0000,0.0000
1788373195.504,1.536,2.503,-113.5,-42.2,2.486,0.0000,0.0000
1788373195.745,1.536,2.503,-113.5,-42.2,2.486,0.0000,0.0000
1788373195.981,1.536,2.503,-113.5,-42.2,2.486,0.0000,0.0000
1788373196.201,1.536,2.503,-113.5,-42.2,2.486,0.0000,0.0000
1788373196.419,1.536,2.503,-113.5,-42.2,2.486,0.0000,0.0000
1788373196.657,1.536,2.503,-113.5,-42.2,2.486,0.0000,0.0000
1788373196.883,1.536,2.503,-113.5,-42.2,2.486,0.0000,0.0000
1788373197.107,1.536,2.503,-113.5,-42.2,2.486,0.0000,0.0000
1788373197.350,1.536,2.503,-113.5,-42.2,2.486,0.0000,0.0000
1788373197.582,1.536,2.503,-113.5,-42.2,2.486,0.0000,0.0000
1788373197.796,1.536,2.503,-113.5,-42.2,2.486,0.0000,0.0000
1788373198.002,1.536,2.503,-113.5,-42.2,2.486,0.0000,0.0000
1788373198.238,1.536,2.503,-113.5,-42.2,2.486,0.0000,0.0000
1788373198.461,1.536,2.503,-113.5,-42.2,2.486,0.0000,0.0000
1788373198.676,1.536,2.503,-113.5,-42.2,2.486,0.0000,0.0000
1788373198.905,1.536,2.503,-113.5,-42.2,2.486,0.0000,0.0000
1788373199.125,1.536,2.503,-113.5,-42.2,2.486,0.0000,0.0000
1788373199.334,1.536,2.503,-113.5,-42.2,2.486,0.0000,0.0000
1788373199.543,1.536,2.503,-113.5,-42.2,2.486,0.0000,0.0000
1788373199.776,1.536,2.503,-113.5,-42.2,2.486,0.0000,0.0000
1788373199.983,1.536,2.503,-113.5,-42.2,2.486,0.0000,0.0000
1788373200.193,1.536,2.503,-113.5,-42.2,2.486,0.0000,0.0000
1788373200.422,1.536,2.503,-113.5,-42.2,2.486,0.0000,0.0000
1788373200.650,1.536,2.503,-113.5,-42.2,2.486,0.0000,0.0000
1788373200.866,1.536,2.503,-113.5,-42.2,2.486,0.0000,0.0000
1788373201.083,1.536,2.503,-113.5,-42.2,2.486,0.0000,0.0000
1788373201.313,1.536,2.503,-113.5,-42.2,2.486,0.0000,0.0000
1788373201.538,1.536,2.503,-113.5,-42.2,2.486,0.0000,0.0000
1788373201.754,1.536,2.503,-113.5,-42.2,2.486,0.0000,0.0000
1788373201.976,1.536,2.503,-113.5,-42.2,2.486,0.0000,0.0000
1788373202.209,1.536,2.503,-113.5,-42.2,2.486,0.0000,0.0000
1788373202.423,1.536,2.503,-113.5,-42.2,2.486,0.0000,0.0000
1788373202.632,1.536,2.503,-113.5,-42.2,2.486,0.0000,0.0000
1788373202.858,1.536,2.503,-113.5,-42.2,2.486,0.0000,0.0000
1788373203.066,1.536,2.503,-113.5,-42.2,2.486,0.0000,0.0000
1788373203.284,1.536,2.503,-113.5,-42.2,2.486,0.0000,0.0000
1788373203.524,1.536,2.503,-113.5,-42.2,2.486,0.0000,0.0000
1788373203.775,1.536,2.503,-113.5,-42.2,2.486,0.0000,0.0000
1788373204.083,1.536,2.503,-113.5,-42.2,2.486,0.0000,0.0000
1788373204.324,1.536,2.503,-113.5,-42.2,2.486,0.0000,0.0000
1788373204.563,1.536,2.503,-113.5,-42.2,2.486,0.0000,0.0000
1788373204.785,1.536,2.503,-113.5,-42.2,2.486,0.0000,0.0000
1788373205.010,1.536,2.503,-113.5,-42.2,2.486,0.0000,0.0000
1788373205.246,1.536,2.503,-113.5,-42.2,2.486,0.0000,0.0000
1788373205.465,1.536,2.503,-113.5,-42.2,2.486,0.0000,0.0000
1788373205.677,1.536,2.503,-113.5,-42.2,2.486,0.0000,0.0000
1788373205.890,1.536,2.503,-113.5,-42.2,2.486,0.0000,0.0000
1788373206.125,1.536,2.503,-113.5,-42.2,2.486,0.0000,0.0000
1788373206.341,1.536,2.503,-113.5,-42.2,2.486,0.0000,0.0000
1788373206.562,1.536,2.503,-113.5,-42.2,2.486,0.0000,0.0000
1788373206.796,1.536,2.503,-113.5,-42.2,2.486,0.0000,0.0000
1788373207.052,1.536,2.503,-113.5,-42.2,2.486,0.0000,0.0000
1788373207.281,1.536,2.503,-113.5,-42.2,2.486,0.0000,0.0000
1788373207.517,1.536,2.503,-113.5,-42.2,2.486,0.0000,0.0000
1788373207.764,1.536,2.503,-113.5,-42.2,2.486,0.0000,0.0000
1788373207.974,1.536,2.503,-113.5,-42.2,2.486,0.0000,0.0000
1788373208.179,1.536,2.503,-113.5,-42.2,2.486,0.0000,0.0000
1788373208.428,1.536,2.503,-113.5,-42.2,2.486,0.0000,0.0000
1788373208.638,1.536,2.503,-113.5,-42.2,2.486,0.0000,0.0000
1788373208.851,1.536,2.503,-113.5,-42.2,2.486,0.0000,0.0000
1788373209.066,1.536,2.503,-113.5,-42.2,2.486,0.0000,0.0000
1788373209.316,1.536,2.503,-113.5,-42.2,2.486,0.0000,0.0000
1788373209.532,1.536,2.503,-113.5,-42.2,2.486,0.0000,0.0000
1788373209.738,1.536,2.503,-113.5,-42.2,2.486,0.0000,0.0000
1788373209.996,1.536,2.503,-113.5,-42.2,2.486,0.0000,0.0000
1788373210.218,1.536,2.503,-113.5,-42.2,2.486,0.0000,0.0000
1788373210.435,1.536,2.503,-113.5,-42.2,2.486,0.0000,0.0000
1788373210.659,1.536,2.503,-113.5,-42.2,2.486,0.0000,0.0000
1788373210.904,1.536,2.503,-113.5,-42.2,2.486,0.0000,0.0000
1788373211.120,1.536,2.503,-113.5,-42.2,2.486,0.0000,0.0000
1788373211.340,1.536,2.503,-113.5,-42.2,2.486,0.0000,0.0000
1788373211.577,1.536,2.503,-113.5,-42.2,2.486,0.0000,0.0000
1788373211.795,1.536,2.503,-113.5,-42.2,2.486,0.0000,0.0000
1788373211.999,1.536,2.503,-113.5,-42.2,2.486,0.0000,0.0000
1788373212.214,1.536,2.503,-113.5,-42.2,2.486,0.0000,0.0000
1788373212.447,1.536,2.503,-113.5,-42.2,2.486,0.0000,0.0000
1788373212.652,1.536,2.503,-113.5,-42.2,2.486,0.0000,0.0000
1788373212.864,1.536,2.503,-113.5,-42.2,2.486,0.0000,0.0000
1788373213.101,1.536,2.503,-113.5,-42.2,2.486,0.0000,0.0000
1788373213.327,1.536,2.503,-113.5,-42.2,2.486,0.0000,0.0000
1788373213.535,1.536,2.503,-113.5,-42.2,2.486,0.0000,0.0000
1788373213.750,1.536,2.503,-113.5,-42.2,2.486,0.0000,0.0000
1788373213.980,1.536,2.503,-113.5,-42.2,2.486,0.0000,0.0000
1788373214.187,1.536,2.503,-113.5,-42.2,2.486,0.0000,0.0000
1788373214.401,1.536,2.503,-113.5,-42.2,2.486,0.0000,0.0000
1788373214.619,1.536,2.503,-113.5,-42.2,2.486,0.0000,0.0000
1788373214.843,1.536,2.503,-113.5,-42.2,2.486,0.0000,0.0000
1788373215.048,1.536,2.503,-113.5,-42.2,2.486,0.0000,0.0000
1788373215.259,1.536,2.503,-113.5,-42.2,2.486,0.0000,0.0000
1788373215.493,1.536,2.503,-113.5,-42.2,2.486,0.0000,0.0000
1788373215.706,1.536,2.503,-113.5,-42.2,2.486,0.0000,0.0000
1788373215.915,1.536,2.503,-113.5,-42.2,2.486,0.0000,0.0000
1788373216.143,1.536,2.503,-113.5,-42.2,2.486,0.0000,0.0000
1788373216.384,1.536,2.503,-113.5,-42.2,2.486,0.0000,0.0000
1788373216.600,1.536,2.503,-113.5,-42.2,2.486,0.0000,0.0000
1788373216.816,1.536,2.503,-113.5,-42.2,2.486,0.0000,0.0000
1788373217.049,1.536,2.503,-113.5,-42.2,2.486,0.0000,0.0000
1788373217.276,1.536,2.503,-113.5,-42.2,2.486,0.0000,0.0000
1788373217.489,1.536,2.503,-113.5,-42.2,2.486,0.0000,0.0000
1788373217.706,1.536,2.503,-113.5,-42.2,2.486,0.0000,0.0000
1788373217.939,1.536,2.503,-113.5,-42.2,2.486,0.0000,0.0000
1788373218.148,1.536,2.503,-113.5,-42.2,2.486,0.0000,0.0000
1788373218.364,1.536,2.503,-113.5,-42.2,2.486,0.0000,0.0000
1788373218.599,1.536,2.503,-113.5,-42.2,2.486,0.0000,0.0000
1788373218.811,1.536,2.503,-113.5,-42.2,2.486,0.0000,0.0000
1788373219.018,1.536,2.503,-113.5,-42.2,2.486,0.0000,0.0000
1788373219.228,1.536,2.503,-113.5,-42.2,2.486,0.0000,0.0000
1788373219.466,1.536,2.503,-113.5,-42.2,2.486,0.0000,0.0000
1788373219.672,1.536,2.503,-113.5,-42.2,2.486,0.0000,0.0000
1788373219.881,1.536,2.503,-113.5,-42.2,2.486,0.0000,0.0000
1788373220.105,1.536,2.503,-113.5,-42.2,2.486,0.0000,0.0000
1788373220.329,1.536,2.503,-113.5,-42.2,2.486,0.0000,0.0000
1788373220.537,1.536,2.503,-113.5,-42.2,2.486,0.0000,0.0000
1788373220.746,1.536,2.503,-113.5,-42.2,2.486,0.0000,0.0000
1788373220.976,1.536,2.503,-113.5,-42.2,2.486,0.0000,0.0000
1788373221.189,1.536,2.503,-113.5,-42.2,2.486,0.0000,0.0000
1788373221.417,1.536,2.503,-113.5,-42.2,2.486,0.0000,0.0000
1788373221.634,1.536,2.503,-113.5,-42.2,2.486,0.0000,0.0000
1788373221.873,1.536,2.503,-113.5,-42.2,2.486,0.0000,0.0000
1788373222.092,1.536,2.503,-113.5,-42.2,2.486,0.0000,0.0000
1788373222.300,1.536,2.503,-113.5,-42.2,2.486,0.0000,0.0000
1788373222.535,1.536,2.503,-113.5,-42.2,2.486,0.0000,0.0000
1788373222.752,1.536,2.503,-113.5,-42.2,2.486,0.0000,0.0000
1788373222.963,1.536,2.503,-113.5,-42.2,2.486,0.0000,0.0000
1788373223.175,1.536,2.503,-113.5,-42.2,2.486,0.0000,0.0000
1788373223.412,1.536,2.503,-113.5,-42.2,2.486,0.0000,0.0000
1788373223.627,1.536,2.503,-113.5,-42.2,2.486,0.0000,0.0000
1788373223.838,1.536,2.503,-113.5,-42.2,2.486,0.0000,0.0000
1788373224.057,1.536,2.503,-113.5,-42.2,2.486,0.0000,0.0000
1788373224.280,1.536,2.503,-113.5,-42.2,2.486,0.0000,0.0000
1788373224.494,1.536,2.503,-113.5,-42.2,2.486,0.0000,0.0000
1788373224.701,1.536,2.503,-113.5,-42.2,2.486,0.0000,0.0000
1788373224.930,1.536,2.503,-113.5,-42.2,2.486,0.0000,0.0000
1788373225.145,1.536,2.503,-113.5,-42.2,2.486,0.0000,0.0000
1788373225.355,1.536,2.503,-113.5,-42.2,2.486,0.0000,0.0000
1788373225.563,1.536,2.503,-113.5,-42.2,2.486,0.0000,0.0000
1788373225.797,1.536,2.503,-113.5,-42.2,2.486,0.0000,0.0000
1788373226.000,1.536,2.503,-113.5,-42.2,2.486,0.0000,0.0000
1788373226.205,1.536,2.503,-113.5,-42.2,2.486,0.0000,0.0000
1788373226.433,1.536,2.503,-113.5,-42.2,2.486,0.0000,0.0000
1788373226.649,1.536,2.503,-113.5,-42.2,2.486,0.0000,0.0000
1788373226.861,1.536,2.503,-113.5,-42.2,2.486,0.0000,0.0000
1788373227.073,1.536,2.503,-113.5,-42.2,2.486,0.0000,0.0000
1788373227.317,1.536,2.503,-113.5,-42.2,2.486,0.0000,0.0000
1788373227.529,1.536,2.503,-113.5,-42.2,2.486,0.0000,0.0000
1788373227.740,1.536,2.503,-113.5,-42.2,2.486,0.0000,0.0000
1788373227.956,1.536,2.503,-113.5,-42.2,2.486,0.0000,0.0000
1788373228.177,1.536,2.503,-113.5,-42.2,2.486,0.0000,0.0000
1788373228.386,1.536,2.503,-113.5,-42.2,2.486,0.0000,0.0000
1788373228.601,1.536,2.503,-113.5,-42.2,2.486,0.0000,0.0000
1788373228.826,1.536,2.503,-113.5,-42.2,2.486,0.0000,0.0000
1788373229.038,1.536,2.503,-113.5,-42.2,2.486,0.0000,0.0000
1788373229.246,1.536,2.503,-113.5,-42.2,2.486,0.0000,0.0000
1788373229.463,1.536,2.503,-113.5,-42.2,2.486,0.0000,0.0000
1788373229.694,1.536,2.503,-113.5,-42.2,2.486,0.0000,0.0000
1788373229.901,1.536,2.503,-113.5,-42.2,2.486,0.0000,0.0000
1788373230.113,1.536,2.503,-113.5,-42.2,2.486,0.0000,0.0000
1788373230.338,1.536,2.503,-113.5,-42.2,2.486,0.0000,0.0000
1788373230.563,1.536,2.503,-113.5,-42.2,2.486,0.0000,0.0000
1788373230.791,1.536,2.503,-113.5,-42.2,2.486,0.0000,0.0000
1788373231.020,1.536,2.503,-113.5,-42.2,2.486,0.0000,0.0000
1788373231.270,1.536,2.503,-113.5,-42.2,2.486,0.0000,0.0000
1788373231.491,1.536,2.503,-113.5,-42.2,2.486,0.0000,0.0000
1788373231.710,1.536,2.503,-113.5,-42.2,2.486,0.0000,0.0000
1788373231.949,1.536,2.503,-113.5,-42.2,2.486,0.0000,0.0000
1788373232.183,1.536,2.503,-113.5,-42.2,2.486,0.0000,0.0000
1788373232.395,1.536,2.503,-113.5,-42.2,2.486,0.0000,0.0000
1788373232.618,1.536,2.503,-113.5,-42.2,2.486,0.0000,0.0000
1788373232.885,1.536,2.503,-113.5,-42.2,2.486,0.0000,0.0000
1788373233.152,1.536,2.503,-113.5,-42.2,2.486,0.0000,0.0000
1788373233.469,1.536,2.503,-113.5,-42.2,2.486,0.0000,0.0000
1788373233.776,1.536,2.503,-113.5,-42.2,2.486,0.0000,0.0000
1788373234.002,1.536,2.503,-113.5,-42.2,2.486,0.0000,0.0000
1788373234.220,1.536,2.503,-113.5,-42.2,2.486,0.0000,0.0000
1788373234.474,1.536,2.503,-113.5,-42.2,2.486,0.0000,0.0000
1788373234.692,1.536,2.503,-113.5,-42.2,2.486,0.0000,0.0000
1788373234.921,1.536,2.503,-113.5,-42.2,2.486,0.0000,0.0000
1788373235.195,1.536,2.503,-113.5,-42.2,2.486,0.0000,0.0000
1788373235.460,1.536,2.503,-113.5,-42.2,2.486,0.0000,0.0000
1788373235.698,1.536,2.503,-113.5,-42.2,2.486,0.0000,0.0000
1788373235.927,1.536,2.503,-113.5,-42.2,2.486,0.0000,0.0000
1788373236.174,1.536,2.503,-113.5,-42.2,2.486,0.0000,0.0000
1788373236.389,1.536,2.503,-113.5,-42.2,2.486,0.0000,0.0000
1788373236.617,1.536,2.503,-113.5,-42.2,2.486,0.0000,0.0000
1788373236.870,1.536,2.503,-113.5,-42.2,2.486,0.0000,0.0000
1788373237.098,1.536,2.503,-113.5,-42.2,2.486,0.0000,0.0000
1788373237.324,1.536,2.503,-113.5,-42.2,2.486,0.0000,0.0000
1788373237.580,1.536,2.503,-113.5,-42.2,2.486,0.0000,0.0000
1788373237.823,1.536,2.503,-113.5,-42.2,2.486,0.0000,0.0000
1788373238.051,1.536,2.503,-113.5,-42.2,2.486,0.0000,0.0000
1788373238.293,1.536,2.503,-113.5,-42.2,2.486,0.0000,0.0000
1788373238.544,1.536,2.503,-113.5,-42.2,2.486,0.0000,0.0000
1788373238.778,1.536,2.503,-113.5,-42.2,2.486,0.0000,0.0000
1788373239.014,1.536,2.503,-113.5,-42.2,2.486,0.0000,0.0000
1788373239.259,1.536,2.503,-113.5,-42.2,2.486,0.0000,0.0000
1788373239.483,1.536,2.503,-113.5,-42.2,2.486,0.0000,0.0000
1788373239.700,1.536,2.503,-113.5,-42.2,2.486,0.0000,0.0000
1788373239.942,1.536,2.503,-113.5,-42.2,2.486,0.0000,0.0000
1788373240.169,1.536,2.503,-113.5,-42.2,2.486,0.0000,0.0000
1788373240.398,1.536,2.503,-113.5,-42.2,2.486,0.0000,0.0000
1788373240.650,1.536,2.503,-113.5,-42.2,2.486,0.0000,0.0000
1788373240.910,1.536,2.503,-113.5,-42.2,2.486,0.0000,0.0000
1788373241.141,1.536,2.503,-113.5,-42.2,2.486,0.0000,0.0000
1788373241.362,1.536,2.503,-113.5,-42.2,2.486,0.0000,0.0000
1788373241.593,1.536,2.503,-113.5,-42.2,2.486,0.0000,0.0000
1788373241.807,1.536,2.503,-113.5,-42.2,2.486,0.0000,0.0000
1788373242.016,1.536,2.503,-113.5,-42.2,2.486,0.0000,0.0000
1788373242.238,1.536,2.503,-113.5,-42.2,2.486,0.0000,0.0000
1788373242.470,1.536,2.503,-113.5,-42.2,2.486,0.0000,0.0000
1788373242.686,1.536,2.503,-113.5,-42.2,2.486,0.0000,0.0000
1788373242.921,1.536,2.503,-113.5,-42.2,2.486,0.0000,0.0000
1788373243.209,1.536,2.503,-113.5,-42.2,2.486,0.0000,0.0000
1788373243.433,1.536,2.503,-113.5,-42.2,2.486,0.0000,0.0000
1788373243.657,1.536,2.503,-113.5,-42.2,2.486,0.0000,0.0000
1788373243.900,1.536,2.503,-113.5,-42.2,2.486,0.0000,0.0000
1788373244.133,1.536,2.503,-113.5,-42.2,2.486,0.0000,0.0000
1788373244.355,1.536,2.503,-113.5,-42.2,2.486,0.0000,0.0000
1788373244.581,1.536,2.503,-113.5,-42.2,2.486,0.0000,0.0000
1788373244.823,1.536,2.503,-113.5,-42.2,2.486,0.0000,0.0000
1788373245.067,1.536,2.503,-113.5,-42.2,2.486,0.0000,0.0000
1788373245.326,1.536,2.503,-113.5,-42.2,2.486,0.0000,0.0000
1788373245.561,1.536,2.503,-113.5,-42.2,2.486,0.0000,0.0000
1788373245.778,1.536,2.503,-113.5,-42.2,2.486,0.0000,0.0000
1788373245.988,1.536,2.503,-113.5,-42.2,2.486,0.0000,0.0000
1788373246.204,1.536,2.503,-113.5,-42.2,2.486,0.0000,0.0000
1788373246.436,1.536,2.503,-113.5,-42.2,2.486,0.0000,0.0000
1788373246.643,1.536,2.503,-113.5,-42.2,2.486,0.0000,0.0000
1788373246.858,1.536,2.503,-113.5,-42.2,2.486,0.0000,0.0000
1788373247.079,1.536,2.503,-113.5,-42.2,2.486,0.0000,0.0000
1788373247.301,1.536,2.503,-113.5,-42.2,2.486,0.0000,0.0000
1788373247.511,1.536,2.503,-113.5,-42.2,2.486,0.0000,0.0000
1788373247.719,1.536,2.503,-113.5,-42.2,2.486,0.0000,0.0000
1788373247.948,1.536,2.503,-113.5,-42.2,2.486,0.0000,0.0000
1788373248.169,1.536,2.503,-113.5,-42.2,2.486,0.0000,0.0000
1788373248.393,1.536,2.503,-113.5,-42.2,2.486,0.0000,0.0000
1788373248.632,1.536,2.503,-113.5,-42.2,2.486,0.0000,0.0000
1788373248.863,1.536,2.503,-113.5,-42.2,2.486,0.0000,0.0000
1788373249.075,1.536,2.503,-113.5,-42.2,2.486,0.0000,0.0000
1788373249.299,1.536,2.503,-113.5,-42.2,2.486,0.0000,0.0000
1788373249.542,1.536,2.503,-113.5,-42.2,2.486,0.0000,0.0000
1788373249.758,1.536,2.503,-113.5,-42.2,2.486,0.0000,0.0000
1788373249.971,1.536,2.503,-113.5,-42.2,2.486,0.0000,0.0000
1788373250.195,1.536,2.503,-113.5,-42.2,2.486,0.0000,0.0000
1788373250.455,1.536,2.503,-113.5,-42.2,2.486,0.0000,0.0000
1788373250.690,1.536,2.503,-113.5,-42.2,2.486,0.0000,0.0000
1788373250.932,1.536,2.503,-113.5,-42.2,2.486,0.0000,0.0000
1788373251.245,1.536,2.503,-113.5,-42.2,2.486,0.0000,0.0000
1788373251.505,1.536,2.503,-113.5,-42.2,2.486,0.0000,0.0000
1788373251.729,1.536,2.503,-113.5,-42.2,2.486,0.0000,0.0000
1788373251.963,1.536,2.503,-113.5,-42.2,2.486,0.0000,0.0000
1788373252.172,1.536,2.503,-113.5,-42.2,2.486,0.0000,0.0000
1788373252.377,1.536,2.503,-113.5,-42.2,2.486,0.0000,0.0000
1788373252.600,1.536,2.503,-113.5,-42.2,2.486,0.0000,0.0000
1788373252.827,1.536,2.503,-113.5,-42.2,2.486,0.0000,0.0000
1788373253.030,1.536,2.503,-113.5,-42.2,2.486,0.0000,0.0000
1788373253.236,1.536,2.503,-113.5,-42.2,2.486,0.0000,0.0000
1788373253.468,1.536,2.503,-113.5,-42.2,2.486,0.0000,0.0000
1788373253.684,1.536,2.503,-113.5,-42.2,2.486,0.0000,0.0000
1788373253.910,1.536,2.503,-113.5,-42.2,2.486,0.0000,0.0000
1788373254.144,1.536,2.503,-113.5,-42.2,2.486,0.0000,0.0000
1788373254.380,1.536,2.503,-113.5,-42.2,2.486,0.0000,0.0000
1788373254.596,1.536,2.503,-113.5,-42.2,2.486,0.0000,0.0000
1788373254.812,1.536,2.503,-113.5,-42.2,2.486,0.0000,0.0000
1788373255.052,1.536,2.503,-113.5,-42.2,2.486,0.0000,0.0000
1788373255.264,1.536,2.503,-113.5,-42.2,2.486,0.0000,0.0000
1788373255.480,1.536,2.503,-113.5,-42.2,2.486,0.0000,0.0000
1788373255.701,1.536,2.503,-113.5,-42.2,2.486,0.0000,0.0000
1788373255.944,1.536,2.503,-113.5,-42.2,2.486,0.0000,0.0000
1788373256.163,1.536,2.503,-113.5,-42.2,2.486,0.0000,0.0000
1788373256.387,1.536,2.503,-113.5,-42.2,2.486,0.0000,0.0000
1788373256.625,1.536,2.503,-113.5,-42.2,2.486,0.0000,0.0000
1788373256.838,1.536,2.503,-113.5,-42.2,2.486,0.0000,0.0000
1788373257.047,1.536,2.503,-113.5,-42.2,2.486,0.0000,0.0000
1788373257.273,1.536,2.503,-113.5,-42.2,2.486,0.0000,0.0000
1788373257.510,1.536,2.503,-113.5,-42.2,2.486,0.0000,0.0000
