t,state,x,y,yaw_deg,i0,ci,n,aim_x,aim_y,herr_deg,dist_aim,dist_goal,vx,wz,la,clear
1788647884.923,driving,-0.014,0.001,-11.0,150,173,355,2.218,0.058,12.4,2.233,9.343,0.35,0.0,1.5,10.17
1788647884.982,driving,-0.014,0.001,-11.0,0,30,145,0.648,1.368,14.0,1.519,7.921,0.35,0.0,1.5,10.17
1788647885.031,driving,-0.014,0.001,-11.0,0,30,145,0.648,1.368,15.5,1.519,7.921,0.35,0.0,1.5,11.29
1788647885.079,turning,-0.014,0.001,-11.0,0,30,145,0.648,1.368,17.0,1.519,7.921,0.0,3.6,1.5,11.29
1788647885.13,turning,-0.014,0.001,-11.0,0,30,145,0.648,1.368,18.4,1.519,7.921,0.0,3.6,1.5,11.84
1788647885.179,turning,-0.014,0.001,-11.0,0,30,145,0.648,1.368,19.8,1.519,7.921,0.0,3.6,1.5,11.84
1788647885.233,turning,-0.014,0.001,-11.0,0,30,145,0.648,1.368,21.2,1.519,7.92,0.0,3.6,1.5,11.85
1788647885.279,turning,-0.013,0.0,-11.0,0,30,145,0.648,1.368,22.5,1.519,7.92,0.0,3.6,1.5,11.85
1788647885.326,turning,-0.004,-0.001,-10.8,0,30,145,0.648,1.368,23.6,1.517,7.917,0.0,3.6,1.5,11.31
1788647885.373,turning,0.001,-0.002,-10.0,0,30,145,0.648,1.368,24.1,1.516,7.915,0.0,3.6,1.5,11.31
1788647885.43,turning,0.004,-0.003,-7.3,0,30,145,0.648,1.368,22.7,1.514,7.914,0.0,3.6,1.5,10.38
1788647885.481,turning,0.006,-0.003,-4.1,0,30,145,0.648,1.368,20.7,1.514,7.913,0.0,3.6,1.5,10.38
1788647885.526,turning,0.007,-0.003,-1.4,0,30,145,0.648,1.368,19.2,1.514,7.913,0.0,3.6,1.5,11.82
1788647885.574,driving,0.006,-0.003,1.4,0,30,145,0.648,1.368,17.6,1.514,7.913,0.35,0.0,1.5,11.82
1788647885.632,driving,0.007,-0.003,4.2,0,30,145,0.648,1.368,15.9,1.513,7.912,0.35,0.0,1.5,11.73
1788647885.679,driving,0.008,-0.003,8.6,0,30,145,0.648,1.368,12.6,1.513,7.912,0.35,0.0,1.5,11.73
1788647885.734,driving,0.015,-0.001,12.6,0,30,145,0.648,1.368,9.7,1.509,7.907,0.35,0.0,1.5,10.27
1788647885.78,driving,0.02,-0.0,15.8,0,30,145,0.648,1.368,7.5,1.506,7.904,0.35,0.0,1.5,10.27
1788647885.83,driving,0.032,0.003,17.0,0,30,145,0.648,1.368,7.4,1.497,7.894,0.35,0.0,1.5,8.82
1788647885.874,driving,0.044,0.007,17.4,1,31,145,0.67,1.413,8.1,1.539,7.885,0.35,0.0,1.5,8.82
1788647885.928,driving,0.064,0.014,17.5,1,31,145,0.67,1.413,8.9,1.525,7.869,0.35,0.0,1.5,8.77
1788647885.975,driving,0.071,0.016,17.6,1,31,145,0.67,1.413,9.9,1.52,7.863,0.35,0.0,1.5,8.77
1788647886.142,driving,0.128,0.041,19.7,1,29,141,0.768,1.408,8.7,1.509,7.812,0.35,0.0,1.5,8.71
1788647886.195,driving,0.163,0.054,20.2,2,30,141,0.79,1.453,9.0,1.533,7.784,0.35,0.0,1.5,8.71
1788647886.226,driving,0.18,0.06,20.4,2,30,141,0.79,1.453,9.8,1.521,7.77,0.35,0.0,1.5,8.73
1788647886.273,driving,0.198,0.067,20.4,2,30,141,0.79,1.453,10.7,1.507,7.755,0.35,0.0,1.5,8.73
1788647886.332,driving,0.214,0.072,20.5,2,30,141,0.79,1.453,11.5,1.496,7.742,0.35,0.0,1.5,8.64
1788647886.375,driving,0.242,0.083,20.6,3,31,141,0.813,1.497,12.3,1.526,7.719,0.35,0.0,1.5,8.64
1788647886.43,driving,0.261,0.089,20.6,3,31,141,0.813,1.497,13.1,1.512,7.704,0.35,0.0,1.5,8.6
1788647886.483,driving,0.285,0.099,20.7,4,32,141,0.835,1.542,13.9,1.545,7.684,0.35,0.0,1.5,8.6
1788647886.531,driving,0.31,0.108,20.8,4,32,141,0.835,1.542,14.7,1.527,7.663,0.35,0.0,1.5,8.6
1788647886.578,driving,0.33,0.116,20.9,4,32,141,0.835,1.542,15.5,1.513,7.647,0.35,0.0,1.5,8.6
1788647886.629,turning,0.358,0.127,21.1,5,33,141,0.857,1.587,16.1,1.543,7.623,0.0,3.6,1.5,9.3
1788647886.679,turning,0.377,0.134,21.4,5,33,141,0.857,1.587,16.7,1.53,7.607,0.0,3.6,1.5,9.49
1788647886.729,turning,0.405,0.146,21.7,5,33,141,0.857,1.587,17.3,1.51,7.583,0.0,3.6,1.5,9.49
1788647886.774,turning,0.422,0.153,21.7,6,34,141,0.88,1.632,18.1,1.548,7.569,0.0,3.6,1.5,9.49
1788647886.827,turning,0.44,0.16,21.7,6,34,141,0.88,1.632,18.9,1.536,7.554,0.0,3.6,1.5,9.88
1788647886.884,turning,0.461,0.169,22.2,6,34,141,0.88,1.632,19.2,1.522,7.536,0.0,3.6,1.5,9.46
1788647886.926,turning,0.467,0.171,22.8,6,34,141,0.88,1.632,19.4,1.518,7.531,0.0,3.6,1.5,9.46
1788647886.981,turning,0.487,0.182,25.9,7,35,141,0.902,1.676,17.1,1.551,7.512,0.0,3.6,1.5,9.46
1788647887.029,turning,0.5,0.189,29.2,7,35,141,0.902,1.676,14.6,1.541,7.5,0.0,3.6,1.5,9.05
1788647887.165,driving,0.507,0.194,34.7,0,28,140,1.23,1.532,9.6,1.521,7.492,0.35,0.0,1.5,9.04
1788647887.175,driving,0.509,0.195,37.0,0,28,140,1.23,1.532,7.7,1.519,7.49,0.35,0.0,1.5,9.04
1788647887.228,driving,0.513,0.199,39.3,0,28,140,1.23,1.532,5.8,1.514,7.485,0.35,0.0,1.5,9.01
1788647887.281,driving,0.52,0.208,44.0,0,28,140,1.23,1.532,1.5,1.502,7.473,0.35,0.0,1.5,9.01
1788647887.334,driving,0.52,0.209,46.2,0,28,140,1.23,1.532,-0.3,1.501,7.472,0.35,0.0,1.5,8.81
1788647887.373,driving,0.521,0.21,47.1,0,28,140,1.23,1.532,-0.8,1.5,7.471,0.35,0.0,1.5,8.81
1788647887.426,driving,0.529,0.219,50.2,0,28,140,1.23,1.532,-3.5,1.488,7.46,0.35,0.0,1.5,8.82
1788647887.474,driving,0.537,0.228,50.8,1,29,140,1.252,1.576,-3.7,1.526,7.447,0.35,0.0,1.5,8.82
1788647887.525,driving,0.547,0.242,51.0,1,29,140,1.252,1.576,-3.5,1.509,7.43,0.35,0.0,1.5,8.76
1788647887.575,driving,0.552,0.25,50.7,1,29,140,1.252,1.576,-2.9,1.5,7.422,0.35,0.0,1.5,8.76
1788647887.632,driving,0.565,0.265,50.9,1,29,140,1.252,1.576,-2.7,1.481,7.402,0.35,0.0,1.5,8.76
1788647887.679,driving,0.584,0.283,51.4,2,30,140,1.275,1.621,-2.8,1.506,7.377,0.35,0.0,1.5,8.76
1788647887.725,driving,0.589,0.289,51.4,2,30,140,1.275,1.621,-2.5,1.498,7.369,0.35,0.0,1.5,8.73
1788647887.782,driving,0.609,0.313,51.4,2,30,140,1.275,1.621,-2.2,1.468,7.338,0.35,0.0,1.5,8.73
1788647887.84,driving,0.622,0.33,51.6,3,32,140,1.319,1.71,-2.1,1.547,7.317,0.35,0.0,1.5,8.67
1788647887.875,driving,0.634,0.344,51.9,3,32,140,1.319,1.71,-2.0,1.529,7.299,0.35,0.0,1.5,8.67
1788647887.924,driving,0.651,0.365,52.1,3,32,140,1.319,1.71,-1.8,1.502,7.272,0.35,0.0,1.5,8.65
1788647887.998,driving,0.668,0.386,52.1,4,33,140,1.342,1.755,-1.5,1.526,7.246,0.35,0.0,1.5,8.65
1788647888.03,driving,0.673,0.393,52.1,4,33,140,1.342,1.755,-1.1,1.517,7.237,0.35,0.0,1.5,8.65
1788647888.074,driving,0.691,0.416,52.1,5,34,140,1.364,1.8,-0.8,1.539,7.209,0.35,0.0,1.5,8.59
1788647888.214,driving,0.729,0.466,52.1,1,30,134,1.44,1.803,-0.6,1.514,7.146,0.35,0.0,1.5,2.99
1788647888.223,driving,0.729,0.466,52.1,1,30,134,1.44,1.803,-0.3,1.514,7.146,0.35,0.0,1.5,2.99
1788647888.274,driving,0.746,0.493,52.5,2,31,134,1.463,1.847,-0.5,1.533,7.115,0.35,0.0,1.5,2.99
1788647888.324,driving,0.757,0.51,52.7,2,31,134,1.463,1.847,-0.4,1.512,7.095,0.35,0.0,1.5,2.99
1788647888.373,driving,0.774,0.532,52.8,3,32,134,1.485,1.892,-0.3,1.535,7.068,0.35,0.0,1.5,2.99
1788647888.426,driving,0.785,0.546,52.8,3,32,134,1.485,1.892,-0.1,1.518,7.05,0.35,0.0,1.5,2.99
1788647888.484,driving,0.807,0.575,52.9,4,33,134,1.507,1.937,0.1,1.532,7.014,0.35,0.0,1.5,2.99
1788647888.526,driving,0.814,0.59,53.5,4,33,134,1.507,1.937,-0.2,1.515,6.997,0.35,0.0,1.5,2.99
1788647888.575,driving,0.818,0.605,54.2,4,33,134,1.507,1.937,-0.7,1.5,6.982,0.35,0.0,1.5,2.99
1788647888.627,driving,0.824,0.621,54.8,5,34,134,1.53,1.982,-1.0,1.533,6.965,0.35,0.0,1.5,2.99
1788647888.678,driving,0.839,0.643,54.8,5,34,134,1.53,1.982,-0.9,1.506,6.938,0.35,0.0,1.5,2.99
1788647888.725,driving,0.846,0.653,54.9,6,35,134,1.552,2.026,-0.7,1.544,6.926,0.35,0.0,1.5,2.99
1788647888.782,driving,0.846,0.653,54.9,6,35,134,1.552,2.026,-0.5,1.544,6.926,0.35,0.0,1.5,2.99
1788647888.825,driving,0.846,0.653,54.9,6,35,134,1.552,2.026,-0.3,1.544,6.926,0.35,0.0,1.5,2.99
1788647888.877,driving,0.846,0.653,54.9,6,35,134,1.552,2.026,-0.1,1.544,6.926,0.35,0.0,1.5,2.99
1788647888.927,driving,0.846,0.653,54.9,6,35,134,1.552,2.026,0.1,1.544,6.926,0.35,0.0,1.5,2.99
1788647888.974,driving,0.846,0.653,54.9,6,35,134,1.552,2.026,0.3,1.544,6.926,0.35,0.0,1.5,2.99
1788647889.024,driving,0.846,0.653,54.9,6,35,134,1.552,2.026,0.5,1.544,6.926,0.35,0.0,1.5,2.99
1788647889.075,driving,0.846,0.653,54.9,6,35,134,1.552,2.026,0.6,1.544,6.926,0.35,0.0,1.5,2.99
1788647889.123,driving,0.846,0.653,54.9,6,35,134,1.552,2.026,0.8,1.544,6.926,0.35,0.0,1.5,2.99
1788647889.174,driving,0.846,0.653,54.9,0,30,131,1.552,2.026,1.0,1.544,6.926,0.35,0.0,1.5,2.99
1788647889.224,driving,0.846,0.653,54.9,0,30,131,1.552,2.026,1.2,1.544,6.926,0.35,0.0,1.5,
1788647889.274,driving,0.846,0.653,54.9,0,30,131,1.552,2.026,1.3,1.544,6.926,0.35,0.0,1.5,
1788647889.324,driving,0.846,0.653,54.9,0,30,131,1.552,2.026,1.5,1.544,6.926,0.35,0.0,1.5,
1788647889.374,driving,0.846,0.653,54.9,0,30,131,1.552,2.026,1.7,1.544,6.926,0.35,0.0,1.5,
1788647889.425,driving,0.846,0.653,54.9,0,30,131,1.552,2.026,1.8,1.544,6.926,0.35,0.0,1.5,
1788647889.474,driving,0.846,0.653,54.9,0,30,131,1.552,2.026,2.0,1.544,6.926,0.35,0.0,1.5,
1788647889.526,driving,0.846,0.653,54.9,0,30,131,1.552,2.026,2.1,1.544,6.926,0.35,0.0,1.5,
1788647889.575,driving,0.846,0.653,54.9,0,30,131,1.552,2.026,2.3,1.544,6.926,0.35,0.0,1.5,
1788647893.253,driving,0.846,0.653,54.9,0,30,131,1.552,2.026,7.9,1.544,6.926,0.35,0.0,1.5,
1788647893.276,driving,0.846,0.653,54.9,0,30,131,1.552,2.026,7.9,1.544,6.926,0.35,0.0,1.5,
1788647893.324,driving,0.846,0.653,54.9,0,30,131,1.552,2.026,7.9,1.544,6.926,0.35,0.0,1.5,
1788647893.378,driving,0.846,0.653,54.9,0,30,131,1.552,2.026,7.9,1.544,6.926,0.35,0.0,1.5,
1788647893.423,driving,0.846,0.653,54.9,0,30,131,1.552,2.026,7.9,1.544,6.926,0.35,0.0,1.5,
1788647893.474,driving,0.846,0.653,54.9,0,30,131,1.552,2.026,7.9,1.544,6.926,0.35,0.0,1.5,
1788647897.236,driving,0.846,0.653,54.9,0,30,131,1.552,2.026,7.9,1.544,6.926,0.35,0.0,1.5,
1788647897.276,driving,0.846,0.653,54.9,0,30,131,1.552,2.026,7.9,1.544,6.926,0.35,0.0,1.5,
1788647897.331,driving,0.846,0.653,54.9,0,30,131,1.552,2.026,7.9,1.544,6.926,0.35,0.0,1.5,
1788647897.385,driving,0.846,0.653,54.9,0,30,131,1.552,2.026,7.9,1.544,6.926,0.35,0.0,1.5,
1788647985.019,turning,0.176,-0.156,6.1,0,29,147,0.84,1.203,57.8,1.512,7.958,0.0,3.6,1.5,11.81
1788647985.027,turning,0.176,-0.156,6.1,0,29,147,0.84,1.203,57.8,1.512,7.958,0.0,3.6,1.5,11.81
1788647985.075,turning,0.176,-0.156,6.1,0,29,147,0.84,1.203,57.8,1.512,7.958,0.0,3.6,1.5,11.81
1788647985.128,turning,0.176,-0.156,6.1,0,29,147,0.84,1.203,57.8,1.512,7.958,0.0,3.6,1.5,11.82
1788647985.182,turning,0.176,-0.156,6.1,0,29,147,0.84,1.203,57.8,1.512,7.958,0.0,3.6,1.5,11.82
1788647985.228,turning,0.176,-0.156,6.1,0,29,147,0.84,1.203,57.8,1.512,7.958,0.0,3.6,1.5,10.89
1788647985.274,turning,0.176,-0.156,6.2,0,29,147,0.84,1.203,57.7,1.512,7.958,0.0,3.6,1.5,10.89
1788647985.327,turning,0.177,-0.156,7.5,0,29,147,0.84,1.203,56.5,1.512,7.958,0.0,3.6,1.5,10.41
1788647985.373,turning,0.179,-0.155,8.8,0,29,147,0.84,1.203,55.1,1.51,7.957,0.0,3.6,1.5,10.41
1788647985.425,turning,0.178,-0.156,12.4,0,29,147,0.84,1.203,51.6,1.511,7.957,0.0,3.6,1.5,10.41
1788647985.474,turning,0.179,-0.155,15.0,0,29,147,0.84,1.203,48.9,1.51,7.956,0.0,3.6,1.5,10.41
1788647985.523,turning,0.177,-0.156,17.9,0,29,147,0.84,1.203,46.1,1.512,7.958,0.0,3.6,1.5,11.31
1788647985.579,turning,0.177,-0.156,22.8,0,29,147,0.84,1.203,41.1,1.512,7.958,0.0,3.6,1.5,11.31
1788647985.626,turning,0.177,-0.156,25.7,0,29,147,0.84,1.203,38.2,1.512,7.959,0.0,3.6,1.5,11.84
1788647985.674,turning,0.179,-0.155,29.3,0,29,147,0.84,1.203,34.7,1.51,7.957,0.0,3.6,1.5,11.84
1788647985.729,turning,0.182,-0.153,33.0,0,29,147,0.84,1.203,31.0,1.507,7.953,0.0,3.6,1.5,10.22
1788647985.773,turning,0.184,-0.151,35.2,0,29,147,0.84,1.203,28.8,1.505,7.951,0.0,3.6,1.5,10.22
1788647985.825,turning,0.18,-0.146,38.1,0,29,147,0.84,1.203,25.8,1.502,7.948,0.0,3.6,1.5,8.84
1788647985.874,turning,0.17,-0.141,40.5,0,29,147,0.84,1.203,23.5,1.501,7.948,0.0,3.6,1.5,8.84
1788647985.924,turning,0.157,-0.135,43.4,0,29,147,0.84,1.203,20.5,1.502,7.95,0.0,3.6,1.5,8.82
1788647985.993,turning,0.147,-0.131,45.9,0,29,147,0.84,1.203,18.0,1.503,7.952,0.0,3.6,1.5,3.68
1788647986.028,turning,0.14,-0.128,47.8,0,29,147,0.84,1.203,16.1,1.504,7.953,0.0,3.6,1.5,3.68
1788647986.074,turning,0.128,-0.127,51.6,0,29,147,0.84,1.203,12.2,1.508,7.957,0.0,3.6,1.5,3.68
1788647986.129,driving,0.124,-0.117,55.3,0,29,147,0.84,1.203,8.4,1.502,7.951,0.35,0.0,1.5,3.57
1788647986.176,driving,0.125,-0.103,58.5,0,29,147,0.84,1.203,5.2,1.489,7.938,0.35,0.0,1.5,3.57
1788647986.225,driving,0.126,-0.097,61.6,0,29,147,0.84,1.203,2.0,1.483,7.933,0.35,0.0,1.5,3.59
1788647986.279,driving,0.126,-0.097,65.7,0,29,147,0.84,1.203,-2.2,1.483,7.933,0.35,0.0,1.5,3.59
1788647986.326,driving,0.137,-0.093,69.2,1,30,147,0.863,1.247,-5.7,1.525,7.924,0.35,0.0,1.5,3.54
1788647986.375,driving,0.155,-0.085,71.3,1,30,147,0.863,1.247,-7.8,1.508,7.907,0.35,0.0,1.5,3.54
1788647986.437,driving,0.162,-0.068,72.4,1,30,147,0.863,1.247,-9.0,1.491,7.89,0.35,0.0,1.5,4.01
1788647986.48,driving,0.159,-0.064,72.6,1,30,147,0.863,1.247,-9.2,1.488,7.888,0.35,0.0,1.5,4.01
1788647986.524,driving,0.154,-0.045,71.8,2,31,147,0.885,1.292,-8.4,1.524,7.873,0.35,0.0,1.5,3.97
1788647986.579,driving,0.166,-0.031,71.5,2,31,147,0.885,1.292,-8.2,1.506,7.855,0.35,0.0,1.5,3.97
1788647986.63,driving,0.176,-0.013,71.1,2,31,147,0.885,1.292,-7.8,1.486,7.835,0.35,0.0,1.5,3.94
1788647986.673,driving,0.185,0.005,70.7,3,32,147,0.907,1.337,-7.5,1.515,7.815,0.35,0.0,1.5,3.94
1788647986.734,driving,0.184,0.058,71.4,4,33,147,0.93,1.382,-8.3,1.52,7.77,0.35,0.0,1.5,3.88
1788647986.774,driving,0.179,0.112,72.4,5,34,147,0.952,1.426,-9.3,1.525,7.726,0.35,0.0,1.5,3.88
1788647986.834,driving,0.189,0.133,72.2,5,34,147,0.952,1.426,-9.3,1.502,7.702,0.35,0.0,1.5,3.82
1788647986.874,driving,0.209,0.106,71.0,5,34,147,0.952,1.426,-8.1,1.515,7.715,0.35,0.0,1.5,3.82
1788647986.933,driving,0.223,0.104,70.5,5,34,147,0.952,1.426,-7.6,1.51,7.71,0.35,0.0,1.5,3.38
1788647986.976,driving,0.23,0.123,70.5,5,34,147,0.952,1.426,-7.7,1.49,7.69,0.35,0.0,1.5,3.38
1788647987.144,driving,0.252,0.185,70.5,2,31,144,0.94,1.553,-7.7,1.532,7.626,0.35,0.0,1.5,3.71
1788647987.174,driving,0.261,0.211,70.7,2,31,144,0.94,1.553,-7.8,1.504,7.599,0.35,0.0,1.5,3.71
1788647987.224,driving,0.278,0.246,70.6,3,32,144,0.963,1.597,-7.8,1.515,7.56,0.35,0.0,1.5,3.76
1788647987.283,driving,0.295,0.278,70.4,4,33,144,0.985,1.642,-7.6,1.529,7.524,0.35,0.0,1.5,3.76
1788647987.325,driving,0.307,0.303,70.4,4,33,144,0.985,1.642,-7.5,1.501,7.496,0.35,0.0,1.5,8.74
1788647987.373,driving,0.313,0.321,70.4,5,34,144,1.007,1.687,-7.5,1.532,7.477,0.35,0.0,1.5,8.74
1788647987.423,driving,0.322,0.346,70.4,5,34,144,1.007,1.687,-7.5,1.506,7.451,0.35,0.0,1.5,8.68
1788647987.475,driving,0.329,0.365,70.4,6,35,144,1.03,1.732,-7.5,1.536,7.432,0.35,0.0,1.5,8.68
1788647987.523,driving,0.336,0.391,70.8,6,35,144,1.03,1.732,-7.9,1.509,7.405,0.35,0.0,1.5,3.6
1788647987.578,driving,0.341,0.411,71.3,7,36,144,1.052,1.776,-8.5,1.539,7.385,0.35,0.0,1.5,3.6
1788647987.626,driving,0.347,0.432,71.6,7,36,144,1.052,1.776,-8.8,1.518,7.364,0.35,0.0,1.5,3.52
1788647987.673,driving,0.355,0.456,71.6,7,36,144,1.052,1.776,-8.8,1.493,7.34,0.35,0.0,1.5,3.52
1788647987.727,driving,0.363,0.481,71.6,8,37,144,1.075,1.821,-8.8,1.517,7.314,0.35,0.0,1.5,3.49
1788647987.773,driving,0.369,0.499,71.6,8,37,144,1.075,1.821,-8.8,1.499,7.296,0.35,0.0,1.5,3.49
1788647987.828,driving,0.373,0.523,72.1,9,38,144,1.097,1.866,-9.3,1.525,7.273,0.35,0.0,1.5,3.45
1788647987.874,driving,0.372,0.536,72.6,9,38,144,1.097,1.866,-9.8,1.515,7.263,0.35,0.0,1.5,3.45
1788647987.923,driving,0.375,0.56,73.0,9,38,144,1.097,1.866,-10.3,1.492,7.241,0.35,0.0,1.5,3.43
1788647987.98,driving,0.38,0.577,73.0,10,39,144,1.119,1.91,-10.4,1.524,7.223,0.35,0.0,1.5,3.43
1788647988.041,driving,0.388,0.603,73.1,10,39,144,1.119,1.91,-10.5,1.498,7.196,0.35,0.0,1.5,8.4
1788647988.124,driving,0.396,0.641,73.3,1,30,132,1.064,2.0,-10.7,1.515,7.161,0.35,0.0,1.5,8.34
1788647988.173,driving,0.39,0.66,73.8,1,30,132,1.064,2.0,-11.2,1.5,7.147,0.35,0.0,1.5,8.34
1788647988.228,driving,0.39,0.694,74.2,2,31,132,1.086,2.045,-11.6,1.519,7.118,0.35,0.0,1.5,8.32
1788647988.273,driving,0.394,0.709,74.3,2,31,132,1.086,2.045,-11.6,1.505,7.104,0.35,0.0,1.5,8.32
1788647988.327,driving,0.399,0.726,74.3,2,31,132,1.086,2.045,-11.7,1.488,7.087,0.35,0.0,1.5,8.26
1788647988.375,driving,0.406,0.753,74.4,3,32,132,1.109,2.089,-11.8,1.51,7.06,0.35,0.0,1.5,8.26
1788647988.441,driving,0.407,0.76,74.3,3,32,132,1.109,2.089,-11.6,1.504,7.054,0.35,0.0,1.5,8.23
1788647988.481,driving,0.4,0.749,73.9,3,32,132,1.109,2.089,-11.3,1.516,7.066,0.35,0.0,1.5,8.23
1788647988.532,driving,0.403,0.761,73.8,3,32,132,1.109,2.089,-11.2,1.504,7.054,0.35,0.0,1.5,8.19
1788647988.58,driving,0.408,0.777,73.8,3,32,132,1.109,2.089,-11.3,1.487,7.038,0.35,0.0,1.5,8.19
1788647988.631,driving,0.413,0.796,73.9,4,33,132,1.131,2.134,-11.3,1.519,7.02,0.35,0.0,1.5,8.17
1788647988.679,driving,0.42,0.818,73.9,4,33,132,1.131,2.134,-11.3,1.496,6.997,0.35,0.0,1.5,8.17
1788647988.729,driving,0.423,0.83,73.9,4,33,132,1.131,2.134,-11.4,1.484,6.986,0.35,0.0,1.5,8.11
1788647988.801,driving,0.423,0.83,73.9,4,33,132,1.131,2.134,-11.4,1.484,6.986,0.35,0.0,1.5,3.06
1788647988.827,driving,0.432,0.883,74.1,5,34,132,1.168,2.208,-11.6,1.516,6.936,0.35,0.0,1.5,3.06
1788647988.873,driving,0.435,0.891,74.1,6,35,132,1.19,2.253,-11.7,1.558,6.928,0.35,0.0,1.5,3.06
1788647988.937,driving,0.441,0.914,74.1,6,35,132,1.19,2.253,-11.7,1.534,6.904,0.35,0.0,1.5,3.04
1788647988.985,driving,0.454,0.958,74.1,7,36,132,1.213,2.297,-11.8,1.54,6.861,0.35,0.0,1.5,3.04
1788647989.036,driving,0.459,0.976,73.9,7,36,132,1.213,2.297,-11.6,1.522,6.843,0.35,0.0,1.5,7.94
1788647989.073,driving,0.465,0.994,73.6,8,37,132,1.235,2.342,-11.3,1.553,6.824,0.35,0.0,1.5,7.94
1788647989.127,driving,0.468,1.003,73.4,0,29,121,1.168,2.358,-11.2,1.525,6.815,0.35,0.0,1.5,2.93
1788647989.174,driving,0.479,1.041,73.3,1,30,121,1.19,2.403,-11.1,1.536,6.777,0.35,0.0,1.5,2.93
1788647989.227,driving,0.485,1.059,73.3,1,30,121,1.19,2.403,-11.1,1.518,6.758,0.35,0.0,1.5,2.89
1788647989.279,driving,0.491,1.081,73.3,2,31,121,1.213,2.447,-11.1,1.545,6.737,0.35,0.0,1.5,2.89
1788647989.339,driving,0.492,1.098,73.1,2,31,121,1.213,2.447,-10.8,1.53,6.722,0.35,0.0,1.5,2.84
1788647989.374,driving,0.488,1.103,72.6,2,31,121,1.213,2.447,-10.4,1.527,6.72,0.35,0.0,1.5,2.84
1788647989.423,driving,0.489,1.12,72.4,2,31,121,1.213,2.447,-10.2,1.511,6.704,0.35,0.0,1.5,2.78
1788647989.474,driving,0.496,1.139,72.4,3,32,121,1.235,2.492,-10.2,1.542,6.685,0.35,0.0,1.5,2.78
1788647989.525,driving,0.503,1.163,72.4,3,32,121,1.235,2.492,-10.3,1.517,6.661,0.35,0.0,1.5,2.19
1788647989.577,driving,0.509,1.181,72.4,3,32,121,1.235,2.492,-10.3,1.499,6.643,0.35,0.0,1.5,2.19
1788647989.624,driving,0.515,1.198,72.4,4,33,121,1.257,2.537,-10.3,1.531,6.625,0.35,0.0,1.5,2.11
1788647989.674,driving,0.522,1.214,72.5,4,33,121,1.257,2.537,-10.4,1.514,6.608,0.35,0.0,1.5,2.11
1788647989.724,driving,0.528,1.23,72.4,4,33,121,1.257,2.537,-10.4,1.497,6.592,0.35,0.0,1.5,2.08
1788647989.773,driving,0.535,1.254,72.5,5,34,121,1.28,2.582,-10.5,1.522,6.567,0.35,0.0,1.5,2.08
1788647989.826,driving,0.544,1.28,72.5,6,35,121,1.302,2.626,-10.5,1.545,6.541,0.35,0.0,1.5,2.02
1788647989.874,driving,0.549,1.297,72.5,6,35,121,1.302,2.626,-10.6,1.528,6.524,0.35,0.0,1.5,2.02
1788647989.924,driving,0.551,1.324,72.7,6,35,121,1.302,2.626,-10.9,1.504,6.5,0.35,0.0,1.5,1.99
1788647989.977,driving,0.549,1.343,73.0,7,36,121,1.325,2.671,-11.2,1.538,6.486,0.35,0.0,1.5,1.99
1788647990.024,driving,0.552,1.371,73.2,7,36,121,1.325,2.671,-11.5,1.513,6.461,0.35,0.0,1.5,1.94
1788647990.084,driving,0.559,1.396,73.2,8,37,121,1.347,2.716,-11.5,1.537,6.436,0.35,0.0,1.5,1.89
1788647990.123,driving,0.565,1.414,73.2,8,37,121,1.347,2.716,-11.6,1.519,6.418,0.35,0.0,1.5,1.89
1788647990.208,driving,0.574,1.446,73.3,1,28,113,1.418,2.758,-11.8,1.56,6.386,0.35,0.0,1.5,1.89
1788647990.225,driving,0.576,1.461,73.4,1,28,113,1.418,2.758,-12.0,1.546,6.372,0.35,0.0,1.5,1.83
1788647990.277,driving,0.58,1.495,73.6,2,28,113,1.418,2.758,-12.3,1.516,6.342,0.35,0.0,1.5,1.83
1788647990.324,driving,0.584,1.514,73.7,2,28,113,1.418,2.758,-12.5,1.498,6.324,0.35,0.0,1.5,1.78
1788647990.377,driving,0.59,1.533,73.7,2,28,113,1.418,2.758,-12.6,1.479,6.305,0.35,0.0,1.5,1.78
1788647990.424,driving,0.595,1.551,73.7,3,29,113,1.468,2.808,-12.8,1.53,6.287,0.35,0.0,1.5,1.74
1788647990.476,driving,0.602,1.575,73.7,3,29,113,1.468,2.808,-13.0,1.506,6.263,0.35,0.0,1.5,1.74
1788647990.53,driving,0.61,1.601,73.8,4,30,113,1.518,2.858,-13.2,1.551,6.237,0.35,0.0,1.5,1.69
1788647990.576,driving,0.614,1.615,73.8,4,30,113,1.518,2.858,-13.4,1.538,6.224,0.35,0.0,1.5,1.69
1788647990.623,driving,0.618,1.632,73.9,4,30,113,1.518,2.858,-13.7,1.521,6.207,0.35,0.0,1.5,1.64
1788647990.676,driving,0.617,1.645,74.2,5,30,113,1.518,2.858,-14.2,1.511,6.197,0.35,0.0,1.5,1.64
1788647990.726,driving,0.619,1.662,74.4,5,30,113,1.518,2.858,-14.5,1.496,6.181,0.35,0.0,1.5,1.6
1788647990.773,driving,0.625,1.683,74.4,5,30,113,1.518,2.858,-14.7,1.476,6.161,0.35,0.0,1.5,1.6
1788647990.824,driving,0.632,1.71,74.4,6,31,113,1.546,2.9,-14.9,1.5,6.135,0.35,0.0,1.5,1.55
1788647990.876,driving,0.637,1.724,74.4,6,31,113,1.546,2.9,-15.1,1.486,6.12,0.35,0.0,1.5,1.55
1788647990.923,driving,0.644,1.752,74.5,7,32,113,1.573,2.941,-15.3,1.509,6.093,0.35,0.0,1.5,1.5
1788647990.978,driving,0.646,1.764,74.5,7,32,113,1.573,2.941,-15.5,1.498,6.082,0.35,0.0,1.5,1.5
1788647991.024,driving,0.658,1.81,74.7,8,33,113,1.618,3.008,-15.8,1.535,6.038,0.35,0.0,1.5,1.46
1788647991.076,turning,0.662,1.826,74.7,8,33,113,1.618,3.008,-16.0,1.52,6.022,0.0,-3.6,1.5,1.46
1788647991.126,turning,0.667,1.844,74.7,9,34,113,1.668,3.058,-16.2,1.573,6.005,0.0,-3.6,1.5,1.41
1788647991.177,turning,0.674,1.868,74.7,9,34,113,1.668,3.058,-16.4,1.55,5.981,0.0,-3.6,1.5,1.41
1788647991.24,turning,0.681,1.896,74.7,1,26,101,1.696,3.1,-16.7,1.574,5.954,0.0,-3.6,1.5,1.36
1788647991.273,turning,0.686,1.912,74.7,1,26,101,1.696,3.1,-16.9,1.559,5.938,0.0,-3.6,1.5,1.36
1788647991.327,turning,0.689,1.935,74.7,1,26,101,1.696,3.1,-17.1,1.54,5.918,0.0,-3.6,1.5,1.32
1788647991.375,turning,0.686,1.96,74.3,1,26,101,1.696,3.1,-16.9,1.522,5.899,0.0,-3.6,1.5,1.32
1788647991.425,turning,0.686,1.973,72.8,1,26,101,1.696,3.1,-15.7,1.512,5.888,0.0,-3.6,1.5,1.27
1788647991.475,turning,0.687,1.976,71.8,1,26,101,1.696,3.1,-14.9,1.51,5.886,0.0,-3.6,1.5,1.27
1788647991.523,turning,0.689,1.981,68.1,1,26,101,1.696,3.1,-11.4,1.505,5.88,0.0,-3.6,1.5,1.24
1788647991.576,driving,0.69,1.983,65.0,1,26,101,1.696,3.1,-8.6,1.502,5.878,0.35,0.0,1.5,1.24
1788647991.623,driving,0.691,1.994,61.6,2,27,101,1.723,3.141,-5.3,1.544,5.869,0.35,0.0,1.5,1.22
1788647991.676,driving,0.691,2.01,57.5,2,27,101,1.723,3.141,-1.4,1.531,5.855,0.35,0.0,1.5,1.22
1788647991.724,driving,0.692,2.013,54.6,2,27,101,1.723,3.141,1.3,1.529,5.852,0.35,0.0,1.5,1.22
1788647991.78,driving,0.695,2.018,50.5,2,27,101,1.723,3.141,5.1,1.523,5.847,0.35,0.0,1.5,1.22
1788647991.827,driving,0.699,2.022,48.7,2,27,101,1.723,3.141,6.8,1.518,5.841,0.35,0.0,1.5,1.22
1788647991.882,driving,0.707,2.031,47.5,2,27,101,1.723,3.141,7.8,1.505,5.829,0.35,0.0,1.5,1.22
1788647991.927,driving,0.715,2.04,47.2,2,27,101,1.723,3.141,7.9,1.493,5.817,0.35,0.0,1.5,1.22
1788647991.976,driving,0.727,2.053,47.2,3,28,101,1.768,3.208,7.7,1.555,5.8,0.35,0.0,1.5,1.22
1788647992.027,driving,0.739,2.07,47.6,3,28,101,1.768,3.208,7.1,1.535,5.779,0.35,0.0,1.5,1.21
1788647992.076,driving,0.752,2.093,48.2,3,28,101,1.768,3.208,6.4,1.509,5.753,0.35,0.0,1.5,1.21
1788647992.127,driving,0.767,2.127,49.0,4,29,101,1.818,3.258,5.4,1.544,5.716,0.349,0.0,1.5,1.19
1788647992.183,driving,0.782,2.168,49.9,4,29,101,1.818,3.258,4.3,1.503,5.674,0.349,0.0,1.5,1.19
1788647992.231,driving,0.792,2.253,50.3,5,30,101,1.84,3.303,3.6,1.483,5.599,0.342,0.0,1.5,1.15
1788647992.331,driving,0.819,2.44,51.0,3,28,98,1.984,3.458,2.7,1.548,5.434,0.339,0.0,1.5,1.13
1788647992.375,driving,0.831,2.456,51.0,3,28,98,1.984,3.458,2.3,1.528,5.414,0.339,0.0,1.5,1.13
1788647992.425,driving,0.847,2.475,51.0,3,28,98,1.984,3.458,2.0,1.503,5.389,0.335,0.0,1.5,1.1
1788647992.473,driving,0.859,2.489,51.0,4,29,98,2.018,3.508,1.7,1.544,5.371,0.335,0.0,1.5,1.1
1788647992.524,driving,0.873,2.507,51.0,4,29,98,2.018,3.508,1.4,1.521,5.348,0.33,0.0,1.5,1.07
1788647992.574,driving,0.893,2.531,51.0,4,29,98,2.018,3.508,1.1,1.49,5.317,0.33,0.0,1.5,1.07
1788647992.631,driving,0.906,2.55,50.9,5,30,98,2.068,3.558,1.0,1.538,5.293,0.328,0.0,1.5,1.05
1788647992.686,driving,0.92,2.569,50.8,5,30,98,2.068,3.558,0.8,1.516,5.27,0.328,0.0,1.5,1.05
1788647992.727,driving,0.937,2.591,50.7,5,30,98,2.068,3.558,0.7,1.488,5.242,0.323,0.0,1.5,1.02
1788647992.78,driving,0.943,2.598,50.7,5,30,98,2.068,3.558,0.4,1.479,5.234,0.323,0.0,1.5,1.02
1788647992.829,driving,0.964,2.624,50.7,6,31,98,2.118,3.608,0.1,1.517,5.2,0.318,0.0,1.5,0.99
1788647992.873,driving,0.975,2.637,50.7,6,31,98,2.118,3.608,-0.1,1.5,5.183,0.318,0.0,1.5,0.99
1788647992.925,driving,0.989,2.662,50.7,7,31,98,2.118,3.608,-0.4,1.473,5.154,0.313,0.0,1.5,0.96
1788647992.973,driving,0.998,2.682,50.7,7,31,98,2.118,3.608,-0.6,1.453,5.133,0.313,0.0,1.5,0.96
1788647993.025,driving,1.006,2.698,50.6,7,31,98,2.118,3.608,-0.9,1.437,5.115,0.313,0.0,1.5,0.96
1788647993.076,driving,1.024,2.719,50.7,8,33,98,2.19,3.703,-1.2,1.526,5.088,0.313,0.0,1.5,0.96
1788647993.124,driving,1.037,2.736,50.8,8,33,98,2.19,3.703,-1.5,1.505,5.066,0.311,0.0,1.5,0.94
1788647993.173,driving,1.048,2.749,50.8,8,33,98,2.19,3.703,-1.8,1.489,5.05,0.311,0.0,1.5,0.94
1788647993.223,driving,1.06,2.767,51.1,9,34,98,2.213,3.747,-2.3,1.513,5.028,0.35,0.0,1.5,1.78
1788647993.278,driving,1.067,2.779,51.4,9,34,98,2.213,3.747,-2.8,1.5,5.014,0.35,0.0,1.5,1.78
1788647993.378,driving,1.092,2.815,51.6,0,10,88,1.568,3.008,-4.6,0.513,4.97,0.35,0.0,0.6,1.77
1788647993.427,driving,1.104,2.829,51.6,0,10,88,1.568,3.008,-6.2,0.497,4.952,0.35,0.0,0.6,5.85
1788647993.477,driving,1.114,2.842,51.7,0,10,88,1.568,3.008,-7.8,0.484,4.936,0.35,0.0,0.6,5.85
1788647993.524,driving,1.128,2.861,52.0,0,10,88,1.568,3.008,-9.7,0.464,4.912,0.35,0.0,0.6,5.82
1788647993.575,driving,1.136,2.875,52.5,1,27,88,2.068,3.808,-10.1,1.319,4.896,0.35,0.0,1.5,5.82
1788647993.624,driving,1.15,2.895,52.8,1,27,88,2.068,3.808,-10.3,1.295,4.872,0.35,0.0,1.5,5.78
1788647993.672,driving,1.16,2.909,52.8,1,27,88,2.068,3.808,-10.3,1.278,4.854,0.35,0.0,1.5,5.78
1788647993.725,driving,1.166,2.917,52.8,1,27,88,2.068,3.808,-10.3,1.268,4.845,0.35,0.0,1.5,1.58
1788647993.775,driving,1.17,2.923,52.9,1,27,88,2.068,3.808,-10.2,1.261,4.837,0.35,0.0,1.5,1.58
1788647993.825,driving,1.198,2.957,52.8,5,30,88,2.218,3.958,-10.2,1.429,4.793,0.35,0.0,1.5,1.55
1788647993.874,driving,1.232,2.977,52.3,6,31,88,2.268,4.008,-9.6,1.462,4.757,0.35,0.0,1.5,1.55
1788647993.927,driving,1.253,2.995,52.1,7,32,88,2.318,4.058,-9.3,1.505,4.73,0.35,0.0,1.5,1.5
1788647993.992,driving,1.27,3.017,52.2,7,32,88,2.318,4.058,-9.3,1.478,4.702,0.35,0.0,1.5,1.5
1788647994.023,driving,1.275,3.024,52.2,7,32,88,2.318,4.058,-9.3,1.469,4.693,0.35,0.0,1.5,1.5
1788647994.08,driving,1.281,3.031,52.2,7,32,88,2.318,4.058,-9.3,1.46,4.685,0.35,0.0,1.5,1.46
1788647994.123,driving,1.313,3.075,52.0,8,33,88,2.368,4.108,-9.0,1.477,4.63,0.35,0.0,1.5,1.41
1788647994.173,driving,1.328,3.098,51.5,9,34,88,2.418,4.158,-8.5,1.52,4.602,0.35,0.0,1.5,1.41
1788647994.223,driving,1.349,3.126,51.3,9,34,88,2.418,4.158,-8.3,1.485,4.567,0.35,0.0,1.5,1.36
1788647994.273,driving,1.36,3.14,51.4,9,34,88,2.418,4.158,-8.3,1.468,4.549,0.35,0.0,1.5,1.36
1788647994.326,driving,1.377,3.161,51.5,10,35,88,2.468,4.208,-8.4,1.512,4.522,0.35,0.0,1.5,1.32
1788647994.373,driving,1.39,3.177,51.5,0,23,75,2.418,4.258,-8.4,1.492,4.502,0.35,0.0,1.5,1.32
1788647994.424,driving,1.404,3.197,51.6,1,24,75,2.468,4.308,-8.4,1.538,4.477,0.35,0.0,1.5,1.29
1788647994.477,driving,1.421,3.22,51.6,2,25,75,2.496,4.35,-8.3,1.559,4.449,0.35,0.0,1.5,1.29
1788647994.525,driving,1.44,3.247,51.6,2,25,75,2.496,4.35,-8.3,1.527,4.416,0.35,0.0,1.5,1.24
1788647994.574,driving,1.452,3.262,51.7,2,25,75,2.496,4.35,-8.2,1.507,4.397,0.35,0.0,1.5,1.24
1788647994.627,driving,1.468,3.282,51.7,3,26,75,2.523,4.391,-8.2,1.532,4.371,0.349,0.0,1.5,1.19
1788647994.677,driving,1.479,3.296,51.7,3,26,75,2.523,4.391,-8.1,1.513,4.353,0.349,0.0,1.5,1.19
1788647994.729,driving,1.494,3.323,51.8,3,26,75,2.523,4.391,-8.1,1.484,4.323,0.342,0.0,1.5,1.15
1788647994.777,driving,1.501,3.342,51.9,4,27,75,2.568,4.458,-8.2,1.544,4.303,0.342,0.0,1.5,1.15
1788647994.824,driving,1.515,3.368,52.1,4,27,75,2.568,4.458,-8.3,1.515,4.274,0.337,0.0,1.5,1.12
1788647994.875,driving,1.533,3.39,52.0,5,28,75,2.618,4.508,-8.2,1.558,4.246,0.337,0.0,1.5,1.12
1788647994.923,driving,1.544,3.404,52.0,5,28,75,2.618,4.508,-8.1,1.54,4.228,0.33,0.0,1.5,1.07
1788647994.982,driving,1.555,3.419,52.1,5,28,75,2.618,4.508,-8.2,1.522,4.209,0.33,0.0,1.5,1.07
1788647995.023,driving,1.57,3.437,52.2,5,28,75,2.618,4.508,-8.3,1.499,4.186,0.325,0.0,1.5,1.04
1788647995.081,driving,1.596,3.471,52.9,6,29,75,2.668,4.558,-8.9,1.527,4.143,0.325,0.0,1.5,1.04
1788647995.128,driving,1.607,3.486,53.0,6,29,75,2.668,4.558,-9.0,1.508,4.124,0.318,0.0,1.5,0.99
1788647995.175,driving,1.617,3.499,53.0,7,30,75,2.69,4.603,-8.9,1.539,4.108,0.318,0.0,1.5,0.99
1788647995.223,driving,1.633,3.52,53.0,7,30,75,2.69,4.603,-8.9,1.513,4.081,0.313,0.0,1.5,0.96
1788647995.277,driving,1.643,3.534,53.0,7,30,75,2.69,4.603,-8.9,1.496,4.064,0.313,0.0,1.5,0.96
1788647995.332,driving,1.652,3.547,52.9,7,30,75,2.69,4.603,-8.8,1.481,4.049,0.309,0.0,1.5,0.93
1788647995.379,driving,1.663,3.563,52.7,8,32,75,2.735,4.692,-8.4,1.557,4.03,0.309,0.0,1.5,0.93
1788647995.459,driving,1.681,3.587,52.6,0,25,71,2.68,4.632,-8.3,1.446,4.0,0.309,0.0,1.5,0.93
1788647995.474,driving,1.685,3.593,52.6,0,25,71,2.68,4.632,-8.3,1.438,3.992,0.309,0.0,1.5,0.93
1788647995.526,driving,1.7,3.611,52.7,1,26,71,2.702,4.676,-8.3,1.462,3.968,0.309,0.0,1.5,0.93
1788647995.575,driving,1.709,3.623,52.7,1,26,71,2.702,4.676,-8.3,1.448,3.954,0.309,0.0,1.5,0.93
1788647995.627,driving,1.722,3.639,52.6,1,26,71,2.702,4.676,-8.1,1.427,3.933,0.313,0.0,1.5,0.96
1788647995.675,driving,1.729,3.646,52.4,1,26,71,2.702,4.676,-7.8,1.417,3.923,0.313,0.0,1.5,0.96
1788647995.733,driving,1.742,3.66,52.2,3,29,71,2.769,4.81,-7.6,1.542,3.904,0.328,0.0,1.5,1.05
1788647995.774,driving,1.75,3.671,52.3,3,29,71,2.769,4.81,-7.5,1.529,3.89,0.328,0.0,1.5,1.05
1788647995.824,driving,1.766,3.691,52.3,3,29,71,2.769,4.81,-7.5,1.504,3.865,0.332,0.0,1.5,1.08
1788647995.874,driving,1.775,3.704,52.4,4,30,71,2.792,4.855,-7.5,1.536,3.849,0.332,0.0,1.5,1.08
1788647995.925,driving,1.785,3.716,52.4,4,30,71,2.792,4.855,-7.4,1.52,3.834,0.35,0.0,1.5,1.39
1788647995.973,driving,1.804,3.736,52.4,5,31,71,2.818,4.908,-7.3,1.55,3.806,0.35,0.0,1.5,1.39
1788647996.029,driving,1.816,3.75,52.4,5,31,71,2.818,4.908,-7.2,1.532,3.788,0.35,0.0,1.5,4.7
1788647996.078,driving,1.833,3.773,52.5,6,31,71,2.818,4.908,-7.2,1.503,3.759,0.35,0.0,1.5,4.7
1788647996.127,driving,1.846,3.79,52.5,6,31,71,2.818,4.908,-7.1,1.482,3.738,0.35,0.0,1.5,1.86
1788647996.173,driving,1.857,3.803,52.6,6,31,71,2.818,4.908,-7.1,1.464,3.721,0.35,0.0,1.5,1.86
1788647996.226,driving,1.873,3.827,52.6,7,33,71,2.873,4.991,-7.1,1.535,3.692,0.35,0.0,1.5,1.86
1788647996.273,driving,1.892,3.855,52.7,8,34,71,2.918,5.058,-7.0,1.581,3.658,0.35,0.0,1.5,1.86
1788647996.324,driving,1.911,3.883,52.8,8,34,71,2.918,5.058,-7.0,1.548,3.625,0.35,0.0,1.5,5.19
1788647996.38,driving,1.922,3.897,52.8,9,34,71,2.918,5.058,-7.0,1.53,3.607,0.35,0.0,1.5,5.14
1788647996.425,driving,1.933,3.912,52.9,9,34,71,2.918,5.058,-6.9,1.511,3.588,0.35,0.0,1.5,5.14
1788647996.477,driving,1.939,3.921,52.9,0,26,66,2.907,4.987,-6.9,1.44,3.577,0.35,0.0,1.5,5.14
1788647996.524,driving,1.964,3.954,52.8,1,27,66,2.93,5.032,-6.8,1.447,3.536,0.35,0.0,1.5,4.47
1788647996.583,driving,1.976,3.972,52.6,1,27,66,2.93,5.032,-6.5,1.426,3.514,0.35,0.0,1.5,4.47
1788647996.626,driving,1.989,3.988,52.5,1,27,66,2.93,5.032,-6.4,1.405,3.494,0.35,0.0,1.5,4.44
1788647996.677,driving,2.001,4.003,52.6,2,28,66,2.952,5.076,-6.4,1.434,3.475,0.35,0.0,1.5,4.44
1788647996.725,driving,2.012,4.018,52.6,2,28,66,2.952,5.076,-6.4,1.416,3.456,0.35,0.0,1.5,5.01
1788647996.777,driving,2.029,4.041,52.7,4,30,66,3.018,5.208,-6.4,1.53,3.427,0.35,0.0,1.5,5.01
1788647996.825,driving,2.045,4.063,52.7,4,30,66,3.018,5.208,-6.3,1.503,3.4,0.35,0.0,1.5,5.0
1788647996.88,driving,2.055,4.076,52.7,5,30,66,3.018,5.208,-6.2,1.486,3.384,0.35,0.0,1.5,5.0
1788647996.926,driving,2.071,4.098,52.7,5,30,66,3.018,5.208,-6.1,1.459,3.357,0.35,0.0,1.5,5.03
1788647996.978,driving,2.082,4.113,52.6,6,31,66,3.068,5.258,-6.0,1.511,3.338,0.35,0.0,1.5,5.03
1788647997.023,driving,2.099,4.135,52.7,6,31,66,3.068,5.258,-6.0,1.483,3.309,0.35,0.0,1.5,5.03
1788647997.082,driving,2.116,4.157,52.6,7,32,66,3.096,5.3,-5.9,1.505,3.283,0.35,0.0,1.5,5.03
1788647997.134,driving,2.119,4.175,52.5,7,32,66,3.096,5.3,-5.7,1.49,3.267,0.35,0.0,1.5,4.19
1788647997.178,driving,2.12,4.199,52.3,7,32,66,3.096,5.3,-5.4,1.471,3.247,0.35,0.0,1.5,4.19
1788647997.229,driving,2.13,4.214,52.3,8,33,66,3.123,5.341,-5.4,1.503,3.229,0.35,0.0,1.5,4.14
1788647997.275,driving,2.141,4.228,52.3,8,33,66,3.123,5.341,-5.3,1.484,3.211,0.35,0.0,1.5,4.14
1788647997.33,driving,2.147,4.236,52.3,8,33,66,3.123,5.341,-5.3,1.475,3.201,0.35,0.0,1.5,4.1
1788647997.377,driving,2.155,4.246,52.3,8,33,66,3.123,5.341,-5.3,1.462,3.188,0.35,0.0,1.5,4.1
1788647997.437,driving,2.19,4.289,52.4,9,35,66,3.179,5.424,-5.3,1.506,3.132,0.35,0.0,1.5,4.05
1788647997.486,driving,2.203,4.305,52.4,9,35,66,3.179,5.424,-5.3,1.485,3.112,0.35,0.0,1.5,4.05
1788647997.535,driving,2.223,4.329,52.5,0,11,57,2.673,4.591,-6.4,0.521,3.081,0.35,0.0,0.6,3.99
1788647997.574,driving,2.228,4.336,52.5,0,11,57,2.673,4.591,-7.4,0.514,3.072,0.35,0.0,0.6,3.99
1788647997.623,driving,2.242,4.354,52.5,0,11,57,2.673,4.591,-8.4,0.492,3.049,0.35,0.0,0.6,3.96
1788647997.679,driving,2.265,4.384,52.5,0,11,57,2.673,4.591,-9.4,0.458,3.012,0.35,0.0,0.6,3.96
1788647997.723,driving,2.274,4.392,52.4,0,11,57,2.673,4.591,-10.3,0.447,3.0,0.35,0.0,0.6,3.9
1788647997.797,driving,2.304,4.41,51.7,0,11,57,2.673,4.591,-10.7,0.412,2.968,0.35,0.0,0.6,3.85
1788647997.823,driving,2.311,4.417,51.7,0,11,57,2.673,4.591,-11.6,0.403,2.958,0.35,0.0,0.6,3.85
1788647997.88,driving,2.327,4.438,51.7,5,34,57,3.25,5.644,-11.3,1.518,2.931,0.35,0.0,1.5,3.85
1788647997.929,driving,2.345,4.46,51.7,5,34,57,3.25,5.644,-11.0,1.49,2.903,0.35,0.0,1.5,3.8
1788647997.975,driving,2.356,4.475,51.7,5,34,57,3.25,5.644,-10.7,1.471,2.884,0.35,0.0,1.5,3.8
1788647998.036,driving,2.368,4.491,51.8,6,35,57,3.275,5.687,-10.5,1.501,2.864,0.35,0.0,1.5,3.74
1788647998.073,driving,2.385,4.515,52.1,6,35,57,3.275,5.687,-10.4,1.472,2.834,0.35,0.0,1.5,3.74
1788647998.13,driving,2.405,4.542,52.3,7,36,57,3.318,5.758,-10.4,1.521,2.801,0.35,0.0,1.5,3.71
1788647998.173,driving,2.416,4.557,52.3,7,36,57,3.318,5.758,-10.1,1.502,2.782,0.35,0.0,1.5,3.71
1788647998.23,driving,2.433,4.579,52.3,8,36,57,3.318,5.758,-9.8,1.474,2.755,0.35,0.0,1.5,3.66
1788647998.281,driving,2.446,4.595,52.3,8,36,57,3.318,5.758,-9.5,1.454,2.734,0.35,0.0,1.5,3.66
1788647998.329,driving,2.465,4.618,52.2,9,37,57,3.368,5.808,-9.2,1.494,2.704,0.35,0.0,1.5,3.62
1788647998.386,driving,2.486,4.644,52.0,10,38,57,3.418,5.858,-8.8,1.53,2.671,0.35,0.0,1.5,3.62
1788647998.437,driving,2.499,4.66,52.0,10,38,57,3.418,5.858,-8.5,1.509,2.65,0.35,0.0,1.5,3.55
1788647998.473,driving,2.511,4.676,52.0,11,39,57,3.468,5.908,-8.4,1.56,2.63,0.35,0.0,1.5,3.55
1788647998.553,driving,2.525,4.694,52.1,0,25,45,3.418,5.858,-8.2,1.467,2.607,0.35,0.0,1.5,3.51
1788647998.573,driving,2.535,4.706,52.1,1,26,45,3.468,5.908,-8.0,1.521,2.591,0.35,0.0,1.5,3.51
1788647998.627,driving,2.554,4.735,52.3,1,26,45,3.468,5.908,-8.1,1.487,2.557,0.35,0.0,1.5,3.46
1788647998.675,driving,2.563,4.751,52.5,1,26,45,3.468,5.908,-8.1,1.469,2.539,0.35,0.0,1.5,3.46
1788647998.723,driving,2.578,4.774,52.8,2,27,45,3.518,5.958,-8.1,1.511,2.511,0.35,0.0,1.5,3.41
1788647998.778,driving,2.59,4.79,52.8,2,27,45,3.518,5.958,-8.0,1.492,2.492,0.35,0.0,1.5,3.41
1788647998.825,driving,2.607,4.812,52.9,2,27,45,3.518,5.958,-7.9,1.464,2.464,0.35,0.0,1.5,3.37
1788647998.873,driving,2.618,4.826,53.0,3,28,45,3.568,6.008,-7.8,1.517,2.446,0.35,0.0,1.5,3.37
1788647998.927,driving,2.635,4.855,53.0,3,28,45,3.568,6.008,-7.7,1.484,2.413,0.35,0.0,1.5,3.32
1788647998.986,driving,2.645,4.875,53.0,3,28,45,3.568,6.008,-7.6,1.461,2.39,0.35,0.0,1.5,3.28
1788647999.029,driving,2.661,4.901,53.0,4,29,45,3.618,6.058,-7.5,1.502,2.361,0.35,0.0,1.5,3.28
1788647999.075,driving,2.679,4.924,53.1,4,29,45,3.618,6.058,-7.5,1.472,2.331,0.35,0.0,1.5,3.28
1788647999.127,driving,2.685,4.932,53.2,5,30,45,3.668,6.108,-7.4,1.533,2.321,0.35,0.0,1.5,3.21
1788647999.174,driving,2.699,4.951,53.2,5,30,45,3.668,6.108,-7.4,1.51,2.298,0.35,0.0,1.5,3.21
1788647999.232,driving,2.724,4.982,53.1,5,30,45,3.668,6.108,-7.1,1.469,2.257,0.35,0.0,1.5,3.18
1788647999.281,driving,2.738,4.998,53.0,6,31,45,3.718,6.158,-6.9,1.519,2.237,0.35,0.0,1.5,3.18
1788647999.328,driving,2.754,5.017,52.8,6,31,45,3.718,6.158,-6.7,1.493,2.211,0.35,0.0,1.5,3.12
1788647999.382,driving,2.775,5.044,52.8,7,32,45,3.768,6.208,-6.6,1.53,2.177,0.35,0.0,1.5,3.12
1788647999.422,driving,2.787,5.06,52.8,7,32,45,3.768,6.208,-6.5,1.51,2.158,0.35,0.0,1.5,3.07
1788647999.473,driving,2.797,5.074,52.8,8,33,45,3.818,6.258,-6.4,1.563,2.14,0.35,0.0,1.5,3.07
1788647999.54,driving,2.82,5.1,52.5,8,33,45,3.818,6.258,-6.0,1.529,2.105,0.35,0.0,1.5,3.04
1788647999.577,driving,2.837,5.117,52.1,0,25,35,3.768,6.308,-5.5,1.512,2.082,0.35,0.0,1.5,3.04
1788647999.634,driving,2.858,5.14,51.8,1,26,35,3.818,6.358,-5.1,1.551,2.051,0.35,0.0,1.5,2.98
1788647999.674,driving,2.869,5.154,51.8,1,26,35,3.818,6.358,-5.0,1.533,2.033,0.35,0.0,1.5,2.98
1788647999.73,driving,2.887,5.176,51.8,2,26,35,3.818,6.358,-4.8,1.504,2.004,0.35,0.0,1.5,2.95
1788647999.777,driving,2.898,5.191,51.8,2,26,35,3.818,6.358,-4.7,1.486,1.986,0.35,0.0,1.5,2.95
1788647999.825,driving,2.912,5.216,52.2,3,28,35,3.918,6.458,-5.0,1.598,1.958,0.35,0.0,1.5,2.89
1788647999.879,driving,2.919,5.236,52.7,3,28,35,3.918,6.458,-5.4,1.578,1.938,0.35,0.0,1.5,2.89
1788647999.924,driving,2.928,5.254,53.1,3,28,35,3.918,6.458,-5.7,1.559,1.918,0.35,0.0,1.5,2.84
1788647999.977,driving,2.943,5.275,53.1,3,28,35,3.918,6.458,-5.7,1.533,1.892,0.35,0.0,1.5,2.84
1788648000.023,driving,2.957,5.293,53.1,4,29,35,3.946,6.5,-5.6,1.56,1.869,0.35,0.0,1.5,2.79
1788648000.078,driving,2.974,5.316,53.1,4,29,35,3.946,6.5,-5.5,1.531,1.84,0.35,0.0,1.5,2.79
1788648000.127,driving,2.983,5.329,53.1,4,29,35,3.946,6.5,-5.5,1.515,1.824,0.35,0.0,1.5,2.75
1788648000.173,driving,2.996,5.347,53.1,5,30,35,3.973,6.541,-5.3,1.543,1.803,0.35,0.0,1.5,2.75
1788648000.224,driving,3.016,5.374,53.0,5,30,35,3.973,6.541,-5.2,1.51,1.769,0.35,0.0,1.5,2.7
1788648000.276,driving,3.034,5.398,53.0,6,31,35,4.018,6.608,-5.1,1.559,1.739,0.35,0.0,1.5,2.7
1788648000.322,driving,3.04,5.407,53.0,6,31,35,4.018,6.608,-5.0,1.549,1.728,0.35,0.0,1.5,2.65
1788648000.376,driving,3.057,5.429,53.0,7,31,35,4.018,6.608,-5.0,1.521,1.701,0.35,0.0,1.5,2.65
1788648000.433,driving,3.067,5.445,53.2,7,31,35,4.018,6.608,-5.1,1.502,1.682,0.35,0.0,1.5,2.61
1788648000.475,driving,3.082,5.472,53.7,7,31,35,4.018,6.608,-5.6,1.472,1.651,0.35,0.0,1.5,2.61
1788648000.522,driving,3.094,5.491,53.9,8,33,35,4.068,6.708,-5.7,1.559,1.629,0.35,0.0,1.5,2.56
1788648000.573,driving,3.11,5.514,53.9,8,33,35,4.068,6.708,-5.6,1.53,1.601,0.35,0.0,1.5,2.56
1788648000.629,driving,3.124,5.533,53.9,0,26,28,4.068,6.708,-5.6,1.508,1.578,0.35,0.0,1.5,2.51
1788648000.675,driving,3.136,5.549,54.0,1,27,28,4.118,6.758,-5.5,1.558,1.558,0.35,0.0,1.5,2.51
1788648000.723,driving,3.141,5.557,54.0,1,27,28,4.118,6.758,-5.5,1.548,1.548,0.35,0.0,1.5,2.47
1788648000.783,driving,3.176,5.597,52.4,2,27,28,4.118,6.758,-3.8,1.495,1.495,0.35,0.0,1.5,2.47
1788648000.832,driving,3.189,5.613,52.2,2,27,28,4.118,6.758,-3.6,1.475,1.475,0.35,0.0,1.5,2.42
1788648000.874,driving,3.2,5.628,52.2,3,27,28,4.118,6.758,-3.5,1.456,1.456,0.35,0.0,1.5,2.42
1788648000.945,driving,3.217,5.649,52.2,3,27,28,4.118,6.758,-3.5,1.428,1.428,0.35,0.0,1.5,2.37
1788648000.978,driving,3.23,5.666,52.2,3,27,28,4.118,6.758,-3.4,1.408,1.408,0.35,0.0,1.5,2.37
1788648001.04,driving,3.246,5.687,52.1,4,27,28,4.118,6.758,-3.3,1.381,1.381,0.35,0.0,1.5,2.33
1788648001.079,driving,3.257,5.704,52.1,4,27,28,4.118,6.758,-3.2,1.361,1.361,0.35,0.0,1.5,2.33
1788648001.125,driving,3.273,5.726,52.0,4,27,28,4.118,6.758,-3.1,1.334,1.334,0.35,0.0,1.5,2.28
1788648001.178,driving,3.285,5.741,52.0,5,27,28,4.118,6.758,-3.1,1.315,1.315,0.35,0.0,1.5,2.28
1788648001.226,driving,3.303,5.764,52.0,5,27,28,4.118,6.758,-3.0,1.286,1.286,0.35,0.0,1.5,2.22
1788648001.284,driving,3.32,5.785,52.0,5,27,28,4.118,6.758,-3.0,1.258,1.258,0.35,0.0,1.5,2.19
1788648001.327,driving,3.331,5.802,52.4,6,27,28,4.118,6.758,-3.3,1.239,1.239,0.35,0.0,1.5,2.19
1788648001.374,driving,3.341,5.819,53.0,6,27,28,4.118,6.758,-3.8,1.219,1.219,0.35,0.0,1.5,2.19
1788648001.423,driving,3.357,5.842,53.3,7,27,28,4.118,6.758,-4.1,1.191,1.191,0.35,0.0,1.5,2.12
1788648001.474,driving,3.367,5.856,53.3,7,27,28,4.118,6.758,-4.1,1.173,1.173,0.35,0.0,1.5,2.12
1788648001.525,driving,3.384,5.879,53.3,8,27,28,4.118,6.758,-4.1,1.145,1.145,0.35,0.0,1.5,2.08
1788648001.574,driving,3.395,5.894,53.3,8,27,28,4.118,6.758,-4.1,1.126,1.126,0.35,0.0,1.5,2.08
1788648001.633,driving,3.413,5.921,53.5,9,27,28,4.118,6.758,-4.2,1.094,1.094,0.35,0.0,1.5,2.03
1788648001.738,driving,3.436,5.959,53.8,1,19,20,4.118,6.758,-4.5,1.051,1.051,0.35,0.0,1.5,1.99
1788648001.774,driving,3.447,5.975,53.8,1,19,20,4.118,6.758,-4.5,1.031,1.031,0.35,0.0,1.5,1.99
1788648001.823,driving,3.469,6.004,53.8,2,19,20,4.118,6.758,-4.5,0.995,0.995,0.35,0.0,1.5,1.94
1788648001.881,driving,3.485,6.026,53.8,2,19,20,4.118,6.758,-4.6,0.968,0.968,0.35,0.0,1.5,1.94
1788648001.936,driving,3.498,6.044,53.8,3,19,20,4.118,6.758,-4.5,0.945,0.945,0.35,0.0,1.5,1.89
1788648001.977,driving,3.512,6.063,53.7,3,19,20,4.118,6.758,-4.4,0.922,0.922,0.35,0.0,1.5,1.89
1788648002.023,driving,3.53,6.087,53.6,3,19,20,4.118,6.758,-4.4,0.892,0.892,0.35,0.0,1.5,1.85
1788648002.09,driving,3.549,6.111,53.7,4,19,20,4.118,6.758,-4.5,0.862,0.862,0.35,0.0,1.5,1.8
1788648002.124,driving,3.555,6.12,53.7,4,19,20,4.118,6.758,-4.5,0.851,0.851,0.35,0.0,1.5,1.8
1788648002.18,driving,3.573,6.144,53.7,4,19,20,4.118,6.758,-4.5,0.821,0.821,0.35,0.0,1.5,1.8
1788648002.223,driving,3.584,6.161,53.5,5,19,20,4.118,6.758,-4.3,0.801,0.801,0.35,0.0,1.5,1.75
1788648002.273,driving,3.592,6.173,53.3,5,19,20,4.118,6.758,-4.1,0.787,0.787,0.35,0.0,1.5,1.75
1788648002.328,driving,3.602,6.187,53.1,5,19,20,4.118,6.758,-4.0,0.77,0.77,0.35,0.0,1.5,1.71
1788648002.378,driving,3.614,6.204,53.1,6,19,20,4.118,6.758,-4.0,0.749,0.749,0.35,0.0,1.5,1.71
1788648002.436,driving,3.635,6.232,53.1,6,19,20,4.118,6.758,-4.0,0.714,0.714,0.35,0.0,1.5,1.64
1788648002.479,driving,3.646,6.247,53.1,7,19,20,4.118,6.758,-4.1,0.696,0.696,0.35,0.0,1.5,1.64
1788648002.527,driving,3.656,6.264,53.3,7,19,20,4.118,6.758,-4.4,0.676,0.676,0.35,0.0,1.5,1.61
1788648002.574,driving,3.661,6.287,54.0,7,19,20,4.118,6.758,-5.1,0.656,0.656,0.35,0.0,1.5,1.61
1788648002.623,driving,3.673,6.309,54.2,8,19,20,4.118,6.758,-5.4,0.632,0.632,0.35,0.0,1.5,1.57
1788648002.674,driving,3.684,6.324,54.2,8,19,20,4.118,6.758,-5.5,0.614,0.614,0.35,0.0,1.5,1.57
1788648002.725,driving,3.7,6.346,54.2,0,8,9,4.118,6.758,-5.6,0.587,0.587,0.35,0.0,1.5,1.5
1788648002.775,driving,3.713,6.364,54.2,0,8,9,4.118,6.758,-5.7,0.566,0.566,0.35,0.0,1.5,1.5
1788648002.822,driving,3.724,6.379,54.1,0,8,9,4.118,6.758,-5.8,0.547,0.547,0.35,0.0,1.5,1.47
1788648002.878,driving,3.742,6.407,54.1,1,8,9,4.118,6.758,-5.9,0.514,0.514,0.35,0.0,1.5,1.47
1788648002.938,driving,3.76,6.432,54.1,1,8,9,4.118,6.758,-6.0,0.484,0.484,0.35,0.0,1.5,1.43
1788648002.973,driving,3.771,6.447,54.1,1,8,9,4.118,6.758,-6.2,0.466,0.466,0.35,0.0,1.5,1.43
1788648003.023,driving,3.788,6.47,54.2,2,8,9,4.118,6.758,-6.5,0.438,0.438,0.35,0.0,1.5,1.36
1788648003.074,driving,3.798,6.484,54.3,2,8,9,4.118,6.758,-6.7,0.421,0.421,0.35,0.0,1.5,1.36
1788648003.124,driving,3.807,6.501,54.4,2,8,9,4.118,6.758,-7.0,0.404,0.404,0.35,0.0,1.5,1.33
1788648003.174,driving,3.814,6.525,54.6,3,8,9,4.118,6.758,-7.5,0.383,0.383,0.335,0.0,1.5,1.33
1788648003.224,driving,3.827,6.549,54.8,3,8,9,4.118,6.758,-7.9,0.358,0.358,0.314,0.0,1.5,1.29
1788648003.272,driving,3.837,6.563,54.8,3,8,9,4.118,6.758,-8.3,0.342,0.342,0.3,0.0,1.5,1.29
1788648003.323,driving,3.853,6.586,54.9,4,8,9,4.118,6.758,-8.7,0.316,0.316,0.276,0.0,1.5,1.22
1788648003.372,driving,3.863,6.601,55.0,4,8,9,4.118,6.758,-9.1,0.299,0.299,0.262,0.0,1.5,1.22
1788648003.422,driving,3.876,6.621,54.6,4,8,9,4.118,6.758,-9.2,0.278,0.278,0.243,0.0,1.5,1.19
1788648003.475,driving,3.881,6.631,54.1,5,8,9,4.118,6.758,-9.1,0.269,0.269,0.235,0.0,1.5,1.19
1788648003.524,driving,3.893,6.649,53.9,5,8,9,4.118,6.758,-9.3,0.25,0.25,0.22,0.0,1.5,1.15
1788648003.573,driving,3.902,6.661,53.8,5,8,9,4.118,6.758,-9.8,0.237,0.237,0.22,0.0,1.5,1.15
1788648003.633,driving,3.915,6.679,53.8,5,8,9,4.118,6.758,-10.3,0.217,0.217,0.22,0.0,1.5,1.12
1788648003.675,driving,3.923,6.69,53.8,6,8,9,4.118,6.758,-11.0,0.206,0.206,0.22,0.0,1.5,1.12
1788648003.724,driving,3.936,6.712,54.3,6,8,9,4.118,6.758,-12.1,0.188,0.188,0.22,0.0,1.5,1.08
1788648003.775,driving,3.942,6.727,54.7,1,4,5,4.118,6.758,-13.3,0.178,0.178,0.22,0.0,1.5,1.08
1788648003.823,driving,3.949,6.741,55.0,1,4,5,4.118,6.758,-14.5,0.169,0.169,0.22,0.0,1.5,1.05
1788648003.877,driving,3.957,6.751,55.0,1,4,5,4.118,6.758,-15.5,0.162,0.162,0.22,0.0,1.5,1.05
1788648003.924,turning,3.965,6.763,55.0,1,4,5,4.118,6.758,-16.5,0.153,0.153,0.0,-3.6,1.5,1.02
1788648003.973,goal_approach,3.97,6.77,55.0,4,4,5,4.118,6.758,-59.6,0.149,0.149,0.0,-3.6,,1.02
1788648004.032,goal_approach,3.977,6.779,54.9,4,4,5,4.118,6.758,-63.6,0.142,0.142,0.0,-3.6,,1.01
1788648004.076,goal_approach,3.985,6.787,54.7,4,4,5,4.118,6.758,-67.1,0.136,0.136,0.0,-3.6,,1.01
1788648004.126,goal_approach,3.992,6.794,54.5,4,4,5,4.118,6.758,-70.2,0.131,0.131,0.0,-3.678,,0.99
1788648004.178,goal_approach,3.995,6.798,54.5,4,4,5,4.118,6.758,-72.8,0.129,0.129,0.0,-3.81,,0.99
1788648004.229,goal_approach,4.003,6.809,54.2,4,4,5,4.118,6.758,-78.2,0.126,0.126,0.0,-4.093,,0.98
1788648004.275,goal_approach,4.003,6.809,53.8,4,4,5,4.118,6.758,-77.9,0.126,0.126,0.0,-4.077,,0.98
1788648004.33,goal_approach,4.003,6.809,53.0,4,4,5,4.118,6.758,-77.0,0.126,0.126,0.0,-4.032,,0.96
1788648004.382,goal_approach,4.002,6.808,52.1,4,4,5,4.118,6.758,-75.6,0.126,0.126,0.0,-3.958,,0.96
1788648004.427,goal_approach,3.998,6.811,48.4,4,4,5,4.118,6.758,-72.2,0.131,0.131,0.0,-3.779,,0.98
1788648004.475,goal_approach,3.992,6.814,46.7,4,4,5,4.118,6.758,-70.9,0.138,0.138,0.0,-3.71,,0.98
1788648004.523,goal_approach,3.988,6.816,43.6,4,4,5,4.118,6.758,-67.8,0.142,0.142,0.0,-3.6,,0.98
1788648004.573,goal_approach,3.987,6.815,40.4,4,4,5,4.118,6.758,-64.0,0.143,0.143,0.0,-3.6,,0.98
1788648004.628,goal_approach,3.986,6.814,36.2,4,4,5,4.118,6.758,-59.3,0.144,0.144,0.0,-3.6,,0.99
1788648004.678,goal_approach,3.985,6.814,31.9,4,4,5,4.118,6.758,-54.6,0.144,0.144,0.0,-3.6,,0.99
1788648004.724,goal_approach,3.984,6.813,29.5,4,4,5,4.118,6.758,-51.9,0.145,0.145,0.0,-3.6,,2.42
1788648004.78,goal_approach,3.984,6.813,24.7,4,4,5,4.118,6.758,-47.2,0.145,0.145,0.0,-3.6,,2.42
1788648004.823,goal_approach,3.984,6.813,22.8,3,3,4,4.118,6.758,-45.3,0.145,0.145,0.0,-3.6,,2.4
1788648004.875,goal_approach,3.987,6.815,20.0,3,3,4,4.118,6.758,-43.3,0.143,0.143,0.0,-3.6,,2.4
1788648004.925,goal_approach,3.989,6.816,18.2,3,3,4,4.118,6.758,-42.2,0.141,0.141,0.0,-3.6,,2.43
1788648004.977,goal_approach,3.99,6.817,16.2,3,3,4,4.118,6.758,-40.9,0.141,0.141,0.0,-3.6,,2.43
1788648005.032,goal_approach,3.993,6.817,14.7,3,3,4,4.118,6.758,-39.8,0.138,0.138,0.0,-3.6,,5.25
1788648005.08,goal_approach,3.996,6.816,13.5,3,3,4,4.118,6.758,-38.9,0.135,0.135,0.0,-3.6,,5.25
1788648005.129,goal_approach,4.0,6.819,12.5,3,3,4,4.118,6.758,-39.7,0.133,0.133,0.0,-3.6,,8.06
1788648005.175,goal_approach,4.003,6.823,11.5,3,3,4,4.118,6.758,-41.0,0.133,0.133,0.0,-3.6,,8.06
1788648005.229,goal_approach,4.005,6.835,9.3,3,3,4,4.118,6.758,-43.8,0.137,0.137,0.0,-3.6,,5.23
1788648005.275,goal_approach,4.004,6.844,8.0,3,3,4,4.118,6.758,-45.0,0.142,0.142,0.0,-3.6,,5.23
1788648005.328,goal_approach,4.005,6.848,6.1,3,3,4,4.118,6.758,-44.6,0.145,0.145,0.0,-3.6,,5.25
1788648005.377,goal_approach,4.008,6.849,4.6,3,3,4,4.118,6.758,-44.0,0.143,0.143,0.0,-3.6,,5.25
1788648005.451,goal_approach,4.012,6.853,2.6,3,3,4,4.118,6.758,-44.5,0.142,0.142,0.0,-3.6,,5.23
1788648005.474,goal_approach,4.016,6.857,1.3,3,3,4,4.118,6.758,-45.5,0.142,0.142,0.0,-3.6,,5.23
1788648005.523,goal_approach,4.021,6.86,-0.8,3,3,4,4.118,6.758,-45.7,0.14,0.14,0.0,-3.6,,4.63
1788648005.576,goal_approach,4.026,6.86,-2.2,3,3,4,4.118,6.758,-45.5,0.137,0.137,0.0,-3.6,,4.63
1788648005.622,goal_approach,4.031,6.863,-4.3,3,3,4,4.118,6.758,-46.1,0.137,0.137,0.0,-3.6,,5.22
1788648005.675,goal_approach,4.036,6.87,-6.8,3,3,4,4.118,6.758,-47.1,0.138,0.138,0.0,-3.6,,5.22
1788648005.723,goal_approach,4.039,6.87,-8.3,3,3,4,4.118,6.758,-46.5,0.137,0.137,0.0,-3.6,,4.63
1788648005.777,goal_approach,4.043,6.87,-9.9,3,3,4,4.118,6.758,-46.2,0.134,0.134,0.0,-3.6,,4.63
1788648005.825,goal_approach,4.047,6.869,-11.9,3,3,4,4.118,6.758,-45.6,0.132,0.132,0.0,-3.6,,5.22
1788648005.883,goal_approach,4.056,6.869,-14.7,2,2,3,4.118,6.758,-46.2,0.127,0.127,0.0,-3.6,,5.2
1788648005.926,goal_approach,4.059,6.869,-17.6,2,2,3,4.118,6.758,-44.5,0.126,0.126,0.0,-3.6,,5.2
1788648005.972,goal_approach,4.06,6.869,-20.8,2,2,3,4.118,6.758,-41.6,0.125,0.125,0.0,-3.6,,5.2
1788648006.023,goal_approach,4.058,6.864,-24.3,2,2,3,4.118,6.758,-36.3,0.122,0.122,0.0,-3.6,,5.2
1788648006.073,goal_approach,4.052,6.856,-28.1,2,2,3,4.118,6.758,-27.8,0.118,0.118,0.0,-3.6,,5.2
1788648006.125,goal_approach,4.05,6.854,-30.4,2,2,3,4.118,6.758,-24.4,0.117,0.117,0.0,-3.6,,5.2
1788648006.173,goal_approach,4.05,6.854,-34.1,2,2,3,4.118,6.758,-20.5,0.118,0.118,0.0,-3.6,,5.2
1788648006.232,goal_approach,4.046,6.852,-37.5,2,2,3,4.118,6.758,-14.8,0.118,0.118,0.0,-3.6,,5.2
1788648006.275,goal_approach,4.042,6.849,-39.5,2,2,3,4.118,6.758,-10.7,0.119,0.119,0.0,-3.6,,5.2
1788648006.328,goal_approach,4.038,6.849,-42.4,2,2,3,4.118,6.758,-6.1,0.121,0.121,0.0,-3.6,,3.26
1788648006.374,goal_approach,4.036,6.85,-44.1,2,2,3,4.118,6.758,-4.3,0.123,0.123,0.0,-3.6,,3.26
1788648006.429,goal_approach,4.032,6.846,-46.7,2,2,3,4.118,6.758,1.3,0.123,0.123,0.22,0.0,,3.26
1788648006.478,goal_approach,4.026,6.839,-48.9,2,2,3,4.118,6.758,7.4,0.123,0.123,0.22,0.0,,3.26
1788648006.523,goal_approach,4.025,6.84,-50.6,2,2,3,4.118,6.758,9.2,0.124,0.124,0.22,0.0,,5.56
1788648006.578,goal_approach,4.028,6.848,-53.0,2,2,3,4.118,6.758,8.3,0.127,0.127,0.22,0.0,,5.56
1788648006.63,goal_approach,4.026,6.841,-54.4,2,2,3,4.118,6.758,12.3,0.124,0.124,0.22,0.0,,4.55
1788648006.673,goal_approach,4.023,6.831,-55.4,2,2,3,4.118,6.758,18.0,0.12,0.12,0.0,3.6,,4.55
1788648006.727,goal_approach,4.023,6.819,-55.8,2,2,3,4.118,6.758,22.9,0.113,0.113,0.0,3.6,,4.53
1788648006.773,goal_approach,4.027,6.813,-55.7,2,2,3,4.118,6.758,24.4,0.106,0.106,0.0,3.6,,4.53
1788648006.826,goal_approach,4.035,6.807,-55.6,2,2,3,4.118,6.758,25.0,0.097,0.097,0.0,3.6,,4.49
1788648006.88,goal_approach,4.041,6.804,-55.6,2,2,3,4.118,6.758,24.6,0.09,0.09,0.0,3.6,,4.49
1788648006.926,goal_approach,4.046,6.801,-55.3,1,1,2,4.118,6.758,24.3,0.084,0.084,0.0,3.6,,4.47
1788648006.976,goal_approach,4.048,6.799,-54.9,1,1,2,4.118,6.758,24.9,0.081,0.081,0.0,3.6,,4.47
1788648007.025,goal_approach,4.048,6.797,-53.9,1,1,2,4.118,6.758,24.9,0.08,0.08,0.0,3.6,,3.24
1788648007.074,goal_approach,4.046,6.798,-52.6,1,1,2,4.118,6.758,23.7,0.082,0.082,0.0,3.6,,3.24
1788648007.126,goal_approach,4.046,6.797,-52.0,1,1,2,4.118,6.758,23.4,0.082,0.082,0.0,3.6,,4.47
1788648007.176,goal_approach,4.049,6.793,-49.9,1,1,2,4.118,6.758,22.9,0.077,0.077,0.0,3.6,,4.47
1788648007.225,goal_approach,4.052,6.79,-48.1,1,1,2,4.118,6.758,22.4,0.073,0.073,0.0,3.6,,5.51
1788648007.275,goal_approach,4.054,6.787,-46.8,1,1,2,4.118,6.758,22.0,0.07,0.07,0.0,3.6,,5.51
1788648007.336,goal_approach,4.057,6.785,-45.4,1,1,2,4.118,6.758,21.7,0.067,0.067,0.0,3.6,,6.54
1788648007.376,goal_approach,4.06,6.782,-43.7,1,1,2,4.118,6.758,21.3,0.063,0.063,0.0,3.6,,6.54
1788648007.424,goal_turn,4.062,6.78,-41.8,1,1,2,4.118,6.758,130.5,0.0,0.06,0.0,6.75,,5.5
1788648007.477,goal_turn,4.064,6.778,-40.5,1,1,2,4.118,6.758,129.3,0.0,0.058,0.0,6.75,,5.5
1788648007.526,goal_turn,4.068,6.775,-38.7,1,1,2,4.118,6.758,127.4,0.0,0.053,0.0,6.673,,5.48
1788648007.577,goal_turn,4.07,6.773,-37.1,1,1,2,4.118,6.758,125.8,0.0,0.05,0.0,6.588,,5.48
1788648007.628,goal_turn,4.075,6.77,-34.7,1,1,2,4.118,6.758,123.4,0.0,0.044,0.0,6.463,,4.58
1788648007.677,goal_turn,4.08,6.766,-32.0,1,1,2,4.118,6.758,120.7,0.0,0.038,0.0,6.321,,4.58
1788648007.742,goal_turn,4.081,6.763,-30.4,1,1,2,4.118,6.758,119.1,0.0,0.037,0.0,6.236,,5.15
1788648007.775,goal_turn,4.078,6.748,-23.6,1,1,2,4.118,6.758,112.4,0.0,0.041,0.0,5.884,,5.15
1788648007.83,goal_turn,4.078,6.742,-19.7,1,1,2,4.118,6.758,108.5,0.0,0.043,0.0,5.68,,5.14
1788648007.876,goal_turn,4.081,6.741,-8.5,1,1,2,4.118,6.758,97.2,0.0,0.041,0.0,5.091,,5.14
1788648007.925,goal_turn,4.08,6.741,-3.5,1,1,2,4.118,6.758,92.3,0.0,0.041,0.0,4.831,,5.12
1788648007.977,goal_turn,4.078,6.741,5.9,1,1,2,4.118,6.758,82.8,0.0,0.043,0.0,4.337,,5.12
1788648008.027,goal_turn,4.076,6.74,12.3,1,1,2,4.118,6.758,76.5,0.0,0.046,0.0,4.004,,5.43
1788648008.084,goal_turn,4.074,6.74,15.1,1,1,2,4.118,6.758,73.6,0.0,0.047,0.0,3.853,,2.51
1788648008.129,goal_turn,4.072,6.739,21.9,1,1,2,4.118,6.758,66.9,0.0,0.05,0.0,3.6,,2.51
1788648008.179,goal_turn,4.072,6.727,31.6,1,1,2,4.118,6.758,57.1,0.0,0.056,0.0,3.6,,2.51
1788648008.226,goal_turn,4.071,6.721,35.7,1,1,2,4.118,6.758,53.0,0.0,0.06,0.0,3.6,,2.5
1788648008.279,goal_turn,4.063,6.716,41.2,1,1,2,4.118,6.758,47.5,0.0,0.07,0.0,3.6,,2.5
1788648008.328,goal_turn,4.057,6.714,44.0,1,1,2,4.118,6.758,44.7,0.0,0.075,0.0,3.6,,2.5
1788648008.382,goal_turn,4.053,6.715,46.2,1,1,2,4.118,6.758,42.5,0.0,0.078,0.0,3.6,,2.5
1788648008.441,goal_turn,4.048,6.717,48.9,1,1,2,4.118,6.758,39.9,0.0,0.081,0.0,3.6,,1.13
1788648008.474,goal_turn,4.047,6.719,50.5,1,1,2,4.118,6.758,38.3,0.0,0.081,0.0,3.6,,1.13
1788648008.526,goal_turn,4.045,6.718,52.1,1,1,2,4.118,6.758,36.6,0.0,0.083,0.0,3.6,,1.12
1788648008.573,goal_turn,4.04,6.705,54.5,1,1,2,4.118,6.758,34.2,0.0,0.094,0.0,3.6,,1.12
1788648008.626,goal_approach,4.035,6.696,56.5,1,1,2,4.118,6.758,-19.6,0.103,0.103,0.0,-3.6,,1.12
1788648008.672,goal_approach,4.029,6.698,61.8,1,1,2,4.118,6.758,-28.0,0.107,0.107,0.0,-3.6,,1.12
1788648008.723,goal_approach,4.028,6.7,65.2,1,1,2,4.118,6.758,-32.3,0.107,0.107,0.0,-3.6,,1.12
1788648008.776,goal_approach,4.028,6.701,67.8,1,1,2,4.118,6.758,-35.4,0.106,0.106,0.0,-3.6,,1.12
1788648010.625,goal_turn,4.048,6.705,55.3,1,1,2,4.118,6.758,33.5,0.0,0.088,0.0,3.6,,1.18
1788648010.793,turning,4.048,6.705,55.3,0,30,231,3.379,5.329,-171.2,1.53,9.971,0.0,-6.75,1.5,1.18
1788648010.824,turning,4.048,6.705,55.2,0,30,231,3.379,5.329,-171.2,1.53,9.971,0.0,-6.75,1.5,1.18
1788648010.877,turning,4.048,6.705,55.3,0,30,231,3.379,5.329,-171.2,1.53,9.971,0.0,-6.75,1.5,1.18
1788648010.932,turning,4.048,6.705,55.3,0,30,231,3.379,5.329,-171.3,1.53,9.971,0.0,-6.75,1.5,1.18
1788648010.973,turning,4.048,6.704,55.6,0,30,231,3.379,5.329,-171.6,1.529,9.97,0.0,-6.75,1.5,1.18
1788648011.026,turning,4.048,6.704,55.6,0,30,231,3.379,5.329,-171.6,1.529,9.97,0.0,-6.75,1.5,1.18
1788648011.076,turning,4.048,6.705,55.4,0,30,231,3.379,5.329,-171.4,1.53,9.971,0.0,-6.75,1.5,1.18
1788648011.13,turning,4.047,6.703,54.5,0,30,231,3.379,5.329,-170.4,1.528,9.97,0.0,-6.75,1.5,1.18
1788648011.177,turning,4.049,6.705,52.5,0,30,231,3.379,5.329,-168.4,1.531,9.971,0.0,-6.75,1.5,1.18
1788648011.225,turning,4.051,6.708,48.6,0,30,231,3.379,5.329,-164.6,1.535,9.974,0.0,-6.75,1.5,1.18
1788648011.273,turning,4.055,6.712,44.8,0,30,231,3.379,5.329,-160.8,1.539,9.978,0.0,-6.75,1.5,1.18
1788648011.329,turning,4.059,6.715,38.1,0,30,231,3.379,5.329,-154.1,1.544,9.982,0.0,-6.75,1.5,1.18
1788648011.373,turning,4.06,6.716,35.9,0,30,231,3.379,5.329,-151.9,1.545,9.983,0.0,-6.75,1.5,1.18
1788648011.426,turning,4.064,6.719,25.4,0,30,231,3.379,5.329,-141.4,1.549,9.987,0.0,-6.75,1.5,2.53
1788648011.473,turning,4.065,6.719,20.2,0,30,231,3.379,5.329,-136.2,1.55,9.988,0.0,-6.75,1.5,2.53
1788648011.526,turning,4.067,6.72,17.2,0,30,231,3.379,5.329,-133.2,1.552,9.991,0.0,-6.75,1.5,5.17
1788648011.581,turning,4.07,6.72,5.8,0,30,231,3.379,5.329,-121.8,1.553,9.993,0.0,-6.376,1.5,5.17
1788648011.645,turning,4.072,6.719,-4.9,0,30,231,3.379,5.329,-111.1,1.553,9.996,0.0,-5.813,1.5,5.17
1788648011.674,turning,4.074,6.717,-11.5,0,30,231,3.379,5.329,-104.5,1.552,9.997,0.0,-5.469,1.5,5.17
1788648011.759,turning,4.076,6.718,-23.7,0,30,231,3.379,5.329,-92.3,1.554,9.999,0.0,-4.829,1.5,5.17
1788648011.773,turning,4.077,6.72,-29.1,0,30,231,3.379,5.329,-87.0,1.556,10.0,0.0,-4.549,1.5,5.17
1788648011.933,turning,4.076,6.725,-51.1,0,30,232,3.357,5.342,-65.0,1.559,10.0,0.0,-3.6,1.5,3.24
1788648011.98,turning,4.077,6.719,-62.0,0,30,232,3.357,5.342,-54.2,1.554,10.001,0.0,-3.6,1.5,3.24
1788648012.027,turning,4.08,6.717,-68.1,0,30,232,3.357,5.342,-48.1,1.554,10.004,0.0,-3.6,1.5,3.18
1788648012.075,turning,4.084,6.719,-72.6,0,30,232,3.357,5.342,-43.6,1.557,10.008,0.0,-3.6,1.5,3.18
1788648012.123,turning,4.085,6.716,-78.9,0,30,232,3.357,5.342,-37.3,1.555,10.008,0.0,-3.6,1.5,3.12
1788648012.177,turning,4.083,6.714,-82.3,0,30,232,3.357,5.342,-34.0,1.552,10.006,0.0,-3.6,1.5,3.12
1788648012.228,turning,4.081,6.709,-86.2,0,30,232,3.357,5.342,-30.2,1.547,10.003,0.0,-3.6,1.5,3.15
1788648012.283,turning,4.079,6.696,-91.1,0,30,232,3.357,5.342,-25.3,1.535,10.001,0.0,-3.6,1.5,3.15
1788648012.327,turning,4.077,6.69,-94.1,0,30,232,3.357,5.342,-22.3,1.528,9.998,0.0,-3.6,1.5,3.13
1788648012.375,turning,4.07,6.685,-98.7,0,30,232,3.357,5.342,-17.8,1.521,9.991,0.0,-3.6,1.5,3.13
1788648012.426,turning,4.067,6.68,-100.8,1,31,232,3.329,5.3,-15.7,1.565,9.987,0.0,-3.6,1.5,3.21
1788648012.48,turning,4.062,6.674,-102.8,1,31,232,3.329,5.3,-13.8,1.557,9.982,0.0,-3.6,1.5,3.15
1788648012.529,driving,4.052,6.657,-108.4,1,31,232,3.329,5.3,-8.2,1.537,9.97,0.35,0.0,1.5,3.15
1788648012.575,driving,4.051,6.651,-109.9,1,31,232,3.329,5.3,-6.7,1.531,9.968,0.35,0.0,1.5,3.15
1788648012.623,driving,4.051,6.641,-111.3,1,31,232,3.329,5.3,-5.3,1.523,9.968,0.35,0.0,1.5,3.1
1788648012.678,driving,4.055,6.622,-112.8,2,32,232,3.302,5.258,-3.9,1.558,9.97,0.35,0.0,1.5,3.1
1788648012.728,driving,4.056,6.617,-113.3,2,32,232,3.302,5.258,-3.5,1.554,9.971,0.35,0.0,1.5,3.15
1788648012.775,driving,4.051,6.631,-115.4,2,32,232,3.302,5.258,-1.4,1.564,9.967,0.35,0.0,1.5,3.15
1788648012.832,driving,4.039,6.622,-115.9,2,32,232,3.302,5.258,-1.0,1.55,9.954,0.35,0.0,1.5,4.35
1788648012.939,driving,4.015,6.586,-115.4,1,30,229,3.34,5.216,-1.4,1.527,9.927,0.35,0.0,1.5,4.28
1788648012.975,driving,4.012,6.576,-115.5,1,30,229,3.34,5.216,-1.3,1.517,9.924,0.35,0.0,1.5,4.28
1788648013.028,driving,4.001,6.542,-115.6,2,31,229,3.313,5.175,-1.2,1.531,9.91,0.35,0.0,1.5,4.25
1788648013.075,driving,3.99,6.519,-115.5,2,31,229,3.313,5.175,-1.3,1.505,9.898,0.35,0.0,1.5,4.25
1788648013.132,driving,3.975,6.487,-115.1,3,32,229,3.268,5.108,-1.7,1.55,9.88,0.35,0.0,1.5,4.24
1788648013.175,driving,3.966,6.469,-114.8,3,32,229,3.268,5.108,-2.0,1.53,9.87,0.35,0.0,1.5,4.24
1788648013.225,driving,3.952,6.441,-114.5,4,32,229,3.268,5.108,-2.4,1.498,9.855,0.35,0.0,1.5,4.19
1788648013.275,driving,3.945,6.425,-114.5,4,32,229,3.268,5.108,-2.4,1.481,9.846,0.35,0.0,1.5,4.19
1788648013.33,driving,3.938,6.409,-114.4,5,33,229,3.218,5.058,-2.4,1.531,9.838,0.35,0.0,1.5,4.14
1788648013.374,driving,3.927,6.384,-114.4,5,33,229,3.218,5.058,-2.5,1.504,9.825,0.35,0.0,1.5,4.14
1788648013.425,driving,3.916,6.36,-114.4,6,34,229,3.183,5.023,-2.6,1.525,9.813,0.35,0.0,1.5,4.1
1788648013.476,driving,3.906,6.339,-114.4,6,34,229,3.183,5.023,-2.6,1.503,9.803,0.35,0.0,1.5,4.1
1788648013.523,driving,3.9,6.327,-114.3,7,35,229,3.118,4.958,-2.7,1.577,9.796,0.35,0.0,1.5,4.1
1788648013.578,driving,3.882,6.304,-114.0,7,35,229,3.118,4.958,-3.1,1.548,9.776,0.35,0.0,1.5,4.1
1788648013.634,driving,3.868,6.281,-113.8,8,35,229,3.118,4.958,-3.4,1.521,9.761,0.35,0.0,1.5,4.02
1788648013.685,driving,3.859,6.261,-113.8,8,35,229,3.118,4.958,-3.4,1.499,9.752,0.35,0.0,1.5,3.99
1788648013.73,driving,3.851,6.243,-113.8,8,35,229,3.118,4.958,-3.5,1.48,9.743,0.35,0.0,1.5,3.99
1788648013.776,driving,3.84,6.218,-113.8,9,36,229,3.068,4.908,-3.6,1.521,9.731,0.35,0.0,1.5,3.99
1788648013.83,driving,3.833,6.196,-113.6,9,36,229,3.068,4.908,-3.9,1.498,9.723,0.35,0.0,1.5,2.73
1788648013.874,driving,3.828,6.177,-113.3,10,37,229,3.018,4.858,-4.3,1.548,9.717,0.35,0.0,1.5,2.73
1788648013.925,driving,3.821,6.153,-113.1,10,37,229,3.018,4.858,-4.6,1.524,9.709,0.35,0.0,1.5,2.71
1788648014.038,driving,3.808,6.122,-113.1,1,29,218,2.963,4.825,-4.7,1.548,9.695,0.35,0.0,1.5,3.85
1788648014.08,driving,3.795,6.093,-113.1,1,29,218,2.963,4.825,-4.8,1.517,9.681,0.35,0.0,1.5,3.85
1788648014.123,driving,3.788,6.067,-113.2,2,30,218,2.918,4.758,-4.9,1.571,9.673,0.35,0.0,1.5,3.8
1788648014.176,driving,3.784,6.045,-113.3,2,30,218,2.918,4.758,-5.0,1.552,9.669,0.35,0.0,1.5,3.8
1788648014.223,driving,3.777,6.022,-113.3,3,30,218,2.918,4.758,-5.1,1.528,9.661,0.35,0.0,1.5,3.77
1788648014.283,driving,3.77,6.005,-113.3,3,30,218,2.918,4.758,-5.2,1.51,9.654,0.35,0.0,1.5,3.77
1788648014.328,driving,3.759,5.98,-113.3,4,31,218,2.868,4.708,-5.4,1.552,9.642,0.35,0.0,1.5,3.71
1788648014.378,driving,3.75,5.959,-113.3,4,31,218,2.868,4.708,-5.5,1.531,9.633,0.35,0.0,1.5,3.71
1788648014.428,driving,3.738,5.935,-113.4,5,32,218,2.818,4.658,-5.6,1.574,9.621,0.35,0.0,1.5,3.68
1788648014.49,driving,3.723,5.904,-113.6,5,32,218,2.818,4.658,-5.6,1.54,9.605,0.35,0.0,1.5,3.68
1788648014.531,driving,3.715,5.886,-113.6,6,32,218,2.818,4.658,-5.8,1.521,9.597,0.35,0.0,1.5,3.62
1788648014.577,driving,3.708,5.87,-113.6,6,32,218,2.818,4.658,-5.9,1.504,9.59,0.35,0.0,1.5,3.62
1788648014.623,driving,3.699,5.851,-113.6,7,33,218,2.768,4.608,-6.1,1.553,9.581,0.35,0.0,1.5,3.59
1788648014.686,driving,3.69,5.83,-113.6,7,33,218,2.768,4.608,-6.3,1.531,9.572,0.35,0.0,1.5,3.59
1788648014.727,driving,3.681,5.811,-113.6,7,33,218,2.768,4.608,-6.4,1.51,9.563,0.35,0.0,1.5,2.11
1788648014.785,driving,3.662,5.777,-113.9,8,34,218,2.718,4.558,-6.3,1.542,9.544,0.35,0.0,1.5,2.11
1788648014.827,driving,3.65,5.752,-114.0,9,34,218,2.718,4.558,-6.4,1.515,9.532,0.35,0.0,1.5,2.06
1788648014.876,driving,3.643,5.737,-114.0,9,34,218,2.718,4.558,-6.6,1.498,9.525,0.35,0.0,1.5,2.06
1788648014.925,driving,3.631,5.711,-114.0,10,35,218,2.69,4.516,-6.8,1.521,9.514,0.35,0.0,1.5,2.08
1788648014.975,driving,3.624,5.694,-114.0,10,35,218,2.69,4.516,-7.0,1.503,9.507,0.35,0.0,1.5,2.08
1788648015.055,driving,3.617,5.678,-114.0,1,25,209,2.718,4.458,-7.1,1.516,9.5,0.35,0.0,1.5,2.08
1788648015.082,driving,3.613,5.666,-114.0,1,25,209,2.718,4.458,-7.3,1.504,9.496,0.35,0.0,1.5,2.08
1788648015.129,driving,3.598,5.623,-114.0,2,26,209,2.668,4.408,-7.4,1.53,9.482,0.35,0.0,1.5,2.06
1788648015.18,driving,3.587,5.599,-114.0,2,26,209,2.668,4.408,-7.6,1.505,9.471,0.35,0.0,1.5,2.06
1788648015.223,driving,3.58,5.583,-114.0,3,27,209,2.618,4.358,-7.8,1.557,9.464,0.35,0.0,1.5,2.08
1788648015.273,driving,3.572,5.565,-114.0,3,27,209,2.618,4.358,-7.9,1.539,9.457,0.35,0.0,1.5,2.08
1788648015.323,driving,3.561,5.536,-114.2,4,28,209,2.568,4.308,-7.9,1.58,9.447,0.35,0.0,1.5,2.05
1788648015.375,driving,3.552,5.511,-114.5,4,28,209,2.568,4.308,-7.7,1.554,9.439,0.35,0.0,1.5,2.05
1788648015.427,driving,3.541,5.484,-114.7,5,28,209,2.568,4.308,-7.7,1.526,9.429,0.35,0.0,1.5,2.05
1788648015.477,driving,3.534,5.468,-114.7,5,28,209,2.568,4.308,-7.9,1.51,9.422,0.35,0.0,1.5,2.05
1788648015.527,driving,3.522,5.443,-114.7,6,29,209,2.518,4.258,-8.1,1.553,9.411,0.35,0.0,1.5,2.43
1788648015.582,driving,3.511,5.42,-114.7,6,29,209,2.518,4.258,-8.3,1.529,9.401,0.35,0.0,1.5,2.43
1788648015.623,driving,3.502,5.407,-114.9,6,29,209,2.518,4.258,-8.3,1.513,9.393,0.35,0.0,1.5,2.33
1788648015.674,driving,3.497,5.401,-115.1,7,30,209,2.468,4.208,-8.3,1.576,9.388,0.35,0.0,1.5,2.33
1788648015.723,driving,3.482,5.38,-115.4,7,30,209,2.468,4.208,-8.2,1.55,9.374,0.35,0.0,1.5,2.22
1788648015.775,driving,3.473,5.362,-115.4,7,30,209,2.468,4.208,-8.4,1.53,9.366,0.35,0.0,1.5,2.22
1788648015.824,driving,3.465,5.344,-115.4,7,30,209,2.468,4.208,-8.6,1.511,9.358,0.35,0.0,1.5,2.16
1788648015.873,driving,3.452,5.317,-115.4,8,31,209,2.418,4.158,-8.8,1.554,9.347,0.35,0.0,1.5,2.16
1788648015.929,driving,3.445,5.291,-115.0,8,31,209,2.418,4.158,-9.3,1.53,9.341,0.35,0.0,1.5,2.11
1788648015.979,driving,3.444,5.273,-114.5,8,31,209,2.418,4.158,-10.0,1.515,9.341,0.35,0.0,1.5,2.11
1788648016.03,driving,3.438,5.246,-114.2,9,32,209,2.368,4.108,-10.6,1.562,9.337,0.35,0.0,1.5,2.08
1788648016.073,driving,3.429,5.227,-114.2,9,32,209,2.368,4.108,-10.8,1.542,9.329,0.35,0.0,1.5,2.08
1788648016.124,driving,3.418,5.203,-114.1,10,32,209,2.368,4.108,-11.0,1.518,9.32,0.35,0.0,1.5,2.03
1788648016.178,driving,3.41,5.184,-114.1,1,25,202,2.368,4.108,-11.3,1.498,9.313,0.35,0.0,1.5,2.03
1788648016.227,driving,3.405,5.174,-114.1,2,26,202,2.318,4.058,-11.5,1.558,9.309,0.35,0.0,1.5,1.97
1788648016.273,driving,3.391,5.126,-114.0,2,26,202,2.318,4.058,-11.8,1.514,9.298,0.35,0.0,1.5,1.97
1788648016.346,driving,3.381,5.098,-114.0,3,27,202,2.268,4.008,-12.1,1.558,9.291,0.35,0.0,1.5,1.94
1788648016.375,driving,3.372,5.076,-114.0,4,27,202,2.268,4.008,-12.3,1.536,9.283,0.35,0.0,1.5,1.94
1788648016.431,driving,3.36,5.05,-114.0,4,27,202,2.268,4.008,-12.6,1.51,9.273,0.35,0.0,1.5,1.89
1788648016.473,driving,3.353,5.034,-114.0,4,27,202,2.268,4.008,-12.8,1.493,9.267,0.35,0.0,1.5,1.89
1788648016.532,driving,3.339,5.001,-114.0,5,28,202,2.218,3.958,-13.1,1.531,9.256,0.35,0.0,1.5,1.85
1788648016.577,driving,3.326,4.972,-114.0,6,29,202,2.168,3.908,-13.3,1.573,9.246,0.35,0.0,1.5,1.85
1788648016.629,driving,3.314,4.945,-114.0,6,29,202,2.168,3.908,-13.6,1.546,9.237,0.35,0.0,1.5,1.8
1788648016.677,driving,3.307,4.927,-114.0,7,30,202,2.118,3.858,-13.9,1.599,9.231,0.35,0.0,1.5,1.8
1788648016.73,driving,3.295,4.902,-114.0,7,30,202,2.118,3.858,-14.1,1.573,9.222,0.35,0.0,1.5,1.77
1788648016.783,driving,3.288,4.885,-114.0,7,30,202,2.118,3.858,-14.4,1.557,9.216,0.35,0.0,1.5,1.77
1788648016.826,driving,3.278,4.859,-113.8,8,30,202,2.118,3.858,-14.8,1.532,9.209,0.35,0.0,1.5,1.77
1788648016.88,driving,3.269,4.829,-113.6,8,30,202,2.118,3.858,-15.4,1.506,9.203,0.35,0.0,1.5,1.77
1788648016.927,driving,3.262,4.812,-113.5,8,30,202,2.118,3.858,-15.7,1.489,9.198,0.35,0.0,1.5,1.71
1788648016.98,turning,3.255,4.796,-113.4,9,31,202,2.068,3.808,-16.1,1.544,9.193,0.0,-3.6,1.5,1.71
1788648017.029,turning,3.248,4.779,-113.3,9,31,202,2.068,3.808,-16.4,1.528,9.187,0.0,-3.6,1.5,1.67
1788648017.078,turning,3.243,4.768,-113.3,9,31,202,2.068,3.808,-16.7,1.517,9.184,0.0,-3.6,1.5,1.67
1788648017.126,turning,3.231,4.73,-112.7,10,32,202,2.018,3.758,-17.6,1.555,9.177,0.0,-3.6,1.5,1.64
1788648017.179,turning,3.228,4.706,-112.0,10,32,202,2.018,3.758,-18.6,1.537,9.176,0.0,-3.6,1.5,1.64
1788648017.431,turning,3.22,4.685,-119.4,0,24,194,2.018,3.758,-11.4,1.518,9.171,0.0,-3.6,1.5,1.55
1788648017.476,turning,3.22,4.694,-122.0,0,24,194,2.018,3.758,-9.1,1.523,9.17,0.0,-3.6,1.5,1.55
1788648017.535,driving,3.22,4.699,-125.7,0,24,194,2.018,3.758,-5.7,1.526,9.169,0.35,0.0,1.5,1.61
1788648017.58,driving,3.22,4.698,-128.5,0,24,194,2.018,3.758,-3.2,1.526,9.169,0.35,0.0,1.5,1.61
1788648017.625,driving,3.22,4.698,-131.6,0,24,194,2.018,3.758,-0.3,1.526,9.169,0.35,0.0,1.5,1.61
1788648017.674,driving,3.22,4.698,-132.8,0,24,194,2.018,3.758,0.6,1.526,9.169,0.35,0.0,1.5,1.61
1788648017.787,driving,3.218,4.694,-137.8,0,24,194,2.018,3.758,5.3,1.522,9.168,0.35,0.0,1.5,1.72
1788648017.818,driving,3.211,4.682,-140.8,0,24,194,2.018,3.758,8.2,1.509,9.162,0.35,0.0,1.5,1.72
1788648017.836,driving,3.2,4.667,-142.6,1,25,194,1.968,3.708,9.7,1.562,9.153,0.35,0.0,1.5,4.61
1788648017.903,driving,3.185,4.65,-143.5,1,25,194,1.968,3.708,10.4,1.539,9.141,0.35,0.0,1.5,1.39
1788648017.935,driving,3.174,4.641,-143.5,1,25,194,1.968,3.708,10.2,1.525,9.131,0.35,0.0,1.5,1.39
1788648017.987,driving,3.162,4.632,-143.5,2,25,194,1.968,3.708,9.9,1.51,9.121,0.35,0.0,1.5,1.39
1788648018.027,driving,3.15,4.621,-143.4,2,25,194,1.968,3.708,9.6,1.494,9.11,0.35,0.0,1.5,1.35
1788648018.073,driving,3.122,4.59,-142.8,3,26,194,1.918,3.658,8.8,1.522,9.086,0.35,0.0,1.5,1.35
1788648018.14,driving,3.105,4.571,-142.5,3,26,194,1.918,3.658,8.3,1.498,9.072,0.35,0.0,1.5,1.33
1788648018.178,driving,3.08,4.543,-142.0,4,27,194,1.868,3.608,7.6,1.531,9.051,0.35,0.0,1.5,1.33
1788648018.255,driving,3.055,4.505,-141.5,5,27,194,1.868,3.608,6.8,1.488,9.031,0.35,0.0,1.5,1.3
1788648018.336,driving,3.023,4.454,-140.9,1,26,190,1.818,3.558,6.0,1.502,9.008,0.35,0.0,1.5,1.27
1788648018.393,driving,2.996,4.432,-140.9,2,27,190,1.768,3.508,5.9,1.537,8.984,0.35,0.0,1.5,1.27
1788648018.434,driving,2.982,4.421,-140.9,2,27,190,1.768,3.508,5.7,1.519,8.972,0.35,0.0,1.5,1.24
1788648018.482,driving,2.968,4.409,-140.9,3,27,190,1.768,3.508,5.5,1.5,8.959,0.35,0.0,1.5,1.24
1788648018.529,driving,2.954,4.398,-140.9,3,27,190,1.768,3.508,5.3,1.482,8.947,0.35,0.0,1.5,1.22
1788648018.586,driving,2.947,4.392,-140.9,3,27,190,1.768,3.508,5.1,1.473,8.941,0.35,0.0,1.5,1.22
1788648018.627,driving,2.932,4.38,-140.9,4,28,190,1.718,3.458,4.9,1.525,8.929,0.35,0.0,1.5,1.21
1788648018.684,driving,2.879,4.344,-141.6,5,29,190,1.668,3.408,5.5,1.53,8.882,0.35,0.0,1.5,1.21
1788648018.738,driving,2.853,4.326,-141.8,5,29,190,1.668,3.408,5.5,1.499,8.86,0.349,0.0,1.5,1.19
1788648018.775,driving,2.84,4.315,-141.8,6,29,190,1.668,3.408,5.4,1.482,8.849,0.349,0.0,1.5,1.19
1788648018.831,driving,2.826,4.304,-141.8,6,29,190,1.668,3.408,5.2,1.464,8.837,0.35,0.0,1.5,4.25
1788648018.876,driving,2.799,4.283,-141.8,7,30,190,1.618,3.358,5.1,1.5,8.814,0.35,0.0,1.5,4.25
1788648018.926,driving,2.793,4.278,-141.8,7,30,190,1.618,3.358,5.0,1.492,8.808,0.35,0.0,1.5,4.21
1788648018.973,driving,2.762,4.261,-142.7,8,31,190,1.568,3.308,5.7,1.528,8.782,0.35,0.0,1.5,4.21
1788648019.028,driving,2.738,4.244,-143.0,8,31,190,1.568,3.308,5.9,1.498,8.761,0.35,0.0,1.5,4.18
1788648019.076,driving,2.718,4.229,-143.0,9,32,190,1.518,3.258,5.9,1.544,8.744,0.35,0.0,1.5,4.18
1788648019.147,driving,2.704,4.218,-143.0,9,32,190,1.518,3.258,5.8,1.526,8.732,0.35,0.0,1.5,4.13
1788648019.173,driving,2.689,4.207,-143.0,9,32,190,1.518,3.258,5.7,1.507,8.719,0.35,0.0,1.5,4.13
1788648019.224,driving,2.667,4.191,-143.0,10,32,190,1.518,3.258,5.6,1.48,8.7,0.35,0.0,1.5,4.1
1788648019.28,driving,2.65,4.179,-143.0,10,32,190,1.518,3.258,5.4,1.46,8.687,0.35,0.0,1.5,4.04
1788648019.334,driving,2.633,4.166,-142.9,11,33,190,1.468,3.208,5.4,1.509,8.672,0.35,0.0,1.5,4.04
1788648019.422,driving,2.599,4.14,-142.9,1,24,180,1.423,3.186,5.3,1.514,8.643,0.35,0.0,1.5,3.99
1788648019.425,driving,2.599,4.14,-142.9,1,24,180,1.423,3.186,5.2,1.514,8.643,0.35,0.0,1.5,3.99
1788648019.48,driving,2.576,4.123,-142.9,1,24,180,1.423,3.186,5.1,1.485,8.624,0.35,0.0,1.5,3.99
1788648019.529,driving,2.561,4.111,-142.8,1,24,180,1.423,3.186,4.9,1.466,8.612,0.35,0.0,1.5,3.93
1788648019.592,driving,2.541,4.092,-142.4,2,25,180,1.379,3.163,4.4,1.488,8.596,0.35,0.0,1.5,3.93
1788648019.663,driving,2.519,4.073,-142.2,3,26,180,1.334,3.141,4.1,1.508,8.579,0.35,0.0,1.5,3.85
1788648019.703,driving,2.5,4.058,-142.2,3,26,180,1.334,3.141,4.0,1.484,8.563,0.35,0.0,1.5,3.85
1788648019.727,driving,2.5,4.058,-142.2,3,26,180,1.334,3.141,3.9,1.484,8.563,0.35,0.0,1.5,3.77
1788648019.797,driving,2.461,4.027,-142.2,4,27,180,1.289,3.119,3.8,1.482,8.53,0.35,0.0,1.5,3.77
1788648019.866,driving,2.439,4.015,-142.7,4,27,180,1.289,3.119,4.3,1.458,8.512,0.35,0.0,1.5,1.47
1788648019.875,driving,2.431,4.012,-142.9,5,28,180,1.244,3.096,4.4,1.499,8.505,0.35,0.0,1.5,1.47
1788648019.923,driving,2.396,3.991,-143.5,5,28,180,1.244,3.096,4.9,1.458,8.475,0.35,0.0,1.5,1.41
1788648019.973,driving,2.382,3.981,-143.5,6,29,180,1.168,3.058,4.7,1.525,8.463,0.35,0.0,1.5,1.41
1788648020.023,driving,2.36,3.965,-143.4,6,29,180,1.168,3.058,4.6,1.498,8.446,0.35,0.0,1.5,1.36
1788648020.079,driving,2.343,3.952,-143.4,7,30,180,1.118,3.058,4.5,1.516,8.432,0.35,0.0,1.5,1.36
1788648020.147,driving,2.325,3.94,-143.5,7,30,180,1.118,3.058,4.4,1.495,8.417,0.35,0.0,1.5,1.32
1788648020.173,driving,2.31,3.932,-143.5,7,30,180,1.118,3.058,4.3,1.478,8.404,0.35,0.0,1.5,1.32
1788648020.233,driving,2.29,3.919,-143.6,8,32,180,1.019,3.07,4.2,1.528,8.387,0.35,0.0,1.5,1.29
1788648020.28,driving,2.269,3.903,-143.6,8,32,180,1.019,3.07,4.0,1.502,8.371,0.35,0.0,1.5,1.29
1788648020.329,driving,2.255,3.893,-143.6,8,32,180,1.019,3.07,3.8,1.484,8.359,0.35,0.0,1.5,1.24
1788648020.381,driving,2.24,3.882,-143.5,9,33,180,0.971,3.082,3.6,1.5,8.347,0.35,0.0,1.5,1.24
1788648020.511,driving,2.198,3.852,-144.0,0,25,174,1.021,2.974,4.0,1.469,8.314,0.342,0.0,1.5,1.15
1788648020.523,driving,2.187,3.843,-144.2,1,26,174,0.973,2.99,4.1,1.484,8.304,0.342,0.0,1.5,1.15
1788648020.573,driving,2.159,3.823,-144.2,1,26,174,0.973,2.99,3.9,1.45,8.283,0.342,0.0,1.5,1.15
1788648020.629,driving,2.137,3.807,-144.1,2,12,174,1.668,3.358,4.1,0.65,8.265,0.337,0.0,0.6,1.12
1788648020.675,driving,2.121,3.796,-144.1,2,12,174,1.668,3.358,4.3,0.63,8.252,0.337,0.0,0.6,1.12
1788648020.737,driving,2.102,3.777,-143.8,3,13,174,1.618,3.308,4.3,0.674,8.238,0.33,0.0,0.6,1.07
1788648020.777,driving,2.093,3.766,-143.6,3,13,174,1.618,3.308,4.3,0.66,8.232,0.33,0.0,0.6,1.07
1788648020.825,driving,2.08,3.752,-143.4,3,13,174,1.618,3.308,4.3,0.64,8.223,0.325,0.0,0.6,1.04
1788648020.876,driving,2.061,3.738,-143.3,3,13,174,1.618,3.308,4.4,0.618,8.209,0.325,0.0,0.6,1.04
1788648020.924,driving,2.046,3.726,-143.3,4,14,174,1.568,3.258,4.6,0.669,8.197,0.318,0.0,0.6,0.99
1788648020.976,driving,2.027,3.713,-143.2,4,14,174,1.568,3.258,4.7,0.646,8.182,0.318,0.0,0.6,0.99
1788648021.035,driving,2.007,3.699,-143.1,4,14,174,1.568,3.258,4.8,0.622,8.166,0.313,0.0,0.6,0.96
1788648021.074,driving,1.999,3.694,-143.0,4,14,174,1.568,3.258,5.0,0.613,8.159,0.313,0.0,0.6,0.96
1788648021.128,driving,1.969,3.674,-142.8,5,15,174,1.518,3.208,5.0,0.649,8.135,0.308,0.0,0.6,0.93
1788648021.175,driving,1.958,3.666,-142.8,5,15,174,1.518,3.208,5.2,0.635,8.127,0.308,0.0,0.6,0.93
1788648021.232,driving,1.944,3.655,-142.7,5,15,174,1.518,3.208,5.4,0.618,8.116,0.304,0.0,0.6,0.9
1788648021.273,driving,1.931,3.645,-142.7,6,16,174,1.468,3.158,5.6,0.672,8.106,0.304,0.0,0.6,0.9
1788648021.329,driving,1.915,3.633,-142.6,6,16,174,1.468,3.158,5.7,0.652,8.094,0.304,0.0,0.6,0.9
1788648021.379,driving,1.894,3.616,-142.4,7,16,174,1.468,3.158,5.7,0.626,8.079,0.304,0.0,0.6,0.9
1788648021.435,driving,1.873,3.6,-142.2,7,16,174,1.468,3.158,5.8,0.599,8.063,0.311,0.0,0.6,0.94
1788648021.512,driving,1.86,3.59,-142.2,0,9,167,1.433,3.173,5.8,0.598,8.054,0.316,0.0,0.6,0.98
1788648021.523,driving,1.86,3.59,-142.2,0,9,167,1.433,3.173,5.9,0.598,8.054,0.316,0.0,0.6,0.98
1788648021.577,driving,1.833,3.569,-142.1,1,10,167,1.368,3.108,5.8,0.654,8.033,0.316,0.0,0.6,0.98
1788648021.626,driving,1.817,3.557,-142.0,1,10,167,1.368,3.108,5.8,0.635,8.022,0.35,0.0,0.6,5.51
1788648021.679,driving,1.789,3.535,-142.0,2,11,167,1.319,3.096,5.8,0.643,8.001,0.35,0.0,0.6,5.51
1788648021.729,driving,1.774,3.523,-142.0,2,11,167,1.319,3.096,5.8,0.624,7.989,0.35,0.0,0.6,5.43
1788648021.775,driving,1.762,3.514,-142.0,2,11,167,1.319,3.096,5.7,0.609,7.981,0.35,0.0,0.6,5.43
1788648021.831,driving,1.743,3.5,-142.0,2,11,167,1.319,3.096,5.7,0.586,7.967,0.35,0.0,0.6,5.43
1788648021.875,driving,1.732,3.491,-142.0,3,13,167,1.222,3.072,5.5,0.66,7.959,0.35,0.0,0.6,5.43
1788648021.925,driving,1.721,3.483,-142.0,3,13,167,1.222,3.072,5.2,0.646,7.95,0.35,0.0,0.6,5.4
1788648021.973,driving,1.713,3.479,-142.0,3,13,167,1.222,3.072,5.0,0.638,7.944,0.35,0.0,0.6,5.4
1788648022.024,driving,1.708,3.476,-142.0,3,13,167,1.222,3.072,4.9,0.632,7.94,0.35,0.0,0.6,5.37
1788648022.076,driving,1.687,3.46,-142.0,3,13,167,1.222,3.072,4.7,0.605,7.925,0.35,0.0,0.6,5.37
1788648022.126,driving,1.668,3.445,-142.0,4,14,167,1.174,3.059,4.4,0.627,7.911,0.35,0.0,0.6,5.31
1788648022.18,driving,1.65,3.431,-142.0,4,14,167,1.174,3.059,4.1,0.604,7.898,0.35,0.0,0.6,5.31
1788648022.23,driving,1.628,3.416,-142.2,4,14,167,1.174,3.059,4.1,0.578,7.882,0.35,0.0,0.6,5.26
1788648022.275,driving,1.609,3.405,-142.5,5,15,167,1.125,3.047,4.1,0.602,7.867,0.35,0.0,0.6,5.26
1788648022.331,driving,1.591,3.394,-142.7,5,15,167,1.125,3.047,3.9,0.581,7.854,0.35,0.0,0.6,5.26
1788648022.376,driving,1.581,3.386,-142.7,5,15,167,1.125,3.047,3.6,0.568,7.846,0.35,0.0,0.6,5.26
1788648022.433,driving,1.552,3.364,-142.7,6,17,167,1.028,3.023,3.2,0.624,7.825,0.35,0.0,0.6,5.2
1788648022.473,driving,1.537,3.352,-142.7,6,17,167,1.028,3.023,2.7,0.606,7.815,0.35,0.0,0.6,5.2
1788648022.549,driving,1.514,3.333,-142.6,0,11,160,1.068,3.005,2.4,0.554,7.799,0.35,0.0,0.6,5.18
1788648022.577,driving,1.507,3.328,-142.5,1,12,160,1.018,3.002,1.9,0.587,7.794,0.35,0.0,0.6,5.18
1788648022.631,driving,1.48,3.305,-142.4,1,12,160,1.018,3.002,1.4,0.553,7.776,0.35,0.0,0.6,5.12
1788648022.683,driving,1.47,3.298,-142.4,1,12,160,1.018,3.002,1.1,0.541,7.769,0.35,0.0,0.6,5.12
1788648022.729,driving,1.442,3.276,-142.4,3,32,160,0.033,3.053,0.3,1.426,7.749,0.35,0.0,1.5,5.06
1788648022.782,driving,1.434,3.27,-142.4,3,32,160,0.033,3.053,-0.4,1.417,7.744,0.35,0.0,1.5,5.06
1788648022.841,driving,1.413,3.228,-141.6,3,32,160,0.033,3.053,-1.9,1.39,7.737,0.35,0.0,1.5,5.06
1788648022.886,driving,1.409,3.2,-140.9,4,34,160,-0.061,3.084,-3.4,1.475,7.743,0.35,0.0,1.5,5.06
1788648022.943,driving,1.394,3.168,-140.3,4,34,160,-0.061,3.084,-4.7,1.457,7.74,0.35,0.0,1.5,5.01
1788648022.975,driving,1.379,3.156,-140.3,5,35,160,-0.109,3.1,-5.6,1.489,7.73,0.35,0.0,1.5,5.01
1788648023.028,driving,1.366,3.145,-140.2,5,35,160,-0.109,3.1,-6.4,1.476,7.722,0.35,0.0,1.5,4.98
1788648023.077,driving,1.344,3.127,-140.2,6,36,160,-0.156,3.116,-7.3,1.501,7.708,0.35,0.0,1.5,4.98
1788648023.132,driving,1.329,3.116,-140.3,6,36,160,-0.156,3.116,-8.0,1.485,7.697,0.35,0.0,1.5,4.95
1788648023.174,driving,1.309,3.107,-140.7,6,36,160,-0.156,3.116,-8.4,1.465,7.682,0.35,0.0,1.5,4.95
1788648023.227,driving,1.295,3.099,-140.9,7,37,160,-0.204,3.132,-9.0,1.5,7.672,0.35,0.0,1.5,4.92
1788648023.274,driving,1.271,3.079,-140.8,7,37,160,-0.204,3.132,-9.9,1.476,7.656,0.35,0.0,1.5,4.92
1788648023.325,driving,1.263,3.072,-140.8,8,38,160,-0.282,3.158,-10.7,1.547,7.65,0.35,0.0,1.5,4.84
1788648023.374,driving,1.243,3.056,-140.8,8,38,160,-0.282,3.158,-11.5,1.528,7.638,0.35,0.0,1.5,4.84
1788648023.435,driving,1.21,3.049,-140.9,9,38,160,-0.282,3.158,-12.1,1.496,7.61,0.35,0.0,1.5,4.78
1788648023.491,driving,1.175,3.059,-141.2,9,38,160,-0.282,3.158,-12.6,1.46,7.574,0.35,0.0,1.5,4.78
1788648023.527,driving,1.143,3.055,-141.4,9,38,160,-0.282,3.158,-13.2,1.429,7.545,0.35,0.0,1.5,4.74
1788648023.645,driving,1.122,3.038,-141.3,1,31,152,-0.382,3.258,-14.1,1.52,7.532,0.35,0.0,1.5,4.83
1788648023.673,driving,1.105,3.025,-141.3,1,31,152,-0.382,3.258,-14.9,1.505,7.521,0.35,0.0,1.5,4.83
1788648023.728,driving,1.077,3.0,-141.2,2,31,152,-0.382,3.258,-15.9,1.481,7.504,0.35,0.0,1.5,4.64
1788648023.782,turning,1.058,2.98,-140.9,3,32,152,-0.432,3.258,-17.0,1.516,7.494,0.0,-3.6,1.5,4.64
1788648023.826,turning,1.048,2.97,-140.8,3,32,152,-0.432,3.258,-17.9,1.508,7.489,0.0,-3.6,1.5,4.61
1788648023.895,turning,1.02,2.947,-140.8,4,33,152,-0.482,3.258,-18.7,1.534,7.472,0.0,-3.6,1.5,4.61
1788648023.934,turning,1.006,2.935,-140.8,4,33,152,-0.482,3.258,-19.6,1.522,7.463,0.0,-3.6,1.5,4.56
1788648023.975,turning,0.989,2.922,-140.8,4,33,152,-0.482,3.258,-20.4,1.509,7.453,0.0,-3.6,1.5,4.56
1788648024.033,turning,0.972,2.909,-141.0,5,34,152,-0.532,3.258,-20.9,1.544,7.442,0.0,-3.6,1.5,4.63
1788648024.089,turning,0.967,2.908,-142.1,5,34,152,-0.532,3.258,-20.6,1.539,7.438,0.0,-3.6,1.5,4.63
1788648024.129,turning,0.965,2.906,-143.2,5,34,152,-0.532,3.258,-20.3,1.537,7.436,0.0,-3.6,1.5,4.45
1788648024.181,turning,0.963,2.905,-145.4,5,34,152,-0.532,3.258,-18.8,1.536,7.435,0.0,-3.6,1.5,4.45
1788648024.223,turning,0.963,2.905,-147.0,5,34,152,-0.532,3.258,-17.9,1.536,7.435,0.0,-3.6,1.5,4.55
1788648024.284,turning,0.962,2.905,-149.9,5,34,152,-0.532,3.258,-15.7,1.535,7.435,0.0,-3.6,1.5,4.55
1788648024.334,driving,0.968,2.909,-151.8,5,34,152,-0.532,3.258,-14.5,1.54,7.438,0.35,0.0,1.5,4.42
1788648024.393,driving,0.979,2.919,-154.4,5,34,152,-0.532,3.258,-12.5,1.549,7.445,0.35,0.0,1.5,4.42
1788648024.438,driving,0.982,2.921,-156.8,5,34,152,-0.532,3.258,-10.7,1.551,7.446,0.35,0.0,1.5,4.42
1788648024.479,driving,0.982,2.921,-158.7,5,34,152,-0.532,3.258,-9.5,1.551,7.446,0.35,0.0,1.5,4.42
1788648024.528,driving,0.98,2.92,-162.1,5,34,152,-0.532,3.258,-6.7,1.549,7.445,0.35,0.0,1.5,4.42
1788648024.58,driving,0.978,2.919,-163.2,5,34,152,-0.532,3.258,-6.2,1.548,7.443,0.35,0.0,1.5,4.42
1788648024.634,driving,0.961,2.915,-165.8,5,34,152,-0.532,3.258,-4.2,1.532,7.429,0.35,0.0,1.5,4.44
1788648024.737,driving,0.943,2.91,-166.1,0,30,147,-0.502,3.224,-4.5,1.479,7.415,0.35,0.0,1.5,6.05
1788648024.776,driving,0.928,2.911,-165.8,1,31,147,-0.551,3.237,-5.3,1.514,7.401,0.35,0.0,1.5,6.05
1788648024.825,driving,0.9,2.91,-165.2,1,31,147,-0.551,3.237,-6.4,1.487,7.375,0.35,0.0,1.5,6.02
1788648024.873,driving,0.882,2.905,-165.2,2,32,147,-0.599,3.251,-6.9,1.52,7.361,0.35,0.0,1.5,6.02
1788648024.93,driving,0.859,2.899,-164.8,2,32,147,-0.599,3.251,-7.8,1.5,7.342,0.35,0.0,1.5,5.99
1788648024.976,driving,0.844,2.894,-164.3,2,32,147,-0.599,3.251,-8.8,1.486,7.33,0.35,0.0,1.5,5.99
1788648025.029,driving,0.823,2.887,-164.1,3,33,147,-0.647,3.264,-9.6,1.517,7.313,0.35,0.0,1.5,5.96
1788648025.074,driving,0.805,2.882,-164.1,3,33,147,-0.647,3.264,-10.1,1.501,7.299,0.35,0.0,1.5,5.96
1788648025.126,driving,0.782,2.876,-164.1,4,34,147,-0.695,3.278,-10.7,1.531,7.281,0.35,0.0,1.5,5.92
1788648025.185,driving,0.752,2.867,-164.1,4,34,147,-0.695,3.278,-11.2,1.504,7.257,0.35,0.0,1.5,5.92
1788648025.25,driving,0.735,2.862,-164.1,4,34,147,-0.695,3.278,-11.7,1.489,7.243,0.35,0.0,1.5,5.87
1788648025.28,driving,0.717,2.857,-164.1,5,35,147,-0.743,3.291,-12.2,1.523,7.229,0.35,0.0,1.5,5.87
1788648025.326,driving,0.687,2.85,-164.2,5,35,147,-0.743,3.291,-12.6,1.496,7.204,0.35,0.0,1.5,5.82
1788648025.386,driving,0.655,2.843,-164.4,6,36,147,-0.791,3.305,-12.9,1.518,7.178,0.35,0.0,1.5,5.79
1788648025.428,driving,0.644,2.84,-164.5,6,36,147,-0.791,3.305,-13.3,1.509,7.169,0.35,0.0,1.5,5.79
1788648025.483,driving,0.619,2.833,-164.5,7,37,147,-0.839,3.318,-13.9,1.537,7.149,0.35,0.0,1.5,5.79
1788648025.537,driving,0.589,2.825,-164.5,7,37,147,-0.839,3.318,-14.4,1.511,7.126,0.35,0.0,1.5,5.74
1788648025.576,driving,0.573,2.82,-164.4,8,38,147,-0.888,3.332,-14.9,1.547,7.113,0.35,0.0,1.5,5.74
1788648025.634,driving,0.546,2.812,-164.2,8,38,147,-0.888,3.332,-15.7,1.525,7.092,0.35,0.0,1.5,5.7
1788648025.686,turning,0.531,2.807,-163.9,8,38,147,-0.888,3.332,-16.5,1.513,7.081,0.0,-3.6,1.5,5.7
1788648025.769,turning,0.498,2.796,-163.6,0,30,140,-0.906,3.32,-17.2,1.498,7.056,0.0,-3.6,1.5,5.65
1788648025.775,turning,0.498,2.796,-163.6,0,30,140,-0.906,3.32,-17.7,1.498,7.056,0.0,-3.6,1.5,5.65
1788648025.826,turning,0.469,2.787,-163.6,1,31,140,-0.982,3.358,-18.2,1.559,7.033,0.0,-3.6,1.5,5.62
1788648025.875,turning,0.444,2.78,-163.6,1,31,140,-0.982,3.358,-18.7,1.539,7.013,0.0,-3.6,1.5,5.62
1788648025.923,turning,0.422,2.775,-163.7,2,31,140,-0.982,3.358,-19.2,1.521,6.996,0.0,-3.6,1.5,5.57
1788648025.973,turning,0.415,2.774,-163.7,2,31,140,-0.982,3.358,-19.6,1.514,6.99,0.0,-3.6,1.5,5.57
1788648026.025,turning,0.407,2.774,-165.2,2,31,140,-0.982,3.358,-18.6,1.507,6.983,0.0,-3.6,1.5,5.53
1788648026.074,turning,0.405,2.773,-166.5,2,31,140,-0.982,3.358,-17.8,1.505,6.981,0.0,-3.6,1.5,5.53
1788648026.124,turning,0.403,2.773,-168.0,2,31,140,-0.982,3.358,-16.8,1.504,6.98,0.0,-3.6,1.5,5.48
1788648026.176,turning,0.402,2.773,-169.9,2,31,140,-0.982,3.358,-15.3,1.503,6.979,0.0,-3.6,1.5,5.48
1788648026.233,turning,0.404,2.77,-172.0,2,31,140,-0.982,3.358,-13.6,1.506,6.982,0.0,-3.6,1.5,5.47
1788648026.287,driving,0.411,2.765,-174.2,2,31,140,-0.982,3.358,-11.9,1.514,6.99,0.35,0.0,1.5,5.47
1788648026.324,driving,0.413,2.762,-176.6,2,31,140,-0.982,3.358,-9.8,1.517,6.993,0.35,0.0,1.5,5.45
1788648026.375,driving,0.414,2.762,-178.6,2,31,140,-0.982,3.358,-8.3,1.518,6.994,0.35,0.0,1.5,5.45
1788648026.425,driving,0.415,2.762,179.3,2,31,140,-0.982,3.358,-6.6,1.519,6.995,0.35,0.0,1.5,5.43
1788648026.474,driving,0.416,2.762,176.1,2,31,140,-0.982,3.358,-3.8,1.52,6.996,0.35,0.0,1.5,5.43
1788648026.529,driving,0.414,2.762,174.6,2,31,140,-0.982,3.358,-2.7,1.518,6.994,0.35,0.0,1.5,5.42
1788648026.574,driving,0.409,2.763,172.6,2,31,140,-0.982,3.358,-1.0,1.513,6.989,0.35,0.0,1.5,5.42
1788648026.625,driving,0.388,2.765,172.0,2,31,140,-0.982,3.358,-0.8,1.493,6.97,0.35,0.0,1.5,5.42
1788648026.678,driving,0.357,2.763,173.0,3,32,140,-1.017,3.393,-2.2,1.512,6.943,0.35,0.0,1.5,5.42
1788648026.723,driving,0.339,2.764,173.2,3,32,140,-1.017,3.393,-2.8,1.495,6.926,0.35,0.0,1.5,5.4
1788648026.823,driving,0.315,2.767,173.2,0,30,138,-1.042,3.438,-3.2,1.514,6.903,0.35,0.0,1.5,5.39
1788648026.83,driving,0.306,2.768,173.7,0,30,138,-1.042,3.438,-4.1,1.505,6.894,0.35,0.0,1.5,5.39
1788648026.878,driving,0.292,2.767,174.6,1,31,138,-1.087,3.46,-5.4,1.543,6.882,0.35,0.0,1.5,5.39
1788648026.924,driving,0.275,2.768,175.0,1,31,138,-1.087,3.46,-6.3,1.528,6.866,0.35,0.0,1.5,5.34
1788648026.973,driving,0.255,2.769,175.1,1,31,138,-1.087,3.46,-6.7,1.51,6.848,0.35,0.0,1.5,5.34
1788648027.026,driving,0.23,2.769,175.4,2,32,138,-1.132,3.483,-7.3,1.537,6.826,0.35,0.0,1.5,5.31
1788648027.076,driving,0.194,2.763,176.1,2,32,138,-1.132,3.483,-8.5,1.509,6.797,0.35,0.0,1.5,5.31
1788648027.124,driving,0.176,2.763,176.2,3,33,138,-1.182,3.508,-9.0,1.549,6.78,0.35,0.0,1.5,5.25
1788648027.177,driving,0.155,2.765,176.2,3,33,138,-1.182,3.508,-9.4,1.53,6.761,0.35,0.0,1.5,5.25
1788648027.224,driving,0.135,2.766,176.3,3,33,138,-1.182,3.508,-9.9,1.512,6.742,0.35,0.0,1.5,5.2
1788648027.273,driving,0.106,2.768,176.3,4,34,138,-1.212,3.548,-10.4,1.532,6.716,0.35,0.0,1.5,5.2
1788648027.325,driving,0.084,2.769,176.4,4,34,138,-1.212,3.548,-10.8,1.512,6.696,0.35,0.0,1.5,5.17
1788648027.375,driving,0.064,2.77,176.4,5,35,138,-1.242,3.588,-11.2,1.541,6.677,0.35,0.0,1.5,5.17
1788648027.427,driving,0.037,2.773,176.5,5,35,138,-1.242,3.588,-11.8,1.517,6.652,0.35,0.0,1.5,5.12
1788648027.477,driving,0.008,2.778,176.7,6,36,138,-1.272,3.628,-12.5,1.537,6.624,0.35,0.0,1.5,5.12
1788648027.526,driving,-0.01,2.779,176.7,6,36,138,-1.272,3.628,-12.9,1.521,6.608,0.35,0.0,1.5,5.06
1788648027.578,driving,-0.028,2.78,176.7,6,36,138,-1.272,3.628,-13.4,1.506,6.591,0.35,0.0,1.5,5.06
1788648027.623,driving,-0.056,2.781,176.8,7,37,138,-1.302,3.668,-13.9,1.529,6.566,0.35,0.0,1.5,5.01
1788648027.674,driving,-0.075,2.783,176.8,7,37,138,-1.302,3.668,-14.4,1.513,6.548,0.35,0.0,1.5,5.01
1788648027.725,driving,-0.094,2.783,176.8,8,38,138,-1.332,3.708,-14.9,1.545,6.53,0.35,0.0,1.5,2.19
1788648027.777,driving,-0.134,2.782,176.7,8,38,138,-1.332,3.708,-15.3,1.515,6.496,0.35,0.0,1.5,2.19
1788648027.853,driving,-0.164,2.783,176.7,1,27,125,-1.354,3.753,-15.8,1.535,6.469,0.35,0.0,1.5,2.14
1788648027.874,turning,-0.185,2.784,176.8,1,27,125,-1.354,3.753,-16.3,1.519,6.45,0.0,-3.6,1.5,2.14
1788648027.925,turning,-0.2,2.785,176.8,1,27,125,-1.354,3.753,-16.9,1.507,6.436,0.0,-3.6,1.5,2.11
1788648027.975,turning,-0.228,2.786,176.8,2,28,125,-1.377,3.797,-17.4,1.531,6.411,0.0,-3.6,1.5,2.11
1788648028.025,turning,-0.251,2.79,176.7,2,28,125,-1.377,3.797,-17.8,1.51,6.388,0.0,-3.6,1.5,2.06
1788648028.074,turning,-0.27,2.796,176.5,3,29,125,-1.399,3.842,-18.1,1.54,6.37,0.0,-3.6,1.5,2.06
1788648028.126,turning,-0.281,2.798,176.3,3,29,125,-1.399,3.842,-18.5,1.53,6.359,0.0,-3.6,1.5,2.02
1788648028.181,turning,-0.303,2.799,175.8,3,29,125,-1.399,3.842,-18.5,1.513,6.338,0.0,-3.6,1.5,2.02
1788648028.227,turning,-0.313,2.8,174.8,4,30,125,-1.432,3.908,-18.1,1.575,6.33,0.0,-3.6,1.5,1.97
1788648028.273,turning,-0.32,2.801,173.4,4,30,125,-1.432,3.908,-17.2,1.569,6.323,0.0,-3.6,1.5,1.97
1788648028.334,turning,-0.319,2.801,171.0,4,30,125,-1.432,3.908,-15.3,1.57,6.324,0.0,-3.6,1.5,1.94
1788648028.373,turning,-0.312,2.801,168.9,4,30,125,-1.432,3.908,-13.7,1.575,6.33,0.0,-3.6,1.5,1.94
1788648028.423,turning,-0.307,2.8,167.1,4,30,125,-1.432,3.908,-12.4,1.579,6.334,0.0,-3.6,1.5,1.91
1788648028.474,driving,-0.307,2.8,165.2,4,30,125,-1.432,3.908,-11.0,1.579,6.335,0.35,0.0,1.5,1.91
1788648028.523,driving,-0.305,2.8,162.5,3,29,125,-1.399,3.842,-8.7,1.511,6.336,0.35,0.0,1.5,1.89
1788648028.577,driving,-0.304,2.8,159.9,3,29,125,-1.399,3.842,-6.5,1.512,6.338,0.35,0.0,1.5,1.89
1788648028.623,driving,-0.303,2.799,158.0,3,29,125,-1.399,3.842,-5.1,1.513,6.339,0.35,0.0,1.5,1.88
1788648028.677,driving,-0.302,2.799,155.5,3,29,125,-1.399,3.842,-3.0,1.514,6.34,0.35,0.0,1.5,1.88
1788648028.725,driving,-0.302,2.798,154.4,3,29,125,-1.399,3.842,-2.3,1.515,6.34,0.35,0.0,1.5,1.86
1788648028.775,driving,-0.309,2.796,154.6,4,30,125,-1.432,3.908,-2.9,1.581,6.335,0.35,0.0,1.5,1.86
1788648028.828,driving,-0.317,2.797,155.2,4,30,125,-1.432,3.908,-3.8,1.574,6.327,0.35,0.0,1.5,1.86
1788648028.875,driving,-0.336,2.806,155.2,0,28,124,-1.427,3.847,-4.3,1.508,6.306,0.35,0.0,1.5,1.86
1788648028.923,driving,-0.364,2.808,155.5,1,29,124,-1.449,3.892,-5.0,1.533,6.28,0.35,0.0,1.5,1.85
1788648028.974,driving,-0.383,2.807,155.8,1,29,124,-1.449,3.892,-5.7,1.521,6.264,0.35,0.0,1.5,1.85
1788648029.024,driving,-0.411,2.812,156.1,1,29,124,-1.449,3.892,-6.4,1.498,6.237,0.35,0.0,1.5,1.81
1788648029.074,driving,-0.428,2.819,156.1,2,30,124,-1.482,3.958,-6.8,1.551,6.219,0.35,0.0,1.5,1.81
1788648029.126,driving,-0.45,2.825,156.2,2,30,124,-1.482,3.958,-7.3,1.532,6.197,0.35,0.0,1.5,1.78
1788648029.173,driving,-0.488,2.831,156.5,3,31,124,-1.482,4.008,-8.0,1.541,6.161,0.35,0.0,1.5,1.78
1788648029.228,driving,-0.513,2.835,156.6,3,31,124,-1.482,4.008,-8.6,1.521,6.137,0.35,0.0,1.5,1.74
1788648029.275,driving,-0.538,2.846,156.6,4,32,124,-1.482,4.058,-9.1,1.536,6.11,0.35,0.0,1.5,1.74
1788648029.345,driving,-0.562,2.856,156.6,4,32,124,-1.482,4.058,-9.6,1.513,6.084,0.35,0.0,1.5,1.71
1788648029.379,driving,-0.579,2.864,156.6,5,33,124,-1.482,4.108,-10.1,1.538,6.066,0.35,0.0,1.5,1.71
1788648029.428,driving,-0.596,2.871,156.6,5,33,124,-1.482,4.108,-10.6,1.522,6.047,0.35,0.0,1.5,1.66
1788648029.476,driving,-0.625,2.883,156.6,6,34,124,-1.482,4.158,-11.2,1.536,6.016,0.35,0.0,1.5,1.66
1788648029.524,driving,-0.642,2.889,156.7,6,34,124,-1.482,4.158,-11.8,1.522,5.999,0.35,0.0,1.5,1.61
1788648029.573,driving,-0.678,2.893,157.2,7,35,124,-1.532,4.208,-12.9,1.568,5.964,0.35,0.0,1.5,1.61
1788648029.627,driving,-0.705,2.9,157.4,7,35,124,-1.532,4.208,-13.6,1.547,5.938,0.35,0.0,1.5,1.57
1788648029.674,driving,-0.721,2.907,157.4,7,35,124,-1.532,4.208,-14.2,1.533,5.921,0.35,0.0,1.5,1.57
1788648029.732,driving,-0.748,2.918,157.4,7,35,124,-1.532,4.208,-14.7,1.509,5.891,0.35,0.0,1.5,1.5
1788648029.778,driving,-0.763,2.924,157.4,8,35,124,-1.532,4.208,-15.3,1.496,5.875,0.35,0.0,1.5,1.5
1788648029.826,driving,-0.782,2.933,157.3,8,35,124,-1.532,4.208,-15.7,1.48,5.855,0.35,0.0,1.5,1.46
1788648029.964,driving,-0.847,2.966,156.3,1,29,120,-1.432,4.358,-15.4,1.51,5.782,0.35,0.0,1.5,1.41
1788648029.98,turning,-0.856,2.97,156.3,1,29,120,-1.432,4.358,-16.1,1.503,5.772,0.0,-3.6,1.5,1.41
1788648030.031,turning,-0.881,2.981,156.3,1,29,120,-1.432,4.358,-16.8,1.483,5.745,0.0,-3.6,1.5,1.36
1788648030.075,turning,-0.897,2.988,156.3,2,30,120,-1.482,4.408,-17.4,1.535,5.727,0.0,-3.6,1.5,1.36
1788648030.123,turning,-0.919,2.997,156.1,2,30,120,-1.482,4.408,-17.9,1.519,5.704,0.0,-3.6,1.5,1.32
1788648030.175,turning,-0.963,3.014,155.2,3,31,120,-1.532,4.458,-17.7,1.552,5.657,0.0,-3.6,1.5,1.32
1788648030.225,turning,-0.983,3.022,154.8,3,31,120,-1.532,4.458,-18.0,1.537,5.636,0.0,-3.6,1.5,1.27
1788648030.274,turning,-0.997,3.029,154.0,3,31,120,-1.532,4.458,-17.7,1.526,5.62,0.0,-3.6,1.5,1.27
1788648030.326,turning,-1.002,3.031,152.4,3,31,120,-1.532,4.458,-16.8,1.522,5.615,0.0,-3.6,1.5,1.22
1788648030.378,turning,-1.005,3.033,150.7,3,31,120,-1.532,4.458,-15.8,1.519,5.612,0.0,-3.6,1.5,1.22
1788648030.423,turning,-1.009,3.035,148.2,3,31,120,-1.532,4.458,-13.9,1.516,5.607,0.0,-3.6,1.5,1.18
1788648030.483,driving,-1.016,3.039,144.9,3,31,120,-1.532,4.458,-11.1,1.51,5.599,0.346,0.0,1.5,1.18
1788648030.524,driving,-1.02,3.042,140.8,3,31,120,-1.532,4.458,-7.7,1.506,5.593,0.342,0.0,1.5,1.15
1788648030.581,driving,-1.021,3.043,138.4,3,31,120,-1.532,4.458,-5.8,1.505,5.592,0.342,0.0,1.5,1.15
1788648030.624,driving,-1.022,3.043,134.3,3,31,120,-1.532,4.458,-2.3,1.504,5.591,0.342,0.0,1.5,1.15
1788648030.682,driving,-1.023,3.044,131.6,3,31,120,-1.532,4.458,-0.2,1.503,5.59,0.342,0.0,1.5,1.15
1788648030.725,driving,-1.028,3.049,129.2,4,31,120,-1.532,4.458,1.8,1.497,5.583,0.342,0.0,1.5,1.15
1788648030.779,driving,-1.045,3.062,126.7,4,31,120,-1.532,4.458,3.7,1.479,5.562,0.339,0.0,1.5,1.13
1788648030.827,driving,-1.061,3.079,126.1,4,31,120,-1.532,4.458,3.8,1.458,5.54,0.339,0.0,1.5,1.13
1788648030.879,driving,-1.069,3.09,126.1,5,32,120,-1.582,4.458,3.3,1.461,5.528,0.339,0.0,1.5,1.13
1788648030.956,driving,-1.102,3.119,126.0,0,27,111,-1.732,4.458,3.1,1.48,5.484,0.335,0.0,1.5,1.1
1788648030.975,driving,-1.115,3.129,125.9,1,28,111,-1.782,4.508,2.8,1.531,5.468,0.335,0.0,1.5,1.1
1788648031.028,driving,-1.145,3.152,126.3,1,28,111,-1.782,4.508,2.1,1.498,5.431,0.33,0.0,1.5,1.07
1788648031.073,driving,-1.163,3.165,126.7,2,28,111,-1.782,4.508,1.3,1.479,5.409,0.33,0.0,1.5,1.07
1788648031.124,driving,-1.187,3.183,127.3,2,28,111,-1.782,4.508,0.4,1.453,5.379,0.323,0.0,1.5,1.02
1788648031.176,driving,-1.2,3.194,127.6,3,29,111,-1.832,4.558,-0.3,1.503,5.362,0.323,0.0,1.5,1.02
1788648031.225,driving,-1.218,3.213,127.9,3,29,111,-1.832,4.558,-0.8,1.478,5.337,0.316,0.0,1.5,0.98
1788648031.276,driving,-1.229,3.227,128.0,3,29,111,-1.832,4.558,-1.2,1.461,5.321,0.316,0.0,1.5,0.98
1788648031.336,driving,-1.245,3.247,128.0,4,30,111,-1.882,4.608,-1.6,1.502,5.297,0.311,0.0,1.5,0.94
1788648031.377,driving,-1.256,3.262,128.1,4,30,111,-1.882,4.608,-1.9,1.485,5.28,0.311,0.0,1.5,0.94
1788648031.423,driving,-1.266,3.275,128.1,5,30,111,-1.882,4.608,-2.3,1.469,5.265,0.304,0.0,1.5,0.9
1788648031.474,driving,-1.281,3.293,128.2,5,30,111,-1.882,4.608,-2.6,1.445,5.243,0.304,0.0,1.5,0.9
1788648031.531,driving,-1.301,3.313,128.0,5,30,111,-1.882,4.608,-2.6,1.419,5.216,0.299,0.0,1.5,0.87
1788648031.577,driving,-1.314,3.323,127.7,6,32,111,-1.982,4.708,-2.6,1.537,5.2,0.299,0.0,1.5,0.87
1788648031.624,driving,-1.334,3.346,127.5,6,32,111,-1.982,4.708,-2.7,1.508,5.171,0.294,0.0,1.5,0.83
1788648031.674,driving,-1.345,3.36,127.6,6,32,111,-1.982,4.708,-2.9,1.491,5.156,0.294,0.0,1.5,0.83
1788648031.729,driving,-1.361,3.381,127.6,6,32,111,-1.982,4.708,-3.2,1.465,5.131,0.287,0.0,1.5,0.79
1788648031.779,driving,-1.371,3.394,127.6,7,32,111,-1.982,4.708,-3.4,1.45,5.117,0.287,0.0,1.5,0.79
1788648031.829,driving,-1.386,3.413,127.0,7,32,111,-1.982,4.708,-3.1,1.426,5.094,0.282,0.0,1.5,0.76
1788648031.876,driving,-1.397,3.425,126.3,8,33,111,-2.032,4.758,-2.6,1.476,5.079,0.282,0.0,1.5,0.76
1788648031.927,driving,-1.412,3.445,125.8,8,33,111,-2.032,4.758,-2.3,1.452,5.056,0.278,0.0,1.5,0.73
1788648031.987,driving,-1.419,3.455,125.9,0,12,104,-1.432,4.058,-4.3,0.603,5.045,0.278,0.0,0.6,0.73
1788648032.027,driving,-1.431,3.472,125.8,0,12,104,-1.432,4.058,-6.2,0.586,5.026,0.273,0.0,0.6,0.69
1788648032.073,driving,-1.435,3.476,125.8,0,12,104,-1.432,4.058,-8.0,0.582,5.022,0.273,0.0,0.6,0.69
1788648032.125,driving,-1.45,3.495,125.7,0,12,104,-1.432,4.058,-9.7,0.563,4.999,0.27,0.0,0.6,0.68
1788648032.177,driving,-1.472,3.516,125.1,0,12,104,-1.432,4.058,-10.9,0.544,4.97,0.27,0.0,0.6,0.68
1788648032.226,driving,-1.482,3.526,124.9,0,12,104,-1.432,4.058,-12.5,0.535,4.957,0.266,0.0,0.6,0.65
1788648032.273,driving,-1.488,3.535,124.9,0,12,104,-1.432,4.058,-14.2,0.526,4.947,0.266,0.0,0.6,0.65
1788648032.323,driving,-1.505,3.559,124.9,0,12,104,-1.432,4.058,-16.0,0.504,4.921,0.35,0.0,0.6,5.68
1788648032.377,turning,-1.511,3.568,124.9,0,12,104,-1.432,4.058,-17.7,0.497,4.911,0.0,-3.6,0.6,5.68
1788648032.426,turning,-1.525,3.584,124.8,0,12,104,-1.432,4.058,-19.3,0.483,4.891,0.0,-3.6,0.6,5.79
1788648032.474,turning,-1.535,3.594,124.7,0,12,104,-1.432,4.058,-20.9,0.476,4.879,0.0,-3.6,0.6,5.79
1788648032.525,turning,-1.547,3.608,124.7,0,12,104,-1.432,4.058,-22.6,0.465,4.862,0.0,-3.6,0.6,5.59
1788648032.58,turning,-1.559,3.625,124.6,0,12,104,-1.432,4.058,-24.3,0.451,4.843,0.0,-3.6,0.6,5.59
1788648032.624,turning,-1.565,3.634,124.5,0,12,104,-1.432,4.058,-25.8,0.444,4.833,0.0,-3.6,0.6,5.7
1788648032.674,turning,-1.569,3.64,124.2,0,12,104,-1.432,4.058,-27.1,0.44,4.828,0.0,-3.6,0.6,5.7
1788648032.727,turning,-1.57,3.641,122.9,0,12,104,-1.432,4.058,-27.4,0.439,4.826,0.0,-3.6,0.6,2.28
1788648032.774,turning,-1.57,3.642,121.3,0,12,104,-1.432,4.058,-27.2,0.439,4.826,0.0,-3.6,0.6,2.28
1788648032.825,turning,-1.569,3.64,119.5,0,12,104,-1.432,4.058,-26.8,0.44,4.827,0.0,-3.6,0.6,2.25
1788648032.876,turning,-1.567,3.634,117.6,0,12,104,-1.432,4.058,-26.1,0.445,4.832,0.0,-3.6,0.6,2.25
1788648032.925,turning,-1.565,3.63,115.4,0,12,104,-1.432,4.058,-25.0,0.448,4.835,0.0,-3.6,0.6,2.28
1788648032.975,turning,-1.565,3.629,113.8,0,12,104,-1.432,4.058,-24.5,0.449,4.836,0.0,-3.6,0.6,2.28
1788648033.027,driving,-1.564,3.628,112.3,0,12,102,-1.532,4.208,-23.1,0.581,4.837,0.35,0.0,0.6,2.37
1788648033.075,turning,-1.563,3.625,110.1,0,12,102,-1.532,4.208,-21.0,0.584,4.839,0.0,-3.6,0.6,2.37
1788648033.125,turning,-1.562,3.623,107.6,0,12,102,-1.532,4.208,-18.7,0.586,4.841,0.0,-3.6,0.6,2.34
1788648033.176,turning,-1.562,3.621,106.1,0,12,102,-1.532,4.208,-17.3,0.588,4.842,0.0,-3.6,0.6,2.34
1788648033.223,turning,-1.561,3.618,103.8,0,12,102,-1.532,4.208,-15.1,0.591,4.845,0.0,-3.6,0.6,5.45
1788648033.275,turning,-1.562,3.623,103.1,0,12,102,-1.532,4.208,-14.5,0.586,4.841,0.0,-3.6,0.6,5.45
1788648033.324,turning,-1.565,3.629,102.8,0,12,102,-1.532,4.208,-14.3,0.58,4.835,0.0,-3.6,0.6,5.45
1788648033.374,turning,-1.576,3.631,102.8,0,12,102,-1.532,4.208,-14.5,0.579,4.825,0.0,-3.6,0.6,5.45
1788648033.435,turning,-1.579,3.629,101.8,0,12,102,-1.532,4.208,-13.7,0.581,4.823,0.0,-3.6,0.6,5.43
1788648033.475,turning,-1.579,3.627,100.7,0,12,102,-1.532,4.208,-12.8,0.583,4.824,0.0,-3.6,0.6,5.43
1788648033.526,turning,-1.577,3.626,99.7,0,12,102,-1.532,4.208,-11.9,0.584,4.826,0.0,-3.6,0.6,5.43
1788648033.573,turning,-1.572,3.631,98.2,0,12,102,-1.532,4.208,-10.5,0.578,4.829,0.0,-3.6,0.6,5.43
1788648033.626,turning,-1.569,3.632,96.8,0,12,102,-1.532,4.208,-9.2,0.577,4.831,0.0,-3.6,0.6,5.43
1788648033.675,turning,-1.568,3.63,95.0,0,12,102,-1.532,4.208,-7.4,0.579,4.832,0.0,-3.6,0.6,5.43
1788648033.723,driving,-1.571,3.63,93.1,0,12,102,-1.532,4.208,-5.6,0.579,4.83,0.35,0.0,0.6,5.43
1788648033.778,driving,-1.577,3.633,90.8,0,12,102,-1.532,4.208,-3.4,0.577,4.823,0.35,0.0,0.6,5.43
1788648033.828,driving,-1.58,3.632,89.2,0,12,102,-1.532,4.208,-1.9,0.578,4.821,0.35,0.0,0.6,5.42
1788648033.873,driving,-1.58,3.629,87.0,0,12,102,-1.532,4.208,0.1,0.581,4.822,0.35,0.0,0.6,5.42
1788648033.927,driving,-1.58,3.629,84.6,0,12,102,-1.532,4.208,2.4,0.581,4.822,0.35,0.0,0.6,5.43
1788648033.974,driving,-1.58,3.631,82.9,0,12,102,-1.532,4.208,4.0,0.579,4.822,0.35,0.0,0.6,5.43
1788648034.029,driving,-1.585,3.649,81.7,0,12,102,-1.532,4.208,5.1,0.561,4.809,0.35,0.0,0.6,5.42
1788648034.112,driving,-1.59,3.672,81.4,0,11,100,-1.532,4.208,5.2,0.539,4.794,0.35,0.0,0.6,5.39
1788648034.136,driving,-1.593,3.694,81.3,0,11,100,-1.532,4.208,5.1,0.517,4.782,0.35,0.0,0.6,5.39
1788648034.186,driving,-1.589,3.719,81.3,1,13,100,-1.582,4.308,5.2,0.589,4.774,0.35,0.0,0.6,5.39
1788648034.225,driving,-1.591,3.74,81.5,1,13,100,-1.582,4.308,5.2,0.568,4.763,0.35,0.0,0.6,5.37
1788648034.273,driving,-1.595,3.765,81.8,1,13,100,-1.582,4.308,5.0,0.544,4.749,0.35,0.0,0.6,5.37
1788648034.333,driving,-1.595,3.795,82.0,1,13,100,-1.582,4.308,4.9,0.513,4.736,0.35,0.0,0.6,5.31
1788648034.375,driving,-1.593,3.812,82.0,3,14,100,-1.632,4.358,5.3,0.547,4.731,0.35,0.0,0.6,5.31
1788648034.426,driving,-1.571,3.849,82.5,4,15,100,-1.682,4.408,5.7,0.57,4.735,0.35,0.0,0.6,5.29
1788648034.475,driving,-1.545,3.881,83.1,4,15,100,-1.682,4.408,6.0,0.544,4.746,0.35,0.0,0.6,5.29
1788648034.527,driving,-1.528,3.91,83.5,5,16,100,-1.732,4.458,7.0,0.585,4.75,0.35,0.0,0.6,5.22
1788648034.583,driving,-1.526,3.932,83.5,5,16,100,-1.732,4.458,8.2,0.565,4.743,0.35,0.0,0.6,5.17
1788648034.623,driving,-1.522,3.959,83.6,6,31,100,-2.482,5.008,9.2,1.421,4.735,0.35,0.0,1.5,5.17
1788648034.674,driving,-1.521,3.977,83.6,6,31,100,-2.482,5.008,10.1,1.41,4.73,0.35,0.0,1.5,5.17
1788648034.724,driving,-1.517,4.004,83.7,7,31,100,-2.482,5.008,11.0,1.392,4.723,0.35,0.0,1.5,5.11
1788648034.776,driving,-1.515,4.023,83.8,7,31,100,-2.482,5.008,11.9,1.38,4.717,0.35,0.0,1.5,5.11
1788648034.825,driving,-1.513,4.042,83.8,8,32,100,-2.532,5.058,12.9,1.439,4.712,0.35,0.0,1.5,5.06
1788648034.877,driving,-1.51,4.072,83.5,8,32,100,-2.532,5.058,14.2,1.42,4.704,0.35,0.0,1.5,5.06
1788648034.924,driving,-1.507,4.094,83.4,9,33,100,-2.582,5.108,15.2,1.478,4.699,0.35,0.0,1.5,5.01
1788648034.976,turning,-1.505,4.115,83.5,9,33,100,-2.582,5.108,16.1,1.465,4.693,0.0,3.6,1.5,5.01
1788648035.025,turning,-1.502,4.135,83.5,10,34,100,-2.632,5.158,17.0,1.524,4.688,0.0,3.6,1.5,1.63
1788648035.079,turning,-1.499,4.166,83.5,10,34,100,-2.632,5.158,18.0,1.506,4.68,0.0,3.6,1.5,1.63
1788648035.152,turning,-1.505,4.202,84.1,1,28,93,-2.682,5.208,18.3,1.549,4.663,0.0,3.6,1.5,4.92
1788648035.176,turning,-1.508,4.213,84.4,1,28,93,-2.682,5.208,19.0,1.539,4.656,0.0,3.6,1.5,4.92
1788648035.224,turning,-1.512,4.231,84.8,1,28,93,-2.682,5.208,19.4,1.525,4.646,0.0,3.6,1.5,1.72
1788648035.274,turning,-1.51,4.252,85.4,2,29,93,-2.732,5.258,19.7,1.583,4.641,0.0,3.6,1.5,1.72
1788648035.328,turning,-1.509,4.26,86.9,2,29,93,-2.732,5.258,19.1,1.578,4.639,0.0,3.6,1.5,1.71
1788648035.373,turning,-1.509,4.263,88.3,2,29,93,-2.732,5.258,18.5,1.577,4.638,0.0,3.6,1.5,1.71
1788648035.426,turning,-1.509,4.269,90.0,2,29,93,-2.732,5.258,17.7,1.573,4.636,0.0,3.6,1.5,1.69
1788648035.474,turning,-1.507,4.285,91.9,2,29,93,-2.732,5.258,16.7,1.564,4.632,0.0,3.6,1.5,1.69
1788648035.528,driving,-1.507,4.295,93.7,2,29,93,-2.732,5.258,15.7,1.558,4.629,0.35,0.0,1.5,1.42
1788648035.577,driving,-1.507,4.299,95.5,2,29,93,-2.732,5.258,14.7,1.556,4.628,0.35,0.0,1.5,1.42
1788648035.627,driving,-1.507,4.301,96.1,2,29,93,-2.732,5.258,14.8,1.555,4.627,0.35,0.0,1.5,4.8
1788648035.679,driving,-1.508,4.305,98.1,2,29,93,-2.732,5.258,13.6,1.551,4.625,0.35,0.0,1.5,4.8
1788648035.728,driving,-1.508,4.31,99.6,2,29,93,-2.732,5.258,12.9,1.548,4.623,0.35,0.0,1.5,1.38
1788648035.774,driving,-1.509,4.314,100.0,2,29,93,-2.732,5.258,13.2,1.545,4.621,0.35,0.0,1.5,1.38
1788648035.832,driving,-1.518,4.338,99.8,3,30,93,-2.782,5.308,14.1,1.593,4.605,0.35,0.0,1.5,5.01
1788648035.878,driving,-1.532,4.364,99.5,3,30,93,-2.782,5.308,15.1,1.567,4.584,0.35,0.0,1.5,5.01
1788648035.932,driving,-1.536,4.381,99.5,3,30,93,-2.782,5.308,15.9,1.553,4.574,0.35,0.0,1.5,1.5
1788648035.981,turning,-1.539,4.398,99.5,3,30,93,-2.782,5.308,16.6,1.541,4.566,0.0,3.6,1.5,1.5
1788648036.024,turning,-1.54,4.429,99.2,4,31,93,-2.832,5.358,17.6,1.591,4.555,0.0,3.6,1.5,1.47
1788648036.082,turning,-1.539,4.457,98.8,4,31,93,-2.832,5.358,18.7,1.576,4.548,0.0,3.6,1.5,1.47
1788648036.125,turning,-1.54,4.483,98.5,4,31,93,-2.832,5.358,19.6,1.56,4.54,0.0,3.6,1.5,1.47
1788648036.189,turning,-1.541,4.492,98.6,4,31,93,-2.832,5.358,20.3,1.554,4.536,0.0,3.6,1.5,1.47
1788648036.296,turning,-1.548,4.532,100.6,0,27,89,-2.832,5.358,19.0,1.527,4.518,0.0,3.6,1.5,1.21
1788648036.324,turning,-1.548,4.532,101.0,1,27,89,-2.832,5.358,19.2,1.527,4.518,0.0,3.6,1.5,1.29
1788648036.375,turning,-1.549,4.537,103.4,1,27,89,-2.832,5.358,17.6,1.524,4.516,0.0,3.6,1.5,1.29
1788648036.424,turning,-1.55,4.542,106.8,1,27,89,-2.832,5.358,14.8,1.52,4.513,0.0,3.6,1.5,1.16
1788648036.476,driving,-1.551,4.544,109.3,1,27,89,-2.832,5.358,12.9,1.518,4.512,0.344,0.0,1.5,1.16
1788648036.524,driving,-1.548,4.549,112.8,1,27,89,-2.832,5.358,10.1,1.517,4.513,0.35,0.0,1.5,1.25
1788648036.574,driving,-1.545,4.554,114.8,1,27,89,-2.832,5.358,8.7,1.517,4.515,0.35,0.0,1.5,1.25
1788648036.633,driving,-1.542,4.556,117.8,1,27,89,-2.832,5.358,6.3,1.519,4.517,0.35,0.0,1.5,1.24
1788648036.68,driving,-1.542,4.555,119.6,1,27,89,-2.832,5.358,5.0,1.52,4.518,0.35,0.0,1.5,1.24
1788648036.734,driving,-1.542,4.556,121.4,1,27,89,-2.832,5.358,3.9,1.519,4.517,0.35,0.0,1.5,1.53
1788648036.78,driving,-1.548,4.566,123.3,1,27,89,-2.832,5.358,2.5,1.508,4.508,0.35,0.0,1.5,1.53
1788648036.825,driving,-1.568,4.556,123.6,1,27,89,-2.832,5.358,2.8,1.497,4.492,0.35,0.0,1.5,5.15
1788648036.875,driving,-1.59,4.537,123.8,1,27,89,-2.832,5.358,3.1,1.489,4.476,0.35,0.0,1.5,5.15
1788648036.925,driving,-1.607,4.538,123.6,2,28,89,-2.882,5.408,3.7,1.543,4.459,0.35,0.0,1.5,4.74
1788648036.975,driving,-1.613,4.565,123.1,2,28,89,-2.882,5.408,4.7,1.524,4.447,0.35,0.0,1.5,4.74
1788648037.032,driving,-1.618,4.587,122.6,2,28,89,-2.882,5.408,5.7,1.507,4.435,0.35,0.0,1.5,4.7
1788648037.074,driving,-1.625,4.614,122.1,3,29,89,-2.932,5.458,6.7,1.556,4.421,0.35,0.0,1.5,4.7
1788648037.123,driving,-1.631,4.631,121.8,3,29,89,-2.932,5.458,7.4,1.541,4.411,0.35,0.0,1.5,4.67
1788648037.175,driving,-1.646,4.655,121.9,3,29,89,-2.932,5.458,7.7,1.516,4.39,0.35,0.0,1.5,4.67
1788648037.243,driving,-1.662,4.679,122.0,1,29,88,-2.982,5.508,8.1,1.559,4.369,0.35,0.0,1.5,4.63
1788648037.276,driving,-1.665,4.685,122.0,1,29,88,-2.982,5.508,8.5,1.553,4.364,0.35,0.0,1.5,4.63
1788648037.338,driving,-1.686,4.717,122.2,1,29,88,-2.982,5.508,8.8,1.518,4.335,0.35,0.0,1.5,5.08
1788648037.386,driving,-1.701,4.741,122.3,2,29,88,-2.982,5.508,9.2,1.493,4.315,0.35,0.0,1.5,5.01
1788648037.426,driving,-1.711,4.756,122.3,2,29,88,-2.982,5.508,9.5,1.477,4.302,0.35,0.0,1.5,5.01
1788648037.486,driving,-1.722,4.774,122.4,3,30,88,-3.032,5.558,9.9,1.527,4.286,0.35,0.0,1.5,5.01
1788648037.527,driving,-1.729,4.796,122.6,3,30,88,-3.032,5.558,10.2,1.51,4.275,0.35,0.0,1.5,4.49
1788648037.582,driving,-1.731,4.854,123.4,4,31,88,-3.082,5.608,9.8,1.547,4.259,0.35,0.0,1.5,4.49
1788648037.63,driving,-1.742,4.894,123.8,4,31,88,-3.082,5.608,9.9,1.519,4.24,0.35,0.0,1.5,4.91
1788648037.673,driving,-1.751,4.909,123.8,4,31,88,-3.082,5.608,10.3,1.504,4.228,0.35,0.0,1.5,4.91
1788648037.746,driving,-1.772,4.939,123.8,5,31,88,-3.082,5.608,10.8,1.471,4.201,0.35,0.0,1.5,5.06
1788648037.784,driving,-1.777,4.948,123.8,5,31,88,-3.082,5.608,11.3,1.462,4.194,0.35,0.0,1.5,5.06
1788648037.826,driving,-1.789,4.968,123.6,6,32,88,-3.132,5.658,11.9,1.51,4.178,0.35,0.0,1.5,4.84
1788648037.874,driving,-1.803,4.999,123.0,6,32,88,-3.132,5.658,12.9,1.483,4.158,0.35,0.0,1.5,4.84
1788648037.926,driving,-1.82,5.028,122.7,7,33,88,-3.182,5.708,13.6,1.523,4.136,0.35,0.0,1.5,5.05
1788648037.975,driving,-1.829,5.042,122.7,7,33,88,-3.182,5.708,14.1,1.508,4.125,0.35,0.0,1.5,5.05
1788648038.026,driving,-1.843,5.064,122.7,7,33,88,-3.182,5.708,14.5,1.486,4.107,0.35,0.0,1.5,5.08
1788648038.076,driving,-1.848,5.072,122.7,8,34,88,-3.232,5.758,14.9,1.544,4.1,0.35,0.0,1.5,5.08
1788648038.129,driving,-1.872,5.1,122.5,8,34,88,-3.232,5.758,15.5,1.511,4.072,0.35,0.0,1.5,5.03
1788648038.177,turning,-1.892,5.118,122.0,9,34,88,-3.232,5.758,16.4,1.485,4.049,0.0,3.6,1.5,5.03
1788648038.227,turning,-1.906,5.137,121.9,9,34,88,-3.232,5.758,17.0,1.464,4.032,0.0,3.6,1.5,4.55
1788648038.3,turning,-1.921,5.16,121.9,0,29,82,-3.282,5.808,17.3,1.508,4.014,0.0,3.6,1.5,4.55
1788648038.324,turning,-1.921,5.16,121.9,0,29,82,-3.282,5.808,17.7,1.508,4.014,0.0,3.6,1.5,5.08
1788648038.375,turning,-1.943,5.195,121.9,1,30,82,-3.332,5.858,18.1,1.54,3.987,0.0,3.6,1.5,5.08
1788648038.434,turning,-1.957,5.224,121.9,1,30,82,-3.332,5.858,18.4,1.514,3.968,0.0,3.6,1.5,4.1
1788648038.477,turning,-1.972,5.257,122.3,2,31,82,-3.382,5.908,18.5,1.553,3.949,0.0,3.6,1.5,4.1
1788648038.537,turning,-1.978,5.268,122.9,2,31,82,-3.382,5.908,18.2,1.543,3.941,0.0,3.6,1.5,5.03
1788648038.573,turning,-1.98,5.271,124.0,2,31,82,-3.382,5.908,17.4,1.54,3.939,0.0,3.6,1.5,5.03
1788648038.63,turning,-1.982,5.274,126.4,2,31,82,-3.382,5.908,15.4,1.537,3.937,0.0,3.6,1.5,5.15
1788648038.678,turning,-1.985,5.278,129.0,2,31,82,-3.382,5.908,13.2,1.532,3.933,0.0,3.6,1.5,5.15
1788648038.728,turning,-1.989,5.278,131.1,2,31,82,-3.382,5.908,11.4,1.529,3.929,0.0,3.6,1.5,4.58
1788648038.779,driving,-1.994,5.277,134.6,2,31,82,-3.382,5.908,8.2,1.525,3.924,0.35,0.0,1.5,4.58
1788648038.829,driving,-1.998,5.279,137.2,2,31,82,-3.382,5.908,5.9,1.52,3.92,0.35,0.0,1.5,3.94
1788648038.877,driving,-1.997,5.279,139.9,2,31,82,-3.382,5.908,3.5,1.521,3.92,0.35,0.0,1.5,3.94
1788648038.931,driving,-1.999,5.28,144.1,2,31,82,-3.382,5.908,-0.4,1.519,3.919,0.35,0.0,1.5,3.94
1788648038.981,driving,-2.003,5.283,147.7,2,31,82,-3.382,5.908,-3.6,1.514,3.914,0.35,0.0,1.5,3.94
1788648039.023,driving,-2.004,5.283,148.3,2,31,82,-3.382,5.908,-4.0,1.513,3.914,0.35,0.0,1.5,4.81
1788648039.074,driving,-2.025,5.296,149.8,3,32,82,-3.432,5.958,-5.2,1.555,3.891,0.35,0.0,1.5,4.81
1788648039.128,driving,-2.054,5.315,149.9,4,32,82,-3.432,5.958,-5.1,1.521,3.86,0.35,0.0,1.5,4.63
1788648039.173,driving,-2.087,5.338,150.1,4,32,82,-3.432,5.958,-5.0,1.481,3.824,0.35,0.0,1.5,4.63
1788648039.225,driving,-2.124,5.361,150.3,5,33,82,-3.482,5.958,-4.9,1.484,3.785,0.35,0.0,1.5,4.63
1788648039.274,driving,-2.137,5.369,150.3,6,34,82,-3.532,6.008,-4.7,1.534,3.77,0.35,0.0,1.5,4.63
1788648039.323,driving,-2.152,5.38,150.3,6,34,82,-3.532,6.008,-4.4,1.516,3.754,0.35,0.0,1.5,4.32
1788648039.432,driving,-2.181,5.415,149.9,1,31,78,-3.579,6.024,-3.8,1.525,3.721,0.35,0.0,1.5,4.61
1788648039.446,driving,-2.172,5.419,149.6,1,31,78,-3.579,6.024,-3.2,1.532,3.73,0.35,0.0,1.5,4.61
1788648039.474,driving,-2.169,5.42,149.5,1,31,78,-3.579,6.024,-2.9,1.535,3.734,0.35,0.0,1.5,4.61
1788648039.531,driving,-2.177,5.43,149.3,1,31,78,-3.579,6.024,-2.4,1.523,3.724,0.35,0.0,1.5,4.77
1788648039.578,driving,-2.192,5.439,149.3,2,32,78,-3.627,6.04,-2.2,1.555,3.708,0.35,0.0,1.5,4.77
1788648039.637,driving,-2.216,5.453,149.3,2,32,78,-3.627,6.04,-1.9,1.528,3.683,0.35,0.0,1.5,4.45
1788648039.673,driving,-2.231,5.462,149.3,3,33,78,-3.682,6.058,-1.7,1.568,3.667,0.35,0.0,1.5,4.45
1788648039.731,driving,-2.254,5.476,149.3,3,33,78,-3.682,6.058,-1.4,1.542,3.643,0.35,0.0,1.5,4.18
1788648039.778,driving,-2.299,5.505,149.3,4,33,78,-3.682,6.058,-1.1,1.489,3.596,0.35,0.0,1.5,4.18
1788648039.829,driving,-2.332,5.525,149.2,5,34,78,-3.732,6.058,-0.8,1.498,3.561,0.35,0.0,1.5,4.45
1788648039.877,driving,-2.348,5.535,149.2,5,34,78,-3.732,6.058,-0.5,1.48,3.544,0.35,0.0,1.5,4.45
1788648039.93,driving,-2.364,5.544,149.2,6,35,78,-3.782,6.058,-0.3,1.508,3.528,0.35,0.0,1.5,4.52
1788648039.975,driving,-2.388,5.559,149.2,6,35,78,-3.782,6.058,0.0,1.481,3.503,0.35,0.0,1.5,4.52
1788648040.036,driving,-2.409,5.577,148.9,7,36,78,-3.831,6.048,0.7,1.498,3.481,0.35,0.0,1.5,4.49
1788648040.075,driving,-2.419,5.59,148.5,7,36,78,-3.831,6.048,1.3,1.485,3.47,0.35,0.0,1.5,4.49
1788648040.129,driving,-2.438,5.606,148.3,8,37,78,-3.88,6.038,1.9,1.505,3.449,0.35,0.0,1.5,4.52
1788648040.177,driving,-2.462,5.621,148.3,8,37,78,-3.88,6.038,2.2,1.478,3.425,0.35,0.0,1.5,4.52
1788648040.223,driving,-2.479,5.631,148.3,9,38,78,-3.929,6.029,2.6,1.504,3.408,0.35,0.0,1.5,4.47
1788648040.275,driving,-2.493,5.64,148.3,9,38,78,-3.929,6.029,2.9,1.488,3.393,0.35,0.0,1.5,4.47
1788648040.351,driving,-2.509,5.65,148.4,9,38,78,-3.929,6.029,3.2,1.47,3.376,0.35,0.0,1.5,4.35
1788648040.379,driving,-2.537,5.666,148.9,0,30,69,-3.978,6.019,3.0,1.483,3.348,0.35,0.0,1.5,4.35
1788648040.428,driving,-2.556,5.677,149.2,1,31,69,-4.027,6.009,3.1,1.508,3.328,0.35,0.0,1.5,4.32
1788648040.476,driving,-2.58,5.691,149.3,1,31,69,-4.027,6.009,3.4,1.481,3.304,0.35,0.0,1.5,4.32
1788648040.528,driving,-2.597,5.701,149.3,2,32,69,-4.076,5.999,3.8,1.509,3.287,0.35,0.0,1.5,4.19
1788648040.575,driving,-2.62,5.715,149.3,2,32,69,-4.076,5.999,4.1,1.484,3.264,0.35,0.0,1.5,4.19
1788648040.624,driving,-2.64,5.726,149.6,2,32,69,-4.076,5.999,4.3,1.462,3.243,0.35,0.0,1.5,4.61
1788648040.677,driving,-2.654,5.733,149.8,3,33,69,-4.125,5.989,4.4,1.493,3.229,0.35,0.0,1.5,4.61
1788648040.73,driving,-2.677,5.745,150.0,3,33,69,-4.125,5.989,4.6,1.468,3.205,0.35,0.0,1.5,4.5
1788648040.779,driving,-2.695,5.756,150.0,4,34,69,-4.174,5.98,5.0,1.496,3.187,0.35,0.0,1.5,4.5
1788648040.823,driving,-2.718,5.769,150.1,4,34,69,-4.174,5.98,5.4,1.472,3.165,0.35,0.0,1.5,4.84
1788648040.877,driving,-2.733,5.778,150.1,5,17,69,-3.326,5.961,5.9,0.62,3.149,0.35,0.0,0.6,4.1
1788648040.924,driving,-2.76,5.794,149.7,5,17,69,-3.326,5.961,6.7,0.59,3.122,0.35,0.0,0.6,4.1
1788648040.973,driving,-2.78,5.808,149.3,6,18,69,-3.373,5.978,7.5,0.617,3.102,0.35,0.0,0.6,4.1
1788648041.029,driving,-2.806,5.824,149.0,6,18,69,-3.373,5.978,8.3,0.588,3.076,0.35,0.0,0.6,5.18
1788648041.074,driving,-2.815,5.83,149.1,7,19,69,-3.42,5.996,8.7,0.627,3.067,0.35,0.0,0.6,5.18
1788648041.123,driving,-2.843,5.846,149.1,7,19,69,-3.42,5.996,9.2,0.596,3.04,0.35,0.0,0.6,4.58
1788648041.173,driving,-2.863,5.858,149.0,8,20,69,-3.466,6.014,9.6,0.624,3.02,0.35,0.0,0.6,4.58
1788648041.224,driving,-2.879,5.867,149.1,8,20,69,-3.466,6.014,10.0,0.606,3.004,0.35,0.0,0.6,4.07
1788648041.275,driving,-2.907,5.875,149.4,9,21,69,-3.513,6.032,10.1,0.627,2.976,0.35,0.0,0.6,4.07
1788648041.324,driving,-2.931,5.885,149.5,9,21,69,-3.513,6.032,10.4,0.6,2.952,0.35,0.0,0.6,4.04
1788648041.374,driving,-2.947,5.895,149.6,9,21,69,-3.513,6.032,10.7,0.582,2.936,0.35,0.0,0.6,4.04
1788648041.477,driving,-2.987,5.918,149.7,1,31,60,-4.463,5.9,11.1,1.476,2.898,0.35,0.0,1.5,4.59
1788648041.525,driving,-3.011,5.936,149.6,2,32,60,-4.511,5.888,11.7,1.501,2.874,0.35,0.0,1.5,3.96
1788648041.573,driving,-3.018,5.943,149.5,2,32,60,-4.511,5.888,12.3,1.494,2.867,0.35,0.0,1.5,3.96
1788648041.63,driving,-3.048,5.966,149.4,3,33,60,-4.56,5.876,12.9,1.514,2.838,0.35,0.0,1.5,3.93
1788648041.684,driving,-3.067,5.977,149.5,3,33,60,-4.56,5.876,13.4,1.496,2.821,0.35,0.0,1.5,3.93
1788648041.726,driving,-3.093,5.992,149.5,4,34,60,-4.608,5.864,13.9,1.521,2.795,0.35,0.0,1.5,3.88
1788648041.781,driving,-3.114,6.005,149.5,4,34,60,-4.608,5.864,14.4,1.5,2.775,0.35,0.0,1.5,3.88
1788648041.824,driving,-3.129,6.016,149.7,4,34,60,-4.608,5.864,14.9,1.487,2.761,0.35,0.0,1.5,3.85
1788648041.873,driving,-3.143,6.028,149.8,5,35,60,-4.657,5.852,15.2,1.524,2.748,0.35,0.0,1.5,3.85
1788648041.929,driving,-3.166,6.043,150.0,5,35,60,-4.657,5.852,15.6,1.503,2.727,0.35,0.0,1.5,3.8
1788648041.973,turning,-3.181,6.052,150.0,6,36,60,-4.705,5.84,16.2,1.538,2.712,0.0,3.6,1.5,3.8
1788648042.027,turning,-3.205,6.066,149.9,6,36,60,-4.705,5.84,16.8,1.517,2.689,0.0,3.6,1.5,3.76
1788648042.073,turning,-3.221,6.075,149.9,6,36,60,-4.705,5.84,17.3,1.503,2.674,0.0,3.6,1.5,3.76
1788648042.123,turning,-3.246,6.089,150.2,7,37,60,-4.754,5.828,17.6,1.53,2.651,0.0,3.6,1.5,3.72
1788648042.177,turning,-3.265,6.099,150.5,7,37,60,-4.754,5.828,17.9,1.513,2.633,0.0,3.6,1.5,3.72
1788648042.223,turning,-3.283,6.109,151.1,8,38,60,-4.832,5.808,17.8,1.578,2.616,0.0,3.6,1.5,3.69
1788648042.277,turning,-3.289,6.112,151.8,8,38,60,-4.832,5.808,17.7,1.573,2.611,0.0,3.6,1.5,3.69
1788648042.327,turning,-3.295,6.115,153.1,8,38,60,-4.832,5.808,16.9,1.567,2.605,0.0,3.6,1.5,3.66
1788648042.378,turning,-3.299,6.117,154.1,8,38,60,-4.832,5.808,16.5,1.564,2.602,0.0,3.6,1.5,3.66
1788648042.429,turning,-3.303,6.123,156.5,8,38,60,-4.832,5.808,14.6,1.561,2.598,0.0,3.6,1.5,3.68
1788648042.507,driving,-3.305,6.13,160.5,0,30,53,-4.757,5.852,11.0,1.478,2.597,0.35,0.0,1.5,4.24
1788648042.527,driving,-3.304,6.13,161.8,0,30,53,-4.757,5.852,10.3,1.478,2.598,0.35,0.0,1.5,4.24
1788648042.577,driving,-3.306,6.13,164.3,0,30,53,-4.757,5.852,8.2,1.477,2.596,0.35,0.0,1.5,4.24
1788648042.626,driving,-3.308,6.13,167.4,0,30,53,-4.757,5.852,5.5,1.475,2.594,0.35,0.0,1.5,4.55
1788648042.688,driving,-3.311,6.131,171.3,1,31,53,-4.805,5.84,2.1,1.522,2.591,0.35,0.0,1.5,4.21
1788648042.732,driving,-3.315,6.132,173.0,1,31,53,-4.805,5.84,0.8,1.518,2.587,0.35,0.0,1.5,4.21
1788648042.775,driving,-3.316,6.131,174.4,1,31,53,-4.805,5.84,-0.1,1.518,2.587,0.35,0.0,1.5,4.21
1788648042.831,driving,-3.339,6.132,176.2,1,31,53,-4.805,5.84,-1.5,1.495,2.564,0.35,0.0,1.5,4.18
1788648042.874,driving,-3.352,6.133,176.2,1,31,53,-4.805,5.84,-1.1,1.482,2.551,0.35,0.0,1.5,4.18
1788648042.931,driving,-3.367,6.135,176.3,2,32,53,-4.854,5.828,-0.8,1.518,2.536,0.35,0.0,1.5,4.14
1788648042.976,driving,-3.402,6.145,176.7,2,32,53,-4.854,5.828,-0.8,1.486,2.503,0.35,0.0,1.5,4.14
1788648043.046,driving,-3.427,6.15,176.5,3,33,53,-4.932,5.808,-0.1,1.543,2.479,0.35,0.0,1.5,4.13
1788648043.082,driving,-3.441,6.152,176.0,3,33,53,-4.932,5.808,0.7,1.53,2.465,0.35,0.0,1.5,4.13
1788648043.128,driving,-3.447,6.151,175.9,3,33,53,-4.932,5.808,1.2,1.524,2.459,0.35,0.0,1.5,4.08
1788648043.173,driving,-3.468,6.142,176.0,4,34,53,-4.982,5.808,1.5,1.55,2.437,0.35,0.0,1.5,4.08
1788648043.236,driving,-3.492,6.14,176.1,4,34,53,-4.982,5.808,1.8,1.526,2.413,0.35,0.0,1.5,4.44
1788648043.277,driving,-3.512,6.141,176.1,5,35,53,-5.032,5.808,2.2,1.556,2.393,0.35,0.0,1.5,4.44
1788648043.334,driving,-3.532,6.143,176.1,5,35,53,-5.032,5.808,2.5,1.537,2.374,0.35,0.0,1.5,4.41
1788648043.373,driving,-3.559,6.145,176.1,5,35,53,-5.032,5.808,2.9,1.511,2.347,0.35,0.0,1.5,4.41
1788648043.427,driving,-3.579,6.146,176.1,6,36,53,-5.082,5.808,3.2,1.54,2.327,0.35,0.0,1.5,4.21
1788648043.487,driving,-3.614,6.148,176.1,7,37,53,-5.132,5.808,3.5,1.556,2.294,0.35,0.0,1.5,4.16
1788648043.554,driving,-3.633,6.15,176.1,0,30,46,-5.132,5.858,3.8,1.527,2.274,0.35,0.0,1.5,4.16
1788648043.579,driving,-3.654,6.151,176.1,0,30,46,-5.132,5.858,4.1,1.507,2.255,0.35,0.0,1.5,4.16
1788648043.623,driving,-3.682,6.151,176.3,1,31,46,-5.182,5.858,4.1,1.529,2.227,0.35,0.0,1.5,4.11
1788648043.679,driving,-3.703,6.149,176.6,1,31,46,-5.182,5.858,4.2,1.507,2.205,0.35,0.0,1.5,4.11
1788648043.73,driving,-3.734,6.149,176.8,2,32,46,-5.232,5.854,4.2,1.527,2.175,0.35,0.0,1.5,3.82
1788648043.775,driving,-3.754,6.15,176.8,2,32,46,-5.232,5.854,4.5,1.507,2.156,0.35,0.0,1.5,3.82
1788648043.833,driving,-3.78,6.151,176.8,3,33,46,-5.282,5.85,4.7,1.531,2.129,0.35,0.0,1.5,3.77
1788648043.88,driving,-3.809,6.153,176.8,3,33,46,-5.282,5.85,4.9,1.504,2.102,0.35,0.0,1.5,4.13
1788648043.942,driving,-3.828,6.154,176.8,4,34,46,-5.332,5.846,5.2,1.534,2.083,0.35,0.0,1.5,4.13
1788648043.974,driving,-3.847,6.155,176.8,4,34,46,-5.332,5.846,5.4,1.517,2.065,0.35,0.0,1.5,4.13
1788648044.024,driving,-3.877,6.156,177.0,5,35,46,-5.381,5.843,5.4,1.536,2.035,0.35,0.0,1.5,4.08
1788648044.077,driving,-3.9,6.155,177.3,5,35,46,-5.381,5.843,5.3,1.514,2.013,0.35,0.0,1.5,4.08
1788648044.125,driving,-3.926,6.155,177.6,6,36,46,-5.431,5.839,5.3,1.538,1.986,0.35,0.0,1.5,3.55
1788648044.178,driving,-3.947,6.156,177.7,6,36,46,-5.431,5.839,5.5,1.518,1.966,0.35,0.0,1.5,3.55
1788648044.225,driving,-3.971,6.157,177.7,7,37,46,-5.481,5.835,5.6,1.544,1.942,0.35,0.0,1.5,3.85
1788648044.275,driving,-3.995,6.158,177.8,7,37,46,-5.481,5.835,5.8,1.52,1.919,0.35,0.0,1.5,3.85
1788648044.332,driving,-4.015,6.159,177.9,7,37,46,-5.481,5.835,5.9,1.501,1.9,0.35,0.0,1.5,3.49
1788648044.375,driving,-4.046,6.16,177.9,8,38,46,-5.531,5.831,6.1,1.521,1.87,0.35,0.0,1.5,3.49
1788648044.423,driving,-4.065,6.157,177.9,8,38,46,-5.531,5.831,6.3,1.502,1.851,0.35,0.0,1.5,3.82
1788648044.473,driving,-4.074,6.155,177.9,9,39,46,-5.581,5.827,6.6,1.542,1.841,0.35,0.0,1.5,3.82
1788648044.527,driving,-4.098,6.152,177.8,9,39,46,-5.581,5.827,6.8,1.518,1.817,0.35,0.0,1.5,3.65
1788648044.596,driving,-4.133,6.153,177.9,1,31,37,-5.632,5.808,7.0,1.538,1.783,0.35,0.0,1.5,3.6
1788648044.624,driving,-4.142,6.153,177.9,1,31,37,-5.632,5.808,7.2,1.53,1.774,0.35,0.0,1.5,3.6
1788648044.676,driving,-4.174,6.155,177.9,2,32,37,-5.682,5.808,7.4,1.548,1.743,0.35,0.0,1.5,3.6
1788648044.724,driving,-4.189,6.157,177.7,2,32,37,-5.682,5.808,7.7,1.533,1.728,0.35,0.0,1.5,3.31
1788648044.774,driving,-4.22,6.167,177.0,3,33,37,-5.732,5.808,8.6,1.554,1.7,0.35,0.0,1.5,3.31
1788648044.831,driving,-4.249,6.172,176.7,3,33,37,-5.732,5.808,9.1,1.527,1.673,0.35,0.0,1.5,3.85
1788648044.878,driving,-4.268,6.173,176.7,4,34,37,-5.782,5.808,9.3,1.557,1.654,0.35,0.0,1.5,3.85
1788648044.931,driving,-4.297,6.175,176.7,4,34,37,-5.782,5.808,9.5,1.53,1.627,0.35,0.0,1.5,3.82
1788648044.976,driving,-4.317,6.176,176.7,4,34,37,-5.782,5.808,9.7,1.51,1.607,0.35,0.0,1.5,3.82
1788648045.026,driving,-4.343,6.178,176.7,5,35,37,-5.832,5.808,9.9,1.534,1.583,0.35,0.0,1.5,3.77
1788648045.075,driving,-4.362,6.179,176.7,5,35,37,-5.832,5.808,10.0,1.516,1.564,0.35,0.0,1.5,3.77
1788648045.127,driving,-4.38,6.181,176.7,6,36,37,-5.882,5.808,10.3,1.548,1.548,0.35,0.0,1.5,3.9
1788648045.176,driving,-4.405,6.189,176.2,6,36,37,-5.882,5.808,10.9,1.525,1.525,0.35,0.0,1.5,3.9
1788648045.225,driving,-4.42,6.192,176.1,6,36,37,-5.882,5.808,11.3,1.512,1.512,0.35,0.0,1.5,3.1
1788648045.277,driving,-4.453,6.194,176.1,7,36,37,-5.882,5.808,11.4,1.48,1.48,0.35,0.0,1.5,3.1
1788648045.334,driving,-4.475,6.195,176.1,7,36,37,-5.882,5.808,11.6,1.459,1.459,0.35,0.0,1.5,3.66
1788648045.375,driving,-4.494,6.197,176.1,8,36,37,-5.882,5.808,11.8,1.441,1.441,0.35,0.0,1.5,3.66
1788648045.423,driving,-4.522,6.2,176.0,8,36,37,-5.882,5.808,12.1,1.415,1.415,0.35,0.0,1.5,3.03
1788648045.475,driving,-4.541,6.202,176.0,9,36,37,-5.882,5.808,12.3,1.398,1.398,0.35,0.0,1.5,3.03
1788648045.527,driving,-4.564,6.205,175.9,9,36,37,-5.882,5.808,12.6,1.377,1.377,0.35,0.0,1.5,2.93
1788648045.58,driving,-4.59,6.206,176.0,10,36,37,-5.882,5.808,12.8,1.352,1.352,0.35,0.0,1.5,2.75
1788648045.642,driving,-4.619,6.208,176.0,1,26,27,-5.882,5.808,13.0,1.325,1.325,0.35,0.0,1.5,2.75
1788648045.676,driving,-4.634,6.21,176.0,1,26,27,-5.882,5.808,13.2,1.311,1.311,0.35,0.0,1.5,2.75
1788648045.723,driving,-4.657,6.211,176.0,1,26,27,-5.882,5.808,13.4,1.289,1.289,0.35,0.0,1.5,2.84
1788648045.783,driving,-4.687,6.213,175.9,2,26,27,-5.882,5.808,13.7,1.262,1.262,0.35,0.0,1.5,2.79
1788648045.832,driving,-4.704,6.219,175.7,2,26,27,-5.882,5.808,14.2,1.248,1.248,0.35,0.0,1.5,2.79
1788648045.886,driving,-4.719,6.227,175.3,2,26,27,-5.882,5.808,14.8,1.236,1.236,0.35,0.0,1.5,2.81
1788648045.929,driving,-4.746,6.234,175.1,3,26,27,-5.882,5.808,15.3,1.213,1.213,0.35,0.0,1.5,2.81
1788648045.985,driving,-4.764,6.235,175.1,3,26,27,-5.882,5.808,15.5,1.197,1.197,0.35,0.0,1.5,2.56
1788648046.023,driving,-4.792,6.238,175.1,4,26,27,-5.882,5.808,15.8,1.171,1.171,0.35,0.0,1.5,2.56
1788648046.073,turning,-4.802,6.238,175.1,4,26,27,-5.882,5.808,16.1,1.163,1.163,0.0,3.6,1.5,2.56
1788648046.122,turning,-4.825,6.24,175.1,4,26,27,-5.882,5.808,16.3,1.142,1.142,0.0,3.6,1.5,2.56
1788648046.173,turning,-4.838,6.241,175.1,5,26,27,-5.882,5.808,16.6,1.131,1.131,0.0,3.6,1.5,2.56
1788648046.223,turning,-4.879,6.244,175.5,5,26,27,-5.882,5.808,16.5,1.094,1.094,0.0,3.6,1.5,2.62
1788648046.276,turning,-4.9,6.242,176.3,6,26,27,-5.882,5.808,16.0,1.074,1.074,0.0,3.6,1.5,2.62
1788648046.33,turning,-4.924,6.241,176.9,6,26,27,-5.882,5.808,15.7,1.051,1.051,0.0,3.6,1.5,2.45
1788648046.377,turning,-4.935,6.241,177.3,6,26,27,-5.882,5.808,15.6,1.041,1.041,0.0,3.6,1.5,2.45
1788648046.423,turning,-4.947,6.242,178.8,7,26,27,-5.882,5.808,14.4,1.031,1.031,0.0,3.6,1.5,2.59
1788648046.475,turning,-4.95,6.242,-179.4,7,26,27,-5.882,5.808,12.8,1.028,1.028,0.0,3.6,1.5,2.59
1788648046.526,turning,-4.95,6.247,-176.5,7,26,27,-5.882,5.808,10.2,1.031,1.031,0.0,3.6,1.5,2.42
1788648046.574,driving,-4.945,6.254,-174.1,7,26,27,-5.882,5.808,8.2,1.038,1.038,0.35,0.0,1.5,2.42
1788648046.659,driving,-4.942,6.258,-169.3,0,20,21,-5.882,5.808,3.6,1.042,1.042,0.35,0.0,1.5,2.5
1788648046.675,driving,-4.942,6.258,-168.5,0,20,21,-5.882,5.808,3.1,1.042,1.042,0.35,0.0,1.5,2.5
1788648046.725,driving,-4.943,6.258,-165.7,0,20,21,-5.882,5.808,0.6,1.041,1.041,0.35,0.0,1.5,2.34
1788648046.775,driving,-4.946,6.257,-162.4,0,20,21,-5.882,5.808,-2.4,1.038,1.038,0.35,0.0,1.5,2.34
1788648046.825,driving,-4.949,6.256,-161.0,0,20,21,-5.882,5.808,-3.6,1.036,1.036,0.35,0.0,1.5,2.93
1788648046.876,driving,-4.96,6.252,-159.3,1,20,21,-5.882,5.808,-5.0,1.023,1.023,0.35,0.0,1.5,2.93
1788648046.927,driving,-4.975,6.246,-159.5,1,20,21,-5.882,5.808,-4.5,1.007,1.007,0.35,0.0,1.5,2.56
1788648046.974,driving,-4.987,6.242,-159.5,1,20,21,-5.882,5.808,-4.4,0.995,0.995,0.35,0.0,1.5,2.56
1788648047.029,driving,-5.011,6.234,-159.5,2,20,21,-5.882,5.808,-4.0,0.97,0.97,0.35,0.0,1.5,2.53
1788648047.079,driving,-5.029,6.228,-159.7,2,20,21,-5.882,5.808,-3.6,0.951,0.951,0.35,0.0,1.5,2.53
1788648047.127,driving,-5.059,6.219,-159.8,3,20,21,-5.882,5.808,-3.3,0.92,0.92,0.35,0.0,1.5,2.26
1788648047.175,driving,-5.076,6.214,-159.8,3,20,21,-5.882,5.808,-3.0,0.903,0.903,0.35,0.0,1.5,2.26
1788648047.224,driving,-5.105,6.205,-159.8,4,20,21,-5.882,5.808,-2.8,0.872,0.872,0.35,0.0,1.5,2.45
1788648047.276,driving,-5.121,6.199,-159.8,4,20,21,-5.882,5.808,-2.6,0.856,0.856,0.35,0.0,1.5,2.45
1788648047.325,driving,-5.149,6.185,-159.6,5,20,21,-5.882,5.808,-2.6,0.824,0.824,0.35,0.0,1.5,2.37
1788648047.375,driving,-5.172,6.172,-159.3,5,20,21,-5.882,5.808,-2.6,0.798,0.798,0.35,0.0,1.5,2.37
1788648047.424,driving,-5.202,6.155,-159.1,6,20,21,-5.882,5.808,-2.6,0.763,0.763,0.35,0.0,1.5,2.2
1788648047.474,driving,-5.22,6.149,-159.1,6,20,21,-5.882,5.808,-2.4,0.745,0.745,0.35,0.0,1.5,2.2
1788648047.529,driving,-5.242,6.14,-159.0,7,20,21,-5.882,5.808,-2.3,0.721,0.721,0.35,0.0,1.5,2.33
1788648047.585,driving,-5.267,6.131,-158.9,7,20,21,-5.882,5.808,-2.2,0.695,0.695,0.35,0.0,1.5,2.33
1788648047.625,driving,-5.291,6.122,-158.7,8,20,21,-5.882,5.808,-2.1,0.669,0.669,0.35,0.0,1.5,2.28
1788648047.677,driving,-5.31,6.115,-158.5,0,13,14,-5.882,5.808,-2.1,0.649,0.649,0.35,0.0,1.5,2.28
1788648047.732,driving,-5.33,6.108,-158.4,1,13,14,-5.882,5.808,-2.0,0.628,0.628,0.35,0.0,1.5,2.03
1788648047.773,driving,-5.356,6.098,-158.5,1,13,14,-5.882,5.808,-1.6,0.6,0.6,0.35,0.0,1.5,2.03
1788648047.825,driving,-5.373,6.091,-158.5,2,13,14,-5.882,5.808,-1.4,0.582,0.582,0.35,0.0,1.5,2.02
1788648047.883,driving,-5.404,6.079,-158.4,2,13,14,-5.882,5.808,-1.2,0.55,0.55,0.35,0.0,1.5,2.02
1788648047.933,driving,-5.43,6.072,-158.6,3,13,14,-5.882,5.808,-0.9,0.523,0.523,0.35,0.0,1.5,2.12
1788648047.975,driving,-5.46,6.065,-158.8,4,13,14,-5.882,5.808,-0.4,0.494,0.494,0.35,0.0,1.5,2.12
1788648048.027,driving,-5.485,6.057,-158.9,4,13,14,-5.882,5.808,0.0,0.469,0.469,0.35,0.0,1.5,2.02
1788648048.088,driving,-5.507,6.049,-158.9,5,13,14,-5.882,5.808,0.3,0.446,0.446,0.35,0.0,1.5,2.02
1788648048.122,driving,-5.524,6.042,-159.1,5,13,14,-5.882,5.808,0.8,0.427,0.427,0.35,0.0,1.5,1.89
1788648048.173,driving,-5.548,6.033,-159.0,5,13,14,-5.882,5.808,1.0,0.402,0.402,0.35,0.0,1.5,1.89
1788648048.225,driving,-5.578,6.022,-158.9,6,13,14,-5.882,5.808,1.3,0.371,0.371,0.325,0.0,1.5,1.85
1788648048.272,driving,-5.598,6.014,-159.0,7,13,14,-5.882,5.808,1.7,0.351,0.351,0.307,0.0,1.5,1.85
1788648048.325,driving,-5.622,6.005,-158.9,7,13,14,-5.882,5.808,2.0,0.326,0.326,0.286,0.0,1.5,1.81
1788648048.374,driving,-5.65,5.994,-158.9,8,13,14,-5.882,5.808,2.4,0.297,0.297,0.26,0.0,1.5,1.81
1788648048.432,driving,-5.662,5.99,-158.9,8,13,14,-5.882,5.808,2.8,0.285,0.285,0.249,0.0,1.5,1.89
1788648048.48,driving,-5.696,5.977,-158.9,9,13,14,-5.882,5.808,3.2,0.251,0.251,0.22,0.0,1.5,1.89
1788648048.523,driving,-5.702,5.974,-159.0,9,13,14,-5.882,5.808,3.7,0.245,0.245,0.22,0.0,1.5,1.72
1788648048.572,driving,-5.722,5.967,-159.6,9,13,14,-5.882,5.808,4.8,0.225,0.225,0.22,0.0,1.5,1.72
1788648048.624,driving,-5.737,5.961,-159.8,10,13,14,-5.882,5.808,5.6,0.21,0.21,0.22,0.0,1.5,1.71
1788648048.681,driving,-5.751,5.956,-159.8,0,3,4,-5.882,5.808,6.1,0.197,0.197,0.22,0.0,1.5,1.71
1788648048.722,driving,-5.773,5.948,-159.8,1,3,4,-5.882,5.808,6.7,0.177,0.177,0.22,0.0,1.5,1.64
1788648048.772,driving,-5.788,5.942,-159.8,1,3,4,-5.882,5.808,7.4,0.164,0.164,0.22,0.0,1.5,1.64
1788648048.825,goal_approach,-5.81,5.937,-160.0,3,3,4,-5.882,5.808,40.8,0.148,0.148,0.0,3.6,,1.61
1788648050.635,goal_approach,-5.98,5.865,-130.2,3,3,4,-5.882,5.808,100.0,0.114,0.114,0.0,5.237,,1.61
1788648050.677,goal_approach,-5.98,5.865,-130.2,3,3,4,-5.882,5.808,100.0,0.114,0.114,0.0,5.237,,1.61
1788648050.912,turning,-5.98,5.866,-129.1,0,30,362,-4.482,6.008,134.6,1.505,17.116,0.0,6.75,1.5,1.61
1788648050.923,turning,-5.98,5.866,-129.1,0,30,362,-4.482,6.008,134.6,1.505,17.116,0.0,6.75,1.5,1.61
1788648050.981,turning,-5.981,5.865,-126.2,0,30,362,-4.482,6.008,131.6,1.505,17.116,0.0,6.75,1.5,1.61
1788648051.028,turning,-5.98,5.866,-120.8,0,30,362,-4.482,6.008,126.2,1.505,17.116,0.0,6.607,1.5,1.61
1788648051.078,turning,-5.98,5.866,-116.6,0,30,362,-4.482,6.008,122.0,1.505,17.117,0.0,6.387,1.5,1.61
1788648051.127,turning,-5.98,5.866,-109.2,0,30,362,-4.482,6.008,114.6,1.505,17.117,0.0,6.001,1.5,1.61
1788648051.178,turning,-5.98,5.866,-103.4,0,30,362,-4.482,6.008,108.8,1.505,17.117,0.0,5.696,1.5,1.61
1788648051.225,turning,-5.98,5.867,-97.7,0,30,362,-4.482,6.008,103.1,1.504,17.117,0.0,5.4,1.5,1.97
1788648051.278,turning,-5.98,5.869,-88.0,0,30,362,-4.482,6.008,93.4,1.504,17.119,0.0,4.891,1.5,1.97
1788648051.331,turning,-5.98,5.869,-80.5,0,30,362,-4.482,6.008,85.9,1.504,17.119,0.0,4.498,1.5,2.14
1788648051.381,turning,-5.98,5.869,-70.4,0,30,362,-4.482,6.008,75.9,1.504,17.119,0.0,3.973,1.5,2.14
1788648051.426,turning,-5.98,5.868,-58.7,0,30,362,-4.482,6.008,64.2,1.505,17.118,0.0,3.6,1.5,2.17
1788648051.475,turning,-5.981,5.867,-52.5,0,30,362,-4.482,6.008,57.9,1.505,17.118,0.0,3.6,1.5,2.17
1788648051.532,turning,-5.983,5.863,-41.9,0,30,362,-4.482,6.008,47.3,1.508,17.115,0.0,3.6,1.5,2.09
1788648051.582,turning,-5.985,5.857,-33.9,0,30,362,-4.482,6.008,39.3,1.511,17.111,0.0,3.6,1.5,2.09
1788648051.626,turning,-5.986,5.852,-28.6,0,30,362,-4.482,6.008,34.1,1.512,17.107,0.0,3.6,1.5,2.09
1788648051.674,turning,-5.986,5.85,-26.5,0,30,362,-4.482,6.008,32.0,1.513,17.106,0.0,3.6,1.5,2.09
1788648051.733,turning,-5.988,5.843,-21.1,0,30,362,-4.482,6.008,26.6,1.515,17.101,0.0,3.6,1.5,2.09
1788648051.791,turning,-5.992,5.83,-15.0,0,30,362,-4.482,6.008,20.5,1.521,17.091,0.0,3.6,1.5,2.09
1788648051.844,turning,-5.992,5.827,-10.4,0,30,362,-4.482,6.008,16.0,1.521,17.088,0.0,3.6,1.5,7.05
1788648051.875,turning,-5.99,5.827,-8.9,0,30,362,-4.482,6.008,14.5,1.519,17.088,0.0,3.6,1.5,7.05
1788648051.942,driving,-5.987,5.82,-3.6,0,30,360,-4.482,6.008,9.2,1.516,17.08,0.35,0.0,1.5,7.05
1788648051.978,driving,-5.986,5.816,-2.8,0,30,360,-4.482,6.008,8.5,1.516,17.076,0.35,0.0,1.5,7.05
1788648052.03,driving,-5.982,5.796,2.6,0,30,360,-4.482,6.008,3.1,1.515,17.057,0.35,0.0,1.5,2.08
1788648052.094,driving,-5.976,5.792,6.4,0,30,360,-4.482,6.008,-0.6,1.51,17.051,0.35,0.0,1.5,2.08
1788648052.124,driving,-5.977,5.795,7.6,0,30,360,-4.482,6.008,-1.8,1.51,17.054,0.35,0.0,1.5,2.08
1788648052.176,driving,-5.983,5.814,11.4,0,30,360,-4.482,6.008,-5.5,1.513,17.073,0.35,0.0,1.5,2.08
1788648052.225,driving,-5.984,5.822,13.6,0,30,360,-4.482,6.008,-7.7,1.514,17.08,0.35,0.0,1.5,2.08
1788648052.285,driving,-5.982,5.816,17.7,0,30,360,-4.482,6.008,-11.7,1.512,17.074,0.35,0.0,1.5,2.08
1788648052.327,driving,-5.971,5.819,17.9,0,30,360,-4.482,6.008,-12.0,1.501,17.072,0.35,0.0,1.5,2.08
1788648052.375,driving,-5.964,5.823,18.0,0,30,360,-4.482,6.008,-12.0,1.494,17.071,0.35,0.0,1.5,2.08
1788648052.425,driving,-5.936,5.835,18.2,1,31,360,-4.432,6.008,-12.2,1.514,17.068,0.35,0.0,1.5,2.08
1788648052.475,driving,-5.921,5.842,18.3,1,31,360,-4.432,6.008,-12.3,1.498,17.067,0.35,0.0,1.5,2.08
1788648052.53,driving,-5.895,5.852,18.0,2,32,360,-4.382,6.008,-11.9,1.521,17.062,0.35,0.0,1.5,2.06
1788648052.579,driving,-5.879,5.856,17.5,2,32,360,-4.382,6.008,-11.5,1.505,17.058,0.35,0.0,1.5,2.06
1788648052.624,driving,-5.859,5.861,16.8,2,32,360,-4.382,6.008,-10.8,1.484,17.052,0.35,0.0,1.5,2.03
1788648052.687,driving,-5.848,5.863,16.4,3,33,360,-4.332,6.008,-10.5,1.523,17.049,0.35,0.0,1.5,2.0
1788648052.736,driving,-5.826,5.869,16.1,3,33,360,-4.332,6.008,-10.2,1.501,17.043,0.35,0.0,1.5,2.0
1788648052.774,driving,-5.808,5.874,16.1,3,33,360,-4.332,6.008,-10.2,1.482,17.039,0.35,0.0,1.5,2.0
1788648052.823,driving,-5.783,5.881,16.2,4,34,360,-4.282,6.008,-10.2,1.506,17.033,0.35,0.0,1.5,1.97
1788648052.874,driving,-5.765,5.887,16.2,4,34,360,-4.282,6.008,-10.3,1.488,17.029,0.35,0.0,1.5,1.97
1788648052.928,driving,-5.739,5.894,16.2,5,35,360,-4.232,6.008,-10.4,1.511,17.023,0.35,0.0,1.5,4.32
1788648052.976,driving,-5.722,5.899,16.2,5,35,360,-4.232,6.008,-10.4,1.494,17.019,0.35,0.0,1.5,4.32
1788648053.066,driving,-5.702,5.905,16.2,6,36,360,-4.182,6.008,-10.4,1.523,17.015,0.35,0.0,1.5,4.28
1788648053.162,driving,-5.672,5.914,15.7,1,31,354,-4.182,6.158,-9.8,1.51,17.008,0.35,0.0,1.5,4.25
1788648053.175,driving,-5.672,5.914,15.7,1,31,354,-4.182,6.158,-9.8,1.51,17.008,0.35,0.0,1.5,4.25
1788648053.223,driving,-5.629,5.926,15.8,2,32,354,-4.132,6.158,-9.8,1.515,16.998,0.35,0.0,1.5,4.32
1788648053.28,driving,-5.611,5.931,15.8,2,32,354,-4.132,6.158,-9.7,1.496,16.993,0.35,0.0,1.5,4.32
1788648053.335,driving,-5.582,5.941,16.1,3,33,354,-4.082,6.158,-10.0,1.516,16.988,0.35,0.0,1.5,4.14
1788648053.38,driving,-5.558,5.95,16.4,4,34,354,-4.032,6.158,-10.2,1.541,16.985,0.35,0.0,1.5,4.14
1788648053.431,driving,-5.534,5.958,16.6,4,34,354,-4.032,6.158,-10.4,1.515,16.981,0.35,0.0,1.5,4.14
1788648053.482,driving,-5.516,5.964,16.6,4,34,354,-4.032,6.158,-10.4,1.496,16.977,0.35,0.0,1.5,4.14
1788648053.526,driving,-5.495,5.97,16.8,5,35,354,-3.982,6.158,-10.5,1.525,16.973,0.35,0.0,1.5,4.16
1788648053.573,driving,-5.485,5.973,16.8,5,35,354,-3.982,6.158,-10.6,1.514,16.971,0.35,0.0,1.5,4.16
1788648053.626,driving,-5.448,5.985,17.2,6,36,354,-3.932,6.158,-10.9,1.526,16.963,0.35,0.0,1.5,4.16
1788648053.676,driving,-5.432,5.99,17.6,6,36,354,-3.932,6.158,-11.3,1.509,16.961,0.35,0.0,1.5,4.16
1788648053.731,driving,-5.411,5.997,17.9,7,37,354,-3.882,6.158,-11.7,1.537,16.957,0.35,0.0,1.5,4.11
1788648053.78,driving,-5.381,6.007,18.1,7,37,354,-3.882,6.158,-11.8,1.507,16.951,0.35,0.0,1.5,4.11
1788648053.827,driving,-5.373,6.01,18.1,7,37,354,-3.882,6.158,-11.9,1.498,16.95,0.35,0.0,1.5,3.99
1788648053.879,driving,-5.356,6.018,18.4,8,38,354,-3.832,6.158,-12.2,1.53,16.95,0.35,0.0,1.5,3.99
1788648053.926,driving,-5.34,6.026,18.7,8,38,354,-3.832,6.158,-12.5,1.513,16.95,0.35,0.0,1.5,4.04
1788648053.978,driving,-5.329,6.032,18.8,8,38,354,-3.832,6.158,-12.7,1.502,16.949,0.35,0.0,1.5,4.04
1788648054.046,driving,-5.307,6.041,19.1,9,39,354,-3.782,6.158,-12.9,1.529,16.947,0.35,0.0,1.5,3.99
1788648054.083,driving,-5.289,6.047,19.2,9,39,354,-3.782,6.158,-13.2,1.511,16.944,0.35,0.0,1.5,3.99
1788648054.128,driving,-5.262,6.056,19.1,10,40,354,-3.732,6.158,-13.1,1.533,16.94,0.35,0.0,1.5,3.96
1788648054.174,driving,-5.253,6.059,19.1,10,40,354,-3.732,6.158,-13.2,1.525,16.939,0.35,0.0,1.5,3.96
1788648054.224,driving,-5.227,6.067,18.9,1,31,346,-3.732,6.058,-13.1,1.495,16.934,0.35,0.0,1.5,4.18
1788648054.277,driving,-5.189,6.072,19.0,2,32,346,-3.682,6.008,-13.4,1.508,16.921,0.35,0.0,1.5,4.18
1788648054.327,driving,-5.165,6.079,19.1,2,32,346,-3.682,6.008,-13.7,1.485,16.916,0.35,0.0,1.5,4.01
1788648054.375,driving,-5.149,6.084,19.1,3,33,346,-3.632,6.008,-13.9,1.519,16.914,0.35,0.0,1.5,4.01
1788648054.43,driving,-5.132,6.09,19.1,3,33,346,-3.632,6.008,-14.1,1.502,16.911,0.35,0.0,1.5,3.85
1788648054.475,driving,-5.106,6.099,19.1,4,34,346,-3.582,6.008,-14.3,1.526,16.908,0.35,0.0,1.5,3.85
1788648054.524,driving,-5.073,6.107,18.9,4,34,346,-3.582,6.008,-14.4,1.495,16.9,0.35,0.0,1.5,3.8
1788648054.575,driving,-5.048,6.11,18.7,5,35,346,-3.532,6.008,-14.3,1.519,16.891,0.35,0.0,1.5,3.8
1788648054.625,driving,-5.026,6.113,18.5,5,35,346,-3.532,6.008,-14.3,1.498,16.884,0.35,0.0,1.5,3.77
1788648054.7,driving,-4.994,6.123,18.5,6,36,346,-3.482,5.958,-14.6,1.521,16.879,0.35,0.0,1.5,3.77
1788648054.726,driving,-4.973,6.131,18.5,6,36,346,-3.482,5.958,-14.9,1.501,16.876,0.35,0.0,1.5,3.72
1788648054.779,driving,-4.956,6.136,18.5,7,37,346,-3.432,5.958,-15.1,1.534,16.874,0.35,0.0,1.5,3.72
1788648054.83,driving,-4.938,6.147,18.7,7,37,346,-3.432,5.958,-15.5,1.518,16.875,0.35,0.0,1.5,3.69
1788648054.887,turning,-4.921,6.168,19.1,7,37,346,-3.432,5.958,-16.3,1.504,16.887,0.0,-3.6,1.5,3.69
1788648054.93,turning,-4.904,6.176,19.2,8,38,346,-3.382,5.908,-16.7,1.545,16.887,0.0,-3.6,1.5,3.66
1788648054.983,turning,-4.888,6.182,19.2,8,38,346,-3.382,5.908,-17.0,1.531,16.885,0.0,-3.6,1.5,3.66
1788648055.027,turning,-4.862,6.191,19.2,8,38,346,-3.382,5.908,-17.3,1.507,16.881,0.0,-3.6,1.5,3.6
1788648055.084,turning,-4.844,6.197,19.2,9,38,346,-3.382,5.908,-17.7,1.49,16.879,0.0,-3.6,1.5,3.6
1788648055.128,turning,-4.81,6.208,19.2,9,38,346,-3.382,5.908,-18.0,1.459,16.874,0.0,-3.6,1.5,3.59
1788648055.182,turning,-4.786,6.214,18.9,10,39,346,-3.332,5.858,-18.0,1.497,16.869,0.0,-3.6,1.5,3.57
1788648055.223,turning,-4.767,6.219,17.9,10,39,346,-3.332,5.858,-17.4,1.48,16.866,0.0,-3.6,1.5,3.57
1788648055.275,turning,-4.767,6.219,16.4,10,39,346,-3.332,5.858,-16.3,1.479,16.866,0.0,-3.6,1.5,3.57
1788648055.425,turning,-4.769,6.219,11.3,0,29,335,-3.332,5.858,-11.5,1.481,16.866,0.0,-3.6,1.5,3.8
1788648055.476,driving,-4.772,6.219,9.6,0,29,335,-3.332,5.858,-10.1,1.485,16.868,0.35,0.0,1.5,3.8
1788648055.524,driving,-4.779,6.219,6.9,0,29,335,-3.332,5.858,-7.8,1.492,16.871,0.35,0.0,1.5,3.99
1788648055.583,driving,-4.783,6.218,5.0,0,29,335,-3.332,5.858,-6.2,1.495,16.872,0.35,0.0,1.5,3.99
1788648055.624,driving,-4.786,6.218,2.7,0,29,335,-3.332,5.858,-4.2,1.498,16.873,0.35,0.0,1.5,4.21
1788648055.679,driving,-4.788,6.218,1.3,0,29,335,-3.332,5.858,-3.1,1.499,16.874,0.35,0.0,1.5,4.21
1788648055.765,driving,-4.782,6.218,-1.1,0,29,335,-3.332,5.858,-1.0,1.494,16.871,0.35,0.0,1.5,4.56
1788648055.776,driving,-4.78,6.218,-1.4,0,29,335,-3.332,5.858,-1.1,1.492,16.87,0.35,0.0,1.5,4.56
1788648055.829,driving,-4.768,6.217,-1.2,0,29,335,-3.332,5.858,-1.5,1.48,16.864,0.35,0.0,1.5,4.69
1788648055.881,driving,-4.759,6.216,-1.0,0,29,335,-3.332,5.858,-2.0,1.471,16.859,0.35,0.0,1.5,4.69
1788648055.93,driving,-4.741,6.215,-0.8,1,29,335,-3.332,5.858,-2.4,1.454,16.85,0.35,0.0,1.5,4.8
1788648055.976,driving,-4.726,6.214,-0.8,1,29,335,-3.332,5.858,-2.7,1.438,16.844,0.35,0.0,1.5,4.8
1788648056.034,driving,-4.691,6.217,-0.7,2,30,335,-3.282,5.808,-3.2,1.468,16.831,0.35,0.0,1.5,4.76
1788648056.076,driving,-4.666,6.22,-0.5,2,30,335,-3.282,5.808,-3.7,1.444,16.823,0.35,0.0,1.5,4.76
1788648056.129,driving,-4.637,6.222,-0.4,3,31,335,-3.232,5.758,-4.1,1.48,16.813,0.35,0.0,1.5,4.75
1788648056.173,driving,-4.619,6.222,-0.4,3,31,335,-3.232,5.758,-4.5,1.462,16.805,0.35,0.0,1.5,4.75
1788648056.224,driving,-4.593,6.222,-0.4,4,32,335,-3.182,5.708,-4.9,1.502,16.794,0.35,0.0,1.5,4.7
1788648056.273,driving,-4.575,6.222,-0.4,4,32,335,-3.182,5.708,-5.2,1.485,16.786,0.35,0.0,1.5,4.7
1788648056.325,driving,-4.548,6.221,-0.4,4,32,335,-3.182,5.708,-5.6,1.459,16.774,0.35,0.0,1.5,4.67
1788648056.375,driving,-4.53,6.221,-0.4,5,32,335,-3.182,5.708,-6.0,1.443,16.767,0.35,0.0,1.5,4.67
1788648056.427,driving,-4.504,6.221,-0.4,5,32,335,-3.182,5.708,-6.3,1.418,16.755,0.35,0.0,1.5,4.8
1788648056.481,driving,-4.486,6.221,-0.4,6,18,335,-3.882,6.058,-6.9,0.626,16.748,0.35,0.0,0.6,4.8
1788648056.535,driving,-4.46,6.221,-0.3,6,18,335,-3.882,6.058,-7.4,0.6,16.737,0.35,0.0,0.6,4.72
1788648056.663,driving,-4.41,6.222,-0.2,2,29,330,-3.099,5.653,-7.9,1.43,16.717,0.35,0.0,1.5,4.74
1788648056.676,driving,-4.395,6.223,-0.2,3,30,330,-3.032,5.608,-8.4,1.495,16.711,0.35,0.0,1.5,4.74
1788648056.723,driving,-4.367,6.224,-0.1,3,30,330,-3.032,5.608,-8.8,1.47,16.701,0.35,0.0,1.5,4.69
1788648056.774,driving,-4.349,6.224,-0.1,3,30,330,-3.032,5.608,-9.2,1.453,16.693,0.35,0.0,1.5,4.69
1788648056.832,driving,-4.32,6.223,-0.1,4,16,330,-3.732,6.058,-9.6,0.61,16.681,0.35,0.0,0.6,5.01
1788648056.876,driving,-4.313,6.223,-0.1,4,16,330,-3.732,6.058,-10.0,0.604,16.678,0.35,0.0,0.6,5.01
1788648056.927,driving,-4.275,6.223,-0.1,5,17,330,-3.682,6.008,-10.6,0.631,16.663,0.35,0.0,0.6,4.75
1788648056.978,driving,-4.219,6.224,-0.1,6,18,330,-3.632,6.008,-11.1,0.626,16.641,0.35,0.0,0.6,4.75
1788648057.036,driving,-4.177,6.224,-0.1,7,19,330,-3.582,6.008,-11.7,0.633,16.623,0.35,0.0,0.6,4.69
1788648057.076,driving,-4.157,6.224,-0.1,7,19,330,-3.582,6.008,-12.2,0.614,16.615,0.35,0.0,0.6,4.69
1788648057.133,driving,-4.132,6.224,-0.1,8,20,330,-3.532,6.008,-12.7,0.637,16.605,0.35,0.0,0.6,4.64
1788648057.178,driving,-4.115,6.224,-0.0,8,20,330,-3.532,6.008,-13.2,0.622,16.599,0.35,0.0,0.6,4.64
1788648057.227,driving,-4.085,6.225,-0.0,9,21,330,-3.482,5.958,-13.8,0.659,16.588,0.35,0.0,0.6,4.61
1788648057.285,driving,-4.053,6.228,-0.0,9,21,330,-3.482,5.958,-14.5,0.632,16.578,0.35,0.0,0.6,4.61
1788648057.327,driving,-4.041,6.228,-0.0,9,21,330,-3.482,5.958,-15.2,0.621,16.574,0.35,0.0,0.6,4.66
1788648057.379,driving,-4.011,6.228,0.0,10,21,330,-3.482,5.958,-16.0,0.594,16.562,0.35,0.0,0.6,4.66
1788648057.429,turning,-3.994,6.228,0.0,10,21,330,-3.482,5.958,-16.7,0.579,16.555,0.0,-3.6,0.6,4.64
1788648057.481,turning,-3.968,6.228,0.0,11,22,330,-3.432,5.958,-17.3,0.6,16.545,0.0,-3.6,0.6,4.64
1788648057.527,turning,-3.94,6.229,0.1,11,22,330,-3.432,5.958,-18.0,0.575,16.534,0.0,-3.6,0.6,4.61
1788648057.579,turning,-3.923,6.229,0.1,12,37,330,-2.682,5.308,-18.5,1.545,16.528,0.0,-3.6,1.5,4.61
1788648057.63,turning,-3.903,6.229,0.1,13,38,330,-2.632,5.258,-19.0,1.6,16.52,0.0,-3.6,1.5,4.58
1788648057.81,turning,-3.867,6.229,-3.0,1,27,322,-2.632,5.308,-16.3,1.541,16.506,0.0,-3.6,1.5,4.67
1788648057.829,turning,-3.863,6.233,-4.0,1,27,322,-2.632,5.308,-15.7,1.54,16.508,0.0,-3.6,1.5,4.67
1788648057.875,turning,-3.852,6.242,-5.7,1,27,322,-2.632,5.308,-14.5,1.536,16.512,0.0,-3.6,1.5,4.67
1788648057.935,turning,-3.85,6.243,-7.4,1,27,322,-2.632,5.308,-13.2,1.535,16.512,0.0,-3.6,1.5,5.12
1788648057.981,turning,-3.85,6.243,-9.2,1,27,322,-2.632,5.308,-11.8,1.536,16.512,0.0,-3.6,1.5,5.12
1788648058.032,driving,-3.851,6.243,-12.5,1,27,322,-2.632,5.308,-8.9,1.536,16.513,0.35,0.0,1.5,5.45
1788648058.076,driving,-3.851,6.243,-14.0,1,27,322,-2.632,5.308,-7.8,1.536,16.513,0.35,0.0,1.5,5.45
1788648058.124,driving,-3.844,6.244,-17.1,1,27,322,-2.632,5.308,-5.1,1.531,16.511,0.35,0.0,1.5,5.84
1788648058.184,driving,-3.834,6.245,-19.3,2,27,322,-2.632,5.308,-3.4,1.524,16.508,0.35,0.0,1.5,5.84
1788648058.225,driving,-3.825,6.245,-22.5,2,27,322,-2.632,5.308,-0.5,1.517,16.505,0.35,0.0,1.5,5.81
1788648058.28,driving,-3.822,6.244,-24.2,2,27,322,-2.632,5.308,0.8,1.514,16.502,0.35,0.0,1.5,5.81
1788648058.336,driving,-3.803,6.241,-25.5,2,27,322,-2.632,5.308,1.7,1.497,16.492,0.35,0.0,1.5,5.85
1788648058.381,driving,-3.787,6.241,-25.2,2,27,322,-2.632,5.308,1.1,1.485,16.486,0.35,0.0,1.5,5.85
1788648058.428,driving,-3.768,6.236,-25.1,3,28,322,-2.582,5.258,0.6,1.538,16.475,0.35,0.0,1.5,5.81
1788648058.473,driving,-3.754,6.23,-25.0,3,28,322,-2.582,5.258,0.2,1.523,16.463,0.35,0.0,1.5,5.81
1788648058.526,driving,-3.725,6.222,-24.8,4,29,322,-2.532,5.208,-0.4,1.566,16.445,0.35,0.0,1.5,5.81
1788648058.579,driving,-3.696,6.217,-24.5,4,29,322,-2.532,5.208,-1.1,1.541,16.43,0.35,0.0,1.5,5.81
1788648058.631,driving,-3.673,6.209,-24.4,5,30,322,-2.497,5.173,-1.7,1.568,16.414,0.35,0.0,1.5,5.78
1788648058.685,driving,-3.657,6.202,-24.3,5,30,322,-2.497,5.173,-2.1,1.552,16.401,0.35,0.0,1.5,5.78
1788648058.731,driving,-3.633,6.197,-23.7,6,31,322,-2.432,5.108,-3.1,1.621,16.387,0.35,0.0,1.5,5.65
1788648058.782,driving,-3.616,6.196,-23.0,6,31,322,-2.432,5.108,-4.2,1.608,16.38,0.35,0.0,1.5,5.65
1788648058.973,driving,-3.538,6.168,-22.2,3,28,317,-2.382,5.108,-5.4,1.569,16.325,0.35,0.0,1.5,5.64
1788648058.974,driving,-3.538,6.168,-22.2,3,28,317,-2.382,5.108,-5.7,1.569,16.325,0.35,0.0,1.5,5.64
1788648059.023,driving,-3.509,6.156,-22.1,3,28,317,-2.382,5.108,-6.2,1.539,16.303,0.35,0.0,1.5,5.54
1788648059.074,driving,-3.493,6.149,-22.0,4,28,317,-2.382,5.108,-6.6,1.523,16.291,0.35,0.0,1.5,5.54
1788648059.123,driving,-3.47,6.139,-22.2,4,28,317,-2.382,5.108,-6.9,1.499,16.273,0.35,0.0,1.5,5.51
1788648059.173,driving,-3.454,6.13,-22.4,5,29,317,-2.332,5.058,-7.0,1.552,16.258,0.35,0.0,1.5,5.51
1788648059.227,driving,-3.432,6.119,-22.5,5,29,317,-2.332,5.058,-7.2,1.528,16.24,0.35,0.0,1.5,5.45
1788648059.275,driving,-3.415,6.112,-22.5,6,30,317,-2.282,5.008,-7.6,1.582,16.227,0.35,0.0,1.5,5.45
1788648059.325,driving,-3.398,6.105,-22.5,6,30,317,-2.282,5.008,-8.0,1.565,16.215,0.35,0.0,1.5,5.45
1788648059.382,driving,-3.376,6.096,-22.5,6,30,317,-2.282,5.008,-8.3,1.543,16.198,0.35,0.0,1.5,5.45
1788648059.436,driving,-3.35,6.085,-22.6,7,31,317,-2.232,4.958,-8.6,1.588,16.179,0.35,0.0,1.5,5.39
1788648059.481,driving,-3.32,6.072,-23.0,7,31,317,-2.232,4.958,-8.6,1.557,16.156,0.35,0.0,1.5,5.39
1788648059.531,driving,-3.303,6.065,-23.1,8,31,317,-2.232,4.958,-8.8,1.54,16.143,0.35,0.0,1.5,2.14
1788648059.579,driving,-3.271,6.051,-23.1,8,31,317,-2.232,4.958,-9.2,1.508,16.119,0.35,0.0,1.5,2.14
1788648059.636,driving,-3.251,6.043,-23.1,9,32,317,-2.182,4.908,-9.5,1.559,16.103,0.35,0.0,1.5,2.06
1788648059.673,driving,-3.234,6.036,-23.1,9,32,317,-2.182,4.908,-9.9,1.542,16.091,0.35,0.0,1.5,2.06
1788648059.724,driving,-3.206,6.024,-23.1,10,33,317,-2.132,4.858,-10.2,1.585,16.07,0.35,0.0,1.5,2.02
1788648059.78,driving,-3.186,6.017,-23.1,10,33,317,-2.132,4.858,-10.5,1.567,16.057,0.35,0.0,1.5,2.02
1788648059.831,driving,-3.162,6.008,-23.2,11,33,317,-2.132,4.858,-10.8,1.544,16.039,0.35,0.0,1.5,1.97
1788648059.876,driving,-3.139,5.999,-23.2,11,33,317,-2.132,4.858,-11.2,1.522,16.023,0.35,0.0,1.5,1.97
1788648060.0,driving,-3.1,5.982,-23.1,1,25,307,-2.132,4.858,-11.7,1.483,15.993,0.35,0.0,1.5,1.92
1788648060.027,driving,-3.064,5.968,-23.2,2,26,307,-2.082,4.808,-12.0,1.52,15.967,0.35,0.0,1.5,1.88
1788648060.079,driving,-3.04,5.959,-23.3,2,26,307,-2.082,4.808,-12.2,1.498,15.951,0.35,0.0,1.5,1.88
1788648060.128,driving,-3.005,5.945,-23.5,3,27,307,-2.032,4.758,-12.4,1.535,15.926,0.35,0.0,1.5,1.83
1788648060.174,driving,-2.992,5.94,-23.5,3,27,307,-2.032,4.758,-12.8,1.523,15.916,0.35,0.0,1.5,1.83
1788648060.23,driving,-2.967,5.929,-23.4,4,27,307,-2.032,4.758,-13.2,1.499,15.897,0.35,0.0,1.5,1.8
1788648060.276,driving,-2.949,5.921,-23.4,4,27,307,-2.032,4.758,-13.6,1.482,15.884,0.35,0.0,1.5,1.8
1788648060.328,driving,-2.929,5.912,-23.6,4,27,307,-2.032,4.758,-13.8,1.461,15.868,0.35,0.0,1.5,1.74
1788648060.373,driving,-2.905,5.899,-24.1,5,28,307,-1.982,4.708,-13.6,1.507,15.847,0.35,0.0,1.5,1.74
1788648060.425,driving,-2.879,5.885,-24.5,5,28,307,-1.982,4.708,-13.6,1.48,15.826,0.35,0.0,1.5,1.71
1788648060.477,driving,-2.861,5.877,-24.5,6,29,307,-1.932,4.658,-14.0,1.532,15.811,0.35,0.0,1.5,1.71
1788648060.525,driving,-2.833,5.864,-24.4,6,29,307,-1.932,4.658,-14.4,1.506,15.79,0.35,0.0,1.5,1.66
1788648060.574,driving,-2.818,5.857,-24.4,6,29,307,-1.932,4.658,-14.8,1.49,15.778,0.35,0.0,1.5,1.66
1788648060.626,driving,-2.795,5.843,-24.8,8,30,307,-1.882,4.608,-14.8,1.536,15.758,0.35,0.0,1.5,1.61
1788648060.675,driving,-2.782,5.832,-25.2,8,30,307,-1.882,4.608,-14.7,1.519,15.743,0.35,0.0,1.5,1.61
1788648060.728,driving,-2.765,5.82,-25.5,8,30,307,-1.882,4.608,-14.7,1.5,15.726,0.35,0.0,1.5,1.57
1788648060.773,driving,-2.746,5.811,-25.5,9,31,307,-1.832,4.558,-15.1,1.551,15.711,0.35,0.0,1.5,1.57
1788648060.827,driving,-2.716,5.797,-25.5,9,31,307,-1.832,4.558,-15.5,1.522,15.688,0.35,0.0,1.5,1.52
1788648060.878,driving,-2.7,5.789,-25.4,10,32,307,-1.782,4.508,-15.8,1.577,15.675,0.35,0.0,1.5,1.52
1788648060.932,turning,-2.68,5.776,-25.4,10,32,307,-1.782,4.508,-16.2,1.553,15.656,0.0,-3.6,1.5,1.47
1788648060.981,turning,-2.666,5.764,-25.4,11,33,307,-1.732,4.458,-16.5,1.606,15.64,0.0,-3.6,1.5,1.47
1788648061.045,turning,-2.643,5.75,-25.4,11,33,307,-1.732,4.458,-16.8,1.581,15.619,0.0,-3.6,1.5,1.44
1788648061.264,turning,-2.58,5.714,-27.1,2,27,301,-1.732,4.458,-15.5,1.515,15.564,0.0,-3.6,1.5,1.35
1788648061.277,turning,-2.577,5.708,-28.5,2,27,301,-1.732,4.458,-14.4,1.509,15.558,0.0,-3.6,1.5,1.35
1788648061.351,turning,-2.575,5.707,-30.3,2,27,301,-1.732,4.458,-12.9,1.507,15.556,0.0,-3.6,1.5,1.33
1788648061.374,turning,-2.574,5.706,-32.2,2,27,301,-1.732,4.458,-11.3,1.506,15.555,0.0,-3.6,1.5,1.33
1788648061.427,turning,-2.574,5.706,-34.9,2,27,301,-1.732,4.458,-9.0,1.505,15.555,0.0,-3.6,1.5,1.32
1788648061.477,driving,-2.574,5.706,-37.3,2,27,301,-1.732,4.458,-6.8,1.505,15.555,0.35,0.0,1.5,1.32
1788648061.537,driving,-2.568,5.698,-40.9,2,27,301,-1.732,4.458,-3.6,1.496,15.546,0.35,0.0,1.5,1.32
1788648061.576,driving,-2.564,5.692,-42.6,2,27,301,-1.732,4.458,-2.2,1.488,15.538,0.35,0.0,1.5,1.32
1788648061.625,driving,-2.562,5.69,-44.8,2,27,301,-1.732,4.458,-0.2,1.485,15.535,0.35,0.0,1.5,2.33
1788648061.675,driving,-2.562,5.69,-46.5,2,27,301,-1.732,4.458,1.2,1.486,15.536,0.35,0.0,1.5,2.33
1788648061.729,driving,-2.56,5.687,-48.5,2,27,301,-1.732,4.458,2.9,1.482,15.533,0.35,0.0,1.5,2.33
1788648061.779,driving,-2.558,5.685,-49.5,2,27,301,-1.732,4.458,3.7,1.48,15.53,0.35,0.0,1.5,2.33
1788648061.823,driving,-2.543,5.675,-50.0,3,28,301,-1.682,4.408,4.0,1.532,15.516,0.35,0.0,1.5,1.83
1788648061.878,driving,-2.528,5.667,-49.6,3,28,301,-1.682,4.408,3.3,1.517,15.503,0.35,0.0,1.5,1.83
1788648061.924,driving,-2.511,5.653,-49.3,3,28,301,-1.682,4.408,2.8,1.496,15.484,0.35,0.0,1.5,1.8
1788648061.973,driving,-2.5,5.641,-49.3,4,29,301,-1.632,4.358,2.6,1.55,15.47,0.35,0.0,1.5,1.8
1788648062.023,driving,-2.48,5.621,-49.1,4,29,301,-1.632,4.358,2.1,1.521,15.444,0.35,0.0,1.5,1.78
1788648062.077,driving,-2.463,5.604,-48.8,5,29,301,-1.632,4.358,1.5,1.498,15.422,0.35,0.0,1.5,1.78
1788648062.238,driving,-2.426,5.564,-48.6,1,30,329,-1.023,5.005,2.0,1.511,15.373,0.35,0.0,1.5,1.72
1788648062.278,driving,-2.405,5.546,-48.4,2,31,329,-0.976,4.989,2.4,1.534,15.349,0.35,0.0,1.5,1.72
1788648062.338,driving,-2.366,5.514,-48.0,3,32,329,-0.928,4.973,2.6,1.536,15.306,0.35,0.0,1.5,1.69
1788648062.377,driving,-2.353,5.499,-48.0,3,32,329,-0.928,4.973,3.3,1.519,15.288,0.35,0.0,1.5,1.69
1788648062.427,driving,-2.335,5.479,-48.0,4,33,329,-0.881,4.958,3.9,1.544,15.263,0.35,0.0,1.5,1.66
1788648062.477,driving,-2.324,5.467,-48.0,4,33,329,-0.881,4.958,4.5,1.531,15.249,0.35,0.0,1.5,1.66
1788648062.528,driving,-2.31,5.453,-47.9,4,33,329,-0.881,4.958,5.0,1.513,15.23,0.35,0.0,1.5,2.03
1788648062.578,driving,-2.287,5.43,-47.6,5,34,329,-0.833,4.942,5.3,1.534,15.202,0.35,0.0,1.5,2.03
1788648062.627,driving,-2.273,5.416,-47.5,5,34,329,-0.833,4.942,5.8,1.516,15.184,0.35,0.0,1.5,1.97
1788648062.677,driving,-2.258,5.399,-47.5,6,36,329,-0.738,4.91,6.4,1.596,15.163,0.35,0.0,1.5,1.97
1788648062.725,driving,-2.242,5.382,-47.5,6,36,329,-0.738,4.91,6.9,1.576,15.142,0.35,0.0,1.5,1.94
1788648062.786,driving,-2.227,5.366,-47.5,6,36,329,-0.738,4.91,7.5,1.557,15.122,0.35,0.0,1.5,1.94
1788648062.832,driving,-2.213,5.348,-47.7,6,36,329,-0.738,4.91,8.3,1.539,15.101,0.35,0.0,1.5,1.89
1788648062.875,driving,-2.206,5.338,-47.8,7,37,329,-0.691,4.894,9.0,1.579,15.089,0.35,0.0,1.5,1.89
1788648062.923,driving,-2.192,5.321,-48.0,7,37,329,-0.691,4.894,9.8,1.56,15.068,0.35,0.0,1.5,1.83
1788648062.979,driving,-2.173,5.3,-48.0,8,38,329,-0.644,4.879,10.3,1.587,15.042,0.35,0.0,1.5,1.83
1788648063.027,driving,-2.167,5.293,-48.0,8,38,329,-0.644,4.879,10.9,1.579,15.034,0.35,0.0,1.5,1.8
1788648063.074,driving,-2.148,5.272,-48.0,8,38,329,-0.644,4.879,11.4,1.556,15.008,0.35,0.0,1.5,1.8
1788648063.124,driving,-2.133,5.254,-48.0,9,39,329,-0.582,4.858,12.0,1.601,14.986,0.35,0.0,1.5,1.72
1788648063.176,driving,-2.108,5.222,-48.3,9,39,329,-0.582,4.858,12.8,1.568,14.948,0.35,0.0,1.5,1.72
1788648063.301,driving,-2.067,5.174,-48.4,2,30,320,-0.632,4.708,13.4,1.509,14.89,0.35,0.0,1.5,1.64
1788648063.325,driving,-2.067,5.174,-48.4,2,30,320,-0.632,4.708,13.8,1.509,14.89,0.35,0.0,1.5,1.64
1788648063.377,driving,-2.047,5.151,-48.4,2,30,320,-0.632,4.708,14.3,1.482,14.862,0.35,0.0,1.5,1.64
1788648063.426,driving,-2.025,5.13,-48.4,3,31,320,-0.582,4.703,14.7,1.505,14.834,0.35,0.0,1.5,1.61
1788648063.475,driving,-2.01,5.116,-48.4,3,31,320,-0.582,4.703,15.1,1.486,14.817,0.35,0.0,1.5,1.61
1788648063.529,driving,-1.996,5.102,-48.4,4,32,320,-0.532,4.699,15.5,1.518,14.799,0.35,0.0,1.5,1.55
1788648063.573,driving,-1.978,5.083,-48.4,4,32,320,-0.532,4.699,16.0,1.496,14.775,0.35,0.0,1.5,1.55
1788648063.627,turning,-1.968,5.071,-48.4,5,33,320,-0.483,4.694,16.4,1.532,14.761,0.0,3.6,1.5,1.5
1788648063.68,turning,-1.949,5.05,-48.4,5,33,320,-0.483,4.694,16.9,1.509,14.735,0.0,3.6,1.5,1.5
1788648063.731,turning,-1.925,5.027,-48.1,5,33,320,-0.483,4.694,17.0,1.48,14.706,0.0,3.6,1.5,1.46
1788648063.78,turning,-1.904,5.009,-47.7,6,35,320,-0.383,4.685,17.1,1.555,14.683,0.0,3.6,1.5,1.46
1788648063.829,turning,-1.879,4.986,-47.4,6,35,320,-0.383,4.685,17.3,1.526,14.653,0.0,3.6,1.5,1.41
1788648063.882,turning,-1.867,4.973,-46.7,7,36,320,-0.333,4.681,17.1,1.561,14.637,0.0,3.6,1.5,1.41
1788648063.93,turning,-1.864,4.97,-46.1,7,36,320,-0.333,4.681,16.9,1.558,14.633,0.0,3.6,1.5,1.35
1788648063.978,turning,-1.859,4.964,-43.6,7,36,320,-0.333,4.681,14.9,1.551,14.626,0.0,3.6,1.5,1.35
1788648064.027,turning,-1.857,4.964,-41.6,7,36,320,-0.333,4.681,13.3,1.55,14.625,0.0,3.6,1.5,1.35
1788648064.075,driving,-1.856,4.966,-38.2,7,36,320,-0.333,4.681,10.3,1.549,14.627,0.35,0.0,1.5,1.35
1788648064.131,driving,-1.855,4.966,-34.8,7,36,320,-0.333,4.681,7.4,1.548,14.627,0.35,0.0,1.5,1.52
1788648064.176,driving,-1.853,4.966,-31.2,7,36,320,-0.333,4.681,4.2,1.546,14.626,0.35,0.0,1.5,1.52
1788648064.225,driving,-1.852,4.965,-27.2,7,36,320,-0.333,4.681,0.6,1.545,14.625,0.35,0.0,1.5,1.32
1788648064.276,driving,-1.85,4.964,-24.8,7,36,320,-0.333,4.681,-1.4,1.543,14.624,0.35,0.0,1.5,1.32
1788648064.342,driving,-1.845,4.96,-22.1,7,36,320,-0.333,4.681,-3.7,1.537,14.618,0.35,0.0,1.5,1.32
1788648064.477,driving,-1.813,4.94,-20.0,0,29,314,-0.382,4.658,-5.4,1.458,14.589,0.35,0.0,1.5,1.3
1788648064.53,driving,-1.785,4.928,-20.7,1,30,314,-0.332,4.658,-4.3,1.478,14.57,0.35,0.0,1.5,1.28
1788648064.578,driving,-1.761,4.914,-22.0,2,31,314,-0.282,4.658,-2.7,1.501,14.55,0.35,0.0,1.5,1.28
1788648064.629,driving,-1.744,4.904,-22.2,2,31,314,-0.282,4.658,-2.1,1.482,14.535,0.35,0.0,1.5,1.24
1788648064.679,driving,-1.717,4.888,-22.5,3,32,314,-0.232,4.608,-1.5,1.511,14.511,0.35,0.0,1.5,1.24
1788648064.747,driving,-1.698,4.876,-22.8,3,32,314,-0.232,4.608,-0.9,1.49,14.495,0.35,0.0,1.5,1.22
1788648064.774,driving,-1.691,4.872,-22.9,3,32,314,-0.232,4.608,-0.4,1.482,14.489,0.35,0.0,1.5,1.22
1788648064.825,driving,-1.656,4.853,-23.2,4,33,314,-0.182,4.608,0.3,1.495,14.46,0.346,0.0,1.5,1.18
1788648064.876,driving,-1.638,4.845,-23.2,4,33,314,-0.182,4.608,0.6,1.475,14.447,0.346,0.0,1.5,1.18
1788648064.925,driving,-1.616,4.835,-23.1,5,34,314,-0.132,4.608,0.8,1.501,14.432,0.346,0.0,1.5,1.18
1788648064.975,driving,-1.595,4.826,-23.0,5,34,314,-0.132,4.608,1.1,1.479,14.417,0.346,0.0,1.5,1.18
1788648065.034,driving,-1.574,4.817,-23.0,6,35,314,-0.082,4.608,1.4,1.507,14.403,0.335,0.0,1.5,1.1
1788648065.076,driving,-1.566,4.814,-22.9,6,35,314,-0.082,4.608,1.7,1.498,14.397,0.335,0.0,1.5,1.1
1788648065.136,driving,-1.54,4.805,-22.7,7,36,314,-0.032,4.558,1.7,1.528,14.381,0.33,0.0,1.5,1.07
1788648065.179,driving,-1.504,4.8,-21.8,7,36,314,-0.032,4.558,1.1,1.492,14.367,0.33,0.0,1.5,1.07
1788648065.231,driving,-1.476,4.794,-21.3,8,36,314,-0.032,4.558,0.9,1.463,14.353,0.327,0.0,1.5,1.05
1788648065.279,driving,-1.461,4.788,-21.3,8,36,314,-0.032,4.558,1.2,1.447,14.343,0.327,0.0,1.5,1.05
1788648065.327,driving,-1.445,4.782,-21.3,8,36,314,-0.032,4.558,1.4,1.431,14.333,0.316,0.0,1.5,0.98
1788648065.377,driving,-1.427,4.774,-21.2,9,37,314,0.018,4.558,1.6,1.461,14.32,0.316,0.0,1.5,0.98
1788648065.425,driving,-1.397,4.763,-21.0,9,37,314,0.018,4.558,1.7,1.43,14.302,0.311,0.0,1.5,0.94
1788648065.478,driving,-1.378,4.757,-20.7,10,38,314,0.068,4.508,1.6,1.467,14.29,0.311,0.0,1.5,0.94
1788648065.647,driving,-1.298,4.728,-20.2,0,30,284,-1.282,3.308,-0.6,1.42,14.241,0.299,0.0,1.5,0.87
1788648065.684,driving,-1.281,4.722,-20.1,0,30,284,-1.282,3.308,-2.4,1.414,14.23,0.299,0.0,1.5,0.87
1788648065.724,driving,-1.267,4.716,-20.1,0,30,284,-1.282,3.308,-4.1,1.409,14.221,0.301,0.0,1.5,0.88
1788648065.773,driving,-1.248,4.704,-20.2,0,30,284,-1.282,3.308,-5.7,1.396,14.204,0.301,0.0,1.5,0.88
1788648065.824,driving,-1.227,4.694,-20.2,0,30,284,-1.282,3.308,-7.3,1.387,14.189,0.299,0.0,1.5,0.87
1788648065.878,driving,-1.212,4.688,-20.1,1,13,284,-1.525,4.108,-12.9,0.659,14.179,0.299,0.0,0.6,0.87
1788648065.928,turning,-1.19,4.68,-20.0,1,13,284,-1.525,4.108,-18.2,0.663,14.166,0.0,-3.6,0.6,0.88
1788648065.982,turning,-1.178,4.676,-20.0,1,13,284,-1.525,4.108,-23.3,0.665,14.159,0.0,-3.6,0.6,0.88
1788648066.032,turning,-1.161,4.669,-19.8,1,13,284,-1.525,4.108,-28.3,0.669,14.147,0.0,-3.6,0.6,0.88
1788648066.073,turning,-1.138,4.656,-19.2,1,13,284,-1.525,4.108,-33.6,0.671,14.129,0.0,-3.6,0.6,0.88
1788648066.128,turning,-1.135,4.655,-19.1,1,13,284,-1.525,4.108,-38.1,0.671,14.127,0.0,-3.6,0.6,0.87
1788648066.177,turning,-1.129,4.652,-19.0,1,13,284,-1.525,4.108,-42.3,0.673,14.124,0.0,-3.6,0.6,0.87
1788648066.226,turning,-1.106,4.645,-20.2,1,13,284,-1.525,4.108,-45.2,0.68,14.11,0.0,-3.6,0.6,0.85
1788648066.279,turning,-1.103,4.643,-22.1,1,13,284,-1.525,4.108,-47.1,0.681,14.108,0.0,-3.6,0.6,0.85
1788648066.327,turning,-1.098,4.643,-25.0,1,13,284,-1.525,4.108,-47.8,0.684,14.106,0.0,-3.6,0.6,0.83
1788648066.375,turning,-1.093,4.643,-27.1,1,13,284,-1.525,4.108,-49.1,0.687,14.105,0.0,-3.6,0.6,0.83
1788648066.425,turning,-1.089,4.642,-30.7,1,13,284,-1.525,4.108,-48.7,0.689,14.103,0.0,-3.6,0.6,0.79
1788648066.483,driving,-1.088,4.642,-33.3,1,13,284,-1.525,4.108,-49.1,0.69,14.102,0.287,0.0,0.6,0.79
1788648066.523,turning,-1.087,4.641,-36.2,1,13,284,-1.525,4.108,-49.1,0.69,14.102,0.0,-3.6,0.6,0.73
1788648066.576,turning,-1.086,4.64,-39.9,1,13,284,-1.525,4.108,-48.1,0.69,14.101,0.0,-3.6,0.6,0.73
1788648066.674,turning,-1.085,4.64,-43.8,0,9,277,-1.478,4.208,-46.9,0.583,14.1,0.0,-3.6,0.6,0.68
1788648066.729,turning,-1.082,4.636,-49.3,0,9,277,-1.478,4.208,-43.9,0.583,14.095,0.0,-3.6,0.6,0.63
1788648066.776,turning,-1.079,4.632,-51.2,0,9,277,-1.478,4.208,-44.5,0.582,14.091,0.0,-3.6,0.6,0.63
1788648066.828,turning,-1.067,4.628,-54.2,0,9,277,-1.478,4.208,-43.8,0.587,14.084,0.0,-3.6,0.6,0.63
1788648066.874,turning,-1.058,4.627,-55.6,0,9,277,-1.478,4.208,-44.6,0.593,14.081,0.0,-3.6,0.6,0.63
1788648066.926,turning,-1.046,4.625,-58.0,0,9,277,-1.478,4.208,-44.4,0.601,14.076,0.0,-3.6,0.6,0.62
1788648066.977,turning,-1.039,4.623,-59.4,0,9,277,-1.478,4.208,-45.1,0.604,14.072,0.0,-3.6,0.6,0.62
1788648067.027,turning,-1.03,4.621,-60.7,0,9,277,-1.478,4.208,-45.7,0.609,14.068,0.0,-3.6,0.6,0.59
1788648067.073,turning,-1.015,4.618,-62.4,0,9,277,-1.478,4.208,-46.0,0.619,14.061,0.0,-3.6,0.6,0.59
1788648067.144,turning,-0.991,4.611,-64.8,0,9,277,-1.478,4.208,-45.5,0.632,14.048,0.0,-3.6,0.6,0.59
1788648067.173,turning,-0.991,4.611,-64.8,0,9,277,-1.478,4.208,-47.3,0.632,14.048,0.0,-3.6,0.6,0.59
1788648067.234,turning,-0.964,4.6,-69.4,0,9,277,-1.478,4.208,-44.6,0.646,14.031,0.0,-3.6,0.6,0.59
1788648067.28,turning,-0.964,4.6,-72.8,0,9,277,-1.478,4.208,-42.9,0.646,14.031,0.0,-3.6,0.6,0.59
1788648067.351,turning,-0.966,4.598,-75.4,0,9,277,-1.478,4.208,-42.0,0.643,14.029,0.0,-3.6,0.6,0.57
1788648067.379,driving,-0.972,4.592,-79.2,0,9,277,-1.478,4.208,-39.7,0.635,14.025,0.254,0.0,0.6,0.57
1788648067.424,turning,-0.975,4.589,-83.5,0,9,277,-1.478,4.208,-36.9,0.631,14.023,0.0,-3.6,0.6,0.57
1788648067.474,turning,-0.975,4.589,-86.2,0,9,277,-1.478,4.208,-35.6,0.631,14.023,0.0,-3.6,0.6,0.57
1788648067.526,turning,-0.975,4.588,-89.2,0,9,277,-1.478,4.208,-33.8,0.63,14.022,0.0,-3.6,0.6,0.57
1788648067.578,turning,-0.972,4.584,-93.0,0,9,277,-1.478,4.208,-31.2,0.63,14.017,0.0,-3.6,0.6,0.57
1788648067.634,turning,-0.972,4.579,-96.1,0,9,277,-1.478,4.208,-29.4,0.628,14.012,0.0,-3.6,0.6,0.57
1788648067.675,turning,-0.972,4.578,-98.2,0,9,277,-1.478,4.208,-28.4,0.627,14.011,0.0,-3.6,0.6,0.57
1788648067.727,turning,-0.972,4.577,-99.8,0,9,277,-1.478,4.208,-27.8,0.626,14.011,0.0,-3.6,0.6,0.59
1788648067.802,turning,-0.969,4.563,-103.6,0,11,282,-1.532,4.358,-25.9,0.599,13.996,0.0,-3.6,0.6,0.59
1788648067.828,turning,-0.968,4.557,-106.7,0,11,282,-1.532,4.358,-24.8,0.598,13.99,0.0,-3.6,0.6,0.59
1788648067.881,turning,-0.968,4.557,-107.7,0,11,282,-1.532,4.358,-25.6,0.598,13.99,0.0,-3.6,0.6,0.59
1788648067.932,turning,-0.968,4.557,-110.4,0,11,282,-1.532,4.358,-24.5,0.598,13.991,0.0,-3.6,0.6,5.7
1788648067.982,driving,-0.966,4.564,-112.9,0,11,282,-1.532,4.358,-23.5,0.603,13.996,0.35,0.0,0.6,5.7
1788648068.03,turning,-0.965,4.568,-114.8,0,11,282,-1.532,4.358,-23.0,0.604,14.001,0.0,-3.6,0.6,1.42
1788648068.096,turning,-0.969,4.578,-117.5,0,11,282,-1.532,4.358,-21.5,0.604,14.011,0.0,-3.6,0.6,1.42
1788648068.128,turning,-0.97,4.585,-119.4,0,11,282,-1.532,4.358,-20.8,0.606,14.018,0.0,-3.6,0.6,1.39
1788648068.175,turning,-0.97,4.585,-121.7,0,11,282,-1.532,4.358,-19.6,0.606,14.018,0.0,-3.6,0.6,1.39
1788648068.226,turning,-0.974,4.578,-122.9,0,11,282,-1.532,4.358,-19.4,0.6,14.012,0.0,-3.6,0.6,1.39
1788648068.277,turning,-0.977,4.572,-123.0,0,11,282,-1.532,4.358,-20.3,0.595,14.007,0.0,-3.6,0.6,1.39
1788648068.323,turning,-0.98,4.566,-123.5,0,11,282,-1.532,4.358,-20.8,0.59,14.002,0.0,-3.6,0.6,1.39
1788648068.373,turning,-0.981,4.565,-124.6,0,11,282,-1.532,4.358,-20.6,0.589,14.001,0.0,-3.6,0.6,1.39
1788648068.424,turning,-0.982,4.565,-126.2,0,11,282,-1.532,4.358,-19.9,0.588,14.001,0.0,-3.6,0.6,1.38
1788648068.475,turning,-0.984,4.565,-127.8,0,11,282,-1.532,4.358,-19.1,0.586,14.002,0.0,-3.6,0.6,1.38
1788648068.528,turning,-0.986,4.566,-129.7,0,11,282,-1.532,4.358,-17.9,0.585,14.003,0.0,-3.6,0.6,1.36
1788648068.574,driving,-0.985,4.567,-132.6,0,11,282,-1.532,4.358,-15.7,0.585,14.004,0.35,0.0,0.6,1.36
1788648068.626,driving,-0.982,4.568,-136.1,0,11,282,-1.532,4.358,-12.9,0.588,14.005,0.35,0.0,0.6,1.39
1788648068.676,driving,-0.979,4.57,-138.5,0,11,282,-1.532,4.358,-11.1,0.593,14.006,0.35,0.0,0.6,1.39
1788648068.724,driving,-0.975,4.573,-141.2,0,11,282,-1.532,4.358,-8.9,0.597,14.007,0.35,0.0,0.6,1.39
1788648068.776,driving,-0.977,4.571,-144.1,0,11,282,-1.532,4.358,-6.6,0.594,14.006,0.35,0.0,0.6,1.39
1788648068.838,driving,-0.98,4.569,-146.4,0,11,282,-1.532,4.358,-4.8,0.591,14.005,0.35,0.0,0.6,1.35
1788648069.027,driving,-1.049,4.536,-147.3,0,11,280,-1.437,4.308,-3.8,0.449,13.991,0.35,0.0,0.6,1.33
1788648069.082,driving,-1.069,4.524,-147.2,2,13,280,-1.446,4.209,-3.2,0.491,13.984,0.35,0.0,0.6,1.33
1788648069.124,driving,-1.091,4.511,-146.6,2,13,280,-1.446,4.209,-3.2,0.466,13.977,0.35,0.0,0.6,1.25
1788648069.174,driving,-1.108,4.5,-145.8,3,14,280,-1.45,4.159,-3.1,0.483,13.971,0.35,0.0,0.6,1.25
1788648069.224,driving,-1.129,4.485,-145.3,3,14,280,-1.45,4.159,-2.7,0.458,13.962,0.342,0.0,0.6,1.14
1788648069.274,driving,-1.143,4.476,-145.2,5,17,280,-1.464,4.009,-1.4,0.566,13.956,0.342,0.0,0.6,1.14
1788648069.325,driving,-1.159,4.466,-145.2,5,17,280,-1.464,4.009,-0.0,0.549,13.952,0.337,0.0,0.6,1.11
1788648069.376,driving,-1.189,4.458,-145.1,6,18,280,-1.468,3.96,1.5,0.571,13.952,0.337,0.0,0.6,1.11
1788648069.429,driving,-1.21,4.448,-145.1,6,18,280,-1.468,3.96,3.0,0.552,13.947,0.337,0.0,0.6,1.11
1788648069.484,driving,-1.233,4.432,-145.0,7,19,280,-1.473,3.91,4.6,0.574,13.938,0.325,0.0,0.6,1.04
1788648069.524,driving,-1.247,4.422,-144.9,7,19,280,-1.473,3.91,6.1,0.56,13.932,0.325,0.0,0.6,1.04
1788648069.575,driving,-1.262,4.411,-144.9,7,19,280,-1.473,3.91,7.6,0.544,13.926,0.325,0.0,0.6,1.04
1788648069.627,driving,-1.281,4.399,-144.9,8,20,280,-1.477,3.86,9.3,0.574,13.919,0.32,0.0,0.6,1.01
1788648069.675,driving,-1.318,4.376,-145.2,9,21,280,-1.482,3.808,11.4,0.592,13.908,0.32,0.0,0.6,1.01
1788648069.723,driving,-1.345,4.36,-145.3,9,21,280,-1.482,3.808,13.3,0.569,13.899,0.313,0.0,0.6,0.96
1788648069.773,driving,-1.359,4.35,-145.2,9,21,280,-1.482,3.808,15.0,0.555,13.893,0.313,0.0,0.6,0.96
1788648069.824,turning,-1.373,4.34,-145.2,10,22,280,-1.447,3.773,16.9,0.572,13.888,0.0,3.6,0.6,0.91
1788648069.874,turning,-1.393,4.326,-145.1,11,23,280,-1.411,3.737,19.1,0.589,13.88,0.0,3.6,0.6,0.91
1788648069.929,turning,-1.411,4.322,-145.1,11,23,280,-1.411,3.737,21.2,0.584,13.881,0.0,3.6,0.6,0.91
1788648070.032,turning,-1.439,4.32,-145.1,0,12,270,-1.347,3.723,23.8,0.604,13.888,0.0,3.6,0.6,0.83
1788648070.073,turning,-1.451,4.312,-144.7,0,12,270,-1.347,3.723,26.0,0.598,13.883,0.0,3.6,0.6,0.83
1788648070.127,turning,-1.461,4.305,-143.9,1,13,270,-1.311,3.687,27.7,0.635,13.879,0.0,3.6,0.6,0.79
1788648070.174,turning,-1.469,4.298,-142.5,1,13,270,-1.311,3.687,28.7,0.631,13.875,0.0,3.6,0.6,0.79
1788648070.224,turning,-1.472,4.298,-139.8,1,13,270,-1.311,3.687,28.4,0.632,13.876,0.0,3.6,0.6,0.76
1788648070.292,turning,-1.473,4.301,-138.1,1,13,270,-1.311,3.687,28.9,0.635,13.879,0.0,3.6,0.6,0.76
1788648070.359,driving,-1.473,4.303,-134.0,1,13,270,-1.311,3.687,26.9,0.637,13.882,0.299,0.0,0.6,0.87
1788648070.38,turning,-1.474,4.303,-131.9,1,13,270,-1.311,3.687,26.7,0.637,13.881,0.0,3.6,0.6,0.87
1788648070.425,turning,-1.474,4.303,-128.1,1,13,270,-1.311,3.687,24.7,0.637,13.881,0.0,3.6,0.6,0.73
1788648070.476,turning,-1.474,4.303,-125.6,1,13,270,-1.311,3.687,23.9,0.636,13.881,0.0,3.6,0.6,0.73
1788648070.525,turning,-1.474,4.304,-121.4,1,13,270,-1.311,3.687,21.4,0.638,13.882,0.0,3.6,0.6,0.77
1788648070.577,turning,-1.476,4.303,-119.2,1,13,270,-1.311,3.687,20.6,0.637,13.882,0.0,3.6,0.6,0.77
1788648070.623,turning,-1.479,4.297,-116.5,1,13,270,-1.311,3.687,19.4,0.633,13.877,0.0,3.6,0.6,0.79
1788648070.676,turning,-1.481,4.294,-114.7,1,13,270,-1.311,3.687,18.9,0.63,13.875,0.0,3.6,0.6,0.79
1788648070.727,driving,-1.482,4.292,-112.1,1,13,270,-1.311,3.687,17.7,0.628,13.873,0.285,0.0,0.6,0.77
1788648070.774,turning,-1.482,4.291,-111.0,1,13,270,-1.311,3.687,17.8,0.628,13.873,0.0,3.6,0.6,0.77
1788648070.829,turning,-1.486,4.29,-108.0,1,13,270,-1.311,3.687,16.0,0.628,13.872,0.0,3.6,0.6,0.76
1788648070.891,turning,-1.491,4.29,-105.7,1,13,270,-1.311,3.687,14.8,0.629,13.874,0.0,3.6,0.6,0.74
1788648070.933,turning,-1.494,4.29,-104.4,1,13,270,-1.311,3.687,14.5,0.63,13.875,0.0,3.6,0.6,0.74
1788648070.976,driving,-1.492,4.289,-101.0,1,13,270,-1.311,3.687,12.2,0.628,13.873,0.28,0.0,0.6,0.74
1788648071.105,driving,-1.505,4.265,-99.5,1,13,268,-1.332,3.658,11.6,0.631,13.854,0.35,0.0,0.6,5.34
1788648071.127,driving,-1.508,4.26,-99.1,1,13,268,-1.332,3.658,12.1,0.627,13.85,0.35,0.0,0.6,5.34
1788648071.181,driving,-1.508,4.257,-97.2,1,13,268,-1.332,3.658,11.0,0.625,13.848,0.35,0.0,0.6,5.34
1788648071.229,driving,-1.51,4.254,-96.3,1,13,268,-1.332,3.658,10.8,0.622,13.845,0.35,0.0,0.6,5.32
1788648071.273,driving,-1.517,4.234,-94.9,1,13,268,-1.332,3.658,10.2,0.605,13.828,0.35,0.0,0.6,5.32
1788648071.324,driving,-1.519,4.224,-94.8,1,13,268,-1.332,3.658,10.9,0.596,13.819,0.35,0.0,0.6,5.31
1788648071.378,driving,-1.521,4.209,-94.8,2,14,268,-1.282,3.608,11.8,0.646,13.805,0.35,0.0,0.6,5.31
1788648071.427,driving,-1.527,4.188,-94.7,2,14,268,-1.282,3.608,12.7,0.629,13.786,0.35,0.0,0.6,5.28
1788648071.474,driving,-1.533,4.17,-94.6,2,14,268,-1.282,3.608,13.6,0.615,13.771,0.35,0.0,0.6,5.28
1788648071.523,driving,-1.538,4.144,-94.5,3,15,268,-1.232,3.558,14.6,0.661,13.748,0.35,0.0,0.6,5.25
1788648071.574,driving,-1.54,4.126,-94.4,3,15,268,-1.232,3.558,15.6,0.646,13.731,0.35,0.0,0.6,5.25
1788648071.625,turning,-1.541,4.102,-94.3,4,15,268,-1.232,3.558,16.7,0.626,13.709,0.0,3.6,0.6,5.2
1788648071.685,turning,-1.543,4.085,-94.3,4,15,268,-1.232,3.558,17.7,0.612,13.693,0.0,3.6,0.6,5.2
1788648071.725,turning,-1.54,4.063,-94.0,4,15,268,-1.232,3.558,18.5,0.591,13.671,0.0,3.6,0.6,5.15
1788648071.778,turning,-1.537,4.049,-93.7,5,29,268,-0.532,2.858,18.9,1.558,13.657,0.0,3.6,1.5,5.15
1788648071.837,turning,-1.535,4.022,-93.4,5,29,268,-0.532,2.858,19.2,1.536,13.631,0.0,3.6,1.5,5.11
1788648071.877,turning,-1.536,4.006,-93.3,6,30,268,-0.482,2.808,19.7,1.595,13.615,0.0,3.6,1.5,5.11
1788648071.926,turning,-1.536,3.994,-92.3,6,30,268,-0.482,2.808,19.3,1.587,13.605,0.0,3.6,1.5,5.06
1788648071.98,turning,-1.536,3.992,-91.3,6,30,268,-0.482,2.808,18.9,1.586,13.603,0.0,3.6,1.5,5.06
1788648072.03,turning,-1.536,3.982,-87.9,6,30,268,-0.482,2.808,16.1,1.578,13.593,0.0,3.6,1.5,5.05
1788648072.077,turning,-1.536,3.981,-86.5,6,30,268,-0.482,2.808,15.4,1.577,13.592,0.0,3.6,1.5,5.05
1788648072.269,turning,-1.529,3.959,-73.0,0,22,261,-0.532,2.858,2.4,1.485,13.569,0.0,-3.6,1.5,5.03
1788648072.276,turning,-1.529,3.959,-73.0,0,22,261,-0.532,2.858,3.0,1.485,13.569,0.0,-3.6,1.5,5.03
1788648072.323,turning,-1.53,3.961,-68.5,0,22,261,-0.532,2.858,-0.9,1.487,13.57,0.0,-3.6,1.5,5.01
1788648072.379,turning,-1.528,3.956,-65.0,0,22,261,-0.532,2.858,-3.9,1.483,13.566,0.0,-3.6,1.5,5.01
1788648072.427,turning,-1.528,3.956,-60.8,0,22,261,-0.532,2.858,-7.6,1.483,13.566,0.0,-3.6,1.5,5.01
1788648072.479,turning,-1.527,3.955,-58.2,0,22,261,-0.532,2.858,-9.7,1.481,13.564,0.0,-3.6,1.5,5.01
1788648072.536,turning,-1.527,3.952,-56.5,0,22,261,-0.532,2.858,-11.0,1.479,13.562,0.0,-3.6,1.5,5.01
1788648072.58,turning,-1.54,3.941,-55.1,0,22,261,-0.532,2.858,-11.8,1.479,13.554,0.0,-3.6,1.5,5.01
1788648072.625,turning,-1.534,3.934,-55.6,0,22,261,-0.532,2.858,-10.8,1.471,13.546,0.0,-3.6,1.5,5.01
1788648072.682,turning,-1.526,3.932,-56.2,0,22,261,-0.532,2.858,-9.8,1.463,13.542,0.0,-3.6,1.5,5.01
1788648072.727,turning,-1.524,3.921,-57.3,0,22,261,-0.532,2.858,-8.2,1.453,13.53,0.0,-3.6,1.5,5.0
1788648072.774,turning,-1.527,3.91,-58.4,1,23,261,-0.482,2.808,-6.6,1.519,13.521,0.0,-3.6,1.5,5.0
1788648072.835,turning,-1.53,3.905,-60.4,1,23,261,-0.482,2.808,-4.1,1.517,13.517,0.0,-3.6,1.5,5.01
1788648072.875,turning,-1.53,3.906,-61.1,1,23,261,-0.482,2.808,-3.0,1.518,13.519,0.0,-3.6,1.5,5.01
1788648072.926,turning,-1.531,3.909,-63.6,0,22,261,-0.532,2.858,-0.1,1.45,13.522,0.0,-3.6,1.5,5.01
1788648072.975,turning,-1.532,3.909,-65.1,0,22,261,-0.532,2.858,1.9,1.451,13.522,0.0,-3.6,1.5,5.01
1788648073.027,turning,-1.533,3.91,-66.8,0,22,261,-0.532,2.858,4.0,1.452,13.523,0.0,-3.6,1.5,5.01
1788648073.077,turning,-1.534,3.912,-68.5,0,22,261,-0.532,2.858,6.0,1.455,13.526,0.0,-3.6,1.5,5.01
1788648073.126,turning,-1.535,3.916,-70.8,0,22,261,-0.532,2.858,8.8,1.458,13.529,0.0,-3.6,1.5,5.03
1788648073.176,driving,-1.537,3.92,-73.1,0,22,261,-0.532,2.858,11.5,1.462,13.533,0.35,0.0,1.5,5.03
1788648073.225,driving,-1.538,3.923,-75.7,0,22,261,-0.532,2.858,14.5,1.465,13.537,0.35,0.0,1.5,5.03
1788648073.455,turning,-1.543,3.92,-83.2,0,25,262,-0.432,2.808,22.3,1.572,13.536,0.0,3.6,1.5,5.03
1788648073.476,turning,-1.548,3.908,-83.6,0,25,262,-0.432,2.808,23.1,1.568,13.526,0.0,3.6,1.5,5.03
1788648073.525,turning,-1.55,3.893,-83.7,0,25,262,-0.432,2.808,23.7,1.558,13.512,0.0,3.6,1.5,5.03
1788648073.581,turning,-1.548,3.875,-83.7,0,25,262,-0.432,2.808,24.0,1.544,13.495,0.0,3.6,1.5,5.03
1788648073.627,turning,-1.546,3.862,-83.6,0,25,262,-0.432,2.808,24.3,1.534,13.481,0.0,3.6,1.5,5.01
1788648073.679,turning,-1.542,3.829,-83.4,1,26,262,-0.382,2.758,24.6,1.579,13.448,0.0,3.6,1.5,5.01
1788648073.729,turning,-1.538,3.8,-83.2,1,26,262,-0.382,2.758,24.7,1.557,13.42,0.0,3.6,1.5,4.98
1788648073.777,turning,-1.537,3.792,-83.0,1,26,262,-0.382,2.758,24.9,1.55,13.411,0.0,3.6,1.5,4.98
1788648073.839,turning,-1.536,3.784,-82.4,1,26,262,-0.382,2.758,24.7,1.544,13.403,0.0,3.6,1.5,4.95
1788648073.874,turning,-1.531,3.766,-80.5,1,26,262,-0.382,2.758,23.3,1.529,13.385,0.0,3.6,1.5,4.95
1788648073.924,turning,-1.528,3.756,-79.2,2,27,262,-0.332,2.708,22.4,1.59,13.375,0.0,3.6,1.5,4.92
1788648073.975,turning,-1.527,3.751,-77.5,2,27,262,-0.332,2.708,21.1,1.586,13.37,0.0,3.6,1.5,4.92
1788648074.024,turning,-1.526,3.749,-76.3,2,27,262,-0.332,2.708,20.2,1.584,13.367,0.0,3.6,1.5,4.89
1788648074.076,turning,-1.525,3.743,-74.0,2,27,262,-0.332,2.708,18.4,1.579,13.361,0.0,3.6,1.5,4.89
1788648074.127,turning,-1.524,3.739,-72.8,2,27,262,-0.332,2.708,17.4,1.576,13.357,0.0,3.6,1.5,4.87
1788648074.177,turning,-1.523,3.736,-71.5,2,27,262,-0.332,2.708,16.6,1.573,13.354,0.0,3.6,1.5,4.87
1788648074.237,turning,-1.522,3.734,-70.3,2,27,262,-0.332,2.708,15.6,1.571,13.352,0.0,3.6,1.5,4.84
1788648074.281,turning,-1.521,3.731,-68.5,2,27,262,-0.332,2.708,14.2,1.569,13.349,0.0,3.6,1.5,4.84
1788648074.325,turning,-1.52,3.729,-67.6,2,27,262,-0.332,2.708,13.7,1.567,13.347,0.0,3.6,1.5,4.81
1788648074.552,driving,-1.517,3.72,-61.7,0,23,258,-0.432,2.608,8.0,1.554,13.337,0.35,0.0,1.5,4.78
1788648074.573,driving,-1.511,3.72,-59.9,0,23,258,-0.432,2.608,6.4,1.549,13.335,0.35,0.0,1.5,4.78
1788648074.626,driving,-1.506,3.718,-57.5,0,23,258,-0.432,2.608,4.2,1.544,13.331,0.35,0.0,1.5,4.75
1788648074.677,driving,-1.505,3.716,-56.9,0,23,258,-0.432,2.608,3.7,1.543,13.33,0.35,0.0,1.5,4.75
1788648074.726,driving,-1.502,3.712,-54.7,0,23,258,-0.432,2.608,1.7,1.538,13.325,0.35,0.0,1.5,4.72
1788648074.777,driving,-1.501,3.707,-52.6,0,23,258,-0.432,2.608,-0.2,1.533,13.319,0.35,0.0,1.5,4.72
1788648074.829,driving,-1.497,3.7,-51.1,0,23,258,-0.432,2.608,-1.6,1.525,13.312,0.35,0.0,1.5,4.69
1788648074.882,driving,-1.483,3.681,-50.9,1,24,258,-0.382,2.558,-1.5,1.573,13.29,0.35,0.0,1.5,4.69
1788648074.927,driving,-1.478,3.674,-51.0,1,24,258,-0.382,2.558,-1.3,1.564,13.282,0.35,0.0,1.5,4.67
1788648074.976,driving,-1.466,3.639,-51.1,1,24,258,-0.382,2.558,-1.0,1.531,13.244,0.35,0.0,1.5,4.67
1788648075.028,driving,-1.454,3.617,-51.2,2,25,258,-0.332,2.508,-0.7,1.578,13.22,0.35,0.0,1.5,4.61
1788648075.075,driving,-1.443,3.603,-51.2,2,25,258,-0.332,2.508,-0.5,1.56,13.203,0.35,0.0,1.5,4.61
1788648075.13,driving,-1.431,3.581,-51.4,2,25,258,-0.332,2.508,-0.1,1.536,13.178,0.35,0.0,1.5,4.52
1788648075.183,driving,-1.423,3.562,-51.7,3,26,258,-0.282,2.458,0.3,1.588,13.158,0.35,0.0,1.5,4.52
1788648075.224,driving,-1.415,3.546,-51.9,3,26,258,-0.282,2.458,0.7,1.571,13.141,0.35,0.0,1.5,4.44
1788648075.279,driving,-1.397,3.524,-51.9,3,26,258,-0.282,2.458,0.9,1.543,13.114,0.35,0.0,1.5,4.44
1788648075.325,driving,-1.386,3.51,-51.9,3,26,258,-0.282,2.458,1.1,1.525,13.097,0.35,0.0,1.5,4.35
1788648075.376,driving,-1.37,3.489,-51.8,4,27,258,-0.232,2.408,1.2,1.57,13.073,0.35,0.0,1.5,4.35
1788648075.426,driving,-1.356,3.471,-51.8,4,27,258,-0.232,2.408,1.3,1.547,13.051,0.35,0.0,1.5,4.28
1788648075.581,driving,-1.323,3.412,-51.5,2,24,254,-0.182,2.308,1.2,1.588,12.985,0.35,0.0,1.5,4.24
1788648075.623,driving,-1.309,3.388,-51.4,2,24,254,-0.182,2.308,1.2,1.561,12.958,0.35,0.0,1.5,4.21
1788648075.683,driving,-1.298,3.373,-51.3,2,24,254,-0.182,2.308,1.3,1.543,12.941,0.35,0.0,1.5,4.21
1788648075.731,driving,-1.281,3.352,-51.2,3,25,254,-0.132,2.258,1.4,1.586,12.915,0.35,0.0,1.5,4.18
1788648075.775,driving,-1.265,3.332,-51.1,3,25,254,-0.132,2.258,1.5,1.562,12.892,0.35,0.0,1.5,4.18
1788648075.84,driving,-1.257,3.322,-51.1,3,25,254,-0.132,2.258,1.6,1.549,12.88,0.35,0.0,1.5,4.14
1788648075.882,driving,-1.24,3.302,-51.0,3,25,254,-0.132,2.258,1.7,1.522,12.855,0.35,0.0,1.5,4.14
1788648075.93,driving,-1.228,3.286,-51.0,4,26,254,-0.082,2.208,1.8,1.573,12.836,0.35,0.0,1.5,4.1
1788648075.984,driving,-1.209,3.263,-50.9,4,26,254,-0.082,2.208,1.8,1.544,12.809,0.35,0.0,1.5,4.1
1788648076.027,driving,-1.194,3.245,-50.8,5,26,254,-0.082,2.208,1.9,1.521,12.787,0.35,0.0,1.5,4.07
1788648076.082,driving,-1.184,3.232,-50.7,5,26,254,-0.082,2.208,2.0,1.505,12.773,0.35,0.0,1.5,4.07
1788648076.13,driving,-1.164,3.21,-50.6,5,26,254,-0.082,2.208,2.0,1.475,12.746,0.35,0.0,1.5,4.22
1788648076.178,driving,-1.15,3.196,-50.6,6,28,254,0.018,2.108,2.1,1.596,12.728,0.35,0.0,1.5,4.22
1788648076.226,driving,-1.131,3.175,-50.6,6,28,254,0.018,2.108,2.2,1.568,12.702,0.35,0.0,1.5,4.22
1788648076.278,driving,-1.119,3.161,-50.5,6,28,254,0.018,2.108,2.3,1.55,12.686,0.35,0.0,1.5,4.22
1788648076.354,driving,-1.096,3.132,-50.5,7,28,254,0.018,2.108,2.5,1.513,12.652,0.35,0.0,1.5,4.92
1788648076.373,driving,-1.09,3.125,-50.5,7,28,254,0.018,2.108,2.6,1.504,12.643,0.35,0.0,1.5,4.92
1788648076.428,driving,-1.077,3.097,-50.7,7,28,254,0.018,2.108,2.9,1.476,12.612,0.35,0.0,1.5,5.01
1788648076.486,driving,-1.072,3.071,-51.0,8,30,254,0.118,2.008,3.3,1.596,12.586,0.35,0.0,1.5,4.84
1788648076.528,driving,-1.057,3.04,-51.1,8,30,254,0.118,2.008,3.7,1.564,12.552,0.35,0.0,1.5,4.84
1788648076.579,driving,-1.053,3.036,-51.1,8,30,254,0.118,2.008,3.8,1.558,12.546,0.35,0.0,1.5,4.84
1788648076.683,driving,-1.019,2.994,-51.1,2,26,251,0.168,2.008,4.0,1.543,12.497,0.35,0.0,1.5,4.92
1788648076.723,driving,-1.001,2.967,-51.3,2,26,251,0.168,2.008,4.4,1.512,12.466,0.35,0.0,1.5,4.83
1788648076.773,driving,-0.988,2.946,-51.6,3,27,251,0.218,1.958,4.8,1.559,12.442,0.35,0.0,1.5,4.83
1788648076.823,driving,-0.969,2.919,-51.8,3,27,251,0.218,1.958,5.2,1.527,12.411,0.35,0.0,1.5,4.73
1788648076.873,driving,-0.955,2.901,-51.8,4,27,251,0.218,1.958,5.4,1.505,12.39,0.35,0.0,1.5,4.73
1788648076.926,driving,-0.944,2.887,-51.8,4,27,251,0.218,1.958,5.6,1.488,12.373,0.35,0.0,1.5,4.78
1788648076.973,driving,-0.927,2.866,-51.8,4,27,251,0.218,1.958,5.8,1.461,12.348,0.35,0.0,1.5,4.78
1788648077.025,driving,-0.91,2.841,-51.4,5,28,251,0.268,1.908,5.6,1.503,12.32,0.35,0.0,1.5,4.75
1788648077.076,driving,-0.898,2.822,-50.9,5,28,251,0.268,1.908,5.3,1.481,12.298,0.35,0.0,1.5,4.75
1788648077.132,driving,-0.88,2.799,-50.6,6,29,251,0.318,1.858,5.2,1.523,12.271,0.35,0.0,1.5,4.59
1788648077.175,driving,-0.869,2.785,-50.6,6,29,251,0.318,1.858,5.4,1.507,12.255,0.35,0.0,1.5,4.59
1788648077.237,driving,-0.851,2.764,-50.6,6,29,251,0.318,1.858,5.5,1.479,12.229,0.35,0.0,1.5,4.67
1788648077.276,driving,-0.841,2.75,-50.6,7,30,251,0.368,1.808,5.7,1.533,12.213,0.35,0.0,1.5,4.67
1788648077.324,driving,-0.818,2.727,-50.4,7,30,251,0.368,1.808,5.7,1.5,12.184,0.35,0.0,1.5,4.55
1788648077.374,driving,-0.8,2.709,-50.3,8,31,251,0.418,1.758,5.8,1.546,12.162,0.35,0.0,1.5,4.55
1788648077.435,driving,-0.78,2.687,-50.2,8,31,251,0.418,1.758,5.8,1.516,12.135,0.35,0.0,1.5,4.49
1788648077.481,driving,-0.768,2.673,-50.2,9,32,251,0.468,1.708,6.0,1.568,12.119,0.35,0.0,1.5,4.49
1788648077.534,driving,-0.751,2.652,-50.2,10,32,251,0.468,1.708,6.1,1.542,12.095,0.35,0.0,1.5,4.47
1788648077.576,driving,-0.739,2.638,-50.2,10,32,251,0.468,1.708,6.3,1.524,12.078,0.35,0.0,1.5,4.47
1788648077.623,driving,-0.719,2.617,-49.8,10,32,251,0.468,1.708,6.1,1.495,12.052,0.35,0.0,1.5,4.41
1788648077.845,driving,-0.654,2.547,-49.1,2,27,243,0.518,1.558,5.4,1.534,11.967,0.35,0.0,1.5,4.32
1788648077.877,driving,-0.642,2.534,-49.1,2,27,243,0.518,1.558,5.5,1.516,11.951,0.35,0.0,1.5,4.32
1788648077.925,driving,-0.629,2.515,-49.1,3,28,243,0.568,1.508,5.6,1.564,11.93,0.35,0.0,1.5,4.28
1788648077.973,driving,-0.623,2.503,-49.1,3,28,243,0.568,1.508,5.7,1.552,11.917,0.35,0.0,1.5,4.28
1788648078.028,driving,-0.609,2.484,-49.0,3,28,243,0.568,1.508,5.8,1.53,11.895,0.35,0.0,1.5,4.35
1788648078.076,driving,-0.596,2.469,-49.0,4,28,243,0.568,1.508,5.8,1.51,11.877,0.35,0.0,1.5,4.35
1788648078.123,driving,-0.579,2.45,-49.0,4,28,243,0.568,1.508,5.9,1.484,11.854,0.35,0.0,1.5,4.21
1788648078.175,driving,-0.567,2.436,-49.0,5,29,243,0.618,1.458,6.0,1.537,11.837,0.35,0.0,1.5,4.21
1788648078.225,driving,-0.555,2.417,-49.2,5,29,243,0.618,1.458,6.2,1.515,11.816,0.35,0.0,1.5,4.18
1788648078.275,driving,-0.538,2.378,-49.6,6,30,243,0.66,1.43,6.8,1.528,11.774,0.35,0.0,1.5,4.18
1788648078.324,driving,-0.534,2.369,-49.7,6,30,243,0.66,1.43,7.0,1.519,11.764,0.35,0.0,1.5,4.21
1788648078.373,driving,-0.513,2.344,-49.6,6,30,243,0.66,1.43,7.1,1.486,11.734,0.35,0.0,1.5,4.21
1788648078.423,driving,-0.499,2.328,-49.7,7,31,243,0.701,1.403,7.2,1.516,11.715,0.35,0.0,1.5,4.1
1788648078.477,driving,-0.482,2.308,-49.7,8,32,243,0.768,1.358,7.3,1.57,11.691,0.35,0.0,1.5,4.1
1788648078.527,driving,-0.465,2.286,-49.7,8,32,243,0.768,1.358,7.5,1.543,11.666,0.35,0.0,1.5,4.07
1788648078.574,driving,-0.452,2.269,-49.8,9,32,243,0.768,1.358,7.7,1.523,11.646,0.35,0.0,1.5,4.07
1788648078.626,driving,-0.44,2.253,-49.8,9,32,243,0.768,1.358,7.9,1.503,11.628,0.35,0.0,1.5,4.02
1788648078.675,driving,-0.423,2.233,-49.8,10,33,243,0.818,1.308,8.0,1.548,11.604,0.35,0.0,1.5,4.02
1788648078.764,driving,-0.403,2.209,-49.8,0,26,237,0.768,1.208,8.1,1.541,11.576,0.35,0.0,1.5,4.0
1788648078.773,driving,-0.403,2.209,-49.8,0,26,237,0.768,1.208,8.1,1.541,11.576,0.35,0.0,1.5,4.0
1788648078.829,driving,-0.38,2.179,-49.9,1,26,237,0.768,1.208,8.2,1.504,11.541,0.35,0.0,1.5,4.0
1788648078.878,driving,-0.374,2.167,-50.0,1,26,237,0.768,1.208,8.4,1.491,11.527,0.35,0.0,1.5,4.0
1788648078.936,driving,-0.36,2.146,-50.1,2,27,237,0.818,1.158,8.5,1.537,11.504,0.35,0.0,1.5,3.96
1788648078.974,driving,-0.348,2.132,-50.0,2,27,237,0.818,1.158,8.5,1.519,11.487,0.35,0.0,1.5,3.96
1788648079.023,driving,-0.332,2.113,-50.0,3,28,237,0.868,1.108,8.4,1.565,11.465,0.35,0.0,1.5,3.89
1788648079.073,driving,-0.32,2.099,-49.9,3,28,237,0.868,1.108,8.4,1.547,11.448,0.35,0.0,1.5,3.89
1788648079.125,driving,-0.302,2.074,-49.8,4,28,237,0.868,1.108,8.4,1.517,11.419,0.35,0.0,1.5,3.86
1788648079.173,driving,-0.29,2.056,-49.7,4,28,237,0.868,1.108,8.3,1.497,11.399,0.35,0.0,1.5,3.86
1788648079.223,driving,-0.278,2.039,-49.6,4,28,237,0.868,1.108,8.3,1.477,11.38,0.35,0.0,1.5,3.82
1788648079.273,driving,-0.261,2.019,-49.6,5,29,237,0.918,1.058,8.3,1.521,11.356,0.35,0.0,1.5,3.82
1788648079.334,driving,-0.249,2.004,-49.5,5,29,237,0.918,1.058,8.3,1.502,11.339,0.35,0.0,1.5,3.77
1788648079.376,driving,-0.243,1.998,-49.5,5,29,237,0.918,1.058,8.3,1.494,11.332,0.35,0.0,1.5,3.77
1788648079.428,driving,-0.217,1.971,-49.2,6,30,237,0.968,1.008,8.1,1.527,11.299,0.35,0.0,1.5,3.76
1788648079.478,driving,-0.21,1.967,-49.0,6,30,237,0.968,1.008,7.9,1.519,11.293,0.35,0.0,1.5,3.76
1788648079.53,driving,-0.194,1.952,-48.7,7,31,237,1.018,0.958,7.7,1.568,11.275,0.35,0.0,1.5,3.74
1788648079.581,driving,-0.184,1.941,-48.7,7,31,237,1.018,0.958,7.7,1.552,11.262,0.35,0.0,1.5,3.74
1788648079.628,driving,-0.17,1.925,-48.6,7,31,237,1.018,0.958,7.7,1.532,11.243,0.35,0.0,1.5,3.71
1788648079.679,driving,-0.155,1.908,-48.5,8,31,237,1.018,0.958,7.6,1.51,11.223,0.35,0.0,1.5,3.71
1788648079.73,driving,-0.131,1.884,-48.3,8,31,237,1.018,0.958,7.4,1.476,11.194,0.35,0.0,1.5,3.63
1788648079.777,driving,-0.12,1.875,-48.1,9,32,237,1.068,0.908,7.3,1.532,11.182,0.35,0.0,1.5,3.63
1788648079.824,driving,-0.103,1.859,-47.8,9,32,237,1.068,0.908,7.1,1.509,11.163,0.35,0.0,1.5,3.6
1788648080.015,driving,-0.054,1.805,-47.7,2,27,229,1.218,1.008,7.2,1.501,11.099,0.35,0.0,1.5,3.52
1788648080.027,driving,-0.042,1.792,-47.6,3,28,229,1.268,0.958,7.2,1.552,11.083,0.35,0.0,1.5,3.52
1788648080.078,driving,-0.023,1.774,-47.1,3,28,229,1.268,0.958,7.0,1.527,11.062,0.35,0.0,1.5,3.52
1788648080.136,driving,-0.004,1.756,-46.8,4,28,229,1.268,0.958,6.8,1.501,11.039,0.35,0.0,1.5,3.48
1788648080.176,driving,0.012,1.739,-46.7,4,28,229,1.268,0.958,7.0,1.479,11.019,0.35,0.0,1.5,3.48
1788648080.227,driving,0.025,1.725,-46.7,4,28,229,1.268,0.958,7.1,1.461,11.003,0.35,0.0,1.5,3.44
1788648080.279,driving,0.043,1.705,-46.7,5,29,229,1.318,0.908,7.3,1.504,10.98,0.35,0.0,1.5,3.44
1788648080.326,driving,0.051,1.697,-46.7,5,29,229,1.318,0.908,7.5,1.492,10.97,0.35,0.0,1.5,3.43
1788648080.374,driving,0.061,1.673,-47.0,6,30,229,1.368,0.858,8.0,1.54,10.945,0.35,0.0,1.5,3.43
1788648080.424,driving,0.076,1.647,-47.2,6,30,229,1.368,0.858,8.4,1.514,10.916,0.35,0.0,1.5,3.41
1788648080.474,driving,0.094,1.628,-47.2,7,31,229,1.41,0.83,8.5,1.539,10.893,0.35,0.0,1.5,3.41
1788648080.527,driving,0.108,1.612,-47.1,7,31,229,1.41,0.83,8.7,1.518,10.875,0.35,0.0,1.5,3.37
1788648080.577,driving,0.119,1.601,-47.1,7,31,229,1.41,0.83,8.8,1.503,10.861,0.35,0.0,1.5,3.37
1788648080.63,driving,0.137,1.583,-46.9,7,31,229,1.41,0.83,8.9,1.478,10.84,0.35,0.0,1.5,3.34
1788648080.677,driving,0.147,1.575,-46.8,7,31,229,1.41,0.83,8.9,1.466,10.83,0.35,0.0,1.5,3.34
1788648080.735,driving,0.161,1.562,-46.7,9,33,229,1.518,0.758,9.0,1.577,10.814,0.35,0.0,1.5,3.31
1788648080.778,driving,0.169,1.553,-46.7,9,33,229,1.518,0.758,9.2,1.566,10.804,0.35,0.0,1.5,3.31
1788648080.827,driving,0.191,1.53,-46.7,9,33,229,1.518,0.758,9.3,1.535,10.776,0.35,0.0,1.5,3.27
1788648080.873,driving,0.201,1.52,-46.7,9,33,229,1.518,0.758,9.5,1.521,10.764,0.35,0.0,1.5,3.27
1788648080.928,driving,0.216,1.504,-46.7,10,34,229,1.568,0.708,9.7,1.569,10.745,0.35,0.0,1.5,3.27
1788648081.039,driving,0.232,1.48,-46.6,1,27,223,1.518,0.608,9.6,1.554,10.718,0.35,0.0,1.5,3.21
1788648081.074,driving,0.249,1.462,-46.5,1,27,223,1.518,0.608,9.7,1.53,10.697,0.35,0.0,1.5,3.21
1788648081.129,driving,0.274,1.435,-46.5,2,28,223,1.568,0.558,9.7,1.564,10.666,0.35,0.0,1.5,3.16
1788648081.174,driving,0.286,1.422,-46.5,2,28,223,1.568,0.558,9.8,1.545,10.65,0.35,0.0,1.5,3.16
1788648081.241,driving,0.309,1.407,-46.5,3,28,223,1.568,0.558,9.9,1.519,10.631,0.35,0.0,1.5,3.13
1788648081.278,driving,0.323,1.401,-46.5,3,28,223,1.568,0.558,9.9,1.504,10.623,0.35,0.0,1.5,3.13
1788648081.329,driving,0.348,1.389,-46.4,3,28,223,1.568,0.558,9.9,1.476,10.605,0.35,0.0,1.5,3.1
1788648081.377,driving,0.358,1.378,-46.4,4,29,223,1.618,0.508,9.9,1.531,10.593,0.35,0.0,1.5,3.1
1788648081.431,driving,0.388,1.347,-46.3,4,29,223,1.618,0.508,9.8,1.489,10.556,0.35,0.0,1.5,3.06
1788648081.474,driving,0.398,1.336,-46.2,5,30,223,1.668,0.458,9.8,1.544,10.544,0.35,0.0,1.5,3.06
1788648081.526,driving,0.419,1.32,-46.0,5,30,223,1.668,0.458,9.7,1.517,10.523,0.35,0.0,1.5,3.03
1788648081.575,driving,0.434,1.31,-45.8,6,30,223,1.668,0.458,9.5,1.499,10.511,0.35,0.0,1.5,3.03
1788648081.626,driving,0.456,1.294,-45.6,6,30,223,1.668,0.458,9.3,1.472,10.49,0.35,0.0,1.5,2.98
1788648081.677,driving,0.469,1.28,-45.5,7,31,223,1.718,0.408,9.3,1.524,10.475,0.35,0.0,1.5,2.98
1788648081.726,driving,0.487,1.262,-45.4,7,31,223,1.718,0.408,9.2,1.498,10.453,0.35,0.0,1.5,2.95
1788648081.773,driving,0.502,1.247,-45.3,7,31,223,1.718,0.408,9.2,1.478,10.436,0.35,0.0,1.5,2.95
1788648081.823,driving,0.518,1.225,-45.2,8,32,223,1.768,0.358,9.1,1.521,10.411,0.35,0.0,1.5,2.9
1788648081.875,driving,0.528,1.206,-45.1,8,32,223,1.768,0.358,9.0,1.502,10.39,0.35,0.0,1.5,2.9
1788648081.932,driving,0.546,1.182,-45.1,9,32,223,1.768,0.358,9.1,1.474,10.364,0.35,0.0,1.5,2.87
1788648081.986,driving,0.559,1.169,-45.0,9,32,223,1.768,0.358,9.1,1.456,10.348,0.35,0.0,1.5,2.87
1788648082.033,driving,0.578,1.15,-45.0,10,33,223,1.81,0.33,9.1,1.479,10.326,0.35,0.0,1.5,2.82
1788648082.205,driving,0.639,1.084,-44.9,2,29,218,1.918,0.258,9.0,1.523,10.25,0.35,0.0,1.5,2.76
1788648082.232,driving,0.653,1.07,-44.8,2,29,218,1.918,0.258,9.1,1.503,10.234,0.35,0.0,1.5,2.76
1788648082.278,driving,0.664,1.059,-44.9,3,30,218,1.968,0.208,9.2,1.557,10.221,0.35,0.0,1.5,2.76
1788648082.344,driving,0.681,1.043,-44.8,3,30,218,1.968,0.208,9.2,1.534,10.202,0.35,0.0,1.5,2.71
1788648082.374,driving,0.689,1.035,-44.8,3,30,218,1.968,0.208,9.3,1.523,10.192,0.35,0.0,1.5,2.71
1788648082.43,driving,0.706,1.016,-44.9,4,30,218,1.968,0.208,9.4,1.499,10.171,0.35,0.0,1.5,2.68
1788648082.486,driving,0.714,0.998,-45.7,4,30,218,1.968,0.208,10.3,1.482,10.152,0.35,0.0,1.5,2.68
1788648082.531,driving,0.726,0.978,-46.3,4,30,218,1.968,0.208,11.0,1.462,10.13,0.35,0.0,1.5,2.65
1788648082.576,driving,0.743,0.96,-46.3,5,31,218,2.018,0.158,11.1,1.506,10.109,0.35,0.0,1.5,2.65
1788648082.63,driving,0.752,0.951,-46.3,5,31,218,2.018,0.158,11.1,1.494,10.099,0.35,0.0,1.5,2.61
1788648082.678,driving,0.773,0.929,-46.3,6,32,218,2.068,0.108,11.2,1.534,10.073,0.35,0.0,1.5,2.61
1788648082.733,driving,0.789,0.913,-46.3,6,32,218,2.068,0.108,11.3,1.512,10.055,0.35,0.0,1.5,2.58
1788648082.774,driving,0.8,0.904,-46.2,6,32,218,2.068,0.108,11.3,1.497,10.044,0.35,0.0,1.5,2.58
1788648082.831,driving,0.826,0.881,-46.2,7,33,218,2.118,0.058,11.3,1.532,10.017,0.35,0.0,1.5,2.54
1788648082.873,driving,0.846,0.861,-46.1,8,33,218,2.118,0.058,11.3,1.505,9.994,0.35,0.0,1.5,2.54
1788648082.928,driving,0.864,0.842,-46.1,8,33,218,2.118,0.058,11.4,1.479,9.972,0.35,0.0,1.5,2.56
1788648082.976,driving,0.876,0.829,-46.2,8,33,218,2.118,0.058,11.5,1.461,9.957,0.35,0.0,1.5,2.56
1788648083.024,driving,0.9,0.815,-45.7,9,34,218,2.168,0.008,11.0,1.503,9.939,0.35,0.0,1.5,2.53
1788648083.077,driving,0.921,0.808,-45.0,9,34,218,2.168,0.008,10.4,1.482,9.93,0.35,0.0,1.5,2.53
1788648083.132,driving,0.943,0.794,-44.6,10,35,218,2.218,-0.042,10.0,1.525,9.912,0.35,0.0,1.5,2.48
1788648083.253,driving,0.976,0.762,-44.5,1,28,211,2.218,-0.092,10.0,1.507,9.875,0.35,0.0,1.5,2.45
1788648083.28,driving,0.984,0.754,-44.5,2,29,211,2.26,-0.12,10.0,1.546,9.866,0.35,0.0,1.5,2.45
1788648083.333,driving,1.01,0.733,-44.4,2,29,211,2.26,-0.12,9.9,1.513,9.842,0.35,0.0,1.5,2.4
1788648083.373,driving,1.025,0.724,-44.2,3,30,211,2.301,-0.147,9.7,1.545,9.83,0.35,0.0,1.5,2.4
1788648083.434,driving,1.046,0.707,-44.1,3,30,211,2.301,-0.147,9.6,1.518,9.81,0.35,0.0,1.5,2.36
1788648083.473,driving,1.06,0.694,-44.1,4,31,211,2.343,-0.175,9.6,1.55,9.795,0.35,0.0,1.5,2.36
1788648083.527,driving,1.073,0.681,-44.1,4,31,211,2.343,-0.175,9.6,1.532,9.781,0.35,0.0,1.5,2.33
1788648083.576,driving,1.094,0.66,-44.1,5,32,211,2.384,-0.203,9.6,1.552,9.757,0.35,0.0,1.5,2.33
1788648083.624,driving,1.108,0.646,-44.2,5,32,211,2.384,-0.203,9.7,1.533,9.741,0.35,0.0,1.5,2.3
1788648083.677,driving,1.129,0.624,-44.3,6,33,211,2.426,-0.231,9.9,1.553,9.715,0.35,0.0,1.5,2.3
1788648083.729,driving,1.152,0.599,-44.4,6,33,211,2.426,-0.231,10.0,1.52,9.688,0.35,0.0,1.5,2.25
1788648083.774,driving,1.168,0.585,-44.4,7,34,211,2.468,-0.258,10.0,1.549,9.671,0.35,0.0,1.5,2.25
1788648083.823,driving,1.184,0.569,-44.4,7,34,211,2.468,-0.258,10.1,1.527,9.653,0.35,0.0,1.5,2.22
1788648083.876,driving,1.202,0.55,-44.4,8,35,211,2.518,-0.292,10.1,1.562,9.633,0.35,0.0,1.5,2.22
1788648083.927,driving,1.224,0.53,-44.4,8,35,211,2.518,-0.292,10.1,1.533,9.61,0.35,0.0,1.5,2.17
1788648083.978,driving,1.237,0.518,-44.3,9,36,211,2.568,-0.342,10.1,1.584,9.596,0.35,0.0,1.5,2.17
1788648084.023,driving,1.245,0.511,-44.3,9,36,211,2.568,-0.342,10.1,1.574,9.588,0.35,0.0,1.5,2.14
1788648084.081,driving,1.269,0.488,-44.2,9,36,211,2.568,-0.342,10.0,1.541,9.562,0.35,0.0,1.5,2.14
1788648084.128,driving,1.283,0.475,-44.1,9,36,211,2.568,-0.342,10.0,1.523,9.547,0.35,0.0,1.5,2.09
1788648084.173,driving,1.301,0.457,-44.0,10,37,211,2.618,-0.392,9.9,1.567,9.527,0.35,0.0,1.5,2.09
1788648084.232,driving,1.323,0.438,-43.5,0,27,201,2.618,-0.342,9.5,1.512,9.505,0.35,0.0,1.5,2.06
1788648084.277,driving,1.337,0.427,-43.0,1,28,201,2.668,-0.392,9.1,1.562,9.492,0.35,0.0,1.5,2.06
1788648084.323,driving,1.358,0.41,-42.4,1,28,201,2.668,-0.392,8.6,1.536,9.473,0.35,0.0,1.5,2.03
1788648084.375,driving,1.37,0.399,-42.4,1,28,201,2.668,-0.392,8.6,1.52,9.461,0.35,0.0,1.5,2.03
1788648084.428,driving,1.394,0.378,-42.3,2,28,201,2.668,-0.392,8.5,1.489,9.437,0.35,0.0,1.5,1.99
1788648084.473,driving,1.406,0.367,-42.2,2,28,201,2.668,-0.392,8.5,1.473,9.424,0.35,0.0,1.5,1.99
1788648084.527,driving,1.432,0.341,-42.1,3,29,201,2.718,-0.442,8.5,1.505,9.395,0.35,0.0,1.5,1.95
1788648084.577,driving,1.457,0.314,-42.1,4,30,201,2.768,-0.492,8.5,1.539,9.367,0.35,0.0,1.5,1.95
1788648084.626,driving,1.478,0.294,-42.0,4,30,201,2.768,-0.492,8.5,1.511,9.344,0.35,0.0,1.5,1.95
1788648084.683,driving,1.501,0.273,-41.9,5,30,201,2.768,-0.492,8.5,1.48,9.321,0.35,0.0,1.5,1.95
1788648084.724,driving,1.509,0.266,-41.9,5,30,201,2.768,-0.492,8.5,1.47,9.313,0.35,0.0,1.5,10.4
1788648084.773,driving,1.527,0.249,-41.8,6,31,201,2.818,-0.542,8.4,1.514,9.294,0.35,0.0,1.5,10.4
1788648084.826,driving,1.547,0.226,-42.0,6,31,201,2.818,-0.542,8.7,1.485,9.269,0.35,0.0,1.5,10.39
1788648084.875,driving,1.567,0.199,-42.4,7,32,201,2.868,-0.592,9.2,1.522,9.24,0.35,0.0,1.5,10.39
1788648084.931,driving,1.588,0.173,-42.7,7,32,201,2.868,-0.592,9.6,1.491,9.212,0.35,0.0,1.5,10.33
1788648084.985,driving,1.607,0.156,-42.7,8,33,201,2.918,-0.642,9.6,1.535,9.193,0.35,0.0,1.5,10.33
1788648085.03,driving,1.62,0.143,-42.7,8,33,201,2.918,-0.642,9.6,1.516,9.179,0.35,0.0,1.5,10.3
1788648085.077,driving,1.636,0.128,-42.7,9,33,201,2.918,-0.642,9.7,1.495,9.163,0.35,0.0,1.5,10.3
1788648085.127,driving,1.654,0.109,-42.7,9,33,201,2.918,-0.642,9.7,1.47,9.142,0.35,0.0,1.5,10.25
1788648085.178,driving,1.665,0.096,-42.7,9,33,201,2.918,-0.642,9.7,1.455,9.128,0.35,0.0,1.5,10.25
1788648085.227,driving,1.68,0.08,-42.6,10,34,201,2.968,-0.692,9.8,1.502,9.111,0.35,0.0,1.5,10.2
1788648085.28,driving,1.694,0.067,-42.6,10,34,201,2.968,-0.692,9.8,1.483,9.097,0.35,0.0,1.5,10.2
1788648085.325,driving,1.703,0.059,-42.6,1,28,194,3.018,-0.742,9.8,1.539,9.087,0.35,0.0,1.5,10.16
1788648085.38,driving,1.728,0.036,-42.6,2,28,194,3.018,-0.742,9.9,1.507,9.063,0.35,0.0,1.5,10.16
1788648085.423,driving,1.744,0.018,-42.8,2,28,194,3.018,-0.742,10.1,1.484,9.043,0.35,0.0,1.5,10.12
1788648085.473,driving,1.76,-0.01,-43.5,3,29,194,3.068,-0.792,10.8,1.524,9.014,0.35,0.0,1.5,10.12
1788648085.524,driving,1.779,-0.039,-44.1,3,29,194,3.068,-0.792,11.5,1.493,8.983,0.35,0.0,1.5,10.09
1788648085.573,driving,1.792,-0.051,-44.1,4,30,194,3.118,-0.842,11.5,1.544,8.97,0.35,0.0,1.5,10.09
1788648085.628,driving,1.819,-0.078,-44.0,4,30,194,3.118,-0.842,11.6,1.507,8.941,0.35,0.0,1.5,10.03
1788648085.677,driving,1.831,-0.09,-44.0,5,30,194,3.118,-0.842,11.6,1.49,8.929,0.35,0.0,1.5,10.03
1788648085.725,driving,1.843,-0.102,-44.1,5,30,194,3.118,-0.842,11.7,1.474,8.915,0.35,0.0,1.5,10.02
1788648085.773,driving,1.863,-0.128,-44.3,6,31,194,3.168,-0.892,12.0,1.512,8.888,0.35,0.0,1.5,10.02
1788648085.829,driving,1.88,-0.147,-44.4,6,31,194,3.168,-0.892,12.1,1.488,8.868,0.35,0.0,1.5,9.99
1788648085.878,driving,1.896,-0.163,-44.4,6,31,194,3.168,-0.892,12.2,1.466,8.851,0.35,0.0,1.5,9.99
1788648085.925,driving,1.902,-0.168,-44.4,7,32,194,3.218,-0.942,12.2,1.527,8.845,0.35,0.0,1.5,9.92
1788648085.981,driving,1.928,-0.194,-44.4,7,32,194,3.218,-0.942,12.3,1.491,8.817,0.35,0.0,1.5,9.92
1788648086.026,driving,1.944,-0.206,-44.3,8,33,194,3.268,-0.992,12.2,1.539,8.804,0.35,0.0,1.5,9.89
1788648086.076,driving,1.972,-0.222,-44.1,8,33,194,3.268,-0.992,12.1,1.508,8.787,0.35,0.0,1.5,9.89
1788648086.124,driving,1.995,-0.238,-44.1,9,33,194,3.268,-0.992,12.1,1.48,8.769,0.35,0.0,1.5,9.83
1788648086.174,driving,2.009,-0.252,-44.1,9,33,194,3.268,-0.992,12.1,1.461,8.755,0.35,0.0,1.5,9.83
1788648086.224,driving,2.022,-0.265,-44.1,10,34,194,3.318,-1.042,12.1,1.511,8.741,0.35,0.0,1.5,9.83
1788648086.278,driving,2.042,-0.284,-44.0,10,34,194,3.318,-1.042,12.1,1.484,8.721,0.35,0.0,1.5,9.83
1788648086.328,driving,2.067,-0.298,-43.8,11,35,194,3.368,-1.092,11.9,1.524,8.705,0.35,0.0,1.5,7.1
1788648086.412,driving,2.078,-0.302,-43.6,0,28,189,3.368,-1.092,11.7,1.512,8.701,0.35,0.0,1.5,7.07
1788648086.424,driving,2.078,-0.302,-43.6,0,28,189,3.368,-1.092,11.7,1.512,8.701,0.35,0.0,1.5,7.07
1788648086.474,driving,2.127,-0.333,-43.2,1,29,189,3.418,-1.142,11.3,1.524,8.668,0.35,0.0,1.5,7.07
1788648086.523,driving,2.135,-0.341,-43.2,2,29,189,3.418,-1.142,11.3,1.512,8.66,0.35,0.0,1.5,7.07
1788648086.577,driving,2.162,-0.366,-43.2,2,29,189,3.418,-1.142,11.3,1.476,8.633,0.35,0.0,1.5,7.07
1788648086.628,driving,2.179,-0.383,-43.2,3,30,189,3.468,-1.192,11.3,1.522,8.616,0.35,0.0,1.5,8.62
1788648086.677,driving,2.191,-0.396,-43.2,3,30,189,3.468,-1.192,11.3,1.505,8.602,0.35,0.0,1.5,8.62
1788648086.726,driving,2.203,-0.409,-43.2,3,30,189,3.468,-1.192,11.3,1.487,8.589,0.35,0.0,1.5,6.97
1788648086.777,driving,2.223,-0.429,-43.3,4,31,189,3.518,-1.242,11.4,1.53,8.568,0.35,0.0,1.5,6.97
1788648086.829,driving,2.233,-0.439,-43.3,4,31,189,3.518,-1.242,11.4,1.515,8.557,0.35,0.0,1.5,9.55
1788648086.876,driving,2.252,-0.457,-43.3,5,31,189,3.518,-1.242,11.4,1.49,8.539,0.35,0.0,1.5,9.55
1788648086.926,driving,2.275,-0.483,-43.4,5,31,189,3.518,-1.242,11.5,1.456,8.512,0.35,0.0,1.5,9.53
1788648086.976,driving,2.281,-0.491,-43.5,6,32,189,3.518,-1.292,11.5,1.474,8.504,0.35,0.0,1.5,9.53
1788648087.031,driving,2.303,-0.522,-43.7,6,32,189,3.518,-1.292,11.8,1.439,8.473,0.35,0.0,1.5,9.49
1788648087.088,driving,2.315,-0.538,-43.8,7,33,189,3.568,-1.342,11.9,1.489,8.456,0.35,0.0,1.5,9.49
1788648087.127,driving,2.328,-0.554,-43.9,7,33,189,3.568,-1.342,12.0,1.469,8.44,0.35,0.0,1.5,9.44
1788648087.178,driving,2.347,-0.573,-43.9,8,34,189,3.568,-1.392,11.9,1.47,8.421,0.35,0.0,1.5,9.44
1788648087.234,driving,2.367,-0.592,-43.9,8,34,189,3.568,-1.392,11.9,1.443,8.401,0.35,0.0,1.5,6.77
1788648087.281,driving,2.382,-0.606,-44.0,8,34,189,3.568,-1.392,11.9,1.423,8.387,0.35,0.0,1.5,6.77
1788648087.324,driving,2.404,-0.621,-43.7,9,35,189,3.618,-1.442,11.5,1.466,8.372,0.35,0.0,1.5,6.77
1788648087.376,driving,2.419,-0.626,-43.4,9,35,189,3.618,-1.442,11.2,1.45,8.366,0.35,0.0,1.5,6.77
1788648087.502,driving,2.452,-0.652,-43.2,0,25,180,3.568,-1.392,11.0,1.339,8.34,0.35,0.0,1.5,9.33
1788648087.524,driving,2.468,-0.667,-43.2,1,12,180,3.018,-0.892,11.6,0.594,8.325,0.35,0.0,0.6,9.33
1788648087.577,driving,2.478,-0.676,-43.2,1,12,180,3.018,-0.892,12.2,0.582,8.316,0.35,0.0,0.6,9.33
1788648087.623,driving,2.51,-0.703,-43.0,2,13,180,3.068,-0.892,12.7,0.59,8.289,0.35,0.0,0.6,9.24
1788648087.675,driving,2.528,-0.716,-42.8,2,13,180,3.068,-0.892,13.3,0.568,8.276,0.35,0.0,0.6,9.24
1788648087.723,driving,2.553,-0.737,-42.6,3,14,180,3.118,-0.942,13.7,0.601,8.255,0.35,0.0,0.6,9.24
1788648087.776,driving,2.565,-0.748,-42.6,3,14,180,3.118,-0.942,14.2,0.586,8.244,0.35,0.0,0.6,9.24
1788648087.829,driving,2.572,-0.755,-42.6,3,14,180,3.118,-0.942,14.8,0.577,8.238,0.35,0.0,0.6,6.55
1788648087.883,driving,2.599,-0.779,-42.4,5,16,180,3.218,-0.992,15.2,0.654,8.213,0.35,0.0,0.6,6.55
1788648087.931,driving,2.614,-0.798,-42.7,5,16,180,3.218,-0.992,16.0,0.635,8.194,0.35,0.0,0.6,6.47
1788648087.977,turning,2.621,-0.812,-43.1,5,16,180,3.218,-0.992,17.0,0.624,8.181,0.0,3.6,0.6,6.47
1788648088.024,turning,2.636,-0.83,-43.2,5,16,180,3.218,-0.992,17.7,0.604,8.163,0.0,3.6,0.6,6.47
1788648088.075,turning,2.648,-0.841,-42.9,5,16,180,3.218,-0.992,18.1,0.59,8.152,0.0,3.6,0.6,6.47
1788648088.124,turning,2.672,-0.86,-42.4,7,18,180,3.318,-1.042,18.1,0.672,8.134,0.0,3.6,0.6,6.91
1788648088.175,turning,2.689,-0.871,-42.5,7,18,180,3.318,-1.042,18.8,0.652,8.122,0.0,3.6,0.6,6.91
1788648088.225,turning,2.709,-0.884,-41.6,7,18,180,3.318,-1.042,18.5,0.629,8.11,0.0,3.6,0.6,6.4
1788648088.275,turning,2.717,-0.887,-40.6,7,18,180,3.318,-1.042,17.9,0.62,8.107,0.0,3.6,0.6,6.4
1788648088.329,turning,2.723,-0.889,-38.3,8,19,180,3.368,-1.092,16.0,0.677,8.105,0.0,3.6,0.6,6.35
1788648088.375,turning,2.723,-0.89,-36.7,8,19,180,3.368,-1.092,14.7,0.676,8.105,0.0,3.6,0.6,6.35
1788648088.426,turning,2.724,-0.889,-33.8,8,19,180,3.368,-1.092,12.1,0.676,8.106,0.0,3.6,0.6,6.35
1788648088.483,driving,2.723,-0.886,-31.6,0,11,172,3.268,-0.992,10.5,0.556,8.109,0.35,0.0,0.6,6.35
1788648088.524,driving,2.722,-0.885,-30.5,0,11,172,3.268,-0.992,10.0,0.556,8.11,0.35,0.0,0.6,6.32
1788648088.579,driving,2.72,-0.879,-26.3,0,11,172,3.268,-0.992,6.4,0.559,8.115,0.35,0.0,0.6,6.32
1788648088.625,driving,2.719,-0.878,-24.1,0,11,172,3.268,-0.992,4.6,0.561,8.117,0.35,0.0,0.6,6.32
1788648088.677,driving,2.719,-0.878,-21.0,0,11,172,3.268,-0.992,2.0,0.561,8.117,0.35,0.0,0.6,6.32
1788648088.729,driving,2.721,-0.879,-19.0,0,11,172,3.268,-0.992,0.4,0.558,8.116,0.35,0.0,0.6,6.43
1788648088.777,driving,2.728,-0.881,-17.1,0,11,172,3.268,-0.992,-1.1,0.551,8.114,0.35,0.0,0.6,6.43
1788648088.828,driving,2.744,-0.885,-16.0,0,11,172,3.268,-0.992,-1.7,0.535,8.11,0.35,0.0,0.6,6.41
1788648088.883,driving,2.759,-0.889,-15.9,0,11,172,3.268,-0.992,-1.4,0.52,8.106,0.35,0.0,0.6,6.41
1788648088.927,driving,2.783,-0.896,-15.8,1,12,172,3.318,-1.042,-1.4,0.554,8.101,0.35,0.0,0.6,6.38
1788648088.974,driving,2.801,-0.901,-15.7,2,13,172,3.368,-1.092,-1.6,0.598,8.096,0.35,0.0,0.6,6.38
1788648089.028,driving,2.828,-0.908,-15.9,2,13,172,3.368,-1.092,-1.5,0.57,8.09,0.35,0.0,0.6,6.35
1788648089.074,driving,2.847,-0.914,-16.2,3,14,172,3.418,-1.142,-1.5,0.615,8.085,0.35,0.0,0.6,6.35
1788648089.138,driving,2.874,-0.923,-16.7,3,14,172,3.418,-1.142,-1.2,0.586,8.077,0.35,0.0,0.6,6.27
1788648089.174,driving,2.894,-0.93,-17.0,4,14,172,3.418,-1.142,-1.1,0.565,8.071,0.35,0.0,0.6,6.27
1788648089.228,driving,2.92,-0.939,-17.2,4,14,172,3.418,-1.142,-1.2,0.537,8.063,0.35,0.0,0.6,6.23
1788648089.276,driving,2.937,-0.944,-17.2,4,14,172,3.418,-1.142,-1.4,0.52,8.059,0.35,0.0,0.6,6.23
1788648089.325,driving,2.963,-0.952,-17.2,5,15,172,3.468,-1.192,-1.9,0.559,8.052,0.35,0.0,0.6,6.23
1788648089.379,driving,2.981,-0.958,-17.2,5,15,172,3.468,-1.192,-2.3,0.54,8.047,0.35,0.0,0.6,6.23
1788648089.424,driving,3.007,-0.966,-17.2,6,16,172,3.518,-1.242,-2.8,0.581,8.041,0.35,0.0,0.6,6.05
1788648089.475,driving,3.024,-0.971,-17.2,6,16,172,3.518,-1.242,-3.4,0.563,8.037,0.35,0.0,0.6,6.05
1788648089.523,driving,3.043,-0.979,-17.2,0,10,166,3.518,-1.242,-3.8,0.543,8.03,0.35,0.0,0.6,6.15
1788648089.585,driving,3.077,-1.0,-17.7,1,11,166,3.518,-1.292,-4.1,0.529,8.012,0.35,0.0,0.6,6.15
1788648089.645,driving,3.109,-1.015,-17.8,2,12,166,3.568,-1.342,-4.8,0.563,7.999,0.35,0.0,0.6,5.96
1788648089.676,driving,3.125,-1.02,-17.8,2,12,166,3.568,-1.342,-5.6,0.547,7.995,0.35,0.0,0.6,5.96
1788648089.724,driving,3.15,-1.026,-18.0,4,14,166,3.618,-1.442,-6.6,0.626,7.991,0.35,0.0,0.6,5.91
1788648089.777,driving,3.17,-1.03,-18.2,4,14,166,3.618,-1.442,-7.4,0.608,7.988,0.35,0.0,0.6,5.91
1788648089.828,driving,3.197,-1.035,-18.5,4,14,166,3.618,-1.442,-8.2,0.585,7.986,0.35,0.0,0.6,5.87
1788648089.875,driving,3.217,-1.039,-18.7,4,14,166,3.618,-1.442,-9.1,0.568,7.983,0.35,0.0,0.6,5.87
1788648089.928,driving,3.241,-1.046,-18.9,4,14,166,3.618,-1.442,-10.1,0.547,7.979,0.35,0.0,0.6,5.82
1788648089.975,driving,3.258,-1.052,-18.9,6,16,166,3.618,-1.542,-11.6,0.608,7.974,0.35,0.0,0.6,5.82
1788648090.024,driving,3.277,-1.059,-18.8,6,16,166,3.618,-1.542,-13.1,0.591,7.97,0.35,0.0,0.6,5.78
1788648090.081,driving,3.305,-1.068,-18.8,6,16,166,3.618,-1.542,-14.6,0.568,7.963,0.35,0.0,0.6,5.78
1788648090.127,turning,3.321,-1.073,-18.7,6,16,166,3.618,-1.542,-16.2,0.555,7.96,0.0,-3.6,0.6,5.73
1788648090.175,turning,3.342,-1.078,-18.2,7,17,166,3.618,-1.592,-18.3,0.583,7.956,0.0,-3.6,0.6,5.73
1788648090.223,turning,3.369,-1.086,-18.0,7,17,166,3.618,-1.592,-20.2,0.564,7.951,0.0,-3.6,0.6,5.68
1788648090.28,turning,3.383,-1.091,-18.0,7,17,166,3.618,-1.592,-21.8,0.554,7.949,0.0,-3.6,0.6,5.62
1788648090.324,turning,3.413,-1.101,-18.0,8,19,166,3.618,-1.692,-23.7,0.626,7.942,0.0,-3.6,0.6,5.62
1788648090.374,turning,3.43,-1.106,-18.0,8,19,166,3.618,-1.692,-25.6,0.615,7.939,0.0,-3.6,0.6,5.62
1788648090.424,turning,3.45,-1.115,-18.5,8,19,166,3.618,-1.692,-26.9,0.601,7.932,0.0,-3.6,0.6,5.59
1788648090.477,turning,3.457,-1.119,-19.7,8,19,166,3.618,-1.692,-27.5,0.595,7.929,0.0,-3.6,0.6,5.59
1788648090.527,turning,3.459,-1.121,-21.7,8,19,166,3.618,-1.692,-27.1,0.592,7.927,0.0,-3.6,0.6,5.56
1788648090.581,turning,3.461,-1.122,-23.1,0,11,159,3.668,-1.692,-27.0,0.606,7.926,0.0,-3.6,0.6,5.56
1788648090.624,turning,3.462,-1.123,-25.5,0,11,159,3.668,-1.692,-25.7,0.605,7.926,0.0,-3.6,0.6,5.53
1788648090.685,turning,3.463,-1.123,-27.8,0,11,159,3.668,-1.692,-24.6,0.605,7.925,0.0,-3.6,0.6,5.53
1788648090.733,driving,3.463,-1.123,-29.8,0,11,159,3.668,-1.692,-23.7,0.605,7.926,0.35,0.0,0.6,5.51
1788648090.782,turning,3.459,-1.119,-34.3,0,11,159,3.668,-1.692,-20.2,0.61,7.929,0.0,-3.6,0.6,5.51
1788648090.823,turning,3.458,-1.117,-37.8,0,11,159,3.668,-1.692,-17.6,0.612,7.931,0.0,-3.6,0.6,5.51
1788648090.874,turning,3.458,-1.118,-40.4,0,11,159,3.668,-1.692,-15.9,0.612,7.93,0.0,-3.6,0.6,5.51
1788648090.925,turning,3.46,-1.119,-44.5,0,11,159,3.668,-1.692,-12.7,0.609,7.929,0.0,-3.6,0.6,5.51
1788648090.987,driving,3.463,-1.123,-46.2,0,11,159,3.668,-1.692,-11.8,0.605,7.926,0.35,0.0,0.6,5.51
1788648091.025,driving,3.469,-1.129,-47.9,0,11,159,3.668,-1.692,-10.8,0.597,7.92,0.35,0.0,0.6,5.53
1788648091.073,driving,3.472,-1.133,-49.1,0,11,159,3.668,-1.692,-10.3,0.592,7.917,0.35,0.0,0.6,5.53
1788648091.133,driving,3.479,-1.136,-51.0,0,11,159,3.668,-1.692,-9.2,0.587,7.914,0.35,0.0,0.6,5.98
1788648091.176,driving,3.485,-1.139,-52.8,0,11,159,3.668,-1.692,-8.1,0.583,7.912,0.35,0.0,0.6,5.98
1788648091.23,driving,3.488,-1.146,-54.7,0,11,159,3.668,-1.692,-6.8,0.575,7.906,0.35,0.0,0.6,5.98
1788648091.291,driving,3.49,-1.154,-55.6,0,11,159,3.668,-1.692,-6.5,0.567,7.898,0.35,0.0,0.6,5.98
1788648091.325,driving,3.494,-1.159,-55.6,0,11,159,3.668,-1.692,-7.1,0.561,7.894,0.35,0.0,0.6,5.98
1788648091.375,driving,3.511,-1.172,-55.2,1,12,159,3.654,-1.74,-8.3,0.586,7.883,0.35,0.0,0.6,5.98
1788648091.431,driving,3.526,-1.189,-55.0,2,14,159,3.627,-1.836,-9.6,0.655,7.868,0.35,0.0,0.6,5.98
1788648091.474,driving,3.536,-1.203,-55.0,2,14,159,3.627,-1.836,-10.6,0.64,7.855,0.35,0.0,0.6,5.98
1788648091.526,driving,3.544,-1.217,-55.0,2,14,159,3.627,-1.836,-11.6,0.625,7.843,0.35,0.0,0.6,5.93
1788648091.575,driving,3.56,-1.244,-55.0,2,14,159,3.627,-1.836,-12.7,0.596,7.818,0.35,0.0,0.6,5.93
1788648091.628,driving,3.574,-1.267,-55.0,2,14,159,3.627,-1.836,-13.7,0.572,7.797,0.35,0.0,0.6,5.9
1788648091.69,driving,3.585,-1.282,-54.9,1,31,157,3.389,-2.767,-14.5,1.498,7.784,0.35,0.0,1.5,5.84
1788648091.743,driving,3.605,-1.31,-54.9,2,32,157,3.376,-2.815,-15.3,1.522,7.758,0.35,0.0,1.5,5.84
1788648091.775,driving,3.605,-1.31,-54.9,2,32,157,3.376,-2.815,-16.0,1.522,7.758,0.35,0.0,1.5,5.84
1788648091.83,turning,3.641,-1.36,-54.7,3,33,157,3.362,-2.863,-16.9,1.529,7.714,0.0,-3.6,1.5,5.82
1788648091.878,turning,3.654,-1.377,-54.7,3,33,157,3.362,-2.863,-17.6,1.514,7.699,0.0,-3.6,1.5,5.82
1788648091.937,turning,3.669,-1.399,-54.6,4,34,157,3.348,-2.911,-18.4,1.546,7.68,0.0,-3.6,1.5,5.76
1788648091.981,turning,3.679,-1.413,-54.6,4,34,157,3.348,-2.911,-19.2,1.534,7.668,0.0,-3.6,1.5,5.76
1788648092.027,turning,3.696,-1.432,-54.6,4,34,157,3.348,-2.911,-19.9,1.519,7.651,0.0,-3.6,1.5,5.73
1788648092.082,turning,3.707,-1.444,-54.7,5,35,157,3.334,-2.959,-20.5,1.561,7.641,0.0,-3.6,1.5,5.73
1788648092.126,turning,3.72,-1.46,-55.1,5,35,157,3.334,-2.959,-20.8,1.548,7.627,0.0,-3.6,1.5,5.7
1788648092.177,turning,3.728,-1.471,-56.3,5,35,157,3.334,-2.959,-20.4,1.539,7.617,0.0,-3.6,1.5,5.7
1788648092.228,turning,3.732,-1.477,-57.9,5,35,157,3.334,-2.959,-19.4,1.535,7.613,0.0,-3.6,1.5,5.65
1788648092.28,turning,3.735,-1.482,-61.3,5,35,157,3.334,-2.959,-16.7,1.531,7.608,0.0,-3.6,1.5,5.65
1788648092.332,driving,3.733,-1.482,-64.7,5,35,157,3.334,-2.959,-14.0,1.53,7.608,0.35,0.0,1.5,5.62
1788648092.376,driving,3.73,-1.481,-66.3,5,35,157,3.334,-2.959,-13.0,1.531,7.609,0.35,0.0,1.5,5.62
1788648092.427,driving,3.726,-1.478,-71.1,5,35,157,3.334,-2.959,-8.9,1.532,7.61,0.35,0.0,1.5,6.61
1788648092.476,driving,3.726,-1.479,-74.8,5,35,157,3.334,-2.959,-5.8,1.531,7.609,0.35,0.0,1.5,6.61
1788648092.523,driving,3.726,-1.48,-76.2,5,35,157,3.334,-2.959,-5.0,1.531,7.609,0.35,0.0,1.5,9.54
1788648092.575,driving,3.728,-1.487,-81.2,5,35,157,3.334,-2.959,-0.6,1.524,7.602,0.35,0.0,1.5,9.54
1788648092.63,driving,3.727,-1.494,-83.3,6,36,157,3.321,-3.007,1.0,1.567,7.595,0.35,0.0,1.5,7.92
1788648092.675,driving,3.725,-1.504,-83.4,6,36,157,3.321,-3.007,0.5,1.557,7.585,0.35,0.0,1.5,7.92
1788648092.775,driving,3.727,-1.529,-83.1,1,31,152,3.338,-3.014,-0.4,1.535,7.56,0.35,0.0,1.5,9.6
1788648092.777,driving,3.728,-1.534,-83.1,1,31,152,3.338,-3.014,-0.9,1.53,7.556,0.35,0.0,1.5,9.6
1788648092.825,driving,3.728,-1.551,-83.1,1,31,152,3.338,-3.014,-1.4,1.514,7.539,0.35,0.0,1.5,9.58
1788648092.873,driving,3.723,-1.576,-83.2,2,32,152,3.325,-3.062,-1.8,1.538,7.513,0.35,0.0,1.5,9.58
1788648092.925,driving,3.726,-1.605,-82.9,2,32,152,3.325,-3.062,-2.6,1.511,7.485,0.35,0.0,1.5,7.89
1788648092.978,driving,3.733,-1.625,-82.5,3,33,152,3.313,-3.111,-3.5,1.544,7.467,0.35,0.0,1.5,7.89
1788648093.026,driving,3.747,-1.663,-81.9,3,33,152,3.313,-3.111,-4.6,1.512,7.432,0.35,0.0,1.5,9.52
1788648093.103,driving,3.766,-1.706,-81.5,4,34,152,3.301,-3.159,-5.5,1.525,7.392,0.35,0.0,1.5,7.81
1788648093.133,driving,3.77,-1.727,-81.5,4,34,152,3.301,-3.159,-6.1,1.507,7.372,0.35,0.0,1.5,7.81
1788648093.176,driving,3.773,-1.744,-81.5,5,35,152,3.289,-3.208,-6.6,1.541,7.356,0.35,0.0,1.5,7.81
1788648093.226,driving,3.777,-1.771,-81.5,5,35,152,3.289,-3.208,-7.1,1.517,7.33,0.35,0.0,1.5,9.41
1788648093.275,driving,3.78,-1.79,-81.5,5,35,152,3.289,-3.208,-7.6,1.5,7.312,0.35,0.0,1.5,9.41
1788648093.324,driving,3.782,-1.806,-81.5,6,36,152,3.268,-3.292,-8.1,1.572,7.296,0.35,0.0,1.5,7.76
1788648093.375,driving,3.786,-1.833,-81.5,6,36,152,3.268,-3.292,-8.6,1.548,7.27,0.35,0.0,1.5,7.76
1788648093.423,driving,3.797,-1.86,-81.5,7,36,152,3.268,-3.292,-9.1,1.527,7.246,0.35,0.0,1.5,7.72
1788648093.478,driving,3.807,-1.876,-81.5,7,36,152,3.268,-3.292,-9.5,1.515,7.231,0.35,0.0,1.5,7.72
1788648093.523,driving,3.817,-1.905,-81.6,8,37,152,3.268,-3.342,-10.0,1.539,7.205,0.35,0.0,1.5,9.32
1788648093.584,driving,3.821,-1.929,-81.6,8,37,152,3.268,-3.342,-10.5,1.517,7.182,0.35,0.0,1.5,9.32
1788648093.637,driving,3.823,-1.947,-81.5,8,37,152,3.268,-3.342,-11.0,1.502,7.165,0.35,0.0,1.5,7.58
1788648093.674,driving,3.826,-1.965,-81.5,9,38,152,3.268,-3.392,-11.5,1.532,7.147,0.35,0.0,1.5,7.58
1788648093.783,driving,3.85,-2.009,-81.1,0,30,142,3.454,-3.447,-12.2,1.492,7.109,0.35,0.0,1.5,7.58
1788648093.84,driving,3.87,-2.048,-80.8,1,31,142,3.442,-3.496,-12.9,1.509,7.074,0.35,0.0,1.5,7.59
1788648093.875,driving,3.872,-2.064,-80.8,1,31,142,3.442,-3.496,-13.2,1.495,7.059,0.35,0.0,1.5,7.59
1788648093.924,driving,3.877,-2.092,-80.8,2,32,142,3.43,-3.544,-13.5,1.52,7.033,0.35,0.0,1.5,10.67
1788648093.975,driving,3.879,-2.108,-80.8,2,32,142,3.43,-3.544,-13.8,1.505,7.017,0.35,0.0,1.5,10.67
1788648094.027,driving,3.882,-2.129,-80.8,2,32,142,3.43,-3.544,-14.1,1.485,6.997,0.35,0.0,1.5,7.44
1788648094.084,driving,3.886,-2.183,-80.9,3,33,142,3.418,-3.593,-14.4,1.486,6.945,0.35,0.0,1.5,7.44
1788648094.127,driving,3.887,-2.196,-80.9,4,34,142,3.406,-3.641,-14.7,1.523,6.932,0.35,0.0,1.5,7.44
1788648094.175,driving,3.891,-2.222,-81.0,4,34,142,3.406,-3.641,-15.0,1.5,6.908,0.35,0.0,1.5,7.44
1788648094.224,driving,3.896,-2.247,-80.9,5,35,142,3.394,-3.69,-15.3,1.527,6.884,0.35,0.0,1.5,7.41
1788648094.274,driving,3.897,-2.257,-80.9,5,35,142,3.394,-3.69,-15.6,1.519,6.875,0.35,0.0,1.5,7.41
1788648094.326,driving,3.899,-2.294,-81.2,5,35,142,3.394,-3.69,-15.7,1.484,6.838,0.35,0.0,1.5,7.33
1788648094.374,driving,3.897,-2.306,-81.3,6,36,142,3.381,-3.738,-15.9,1.522,6.827,0.35,0.0,1.5,7.33
1788648094.429,driving,3.897,-2.341,-81.6,6,36,142,3.381,-3.738,-16.0,1.489,6.792,0.35,0.0,1.5,7.34
1788648094.485,turning,3.9,-2.359,-81.5,7,37,142,3.369,-3.787,-16.3,1.523,6.775,0.0,-3.6,1.5,7.34
1788648094.524,turning,3.904,-2.385,-81.5,7,37,142,3.369,-3.787,-16.7,1.501,6.751,0.0,-3.6,1.5,7.22
1788648094.575,turning,3.907,-2.404,-81.4,8,38,142,3.357,-3.835,-17.1,1.533,6.733,0.0,-3.6,1.5,7.22
1788648094.626,turning,3.907,-2.424,-81.6,8,38,142,3.357,-3.835,-17.2,1.515,6.713,0.0,-3.6,1.5,7.25
1788648094.673,turning,3.906,-2.436,-81.9,8,38,142,3.357,-3.835,-17.2,1.503,6.702,0.0,-3.6,1.5,7.25
1788648094.73,turning,3.906,-2.454,-82.1,9,39,142,3.345,-3.884,-17.3,1.536,6.683,0.0,-3.6,1.5,7.16
1788648094.88,turning,3.91,-2.481,-84.7,1,31,133,3.445,-3.933,-14.9,1.525,6.658,0.0,-3.6,1.5,7.14
1788648094.93,turning,3.908,-2.484,-87.9,1,31,133,3.445,-3.933,-11.9,1.521,6.655,0.0,-3.6,1.5,7.11
1788648094.977,turning,3.905,-2.485,-90.4,1,31,133,3.445,-3.933,-9.6,1.52,6.653,0.0,-3.6,1.5,7.11
1788648095.032,driving,3.902,-2.487,-94.2,1,31,133,3.445,-3.933,-6.0,1.517,6.651,0.35,0.0,1.5,8.63
1788648095.077,driving,3.902,-2.488,-97.3,1,31,133,3.445,-3.933,-3.1,1.515,6.649,0.35,0.0,1.5,8.63
1788648095.162,driving,3.902,-2.49,-101.5,1,31,133,3.445,-3.933,1.0,1.513,6.647,0.35,0.0,1.5,10.17
1788648095.177,driving,3.902,-2.491,-104.6,1,31,133,3.445,-3.933,3.8,1.512,6.646,0.35,0.0,1.5,10.17
1788648095.232,driving,3.9,-2.496,-108.5,1,31,133,3.445,-3.933,7.6,1.507,6.641,0.35,0.0,1.5,10.13
1788648095.28,driving,3.898,-2.501,-110.1,1,31,133,3.445,-3.933,9.0,1.502,6.636,0.35,0.0,1.5,10.13
1788648095.332,driving,3.897,-2.509,-111.0,1,31,133,3.445,-3.933,9.8,1.494,6.628,0.35,0.0,1.5,10.34
1788648095.376,driving,3.898,-2.526,-110.8,2,32,133,3.433,-3.982,9.4,1.528,6.611,0.35,0.0,1.5,10.34
1788648095.427,driving,3.894,-2.544,-110.5,2,32,133,3.433,-3.982,9.0,1.509,6.593,0.35,0.0,1.5,10.33
1788648095.474,driving,3.889,-2.559,-110.5,2,32,133,3.433,-3.982,8.8,1.494,6.578,0.35,0.0,1.5,10.33
1788648095.524,driving,3.884,-2.574,-110.4,3,33,133,3.421,-4.03,8.5,1.528,6.561,0.35,0.0,1.5,10.3
1788648095.573,driving,3.882,-2.588,-110.1,3,33,133,3.421,-4.03,8.1,1.514,6.548,0.35,0.0,1.5,10.3
1788648095.625,driving,3.875,-2.645,-108.8,4,34,133,3.409,-4.079,6.6,1.507,6.49,0.35,0.0,1.5,10.25
1788648095.68,driving,3.873,-2.676,-108.0,5,35,133,3.397,-4.127,5.7,1.527,6.46,0.35,0.0,1.5,10.25
1788648095.725,driving,3.87,-2.706,-107.4,5,35,133,3.397,-4.127,5.0,1.498,6.43,0.35,0.0,1.5,10.22
1788648095.775,driving,3.864,-2.725,-107.3,6,36,133,3.385,-4.176,4.8,1.527,6.41,0.35,0.0,1.5,10.22
1788648095.828,driving,3.856,-2.75,-107.3,0,30,127,3.456,-4.191,4.6,1.495,6.384,0.35,0.0,1.5,10.17
1788648095.876,driving,3.847,-2.778,-107.3,1,31,127,3.444,-4.239,4.5,1.516,6.355,0.35,0.0,1.5,10.17
1788648095.927,driving,3.843,-2.792,-107.2,1,31,127,3.444,-4.239,4.4,1.501,6.34,0.35,0.0,1.5,10.12
1788648095.973,driving,3.834,-2.82,-107.2,2,32,127,3.432,-4.288,4.4,1.522,6.311,0.35,0.0,1.5,10.12
1788648096.025,driving,3.82,-2.847,-107.4,2,32,127,3.432,-4.288,4.5,1.492,6.281,0.35,0.0,1.5,10.08
1788648096.082,driving,3.807,-2.867,-107.6,3,33,127,3.419,-4.336,4.6,1.519,6.259,0.35,0.0,1.5,10.08
1788648096.125,driving,3.796,-2.888,-107.7,3,33,127,3.419,-4.336,4.7,1.496,6.236,0.35,0.0,1.5,10.05
1788648096.187,driving,3.789,-2.91,-107.7,4,34,127,3.407,-4.385,4.6,1.523,6.213,0.35,0.0,1.5,10.05
1788648096.224,driving,3.782,-2.932,-107.7,4,34,127,3.407,-4.385,4.6,1.5,6.19,0.35,0.0,1.5,10.0
1788648096.278,driving,3.776,-2.954,-107.6,5,35,127,3.395,-4.433,4.5,1.528,6.168,0.35,0.0,1.5,10.0
1788648096.324,driving,3.764,-2.978,-108.1,5,35,127,3.395,-4.433,5.0,1.501,6.142,0.35,0.0,1.5,9.95
1788648096.373,driving,3.753,-2.993,-108.7,5,35,127,3.395,-4.433,5.5,1.483,6.124,0.35,0.0,1.5,9.95
1788648096.423,driving,3.744,-3.006,-109.1,6,36,127,3.383,-4.482,6.0,1.519,6.11,0.35,0.0,1.5,9.91
1788648096.475,driving,3.734,-3.036,-109.1,6,36,127,3.383,-4.482,5.9,1.487,6.079,0.35,0.0,1.5,9.91
1788648096.524,driving,3.725,-3.06,-109.1,7,37,127,3.371,-4.53,5.9,1.512,6.053,0.35,0.0,1.5,9.88
1788648096.579,driving,3.722,-3.07,-109.1,7,37,127,3.371,-4.53,5.9,1.502,6.043,0.35,0.0,1.5,9.88
1788648096.625,driving,3.711,-3.105,-109.2,8,38,127,3.359,-4.579,6.0,1.515,6.007,0.35,0.0,1.5,9.83
1788648096.674,driving,3.705,-3.133,-109.3,8,38,127,3.359,-4.579,6.1,1.486,5.978,0.35,0.0,1.5,9.83
1788648096.736,driving,3.698,-3.159,-109.3,9,39,127,3.347,-4.627,6.1,1.51,5.952,0.35,0.0,1.5,9.78
1788648096.777,driving,3.687,-3.189,-109.3,10,40,127,3.335,-4.676,6.1,1.528,5.92,0.35,0.0,1.5,9.78
1788648096.828,driving,3.681,-3.205,-109.3,10,40,127,3.335,-4.676,6.1,1.511,5.903,0.35,0.0,1.5,9.74
1788648096.897,driving,3.675,-3.223,-109.3,1,31,118,3.244,-4.689,6.0,1.529,5.884,0.35,0.0,1.5,9.69
1788648096.929,driving,3.662,-3.253,-109.5,1,31,118,3.244,-4.689,6.2,1.496,5.852,0.35,0.0,1.5,9.69
1788648096.981,driving,3.653,-3.27,-109.8,2,32,118,3.232,-4.738,6.4,1.526,5.833,0.35,0.0,1.5,9.69
1788648097.031,driving,3.643,-3.294,-110.0,2,32,118,3.232,-4.738,6.5,1.501,5.808,0.35,0.0,1.5,9.66
1788648097.087,driving,3.636,-3.312,-109.9,2,32,118,3.232,-4.738,6.4,1.482,5.789,0.35,0.0,1.5,9.66
1788648097.128,driving,3.627,-3.337,-110.0,3,33,118,3.219,-4.786,6.3,1.505,5.763,0.35,0.0,1.5,9.61
1788648097.18,driving,3.621,-3.353,-109.9,3,33,118,3.219,-4.786,6.3,1.488,5.746,0.35,0.0,1.5,9.61
1788648097.232,driving,3.609,-3.377,-110.3,4,34,118,3.207,-4.835,6.6,1.512,5.72,0.35,0.0,1.5,9.57
1788648097.298,driving,3.596,-3.396,-110.9,4,34,118,3.207,-4.835,7.1,1.49,5.699,0.35,0.0,1.5,9.53
1788648097.333,driving,3.589,-3.412,-111.0,5,35,118,3.195,-4.883,7.2,1.523,5.682,0.35,0.0,1.5,9.53
1788648097.379,driving,3.582,-3.429,-111.0,5,35,118,3.195,-4.883,7.2,1.504,5.664,0.35,0.0,1.5,9.53
1788648097.438,driving,3.57,-3.46,-111.0,6,36,118,3.183,-4.932,7.1,1.521,5.631,0.35,0.0,1.5,9.49
1788648097.479,driving,3.565,-3.473,-110.9,6,36,118,3.183,-4.932,7.1,1.507,5.617,0.35,0.0,1.5,9.49
1788648097.524,driving,3.555,-3.502,-110.8,7,37,118,3.171,-4.98,7.0,1.527,5.587,0.35,0.0,1.5,9.44
1788648097.574,driving,3.547,-3.524,-110.7,7,37,118,3.171,-4.98,6.8,1.504,5.564,0.35,0.0,1.5,9.44
1788648097.625,driving,3.536,-3.552,-110.6,8,38,118,3.159,-5.029,6.7,1.524,5.534,0.35,0.0,1.5,9.38
1788648097.676,driving,3.529,-3.57,-110.6,8,38,118,3.159,-5.029,6.7,1.505,5.515,0.35,0.0,1.5,9.38
1788648097.747,driving,3.519,-3.597,-110.6,9,39,118,3.147,-5.077,6.7,1.527,5.487,0.35,0.0,1.5,9.35
1788648097.777,driving,3.513,-3.613,-110.6,9,39,118,3.147,-5.077,6.7,1.509,5.47,0.35,0.0,1.5,9.35
1788648097.833,driving,3.508,-3.63,-110.5,9,39,118,3.147,-5.077,6.6,1.492,5.453,0.35,0.0,1.5,9.35
1788648097.879,driving,3.504,-3.652,-110.3,10,40,118,3.135,-5.126,6.4,1.519,5.43,0.35,0.0,1.5,9.3
1788648098.099,driving,3.477,-3.73,-110.0,2,32,109,3.082,-5.188,6.1,1.51,5.348,0.35,0.0,1.5,9.18
1788648098.125,driving,3.465,-3.761,-110.0,3,33,109,3.069,-5.236,6.1,1.527,5.316,0.35,0.0,1.5,9.18
1788648098.178,driving,3.457,-3.783,-110.0,3,33,109,3.069,-5.236,6.0,1.504,5.293,0.35,0.0,1.5,9.18
1788648098.226,driving,3.449,-3.806,-110.0,4,34,109,3.057,-5.285,6.0,1.53,5.269,0.35,0.0,1.5,9.15
1788648098.276,driving,3.439,-3.831,-110.0,4,34,109,3.057,-5.285,5.9,1.503,5.242,0.35,0.0,1.5,9.15
1788648098.329,driving,3.436,-3.839,-110.0,4,34,109,3.057,-5.285,5.9,1.494,5.234,0.35,0.0,1.5,9.1
1788648098.373,driving,3.43,-3.856,-109.9,5,35,109,3.045,-5.333,5.9,1.527,5.217,0.35,0.0,1.5,9.1
1788648098.432,driving,3.413,-3.902,-109.9,6,36,109,3.033,-5.382,5.8,1.528,5.168,0.35,0.0,1.5,9.05
1788648098.481,driving,3.405,-3.923,-109.8,6,36,109,3.033,-5.382,5.7,1.505,5.146,0.35,0.0,1.5,9.05
1788648098.523,driving,3.395,-3.95,-109.7,7,37,109,3.021,-5.43,5.6,1.527,5.118,0.35,0.0,1.5,8.99
1788648098.579,driving,3.388,-3.968,-109.7,7,37,109,3.021,-5.43,5.6,1.507,5.099,0.35,0.0,1.5,8.99
1788648098.656,driving,3.376,-4.002,-109.7,8,38,109,3.009,-5.479,5.6,1.521,5.063,0.35,0.0,1.5,8.96
1788648098.674,driving,3.373,-4.011,-109.7,8,38,109,3.009,-5.479,5.6,1.512,5.054,0.35,0.0,1.5,8.96
1788648098.724,driving,3.367,-4.03,-109.9,8,38,109,3.009,-5.479,5.8,1.492,5.034,0.35,0.0,1.5,8.91
1788648098.783,driving,3.364,-4.039,-110.1,8,38,109,3.009,-5.479,6.0,1.483,5.025,0.35,0.0,1.5,8.91
1788648098.825,driving,3.357,-4.055,-110.2,9,39,109,2.997,-5.527,6.1,1.515,5.007,0.35,0.0,1.5,8.87
1788648098.88,driving,3.349,-4.077,-110.2,9,39,109,2.997,-5.527,6.1,1.492,4.985,0.35,0.0,1.5,8.87
1788648098.931,driving,3.34,-4.102,-110.1,10,40,109,2.985,-5.576,6.1,1.516,4.958,0.35,0.0,1.5,8.82
1788648098.996,driving,3.334,-4.119,-110.1,0,30,100,2.908,-5.541,6.0,1.485,4.941,0.35,0.0,1.5,8.79
1788648099.023,driving,3.331,-4.126,-110.1,1,31,100,2.898,-5.59,6.0,1.526,4.933,0.35,0.0,1.5,8.79
1788648099.076,driving,3.315,-4.168,-110.1,1,31,100,2.898,-5.59,5.9,1.482,4.89,0.35,0.0,1.5,8.79
1788648099.128,driving,3.306,-4.191,-110.1,2,32,100,2.889,-5.639,5.9,1.507,4.865,0.35,0.0,1.5,8.74
1788648099.173,driving,3.3,-4.208,-110.1,2,32,100,2.889,-5.639,5.8,1.489,4.848,0.35,0.0,1.5,8.74
1788648099.239,driving,3.291,-4.233,-110.1,3,33,100,2.879,-5.688,5.8,1.512,4.821,0.35,0.0,1.5,8.71
1788648099.275,driving,3.285,-4.251,-110.1,3,33,100,2.879,-5.688,5.7,1.494,4.803,0.35,0.0,1.5,8.71
1788648099.324,driving,3.281,-4.261,-110.1,3,33,100,2.879,-5.688,5.7,1.482,4.792,0.35,0.0,1.5,8.66
1788648099.374,driving,3.279,-4.278,-109.7,4,34,100,2.869,-5.737,5.2,1.516,4.775,0.35,0.0,1.5,8.66
1788648099.426,driving,3.278,-4.287,-109.4,4,34,100,2.869,-5.737,4.9,1.507,4.766,0.35,0.0,1.5,8.63
1788648099.473,driving,3.266,-4.328,-109.1,5,35,100,2.859,-5.786,4.6,1.514,4.724,0.35,0.0,1.5,8.63
1788648099.527,driving,3.257,-4.353,-109.1,5,35,100,2.859,-5.786,4.6,1.487,4.697,0.35,0.0,1.5,8.57
1788648099.576,driving,3.251,-4.37,-109.1,6,36,100,2.849,-5.835,4.5,1.519,4.68,0.35,0.0,1.5,8.57
1788648099.63,driving,3.24,-4.395,-109.2,6,36,100,2.849,-5.835,4.7,1.492,4.653,0.35,0.0,1.5,8.52
1788648099.678,driving,3.232,-4.412,-109.5,7,37,100,2.84,-5.884,4.9,1.523,4.635,0.35,0.0,1.5,8.52
1788648099.725,driving,3.221,-4.438,-109.7,7,37,100,2.84,-5.884,5.2,1.496,4.608,0.35,0.0,1.5,8.49
1788648099.776,driving,3.215,-4.452,-109.9,7,37,100,2.84,-5.884,5.3,1.48,4.593,0.35,0.0,1.5,8.49
1788648099.826,driving,3.206,-4.478,-110.0,8,38,100,2.83,-5.933,5.4,1.503,4.566,0.35,0.0,1.5,8.46
1788648099.873,driving,3.2,-4.494,-110.0,8,38,100,2.83,-5.933,5.4,1.486,4.55,0.35,0.0,1.5,8.46
1788648099.923,driving,3.194,-4.517,-109.9,9,39,100,2.818,-5.992,5.4,1.522,4.526,0.35,0.0,1.5,8.42
1788648099.974,driving,3.189,-4.555,-109.7,10,40,100,2.818,-6.042,5.1,1.532,4.487,0.35,0.0,1.5,8.42
1788648100.031,driving,3.186,-4.576,-109.6,0,30,90,2.756,-6.041,5.0,1.526,4.466,0.35,0.0,1.5,8.39
1788648100.077,driving,3.182,-4.587,-109.6,0,30,90,2.756,-6.041,4.9,1.515,4.455,0.35,0.0,1.5,8.39
1788648100.125,driving,3.17,-4.622,-109.5,1,31,90,2.744,-6.089,4.8,1.527,4.418,0.35,0.0,1.5,8.32
1788648100.177,driving,3.158,-4.654,-109.5,1,31,90,2.744,-6.089,4.8,1.494,4.385,0.35,0.0,1.5,8.32
1788648100.223,driving,3.154,-4.661,-109.6,1,31,90,2.744,-6.089,4.9,1.486,4.378,0.35,0.0,1.5,8.29
1788648100.273,driving,3.134,-4.681,-110.4,2,32,90,2.732,-6.138,5.7,1.511,4.355,0.35,0.0,1.5,8.29
1788648100.33,driving,3.12,-4.703,-110.9,2,32,90,2.732,-6.138,6.2,1.486,4.331,0.35,0.0,1.5,8.24
1788648100.383,driving,3.113,-4.721,-111.1,3,33,90,2.719,-6.186,6.3,1.517,4.312,0.35,0.0,1.5,8.24
1788648100.436,driving,3.106,-4.74,-111.1,3,33,90,2.719,-6.186,6.3,1.497,4.292,0.35,0.0,1.5,8.2
1788648100.498,driving,3.097,-4.762,-110.9,4,34,90,2.707,-6.235,6.1,1.523,4.269,0.35,0.0,1.5,8.15
1788648100.533,driving,3.086,-4.797,-110.3,4,34,90,2.707,-6.235,5.5,1.486,4.233,0.35,0.0,1.5,8.15
1788648100.574,driving,3.076,-4.83,-110.2,5,35,90,2.695,-6.283,5.4,1.502,4.199,0.35,0.0,1.5,8.15
1788648100.623,driving,3.07,-4.849,-110.0,5,35,90,2.695,-6.283,5.3,1.482,4.18,0.35,0.0,1.5,8.1
1788648100.674,driving,3.059,-4.88,-110.0,6,36,90,2.683,-6.332,5.3,1.499,4.147,0.35,0.0,1.5,8.1
1788648100.725,driving,3.055,-4.891,-110.0,6,36,90,2.683,-6.332,5.3,1.488,4.136,0.35,0.0,1.5,8.07
1788648100.775,driving,3.044,-4.922,-110.0,7,37,90,2.671,-6.38,5.3,1.505,4.104,0.35,0.0,1.5,8.07
1788648100.823,driving,3.037,-4.948,-109.9,8,38,90,2.659,-6.429,5.2,1.528,4.077,0.35,0.0,1.5,8.03
1788648100.875,driving,3.034,-4.97,-109.8,8,38,90,2.659,-6.429,5.1,1.506,4.055,0.35,0.0,1.5,8.03
1788648100.925,driving,3.03,-4.99,-109.7,8,38,90,2.659,-6.429,4.9,1.485,4.034,0.35,0.0,1.5,8.0
1788648100.98,driving,3.02,-5.017,-109.7,9,39,90,2.647,-6.477,4.9,1.507,4.007,0.35,0.0,1.5,8.0
1788648101.037,driving,3.012,-5.041,-109.6,10,40,90,2.635,-6.526,4.9,1.531,3.981,0.35,0.0,1.5,7.93
1788648101.105,driving,3.0,-5.076,-109.5,1,31,80,2.668,-6.592,4.9,1.552,3.946,0.35,0.0,1.5,7.9
1788648101.126,driving,2.997,-5.084,-109.5,1,31,80,2.668,-6.592,4.9,1.544,3.938,0.35,0.0,1.5,7.9
1788648101.176,driving,2.992,-5.099,-109.5,1,31,80,2.668,-6.592,4.9,1.528,3.922,0.35,0.0,1.5,7.9
1788648101.231,driving,2.987,-5.114,-109.4,2,32,80,2.668,-6.642,5.0,1.561,3.907,0.35,0.0,1.5,7.86
1788648101.276,driving,2.976,-5.144,-109.3,2,32,80,2.668,-6.642,4.9,1.529,3.875,0.35,0.0,1.5,7.86
1788648101.326,driving,2.968,-5.165,-109.3,3,33,80,2.668,-6.692,5.0,1.556,3.853,0.35,0.0,1.5,7.81
1788648101.373,driving,2.962,-5.183,-109.2,3,33,80,2.668,-6.692,5.0,1.538,3.835,0.35,0.0,1.5,7.81
1788648101.427,driving,2.955,-5.205,-109.3,3,33,80,2.668,-6.692,5.1,1.515,3.813,0.35,0.0,1.5,7.78
1788648101.479,driving,2.948,-5.23,-109.4,4,34,80,2.668,-6.742,5.3,1.538,3.786,0.35,0.0,1.5,7.78
1788648101.528,driving,2.942,-5.25,-109.5,4,34,80,2.668,-6.742,5.5,1.517,3.766,0.35,0.0,1.5,7.72
1788648101.577,driving,2.932,-5.277,-109.5,5,35,80,2.668,-6.792,5.6,1.538,3.738,0.35,0.0,1.5,7.72
1788648101.629,driving,2.924,-5.3,-109.5,5,35,80,2.668,-6.792,5.7,1.514,3.714,0.35,0.0,1.5,7.69
1788648101.673,driving,2.917,-5.318,-109.5,6,36,80,2.668,-6.842,5.8,1.545,3.696,0.35,0.0,1.5,7.69
1788648101.723,driving,2.909,-5.336,-109.5,6,36,80,2.668,-6.842,5.9,1.525,3.677,0.35,0.0,1.5,7.64
1788648101.777,driving,2.892,-5.368,-109.4,7,37,80,2.668,-6.892,6.0,1.54,3.643,0.35,0.0,1.5,7.64
1788648101.833,driving,2.881,-5.393,-109.4,7,37,80,2.668,-6.892,6.1,1.514,3.617,0.35,0.0,1.5,7.59
1788648101.878,driving,2.876,-5.41,-109.3,8,38,80,2.668,-6.942,6.1,1.546,3.6,0.35,0.0,1.5,7.59
1788648101.926,driving,2.868,-5.431,-108.8,8,38,80,2.668,-6.942,5.8,1.525,3.579,0.35,0.0,1.5,7.55
1788648101.973,driving,2.863,-5.448,-108.5,9,39,80,2.668,-6.992,5.6,1.557,3.561,0.35,0.0,1.5,7.55
1788648102.025,driving,2.857,-5.475,-108.1,9,39,80,2.668,-6.992,5.4,1.529,3.533,0.35,0.0,1.5,7.51
1788648102.075,driving,2.854,-5.493,-108.0,10,40,80,2.668,-7.042,5.4,1.56,3.515,0.35,0.0,1.5,7.51
1788648102.209,driving,2.839,-5.547,-108.3,1,31,71,2.518,-7.042,5.8,1.529,3.46,0.35,0.0,1.5,7.47
1788648102.229,driving,2.836,-5.558,-108.3,1,31,71,2.518,-7.042,5.8,1.518,3.449,0.35,0.0,1.5,7.42
1788648102.279,driving,2.828,-5.581,-108.3,2,32,71,2.518,-7.092,5.8,1.543,3.425,0.35,0.0,1.5,7.42
1788648102.326,driving,2.823,-5.599,-108.3,2,32,71,2.518,-7.092,5.8,1.524,3.407,0.35,0.0,1.5,7.36
1788648102.374,driving,2.822,-5.608,-108.2,2,32,71,2.518,-7.092,5.7,1.515,3.398,0.35,0.0,1.5,7.36
1788648102.426,driving,2.817,-5.627,-108.1,3,33,71,2.518,-7.142,5.7,1.544,3.378,0.35,0.0,1.5,7.33
1788648102.48,driving,2.811,-5.645,-108.1,3,33,71,2.518,-7.142,5.7,1.526,3.36,0.35,0.0,1.5,7.33
1788648102.528,driving,2.803,-5.671,-108.1,4,34,71,2.518,-7.192,5.7,1.548,3.334,0.35,0.0,1.5,7.28
1788648102.577,driving,2.797,-5.688,-108.1,4,34,71,2.518,-7.192,5.8,1.53,3.316,0.35,0.0,1.5,7.28
1788648102.626,driving,2.792,-5.71,-108.0,5,35,71,2.518,-7.242,5.7,1.556,3.293,0.35,0.0,1.5,7.22
1788648102.68,driving,2.789,-5.737,-107.7,5,35,71,2.518,-7.242,5.5,1.529,3.266,0.35,0.0,1.5,7.19
1788648102.725,driving,2.784,-5.765,-107.5,6,36,71,2.518,-7.292,5.4,1.55,3.238,0.35,0.0,1.5,7.19
1788648102.78,driving,2.778,-5.784,-107.6,6,36,71,2.518,-7.292,5.5,1.53,3.219,0.35,0.0,1.5,2.54
1788648102.835,driving,2.77,-5.809,-107.7,7,37,71,2.518,-7.342,5.6,1.554,3.193,0.35,0.0,1.5,2.54
1788648102.878,driving,2.768,-5.816,-107.7,7,37,71,2.518,-7.342,5.7,1.547,3.186,0.35,0.0,1.5,2.54
1788648102.929,driving,2.75,-5.861,-107.7,8,38,71,2.518,-7.392,5.8,1.548,3.139,0.35,0.0,1.5,7.11
1788648102.98,driving,2.739,-5.881,-107.8,8,38,71,2.518,-7.392,6.0,1.527,3.119,0.35,0.0,1.5,7.11
1788648103.029,driving,2.726,-5.912,-107.8,9,39,71,2.518,-7.442,6.1,1.544,3.087,0.35,0.0,1.5,7.05
1788648103.08,driving,2.719,-5.931,-107.8,9,39,71,2.518,-7.442,6.2,1.524,3.068,0.35,0.0,1.5,7.05
1788648103.129,driving,2.713,-5.952,-107.8,10,40,71,2.518,-7.492,6.3,1.552,3.046,0.35,0.0,1.5,7.02
1788648103.175,driving,2.707,-5.971,-107.8,1,31,62,2.518,-7.492,6.4,1.533,3.027,0.35,0.0,1.5,7.02
1788648103.232,driving,2.699,-5.996,-108.1,1,31,62,2.518,-7.492,6.8,1.507,3.002,0.35,0.0,1.5,6.97
1788648103.279,driving,2.694,-6.011,-108.4,1,31,62,2.518,-7.492,7.3,1.491,2.986,0.35,0.0,1.5,6.97
1788648103.334,driving,2.686,-6.036,-108.7,2,32,62,2.518,-7.542,7.6,1.515,2.961,0.35,0.0,1.5,6.93
1788648103.375,driving,2.68,-6.053,-108.7,2,32,62,2.518,-7.542,7.7,1.497,2.943,0.35,0.0,1.5,6.93
1788648103.426,driving,2.672,-6.079,-108.6,3,33,62,2.518,-7.592,7.9,1.521,2.917,0.35,0.0,1.5,6.88
1788648103.477,driving,2.666,-6.095,-108.7,3,33,62,2.518,-7.592,8.0,1.504,2.9,0.35,0.0,1.5,6.88
1788648103.526,driving,2.654,-6.128,-108.8,4,34,62,2.518,-7.642,8.2,1.52,2.868,0.35,0.0,1.5,6.83
1788648103.574,driving,2.644,-6.152,-108.9,4,34,62,2.518,-7.642,8.5,1.495,2.843,0.35,0.0,1.5,6.83
1788648103.627,driving,2.632,-6.184,-109.0,5,35,62,2.518,-7.692,8.7,1.513,2.811,0.35,0.0,1.5,6.78
1788648103.676,driving,2.626,-6.201,-109.0,5,35,62,2.518,-7.692,8.9,1.495,2.793,0.35,0.0,1.5,6.78
1788648103.724,driving,2.619,-6.223,-109.0,6,36,62,2.518,-7.742,9.0,1.523,2.771,0.35,0.0,1.5,6.74
1788648103.782,driving,2.611,-6.244,-109.0,6,36,62,2.518,-7.742,9.2,1.501,2.749,0.35,0.0,1.5,6.74
1788648103.826,driving,2.603,-6.272,-109.1,7,37,62,2.518,-7.792,9.5,1.523,2.722,0.35,0.0,1.5,6.69
1788648103.873,driving,2.596,-6.293,-109.4,7,37,62,2.518,-7.792,9.9,1.501,2.7,0.35,0.0,1.5,6.69
1788648103.926,driving,2.583,-6.333,-109.6,8,38,62,2.518,-7.842,10.3,1.51,2.66,0.35,0.0,1.5,6.66
1788648103.985,driving,2.577,-6.349,-109.6,9,39,62,2.518,-7.892,10.5,1.544,2.644,0.35,0.0,1.5,6.6
1788648104.023,driving,2.568,-6.375,-109.6,9,39,62,2.518,-7.892,10.6,1.518,2.617,0.35,0.0,1.5,6.6
1788648104.074,driving,2.565,-6.384,-109.6,9,39,62,2.518,-7.892,10.8,1.509,2.608,0.35,0.0,1.5,6.6
1788648104.123,driving,2.553,-6.413,-109.6,10,40,62,2.518,-7.942,11.1,1.53,2.579,0.35,0.0,1.5,6.55
1788648104.174,driving,2.542,-6.433,-109.8,10,40,62,2.518,-7.942,11.5,1.509,2.559,0.35,0.0,1.5,6.55
1788648104.223,driving,2.534,-6.452,-109.9,0,30,52,2.518,-7.942,11.7,1.49,2.54,0.35,0.0,1.5,1.94
1788648104.272,driving,2.527,-6.471,-109.9,1,31,52,2.518,-7.992,11.9,1.521,2.521,0.35,0.0,1.5,1.94
1788648104.352,driving,2.517,-6.498,-109.9,1,31,52,2.518,-7.992,12.1,1.494,2.494,0.35,0.0,1.5,6.47
1788648104.384,driving,2.51,-6.519,-109.9,2,32,52,2.518,-8.042,12.3,1.523,2.473,0.35,0.0,1.5,6.47
1788648104.423,driving,2.502,-6.54,-109.8,2,32,52,2.518,-8.042,12.5,1.502,2.452,0.35,0.0,1.5,6.43
1788648104.476,driving,2.496,-6.556,-109.8,2,32,52,2.518,-8.042,12.6,1.486,2.436,0.35,0.0,1.5,6.43
1788648104.523,driving,2.487,-6.582,-109.8,3,33,52,2.518,-8.092,12.8,1.51,2.41,0.35,0.0,1.5,6.38
1788648104.579,driving,2.479,-6.604,-109.8,3,33,52,2.518,-8.092,13.0,1.489,2.389,0.35,0.0,1.5,6.38
1788648104.626,driving,2.472,-6.624,-109.8,4,34,52,2.518,-8.142,13.2,1.519,2.369,0.35,0.0,1.5,1.74
1788648104.679,driving,2.465,-6.641,-109.8,4,34,52,2.518,-8.142,13.4,1.502,2.352,0.35,0.0,1.5,1.74
1788648104.723,driving,2.456,-6.675,-109.7,5,35,52,2.518,-8.192,13.6,1.519,2.318,0.35,0.0,1.5,1.69
1788648104.775,driving,2.45,-6.699,-109.7,5,35,52,2.518,-8.192,13.8,1.495,2.294,0.35,0.0,1.5,1.69
1788648104.826,driving,2.442,-6.73,-109.7,6,36,52,2.518,-8.242,14.0,1.514,2.264,0.35,0.0,1.5,1.64
1788648104.875,driving,2.438,-6.742,-109.7,6,36,52,2.518,-8.242,14.2,1.503,2.252,0.35,0.0,1.5,1.64
1788648104.923,driving,2.432,-6.757,-109.7,6,36,52,2.518,-8.242,14.4,1.487,2.236,0.35,0.0,1.5,1.6
1788648104.975,driving,2.42,-6.791,-109.6,7,37,52,2.518,-8.292,14.6,1.504,2.203,0.35,0.0,1.5,1.6
1788648105.023,driving,2.41,-6.83,-109.6,8,38,52,2.518,-8.342,14.8,1.516,2.165,0.35,0.0,1.5,1.57
1788648105.074,driving,2.403,-6.861,-109.6,8,38,52,2.518,-8.342,15.0,1.485,2.134,0.35,0.0,1.5,1.57
1788648105.123,driving,2.392,-6.9,-109.5,9,39,52,2.518,-8.392,15.2,1.497,2.096,0.35,0.0,1.5,1.52
1788648105.173,driving,2.387,-6.916,-109.5,9,39,52,2.518,-8.392,15.4,1.482,2.08,0.35,0.0,1.5,1.52
1788648105.224,driving,2.377,-6.942,-109.6,10,40,52,2.518,-8.442,15.7,1.506,2.055,0.35,0.0,1.5,1.47
1788648105.274,driving,2.374,-6.951,-109.5,0,30,42,2.518,-8.442,15.8,1.498,2.046,0.35,0.0,1.5,1.47
1788648105.323,driving,2.358,-6.992,-109.4,1,31,42,2.518,-8.492,16.0,1.508,2.006,0.35,0.0,1.5,1.44
1788648105.379,turning,2.347,-7.019,-109.4,1,31,42,2.518,-8.492,16.3,1.483,1.98,0.0,3.6,1.5,1.44
1788648105.424,turning,2.335,-7.049,-109.3,2,32,42,2.518,-8.542,16.4,1.504,1.951,0.0,3.6,1.5,1.39
1788648105.473,turning,2.329,-7.067,-109.2,2,32,42,2.518,-8.542,16.5,1.487,1.935,0.0,3.6,1.5,1.39
1788648105.531,turning,2.318,-7.096,-109.2,3,33,42,2.518,-8.592,16.8,1.509,1.906,0.0,3.6,1.5,1.35
1788648105.576,turning,2.313,-7.11,-109.1,3,33,42,2.518,-8.592,17.0,1.496,1.893,0.0,3.6,1.5,1.35
1788648105.623,turning,2.301,-7.135,-108.6,3,33,42,2.518,-8.592,16.7,1.473,1.87,0.0,3.6,1.5,1.3
1788648105.673,turning,2.295,-7.142,-107.9,4,34,42,2.518,-8.642,16.2,1.517,1.863,0.0,3.6,1.5,1.3
1788648105.723,turning,2.291,-7.148,-106.4,4,34,42,2.518,-8.642,15.0,1.511,1.858,0.0,3.6,1.5,1.27
1788648105.776,turning,2.289,-7.153,-103.4,4,34,42,2.518,-8.642,12.2,1.506,1.853,0.0,3.6,1.5,1.27
1788648105.831,driving,2.289,-7.154,-99.9,4,34,42,2.518,-8.642,9.0,1.506,1.852,0.35,0.0,1.5,1.24
1788648105.875,driving,2.289,-7.156,-97.3,4,34,42,2.518,-8.642,6.7,1.504,1.851,0.35,0.0,1.5,1.24
1788648105.928,driving,2.291,-7.158,-93.1,4,34,42,2.518,-8.642,2.6,1.502,1.848,0.35,0.0,1.5,1.21
1788648105.977,driving,2.294,-7.161,-90.2,4,34,42,2.518,-8.642,-0.0,1.498,1.845,0.35,0.0,1.5,1.21
1788648106.028,driving,2.296,-7.167,-85.8,4,34,42,2.518,-8.642,-4.1,1.492,1.838,0.35,0.0,1.5,5.81
1788648106.075,driving,2.297,-7.173,-83.4,4,34,42,2.518,-8.642,-6.4,1.486,1.832,0.35,0.0,1.5,5.81
1788648106.126,driving,2.299,-7.189,-81.7,4,34,42,2.518,-8.642,-7.9,1.47,1.817,0.35,0.0,1.5,5.79
1788648106.173,driving,2.3,-7.195,-81.6,5,35,42,2.518,-8.692,-7.7,1.513,1.81,0.35,0.0,1.5,5.79
1788648106.226,driving,2.3,-7.224,-82.1,5,35,42,2.518,-8.692,-7.1,1.484,1.782,0.35,0.0,1.5,5.78
1788648106.279,driving,2.297,-7.252,-83.0,6,36,42,2.518,-8.742,-6.0,1.506,1.754,0.35,0.0,1.5,5.78
1788648106.337,driving,2.295,-7.271,-83.3,0,30,36,2.518,-8.742,-5.5,1.488,1.736,0.35,0.0,1.5,5.74
1788648106.375,driving,2.294,-7.288,-83.5,1,31,36,2.518,-8.792,-5.1,1.521,1.719,0.35,0.0,1.5,5.74
1788648106.425,driving,2.295,-7.313,-83.5,1,31,36,2.518,-8.792,-4.9,1.496,1.694,0.35,0.0,1.5,5.7
1788648106.474,driving,2.296,-7.328,-83.4,2,32,36,2.518,-8.842,-4.9,1.53,1.678,0.35,0.0,1.5,5.7
1788648106.529,driving,2.301,-7.355,-83.0,2,32,36,2.518,-8.842,-5.2,1.503,1.651,0.35,0.0,1.5,5.67
1788648106.585,driving,2.306,-7.374,-82.5,3,33,36,2.518,-8.892,-5.4,1.533,1.632,0.35,0.0,1.5,5.62
1788648106.625,driving,2.31,-7.392,-82.3,3,33,36,2.518,-8.892,-5.6,1.515,1.614,0.35,0.0,1.5,5.62
1788648106.681,driving,2.313,-7.415,-82.2,3,33,36,2.518,-8.892,-5.4,1.491,1.59,0.35,0.0,1.5,5.62
1788648106.724,driving,2.317,-7.445,-82.5,4,34,36,2.518,-8.942,-5.0,1.511,1.56,0.35,0.0,1.5,5.56
1788648106.777,driving,2.319,-7.462,-82.5,4,34,36,2.518,-8.942,-5.0,1.493,1.542,0.35,0.0,1.5,5.56
1788648106.823,driving,2.323,-7.49,-82.4,5,35,36,2.518,-8.992,-4.9,1.515,1.515,0.35,0.0,1.5,5.53
1788648106.874,driving,2.325,-7.508,-82.4,5,35,36,2.518,-8.992,-4.7,1.496,1.496,0.35,0.0,1.5,5.53
1788648106.926,driving,2.331,-7.534,-82.2,6,35,36,2.518,-8.992,-4.9,1.47,1.47,0.35,0.0,1.5,5.48
1788648106.975,driving,2.336,-7.55,-81.6,6,35,36,2.518,-8.992,-5.4,1.454,1.454,0.35,0.0,1.5,5.48
1788648107.031,driving,2.342,-7.574,-81.1,7,35,36,2.518,-8.992,-5.8,1.429,1.429,0.35,0.0,1.5,5.45
1788648107.074,driving,2.344,-7.583,-81.1,7,35,36,2.518,-8.992,-5.7,1.419,1.419,0.35,0.0,1.5,5.45
1788648107.132,driving,2.348,-7.609,-81.0,7,35,36,2.518,-8.992,-5.7,1.394,1.394,0.35,0.0,1.5,5.4
1788648107.176,driving,2.351,-7.629,-80.9,8,35,36,2.518,-8.992,-5.7,1.373,1.373,0.35,0.0,1.5,5.4
1788648107.227,driving,2.356,-7.653,-80.8,8,35,36,2.518,-8.992,-5.7,1.349,1.349,0.35,0.0,1.5,5.34
1788648107.293,driving,2.365,-7.673,-80.5,9,35,36,2.518,-8.992,-5.9,1.328,1.328,0.35,0.0,1.5,5.31
1788648107.324,driving,2.369,-7.685,-80.4,9,35,36,2.518,-8.992,-5.9,1.316,1.316,0.35,0.0,1.5,5.31
1788648107.382,driving,2.375,-7.723,-80.3,1,26,27,2.518,-8.992,-6.0,1.277,1.277,0.35,0.0,1.5,5.31
1788648107.423,driving,2.378,-7.741,-80.2,1,26,27,2.518,-8.992,-6.0,1.259,1.259,0.35,0.0,1.5,5.26
1788648107.476,driving,2.381,-7.759,-80.2,1,26,27,2.518,-8.992,-6.0,1.241,1.241,0.35,0.0,1.5,5.26
1788648107.525,driving,2.383,-7.784,-80.3,2,26,27,2.518,-8.992,-5.8,1.216,1.216,0.35,0.0,1.5,5.22
1788648107.578,driving,2.384,-7.801,-80.6,2,26,27,2.518,-8.992,-5.5,1.198,1.198,0.35,0.0,1.5,5.22
1788648107.625,driving,2.385,-7.822,-80.6,3,26,27,2.518,-8.992,-5.3,1.177,1.177,0.35,0.0,1.5,5.15
1788648107.673,driving,2.39,-7.852,-80.3,3,26,27,2.518,-8.992,-5.6,1.147,1.147,0.35,0.0,1.5,5.15
1788648107.723,driving,2.393,-7.872,-80.2,4,26,27,2.518,-8.992,-5.6,1.127,1.127,0.35,0.0,1.5,5.12
1788648107.773,driving,2.397,-7.897,-80.2,4,26,27,2.518,-8.992,-5.6,1.102,1.102,0.35,0.0,1.5,5.12
1788648107.827,driving,2.405,-7.931,-80.1,5,26,27,2.518,-8.992,-5.7,1.067,1.067,0.35,0.0,1.5,5.08
1788648107.875,driving,2.41,-7.952,-79.9,5,26,27,2.518,-8.992,-5.8,1.045,1.045,0.35,0.0,1.5,5.08
1788648107.927,driving,2.417,-7.984,-79.8,6,26,27,2.518,-8.992,-5.8,1.013,1.013,0.35,0.0,1.5,5.03
1788648107.976,driving,2.421,-8.002,-79.8,6,26,27,2.518,-8.992,-5.8,0.995,0.995,0.35,0.0,1.5,5.03
1788648108.026,driving,2.426,-8.03,-79.8,7,26,27,2.518,-8.992,-5.8,0.966,0.966,0.35,0.0,1.5,4.98
1788648108.075,driving,2.429,-8.048,-79.8,7,26,27,2.518,-8.992,-5.8,0.949,0.949,0.35,0.0,1.5,4.98
1788648108.123,driving,2.443,-8.074,-79.5,8,26,27,2.518,-8.992,-6.1,0.921,0.921,0.35,0.0,1.5,4.95
1788648108.175,driving,2.46,-8.093,-79.0,8,26,27,2.518,-8.992,-6.6,0.901,0.901,0.35,0.0,1.5,4.95
1788648108.223,driving,2.473,-8.118,-78.8,9,26,27,2.518,-8.992,-6.8,0.875,0.875,0.35,0.0,1.5,4.91
1788648108.275,driving,2.477,-8.136,-78.8,9,26,27,2.518,-8.992,-6.9,0.857,0.857,0.35,0.0,1.5,4.91
1788648108.329,driving,2.482,-8.163,-78.8,10,26,27,2.518,-8.992,-6.9,0.83,0.83,0.35,0.0,1.5,4.86
1788648108.412,driving,2.487,-8.19,-78.8,0,16,17,2.518,-8.992,-6.9,0.802,0.802,0.35,0.0,1.5,4.81
1788648108.427,driving,2.487,-8.201,-78.8,0,16,17,2.518,-8.992,-7.0,0.791,0.791,0.35,0.0,1.5,4.81
1788648108.474,driving,2.484,-8.233,-78.7,1,16,17,2.518,-8.992,-7.1,0.759,0.759,0.35,0.0,1.5,4.81
1788648108.524,driving,2.484,-8.255,-78.7,1,16,17,2.518,-8.992,-7.2,0.737,0.737,0.35,0.0,1.5,4.76
1788648108.574,driving,2.489,-8.282,-78.7,2,16,17,2.518,-8.992,-7.3,0.711,0.711,0.35,0.0,1.5,4.76
1788648108.625,driving,2.493,-8.298,-78.7,2,16,17,2.518,-8.992,-7.3,0.694,0.694,0.35,0.0,1.5,4.72
1788648108.675,driving,2.498,-8.325,-78.7,3,16,17,2.518,-8.992,-7.4,0.667,0.667,0.35,0.0,1.5,4.72
1788648108.724,driving,2.505,-8.352,-78.5,3,16,17,2.518,-8.992,-7.6,0.64,0.64,0.35,0.0,1.5,4.67
1788648108.773,driving,2.509,-8.368,-78.3,4,16,17,2.518,-8.992,-7.9,0.624,0.624,0.35,0.0,1.5,4.67
1788648108.824,driving,2.515,-8.391,-78.2,4,16,17,2.518,-8.992,-8.1,0.601,0.601,0.35,0.0,1.5,4.63
1788648108.876,driving,2.519,-8.412,-78.2,4,16,17,2.518,-8.992,-8.2,0.58,0.58,0.35,0.0,1.5,4.63
1788648108.924,driving,2.525,-8.439,-78.1,5,16,17,2.518,-8.992,-8.3,0.553,0.553,0.35,0.0,1.5,4.58
1788648108.976,driving,2.529,-8.456,-78.1,5,16,17,2.518,-8.992,-8.5,0.536,0.536,0.35,0.0,1.5,4.58
1788648109.024,driving,2.536,-8.487,-78.0,6,16,17,2.518,-8.992,-8.7,0.505,0.505,0.35,0.0,1.5,4.53
1788648109.077,driving,2.542,-8.512,-77.9,6,16,17,2.518,-8.992,-9.0,0.48,0.48,0.35,0.0,1.5,4.53
1788648109.125,driving,2.547,-8.532,-77.8,7,16,17,2.518,-8.992,-9.2,0.461,0.461,0.35,0.0,1.5,4.49
1788648109.178,driving,2.555,-8.568,-77.8,8,16,17,2.518,-8.992,-9.4,0.425,0.425,0.35,0.0,1.5,4.49
1788648109.227,driving,2.559,-8.587,-77.8,8,16,17,2.518,-8.992,-9.6,0.407,0.407,0.35,0.0,1.5,4.44
1788648109.28,driving,2.563,-8.605,-77.8,8,16,17,2.518,-8.992,-9.9,0.39,0.39,0.341,0.0,1.5,4.44
1788648109.325,driving,2.568,-8.627,-77.6,9,16,17,2.518,-8.992,-10.3,0.369,0.369,0.323,0.0,1.5,4.39
1788648109.383,driving,2.577,-8.655,-77.2,9,16,17,2.518,-8.992,-11.0,0.342,0.342,0.299,0.0,1.5,4.39
1788648109.423,driving,2.584,-8.684,-77.0,10,16,17,2.518,-8.992,-11.6,0.315,0.315,0.276,0.0,1.5,4.35
1788648109.474,driving,2.588,-8.7,-77.0,0,6,7,2.518,-8.992,-11.9,0.3,0.3,0.263,0.0,1.5,4.35
1788648109.523,driving,2.593,-8.721,-77.0,0,6,7,2.518,-8.992,-12.4,0.282,0.282,0.246,0.0,1.5,4.3
1788648109.58,driving,2.599,-8.745,-77.0,1,6,7,2.518,-8.992,-12.8,0.259,0.259,0.227,0.0,1.5,4.3
1788648109.632,driving,2.609,-8.767,-77.0,1,6,7,2.518,-8.992,-13.4,0.242,0.242,0.22,0.0,1.5,4.25
1788648109.685,driving,2.619,-8.78,-77.0,2,6,7,2.518,-8.992,-14.0,0.235,0.235,0.22,0.0,1.5,4.25
1788648109.734,driving,2.626,-8.792,-77.0,2,6,7,2.518,-8.992,-14.7,0.227,0.227,0.22,0.0,1.5,4.21
1788648109.78,driving,2.633,-8.822,-77.0,2,6,7,2.518,-8.992,-15.4,0.205,0.205,0.22,0.0,1.5,4.21
1788648109.859,turning,2.636,-8.837,-77.0,3,6,7,2.518,-8.992,-16.3,0.195,0.195,0.0,-3.6,1.5,4.18
1788648109.875,turning,2.64,-8.852,-77.0,3,6,7,2.518,-8.992,-17.2,0.186,0.186,0.0,-3.6,1.5,4.18
1788648109.926,turning,2.642,-8.873,-77.2,3,6,7,2.518,-8.992,-18.1,0.172,0.172,0.0,-3.6,1.5,4.13
1788648109.973,turning,2.642,-8.887,-77.4,4,6,7,2.518,-8.992,-19.0,0.162,0.162,0.0,-3.6,1.5,4.13
1788648110.026,turning,2.643,-8.902,-77.5,4,6,7,2.518,-8.992,-20.0,0.154,0.154,0.0,-3.6,1.5,4.1
1788648110.078,goal_approach,2.647,-8.919,-77.5,6,6,7,2.518,-8.992,-73.1,0.148,0.148,0.0,-3.826,,4.1
1788648110.127,goal_approach,2.651,-8.935,-77.6,6,6,7,2.518,-8.992,-79.3,0.144,0.144,0.0,-4.15,,4.07
1788648110.174,goal_approach,2.651,-8.939,-77.8,6,6,7,2.518,-8.992,-80.4,0.144,0.144,0.0,-4.21,,4.07
1788648110.223,goal_approach,2.657,-8.941,-78.5,6,6,7,2.518,-8.992,-81.2,0.148,0.148,0.0,-4.25,,4.03
1788648110.276,goal_approach,2.663,-8.943,-79.1,6,6,7,2.518,-8.992,-82.3,0.153,0.153,0.0,-4.309,,4.03
1788648110.329,goal_approach,2.671,-8.945,-81.8,6,6,7,2.518,-8.992,-81.0,0.16,0.16,0.0,-4.24,,4.0
1788648110.375,goal_approach,2.67,-8.945,-83.4,6,6,7,2.518,-8.992,-79.3,0.16,0.16,0.0,-4.154,,4.0
1788648110.429,goal_approach,2.67,-8.944,-85.2,6,6,7,2.518,-8.992,-77.2,0.16,0.16,0.0,-4.04,,3.99
1788648110.477,goal_approach,2.67,-8.944,-87.2,3,3,4,2.518,-8.992,-75.4,0.16,0.16,0.0,-3.947,,3.99
1788648110.526,goal_approach,2.67,-8.944,-90.8,3,3,4,2.518,-8.992,-71.7,0.16,0.16,0.0,-3.755,,3.99
