t,state,x,y,yaw_deg,i0,ci,n,aim_x,aim_y,herr_deg,dist_aim,dist_goal,vx,wz,la,clear
1788450787.607,turning,1.0,1.0,0.0,151,151,152,1.475,2.475,72.1,1.55,1.55,0.0,3.778,1.5,1.56
1788450787.66,turning,1.0,1.0,1.9,0,30,83,2.475,0.875,68.3,1.48,4.077,0.0,3.677,1.5,1.56
1788450787.714,turning,1.0,1.0,4.4,0,30,83,2.475,0.875,64.0,1.48,4.077,0.0,3.55,1.5,1.62
1788450787.766,turning,1.0,1.0,8.9,0,30,83,2.475,0.875,57.7,1.48,4.077,0.0,3.314,1.5,1.62
1788450787.818,turning,1.0,1.0,11.0,0,30,83,2.475,0.875,53.8,1.48,4.077,0.0,3.2,1.5,1.92
1788450787.871,turning,1.0,1.0,14.7,0,30,83,2.475,0.875,48.4,1.48,4.077,0.0,3.005,1.5,1.92
1788450787.925,turning,1.0,1.0,16.5,0,30,83,2.475,0.875,44.9,1.48,4.077,0.0,2.914,1.5,2.31
1788450787.979,turning,1.0,1.0,19.5,0,30,83,2.475,0.875,40.3,1.48,4.077,0.0,2.757,1.5,2.31
1788450788.04,turning,1.0,1.0,20.9,0,30,83,2.475,0.875,37.3,1.48,4.077,0.0,2.682,1.5,2.79
1788450788.096,turning,1.0,1.0,23.3,0,30,83,2.475,0.875,33.3,1.48,4.077,0.0,2.555,1.5,2.79
1788450788.159,turning,1.0,1.0,24.5,0,30,83,2.475,0.875,30.6,1.48,4.077,0.0,2.495,1.5,3.37
1788450788.217,turning,1.0,1.0,25.5,0,30,83,2.475,0.875,28.1,1.48,4.077,0.0,2.442,1.5,3.37
1788450788.275,turning,0.997,1.0,27.5,0,30,83,2.475,0.875,24.7,1.483,4.08,0.0,2.4,1.5,3.38
1788450788.329,turning,0.994,1.0,28.5,0,30,83,2.475,0.875,22.3,1.486,4.083,0.0,2.4,1.5,3.38
1788450788.383,turning,0.992,1.0,30.3,0,30,83,2.475,0.875,19.2,1.489,4.085,0.0,2.4,1.5,3.38
1788450788.439,turning,0.992,1.0,31.1,0,30,83,2.475,0.875,17.0,1.489,4.085,0.0,2.4,1.5,3.38
1788450788.492,turning,0.988,0.999,33.0,0,30,83,2.475,0.875,13.8,1.492,4.089,0.0,2.4,1.5,3.38
1788450788.547,turning,0.985,0.998,34.0,0,30,83,2.475,0.875,11.5,1.495,4.092,0.0,2.4,1.5,3.38
1788450788.601,turning,0.982,0.998,35.8,0,30,83,2.475,0.875,8.4,1.498,4.095,0.0,2.4,1.5,3.39
1788450788.654,turning,0.982,0.998,36.7,0,30,83,2.475,0.875,6.4,1.498,4.095,0.0,2.4,1.5,3.39
1788450788.709,turning,0.983,0.997,38.1,0,30,83,2.475,0.875,3.8,1.497,4.094,0.0,2.4,1.5,3.39
1788450788.761,turning,0.983,0.997,38.7,0,30,83,2.475,0.875,2.0,1.497,4.093,0.0,2.4,1.5,3.39
1788450788.817,turning,0.984,0.997,40.2,0,30,83,2.475,0.875,-0.6,1.496,4.093,0.0,2.4,1.5,3.37
1788450788.879,turning,0.984,0.997,41.1,0,30,83,2.475,0.875,-2.5,1.496,4.093,0.0,2.4,1.5,3.37
1788450788.94,turning,0.984,0.997,42.7,0,30,83,2.475,0.875,-5.2,1.496,4.093,0.0,2.4,1.5,3.35
1788450788.998,turning,0.984,0.997,43.5,0,30,83,2.475,0.875,-7.1,1.496,4.093,0.0,2.4,1.5,3.35
1788450789.053,turning,0.98,0.995,45.2,0,30,83,2.475,0.875,-9.8,1.5,4.097,0.0,2.4,1.5,3.32
1788450789.105,turning,0.977,0.993,46.1,0,30,83,2.475,0.875,-11.7,1.503,4.1,0.0,2.4,1.5,3.32
1788450789.161,turning,0.975,0.993,47.0,0,30,83,2.475,0.875,-13.5,1.504,4.101,0.0,2.4,1.5,3.31
1788450789.211,turning,0.975,0.993,48.6,0,30,83,2.475,0.875,-16.1,1.504,4.101,0.0,2.4,1.5,3.31
1788450789.264,turning,0.975,0.993,49.4,0,30,83,2.475,0.875,-17.8,1.504,4.101,0.0,2.4,1.5,3.3
1788450789.315,turning,0.975,0.993,51.1,0,30,83,2.475,0.875,-20.4,1.504,4.101,0.0,2.4,1.5,3.3
1788450789.371,turning,0.976,0.992,51.9,0,30,83,2.475,0.875,-22.1,1.503,4.1,0.0,2.4,1.5,3.3
1788450789.423,turning,0.98,0.992,53.7,0,30,83,2.475,0.875,-24.7,1.5,4.097,0.0,2.4,1.5,3.3
1788450789.48,turning,0.98,0.992,54.5,0,30,83,2.475,0.875,-26.3,1.499,4.096,0.0,2.4,1.5,3.3
1788450789.535,turning,0.98,0.992,56.1,0,30,83,2.475,0.875,-28.8,1.499,4.096,0.0,2.4,1.5,3.3
1788450789.598,turning,0.98,0.992,57.0,0,30,83,2.475,0.875,-30.4,1.499,4.096,0.0,2.4,1.5,3.3
1788450789.658,turning,0.98,0.992,58.6,0,30,83,2.475,0.875,-32.8,1.499,4.096,0.0,2.4,1.5,3.3
1788450789.718,turning,0.98,0.992,59.4,0,30,83,2.475,0.875,-34.3,1.499,4.096,0.0,2.4,1.5,3.3
1788450789.776,turning,0.98,0.993,60.9,0,30,83,2.475,0.875,-36.6,1.499,4.096,0.0,2.4,1.5,3.3
1788450789.83,turning,0.98,0.993,61.7,0,30,83,2.475,0.875,-38.1,1.499,4.096,0.0,2.4,1.5,3.3
1788450789.88,turning,0.98,0.993,63.4,0,30,83,2.475,0.875,-40.5,1.499,4.096,0.0,2.4,1.5,3.3
1788450789.934,turning,0.98,0.993,64.2,0,30,83,2.475,0.875,-42.0,1.499,4.096,0.0,2.4,1.5,3.3
1788450789.989,turning,0.98,0.993,65.8,0,30,83,2.475,0.875,-44.2,1.499,4.096,0.0,2.4,1.5,3.3
1788450790.044,driving,0.978,0.994,67.0,0,30,83,2.475,0.875,-46.0,1.502,4.099,0.3,0.0,1.5,3.3
1788450790.099,turning,0.976,0.994,68.2,0,30,83,2.475,0.875,-47.8,1.504,4.101,0.0,-2.505,1.5,3.3
1788450790.155,turning,0.974,0.997,68.6,0,30,83,2.475,0.875,-48.9,1.506,4.102,0.0,-2.53,1.5,3.3
1788450790.207,turning,0.975,0.997,67.8,0,30,83,2.475,0.875,-48.7,1.505,4.102,0.0,-2.485,1.5,3.3
1788450790.262,turning,0.975,0.997,65.8,0,30,83,2.475,0.875,-47.3,1.505,4.102,0.0,-2.4,1.5,3.29
1788450790.316,turning,0.975,0.997,64.8,0,30,83,2.475,0.875,-46.9,1.505,4.102,0.0,-2.4,1.5,3.29
1788450790.377,turning,0.973,0.997,62.9,0,30,83,2.475,0.875,-45.5,1.507,4.104,0.0,-2.4,1.5,3.29
1788450790.436,turning,0.971,0.996,61.9,0,30,83,2.475,0.875,-45.1,1.509,4.106,0.0,-2.4,1.5,3.29
1788450790.5,turning,0.97,0.996,60.1,0,30,83,2.475,0.875,-43.8,1.51,4.107,0.0,-2.4,1.5,3.29
1788450790.56,turning,0.97,0.996,59.2,0,30,83,2.475,0.875,-43.4,1.51,4.107,0.0,-2.4,1.5,3.29
1788450790.614,turning,0.97,0.996,57.5,0,30,83,2.475,0.875,-42.2,1.51,4.107,0.0,-2.4,1.5,3.29
1788450790.668,turning,0.97,0.996,56.6,0,30,83,2.475,0.875,-41.8,1.51,4.107,0.0,-2.4,1.5,3.29
1788450790.72,turning,0.97,0.996,54.9,0,30,83,2.475,0.875,-40.6,1.51,4.107,0.0,-2.4,1.5,3.29
1788450790.773,turning,0.97,0.996,54.1,0,30,83,2.475,0.875,-40.2,1.51,4.107,0.0,-2.4,1.5,3.29
1788450790.826,turning,0.97,0.996,52.3,0,30,83,2.475,0.875,-38.9,1.51,4.107,0.0,-2.4,1.5,3.28
1788450790.879,turning,0.97,0.996,51.5,0,30,83,2.475,0.875,-38.5,1.51,4.107,0.0,-2.4,1.5,3.28
1788450790.935,turning,0.97,0.996,49.8,0,30,83,2.475,0.875,-37.2,1.51,4.107,0.0,-2.4,1.5,3.28
1788450790.987,turning,0.97,0.996,48.9,0,30,83,2.475,0.875,-36.8,1.51,4.107,0.0,-2.4,1.5,3.28
1788450791.057,turning,0.97,0.996,48.0,0,30,83,2.475,0.875,-36.4,1.51,4.107,0.0,-2.4,1.5,3.29
1788450791.116,turning,0.97,0.996,46.3,0,30,83,2.475,0.875,-35.0,1.51,4.107,0.0,-2.4,1.5,3.29
1788450791.186,turning,0.969,0.997,45.6,0,30,83,2.475,0.875,-34.7,1.511,4.108,0.0,-2.4,1.5,3.3
1788450791.245,turning,0.965,0.999,44.2,0,30,83,2.475,0.875,-33.7,1.515,4.112,0.0,-2.4,1.5,3.3
1788450791.307,turning,0.965,1.0,43.4,0,30,83,2.475,0.875,-33.3,1.516,4.112,0.0,-2.4,1.5,3.32
1788450791.363,turning,0.965,1.0,41.7,0,30,83,2.475,0.875,-31.9,1.516,4.112,0.0,-2.4,1.5,3.32
1788450791.422,turning,0.965,1.0,40.8,0,30,83,2.475,0.875,-31.4,1.516,4.112,0.0,-2.4,1.5,3.34
1788450791.475,turning,0.965,1.0,39.1,0,30,83,2.475,0.875,-30.0,1.516,4.112,0.0,-2.4,1.5,3.34
1788450791.527,turning,0.963,0.999,38.4,0,30,83,2.475,0.875,-29.7,1.517,4.114,0.0,-2.4,1.5,3.37
1788450791.578,turning,0.958,0.995,37.2,0,30,83,2.475,0.875,-28.8,1.522,4.119,0.0,-2.4,1.5,3.37
1788450791.629,turning,0.957,0.995,36.4,0,30,83,2.475,0.875,-28.3,1.522,4.119,0.0,-2.4,1.5,3.4
1788450791.681,turning,0.957,0.995,34.6,0,30,83,2.475,0.875,-26.9,1.522,4.119,0.0,-2.4,1.5,3.4
1788450791.735,turning,0.957,0.995,33.8,0,30,83,2.475,0.875,-26.3,1.522,4.119,0.0,-2.4,1.5,3.4
1788450791.789,turning,0.957,0.995,32.1,0,30,83,2.475,0.875,-24.9,1.522,4.119,0.0,-2.4,1.5,3.4
1788450791.844,turning,0.958,0.997,31.2,0,30,83,2.475,0.875,-24.3,1.522,4.119,0.0,-2.4,1.5,3.4
1788450791.9,turning,0.959,1.004,29.5,0,30,83,2.475,0.875,-22.9,1.521,4.118,0.0,-2.4,1.5,3.4
1788450791.96,turning,0.96,1.004,28.6,0,30,83,2.475,0.875,-22.3,1.521,4.117,0.0,-2.4,1.5,3.4
1788450792.022,turning,0.96,1.004,27.7,0,30,83,2.475,0.875,-21.7,1.521,4.117,0.0,-2.4,1.5,3.4
1788450792.084,turning,0.96,1.004,26.0,0,30,83,2.475,0.875,-20.3,1.521,4.117,0.0,-2.4,1.5,3.4
1788450792.14,driving,0.96,1.004,25.2,0,30,83,2.475,0.875,-19.7,1.521,4.117,0.3,0.0,1.5,3.4
1788450792.193,turning,0.949,0.996,23.8,0,30,83,2.475,0.875,-18.6,1.531,4.128,0.0,-2.4,1.5,3.24
1788450792.246,turning,0.94,0.99,23.6,0,30,83,2.475,0.875,-18.5,1.539,4.137,0.0,-2.4,1.5,3.24
1788450792.3,turning,0.931,0.984,21.7,0,30,83,2.475,0.875,-16.9,1.548,4.146,0.0,-2.4,1.5,3.11
1788450792.353,turning,0.931,0.984,20.8,0,30,83,2.475,0.875,-16.3,1.548,4.146,0.0,-2.4,1.5,3.11
1788450792.409,turning,0.931,0.984,19.1,0,30,83,2.475,0.875,-14.8,1.548,4.146,0.0,-2.4,1.5,2.77
1788450792.46,turning,0.931,0.984,18.2,0,30,83,2.475,0.875,-14.1,1.548,4.146,0.0,-2.4,1.5,2.77
1788450792.515,turning,0.939,0.993,16.6,0,30,83,2.475,0.875,-12.7,1.541,4.138,0.0,-2.4,1.5,2.5
1788450792.568,turning,0.945,1.0,15.8,0,30,83,2.475,0.875,-12.1,1.535,4.132,0.0,-2.4,1.5,2.5
1788450792.621,turning,0.95,1.005,14.1,0,30,83,2.475,0.875,-10.6,1.531,4.128,0.0,-2.4,1.5,2.28
1788450792.679,turning,0.95,1.005,13.2,0,30,83,2.475,0.875,-9.9,1.531,4.128,0.0,-2.4,1.5,2.28
1788450792.741,turning,0.95,1.005,11.5,1,31,84,2.475,0.875,-8.4,1.531,4.128,0.0,-2.4,1.5,2.1
1788450792.8,turning,0.95,1.005,10.7,1,31,84,2.475,0.875,-7.8,1.531,4.128,0.0,-2.4,1.5,2.1
1788450792.862,driving,0.949,1.008,9.0,1,31,84,2.475,0.875,-6.3,1.532,4.129,0.3,0.0,1.5,1.96
1788450792.916,driving,0.948,1.009,8.2,1,31,84,2.475,0.875,-5.7,1.533,4.129,0.3,0.0,1.5,1.96
1788450792.971,driving,0.948,1.01,8.0,1,31,84,2.475,0.875,-5.7,1.533,4.129,0.3,0.0,1.5,1.84
1788450793.026,driving,0.954,1.011,8.0,1,31,84,2.475,0.875,-5.9,1.527,4.123,0.3,0.0,1.5,1.84
1788450793.08,driving,0.96,1.012,8.0,1,31,84,2.475,0.875,-6.0,1.521,4.118,0.3,0.0,1.5,1.84
1788450793.138,driving,0.976,1.014,8.0,1,31,84,2.475,0.875,-6.2,1.505,4.101,0.3,0.0,1.5,1.84
1788450793.194,driving,0.985,1.014,8.0,1,31,84,2.475,0.875,-6.4,1.496,4.092,0.3,0.0,1.5,1.84
1788450793.25,driving,1.002,1.013,8.1,2,32,84,2.525,0.875,-6.6,1.529,4.075,0.3,0.0,1.5,1.84
1788450793.306,driving,1.012,1.014,8.1,2,32,84,2.525,0.875,-6.8,1.519,4.065,0.3,0.0,1.5,1.85
1788450793.36,driving,1.032,1.017,8.1,2,32,84,2.525,0.875,-7.0,1.499,4.045,0.3,0.0,1.5,1.85
1788450793.416,driving,1.042,1.018,8.1,2,32,84,2.525,0.875,-7.1,1.49,4.035,0.3,0.0,1.5,1.85
1788450793.477,driving,1.063,1.021,8.1,3,33,84,2.575,0.875,-7.3,1.519,4.015,0.3,0.0,1.5,1.85
1788450793.541,driving,1.073,1.022,8.1,3,33,84,2.575,0.875,-7.5,1.51,4.005,0.3,0.0,1.5,1.86
1788450793.606,driving,1.093,1.025,8.1,3,33,84,2.575,0.875,-7.6,1.49,3.985,0.3,0.0,1.5,1.86
1788450793.669,driving,1.103,1.027,8.1,3,33,84,2.575,0.875,-7.8,1.48,3.975,0.3,0.0,1.5,1.86
1788450793.727,driving,1.123,1.03,8.1,4,34,84,2.625,0.875,-7.9,1.51,3.955,0.3,0.0,1.5,1.86
1788450793.783,driving,1.133,1.031,8.1,0,30,80,2.625,0.875,-8.1,1.5,3.945,0.3,0.0,1.5,1.87
1788450793.838,driving,1.153,1.034,8.1,1,31,80,2.675,0.875,-8.2,1.53,3.925,0.3,0.0,1.5,1.87
1788450793.893,driving,1.164,1.035,8.1,1,31,80,2.675,0.875,-8.4,1.52,3.915,0.3,0.0,1.5,1.87
1788450793.948,driving,1.174,1.037,8.1,1,31,80,2.675,0.875,-8.5,1.51,3.905,0.3,0.0,1.5,1.87
1788450794.003,driving,1.195,1.042,8.3,1,31,80,2.675,0.875,-8.9,1.489,3.883,0.3,0.0,1.5,1.88
1788450794.059,driving,1.207,1.046,8.5,1,31,80,2.675,0.875,-9.2,1.478,3.872,0.3,0.0,1.5,1.88
1788450794.113,driving,1.229,1.051,8.6,2,32,80,2.725,0.875,-9.5,1.506,3.85,0.3,0.0,1.5,1.88
1788450794.167,driving,1.239,1.053,8.6,2,32,80,2.725,0.875,-9.6,1.497,3.84,0.3,0.0,1.5,1.88
1788450794.225,driving,1.259,1.056,8.6,2,32,80,2.725,0.875,-9.8,1.477,3.82,0.3,0.0,1.5,1.89
1788450794.288,driving,1.269,1.057,8.6,3,33,80,2.775,0.875,-9.9,1.517,3.81,0.3,0.0,1.5,1.89
1788450794.352,driving,1.289,1.06,8.6,3,33,80,2.775,0.875,-10.1,1.497,3.79,0.3,0.0,1.5,1.89
1788450794.408,driving,1.3,1.062,8.6,3,33,80,2.775,0.875,-10.2,1.487,3.78,0.3,0.0,1.5,1.89
1788450794.467,driving,1.318,1.063,8.4,4,34,80,2.825,0.875,-10.1,1.519,3.762,0.3,0.0,1.5,1.9
1788450794.522,driving,1.326,1.063,8.2,4,34,80,2.825,0.875,-10.1,1.51,3.753,0.3,0.0,1.5,1.9
1788450794.576,driving,1.345,1.065,8.1,4,34,80,2.825,0.875,-10.1,1.492,3.734,0.3,0.0,1.5,1.9
1788450794.629,driving,1.356,1.067,8.1,4,34,80,2.825,0.875,-10.2,1.482,3.724,0.3,0.0,1.5,1.9
1788450794.682,driving,1.376,1.07,8.1,5,35,80,2.875,0.875,-10.3,1.512,3.704,0.3,0.0,1.5,1.91
1788450794.736,driving,1.386,1.071,8.1,5,35,80,2.875,0.875,-10.5,1.502,3.694,0.3,0.0,1.5,1.91
1788450794.79,driving,1.406,1.074,8.1,5,35,80,2.875,0.875,-10.6,1.482,3.674,0.3,0.0,1.5,1.91
1788450794.844,driving,1.416,1.075,8.1,0,30,74,2.925,0.875,-10.7,1.522,3.664,0.3,0.0,1.5,1.91
1788450794.896,driving,1.426,1.077,8.0,0,30,74,2.925,0.875,-10.8,1.513,3.655,0.3,0.0,1.5,1.92
1788450794.95,driving,1.445,1.078,7.9,0,30,74,2.925,0.875,-10.8,1.494,3.636,0.3,0.0,1.5,1.92
1788450795.007,driving,1.455,1.08,7.8,1,31,74,2.975,0.875,-10.9,1.534,3.626,0.3,0.0,1.5,1.92
1788450795.066,driving,1.475,1.082,7.8,1,31,74,2.975,0.875,-11.0,1.514,3.606,0.3,0.0,1.5,1.92
1788450795.13,driving,1.485,1.084,7.8,1,31,74,2.975,0.875,-11.1,1.504,3.596,0.3,0.0,1.5,1.93
1788450795.188,driving,1.505,1.086,7.8,2,32,74,3.025,0.875,-11.2,1.534,3.576,0.3,0.0,1.5,1.93
1788450795.244,driving,1.515,1.088,7.8,2,32,74,3.025,0.875,-11.3,1.525,3.566,0.3,0.0,1.5,1.93
1788450795.299,driving,1.536,1.091,7.8,2,32,74,3.025,0.875,-11.4,1.505,3.546,0.3,0.0,1.5,1.93
1788450795.356,driving,1.548,1.088,7.4,2,32,74,3.025,0.875,-11.1,1.492,3.533,0.3,0.0,1.5,1.94
1788450795.409,driving,1.575,1.079,6.2,3,33,74,3.075,0.875,-10.0,1.514,3.506,0.3,0.0,1.5,1.94
1788450795.463,driving,1.586,1.079,6.1,3,33,74,3.075,0.875,-10.0,1.503,3.495,0.3,0.0,1.5,1.94
1788450795.513,driving,1.607,1.081,6.1,3,33,74,3.075,0.875,-10.1,1.483,3.475,0.3,0.0,1.5,1.94
1788450795.57,driving,1.617,1.082,6.1,4,34,74,3.125,0.875,-10.2,1.523,3.465,0.3,0.0,1.5,1.95
1788450795.619,driving,1.637,1.085,6.1,4,34,74,3.125,0.875,-10.3,1.503,3.444,0.3,0.0,1.5,1.95
1788450795.675,driving,1.647,1.086,6.1,4,34,74,3.125,0.875,-10.4,1.493,3.434,0.3,0.0,1.5,1.95
1788450795.726,driving,1.667,1.088,6.1,5,35,74,3.175,0.875,-10.5,1.523,3.414,0.3,0.0,1.5,1.95
1788450795.782,driving,1.67,1.086,6.1,5,35,74,3.175,0.875,-10.6,1.519,3.411,0.3,0.0,1.5,1.96
1788450795.845,driving,1.673,1.084,6.1,0,30,69,3.175,0.875,-10.7,1.517,3.409,0.3,0.0,1.5,1.96
1788450795.908,driving,1.685,1.083,6.1,0,30,69,3.175,0.875,-10.8,1.504,3.396,0.3,0.0,1.5,1.96
1788450795.968,driving,1.695,1.085,6.1,0,30,69,3.175,0.875,-10.9,1.494,3.386,0.3,0.0,1.5,1.96
1788450796.024,driving,1.716,1.087,6.1,1,31,69,3.225,0.875,-10.9,1.524,3.366,0.3,0.0,1.5,1.97
1788450796.078,driving,1.726,1.088,6.1,1,31,69,3.225,0.875,-11.0,1.514,3.356,0.3,0.0,1.5,1.97
1788450796.135,driving,1.746,1.09,6.1,1,31,69,3.225,0.875,-11.1,1.494,3.336,0.3,0.0,1.5,1.97
1788450796.188,driving,1.756,1.091,6.1,1,31,69,3.225,0.875,-11.2,1.485,3.326,0.3,0.0,1.5,1.97
1788450796.243,driving,1.779,1.091,6.0,2,32,69,3.275,0.875,-11.2,1.511,3.303,0.3,0.0,1.5,1.98
1788450796.298,driving,1.792,1.09,5.9,2,32,69,3.275,0.875,-11.2,1.499,3.29,0.3,0.0,1.5,1.98
1788450796.353,driving,1.814,1.09,5.9,3,33,69,3.325,0.875,-11.2,1.526,3.268,0.3,0.0,1.5,1.98
1788450796.406,driving,1.824,1.091,5.9,3,33,69,3.325,0.875,-11.2,1.516,3.258,0.3,0.0,1.5,1.98
1788450796.461,driving,1.844,1.093,5.9,3,33,69,3.325,0.875,-11.3,1.497,3.238,0.3,0.0,1.5,1.99
1788450796.512,driving,1.855,1.094,5.9,3,33,69,3.325,0.875,-11.4,1.487,3.228,0.3,0.0,1.5,1.99
1788450796.568,driving,1.875,1.097,5.9,4,34,69,3.375,0.875,-11.5,1.516,3.208,0.3,0.0,1.5,2.0
1788450796.628,driving,1.885,1.098,5.9,4,34,69,3.375,0.875,-11.5,1.506,3.198,0.3,0.0,1.5,2.0
1788450796.688,driving,1.915,1.106,6.1,5,35,69,3.425,0.875,-11.9,1.528,3.169,0.3,0.0,1.5,2.0
1788450796.748,driving,1.932,1.111,6.3,5,35,69,3.425,0.875,-12.1,1.512,3.152,0.3,0.0,1.5,2.0
1788450796.805,driving,1.945,1.114,6.4,5,35,69,3.425,0.875,-12.3,1.499,3.139,0.3,0.0,1.5,2.01
1788450796.858,driving,1.966,1.116,6.4,0,30,63,3.475,0.875,-12.4,1.529,3.119,0.3,0.0,1.5,2.01
1788450796.911,driving,1.976,1.118,6.4,0,30,63,3.475,0.875,-12.5,1.519,3.109,0.3,0.0,1.5,2.01
1788450796.966,driving,1.996,1.12,6.4,0,30,63,3.475,0.875,-12.6,1.499,3.089,0.3,0.0,1.5,2.01
1788450797.018,driving,2.006,1.121,6.4,1,31,63,3.525,0.875,-12.6,1.539,3.079,0.3,0.0,1.5,2.02
1788450797.072,driving,2.026,1.123,6.4,1,31,63,3.525,0.875,-12.7,1.519,3.059,0.3,0.0,1.5,2.02
1788450797.127,driving,2.041,1.122,6.4,1,31,63,3.525,0.875,-12.7,1.505,3.044,0.3,0.0,1.5,2.02
1788450797.181,driving,2.074,1.119,6.2,2,32,63,3.575,0.875,-12.7,1.521,3.011,0.3,0.0,1.5,2.02
1788450797.232,driving,2.086,1.119,6.2,2,32,63,3.575,0.875,-12.7,1.509,2.999,0.3,0.0,1.5,2.03
1788450797.284,driving,2.106,1.121,6.2,3,33,63,3.625,0.875,-12.8,1.539,2.979,0.3,0.0,1.5,2.03
1788450797.342,driving,2.116,1.122,6.2,3,33,63,3.625,0.875,-12.9,1.529,2.969,0.3,0.0,1.5,2.03
1788450797.403,driving,2.136,1.124,6.2,3,33,63,3.625,0.875,-12.9,1.509,2.949,0.3,0.0,1.5,2.03
1788450797.468,driving,2.147,1.126,6.2,3,33,63,3.625,0.875,-13.0,1.499,2.939,0.3,0.0,1.5,2.04
1788450797.532,driving,2.167,1.128,6.2,4,34,63,3.675,0.875,-13.1,1.529,2.919,0.3,0.0,1.5,2.04
1788450797.589,driving,2.176,1.131,6.3,4,34,63,3.675,0.875,-13.2,1.521,2.911,0.3,0.0,1.5,2.04
1788450797.642,driving,2.193,1.139,6.4,4,34,63,3.675,0.875,-13.4,1.506,2.894,0.3,0.0,1.5,2.04
1788450797.696,driving,2.203,1.141,6.4,4,34,63,3.675,0.875,-13.4,1.496,2.884,0.3,0.0,1.5,2.05
1788450797.751,driving,2.213,1.142,6.4,5,35,63,3.725,0.875,-13.5,1.535,2.874,0.3,0.0,1.5,2.05
1788450797.808,driving,2.233,1.144,6.4,5,35,63,3.725,0.875,-13.6,1.516,2.854,0.3,0.0,1.5,2.05
1788450797.863,driving,2.243,1.145,6.4,5,35,63,3.725,0.875,-13.7,1.506,2.844,0.3,0.0,1.5,2.05
1788450797.92,driving,2.264,1.147,6.4,1,31,58,3.729,0.749,-13.9,1.518,2.824,0.3,0.0,1.5,2.06
1788450797.974,driving,2.274,1.149,6.4,1,31,58,3.729,0.749,-14.1,1.509,2.814,0.3,0.0,1.5,2.06
1788450798.03,driving,2.296,1.151,6.4,1,31,58,3.729,0.749,-14.2,1.488,2.792,0.3,0.0,1.5,2.06
1788450798.083,driving,2.308,1.153,6.3,1,31,58,3.729,0.749,-14.4,1.477,2.781,0.3,0.0,1.5,2.06
1788450798.146,driving,2.33,1.155,6.3,2,32,58,3.825,0.725,-14.6,1.555,2.759,0.3,0.0,1.5,2.03
1788450798.205,driving,2.34,1.156,6.3,2,32,58,3.825,0.725,-14.8,1.546,2.749,0.3,0.0,1.5,2.03
1788450798.269,driving,2.361,1.159,6.3,2,32,58,3.825,0.725,-15.0,1.527,2.729,0.3,0.0,1.5,2.0
1788450798.327,driving,2.371,1.16,6.3,3,33,58,3.875,0.725,-15.2,1.566,2.719,0.3,0.0,1.5,2.0
1788450798.384,driving,2.391,1.162,6.3,3,33,58,3.875,0.725,-15.4,1.547,2.699,0.3,0.0,1.5,1.97
1788450798.439,driving,2.401,1.163,6.3,3,33,58,3.875,0.725,-15.6,1.538,2.689,0.3,0.0,1.5,1.97
1788450798.492,driving,2.418,1.165,6.1,4,34,58,3.925,0.725,-15.5,1.571,2.673,0.3,0.0,1.5,1.94
1788450798.545,driving,2.425,1.167,5.9,4,34,58,3.925,0.725,-15.5,1.564,2.666,0.3,0.0,1.5,1.94
1788450798.596,driving,2.443,1.169,5.8,4,34,58,3.925,0.725,-15.5,1.547,2.648,0.3,0.0,1.5,1.92
1788450798.649,driving,2.453,1.17,5.8,4,34,58,3.925,0.725,-15.7,1.537,2.638,0.3,0.0,1.5,1.92
1788450798.702,driving,2.464,1.171,5.8,4,34,58,3.925,0.725,-15.9,1.528,2.628,0.3,0.0,1.5,1.89
1788450798.755,turning,2.484,1.173,5.8,5,35,58,3.975,0.725,-16.0,1.557,2.608,0.0,-2.4,1.5,1.89
1788450798.807,turning,2.494,1.174,5.8,5,35,58,3.975,0.725,-16.2,1.547,2.598,0.0,-2.4,1.5,1.86
1788450798.861,turning,2.495,1.174,4.1,5,35,58,3.975,0.725,-14.7,1.547,2.597,0.0,-2.4,1.5,1.86
1788450798.92,turning,2.493,1.172,3.1,0,30,53,3.953,0.743,-13.8,1.521,2.599,0.0,-2.4,1.5,1.84
1788450798.979,turning,2.486,1.168,0.8,0,30,53,3.953,0.743,-11.6,1.526,2.605,0.0,-2.4,1.5,1.84
1788450799.041,turning,2.485,1.167,-0.2,0,30,53,3.953,0.743,-10.8,1.527,2.606,0.0,-2.4,1.5,1.84
1788450799.099,turning,2.485,1.167,-1.9,0,30,53,3.953,0.743,-9.2,1.527,2.606,0.0,-2.4,1.5,1.84
1788450799.154,turning,2.485,1.167,-2.8,0,30,53,3.953,0.743,-8.5,1.527,2.606,0.0,-2.4,1.5,1.82
1788450799.207,turning,2.485,1.167,-4.5,0,30,53,3.953,0.743,-6.9,1.527,2.606,0.0,-2.4,1.5,1.82
1788450799.262,driving,2.485,1.167,-5.4,0,30,53,3.953,0.743,-6.1,1.527,2.606,0.3,0.0,1.5,1.74
1788450799.315,driving,2.486,1.167,-6.5,0,30,53,3.953,0.743,-5.1,1.527,2.606,0.3,0.0,1.5,1.74
1788450799.368,driving,2.488,1.167,-6.5,0,30,53,3.953,0.743,-5.2,1.525,2.604,0.3,0.0,1.5,1.68
1788450799.424,driving,2.497,1.166,-6.5,0,30,53,3.953,0.743,-5.4,1.516,2.594,0.3,0.0,1.5,1.68
1788450799.477,driving,2.504,1.165,-6.5,1,31,53,4.025,0.725,-5.5,1.583,2.587,0.3,0.0,1.5,1.68
1788450799.532,driving,2.524,1.163,-6.5,1,31,53,4.025,0.725,-5.6,1.564,2.568,0.3,0.0,1.5,1.68
1788450799.588,driving,2.538,1.161,-6.5,1,31,53,4.025,0.725,-5.6,1.55,2.553,0.3,0.0,1.5,1.67
1788450799.654,driving,2.552,1.159,-6.6,2,31,53,4.025,0.725,-5.6,1.535,2.539,0.3,0.0,1.5,1.67
1788450799.714,driving,2.577,1.156,-6.7,2,31,53,4.025,0.725,-5.7,1.511,2.514,0.3,0.0,1.5,1.67
1788450799.781,driving,2.587,1.155,-6.7,2,31,53,4.025,0.725,-5.8,1.501,2.503,0.3,0.0,1.5,1.67
1788450799.841,driving,2.608,1.153,-6.7,3,32,53,4.075,0.725,-5.9,1.529,2.483,0.3,0.0,1.5,1.67
1788450799.895,driving,2.618,1.152,-6.7,3,32,53,4.075,0.725,-6.0,1.518,2.473,0.3,0.0,1.5,1.67
1788450799.955,driving,2.638,1.149,-6.7,0,29,50,4.075,0.769,-6.0,1.486,2.452,0.3,0.0,1.5,1.66
1788450800.009,driving,2.648,1.148,-6.7,1,30,50,4.124,0.763,-6.1,1.526,2.442,0.3,0.0,1.5,1.66
1788450800.067,driving,2.668,1.146,-6.7,1,30,50,4.124,0.763,-6.1,1.505,2.422,0.3,0.0,1.5,1.66
1788450800.121,driving,2.678,1.145,-6.7,1,30,50,4.124,0.763,-6.2,1.495,2.412,0.3,0.0,1.5,1.66
1788450800.176,driving,2.699,1.142,-6.7,2,31,50,4.174,0.756,-6.2,1.525,2.391,0.3,0.0,1.5,1.65
1788450800.228,driving,2.709,1.141,-6.7,2,31,50,4.174,0.756,-6.3,1.515,2.381,0.3,0.0,1.5,1.65
1788450800.284,driving,2.729,1.139,-6.7,2,31,50,4.174,0.756,-6.3,1.494,2.361,0.3,0.0,1.5,1.63
1788450800.338,driving,2.739,1.137,-6.7,2,31,50,4.174,0.756,-6.4,1.484,2.35,0.3,0.0,1.5,1.63
1788450800.391,driving,2.756,1.136,-6.6,3,32,50,4.223,0.75,-6.5,1.518,2.334,0.3,0.0,1.5,1.6
1788450800.445,driving,2.763,1.136,-6.6,3,32,50,4.223,0.75,-6.5,1.511,2.327,0.3,0.0,1.5,1.6
1788450800.505,driving,2.781,1.134,-6.5,3,32,50,4.223,0.75,-6.6,1.493,2.308,0.3,0.0,1.5,1.57
1788450800.567,driving,2.791,1.133,-6.5,3,32,50,4.223,0.75,-6.7,1.482,2.298,0.3,0.0,1.5,1.57
1788450800.633,driving,2.801,1.132,-6.5,4,33,50,4.273,0.744,-6.7,1.522,2.288,0.3,0.0,1.5,1.54
1788450800.691,driving,2.822,1.13,-6.5,4,33,50,4.273,0.744,-6.7,1.502,2.268,0.3,0.0,1.5,1.54
1788450800.75,driving,2.832,1.129,-6.5,4,33,50,4.273,0.744,-6.8,1.492,2.257,0.3,0.0,1.5,1.51
1788450800.802,driving,2.852,1.126,-6.5,5,34,50,4.323,0.738,-6.8,1.521,2.237,0.3,0.0,1.5,1.51
1788450800.857,driving,2.863,1.126,-6.6,5,34,50,4.323,0.738,-6.8,1.51,2.226,0.3,0.0,1.5,1.48
1788450800.908,driving,2.886,1.125,-6.8,5,34,50,4.323,0.738,-6.6,1.488,2.203,0.3,0.0,1.5,1.48
1788450800.962,driving,2.897,1.124,-6.8,0,30,46,4.315,0.69,-6.7,1.482,2.192,0.3,0.0,1.5,1.45
1788450801.013,driving,2.917,1.121,-6.8,1,31,46,4.375,0.675,-6.8,1.525,2.172,0.3,0.0,1.5,1.45
1788450801.068,driving,2.927,1.12,-6.8,1,31,46,4.375,0.675,-6.8,1.514,2.162,0.3,0.0,1.5,1.42
1788450801.121,driving,2.948,1.118,-6.8,1,31,46,4.375,0.675,-6.9,1.494,2.141,0.3,0.0,1.5,1.42
1788450801.178,driving,2.958,1.116,-6.8,2,32,46,4.425,0.675,-7.0,1.532,2.131,0.3,0.0,1.5,1.4
1788450801.237,driving,2.978,1.114,-6.8,2,32,46,4.425,0.675,-7.1,1.512,2.111,0.3,0.0,1.5,1.4
1788450801.302,driving,2.99,1.114,-6.8,2,32,46,4.425,0.675,-7.2,1.501,2.099,0.3,0.0,1.5,1.37
1788450801.368,driving,3.014,1.116,-6.6,3,33,46,4.475,0.675,-7.5,1.526,2.075,0.3,0.0,1.5,1.37
1788450801.433,driving,3.024,1.115,-6.6,3,33,46,4.475,0.675,-7.5,1.516,2.065,0.3,0.0,1.5,1.34
1788450801.487,driving,3.044,1.113,-6.6,3,33,46,4.475,0.675,-7.6,1.496,2.044,0.3,0.0,1.5,1.34
1788450801.543,driving,3.055,1.112,-6.6,3,33,46,4.475,0.675,-7.7,1.486,2.034,0.3,0.0,1.5,1.31
1788450801.594,driving,3.065,1.111,-6.6,4,34,46,4.525,0.675,-7.7,1.524,2.024,0.3,0.0,1.5,1.31
1788450801.652,driving,3.085,1.108,-6.6,4,34,46,4.525,0.675,-7.8,1.504,2.004,0.3,0.0,1.5,1.28
1788450801.703,driving,3.095,1.107,-6.6,4,34,46,4.525,0.675,-7.8,1.494,1.993,0.3,0.0,1.5,1.28
1788450801.758,driving,3.11,1.109,-6.0,5,35,46,4.575,0.675,-8.5,1.528,1.979,0.3,0.0,1.5,1.25
1788450801.81,driving,3.115,1.111,-5.4,5,35,46,4.575,0.675,-9.2,1.524,1.974,0.3,0.0,1.5,1.25
1788450801.865,driving,3.131,1.113,-4.9,5,35,46,4.575,0.675,-9.7,1.509,1.959,0.3,0.0,1.5,1.23
1788450801.918,driving,3.141,1.112,-4.9,5,35,46,4.575,0.675,-9.8,1.499,1.948,0.3,0.0,1.5,1.23
1788450801.975,driving,3.161,1.11,-4.9,0,30,40,4.625,0.675,-9.8,1.527,1.928,0.3,0.0,1.5,1.2
1788450802.039,driving,3.172,1.109,-4.9,0,30,40,4.625,0.675,-9.9,1.517,1.918,0.3,0.0,1.5,1.2
1788450802.099,driving,3.192,1.108,-4.9,0,30,40,4.625,0.675,-9.9,1.497,1.897,0.297,0.0,1.5,1.17
1788450802.163,driving,3.202,1.107,-4.9,1,31,40,4.675,0.675,-10.0,1.535,1.887,0.297,0.0,1.5,1.17
1788450802.225,driving,3.227,1.106,-4.9,1,31,40,4.675,0.675,-10.0,1.511,1.863,0.295,0.0,1.5,1.14
1788450802.282,driving,3.24,1.107,-4.9,1,31,40,4.675,0.675,-10.1,1.498,1.849,0.295,0.0,1.5,1.14
1788450802.334,driving,3.263,1.106,-4.9,2,32,40,4.721,0.695,-10.1,1.515,1.827,0.292,0.0,1.5,1.11
1788450802.387,driving,3.273,1.105,-4.9,2,32,40,4.721,0.695,-10.1,1.505,1.817,0.292,0.0,1.5,1.11
1788450802.443,driving,3.292,1.103,-4.9,2,32,40,4.721,0.695,-10.2,1.486,1.797,0.289,0.0,1.5,1.09
1788450802.494,driving,3.302,1.102,-4.9,2,32,40,4.721,0.695,-10.2,1.476,1.787,0.289,0.0,1.5,1.09
1788450802.546,driving,3.312,1.102,-4.9,3,33,40,4.767,0.714,-10.2,1.506,1.777,0.287,0.0,1.5,1.06
1788450802.596,driving,3.332,1.1,-4.9,3,33,40,4.767,0.714,-10.2,1.486,1.758,0.287,0.0,1.5,1.06
1788450802.651,driving,3.342,1.099,-4.9,3,33,40,4.767,0.714,-10.1,1.476,1.748,0.284,0.0,1.5,1.03
1788450802.705,driving,3.363,1.099,-5.1,4,34,40,4.813,0.734,-9.9,1.495,1.727,0.284,0.0,1.5,1.03
1788450802.761,driving,3.372,1.098,-5.1,4,34,40,4.813,0.734,-9.9,1.486,1.717,0.282,0.0,1.5,1.01
1788450802.818,driving,3.392,1.096,-5.1,4,34,40,4.813,0.734,-9.9,1.467,1.698,0.282,0.0,1.5,1.01
1788450802.882,driving,3.401,1.095,-5.1,4,34,40,4.813,0.734,-9.9,1.457,1.688,0.279,0.0,1.5,0.98
1788450802.943,driving,3.42,1.094,-5.1,5,35,40,4.859,0.754,-9.8,1.478,1.669,0.279,0.0,1.5,0.98
1788450803.005,driving,3.43,1.093,-5.1,0,12,35,3.962,0.807,-10.6,0.604,1.66,0.277,0.0,0.6,0.96
1788450803.064,driving,3.449,1.091,-5.1,0,12,35,3.962,0.807,-11.4,0.587,1.641,0.277,0.0,0.6,0.96
1788450803.117,driving,3.453,1.089,-5.4,0,12,35,3.962,0.807,-11.9,0.581,1.636,0.275,0.0,0.6,0.93
1788450803.173,driving,3.46,1.082,-6.0,1,13,35,4.025,0.775,-12.0,0.643,1.628,0.275,0.0,0.6,0.93
1788450803.227,driving,3.468,1.081,-6.1,1,13,35,4.025,0.775,-12.6,0.635,1.62,0.272,0.0,0.6,0.91
1788450803.279,driving,3.487,1.079,-6.1,1,13,35,4.025,0.775,-13.2,0.618,1.601,0.272,0.0,0.6,0.91
1788450803.331,driving,3.496,1.078,-6.1,1,13,35,4.025,0.775,-13.9,0.61,1.592,0.27,0.0,0.6,0.88
1788450803.383,driving,3.514,1.076,-6.1,2,14,35,4.074,0.765,-14.4,0.64,1.574,0.27,0.0,0.6,0.88
1788450803.436,driving,3.523,1.075,-6.1,2,14,35,4.074,0.765,-15.0,0.632,1.564,0.268,0.0,0.6,0.86
1788450803.491,driving,3.533,1.074,-6.1,2,14,35,4.074,0.765,-15.5,0.623,1.555,0.268,0.0,0.6,0.86
1788450803.544,driving,3.555,1.069,-6.3,2,14,35,4.074,0.765,-15.8,0.601,1.532,0.266,0.0,0.6,0.83
1788450803.604,turning,3.569,1.066,-6.5,3,15,35,4.123,0.755,-16.0,0.635,1.518,0.0,-2.4,0.6,0.83
1788450803.667,turning,3.585,1.062,-7.3,3,15,35,4.123,0.755,-15.6,0.619,1.502,0.0,-2.4,0.6,0.81
1788450803.727,turning,3.585,1.062,-8.2,3,15,35,4.123,0.755,-15.1,0.619,1.502,0.0,-2.4,0.6,0.81
1788450803.788,turning,3.585,1.062,-9.9,3,15,35,4.123,0.755,-13.8,0.619,1.502,0.0,-2.4,0.6,0.8
1788450803.842,turning,3.585,1.062,-10.8,3,15,35,4.123,0.755,-13.3,0.619,1.502,0.0,-2.4,0.6,0.8
1788450803.897,turning,3.585,1.062,-12.5,3,15,35,4.123,0.755,-11.9,0.619,1.502,0.0,-2.4,0.6,0.8
1788450803.952,turning,3.585,1.062,-13.4,3,15,35,4.123,0.755,-11.4,0.619,1.502,0.0,-2.4,0.6,0.8
1788450804.011,turning,3.571,1.065,-15.0,3,15,35,4.123,0.755,-10.0,0.633,1.516,0.0,-2.4,0.6,0.8
1788450804.069,turning,3.56,1.067,-15.9,0,12,32,4.12,0.753,-9.4,0.642,1.527,0.0,-2.4,0.6,0.8
1788450804.126,driving,3.553,1.069,-17.5,0,12,32,4.12,0.753,-8.0,0.649,1.535,0.262,0.0,0.6,0.8
1788450804.181,driving,3.553,1.069,-18.4,0,12,32,4.12,0.753,-7.3,0.649,1.535,0.262,0.0,0.6,0.8
1788450804.239,driving,3.555,1.068,-18.7,0,12,32,4.12,0.753,-7.3,0.647,1.532,0.262,0.0,0.6,0.8
1788450804.291,driving,3.559,1.067,-18.7,0,12,32,4.12,0.753,-7.5,0.643,1.528,0.262,0.0,0.6,0.8
1788450804.347,driving,3.571,1.063,-18.7,0,12,32,4.12,0.753,-7.7,0.63,1.516,0.262,0.0,0.6,0.8
1788450804.406,driving,3.579,1.06,-18.7,0,12,32,4.12,0.753,-7.9,0.622,1.507,0.262,0.0,0.6,0.8
1788450804.47,driving,3.589,1.057,-18.7,0,12,32,4.12,0.753,-8.0,0.612,1.497,0.261,0.0,0.6,0.78
1788450804.528,driving,3.612,1.05,-19.0,1,13,32,4.164,0.73,-7.9,0.638,1.473,0.261,0.0,0.6,0.78
1788450804.586,driving,3.622,1.047,-19.1,1,13,32,4.164,0.73,-8.1,0.628,1.463,0.259,0.0,0.6,0.77
1788450804.642,driving,3.639,1.041,-19.1,1,13,32,4.164,0.73,-8.3,0.611,1.446,0.259,0.0,0.6,0.77
1788450804.695,driving,3.647,1.038,-19.1,2,14,32,4.209,0.708,-8.5,0.652,1.437,0.258,0.0,0.6,0.76
1788450804.747,driving,3.664,1.032,-19.1,2,14,32,4.209,0.708,-8.7,0.635,1.42,0.258,0.0,0.6,0.76
1788450804.798,driving,3.672,1.03,-19.1,2,14,32,4.209,0.708,-8.8,0.626,1.412,0.257,0.0,0.6,0.75
1788450804.852,driving,3.689,1.024,-19.1,2,14,32,4.209,0.708,-9.0,0.609,1.394,0.257,0.0,0.6,0.75
1788450804.906,driving,3.697,1.021,-19.1,3,15,32,4.275,0.675,-9.2,0.674,1.386,0.257,0.0,0.6,0.74
1788450804.961,driving,3.713,1.015,-19.1,3,15,32,4.275,0.675,-9.4,0.657,1.369,0.257,0.0,0.6,0.74
1788450805.016,driving,3.722,1.012,-19.1,3,15,32,4.275,0.675,-9.6,0.648,1.36,0.257,0.0,0.6,0.74
1788450805.068,driving,3.738,1.007,-19.1,0,12,30,4.224,0.711,-9.7,0.569,1.343,0.257,0.0,0.6,0.74
1788450805.125,driving,3.746,1.004,-19.1,1,13,30,4.273,0.704,-9.8,0.607,1.335,0.257,0.0,0.6,0.74
1788450805.187,driving,3.763,0.998,-19.1,1,13,30,4.273,0.704,-9.8,0.589,1.318,0.257,0.0,0.6,0.74
1788450805.25,driving,3.766,0.998,-19.0,1,13,30,4.273,0.704,-10.0,0.587,1.315,0.259,0.0,0.6,0.77
1788450805.31,driving,3.771,1.0,-18.8,1,13,30,4.273,0.704,-10.3,0.584,1.31,0.259,0.0,0.6,0.77
1788450805.369,driving,3.779,0.997,-18.8,1,13,30,4.273,0.704,-10.4,0.575,1.302,0.3,0.0,0.6,1.23
1788450805.423,driving,3.787,0.994,-18.8,1,13,30,4.273,0.704,-10.5,0.567,1.294,0.3,0.0,0.6,1.23
1788450805.478,driving,3.805,0.988,-18.8,2,14,30,4.323,0.697,-10.5,0.594,1.275,0.3,0.0,0.6,1.22
1788450805.53,driving,3.815,0.985,-18.8,2,14,30,4.323,0.697,-10.5,0.584,1.265,0.3,0.0,0.6,1.22
1788450805.584,driving,3.834,0.978,-18.8,2,14,30,4.323,0.697,-10.6,0.564,1.245,0.3,0.0,0.6,1.21
1788450805.639,driving,3.844,0.975,-18.8,3,15,30,4.372,0.69,-10.5,0.6,1.235,0.3,0.0,0.6,1.21
1788450805.693,driving,3.863,0.968,-18.8,3,15,30,4.372,0.69,-10.5,0.58,1.215,0.3,0.0,0.6,1.2
1788450805.747,driving,3.873,0.965,-18.8,3,15,30,4.372,0.69,-10.5,0.57,1.205,0.3,0.0,0.6,1.2
1788450805.802,driving,3.891,0.957,-19.0,3,15,30,4.372,0.69,-10.2,0.551,1.186,0.299,0.0,0.6,1.19
1788450805.856,driving,3.9,0.953,-19.2,4,16,30,4.422,0.683,-9.9,0.588,1.177,0.299,0.0,0.6,1.19
1788450805.914,driving,3.919,0.946,-19.4,4,16,30,4.422,0.683,-9.6,0.568,1.159,0.298,0.0,0.6,1.18
1788450805.971,driving,3.928,0.942,-19.4,4,16,30,4.422,0.683,-9.6,0.558,1.149,0.298,0.0,0.6,1.18
1788450806.038,driving,3.947,0.935,-19.4,5,17,30,4.475,0.675,-9.4,0.589,1.129,0.297,0.0,0.6,1.17
1788450806.099,driving,3.957,0.932,-19.4,0,11,24,4.472,0.682,-9.2,0.573,1.12,0.297,0.0,0.6,1.17
1788450806.164,driving,3.976,0.925,-19.4,0,11,24,4.472,0.682,-9.1,0.553,1.1,0.296,0.0,0.6,1.16
1788450806.217,driving,3.985,0.922,-19.4,0,11,24,4.472,0.682,-9.0,0.543,1.091,0.296,0.0,0.6,1.16
1788450806.27,driving,4.012,0.922,-18.8,0,11,24,4.472,0.682,-9.5,0.52,1.064,0.295,0.0,0.6,1.15
1788450806.323,driving,4.026,0.924,-18.4,0,11,24,4.472,0.682,-9.9,0.508,1.05,0.295,0.0,0.6,1.15
1788450806.378,driving,4.038,0.923,-18.2,1,12,24,4.525,0.675,-10.0,0.547,1.038,0.294,0.0,0.6,1.14
1788450806.43,driving,4.057,0.917,-18.2,1,12,24,4.525,0.675,-9.9,0.527,1.019,0.294,0.0,0.6,1.14
1788450806.484,driving,4.067,0.914,-18.2,1,12,24,4.525,0.675,-9.9,0.517,1.009,0.293,0.0,0.6,1.13
1788450806.539,driving,4.086,0.908,-18.2,1,12,24,4.525,0.675,-9.9,0.497,0.99,0.293,0.0,0.6,1.13
1788450806.591,driving,4.095,0.905,-18.2,1,12,24,4.525,0.675,-9.9,0.487,0.98,0.292,0.0,0.6,1.12
1788450806.643,driving,4.114,0.899,-18.2,2,14,24,4.625,0.675,-9.6,0.558,0.961,0.292,0.0,0.6,1.12
1788450806.701,driving,4.129,0.896,-18.2,2,14,24,4.625,0.675,-9.4,0.542,0.946,0.291,0.0,0.6,1.11
1788450806.767,driving,4.167,0.89,-18.2,3,23,24,5.075,0.875,-8.8,0.908,0.908,0.291,0.0,1.5,1.11
1788450806.824,driving,4.179,0.887,-18.2,3,23,24,5.075,0.875,-8.1,0.896,0.896,0.29,0.0,1.5,1.1
1788450806.888,driving,4.198,0.881,-18.2,5,23,24,5.075,0.875,-7.5,0.877,0.877,0.29,0.0,1.5,1.1
1788450806.944,driving,4.207,0.878,-18.2,5,23,24,5.075,0.875,-6.8,0.868,0.868,0.289,0.0,1.5,1.09
1788450806.998,driving,4.226,0.872,-18.2,6,23,24,5.075,0.875,-6.2,0.849,0.849,0.289,0.0,1.5,1.09
1788450807.054,driving,4.235,0.868,-18.2,6,23,24,5.075,0.875,-5.6,0.84,0.84,0.288,0.0,1.5,1.08
1788450807.108,driving,4.254,0.862,-18.2,0,11,17,4.813,0.734,-5.0,0.574,0.821,0.288,0.0,0.6,1.08
1788450807.163,driving,4.269,0.862,-18.2,0,11,17,4.813,0.734,-4.3,0.558,0.806,0.287,0.0,0.6,1.07
1788450807.216,driving,4.302,0.861,-18.3,1,12,17,4.859,0.754,-3.6,0.567,0.774,0.287,0.0,0.6,1.07
1788450807.273,driving,4.311,0.858,-18.3,1,12,17,4.859,0.754,-2.9,0.557,0.764,0.287,0.0,0.6,1.06
1788450807.331,driving,4.321,0.855,-18.3,1,12,17,4.859,0.754,-2.3,0.548,0.755,0.287,0.0,0.6,1.06
1788450807.388,driving,4.339,0.849,-18.3,1,12,17,4.859,0.754,-1.6,0.528,0.736,0.286,0.0,0.6,1.05
1788450807.442,driving,4.348,0.846,-18.3,1,12,17,4.859,0.754,-1.1,0.519,0.727,0.286,0.0,0.6,1.05
1788450807.5,driving,4.367,0.839,-18.3,1,12,17,4.859,0.754,-0.5,0.499,0.709,0.285,0.0,0.6,1.04
1788450807.56,driving,4.376,0.836,-18.3,2,16,17,5.075,0.875,0.1,0.7,0.7,0.285,0.0,1.5,1.04
1788450807.622,driving,4.389,0.83,-18.3,2,16,17,5.075,0.875,0.6,0.687,0.687,0.284,0.0,1.5,1.03
1788450807.679,driving,4.394,0.827,-18.3,2,16,17,5.075,0.875,1.1,0.683,0.683,0.284,0.0,1.5,1.03
1788450807.734,driving,4.408,0.821,-18.3,2,16,17,5.075,0.875,1.7,0.669,0.669,0.283,0.0,1.5,1.02
1788450807.788,driving,4.417,0.818,-18.3,2,16,17,5.075,0.875,2.2,0.66,0.66,0.283,0.0,1.5,1.02
1788450807.841,driving,4.436,0.812,-18.3,3,16,17,5.075,0.875,2.7,0.643,0.643,0.282,0.0,1.5,1.01
1788450807.893,driving,4.445,0.809,-18.3,3,16,17,5.075,0.875,3.3,0.634,0.634,0.282,0.0,1.5,1.01
1788450807.949,driving,4.463,0.803,-18.3,3,16,17,5.075,0.875,3.8,0.616,0.616,0.281,0.0,1.5,1.0
1788450808.002,driving,4.472,0.8,-18.3,3,16,17,5.075,0.875,4.3,0.608,0.608,0.281,0.0,1.5,1.0
1788450808.058,driving,4.488,0.797,-18.5,4,16,17,5.075,0.875,5.1,0.592,0.592,0.28,0.0,1.5,0.99
1788450808.109,driving,4.496,0.795,-18.6,4,16,17,5.075,0.875,5.7,0.584,0.584,0.28,0.0,1.5,0.99
1788450808.17,driving,4.513,0.79,-18.7,0,12,13,5.075,0.875,6.3,0.568,0.568,0.279,0.0,1.5,0.98
1788450808.223,driving,4.522,0.787,-18.7,0,12,13,5.075,0.875,6.9,0.56,0.56,0.279,0.0,1.5,0.98
1788450808.287,driving,4.531,0.784,-18.7,0,12,13,5.075,0.875,7.4,0.551,0.551,0.278,0.0,1.5,0.97
1788450808.344,driving,4.549,0.778,-18.7,1,12,13,5.075,0.875,7.9,0.535,0.535,0.278,0.0,1.5,0.97
1788450808.404,driving,4.558,0.775,-18.7,1,12,13,5.075,0.875,8.5,0.526,0.526,0.277,0.0,1.5,0.96
1788450808.463,driving,4.576,0.769,-18.7,1,12,13,5.075,0.875,9.0,0.51,0.51,0.277,0.0,1.5,0.96
1788450808.517,driving,4.586,0.767,-18.6,1,12,13,5.075,0.875,9.5,0.501,0.501,0.277,0.0,1.5,0.95
1788450808.574,driving,4.605,0.765,-18.3,1,12,13,5.075,0.875,9.8,0.482,0.482,0.277,0.0,1.5,0.95
1788450808.628,driving,4.615,0.762,-18.3,3,12,13,5.075,0.875,10.3,0.474,0.474,0.276,0.0,1.5,0.94
1788450808.682,driving,4.632,0.756,-18.3,3,12,13,5.075,0.875,10.8,0.458,0.458,0.276,0.0,1.5,0.94
1788450808.741,driving,4.641,0.753,-18.3,3,12,13,5.075,0.875,11.4,0.45,0.45,0.275,0.0,1.5,0.93
1788450808.794,driving,4.659,0.747,-18.3,4,12,13,5.075,0.875,12.0,0.435,0.435,0.275,0.0,1.5,0.93
1788450808.85,driving,4.668,0.745,-18.3,4,12,13,5.075,0.875,12.6,0.427,0.427,0.274,0.0,1.5,0.92
1788450808.903,driving,4.686,0.739,-18.3,5,12,13,5.075,0.875,13.2,0.412,0.412,0.274,0.0,1.5,0.92
1788450808.957,driving,4.694,0.736,-18.2,5,12,13,5.075,0.875,13.8,0.406,0.406,0.273,0.0,1.5,0.91
1788450809.012,driving,4.709,0.732,-18.1,5,12,13,5.075,0.875,14.3,0.393,0.393,0.273,0.0,1.5,0.91
1788450809.074,driving,4.718,0.73,-18.1,5,12,13,5.075,0.875,14.9,0.386,0.386,0.272,0.0,1.5,0.9
1788450809.137,driving,4.735,0.724,-18.1,5,12,13,5.075,0.875,15.6,0.372,0.372,0.272,0.0,1.5,0.9
1788450809.199,turning,4.744,0.721,-18.1,0,7,8,5.075,0.875,16.3,0.365,0.365,0.0,2.4,1.5,0.9
1788450809.257,turning,4.753,0.718,-18.1,0,7,8,5.075,0.875,17.0,0.358,0.358,0.0,2.4,1.5,0.9
1788450809.31,turning,4.754,0.718,-16.6,0,7,8,5.075,0.875,16.1,0.358,0.358,0.0,2.4,1.5,0.89
1788450809.361,turning,4.754,0.718,-15.7,0,7,8,5.075,0.875,15.9,0.358,0.358,0.0,2.4,1.5,0.89
1788450809.413,turning,4.757,0.717,-14.1,1,7,8,5.075,0.875,15.0,0.355,0.355,0.0,2.4,1.5,0.91
1788450809.47,turning,4.761,0.717,-13.3,1,7,8,5.075,0.875,14.8,0.352,0.352,0.0,2.4,1.5,0.91
1788450809.523,turning,4.764,0.717,-11.7,1,7,8,5.075,0.875,13.8,0.349,0.349,0.0,2.4,1.5,0.94
1788450809.575,turning,4.764,0.717,-10.9,1,7,8,5.075,0.875,13.6,0.349,0.349,0.0,2.4,1.5,0.94
1788450809.626,turning,4.764,0.717,-9.3,1,7,8,5.075,0.875,12.6,0.349,0.349,0.0,2.4,1.5,0.98
1788450809.677,turning,4.764,0.717,-8.5,1,7,8,5.075,0.875,12.4,0.349,0.349,0.0,2.4,1.5,0.98
1788450809.729,driving,4.764,0.717,-6.8,1,7,8,5.075,0.875,11.3,0.349,0.349,0.262,0.0,1.5,1.02
1788450809.785,driving,4.764,0.717,-6.0,1,7,8,5.075,0.875,11.0,0.349,0.349,0.262,0.0,1.5,1.02
1788450809.845,driving,4.767,0.716,-5.9,1,7,8,5.075,0.875,11.5,0.347,0.347,0.26,0.0,1.5,1.05
1788450809.908,driving,4.771,0.716,-5.9,1,7,8,5.075,0.875,12.0,0.343,0.343,0.258,0.0,1.5,1.05
1788450809.97,driving,4.784,0.714,-5.9,1,7,8,5.075,0.875,12.6,0.332,0.332,0.249,0.0,1.5,1.05
1788450810.031,driving,4.793,0.714,-5.9,1,7,8,5.075,0.875,13.2,0.325,0.325,0.244,0.0,1.5,1.05
1788450810.087,driving,4.806,0.718,-6.1,1,7,8,5.075,0.875,13.9,0.312,0.312,0.234,0.0,1.5,1.05
1788450810.142,driving,4.811,0.721,-6.2,2,7,8,5.075,0.875,14.6,0.305,0.305,0.229,0.0,1.5,1.05
1788450810.197,driving,4.818,0.722,-6.3,0,5,6,5.075,0.875,15.2,0.299,0.299,0.224,0.0,1.5,1.04
1788450810.25,driving,4.833,0.721,-6.3,0,5,6,5.075,0.875,15.8,0.287,0.287,0.22,0.0,1.5,1.04
1788450810.304,turning,4.841,0.72,-6.3,0,5,6,5.075,0.875,16.4,0.281,0.281,0.0,2.4,1.5,1.04
1788450810.355,turning,4.85,0.719,-5.7,0,5,6,5.075,0.875,16.4,0.274,0.274,0.0,2.4,1.5,1.04
1788450810.408,turning,4.85,0.719,-4.9,0,5,6,5.075,0.875,16.2,0.274,0.274,0.0,2.4,1.5,1.04
1788450810.459,turning,4.85,0.719,-3.3,0,5,6,5.075,0.875,15.2,0.274,0.274,0.0,2.4,1.5,1.04
1788450810.514,turning,4.85,0.719,-2.4,0,5,6,5.075,0.875,14.9,0.274,0.274,0.0,2.4,1.5,1.09
1788450810.571,turning,4.85,0.719,-0.8,0,5,6,5.075,0.875,13.8,0.274,0.274,0.0,2.4,1.5,1.09
1788450810.633,turning,4.85,0.719,0.0,0,5,6,5.075,0.875,13.5,0.274,0.274,0.0,2.4,1.5,1.15
1788450810.696,turning,4.85,0.719,1.6,0,5,6,5.075,0.875,12.4,0.274,0.274,0.0,2.4,1.5,1.15
1788450810.755,turning,4.85,0.719,2.5,0,5,6,5.075,0.875,12.1,0.274,0.274,0.0,2.4,1.5,1.21
1788450810.809,turning,4.85,0.719,4.1,0,5,6,5.075,0.875,11.0,0.274,0.274,0.0,2.4,1.5,1.21
1788450810.863,driving,4.85,0.719,4.9,0,5,6,5.075,0.875,10.7,0.274,0.274,0.22,0.0,1.5,1.28
1788450810.914,driving,4.851,0.719,6.0,0,5,6,5.075,0.875,10.0,0.273,0.273,0.22,0.0,1.5,1.28
1788450810.97,driving,4.851,0.718,6.0,0,5,6,5.075,0.875,10.5,0.274,0.274,0.22,0.0,1.5,1.34
1788450811.022,driving,4.855,0.717,6.1,0,5,6,5.075,0.875,10.9,0.27,0.27,0.22,0.0,1.5,1.34
1788450811.076,driving,4.862,0.718,6.1,1,5,6,5.075,0.875,11.4,0.264,0.264,0.22,0.0,1.5,1.35
1788450811.129,driving,4.87,0.719,6.1,1,5,6,5.075,0.875,11.9,0.258,0.258,0.22,0.0,1.5,1.35
1788450811.182,driving,4.885,0.721,6.1,1,5,6,5.075,0.875,12.4,0.245,0.245,0.22,0.0,1.5,1.35
1788450811.24,driving,4.892,0.721,6.1,0,4,5,5.075,0.875,12.9,0.239,0.239,0.22,0.0,1.5,1.35
1788450811.295,driving,4.905,0.723,6.1,0,4,5,5.075,0.875,13.5,0.228,0.228,0.22,0.0,1.5,1.36
1788450811.35,driving,4.911,0.724,6.1,1,4,5,5.075,0.875,14.1,0.223,0.223,0.22,0.0,1.5,1.36
1788450811.41,driving,4.924,0.725,6.1,1,4,5,5.075,0.875,14.7,0.212,0.212,0.22,0.0,1.5,1.36
1788450811.475,driving,4.932,0.726,6.1,1,4,5,5.075,0.875,15.3,0.207,0.207,0.22,0.0,1.5,1.36
1788450811.542,driving,4.946,0.728,6.1,1,4,5,5.075,0.875,16.0,0.195,0.195,0.22,0.0,1.5,1.37
1788450811.597,turning,4.954,0.729,6.1,1,4,5,5.075,0.875,16.7,0.19,0.19,0.0,2.4,1.5,1.37
1788450811.655,turning,4.964,0.73,6.7,2,4,5,5.075,0.875,16.8,0.183,0.183,0.0,2.4,1.5,1.37
1788450811.707,turning,4.964,0.73,7.5,2,4,5,5.075,0.875,16.7,0.183,0.183,0.0,2.4,1.5,1.37
1788450811.762,turning,4.964,0.73,9.1,2,4,5,5.075,0.875,15.8,0.183,0.183,0.0,2.4,1.5,1.42
1788450811.813,turning,4.964,0.73,9.9,2,4,5,5.075,0.875,15.6,0.183,0.183,0.0,2.4,1.5,1.42
1788450811.869,turning,4.964,0.73,11.6,2,4,5,5.075,0.875,14.7,0.183,0.183,0.0,2.4,1.5,1.53
1788450811.921,turning,4.964,0.73,12.4,2,4,5,5.075,0.875,14.5,0.183,0.183,0.0,2.4,1.5,1.53
1788450811.971,turning,4.964,0.73,14.0,2,4,5,5.075,0.875,13.5,0.183,0.183,0.0,2.4,1.5,1.66
1788450812.023,turning,4.964,0.73,14.8,2,4,5,5.075,0.875,13.3,0.183,0.183,0.0,2.4,1.5,1.66
1788450812.076,turning,4.965,0.729,15.7,2,4,5,5.075,0.875,13.1,0.183,0.183,0.0,2.4,1.5,1.81
1788450812.133,driving,4.972,0.726,17.4,2,4,5,5.075,0.875,12.0,0.181,0.181,0.22,0.0,1.5,1.81
1788450812.193,driving,4.973,0.726,18.2,2,4,5,5.075,0.875,11.9,0.181,0.181,0.22,0.0,1.5,1.99
1788450812.258,driving,4.976,0.726,18.5,0,3,4,5.075,0.875,12.2,0.179,0.179,0.22,0.0,1.5,1.99
1788450812.323,driving,4.979,0.728,18.5,0,3,4,5.075,0.875,12.9,0.176,0.176,0.22,0.0,1.5,2.06
1788450812.381,driving,4.991,0.732,18.5,0,3,4,5.075,0.875,13.6,0.166,0.166,0.22,0.0,1.5,2.06
1788450812.436,driving,4.996,0.735,18.6,0,3,4,5.075,0.875,14.2,0.161,0.161,0.22,0.0,1.5,2.08
1788450812.489,driving,5.005,0.742,19.0,1,3,4,5.075,0.875,14.5,0.15,0.15,0.22,0.0,1.5,2.08
1788450812.543,goal_approach,5.011,0.745,19.1,3,3,4,5.075,0.875,44.7,0.145,0.145,0.0,2.4,,2.1
1788450814.098,turning,5.057,0.743,27.1,0,25,33,6.075,1.875,20.9,1.523,1.984,0.0,2.4,1.5,2.13
1788450814.151,turning,5.057,0.743,27.1,0,25,33,6.075,1.875,20.9,1.523,1.984,0.0,2.4,1.5,2.13
1788450814.204,turning,5.057,0.743,28.5,0,25,33,6.075,1.875,19.5,1.523,1.984,0.0,2.4,1.5,2.13
1788450814.261,turning,5.057,0.743,29.3,0,25,33,6.075,1.875,18.7,1.523,1.984,0.0,2.4,1.5,2.13
1788450814.312,turning,5.057,0.743,31.0,0,25,33,6.075,1.875,17.1,1.523,1.984,0.0,2.4,1.5,2.13
1788450814.367,turning,5.057,0.743,31.8,0,25,33,6.075,1.875,16.2,1.523,1.984,0.0,2.4,1.5,2.13
1788450814.417,turning,5.057,0.743,33.4,0,25,33,6.075,1.875,14.6,1.523,1.984,0.0,2.4,1.5,2.13
1788450814.473,turning,5.057,0.743,34.2,0,25,33,6.075,1.875,13.8,1.523,1.984,0.0,2.4,1.5,2.13
1788450814.533,turning,5.057,0.743,35.9,0,25,33,6.075,1.875,12.2,1.523,1.984,0.0,2.4,1.5,2.13
1788450814.592,turning,5.057,0.743,36.7,0,25,33,6.075,1.875,11.3,1.523,1.984,0.0,2.4,1.5,2.13
1788450814.651,turning,5.057,0.743,38.3,0,25,33,6.075,1.875,9.7,1.523,1.984,0.0,2.4,1.5,2.13
1788450814.707,turning,5.057,0.743,39.2,0,25,33,6.075,1.875,8.9,1.523,1.984,0.0,2.4,1.5,2.13
1788450814.759,turning,5.057,0.743,40.8,0,25,33,6.075,1.875,7.2,1.523,1.984,0.0,2.4,1.5,2.13
1788450814.812,turning,5.057,0.743,41.6,0,25,33,6.075,1.875,6.4,1.523,1.984,0.0,2.4,1.5,2.13
1788450814.861,turning,5.057,0.743,42.4,0,25,33,6.075,1.875,5.6,1.523,1.984,0.0,2.4,1.5,2.13
1788450814.916,driving,5.057,0.744,43.8,0,25,33,6.075,1.875,4.2,1.522,1.983,0.3,0.0,1.5,2.14
1788450814.969,driving,5.058,0.745,44.4,0,25,33,6.075,1.875,3.6,1.521,1.982,0.3,0.0,1.5,2.14
1788450815.023,driving,5.06,0.748,44.3,0,25,33,6.075,1.875,3.8,1.517,1.977,0.3,0.0,1.5,2.14
1788450815.077,driving,5.063,0.751,44.3,0,25,33,6.075,1.875,3.8,1.512,1.973,0.3,0.0,1.5,2.14
1788450815.136,driving,5.073,0.76,44.3,0,23,31,6.125,1.875,3.7,1.533,1.96,0.3,0.0,1.5,2.13
1788450815.19,driving,5.08,0.767,44.3,0,23,31,6.125,1.875,3.7,1.524,1.951,0.3,0.0,1.5,2.13
1788450815.246,driving,5.109,0.78,44.2,0,23,31,6.125,1.875,3.8,1.493,1.921,0.3,0.0,1.5,2.12
1788450815.303,driving,5.129,0.787,44.1,1,24,31,6.175,1.925,3.8,1.546,1.903,0.3,0.0,1.5,2.12
1788450815.364,driving,5.153,0.801,44.0,1,24,31,6.175,1.925,3.9,1.519,1.876,0.3,0.0,1.5,2.09
1788450815.426,driving,5.16,0.808,44.0,1,24,31,6.175,1.925,3.9,1.509,1.866,0.3,0.0,1.5,2.09
1788450815.48,driving,5.175,0.822,44.0,2,25,31,6.225,1.975,3.9,1.559,1.846,0.3,0.0,1.5,2.07
1788450815.534,driving,5.182,0.829,44.0,2,25,31,6.225,1.975,3.9,1.549,1.836,0.3,0.0,1.5,2.07
1788450815.587,driving,5.197,0.844,44.0,2,25,31,6.225,1.975,3.9,1.529,1.816,0.3,0.0,1.5,2.05
1788450815.64,driving,5.204,0.851,44.0,2,25,31,6.225,1.975,3.9,1.519,1.805,0.3,0.0,1.5,2.05
1788450815.694,driving,5.219,0.865,44.0,3,26,31,6.275,2.025,3.9,1.569,1.785,0.3,0.0,1.5,2.03
1788450815.748,driving,5.226,0.872,44.0,3,26,31,6.275,2.025,3.9,1.559,1.775,0.3,0.0,1.5,2.03
1788450815.803,driving,5.234,0.879,44.0,3,26,31,6.275,2.025,3.9,1.548,1.765,0.3,0.0,1.5,2.01
1788450815.856,driving,5.248,0.893,44.0,3,26,31,6.275,2.025,3.9,1.528,1.744,0.3,0.0,1.5,2.01
1788450815.911,driving,5.256,0.9,44.0,4,27,31,6.291,2.072,3.9,1.564,1.734,0.3,0.0,1.5,1.99
1788450815.965,driving,5.27,0.914,44.0,4,27,31,6.291,2.072,3.9,1.544,1.714,0.3,0.0,1.5,1.99
1788450816.023,driving,5.278,0.922,44.0,4,27,31,6.291,2.072,3.9,1.533,1.704,0.3,0.0,1.5,1.96
1788450816.081,driving,5.292,0.936,44.0,4,27,31,6.291,2.072,3.9,1.513,1.684,0.3,0.0,1.5,1.96
1788450816.149,driving,5.3,0.943,44.0,1,25,28,6.278,2.096,4.0,1.513,1.674,0.3,0.0,1.5,1.94
1788450816.204,driving,5.314,0.956,43.9,1,25,28,6.278,2.096,4.2,1.493,1.654,0.3,0.0,1.5,1.94
1788450816.267,driving,5.322,0.963,43.9,1,25,28,6.278,2.096,4.2,1.483,1.644,0.3,0.0,1.5,1.92
1788450816.323,driving,5.336,0.978,43.9,2,26,28,6.325,2.175,4.3,1.553,1.623,0.3,0.0,1.5,1.92
1788450816.377,driving,5.344,0.985,43.9,2,26,28,6.325,2.175,4.3,1.543,1.613,0.3,0.0,1.5,1.9
1788450816.43,driving,5.358,0.999,43.9,2,26,28,6.325,2.175,4.4,1.522,1.593,0.3,0.0,1.5,1.9
1788450816.482,driving,5.366,1.006,43.9,2,26,28,6.325,2.175,4.5,1.512,1.583,0.3,0.0,1.5,1.88
1788450816.533,driving,5.38,1.02,43.9,2,26,28,6.325,2.175,4.5,1.492,1.562,0.3,0.0,1.5,1.88
1788450816.584,driving,5.388,1.027,43.9,3,27,28,6.375,2.225,4.6,1.552,1.552,0.3,0.0,1.5,1.86
1788450816.641,driving,5.402,1.041,43.9,3,27,28,6.375,2.225,4.6,1.532,1.532,0.3,0.0,1.5,1.86
1788450816.693,driving,5.409,1.049,43.7,3,27,28,6.375,2.225,4.9,1.522,1.522,0.3,0.0,1.5,1.83
1788450816.747,driving,5.416,1.056,43.5,3,27,28,6.375,2.225,5.1,1.512,1.512,0.3,0.0,1.5,1.83
1788450816.802,driving,5.431,1.07,43.3,4,27,28,6.375,2.225,5.4,1.492,1.492,0.3,0.0,1.5,1.81
1788450816.859,driving,5.438,1.077,43.3,4,27,28,6.375,2.225,5.4,1.482,1.482,0.3,0.0,1.5,1.81
1788450816.92,driving,5.453,1.091,43.3,4,27,28,6.375,2.225,5.5,1.461,1.461,0.3,0.0,1.5,1.79
1788450816.978,driving,5.46,1.098,43.3,4,27,28,6.375,2.225,5.5,1.451,1.451,0.3,0.0,1.5,1.79
1788450817.039,driving,5.475,1.112,43.3,4,27,28,6.375,2.225,5.6,1.431,1.431,0.3,0.0,1.5,1.77
1788450817.093,driving,5.483,1.119,43.3,5,27,28,6.375,2.225,5.6,1.421,1.421,0.3,0.0,1.5,1.77
1788450817.148,driving,5.497,1.133,43.3,0,24,25,6.375,2.225,5.7,1.401,1.401,0.3,0.0,1.5,1.75
1788450817.202,driving,5.505,1.14,43.3,1,24,25,6.375,2.225,5.7,1.391,1.391,0.3,0.0,1.5,1.75
1788450817.259,driving,5.521,1.152,42.9,1,24,25,6.375,2.225,6.2,1.372,1.372,0.3,0.0,1.5,1.73
1788450817.315,driving,5.529,1.157,42.5,1,24,25,6.375,2.225,6.6,1.363,1.363,0.3,0.0,1.5,1.73
1788450817.369,driving,5.545,1.169,42.3,2,24,25,6.375,2.225,6.9,1.343,1.343,0.3,0.0,1.5,1.71
1788450817.422,driving,5.552,1.176,42.3,2,24,25,6.375,2.225,7.0,1.333,1.333,0.3,0.0,1.5,1.71
1788450817.477,driving,5.567,1.19,42.3,2,24,25,6.375,2.225,7.1,1.313,1.313,0.3,0.0,1.5,1.68
1788450817.531,driving,5.575,1.196,42.3,2,24,25,6.375,2.225,7.1,1.303,1.303,0.3,0.0,1.5,1.68
1788450817.583,driving,5.59,1.21,42.3,2,24,25,6.375,2.225,7.2,1.283,1.283,0.3,0.0,1.5,1.66
1788450817.641,driving,5.597,1.217,42.3,3,24,25,6.375,2.225,7.3,1.273,1.273,0.3,0.0,1.5,1.66
1788450817.705,driving,5.605,1.224,42.3,3,24,25,6.375,2.225,7.3,1.263,1.263,0.3,0.0,1.5,1.64
1788450817.767,driving,5.62,1.238,42.3,3,24,25,6.375,2.225,7.4,1.243,1.243,0.3,0.0,1.5,1.64
1788450817.828,driving,5.625,1.244,42.2,3,24,25,6.375,2.225,7.5,1.235,1.235,0.3,0.0,1.5,1.62
1788450817.882,driving,5.631,1.254,42.1,3,24,25,6.375,2.225,7.8,1.223,1.223,0.3,0.0,1.5,1.62
1788450817.936,driving,5.637,1.26,42.1,3,24,25,6.375,2.225,7.9,1.215,1.215,0.3,0.0,1.5,1.6
1788450817.988,driving,5.652,1.274,42.1,4,24,25,6.375,2.225,7.9,1.195,1.195,0.3,0.0,1.5,1.6
1788450818.041,driving,5.659,1.281,42.1,4,24,25,6.375,2.225,8.0,1.185,1.185,0.3,0.0,1.5,1.58
1788450818.093,driving,5.675,1.294,42.1,4,24,25,6.375,2.225,8.1,1.165,1.165,0.3,0.0,1.5,1.58
1788450818.147,driving,5.682,1.301,42.1,4,24,25,6.375,2.225,8.1,1.155,1.155,0.3,0.0,1.5,1.55
1788450818.203,driving,5.697,1.315,42.1,0,19,20,6.375,2.225,8.2,1.135,1.135,0.3,0.0,1.5,1.55
1788450818.258,driving,5.705,1.322,42.1,0,19,20,6.375,2.225,8.3,1.125,1.125,0.3,0.0,1.5,1.53
1788450818.309,driving,5.72,1.335,42.1,1,19,20,6.375,2.225,8.4,1.105,1.105,0.3,0.0,1.5,1.53
1788450818.364,driving,5.726,1.345,42.5,1,19,20,6.375,2.225,8.1,1.094,1.094,0.3,0.0,1.5,1.51
1788450818.421,driving,5.736,1.365,43.4,1,19,20,6.375,2.225,7.2,1.072,1.072,0.3,0.0,1.5,1.51
1788450818.479,driving,5.743,1.372,43.5,2,19,20,6.375,2.225,7.2,1.061,1.061,0.3,0.0,1.5,1.49
1788450818.536,driving,5.758,1.386,43.5,2,19,20,6.375,2.225,7.3,1.041,1.041,0.3,0.0,1.5,1.49
1788450818.594,driving,5.765,1.393,43.5,2,19,20,6.375,2.225,7.3,1.031,1.031,0.3,0.0,1.5,1.47
1788450818.651,driving,5.773,1.4,43.5,2,19,20,6.375,2.225,7.4,1.021,1.021,0.3,0.0,1.5,1.47
1788450818.705,driving,5.787,1.414,43.5,2,19,20,6.375,2.225,7.5,1.001,1.001,0.3,0.0,1.5,1.45
1788450818.706,driving,5.787,1.414,43.5,2,19,20,6.375,2.225,7.6,1.001,1.001,0.3,0.0,1.5,1.45
1788450818.81,driving,5.81,1.435,43.5,3,19,20,6.375,2.225,7.7,0.971,0.971,0.3,0.0,1.5,1.42
1788450818.865,driving,5.817,1.442,43.5,3,19,20,6.375,2.225,7.7,0.961,0.961,0.3,0.0,1.5,1.42
1788450818.919,driving,5.831,1.448,43.4,3,19,20,6.375,2.225,7.9,0.949,0.949,0.3,0.0,1.5,1.4
1788450818.971,driving,5.837,1.448,43.4,3,19,20,6.375,2.225,8.0,0.946,0.946,0.3,0.0,1.5,1.4
1788450819.026,driving,5.851,1.455,43.4,4,19,20,6.375,2.225,8.1,0.931,0.931,0.3,0.0,1.5,1.38
1788450819.079,driving,5.858,1.462,43.4,4,19,20,6.375,2.225,8.2,0.921,0.921,0.3,0.0,1.5,1.38
1788450819.134,driving,5.873,1.476,43.4,4,19,20,6.375,2.225,8.3,0.901,0.901,0.3,0.0,1.5,1.36
1788450819.192,driving,5.88,1.483,43.4,4,19,20,6.375,2.225,8.4,0.891,0.891,0.3,0.0,1.5,1.36
1788450819.255,driving,5.895,1.497,43.4,1,15,16,6.375,2.225,8.5,0.872,0.872,0.3,0.0,1.5,1.34
1788450819.315,driving,5.903,1.504,43.4,1,15,16,6.375,2.225,8.7,0.862,0.862,0.3,0.0,1.5,1.34
1788450819.373,driving,5.917,1.518,43.4,1,15,16,6.375,2.225,8.8,0.842,0.842,0.3,0.0,1.5,1.32
1788450819.427,driving,5.925,1.525,43.4,1,15,16,6.375,2.225,8.9,0.832,0.832,0.3,0.0,1.5,1.32
1788450819.481,driving,5.941,1.538,43.5,2,15,16,6.375,2.225,8.9,0.813,0.813,0.3,0.0,1.5,1.29
1788450819.535,driving,5.949,1.544,43.6,2,15,16,6.375,2.225,9.0,0.803,0.803,0.3,0.0,1.5,1.29
1788450819.589,driving,5.956,1.55,43.6,2,15,16,6.375,2.225,9.1,0.794,0.794,0.3,0.0,1.5,1.27
1788450819.641,driving,5.971,1.565,43.6,2,15,16,6.375,2.225,9.2,0.774,0.774,0.3,0.0,1.5,1.27
1788450819.693,driving,5.979,1.572,43.6,2,15,16,6.375,2.225,9.4,0.764,0.764,0.3,0.0,1.5,1.25
1788450819.746,driving,5.993,1.586,43.6,3,15,16,6.375,2.225,9.5,0.745,0.745,0.3,0.0,1.5,1.25
1788450819.798,driving,6.001,1.593,43.6,3,15,16,6.375,2.225,9.7,0.735,0.735,0.3,0.0,1.5,1.23
1788450819.85,driving,6.016,1.607,43.6,3,15,16,6.375,2.225,9.8,0.715,0.715,0.3,0.0,1.5,1.23
1788450819.901,driving,6.023,1.614,43.6,3,15,16,6.375,2.225,10.0,0.705,0.705,0.3,0.0,1.5,1.21
1788450819.958,driving,6.038,1.628,43.6,4,15,16,6.375,2.225,10.2,0.686,0.686,0.3,0.0,1.5,1.21
1788450820.019,driving,6.046,1.64,43.9,4,15,16,6.375,2.225,10.1,0.671,0.671,0.299,0.0,1.5,1.19
1788450820.079,driving,6.064,1.67,44.7,4,15,16,6.375,2.225,9.5,0.636,0.636,0.299,0.0,1.5,1.19
1788450820.138,driving,6.071,1.679,44.7,5,15,16,6.375,2.225,9.6,0.625,0.625,0.297,0.0,1.5,1.17
1788450820.193,driving,6.086,1.693,44.7,5,15,16,6.375,2.225,9.7,0.605,0.605,0.297,0.0,1.5,1.17
1788450820.248,driving,6.093,1.7,44.7,1,11,12,6.375,2.225,9.9,0.596,0.596,0.3,0.0,1.5,1.51
1788450820.3,driving,6.107,1.715,44.7,1,11,12,6.375,2.225,10.1,0.576,0.576,0.3,0.0,1.5,1.51
1788450820.354,driving,6.114,1.722,44.7,1,11,12,6.375,2.225,10.3,0.567,0.567,0.3,0.0,1.5,1.48
1788450820.406,driving,6.129,1.736,44.7,2,11,12,6.375,2.225,10.5,0.547,0.547,0.3,0.0,1.5,1.48
1788450820.46,driving,6.136,1.743,44.7,2,11,12,6.375,2.225,10.7,0.538,0.538,0.3,0.0,1.5,1.44
1788450820.512,driving,6.143,1.751,44.7,2,11,12,6.375,2.225,10.9,0.528,0.528,0.3,0.0,1.5,1.44
1788450820.566,driving,6.161,1.769,44.4,2,11,12,6.375,2.225,11.5,0.503,0.503,0.3,0.0,1.5,1.41
1788450820.619,driving,6.172,1.78,44.0,3,11,12,6.375,2.225,12.1,0.489,0.489,0.3,0.0,1.5,1.41
1788450820.675,driving,6.189,1.798,43.7,3,11,12,6.375,2.225,12.7,0.465,0.465,0.3,0.0,1.5,1.38
1788450820.729,driving,6.196,1.806,43.7,3,11,12,6.375,2.225,13.0,0.456,0.456,0.3,0.0,1.5,1.38
1788450820.792,driving,6.211,1.82,43.7,4,11,12,6.375,2.225,13.3,0.437,0.437,0.3,0.0,1.5,1.35
1788450820.852,driving,6.219,1.827,43.7,4,11,12,6.375,2.225,13.5,0.428,0.428,0.3,0.0,1.5,1.35
1788450820.913,driving,6.233,1.841,43.7,4,11,12,6.375,2.225,13.8,0.41,0.41,0.3,0.0,1.5,1.32
1788450820.968,driving,6.241,1.848,43.7,5,11,12,6.375,2.225,14.2,0.4,0.4,0.3,0.0,1.5,1.32
1788450821.023,driving,6.255,1.862,43.7,5,11,12,6.375,2.225,14.5,0.382,0.382,0.287,0.0,1.5,1.3
1788450821.077,driving,6.263,1.869,43.7,5,11,12,6.375,2.225,14.9,0.373,0.373,0.28,0.0,1.5,1.3
1788450821.131,driving,6.284,1.881,43.9,5,11,12,6.375,2.225,15.1,0.355,0.355,0.267,0.0,1.5,1.27
1788450821.191,driving,6.297,1.887,44.0,5,11,12,6.375,2.225,15.4,0.347,0.347,0.26,0.0,1.5,1.27
1788450821.246,driving,6.313,1.899,44.1,6,11,12,6.375,2.225,15.8,0.331,0.331,0.249,0.0,1.5,1.24
1788450821.3,turning,6.319,1.906,44.1,1,7,8,6.375,2.225,16.3,0.324,0.324,0.0,2.4,1.5,1.24
1788450821.353,turning,6.327,1.913,44.8,1,7,8,6.375,2.225,16.1,0.316,0.316,0.0,2.4,1.5,1.21
1788450821.407,turning,6.327,1.913,45.6,1,7,8,6.375,2.225,15.8,0.316,0.316,0.0,2.4,1.5,1.21
1788450821.46,turning,6.327,1.913,46.4,1,7,8,6.375,2.225,15.5,0.316,0.316,0.0,2.4,1.5,1.2
1788450821.514,turning,6.327,1.913,48.0,1,7,8,6.375,2.225,14.3,0.316,0.316,0.0,2.4,1.5,1.2
1788450821.572,turning,6.327,1.913,48.9,1,7,8,6.375,2.225,14.0,0.316,0.316,0.0,2.4,1.5,1.2
1788450821.633,turning,6.327,1.913,50.5,1,7,8,6.375,2.225,12.8,0.316,0.316,0.0,2.4,1.5,1.2
1788450821.695,turning,6.326,1.911,51.2,1,7,8,6.375,2.225,12.5,0.318,0.318,0.0,2.4,1.5,1.21
1788450821.753,turning,6.323,1.906,52.6,1,7,8,6.375,2.225,11.6,0.324,0.324,0.0,2.4,1.5,1.21
1788450821.804,turning,6.322,1.905,53.3,1,7,8,6.375,2.225,11.2,0.325,0.325,0.0,2.4,1.5,1.21
1788450821.857,turning,6.322,1.905,55.0,1,7,8,6.375,2.225,10.0,0.325,0.325,0.0,2.4,1.5,1.21
1788450821.911,driving,6.322,1.905,55.8,1,7,8,6.375,2.225,9.5,0.325,0.325,0.244,0.0,1.5,1.21
1788450821.965,driving,6.322,1.905,56.7,1,7,8,6.375,2.225,9.0,0.324,0.324,0.243,0.0,1.5,1.21
1788450822.022,driving,6.324,1.907,56.7,1,7,8,6.375,2.225,9.4,0.322,0.322,0.241,0.0,1.5,1.2
1788450822.075,driving,6.329,1.916,56.7,1,7,8,6.375,2.225,9.8,0.313,0.313,0.234,0.0,1.5,1.2
1788450822.127,driving,6.332,1.925,56.4,1,7,8,6.375,2.225,10.4,0.303,0.303,0.227,0.0,1.5,1.19
1788450822.178,driving,6.338,1.944,55.8,1,7,8,6.375,2.225,11.4,0.283,0.283,0.22,0.0,1.5,1.19
1788450822.231,driving,6.342,1.951,55.8,2,7,8,6.375,2.225,11.9,0.276,0.276,0.22,0.0,1.5,1.17
1788450822.287,driving,6.35,1.963,55.8,0,5,6,6.375,2.225,12.3,0.263,0.263,0.22,0.0,1.5,1.17
1788450822.357,driving,6.355,1.969,55.8,0,5,6,6.375,2.225,12.7,0.256,0.256,0.22,0.0,1.5,1.15
1788450822.422,driving,6.359,1.976,55.8,0,5,6,6.375,2.225,13.2,0.25,0.25,0.22,0.0,1.5,1.15
1788450822.482,driving,6.364,1.992,56.0,1,5,6,6.375,2.225,13.4,0.233,0.233,0.22,0.0,1.5,1.13
1788450822.538,driving,6.365,2.003,56.2,1,5,6,6.375,2.225,13.6,0.222,0.222,0.22,0.0,1.5,1.13
1788450822.593,driving,6.371,2.019,56.4,1,5,6,6.375,2.225,13.8,0.206,0.206,0.22,0.0,1.5,1.1
1788450822.649,driving,6.375,2.026,56.4,1,5,6,6.375,2.225,14.3,0.199,0.199,0.22,0.0,1.5,1.1
1788450822.703,driving,6.383,2.038,56.4,2,5,6,6.375,2.225,14.9,0.187,0.187,0.22,0.0,1.5,1.09
1788450822.754,driving,6.387,2.044,56.4,2,5,6,6.375,2.225,15.4,0.181,0.181,0.22,0.0,1.5,1.09
1788450822.807,turning,6.396,2.057,56.4,2,5,6,6.375,2.225,16.0,0.169,0.169,0.0,2.4,1.5,1.06
1788450822.859,turning,6.4,2.063,56.4,2,5,6,6.375,2.225,16.7,0.164,0.164,0.0,2.4,1.5,1.06
1788450822.911,turning,6.401,2.064,57.9,2,5,6,6.375,2.225,15.9,0.163,0.163,0.0,2.4,1.5,1.05
1788450822.962,turning,6.401,2.064,58.7,2,5,6,6.375,2.225,15.7,0.163,0.163,0.0,2.4,1.5,1.05
1788450823.016,turning,6.401,2.064,60.4,2,5,6,6.375,2.225,14.6,0.163,0.163,0.0,2.4,1.5,1.05
1788450823.073,turning,6.401,2.064,61.2,2,5,6,6.375,2.225,14.4,0.163,0.163,0.0,2.4,1.5,1.05
1788450823.136,turning,6.392,2.063,63.0,2,5,6,6.375,2.225,13.1,0.163,0.163,0.0,2.4,1.5,1.05
1788450823.193,turning,6.386,2.063,63.9,2,5,6,6.375,2.225,12.6,0.163,0.163,0.0,2.4,1.5,1.05
1788450823.254,turning,6.382,2.062,65.7,2,5,6,6.375,2.225,11.3,0.163,0.163,0.0,2.4,1.5,1.05
1788450823.308,turning,6.382,2.062,66.5,0,3,4,6.375,2.225,10.8,0.163,0.163,0.0,2.4,1.5,1.05
1788450823.367,turning,6.382,2.062,67.3,0,3,4,6.375,2.225,10.4,0.163,0.163,0.0,2.4,1.5,1.05
1788450823.418,driving,6.382,2.062,68.9,0,3,4,6.375,2.225,9.1,0.163,0.163,0.22,0.0,1.5,1.05
1788450823.473,driving,6.382,2.062,69.7,0,3,4,6.375,2.225,8.7,0.163,0.163,0.22,0.0,1.5,1.05
1788450823.526,driving,6.383,2.065,70.0,0,3,4,6.375,2.225,8.8,0.161,0.161,0.22,0.0,1.5,1.05
1788450823.58,driving,6.384,2.068,70.0,0,3,4,6.375,2.225,9.1,0.157,0.157,0.22,0.0,1.5,1.05
1788450823.634,goal_approach,6.389,2.08,70.0,3,3,4,6.375,2.225,25.4,0.145,0.145,0.0,2.4,,1.05
1788450823.688,goal_approach,6.39,2.089,69.9,3,3,4,6.375,2.225,26.3,0.137,0.137,0.0,2.4,,1.04
1788450823.743,goal_approach,6.385,2.094,71.0,3,3,4,6.375,2.225,23.5,0.131,0.131,0.0,2.4,,1.04
1788450823.794,goal_approach,6.384,2.095,71.8,3,3,4,6.375,2.225,22.4,0.131,0.131,0.0,2.4,,1.02
1788450823.847,goal_approach,6.384,2.095,73.4,3,3,4,6.375,2.225,20.7,0.131,0.131,0.0,2.4,,1.02
1788450823.908,goal_approach,6.384,2.095,74.2,3,3,4,6.375,2.225,19.9,0.131,0.131,0.0,2.4,,1.02
1788450823.97,goal_approach,6.384,2.095,75.9,3,3,4,6.375,2.225,18.3,0.131,0.131,0.0,2.4,,1.02
1788450824.028,goal_approach,6.384,2.095,76.7,3,3,4,6.375,2.225,17.5,0.131,0.131,0.0,2.4,,1.03
1788450824.087,goal_approach,6.384,2.095,78.3,3,3,4,6.375,2.225,15.8,0.131,0.131,0.0,2.4,,1.03
1788450824.145,goal_approach,6.384,2.095,79.1,3,3,4,6.375,2.225,15.0,0.131,0.131,0.0,2.4,,1.05
1788450824.197,goal_approach,6.384,2.095,80.8,3,3,4,6.375,2.225,13.4,0.131,0.131,0.0,2.4,,1.05
1788450824.252,goal_approach,6.386,2.097,81.3,3,3,4,6.375,2.225,13.4,0.128,0.128,0.0,2.4,,1.08
1788450824.304,goal_approach,6.387,2.1,81.9,3,3,4,6.375,2.225,13.4,0.125,0.125,0.0,2.4,,1.08
1788450824.361,goal_approach,6.388,2.103,83.2,2,2,3,6.375,2.225,12.6,0.122,0.122,0.0,2.4,,1.12
1788450824.413,goal_approach,6.388,2.103,84.1,2,2,3,6.375,2.225,11.8,0.122,0.122,0.0,2.4,,1.12
1788450824.468,goal_approach,6.388,2.103,85.7,2,2,3,6.375,2.225,10.2,0.122,0.122,0.0,2.4,,1.17
1788450824.521,goal_approach,6.388,2.103,86.5,2,2,3,6.375,2.225,9.3,0.122,0.122,0.0,2.4,,1.17
1788450824.574,goal_approach,6.386,2.106,88.2,2,2,3,6.375,2.225,7.3,0.12,0.12,0.0,2.4,,1.22
1788450824.63,goal_approach,6.385,2.108,89.1,2,2,3,6.375,2.225,6.1,0.117,0.117,0.0,2.4,,1.22
1788450824.689,goal_approach,6.385,2.11,90.7,2,2,3,6.375,2.225,4.1,0.115,0.115,0.0,2.4,,1.28
1788450824.752,goal_approach,6.385,2.11,91.5,2,2,3,6.375,2.225,3.3,0.115,0.115,0.0,2.4,,1.28
1788450824.816,goal_approach,6.385,2.11,93.2,2,2,3,6.375,2.225,1.6,0.115,0.115,0.22,0.0,,1.35
1788450824.87,goal_approach,6.385,2.11,94.0,2,2,3,6.375,2.225,0.8,0.115,0.115,0.22,0.0,,1.35
1788450824.923,goal_approach,6.385,2.118,94.3,2,2,3,6.375,2.225,0.8,0.108,0.108,0.22,0.0,,1.42
1788450824.976,goal_approach,6.384,2.125,94.3,2,2,3,6.375,2.225,1.2,0.1,0.1,0.22,0.0,,1.42
1788450825.032,goal_approach,6.384,2.14,94.3,2,2,3,6.375,2.225,1.6,0.085,0.085,0.22,0.0,,1.42
1788450825.085,goal_approach,6.383,2.148,94.3,2,2,3,6.375,2.225,1.7,0.077,0.077,0.22,0.0,,1.42
1788450825.14,goal_approach,6.382,2.163,94.3,2,2,3,6.375,2.225,2.1,0.063,0.063,0.22,0.0,,1.43
1788450825.19,goal_turn,6.381,2.17,94.3,2,2,3,6.375,2.225,-94.3,0.0,0.055,0.0,-4.5,,1.43
1788450825.246,goal_turn,6.382,2.177,94.2,2,2,3,6.375,2.225,-94.2,0.0,0.048,0.0,-4.5,,1.43
1788450825.298,goal_turn,6.385,2.176,87.7,2,2,3,6.375,2.225,-87.7,0.0,0.05,0.0,-4.5,,1.43
1788450825.354,goal_turn,6.386,2.175,84.2,1,1,2,6.375,2.225,-84.2,0.0,0.051,0.0,-4.41,,1.26
1788450825.413,goal_turn,6.386,2.175,77.4,1,1,2,6.375,2.225,-77.4,0.0,0.051,0.0,-4.055,,1.26
1788450825.48,goal_turn,6.386,2.175,74.1,1,1,2,6.375,2.225,-74.1,0.0,0.051,0.0,-3.88,,1.07
1788450825.543,goal_turn,6.386,2.175,68.5,1,1,2,6.375,2.225,-68.5,0.0,0.051,0.0,-3.584,,1.07
1788450825.602,goal_turn,6.386,2.175,65.8,1,1,2,6.375,2.225,-65.8,0.0,0.051,0.0,-3.444,,1.0
1788450825.661,goal_turn,6.386,2.175,61.3,1,1,2,6.375,2.225,-61.3,0.0,0.051,0.0,-3.207,,1.0
1788450825.714,goal_turn,6.386,2.175,59.1,1,1,2,6.375,2.225,-59.1,0.0,0.051,0.0,-3.095,,1.0
1788450825.768,goal_turn,6.386,2.175,55.5,1,1,2,6.375,2.225,-55.5,0.0,0.051,0.0,-2.905,,1.0
1788450825.821,goal_turn,6.385,2.179,53.9,1,1,2,6.375,2.225,-53.9,0.0,0.047,0.0,-2.821,,1.0
1788450825.875,goal_turn,6.382,2.189,51.2,1,1,2,6.375,2.225,-51.2,0.0,0.037,0.0,-2.683,,1.0
1788450825.929,goal_turn,6.383,2.187,49.9,1,1,2,6.375,2.225,-49.9,0.0,0.039,0.0,-2.614,,1.0
1788450825.984,goal_turn,6.387,2.18,47.6,1,1,2,6.375,2.225,-47.6,0.0,0.046,0.0,-2.494,,1.0
1788450826.037,goal_turn,6.384,2.173,46.8,1,1,2,6.375,2.225,-46.8,0.0,0.053,0.0,-2.448,,0.99
1788450826.09,goal_turn,6.379,2.157,45.4,1,1,2,6.375,2.225,-45.4,0.0,0.068,0.0,-2.4,,0.99
1788450826.145,goal_turn,6.378,2.151,44.1,1,1,2,6.375,2.225,-44.1,0.0,0.074,0.0,-2.4,,1.0
1788450826.201,goal_turn,6.376,2.144,42.8,1,1,2,6.375,2.225,-42.8,0.0,0.081,0.0,-2.4,,1.0
1788450826.269,goal_turn,6.375,2.137,40.7,1,1,2,6.375,2.225,-40.7,0.0,0.088,0.0,-2.4,,0.99
1788450826.327,goal_turn,6.375,2.137,39.8,1,1,2,6.375,2.225,-39.8,0.0,0.088,0.0,-2.4,,0.99
1788450826.391,goal_turn,6.377,2.137,38.5,2,2,3,6.375,2.225,-38.5,0.0,0.088,0.0,-2.4,,0.99
1788450826.444,goal_turn,6.378,2.136,37.9,2,2,3,6.375,2.225,-37.9,0.0,0.089,0.0,-2.4,,0.99
1788450826.499,goal_turn,6.38,2.135,36.5,2,2,3,6.375,2.225,-36.5,0.0,0.09,0.0,-2.4,,1.0
1788450826.554,goal_turn,6.38,2.135,35.7,2,2,3,6.375,2.225,-35.7,0.0,0.09,0.0,-2.4,,1.0
1788450826.609,goal_turn,6.381,2.143,34.1,2,2,3,6.375,2.225,-34.1,0.0,0.083,0.0,-2.4,,0.99
1788450826.661,goal_turn,6.383,2.149,33.4,2,2,3,6.375,2.225,-33.4,0.0,0.076,0.0,-2.4,,0.99
1788450826.718,goal_turn,6.384,2.154,31.8,2,2,3,6.375,2.225,-31.8,0.0,0.072,0.0,-2.4,,0.99
1788450826.77,goal_turn,6.384,2.154,30.9,2,2,3,6.375,2.225,-30.9,0.0,0.072,0.0,-2.4,,0.99
1788450826.823,goal_turn,6.384,2.154,29.2,2,2,3,6.375,2.225,-29.2,0.0,0.072,0.0,-2.4,,0.99
1788450826.874,goal_turn,6.384,2.154,28.3,2,2,3,6.375,2.225,-28.3,0.0,0.072,0.0,-2.4,,0.99
1788450826.929,goal_turn,6.381,2.159,26.9,2,2,3,6.375,2.225,-26.9,0.0,0.067,0.0,-2.4,,0.99
1788450826.986,goal_turn,6.379,2.162,26.2,2,2,3,6.375,2.225,-26.2,0.0,0.063,0.0,-2.4,,0.99
1788450827.045,goal_turn,6.378,2.164,24.6,2,2,3,6.375,2.225,-24.6,0.0,0.061,0.0,-2.4,,0.99
1788450827.102,goal_turn,6.378,2.164,23.7,2,2,3,6.375,2.225,-23.7,0.0,0.061,0.0,-2.4,,0.99
1788450827.166,goal_turn,6.378,2.164,22.8,2,2,3,6.375,2.225,-22.8,0.0,0.061,0.0,-2.4,,0.99
1788450827.22,goal_turn,6.378,2.164,21.1,2,2,3,6.375,2.225,-21.1,0.0,0.061,0.0,-2.4,,0.99
1788450827.276,goal_turn,6.379,2.165,20.3,2,2,3,6.375,2.225,-20.3,0.0,0.06,0.0,-2.4,,0.99
1788450828.832,driving,6.386,2.18,10.6,0,30,91,7.875,2.175,-10.8,1.489,4.493,0.279,0.0,1.5,0.97
1788450828.887,driving,6.387,2.18,10.6,0,30,91,7.875,2.175,-10.8,1.488,4.493,0.279,0.0,1.5,0.97
1788450828.938,driving,6.389,2.181,10.6,0,30,91,7.875,2.175,-10.8,1.486,4.49,0.279,0.0,1.5,0.97
1788450828.993,driving,6.393,2.181,10.6,0,30,91,7.875,2.175,-10.8,1.482,4.486,0.279,0.0,1.5,0.97
1788450829.046,driving,6.405,2.184,10.6,1,31,91,7.925,2.175,-10.8,1.52,4.474,0.279,0.0,1.5,0.97
1788450829.098,driving,6.412,2.185,10.6,1,31,91,7.925,2.175,-10.8,1.513,4.467,0.277,0.0,1.5,0.95
1788450829.151,driving,6.425,2.187,10.6,1,31,91,7.925,2.175,-10.8,1.5,4.454,0.277,0.0,1.5,0.95
1788450829.206,driving,6.432,2.189,10.6,1,31,91,7.925,2.175,-10.8,1.493,4.447,0.275,0.0,1.5,0.93
1788450829.262,driving,6.445,2.191,10.6,1,31,91,7.925,2.175,-10.8,1.48,4.434,0.275,0.0,1.5,0.93
1788450829.321,driving,6.452,2.192,10.6,2,32,91,7.975,2.175,-10.8,1.523,4.427,0.273,0.0,1.5,0.92
1788450829.383,driving,6.465,2.195,10.6,2,32,91,7.975,2.175,-10.8,1.51,4.413,0.273,0.0,1.5,0.92
1788450829.444,driving,6.472,2.196,10.6,2,32,91,7.975,2.175,-10.8,1.503,4.407,0.271,0.0,1.5,0.89
1788450829.505,driving,6.485,2.198,10.6,2,32,91,7.975,2.175,-10.8,1.49,4.393,0.271,0.0,1.5,0.89
1788450829.564,driving,6.492,2.2,10.6,2,32,91,7.975,2.175,-10.9,1.483,4.386,0.27,0.0,1.5,0.88
1788450829.619,driving,6.505,2.202,10.6,3,33,91,8.025,2.175,-10.9,1.52,4.373,0.27,0.0,1.5,0.88
1788450829.673,driving,6.512,2.203,10.6,3,33,91,8.025,2.175,-10.9,1.513,4.366,0.268,0.0,1.5,0.86
1788450829.727,driving,6.521,2.205,9.9,3,33,91,8.025,2.175,-10.2,1.504,4.357,0.268,0.0,1.5,0.86
1788450829.779,driving,6.521,2.205,8.9,3,33,91,8.025,2.175,-9.3,1.504,4.357,0.266,0.0,1.5,0.84
1788450829.835,driving,6.521,2.205,6.9,3,33,91,8.025,2.175,-7.3,1.504,4.357,0.266,0.0,1.5,0.84
1788450829.891,driving,6.521,2.205,6.0,0,30,88,8.025,2.225,-6.3,1.504,4.357,0.266,0.0,1.5,0.84
1788450829.949,driving,6.521,2.205,5.0,0,30,88,8.025,2.225,-5.3,1.504,4.357,0.266,0.0,1.5,0.84
1788450830.004,driving,6.519,2.204,3.1,0,30,88,8.025,2.225,-3.4,1.506,4.36,0.266,0.0,1.5,0.84
1788450830.058,driving,6.516,2.203,2.2,0,30,88,8.025,2.225,-2.5,1.509,4.362,0.266,0.0,1.5,0.84
1788450830.11,driving,6.514,2.202,1.0,0,30,88,8.025,2.225,-1.3,1.511,4.364,0.266,0.0,1.5,0.84
1788450830.171,driving,6.514,2.202,1.0,0,30,88,8.025,2.225,-1.2,1.511,4.364,0.266,0.0,1.5,0.84
1788450830.232,driving,6.514,2.202,1.0,0,30,88,8.025,2.225,-1.2,1.511,4.364,0.266,0.0,1.5,0.84
1788450830.293,driving,6.514,2.202,1.0,0,30,88,8.025,2.225,-1.2,1.511,4.364,0.266,0.0,1.5,0.84
1788450830.351,driving,6.515,2.202,1.0,0,30,88,8.025,2.225,-1.2,1.51,4.364,0.288,0.0,1.5,1.07
1788450830.403,driving,6.517,2.202,1.0,0,30,88,8.025,2.225,-1.1,1.508,4.361,0.288,0.0,1.5,1.07
1788450830.458,driving,6.527,2.202,1.0,0,30,88,8.025,2.225,-1.1,1.498,4.351,0.288,0.0,1.5,1.07
1788450830.51,driving,6.535,2.203,0.9,0,30,88,8.025,2.225,-1.0,1.49,4.344,0.288,0.0,1.5,1.07
1788450830.564,driving,6.55,2.203,0.9,0,30,88,8.025,2.225,-1.0,1.475,4.329,0.285,0.0,1.5,1.04
1788450830.615,driving,6.557,2.203,0.9,1,31,88,8.075,2.225,-0.9,1.518,4.321,0.285,0.0,1.5,1.04
1788450830.67,driving,6.572,2.204,0.9,1,31,88,8.075,2.225,-0.9,1.503,4.306,0.282,0.0,1.5,1.01
1788450830.724,driving,6.58,2.204,0.9,1,31,88,8.075,2.225,-0.9,1.495,4.299,0.282,0.0,1.5,1.01
1788450830.782,driving,6.595,2.204,0.9,1,31,88,8.075,2.225,-0.9,1.48,4.284,0.282,0.0,1.5,1.0
1788450830.835,driving,6.602,2.204,0.9,2,32,88,8.125,2.225,-0.9,1.523,4.276,0.282,0.0,1.5,1.0
1788450830.893,driving,6.61,2.204,0.9,0,30,86,8.125,2.175,-0.9,1.516,4.269,0.279,0.0,1.5,0.97
1788450830.956,driving,6.625,2.204,0.9,0,30,86,8.125,2.175,-0.9,1.501,4.254,0.279,0.0,1.5,0.97
1788450831.02,driving,6.632,2.205,0.9,0,30,86,8.125,2.175,-0.9,1.493,4.246,0.276,0.0,1.5,0.95
1788450831.079,driving,6.647,2.205,0.9,0,30,86,8.125,2.175,-1.0,1.478,4.231,0.276,0.0,1.5,0.95
1788450831.137,driving,6.655,2.205,0.9,1,31,86,8.175,2.175,-1.0,1.521,4.224,0.276,0.0,1.5,0.94
1788450831.19,driving,6.67,2.205,0.9,1,31,86,8.175,2.175,-1.0,1.506,4.209,0.276,0.0,1.5,0.94
1788450831.245,driving,6.677,2.205,0.9,1,31,86,8.175,2.175,-1.1,1.498,4.201,0.273,0.0,1.5,0.92
1788450831.298,driving,6.692,2.206,0.9,1,31,86,8.175,2.175,-1.1,1.483,4.186,0.273,0.0,1.5,0.92
1788450831.352,driving,6.699,2.206,0.9,1,31,86,8.175,2.175,-1.1,1.476,4.179,0.271,0.0,1.5,0.89
1788450831.404,driving,6.714,2.206,0.9,2,32,86,8.225,2.175,-1.1,1.511,4.164,0.271,0.0,1.5,0.89
1788450831.457,driving,6.725,2.208,1.0,2,32,86,8.225,2.175,-1.2,1.5,4.153,0.269,0.0,1.5,0.87
1788450831.508,driving,6.749,2.215,1.1,2,32,86,8.225,2.175,-1.4,1.476,4.129,0.269,0.0,1.5,0.87
1788450831.562,driving,6.757,2.216,1.1,3,33,86,8.275,2.175,-1.4,1.518,4.121,0.267,0.0,1.5,0.85
1788450831.612,driving,6.772,2.216,1.1,3,33,86,8.275,2.175,-1.4,1.503,4.106,0.267,0.0,1.5,0.85
1788450831.671,driving,6.78,2.216,1.1,3,33,86,8.275,2.175,-1.5,1.496,4.098,0.265,0.0,1.5,0.83
1788450831.732,driving,6.795,2.216,1.1,3,33,86,8.275,2.175,-1.5,1.481,4.083,0.265,0.0,1.5,0.83
1788450831.797,driving,6.802,2.217,1.1,4,34,86,8.324,2.187,-1.5,1.522,4.076,0.263,0.0,1.5,0.81
1788450831.857,driving,6.81,2.217,1.1,4,34,86,8.324,2.187,-1.5,1.514,4.068,0.263,0.0,1.5,0.81
1788450831.91,driving,6.825,2.217,1.1,0,30,82,8.324,2.187,-1.5,1.499,4.053,0.262,0.0,1.5,0.79
1788450831.963,driving,6.832,2.217,1.1,0,30,82,8.324,2.187,-1.6,1.492,4.046,0.262,0.0,1.5,0.79
1788450832.017,driving,6.845,2.217,1.2,0,30,82,8.324,2.187,-1.7,1.478,4.033,0.259,0.0,1.5,0.76
1788450832.069,driving,6.851,2.217,1.2,1,31,82,8.372,2.199,-1.7,1.521,4.027,0.259,0.0,1.5,0.76
1788450832.122,driving,6.865,2.217,1.3,1,31,82,8.372,2.199,-1.8,1.507,4.013,0.257,0.0,1.5,0.75
1788450832.176,driving,6.872,2.217,1.3,1,31,82,8.372,2.199,-1.8,1.5,4.006,0.257,0.0,1.5,0.75
1788450832.233,driving,6.887,2.217,1.3,1,31,82,8.372,2.199,-1.8,1.485,3.991,0.256,0.0,1.5,0.73
1788450832.284,driving,6.895,2.218,1.3,1,31,82,8.372,2.199,-1.8,1.477,3.983,0.256,0.0,1.5,0.73
1788450832.342,driving,6.91,2.218,1.3,2,32,82,8.421,2.211,-1.8,1.511,3.968,0.255,0.0,1.5,0.72
1788450832.394,driving,6.917,2.218,1.3,2,32,82,8.421,2.211,-1.8,1.503,3.961,0.255,0.0,1.5,0.72
1788450832.454,driving,6.932,2.218,1.3,2,32,82,8.421,2.211,-1.8,1.488,3.946,0.253,0.0,1.5,0.7
1788450832.517,driving,6.94,2.219,1.3,2,32,82,8.421,2.211,-1.8,1.481,3.938,0.253,0.0,1.5,0.7
1788450832.579,driving,6.947,2.223,1.6,2,32,82,8.421,2.211,-2.0,1.473,3.931,0.251,0.0,1.5,0.68
1788450832.64,driving,6.949,2.225,1.7,2,32,82,8.421,2.211,-2.2,1.472,3.929,0.251,0.0,1.5,0.68
1788450832.698,driving,6.961,2.228,1.9,3,33,82,8.469,2.224,-2.3,1.509,3.917,0.251,0.0,1.5,0.68
1788450832.749,driving,6.968,2.228,1.9,3,33,82,8.469,2.224,-2.3,1.501,3.91,0.251,0.0,1.5,0.68
1788450832.803,driving,6.975,2.228,1.9,3,33,82,8.469,2.224,-2.3,1.494,3.902,0.249,0.0,1.5,0.66
1788450832.857,driving,6.99,2.228,1.9,3,33,82,8.469,2.224,-2.3,1.479,3.887,0.249,0.0,1.5,0.66
1788450832.908,driving,6.998,2.229,1.9,3,33,82,8.469,2.224,-2.3,1.471,3.88,0.248,0.0,1.5,0.64
1788450832.962,driving,7.013,2.229,1.9,0,30,78,8.52,2.224,-2.3,1.507,3.865,0.248,0.0,1.5,0.64
1788450833.018,driving,7.02,2.229,1.9,0,30,78,8.52,2.224,-2.3,1.5,3.857,0.247,0.0,1.5,0.63
1788450833.072,driving,7.035,2.23,1.9,0,30,78,8.52,2.224,-2.3,1.485,3.842,0.247,0.0,1.5,0.63
1788450833.128,driving,7.046,2.233,1.9,0,30,78,8.52,2.224,-2.3,1.474,3.831,0.245,0.0,1.5,0.61
1788450833.182,driving,7.073,2.241,2.1,1,31,78,8.569,2.234,-2.5,1.497,3.805,0.245,0.0,1.5,0.61
1788450833.243,driving,7.082,2.242,2.2,1,31,78,8.569,2.234,-2.6,1.487,3.796,0.243,0.0,1.5,0.6
1788450833.304,driving,7.097,2.243,2.2,1,31,78,8.569,2.234,-2.6,1.473,3.781,0.243,0.0,1.5,0.6
1788450833.364,driving,7.104,2.243,2.2,2,32,78,8.618,2.244,-2.6,1.514,3.773,0.243,0.0,1.5,0.6
1788450833.424,driving,7.119,2.244,2.2,2,32,78,8.618,2.244,-2.6,1.499,3.758,0.243,0.0,1.5,0.6
1788450833.48,driving,7.127,2.244,2.2,2,32,78,8.618,2.244,-2.5,1.492,3.751,0.243,0.0,1.5,0.6
1788450833.534,driving,7.142,2.244,2.2,2,32,78,8.618,2.244,-2.5,1.477,3.736,0.243,0.0,1.5,0.6
1788450833.59,driving,7.149,2.245,2.2,2,32,78,8.618,2.244,-2.5,1.469,3.728,0.243,0.0,1.5,0.59
1788450833.644,driving,7.164,2.245,2.2,3,33,78,8.667,2.253,-2.5,1.503,3.713,0.243,0.0,1.5,0.59
1788450833.699,driving,7.169,2.246,2.2,3,33,78,8.667,2.253,-2.6,1.498,3.708,0.243,0.0,1.5,0.59
1788450833.753,driving,7.174,2.246,2.3,3,33,78,8.667,2.253,-2.6,1.494,3.704,0.243,0.0,1.5,0.59
1788450833.806,driving,7.186,2.247,2.4,3,33,78,8.667,2.253,-2.7,1.481,3.691,0.243,0.0,1.5,0.59
1788450833.86,driving,7.193,2.248,2.4,3,33,78,8.667,2.253,-2.7,1.474,3.684,0.243,0.0,1.5,0.59
1788450833.914,driving,7.208,2.248,2.4,4,34,78,8.716,2.263,-2.7,1.508,3.669,0.243,0.0,1.5,0.59
1788450833.968,driving,7.216,2.249,2.4,0,30,74,8.712,2.334,-2.6,1.498,3.661,0.243,0.0,1.5,0.59
1788450834.028,driving,7.231,2.249,2.4,0,30,74,8.712,2.334,-2.5,1.483,3.646,0.242,0.0,1.5,0.59
1788450834.088,driving,7.238,2.249,2.4,0,30,74,8.712,2.334,-2.4,1.476,3.639,0.242,0.0,1.5,0.59
1788450834.152,driving,7.253,2.25,2.4,1,31,74,8.76,2.346,-2.3,1.51,3.624,0.242,0.0,1.5,0.59
1788450834.207,driving,7.261,2.25,2.4,1,31,74,8.76,2.346,-2.2,1.503,3.617,0.242,0.0,1.5,0.59
1788450834.265,driving,7.276,2.253,2.9,1,31,74,8.76,2.346,-2.6,1.487,3.601,0.242,0.0,1.5,0.59
1788450834.317,driving,7.284,2.255,3.3,1,31,74,8.76,2.346,-3.0,1.479,3.593,0.242,0.0,1.5,0.59
1788450834.369,driving,7.298,2.256,3.6,1,31,74,8.76,2.346,-3.2,1.464,3.579,0.242,0.0,1.5,0.58
1788450834.422,driving,7.306,2.257,3.6,2,32,74,8.809,2.358,-3.1,1.506,3.571,0.242,0.0,1.5,0.58
1788450834.476,driving,7.321,2.258,3.6,2,32,74,8.809,2.358,-3.0,1.491,3.556,0.242,0.0,1.5,0.58
1788450834.527,driving,7.328,2.258,3.6,2,32,74,8.809,2.358,-2.9,1.484,3.549,0.242,0.0,1.5,0.58
1788450834.579,driving,7.343,2.259,3.6,2,32,74,8.809,2.358,-2.8,1.469,3.534,0.242,0.0,1.5,0.58
1788450834.631,driving,7.351,2.26,3.6,3,33,74,8.875,2.375,-2.8,1.529,3.526,0.242,0.0,1.5,0.58
1788450834.683,driving,7.358,2.26,3.6,3,33,74,8.875,2.375,-2.7,1.521,3.519,0.242,0.0,1.5,0.58
1788450834.739,driving,7.373,2.261,3.6,3,33,74,8.875,2.375,-2.6,1.506,3.504,0.242,0.0,1.5,0.58
1788450834.801,driving,7.377,2.261,3.4,3,33,74,8.875,2.375,-2.4,1.502,3.499,0.242,0.0,1.5,0.58
1788450834.865,driving,7.38,2.261,2.9,3,33,74,8.875,2.375,-1.8,1.499,3.497,0.242,0.0,1.5,0.58
1788450834.932,driving,7.385,2.261,2.8,3,33,74,8.875,2.375,-1.6,1.494,3.492,0.241,0.0,1.5,0.58
1788450834.995,driving,7.4,2.261,2.8,1,31,71,8.925,2.375,-1.5,1.529,3.477,0.241,0.0,1.5,0.58
1788450835.051,driving,7.407,2.262,2.8,1,31,71,8.925,2.375,-1.4,1.522,3.469,0.3,0.0,1.5,2.96
1788450835.105,driving,7.422,2.262,2.8,1,31,71,8.925,2.375,-1.4,1.507,3.454,0.3,0.0,1.5,2.96
1788450835.16,driving,7.43,2.263,2.8,1,31,71,8.925,2.375,-1.3,1.499,3.447,0.3,0.0,1.5,2.96
1788450835.213,driving,7.445,2.264,2.8,1,31,71,8.925,2.375,-1.2,1.484,3.432,0.3,0.0,1.5,2.96
1788450835.268,driving,7.452,2.264,2.8,2,32,71,8.975,2.375,-1.2,1.527,3.424,0.3,0.0,1.5,2.96
1788450835.32,driving,7.467,2.265,2.8,2,32,71,8.975,2.375,-1.1,1.512,3.41,0.3,0.0,1.5,2.96
1788450835.377,driving,7.474,2.269,2.9,2,32,71,8.975,2.375,-1.2,1.505,3.403,0.3,0.0,1.5,2.95
1788450835.43,driving,7.486,2.279,3.2,2,32,71,8.975,2.375,-1.3,1.492,3.39,0.3,0.0,1.5,2.95
1788450835.483,driving,7.494,2.28,3.2,2,32,71,8.975,2.375,-1.3,1.485,3.383,0.3,0.0,1.5,2.95
1788450835.537,driving,7.508,2.281,3.2,3,33,71,9.025,2.375,-1.3,1.519,3.368,0.3,0.0,1.5,2.95
1788450835.594,driving,7.516,2.281,3.2,3,33,71,9.025,2.375,-1.2,1.512,3.36,0.3,0.0,1.5,2.95
1788450835.654,driving,7.523,2.282,3.2,3,33,71,9.025,2.375,-1.2,1.505,3.353,0.3,0.0,1.5,2.95
1788450835.711,driving,7.538,2.282,3.2,3,33,71,9.025,2.375,-1.1,1.49,3.338,0.3,0.0,1.5,2.95
1788450835.77,driving,7.546,2.283,3.2,3,33,71,9.025,2.375,-1.1,1.482,3.33,0.3,0.0,1.5,2.95
1788450835.825,driving,7.561,2.284,3.2,4,34,71,9.075,2.375,-1.1,1.517,3.316,0.3,0.0,1.5,2.95
1788450835.878,driving,7.568,2.284,3.2,4,34,71,9.075,2.375,-1.0,1.51,3.308,0.3,0.0,1.5,2.95
1788450835.932,driving,7.579,2.289,3.1,4,34,71,9.075,2.375,-1.0,1.499,3.298,0.3,0.0,1.5,2.95
1788450835.985,driving,7.582,2.292,3.1,4,34,71,9.075,2.375,-0.9,1.495,3.294,0.3,0.0,1.5,2.95
1788450836.041,driving,7.593,2.296,3.1,0,30,67,9.075,2.375,-0.8,1.484,3.283,0.3,0.0,1.5,2.95
1788450836.091,driving,7.601,2.296,3.1,0,30,67,9.075,2.375,-0.8,1.476,3.275,0.3,0.0,1.5,2.95
1788450836.144,driving,7.616,2.297,3.1,1,31,67,9.125,2.375,-0.8,1.511,3.26,0.3,0.0,1.5,2.94
1788450836.195,driving,7.623,2.297,3.1,1,31,67,9.125,2.375,-0.8,1.504,3.253,0.3,0.0,1.5,2.94
1788450836.249,driving,7.638,2.298,3.1,1,31,67,9.125,2.375,-0.8,1.489,3.238,0.3,0.0,1.5,2.94
1788450836.3,driving,7.646,2.299,3.1,1,31,67,9.125,2.375,-0.7,1.481,3.23,0.3,0.0,1.5,2.94
1788450836.362,driving,7.661,2.299,3.1,2,32,67,9.175,2.375,-0.7,1.516,3.215,0.3,0.0,1.5,2.94
1788450836.421,driving,7.668,2.3,3.1,2,32,67,9.175,2.375,-0.7,1.509,3.208,0.3,0.0,1.5,2.94
1788450836.483,driving,7.68,2.302,3.2,2,32,67,9.175,2.375,-0.9,1.497,3.196,0.3,0.0,1.5,2.94
1788450836.542,driving,7.685,2.303,3.4,2,32,67,9.175,2.375,-1.0,1.491,3.19,0.3,0.0,1.5,2.94
1788450836.596,driving,7.692,2.304,3.4,2,32,67,9.175,2.375,-1.1,1.485,3.184,0.3,0.0,1.5,2.94
1788450836.649,driving,7.707,2.305,3.4,2,32,67,9.175,2.375,-1.1,1.47,3.169,0.3,0.0,1.5,2.94
1788450836.702,driving,7.714,2.306,3.4,3,33,67,9.225,2.375,-1.0,1.513,3.162,0.3,0.0,1.5,2.94
1788450836.754,driving,7.715,2.306,3.4,3,33,67,9.225,2.375,-1.0,1.512,3.161,0.3,0.0,1.5,2.94
1788450836.807,driving,7.715,2.306,3.4,3,33,67,9.225,2.375,-1.0,1.512,3.161,0.3,0.0,1.5,2.94
1788450836.87,driving,7.715,2.306,3.4,3,33,67,9.225,2.375,-1.0,1.512,3.161,0.3,0.0,1.5,2.94
1788450836.92,driving,7.715,2.306,3.4,3,33,67,9.225,2.375,-1.0,1.512,3.161,0.3,0.0,1.5,2.94
1788450836.97,driving,7.715,2.306,3.4,3,33,67,9.225,2.375,-1.0,1.512,3.161,0.3,0.0,1.5,2.94
1788450837.024,driving,7.714,2.303,3.2,0,30,64,9.225,2.375,-0.8,1.513,3.162,0.3,0.0,1.5,2.94
1788450837.075,driving,7.71,2.294,2.6,0,30,64,9.225,2.375,-0.1,1.517,3.166,0.3,0.0,1.5,2.94
1788450837.131,driving,7.71,2.293,2.5,0,30,64,9.225,2.375,-0.1,1.517,3.166,0.3,0.0,1.5,2.94
1788450837.193,driving,7.71,2.293,2.5,0,30,64,9.225,2.375,-0.0,1.517,3.166,0.3,0.0,1.5,2.94
1788450837.257,driving,7.71,2.293,2.5,0,30,64,9.225,2.375,-0.0,1.517,3.166,0.3,0.0,1.5,2.94
1788450837.319,driving,7.71,2.293,2.5,0,30,64,9.225,2.375,-0.0,1.517,3.166,0.3,0.0,1.5,2.94
1788450837.377,driving,7.713,2.293,2.5,0,30,64,9.225,2.375,0.0,1.515,3.163,0.3,0.0,1.5,2.94
1788450837.432,driving,7.722,2.294,2.5,0,30,64,9.225,2.375,0.0,1.505,3.154,0.3,0.0,1.5,2.94
1788450837.487,driving,7.73,2.294,2.5,0,30,64,9.225,2.375,0.0,1.498,3.146,0.3,0.0,1.5,2.94
1788450837.54,driving,7.739,2.295,2.5,1,31,64,9.275,2.375,0.0,1.538,3.137,0.3,0.0,1.5,2.94
1788450837.592,driving,7.759,2.296,2.5,1,31,64,9.275,2.375,0.1,1.518,3.117,0.3,0.0,1.5,2.93
1788450837.645,driving,7.769,2.296,2.5,1,31,64,9.275,2.375,0.1,1.508,3.107,0.3,0.0,1.5,2.93
1788450837.7,driving,7.79,2.297,2.5,1,31,64,9.275,2.375,0.1,1.487,3.086,0.3,0.0,1.5,2.93
1788450837.754,driving,7.8,2.297,2.5,1,31,64,9.275,2.375,0.1,1.477,3.076,0.3,0.0,1.5,2.93
1788450837.806,driving,7.82,2.298,2.5,2,32,64,9.325,2.375,0.1,1.507,3.056,0.3,0.0,1.5,2.93
1788450837.862,driving,7.831,2.299,2.5,2,32,64,9.325,2.375,0.1,1.496,3.045,0.3,0.0,1.5,2.93
1788450837.919,driving,7.851,2.3,2.5,2,32,64,9.325,2.375,0.1,1.476,3.025,0.3,0.0,1.5,2.93
1788450837.978,driving,7.861,2.3,2.5,2,32,64,9.325,2.375,0.1,1.466,3.015,0.3,0.0,1.5,2.93
1788450838.043,driving,7.881,2.301,2.5,3,33,64,9.375,2.375,0.1,1.495,2.994,0.3,0.0,1.5,2.93
1788450838.106,driving,7.892,2.301,2.5,0,30,61,9.375,2.375,0.1,1.485,2.984,0.3,0.0,1.5,2.93
1788450838.164,driving,7.912,2.302,2.5,1,31,61,9.425,2.375,0.1,1.515,2.964,0.3,0.0,1.5,2.93
1788450838.217,driving,7.922,2.303,2.5,1,31,61,9.425,2.375,0.1,1.505,2.954,0.3,0.0,1.5,2.93
1788450838.275,driving,7.937,2.305,2.4,1,31,61,9.425,2.375,0.2,1.489,2.939,0.3,0.0,1.5,2.92
1788450838.329,driving,7.943,2.306,2.4,1,31,61,9.425,2.375,0.3,1.483,2.932,0.3,0.0,1.5,2.92
1788450838.382,driving,7.961,2.307,2.3,2,32,61,9.475,2.375,0.3,1.515,2.914,0.3,0.0,1.5,2.92
1788450838.434,driving,7.972,2.308,2.3,2,32,61,9.475,2.375,0.3,1.505,2.904,0.3,0.0,1.5,2.92
1788450838.484,driving,7.982,2.308,2.3,2,32,61,9.475,2.375,0.3,1.495,2.894,0.3,0.0,1.5,2.92
1788450838.537,driving,8.002,2.309,2.3,3,33,61,9.525,2.375,0.3,1.524,2.874,0.3,0.0,1.5,2.92
1788450838.589,driving,8.012,2.309,2.3,3,33,61,9.525,2.375,0.3,1.514,2.863,0.3,0.0,1.5,2.92
1788450838.642,driving,8.033,2.31,2.3,3,33,61,9.525,2.375,0.3,1.494,2.843,0.3,0.0,1.5,2.92
1788450838.704,driving,8.043,2.312,2.3,3,33,61,9.525,2.375,0.3,1.483,2.833,0.3,0.0,1.5,2.92
1788450838.768,driving,8.063,2.319,2.3,4,34,61,9.575,2.375,0.3,1.513,2.812,0.3,0.0,1.5,2.92
1788450838.836,driving,8.074,2.32,2.3,4,34,61,9.575,2.375,0.3,1.502,2.802,0.3,0.0,1.5,2.92
1788450838.896,driving,8.094,2.321,2.3,4,34,61,9.575,2.375,0.3,1.482,2.782,0.3,0.0,1.5,2.92
1788450838.951,driving,8.104,2.322,2.3,5,35,61,9.625,2.375,0.3,1.522,2.771,0.3,0.0,1.5,2.91
1788450839.008,driving,8.124,2.322,2.3,5,35,61,9.625,2.375,0.3,1.501,2.751,0.3,0.0,1.5,2.91
1788450839.062,driving,8.135,2.323,2.3,0,30,56,9.625,2.351,0.3,1.49,2.741,0.3,0.0,1.5,2.91
1788450839.116,driving,8.155,2.324,2.3,1,31,56,9.675,2.352,0.2,1.52,2.72,0.3,0.0,1.5,2.91
1788450839.171,driving,8.165,2.326,2.4,1,31,56,9.675,2.352,0.1,1.51,2.71,0.3,0.0,1.5,2.91
1788450839.226,driving,8.186,2.331,2.6,1,31,56,9.675,2.352,-0.2,1.489,2.689,0.3,0.0,1.5,2.91
1788450839.28,driving,8.196,2.332,2.6,1,31,56,9.675,2.352,-0.3,1.478,2.679,0.3,0.0,1.5,2.91
1788450839.337,driving,8.217,2.333,2.6,2,32,56,9.725,2.353,-0.3,1.508,2.659,0.3,0.0,1.5,2.91
1788450839.389,driving,8.227,2.333,2.6,2,32,56,9.725,2.353,-0.3,1.498,2.648,0.3,0.0,1.5,2.91
1788450839.445,driving,8.237,2.334,2.6,2,32,56,9.725,2.353,-0.4,1.488,2.638,0.3,0.0,1.5,2.91
1788450839.508,driving,8.258,2.335,2.6,3,33,56,9.775,2.354,-0.4,1.517,2.618,0.3,0.0,1.5,2.9
1788450839.569,driving,8.268,2.335,2.6,3,33,56,9.775,2.354,-0.4,1.507,2.608,0.3,0.0,1.5,2.9
1788450839.631,driving,8.279,2.334,2.6,3,33,56,9.775,2.354,-0.4,1.495,2.596,0.3,0.0,1.5,2.9
1788450839.688,driving,8.281,2.332,2.5,3,33,56,9.775,2.354,-0.4,1.494,2.594,0.3,0.0,1.5,2.9
1788450839.744,driving,8.294,2.331,2.4,3,33,56,9.775,2.354,-0.4,1.481,2.581,0.3,0.0,1.5,2.9
1788450839.797,driving,8.304,2.332,2.4,4,34,56,9.825,2.355,-0.4,1.52,2.571,0.3,0.0,1.5,2.9
1788450839.856,driving,8.325,2.333,2.4,4,34,56,9.825,2.355,-0.4,1.5,2.55,0.3,0.0,1.5,2.9
1788450839.909,driving,8.335,2.333,2.4,4,34,56,9.825,2.355,-0.4,1.49,2.54,0.3,0.0,1.5,2.9
1788450839.964,driving,8.355,2.334,2.4,5,35,56,9.875,2.356,-0.5,1.519,2.52,0.3,0.0,1.5,2.9
1788450840.02,driving,8.366,2.334,2.4,5,35,56,9.875,2.356,-0.5,1.509,2.51,0.3,0.0,1.5,2.9
1788450840.075,driving,8.381,2.336,2.6,5,35,56,9.875,2.356,-0.7,1.493,2.494,0.3,0.0,1.5,2.9
1788450840.133,driving,8.388,2.336,2.8,0,30,51,9.875,2.356,-0.9,1.487,2.487,0.3,0.0,1.5,2.9
1788450840.189,driving,8.406,2.338,2.9,1,31,51,9.925,2.357,-1.0,1.519,2.469,0.3,0.0,1.5,2.89
1788450840.246,driving,8.416,2.338,2.9,1,31,51,9.925,2.357,-1.0,1.509,2.459,0.3,0.0,1.5,2.89
1788450840.312,driving,8.437,2.339,2.9,1,31,51,9.925,2.357,-1.1,1.488,2.439,0.3,0.0,1.5,2.89
1788450840.372,driving,8.447,2.34,2.9,1,31,51,9.925,2.357,-1.1,1.478,2.429,0.3,0.0,1.5,2.89
1788450840.432,driving,8.457,2.34,2.9,2,32,51,9.975,2.358,-1.1,1.518,2.418,0.3,0.0,1.5,2.87
1788450840.487,driving,8.477,2.341,2.9,2,32,51,9.975,2.358,-1.1,1.497,2.398,0.3,0.0,1.5,2.87
1788450840.542,driving,8.486,2.342,2.9,2,32,51,9.975,2.358,-1.2,1.489,2.389,0.3,0.0,1.5,2.84
1788450840.594,driving,8.5,2.345,2.9,3,33,51,10.025,2.359,-1.2,1.525,2.375,0.3,0.0,1.5,2.84
1788450840.65,driving,8.509,2.346,2.9,3,33,51,10.025,2.359,-1.2,1.516,2.366,0.3,0.0,1.5,2.81
1788450840.705,driving,8.529,2.347,2.9,3,33,51,10.025,2.359,-1.3,1.495,2.346,0.3,0.0,1.5,2.81
1788450840.762,driving,8.539,2.347,2.9,3,33,51,10.025,2.359,-1.3,1.485,2.336,0.3,0.0,1.5,2.78
1788450840.814,driving,8.56,2.348,2.9,4,34,51,10.075,2.36,-1.3,1.515,2.315,0.3,0.0,1.5,2.78
1788450840.871,driving,8.57,2.349,2.9,4,34,51,10.075,2.36,-1.4,1.505,2.305,0.3,0.0,1.5,2.75
1788450840.923,driving,8.59,2.35,2.9,4,34,51,10.075,2.36,-1.4,1.484,2.285,0.3,0.0,1.5,2.75
1788450840.98,driving,8.598,2.35,2.8,4,34,51,10.075,2.36,-1.3,1.476,2.277,0.3,0.0,1.5,2.72
1788450841.039,driving,8.613,2.351,2.5,5,35,51,10.125,2.361,-1.1,1.512,2.262,0.3,0.0,1.5,2.72
1788450841.1,driving,8.623,2.352,2.5,5,35,51,10.125,2.361,-1.1,1.502,2.253,0.3,0.0,1.5,2.69
1788450841.162,driving,8.643,2.352,2.5,0,30,46,10.125,2.375,-1.1,1.482,2.232,0.3,0.0,1.5,2.69
1788450841.222,driving,8.653,2.353,2.5,1,31,46,10.175,2.375,-1.1,1.522,2.222,0.3,0.0,1.5,2.67
1788450841.279,driving,8.674,2.354,2.5,1,31,46,10.175,2.375,-1.1,1.502,2.202,0.3,0.0,1.5,2.67
1788450841.334,driving,8.684,2.354,2.5,1,31,46,10.175,2.375,-1.1,1.491,2.191,0.3,0.0,1.5,2.64
1788450841.389,driving,8.694,2.355,2.5,1,31,46,10.175,2.375,-1.2,1.481,2.181,0.3,0.0,1.5,2.64
1788450841.443,driving,8.71,2.36,2.9,2,32,46,10.225,2.375,-1.5,1.515,2.165,0.3,0.0,1.5,2.61
1788450841.497,driving,8.715,2.364,3.2,2,32,46,10.225,2.375,-1.9,1.51,2.16,0.3,0.0,1.5,2.61
1788450841.55,driving,8.731,2.369,3.6,2,32,46,10.225,2.375,-2.3,1.494,2.144,0.3,0.0,1.5,2.58
1788450841.602,driving,8.741,2.37,3.6,2,32,46,10.225,2.375,-2.3,1.484,2.134,0.3,0.0,1.5,2.58
1788450841.657,driving,8.761,2.371,3.6,3,33,46,10.275,2.375,-2.4,1.514,2.114,0.3,0.0,1.5,2.55
1788450841.71,driving,8.772,2.372,3.6,3,33,46,10.275,2.375,-2.4,1.503,2.103,0.3,0.0,1.5,2.55
1788450841.766,driving,8.792,2.373,3.6,3,33,46,10.275,2.375,-2.4,1.483,2.083,0.3,0.0,1.5,2.52
1788450841.829,driving,8.802,2.374,3.6,4,34,46,10.325,2.375,-2.4,1.523,2.073,0.3,0.0,1.5,2.52
1788450841.896,driving,8.822,2.378,3.9,4,34,46,10.325,2.375,-2.8,1.503,2.053,0.3,0.0,1.5,2.49
1788450841.961,driving,8.832,2.382,4.1,4,34,46,10.325,2.375,-3.1,1.493,2.043,0.3,0.0,1.5,2.49
1788450842.017,driving,8.852,2.385,4.3,5,35,46,10.375,2.375,-3.3,1.523,2.023,0.3,0.0,1.5,2.46
1788450842.073,driving,8.862,2.386,4.3,5,35,46,10.375,2.375,-3.3,1.513,2.013,0.3,0.0,1.5,2.46
1788450842.128,driving,8.882,2.387,4.3,5,35,46,10.375,2.375,-3.3,1.493,1.993,0.3,0.0,1.5,2.43
1788450842.181,driving,8.892,2.388,4.3,0,30,41,10.375,2.375,-3.4,1.483,1.983,0.3,0.0,1.5,2.43
1788450842.236,driving,8.913,2.39,4.3,1,31,41,10.425,2.375,-3.4,1.512,1.962,0.3,0.0,1.5,2.4
1788450842.293,driving,8.923,2.39,4.3,1,31,41,10.425,2.375,-3.5,1.502,1.952,0.3,0.0,1.5,2.4
1788450842.35,driving,8.934,2.391,4.3,1,31,41,10.425,2.375,-3.5,1.491,1.941,0.3,0.0,1.5,2.38
1788450842.401,driving,8.959,2.394,4.3,2,32,41,10.475,2.375,-3.5,1.516,1.916,0.3,0.0,1.5,2.38
1788450842.456,driving,8.971,2.395,4.2,2,32,41,10.475,2.375,-3.5,1.504,1.904,0.3,0.0,1.5,2.35
1788450842.506,driving,8.991,2.396,4.2,2,32,41,10.475,2.375,-3.5,1.484,1.884,0.3,0.0,1.5,2.35
1788450842.562,driving,9.001,2.397,4.2,3,33,41,10.525,2.375,-3.6,1.524,1.874,0.3,0.0,1.5,2.32
1788450842.619,driving,9.022,2.399,4.2,3,33,41,10.525,2.375,-3.6,1.504,1.853,0.3,0.0,1.5,2.32
1788450842.682,driving,9.032,2.4,4.2,3,33,41,10.525,2.375,-3.7,1.493,1.843,0.3,0.0,1.5,2.29
1788450842.742,driving,9.052,2.401,4.2,4,34,41,10.575,2.375,-3.7,1.523,1.823,0.3,0.0,1.5,2.29
1788450842.8,driving,9.062,2.399,4.1,4,34,41,10.575,2.375,-3.6,1.513,1.813,0.3,0.0,1.5,2.26
1788450842.857,driving,9.082,2.394,3.7,4,34,41,10.575,2.375,-3.2,1.493,1.793,0.3,0.0,1.5,2.26
1788450842.911,driving,9.092,2.393,3.6,4,34,41,10.575,2.375,-3.2,1.483,1.783,0.3,0.0,1.5,2.23
1788450842.964,driving,9.113,2.395,3.6,5,35,41,10.625,2.375,-3.2,1.513,1.763,0.3,0.0,1.5,2.23
1788450843.018,driving,9.123,2.395,3.6,5,35,41,10.625,2.375,-3.2,1.502,1.752,0.3,0.0,1.5,2.2
1788450843.072,driving,9.143,2.397,3.6,5,35,41,10.625,2.375,-3.2,1.482,1.732,0.3,0.0,1.5,2.2
1788450843.127,driving,9.153,2.397,3.6,6,36,41,10.675,2.375,-3.3,1.522,1.722,0.3,0.0,1.5,2.17
1788450843.18,driving,9.174,2.398,3.6,0,30,35,10.675,2.375,-3.3,1.502,1.702,0.3,0.0,1.5,2.17
1788450843.234,driving,9.185,2.399,3.6,0,30,35,10.675,2.375,-3.3,1.49,1.69,0.3,0.0,1.5,2.15
1788450843.286,driving,9.197,2.4,3.6,0,30,35,10.675,2.375,-3.3,1.479,1.679,0.3,0.0,1.5,2.15
1788450843.338,driving,9.218,2.401,3.6,1,31,35,10.725,2.375,-3.4,1.507,1.657,0.3,0.0,1.5,2.12
1788450843.396,driving,9.228,2.401,3.6,1,31,35,10.725,2.375,-3.4,1.497,1.647,0.3,0.0,1.5,2.12
1788450843.461,driving,9.249,2.403,3.6,1,31,35,10.725,2.375,-3.4,1.476,1.626,0.3,0.0,1.5,2.09
1788450843.52,driving,9.259,2.403,3.6,2,32,35,10.775,2.375,-3.5,1.516,1.616,0.3,0.0,1.5,2.09
1788450843.58,driving,9.279,2.405,3.6,2,32,35,10.775,2.375,-3.5,1.496,1.596,0.3,0.0,1.5,2.06
1788450843.639,driving,9.29,2.405,3.6,2,32,35,10.775,2.375,-3.5,1.486,1.586,0.3,0.0,1.5,2.06
1788450843.696,driving,9.301,2.404,3.5,3,33,35,10.825,2.375,-3.5,1.524,1.574,0.3,0.0,1.5,2.03
1788450843.751,driving,9.304,2.402,3.5,3,33,35,10.825,2.375,-3.5,1.521,1.571,0.3,0.0,1.5,2.03
1788450843.803,driving,9.319,2.401,3.5,3,33,35,10.825,2.375,-3.5,1.507,1.557,0.3,0.0,1.5,2.0
1788450843.855,driving,9.329,2.402,3.5,3,33,35,10.825,2.375,-3.6,1.497,1.546,0.3,0.0,1.5,2.0
1788450843.908,driving,9.349,2.403,3.5,3,33,35,10.825,2.375,-3.6,1.476,1.526,0.3,0.0,1.5,1.97
1788450843.964,driving,9.359,2.404,3.5,4,34,35,10.875,2.375,-3.6,1.516,1.516,0.3,0.0,1.5,1.97
1788450844.017,driving,9.38,2.405,3.5,4,34,35,10.875,2.375,-3.6,1.496,1.496,0.3,0.0,1.5,1.95
1788450844.071,driving,9.39,2.406,3.5,4,34,35,10.875,2.375,-3.7,1.485,1.485,0.3,0.0,1.5,1.95
1788450844.126,driving,9.402,2.411,3.8,5,34,35,10.875,2.375,-4.0,1.474,1.474,0.3,0.0,1.5,1.92
1788450844.187,driving,9.405,2.415,4.1,0,29,30,10.875,2.375,-4.3,1.47,1.47,0.3,0.0,1.5,1.92
1788450844.25,driving,9.412,2.418,4.2,0,29,30,10.875,2.375,-4.4,1.463,1.463,0.3,0.0,1.5,1.89
1788450844.313,driving,9.433,2.419,4.2,0,29,30,10.875,2.375,-4.5,1.443,1.443,0.3,0.0,1.5,1.89
1788450844.373,driving,9.443,2.42,4.2,0,29,30,10.875,2.375,-4.5,1.433,1.433,0.3,0.0,1.5,1.86
1788450844.426,driving,9.463,2.421,4.2,1,29,30,10.875,2.375,-4.5,1.413,1.413,0.3,0.0,1.5,1.86
1788450844.478,driving,9.473,2.422,4.2,1,29,30,10.875,2.375,-4.6,1.403,1.403,0.3,0.0,1.5,1.83
1788450844.531,driving,9.494,2.424,4.2,1,29,30,10.875,2.375,-4.6,1.382,1.382,0.3,0.0,1.5,1.83
1788450844.584,driving,9.507,2.425,4.2,2,29,30,10.875,2.375,-4.7,1.369,1.369,0.3,0.0,1.5,1.8
1788450844.638,driving,9.536,2.428,4.4,2,29,30,10.875,2.375,-4.9,1.34,1.34,0.3,0.0,1.5,1.8
1788450844.694,driving,9.547,2.429,4.4,2,29,30,10.875,2.375,-5.0,1.329,1.329,0.3,0.0,1.5,1.78
1788450844.748,driving,9.568,2.431,4.4,3,29,30,10.875,2.375,-5.0,1.308,1.308,0.3,0.0,1.5,1.78
1788450844.802,driving,9.578,2.431,4.4,3,29,30,10.875,2.375,-5.1,1.298,1.298,0.3,0.0,1.5,1.75
1788450844.854,driving,9.598,2.433,4.4,3,29,30,10.875,2.375,-5.1,1.278,1.278,0.3,0.0,1.5,1.75
1788450844.908,driving,9.608,2.434,4.4,4,29,30,10.875,2.375,-5.2,1.268,1.268,0.3,0.0,1.5,1.72
1788450844.971,driving,9.629,2.435,4.4,4,29,30,10.875,2.375,-5.2,1.248,1.248,0.3,0.0,1.5,1.72
1788450845.037,driving,9.639,2.433,4.3,4,29,30,10.875,2.375,-5.2,1.237,1.237,0.3,0.0,1.5,1.69
1788450845.097,driving,9.659,2.427,4.1,5,29,30,10.875,2.375,-5.0,1.217,1.217,0.3,0.0,1.5,1.69
1788450845.154,driving,9.669,2.428,4.1,5,29,30,10.875,2.375,-5.0,1.207,1.207,0.3,0.0,1.5,1.66
1788450845.209,driving,9.68,2.428,4.1,0,24,25,10.875,2.375,-5.1,1.197,1.197,0.3,0.0,1.5,1.66
1788450845.266,driving,9.7,2.43,4.1,0,24,25,10.875,2.375,-5.1,1.176,1.176,0.3,0.0,1.5,1.64
1788450845.32,driving,9.71,2.431,4.1,1,24,25,10.875,2.375,-5.2,1.166,1.166,0.3,0.0,1.5,1.64
1788450845.374,driving,9.73,2.432,4.1,1,24,25,10.875,2.375,-5.2,1.146,1.146,0.3,0.0,1.5,1.61
1788450845.428,driving,9.741,2.433,4.1,1,24,25,10.875,2.375,-5.3,1.136,1.136,0.3,0.0,1.5,1.61
1788450845.483,driving,9.761,2.433,4.1,2,24,25,10.875,2.375,-5.3,1.116,1.116,0.3,0.0,1.5,1.58
1788450845.538,driving,9.771,2.433,4.1,2,24,25,10.875,2.375,-5.3,1.106,1.106,0.3,0.0,1.5,1.58
1788450845.592,driving,9.791,2.434,4.1,2,24,25,10.875,2.375,-5.4,1.086,1.086,0.3,0.0,1.5,1.55
1788450845.644,driving,9.801,2.435,4.1,3,24,25,10.875,2.375,-5.4,1.075,1.075,0.3,0.0,1.5,1.55
1788450845.7,driving,9.822,2.436,4.1,3,24,25,10.875,2.375,-5.5,1.055,1.055,0.3,0.0,1.5,1.53
1788450845.758,driving,9.832,2.437,4.1,3,24,25,10.875,2.375,-5.5,1.045,1.045,0.3,0.0,1.5,1.53
1788450845.826,driving,9.852,2.438,4.1,4,24,25,10.875,2.375,-5.6,1.025,1.025,0.3,0.0,1.5,1.5
1788450845.884,driving,9.862,2.439,4.1,4,24,25,10.875,2.375,-5.6,1.015,1.015,0.3,0.0,1.5,1.5
1788450845.949,driving,9.9,2.44,3.7,4,24,25,10.875,2.375,-5.3,0.977,0.977,0.3,0.0,1.5,1.47
1788450846.006,driving,9.923,2.441,3.4,5,24,25,10.875,2.375,-5.1,0.954,0.954,0.3,0.0,1.5,1.47
1788450846.061,driving,9.951,2.442,3.3,5,24,25,10.875,2.375,-5.0,0.927,0.927,0.3,0.0,1.5,1.44
1788450846.116,driving,9.961,2.442,3.3,6,24,25,10.875,2.375,-5.0,0.917,0.917,0.3,0.0,1.5,1.44
1788450846.171,driving,9.971,2.443,3.3,6,24,25,10.875,2.375,-5.1,0.907,0.907,0.3,0.0,1.5,1.42
1788450846.224,driving,9.991,2.444,3.3,0,18,19,10.875,2.375,-5.2,0.886,0.886,0.3,0.0,1.5,1.42
1788450846.278,driving,10.002,2.445,3.3,1,18,19,10.875,2.375,-5.2,0.876,0.876,0.3,0.0,1.5,1.39
1788450846.332,driving,10.022,2.446,3.3,1,18,19,10.875,2.375,-5.3,0.856,0.856,0.3,0.0,1.5,1.39
1788450846.384,driving,10.027,2.444,3.3,1,18,19,10.875,2.375,-5.4,0.851,0.851,0.3,0.0,1.5,1.36
1788450846.437,driving,10.031,2.439,3.3,1,18,19,10.875,2.375,-5.4,0.846,0.846,0.3,0.0,1.5,1.36
1788450846.493,driving,10.039,2.438,3.3,1,18,19,10.875,2.375,-5.5,0.839,0.839,0.3,0.0,1.5,1.33
1788450846.554,driving,10.059,2.439,3.3,2,18,19,10.875,2.375,-5.6,0.819,0.819,0.3,0.0,1.5,1.33
1788450846.614,driving,10.069,2.44,3.3,2,18,19,10.875,2.375,-5.6,0.808,0.808,0.3,0.0,1.5,1.31
1788450846.674,driving,10.09,2.441,3.3,2,18,19,10.875,2.375,-5.7,0.788,0.788,0.3,0.0,1.5,1.31
1788450846.731,driving,10.1,2.441,3.3,2,18,19,10.875,2.375,-5.7,0.778,0.778,0.3,0.0,1.5,1.28
1788450846.781,driving,10.12,2.443,3.3,3,18,19,10.875,2.375,-5.8,0.758,0.758,0.3,0.0,1.5,1.28
1788450846.835,driving,10.132,2.444,3.4,3,18,19,10.875,2.375,-5.9,0.747,0.747,0.3,0.0,1.5,1.26
1788450846.887,driving,10.155,2.446,3.5,4,18,19,10.875,2.375,-6.2,0.724,0.724,0.3,0.0,1.5,1.26
1788450846.941,driving,10.165,2.447,3.5,4,18,19,10.875,2.375,-6.2,0.713,0.713,0.3,0.0,1.5,1.23
1788450846.991,driving,10.186,2.448,3.5,4,18,19,10.875,2.375,-6.3,0.693,0.693,0.3,0.0,1.5,1.23
1788450847.046,driving,10.196,2.449,3.5,4,18,19,10.875,2.375,-6.4,0.683,0.683,0.3,0.0,1.5,1.2
1788450847.098,driving,10.206,2.449,3.5,5,18,19,10.875,2.375,-6.5,0.673,0.673,0.3,0.0,1.5,1.2
1788450847.155,driving,10.226,2.451,3.5,5,18,19,10.875,2.375,-6.6,0.653,0.653,0.298,0.0,1.5,1.18
1788450847.21,driving,10.237,2.451,3.5,5,18,19,10.875,2.375,-6.7,0.643,0.643,0.298,0.0,1.5,1.18
1788450847.27,driving,10.263,2.453,3.6,1,13,14,10.875,2.375,-6.9,0.617,0.617,0.295,0.0,1.5,1.15
1788450847.331,driving,10.28,2.455,3.8,1,13,14,10.875,2.375,-7.1,0.601,0.601,0.295,0.0,1.5,1.15
1788450847.392,driving,10.305,2.457,3.9,2,13,14,10.875,2.375,-7.3,0.576,0.576,0.293,0.0,1.5,1.13
1788450847.454,driving,10.315,2.458,3.9,2,13,14,10.875,2.375,-7.5,0.566,0.566,0.293,0.0,1.5,1.13
1788450847.512,driving,10.335,2.459,3.9,2,13,14,10.875,2.375,-7.6,0.546,0.546,0.291,0.0,1.5,1.1
1788450847.562,driving,10.345,2.46,3.9,2,13,14,10.875,2.375,-7.7,0.537,0.537,0.291,0.0,1.5,1.1
1788450847.618,driving,10.365,2.461,3.9,3,13,14,10.875,2.375,-7.9,0.517,0.517,0.288,0.0,1.5,1.08
1788450847.669,driving,10.375,2.462,3.9,3,13,14,10.875,2.375,-8.0,0.508,0.508,0.288,0.0,1.5,1.08
1788450847.722,driving,10.399,2.462,3.8,3,13,14,10.875,2.375,-8.1,0.484,0.484,0.286,0.0,1.5,1.05
1788450847.773,driving,10.412,2.462,3.7,4,13,14,10.875,2.375,-8.2,0.471,0.471,0.286,0.0,1.5,1.05
1788450847.826,driving,10.434,2.463,3.7,4,13,14,10.875,2.375,-8.3,0.45,0.45,0.284,0.0,1.5,1.03
1788450847.88,driving,10.443,2.464,3.7,4,13,14,10.875,2.375,-8.5,0.441,0.441,0.284,0.0,1.5,1.03
1788450847.935,driving,10.462,2.465,3.7,5,13,14,10.875,2.375,-8.7,0.422,0.422,0.282,0.0,1.5,1.0
1788450847.987,driving,10.472,2.466,3.7,5,13,14,10.875,2.375,-8.9,0.413,0.413,0.282,0.0,1.5,1.0
1788450848.047,driving,10.482,2.466,3.7,5,13,14,10.875,2.375,-9.1,0.404,0.404,0.279,0.0,1.5,0.98
1788450848.106,driving,10.501,2.468,3.7,5,13,14,10.875,2.375,-9.3,0.385,0.385,0.279,0.0,1.5,0.98
1788450848.17,driving,10.513,2.467,3.6,6,13,14,10.875,2.375,-9.4,0.374,0.374,0.277,0.0,1.5,0.96
1788450848.232,driving,10.542,2.464,3.2,6,13,14,10.875,2.375,-9.2,0.345,0.345,0.259,0.0,1.5,0.96
1788450848.294,driving,10.553,2.464,3.1,1,7,8,10.875,2.375,-9.4,0.334,0.334,0.25,0.0,1.5,0.94
1788450848.35,driving,10.571,2.465,3.1,1,7,8,10.875,2.375,-9.6,0.317,0.317,0.238,0.0,1.5,0.94
1788450848.404,driving,10.579,2.465,3.1,1,7,8,10.875,2.375,-9.9,0.309,0.309,0.232,0.0,1.5,0.92
1788450848.458,driving,10.595,2.466,3.1,1,7,8,10.875,2.375,-10.2,0.294,0.294,0.221,0.0,1.5,0.92
1788450848.512,driving,10.603,2.467,3.1,2,7,8,10.875,2.375,-10.4,0.287,0.287,0.22,0.0,1.5,0.9
1788450848.565,driving,10.618,2.467,3.1,2,7,8,10.875,2.375,-10.8,0.273,0.273,0.22,0.0,1.5,0.9
1788450848.618,driving,10.624,2.466,3.0,2,7,8,10.875,2.375,-10.9,0.268,0.268,0.22,0.0,1.5,0.88
1788450848.674,driving,10.632,2.463,2.5,2,7,8,10.875,2.375,-10.8,0.258,0.258,0.22,0.0,1.5,0.88
1788450848.728,driving,10.639,2.463,2.5,2,7,8,10.875,2.375,-11.0,0.252,0.252,0.22,0.0,1.5,0.86
1788450848.781,driving,10.654,2.464,2.5,3,7,8,10.875,2.375,-11.4,0.238,0.238,0.22,0.0,1.5,0.86
1788450848.838,driving,10.662,2.464,2.5,3,7,8,10.875,2.375,-11.7,0.231,0.231,0.22,0.0,1.5,0.85
1788450848.898,driving,10.677,2.465,2.5,3,7,8,10.875,2.375,-12.1,0.218,0.218,0.22,0.0,1.5,0.85
1788450848.96,driving,10.684,2.465,2.5,3,7,8,10.875,2.375,-12.5,0.211,0.211,0.22,0.0,1.5,0.84
1788450849.019,driving,10.692,2.465,2.5,3,7,8,10.875,2.375,-12.9,0.204,0.204,0.22,0.0,1.5,0.84
1788450849.079,driving,10.703,2.466,2.5,3,7,8,10.875,2.375,-13.3,0.195,0.195,0.22,0.0,1.5,0.83
1788450849.131,driving,10.706,2.466,2.6,3,7,8,10.875,2.375,-13.8,0.192,0.192,0.22,0.0,1.5,0.83
1788450849.188,driving,10.718,2.467,2.6,4,7,8,10.875,2.375,-14.3,0.182,0.182,0.22,0.0,1.5,0.82
1788450849.243,driving,10.725,2.467,2.6,4,7,8,10.875,2.375,-14.8,0.176,0.176,0.22,0.0,1.5,0.82
1788450849.298,driving,10.74,2.468,2.6,0,3,4,10.875,2.375,-15.3,0.164,0.164,0.22,0.0,1.5,0.81
1788450849.356,driving,10.748,2.468,2.6,0,3,4,10.875,2.375,-15.9,0.158,0.158,0.22,0.0,1.5,0.81
1788450850.931,turning,10.834,2.458,2.0,0,21,22,11.375,3.475,60.0,1.152,1.152,0.0,3.143,1.5,0.8
1788450850.983,turning,10.834,2.458,2.0,0,21,22,11.375,3.475,60.0,1.152,1.152,0.0,3.143,1.5,0.8
1788450851.039,turning,10.834,2.458,5.2,0,21,22,11.375,3.475,56.8,1.152,1.152,0.0,2.974,1.5,0.86
1788450851.095,turning,10.834,2.458,6.9,0,21,22,11.375,3.475,55.1,1.152,1.152,0.0,2.886,1.5,0.86
1788450851.15,turning,10.834,2.458,9.8,0,21,22,11.375,3.475,52.2,1.152,1.152,0.0,2.731,1.5,2.48
1788450851.207,turning,10.834,2.458,11.2,0,21,22,11.375,3.475,50.8,1.152,1.152,0.0,2.659,1.5,2.48
1788450851.268,turning,10.834,2.458,13.6,0,21,22,11.375,3.475,48.4,1.152,1.152,0.0,2.534,1.5,2.34
1788450851.329,turning,10.834,2.458,14.7,0,21,22,11.375,3.475,47.3,1.152,1.152,0.0,2.475,1.5,2.34
1788450851.388,turning,10.834,2.458,16.6,0,21,22,11.375,3.475,45.4,1.152,1.152,0.0,2.4,1.5,2.24
1788450851.446,turning,10.834,2.458,17.5,0,21,22,11.375,3.475,44.5,1.152,1.152,0.0,2.4,1.5,2.24
1788450851.505,turning,10.834,2.458,19.2,0,21,22,11.375,3.475,42.8,1.152,1.152,0.0,2.4,1.5,2.17
1788450851.558,turning,10.834,2.458,20.0,0,21,22,11.375,3.475,42.0,1.152,1.152,0.0,2.4,1.5,2.17
1788450851.614,turning,10.834,2.458,21.6,0,21,22,11.375,3.475,40.4,1.152,1.152,0.0,2.4,1.5,2.12
1788450851.669,turning,10.833,2.457,22.3,0,21,22,11.375,3.475,39.7,1.153,1.153,0.0,2.4,1.5,2.12
1788450851.725,turning,10.833,2.457,23.9,0,21,22,11.375,3.475,38.1,1.153,1.153,0.0,2.4,1.5,2.07
1788450851.781,turning,10.833,2.457,24.7,0,21,22,11.375,3.475,37.3,1.153,1.153,0.0,2.4,1.5,2.07
1788450851.834,turning,10.835,2.458,25.5,0,21,22,11.375,3.475,36.5,1.151,1.151,0.0,2.4,1.5,2.05
1788450851.889,turning,10.844,2.463,27.3,0,21,22,11.375,3.475,34.7,1.143,1.143,0.0,2.4,1.5,2.05
1788450851.943,turning,10.846,2.464,28.2,0,21,22,11.375,3.475,33.9,1.141,1.141,0.0,2.4,1.5,2.04
1788450852.003,turning,10.846,2.464,29.8,0,21,22,11.375,3.475,32.2,1.141,1.141,0.0,2.4,1.5,2.04
1788450852.065,turning,10.846,2.464,30.6,0,21,22,11.375,3.475,31.4,1.141,1.141,0.0,2.4,1.5,2.05
1788450852.124,turning,10.846,2.464,32.2,0,21,22,11.375,3.475,29.8,1.141,1.141,0.0,2.4,1.5,2.05
1788450852.185,turning,10.845,2.464,33.1,0,21,22,11.375,3.475,29.0,1.142,1.142,0.0,2.4,1.5,2.04
1788450852.241,turning,10.843,2.461,34.7,0,21,22,11.375,3.475,27.3,1.145,1.145,0.0,2.4,1.5,2.04
1788450852.29,turning,10.842,2.461,35.6,0,21,22,11.375,3.475,26.5,1.145,1.145,0.0,2.4,1.5,2.05
1788450852.345,turning,10.842,2.461,37.2,0,21,22,11.375,3.475,24.9,1.145,1.145,0.0,2.4,1.5,2.05
1788450852.399,turning,10.842,2.461,38.0,0,21,22,11.375,3.475,24.1,1.145,1.145,0.0,2.4,1.5,2.05
1788450852.451,turning,10.842,2.461,39.6,0,21,22,11.375,3.475,22.4,1.145,1.145,0.0,2.4,1.5,2.05
1788450852.508,turning,10.844,2.462,40.6,0,21,22,11.375,3.475,21.5,1.144,1.144,0.0,2.4,1.5,2.04
1788450852.561,turning,10.848,2.465,42.6,0,21,22,11.375,3.475,19.5,1.139,1.139,0.0,2.4,1.5,2.04
1788450852.615,turning,10.848,2.465,43.4,0,21,22,11.375,3.475,18.7,1.139,1.139,0.0,2.4,1.5,2.04
1788450852.665,turning,10.848,2.465,45.0,0,21,22,11.375,3.475,17.1,1.139,1.139,0.0,2.4,1.5,2.04
1788450852.725,turning,10.848,2.465,45.9,0,21,22,11.375,3.475,16.2,1.139,1.139,0.0,2.4,1.5,2.05
1788450852.779,turning,10.848,2.465,46.7,0,21,22,11.375,3.475,15.4,1.139,1.139,0.0,2.4,1.5,2.05
1788450852.843,turning,10.843,2.467,48.3,0,21,22,11.375,3.475,13.8,1.14,1.14,0.0,2.4,1.5,1.85
1788450852.9,turning,10.837,2.469,49.1,0,21,22,11.375,3.475,13.0,1.141,1.141,0.0,2.4,1.5,1.85
1788450852.965,turning,10.832,2.47,50.7,0,21,22,11.375,3.475,11.4,1.142,1.142,0.0,2.4,1.5,1.84
1788450853.023,turning,10.832,2.47,51.5,0,21,22,11.375,3.475,10.5,1.142,1.142,0.0,2.4,1.5,1.84
1788450853.076,turning,10.832,2.47,53.2,0,21,22,11.375,3.475,8.9,1.142,1.142,0.0,2.4,1.5,1.84
1788450853.13,turning,10.832,2.47,54.0,0,21,22,11.375,3.475,8.1,1.142,1.142,0.0,2.4,1.5,1.84
1788450853.185,turning,10.832,2.473,55.6,0,21,22,11.375,3.475,6.4,1.14,1.14,0.0,2.4,1.5,1.85
1788450853.24,turning,10.831,2.476,56.4,0,21,22,11.375,3.475,5.6,1.138,1.138,0.0,2.4,1.5,1.85
1788450853.297,driving,10.831,2.477,58.0,0,21,22,11.375,3.475,4.0,1.136,1.136,0.3,0.0,1.5,1.85
1788450853.357,driving,10.831,2.477,58.8,0,21,22,11.375,3.475,3.2,1.136,1.136,0.3,0.0,1.5,1.85
1788450853.413,driving,10.832,2.48,59.1,0,21,22,11.375,3.475,2.9,1.134,1.134,0.3,0.0,1.5,1.85
1788450853.469,driving,10.834,2.483,59.1,0,21,22,11.375,3.475,2.9,1.13,1.13,0.3,0.0,1.5,1.85
1788450853.528,driving,10.835,2.494,58.8,0,21,22,11.375,3.475,3.1,1.12,1.12,0.3,0.0,1.5,1.84
1788450853.584,driving,10.835,2.502,58.6,1,21,22,11.375,3.475,3.3,1.113,1.113,0.3,0.0,1.5,1.84
1788450853.645,driving,10.843,2.519,58.5,1,21,22,11.375,3.475,3.4,1.094,1.094,0.3,0.0,1.5,1.82
1788450853.703,driving,10.848,2.528,58.5,1,21,22,11.375,3.475,3.4,1.084,1.084,0.3,0.0,1.5,1.82
1788450853.771,driving,10.854,2.537,58.5,1,21,22,11.375,3.475,3.3,1.073,1.073,0.3,0.0,1.5,1.79
1788450853.83,driving,10.864,2.554,58.5,2,21,22,11.375,3.475,3.3,1.053,1.053,0.3,0.0,1.5,1.79
1788450853.886,driving,10.871,2.565,58.6,2,21,22,11.375,3.475,3.2,1.04,1.04,0.3,0.0,1.5,1.77
1788450853.944,driving,10.888,2.591,59.1,2,21,22,11.375,3.475,2.7,1.009,1.009,0.3,0.0,1.5,1.77
1788450853.998,driving,10.894,2.602,59.2,3,21,22,11.375,3.475,2.6,0.997,0.997,0.3,0.0,1.5,1.74
1788450854.06,driving,10.905,2.619,59.2,0,17,18,11.375,3.475,2.5,0.976,0.976,0.3,0.0,1.5,1.74
1788450854.12,driving,10.91,2.628,59.2,0,17,18,11.375,3.475,2.5,0.966,0.966,0.3,0.0,1.5,1.71
1788450854.178,driving,10.92,2.646,59.2,1,17,18,11.375,3.475,2.5,0.946,0.946,0.3,0.0,1.5,1.71
1788450854.239,driving,10.926,2.654,59.2,1,17,18,11.375,3.475,2.5,0.936,0.936,0.3,0.0,1.5,1.69
1788450854.296,driving,10.936,2.672,59.2,1,17,18,11.375,3.475,2.5,0.915,0.915,0.3,0.0,1.5,1.69
1788450854.356,driving,10.941,2.681,59.2,2,17,18,11.375,3.475,2.5,0.905,0.905,0.3,0.0,1.5,1.66
1788450854.423,driving,10.952,2.698,59.2,2,17,18,11.375,3.475,2.5,0.885,0.885,0.3,0.0,1.5,1.66
1788450854.495,driving,10.956,2.705,59.3,2,17,18,11.375,3.475,2.4,0.877,0.877,0.3,0.0,1.5,1.64
1788450854.565,driving,10.965,2.716,59.5,2,17,18,11.375,3.475,2.2,0.863,0.863,0.3,0.0,1.5,1.64
1788450854.622,driving,10.97,2.724,59.5,2,17,18,11.375,3.475,2.2,0.853,0.853,0.3,0.0,1.5,1.61
1788450854.676,driving,10.981,2.742,59.5,3,17,18,11.375,3.475,2.2,0.832,0.832,0.3,0.0,1.5,1.61
1788450854.734,driving,10.986,2.751,59.5,3,17,18,11.375,3.475,2.2,0.822,0.822,0.3,0.0,1.5,1.59
1788450854.79,driving,10.991,2.76,59.5,3,17,18,11.375,3.475,2.2,0.812,0.812,0.3,0.0,1.5,1.59
1788450854.845,driving,11.001,2.777,59.5,3,17,18,11.375,3.475,2.2,0.792,0.792,0.3,0.0,1.5,1.56
1788450854.898,driving,11.007,2.786,59.5,4,17,18,11.375,3.475,2.2,0.781,0.781,0.3,0.0,1.5,1.56
1788450854.953,driving,11.019,2.802,59.3,4,17,18,11.375,3.475,2.5,0.762,0.762,0.3,0.0,1.5,1.53
1788450855.007,driving,11.027,2.808,59.0,4,17,18,11.375,3.475,2.7,0.752,0.752,0.3,0.0,1.5,1.53
1788450855.064,driving,11.039,2.824,58.8,0,13,14,11.375,3.475,2.9,0.732,0.732,0.3,0.0,1.5,1.51
1788450855.119,driving,11.044,2.833,58.8,0,13,14,11.375,3.475,3.0,0.722,0.722,0.3,0.0,1.5,1.51
1788450855.183,driving,11.055,2.85,58.8,1,13,14,11.375,3.475,3.0,0.702,0.702,0.3,0.0,1.5,1.48
1788450855.243,driving,11.06,2.859,58.8,1,13,14,11.375,3.475,3.0,0.692,0.692,0.3,0.0,1.5,1.48
1788450855.304,driving,11.071,2.876,58.8,1,13,14,11.375,3.475,3.0,0.671,0.671,0.3,0.0,1.5,1.46
1788450855.363,driving,11.076,2.885,58.8,2,13,14,11.375,3.475,3.1,0.661,0.661,0.3,0.0,1.5,1.46
1788450855.417,driving,11.089,2.904,58.6,2,13,14,11.375,3.475,3.3,0.638,0.638,0.3,0.0,1.5,1.43
1788450855.471,driving,11.096,2.914,58.5,2,13,14,11.375,3.475,3.5,0.626,0.626,0.3,0.0,1.5,1.43
1788450855.524,driving,11.108,2.933,58.4,3,13,14,11.375,3.475,3.6,0.605,0.605,0.3,0.0,1.5,1.41
1788450855.577,driving,11.113,2.941,58.4,3,13,14,11.375,3.475,3.7,0.595,0.595,0.3,0.0,1.5,1.41
1788450855.635,driving,11.124,2.959,58.4,3,13,14,11.375,3.475,3.7,0.574,0.574,0.3,0.0,1.5,1.38
1788450855.689,driving,11.129,2.967,58.4,3,13,14,11.375,3.475,3.8,0.564,0.564,0.3,0.0,1.5,1.38
1788450855.744,driving,11.135,2.976,58.4,4,13,14,11.375,3.475,3.8,0.554,0.554,0.3,0.0,1.5,1.36
1788450855.797,driving,11.145,2.993,58.4,4,13,14,11.375,3.475,3.9,0.534,0.534,0.3,0.0,1.5,1.36
1788450855.851,driving,11.15,3.005,58.5,4,13,14,11.375,3.475,3.9,0.521,0.521,0.3,0.0,1.5,1.34
1788450855.908,driving,11.157,3.034,58.7,5,13,14,11.375,3.475,3.6,0.492,0.492,0.3,0.0,1.5,1.34
1788450855.972,driving,11.161,3.045,58.8,5,13,14,11.375,3.475,3.6,0.48,0.48,0.3,0.0,1.5,1.31
1788450856.031,driving,11.172,3.062,58.8,6,13,14,11.375,3.475,3.6,0.46,0.46,0.3,0.0,1.5,1.31
1788450856.09,driving,11.177,3.071,58.8,0,8,9,11.375,3.475,3.7,0.45,0.45,0.3,0.0,1.5,1.29
1788450856.148,driving,11.188,3.088,58.8,0,8,9,11.375,3.475,3.7,0.43,0.43,0.3,0.0,1.5,1.29
1788450856.202,driving,11.193,3.097,58.8,1,8,9,11.375,3.475,3.8,0.419,0.419,0.3,0.0,1.5,1.27
1788450856.261,driving,11.204,3.115,58.8,1,8,9,11.375,3.475,3.8,0.399,0.399,0.299,0.0,1.5,1.27
1788450856.312,driving,11.215,3.125,58.7,1,8,9,11.375,3.475,4.0,0.385,0.385,0.289,0.0,1.5,1.26
1788450856.365,driving,11.241,3.146,58.3,2,8,9,11.375,3.475,4.5,0.355,0.355,0.267,0.0,1.5,1.26
1788450856.416,driving,11.247,3.155,58.3,2,8,9,11.375,3.475,4.6,0.345,0.345,0.259,0.0,1.5,1.3
1788450856.473,driving,11.257,3.17,58.3,2,8,9,11.375,3.475,4.8,0.327,0.327,0.245,0.0,1.5,1.3
1788450856.528,driving,11.261,3.177,58.3,3,8,9,11.375,3.475,4.9,0.319,0.319,0.239,0.0,1.5,1.28
1788450856.58,driving,11.27,3.192,58.3,3,8,9,11.375,3.475,5.1,0.302,0.302,0.227,0.0,1.5,1.28
1788450856.634,driving,11.274,3.198,58.3,3,8,9,11.375,3.475,5.3,0.294,0.294,0.221,0.0,1.5,1.25
1788450856.688,driving,11.278,3.205,58.3,3,8,9,11.375,3.475,5.4,0.287,0.287,0.22,0.0,1.5,1.25
1788450856.749,driving,11.284,3.215,58.5,3,8,9,11.375,3.475,5.4,0.275,0.275,0.22,0.0,1.5,1.23
1788450856.817,driving,11.286,3.219,58.7,4,8,9,11.375,3.475,5.4,0.271,0.271,0.22,0.0,1.5,1.23
1788450856.882,driving,11.292,3.229,58.9,4,8,9,11.375,3.475,5.4,0.26,0.26,0.22,0.0,1.5,1.21
1788450856.944,driving,11.296,3.235,58.9,4,8,9,11.375,3.475,5.6,0.253,0.253,0.22,0.0,1.5,1.21
1788450857.008,driving,11.304,3.248,58.9,4,8,9,11.375,3.475,5.8,0.238,0.238,0.22,0.0,1.5,1.18
1788450857.061,driving,11.307,3.254,58.9,4,8,9,11.375,3.475,6.0,0.231,0.231,0.22,0.0,1.5,1.18
1788450857.119,driving,11.315,3.267,58.9,0,4,5,11.375,3.475,6.2,0.216,0.216,0.22,0.0,1.5,1.16
1788450857.176,driving,11.319,3.274,58.9,0,4,5,11.375,3.475,6.4,0.209,0.209,0.22,0.0,1.5,1.16
1788450857.228,driving,11.327,3.286,58.9,0,4,5,11.375,3.475,6.7,0.195,0.195,0.22,0.0,1.5,1.14
1788450857.283,driving,11.331,3.293,58.9,0,4,5,11.375,3.475,7.0,0.187,0.187,0.22,0.0,1.5,1.14
1788450857.339,driving,11.339,3.3,58.7,1,4,5,11.375,3.475,7.4,0.179,0.179,0.22,0.0,1.5,1.12
1788450857.392,driving,11.343,3.302,58.6,1,4,5,11.375,3.475,7.8,0.176,0.176,0.22,0.0,1.5,1.12
1788450857.45,driving,11.351,3.311,58.6,1,4,5,11.375,3.475,8.3,0.165,0.165,0.22,0.0,1.5,1.1
1788450857.511,driving,11.355,3.318,58.6,1,4,5,11.375,3.475,8.7,0.158,0.158,0.22,0.0,1.5,1.1
1788450857.574,goal_approach,11.363,3.331,58.6,4,4,5,11.375,3.475,26.7,0.145,0.145,0.0,2.4,,1.08
1788450857.634,goal_approach,11.367,3.337,58.6,4,4,5,11.375,3.475,28.1,0.138,0.138,0.0,2.4,,1.08
1788450857.688,goal_approach,11.368,3.338,59.3,4,4,5,11.375,3.475,27.6,0.137,0.137,0.0,2.4,,1.06
1788450857.74,goal_approach,11.368,3.338,60.9,4,4,5,11.375,3.475,25.9,0.137,0.137,0.0,2.4,,1.06
1788450857.798,goal_approach,11.368,3.338,61.8,4,4,5,11.375,3.475,25.1,0.137,0.137,0.0,2.4,,1.05
1788450857.851,goal_approach,11.368,3.338,63.4,4,4,5,11.375,3.475,23.5,0.137,0.137,0.0,2.4,,1.05
1788450857.904,goal_approach,11.368,3.338,64.2,4,4,5,11.375,3.475,22.7,0.137,0.137,0.0,2.4,,1.06
1788450857.958,goal_approach,11.368,3.338,65.8,4,4,5,11.375,3.475,21.0,0.137,0.137,0.0,2.4,,1.06
1788450858.015,goal_approach,11.368,3.339,66.8,4,4,5,11.375,3.475,20.1,0.137,0.137,0.0,2.4,,1.06
1788450858.069,goal_approach,11.367,3.341,69.0,4,4,5,11.375,3.475,17.7,0.134,0.134,0.0,2.4,,1.06
1788450858.125,goal_approach,11.367,3.341,69.9,3,3,4,11.375,3.475,16.7,0.134,0.134,0.0,2.4,,1.06
1788450858.18,goal_approach,11.367,3.341,71.5,3,3,4,11.375,3.475,15.1,0.134,0.134,0.0,2.4,,1.06
1788450858.236,goal_approach,11.367,3.341,72.3,3,3,4,11.375,3.475,14.3,0.134,0.134,0.0,2.4,,1.05
1788450859.815,turning,11.372,3.345,80.6,0,30,128,9.875,3.629,88.7,1.524,3.536,0.0,4.5,1.5,1.05
1788450859.879,turning,11.372,3.345,80.6,0,30,128,9.875,3.629,88.7,1.524,3.536,0.0,4.5,1.5,1.05
1788450859.941,turning,11.372,3.346,80.6,0,30,128,9.875,3.629,88.7,1.524,3.535,0.0,4.5,1.5,1.05
1788450860.005,turning,11.372,3.348,80.6,0,30,128,9.875,3.629,88.7,1.523,3.533,0.0,4.5,1.5,1.05
1788450860.061,turning,11.374,3.357,80.6,0,30,128,9.875,3.629,88.7,1.523,3.524,0.0,4.5,1.5,1.05
1788450860.113,turning,11.375,3.364,80.6,0,30,128,9.875,3.629,88.7,1.523,3.517,0.0,4.5,1.5,1.04
1788450860.169,turning,11.377,3.377,80.6,0,30,128,9.875,3.629,88.7,1.523,3.503,0.0,4.5,1.5,1.04
1788450860.223,turning,11.378,3.384,80.6,0,30,128,9.875,3.629,88.8,1.523,3.497,0.0,4.5,1.5,1.02
1788450860.276,turning,11.381,3.397,80.6,0,30,128,9.875,3.629,88.8,1.523,3.483,0.0,4.5,1.5,1.02
1788450860.328,turning,11.382,3.404,80.6,0,30,128,9.875,3.629,88.9,1.523,3.476,0.0,4.5,1.5,1.0
1788450860.378,turning,11.384,3.418,80.6,0,30,128,9.875,3.629,88.9,1.524,3.463,0.0,4.5,1.5,1.0
1788450860.432,turning,11.385,3.424,80.6,0,30,128,9.875,3.629,89.0,1.524,3.456,0.0,4.5,1.5,0.99
1788450860.485,turning,11.386,3.431,80.6,0,30,128,9.875,3.629,89.1,1.524,3.449,0.0,4.5,1.5,0.99
1788450860.542,turning,11.388,3.444,80.6,0,30,128,9.875,3.629,89.2,1.525,3.436,0.0,4.5,1.5,0.97
1788450860.597,turning,11.39,3.451,80.6,1,31,128,9.825,3.633,89.3,1.575,3.429,0.0,4.5,1.5,0.97
1788450860.66,turning,11.392,3.464,80.6,1,31,128,9.825,3.633,89.4,1.576,3.415,0.0,4.5,1.5,0.95
1788450860.723,turning,11.393,3.471,80.6,1,31,128,9.825,3.633,89.5,1.576,3.409,0.0,4.5,1.5,0.95
1788450860.783,turning,11.395,3.485,80.6,1,31,128,9.825,3.633,89.6,1.577,3.395,0.0,4.5,1.5,0.93
1788450860.839,turning,11.396,3.491,80.6,0,30,69,11.375,4.975,87.6,1.484,3.388,0.0,4.5,1.5,0.93
1788450860.894,turning,11.398,3.505,80.6,1,31,69,11.375,5.025,85.7,1.52,3.375,0.0,4.5,1.5,0.91
1788450860.948,turning,11.4,3.511,80.6,1,31,69,11.375,5.025,83.8,1.514,3.368,0.0,4.5,1.5,0.91
1788450861.004,turning,11.402,3.525,80.6,1,31,69,11.375,5.025,82.0,1.5,3.355,0.0,4.5,1.5,0.9
1788450861.059,turning,11.403,3.532,80.6,1,31,69,11.375,5.025,80.3,1.494,3.348,0.0,4.5,1.5,0.9
1788450861.115,turning,11.41,3.545,80.3,1,31,69,11.375,5.025,78.8,1.48,3.334,0.0,4.5,1.5,0.87
1788450861.169,turning,11.415,3.552,80.1,2,32,69,11.375,5.075,77.4,1.523,3.327,0.0,4.5,1.5,0.87
1788450861.222,turning,11.419,3.566,80.0,2,32,69,11.375,5.075,75.9,1.51,3.313,0.0,4.5,1.5,0.85
1788450861.278,turning,11.421,3.572,80.0,2,32,69,11.375,5.075,74.3,1.503,3.306,0.0,4.5,1.5,0.85
1788450861.359,turning,11.423,3.586,80.0,2,32,69,11.375,5.075,72.7,1.49,3.293,0.0,4.5,1.5,0.84
1788450861.427,turning,11.424,3.593,80.0,2,32,69,11.375,5.075,71.2,1.483,3.286,0.0,4.5,1.5,0.84
1788450861.492,turning,11.425,3.599,80.0,2,32,69,11.375,5.075,69.8,1.477,3.279,0.0,4.5,1.5,0.82
1788450861.556,turning,11.428,3.613,80.0,3,33,69,11.375,5.125,68.4,1.513,3.266,0.0,4.5,1.5,0.82
1788450861.613,turning,11.429,3.619,80.0,3,33,69,11.375,5.125,67.0,1.507,3.259,0.0,4.5,1.5,0.79
1788450861.667,turning,11.429,3.621,81.6,3,33,69,11.375,5.125,64.0,1.505,3.257,0.0,4.5,1.5,0.79
1788450861.724,turning,11.429,3.621,82.5,3,33,69,11.375,5.125,61.8,1.505,3.257,0.0,4.5,1.5,0.79
1788450861.779,turning,11.429,3.621,84.4,3,33,69,11.375,5.125,58.6,1.505,3.257,0.0,4.445,1.5,0.79
1788450861.83,turning,11.43,3.62,85.3,0,30,66,11.375,5.125,56.4,1.506,3.258,0.0,4.398,1.5,0.79
1788450861.884,turning,11.431,3.615,87.0,0,30,66,11.375,5.125,53.4,1.511,3.263,0.0,4.305,1.5,0.79
1788450861.937,turning,11.432,3.615,88.0,0,30,66,11.375,5.125,51.3,1.511,3.264,0.0,4.257,1.5,0.79
1788450861.991,turning,11.432,3.615,88.2,0,30,66,11.375,5.125,50.0,1.511,3.264,0.0,4.247,1.5,0.79
1788450862.045,turning,11.432,3.615,88.2,0,30,66,11.375,5.125,48.8,1.511,3.264,0.0,4.247,1.5,0.79
1788450862.096,turning,11.432,3.615,88.2,0,30,66,11.375,5.125,47.7,1.511,3.264,0.0,4.247,1.5,0.79
1788450862.152,turning,11.432,3.615,88.2,0,30,66,11.375,5.125,46.7,1.511,3.264,0.0,4.247,1.5,0.79
1788450862.215,turning,11.432,3.615,88.2,0,30,66,11.375,5.125,45.6,1.511,3.264,0.0,4.247,1.5,0.79
1788450862.278,turning,11.432,3.615,88.2,0,30,66,11.375,5.125,44.6,1.511,3.264,0.0,4.247,1.5,0.79
1788450862.34,turning,11.432,3.615,88.2,0,30,66,11.375,5.125,43.6,1.511,3.264,0.0,4.247,1.5,0.79
1788450862.395,turning,11.432,3.614,88.3,0,30,66,11.375,5.125,42.4,1.512,3.264,0.0,4.239,1.5,0.79
1788450862.449,turning,11.433,3.613,88.5,0,30,66,11.375,5.125,41.3,1.513,3.265,0.0,4.23,1.5,0.79
1788450862.506,turning,11.433,3.613,88.6,0,30,66,11.375,5.125,40.2,1.514,3.266,0.0,4.222,1.5,0.79
1788450862.559,turning,11.433,3.613,88.6,0,30,66,11.375,5.125,39.3,1.514,3.266,0.0,4.222,1.5,0.79
1788450862.61,turning,11.433,3.613,88.6,0,30,66,11.375,5.125,38.5,1.514,3.266,0.0,4.222,1.5,0.79
1788450862.662,turning,11.433,3.613,88.6,0,30,66,11.375,5.125,37.6,1.514,3.266,0.0,4.222,1.5,0.79
1788450862.711,turning,11.433,3.613,88.6,0,30,66,11.375,5.125,36.8,1.514,3.266,0.0,4.222,1.5,0.79
1788450862.763,turning,11.433,3.613,88.6,0,30,66,11.375,5.125,35.9,1.514,3.266,0.0,4.222,1.5,0.79
1788450862.816,turning,11.433,3.613,88.6,0,30,66,11.375,5.125,35.1,1.514,3.266,0.0,4.222,1.5,0.79
1788450862.868,turning,11.433,3.613,88.6,0,30,129,9.925,3.661,36.5,1.509,3.266,0.0,4.222,1.5,0.79
1788450862.923,turning,11.433,3.613,88.6,0,30,129,9.925,3.661,37.8,1.509,3.266,0.0,4.222,1.5,0.79
1788450862.976,turning,11.433,3.613,88.6,0,30,129,9.925,3.661,39.1,1.509,3.266,0.0,4.222,1.5,0.79
1788450863.039,turning,11.433,3.613,88.6,0,30,129,9.925,3.661,40.3,1.509,3.266,0.0,4.222,1.5,0.79
1788450863.095,turning,11.433,3.613,88.6,0,30,129,9.925,3.661,41.5,1.509,3.266,0.0,4.222,1.5,0.79
1788450863.152,turning,11.433,3.613,88.6,0,30,129,9.925,3.661,42.7,1.509,3.266,0.0,4.222,1.5,0.79
1788450863.206,turning,11.433,3.613,88.6,0,30,129,9.925,3.661,43.9,1.509,3.266,0.0,4.222,1.5,0.79
1788450863.26,turning,11.433,3.613,88.6,0,30,129,9.925,3.661,45.0,1.509,3.266,0.0,4.222,1.5,0.79
1788450863.311,turning,11.433,3.613,88.6,0,30,129,9.925,3.661,46.1,1.509,3.266,0.0,4.222,1.5,0.79
1788450863.364,turning,11.433,3.613,88.6,0,30,129,9.925,3.661,47.2,1.509,3.266,0.0,4.222,1.5,0.79
1788450863.415,turning,11.433,3.613,88.6,0,30,129,9.925,3.661,48.2,1.509,3.266,0.0,4.222,1.5,0.79
1788450863.47,turning,11.433,3.613,88.6,0,30,129,9.925,3.661,49.2,1.509,3.266,0.0,4.222,1.5,0.79
1788450863.522,turning,11.433,3.613,88.6,0,30,129,9.925,3.661,50.2,1.509,3.266,0.0,4.222,1.5,0.79
1788450863.575,turning,11.433,3.613,88.6,0,30,129,9.925,3.661,51.2,1.509,3.266,0.0,4.222,1.5,0.79
1788450863.627,turning,11.433,3.613,88.6,0,30,129,9.925,3.661,52.2,1.509,3.266,0.0,4.222,1.5,0.79
1788450863.678,turning,11.433,3.613,88.6,0,30,129,9.925,3.661,53.1,1.509,3.266,0.0,4.222,1.5,0.79
1788450863.74,turning,11.433,3.613,88.6,0,30,129,9.925,3.661,54.0,1.509,3.266,0.0,4.222,1.5,0.79
1788450863.799,turning,11.433,3.613,88.6,0,30,129,9.925,3.661,54.9,1.509,3.266,0.0,4.222,1.5,0.79
1788450863.858,turning,11.433,3.613,88.6,0,30,129,9.925,3.661,55.7,1.509,3.266,0.0,4.222,1.5,0.79
1788450863.918,turning,11.433,3.613,88.6,0,30,66,11.375,5.125,54.4,1.514,3.266,0.0,4.222,1.5,0.79
1788450863.973,turning,11.433,3.613,88.6,0,30,66,11.375,5.125,53.2,1.514,3.266,0.0,4.222,1.5,0.79
1788450864.024,turning,11.433,3.613,88.6,0,30,66,11.375,5.125,51.9,1.514,3.266,0.0,4.222,1.5,0.79
1788450864.075,turning,11.433,3.613,88.6,0,30,66,11.375,5.125,50.8,1.514,3.266,0.0,4.222,1.5,0.79
1788450864.129,turning,11.433,3.613,88.6,0,30,66,11.375,5.125,49.6,1.514,3.266,0.0,4.222,1.5,0.79
1788450864.179,turning,11.433,3.613,88.6,0,30,66,11.375,5.125,48.5,1.514,3.266,0.0,4.222,1.5,0.79
1788450864.231,turning,11.433,3.613,88.6,0,30,66,11.375,5.125,47.3,1.514,3.266,0.0,4.222,1.5,0.79
1788450864.283,turning,11.433,3.613,88.6,0,30,66,11.375,5.125,46.3,1.514,3.266,0.0,4.222,1.5,0.79
1788450864.339,turning,11.433,3.613,88.6,0,30,66,11.375,5.125,45.2,1.514,3.266,0.0,4.222,1.5,0.79
1788450864.391,turning,11.433,3.613,88.6,0,30,66,11.375,5.125,44.2,1.514,3.266,0.0,4.222,1.5,0.79
1788450864.445,turning,11.433,3.613,88.6,0,30,66,11.375,5.125,43.2,1.514,3.266,0.0,4.222,1.5,0.79
1788450864.496,turning,11.433,3.613,88.6,0,30,66,11.375,5.125,42.2,1.514,3.266,0.0,4.222,1.5,0.79
1788450864.558,turning,11.433,3.613,88.6,0,30,66,11.375,5.125,41.3,1.514,3.266,0.0,4.222,1.5,0.79
1788450864.619,turning,11.433,3.613,88.6,0,30,66,11.375,5.125,40.3,1.514,3.266,0.0,4.222,1.5,0.79
1788450864.68,turning,11.433,3.613,88.6,0,30,66,11.375,5.125,39.4,1.514,3.266,0.0,4.222,1.5,0.79
1788450864.735,turning,11.433,3.613,88.6,0,30,66,11.375,5.125,38.5,1.514,3.266,0.0,4.222,1.5,0.79
1788450864.789,turning,11.433,3.613,88.6,0,30,66,11.375,5.125,37.7,1.514,3.266,0.0,4.222,1.5,0.79
1788450864.838,turning,11.433,3.613,88.6,0,30,66,11.375,5.125,36.8,1.514,3.266,0.0,4.222,1.5,0.79
1788450864.895,turning,11.433,3.613,88.6,0,30,66,11.375,5.125,36.0,1.514,3.266,0.0,4.222,1.5,0.79
1788450864.943,turning,11.433,3.613,88.6,0,30,66,11.375,5.125,35.2,1.514,3.266,0.0,4.222,1.5,0.79
1788450864.996,turning,11.433,3.613,88.6,0,30,66,11.375,5.125,34.4,1.514,3.266,0.0,4.222,1.5,0.79
1788450865.046,turning,11.433,3.613,88.6,0,30,66,11.375,5.125,33.7,1.514,3.266,0.0,4.222,1.5,0.79
1788450865.097,turning,11.433,3.613,88.6,0,30,66,11.375,5.125,32.9,1.514,3.266,0.0,4.222,1.5,0.79
1788450865.148,turning,11.433,3.613,88.6,0,30,66,11.375,5.125,32.2,1.514,3.266,0.0,4.222,1.5,0.79
1788450865.201,turning,11.433,3.613,88.6,0,30,66,11.375,5.125,31.5,1.514,3.266,0.0,4.222,1.5,0.79
1788450865.257,turning,11.433,3.613,88.6,0,30,66,11.375,5.125,30.8,1.514,3.266,0.0,4.222,1.5,0.79
1788450865.316,turning,11.433,3.613,88.6,0,30,66,11.375,5.125,30.1,1.514,3.266,0.0,4.222,1.5,0.79
1788450865.374,turning,11.433,3.613,88.6,0,30,66,11.375,5.125,29.5,1.514,3.266,0.0,4.222,1.5,0.79
1788450865.436,turning,11.433,3.613,88.6,0,30,66,11.375,5.125,28.8,1.514,3.266,0.0,4.222,1.5,0.79
1788450865.493,turning,11.433,3.613,88.6,0,30,66,11.375,5.125,28.2,1.514,3.266,0.0,4.222,1.5,0.79
1788450865.547,turning,11.433,3.613,88.6,0,30,66,11.375,5.125,27.6,1.514,3.266,0.0,4.222,1.5,0.79
1788450865.599,turning,11.433,3.613,88.6,0,30,66,11.375,5.125,27.0,1.514,3.266,0.0,4.222,1.5,0.79
1788450865.652,turning,11.433,3.613,88.6,0,30,66,11.375,5.125,26.4,1.514,3.266,0.0,4.222,1.5,0.79
1788450865.705,turning,11.433,3.613,88.6,0,30,66,11.375,5.125,25.9,1.514,3.266,0.0,4.222,1.5,0.79
1788450865.757,turning,11.433,3.613,88.6,0,30,66,11.375,5.125,25.3,1.514,3.266,0.0,4.222,1.5,0.79
1788450865.809,turning,11.433,3.613,88.6,0,30,66,11.375,5.125,24.8,1.514,3.266,0.0,4.222,1.5,0.79
1788450865.859,turning,11.433,3.613,88.6,0,30,66,11.375,5.125,24.3,1.514,3.266,0.0,4.222,1.5,0.79
1788450865.911,turning,11.433,3.613,88.6,0,30,66,11.375,5.125,23.8,1.514,3.266,0.0,4.222,1.5,0.79
1788450865.965,turning,11.433,3.613,88.6,0,30,66,11.375,5.125,23.3,1.514,3.266,0.0,4.222,1.5,0.79
1788450866.019,turning,11.433,3.613,88.6,0,30,66,11.375,5.125,22.8,1.514,3.266,0.0,4.222,1.5,0.79
1788450866.072,turning,11.433,3.613,88.6,0,30,66,11.375,5.125,22.3,1.514,3.266,0.0,4.222,1.5,0.79
1788450866.134,turning,11.433,3.613,88.6,0,30,66,11.375,5.125,21.8,1.514,3.266,0.0,4.222,1.5,0.79
1788450866.194,turning,11.433,3.613,88.6,0,30,66,11.375,5.125,21.4,1.514,3.266,0.0,4.222,1.5,0.79
1788450866.252,turning,11.433,3.613,88.6,0,30,66,11.375,5.125,20.9,1.514,3.266,0.0,4.222,1.5,0.79
1788450866.307,turning,11.433,3.613,88.6,0,30,66,11.375,5.125,20.5,1.514,3.266,0.0,4.222,1.5,0.79
1788450866.359,turning,11.433,3.613,88.6,0,30,66,11.375,5.125,20.1,1.514,3.266,0.0,4.222,1.5,0.79
1788450866.41,turning,11.433,3.613,88.6,0,30,66,11.375,5.125,19.7,1.514,3.266,0.0,4.222,1.5,0.79
1788450866.463,turning,11.433,3.613,88.6,0,30,66,11.375,5.125,19.3,1.514,3.266,0.0,4.222,1.5,0.79
1788450866.516,turning,11.433,3.613,88.6,0,30,66,11.375,5.125,18.9,1.514,3.266,0.0,4.222,1.5,0.79
1788450866.569,turning,11.433,3.613,88.6,0,30,66,11.375,5.125,18.5,1.514,3.266,0.0,4.222,1.5,0.79
1788450866.622,turning,11.433,3.613,88.6,0,30,66,11.375,5.125,18.2,1.514,3.266,0.0,4.222,1.5,0.79
1788450866.673,turning,11.433,3.613,88.6,0,30,66,11.375,5.125,17.8,1.514,3.266,0.0,4.222,1.5,0.79
1788450866.725,turning,11.433,3.613,88.6,0,30,66,11.375,5.125,17.4,1.514,3.266,0.0,4.222,1.5,0.79
1788450866.777,turning,11.433,3.613,88.6,0,30,66,11.375,5.125,17.1,1.514,3.266,0.0,4.222,1.5,0.79
1788450866.832,turning,11.433,3.613,88.6,0,30,66,11.375,5.125,16.8,1.514,3.266,0.0,4.222,1.5,0.79
1788450866.887,turning,11.433,3.613,88.6,0,30,66,11.375,5.125,16.4,1.514,3.266,0.0,4.222,1.5,0.79
1788450866.948,turning,11.433,3.613,88.6,0,30,66,11.375,5.125,16.1,1.514,3.266,0.0,4.222,1.5,0.79
1788450867.011,turning,11.433,3.613,88.6,0,30,66,11.375,5.125,15.8,1.514,3.266,0.0,4.222,1.5,0.79
1788450867.069,turning,11.433,3.613,88.6,0,30,66,11.375,5.125,15.5,1.514,3.266,0.0,4.222,1.5,0.79
1788450867.122,turning,11.433,3.613,88.6,0,30,66,11.375,5.125,15.2,1.514,3.266,0.0,4.222,1.5,0.79
1788450867.173,turning,11.433,3.613,88.6,0,30,66,11.375,5.125,14.9,1.514,3.266,0.0,4.222,1.5,0.79
1788450867.224,turning,11.433,3.613,88.6,0,30,66,11.375,5.125,14.7,1.514,3.266,0.0,4.222,1.5,0.79
1788450867.277,turning,11.433,3.613,88.6,0,30,66,11.375,5.125,14.4,1.514,3.266,0.0,4.222,1.5,0.79
1788450867.331,turning,11.433,3.613,88.6,0,30,66,11.375,5.125,14.1,1.514,3.266,0.0,4.222,1.5,0.79
1788450867.383,turning,11.433,3.613,88.6,0,30,66,11.375,5.125,13.9,1.514,3.266,0.0,4.222,1.5,0.79
1788450867.436,turning,11.433,3.613,88.6,0,30,66,11.375,5.125,13.6,1.514,3.266,0.0,4.222,1.5,0.79
1788450867.486,turning,11.433,3.613,88.6,0,30,66,11.375,5.125,13.4,1.514,3.266,0.0,4.222,1.5,0.79
1788450867.537,turning,11.433,3.613,88.6,0,30,66,11.375,5.125,13.1,1.514,3.266,0.0,4.222,1.5,0.79
1788450867.591,turning,11.433,3.613,88.6,0,30,66,11.375,5.125,12.9,1.514,3.266,0.0,4.222,1.5,0.79
1788450867.65,turning,11.433,3.613,88.6,0,30,66,11.375,5.125,12.7,1.514,3.266,0.0,4.222,1.5,0.79
1788450867.708,turning,11.433,3.613,88.6,0,30,66,11.375,5.125,12.4,1.514,3.266,0.0,4.222,1.5,0.79
1788450867.763,turning,11.433,3.613,88.6,0,30,66,11.375,5.125,12.2,1.514,3.266,0.0,4.222,1.5,0.79
1788450867.817,turning,11.433,3.613,88.6,0,30,66,11.375,5.125,12.0,1.514,3.266,0.0,4.222,1.5,0.79
1788450867.872,turning,11.433,3.613,88.6,0,30,66,11.375,5.125,11.8,1.514,3.266,0.0,4.222,1.5,0.79
1788450867.925,turning,11.433,3.613,88.6,0,30,66,11.375,5.125,11.6,1.514,3.266,0.0,4.222,1.5,0.79
1788450867.978,turning,11.433,3.613,88.6,0,30,66,11.375,5.125,11.4,1.514,3.266,0.0,4.222,1.5,0.79
1788450868.029,turning,11.433,3.613,88.6,0,30,66,11.375,5.125,11.2,1.514,3.266,0.0,4.222,1.5,0.79
1788450868.08,turning,11.433,3.613,88.6,0,30,66,11.375,5.125,11.0,1.514,3.266,0.0,4.222,1.5,0.79
1788450868.134,turning,11.433,3.613,88.6,0,30,66,11.375,5.125,10.8,1.514,3.266,0.0,4.222,1.5,0.79
1788450868.188,turning,11.433,3.613,88.6,0,30,66,11.375,5.125,10.6,1.514,3.266,0.0,4.222,1.5,0.79
1788450868.241,turning,11.433,3.613,88.6,0,30,66,11.375,5.125,10.5,1.514,3.266,0.0,4.222,1.5,0.79
1788450868.293,turning,11.433,3.613,88.6,0,30,66,11.375,5.125,10.3,1.514,3.266,0.0,4.222,1.5,0.79
1788450868.346,turning,11.433,3.613,88.6,0,30,66,11.375,5.125,10.1,1.514,3.266,0.0,4.222,1.5,0.79
1788450868.397,turning,11.433,3.613,88.6,0,30,66,11.375,5.125,10.0,1.514,3.266,0.0,4.222,1.5,0.79
1788450868.458,turning,11.433,3.613,88.6,0,30,66,11.375,5.125,9.8,1.514,3.266,0.0,4.222,1.5,0.79
1788450868.516,turning,11.433,3.613,88.6,0,30,66,11.375,5.125,9.7,1.514,3.266,0.0,4.222,1.5,0.79
1788450868.575,turning,11.433,3.613,88.6,0,30,66,11.375,5.125,9.5,1.514,3.266,0.0,4.222,1.5,0.79
1788450868.634,turning,11.433,3.613,88.6,0,30,66,11.375,5.125,9.4,1.514,3.266,0.0,4.222,1.5,0.79
1788450868.687,turning,11.433,3.613,88.6,0,30,66,11.375,5.125,9.2,1.514,3.266,0.0,4.222,1.5,0.79
1788450868.738,turning,11.433,3.613,88.6,0,30,66,11.375,5.125,9.1,1.514,3.266,0.0,4.222,1.5,0.79
1788450868.791,turning,11.433,3.613,88.6,0,30,66,11.375,5.125,9.0,1.514,3.266,0.0,4.222,1.5,0.79
1788450868.843,turning,11.433,3.613,88.6,0,30,66,11.375,5.125,8.8,1.514,3.266,0.0,4.222,1.5,0.79
1788450868.893,turning,11.433,3.613,88.6,0,30,66,11.375,5.125,8.7,1.514,3.266,0.0,4.222,1.5,0.79
1788450868.945,turning,11.433,3.613,88.6,0,30,66,11.375,5.125,8.6,1.514,3.266,0.0,4.222,1.5,0.79
1788450869.001,turning,11.433,3.613,88.6,0,30,66,11.375,5.125,8.4,1.514,3.266,0.0,4.222,1.5,0.79
1788450869.053,turning,11.433,3.613,88.6,0,30,66,11.375,5.125,8.3,1.514,3.266,0.0,4.222,1.5,0.79
1788450869.104,turning,11.433,3.613,88.6,0,30,66,11.375,5.125,8.2,1.514,3.266,0.0,4.222,1.5,0.79
1788450869.156,turning,11.433,3.613,88.6,0,30,66,11.375,5.125,8.1,1.514,3.266,0.0,4.222,1.5,0.79
1788450869.213,turning,11.433,3.613,88.6,0,30,66,11.375,5.125,8.0,1.514,3.266,0.0,4.222,1.5,0.79
1788450869.273,turning,11.433,3.613,88.6,0,30,66,11.375,5.125,7.9,1.514,3.266,0.0,4.222,1.5,0.79
1788450869.333,turning,11.433,3.613,88.6,0,30,66,11.375,5.125,7.8,1.514,3.266,0.0,4.222,1.5,0.79
1788450869.39,turning,11.433,3.613,88.6,0,30,66,11.375,5.125,7.7,1.514,3.266,0.0,4.222,1.5,0.79
1788450869.446,turning,11.433,3.613,88.6,0,30,66,11.375,5.125,7.6,1.514,3.266,0.0,4.222,1.5,0.79
1788450869.499,turning,11.433,3.613,88.6,0,30,66,11.375,5.125,7.5,1.514,3.266,0.0,4.222,1.5,0.79
1788450869.552,turning,11.433,3.613,88.6,0,30,66,11.375,5.125,7.4,1.514,3.266,0.0,4.222,1.5,0.79
1788450869.602,turning,11.433,3.613,88.6,0,30,66,11.375,5.125,7.3,1.514,3.266,0.0,4.222,1.5,0.79
1788450869.656,turning,11.433,3.613,88.6,0,30,66,11.375,5.125,7.2,1.514,3.266,0.0,4.222,1.5,0.79
1788450869.706,turning,11.433,3.613,88.6,0,30,66,11.375,5.125,7.1,1.514,3.266,0.0,4.222,1.5,0.79
1788450869.758,turning,11.433,3.613,88.6,0,30,66,11.375,5.125,7.0,1.514,3.266,0.0,4.222,1.5,0.79
1788450869.809,turning,11.433,3.613,88.6,0,30,66,11.375,5.125,6.9,1.514,3.266,0.0,4.222,1.5,0.79
1788450869.861,turning,11.433,3.613,88.6,0,30,66,11.375,5.125,6.8,1.514,3.266,0.0,4.222,1.5,0.79
1788450869.914,turning,11.433,3.613,88.6,0,30,66,11.375,5.125,6.8,1.514,3.266,0.0,4.222,1.5,0.79
1788450869.967,turning,11.433,3.613,88.6,0,30,66,11.375,5.125,6.7,1.514,3.266,0.0,4.222,1.5,0.79
1788450870.027,turning,11.433,3.613,88.6,0,30,66,11.375,5.125,6.6,1.514,3.266,0.0,4.222,1.5,0.79
1788450870.088,turning,11.433,3.613,88.6,0,30,66,11.375,5.125,6.5,1.514,3.266,0.0,4.222,1.5,0.79
1788450870.149,turning,11.433,3.613,88.6,0,30,66,11.375,5.125,6.5,1.514,3.266,0.0,4.222,1.5,0.79
1788450870.204,turning,11.433,3.613,88.6,0,30,66,11.375,5.125,6.4,1.514,3.266,0.0,4.222,1.5,0.79
1788450870.257,turning,11.433,3.613,88.6,0,30,66,11.375,5.125,6.3,1.514,3.266,0.0,4.222,1.5,0.79
1788450870.312,turning,11.433,3.613,88.6,0,30,66,11.375,5.125,6.3,1.514,3.266,0.0,4.222,1.5,0.79
1788450870.365,turning,11.433,3.613,88.6,0,30,66,11.375,5.125,6.2,1.514,3.266,0.0,4.222,1.5,0.79
1788450870.416,turning,11.433,3.613,88.6,0,30,66,11.375,5.125,6.1,1.514,3.266,0.0,4.222,1.5,0.79
1788450870.469,turning,11.433,3.613,88.6,0,30,66,11.375,5.125,6.1,1.514,3.266,0.0,4.222,1.5,0.79
1788450870.524,turning,11.433,3.613,88.6,0,30,66,11.375,5.125,6.0,1.514,3.266,0.0,4.222,1.5,0.79
1788450870.576,turning,11.433,3.613,88.6,0,30,66,11.375,5.125,5.9,1.514,3.266,0.0,4.222,1.5,0.79
1788450870.63,turning,11.433,3.613,88.6,0,30,66,11.375,5.125,5.9,1.514,3.266,0.0,4.222,1.5,0.79
1788450870.679,turning,11.433,3.613,88.6,0,30,66,11.375,5.125,5.8,1.514,3.266,0.0,4.222,1.5,0.79
1788450870.738,turning,11.433,3.613,88.6,0,30,66,11.375,5.125,5.8,1.514,3.266,0.0,4.222,1.5,0.79
1788450870.793,turning,11.433,3.613,88.6,0,30,66,11.375,5.125,5.7,1.514,3.266,0.0,4.222,1.5,0.79
1788450870.856,turning,11.433,3.613,88.6,0,30,66,11.375,5.125,5.7,1.514,3.266,0.0,4.222,1.5,0.79
1788450870.914,turning,11.433,3.613,88.6,0,30,66,11.375,5.125,5.6,1.514,3.266,0.0,4.222,1.5,0.79
1788450870.971,turning,11.433,3.613,88.6,0,30,66,11.375,5.125,5.6,1.514,3.266,0.0,4.222,1.5,0.79
1788450871.026,turning,11.433,3.613,88.6,0,30,66,11.375,5.125,5.5,1.514,3.266,0.0,4.222,1.5,0.79
1788450871.079,turning,11.433,3.613,88.6,0,30,66,11.375,5.125,5.5,1.514,3.266,0.0,4.222,1.5,0.79
1788450871.131,turning,11.433,3.613,88.6,0,30,66,11.375,5.125,5.4,1.514,3.266,0.0,4.222,1.5,0.79
1788450871.182,turning,11.433,3.613,88.6,0,30,66,11.375,5.125,5.4,1.514,3.266,0.0,4.222,1.5,0.79
1788450871.234,turning,11.433,3.613,88.6,0,30,66,11.375,5.125,5.3,1.514,3.266,0.0,4.222,1.5,0.79
1788450871.285,turning,11.433,3.613,88.6,0,30,66,11.375,5.125,5.3,1.514,3.266,0.0,4.222,1.5,0.79
1788450871.341,turning,11.433,3.613,88.6,0,30,66,11.375,5.125,5.2,1.514,3.266,0.0,4.222,1.5,0.79
1788450871.394,turning,11.433,3.613,88.6,0,30,66,11.375,5.125,5.2,1.514,3.266,0.0,4.222,1.5,0.79
1788450871.449,turning,11.433,3.613,88.6,0,30,66,11.375,5.125,5.2,1.514,3.266,0.0,4.222,1.5,0.79
1788450871.5,turning,11.433,3.613,88.6,0,30,66,11.375,5.125,5.1,1.514,3.266,0.0,4.222,1.5,0.79
1788450871.555,turning,11.433,3.613,88.6,0,30,66,11.375,5.125,5.1,1.514,3.266,0.0,4.222,1.5,0.79
1788450871.609,turning,11.433,3.613,88.6,0,30,66,11.375,5.125,5.1,1.514,3.266,0.0,4.222,1.5,0.79
1788450871.67,turning,11.433,3.613,88.6,0,30,66,11.375,5.125,5.0,1.514,3.266,0.0,4.222,1.5,0.79
1788450871.73,turning,11.433,3.613,88.6,0,30,66,11.375,5.125,5.0,1.514,3.266,0.0,4.222,1.5,0.79
1788450871.782,turning,11.433,3.613,88.6,0,30,66,11.375,5.125,4.9,1.514,3.266,0.0,4.222,1.5,0.79
1788450871.836,turning,11.433,3.613,88.6,0,30,66,11.375,5.125,4.9,1.514,3.266,0.0,4.222,1.5,0.79
1788450871.887,turning,11.433,3.613,88.6,0,30,66,11.375,5.125,4.9,1.514,3.266,0.0,4.222,1.5,0.79
1788450871.941,turning,11.433,3.613,88.6,0,30,66,11.375,5.125,4.9,1.514,3.266,0.0,4.222,1.5,0.79
1788450871.992,turning,11.433,3.613,88.6,0,30,66,11.375,5.125,4.8,1.514,3.266,0.0,4.222,1.5,0.79
1788450872.045,turning,11.433,3.613,88.6,0,30,66,11.375,5.125,4.8,1.514,3.266,0.0,4.222,1.5,0.79
1788450872.098,turning,11.433,3.613,88.6,0,30,66,11.375,5.125,4.8,1.514,3.266,0.0,4.222,1.5,0.79
1788450872.151,turning,11.433,3.613,88.6,0,30,66,11.375,5.125,4.7,1.514,3.266,0.0,4.222,1.5,0.79
1788450872.2,turning,11.433,3.613,88.6,0,30,66,11.375,5.125,4.7,1.514,3.266,0.0,4.222,1.5,0.79
1788450872.255,turning,11.433,3.613,88.6,0,30,66,11.375,5.125,4.7,1.514,3.266,0.0,4.222,1.5,0.79
1788450872.309,turning,11.433,3.613,88.6,0,30,66,11.375,5.125,4.6,1.514,3.266,0.0,4.222,1.5,0.79
1788450872.368,turning,11.433,3.613,88.6,0,30,66,11.375,5.125,4.6,1.514,3.266,0.0,4.222,1.5,0.79
1788450872.422,turning,11.433,3.613,88.6,0,30,66,11.375,5.125,4.6,1.514,3.266,0.0,4.222,1.5,0.79
1788450872.48,turning,11.433,3.613,88.6,0,30,66,11.375,5.125,4.6,1.514,3.266,0.0,4.222,1.5,0.79
1788450872.542,turning,11.433,3.613,88.6,0,30,66,11.375,5.125,4.5,1.514,3.266,0.0,4.222,1.5,0.79
1788450872.594,turning,11.433,3.613,88.6,0,30,66,11.375,5.125,4.5,1.514,3.266,0.0,4.222,1.5,0.79
1788450872.646,turning,11.433,3.613,88.6,0,30,66,11.375,5.125,4.5,1.514,3.266,0.0,4.222,1.5,0.79
1788450872.697,turning,11.433,3.613,88.6,0,30,66,11.375,5.125,4.5,1.514,3.266,0.0,4.222,1.5,0.79
1788450872.749,turning,11.433,3.613,88.6,0,30,66,11.375,5.125,4.5,1.514,3.266,0.0,4.222,1.5,0.79
1788450872.799,turning,11.433,3.613,88.6,0,30,66,11.375,5.125,4.4,1.514,3.266,0.0,4.222,1.5,0.79
1788450872.851,turning,11.433,3.613,88.6,0,30,66,11.375,5.125,4.4,1.514,3.266,0.0,4.222,1.5,0.79
1788450872.905,turning,11.433,3.613,88.6,0,30,66,11.375,5.125,4.4,1.514,3.266,0.0,4.222,1.5,0.79
1788450872.959,turning,11.433,3.613,88.6,0,30,66,11.375,5.125,4.4,1.514,3.266,0.0,4.222,1.5,0.79
1788450873.014,turning,11.433,3.613,88.6,0,30,66,11.375,5.125,4.4,1.514,3.266,0.0,4.222,1.5,0.79
1788450873.067,turning,11.433,3.613,88.6,0,30,66,11.375,5.125,4.3,1.514,3.266,0.0,4.222,1.5,0.79
1788450873.122,turning,11.433,3.613,88.6,0,30,66,11.375,5.125,4.3,1.514,3.266,0.0,4.222,1.5,0.79
1788450873.178,turning,11.433,3.613,88.6,0,30,66,11.375,5.125,4.3,1.514,3.266,0.0,4.222,1.5,0.79
1788450873.233,turning,11.433,3.613,88.6,0,30,66,11.375,5.125,4.3,1.514,3.266,0.0,4.222,1.5,0.79
1788450873.29,turning,11.433,3.613,88.6,0,30,66,11.375,5.125,4.3,1.514,3.266,0.0,4.222,1.5,0.79
1788450873.349,turning,11.433,3.613,88.6,0,30,66,11.375,5.125,4.2,1.514,3.266,0.0,4.222,1.5,0.79
1788450873.402,turning,11.433,3.613,88.6,0,30,66,11.375,5.125,4.2,1.514,3.266,0.0,4.222,1.5,0.79
1788450873.455,turning,11.433,3.613,88.6,0,30,66,11.375,5.125,4.2,1.514,3.266,0.0,4.222,1.5,0.79
1788450873.507,turning,11.433,3.613,88.6,0,30,66,11.375,5.125,4.2,1.514,3.266,0.0,4.222,1.5,0.79
1788450873.562,turning,11.433,3.613,88.6,0,30,66,11.375,5.125,4.2,1.514,3.266,0.0,4.222,1.5,0.79
1788450873.615,turning,11.433,3.613,88.6,0,30,66,11.375,5.125,4.2,1.514,3.266,0.0,4.222,1.5,0.79
1788450873.669,turning,11.433,3.613,88.6,0,30,66,11.375,5.125,4.2,1.514,3.266,0.0,4.222,1.5,0.79
1788450873.722,turning,11.433,3.613,88.6,0,30,66,11.375,5.125,4.1,1.514,3.266,0.0,4.222,1.5,0.79
1788450873.775,turning,11.433,3.613,88.6,0,30,66,11.375,5.125,4.1,1.514,3.266,0.0,4.222,1.5,0.79
1788450873.827,turning,11.433,3.613,88.6,0,30,66,11.375,5.125,4.1,1.514,3.266,0.0,4.222,1.5,0.79
1788450873.882,turning,11.433,3.613,88.6,0,30,66,11.375,5.125,4.1,1.514,3.266,0.0,4.222,1.5,0.79
1788450873.939,turning,11.433,3.613,88.6,0,30,66,11.375,5.125,4.1,1.514,3.266,0.0,4.222,1.5,0.79
1788450873.997,turning,11.433,3.613,88.6,0,30,66,11.375,5.125,4.1,1.514,3.266,0.0,4.222,1.5,0.79
1788450874.052,turning,11.433,3.613,88.6,0,30,66,11.375,5.125,4.1,1.514,3.266,0.0,4.222,1.5,0.79
1788450874.112,turning,11.433,3.613,88.6,0,30,66,11.375,5.125,4.1,1.514,3.266,0.0,4.222,1.5,0.79
1788450874.167,turning,11.433,3.613,88.6,0,30,66,11.375,5.125,4.0,1.514,3.266,0.0,4.222,1.5,0.79
1788450874.221,turning,11.433,3.613,88.6,0,30,66,11.375,5.125,4.0,1.514,3.266,0.0,4.222,1.5,0.79
1788450874.271,turning,11.433,3.613,88.6,0,30,66,11.375,5.125,4.0,1.514,3.266,0.0,4.222,1.5,0.79
1788450874.321,turning,11.433,3.613,88.6,0,30,66,11.375,5.125,4.0,1.514,3.266,0.0,4.222,1.5,0.79
1788450874.374,turning,11.433,3.613,88.6,0,30,66,11.375,5.125,4.0,1.514,3.266,0.0,4.222,1.5,0.79
1788450874.428,turning,11.433,3.613,88.6,0,30,66,11.375,5.125,4.0,1.514,3.266,0.0,4.222,1.5,0.79
1788450874.484,turning,11.433,3.613,88.6,0,30,66,11.375,5.125,4.0,1.514,3.266,0.0,4.222,1.5,0.79
1788450874.538,turning,11.433,3.613,88.6,0,30,66,11.375,5.125,4.0,1.514,3.266,0.0,4.222,1.5,0.79
1788450874.593,turning,11.433,3.613,88.6,0,30,66,11.375,5.125,4.0,1.514,3.266,0.0,4.222,1.5,0.79
1788450874.651,turning,11.433,3.613,88.6,0,30,66,11.375,5.125,4.0,1.514,3.266,0.0,4.222,1.5,0.79
1788450874.652,turning,11.433,3.613,88.6,0,30,66,11.375,5.125,3.9,1.514,3.266,0.0,4.222,1.5,0.79
1788450874.764,turning,11.433,3.613,88.6,0,30,66,11.375,5.125,3.9,1.514,3.266,0.0,4.222,1.5,0.79
1788450874.824,turning,11.433,3.613,88.6,0,30,66,11.375,5.125,3.9,1.514,3.266,0.0,4.222,1.5,0.79
1788450874.882,turning,11.433,3.613,88.6,0,30,66,11.375,5.125,3.9,1.514,3.266,0.0,4.222,1.5,0.79
1788450874.938,turning,11.433,3.613,88.6,0,30,66,11.375,5.125,3.9,1.514,3.266,0.0,4.222,1.5,0.79
1788450874.993,turning,11.433,3.613,88.6,0,30,66,11.375,5.125,3.9,1.514,3.266,0.0,4.222,1.5,0.79
1788450875.045,turning,11.433,3.613,88.6,0,30,66,11.375,5.125,3.9,1.514,3.266,0.0,4.222,1.5,0.79
1788450875.098,turning,11.433,3.613,88.6,0,30,66,11.375,5.125,3.9,1.514,3.266,0.0,4.222,1.5,0.79
1788450875.153,turning,11.433,3.613,88.6,0,30,66,11.375,5.125,3.9,1.514,3.266,0.0,4.222,1.5,0.79
1788450875.205,turning,11.433,3.613,88.6,0,30,66,11.375,5.125,3.9,1.514,3.266,0.0,4.222,1.5,0.79
1788450875.259,turning,11.433,3.613,88.6,0,30,66,11.375,5.125,3.9,1.514,3.266,0.0,4.222,1.5,0.79
1788450875.316,turning,11.433,3.613,88.6,0,30,66,11.375,5.125,3.9,1.514,3.266,0.0,4.222,1.5,0.79
1788450875.366,turning,11.433,3.613,88.6,0,30,66,11.375,5.125,3.9,1.514,3.266,0.0,4.222,1.5,0.79
1788450875.419,turning,11.433,3.613,88.6,0,30,66,11.375,5.125,3.8,1.514,3.266,0.0,4.222,1.5,0.79
1788450875.475,turning,11.433,3.613,88.6,0,30,66,11.375,5.125,3.8,1.514,3.266,0.0,4.222,1.5,0.79
1788450875.539,turning,11.433,3.613,94.2,0,30,66,11.375,5.125,-1.7,1.514,3.266,0.0,3.932,1.5,0.79
1788450875.598,turning,11.433,3.613,97.1,0,30,66,11.375,5.125,-4.7,1.514,3.266,0.0,3.777,1.5,0.79
1788450875.661,turning,11.433,3.613,102.3,0,30,66,11.375,5.125,-9.8,1.514,3.266,0.0,3.507,1.5,0.79
1788450875.716,turning,11.433,3.613,104.7,0,30,66,11.375,5.125,-12.3,1.514,3.266,0.0,3.38,1.5,0.79
1788450875.772,turning,11.433,3.613,108.9,0,30,66,11.375,5.125,-16.4,1.514,3.266,0.0,3.161,1.5,0.8
1788450875.824,turning,11.433,3.613,110.8,0,30,66,11.375,5.125,-18.4,1.514,3.266,0.0,3.058,1.5,0.8
1788450875.88,turning,11.433,3.613,114.2,0,30,66,11.375,5.125,-21.8,1.514,3.266,0.0,2.881,1.5,0.83
1788450875.937,turning,11.433,3.613,115.8,0,30,66,11.375,5.125,-23.4,1.514,3.266,0.0,2.798,1.5,0.83
1788450875.992,turning,11.433,3.613,118.5,0,30,66,11.375,5.125,-26.1,1.514,3.266,0.0,2.656,1.5,0.83
1788450876.047,turning,11.433,3.613,119.8,0,30,66,11.375,5.125,-27.4,1.514,3.266,0.0,2.589,1.5,0.83
1788450876.098,turning,11.435,3.616,121.7,0,30,66,11.375,5.125,-29.3,1.51,3.262,0.0,2.492,1.5,0.83
1788450876.158,turning,11.436,3.619,122.4,0,30,130,9.925,3.661,-27.9,1.511,3.259,0.0,2.452,1.5,0.83
1788450876.158,turning,11.436,3.619,122.4,0,30,130,9.925,3.661,-25.8,1.511,3.259,0.0,2.452,1.5,0.83
1788450876.269,turning,11.439,3.615,124.6,0,30,130,9.925,3.661,-26.0,1.514,3.263,0.0,2.4,1.5,0.83
1788450876.333,turning,11.439,3.613,125.4,0,30,130,9.925,3.661,-24.8,1.515,3.264,0.0,2.4,1.5,0.84
1788450876.39,turning,11.439,3.613,127.0,0,30,130,9.925,3.661,-24.5,1.515,3.264,0.0,2.4,1.5,0.84
1788450876.449,turning,11.438,3.616,127.7,0,30,130,9.925,3.661,-23.4,1.513,3.262,0.0,2.4,1.5,0.84
1788450876.503,turning,11.431,3.625,129.0,0,30,130,9.925,3.661,-22.8,1.506,3.253,0.0,2.4,1.5,0.84
1788450876.558,turning,11.43,3.627,129.8,0,30,130,9.925,3.661,-21.8,1.505,3.252,0.0,2.4,1.5,0.84
1788450876.611,turning,11.43,3.627,131.4,0,30,130,9.925,3.661,-21.7,1.505,3.252,0.0,2.4,1.5,0.84
1788450876.665,turning,11.429,3.629,132.2,0,30,130,9.925,3.661,-20.7,1.503,3.25,0.0,2.4,1.5,0.84
1788450876.718,turning,11.424,3.635,133.6,0,30,130,9.925,3.661,-20.5,1.499,3.243,0.0,2.4,1.5,0.84
1788450876.772,turning,11.423,3.636,134.4,0,30,130,9.925,3.661,-19.6,1.498,3.243,0.0,2.4,1.5,0.84
1788450876.825,turning,11.423,3.636,136.0,0,30,130,9.925,3.661,-19.7,1.498,3.243,0.0,2.4,1.5,0.84
1788450876.878,turning,11.423,3.636,136.8,0,30,130,9.925,3.661,-19.0,1.498,3.243,0.0,2.4,1.5,0.84
1788450876.933,turning,11.423,3.636,138.5,0,30,130,9.925,3.661,-19.1,1.498,3.243,0.0,2.4,1.5,0.84
1788450876.989,turning,11.424,3.636,139.5,0,30,130,9.925,3.661,-18.6,1.499,3.242,0.0,2.4,1.5,0.85
1788450877.047,turning,11.426,3.636,141.6,0,30,130,9.925,3.661,-19.3,1.501,3.242,0.0,2.4,1.5,0.85
1788450877.108,turning,11.427,3.636,142.5,0,30,130,9.925,3.661,-18.8,1.501,3.242,0.0,2.4,1.5,0.85
1788450877.169,turning,11.427,3.636,144.1,0,30,130,9.925,3.661,-19.1,1.501,3.242,0.0,2.4,1.5,0.85
1788450877.234,turning,11.427,3.636,144.9,0,30,129,9.925,3.661,-18.5,1.501,3.242,0.0,2.4,1.5,0.85
1788450877.289,turning,11.427,3.636,145.8,0,30,129,9.925,3.661,-18.1,1.501,3.242,0.0,2.4,1.5,0.85
1788450877.344,turning,11.428,3.637,147.5,0,30,129,9.925,3.661,-18.5,1.503,3.241,0.0,2.4,1.5,0.86
1788450877.397,turning,11.429,3.638,148.4,0,30,129,9.925,3.661,-18.2,1.504,3.24,0.0,2.4,1.5,0.86
1788450877.451,turning,11.43,3.64,150.1,0,30,129,9.925,3.661,-18.7,1.505,3.239,0.0,2.4,1.5,0.85
1788450877.505,turning,11.43,3.64,151.0,0,30,129,9.925,3.661,-18.4,1.505,3.239,0.0,2.4,1.5,0.85
1788450877.561,turning,11.43,3.64,152.6,0,30,129,9.925,3.661,-18.9,1.505,3.239,0.0,2.4,1.5,0.86
1788450877.614,turning,11.43,3.64,153.4,0,30,129,9.925,3.661,-18.5,1.505,3.239,0.0,2.4,1.5,0.86
1788450877.67,turning,11.43,3.636,155.1,0,30,129,9.925,3.661,-19.1,1.505,3.242,0.0,2.4,1.5,0.86
1788450877.724,turning,11.43,3.633,155.9,0,30,129,9.925,3.661,-18.9,1.505,3.245,0.0,2.4,1.5,0.86
1788450877.781,turning,11.43,3.631,157.6,0,30,129,9.925,3.661,-19.5,1.505,3.247,0.0,2.4,1.5,0.86
1788450877.842,turning,11.43,3.631,158.4,0,30,129,9.925,3.661,-19.3,1.505,3.247,0.0,2.4,1.5,0.86
1788450877.908,turning,11.43,3.631,160.0,0,30,129,9.925,3.661,-20.0,1.505,3.247,0.0,2.4,1.5,0.88
1788450877.983,turning,11.43,3.631,158.8,0,30,124,9.929,3.74,-17.8,1.505,3.247,0.0,2.4,1.5,0.88
1788450878.048,turning,11.433,3.627,155.2,0,30,124,9.929,3.74,-13.4,1.507,3.251,0.0,2.4,1.5,0.88
1788450878.099,turning,11.434,3.624,153.3,0,30,124,9.929,3.74,-10.6,1.509,3.254,0.0,2.4,1.5,0.88
1788450878.154,turning,11.435,3.622,149.9,0,30,124,9.929,3.74,-6.4,1.51,3.256,0.0,2.4,1.5,0.87
1788450878.207,turning,11.435,3.622,148.3,0,30,124,9.929,3.74,-4.1,1.51,3.256,0.0,2.4,1.5,0.87
1788450878.263,turning,11.435,3.622,146.7,0,30,124,9.929,3.74,-1.7,1.51,3.256,0.0,2.4,1.5,0.87
1788450878.314,turning,11.435,3.622,143.5,0,30,124,9.929,3.74,2.3,1.51,3.256,0.0,2.4,1.5,0.87
1788450878.367,turning,11.434,3.624,142.0,0,30,124,9.929,3.74,4.5,1.509,3.254,0.0,2.4,1.5,0.86
1788450878.418,turning,11.433,3.631,138.9,0,30,124,9.929,3.74,8.3,1.508,3.247,0.0,2.4,1.5,0.86
1788450878.474,turning,11.433,3.632,137.4,0,30,124,9.929,3.74,10.5,1.508,3.246,0.0,2.4,1.5,0.86
1788450878.528,turning,11.433,3.632,134.2,0,30,124,9.929,3.74,14.4,1.508,3.246,0.0,2.4,1.5,0.86
1788450878.584,turning,11.432,3.633,132.8,0,30,124,9.929,3.74,16.5,1.507,3.245,0.0,2.4,1.5,0.86
1788450878.641,turning,11.429,3.637,130.3,0,30,124,9.929,3.74,19.7,1.503,3.242,0.0,2.4,1.5,0.86
1788450878.706,turning,11.428,3.637,128.8,0,30,124,9.929,3.74,21.8,1.502,3.241,0.0,2.4,1.5,0.86
1788450878.768,turning,11.428,3.637,125.6,0,30,124,9.929,3.74,25.6,1.502,3.241,0.0,2.4,1.5,0.86
1788450878.827,turning,11.428,3.64,123.9,0,30,124,9.929,3.74,27.9,1.502,3.239,0.0,2.4,1.5,0.86
1788450878.88,turning,11.428,3.646,120.6,0,30,124,9.929,3.74,31.9,1.502,3.232,0.0,2.549,1.5,0.86
1788450878.936,turning,11.428,3.647,119.0,0,30,124,9.929,3.74,34.1,1.501,3.232,0.0,2.633,1.5,0.86
1788450878.989,turning,11.428,3.647,115.8,0,30,124,9.929,3.74,37.8,1.501,3.232,0.0,2.8,1.5,0.86
1788450879.046,turning,11.425,3.647,114.1,0,30,125,9.929,3.74,40.1,1.498,3.231,0.0,2.887,1.5,0.86
1788450879.1,turning,11.418,3.649,111.6,0,30,125,9.929,3.74,43.1,1.491,3.23,0.0,3.018,1.5,0.86
1788450879.156,turning,11.417,3.649,110.6,0,30,125,9.929,3.74,44.7,1.491,3.23,0.0,3.071,1.5,0.86
1788450879.209,turning,11.417,3.649,109.6,0,30,125,9.929,3.74,46.2,1.491,3.23,0.0,3.123,1.5,0.86
1788450879.262,turning,11.415,3.651,107.9,0,30,125,9.929,3.74,48.4,1.488,3.228,0.0,3.214,1.5,0.85
1788450879.315,turning,11.412,3.652,107.1,0,30,125,9.929,3.74,49.7,1.485,3.227,0.0,3.253,1.5,0.85
1788450879.373,turning,11.409,3.653,105.4,0,30,125,9.929,3.74,51.9,1.482,3.226,0.0,3.345,1.5,0.85
1788450879.438,turning,11.409,3.653,104.4,0,30,125,9.929,3.74,53.4,1.482,3.226,0.0,3.396,1.5,0.85
1788450879.501,turning,11.41,3.652,102.5,0,30,125,9.929,3.74,55.8,1.483,3.227,0.0,3.496,1.5,0.85
1788450879.564,turning,11.411,3.652,101.6,0,30,125,9.929,3.74,57.1,1.484,3.228,0.0,3.545,1.5,0.85
1788450879.625,turning,11.412,3.651,99.6,0,30,125,9.929,3.74,59.5,1.485,3.228,0.0,3.645,1.5,0.85
1788450879.676,turning,11.412,3.651,98.7,0,30,125,9.929,3.74,60.9,1.485,3.228,0.0,3.697,1.5,0.85
1788450879.73,turning,11.406,3.654,96.9,0,30,125,9.929,3.74,63.1,1.479,3.226,0.0,3.789,1.5,0.84
1788450879.781,turning,11.402,3.656,96.1,1,31,125,9.88,3.744,64.3,1.525,3.224,0.0,3.832,1.5,0.84
1788450879.835,turning,11.398,3.657,94.2,1,31,125,9.88,3.744,66.6,1.521,3.223,0.0,3.929,1.5,0.84
1788450879.887,turning,11.398,3.657,93.2,1,31,125,9.88,3.744,67.9,1.521,3.223,0.0,3.98,1.5,0.84
1788450879.94,turning,11.394,3.661,91.5,1,31,125,9.88,3.744,70.1,1.517,3.219,0.0,4.073,1.5,0.84
1788450879.992,turning,11.391,3.664,90.6,1,31,125,9.88,3.744,71.3,1.514,3.216,0.0,4.117,1.5,0.84
1788450880.049,turning,11.39,3.666,90.4,0,30,126,9.877,3.758,72.0,1.515,3.214,0.0,4.131,1.5,0.83
1788450880.099,turning,11.39,3.666,90.4,0,30,126,9.877,3.758,72.3,1.515,3.214,0.0,4.131,1.5,0.83
1788450880.154,turning,11.39,3.666,90.4,0,30,126,9.877,3.758,72.7,1.515,3.215,0.0,4.131,1.5,0.83
1788450880.212,turning,11.389,3.664,90.3,0,30,126,9.877,3.758,73.0,1.515,3.217,0.0,4.132,1.5,0.83
1788450880.275,turning,11.389,3.664,90.3,0,30,126,9.877,3.758,73.3,1.515,3.217,0.0,4.132,1.5,0.97
1788450880.338,turning,11.389,3.67,90.3,0,30,126,9.877,3.758,73.6,1.514,3.21,0.0,4.132,1.5,0.97
1788450880.396,turning,11.387,3.675,90.2,0,30,126,9.877,3.758,74.1,1.512,3.206,0.0,4.138,1.5,0.98
1788450880.449,turning,11.379,3.687,89.8,0,30,126,9.877,3.758,74.8,1.504,3.194,0.0,4.158,1.5,0.98
1788450880.503,turning,11.378,3.694,89.8,0,30,126,9.877,3.758,75.2,1.502,3.187,0.0,4.161,1.5,0.97
1788450880.558,turning,11.378,3.709,89.8,0,30,126,9.877,3.758,75.5,1.502,3.172,0.0,4.161,1.5,0.97
1788450880.609,turning,11.378,3.717,89.8,0,30,126,9.877,3.758,75.8,1.501,3.165,0.0,4.161,1.5,0.98
1788450880.666,turning,11.378,3.732,89.8,0,30,126,9.877,3.758,76.1,1.501,3.15,0.0,4.161,1.5,0.98
1788450880.718,turning,11.378,3.739,89.8,0,30,126,9.877,3.758,76.5,1.501,3.142,0.0,4.161,1.5,0.94
1788450880.772,turning,11.378,3.754,89.8,0,30,126,9.877,3.758,76.8,1.501,3.127,0.0,4.161,1.5,0.94
1788450880.827,turning,11.378,3.761,89.8,0,30,126,9.877,3.758,77.1,1.501,3.12,0.0,4.161,1.5,0.93
1788450880.881,turning,11.378,3.776,89.8,0,30,126,9.877,3.758,77.5,1.501,3.105,0.0,4.161,1.5,0.93
1788450880.939,turning,11.378,3.784,89.8,0,30,126,9.877,3.758,77.8,1.501,3.097,0.0,4.161,1.5,0.9
1788450880.994,turning,11.379,3.799,89.8,0,30,126,9.877,3.758,78.2,1.502,3.082,0.0,4.161,1.5,0.9
1788450881.057,turning,11.379,3.806,89.8,0,30,125,9.876,3.758,78.5,1.504,3.075,0.0,4.161,1.5,0.87
1788450881.124,turning,11.379,3.821,89.8,0,30,125,9.876,3.758,78.9,1.504,3.06,0.0,4.161,1.5,0.87
1788450881.179,turning,11.379,3.829,89.8,0,30,125,9.876,3.758,79.2,1.505,3.053,0.0,4.161,1.5,0.84
1788450881.233,turning,11.379,3.836,89.8,0,30,125,9.876,3.758,79.5,1.505,3.045,0.0,4.161,1.5,0.84
1788450881.288,turning,11.379,3.851,89.8,0,30,125,9.876,3.758,79.9,1.506,3.03,0.0,4.161,1.5,0.85
1788450881.339,turning,11.379,3.859,89.8,0,30,125,9.876,3.758,80.2,1.507,3.023,0.0,4.161,1.5,0.85
1788450881.395,turning,11.375,3.869,89.6,0,30,125,9.876,3.758,80.7,1.503,3.013,0.0,4.169,1.5,0.82
1788450881.448,turning,11.371,3.872,89.5,0,30,125,9.876,3.758,81.2,1.5,3.01,0.0,4.176,1.5,0.82
1788450881.503,turning,11.368,3.883,89.4,0,30,125,9.876,3.758,81.7,1.498,2.999,0.0,4.182,1.5,0.79
1788450881.557,turning,11.368,3.891,89.4,0,30,125,9.876,3.758,82.0,1.498,2.991,0.0,4.182,1.5,0.79
1788450881.608,turning,11.368,3.906,89.4,0,30,125,9.876,3.758,82.4,1.5,2.976,0.0,4.182,1.5,0.77
1788450881.663,turning,11.368,3.913,89.4,0,30,125,9.876,3.758,82.7,1.501,2.969,0.0,4.182,1.5,0.77
1788450881.72,turning,11.368,3.928,89.4,0,30,125,9.876,3.758,83.1,1.502,2.954,0.0,4.182,1.5,0.77
1788450881.779,turning,11.368,3.936,89.4,0,30,125,9.876,3.758,83.4,1.503,2.947,0.0,4.182,1.5,0.77
1788450881.843,turning,11.369,3.951,89.4,0,30,125,9.876,3.758,83.8,1.505,2.932,0.0,4.182,1.5,0.75
1788450881.9,turning,11.369,3.958,89.4,0,30,125,9.876,3.758,84.1,1.506,2.924,0.0,4.182,1.5,0.75
1788450881.959,turning,11.366,3.98,89.3,0,30,125,9.876,3.758,84.6,1.507,2.902,0.0,4.188,1.5,0.73
1788450882.013,turning,11.364,3.993,89.2,0,30,125,9.876,3.758,85.1,1.507,2.89,0.0,4.193,1.5,0.73
1788450882.068,turning,11.363,4.003,89.1,0,30,125,9.876,3.758,85.5,1.508,2.88,0.0,4.195,1.5,0.7
1788450882.122,turning,11.364,4.018,89.1,0,10,126,10.875,3.728,87.7,0.568,2.865,0.0,4.195,0.6,0.7
1788450882.174,turning,11.364,4.025,89.1,0,10,126,10.875,3.728,89.8,0.572,2.858,0.0,4.195,0.6,0.67
1788450882.228,turning,11.364,4.04,89.1,0,10,126,10.875,3.728,91.8,0.58,2.843,0.0,4.195,0.6,0.67
1788450882.281,turning,11.364,4.048,89.1,0,10,126,10.875,3.728,93.8,0.584,2.835,0.0,4.195,0.6,0.67
1788450882.337,turning,11.364,4.063,89.1,0,10,126,10.875,3.728,95.7,0.593,2.82,0.0,4.195,0.6,0.67
1788450882.39,turning,11.364,4.07,89.1,0,10,126,10.875,3.728,97.5,0.597,2.813,0.0,4.195,0.6,0.63
1788450882.445,turning,11.365,4.085,89.1,0,10,126,10.875,3.728,99.3,0.606,2.798,0.0,4.195,0.6,0.63
1788450882.5,turning,11.365,4.093,89.0,0,10,126,10.875,3.728,101.1,0.611,2.79,0.0,4.201,0.6,0.61
1788450882.56,turning,11.368,4.108,88.7,0,10,126,10.875,3.728,103.1,0.622,2.775,0.0,4.218,0.6,0.61
1788450882.621,turning,11.368,4.115,88.7,0,10,126,10.875,3.728,104.7,0.627,2.768,0.0,4.22,0.6,0.58
1788450882.68,turning,11.368,4.13,88.7,0,10,126,10.875,3.728,106.3,0.636,2.753,0.0,4.22,0.6,0.58
1788450882.738,turning,11.369,4.138,88.7,0,10,126,10.875,3.728,107.8,0.641,2.745,0.0,4.22,0.6,0.56
1788450882.793,turning,11.369,4.153,88.7,0,10,126,10.875,3.728,109.3,0.651,2.73,0.0,4.22,0.6,0.56
1788450882.848,turning,11.369,4.16,88.7,0,10,126,10.875,3.728,110.7,0.656,2.723,0.0,4.22,0.6,0.56
1788450882.899,turning,11.369,4.175,88.7,0,10,126,10.875,3.728,112.1,0.666,2.708,0.0,4.22,0.6,0.56
1788450882.955,turning,11.37,4.182,88.7,0,10,126,10.875,3.728,113.4,0.672,2.7,0.0,4.22,0.6,0.53
1788450883.006,turning,11.37,4.19,88.7,0,10,126,10.875,3.728,114.7,0.677,2.693,0.0,4.22,0.6,0.53
1788450883.06,turning,11.372,4.203,88.7,0,10,126,10.875,3.728,115.8,0.688,2.679,0.0,4.217,0.6,0.51
1788450883.111,turning,11.375,4.209,88.8,0,12,131,11.081,3.776,117.6,0.523,2.673,0.0,4.213,0.6,0.51
1788450883.167,turning,11.377,4.223,88.9,0,12,131,11.081,3.776,119.4,0.536,2.66,0.0,4.21,0.6,0.5
1788450883.22,turning,11.377,4.23,88.9,0,12,131,11.081,3.776,121.1,0.542,2.652,0.0,4.21,0.6,0.5
1788450883.277,turning,11.377,4.245,88.9,0,12,131,11.081,3.776,122.8,0.555,2.637,0.0,4.21,0.6,0.5
1788450883.336,turning,11.378,4.253,88.9,0,12,131,11.081,3.776,124.4,0.561,2.63,0.0,4.21,0.6,0.5
1788450883.4,turning,11.378,4.268,88.9,0,12,131,11.081,3.776,126.0,0.574,2.615,0.0,4.21,0.6,0.51
1788450883.461,turning,11.378,4.275,88.9,0,12,131,11.081,3.776,127.4,0.58,2.607,0.0,4.21,0.6,0.51
1788450883.517,turning,11.378,4.29,88.9,0,12,131,11.081,3.776,128.9,0.593,2.592,0.0,4.21,0.6,0.51
1788450883.572,turning,11.379,4.298,88.9,0,12,131,11.081,3.776,130.2,0.6,2.585,0.0,4.21,0.6,0.51
1788450883.626,turning,11.373,4.312,89.1,0,12,131,11.081,3.776,131.4,0.61,2.571,0.0,4.197,0.6,0.51
1788450883.678,turning,11.369,4.319,89.3,0,12,131,11.081,3.776,132.5,0.614,2.564,0.0,4.188,0.6,0.51
1788450883.731,turning,11.366,4.334,89.4,0,12,131,11.081,3.776,133.6,0.626,2.55,0.0,4.182,0.6,0.51
1788450883.783,turning,11.366,4.341,89.4,0,12,131,11.081,3.776,134.9,0.633,2.542,0.0,4.182,0.6,0.51
1788450883.834,turning,11.367,4.356,89.4,0,12,131,11.081,3.776,136.0,0.646,2.528,0.0,4.182,0.6,0.51
1788450883.886,turning,11.367,4.364,89.4,0,12,131,11.081,3.776,137.2,0.653,2.52,0.0,4.182,0.6,0.51
1788450883.938,turning,11.367,4.371,89.4,0,12,131,11.081,3.776,138.3,0.66,2.513,0.0,4.182,0.6,0.51
1788450883.992,turning,11.367,4.386,89.4,0,12,131,11.081,3.776,139.3,0.673,2.498,0.0,4.182,0.6,0.51
1788450884.045,turning,11.367,4.393,89.4,0,12,131,11.081,3.776,140.3,0.68,2.49,0.0,4.182,0.6,0.51
1788450884.108,turning,11.367,4.408,89.4,0,12,131,11.081,3.776,141.3,0.694,2.475,0.0,4.182,0.6,0.51
1788450884.169,turning,11.366,4.411,89.3,0,12,135,11.275,3.825,143.2,0.593,2.473,0.0,4.186,0.6,0.51
1788450884.232,turning,11.363,4.408,89.1,0,12,135,11.275,3.825,145.2,0.589,2.476,0.0,4.198,0.6,0.51
1788450884.287,turning,11.363,4.412,89.0,0,12,135,11.275,3.825,146.9,0.594,2.472,0.0,4.2,0.6,0.52
1788450884.343,turning,11.363,4.427,89.0,0,12,135,11.275,3.825,148.4,0.608,2.457,0.0,4.2,0.6,0.52
1788450884.398,turning,11.363,4.435,89.0,0,12,135,11.275,3.825,149.9,0.616,2.45,0.0,4.2,0.6,0.52
1788450884.453,turning,11.364,4.449,89.0,0,12,135,11.275,3.825,151.3,0.631,2.435,0.0,4.2,0.6,0.52
1788450884.507,turning,11.364,4.457,89.0,0,12,135,11.275,3.825,152.6,0.638,2.427,0.0,4.2,0.6,0.52
1788450884.559,turning,11.364,4.472,89.0,0,12,135,11.275,3.825,153.8,0.653,2.412,0.0,4.2,0.6,0.52
1788450884.611,turning,11.364,4.479,89.0,0,12,135,11.275,3.825,155.0,0.66,2.405,0.0,4.2,0.6,0.52
1788450884.664,turning,11.364,4.494,89.0,0,12,135,11.275,3.825,156.1,0.675,2.39,0.0,4.2,0.6,0.52
1788450884.718,turning,11.362,4.499,89.1,0,12,135,11.275,3.825,157.1,0.679,2.386,0.0,4.198,0.6,0.52
1788450884.772,turning,11.355,4.507,89.2,0,12,135,11.275,3.825,158.1,0.687,2.378,0.0,4.192,0.6,0.52
1788450884.829,turning,11.355,4.514,89.2,0,12,135,11.275,3.825,159.0,0.694,2.371,0.0,4.192,0.6,0.52
1788450884.889,turning,11.355,4.522,89.2,0,12,135,11.275,3.825,160.0,0.701,2.364,0.0,4.192,0.6,0.52
1788450884.948,turning,11.356,4.537,89.2,0,12,135,11.275,3.825,160.8,0.716,2.349,0.0,4.192,0.6,0.52
1788450885.011,turning,11.356,4.544,89.2,0,12,135,11.275,3.825,161.7,0.724,2.341,0.0,4.192,0.6,0.52
1788450885.065,turning,11.356,4.559,89.2,0,12,135,11.275,3.825,162.4,0.738,2.326,0.0,4.192,0.6,0.52
1788450885.115,turning,11.356,4.567,89.2,0,12,135,11.275,3.825,163.2,0.746,2.319,0.0,4.192,0.6,0.52
1788450885.171,turning,11.356,4.581,89.2,0,12,135,11.275,3.825,163.9,0.761,2.304,0.0,4.192,0.6,0.52
1788450885.227,turning,11.356,4.589,89.2,0,12,135,11.275,3.825,164.5,0.768,2.296,0.0,4.192,0.6,0.52
1788450885.285,turning,11.356,4.603,89.0,0,12,135,11.275,3.825,165.4,0.783,2.282,0.0,4.204,0.6,2.95
1788450885.339,turning,11.356,4.611,88.8,0,12,135,11.275,3.825,166.2,0.79,2.275,0.0,4.215,0.6,2.95
1788450885.393,turning,11.355,4.625,88.6,0,12,135,11.275,3.825,166.9,0.804,2.261,0.0,4.223,0.6,2.92
1788450885.445,turning,11.356,4.633,88.6,0,12,135,11.275,3.825,167.4,0.812,2.253,0.0,4.223,0.6,2.92
1788450885.499,turning,11.356,4.648,88.6,0,12,135,11.275,3.825,167.9,0.827,2.238,0.0,4.223,0.6,2.9
1788450885.551,turning,11.356,4.655,88.6,0,12,135,11.275,3.825,168.4,0.834,2.231,0.0,4.223,0.6,2.9
1788450885.605,turning,11.357,4.67,88.6,0,12,135,11.275,3.825,168.9,0.849,2.216,0.0,4.223,0.6,2.88
1788450885.661,turning,11.357,4.677,88.6,0,12,135,11.275,3.825,169.3,0.856,2.208,0.0,4.223,0.6,2.88
1788450885.726,turning,11.357,4.692,88.6,0,12,135,11.275,3.825,169.7,0.871,2.193,0.0,4.223,0.6,2.86
1788450885.782,turning,11.357,4.7,88.6,0,12,135,11.275,3.825,170.1,0.879,2.186,0.0,4.223,0.6,2.86
1788450885.842,turning,11.358,4.708,88.6,0,12,135,11.275,3.825,170.4,0.887,2.178,0.0,4.223,0.6,2.84
1788450885.895,turning,11.36,4.726,88.6,0,12,135,11.275,3.825,170.8,0.905,2.16,0.0,4.224,0.6,2.84
1788450885.947,turning,11.36,4.734,88.6,0,12,135,11.275,3.825,171.1,0.913,2.152,0.0,4.224,0.6,2.82
1788450885.999,turning,11.36,4.749,88.6,0,12,135,11.275,3.825,171.4,0.928,2.137,0.0,4.224,0.6,2.82
1788450886.055,turning,11.361,4.757,88.6,0,12,135,11.275,3.825,171.7,0.936,2.129,0.0,4.224,0.6,2.8
1788450886.107,turning,11.361,4.772,88.6,0,12,135,11.275,3.825,172.0,0.951,2.114,0.0,4.224,0.6,2.8
1788450886.162,turning,11.361,4.779,88.6,0,12,135,11.275,3.825,172.2,0.958,2.107,0.0,4.224,0.6,2.77
1788450886.215,turning,11.362,4.794,88.6,0,12,135,11.275,3.825,172.5,0.973,2.092,0.0,4.224,0.6,2.77
1788450886.272,turning,11.362,4.802,88.6,0,12,135,11.275,3.825,172.7,0.98,2.084,0.0,4.224,0.6,2.75
1788450886.328,turning,11.362,4.81,88.6,0,12,135,11.275,3.825,172.9,0.989,2.076,0.0,4.224,0.6,2.75
1788450886.38,turning,11.362,4.808,88.6,0,12,135,11.275,3.825,173.2,0.987,2.078,0.0,4.225,0.6,2.74
1788450886.438,turning,11.363,4.804,88.5,0,12,135,11.275,3.825,173.4,0.983,2.082,0.0,4.227,0.6,2.74
1788450886.498,turning,11.363,4.804,88.5,0,12,135,11.275,3.825,173.6,0.983,2.082,0.0,4.227,0.6,2.74
1788450886.556,turning,11.363,4.804,88.5,0,12,135,11.275,3.825,173.7,0.983,2.082,0.0,4.227,0.6,2.74
1788450886.614,turning,11.363,4.804,88.5,0,12,135,11.275,3.825,173.9,0.983,2.082,0.0,4.227,0.6,2.74
1788450886.667,turning,11.363,4.804,88.5,0,12,135,11.275,3.825,174.0,0.983,2.082,0.0,4.227,0.6,2.74
1788450886.722,turning,11.363,4.804,88.5,0,12,135,11.275,3.825,174.2,0.983,2.082,0.0,4.227,0.6,2.74
1788450886.773,turning,11.363,4.804,88.5,0,12,135,11.275,3.825,174.3,0.983,2.082,0.0,4.227,0.6,2.74
1788450886.825,turning,11.363,4.804,88.5,0,12,135,11.275,3.825,174.4,0.983,2.082,0.0,4.227,0.6,2.74
1788450886.875,turning,11.363,4.804,88.5,0,12,135,11.275,3.825,174.5,0.983,2.082,0.0,4.227,0.6,2.74
1788450886.927,turning,11.363,4.804,90.5,0,12,135,11.275,3.825,172.7,0.983,2.082,0.0,4.122,0.6,2.74
1788450886.981,turning,11.363,4.804,93.5,0,12,135,11.275,3.825,169.8,0.983,2.082,0.0,3.968,0.6,2.74
1788450887.036,turning,11.363,4.804,99.0,0,12,135,11.275,3.825,164.3,0.983,2.082,0.0,3.677,0.6,2.74
1788450887.087,turning,11.363,4.804,101.7,0,12,135,11.275,3.825,161.8,0.983,2.082,0.0,3.539,0.6,2.74
1788450887.142,turning,11.363,4.804,106.3,0,12,135,11.275,3.825,157.3,0.983,2.082,0.0,3.298,0.6,2.74
1788450887.194,turning,11.363,4.804,108.4,0,12,135,11.275,3.825,155.2,0.983,2.082,0.0,3.186,0.6,2.74
1788450887.256,turning,11.363,4.804,112.1,0,12,135,11.275,3.825,151.6,0.983,2.082,0.0,2.993,0.6,2.75
1788450887.317,turning,11.363,4.804,113.8,0,12,135,11.275,3.825,149.9,0.983,2.082,0.0,2.902,0.6,2.75
1788450887.38,turning,11.363,4.804,116.8,0,12,135,11.275,3.825,147.0,0.983,2.082,0.0,2.745,0.6,0.37
1788450887.437,turning,11.363,4.804,118.2,0,12,135,11.275,3.825,145.7,0.983,2.082,0.0,2.671,0.6,0.37
1788450887.488,turning,11.361,4.8,120.8,0,12,135,11.275,3.825,143.2,0.979,2.086,0.0,2.537,0.6,0.37
1788450887.542,turning,11.359,4.797,122.1,0,12,135,11.275,3.825,142.0,0.976,2.089,0.0,2.471,0.6,0.37
1788450887.594,turning,11.36,4.789,123.7,0,12,135,11.275,3.825,140.4,0.968,2.097,0.0,2.4,0.6,0.37
1788450887.644,turning,11.361,4.785,124.3,0,12,135,11.275,3.825,139.8,0.964,2.101,0.0,2.4,0.6,0.37
1788450887.695,turning,11.363,4.781,124.8,0,12,135,11.275,3.825,139.3,0.96,2.105,0.0,2.4,0.6,0.37
1788450887.753,turning,11.367,4.774,125.9,0,12,135,11.275,3.825,138.3,0.954,2.111,0.0,2.4,0.6,0.37
1788450887.805,turning,11.368,4.773,126.6,0,12,135,11.275,3.825,137.6,0.952,2.112,0.0,2.4,0.6,0.36
1788450887.859,turning,11.368,4.773,128.2,0,12,135,11.275,3.825,136.0,0.952,2.112,0.0,2.4,0.6,0.36
1788450887.913,turning,11.368,4.772,129.3,0,12,135,11.275,3.825,134.9,0.952,2.113,0.0,2.4,0.6,0.36
1788450887.972,turning,11.367,4.77,131.8,0,12,135,11.275,3.825,132.4,0.949,2.115,0.0,2.4,0.6,0.36
1788450888.038,turning,11.366,4.769,132.8,0,12,135,11.275,3.825,131.5,0.949,2.116,0.0,2.4,0.6,0.36
1788450888.099,turning,11.366,4.769,134.4,0,12,135,11.275,3.825,129.8,0.949,2.116,0.0,2.4,0.6,0.36
1788450888.162,turning,11.368,4.771,135.1,0,12,135,11.275,3.825,129.2,0.95,2.114,0.0,2.4,0.6,0.36
1788450888.216,turning,11.374,4.775,136.4,0,12,135,11.275,3.825,127.9,0.955,2.11,0.0,2.4,0.6,0.36
1788450888.275,turning,11.375,4.775,137.1,0,12,135,11.275,3.825,127.1,0.956,2.109,0.0,2.4,0.6,0.36
1788450888.33,turning,11.375,4.775,138.8,0,12,135,11.275,3.825,125.5,0.956,2.109,0.0,2.4,0.6,0.36
1788450888.387,turning,11.375,4.775,139.6,0,12,135,11.275,3.825,124.6,0.956,2.109,0.0,2.4,0.6,0.36
1788450888.444,turning,11.375,4.775,141.2,0,12,135,11.275,3.825,123.0,0.956,2.109,0.0,2.4,0.6,0.36
1788450888.499,turning,11.379,4.77,141.4,0,12,135,11.275,3.825,122.8,0.951,2.114,0.0,2.4,0.6,0.36
1788450888.557,turning,11.383,4.756,141.4,0,12,135,11.275,3.825,122.7,0.938,2.127,0.0,2.4,0.6,0.36
1788450888.612,turning,11.383,4.756,142.2,0,12,135,11.275,3.825,121.9,0.937,2.128,0.0,2.4,0.6,0.36
1788450888.666,turning,11.383,4.756,143.0,0,12,135,11.275,3.825,121.0,0.937,2.128,0.0,2.4,0.6,0.36
1788450888.72,turning,11.383,4.756,144.7,0,12,135,11.275,3.825,119.3,0.937,2.128,0.0,2.4,0.6,0.36
1788450888.777,turning,11.383,4.756,145.5,0,12,135,11.275,3.825,118.5,0.937,2.128,0.0,2.4,0.6,0.36
1788450888.841,turning,11.386,4.753,147.2,0,12,135,11.275,3.825,116.7,0.934,2.131,0.0,2.4,0.6,0.36
1788450888.901,turning,11.388,4.749,148.0,0,12,135,11.275,3.825,115.8,0.931,2.134,0.0,2.4,0.6,0.36
1788450888.965,turning,11.39,4.747,149.7,0,12,135,11.275,3.825,114.1,0.929,2.136,0.0,2.4,0.6,0.36
1788450889.02,turning,11.39,4.747,150.5,0,12,135,11.275,3.825,113.2,0.929,2.136,0.0,2.4,0.6,0.36
1788450889.078,turning,11.39,4.747,152.2,0,12,135,11.275,3.825,111.5,0.929,2.136,0.0,2.4,0.6,0.36
1788450889.133,turning,11.39,4.747,153.0,0,12,135,11.275,3.825,110.7,0.929,2.136,0.0,2.4,0.6,0.36
1788450889.189,turning,11.389,4.749,154.3,0,12,135,11.275,3.825,109.3,0.931,2.134,0.0,2.4,0.6,0.36
1788450889.244,turning,11.388,4.75,154.9,0,12,135,11.275,3.825,108.6,0.932,2.133,0.0,2.4,0.6,0.36
1788450889.3,turning,11.388,4.751,156.4,0,12,135,11.275,3.825,107.1,0.933,2.132,0.0,2.4,0.6,0.36
1788450889.357,turning,11.388,4.751,157.2,0,12,135,11.275,3.825,106.3,0.933,2.132,0.0,2.4,0.6,0.36
1788450889.411,turning,11.388,4.751,158.8,0,12,135,11.275,3.825,104.6,0.933,2.132,0.0,2.4,0.6,0.36
1788450889.472,turning,11.388,4.751,159.7,0,12,135,11.275,3.825,103.8,0.933,2.132,0.0,2.4,0.6,0.36
1788450889.531,turning,11.397,4.739,160.5,0,12,135,11.275,3.825,102.8,0.922,2.144,0.0,2.4,0.6,0.36
1788450889.595,turning,11.402,4.729,160.8,0,12,135,11.275,3.825,102.5,0.913,2.153,0.0,2.4,0.6,0.36
1788450889.66,turning,11.405,4.724,161.4,0,12,135,11.275,3.825,101.8,0.908,2.158,0.0,2.4,0.6,0.36
1788450889.719,turning,11.405,4.724,163.0,0,12,135,11.275,3.825,100.1,0.908,2.158,0.0,2.4,0.6,0.36
1788450889.779,turning,11.405,4.724,163.8,0,12,135,11.275,3.825,99.2,0.908,2.158,0.0,2.4,0.6,0.36
1788450889.833,driving,11.405,4.724,165.5,0,12,135,11.275,3.825,97.5,0.908,2.158,0.221,0.0,0.6,0.36
1788450889.888,turning,11.404,4.725,165.9,0,12,135,11.275,3.825,97.0,0.909,2.157,0.0,4.5,0.6,0.36
1788450889.941,turning,11.398,4.727,166.9,0,12,135,11.275,3.825,96.0,0.91,2.155,0.0,4.5,0.6,0.36
1788450889.998,turning,11.397,4.727,169.4,0,12,135,11.275,3.825,93.5,0.91,2.155,0.0,4.5,0.6,0.36
1788450890.053,turning,11.397,4.727,174.7,0,12,135,11.275,3.825,88.1,0.91,2.155,0.0,4.5,0.6,0.36
1788450890.108,turning,11.397,4.727,177.4,0,12,135,11.275,3.825,85.3,0.91,2.155,0.0,4.475,0.6,0.36
1788450890.162,turning,11.397,4.727,-177.2,0,12,135,11.275,3.825,79.9,0.91,2.155,0.0,4.194,0.6,0.36
1788450890.219,turning,11.395,4.726,-174.8,0,12,135,11.275,3.825,77.6,0.909,2.156,0.0,4.07,0.6,0.36
1788450890.276,turning,11.39,4.724,-170.3,0,12,135,11.275,3.825,73.0,0.906,2.159,0.0,3.834,0.6,0.36
1788450890.342,turning,11.389,4.723,-167.7,0,12,135,11.275,3.825,70.4,0.906,2.16,0.0,3.697,0.6,0.36
1788450890.406,turning,11.389,4.723,-162.8,0,12,135,11.275,3.825,65.5,0.906,2.16,0.0,3.44,0.6,0.36
1788450890.472,turning,11.394,4.715,-161.5,0,12,135,11.275,3.825,64.2,0.898,2.168,0.0,3.372,0.6,0.36
1788450890.532,turning,11.393,4.693,-159.8,0,12,135,11.275,3.825,62.5,0.876,2.19,0.0,3.282,0.6,0.36
1788450890.589,turning,11.393,4.692,-158.5,0,12,135,11.275,3.825,61.2,0.875,2.191,0.0,3.215,0.6,0.36
1788450890.645,turning,11.391,4.691,-157.3,0,12,135,11.275,3.825,59.9,0.874,2.192,0.0,3.152,0.6,0.36
1788450890.701,turning,11.384,4.692,-155.1,0,12,135,11.275,3.825,57.7,0.874,2.191,0.0,3.037,0.6,0.36
1788450890.756,turning,11.38,4.694,-154.1,0,12,135,11.275,3.825,56.7,0.875,2.19,0.0,2.982,0.6,0.36
1788450890.811,turning,11.37,4.697,-152.6,0,12,135,11.275,3.825,55.3,0.878,2.187,0.0,2.906,0.6,0.36
1788450890.864,turning,11.363,4.698,-152.1,0,12,135,11.275,3.825,54.9,0.878,2.187,0.0,2.879,0.6,0.36
1788450890.92,turning,11.35,4.702,-150.3,0,12,135,11.275,3.825,53.3,0.88,2.185,0.0,2.787,0.6,0.36
1788450890.977,turning,11.346,4.704,-149.1,0,12,135,11.275,3.825,52.2,0.882,2.183,0.0,2.723,0.6,0.36
1788450891.035,turning,11.346,4.704,-147.4,0,12,135,11.275,3.825,50.7,0.882,2.183,0.0,2.635,0.6,0.36
1788450891.093,turning,11.348,4.703,-146.8,0,12,135,11.275,3.825,50.2,0.881,2.184,0.0,2.602,0.6,0.36
1788450891.158,turning,11.348,4.702,-145.1,0,12,135,11.275,3.825,48.5,0.88,2.185,0.0,2.511,0.6,0.36
1788450891.219,turning,11.348,4.702,-144.0,0,12,135,11.275,3.825,47.6,0.88,2.185,0.0,2.455,0.6,0.36
1788450891.276,turning,11.341,4.702,-142.9,0,12,135,11.275,3.825,46.6,0.88,2.185,0.0,2.4,0.6,0.36
1788450891.33,turning,11.334,4.703,-142.7,0,12,135,11.275,3.825,46.5,0.88,2.186,0.0,2.4,0.6,0.36
1788450891.386,turning,11.329,4.703,-141.4,0,12,135,11.275,3.825,45.4,0.88,2.186,0.0,2.4,0.6,0.36
1788450891.443,turning,11.329,4.703,-140.6,0,12,135,11.275,3.825,44.8,0.88,2.186,0.0,2.4,0.6,0.36
1788450891.505,turning,11.322,4.699,-139.3,0,12,135,11.275,3.825,43.7,0.875,2.191,0.0,2.4,0.6,0.36
1788450891.56,turning,11.318,4.696,-138.8,0,12,135,11.275,3.825,43.3,0.872,2.194,0.0,2.4,0.6,0.36
1788450891.615,turning,11.315,4.694,-138.1,0,12,135,11.275,3.825,42.8,0.87,2.196,0.0,2.4,0.6,0.36
1788450891.671,turning,11.315,4.694,-136.5,0,12,135,11.275,3.825,41.3,0.87,2.196,0.0,2.4,0.6,0.36
1788450891.726,turning,11.313,4.693,-135.8,0,12,135,11.275,3.825,40.8,0.869,2.197,0.0,2.4,0.6,0.36
1788450891.781,turning,11.303,4.69,-134.6,0,12,135,11.275,3.825,39.8,0.866,2.201,0.0,2.4,0.6,0.36
1788450891.838,turning,11.301,4.69,-133.9,0,12,135,11.275,3.825,39.2,0.865,2.202,0.0,2.4,0.6,0.36
1788450891.896,turning,11.301,4.69,-132.2,0,12,135,11.275,3.825,37.8,0.865,2.202,0.0,2.4,0.6,0.36
1788450891.959,turning,11.301,4.69,-131.4,0,12,135,11.275,3.825,37.1,0.865,2.202,0.0,2.4,0.6,0.36
1788450892.023,turning,11.301,4.69,-129.8,0,12,135,11.275,3.825,35.6,0.865,2.202,0.0,2.4,0.6,0.36
1788450892.085,turning,11.299,4.69,-128.9,0,12,135,11.275,3.825,34.9,0.865,2.203,0.0,2.4,0.6,0.36
1788450892.143,turning,11.293,4.69,-127.0,0,12,135,11.275,3.825,33.2,0.865,2.204,0.0,2.4,0.6,0.36
1788450892.195,turning,11.292,4.69,-126.1,0,12,135,11.275,3.825,32.5,0.865,2.204,0.0,2.4,0.6,0.36
1788450892.252,turning,11.292,4.69,-124.5,0,12,135,11.275,3.825,31.0,0.865,2.204,0.0,2.4,0.6,0.36
1788450892.305,turning,11.292,4.69,-123.7,0,12,135,11.275,3.825,30.3,0.865,2.204,0.0,2.4,0.6,0.35
1788450892.357,turning,11.292,4.69,-122.0,0,12,135,11.275,3.825,28.8,0.865,2.204,0.0,2.4,0.6,0.35
1788450892.41,turning,11.282,4.692,-121.1,0,12,135,11.275,3.825,28.0,0.867,2.203,0.0,2.4,0.6,0.34
1788450892.463,turning,11.259,4.696,-119.2,0,12,135,11.275,3.825,26.4,0.871,2.202,0.0,2.4,0.6,0.34
1788450892.517,turning,11.259,4.696,-118.3,0,12,135,11.275,3.825,25.8,0.871,2.202,0.0,2.4,0.6,0.34
1788450892.57,turning,11.259,4.696,-117.5,0,12,135,11.275,3.825,25.2,0.871,2.202,0.0,2.4,0.6,0.34
1788450892.627,turning,11.259,4.696,-115.9,0,12,135,11.275,3.825,23.8,0.871,2.202,0.0,2.4,0.6,0.34
1788450892.683,turning,11.259,4.696,-115.1,0,12,135,11.275,3.825,23.1,0.871,2.202,0.0,2.4,0.6,0.34
1788450892.747,turning,11.243,4.697,-113.1,0,12,135,11.275,3.825,21.4,0.873,2.203,0.0,2.4,0.6,0.34
1788450892.806,turning,11.227,4.698,-112.0,0,12,135,11.275,3.825,20.6,0.874,2.205,0.0,2.4,0.6,0.34
1788450892.863,turning,11.214,4.699,-110.1,0,12,135,11.275,3.825,19.0,0.876,2.206,0.0,2.4,0.6,0.33
1788450892.916,turning,11.214,4.699,-109.3,0,12,135,11.275,3.825,18.5,0.876,2.206,0.0,2.4,0.6,0.33
1788450892.97,turning,11.214,4.699,-107.7,0,12,135,11.275,3.825,17.2,0.876,2.206,0.0,2.4,0.6,0.33
1788450893.022,turning,11.214,4.699,-106.8,0,12,135,11.275,3.825,16.6,0.876,2.206,0.0,2.4,0.6,0.33
1788450893.078,turning,11.21,4.696,-105.1,0,12,135,11.275,3.825,15.1,0.874,2.209,0.0,2.4,0.6,0.33
1788450893.129,turning,11.206,4.694,-104.1,0,12,135,11.275,3.825,14.5,0.872,2.212,0.0,2.4,0.6,0.33
1788450893.183,driving,11.204,4.693,-102.4,0,12,135,11.275,3.825,13.0,0.871,2.214,0.22,0.0,0.6,0.33
1788450893.237,driving,11.204,4.693,-101.6,0,12,135,11.275,3.825,12.5,0.871,2.214,0.22,0.0,0.6,0.33
1788450893.289,driving,11.204,4.693,-101.5,0,12,135,11.275,3.825,12.6,0.871,2.214,0.22,0.0,0.6,0.33
1788450893.341,driving,11.204,4.693,-101.5,0,12,135,11.275,3.825,12.8,0.871,2.214,0.22,0.0,0.6,0.33
1788450893.396,driving,11.21,4.685,-101.1,0,12,135,11.275,3.825,12.5,0.862,2.22,0.22,0.0,0.6,0.33
1788450893.452,driving,11.215,4.68,-100.8,0,12,135,11.275,3.825,12.4,0.857,2.225,0.22,0.0,0.6,0.33
1788450893.509,driving,11.217,4.677,-100.6,0,12,135,11.275,3.825,12.4,0.854,2.227,0.22,0.0,0.6,0.33
1788450893.563,driving,11.217,4.677,-100.6,0,12,135,11.275,3.825,12.5,0.854,2.227,0.22,0.0,0.6,0.33
1788450893.62,driving,11.217,4.677,-100.6,0,12,135,11.275,3.825,12.6,0.854,2.227,0.22,0.0,0.6,0.33
1788450893.675,driving,11.217,4.677,-100.6,0,12,135,11.275,3.825,12.7,0.854,2.227,0.22,0.0,0.6,0.33
1788450893.73,driving,11.212,4.677,-100.5,0,12,135,11.275,3.825,12.7,0.854,2.228,0.22,0.0,0.6,0.33
1788450893.782,driving,11.195,4.678,-100.0,0,12,135,11.275,3.825,12.4,0.857,2.23,0.22,0.0,0.6,0.33
1788450893.834,driving,11.192,4.678,-99.9,0,12,135,11.275,3.825,12.5,0.857,2.23,0.22,0.0,0.6,0.33
1788450893.885,driving,11.192,4.678,-99.9,0,12,135,11.275,3.825,12.7,0.857,2.23,0.22,0.0,0.6,0.33
1788450893.936,driving,11.192,4.678,-99.9,0,12,135,11.275,3.825,12.9,0.857,2.23,0.22,0.0,0.6,0.33
1788450893.991,driving,11.192,4.678,-99.9,0,12,135,11.275,3.825,13.0,0.857,2.23,0.22,0.0,0.6,0.33
1788450894.043,driving,11.192,4.678,-99.9,0,12,135,11.275,3.825,13.2,0.857,2.23,0.22,0.0,0.6,0.33
1788450894.093,driving,11.192,4.678,-99.9,0,12,135,11.275,3.825,13.3,0.857,2.23,0.22,0.0,0.6,0.33
1788450894.147,driving,11.192,4.678,-99.9,0,12,135,11.275,3.825,13.4,0.857,2.23,0.22,0.0,0.6,0.33
1788450894.198,driving,11.192,4.678,-99.9,0,12,135,11.275,3.825,13.6,0.857,2.23,0.22,0.0,0.6,0.33
1788450894.258,driving,11.192,4.678,-99.9,0,12,135,11.275,3.825,13.7,0.857,2.23,0.22,0.0,0.6,0.33
1788450894.316,driving,11.192,4.678,-99.9,0,12,135,11.275,3.825,13.8,0.857,2.23,0.22,0.0,0.6,0.33
1788450894.374,driving,11.192,4.678,-99.9,0,12,135,11.275,3.825,13.9,0.857,2.23,0.22,0.0,0.6,0.33
1788450894.436,driving,11.192,4.678,-99.9,0,12,135,11.275,3.825,14.0,0.857,2.23,0.22,0.0,0.6,0.33
1788450894.493,driving,11.192,4.678,-99.9,0,12,135,11.275,3.825,14.1,0.857,2.23,0.22,0.0,0.6,0.33
1788450894.549,driving,11.192,4.678,-99.9,0,12,135,11.275,3.825,14.1,0.857,2.23,0.22,0.0,0.6,0.33
1788450894.604,driving,11.192,4.678,-99.9,0,12,135,11.275,3.825,14.2,0.857,2.23,0.22,0.0,0.6,0.33
1788450894.657,driving,11.192,4.678,-99.9,0,12,135,11.275,3.825,14.3,0.857,2.23,0.22,0.0,0.6,0.33
1788450894.709,driving,11.192,4.678,-99.9,0,12,135,11.275,3.825,14.4,0.857,2.23,0.22,0.0,0.6,0.33
1788450894.762,driving,11.192,4.678,-99.9,0,12,135,11.275,3.825,14.4,0.857,2.23,0.22,0.0,0.6,0.33
1788450894.815,driving,11.192,4.678,-99.9,0,12,135,11.275,3.825,14.5,0.857,2.23,0.22,0.0,0.6,0.33
1788450894.868,driving,11.192,4.678,-99.9,0,12,135,11.275,3.825,14.6,0.857,2.23,0.22,0.0,0.6,0.33
1788450894.925,driving,11.192,4.678,-99.9,0,12,135,11.275,3.825,14.6,0.857,2.23,0.22,0.0,0.6,0.33
1788450894.979,driving,11.192,4.678,-99.9,0,12,135,11.275,3.825,14.7,0.857,2.23,0.22,0.0,0.6,0.33
1788450895.038,driving,11.192,4.678,-99.9,0,12,135,11.275,3.825,14.7,0.857,2.23,0.22,0.0,0.6,0.33
1788450895.094,driving,11.192,4.678,-99.9,0,12,135,11.275,3.825,14.8,0.857,2.23,0.22,0.0,0.6,0.33
1788450895.156,driving,11.192,4.678,-99.9,0,12,135,11.275,3.825,14.8,0.857,2.23,0.22,0.0,0.6,0.33
1788450895.21,driving,11.192,4.678,-99.9,0,12,135,11.275,3.825,14.8,0.857,2.23,0.22,0.0,0.6,0.33
1788450895.264,driving,11.192,4.678,-99.9,0,12,135,11.275,3.825,14.9,0.857,2.23,0.22,0.0,0.6,0.33
1788450895.315,driving,11.192,4.678,-99.9,0,12,135,11.275,3.825,14.9,0.857,2.23,0.22,0.0,0.6,0.33
1788450895.367,driving,11.192,4.678,-99.9,0,12,135,11.275,3.825,14.9,0.857,2.23,0.22,0.0,0.6,0.33
1788450895.42,driving,11.192,4.678,-99.9,0,12,135,11.275,3.825,15.0,0.857,2.23,0.22,0.0,0.6,0.33
1788450895.474,driving,11.192,4.678,-99.9,0,12,135,11.275,3.825,15.0,0.857,2.23,0.22,0.0,0.6,0.33
1788450895.527,driving,11.192,4.678,-99.9,0,12,135,11.275,3.825,15.0,0.857,2.23,0.22,0.0,0.6,0.33
1788450895.58,driving,11.192,4.678,-99.9,0,12,135,11.275,3.825,15.1,0.857,2.23,0.22,0.0,0.6,0.33
1788450895.633,driving,11.192,4.678,-99.9,0,12,135,11.275,3.825,15.1,0.857,2.23,0.22,0.0,0.6,0.33
1788450895.685,driving,11.192,4.678,-99.9,0,12,135,11.275,3.825,15.1,0.857,2.23,0.22,0.0,0.6,0.33
1788450895.738,driving,11.192,4.678,-99.9,0,12,135,11.275,3.825,15.1,0.857,2.23,0.22,0.0,0.6,0.33
