t,state,reason,active,lin,ang,nav_wants,x,y,stuck_s,rear_gap,front_gap,side_clear,nearest,guard_blocked,obstacle_mapped,near_mapped
1.01,monitoring,,0,0.0,0.0,0,0.0,0.0,,0.749,5.95,0.739,1.0,0,0,1
1.1,monitoring,,0,0.0,0.0,0,0.0,-0.0,,0.749,5.95,0.739,1.0,0,0,1
1.2,monitoring,,0,0.0,0.0,0,0.0,-0.0,,0.749,5.95,0.739,1.0,0,0,1
1.3,monitoring,,0,0.0,0.0,0,0.0,-0.0,,0.749,5.95,0.739,1.0,0,0,1
1.4,monitoring,,0,0.0,0.0,0,0.0,-0.0,,0.749,5.95,0.739,1.0,0,0,1
1.5,monitoring,,0,0.0,0.0,0,0.0,-0.0,,0.749,5.95,0.739,1.0,0,0,1
1.6,monitoring,,0,0.0,0.0,0,0.0,-0.0,,0.749,5.95,0.739,1.0,0,0,1
1.7,monitoring,,0,0.0,0.0,0,0.0,-0.0,,0.749,5.95,0.739,1.0,0,0,1
1.8,monitoring,,0,0.0,0.0,0,0.0,-0.0,,0.749,5.95,0.739,1.0,0,0,1
1.9,monitoring,,0,0.0,0.0,0,0.0,-0.0,,0.749,5.95,0.739,1.0,0,0,1
2.0,monitoring,,0,0.0,0.0,0,0.0,-0.0,,0.749,5.95,0.739,1.0,0,0,1
2.1,monitoring,,0,0.0,0.0,0,0.0,-0.0,,0.749,5.95,0.739,1.0,0,0,1
2.268,monitoring,,0,0.0,0.0,0,0.0,-0.0,,0.749,5.95,0.739,1.0,0,0,1
2.306,monitoring,,0,0.0,0.0,0,0.0,-0.0,,0.749,5.95,0.739,1.0,0,0,1
2.5,monitoring,,0,0.0,0.0,0,0.0,-0.0,,0.749,5.95,0.739,1.0,0,0,1
2.5,monitoring,,0,0.0,0.0,0,0.0,-0.0,,0.749,5.95,0.739,1.0,0,0,1
2.5,monitoring,,0,0.0,0.0,0,0.0,-0.0,,0.749,5.95,0.739,1.0,0,0,1
2.5,monitoring,,0,0.0,0.0,0,0.0,-0.0,,0.749,5.95,0.739,1.0,0,0,1
2.5,monitoring,,0,0.0,0.0,0,0.0,-0.0,,0.749,5.95,0.739,1.0,0,0,1
3.0,monitoring,,0,0.0,0.0,0,0.0,-0.0,,0.749,5.95,0.739,1.0,0,0,1
3.1,monitoring,,0,0.0,0.0,0,0.0,-0.0,,0.749,5.95,0.739,1.0,0,0,1
3.2,monitoring,,0,0.0,0.0,0,0.0,-0.0,,0.749,5.95,0.739,1.0,0,0,1
3.3,monitoring,,0,0.0,0.0,0,0.0,-0.0,,0.749,5.95,0.739,1.0,0,0,1
3.4,monitoring,,0,0.0,0.0,0,0.0,-0.0,,0.749,5.95,0.739,1.0,0,0,1
3.5,monitoring,,0,0.0,0.0,0,-0.0,-0.0,,0.749,5.95,0.739,1.0,0,0,1
3.6,monitoring,,0,0.0,0.0,0,-0.0,-0.0,,0.749,5.95,0.739,1.0,0,0,1
3.7,monitoring,,0,0.0,0.0,0,-0.0,-0.0,,0.749,5.95,0.739,1.0,0,0,1
3.8,monitoring,,0,0.0,0.0,0,-0.0,-0.0,,0.749,5.95,0.739,1.0,0,0,1
3.9,monitoring,,0,0.0,0.0,0,-0.0,-0.0,,0.749,5.95,0.739,1.0,0,0,1
4.0,monitoring,,0,0.0,0.0,0,-0.0,-0.0,,0.749,5.95,0.739,1.0,0,0,1
4.1,monitoring,,0,0.0,0.0,0,-0.0,-0.0,,0.749,5.95,0.739,1.0,0,0,1
4.2,monitoring,,0,0.0,0.0,0,-0.0,-0.0,,0.749,5.95,0.739,1.0,0,0,1
4.3,monitoring,,0,0.0,0.0,0,-0.0,-0.0,,0.749,5.95,0.739,1.0,0,0,1
4.4,monitoring,,0,0.0,0.0,0,-0.0,-0.0,,0.749,5.95,0.739,1.0,0,0,1
4.5,monitoring,,0,0.0,0.0,0,-0.0,-0.0,,0.749,5.95,0.739,1.0,0,0,1
4.6,monitoring,,0,0.0,0.0,0,-0.0,-0.0,,0.749,5.95,0.739,1.0,0,0,1
4.7,monitoring,,0,0.0,0.0,0,-0.0,-0.0,,0.749,5.95,0.739,1.0,0,0,1
4.8,monitoring,,0,0.0,0.0,0,-0.0,-0.0,,0.749,5.95,0.739,1.0,0,0,1
4.9,monitoring,,0,0.0,0.0,0,-0.0,-0.0,,0.749,5.95,0.739,1.0,0,0,1
5.0,monitoring,,0,0.0,0.0,0,-0.0,-0.0,,0.749,5.95,0.739,1.0,0,0,1
5.1,monitoring,,0,0.0,0.0,0,-0.0,-0.0,,0.749,5.95,0.739,1.0,0,0,1
5.2,monitoring,,0,0.0,0.0,0,-0.0,-0.0,,0.749,5.95,0.739,1.0,0,0,1
5.3,monitoring,,0,0.0,0.0,0,-0.0,-0.0,,0.749,5.95,0.739,1.0,0,0,1
5.4,monitoring,,0,0.0,0.0,0,-0.0,-0.0,,0.749,5.95,0.739,1.0,0,0,1
5.5,monitoring,,0,0.0,0.0,0,-0.0,-0.0,,0.749,5.95,0.739,1.0,0,0,1
5.6,monitoring,,0,0.0,0.0,0,-0.0,-0.0,,0.749,5.95,0.739,1.0,0,0,1
5.7,monitoring,,0,0.0,0.0,0,-0.0,-0.0,,0.749,5.95,0.739,1.0,0,0,1
5.8,monitoring,,0,0.0,0.0,0,-0.0,-0.0,,0.749,5.95,0.739,1.0,0,0,1
5.9,monitoring,,0,0.0,0.0,0,-0.0,-0.0,,0.749,5.95,0.739,1.0,0,0,1
6.0,monitoring,,0,0.0,0.0,0,-0.0,-0.0,,0.749,5.95,0.739,1.0,0,0,1
6.1,monitoring,,0,0.0,0.0,0,-0.0,-0.0,,0.749,5.95,0.739,1.0,0,0,1
6.2,monitoring,,0,0.0,0.0,0,-0.0,-0.0,,0.749,5.95,0.739,1.0,0,0,1
6.3,monitoring,,0,0.0,0.0,0,-0.0,-0.0,,0.749,5.95,0.739,1.0,0,0,1
6.4,monitoring,,0,0.0,0.0,0,-0.0,-0.0,,0.749,5.95,0.739,1.0,0,0,1
6.5,monitoring,,0,0.0,0.0,0,-0.0,-0.0,,0.749,5.95,0.739,1.0,0,0,1
6.601,monitoring,,0,0.0,0.0,0,-0.0,-0.0,,0.749,5.95,0.739,1.0,0,0,1
6.7,monitoring,,0,0.0,0.0,0,-0.0,-0.0,,0.749,5.95,0.739,1.0,0,0,1
6.8,monitoring,,0,0.0,0.0,0,-0.0,-0.0,,0.749,5.95,0.739,1.0,0,0,1
6.9,monitoring,,0,0.0,0.0,0,-0.0,-0.0,,0.749,5.95,0.739,1.0,0,0,1
7.0,monitoring,,0,0.0,0.0,0,-0.0,-0.0,,0.749,5.95,0.739,1.0,0,0,1
7.1,monitoring,,0,0.0,0.0,0,-0.0,-0.0,,0.749,5.95,0.739,1.0,0,0,1
7.2,monitoring,,0,0.0,0.0,0,-0.0,-0.0,,0.749,5.95,0.739,1.0,0,0,1
7.3,monitoring,,0,0.0,0.0,0,-0.0,-0.0,,0.749,5.95,0.739,1.0,0,0,1
7.4,monitoring,,0,0.0,0.0,0,-0.0,-0.0,,0.749,5.95,0.739,1.0,0,0,1
7.5,monitoring,,0,0.0,0.0,0,-0.0,-0.0,,0.749,5.95,0.739,1.0,0,0,1
7.6,monitoring,,0,0.0,0.0,0,-0.0,-0.0,,0.749,5.95,0.739,1.0,0,0,1
7.7,monitoring,,0,0.0,0.0,0,-0.0,-0.0,,0.749,5.95,0.739,1.0,0,0,1
7.8,monitoring,,0,0.0,0.0,0,-0.0,-0.0,,0.749,5.95,0.739,1.0,0,0,1
7.9,monitoring,,0,0.0,0.0,0,-0.0,-0.0,,0.749,5.95,0.739,1.0,0,0,1
8.0,monitoring,,0,0.0,0.0,0,-0.0,-0.0,,0.749,5.95,0.739,1.0,0,0,1
8.1,monitoring,,0,0.0,0.0,0,-0.0,-0.0,,0.749,5.95,0.739,1.0,0,0,1
8.2,monitoring,,0,0.0,0.0,0,-0.0,-0.0,,0.749,5.95,0.739,1.0,0,0,1
8.3,monitoring,,0,0.0,0.0,0,-0.0,-0.0,,0.749,5.95,0.739,1.0,0,0,1
8.4,monitoring,,0,0.0,0.0,0,-0.0,-0.0,,0.749,5.95,0.739,1.0,0,0,1
8.5,monitoring,,0,0.0,0.0,0,-0.0,-0.0,,0.749,5.95,0.739,1.0,0,0,1
8.601,monitoring,,0,0.0,0.0,0,-0.0,-0.0,,0.749,5.95,0.739,1.0,0,0,1
8.7,monitoring,,0,0.0,0.0,0,-0.0,-0.0,,0.749,5.95,0.739,1.0,0,0,1
8.8,monitoring,,0,0.0,0.0,0,-0.0,-0.0,,0.749,5.95,0.739,1.0,0,0,1
8.9,monitoring,,0,0.0,0.0,0,-0.0,-0.0,,0.749,5.95,0.739,1.0,0,0,1
9.0,monitoring,,0,0.0,0.0,0,-0.0,-0.0,,0.749,5.95,0.739,1.0,0,0,1
9.1,monitoring,,0,0.0,0.0,0,-0.0,-0.0,,0.749,5.95,0.739,1.0,0,0,1
9.2,monitoring,,0,0.0,0.0,0,-0.0,-0.0,,0.749,5.95,0.739,1.0,0,0,1
9.3,monitoring,,0,0.0,0.0,0,-0.0,-0.0,,0.749,5.95,0.739,1.0,0,0,1
9.4,monitoring,,0,0.0,0.0,0,-0.0,-0.0,,0.749,5.95,0.739,1.0,0,0,1
9.5,monitoring,,0,0.0,0.0,0,-0.0,-0.0,,0.749,5.95,0.739,1.0,0,0,1
9.6,monitoring,,0,0.0,0.0,0,-0.0,-0.0,,0.749,5.95,0.739,1.0,0,0,1
9.7,monitoring,,0,0.0,0.0,0,-0.0,-0.0,,0.749,5.95,0.739,1.0,0,0,1
9.8,monitoring,,0,0.0,0.0,0,-0.0,-0.0,,0.749,5.95,0.739,1.0,0,0,1
9.9,monitoring,,0,0.0,0.0,0,-0.0,-0.0,,0.749,5.95,0.739,1.0,0,0,1
10.0,monitoring,,0,0.0,0.0,0,-0.0,-0.0,,0.749,5.95,0.739,1.0,0,0,1
10.1,monitoring,,0,0.0,0.0,0,-0.0,-0.0,,0.749,5.95,0.739,1.0,0,0,1
10.2,monitoring,,0,0.0,0.0,0,-0.0,-0.0,,0.749,5.95,0.739,1.0,0,0,1
10.3,monitoring,,0,0.0,0.0,0,-0.0,-0.0,,0.749,5.95,0.739,1.0,0,0,1
10.4,monitoring,,0,0.0,0.0,0,-0.0,-0.0,,0.749,5.95,0.739,1.0,0,0,1
10.5,monitoring,,0,0.0,0.0,0,-0.0,-0.0,,0.749,5.95,0.739,1.0,0,0,1
10.6,monitoring,,0,0.0,0.0,0,-0.0,-0.0,,0.749,5.95,0.739,1.0,0,0,1
10.7,monitoring,,0,0.0,0.0,0,-0.0,-0.0,,0.749,5.95,0.739,1.0,0,0,1
10.8,monitoring,,0,0.0,0.0,0,-0.0,-0.0,,0.749,5.95,0.739,1.0,0,0,1
10.9,monitoring,,0,0.0,0.0,0,-0.0,-0.0,,0.749,5.95,0.739,1.0,0,0,1
11.0,monitoring,,0,0.0,0.0,0,-0.0,-0.0,,0.749,5.95,0.739,1.0,0,0,1
11.1,monitoring,,0,0.0,0.0,0,-0.0,-0.0,,0.749,5.95,0.739,1.0,0,0,1
11.2,monitoring,,0,0.0,0.0,0,-0.0,-0.0,,0.749,5.95,0.739,1.0,0,0,1
11.3,monitoring,,0,0.0,0.0,0,-0.0,-0.0,,0.749,5.95,0.739,1.0,0,0,1
11.4,monitoring,,0,0.0,0.0,0,-0.0,-0.0,,0.749,5.95,0.739,1.0,0,0,1
11.5,monitoring,,0,0.0,0.0,0,-0.0,-0.0,,0.749,5.95,0.739,1.0,0,0,1
11.6,monitoring,,0,0.0,0.0,0,-0.0,-0.0,,0.749,5.95,0.739,1.0,0,0,1
11.7,monitoring,,0,0.0,0.0,0,-0.0,-0.0,,0.749,5.95,0.739,1.0,0,0,1
11.8,monitoring,,0,0.0,0.0,0,-0.0,-0.0,,0.749,5.95,0.739,1.0,0,0,1
11.9,monitoring,,0,0.0,0.0,0,-0.0,-0.0,,0.749,5.95,0.739,1.0,0,0,1
12.0,monitoring,,0,0.0,0.0,0,-0.0,-0.0,,0.749,5.95,0.739,1.0,0,0,1
12.1,monitoring,,0,0.0,0.0,0,-0.0,-0.0,,0.749,5.95,0.739,1.0,0,0,1
12.2,monitoring,,0,0.0,0.0,0,-0.0,-0.0,,0.749,5.95,0.739,1.0,0,0,1
12.3,monitoring,,0,0.0,0.0,0,-0.0,-0.0,,0.749,5.95,0.739,1.0,0,0,1
12.4,monitoring,,0,0.0,0.0,0,-0.0,-0.0,,0.749,5.95,0.739,1.0,0,0,1
12.5,monitoring,,0,0.0,0.0,0,-0.0,-0.0,,0.749,5.95,0.739,1.0,0,0,1
12.6,monitoring,,0,0.0,0.0,0,-0.0,-0.0,,0.749,5.95,0.739,1.0,0,0,1
12.7,monitoring,,0,0.0,0.0,0,-0.0,-0.0,,0.749,5.95,0.739,1.0,0,0,1
12.8,monitoring,,0,0.0,0.0,0,-0.0,-0.0,,0.749,5.95,0.739,1.0,0,0,1
12.9,monitoring,,0,0.0,0.0,0,-0.0,-0.0,,0.749,5.95,0.739,1.0,0,0,1
13.0,monitoring,,0,0.0,0.0,0,-0.0,-0.0,,0.749,5.95,0.739,1.0,0,0,1
13.1,monitoring,,0,0.0,0.0,0,-0.0,-0.0,,0.749,5.95,0.739,1.0,0,0,1
13.2,monitoring,,0,0.0,0.0,0,-0.0,-0.0,,0.749,5.95,0.739,1.0,0,0,1
13.3,monitoring,,0,0.0,0.0,0,-0.0,-0.0,,0.749,5.95,0.739,1.0,0,0,1
13.4,monitoring,,0,0.0,0.0,0,-0.0,-0.0,,0.749,5.95,0.739,1.0,0,0,1
13.5,monitoring,,0,0.0,0.0,0,-0.0,-0.0,,0.749,5.95,0.739,1.0,0,0,1
13.6,monitoring,,0,0.0,0.0,0,-0.0,-0.0,,0.749,5.95,0.739,1.0,0,0,1
13.7,monitoring,,0,0.0,0.0,0,-0.0,-0.0,,0.749,5.95,0.739,1.0,0,0,1
13.8,monitoring,,0,0.0,0.0,0,-0.0,-0.0,,0.749,5.95,0.739,1.0,0,0,1
13.9,monitoring,,0,0.0,0.0,0,-0.0,-0.0,,0.749,5.95,0.739,1.0,0,0,1
14.0,monitoring,,0,0.0,0.0,0,-0.0,-0.0,,0.749,5.95,0.739,1.0,0,0,1
14.1,monitoring,,0,0.0,0.0,0,-0.0,-0.0,,0.749,5.95,0.739,1.0,0,0,1
14.2,monitoring,,0,0.0,0.0,0,-0.0,-0.0,,0.749,5.95,0.739,1.0,0,0,1
14.3,monitoring,,0,0.0,0.0,0,-0.0,-0.0,,0.749,5.95,0.739,1.0,0,0,1
14.4,monitoring,,0,0.0,0.0,0,-0.0,-0.0,,0.749,5.95,0.739,1.0,0,0,1
14.5,monitoring,,0,0.0,0.0,0,-0.0,-0.0,,0.749,5.95,0.739,1.0,0,0,1
14.6,monitoring,,0,0.0,0.0,0,-0.0,-0.0,,0.749,5.95,0.739,1.0,0,0,1
14.7,monitoring,,0,0.0,0.0,0,-0.0,-0.0,,0.749,5.95,0.739,1.0,0,0,1
14.8,monitoring,,0,0.0,0.0,0,0.0,0.0,0.0,0.749,5.95,0.739,1.0,0,0,1
14.9,monitoring,,0,0.0,0.0,1,-0.0,-0.0,0.11,0.742,3.181,0.732,0.999,0,0,1
15.0,monitoring,,0,0.0,0.0,1,-0.0,-0.0,0.0,0.72,3.12,0.715,0.996,0,0,1
15.1,monitoring,,0,0.0,0.0,1,-0.0,-0.0,0.11,0.709,3.175,0.711,0.993,0,0,1
15.2,monitoring,,0,0.0,0.0,1,-0.0,-0.0,0.23,0.708,6.26,0.715,0.99,0,0,1
15.3,monitoring,,0,0.0,0.0,1,-0.0,-0.0,0.0,0.712,6.414,0.723,0.988,0,0,1
15.4,monitoring,,0,0.0,0.0,1,-0.0,-0.0,0.11,0.724,6.566,0.734,0.986,0,0,1
15.5,monitoring,,0,0.0,0.0,1,-0.0,-0.0,0.22,0.732,6.713,0.745,0.984,0,0,1
15.6,monitoring,,0,0.0,0.0,1,-0.0,-0.0,0.33,0.741,8.065,0.765,0.982,0,0,1
15.7,monitoring,,0,0.0,0.0,1,-0.0,-0.0,0.0,0.752,7.957,0.781,0.981,0,0,1
15.8,monitoring,,0,0.0,0.0,1,-0.0,-0.0,0.11,0.765,8.099,0.798,0.979,0,0,1
15.9,monitoring,,0,0.0,0.0,1,-0.0,-0.0,0.22,0.791,8.352,0.83,0.977,0,0,1
16.0,monitoring,,0,0.0,0.0,1,-0.0,-0.0,0.34,0.81,4.632,0.854,0.975,0,0,1
16.1,monitoring,,0,0.0,0.0,1,-0.0,-0.0,0.0,0.832,4.347,0.881,0.973,0,0,1
16.2,monitoring,,0,0.0,0.0,1,-0.0,0.0,0.11,0.87,4.17,0.873,0.971,0,0,1
16.3,monitoring,,0,0.0,0.0,1,-0.0,0.0,0.21,0.88,4.013,0.841,0.969,0,0,1
16.4,monitoring,,0,0.0,0.0,1,-0.0,0.0,0.32,0.854,3.873,0.801,0.967,0,0,1
16.5,monitoring,,0,0.0,0.0,1,-0.0,0.0,0.0,0.821,3.75,0.777,0.965,0,0,1
16.6,monitoring,,0,0.0,0.0,1,-0.0,0.0,0.12,0.802,3.64,0.746,0.963,0,0,1
16.7,monitoring,,0,0.0,0.0,1,-0.0,0.0,0.24,0.786,3.638,0.728,0.96,0,0,1
16.8,monitoring,,0,0.0,0.0,1,0.0,0.0,0.34,0.763,3.631,0.713,0.958,0,0,1
16.9,monitoring,,0,0.0,0.0,1,0.0,0.0,0.0,0.752,3.68,0.692,0.956,0,0,1
17.0,monitoring,,0,0.0,0.0,1,0.0,0.0,0.11,0.742,3.98,0.681,0.954,0,0,1
17.1,monitoring,,0,0.0,0.0,1,0.001,0.003,0.22,0.737,3.247,0.674,0.952,0,0,1
17.2,monitoring,,0,0.0,0.0,1,0.001,0.003,0.33,0.746,4.011,0.68,0.954,0,0,1
17.3,monitoring,,0,0.0,0.0,1,0.001,0.003,0.45,0.759,3.666,0.691,0.954,0,0,1
17.4,monitoring,,0,0.0,0.0,1,0.001,0.003,0.57,0.772,3.634,0.71,0.955,0,0,1
17.5,monitoring,,0,0.0,0.0,1,0.001,0.003,0.0,0.797,3.626,0.725,0.955,0,0,1
17.6,monitoring,,0,0.0,0.0,1,0.001,0.003,0.1,0.816,3.652,0.742,0.955,0,0,1
17.7,monitoring,,0,0.0,0.0,1,0.001,0.003,0.21,0.849,3.768,0.773,0.956,0,0,1
17.8,monitoring,,0,0.0,0.0,1,0.001,0.003,0.32,0.876,3.9,0.797,0.956,0,0,1
17.9,monitoring,,0,0.0,0.0,1,0.001,0.003,0.0,0.873,4.049,0.837,0.957,0,0,1
18.0,monitoring,,0,0.0,0.0,1,0.001,0.003,0.13,0.829,4.219,0.869,0.957,0,0,1
18.1,monitoring,,0,0.0,0.0,1,0.001,0.003,0.25,0.803,4.412,0.887,0.958,0,0,1
18.2,monitoring,,0,0.0,0.0,1,0.001,0.003,0.36,0.77,8.509,0.862,0.958,0,0,1
18.3,monitoring,,0,0.0,0.0,1,0.001,0.003,0.0,0.752,8.229,0.84,0.959,0,0,1
18.4,monitoring,,0,0.0,0.0,1,0.001,0.003,0.1,0.736,7.982,0.811,0.959,0,0,1
18.5,monitoring,,0,0.0,0.0,1,0.001,0.003,0.21,0.715,7.997,0.796,0.96,0,0,1
18.6,monitoring,,0,0.0,0.0,1,0.001,0.003,0.32,0.704,8.437,0.783,0.961,0,0,1
18.7,monitoring,,0,0.0,0.0,1,0.001,0.003,0.0,0.696,6.631,0.772,0.961,0,0,1
18.8,monitoring,,0,0.0,0.0,1,0.001,0.003,0.12,0.689,6.498,0.764,0.962,0,0,1
18.9,monitoring,,0,0.0,0.0,1,0.004,0.004,0.22,0.685,6.383,0.757,0.963,0,0,1
19.0,monitoring,,0,0.0,0.0,1,0.004,0.004,0.33,0.687,6.345,0.752,0.967,0,0,1
19.1,monitoring,,0,0.0,0.0,1,0.004,0.004,0.0,0.686,6.251,0.748,0.968,0,0,1
19.2,monitoring,,0,0.0,0.0,1,0.004,0.004,0.11,0.686,6.199,0.746,0.969,0,0,1
19.3,monitoring,,0,0.0,0.0,1,0.004,0.004,0.22,0.688,3.155,0.747,0.97,0,0,1
19.4,monitoring,,0,0.0,0.0,1,0.004,0.004,0.34,0.692,3.135,0.749,0.971,0,0,1
19.5,monitoring,,0,0.0,0.0,1,0.004,0.004,0.0,0.697,3.138,0.755,0.973,0,0,1
19.6,monitoring,,0,0.0,0.0,1,0.011,0.005,0.11,0.704,3.135,0.76,0.974,0,0,1
19.7,monitoring,,0,0.0,0.0,1,0.033,0.007,0.22,0.713,3.126,0.761,0.983,0,0,1
19.8,monitoring,,0,0.0,0.0,1,0.063,0.01,0.0,0.738,3.102,0.763,1.007,0,0,1
19.9,monitoring,,0,0.0,0.0,1,0.094,0.013,0.11,0.767,3.072,0.766,1.037,0,0,1
20.0,monitoring,,0,0.0,0.0,1,0.124,0.017,0.0,0.798,3.042,0.769,1.047,0,0,1
20.1,monitoring,,0,0.0,0.0,1,0.155,0.02,0.13,0.827,3.012,0.771,1.05,0,0,1
20.2,monitoring,,0,0.0,0.0,1,0.185,0.023,0.0,0.858,2.982,0.774,1.053,0,0,1
20.3,monitoring,,0,0.0,0.0,1,0.216,0.026,0.11,0.887,2.952,0.777,1.056,0,0,1
20.4,monitoring,,0,0.0,0.0,1,0.236,0.028,0.0,0.918,2.922,0.78,1.059,0,0,1
20.5,monitoring,,0,0.0,0.0,1,0.266,0.031,0.11,0.947,2.892,0.783,1.062,0,0,1
20.6,monitoring,,0,0.0,0.0,1,0.297,0.034,0.0,0.977,2.862,0.785,1.065,0,0,1
20.7,monitoring,,0,0.0,0.0,1,0.327,0.037,0.12,1.008,2.832,0.788,1.067,0,0,1
20.8,monitoring,,0,0.0,0.0,1,0.358,0.041,0.0,1.037,2.802,0.791,1.07,0,0,1
20.9,monitoring,,0,0.0,0.0,1,0.388,0.044,0.12,1.067,2.772,0.794,1.073,0,0,1
21.0,monitoring,,0,0.0,0.0,1,0.418,0.047,0.0,1.098,2.742,0.797,1.076,0,0,1
21.1,monitoring,,0,0.0,0.0,1,0.449,0.05,0.11,1.127,2.712,0.799,1.079,0,0,1
21.2,monitoring,,0,0.0,0.0,1,0.479,0.053,0.0,1.157,2.682,0.802,1.082,0,0,1
21.3,monitoring,,0,0.0,0.0,1,0.51,0.056,0.11,1.188,2.652,0.805,1.085,0,0,1
21.4,monitoring,,0,0.0,0.0,1,0.54,0.059,0.0,1.217,2.622,0.808,1.088,0,0,1
21.5,monitoring,,0,0.0,0.0,1,0.571,0.062,0.12,1.247,2.592,0.811,1.09,0,0,1
21.6,monitoring,,0,0.0,0.0,1,0.601,0.066,0.0,1.277,2.562,0.814,1.093,0,0,1
21.7,monitoring,,0,0.0,0.0,1,0.632,0.069,0.11,1.308,2.532,0.818,1.096,0,0,1
21.8,monitoring,,0,0.0,0.0,1,0.662,0.072,0.0,1.338,2.502,0.821,1.099,0,0,1
21.9,monitoring,,0,0.0,0.0,1,0.692,0.075,0.11,1.367,2.472,0.823,1.102,0,0,1
22.0,monitoring,,0,0.0,0.0,1,0.723,0.078,0.0,1.397,2.442,0.826,1.105,0,0,1
22.1,monitoring,,0,0.0,0.0,1,0.743,0.08,0.12,1.426,2.412,0.829,1.108,0,0,1
22.2,monitoring,,0,0.0,0.0,1,0.774,0.083,0.0,1.458,2.382,0.832,1.11,0,0,1
22.3,monitoring,,0,0.0,0.0,1,0.804,0.086,0.11,1.488,2.352,0.835,1.113,0,0,1
22.4,monitoring,,0,0.0,0.0,1,0.834,0.09,0.0,1.517,2.322,0.837,1.116,0,0,1
22.5,monitoring,,0,0.0,0.0,1,0.865,0.093,0.11,1.547,2.292,0.84,1.119,0,0,1
22.6,monitoring,,0,0.0,0.0,1,0.895,0.096,0.0,1.577,2.262,0.843,1.122,0,0,1
22.7,monitoring,,0,0.0,0.0,1,0.926,0.099,0.11,1.606,2.232,0.846,1.125,0,0,1
22.8,monitoring,,0,0.0,0.0,1,0.956,0.102,0.0,1.639,2.202,0.849,1.128,0,0,1
22.9,monitoring,,0,0.0,0.0,1,0.987,0.105,0.12,1.669,2.172,0.852,1.13,0,0,1
23.0,monitoring,,0,0.0,0.0,1,1.017,0.108,0.0,1.699,2.142,0.854,1.133,0,0,1
23.1,monitoring,,0,0.0,0.0,1,1.048,0.111,0.11,1.728,2.112,0.857,1.136,0,0,1
23.2,monitoring,,0,0.0,0.0,1,1.078,0.115,0.0,1.758,2.082,0.86,1.139,0,0,1
23.3,monitoring,,0,0.0,0.0,1,1.108,0.118,0.11,1.787,2.052,0.863,1.142,0,0,1
23.4,monitoring,,0,0.0,0.0,1,1.139,0.121,0.0,1.817,2.022,0.866,1.145,0,0,1
23.5,monitoring,,0,0.0,0.0,1,1.169,0.124,0.12,1.849,1.992,0.868,1.148,0,0,1
23.6,monitoring,,0,0.0,0.0,1,1.2,0.127,0.0,1.879,1.962,0.871,1.151,0,0,1
23.7,monitoring,,0,0.0,0.0,1,1.23,0.13,0.11,1.909,1.932,0.874,1.153,0,0,1
23.8,monitoring,,0,0.0,0.0,1,1.25,0.132,0.0,1.938,1.902,0.877,1.156,0,0,1
23.9,monitoring,,0,0.0,0.0,1,1.281,0.135,0.11,1.968,1.872,0.88,1.159,0,0,1
24.0,monitoring,,0,0.0,0.0,1,1.311,0.139,0.0,1.998,1.842,0.883,1.162,0,0,1
24.1,monitoring,,0,0.0,0.0,1,1.342,0.142,0.11,2.027,1.812,0.885,1.165,0,0,1
24.2,monitoring,,0,0.0,0.0,1,1.372,0.145,0.0,2.057,1.782,0.892,1.168,0,0,1
24.3,monitoring,,0,0.0,0.0,1,1.403,0.148,0.12,2.087,1.752,0.894,1.171,0,0,1
24.4,monitoring,,0,0.0,0.0,1,1.433,0.151,0.0,2.119,1.722,0.897,1.173,0,0,1
24.5,monitoring,,0,0.0,0.0,0,1.464,0.154,0.11,2.149,1.692,0.9,1.176,0,0,1
24.6,monitoring,,0,0.0,0.0,1,1.494,0.157,0.0,2.179,1.662,0.903,1.179,0,0,1
24.7,monitoring,,0,0.0,0.0,1,1.524,0.16,0.11,2.209,1.632,0.906,1.182,0,0,1
24.8,monitoring,,0,0.0,0.0,1,1.535,0.162,0.21,2.238,1.602,0.908,1.185,0,0,1
24.9,monitoring,,0,0.0,0.0,1,1.535,0.162,0.33,2.252,1.586,0.913,1.186,0,0,1
25.0,monitoring,,0,0.0,0.0,1,1.535,0.162,0.45,2.259,1.574,0.921,1.186,0,0,1
25.1,monitoring,,0,0.0,0.0,1,1.535,0.162,0.0,2.264,1.587,0.925,1.186,0,0,1
25.2,monitoring,,0,0.0,0.0,1,1.536,0.162,0.11,2.258,1.686,0.916,1.187,0,0,1
25.3,monitoring,,0,0.0,0.0,1,1.547,0.16,0.22,2.257,4.427,0.911,1.187,0,0,1
25.4,monitoring,,0,0.0,0.0,1,1.574,0.158,0.33,2.269,4.415,0.91,1.186,0,0,1
25.5,monitoring,,0,0.0,0.0,1,1.594,0.156,0.0,2.295,4.389,0.908,1.183,0,0,1
25.6,monitoring,,0,0.0,0.0,1,1.625,0.153,0.13,2.325,4.359,0.905,1.181,0,0,1
25.7,monitoring,,0,0.0,0.0,1,1.655,0.15,0.0,2.355,4.329,0.903,1.178,0,0,1
25.8,monitoring,,0,0.0,0.0,1,1.686,0.147,0.11,2.384,4.299,0.9,1.175,0,0,1
25.9,monitoring,,0,0.0,0.0,1,1.716,0.144,0.0,2.414,4.269,0.897,1.173,0,0,1
26.0,monitoring,,0,0.0,0.0,1,1.746,0.141,0.11,2.447,4.239,0.895,1.17,0,0,1
26.1,monitoring,,0,0.0,0.0,1,1.777,0.138,0.0,2.477,4.21,0.892,1.167,0,0,1
26.2,monitoring,,0,0.0,0.0,1,1.807,0.136,0.11,2.507,4.18,0.886,1.165,0,0,1
26.3,monitoring,,0,0.0,0.0,1,1.838,0.133,0.0,2.536,4.15,0.884,1.162,0,0,1
26.4,monitoring,,0,0.0,0.0,1,1.868,0.13,0.12,2.566,4.12,0.881,1.159,0,0,1
26.5,monitoring,,0,0.0,0.0,1,1.899,0.127,0.0,2.596,4.09,0.878,1.157,0,0,1
26.6,monitoring,,0,0.0,0.0,1,1.929,0.124,0.11,2.626,4.06,0.876,1.154,0,0,1
26.7,monitoring,,0,0.0,0.0,1,1.96,0.121,0.0,2.656,4.031,0.873,1.151,0,0,1
26.8,monitoring,,0,0.0,0.0,1,1.99,0.118,0.11,2.685,4.001,0.871,1.149,0,0,1
26.9,monitoring,,0,0.0,0.0,1,2.021,0.115,0.0,2.715,3.971,0.868,1.146,0,0,1
27.0,monitoring,,0,0.0,0.0,1,2.051,0.112,0.13,2.745,3.941,0.865,1.144,0,0,1
27.1,monitoring,,0,0.0,0.0,1,2.082,0.109,0.0,2.775,3.911,0.863,1.141,0,0,1
27.2,monitoring,,0,0.0,0.0,1,2.102,0.107,0.11,2.804,3.881,0.86,1.138,0,0,1
27.3,monitoring,,0,0.0,0.0,1,2.132,0.104,0.0,2.834,3.851,0.858,1.136,0,0,1
27.4,monitoring,,0,0.0,0.0,1,2.163,0.101,0.11,2.864,3.822,0.855,1.133,0,0,1
27.5,monitoring,,0,0.0,0.0,1,2.193,0.099,0.0,2.898,3.792,0.852,1.13,0,0,1
27.6,monitoring,,0,0.0,0.0,1,2.224,0.096,0.12,2.927,3.762,0.85,1.128,0,0,1
27.7,monitoring,,0,0.0,0.0,1,2.254,0.093,0.0,2.957,3.732,0.847,1.125,0,0,1
27.8,monitoring,,0,0.0,0.0,1,2.284,0.09,0.12,2.987,3.702,0.845,1.122,0,0,1
27.9,monitoring,,0,0.0,0.0,1,2.314,0.087,0.0,3.017,3.673,0.842,1.115,0,0,1
28.0,monitoring,,0,0.0,0.0,1,2.344,0.084,0.11,3.046,3.643,0.839,1.087,0,0,1
28.1,monitoring,,0,0.0,0.0,1,2.373,0.081,0.0,3.075,3.614,0.837,1.061,0,0,1
28.2,monitoring,,0,0.0,0.0,1,2.402,0.079,0.11,3.103,3.586,0.834,1.034,0,0,1
28.3,monitoring,,0,0.0,0.0,1,2.431,0.076,0.0,3.132,3.557,0.832,1.008,0,0,1
28.4,monitoring,,0,0.0,0.0,1,2.46,0.073,0.13,3.16,3.529,0.829,0.982,0,0,1
28.5,monitoring,,0,0.0,0.0,1,2.488,0.07,0.0,3.188,3.496,0.827,0.957,0,0,1
28.6,monitoring,,0,0.0,0.0,1,2.516,0.068,0.11,3.216,3.469,0.825,0.931,0,0,1
28.7,monitoring,,0,0.0,0.0,1,2.544,0.065,0.0,3.243,3.441,0.822,0.907,0,0,1
28.8,monitoring,,0,0.0,0.0,1,2.571,0.062,0.1,3.27,3.414,0.82,0.882,0,0,1
28.9,monitoring,,0,0.0,0.0,1,2.59,0.061,0.21,3.297,3.387,0.817,0.858,0,0,1
29.0,monitoring,,0,0.0,0.0,1,2.617,0.058,0.0,3.324,3.36,0.814,0.835,0,0,1
29.1,monitoring,,0,0.0,0.0,1,2.628,0.057,0.12,3.351,3.334,0.811,0.812,0,0,1
29.2,monitoring,,0,0.0,0.0,1,2.628,0.057,0.24,3.362,3.328,0.807,0.804,0,0,1
29.3,monitoring,,0,0.0,0.0,1,2.628,0.057,0.35,3.374,3.337,0.803,0.803,0,0,1
29.4,monitoring,,0,0.0,0.0,1,2.628,0.057,0.0,3.393,3.353,0.801,0.802,0,0,1
29.5,monitoring,,0,0.0,0.0,1,2.628,0.057,0.11,3.419,3.237,0.801,0.801,0,0,1
29.6,monitoring,,0,0.0,0.0,1,2.634,0.055,0.22,3.451,2.728,0.803,0.8,0,0,1
29.7,monitoring,,0,0.0,0.0,1,2.655,0.048,0.34,3.46,2.721,0.8,0.793,0,0,1
29.8,monitoring,,0,0.0,0.0,1,2.68,0.04,0.0,3.482,2.703,0.794,0.776,0,0,1
29.9,monitoring,,0,0.0,0.0,1,2.705,0.032,0.11,3.525,2.683,0.787,0.757,0,0,1
30.0,monitoring,,0,0.0,0.0,1,2.731,0.024,0.0,3.55,2.662,0.779,0.738,0,0,1
30.1,monitoring,,0,0.0,0.0,1,2.756,0.016,0.1,3.576,2.642,0.772,0.72,0,0,1
30.2,monitoring,,0,0.0,0.0,1,2.781,0.009,0.0,3.601,2.622,0.765,0.703,0,0,1
30.3,monitoring,,0,0.0,0.0,1,2.806,0.001,0.11,3.626,2.602,0.758,0.685,0,0,1
30.4,monitoring,,0,0.0,0.0,1,2.831,-0.007,0.0,3.652,2.582,0.747,0.668,0,0,1
30.5,monitoring,,0,0.0,0.0,1,2.856,-0.015,0.12,3.677,2.563,0.74,0.652,0,0,1
30.6,monitoring,,0,0.0,0.0,1,2.872,-0.021,0.24,3.702,2.543,0.733,0.637,0,0,1
30.7,monitoring,,0,0.0,0.0,1,2.901,-0.03,0.0,3.728,2.414,0.725,0.621,0,0,1
30.8,monitoring,,0,0.0,0.0,1,2.93,-0.039,0.11,3.758,2.391,0.717,0.604,0,0,1
30.9,monitoring,,0,0.0,0.0,1,2.959,-0.048,0.0,3.787,2.369,0.312,0.588,0,0,1
31.0,monitoring,,0,0.0,0.0,1,2.988,-0.057,0.11,3.817,2.347,0.268,0.572,0,0,1
31.1,monitoring,,0,0.0,0.0,1,3.017,-0.066,0.0,3.846,2.324,0.24,0.557,0,0,1
31.2,monitoring,,0,0.0,0.0,1,3.046,-0.076,0.13,3.876,2.302,0.227,0.544,0,0,1
31.3,monitoring,,0,0.0,0.0,1,3.075,-0.085,0.0,3.905,2.28,0.218,0.532,0,0,1
31.4,monitoring,,0,0.0,0.0,1,3.104,-0.094,0.11,3.934,2.258,0.212,0.521,0,0,1
31.5,monitoring,,0,0.0,0.0,1,3.133,-0.103,0.0,3.963,2.236,0.212,0.51,0,0,1
31.6,monitoring,,0,0.0,0.0,1,3.161,-0.112,0.11,3.992,2.214,0.213,0.501,0,0,1
31.7,monitoring,,0,0.0,0.0,1,3.19,-0.121,0.0,4.021,2.192,0.214,0.494,0,0,1
31.8,monitoring,,0,0.0,0.0,1,3.218,-0.13,0.12,4.05,2.079,0.213,0.487,0,0,1
31.9,monitoring,,0,0.0,0.0,1,3.246,-0.139,0.0,4.079,2.058,0.213,0.482,0,0,1
32.0,monitoring,,0,0.0,0.0,1,3.275,-0.148,0.11,4.107,2.037,0.214,0.477,0,0,1
32.1,monitoring,,0,0.0,0.0,1,3.303,-0.157,0.0,4.136,2.017,0.214,0.475,0,0,1
32.2,monitoring,,0,0.0,0.0,1,3.331,-0.166,0.11,4.164,1.996,0.213,0.474,0,0,1
32.3,monitoring,,0,0.0,0.0,1,3.349,-0.172,0.22,4.193,1.975,0.214,0.474,0,0,1
32.4,monitoring,,0,0.0,0.0,1,3.377,-0.18,0.0,4.221,1.955,0.213,0.474,0,0,1
32.5,monitoring,,0,0.0,0.0,1,3.405,-0.189,0.12,4.249,1.934,0.214,0.477,0,0,1
32.6,monitoring,,0,0.0,0.0,1,3.433,-0.198,0.0,4.277,1.914,0.213,0.481,0,0,1
32.7,monitoring,,0,0.0,0.0,1,3.46,-0.207,0.11,4.305,1.816,0.213,0.486,0,0,1
32.8,monitoring,,0,0.0,0.0,1,3.488,-0.216,0.0,4.333,1.796,0.213,0.492,0,0,1
32.9,monitoring,,0,0.0,0.0,1,3.515,-0.224,0.11,4.361,1.777,0.213,0.499,0,0,1
33.0,monitoring,,0,0.0,0.0,1,3.543,-0.233,0.0,4.389,1.757,0.213,0.507,0,0,1
33.1,monitoring,,0,0.0,0.0,1,3.57,-0.241,0.11,4.416,1.738,0.212,0.517,0,0,1
33.2,monitoring,,0,0.0,0.0,1,3.597,-0.25,0.0,4.465,1.718,0.215,0.527,0,0,1
33.3,monitoring,,0,0.0,0.0,1,3.624,-0.259,0.12,4.493,1.699,0.22,0.538,0,0,1
33.4,monitoring,,0,0.0,0.0,1,3.651,-0.267,0.0,4.52,1.68,0.232,0.55,0,0,1
33.5,monitoring,,0,0.0,0.0,1,3.678,-0.276,0.11,4.548,1.661,0.25,0.563,0,0,1
33.6,monitoring,,0,0.0,0.0,1,3.705,-0.284,0.0,4.575,1.642,0.275,0.576,0,0,1
33.7,monitoring,,0,0.0,0.0,1,3.731,-0.293,0.11,4.602,1.623,0.33,0.591,0,0,1
33.8,monitoring,,0,0.0,0.0,1,3.758,-0.301,0.0,4.629,1.6,0.461,0.606,0,0,1
33.9,monitoring,,0,0.0,0.0,1,3.784,-0.309,0.12,4.656,1.581,0.454,0.622,0,0,1
34.0,monitoring,,0,0.0,0.0,1,3.802,-0.315,0.24,4.683,1.563,0.444,0.638,0,0,1
34.1,monitoring,,0,0.0,0.0,1,3.803,-0.315,0.35,4.706,1.549,0.437,0.652,0,0,1
34.2,monitoring,,0,0.0,0.0,1,3.803,-0.315,0.46,4.658,1.737,0.44,0.651,0,0,1
34.3,monitoring,,0,0.0,0.0,1,3.803,-0.315,0.56,4.618,2.083,0.443,0.651,0,0,1
34.4,monitoring,,0,0.0,0.0,1,3.803,-0.315,0.0,4.588,2.138,0.448,0.65,0,0,1
34.5,monitoring,,0,0.0,0.0,1,3.803,-0.315,0.11,4.566,2.135,0.377,0.649,0,0,1
34.6,monitoring,,0,0.0,0.0,1,3.81,-0.316,0.23,4.554,2.136,0.354,0.649,0,0,1
34.7,monitoring,,0,0.0,0.0,1,3.832,-0.318,0.35,4.565,2.125,0.361,0.654,0,0,1
34.8,monitoring,,0,0.0,0.0,1,3.857,-0.32,0.0,4.589,2.102,0.406,0.664,0,0,1
34.9,monitoring,,0,0.0,0.0,1,3.881,-0.323,0.11,4.613,2.075,0.457,0.677,0,0,1
35.0,monitoring,,0,0.0,0.0,1,3.898,-0.324,0.21,4.636,2.053,0.455,0.689,0,0,1
35.1,monitoring,,0,0.0,0.0,1,3.898,-0.324,0.32,4.652,2.036,0.455,0.698,0,0,1
35.2,monitoring,,0,0.0,0.0,1,3.898,-0.324,0.43,4.646,2.043,0.463,0.697,0,0,1
35.3,monitoring,,0,0.0,0.0,1,3.898,-0.324,0.55,4.648,2.05,0.434,0.696,0,0,1
35.4,monitoring,,0,0.0,0.0,1,3.898,-0.324,0.0,4.644,2.044,0.404,0.696,0,0,1
35.5,monitoring,,0,0.0,0.0,1,3.898,-0.324,0.11,4.648,2.04,0.389,0.695,0,0,1
35.6,monitoring,,0,0.0,0.0,1,3.91,-0.323,0.21,3.949,2.04,0.389,0.695,0,0,1
35.7,monitoring,,0,0.0,0.0,1,3.924,-0.321,0.32,3.957,2.028,0.396,0.699,0,0,1
35.8,monitoring,,0,0.0,0.0,1,3.946,-0.318,0.43,3.972,2.007,0.406,0.707,0,0,1
35.9,monitoring,,0,0.0,0.0,1,3.969,-0.315,0.0,3.987,1.985,0.418,0.715,0,0,1
36.0,monitoring,,0,0.0,0.0,1,3.991,-0.313,0.12,4.003,1.964,0.442,0.724,0,0,1
36.1,monitoring,,0,0.0,0.0,1,4.013,-0.31,0.25,4.018,1.942,0.46,0.733,0,0,1
36.2,monitoring,,0,0.0,0.0,1,4.023,-0.309,0.0,4.033,1.92,0.463,0.744,0,0,1
36.3,monitoring,,0,0.0,0.0,1,4.023,-0.309,0.11,3.258,1.914,0.46,0.747,0,0,1
36.4,monitoring,,0,0.0,0.0,1,4.023,-0.309,0.21,2.377,1.92,0.455,0.746,0,0,1
36.5,monitoring,,0,0.0,0.0,1,4.023,-0.309,0.32,1.949,1.929,0.446,0.746,0,0,1
36.6,monitoring,,0,0.0,0.0,1,4.023,-0.309,0.0,1.645,1.943,0.443,0.745,0,0,1
36.7,monitoring,,0,0.0,0.0,1,4.025,-0.308,0.13,1.415,1.96,0.445,0.744,0,0,1
36.8,monitoring,,0,0.0,0.0,1,4.041,-0.302,0.25,1.374,1.963,0.445,0.745,0,0,1
36.9,monitoring,,0,0.0,0.0,1,4.062,-0.295,0.36,1.386,1.946,0.453,0.751,0,0,1
37.0,monitoring,,0,0.0,0.0,1,4.077,-0.29,,1.401,1.925,0.458,0.758,0,0,1
37.1,monitoring,,0,0.0,0.0,1,4.077,-0.29,,1.396,1.911,0.463,0.763,0,0,1
37.2,monitoring,,0,0.0,0.0,1,4.077,-0.29,,1.231,1.934,0.465,0.763,0,0,1
37.3,monitoring,,0,0.0,0.0,0,4.077,-0.29,,1.066,1.962,0.468,0.762,0,0,1
37.4,monitoring,,0,0.0,0.0,0,4.077,-0.29,,0.964,1.994,0.471,0.762,0,0,1
37.5,monitoring,,0,0.0,0.0,0,4.077,-0.29,,0.96,1.996,0.471,0.762,0,0,1
37.6,monitoring,,0,0.0,0.0,0,4.077,-0.29,,0.96,1.996,0.471,0.762,0,0,1
37.7,monitoring,,0,0.0,0.0,0,4.077,-0.29,,0.96,1.996,0.471,0.762,0,0,1
37.8,monitoring,,0,0.0,0.0,0,4.077,-0.29,,0.96,1.996,0.471,0.762,0,0,1
37.9,monitoring,,0,0.0,0.0,0,4.077,-0.29,,0.96,1.996,0.471,0.762,0,0,1
38.0,monitoring,,0,0.0,0.0,0,4.077,-0.29,,0.96,1.996,0.471,0.762,0,0,1
38.1,monitoring,,0,0.0,0.0,0,4.077,-0.29,,0.96,1.996,0.471,0.762,0,0,1
38.2,monitoring,,0,0.0,0.0,0,4.077,-0.29,,0.96,1.996,0.471,0.762,0,0,1
38.3,monitoring,,0,0.0,0.0,0,4.077,-0.29,,0.96,1.996,0.471,0.762,0,0,1
38.4,monitoring,,0,0.0,0.0,0,4.077,-0.29,0.0,0.96,1.996,0.471,0.762,0,0,1
38.5,monitoring,,0,0.0,0.0,1,4.077,-0.29,0.11,0.96,1.996,0.471,0.762,0,0,1
38.6,monitoring,,0,0.0,0.0,1,4.077,-0.29,0.21,0.894,2.02,0.474,0.762,0,0,1
38.7,monitoring,,0,0.0,0.0,1,4.077,-0.29,0.32,0.821,2.061,0.479,0.761,0,0,1
38.8,monitoring,,0,0.0,0.0,1,4.077,-0.29,0.0,0.759,2.98,0.492,0.761,0,0,1
38.9,monitoring,,0,0.0,0.0,1,4.077,-0.29,0.12,0.706,2.752,0.499,0.761,0,0,1
39.0,monitoring,,0,0.0,0.0,1,4.077,-0.29,0.23,0.66,2.631,0.501,0.761,0,0,1
39.1,monitoring,,0,0.0,0.0,1,4.077,-0.29,0.33,0.633,2.635,0.499,0.76,0,0,1
39.2,monitoring,,0,0.0,0.0,1,4.077,-0.29,0.0,0.598,2.654,0.496,0.76,0,0,1
39.3,monitoring,,0,0.0,0.0,1,4.082,-0.285,0.11,0.573,2.651,0.493,0.76,0,0,1
39.4,monitoring,,0,0.0,0.0,1,4.098,-0.268,0.22,0.592,2.638,0.493,0.759,0,0,1
39.5,monitoring,,0,0.0,0.0,1,4.12,-0.247,0.0,0.612,2.611,0.493,0.756,0,0,1
39.6,monitoring,,0,0.0,0.0,1,4.141,-0.225,0.12,0.645,2.58,0.493,0.754,0,0,1
39.7,monitoring,,0,0.0,0.0,1,4.163,-0.203,0.0,0.68,2.549,0.493,0.753,0,0,1
39.8,monitoring,,0,0.0,0.0,1,4.184,-0.181,0.11,0.703,2.517,0.493,0.753,0,0,1
39.9,monitoring,,0,0.0,0.0,1,4.206,-0.159,0.0,0.739,2.486,0.493,0.754,0,0,1
40.0,monitoring,,0,0.0,0.0,1,4.227,-0.138,0.11,0.763,2.455,0.493,0.757,0,0,1
40.1,monitoring,,0,0.0,0.0,1,4.249,-0.116,0.0,0.799,2.423,0.493,0.76,0,0,1
40.2,monitoring,,0,0.0,0.0,1,4.27,-0.094,0.12,0.823,2.392,0.493,0.764,0,0,1
40.3,monitoring,,0,0.0,0.0,1,4.292,-0.072,0.0,0.862,2.361,0.492,0.768,0,0,1
40.4,monitoring,,0,0.0,0.0,1,4.313,-0.051,0.12,0.886,2.33,0.492,0.774,0,0,1
40.5,monitoring,,0,0.0,0.0,1,4.335,-0.029,0.0,0.925,2.298,0.493,0.781,0,0,1
40.6,monitoring,,0,0.0,0.0,1,4.356,-0.007,0.1,0.95,2.267,0.494,0.788,0,0,1
40.7,monitoring,,0,0.0,0.0,1,4.378,0.015,0.0,0.975,2.236,0.499,0.797,0,0,1
40.8,monitoring,,0,0.0,0.0,1,4.392,0.029,0.11,1.016,2.206,0.508,0.806,0,0,1
40.9,monitoring,,0,0.0,0.0,1,4.413,0.051,0.0,1.041,2.177,0.531,0.816,0,0,1
41.0,monitoring,,0,0.0,0.0,1,4.435,0.073,0.12,1.066,2.149,0.553,0.828,0,0,1
41.1,monitoring,,0,0.0,0.0,1,4.456,0.095,0.0,1.108,2.12,0.625,0.839,0,0,1
41.2,monitoring,,0,0.0,0.0,1,4.478,0.116,0.11,1.134,2.091,1.097,0.852,0,0,1
41.3,monitoring,,0,0.0,0.0,1,4.499,0.138,0.0,1.159,2.062,1.122,0.865,0,0,1
41.4,monitoring,,0,0.0,0.0,1,4.521,0.16,0.11,1.204,2.033,1.147,0.879,0,0,1
41.501,monitoring,,0,0.0,0.0,1,4.542,0.182,0.0,1.23,2.004,1.19,0.894,0,0,1
41.501,monitoring,,0,0.0,0.0,1,4.542,0.182,0.0,1.23,2.004,1.19,0.894,0,0,1
41.7,monitoring,,0,0.0,0.0,1,4.585,0.225,0.0,1.281,1.946,1.24,0.924,0,0,1
41.8,monitoring,,0,0.0,0.0,1,4.607,0.247,0.11,1.328,1.917,1.265,0.94,0,0,1
41.9,monitoring,,0,0.0,0.0,1,4.628,0.269,0.0,1.354,1.888,1.29,0.958,0,0,1
42.0,monitoring,,0,0.0,0.0,1,4.65,0.291,0.1,1.38,1.859,1.336,0.975,0,0,1
42.1,monitoring,,0,0.0,0.0,1,4.671,0.312,0.0,1.406,1.831,1.361,0.993,0,0,1
42.2,monitoring,,0,0.0,0.0,1,4.693,0.334,0.11,1.432,1.802,1.387,1.012,0,0,1
42.3,monitoring,,0,0.0,0.0,1,4.714,0.356,0.0,1.482,1.77,1.412,1.031,0,0,1
42.4,monitoring,,0,0.0,0.0,1,4.736,0.378,0.11,1.508,1.738,1.438,1.05,0,0,1
42.5,monitoring,,0,0.0,0.0,1,4.75,0.392,0.0,1.535,1.706,1.486,1.07,0,0,1
42.6,monitoring,,0,0.0,0.0,1,4.772,0.414,0.11,1.561,1.674,1.512,1.09,0,0,1
42.7,monitoring,,0,0.0,0.0,1,4.793,0.436,0.0,1.587,1.643,1.534,1.111,0,0,1
42.8,monitoring,,0,0.0,0.0,1,4.815,0.458,0.11,1.614,1.611,1.507,1.131,0,0,1
42.9,monitoring,,0,0.0,0.0,1,4.836,0.479,0.0,1.644,1.579,1.48,1.153,0,0,1
43.0,monitoring,,0,0.0,0.0,1,4.858,0.501,0.11,1.67,1.547,1.429,1.174,0,0,1
43.1,monitoring,,0,0.0,0.0,1,4.879,0.523,0.0,1.696,1.516,1.402,1.197,0,0,1
43.2,monitoring,,0,0.0,0.0,1,4.901,0.545,0.11,1.723,1.487,1.376,1.219,0,0,1
43.3,monitoring,,0,0.0,0.0,1,4.922,0.566,0.0,1.749,1.459,1.349,1.241,0,0,1
43.4,monitoring,,0,0.0,0.0,1,4.944,0.588,0.11,1.776,1.43,1.322,1.265,0,0,1
43.5,monitoring,,0,0.0,0.0,1,4.965,0.61,0.0,1.802,1.402,1.274,1.248,0,0,1
43.6,monitoring,,0,0.0,0.0,1,4.987,0.632,0.1,1.858,1.373,1.248,1.227,0,0,0
43.7,monitoring,,0,0.0,0.0,1,5.008,0.654,0.0,1.884,1.345,1.221,1.205,0,0,0
43.8,monitoring,,0,0.0,0.0,1,5.03,0.675,0.12,1.911,1.316,1.195,1.184,0,0,0
43.9,monitoring,,0,0.0,0.0,1,5.051,0.697,0.0,1.938,1.288,1.149,1.162,0,0,0
44.0,monitoring,,0,0.0,0.0,1,5.072,0.719,0.11,1.965,1.255,1.123,1.141,0,0,0
44.1,monitoring,,0,0.0,0.0,1,5.094,0.74,0.0,1.991,1.223,1.097,1.119,0,0,0
44.2,monitoring,,0,0.0,0.0,1,5.108,0.755,0.11,2.018,1.191,1.054,1.098,0,0,0
44.3,monitoring,,0,0.0,0.0,1,5.13,0.777,0.0,2.045,1.159,1.028,1.076,0,0,0
44.4,monitoring,,0,0.0,0.0,1,5.151,0.798,0.11,2.072,1.126,1.002,1.055,0,0,0
44.5,monitoring,,0,0.0,0.0,1,5.173,0.82,,2.132,1.098,0.961,1.034,0,0,0
44.6,monitoring,,0,0.0,0.0,1,5.194,0.842,,2.159,1.07,0.935,1.014,0,0,0
44.7,monitoring,,0,0.0,0.0,1,5.216,0.864,,2.186,1.042,0.91,0.993,0,0,0
44.8,monitoring,,0,0.0,0.0,1,5.236,0.884,,2.213,1.014,0.881,0.974,0,0,0
44.9,monitoring,,0,0.0,0.0,1,5.255,0.903,,2.239,0.988,0.858,0.957,0,0,0
45.0,monitoring,,0,0.0,0.0,1,5.262,0.911,,2.262,0.96,0.836,0.94,0,0,0
45.1,monitoring,,0,0.0,0.0,1,5.262,0.911,,2.226,0.943,0.8,0.935,0,0,0
45.201,monitoring,,0,0.0,0.0,1,5.262,0.911,,2.146,0.94,0.775,0.936,0,0,0
45.3,monitoring,,0,0.0,0.0,1,5.262,0.911,,2.048,0.938,0.742,0.937,0,0,0
45.4,monitoring,,0,0.0,0.0,1,5.262,0.911,,1.988,0.946,0.723,0.937,0,0,0
45.5,monitoring,,0,0.0,0.0,1,5.262,0.911,,1.934,1.014,0.707,0.939,0,0,0
45.602,monitoring,,0,0.0,0.0,1,5.269,0.922,,1.904,1.048,0.689,0.938,0,0,0
45.7,monitoring,,0,0.0,0.0,1,5.281,0.942,,1.916,1.038,0.682,0.933,0,0,0
45.8,monitoring,,0,0.0,0.0,1,5.293,0.961,,1.938,1.02,0.668,0.924,0,0,0
45.9,monitoring,,0,0.0,0.0,1,5.301,0.974,,1.959,0.981,0.656,0.914,0,0,0
46.0,monitoring,,0,0.0,0.0,1,5.313,0.993,,1.979,0.964,0.636,0.907,0,0,0
46.1,monitoring,,0,0.0,0.0,1,5.324,1.012,,1.999,0.947,0.623,0.901,0,0,0
46.2,monitoring,,0,0.0,0.0,1,5.336,1.031,,2.02,0.931,0.611,0.892,0,0,0
46.3,monitoring,,0,0.0,0.0,1,5.348,1.051,,2.04,0.894,0.591,0.887,0,0,0
46.4,monitoring,,0,0.0,0.0,1,5.349,1.052,,2.059,0.879,0.589,0.881,0,0,0
46.5,monitoring,,0,0.0,0.0,1,5.349,1.052,,2.016,0.946,0.598,0.881,0,0,0
46.6,monitoring,,0,0.0,0.0,1,5.349,1.052,,1.974,1.03,0.609,0.882,0,0,0
46.7,monitoring,,0,0.0,0.0,1,5.349,1.052,,1.938,1.131,0.613,0.882,0,0,0
46.8,monitoring,,0,0.0,0.0,1,5.349,1.052,,1.906,1.254,0.617,0.882,0,0,0
46.9,monitoring,,0,0.0,0.0,1,5.35,1.054,,1.879,1.405,0.622,0.884,0,0,0
47.0,monitoring,,0,0.0,0.0,1,5.355,1.07,,1.875,1.442,0.623,0.883,0,0,0
47.1,monitoring,,0,0.0,0.0,1,5.358,1.078,,1.892,1.429,0.621,0.881,0,0,0
47.2,monitoring,,0,0.0,0.0,1,5.358,1.078,,1.891,1.537,0.622,0.882,0,0,0
47.3,monitoring,,0,0.0,0.0,1,5.358,1.078,,1.871,1.701,0.622,0.884,0,0,0
47.4,monitoring,,0,0.0,0.0,1,5.358,1.078,,1.855,1.984,0.617,0.881,0,0,0
47.5,monitoring,,0,0.0,0.0,1,5.358,1.078,,1.843,5.742,0.615,0.883,0,0,0
47.6,monitoring,,0,0.0,0.0,1,5.358,1.078,,1.835,6.736,0.611,0.882,0,0,0
47.7,monitoring,,0,0.0,0.0,1,5.358,1.078,,1.826,6.698,0.601,0.881,0,0,0
47.8,monitoring,,0,0.0,0.0,1,5.358,1.078,,1.827,6.673,0.593,0.882,0,0,0
47.9,monitoring,,0,0.0,0.0,1,5.358,1.078,,1.832,6.66,0.593,0.883,0,0,0
48.0,monitoring,,0,0.0,0.0,1,5.358,1.078,,1.838,6.66,4.708,0.883,0,0,0
48.1,monitoring,,0,0.0,0.0,1,5.358,1.078,,1.832,6.661,6.105,0.881,0,0,0
48.2,monitoring,,0,0.0,0.0,1,5.357,1.084,,1.824,6.669,6.108,0.88,0,0,0
48.3,monitoring,,0,0.0,0.0,1,5.354,1.104,,1.835,6.66,6.108,0.885,0,0,0
48.4,monitoring,,0,0.0,0.0,1,5.352,1.126,,1.856,6.639,6.106,0.895,0,0,0
48.5,monitoring,,0,0.0,0.0,1,5.351,1.135,,1.877,6.617,6.104,0.902,0,0,0
48.6,monitoring,,0,0.0,0.0,1,5.351,1.135,,1.899,6.594,4.717,0.911,0,0,0
48.7,monitoring,,0,0.0,0.0,1,5.351,1.135,,1.904,6.639,0.633,0.914,0,0,0
48.8,monitoring,,0,0.0,0.0,1,5.351,1.135,,1.962,1.538,0.657,0.92,0,0,0
48.9,monitoring,,0,0.0,0.0,1,5.351,1.135,,2.049,1.118,0.658,0.92,0,0,0
49.0,monitoring,,0,0.0,0.0,1,5.351,1.135,,2.173,0.926,0.653,0.923,0,0,0
49.1,monitoring,,0,0.0,0.0,1,5.351,1.135,,2.285,0.811,0.642,0.926,0,0,0
49.2,monitoring,,0,0.0,0.0,1,5.351,1.135,,2.396,0.749,0.642,0.93,0,0,0
49.3,monitoring,,0,0.0,0.0,1,5.351,1.135,,2.542,0.715,0.68,0.935,0,0,0
49.4,monitoring,,0,0.0,0.0,1,5.351,1.135,,2.655,0.72,0.72,0.936,0,0,0
49.5,monitoring,,0,0.0,0.0,1,5.351,1.135,,2.781,0.728,0.751,0.938,0,0,0
49.6,monitoring,,0,0.0,0.0,1,5.351,1.135,,2.981,0.737,0.802,0.942,0,0,0
49.7,monitoring,,0,0.0,0.0,1,5.351,1.135,,3.152,0.736,0.862,0.947,0,0,0
49.8,monitoring,,0,0.0,0.0,1,5.351,1.135,,3.35,0.742,0.915,0.947,0,0,0
49.9,monitoring,,0,0.0,0.0,1,5.351,1.135,,1.56,0.738,0.995,0.953,0,0,0
50.0,monitoring,,0,0.0,0.0,1,5.351,1.135,,1.538,0.74,1.062,0.955,0,0,0
50.1,monitoring,,0,0.0,0.0,1,5.351,1.135,,1.55,0.737,1.205,0.958,0,0,0
50.2,monitoring,,0,0.0,0.0,1,5.351,1.135,,1.556,0.732,1.346,0.961,0,0,0
50.3,monitoring,,0,0.0,0.0,1,5.351,1.135,,1.558,0.727,1.523,0.962,0,0,0
50.4,monitoring,,0,0.0,0.0,1,5.351,1.135,,1.557,0.715,1.749,0.964,0,0,0
50.5,monitoring,,0,0.0,0.0,1,5.351,1.135,,1.553,0.707,2.001,0.966,0,0,0
50.6,monitoring,,0,0.0,0.0,0,5.351,1.135,,1.55,0.698,1.99,0.974,0,0,0
50.7,monitoring,,0,0.0,0.0,0,5.351,1.135,,1.579,0.752,1.986,0.974,0,0,0
50.8,monitoring,,0,0.0,0.0,0,5.351,1.135,,1.58,0.752,1.986,0.975,0,0,0
50.9,monitoring,,0,0.0,0.0,0,5.351,1.135,,1.58,0.752,1.986,0.975,0,0,0
51.0,monitoring,,0,0.0,0.0,0,5.351,1.135,,1.58,0.752,1.986,0.975,0,0,0
51.1,monitoring,,0,0.0,0.0,0,5.351,1.135,,1.58,0.752,1.986,0.975,0,0,0
51.2,monitoring,,0,0.0,0.0,0,5.351,1.135,,1.58,0.752,1.986,0.975,0,0,0
51.3,monitoring,,0,0.0,0.0,0,5.351,1.135,,1.58,0.752,1.986,0.975,0,0,0
51.4,monitoring,,0,0.0,0.0,0,5.351,1.135,,1.58,0.752,1.986,0.975,0,0,0
51.5,monitoring,,0,0.0,0.0,0,5.351,1.135,,1.58,0.752,1.986,0.975,0,0,0
51.6,monitoring,,0,0.0,0.0,0,5.351,1.135,,1.58,0.752,1.986,0.975,0,0,0
51.7,monitoring,,0,0.0,0.0,0,5.351,1.135,0.0,1.58,0.752,1.986,0.975,0,0,0
51.8,monitoring,,0,0.0,0.0,1,5.353,1.136,,1.58,0.752,1.986,0.975,0,0,0
51.9,monitoring,,0,0.0,0.0,1,5.369,1.139,,1.584,0.75,1.987,0.972,0,0,0
52.0,monitoring,,0,0.0,0.0,1,5.389,1.143,,1.6,0.71,1.99,0.953,0,0,0
52.1,monitoring,,0,0.0,0.0,1,5.409,1.148,,1.621,0.701,1.994,0.932,0,0,0
52.2,monitoring,,0,0.0,0.0,1,5.429,1.152,,1.639,0.663,1.998,0.917,0,0,0
52.3,monitoring,,0,0.0,0.0,1,5.449,1.157,,1.658,0.655,2.002,0.894,0,0,0
52.4,monitoring,,0,0.0,0.0,1,5.469,1.161,,1.676,0.619,2.006,0.879,0,0,0
52.5,monitoring,,0,0.0,0.0,1,5.485,1.164,,1.694,0.611,2.011,0.856,0,0,0
52.6,monitoring,,0,0.0,0.0,1,5.485,1.164,,1.713,0.608,2.013,0.842,0,0,0
52.7,monitoring,,0,0.0,0.0,1,5.485,1.164,,6.278,0.89,2.005,0.842,0,0,0
52.8,monitoring,,0,0.0,0.0,1,5.485,1.164,,6.246,7.289,2.003,0.839,0,0,0
52.9,monitoring,,0,0.0,0.0,1,5.485,1.164,,6.231,7.268,2.007,0.839,0,0,0
53.0,monitoring,,0,0.0,0.0,1,5.485,1.164,,6.23,7.267,2.008,0.835,0,0,0
53.1,monitoring,,0,0.0,0.0,1,5.487,1.164,,6.23,7.267,2.008,0.995,0,0,0
53.2,monitoring,,0,0.0,0.0,1,5.505,1.165,,6.236,7.261,2.008,0.995,0,0,0
53.3,monitoring,,0,0.0,0.0,1,5.527,1.166,,6.256,7.241,2.009,0.984,0,0,0
53.4,monitoring,,0,0.0,0.0,1,5.549,1.167,,6.278,7.219,2.01,0.97,0,0,0
53.5,monitoring,,0,0.0,0.0,1,5.572,1.168,,6.3,7.198,2.01,0.947,0,0,0
53.6,monitoring,,0,0.0,0.0,1,5.594,1.169,,6.322,7.176,2.011,0.933,0,0,0
53.7,monitoring,,0,0.0,0.0,1,5.617,1.17,,6.344,7.154,2.012,0.93,0,0,0
53.8,monitoring,,0,0.0,0.0,1,5.639,1.171,,6.366,7.132,2.013,0.906,0,0,0
53.9,monitoring,,0,0.0,0.0,1,5.662,1.172,,6.388,7.11,2.014,0.905,0,0,0
54.0,monitoring,,0,0.0,0.0,1,5.684,1.173,,6.41,7.088,2.015,0.881,0,0,0
54.1,monitoring,,0,0.0,0.0,1,5.706,1.174,,6.431,7.066,2.016,0.869,0,0,0
54.2,monitoring,,0,0.0,0.0,1,5.729,1.175,,6.453,7.044,2.017,0.85,0,0,0
54.3,monitoring,,0,0.0,0.0,1,5.751,1.176,,6.475,7.022,2.018,0.83,0,0,0
54.4,monitoring,,0,0.0,0.0,1,5.766,1.177,,6.497,7.0,2.018,0.811,0,0,0
54.5,monitoring,,0,0.0,0.0,1,5.789,1.178,,6.519,6.978,2.019,0.793,0,0,0
54.6,monitoring,,0,0.0,0.0,1,5.811,1.179,,6.541,6.956,2.02,0.762,0,0,0
54.7,monitoring,,0,0.0,0.0,1,5.833,1.18,,6.563,6.934,2.021,0.747,0,0,0
54.8,monitoring,,0,0.0,0.0,1,5.856,1.181,,6.585,6.912,2.022,0.733,0,0,0
54.9,monitoring,,0,0.0,0.0,1,5.878,1.182,,6.607,6.89,2.023,0.719,0,0,0
55.0,monitoring,,0,0.0,0.0,1,5.901,1.183,,6.629,6.868,1.431,0.696,0,0,0
55.101,monitoring,,0,0.0,0.0,1,5.923,1.184,,6.651,6.846,0.925,0.684,0,0,0
55.101,monitoring,,0,0.0,0.0,1,5.923,1.184,,6.651,6.846,0.925,0.684,0,0,0
55.3,monitoring,,0,0.0,0.0,1,5.968,1.186,,6.695,6.802,0.509,0.662,0,0,0
55.4,monitoring,,0,0.0,0.0,1,5.99,1.187,,6.717,6.78,0.477,0.644,0,0,0
55.5,monitoring,,0,0.0,0.0,1,6.013,1.188,,6.739,6.758,0.48,0.635,0,0,0
55.6,monitoring,,0,0.0,0.0,1,6.035,1.189,,6.761,6.736,0.484,0.612,0,0,0
55.7,monitoring,,0,0.0,0.0,1,6.058,1.19,,6.783,6.714,0.492,0.581,0,0,0
55.8,monitoring,,0,0.0,0.0,1,6.08,1.191,,6.805,6.692,0.5,0.565,0,0,0
55.9,monitoring,,0,0.0,0.0,1,6.102,1.192,,6.827,6.67,0.51,0.55,0,0,0
56.0,monitoring,,0,0.0,0.0,1,6.125,1.193,,6.849,6.648,0.526,0.533,0,0,0
56.1,monitoring,,0,0.0,0.0,1,6.14,1.193,,6.871,6.626,0.553,0.521,0,0,0
56.2,monitoring,,0,0.0,0.0,1,6.162,1.194,,6.893,6.604,0.607,0.512,0,0,0
56.3,monitoring,,0,0.0,0.0,1,6.185,1.195,,6.915,6.582,0.762,0.497,0,0,0
56.4,monitoring,,0,0.0,0.0,1,6.207,1.196,,6.937,6.56,0.564,0.482,0,0,0
56.5,monitoring,,0,0.0,0.0,1,6.229,1.197,,6.959,6.538,0.254,0.471,0,0,0
56.6,monitoring,,0,0.0,0.0,1,6.252,1.198,,6.981,6.516,0.255,0.461,0,0,0
56.7,monitoring,,0,0.0,0.0,1,6.274,1.199,,7.003,6.494,0.123,0.454,0,0,0
56.8,monitoring,,0,0.0,0.0,1,6.297,1.2,,7.025,6.472,0.122,0.441,0,0,0
56.9,monitoring,,0,0.0,0.0,1,6.319,1.201,,7.047,6.45,0.121,0.433,0,0,0
57.0,monitoring,,0,0.0,0.0,1,6.342,1.202,,7.069,6.428,0.12,0.42,0,0,0
57.1,monitoring,,0,0.0,0.0,1,6.364,1.203,,7.091,6.406,0.119,0.413,0,0,0
57.2,monitoring,,0,0.0,0.0,1,6.386,1.204,,7.113,6.384,0.118,0.408,0,0,0
57.3,monitoring,,0,0.0,0.0,1,6.409,1.205,,7.135,6.362,0.117,0.401,0,0,0
57.4,monitoring,,0,0.0,0.0,1,6.431,1.206,,7.157,6.34,0.117,0.394,0,0,0
57.5,monitoring,,0,0.0,0.0,1,6.454,1.207,,7.179,6.318,0.116,0.39,0,0,0
57.6,monitoring,,0,0.0,0.0,1,6.476,1.208,,7.201,6.296,0.115,0.387,0,0,0
57.7,monitoring,,0,0.0,0.0,1,6.498,1.209,,7.223,6.274,0.114,0.384,0,0,0
57.8,monitoring,,0,0.0,0.0,1,6.513,1.21,,7.245,6.252,0.113,0.383,0,0,0
57.9,monitoring,,0,0.0,0.0,1,6.536,1.211,,7.267,6.231,0.112,0.382,0,0,0
58.0,monitoring,,0,0.0,0.0,1,6.558,1.212,,7.289,6.209,0.111,0.381,0,0,0
58.1,monitoring,,0,0.0,0.0,1,6.581,1.213,,7.311,6.187,0.11,0.38,0,0,0
58.2,monitoring,,0,0.0,0.0,1,6.603,1.214,,7.333,6.165,0.11,0.38,0,0,0
58.3,monitoring,,0,0.0,0.0,1,6.625,1.215,,7.355,6.143,0.11,0.379,0,0,1
58.4,monitoring,,0,0.0,0.0,1,6.648,1.216,,7.377,6.121,0.11,0.378,0,0,1
58.5,monitoring,,0,0.0,0.0,1,6.67,1.217,,7.398,6.099,0.11,0.377,0,0,1
58.6,monitoring,,0,0.0,0.0,1,6.693,1.218,,7.42,6.077,0.11,0.376,0,0,1
58.7,monitoring,,0,0.0,0.0,1,6.715,1.219,,7.442,6.055,0.11,0.375,0,0,1
58.8,monitoring,,0,0.0,0.0,1,6.723,1.219,,7.464,6.033,0.11,0.374,0,0,1
58.9,monitoring,,0,0.0,0.0,1,6.723,1.219,,7.472,6.025,0.11,0.374,0,0,1
59.0,monitoring,,0,0.0,0.0,1,6.723,1.219,,7.472,6.025,0.11,0.374,0,0,1
59.1,monitoring,,0,0.0,0.0,1,6.723,1.219,,7.472,6.025,0.11,0.374,0,0,1
59.2,monitoring,,0,0.0,0.0,1,6.723,1.219,,7.472,6.025,0.11,0.374,0,0,1
59.3,monitoring,,0,0.0,0.0,1,6.724,1.219,,7.472,6.025,0.11,0.374,0,0,1
59.4,monitoring,,0,0.0,0.0,1,6.736,1.22,,7.473,6.024,0.11,0.374,0,0,1
59.5,monitoring,,0,0.0,0.0,1,6.752,1.221,,7.485,6.008,0.11,0.373,0,0,1
59.6,monitoring,,0,0.0,0.0,1,6.783,1.222,,7.511,5.982,0.111,0.372,0,0,1
59.7,monitoring,,0,0.0,0.0,1,6.814,1.223,,7.541,5.952,0.11,0.371,0,0,1
59.8,monitoring,,0,0.0,0.0,1,6.844,1.225,,7.571,5.922,0.111,0.371,0,0,1
59.9,monitoring,,0,0.0,0.0,1,6.875,1.226,,7.601,5.892,0.111,0.373,0,0,1
60.0,monitoring,,0,0.0,0.0,1,6.905,1.227,,7.631,5.862,0.11,0.378,0,0,1
60.1,monitoring,,0,0.0,0.0,1,6.936,1.229,,7.661,5.832,0.11,0.384,0,0,1
60.2,monitoring,,0,0.0,0.0,1,6.966,1.23,,7.691,5.802,0.11,0.393,0,0,1
60.3,monitoring,,0,0.0,0.0,1,6.997,1.231,,7.721,5.772,0.11,0.403,0,0,1
60.4,monitoring,,0,0.0,0.0,1,7.028,1.233,,7.751,5.742,0.111,0.418,0,0,1
60.5,monitoring,,0,0.0,0.0,1,7.058,1.234,,7.781,5.712,0.11,0.431,0,0,1
60.6,monitoring,,0,0.0,0.0,1,7.089,1.236,,7.811,5.682,0.113,0.448,0,0,1
60.7,monitoring,,0,0.0,0.0,1,7.119,1.237,,7.841,5.652,0.906,0.465,0,0,1
60.8,monitoring,,0,0.0,0.0,1,7.15,1.238,,7.871,5.622,1.602,0.483,0,0,1
60.9,monitoring,,0,0.0,0.0,1,7.18,1.24,,7.901,5.592,2.075,0.502,0,0,1
61.0,monitoring,,0,0.0,0.0,1,7.211,1.241,,7.931,5.562,2.077,0.522,0,0,1
61.1,monitoring,,0,0.0,0.0,1,7.242,1.242,,7.961,5.533,2.078,0.544,0,0,1
61.2,monitoring,,0,0.0,0.0,1,7.262,1.243,,7.991,5.503,2.079,0.57,0,0,1
61.3,monitoring,,0,0.0,0.0,1,7.292,1.245,,8.021,5.473,2.08,0.591,0,0,1
61.4,monitoring,,0,0.0,0.0,1,7.323,1.246,,8.051,5.443,2.081,0.613,0,0,1
61.5,monitoring,,0,0.0,0.0,1,7.354,1.247,,8.081,5.413,2.083,0.64,0,0,1
61.6,monitoring,,0,0.0,0.0,1,7.384,1.249,0.0,8.111,5.383,2.084,0.662,0,0,1
61.7,monitoring,,0,0.0,0.0,1,7.415,1.25,0.11,8.141,5.353,2.085,0.693,0,0,1
61.8,monitoring,,0,0.0,0.0,1,7.445,1.251,0.0,8.171,5.323,2.086,0.714,0,0,1
61.9,monitoring,,0,0.0,0.0,1,7.476,1.253,0.11,8.201,5.293,2.087,0.739,0,0,1
62.0,monitoring,,0,0.0,0.0,1,7.506,1.254,0.0,8.231,5.263,2.089,0.764,0,0,1
62.1,monitoring,,0,0.0,0.0,1,7.537,1.255,0.12,8.261,5.233,2.09,0.793,0,0,1
62.2,monitoring,,0,0.0,0.0,1,7.568,1.257,0.0,8.291,5.203,2.091,0.818,0,0,1
62.3,monitoring,,0,0.0,0.0,1,7.598,1.258,0.11,8.321,5.173,2.092,0.845,0,0,1
62.4,monitoring,,0,0.0,0.0,1,7.629,1.26,0.0,8.351,5.143,2.094,0.873,0,0,1
62.5,monitoring,,0,0.0,0.0,1,7.659,1.261,0.11,8.381,5.113,2.095,0.9,0,0,1
62.6,monitoring,,0,0.0,0.0,1,7.69,1.262,0.0,8.411,5.083,2.096,0.928,0,0,1
62.7,monitoring,,0,0.0,0.0,1,7.72,1.264,0.12,8.44,5.053,2.097,0.955,0,0,1
62.8,monitoring,,0,0.0,0.0,1,7.751,1.265,0.0,8.47,5.023,2.098,0.982,0,0,1
62.9,monitoring,,0,0.0,0.0,1,7.771,1.266,0.11,8.5,4.993,2.1,1.01,0,0,1
63.0,monitoring,,0,0.0,0.0,1,7.802,1.267,0.0,8.53,4.963,2.101,1.036,0,0,1
63.1,monitoring,,0,0.0,0.0,1,7.833,1.269,0.11,8.56,4.934,2.102,1.068,0,0,1
63.2,monitoring,,0,0.0,0.0,1,7.863,1.27,0.0,8.59,4.904,2.103,1.095,0,0,1
63.3,monitoring,,0,0.0,0.0,1,7.894,1.271,0.12,8.62,4.874,2.104,1.121,0,0,1
63.4,monitoring,,0,0.0,0.0,1,7.924,1.273,0.0,8.65,4.844,2.106,1.153,0,0,1
63.5,monitoring,,0,0.0,0.0,1,7.955,1.274,0.11,8.68,4.814,2.107,1.179,0,0,1
63.6,monitoring,,0,0.0,0.0,1,7.985,1.275,0.0,8.71,4.784,2.108,1.21,0,0,1
63.7,monitoring,,0,0.0,0.0,1,8.016,1.277,0.11,8.74,4.754,2.109,1.237,0,0,1
63.8,monitoring,,0,0.0,0.0,1,8.047,1.278,0.0,8.77,4.724,2.111,1.268,0,0,1
63.9,monitoring,,0,0.0,0.0,1,8.077,1.279,0.1,8.8,4.694,2.112,1.294,0,0,1
64.0,monitoring,,0,0.0,0.0,1,8.108,1.281,0.0,8.83,4.664,2.113,1.325,0,0,1
64.1,monitoring,,0,0.0,0.0,1,8.138,1.282,0.12,8.86,4.634,2.114,1.351,0,0,1
64.2,monitoring,,0,0.0,0.0,1,8.169,1.284,0.0,8.89,4.604,2.115,1.382,0,0,1
64.3,monitoring,,0,0.0,0.0,1,8.199,1.285,0.11,8.92,4.574,2.117,1.408,0,0,1
64.4,monitoring,,0,0.0,0.0,1,8.23,1.286,0.0,8.95,4.544,2.118,1.439,0,0,1
64.5,monitoring,,0,0.0,0.0,1,8.261,1.288,0.11,8.98,4.514,2.119,1.469,0,0,1
64.6,monitoring,,0,0.0,0.0,1,8.281,1.289,0.0,9.01,4.484,2.12,1.495,0,0,1
64.7,monitoring,,0,0.0,0.0,1,8.311,1.29,0.11,9.04,4.454,2.121,1.526,0,0,1
64.8,monitoring,,0,0.0,0.0,1,8.342,1.291,0.0,9.07,4.422,2.123,1.557,0,0,1
64.9,monitoring,,0,0.0,0.0,1,8.373,1.293,0.12,9.1,4.392,2.124,1.582,0,0,1
65.0,monitoring,,0,0.0,0.0,1,8.403,1.294,0.0,9.13,4.362,2.125,1.613,0,0,0
65.1,monitoring,,0,0.0,0.0,1,8.434,1.295,0.1,9.166,4.332,1.638,1.644,0,0,0
65.2,monitoring,,0,0.0,0.0,1,8.464,1.297,0.0,9.196,4.302,1.636,1.674,0,0,0
65.3,monitoring,,0,0.0,0.0,1,8.495,1.298,0.11,9.226,4.272,1.635,1.7,0,0,0
65.4,monitoring,,0,0.0,0.0,1,8.525,1.299,0.0,9.256,4.242,1.634,1.73,0,0,0
65.5,monitoring,,0,0.0,0.0,1,8.556,1.301,0.13,9.286,4.212,1.633,1.761,0,0,0
65.6,monitoring,,0,0.0,0.0,1,8.587,1.302,0.0,9.316,4.182,1.632,1.791,0,0,0
65.7,monitoring,,0,0.0,0.0,1,8.617,1.303,0.1,9.346,4.152,1.629,1.817,0,0,0
65.8,monitoring,,0,0.0,0.0,1,8.648,1.305,0.0,9.376,4.122,1.628,1.804,0,0,0
65.9,monitoring,,0,0.0,0.0,1,8.678,1.306,0.11,9.406,4.092,1.627,1.776,0,0,0
66.0,monitoring,,0,0.0,0.0,1,8.709,1.308,0.0,9.436,4.062,1.626,1.748,0,0,0
66.1,monitoring,,0,0.0,0.0,1,8.739,1.309,0.12,9.466,4.033,1.625,1.719,0,0,0
66.2,monitoring,,0,0.0,0.0,1,8.77,1.31,0.0,9.496,4.003,1.623,1.692,0,0,0
66.3,monitoring,,0,0.0,0.0,1,8.79,1.311,0.11,9.526,3.973,1.622,1.664,0,0,0
66.4,monitoring,,0,0.0,0.0,1,8.821,1.313,0.0,9.556,3.943,1.621,1.636,0,0,0
66.5,monitoring,,0,0.0,0.0,1,8.852,1.314,0.11,9.586,3.913,1.62,1.608,0,0,0
66.6,monitoring,,0,0.0,0.0,1,8.882,1.315,0.0,9.616,3.883,1.619,1.58,0,0,0
66.7,monitoring,,0,0.0,0.0,1,8.913,1.317,0.11,9.646,3.853,1.617,1.552,0,0,0
66.8,monitoring,,0,0.0,0.0,1,8.943,1.318,0.0,9.676,3.823,1.616,1.525,0,0,0
66.9,monitoring,,0,0.0,0.0,1,8.974,1.319,0.13,9.706,3.793,1.615,1.497,0,0,0
67.0,monitoring,,0,0.0,0.0,1,9.004,1.321,0.0,9.736,3.763,1.614,1.471,0,0,0
67.1,monitoring,,0,0.0,0.0,1,9.035,1.322,0.11,9.766,3.733,1.613,1.443,0,0,0
67.2,monitoring,,0,0.0,0.0,1,9.066,1.323,0.0,9.796,3.703,1.611,1.415,0,0,0
67.3,monitoring,,0,0.0,0.0,1,9.096,1.325,0.11,9.826,3.673,1.61,1.389,0,0,0
67.4,monitoring,,0,0.0,0.0,1,9.127,1.326,0.0,9.856,3.643,1.609,1.362,0,0,0
67.5,monitoring,,0,0.0,0.0,1,9.157,1.327,0.12,9.886,3.613,1.608,1.335,0,0,0
67.6,monitoring,,0,0.0,0.0,1,9.188,1.329,0.0,9.916,3.584,1.606,1.308,0,0,0
67.7,monitoring,,0,0.0,0.0,1,9.218,1.33,0.11,9.946,3.554,1.605,1.282,0,0,0
67.8,monitoring,,0,0.0,0.0,1,9.249,1.332,0.0,9.976,3.524,1.604,1.255,0,0,0
67.9,monitoring,,0,0.0,0.0,1,9.28,1.333,0.1,10.006,3.492,1.603,1.229,0,0,0
68.0,monitoring,,0,0.0,0.0,1,9.3,1.334,0.0,10.036,3.462,1.602,1.203,0,0,0
68.1,monitoring,,0,0.0,0.0,1,9.33,1.335,0.11,10.066,3.432,1.6,1.177,0,0,0
68.2,monitoring,,0,0.0,0.0,1,9.361,1.337,0.0,10.096,3.402,1.599,1.151,0,0,0
68.3,monitoring,,0,0.0,0.0,1,9.391,1.338,0.12,10.125,3.372,1.598,1.126,0,0,0
68.4,monitoring,,0,0.0,0.0,1,9.421,1.339,0.0,10.155,3.343,1.597,1.101,0,0,0
68.5,monitoring,,0,0.0,0.0,1,9.45,1.34,0.11,10.184,3.314,1.596,1.076,0,0,0
68.6,monitoring,,0,0.0,0.0,1,9.48,1.342,0.0,10.213,3.285,1.594,1.052,0,0,0
68.7,monitoring,,0,0.0,0.0,1,9.509,1.343,0.11,10.242,3.256,1.593,1.028,0,0,0
68.8,monitoring,,0,0.0,0.0,1,9.538,1.344,0.0,10.271,3.228,1.592,1.004,0,0,0
68.9,monitoring,,0,0.0,0.0,1,9.567,1.346,0.12,10.299,3.199,1.591,0.982,0,0,0
69.0,monitoring,,0,0.0,0.0,1,9.595,1.347,0.0,10.327,3.171,1.59,0.958,0,0,0
69.1,monitoring,,0,0.0,0.0,1,9.622,1.348,0.12,10.355,3.144,1.589,0.937,0,0,0
69.2,monitoring,,0,0.0,0.0,1,9.647,1.349,0.0,10.381,3.118,1.588,0.916,0,0,0
69.3,monitoring,,0,0.0,0.0,1,9.67,1.35,0.11,10.405,3.094,1.587,0.898,0,0,0
69.4,monitoring,,0,0.0,0.0,1,9.692,1.351,0.22,10.427,3.071,1.586,0.881,0,0,0
69.5,monitoring,,0,0.0,0.0,1,9.714,1.352,0.0,10.449,3.049,1.585,0.864,0,0,0
69.6,monitoring,,0,0.0,0.0,1,9.737,1.353,0.12,10.471,3.028,1.584,0.848,0,0,0
69.7,monitoring,,0,0.0,0.0,1,9.752,1.354,0.24,10.493,3.006,1.583,0.831,0,0,0
69.8,monitoring,,0,0.0,0.0,1,9.774,1.355,0.0,10.515,2.984,1.582,0.815,0,0,0
69.9,monitoring,,0,0.0,0.0,1,9.797,1.356,0.11,10.537,2.962,1.581,0.799,0,0,0
70.0,monitoring,,0,0.0,0.0,1,9.819,1.357,0.22,10.559,2.94,1.58,0.783,0,0,0
70.1,monitoring,,0,0.0,0.0,0,9.841,1.358,,10.581,2.918,1.58,0.768,0,0,0
70.2,monitoring,,0,0.0,0.0,0,9.864,1.359,,10.603,2.896,1.579,0.753,0,0,0
70.3,monitoring,,0,0.0,0.0,0,9.886,1.36,,10.625,2.872,1.578,0.738,0,0,0
70.4,monitoring,,0,0.0,0.0,0,9.896,1.36,,10.647,2.851,1.578,0.724,0,0,0
70.5,monitoring,,0,0.0,0.0,0,9.896,1.36,,10.655,2.843,1.577,0.719,0,0,0
70.6,monitoring,,0,0.0,0.0,0,9.896,1.36,,10.655,2.843,1.577,0.719,0,0,0
70.7,monitoring,,0,0.0,0.0,0,9.896,1.36,,10.655,2.843,1.577,0.719,0,0,0
70.8,monitoring,,0,0.0,0.0,0,9.896,1.36,,10.655,2.843,1.577,0.719,0,0,0
70.9,monitoring,,0,0.0,0.0,0,9.896,1.36,,10.655,2.843,1.577,0.719,0,0,0
71.0,monitoring,,0,0.0,0.0,0,9.896,1.36,,10.655,2.843,1.577,0.719,0,0,0
71.1,monitoring,,0,0.0,0.0,0,9.896,1.36,,10.655,2.843,1.577,0.719,0,0,0
71.2,monitoring,,0,0.0,0.0,0,9.896,1.36,,10.655,2.843,1.577,0.719,0,0,0
71.3,monitoring,,0,0.0,0.0,0,9.896,1.36,,10.655,2.843,1.577,0.719,0,0,0
71.4,monitoring,,0,0.0,0.0,0,9.896,1.36,,10.655,2.843,1.577,0.719,0,0,0
71.5,monitoring,,0,0.0,0.0,1,9.896,1.36,0.0,10.655,2.843,1.577,0.719,0,0,0
71.6,monitoring,,0,0.0,0.0,1,9.896,1.36,0.11,10.663,2.841,1.574,0.72,0,0,0
71.7,monitoring,,0,0.0,0.0,1,9.896,1.36,0.0,2.911,2.848,1.569,0.721,0,0,0
71.8,monitoring,,0,0.0,0.0,1,9.896,1.36,0.12,2.922,2.87,1.575,0.722,0,0,0
71.9,monitoring,,0,0.0,0.0,1,9.896,1.36,0.24,2.911,2.913,0.502,0.724,0,0,0
72.0,monitoring,,0,0.0,0.0,1,9.896,1.36,0.0,2.93,2.948,0.44,0.725,0,0,0
72.1,monitoring,,0,0.0,0.0,1,9.896,1.36,0.11,2.965,2.986,0.429,0.726,0,0,0
72.2,monitoring,,0,0.0,0.0,1,9.896,1.36,0.22,3.007,3.031,0.426,0.727,0,0,0
72.3,monitoring,,0,0.0,0.0,1,9.896,1.36,0.33,3.056,3.084,0.428,0.728,0,0,0
72.4,monitoring,,0,0.0,0.0,1,9.896,1.36,0.0,3.112,3.144,0.437,0.729,0,0,0
72.5,monitoring,,0,0.0,0.0,1,9.896,1.36,0.12,3.177,3.026,0.446,0.73,0,0,0
72.6,monitoring,,0,0.0,0.0,1,9.896,1.36,0.24,3.251,2.771,0.454,0.731,0,0,0
72.7,monitoring,,0,0.0,0.0,1,9.896,1.36,0.34,3.334,2.617,0.463,0.732,0,0,0
72.8,monitoring,,0,0.0,0.0,1,9.896,1.36,0.0,3.428,2.482,0.469,0.733,0,0,0
72.9,monitoring,,0,0.0,0.0,1,9.896,1.36,0.11,3.29,2.32,0.473,0.734,0,0,0
73.0,monitoring,,0,0.0,0.0,1,9.896,1.36,0.21,3.144,2.221,0.475,0.735,0,0,0
73.1,monitoring,,0,0.0,0.0,1,9.896,1.36,0.33,3.016,2.133,0.476,0.736,0,0,0
73.2,monitoring,,0,0.0,0.0,1,9.896,1.36,0.0,2.86,2.025,0.476,0.738,0,0,0
73.3,monitoring,,0,0.0,0.0,1,9.896,1.36,0.12,2.763,1.959,0.474,0.738,0,0,0
73.4,monitoring,,0,0.0,0.0,1,9.896,1.36,0.23,2.677,1.901,0.472,0.74,0,0,0
73.5,monitoring,,0,0.0,0.0,1,9.896,1.36,0.34,2.601,1.849,0.465,0.741,0,0,0
73.6,monitoring,,0,0.0,0.0,1,9.896,1.36,0.0,2.533,1.784,0.459,0.742,0,0,0
73.7,monitoring,,0,0.0,0.0,1,9.899,1.366,0.11,2.479,1.802,0.453,0.743,0,0,0
73.8,monitoring,,0,0.0,0.0,1,9.91,1.384,0.23,2.488,1.792,0.453,0.745,0,0,0
73.9,monitoring,,0,0.0,0.0,1,9.926,1.411,0.0,2.511,1.763,0.455,0.752,0,0,0
74.0,monitoring,,0,0.0,0.0,1,9.941,1.437,0.13,2.54,1.727,0.462,0.761,0,0,0
74.1,monitoring,,0,0.0,0.0,1,9.957,1.463,0.0,2.568,1.695,0.472,0.771,0,0,0
74.2,monitoring,,0,0.0,0.0,1,9.972,1.49,0.11,2.597,1.667,0.496,0.782,0,0,0
74.3,monitoring,,0,0.0,0.0,1,9.988,1.516,0.0,2.625,1.639,0.531,0.793,0,0,0
74.4,monitoring,,0,0.0,0.0,1,10.004,1.542,0.12,2.654,1.61,0.594,0.806,0,0,0
74.5,monitoring,,0,0.0,0.0,1,10.019,1.569,0.0,2.682,1.582,3.162,0.819,0,0,0
74.6,monitoring,,0,0.0,0.0,1,10.035,1.595,0.14,2.711,1.554,3.145,0.833,0,0,0
74.7,monitoring,,0,0.0,0.0,1,10.05,1.621,0.0,2.739,1.526,3.127,0.848,0,0,0
74.8,monitoring,,0,0.0,0.0,1,10.061,1.639,0.11,2.768,1.493,3.11,0.863,0,0,0
74.9,monitoring,,0,0.0,0.0,1,10.077,1.665,0.0,2.796,1.456,3.092,0.879,0,0,0
75.0,monitoring,,0,0.0,0.0,1,10.092,1.691,0.11,2.825,1.426,3.074,0.895,0,0,0
75.1,monitoring,,0,0.0,0.0,1,10.108,1.718,0.0,2.853,1.398,3.057,0.912,0,0,0
75.2,monitoring,,0,0.0,0.0,1,10.123,1.744,0.13,2.91,1.37,3.009,0.93,0,0,0
75.3,monitoring,,0,0.0,0.0,1,10.139,1.77,0.0,2.939,1.342,2.992,0.948,0,0,0
75.4,monitoring,,0,0.0,0.0,1,10.155,1.797,0.11,2.968,1.314,2.974,0.966,0,0,0
75.5,monitoring,,0,0.0,0.0,1,10.17,1.823,0.0,2.996,1.279,2.957,0.986,0,0,0
75.6,monitoring,,0,0.0,0.0,1,10.186,1.849,0.11,3.025,1.243,2.94,1.005,0,0,0
75.7,monitoring,,0,0.0,0.0,1,10.201,1.876,0.0,3.054,1.215,2.922,1.025,0,0,0
75.8,monitoring,,0,0.0,0.0,1,10.217,1.902,0.11,3.083,1.187,2.905,1.046,0,0,0
75.9,monitoring,,0,0.0,0.0,1,10.233,1.928,0.0,3.111,1.159,2.887,1.066,0,0,0
76.0,monitoring,,0,0.0,0.0,1,10.248,1.955,0.12,3.14,1.132,1.805,1.088,0,0,0
76.1,monitoring,,0,0.0,0.0,1,10.264,1.981,0.0,3.169,1.093,1.764,1.109,0,0,0
76.2,monitoring,,0,0.0,0.0,1,10.279,2.007,0.11,3.198,1.065,1.722,1.13,0,0,0
76.3,monitoring,,0,0.0,0.0,1,10.294,2.031,0.0,3.226,1.038,1.681,1.152,0,0,0
76.4,monitoring,,0,0.0,0.0,1,10.306,2.053,0.11,3.252,1.013,1.604,1.173,0,0,0
76.5,monitoring,,0,0.0,0.0,1,10.315,2.067,0.21,3.276,0.988,1.57,1.181,0,0,0
76.6,monitoring,,0,0.0,0.0,1,10.326,2.086,,3.298,0.958,1.539,1.163,0,0,0
76.7,monitoring,,0,0.0,0.0,1,10.338,2.105,,3.319,0.938,1.509,1.148,0,0,0
76.8,monitoring,,0,0.0,0.0,1,10.349,2.124,,3.34,0.918,1.444,1.133,0,0,0
76.9,monitoring,,0,0.0,0.0,1,10.36,2.144,,3.361,0.898,1.415,1.118,0,0,0
77.0,monitoring,,0,0.0,0.0,1,10.372,2.163,,3.383,0.876,1.386,1.101,0,0,0
77.1,monitoring,,0,0.0,0.0,1,10.383,2.182,,3.404,0.849,1.356,1.087,0,0,0
77.2,monitoring,,0,0.0,0.0,1,10.395,2.202,,3.425,0.829,1.295,1.073,0,0,0
77.3,monitoring,,0,0.0,0.0,1,10.406,2.221,,3.446,0.81,1.267,1.056,0,0,0
77.4,monitoring,,0,0.0,0.0,1,10.407,2.222,,3.466,0.79,1.239,1.043,0,0,0
77.5,monitoring,,0,0.0,0.0,1,10.407,2.222,,3.399,0.793,1.343,1.047,0,0,0
77.6,monitoring,,0,0.0,0.0,1,10.407,2.222,,3.331,0.803,1.439,1.048,0,0,0
77.7,monitoring,,0,0.0,0.0,1,10.407,2.222,,3.271,0.806,1.598,1.044,0,0,0
77.8,monitoring,,0,0.0,0.0,1,10.407,2.222,,3.219,0.807,1.796,1.047,0,0,0
77.9,monitoring,,0,0.0,0.0,1,10.407,2.222,,3.175,0.81,2.434,1.047,0,0,0
78.0,monitoring,,0,0.0,0.0,1,10.407,2.222,,3.137,0.811,2.408,1.053,0,0,0
78.1,monitoring,,0,0.0,0.0,0,10.407,2.222,,3.106,0.806,2.387,1.05,0,0,0
78.2,monitoring,,0,0.0,0.0,0,10.407,2.222,,3.082,0.801,2.371,1.051,0,0,0
78.3,monitoring,,0,0.0,0.0,0,10.407,2.222,,1.115,0.796,2.362,1.051,0,0,0
78.4,monitoring,,0,0.0,0.0,0,10.407,2.222,,1.115,0.796,2.362,1.051,0,0,0
78.5,monitoring,,0,0.0,0.0,0,10.407,2.222,,1.115,0.796,2.362,1.051,0,0,0
78.6,monitoring,,0,0.0,0.0,0,10.407,2.222,,1.115,0.796,2.362,1.051,0,0,0
78.7,monitoring,,0,0.0,0.0,0,10.407,2.222,,1.115,0.796,2.362,1.051,0,0,0
78.8,monitoring,,0,0.0,0.0,0,10.407,2.222,,1.115,0.796,2.362,1.051,0,0,0
78.9,monitoring,,0,0.0,0.0,0,10.407,2.222,,1.115,0.796,2.362,1.051,0,0,0
79.0,monitoring,,0,0.0,0.0,0,10.407,2.222,,1.115,0.796,2.362,1.051,0,0,0
79.1,monitoring,,0,0.0,0.0,0,10.407,2.222,,1.115,0.796,2.362,1.051,0,0,0
79.2,monitoring,,0,0.0,0.0,0,10.407,2.222,,1.115,0.796,2.362,1.051,0,0,0
79.3,monitoring,,0,0.0,0.0,1,10.407,2.222,0.0,1.115,0.796,2.362,1.051,0,0,0
79.4,monitoring,,0,0.0,0.0,1,10.407,2.222,,1.115,0.796,2.362,1.051,0,0,0
79.5,monitoring,,0,0.0,0.0,1,10.409,2.234,,1.116,0.795,2.361,1.05,0,0,0
79.6,monitoring,,0,0.0,0.0,1,10.412,2.254,,1.126,0.785,2.359,1.037,0,0,0
79.7,monitoring,,0,0.0,0.0,1,10.415,2.274,,1.142,0.764,2.355,1.025,0,0,0
79.8,monitoring,,0,0.0,0.0,1,10.418,2.294,,1.159,0.743,2.352,1.004,0,0,0
79.9,monitoring,,0,0.0,0.0,1,10.421,2.308,,1.175,0.723,2.348,0.987,0,0,0
80.0,monitoring,,0,0.0,0.0,1,10.424,2.328,,1.217,0.703,2.345,0.97,0,0,0
80.1,monitoring,,0,0.0,0.0,1,10.427,2.348,,1.233,0.684,2.341,0.953,0,0,0
80.2,monitoring,,0,0.0,0.0,1,10.43,2.368,,1.248,0.663,2.338,0.933,0,0,0
80.3,monitoring,,0,0.0,0.0,1,10.434,2.388,,1.264,0.642,2.334,0.912,0,0,0
80.4,monitoring,,0,0.0,0.0,1,10.437,2.408,,1.281,0.624,2.33,0.896,0,0,0
80.5,monitoring,,0,0.0,0.0,1,10.44,2.428,,1.297,0.604,2.327,0.875,0,0,0
80.6,monitoring,,0,0.0,0.0,1,10.443,2.449,,1.344,0.583,2.323,0.854,0,0,0
80.7,monitoring,,0,0.0,0.0,1,10.447,2.469,,1.36,0.564,2.32,0.838,0,0,0
80.8,monitoring,,0,0.0,0.0,1,10.45,2.489,,1.376,0.544,2.316,0.816,0,0,0
80.9,monitoring,,0,0.0,0.0,1,10.451,2.498,,1.391,0.523,2.313,0.794,0,0,0
81.0,monitoring,,0,0.0,0.0,1,10.451,2.498,,1.366,0.511,2.306,0.788,0,0,0
81.1,monitoring,,0,0.0,0.0,1,10.451,2.498,,1.344,0.503,2.301,0.789,0,0,0
81.2,monitoring,,0,0.0,0.0,1,10.451,2.498,,1.353,0.713,2.301,0.792,0,0,0
81.3,monitoring,,0,0.0,0.0,1,10.451,2.498,,1.354,5.167,2.303,0.792,0,0,0
81.4,monitoring,,0,0.0,0.0,1,10.451,2.498,,1.354,5.167,2.303,0.792,0,0,0
81.5,monitoring,,0,0.0,0.0,1,10.451,2.498,,1.354,5.167,2.303,0.792,0,0,0
81.6,monitoring,,0,0.0,0.0,1,10.451,2.498,,1.354,5.167,2.303,0.792,0,0,0
81.7,monitoring,,0,0.0,0.0,1,10.451,2.498,,1.354,5.167,2.303,0.792,0,0,0
81.8,monitoring,,0,0.0,0.0,1,10.451,2.498,,1.354,5.167,2.303,0.792,0,0,0
81.9,monitoring,,0,0.0,0.0,1,10.451,2.498,,1.354,5.167,2.303,0.792,0,0,0
82.0,monitoring,,0,0.0,0.0,1,10.451,2.498,,1.354,5.167,2.303,0.792,0,0,0
82.1,monitoring,,0,0.0,0.0,1,10.451,2.498,,1.354,5.167,2.303,0.792,0,0,0
82.2,monitoring,,0,0.0,0.0,1,10.451,2.498,,1.354,5.167,2.303,0.792,0,0,0
82.3,monitoring,,0,0.0,0.0,1,10.451,2.498,,1.354,5.167,2.303,0.792,0,0,0
82.4,monitoring,,0,0.0,0.0,1,10.451,2.498,,1.354,5.167,2.303,0.792,0,0,0
82.5,monitoring,,0,0.0,0.0,1,10.451,2.498,,1.354,5.167,2.303,0.792,0,0,0
82.6,monitoring,,0,0.0,0.0,1,10.451,2.498,,1.354,5.167,2.303,0.792,0,0,0
82.7,monitoring,,0,0.0,0.0,1,10.451,2.498,,1.354,5.167,2.303,0.792,0,0,0
82.8,monitoring,,0,0.0,0.0,1,10.451,2.498,,1.354,5.167,2.303,0.792,0,0,0
82.9,monitoring,,0,0.0,0.0,1,10.451,2.498,,1.354,5.167,2.303,0.792,0,0,0
83.0,monitoring,,0,0.0,0.0,1,10.451,2.498,,1.354,5.167,2.303,0.792,0,0,0
83.1,monitoring,,0,0.0,0.0,1,10.451,2.498,,1.354,5.167,2.303,0.792,0,0,0
83.2,monitoring,,0,0.0,0.0,1,10.451,2.498,,1.354,5.167,2.303,0.792,0,0,0
83.3,monitoring,,0,0.0,0.0,1,10.451,2.498,,1.354,5.167,2.303,0.792,0,0,0
83.4,monitoring,,0,0.0,0.0,1,10.451,2.498,,1.354,5.167,2.303,0.792,0,0,0
83.5,monitoring,,0,0.0,0.0,1,10.451,2.498,,1.354,5.167,2.303,0.792,0,0,0
83.6,monitoring,,0,0.0,0.0,1,10.451,2.498,,1.354,5.167,2.303,0.792,0,0,0
83.7,monitoring,,0,0.0,0.0,1,10.451,2.498,,1.354,5.167,2.303,0.792,0,0,0
83.8,monitoring,,0,0.0,0.0,1,10.451,2.498,,1.354,5.167,2.303,0.792,0,0,0
83.9,monitoring,,0,0.0,0.0,1,10.451,2.498,,1.354,5.167,2.303,0.792,0,0,0
84.0,monitoring,,0,0.0,0.0,1,10.451,2.498,,1.354,5.167,2.303,0.792,0,0,0
84.1,monitoring,,0,0.0,0.0,1,10.451,2.498,,1.354,5.167,2.303,0.792,0,0,0
84.2,monitoring,,0,0.0,0.0,1,10.451,2.498,,1.354,5.167,2.303,0.792,0,0,0
84.3,monitoring,,0,0.0,0.0,1,10.451,2.498,,1.354,5.167,2.303,0.792,0,0,0
84.4,monitoring,,0,0.0,0.0,1,10.451,2.498,,1.354,5.167,2.303,0.792,0,0,0
84.5,monitoring,,0,0.0,0.0,1,10.451,2.498,,1.354,5.167,2.303,0.792,0,0,0
84.6,monitoring,,0,0.0,0.0,1,10.451,2.498,,1.354,5.167,2.303,0.792,0,0,0
84.7,monitoring,,0,0.0,0.0,1,10.451,2.498,,1.354,5.167,2.303,0.792,0,0,0
84.8,monitoring,,0,0.0,0.0,1,10.451,2.498,,1.354,5.167,2.303,0.792,0,0,0
84.9,monitoring,,0,0.0,0.0,1,10.451,2.498,,1.354,5.167,2.303,0.792,0,0,0
85.0,monitoring,,0,0.0,0.0,1,10.451,2.498,,1.354,5.167,2.303,0.792,0,0,0
85.1,monitoring,,0,0.0,0.0,1,10.451,2.498,,1.354,5.167,2.303,0.792,0,0,0
85.2,monitoring,,0,0.0,0.0,1,10.451,2.498,,1.354,5.167,2.303,0.792,0,0,0
85.3,monitoring,,0,0.0,0.0,1,10.451,2.498,,1.354,5.167,2.303,0.792,0,0,0
85.4,monitoring,,0,0.0,0.0,1,10.451,2.498,,1.354,5.167,2.303,0.792,0,0,0
85.5,monitoring,,0,0.0,0.0,1,10.451,2.498,,1.354,5.167,2.303,0.792,0,0,0
85.6,monitoring,,0,0.0,0.0,1,10.451,2.498,,1.354,5.167,2.303,0.792,0,0,0
85.7,monitoring,,0,0.0,0.0,1,10.451,2.498,,1.354,5.167,2.303,0.792,0,0,0
85.8,monitoring,,0,0.0,0.0,1,10.451,2.498,,1.354,5.167,2.303,0.792,0,0,0
85.9,monitoring,,0,0.0,0.0,1,10.451,2.498,,1.354,5.167,2.303,0.792,0,0,0
86.0,monitoring,,0,0.0,0.0,1,10.451,2.498,,1.354,5.167,2.303,0.792,0,0,0
86.1,monitoring,,0,0.0,0.0,1,10.451,2.498,,1.354,5.167,2.303,0.792,0,0,0
86.2,monitoring,,0,0.0,0.0,1,10.451,2.498,,1.354,5.167,2.303,0.792,0,0,0
86.3,monitoring,,0,0.0,0.0,1,10.451,2.498,,1.354,5.167,2.303,0.792,0,0,0
86.4,monitoring,,0,0.0,0.0,1,10.451,2.498,,1.354,5.167,2.303,0.792,0,0,0
86.5,monitoring,,0,0.0,0.0,1,10.451,2.498,,1.354,5.167,2.303,0.792,0,0,0
86.6,monitoring,,0,0.0,0.0,1,10.451,2.498,,1.354,5.167,2.303,0.792,0,0,0
86.7,monitoring,,0,0.0,0.0,1,10.451,2.498,,1.354,5.167,2.303,0.792,0,0,0
86.8,monitoring,,0,0.0,0.0,1,10.451,2.498,,1.354,5.167,2.303,0.792,0,0,0
86.9,monitoring,,0,0.0,0.0,1,10.451,2.498,,1.354,5.167,2.303,0.792,0,0,0
87.0,monitoring,,0,0.0,0.0,1,10.451,2.498,,1.354,5.167,2.303,0.792,0,0,0
87.1,monitoring,,0,0.0,0.0,1,10.451,2.498,,1.354,5.167,2.303,0.792,0,0,0
87.2,monitoring,,0,0.0,0.0,1,10.451,2.498,,1.354,5.167,2.303,0.792,0,0,0
87.3,monitoring,,0,0.0,0.0,1,10.451,2.498,,1.354,5.167,2.303,0.792,0,0,0
87.4,monitoring,,0,0.0,0.0,1,10.451,2.498,,1.354,5.167,2.303,0.792,0,0,0
87.5,monitoring,,0,0.0,0.0,1,10.451,2.498,,1.354,5.167,2.303,0.792,0,0,0
87.6,monitoring,,0,0.0,0.0,1,10.451,2.498,,1.354,5.167,2.303,0.792,0,0,0
87.7,monitoring,,0,0.0,0.0,1,10.451,2.498,,1.354,5.167,2.303,0.792,0,0,0
87.8,monitoring,,0,0.0,0.0,1,10.451,2.498,,1.354,5.167,2.303,0.792,0,0,0
87.9,monitoring,,0,0.0,0.0,1,10.451,2.498,,1.354,5.167,2.303,0.792,0,0,0
88.0,monitoring,,0,0.0,0.0,1,10.451,2.498,,1.354,5.167,2.303,0.792,0,0,0
88.1,monitoring,,0,0.0,0.0,1,10.451,2.498,,1.354,5.167,2.303,0.792,0,0,0
88.2,monitoring,,0,0.0,0.0,1,10.451,2.498,,1.354,5.167,2.303,0.792,0,0,0
88.3,monitoring,,0,0.0,0.0,1,10.451,2.498,,1.354,5.167,2.303,0.792,0,0,0
88.4,monitoring,,0,0.0,0.0,1,10.451,2.498,,1.354,5.167,2.303,0.792,0,0,0
88.5,monitoring,,0,0.0,0.0,1,10.451,2.498,,1.354,5.167,2.303,0.792,0,0,0
88.6,monitoring,,0,0.0,0.0,1,10.451,2.498,,1.354,5.167,2.303,0.792,0,0,0
88.7,monitoring,,0,0.0,0.0,1,10.451,2.498,,1.354,5.167,2.303,0.792,0,0,0
88.8,monitoring,,0,0.0,0.0,1,10.451,2.498,,1.354,5.167,2.303,0.792,0,0,0
88.9,monitoring,,0,0.0,0.0,1,10.451,2.498,,1.354,5.167,2.303,0.792,0,0,0
89.0,monitoring,,0,0.0,0.0,1,10.451,2.498,,1.354,5.167,2.303,0.792,0,0,0
89.1,monitoring,,0,0.0,0.0,1,10.451,2.498,,1.354,5.167,2.303,0.792,0,0,0
89.2,monitoring,,0,0.0,0.0,1,10.451,2.498,,1.354,5.167,2.303,0.792,0,0,0
89.3,monitoring,,0,0.0,0.0,1,10.451,2.498,,1.354,5.167,2.303,0.792,0,0,0
89.4,monitoring,,0,0.0,0.0,1,10.451,2.498,,1.354,5.167,2.303,0.792,0,0,0
89.5,monitoring,,0,0.0,0.0,1,10.451,2.498,,1.354,5.167,2.303,0.792,0,0,0
89.6,monitoring,,0,0.0,0.0,1,10.451,2.498,,1.354,5.167,2.303,0.792,0,0,0
89.7,monitoring,,0,0.0,0.0,1,10.451,2.498,,1.354,5.167,2.303,0.792,0,0,0
89.8,monitoring,,0,0.0,0.0,1,10.451,2.498,,1.354,5.167,2.303,0.792,0,0,0
89.9,monitoring,,0,0.0,0.0,1,10.451,2.498,,1.354,5.167,2.303,0.792,0,0,0
90.0,monitoring,,0,0.0,0.0,1,10.451,2.498,,1.354,5.167,2.303,0.792,0,0,0
90.1,monitoring,,0,0.0,0.0,1,10.451,2.498,,1.354,5.167,2.303,0.792,0,0,0
90.2,monitoring,,0,0.0,0.0,1,10.451,2.498,,1.354,5.167,2.303,0.792,0,0,0
90.3,monitoring,,0,0.0,0.0,1,10.451,2.498,,1.354,5.167,2.303,0.792,0,0,0
90.4,monitoring,,0,0.0,0.0,1,10.451,2.498,,1.354,5.167,2.303,0.792,0,0,0
90.5,monitoring,,0,0.0,0.0,1,10.451,2.498,,1.354,5.167,2.303,0.792,0,0,0
90.6,monitoring,,0,0.0,0.0,1,10.451,2.498,,1.354,5.167,2.303,0.792,0,0,0
90.7,monitoring,,0,0.0,0.0,1,10.451,2.498,,1.354,5.167,2.303,0.792,0,0,0
90.8,monitoring,,0,0.0,0.0,1,10.451,2.498,,1.354,5.167,2.303,0.792,0,0,0
90.9,monitoring,,0,0.0,0.0,1,10.451,2.498,,1.354,5.167,2.303,0.792,0,0,0
91.0,monitoring,,0,0.0,0.0,1,10.451,2.498,,1.354,5.167,2.303,0.792,0,0,0
91.1,monitoring,,0,0.0,0.0,1,10.451,2.498,,1.354,5.167,2.303,0.792,0,0,0
91.2,monitoring,,0,0.0,0.0,1,10.451,2.498,,1.354,5.167,2.303,0.792,0,0,0
91.3,monitoring,,0,0.0,0.0,1,10.451,2.498,,1.354,5.167,2.303,0.792,0,0,0
91.4,monitoring,,0,0.0,0.0,1,10.451,2.498,,1.354,5.167,2.303,0.792,0,0,0
91.5,monitoring,,0,0.0,0.0,1,10.451,2.498,,1.354,5.167,2.303,0.792,0,0,0
91.6,monitoring,,0,0.0,0.0,1,10.451,2.498,,1.354,5.167,2.303,0.792,0,0,0
91.7,monitoring,,0,0.0,0.0,1,10.451,2.498,,1.354,5.167,2.303,0.792,0,0,0
91.8,monitoring,,0,0.0,0.0,1,10.451,2.498,,1.354,5.167,2.303,0.792,0,0,0
91.9,monitoring,,0,0.0,0.0,1,10.451,2.498,,1.354,5.167,2.303,0.792,0,0,0
92.0,monitoring,,0,0.0,0.0,1,10.451,2.498,,1.354,5.167,2.303,0.792,0,0,0
92.1,monitoring,,0,0.0,0.0,1,10.451,2.498,,1.354,5.167,2.303,0.792,0,0,0
92.2,monitoring,,0,0.0,0.0,1,10.451,2.498,,1.354,5.167,2.303,0.792,0,0,0
92.3,monitoring,,0,0.0,0.0,1,10.451,2.498,,1.354,5.167,2.303,0.792,0,0,0
92.4,monitoring,,0,0.0,0.0,1,10.451,2.498,,1.354,5.167,2.303,0.792,0,0,0
92.5,monitoring,,0,0.0,0.0,1,10.451,2.498,,1.354,5.167,2.303,0.792,0,0,0
92.6,monitoring,,0,0.0,0.0,1,10.451,2.498,,1.354,5.167,2.303,0.792,0,0,0
92.7,monitoring,,0,0.0,0.0,1,10.451,2.498,,1.354,5.167,2.303,0.792,0,0,0
92.8,monitoring,,0,0.0,0.0,1,10.451,2.498,,1.354,5.167,2.303,0.792,0,0,0
92.9,monitoring,,0,0.0,0.0,1,10.451,2.498,,1.354,5.167,2.303,0.792,0,0,0
93.0,monitoring,,0,0.0,0.0,1,10.451,2.498,,1.354,5.167,2.303,0.792,0,0,0
93.1,monitoring,,0,0.0,0.0,1,10.451,2.498,,1.354,5.167,2.303,0.792,0,0,0
93.2,monitoring,,0,0.0,0.0,1,10.451,2.498,,1.354,5.167,2.303,0.792,0,0,0
93.3,monitoring,,0,0.0,0.0,1,10.451,2.498,,1.354,5.167,2.303,0.792,0,0,0
93.4,monitoring,,0,0.0,0.0,1,10.451,2.498,,1.354,5.167,2.303,0.792,0,0,0
93.5,monitoring,,0,0.0,0.0,1,10.451,2.498,,1.354,5.167,2.303,0.792,0,0,0
93.6,monitoring,,0,0.0,0.0,1,10.451,2.498,,1.354,5.167,2.303,0.792,0,0,0
93.7,monitoring,,0,0.0,0.0,1,10.451,2.498,,1.356,5.169,2.306,0.794,0,0,0
93.8,monitoring,,0,0.0,0.0,1,10.451,2.498,,1.349,0.708,2.303,0.795,0,0,0
93.9,monitoring,,0,0.0,0.0,1,10.451,2.498,,1.367,0.553,1.775,0.8,0,0,0
94.0,monitoring,,0,0.0,0.0,1,10.451,2.498,,3.449,0.569,1.225,0.806,0,0,0
94.1,monitoring,,0,0.0,0.0,1,10.451,2.498,,3.571,0.58,0.956,0.807,0,0,0
94.202,monitoring,,0,0.0,0.0,1,10.451,2.498,,3.677,0.583,0.86,0.809,0,0,0
94.3,monitoring,,0,0.0,0.0,1,10.451,2.498,,3.781,0.582,0.778,0.815,0,0,0
94.4,monitoring,,0,0.0,0.0,1,10.451,2.498,,3.884,0.581,0.719,0.812,0,0,0
94.5,monitoring,,0,0.0,0.0,1,10.451,2.498,,3.793,0.576,0.671,0.816,0,0,0
94.6,monitoring,,0,0.0,0.0,1,10.451,2.498,,3.602,0.57,0.631,0.816,0,0,0
94.7,monitoring,,0,0.0,0.0,1,10.451,2.498,,3.373,0.564,0.596,0.822,0,0,0
94.8,monitoring,,0,0.0,0.0,1,10.451,2.498,,3.232,0.557,0.577,0.823,0,0,0
94.9,monitoring,,0,0.0,0.0,1,10.451,2.498,,3.107,0.568,0.551,0.826,0,0,0
95.0,monitoring,,0,0.0,0.0,1,10.451,2.498,,2.997,0.601,0.537,0.828,0,0,0
95.1,monitoring,,0,0.0,0.0,1,10.451,2.498,,2.861,0.639,0.541,0.831,0,0,0
95.2,monitoring,,0,0.0,0.0,1,10.451,2.498,,2.778,0.683,0.553,0.835,0,0,0
95.3,monitoring,,0,0.0,0.0,1,10.451,2.498,,2.704,0.735,0.559,0.834,0,0,0
95.4,monitoring,,0,0.0,0.0,1,10.451,2.498,,2.638,0.795,0.569,0.838,0,0,0
95.5,monitoring,,0,0.0,0.0,1,10.451,2.498,,2.58,0.866,0.578,0.842,0,0,0
95.6,monitoring,,0,0.0,0.0,1,10.451,2.498,,2.529,0.95,0.579,0.841,0,0,0
95.7,monitoring,,0,0.0,0.0,0,10.451,2.498,,2.484,1.051,0.586,0.846,0,0,0
95.8,monitoring,,0,0.0,0.0,0,10.451,2.498,,2.446,1.175,0.591,0.851,0,0,0
95.9,monitoring,,0,0.0,0.0,1,10.451,2.498,,2.454,1.16,0.591,0.851,0,0,0
96.0,monitoring,,0,0.0,0.0,1,10.451,2.498,,2.541,0.955,0.591,0.853,0,0,0
96.1,monitoring,,0,0.0,0.0,1,10.451,2.498,,2.653,0.812,0.587,0.856,0,0,0
96.2,monitoring,,0,0.0,0.0,1,10.451,2.498,,2.795,0.708,0.577,0.86,0,0,0
96.301,monitoring,,0,0.0,0.0,1,10.451,2.498,,3.017,0.643,0.575,0.858,0,0,0
96.4,monitoring,,0,0.0,0.0,1,10.451,2.498,,3.254,0.593,0.623,0.862,0,0,0
96.5,monitoring,,0,0.0,0.0,1,10.451,2.498,,3.624,0.582,0.686,0.862,0,0,0
96.6,monitoring,,0,0.0,0.0,1,10.451,2.498,,3.852,0.597,0.785,0.861,0,0,0
96.7,monitoring,,0,0.0,0.0,1,10.451,2.498,,3.671,0.605,0.901,0.859,0,0,0
96.8,monitoring,,0,0.0,0.0,1,10.451,2.498,,3.53,0.607,1.053,0.857,0,0,0
96.9,monitoring,,0,0.0,0.0,1,10.451,2.498,,3.418,0.604,1.272,0.855,0,0,0
97.0,monitoring,,0,0.0,0.0,1,10.451,2.498,,1.404,0.601,1.533,0.854,0,0,0
97.1,monitoring,,0,0.0,0.0,1,10.451,2.498,,1.285,0.594,1.824,0.852,0,0,0
97.2,monitoring,,0,0.0,0.0,1,10.451,2.498,,1.284,0.586,2.367,0.85,0,0,0
97.3,monitoring,,0,0.0,0.0,1,10.451,2.498,,1.297,0.576,2.377,0.847,0,0,0
97.4,monitoring,,0,0.0,0.0,1,10.451,2.498,,1.303,0.565,2.375,0.844,0,0,0
97.5,monitoring,,0,0.0,0.0,1,10.451,2.498,,1.305,0.552,2.379,0.84,0,0,0
97.6,monitoring,,0,0.0,0.0,1,10.451,2.498,,1.302,5.228,2.39,0.836,0,0,0
97.7,monitoring,,0,0.0,0.0,1,10.451,2.498,,1.294,5.225,2.391,0.832,0,0,0
97.8,monitoring,,0,0.0,0.0,1,10.451,2.498,,1.294,5.225,2.392,0.832,0,0,0
97.9,monitoring,,0,0.0,0.0,1,10.451,2.504,,1.294,5.225,2.392,0.974,0,0,0
98.0,monitoring,,0,0.0,0.0,1,10.451,2.525,,1.303,5.215,2.392,0.977,0,0,0
98.1,monitoring,,0,0.0,0.0,1,10.451,2.547,,1.324,5.194,2.391,0.957,0,0,0
98.2,monitoring,,0,0.0,0.0,1,10.451,2.57,,1.346,5.173,2.39,0.942,0,0,0
98.3,monitoring,,0,0.0,0.0,1,10.451,2.592,,1.368,5.151,2.39,0.92,0,0,0
98.4,monitoring,,0,0.0,0.0,1,10.451,2.615,,1.39,5.129,2.389,0.905,0,0,0
98.5,monitoring,,0,0.0,0.0,1,10.451,2.637,,1.412,5.107,2.388,0.882,0,0,0
98.6,monitoring,,0,0.0,0.0,1,10.45,2.652,,1.434,5.085,2.387,0.872,0,0,0
98.7,monitoring,,0,0.0,0.0,1,10.45,2.675,,1.456,5.063,2.387,0.843,0,0,0
98.8,monitoring,,0,0.0,0.0,1,10.45,2.697,,1.479,5.041,2.386,0.837,0,0,0
98.9,monitoring,,0,0.0,0.0,1,10.45,2.72,,1.501,5.019,2.385,0.819,0,0,0
99.0,monitoring,,0,0.0,0.0,1,10.45,2.742,,1.523,4.997,2.384,0.794,0,0,0
99.1,monitoring,,0,0.0,0.0,1,10.45,2.764,,1.545,4.975,2.384,0.771,0,0,0
99.2,monitoring,,0,0.0,0.0,1,10.45,2.787,,1.567,4.953,2.383,0.773,0,0,0
99.3,monitoring,,0,0.0,0.0,1,10.45,2.809,,1.59,4.931,2.382,0.752,0,0,0
99.4,monitoring,,0,0.0,0.0,1,10.45,2.832,,1.612,4.909,2.382,0.733,0,0,0
99.5,monitoring,,0,0.0,0.0,1,10.449,2.854,,1.635,4.887,2.381,0.697,0,0,0
99.6,monitoring,,0,0.0,0.0,1,10.449,2.877,,1.657,4.865,2.38,0.665,0,0,0
99.7,monitoring,,0,0.0,0.0,1,10.449,2.899,,1.679,4.843,2.379,0.667,0,0,0
99.8,monitoring,,0,0.0,0.0,1,10.449,2.921,,1.701,4.821,2.379,0.626,0,0,0
99.9,monitoring,,0,0.0,0.0,1,10.449,2.944,,1.723,4.799,2.378,0.615,0,0,0
100.0,monitoring,,0,0.0,0.0,1,10.449,2.966,,1.745,4.777,2.377,0.583,0,0,0
100.1,monitoring,,0,0.0,0.0,1,10.449,2.989,,1.767,4.755,1.44,0.565,0,0,0
100.2,monitoring,,0,0.0,0.0,1,10.449,3.011,,1.788,4.733,0.917,0.557,0,0,0
100.3,monitoring,,0,0.0,0.0,1,10.449,3.026,,1.81,4.711,0.354,0.534,0,0,0
100.4,monitoring,,0,0.0,0.0,1,10.448,3.049,,1.832,4.689,0.347,0.514,0,0,0
100.5,monitoring,,0,0.0,0.0,1,10.448,3.071,,1.854,4.667,0.365,0.497,0,0,0
100.6,monitoring,,0,0.0,0.0,1,10.448,3.094,,1.876,4.645,0.358,0.483,0,0,0
100.7,monitoring,,0,0.0,0.0,1,10.448,3.116,,1.898,4.623,0.348,0.47,0,0,0
100.8,monitoring,,0,0.0,0.0,1,10.448,3.138,,1.92,4.601,0.375,0.455,0,0,0
100.9,monitoring,,0,0.0,0.0,1,10.448,3.161,,1.943,4.579,0.366,0.444,0,0,0
101.0,monitoring,,0,0.0,0.0,1,10.448,3.183,,1.965,4.557,0.352,0.427,0,0,0
101.1,monitoring,,0,0.0,0.0,1,10.448,3.206,,1.987,4.535,0.401,0.411,0,0,0
101.2,monitoring,,0,0.0,0.0,1,10.448,3.228,,2.009,4.513,0.062,0.399,0,0,0
101.3,monitoring,,0,0.0,0.0,1,10.447,3.251,,2.031,4.491,0.062,0.388,0,0,0
101.4,monitoring,,0,0.0,0.0,1,10.447,3.273,,2.053,4.469,0.062,0.374,0,0,0
101.5,monitoring,,0,0.0,0.0,1,10.447,3.295,,2.075,4.448,0.063,0.375,0,0,0
101.6,monitoring,,0,0.0,0.0,1,10.447,3.318,,2.097,4.423,0.063,0.365,0,0,0
101.7,monitoring,,0,0.0,0.0,1,10.447,3.34,,2.119,4.401,0.063,0.356,0,0,0
101.8,monitoring,,0,0.0,0.0,1,10.447,3.363,,2.14,4.379,0.063,0.346,0,0,0
101.9,monitoring,,0,0.0,0.0,0,10.447,3.385,,2.162,4.357,0.063,0.34,0,0,0
102.0,monitoring,,0,0.0,0.0,1,10.447,3.4,,2.184,4.336,0.064,0.336,0,0,0
102.1,monitoring,,0,0.0,0.0,1,10.447,3.423,,2.206,4.314,0.063,0.331,0,0,0
102.2,monitoring,,0,0.0,0.0,1,10.446,3.445,,2.228,4.292,0.064,0.327,0,0,0
102.3,monitoring,,0,0.0,0.0,0,10.446,3.468,,2.25,4.27,0.064,0.325,0,0,0
102.4,monitoring,,0,0.0,0.0,0,10.446,3.49,,2.272,4.248,0.064,0.324,0,0,0
102.5,monitoring,,0,0.0,0.0,0,10.446,3.512,,2.294,4.226,0.064,0.324,0,0,0
102.6,monitoring,,0,0.0,0.0,0,10.446,3.535,,2.316,4.204,0.064,0.325,0,0,0
102.7,monitoring,,0,0.0,0.0,0,10.446,3.557,,2.338,4.182,0.064,0.326,0,0,0
102.8,monitoring,,0,0.0,0.0,0,10.446,3.58,,2.36,4.16,0.064,0.327,0,0,0
102.9,monitoring,,0,0.0,0.0,0,10.446,3.602,,2.383,4.138,0.064,0.327,0,0,0
103.0,monitoring,,0,0.0,0.0,0,10.445,3.625,,2.405,4.116,0.064,0.328,0,0,0
103.101,monitoring,,0,0.0,0.0,0,10.445,3.647,,2.427,4.094,0.063,0.329,0,0,0
103.2,monitoring,,0,0.0,0.0,0,10.445,3.669,,2.449,4.072,0.063,0.329,0,0,0
103.3,monitoring,,0,0.0,0.0,0,10.445,3.685,,2.471,4.05,0.063,0.33,0,0,0
103.4,monitoring,,0,0.0,0.0,0,10.445,3.685,,2.488,4.033,0.062,0.331,0,0,0
103.5,monitoring,,0,0.0,0.0,0,10.445,3.685,,2.488,4.033,0.062,0.331,0,0,0
103.6,monitoring,,0,0.0,0.0,0,10.445,3.685,,2.488,4.033,0.062,0.331,0,0,0
103.7,monitoring,,0,0.0,0.0,0,10.445,3.685,,2.488,4.033,0.062,0.331,0,0,0
103.8,monitoring,,0,0.0,0.0,0,10.445,3.685,,2.488,4.033,0.062,0.331,0,0,0
103.9,monitoring,,0,0.0,0.0,0,10.445,3.685,,2.488,4.033,0.062,0.331,0,0,0
104.0,monitoring,,0,0.0,0.0,0,10.445,3.685,,2.489,4.037,0.054,0.331,0,0,0
104.1,monitoring,,0,0.0,0.0,0,10.445,3.685,,4.519,4.092,0.026,0.331,0,0,0
104.2,monitoring,,0,0.0,0.0,0,10.445,3.685,,0.143,0.022,0.006,0.33,0,0,0
104.3,monitoring,,0,0.0,0.0,0,10.445,3.685,,0.081,0.005,0.0,0.33,0,0,0
104.4,monitoring,,0,0.0,0.0,0,10.445,3.685,,0.038,0.004,0.0,0.337,0,0,0
104.5,monitoring,,0,0.0,0.0,0,10.445,3.685,,0.008,0.001,0.0,0.346,0,0,0
104.6,monitoring,,0,0.0,0.0,0,10.445,3.685,,0.004,0.004,0.0,0.347,0,0,0
104.7,monitoring,,0,0.0,0.0,0,10.445,3.685,,0.003,0.001,0.0,0.349,0,0,0
104.8,monitoring,,0,0.0,0.0,0,10.445,3.685,,0.003,0.003,0.0,0.35,0,0,0
104.9,monitoring,,0,0.0,0.0,0,10.445,3.685,,0.003,0.003,0.0,0.35,0,0,0
105.0,monitoring,,0,0.0,0.0,0,10.445,3.685,,0.003,0.003,0.0,0.35,0,0,0
105.1,monitoring,,0,0.0,0.0,0,10.445,3.685,,0.003,0.003,0.0,0.35,0,0,0
105.2,monitoring,,0,0.0,0.0,0,10.445,3.685,,0.003,0.003,0.0,0.35,0,0,0
105.3,monitoring,,0,0.0,0.0,0,10.445,3.685,,0.003,0.003,0.0,0.35,0,0,0
105.4,monitoring,,0,0.0,0.0,0,10.445,3.685,,0.003,0.003,0.0,0.35,0,0,0
105.5,monitoring,,0,0.0,0.0,0,10.445,3.685,,0.003,0.003,0.0,0.35,0,0,0
105.6,monitoring,,0,0.0,0.0,0,10.445,3.685,,0.003,0.003,0.0,0.35,0,0,0
105.7,monitoring,,0,0.0,0.0,0,10.445,3.685,,0.003,0.003,0.0,0.35,0,0,0
105.8,monitoring,,0,0.0,0.0,0,10.445,3.685,,0.003,0.003,0.0,0.35,0,0,0
105.9,monitoring,,0,0.0,0.0,0,10.445,3.685,,0.003,0.003,0.0,0.35,0,0,0
106.0,monitoring,,0,0.0,0.0,0,10.445,3.685,,0.003,0.003,0.0,0.35,0,0,0
106.1,monitoring,,0,0.0,0.0,0,10.445,3.685,,0.003,0.003,0.0,0.35,0,0,0
106.2,monitoring,,0,0.0,0.0,0,10.445,3.685,,0.003,0.003,0.0,0.35,0,0,0
106.3,monitoring,,0,0.0,0.0,0,10.445,3.685,,0.003,0.003,0.0,0.35,0,0,0
106.4,monitoring,,0,0.0,0.0,0,10.445,3.685,,0.003,0.003,0.0,0.35,0,0,0
106.5,monitoring,,0,0.0,0.0,0,10.445,3.685,,0.003,0.003,0.0,0.35,0,0,0
106.6,monitoring,,0,0.0,0.0,0,10.445,3.685,,0.003,0.003,0.0,0.35,0,0,0
106.7,monitoring,,0,0.0,0.0,0,10.445,3.685,,0.003,0.003,0.0,0.35,0,0,0
106.8,monitoring,,0,0.0,0.0,0,10.445,3.685,,0.003,0.003,0.0,0.35,0,0,0
106.9,monitoring,,0,0.0,0.0,0,10.445,3.685,,0.003,0.003,0.0,0.35,0,0,0
107.0,monitoring,,0,0.0,0.0,0,10.445,3.685,,0.003,0.003,0.0,0.35,0,0,0
107.1,monitoring,,0,0.0,0.0,0,10.445,3.685,,0.003,0.003,0.0,0.35,0,0,0
107.2,monitoring,,0,0.0,0.0,0,10.445,3.685,,0.003,0.003,0.0,0.35,0,0,0
107.3,monitoring,,0,0.0,0.0,0,10.445,3.685,,0.003,0.003,0.0,0.35,0,0,0
107.4,monitoring,,0,0.0,0.0,0,10.445,3.685,,0.003,0.003,0.0,0.35,0,0,0
107.5,monitoring,,0,0.0,0.0,1,10.445,3.685,,0.003,0.003,0.0,0.35,0,0,0
107.6,monitoring,,0,0.0,0.0,1,10.445,3.685,,0.003,0.003,0.0,0.35,0,0,0
107.7,monitoring,,0,0.0,0.0,1,10.445,3.685,,0.003,0.003,0.0,0.35,0,0,0
107.8,monitoring,,0,0.0,0.0,0,10.445,3.685,,3.758,0.003,0.0,0.35,0,0,0
107.9,monitoring,,0,0.0,0.0,0,10.445,3.685,,3.685,0.003,0.0,0.349,0,0,0
108.0,monitoring,,0,0.0,0.0,0,10.445,3.685,,3.612,0.003,0.0,0.348,0,0,0
108.1,monitoring,,0,0.0,0.0,0,10.445,3.685,,3.475,0.003,0.0,0.348,0,0,0
108.2,monitoring,,0,0.0,0.0,0,10.445,3.685,,3.408,0.003,0.0,0.347,0,0,0
108.3,monitoring,,0,0.0,0.0,0,10.445,3.685,,3.341,0.003,0.0,0.347,0,0,0
108.4,monitoring,,0,0.0,0.0,0,10.445,3.685,,3.275,0.003,0.0,0.347,0,0,0
108.5,monitoring,,0,0.0,0.0,0,10.445,3.685,,3.209,0.003,0.0,0.347,0,0,0
108.6,monitoring,,0,0.0,0.0,0,10.445,3.685,,3.099,0.015,0.0,0.348,0,0,0
108.7,monitoring,,0,0.0,0.0,0,10.445,3.685,,0.002,0.024,0.0,0.344,0,0,0
108.8,monitoring,,0,0.0,0.0,0,10.445,3.685,,0.006,0.035,0.005,0.341,0,0,0
108.9,monitoring,,0,0.0,0.0,0,10.445,3.685,,0.013,0.042,0.018,0.338,0,0,0
109.0,monitoring,,0,0.0,0.0,0,10.445,3.685,,0.019,0.049,0.028,0.336,0,0,0
109.1,monitoring,,0,0.0,0.0,0,10.445,3.685,,0.027,0.058,0.043,0.334,0,0,0
109.2,monitoring,,0,0.0,0.0,0,10.445,3.685,,0.033,0.065,0.061,0.333,0,0,0
109.3,monitoring,,0,0.0,0.0,0,10.445,3.685,,0.038,0.069,0.081,0.332,0,0,0
109.4,monitoring,,0,0.0,0.0,0,10.445,3.685,,0.046,0.074,0.11,0.332,0,0,0
109.5,monitoring,,0,0.0,0.0,0,10.445,3.685,,0.053,0.076,0.134,0.331,0,0,0
109.6,monitoring,,0,0.0,0.0,0,10.445,3.685,,0.053,0.078,0.134,0.332,0,0,0
109.7,monitoring,,0,0.0,0.0,0,10.445,3.685,,0.053,0.078,0.134,0.332,0,0,0
109.8,monitoring,,0,0.0,0.0,0,10.445,3.685,,0.053,0.078,0.134,0.332,0,0,0
109.9,monitoring,,0,0.0,0.0,0,10.445,3.685,,0.053,0.078,0.134,0.332,0,0,0
110.0,monitoring,,0,0.0,0.0,0,10.445,3.685,,0.053,0.078,0.134,0.332,0,0,0
110.1,monitoring,,0,0.0,0.0,0,10.445,3.685,,0.053,0.078,0.134,0.332,0,0,0
110.2,monitoring,,0,0.0,0.0,0,10.445,3.685,,0.053,0.078,0.134,0.332,0,0,0
110.3,monitoring,,0,0.0,0.0,0,10.445,3.685,,0.053,0.078,0.134,0.332,0,0,0
110.4,monitoring,,0,0.0,0.0,0,10.445,3.685,,0.053,0.078,0.134,0.332,0,0,0
110.5,monitoring,,0,0.0,0.0,0,10.445,3.685,,0.053,0.078,0.134,0.332,0,0,0
110.6,monitoring,,0,0.0,0.0,0,10.445,3.685,,0.053,0.078,0.134,0.332,0,0,0
110.7,monitoring,,0,0.0,0.0,0,10.445,3.685,,0.053,0.078,0.134,0.332,0,0,0
110.8,monitoring,,0,0.0,0.0,0,10.445,3.685,,0.053,0.078,0.134,0.332,0,0,0
110.9,monitoring,,0,0.0,0.0,0,10.445,3.685,,0.053,0.078,0.134,0.332,0,0,0
111.0,monitoring,,0,0.0,0.0,0,10.445,3.685,,0.053,0.078,0.134,0.332,0,0,0
111.1,monitoring,,0,0.0,0.0,0,10.445,3.685,,0.053,0.078,0.134,0.332,0,0,0
111.2,monitoring,,0,0.0,0.0,0,10.445,3.685,,0.053,0.078,0.134,0.332,0,0,0
111.3,monitoring,,0,0.0,0.0,0,10.445,3.685,,0.053,0.078,0.134,0.332,0,0,0
111.4,monitoring,,0,0.0,0.0,0,10.445,3.685,,0.053,0.078,0.134,0.332,0,0,0
111.5,monitoring,,0,0.0,0.0,0,10.445,3.685,,0.053,0.078,0.134,0.332,0,0,0
111.6,monitoring,,0,0.0,0.0,0,10.445,3.685,,0.053,0.078,0.134,0.332,0,0,0
111.7,monitoring,,0,0.0,0.0,0,10.445,3.685,,0.053,0.078,0.134,0.332,0,0,0
111.8,monitoring,,0,0.0,0.0,0,10.445,3.685,,0.053,0.078,0.134,0.332,0,0,0
111.9,monitoring,,0,0.0,0.0,0,10.445,3.685,,0.053,0.078,0.134,0.332,0,0,0
112.0,monitoring,,0,0.0,0.0,0,10.445,3.685,,0.053,0.078,0.134,0.332,0,0,0
112.1,monitoring,,0,0.0,0.0,0,10.445,3.685,,0.053,0.078,0.134,0.332,0,0,0
112.2,monitoring,,0,0.0,0.0,0,10.445,3.685,,0.053,0.078,0.134,0.332,0,0,0
112.3,monitoring,,0,0.0,0.0,0,10.445,3.685,,0.053,0.078,0.134,0.332,0,0,0
112.4,monitoring,,0,0.0,0.0,0,10.445,3.685,,0.053,0.078,0.134,0.332,0,0,0
112.5,monitoring,,0,0.0,0.0,0,10.445,3.685,,0.053,0.078,0.134,0.332,0,0,0
112.6,monitoring,,0,0.0,0.0,0,10.445,3.685,,0.053,0.078,0.134,0.332,0,0,0
112.7,monitoring,,0,0.0,0.0,0,10.445,3.685,,0.053,0.078,0.134,0.332,0,0,0
112.8,monitoring,,0,0.0,0.0,0,10.445,3.685,,0.053,0.078,0.134,0.332,0,0,0
112.9,monitoring,,0,0.0,0.0,0,10.445,3.685,,0.053,0.078,0.134,0.332,0,0,0
113.0,monitoring,,0,0.0,0.0,0,10.445,3.685,,0.053,0.078,0.134,0.332,0,0,0
113.1,monitoring,,0,0.0,0.0,0,10.445,3.685,,0.053,0.078,0.134,0.332,0,0,0
113.2,monitoring,,0,0.0,0.0,0,10.445,3.685,,0.053,0.078,0.134,0.332,0,0,0
113.3,monitoring,,0,0.0,0.0,0,10.445,3.685,,0.053,0.078,0.134,0.332,0,0,0
113.4,monitoring,,0,0.0,0.0,0,10.445,3.685,,0.053,0.078,0.134,0.332,0,0,0
113.5,monitoring,,0,0.0,0.0,0,10.445,3.685,,0.053,0.078,0.134,0.332,0,0,0
113.6,monitoring,,0,0.0,0.0,0,10.445,3.685,,0.053,0.078,0.134,0.332,0,0,0
113.7,monitoring,,0,0.0,0.0,0,10.445,3.685,,0.053,0.078,0.134,0.332,0,0,0
113.8,monitoring,,0,0.0,0.0,0,10.445,3.685,,0.053,0.078,0.134,0.332,0,0,0
113.9,monitoring,,0,0.0,0.0,0,10.445,3.685,,0.053,0.078,0.134,0.332,0,0,0
114.0,monitoring,,0,0.0,0.0,0,10.445,3.685,,0.053,0.078,0.134,0.332,0,0,0
114.1,monitoring,,0,0.0,0.0,0,10.445,3.685,,0.053,0.078,0.134,0.332,0,0,0
114.2,monitoring,,0,0.0,0.0,0,10.445,3.685,,0.053,0.078,0.134,0.332,0,0,0
114.3,monitoring,,0,0.0,0.0,0,10.445,3.685,,0.053,0.078,0.134,0.332,0,0,0
114.4,monitoring,,0,0.0,0.0,0,10.445,3.685,,0.053,0.078,0.134,0.332,0,0,0
114.501,monitoring,,0,0.0,0.0,0,10.445,3.685,,0.053,0.078,0.134,0.332,0,0,0
114.6,monitoring,,0,0.0,0.0,0,10.445,3.685,,0.053,0.078,0.134,0.332,0,0,0
114.7,monitoring,,0,0.0,0.0,0,10.445,3.685,,0.053,0.078,0.134,0.332,0,0,0
114.8,monitoring,,0,0.0,0.0,0,10.445,3.685,,0.053,0.078,0.134,0.332,0,0,0
114.9,monitoring,,0,0.0,0.0,0,10.445,3.685,,0.053,0.078,0.134,0.332,0,0,0
115.0,monitoring,,0,0.0,0.0,0,10.445,3.685,,0.053,0.078,0.134,0.332,0,0,0
115.1,monitoring,,0,0.0,0.0,0,10.445,3.685,,0.053,0.078,0.134,0.332,0,0,0
115.2,monitoring,,0,0.0,0.0,0,10.445,3.685,,0.053,0.078,0.134,0.332,0,0,0
115.3,monitoring,,0,0.0,0.0,0,10.445,3.685,,0.053,0.078,0.134,0.332,0,0,0
115.4,monitoring,,0,0.0,0.0,0,10.445,3.685,,0.053,0.078,0.134,0.332,0,0,0
115.5,monitoring,,0,0.0,0.0,0,10.445,3.685,,0.053,0.078,0.134,0.332,0,0,0
115.6,monitoring,,0,0.0,0.0,0,10.445,3.685,,0.053,0.078,0.134,0.332,0,0,0
115.7,monitoring,,0,0.0,0.0,0,10.445,3.685,,0.053,0.078,0.134,0.332,0,0,0
115.8,monitoring,,0,0.0,0.0,0,10.445,3.685,,0.053,0.078,0.134,0.332,0,0,0
115.9,monitoring,,0,0.0,0.0,0,10.445,3.685,,0.053,0.078,0.134,0.332,0,0,0
116.0,monitoring,,0,0.0,0.0,0,10.445,3.685,,0.053,0.078,0.134,0.332,0,0,0
116.1,monitoring,,0,0.0,0.0,0,10.445,3.685,,0.053,0.078,0.134,0.332,0,0,0
116.2,monitoring,,0,0.0,0.0,0,10.445,3.685,,0.053,0.078,0.134,0.332,0,0,0
116.3,monitoring,,0,0.0,0.0,0,10.445,3.685,,0.053,0.078,0.134,0.332,0,0,0
116.4,monitoring,,0,0.0,0.0,0,10.445,3.685,,0.053,0.078,0.134,0.332,0,0,0
116.5,monitoring,,0,0.0,0.0,0,10.445,3.685,,0.053,0.078,0.134,0.332,0,0,0
116.6,monitoring,,0,0.0,0.0,0,10.445,3.685,,0.053,0.078,0.134,0.332,0,0,0
116.7,monitoring,,0,0.0,0.0,0,10.445,3.685,,0.053,0.078,0.134,0.332,0,0,0
116.8,monitoring,,0,0.0,0.0,0,10.445,3.685,,0.053,0.078,0.134,0.332,0,0,0
116.9,monitoring,,0,0.0,0.0,0,10.445,3.685,,0.053,0.078,0.134,0.332,0,0,0
117.0,monitoring,,0,0.0,0.0,0,10.445,3.685,,0.053,0.078,0.134,0.332,0,0,0
117.1,monitoring,,0,0.0,0.0,0,10.445,3.685,,0.053,0.078,0.134,0.332,0,0,0
117.2,monitoring,,0,0.0,0.0,0,10.445,3.685,,0.053,0.078,0.134,0.332,0,0,0
117.3,monitoring,,0,0.0,0.0,0,10.445,3.685,,0.053,0.078,0.134,0.332,0,0,0
117.4,monitoring,,0,0.0,0.0,0,10.445,3.685,,0.053,0.078,0.134,0.332,0,0,0
117.5,monitoring,,0,0.0,0.0,0,10.445,3.685,,0.053,0.078,0.134,0.332,0,0,0
117.6,monitoring,,0,0.0,0.0,0,10.445,3.685,,0.053,0.078,0.134,0.332,0,0,0
117.7,monitoring,,0,0.0,0.0,0,10.445,3.685,,0.053,0.078,0.134,0.332,0,0,0
117.8,monitoring,,0,0.0,0.0,0,10.445,3.685,,0.053,0.078,0.134,0.332,0,0,0
117.9,monitoring,,0,0.0,0.0,0,10.445,3.685,,0.053,0.078,0.134,0.332,0,0,0
118.0,monitoring,,0,0.0,0.0,0,10.445,3.685,,0.053,0.078,0.134,0.332,0,0,0
118.1,monitoring,,0,0.0,0.0,0,10.445,3.685,,0.053,0.078,0.134,0.332,0,0,0
118.2,monitoring,,0,0.0,0.0,0,10.445,3.685,,0.053,0.078,0.134,0.332,0,0,0
118.3,monitoring,,0,0.0,0.0,0,10.445,3.685,,0.053,0.078,0.134,0.332,0,0,0
118.4,monitoring,,0,0.0,0.0,0,10.445,3.685,,0.053,0.078,0.134,0.332,0,0,0
118.5,monitoring,,0,0.0,0.0,0,10.445,3.685,,0.053,0.078,0.134,0.332,0,0,0
118.6,monitoring,,0,0.0,0.0,0,10.445,3.685,,0.053,0.078,0.134,0.332,0,0,0
118.7,monitoring,,0,0.0,0.0,0,10.445,3.685,,0.053,0.078,0.134,0.332,0,0,0
118.8,monitoring,,0,0.0,0.0,0,10.445,3.685,,0.053,0.078,0.134,0.332,0,0,0
118.9,monitoring,,0,0.0,0.0,0,10.445,3.685,,0.053,0.078,0.134,0.332,0,0,0
119.0,monitoring,,0,0.0,0.0,0,10.445,3.685,,0.053,0.078,0.134,0.332,0,0,0
119.1,monitoring,,0,0.0,0.0,0,10.445,3.685,,0.053,0.078,0.134,0.332,0,0,0
119.2,monitoring,,0,0.0,0.0,0,10.445,3.685,,0.053,0.078,0.134,0.332,0,0,0
119.3,monitoring,,0,0.0,0.0,0,10.445,3.685,,0.053,0.078,0.134,0.332,0,0,0
119.4,monitoring,,0,0.0,0.0,0,10.445,3.685,,0.053,0.078,0.134,0.332,0,0,0
119.5,monitoring,,0,0.0,0.0,0,10.445,3.685,,0.053,0.078,0.134,0.332,0,0,0
119.6,monitoring,,0,0.0,0.0,0,10.445,3.685,,0.053,0.078,0.134,0.332,0,0,0
119.7,monitoring,,0,0.0,0.0,0,10.445,3.685,,0.053,0.078,0.134,0.332,0,0,0
119.8,monitoring,,0,0.0,0.0,0,10.445,3.685,,0.053,0.078,0.134,0.332,0,0,0
119.9,monitoring,,0,0.0,0.0,0,10.445,3.685,,0.053,0.078,0.134,0.332,0,0,0
120.0,monitoring,,0,0.0,0.0,0,10.445,3.685,,0.053,0.078,0.134,0.332,0,0,0
120.1,monitoring,,0,0.0,0.0,0,10.445,3.685,,0.053,0.078,0.134,0.332,0,0,0
120.2,monitoring,,0,0.0,0.0,0,10.445,3.685,,0.053,0.078,0.134,0.332,0,0,0
120.3,monitoring,,0,0.0,0.0,0,10.445,3.685,,0.053,0.078,0.134,0.332,0,0,0
120.4,monitoring,,0,0.0,0.0,0,10.445,3.685,,0.053,0.078,0.134,0.332,0,0,0
120.5,monitoring,,0,0.0,0.0,0,10.445,3.685,,0.053,0.078,0.134,0.332,0,0,0
120.6,monitoring,,0,0.0,0.0,0,10.445,3.685,,0.053,0.078,0.134,0.332,0,0,0
120.7,monitoring,,0,0.0,0.0,0,10.445,3.685,,0.053,0.078,0.134,0.332,0,0,0
120.8,monitoring,,0,0.0,0.0,0,10.445,3.685,,0.053,0.078,0.134,0.332,0,0,0
120.9,monitoring,,0,0.0,0.0,0,10.445,3.685,,0.053,0.078,0.134,0.332,0,0,0
121.0,monitoring,,0,0.0,0.0,0,10.445,3.685,,0.053,0.078,0.134,0.332,0,0,0
121.1,monitoring,,0,0.0,0.0,0,10.445,3.685,,0.053,0.078,0.134,0.332,0,0,0
121.2,monitoring,,0,0.0,0.0,0,10.445,3.685,,0.053,0.078,0.134,0.332,0,0,0
121.3,monitoring,,0,0.0,0.0,0,10.445,3.685,,0.053,0.078,0.134,0.332,0,0,0
121.4,monitoring,,0,0.0,0.0,0,10.445,3.685,,0.053,0.078,0.134,0.332,0,0,0
121.5,monitoring,,0,0.0,0.0,0,10.445,3.685,,0.053,0.078,0.134,0.332,0,0,0
121.6,monitoring,,0,0.0,0.0,0,10.445,3.685,,0.053,0.078,0.134,0.332,0,0,0
121.7,monitoring,,0,0.0,0.0,0,10.445,3.685,,0.053,0.078,0.134,0.332,0,0,0
121.8,monitoring,,0,0.0,0.0,0,10.445,3.685,,0.053,0.078,0.134,0.332,0,0,0
121.9,monitoring,,0,0.0,0.0,0,10.445,3.685,,0.053,0.078,0.134,0.332,0,0,0
122.0,monitoring,,0,0.0,0.0,0,10.445,3.685,,0.053,0.078,0.134,0.332,0,0,0
122.1,monitoring,,0,0.0,0.0,0,10.445,3.685,,0.053,0.078,0.134,0.332,0,0,0
122.2,monitoring,,0,0.0,0.0,0,10.445,3.685,,0.053,0.078,0.134,0.332,0,0,0
122.3,monitoring,,0,0.0,0.0,0,10.445,3.685,,0.053,0.078,0.134,0.332,0,0,0
122.4,monitoring,,0,0.0,0.0,0,10.445,3.685,,0.053,0.078,0.134,0.332,0,0,0
122.5,monitoring,,0,0.0,0.0,0,10.445,3.685,,0.053,0.078,0.134,0.332,0,0,0
122.6,monitoring,,0,0.0,0.0,0,10.445,3.685,,0.053,0.078,0.134,0.332,0,0,0
122.7,monitoring,,0,0.0,0.0,0,10.445,3.685,,0.053,0.078,0.134,0.332,0,0,0
122.8,monitoring,,0,0.0,0.0,0,10.445,3.685,,0.053,0.078,0.134,0.332,0,0,0
122.9,monitoring,,0,0.0,0.0,0,10.445,3.685,,0.053,0.078,0.134,0.332,0,0,0
123.0,monitoring,,0,0.0,0.0,0,10.445,3.685,,0.053,0.078,0.134,0.332,0,0,0
123.1,monitoring,,0,0.0,0.0,0,10.445,3.685,,0.053,0.078,0.134,0.332,0,0,0
123.2,monitoring,,0,0.0,0.0,0,10.445,3.685,,0.053,0.078,0.134,0.332,0,0,0
123.3,monitoring,,0,0.0,0.0,0,10.445,3.685,,0.053,0.078,0.134,0.332,0,0,0
123.4,monitoring,,0,0.0,0.0,0,10.445,3.685,,0.053,0.078,0.134,0.332,0,0,0
123.5,monitoring,,0,0.0,0.0,0,10.445,3.685,,0.053,0.078,0.134,0.332,0,0,0
123.6,monitoring,,0,0.0,0.0,0,10.445,3.685,,0.053,0.078,0.134,0.332,0,0,0
123.7,monitoring,,0,0.0,0.0,0,10.445,3.685,,0.053,0.078,0.134,0.332,0,0,0
123.8,monitoring,,0,0.0,0.0,0,10.445,3.685,,0.053,0.078,0.134,0.332,0,0,0
123.9,monitoring,,0,0.0,0.0,0,10.445,3.685,,0.053,0.078,0.134,0.332,0,0,0
124.0,monitoring,,0,0.0,0.0,0,10.445,3.685,,0.053,0.078,0.134,0.332,0,0,0
124.1,monitoring,,0,0.0,0.0,0,10.445,3.685,,0.053,0.078,0.134,0.332,0,0,0
124.2,monitoring,,0,0.0,0.0,0,10.445,3.685,,0.053,0.078,0.134,0.332,0,0,0
124.3,monitoring,,0,0.0,0.0,0,10.445,3.685,,0.053,0.078,0.134,0.332,0,0,0
124.4,monitoring,,0,0.0,0.0,0,10.445,3.685,,0.053,0.078,0.134,0.332,0,0,0
124.5,monitoring,,0,0.0,0.0,0,10.445,3.685,,0.053,0.078,0.134,0.332,0,0,0
124.6,monitoring,,0,0.0,0.0,0,10.445,3.685,,0.053,0.078,0.134,0.332,0,0,0
124.7,monitoring,,0,0.0,0.0,0,10.445,3.685,,0.053,0.078,0.134,0.332,0,0,0
124.8,monitoring,,0,0.0,0.0,0,10.445,3.685,,0.053,0.078,0.134,0.332,0,0,0
124.9,monitoring,,0,0.0,0.0,0,10.445,3.685,,0.053,0.078,0.134,0.332,0,0,0
125.0,monitoring,,0,0.0,0.0,0,10.445,3.685,,0.053,0.078,0.134,0.332,0,0,0
125.1,monitoring,,0,0.0,0.0,0,10.445,3.685,,0.053,0.078,0.134,0.332,0,0,0
125.2,monitoring,,0,0.0,0.0,0,10.445,3.685,,0.053,0.078,0.134,0.332,0,0,0
125.3,monitoring,,0,0.0,0.0,0,10.445,3.685,,0.053,0.078,0.134,0.332,0,0,0
125.4,monitoring,,0,0.0,0.0,0,10.445,3.685,,0.053,0.078,0.134,0.332,0,0,0
125.5,monitoring,,0,0.0,0.0,0,10.445,3.685,,0.053,0.078,0.134,0.332,0,0,0
125.6,monitoring,,0,0.0,0.0,0,10.445,3.685,,0.053,0.078,0.134,0.332,0,0,0
125.7,monitoring,,0,0.0,0.0,0,10.445,3.685,,0.053,0.078,0.134,0.332,0,0,0
125.8,monitoring,,0,0.0,0.0,0,10.445,3.685,,0.053,0.078,0.134,0.332,0,0,0
125.9,monitoring,,0,0.0,0.0,0,10.445,3.685,,0.053,0.078,0.134,0.332,0,0,0
126.0,monitoring,,0,0.0,0.0,0,10.445,3.685,,0.053,0.078,0.134,0.332,0,0,0
126.1,monitoring,,0,0.0,0.0,0,10.445,3.685,,0.053,0.078,0.134,0.332,0,0,0
126.2,monitoring,,0,0.0,0.0,0,10.445,3.685,,0.053,0.078,0.134,0.332,0,0,0
126.3,monitoring,,0,0.0,0.0,0,10.445,3.685,,0.053,0.078,0.134,0.332,0,0,0
126.4,monitoring,,0,0.0,0.0,0,10.445,3.685,,0.053,0.078,0.134,0.332,0,0,0
126.5,monitoring,,0,0.0,0.0,0,10.445,3.685,,0.053,0.078,0.134,0.332,0,0,0
126.6,monitoring,,0,0.0,0.0,0,10.445,3.685,,0.053,0.078,0.134,0.332,0,0,0
126.7,monitoring,,0,0.0,0.0,0,10.445,3.685,,0.053,0.078,0.134,0.332,0,0,0
126.8,monitoring,,0,0.0,0.0,0,10.445,3.685,,0.053,0.078,0.134,0.332,0,0,0
126.9,monitoring,,0,0.0,0.0,0,10.445,3.685,,0.053,0.078,0.134,0.332,0,0,0
127.0,monitoring,,0,0.0,0.0,0,10.445,3.685,,0.053,0.078,0.134,0.332,0,0,0
127.1,monitoring,,0,0.0,0.0,0,10.445,3.685,,0.053,0.078,0.134,0.332,0,0,0
127.2,monitoring,,0,0.0,0.0,0,10.445,3.685,,0.053,0.078,0.134,0.332,0,0,0
127.3,monitoring,,0,0.0,0.0,0,10.445,3.685,,0.053,0.078,0.134,0.332,0,0,0
127.4,monitoring,,0,0.0,0.0,0,10.445,3.685,,0.053,0.078,0.134,0.332,0,0,0
127.5,monitoring,,0,0.0,0.0,0,10.445,3.685,,0.053,0.078,0.134,0.332,0,0,0
127.6,monitoring,,0,0.0,0.0,0,10.445,3.685,,0.053,0.078,0.134,0.332,0,0,0
127.7,monitoring,,0,0.0,0.0,0,10.445,3.685,,0.053,0.078,0.134,0.332,0,0,0
127.8,monitoring,,0,0.0,0.0,0,10.445,3.685,,0.053,0.078,0.134,0.332,0,0,0
127.9,monitoring,,0,0.0,0.0,0,10.445,3.685,,0.053,0.078,0.134,0.332,0,0,0
128.0,monitoring,,0,0.0,0.0,0,10.445,3.685,,0.053,0.078,0.134,0.332,0,0,0
128.1,monitoring,,0,0.0,0.0,0,10.445,3.685,,0.053,0.078,0.134,0.332,0,0,0
128.2,monitoring,,0,0.0,0.0,0,10.445,3.685,,0.053,0.078,0.134,0.332,0,0,0
128.3,monitoring,,0,0.0,0.0,0,10.445,3.685,,0.053,0.078,0.134,0.332,0,0,0
128.4,monitoring,,0,0.0,0.0,0,10.445,3.685,,0.053,0.078,0.134,0.332,0,0,0
128.5,monitoring,,0,0.0,0.0,0,10.445,3.685,,0.053,0.078,0.134,0.332,0,0,0
128.6,monitoring,,0,0.0,0.0,0,10.445,3.685,,0.053,0.078,0.134,0.332,0,0,0
128.7,monitoring,,0,0.0,0.0,0,10.445,3.685,,0.053,0.078,0.134,0.332,0,0,0
128.8,monitoring,,0,0.0,0.0,0,10.445,3.685,,0.053,0.078,0.134,0.332,0,0,0
128.9,monitoring,,0,0.0,0.0,0,10.445,3.685,,0.053,0.078,0.134,0.332,0,0,0
129.0,monitoring,,0,0.0,0.0,0,10.445,3.685,,0.053,0.078,0.134,0.332,0,0,0
129.1,monitoring,,0,0.0,0.0,0,10.445,3.685,,0.053,0.078,0.134,0.332,0,0,0
129.2,monitoring,,0,0.0,0.0,0,10.445,3.685,,0.053,0.078,0.134,0.332,0,0,0
129.3,monitoring,,0,0.0,0.0,0,10.445,3.685,,0.053,0.078,0.134,0.332,0,0,0
129.4,monitoring,,0,0.0,0.0,0,10.445,3.685,,0.053,0.078,0.134,0.332,0,0,0
129.5,monitoring,,0,0.0,0.0,0,10.445,3.685,,0.053,0.078,0.134,0.332,0,0,0
129.6,monitoring,,0,0.0,0.0,0,10.445,3.685,,0.053,0.078,0.134,0.332,0,0,0
129.7,monitoring,,0,0.0,0.0,0,10.445,3.685,,0.053,0.078,0.134,0.332,0,0,0
129.8,monitoring,,0,0.0,0.0,0,10.445,3.685,,0.053,0.078,0.134,0.332,0,0,0
129.9,monitoring,,0,0.0,0.0,0,10.445,3.685,,0.053,0.078,0.134,0.332,0,0,0
130.0,monitoring,,0,0.0,0.0,0,10.445,3.685,,0.053,0.078,0.134,0.332,0,0,0
130.1,monitoring,,0,0.0,0.0,0,10.445,3.685,,0.053,0.078,0.134,0.332,0,0,0
130.2,monitoring,,0,0.0,0.0,0,10.445,3.685,,0.053,0.078,0.134,0.332,0,0,0
130.3,monitoring,,0,0.0,0.0,0,10.445,3.685,,0.053,0.078,0.134,0.332,0,0,0
130.4,monitoring,,0,0.0,0.0,0,10.445,3.685,,0.053,0.078,0.134,0.332,0,0,0
130.5,monitoring,,0,0.0,0.0,0,10.445,3.685,,0.053,0.078,0.134,0.332,0,0,0
130.6,monitoring,,0,0.0,0.0,0,10.445,3.685,,0.053,0.078,0.134,0.332,0,0,0
130.7,monitoring,,0,0.0,0.0,0,10.445,3.685,,0.053,0.078,0.134,0.332,0,0,0
130.8,monitoring,,0,0.0,0.0,0,10.445,3.685,,0.053,0.078,0.134,0.332,0,0,0
130.9,monitoring,,0,0.0,0.0,0,10.445,3.685,,0.053,0.078,0.134,0.332,0,0,0
131.0,monitoring,,0,0.0,0.0,0,10.445,3.685,,0.053,0.078,0.134,0.332,0,0,0
131.1,monitoring,,0,0.0,0.0,0,10.445,3.685,,0.053,0.078,0.134,0.332,0,0,0
131.2,monitoring,,0,0.0,0.0,0,10.445,3.685,,0.053,0.078,0.134,0.332,0,0,0
131.3,monitoring,,0,0.0,0.0,0,10.445,3.685,,0.053,0.078,0.134,0.332,0,0,0
131.4,monitoring,,0,0.0,0.0,0,10.445,3.685,,0.053,0.078,0.134,0.332,0,0,0
131.5,monitoring,,0,0.0,0.0,0,10.445,3.685,,0.053,0.078,0.134,0.332,0,0,0
131.6,monitoring,,0,0.0,0.0,0,10.445,3.685,,0.053,0.078,0.134,0.332,0,0,0
131.7,monitoring,,0,0.0,0.0,0,10.445,3.685,,0.053,0.078,0.134,0.332,0,0,0
131.8,monitoring,,0,0.0,0.0,0,10.445,3.685,,0.053,0.078,0.134,0.332,0,0,0
131.9,monitoring,,0,0.0,0.0,0,10.445,3.685,,0.053,0.078,0.134,0.332,0,0,0
132.0,monitoring,,0,0.0,0.0,0,10.445,3.685,,0.053,0.078,0.134,0.332,0,0,0
132.1,monitoring,,0,0.0,0.0,0,10.445,3.685,,0.053,0.078,0.134,0.332,0,0,0
132.2,monitoring,,0,0.0,0.0,0,10.445,3.685,,0.053,0.078,0.134,0.332,0,0,0
132.3,monitoring,,0,0.0,0.0,0,10.445,3.685,,0.053,0.078,0.134,0.332,0,0,0
132.4,monitoring,,0,0.0,0.0,0,10.445,3.685,,0.053,0.078,0.134,0.332,0,0,0
132.5,monitoring,,0,0.0,0.0,0,10.445,3.685,,0.053,0.078,0.134,0.332,0,0,0
132.6,monitoring,,0,0.0,0.0,0,10.445,3.685,,0.053,0.078,0.134,0.332,0,0,0
132.7,monitoring,,0,0.0,0.0,0,10.445,3.685,,0.053,0.078,0.134,0.332,0,0,0
132.8,monitoring,,0,0.0,0.0,0,10.445,3.685,,0.053,0.078,0.134,0.332,0,0,0
132.9,monitoring,,0,0.0,0.0,0,10.445,3.685,,0.053,0.078,0.134,0.332,0,0,0
133.0,monitoring,,0,0.0,0.0,0,10.445,3.685,,0.053,0.078,0.134,0.332,0,0,0
133.1,monitoring,,0,0.0,0.0,0,10.445,3.685,,0.053,0.078,0.134,0.332,0,0,0
133.2,monitoring,,0,0.0,0.0,0,10.445,3.685,,0.053,0.078,0.134,0.332,0,0,0
133.3,monitoring,,0,0.0,0.0,0,10.445,3.685,,0.053,0.078,0.134,0.332,0,0,0
133.4,monitoring,,0,0.0,0.0,0,10.445,3.685,,0.053,0.078,0.134,0.332,0,0,0
133.5,monitoring,,0,0.0,0.0,0,10.445,3.685,,0.053,0.078,0.134,0.332,0,0,0
133.6,monitoring,,0,0.0,0.0,0,10.445,3.685,,0.053,0.078,0.134,0.332,0,0,0
133.7,monitoring,,0,0.0,0.0,0,10.445,3.685,,0.053,0.078,0.134,0.332,0,0,0
133.8,monitoring,,0,0.0,0.0,0,10.445,3.685,,0.053,0.078,0.134,0.332,0,0,0
133.9,monitoring,,0,0.0,0.0,0,10.445,3.685,,0.053,0.078,0.134,0.332,0,0,0
134.0,monitoring,,0,0.0,0.0,0,10.445,3.685,,0.053,0.078,0.134,0.332,0,0,0
134.1,monitoring,,0,0.0,0.0,0,10.445,3.685,,0.053,0.078,0.134,0.332,0,0,0
134.2,monitoring,,0,0.0,0.0,0,10.445,3.685,,0.053,0.078,0.134,0.332,0,0,0
134.3,monitoring,,0,0.0,0.0,0,10.445,3.685,,0.053,0.078,0.134,0.332,0,0,0
134.4,monitoring,,0,0.0,0.0,0,10.445,3.685,,0.053,0.078,0.134,0.332,0,0,0
134.5,monitoring,,0,0.0,0.0,0,10.445,3.685,,0.053,0.078,0.134,0.332,0,0,0
134.6,monitoring,,0,0.0,0.0,0,10.445,3.685,,0.053,0.078,0.134,0.332,0,0,0
134.7,monitoring,,0,0.0,0.0,0,10.445,3.685,,0.053,0.078,0.134,0.332,0,0,0
134.8,monitoring,,0,0.0,0.0,0,10.445,3.685,,0.053,0.078,0.134,0.332,0,0,0
134.9,monitoring,,0,0.0,0.0,0,10.445,3.685,,0.053,0.078,0.134,0.332,0,0,0
135.0,monitoring,,0,0.0,0.0,0,10.445,3.685,,0.053,0.078,0.134,0.332,0,0,0
135.1,monitoring,,0,0.0,0.0,0,10.445,3.685,,0.053,0.078,0.134,0.332,0,0,0
135.2,monitoring,,0,0.0,0.0,0,10.445,3.685,,0.053,0.078,0.134,0.332,0,0,0
135.3,monitoring,,0,0.0,0.0,0,10.445,3.685,,0.053,0.078,0.134,0.332,0,0,0
135.4,monitoring,,0,0.0,0.0,0,10.445,3.685,,0.053,0.078,0.134,0.332,0,0,0
135.5,monitoring,,0,0.0,0.0,0,10.445,3.685,,0.053,0.078,0.134,0.332,0,0,0
135.6,monitoring,,0,0.0,0.0,0,10.445,3.685,,0.053,0.078,0.134,0.332,0,0,0
135.7,monitoring,,0,0.0,0.0,0,10.445,3.685,,0.053,0.078,0.134,0.332,0,0,0
135.8,monitoring,,0,0.0,0.0,0,10.445,3.685,,0.053,0.078,0.134,0.332,0,0,0
135.9,monitoring,,0,0.0,0.0,0,10.445,3.685,,0.053,0.078,0.134,0.332,0,0,0
136.001,monitoring,,0,0.0,0.0,0,10.445,3.685,,0.053,0.078,0.134,0.332,0,0,0
136.1,monitoring,,0,0.0,0.0,0,10.445,3.685,,0.053,0.078,0.134,0.332,0,0,0
136.2,monitoring,,0,0.0,0.0,0,10.445,3.685,,0.053,0.078,0.134,0.332,0,0,0
136.3,monitoring,,0,0.0,0.0,0,10.445,3.685,,0.053,0.078,0.134,0.332,0,0,0
136.4,monitoring,,0,0.0,0.0,0,10.445,3.685,,0.053,0.078,0.134,0.332,0,0,0
136.5,monitoring,,0,0.0,0.0,0,10.445,3.685,,0.053,0.078,0.134,0.332,0,0,0
136.6,monitoring,,0,0.0,0.0,0,10.445,3.685,,0.053,0.078,0.134,0.332,0,0,0
136.7,monitoring,,0,0.0,0.0,0,10.445,3.685,,0.053,0.078,0.134,0.332,0,0,0
136.8,monitoring,,0,0.0,0.0,0,10.445,3.685,,0.053,0.078,0.134,0.332,0,0,0
136.9,monitoring,,0,0.0,0.0,0,10.445,3.685,,0.053,0.078,0.134,0.332,0,0,0
137.0,monitoring,,0,0.0,0.0,0,10.445,3.685,,0.053,0.078,0.134,0.332,0,0,0
137.1,monitoring,,0,0.0,0.0,0,10.445,3.685,,0.053,0.078,0.134,0.332,0,0,0
137.2,monitoring,,0,0.0,0.0,0,10.445,3.685,,0.053,0.078,0.134,0.332,0,0,0
137.3,monitoring,,0,0.0,0.0,0,10.445,3.685,,0.053,0.078,0.134,0.332,0,0,0
137.4,monitoring,,0,0.0,0.0,0,10.445,3.685,,0.053,0.078,0.134,0.332,0,0,0
137.5,monitoring,,0,0.0,0.0,0,10.445,3.685,,0.053,0.078,0.134,0.332,0,0,0
137.6,monitoring,,0,0.0,0.0,0,10.445,3.685,,0.053,0.078,0.134,0.332,0,0,0
137.7,monitoring,,0,0.0,0.0,0,10.445,3.685,,0.053,0.078,0.134,0.332,0,0,0
137.8,monitoring,,0,0.0,0.0,0,10.445,3.685,,0.053,0.078,0.134,0.332,0,0,0
137.9,monitoring,,0,0.0,0.0,0,10.445,3.685,,0.053,0.078,0.134,0.332,0,0,0
138.0,monitoring,,0,0.0,0.0,0,10.445,3.685,,0.053,0.078,0.134,0.332,0,0,0
138.1,monitoring,,0,0.0,0.0,0,10.445,3.685,,0.053,0.078,0.134,0.332,0,0,0
138.2,monitoring,,0,0.0,0.0,0,10.445,3.685,,0.053,0.078,0.134,0.332,0,0,0
138.3,monitoring,,0,0.0,0.0,0,10.445,3.685,,0.053,0.078,0.134,0.332,0,0,0
138.4,monitoring,,0,0.0,0.0,0,10.445,3.685,,0.053,0.078,0.134,0.332,0,0,0
138.5,monitoring,,0,0.0,0.0,0,10.445,3.685,,0.053,0.078,0.134,0.332,0,0,0
138.6,monitoring,,0,0.0,0.0,0,10.445,3.685,,0.053,0.078,0.134,0.332,0,0,0
138.7,monitoring,,0,0.0,0.0,0,10.445,3.685,,0.053,0.078,0.134,0.332,0,0,0
138.8,monitoring,,0,0.0,0.0,0,10.445,3.685,,0.053,0.078,0.134,0.332,0,0,0
138.9,monitoring,,0,0.0,0.0,0,10.445,3.685,,0.053,0.078,0.134,0.332,0,0,0
139.0,monitoring,,0,0.0,0.0,0,10.445,3.685,,0.053,0.078,0.134,0.332,0,0,0
139.1,monitoring,,0,0.0,0.0,0,10.445,3.685,,0.053,0.078,0.134,0.332,0,0,0
139.2,monitoring,,0,0.0,0.0,0,10.445,3.685,,0.053,0.078,0.134,0.332,0,0,0
139.3,monitoring,,0,0.0,0.0,0,10.445,3.685,,0.053,0.078,0.134,0.332,0,0,0
139.4,monitoring,,0,0.0,0.0,0,10.445,3.685,,0.053,0.078,0.134,0.332,0,0,0
139.5,monitoring,,0,0.0,0.0,0,10.445,3.685,,0.053,0.078,0.134,0.332,0,0,0
139.6,monitoring,,0,0.0,0.0,0,10.445,3.685,,0.053,0.078,0.134,0.332,0,0,0
139.7,monitoring,,0,0.0,0.0,0,10.445,3.685,,0.053,0.078,0.134,0.332,0,0,0
139.8,monitoring,,0,0.0,0.0,0,10.445,3.685,,0.053,0.078,0.134,0.332,0,0,0
139.9,monitoring,,0,0.0,0.0,0,10.445,3.685,,0.053,0.078,0.134,0.332,0,0,0
140.0,monitoring,,0,0.0,0.0,0,10.445,3.685,,0.053,0.078,0.134,0.332,0,0,0
140.1,monitoring,,0,0.0,0.0,0,10.445,3.685,,0.053,0.078,0.134,0.332,0,0,0
140.2,monitoring,,0,0.0,0.0,0,10.445,3.685,,0.053,0.078,0.134,0.332,0,0,0
140.3,monitoring,,0,0.0,0.0,0,10.445,3.685,,0.053,0.078,0.134,0.332,0,0,0
140.4,monitoring,,0,0.0,0.0,0,10.445,3.685,,0.053,0.078,0.134,0.332,0,0,0
140.5,monitoring,,0,0.0,0.0,0,10.445,3.685,,0.053,0.078,0.134,0.332,0,0,0
140.6,monitoring,,0,0.0,0.0,0,10.445,3.685,,0.053,0.078,0.134,0.332,0,0,0
140.7,monitoring,,0,0.0,0.0,0,10.445,3.685,,0.053,0.078,0.134,0.332,0,0,0
140.8,monitoring,,0,0.0,0.0,0,10.445,3.685,,0.053,0.078,0.134,0.332,0,0,0
140.9,monitoring,,0,0.0,0.0,0,10.445,3.685,,0.053,0.078,0.134,0.332,0,0,0
141.0,monitoring,,0,0.0,0.0,0,10.445,3.685,,0.053,0.078,0.134,0.332,0,0,0
141.1,monitoring,,0,0.0,0.0,0,10.445,3.685,,0.053,0.078,0.134,0.332,0,0,0
141.2,monitoring,,0,0.0,0.0,0,10.445,3.685,,0.053,0.078,0.134,0.332,0,0,0
141.3,monitoring,,0,0.0,0.0,0,10.445,3.685,,0.053,0.078,0.134,0.332,0,0,0
141.4,monitoring,,0,0.0,0.0,0,10.445,3.685,,0.053,0.078,0.134,0.332,0,0,0
141.5,monitoring,,0,0.0,0.0,0,10.445,3.685,,0.053,0.078,0.134,0.332,0,0,0
141.6,monitoring,,0,0.0,0.0,0,10.445,3.685,,0.053,0.078,0.134,0.332,0,0,0
141.7,monitoring,,0,0.0,0.0,0,10.445,3.685,,0.053,0.078,0.134,0.332,0,0,0
141.8,monitoring,,0,0.0,0.0,0,10.445,3.685,,0.053,0.078,0.134,0.332,0,0,0
141.9,monitoring,,0,0.0,0.0,0,10.445,3.685,,0.053,0.078,0.134,0.332,0,0,0
142.0,monitoring,,0,0.0,0.0,0,10.445,3.685,,0.053,0.078,0.134,0.332,0,0,0
142.1,monitoring,,0,0.0,0.0,0,10.445,3.685,,0.053,0.078,0.134,0.332,0,0,0
142.2,monitoring,,0,0.0,0.0,0,10.445,3.685,,0.053,0.078,0.134,0.332,0,0,0
142.3,monitoring,,0,0.0,0.0,0,10.445,3.685,,0.053,0.078,0.134,0.332,0,0,0
142.4,monitoring,,0,0.0,0.0,0,10.445,3.685,,0.053,0.078,0.134,0.332,0,0,0
142.5,monitoring,,0,0.0,0.0,0,10.445,3.685,,0.053,0.078,0.134,0.332,0,0,0
142.6,monitoring,,0,0.0,0.0,0,10.445,3.685,,0.053,0.078,0.134,0.332,0,0,0
142.7,monitoring,,0,0.0,0.0,0,10.445,3.685,,0.053,0.078,0.134,0.332,0,0,0
142.8,monitoring,,0,0.0,0.0,0,10.445,3.685,,0.053,0.078,0.134,0.332,0,0,0
142.9,monitoring,,0,0.0,0.0,0,10.445,3.685,,0.053,0.078,0.134,0.332,0,0,0
143.0,monitoring,,0,0.0,0.0,0,10.445,3.685,,0.053,0.078,0.134,0.332,0,0,0
143.1,monitoring,,0,0.0,0.0,0,10.445,3.685,,0.053,0.078,0.134,0.332,0,0,0
143.2,monitoring,,0,0.0,0.0,0,10.445,3.685,,0.053,0.078,0.134,0.332,0,0,0
143.3,monitoring,,0,0.0,0.0,0,10.445,3.685,,0.053,0.078,0.134,0.332,0,0,0
143.4,monitoring,,0,0.0,0.0,0,10.445,3.685,,0.053,0.078,0.134,0.332,0,0,0
143.5,monitoring,,0,0.0,0.0,0,10.445,3.685,,0.053,0.078,0.134,0.332,0,0,0
143.6,monitoring,,0,0.0,0.0,0,10.445,3.685,,0.053,0.078,0.134,0.332,0,0,0
143.7,monitoring,,0,0.0,0.0,0,10.445,3.685,,0.053,0.078,0.134,0.332,0,0,0
143.8,monitoring,,0,0.0,0.0,0,10.445,3.685,,0.053,0.078,0.134,0.332,0,0,0
143.9,monitoring,,0,0.0,0.0,0,10.445,3.685,,0.053,0.078,0.134,0.332,0,0,0
144.0,monitoring,,0,0.0,0.0,0,10.445,3.685,,0.053,0.078,0.134,0.332,0,0,0
144.1,monitoring,,0,0.0,0.0,0,10.445,3.685,,0.053,0.078,0.134,0.332,0,0,0
144.2,monitoring,,0,0.0,0.0,0,10.445,3.685,,0.053,0.078,0.134,0.332,0,0,0
144.3,monitoring,,0,0.0,0.0,0,10.445,3.685,,0.053,0.078,0.134,0.332,0,0,0
144.4,monitoring,,0,0.0,0.0,0,10.445,3.685,,0.053,0.078,0.134,0.332,0,0,0
144.5,monitoring,,0,0.0,0.0,0,10.445,3.685,,0.053,0.078,0.134,0.332,0,0,0
144.6,monitoring,,0,0.0,0.0,0,10.445,3.685,,0.053,0.078,0.134,0.332,0,0,0
144.7,monitoring,,0,0.0,0.0,0,10.445,3.685,,0.053,0.078,0.134,0.332,0,0,0
144.8,monitoring,,0,0.0,0.0,0,10.445,3.685,,0.053,0.078,0.134,0.332,0,0,0
144.9,monitoring,,0,0.0,0.0,0,10.445,3.685,,0.053,0.078,0.134,0.332,0,0,0
145.0,monitoring,,0,0.0,0.0,0,10.445,3.685,,0.053,0.078,0.134,0.332,0,0,0
145.1,monitoring,,0,0.0,0.0,0,10.445,3.685,,0.053,0.078,0.134,0.332,0,0,0
145.2,monitoring,,0,0.0,0.0,0,10.445,3.685,,0.053,0.078,0.134,0.332,0,0,0
145.3,monitoring,,0,0.0,0.0,0,10.445,3.685,,0.053,0.078,0.134,0.332,0,0,0
145.4,monitoring,,0,0.0,0.0,0,10.445,3.685,,0.053,0.078,0.134,0.332,0,0,0
145.5,monitoring,,0,0.0,0.0,0,10.445,3.685,,0.053,0.078,0.134,0.332,0,0,0
145.6,monitoring,,0,0.0,0.0,0,10.445,3.685,,0.053,0.078,0.134,0.332,0,0,0
145.7,monitoring,,0,0.0,0.0,0,10.445,3.685,,0.053,0.078,0.134,0.332,0,0,0
145.8,monitoring,,0,0.0,0.0,0,10.445,3.685,,0.053,0.078,0.134,0.332,0,0,0
145.9,monitoring,,0,0.0,0.0,0,10.445,3.685,,0.053,0.078,0.134,0.332,0,0,0
146.0,monitoring,,0,0.0,0.0,0,10.445,3.685,,0.053,0.078,0.134,0.332,0,0,0
146.1,monitoring,,0,0.0,0.0,0,10.445,3.685,,0.053,0.078,0.134,0.332,0,0,0
146.2,monitoring,,0,0.0,0.0,0,10.445,3.685,,0.053,0.078,0.134,0.332,0,0,0
146.3,monitoring,,0,0.0,0.0,0,10.445,3.685,,0.053,0.078,0.134,0.332,0,0,0
146.4,monitoring,,0,0.0,0.0,0,10.445,3.685,,0.053,0.078,0.134,0.332,0,0,0
146.5,monitoring,,0,0.0,0.0,0,10.445,3.685,,0.053,0.078,0.134,0.332,0,0,0
146.6,monitoring,,0,0.0,0.0,0,10.445,3.685,,0.053,0.078,0.134,0.332,0,0,0
146.7,monitoring,,0,0.0,0.0,0,10.445,3.685,,0.053,0.078,0.134,0.332,0,0,0
146.8,monitoring,,0,0.0,0.0,0,10.445,3.685,,0.053,0.078,0.134,0.332,0,0,0
146.9,monitoring,,0,0.0,0.0,0,10.445,3.685,,0.053,0.078,0.134,0.332,0,0,0
147.0,monitoring,,0,0.0,0.0,0,10.445,3.685,,0.053,0.078,0.134,0.332,0,0,0
147.1,monitoring,,0,0.0,0.0,0,10.445,3.685,,0.053,0.078,0.134,0.332,0,0,0
147.2,monitoring,,0,0.0,0.0,0,10.445,3.685,,0.053,0.078,0.134,0.332,0,0,0
147.3,monitoring,,0,0.0,0.0,0,10.445,3.685,,0.053,0.078,0.134,0.332,0,0,0
147.4,monitoring,,0,0.0,0.0,0,10.445,3.685,,0.053,0.078,0.134,0.332,0,0,0
147.5,monitoring,,0,0.0,0.0,0,10.445,3.685,,0.053,0.078,0.134,0.332,0,0,0
147.6,monitoring,,0,0.0,0.0,0,10.445,3.685,,0.053,0.078,0.134,0.332,0,0,0
147.7,monitoring,,0,0.0,0.0,0,10.445,3.685,,0.053,0.078,0.134,0.332,0,0,0
147.8,monitoring,,0,0.0,0.0,0,10.445,3.685,,0.053,0.078,0.134,0.332,0,0,0
147.9,monitoring,,0,0.0,0.0,0,10.445,3.685,,0.053,0.078,0.134,0.332,0,0,0
148.0,monitoring,,0,0.0,0.0,0,10.445,3.685,,0.053,0.078,0.134,0.332,0,0,0
148.1,monitoring,,0,0.0,0.0,0,10.445,3.685,,0.053,0.078,0.134,0.332,0,0,0
148.2,monitoring,,0,0.0,0.0,0,10.445,3.685,,0.053,0.078,0.134,0.332,0,0,0
148.3,monitoring,,0,0.0,0.0,0,10.445,3.685,,0.053,0.078,0.134,0.332,0,0,0
148.4,monitoring,,0,0.0,0.0,0,10.445,3.685,,0.053,0.078,0.134,0.332,0,0,0
148.5,monitoring,,0,0.0,0.0,0,10.445,3.685,,0.053,0.078,0.134,0.332,0,0,0
148.6,monitoring,,0,0.0,0.0,0,10.445,3.685,,0.053,0.078,0.134,0.332,0,0,0
148.7,monitoring,,0,0.0,0.0,0,10.445,3.685,,0.053,0.078,0.134,0.332,0,0,0
148.8,monitoring,,0,0.0,0.0,0,10.445,3.685,,0.053,0.078,0.134,0.332,0,0,0
148.9,monitoring,,0,0.0,0.0,0,10.445,3.685,,0.053,0.078,0.134,0.332,0,0,0
149.0,monitoring,,0,0.0,0.0,0,10.445,3.685,,0.053,0.078,0.134,0.332,0,0,0
149.1,monitoring,,0,0.0,0.0,0,10.445,3.685,,0.053,0.078,0.134,0.332,0,0,0
149.2,monitoring,,0,0.0,0.0,0,10.445,3.685,,0.053,0.078,0.134,0.332,0,0,0
149.3,monitoring,,0,0.0,0.0,0,10.445,3.685,,0.053,0.078,0.134,0.332,0,0,0
149.4,monitoring,,0,0.0,0.0,0,10.445,3.685,,0.053,0.078,0.134,0.332,0,0,0
149.5,monitoring,,0,0.0,0.0,0,10.445,3.685,,0.053,0.078,0.134,0.332,0,0,0
149.6,monitoring,,0,0.0,0.0,0,10.445,3.685,,0.053,0.078,0.134,0.332,0,0,0
149.7,monitoring,,0,0.0,0.0,0,10.445,3.685,,0.053,0.078,0.134,0.332,0,0,0
149.8,monitoring,,0,0.0,0.0,0,10.445,3.685,,0.053,0.078,0.134,0.332,0,0,0
149.9,monitoring,,0,0.0,0.0,0,10.445,3.685,,0.053,0.078,0.134,0.332,0,0,0
150.0,monitoring,,0,0.0,0.0,0,10.445,3.685,,0.053,0.078,0.134,0.332,0,0,0
150.1,monitoring,,0,0.0,0.0,0,10.445,3.685,,0.053,0.078,0.134,0.332,0,0,0
150.2,monitoring,,0,0.0,0.0,0,10.445,3.685,,0.053,0.078,0.134,0.332,0,0,0
150.3,monitoring,,0,0.0,0.0,0,10.445,3.685,,0.053,0.078,0.134,0.332,0,0,0
150.4,monitoring,,0,0.0,0.0,0,10.445,3.685,,0.053,0.078,0.134,0.332,0,0,0
150.5,monitoring,,0,0.0,0.0,0,10.445,3.685,,0.053,0.078,0.134,0.332,0,0,0
150.6,monitoring,,0,0.0,0.0,0,10.445,3.685,,0.053,0.078,0.134,0.332,0,0,0
150.7,monitoring,,0,0.0,0.0,0,10.445,3.685,,0.053,0.078,0.134,0.332,0,0,0
150.8,monitoring,,0,0.0,0.0,0,10.445,3.685,,0.053,0.078,0.134,0.332,0,0,0
150.9,monitoring,,0,0.0,0.0,0,10.445,3.685,,0.053,0.078,0.134,0.332,0,0,0
151.0,monitoring,,0,0.0,0.0,0,10.445,3.685,,0.053,0.078,0.134,0.332,0,0,0
151.1,monitoring,,0,0.0,0.0,0,10.445,3.685,,0.053,0.078,0.134,0.332,0,0,0
151.2,monitoring,,0,0.0,0.0,0,10.445,3.685,,0.053,0.078,0.134,0.332,0,0,0
151.3,monitoring,,0,0.0,0.0,0,10.445,3.685,,0.053,0.078,0.134,0.332,0,0,0
151.4,monitoring,,0,0.0,0.0,0,10.445,3.685,,0.053,0.078,0.134,0.332,0,0,0
151.5,monitoring,,0,0.0,0.0,0,10.445,3.685,,0.053,0.078,0.134,0.332,0,0,0
151.6,monitoring,,0,0.0,0.0,0,10.445,3.685,,0.053,0.078,0.134,0.332,0,0,0
151.7,monitoring,,0,0.0,0.0,0,10.445,3.685,,0.053,0.078,0.134,0.332,0,0,0
151.8,monitoring,,0,0.0,0.0,0,10.445,3.685,,0.053,0.078,0.134,0.332,0,0,0
151.9,monitoring,,0,0.0,0.0,0,10.445,3.685,,0.053,0.078,0.134,0.332,0,0,0
152.0,monitoring,,0,0.0,0.0,0,10.445,3.685,,0.053,0.078,0.134,0.332,0,0,0
152.1,monitoring,,0,0.0,0.0,0,10.445,3.685,,0.053,0.078,0.134,0.332,0,0,0
152.2,monitoring,,0,0.0,0.0,0,10.445,3.685,,0.053,0.078,0.134,0.332,0,0,0
152.3,monitoring,,0,0.0,0.0,0,10.445,3.685,,0.053,0.078,0.134,0.332,0,0,0
152.4,monitoring,,0,0.0,0.0,0,10.445,3.685,,0.053,0.078,0.134,0.332,0,0,0
152.5,monitoring,,0,0.0,0.0,0,10.445,3.685,,0.053,0.078,0.134,0.332,0,0,0
152.6,monitoring,,0,0.0,0.0,0,10.445,3.685,,0.053,0.078,0.134,0.332,0,0,0
152.7,monitoring,,0,0.0,0.0,0,10.445,3.685,,0.053,0.078,0.134,0.332,0,0,0
152.8,monitoring,,0,0.0,0.0,0,10.445,3.685,,0.053,0.078,0.134,0.332,0,0,0
152.9,monitoring,,0,0.0,0.0,0,10.445,3.685,,0.053,0.078,0.134,0.332,0,0,0
153.0,monitoring,,0,0.0,0.0,0,10.445,3.685,,0.053,0.078,0.134,0.332,0,0,0
153.1,monitoring,,0,0.0,0.0,0,10.445,3.685,,0.053,0.078,0.134,0.332,0,0,0
153.2,monitoring,,0,0.0,0.0,0,10.445,3.685,,0.053,0.078,0.134,0.332,0,0,0
153.3,monitoring,,0,0.0,0.0,0,10.445,3.685,,0.053,0.078,0.134,0.332,0,0,0
153.4,monitoring,,0,0.0,0.0,0,10.445,3.685,,0.053,0.078,0.134,0.332,0,0,0
153.5,monitoring,,0,0.0,0.0,0,10.445,3.685,,0.053,0.078,0.134,0.332,0,0,0
153.6,monitoring,,0,0.0,0.0,0,10.445,3.685,,0.053,0.078,0.134,0.332,0,0,0
153.7,monitoring,,0,0.0,0.0,0,10.445,3.685,,0.053,0.078,0.134,0.332,0,0,0
153.8,monitoring,,0,0.0,0.0,0,10.445,3.685,,0.053,0.078,0.134,0.332,0,0,0
153.9,monitoring,,0,0.0,0.0,0,10.445,3.685,,0.053,0.078,0.134,0.332,0,0,0
154.0,monitoring,,0,0.0,0.0,0,10.445,3.685,,0.053,0.078,0.134,0.332,0,0,0
154.1,monitoring,,0,0.0,0.0,0,10.445,3.685,,0.053,0.078,0.134,0.332,0,0,0
154.2,monitoring,,0,0.0,0.0,0,10.445,3.685,,0.053,0.078,0.134,0.332,0,0,0
154.3,monitoring,,0,0.0,0.0,0,10.445,3.685,,0.053,0.078,0.134,0.332,0,0,0
154.4,monitoring,,0,0.0,0.0,0,10.445,3.685,,0.053,0.078,0.134,0.332,0,0,0
154.5,monitoring,,0,0.0,0.0,0,10.445,3.685,,0.053,0.078,0.134,0.332,0,0,0
154.6,monitoring,,0,0.0,0.0,0,10.445,3.685,,0.053,0.078,0.134,0.332,0,0,0
154.7,monitoring,,0,0.0,0.0,0,10.445,3.685,,0.053,0.078,0.134,0.332,0,0,0
154.8,monitoring,,0,0.0,0.0,0,10.445,3.685,,0.053,0.078,0.134,0.332,0,0,0
154.9,monitoring,,0,0.0,0.0,0,10.445,3.685,,0.053,0.078,0.134,0.332,0,0,0
155.0,monitoring,,0,0.0,0.0,0,10.445,3.685,,0.053,0.078,0.134,0.332,0,0,0
155.1,monitoring,,0,0.0,0.0,0,10.445,3.685,,0.053,0.078,0.134,0.332,0,0,0
155.2,monitoring,,0,0.0,0.0,0,10.445,3.685,,0.053,0.078,0.134,0.332,0,0,0
155.3,monitoring,,0,0.0,0.0,0,10.445,3.685,,0.053,0.078,0.134,0.332,0,0,0
155.4,monitoring,,0,0.0,0.0,0,10.445,3.685,,0.053,0.078,0.134,0.332,0,0,0
155.5,monitoring,,0,0.0,0.0,0,10.445,3.685,,0.053,0.078,0.134,0.332,0,0,0
155.6,monitoring,,0,0.0,0.0,0,10.445,3.685,,0.053,0.078,0.134,0.332,0,0,0
155.7,monitoring,,0,0.0,0.0,0,10.445,3.685,,0.053,0.078,0.134,0.332,0,0,0
155.8,monitoring,,0,0.0,0.0,0,10.445,3.685,,0.053,0.078,0.134,0.332,0,0,0
155.9,monitoring,,0,0.0,0.0,0,10.445,3.685,,0.053,0.078,0.134,0.332,0,0,0
156.0,monitoring,,0,0.0,0.0,0,10.445,3.685,,0.053,0.078,0.134,0.332,0,0,0
156.1,monitoring,,0,0.0,0.0,0,10.445,3.685,,0.053,0.078,0.134,0.332,0,0,0
156.2,monitoring,,0,0.0,0.0,0,10.445,3.685,,0.053,0.078,0.134,0.332,0,0,0
156.3,monitoring,,0,0.0,0.0,0,10.445,3.685,,0.053,0.078,0.134,0.332,0,0,0
156.4,monitoring,,0,0.0,0.0,0,10.445,3.685,,0.053,0.078,0.134,0.332,0,0,0
156.5,monitoring,,0,0.0,0.0,0,10.445,3.685,,0.053,0.078,0.134,0.332,0,0,0
156.6,monitoring,,0,0.0,0.0,0,10.445,3.685,,0.053,0.078,0.134,0.332,0,0,0
156.7,monitoring,,0,0.0,0.0,0,10.445,3.685,,0.053,0.078,0.134,0.332,0,0,0
156.8,monitoring,,0,0.0,0.0,0,10.445,3.685,,0.053,0.078,0.134,0.332,0,0,0
156.9,monitoring,,0,0.0,0.0,0,10.445,3.685,,0.053,0.078,0.134,0.332,0,0,0
157.0,monitoring,,0,0.0,0.0,0,10.445,3.685,,0.053,0.078,0.134,0.332,0,0,0
157.1,monitoring,,0,0.0,0.0,0,10.445,3.685,,0.053,0.078,0.134,0.332,0,0,0
157.2,monitoring,,0,0.0,0.0,0,10.445,3.685,,0.053,0.078,0.134,0.332,0,0,0
157.3,monitoring,,0,0.0,0.0,0,10.445,3.685,,0.053,0.078,0.134,0.332,0,0,0
157.4,monitoring,,0,0.0,0.0,0,10.445,3.685,,0.053,0.078,0.134,0.332,0,0,0
157.5,monitoring,,0,0.0,0.0,0,10.445,3.685,,0.053,0.078,0.134,0.332,0,0,0
157.6,monitoring,,0,0.0,0.0,0,10.445,3.685,,0.053,0.078,0.134,0.332,0,0,0
157.7,monitoring,,0,0.0,0.0,0,10.445,3.685,,0.053,0.078,0.134,0.332,0,0,0
157.8,monitoring,,0,0.0,0.0,0,10.445,3.685,,0.053,0.078,0.134,0.332,0,0,0
157.9,monitoring,,0,0.0,0.0,0,10.445,3.685,,0.053,0.078,0.134,0.332,0,0,0
158.0,monitoring,,0,0.0,0.0,0,10.445,3.685,,0.053,0.078,0.134,0.332,0,0,0
158.1,monitoring,,0,0.0,0.0,0,10.445,3.685,,0.053,0.078,0.134,0.332,0,0,0
158.2,monitoring,,0,0.0,0.0,0,10.445,3.685,,0.053,0.078,0.134,0.332,0,0,0
158.3,monitoring,,0,0.0,0.0,0,10.445,3.685,,0.053,0.078,0.134,0.332,0,0,0
158.4,monitoring,,0,0.0,0.0,0,10.445,3.685,,0.053,0.078,0.134,0.332,0,0,0
158.5,monitoring,,0,0.0,0.0,0,10.445,3.685,,0.053,0.078,0.134,0.332,0,0,0
158.6,monitoring,,0,0.0,0.0,0,10.445,3.685,,0.053,0.078,0.134,0.332,0,0,0
158.7,monitoring,,0,0.0,0.0,0,10.445,3.685,,0.053,0.078,0.134,0.332,0,0,0
158.8,monitoring,,0,0.0,0.0,0,10.445,3.685,,0.053,0.078,0.134,0.332,0,0,0
158.9,monitoring,,0,0.0,0.0,0,10.445,3.685,,0.053,0.078,0.134,0.332,0,0,0
159.0,monitoring,,0,0.0,0.0,0,10.445,3.685,,0.053,0.078,0.134,0.332,0,0,0
159.1,monitoring,,0,0.0,0.0,0,10.445,3.685,,0.053,0.078,0.134,0.332,0,0,0
159.2,monitoring,,0,0.0,0.0,0,10.445,3.685,,0.053,0.078,0.134,0.332,0,0,0
159.3,monitoring,,0,0.0,0.0,0,10.445,3.685,,0.053,0.078,0.134,0.332,0,0,0
159.4,monitoring,,0,0.0,0.0,0,10.445,3.685,,0.053,0.078,0.134,0.332,0,0,0
159.5,monitoring,,0,0.0,0.0,0,10.445,3.685,,0.053,0.078,0.134,0.332,0,0,0
159.6,monitoring,,0,0.0,0.0,0,10.445,3.685,,0.053,0.078,0.134,0.332,0,0,0
159.7,monitoring,,0,0.0,0.0,0,10.445,3.685,,0.053,0.078,0.134,0.332,0,0,0
159.8,monitoring,,0,0.0,0.0,0,10.445,3.685,,0.053,0.078,0.134,0.332,0,0,0
159.9,monitoring,,0,0.0,0.0,0,10.445,3.685,,0.053,0.078,0.134,0.332,0,0,0
160.0,monitoring,,0,0.0,0.0,0,10.445,3.685,,0.053,0.078,0.134,0.332,0,0,0
160.1,monitoring,,0,0.0,0.0,0,10.445,3.685,,0.053,0.078,0.134,0.332,0,0,0
160.2,monitoring,,0,0.0,0.0,0,10.445,3.685,,0.053,0.078,0.134,0.332,0,0,0
160.3,monitoring,,0,0.0,0.0,0,10.445,3.685,,0.053,0.078,0.134,0.332,0,0,0
160.4,monitoring,,0,0.0,0.0,0,10.445,3.685,,0.053,0.078,0.134,0.332,0,0,0
160.5,monitoring,,0,0.0,0.0,0,10.445,3.685,,0.053,0.078,0.134,0.332,0,0,0
160.6,monitoring,,0,0.0,0.0,0,10.445,3.685,,0.053,0.078,0.134,0.332,0,0,0
160.7,monitoring,,0,0.0,0.0,0,10.445,3.685,,0.053,0.078,0.134,0.332,0,0,0
160.8,monitoring,,0,0.0,0.0,0,10.445,3.685,,0.053,0.078,0.134,0.332,0,0,0
160.9,monitoring,,0,0.0,0.0,0,10.445,3.685,,0.053,0.078,0.134,0.332,0,0,0
161.0,monitoring,,0,0.0,0.0,0,10.445,3.685,,0.053,0.078,0.134,0.332,0,0,0
161.1,monitoring,,0,0.0,0.0,0,10.445,3.685,,0.053,0.078,0.134,0.332,0,0,0
161.2,monitoring,,0,0.0,0.0,0,10.445,3.685,,0.053,0.078,0.134,0.332,0,0,0
161.3,monitoring,,0,0.0,0.0,0,10.445,3.685,,0.053,0.078,0.134,0.332,0,0,0
161.4,monitoring,,0,0.0,0.0,0,10.445,3.685,,0.053,0.078,0.134,0.332,0,0,0
161.5,monitoring,,0,0.0,0.0,0,10.445,3.685,,0.053,0.078,0.134,0.332,0,0,0
161.6,monitoring,,0,0.0,0.0,0,10.445,3.685,,0.053,0.078,0.134,0.332,0,0,0
161.7,monitoring,,0,0.0,0.0,0,10.445,3.685,,0.053,0.078,0.134,0.332,0,0,0
161.8,monitoring,,0,0.0,0.0,0,10.445,3.685,,0.053,0.078,0.134,0.332,0,0,0
161.9,monitoring,,0,0.0,0.0,0,10.445,3.685,,0.053,0.078,0.134,0.332,0,0,0
162.0,monitoring,,0,0.0,0.0,0,10.445,3.685,,0.053,0.078,0.134,0.332,0,0,0
162.1,monitoring,,0,0.0,0.0,0,10.445,3.685,,0.053,0.078,0.134,0.332,0,0,0
162.2,monitoring,,0,0.0,0.0,0,10.445,3.685,,0.053,0.078,0.134,0.332,0,0,0
162.3,monitoring,,0,0.0,0.0,0,10.445,3.685,,0.053,0.078,0.134,0.332,0,0,0
162.4,monitoring,,0,0.0,0.0,0,10.445,3.685,,0.053,0.078,0.134,0.332,0,0,0
162.5,monitoring,,0,0.0,0.0,0,10.445,3.685,,0.053,0.078,0.134,0.332,0,0,0
162.6,monitoring,,0,0.0,0.0,0,10.445,3.685,,0.053,0.078,0.134,0.332,0,0,0
162.7,monitoring,,0,0.0,0.0,0,10.445,3.685,,0.053,0.078,0.134,0.332,0,0,0
162.8,monitoring,,0,0.0,0.0,0,10.445,3.685,,0.053,0.078,0.134,0.332,0,0,0
162.9,monitoring,,0,0.0,0.0,0,10.445,3.685,,0.053,0.078,0.134,0.332,0,0,0
163.0,monitoring,,0,0.0,0.0,0,10.445,3.685,,0.053,0.078,0.134,0.332,0,0,0
163.1,monitoring,,0,0.0,0.0,0,10.445,3.685,,0.053,0.078,0.134,0.332,0,0,0
163.2,monitoring,,0,0.0,0.0,0,10.445,3.685,,0.053,0.078,0.134,0.332,0,0,0
163.3,monitoring,,0,0.0,0.0,0,10.445,3.685,,0.053,0.078,0.134,0.332,0,0,0
163.4,monitoring,,0,0.0,0.0,0,10.445,3.685,,0.053,0.078,0.134,0.332,0,0,0
163.5,monitoring,,0,0.0,0.0,0,10.445,3.685,,0.053,0.078,0.134,0.332,0,0,0
163.6,monitoring,,0,0.0,0.0,0,10.445,3.685,,0.053,0.078,0.134,0.332,0,0,0
163.7,monitoring,,0,0.0,0.0,0,10.445,3.685,,0.053,0.078,0.134,0.332,0,0,0
163.8,monitoring,,0,0.0,0.0,0,10.445,3.685,,0.053,0.078,0.134,0.332,0,0,0
163.9,monitoring,,0,0.0,0.0,0,10.445,3.685,,0.053,0.078,0.134,0.332,0,0,0
164.0,monitoring,,0,0.0,0.0,0,10.445,3.685,,0.053,0.078,0.134,0.332,0,0,0
164.1,monitoring,,0,0.0,0.0,0,10.445,3.685,,0.053,0.078,0.134,0.332,0,0,0
164.2,monitoring,,0,0.0,0.0,0,10.445,3.685,,0.053,0.078,0.134,0.332,0,0,0
164.3,monitoring,,0,0.0,0.0,0,10.445,3.685,,0.053,0.078,0.134,0.332,0,0,0
164.4,monitoring,,0,0.0,0.0,0,10.445,3.685,,0.053,0.078,0.134,0.332,0,0,0
164.5,monitoring,,0,0.0,0.0,0,10.445,3.685,,0.053,0.078,0.134,0.332,0,0,0
164.6,monitoring,,0,0.0,0.0,0,10.445,3.685,,0.053,0.078,0.134,0.332,0,0,0
164.7,monitoring,,0,0.0,0.0,0,10.445,3.685,,0.053,0.078,0.134,0.332,0,0,0
164.8,monitoring,,0,0.0,0.0,0,10.445,3.685,,0.053,0.078,0.134,0.332,0,0,0
164.9,monitoring,,0,0.0,0.0,0,10.445,3.685,,0.053,0.078,0.134,0.332,0,0,0
165.0,monitoring,,0,0.0,0.0,0,10.445,3.685,,0.053,0.078,0.134,0.332,0,0,0
165.1,monitoring,,0,0.0,0.0,0,10.445,3.685,,0.053,0.078,0.134,0.332,0,0,0
165.2,monitoring,,0,0.0,0.0,0,10.445,3.685,,0.053,0.078,0.134,0.332,0,0,0
165.3,monitoring,,0,0.0,0.0,0,10.445,3.685,,0.053,0.078,0.134,0.332,0,0,0
165.4,monitoring,,0,0.0,0.0,0,10.445,3.685,,0.053,0.078,0.134,0.332,0,0,0
165.5,monitoring,,0,0.0,0.0,0,10.445,3.685,,0.053,0.078,0.134,0.332,0,0,0
165.6,monitoring,,0,0.0,0.0,0,10.445,3.685,,0.053,0.078,0.134,0.332,0,0,0
165.7,monitoring,,0,0.0,0.0,0,10.445,3.685,,0.053,0.078,0.134,0.332,0,0,0
165.8,monitoring,,0,0.0,0.0,0,10.445,3.685,,0.053,0.078,0.134,0.332,0,0,0
165.9,monitoring,,0,0.0,0.0,0,10.445,3.685,,0.053,0.078,0.134,0.332,0,0,0
166.0,monitoring,,0,0.0,0.0,0,10.445,3.685,,0.053,0.078,0.134,0.332,0,0,0
166.1,monitoring,,0,0.0,0.0,0,10.445,3.685,,0.053,0.078,0.134,0.332,0,0,0
166.2,monitoring,,0,0.0,0.0,0,10.445,3.685,,0.053,0.078,0.134,0.332,0,0,0
166.3,monitoring,,0,0.0,0.0,0,10.445,3.685,,0.053,0.078,0.134,0.332,0,0,0
166.4,monitoring,,0,0.0,0.0,0,10.445,3.685,,0.053,0.078,0.134,0.332,0,0,0
166.5,monitoring,,0,0.0,0.0,0,10.445,3.685,,0.053,0.078,0.134,0.332,0,0,0
166.6,monitoring,,0,0.0,0.0,0,10.445,3.685,,0.053,0.078,0.134,0.332,0,0,0
166.7,monitoring,,0,0.0,0.0,0,10.445,3.685,,0.053,0.078,0.134,0.332,0,0,0
166.8,monitoring,,0,0.0,0.0,0,10.445,3.685,,0.053,0.078,0.134,0.332,0,0,0
166.9,monitoring,,0,0.0,0.0,0,10.445,3.685,,0.053,0.078,0.134,0.332,0,0,0
167.0,monitoring,,0,0.0,0.0,0,10.445,3.685,,0.053,0.078,0.134,0.332,0,0,0
167.1,monitoring,,0,0.0,0.0,0,10.445,3.685,,0.053,0.078,0.134,0.332,0,0,0
167.2,monitoring,,0,0.0,0.0,0,10.445,3.685,,0.053,0.078,0.134,0.332,0,0,0
167.3,monitoring,,0,0.0,0.0,0,10.445,3.685,,0.053,0.078,0.134,0.332,0,0,0
167.4,monitoring,,0,0.0,0.0,0,10.445,3.685,,0.053,0.078,0.134,0.332,0,0,0
167.5,monitoring,,0,0.0,0.0,0,10.445,3.685,,0.053,0.078,0.134,0.332,0,0,0
167.6,monitoring,,0,0.0,0.0,0,10.445,3.685,,0.053,0.078,0.134,0.332,0,0,0
167.7,monitoring,,0,0.0,0.0,0,10.445,3.685,,0.053,0.078,0.134,0.332,0,0,0
167.8,monitoring,,0,0.0,0.0,0,10.445,3.685,,0.053,0.078,0.134,0.332,0,0,0
167.9,monitoring,,0,0.0,0.0,0,10.445,3.685,,0.053,0.078,0.134,0.332,0,0,0
167.9,monitoring,,0,0.0,0.0,0,10.445,3.685,,0.053,0.078,0.134,0.332,0,0,0
168.1,monitoring,,0,0.0,0.0,0,10.445,3.685,,0.053,0.078,0.134,0.332,0,0,0
168.2,monitoring,,0,0.0,0.0,0,10.445,3.685,,0.053,0.078,0.134,0.332,0,0,0
168.3,monitoring,,0,0.0,0.0,0,10.445,3.685,,0.053,0.078,0.134,0.332,0,0,0
168.4,monitoring,,0,0.0,0.0,0,10.445,3.685,,0.053,0.078,0.134,0.332,0,0,0
168.5,monitoring,,0,0.0,0.0,0,10.445,3.685,,0.053,0.078,0.134,0.332,0,0,0
168.6,monitoring,,0,0.0,0.0,0,10.445,3.685,,0.053,0.078,0.134,0.332,0,0,0
168.7,monitoring,,0,0.0,0.0,0,10.445,3.685,,0.053,0.078,0.134,0.332,0,0,0
168.8,monitoring,,0,0.0,0.0,0,10.445,3.685,,0.053,0.078,0.134,0.332,0,0,0
168.9,monitoring,,0,0.0,0.0,0,10.445,3.685,,0.053,0.078,0.134,0.332,0,0,0
169.0,monitoring,,0,0.0,0.0,0,10.445,3.685,,0.053,0.078,0.134,0.332,0,0,0
169.1,monitoring,,0,0.0,0.0,0,10.445,3.685,,0.053,0.078,0.134,0.332,0,0,0
169.2,monitoring,,0,0.0,0.0,0,10.445,3.685,,0.053,0.078,0.134,0.332,0,0,0
169.3,monitoring,,0,0.0,0.0,0,10.445,3.685,,0.053,0.078,0.134,0.332,0,0,0
169.4,monitoring,,0,0.0,0.0,0,10.445,3.685,,0.053,0.078,0.134,0.332,0,0,0
169.5,monitoring,,0,0.0,0.0,0,10.445,3.685,,0.053,0.078,0.134,0.332,0,0,0
169.6,monitoring,,0,0.0,0.0,0,10.445,3.685,,0.053,0.078,0.134,0.332,0,0,0
169.7,monitoring,,0,0.0,0.0,0,10.445,3.685,,0.053,0.078,0.134,0.332,0,0,0
169.8,monitoring,,0,0.0,0.0,0,10.445,3.685,,0.053,0.078,0.134,0.332,0,0,0
169.9,monitoring,,0,0.0,0.0,0,10.445,3.685,,0.053,0.078,0.134,0.332,0,0,0
170.0,monitoring,,0,0.0,0.0,0,10.445,3.685,,0.053,0.078,0.134,0.332,0,0,0
170.1,monitoring,,0,0.0,0.0,0,10.445,3.685,,0.053,0.078,0.134,0.332,0,0,0
170.2,monitoring,,0,0.0,0.0,0,10.445,3.685,,0.053,0.078,0.134,0.332,0,0,0
170.3,monitoring,,0,0.0,0.0,0,10.445,3.685,,0.053,0.078,0.134,0.332,0,0,0
170.4,monitoring,,0,0.0,0.0,0,10.445,3.685,,0.053,0.078,0.134,0.332,0,0,0
170.5,monitoring,,0,0.0,0.0,0,10.445,3.685,,0.053,0.078,0.134,0.332,0,0,0
170.6,monitoring,,0,0.0,0.0,0,10.445,3.685,,0.053,0.078,0.134,0.332,0,0,0
170.7,monitoring,,0,0.0,0.0,0,10.445,3.685,,0.053,0.078,0.134,0.332,0,0,0
170.8,monitoring,,0,0.0,0.0,0,10.445,3.685,,0.053,0.078,0.134,0.332,0,0,0
170.9,monitoring,,0,0.0,0.0,0,10.445,3.685,,0.053,0.078,0.134,0.332,0,0,0
171.0,monitoring,,0,0.0,0.0,0,10.445,3.685,,0.053,0.078,0.134,0.332,0,0,0
171.1,monitoring,,0,0.0,0.0,0,10.445,3.685,,0.053,0.078,0.134,0.332,0,0,0
171.2,monitoring,,0,0.0,0.0,0,10.445,3.685,,0.053,0.078,0.134,0.332,0,0,0
171.3,monitoring,,0,0.0,0.0,0,10.445,3.685,,0.053,0.078,0.134,0.332,0,0,0
171.4,monitoring,,0,0.0,0.0,0,10.445,3.685,,0.053,0.078,0.134,0.332,0,0,0
171.5,monitoring,,0,0.0,0.0,0,10.445,3.685,,0.053,0.078,0.134,0.332,0,0,0
171.6,monitoring,,0,0.0,0.0,0,10.445,3.685,,0.053,0.078,0.134,0.332,0,0,0
171.7,monitoring,,0,0.0,0.0,0,10.445,3.685,,0.053,0.078,0.134,0.332,0,0,0
171.8,monitoring,,0,0.0,0.0,0,10.445,3.685,,0.053,0.078,0.134,0.332,0,0,0
171.9,monitoring,,0,0.0,0.0,0,10.445,3.685,,0.053,0.078,0.134,0.332,0,0,0
172.0,monitoring,,0,0.0,0.0,0,10.445,3.685,,0.053,0.078,0.134,0.332,0,0,0
172.1,monitoring,,0,0.0,0.0,0,10.445,3.685,,0.053,0.078,0.134,0.332,0,0,0
172.2,monitoring,,0,0.0,0.0,0,10.445,3.685,,0.053,0.078,0.134,0.332,0,0,0
172.3,monitoring,,0,0.0,0.0,0,10.445,3.685,,0.053,0.078,0.134,0.332,0,0,0
172.4,monitoring,,0,0.0,0.0,0,10.445,3.685,,0.053,0.078,0.134,0.332,0,0,0
172.5,monitoring,,0,0.0,0.0,0,10.445,3.685,,0.053,0.078,0.134,0.332,0,0,0
172.6,monitoring,,0,0.0,0.0,0,10.445,3.685,,0.053,0.078,0.134,0.332,0,0,0
172.7,monitoring,,0,0.0,0.0,0,10.445,3.685,,0.053,0.078,0.134,0.332,0,0,0
172.8,monitoring,,0,0.0,0.0,0,10.445,3.685,,0.053,0.078,0.134,0.332,0,0,0
172.9,monitoring,,0,0.0,0.0,0,10.445,3.685,,0.053,0.078,0.134,0.332,0,0,0
173.0,monitoring,,0,0.0,0.0,0,10.445,3.685,,0.053,0.078,0.134,0.332,0,0,0
173.1,monitoring,,0,0.0,0.0,0,10.445,3.685,,0.053,0.078,0.134,0.332,0,0,0
173.2,monitoring,,0,0.0,0.0,0,10.445,3.685,,0.053,0.078,0.134,0.332,0,0,0
173.3,monitoring,,0,0.0,0.0,0,10.445,3.685,,0.053,0.078,0.134,0.332,0,0,0
173.4,monitoring,,0,0.0,0.0,0,10.445,3.685,,0.053,0.078,0.134,0.332,0,0,0
173.5,monitoring,,0,0.0,0.0,0,10.445,3.685,,0.053,0.078,0.134,0.332,0,0,0
173.6,monitoring,,0,0.0,0.0,0,10.445,3.685,,0.053,0.078,0.134,0.332,0,0,0
173.7,monitoring,,0,0.0,0.0,0,10.445,3.685,,0.053,0.078,0.134,0.332,0,0,0
173.8,monitoring,,0,0.0,0.0,0,10.445,3.685,,0.053,0.078,0.134,0.332,0,0,0
173.9,monitoring,,0,0.0,0.0,0,10.445,3.685,,0.053,0.078,0.134,0.332,0,0,0
174.0,monitoring,,0,0.0,0.0,0,10.445,3.685,,0.053,0.078,0.134,0.332,0,0,0
174.1,monitoring,,0,0.0,0.0,0,10.445,3.685,,0.053,0.078,0.134,0.332,0,0,0
174.2,monitoring,,0,0.0,0.0,0,10.445,3.685,,0.053,0.078,0.134,0.332,0,0,0
174.3,monitoring,,0,0.0,0.0,0,10.445,3.685,,0.053,0.078,0.134,0.332,0,0,0
174.4,monitoring,,0,0.0,0.0,0,10.445,3.685,,0.053,0.078,0.134,0.332,0,0,0
174.5,monitoring,,0,0.0,0.0,0,10.445,3.685,,0.053,0.078,0.134,0.332,0,0,0
174.6,monitoring,,0,0.0,0.0,0,10.445,3.685,,0.053,0.078,0.134,0.332,0,0,0
174.7,monitoring,,0,0.0,0.0,0,10.445,3.685,,0.053,0.078,0.134,0.332,0,0,0
174.8,monitoring,,0,0.0,0.0,0,10.445,3.685,,0.053,0.078,0.134,0.332,0,0,0
174.9,monitoring,,0,0.0,0.0,0,10.445,3.685,,0.053,0.078,0.134,0.332,0,0,0
175.0,monitoring,,0,0.0,0.0,0,10.445,3.685,,0.053,0.078,0.134,0.332,0,0,0
175.1,monitoring,,0,0.0,0.0,0,10.445,3.685,,0.053,0.078,0.134,0.332,0,0,0
175.2,monitoring,,0,0.0,0.0,0,10.445,3.685,,0.053,0.078,0.134,0.332,0,0,0
175.3,monitoring,,0,0.0,0.0,0,10.445,3.685,,0.053,0.078,0.134,0.332,0,0,0
175.4,monitoring,,0,0.0,0.0,0,10.445,3.685,,0.053,0.078,0.134,0.332,0,0,0
175.5,monitoring,,0,0.0,0.0,0,10.445,3.685,,0.053,0.078,0.134,0.332,0,0,0
175.6,monitoring,,0,0.0,0.0,0,10.445,3.685,,0.053,0.078,0.134,0.332,0,0,0
175.7,monitoring,,0,0.0,0.0,0,10.445,3.685,,0.053,0.078,0.134,0.332,0,0,0
175.8,monitoring,,0,0.0,0.0,0,10.445,3.685,,0.053,0.078,0.134,0.332,0,0,0
175.9,monitoring,,0,0.0,0.0,0,10.445,3.685,,0.053,0.078,0.134,0.332,0,0,0
176.0,monitoring,,0,0.0,0.0,0,10.445,3.685,,0.053,0.078,0.134,0.332,0,0,0
176.1,monitoring,,0,0.0,0.0,0,10.445,3.685,,0.053,0.078,0.134,0.332,0,0,0
176.2,monitoring,,0,0.0,0.0,0,10.445,3.685,,0.053,0.078,0.134,0.332,0,0,0
176.3,monitoring,,0,0.0,0.0,0,10.445,3.685,,0.053,0.078,0.134,0.332,0,0,0
176.4,monitoring,,0,0.0,0.0,0,10.445,3.685,,0.053,0.078,0.134,0.332,0,0,0
176.5,monitoring,,0,0.0,0.0,0,10.445,3.685,,0.053,0.078,0.134,0.332,0,0,0
176.6,monitoring,,0,0.0,0.0,0,10.445,3.685,,0.053,0.078,0.134,0.332,0,0,0
176.7,monitoring,,0,0.0,0.0,0,10.445,3.685,,0.053,0.078,0.134,0.332,0,0,0
176.8,monitoring,,0,0.0,0.0,0,10.445,3.685,,0.053,0.078,0.134,0.332,0,0,0
176.9,monitoring,,0,0.0,0.0,0,10.445,3.685,,0.053,0.078,0.134,0.332,0,0,0
177.0,monitoring,,0,0.0,0.0,0,10.445,3.685,,0.053,0.078,0.134,0.332,0,0,0
177.1,monitoring,,0,0.0,0.0,0,10.445,3.685,,0.053,0.078,0.134,0.332,0,0,0
177.2,monitoring,,0,0.0,0.0,0,10.445,3.685,,0.053,0.078,0.134,0.332,0,0,0
177.3,monitoring,,0,0.0,0.0,0,10.445,3.685,,0.053,0.078,0.134,0.332,0,0,0
177.4,monitoring,,0,0.0,0.0,0,10.445,3.685,,0.053,0.078,0.134,0.332,0,0,0
177.5,monitoring,,0,0.0,0.0,0,10.445,3.685,,0.053,0.078,0.134,0.332,0,0,0
177.6,monitoring,,0,0.0,0.0,0,10.445,3.685,,0.053,0.078,0.134,0.332,0,0,0
177.7,monitoring,,0,0.0,0.0,0,10.445,3.685,,0.053,0.078,0.134,0.332,0,0,0
177.8,monitoring,,0,0.0,0.0,0,10.445,3.685,,0.053,0.078,0.134,0.332,0,0,0
177.9,monitoring,,0,0.0,0.0,0,10.445,3.685,,0.053,0.078,0.134,0.332,0,0,0
178.0,monitoring,,0,0.0,0.0,0,10.445,3.685,,0.053,0.078,0.134,0.332,0,0,0
178.1,monitoring,,0,0.0,0.0,0,10.445,3.685,,0.053,0.078,0.134,0.332,0,0,0
178.2,monitoring,,0,0.0,0.0,0,10.445,3.685,,0.053,0.078,0.134,0.332,0,0,0
178.3,monitoring,,0,0.0,0.0,0,10.445,3.685,,0.053,0.078,0.134,0.332,0,0,0
178.4,monitoring,,0,0.0,0.0,0,10.445,3.685,,0.053,0.078,0.134,0.332,0,0,0
178.5,monitoring,,0,0.0,0.0,0,10.445,3.685,,0.053,0.078,0.134,0.332,0,0,0
178.6,monitoring,,0,0.0,0.0,0,10.445,3.685,,0.053,0.078,0.134,0.332,0,0,0
178.7,monitoring,,0,0.0,0.0,0,10.445,3.685,,0.053,0.078,0.134,0.332,0,0,0
178.8,monitoring,,0,0.0,0.0,0,10.445,3.685,,0.053,0.078,0.134,0.332,0,0,0
178.9,monitoring,,0,0.0,0.0,0,10.445,3.685,,0.053,0.078,0.134,0.332,0,0,0
179.0,monitoring,,0,0.0,0.0,0,10.445,3.685,,0.053,0.078,0.134,0.332,0,0,0
179.1,monitoring,,0,0.0,0.0,0,10.445,3.685,,0.053,0.078,0.134,0.332,0,0,0
179.2,monitoring,,0,0.0,0.0,0,10.445,3.685,,0.053,0.078,0.134,0.332,0,0,0
179.3,monitoring,,0,0.0,0.0,0,10.445,3.685,,0.053,0.078,0.134,0.332,0,0,0
179.4,monitoring,,0,0.0,0.0,0,10.445,3.685,,0.053,0.078,0.134,0.332,0,0,0
179.5,monitoring,,0,0.0,0.0,0,10.445,3.685,,0.053,0.078,0.134,0.332,0,0,0
179.6,monitoring,,0,0.0,0.0,0,10.445,3.685,,0.053,0.078,0.134,0.332,0,0,0
179.7,monitoring,,0,0.0,0.0,0,10.445,3.685,,0.053,0.078,0.134,0.332,0,0,0
179.8,monitoring,,0,0.0,0.0,0,10.445,3.685,,0.053,0.078,0.134,0.332,0,0,0
179.9,monitoring,,0,0.0,0.0,0,10.445,3.685,,0.053,0.078,0.134,0.332,0,0,0
179.9,monitoring,,0,0.0,0.0,0,10.445,3.685,,0.053,0.078,0.134,0.332,0,0,0
180.1,monitoring,,0,0.0,0.0,0,10.445,3.685,,0.053,0.078,0.134,0.332,0,0,0
180.2,monitoring,,0,0.0,0.0,0,10.445,3.685,,0.053,0.078,0.134,0.332,0,0,0
180.3,monitoring,,0,0.0,0.0,0,10.445,3.685,,0.053,0.078,0.134,0.332,0,0,0
180.4,monitoring,,0,0.0,0.0,0,10.445,3.685,,0.053,0.078,0.134,0.332,0,0,0
180.5,monitoring,,0,0.0,0.0,0,10.445,3.685,,0.053,0.078,0.134,0.332,0,0,0
180.6,monitoring,,0,0.0,0.0,0,10.445,3.685,,0.053,0.078,0.134,0.332,0,0,0
180.7,monitoring,,0,0.0,0.0,0,10.445,3.685,,0.053,0.078,0.134,0.332,0,0,0
180.8,monitoring,,0,0.0,0.0,0,10.445,3.685,,0.053,0.078,0.134,0.332,0,0,0
180.9,monitoring,,0,0.0,0.0,0,10.445,3.685,,0.053,0.078,0.134,0.332,0,0,0
181.0,monitoring,,0,0.0,0.0,0,10.445,3.685,,0.053,0.078,0.134,0.332,0,0,0
181.1,monitoring,,0,0.0,0.0,0,10.445,3.685,,0.053,0.078,0.134,0.332,0,0,0
181.2,monitoring,,0,0.0,0.0,0,10.445,3.685,,0.053,0.078,0.134,0.332,0,0,0
181.3,monitoring,,0,0.0,0.0,0,10.445,3.685,,0.053,0.078,0.134,0.332,0,0,0
181.4,monitoring,,0,0.0,0.0,0,10.445,3.685,,0.053,0.078,0.134,0.332,0,0,0
181.5,monitoring,,0,0.0,0.0,0,10.445,3.685,,0.053,0.078,0.134,0.332,0,0,0
181.6,monitoring,,0,0.0,0.0,0,10.445,3.685,,0.053,0.078,0.134,0.332,0,0,0
181.7,monitoring,,0,0.0,0.0,0,10.445,3.685,,0.053,0.078,0.134,0.332,0,0,0
181.8,monitoring,,0,0.0,0.0,0,10.445,3.685,,0.053,0.078,0.134,0.332,0,0,0
181.9,monitoring,,0,0.0,0.0,0,10.445,3.685,,0.053,0.078,0.134,0.332,0,0,0
182.0,monitoring,,0,0.0,0.0,0,10.445,3.685,,0.053,0.078,0.134,0.332,0,0,0
182.1,monitoring,,0,0.0,0.0,0,10.445,3.685,,0.053,0.078,0.134,0.332,0,0,0
182.2,monitoring,,0,0.0,0.0,0,10.445,3.685,,0.053,0.078,0.134,0.332,0,0,0
182.3,monitoring,,0,0.0,0.0,0,10.445,3.685,,0.053,0.078,0.134,0.332,0,0,0
182.4,monitoring,,0,0.0,0.0,0,10.445,3.685,,0.053,0.078,0.134,0.332,0,0,0
182.5,monitoring,,0,0.0,0.0,0,10.445,3.685,,0.053,0.078,0.134,0.332,0,0,0
182.6,monitoring,,0,0.0,0.0,0,10.445,3.685,,0.053,0.078,0.134,0.332,0,0,0
182.7,monitoring,,0,0.0,0.0,0,10.445,3.685,,0.053,0.078,0.134,0.332,0,0,0
182.8,monitoring,,0,0.0,0.0,0,10.445,3.685,,0.053,0.078,0.134,0.332,0,0,0
182.9,monitoring,,0,0.0,0.0,0,10.445,3.685,,0.053,0.078,0.134,0.332,0,0,0
183.0,monitoring,,0,0.0,0.0,0,10.445,3.685,,0.053,0.078,0.134,0.332,0,0,0
183.1,monitoring,,0,0.0,0.0,0,10.445,3.685,,0.053,0.078,0.134,0.332,0,0,0
183.2,monitoring,,0,0.0,0.0,0,10.445,3.685,,0.053,0.078,0.134,0.332,0,0,0
183.3,monitoring,,0,0.0,0.0,0,10.445,3.685,,0.053,0.078,0.134,0.332,0,0,0
183.4,monitoring,,0,0.0,0.0,0,10.445,3.685,,0.053,0.078,0.134,0.332,0,0,0
183.5,monitoring,,0,0.0,0.0,0,10.445,3.685,,0.053,0.078,0.134,0.332,0,0,0
183.6,monitoring,,0,0.0,0.0,0,10.445,3.685,,0.053,0.078,0.134,0.332,0,0,0
183.7,monitoring,,0,0.0,0.0,0,10.445,3.685,,0.053,0.078,0.134,0.332,0,0,0
183.8,monitoring,,0,0.0,0.0,0,10.445,3.685,,0.053,0.078,0.134,0.332,0,0,0
183.9,monitoring,,0,0.0,0.0,0,10.445,3.685,,0.053,0.078,0.134,0.332,0,0,0
184.0,monitoring,,0,0.0,0.0,0,10.445,3.685,,0.053,0.078,0.134,0.332,0,0,0
184.1,monitoring,,0,0.0,0.0,0,10.445,3.685,,0.053,0.078,0.134,0.332,0,0,0
184.2,monitoring,,0,0.0,0.0,0,10.445,3.685,,0.053,0.078,0.134,0.332,0,0,0
184.3,monitoring,,0,0.0,0.0,0,10.445,3.685,,0.053,0.078,0.134,0.332,0,0,0
184.4,monitoring,,0,0.0,0.0,0,10.445,3.685,,0.053,0.078,0.134,0.332,0,0,0
184.5,monitoring,,0,0.0,0.0,0,10.445,3.685,,0.053,0.078,0.134,0.332,0,0,0
184.6,monitoring,,0,0.0,0.0,0,10.445,3.685,,0.053,0.078,0.134,0.332,0,0,0
184.7,monitoring,,0,0.0,0.0,0,10.445,3.685,,0.053,0.078,0.134,0.332,0,0,0
184.8,monitoring,,0,0.0,0.0,0,10.445,3.685,,0.053,0.078,0.134,0.332,0,0,0
184.9,monitoring,,0,0.0,0.0,0,10.445,3.685,,0.053,0.078,0.134,0.332,0,0,0
185.0,monitoring,,0,0.0,0.0,0,10.445,3.685,,0.053,0.078,0.134,0.332,0,0,0
185.1,monitoring,,0,0.0,0.0,0,10.445,3.685,,0.053,0.078,0.134,0.332,0,0,0
185.2,monitoring,,0,0.0,0.0,0,10.445,3.685,,0.053,0.078,0.134,0.332,0,0,0
185.3,monitoring,,0,0.0,0.0,0,10.445,3.685,,0.053,0.078,0.134,0.332,0,0,0
185.4,monitoring,,0,0.0,0.0,0,10.445,3.685,,0.053,0.078,0.134,0.332,0,0,0
185.5,monitoring,,0,0.0,0.0,0,10.445,3.685,,0.053,0.078,0.134,0.332,0,0,0
185.6,monitoring,,0,0.0,0.0,0,10.445,3.685,,0.053,0.078,0.134,0.332,0,0,0
185.7,monitoring,,0,0.0,0.0,0,10.445,3.685,,0.053,0.078,0.134,0.332,0,0,0
185.8,monitoring,,0,0.0,0.0,0,10.445,3.685,,0.053,0.078,0.134,0.332,0,0,0
185.9,monitoring,,0,0.0,0.0,0,10.445,3.685,,0.053,0.078,0.134,0.332,0,0,0
186.0,monitoring,,0,0.0,0.0,0,10.445,3.685,,0.053,0.078,0.134,0.332,0,0,0
186.1,monitoring,,0,0.0,0.0,0,10.445,3.685,,0.053,0.078,0.134,0.332,0,0,0
186.2,monitoring,,0,0.0,0.0,0,10.445,3.685,,0.053,0.078,0.134,0.332,0,0,0
186.3,monitoring,,0,0.0,0.0,0,10.445,3.685,,0.053,0.078,0.134,0.332,0,0,0
186.4,monitoring,,0,0.0,0.0,0,10.445,3.685,,0.053,0.078,0.134,0.332,0,0,0
186.5,monitoring,,0,0.0,0.0,0,10.445,3.685,,0.053,0.078,0.134,0.332,0,0,0
186.6,monitoring,,0,0.0,0.0,0,10.445,3.685,,0.053,0.078,0.134,0.332,0,0,0
186.7,monitoring,,0,0.0,0.0,0,10.445,3.685,,0.053,0.078,0.134,0.332,0,0,0
186.8,monitoring,,0,0.0,0.0,0,10.445,3.685,,0.053,0.078,0.134,0.332,0,0,0
186.9,monitoring,,0,0.0,0.0,0,10.445,3.685,,0.053,0.078,0.134,0.332,0,0,0
187.0,monitoring,,0,0.0,0.0,0,10.445,3.685,,0.053,0.078,0.134,0.332,0,0,0
187.1,monitoring,,0,0.0,0.0,0,10.445,3.685,,0.053,0.078,0.134,0.332,0,0,0
187.2,monitoring,,0,0.0,0.0,0,10.445,3.685,,0.053,0.078,0.134,0.332,0,0,0
187.3,monitoring,,0,0.0,0.0,0,10.445,3.685,,0.053,0.078,0.134,0.332,0,0,0
187.4,monitoring,,0,0.0,0.0,0,10.445,3.685,,0.053,0.078,0.134,0.332,0,0,0
187.5,monitoring,,0,0.0,0.0,0,10.445,3.685,,0.053,0.078,0.134,0.332,0,0,0
187.6,monitoring,,0,0.0,0.0,0,10.445,3.685,,0.053,0.078,0.134,0.332,0,0,0
187.7,monitoring,,0,0.0,0.0,0,10.445,3.685,,0.053,0.078,0.134,0.332,0,0,0
187.8,monitoring,,0,0.0,0.0,0,10.445,3.685,,0.053,0.078,0.134,0.332,0,0,0
187.9,monitoring,,0,0.0,0.0,0,10.445,3.685,,0.053,0.078,0.134,0.332,0,0,0
188.0,monitoring,,0,0.0,0.0,0,10.445,3.685,,0.053,0.078,0.134,0.332,0,0,0
188.1,monitoring,,0,0.0,0.0,0,10.445,3.685,,0.053,0.078,0.134,0.332,0,0,0
188.2,monitoring,,0,0.0,0.0,0,10.445,3.685,,0.053,0.078,0.134,0.332,0,0,0
188.3,monitoring,,0,0.0,0.0,0,10.445,3.685,,0.053,0.078,0.134,0.332,0,0,0
188.4,monitoring,,0,0.0,0.0,0,10.445,3.685,,0.053,0.078,0.134,0.332,0,0,0
188.5,monitoring,,0,0.0,0.0,0,10.445,3.685,,0.053,0.078,0.134,0.332,0,0,0
188.6,monitoring,,0,0.0,0.0,0,10.445,3.685,,0.053,0.078,0.134,0.332,0,0,0
188.7,monitoring,,0,0.0,0.0,0,10.445,3.685,,0.053,0.078,0.134,0.332,0,0,0
188.8,monitoring,,0,0.0,0.0,0,10.445,3.685,,0.053,0.078,0.134,0.332,0,0,0
188.9,monitoring,,0,0.0,0.0,0,10.445,3.685,,0.053,0.078,0.134,0.332,0,0,0
189.0,monitoring,,0,0.0,0.0,0,10.445,3.685,,0.053,0.078,0.134,0.332,0,0,0
189.1,monitoring,,0,0.0,0.0,0,10.445,3.685,,0.053,0.078,0.134,0.332,0,0,0
189.2,monitoring,,0,0.0,0.0,0,10.445,3.685,,0.053,0.078,0.134,0.332,0,0,0
189.3,monitoring,,0,0.0,0.0,0,10.445,3.685,,0.053,0.078,0.134,0.332,0,0,0
189.4,monitoring,,0,0.0,0.0,0,10.445,3.685,,0.053,0.078,0.134,0.332,0,0,0
189.501,monitoring,,0,0.0,0.0,0,10.445,3.685,,0.053,0.078,0.134,0.332,0,0,0
189.501,monitoring,,0,0.0,0.0,0,10.445,3.685,,0.053,0.078,0.134,0.332,0,0,0
189.7,monitoring,,0,0.0,0.0,0,10.445,3.685,,0.053,0.078,0.134,0.332,0,0,0
189.8,monitoring,,0,0.0,0.0,0,10.445,3.685,,0.053,0.078,0.134,0.332,0,0,0
189.9,monitoring,,0,0.0,0.0,0,10.445,3.685,,0.053,0.078,0.134,0.332,0,0,0
190.0,monitoring,,0,0.0,0.0,0,10.445,3.685,,0.053,0.078,0.134,0.332,0,0,0
190.1,monitoring,,0,0.0,0.0,0,10.445,3.685,,0.053,0.078,0.134,0.332,0,0,0
190.2,monitoring,,0,0.0,0.0,0,10.445,3.685,,0.053,0.078,0.134,0.332,0,0,0
190.3,monitoring,,0,0.0,0.0,0,10.445,3.685,,0.053,0.078,0.134,0.332,0,0,0
190.4,monitoring,,0,0.0,0.0,0,10.445,3.685,,0.053,0.078,0.134,0.332,0,0,0
190.5,monitoring,,0,0.0,0.0,0,10.445,3.685,,0.053,0.078,0.134,0.332,0,0,0
190.6,monitoring,,0,0.0,0.0,0,10.445,3.685,,0.053,0.078,0.134,0.332,0,0,0
190.7,monitoring,,0,0.0,0.0,0,10.445,3.685,,0.053,0.078,0.134,0.332,0,0,0
190.8,monitoring,,0,0.0,0.0,0,10.445,3.685,,0.053,0.078,0.134,0.332,0,0,0
190.9,monitoring,,0,0.0,0.0,0,10.445,3.685,,0.053,0.078,0.134,0.332,0,0,0
191.0,monitoring,,0,0.0,0.0,0,10.445,3.685,,0.053,0.078,0.134,0.332,0,0,0
191.1,monitoring,,0,0.0,0.0,0,10.445,3.685,,0.053,0.078,0.134,0.332,0,0,0
191.2,monitoring,,0,0.0,0.0,0,10.445,3.685,,0.053,0.078,0.134,0.332,0,0,0
191.3,monitoring,,0,0.0,0.0,0,10.445,3.685,,0.053,0.078,0.134,0.332,0,0,0
191.4,monitoring,,0,0.0,0.0,0,10.445,3.685,,0.053,0.078,0.134,0.332,0,0,0
191.5,monitoring,,0,0.0,0.0,0,10.445,3.685,,0.053,0.078,0.134,0.332,0,0,0
191.6,monitoring,,0,0.0,0.0,0,10.445,3.685,,0.053,0.078,0.134,0.332,0,0,0
191.7,monitoring,,0,0.0,0.0,0,10.445,3.685,,0.053,0.078,0.134,0.332,0,0,0
191.8,monitoring,,0,0.0,0.0,0,10.445,3.685,,0.053,0.078,0.134,0.332,0,0,0
191.9,monitoring,,0,0.0,0.0,0,10.445,3.685,,0.053,0.078,0.134,0.332,0,0,0
192.0,monitoring,,0,0.0,0.0,0,10.445,3.685,,0.053,0.078,0.134,0.332,0,0,0
192.1,monitoring,,0,0.0,0.0,0,10.445,3.685,,0.053,0.078,0.134,0.332,0,0,0
192.2,monitoring,,0,0.0,0.0,0,10.445,3.685,,0.053,0.078,0.134,0.332,0,0,0
192.3,monitoring,,0,0.0,0.0,0,10.445,3.685,,0.053,0.078,0.134,0.332,0,0,0
192.4,monitoring,,0,0.0,0.0,0,10.445,3.685,,0.053,0.078,0.134,0.332,0,0,0
192.5,monitoring,,0,0.0,0.0,0,10.445,3.685,,0.053,0.078,0.134,0.332,0,0,0
192.6,monitoring,,0,0.0,0.0,0,10.445,3.685,,0.053,0.078,0.134,0.332,0,0,0
192.7,monitoring,,0,0.0,0.0,0,10.445,3.685,,0.053,0.078,0.134,0.332,0,0,0
192.8,monitoring,,0,0.0,0.0,0,10.445,3.685,,0.053,0.078,0.134,0.332,0,0,0
192.9,monitoring,,0,0.0,0.0,0,10.445,3.685,,0.053,0.078,0.134,0.332,0,0,0
193.0,monitoring,,0,0.0,0.0,0,10.445,3.685,,0.053,0.078,0.134,0.332,0,0,0
193.1,monitoring,,0,0.0,0.0,0,10.445,3.685,,0.053,0.078,0.134,0.332,0,0,0
193.2,monitoring,,0,0.0,0.0,0,10.445,3.685,,0.053,0.078,0.134,0.332,0,0,0
193.3,monitoring,,0,0.0,0.0,0,10.445,3.685,,0.053,0.078,0.134,0.332,0,0,0
193.4,monitoring,,0,0.0,0.0,0,10.445,3.685,,0.053,0.078,0.134,0.332,0,0,0
193.5,monitoring,,0,0.0,0.0,0,10.445,3.685,,0.053,0.078,0.134,0.332,0,0,0
193.6,monitoring,,0,0.0,0.0,0,10.445,3.685,,0.053,0.078,0.134,0.332,0,0,0
193.7,monitoring,,0,0.0,0.0,0,10.445,3.685,,0.053,0.078,0.134,0.332,0,0,0
193.8,monitoring,,0,0.0,0.0,0,10.445,3.685,,0.053,0.078,0.134,0.332,0,0,0
193.9,monitoring,,0,0.0,0.0,0,10.445,3.685,,0.053,0.078,0.134,0.332,0,0,0
194.0,monitoring,,0,0.0,0.0,0,10.445,3.685,,0.053,0.078,0.134,0.332,0,0,0
194.1,monitoring,,0,0.0,0.0,0,10.445,3.685,,0.053,0.078,0.134,0.332,0,0,0
194.2,monitoring,,0,0.0,0.0,0,10.445,3.685,,0.053,0.078,0.134,0.332,0,0,0
194.3,monitoring,,0,0.0,0.0,0,10.445,3.685,,0.053,0.078,0.134,0.332,0,0,0
194.4,monitoring,,0,0.0,0.0,0,10.445,3.685,,0.053,0.078,0.134,0.332,0,0,0
194.5,monitoring,,0,0.0,0.0,0,10.445,3.685,,0.053,0.078,0.134,0.332,0,0,0
194.6,monitoring,,0,0.0,0.0,0,10.445,3.685,,0.053,0.078,0.134,0.332,0,0,0
194.7,monitoring,,0,0.0,0.0,0,10.445,3.685,,0.053,0.078,0.134,0.332,0,0,0
194.8,monitoring,,0,0.0,0.0,0,10.445,3.685,,0.053,0.078,0.134,0.332,0,0,0
194.9,monitoring,,0,0.0,0.0,0,10.445,3.685,,0.053,0.078,0.134,0.332,0,0,0
195.0,monitoring,,0,0.0,0.0,0,10.445,3.685,,0.053,0.078,0.134,0.332,0,0,0
195.1,monitoring,,0,0.0,0.0,0,10.445,3.685,,0.053,0.078,0.134,0.332,0,0,0
195.2,monitoring,,0,0.0,0.0,0,10.445,3.685,,0.053,0.078,0.134,0.332,0,0,0
195.3,monitoring,,0,0.0,0.0,0,10.445,3.685,,0.053,0.078,0.134,0.332,0,0,0
195.4,monitoring,,0,0.0,0.0,0,10.445,3.685,,0.053,0.078,0.134,0.332,0,0,0
195.5,monitoring,,0,0.0,0.0,0,10.445,3.685,,0.053,0.078,0.134,0.332,0,0,0
195.6,monitoring,,0,0.0,0.0,0,10.445,3.685,,0.053,0.078,0.134,0.332,0,0,0
195.7,monitoring,,0,0.0,0.0,0,10.445,3.685,,0.053,0.078,0.134,0.332,0,0,0
195.8,monitoring,,0,0.0,0.0,0,10.445,3.685,,0.053,0.078,0.134,0.332,0,0,0
195.9,monitoring,,0,0.0,0.0,0,10.445,3.685,,0.053,0.078,0.134,0.332,0,0,0
196.0,monitoring,,0,0.0,0.0,0,10.445,3.685,,0.053,0.078,0.134,0.332,0,0,0
196.1,monitoring,,0,0.0,0.0,0,10.445,3.685,,0.053,0.078,0.134,0.332,0,0,0
196.2,monitoring,,0,0.0,0.0,0,10.445,3.685,,0.053,0.078,0.134,0.332,0,0,0
196.3,monitoring,,0,0.0,0.0,0,10.445,3.685,,0.053,0.078,0.134,0.332,0,0,0
196.4,monitoring,,0,0.0,0.0,0,10.445,3.685,,0.053,0.078,0.134,0.332,0,0,0
196.5,monitoring,,0,0.0,0.0,0,10.445,3.685,,0.053,0.078,0.134,0.332,0,0,0
196.6,monitoring,,0,0.0,0.0,0,10.445,3.685,,0.053,0.078,0.134,0.332,0,0,0
196.7,monitoring,,0,0.0,0.0,0,10.445,3.685,,0.053,0.078,0.134,0.332,0,0,0
196.8,monitoring,,0,0.0,0.0,0,10.445,3.685,,0.053,0.078,0.134,0.332,0,0,0
196.9,monitoring,,0,0.0,0.0,0,10.445,3.685,,0.053,0.078,0.134,0.332,0,0,0
197.0,monitoring,,0,0.0,0.0,0,10.445,3.685,,0.053,0.078,0.134,0.332,0,0,0
197.1,monitoring,,0,0.0,0.0,0,10.445,3.685,,0.053,0.078,0.134,0.332,0,0,0
197.2,monitoring,,0,0.0,0.0,0,10.445,3.685,,0.053,0.078,0.134,0.332,0,0,0
197.3,monitoring,,0,0.0,0.0,0,10.445,3.685,,0.053,0.078,0.134,0.332,0,0,0
197.4,monitoring,,0,0.0,0.0,0,10.445,3.685,,0.053,0.078,0.134,0.332,0,0,0
197.5,monitoring,,0,0.0,0.0,0,10.445,3.685,,0.053,0.078,0.134,0.332,0,0,0
197.6,monitoring,,0,0.0,0.0,0,10.445,3.685,,0.053,0.078,0.134,0.332,0,0,0
197.7,monitoring,,0,0.0,0.0,0,10.445,3.685,,0.053,0.078,0.134,0.332,0,0,0
197.8,monitoring,,0,0.0,0.0,0,10.445,3.685,,0.053,0.078,0.134,0.332,0,0,0
197.9,monitoring,,0,0.0,0.0,0,10.445,3.685,,0.053,0.078,0.134,0.332,0,0,0
198.0,monitoring,,0,0.0,0.0,0,10.445,3.685,,0.053,0.078,0.134,0.332,0,0,0
198.1,monitoring,,0,0.0,0.0,0,10.445,3.685,,0.053,0.078,0.134,0.332,0,0,0
198.2,monitoring,,0,0.0,0.0,0,10.445,3.685,,0.053,0.078,0.134,0.332,0,0,0
198.3,monitoring,,0,0.0,0.0,0,10.445,3.685,,0.053,0.078,0.134,0.332,0,0,0
198.4,monitoring,,0,0.0,0.0,0,10.445,3.685,,0.053,0.078,0.134,0.332,0,0,0
198.5,monitoring,,0,0.0,0.0,0,10.445,3.685,,0.053,0.078,0.134,0.332,0,0,0
198.6,monitoring,,0,0.0,0.0,0,10.445,3.685,,0.053,0.078,0.134,0.332,0,0,0
198.7,monitoring,,0,0.0,0.0,0,10.445,3.685,,0.053,0.078,0.134,0.332,0,0,0
198.8,monitoring,,0,0.0,0.0,0,10.445,3.685,,0.053,0.078,0.134,0.332,0,0,0
198.9,monitoring,,0,0.0,0.0,0,10.445,3.685,,0.053,0.078,0.134,0.332,0,0,0
199.0,monitoring,,0,0.0,0.0,0,10.445,3.685,,0.053,0.078,0.134,0.332,0,0,0
199.1,monitoring,,0,0.0,0.0,0,10.445,3.685,,0.053,0.078,0.134,0.332,0,0,0
199.2,monitoring,,0,0.0,0.0,0,10.445,3.685,,0.053,0.078,0.134,0.332,0,0,0
199.3,monitoring,,0,0.0,0.0,0,10.445,3.685,,0.053,0.078,0.134,0.332,0,0,0
199.4,monitoring,,0,0.0,0.0,0,10.445,3.685,,0.053,0.078,0.134,0.332,0,0,0
199.5,monitoring,,0,0.0,0.0,0,10.445,3.685,,0.053,0.078,0.134,0.332,0,0,0
199.6,monitoring,,0,0.0,0.0,0,10.445,3.685,,0.053,0.078,0.134,0.332,0,0,0
199.7,monitoring,,0,0.0,0.0,0,10.445,3.685,,0.053,0.078,0.134,0.332,0,0,0
199.8,monitoring,,0,0.0,0.0,0,10.445,3.685,,0.053,0.078,0.134,0.332,0,0,0
199.9,monitoring,,0,0.0,0.0,0,10.445,3.685,,0.053,0.078,0.134,0.332,0,0,0
200.0,monitoring,,0,0.0,0.0,0,10.445,3.685,,0.053,0.078,0.134,0.332,0,0,0
200.1,monitoring,,0,0.0,0.0,0,10.445,3.685,,0.053,0.078,0.134,0.332,0,0,0
200.2,monitoring,,0,0.0,0.0,0,10.445,3.685,,0.053,0.078,0.134,0.332,0,0,0
200.3,monitoring,,0,0.0,0.0,0,10.445,3.685,,0.053,0.078,0.134,0.332,0,0,0
200.4,monitoring,,0,0.0,0.0,0,10.445,3.685,,0.053,0.078,0.134,0.332,0,0,0
200.5,monitoring,,0,0.0,0.0,0,10.445,3.685,,0.053,0.078,0.134,0.332,0,0,0
200.6,monitoring,,0,0.0,0.0,0,10.445,3.685,,0.053,0.078,0.134,0.332,0,0,0
200.7,monitoring,,0,0.0,0.0,0,10.445,3.685,,0.053,0.078,0.134,0.332,0,0,0
200.8,monitoring,,0,0.0,0.0,0,10.445,3.685,,0.053,0.078,0.134,0.332,0,0,0
200.9,monitoring,,0,0.0,0.0,0,10.445,3.685,,0.053,0.078,0.134,0.332,0,0,0
201.0,monitoring,,0,0.0,0.0,0,10.445,3.685,,0.053,0.078,0.134,0.332,0,0,0
201.1,monitoring,,0,0.0,0.0,0,10.445,3.685,,0.053,0.078,0.134,0.332,0,0,0
201.2,monitoring,,0,0.0,0.0,0,10.445,3.685,,0.053,0.078,0.134,0.332,0,0,0
201.3,monitoring,,0,0.0,0.0,0,10.445,3.685,,0.053,0.078,0.134,0.332,0,0,0
201.4,monitoring,,0,0.0,0.0,0,10.445,3.685,,0.053,0.078,0.134,0.332,0,0,0
201.5,monitoring,,0,0.0,0.0,0,10.445,3.685,,0.053,0.078,0.134,0.332,0,0,0
201.6,monitoring,,0,0.0,0.0,0,10.445,3.685,,0.053,0.078,0.134,0.332,0,0,0
201.7,monitoring,,0,0.0,0.0,0,10.445,3.685,,0.053,0.078,0.134,0.332,0,0,0
201.8,monitoring,,0,0.0,0.0,0,10.445,3.685,,0.053,0.078,0.134,0.332,0,0,0
201.9,monitoring,,0,0.0,0.0,0,10.445,3.685,,0.053,0.078,0.134,0.332,0,0,0
202.0,monitoring,,0,0.0,0.0,0,10.445,3.685,,0.053,0.078,0.134,0.332,0,0,0
202.1,monitoring,,0,0.0,0.0,0,10.445,3.685,,0.053,0.078,0.134,0.332,0,0,0
202.2,monitoring,,0,0.0,0.0,0,10.445,3.685,,0.053,0.078,0.134,0.332,0,0,0
202.3,monitoring,,0,0.0,0.0,0,10.445,3.685,,0.053,0.078,0.134,0.332,0,0,0
202.4,monitoring,,0,0.0,0.0,0,10.445,3.685,,0.053,0.078,0.134,0.332,0,0,0
202.5,monitoring,,0,0.0,0.0,0,10.445,3.685,,0.053,0.078,0.134,0.332,0,0,0
202.6,monitoring,,0,0.0,0.0,0,10.445,3.685,,0.053,0.078,0.134,0.332,0,0,0
202.7,monitoring,,0,0.0,0.0,0,10.445,3.685,,0.053,0.078,0.134,0.332,0,0,0
202.8,monitoring,,0,0.0,0.0,0,10.445,3.685,,0.053,0.078,0.134,0.332,0,0,0
202.9,monitoring,,0,0.0,0.0,0,10.445,3.685,,0.053,0.078,0.134,0.332,0,0,0
203.0,monitoring,,0,0.0,0.0,0,10.445,3.685,,0.053,0.078,0.134,0.332,0,0,0
203.1,monitoring,,0,0.0,0.0,0,10.445,3.685,,0.053,0.078,0.134,0.332,0,0,0
203.2,monitoring,,0,0.0,0.0,0,10.445,3.685,,0.053,0.078,0.134,0.332,0,0,0
203.3,monitoring,,0,0.0,0.0,0,10.445,3.685,,0.053,0.078,0.134,0.332,0,0,0
203.4,monitoring,,0,0.0,0.0,0,10.445,3.685,,0.053,0.078,0.134,0.332,0,0,0
203.5,monitoring,,0,0.0,0.0,0,10.445,3.685,,0.053,0.078,0.134,0.332,0,0,0
203.6,monitoring,,0,0.0,0.0,0,10.445,3.685,,0.053,0.078,0.134,0.332,0,0,0
203.7,monitoring,,0,0.0,0.0,0,10.445,3.685,,0.053,0.078,0.134,0.332,0,0,0
203.8,monitoring,,0,0.0,0.0,0,10.445,3.685,,0.053,0.078,0.134,0.332,0,0,0
203.9,monitoring,,0,0.0,0.0,0,10.445,3.685,,0.053,0.078,0.134,0.332,0,0,0
204.0,monitoring,,0,0.0,0.0,0,10.445,3.685,,0.053,0.078,0.134,0.332,0,0,0
204.1,monitoring,,0,0.0,0.0,0,10.445,3.685,,0.053,0.078,0.134,0.332,0,0,0
204.2,monitoring,,0,0.0,0.0,0,10.445,3.685,,0.053,0.078,0.134,0.332,0,0,0
204.3,monitoring,,0,0.0,0.0,0,10.445,3.685,,0.053,0.078,0.134,0.332,0,0,0
204.4,monitoring,,0,0.0,0.0,0,10.445,3.685,,0.053,0.078,0.134,0.332,0,0,0
204.5,monitoring,,0,0.0,0.0,0,10.445,3.685,,0.053,0.078,0.134,0.332,0,0,0
204.6,monitoring,,0,0.0,0.0,0,10.445,3.685,,0.053,0.078,0.134,0.332,0,0,0
204.7,monitoring,,0,0.0,0.0,0,10.445,3.685,,0.053,0.078,0.134,0.332,0,0,0
204.8,monitoring,,0,0.0,0.0,0,10.445,3.685,,0.053,0.078,0.134,0.332,0,0,0
204.9,monitoring,,0,0.0,0.0,0,10.445,3.685,,0.053,0.078,0.134,0.332,0,0,0
205.0,monitoring,,0,0.0,0.0,0,10.445,3.685,,0.053,0.078,0.134,0.332,0,0,0
205.1,monitoring,,0,0.0,0.0,0,10.445,3.685,,0.053,0.078,0.134,0.332,0,0,0
205.2,monitoring,,0,0.0,0.0,0,10.445,3.685,,0.053,0.078,0.134,0.332,0,0,0
205.3,monitoring,,0,0.0,0.0,0,10.445,3.685,,0.053,0.078,0.134,0.332,0,0,0
205.4,monitoring,,0,0.0,0.0,0,10.445,3.685,,0.053,0.078,0.134,0.332,0,0,0
205.5,monitoring,,0,0.0,0.0,0,10.445,3.685,,0.053,0.078,0.134,0.332,0,0,0
205.6,monitoring,,0,0.0,0.0,0,10.445,3.685,,0.053,0.078,0.134,0.332,0,0,0
205.7,monitoring,,0,0.0,0.0,0,10.445,3.685,,0.053,0.078,0.134,0.332,0,0,0
205.8,monitoring,,0,0.0,0.0,0,10.445,3.685,,0.053,0.078,0.134,0.332,0,0,0
205.9,monitoring,,0,0.0,0.0,0,10.445,3.685,,0.053,0.078,0.134,0.332,0,0,0
206.0,monitoring,,0,0.0,0.0,0,10.445,3.685,,0.053,0.078,0.134,0.332,0,0,0
206.1,monitoring,,0,0.0,0.0,0,10.445,3.685,,0.053,0.078,0.134,0.332,0,0,0
206.2,monitoring,,0,0.0,0.0,0,10.445,3.685,,0.053,0.078,0.134,0.332,0,0,0
206.3,monitoring,,0,0.0,0.0,0,10.445,3.685,,0.053,0.078,0.134,0.332,0,0,0
206.4,monitoring,,0,0.0,0.0,0,10.445,3.685,,0.053,0.078,0.134,0.332,0,0,0
206.5,monitoring,,0,0.0,0.0,0,10.445,3.685,,0.053,0.078,0.134,0.332,0,0,0
206.6,monitoring,,0,0.0,0.0,0,10.445,3.685,,0.053,0.078,0.134,0.332,0,0,0
206.7,monitoring,,0,0.0,0.0,0,10.445,3.685,,0.053,0.078,0.134,0.332,0,0,0
206.8,monitoring,,0,0.0,0.0,0,10.445,3.685,,0.053,0.078,0.134,0.332,0,0,0
206.9,monitoring,,0,0.0,0.0,0,10.445,3.685,,0.053,0.078,0.134,0.332,0,0,0
207.0,monitoring,,0,0.0,0.0,0,10.445,3.685,,0.053,0.078,0.134,0.332,0,0,0
207.1,monitoring,,0,0.0,0.0,0,10.445,3.685,,0.053,0.078,0.134,0.332,0,0,0
207.2,monitoring,,0,0.0,0.0,0,10.445,3.685,,0.053,0.078,0.134,0.332,0,0,0
207.3,monitoring,,0,0.0,0.0,0,10.445,3.685,,0.053,0.078,0.134,0.332,0,0,0
207.4,monitoring,,0,0.0,0.0,0,10.445,3.685,,0.053,0.078,0.134,0.332,0,0,0
207.501,monitoring,,0,0.0,0.0,0,10.445,3.685,,0.053,0.078,0.134,0.332,0,0,0
207.6,monitoring,,0,0.0,0.0,0,10.445,3.685,,0.053,0.078,0.134,0.332,0,0,0
207.7,monitoring,,0,0.0,0.0,0,10.445,3.685,,0.053,0.078,0.134,0.332,0,0,0
207.8,monitoring,,0,0.0,0.0,0,10.445,3.685,,0.053,0.078,0.134,0.332,0,0,0
207.9,monitoring,,0,0.0,0.0,0,10.445,3.685,,0.053,0.078,0.134,0.332,0,0,0
208.0,monitoring,,0,0.0,0.0,0,10.445,3.685,,0.053,0.078,0.134,0.332,0,0,0
208.1,monitoring,,0,0.0,0.0,0,10.445,3.685,,0.053,0.078,0.134,0.332,0,0,0
208.2,monitoring,,0,0.0,0.0,0,10.445,3.685,,0.053,0.078,0.134,0.332,0,0,0
208.3,monitoring,,0,0.0,0.0,0,10.445,3.685,,0.053,0.078,0.134,0.332,0,0,0
208.4,monitoring,,0,0.0,0.0,0,10.445,3.685,,0.053,0.078,0.134,0.332,0,0,0
208.5,monitoring,,0,0.0,0.0,0,10.445,3.685,,0.053,0.078,0.134,0.332,0,0,0
208.6,monitoring,,0,0.0,0.0,0,10.445,3.685,,0.053,0.078,0.134,0.332,0,0,0
208.7,monitoring,,0,0.0,0.0,0,10.445,3.685,,0.053,0.078,0.134,0.332,0,0,0
208.8,monitoring,,0,0.0,0.0,0,10.445,3.685,,0.053,0.078,0.134,0.332,0,0,0
208.9,monitoring,,0,0.0,0.0,0,10.445,3.685,,0.053,0.078,0.134,0.332,0,0,0
209.0,monitoring,,0,0.0,0.0,0,10.445,3.685,,0.053,0.078,0.134,0.332,0,0,0
209.1,monitoring,,0,0.0,0.0,0,10.445,3.685,,0.053,0.078,0.134,0.332,0,0,0
209.2,monitoring,,0,0.0,0.0,0,10.445,3.685,,0.053,0.078,0.134,0.332,0,0,0
209.3,monitoring,,0,0.0,0.0,0,10.445,3.685,,0.053,0.078,0.134,0.332,0,0,0
209.4,monitoring,,0,0.0,0.0,0,10.445,3.685,,0.053,0.078,0.134,0.332,0,0,0
209.5,monitoring,,0,0.0,0.0,0,10.445,3.685,,0.053,0.078,0.134,0.332,0,0,0
209.6,monitoring,,0,0.0,0.0,0,10.445,3.685,,0.053,0.078,0.134,0.332,0,0,0
209.7,monitoring,,0,0.0,0.0,0,10.445,3.685,,0.053,0.078,0.134,0.332,0,0,0
209.8,monitoring,,0,0.0,0.0,0,10.445,3.685,,0.053,0.078,0.134,0.332,0,0,0
209.9,monitoring,,0,0.0,0.0,0,10.445,3.685,,0.053,0.078,0.134,0.332,0,0,0
210.0,monitoring,,0,0.0,0.0,0,10.445,3.685,,0.053,0.078,0.134,0.332,0,0,0
210.1,monitoring,,0,0.0,0.0,0,10.445,3.685,,0.053,0.078,0.134,0.332,0,0,0
210.2,monitoring,,0,0.0,0.0,0,10.445,3.685,,0.053,0.078,0.134,0.332,0,0,0
210.3,monitoring,,0,0.0,0.0,0,10.445,3.685,,0.053,0.078,0.134,0.332,0,0,0
210.4,monitoring,,0,0.0,0.0,0,10.445,3.685,,0.053,0.078,0.134,0.332,0,0,0
210.5,monitoring,,0,0.0,0.0,0,10.445,3.685,,0.053,0.078,0.134,0.332,0,0,0
210.6,monitoring,,0,0.0,0.0,0,10.445,3.685,,0.053,0.078,0.134,0.332,0,0,0
210.7,monitoring,,0,0.0,0.0,0,10.445,3.685,,0.053,0.078,0.134,0.332,0,0,0
210.8,monitoring,,0,0.0,0.0,0,10.445,3.685,,0.053,0.078,0.134,0.332,0,0,0
210.9,monitoring,,0,0.0,0.0,0,10.445,3.685,,0.053,0.078,0.134,0.332,0,0,0
211.0,monitoring,,0,0.0,0.0,0,10.445,3.685,,0.053,0.078,0.134,0.332,0,0,0
211.1,monitoring,,0,0.0,0.0,0,10.445,3.685,,0.053,0.078,0.134,0.332,0,0,0
211.2,monitoring,,0,0.0,0.0,0,10.445,3.685,,0.053,0.078,0.134,0.332,0,0,0
211.3,monitoring,,0,0.0,0.0,0,10.445,3.685,,0.053,0.078,0.134,0.332,0,0,0
211.4,monitoring,,0,0.0,0.0,0,10.445,3.685,,0.053,0.078,0.134,0.332,0,0,0
211.5,monitoring,,0,0.0,0.0,0,10.445,3.685,,0.053,0.078,0.134,0.332,0,0,0
211.6,monitoring,,0,0.0,0.0,0,10.445,3.685,,0.053,0.078,0.134,0.332,0,0,0
211.7,monitoring,,0,0.0,0.0,0,10.445,3.685,,0.053,0.078,0.134,0.332,0,0,0
211.8,monitoring,,0,0.0,0.0,0,10.445,3.685,,0.053,0.078,0.134,0.332,0,0,0
211.9,monitoring,,0,0.0,0.0,0,10.445,3.685,,0.053,0.078,0.134,0.332,0,0,0
212.0,monitoring,,0,0.0,0.0,0,10.445,3.685,,0.053,0.078,0.134,0.332,0,0,0
212.1,monitoring,,0,0.0,0.0,0,10.445,3.685,,0.053,0.078,0.134,0.332,0,0,0
212.2,monitoring,,0,0.0,0.0,0,10.445,3.685,,0.053,0.078,0.134,0.332,0,0,0
212.3,monitoring,,0,0.0,0.0,0,10.445,3.685,,0.053,0.078,0.134,0.332,0,0,0
212.4,monitoring,,0,0.0,0.0,0,10.445,3.685,,0.053,0.078,0.134,0.332,0,0,0
212.5,monitoring,,0,0.0,0.0,0,10.445,3.685,,0.053,0.078,0.134,0.332,0,0,0
212.6,monitoring,,0,0.0,0.0,0,10.445,3.685,,0.053,0.078,0.134,0.332,0,0,0
212.7,monitoring,,0,0.0,0.0,0,10.445,3.685,,0.053,0.078,0.134,0.332,0,0,0
212.8,monitoring,,0,0.0,0.0,0,10.445,3.685,,0.053,0.078,0.134,0.332,0,0,0
212.9,monitoring,,0,0.0,0.0,0,10.445,3.685,,0.053,0.078,0.134,0.332,0,0,0
213.0,monitoring,,0,0.0,0.0,0,10.445,3.685,,0.053,0.078,0.134,0.332,0,0,0
213.1,monitoring,,0,0.0,0.0,0,10.445,3.685,,0.053,0.078,0.134,0.332,0,0,0
213.2,monitoring,,0,0.0,0.0,0,10.445,3.685,,0.053,0.078,0.134,0.332,0,0,0
213.3,monitoring,,0,0.0,0.0,0,10.445,3.685,,0.053,0.078,0.134,0.332,0,0,0
213.4,monitoring,,0,0.0,0.0,0,10.445,3.685,,0.053,0.078,0.134,0.332,0,0,0
213.5,monitoring,,0,0.0,0.0,0,10.445,3.685,,0.053,0.078,0.134,0.332,0,0,0
213.6,monitoring,,0,0.0,0.0,0,10.445,3.685,,0.053,0.078,0.134,0.332,0,0,0
213.7,monitoring,,0,0.0,0.0,0,10.445,3.685,,0.053,0.078,0.134,0.332,0,0,0
213.8,monitoring,,0,0.0,0.0,0,10.445,3.685,,0.053,0.078,0.134,0.332,0,0,0
213.9,monitoring,,0,0.0,0.0,0,10.445,3.685,,0.053,0.078,0.134,0.332,0,0,0
214.0,monitoring,,0,0.0,0.0,0,10.445,3.685,,0.053,0.078,0.134,0.332,0,0,0
214.1,monitoring,,0,0.0,0.0,0,10.445,3.685,,0.053,0.078,0.134,0.332,0,0,0
214.2,monitoring,,0,0.0,0.0,0,10.445,3.685,,0.053,0.078,0.134,0.332,0,0,0
214.3,monitoring,,0,0.0,0.0,0,10.445,3.685,,0.053,0.078,0.134,0.332,0,0,0
214.4,monitoring,,0,0.0,0.0,0,10.445,3.685,,0.053,0.078,0.134,0.332,0,0,0
214.5,monitoring,,0,0.0,0.0,0,10.445,3.685,,0.053,0.078,0.134,0.332,0,0,0
214.6,monitoring,,0,0.0,0.0,0,10.445,3.685,,0.053,0.078,0.134,0.332,0,0,0
214.7,monitoring,,0,0.0,0.0,0,10.445,3.685,,0.053,0.078,0.134,0.332,0,0,0
214.8,monitoring,,0,0.0,0.0,0,10.445,3.685,,0.053,0.078,0.134,0.332,0,0,0
214.9,monitoring,,0,0.0,0.0,0,10.445,3.685,,0.053,0.078,0.134,0.332,0,0,0
215.0,monitoring,,0,0.0,0.0,0,10.445,3.685,,0.053,0.078,0.134,0.332,0,0,0
215.1,monitoring,,0,0.0,0.0,0,10.445,3.685,,0.053,0.078,0.134,0.332,0,0,0
215.2,monitoring,,0,0.0,0.0,0,10.445,3.685,,0.053,0.078,0.134,0.332,0,0,0
215.3,monitoring,,0,0.0,0.0,0,10.445,3.685,,0.053,0.078,0.134,0.332,0,0,0
215.4,monitoring,,0,0.0,0.0,0,10.445,3.685,,0.053,0.078,0.134,0.332,0,0,0
215.5,monitoring,,0,0.0,0.0,0,10.445,3.685,,0.053,0.078,0.134,0.332,0,0,0
215.6,monitoring,,0,0.0,0.0,0,10.445,3.685,,0.053,0.078,0.134,0.332,0,0,0
215.7,monitoring,,0,0.0,0.0,0,10.445,3.685,,0.053,0.078,0.134,0.332,0,0,0
215.8,monitoring,,0,0.0,0.0,0,10.445,3.685,,0.053,0.078,0.134,0.332,0,0,0
215.9,monitoring,,0,0.0,0.0,0,10.445,3.685,,0.053,0.078,0.134,0.332,0,0,0
216.0,monitoring,,0,0.0,0.0,0,10.445,3.685,,0.053,0.078,0.134,0.332,0,0,0
216.1,monitoring,,0,0.0,0.0,0,10.445,3.685,,0.053,0.078,0.134,0.332,0,0,0
216.2,monitoring,,0,0.0,0.0,0,10.445,3.685,,0.053,0.078,0.134,0.332,0,0,0
216.3,monitoring,,0,0.0,0.0,0,10.445,3.685,,0.053,0.078,0.134,0.332,0,0,0
216.4,monitoring,,0,0.0,0.0,0,10.445,3.685,,0.053,0.078,0.134,0.332,0,0,0
216.5,monitoring,,0,0.0,0.0,0,10.445,3.685,,0.053,0.078,0.134,0.332,0,0,0
216.6,monitoring,,0,0.0,0.0,0,10.445,3.685,,0.053,0.078,0.134,0.332,0,0,0
216.7,monitoring,,0,0.0,0.0,0,10.445,3.685,,0.053,0.078,0.134,0.332,0,0,0
216.8,monitoring,,0,0.0,0.0,0,10.445,3.685,,0.053,0.078,0.134,0.332,0,0,0
216.9,monitoring,,0,0.0,0.0,0,10.445,3.685,,0.053,0.078,0.134,0.332,0,0,0
217.0,monitoring,,0,0.0,0.0,0,10.445,3.685,,0.053,0.078,0.134,0.332,0,0,0
217.1,monitoring,,0,0.0,0.0,0,10.445,3.685,,0.053,0.078,0.134,0.332,0,0,0
217.2,monitoring,,0,0.0,0.0,0,10.445,3.685,,0.053,0.078,0.134,0.332,0,0,0
217.2,monitoring,,0,0.0,0.0,0,10.445,3.685,,0.053,0.078,0.134,0.332,0,0,0
217.4,monitoring,,0,0.0,0.0,0,10.445,3.685,,0.053,0.078,0.134,0.332,0,0,0
217.5,monitoring,,0,0.0,0.0,0,10.445,3.685,,0.053,0.078,0.134,0.332,0,0,0
217.6,monitoring,,0,0.0,0.0,0,10.445,3.685,,0.053,0.078,0.134,0.332,0,0,0
217.7,monitoring,,0,0.0,0.0,0,10.445,3.685,,0.053,0.078,0.134,0.332,0,0,0
217.8,monitoring,,0,0.0,0.0,0,10.445,3.685,,0.053,0.078,0.134,0.332,0,0,0
217.9,monitoring,,0,0.0,0.0,0,10.445,3.685,,0.053,0.078,0.134,0.332,0,0,0
218.0,monitoring,,0,0.0,0.0,0,10.445,3.685,,0.053,0.078,0.134,0.332,0,0,0
218.1,monitoring,,0,0.0,0.0,0,10.445,3.685,,0.053,0.078,0.134,0.332,0,0,0
218.2,monitoring,,0,0.0,0.0,0,10.445,3.685,,0.053,0.078,0.134,0.332,0,0,0
218.3,monitoring,,0,0.0,0.0,0,10.445,3.685,,0.053,0.078,0.134,0.332,0,0,0
218.4,monitoring,,0,0.0,0.0,0,10.445,3.685,,0.053,0.078,0.134,0.332,0,0,0
218.5,monitoring,,0,0.0,0.0,0,10.445,3.685,,0.053,0.078,0.134,0.332,0,0,0
218.6,monitoring,,0,0.0,0.0,0,10.445,3.685,,0.053,0.078,0.134,0.332,0,0,0
218.7,monitoring,,0,0.0,0.0,0,10.445,3.685,,0.053,0.078,0.134,0.332,0,0,0
218.8,monitoring,,0,0.0,0.0,0,10.445,3.685,,0.053,0.078,0.134,0.332,0,0,0
218.9,monitoring,,0,0.0,0.0,0,10.445,3.685,,0.053,0.078,0.134,0.332,0,0,0
219.0,monitoring,,0,0.0,0.0,0,10.445,3.685,,0.053,0.078,0.134,0.332,0,0,0
219.1,monitoring,,0,0.0,0.0,0,10.445,3.685,,0.053,0.078,0.134,0.332,0,0,0
219.2,monitoring,,0,0.0,0.0,0,10.445,3.685,,0.053,0.078,0.134,0.332,0,0,0
219.3,monitoring,,0,0.0,0.0,0,10.445,3.685,,0.053,0.078,0.134,0.332,0,0,0
219.4,monitoring,,0,0.0,0.0,0,10.445,3.685,,0.053,0.078,0.134,0.332,0,0,0
219.5,monitoring,,0,0.0,0.0,0,10.445,3.685,,0.053,0.078,0.134,0.332,0,0,0
219.6,monitoring,,0,0.0,0.0,0,10.445,3.685,,0.053,0.078,0.134,0.332,0,0,0
219.7,monitoring,,0,0.0,0.0,0,10.445,3.685,,0.053,0.078,0.134,0.332,0,0,0
219.8,monitoring,,0,0.0,0.0,0,10.445,3.685,,0.053,0.078,0.134,0.332,0,0,0
219.9,monitoring,,0,0.0,0.0,0,10.445,3.685,,0.053,0.078,0.134,0.332,0,0,0
220.0,monitoring,,0,0.0,0.0,0,10.445,3.685,,0.053,0.078,0.134,0.332,0,0,0
220.1,monitoring,,0,0.0,0.0,0,10.445,3.685,,0.053,0.078,0.134,0.332,0,0,0
220.2,monitoring,,0,0.0,0.0,0,10.445,3.685,,0.053,0.078,0.134,0.332,0,0,0
220.3,monitoring,,0,0.0,0.0,0,10.445,3.685,,0.053,0.078,0.134,0.332,0,0,0
220.4,monitoring,,0,0.0,0.0,0,10.445,3.685,,0.053,0.078,0.134,0.332,0,0,0
220.5,monitoring,,0,0.0,0.0,0,10.445,3.685,,0.053,0.078,0.134,0.332,0,0,0
220.6,monitoring,,0,0.0,0.0,0,10.445,3.685,,0.053,0.078,0.134,0.332,0,0,0
220.7,monitoring,,0,0.0,0.0,0,10.445,3.685,,0.053,0.078,0.134,0.332,0,0,0
220.8,monitoring,,0,0.0,0.0,0,10.445,3.685,,0.053,0.078,0.134,0.332,0,0,0
220.9,monitoring,,0,0.0,0.0,0,10.445,3.685,,0.053,0.078,0.134,0.332,0,0,0
221.0,monitoring,,0,0.0,0.0,0,10.445,3.685,,0.053,0.078,0.134,0.332,0,0,0
221.1,monitoring,,0,0.0,0.0,0,10.445,3.685,,0.053,0.078,0.134,0.332,0,0,0
221.2,monitoring,,0,0.0,0.0,0,10.445,3.685,,0.053,0.078,0.134,0.332,0,0,0
221.3,monitoring,,0,0.0,0.0,0,10.445,3.685,,0.053,0.078,0.134,0.332,0,0,0
221.4,monitoring,,0,0.0,0.0,0,10.445,3.685,,0.053,0.078,0.134,0.332,0,0,0
221.5,monitoring,,0,0.0,0.0,0,10.445,3.685,,0.053,0.078,0.134,0.332,0,0,0
221.6,monitoring,,0,0.0,0.0,0,10.445,3.685,,0.053,0.078,0.134,0.332,0,0,0
221.7,monitoring,,0,0.0,0.0,0,10.445,3.685,,0.053,0.078,0.134,0.332,0,0,0
221.8,monitoring,,0,0.0,0.0,0,10.445,3.685,,0.053,0.078,0.134,0.332,0,0,0
221.9,monitoring,,0,0.0,0.0,0,10.445,3.685,,0.053,0.078,0.134,0.332,0,0,0
222.0,monitoring,,0,0.0,0.0,0,10.445,3.685,,0.053,0.078,0.134,0.332,0,0,0
222.1,monitoring,,0,0.0,0.0,0,10.445,3.685,,0.053,0.078,0.134,0.332,0,0,0
222.2,monitoring,,0,0.0,0.0,0,10.445,3.685,,0.053,0.078,0.134,0.332,0,0,0
222.3,monitoring,,0,0.0,0.0,0,10.445,3.685,,0.053,0.078,0.134,0.332,0,0,0
222.4,monitoring,,0,0.0,0.0,0,10.445,3.685,,0.053,0.078,0.134,0.332,0,0,0
222.5,monitoring,,0,0.0,0.0,0,10.445,3.685,,0.053,0.078,0.134,0.332,0,0,0
222.6,monitoring,,0,0.0,0.0,0,10.445,3.685,,0.053,0.078,0.134,0.332,0,0,0
222.7,monitoring,,0,0.0,0.0,0,10.445,3.685,,0.053,0.078,0.134,0.332,0,0,0
222.8,monitoring,,0,0.0,0.0,0,10.445,3.685,,0.053,0.078,0.134,0.332,0,0,0
222.9,monitoring,,0,0.0,0.0,0,10.445,3.685,,0.053,0.078,0.134,0.332,0,0,0
223.0,monitoring,,0,0.0,0.0,0,10.445,3.685,,0.053,0.078,0.134,0.332,0,0,0
223.1,monitoring,,0,0.0,0.0,0,10.445,3.685,,0.053,0.078,0.134,0.332,0,0,0
223.2,monitoring,,0,0.0,0.0,0,10.445,3.685,,0.053,0.078,0.134,0.332,0,0,0
223.3,monitoring,,0,0.0,0.0,0,10.445,3.685,,0.053,0.078,0.134,0.332,0,0,0
223.4,monitoring,,0,0.0,0.0,0,10.445,3.685,,0.053,0.078,0.134,0.332,0,0,0
223.5,monitoring,,0,0.0,0.0,0,10.445,3.685,,0.053,0.078,0.134,0.332,0,0,0
223.6,monitoring,,0,0.0,0.0,0,10.445,3.685,,0.053,0.078,0.134,0.332,0,0,0
223.7,monitoring,,0,0.0,0.0,0,10.445,3.685,,0.053,0.078,0.134,0.332,0,0,0
223.8,monitoring,,0,0.0,0.0,0,10.445,3.685,,0.053,0.078,0.134,0.332,0,0,0
223.9,monitoring,,0,0.0,0.0,0,10.445,3.685,,0.053,0.078,0.134,0.332,0,0,0
224.0,monitoring,,0,0.0,0.0,0,10.445,3.685,,0.053,0.078,0.134,0.332,0,0,0
224.1,monitoring,,0,0.0,0.0,0,10.445,3.685,,0.053,0.078,0.134,0.332,0,0,0
224.2,monitoring,,0,0.0,0.0,0,10.445,3.685,,0.053,0.078,0.134,0.332,0,0,0
224.3,monitoring,,0,0.0,0.0,0,10.445,3.685,,0.053,0.078,0.134,0.332,0,0,0
224.4,monitoring,,0,0.0,0.0,0,10.445,3.685,,0.053,0.078,0.134,0.332,0,0,0
224.5,monitoring,,0,0.0,0.0,0,10.445,3.685,,0.053,0.078,0.134,0.332,0,0,0
224.6,monitoring,,0,0.0,0.0,0,10.445,3.685,,0.053,0.078,0.134,0.332,0,0,0
224.7,monitoring,,0,0.0,0.0,0,10.445,3.685,,0.053,0.078,0.134,0.332,0,0,0
224.8,monitoring,,0,0.0,0.0,0,10.445,3.685,,0.053,0.078,0.134,0.332,0,0,0
224.9,monitoring,,0,0.0,0.0,0,10.445,3.685,,0.053,0.078,0.134,0.332,0,0,0
225.001,monitoring,,0,0.0,0.0,0,10.445,3.685,,0.053,0.078,0.134,0.332,0,0,0
225.1,monitoring,,0,0.0,0.0,0,10.445,3.685,,0.053,0.078,0.134,0.332,0,0,0
225.2,monitoring,,0,0.0,0.0,0,10.445,3.685,,0.053,0.078,0.134,0.332,0,0,0
225.3,monitoring,,0,0.0,0.0,0,10.445,3.685,,0.053,0.078,0.134,0.332,0,0,0
225.4,monitoring,,0,0.0,0.0,0,10.445,3.685,,0.053,0.078,0.134,0.332,0,0,0
225.5,monitoring,,0,0.0,0.0,0,10.445,3.685,,0.053,0.078,0.134,0.332,0,0,0
225.6,monitoring,,0,0.0,0.0,0,10.445,3.685,,0.053,0.078,0.134,0.332,0,0,0
225.7,monitoring,,0,0.0,0.0,0,10.445,3.685,,0.053,0.078,0.134,0.332,0,0,0
225.8,monitoring,,0,0.0,0.0,0,10.445,3.685,,0.053,0.078,0.134,0.332,0,0,0
225.9,monitoring,,0,0.0,0.0,0,10.445,3.685,,0.053,0.078,0.134,0.332,0,0,0
226.0,monitoring,,0,0.0,0.0,0,10.445,3.685,,0.053,0.078,0.134,0.332,0,0,0
226.1,monitoring,,0,0.0,0.0,0,10.445,3.685,,0.053,0.078,0.134,0.332,0,0,0
226.2,monitoring,,0,0.0,0.0,0,10.445,3.685,,0.053,0.078,0.134,0.332,0,0,0
226.3,monitoring,,0,0.0,0.0,0,10.445,3.685,,0.053,0.078,0.134,0.332,0,0,0
226.4,monitoring,,0,0.0,0.0,0,10.445,3.685,,0.053,0.078,0.134,0.332,0,0,0
226.5,monitoring,,0,0.0,0.0,0,10.445,3.685,,0.053,0.078,0.134,0.332,0,0,0
226.6,monitoring,,0,0.0,0.0,0,10.445,3.685,,0.053,0.078,0.134,0.332,0,0,0
226.7,monitoring,,0,0.0,0.0,0,10.445,3.685,,0.053,0.078,0.134,0.332,0,0,0
226.8,monitoring,,0,0.0,0.0,0,10.445,3.685,,0.053,0.078,0.134,0.332,0,0,0
226.9,monitoring,,0,0.0,0.0,0,10.445,3.685,,0.053,0.078,0.134,0.332,0,0,0
227.0,monitoring,,0,0.0,0.0,0,10.445,3.685,,0.053,0.078,0.134,0.332,0,0,0
227.1,monitoring,,0,0.0,0.0,0,10.445,3.685,,0.053,0.078,0.134,0.332,0,0,0
227.2,monitoring,,0,0.0,0.0,0,10.445,3.685,,0.053,0.078,0.134,0.332,0,0,0
227.3,monitoring,,0,0.0,0.0,0,10.445,3.685,,0.053,0.078,0.134,0.332,0,0,0
227.4,monitoring,,0,0.0,0.0,0,10.445,3.685,,0.053,0.078,0.134,0.332,0,0,0
227.5,monitoring,,0,0.0,0.0,0,10.445,3.685,,0.053,0.078,0.134,0.332,0,0,0
227.6,monitoring,,0,0.0,0.0,0,10.445,3.685,,0.053,0.078,0.134,0.332,0,0,0
227.7,monitoring,,0,0.0,0.0,0,10.445,3.685,,0.053,0.078,0.134,0.332,0,0,0
227.8,monitoring,,0,0.0,0.0,0,10.445,3.685,,0.053,0.078,0.134,0.332,0,0,0
227.9,monitoring,,0,0.0,0.0,0,10.445,3.685,,0.053,0.078,0.134,0.332,0,0,0
228.0,monitoring,,0,0.0,0.0,0,10.445,3.685,,0.053,0.078,0.134,0.332,0,0,0
228.1,monitoring,,0,0.0,0.0,0,10.445,3.685,,0.053,0.078,0.134,0.332,0,0,0
228.2,monitoring,,0,0.0,0.0,0,10.445,3.685,,0.053,0.078,0.134,0.332,0,0,0
228.3,monitoring,,0,0.0,0.0,0,10.445,3.685,,0.053,0.078,0.134,0.332,0,0,0
228.4,monitoring,,0,0.0,0.0,0,10.445,3.685,,0.053,0.078,0.134,0.332,0,0,0
228.5,monitoring,,0,0.0,0.0,0,10.445,3.685,,0.053,0.078,0.134,0.332,0,0,0
228.6,monitoring,,0,0.0,0.0,0,10.445,3.685,,0.053,0.078,0.134,0.332,0,0,0
228.7,monitoring,,0,0.0,0.0,0,10.445,3.685,,0.053,0.078,0.134,0.332,0,0,0
228.8,monitoring,,0,0.0,0.0,0,10.445,3.685,,0.053,0.078,0.134,0.332,0,0,0
228.9,monitoring,,0,0.0,0.0,0,10.445,3.685,,0.053,0.078,0.134,0.332,0,0,0
229.0,monitoring,,0,0.0,0.0,0,10.445,3.685,,0.053,0.078,0.134,0.332,0,0,0
229.1,monitoring,,0,0.0,0.0,0,10.445,3.685,,0.053,0.078,0.134,0.332,0,0,0
229.2,monitoring,,0,0.0,0.0,0,10.445,3.685,,0.053,0.078,0.134,0.332,0,0,0
229.3,monitoring,,0,0.0,0.0,0,10.445,3.685,,0.053,0.078,0.134,0.332,0,0,0
229.4,monitoring,,0,0.0,0.0,0,10.445,3.685,,0.053,0.078,0.134,0.332,0,0,0
229.5,monitoring,,0,0.0,0.0,0,10.445,3.685,,0.053,0.078,0.134,0.332,0,0,0
229.6,monitoring,,0,0.0,0.0,0,10.445,3.685,,0.053,0.078,0.134,0.332,0,0,0
229.7,monitoring,,0,0.0,0.0,0,10.445,3.685,,0.053,0.078,0.134,0.332,0,0,0
229.8,monitoring,,0,0.0,0.0,0,10.445,3.685,,0.053,0.078,0.134,0.332,0,0,0
229.9,monitoring,,0,0.0,0.0,0,10.445,3.685,,0.053,0.078,0.134,0.332,0,0,0
230.0,monitoring,,0,0.0,0.0,0,10.445,3.685,,0.053,0.078,0.134,0.332,0,0,0
230.1,monitoring,,0,0.0,0.0,0,10.445,3.685,,0.053,0.078,0.134,0.332,0,0,0
230.2,monitoring,,0,0.0,0.0,0,10.445,3.685,,0.053,0.078,0.134,0.332,0,0,0
230.3,monitoring,,0,0.0,0.0,0,10.445,3.685,,0.053,0.078,0.134,0.332,0,0,0
230.4,monitoring,,0,0.0,0.0,0,10.445,3.685,,0.053,0.078,0.134,0.332,0,0,0
230.5,monitoring,,0,0.0,0.0,0,10.445,3.685,,0.053,0.078,0.134,0.332,0,0,0
230.6,monitoring,,0,0.0,0.0,0,10.445,3.685,,0.053,0.078,0.134,0.332,0,0,0
230.7,monitoring,,0,0.0,0.0,0,10.445,3.685,,0.053,0.078,0.134,0.332,0,0,0
230.8,monitoring,,0,0.0,0.0,0,10.445,3.685,,0.053,0.078,0.134,0.332,0,0,0
230.9,monitoring,,0,0.0,0.0,0,10.445,3.685,,0.053,0.078,0.134,0.332,0,0,0
231.0,monitoring,,0,0.0,0.0,0,10.445,3.685,,0.053,0.078,0.134,0.332,0,0,0
231.1,monitoring,,0,0.0,0.0,0,10.445,3.685,,0.053,0.078,0.134,0.332,0,0,0
231.2,monitoring,,0,0.0,0.0,0,10.445,3.685,,0.053,0.078,0.134,0.332,0,0,0
231.3,monitoring,,0,0.0,0.0,0,10.445,3.685,,0.053,0.078,0.134,0.332,0,0,0
231.4,monitoring,,0,0.0,0.0,0,10.445,3.685,,0.053,0.078,0.134,0.332,0,0,0
231.5,monitoring,,0,0.0,0.0,0,10.445,3.685,,0.053,0.078,0.134,0.332,0,0,0
231.6,monitoring,,0,0.0,0.0,0,10.445,3.685,,0.053,0.078,0.134,0.332,0,0,0
231.7,monitoring,,0,0.0,0.0,0,10.445,3.685,,0.053,0.078,0.134,0.332,0,0,0
231.8,monitoring,,0,0.0,0.0,0,10.445,3.685,,0.053,0.078,0.134,0.332,0,0,0
231.9,monitoring,,0,0.0,0.0,0,10.445,3.685,,0.053,0.078,0.134,0.332,0,0,0
232.0,monitoring,,0,0.0,0.0,0,10.445,3.685,,0.053,0.078,0.134,0.332,0,0,0
232.1,monitoring,,0,0.0,0.0,0,10.445,3.685,,0.053,0.078,0.134,0.332,0,0,0
232.2,monitoring,,0,0.0,0.0,0,10.445,3.685,,0.053,0.078,0.134,0.332,0,0,0
232.3,monitoring,,0,0.0,0.0,0,10.445,3.685,,0.053,0.078,0.134,0.332,0,0,0
232.4,monitoring,,0,0.0,0.0,0,10.445,3.685,,0.053,0.078,0.134,0.332,0,0,0
232.5,monitoring,,0,0.0,0.0,0,10.445,3.685,,0.053,0.078,0.134,0.332,0,0,0
232.6,monitoring,,0,0.0,0.0,0,10.445,3.685,,0.053,0.078,0.134,0.332,0,0,0
232.7,monitoring,,0,0.0,0.0,0,10.445,3.685,,0.053,0.078,0.134,0.332,0,0,0
232.8,monitoring,,0,0.0,0.0,0,10.445,3.685,,0.053,0.078,0.134,0.332,0,0,0
232.9,monitoring,,0,0.0,0.0,0,10.445,3.685,,0.053,0.078,0.134,0.332,0,0,0
233.0,monitoring,,0,0.0,0.0,0,10.445,3.685,,0.053,0.078,0.134,0.332,0,0,0
233.1,monitoring,,0,0.0,0.0,0,10.445,3.685,,0.053,0.078,0.134,0.332,0,0,0
233.2,monitoring,,0,0.0,0.0,0,10.445,3.685,,0.053,0.078,0.134,0.332,0,0,0
233.3,monitoring,,0,0.0,0.0,0,10.445,3.685,,0.053,0.078,0.134,0.332,0,0,0
233.4,monitoring,,0,0.0,0.0,0,10.445,3.685,,0.053,0.078,0.134,0.332,0,0,0
233.5,monitoring,,0,0.0,0.0,0,10.445,3.685,,0.053,0.078,0.134,0.332,0,0,0
233.6,monitoring,,0,0.0,0.0,0,10.445,3.685,,0.053,0.078,0.134,0.332,0,0,0
233.7,monitoring,,0,0.0,0.0,0,10.445,3.685,,0.053,0.078,0.134,0.332,0,0,0
233.8,monitoring,,0,0.0,0.0,0,10.445,3.685,,0.053,0.078,0.134,0.332,0,0,0
233.9,monitoring,,0,0.0,0.0,0,10.445,3.685,,0.053,0.078,0.134,0.332,0,0,0
234.0,monitoring,,0,0.0,0.0,0,10.445,3.685,,0.053,0.078,0.134,0.332,0,0,0
234.1,monitoring,,0,0.0,0.0,0,10.445,3.685,,0.053,0.078,0.134,0.332,0,0,0
234.2,monitoring,,0,0.0,0.0,0,10.445,3.685,,0.053,0.078,0.134,0.332,0,0,0
234.3,monitoring,,0,0.0,0.0,0,10.445,3.685,,0.053,0.078,0.134,0.332,0,0,0
234.4,monitoring,,0,0.0,0.0,0,10.445,3.685,,0.053,0.078,0.134,0.332,0,0,0
234.5,monitoring,,0,0.0,0.0,0,10.445,3.685,,0.053,0.078,0.134,0.332,0,0,0
234.6,monitoring,,0,0.0,0.0,0,10.445,3.685,,0.053,0.078,0.134,0.332,0,0,0
234.7,monitoring,,0,0.0,0.0,0,10.445,3.685,,0.053,0.078,0.134,0.332,0,0,0
234.8,monitoring,,0,0.0,0.0,0,10.445,3.685,,0.053,0.078,0.134,0.332,0,0,0
234.9,monitoring,,0,0.0,0.0,0,10.445,3.685,,0.053,0.078,0.134,0.332,0,0,0
235.0,monitoring,,0,0.0,0.0,0,10.445,3.685,,0.053,0.078,0.134,0.332,0,0,0
235.1,monitoring,,0,0.0,0.0,0,10.445,3.685,,0.053,0.078,0.134,0.332,0,0,0
235.2,monitoring,,0,0.0,0.0,0,10.445,3.685,,0.053,0.078,0.134,0.332,0,0,0
235.3,monitoring,,0,0.0,0.0,0,10.445,3.685,,0.053,0.078,0.134,0.332,0,0,0
235.4,monitoring,,0,0.0,0.0,0,10.445,3.685,,0.053,0.078,0.134,0.332,0,0,0
235.5,monitoring,,0,0.0,0.0,0,10.445,3.685,,0.053,0.078,0.134,0.332,0,0,0
235.6,monitoring,,0,0.0,0.0,0,10.445,3.685,,0.053,0.078,0.134,0.332,0,0,0
235.7,monitoring,,0,0.0,0.0,0,10.445,3.685,,0.053,0.078,0.134,0.332,0,0,0
235.8,monitoring,,0,0.0,0.0,0,10.445,3.685,,0.053,0.078,0.134,0.332,0,0,0
235.9,monitoring,,0,0.0,0.0,0,10.445,3.685,,0.053,0.078,0.134,0.332,0,0,0
236.0,monitoring,,0,0.0,0.0,0,10.445,3.685,,0.053,0.078,0.134,0.332,0,0,0
236.1,monitoring,,0,0.0,0.0,0,10.445,3.685,,0.053,0.078,0.134,0.332,0,0,0
236.2,monitoring,,0,0.0,0.0,0,10.445,3.685,,0.053,0.078,0.134,0.332,0,0,0
236.3,monitoring,,0,0.0,0.0,0,10.445,3.685,,0.053,0.078,0.134,0.332,0,0,0
236.4,monitoring,,0,0.0,0.0,0,10.445,3.685,,0.053,0.078,0.134,0.332,0,0,0
236.5,monitoring,,0,0.0,0.0,0,10.445,3.685,,0.053,0.078,0.134,0.332,0,0,0
236.6,monitoring,,0,0.0,0.0,0,10.445,3.685,,0.053,0.078,0.134,0.332,0,0,0
236.7,monitoring,,0,0.0,0.0,0,10.445,3.685,,0.053,0.078,0.134,0.332,0,0,0
236.8,monitoring,,0,0.0,0.0,0,10.445,3.685,,0.053,0.078,0.134,0.332,0,0,0
236.9,monitoring,,0,0.0,0.0,0,10.445,3.685,,0.053,0.078,0.134,0.332,0,0,0
237.0,monitoring,,0,0.0,0.0,0,10.445,3.685,,0.053,0.078,0.134,0.332,0,0,0
237.1,monitoring,,0,0.0,0.0,0,10.445,3.685,,0.053,0.078,0.134,0.332,0,0,0
237.2,monitoring,,0,0.0,0.0,0,10.445,3.685,,0.053,0.078,0.134,0.332,0,0,0
237.3,monitoring,,0,0.0,0.0,0,10.445,3.685,,0.053,0.078,0.134,0.332,0,0,0
237.4,monitoring,,0,0.0,0.0,0,10.445,3.685,,0.053,0.078,0.134,0.332,0,0,0
237.5,monitoring,,0,0.0,0.0,0,10.445,3.685,,0.053,0.078,0.134,0.332,0,0,0
237.6,monitoring,,0,0.0,0.0,0,10.445,3.685,,0.053,0.078,0.134,0.332,0,0,0
237.7,monitoring,,0,0.0,0.0,0,10.445,3.685,,0.053,0.078,0.134,0.332,0,0,0
237.8,monitoring,,0,0.0,0.0,0,10.445,3.685,,0.053,0.078,0.134,0.332,0,0,0
237.9,monitoring,,0,0.0,0.0,0,10.445,3.685,,0.053,0.078,0.134,0.332,0,0,0
238.0,monitoring,,0,0.0,0.0,0,10.445,3.685,,0.053,0.078,0.134,0.332,0,0,0
238.1,monitoring,,0,0.0,0.0,0,10.445,3.685,,0.053,0.078,0.134,0.332,0,0,0
238.2,monitoring,,0,0.0,0.0,0,10.445,3.685,,0.053,0.078,0.134,0.332,0,0,0
238.3,monitoring,,0,0.0,0.0,0,10.445,3.685,,0.053,0.078,0.134,0.332,0,0,0
238.4,monitoring,,0,0.0,0.0,0,10.445,3.685,,0.053,0.078,0.134,0.332,0,0,0
238.5,monitoring,,0,0.0,0.0,0,10.445,3.685,,0.053,0.078,0.134,0.332,0,0,0
238.6,monitoring,,0,0.0,0.0,0,10.445,3.685,,0.053,0.078,0.134,0.332,0,0,0
238.7,monitoring,,0,0.0,0.0,0,10.445,3.685,,0.053,0.078,0.134,0.332,0,0,0
238.8,monitoring,,0,0.0,0.0,0,10.445,3.685,,0.053,0.078,0.134,0.332,0,0,0
238.9,monitoring,,0,0.0,0.0,0,10.445,3.685,,0.053,0.078,0.134,0.332,0,0,0
239.0,monitoring,,0,0.0,0.0,0,10.445,3.685,,0.053,0.078,0.134,0.332,0,0,0
239.1,monitoring,,0,0.0,0.0,0,10.445,3.685,,0.053,0.078,0.134,0.332,0,0,0
239.2,monitoring,,0,0.0,0.0,0,10.445,3.685,,0.053,0.078,0.134,0.332,0,0,0
239.3,monitoring,,0,0.0,0.0,0,10.445,3.685,,0.053,0.078,0.134,0.332,0,0,0
239.4,monitoring,,0,0.0,0.0,0,10.445,3.685,,0.053,0.078,0.134,0.332,0,0,0
239.5,monitoring,,0,0.0,0.0,0,10.445,3.685,,0.053,0.078,0.134,0.332,0,0,0
239.6,monitoring,,0,0.0,0.0,0,10.445,3.685,,0.053,0.078,0.134,0.332,0,0,0
239.7,monitoring,,0,0.0,0.0,0,10.445,3.685,,0.053,0.078,0.134,0.332,0,0,0
239.8,monitoring,,0,0.0,0.0,0,10.445,3.685,,0.053,0.078,0.134,0.332,0,0,0
239.9,monitoring,,0,0.0,0.0,0,10.445,3.685,,0.053,0.078,0.134,0.332,0,0,0
240.0,monitoring,,0,0.0,0.0,0,10.445,3.685,,0.053,0.078,0.134,0.332,0,0,0
240.1,monitoring,,0,0.0,0.0,0,10.445,3.685,,0.053,0.078,0.134,0.332,0,0,0
240.2,monitoring,,0,0.0,0.0,0,10.445,3.685,,0.053,0.078,0.134,0.332,0,0,0
240.3,monitoring,,0,0.0,0.0,0,10.445,3.685,,0.053,0.078,0.134,0.332,0,0,0
240.4,monitoring,,0,0.0,0.0,0,10.445,3.685,,0.053,0.078,0.134,0.332,0,0,0
240.5,monitoring,,0,0.0,0.0,0,10.445,3.685,,0.053,0.078,0.134,0.332,0,0,0
240.6,monitoring,,0,0.0,0.0,0,10.445,3.685,,0.053,0.078,0.134,0.332,0,0,0
240.7,monitoring,,0,0.0,0.0,0,10.445,3.685,,0.053,0.078,0.134,0.332,0,0,0
240.8,monitoring,,0,0.0,0.0,0,10.445,3.685,,0.053,0.078,0.134,0.332,0,0,0
240.9,monitoring,,0,0.0,0.0,0,10.445,3.685,,0.053,0.078,0.134,0.332,0,0,0
241.0,monitoring,,0,0.0,0.0,0,10.445,3.685,,0.053,0.078,0.134,0.332,0,0,0
241.1,monitoring,,0,0.0,0.0,0,10.445,3.685,,0.053,0.078,0.134,0.332,0,0,0
241.2,monitoring,,0,0.0,0.0,0,10.445,3.685,,0.053,0.078,0.134,0.332,0,0,0
241.3,monitoring,,0,0.0,0.0,0,10.445,3.685,,0.053,0.078,0.134,0.332,0,0,0
241.4,monitoring,,0,0.0,0.0,0,10.445,3.685,,0.053,0.078,0.134,0.332,0,0,0
241.5,monitoring,,0,0.0,0.0,0,10.445,3.685,,0.053,0.078,0.134,0.332,0,0,0
241.6,monitoring,,0,0.0,0.0,0,10.445,3.685,,0.053,0.078,0.134,0.332,0,0,0
241.7,monitoring,,0,0.0,0.0,0,10.445,3.685,,0.053,0.078,0.134,0.332,0,0,0
241.8,monitoring,,0,0.0,0.0,0,10.445,3.685,,0.053,0.078,0.134,0.332,0,0,0
241.9,monitoring,,0,0.0,0.0,0,10.445,3.685,,0.053,0.078,0.134,0.332,0,0,0
242.0,monitoring,,0,0.0,0.0,0,10.445,3.685,,0.053,0.078,0.134,0.332,0,0,0
242.1,monitoring,,0,0.0,0.0,0,10.445,3.685,,0.053,0.078,0.134,0.332,0,0,0
242.2,monitoring,,0,0.0,0.0,0,10.445,3.685,,0.053,0.078,0.134,0.332,0,0,0
242.3,monitoring,,0,0.0,0.0,0,10.445,3.685,,0.053,0.078,0.134,0.332,0,0,0
242.4,monitoring,,0,0.0,0.0,0,10.445,3.685,,0.053,0.078,0.134,0.332,0,0,0
242.5,monitoring,,0,0.0,0.0,0,10.445,3.685,,0.053,0.078,0.134,0.332,0,0,0
242.6,monitoring,,0,0.0,0.0,0,10.445,3.685,,0.053,0.078,0.134,0.332,0,0,0
242.7,monitoring,,0,0.0,0.0,0,10.445,3.685,,0.053,0.078,0.134,0.332,0,0,0
242.8,monitoring,,0,0.0,0.0,0,10.445,3.685,,0.053,0.078,0.134,0.332,0,0,0
242.9,monitoring,,0,0.0,0.0,0,10.445,3.685,,0.053,0.078,0.134,0.332,0,0,0
243.0,monitoring,,0,0.0,0.0,0,10.445,3.685,,0.053,0.078,0.134,0.332,0,0,0
243.1,monitoring,,0,0.0,0.0,0,10.445,3.685,,0.053,0.078,0.134,0.332,0,0,0
243.2,monitoring,,0,0.0,0.0,0,10.445,3.685,,0.053,0.078,0.134,0.332,0,0,0
243.3,monitoring,,0,0.0,0.0,0,10.445,3.685,,0.053,0.078,0.134,0.332,0,0,0
243.4,monitoring,,0,0.0,0.0,0,10.445,3.685,,0.053,0.078,0.134,0.332,0,0,0
243.5,monitoring,,0,0.0,0.0,0,10.445,3.685,,0.053,0.078,0.134,0.332,0,0,0
243.6,monitoring,,0,0.0,0.0,0,10.445,3.685,,0.053,0.078,0.134,0.332,0,0,0
243.7,monitoring,,0,0.0,0.0,0,10.445,3.685,,0.053,0.078,0.134,0.332,0,0,0
243.8,monitoring,,0,0.0,0.0,0,10.445,3.685,,0.053,0.078,0.134,0.332,0,0,0
243.9,monitoring,,0,0.0,0.0,0,10.445,3.685,,0.053,0.078,0.134,0.332,0,0,0
244.0,monitoring,,0,0.0,0.0,0,10.445,3.685,,0.053,0.078,0.134,0.332,0,0,0
244.1,monitoring,,0,0.0,0.0,0,10.445,3.685,,0.053,0.078,0.134,0.332,0,0,0
244.2,monitoring,,0,0.0,0.0,0,10.445,3.685,,0.053,0.078,0.134,0.332,0,0,0
244.3,monitoring,,0,0.0,0.0,0,10.445,3.685,,0.053,0.078,0.134,0.332,0,0,0
244.4,monitoring,,0,0.0,0.0,0,10.445,3.685,,0.053,0.078,0.134,0.332,0,0,0
244.5,monitoring,,0,0.0,0.0,0,10.445,3.685,,0.053,0.078,0.134,0.332,0,0,0
244.6,monitoring,,0,0.0,0.0,0,10.445,3.685,,0.053,0.078,0.134,0.332,0,0,0
244.7,monitoring,,0,0.0,0.0,0,10.445,3.685,,0.053,0.078,0.134,0.332,0,0,0
244.8,monitoring,,0,0.0,0.0,0,10.445,3.685,,0.053,0.078,0.134,0.332,0,0,0
244.9,monitoring,,0,0.0,0.0,0,10.445,3.685,,0.053,0.078,0.134,0.332,0,0,0
245.0,monitoring,,0,0.0,0.0,0,10.445,3.685,,0.053,0.078,0.134,0.332,0,0,0
245.1,monitoring,,0,0.0,0.0,0,10.445,3.685,,0.053,0.078,0.134,0.332,0,0,0
245.2,monitoring,,0,0.0,0.0,0,10.445,3.685,,0.053,0.078,0.134,0.332,0,0,0
245.301,monitoring,,0,0.0,0.0,0,10.445,3.685,,0.053,0.078,0.134,0.332,0,0,0
245.4,monitoring,,0,0.0,0.0,0,10.445,3.685,,0.053,0.078,0.134,0.332,0,0,0
245.5,monitoring,,0,0.0,0.0,0,10.445,3.685,,0.053,0.078,0.134,0.332,0,0,0
245.6,monitoring,,0,0.0,0.0,0,10.445,3.685,,0.053,0.078,0.134,0.332,0,0,0
245.7,monitoring,,0,0.0,0.0,0,10.445,3.685,,0.053,0.078,0.134,0.332,0,0,0
245.8,monitoring,,0,0.0,0.0,0,10.445,3.685,,0.053,0.078,0.134,0.332,0,0,0
245.9,monitoring,,0,0.0,0.0,0,10.445,3.685,,0.053,0.078,0.134,0.332,0,0,0
246.0,monitoring,,0,0.0,0.0,0,10.445,3.685,,0.053,0.078,0.134,0.332,0,0,0
246.1,monitoring,,0,0.0,0.0,0,10.445,3.685,,0.053,0.078,0.134,0.332,0,0,0
246.2,monitoring,,0,0.0,0.0,0,10.445,3.685,,0.053,0.078,0.134,0.332,0,0,0
246.3,monitoring,,0,0.0,0.0,0,10.445,3.685,,0.053,0.078,0.134,0.332,0,0,0
246.4,monitoring,,0,0.0,0.0,0,10.445,3.685,,0.053,0.078,0.134,0.332,0,0,0
246.5,monitoring,,0,0.0,0.0,0,10.445,3.685,,0.053,0.078,0.134,0.332,0,0,0
246.6,monitoring,,0,0.0,0.0,0,10.445,3.685,,0.053,0.078,0.134,0.332,0,0,0
246.7,monitoring,,0,0.0,0.0,0,10.445,3.685,,0.053,0.078,0.134,0.332,0,0,0
246.8,monitoring,,0,0.0,0.0,0,10.445,3.685,,0.053,0.078,0.134,0.332,0,0,0
246.9,monitoring,,0,0.0,0.0,0,10.445,3.685,,0.053,0.078,0.134,0.332,0,0,0
247.0,monitoring,,0,0.0,0.0,0,10.445,3.685,,0.053,0.078,0.134,0.332,0,0,0
247.1,monitoring,,0,0.0,0.0,0,10.445,3.685,,0.053,0.078,0.134,0.332,0,0,0
247.2,monitoring,,0,0.0,0.0,0,10.445,3.685,,0.053,0.078,0.134,0.332,0,0,0
247.3,monitoring,,0,0.0,0.0,0,10.445,3.685,,0.053,0.078,0.134,0.332,0,0,0
247.4,monitoring,,0,0.0,0.0,0,10.445,3.685,,0.053,0.078,0.134,0.332,0,0,0
247.5,monitoring,,0,0.0,0.0,0,10.445,3.685,,0.053,0.078,0.134,0.332,0,0,0
247.6,monitoring,,0,0.0,0.0,0,10.445,3.685,,0.053,0.078,0.134,0.332,0,0,0
247.7,monitoring,,0,0.0,0.0,0,10.445,3.685,,0.053,0.078,0.134,0.332,0,0,0
247.8,monitoring,,0,0.0,0.0,0,10.445,3.685,,0.053,0.078,0.134,0.332,0,0,0
247.9,monitoring,,0,0.0,0.0,0,10.445,3.685,,0.053,0.078,0.134,0.332,0,0,0
248.0,monitoring,,0,0.0,0.0,0,10.445,3.685,,0.053,0.078,0.134,0.332,0,0,0
248.1,monitoring,,0,0.0,0.0,0,10.445,3.685,,0.053,0.078,0.134,0.332,0,0,0
248.2,monitoring,,0,0.0,0.0,0,10.445,3.685,,0.053,0.078,0.134,0.332,0,0,0
248.3,monitoring,,0,0.0,0.0,0,10.445,3.685,,0.053,0.078,0.134,0.332,0,0,0
248.4,monitoring,,0,0.0,0.0,0,10.445,3.685,,0.053,0.078,0.134,0.332,0,0,0
248.5,monitoring,,0,0.0,0.0,0,10.445,3.685,,0.053,0.078,0.134,0.332,0,0,0
248.6,monitoring,,0,0.0,0.0,0,10.445,3.685,,0.053,0.078,0.134,0.332,0,0,0
248.7,monitoring,,0,0.0,0.0,0,10.445,3.685,,0.053,0.078,0.134,0.332,0,0,0
248.8,monitoring,,0,0.0,0.0,0,10.445,3.685,,0.053,0.078,0.134,0.332,0,0,0
248.9,monitoring,,0,0.0,0.0,0,10.445,3.685,,0.053,0.078,0.134,0.332,0,0,0
249.0,monitoring,,0,0.0,0.0,0,10.445,3.685,,0.053,0.078,0.134,0.332,0,0,0
249.1,monitoring,,0,0.0,0.0,0,10.445,3.685,,0.053,0.078,0.134,0.332,0,0,0
249.2,monitoring,,0,0.0,0.0,0,10.445,3.685,,0.053,0.078,0.134,0.332,0,0,0
249.3,monitoring,,0,0.0,0.0,0,10.445,3.685,,0.053,0.078,0.134,0.332,0,0,0
249.4,monitoring,,0,0.0,0.0,0,10.445,3.685,,0.053,0.078,0.134,0.332,0,0,0
249.5,monitoring,,0,0.0,0.0,0,10.445,3.685,,0.053,0.078,0.134,0.332,0,0,0
249.6,monitoring,,0,0.0,0.0,0,10.445,3.685,,0.053,0.078,0.134,0.332,0,0,0
249.7,monitoring,,0,0.0,0.0,0,10.445,3.685,,0.053,0.078,0.134,0.332,0,0,0
249.8,monitoring,,0,0.0,0.0,0,10.445,3.685,,0.053,0.078,0.134,0.332,0,0,0
249.9,monitoring,,0,0.0,0.0,0,10.445,3.685,,0.053,0.078,0.134,0.332,0,0,0
250.0,monitoring,,0,0.0,0.0,0,10.445,3.685,,0.053,0.078,0.134,0.332,0,0,0
250.1,monitoring,,0,0.0,0.0,0,10.445,3.685,,0.053,0.078,0.134,0.332,0,0,0
250.2,monitoring,,0,0.0,0.0,0,10.445,3.685,,0.053,0.078,0.134,0.332,0,0,0
250.3,monitoring,,0,0.0,0.0,0,10.445,3.685,,0.053,0.078,0.134,0.332,0,0,0
250.4,monitoring,,0,0.0,0.0,0,10.445,3.685,,0.053,0.078,0.134,0.332,0,0,0
250.5,monitoring,,0,0.0,0.0,0,10.445,3.685,,0.053,0.078,0.134,0.332,0,0,0
250.6,monitoring,,0,0.0,0.0,0,10.445,3.685,,0.053,0.078,0.134,0.332,0,0,0
250.7,monitoring,,0,0.0,0.0,0,10.445,3.685,,0.053,0.078,0.134,0.332,0,0,0
250.8,monitoring,,0,0.0,0.0,0,10.445,3.685,,0.053,0.078,0.134,0.332,0,0,0
250.9,monitoring,,0,0.0,0.0,0,10.445,3.685,,0.053,0.078,0.134,0.332,0,0,0
251.0,monitoring,,0,0.0,0.0,0,10.445,3.685,,0.053,0.078,0.134,0.332,0,0,0
251.1,monitoring,,0,0.0,0.0,0,10.445,3.685,,0.053,0.078,0.134,0.332,0,0,0
251.201,monitoring,,0,0.0,0.0,0,10.445,3.685,,0.053,0.078,0.134,0.332,0,0,0
251.201,monitoring,,0,0.0,0.0,0,10.445,3.685,,0.053,0.078,0.134,0.332,0,0,0
251.4,monitoring,,0,0.0,0.0,0,10.445,3.685,,0.053,0.078,0.134,0.332,0,0,0
251.5,monitoring,,0,0.0,0.0,0,10.445,3.685,,0.053,0.078,0.134,0.332,0,0,0
251.6,monitoring,,0,0.0,0.0,0,10.445,3.685,,0.053,0.078,0.134,0.332,0,0,0
251.7,monitoring,,0,0.0,0.0,0,10.445,3.685,,0.053,0.078,0.134,0.332,0,0,0
251.8,monitoring,,0,0.0,0.0,0,10.445,3.685,,0.053,0.078,0.134,0.332,0,0,0
251.9,monitoring,,0,0.0,0.0,0,10.445,3.685,,0.053,0.078,0.134,0.332,0,0,0
252.0,monitoring,,0,0.0,0.0,0,10.445,3.685,,0.053,0.078,0.134,0.332,0,0,0
252.1,monitoring,,0,0.0,0.0,0,10.445,3.685,,0.053,0.078,0.134,0.332,0,0,0
252.2,monitoring,,0,0.0,0.0,0,10.445,3.685,,0.053,0.078,0.134,0.332,0,0,0
252.3,monitoring,,0,0.0,0.0,0,10.445,3.685,,0.053,0.078,0.134,0.332,0,0,0
252.4,monitoring,,0,0.0,0.0,0,10.445,3.685,,0.053,0.078,0.134,0.332,0,0,0
252.5,monitoring,,0,0.0,0.0,0,10.445,3.685,,0.053,0.078,0.134,0.332,0,0,0
252.6,monitoring,,0,0.0,0.0,0,10.445,3.685,,0.053,0.078,0.134,0.332,0,0,0
252.7,monitoring,,0,0.0,0.0,0,10.445,3.685,,0.053,0.078,0.134,0.332,0,0,0
252.8,monitoring,,0,0.0,0.0,0,10.445,3.685,,0.053,0.078,0.134,0.332,0,0,0
252.9,monitoring,,0,0.0,0.0,0,10.445,3.685,,0.053,0.078,0.134,0.332,0,0,0
253.0,monitoring,,0,0.0,0.0,0,10.445,3.685,,0.053,0.078,0.134,0.332,0,0,0
253.1,monitoring,,0,0.0,0.0,0,10.445,3.685,,0.053,0.078,0.134,0.332,0,0,0
253.2,monitoring,,0,0.0,0.0,0,10.445,3.685,,0.053,0.078,0.134,0.332,0,0,0
253.3,monitoring,,0,0.0,0.0,0,10.445,3.685,,0.053,0.078,0.134,0.332,0,0,0
253.4,monitoring,,0,0.0,0.0,0,10.445,3.685,,0.053,0.078,0.134,0.332,0,0,0
253.5,monitoring,,0,0.0,0.0,0,10.445,3.685,,0.053,0.078,0.134,0.332,0,0,0
253.6,monitoring,,0,0.0,0.0,0,10.445,3.685,,0.053,0.078,0.134,0.332,0,0,0
253.7,monitoring,,0,0.0,0.0,0,10.445,3.685,,0.053,0.078,0.134,0.332,0,0,0
253.8,monitoring,,0,0.0,0.0,0,10.445,3.685,,0.053,0.078,0.134,0.332,0,0,0
253.9,monitoring,,0,0.0,0.0,0,10.445,3.685,,0.053,0.078,0.134,0.332,0,0,0
254.0,monitoring,,0,0.0,0.0,0,10.445,3.685,,0.053,0.078,0.134,0.332,0,0,0
254.1,monitoring,,0,0.0,0.0,0,10.445,3.685,,0.053,0.078,0.134,0.332,0,0,0
254.2,monitoring,,0,0.0,0.0,0,10.445,3.685,,0.053,0.078,0.134,0.332,0,0,0
254.3,monitoring,,0,0.0,0.0,0,10.445,3.685,,0.053,0.078,0.134,0.332,0,0,0
254.4,monitoring,,0,0.0,0.0,0,10.445,3.685,,0.053,0.078,0.134,0.332,0,0,0
254.5,monitoring,,0,0.0,0.0,0,10.445,3.685,,0.053,0.078,0.134,0.332,0,0,0
254.6,monitoring,,0,0.0,0.0,0,10.445,3.685,,0.053,0.078,0.134,0.332,0,0,0
254.7,monitoring,,0,0.0,0.0,0,10.445,3.685,,0.053,0.078,0.134,0.332,0,0,0
254.8,monitoring,,0,0.0,0.0,0,10.445,3.685,,0.053,0.078,0.134,0.332,0,0,0
254.9,monitoring,,0,0.0,0.0,0,10.445,3.685,,0.053,0.078,0.134,0.332,0,0,0
255.0,monitoring,,0,0.0,0.0,0,10.445,3.685,,0.053,0.078,0.134,0.332,0,0,0
255.1,monitoring,,0,0.0,0.0,0,10.445,3.685,,0.053,0.078,0.134,0.332,0,0,0
255.2,monitoring,,0,0.0,0.0,0,10.445,3.685,,0.053,0.078,0.134,0.332,0,0,0
255.3,monitoring,,0,0.0,0.0,0,10.445,3.685,,0.053,0.078,0.134,0.332,0,0,0
255.4,monitoring,,0,0.0,0.0,0,10.445,3.685,,0.053,0.078,0.134,0.332,0,0,0
255.5,monitoring,,0,0.0,0.0,0,10.445,3.685,,0.053,0.078,0.134,0.332,0,0,0
255.6,monitoring,,0,0.0,0.0,0,10.445,3.685,,0.053,0.078,0.134,0.332,0,0,0
255.7,monitoring,,0,0.0,0.0,0,10.445,3.685,,0.053,0.078,0.134,0.332,0,0,0
255.8,monitoring,,0,0.0,0.0,0,10.445,3.685,,0.053,0.078,0.134,0.332,0,0,0
255.9,monitoring,,0,0.0,0.0,0,10.445,3.685,,0.053,0.078,0.134,0.332,0,0,0
256.0,monitoring,,0,0.0,0.0,0,10.445,3.685,,0.053,0.078,0.134,0.332,0,0,0
256.1,monitoring,,0,0.0,0.0,0,10.445,3.685,,0.053,0.078,0.134,0.332,0,0,0
256.2,monitoring,,0,0.0,0.0,0,10.445,3.685,,0.053,0.078,0.134,0.332,0,0,0
256.3,monitoring,,0,0.0,0.0,0,10.445,3.685,,0.053,0.078,0.134,0.332,0,0,0
256.4,monitoring,,0,0.0,0.0,0,10.445,3.685,,0.053,0.078,0.134,0.332,0,0,0
256.5,monitoring,,0,0.0,0.0,0,10.445,3.685,,0.053,0.078,0.134,0.332,0,0,0
256.6,monitoring,,0,0.0,0.0,0,10.445,3.685,,0.053,0.078,0.134,0.332,0,0,0
256.7,monitoring,,0,0.0,0.0,0,10.445,3.685,,0.053,0.078,0.134,0.332,0,0,0
256.8,monitoring,,0,0.0,0.0,0,10.445,3.685,,0.053,0.078,0.134,0.332,0,0,0
256.9,monitoring,,0,0.0,0.0,0,10.445,3.685,,0.053,0.078,0.134,0.332,0,0,0
257.0,monitoring,,0,0.0,0.0,0,10.445,3.685,,0.053,0.078,0.134,0.332,0,0,0
257.1,monitoring,,0,0.0,0.0,0,10.445,3.685,,0.053,0.078,0.134,0.332,0,0,0
257.2,monitoring,,0,0.0,0.0,0,10.445,3.685,,0.053,0.078,0.134,0.332,0,0,0
257.3,monitoring,,0,0.0,0.0,0,10.445,3.685,,0.053,0.078,0.134,0.332,0,0,0
257.4,monitoring,,0,0.0,0.0,0,10.445,3.685,,0.053,0.078,0.134,0.332,0,0,0
257.5,monitoring,,0,0.0,0.0,0,10.445,3.685,,0.053,0.078,0.134,0.332,0,0,0
257.6,monitoring,,0,0.0,0.0,0,10.445,3.685,,0.053,0.078,0.134,0.332,0,0,0
257.7,monitoring,,0,0.0,0.0,0,10.445,3.685,,0.053,0.078,0.134,0.332,0,0,0
257.8,monitoring,,0,0.0,0.0,0,10.445,3.685,,0.053,0.078,0.134,0.332,0,0,0
257.9,monitoring,,0,0.0,0.0,0,10.445,3.685,,0.053,0.078,0.134,0.332,0,0,0
258.0,monitoring,,0,0.0,0.0,0,10.445,3.685,,0.053,0.078,0.134,0.332,0,0,0
258.1,monitoring,,0,0.0,0.0,0,10.445,3.685,,0.053,0.078,0.134,0.332,0,0,0
258.2,monitoring,,0,0.0,0.0,0,10.445,3.685,,0.053,0.078,0.134,0.332,0,0,0
258.3,monitoring,,0,0.0,0.0,0,10.445,3.685,,0.053,0.078,0.134,0.332,0,0,0
258.4,monitoring,,0,0.0,0.0,0,10.445,3.685,,0.053,0.078,0.134,0.332,0,0,0
258.5,monitoring,,0,0.0,0.0,0,10.445,3.685,,0.053,0.078,0.134,0.332,0,0,0
258.6,monitoring,,0,0.0,0.0,0,10.445,3.685,,0.053,0.078,0.134,0.332,0,0,0
258.7,monitoring,,0,0.0,0.0,0,10.445,3.685,,0.053,0.078,0.134,0.332,0,0,0
258.8,monitoring,,0,0.0,0.0,0,10.445,3.685,,0.053,0.078,0.134,0.332,0,0,0
258.9,monitoring,,0,0.0,0.0,0,10.445,3.685,,0.053,0.078,0.134,0.332,0,0,0
259.0,monitoring,,0,0.0,0.0,0,10.445,3.685,,0.053,0.078,0.134,0.332,0,0,0
259.1,monitoring,,0,0.0,0.0,0,10.445,3.685,,0.053,0.078,0.134,0.332,0,0,0
259.2,monitoring,,0,0.0,0.0,0,10.445,3.685,,0.053,0.078,0.134,0.332,0,0,0
259.3,monitoring,,0,0.0,0.0,0,10.445,3.685,,0.053,0.078,0.134,0.332,0,0,0
259.4,monitoring,,0,0.0,0.0,0,10.445,3.685,,0.053,0.078,0.134,0.332,0,0,0
259.5,monitoring,,0,0.0,0.0,0,10.445,3.685,,0.053,0.078,0.134,0.332,0,0,0
259.6,monitoring,,0,0.0,0.0,0,10.445,3.685,,0.053,0.078,0.134,0.332,0,0,0
259.7,monitoring,,0,0.0,0.0,0,10.445,3.685,,0.053,0.078,0.134,0.332,0,0,0
259.8,monitoring,,0,0.0,0.0,0,10.445,3.685,,0.053,0.078,0.134,0.332,0,0,0
259.9,monitoring,,0,0.0,0.0,0,10.445,3.685,,0.053,0.078,0.134,0.332,0,0,0
260.0,monitoring,,0,0.0,0.0,0,10.445,3.685,,0.053,0.078,0.134,0.332,0,0,0
260.1,monitoring,,0,0.0,0.0,0,10.445,3.685,,0.053,0.078,0.134,0.332,0,0,0
260.2,monitoring,,0,0.0,0.0,0,10.445,3.685,,0.053,0.078,0.134,0.332,0,0,0
260.3,monitoring,,0,0.0,0.0,0,10.445,3.685,,0.053,0.078,0.134,0.332,0,0,0
260.4,monitoring,,0,0.0,0.0,0,10.445,3.685,,0.053,0.078,0.134,0.332,0,0,0
260.5,monitoring,,0,0.0,0.0,0,10.445,3.685,,0.053,0.078,0.134,0.332,0,0,0
260.6,monitoring,,0,0.0,0.0,0,10.445,3.685,,0.053,0.078,0.134,0.332,0,0,0
260.7,monitoring,,0,0.0,0.0,0,10.445,3.685,,0.053,0.078,0.134,0.332,0,0,0
260.8,monitoring,,0,0.0,0.0,0,10.445,3.685,,0.053,0.078,0.134,0.332,0,0,0
260.9,monitoring,,0,0.0,0.0,0,10.445,3.685,,0.053,0.078,0.134,0.332,0,0,0
261.0,monitoring,,0,0.0,0.0,0,10.445,3.685,,0.053,0.078,0.134,0.332,0,0,0
261.1,monitoring,,0,0.0,0.0,0,10.445,3.685,,0.053,0.078,0.134,0.332,0,0,0
261.2,monitoring,,0,0.0,0.0,0,10.445,3.685,,0.053,0.078,0.134,0.332,0,0,0
261.3,monitoring,,0,0.0,0.0,0,10.445,3.685,,0.053,0.078,0.134,0.332,0,0,0
261.4,monitoring,,0,0.0,0.0,0,10.445,3.685,,0.053,0.078,0.134,0.332,0,0,0
261.5,monitoring,,0,0.0,0.0,0,10.445,3.685,,0.053,0.078,0.134,0.332,0,0,0
261.6,monitoring,,0,0.0,0.0,0,10.445,3.685,,0.053,0.078,0.134,0.332,0,0,0
261.7,monitoring,,0,0.0,0.0,0,10.445,3.685,,0.053,0.078,0.134,0.332,0,0,0
261.8,monitoring,,0,0.0,0.0,0,10.445,3.685,,0.053,0.078,0.134,0.332,0,0,0
261.9,monitoring,,0,0.0,0.0,0,10.445,3.685,,0.053,0.078,0.134,0.332,0,0,0
262.0,monitoring,,0,0.0,0.0,0,10.445,3.685,,0.053,0.078,0.134,0.332,0,0,0
262.1,monitoring,,0,0.0,0.0,0,10.445,3.685,,0.053,0.078,0.134,0.332,0,0,0
262.2,monitoring,,0,0.0,0.0,0,10.445,3.685,,0.053,0.078,0.134,0.332,0,0,0
262.3,monitoring,,0,0.0,0.0,0,10.445,3.685,,0.053,0.078,0.134,0.332,0,0,0
262.4,monitoring,,0,0.0,0.0,0,10.445,3.685,,0.053,0.078,0.134,0.332,0,0,0
262.5,monitoring,,0,0.0,0.0,0,10.445,3.685,,0.053,0.078,0.134,0.332,0,0,0
262.6,monitoring,,0,0.0,0.0,0,10.445,3.685,,0.053,0.078,0.134,0.332,0,0,0
262.7,monitoring,,0,0.0,0.0,0,10.445,3.685,,0.053,0.078,0.134,0.332,0,0,0
262.8,monitoring,,0,0.0,0.0,0,10.445,3.685,,0.053,0.078,0.134,0.332,0,0,0
262.9,monitoring,,0,0.0,0.0,0,10.445,3.685,,0.053,0.078,0.134,0.332,0,0,0
263.0,monitoring,,0,0.0,0.0,0,10.445,3.685,,0.053,0.078,0.134,0.332,0,0,0
263.1,monitoring,,0,0.0,0.0,0,10.445,3.685,,0.053,0.078,0.134,0.332,0,0,0
263.2,monitoring,,0,0.0,0.0,0,10.445,3.685,,0.053,0.078,0.134,0.332,0,0,0
263.3,monitoring,,0,0.0,0.0,0,10.445,3.685,,0.053,0.078,0.134,0.332,0,0,0
263.4,monitoring,,0,0.0,0.0,0,10.445,3.685,,0.053,0.078,0.134,0.332,0,0,0
263.5,monitoring,,0,0.0,0.0,0,10.445,3.685,,0.053,0.078,0.134,0.332,0,0,0
263.6,monitoring,,0,0.0,0.0,0,10.445,3.685,,0.053,0.078,0.134,0.332,0,0,0
263.7,monitoring,,0,0.0,0.0,0,10.445,3.685,,0.053,0.078,0.134,0.332,0,0,0
263.8,monitoring,,0,0.0,0.0,0,10.445,3.685,,0.053,0.078,0.134,0.332,0,0,0
263.9,monitoring,,0,0.0,0.0,0,10.445,3.685,,0.053,0.078,0.134,0.332,0,0,0
264.0,monitoring,,0,0.0,0.0,0,10.445,3.685,,0.053,0.078,0.134,0.332,0,0,0
264.1,monitoring,,0,0.0,0.0,0,10.445,3.685,,0.053,0.078,0.134,0.332,0,0,0
264.2,monitoring,,0,0.0,0.0,0,10.445,3.685,,0.053,0.078,0.134,0.332,0,0,0
264.3,monitoring,,0,0.0,0.0,0,10.445,3.685,,0.053,0.078,0.134,0.332,0,0,0
264.4,monitoring,,0,0.0,0.0,0,10.445,3.685,,0.053,0.078,0.134,0.332,0,0,0
264.5,monitoring,,0,0.0,0.0,0,10.445,3.685,,0.053,0.078,0.134,0.332,0,0,0
264.6,monitoring,,0,0.0,0.0,0,10.445,3.685,,0.053,0.078,0.134,0.332,0,0,0
264.7,monitoring,,0,0.0,0.0,0,10.445,3.685,,0.053,0.078,0.134,0.332,0,0,0
264.8,monitoring,,0,0.0,0.0,0,10.445,3.685,,0.053,0.078,0.134,0.332,0,0,0
264.9,monitoring,,0,0.0,0.0,0,10.445,3.685,,0.053,0.078,0.134,0.332,0,0,0
265.0,monitoring,,0,0.0,0.0,0,10.445,3.685,,0.053,0.078,0.134,0.332,0,0,0
265.1,monitoring,,0,0.0,0.0,0,10.445,3.685,,0.053,0.078,0.134,0.332,0,0,0
265.2,monitoring,,0,0.0,0.0,0,10.445,3.685,,0.053,0.078,0.134,0.332,0,0,0
265.3,monitoring,,0,0.0,0.0,0,10.445,3.685,,0.053,0.078,0.134,0.332,0,0,0
265.4,monitoring,,0,0.0,0.0,0,10.445,3.685,,0.053,0.078,0.134,0.332,0,0,0
265.5,monitoring,,0,0.0,0.0,0,10.445,3.685,,0.053,0.078,0.134,0.332,0,0,0
265.6,monitoring,,0,0.0,0.0,0,10.445,3.685,,0.053,0.078,0.134,0.332,0,0,0
265.7,monitoring,,0,0.0,0.0,0,10.445,3.685,,0.053,0.078,0.134,0.332,0,0,0
265.8,monitoring,,0,0.0,0.0,0,10.445,3.685,,0.053,0.078,0.134,0.332,0,0,0
265.9,monitoring,,0,0.0,0.0,0,10.445,3.685,,0.053,0.078,0.134,0.332,0,0,0
266.0,monitoring,,0,0.0,0.0,0,10.445,3.685,,0.053,0.078,0.134,0.332,0,0,0
266.1,monitoring,,0,0.0,0.0,0,10.445,3.685,,0.053,0.078,0.134,0.332,0,0,0
266.2,monitoring,,0,0.0,0.0,0,10.445,3.685,,0.053,0.078,0.134,0.332,0,0,0
266.3,monitoring,,0,0.0,0.0,0,10.445,3.685,,0.053,0.078,0.134,0.332,0,0,0
266.3,monitoring,,0,0.0,0.0,0,10.445,3.685,,0.053,0.078,0.134,0.332,0,0,0
266.5,monitoring,,0,0.0,0.0,0,10.445,3.685,,0.053,0.078,0.134,0.332,0,0,0
266.6,monitoring,,0,0.0,0.0,0,10.445,3.685,,0.053,0.078,0.134,0.332,0,0,0
266.7,monitoring,,0,0.0,0.0,0,10.445,3.685,,0.053,0.078,0.134,0.332,0,0,0
266.8,monitoring,,0,0.0,0.0,0,10.445,3.685,,0.053,0.078,0.134,0.332,0,0,0
266.9,monitoring,,0,0.0,0.0,0,10.445,3.685,,0.053,0.078,0.134,0.332,0,0,0
267.0,monitoring,,0,0.0,0.0,0,10.445,3.685,,0.053,0.078,0.134,0.332,0,0,0
267.101,monitoring,,0,0.0,0.0,0,10.445,3.685,,0.053,0.078,0.134,0.332,0,0,0
267.101,monitoring,,0,0.0,0.0,0,10.445,3.685,,0.053,0.078,0.134,0.332,0,0,0
267.3,monitoring,,0,0.0,0.0,0,10.445,3.685,,0.053,0.078,0.134,0.332,0,0,0
267.4,monitoring,,0,0.0,0.0,0,10.445,3.685,,0.053,0.078,0.134,0.332,0,0,0
267.5,monitoring,,0,0.0,0.0,0,10.445,3.685,,0.053,0.078,0.134,0.332,0,0,0
267.6,monitoring,,0,0.0,0.0,0,10.445,3.685,,0.053,0.078,0.134,0.332,0,0,0
267.7,monitoring,,0,0.0,0.0,0,10.445,3.685,,0.053,0.078,0.134,0.332,0,0,0
267.8,monitoring,,0,0.0,0.0,0,10.445,3.685,,0.053,0.078,0.134,0.332,0,0,0
267.9,monitoring,,0,0.0,0.0,0,10.445,3.685,,0.053,0.078,0.134,0.332,0,0,0
268.0,monitoring,,0,0.0,0.0,0,10.445,3.685,,0.053,0.078,0.134,0.332,0,0,0
268.1,monitoring,,0,0.0,0.0,0,10.445,3.685,,0.053,0.078,0.134,0.332,0,0,0
268.2,monitoring,,0,0.0,0.0,0,10.445,3.685,,0.053,0.078,0.134,0.332,0,0,0
268.3,monitoring,,0,0.0,0.0,0,10.445,3.685,,0.053,0.078,0.134,0.332,0,0,0
268.4,monitoring,,0,0.0,0.0,0,10.445,3.685,,0.053,0.078,0.134,0.332,0,0,0
268.5,monitoring,,0,0.0,0.0,0,10.445,3.685,,0.053,0.078,0.134,0.332,0,0,0
268.6,monitoring,,0,0.0,0.0,0,10.445,3.685,,0.053,0.078,0.134,0.332,0,0,0
268.7,monitoring,,0,0.0,0.0,0,10.445,3.685,,0.053,0.078,0.134,0.332,0,0,0
268.8,monitoring,,0,0.0,0.0,0,10.445,3.685,,0.053,0.078,0.134,0.332,0,0,0
268.9,monitoring,,0,0.0,0.0,0,10.445,3.685,,0.053,0.078,0.134,0.332,0,0,0
269.0,monitoring,,0,0.0,0.0,0,10.445,3.685,,0.053,0.078,0.134,0.332,0,0,0
269.1,monitoring,,0,0.0,0.0,0,10.445,3.685,,0.053,0.078,0.134,0.332,0,0,0
269.2,monitoring,,0,0.0,0.0,0,10.445,3.685,,0.053,0.078,0.134,0.332,0,0,0
269.3,monitoring,,0,0.0,0.0,0,10.445,3.685,,0.053,0.078,0.134,0.332,0,0,0
269.4,monitoring,,0,0.0,0.0,0,10.445,3.685,,0.053,0.078,0.134,0.332,0,0,0
269.5,monitoring,,0,0.0,0.0,0,10.445,3.685,,0.053,0.078,0.134,0.332,0,0,0
269.6,monitoring,,0,0.0,0.0,0,10.445,3.685,,0.053,0.078,0.134,0.332,0,0,0
269.7,monitoring,,0,0.0,0.0,0,10.445,3.685,,0.053,0.078,0.134,0.332,0,0,0
269.8,monitoring,,0,0.0,0.0,0,10.445,3.685,,0.053,0.078,0.134,0.332,0,0,0
269.9,monitoring,,0,0.0,0.0,0,10.445,3.685,,0.053,0.078,0.134,0.332,0,0,0
270.0,monitoring,,0,0.0,0.0,0,10.445,3.685,,0.053,0.078,0.134,0.332,0,0,0
270.1,monitoring,,0,0.0,0.0,0,10.445,3.685,,0.053,0.078,0.134,0.332,0,0,0
270.2,monitoring,,0,0.0,0.0,0,10.445,3.685,,0.053,0.078,0.134,0.332,0,0,0
270.3,monitoring,,0,0.0,0.0,0,10.445,3.685,,0.053,0.078,0.134,0.332,0,0,0
270.4,monitoring,,0,0.0,0.0,0,10.445,3.685,,0.053,0.078,0.134,0.332,0,0,0
270.5,monitoring,,0,0.0,0.0,0,10.445,3.685,,0.053,0.078,0.134,0.332,0,0,0
270.6,monitoring,,0,0.0,0.0,0,10.445,3.685,,0.053,0.078,0.134,0.332,0,0,0
270.7,monitoring,,0,0.0,0.0,0,10.445,3.685,,0.053,0.078,0.134,0.332,0,0,0
270.8,monitoring,,0,0.0,0.0,0,10.445,3.685,,0.053,0.078,0.134,0.332,0,0,0
270.9,monitoring,,0,0.0,0.0,0,10.445,3.685,,0.053,0.078,0.134,0.332,0,0,0
271.0,monitoring,,0,0.0,0.0,0,10.445,3.685,,0.053,0.078,0.134,0.332,0,0,0
271.1,monitoring,,0,0.0,0.0,0,10.445,3.685,,0.053,0.078,0.134,0.332,0,0,0
271.2,monitoring,,0,0.0,0.0,0,10.445,3.685,,0.053,0.078,0.134,0.332,0,0,0
271.3,monitoring,,0,0.0,0.0,0,10.445,3.685,,0.053,0.078,0.134,0.332,0,0,0
271.4,monitoring,,0,0.0,0.0,0,10.445,3.685,,0.053,0.078,0.134,0.332,0,0,0
271.5,monitoring,,0,0.0,0.0,0,10.445,3.685,,0.053,0.078,0.134,0.332,0,0,0
271.6,monitoring,,0,0.0,0.0,0,10.445,3.685,,0.053,0.078,0.134,0.332,0,0,0
271.7,monitoring,,0,0.0,0.0,0,10.445,3.685,,0.053,0.078,0.134,0.332,0,0,0
271.8,monitoring,,0,0.0,0.0,0,10.445,3.685,,0.053,0.078,0.134,0.332,0,0,0
271.9,monitoring,,0,0.0,0.0,0,10.445,3.685,,0.053,0.078,0.134,0.332,0,0,0
272.0,monitoring,,0,0.0,0.0,0,10.445,3.685,,0.053,0.078,0.134,0.332,0,0,0
272.1,monitoring,,0,0.0,0.0,0,10.445,3.685,,0.053,0.078,0.134,0.332,0,0,0
272.2,monitoring,,0,0.0,0.0,0,10.445,3.685,,0.053,0.078,0.134,0.332,0,0,0
272.3,monitoring,,0,0.0,0.0,0,10.445,3.685,,0.053,0.078,0.134,0.332,0,0,0
272.4,monitoring,,0,0.0,0.0,0,10.445,3.685,,0.053,0.078,0.134,0.332,0,0,0
272.5,monitoring,,0,0.0,0.0,0,10.445,3.685,,0.053,0.078,0.134,0.332,0,0,0
272.6,monitoring,,0,0.0,0.0,0,10.445,3.685,,0.053,0.078,0.134,0.332,0,0,0
272.7,monitoring,,0,0.0,0.0,0,10.445,3.685,,0.053,0.078,0.134,0.332,0,0,0
272.8,monitoring,,0,0.0,0.0,0,10.445,3.685,,0.053,0.078,0.134,0.332,0,0,0
272.9,monitoring,,0,0.0,0.0,0,10.445,3.685,,0.053,0.078,0.134,0.332,0,0,0
273.0,monitoring,,0,0.0,0.0,0,10.445,3.685,,0.053,0.078,0.134,0.332,0,0,0
273.1,monitoring,,0,0.0,0.0,0,10.445,3.685,,0.053,0.078,0.134,0.332,0,0,0
273.2,monitoring,,0,0.0,0.0,0,10.445,3.685,,0.053,0.078,0.134,0.332,0,0,0
273.3,monitoring,,0,0.0,0.0,0,10.445,3.685,,0.053,0.078,0.134,0.332,0,0,0
273.4,monitoring,,0,0.0,0.0,0,10.445,3.685,,0.053,0.078,0.134,0.332,0,0,0
273.5,monitoring,,0,0.0,0.0,0,10.445,3.685,,0.053,0.078,0.134,0.332,0,0,0
273.6,monitoring,,0,0.0,0.0,0,10.445,3.685,,0.053,0.078,0.134,0.332,0,0,0
273.7,monitoring,,0,0.0,0.0,0,10.445,3.685,,0.053,0.078,0.134,0.332,0,0,0
273.8,monitoring,,0,0.0,0.0,0,10.445,3.685,,0.053,0.078,0.134,0.332,0,0,0
273.9,monitoring,,0,0.0,0.0,0,10.445,3.685,,0.053,0.078,0.134,0.332,0,0,0
274.0,monitoring,,0,0.0,0.0,0,10.445,3.685,,0.053,0.078,0.134,0.332,0,0,0
274.1,monitoring,,0,0.0,0.0,0,10.445,3.685,,0.053,0.078,0.134,0.332,0,0,0
274.2,monitoring,,0,0.0,0.0,0,10.445,3.685,,0.053,0.078,0.134,0.332,0,0,0
274.3,monitoring,,0,0.0,0.0,0,10.445,3.685,,0.053,0.078,0.134,0.332,0,0,0
274.4,monitoring,,0,0.0,0.0,0,10.445,3.685,,0.053,0.078,0.134,0.332,0,0,0
274.5,monitoring,,0,0.0,0.0,0,10.445,3.685,,0.053,0.078,0.134,0.332,0,0,0
274.6,monitoring,,0,0.0,0.0,0,10.445,3.685,,0.053,0.078,0.134,0.332,0,0,0
274.7,monitoring,,0,0.0,0.0,0,10.445,3.685,,0.053,0.078,0.134,0.332,0,0,0
274.8,monitoring,,0,0.0,0.0,0,10.445,3.685,,0.053,0.078,0.134,0.332,0,0,0
274.9,monitoring,,0,0.0,0.0,0,10.445,3.685,,0.053,0.078,0.134,0.332,0,0,0
275.0,monitoring,,0,0.0,0.0,0,10.445,3.685,,0.053,0.078,0.134,0.332,0,0,0
275.1,monitoring,,0,0.0,0.0,0,10.445,3.685,,0.053,0.078,0.134,0.332,0,0,0
275.2,monitoring,,0,0.0,0.0,0,10.445,3.685,,0.053,0.078,0.134,0.332,0,0,0
275.3,monitoring,,0,0.0,0.0,0,10.445,3.685,,0.053,0.078,0.134,0.332,0,0,0
275.4,monitoring,,0,0.0,0.0,0,10.445,3.685,,0.053,0.078,0.134,0.332,0,0,0
275.5,monitoring,,0,0.0,0.0,0,10.445,3.685,,0.053,0.078,0.134,0.332,0,0,0
275.6,monitoring,,0,0.0,0.0,0,10.445,3.685,,0.053,0.078,0.134,0.332,0,0,0
275.7,monitoring,,0,0.0,0.0,0,10.445,3.685,,0.053,0.078,0.134,0.332,0,0,0
275.8,monitoring,,0,0.0,0.0,0,10.445,3.685,,0.053,0.078,0.134,0.332,0,0,0
275.9,monitoring,,0,0.0,0.0,0,10.445,3.685,,0.053,0.078,0.134,0.332,0,0,0
276.0,monitoring,,0,0.0,0.0,0,10.445,3.685,,0.053,0.078,0.134,0.332,0,0,0
276.1,monitoring,,0,0.0,0.0,0,10.445,3.685,,0.053,0.078,0.134,0.332,0,0,0
276.2,monitoring,,0,0.0,0.0,0,10.445,3.685,,0.053,0.078,0.134,0.332,0,0,0
276.3,monitoring,,0,0.0,0.0,0,10.445,3.685,,0.053,0.078,0.134,0.332,0,0,0
276.4,monitoring,,0,0.0,0.0,0,10.445,3.685,,0.053,0.078,0.134,0.332,0,0,0
276.5,monitoring,,0,0.0,0.0,0,10.445,3.685,,0.053,0.078,0.134,0.332,0,0,0
276.6,monitoring,,0,0.0,0.0,0,10.445,3.685,,0.053,0.078,0.134,0.332,0,0,0
276.7,monitoring,,0,0.0,0.0,0,10.445,3.685,,0.053,0.078,0.134,0.332,0,0,0
276.8,monitoring,,0,0.0,0.0,0,10.445,3.685,,0.053,0.078,0.134,0.332,0,0,0
276.9,monitoring,,0,0.0,0.0,0,10.445,3.685,,0.053,0.078,0.134,0.332,0,0,0
277.0,monitoring,,0,0.0,0.0,0,10.445,3.685,,0.053,0.078,0.134,0.332,0,0,0
277.1,monitoring,,0,0.0,0.0,0,10.445,3.685,,0.053,0.078,0.134,0.332,0,0,0
277.2,monitoring,,0,0.0,0.0,0,10.445,3.685,,0.053,0.078,0.134,0.332,0,0,0
277.3,monitoring,,0,0.0,0.0,0,10.445,3.685,,0.053,0.078,0.134,0.332,0,0,0
277.4,monitoring,,0,0.0,0.0,0,10.445,3.685,,0.053,0.078,0.134,0.332,0,0,0
277.5,monitoring,,0,0.0,0.0,0,10.445,3.685,,0.053,0.078,0.134,0.332,0,0,0
277.6,monitoring,,0,0.0,0.0,0,10.445,3.685,,0.053,0.078,0.134,0.332,0,0,0
277.7,monitoring,,0,0.0,0.0,0,10.445,3.685,,0.053,0.078,0.134,0.332,0,0,0
277.8,monitoring,,0,0.0,0.0,0,10.445,3.685,,0.053,0.078,0.134,0.332,0,0,0
277.9,monitoring,,0,0.0,0.0,0,10.445,3.685,,0.053,0.078,0.134,0.332,0,0,0
278.0,monitoring,,0,0.0,0.0,0,10.445,3.685,,0.053,0.078,0.134,0.332,0,0,0
278.1,monitoring,,0,0.0,0.0,0,10.445,3.685,,0.053,0.078,0.134,0.332,0,0,0
278.2,monitoring,,0,0.0,0.0,0,10.445,3.685,,0.053,0.078,0.134,0.332,0,0,0
278.3,monitoring,,0,0.0,0.0,0,10.445,3.685,,0.053,0.078,0.134,0.332,0,0,0
278.4,monitoring,,0,0.0,0.0,0,10.445,3.685,,0.053,0.078,0.134,0.332,0,0,0
278.5,monitoring,,0,0.0,0.0,0,10.445,3.685,,0.053,0.078,0.134,0.332,0,0,0
278.6,monitoring,,0,0.0,0.0,0,10.445,3.685,,0.053,0.078,0.134,0.332,0,0,0
278.7,monitoring,,0,0.0,0.0,0,10.445,3.685,,0.053,0.078,0.134,0.332,0,0,0
278.8,monitoring,,0,0.0,0.0,0,10.445,3.685,,0.053,0.078,0.134,0.332,0,0,0
278.9,monitoring,,0,0.0,0.0,0,10.445,3.685,,0.053,0.078,0.134,0.332,0,0,0
279.0,monitoring,,0,0.0,0.0,0,10.445,3.685,,0.053,0.078,0.134,0.332,0,0,0
279.1,monitoring,,0,0.0,0.0,0,10.445,3.685,,0.053,0.078,0.134,0.332,0,0,0
279.2,monitoring,,0,0.0,0.0,0,10.445,3.685,,0.053,0.078,0.134,0.332,0,0,0
279.3,monitoring,,0,0.0,0.0,0,10.445,3.685,,0.053,0.078,0.134,0.332,0,0,0
279.4,monitoring,,0,0.0,0.0,0,10.445,3.685,,0.053,0.078,0.134,0.332,0,0,0
279.5,monitoring,,0,0.0,0.0,0,10.445,3.685,,0.053,0.078,0.134,0.332,0,0,0
279.6,monitoring,,0,0.0,0.0,0,10.445,3.685,,0.053,0.078,0.134,0.332,0,0,0
279.7,monitoring,,0,0.0,0.0,0,10.445,3.685,,0.053,0.078,0.134,0.332,0,0,0
279.8,monitoring,,0,0.0,0.0,0,10.445,3.685,,0.053,0.078,0.134,0.332,0,0,0
279.9,monitoring,,0,0.0,0.0,0,10.445,3.685,,0.053,0.078,0.134,0.332,0,0,0
280.0,monitoring,,0,0.0,0.0,0,10.445,3.685,,0.053,0.078,0.134,0.332,0,0,0
280.1,monitoring,,0,0.0,0.0,0,10.445,3.685,,0.053,0.078,0.134,0.332,0,0,0
280.2,monitoring,,0,0.0,0.0,0,10.445,3.685,,0.053,0.078,0.134,0.332,0,0,0
280.3,monitoring,,0,0.0,0.0,0,10.445,3.685,,0.053,0.078,0.134,0.332,0,0,0
280.4,monitoring,,0,0.0,0.0,0,10.445,3.685,,0.053,0.078,0.134,0.332,0,0,0
280.5,monitoring,,0,0.0,0.0,0,10.445,3.685,,0.053,0.078,0.134,0.332,0,0,0
280.6,monitoring,,0,0.0,0.0,0,10.445,3.685,,0.053,0.078,0.134,0.332,0,0,0
280.7,monitoring,,0,0.0,0.0,0,10.445,3.685,,0.053,0.078,0.134,0.332,0,0,0
280.8,monitoring,,0,0.0,0.0,0,10.445,3.685,,0.053,0.078,0.134,0.332,0,0,0
280.9,monitoring,,0,0.0,0.0,0,10.445,3.685,,0.053,0.078,0.134,0.332,0,0,0
281.0,monitoring,,0,0.0,0.0,0,10.445,3.685,,0.053,0.078,0.134,0.332,0,0,0
281.1,monitoring,,0,0.0,0.0,0,10.445,3.685,,0.053,0.078,0.134,0.332,0,0,0
281.2,monitoring,,0,0.0,0.0,0,10.445,3.685,,0.053,0.078,0.134,0.332,0,0,0
281.3,monitoring,,0,0.0,0.0,0,10.445,3.685,,0.053,0.078,0.134,0.332,0,0,0
281.4,monitoring,,0,0.0,0.0,0,10.445,3.685,,0.053,0.078,0.134,0.332,0,0,0
281.5,monitoring,,0,0.0,0.0,0,10.445,3.685,,0.053,0.078,0.134,0.332,0,0,0
281.6,monitoring,,0,0.0,0.0,0,10.445,3.685,,0.053,0.078,0.134,0.332,0,0,0
281.7,monitoring,,0,0.0,0.0,0,10.445,3.685,,0.053,0.078,0.134,0.332,0,0,0
281.8,monitoring,,0,0.0,0.0,0,10.445,3.685,,0.053,0.078,0.134,0.332,0,0,0
281.9,monitoring,,0,0.0,0.0,0,10.445,3.685,,0.053,0.078,0.134,0.332,0,0,0
282.0,monitoring,,0,0.0,0.0,0,10.445,3.685,,0.053,0.078,0.134,0.332,0,0,0
282.1,monitoring,,0,0.0,0.0,0,10.445,3.685,,0.053,0.078,0.134,0.332,0,0,0
282.2,monitoring,,0,0.0,0.0,0,10.445,3.685,,0.053,0.078,0.134,0.332,0,0,0
282.3,monitoring,,0,0.0,0.0,0,10.445,3.685,,0.053,0.078,0.134,0.332,0,0,0
282.4,monitoring,,0,0.0,0.0,0,10.445,3.685,,0.053,0.078,0.134,0.332,0,0,0
282.5,monitoring,,0,0.0,0.0,0,10.445,3.685,,0.053,0.078,0.134,0.332,0,0,0
282.6,monitoring,,0,0.0,0.0,0,10.445,3.685,,0.053,0.078,0.134,0.332,0,0,0
282.7,monitoring,,0,0.0,0.0,0,10.445,3.685,,0.053,0.078,0.134,0.332,0,0,0
282.8,monitoring,,0,0.0,0.0,0,10.445,3.685,,0.053,0.078,0.134,0.332,0,0,0
282.9,monitoring,,0,0.0,0.0,0,10.445,3.685,,0.053,0.078,0.134,0.332,0,0,0
283.0,monitoring,,0,0.0,0.0,0,10.445,3.685,,0.053,0.078,0.134,0.332,0,0,0
283.1,monitoring,,0,0.0,0.0,0,10.445,3.685,,0.053,0.078,0.134,0.332,0,0,0
283.2,monitoring,,0,0.0,0.0,0,10.445,3.685,,0.053,0.078,0.134,0.332,0,0,0
283.3,monitoring,,0,0.0,0.0,0,10.445,3.685,,0.053,0.078,0.134,0.332,0,0,0
283.4,monitoring,,0,0.0,0.0,0,10.445,3.685,,0.053,0.078,0.134,0.332,0,0,0
283.5,monitoring,,0,0.0,0.0,0,10.445,3.685,,0.053,0.078,0.134,0.332,0,0,0
283.6,monitoring,,0,0.0,0.0,0,10.445,3.685,,0.053,0.078,0.134,0.332,0,0,0
283.7,monitoring,,0,0.0,0.0,0,10.445,3.685,,0.053,0.078,0.134,0.332,0,0,0
283.8,monitoring,,0,0.0,0.0,0,10.445,3.685,,0.053,0.078,0.134,0.332,0,0,0
283.9,monitoring,,0,0.0,0.0,0,10.445,3.685,,0.053,0.078,0.134,0.332,0,0,0
284.0,monitoring,,0,0.0,0.0,0,10.445,3.685,,0.053,0.078,0.134,0.332,0,0,0
284.1,monitoring,,0,0.0,0.0,0,10.445,3.685,,0.053,0.078,0.134,0.332,0,0,0
284.2,monitoring,,0,0.0,0.0,0,10.445,3.685,,0.053,0.078,0.134,0.332,0,0,0
284.3,monitoring,,0,0.0,0.0,0,10.445,3.685,,0.053,0.078,0.134,0.332,0,0,0
284.4,monitoring,,0,0.0,0.0,0,10.445,3.685,,0.053,0.078,0.134,0.332,0,0,0
284.5,monitoring,,0,0.0,0.0,0,10.445,3.685,,0.053,0.078,0.134,0.332,0,0,0
284.6,monitoring,,0,0.0,0.0,0,10.445,3.685,,0.053,0.078,0.134,0.332,0,0,0
284.7,monitoring,,0,0.0,0.0,0,10.445,3.685,,0.053,0.078,0.134,0.332,0,0,0
284.8,monitoring,,0,0.0,0.0,0,10.445,3.685,,0.053,0.078,0.134,0.332,0,0,0
284.9,monitoring,,0,0.0,0.0,0,10.445,3.685,,0.053,0.078,0.134,0.332,0,0,0
285.0,monitoring,,0,0.0,0.0,0,10.445,3.685,,0.053,0.078,0.134,0.332,0,0,0
285.1,monitoring,,0,0.0,0.0,0,10.445,3.685,,0.053,0.078,0.134,0.332,0,0,0
285.2,monitoring,,0,0.0,0.0,0,10.445,3.685,,0.053,0.078,0.134,0.332,0,0,0
285.3,monitoring,,0,0.0,0.0,0,10.445,3.685,,0.053,0.078,0.134,0.332,0,0,0
285.4,monitoring,,0,0.0,0.0,0,10.445,3.685,,0.053,0.078,0.134,0.332,0,0,0
285.5,monitoring,,0,0.0,0.0,0,10.445,3.685,,0.053,0.078,0.134,0.332,0,0,0
285.6,monitoring,,0,0.0,0.0,0,10.445,3.685,,0.053,0.078,0.134,0.332,0,0,0
285.7,monitoring,,0,0.0,0.0,0,10.445,3.685,,0.053,0.078,0.134,0.332,0,0,0
285.8,monitoring,,0,0.0,0.0,0,10.445,3.685,,0.053,0.078,0.134,0.332,0,0,0
285.9,monitoring,,0,0.0,0.0,0,10.445,3.685,,0.053,0.078,0.134,0.332,0,0,0
286.0,monitoring,,0,0.0,0.0,0,10.445,3.685,,0.053,0.078,0.134,0.332,0,0,0
286.1,monitoring,,0,0.0,0.0,0,10.445,3.685,,0.053,0.078,0.134,0.332,0,0,0
286.2,monitoring,,0,0.0,0.0,0,10.445,3.685,,0.053,0.078,0.134,0.332,0,0,0
286.3,monitoring,,0,0.0,0.0,0,10.445,3.685,,0.053,0.078,0.134,0.332,0,0,0
286.4,monitoring,,0,0.0,0.0,0,10.445,3.685,,0.053,0.078,0.134,0.332,0,0,0
286.5,monitoring,,0,0.0,0.0,0,10.445,3.685,,0.053,0.078,0.134,0.332,0,0,0
286.6,monitoring,,0,0.0,0.0,0,10.445,3.685,,0.053,0.078,0.134,0.332,0,0,0
286.7,monitoring,,0,0.0,0.0,0,10.445,3.685,,0.053,0.078,0.134,0.332,0,0,0
286.8,monitoring,,0,0.0,0.0,0,10.445,3.685,,0.053,0.078,0.134,0.332,0,0,0
286.9,monitoring,,0,0.0,0.0,0,10.445,3.685,,0.053,0.078,0.134,0.332,0,0,0
287.0,monitoring,,0,0.0,0.0,0,10.445,3.685,,0.053,0.078,0.134,0.332,0,0,0
287.1,monitoring,,0,0.0,0.0,0,10.445,3.685,,0.053,0.078,0.134,0.332,0,0,0
287.2,monitoring,,0,0.0,0.0,0,10.445,3.685,,0.053,0.078,0.134,0.332,0,0,0
287.3,monitoring,,0,0.0,0.0,0,10.445,3.685,,0.053,0.078,0.134,0.332,0,0,0
287.4,monitoring,,0,0.0,0.0,0,10.445,3.685,,0.053,0.078,0.134,0.332,0,0,0
287.5,monitoring,,0,0.0,0.0,0,10.445,3.685,,0.053,0.078,0.134,0.332,0,0,0
287.6,monitoring,,0,0.0,0.0,0,10.445,3.685,,0.053,0.078,0.134,0.332,0,0,0
287.7,monitoring,,0,0.0,0.0,0,10.445,3.685,,0.053,0.078,0.134,0.332,0,0,0
287.8,monitoring,,0,0.0,0.0,0,10.445,3.685,,0.053,0.078,0.134,0.332,0,0,0
287.9,monitoring,,0,0.0,0.0,0,10.445,3.685,,0.053,0.078,0.134,0.332,0,0,0
288.0,monitoring,,0,0.0,0.0,0,10.445,3.685,,0.053,0.078,0.134,0.332,0,0,0
288.1,monitoring,,0,0.0,0.0,0,10.445,3.685,,0.053,0.078,0.134,0.332,0,0,0
288.2,monitoring,,0,0.0,0.0,0,10.445,3.685,,0.053,0.078,0.134,0.332,0,0,0
288.3,monitoring,,0,0.0,0.0,0,10.445,3.685,,0.053,0.078,0.134,0.332,0,0,0
288.4,monitoring,,0,0.0,0.0,0,10.445,3.685,,0.053,0.078,0.134,0.332,0,0,0
288.5,monitoring,,0,0.0,0.0,0,10.445,3.685,,0.053,0.078,0.134,0.332,0,0,0
288.6,monitoring,,0,0.0,0.0,0,10.445,3.685,,0.053,0.078,0.134,0.332,0,0,0
288.7,monitoring,,0,0.0,0.0,0,10.445,3.685,,0.053,0.078,0.134,0.332,0,0,0
288.8,monitoring,,0,0.0,0.0,0,10.445,3.685,,0.053,0.078,0.134,0.332,0,0,0
288.9,monitoring,,0,0.0,0.0,0,10.445,3.685,,0.053,0.078,0.134,0.332,0,0,0
289.0,monitoring,,0,0.0,0.0,0,10.445,3.685,,0.053,0.078,0.134,0.332,0,0,0
289.1,monitoring,,0,0.0,0.0,0,10.445,3.685,,0.053,0.078,0.134,0.332,0,0,0
289.2,monitoring,,0,0.0,0.0,0,10.445,3.685,,0.053,0.078,0.134,0.332,0,0,0
289.3,monitoring,,0,0.0,0.0,0,10.445,3.685,,0.053,0.078,0.134,0.332,0,0,0
289.4,monitoring,,0,0.0,0.0,0,10.445,3.685,,0.053,0.078,0.134,0.332,0,0,0
289.5,monitoring,,0,0.0,0.0,0,10.445,3.685,,0.053,0.078,0.134,0.332,0,0,0
289.6,monitoring,,0,0.0,0.0,0,10.445,3.685,,0.053,0.078,0.134,0.332,0,0,0
289.7,monitoring,,0,0.0,0.0,0,10.445,3.685,,0.053,0.078,0.134,0.332,0,0,0
289.8,monitoring,,0,0.0,0.0,0,10.445,3.685,,0.053,0.078,0.134,0.332,0,0,0
289.9,monitoring,,0,0.0,0.0,0,10.445,3.685,,0.053,0.078,0.134,0.332,0,0,0
290.0,monitoring,,0,0.0,0.0,0,10.445,3.685,,0.053,0.078,0.134,0.332,0,0,0
290.1,monitoring,,0,0.0,0.0,0,10.445,3.685,,0.053,0.078,0.134,0.332,0,0,0
290.2,monitoring,,0,0.0,0.0,0,10.445,3.685,,0.053,0.078,0.134,0.332,0,0,0
290.3,monitoring,,0,0.0,0.0,0,10.445,3.685,,0.053,0.078,0.134,0.332,0,0,0
290.4,monitoring,,0,0.0,0.0,0,10.445,3.685,,0.053,0.078,0.134,0.332,0,0,0
290.5,monitoring,,0,0.0,0.0,0,10.445,3.685,,0.053,0.078,0.134,0.332,0,0,0
290.6,monitoring,,0,0.0,0.0,0,10.445,3.685,,0.053,0.078,0.134,0.332,0,0,0
290.7,monitoring,,0,0.0,0.0,0,10.445,3.685,,0.053,0.078,0.134,0.332,0,0,0
290.8,monitoring,,0,0.0,0.0,0,10.445,3.685,,0.053,0.078,0.134,0.332,0,0,0
290.9,monitoring,,0,0.0,0.0,0,10.445,3.685,,0.053,0.078,0.134,0.332,0,0,0
291.0,monitoring,,0,0.0,0.0,0,10.445,3.685,,0.053,0.078,0.134,0.332,0,0,0
291.1,monitoring,,0,0.0,0.0,0,10.445,3.685,,0.053,0.078,0.134,0.332,0,0,0
291.2,monitoring,,0,0.0,0.0,0,10.445,3.685,,0.053,0.078,0.134,0.332,0,0,0
291.3,monitoring,,0,0.0,0.0,0,10.445,3.685,,0.053,0.078,0.134,0.332,0,0,0
291.4,monitoring,,0,0.0,0.0,0,10.445,3.685,,0.053,0.078,0.134,0.332,0,0,0
291.5,monitoring,,0,0.0,0.0,0,10.445,3.685,,0.053,0.078,0.134,0.332,0,0,0
291.6,monitoring,,0,0.0,0.0,0,10.445,3.685,,0.053,0.078,0.134,0.332,0,0,0
291.7,monitoring,,0,0.0,0.0,0,10.445,3.685,,0.053,0.078,0.134,0.332,0,0,0
291.8,monitoring,,0,0.0,0.0,0,10.445,3.685,,0.053,0.078,0.134,0.332,0,0,0
291.9,monitoring,,0,0.0,0.0,0,10.445,3.685,,0.053,0.078,0.134,0.332,0,0,0
292.0,monitoring,,0,0.0,0.0,0,10.445,3.685,,0.053,0.078,0.134,0.332,0,0,0
292.1,monitoring,,0,0.0,0.0,0,10.445,3.685,,0.053,0.078,0.134,0.332,0,0,0
292.2,monitoring,,0,0.0,0.0,0,10.445,3.685,,0.053,0.078,0.134,0.332,0,0,0
292.3,monitoring,,0,0.0,0.0,0,10.445,3.685,,0.053,0.078,0.134,0.332,0,0,0
292.4,monitoring,,0,0.0,0.0,0,10.445,3.685,,0.053,0.078,0.134,0.332,0,0,0
292.5,monitoring,,0,0.0,0.0,0,10.445,3.685,,0.053,0.078,0.134,0.332,0,0,0
292.6,monitoring,,0,0.0,0.0,0,10.445,3.685,,0.053,0.078,0.134,0.332,0,0,0
292.7,monitoring,,0,0.0,0.0,0,10.445,3.685,,0.053,0.078,0.134,0.332,0,0,0
292.8,monitoring,,0,0.0,0.0,0,10.445,3.685,,0.053,0.078,0.134,0.332,0,0,0
292.9,monitoring,,0,0.0,0.0,0,10.445,3.685,,0.053,0.078,0.134,0.332,0,0,0
293.0,monitoring,,0,0.0,0.0,0,10.445,3.685,,0.053,0.078,0.134,0.332,0,0,0
293.1,monitoring,,0,0.0,0.0,0,10.445,3.685,,0.053,0.078,0.134,0.332,0,0,0
293.2,monitoring,,0,0.0,0.0,0,10.445,3.685,,0.053,0.078,0.134,0.332,0,0,0
293.3,monitoring,,0,0.0,0.0,0,10.445,3.685,,0.053,0.078,0.134,0.332,0,0,0
293.4,monitoring,,0,0.0,0.0,0,10.445,3.685,,0.053,0.078,0.134,0.332,0,0,0
293.5,monitoring,,0,0.0,0.0,0,10.445,3.685,,0.053,0.078,0.134,0.332,0,0,0
293.6,monitoring,,0,0.0,0.0,0,10.445,3.685,,0.053,0.078,0.134,0.332,0,0,0
293.7,monitoring,,0,0.0,0.0,0,10.445,3.685,,0.053,0.078,0.134,0.332,0,0,0
293.8,monitoring,,0,0.0,0.0,0,10.445,3.685,,0.053,0.078,0.134,0.332,0,0,0
293.9,monitoring,,0,0.0,0.0,0,10.445,3.685,,0.053,0.078,0.134,0.332,0,0,0
294.0,monitoring,,0,0.0,0.0,0,10.445,3.685,,0.053,0.078,0.134,0.332,0,0,0
294.1,monitoring,,0,0.0,0.0,0,10.445,3.685,,0.053,0.078,0.134,0.332,0,0,0
294.2,monitoring,,0,0.0,0.0,0,10.445,3.685,,0.053,0.078,0.134,0.332,0,0,0
294.3,monitoring,,0,0.0,0.0,0,10.445,3.685,,0.053,0.078,0.134,0.332,0,0,0
294.4,monitoring,,0,0.0,0.0,0,10.445,3.685,,0.053,0.078,0.134,0.332,0,0,0
294.5,monitoring,,0,0.0,0.0,0,10.445,3.685,,0.053,0.078,0.134,0.332,0,0,0
294.6,monitoring,,0,0.0,0.0,0,10.445,3.685,,0.053,0.078,0.134,0.332,0,0,0
294.7,monitoring,,0,0.0,0.0,0,10.445,3.685,,0.053,0.078,0.134,0.332,0,0,0
294.8,monitoring,,0,0.0,0.0,0,10.445,3.685,,0.053,0.078,0.134,0.332,0,0,0
294.9,monitoring,,0,0.0,0.0,0,10.445,3.685,,0.053,0.078,0.134,0.332,0,0,0
295.0,monitoring,,0,0.0,0.0,0,10.445,3.685,,0.053,0.078,0.134,0.332,0,0,0
295.1,monitoring,,0,0.0,0.0,0,10.445,3.685,,0.053,0.078,0.134,0.332,0,0,0
295.2,monitoring,,0,0.0,0.0,0,10.445,3.685,,0.053,0.078,0.134,0.332,0,0,0
295.3,monitoring,,0,0.0,0.0,0,10.445,3.685,,0.053,0.078,0.134,0.332,0,0,0
295.4,monitoring,,0,0.0,0.0,0,10.445,3.685,,0.053,0.078,0.134,0.332,0,0,0
295.5,monitoring,,0,0.0,0.0,0,10.445,3.685,,0.053,0.078,0.134,0.332,0,0,0
295.6,monitoring,,0,0.0,0.0,0,10.445,3.685,,0.053,0.078,0.134,0.332,0,0,0
295.7,monitoring,,0,0.0,0.0,0,10.445,3.685,,0.053,0.078,0.134,0.332,0,0,0
295.8,monitoring,,0,0.0,0.0,0,10.445,3.685,,0.053,0.078,0.134,0.332,0,0,0
295.9,monitoring,,0,0.0,0.0,0,10.445,3.685,,0.053,0.078,0.134,0.332,0,0,0
296.0,monitoring,,0,0.0,0.0,0,10.445,3.685,,0.053,0.078,0.134,0.332,0,0,0
296.101,monitoring,,0,0.0,0.0,0,10.445,3.685,,0.053,0.078,0.134,0.332,0,0,0
296.2,monitoring,,0,0.0,0.0,0,10.445,3.685,,0.053,0.078,0.134,0.332,0,0,0
296.3,monitoring,,0,0.0,0.0,0,10.445,3.685,,0.053,0.078,0.134,0.332,0,0,0
296.4,monitoring,,0,0.0,0.0,0,10.445,3.685,,0.053,0.078,0.134,0.332,0,0,0
296.5,monitoring,,0,0.0,0.0,0,10.445,3.685,,0.053,0.078,0.134,0.332,0,0,0
296.6,monitoring,,0,0.0,0.0,0,10.445,3.685,,0.053,0.078,0.134,0.332,0,0,0
296.7,monitoring,,0,0.0,0.0,0,10.445,3.685,,0.053,0.078,0.134,0.332,0,0,0
296.8,monitoring,,0,0.0,0.0,0,10.445,3.685,,0.053,0.078,0.134,0.332,0,0,0
296.9,monitoring,,0,0.0,0.0,0,10.445,3.685,,0.053,0.078,0.134,0.332,0,0,0
297.0,monitoring,,0,0.0,0.0,0,10.445,3.685,,0.053,0.078,0.134,0.332,0,0,0
297.1,monitoring,,0,0.0,0.0,0,10.445,3.685,,0.053,0.078,0.134,0.332,0,0,0
297.2,monitoring,,0,0.0,0.0,0,10.445,3.685,,0.053,0.078,0.134,0.332,0,0,0
297.3,monitoring,,0,0.0,0.0,0,10.445,3.685,,0.053,0.078,0.134,0.332,0,0,0
297.4,monitoring,,0,0.0,0.0,0,10.445,3.685,,0.053,0.078,0.134,0.332,0,0,0
297.5,monitoring,,0,0.0,0.0,0,10.445,3.685,,0.053,0.078,0.134,0.332,0,0,0
297.6,monitoring,,0,0.0,0.0,0,10.445,3.685,,0.053,0.078,0.134,0.332,0,0,0
297.7,monitoring,,0,0.0,0.0,0,10.445,3.685,,0.053,0.078,0.134,0.332,0,0,0
297.8,monitoring,,0,0.0,0.0,0,10.445,3.685,,0.053,0.078,0.134,0.332,0,0,0
297.9,monitoring,,0,0.0,0.0,0,10.445,3.685,,0.053,0.078,0.134,0.332,0,0,0
298.0,monitoring,,0,0.0,0.0,0,10.445,3.685,,0.053,0.078,0.134,0.332,0,0,0
298.1,monitoring,,0,0.0,0.0,0,10.445,3.685,,0.053,0.078,0.134,0.332,0,0,0
298.2,monitoring,,0,0.0,0.0,0,10.445,3.685,,0.053,0.078,0.134,0.332,0,0,0
298.3,monitoring,,0,0.0,0.0,0,10.445,3.685,,0.053,0.078,0.134,0.332,0,0,0
298.4,monitoring,,0,0.0,0.0,0,10.445,3.685,,0.053,0.078,0.134,0.332,0,0,0
298.5,monitoring,,0,0.0,0.0,0,10.445,3.685,,0.053,0.078,0.134,0.332,0,0,0
298.6,monitoring,,0,0.0,0.0,0,10.445,3.685,,0.053,0.078,0.134,0.332,0,0,0
298.7,monitoring,,0,0.0,0.0,0,10.445,3.685,,0.053,0.078,0.134,0.332,0,0,0
298.8,monitoring,,0,0.0,0.0,0,10.445,3.685,,0.053,0.078,0.134,0.332,0,0,0
298.9,monitoring,,0,0.0,0.0,0,10.445,3.685,,0.053,0.078,0.134,0.332,0,0,0
299.0,monitoring,,0,0.0,0.0,0,10.445,3.685,,0.053,0.078,0.134,0.332,0,0,0
299.1,monitoring,,0,0.0,0.0,0,10.445,3.685,,0.053,0.078,0.134,0.332,0,0,0
299.2,monitoring,,0,0.0,0.0,0,10.445,3.685,,0.053,0.078,0.134,0.332,0,0,0
299.3,monitoring,,0,0.0,0.0,0,10.445,3.685,,0.053,0.078,0.134,0.332,0,0,0
299.4,monitoring,,0,0.0,0.0,0,10.445,3.685,,0.053,0.078,0.134,0.332,0,0,0
299.5,monitoring,,0,0.0,0.0,0,10.445,3.685,,0.053,0.078,0.134,0.332,0,0,0
299.6,monitoring,,0,0.0,0.0,0,10.445,3.685,,0.053,0.078,0.134,0.332,0,0,0
299.7,monitoring,,0,0.0,0.0,0,10.445,3.685,,0.053,0.078,0.134,0.332,0,0,0
299.8,monitoring,,0,0.0,0.0,0,10.445,3.685,,0.053,0.078,0.134,0.332,0,0,0
299.9,monitoring,,0,0.0,0.0,0,10.445,3.685,,0.053,0.078,0.134,0.332,0,0,0
300.0,monitoring,,0,0.0,0.0,0,10.445,3.685,,0.053,0.078,0.134,0.332,0,0,0
300.1,monitoring,,0,0.0,0.0,0,10.445,3.685,,0.053,0.078,0.134,0.332,0,0,0
300.2,monitoring,,0,0.0,0.0,0,10.445,3.685,,0.053,0.078,0.134,0.332,0,0,0
300.3,monitoring,,0,0.0,0.0,0,10.445,3.685,,0.053,0.078,0.134,0.332,0,0,0
300.4,monitoring,,0,0.0,0.0,0,10.445,3.685,,0.053,0.078,0.134,0.332,0,0,0
300.5,monitoring,,0,0.0,0.0,0,10.445,3.685,,0.053,0.078,0.134,0.332,0,0,0
300.6,monitoring,,0,0.0,0.0,0,10.445,3.685,,0.053,0.078,0.134,0.332,0,0,0
300.7,monitoring,,0,0.0,0.0,0,10.445,3.685,,0.053,0.078,0.134,0.332,0,0,0
300.8,monitoring,,0,0.0,0.0,0,10.445,3.685,,0.053,0.078,0.134,0.332,0,0,0
300.9,monitoring,,0,0.0,0.0,0,10.445,3.685,,0.053,0.078,0.134,0.332,0,0,0
301.0,monitoring,,0,0.0,0.0,0,10.445,3.685,,0.053,0.078,0.134,0.332,0,0,0
301.1,monitoring,,0,0.0,0.0,0,10.445,3.685,,0.053,0.078,0.134,0.332,0,0,0
301.2,monitoring,,0,0.0,0.0,0,10.445,3.685,,0.053,0.078,0.134,0.332,0,0,0
301.3,monitoring,,0,0.0,0.0,0,10.445,3.685,,0.053,0.078,0.134,0.332,0,0,0
301.4,monitoring,,0,0.0,0.0,0,10.445,3.685,,0.053,0.078,0.134,0.332,0,0,0
301.5,monitoring,,0,0.0,0.0,0,10.445,3.685,,0.053,0.078,0.134,0.332,0,0,0
301.6,monitoring,,0,0.0,0.0,0,10.445,3.685,,0.053,0.078,0.134,0.332,0,0,0
301.7,monitoring,,0,0.0,0.0,0,10.445,3.685,,0.053,0.078,0.134,0.332,0,0,0
301.8,monitoring,,0,0.0,0.0,0,10.445,3.685,,0.053,0.078,0.134,0.332,0,0,0
301.9,monitoring,,0,0.0,0.0,0,10.445,3.685,,0.053,0.078,0.134,0.332,0,0,0
302.0,monitoring,,0,0.0,0.0,0,10.445,3.685,,0.053,0.078,0.134,0.332,0,0,0
302.1,monitoring,,0,0.0,0.0,0,10.445,3.685,,0.053,0.078,0.134,0.332,0,0,0
302.2,monitoring,,0,0.0,0.0,0,10.445,3.685,,0.053,0.078,0.134,0.332,0,0,0
302.3,monitoring,,0,0.0,0.0,0,10.445,3.685,,0.053,0.078,0.134,0.332,0,0,0
302.4,monitoring,,0,0.0,0.0,0,10.445,3.685,,0.053,0.078,0.134,0.332,0,0,0
302.5,monitoring,,0,0.0,0.0,0,10.445,3.685,,0.053,0.078,0.134,0.332,0,0,0
302.6,monitoring,,0,0.0,0.0,0,10.445,3.685,,0.053,0.078,0.134,0.332,0,0,0
302.7,monitoring,,0,0.0,0.0,0,10.445,3.685,,0.053,0.078,0.134,0.332,0,0,0
302.8,monitoring,,0,0.0,0.0,0,10.445,3.685,,0.053,0.078,0.134,0.332,0,0,0
302.9,monitoring,,0,0.0,0.0,0,10.445,3.685,,0.053,0.078,0.134,0.332,0,0,0
303.0,monitoring,,0,0.0,0.0,0,10.445,3.685,,0.053,0.078,0.134,0.332,0,0,0
303.1,monitoring,,0,0.0,0.0,0,10.445,3.685,,0.053,0.078,0.134,0.332,0,0,0
303.2,monitoring,,0,0.0,0.0,0,10.445,3.685,,0.053,0.078,0.134,0.332,0,0,0
303.3,monitoring,,0,0.0,0.0,0,10.445,3.685,,0.053,0.078,0.134,0.332,0,0,0
303.4,monitoring,,0,0.0,0.0,0,10.445,3.685,,0.053,0.078,0.134,0.332,0,0,0
303.5,monitoring,,0,0.0,0.0,0,10.445,3.685,,0.053,0.078,0.134,0.332,0,0,0
303.6,monitoring,,0,0.0,0.0,0,10.445,3.685,,0.053,0.078,0.134,0.332,0,0,0
303.7,monitoring,,0,0.0,0.0,0,10.445,3.685,,0.053,0.078,0.134,0.332,0,0,0
303.8,monitoring,,0,0.0,0.0,0,10.445,3.685,,0.053,0.078,0.134,0.332,0,0,0
303.9,monitoring,,0,0.0,0.0,0,10.445,3.685,,0.053,0.078,0.134,0.332,0,0,0
304.0,monitoring,,0,0.0,0.0,0,10.445,3.685,,0.053,0.078,0.134,0.332,0,0,0
304.1,monitoring,,0,0.0,0.0,0,10.445,3.685,,0.053,0.078,0.134,0.332,0,0,0
304.2,monitoring,,0,0.0,0.0,0,10.445,3.685,,0.053,0.078,0.134,0.332,0,0,0
304.3,monitoring,,0,0.0,0.0,0,10.445,3.685,,0.053,0.078,0.134,0.332,0,0,0
304.4,monitoring,,0,0.0,0.0,0,10.445,3.685,,0.053,0.078,0.134,0.332,0,0,0
304.501,monitoring,,0,0.0,0.0,0,10.445,3.685,,0.053,0.078,0.134,0.332,0,0,0
304.501,monitoring,,0,0.0,0.0,0,10.445,3.685,,0.053,0.078,0.134,0.332,0,0,0
304.7,monitoring,,0,0.0,0.0,0,10.445,3.685,,0.053,0.078,0.134,0.332,0,0,0
304.8,monitoring,,0,0.0,0.0,0,10.445,3.685,,0.053,0.078,0.134,0.332,0,0,0
304.9,monitoring,,0,0.0,0.0,0,10.445,3.685,,0.053,0.078,0.134,0.332,0,0,0
305.0,monitoring,,0,0.0,0.0,0,10.445,3.685,,0.053,0.078,0.134,0.332,0,0,0
305.1,monitoring,,0,0.0,0.0,0,10.445,3.685,,0.053,0.078,0.134,0.332,0,0,0
305.2,monitoring,,0,0.0,0.0,0,10.445,3.685,,0.053,0.078,0.134,0.332,0,0,0
305.3,monitoring,,0,0.0,0.0,0,10.445,3.685,,0.053,0.078,0.134,0.332,0,0,0
305.4,monitoring,,0,0.0,0.0,0,10.445,3.685,,0.053,0.078,0.134,0.332,0,0,0
305.5,monitoring,,0,0.0,0.0,0,10.445,3.685,,0.053,0.078,0.134,0.332,0,0,0
305.6,monitoring,,0,0.0,0.0,0,10.445,3.685,,0.053,0.078,0.134,0.332,0,0,0
305.7,monitoring,,0,0.0,0.0,0,10.445,3.685,,0.053,0.078,0.134,0.332,0,0,0
305.8,monitoring,,0,0.0,0.0,0,10.445,3.685,,0.053,0.078,0.134,0.332,0,0,0
305.9,monitoring,,0,0.0,0.0,0,10.445,3.685,,0.053,0.078,0.134,0.332,0,0,0
306.0,monitoring,,0,0.0,0.0,0,10.445,3.685,,0.053,0.078,0.134,0.332,0,0,0
306.1,monitoring,,0,0.0,0.0,0,10.445,3.685,,0.053,0.078,0.134,0.332,0,0,0
306.2,monitoring,,0,0.0,0.0,0,10.445,3.685,,0.053,0.078,0.134,0.332,0,0,0
306.3,monitoring,,0,0.0,0.0,0,10.445,3.685,,0.053,0.078,0.134,0.332,0,0,0
306.4,monitoring,,0,0.0,0.0,0,10.445,3.685,,0.053,0.078,0.134,0.332,0,0,0
306.5,monitoring,,0,0.0,0.0,0,10.445,3.685,,0.053,0.078,0.134,0.332,0,0,0
306.6,monitoring,,0,0.0,0.0,0,10.445,3.685,,0.053,0.078,0.134,0.332,0,0,0
306.7,monitoring,,0,0.0,0.0,0,10.445,3.685,,0.053,0.078,0.134,0.332,0,0,0
306.8,monitoring,,0,0.0,0.0,0,10.445,3.685,,0.053,0.078,0.134,0.332,0,0,0
306.9,monitoring,,0,0.0,0.0,0,10.445,3.685,,0.053,0.078,0.134,0.332,0,0,0
307.0,monitoring,,0,0.0,0.0,0,10.445,3.685,,0.053,0.078,0.134,0.332,0,0,0
307.1,monitoring,,0,0.0,0.0,0,10.445,3.685,,0.053,0.078,0.134,0.332,0,0,0
307.2,monitoring,,0,0.0,0.0,0,10.445,3.685,,0.053,0.078,0.134,0.332,0,0,0
307.3,monitoring,,0,0.0,0.0,0,10.445,3.685,,0.053,0.078,0.134,0.332,0,0,0
307.4,monitoring,,0,0.0,0.0,0,10.445,3.685,,0.053,0.078,0.134,0.332,0,0,0
307.5,monitoring,,0,0.0,0.0,0,10.445,3.685,,0.053,0.078,0.134,0.332,0,0,0
307.6,monitoring,,0,0.0,0.0,0,10.445,3.685,,0.053,0.078,0.134,0.332,0,0,0
307.7,monitoring,,0,0.0,0.0,0,10.445,3.685,,0.053,0.078,0.134,0.332,0,0,0
307.8,monitoring,,0,0.0,0.0,0,10.445,3.685,,0.053,0.078,0.134,0.332,0,0,0
307.9,monitoring,,0,0.0,0.0,0,10.445,3.685,,0.053,0.078,0.134,0.332,0,0,0
308.0,monitoring,,0,0.0,0.0,0,10.445,3.685,,0.053,0.078,0.134,0.332,0,0,0
308.1,monitoring,,0,0.0,0.0,0,10.445,3.685,,0.053,0.078,0.134,0.332,0,0,0
308.2,monitoring,,0,0.0,0.0,0,10.445,3.685,,0.053,0.078,0.134,0.332,0,0,0
308.3,monitoring,,0,0.0,0.0,0,10.445,3.685,,0.053,0.078,0.134,0.332,0,0,0
308.4,monitoring,,0,0.0,0.0,0,10.445,3.685,,0.053,0.078,0.134,0.332,0,0,0
308.5,monitoring,,0,0.0,0.0,0,10.445,3.685,,0.053,0.078,0.134,0.332,0,0,0
308.6,monitoring,,0,0.0,0.0,0,10.445,3.685,,0.053,0.078,0.134,0.332,0,0,0
308.7,monitoring,,0,0.0,0.0,0,10.445,3.685,,0.053,0.078,0.134,0.332,0,0,0
308.8,monitoring,,0,0.0,0.0,0,10.445,3.685,,0.053,0.078,0.134,0.332,0,0,0
308.9,monitoring,,0,0.0,0.0,0,10.445,3.685,,0.053,0.078,0.134,0.332,0,0,0
309.0,monitoring,,0,0.0,0.0,0,10.445,3.685,,0.053,0.078,0.134,0.332,0,0,0
309.1,monitoring,,0,0.0,0.0,0,10.445,3.685,,0.053,0.078,0.134,0.332,0,0,0
309.2,monitoring,,0,0.0,0.0,0,10.445,3.685,,0.053,0.078,0.134,0.332,0,0,0
309.3,monitoring,,0,0.0,0.0,0,10.445,3.685,,0.053,0.078,0.134,0.332,0,0,0
309.4,monitoring,,0,0.0,0.0,0,10.445,3.685,,0.053,0.078,0.134,0.332,0,0,0
309.5,monitoring,,0,0.0,0.0,0,10.445,3.685,,0.053,0.078,0.134,0.332,0,0,0
309.6,monitoring,,0,0.0,0.0,0,10.445,3.685,,0.053,0.078,0.134,0.332,0,0,0
309.7,monitoring,,0,0.0,0.0,0,10.445,3.685,,0.053,0.078,0.134,0.332,0,0,0
309.8,monitoring,,0,0.0,0.0,0,10.445,3.685,,0.053,0.078,0.134,0.332,0,0,0
309.9,monitoring,,0,0.0,0.0,0,10.445,3.685,,0.053,0.078,0.134,0.332,0,0,0
310.0,monitoring,,0,0.0,0.0,0,10.445,3.685,,0.053,0.078,0.134,0.332,0,0,0
310.1,monitoring,,0,0.0,0.0,0,10.445,3.685,,0.053,0.078,0.134,0.332,0,0,0
310.2,monitoring,,0,0.0,0.0,0,10.445,3.685,,0.053,0.078,0.134,0.332,0,0,0
310.3,monitoring,,0,0.0,0.0,0,10.445,3.685,,0.053,0.078,0.134,0.332,0,0,0
310.4,monitoring,,0,0.0,0.0,0,10.445,3.685,,0.053,0.078,0.134,0.332,0,0,0
310.5,monitoring,,0,0.0,0.0,0,10.445,3.685,,0.053,0.078,0.134,0.332,0,0,0
310.6,monitoring,,0,0.0,0.0,0,10.445,3.685,,0.053,0.078,0.134,0.332,0,0,0
310.7,monitoring,,0,0.0,0.0,0,10.445,3.685,,0.053,0.078,0.134,0.332,0,0,0
310.8,monitoring,,0,0.0,0.0,0,10.445,3.685,,0.053,0.078,0.134,0.332,0,0,0
310.9,monitoring,,0,0.0,0.0,0,10.445,3.685,,0.053,0.078,0.134,0.332,0,0,0
311.0,monitoring,,0,0.0,0.0,0,10.445,3.685,,0.053,0.078,0.134,0.332,0,0,0
311.1,monitoring,,0,0.0,0.0,0,10.445,3.685,,0.053,0.078,0.134,0.332,0,0,0
311.2,monitoring,,0,0.0,0.0,0,10.445,3.685,,0.053,0.078,0.134,0.332,0,0,0
311.3,monitoring,,0,0.0,0.0,0,10.445,3.685,,0.053,0.078,0.134,0.332,0,0,0
311.4,monitoring,,0,0.0,0.0,0,10.445,3.685,,0.053,0.078,0.134,0.332,0,0,0
311.5,monitoring,,0,0.0,0.0,0,10.445,3.685,,0.053,0.078,0.134,0.332,0,0,0
311.6,monitoring,,0,0.0,0.0,0,10.445,3.685,,0.053,0.078,0.134,0.332,0,0,0
311.7,monitoring,,0,0.0,0.0,0,10.445,3.685,,0.053,0.078,0.134,0.332,0,0,0
311.8,monitoring,,0,0.0,0.0,0,10.445,3.685,,0.053,0.078,0.134,0.332,0,0,0
311.9,monitoring,,0,0.0,0.0,0,10.445,3.685,,0.053,0.078,0.134,0.332,0,0,0
312.0,monitoring,,0,0.0,0.0,0,10.445,3.685,,0.053,0.078,0.134,0.332,0,0,0
312.1,monitoring,,0,0.0,0.0,0,10.445,3.685,,0.053,0.078,0.134,0.332,0,0,0
312.2,monitoring,,0,0.0,0.0,0,10.445,3.685,,0.053,0.078,0.134,0.332,0,0,0
312.3,monitoring,,0,0.0,0.0,0,10.445,3.685,,0.053,0.078,0.134,0.332,0,0,0
312.4,monitoring,,0,0.0,0.0,0,10.445,3.685,,0.053,0.078,0.134,0.332,0,0,0
312.5,monitoring,,0,0.0,0.0,0,10.445,3.685,,0.053,0.078,0.134,0.332,0,0,0
312.6,monitoring,,0,0.0,0.0,0,10.445,3.685,,0.053,0.078,0.134,0.332,0,0,0
312.7,monitoring,,0,0.0,0.0,0,10.445,3.685,,0.053,0.078,0.134,0.332,0,0,0
312.8,monitoring,,0,0.0,0.0,0,10.445,3.685,,0.053,0.078,0.134,0.332,0,0,0
312.9,monitoring,,0,0.0,0.0,0,10.445,3.685,,0.053,0.078,0.134,0.332,0,0,0
313.0,monitoring,,0,0.0,0.0,0,10.445,3.685,,0.053,0.078,0.134,0.332,0,0,0
313.1,monitoring,,0,0.0,0.0,0,10.445,3.685,,0.053,0.078,0.134,0.332,0,0,0
313.2,monitoring,,0,0.0,0.0,0,10.445,3.685,,0.053,0.078,0.134,0.332,0,0,0
313.3,monitoring,,0,0.0,0.0,0,10.445,3.685,,0.053,0.078,0.134,0.332,0,0,0
313.4,monitoring,,0,0.0,0.0,0,10.445,3.685,,0.053,0.078,0.134,0.332,0,0,0
313.5,monitoring,,0,0.0,0.0,0,10.445,3.685,,0.053,0.078,0.134,0.332,0,0,0
313.6,monitoring,,0,0.0,0.0,0,10.445,3.685,,0.053,0.078,0.134,0.332,0,0,0
313.7,monitoring,,0,0.0,0.0,0,10.445,3.685,,0.053,0.078,0.134,0.332,0,0,0
313.8,monitoring,,0,0.0,0.0,0,10.445,3.685,,0.053,0.078,0.134,0.332,0,0,0
313.9,monitoring,,0,0.0,0.0,0,10.445,3.685,,0.053,0.078,0.134,0.332,0,0,0
314.0,monitoring,,0,0.0,0.0,0,10.445,3.685,,0.053,0.078,0.134,0.332,0,0,0
314.1,monitoring,,0,0.0,0.0,0,10.445,3.685,,0.053,0.078,0.134,0.332,0,0,0
314.2,monitoring,,0,0.0,0.0,0,10.445,3.685,,0.053,0.078,0.134,0.332,0,0,0
314.3,monitoring,,0,0.0,0.0,0,10.445,3.685,,0.053,0.078,0.134,0.332,0,0,0
314.4,monitoring,,0,0.0,0.0,0,10.445,3.685,,0.053,0.078,0.134,0.332,0,0,0
314.5,monitoring,,0,0.0,0.0,0,10.445,3.685,,0.053,0.078,0.134,0.332,0,0,0
314.6,monitoring,,0,0.0,0.0,0,10.445,3.685,,0.053,0.078,0.134,0.332,0,0,0
314.7,monitoring,,0,0.0,0.0,0,10.445,3.685,,0.053,0.078,0.134,0.332,0,0,0
314.8,monitoring,,0,0.0,0.0,0,10.445,3.685,,0.053,0.078,0.134,0.332,0,0,0
314.9,monitoring,,0,0.0,0.0,0,10.445,3.685,,0.053,0.078,0.134,0.332,0,0,0
315.0,monitoring,,0,0.0,0.0,0,10.445,3.685,,0.053,0.078,0.134,0.332,0,0,0
315.1,monitoring,,0,0.0,0.0,0,10.445,3.685,,0.053,0.078,0.134,0.332,0,0,0
315.2,monitoring,,0,0.0,0.0,0,10.445,3.685,,0.053,0.078,0.134,0.332,0,0,0
315.3,monitoring,,0,0.0,0.0,0,10.445,3.685,,0.053,0.078,0.134,0.332,0,0,0
315.4,monitoring,,0,0.0,0.0,0,10.445,3.685,,0.053,0.078,0.134,0.332,0,0,0
315.5,monitoring,,0,0.0,0.0,0,10.445,3.685,,0.053,0.078,0.134,0.332,0,0,0
315.6,monitoring,,0,0.0,0.0,0,10.445,3.685,,0.053,0.078,0.134,0.332,0,0,0
315.7,monitoring,,0,0.0,0.0,0,10.445,3.685,,0.053,0.078,0.134,0.332,0,0,0
315.8,monitoring,,0,0.0,0.0,0,10.445,3.685,,0.053,0.078,0.134,0.332,0,0,0
315.9,monitoring,,0,0.0,0.0,0,10.445,3.685,,0.053,0.078,0.134,0.332,0,0,0
316.0,monitoring,,0,0.0,0.0,0,10.445,3.685,,0.053,0.078,0.134,0.332,0,0,0
316.1,monitoring,,0,0.0,0.0,0,10.445,3.685,,0.053,0.078,0.134,0.332,0,0,0
316.2,monitoring,,0,0.0,0.0,0,10.445,3.685,,0.053,0.078,0.134,0.332,0,0,0
316.3,monitoring,,0,0.0,0.0,0,10.445,3.685,,0.053,0.078,0.134,0.332,0,0,0
316.4,monitoring,,0,0.0,0.0,0,10.445,3.685,,0.053,0.078,0.134,0.332,0,0,0
316.5,monitoring,,0,0.0,0.0,0,10.445,3.685,,0.053,0.078,0.134,0.332,0,0,0
316.6,monitoring,,0,0.0,0.0,0,10.445,3.685,,0.053,0.078,0.134,0.332,0,0,0
316.7,monitoring,,0,0.0,0.0,0,10.445,3.685,,0.053,0.078,0.134,0.332,0,0,0
316.8,monitoring,,0,0.0,0.0,0,10.445,3.685,,0.053,0.078,0.134,0.332,0,0,0
316.9,monitoring,,0,0.0,0.0,0,10.445,3.685,,0.053,0.078,0.134,0.332,0,0,0
317.0,monitoring,,0,0.0,0.0,0,10.445,3.685,,0.053,0.078,0.134,0.332,0,0,0
317.1,monitoring,,0,0.0,0.0,0,10.445,3.685,,0.053,0.078,0.134,0.332,0,0,0
317.2,monitoring,,0,0.0,0.0,0,10.445,3.685,,0.053,0.078,0.134,0.332,0,0,0
317.3,monitoring,,0,0.0,0.0,0,10.445,3.685,,0.053,0.078,0.134,0.332,0,0,0
317.4,monitoring,,0,0.0,0.0,0,10.445,3.685,,0.053,0.078,0.134,0.332,0,0,0
317.5,monitoring,,0,0.0,0.0,0,10.445,3.685,,0.053,0.078,0.134,0.332,0,0,0
317.6,monitoring,,0,0.0,0.0,0,10.445,3.685,,0.053,0.078,0.134,0.332,0,0,0
317.7,monitoring,,0,0.0,0.0,0,10.445,3.685,,0.053,0.078,0.134,0.332,0,0,0
317.8,monitoring,,0,0.0,0.0,0,10.445,3.685,,0.053,0.078,0.134,0.332,0,0,0
317.9,monitoring,,0,0.0,0.0,0,10.445,3.685,,0.053,0.078,0.134,0.332,0,0,0
318.0,monitoring,,0,0.0,0.0,0,10.445,3.685,,0.053,0.078,0.134,0.332,0,0,0
318.1,monitoring,,0,0.0,0.0,0,10.445,3.685,,0.053,0.078,0.134,0.332,0,0,0
318.2,monitoring,,0,0.0,0.0,0,10.445,3.685,,0.053,0.078,0.134,0.332,0,0,0
318.3,monitoring,,0,0.0,0.0,0,10.445,3.685,,0.053,0.078,0.134,0.332,0,0,0
318.4,monitoring,,0,0.0,0.0,0,10.445,3.685,,0.053,0.078,0.134,0.332,0,0,0
318.5,monitoring,,0,0.0,0.0,0,10.445,3.685,,0.053,0.078,0.134,0.332,0,0,0
318.6,monitoring,,0,0.0,0.0,0,10.445,3.685,,0.053,0.078,0.134,0.332,0,0,0
318.7,monitoring,,0,0.0,0.0,0,10.445,3.685,,0.053,0.078,0.134,0.332,0,0,0
318.8,monitoring,,0,0.0,0.0,0,10.445,3.685,,0.053,0.078,0.134,0.332,0,0,0
318.9,monitoring,,0,0.0,0.0,0,10.445,3.685,,0.053,0.078,0.134,0.332,0,0,0
319.0,monitoring,,0,0.0,0.0,0,10.445,3.685,,0.053,0.078,0.134,0.332,0,0,0
319.1,monitoring,,0,0.0,0.0,0,10.445,3.685,,0.053,0.078,0.134,0.332,0,0,0
319.2,monitoring,,0,0.0,0.0,0,10.445,3.685,,0.053,0.078,0.134,0.332,0,0,0
319.3,monitoring,,0,0.0,0.0,0,10.445,3.685,,0.053,0.078,0.134,0.332,0,0,0
319.4,monitoring,,0,0.0,0.0,0,10.445,3.685,,0.053,0.078,0.134,0.332,0,0,0
319.5,monitoring,,0,0.0,0.0,0,10.445,3.685,,0.053,0.078,0.134,0.332,0,0,0
319.6,monitoring,,0,0.0,0.0,0,10.445,3.685,,0.053,0.078,0.134,0.332,0,0,0
319.7,monitoring,,0,0.0,0.0,0,10.445,3.685,,0.053,0.078,0.134,0.332,0,0,0
319.8,monitoring,,0,0.0,0.0,0,10.445,3.685,,0.053,0.078,0.134,0.332,0,0,0
319.9,monitoring,,0,0.0,0.0,0,10.445,3.685,,0.053,0.078,0.134,0.332,0,0,0
320.0,monitoring,,0,0.0,0.0,0,10.445,3.685,,0.053,0.078,0.134,0.332,0,0,0
320.1,monitoring,,0,0.0,0.0,0,10.445,3.685,,0.053,0.078,0.134,0.332,0,0,0
320.2,monitoring,,0,0.0,0.0,0,10.445,3.685,,0.053,0.078,0.134,0.332,0,0,0
320.3,monitoring,,0,0.0,0.0,0,10.445,3.685,,0.053,0.078,0.134,0.332,0,0,0
320.4,monitoring,,0,0.0,0.0,0,10.445,3.685,,0.053,0.078,0.134,0.332,0,0,0
320.5,monitoring,,0,0.0,0.0,0,10.445,3.685,,0.053,0.078,0.134,0.332,0,0,0
320.6,monitoring,,0,0.0,0.0,0,10.445,3.685,,0.053,0.078,0.134,0.332,0,0,0
320.7,monitoring,,0,0.0,0.0,0,10.445,3.685,,0.053,0.078,0.134,0.332,0,0,0
320.8,monitoring,,0,0.0,0.0,0,10.445,3.685,,0.053,0.078,0.134,0.332,0,0,0
320.9,monitoring,,0,0.0,0.0,0,10.445,3.685,,0.053,0.078,0.134,0.332,0,0,0
321.0,monitoring,,0,0.0,0.0,0,10.445,3.685,,0.053,0.078,0.134,0.332,0,0,0
321.1,monitoring,,0,0.0,0.0,0,10.445,3.685,,0.053,0.078,0.134,0.332,0,0,0
321.2,monitoring,,0,0.0,0.0,0,10.445,3.685,,0.053,0.078,0.134,0.332,0,0,0
321.3,monitoring,,0,0.0,0.0,0,10.445,3.685,,0.053,0.078,0.134,0.332,0,0,0
321.4,monitoring,,0,0.0,0.0,0,10.445,3.685,,0.053,0.078,0.134,0.332,0,0,0
321.5,monitoring,,0,0.0,0.0,0,10.445,3.685,,0.053,0.078,0.134,0.332,0,0,0
321.6,monitoring,,0,0.0,0.0,0,10.445,3.685,,0.053,0.078,0.134,0.332,0,0,0
321.7,monitoring,,0,0.0,0.0,0,10.445,3.685,,0.053,0.078,0.134,0.332,0,0,0
321.8,monitoring,,0,0.0,0.0,0,10.445,3.685,,0.053,0.078,0.134,0.332,0,0,0
321.9,monitoring,,0,0.0,0.0,0,10.445,3.685,,0.053,0.078,0.134,0.332,0,0,0
322.0,monitoring,,0,0.0,0.0,0,10.445,3.685,,0.053,0.078,0.134,0.332,0,0,0
322.1,monitoring,,0,0.0,0.0,0,10.445,3.685,,0.053,0.078,0.134,0.332,0,0,0
322.2,monitoring,,0,0.0,0.0,0,10.445,3.685,,0.053,0.078,0.134,0.332,0,0,0
322.3,monitoring,,0,0.0,0.0,0,10.445,3.685,,0.053,0.078,0.134,0.332,0,0,0
322.4,monitoring,,0,0.0,0.0,0,10.445,3.685,,0.053,0.078,0.134,0.332,0,0,0
322.5,monitoring,,0,0.0,0.0,0,10.445,3.685,,0.053,0.078,0.134,0.332,0,0,0
322.6,monitoring,,0,0.0,0.0,0,10.445,3.685,,0.053,0.078,0.134,0.332,0,0,0
322.7,monitoring,,0,0.0,0.0,0,10.445,3.685,,0.053,0.078,0.134,0.332,0,0,0
322.8,monitoring,,0,0.0,0.0,0,10.445,3.685,,0.053,0.078,0.134,0.332,0,0,0
322.9,monitoring,,0,0.0,0.0,0,10.445,3.685,,0.053,0.078,0.134,0.332,0,0,0
323.0,monitoring,,0,0.0,0.0,0,10.445,3.685,,0.053,0.078,0.134,0.332,0,0,0
323.1,monitoring,,0,0.0,0.0,0,10.445,3.685,,0.053,0.078,0.134,0.332,0,0,0
323.2,monitoring,,0,0.0,0.0,0,10.445,3.685,,0.053,0.078,0.134,0.332,0,0,0
323.3,monitoring,,0,0.0,0.0,0,10.445,3.685,,0.053,0.078,0.134,0.332,0,0,0
323.4,monitoring,,0,0.0,0.0,0,10.445,3.685,,0.053,0.078,0.134,0.332,0,0,0
323.5,monitoring,,0,0.0,0.0,0,10.445,3.685,,0.053,0.078,0.134,0.332,0,0,0
323.6,monitoring,,0,0.0,0.0,0,10.445,3.685,,0.053,0.078,0.134,0.332,0,0,0
323.7,monitoring,,0,0.0,0.0,0,10.445,3.685,,0.053,0.078,0.134,0.332,0,0,0
323.8,monitoring,,0,0.0,0.0,0,10.445,3.685,,0.053,0.078,0.134,0.332,0,0,0
323.9,monitoring,,0,0.0,0.0,0,10.445,3.685,,0.053,0.078,0.134,0.332,0,0,0
324.0,monitoring,,0,0.0,0.0,0,10.445,3.685,,0.053,0.078,0.134,0.332,0,0,0
324.1,monitoring,,0,0.0,0.0,0,10.445,3.685,,0.053,0.078,0.134,0.332,0,0,0
324.2,monitoring,,0,0.0,0.0,0,10.445,3.685,,0.053,0.078,0.134,0.332,0,0,0
324.3,monitoring,,0,0.0,0.0,0,10.445,3.685,,0.053,0.078,0.134,0.332,0,0,0
324.4,monitoring,,0,0.0,0.0,0,10.445,3.685,,0.053,0.078,0.134,0.332,0,0,0
324.5,monitoring,,0,0.0,0.0,0,10.445,3.685,,0.053,0.078,0.134,0.332,0,0,0
324.6,monitoring,,0,0.0,0.0,0,10.445,3.685,,0.053,0.078,0.134,0.332,0,0,0
324.7,monitoring,,0,0.0,0.0,0,10.445,3.685,,0.053,0.078,0.134,0.332,0,0,0
324.8,monitoring,,0,0.0,0.0,0,10.445,3.685,,0.053,0.078,0.134,0.332,0,0,0
324.9,monitoring,,0,0.0,0.0,0,10.445,3.685,,0.053,0.078,0.134,0.332,0,0,0
325.0,monitoring,,0,0.0,0.0,0,10.445,3.685,,0.053,0.078,0.134,0.332,0,0,0
325.1,monitoring,,0,0.0,0.0,0,10.445,3.685,,0.053,0.078,0.134,0.332,0,0,0
325.2,monitoring,,0,0.0,0.0,0,10.445,3.685,,0.053,0.078,0.134,0.332,0,0,0
325.3,monitoring,,0,0.0,0.0,0,10.445,3.685,,0.053,0.078,0.134,0.332,0,0,0
325.4,monitoring,,0,0.0,0.0,0,10.445,3.685,,0.053,0.078,0.134,0.332,0,0,0
325.5,monitoring,,0,0.0,0.0,0,10.445,3.685,,0.053,0.078,0.134,0.332,0,0,0
325.6,monitoring,,0,0.0,0.0,0,10.445,3.685,,0.053,0.078,0.134,0.332,0,0,0
325.7,monitoring,,0,0.0,0.0,0,10.445,3.685,,0.053,0.078,0.134,0.332,0,0,0
325.8,monitoring,,0,0.0,0.0,0,10.445,3.685,,0.053,0.078,0.134,0.332,0,0,0
325.9,monitoring,,0,0.0,0.0,0,10.445,3.685,,0.053,0.078,0.134,0.332,0,0,0
326.0,monitoring,,0,0.0,0.0,0,10.445,3.685,,0.053,0.078,0.134,0.332,0,0,0
326.1,monitoring,,0,0.0,0.0,0,10.445,3.685,,0.053,0.078,0.134,0.332,0,0,0
326.2,monitoring,,0,0.0,0.0,0,10.445,3.685,,0.053,0.078,0.134,0.332,0,0,0
326.3,monitoring,,0,0.0,0.0,0,10.445,3.685,,0.053,0.078,0.134,0.332,0,0,0
326.4,monitoring,,0,0.0,0.0,0,10.445,3.685,,0.053,0.078,0.134,0.332,0,0,0
326.5,monitoring,,0,0.0,0.0,0,10.445,3.685,,0.053,0.078,0.134,0.332,0,0,0
326.6,monitoring,,0,0.0,0.0,0,10.445,3.685,,0.053,0.078,0.134,0.332,0,0,0
326.7,monitoring,,0,0.0,0.0,0,10.445,3.685,,0.053,0.078,0.134,0.332,0,0,0
326.8,monitoring,,0,0.0,0.0,0,10.445,3.685,,0.053,0.078,0.134,0.332,0,0,0
326.9,monitoring,,0,0.0,0.0,0,10.445,3.685,,0.053,0.078,0.134,0.332,0,0,0
327.0,monitoring,,0,0.0,0.0,0,10.445,3.685,,0.053,0.078,0.134,0.332,0,0,0
327.1,monitoring,,0,0.0,0.0,0,10.445,3.685,,0.053,0.078,0.134,0.332,0,0,0
327.2,monitoring,,0,0.0,0.0,0,10.445,3.685,,0.053,0.078,0.134,0.332,0,0,0
327.3,monitoring,,0,0.0,0.0,0,10.445,3.685,,0.053,0.078,0.134,0.332,0,0,0
327.4,monitoring,,0,0.0,0.0,0,10.445,3.685,,0.053,0.078,0.134,0.332,0,0,0
327.5,monitoring,,0,0.0,0.0,0,10.445,3.685,,0.053,0.078,0.134,0.332,0,0,0
327.6,monitoring,,0,0.0,0.0,0,10.445,3.685,,0.053,0.078,0.134,0.332,0,0,0
327.7,monitoring,,0,0.0,0.0,0,10.445,3.685,,0.053,0.078,0.134,0.332,0,0,0
327.8,monitoring,,0,0.0,0.0,0,10.445,3.685,,0.053,0.078,0.134,0.332,0,0,0
327.9,monitoring,,0,0.0,0.0,0,10.445,3.685,,0.053,0.078,0.134,0.332,0,0,0
328.0,monitoring,,0,0.0,0.0,0,10.445,3.685,,0.053,0.078,0.134,0.332,0,0,0
328.1,monitoring,,0,0.0,0.0,0,10.445,3.685,,0.053,0.078,0.134,0.332,0,0,0
328.2,monitoring,,0,0.0,0.0,0,10.445,3.685,,0.053,0.078,0.134,0.332,0,0,0
328.3,monitoring,,0,0.0,0.0,0,10.445,3.685,,0.053,0.078,0.134,0.332,0,0,0
328.4,monitoring,,0,0.0,0.0,0,10.445,3.685,,0.053,0.078,0.134,0.332,0,0,0
328.5,monitoring,,0,0.0,0.0,0,10.445,3.685,,0.053,0.078,0.134,0.332,0,0,0
328.6,monitoring,,0,0.0,0.0,0,10.445,3.685,,0.053,0.078,0.134,0.332,0,0,0
328.7,monitoring,,0,0.0,0.0,0,10.445,3.685,,0.053,0.078,0.134,0.332,0,0,0
328.8,monitoring,,0,0.0,0.0,0,10.445,3.685,,0.053,0.078,0.134,0.332,0,0,0
328.9,monitoring,,0,0.0,0.0,0,10.445,3.685,,0.053,0.078,0.134,0.332,0,0,0
329.0,monitoring,,0,0.0,0.0,0,10.445,3.685,,0.053,0.078,0.134,0.332,0,0,0
329.1,monitoring,,0,0.0,0.0,0,10.445,3.685,,0.053,0.078,0.134,0.332,0,0,0
329.2,monitoring,,0,0.0,0.0,0,10.445,3.685,,0.053,0.078,0.134,0.332,0,0,0
329.3,monitoring,,0,0.0,0.0,0,10.445,3.685,,0.053,0.078,0.134,0.332,0,0,0
329.4,monitoring,,0,0.0,0.0,0,10.445,3.685,,0.053,0.078,0.134,0.332,0,0,0
329.5,monitoring,,0,0.0,0.0,0,10.445,3.685,,0.053,0.078,0.134,0.332,0,0,0
329.6,monitoring,,0,0.0,0.0,0,10.445,3.685,,0.053,0.078,0.134,0.332,0,0,0
329.7,monitoring,,0,0.0,0.0,0,10.445,3.685,,0.053,0.078,0.134,0.332,0,0,0
329.8,monitoring,,0,0.0,0.0,0,10.445,3.685,,0.053,0.078,0.134,0.332,0,0,0
329.9,monitoring,,0,0.0,0.0,0,10.445,3.685,,0.053,0.078,0.134,0.332,0,0,0
330.0,monitoring,,0,0.0,0.0,0,10.445,3.685,,0.053,0.078,0.134,0.332,0,0,0
330.1,monitoring,,0,0.0,0.0,0,10.445,3.685,,0.053,0.078,0.134,0.332,0,0,0
330.2,monitoring,,0,0.0,0.0,0,10.445,3.685,,0.053,0.078,0.134,0.332,0,0,0
330.3,monitoring,,0,0.0,0.0,0,10.445,3.685,,0.053,0.078,0.134,0.332,0,0,0
330.4,monitoring,,0,0.0,0.0,0,10.445,3.685,,0.053,0.078,0.134,0.332,0,0,0
330.5,monitoring,,0,0.0,0.0,0,10.445,3.685,,0.053,0.078,0.134,0.332,0,0,0
330.6,monitoring,,0,0.0,0.0,0,10.445,3.685,,0.053,0.078,0.134,0.332,0,0,0
330.7,monitoring,,0,0.0,0.0,0,10.445,3.685,,0.053,0.078,0.134,0.332,0,0,0
330.8,monitoring,,0,0.0,0.0,0,10.445,3.685,,0.053,0.078,0.134,0.332,0,0,0
330.9,monitoring,,0,0.0,0.0,0,10.445,3.685,,0.053,0.078,0.134,0.332,0,0,0
331.0,monitoring,,0,0.0,0.0,0,10.445,3.685,,0.053,0.078,0.134,0.332,0,0,0
331.1,monitoring,,0,0.0,0.0,0,10.445,3.685,,0.053,0.078,0.134,0.332,0,0,0
331.2,monitoring,,0,0.0,0.0,0,10.445,3.685,,0.053,0.078,0.134,0.332,0,0,0
331.3,monitoring,,0,0.0,0.0,0,10.445,3.685,,0.053,0.078,0.134,0.332,0,0,0
331.4,monitoring,,0,0.0,0.0,0,10.445,3.685,,0.053,0.078,0.134,0.332,0,0,0
331.5,monitoring,,0,0.0,0.0,0,10.445,3.685,,0.053,0.078,0.134,0.332,0,0,0
331.6,monitoring,,0,0.0,0.0,0,10.445,3.685,,0.053,0.078,0.134,0.332,0,0,0
331.7,monitoring,,0,0.0,0.0,0,10.445,3.685,,0.053,0.078,0.134,0.332,0,0,0
331.8,monitoring,,0,0.0,0.0,0,10.445,3.685,,0.053,0.078,0.134,0.332,0,0,0
331.9,monitoring,,0,0.0,0.0,0,10.445,3.685,,0.053,0.078,0.134,0.332,0,0,0
332.0,monitoring,,0,0.0,0.0,0,10.445,3.685,,0.053,0.078,0.134,0.332,0,0,0
332.1,monitoring,,0,0.0,0.0,0,10.445,3.685,,0.053,0.078,0.134,0.332,0,0,0
332.2,monitoring,,0,0.0,0.0,0,10.445,3.685,,0.053,0.078,0.134,0.332,0,0,0
332.3,monitoring,,0,0.0,0.0,0,10.445,3.685,,0.053,0.078,0.134,0.332,0,0,0
332.4,monitoring,,0,0.0,0.0,0,10.445,3.685,,0.053,0.078,0.134,0.332,0,0,0
332.5,monitoring,,0,0.0,0.0,0,10.445,3.685,,0.053,0.078,0.134,0.332,0,0,0
332.6,monitoring,,0,0.0,0.0,0,10.445,3.685,,0.053,0.078,0.134,0.332,0,0,0
332.7,monitoring,,0,0.0,0.0,0,10.445,3.685,,0.053,0.078,0.134,0.332,0,0,0
332.8,monitoring,,0,0.0,0.0,0,10.445,3.685,,0.053,0.078,0.134,0.332,0,0,0
332.9,monitoring,,0,0.0,0.0,0,10.445,3.685,,0.053,0.078,0.134,0.332,0,0,0
333.0,monitoring,,0,0.0,0.0,0,10.445,3.685,,0.053,0.078,0.134,0.332,0,0,0
333.1,monitoring,,0,0.0,0.0,0,10.445,3.685,,0.053,0.078,0.134,0.332,0,0,0
333.2,monitoring,,0,0.0,0.0,0,10.445,3.685,,0.053,0.078,0.134,0.332,0,0,0
333.3,monitoring,,0,0.0,0.0,0,10.445,3.685,,0.053,0.078,0.134,0.332,0,0,0
333.4,monitoring,,0,0.0,0.0,0,10.445,3.685,,0.053,0.078,0.134,0.332,0,0,0
333.5,monitoring,,0,0.0,0.0,0,10.445,3.685,,0.053,0.078,0.134,0.332,0,0,0
333.6,monitoring,,0,0.0,0.0,0,10.445,3.685,,0.053,0.078,0.134,0.332,0,0,0
333.7,monitoring,,0,0.0,0.0,0,10.445,3.685,,0.053,0.078,0.134,0.332,0,0,0
333.8,monitoring,,0,0.0,0.0,0,10.445,3.685,,0.053,0.078,0.134,0.332,0,0,0
333.9,monitoring,,0,0.0,0.0,0,10.445,3.685,,0.053,0.078,0.134,0.332,0,0,0
334.0,monitoring,,0,0.0,0.0,0,10.445,3.685,,0.053,0.078,0.134,0.332,0,0,0
334.1,monitoring,,0,0.0,0.0,0,10.445,3.685,,0.053,0.078,0.134,0.332,0,0,0
334.2,monitoring,,0,0.0,0.0,0,10.445,3.685,,0.053,0.078,0.134,0.332,0,0,0
334.3,monitoring,,0,0.0,0.0,0,10.445,3.685,,0.053,0.078,0.134,0.332,0,0,0
334.4,monitoring,,0,0.0,0.0,0,10.445,3.685,,0.053,0.078,0.134,0.332,0,0,0
334.5,monitoring,,0,0.0,0.0,0,10.445,3.685,,0.053,0.078,0.134,0.332,0,0,0
334.6,monitoring,,0,0.0,0.0,0,10.445,3.685,,0.053,0.078,0.134,0.332,0,0,0
334.7,monitoring,,0,0.0,0.0,0,10.445,3.685,,0.053,0.078,0.134,0.332,0,0,0
334.8,monitoring,,0,0.0,0.0,0,10.445,3.685,,0.053,0.078,0.134,0.332,0,0,0
334.9,monitoring,,0,0.0,0.0,0,10.445,3.685,,0.053,0.078,0.134,0.332,0,0,0
335.0,monitoring,,0,0.0,0.0,0,10.445,3.685,,0.053,0.078,0.134,0.332,0,0,0
335.1,monitoring,,0,0.0,0.0,0,10.445,3.685,,0.053,0.078,0.134,0.332,0,0,0
335.2,monitoring,,0,0.0,0.0,0,10.445,3.685,,0.053,0.078,0.134,0.332,0,0,0
335.3,monitoring,,0,0.0,0.0,0,10.445,3.685,,0.053,0.078,0.134,0.332,0,0,0
335.4,monitoring,,0,0.0,0.0,0,10.445,3.685,,0.053,0.078,0.134,0.332,0,0,0
335.5,monitoring,,0,0.0,0.0,0,10.445,3.685,,0.053,0.078,0.134,0.332,0,0,0
335.6,monitoring,,0,0.0,0.0,0,10.445,3.685,,0.053,0.078,0.134,0.332,0,0,0
335.7,monitoring,,0,0.0,0.0,0,10.445,3.685,,0.053,0.078,0.134,0.332,0,0,0
335.8,monitoring,,0,0.0,0.0,0,10.445,3.685,,0.053,0.078,0.134,0.332,0,0,0
335.9,monitoring,,0,0.0,0.0,0,10.445,3.685,,0.053,0.078,0.134,0.332,0,0,0
336.0,monitoring,,0,0.0,0.0,0,10.445,3.685,,0.053,0.078,0.134,0.332,0,0,0
336.1,monitoring,,0,0.0,0.0,0,10.445,3.685,,0.053,0.078,0.134,0.332,0,0,0
336.2,monitoring,,0,0.0,0.0,0,10.445,3.685,,0.053,0.078,0.134,0.332,0,0,0
336.3,monitoring,,0,0.0,0.0,0,10.445,3.685,,0.053,0.078,0.134,0.332,0,0,0
336.4,monitoring,,0,0.0,0.0,0,10.445,3.685,,0.053,0.078,0.134,0.332,0,0,0
336.5,monitoring,,0,0.0,0.0,0,10.445,3.685,,0.053,0.078,0.134,0.332,0,0,0
336.6,monitoring,,0,0.0,0.0,0,10.445,3.685,,0.053,0.078,0.134,0.332,0,0,0
336.7,monitoring,,0,0.0,0.0,0,10.445,3.685,,0.053,0.078,0.134,0.332,0,0,0
336.8,monitoring,,0,0.0,0.0,0,10.445,3.685,,0.053,0.078,0.134,0.332,0,0,0
336.9,monitoring,,0,0.0,0.0,0,10.445,3.685,,0.053,0.078,0.134,0.332,0,0,0
337.0,monitoring,,0,0.0,0.0,0,10.445,3.685,,0.053,0.078,0.134,0.332,0,0,0
337.1,monitoring,,0,0.0,0.0,0,10.445,3.685,,0.053,0.078,0.134,0.332,0,0,0
337.2,monitoring,,0,0.0,0.0,0,10.445,3.685,,0.053,0.078,0.134,0.332,0,0,0
337.3,monitoring,,0,0.0,0.0,0,10.445,3.685,,0.053,0.078,0.134,0.332,0,0,0
337.4,monitoring,,0,0.0,0.0,0,10.445,3.685,,0.053,0.078,0.134,0.332,0,0,0
337.5,monitoring,,0,0.0,0.0,0,10.445,3.685,,0.053,0.078,0.134,0.332,0,0,0
337.6,monitoring,,0,0.0,0.0,0,10.445,3.685,,0.053,0.078,0.134,0.332,0,0,0
337.7,monitoring,,0,0.0,0.0,0,10.445,3.685,,0.053,0.078,0.134,0.332,0,0,0
337.8,monitoring,,0,0.0,0.0,0,10.445,3.685,,0.053,0.078,0.134,0.332,0,0,0
337.9,monitoring,,0,0.0,0.0,0,10.445,3.685,,0.053,0.078,0.134,0.332,0,0,0
338.0,monitoring,,0,0.0,0.0,0,10.445,3.685,,0.053,0.078,0.134,0.332,0,0,0
338.1,monitoring,,0,0.0,0.0,0,10.445,3.685,,0.053,0.078,0.134,0.332,0,0,0
338.2,monitoring,,0,0.0,0.0,0,10.445,3.685,,0.053,0.078,0.134,0.332,0,0,0
338.3,monitoring,,0,0.0,0.0,0,10.445,3.685,,0.053,0.078,0.134,0.332,0,0,0
338.4,monitoring,,0,0.0,0.0,0,10.445,3.685,,0.053,0.078,0.134,0.332,0,0,0
338.5,monitoring,,0,0.0,0.0,0,10.445,3.685,,0.053,0.078,0.134,0.332,0,0,0
338.6,monitoring,,0,0.0,0.0,0,10.445,3.685,,0.053,0.078,0.134,0.332,0,0,0
338.7,monitoring,,0,0.0,0.0,0,10.445,3.685,,0.053,0.078,0.134,0.332,0,0,0
338.8,monitoring,,0,0.0,0.0,0,10.445,3.685,,0.053,0.078,0.134,0.332,0,0,0
338.9,monitoring,,0,0.0,0.0,0,10.445,3.685,,0.053,0.078,0.134,0.332,0,0,0
339.0,monitoring,,0,0.0,0.0,0,10.445,3.685,,0.053,0.078,0.134,0.332,0,0,0
339.1,monitoring,,0,0.0,0.0,0,10.445,3.685,,0.053,0.078,0.134,0.332,0,0,0
339.2,monitoring,,0,0.0,0.0,0,10.445,3.685,,0.053,0.078,0.134,0.332,0,0,0
339.3,monitoring,,0,0.0,0.0,0,10.445,3.685,,0.053,0.078,0.134,0.332,0,0,0
339.4,monitoring,,0,0.0,0.0,0,10.445,3.685,,0.053,0.078,0.134,0.332,0,0,0
339.5,monitoring,,0,0.0,0.0,0,10.445,3.685,,0.053,0.078,0.134,0.332,0,0,0
339.6,monitoring,,0,0.0,0.0,0,10.445,3.685,,0.053,0.078,0.134,0.332,0,0,0
339.7,monitoring,,0,0.0,0.0,0,10.445,3.685,,0.053,0.078,0.134,0.332,0,0,0
339.8,monitoring,,0,0.0,0.0,0,10.445,3.685,,0.053,0.078,0.134,0.332,0,0,0
339.9,monitoring,,0,0.0,0.0,0,10.445,3.685,,0.053,0.078,0.134,0.332,0,0,0
340.0,monitoring,,0,0.0,0.0,0,10.445,3.685,,0.053,0.078,0.134,0.332,0,0,0
340.1,monitoring,,0,0.0,0.0,0,10.445,3.685,,0.053,0.078,0.134,0.332,0,0,0
340.2,monitoring,,0,0.0,0.0,0,10.445,3.685,,0.053,0.078,0.134,0.332,0,0,0
340.3,monitoring,,0,0.0,0.0,0,10.445,3.685,,0.053,0.078,0.134,0.332,0,0,0
340.4,monitoring,,0,0.0,0.0,0,10.445,3.685,,0.053,0.078,0.134,0.332,0,0,0
340.5,monitoring,,0,0.0,0.0,0,10.445,3.685,,0.053,0.078,0.134,0.332,0,0,0
340.6,monitoring,,0,0.0,0.0,0,10.445,3.685,,0.053,0.078,0.134,0.332,0,0,0
340.7,monitoring,,0,0.0,0.0,0,10.445,3.685,,0.053,0.078,0.134,0.332,0,0,0
340.8,monitoring,,0,0.0,0.0,0,10.445,3.685,,0.053,0.078,0.134,0.332,0,0,0
340.9,monitoring,,0,0.0,0.0,0,10.445,3.685,,0.053,0.078,0.134,0.332,0,0,0
341.0,monitoring,,0,0.0,0.0,0,10.445,3.685,,0.053,0.078,0.134,0.332,0,0,0
341.1,monitoring,,0,0.0,0.0,0,10.445,3.685,,0.053,0.078,0.134,0.332,0,0,0
341.2,monitoring,,0,0.0,0.0,0,10.445,3.685,,0.053,0.078,0.134,0.332,0,0,0
341.3,monitoring,,0,0.0,0.0,0,10.445,3.685,,0.053,0.078,0.134,0.332,0,0,0
341.4,monitoring,,0,0.0,0.0,0,10.445,3.685,,0.053,0.078,0.134,0.332,0,0,0
341.5,monitoring,,0,0.0,0.0,0,10.445,3.685,,0.053,0.078,0.134,0.332,0,0,0
341.6,monitoring,,0,0.0,0.0,0,10.445,3.685,,0.053,0.078,0.134,0.332,0,0,0
341.7,monitoring,,0,0.0,0.0,0,10.445,3.685,,0.053,0.078,0.134,0.332,0,0,0
341.8,monitoring,,0,0.0,0.0,0,10.445,3.685,,0.053,0.078,0.134,0.332,0,0,0
341.9,monitoring,,0,0.0,0.0,0,10.445,3.685,,0.053,0.078,0.134,0.332,0,0,0
342.0,monitoring,,0,0.0,0.0,0,10.445,3.685,,0.053,0.078,0.134,0.332,0,0,0
342.1,monitoring,,0,0.0,0.0,0,10.445,3.685,,0.053,0.078,0.134,0.332,0,0,0
342.2,monitoring,,0,0.0,0.0,0,10.445,3.685,,0.053,0.078,0.134,0.332,0,0,0
342.3,monitoring,,0,0.0,0.0,0,10.445,3.685,,0.053,0.078,0.134,0.332,0,0,0
342.4,monitoring,,0,0.0,0.0,0,10.445,3.685,,0.053,0.078,0.134,0.332,0,0,0
342.5,monitoring,,0,0.0,0.0,0,10.445,3.685,,0.053,0.078,0.134,0.332,0,0,0
342.6,monitoring,,0,0.0,0.0,0,10.445,3.685,,0.053,0.078,0.134,0.332,0,0,0
342.7,monitoring,,0,0.0,0.0,0,10.445,3.685,,0.053,0.078,0.134,0.332,0,0,0
342.8,monitoring,,0,0.0,0.0,0,10.445,3.685,,0.053,0.078,0.134,0.332,0,0,0
342.9,monitoring,,0,0.0,0.0,0,10.445,3.685,,0.053,0.078,0.134,0.332,0,0,0
343.0,monitoring,,0,0.0,0.0,0,10.445,3.685,,0.053,0.078,0.134,0.332,0,0,0
343.1,monitoring,,0,0.0,0.0,0,10.445,3.685,,0.053,0.078,0.134,0.332,0,0,0
343.2,monitoring,,0,0.0,0.0,0,10.445,3.685,,0.053,0.078,0.134,0.332,0,0,0
343.3,monitoring,,0,0.0,0.0,0,10.445,3.685,,0.053,0.078,0.134,0.332,0,0,0
343.4,monitoring,,0,0.0,0.0,0,10.445,3.685,,0.053,0.078,0.134,0.332,0,0,0
343.5,monitoring,,0,0.0,0.0,0,10.445,3.685,,0.053,0.078,0.134,0.332,0,0,0
343.6,monitoring,,0,0.0,0.0,0,10.445,3.685,,0.053,0.078,0.134,0.332,0,0,0
343.7,monitoring,,0,0.0,0.0,0,10.445,3.685,,0.053,0.078,0.134,0.332,0,0,0
343.8,monitoring,,0,0.0,0.0,0,10.445,3.685,,0.053,0.078,0.134,0.332,0,0,0
343.9,monitoring,,0,0.0,0.0,0,10.445,3.685,,0.053,0.078,0.134,0.332,0,0,0
344.0,monitoring,,0,0.0,0.0,0,10.445,3.685,,0.053,0.078,0.134,0.332,0,0,0
344.1,monitoring,,0,0.0,0.0,0,10.445,3.685,,0.053,0.078,0.134,0.332,0,0,0
344.2,monitoring,,0,0.0,0.0,0,10.445,3.685,,0.053,0.078,0.134,0.332,0,0,0
344.3,monitoring,,0,0.0,0.0,0,10.445,3.685,,0.053,0.078,0.134,0.332,0,0,0
344.4,monitoring,,0,0.0,0.0,0,10.445,3.685,,0.053,0.078,0.134,0.332,0,0,0
344.5,monitoring,,0,0.0,0.0,0,10.445,3.685,,0.053,0.078,0.134,0.332,0,0,0
344.6,monitoring,,0,0.0,0.0,0,10.445,3.685,,0.053,0.078,0.134,0.332,0,0,0
344.7,monitoring,,0,0.0,0.0,0,10.445,3.685,,0.053,0.078,0.134,0.332,0,0,0
344.8,monitoring,,0,0.0,0.0,0,10.445,3.685,,0.053,0.078,0.134,0.332,0,0,0
344.9,monitoring,,0,0.0,0.0,0,10.445,3.685,,0.053,0.078,0.134,0.332,0,0,0
345.0,monitoring,,0,0.0,0.0,0,10.445,3.685,,0.053,0.078,0.134,0.332,0,0,0
345.1,monitoring,,0,0.0,0.0,0,10.445,3.685,,0.053,0.078,0.134,0.332,0,0,0
345.2,monitoring,,0,0.0,0.0,0,10.445,3.685,,0.053,0.078,0.134,0.332,0,0,0
345.3,monitoring,,0,0.0,0.0,0,10.445,3.685,,0.053,0.078,0.134,0.332,0,0,0
345.4,monitoring,,0,0.0,0.0,0,10.445,3.685,,0.053,0.078,0.134,0.332,0,0,0
345.5,monitoring,,0,0.0,0.0,0,10.445,3.685,,0.053,0.078,0.134,0.332,0,0,0
345.6,monitoring,,0,0.0,0.0,0,10.445,3.685,,0.053,0.078,0.134,0.332,0,0,0
345.7,monitoring,,0,0.0,0.0,0,10.445,3.685,,0.053,0.078,0.134,0.332,0,0,0
345.8,monitoring,,0,0.0,0.0,0,10.445,3.685,,0.053,0.078,0.134,0.332,0,0,0
345.9,monitoring,,0,0.0,0.0,0,10.445,3.685,,0.053,0.078,0.134,0.332,0,0,0
346.0,monitoring,,0,0.0,0.0,0,10.445,3.685,,0.053,0.078,0.134,0.332,0,0,0
346.1,monitoring,,0,0.0,0.0,0,10.445,3.685,,0.053,0.078,0.134,0.332,0,0,0
346.2,monitoring,,0,0.0,0.0,0,10.445,3.685,,0.053,0.078,0.134,0.332,0,0,0
346.3,monitoring,,0,0.0,0.0,0,10.445,3.685,,0.053,0.078,0.134,0.332,0,0,0
346.4,monitoring,,0,0.0,0.0,0,10.445,3.685,,0.053,0.078,0.134,0.332,0,0,0
346.5,monitoring,,0,0.0,0.0,0,10.445,3.685,,0.053,0.078,0.134,0.332,0,0,0
346.6,monitoring,,0,0.0,0.0,0,10.445,3.685,,0.053,0.078,0.134,0.332,0,0,0
346.7,monitoring,,0,0.0,0.0,0,10.445,3.685,,0.053,0.078,0.134,0.332,0,0,0
346.8,monitoring,,0,0.0,0.0,0,10.445,3.685,,0.053,0.078,0.134,0.332,0,0,0
346.9,monitoring,,0,0.0,0.0,0,10.445,3.685,,0.053,0.078,0.134,0.332,0,0,0
347.0,monitoring,,0,0.0,0.0,0,10.445,3.685,,0.053,0.078,0.134,0.332,0,0,0
347.1,monitoring,,0,0.0,0.0,0,10.445,3.685,,0.053,0.078,0.134,0.332,0,0,0
347.2,monitoring,,0,0.0,0.0,0,10.445,3.685,,0.053,0.078,0.134,0.332,0,0,0
347.3,monitoring,,0,0.0,0.0,0,10.445,3.685,,0.053,0.078,0.134,0.332,0,0,0
347.4,monitoring,,0,0.0,0.0,0,10.445,3.685,,0.053,0.078,0.134,0.332,0,0,0
347.5,monitoring,,0,0.0,0.0,0,10.445,3.685,,0.053,0.078,0.134,0.332,0,0,0
347.6,monitoring,,0,0.0,0.0,0,10.445,3.685,,0.053,0.078,0.134,0.332,0,0,0
347.7,monitoring,,0,0.0,0.0,0,10.445,3.685,,0.053,0.078,0.134,0.332,0,0,0
347.8,monitoring,,0,0.0,0.0,0,10.445,3.685,,0.053,0.078,0.134,0.332,0,0,0
347.9,monitoring,,0,0.0,0.0,0,10.445,3.685,,0.053,0.078,0.134,0.332,0,0,0
348.0,monitoring,,0,0.0,0.0,0,10.445,3.685,,0.053,0.078,0.134,0.332,0,0,0
348.1,monitoring,,0,0.0,0.0,0,10.445,3.685,,0.053,0.078,0.134,0.332,0,0,0
348.2,monitoring,,0,0.0,0.0,0,10.445,3.685,,0.053,0.078,0.134,0.332,0,0,0
348.3,monitoring,,0,0.0,0.0,0,10.445,3.685,,0.053,0.078,0.134,0.332,0,0,0
348.4,monitoring,,0,0.0,0.0,0,10.445,3.685,,0.053,0.078,0.134,0.332,0,0,0
348.5,monitoring,,0,0.0,0.0,0,10.445,3.685,,0.053,0.078,0.134,0.332,0,0,0
348.6,monitoring,,0,0.0,0.0,0,10.445,3.685,,0.053,0.078,0.134,0.332,0,0,0
348.7,monitoring,,0,0.0,0.0,0,10.445,3.685,,0.053,0.078,0.134,0.332,0,0,0
348.8,monitoring,,0,0.0,0.0,0,10.445,3.685,,0.053,0.078,0.134,0.332,0,0,0
348.9,monitoring,,0,0.0,0.0,0,10.445,3.685,,0.053,0.078,0.134,0.332,0,0,0
349.0,monitoring,,0,0.0,0.0,0,10.445,3.685,,0.053,0.078,0.134,0.332,0,0,0
349.1,monitoring,,0,0.0,0.0,0,10.445,3.685,,0.053,0.078,0.134,0.332,0,0,0
349.2,monitoring,,0,0.0,0.0,0,10.445,3.685,,0.053,0.078,0.134,0.332,0,0,0
349.3,monitoring,,0,0.0,0.0,0,10.445,3.685,,0.053,0.078,0.134,0.332,0,0,0
349.4,monitoring,,0,0.0,0.0,0,10.445,3.685,,0.053,0.078,0.134,0.332,0,0,0
349.5,monitoring,,0,0.0,0.0,0,10.445,3.685,,0.053,0.078,0.134,0.332,0,0,0
349.6,monitoring,,0,0.0,0.0,0,10.445,3.685,,0.053,0.078,0.134,0.332,0,0,0
349.7,monitoring,,0,0.0,0.0,0,10.445,3.685,,0.053,0.078,0.134,0.332,0,0,0
349.8,monitoring,,0,0.0,0.0,0,10.445,3.685,,0.053,0.078,0.134,0.332,0,0,0
349.9,monitoring,,0,0.0,0.0,0,10.445,3.685,,0.053,0.078,0.134,0.332,0,0,0
350.0,monitoring,,0,0.0,0.0,0,10.445,3.685,,0.053,0.078,0.134,0.332,0,0,0
350.1,monitoring,,0,0.0,0.0,0,10.445,3.685,,0.053,0.078,0.134,0.332,0,0,0
350.2,monitoring,,0,0.0,0.0,0,10.445,3.685,,0.053,0.078,0.134,0.332,0,0,0
350.3,monitoring,,0,0.0,0.0,0,10.445,3.685,,0.053,0.078,0.134,0.332,0,0,0
350.4,monitoring,,0,0.0,0.0,0,10.445,3.685,,0.053,0.078,0.134,0.332,0,0,0
350.5,monitoring,,0,0.0,0.0,0,10.445,3.685,,0.053,0.078,0.134,0.332,0,0,0
350.6,monitoring,,0,0.0,0.0,0,10.445,3.685,,0.053,0.078,0.134,0.332,0,0,0
350.7,monitoring,,0,0.0,0.0,0,10.445,3.685,,0.053,0.078,0.134,0.332,0,0,0
350.8,monitoring,,0,0.0,0.0,0,10.445,3.685,,0.053,0.078,0.134,0.332,0,0,0
350.9,monitoring,,0,0.0,0.0,0,10.445,3.685,,0.053,0.078,0.134,0.332,0,0,0
351.0,monitoring,,0,0.0,0.0,0,10.445,3.685,,0.053,0.078,0.134,0.332,0,0,0
351.1,monitoring,,0,0.0,0.0,0,10.445,3.685,,0.053,0.078,0.134,0.332,0,0,0
351.2,monitoring,,0,0.0,0.0,0,10.445,3.685,,0.053,0.078,0.134,0.332,0,0,0
351.3,monitoring,,0,0.0,0.0,0,10.445,3.685,,0.053,0.078,0.134,0.332,0,0,0
351.4,monitoring,,0,0.0,0.0,0,10.445,3.685,,0.053,0.078,0.134,0.332,0,0,0
351.5,monitoring,,0,0.0,0.0,0,10.445,3.685,,0.053,0.078,0.134,0.332,0,0,0
351.6,monitoring,,0,0.0,0.0,0,10.445,3.685,,0.053,0.078,0.134,0.332,0,0,0
351.7,monitoring,,0,0.0,0.0,0,10.445,3.685,,0.053,0.078,0.134,0.332,0,0,0
351.8,monitoring,,0,0.0,0.0,0,10.445,3.685,,0.053,0.078,0.134,0.332,0,0,0
351.9,monitoring,,0,0.0,0.0,0,10.445,3.685,,0.053,0.078,0.134,0.332,0,0,0
352.0,monitoring,,0,0.0,0.0,0,10.445,3.685,,0.053,0.078,0.134,0.332,0,0,0
352.1,monitoring,,0,0.0,0.0,0,10.445,3.685,,0.053,0.078,0.134,0.332,0,0,0
352.2,monitoring,,0,0.0,0.0,0,10.445,3.685,,0.053,0.078,0.134,0.332,0,0,0
352.3,monitoring,,0,0.0,0.0,0,10.445,3.685,,0.053,0.078,0.134,0.332,0,0,0
352.4,monitoring,,0,0.0,0.0,0,10.445,3.685,,0.053,0.078,0.134,0.332,0,0,0
352.5,monitoring,,0,0.0,0.0,0,10.445,3.685,,0.053,0.078,0.134,0.332,0,0,0
352.6,monitoring,,0,0.0,0.0,0,10.445,3.685,,0.053,0.078,0.134,0.332,0,0,0
352.7,monitoring,,0,0.0,0.0,0,10.445,3.685,,0.053,0.078,0.134,0.332,0,0,0
352.8,monitoring,,0,0.0,0.0,0,10.445,3.685,,0.053,0.078,0.134,0.332,0,0,0
352.9,monitoring,,0,0.0,0.0,0,10.445,3.685,,0.053,0.078,0.134,0.332,0,0,0
353.0,monitoring,,0,0.0,0.0,0,10.445,3.685,,0.053,0.078,0.134,0.332,0,0,0
353.1,monitoring,,0,0.0,0.0,0,10.445,3.685,,0.053,0.078,0.134,0.332,0,0,0
353.2,monitoring,,0,0.0,0.0,0,10.445,3.685,,0.053,0.078,0.134,0.332,0,0,0
353.3,monitoring,,0,0.0,0.0,0,10.445,3.685,,0.053,0.078,0.134,0.332,0,0,0
353.4,monitoring,,0,0.0,0.0,0,10.445,3.685,,0.053,0.078,0.134,0.332,0,0,0
353.5,monitoring,,0,0.0,0.0,0,10.445,3.685,,0.053,0.078,0.134,0.332,0,0,0
353.6,monitoring,,0,0.0,0.0,0,10.445,3.685,,0.053,0.078,0.134,0.332,0,0,0
353.7,monitoring,,0,0.0,0.0,0,10.445,3.685,,0.053,0.078,0.134,0.332,0,0,0
353.8,monitoring,,0,0.0,0.0,0,10.445,3.685,,0.053,0.078,0.134,0.332,0,0,0
353.9,monitoring,,0,0.0,0.0,0,10.445,3.685,,0.053,0.078,0.134,0.332,0,0,0
354.0,monitoring,,0,0.0,0.0,0,10.445,3.685,,0.053,0.078,0.134,0.332,0,0,0
354.1,monitoring,,0,0.0,0.0,0,10.445,3.685,,0.053,0.078,0.134,0.332,0,0,0
354.2,monitoring,,0,0.0,0.0,0,10.445,3.685,,0.053,0.078,0.134,0.332,0,0,0
354.3,monitoring,,0,0.0,0.0,0,10.445,3.685,,0.053,0.078,0.134,0.332,0,0,0
354.4,monitoring,,0,0.0,0.0,0,10.445,3.685,,0.053,0.078,0.134,0.332,0,0,0
354.5,monitoring,,0,0.0,0.0,0,10.445,3.685,,0.053,0.078,0.134,0.332,0,0,0
354.6,monitoring,,0,0.0,0.0,0,10.445,3.685,,0.053,0.078,0.134,0.332,0,0,0
354.7,monitoring,,0,0.0,0.0,0,10.445,3.685,,0.053,0.078,0.134,0.332,0,0,0
354.8,monitoring,,0,0.0,0.0,0,10.445,3.685,,0.053,0.078,0.134,0.332,0,0,0
354.9,monitoring,,0,0.0,0.0,0,10.445,3.685,,0.053,0.078,0.134,0.332,0,0,0
355.0,monitoring,,0,0.0,0.0,0,10.445,3.685,,0.053,0.078,0.134,0.332,0,0,0
355.1,monitoring,,0,0.0,0.0,0,10.445,3.685,,0.053,0.078,0.134,0.332,0,0,0
355.2,monitoring,,0,0.0,0.0,0,10.445,3.685,,0.053,0.078,0.134,0.332,0,0,0
355.3,monitoring,,0,0.0,0.0,0,10.445,3.685,,0.053,0.078,0.134,0.332,0,0,0
355.4,monitoring,,0,0.0,0.0,0,10.445,3.685,,0.053,0.078,0.134,0.332,0,0,0
355.5,monitoring,,0,0.0,0.0,0,10.445,3.685,,0.053,0.078,0.134,0.332,0,0,0
355.6,monitoring,,0,0.0,0.0,0,10.445,3.685,,0.053,0.078,0.134,0.332,0,0,0
355.7,monitoring,,0,0.0,0.0,0,10.445,3.685,,0.053,0.078,0.134,0.332,0,0,0
355.8,monitoring,,0,0.0,0.0,0,10.445,3.685,,0.053,0.078,0.134,0.332,0,0,0
355.9,monitoring,,0,0.0,0.0,0,10.445,3.685,,0.053,0.078,0.134,0.332,0,0,0
356.0,monitoring,,0,0.0,0.0,0,10.445,3.685,,0.053,0.078,0.134,0.332,0,0,0
356.1,monitoring,,0,0.0,0.0,0,10.445,3.685,,0.053,0.078,0.134,0.332,0,0,0
356.2,monitoring,,0,0.0,0.0,0,10.445,3.685,,0.053,0.078,0.134,0.332,0,0,0
356.3,monitoring,,0,0.0,0.0,0,10.445,3.685,,0.053,0.078,0.134,0.332,0,0,0
356.4,monitoring,,0,0.0,0.0,0,10.445,3.685,,0.053,0.078,0.134,0.332,0,0,0
356.5,monitoring,,0,0.0,0.0,0,10.445,3.685,,0.053,0.078,0.134,0.332,0,0,0
356.6,monitoring,,0,0.0,0.0,0,10.445,3.685,,0.053,0.078,0.134,0.332,0,0,0
356.7,monitoring,,0,0.0,0.0,0,10.445,3.685,,0.053,0.078,0.134,0.332,0,0,0
356.8,monitoring,,0,0.0,0.0,0,10.445,3.685,,0.053,0.078,0.134,0.332,0,0,0
356.9,monitoring,,0,0.0,0.0,0,10.445,3.685,,0.053,0.078,0.134,0.332,0,0,0
357.0,monitoring,,0,0.0,0.0,0,10.445,3.685,,0.053,0.078,0.134,0.332,0,0,0
357.1,monitoring,,0,0.0,0.0,0,10.445,3.685,,0.053,0.078,0.134,0.332,0,0,0
357.2,monitoring,,0,0.0,0.0,0,10.445,3.685,,0.053,0.078,0.134,0.332,0,0,0
357.3,monitoring,,0,0.0,0.0,0,10.445,3.685,,0.053,0.078,0.134,0.332,0,0,0
357.4,monitoring,,0,0.0,0.0,0,10.445,3.685,,0.053,0.078,0.134,0.332,0,0,0
357.5,monitoring,,0,0.0,0.0,0,10.445,3.685,,0.053,0.078,0.134,0.332,0,0,0
357.6,monitoring,,0,0.0,0.0,0,10.445,3.685,,0.053,0.078,0.134,0.332,0,0,0
357.7,monitoring,,0,0.0,0.0,0,10.445,3.685,,0.053,0.078,0.134,0.332,0,0,0
357.8,monitoring,,0,0.0,0.0,0,10.445,3.685,,0.053,0.078,0.134,0.332,0,0,0
357.9,monitoring,,0,0.0,0.0,0,10.445,3.685,,0.053,0.078,0.134,0.332,0,0,0
358.0,monitoring,,0,0.0,0.0,0,10.445,3.685,,0.053,0.078,0.134,0.332,0,0,0
358.1,monitoring,,0,0.0,0.0,0,10.445,3.685,,0.053,0.078,0.134,0.332,0,0,0
358.2,monitoring,,0,0.0,0.0,0,10.445,3.685,,0.053,0.078,0.134,0.332,0,0,0
358.3,monitoring,,0,0.0,0.0,0,10.445,3.685,,0.053,0.078,0.134,0.332,0,0,0
358.4,monitoring,,0,0.0,0.0,0,10.445,3.685,,0.053,0.078,0.134,0.332,0,0,0
358.5,monitoring,,0,0.0,0.0,0,10.445,3.685,,0.053,0.078,0.134,0.332,0,0,0
358.6,monitoring,,0,0.0,0.0,0,10.445,3.685,,0.053,0.078,0.134,0.332,0,0,0
358.7,monitoring,,0,0.0,0.0,0,10.445,3.685,,0.053,0.078,0.134,0.332,0,0,0
358.8,monitoring,,0,0.0,0.0,0,10.445,3.685,,0.053,0.078,0.134,0.332,0,0,0
358.9,monitoring,,0,0.0,0.0,0,10.445,3.685,,0.053,0.078,0.134,0.332,0,0,0
359.0,monitoring,,0,0.0,0.0,0,10.445,3.685,,0.053,0.078,0.134,0.332,0,0,0
359.1,monitoring,,0,0.0,0.0,0,10.445,3.685,,0.053,0.078,0.134,0.332,0,0,0
359.2,monitoring,,0,0.0,0.0,0,10.445,3.685,,0.053,0.078,0.134,0.332,0,0,0
359.3,monitoring,,0,0.0,0.0,0,10.445,3.685,,0.053,0.078,0.134,0.332,0,0,0
359.4,monitoring,,0,0.0,0.0,0,10.445,3.685,,0.053,0.078,0.134,0.332,0,0,0
359.5,monitoring,,0,0.0,0.0,0,10.445,3.685,,0.053,0.078,0.134,0.332,0,0,0
359.6,monitoring,,0,0.0,0.0,0,10.445,3.685,,0.053,0.078,0.134,0.332,0,0,0
359.7,monitoring,,0,0.0,0.0,0,10.445,3.685,,0.053,0.078,0.134,0.332,0,0,0
359.8,monitoring,,0,0.0,0.0,0,10.445,3.685,,0.053,0.078,0.134,0.332,0,0,0
359.9,monitoring,,0,0.0,0.0,0,10.445,3.685,,0.053,0.078,0.134,0.332,0,0,0
360.0,monitoring,,0,0.0,0.0,0,10.445,3.685,,0.053,0.078,0.134,0.332,0,0,0
360.1,monitoring,,0,0.0,0.0,0,10.445,3.685,,0.053,0.078,0.134,0.332,0,0,0
360.2,monitoring,,0,0.0,0.0,0,10.445,3.685,,0.053,0.078,0.134,0.332,0,0,0
360.3,monitoring,,0,0.0,0.0,0,10.445,3.685,,0.053,0.078,0.134,0.332,0,0,0
360.4,monitoring,,0,0.0,0.0,0,10.445,3.685,,0.053,0.078,0.134,0.332,0,0,0
360.5,monitoring,,0,0.0,0.0,0,10.445,3.685,,0.053,0.078,0.134,0.332,0,0,0
360.6,monitoring,,0,0.0,0.0,0,10.445,3.685,,0.053,0.078,0.134,0.332,0,0,0
360.7,monitoring,,0,0.0,0.0,0,10.445,3.685,,0.053,0.078,0.134,0.332,0,0,0
360.8,monitoring,,0,0.0,0.0,0,10.445,3.685,,0.053,0.078,0.134,0.332,0,0,0
360.9,monitoring,,0,0.0,0.0,0,10.445,3.685,,0.053,0.078,0.134,0.332,0,0,0
361.0,monitoring,,0,0.0,0.0,0,10.445,3.685,,0.053,0.078,0.134,0.332,0,0,0
361.1,monitoring,,0,0.0,0.0,0,10.445,3.685,,0.053,0.078,0.134,0.332,0,0,0
361.2,monitoring,,0,0.0,0.0,0,10.445,3.685,,0.053,0.078,0.134,0.332,0,0,0
361.3,monitoring,,0,0.0,0.0,0,10.445,3.685,,0.053,0.078,0.134,0.332,0,0,0
361.4,monitoring,,0,0.0,0.0,0,10.445,3.685,,0.053,0.078,0.134,0.332,0,0,0
361.5,monitoring,,0,0.0,0.0,0,10.445,3.685,,0.053,0.078,0.134,0.332,0,0,0
361.6,monitoring,,0,0.0,0.0,0,10.445,3.685,,0.053,0.078,0.134,0.332,0,0,0
361.7,monitoring,,0,0.0,0.0,0,10.445,3.685,,0.053,0.078,0.134,0.332,0,0,0
361.8,monitoring,,0,0.0,0.0,0,10.445,3.685,,0.053,0.078,0.134,0.332,0,0,0
361.9,monitoring,,0,0.0,0.0,0,10.445,3.685,,0.053,0.078,0.134,0.332,0,0,0
362.0,monitoring,,0,0.0,0.0,0,10.445,3.685,,0.053,0.078,0.134,0.332,0,0,0
362.1,monitoring,,0,0.0,0.0,0,10.445,3.685,,0.053,0.078,0.134,0.332,0,0,0
362.2,monitoring,,0,0.0,0.0,0,10.445,3.685,,0.053,0.078,0.134,0.332,0,0,0
362.3,monitoring,,0,0.0,0.0,0,10.445,3.685,,0.053,0.078,0.134,0.332,0,0,0
362.4,monitoring,,0,0.0,0.0,0,10.445,3.685,,0.053,0.078,0.134,0.332,0,0,0
362.5,monitoring,,0,0.0,0.0,0,10.445,3.685,,0.053,0.078,0.134,0.332,0,0,0
362.6,monitoring,,0,0.0,0.0,0,10.445,3.685,,0.053,0.078,0.134,0.332,0,0,0
362.7,monitoring,,0,0.0,0.0,0,10.445,3.685,,0.053,0.078,0.134,0.332,0,0,0
362.8,monitoring,,0,0.0,0.0,0,10.445,3.685,,0.053,0.078,0.134,0.332,0,0,0
362.9,monitoring,,0,0.0,0.0,0,10.445,3.685,,0.053,0.078,0.134,0.332,0,0,0
363.0,monitoring,,0,0.0,0.0,0,10.445,3.685,,0.053,0.078,0.134,0.332,0,0,0
363.1,monitoring,,0,0.0,0.0,0,10.445,3.685,,0.053,0.078,0.134,0.332,0,0,0
363.2,monitoring,,0,0.0,0.0,0,10.445,3.685,,0.053,0.078,0.134,0.332,0,0,0
363.3,monitoring,,0,0.0,0.0,0,10.445,3.685,,0.053,0.078,0.134,0.332,0,0,0
363.4,monitoring,,0,0.0,0.0,0,10.445,3.685,,0.053,0.078,0.134,0.332,0,0,0
363.5,monitoring,,0,0.0,0.0,0,10.445,3.685,,0.053,0.078,0.134,0.332,0,0,0
363.601,monitoring,,0,0.0,0.0,0,10.445,3.685,,0.053,0.078,0.134,0.332,0,0,0
363.7,monitoring,,0,0.0,0.0,0,10.445,3.685,,0.053,0.078,0.134,0.332,0,0,0
363.8,monitoring,,0,0.0,0.0,0,10.445,3.685,,0.053,0.078,0.134,0.332,0,0,0
363.9,monitoring,,0,0.0,0.0,0,10.445,3.685,,0.053,0.078,0.134,0.332,0,0,0
364.0,monitoring,,0,0.0,0.0,0,10.445,3.685,,0.053,0.078,0.134,0.332,0,0,0
364.1,monitoring,,0,0.0,0.0,0,10.445,3.685,,0.053,0.078,0.134,0.332,0,0,0
364.2,monitoring,,0,0.0,0.0,0,10.445,3.685,,0.053,0.078,0.134,0.332,0,0,0
364.3,monitoring,,0,0.0,0.0,0,10.445,3.685,,0.053,0.078,0.134,0.332,0,0,0
364.4,monitoring,,0,0.0,0.0,0,10.445,3.685,,0.053,0.078,0.134,0.332,0,0,0
364.5,monitoring,,0,0.0,0.0,0,10.445,3.685,,0.053,0.078,0.134,0.332,0,0,0
364.6,monitoring,,0,0.0,0.0,0,10.445,3.685,,0.053,0.078,0.134,0.332,0,0,0
364.7,monitoring,,0,0.0,0.0,0,10.445,3.685,,0.053,0.078,0.134,0.332,0,0,0
364.8,monitoring,,0,0.0,0.0,0,10.445,3.685,,0.053,0.078,0.134,0.332,0,0,0
364.9,monitoring,,0,0.0,0.0,0,10.445,3.685,,0.053,0.078,0.134,0.332,0,0,0
365.0,monitoring,,0,0.0,0.0,0,10.445,3.685,,0.053,0.078,0.134,0.332,0,0,0
365.1,monitoring,,0,0.0,0.0,0,10.445,3.685,,0.053,0.078,0.134,0.332,0,0,0
365.201,monitoring,,0,0.0,0.0,0,10.445,3.685,,0.053,0.078,0.134,0.332,0,0,0
365.201,monitoring,,0,0.0,0.0,0,10.445,3.685,,0.053,0.078,0.134,0.332,0,0,0
365.4,monitoring,,0,0.0,0.0,0,10.445,3.685,,0.053,0.078,0.134,0.332,0,0,0
365.5,monitoring,,0,0.0,0.0,0,10.445,3.685,,0.053,0.078,0.134,0.332,0,0,0
365.6,monitoring,,0,0.0,0.0,0,10.445,3.685,,0.053,0.078,0.134,0.332,0,0,0
365.7,monitoring,,0,0.0,0.0,0,10.445,3.685,,0.053,0.078,0.134,0.332,0,0,0
365.8,monitoring,,0,0.0,0.0,0,10.445,3.685,,0.053,0.078,0.134,0.332,0,0,0
365.9,monitoring,,0,0.0,0.0,0,10.445,3.685,,0.053,0.078,0.134,0.332,0,0,0
366.0,monitoring,,0,0.0,0.0,0,10.445,3.685,,0.053,0.078,0.134,0.332,0,0,0
366.1,monitoring,,0,0.0,0.0,0,10.445,3.685,,0.053,0.078,0.134,0.332,0,0,0
366.2,monitoring,,0,0.0,0.0,0,10.445,3.685,,0.053,0.078,0.134,0.332,0,0,0
366.3,monitoring,,0,0.0,0.0,0,10.445,3.685,,0.053,0.078,0.134,0.332,0,0,0
366.4,monitoring,,0,0.0,0.0,0,10.445,3.685,,0.053,0.078,0.134,0.332,0,0,0
366.5,monitoring,,0,0.0,0.0,0,10.445,3.685,,0.053,0.078,0.134,0.332,0,0,0
366.6,monitoring,,0,0.0,0.0,0,10.445,3.685,,0.053,0.078,0.134,0.332,0,0,0
366.7,monitoring,,0,0.0,0.0,0,10.445,3.685,,0.053,0.078,0.134,0.332,0,0,0
366.8,monitoring,,0,0.0,0.0,0,10.445,3.685,,0.053,0.078,0.134,0.332,0,0,0
366.9,monitoring,,0,0.0,0.0,0,10.445,3.685,,0.053,0.078,0.134,0.332,0,0,0
367.0,monitoring,,0,0.0,0.0,0,10.445,3.685,,0.053,0.078,0.134,0.332,0,0,0
367.1,monitoring,,0,0.0,0.0,0,10.445,3.685,,0.053,0.078,0.134,0.332,0,0,0
367.2,monitoring,,0,0.0,0.0,0,10.445,3.685,,0.053,0.078,0.134,0.332,0,0,0
367.3,monitoring,,0,0.0,0.0,0,10.445,3.685,,0.053,0.078,0.134,0.332,0,0,0
367.4,monitoring,,0,0.0,0.0,0,10.445,3.685,,0.053,0.078,0.134,0.332,0,0,0
367.5,monitoring,,0,0.0,0.0,0,10.445,3.685,,0.053,0.078,0.134,0.332,0,0,0
367.6,monitoring,,0,0.0,0.0,0,10.445,3.685,,0.053,0.078,0.134,0.332,0,0,0
367.7,monitoring,,0,0.0,0.0,0,10.445,3.685,,0.053,0.078,0.134,0.332,0,0,0
367.8,monitoring,,0,0.0,0.0,0,10.445,3.685,,0.053,0.078,0.134,0.332,0,0,0
367.9,monitoring,,0,0.0,0.0,0,10.445,3.685,,0.053,0.078,0.134,0.332,0,0,0
368.0,monitoring,,0,0.0,0.0,0,10.445,3.685,,0.053,0.078,0.134,0.332,0,0,0
368.1,monitoring,,0,0.0,0.0,0,10.445,3.685,,0.053,0.078,0.134,0.332,0,0,0
368.2,monitoring,,0,0.0,0.0,0,10.445,3.685,,0.053,0.078,0.134,0.332,0,0,0
368.3,monitoring,,0,0.0,0.0,0,10.445,3.685,,0.053,0.078,0.134,0.332,0,0,0
368.4,monitoring,,0,0.0,0.0,0,10.445,3.685,,0.053,0.078,0.134,0.332,0,0,0
368.5,monitoring,,0,0.0,0.0,0,10.445,3.685,,0.053,0.078,0.134,0.332,0,0,0
368.6,monitoring,,0,0.0,0.0,0,10.445,3.685,,0.053,0.078,0.134,0.332,0,0,0
368.7,monitoring,,0,0.0,0.0,0,10.445,3.685,,0.053,0.078,0.134,0.332,0,0,0
368.8,monitoring,,0,0.0,0.0,0,10.445,3.685,,0.053,0.078,0.134,0.332,0,0,0
368.9,monitoring,,0,0.0,0.0,0,10.445,3.685,,0.053,0.078,0.134,0.332,0,0,0
369.0,monitoring,,0,0.0,0.0,0,10.445,3.685,,0.053,0.078,0.134,0.332,0,0,0
369.1,monitoring,,0,0.0,0.0,0,10.445,3.685,,0.053,0.078,0.134,0.332,0,0,0
369.2,monitoring,,0,0.0,0.0,0,10.445,3.685,,0.053,0.078,0.134,0.332,0,0,0
369.3,monitoring,,0,0.0,0.0,0,10.445,3.685,,0.053,0.078,0.134,0.332,0,0,0
369.4,monitoring,,0,0.0,0.0,0,10.445,3.685,,0.053,0.078,0.134,0.332,0,0,0
369.5,monitoring,,0,0.0,0.0,0,10.445,3.685,,0.053,0.078,0.134,0.332,0,0,0
369.6,monitoring,,0,0.0,0.0,0,10.445,3.685,,0.053,0.078,0.134,0.332,0,0,0
369.7,monitoring,,0,0.0,0.0,0,10.445,3.685,,0.053,0.078,0.134,0.332,0,0,0
369.8,monitoring,,0,0.0,0.0,0,10.445,3.685,,0.053,0.078,0.134,0.332,0,0,0
369.9,monitoring,,0,0.0,0.0,0,10.445,3.685,,0.053,0.078,0.134,0.332,0,0,0
370.0,monitoring,,0,0.0,0.0,0,10.445,3.685,,0.053,0.078,0.134,0.332,0,0,0
370.1,monitoring,,0,0.0,0.0,0,10.445,3.685,,0.053,0.078,0.134,0.332,0,0,0
370.2,monitoring,,0,0.0,0.0,0,10.445,3.685,,0.053,0.078,0.134,0.332,0,0,0
370.3,monitoring,,0,0.0,0.0,0,10.445,3.685,,0.053,0.078,0.134,0.332,0,0,0
370.4,monitoring,,0,0.0,0.0,0,10.445,3.685,,0.053,0.078,0.134,0.332,0,0,0
370.5,monitoring,,0,0.0,0.0,0,10.445,3.685,,0.053,0.078,0.134,0.332,0,0,0
370.6,monitoring,,0,0.0,0.0,0,10.445,3.685,,0.053,0.078,0.134,0.332,0,0,0
370.7,monitoring,,0,0.0,0.0,0,10.445,3.685,,0.053,0.078,0.134,0.332,0,0,0
370.801,monitoring,,0,0.0,0.0,0,10.445,3.685,,0.053,0.078,0.134,0.332,0,0,0
370.9,monitoring,,0,0.0,0.0,0,10.445,3.685,,0.053,0.078,0.134,0.332,0,0,0
371.0,monitoring,,0,0.0,0.0,0,10.445,3.685,,0.053,0.078,0.134,0.332,0,0,0
371.1,monitoring,,0,0.0,0.0,0,10.445,3.685,,0.053,0.078,0.134,0.332,0,0,0
371.2,monitoring,,0,0.0,0.0,0,10.445,3.685,,0.053,0.078,0.134,0.332,0,0,0
371.3,monitoring,,0,0.0,0.0,0,10.445,3.685,,0.053,0.078,0.134,0.332,0,0,0
371.4,monitoring,,0,0.0,0.0,0,10.445,3.685,,0.053,0.078,0.134,0.332,0,0,0
371.5,monitoring,,0,0.0,0.0,0,10.445,3.685,,0.053,0.078,0.134,0.332,0,0,0
371.6,monitoring,,0,0.0,0.0,0,10.445,3.685,,0.053,0.078,0.134,0.332,0,0,0
371.7,monitoring,,0,0.0,0.0,0,10.445,3.685,,0.053,0.078,0.134,0.332,0,0,0
371.8,monitoring,,0,0.0,0.0,0,10.445,3.685,,0.053,0.078,0.134,0.332,0,0,0
371.9,monitoring,,0,0.0,0.0,0,10.445,3.685,,0.053,0.078,0.134,0.332,0,0,0
372.0,monitoring,,0,0.0,0.0,0,10.445,3.685,,0.053,0.078,0.134,0.332,0,0,0
372.1,monitoring,,0,0.0,0.0,0,10.445,3.685,,0.053,0.078,0.134,0.332,0,0,0
372.2,monitoring,,0,0.0,0.0,0,10.445,3.685,,0.053,0.078,0.134,0.332,0,0,0
372.3,monitoring,,0,0.0,0.0,0,10.445,3.685,,0.053,0.078,0.134,0.332,0,0,0
372.4,monitoring,,0,0.0,0.0,0,10.445,3.685,,0.053,0.078,0.134,0.332,0,0,0
372.5,monitoring,,0,0.0,0.0,0,10.445,3.685,,0.053,0.078,0.134,0.332,0,0,0
372.601,monitoring,,0,0.0,0.0,0,10.445,3.685,,0.053,0.078,0.134,0.332,0,0,0
372.7,monitoring,,0,0.0,0.0,0,10.445,3.685,,0.053,0.078,0.134,0.332,0,0,0
372.8,monitoring,,0,0.0,0.0,0,10.445,3.685,,0.053,0.078,0.134,0.332,0,0,0
372.9,monitoring,,0,0.0,0.0,0,10.445,3.685,,0.053,0.078,0.134,0.332,0,0,0
373.0,monitoring,,0,0.0,0.0,0,10.445,3.685,,0.053,0.078,0.134,0.332,0,0,0
373.1,monitoring,,0,0.0,0.0,0,10.445,3.685,,0.053,0.078,0.134,0.332,0,0,0
373.2,monitoring,,0,0.0,0.0,0,10.445,3.685,,0.053,0.078,0.134,0.332,0,0,0
373.3,monitoring,,0,0.0,0.0,0,10.445,3.685,,0.053,0.078,0.134,0.332,0,0,0
373.4,monitoring,,0,0.0,0.0,0,10.445,3.685,,0.053,0.078,0.134,0.332,0,0,0
373.5,monitoring,,0,0.0,0.0,0,10.445,3.685,,0.053,0.078,0.134,0.332,0,0,0
373.6,monitoring,,0,0.0,0.0,0,10.445,3.685,,0.053,0.078,0.134,0.332,0,0,0
373.7,monitoring,,0,0.0,0.0,0,10.445,3.685,,0.053,0.078,0.134,0.332,0,0,0
373.8,monitoring,,0,0.0,0.0,0,10.445,3.685,,0.053,0.078,0.134,0.332,0,0,0
373.9,monitoring,,0,0.0,0.0,0,10.445,3.685,,0.053,0.078,0.134,0.332,0,0,0
374.0,monitoring,,0,0.0,0.0,0,10.445,3.685,,0.053,0.078,0.134,0.332,0,0,0
374.1,monitoring,,0,0.0,0.0,0,10.445,3.685,,0.053,0.078,0.134,0.332,0,0,0
374.2,monitoring,,0,0.0,0.0,0,10.445,3.685,,0.053,0.078,0.134,0.332,0,0,0
374.3,monitoring,,0,0.0,0.0,0,10.445,3.685,,0.053,0.078,0.134,0.332,0,0,0
374.4,monitoring,,0,0.0,0.0,0,10.445,3.685,,0.053,0.078,0.134,0.332,0,0,0
374.5,monitoring,,0,0.0,0.0,0,10.445,3.685,,0.053,0.078,0.134,0.332,0,0,0
374.6,monitoring,,0,0.0,0.0,0,10.445,3.685,,0.053,0.078,0.134,0.332,0,0,0
374.7,monitoring,,0,0.0,0.0,0,10.445,3.685,,0.053,0.078,0.134,0.332,0,0,0
374.8,monitoring,,0,0.0,0.0,0,10.445,3.685,,0.053,0.078,0.134,0.332,0,0,0
374.9,monitoring,,0,0.0,0.0,0,10.445,3.685,,0.053,0.078,0.134,0.332,0,0,0
375.0,monitoring,,0,0.0,0.0,0,10.445,3.685,,0.053,0.078,0.134,0.332,0,0,0
375.1,monitoring,,0,0.0,0.0,0,10.445,3.685,,0.053,0.078,0.134,0.332,0,0,0
375.2,monitoring,,0,0.0,0.0,0,10.445,3.685,,0.053,0.078,0.134,0.332,0,0,0
375.3,monitoring,,0,0.0,0.0,0,10.445,3.685,,0.053,0.078,0.134,0.332,0,0,0
375.4,monitoring,,0,0.0,0.0,0,10.445,3.685,,0.053,0.078,0.134,0.332,0,0,0
375.5,monitoring,,0,0.0,0.0,0,10.445,3.685,,0.053,0.078,0.134,0.332,0,0,0
375.6,monitoring,,0,0.0,0.0,0,10.445,3.685,,0.053,0.078,0.134,0.332,0,0,0
375.7,monitoring,,0,0.0,0.0,0,10.445,3.685,,0.053,0.078,0.134,0.332,0,0,0
375.8,monitoring,,0,0.0,0.0,0,10.445,3.685,,0.053,0.078,0.134,0.332,0,0,0
375.9,monitoring,,0,0.0,0.0,0,10.445,3.685,,0.053,0.078,0.134,0.332,0,0,0
376.0,monitoring,,0,0.0,0.0,0,10.445,3.685,,0.053,0.078,0.134,0.332,0,0,0
376.1,monitoring,,0,0.0,0.0,0,10.445,3.685,,0.053,0.078,0.134,0.332,0,0,0
376.2,monitoring,,0,0.0,0.0,0,10.445,3.685,,0.053,0.078,0.134,0.332,0,0,0
376.3,monitoring,,0,0.0,0.0,0,10.445,3.685,,0.053,0.078,0.134,0.332,0,0,0
376.4,monitoring,,0,0.0,0.0,0,10.445,3.685,,0.053,0.078,0.134,0.332,0,0,0
376.5,monitoring,,0,0.0,0.0,0,10.445,3.685,,0.053,0.078,0.134,0.332,0,0,0
376.6,monitoring,,0,0.0,0.0,0,10.445,3.685,,0.053,0.078,0.134,0.332,0,0,0
376.7,monitoring,,0,0.0,0.0,0,10.445,3.685,,0.053,0.078,0.134,0.332,0,0,0
376.8,monitoring,,0,0.0,0.0,0,10.445,3.685,,0.053,0.078,0.134,0.332,0,0,0
376.9,monitoring,,0,0.0,0.0,0,10.445,3.685,,0.053,0.078,0.134,0.332,0,0,0
377.0,monitoring,,0,0.0,0.0,0,10.445,3.685,,0.053,0.078,0.134,0.332,0,0,0
377.1,monitoring,,0,0.0,0.0,0,10.445,3.685,,0.053,0.078,0.134,0.332,0,0,0
377.2,monitoring,,0,0.0,0.0,0,10.445,3.685,,0.053,0.078,0.134,0.332,0,0,0
377.3,monitoring,,0,0.0,0.0,0,10.445,3.685,,0.053,0.078,0.134,0.332,0,0,0
377.4,monitoring,,0,0.0,0.0,0,10.445,3.685,,0.053,0.078,0.134,0.332,0,0,0
377.5,monitoring,,0,0.0,0.0,0,10.445,3.685,,0.053,0.078,0.134,0.332,0,0,0
377.6,monitoring,,0,0.0,0.0,0,10.445,3.685,,0.053,0.078,0.134,0.332,0,0,0
377.7,monitoring,,0,0.0,0.0,0,10.445,3.685,,0.053,0.078,0.134,0.332,0,0,0
377.8,monitoring,,0,0.0,0.0,0,10.445,3.685,,0.053,0.078,0.134,0.332,0,0,0
377.9,monitoring,,0,0.0,0.0,0,10.445,3.685,,0.053,0.078,0.134,0.332,0,0,0
378.0,monitoring,,0,0.0,0.0,0,10.445,3.685,,0.053,0.078,0.134,0.332,0,0,0
378.1,monitoring,,0,0.0,0.0,0,10.445,3.685,,0.053,0.078,0.134,0.332,0,0,0
378.2,monitoring,,0,0.0,0.0,0,10.445,3.685,,0.053,0.078,0.134,0.332,0,0,0
378.3,monitoring,,0,0.0,0.0,0,10.445,3.685,,0.053,0.078,0.134,0.332,0,0,0
378.4,monitoring,,0,0.0,0.0,0,10.445,3.685,,0.053,0.078,0.134,0.332,0,0,0
378.5,monitoring,,0,0.0,0.0,0,10.445,3.685,,0.053,0.078,0.134,0.332,0,0,0
378.6,monitoring,,0,0.0,0.0,0,10.445,3.685,,0.053,0.078,0.134,0.332,0,0,0
378.7,monitoring,,0,0.0,0.0,0,10.445,3.685,,0.053,0.078,0.134,0.332,0,0,0
378.8,monitoring,,0,0.0,0.0,0,10.445,3.685,,0.053,0.078,0.134,0.332,0,0,0
378.9,monitoring,,0,0.0,0.0,0,10.445,3.685,,0.053,0.078,0.134,0.332,0,0,0
379.0,monitoring,,0,0.0,0.0,0,10.445,3.685,,0.053,0.078,0.134,0.332,0,0,0
379.1,monitoring,,0,0.0,0.0,0,10.445,3.685,,0.053,0.078,0.134,0.332,0,0,0
379.2,monitoring,,0,0.0,0.0,0,10.445,3.685,,0.053,0.078,0.134,0.332,0,0,0
379.3,monitoring,,0,0.0,0.0,0,10.445,3.685,,0.053,0.078,0.134,0.332,0,0,0
379.4,monitoring,,0,0.0,0.0,0,10.445,3.685,,0.053,0.078,0.134,0.332,0,0,0
379.5,monitoring,,0,0.0,0.0,0,10.445,3.685,,0.053,0.078,0.134,0.332,0,0,0
379.6,monitoring,,0,0.0,0.0,0,10.445,3.685,,0.053,0.078,0.134,0.332,0,0,0
379.7,monitoring,,0,0.0,0.0,0,10.445,3.685,,0.053,0.078,0.134,0.332,0,0,0
379.8,monitoring,,0,0.0,0.0,0,10.445,3.685,,0.053,0.078,0.134,0.332,0,0,0
379.9,monitoring,,0,0.0,0.0,0,10.445,3.685,,0.053,0.078,0.134,0.332,0,0,0
380.0,monitoring,,0,0.0,0.0,0,10.445,3.685,,0.053,0.078,0.134,0.332,0,0,0
380.1,monitoring,,0,0.0,0.0,0,10.445,3.685,,0.053,0.078,0.134,0.332,0,0,0
380.2,monitoring,,0,0.0,0.0,0,10.445,3.685,,0.053,0.078,0.134,0.332,0,0,0
380.3,monitoring,,0,0.0,0.0,0,10.445,3.685,,0.053,0.078,0.134,0.332,0,0,0
380.4,monitoring,,0,0.0,0.0,0,10.445,3.685,,0.053,0.078,0.134,0.332,0,0,0
380.5,monitoring,,0,0.0,0.0,0,10.445,3.685,,0.053,0.078,0.134,0.332,0,0,0
380.6,monitoring,,0,0.0,0.0,0,10.445,3.685,,0.053,0.078,0.134,0.332,0,0,0
380.7,monitoring,,0,0.0,0.0,0,10.445,3.685,,0.053,0.078,0.134,0.332,0,0,0
380.8,monitoring,,0,0.0,0.0,0,10.445,3.685,,0.053,0.078,0.134,0.332,0,0,0
380.9,monitoring,,0,0.0,0.0,0,10.445,3.685,,0.053,0.078,0.134,0.332,0,0,0
381.0,monitoring,,0,0.0,0.0,0,10.445,3.685,,0.053,0.078,0.134,0.332,0,0,0
381.1,monitoring,,0,0.0,0.0,0,10.445,3.685,,0.053,0.078,0.134,0.332,0,0,0
381.2,monitoring,,0,0.0,0.0,0,10.445,3.685,,0.053,0.078,0.134,0.332,0,0,0
381.3,monitoring,,0,0.0,0.0,0,10.445,3.685,,0.053,0.078,0.134,0.332,0,0,0
381.4,monitoring,,0,0.0,0.0,0,10.445,3.685,,0.053,0.078,0.134,0.332,0,0,0
381.5,monitoring,,0,0.0,0.0,0,10.445,3.685,,0.053,0.078,0.134,0.332,0,0,0
381.6,monitoring,,0,0.0,0.0,0,10.445,3.685,,0.053,0.078,0.134,0.332,0,0,0
381.7,monitoring,,0,0.0,0.0,0,10.445,3.685,,0.053,0.078,0.134,0.332,0,0,0
381.8,monitoring,,0,0.0,0.0,0,10.445,3.685,,0.053,0.078,0.134,0.332,0,0,0
381.9,monitoring,,0,0.0,0.0,0,10.445,3.685,,0.053,0.078,0.134,0.332,0,0,0
382.0,monitoring,,0,0.0,0.0,0,10.445,3.685,,0.053,0.078,0.134,0.332,0,0,0
382.1,monitoring,,0,0.0,0.0,0,10.445,3.685,,0.053,0.078,0.134,0.332,0,0,0
382.2,monitoring,,0,0.0,0.0,0,10.445,3.685,,0.053,0.078,0.134,0.332,0,0,0
382.3,monitoring,,0,0.0,0.0,0,10.445,3.685,,0.053,0.078,0.134,0.332,0,0,0
382.4,monitoring,,0,0.0,0.0,0,10.445,3.685,,0.053,0.078,0.134,0.332,0,0,0
382.5,monitoring,,0,0.0,0.0,0,10.445,3.685,,0.053,0.078,0.134,0.332,0,0,0
382.6,monitoring,,0,0.0,0.0,0,10.445,3.685,,0.053,0.078,0.134,0.332,0,0,0
382.7,monitoring,,0,0.0,0.0,0,10.445,3.685,,0.053,0.078,0.134,0.332,0,0,0
382.8,monitoring,,0,0.0,0.0,0,10.445,3.685,,0.053,0.078,0.134,0.332,0,0,0
382.9,monitoring,,0,0.0,0.0,0,10.445,3.685,,0.053,0.078,0.134,0.332,0,0,0
383.0,monitoring,,0,0.0,0.0,0,10.445,3.685,,0.053,0.078,0.134,0.332,0,0,0
383.1,monitoring,,0,0.0,0.0,0,10.445,3.685,,0.053,0.078,0.134,0.332,0,0,0
383.2,monitoring,,0,0.0,0.0,0,10.445,3.685,,0.053,0.078,0.134,0.332,0,0,0
383.3,monitoring,,0,0.0,0.0,0,10.445,3.685,,0.053,0.078,0.134,0.332,0,0,0
383.4,monitoring,,0,0.0,0.0,0,10.445,3.685,,0.053,0.078,0.134,0.332,0,0,0
383.5,monitoring,,0,0.0,0.0,0,10.445,3.685,,0.053,0.078,0.134,0.332,0,0,0
383.6,monitoring,,0,0.0,0.0,0,10.445,3.685,,0.053,0.078,0.134,0.332,0,0,0
383.7,monitoring,,0,0.0,0.0,0,10.445,3.685,,0.053,0.078,0.134,0.332,0,0,0
383.8,monitoring,,0,0.0,0.0,0,10.445,3.685,,0.053,0.078,0.134,0.332,0,0,0
383.9,monitoring,,0,0.0,0.0,0,10.445,3.685,,0.053,0.078,0.134,0.332,0,0,0
384.0,monitoring,,0,0.0,0.0,0,10.445,3.685,,0.053,0.078,0.134,0.332,0,0,0
384.1,monitoring,,0,0.0,0.0,0,10.445,3.685,,0.053,0.078,0.134,0.332,0,0,0
384.2,monitoring,,0,0.0,0.0,0,10.445,3.685,,0.053,0.078,0.134,0.332,0,0,0
384.3,monitoring,,0,0.0,0.0,0,10.445,3.685,,0.053,0.078,0.134,0.332,0,0,0
384.4,monitoring,,0,0.0,0.0,0,10.445,3.685,,0.053,0.078,0.134,0.332,0,0,0
384.5,monitoring,,0,0.0,0.0,0,10.445,3.685,,0.053,0.078,0.134,0.332,0,0,0
384.6,monitoring,,0,0.0,0.0,0,10.445,3.685,,0.053,0.078,0.134,0.332,0,0,0
384.7,monitoring,,0,0.0,0.0,0,10.445,3.685,,0.053,0.078,0.134,0.332,0,0,0
384.8,monitoring,,0,0.0,0.0,0,10.445,3.685,,0.053,0.078,0.134,0.332,0,0,0
384.9,monitoring,,0,0.0,0.0,0,10.445,3.685,,0.053,0.078,0.134,0.332,0,0,0
385.0,monitoring,,0,0.0,0.0,0,10.445,3.685,,0.053,0.078,0.134,0.332,0,0,0
385.1,monitoring,,0,0.0,0.0,0,10.445,3.685,,0.053,0.078,0.134,0.332,0,0,0
385.2,monitoring,,0,0.0,0.0,0,10.445,3.685,,0.053,0.078,0.134,0.332,0,0,0
385.3,monitoring,,0,0.0,0.0,0,10.445,3.685,,0.053,0.078,0.134,0.332,0,0,0
385.4,monitoring,,0,0.0,0.0,0,10.445,3.685,,0.053,0.078,0.134,0.332,0,0,0
385.5,monitoring,,0,0.0,0.0,0,10.445,3.685,,0.053,0.078,0.134,0.332,0,0,0
385.6,monitoring,,0,0.0,0.0,0,10.445,3.685,,0.053,0.078,0.134,0.332,0,0,0
385.7,monitoring,,0,0.0,0.0,0,10.445,3.685,,0.053,0.078,0.134,0.332,0,0,0
385.8,monitoring,,0,0.0,0.0,0,10.445,3.685,,0.053,0.078,0.134,0.332,0,0,0
385.9,monitoring,,0,0.0,0.0,0,10.445,3.685,,0.053,0.078,0.134,0.332,0,0,0
386.0,monitoring,,0,0.0,0.0,0,10.445,3.685,,0.053,0.078,0.134,0.332,0,0,0
386.1,monitoring,,0,0.0,0.0,0,10.445,3.685,,0.053,0.078,0.134,0.332,0,0,0
386.2,monitoring,,0,0.0,0.0,0,10.445,3.685,,0.053,0.078,0.134,0.332,0,0,0
386.3,monitoring,,0,0.0,0.0,0,10.445,3.685,,0.053,0.078,0.134,0.332,0,0,0
386.4,monitoring,,0,0.0,0.0,0,10.445,3.685,,0.053,0.078,0.134,0.332,0,0,0
386.5,monitoring,,0,0.0,0.0,0,10.445,3.685,,0.053,0.078,0.134,0.332,0,0,0
386.6,monitoring,,0,0.0,0.0,0,10.445,3.685,,0.053,0.078,0.134,0.332,0,0,0
386.7,monitoring,,0,0.0,0.0,0,10.445,3.685,,0.053,0.078,0.134,0.332,0,0,0
386.8,monitoring,,0,0.0,0.0,0,10.445,3.685,,0.053,0.078,0.134,0.332,0,0,0
386.9,monitoring,,0,0.0,0.0,0,10.445,3.685,,0.053,0.078,0.134,0.332,0,0,0
387.0,monitoring,,0,0.0,0.0,0,10.445,3.685,,0.053,0.078,0.134,0.332,0,0,0
387.1,monitoring,,0,0.0,0.0,0,10.445,3.685,,0.053,0.078,0.134,0.332,0,0,0
387.2,monitoring,,0,0.0,0.0,0,10.445,3.685,,0.053,0.078,0.134,0.332,0,0,0
387.3,monitoring,,0,0.0,0.0,0,10.445,3.685,,0.053,0.078,0.134,0.332,0,0,0
387.4,monitoring,,0,0.0,0.0,0,10.445,3.685,,0.053,0.078,0.134,0.332,0,0,0
387.5,monitoring,,0,0.0,0.0,0,10.445,3.685,,0.053,0.078,0.134,0.332,0,0,0
387.6,monitoring,,0,0.0,0.0,0,10.445,3.685,,0.053,0.078,0.134,0.332,0,0,0
387.7,monitoring,,0,0.0,0.0,0,10.445,3.685,,0.053,0.078,0.134,0.332,0,0,0
387.8,monitoring,,0,0.0,0.0,0,10.445,3.685,,0.053,0.078,0.134,0.332,0,0,0
387.9,monitoring,,0,0.0,0.0,0,10.445,3.685,,0.053,0.078,0.134,0.332,0,0,0
