t,state,x,y,yaw_deg,i0,ci,n,aim_x,aim_y,herr_deg,dist_aim,dist_goal,vx,wz,la,clear
1788442671.544,driving,1.0,1.0,0.0,0,30,83,2.475,0.875,-4.8,1.48,4.077,0.3,0.0,1.5,1.56
1788442671.61,driving,1.001,1.0,0.0,0,30,83,2.475,0.875,-4.8,1.48,4.076,0.3,0.0,1.5,1.56
1788442671.678,driving,1.003,1.0,0.0,0,30,83,2.475,0.875,-4.8,1.477,4.074,0.3,0.0,1.5,1.56
1788442671.738,driving,1.013,1.0,0.0,1,31,83,2.525,0.875,-4.8,1.517,4.064,0.3,0.0,1.5,1.56
1788442671.797,driving,1.021,1.0,0.0,1,31,83,2.525,0.875,-4.8,1.51,4.056,0.3,0.0,1.5,1.56
1788442671.857,driving,1.04,1.0,0.0,1,31,83,2.525,0.875,-4.8,1.49,4.037,0.3,0.0,1.5,1.56
1788442671.911,driving,1.05,1.0,0.0,1,31,83,2.525,0.875,-4.8,1.48,4.027,0.3,0.0,1.5,1.56
1788442671.966,driving,1.071,1.0,0.0,2,32,83,2.575,0.875,-4.8,1.51,4.006,0.3,0.0,1.5,1.56
1788442672.016,driving,1.081,1.0,0.0,2,32,83,2.575,0.875,-4.8,1.499,3.996,0.3,0.0,1.5,1.56
1788442672.072,driving,1.091,1.0,0.0,2,32,83,2.575,0.875,-4.8,1.489,3.986,0.3,0.0,1.5,1.56
1788442672.124,driving,1.111,1.0,0.0,3,33,83,2.625,0.875,-4.8,1.519,3.966,0.3,0.0,1.5,1.56
1788442672.179,driving,1.122,1.0,0.0,3,33,83,2.625,0.875,-4.8,1.509,3.955,0.3,0.0,1.5,1.56
1788442672.233,driving,1.142,1.0,0.0,3,33,83,2.625,0.875,-4.8,1.488,3.935,0.3,0.0,1.5,1.56
1788442672.293,driving,1.152,1.0,0.0,3,33,83,2.625,0.875,-4.8,1.478,3.925,0.3,0.0,1.5,1.56
1788442672.353,driving,1.173,1.0,0.0,4,34,83,2.675,0.875,-4.8,1.508,3.904,0.3,0.0,1.5,1.56
1788442672.418,driving,1.183,1.0,0.0,4,34,83,2.675,0.875,-4.8,1.497,3.894,0.3,0.0,1.5,1.56
1788442672.484,driving,1.203,1.0,0.0,4,34,83,2.675,0.875,-4.8,1.477,3.874,0.3,0.0,1.5,1.56
1788442672.545,driving,1.213,1.0,0.0,0,30,78,2.725,0.875,-4.8,1.517,3.864,0.3,0.0,1.5,1.56
1788442672.601,driving,1.234,1.0,0.0,0,30,78,2.725,0.875,-4.8,1.496,3.843,0.3,0.0,1.5,1.56
1788442672.659,driving,1.244,1.0,0.1,0,30,78,2.725,0.875,-4.9,1.486,3.833,0.3,0.0,1.5,1.56
1788442672.71,driving,1.266,1.001,0.3,1,31,78,2.775,0.875,-5.1,1.514,3.811,0.3,0.0,1.5,1.56
1788442672.765,driving,1.276,1.001,0.3,1,31,78,2.775,0.875,-5.1,1.504,3.801,0.3,0.0,1.5,1.56
1788442672.817,driving,1.296,1.001,0.3,1,31,78,2.775,0.875,-5.1,1.484,3.781,0.3,0.0,1.5,1.56
1788442672.869,driving,1.307,1.001,0.3,1,31,78,2.775,0.875,-5.1,1.474,3.77,0.3,0.0,1.5,1.56
1788442672.919,driving,1.327,1.001,0.3,2,32,78,2.825,0.875,-5.1,1.503,3.75,0.3,0.0,1.5,1.56
1788442672.972,driving,1.337,1.001,0.3,2,32,78,2.825,0.875,-5.1,1.493,3.74,0.3,0.0,1.5,1.56
1788442673.024,driving,1.347,1.001,0.3,2,32,78,2.825,0.875,-5.1,1.483,3.73,0.3,0.0,1.5,1.56
1788442673.083,driving,1.365,1.002,0.5,3,33,78,2.875,0.875,-5.3,1.515,3.712,0.3,0.0,1.5,1.56
1788442673.14,driving,1.372,1.003,0.7,3,33,78,2.875,0.875,-5.6,1.508,3.705,0.3,0.0,1.5,1.56
1788442673.199,driving,1.39,1.005,1.0,3,33,78,2.875,0.875,-5.8,1.491,3.687,0.3,0.0,1.5,1.56
1788442673.255,driving,1.4,1.005,1.0,3,33,78,2.875,0.875,-5.8,1.48,3.677,0.3,0.0,1.5,1.56
1788442673.308,driving,1.421,1.005,1.0,4,34,78,2.925,0.875,-5.8,1.51,3.657,0.3,0.0,1.5,1.56
1788442673.36,driving,1.431,1.005,1.0,4,34,78,2.925,0.875,-5.8,1.5,3.646,0.3,0.0,1.5,1.56
1788442673.414,driving,1.451,1.006,1.0,4,34,78,2.925,0.875,-5.8,1.479,3.626,0.3,0.0,1.5,1.56
1788442673.47,driving,1.461,1.006,1.0,5,35,78,2.975,0.875,-5.8,1.519,3.616,0.3,0.0,1.5,1.56
1788442673.527,driving,1.481,1.006,0.9,5,35,78,2.975,0.875,-5.8,1.5,3.597,0.3,0.0,1.5,1.56
1788442673.584,driving,1.49,1.006,0.9,0,30,73,2.975,0.875,-5.7,1.491,3.588,0.3,0.0,1.5,1.56
1788442673.644,driving,1.509,1.007,0.9,1,31,73,3.025,0.875,-5.7,1.521,3.568,0.3,0.0,1.5,1.56
1788442673.697,driving,1.52,1.007,0.9,1,31,73,3.025,0.875,-5.7,1.511,3.558,0.3,0.0,1.5,1.56
1788442673.756,driving,1.54,1.007,0.9,1,31,73,3.025,0.875,-5.7,1.491,3.538,0.3,0.0,1.5,1.56
1788442673.813,driving,1.55,1.007,0.9,2,32,73,3.075,0.875,-5.7,1.531,3.527,0.3,0.0,1.5,1.56
1788442673.876,driving,1.571,1.008,0.9,2,32,73,3.075,0.875,-5.7,1.51,3.507,0.3,0.0,1.5,1.56
1788442673.94,driving,1.581,1.008,0.9,2,32,73,3.075,0.875,-5.7,1.5,3.497,0.3,0.0,1.5,1.56
1788442673.998,driving,1.591,1.008,0.9,2,32,73,3.075,0.875,-5.7,1.49,3.487,0.3,0.0,1.5,1.56
1788442674.057,driving,1.61,1.009,0.8,3,33,73,3.125,0.875,-5.7,1.521,3.468,0.3,0.0,1.5,1.56
1788442674.115,driving,1.62,1.009,0.8,3,33,73,3.125,0.875,-5.7,1.511,3.458,0.3,0.0,1.5,1.56
1788442674.167,driving,1.64,1.01,0.8,3,33,73,3.125,0.875,-5.7,1.491,3.437,0.3,0.0,1.5,1.56
1788442674.237,driving,1.65,1.01,0.8,3,33,73,3.125,0.875,-5.7,1.481,3.427,0.3,0.0,1.5,1.56
1788442674.319,driving,1.671,1.01,0.8,4,34,73,3.175,0.875,-5.8,1.51,3.407,0.3,0.0,1.5,1.56
1788442674.399,driving,1.681,1.01,0.8,4,34,73,3.175,0.875,-5.8,1.5,3.397,0.3,0.0,1.5,1.56
1788442674.474,driving,1.701,1.01,0.8,4,34,73,3.175,0.875,-5.8,1.48,3.376,0.3,0.0,1.5,1.56
1788442674.533,driving,1.706,1.01,0.7,5,35,73,3.225,0.875,-5.6,1.525,3.372,0.3,0.0,1.5,1.56
1788442674.593,driving,1.711,1.009,0.4,0,30,68,3.225,0.875,-5.3,1.52,3.367,0.3,0.0,1.5,1.56
1788442674.661,driving,1.719,1.008,0.3,0,30,68,3.225,0.875,-5.3,1.512,3.358,0.3,0.0,1.5,1.56
1788442674.73,driving,1.74,1.009,0.3,0,30,68,3.225,0.875,-5.3,1.491,3.338,0.3,0.0,1.5,1.56
1788442674.795,driving,1.75,1.009,0.3,1,31,68,3.275,0.875,-5.3,1.531,3.328,0.3,0.0,1.5,1.56
1788442674.854,driving,1.77,1.009,0.3,1,31,68,3.275,0.875,-5.3,1.511,3.307,0.3,0.0,1.5,1.56
1788442674.907,driving,1.781,1.009,0.3,1,31,68,3.275,0.875,-5.3,1.5,3.297,0.3,0.0,1.5,1.56
1788442674.962,driving,1.801,1.009,0.3,2,32,68,3.325,0.875,-5.3,1.53,3.277,0.3,0.0,1.5,1.56
1788442675.018,driving,1.806,1.009,0.3,2,32,68,3.325,0.875,-5.3,1.524,3.271,0.3,0.0,1.5,1.56
1788442675.074,driving,1.812,1.009,0.3,2,32,68,3.325,0.875,-5.3,1.519,3.266,0.3,0.0,1.5,1.56
1788442675.13,driving,1.827,1.009,0.3,2,32,68,3.325,0.875,-5.3,1.504,3.251,0.3,0.0,1.5,1.56
1788442675.19,driving,1.837,1.009,0.3,2,32,68,3.325,0.875,-5.3,1.494,3.241,0.3,0.0,1.5,1.56
1788442675.248,driving,1.858,1.009,0.3,3,33,68,3.375,0.875,-5.3,1.523,3.22,0.3,0.0,1.5,1.56
1788442675.301,driving,1.868,1.009,0.3,3,33,68,3.375,0.875,-5.3,1.513,3.21,0.3,0.0,1.5,1.56
1788442675.367,driving,1.888,1.009,0.3,3,33,68,3.375,0.875,-5.3,1.493,3.19,0.3,0.0,1.5,1.56
1788442675.428,driving,1.898,1.009,0.3,3,33,68,3.375,0.875,-5.3,1.483,3.179,0.3,0.0,1.5,1.56
1788442675.491,driving,1.923,1.012,0.6,4,34,68,3.425,0.875,-5.6,1.509,3.155,0.3,0.0,1.5,1.56
1788442675.559,driving,1.936,1.015,0.8,4,34,68,3.425,0.875,-5.8,1.495,3.142,0.3,0.0,1.5,1.56
1788442675.621,driving,1.959,1.017,1.0,1,31,64,3.475,0.825,-6.0,1.528,3.119,0.3,0.0,1.5,1.56
1788442675.675,driving,1.969,1.017,1.0,1,31,64,3.475,0.825,-6.1,1.518,3.109,0.3,0.0,1.5,1.56
1788442675.729,driving,1.989,1.017,1.0,1,31,64,3.475,0.825,-6.1,1.498,3.089,0.3,0.0,1.5,1.56
1788442675.786,driving,2.0,1.018,1.0,1,31,64,3.475,0.825,-6.2,1.488,3.079,0.3,0.0,1.5,1.56
1788442675.843,driving,2.02,1.018,1.0,2,32,64,3.525,0.825,-6.3,1.517,3.058,0.3,0.0,1.5,1.56
1788442675.897,driving,2.03,1.018,1.0,2,32,64,3.525,0.825,-6.3,1.507,3.048,0.3,0.0,1.5,1.56
1788442675.957,driving,2.053,1.016,0.6,3,33,64,3.575,0.825,-6.0,1.534,3.025,0.3,0.0,1.5,1.56
1788442676.01,driving,2.065,1.014,0.3,3,33,64,3.575,0.825,-5.8,1.522,3.014,0.3,0.0,1.5,1.56
1788442676.065,driving,2.076,1.013,0.2,3,33,64,3.575,0.825,-5.7,1.511,3.003,0.3,0.0,1.5,1.56
1788442676.118,driving,2.096,1.013,0.2,3,33,64,3.575,0.825,-5.7,1.491,2.982,0.3,0.0,1.5,1.56
1788442676.178,driving,2.106,1.013,0.2,4,34,64,3.625,0.825,-5.7,1.53,2.972,0.3,0.0,1.5,1.56
1788442676.239,driving,2.127,1.013,0.2,4,34,64,3.625,0.825,-5.8,1.51,2.952,0.3,0.0,1.5,1.56
1788442676.301,driving,2.137,1.013,0.2,4,34,64,3.625,0.825,-5.8,1.5,2.941,0.3,0.0,1.5,1.56
1788442676.364,driving,2.157,1.014,0.2,5,35,64,3.675,0.825,-5.9,1.529,2.921,0.3,0.0,1.5,1.56
1788442676.424,driving,2.166,1.015,0.5,5,35,64,3.675,0.825,-6.2,1.521,2.912,0.3,0.0,1.5,1.56
1788442676.478,driving,2.182,1.02,1.6,5,35,64,3.675,0.825,-7.3,1.506,2.897,0.3,0.0,1.5,1.56
1788442676.532,driving,2.191,1.021,1.7,5,35,64,3.675,0.825,-7.5,1.497,2.887,0.3,0.0,1.5,1.56
1788442676.587,driving,2.212,1.022,1.7,6,36,64,3.725,0.825,-7.6,1.526,2.867,0.3,0.0,1.5,1.56
1788442676.645,driving,2.222,1.022,1.7,0,30,58,3.725,0.725,-7.7,1.532,2.857,0.3,0.0,1.5,1.56
1788442676.697,driving,2.242,1.023,1.7,0,30,58,3.725,0.725,-7.8,1.512,2.837,0.3,0.0,1.5,1.56
1788442676.753,driving,2.253,1.023,1.7,1,31,58,3.775,0.725,-7.9,1.551,2.826,0.3,0.0,1.5,1.56
1788442676.804,driving,2.273,1.024,1.7,1,31,58,3.775,0.725,-8.1,1.531,2.806,0.3,0.0,1.5,1.56
1788442676.861,driving,2.286,1.023,1.6,1,31,58,3.775,0.725,-8.1,1.518,2.793,0.3,0.0,1.5,1.56
1788442676.916,driving,2.313,1.021,1.5,2,32,58,3.825,0.725,-8.0,1.54,2.766,0.3,0.0,1.5,1.56
1788442676.981,driving,2.324,1.021,1.4,2,32,58,3.825,0.725,-8.1,1.53,2.755,0.3,0.0,1.5,1.56
1788442677.043,driving,2.334,1.021,1.4,2,32,58,3.825,0.725,-8.2,1.52,2.745,0.3,0.0,1.5,1.56
1788442677.108,driving,2.354,1.022,1.4,3,33,58,3.875,0.725,-8.3,1.549,2.725,0.3,0.0,1.5,1.56
1788442677.165,driving,2.365,1.022,1.4,3,33,58,3.875,0.725,-8.5,1.539,2.714,0.3,0.0,1.5,1.56
1788442677.221,driving,2.385,1.023,1.4,3,33,58,3.875,0.725,-8.6,1.52,2.694,0.3,0.0,1.5,1.56
1788442677.275,driving,2.395,1.023,1.4,3,33,58,3.875,0.725,-8.7,1.51,2.684,0.3,0.0,1.5,1.56
1788442677.328,driving,2.414,1.022,1.2,4,34,58,3.925,0.725,-8.5,1.54,2.665,0.3,0.0,1.5,1.56
1788442677.383,driving,2.423,1.021,1.0,4,34,58,3.925,0.725,-8.4,1.531,2.656,0.3,0.0,1.5,1.56
1788442677.441,driving,2.442,1.02,0.8,4,34,58,3.925,0.725,-8.3,1.512,2.637,0.3,0.0,1.5,1.56
1788442677.499,driving,2.453,1.02,0.8,4,34,58,3.925,0.725,-8.4,1.502,2.626,0.3,0.0,1.5,1.56
1788442677.557,driving,2.473,1.02,0.8,5,35,58,3.975,0.725,-8.5,1.531,2.606,0.3,0.0,1.5,1.56
1788442677.607,driving,2.483,1.02,0.8,5,35,58,3.975,0.725,-8.5,1.521,2.596,0.3,0.0,1.5,1.56
1788442677.662,driving,2.504,1.02,0.8,0,30,52,4.025,0.775,-8.6,1.541,2.576,0.3,0.0,1.5,1.56
1788442677.715,driving,2.514,1.021,0.8,0,30,52,4.025,0.775,-8.6,1.531,2.565,0.3,0.0,1.5,1.56
1788442677.774,driving,2.521,1.025,1.0,0,30,52,4.025,0.775,-8.9,1.524,2.558,0.3,0.0,1.5,1.56
1788442677.833,driving,2.522,1.028,1.1,0,30,52,4.025,0.775,-9.0,1.524,2.558,0.3,0.0,1.5,1.56
1788442677.892,driving,2.537,1.03,1.2,0,30,52,4.025,0.775,-9.2,1.51,2.543,0.3,0.0,1.5,1.56
1788442677.95,driving,2.547,1.03,1.2,0,30,52,4.025,0.775,-9.2,1.5,2.533,0.3,0.0,1.5,1.56
1788442678.004,driving,2.557,1.031,1.2,1,31,52,4.075,0.775,-9.3,1.539,2.523,0.3,0.0,1.5,1.56
1788442678.06,driving,2.578,1.031,1.2,1,31,52,4.075,0.775,-9.3,1.519,2.502,0.3,0.0,1.5,1.56
1788442678.113,driving,2.588,1.031,1.2,1,31,52,4.075,0.775,-9.3,1.509,2.492,0.3,0.0,1.5,1.56
1788442678.165,driving,2.608,1.032,1.2,2,32,52,4.125,0.775,-9.4,1.538,2.472,0.3,0.0,1.5,1.56
1788442678.246,driving,2.622,1.035,1.4,2,32,52,4.125,0.775,-9.7,1.525,2.458,0.3,0.0,1.5,1.56
1788442678.3,driving,2.655,1.045,2.3,2,32,52,4.125,0.775,-10.5,1.494,2.426,0.3,0.0,1.5,1.56
1788442678.359,driving,2.668,1.047,2.4,3,33,52,4.175,0.775,-10.7,1.532,2.414,0.3,0.0,1.5,1.56
1788442678.408,driving,2.688,1.048,2.4,3,33,52,4.175,0.775,-10.8,1.512,2.393,0.3,0.0,1.5,1.56
1788442678.46,driving,2.698,1.048,2.4,3,33,52,4.175,0.775,-10.8,1.502,2.383,0.3,0.0,1.5,1.56
1788442678.512,driving,2.718,1.049,2.4,4,34,52,4.225,0.775,-10.9,1.531,2.363,0.3,0.0,1.5,1.56
1788442678.57,driving,2.729,1.049,2.4,4,34,52,4.225,0.775,-10.9,1.521,2.353,0.3,0.0,1.5,1.56
1788442678.623,driving,2.749,1.05,2.4,4,34,52,4.225,0.775,-11.0,1.501,2.333,0.3,0.0,1.5,1.56
1788442678.677,driving,2.764,1.048,2.1,5,35,52,4.275,0.775,-10.7,1.536,2.318,0.3,0.0,1.5,1.56
1788442678.727,driving,2.795,1.042,1.5,0,30,47,4.275,0.725,-10.2,1.514,2.287,0.3,0.0,1.5,1.56
1788442678.778,driving,2.805,1.042,1.4,1,31,47,4.325,0.725,-10.2,1.552,2.276,0.3,0.0,1.5,1.56
1788442678.83,driving,2.826,1.042,1.4,1,31,47,4.325,0.725,-10.3,1.532,2.255,0.3,0.0,1.5,1.56
1788442678.88,driving,2.836,1.043,1.4,1,31,47,4.325,0.725,-10.4,1.523,2.245,0.3,0.0,1.5,1.55
1788442678.93,driving,2.846,1.043,1.4,1,31,47,4.325,0.725,-10.4,1.513,2.235,0.3,0.0,1.5,1.55
1788442678.98,driving,2.867,1.043,1.4,2,32,47,4.375,0.725,-10.5,1.542,2.215,0.3,0.0,1.5,1.52
1788442679.031,driving,2.877,1.044,1.4,2,32,47,4.375,0.725,-10.6,1.532,2.205,0.3,0.0,1.5,1.52
1788442679.083,driving,2.899,1.041,1.1,2,32,47,4.375,0.725,-10.3,1.51,2.183,0.3,0.0,1.5,1.49
1788442679.134,driving,2.91,1.038,0.8,3,33,47,4.425,0.725,-10.1,1.547,2.171,0.3,0.0,1.5,1.49
1788442679.186,driving,2.932,1.035,0.6,3,33,47,4.425,0.725,-9.9,1.525,2.149,0.3,0.0,1.5,1.46
1788442679.236,driving,2.942,1.035,0.6,3,33,47,4.425,0.725,-10.0,1.515,2.139,0.3,0.0,1.5,1.46
1788442679.288,driving,2.962,1.035,0.6,4,34,47,4.474,0.737,-10.0,1.54,2.119,0.3,0.0,1.5,1.43
1788442679.343,driving,2.973,1.036,0.6,4,34,47,4.474,0.737,-10.0,1.53,2.109,0.3,0.0,1.5,1.43
1788442679.398,driving,2.993,1.036,0.6,4,34,47,4.474,0.737,-10.1,1.51,2.088,0.3,0.0,1.5,1.41
1788442679.453,driving,3.003,1.036,0.6,4,34,47,4.474,0.737,-10.1,1.5,2.078,0.3,0.0,1.5,1.41
1788442679.504,driving,3.025,1.035,0.5,5,35,47,4.522,0.749,-10.1,1.524,2.056,0.3,0.0,1.5,1.38
1788442679.556,driving,3.037,1.034,0.5,5,35,47,4.522,0.749,-10.1,1.512,2.044,0.3,0.0,1.5,1.38
1788442679.606,driving,3.058,1.034,0.5,5,35,47,4.522,0.749,-10.2,1.491,2.023,0.3,0.0,1.5,1.35
1788442679.656,driving,3.068,1.034,0.5,6,36,47,4.571,0.761,-10.2,1.527,2.013,0.3,0.0,1.5,1.35
1788442679.706,driving,3.089,1.034,0.5,6,36,47,4.571,0.761,-10.2,1.507,1.993,0.3,0.0,1.5,1.32
1788442679.758,driving,3.099,1.034,0.5,0,30,41,4.575,0.775,-10.2,1.499,1.983,0.3,0.0,1.5,1.32
1788442679.808,driving,3.109,1.034,0.5,1,31,41,4.625,0.775,-10.2,1.538,1.972,0.3,0.0,1.5,1.29
1788442679.858,driving,3.129,1.034,0.5,1,31,41,4.625,0.775,-10.2,1.518,1.952,0.3,0.0,1.5,1.29
1788442679.908,driving,3.14,1.034,0.4,1,31,41,4.625,0.775,-10.1,1.507,1.941,0.3,0.0,1.5,1.26
1788442679.961,driving,3.163,1.034,-0.0,2,32,41,4.674,0.787,-9.7,1.531,1.919,0.3,0.0,1.5,1.26
1788442680.011,driving,3.173,1.033,-0.1,2,32,41,4.674,0.787,-9.6,1.52,1.908,0.3,0.0,1.5,1.24
1788442680.061,driving,3.194,1.033,-0.1,2,32,41,4.674,0.787,-9.6,1.5,1.888,0.3,0.0,1.5,1.24
1788442680.115,driving,3.204,1.033,-0.1,2,32,41,4.674,0.787,-9.6,1.49,1.878,0.3,0.0,1.5,1.21
1788442680.166,driving,3.224,1.033,-0.1,3,33,41,4.722,0.799,-9.6,1.516,1.858,0.3,0.0,1.5,1.21
1788442680.22,driving,3.234,1.033,-0.1,3,33,41,4.722,0.799,-9.6,1.506,1.847,0.298,0.0,1.5,1.18
1788442680.275,driving,3.255,1.033,-0.1,3,33,41,4.722,0.799,-9.5,1.486,1.827,0.298,0.0,1.5,1.18
1788442680.325,driving,3.266,1.03,-0.3,4,34,41,4.771,0.811,-9.3,1.52,1.816,0.296,0.0,1.5,1.15
1788442680.375,driving,3.289,1.021,-0.9,4,34,41,4.771,0.811,-8.7,1.496,1.792,0.296,0.0,1.5,1.15
1788442680.425,driving,3.299,1.02,-1.0,4,34,41,4.771,0.811,-8.6,1.486,1.781,0.293,0.0,1.5,1.13
1788442680.476,driving,3.32,1.019,-1.0,5,35,41,4.819,0.824,-8.5,1.512,1.761,0.293,0.0,1.5,1.13
1788442680.527,driving,3.329,1.019,-1.0,5,35,41,4.819,0.824,-8.5,1.502,1.751,0.29,0.0,1.5,1.1
1788442680.578,driving,3.349,1.019,-1.0,5,35,41,4.819,0.824,-8.4,1.483,1.732,0.29,0.0,1.5,1.1
1788442680.628,driving,3.359,1.019,-1.0,6,36,41,4.868,0.836,-8.4,1.519,1.722,0.288,0.0,1.5,1.07
1788442680.68,driving,3.369,1.019,-1.0,6,36,41,4.868,0.836,-8.3,1.51,1.712,0.288,0.0,1.5,1.07
1788442680.732,driving,3.385,1.015,-1.2,6,36,41,4.868,0.836,-8.0,1.493,1.696,0.285,0.0,1.5,1.04
1788442680.783,driving,3.391,1.012,-1.5,0,12,35,3.944,0.835,-8.2,0.581,1.69,0.285,0.0,0.6,1.04
1788442680.836,driving,3.407,1.009,-1.7,1,13,35,3.992,0.819,-8.5,0.615,1.673,0.283,0.0,0.6,1.02
1788442680.888,driving,3.417,1.008,-1.7,1,13,35,3.992,0.819,-9.0,0.605,1.664,0.283,0.0,0.6,1.02
1788442680.943,driving,3.436,1.008,-1.7,1,13,35,3.992,0.819,-9.5,0.587,1.645,0.281,0.0,0.6,0.99
1788442680.993,driving,3.445,1.007,-1.7,1,13,35,3.992,0.819,-9.9,0.578,1.635,0.281,0.0,0.6,0.99
1788442681.044,driving,3.465,1.007,-1.7,2,14,35,4.039,0.804,-10.4,0.609,1.616,0.278,0.0,0.6,0.97
1788442681.095,driving,3.474,1.007,-1.7,2,14,35,4.039,0.804,-10.9,0.6,1.606,0.278,0.0,0.6,0.97
1788442681.144,driving,3.496,1.006,-2.0,2,14,35,4.039,0.804,-11.1,0.579,1.584,0.276,0.0,0.6,0.94
1788442681.194,driving,3.509,1.006,-2.2,3,15,35,4.087,0.788,-11.3,0.618,1.572,0.276,0.0,0.6,0.94
1788442681.246,driving,3.529,1.005,-2.4,3,15,35,4.087,0.788,-11.6,0.598,1.551,0.273,0.0,0.6,0.92
1788442681.295,driving,3.539,1.004,-2.4,3,15,35,4.087,0.788,-12.1,0.589,1.542,0.273,0.0,0.6,0.92
1788442681.346,driving,3.557,1.004,-2.4,4,16,35,4.134,0.772,-12.5,0.621,1.523,0.271,0.0,0.6,0.89
1788442681.395,driving,3.567,1.003,-2.4,4,16,35,4.134,0.772,-13.0,0.613,1.514,0.271,0.0,0.6,0.89
1788442681.447,driving,3.585,1.002,-2.4,4,16,35,4.134,0.772,-13.4,0.595,1.495,0.269,0.0,0.6,0.87
1788442681.497,driving,3.594,1.002,-2.4,4,16,35,4.134,0.772,-13.9,0.587,1.486,0.269,0.0,0.6,0.87
1788442681.552,driving,3.602,1.001,-2.5,4,16,35,4.134,0.772,-14.1,0.579,1.478,0.267,0.0,0.6,0.85
1788442681.606,driving,3.614,0.995,-3.2,5,17,35,4.181,0.756,-13.8,0.615,1.466,0.267,0.0,0.6,0.85
1788442681.667,driving,3.622,0.993,-3.4,5,17,35,4.181,0.756,-14.0,0.607,1.458,0.264,0.0,0.6,0.82
1788442681.726,driving,3.64,0.992,-3.4,5,17,35,4.181,0.756,-14.4,0.59,1.44,0.264,0.0,0.6,0.82
1788442681.781,driving,3.649,0.991,-3.4,0,12,31,4.182,0.752,-14.8,0.584,1.431,0.262,0.0,0.6,0.8
1788442681.832,driving,3.667,0.99,-3.4,1,13,31,4.229,0.734,-15.1,0.618,1.413,0.262,0.0,0.6,0.8
1788442681.883,driving,3.676,0.99,-3.4,1,13,31,4.229,0.734,-15.5,0.609,1.404,0.26,0.0,0.6,0.78
1788442681.934,driving,3.694,0.989,-3.4,1,13,31,4.229,0.734,-15.9,0.593,1.386,0.26,0.0,0.6,0.78
1788442681.986,turning,3.702,0.989,-3.3,1,13,31,4.229,0.734,-16.4,0.585,1.377,0.0,-2.4,0.6,0.75
1788442682.036,turning,3.712,0.989,-3.8,2,14,31,4.275,0.715,-16.3,0.627,1.368,0.0,-2.4,0.6,0.75
1788442682.087,turning,3.712,0.989,-4.6,2,14,31,4.275,0.715,-15.9,0.627,1.368,0.0,-2.4,0.6,0.74
1788442682.138,turning,3.712,0.989,-6.3,2,14,31,4.275,0.715,-14.5,0.627,1.368,0.0,-2.4,0.6,0.74
1788442682.188,turning,3.712,0.989,-7.2,2,14,31,4.275,0.715,-13.9,0.627,1.368,0.0,-2.4,0.6,0.74
1788442682.238,turning,3.712,0.989,-8.9,2,14,31,4.275,0.715,-12.5,0.627,1.368,0.0,-2.4,0.6,0.74
1788442682.287,turning,3.712,0.989,-9.8,2,14,31,4.275,0.715,-11.9,0.627,1.368,0.0,-2.4,0.6,0.73
1788442682.341,turning,3.712,0.989,-11.5,2,14,31,4.275,0.715,-10.5,0.627,1.368,0.0,-2.4,0.6,0.73
1788442682.395,turning,3.711,0.994,-11.5,1,13,31,4.229,0.734,-10.7,0.579,1.369,0.0,-2.4,0.6,0.74
1788442682.447,turning,3.71,0.999,-11.4,1,13,31,4.229,0.734,-11.1,0.582,1.37,0.0,-2.4,0.6,0.74
1788442682.5,turning,3.709,1.005,-12.2,1,13,31,4.229,0.734,-10.6,0.586,1.372,0.0,-2.4,0.6,0.74
1788442682.556,turning,3.709,1.005,-13.1,1,13,31,4.229,0.734,-10.0,0.586,1.372,0.0,-2.4,0.6,0.74
1788442682.606,driving,3.709,1.005,-14.8,1,13,31,4.229,0.734,-8.6,0.586,1.372,0.259,0.0,0.6,0.76
1788442682.656,driving,3.709,1.005,-15.7,1,13,31,4.229,0.734,-8.0,0.586,1.372,0.259,0.0,0.6,0.76
1788442682.706,driving,3.716,1.007,-15.8,1,13,31,4.229,0.734,-8.1,0.581,1.365,0.262,0.0,0.6,0.79
1788442682.756,driving,3.724,1.008,-15.7,2,14,31,4.275,0.715,-8.4,0.624,1.357,0.262,0.0,0.6,0.79
1788442682.806,driving,3.74,1.007,-15.6,0,12,30,4.224,0.713,-9.0,0.567,1.342,0.262,0.0,0.6,0.79
1788442682.856,driving,3.748,1.005,-15.6,1,13,30,4.274,0.706,-9.3,0.604,1.333,0.262,0.0,0.6,0.79
1788442682.907,driving,3.765,1.0,-15.6,1,13,30,4.274,0.706,-9.6,0.587,1.316,0.263,0.0,0.6,0.81
1788442682.958,driving,3.774,0.997,-15.6,1,13,30,4.274,0.706,-9.9,0.578,1.307,0.263,0.0,0.6,0.81
1788442683.008,driving,3.793,0.997,-15.7,1,13,30,4.274,0.706,-10.1,0.562,1.288,0.3,0.0,0.6,1.2
1788442683.058,driving,3.803,0.997,-15.8,2,14,30,4.323,0.7,-10.3,0.599,1.278,0.3,0.0,0.6,1.2
1788442683.108,driving,3.823,0.994,-15.9,2,14,30,4.323,0.7,-10.5,0.58,1.257,0.3,0.0,0.6,1.19
1788442683.159,driving,3.833,0.991,-15.9,2,14,30,4.323,0.7,-10.7,0.57,1.247,0.3,0.0,0.6,1.19
1788442683.211,driving,3.853,0.986,-15.9,3,15,30,4.373,0.694,-10.9,0.597,1.227,0.299,0.0,0.6,1.19
1788442683.268,driving,3.862,0.983,-15.9,3,15,30,4.373,0.694,-11.1,0.587,1.217,0.299,0.0,0.6,1.19
1788442683.323,driving,3.872,0.98,-15.9,3,15,30,4.373,0.694,-11.2,0.577,1.207,0.298,0.0,0.6,1.18
1788442683.374,driving,3.892,0.975,-15.9,3,15,30,4.373,0.694,-11.4,0.557,1.188,0.298,0.0,0.6,1.18
1788442683.426,driving,3.901,0.972,-15.9,3,15,30,4.373,0.694,-11.6,0.547,1.178,0.297,0.0,0.6,1.17
1788442683.477,driving,3.921,0.966,-15.9,4,16,30,4.423,0.688,-11.7,0.574,1.158,0.297,0.0,0.6,1.17
1788442683.528,driving,3.931,0.964,-15.9,4,16,30,4.423,0.688,-11.8,0.564,1.148,0.296,0.0,0.6,1.16
1788442683.579,driving,3.95,0.958,-15.9,4,16,30,4.423,0.688,-12.0,0.544,1.128,0.296,0.0,0.6,1.16
1788442683.63,driving,3.957,0.956,-15.7,5,17,30,4.472,0.682,-12.2,0.583,1.121,0.295,0.0,0.6,1.15
1788442683.68,driving,3.969,0.951,-15.1,5,17,30,4.472,0.682,-12.8,0.571,1.109,0.295,0.0,0.6,1.15
1788442683.731,driving,3.977,0.949,-15.0,5,17,30,4.472,0.682,-12.9,0.562,1.1,0.294,0.0,0.6,1.14
1788442683.78,driving,3.997,0.944,-15.0,5,17,30,4.472,0.682,-13.0,0.543,1.08,0.294,0.0,0.6,1.14
1788442683.831,driving,4.006,0.941,-15.0,0,11,23,4.525,0.675,-12.9,0.583,1.071,0.293,0.0,0.6,1.13
1788442683.882,driving,4.026,0.936,-15.0,0,11,23,4.525,0.675,-12.9,0.563,1.051,0.293,0.0,0.6,1.13
1788442683.935,driving,4.035,0.933,-15.0,0,11,23,4.525,0.675,-12.9,0.554,1.041,0.292,0.0,0.6,1.12
1788442683.987,driving,4.055,0.928,-15.0,0,11,23,4.525,0.675,-12.9,0.534,1.022,0.292,0.0,0.6,1.12
1788442684.042,driving,4.063,0.926,-15.0,0,11,23,4.525,0.675,-13.0,0.526,1.014,0.292,0.0,0.6,1.11
1788442684.093,driving,4.078,0.923,-15.0,1,12,23,4.575,0.675,-12.8,0.556,0.998,0.292,0.0,0.6,1.11
1788442684.143,driving,4.088,0.921,-15.0,1,12,23,4.575,0.675,-12.8,0.546,0.988,0.291,0.0,0.6,1.1
1788442684.192,driving,4.097,0.918,-15.0,1,12,23,4.575,0.675,-12.7,0.536,0.979,0.291,0.0,0.6,1.1
1788442684.244,driving,4.116,0.913,-15.0,1,12,23,4.575,0.675,-12.7,0.517,0.96,0.29,0.0,0.6,1.09
1788442684.294,driving,4.126,0.911,-15.0,1,12,23,4.575,0.675,-12.7,0.507,0.95,0.29,0.0,0.6,1.09
1788442684.344,driving,4.145,0.906,-15.0,1,12,23,4.575,0.675,-12.7,0.488,0.931,0.289,0.0,0.6,1.08
1788442684.394,driving,4.154,0.903,-15.0,1,12,23,4.575,0.675,-12.8,0.478,0.921,0.289,0.0,0.6,1.08
1788442684.444,driving,4.171,0.898,-15.0,2,22,23,5.075,0.875,-12.1,0.905,0.905,0.288,0.0,1.5,1.07
1788442684.494,driving,4.178,0.896,-15.0,2,22,23,5.075,0.875,-11.5,0.897,0.897,0.288,0.0,1.5,1.07
1788442684.544,driving,4.195,0.891,-15.0,3,22,23,5.075,0.875,-10.8,0.88,0.88,0.287,0.0,1.5,1.06
1788442684.595,driving,4.204,0.888,-15.0,3,22,23,5.075,0.875,-10.2,0.871,0.871,0.287,0.0,1.5,1.06
1788442684.645,driving,4.223,0.883,-15.0,3,22,23,5.075,0.875,-9.6,0.852,0.852,0.286,0.0,1.5,1.06
1788442684.697,driving,4.233,0.881,-15.0,3,22,23,5.075,0.875,-9.0,0.842,0.842,0.286,0.0,1.5,1.06
1788442684.747,driving,4.251,0.876,-15.0,5,22,23,5.075,0.875,-8.4,0.824,0.824,0.286,0.0,1.5,1.05
1788442684.798,driving,4.261,0.873,-15.0,5,22,23,5.075,0.875,-7.8,0.814,0.814,0.286,0.0,1.5,1.05
1788442684.856,driving,4.284,0.868,-15.6,0,12,18,4.814,0.72,-6.9,0.551,0.791,0.285,0.0,0.6,1.04
1788442684.906,driving,4.296,0.866,-16.0,0,12,18,4.814,0.72,-6.1,0.539,0.779,0.285,0.0,0.6,1.04
1788442684.957,driving,4.316,0.861,-16.2,1,13,18,4.859,0.742,-5.2,0.556,0.759,0.284,0.0,0.6,1.03
1788442685.007,driving,4.325,0.858,-16.2,1,13,18,4.859,0.742,-4.7,0.546,0.75,0.284,0.0,0.6,1.03
1788442685.057,driving,4.335,0.855,-16.2,1,13,18,4.859,0.742,-4.2,0.537,0.741,0.283,0.0,0.6,1.02
1788442685.107,driving,4.353,0.85,-16.2,1,13,18,4.859,0.742,-3.6,0.517,0.722,0.283,0.0,0.6,1.02
1788442685.157,driving,4.362,0.847,-16.2,2,17,18,5.075,0.875,-3.1,0.713,0.713,0.282,0.0,1.5,1.01
1788442685.207,driving,4.381,0.842,-16.2,2,17,18,5.075,0.875,-2.6,0.695,0.695,0.282,0.0,1.5,1.01
1788442685.258,driving,4.39,0.838,-16.2,2,17,18,5.075,0.875,-2.0,0.686,0.686,0.281,0.0,1.5,1.0
1788442685.308,driving,4.407,0.83,-16.4,2,17,18,5.075,0.875,-1.3,0.67,0.67,0.281,0.0,1.5,1.0
1788442685.358,driving,4.415,0.827,-16.4,3,17,18,5.075,0.875,-0.7,0.661,0.661,0.28,0.0,1.5,0.99
1788442685.408,driving,4.434,0.821,-16.4,3,17,18,5.075,0.875,-0.2,0.644,0.644,0.28,0.0,1.5,0.99
1788442685.461,driving,4.443,0.819,-16.4,3,17,18,5.075,0.875,0.3,0.635,0.635,0.28,0.0,1.5,0.98
1788442685.512,driving,4.461,0.813,-16.4,3,17,18,5.075,0.875,0.9,0.617,0.617,0.28,0.0,1.5,0.98
1788442685.568,driving,4.47,0.811,-16.4,5,17,18,5.075,0.875,1.4,0.608,0.608,0.279,0.0,1.5,0.97
1788442685.619,driving,4.488,0.805,-16.4,5,17,18,5.075,0.875,2.0,0.591,0.591,0.279,0.0,1.5,0.97
1788442685.672,driving,4.505,0.803,-16.5,5,17,18,5.075,0.875,2.6,0.574,0.574,0.278,0.0,1.5,0.97
1788442685.722,driving,4.542,0.8,-16.6,6,17,18,5.075,0.875,3.3,0.539,0.539,0.278,0.0,1.5,0.97
1788442685.772,driving,4.552,0.797,-16.7,6,17,18,5.075,0.875,3.8,0.529,0.529,0.277,0.0,1.5,0.96
1788442685.824,driving,4.57,0.792,-16.7,7,17,18,5.075,0.875,4.4,0.512,0.512,0.277,0.0,1.5,0.96
1788442685.873,driving,4.579,0.789,-16.7,7,17,18,5.075,0.875,4.9,0.503,0.503,0.276,0.0,1.5,0.95
1788442685.924,driving,4.588,0.786,-16.7,0,10,11,5.075,0.875,5.5,0.495,0.495,0.276,0.0,1.5,0.95
1788442685.975,driving,4.606,0.781,-16.7,1,10,11,5.075,0.875,6.0,0.478,0.478,0.275,0.0,1.5,0.94
1788442686.024,driving,4.615,0.778,-16.7,1,10,11,5.075,0.875,6.6,0.47,0.47,0.275,0.0,1.5,0.94
1788442686.076,driving,4.631,0.771,-16.7,1,10,11,5.075,0.875,7.2,0.456,0.456,0.275,0.0,1.5,0.93
1788442686.126,driving,4.638,0.766,-16.7,1,10,11,5.075,0.875,7.8,0.45,0.45,0.275,0.0,1.5,0.93
1788442686.177,driving,4.654,0.759,-16.8,1,10,11,5.075,0.875,8.4,0.437,0.437,0.274,0.0,1.5,0.92
1788442686.229,driving,4.663,0.756,-16.8,2,10,11,5.075,0.875,9.0,0.429,0.429,0.274,0.0,1.5,0.92
1788442686.284,driving,4.681,0.751,-16.8,2,10,11,5.075,0.875,9.7,0.413,0.413,0.273,0.0,1.5,0.91
1788442686.335,driving,4.69,0.748,-16.8,2,10,11,5.075,0.875,10.3,0.406,0.406,0.273,0.0,1.5,0.91
1788442686.389,driving,4.708,0.743,-16.8,3,10,11,5.075,0.875,10.9,0.391,0.391,0.272,0.0,1.5,0.9
1788442686.44,driving,4.716,0.74,-16.8,3,10,11,5.075,0.875,11.6,0.383,0.383,0.272,0.0,1.5,0.9
1788442686.49,driving,4.745,0.735,-16.4,3,10,11,5.075,0.875,11.9,0.359,0.359,0.269,0.0,1.5,0.9
1788442686.542,driving,4.761,0.733,-16.0,4,10,11,5.075,0.875,12.3,0.344,0.344,0.258,0.0,1.5,0.9
1788442686.594,driving,4.784,0.729,-15.8,4,10,11,5.075,0.875,12.8,0.326,0.326,0.244,0.0,1.5,0.89
1788442686.644,driving,4.792,0.727,-15.8,4,10,11,5.075,0.875,13.6,0.319,0.319,0.24,0.0,1.5,0.89
1788442686.694,driving,4.808,0.722,-15.8,5,10,11,5.075,0.875,14.4,0.308,0.308,0.231,0.0,1.5,0.88
1788442686.744,driving,4.816,0.72,-15.8,5,10,11,5.075,0.875,15.2,0.302,0.302,0.226,0.0,1.5,0.88
1788442686.794,driving,4.824,0.718,-15.8,5,10,11,5.075,0.875,16.0,0.297,0.297,0.222,0.0,1.5,0.87
1788442686.845,turning,4.838,0.713,-15.8,5,10,11,5.075,0.875,16.8,0.286,0.286,0.0,2.4,1.5,0.87
1788442686.896,turning,4.843,0.712,-15.7,5,10,11,5.075,0.875,17.5,0.283,0.283,0.0,2.4,1.5,0.86
1788442686.948,turning,4.836,0.714,-13.6,0,5,6,5.075,0.875,16.2,0.288,0.288,0.0,2.4,1.5,0.86
1788442686.999,turning,4.834,0.715,-12.7,0,5,6,5.075,0.875,16.0,0.29,0.29,0.0,2.4,1.5,0.88
1788442687.051,turning,4.834,0.715,-11.0,0,5,6,5.075,0.875,15.2,0.29,0.29,0.0,2.4,1.5,0.88
1788442687.104,turning,4.834,0.715,-10.2,0,5,6,5.075,0.875,15.1,0.29,0.29,0.0,2.4,1.5,0.9
1788442687.157,turning,4.834,0.715,-8.6,0,5,6,5.075,0.875,14.1,0.29,0.29,0.0,2.4,1.5,0.9
1788442687.209,turning,4.834,0.715,-7.8,0,5,6,5.075,0.875,14.0,0.29,0.29,0.0,2.4,1.5,0.94
1788442687.259,turning,4.834,0.715,-6.1,0,5,6,5.075,0.875,13.1,0.29,0.29,0.0,2.4,1.5,0.94
1788442687.309,turning,4.834,0.715,-5.3,0,5,6,5.075,0.875,12.9,0.29,0.29,0.0,2.4,1.5,0.97
1788442687.358,driving,4.834,0.715,-3.7,0,5,6,5.075,0.875,11.9,0.29,0.29,0.22,0.0,1.5,0.97
1788442687.408,driving,4.837,0.714,-3.0,0,5,6,5.075,0.875,11.9,0.287,0.287,0.22,0.0,1.5,1.02
1788442687.461,driving,4.849,0.714,-3.2,0,5,6,5.075,0.875,12.7,0.278,0.278,0.22,0.0,1.5,1.02
1788442687.511,driving,4.854,0.713,-3.2,0,5,6,5.075,0.875,13.4,0.274,0.274,0.22,0.0,1.5,1.03
1788442687.561,driving,4.867,0.713,-3.2,1,5,6,5.075,0.875,14.1,0.264,0.264,0.22,0.0,1.5,1.03
1788442687.611,driving,4.874,0.712,-3.2,1,5,6,5.075,0.875,14.8,0.258,0.258,0.22,0.0,1.5,1.03
1788442687.661,driving,4.882,0.712,-3.2,1,5,6,5.075,0.875,15.5,0.253,0.253,0.22,0.0,1.5,1.03
1788442687.713,turning,4.902,0.709,-3.4,1,5,6,5.075,0.875,16.4,0.239,0.239,0.0,2.4,1.5,1.03
1788442687.764,turning,4.915,0.708,-3.5,1,5,6,5.075,0.875,17.4,0.232,0.232,0.0,2.4,1.5,1.03
1788442687.817,turning,4.921,0.706,-2.1,2,5,6,5.075,0.875,16.8,0.229,0.229,0.0,2.4,1.5,1.03
1788442687.869,turning,4.921,0.706,-1.3,2,5,6,5.075,0.875,16.8,0.229,0.229,0.0,2.4,1.5,1.03
1788442687.92,turning,4.921,0.706,0.3,2,5,6,5.075,0.875,16.0,0.229,0.229,0.0,2.4,1.5,1.08
1788442687.972,turning,4.921,0.706,1.1,0,3,4,5.075,0.875,15.9,0.229,0.229,0.0,2.4,1.5,1.08
1788442688.023,turning,4.921,0.706,2.8,0,3,4,5.075,0.875,15.1,0.229,0.229,0.0,2.4,1.5,1.13
1788442688.073,turning,4.921,0.706,3.6,0,3,4,5.075,0.875,15.0,0.229,0.229,0.0,2.4,1.5,1.13
1788442688.123,turning,4.921,0.706,5.2,0,3,4,5.075,0.875,14.1,0.229,0.229,0.0,2.4,1.5,1.2
1788442688.172,turning,4.921,0.706,6.0,0,3,4,5.075,0.875,13.9,0.229,0.229,0.0,2.4,1.5,1.2
1788442688.223,driving,4.921,0.706,7.7,0,3,4,5.075,0.875,13.0,0.229,0.229,0.22,0.0,1.5,1.27
1788442688.273,driving,4.921,0.706,8.5,0,3,4,5.075,0.875,12.8,0.229,0.229,0.22,0.0,1.5,1.27
1788442688.323,driving,4.924,0.706,8.2,0,3,4,5.075,0.875,13.8,0.227,0.227,0.22,0.0,1.5,1.35
1788442688.373,driving,4.928,0.706,7.9,0,3,4,5.075,0.875,14.8,0.224,0.224,0.22,0.0,1.5,1.35
1788442688.424,driving,4.941,0.708,7.7,0,3,4,5.075,0.875,15.7,0.214,0.214,0.22,0.0,1.5,1.35
1788442688.474,turning,4.948,0.709,7.7,0,3,4,5.075,0.875,16.4,0.209,0.209,0.0,2.4,1.5,1.35
1788442688.524,turning,4.956,0.71,7.7,0,3,4,5.075,0.875,17.1,0.204,0.204,0.0,2.4,1.5,1.36
1788442688.578,turning,4.957,0.71,9.2,0,3,4,5.075,0.875,16.4,0.203,0.203,0.0,2.4,1.5,1.36
1788442688.63,turning,4.958,0.71,9.9,0,3,4,5.075,0.875,16.4,0.203,0.203,0.0,2.4,1.5,1.41
1788442688.681,turning,4.959,0.709,11.1,0,3,4,5.075,0.875,15.9,0.203,0.203,0.0,2.4,1.5,1.41
1788442688.733,turning,4.96,0.709,11.8,0,3,4,5.075,0.875,15.9,0.203,0.203,0.0,2.4,1.5,1.52
1788442688.785,turning,4.96,0.709,13.5,0,3,4,5.075,0.875,14.9,0.203,0.203,0.0,2.4,1.5,1.52
1788442688.836,turning,4.96,0.709,14.3,0,3,4,5.075,0.875,14.8,0.203,0.203,0.0,2.4,1.5,1.66
1788442688.886,turning,4.96,0.709,15.9,0,3,4,5.075,0.875,13.8,0.203,0.203,0.0,2.4,1.5,1.66
1788442688.937,turning,4.96,0.709,16.7,0,3,4,5.075,0.875,13.6,0.203,0.203,0.0,2.4,1.5,1.82
1788442688.987,turning,4.96,0.709,18.4,0,3,4,5.075,0.875,12.6,0.203,0.203,0.0,2.4,1.5,1.82
1788442689.038,driving,4.96,0.709,19.2,0,3,4,5.075,0.875,12.4,0.203,0.203,0.22,0.0,1.5,2.02
1788442689.088,driving,4.96,0.709,20.1,0,3,4,5.075,0.875,12.1,0.202,0.202,0.22,0.0,1.5,2.02
1788442689.138,driving,4.966,0.709,20.0,0,3,4,5.075,0.875,12.8,0.199,0.199,0.22,0.0,1.5,2.18
1788442689.188,driving,4.983,0.711,19.7,0,3,4,5.075,0.875,13.8,0.188,0.188,0.22,0.0,1.5,2.18
1788442689.242,driving,4.991,0.713,19.7,0,3,4,5.075,0.875,14.5,0.182,0.182,0.22,0.0,1.5,2.2
1788442689.295,driving,5.005,0.718,19.7,0,3,4,5.075,0.875,15.3,0.172,0.172,0.22,0.0,1.5,2.2
1788442689.348,turning,5.012,0.721,19.7,0,3,4,5.075,0.875,16.1,0.166,0.166,0.0,2.4,1.5,2.22
1788442689.399,turning,5.019,0.723,19.7,0,3,4,5.075,0.875,16.9,0.162,0.162,0.0,2.4,1.5,2.22
1788442689.453,turning,5.02,0.722,21.4,0,3,4,5.075,0.875,16.0,0.163,0.163,0.0,2.4,1.5,2.21
1788442689.502,turning,5.019,0.72,22.6,0,3,4,5.075,0.875,15.7,0.165,0.165,0.0,2.4,1.5,2.21
1788442689.552,turning,5.018,0.718,24.5,0,3,4,5.075,0.875,14.5,0.167,0.167,0.0,2.4,1.5,2.21
1788442689.602,turning,5.018,0.718,25.3,0,3,4,5.075,0.875,14.5,0.167,0.167,0.0,2.4,1.5,2.21
1788442689.654,turning,5.018,0.718,26.9,0,3,4,5.075,0.875,13.6,0.167,0.167,0.0,2.4,1.5,2.22
1788442689.704,turning,5.018,0.718,27.7,0,3,4,5.075,0.875,13.5,0.167,0.167,0.0,2.4,1.5,2.22
1788442689.754,turning,5.018,0.718,29.4,0,3,4,5.075,0.875,12.6,0.167,0.167,0.0,2.4,1.5,2.22
1788442689.804,turning,5.018,0.718,30.2,0,3,4,5.075,0.875,12.5,0.167,0.167,0.0,2.4,1.5,2.22
1788442689.855,driving,5.018,0.718,31.8,0,3,4,5.075,0.875,11.5,0.167,0.167,0.22,0.0,1.5,2.22
1788442689.905,driving,5.018,0.718,32.6,0,3,4,5.075,0.875,11.3,0.167,0.167,0.22,0.0,1.5,2.22
1788442689.957,driving,5.02,0.719,32.8,0,3,4,5.075,0.875,11.8,0.165,0.165,0.22,0.0,1.5,2.22
1788442690.006,driving,5.024,0.721,32.8,0,3,4,5.075,0.875,12.5,0.162,0.162,0.22,0.0,1.5,2.22
1788442690.058,goal_approach,5.044,0.73,32.9,3,3,4,5.075,0.875,45.0,0.149,0.149,0.0,2.4,,2.21
1788442691.632,driving,5.055,0.734,42.1,0,24,32,6.125,1.875,4.7,1.564,1.991,0.3,0.0,1.5,2.19
1788442691.685,driving,5.055,0.735,42.1,0,24,32,6.125,1.875,4.7,1.564,1.991,0.3,0.0,1.5,2.19
1788442691.737,driving,5.057,0.736,42.1,0,24,32,6.125,1.875,4.7,1.562,1.989,0.3,0.0,1.5,2.19
1788442691.788,driving,5.063,0.742,42.1,0,24,32,6.125,1.875,4.7,1.553,1.98,0.3,0.0,1.5,2.19
1788442691.839,driving,5.069,0.747,42.1,0,24,32,6.125,1.875,4.7,1.545,1.972,0.3,0.0,1.5,2.19
1788442691.888,driving,5.083,0.76,42.1,1,24,32,6.125,1.875,4.8,1.526,1.954,0.3,0.0,1.5,2.18
1788442691.939,driving,5.091,0.767,42.1,1,24,32,6.125,1.875,4.8,1.516,1.943,0.3,0.0,1.5,2.18
1788442691.989,driving,5.098,0.773,42.1,1,24,32,6.125,1.875,4.8,1.506,1.933,0.3,0.0,1.5,2.15
1788442692.04,driving,5.113,0.787,42.1,1,24,32,6.125,1.875,4.8,1.486,1.913,0.3,0.0,1.5,2.15
1788442692.093,driving,5.121,0.794,42.1,2,25,32,6.175,1.925,4.8,1.546,1.903,0.3,0.0,1.5,2.13
1788442692.141,driving,5.136,0.808,42.1,2,25,32,6.175,1.925,4.8,1.526,1.883,0.3,0.0,1.5,2.13
1788442692.191,driving,5.144,0.814,42.1,2,25,32,6.175,1.925,4.8,1.516,1.872,0.3,0.0,1.5,2.11
1788442692.244,driving,5.159,0.828,42.1,2,25,32,6.175,1.925,4.8,1.495,1.852,0.3,0.0,1.5,2.11
1788442692.294,driving,5.166,0.835,42.1,3,26,32,6.225,1.975,4.8,1.556,1.842,0.3,0.0,1.5,2.09
1788442692.345,driving,5.181,0.849,42.1,3,26,32,6.225,1.975,4.8,1.536,1.822,0.3,0.0,1.5,2.09
1788442692.397,driving,5.189,0.855,42.1,3,26,32,6.225,1.975,4.8,1.525,1.812,0.3,0.0,1.5,2.06
1788442692.45,driving,5.204,0.869,42.1,3,26,32,6.225,1.975,4.8,1.505,1.791,0.3,0.0,1.5,2.06
1788442692.502,driving,5.212,0.876,42.1,3,26,32,6.225,1.975,4.8,1.495,1.781,0.3,0.0,1.5,2.04
1788442692.554,driving,5.227,0.89,42.1,4,27,32,6.275,2.025,4.8,1.545,1.761,0.3,0.0,1.5,2.04
1788442692.606,driving,5.234,0.896,42.1,4,27,32,6.275,2.025,4.9,1.535,1.751,0.3,0.0,1.5,2.02
1788442692.657,driving,5.25,0.91,42.1,0,23,28,6.275,2.025,4.9,1.515,1.731,0.3,0.0,1.5,2.02
1788442692.707,driving,5.254,0.916,41.9,0,23,28,6.275,2.025,5.1,1.508,1.724,0.3,0.0,1.5,1.99
1788442692.757,driving,5.262,0.926,41.5,0,23,28,6.275,2.025,5.5,1.495,1.711,0.3,0.0,1.5,1.99
1788442692.807,driving,5.269,0.933,41.5,1,24,28,6.303,2.067,5.5,1.534,1.701,0.3,0.0,1.5,1.97
1788442692.858,driving,5.277,0.94,41.5,1,24,28,6.303,2.067,5.5,1.524,1.691,0.3,0.0,1.5,1.97
1788442692.909,driving,5.292,0.953,41.5,1,24,28,6.303,2.067,5.6,1.504,1.67,0.3,0.0,1.5,1.95
1788442692.959,driving,5.3,0.96,41.5,1,24,28,6.303,2.067,5.6,1.494,1.66,0.3,0.0,1.5,1.95
1788442693.009,driving,5.315,0.974,41.5,2,25,28,6.33,2.108,5.6,1.523,1.64,0.3,0.0,1.5,1.93
1788442693.059,driving,5.322,0.98,41.5,2,25,28,6.33,2.108,5.6,1.513,1.63,0.3,0.0,1.5,1.93
1788442693.11,driving,5.338,0.994,41.5,2,25,28,6.33,2.108,5.7,1.492,1.61,0.3,0.0,1.5,1.9
1788442693.165,driving,5.345,1.001,41.5,2,25,28,6.33,2.108,5.7,1.482,1.6,0.3,0.0,1.5,1.9
1788442693.219,driving,5.365,1.016,41.4,3,26,28,6.375,2.175,5.8,1.538,1.576,0.3,0.0,1.5,1.88
1788442693.272,driving,5.376,1.024,41.3,3,26,28,6.375,2.175,5.9,1.524,1.562,0.3,0.0,1.5,1.88
1788442693.322,driving,5.394,1.039,41.3,3,26,28,6.375,2.175,6.0,1.501,1.539,0.3,0.0,1.5,1.86
1788442693.372,driving,5.401,1.046,41.3,3,26,28,6.375,2.175,6.1,1.491,1.529,0.3,0.0,1.5,1.86
1788442693.423,driving,5.417,1.059,41.3,4,27,28,6.375,2.225,6.2,1.509,1.509,0.3,0.0,1.5,1.83
1788442693.473,driving,5.425,1.066,41.3,4,27,28,6.375,2.225,6.2,1.499,1.499,0.3,0.0,1.5,1.83
1788442693.523,driving,5.44,1.079,41.3,4,27,28,6.375,2.225,6.3,1.479,1.479,0.3,0.0,1.5,1.81
1788442693.574,driving,5.448,1.086,41.3,4,27,28,6.375,2.225,6.4,1.469,1.469,0.3,0.0,1.5,1.81
1788442693.624,driving,5.463,1.1,41.3,5,27,28,6.375,2.225,6.5,1.449,1.449,0.3,0.0,1.5,1.79
1788442693.675,driving,5.471,1.106,41.3,0,25,26,6.375,2.225,6.6,1.439,1.439,0.3,0.0,1.5,1.79
1788442693.725,driving,5.476,1.111,41.3,1,25,26,6.375,2.225,6.6,1.431,1.431,0.3,0.0,1.5,1.77
1788442693.778,driving,5.483,1.117,41.7,1,25,26,6.375,2.225,6.3,1.422,1.422,0.3,0.0,1.5,1.77
1788442693.842,driving,5.489,1.122,41.8,1,25,26,6.375,2.225,6.3,1.415,1.415,0.3,0.0,1.5,1.74
1788442693.897,driving,5.504,1.135,41.8,1,25,26,6.375,2.225,6.4,1.395,1.395,0.3,0.0,1.5,1.74
1788442693.953,driving,5.512,1.142,41.8,2,25,26,6.375,2.225,6.4,1.385,1.385,0.3,0.0,1.5,1.72
1788442694.004,driving,5.527,1.156,41.8,2,25,26,6.375,2.225,6.5,1.365,1.365,0.3,0.0,1.5,1.72
1788442694.055,driving,5.535,1.162,41.8,2,25,26,6.375,2.225,6.6,1.355,1.355,0.3,0.0,1.5,1.7
1788442694.105,driving,5.55,1.176,41.8,3,25,26,6.375,2.225,6.7,1.335,1.335,0.3,0.0,1.5,1.7
1788442694.155,driving,5.558,1.183,41.8,3,25,26,6.375,2.225,6.8,1.325,1.325,0.3,0.0,1.5,1.68
1788442694.207,driving,5.573,1.196,41.8,3,25,26,6.375,2.225,6.9,1.305,1.305,0.3,0.0,1.5,1.68
1788442694.259,driving,5.585,1.207,41.6,3,25,26,6.375,2.225,7.1,1.289,1.289,0.3,0.0,1.5,1.65
1788442694.309,driving,5.611,1.232,41.2,4,25,26,6.375,2.225,7.6,1.253,1.253,0.3,0.0,1.5,1.65
1788442694.361,driving,5.619,1.239,41.2,4,25,26,6.375,2.225,7.7,1.242,1.242,0.3,0.0,1.5,1.63
1788442694.411,driving,5.635,1.253,41.2,5,25,26,6.375,2.225,7.8,1.222,1.222,0.3,0.0,1.5,1.63
1788442694.462,driving,5.642,1.26,41.2,5,25,26,6.375,2.225,7.9,1.212,1.212,0.3,0.0,1.5,1.61
1788442694.512,driving,5.658,1.273,41.2,5,25,26,6.375,2.225,8.0,1.192,1.192,0.3,0.0,1.5,1.61
1788442694.562,driving,5.665,1.28,41.2,6,25,26,6.375,2.225,8.1,1.182,1.182,0.3,0.0,1.5,1.58
1788442694.613,driving,5.673,1.287,41.2,6,25,26,6.375,2.225,8.2,1.172,1.172,0.3,0.0,1.5,1.58
1788442694.668,driving,5.689,1.3,41.2,6,25,26,6.375,2.225,8.3,1.152,1.152,0.3,0.0,1.5,1.56
1788442694.72,driving,5.696,1.307,41.2,1,19,20,6.375,2.225,8.4,1.142,1.142,0.3,0.0,1.5,1.56
1788442694.774,driving,5.712,1.317,41.1,1,19,20,6.375,2.225,8.6,1.124,1.124,0.3,0.0,1.5,1.54
1788442694.827,driving,5.719,1.321,41.1,1,19,20,6.375,2.225,8.7,1.117,1.117,0.3,0.0,1.5,1.54
1788442694.881,driving,5.735,1.332,41.0,2,19,20,6.375,2.225,8.9,1.099,1.099,0.3,0.0,1.5,1.52
1788442694.932,driving,5.743,1.339,41.0,2,19,20,6.375,2.225,9.0,1.089,1.089,0.3,0.0,1.5,1.52
1788442694.982,driving,5.758,1.352,41.0,2,19,20,6.375,2.225,9.1,1.069,1.069,0.3,0.0,1.5,1.49
1788442695.034,driving,5.766,1.359,41.0,2,19,20,6.375,2.225,9.2,1.059,1.059,0.3,0.0,1.5,1.49
1788442695.084,driving,5.781,1.372,41.0,2,19,20,6.375,2.225,9.4,1.039,1.039,0.3,0.0,1.5,1.47
1788442695.135,driving,5.789,1.379,41.0,3,19,20,6.375,2.225,9.5,1.029,1.029,0.3,0.0,1.5,1.47
1788442695.184,driving,5.804,1.392,41.0,3,19,20,6.375,2.225,9.6,1.01,1.01,0.3,0.0,1.5,1.45
1788442695.236,driving,5.812,1.399,41.0,3,19,20,6.375,2.225,9.7,1.0,1.0,0.3,0.0,1.5,1.45
1788442695.286,driving,5.832,1.411,40.4,3,19,20,6.375,2.225,10.5,0.978,0.978,0.3,0.0,1.5,1.42
1788442695.336,driving,5.844,1.416,40.0,4,19,20,6.375,2.225,11.0,0.968,0.968,0.3,0.0,1.5,1.42
1788442695.39,driving,5.861,1.429,39.8,4,19,20,6.375,2.225,11.4,0.948,0.948,0.3,0.0,1.5,1.4
1788442695.446,driving,5.869,1.435,39.8,4,19,20,6.375,2.225,11.6,0.938,0.938,0.3,0.0,1.5,1.4
1788442695.5,driving,5.877,1.442,39.8,4,19,20,6.375,2.225,11.7,0.928,0.928,0.3,0.0,1.5,1.38
1788442695.551,driving,5.893,1.455,39.8,4,19,20,6.375,2.225,11.9,0.909,0.909,0.3,0.0,1.5,1.38
1788442695.604,driving,5.901,1.461,39.8,5,19,20,6.375,2.225,12.1,0.899,0.899,0.3,0.0,1.5,1.36
1788442695.656,driving,5.916,1.474,39.8,5,19,20,6.375,2.225,12.2,0.88,0.88,0.3,0.0,1.5,1.36
1788442695.706,driving,5.924,1.481,39.8,0,15,16,6.375,2.225,12.4,0.87,0.87,0.3,0.0,1.5,1.33
1788442695.761,driving,5.94,1.494,39.8,0,15,16,6.375,2.225,12.6,0.851,0.851,0.3,0.0,1.5,1.33
1788442695.81,driving,5.951,1.5,39.5,1,15,16,6.375,2.225,13.0,0.84,0.84,0.3,0.0,1.5,1.31
1788442695.861,driving,5.975,1.512,38.8,1,15,16,6.375,2.225,13.9,0.818,0.818,0.3,0.0,1.5,1.31
1788442695.911,driving,5.984,1.518,38.7,1,15,16,6.375,2.225,14.2,0.808,0.808,0.3,0.0,1.5,1.29
1788442695.962,driving,6.0,1.531,38.7,2,15,16,6.375,2.225,14.5,0.789,0.789,0.3,0.0,1.5,1.29
1788442696.013,driving,6.008,1.537,38.7,2,15,16,6.375,2.225,14.7,0.779,0.779,0.3,0.0,1.5,1.26
1788442696.063,driving,6.024,1.55,38.7,2,15,16,6.375,2.225,14.9,0.761,0.761,0.3,0.0,1.5,1.26
1788442696.114,driving,6.032,1.557,38.7,2,15,16,6.375,2.225,15.1,0.751,0.751,0.3,0.0,1.5,1.24
1788442696.166,driving,6.048,1.569,38.7,3,15,16,6.375,2.225,15.4,0.733,0.733,0.3,0.0,1.5,1.24
1788442696.218,driving,6.056,1.576,38.7,3,15,16,6.375,2.225,15.6,0.724,0.724,0.3,0.0,1.5,1.22
1788442696.272,driving,6.072,1.588,38.7,3,15,16,6.375,2.225,15.9,0.705,0.705,0.3,0.0,1.5,1.22
1788442696.325,turning,6.079,1.595,38.7,3,15,16,6.375,2.225,16.1,0.696,0.696,0.0,2.4,1.5,1.2
1788442696.375,turning,6.086,1.601,38.8,3,15,16,6.375,2.225,16.3,0.688,0.688,0.0,2.4,1.5,1.2
1788442696.425,turning,6.087,1.602,40.3,3,15,16,6.375,2.225,15.0,0.686,0.686,0.0,2.4,1.5,1.18
1788442696.476,turning,6.087,1.602,41.1,3,15,16,6.375,2.225,14.5,0.686,0.686,0.0,2.4,1.5,1.18
1788442696.527,turning,6.087,1.602,42.7,3,15,16,6.375,2.225,13.1,0.686,0.686,0.0,2.4,1.5,1.18
1788442696.579,turning,6.087,1.602,43.5,3,15,16,6.375,2.225,12.5,0.686,0.686,0.0,2.4,1.5,1.18
1788442696.63,turning,6.087,1.602,45.2,3,15,16,6.375,2.225,11.1,0.686,0.686,0.0,2.4,1.5,1.18
1788442696.679,turning,6.087,1.602,46.0,3,15,16,6.375,2.225,10.5,0.686,0.686,0.0,2.4,1.5,1.18
1788442696.731,turning,6.087,1.602,47.6,0,13,14,6.375,2.225,9.0,0.686,0.686,0.0,2.4,1.5,1.19
1788442696.78,turning,6.087,1.602,48.4,0,13,14,6.375,2.225,8.4,0.686,0.686,0.0,2.4,1.5,1.19
1788442696.832,driving,6.09,1.608,50.3,0,13,14,6.375,2.225,6.8,0.68,0.68,0.3,0.0,1.5,1.62
1788442696.882,driving,6.092,1.612,51.3,0,13,14,6.375,2.225,6.0,0.675,0.675,0.3,0.0,1.5,1.62
1788442696.936,driving,6.095,1.617,51.6,0,13,14,6.375,2.225,5.8,0.669,0.669,0.3,0.0,1.5,1.61
1788442696.987,driving,6.098,1.621,51.6,0,13,14,6.375,2.225,6.0,0.665,0.665,0.3,0.0,1.5,1.61
1788442697.043,driving,6.106,1.631,51.6,0,13,14,6.375,2.225,6.2,0.652,0.652,0.3,0.0,1.5,1.6
1788442697.094,driving,6.112,1.638,51.6,1,13,14,6.375,2.225,6.4,0.643,0.643,0.3,0.0,1.5,1.6
1788442697.149,driving,6.122,1.657,52.2,1,13,14,6.375,2.225,6.1,0.622,0.622,0.3,0.0,1.5,1.58
1788442697.198,driving,6.126,1.667,52.6,1,13,14,6.375,2.225,5.9,0.611,0.611,0.3,0.0,1.5,1.58
1788442697.251,driving,6.131,1.676,52.8,1,13,14,6.375,2.225,5.8,0.6,0.6,0.3,0.0,1.5,1.55
1788442697.301,driving,6.144,1.693,52.8,2,13,14,6.375,2.225,6.0,0.58,0.58,0.3,0.0,1.5,1.55
1788442697.351,driving,6.15,1.701,52.8,2,13,14,6.375,2.225,6.2,0.571,0.571,0.3,0.0,1.5,1.52
1788442697.4,driving,6.162,1.717,52.8,2,13,14,6.375,2.225,6.4,0.551,0.551,0.3,0.0,1.5,1.52
1788442697.451,driving,6.168,1.725,52.8,3,13,14,6.375,2.225,6.6,0.541,0.541,0.3,0.0,1.5,1.49
1788442697.501,driving,6.181,1.741,52.8,3,13,14,6.375,2.225,6.9,0.521,0.521,0.3,0.0,1.5,1.49
1788442697.551,driving,6.187,1.749,52.8,3,13,14,6.375,2.225,7.1,0.511,0.511,0.3,0.0,1.5,1.45
1788442697.6,driving,6.199,1.766,52.8,4,13,14,6.375,2.225,7.3,0.492,0.492,0.3,0.0,1.5,1.45
1788442697.651,driving,6.205,1.774,52.8,4,13,14,6.375,2.225,7.5,0.482,0.482,0.3,0.0,1.5,1.43
1788442697.702,driving,6.218,1.79,52.8,4,13,14,6.375,2.225,7.8,0.462,0.462,0.3,0.0,1.5,1.43
1788442697.758,driving,6.224,1.798,52.8,0,9,10,6.375,2.225,8.0,0.453,0.453,0.3,0.0,1.5,1.4
1788442697.809,driving,6.236,1.814,52.8,1,9,10,6.375,2.225,8.3,0.433,0.433,0.3,0.0,1.5,1.4
1788442697.862,driving,6.242,1.819,52.6,1,9,10,6.375,2.225,8.7,0.427,0.427,0.3,0.0,1.5,1.37
1788442697.913,driving,6.253,1.826,52.2,1,9,10,6.375,2.225,9.4,0.417,0.417,0.3,0.0,1.5,1.37
1788442697.966,driving,6.259,1.834,52.2,1,9,10,6.375,2.225,9.8,0.408,0.408,0.3,0.0,1.5,1.34
1788442698.016,driving,6.272,1.85,52.2,2,9,10,6.375,2.225,10.1,0.389,0.389,0.292,0.0,1.5,1.34
1788442698.067,driving,6.278,1.858,52.2,2,9,10,6.375,2.225,10.4,0.38,0.38,0.285,0.0,1.5,1.31
1788442698.118,driving,6.284,1.866,52.2,2,9,10,6.375,2.225,10.7,0.371,0.371,0.278,0.0,1.5,1.31
1788442698.168,driving,6.296,1.881,52.2,2,9,10,6.375,2.225,11.1,0.353,0.353,0.265,0.0,1.5,1.28
1788442698.219,driving,6.302,1.888,52.2,3,9,10,6.375,2.225,11.4,0.345,0.345,0.258,0.0,1.5,1.28
1788442698.271,driving,6.313,1.902,52.2,3,9,10,6.375,2.225,11.8,0.328,0.328,0.246,0.0,1.5,1.25
1788442698.321,driving,6.318,1.909,52.2,3,9,10,6.375,2.225,12.2,0.321,0.321,0.24,0.0,1.5,1.25
1788442698.373,driving,6.331,1.926,52.4,3,9,10,6.375,2.225,12.4,0.302,0.302,0.227,0.0,1.5,1.23
1788442698.424,driving,6.338,1.935,52.5,4,9,10,6.375,2.225,12.7,0.292,0.292,0.22,0.0,1.5,1.23
1788442698.473,driving,6.348,1.95,52.7,4,9,10,6.375,2.225,13.0,0.276,0.276,0.22,0.0,1.5,1.21
1788442698.525,driving,6.353,1.956,52.7,4,9,10,6.375,2.225,13.5,0.27,0.27,0.22,0.0,1.5,1.21
1788442698.581,driving,6.362,1.968,52.7,4,9,10,6.375,2.225,14.0,0.257,0.257,0.22,0.0,1.5,1.18
1788442698.633,driving,6.367,1.974,52.7,5,9,10,6.375,2.225,14.6,0.251,0.251,0.22,0.0,1.5,1.18
1788442698.687,driving,6.376,1.986,52.7,5,9,10,6.375,2.225,15.1,0.239,0.239,0.22,0.0,1.5,1.16
1788442698.739,driving,6.38,1.992,52.7,5,9,10,6.375,2.225,15.7,0.233,0.233,0.22,0.0,1.5,1.16
1788442698.789,turning,6.389,2.004,52.7,1,5,6,6.375,2.225,16.3,0.222,0.222,0.0,2.4,1.5,1.14
1788442698.839,turning,6.394,2.009,52.7,1,5,6,6.375,2.225,17.0,0.216,0.216,0.0,2.4,1.5,1.14
1788442698.89,turning,6.398,2.009,54.3,1,5,6,6.375,2.225,16.0,0.217,0.217,0.0,2.4,1.5,1.12
1788442698.942,turning,6.4,2.008,55.1,1,5,6,6.375,2.225,15.8,0.219,0.219,0.0,2.4,1.5,1.12
1788442698.991,turning,6.401,2.007,56.0,1,5,6,6.375,2.225,15.6,0.219,0.219,0.0,2.4,1.5,1.12
1788442699.043,turning,6.401,2.007,57.6,1,5,6,6.375,2.225,14.6,0.219,0.219,0.0,2.4,1.5,1.12
1788442699.093,turning,6.401,2.007,58.4,1,5,6,6.375,2.225,14.4,0.219,0.219,0.0,2.4,1.5,1.12
1788442699.144,turning,6.401,2.007,60.1,1,5,6,6.375,2.225,13.4,0.219,0.219,0.0,2.4,1.5,1.12
1788442699.195,turning,6.401,2.007,60.9,1,5,6,6.375,2.225,13.1,0.219,0.219,0.0,2.4,1.5,1.12
1788442699.246,turning,6.401,2.007,62.5,1,5,6,6.375,2.225,12.1,0.219,0.219,0.0,2.4,1.5,1.12
1788442699.298,turning,6.401,2.007,63.3,1,5,6,6.375,2.225,11.8,0.219,0.219,0.0,2.4,1.5,1.13
1788442699.35,driving,6.401,2.007,65.0,1,5,6,6.375,2.225,10.7,0.219,0.219,0.22,0.0,1.5,1.13
1788442699.402,driving,6.401,2.007,65.8,1,5,6,6.375,2.225,10.4,0.219,0.219,0.22,0.0,1.5,1.13
1788442699.455,driving,6.403,2.01,66.0,1,5,6,6.375,2.225,10.7,0.217,0.217,0.22,0.0,1.5,1.13
1788442699.505,driving,6.404,2.014,66.0,1,5,6,6.375,2.225,11.3,0.213,0.213,0.22,0.0,1.5,1.12
1788442699.556,driving,6.409,2.026,66.0,1,5,6,6.375,2.225,11.8,0.202,0.202,0.22,0.0,1.5,1.12
1788442699.608,driving,6.417,2.038,65.9,1,5,6,6.375,2.225,12.5,0.192,0.192,0.22,0.0,1.5,1.11
1788442699.658,driving,6.434,2.065,65.8,2,5,6,6.375,2.225,13.4,0.17,0.17,0.22,0.0,1.5,1.11
1788442699.708,driving,6.438,2.073,65.8,2,5,6,6.375,2.225,14.3,0.164,0.164,0.22,0.0,1.5,1.08
1788442699.758,driving,6.444,2.087,65.8,2,5,6,6.375,2.225,15.2,0.155,0.155,0.22,0.0,1.5,1.08
1788442699.81,turning,6.447,2.093,65.8,0,3,4,6.375,2.225,16.1,0.15,0.15,0.0,2.4,1.5,1.07
1788442699.86,goal_approach,6.45,2.1,65.8,3,3,4,6.375,2.225,55.4,0.146,0.146,0.0,2.898,,1.07
1788442699.91,goal_approach,6.451,2.102,67.6,3,3,4,6.375,2.225,54.1,0.145,0.145,0.0,2.833,,1.05
1788442699.961,goal_approach,6.451,2.102,69.0,3,3,4,6.375,2.225,52.7,0.145,0.145,0.0,2.76,,1.05
1788442700.012,goal_approach,6.451,2.102,71.6,3,3,4,6.375,2.225,50.1,0.145,0.145,0.0,2.624,,1.05
1788442700.066,goal_approach,6.451,2.102,72.8,3,3,4,6.375,2.225,48.9,0.145,0.145,0.0,2.559,,1.05
1788442700.118,goal_approach,6.451,2.102,75.0,3,3,4,6.375,2.225,46.7,0.145,0.145,0.0,2.446,,1.05
1788442700.17,goal_approach,6.451,2.102,76.0,3,3,4,6.375,2.225,45.7,0.145,0.145,0.0,2.4,,1.05
1788442700.222,goal_approach,6.451,2.102,77.7,3,3,4,6.375,2.225,44.0,0.145,0.145,0.0,2.4,,1.05
1788442700.272,goal_approach,6.451,2.102,78.5,3,3,4,6.375,2.225,43.2,0.145,0.145,0.0,2.4,,1.05
1788442700.326,goal_approach,6.454,2.1,80.2,3,3,4,6.375,2.225,41.9,0.148,0.148,0.0,2.4,,1.06
1788442700.376,goal_approach,6.456,2.098,81.0,3,3,4,6.375,2.225,41.3,0.151,0.151,0.0,2.4,,1.06
1788442700.428,goal_approach,6.457,2.096,82.6,3,3,4,6.375,2.225,39.9,0.153,0.153,0.0,2.4,,1.1
1788442700.478,goal_approach,6.457,2.096,83.4,3,3,4,6.375,2.225,39.1,0.153,0.153,0.0,2.4,,1.1
1788442700.53,goal_approach,6.458,2.095,85.2,3,3,4,6.375,2.225,37.2,0.154,0.154,0.0,2.4,,1.14
1788442700.58,goal_approach,6.458,2.093,86.0,3,3,4,6.375,2.225,36.3,0.156,0.156,0.0,2.4,,1.14
1788442700.631,goal_approach,6.459,2.093,87.7,3,3,4,6.375,2.225,34.6,0.156,0.156,0.0,2.4,,1.19
1788442700.681,goal_approach,6.459,2.093,88.5,3,3,4,6.375,2.225,33.7,0.156,0.156,0.0,2.4,,1.19
1788442700.731,goal_approach,6.459,2.093,89.3,3,3,4,6.375,2.225,32.9,0.156,0.156,0.0,2.4,,1.24
1788442700.781,goal_approach,6.459,2.093,91.0,3,3,4,6.375,2.225,31.3,0.156,0.156,0.0,2.4,,1.24
1788442700.834,goal_approach,6.46,2.094,91.8,3,3,4,6.375,2.225,31.2,0.156,0.156,0.0,2.4,,1.3
1788442700.887,goal_approach,6.465,2.1,93.4,3,3,4,6.375,2.225,32.3,0.154,0.154,0.0,2.4,,1.3
1788442700.942,goal_approach,6.466,2.101,94.2,3,3,4,6.375,2.225,32.0,0.154,0.154,0.0,2.4,,1.37
1788442700.993,goal_approach,6.466,2.101,95.9,3,3,4,6.375,2.225,30.4,0.154,0.154,0.0,2.4,,1.37
1788442701.046,goal_approach,6.466,2.101,96.7,3,3,4,6.375,2.225,29.6,0.154,0.154,0.0,2.4,,1.45
1788442701.095,goal_approach,6.466,2.101,98.3,3,3,4,6.375,2.225,28.0,0.154,0.154,0.0,2.4,,1.45
1788442701.145,goal_approach,6.464,2.101,99.0,3,3,4,6.375,2.225,26.8,0.153,0.153,0.0,2.4,,1.55
1788442701.195,goal_approach,6.46,2.101,100.2,3,3,4,6.375,2.225,24.3,0.151,0.151,0.0,2.4,,1.55
1788442701.247,goal_approach,6.46,2.101,101.0,3,3,4,6.375,2.225,23.3,0.151,0.151,0.0,2.4,,1.66
1788442701.301,goal_approach,6.46,2.101,102.6,3,3,4,6.375,2.225,21.7,0.151,0.151,0.0,2.4,,1.66
1788442701.354,goal_approach,6.46,2.101,103.4,3,3,4,6.375,2.225,20.9,0.151,0.151,0.0,2.4,,1.78
1788442701.404,goal_approach,6.46,2.101,105.1,3,3,4,6.375,2.225,19.2,0.151,0.151,0.0,2.4,,1.78
1788442701.454,goal_approach,6.457,2.098,105.7,3,3,4,6.375,2.225,17.3,0.151,0.151,0.0,2.4,,1.94
1788442701.504,goal_approach,6.45,2.093,106.8,3,3,4,6.375,2.225,12.9,0.152,0.152,0.0,2.4,,1.94
1788442701.554,goal_approach,6.45,2.093,107.6,3,3,4,6.375,2.225,12.0,0.152,0.152,0.0,2.4,,2.12
1788442701.608,goal_approach,6.45,2.093,108.4,3,3,4,6.375,2.225,11.2,0.152,0.152,0.0,2.4,,2.12
1788442701.666,goal_approach,6.45,2.093,110.1,3,3,4,6.375,2.225,9.5,0.152,0.152,0.0,2.4,,2.86
1788442701.719,goal_approach,6.45,2.093,110.9,3,3,4,6.375,2.225,8.7,0.152,0.152,0.0,2.4,,2.86
1788442701.77,goal_approach,6.449,2.091,112.3,3,3,4,6.375,2.225,6.6,0.153,0.153,0.0,2.4,,2.86
1788442701.821,goal_approach,6.447,2.09,113.0,3,3,4,6.375,2.225,5.2,0.153,0.153,0.0,2.4,,2.86
1788442701.87,goal_approach,6.446,2.089,114.5,3,3,4,6.375,2.225,3.1,0.153,0.153,0.0,2.4,,2.86
1788442701.921,goal_approach,6.446,2.089,115.3,3,3,4,6.375,2.225,2.3,0.153,0.153,0.22,0.0,,2.86
1788442701.973,goal_approach,6.446,2.09,116.2,3,3,4,6.375,2.225,1.4,0.152,0.152,0.22,0.0,,2.85
1788442702.023,goal_approach,6.445,2.092,116.2,3,3,4,6.375,2.225,1.4,0.15,0.15,0.22,0.0,,2.85
1788442702.074,goal_approach,6.435,2.102,116.3,3,3,4,6.375,2.225,-0.3,0.137,0.137,0.22,0.0,,2.86
1788442702.124,goal_approach,6.428,2.109,116.4,3,3,4,6.375,2.225,-2.0,0.127,0.127,0.22,0.0,,2.86
1788442702.176,goal_approach,6.418,2.123,116.5,3,3,4,6.375,2.225,-3.6,0.11,0.11,0.22,0.0,,2.84
1788442702.226,goal_approach,6.415,2.13,116.5,3,3,4,6.375,2.225,-3.9,0.103,0.103,0.22,0.0,,2.84
1788442702.277,goal_approach,6.408,2.143,116.5,3,3,4,6.375,2.225,-4.5,0.088,0.088,0.22,0.0,,2.81
1788442702.327,goal_approach,6.405,2.15,116.5,3,3,4,6.375,2.225,-4.9,0.081,0.081,0.22,0.0,,2.81
1788442702.379,goal_approach,6.397,2.165,117.0,3,3,4,6.375,2.225,-7.2,0.064,0.064,0.22,0.0,,2.79
1788442702.429,goal_turn,6.392,2.173,117.3,3,3,4,6.375,2.225,-117.3,0.0,0.055,0.0,-4.5,,2.79
1788442702.483,goal_turn,6.388,2.18,117.5,3,3,4,6.375,2.225,-117.5,0.0,0.047,0.0,-4.5,,2.76
1788442702.535,goal_turn,6.387,2.181,111.0,3,3,4,6.375,2.225,-111.0,0.0,0.046,0.0,-4.5,,2.76
1788442702.586,goal_turn,6.387,2.181,107.5,3,3,4,6.375,2.225,-107.5,0.0,0.046,0.0,-4.5,,2.75
1788442702.636,goal_turn,6.387,2.181,100.7,3,3,4,6.375,2.225,-100.7,0.0,0.046,0.0,-4.5,,2.75
1788442702.686,goal_turn,6.387,2.181,97.2,3,3,4,6.375,2.225,-97.2,0.0,0.046,0.0,-4.5,,1.83
1788442702.736,goal_turn,6.387,2.181,90.4,3,3,4,6.375,2.225,-90.4,0.0,0.046,0.0,-4.5,,1.83
1788442702.786,goal_turn,6.387,2.181,86.9,3,3,4,6.375,2.225,-86.9,0.0,0.046,0.0,-4.5,,1.42
1788442702.836,goal_turn,6.387,2.181,80.1,3,3,4,6.375,2.225,-80.1,0.0,0.046,0.0,-4.192,,1.42
1788442702.886,goal_turn,6.387,2.181,76.6,1,1,2,6.375,2.225,-76.6,0.0,0.046,0.0,-4.012,,1.19
1788442702.936,goal_turn,6.387,2.181,70.6,1,1,2,6.375,2.225,-70.6,0.0,0.046,0.0,-3.697,,1.19
1788442702.987,goal_turn,6.386,2.18,67.8,1,1,2,6.375,2.225,-67.8,0.0,0.046,0.0,-3.551,,1.07
1788442703.037,goal_turn,6.384,2.18,63.1,1,1,2,6.375,2.225,-63.1,0.0,0.045,0.0,-3.303,,1.07
1788442703.088,goal_turn,6.383,2.184,60.8,1,1,2,6.375,2.225,-60.8,0.0,0.042,0.0,-3.182,,1.06
1788442703.14,goal_turn,6.381,2.191,56.8,1,1,2,6.375,2.225,-56.8,0.0,0.034,0.0,-2.975,,1.06
1788442703.193,goal_turn,6.382,2.191,55.1,1,1,2,6.375,2.225,-55.1,0.0,0.034,0.0,-2.885,,1.06
1788442703.244,goal_turn,6.382,2.191,52.2,1,1,2,6.375,2.225,-52.2,0.0,0.035,0.0,-2.733,,1.06
1788442703.297,goal_turn,6.379,2.193,51.3,1,1,2,6.375,2.225,-51.3,0.0,0.033,0.0,-2.685,,1.06
1788442703.347,goal_turn,6.374,2.195,50.6,1,1,2,6.375,2.225,-50.6,0.0,0.03,0.0,-2.647,,1.06
1788442703.399,goal_turn,6.365,2.2,48.6,1,1,2,6.375,2.225,-48.6,0.0,0.027,0.0,-2.547,,1.06
1788442703.45,goal_turn,6.36,2.203,47.4,1,1,2,6.375,2.225,-47.4,0.0,0.027,0.0,-2.481,,1.06
1788442703.5,goal_turn,6.353,2.206,45.1,1,1,2,6.375,2.225,-45.1,0.0,0.03,0.0,-2.4,,1.06
1788442703.551,goal_turn,6.349,2.205,44.0,1,1,2,6.375,2.225,-44.0,0.0,0.032,0.0,-2.4,,1.06
1788442703.604,goal_turn,6.348,2.21,42.4,1,1,2,6.375,2.225,-42.4,0.0,0.031,0.0,-2.4,,1.06
1788442703.653,goal_turn,6.35,2.215,41.6,1,1,2,6.375,2.225,-41.6,0.0,0.027,0.0,-2.4,,1.06
1788442703.705,goal_turn,6.351,2.218,40.0,1,1,2,6.375,2.225,-40.0,0.0,0.025,0.0,-2.4,,1.06
1788442703.756,goal_turn,6.351,2.218,39.2,1,1,2,6.375,2.225,-39.2,0.0,0.025,0.0,-2.4,,1.06
1788442703.806,goal_turn,6.348,2.225,37.1,1,1,2,6.375,2.225,-37.1,0.0,0.027,0.0,-2.4,,1.07
1788442703.857,goal_turn,6.345,2.229,35.9,1,1,2,6.375,2.225,-35.9,0.0,0.03,0.0,-2.4,,1.07
1788442703.912,goal_turn,6.343,2.233,34.0,1,1,2,6.375,2.225,-34.0,0.0,0.033,0.0,-2.4,,1.06
1788442703.965,goal_turn,6.343,2.233,33.2,1,1,2,6.375,2.225,-33.2,0.0,0.033,0.0,-2.4,,1.06
1788442704.019,goal_turn,6.344,2.233,31.1,1,1,2,6.375,2.225,-31.1,0.0,0.032,0.0,-2.4,,1.06
1788442704.075,goal_turn,6.344,2.234,29.9,1,1,2,6.375,2.225,-29.9,0.0,0.032,0.0,-2.4,,1.06
1788442704.124,goal_turn,6.344,2.234,28.0,1,1,2,6.375,2.225,-28.0,0.0,0.032,0.0,-2.4,,1.06
1788442705.693,turning,6.358,2.245,19.4,0,30,91,7.875,2.225,-20.2,1.518,4.519,0.0,-2.4,1.5,1.05
1788442705.743,turning,6.358,2.245,18.9,0,30,91,7.875,2.225,-19.6,1.518,4.519,0.0,-2.4,1.5,1.05
1788442705.793,turning,6.358,2.245,18.7,0,30,91,7.875,2.225,-19.4,1.517,4.519,0.0,-2.4,1.5,1.05
1788442705.846,turning,6.364,2.247,18.7,0,30,91,7.875,2.225,-19.4,1.511,4.513,0.0,-2.4,1.5,1.05
1788442705.897,turning,6.369,2.249,18.7,0,30,91,7.875,2.225,-19.4,1.506,4.507,0.0,-2.4,1.5,1.05
1788442705.95,turning,6.376,2.251,18.7,0,30,91,7.875,2.225,-19.4,1.499,4.501,0.0,-2.4,1.5,1.04
1788442705.999,turning,6.389,2.255,18.7,0,30,91,7.875,2.225,-19.4,1.487,4.488,0.0,-2.4,1.5,1.04
1788442706.05,turning,6.395,2.258,18.7,0,30,91,7.875,2.225,-19.4,1.48,4.481,0.0,-2.4,1.5,1.02
1788442706.1,turning,6.408,2.262,18.7,1,31,91,7.925,2.225,-19.5,1.517,4.468,0.0,-2.4,1.5,1.02
1788442706.152,turning,6.414,2.264,18.7,1,31,91,7.925,2.225,-19.5,1.511,4.462,0.0,-2.4,1.5,1.0
1788442706.203,turning,6.427,2.268,18.7,1,31,91,7.925,2.225,-19.5,1.498,4.449,0.0,-2.4,1.5,1.0
1788442706.258,turning,6.434,2.271,18.7,1,31,91,7.925,2.225,-19.5,1.492,4.442,0.0,-2.4,1.5,0.98
1788442706.311,turning,6.447,2.275,18.7,2,32,91,7.975,2.225,-19.5,1.529,4.429,0.0,-2.4,1.5,0.98
1788442706.367,turning,6.453,2.277,18.7,2,32,91,7.975,2.225,-19.6,1.523,4.423,0.0,-2.4,1.5,0.96
1788442706.417,turning,6.466,2.282,18.7,2,32,91,7.975,2.225,-19.6,1.51,4.41,0.0,-2.4,1.5,0.96
1788442706.468,turning,6.472,2.284,18.7,2,32,91,7.975,2.225,-19.6,1.504,4.404,0.0,-2.4,1.5,0.94
1788442706.519,turning,6.485,2.288,18.7,2,32,91,7.975,2.225,-19.7,1.491,4.391,0.0,-2.4,1.5,0.94
1788442706.569,turning,6.492,2.29,18.7,2,32,91,7.975,2.225,-19.7,1.485,4.384,0.0,-2.4,1.5,0.92
1788442706.622,turning,6.505,2.295,18.7,3,33,91,8.025,2.175,-19.8,1.525,4.371,0.0,-2.4,1.5,0.92
1788442706.673,turning,6.511,2.297,18.7,3,33,91,8.025,2.175,-19.9,1.519,4.365,0.0,-2.4,1.5,0.9
1788442706.724,turning,6.524,2.301,18.7,0,30,88,8.025,2.225,-19.9,1.503,4.352,0.0,-2.4,1.5,0.9
1788442706.775,turning,6.53,2.303,18.7,0,30,88,8.025,2.225,-20.0,1.497,4.345,0.0,-2.4,1.5,0.88
1788442706.826,turning,6.532,2.304,18.0,0,30,88,8.025,2.225,-19.3,1.495,4.343,0.0,-2.4,1.5,0.88
1788442706.876,turning,6.527,2.308,15.8,0,30,88,8.025,2.225,-17.2,1.5,4.349,0.0,-2.4,1.5,0.87
1788442706.927,turning,6.521,2.312,14.5,0,30,88,8.025,2.225,-16.0,1.506,4.354,0.0,-2.4,1.5,0.87
1788442706.978,turning,6.516,2.316,12.4,0,30,88,8.025,2.225,-13.8,1.512,4.359,0.0,-2.4,1.5,0.86
1788442707.029,turning,6.516,2.316,11.4,0,30,88,8.025,2.225,-12.9,1.512,4.359,0.0,-2.4,1.5,0.86
1788442707.088,turning,6.516,2.316,9.4,0,30,88,8.025,2.225,-11.0,1.512,4.359,0.0,-2.4,1.5,0.87
1788442707.139,turning,6.516,2.316,8.4,0,30,88,8.025,2.225,-10.1,1.512,4.359,0.0,-2.4,1.5,0.87
1788442707.19,turning,6.516,2.316,6.5,0,30,88,8.025,2.225,-8.1,1.512,4.359,0.0,-2.4,1.5,0.86
1788442707.24,turning,6.516,2.316,5.5,0,30,88,8.025,2.225,-7.2,1.512,4.359,0.0,-2.4,1.5,0.86
1788442707.291,driving,6.516,2.316,3.5,0,30,88,8.025,2.225,-5.3,1.512,4.359,0.268,0.0,1.5,0.86
1788442707.344,driving,6.516,2.316,2.5,0,30,88,8.025,2.225,-4.3,1.512,4.359,0.268,0.0,1.5,0.86
1788442707.395,driving,6.516,2.316,1.5,0,30,88,8.025,2.225,-3.3,1.512,4.359,0.268,0.0,1.5,0.86
1788442707.445,driving,6.516,2.316,1.5,0,30,88,8.025,2.225,-3.4,1.512,4.359,0.268,0.0,1.5,0.86
1788442707.495,driving,6.519,2.32,1.3,0,30,88,8.025,2.225,-3.2,1.509,4.356,0.268,0.0,1.5,0.86
1788442707.545,driving,6.522,2.323,1.1,0,30,88,8.025,2.225,-3.1,1.506,4.354,0.268,0.0,1.5,0.86
1788442707.597,driving,6.524,2.324,1.1,0,30,88,8.025,2.225,-3.1,1.505,4.352,0.283,0.0,1.5,1.02
1788442707.647,driving,6.526,2.324,1.1,0,30,88,8.025,2.225,-3.1,1.503,4.35,0.283,0.0,1.5,1.02
1788442707.697,driving,6.53,2.325,1.1,0,30,88,8.025,2.225,-3.2,1.498,4.345,0.285,0.0,1.5,1.04
1788442707.751,driving,6.544,2.325,1.1,0,30,88,8.025,2.225,-3.2,1.484,4.331,0.285,0.0,1.5,1.04
1788442707.802,driving,6.552,2.326,1.1,1,31,88,8.075,2.225,-3.3,1.526,4.323,0.282,0.0,1.5,1.01
1788442707.856,driving,6.567,2.326,1.1,1,31,88,8.075,2.225,-3.3,1.511,4.308,0.282,0.0,1.5,1.01
1788442707.907,driving,6.574,2.326,1.1,1,31,88,8.075,2.225,-3.4,1.504,4.301,0.283,0.0,1.5,1.02
1788442707.959,driving,6.589,2.326,1.1,1,31,88,8.075,2.225,-3.4,1.489,4.286,0.283,0.0,1.5,1.02
1788442708.008,driving,6.597,2.326,1.1,1,31,88,8.075,2.225,-3.4,1.482,4.278,0.279,0.0,1.5,0.98
1788442708.058,driving,6.612,2.327,1.1,2,32,88,8.125,2.225,-3.5,1.517,4.263,0.279,0.0,1.5,0.98
1788442708.109,driving,6.619,2.327,1.1,2,32,88,8.125,2.225,-3.5,1.509,4.256,0.279,0.0,1.5,0.98
1788442708.159,driving,6.634,2.327,1.1,2,32,88,8.125,2.225,-3.6,1.494,4.241,0.279,0.0,1.5,0.98
1788442708.21,driving,6.642,2.327,1.1,2,32,88,8.125,2.225,-3.6,1.487,4.234,0.276,0.0,1.5,0.94
1788442708.26,driving,6.657,2.328,1.1,3,33,88,8.175,2.225,-3.6,1.522,4.219,0.276,0.0,1.5,0.94
1788442708.309,driving,6.664,2.328,1.1,3,33,88,8.175,2.225,-3.7,1.514,4.211,0.273,0.0,1.5,0.91
1788442708.36,driving,6.679,2.328,1.1,3,33,88,8.175,2.225,-3.7,1.499,4.196,0.273,0.0,1.5,0.91
1788442708.41,driving,6.687,2.328,1.1,3,33,88,8.175,2.225,-3.7,1.492,4.189,0.273,0.0,1.5,0.91
1788442708.461,driving,6.702,2.328,1.1,4,34,88,8.225,2.225,-3.8,1.527,4.174,0.273,0.0,1.5,0.91
1788442708.513,driving,6.709,2.329,1.1,4,34,88,8.225,2.225,-3.8,1.52,4.166,0.27,0.0,1.5,0.88
1788442708.567,driving,6.716,2.329,1.1,4,34,88,8.225,2.225,-3.8,1.512,4.159,0.27,0.0,1.5,0.88
1788442708.623,driving,6.735,2.334,1.4,4,34,88,8.225,2.225,-4.1,1.494,4.14,0.268,0.0,1.5,0.86
1788442708.675,driving,6.746,2.34,1.6,4,34,88,8.225,2.225,-4.4,1.484,4.129,0.268,0.0,1.5,0.86
1788442708.726,driving,6.764,2.345,1.9,5,35,88,8.275,2.225,-4.7,1.516,4.111,0.265,0.0,1.5,0.83
1788442708.778,driving,6.771,2.346,1.9,0,30,83,8.275,2.225,-4.8,1.509,4.104,0.265,0.0,1.5,0.83
1788442708.83,driving,6.786,2.346,1.9,0,30,83,8.275,2.225,-4.8,1.494,4.089,0.263,0.0,1.5,0.81
1788442708.88,driving,6.794,2.346,1.9,0,30,83,8.275,2.225,-4.9,1.486,4.082,0.263,0.0,1.5,0.81
1788442708.93,driving,6.809,2.347,1.9,1,31,83,8.324,2.237,-4.9,1.519,4.067,0.263,0.0,1.5,0.81
1788442708.98,driving,6.816,2.347,1.9,1,31,83,8.324,2.237,-4.9,1.512,4.059,0.263,0.0,1.5,0.81
1788442709.031,driving,6.831,2.348,1.9,1,31,83,8.324,2.237,-5.0,1.497,4.044,0.261,0.0,1.5,0.78
1788442709.08,driving,6.838,2.348,1.9,1,31,83,8.324,2.237,-5.0,1.489,4.037,0.261,0.0,1.5,0.78
1788442709.131,driving,6.848,2.346,1.5,1,31,83,8.324,2.237,-4.7,1.479,4.027,0.259,0.0,1.5,0.76
1788442709.181,driving,6.852,2.344,1.3,1,31,83,8.324,2.237,-4.4,1.475,4.023,0.259,0.0,1.5,0.76
1788442709.231,driving,6.864,2.344,1.1,2,32,83,8.372,2.249,-4.2,1.511,4.011,0.257,0.0,1.5,0.74
1788442709.282,driving,6.872,2.344,1.1,2,32,83,8.372,2.249,-4.2,1.503,4.003,0.257,0.0,1.5,0.74
1788442709.333,driving,6.887,2.344,1.1,2,32,83,8.372,2.249,-4.3,1.488,3.988,0.255,0.0,1.5,0.73
1788442709.388,driving,6.894,2.344,1.1,2,32,83,8.372,2.249,-4.3,1.481,3.981,0.255,0.0,1.5,0.73
1788442709.439,driving,6.902,2.344,1.1,2,32,83,8.372,2.249,-4.3,1.473,3.973,0.254,0.0,1.5,0.71
1788442709.488,driving,6.917,2.345,1.1,3,33,83,8.421,2.261,-4.3,1.506,3.958,0.254,0.0,1.5,0.71
1788442709.539,driving,6.924,2.345,1.1,3,33,83,8.421,2.261,-4.3,1.499,3.951,0.252,0.0,1.5,0.69
1788442709.589,driving,6.939,2.345,1.1,3,33,83,8.421,2.261,-4.3,1.484,3.936,0.252,0.0,1.5,0.69
1788442709.641,driving,6.949,2.348,1.3,3,33,83,8.421,2.261,-4.5,1.474,3.926,0.25,0.0,1.5,0.67
1788442709.691,driving,6.973,2.357,2.3,4,34,83,8.469,2.274,-5.5,1.498,3.902,0.25,0.0,1.5,0.67
1788442709.742,driving,6.982,2.359,2.4,4,34,83,8.469,2.274,-5.6,1.489,3.893,0.248,0.0,1.5,0.64
1788442709.792,driving,6.997,2.359,2.4,1,31,79,8.521,2.314,-5.6,1.525,3.878,0.248,0.0,1.5,0.64
1788442709.842,driving,7.005,2.36,2.4,1,31,79,8.521,2.314,-5.6,1.517,3.871,0.246,0.0,1.5,0.63
1788442709.892,driving,7.019,2.36,2.4,1,31,79,8.521,2.314,-5.5,1.502,3.856,0.246,0.0,1.5,0.63
1788442709.944,driving,7.027,2.361,2.4,1,31,79,8.521,2.314,-5.5,1.495,3.848,0.244,0.0,1.5,0.6
1788442709.993,driving,7.042,2.361,2.4,1,31,79,8.521,2.314,-5.5,1.48,3.833,0.244,0.0,1.5,0.6
1788442710.045,driving,7.049,2.362,2.4,1,31,79,8.521,2.314,-5.4,1.473,3.826,0.242,0.0,1.5,0.58
1788442710.097,driving,7.064,2.362,2.4,1,31,79,8.521,2.314,-5.4,1.458,3.811,0.242,0.0,1.5,0.58
1788442710.15,driving,7.075,2.361,2.7,1,31,79,8.521,2.314,-5.6,1.447,3.8,0.24,0.0,1.5,0.57
1788442710.2,driving,7.096,2.357,3.2,2,32,79,8.57,2.324,-6.1,1.475,3.779,0.24,0.0,1.5,0.57
1788442710.252,driving,7.104,2.357,3.3,3,15,79,7.725,2.275,-6.4,0.627,3.771,0.238,0.0,0.6,0.55
1788442710.303,driving,7.111,2.358,3.3,3,15,79,7.725,2.275,-6.7,0.62,3.764,0.238,0.0,0.6,0.55
1788442710.355,driving,7.126,2.359,3.3,3,15,79,7.725,2.275,-7.0,0.605,3.749,0.237,0.0,0.6,0.53
1788442710.405,driving,7.133,2.359,3.3,3,15,79,7.725,2.275,-7.3,0.598,3.742,0.237,0.0,0.6,0.53
1788442710.457,driving,7.148,2.36,3.3,3,15,79,7.725,2.275,-7.5,0.583,3.727,0.237,0.0,0.6,0.53
1788442710.506,driving,7.156,2.36,3.3,4,16,79,7.775,2.275,-7.7,0.625,3.719,0.237,0.0,0.6,0.53
1788442710.558,driving,7.171,2.361,3.3,4,16,79,7.775,2.275,-8.0,0.61,3.704,0.236,0.0,0.6,0.52
1788442710.609,driving,7.178,2.362,3.3,4,16,79,7.775,2.275,-8.2,0.603,3.697,0.236,0.0,0.6,0.52
1788442710.661,driving,7.19,2.361,3.0,4,16,79,7.775,2.275,-8.1,0.592,3.685,0.236,0.0,0.6,0.52
1788442710.711,driving,7.194,2.36,2.7,4,16,79,7.775,2.275,-8.1,0.587,3.681,0.236,0.0,0.6,0.52
1788442710.763,driving,7.207,2.36,2.6,5,17,79,7.825,2.275,-8.0,0.624,3.668,0.236,0.0,0.6,0.52
1788442710.818,driving,7.214,2.36,2.6,5,17,79,7.825,2.275,-8.2,0.617,3.661,0.236,0.0,0.6,0.52
1788442710.869,driving,7.229,2.361,2.6,5,17,79,7.825,2.275,-8.3,0.602,3.646,0.236,0.0,0.6,0.52
1788442710.919,driving,7.237,2.361,2.6,5,17,79,7.825,2.275,-8.5,0.595,3.638,0.236,0.0,0.6,0.52
1788442710.972,driving,7.252,2.362,2.6,6,18,79,7.875,2.275,-8.6,0.629,3.623,0.236,0.0,0.6,0.52
1788442711.023,driving,7.259,2.362,2.6,6,18,79,7.875,2.275,-8.7,0.622,3.616,0.236,0.0,0.6,0.52
1788442711.072,driving,7.274,2.363,2.6,6,18,79,7.875,2.275,-8.9,0.607,3.601,0.236,0.0,0.6,0.52
1788442711.123,driving,7.282,2.363,2.6,6,18,79,7.875,2.275,-9.0,0.6,3.593,0.236,0.0,0.6,0.52
1788442711.173,driving,7.289,2.365,2.6,6,18,79,7.875,2.275,-9.1,0.593,3.586,0.236,0.0,0.6,0.51
1788442711.224,driving,7.303,2.369,2.6,7,19,79,7.925,2.275,-9.3,0.629,3.572,0.236,0.0,0.6,0.51
1788442711.277,driving,7.31,2.37,2.6,7,19,79,7.925,2.275,-9.4,0.622,3.565,0.235,0.0,0.6,0.51
1788442711.331,driving,7.325,2.371,2.6,7,19,79,7.925,2.275,-9.6,0.607,3.55,0.235,0.0,0.6,0.51
1788442711.393,driving,7.333,2.371,2.6,0,12,72,7.925,2.275,-9.7,0.6,3.542,0.235,0.0,0.6,0.51
1788442711.45,driving,7.348,2.372,2.6,0,12,72,7.925,2.275,-9.8,0.585,3.527,0.235,0.0,0.6,0.51
1788442711.501,driving,7.355,2.372,2.6,0,12,72,7.925,2.275,-10.0,0.578,3.52,0.235,0.0,0.6,0.51
1788442711.559,driving,7.37,2.373,2.6,0,12,72,7.925,2.275,-10.2,0.563,3.505,0.235,0.0,0.6,0.51
1788442711.622,driving,7.378,2.373,2.6,1,13,72,7.975,2.275,-10.3,0.605,3.497,0.235,0.0,0.6,0.51
1788442711.684,driving,7.393,2.374,2.6,1,13,72,7.975,2.275,-10.4,0.591,3.482,0.235,0.0,0.6,0.51
1788442711.744,driving,7.398,2.377,2.6,1,13,72,7.975,2.275,-10.5,0.586,3.477,0.235,0.0,0.6,0.51
1788442711.795,driving,7.407,2.386,2.7,2,14,72,8.025,2.275,-10.8,0.628,3.468,0.235,0.0,0.6,0.51
1788442711.848,driving,7.413,2.387,2.7,2,14,72,8.025,2.275,-10.9,0.622,3.462,0.235,0.0,0.6,0.51
1788442711.899,driving,7.428,2.388,2.7,2,14,72,8.025,2.275,-11.1,0.607,3.447,0.235,0.0,0.6,0.51
1788442711.952,driving,7.436,2.388,2.7,2,14,72,8.025,2.275,-11.2,0.6,3.439,0.235,0.0,0.6,0.5
1788442712.003,driving,7.451,2.389,2.7,2,14,72,8.025,2.275,-11.4,0.585,3.424,0.235,0.0,0.6,0.5
1788442712.056,driving,7.458,2.389,2.7,3,15,72,8.075,2.275,-11.5,0.627,3.417,0.234,0.0,0.6,0.5
1788442712.107,driving,7.466,2.389,2.7,3,15,72,8.075,2.275,-11.6,0.62,3.409,0.234,0.0,0.6,0.5
1788442712.161,driving,7.481,2.39,2.7,3,15,72,8.075,2.275,-11.7,0.605,3.394,0.234,0.0,0.6,0.5
1788442712.212,driving,7.488,2.39,2.7,3,15,72,8.075,2.275,-11.8,0.598,3.387,0.234,0.0,0.6,0.5
1788442712.266,driving,7.495,2.39,2.9,3,15,72,8.075,2.275,-12.1,0.591,3.38,0.234,0.0,0.6,0.5
1788442712.317,driving,7.495,2.39,3.0,3,15,72,8.075,2.275,-12.4,0.591,3.38,0.234,0.0,0.6,0.5
1788442712.377,driving,7.503,2.39,3.2,3,15,72,8.075,2.275,-12.7,0.584,3.372,0.234,0.0,0.6,0.5
1788442712.439,driving,7.51,2.391,3.2,0,12,68,8.125,2.275,-12.7,0.625,3.365,0.234,0.0,0.6,0.5
1788442712.5,driving,7.525,2.391,3.2,0,30,68,9.025,2.375,-12.5,1.5,3.35,0.3,0.0,1.5,2.86
1788442712.556,driving,7.533,2.392,3.2,0,30,68,9.025,2.375,-12.3,1.492,3.342,0.3,0.0,1.5,2.86
1788442712.607,driving,7.548,2.393,3.2,0,30,68,9.025,2.375,-12.1,1.477,3.327,0.3,0.0,1.5,2.86
1788442712.662,driving,7.555,2.393,3.2,0,30,68,9.025,2.375,-11.9,1.47,3.32,0.3,0.0,1.5,2.86
1788442712.713,driving,7.57,2.394,3.2,0,30,68,9.025,2.375,-11.7,1.455,3.305,0.3,0.0,1.5,2.86
1788442712.765,driving,7.578,2.394,3.2,0,30,68,9.025,2.375,-11.5,1.448,3.297,0.3,0.0,1.5,2.86
1788442712.817,driving,7.583,2.397,3.4,0,30,68,9.025,2.375,-11.5,1.442,3.292,0.3,0.0,1.5,2.86
1788442712.87,driving,7.584,2.399,3.5,0,30,68,9.025,2.375,-11.5,1.441,3.291,0.3,0.0,1.5,2.86
1788442712.924,driving,7.595,2.401,3.6,0,30,68,9.025,2.375,-11.4,1.431,3.281,0.3,0.0,1.5,2.86
1788442712.979,driving,7.602,2.402,3.6,1,31,68,9.075,2.375,-11.2,1.473,3.273,0.3,0.0,1.5,2.86
1788442713.031,driving,7.61,2.402,3.6,1,31,68,9.075,2.375,-11.1,1.466,3.266,0.3,0.0,1.5,2.86
1788442713.086,driving,7.624,2.403,3.6,2,32,68,9.125,2.375,-10.9,1.501,3.251,0.3,0.0,1.5,2.86
1788442713.149,driving,7.632,2.404,3.6,2,32,68,9.125,2.375,-10.8,1.493,3.243,0.3,0.0,1.5,2.85
1788442713.209,driving,7.647,2.405,3.6,2,32,68,9.125,2.375,-10.6,1.478,3.228,0.3,0.0,1.5,2.85
1788442713.273,driving,7.654,2.405,3.6,2,32,68,9.125,2.375,-10.5,1.471,3.221,0.3,0.0,1.5,2.85
1788442713.328,driving,7.669,2.406,3.6,3,33,68,9.175,2.375,-10.3,1.506,3.206,0.3,0.0,1.5,2.85
1788442713.381,driving,7.673,2.406,3.4,3,33,68,9.175,2.375,-10.0,1.502,3.202,0.3,0.0,1.5,2.85
1788442713.435,driving,7.676,2.404,2.7,0,30,66,9.125,2.375,-9.1,1.45,3.2,0.3,0.0,1.5,2.85
1788442713.488,driving,7.681,2.404,2.6,0,30,66,9.125,2.375,-8.9,1.444,3.194,0.3,0.0,1.5,2.85
1788442713.538,driving,7.696,2.404,2.6,1,31,66,9.175,2.375,-8.8,1.479,3.179,0.3,0.0,1.5,2.85
1788442713.59,driving,7.704,2.405,2.6,1,31,66,9.175,2.375,-8.7,1.472,3.172,0.3,0.0,1.5,2.85
1788442713.644,driving,7.718,2.405,2.6,1,31,66,9.175,2.375,-8.5,1.457,3.157,0.3,0.0,1.5,2.85
1788442713.696,driving,7.726,2.406,2.6,1,31,66,9.175,2.375,-8.4,1.449,3.149,0.3,0.0,1.5,2.85
1788442713.747,driving,7.741,2.406,2.6,1,31,66,9.175,2.375,-8.3,1.434,3.134,0.3,0.0,1.5,2.85
1788442713.799,driving,7.748,2.407,2.6,1,31,66,9.175,2.375,-8.2,1.427,3.127,0.3,0.0,1.5,2.85
1788442713.853,driving,7.763,2.407,2.6,1,31,66,9.175,2.375,-8.1,1.412,3.112,0.3,0.0,1.5,2.85
1788442713.912,driving,7.761,2.409,2.4,1,31,66,9.175,2.375,-7.9,1.414,3.114,0.3,0.0,1.5,2.84
1788442713.97,driving,7.759,2.411,2.3,1,31,66,9.175,2.375,-7.6,1.417,3.117,0.3,0.0,1.5,2.84
1788442714.028,driving,7.763,2.413,2.1,1,31,66,9.175,2.375,-7.4,1.412,3.112,0.3,0.0,1.5,2.84
1788442714.084,driving,7.771,2.414,2.1,2,32,66,9.225,2.375,-7.3,1.455,3.105,0.3,0.0,1.5,2.84
1788442714.139,driving,7.786,2.414,2.1,2,32,66,9.225,2.375,-7.2,1.44,3.09,0.3,0.0,1.5,2.84
1788442714.189,driving,7.793,2.414,2.1,2,32,66,9.225,2.375,-7.1,1.432,3.082,0.3,0.0,1.5,2.84
1788442714.241,driving,7.808,2.415,2.1,2,32,66,9.225,2.375,-7.0,1.417,3.067,0.3,0.0,1.5,2.84
1788442714.293,driving,7.816,2.415,2.1,2,32,66,9.225,2.375,-6.9,1.41,3.06,0.3,0.0,1.5,2.84
1788442714.345,driving,7.831,2.416,2.1,2,32,66,9.225,2.375,-6.9,1.395,3.045,0.3,0.0,1.5,2.84
1788442714.396,driving,7.838,2.416,2.1,0,30,62,9.325,2.375,-6.8,1.488,3.037,0.3,0.0,1.5,2.84
1788442714.449,driving,7.845,2.415,2.0,0,30,62,9.325,2.375,-6.5,1.48,3.03,0.3,0.0,1.5,2.84
1788442714.499,driving,7.846,2.414,1.9,0,30,62,9.325,2.375,-6.3,1.479,3.029,0.3,0.0,1.5,2.84
1788442714.551,driving,7.856,2.413,1.8,0,30,62,9.325,2.375,-6.2,1.469,3.019,0.3,0.0,1.5,2.83
1788442714.601,driving,7.864,2.414,1.8,1,31,62,9.375,2.375,-6.1,1.512,3.011,0.3,0.0,1.5,2.83
1788442714.657,driving,7.879,2.414,1.8,1,31,62,9.375,2.375,-6.0,1.497,2.996,0.3,0.0,1.5,2.83
1788442714.712,driving,7.886,2.414,1.8,1,31,62,9.375,2.375,-6.0,1.489,2.989,0.3,0.0,1.5,2.83
1788442714.775,driving,7.901,2.415,1.8,1,31,62,9.375,2.375,-5.9,1.474,2.974,0.3,0.0,1.5,2.83
1788442714.833,driving,7.909,2.415,1.8,1,31,62,9.375,2.375,-5.8,1.467,2.966,0.3,0.0,1.5,2.83
1788442714.886,driving,7.916,2.415,1.8,1,31,62,9.375,2.375,-5.8,1.459,2.959,0.3,0.0,1.5,2.83
1788442714.937,driving,7.931,2.416,1.8,2,32,62,9.425,2.375,-5.7,1.494,2.944,0.3,0.0,1.5,2.83
1788442714.988,driving,7.94,2.417,1.9,2,32,62,9.425,2.375,-5.8,1.486,2.936,0.3,0.0,1.5,2.83
1788442715.039,driving,7.958,2.419,2.4,2,32,62,9.425,2.375,-6.3,1.467,2.917,0.3,0.0,1.5,2.83
1788442715.09,driving,7.966,2.42,2.5,2,32,62,9.425,2.375,-6.3,1.459,2.909,0.3,0.0,1.5,2.83
1788442715.143,driving,7.981,2.421,2.5,2,32,62,9.425,2.375,-6.3,1.444,2.894,0.3,0.0,1.5,2.83
1788442715.193,driving,7.989,2.421,2.5,3,33,62,9.475,2.375,-6.2,1.487,2.887,0.3,0.0,1.5,2.83
1788442715.243,driving,8.004,2.422,2.5,4,34,62,9.525,2.375,-6.2,1.522,2.872,0.3,0.0,1.5,2.83
1788442715.295,driving,8.011,2.422,2.5,4,34,62,9.525,2.375,-6.1,1.515,2.864,0.3,0.0,1.5,2.82
1788442715.348,driving,8.026,2.423,2.5,4,34,62,9.525,2.375,-6.1,1.5,2.849,0.3,0.0,1.5,2.82
1788442715.4,driving,8.034,2.423,2.5,0,30,58,9.525,2.35,-6.1,1.493,2.842,0.3,0.0,1.5,2.82
1788442715.459,driving,8.049,2.424,2.5,0,30,58,9.525,2.35,-6.1,1.478,2.827,0.3,0.0,1.5,2.82
1788442715.511,driving,8.057,2.424,2.6,0,30,58,9.525,2.35,-6.1,1.469,2.818,0.3,0.0,1.5,2.82
1788442715.569,driving,8.075,2.423,2.6,1,31,58,9.575,2.35,-6.1,1.502,2.801,0.3,0.0,1.5,2.82
1788442715.627,driving,8.082,2.424,2.6,1,31,58,9.575,2.35,-6.0,1.494,2.793,0.3,0.0,1.5,2.82
1788442715.678,driving,8.097,2.424,2.6,1,31,58,9.575,2.35,-6.0,1.479,2.778,0.3,0.0,1.5,2.82
1788442715.731,driving,8.105,2.425,2.6,1,31,58,9.575,2.35,-6.0,1.472,2.771,0.3,0.0,1.5,2.82
1788442715.781,driving,8.112,2.425,2.6,1,31,58,9.575,2.35,-6.0,1.464,2.763,0.3,0.0,1.5,2.82
1788442715.833,driving,8.127,2.426,2.6,1,31,58,9.575,2.35,-6.0,1.449,2.748,0.3,0.0,1.5,2.82
1788442715.883,driving,8.135,2.426,2.6,1,31,58,9.575,2.35,-6.0,1.442,2.741,0.3,0.0,1.5,2.82
1788442715.934,driving,8.15,2.427,2.6,1,31,58,9.575,2.35,-6.0,1.427,2.726,0.3,0.0,1.5,2.82
1788442715.984,driving,8.157,2.427,2.6,1,31,58,9.575,2.35,-6.0,1.42,2.718,0.3,0.0,1.5,2.82
1788442716.035,driving,8.166,2.431,3.0,3,33,58,9.675,2.352,-6.3,1.51,2.709,0.3,0.0,1.5,2.81
1788442716.085,driving,8.169,2.434,3.3,3,33,58,9.675,2.352,-6.7,1.508,2.707,0.3,0.0,1.5,2.81
1788442716.137,driving,8.179,2.438,3.6,3,33,58,9.675,2.352,-6.9,1.498,2.697,0.3,0.0,1.5,2.81
1788442716.187,driving,8.186,2.438,3.6,3,33,58,9.675,2.352,-6.9,1.491,2.689,0.3,0.0,1.5,2.81
1788442716.245,driving,8.201,2.439,3.6,4,34,58,9.725,2.353,-6.9,1.526,2.675,0.3,0.0,1.5,2.81
1788442716.298,driving,8.209,2.44,3.6,4,34,58,9.725,2.353,-6.9,1.519,2.667,0.3,0.0,1.5,2.81
1788442716.352,driving,8.21,2.44,3.6,4,34,58,9.725,2.353,-6.9,1.517,2.666,0.3,0.0,1.5,2.81
1788442716.406,driving,8.21,2.44,3.6,4,34,58,9.725,2.353,-6.9,1.517,2.666,0.3,0.0,1.5,2.81
1788442716.46,driving,8.21,2.44,3.6,0,30,54,9.725,2.375,-6.9,1.516,2.666,0.3,0.0,1.5,2.81
1788442716.51,driving,8.21,2.44,3.6,0,30,54,9.725,2.375,-6.9,1.516,2.666,0.3,0.0,1.5,2.81
1788442716.561,driving,8.206,2.44,3.4,0,30,54,9.725,2.375,-6.7,1.521,2.67,0.3,0.0,1.5,2.81
1788442716.612,driving,8.203,2.44,3.3,0,30,54,9.725,2.375,-6.5,1.524,2.673,0.3,0.0,1.5,2.81
1788442716.664,driving,8.201,2.44,3.2,0,30,54,9.725,2.375,-6.4,1.525,2.675,0.3,0.0,1.5,2.81
1788442716.714,driving,8.201,2.44,3.2,0,30,54,9.725,2.375,-6.4,1.525,2.675,0.3,0.0,1.5,2.81
1788442716.764,driving,8.201,2.44,3.2,0,30,54,9.725,2.375,-6.4,1.525,2.675,0.3,0.0,1.5,2.81
1788442716.815,driving,8.201,2.44,3.2,0,30,54,9.725,2.375,-6.4,1.525,2.675,0.3,0.0,1.5,2.81
1788442716.866,driving,8.201,2.44,3.2,0,30,54,9.725,2.375,-6.4,1.525,2.675,0.3,0.0,1.5,2.81
1788442716.916,driving,8.203,2.44,3.2,0,30,54,9.725,2.375,-6.4,1.523,2.672,0.3,0.0,1.5,2.81
1788442716.97,driving,8.207,2.441,3.2,0,30,54,9.725,2.375,-6.3,1.519,2.669,0.3,0.0,1.5,2.81
1788442717.026,driving,8.22,2.441,3.2,0,30,54,9.725,2.375,-6.3,1.507,2.656,0.3,0.0,1.5,2.81
1788442717.084,driving,8.229,2.442,3.2,0,30,54,9.725,2.375,-6.3,1.498,2.647,0.3,0.0,1.5,2.81
1788442717.142,driving,8.249,2.443,3.2,0,30,54,9.725,2.375,-6.3,1.478,2.627,0.3,0.0,1.5,2.81
1788442717.198,driving,8.259,2.444,3.2,0,30,54,9.725,2.375,-6.3,1.468,2.617,0.3,0.0,1.5,2.81
1788442717.248,driving,8.279,2.445,3.2,0,30,54,9.725,2.375,-6.3,1.447,2.597,0.3,0.0,1.5,2.81
1788442717.299,driving,8.29,2.445,3.2,0,30,54,9.725,2.375,-6.3,1.437,2.586,0.3,0.0,1.5,2.8
1788442717.352,driving,8.31,2.446,3.2,2,32,54,9.825,2.375,-6.3,1.517,2.566,0.3,0.0,1.5,2.8
1788442717.401,driving,8.32,2.447,3.2,2,32,54,9.825,2.375,-6.2,1.507,2.556,0.3,0.0,1.5,2.8
1788442717.453,driving,8.34,2.448,3.2,0,30,52,9.825,2.395,-6.2,1.485,2.536,0.3,0.0,1.5,2.8
1788442717.503,driving,8.351,2.449,3.2,1,31,52,9.875,2.394,-6.2,1.525,2.525,0.3,0.0,1.5,2.8
1788442717.554,driving,8.361,2.449,3.2,1,31,52,9.875,2.394,-6.2,1.515,2.515,0.3,0.0,1.5,2.8
1788442717.605,driving,8.381,2.45,3.2,1,31,52,9.875,2.394,-6.2,1.495,2.495,0.3,0.0,1.5,2.8
1788442717.658,driving,8.391,2.451,3.2,1,31,52,9.875,2.394,-6.1,1.484,2.485,0.3,0.0,1.5,2.8
1788442717.709,driving,8.407,2.453,3.3,2,32,52,9.925,2.393,-6.2,1.519,2.469,0.3,0.0,1.5,2.8
1788442717.762,driving,8.413,2.454,3.4,2,32,52,9.925,2.393,-6.3,1.513,2.463,0.3,0.0,1.5,2.8
1788442717.816,driving,8.43,2.456,3.5,2,32,52,9.925,2.393,-6.4,1.496,2.447,0.3,0.0,1.5,2.79
1788442717.871,driving,8.44,2.457,3.5,2,32,52,9.925,2.393,-6.4,1.486,2.437,0.3,0.0,1.5,2.79
1788442717.926,driving,8.46,2.458,3.5,3,33,52,9.975,2.392,-6.4,1.516,2.416,0.3,0.0,1.5,2.79
1788442717.982,driving,8.47,2.459,3.5,3,33,52,9.975,2.392,-6.3,1.506,2.406,0.3,0.0,1.5,2.79
1788442718.033,driving,8.491,2.46,3.5,3,33,52,9.975,2.392,-6.3,1.485,2.386,0.3,0.0,1.5,2.79
1788442718.084,driving,8.501,2.461,3.5,4,34,52,10.025,2.391,-6.3,1.525,2.376,0.3,0.0,1.5,2.79
1788442718.135,driving,8.52,2.462,3.5,4,34,52,10.025,2.391,-6.4,1.506,2.356,0.3,0.0,1.5,2.79
1788442718.187,driving,8.53,2.463,3.6,4,34,52,10.025,2.391,-6.5,1.496,2.347,0.3,0.0,1.5,2.79
1788442718.238,driving,8.55,2.464,3.6,4,34,52,10.025,2.391,-6.5,1.477,2.327,0.3,0.0,1.5,2.79
1788442718.288,driving,8.56,2.465,3.6,5,35,52,10.075,2.39,-6.5,1.517,2.317,0.3,0.0,1.5,2.79
1788442718.338,driving,8.58,2.466,3.6,5,35,52,10.075,2.39,-6.5,1.496,2.296,0.3,0.0,1.5,2.78
1788442718.387,driving,8.591,2.467,3.6,5,35,52,10.075,2.39,-6.5,1.486,2.286,0.3,0.0,1.5,2.78
1788442718.439,driving,8.601,2.467,3.6,5,35,52,10.075,2.39,-6.5,1.476,2.276,0.3,0.0,1.5,2.75
1788442718.49,driving,8.621,2.469,3.6,0,30,46,10.125,2.375,-6.5,1.507,2.256,0.3,0.0,1.5,2.75
1788442718.546,driving,8.629,2.467,3.5,0,30,46,10.125,2.375,-6.4,1.499,2.248,0.3,0.0,1.5,2.72
1788442718.604,driving,8.641,2.458,3.0,0,30,46,10.125,2.375,-5.9,1.486,2.235,0.3,0.0,1.5,2.72
1788442718.666,driving,8.65,2.457,2.9,1,31,46,10.175,2.375,-5.8,1.528,2.227,0.3,0.0,1.5,2.69
1788442718.721,driving,8.67,2.458,2.9,1,31,46,10.175,2.375,-5.8,1.507,2.207,0.3,0.0,1.5,2.69
1788442718.774,driving,8.68,2.458,2.9,1,31,46,10.175,2.375,-5.8,1.497,2.196,0.3,0.0,1.5,2.67
1788442718.826,driving,8.701,2.459,2.9,2,32,46,10.225,2.375,-5.8,1.527,2.176,0.3,0.0,1.5,2.67
1788442718.905,driving,8.711,2.46,2.9,2,32,46,10.225,2.375,-5.9,1.517,2.166,0.3,0.0,1.5,2.64
1788442718.968,driving,8.731,2.461,2.9,2,32,46,10.225,2.375,-5.9,1.496,2.146,0.3,0.0,1.5,2.64
1788442719.022,driving,8.736,2.462,2.8,2,32,46,10.225,2.375,-5.8,1.491,2.141,0.3,0.0,1.5,2.61
1788442719.074,driving,8.743,2.464,2.6,2,32,46,10.225,2.375,-5.6,1.485,2.134,0.3,0.0,1.5,2.61
1788442719.127,driving,8.752,2.464,2.6,3,33,46,10.275,2.375,-5.6,1.526,2.125,0.3,0.0,1.5,2.58
1788442719.182,driving,8.772,2.465,2.6,3,33,46,10.275,2.375,-5.6,1.505,2.105,0.3,0.0,1.5,2.58
1788442719.239,driving,8.782,2.465,2.6,3,33,46,10.275,2.375,-5.6,1.495,2.094,0.3,0.0,1.5,2.55
1788442719.293,driving,8.803,2.466,2.6,4,34,46,10.325,2.375,-5.6,1.525,2.074,0.3,0.0,1.5,2.55
1788442719.357,driving,8.813,2.467,2.6,4,34,46,10.325,2.375,-5.6,1.515,2.064,0.3,0.0,1.5,2.52
1788442719.412,driving,8.823,2.467,2.6,4,34,46,10.325,2.375,-5.6,1.505,2.054,0.3,0.0,1.5,2.52
1788442719.475,driving,8.84,2.469,2.7,4,34,46,10.325,2.375,-5.8,1.488,2.037,0.3,0.0,1.5,2.49
1788442719.531,driving,8.846,2.471,2.8,0,30,42,10.325,2.375,-5.9,1.482,2.031,0.3,0.0,1.5,2.49
1788442719.591,driving,8.863,2.473,2.9,1,31,42,10.375,2.375,-6.0,1.515,2.015,0.3,0.0,1.5,2.46
1788442719.645,driving,8.873,2.473,2.9,1,31,42,10.375,2.375,-6.0,1.505,2.004,0.3,0.0,1.5,2.46
1788442719.701,driving,8.893,2.474,2.9,1,31,42,10.375,2.375,-6.0,1.485,1.984,0.3,0.0,1.5,2.43
1788442719.754,driving,8.904,2.475,2.9,2,32,42,10.425,2.375,-6.1,1.525,1.974,0.3,0.0,1.5,2.43
1788442719.806,driving,8.924,2.476,2.9,2,32,42,10.425,2.375,-6.1,1.504,1.954,0.3,0.0,1.5,2.41
1788442719.86,driving,8.934,2.476,2.9,2,32,42,10.425,2.375,-6.1,1.494,1.944,0.3,0.0,1.5,2.41
1788442719.912,driving,8.953,2.472,2.6,3,33,42,10.475,2.375,-5.7,1.525,1.925,0.3,0.0,1.5,2.38
1788442719.968,driving,8.962,2.469,2.3,3,33,42,10.475,2.375,-5.4,1.516,1.916,0.3,0.0,1.5,2.38
1788442720.019,driving,8.981,2.466,2.1,3,33,42,10.475,2.375,-5.2,1.497,1.896,0.3,0.0,1.5,2.35
1788442720.074,driving,8.991,2.467,2.1,3,33,42,10.475,2.375,-5.3,1.487,1.886,0.3,0.0,1.5,2.35
1788442720.133,driving,9.011,2.467,2.1,4,34,42,10.525,2.375,-5.3,1.517,1.866,0.3,0.0,1.5,2.32
1788442720.192,driving,9.021,2.468,2.1,4,34,42,10.525,2.375,-5.3,1.506,1.856,0.3,0.0,1.5,2.32
1788442720.253,driving,9.042,2.468,2.1,4,34,42,10.525,2.375,-5.3,1.486,1.835,0.3,0.0,1.5,2.29
1788442720.309,driving,9.052,2.469,2.1,4,34,42,10.525,2.375,-5.3,1.476,1.825,0.3,0.0,1.5,2.29
1788442720.363,driving,9.061,2.472,2.2,5,35,42,10.575,2.375,-5.4,1.517,1.816,0.3,0.0,1.5,2.26
1788442720.415,driving,9.076,2.482,2.7,5,35,42,10.575,2.375,-6.0,1.503,1.802,0.3,0.0,1.5,2.26
1788442720.467,driving,9.085,2.485,2.8,5,35,42,10.575,2.375,-6.1,1.494,1.794,0.3,0.0,1.5,2.23
1788442720.518,driving,9.105,2.486,2.8,5,35,42,10.575,2.375,-6.1,1.474,1.773,0.3,0.0,1.5,2.23
1788442720.569,driving,9.115,2.487,2.8,0,30,36,10.625,2.375,-6.2,1.514,1.763,0.3,0.0,1.5,2.21
1788442720.621,driving,9.136,2.488,2.8,0,30,36,10.625,2.375,-6.2,1.494,1.743,0.3,0.0,1.5,2.21
1788442720.68,driving,9.146,2.488,2.8,0,30,36,10.625,2.375,-6.2,1.483,1.733,0.3,0.0,1.5,2.18
1788442720.735,driving,9.166,2.489,2.8,1,31,36,10.675,2.375,-6.2,1.513,1.713,0.3,0.0,1.5,2.18
1788442720.789,driving,9.18,2.495,3.1,1,31,36,10.675,2.375,-6.5,1.5,1.7,0.3,0.0,1.5,2.15
1788442720.842,driving,9.209,2.513,3.8,1,31,36,10.675,2.375,-7.3,1.473,1.672,0.3,0.0,1.5,2.15
1788442720.904,driving,9.22,2.515,3.9,2,32,36,10.725,2.375,-7.5,1.512,1.661,0.3,0.0,1.5,2.12
1788442720.962,driving,9.24,2.517,3.9,2,32,36,10.725,2.375,-7.5,1.492,1.641,0.3,0.0,1.5,2.12
1788442721.021,driving,9.25,2.517,3.9,2,32,36,10.725,2.375,-7.6,1.482,1.631,0.3,0.0,1.5,2.09
1788442721.08,driving,9.271,2.519,3.9,3,33,36,10.775,2.375,-7.6,1.511,1.611,0.3,0.0,1.5,2.09
1788442721.132,driving,9.281,2.52,3.9,3,33,36,10.775,2.375,-7.6,1.501,1.601,0.3,0.0,1.5,2.06
1788442721.182,driving,9.301,2.521,3.9,3,33,36,10.775,2.375,-7.7,1.481,1.581,0.3,0.0,1.5,2.06
1788442721.235,driving,9.304,2.518,3.4,3,33,36,10.775,2.375,-7.2,1.478,1.578,0.3,0.0,1.5,2.04
1788442721.288,driving,9.305,2.515,2.9,3,33,36,10.775,2.375,-6.7,1.476,1.576,0.3,0.0,1.5,2.04
1788442721.343,driving,9.316,2.512,2.3,4,34,36,10.825,2.375,-6.2,1.515,1.565,0.3,0.0,1.5,2.01
1788442721.393,driving,9.326,2.513,2.3,4,34,36,10.825,2.375,-6.3,1.505,1.555,0.3,0.0,1.5,2.01
1788442721.447,driving,9.347,2.513,2.3,4,34,36,10.825,2.375,-6.3,1.485,1.535,0.3,0.0,1.5,1.98
1788442721.499,driving,9.357,2.514,2.3,4,34,36,10.825,2.375,-6.3,1.475,1.524,0.3,0.0,1.5,1.98
1788442721.55,driving,9.377,2.515,2.3,5,35,36,10.875,2.375,-6.4,1.504,1.504,0.3,0.0,1.5,1.95
1788442721.603,driving,9.387,2.515,2.3,0,30,31,10.875,2.375,-6.4,1.494,1.494,0.3,0.0,1.5,1.95
1788442721.663,driving,9.408,2.515,2.2,1,30,31,10.875,2.375,-6.3,1.473,1.473,0.3,0.0,1.5,1.92
1788442721.723,driving,9.419,2.514,2.1,1,30,31,10.875,2.375,-6.2,1.463,1.463,0.3,0.0,1.5,1.92
1788442721.779,driving,9.44,2.514,2.0,1,30,31,10.875,2.375,-6.2,1.442,1.442,0.3,0.0,1.5,1.9
1788442721.836,driving,9.45,2.514,2.0,2,30,31,10.875,2.375,-6.2,1.432,1.432,0.3,0.0,1.5,1.9
1788442721.89,driving,9.47,2.515,2.0,2,30,31,10.875,2.375,-6.2,1.412,1.412,0.3,0.0,1.5,1.87
1788442721.94,driving,9.48,2.516,2.0,2,30,31,10.875,2.375,-6.3,1.402,1.402,0.3,0.0,1.5,1.87
1788442721.993,driving,9.501,2.516,2.0,2,30,31,10.875,2.375,-6.3,1.381,1.381,0.3,0.0,1.5,1.84
1788442722.044,driving,9.511,2.517,2.0,3,30,31,10.875,2.375,-6.4,1.371,1.371,0.3,0.0,1.5,1.84
1788442722.096,driving,9.52,2.521,2.1,3,30,31,10.875,2.375,-6.5,1.363,1.363,0.3,0.0,1.5,1.81
1788442722.147,driving,9.521,2.524,2.2,3,30,31,10.875,2.375,-6.6,1.362,1.362,0.3,0.0,1.5,1.81
1788442722.198,driving,9.527,2.525,2.2,3,30,31,10.875,2.375,-6.7,1.356,1.356,0.3,0.0,1.5,1.78
1788442722.249,driving,9.548,2.526,2.2,3,30,31,10.875,2.375,-6.7,1.336,1.336,0.3,0.0,1.5,1.78
1788442722.3,driving,9.558,2.526,2.2,4,30,31,10.875,2.375,-6.8,1.326,1.326,0.3,0.0,1.5,1.76
1788442722.352,driving,9.578,2.527,2.2,4,30,31,10.875,2.375,-6.8,1.306,1.306,0.3,0.0,1.5,1.76
1788442722.405,driving,9.588,2.528,2.2,4,30,31,10.875,2.375,-6.9,1.296,1.296,0.3,0.0,1.5,1.73
1788442722.46,driving,9.609,2.528,2.2,5,30,31,10.875,2.375,-6.9,1.275,1.275,0.3,0.0,1.5,1.73
1788442722.513,driving,9.623,2.53,2.2,5,30,31,10.875,2.375,-7.0,1.262,1.262,0.3,0.0,1.5,1.7
1788442722.567,driving,9.654,2.536,2.3,5,30,31,10.875,2.375,-7.2,1.231,1.231,0.3,0.0,1.5,1.7
1788442722.623,driving,9.666,2.537,2.3,0,24,25,10.875,2.375,-7.2,1.22,1.22,0.3,0.0,1.5,1.67
1788442722.678,driving,9.687,2.538,2.3,0,24,25,10.875,2.375,-7.3,1.2,1.2,0.3,0.0,1.5,1.67
1788442722.73,driving,9.697,2.538,2.3,0,24,25,10.875,2.375,-7.4,1.19,1.19,0.3,0.0,1.5,1.65
1788442722.781,driving,9.717,2.539,2.3,1,24,25,10.875,2.375,-7.5,1.169,1.169,0.3,0.0,1.5,1.65
1788442722.831,driving,9.727,2.539,2.3,1,24,25,10.875,2.375,-7.5,1.159,1.159,0.3,0.0,1.5,1.62
1788442722.881,driving,9.748,2.54,2.3,1,24,25,10.875,2.375,-7.6,1.139,1.139,0.3,0.0,1.5,1.62
1788442722.932,driving,9.76,2.54,2.1,2,24,25,10.875,2.375,-7.5,1.127,1.127,0.3,0.0,1.5,1.59
1788442722.983,driving,9.784,2.538,1.7,2,24,25,10.875,2.375,-7.1,1.103,1.103,0.3,0.0,1.5,1.59
1788442723.032,driving,9.795,2.538,1.7,2,24,25,10.875,2.375,-7.2,1.092,1.092,0.3,0.0,1.5,1.57
1788442723.082,driving,9.805,2.538,1.7,2,24,25,10.875,2.375,-7.3,1.082,1.082,0.3,0.0,1.5,1.57
1788442723.133,driving,9.825,2.539,1.7,3,24,25,10.875,2.375,-7.4,1.062,1.062,0.3,0.0,1.5,1.54
1788442723.187,driving,9.836,2.539,1.7,3,24,25,10.875,2.375,-7.5,1.052,1.052,0.3,0.0,1.5,1.54
1788442723.241,driving,9.856,2.54,1.7,3,24,25,10.875,2.375,-7.5,1.032,1.032,0.3,0.0,1.5,1.51
1788442723.294,driving,9.866,2.54,1.7,4,24,25,10.875,2.375,-7.6,1.022,1.022,0.3,0.0,1.5,1.51
1788442723.351,driving,9.883,2.539,1.7,4,24,25,10.875,2.375,-7.7,1.006,1.006,0.3,0.0,1.5,1.48
1788442723.403,driving,9.89,2.538,1.7,4,24,25,10.875,2.375,-7.8,0.999,0.999,0.3,0.0,1.5,1.48
1788442723.458,driving,9.908,2.538,1.7,4,24,25,10.875,2.375,-7.9,0.981,0.981,0.3,0.0,1.5,1.46
1788442723.508,driving,9.918,2.538,1.7,5,24,25,10.875,2.375,-8.0,0.971,0.971,0.3,0.0,1.5,1.46
1788442723.56,driving,9.938,2.539,1.7,5,24,25,10.875,2.375,-8.1,0.951,0.951,0.3,0.0,1.5,1.43
1788442723.61,driving,9.948,2.539,1.7,0,19,20,10.875,2.375,-8.2,0.941,0.941,0.3,0.0,1.5,1.43
1788442723.665,driving,9.969,2.54,1.7,1,19,20,10.875,2.375,-8.3,0.921,0.921,0.3,0.0,1.5,1.41
1788442723.717,driving,9.979,2.54,1.7,1,19,20,10.875,2.375,-8.4,0.911,0.911,0.3,0.0,1.5,1.41
1788442723.769,driving,10.003,2.543,1.9,1,19,20,10.875,2.375,-8.7,0.888,0.888,0.3,0.0,1.5,1.38
1788442723.82,driving,10.016,2.546,2.1,2,19,20,10.875,2.375,-8.9,0.876,0.876,0.3,0.0,1.5,1.38
1788442723.873,driving,10.038,2.548,2.2,2,19,20,10.875,2.375,-9.2,0.855,0.855,0.3,0.0,1.5,1.35
1788442723.923,driving,10.048,2.549,2.2,2,19,20,10.875,2.375,-9.3,0.845,0.845,0.3,0.0,1.5,1.35
1788442723.981,driving,10.059,2.549,2.2,2,19,20,10.875,2.375,-9.4,0.835,0.835,0.3,0.0,1.5,1.33
1788442724.038,driving,10.079,2.55,2.2,3,19,20,10.875,2.375,-9.5,0.815,0.815,0.3,0.0,1.5,1.33
1788442724.091,driving,10.089,2.55,2.2,3,19,20,10.875,2.375,-9.7,0.805,0.805,0.3,0.0,1.5,1.3
1788442724.146,driving,10.11,2.551,2.2,3,19,20,10.875,2.375,-9.8,0.785,0.785,0.3,0.0,1.5,1.3
1788442724.201,driving,10.12,2.55,2.0,4,19,20,10.875,2.375,-9.8,0.775,0.775,0.3,0.0,1.5,1.27
1788442724.251,driving,10.141,2.547,1.6,4,19,20,10.875,2.375,-9.5,0.754,0.754,0.3,0.0,1.5,1.27
1788442724.301,driving,10.151,2.546,1.6,4,19,20,10.875,2.375,-9.6,0.744,0.744,0.3,0.0,1.5,1.25
1788442724.353,driving,10.171,2.547,1.6,5,19,20,10.875,2.375,-9.7,0.724,0.724,0.3,0.0,1.5,1.25
1788442724.403,driving,10.181,2.547,1.6,5,19,20,10.875,2.375,-9.9,0.715,0.715,0.3,0.0,1.5,1.22
1788442724.455,driving,10.202,2.547,1.6,5,19,20,10.875,2.375,-10.0,0.695,0.695,0.3,0.0,1.5,1.22
1788442724.505,driving,10.212,2.548,1.6,5,19,20,10.875,2.375,-10.2,0.685,0.685,0.3,0.0,1.5,1.2
1788442724.556,driving,10.232,2.548,1.6,6,19,20,10.875,2.375,-10.3,0.666,0.666,0.3,0.0,1.5,1.2
1788442724.605,driving,10.241,2.55,1.6,6,19,20,10.875,2.375,-10.5,0.657,0.657,0.297,0.0,1.5,1.17
1788442724.658,driving,10.259,2.553,1.6,0,12,13,10.875,2.375,-10.7,0.641,0.641,0.297,0.0,1.5,1.17
1788442724.709,driving,10.269,2.553,1.6,0,12,13,10.875,2.375,-10.8,0.631,0.631,0.295,0.0,1.5,1.15
1788442724.762,driving,10.289,2.554,1.6,0,12,13,10.875,2.375,-11.0,0.612,0.612,0.295,0.0,1.5,1.15
1788442724.816,driving,10.299,2.554,1.6,1,12,13,10.875,2.375,-11.2,0.603,0.603,0.293,0.0,1.5,1.12
1788442724.871,driving,10.309,2.554,1.6,1,12,13,10.875,2.375,-11.4,0.593,0.593,0.293,0.0,1.5,1.12
1788442724.927,driving,10.329,2.555,1.6,1,12,13,10.875,2.375,-11.6,0.575,0.575,0.291,0.0,1.5,1.1
1788442724.98,driving,10.339,2.555,1.6,1,12,13,10.875,2.375,-11.8,0.565,0.565,0.291,0.0,1.5,1.1
1788442725.032,driving,10.37,2.554,1.7,2,12,13,10.875,2.375,-12.2,0.536,0.536,0.288,0.0,1.5,1.08
1788442725.084,driving,10.389,2.553,1.9,2,12,13,10.875,2.375,-12.6,0.517,0.517,0.288,0.0,1.5,1.08
1788442725.136,driving,10.418,2.552,2.0,3,12,13,10.875,2.375,-13.0,0.491,0.491,0.286,0.0,1.5,1.05
1788442725.186,driving,10.427,2.553,2.0,3,12,13,10.875,2.375,-13.2,0.482,0.482,0.286,0.0,1.5,1.05
1788442725.238,driving,10.447,2.553,2.0,3,12,13,10.875,2.375,-13.5,0.464,0.464,0.284,0.0,1.5,1.03
1788442725.287,driving,10.457,2.554,2.0,4,12,13,10.875,2.375,-13.8,0.455,0.455,0.284,0.0,1.5,1.03
1788442725.338,driving,10.476,2.554,2.0,4,12,13,10.875,2.375,-14.1,0.438,0.438,0.282,0.0,1.5,1.01
1788442725.39,driving,10.485,2.555,2.0,4,12,13,10.875,2.375,-14.4,0.429,0.429,0.282,0.0,1.5,1.01
1788442725.444,driving,10.506,2.553,2.1,4,12,13,10.875,2.375,-14.9,0.41,0.41,0.28,0.0,1.5,0.99
1788442725.494,driving,10.516,2.551,2.3,5,12,13,10.875,2.375,-15.4,0.4,0.4,0.28,0.0,1.5,0.99
1788442725.549,driving,10.536,2.55,2.4,5,12,13,10.875,2.375,-15.8,0.382,0.382,0.278,0.0,1.5,0.97
1788442725.602,turning,10.545,2.551,2.4,5,12,13,10.875,2.375,-16.2,0.374,0.374,0.0,-2.4,1.5,0.97
1788442725.66,turning,10.556,2.551,1.6,0,6,7,10.875,2.375,-15.8,0.364,0.364,0.0,-2.4,1.5,0.95
1788442725.715,turning,10.556,2.551,0.8,0,6,7,10.875,2.375,-15.3,0.364,0.364,0.0,-2.4,1.5,0.95
1788442725.766,turning,10.556,2.551,-0.1,0,6,7,10.875,2.375,-14.8,0.364,0.364,0.0,-2.4,1.5,0.94
1788442725.817,turning,10.556,2.551,-1.8,0,6,7,10.875,2.375,-13.4,0.364,0.364,0.0,-2.4,1.5,0.94
1788442725.869,turning,10.557,2.552,-2.8,0,6,7,10.875,2.375,-12.8,0.363,0.363,0.0,-2.4,1.5,0.94
1788442725.919,turning,10.562,2.553,-4.8,0,6,7,10.875,2.375,-11.1,0.36,0.36,0.0,-2.4,1.5,0.94
1788442725.972,turning,10.563,2.554,-5.8,0,6,7,10.875,2.375,-10.5,0.359,0.359,0.0,-2.4,1.5,0.94
1788442726.023,turning,10.563,2.554,-7.5,0,6,7,10.875,2.375,-9.1,0.359,0.359,0.0,-2.4,1.5,0.94
1788442726.074,turning,10.563,2.554,-8.4,0,6,7,10.875,2.375,-8.6,0.359,0.359,0.0,-2.4,1.5,0.93
1788442726.127,driving,10.563,2.554,-10.1,0,6,7,10.875,2.375,-7.2,0.359,0.359,0.27,0.0,1.5,0.93
1788442726.178,driving,10.563,2.554,-10.9,0,6,7,10.875,2.375,-6.6,0.359,0.359,0.27,0.0,1.5,0.93
1788442726.229,driving,10.566,2.553,-11.1,0,6,7,10.875,2.375,-6.7,0.357,0.357,0.268,0.0,1.5,0.93
1788442726.281,driving,10.57,2.553,-11.1,0,6,7,10.875,2.375,-7.0,0.353,0.353,0.265,0.0,1.5,0.93
1788442726.335,driving,10.583,2.55,-11.1,0,6,7,10.875,2.375,-7.4,0.341,0.341,0.256,0.0,1.5,0.93
1788442726.395,driving,10.593,2.548,-11.0,1,6,7,10.875,2.375,-7.8,0.331,0.331,0.248,0.0,1.5,0.91
1788442726.45,driving,10.614,2.545,-10.6,1,6,7,10.875,2.375,-8.5,0.312,0.312,0.234,0.0,1.5,0.91
1788442726.501,driving,10.623,2.544,-10.6,1,6,7,10.875,2.375,-8.9,0.304,0.304,0.228,0.0,1.5,0.89
1788442726.553,driving,10.638,2.541,-10.6,1,6,7,10.875,2.375,-9.3,0.289,0.289,0.22,0.0,1.5,0.89
1788442726.604,driving,10.646,2.539,-10.6,2,6,7,10.875,2.375,-9.7,0.282,0.282,0.22,0.0,1.5,0.87
1788442726.657,driving,10.653,2.538,-10.6,2,6,7,10.875,2.375,-10.1,0.275,0.275,0.22,0.0,1.5,0.87
1788442726.707,driving,10.672,2.535,-10.6,0,4,5,10.875,2.375,-10.5,0.258,0.258,0.22,0.0,1.5,0.85
1788442726.759,driving,10.684,2.533,-10.5,0,4,5,10.875,2.375,-11.0,0.248,0.248,0.22,0.0,1.5,0.85
1788442726.81,driving,10.703,2.53,-10.5,0,4,5,10.875,2.375,-11.6,0.231,0.231,0.22,0.0,1.5,0.84
1788442726.86,driving,10.711,2.528,-10.5,1,4,5,10.875,2.375,-12.1,0.225,0.225,0.22,0.0,1.5,0.84
1788442726.91,driving,10.725,2.526,-10.5,1,4,5,10.875,2.375,-12.7,0.212,0.212,0.22,0.0,1.5,0.82
1788442726.959,driving,10.733,2.524,-10.5,1,4,5,10.875,2.375,-13.2,0.206,0.206,0.22,0.0,1.5,0.82
1788442727.009,driving,10.747,2.521,-10.5,1,4,5,10.875,2.375,-13.9,0.194,0.194,0.22,0.0,1.5,0.8
1788442727.06,driving,10.755,2.52,-10.5,1,4,5,10.875,2.375,-14.5,0.188,0.188,0.22,0.0,1.5,0.8
1788442727.113,driving,10.77,2.517,-10.5,2,4,5,10.875,2.375,-15.2,0.177,0.177,0.22,0.0,1.5,0.78
1788442727.168,driving,10.777,2.516,-10.5,2,4,5,10.875,2.375,-15.9,0.172,0.172,0.22,0.0,1.5,0.78
1788442727.224,turning,10.794,2.512,-10.7,2,4,5,10.875,2.375,-16.6,0.159,0.159,0.0,-2.4,1.5,0.76
1788442727.273,turning,10.802,2.509,-10.8,2,4,5,10.875,2.375,-17.3,0.152,0.152,0.0,-2.4,1.5,0.76
1788442727.325,turning,10.805,2.508,-12.4,2,4,5,10.875,2.375,-16.5,0.15,0.15,0.0,-2.4,1.5,0.75
1788442727.375,turning,10.805,2.508,-13.3,2,4,5,10.875,2.375,-16.5,0.15,0.15,0.0,-2.4,1.5,0.75
1788442727.426,turning,10.805,2.508,-15.0,2,4,5,10.875,2.375,-15.6,0.15,0.15,0.0,-2.4,1.5,0.75
1788442727.477,turning,10.805,2.508,-15.8,2,4,5,10.875,2.375,-15.5,0.15,0.15,0.0,-2.4,1.5,0.75
1788442727.526,turning,10.805,2.508,-16.7,2,4,5,10.875,2.375,-15.4,0.15,0.15,0.0,-2.4,1.5,0.74
1788442727.577,turning,10.805,2.508,-18.4,2,4,5,10.875,2.375,-14.4,0.15,0.15,0.0,-2.4,1.5,0.74
1788442727.628,turning,10.805,2.508,-19.3,2,4,5,10.875,2.375,-14.3,0.15,0.15,0.0,-2.4,1.5,0.74
1788442727.681,turning,10.805,2.508,-21.0,2,4,5,10.875,2.375,-13.3,0.15,0.15,0.0,-2.4,1.5,0.74
1788442727.732,turning,10.807,2.51,-21.7,0,3,4,10.875,2.375,-13.3,0.151,0.151,0.0,-2.4,1.5,0.74
1788442727.783,driving,10.814,2.517,-22.7,0,3,4,10.875,2.375,-13.0,0.155,0.155,0.22,0.0,1.5,0.74
1788442727.837,driving,10.815,2.518,-23.4,0,3,4,10.875,2.375,-13.1,0.155,0.155,0.22,0.0,1.5,0.74
1788442727.892,driving,10.817,2.517,-23.7,0,3,4,10.875,2.375,-13.6,0.153,0.153,0.22,0.0,1.5,0.74
1788442727.948,driving,10.821,2.516,-23.7,0,3,4,10.875,2.375,-14.4,0.151,0.151,0.22,0.0,1.5,0.74
1788442728.003,goal_approach,10.833,2.51,-23.7,3,3,4,10.875,2.375,-48.9,0.142,0.142,0.0,-2.562,,0.74
1788442728.057,goal_approach,10.842,2.508,-23.4,3,3,4,10.875,2.375,-52.8,0.137,0.137,0.0,-2.766,,0.72
1788442728.107,goal_approach,10.85,2.51,-24.8,3,3,4,10.875,2.375,-54.6,0.137,0.137,0.0,-2.858,,0.72
1788442729.653,turning,10.851,2.523,-37.9,0,20,21,11.375,3.475,99.1,1.086,1.086,0.0,4.5,1.5,0.71
1788442729.704,turning,10.851,2.523,-37.9,0,20,21,11.375,3.475,99.1,1.086,1.086,0.0,4.5,1.5,0.71
1788442729.757,turning,10.851,2.523,-32.1,0,20,21,11.375,3.475,93.3,1.086,1.086,0.0,4.5,1.5,0.71
1788442729.806,turning,10.851,2.523,-28.9,0,20,21,11.375,3.475,90.0,1.086,1.086,0.0,4.5,1.5,0.71
1788442729.86,turning,10.851,2.523,-22.3,0,20,21,11.375,3.475,83.5,1.086,1.086,0.0,4.371,1.5,0.71
1788442729.91,turning,10.851,2.523,-19.0,0,20,21,11.375,3.475,80.2,1.086,1.086,0.0,4.2,1.5,0.71
1788442729.963,turning,10.851,2.523,-12.9,0,20,21,11.375,3.475,74.1,1.086,1.086,0.0,3.879,1.5,0.71
1788442730.014,turning,10.851,2.523,-10.0,0,20,21,11.375,3.475,71.2,1.086,1.086,0.0,3.726,1.5,0.72
1788442730.065,turning,10.851,2.523,-4.9,0,20,21,11.375,3.475,66.1,1.086,1.086,0.0,3.461,1.5,0.72
1788442730.117,turning,10.851,2.523,-2.5,0,20,21,11.375,3.475,63.7,1.086,1.086,0.0,3.337,1.5,0.72
1788442730.17,turning,10.851,2.523,-0.4,0,20,21,11.375,3.475,61.6,1.086,1.086,0.0,3.224,1.5,0.72
1788442730.226,turning,10.851,2.523,3.4,0,20,21,11.375,3.475,57.8,1.086,1.086,0.0,3.027,1.5,0.77
1788442730.282,turning,10.851,2.523,5.1,0,20,21,11.375,3.475,56.0,1.086,1.086,0.0,2.934,1.5,0.77
1788442730.338,turning,10.862,2.525,8.2,0,20,21,11.375,3.475,53.0,1.08,1.08,0.0,2.773,1.5,2.62
1788442730.39,turning,10.873,2.526,9.6,0,20,21,11.375,3.475,51.6,1.074,1.074,0.0,2.699,1.5,2.62
1788442730.441,turning,10.879,2.524,12.2,0,20,21,11.375,3.475,49.0,1.073,1.073,0.0,2.563,1.5,2.44
1788442730.491,turning,10.876,2.521,13.5,0,20,21,11.375,3.475,47.8,1.077,1.077,0.0,2.497,1.5,2.44
1788442730.541,turning,10.887,2.515,15.7,0,20,21,11.375,3.475,45.6,1.077,1.077,0.0,2.4,1.5,2.32
1788442730.59,turning,10.898,2.511,16.8,0,20,21,11.375,3.475,44.5,1.075,1.075,0.0,2.4,1.5,2.32
1788442730.642,turning,10.905,2.507,18.3,0,20,21,11.375,3.475,43.1,1.076,1.076,0.0,2.4,1.5,2.23
1788442730.694,turning,10.905,2.506,19.0,0,20,21,11.375,3.475,42.6,1.077,1.077,0.0,2.4,1.5,2.23
1788442730.747,turning,10.904,2.505,20.4,0,20,21,11.375,3.475,41.1,1.078,1.078,0.0,2.4,1.5,2.16
1788442730.796,turning,10.904,2.505,21.3,0,20,21,11.375,3.475,40.4,1.078,1.078,0.0,2.4,1.5,2.16
1788442730.848,turning,10.906,2.507,22.9,0,20,21,11.375,3.475,38.8,1.076,1.076,0.0,2.4,1.5,2.1
1788442730.899,turning,10.907,2.508,23.7,0,20,21,11.375,3.475,38.1,1.074,1.074,0.0,2.4,1.5,2.1
1788442730.956,turning,10.908,2.509,25.3,0,20,21,11.375,3.475,36.5,1.073,1.073,0.0,2.4,1.5,2.05
1788442731.011,turning,10.908,2.509,26.1,0,20,21,11.375,3.475,35.7,1.073,1.073,0.0,2.4,1.5,2.05
1788442731.067,turning,10.909,2.509,27.0,0,20,21,11.375,3.475,34.9,1.073,1.073,0.0,2.4,1.5,2.0
1788442731.119,turning,10.914,2.51,28.8,0,20,21,11.375,3.475,33.2,1.069,1.069,0.0,2.4,1.5,2.0
1788442731.172,turning,10.915,2.51,29.7,0,20,21,11.375,3.475,32.4,1.069,1.069,0.0,2.4,1.5,2.01
1788442731.224,turning,10.915,2.51,31.3,0,20,21,11.375,3.475,30.8,1.069,1.069,0.0,2.4,1.5,2.01
1788442731.277,turning,10.915,2.51,32.1,0,20,21,11.375,3.475,30.0,1.069,1.069,0.0,2.4,1.5,2.0
1788442731.327,turning,10.915,2.51,33.8,0,20,21,11.375,3.475,28.5,1.069,1.069,0.0,2.4,1.5,2.0
1788442731.377,turning,10.911,2.511,34.6,0,20,21,11.375,3.475,27.6,1.07,1.07,0.0,2.4,1.5,2.0
1788442731.427,turning,10.897,2.512,36.4,0,20,21,11.375,3.475,25.9,1.075,1.075,0.0,2.4,1.5,2.0
1788442731.477,turning,10.896,2.512,37.3,0,20,21,11.375,3.475,25.1,1.076,1.076,0.0,2.4,1.5,2.01
1788442731.527,turning,10.896,2.512,38.9,0,20,21,11.375,3.475,23.5,1.076,1.076,0.0,2.4,1.5,2.01
1788442731.577,turning,10.896,2.512,39.7,0,20,21,11.375,3.475,22.7,1.076,1.076,0.0,2.4,1.5,1.99
1788442731.627,turning,10.896,2.512,41.4,0,20,21,11.375,3.475,21.1,1.076,1.076,0.0,2.4,1.5,1.99
1788442731.68,turning,10.893,2.51,41.9,0,20,21,11.375,3.475,20.6,1.078,1.078,0.0,2.4,1.5,2.0
1788442731.733,turning,10.886,2.507,42.8,0,20,21,11.375,3.475,19.7,1.084,1.084,0.0,2.4,1.5,2.0
1788442731.791,turning,10.885,2.507,43.6,0,20,21,11.375,3.475,18.9,1.085,1.085,0.0,2.4,1.5,1.99
1788442731.846,turning,10.885,2.507,45.2,0,20,21,11.375,3.475,17.3,1.085,1.085,0.0,2.4,1.5,1.99
1788442731.899,turning,10.885,2.507,46.0,0,20,21,11.375,3.475,16.5,1.085,1.085,0.0,2.4,1.5,2.0
1788442731.95,turning,10.885,2.507,46.8,0,20,21,11.375,3.475,15.7,1.085,1.085,0.0,2.4,1.5,2.0
1788442732.0,turning,10.88,2.507,48.7,0,20,21,11.375,3.475,13.9,1.087,1.087,0.0,2.4,1.5,1.79
1788442732.052,turning,10.874,2.507,49.7,0,20,21,11.375,3.475,12.9,1.089,1.089,0.0,2.4,1.5,1.79
1788442732.105,turning,10.869,2.508,51.5,0,20,21,11.375,3.475,11.1,1.092,1.092,0.0,2.4,1.5,1.78
1788442732.157,turning,10.869,2.508,52.3,0,20,21,11.375,3.475,10.2,1.092,1.092,0.0,2.4,1.5,1.78
1788442732.208,turning,10.869,2.508,53.9,0,20,21,11.375,3.475,8.6,1.092,1.092,0.0,2.4,1.5,1.78
1788442732.258,turning,10.869,2.508,54.8,0,20,21,11.375,3.475,7.8,1.092,1.092,0.0,2.4,1.5,1.78
1788442732.309,driving,10.874,2.509,56.2,0,20,21,11.375,3.475,6.4,1.088,1.088,0.3,0.0,1.5,1.78
1788442732.359,driving,10.878,2.511,56.8,0,20,21,11.375,3.475,5.8,1.085,1.085,0.3,0.0,1.5,1.78
1788442732.41,driving,10.882,2.514,56.8,0,20,21,11.375,3.475,5.7,1.08,1.08,0.3,0.0,1.5,1.77
1788442732.464,driving,10.884,2.518,56.8,0,20,21,11.375,3.475,5.7,1.076,1.076,0.3,0.0,1.5,1.77
1788442732.517,driving,10.891,2.528,56.8,0,20,21,11.375,3.475,5.7,1.063,1.063,0.3,0.0,1.5,1.77
1788442732.571,driving,10.896,2.536,56.8,0,20,21,11.375,3.475,5.8,1.054,1.054,0.3,0.0,1.5,1.77
1788442732.628,driving,10.903,2.557,56.4,1,20,21,11.375,3.475,6.2,1.032,1.032,0.3,0.0,1.5,1.75
1788442732.689,driving,10.905,2.569,56.1,1,20,21,11.375,3.475,6.5,1.021,1.021,0.3,0.0,1.5,1.75
1788442732.758,driving,10.914,2.587,55.9,0,19,20,11.375,3.475,6.7,1.0,1.0,0.3,0.0,1.5,1.72
1788442732.823,driving,10.92,2.596,55.9,0,19,20,11.375,3.475,6.7,0.99,0.99,0.3,0.0,1.5,1.72
1788442732.874,driving,10.925,2.604,55.9,1,19,20,11.375,3.475,6.7,0.98,0.98,0.3,0.0,1.5,1.7
1788442732.924,driving,10.937,2.621,55.9,1,19,20,11.375,3.475,6.7,0.96,0.96,0.3,0.0,1.5,1.7
1788442732.974,driving,10.942,2.629,55.9,1,19,20,11.375,3.475,6.7,0.95,0.95,0.3,0.0,1.5,1.67
1788442733.025,driving,10.954,2.646,55.9,2,19,20,11.375,3.475,6.7,0.93,0.93,0.3,0.0,1.5,1.67
1788442733.076,driving,10.96,2.655,55.9,2,19,20,11.375,3.475,6.7,0.919,0.919,0.3,0.0,1.5,1.65
1788442733.127,driving,10.971,2.672,55.9,2,19,20,11.375,3.475,6.8,0.899,0.899,0.3,0.0,1.5,1.65
1788442733.179,driving,10.977,2.68,55.9,2,19,20,11.375,3.475,6.8,0.889,0.889,0.3,0.0,1.5,1.62
1788442733.231,driving,10.988,2.697,55.9,3,19,20,11.375,3.475,6.8,0.869,0.869,0.3,0.0,1.5,1.62
1788442733.285,driving,10.994,2.705,55.9,3,19,20,11.375,3.475,6.8,0.859,0.859,0.3,0.0,1.5,1.6
1788442733.342,driving,11.005,2.722,55.9,3,19,20,11.375,3.475,6.9,0.839,0.839,0.3,0.0,1.5,1.6
1788442733.398,driving,11.011,2.731,55.8,4,19,20,11.375,3.475,7.0,0.828,0.828,0.3,0.0,1.5,1.57
1788442733.453,driving,11.024,2.747,55.5,4,19,20,11.375,3.475,7.3,0.808,0.808,0.3,0.0,1.5,1.57
1788442733.504,driving,11.03,2.755,55.5,4,19,20,11.375,3.475,7.3,0.798,0.798,0.3,0.0,1.5,1.55
1788442733.554,driving,11.041,2.772,55.5,5,19,20,11.375,3.475,7.4,0.778,0.778,0.3,0.0,1.5,1.55
1788442733.605,driving,11.047,2.78,55.5,5,19,20,11.375,3.475,7.4,0.768,0.768,0.3,0.0,1.5,1.52
1788442733.657,driving,11.059,2.797,55.5,5,19,20,11.375,3.475,7.5,0.748,0.748,0.3,0.0,1.5,1.52
1788442733.708,driving,11.064,2.806,55.5,5,19,20,11.375,3.475,7.5,0.738,0.738,0.3,0.0,1.5,1.5
1788442733.76,driving,11.07,2.814,55.5,0,14,15,11.375,3.475,7.6,0.728,0.728,0.3,0.0,1.5,1.5
1788442733.811,driving,11.082,2.831,55.5,0,14,15,11.375,3.475,7.6,0.708,0.708,0.3,0.0,1.5,1.47
1788442733.861,driving,11.087,2.839,55.5,0,14,15,11.375,3.475,7.7,0.698,0.698,0.3,0.0,1.5,1.47
1788442733.912,driving,11.102,2.861,55.7,1,14,15,11.375,3.475,7.6,0.672,0.672,0.3,0.0,1.5,1.45
1788442733.962,driving,11.111,2.874,55.9,1,14,15,11.375,3.475,7.4,0.656,0.656,0.3,0.0,1.5,1.45
1788442734.015,driving,11.125,2.895,56.1,2,14,15,11.375,3.475,7.4,0.632,0.632,0.3,0.0,1.5,1.43
1788442734.068,driving,11.131,2.903,56.1,2,14,15,11.375,3.475,7.4,0.622,0.622,0.3,0.0,1.5,1.43
1788442734.125,driving,11.142,2.92,56.1,2,14,15,11.375,3.475,7.5,0.602,0.602,0.3,0.0,1.5,1.4
1788442734.18,driving,11.148,2.929,56.1,3,14,15,11.375,3.475,7.6,0.592,0.592,0.3,0.0,1.5,1.4
1788442734.236,driving,11.159,2.946,56.1,3,14,15,11.375,3.475,7.7,0.572,0.572,0.3,0.0,1.5,1.38
1788442734.288,driving,11.165,2.954,56.1,3,14,15,11.375,3.475,7.8,0.562,0.562,0.3,0.0,1.5,1.38
1788442734.341,driving,11.176,2.971,56.1,4,14,15,11.375,3.475,7.9,0.542,0.542,0.3,0.0,1.5,1.35
1788442734.393,driving,11.182,2.98,56.1,4,14,15,11.375,3.475,8.1,0.532,0.532,0.3,0.0,1.5,1.35
1788442734.444,driving,11.191,3.001,55.9,4,14,15,11.375,3.475,8.4,0.509,0.509,0.3,0.0,1.5,1.33
1788442734.495,driving,11.194,3.013,55.7,4,14,15,11.375,3.475,8.7,0.496,0.496,0.3,0.0,1.5,1.33
1788442734.546,driving,11.205,3.031,55.6,5,14,15,11.375,3.475,8.9,0.475,0.475,0.3,0.0,1.5,1.39
1788442734.596,driving,11.21,3.04,55.6,5,14,15,11.375,3.475,9.0,0.465,0.465,0.3,0.0,1.5,1.39
1788442734.648,driving,11.216,3.048,55.6,5,14,15,11.375,3.475,9.1,0.455,0.455,0.3,0.0,1.5,1.4
1788442734.699,driving,11.228,3.065,55.6,6,14,15,11.375,3.475,9.3,0.436,0.436,0.3,0.0,1.5,1.4
1788442734.75,driving,11.233,3.073,55.6,6,14,15,11.375,3.475,9.4,0.426,0.426,0.3,0.0,1.5,1.37
1788442734.801,driving,11.245,3.09,55.6,0,8,9,11.375,3.475,9.6,0.406,0.406,0.3,0.0,1.5,1.37
1788442734.86,driving,11.251,3.099,55.6,1,8,9,11.375,3.475,9.7,0.396,0.396,0.297,0.0,1.5,1.34
1788442734.916,driving,11.262,3.115,55.6,1,8,9,11.375,3.475,9.9,0.377,0.377,0.283,0.0,1.5,1.34
1788442734.975,driving,11.268,3.126,55.5,1,8,9,11.375,3.475,10.1,0.365,0.365,0.274,0.0,1.5,1.31
1788442735.025,driving,11.278,3.147,55.4,2,8,9,11.375,3.475,10.5,0.342,0.342,0.257,0.0,1.5,1.31
1788442735.078,driving,11.283,3.155,55.4,2,8,9,11.375,3.475,10.7,0.333,0.333,0.249,0.0,1.5,1.28
1788442735.13,driving,11.293,3.17,55.4,2,8,9,11.375,3.475,10.9,0.316,0.316,0.237,0.0,1.5,1.28
1788442735.181,driving,11.298,3.177,55.4,2,8,9,11.375,3.475,11.2,0.308,0.308,0.231,0.0,1.5,1.26
1788442735.232,driving,11.307,3.19,55.4,3,8,9,11.375,3.475,11.4,0.293,0.293,0.22,0.0,1.5,1.26
1788442735.283,driving,11.311,3.196,55.4,3,8,9,11.375,3.475,11.7,0.286,0.286,0.22,0.0,1.5,1.24
1788442735.334,driving,11.32,3.209,55.4,3,8,9,11.375,3.475,11.9,0.272,0.272,0.22,0.0,1.5,1.24
1788442735.386,driving,11.324,3.215,55.4,3,8,9,11.375,3.475,12.2,0.265,0.265,0.22,0.0,1.5,1.21
1788442735.438,driving,11.332,3.227,55.4,4,8,9,11.375,3.475,12.5,0.251,0.251,0.22,0.0,1.5,1.21
1788442735.49,driving,11.337,3.232,55.5,4,8,9,11.375,3.475,12.8,0.246,0.246,0.22,0.0,1.5,1.19
1788442735.542,driving,11.341,3.238,55.6,4,8,9,11.375,3.475,13.0,0.24,0.24,0.22,0.0,1.5,1.19
1788442735.597,driving,11.35,3.249,55.7,4,8,9,11.375,3.475,13.3,0.227,0.227,0.22,0.0,1.5,1.17
1788442735.651,driving,11.354,3.255,55.7,4,8,9,11.375,3.475,13.6,0.221,0.221,0.22,0.0,1.5,1.17
1788442735.707,driving,11.362,3.268,55.7,5,8,9,11.375,3.475,14.1,0.208,0.208,0.22,0.0,1.5,1.15
1788442735.761,driving,11.366,3.274,55.7,5,8,9,11.375,3.475,14.5,0.201,0.201,0.22,0.0,1.5,1.15
1788442735.813,driving,11.375,3.286,55.7,0,4,5,11.375,3.475,15.0,0.189,0.189,0.22,0.0,1.5,1.13
1788442735.866,driving,11.379,3.292,55.7,0,4,5,11.375,3.475,15.5,0.183,0.183,0.22,0.0,1.5,1.13
1788442735.917,turning,11.388,3.305,55.7,1,4,5,11.375,3.475,16.1,0.171,0.171,0.0,2.4,1.5,1.11
1788442735.967,turning,11.392,3.311,55.7,1,4,5,11.375,3.475,16.7,0.165,0.165,0.0,2.4,1.5,1.11
1788442736.02,turning,11.393,3.313,57.1,1,4,5,11.375,3.475,15.9,0.163,0.163,0.0,2.4,1.5,1.08
1788442736.07,turning,11.393,3.313,57.9,1,4,5,11.375,3.475,15.6,0.163,0.163,0.0,2.4,1.5,1.08
1788442736.12,turning,11.388,3.309,59.3,1,4,5,11.375,3.475,14.7,0.167,0.167,0.0,2.4,1.5,1.08
1788442736.17,turning,11.385,3.306,60.0,1,4,5,11.375,3.475,14.5,0.17,0.17,0.0,2.4,1.5,1.08
1788442736.223,turning,11.383,3.304,61.6,1,4,5,11.375,3.475,13.4,0.172,0.172,0.0,2.4,1.5,1.09
1788442736.273,turning,11.383,3.304,62.4,1,4,5,11.375,3.475,13.0,0.172,0.172,0.0,2.4,1.5,1.09
1788442736.324,turning,11.383,3.304,64.0,1,4,5,11.375,3.475,11.8,0.172,0.172,0.0,2.4,1.5,1.09
1788442736.379,turning,11.383,3.304,64.8,1,4,5,11.375,3.475,11.4,0.172,0.172,0.0,2.4,1.5,1.09
1788442736.436,turning,11.383,3.304,65.6,1,4,5,11.375,3.475,11.0,0.172,0.172,0.0,2.4,1.5,1.09
1788442736.493,driving,11.383,3.304,67.3,1,4,5,11.375,3.475,9.7,0.172,0.172,0.22,0.0,1.5,1.09
1788442736.548,driving,11.383,3.304,68.1,1,4,5,11.375,3.475,9.3,0.172,0.172,0.22,0.0,1.5,1.09
1788442736.599,driving,11.383,3.306,68.4,1,4,5,11.375,3.475,9.4,0.169,0.169,0.22,0.0,1.5,1.09
1788442736.651,driving,11.385,3.309,68.4,1,4,5,11.375,3.475,9.8,0.166,0.166,0.22,0.0,1.5,1.06
1788442738.251,turning,11.413,3.401,69.2,0,30,132,9.925,3.635,101.8,1.506,3.478,0.0,4.5,1.5,1.0
1788442738.302,turning,11.413,3.401,69.2,0,30,132,9.925,3.635,101.8,1.506,3.478,0.0,4.5,1.5,1.0
1788442738.353,turning,11.413,3.401,73.1,0,30,132,9.925,3.635,98.0,1.506,3.478,0.0,4.5,1.5,1.0
1788442738.404,turning,11.414,3.403,73.1,0,30,132,9.925,3.635,98.0,1.507,3.476,0.0,4.5,1.5,1.0
1788442738.455,turning,11.417,3.412,73.1,0,30,132,9.925,3.635,98.0,1.508,3.467,0.0,4.5,1.5,1.0
1788442738.505,turning,11.419,3.419,73.1,0,30,132,9.925,3.635,98.0,1.509,3.46,0.0,4.5,1.5,0.99
1788442738.555,turning,11.423,3.432,73.1,0,30,132,9.925,3.635,98.0,1.511,3.447,0.0,4.5,1.5,0.99
1788442738.606,turning,11.425,3.438,73.1,0,30,132,9.925,3.635,98.1,1.512,3.44,0.0,4.5,1.5,0.97
1788442738.659,turning,11.429,3.451,73.1,0,30,132,9.925,3.635,98.1,1.515,3.427,0.0,4.5,1.5,0.97
1788442738.715,turning,11.431,3.458,73.1,0,30,132,9.925,3.635,98.1,1.516,3.42,0.0,4.5,1.5,0.95
1788442738.775,turning,11.435,3.471,73.1,0,30,132,9.925,3.635,98.2,1.518,3.407,0.0,4.5,1.5,0.95
1788442738.832,turning,11.436,3.477,72.9,0,30,132,9.925,3.635,98.5,1.519,3.4,0.0,4.5,1.5,0.93
1788442738.884,turning,11.438,3.491,72.5,0,30,132,9.925,3.635,99.0,1.52,3.387,0.0,4.5,1.5,0.93
1788442738.941,turning,11.44,3.497,72.4,0,30,132,9.925,3.635,99.1,1.521,3.38,0.0,4.5,1.5,0.91
1788442738.991,turning,11.444,3.51,72.4,0,30,132,9.925,3.635,99.2,1.524,3.367,0.0,4.5,1.5,0.91
1788442739.045,turning,11.446,3.517,72.4,0,30,132,9.925,3.635,99.3,1.526,3.361,0.0,4.5,1.5,0.89
1788442739.096,turning,11.448,3.523,72.4,0,30,132,9.925,3.635,99.4,1.527,3.354,0.0,4.5,1.5,0.89
1788442739.147,turning,11.452,3.536,72.4,0,30,132,9.925,3.635,99.5,1.53,3.341,0.0,4.5,1.5,0.87
1788442739.197,turning,11.455,3.543,72.4,0,30,132,9.925,3.635,99.6,1.532,3.334,0.0,4.5,1.5,0.87
1788442739.249,turning,11.459,3.556,72.4,0,30,67,11.375,5.075,97.7,1.522,3.321,0.0,4.5,1.5,0.85
1788442739.298,turning,11.461,3.562,72.4,0,30,67,11.375,5.075,95.8,1.515,3.315,0.0,4.5,1.5,0.85
1788442739.35,turning,11.465,3.575,72.4,0,30,67,11.375,5.075,93.9,1.502,3.302,0.0,4.5,1.5,0.83
1788442739.4,turning,11.467,3.582,72.4,0,30,67,11.375,5.075,92.1,1.496,3.295,0.0,4.5,1.5,0.83
1788442739.457,turning,11.47,3.596,72.6,0,30,67,11.375,5.075,90.2,1.482,3.281,0.0,4.5,1.5,0.81
1788442739.508,turning,11.47,3.603,72.8,1,31,67,11.375,5.125,88.3,1.525,3.274,0.0,4.5,1.5,0.81
1788442739.564,turning,11.473,3.617,72.9,1,31,67,11.375,5.125,86.6,1.512,3.26,0.0,4.5,1.5,0.79
1788442739.615,turning,11.475,3.623,72.9,1,31,67,11.375,5.125,84.9,1.505,3.254,0.0,4.5,1.5,0.79
1788442739.671,turning,11.478,3.631,73.2,1,31,67,11.375,5.125,83.0,1.497,3.245,0.0,4.5,1.5,0.77
1788442739.723,turning,11.478,3.631,73.5,1,31,67,11.375,5.125,81.2,1.497,3.245,0.0,4.5,1.5,0.77
1788442739.774,turning,11.478,3.631,74.3,1,31,67,11.375,5.125,78.9,1.497,3.245,0.0,4.5,1.5,0.76
1788442739.824,turning,11.478,3.631,74.7,1,31,67,11.375,5.125,77.0,1.497,3.245,0.0,4.5,1.5,0.76
1788442739.876,turning,11.478,3.631,75.4,1,31,67,11.375,5.125,74.9,1.497,3.245,0.0,4.5,1.5,0.76
1788442739.928,turning,11.478,3.631,75.8,1,31,67,11.375,5.125,73.1,1.497,3.245,0.0,4.5,1.5,0.76
1788442739.979,turning,11.478,3.631,76.1,1,31,67,11.375,5.125,71.4,1.497,3.245,0.0,4.5,1.5,0.77
1788442740.03,turning,11.478,3.631,76.7,1,31,67,11.375,5.125,69.5,1.497,3.245,0.0,4.5,1.5,0.77
1788442740.083,turning,11.475,3.635,77.1,1,31,67,11.375,5.125,67.8,1.493,3.242,0.0,4.5,1.5,0.77
1788442740.136,turning,11.464,3.649,78.5,2,32,67,11.375,5.175,65.2,1.528,3.228,0.0,4.5,1.5,0.77
1788442740.187,turning,11.461,3.652,79.5,2,32,67,11.375,5.175,62.9,1.525,3.225,0.0,4.5,1.5,0.76
1788442740.242,turning,11.461,3.652,81.4,2,32,67,11.375,5.175,59.9,1.525,3.225,0.0,4.5,1.5,0.76
1788442740.297,turning,11.461,3.652,82.3,0,30,65,11.375,5.175,57.7,1.525,3.225,0.0,4.5,1.5,0.77
1788442740.354,turning,11.461,3.652,84.2,0,30,65,11.375,5.175,54.7,1.525,3.225,0.0,4.5,1.5,0.77
1788442740.407,turning,11.461,3.652,85.1,0,30,65,11.375,5.175,52.6,1.525,3.225,0.0,4.5,1.5,0.77
1788442740.462,turning,11.461,3.652,87.0,0,30,65,11.375,5.175,49.7,1.525,3.225,0.0,4.402,1.5,0.77
1788442740.513,turning,11.461,3.652,87.9,0,30,65,11.375,5.175,47.7,1.525,3.225,0.0,4.353,1.5,0.77
1788442740.563,turning,11.461,3.652,88.9,0,30,65,11.375,5.175,45.6,1.525,3.225,0.0,4.3,1.5,0.77
1788442740.613,turning,11.461,3.652,88.9,0,30,65,11.375,5.175,44.6,1.525,3.225,0.0,4.3,1.5,0.77
1788442740.666,turning,11.461,3.652,88.9,0,30,65,11.375,5.175,43.6,1.525,3.225,0.0,4.3,1.5,0.77
1788442740.718,turning,11.459,3.648,88.9,0,30,65,11.375,5.175,42.6,1.53,3.229,0.0,4.301,1.5,0.77
1788442740.769,turning,11.454,3.631,88.9,0,30,65,11.375,5.175,41.7,1.546,3.246,0.0,4.303,1.5,0.77
1788442740.819,turning,11.454,3.622,88.9,0,30,65,11.375,5.175,40.8,1.555,3.255,0.0,4.303,1.5,0.77
1788442740.872,turning,11.453,3.614,88.9,0,30,65,11.375,5.175,39.9,1.563,3.263,0.0,4.303,1.5,0.77
1788442740.924,turning,11.453,3.597,88.9,0,30,65,11.375,5.175,39.0,1.58,3.28,0.0,4.303,1.5,0.79
1788442740.974,turning,11.453,3.588,88.9,0,30,65,11.375,5.175,38.1,1.589,3.289,0.0,4.303,1.5,0.79
1788442741.028,turning,11.454,3.572,88.7,0,30,65,11.375,5.175,37.5,1.605,3.305,0.0,4.313,1.5,0.82
1788442741.084,turning,11.454,3.564,88.5,0,30,65,11.375,5.175,36.8,1.613,3.313,0.0,4.322,1.5,0.82
1788442741.14,turning,11.455,3.548,88.3,0,30,65,11.375,5.175,36.2,1.629,3.329,0.0,4.33,1.5,0.84
1788442741.194,turning,11.454,3.539,88.3,0,30,65,11.375,5.175,35.4,1.637,3.338,0.0,4.33,1.5,0.84
1788442741.245,turning,11.454,3.522,88.3,0,30,65,11.375,5.175,34.6,1.654,3.355,0.0,4.33,1.5,0.87
1788442741.298,turning,11.454,3.514,88.3,0,30,131,9.975,3.641,35.9,1.484,3.363,0.0,4.33,1.5,0.87
1788442741.35,turning,11.453,3.497,88.3,0,30,131,9.975,3.641,37.2,1.485,3.38,0.0,4.33,1.5,0.89
1788442741.4,turning,11.453,3.488,88.3,0,30,131,9.975,3.641,38.4,1.485,3.389,0.0,4.33,1.5,0.89
1788442741.45,turning,11.452,3.471,88.3,0,30,131,9.975,3.641,39.5,1.487,3.406,0.0,4.33,1.5,0.92
1788442741.5,turning,11.452,3.463,88.3,0,30,131,9.975,3.641,40.6,1.487,3.414,0.0,4.33,1.5,0.92
1788442741.55,turning,11.452,3.446,88.3,0,30,131,9.975,3.641,41.7,1.489,3.431,0.0,4.33,1.5,0.94
1788442741.6,turning,11.452,3.438,88.3,0,30,131,9.975,3.641,42.7,1.49,3.44,0.0,4.33,1.5,0.94
1788442741.652,turning,11.452,3.423,88.5,0,30,131,9.975,3.641,43.5,1.492,3.455,0.0,4.32,1.5,0.97
1788442741.702,turning,11.452,3.416,88.7,0,30,131,9.975,3.641,44.4,1.493,3.462,0.0,4.312,1.5,0.97
1788442741.756,turning,11.452,3.408,88.8,0,30,131,9.975,3.641,45.2,1.495,3.469,0.0,4.308,1.5,0.99
1788442741.805,turning,11.451,3.391,88.8,0,30,131,9.975,3.641,46.1,1.497,3.486,0.0,4.308,1.5,0.99
1788442741.864,turning,11.451,3.382,88.8,0,30,131,9.975,3.641,47.0,1.498,3.495,0.0,4.308,1.5,1.01
1788442741.918,turning,11.451,3.365,88.8,0,30,131,9.975,3.641,47.8,1.501,3.512,0.0,4.308,1.5,1.01
1788442741.974,turning,11.451,3.357,88.8,0,30,131,9.975,3.641,48.6,1.502,3.52,0.0,4.308,1.5,1.04
1788442742.023,turning,11.45,3.34,88.8,0,30,131,9.975,3.641,49.4,1.505,3.537,0.0,4.308,1.5,1.04
1788442742.075,turning,11.45,3.331,88.8,0,30,131,9.975,3.641,50.1,1.507,3.546,0.0,4.308,1.5,1.06
1788442742.125,turning,11.45,3.317,88.8,0,30,131,9.975,3.641,50.9,1.51,3.561,0.0,4.308,1.5,1.06
1788442742.176,turning,11.449,3.315,88.7,0,30,131,9.975,3.641,51.6,1.51,3.562,0.0,4.309,1.5,1.08
1788442742.228,turning,11.449,3.32,88.7,0,30,131,9.975,3.641,52.3,1.508,3.557,0.0,4.312,1.5,1.08
1788442742.278,turning,11.449,3.321,88.7,0,30,131,9.975,3.641,53.0,1.508,3.556,0.0,4.312,1.5,1.09
1788442742.329,turning,11.449,3.328,88.7,0,30,132,9.925,3.64,53.6,1.555,3.55,0.0,4.312,1.5,1.09
1788442742.379,turning,11.449,3.333,88.7,0,30,132,9.925,3.64,54.3,1.554,3.544,0.0,4.312,1.5,1.08
1788442742.43,turning,11.45,3.347,88.7,0,30,132,9.925,3.64,54.9,1.552,3.531,0.0,4.312,1.5,1.08
1788442742.48,turning,11.45,3.354,88.7,0,30,132,9.925,3.64,55.5,1.551,3.524,0.0,4.312,1.5,1.06
1788442742.531,turning,11.45,3.367,88.7,0,30,132,9.925,3.64,56.2,1.549,3.51,0.0,4.312,1.5,1.06
1788442742.586,turning,11.45,3.374,88.7,0,30,132,9.925,3.64,56.8,1.548,3.503,0.0,4.312,1.5,1.04
1788442742.639,turning,11.45,3.381,88.7,0,30,132,9.925,3.64,57.4,1.547,3.497,0.0,4.312,1.5,1.04
1788442742.695,turning,11.454,3.399,88.6,0,30,132,9.925,3.64,58.1,1.547,3.478,0.0,4.318,1.5,1.03
1788442742.748,turning,11.457,3.411,88.5,0,30,132,9.925,3.64,58.9,1.548,3.466,0.0,4.324,1.5,1.03
1788442742.8,turning,11.46,3.429,88.4,0,30,132,9.925,3.64,59.6,1.549,3.448,0.0,4.329,1.5,1.01
1788442742.852,turning,11.46,3.436,88.4,0,30,132,9.925,3.64,60.2,1.548,3.441,0.0,4.329,1.5,1.01
1788442742.903,turning,11.46,3.449,88.4,0,30,132,9.925,3.64,60.8,1.547,3.428,0.0,4.329,1.5,0.99
1788442742.955,turning,11.461,3.456,88.4,0,30,132,9.925,3.64,61.4,1.546,3.421,0.0,4.329,1.5,0.99
1788442743.005,turning,11.461,3.47,88.4,0,30,132,9.925,3.64,62.0,1.545,3.407,0.0,4.329,1.5,0.97
1788442743.056,turning,11.461,3.476,88.4,0,30,132,9.925,3.64,62.6,1.544,3.4,0.0,4.329,1.5,0.97
1788442743.107,turning,11.462,3.49,88.4,0,30,132,9.925,3.64,63.1,1.543,3.387,0.0,4.329,1.5,0.95
1788442743.158,turning,11.462,3.497,88.4,0,30,132,9.925,3.64,63.7,1.543,3.38,0.0,4.329,1.5,0.95
1788442743.208,turning,11.462,3.51,88.4,0,30,132,9.925,3.64,64.3,1.542,3.366,0.0,4.329,1.5,0.93
1788442743.259,turning,11.462,3.517,88.4,1,31,132,9.876,3.643,64.8,1.592,3.36,0.0,4.329,1.5,0.93
1788442743.311,turning,11.459,3.528,88.2,1,31,132,9.876,3.643,65.6,1.587,3.349,0.0,4.34,1.5,0.91
1788442743.367,turning,11.456,3.533,88.0,0,30,134,9.975,3.625,66.3,1.484,3.344,0.0,4.347,1.5,0.91
1788442743.421,turning,11.455,3.546,87.9,0,30,134,9.975,3.625,66.9,1.482,3.332,0.0,4.351,1.5,0.89
1788442743.476,turning,11.455,3.552,87.9,1,31,134,9.925,3.625,67.5,1.532,3.325,0.0,4.351,1.5,0.89
1788442743.528,turning,11.455,3.559,87.9,1,31,134,9.925,3.625,68.0,1.532,3.318,0.0,4.351,1.5,0.87
1788442743.579,turning,11.456,3.573,87.9,1,31,134,9.925,3.625,68.6,1.531,3.304,0.0,4.351,1.5,0.87
1788442743.632,turning,11.456,3.58,87.9,1,31,134,9.925,3.625,69.1,1.532,3.298,0.0,4.351,1.5,0.85
1788442743.685,turning,11.456,3.593,87.9,1,31,134,9.925,3.625,69.7,1.532,3.284,0.0,4.351,1.5,0.85
1788442743.734,turning,11.457,3.6,87.9,1,31,134,9.925,3.625,70.2,1.532,3.277,0.0,4.351,1.5,0.83
1788442743.785,turning,11.457,3.614,87.9,1,31,134,9.925,3.625,70.7,1.532,3.264,0.0,4.351,1.5,0.83
1788442743.834,turning,11.457,3.62,87.9,1,31,134,9.925,3.625,71.2,1.532,3.257,0.0,4.351,1.5,0.81
1788442743.888,turning,11.458,3.628,87.9,1,31,134,9.925,3.625,71.8,1.533,3.249,0.0,4.351,1.5,0.81
1788442743.938,turning,11.458,3.632,88.1,1,31,134,9.925,3.625,72.1,1.533,3.245,0.0,4.343,1.5,0.8
1788442743.988,turning,11.457,3.644,88.6,1,31,134,9.925,3.625,72.2,1.532,3.233,0.0,4.319,1.5,0.8
1788442744.038,turning,11.457,3.645,88.6,1,31,134,9.925,3.625,72.6,1.532,3.232,0.0,4.316,1.5,0.8
1788442744.09,turning,11.457,3.64,88.6,1,31,134,9.925,3.625,73.1,1.532,3.238,0.0,4.316,1.5,0.8
1788442744.147,turning,11.457,3.631,88.6,1,31,134,9.925,3.625,73.5,1.532,3.246,0.0,4.316,1.5,0.8
1788442744.2,turning,11.456,3.614,88.6,1,31,134,9.925,3.625,74.0,1.531,3.263,0.0,4.316,1.5,0.8
1788442744.253,turning,11.456,3.606,88.6,1,31,134,9.925,3.625,74.4,1.531,3.272,0.0,4.316,1.5,0.83
1788442744.306,turning,11.456,3.589,88.6,1,31,134,9.925,3.625,74.8,1.531,3.289,0.0,4.316,1.5,0.83
1788442744.359,turning,11.455,3.58,88.6,1,31,134,9.925,3.625,75.1,1.531,3.297,0.0,4.316,1.5,0.85
1788442744.409,turning,11.455,3.572,88.6,0,30,132,9.977,3.65,75.5,1.48,3.306,0.0,4.316,1.5,0.85
1788442744.461,turning,11.455,3.555,88.6,0,30,132,9.977,3.65,75.8,1.481,3.323,0.0,4.316,1.5,0.87
1788442744.512,turning,11.455,3.546,88.6,0,30,132,9.977,3.65,76.0,1.481,3.331,0.0,4.316,1.5,0.87
1788442744.562,turning,11.454,3.529,88.6,0,30,132,9.977,3.65,76.3,1.482,3.348,0.0,4.316,1.5,0.9
1788442744.612,turning,11.454,3.521,88.6,0,30,132,9.977,3.65,76.6,1.483,3.357,0.0,4.316,1.5,0.9
1788442744.666,turning,11.454,3.504,88.6,0,30,132,9.977,3.65,76.8,1.484,3.374,0.0,4.316,1.5,0.92
1788442744.717,turning,11.453,3.495,88.6,0,30,132,9.977,3.65,77.0,1.485,3.382,0.0,4.316,1.5,0.92
1788442744.768,turning,11.453,3.478,88.6,0,30,132,9.977,3.65,77.2,1.486,3.399,0.0,4.316,1.5,0.95
1788442744.82,turning,11.453,3.47,88.6,0,30,132,9.977,3.65,77.4,1.487,3.408,0.0,4.316,1.5,0.95
1788442744.88,turning,11.452,3.453,88.6,0,30,132,9.977,3.65,77.5,1.489,3.425,0.0,4.316,1.5,0.97
1788442744.936,turning,11.452,3.444,88.6,0,30,132,9.977,3.65,77.7,1.49,3.433,0.0,4.316,1.5,0.97
1788442744.992,turning,11.452,3.427,88.6,0,30,132,9.977,3.65,77.8,1.492,3.45,0.0,4.316,1.5,0.99
1788442745.046,turning,11.451,3.419,88.6,0,30,132,9.977,3.65,77.9,1.493,3.459,0.0,4.316,1.5,0.99
1788442745.097,turning,11.451,3.402,88.6,0,30,132,9.977,3.65,78.0,1.495,3.476,0.0,4.316,1.5,1.02
1788442745.146,turning,11.451,3.393,88.6,0,30,132,9.977,3.65,78.1,1.496,3.484,0.0,4.316,1.5,1.02
1788442745.198,turning,11.45,3.376,88.6,0,30,132,9.977,3.65,78.2,1.499,3.501,0.0,4.316,1.5,1.04
1788442745.248,turning,11.45,3.368,88.6,0,30,132,9.977,3.65,78.2,1.5,3.51,0.0,4.316,1.5,1.04
1788442745.3,turning,11.45,3.362,88.4,0,30,132,9.977,3.65,78.4,1.501,3.516,0.0,4.325,1.5,1.07
1788442745.351,turning,11.449,3.355,87.7,0,30,132,9.977,3.65,79.2,1.501,3.522,0.0,4.363,1.5,1.07
1788442745.406,turning,11.447,3.34,87.6,0,30,130,9.951,3.606,79.4,1.519,3.537,0.0,4.372,1.5,1.09
1788442745.453,turning,11.447,3.332,87.6,0,30,130,9.951,3.606,79.5,1.52,3.545,0.0,4.372,1.5,1.09
1788442745.502,turning,11.447,3.323,87.6,0,30,130,9.951,3.606,79.6,1.521,3.554,0.0,4.372,1.5,1.12
1788442745.552,turning,11.446,3.31,87.6,0,30,130,9.951,3.606,79.6,1.524,3.568,0.0,4.372,1.5,1.12
1788442745.603,turning,11.446,3.305,87.6,0,30,130,9.951,3.606,79.6,1.524,3.572,0.0,4.372,1.5,1.14
1788442745.661,turning,11.446,3.302,87.6,0,30,130,9.951,3.606,79.7,1.525,3.576,0.0,4.372,1.5,1.14
1788442745.722,turning,11.446,3.303,87.6,0,30,130,9.951,3.606,79.7,1.525,3.575,0.0,4.372,1.5,1.14
1788442745.774,turning,11.446,3.31,87.6,0,30,130,9.951,3.606,79.7,1.524,3.568,0.0,4.372,1.5,1.14
1788442745.83,turning,11.449,3.314,87.7,0,30,130,9.951,3.606,79.7,1.526,3.563,0.0,4.364,1.5,1.13
1788442745.882,turning,11.456,3.325,88.1,0,30,130,9.951,3.606,79.3,1.531,3.552,0.0,4.345,1.5,1.13
1788442745.935,turning,11.457,3.332,88.1,0,30,130,9.951,3.606,79.4,1.53,3.545,0.0,4.343,1.5,1.12
1788442745.985,turning,11.457,3.345,88.1,0,30,130,9.951,3.606,79.4,1.528,3.532,0.0,4.343,1.5,1.12
1788442746.035,turning,11.458,3.352,88.1,0,30,130,9.951,3.606,79.5,1.527,3.525,0.0,4.343,1.5,1.1
1788442746.085,turning,11.458,3.366,88.1,0,30,130,9.951,3.606,79.6,1.526,3.511,0.0,4.343,1.5,1.1
1788442746.138,turning,11.458,3.372,88.1,0,30,130,9.951,3.606,79.7,1.525,3.505,0.0,4.343,1.5,1.08
1788442746.188,turning,11.459,3.379,88.1,0,30,130,9.951,3.606,79.8,1.524,3.498,0.0,4.343,1.5,1.08
1788442746.239,turning,11.459,3.393,88.1,0,30,130,9.951,3.606,79.9,1.523,3.484,0.0,4.343,1.5,1.06
1788442746.289,turning,11.459,3.4,88.1,0,30,130,9.951,3.606,80.0,1.522,3.477,0.0,4.343,1.5,1.06
1788442746.342,turning,11.46,3.413,88.1,0,30,130,9.951,3.606,80.1,1.52,3.464,0.0,4.343,1.5,1.04
1788442746.395,turning,11.46,3.42,88.1,0,30,130,9.951,3.606,80.2,1.52,3.457,0.0,4.343,1.5,1.04
1788442746.45,turning,11.46,3.434,88.1,0,30,70,11.375,4.925,78.3,1.494,3.443,0.0,4.343,1.5,1.02
1788442746.504,turning,11.461,3.44,88.1,0,30,70,11.375,4.925,76.5,1.487,3.437,0.0,4.343,1.5,1.02
1788442746.562,turning,11.461,3.454,88.1,1,31,70,11.375,4.975,74.8,1.524,3.423,0.0,4.343,1.5,1.0
1788442746.613,turning,11.461,3.461,88.1,1,31,70,11.375,4.975,73.1,1.517,3.416,0.0,4.343,1.5,1.0
1788442746.666,turning,11.462,3.474,88.1,1,31,70,11.375,4.975,71.4,1.503,3.403,0.0,4.343,1.5,0.98
1788442746.718,turning,11.462,3.481,88.1,1,31,70,11.375,4.975,69.8,1.496,3.396,0.0,4.343,1.5,0.98
1788442746.768,turning,11.462,3.495,88.1,1,31,70,11.375,4.975,68.2,1.483,3.382,0.0,4.343,1.5,0.96
1788442746.818,turning,11.463,3.502,88.1,2,32,70,11.375,5.025,66.6,1.526,3.375,0.0,4.343,1.5,0.96
1788442746.872,turning,11.463,3.515,88.1,2,32,70,11.375,5.025,65.1,1.512,3.362,0.0,4.343,1.5,0.94
1788442746.922,turning,11.463,3.522,88.1,2,32,70,11.375,5.025,63.6,1.506,3.355,0.0,4.343,1.5,0.94
1788442746.975,turning,11.464,3.535,88.1,2,32,70,11.375,5.025,62.2,1.492,3.341,0.0,4.343,1.5,0.92
1788442747.025,turning,11.464,3.542,88.1,2,32,70,11.375,5.025,60.8,1.485,3.335,0.0,4.343,1.5,0.92
1788442747.076,turning,11.465,3.55,87.8,3,33,70,11.375,5.075,59.7,1.527,3.327,0.0,4.358,1.5,0.9
1788442747.13,turning,11.464,3.568,86.6,3,33,70,11.375,5.075,59.6,1.51,3.309,0.0,4.421,1.5,0.9
1788442747.184,turning,11.464,3.575,86.3,3,33,70,11.375,5.075,58.5,1.502,3.302,0.0,4.436,1.5,0.88
1788442747.24,turning,11.465,3.589,86.3,3,33,70,11.375,5.075,57.3,1.489,3.288,0.0,4.436,1.5,0.88
1788442747.297,turning,11.465,3.596,86.3,3,33,70,11.375,5.075,56.0,1.482,3.281,0.0,4.436,1.5,0.86
1788442747.354,turning,11.466,3.609,86.3,4,34,70,11.375,5.125,54.8,1.519,3.268,0.0,4.436,1.5,0.86
1788442747.405,turning,11.466,3.616,86.3,4,34,70,11.375,5.125,53.6,1.512,3.261,0.0,4.436,1.5,0.84
1788442747.456,turning,11.467,3.63,86.3,4,34,70,11.375,5.125,52.5,1.498,3.247,0.0,4.436,1.5,0.84
1788442747.509,turning,11.468,3.636,86.3,0,30,133,9.975,3.66,53.5,1.492,3.24,0.0,4.436,1.5,0.83
1788442747.56,turning,11.468,3.638,88.0,0,30,133,9.975,3.66,52.8,1.493,3.239,0.0,4.348,1.5,0.83
1788442747.61,turning,11.468,3.638,88.9,0,30,133,9.975,3.66,52.8,1.493,3.239,0.0,4.3,1.5,0.81
1788442747.662,turning,11.468,3.638,89.1,0,30,133,9.975,3.66,53.5,1.493,3.239,0.0,4.289,1.5,0.81
1788442747.712,turning,11.466,3.633,89.0,0,30,133,9.975,3.66,54.5,1.491,3.244,0.0,4.294,1.5,0.82
1788442747.763,turning,11.463,3.62,88.8,0,30,133,9.975,3.66,55.6,1.488,3.257,0.0,4.304,1.5,0.82
1788442747.813,turning,11.463,3.619,88.8,0,30,133,9.975,3.66,56.4,1.488,3.257,0.0,4.304,1.5,0.82
1788442747.864,turning,11.462,3.603,88.8,0,30,133,9.975,3.66,57.2,1.488,3.273,0.0,4.304,1.5,0.82
1788442747.915,turning,11.462,3.595,88.8,0,30,133,9.975,3.66,58.0,1.488,3.282,0.0,4.304,1.5,0.83
1788442747.972,turning,11.462,3.586,88.8,0,30,133,9.975,3.66,58.7,1.488,3.29,0.0,4.304,1.5,0.83
1788442748.026,turning,11.462,3.569,88.8,0,30,133,9.975,3.66,59.5,1.489,3.307,0.0,4.304,1.5,0.85
1788442748.081,turning,11.461,3.561,88.8,0,30,133,9.975,3.66,60.1,1.489,3.316,0.0,4.304,1.5,0.85
1788442748.135,turning,11.461,3.544,88.8,0,30,133,9.975,3.66,60.8,1.49,3.333,0.0,4.304,1.5,0.88
1788442748.186,turning,11.461,3.536,88.8,0,30,133,9.975,3.66,61.4,1.491,3.341,0.0,4.304,1.5,0.88
1788442748.238,turning,11.461,3.519,88.8,0,30,133,9.975,3.66,62.0,1.492,3.358,0.0,4.304,1.5,0.9
1788442748.288,turning,11.46,3.51,88.8,0,30,133,9.975,3.66,62.6,1.493,3.367,0.0,4.304,1.5,0.9
1788442748.339,turning,11.46,3.493,88.8,0,30,133,9.975,3.66,63.2,1.494,3.384,0.0,4.304,1.5,0.92
1788442748.389,turning,11.46,3.485,88.8,0,30,133,9.975,3.66,63.7,1.495,3.392,0.0,4.304,1.5,0.92
1788442748.439,turning,11.46,3.468,88.8,0,30,133,9.975,3.66,64.2,1.497,3.409,0.0,4.304,1.5,0.95
1788442748.5,turning,11.459,3.459,88.8,0,30,132,9.975,3.625,64.7,1.494,3.418,0.0,4.304,1.5,0.97
1788442748.5,turning,11.459,3.459,88.8,0,30,132,9.975,3.625,65.2,1.494,3.418,0.0,4.304,1.5,0.97
1788442748.593,turning,11.459,3.434,88.8,0,30,132,9.975,3.625,65.6,1.496,3.443,0.0,4.304,1.5,0.97
1788442748.643,turning,11.459,3.417,88.8,0,30,132,9.975,3.625,66.1,1.498,3.46,0.0,4.304,1.5,0.99
1788442748.695,turning,11.458,3.408,88.8,0,30,132,9.975,3.625,66.5,1.499,3.469,0.0,4.304,1.5,0.99
1788442748.749,turning,11.458,3.391,88.8,0,30,132,9.975,3.625,66.9,1.501,3.486,0.0,4.304,1.5,1.02
1788442748.801,turning,11.458,3.383,88.8,0,30,132,9.975,3.625,67.2,1.503,3.494,0.0,4.304,1.5,1.02
1788442748.86,turning,11.458,3.374,88.8,0,30,132,9.975,3.625,67.6,1.504,3.503,0.0,4.304,1.5,1.05
1788442748.912,turning,11.457,3.357,88.8,0,30,132,9.975,3.625,67.9,1.506,3.52,0.0,4.304,1.5,1.05
1788442748.966,turning,11.458,3.353,89.2,0,30,132,9.975,3.625,67.9,1.508,3.524,0.0,4.286,1.5,1.07
1788442749.016,turning,11.459,3.353,90.5,0,30,132,9.975,3.625,66.9,1.509,3.524,0.0,4.217,1.5,1.07
1788442749.096,turning,11.459,3.348,90.8,0,30,132,9.975,3.625,66.9,1.509,3.529,0.0,4.202,1.5,1.09
1788442749.155,turning,11.459,3.331,90.8,0,30,132,9.975,3.625,67.2,1.513,3.546,0.0,4.202,1.5,1.09
1788442749.206,turning,11.459,3.322,90.8,0,30,132,9.975,3.625,67.4,1.515,3.555,0.0,4.202,1.5,1.12
1788442749.257,turning,11.459,3.305,90.8,0,30,132,9.975,3.625,67.7,1.518,3.572,0.0,4.202,1.5,1.12
1788442749.308,turning,11.459,3.297,90.8,0,30,132,9.975,3.625,67.9,1.52,3.58,0.0,4.202,1.5,1.14
1788442749.359,turning,11.46,3.282,90.8,0,30,132,9.975,3.625,68.1,1.524,3.595,0.0,4.202,1.5,1.14
1788442749.409,turning,11.46,3.278,90.8,0,30,132,9.975,3.625,68.3,1.525,3.599,0.0,4.202,1.5,1.16
1788442749.464,turning,11.46,3.274,90.8,0,30,132,9.975,3.625,68.5,1.526,3.603,0.0,4.202,1.5,1.16
1788442749.519,turning,11.458,3.271,90.6,0,30,132,9.975,3.625,68.9,1.525,3.606,0.0,4.214,1.5,1.17
1788442749.574,turning,11.455,3.268,90.1,0,30,134,10.025,3.625,69.6,1.473,3.609,0.0,4.241,1.5,1.17
1788442749.629,turning,11.454,3.274,90.0,0,30,134,10.025,3.625,69.8,1.472,3.603,0.0,4.242,1.5,1.16
1788442749.683,turning,11.454,3.287,90.0,0,30,134,10.025,3.625,69.9,1.469,3.59,0.0,4.242,1.5,1.16
1788442749.738,turning,11.454,3.294,90.0,1,31,134,9.975,3.625,70.1,1.516,3.583,0.0,4.242,1.5,1.14
1788442749.787,turning,11.454,3.301,90.0,1,31,134,9.975,3.625,70.3,1.515,3.576,0.0,4.242,1.5,1.14
1788442749.839,turning,11.454,3.314,90.0,1,31,134,9.975,3.625,70.5,1.512,3.563,0.0,4.242,1.5,1.12
1788442749.889,turning,11.454,3.321,90.0,1,31,134,9.975,3.625,70.7,1.51,3.556,0.0,4.242,1.5,1.12
1788442749.94,turning,11.454,3.335,90.0,1,31,134,9.975,3.625,70.9,1.508,3.542,0.0,4.242,1.5,1.11
1788442749.99,turning,11.454,3.342,90.0,1,31,134,9.975,3.625,71.1,1.506,3.535,0.0,4.242,1.5,1.11
1788442750.04,turning,11.454,3.355,90.0,1,31,134,9.975,3.625,71.3,1.504,3.522,0.0,4.242,1.5,1.09
1788442750.09,turning,11.454,3.362,90.0,1,31,134,9.975,3.625,71.5,1.503,3.515,0.0,4.242,1.5,1.09
1788442750.141,turning,11.454,3.376,90.0,1,31,134,9.975,3.625,71.7,1.5,3.501,0.0,4.242,1.5,1.06
1788442750.191,turning,11.454,3.382,90.0,1,31,134,9.975,3.625,72.0,1.499,3.495,0.0,4.242,1.5,1.06
1788442750.242,turning,11.454,3.396,90.0,1,31,134,9.975,3.625,72.2,1.497,3.481,0.0,4.242,1.5,1.05
1788442750.297,turning,11.454,3.403,90.0,1,31,134,9.975,3.625,72.4,1.496,3.474,0.0,4.242,1.5,1.05
1788442750.355,turning,11.454,3.416,90.0,1,31,134,9.975,3.625,72.6,1.494,3.461,0.0,4.242,1.5,1.03
1788442750.409,turning,11.454,3.423,90.0,1,31,134,9.975,3.625,72.9,1.493,3.454,0.0,4.242,1.5,1.03
1788442750.465,turning,11.454,3.437,90.0,1,31,134,9.975,3.625,73.1,1.491,3.44,0.0,4.242,1.5,1.01
1788442750.516,turning,11.454,3.444,90.0,1,31,134,9.975,3.625,73.4,1.49,3.434,0.0,4.242,1.5,1.01
1788442750.568,turning,11.454,3.457,90.0,0,30,131,9.975,3.675,73.6,1.495,3.42,0.0,4.242,1.5,0.99
1788442750.619,turning,11.454,3.464,90.0,0,30,131,9.975,3.675,73.8,1.494,3.413,0.0,4.242,1.5,0.99
1788442750.67,turning,11.454,3.471,90.0,0,30,131,9.975,3.675,74.0,1.493,3.406,0.0,4.242,1.5,0.97
1788442750.722,turning,11.454,3.484,90.0,0,30,131,9.975,3.675,74.2,1.492,3.393,0.0,4.242,1.5,0.97
1788442750.773,turning,11.454,3.491,90.0,0,30,131,9.975,3.675,74.4,1.491,3.386,0.0,4.242,1.5,0.95
1788442750.825,turning,11.454,3.505,90.0,1,31,131,9.925,3.675,74.6,1.539,3.372,0.0,4.242,1.5,0.95
1788442750.877,turning,11.454,3.512,90.0,1,31,131,9.925,3.675,74.9,1.538,3.366,0.0,4.242,1.5,0.93
1788442750.93,turning,11.454,3.525,90.0,1,31,131,9.925,3.675,75.1,1.537,3.352,0.0,4.242,1.5,0.93
1788442750.982,turning,11.454,3.529,90.0,1,31,131,9.925,3.675,75.4,1.536,3.348,0.0,4.246,1.5,0.91
1788442751.034,turning,11.454,3.535,89.7,1,31,131,9.925,3.675,75.9,1.535,3.342,0.0,4.257,1.5,0.91
1788442751.087,turning,11.454,3.541,89.7,1,31,131,9.925,3.675,76.1,1.534,3.336,0.0,4.259,1.5,0.89
1788442751.14,turning,11.454,3.555,89.7,1,31,131,9.925,3.675,76.4,1.533,3.323,0.0,4.259,1.5,0.89
1788442751.196,turning,11.454,3.561,89.7,1,31,131,9.925,3.675,76.6,1.533,3.316,0.0,4.259,1.5,0.87
1788442751.248,turning,11.454,3.575,89.7,1,31,131,9.925,3.675,76.8,1.532,3.302,0.0,4.259,1.5,0.87
1788442751.299,turning,11.454,3.582,89.7,1,31,131,9.925,3.675,77.1,1.532,3.295,0.0,4.259,1.5,0.86
1788442751.349,turning,11.454,3.595,89.7,1,31,131,9.925,3.675,77.3,1.531,3.282,0.0,4.259,1.5,0.86
1788442751.4,turning,11.454,3.602,89.7,1,31,131,9.925,3.675,77.6,1.531,3.275,0.0,4.259,1.5,0.83
1788442751.452,turning,11.454,3.616,89.7,1,31,131,9.925,3.675,77.9,1.53,3.261,0.0,4.259,1.5,0.83
1788442751.501,turning,11.454,3.623,89.7,1,31,131,9.925,3.675,78.1,1.53,3.255,0.0,4.259,1.5,0.82
1788442751.554,turning,11.454,3.625,89.7,1,31,131,9.925,3.675,78.4,1.53,3.252,0.0,4.259,1.5,0.82
1788442751.605,turning,11.456,3.624,89.8,0,30,66,11.375,5.125,76.4,1.503,3.253,0.0,4.253,1.5,0.81
1788442751.656,turning,11.458,3.623,89.9,0,30,66,11.375,5.125,74.5,1.504,3.254,0.0,4.248,1.5,0.81
1788442751.707,turning,11.46,3.623,90.0,0,30,66,11.375,5.125,72.6,1.505,3.254,0.0,4.242,1.5,0.81
1788442751.757,turning,11.46,3.623,90.0,0,30,66,11.375,5.125,70.9,1.505,3.254,0.0,4.242,1.5,0.81
1788442751.808,turning,11.46,3.623,90.0,0,30,66,11.375,5.125,69.2,1.505,3.254,0.0,4.242,1.5,0.81
1788442751.864,turning,11.46,3.623,90.0,0,30,66,11.375,5.125,67.6,1.505,3.254,0.0,4.242,1.5,0.81
1788442751.918,turning,11.46,3.623,90.0,0,30,66,11.375,5.125,66.0,1.505,3.254,0.0,4.242,1.5,0.81
1788442751.972,turning,11.46,3.623,90.0,0,30,66,11.375,5.125,64.5,1.505,3.254,0.0,4.242,1.5,0.81
1788442752.022,turning,11.46,3.623,90.0,0,30,66,11.375,5.125,63.0,1.505,3.254,0.0,4.242,1.5,0.81
1788442752.073,turning,11.46,3.623,90.0,0,30,66,11.375,5.125,61.5,1.505,3.254,0.0,4.242,1.5,0.81
1788442752.123,turning,11.46,3.623,90.0,0,30,66,11.375,5.125,60.0,1.505,3.254,0.0,4.242,1.5,0.81
1788442752.172,turning,11.46,3.623,90.0,0,30,66,11.375,5.125,58.6,1.505,3.254,0.0,4.242,1.5,0.81
1788442752.224,turning,11.46,3.623,90.0,0,30,66,11.375,5.125,57.3,1.505,3.254,0.0,4.242,1.5,0.81
1788442752.273,turning,11.46,3.623,90.0,0,30,66,11.375,5.125,55.9,1.505,3.254,0.0,4.242,1.5,0.81
1788442752.323,turning,11.46,3.623,95.6,0,30,66,11.375,5.125,49.0,1.505,3.254,0.0,3.949,1.5,0.8
1788442752.374,turning,11.46,3.623,98.6,0,30,66,11.375,5.125,44.8,1.505,3.254,0.0,3.794,1.5,0.8
1788442752.424,turning,11.46,3.623,101.3,0,30,66,11.375,5.125,40.8,1.505,3.254,0.0,3.65,1.5,0.81
1788442752.474,turning,11.46,3.623,106.2,0,30,66,11.375,5.125,34.8,1.505,3.254,0.0,3.397,1.5,0.81
1788442752.525,turning,11.46,3.623,108.5,0,30,66,11.375,5.125,31.3,1.505,3.254,0.0,3.278,1.5,0.81
1788442752.58,turning,11.46,3.623,112.4,0,30,66,11.375,5.125,26.3,1.505,3.254,0.0,3.073,1.5,0.81
1788442752.637,turning,11.46,3.623,114.2,0,30,66,11.375,5.125,23.3,1.505,3.254,0.0,2.977,1.5,0.84
1788442752.695,turning,11.46,3.623,117.4,0,30,66,11.375,5.125,19.0,1.505,3.254,0.0,2.81,1.5,0.84
1788442752.751,turning,11.46,3.623,118.9,0,30,66,11.375,5.125,16.5,1.505,3.254,0.0,2.732,1.5,0.88
1788442752.803,turning,11.46,3.623,121.4,0,30,66,11.375,5.125,12.9,1.505,3.254,0.0,2.598,1.5,0.88
1788442752.856,turning,11.461,3.625,122.4,0,30,66,11.375,5.125,10.9,1.503,3.252,0.0,2.545,1.5,0.88
1788442752.906,turning,11.463,3.63,124.0,0,30,66,11.375,5.125,8.3,1.497,3.247,0.0,2.466,1.5,0.88
1788442752.96,turning,11.466,3.636,124.6,0,30,66,11.375,5.125,6.7,1.492,3.241,0.0,2.431,1.5,0.88
1788442753.01,turning,11.472,3.648,125.7,0,30,66,11.375,5.125,4.7,1.48,3.229,0.0,2.4,1.5,0.88
1788442753.062,turning,11.472,3.653,127.0,1,31,66,11.375,5.175,2.5,1.525,3.224,0.0,2.4,1.5,0.89
1788442753.112,turning,11.468,3.663,129.7,1,31,66,11.375,5.175,-1.1,1.515,3.214,0.0,2.4,1.5,0.89
1788442753.165,turning,11.468,3.663,130.6,1,31,66,11.375,5.175,-2.8,1.514,3.213,0.0,2.4,1.5,0.89
1788442753.216,turning,11.468,3.663,132.2,1,31,66,11.375,5.175,-5.3,1.514,3.213,0.0,2.4,1.5,0.89
1788442753.267,turning,11.468,3.659,133.1,1,31,66,11.375,5.175,-7.0,1.519,3.217,0.0,2.4,1.5,0.89
1788442753.318,turning,11.468,3.655,134.0,1,31,66,11.375,5.175,-8.7,1.523,3.222,0.0,2.4,1.5,0.89
1788442753.374,turning,11.468,3.651,135.7,1,31,66,11.375,5.175,-11.2,1.527,3.226,0.0,2.4,1.5,0.89
1788442753.428,turning,11.468,3.651,136.5,1,31,66,11.375,5.175,-12.8,1.527,3.226,0.0,2.4,1.5,0.89
1788442753.483,turning,11.468,3.648,137.9,0,30,66,11.375,5.125,-14.9,1.48,3.229,0.0,2.4,1.5,0.89
1788442753.537,turning,11.469,3.645,138.4,0,30,66,11.375,5.125,-16.2,1.483,3.231,0.0,2.4,1.5,0.89
1788442753.589,turning,11.469,3.643,139.8,0,30,66,11.375,5.125,-18.3,1.485,3.233,0.0,2.4,1.5,0.89
1788442753.64,turning,11.469,3.643,140.7,0,30,131,9.977,3.7,-17.7,1.494,3.233,0.0,2.4,1.5,0.89
1788442753.694,turning,11.469,3.643,142.3,0,30,131,9.977,3.7,-18.0,1.494,3.233,0.0,2.4,1.5,0.9
1788442753.749,turning,11.469,3.643,143.1,0,30,131,9.977,3.7,-17.5,1.494,3.233,0.0,2.4,1.5,0.9
1788442753.799,turning,11.471,3.637,144.9,0,30,131,9.977,3.7,-18.0,1.495,3.24,0.0,2.4,1.5,0.9
1788442753.85,turning,11.472,3.631,145.8,0,30,131,9.977,3.7,-17.7,1.497,3.245,0.0,2.4,1.5,0.9
1788442753.902,turning,11.473,3.628,147.5,0,30,131,9.977,3.7,-18.2,1.498,3.249,0.0,2.4,1.5,0.9
1788442753.951,turning,11.473,3.628,148.4,0,30,131,9.977,3.7,-17.8,1.498,3.249,0.0,2.4,1.5,0.9
1788442754.001,turning,11.473,3.628,150.0,0,30,131,9.977,3.7,-18.3,1.498,3.249,0.0,2.4,1.5,0.91
1788442754.054,turning,11.473,3.628,150.8,0,30,131,9.977,3.7,-18.0,1.498,3.249,0.0,2.4,1.5,0.91
1788442754.106,turning,11.479,3.617,152.2,0,30,131,9.977,3.7,-18.3,1.504,3.259,0.0,2.4,1.5,0.91
1788442754.166,turning,11.482,3.61,152.8,0,30,131,9.977,3.7,-17.8,1.508,3.267,0.0,2.4,1.5,0.91
1788442754.224,turning,11.484,3.606,153.5,0,30,131,9.977,3.7,-17.5,1.511,3.271,0.0,2.4,1.5,0.91
1788442754.279,turning,11.484,3.606,155.2,0,30,131,9.977,3.7,-18.2,1.511,3.271,0.0,2.4,1.5,0.91
1788442754.279,turning,11.484,3.606,155.2,0,30,131,9.977,3.7,-17.2,1.511,3.271,0.0,2.4,1.5,0.91
1788442754.381,turning,11.484,3.606,157.6,0,30,131,9.977,3.7,-18.7,1.511,3.271,0.0,2.4,1.5,0.91
1788442754.431,turning,11.485,3.603,158.3,0,30,131,9.977,3.7,-18.5,1.511,3.273,0.0,2.4,1.5,0.92
1788442754.481,turning,11.486,3.594,159.7,0,30,131,9.977,3.7,-19.0,1.513,3.283,0.0,2.4,1.5,0.92
1788442754.531,turning,11.486,3.592,160.5,0,30,131,9.977,3.7,-18.9,1.513,3.284,0.0,2.4,1.5,0.93
1788442754.581,turning,11.486,3.592,162.1,0,30,131,9.977,3.7,-19.7,1.513,3.284,0.0,2.4,1.5,0.93
1788442754.631,turning,11.486,3.592,162.9,0,30,131,9.977,3.7,-19.7,1.513,3.284,0.0,2.4,1.5,0.96
1788442754.682,turning,11.486,3.592,164.6,0,30,131,9.975,3.675,-20.5,1.513,3.284,0.0,2.4,1.5,0.96
1788442754.735,driving,11.483,3.591,165.7,0,30,131,9.975,3.675,-20.8,1.511,3.286,0.28,0.0,1.5,0.99
1788442754.786,turning,11.475,3.587,167.5,0,30,131,9.975,3.675,-21.8,1.503,3.289,0.0,-2.4,1.5,0.99
1788442754.838,turning,11.472,3.587,167.6,0,30,131,9.975,3.675,-21.1,1.5,3.289,0.0,-2.4,1.5,1.01
1788442754.891,turning,11.463,3.589,167.6,0,30,131,9.975,3.675,-20.4,1.491,3.288,0.0,-2.4,1.5,1.01
1788442754.945,turning,11.457,3.591,167.6,0,30,131,9.975,3.675,-19.7,1.484,3.287,0.0,-2.4,1.5,1.01
1788442755.0,turning,11.443,3.594,167.6,1,31,131,9.925,3.675,-18.9,1.521,3.284,0.0,-2.4,1.5,1.01
1788442755.057,turning,11.436,3.595,167.6,1,31,131,9.925,3.675,-18.3,1.513,3.283,0.0,-2.4,1.5,1.0
1788442755.057,turning,11.436,3.595,167.6,1,31,131,9.925,3.675,-17.6,1.513,3.283,0.0,-2.4,1.5,1.0
1788442755.157,turning,11.419,3.597,167.2,1,31,131,9.925,3.675,-16.5,1.496,3.281,0.0,-2.4,1.5,1.0
1788442755.207,turning,11.419,3.597,166.9,1,31,131,9.925,3.675,-15.6,1.496,3.281,0.0,-2.4,1.5,1.0
1788442755.26,turning,11.419,3.597,166.0,1,31,131,9.925,3.675,-14.0,1.496,3.281,0.0,-2.4,1.5,0.98
1788442755.312,turning,11.419,3.597,165.5,1,31,131,9.925,3.675,-12.9,1.496,3.281,0.0,-2.4,1.5,0.98
1788442755.366,turning,11.419,3.597,164.7,0,30,125,9.933,3.732,-11.5,1.492,3.281,0.0,-2.4,1.5,0.97
1788442755.366,turning,11.419,3.597,164.7,0,30,125,9.933,3.732,-11.0,1.492,3.281,0.0,-2.4,1.5,0.97
1788442755.464,turning,11.419,3.597,163.5,0,30,125,9.933,3.732,-9.3,1.492,3.281,0.0,-2.4,1.5,0.96
1788442755.514,turning,11.419,3.597,163.1,0,30,125,9.933,3.732,-8.4,1.492,3.281,0.0,-2.4,1.5,0.96
1788442755.565,turning,11.419,3.597,162.5,0,30,125,9.933,3.732,-7.3,1.492,3.281,0.0,-2.4,1.5,0.95
1788442755.616,turning,11.419,3.597,162.2,0,30,125,9.933,3.732,-6.5,1.492,3.281,0.0,-2.4,1.5,0.95
1788442755.672,turning,11.419,3.597,161.6,0,30,125,9.933,3.732,-5.4,1.492,3.281,0.0,-2.4,1.5,0.94
1788442755.727,turning,11.419,3.597,161.3,0,30,125,9.933,3.732,-4.7,1.492,3.281,0.0,-2.4,1.5,0.94
1788442755.783,turning,11.419,3.597,160.8,0,30,125,9.933,3.732,-3.7,1.492,3.281,0.0,-2.4,1.5,0.93
1788442755.841,turning,11.419,3.597,160.5,0,30,125,9.933,3.732,-3.0,1.492,3.281,0.0,-2.4,1.5,0.93
1788442755.897,turning,11.419,3.598,160.1,0,30,125,9.933,3.732,-2.1,1.492,3.281,0.0,-2.4,1.5,0.92
1788442755.949,turning,11.417,3.598,159.8,0,30,125,9.933,3.732,-1.5,1.489,3.281,0.0,-2.4,1.5,0.92
1788442755.999,turning,11.413,3.6,159.6,0,30,125,9.933,3.732,-0.9,1.485,3.279,0.0,-2.4,1.5,0.92
1788442756.05,turning,11.412,3.6,159.1,0,30,125,9.933,3.732,0.1,1.484,3.279,0.0,-2.4,1.5,0.92
1788442756.1,turning,11.412,3.6,158.7,0,30,125,9.933,3.732,0.8,1.484,3.279,0.0,-2.4,1.5,0.91
1788442756.154,turning,11.412,3.6,158.1,0,30,125,9.933,3.732,1.8,1.484,3.279,0.0,-2.4,1.5,0.91
1788442756.204,turning,11.412,3.6,157.8,0,30,125,9.933,3.732,2.5,1.484,3.279,0.0,-2.4,1.5,0.9
1788442756.254,turning,11.412,3.6,157.3,0,30,125,9.933,3.732,3.4,1.484,3.279,0.0,-2.4,1.5,0.9
1788442756.305,turning,11.412,3.6,157.0,0,30,125,9.933,3.732,4.0,1.484,3.279,0.0,-2.4,1.5,0.89
1788442756.358,turning,11.412,3.6,156.5,0,30,125,9.933,3.732,4.9,1.484,3.279,0.0,-2.4,1.5,0.89
1788442756.409,turning,11.412,3.6,156.3,0,30,66,11.375,5.125,3.4,1.525,3.279,0.0,-2.4,1.5,0.89
1788442756.463,turning,11.409,3.601,155.8,0,30,66,11.375,5.125,2.1,1.524,3.278,0.0,-2.4,1.5,0.89
1788442756.519,turning,11.406,3.603,155.6,0,30,66,11.375,5.125,0.7,1.523,3.277,0.0,-2.4,1.5,0.88
1788442756.577,turning,11.405,3.603,152.6,0,30,66,11.375,5.125,2.0,1.522,3.276,0.0,-2.4,1.5,0.88
1788442756.628,driving,11.405,3.603,151.0,0,30,66,11.375,5.125,2.1,1.522,3.276,0.269,0.0,1.5,0.87
1788442756.679,driving,11.405,3.603,147.8,0,30,66,11.375,5.125,3.7,1.522,3.276,0.269,0.0,1.5,0.87
1788442756.73,driving,11.392,3.61,146.1,0,30,66,11.375,5.125,4.0,1.515,3.27,0.269,0.0,1.5,0.87
1788442756.781,driving,11.361,3.625,142.6,0,30,66,11.375,5.125,6.0,1.5,3.257,0.269,0.0,1.5,0.87
1788442756.831,driving,11.36,3.626,141.0,0,30,66,11.375,5.125,6.1,1.499,3.256,0.269,0.0,1.5,0.87
1788442756.883,driving,11.36,3.626,139.4,0,30,66,11.375,5.125,6.3,1.499,3.256,0.269,0.0,1.5,0.87
1788442756.934,driving,11.36,3.626,136.2,0,30,66,11.375,5.125,8.1,1.499,3.256,0.269,0.0,1.5,0.87
1788442756.984,driving,11.36,3.626,134.6,0,30,66,11.375,5.125,8.3,1.499,3.256,0.269,0.0,1.5,0.87
1788442757.038,driving,11.36,3.626,131.4,0,30,66,11.375,5.125,10.2,1.499,3.256,0.269,0.0,1.5,0.87
1788442757.088,driving,11.36,3.626,129.8,0,30,66,11.375,5.125,10.5,1.499,3.256,0.269,0.0,1.5,0.87
1788442757.138,driving,11.376,3.616,126.8,0,30,66,11.375,5.125,12.3,1.509,3.265,0.269,0.0,1.5,0.87
1788442757.188,driving,11.391,3.607,125.3,0,30,66,11.375,5.125,12.6,1.518,3.273,0.269,0.0,1.5,0.87
1788442757.243,driving,11.403,3.6,122.2,0,30,66,11.375,5.125,14.5,1.526,3.28,0.268,0.0,1.5,0.86
1788442757.296,driving,11.403,3.6,120.6,0,30,66,11.375,5.125,15.0,1.526,3.28,0.268,0.0,1.5,0.86
1788442757.353,turning,11.402,3.603,117.8,0,30,66,11.375,5.125,16.7,1.523,3.277,0.0,2.4,1.5,0.86
1788442757.404,turning,11.401,3.605,116.5,0,30,128,9.927,3.704,19.1,1.477,3.275,0.0,2.4,1.5,0.86
1788442757.459,turning,11.4,3.607,113.8,0,30,128,9.927,3.704,22.8,1.476,3.273,0.0,2.4,1.5,0.86
1788442757.509,turning,11.4,3.607,112.5,0,30,128,9.927,3.704,25.0,1.476,3.273,0.0,2.4,1.5,0.86
1788442757.56,turning,11.389,3.609,110.5,1,31,128,9.877,3.706,28.0,1.515,3.271,0.0,2.4,1.5,0.86
1788442757.611,turning,11.381,3.611,109.5,1,31,128,9.877,3.706,29.9,1.507,3.269,0.0,2.4,1.5,0.86
1788442757.664,turning,11.376,3.612,107.5,1,31,128,9.877,3.706,32.8,1.502,3.269,0.0,2.4,1.5,0.85
1788442757.718,turning,11.376,3.612,106.5,1,31,128,9.877,3.706,34.7,1.502,3.269,0.0,2.4,1.5,0.85
1788442757.77,turning,11.375,3.612,105.6,1,31,128,9.877,3.706,36.5,1.501,3.269,0.0,2.4,1.5,0.85
1788442757.823,turning,11.369,3.608,103.6,1,31,128,9.877,3.706,39.4,1.495,3.273,0.0,2.4,1.5,0.85
1788442757.897,turning,11.368,3.607,102.6,1,31,128,9.877,3.706,41.2,1.494,3.274,0.0,2.4,1.5,0.85
1788442757.977,turning,11.368,3.607,100.6,1,31,128,9.877,3.706,43.9,1.494,3.274,0.0,2.4,1.5,0.85
1788442758.041,turning,11.369,3.606,99.4,1,31,128,9.877,3.706,46.0,1.495,3.276,0.0,2.4,1.5,0.85
1788442758.1,turning,11.37,3.601,96.5,1,31,128,9.877,3.706,49.6,1.497,3.281,0.0,2.4,1.5,0.85
1788442758.157,turning,11.37,3.6,95.3,1,31,128,9.877,3.706,51.5,1.497,3.282,0.0,2.4,1.5,0.85
1788442758.207,turning,11.37,3.6,93.4,1,31,128,9.877,3.706,54.2,1.497,3.282,0.0,2.4,1.5,0.85
1788442758.261,turning,11.369,3.6,92.4,1,31,128,9.877,3.706,55.8,1.495,3.282,0.0,2.4,1.5,0.85
1788442758.311,turning,11.364,3.6,91.4,1,31,128,9.877,3.706,57.5,1.491,3.282,0.0,2.4,1.5,0.85
1788442758.363,turning,11.364,3.6,91.4,1,31,128,9.877,3.706,58.2,1.49,3.282,0.0,2.4,1.5,0.84
1788442758.413,turning,11.364,3.6,91.4,1,31,128,9.877,3.706,58.8,1.49,3.282,0.0,2.4,1.5,0.84
1788442758.464,turning,11.363,3.605,91.5,0,30,127,9.877,3.704,59.4,1.489,3.276,0.0,2.4,1.5,0.84
1788442758.514,turning,11.361,3.613,91.7,0,30,127,9.877,3.704,59.8,1.487,3.269,0.0,2.4,1.5,0.84
1788442758.565,turning,11.362,3.605,91.7,0,30,127,9.877,3.704,60.4,1.488,3.277,0.0,2.4,1.5,0.85
1788442758.616,turning,11.362,3.588,91.7,0,30,127,9.877,3.704,61.0,1.489,3.294,0.0,2.4,1.5,0.85
1788442758.669,turning,11.364,3.583,91.4,0,30,127,9.877,3.704,61.9,1.492,3.299,0.0,2.4,1.5,0.87
1788442758.723,turning,11.365,3.577,91.1,0,30,127,9.877,3.704,62.7,1.493,3.304,0.0,2.4,1.5,0.87
1788442758.777,turning,11.366,3.564,90.7,0,30,127,9.877,3.704,63.6,1.496,3.318,0.0,2.4,1.5,0.89
1788442758.832,turning,11.366,3.555,90.7,0,30,127,9.877,3.704,64.1,1.497,3.326,0.0,2.4,1.5,0.89
1788442758.888,turning,11.366,3.538,90.7,0,30,127,9.877,3.704,64.6,1.499,3.343,0.0,2.4,1.5,0.92
1788442758.943,turning,11.367,3.53,90.7,0,30,127,9.877,3.704,65.0,1.5,3.352,0.0,2.4,1.5,0.92
1788442758.996,turning,11.367,3.513,90.7,0,30,127,9.877,3.704,65.4,1.502,3.369,0.0,2.4,1.5,0.94
1788442759.05,turning,11.367,3.504,90.7,0,30,127,9.877,3.704,65.8,1.503,3.377,0.0,2.4,1.5,0.94
1788442759.102,turning,11.367,3.487,90.7,0,30,127,9.877,3.704,66.2,1.506,3.394,0.0,2.4,1.5,0.96
1788442759.152,turning,11.367,3.479,90.7,0,30,127,9.877,3.704,66.5,1.507,3.403,0.0,2.4,1.5,0.96
1788442759.202,turning,11.367,3.462,90.7,0,30,127,9.877,3.704,66.9,1.51,3.42,0.0,2.4,1.5,0.99
1788442759.253,turning,11.367,3.453,90.7,0,30,127,9.877,3.704,67.2,1.511,3.428,0.0,2.4,1.5,0.99
1788442759.305,turning,11.368,3.436,90.7,0,30,127,9.877,3.704,67.5,1.514,3.445,0.0,2.4,1.5,1.01
1788442759.354,turning,11.368,3.428,90.7,0,30,127,9.877,3.704,67.8,1.516,3.454,0.0,2.4,1.5,1.01
1788442759.406,turning,11.358,3.413,91.1,0,30,127,9.877,3.704,67.6,1.509,3.468,0.0,2.4,1.5,1.04
1788442759.465,turning,11.351,3.407,91.4,0,30,128,9.875,3.675,67.6,1.5,3.476,0.0,2.4,1.5,1.04
1788442759.512,turning,11.346,3.391,91.6,0,30,128,9.875,3.675,67.7,1.499,3.492,0.0,2.4,1.5,1.06
1788442759.567,turning,11.347,3.382,91.6,0,30,128,9.875,3.675,67.9,1.5,3.5,0.0,2.4,1.5,1.06
1788442759.619,turning,11.347,3.374,91.6,0,30,128,9.875,3.675,68.1,1.502,3.509,0.0,2.4,1.5,1.09
1788442759.674,turning,11.347,3.357,91.6,0,30,128,9.875,3.675,68.3,1.506,3.526,0.0,2.4,1.5,1.09
1788442759.73,turning,11.348,3.348,91.6,0,30,128,9.875,3.675,68.5,1.508,3.534,0.0,2.4,1.5,1.11
1788442759.781,turning,11.348,3.331,91.6,0,30,128,9.875,3.675,68.7,1.513,3.551,0.0,2.4,1.5,1.11
1788442759.833,turning,11.348,3.323,91.6,0,30,128,9.875,3.675,68.8,1.515,3.559,0.0,2.4,1.5,1.13
1788442759.884,turning,11.349,3.306,91.6,0,30,128,9.875,3.675,69.0,1.519,3.576,0.0,2.4,1.5,1.13
1788442759.936,turning,11.346,3.296,91.6,0,30,128,9.875,3.675,69.1,1.519,3.586,0.0,2.4,1.5,1.16
1788442759.987,turning,11.339,3.277,91.5,0,30,128,9.875,3.675,69.3,1.517,3.605,0.0,2.4,1.5,1.16
1788442760.042,turning,11.338,3.271,91.5,0,30,128,9.875,3.675,69.4,1.517,3.612,0.0,2.4,1.5,1.18
1788442760.093,turning,11.338,3.263,91.5,0,30,128,9.875,3.675,69.5,1.52,3.619,0.0,2.4,1.5,1.18
1788442760.146,turning,11.338,3.262,91.5,0,30,128,9.875,3.675,69.5,1.52,3.62,0.0,2.4,1.5,1.19
1788442760.195,turning,11.338,3.265,91.5,0,30,128,9.875,3.675,69.6,1.519,3.617,0.0,2.4,1.5,1.19
1788442760.247,turning,11.338,3.269,91.5,0,30,128,9.875,3.675,69.7,1.518,3.613,0.0,2.4,1.5,1.19
1788442760.299,turning,11.337,3.282,91.5,0,30,128,9.875,3.675,69.8,1.514,3.601,0.0,2.4,1.5,1.19
1788442760.354,turning,11.337,3.289,91.5,0,30,128,9.875,3.675,69.9,1.512,3.594,0.0,2.4,1.5,1.18
1788442760.407,turning,11.337,3.302,91.5,0,30,128,9.875,3.675,70.0,1.509,3.58,0.0,2.4,1.5,1.18
1788442760.464,turning,11.347,3.304,90.8,0,30,128,9.875,3.675,70.8,1.518,3.578,0.0,2.4,1.5,1.15
1788442760.516,turning,11.356,3.305,90.1,0,30,127,9.925,3.74,71.6,1.495,3.577,0.0,2.4,1.5,1.15
1788442760.568,turning,11.364,3.313,89.3,0,30,127,9.925,3.74,72.4,1.5,3.569,0.0,2.4,1.5,1.13
1788442760.618,turning,11.364,3.32,89.3,0,30,127,9.925,3.74,72.4,1.498,3.562,0.0,2.4,1.5,1.13
1788442760.669,turning,11.364,3.333,89.3,0,30,127,9.925,3.74,72.5,1.495,3.548,0.0,2.4,1.5,1.11
1788442760.72,turning,11.364,3.34,89.3,0,30,127,9.925,3.74,72.6,1.493,3.541,0.0,2.4,1.5,1.11
1788442760.771,turning,11.364,3.354,89.3,0,30,127,9.925,3.74,72.6,1.49,3.528,0.0,2.4,1.5,1.1
1788442760.821,turning,11.364,3.36,89.3,0,30,127,9.925,3.74,72.7,1.488,3.521,0.0,2.4,1.5,1.1
1788442760.873,turning,11.364,3.374,89.3,1,31,127,9.876,3.743,72.8,1.534,3.507,0.0,2.4,1.5,1.08
1788442760.924,turning,11.364,3.381,89.3,1,31,127,9.876,3.743,72.9,1.532,3.501,0.0,2.4,1.5,1.08
1788442760.975,turning,11.365,3.394,89.3,1,31,127,9.876,3.743,73.0,1.529,3.487,0.0,2.4,1.5,1.06
1788442761.03,turning,11.365,3.401,89.3,1,31,127,9.876,3.743,73.1,1.528,3.48,0.0,2.4,1.5,1.06
1788442761.085,turning,11.365,3.415,89.3,1,31,127,9.876,3.743,73.3,1.525,3.467,0.0,2.4,1.5,1.04
1788442761.139,turning,11.365,3.422,89.3,1,31,127,9.876,3.743,73.4,1.524,3.46,0.0,2.4,1.5,1.04
1788442761.195,turning,11.365,3.435,89.3,1,31,127,9.876,3.743,73.5,1.521,3.446,0.0,2.4,1.5,1.02
1788442761.25,turning,11.365,3.442,89.3,1,31,127,9.876,3.743,73.7,1.52,3.439,0.0,2.4,1.5,1.02
1788442761.315,turning,11.369,3.444,89.4,1,31,127,9.876,3.743,73.7,1.523,3.438,0.0,2.4,1.5,1.0
1788442761.367,turning,11.372,3.442,89.5,1,31,127,9.876,3.743,73.8,1.526,3.439,0.0,2.4,1.5,1.0
1788442761.419,turning,11.373,3.444,89.6,1,31,127,9.876,3.743,73.8,1.527,3.437,0.0,2.4,1.5,0.98
1788442761.47,turning,11.373,3.458,89.6,1,31,127,9.876,3.743,74.0,1.525,3.423,0.0,2.4,1.5,0.98
1788442761.52,turning,11.374,3.465,89.6,0,30,126,9.895,3.722,74.1,1.5,3.416,0.0,2.4,1.5,0.96
1788442761.571,turning,11.374,3.478,89.6,0,30,126,9.895,3.722,74.3,1.498,3.403,0.0,2.4,1.5,0.96
1788442761.621,turning,11.374,3.485,89.6,0,30,126,9.895,3.722,74.5,1.497,3.396,0.0,2.4,1.5,0.94
1788442761.672,turning,11.374,3.499,89.6,0,30,126,9.895,3.722,74.7,1.495,3.382,0.0,2.4,1.5,0.94
1788442761.727,turning,11.374,3.506,89.6,0,30,126,9.895,3.722,74.9,1.494,3.375,0.0,2.4,1.5,0.92
1788442761.778,turning,11.374,3.519,89.6,0,30,126,9.895,3.722,75.0,1.492,3.362,0.0,2.4,1.5,0.92
1788442761.833,turning,11.374,3.526,89.6,0,30,126,9.895,3.722,75.2,1.491,3.355,0.0,2.4,1.5,0.91
1788442761.888,turning,11.374,3.54,89.6,0,30,126,9.895,3.722,75.4,1.49,3.342,0.0,2.4,1.5,0.91
1788442761.943,turning,11.372,3.549,90.0,0,30,126,9.895,3.722,75.3,1.486,3.332,0.0,2.4,1.5,0.88
1788442761.999,turning,11.363,3.569,91.0,1,31,126,9.846,3.73,74.5,1.526,3.313,0.0,2.4,1.5,0.88
1788442762.052,turning,11.362,3.576,91.1,1,31,126,9.846,3.73,74.6,1.524,3.306,0.0,2.4,1.5,0.87
1788442762.104,turning,11.362,3.59,91.1,1,31,126,9.846,3.73,74.8,1.522,3.292,0.0,2.4,1.5,0.87
1788442762.156,turning,11.362,3.597,91.1,1,31,126,9.846,3.73,75.0,1.522,3.285,0.0,2.4,1.5,0.85
1788442762.206,turning,11.362,3.61,91.1,1,31,126,9.846,3.73,75.3,1.52,3.272,0.0,2.4,1.5,0.85
1788442762.259,turning,11.362,3.617,91.1,1,31,126,9.846,3.73,75.5,1.52,3.265,0.0,2.4,1.5,0.83
1788442762.309,turning,11.361,3.619,91.1,1,31,126,9.846,3.73,75.7,1.519,3.263,0.0,2.4,1.5,0.83
1788442762.361,turning,11.361,3.619,91.1,1,31,126,9.846,3.73,75.9,1.519,3.263,0.0,2.4,1.5,0.82
1788442762.411,turning,11.361,3.619,91.1,1,31,126,9.846,3.73,76.2,1.519,3.263,0.0,2.4,1.5,0.82
1788442762.462,turning,11.362,3.613,91.1,1,31,126,9.846,3.73,76.4,1.52,3.269,0.0,2.4,1.5,0.82
1788442762.512,turning,11.362,3.605,91.1,1,31,126,9.846,3.73,76.6,1.521,3.277,0.0,2.4,1.5,0.82
1788442762.564,turning,11.358,3.596,90.9,0,30,125,9.884,3.741,76.9,1.481,3.286,0.0,2.4,1.5,0.84
1788442762.616,turning,11.355,3.595,90.8,0,30,125,9.884,3.741,77.2,1.478,3.287,0.0,2.4,1.5,0.84
1788442762.674,turning,11.352,3.585,90.6,0,30,125,9.884,3.741,77.5,1.476,3.298,0.0,2.4,1.5,0.86
1788442762.731,turning,11.352,3.576,90.6,0,30,125,9.884,3.741,77.6,1.477,3.306,0.0,2.4,1.5,0.86
1788442762.785,turning,11.353,3.559,90.6,0,30,125,9.884,3.741,77.7,1.48,3.323,0.0,2.4,1.5,0.88
1788442762.837,turning,11.353,3.551,90.6,0,30,125,9.884,3.741,77.8,1.481,3.332,0.0,2.4,1.5,0.88
1788442762.889,turning,11.353,3.534,90.6,0,30,125,9.884,3.741,77.9,1.483,3.349,0.0,2.4,1.5,0.91
1788442762.941,turning,11.353,3.525,90.6,0,30,125,9.884,3.741,78.0,1.484,3.357,0.0,2.4,1.5,0.91
1788442762.992,turning,11.353,3.508,90.6,0,30,125,9.884,3.741,78.0,1.487,3.374,0.0,2.4,1.5,0.93
1788442763.045,turning,11.353,3.5,90.6,0,30,125,9.884,3.741,78.1,1.489,3.383,0.0,2.4,1.5,0.93
1788442763.095,turning,11.353,3.483,90.6,0,30,125,9.884,3.741,78.1,1.492,3.4,0.0,2.4,1.5,0.95
1788442763.146,turning,11.353,3.474,90.6,0,30,125,9.884,3.741,78.1,1.493,3.408,0.0,2.4,1.5,0.95
1788442763.196,turning,11.354,3.466,90.6,0,30,125,9.884,3.741,78.2,1.495,3.417,0.0,2.4,1.5,0.98
1788442763.246,turning,11.354,3.449,90.6,0,30,125,9.884,3.741,78.2,1.498,3.433,0.0,2.4,1.5,0.98
1788442763.297,turning,11.354,3.44,90.6,0,30,125,9.884,3.741,78.2,1.5,3.442,0.0,2.4,1.5,1.0
1788442763.351,turning,11.354,3.423,90.6,0,30,125,9.884,3.741,78.1,1.504,3.459,0.0,2.4,1.5,1.0
1788442763.404,turning,11.354,3.415,90.6,0,30,125,9.884,3.741,78.1,1.506,3.467,0.0,2.4,1.5,1.03
1788442763.458,turning,11.354,3.398,90.6,0,30,125,9.884,3.741,78.1,1.51,3.484,0.0,2.4,1.5,1.03
1788442763.51,turning,11.355,3.392,90.6,0,30,125,9.884,3.741,78.1,1.512,3.49,0.0,2.4,1.5,1.05
1788442763.564,turning,11.356,3.382,90.3,0,30,71,11.432,4.874,76.4,1.493,3.5,0.0,2.4,1.5,1.05
1788442763.619,turning,11.356,3.375,90.2,0,30,71,11.432,4.874,74.4,1.501,3.507,0.0,2.4,1.5,1.07
1788442763.67,turning,11.356,3.358,90.2,0,30,71,11.432,4.874,72.5,1.518,3.524,0.0,2.4,1.5,1.07
1788442763.723,turning,11.357,3.349,90.2,0,30,71,11.432,4.874,70.7,1.526,3.533,0.0,2.4,1.5,1.1
1788442763.773,turning,11.357,3.332,90.2,0,30,71,11.432,4.874,68.8,1.543,3.55,0.0,2.4,1.5,1.1
1788442763.824,turning,11.357,3.324,90.2,0,30,71,11.432,4.874,67.1,1.552,3.558,0.0,2.4,1.5,1.12
1788442763.876,turning,11.357,3.307,90.2,0,30,71,11.432,4.874,65.3,1.569,3.575,0.0,2.4,1.5,1.12
1788442763.927,turning,11.357,3.298,90.2,0,30,71,11.432,4.874,63.6,1.577,3.584,0.0,2.4,1.5,1.15
1788442763.978,turning,11.357,3.284,90.2,0,30,71,11.432,4.874,62.0,1.591,3.597,0.0,2.4,1.5,1.15
1788442764.029,turning,11.356,3.275,90.5,0,30,71,11.432,4.874,60.1,1.601,3.607,0.0,2.4,1.5,1.17
1788442764.084,turning,11.355,3.267,90.8,0,30,71,11.432,4.874,58.2,1.609,3.615,0.0,2.4,1.5,1.17
1788442764.136,turning,11.354,3.261,91.1,0,30,71,11.432,4.874,56.4,1.615,3.621,0.0,2.4,1.5,1.18
1788442764.191,turning,11.354,3.264,91.1,0,30,71,11.432,4.874,54.9,1.612,3.618,0.0,2.4,1.5,1.18
1788442764.251,turning,11.354,3.274,91.1,0,30,71,11.432,4.874,53.5,1.601,3.608,0.0,2.4,1.5,1.17
1788442764.305,turning,11.354,3.281,91.1,0,30,71,11.432,4.874,52.0,1.595,3.601,0.0,2.4,1.5,1.17
1788442764.359,turning,11.353,3.294,91.1,0,30,71,11.432,4.874,50.7,1.581,3.587,0.0,2.4,1.5,1.15
1788442764.409,turning,11.353,3.301,91.1,0,30,71,11.432,4.874,49.3,1.574,3.581,0.0,2.4,1.5,1.15
1788442764.46,turning,11.353,3.315,91.1,0,30,71,11.432,4.874,48.0,1.561,3.567,0.0,2.4,1.5,1.13
1788442764.511,turning,11.353,3.322,91.1,0,30,71,11.432,4.874,46.7,1.554,3.56,0.0,2.4,1.5,1.13
1788442764.562,turning,11.347,3.35,91.6,0,30,71,11.432,4.874,45.0,1.526,3.533,0.0,2.4,1.5,1.11
1788442764.613,turning,11.343,3.368,92.0,0,30,126,9.876,3.742,45.3,1.514,3.515,0.0,2.4,1.5,1.11
1788442764.663,turning,11.339,3.389,92.2,0,30,126,9.876,3.742,45.8,1.505,3.494,0.0,2.4,1.5,1.09
1788442764.714,turning,11.338,3.396,92.2,0,30,126,9.876,3.742,46.5,1.503,3.487,0.0,2.4,1.5,1.09
1788442764.768,turning,11.338,3.41,92.2,0,30,126,9.876,3.742,47.2,1.499,3.473,0.0,2.4,1.5,1.07
1788442764.818,turning,11.338,3.417,92.2,0,30,126,9.876,3.742,47.9,1.498,3.466,0.0,2.4,1.5,1.07
1788442764.87,turning,11.337,3.43,92.2,0,30,126,9.876,3.742,48.6,1.494,3.453,0.0,2.4,1.5,1.05
1788442764.921,turning,11.337,3.437,92.2,0,30,126,9.876,3.742,49.3,1.493,3.446,0.0,2.4,1.5,1.05
1788442764.979,turning,11.337,3.444,92.2,1,31,126,9.826,3.745,49.9,1.541,3.439,0.0,2.4,1.5,1.03
1788442765.035,turning,11.336,3.457,92.2,1,31,126,9.826,3.745,50.6,1.537,3.426,0.0,2.4,1.5,1.03
1788442765.092,turning,11.336,3.464,92.2,1,31,126,9.826,3.745,51.3,1.536,3.419,0.0,2.4,1.5,1.01
1788442765.142,turning,11.335,3.478,92.2,1,31,126,9.826,3.745,51.9,1.533,3.406,0.0,2.4,1.5,1.01
1788442765.194,turning,11.335,3.479,91.8,1,31,126,9.826,3.745,53.0,1.532,3.404,0.0,2.4,1.5,1.0
1788442765.248,turning,11.33,3.473,90.4,1,31,126,9.826,3.745,55.0,1.529,3.411,0.0,2.4,1.5,1.0
1788442765.298,turning,11.328,3.476,90.2,1,31,126,9.826,3.745,55.8,1.527,3.408,0.0,2.4,1.5,0.97
1788442765.348,turning,11.328,3.489,90.2,1,31,126,9.826,3.745,56.4,1.524,3.395,0.0,2.4,1.5,0.97
1788442765.398,turning,11.328,3.496,90.2,1,31,126,9.826,3.745,57.0,1.523,3.388,0.0,2.4,1.5,0.95
1788442765.448,turning,11.328,3.51,90.2,1,31,126,9.826,3.745,57.6,1.521,3.374,0.0,2.4,1.5,0.95
1788442765.5,turning,11.328,3.517,90.2,1,31,126,9.826,3.745,58.2,1.52,3.367,0.0,2.4,1.5,0.94
1788442765.55,turning,11.328,3.53,90.2,1,31,126,9.826,3.745,58.8,1.518,3.354,0.0,2.4,1.5,0.94
1788442765.601,turning,11.328,3.537,90.2,1,31,126,9.826,3.745,59.3,1.517,3.347,0.0,2.4,1.5,0.92
1788442765.653,turning,11.328,3.551,90.2,0,30,126,9.826,3.754,59.9,1.516,3.334,0.0,2.4,1.5,0.92
1788442765.708,turning,11.328,3.557,90.2,0,30,126,9.826,3.754,60.5,1.515,3.327,0.0,2.4,1.5,0.9
1788442765.765,turning,11.328,3.571,90.2,0,30,126,9.826,3.754,61.0,1.514,3.313,0.0,2.4,1.5,0.9
1788442765.819,turning,11.33,3.581,90.3,0,30,126,9.826,3.754,61.5,1.515,3.303,0.0,2.4,1.5,0.88
1788442765.873,turning,11.333,3.591,90.3,0,30,126,9.826,3.754,62.0,1.516,3.293,0.0,2.4,1.5,0.88
1788442765.924,turning,11.335,3.608,90.4,0,30,126,9.826,3.754,62.4,1.517,3.275,0.0,2.4,1.5,0.86
1788442765.975,turning,11.335,3.615,90.4,0,30,126,9.826,3.754,63.0,1.516,3.269,0.0,2.4,1.5,0.86
1788442766.026,turning,11.335,3.629,90.4,0,30,126,9.826,3.754,63.5,1.515,3.255,0.0,2.4,1.5,0.84
1788442766.078,turning,11.335,3.636,90.4,0,30,126,9.826,3.754,64.0,1.514,3.248,0.0,2.4,1.5,0.84
1788442766.129,turning,11.335,3.636,90.4,0,30,126,9.826,3.754,64.6,1.514,3.248,0.0,2.4,1.5,0.83
1788442766.179,turning,11.335,3.636,90.4,0,30,126,9.826,3.754,65.1,1.514,3.248,0.0,2.4,1.5,0.83
1788442766.231,turning,11.335,3.636,90.4,0,30,126,9.826,3.754,65.6,1.514,3.248,0.0,2.4,1.5,0.83
1788442766.281,turning,11.335,3.636,90.4,0,30,126,9.826,3.754,66.1,1.514,3.248,0.0,2.4,1.5,0.83
1788442766.334,turning,11.335,3.621,90.4,0,30,126,9.826,3.754,66.5,1.515,3.262,0.0,2.4,1.5,0.83
1788442766.384,turning,11.335,3.613,90.4,0,30,126,9.826,3.754,67.0,1.516,3.271,0.0,2.4,1.5,0.83
1788442766.436,turning,11.334,3.589,90.5,0,30,126,9.826,3.754,67.3,1.518,3.295,0.0,2.4,1.5,0.85
1788442766.489,turning,11.333,3.575,90.5,0,30,126,9.826,3.754,67.6,1.519,3.309,0.0,2.4,1.5,0.85
1788442766.545,turning,11.333,3.554,90.6,0,30,126,9.826,3.754,67.9,1.521,3.33,0.0,2.4,1.5,0.87
1788442766.6,turning,11.333,3.546,90.6,0,30,126,9.826,3.754,68.3,1.522,3.338,0.0,2.4,1.5,0.87
1788442766.659,turning,11.333,3.529,90.6,0,30,125,9.837,3.711,68.6,1.508,3.355,0.0,2.4,1.5,0.9
1788442766.709,turning,11.333,3.52,90.6,0,30,125,9.837,3.711,68.9,1.509,3.364,0.0,2.4,1.5,0.9
1788442766.764,turning,11.334,3.512,90.6,0,30,125,9.837,3.711,69.3,1.51,3.372,0.0,2.4,1.5,0.92
1788442766.814,turning,11.334,3.495,90.6,0,30,125,9.837,3.711,69.6,1.513,3.389,0.0,2.4,1.5,0.92
1788442766.866,turning,11.334,3.486,90.6,0,30,125,9.837,3.711,69.8,1.514,3.397,0.0,2.4,1.5,0.95
1788442766.916,turning,11.334,3.469,90.6,0,30,125,9.837,3.711,70.1,1.517,3.414,0.0,2.4,1.5,0.95
1788442766.968,turning,11.334,3.461,90.6,0,30,125,9.837,3.711,70.3,1.518,3.423,0.0,2.4,1.5,0.97
1788442767.018,turning,11.334,3.444,90.6,0,30,125,9.837,3.711,70.6,1.521,3.44,0.0,2.4,1.5,0.97
1788442767.068,turning,11.334,3.435,90.6,0,30,125,9.837,3.711,70.8,1.523,3.448,0.0,2.4,1.5,0.99
1788442767.118,turning,11.334,3.418,90.6,0,30,125,9.837,3.711,71.0,1.526,3.465,0.0,2.4,1.5,0.99
1788442767.169,turning,11.335,3.41,90.6,0,30,125,9.837,3.711,71.1,1.528,3.474,0.0,2.4,1.5,1.02
1788442767.223,turning,11.335,3.393,90.6,0,30,125,9.837,3.711,71.3,1.532,3.491,0.0,2.4,1.5,1.02
1788442767.28,turning,11.334,3.39,90.7,0,30,125,9.837,3.711,71.3,1.531,3.493,0.0,2.4,1.5,1.04
1788442767.336,turning,11.331,3.389,90.9,0,30,125,9.837,3.711,71.2,1.529,3.494,0.0,2.4,1.5,1.04
1788442767.389,turning,11.331,3.382,91.0,0,30,125,9.837,3.711,71.3,1.53,3.501,0.0,2.4,1.5,1.06
1788442767.443,turning,11.331,3.365,91.0,0,30,125,9.837,3.711,71.4,1.534,3.518,0.0,2.4,1.5,1.06
1788442767.495,turning,11.331,3.357,91.0,0,30,125,9.837,3.711,71.6,1.536,3.527,0.0,2.4,1.5,1.09
1788442767.545,turning,11.331,3.34,91.0,0,30,125,9.837,3.711,71.6,1.54,3.544,0.0,2.4,1.5,1.09
1788442767.596,turning,11.332,3.331,91.0,0,30,125,9.837,3.711,71.7,1.543,3.552,0.0,2.4,1.5,1.11
1788442767.646,turning,11.332,3.323,91.0,0,30,125,9.837,3.711,71.8,1.545,3.561,0.0,2.4,1.5,1.11
1788442767.697,turning,11.332,3.308,91.0,0,30,126,9.876,3.742,71.8,1.52,3.575,0.0,2.4,1.5,1.14
1788442767.748,turning,11.332,3.304,91.0,0,30,126,9.876,3.742,71.8,1.521,3.579,0.0,2.4,1.5,1.14
1788442767.799,turning,11.336,3.297,90.7,0,30,126,9.876,3.742,72.1,1.527,3.586,0.0,2.4,1.5,1.15
1788442767.851,turning,11.339,3.295,90.5,0,30,126,9.876,3.742,72.3,1.53,3.588,0.0,2.4,1.5,1.15
1788442767.904,turning,11.342,3.299,90.3,0,30,126,9.876,3.742,72.5,1.532,3.584,0.0,2.4,1.5,1.15
1788442767.956,turning,11.342,3.305,90.3,0,30,126,9.876,3.742,72.5,1.53,3.578,0.0,2.4,1.5,1.15
1788442768.008,turning,11.342,3.318,90.3,0,30,126,9.876,3.742,72.6,1.526,3.564,0.0,2.4,1.5,1.13
1788442768.064,turning,11.342,3.325,90.3,0,30,126,9.876,3.742,72.6,1.524,3.557,0.0,2.4,1.5,1.13
1788442768.122,turning,11.342,3.339,90.3,0,30,126,9.876,3.742,72.6,1.521,3.544,0.0,2.4,1.5,1.11
1788442768.174,turning,11.342,3.346,90.3,0,30,126,9.876,3.742,72.7,1.519,3.537,0.0,2.4,1.5,1.11
1788442768.226,turning,11.342,3.359,90.3,0,30,126,9.876,3.742,72.7,1.515,3.524,0.0,2.4,1.5,1.09
1788442768.278,turning,11.342,3.366,90.3,0,30,126,9.876,3.742,72.8,1.514,3.517,0.0,2.4,1.5,1.09
1788442768.329,turning,11.342,3.38,90.3,0,30,126,9.876,3.742,72.9,1.51,3.503,0.0,2.4,1.5,1.07
1788442768.379,turning,11.342,3.386,90.3,0,30,126,9.876,3.742,73.0,1.508,3.496,0.0,2.4,1.5,1.07
1788442768.429,turning,11.342,3.4,90.3,0,30,126,9.876,3.742,73.1,1.505,3.483,0.0,2.4,1.5,1.05
1788442768.479,turning,11.342,3.407,90.3,0,30,126,9.876,3.742,73.1,1.504,3.476,0.0,2.4,1.5,1.05
1788442768.53,turning,11.341,3.414,90.3,0,30,126,9.876,3.742,73.2,1.502,3.469,0.0,2.4,1.5,1.04
1788442768.58,turning,11.341,3.427,90.3,0,30,126,9.876,3.742,73.4,1.499,3.456,0.0,2.4,1.5,1.04
1788442768.63,turning,11.341,3.434,90.3,0,30,126,9.876,3.742,73.5,1.498,3.449,0.0,2.4,1.5,1.02
1788442768.681,turning,11.341,3.448,90.3,0,30,126,9.876,3.742,73.6,1.495,3.435,0.0,2.4,1.5,1.02
1788442768.733,turning,11.341,3.454,90.3,0,30,127,9.847,3.684,73.8,1.511,3.429,0.0,2.4,1.5,1.0
1788442768.786,turning,11.341,3.468,90.3,0,30,127,9.847,3.684,74.0,1.509,3.415,0.0,2.4,1.5,1.0
1788442768.843,turning,11.341,3.475,90.3,0,30,127,9.847,3.684,74.2,1.508,3.408,0.0,2.4,1.5,0.98
1788442768.897,turning,11.341,3.488,90.3,0,30,127,9.847,3.684,74.4,1.506,3.395,0.0,2.4,1.5,0.98
1788442768.956,turning,11.341,3.495,90.3,0,30,127,9.847,3.684,74.6,1.505,3.388,0.0,2.4,1.5,0.96
1788442769.006,turning,11.341,3.509,90.3,0,30,127,9.847,3.684,74.8,1.504,3.374,0.0,2.4,1.5,0.96
1788442769.059,turning,11.341,3.516,90.3,0,30,127,9.847,3.684,75.0,1.503,3.368,0.0,2.4,1.5,0.94
1788442769.11,turning,11.341,3.529,90.3,0,30,127,9.847,3.684,75.2,1.501,3.354,0.0,2.4,1.5,0.94
1788442769.16,turning,11.341,3.536,90.3,0,30,127,9.847,3.684,75.4,1.501,3.347,0.0,2.4,1.5,0.92
1788442769.211,turning,11.341,3.55,90.3,0,30,127,9.847,3.684,75.6,1.499,3.334,0.0,2.4,1.5,0.92
1788442769.263,turning,11.341,3.556,90.3,0,30,127,9.847,3.684,75.9,1.499,3.327,0.0,2.4,1.5,0.9
1788442769.314,turning,11.341,3.57,90.3,0,30,127,9.847,3.684,76.1,1.498,3.313,0.0,2.4,1.5,0.9
1788442769.364,turning,11.343,3.577,90.4,0,30,127,9.847,3.684,76.2,1.499,3.306,0.0,2.4,1.5,0.88
1788442769.413,turning,11.345,3.585,90.6,0,30,127,9.847,3.684,76.2,1.501,3.298,0.0,2.4,1.5,0.88
1788442769.465,turning,11.347,3.599,90.8,0,30,127,9.847,3.684,76.3,1.502,3.284,0.0,2.4,1.5,0.87
1788442769.515,turning,11.347,3.606,90.8,0,30,127,9.847,3.684,76.5,1.501,3.277,0.0,2.4,1.5,0.87
1788442769.573,turning,11.346,3.619,90.8,0,30,127,9.847,3.684,76.8,1.5,3.264,0.0,2.4,1.5,0.84
1788442769.627,turning,11.346,3.626,90.8,0,30,127,9.847,3.684,77.0,1.5,3.257,0.0,2.4,1.5,0.84
1788442769.682,turning,11.346,3.628,90.8,0,30,127,9.847,3.684,77.3,1.5,3.255,0.0,2.4,1.5,0.83
1788442769.742,turning,11.346,3.628,90.8,0,30,66,11.425,5.125,75.3,1.499,3.255,0.0,2.4,1.5,0.83
1788442769.794,turning,11.346,3.628,90.8,0,30,66,11.425,5.125,73.3,1.499,3.255,0.0,2.4,1.5,0.83
1788442769.844,turning,11.346,3.628,90.8,0,30,66,11.425,5.125,71.4,1.499,3.255,0.0,2.4,1.5,0.83
1788442769.894,turning,11.346,3.628,90.8,0,30,66,11.425,5.125,69.5,1.499,3.255,0.0,2.4,1.5,0.83
1788442769.944,turning,11.346,3.628,90.8,0,30,66,11.425,5.125,67.7,1.499,3.255,0.0,2.4,1.5,0.83
1788442769.994,turning,11.347,3.63,90.6,0,30,66,11.425,5.125,66.2,1.497,3.253,0.0,2.4,1.5,0.83
1788442770.044,turning,11.348,3.631,90.4,0,30,66,11.425,5.125,64.6,1.496,3.252,0.0,2.4,1.5,0.83
1788442770.094,turning,11.349,3.631,90.3,0,30,66,11.425,5.125,63.1,1.495,3.251,0.0,2.4,1.5,0.83
1788442770.144,turning,11.349,3.631,90.3,0,30,66,11.425,5.125,61.4,1.495,3.251,0.0,2.4,1.5,0.83
1788442770.194,turning,11.349,3.631,90.3,0,30,66,11.425,5.125,59.8,1.495,3.251,0.0,2.4,1.5,0.83
1788442770.244,turning,11.349,3.631,90.3,0,30,66,11.425,5.125,58.3,1.495,3.251,0.0,2.4,1.5,0.83
1788442770.297,turning,11.349,3.631,90.3,0,30,66,11.425,5.125,56.8,1.495,3.251,0.0,2.4,1.5,0.83
1788442770.347,turning,11.349,3.631,90.3,0,30,66,11.425,5.125,55.3,1.495,3.251,0.0,2.4,1.5,0.83
1788442770.405,turning,11.349,3.631,90.9,0,30,66,11.425,5.125,53.2,1.495,3.251,0.0,2.4,1.5,0.83
1788442770.462,turning,11.349,3.631,92.6,0,30,66,11.425,5.125,50.2,1.495,3.251,0.0,2.4,1.5,0.83
1788442770.515,turning,11.349,3.631,93.4,0,30,66,11.425,5.125,48.0,1.495,3.251,0.0,2.4,1.5,0.83
1788442770.566,turning,11.349,3.631,95.0,0,30,66,11.425,5.125,45.0,1.495,3.251,0.0,2.4,1.5,0.83
1788442770.616,turning,11.349,3.631,95.8,0,30,66,11.425,5.125,42.9,1.495,3.251,0.0,2.4,1.5,0.83
1788442770.67,turning,11.349,3.631,97.5,0,30,66,11.425,5.125,40.0,1.495,3.251,0.0,2.4,1.5,0.83
1788442770.72,turning,11.349,3.631,98.3,0,30,66,11.425,5.125,37.9,1.495,3.251,0.0,2.4,1.5,0.83
1788442770.771,turning,11.349,3.631,99.9,0,30,124,9.83,3.75,37.2,1.523,3.251,0.0,2.4,1.5,0.83
1788442770.823,turning,11.349,3.631,100.8,0,30,124,9.83,3.75,37.4,1.523,3.251,0.0,2.4,1.5,0.83
1788442770.873,turning,11.349,3.631,102.4,0,30,124,9.83,3.75,36.7,1.523,3.251,0.0,2.4,1.5,0.83
1788442770.924,turning,11.349,3.631,103.2,0,30,124,9.83,3.75,36.7,1.523,3.251,0.0,2.4,1.5,0.83
1788442770.974,turning,11.349,3.631,104.8,0,30,124,9.83,3.75,36.0,1.523,3.251,0.0,2.4,1.5,0.83
1788442771.024,turning,11.349,3.631,105.7,0,30,124,9.83,3.75,36.0,1.523,3.251,0.0,2.4,1.5,0.84
1788442771.075,turning,11.349,3.631,107.3,0,30,124,9.83,3.75,35.2,1.523,3.251,0.0,2.4,1.5,0.84
1788442771.13,turning,11.348,3.631,108.0,0,30,124,9.83,3.75,35.3,1.523,3.252,0.0,2.4,1.5,0.84
1788442771.185,turning,11.347,3.63,108.8,0,30,124,9.83,3.75,35.4,1.522,3.253,0.0,2.4,1.5,0.84
1788442771.241,turning,11.346,3.629,110.3,0,30,124,9.83,3.75,34.6,1.521,3.254,0.0,2.4,1.5,0.84
1788442771.292,turning,11.346,3.629,111.1,0,30,124,9.83,3.75,34.5,1.521,3.254,0.0,2.4,1.5,0.84
1788442771.345,turning,11.346,3.629,112.8,0,30,124,9.83,3.75,33.6,1.521,3.254,0.0,2.4,1.5,0.84
1788442771.395,turning,11.346,3.629,113.6,0,30,124,9.83,3.75,33.5,1.521,3.254,0.0,2.4,1.5,0.84
1788442771.447,turning,11.343,3.628,115.4,0,30,124,9.83,3.75,32.4,1.518,3.255,0.0,2.4,1.5,0.84
1788442771.497,turning,11.34,3.627,116.4,0,30,124,9.83,3.75,32.1,1.514,3.257,0.0,2.4,1.5,0.84
1788442771.55,turning,11.337,3.626,118.2,0,30,124,9.83,3.75,31.0,1.512,3.258,0.0,2.4,1.5,0.84
1788442771.6,turning,11.337,3.626,119.0,0,30,124,9.83,3.75,30.8,1.512,3.258,0.0,2.4,1.5,0.84
1788442771.651,turning,11.337,3.626,120.6,0,30,124,9.83,3.75,29.8,1.512,3.258,0.0,2.4,1.5,0.84
1788442771.701,turning,11.337,3.626,121.4,0,30,124,9.83,3.75,29.6,1.512,3.258,0.0,2.4,1.5,0.84
1788442771.753,turning,11.336,3.628,123.3,0,30,124,9.83,3.75,28.4,1.51,3.256,0.0,2.4,1.5,0.84
1788442771.803,turning,11.335,3.63,124.2,0,30,66,11.425,5.125,25.8,1.498,3.254,0.0,2.4,1.5,0.84
1788442771.858,turning,11.334,3.631,125.9,0,30,66,11.425,5.125,22.5,1.497,3.253,0.0,2.4,1.5,0.84
1788442771.913,turning,11.334,3.631,126.8,0,30,66,11.425,5.125,20.2,1.497,3.253,0.0,2.4,1.5,0.84
1788442771.97,turning,11.334,3.631,128.4,0,30,66,11.425,5.125,17.1,1.497,3.253,0.0,2.4,1.5,0.85
1788442772.024,driving,11.334,3.631,129.2,0,30,66,11.425,5.125,14.8,1.497,3.253,0.267,0.0,1.5,0.85
1788442772.08,driving,11.334,3.629,130.1,0,30,66,11.425,5.125,12.5,1.498,3.255,0.267,0.0,1.5,0.85
1788442772.131,driving,11.33,3.627,130.5,0,30,66,11.425,5.125,10.7,1.501,3.258,0.267,0.0,1.5,0.85
1788442772.181,driving,11.327,3.628,130.6,0,30,66,11.425,5.125,9.2,1.5,3.256,0.267,0.0,1.5,0.85
1788442772.231,driving,11.319,3.639,130.6,0,30,66,11.425,5.125,7.9,1.49,3.246,0.267,0.0,1.5,0.85
1788442772.282,driving,11.313,3.646,130.6,0,30,66,11.425,5.125,6.6,1.484,3.24,0.265,0.0,1.5,0.82
1788442772.332,driving,11.301,3.659,130.6,1,31,66,11.425,5.175,5.3,1.521,3.227,0.265,0.0,1.5,0.82
1788442772.383,driving,11.293,3.669,130.6,1,31,66,11.425,5.175,4.0,1.512,3.219,0.262,0.0,1.5,0.8
1788442772.433,driving,11.277,3.69,130.8,1,31,66,11.425,5.175,2.6,1.492,3.199,0.262,0.0,1.5,0.8
1788442772.483,driving,11.27,3.698,130.9,1,31,66,11.425,5.175,1.3,1.485,3.191,0.26,0.0,1.5,0.77
1788442772.533,driving,11.258,3.712,130.9,1,31,66,11.425,5.175,0.1,1.473,3.179,0.26,0.0,1.5,0.77
1788442772.583,driving,11.253,3.718,130.9,2,32,66,11.425,5.225,-1.0,1.517,3.173,0.258,0.0,1.5,0.75
1788442772.634,driving,11.241,3.732,130.9,2,32,66,11.425,5.225,-2.2,1.505,3.161,0.258,0.0,1.5,0.75
1788442772.689,driving,11.235,3.738,130.9,2,32,66,11.425,5.225,-3.3,1.499,3.155,0.255,0.0,1.5,0.73
1788442772.748,driving,11.224,3.751,130.9,2,32,66,11.425,5.225,-4.4,1.487,3.143,0.255,0.0,1.5,0.73
1788442772.806,driving,11.218,3.758,130.9,0,30,123,9.726,3.734,-3.1,1.493,3.137,0.253,0.0,1.5,0.7
1788442772.857,driving,11.211,3.767,129.8,0,30,123,9.726,3.734,-0.7,1.486,3.13,0.253,0.0,1.5,0.7
1788442772.909,driving,11.211,3.767,128.2,0,30,123,9.726,3.734,2.2,1.486,3.13,0.251,0.0,1.5,0.68
1788442772.959,driving,11.211,3.767,126.6,0,30,123,9.726,3.734,5.0,1.486,3.13,0.251,0.0,1.5,0.68
1788442773.01,driving,11.211,3.767,123.4,0,30,123,9.726,3.734,9.4,1.486,3.13,0.251,0.0,1.5,0.68
1788442773.062,driving,11.211,3.767,121.8,0,30,123,9.726,3.734,12.2,1.486,3.13,0.251,0.0,1.5,0.68
1788442773.114,turning,11.211,3.767,118.6,0,30,123,9.726,3.734,16.6,1.486,3.13,0.0,2.4,1.5,0.68
1788442773.164,turning,11.211,3.767,117.0,0,30,123,9.726,3.734,19.3,1.486,3.13,0.0,2.4,1.5,0.68
1788442773.215,turning,11.212,3.764,113.8,0,30,123,9.726,3.734,23.6,1.487,3.133,0.0,2.4,1.5,0.67
1788442773.266,turning,11.213,3.761,112.2,0,30,123,9.726,3.734,26.3,1.487,3.135,0.0,2.4,1.5,0.67
1788442773.316,turning,11.214,3.758,109.0,0,30,123,9.726,3.734,30.6,1.488,3.138,0.0,2.4,1.5,0.67
1788442773.367,turning,11.214,3.758,107.4,0,30,123,9.726,3.734,33.2,1.488,3.138,0.0,2.4,1.5,0.67
1788442773.419,turning,11.213,3.76,104.2,0,30,123,9.726,3.734,37.4,1.488,3.136,0.0,2.4,1.5,0.67
1788442773.474,turning,11.213,3.761,102.6,0,30,123,9.726,3.734,39.9,1.488,3.135,0.0,2.4,1.5,0.67
1788442773.53,turning,11.213,3.761,99.4,0,30,123,9.726,3.734,44.1,1.488,3.135,0.0,2.4,1.5,0.67
1788442773.584,turning,11.213,3.761,97.8,0,30,123,9.726,3.734,46.6,1.488,3.135,0.0,2.4,1.5,0.67
1788442773.639,turning,11.215,3.758,95.0,0,30,123,9.726,3.734,50.3,1.49,3.138,0.0,2.4,1.5,0.66
1788442773.69,turning,11.217,3.755,93.6,0,30,123,9.726,3.734,52.6,1.491,3.141,0.0,2.4,1.5,0.66
1788442773.743,turning,11.217,3.753,90.7,0,30,123,9.726,3.734,56.4,1.492,3.142,0.0,2.4,1.5,0.66
1788442773.793,turning,11.217,3.753,89.2,0,30,123,9.726,3.734,58.7,1.492,3.142,0.0,2.411,1.5,0.66
1788442773.846,turning,11.217,3.756,87.7,0,30,123,9.726,3.734,61.0,1.492,3.14,0.0,2.489,1.5,0.66
1788442773.896,turning,11.218,3.767,84.8,0,30,123,9.726,3.734,64.7,1.493,3.129,0.0,2.638,1.5,0.66
1788442773.946,turning,11.218,3.769,83.5,0,30,123,9.726,3.734,66.8,1.493,3.126,0.0,2.709,1.5,0.66
1788442773.996,turning,11.218,3.769,81.1,0,30,123,9.726,3.734,69.9,1.493,3.126,0.0,2.832,1.5,0.66
1788442774.048,turning,11.219,3.766,80.0,0,30,123,9.726,3.734,71.8,1.493,3.129,0.0,2.89,1.5,0.65
1788442774.099,turning,11.221,3.755,78.0,0,30,123,9.726,3.734,74.5,1.496,3.14,0.0,2.993,1.5,0.65
1788442774.152,turning,11.222,3.753,77.1,0,30,123,9.726,3.734,76.2,1.496,3.142,0.0,3.045,1.5,0.65
1788442774.205,turning,11.222,3.753,75.2,0,30,123,9.726,3.734,78.7,1.496,3.142,0.0,3.141,1.5,0.65
1788442774.261,turning,11.223,3.753,74.3,0,30,123,9.726,3.734,80.2,1.497,3.142,0.0,3.187,1.5,0.65
1788442774.313,turning,11.227,3.753,72.7,0,30,123,9.726,3.734,82.5,1.501,3.141,0.0,3.272,1.5,0.65
1788442774.371,turning,11.227,3.753,71.9,0,30,123,9.726,3.734,83.9,1.502,3.141,0.0,3.313,1.5,0.65
1788442774.424,turning,11.227,3.753,70.5,0,30,123,9.726,3.734,86.0,1.502,3.141,0.0,3.388,1.5,0.65
1788442774.474,turning,11.226,3.751,70.0,0,30,123,9.726,3.734,87.1,1.5,3.144,0.0,3.416,1.5,0.64
1788442774.524,turning,11.222,3.745,69.1,0,30,123,9.726,3.734,88.5,1.497,3.15,0.0,3.462,1.5,0.64
1788442774.576,turning,11.222,3.744,68.5,0,30,123,9.726,3.734,89.7,1.496,3.151,0.0,3.492,1.5,0.64
1788442774.626,turning,11.222,3.744,67.4,0,30,123,9.726,3.734,91.4,1.496,3.151,0.0,3.553,1.5,0.64
1788442774.676,turning,11.222,3.745,67.0,0,30,123,9.726,3.734,92.3,1.496,3.15,0.0,3.573,1.5,0.64
1788442774.726,turning,11.221,3.745,66.6,0,30,123,9.726,3.734,93.2,1.496,3.15,0.0,3.592,1.5,0.64
1788442774.779,turning,11.221,3.745,65.8,0,30,123,9.726,3.734,94.5,1.495,3.15,0.0,3.634,1.5,0.64
1788442774.829,turning,11.221,3.745,65.3,0,30,123,9.726,3.734,95.5,1.495,3.15,0.0,3.659,1.5,0.64
1788442774.881,turning,11.221,3.745,64.4,0,30,122,9.726,3.766,96.8,1.495,3.15,0.0,3.706,1.5,0.64
1788442774.934,turning,11.221,3.745,64.0,0,30,122,9.726,3.766,97.7,1.495,3.15,0.0,3.729,1.5,0.64
1788442774.989,turning,11.22,3.745,63.5,0,30,122,9.726,3.766,98.6,1.495,3.15,0.0,3.753,1.5,0.67
1788442775.047,turning,11.22,3.746,63.4,0,30,122,9.726,3.766,99.1,1.494,3.15,0.0,3.758,1.5,0.67
1788442775.111,turning,11.219,3.745,63.0,0,30,122,9.726,3.766,100.0,1.494,3.15,0.0,3.783,1.5,0.73
1788442775.166,turning,11.219,3.745,62.6,0,30,122,9.726,3.766,100.8,1.494,3.15,0.0,3.802,1.5,0.73
1788442775.218,turning,11.219,3.745,61.9,0,30,122,9.726,3.766,101.8,1.494,3.15,0.0,3.837,1.5,0.79
1788442775.269,turning,11.219,3.745,61.6,0,30,122,9.726,3.766,102.5,1.494,3.15,0.0,3.854,1.5,0.79
1788442775.32,turning,11.219,3.745,61.0,0,30,122,9.726,3.766,103.5,1.494,3.15,0.0,3.886,1.5,0.84
1788442775.371,turning,11.219,3.745,60.7,0,30,122,9.726,3.766,104.2,1.494,3.15,0.0,3.901,1.5,0.84
1788442775.422,turning,11.219,3.738,59.8,0,30,122,9.726,3.766,105.4,1.494,3.157,0.0,3.948,1.5,0.83
1788442775.473,turning,11.218,3.733,59.3,0,30,122,9.726,3.766,106.3,1.493,3.162,0.0,3.976,1.5,0.83
1788442775.525,turning,11.219,3.732,58.7,0,30,122,9.726,3.766,107.2,1.494,3.164,0.0,4.008,1.5,0.84
1788442775.574,turning,11.221,3.735,58.5,0,30,122,9.726,3.766,107.7,1.496,3.16,0.0,4.018,1.5,0.84
1788442775.626,turning,11.224,3.739,58.3,0,30,122,9.726,3.766,108.2,1.499,3.155,0.0,4.028,1.5,0.83
1788442775.677,turning,11.231,3.751,57.9,0,30,122,9.726,3.766,108.9,1.506,3.143,0.0,4.045,1.5,0.83
1788442775.733,turning,11.235,3.757,57.8,0,30,122,9.726,3.766,109.4,1.509,3.137,0.0,4.054,1.5,0.81
1788442775.789,turning,11.242,3.768,57.5,0,30,122,9.726,3.766,110.0,1.516,3.125,0.0,4.069,1.5,0.81
1788442775.844,turning,11.246,3.774,57.3,0,30,122,9.726,3.766,110.4,1.52,3.119,0.0,4.077,1.5,0.79
1788442775.904,turning,11.253,3.785,57.1,0,30,123,9.726,3.713,111.1,1.529,3.107,0.0,4.09,1.5,0.79
1788442775.961,turning,11.257,3.791,57.0,0,30,123,9.726,3.713,111.6,1.533,3.101,0.0,4.097,1.5,0.77
1788442776.011,turning,11.264,3.802,56.7,0,30,123,9.726,3.713,112.1,1.541,3.088,0.0,4.109,1.5,0.77
1788442776.062,turning,11.268,3.808,56.6,0,30,123,9.726,3.713,112.6,1.545,3.082,0.0,4.114,1.5,0.75
1788442776.113,turning,11.275,3.819,56.4,0,30,123,9.726,3.713,113.2,1.553,3.07,0.0,4.125,1.5,0.75
1788442776.165,turning,11.279,3.826,56.2,0,30,123,9.726,3.713,113.8,1.558,3.063,0.0,4.137,1.5,0.73
1788442776.217,turning,11.286,3.841,55.7,0,30,123,9.726,3.713,114.7,1.566,3.048,0.0,4.165,1.5,0.73
1788442776.27,turning,11.29,3.847,55.6,0,30,123,9.726,3.713,115.1,1.57,3.042,0.0,4.17,1.5,0.71
1788442776.322,turning,11.298,3.858,55.4,0,30,123,9.726,3.713,115.6,1.579,3.03,0.0,4.177,1.5,0.71
1788442776.375,turning,11.302,3.863,55.4,0,30,123,9.726,3.713,116.0,1.583,3.024,0.0,4.18,1.5,0.69
1788442776.426,turning,11.31,3.875,55.3,0,30,123,9.726,3.713,116.5,1.592,3.012,0.0,4.185,1.5,0.69
1788442776.478,turning,11.313,3.88,55.2,0,30,123,9.726,3.713,116.9,1.597,3.006,0.0,4.188,1.5,0.67
1788442776.529,turning,11.317,3.886,55.2,0,30,123,9.726,3.713,117.3,1.601,3.0,0.0,4.19,1.5,0.67
1788442776.588,turning,11.325,3.897,55.1,0,30,123,9.726,3.713,117.7,1.61,2.988,0.0,4.195,1.5,0.65
1788442776.646,turning,11.329,3.903,55.1,0,30,123,9.726,3.713,118.1,1.615,2.983,0.0,4.197,1.5,0.65
1788442776.702,turning,11.329,3.903,58.0,0,30,123,9.726,3.713,115.5,1.615,2.982,0.0,4.045,1.5,0.63
1788442776.756,turning,11.329,3.903,59.5,0,30,123,9.726,3.713,114.3,1.615,2.982,0.0,3.965,1.5,0.63
1788442776.807,turning,11.327,3.902,62.5,0,30,123,9.726,3.713,111.6,1.612,2.983,0.0,3.806,1.5,0.63
1788442776.857,turning,11.324,3.901,64.0,0,30,123,9.726,3.713,110.4,1.61,2.984,0.0,3.726,1.5,0.63
1788442776.909,turning,11.322,3.901,66.7,0,11,126,10.825,3.625,109.9,0.569,2.985,0.0,3.588,0.6,0.64
1788442776.958,turning,11.322,3.901,67.9,0,11,126,10.825,3.625,110.6,0.569,2.985,0.0,3.526,0.6,0.64
1788442777.009,turning,11.322,3.901,69.8,0,11,126,10.825,3.625,110.5,0.569,2.985,0.0,3.424,0.6,0.64
1788442777.061,turning,11.322,3.901,70.7,0,11,126,10.825,3.625,111.3,0.569,2.985,0.0,3.375,0.6,0.64
1788442777.112,turning,11.322,3.901,72.6,0,11,126,10.825,3.625,111.1,0.569,2.985,0.0,3.277,0.6,0.64
1788442777.162,turning,11.322,3.901,73.5,0,11,126,10.825,3.625,111.7,0.569,2.985,0.0,3.228,0.6,0.64
1788442777.213,turning,11.322,3.901,75.4,0,11,126,10.825,3.625,111.3,0.569,2.985,0.0,3.13,0.6,0.63
1788442777.263,turning,11.322,3.901,76.4,0,11,126,10.825,3.625,111.7,0.569,2.985,0.0,3.081,0.6,0.63
1788442777.317,turning,11.319,3.898,78.1,1,12,126,10.775,3.625,111.1,0.608,2.988,0.0,2.992,0.6,0.56
1788442777.372,turning,11.316,3.896,78.9,1,12,126,10.775,3.625,111.4,0.605,2.99,0.0,2.95,0.6,0.56
1788442777.427,turning,11.314,3.895,79.7,1,12,126,10.775,3.625,111.5,0.603,2.991,0.0,2.904,0.6,0.51
1788442777.481,turning,11.314,3.895,81.6,1,12,126,10.775,3.625,110.5,0.603,2.991,0.0,2.806,0.6,0.51
1788442777.534,turning,11.315,3.9,82.5,1,12,126,10.775,3.625,110.5,0.606,2.987,0.0,2.759,0.6,0.51
1788442777.584,turning,11.317,3.917,84.2,0,11,126,10.825,3.625,109.9,0.572,2.97,0.0,2.669,0.6,0.51
1788442777.634,turning,11.317,3.92,85.1,0,11,126,10.825,3.625,110.0,0.574,2.966,0.0,2.622,0.6,0.51
1788442777.684,turning,11.317,3.914,86.3,0,11,126,10.825,3.625,109.7,0.57,2.972,0.0,2.559,0.6,0.51
1788442777.736,turning,11.316,3.906,86.3,0,11,126,10.825,3.625,110.6,0.566,2.981,0.0,2.559,0.6,0.51
1788442777.789,turning,11.315,3.889,86.3,1,12,126,10.775,3.625,111.1,0.601,2.998,0.0,2.559,0.6,0.51
1788442777.839,turning,11.313,3.879,85.9,1,12,126,10.775,3.625,112.0,0.595,3.007,0.0,2.58,0.6,0.53
1788442777.889,turning,11.304,3.858,84.8,1,12,126,10.775,3.625,113.5,0.578,3.029,0.0,2.639,0.6,0.53
1788442777.942,turning,11.302,3.849,84.7,0,11,126,10.775,3.625,113.9,0.573,3.038,0.0,2.646,0.6,0.55
1788442777.993,turning,11.3,3.832,84.7,1,30,126,9.826,3.651,113.6,1.486,3.055,0.0,2.646,1.5,0.55
1788442778.044,turning,11.3,3.824,84.7,1,30,126,9.826,3.651,113.3,1.484,3.064,0.0,2.646,1.5,0.58
1788442778.097,turning,11.298,3.807,84.7,1,30,126,9.826,3.651,113.0,1.481,3.081,0.0,2.646,1.5,0.58
1788442778.154,turning,11.299,3.81,84.8,1,30,126,9.826,3.651,112.6,1.482,3.078,0.0,2.638,1.5,0.6
1788442778.207,turning,11.302,3.818,85.2,1,30,126,9.826,3.651,112.0,1.485,3.069,0.0,2.619,1.5,0.6
1788442778.263,turning,11.301,3.81,85.2,1,30,126,9.826,3.651,111.7,1.484,3.077,0.0,2.618,1.5,0.62
1788442778.313,turning,11.3,3.802,85.2,1,30,126,9.826,3.651,111.4,1.482,3.086,0.0,2.618,1.5,0.62
1788442778.364,turning,11.299,3.785,85.2,1,30,126,9.826,3.651,111.1,1.479,3.103,0.0,2.618,1.5,0.64
1788442778.414,turning,11.298,3.776,85.2,1,30,126,9.826,3.651,110.8,1.478,3.111,0.0,2.618,1.5,0.64
1788442778.467,turning,11.297,3.759,85.2,1,30,126,9.826,3.651,110.5,1.475,3.128,0.0,2.618,1.5,0.67
1788442778.517,turning,11.296,3.751,85.2,2,32,126,9.726,3.657,110.2,1.573,3.137,0.0,2.618,1.5,0.67
1788442778.57,turning,11.295,3.734,85.2,2,32,126,9.726,3.657,109.9,1.571,3.154,0.0,2.618,1.5,0.69
1788442778.62,turning,11.294,3.725,85.2,2,32,126,9.726,3.657,109.6,1.57,3.162,0.0,2.618,1.5,0.69
1788442778.672,turning,11.293,3.718,85.2,2,32,126,9.726,3.657,109.3,1.568,3.169,0.0,2.616,1.5,0.71
1788442778.723,turning,11.293,3.719,85.3,2,32,126,9.726,3.657,108.9,1.568,3.169,0.0,2.615,1.5,0.71
1788442778.776,turning,11.292,3.708,85.3,2,32,126,9.726,3.657,108.6,1.567,3.179,0.0,2.613,1.5,0.74
1788442778.829,turning,11.291,3.7,85.3,2,32,126,9.726,3.657,108.3,1.566,3.188,0.0,2.613,1.5,0.74
1788442778.884,turning,11.289,3.683,85.3,2,32,126,9.726,3.657,108.0,1.564,3.205,0.0,2.613,1.5,0.76
1788442778.945,turning,11.289,3.674,85.3,0,30,126,9.776,3.634,107.7,1.514,3.213,0.0,2.613,1.5,0.76
1788442778.946,turning,11.289,3.674,85.3,0,30,126,9.776,3.634,107.4,1.514,3.213,0.0,2.613,1.5,0.76
1788442779.052,turning,11.287,3.649,85.3,0,30,126,9.776,3.634,107.1,1.511,3.239,0.0,2.613,1.5,0.78
1788442779.104,turning,11.285,3.632,85.3,0,30,126,9.776,3.634,106.8,1.51,3.256,0.0,2.613,1.5,0.81
1788442779.154,turning,11.285,3.623,85.3,0,30,126,9.776,3.634,106.5,1.509,3.264,0.0,2.613,1.5,0.81
1788442779.205,turning,11.277,3.615,85.4,0,30,126,9.776,3.634,106.0,1.502,3.273,0.0,2.606,1.5,0.83
1788442779.257,turning,11.246,3.6,86.0,1,31,126,9.726,3.633,105.1,1.521,3.291,0.0,2.575,1.5,0.83
1788442779.308,turning,11.238,3.592,86.2,1,31,126,9.726,3.633,104.7,1.513,3.3,0.0,2.567,1.5,0.85
1788442779.359,turning,11.238,3.581,86.2,1,31,126,9.726,3.633,104.4,1.513,3.311,0.0,2.567,1.5,0.85
1788442779.409,turning,11.237,3.579,86.2,1,31,126,9.726,3.633,104.1,1.513,3.314,0.0,2.567,1.5,0.87
1788442779.46,turning,11.237,3.578,86.2,1,31,126,9.726,3.633,103.7,1.513,3.314,0.0,2.567,1.5,0.87
1788442779.511,turning,11.237,3.58,86.2,1,31,126,9.726,3.633,103.5,1.513,3.312,0.0,2.567,1.5,0.87
1788442779.562,turning,11.238,3.59,86.2,1,31,126,9.726,3.633,103.2,1.513,3.302,0.0,2.567,1.5,0.87
1788442779.614,turning,11.239,3.597,86.2,1,31,126,9.726,3.633,102.9,1.513,3.295,0.0,2.567,1.5,0.86
1788442779.673,turning,11.239,3.611,86.2,1,31,126,9.726,3.633,102.7,1.514,3.282,0.0,2.567,1.5,0.86
1788442779.729,turning,11.242,3.623,85.9,1,31,126,9.726,3.633,102.7,1.516,3.269,0.0,2.579,1.5,0.84
1788442779.786,turning,11.247,3.648,85.0,1,31,126,9.726,3.633,103.4,1.521,3.244,0.0,2.626,1.5,0.84
1788442779.84,turning,11.247,3.649,84.8,1,31,126,9.726,3.633,103.5,1.521,3.243,0.0,2.641,1.5,0.82
1788442779.89,turning,11.247,3.649,83.9,1,31,126,9.726,3.633,104.1,1.521,3.243,0.0,2.686,1.5,0.82
1788442779.942,turning,11.247,3.649,83.4,1,31,126,9.726,3.633,104.4,1.521,3.243,0.0,2.711,1.5,0.82
1788442779.993,turning,11.247,3.649,82.6,0,30,122,9.731,3.761,105.0,1.52,3.243,0.0,2.756,1.5,0.82
1788442780.043,turning,11.247,3.649,82.1,0,30,122,9.731,3.761,105.1,1.52,3.243,0.0,2.778,1.5,0.82
1788442780.094,turning,11.247,3.649,81.7,0,30,122,9.731,3.761,105.2,1.52,3.243,0.0,2.799,1.5,0.82
1788442780.146,turning,11.247,3.649,81.0,0,30,122,9.731,3.761,105.7,1.52,3.243,0.0,2.838,1.5,0.82
1788442780.197,turning,11.247,3.649,80.7,0,30,122,9.731,3.761,105.8,1.52,3.243,0.0,2.856,1.5,0.82
1788442780.249,turning,11.247,3.649,80.0,0,30,122,9.731,3.761,106.2,1.52,3.243,0.0,2.89,1.5,0.82
1788442780.301,turning,11.247,3.649,79.7,0,30,122,9.731,3.761,106.2,1.52,3.243,0.0,2.906,1.5,0.82
1788442780.354,turning,11.247,3.649,79.1,0,30,122,9.731,3.761,106.5,1.52,3.243,0.0,2.936,1.5,0.82
1788442780.407,turning,11.247,3.649,78.9,0,30,122,9.731,3.761,106.6,1.52,3.243,0.0,2.95,1.5,0.82
1788442780.465,turning,11.247,3.649,78.4,0,30,122,9.731,3.761,106.8,1.52,3.243,0.0,2.977,1.5,0.82
1788442780.518,turning,11.247,3.649,78.1,0,30,122,9.731,3.761,106.8,1.52,3.243,0.0,2.99,1.5,0.82
1788442780.576,turning,11.247,3.652,77.7,0,30,122,9.731,3.761,107.1,1.52,3.24,0.0,3.013,1.5,0.82
1788442780.626,turning,11.248,3.655,77.5,0,30,122,9.731,3.761,107.1,1.521,3.236,0.0,3.024,1.5,0.82
1788442780.677,turning,11.248,3.656,77.0,0,30,122,9.731,3.761,107.3,1.521,3.235,0.0,3.049,1.5,0.81
1788442780.728,turning,11.248,3.656,76.7,0,30,122,9.731,3.761,107.4,1.521,3.235,0.0,3.063,1.5,0.81
1788442780.784,turning,11.25,3.66,75.9,0,30,122,9.731,3.761,108.0,1.522,3.231,0.0,3.107,1.5,0.81
1788442780.836,turning,11.251,3.663,75.4,0,30,122,9.731,3.761,108.3,1.523,3.228,0.0,3.132,1.5,0.81
1788442780.887,turning,11.251,3.665,74.7,0,30,122,9.731,3.761,108.8,1.523,3.226,0.0,3.168,1.5,0.81
1788442780.939,turning,11.251,3.665,74.4,0,30,122,9.731,3.761,108.9,1.523,3.226,0.0,3.183,1.5,0.81
1788442780.996,turning,11.251,3.665,73.9,0,30,122,9.778,3.763,109.3,1.477,3.226,0.0,3.212,1.5,0.81
1788442780.997,turning,11.251,3.665,73.9,0,30,122,9.778,3.763,109.2,1.477,3.226,0.0,3.212,1.5,0.81
1788442781.097,turning,11.251,3.665,73.3,0,30,122,9.778,3.763,109.5,1.477,3.226,0.0,3.24,1.5,0.81
1788442781.151,turning,11.251,3.665,72.8,0,30,122,9.778,3.763,109.8,1.477,3.226,0.0,3.265,1.5,0.81
1788442781.204,turning,11.251,3.665,72.6,0,30,122,9.778,3.763,109.9,1.477,3.226,0.0,3.277,1.5,0.81
1788442781.261,turning,11.252,3.668,72.2,0,30,122,9.778,3.763,110.2,1.478,3.224,0.0,3.3,1.5,0.81
1788442781.314,turning,11.253,3.671,72.0,0,30,122,9.778,3.763,110.2,1.478,3.22,0.0,3.31,1.5,0.8
1788442781.366,turning,11.255,3.678,71.5,0,30,122,9.778,3.763,110.6,1.48,3.213,0.0,3.335,1.5,0.8
1788442781.418,turning,11.255,3.678,71.2,0,30,122,9.778,3.763,110.7,1.48,3.213,0.0,3.349,1.5,0.8
1788442781.468,turning,11.255,3.678,70.6,0,30,122,9.778,3.763,111.2,1.48,3.213,0.0,3.382,1.5,0.8
1788442781.519,turning,11.255,3.678,70.3,0,30,122,9.778,3.763,111.4,1.48,3.213,0.0,3.399,1.5,0.79
1788442781.568,turning,11.255,3.678,69.7,0,30,122,9.778,3.763,111.9,1.48,3.213,0.0,3.43,1.5,0.79
1788442781.619,turning,11.257,3.676,69.0,0,30,122,9.778,3.763,112.4,1.482,3.215,0.0,3.465,1.5,0.79
1788442781.668,turning,11.26,3.672,67.6,0,30,122,9.778,3.763,113.7,1.485,3.219,0.0,3.539,1.5,0.79
1788442781.72,turning,11.261,3.673,67.4,0,30,122,9.778,3.763,113.8,1.486,3.217,0.0,3.553,1.5,0.79
1788442781.773,turning,11.265,3.682,67.1,0,30,122,9.778,3.763,114.0,1.489,3.208,0.0,3.564,1.5,0.79
1788442781.823,turning,11.267,3.688,67.0,0,30,122,9.778,3.763,114.0,1.491,3.202,0.0,3.569,1.5,0.78
1788442781.875,turning,11.27,3.694,66.9,0,30,122,9.778,3.763,114.0,1.494,3.195,0.0,3.578,1.5,0.78
1788442781.929,turning,11.27,3.696,66.2,0,30,122,9.778,3.763,114.6,1.494,3.194,0.0,3.612,1.5,0.77
1788442781.985,turning,11.27,3.696,65.8,0,30,122,9.778,3.763,114.9,1.494,3.194,0.0,3.633,1.5,0.77
1788442782.049,turning,11.27,3.696,65.0,0,30,124,9.778,3.763,115.6,1.494,3.194,0.0,3.673,1.5,0.77
1788442782.107,turning,11.27,3.696,64.7,0,30,124,9.778,3.763,115.9,1.494,3.194,0.0,3.693,1.5,0.77
1788442782.159,turning,11.27,3.696,64.0,0,30,124,9.778,3.763,116.5,1.494,3.194,0.0,3.729,1.5,0.77
1788442782.209,turning,11.27,3.696,63.7,0,30,124,9.778,3.763,116.8,1.494,3.194,0.0,3.746,1.5,0.77
1788442782.263,turning,11.27,3.696,63.0,0,30,124,9.778,3.763,117.3,1.494,3.194,0.0,3.778,1.5,0.78
1788442782.313,turning,11.27,3.696,62.7,0,30,124,9.778,3.763,117.5,1.494,3.194,0.0,3.794,1.5,0.78
1788442782.364,turning,11.27,3.696,62.2,0,30,124,9.778,3.763,118.0,1.494,3.194,0.0,3.822,1.5,0.82
1788442782.414,turning,11.27,3.696,62.0,0,30,124,9.778,3.763,118.2,1.494,3.194,0.0,3.835,1.5,0.82
1788442782.465,turning,11.271,3.696,61.8,0,30,124,9.778,3.763,118.3,1.495,3.193,0.0,3.843,1.5,0.86
1788442782.515,turning,11.271,3.697,61.8,0,30,124,9.778,3.763,118.2,1.495,3.192,0.0,3.842,1.5,0.86
1788442782.566,turning,11.271,3.697,61.5,0,30,124,9.778,3.763,118.4,1.495,3.192,0.0,3.858,1.5,0.87
1788442782.616,turning,11.271,3.697,61.3,0,30,124,9.778,3.763,118.6,1.495,3.192,0.0,3.871,1.5,0.87
1788442782.668,turning,11.271,3.697,60.8,0,30,124,9.778,3.763,119.0,1.495,3.192,0.0,3.896,1.5,0.88
1788442782.719,turning,11.271,3.697,60.6,0,30,124,9.778,3.763,119.2,1.495,3.192,0.0,3.908,1.5,0.88
1788442782.779,turning,11.271,3.698,60.3,0,30,124,9.778,3.763,119.4,1.495,3.192,0.0,3.92,1.5,0.88
1788442782.834,turning,11.274,3.703,59.9,0,30,124,9.778,3.763,119.7,1.498,3.186,0.0,3.941,1.5,0.88
1788442782.889,turning,11.277,3.708,59.7,0,30,124,9.778,3.763,119.9,1.501,3.181,0.0,3.952,1.5,0.87
1788442782.94,turning,11.284,3.719,59.3,0,30,124,9.778,3.763,120.3,1.507,3.169,0.0,3.975,1.5,0.87
1788442782.991,turning,11.288,3.725,59.1,0,30,124,9.778,3.763,120.5,1.51,3.163,0.0,3.986,1.5,0.85
1788442783.044,turning,11.295,3.737,58.7,0,30,124,9.776,3.764,120.9,1.519,3.151,0.0,4.007,1.5,0.85
1788442783.095,turning,11.298,3.743,58.5,0,30,124,9.776,3.764,121.0,1.523,3.144,0.0,4.017,1.5,0.83
1788442783.147,turning,11.305,3.754,58.1,0,30,124,9.776,3.764,121.4,1.53,3.132,0.0,4.035,1.5,0.83
1788442783.201,turning,11.321,3.756,58.9,0,30,124,9.776,3.764,120.7,1.545,3.129,0.0,3.998,1.5,0.81
1788442783.251,turning,11.344,3.749,62.4,0,30,124,9.776,3.764,117.1,1.568,3.134,0.0,3.811,1.5,0.81
1788442783.302,turning,11.345,3.747,64.2,0,30,124,9.776,3.764,115.3,1.569,3.136,0.0,3.717,1.5,0.79
1788442783.355,turning,11.345,3.747,66.9,0,30,124,9.776,3.764,112.7,1.569,3.136,0.0,3.578,1.5,0.79
1788442783.406,turning,11.345,3.747,68.0,0,30,124,9.776,3.764,111.5,1.569,3.136,0.0,3.517,1.5,0.79
1788442783.46,turning,11.345,3.747,69.9,0,30,124,9.776,3.764,109.6,1.569,3.136,0.0,3.417,1.5,0.79
1788442783.514,turning,11.345,3.747,70.9,0,30,124,9.776,3.764,108.6,1.569,3.136,0.0,3.368,1.5,0.8
1788442783.569,turning,11.345,3.747,72.8,0,30,124,9.776,3.764,106.8,1.569,3.136,0.0,3.27,1.5,0.8
1788442783.625,turning,11.345,3.747,73.7,0,30,124,9.776,3.764,105.8,1.569,3.136,0.0,3.221,1.5,0.72
1788442783.678,turning,11.345,3.747,74.6,0,30,124,9.776,3.764,104.9,1.569,3.136,0.0,3.172,1.5,0.72
1788442783.729,turning,11.345,3.747,76.5,0,30,124,9.776,3.764,103.0,1.569,3.136,0.0,3.074,1.5,0.7
1788442783.781,turning,11.345,3.747,77.4,0,30,124,9.776,3.764,102.1,1.569,3.136,0.0,3.025,1.5,0.7
1788442783.831,turning,11.345,3.747,79.3,0,30,124,9.776,3.764,100.2,1.569,3.136,0.0,2.927,1.5,0.7
1788442783.882,turning,11.345,3.747,80.2,0,30,124,9.776,3.764,99.3,1.569,3.136,0.0,2.878,1.5,0.7
1788442783.933,turning,11.334,3.756,81.3,0,30,124,9.776,3.764,98.2,1.559,3.128,0.0,2.824,1.5,0.7
1788442783.983,turning,11.323,3.764,81.5,0,30,124,9.776,3.764,98.1,1.548,3.121,0.0,2.814,1.5,0.7
1788442784.035,turning,11.313,3.77,82.7,0,30,124,9.776,3.764,96.8,1.537,3.116,0.0,2.749,1.5,0.7
1788442784.087,turning,11.313,3.77,83.6,0,30,123,9.826,3.703,96.0,1.488,3.116,0.0,2.7,1.5,0.7
1788442784.139,turning,11.313,3.77,85.5,0,30,123,9.826,3.703,94.2,1.488,3.116,0.0,2.602,1.5,0.7
1788442784.189,turning,11.313,3.77,86.5,0,30,123,9.826,3.703,93.3,1.488,3.116,0.0,2.553,1.5,0.7
1788442784.243,turning,11.312,3.77,88.3,0,30,123,9.826,3.703,91.5,1.487,3.116,0.0,2.457,1.5,0.7
1788442784.297,turning,11.311,3.771,89.2,0,30,123,9.826,3.703,90.7,1.487,3.116,0.0,2.41,1.5,0.7
1788442784.351,turning,11.31,3.771,89.2,0,30,123,9.826,3.703,90.7,1.486,3.115,0.0,2.407,1.5,0.7
1788442784.402,turning,11.31,3.771,89.2,0,30,123,9.826,3.703,90.8,1.486,3.115,0.0,2.407,1.5,0.7
1788442784.455,turning,11.31,3.771,89.2,0,30,123,9.826,3.703,90.9,1.486,3.115,0.0,2.407,1.5,0.7
1788442784.505,turning,11.31,3.771,89.2,0,30,123,9.826,3.703,90.9,1.486,3.115,0.0,2.407,1.5,0.7
1788442784.556,turning,11.312,3.765,89.5,0,30,123,9.826,3.703,90.7,1.487,3.121,0.0,2.4,1.5,0.7
1788442784.606,turning,11.314,3.745,90.7,0,30,123,9.826,3.703,89.5,1.489,3.141,0.0,2.4,1.5,0.7
1788442784.656,turning,11.315,3.736,91.0,0,30,123,9.826,3.703,89.3,1.489,3.15,0.0,2.4,1.5,0.72
1788442784.707,turning,11.315,3.719,91.0,0,30,123,9.826,3.703,89.3,1.489,3.167,0.0,2.4,1.5,0.72
1788442784.76,turning,11.315,3.71,91.0,0,30,123,9.826,3.703,89.3,1.489,3.176,0.0,2.4,1.5,0.75
1788442784.809,turning,11.315,3.693,91.0,1,31,123,9.776,3.706,89.3,1.54,3.192,0.0,2.4,1.5,0.75
1788442784.86,turning,11.316,3.685,91.0,1,31,123,9.776,3.706,89.2,1.54,3.201,0.0,2.4,1.5,0.77
1788442784.91,turning,11.316,3.668,91.0,1,31,123,9.776,3.706,89.2,1.54,3.218,0.0,2.4,1.5,0.77
1788442784.962,turning,11.316,3.659,91.0,1,31,123,9.776,3.706,89.2,1.541,3.226,0.0,2.4,1.5,0.79
1788442785.012,turning,11.316,3.642,91.0,1,31,123,9.776,3.706,89.1,1.542,3.243,0.0,2.4,1.5,0.79
1788442785.072,turning,11.316,3.634,91.0,1,31,123,9.776,3.706,89.0,1.542,3.252,0.0,2.4,1.5,0.82
1788442785.127,turning,11.317,3.617,91.0,0,30,124,9.827,3.708,88.9,1.492,3.269,0.0,2.4,1.5,0.82
1788442785.182,turning,11.317,3.608,91.0,0,30,124,9.827,3.708,88.8,1.493,3.277,0.0,2.4,1.5,0.84
1788442785.235,turning,11.317,3.591,91.0,0,30,124,9.827,3.708,88.7,1.494,3.294,0.0,2.4,1.5,0.84
1788442785.286,turning,11.317,3.583,91.0,0,30,124,9.827,3.708,88.6,1.495,3.302,0.0,2.4,1.5,0.87
1788442785.336,turning,11.318,3.566,91.0,0,30,124,9.827,3.708,88.5,1.497,3.319,0.0,2.4,1.5,0.87
1788442785.387,turning,11.312,3.549,91.1,0,30,124,9.827,3.708,88.3,1.493,3.337,0.0,2.4,1.5,0.89
1788442785.438,turning,11.305,3.531,91.2,0,30,124,9.827,3.708,88.0,1.488,3.355,0.0,2.4,1.5,0.89
1788442785.489,turning,11.299,3.505,91.3,0,30,124,9.827,3.708,87.8,1.485,3.381,0.0,2.4,1.5,0.91
1788442785.539,turning,11.299,3.496,91.3,0,30,124,9.827,3.708,87.6,1.487,3.39,0.0,2.4,1.5,0.91
1788442785.589,turning,11.299,3.479,91.3,0,30,124,9.827,3.708,87.4,1.49,3.407,0.0,2.4,1.5,0.94
1788442785.639,turning,11.299,3.471,91.3,0,30,124,9.827,3.708,87.2,1.491,3.415,0.0,2.4,1.5,0.94
1788442785.69,turning,11.3,3.454,91.3,0,30,124,9.827,3.708,87.0,1.494,3.432,0.0,2.4,1.5,0.96
1788442785.74,turning,11.3,3.448,91.3,0,30,124,9.827,3.708,86.8,1.495,3.438,0.0,2.4,1.5,0.96
1788442785.796,turning,11.3,3.44,91.3,0,30,124,9.827,3.708,86.6,1.497,3.446,0.0,2.4,1.5,0.98
1788442785.853,turning,11.3,3.439,91.3,0,30,124,9.827,3.708,86.4,1.497,3.447,0.0,2.4,1.5,0.98
1788442785.91,turning,11.299,3.452,90.0,0,30,124,9.827,3.708,87.4,1.494,3.434,0.0,2.4,1.5,0.98
1788442785.964,turning,11.295,3.464,89.1,0,30,124,9.827,3.708,88.2,1.488,3.423,0.0,2.417,1.5,0.98
1788442786.017,turning,11.291,3.481,88.3,1,31,124,9.777,3.711,88.8,1.531,3.406,0.0,2.453,1.5,0.98
1788442786.068,turning,11.291,3.488,88.3,1,31,124,9.777,3.711,88.7,1.53,3.399,0.0,2.453,1.5,0.98
1788442786.12,turning,11.291,3.502,88.3,0,30,122,9.798,3.736,88.5,1.512,3.385,0.0,2.453,1.5,0.96
1788442786.17,turning,11.291,3.508,88.3,0,30,122,9.798,3.736,88.4,1.511,3.378,0.0,2.453,1.5,0.96
1788442786.22,turning,11.292,3.522,88.3,0,30,122,9.798,3.736,88.3,1.509,3.365,0.0,2.453,1.5,0.93
1788442786.271,turning,11.292,3.529,88.3,0,30,122,9.798,3.736,88.1,1.508,3.358,0.0,2.453,1.5,0.93
1788442786.321,turning,11.292,3.536,88.3,0,30,122,9.798,3.736,88.0,1.508,3.351,0.0,2.453,1.5,0.92
1788442786.372,turning,11.293,3.549,88.3,0,30,122,9.798,3.736,88.0,1.506,3.338,0.0,2.453,1.5,0.92
1788442786.423,turning,11.293,3.556,88.3,0,30,122,9.798,3.736,87.9,1.506,3.331,0.0,2.453,1.5,0.9
1788442786.473,turning,11.293,3.57,88.3,0,30,122,9.798,3.736,87.8,1.505,3.317,0.0,2.453,1.5,0.9
1788442786.524,turning,11.293,3.576,88.3,0,30,122,9.798,3.736,87.8,1.504,3.311,0.0,2.453,1.5,0.88
1788442786.577,turning,11.294,3.59,88.3,0,30,122,9.798,3.736,87.7,1.503,3.297,0.0,2.453,1.5,0.88
1788442786.632,turning,11.294,3.597,88.3,0,30,122,9.798,3.736,87.7,1.503,3.29,0.0,2.453,1.5,0.86
1788442786.687,turning,11.294,3.61,88.3,0,30,122,9.798,3.736,87.7,1.502,3.277,0.0,2.453,1.5,0.86
1788442786.746,turning,11.295,3.617,88.3,0,30,122,9.798,3.736,87.7,1.501,3.27,0.0,2.453,1.5,0.84
1788442786.799,turning,11.295,3.631,88.3,0,30,122,9.798,3.736,87.7,1.501,3.256,0.0,2.453,1.5,0.84
1788442786.851,turning,11.295,3.638,88.3,0,30,122,9.798,3.736,87.7,1.501,3.249,0.0,2.453,1.5,0.82
1788442786.901,turning,11.296,3.651,88.2,0,30,122,9.798,3.736,87.8,1.5,3.236,0.0,2.46,1.5,0.82
1788442786.952,turning,11.296,3.658,88.1,0,30,122,9.798,3.736,88.0,1.5,3.229,0.0,2.467,1.5,0.8
1788442787.002,turning,11.296,3.659,87.3,0,30,122,9.798,3.736,88.7,1.5,3.228,0.0,2.506,1.5,0.8
1788442787.054,turning,11.296,3.659,86.9,0,30,122,9.798,3.736,89.2,1.5,3.228,0.0,2.531,1.5,0.79
1788442787.103,turning,11.296,3.659,86.0,0,30,122,9.798,3.736,90.1,1.5,3.228,0.0,2.577,1.5,0.79
1788442787.159,turning,11.296,3.659,85.6,0,30,125,9.776,3.714,90.6,1.521,3.228,0.0,2.599,1.5,0.79
1788442787.208,turning,11.296,3.659,85.2,0,30,125,9.776,3.714,91.0,1.521,3.228,0.0,2.62,1.5,0.79
1788442787.259,turning,11.296,3.659,84.4,0,30,125,9.776,3.714,91.8,1.521,3.228,0.0,2.659,1.5,0.79
1788442787.311,turning,11.296,3.659,84.1,0,30,125,9.776,3.714,92.2,1.521,3.228,0.0,2.678,1.5,0.79
1788442787.367,turning,11.293,3.661,83.4,0,30,125,9.776,3.714,92.9,1.518,3.227,0.0,2.711,1.5,0.79
1788442787.419,turning,11.29,3.663,83.1,0,30,125,9.776,3.714,93.2,1.515,3.225,0.0,2.727,1.5,0.79
1788442787.479,turning,11.288,3.665,82.4,0,30,125,9.776,3.714,94.0,1.513,3.223,0.0,2.764,1.5,0.79
1788442787.53,turning,11.288,3.665,82.0,0,30,125,9.776,3.714,94.4,1.513,3.223,0.0,2.785,1.5,0.79
1788442787.584,turning,11.288,3.665,81.2,0,30,125,9.776,3.714,95.3,1.513,3.223,0.0,2.828,1.5,0.79
1788442787.634,turning,11.288,3.665,80.8,0,30,125,9.776,3.714,95.7,1.513,3.223,0.0,2.849,1.5,0.79
1788442787.686,turning,11.288,3.665,80.1,0,30,125,9.776,3.714,96.5,1.513,3.223,0.0,2.888,1.5,0.79
1788442787.736,turning,11.288,3.665,79.7,0,30,125,9.776,3.714,96.9,1.513,3.223,0.0,2.907,1.5,0.79
1788442787.789,turning,11.288,3.665,79.0,0,30,125,9.776,3.714,97.6,1.513,3.223,0.0,2.941,1.5,0.79
1788442787.841,turning,11.288,3.665,78.7,0,30,125,9.776,3.714,98.0,1.513,3.223,0.0,2.957,1.5,0.79
1788442787.893,turning,11.288,3.665,78.7,0,30,125,9.776,3.714,98.1,1.513,3.223,0.0,2.96,1.5,0.79
1788442787.945,turning,11.288,3.665,78.7,0,30,125,9.776,3.714,98.1,1.513,3.223,0.0,2.96,1.5,0.79
1788442787.996,turning,11.285,3.672,78.6,0,30,125,9.776,3.714,98.2,1.51,3.216,0.0,2.962,1.5,0.79
1788442788.046,turning,11.283,3.677,78.6,0,30,125,9.776,3.714,98.2,1.508,3.212,0.0,2.964,1.5,0.79
1788442788.097,turning,11.282,3.679,78.6,0,30,125,9.776,3.714,98.3,1.507,3.209,0.0,2.965,1.5,0.79
1788442788.157,turning,11.282,3.679,78.6,0,30,65,11.425,5.175,96.0,1.502,3.209,0.0,2.965,1.5,0.79
1788442788.212,turning,11.282,3.679,78.6,0,30,65,11.425,5.175,93.8,1.502,3.209,0.0,2.965,1.5,0.79
1788442788.268,turning,11.282,3.679,78.6,0,30,65,11.425,5.175,91.6,1.502,3.209,0.0,2.965,1.5,0.79
1788442788.319,turning,11.282,3.679,78.6,0,30,65,11.425,5.175,89.5,1.502,3.209,0.0,2.965,1.5,0.79
1788442788.368,turning,11.282,3.679,78.6,0,30,65,11.425,5.175,87.5,1.502,3.209,0.0,2.965,1.5,0.79
1788442788.419,turning,11.282,3.679,78.6,0,30,65,11.425,5.175,85.4,1.502,3.209,0.0,2.965,1.5,0.79
1788442788.469,turning,11.282,3.679,81.1,0,30,65,11.425,5.175,81.0,1.502,3.209,0.0,2.835,1.5,0.79
1788442788.521,turning,11.282,3.679,82.5,0,30,65,11.425,5.175,77.6,1.502,3.209,0.0,2.758,1.5,0.79
1788442788.572,turning,11.282,3.679,85.1,0,30,65,11.425,5.175,73.1,1.502,3.209,0.0,2.621,1.5,0.79
1788442788.622,turning,11.282,3.679,86.4,0,30,65,11.425,5.175,70.1,1.502,3.209,0.0,2.556,1.5,0.79
1788442788.674,turning,11.282,3.679,88.5,0,30,65,11.425,5.175,66.2,1.502,3.209,0.0,2.446,1.5,0.79
1788442788.725,turning,11.282,3.679,89.5,0,30,65,11.425,5.175,63.5,1.502,3.209,0.0,2.4,1.5,0.79
1788442788.778,turning,11.282,3.679,91.2,0,30,65,11.425,5.175,60.0,1.502,3.209,0.0,2.4,1.5,0.79
1788442788.831,turning,11.282,3.679,92.0,0,30,65,11.425,5.175,57.6,1.502,3.209,0.0,2.4,1.5,0.79
1788442788.884,turning,11.282,3.679,93.7,0,30,65,11.425,5.175,54.3,1.502,3.209,0.0,2.4,1.5,0.79
1788442788.941,turning,11.282,3.679,94.5,0,30,65,11.425,5.175,51.9,1.502,3.209,0.0,2.4,1.5,0.79
1788442788.992,turning,11.282,3.679,95.3,0,30,65,11.425,5.175,49.6,1.502,3.209,0.0,2.4,1.5,0.79
1788442789.051,turning,11.282,3.679,96.9,0,30,65,11.425,5.175,46.5,1.502,3.209,0.0,2.4,1.5,0.8
1788442789.102,turning,11.282,3.679,97.8,0,30,65,11.425,5.175,44.2,1.502,3.209,0.0,2.4,1.5,0.8
1788442789.154,turning,11.282,3.682,99.6,0,30,65,11.425,5.175,41.0,1.5,3.207,0.0,2.4,1.5,0.8
1788442789.205,turning,11.282,3.684,100.5,0,30,65,11.425,5.175,38.6,1.498,3.205,0.0,2.4,1.5,0.8
1788442789.255,turning,11.282,3.685,102.3,0,30,65,11.425,5.175,35.5,1.497,3.203,0.0,2.4,1.5,0.8
1788442789.305,turning,11.282,3.685,103.1,0,30,65,11.425,5.175,33.4,1.497,3.203,0.0,2.4,1.5,0.8
1788442789.358,turning,11.282,3.685,104.8,0,30,65,11.425,5.175,30.5,1.497,3.203,0.0,2.4,1.5,0.8
1788442789.408,turning,11.282,3.685,105.6,0,30,65,11.425,5.175,28.4,1.497,3.203,0.0,2.4,1.5,0.8
1788442789.458,turning,11.285,3.647,107.7,0,30,65,11.425,5.175,25.0,1.534,3.241,0.0,2.4,1.5,0.8
1788442789.508,turning,11.288,3.617,109.0,0,30,65,11.425,5.175,22.6,1.564,3.271,0.0,2.4,1.5,0.8
1788442789.559,turning,11.289,3.595,110.9,0,30,65,11.425,5.175,19.5,1.586,3.293,0.0,2.4,1.5,0.8
1788442789.608,turning,11.289,3.595,111.8,0,30,65,11.425,5.175,17.5,1.586,3.293,0.0,2.4,1.5,0.8
1788442789.662,turning,11.289,3.595,113.4,0,30,65,11.425,5.175,14.8,1.586,3.293,0.0,2.4,1.5,0.8
1788442789.719,turning,11.289,3.595,114.2,0,30,65,11.425,5.175,12.9,1.586,3.293,0.0,2.4,1.5,0.8
1788442789.779,turning,11.282,3.631,115.0,0,30,65,11.425,5.175,11.1,1.551,3.257,0.0,2.4,1.5,0.81
1788442789.833,turning,11.276,3.656,115.2,0,30,65,11.425,5.175,9.8,1.526,3.232,0.0,2.4,1.5,0.81
1788442789.885,turning,11.273,3.67,115.8,0,30,65,11.425,5.175,8.3,1.513,3.22,0.0,2.4,1.5,0.81
1788442789.935,turning,11.273,3.67,117.4,0,30,65,11.425,5.175,5.7,1.513,3.22,0.0,2.4,1.5,0.81
1788442789.986,turning,11.273,3.67,118.2,0,30,65,11.425,5.175,3.9,1.513,3.22,0.0,2.4,1.5,0.81
1788442790.037,turning,11.273,3.67,119.8,0,30,65,11.425,5.175,1.3,1.513,3.22,0.0,2.4,1.5,0.81
1788442790.088,turning,11.277,3.655,120.9,0,30,65,11.425,5.175,-0.6,1.527,3.234,0.0,2.4,1.5,0.81
1788442790.14,turning,11.289,3.605,123.4,0,30,65,11.425,5.175,-4.0,1.576,3.282,0.0,2.4,1.5,0.81
1788442790.19,turning,11.291,3.596,124.3,0,30,65,11.425,5.175,-5.8,1.584,3.291,0.0,2.4,1.5,0.81
1788442790.241,turning,11.291,3.596,126.0,1,31,67,11.425,5.125,-8.2,1.535,3.291,0.0,2.4,1.5,0.81
1788442790.292,turning,11.291,3.596,126.8,1,31,67,11.425,5.125,-9.9,1.535,3.291,0.0,2.4,1.5,0.81
1788442790.343,turning,11.291,3.596,128.4,1,31,67,11.425,5.125,-12.3,1.535,3.291,0.0,2.4,1.5,0.81
1788442790.395,turning,11.293,3.596,129.2,1,31,67,11.425,5.125,-13.9,1.535,3.291,0.0,2.4,1.5,0.81
1788442790.448,driving,11.299,3.595,130.8,1,31,67,11.425,5.125,-16.2,1.536,3.292,0.264,0.0,1.5,0.81
1788442790.503,turning,11.3,3.594,131.6,1,31,67,11.425,5.125,-17.7,1.536,3.292,0.0,-2.4,1.5,0.81
1788442790.558,turning,11.299,3.595,131.2,1,31,67,11.425,5.125,-18.0,1.535,3.292,0.0,-2.4,1.5,0.81
1788442790.61,turning,11.299,3.595,130.3,1,31,67,11.425,5.125,-17.8,1.535,3.292,0.0,-2.4,1.5,0.81
1788442790.661,turning,11.299,3.595,128.6,1,31,67,11.425,5.125,-16.8,1.535,3.292,0.0,-2.4,1.5,0.81
1788442790.711,turning,11.292,3.61,126.9,1,31,67,11.425,5.125,-15.7,1.521,3.277,0.0,-2.4,1.5,0.81
1788442790.764,turning,11.281,3.625,125.0,1,31,67,11.425,5.125,-14.5,1.507,3.263,0.0,-2.4,1.5,0.81
1788442790.815,turning,11.267,3.64,122.4,1,31,67,11.425,5.125,-12.5,1.494,3.25,0.0,-2.4,1.5,0.81
1788442790.867,turning,11.267,3.64,121.5,1,31,67,11.425,5.125,-12.3,1.494,3.25,0.0,-2.4,1.5,0.81
1788442790.917,driving,11.267,3.64,119.3,1,31,67,11.425,5.125,-10.7,1.494,3.25,0.263,0.0,1.5,0.81
1788442790.967,driving,11.267,3.64,117.7,1,31,67,11.425,5.125,-9.7,1.494,3.25,0.263,0.0,1.5,0.81
1788442791.017,driving,11.267,3.64,114.6,1,31,67,11.425,5.125,-7.2,1.494,3.25,0.263,0.0,1.5,0.81
1788442791.068,driving,11.267,3.64,113.1,1,31,67,11.425,5.125,-6.3,1.494,3.25,0.263,0.0,1.5,0.81
1788442791.118,driving,11.267,3.64,110.3,1,31,67,11.425,5.125,-4.1,1.494,3.25,0.263,0.0,1.5,0.81
1788442791.17,driving,11.267,3.64,109.0,1,31,67,11.425,5.125,-3.3,1.494,3.25,0.263,0.0,1.5,0.81
1788442791.225,driving,11.267,3.64,106.5,1,31,67,11.425,5.125,-1.4,1.494,3.25,0.263,0.0,1.5,0.8
1788442791.279,driving,11.267,3.64,105.4,0,30,122,9.778,3.713,1.6,1.492,3.25,0.263,0.0,1.5,0.8
1788442791.338,driving,11.267,3.64,103.2,0,30,122,9.778,3.713,5.4,1.492,3.25,0.263,0.0,1.5,0.8
1788442791.389,driving,11.267,3.64,102.2,0,30,122,9.778,3.713,8.2,1.492,3.25,0.263,0.0,1.5,0.8
1788442791.444,driving,11.269,3.64,100.7,0,30,122,9.778,3.713,11.3,1.493,3.25,0.263,0.0,1.5,0.8
1788442791.495,driving,11.27,3.639,100.0,0,30,122,9.778,3.713,13.6,1.495,3.25,0.263,0.0,1.5,0.8
1788442791.547,turning,11.271,3.639,98.5,0,30,122,9.778,3.713,16.7,1.495,3.25,0.0,2.4,1.5,0.8
1788442791.599,turning,11.271,3.639,97.7,0,30,122,9.778,3.713,19.0,1.495,3.25,0.0,2.4,1.5,0.8
1788442791.65,turning,11.271,3.638,97.1,0,30,122,9.778,3.713,21.1,1.496,3.251,0.0,2.4,1.5,0.8
1788442791.7,turning,11.273,3.635,96.3,0,30,122,9.778,3.713,23.4,1.497,3.254,0.0,2.4,1.5,0.8
1788442791.751,turning,11.273,3.634,95.8,0,30,122,9.778,3.713,25.3,1.497,3.255,0.0,2.4,1.5,0.8
1788442791.803,turning,11.273,3.634,94.6,0,30,122,9.778,3.713,27.8,1.497,3.255,0.0,2.4,1.5,0.8
1788442791.853,turning,11.274,3.633,94.3,0,30,122,9.778,3.713,29.5,1.498,3.256,0.0,2.4,1.5,0.8
1788442791.903,turning,11.276,3.631,94.1,0,30,122,9.778,3.713,31.0,1.5,3.258,0.0,2.4,1.5,0.8
1788442791.957,turning,11.276,3.631,93.7,0,30,122,9.778,3.713,32.7,1.5,3.258,0.0,2.4,1.5,0.8
1788442792.009,turning,11.276,3.631,92.9,0,30,122,9.778,3.713,34.8,1.5,3.258,0.0,2.4,1.5,0.8
1788442792.067,turning,11.276,3.631,92.5,0,30,122,9.778,3.713,36.4,1.5,3.258,0.0,2.4,1.5,0.79
1788442792.121,turning,11.276,3.631,91.7,0,30,122,9.778,3.713,38.3,1.5,3.258,0.0,2.4,1.5,0.79
1788442792.177,turning,11.278,3.63,91.6,0,30,122,9.778,3.713,39.6,1.502,3.259,0.0,2.4,1.5,0.79
1788442792.229,turning,11.282,3.627,91.6,0,30,122,9.778,3.713,40.7,1.507,3.261,0.0,2.4,1.5,0.79
1788442792.281,turning,11.282,3.627,91.4,0,30,121,9.78,3.75,42.0,1.507,3.261,0.0,2.4,1.5,0.79
1788442792.332,turning,11.282,3.63,90.9,0,30,121,9.78,3.75,43.5,1.507,3.258,0.0,2.4,1.5,0.79
1788442792.382,turning,11.282,3.634,90.7,0,30,121,9.78,3.75,44.7,1.506,3.254,0.0,2.4,1.5,0.79
1788442792.434,turning,11.282,3.635,90.2,0,30,121,9.78,3.75,46.2,1.506,3.253,0.0,2.4,1.5,0.79
1788442792.485,turning,11.282,3.635,89.9,0,30,121,9.78,3.75,47.5,1.506,3.253,0.0,2.4,1.5,0.78
1788442792.536,turning,11.282,3.635,89.7,0,30,121,9.78,3.75,48.7,1.506,3.253,0.0,2.4,1.5,0.78
1788442792.586,turning,11.282,3.635,89.1,0,30,121,9.78,3.75,50.1,1.506,3.253,0.0,2.4,1.5,0.78
1788442792.638,turning,11.282,3.635,88.9,0,30,121,9.78,3.75,51.3,1.506,3.253,0.0,2.4,1.5,0.78
1788442792.691,turning,11.279,3.639,88.2,0,30,121,9.78,3.75,52.8,1.503,3.25,0.0,2.4,1.5,0.78
1788442792.742,turning,11.276,3.644,87.8,0,30,121,9.78,3.75,54.1,1.5,3.245,0.0,2.4,1.5,0.78
1788442792.803,turning,11.274,3.647,87.0,0,30,121,9.78,3.75,55.7,1.497,3.242,0.0,2.4,1.5,0.78
1788442792.858,turning,11.274,3.647,86.7,0,30,121,9.78,3.75,56.9,1.497,3.242,0.0,2.4,1.5,0.78
1788442792.914,turning,11.274,3.647,85.9,0,30,121,9.78,3.75,58.5,1.497,3.242,0.0,2.4,1.5,0.78
1788442792.969,turning,11.274,3.647,85.5,0,30,121,9.78,3.75,59.6,1.497,3.242,0.0,2.4,1.5,0.78
1788442793.019,turning,11.274,3.647,84.9,0,30,121,9.78,3.75,61.1,1.497,3.242,0.0,2.4,1.5,0.77
1788442793.069,turning,11.274,3.647,84.5,0,30,121,9.78,3.75,62.1,1.497,3.242,0.0,2.4,1.5,0.77
1788442793.12,turning,11.274,3.647,83.9,0,30,121,9.78,3.75,63.5,1.497,3.242,0.0,2.4,1.5,0.77
1788442793.169,turning,11.274,3.647,83.6,0,30,121,9.78,3.75,64.5,1.497,3.242,0.0,2.4,1.5,0.77
1788442793.223,turning,11.274,3.647,83.1,0,30,121,9.78,3.75,65.7,1.497,3.242,0.0,2.4,1.5,0.77
1788442793.273,turning,11.274,3.647,82.8,0,30,121,9.78,3.75,66.6,1.497,3.242,0.0,2.4,1.5,0.77
1788442793.324,turning,11.274,3.647,82.4,0,30,123,9.78,3.75,67.7,1.497,3.242,0.0,2.4,1.5,0.77
1788442793.325,turning,11.274,3.647,82.4,0,30,123,9.78,3.75,68.4,1.497,3.242,0.0,2.4,1.5,0.77
1788442793.425,turning,11.273,3.655,82.0,0,30,123,9.78,3.75,69.4,1.496,3.235,0.0,2.4,1.5,0.77
1788442793.479,turning,11.265,3.661,81.8,0,30,123,9.78,3.75,70.2,1.488,3.229,0.0,2.4,1.5,0.77
1788442793.543,turning,11.263,3.662,81.6,0,30,123,9.78,3.75,71.0,1.486,3.228,0.0,2.4,1.5,0.76
1788442793.602,turning,11.263,3.662,80.7,0,30,123,9.78,3.75,72.5,1.486,3.228,0.0,2.4,1.5,0.76
1788442793.66,turning,11.263,3.662,80.3,0,30,123,9.78,3.75,73.5,1.486,3.228,0.0,2.4,1.5,0.76
1788442793.712,turning,11.263,3.662,79.4,0,30,123,9.78,3.75,75.0,1.486,3.228,0.0,2.4,1.5,0.76
1788442793.764,turning,11.263,3.662,79.0,0,30,123,9.78,3.75,75.9,1.486,3.228,0.0,2.4,1.5,0.76
1788442793.814,turning,11.263,3.662,78.2,0,30,123,9.78,3.75,77.2,1.486,3.228,0.0,2.4,1.5,0.76
1788442793.867,turning,11.263,3.662,77.9,0,30,123,9.78,3.75,78.1,1.486,3.228,0.0,2.4,1.5,0.76
1788442793.916,turning,11.263,3.662,77.2,0,30,123,9.78,3.75,79.3,1.486,3.228,0.0,2.4,1.5,0.76
1788442793.969,turning,11.263,3.662,76.9,0,30,123,9.78,3.75,80.1,1.486,3.228,0.0,2.4,1.5,0.76
1788442794.018,turning,11.263,3.662,76.3,0,30,123,9.78,3.75,81.2,1.486,3.228,0.0,2.4,1.5,0.76
1788442794.076,turning,11.263,3.662,76.0,0,30,123,9.78,3.75,81.9,1.486,3.228,0.0,2.4,1.5,0.76
1788442794.126,turning,11.263,3.662,75.5,0,30,123,9.78,3.75,82.9,1.486,3.228,0.0,2.4,1.5,0.76
1788442794.177,turning,11.263,3.662,75.2,0,30,123,9.78,3.75,83.7,1.485,3.229,0.0,2.4,1.5,0.76
1788442794.227,turning,11.262,3.66,74.7,0,30,123,9.78,3.75,84.6,1.485,3.23,0.0,2.4,1.5,0.76
1788442794.282,turning,11.263,3.662,74.5,0,30,123,9.78,3.75,85.2,1.485,3.228,0.0,2.4,1.5,0.76
1788442794.34,turning,11.264,3.666,74.3,0,30,123,9.778,3.763,85.8,1.489,3.224,0.0,2.4,1.5,0.76
1788442794.397,turning,11.266,3.673,73.9,0,30,123,9.778,3.763,86.6,1.491,3.217,0.0,2.4,1.5,0.74
1788442794.449,turning,11.266,3.673,73.6,0,30,123,9.778,3.763,87.3,1.491,3.217,0.0,2.4,1.5,0.74
1788442794.5,turning,11.266,3.673,73.0,0,30,123,9.778,3.763,88.3,1.491,3.217,0.0,2.4,1.5,0.74
1788442794.55,turning,11.266,3.673,72.7,0,30,123,9.778,3.763,89.0,1.491,3.217,0.0,2.4,1.5,0.74
1788442794.603,turning,11.266,3.673,72.1,0,30,123,9.778,3.763,89.9,1.491,3.217,0.0,2.4,1.5,0.74
1788442794.654,turning,11.266,3.673,71.8,0,30,123,9.778,3.763,90.6,1.491,3.217,0.0,2.4,1.5,0.74
1788442794.705,turning,11.266,3.673,71.3,0,30,123,9.778,3.763,91.4,1.491,3.217,0.0,2.4,1.5,0.74
1788442794.756,turning,11.266,3.673,71.1,0,30,123,9.778,3.763,92.0,1.491,3.217,0.0,2.4,1.5,0.74
1788442794.808,turning,11.267,3.676,70.6,0,30,123,9.778,3.763,92.8,1.492,3.214,0.0,2.4,1.5,0.74
1788442794.858,turning,11.268,3.679,70.4,0,30,123,9.778,3.763,93.3,1.493,3.21,0.0,2.4,1.5,0.74
1788442794.911,turning,11.267,3.675,70.0,0,30,123,9.778,3.763,94.0,1.492,3.215,0.0,2.4,1.5,0.73
1788442794.96,turning,11.266,3.671,69.8,0,30,123,9.778,3.763,94.5,1.491,3.219,0.0,2.4,1.5,0.73
1788442795.013,turning,11.267,3.671,69.5,0,30,123,9.778,3.763,95.2,1.492,3.218,0.0,2.4,1.5,0.73
1788442795.067,turning,11.268,3.675,69.4,0,30,123,9.778,3.763,95.6,1.493,3.214,0.0,2.4,1.5,0.73
1788442795.121,turning,11.273,3.687,69.1,0,30,123,9.778,3.763,96.2,1.497,3.202,0.0,2.414,1.5,0.72
1788442795.175,turning,11.275,3.694,68.9,0,30,123,9.778,3.763,96.7,1.499,3.196,0.0,2.424,1.5,0.72
1788442795.23,turning,11.276,3.695,68.6,0,30,123,9.778,3.763,97.3,1.5,3.194,0.0,2.44,1.5,0.7
1788442795.283,turning,11.276,3.695,67.7,0,30,123,9.778,3.763,98.5,1.5,3.194,0.0,2.487,1.5,0.7
1788442795.334,turning,11.276,3.695,67.2,0,30,124,9.778,3.763,99.2,1.5,3.194,0.0,2.512,1.5,0.7
1788442795.385,turning,11.276,3.695,66.4,0,30,124,9.778,3.763,100.3,1.5,3.194,0.0,2.557,1.5,0.7
1788442795.438,turning,11.276,3.695,65.9,0,30,124,9.778,3.763,101.0,1.5,3.194,0.0,2.579,1.5,0.75
1788442795.491,turning,11.276,3.695,65.2,0,30,124,9.778,3.763,102.0,1.5,3.194,0.0,2.619,1.5,0.75
1788442795.542,turning,11.276,3.695,64.8,0,30,124,9.778,3.763,102.7,1.5,3.194,0.0,2.638,1.5,0.81
1788442795.592,turning,11.276,3.695,64.1,0,30,124,9.778,3.763,103.6,1.5,3.194,0.0,2.673,1.5,0.81
1788442795.642,turning,11.276,3.695,63.8,0,30,124,9.778,3.763,104.1,1.5,3.194,0.0,2.69,1.5,0.84
1788442795.693,turning,11.276,3.695,63.2,0,30,124,9.778,3.763,105.0,1.5,3.194,0.0,2.721,1.5,0.84
1788442795.748,turning,11.275,3.697,62.8,0,30,124,9.778,3.763,105.6,1.499,3.193,0.0,2.744,1.5,0.84
1788442795.801,turning,11.273,3.7,61.9,0,30,124,9.778,3.763,106.8,1.497,3.189,0.0,2.793,1.5,0.84
1788442795.857,turning,11.273,3.701,61.5,0,30,124,9.778,3.763,107.3,1.497,3.189,0.0,2.809,1.5,0.84
1788442795.908,turning,11.273,3.701,61.0,0,30,124,9.778,3.763,108.1,1.497,3.189,0.0,2.839,1.5,0.84
1788442795.966,turning,11.273,3.701,60.7,0,30,124,9.778,3.763,108.6,1.497,3.189,0.0,2.854,1.5,0.84
1788442796.019,turning,11.273,3.701,60.2,0,30,124,9.778,3.763,109.3,1.497,3.189,0.0,2.882,1.5,0.84
1788442796.073,turning,11.273,3.701,59.9,0,30,124,9.778,3.763,109.8,1.497,3.189,0.0,2.895,1.5,0.84
1788442796.123,turning,11.273,3.701,59.7,0,30,124,9.778,3.763,110.2,1.497,3.189,0.0,2.907,1.5,0.84
1788442796.175,turning,11.274,3.703,59.2,0,30,124,9.778,3.763,110.9,1.498,3.186,0.0,2.931,1.5,0.84
1788442796.225,turning,11.276,3.706,59.0,0,30,124,9.778,3.763,111.3,1.5,3.183,0.0,2.942,1.5,0.84
1788442796.277,turning,11.283,3.717,58.6,0,30,124,9.778,3.763,111.9,1.506,3.171,0.0,2.963,1.5,0.83
1788442796.327,turning,11.286,3.723,58.4,0,30,124,9.778,3.763,112.3,1.509,3.165,0.0,2.972,1.5,0.83
1788442796.378,turning,11.294,3.733,58.2,0,30,124,9.778,3.763,112.7,1.517,3.155,0.0,2.986,1.5,0.8
1788442796.428,turning,11.298,3.737,58.1,0,30,124,9.778,3.763,113.0,1.52,3.15,0.0,2.991,1.5,0.8
1788442796.48,turning,11.305,3.747,57.8,0,30,124,9.778,3.763,113.5,1.528,3.14,0.0,3.004,1.5,0.79
1788442796.531,turning,11.309,3.753,57.7,0,30,124,9.778,3.763,113.8,1.531,3.134,0.0,3.012,1.5,0.79
1788442796.585,turning,11.316,3.764,57.4,0,30,124,9.778,3.763,114.3,1.539,3.122,0.0,3.027,1.5,0.77
1788442796.64,turning,11.32,3.77,57.2,0,30,124,9.778,3.763,114.7,1.542,3.116,0.0,3.034,1.5,0.77
1788442796.694,turning,11.327,3.781,57.0,0,30,124,9.778,3.763,115.1,1.55,3.104,0.0,3.047,1.5,0.74
1788442796.747,turning,11.331,3.787,56.9,0,30,124,9.778,3.763,115.5,1.553,3.098,0.0,3.053,1.5,0.74
1788442796.801,turning,11.331,3.788,59.7,0,30,124,9.778,3.763,112.9,1.554,3.097,0.0,2.907,1.5,0.73
1788442796.851,turning,11.331,3.788,61.2,0,30,124,9.778,3.763,111.6,1.554,3.097,0.0,2.827,1.5,0.73
1788442796.903,turning,11.331,3.788,64.2,0,30,124,9.778,3.763,108.7,1.554,3.097,0.0,2.668,1.5,0.73
1788442796.953,turning,11.331,3.788,65.8,0,30,124,9.778,3.763,107.4,1.554,3.097,0.0,2.589,1.5,0.73
1788442797.005,turning,11.331,3.788,67.0,0,30,124,9.778,3.763,106.3,1.554,3.097,0.0,2.522,1.5,0.73
1788442797.056,turning,11.331,3.788,69.0,0,30,124,9.778,3.763,104.6,1.554,3.097,0.0,2.42,1.5,0.73
1788442797.106,turning,11.331,3.788,69.9,0,30,124,9.778,3.763,103.8,1.554,3.097,0.0,2.4,1.5,0.73
1788442797.159,turning,11.331,3.788,71.8,0,30,124,9.778,3.763,102.1,1.554,3.097,0.0,2.4,1.5,0.73
1788442797.212,turning,11.331,3.788,72.7,0,30,124,9.778,3.763,101.3,1.554,3.097,0.0,2.4,1.5,0.69
1788442797.265,turning,11.331,3.788,74.6,0,30,124,9.778,3.763,99.6,1.554,3.097,0.0,2.4,1.5,0.69
1788442797.319,turning,11.331,3.788,75.5,0,30,124,9.778,3.763,98.9,1.554,3.097,0.0,2.4,1.5,0.62
1788442797.371,turning,11.331,3.788,77.4,0,30,124,9.778,3.763,97.2,1.554,3.097,0.0,2.4,1.5,0.62
1788442797.429,turning,11.331,3.788,78.3,0,30,124,9.778,3.763,96.4,1.554,3.097,0.0,2.4,1.5,0.62
1788442797.483,turning,11.331,3.788,80.2,0,30,124,9.778,3.763,94.7,1.554,3.097,0.0,2.4,1.5,0.62
1788442797.54,turning,11.333,3.791,81.0,0,30,124,9.778,3.763,94.0,1.556,3.093,0.0,2.4,1.5,0.62
1788442797.59,turning,11.338,3.799,82.4,0,30,124,9.778,3.763,92.8,1.561,3.085,0.0,2.4,1.5,0.62
1788442797.641,turning,11.339,3.8,83.3,0,30,124,9.778,3.763,92.0,1.562,3.084,0.0,2.4,1.5,0.62
1788442797.692,turning,11.339,3.8,85.2,0,30,124,9.778,3.763,90.3,1.562,3.084,0.0,2.4,1.5,0.62
1788442797.743,turning,11.339,3.8,86.1,0,30,124,9.778,3.763,89.5,1.562,3.084,0.0,2.4,1.5,0.62
1788442797.795,turning,11.339,3.8,88.0,0,30,124,9.778,3.763,87.8,1.562,3.084,0.0,2.4,1.5,0.62
1788442797.846,turning,11.341,3.805,88.9,0,30,124,9.778,3.763,87.0,1.564,3.079,0.0,2.4,1.5,0.63
1788442797.895,turning,11.343,3.81,89.3,0,30,124,9.778,3.763,86.8,1.566,3.074,0.0,2.4,1.5,0.63
1788442797.947,turning,11.345,3.815,89.3,0,30,124,9.778,3.763,86.9,1.569,3.069,0.0,2.4,1.5,0.62
1788442797.997,turning,11.345,3.815,89.3,0,30,124,9.778,3.763,87.1,1.569,3.069,0.0,2.4,1.5,0.62
1788442798.046,turning,11.345,3.815,89.3,0,30,124,9.778,3.763,87.2,1.569,3.069,0.0,2.4,1.5,0.84
1788442798.098,turning,11.345,3.815,89.3,0,30,124,9.778,3.763,87.3,1.569,3.068,0.0,2.4,1.5,0.84
1788442798.158,turning,11.346,3.817,89.2,0,30,124,9.778,3.763,87.5,1.57,3.066,0.0,2.4,1.5,0.84
1788442798.208,turning,11.347,3.819,89.2,0,30,124,9.778,3.763,87.7,1.57,3.064,0.0,2.4,1.5,0.84
1788442798.265,turning,11.348,3.831,89.1,0,30,124,9.778,3.763,87.9,1.571,3.053,0.0,2.4,1.5,0.84
1788442798.319,turning,11.348,3.838,89.1,0,30,124,9.778,3.763,88.0,1.572,3.045,0.0,2.4,1.5,0.84
1788442798.371,turning,11.348,3.853,89.1,0,30,124,9.778,3.763,88.2,1.573,3.03,0.0,2.4,1.5,0.8
1788442798.421,turning,11.348,3.861,89.1,0,30,124,9.778,3.763,88.3,1.573,3.023,0.0,2.4,1.5,0.8
1788442798.474,turning,11.348,3.876,89.1,0,30,124,9.778,3.763,88.5,1.575,3.008,0.0,2.4,1.5,0.81
1788442798.524,turning,11.348,3.883,89.1,0,30,124,9.778,3.763,88.7,1.575,3.0,0.0,2.4,1.5,0.81
1788442798.574,turning,11.349,3.898,89.1,0,30,124,9.778,3.763,88.9,1.577,2.986,0.0,2.4,1.5,0.77
1788442798.624,turning,11.349,3.906,89.1,0,30,124,9.778,3.763,89.0,1.578,2.978,0.0,2.4,1.5,0.77
1788442798.677,turning,11.349,3.921,89.1,0,30,124,9.778,3.763,89.2,1.579,2.963,0.0,2.4,1.5,0.74
1788442798.727,turning,11.349,3.928,89.1,0,30,124,9.778,3.763,89.4,1.58,2.956,0.0,2.4,1.5,0.74
1788442798.778,turning,11.349,3.935,89.1,0,30,124,9.778,3.763,89.6,1.581,2.948,0.0,2.4,1.5,0.72
1788442798.83,turning,11.349,3.95,89.1,0,30,124,9.778,3.763,89.8,1.583,2.933,0.0,2.4,1.5,0.72
1788442798.881,turning,11.35,3.958,89.1,0,30,124,9.778,3.763,90.0,1.584,2.926,0.0,2.4,1.5,0.69
1788442798.933,turning,11.35,3.973,89.1,0,30,124,9.778,3.763,90.2,1.586,2.911,0.0,2.4,1.5,0.69
1788442798.991,turning,11.35,3.98,89.1,0,30,124,9.778,3.763,90.4,1.587,2.903,0.0,2.4,1.5,0.67
1788442799.049,turning,11.35,3.995,89.1,0,30,124,9.778,3.763,90.6,1.59,2.888,0.0,2.4,1.5,0.67
1788442799.102,turning,11.349,4.003,89.1,0,30,124,9.778,3.763,90.8,1.589,2.881,0.0,2.4,1.5,0.65
1788442799.152,turning,11.345,4.019,89.3,0,30,124,9.778,3.763,90.9,1.588,2.865,0.0,2.4,1.5,0.65
1788442799.203,turning,11.344,4.027,89.3,0,12,124,10.676,3.71,92.4,0.739,2.858,0.0,2.4,0.6,0.44
1788442799.254,turning,11.344,4.014,89.3,0,11,125,10.825,3.68,94.3,0.617,2.87,0.0,2.4,0.6,0.44
1788442799.305,turning,11.344,4.006,89.3,0,11,125,10.825,3.68,96.1,0.613,2.878,0.0,2.4,0.6,0.43
1788442799.357,turning,11.343,3.989,89.3,0,11,125,10.825,3.68,97.6,0.603,2.895,0.0,2.4,0.6,0.43
1788442799.407,turning,11.343,3.98,89.3,0,11,125,10.825,3.68,99.0,0.599,2.904,0.0,2.4,0.6,0.45
1788442799.459,turning,11.343,3.963,89.3,0,11,125,10.825,3.68,100.2,0.591,2.921,0.0,2.4,0.6,0.45
1788442799.509,turning,11.343,3.955,89.3,1,12,125,10.775,3.681,101.2,0.63,2.929,0.0,2.4,0.6,0.47
1788442799.56,turning,11.343,3.938,89.3,1,12,125,10.775,3.681,102.1,0.623,2.946,0.0,2.4,0.6,0.47
1788442799.609,turning,11.342,3.926,89.1,1,12,125,10.775,3.681,103.0,0.617,2.959,0.0,2.4,0.6,0.49
1788442799.662,turning,11.341,3.913,88.9,1,12,125,10.775,3.681,103.8,0.612,2.971,0.0,2.4,0.6,0.49
1788442799.718,turning,11.34,3.892,88.7,1,12,125,10.775,3.681,104.4,0.603,2.992,0.0,2.4,0.6,0.51
1788442799.775,turning,11.34,3.884,88.7,1,12,125,10.775,3.681,104.8,0.6,3.0,0.0,2.4,0.6,0.51
1788442799.83,turning,11.339,3.867,88.7,1,12,125,10.775,3.681,105.1,0.594,3.017,0.0,2.4,0.6,0.54
1788442799.883,turning,11.339,3.858,88.7,2,13,125,10.725,3.683,105.2,0.638,3.026,0.0,2.4,0.6,0.54
1788442799.935,turning,11.339,3.841,88.7,2,13,125,10.725,3.683,105.3,0.634,3.043,0.0,2.4,0.6,0.56
1788442799.984,turning,11.338,3.833,88.7,2,13,125,10.725,3.683,105.2,0.631,3.051,0.0,2.4,0.6,0.56
1788442800.035,turning,11.338,3.816,88.7,2,13,125,10.725,3.683,105.1,0.627,3.068,0.0,2.4,0.6,0.58
1788442800.085,turning,11.338,3.807,88.7,2,13,125,10.725,3.683,105.0,0.625,3.077,0.0,2.4,0.6,0.58
1788442800.136,turning,11.332,3.798,89.4,2,13,125,10.725,3.683,104.1,0.618,3.087,0.0,2.4,0.6,0.61
1788442800.188,turning,11.326,3.795,89.9,2,13,125,10.725,3.683,103.4,0.612,3.09,0.0,2.4,0.6,0.61
1788442800.242,turning,11.322,3.782,90.3,2,13,125,10.725,3.683,102.8,0.605,3.103,0.0,2.4,0.6,0.63
1788442800.294,turning,11.322,3.774,90.3,0,30,125,9.825,3.675,102.6,1.5,3.111,0.0,2.4,1.5,0.63
1788442800.344,turning,11.322,3.757,90.3,0,30,125,9.825,3.675,102.3,1.499,3.128,0.0,2.4,1.5,0.65
1788442800.393,turning,11.322,3.748,90.3,0,30,125,9.825,3.675,102.1,1.499,3.137,0.0,2.4,1.5,0.65
1788442800.446,turning,11.322,3.731,90.3,0,30,125,9.825,3.675,101.8,1.498,3.154,0.0,2.4,1.5,0.67
1788442800.501,turning,11.322,3.723,90.3,0,30,125,9.825,3.675,101.6,1.498,3.162,0.0,2.4,1.5,0.67
1788442800.56,turning,11.322,3.714,90.3,0,30,125,9.825,3.675,101.3,1.498,3.171,0.0,2.4,1.5,0.7
1788442800.613,turning,11.323,3.697,90.3,0,30,125,9.825,3.675,101.1,1.498,3.188,0.0,2.4,1.5,0.7
1788442800.668,turning,11.323,3.694,90.0,0,30,125,9.825,3.675,101.1,1.499,3.191,0.0,2.4,1.5,0.72
1788442800.719,turning,11.323,3.701,88.8,0,30,125,9.825,3.675,102.1,1.499,3.184,0.0,2.4,1.5,0.72
1788442800.769,turning,11.323,3.701,88.5,0,30,125,9.825,3.675,102.1,1.498,3.184,0.0,2.4,1.5,0.74
1788442800.82,turning,11.323,3.7,88.5,0,30,125,9.825,3.675,101.9,1.498,3.185,0.0,2.4,1.5,0.74
1788442800.871,turning,11.323,3.7,88.5,0,30,125,9.825,3.675,101.6,1.498,3.185,0.0,2.4,1.5,0.74
1788442800.922,turning,11.322,3.686,88.5,0,30,125,9.825,3.675,101.4,1.497,3.199,0.0,2.4,1.5,0.74
1788442800.974,turning,11.322,3.677,88.5,0,30,125,9.825,3.675,101.2,1.497,3.208,0.0,2.4,1.5,0.75
1788442801.024,turning,11.322,3.66,88.5,1,31,125,9.775,3.675,100.9,1.547,3.224,0.0,2.4,1.5,0.75
1788442801.076,turning,11.321,3.652,88.5,1,31,125,9.775,3.675,100.7,1.546,3.233,0.0,2.4,1.5,0.78
1788442801.126,turning,11.321,3.635,88.5,1,31,125,9.775,3.675,100.4,1.546,3.25,0.0,2.4,1.5,0.78
1788442801.179,turning,11.317,3.635,89.0,1,31,125,9.775,3.675,99.7,1.543,3.25,0.0,2.4,1.5,0.8
1788442801.231,turning,11.306,3.639,90.0,1,31,125,9.775,3.675,98.4,1.532,3.247,0.0,2.4,1.5,0.8
1788442801.285,turning,11.305,3.632,90.1,0,30,123,9.827,3.708,98.0,1.48,3.254,0.0,2.4,1.5,0.82
1788442801.34,turning,11.305,3.615,90.1,0,30,123,9.827,3.708,97.7,1.481,3.271,0.0,2.4,1.5,0.82
1788442801.396,turning,11.305,3.607,90.1,0,30,123,9.827,3.708,97.5,1.482,3.279,0.0,2.4,1.5,0.85
1788442801.448,turning,11.306,3.598,90.1,0,30,123,9.827,3.708,97.2,1.482,3.288,0.0,2.4,1.5,0.85
1788442801.498,turning,11.306,3.581,90.1,0,30,123,9.827,3.708,96.9,1.484,3.305,0.0,2.4,1.5,0.87
1788442801.548,turning,11.306,3.573,90.1,0,30,123,9.827,3.708,96.6,1.484,3.313,0.0,2.4,1.5,0.87
1788442801.6,turning,11.306,3.556,90.1,0,30,123,9.827,3.708,96.3,1.486,3.33,0.0,2.4,1.5,0.9
1788442801.651,turning,11.306,3.547,90.1,0,30,123,9.827,3.708,95.9,1.487,3.339,0.0,2.4,1.5,0.9
1788442801.703,turning,11.306,3.53,90.1,0,30,123,9.827,3.708,95.6,1.489,3.356,0.0,2.4,1.5,0.92
1788442801.754,turning,11.306,3.522,90.1,0,30,123,9.827,3.708,95.3,1.49,3.364,0.0,2.4,1.5,0.92
1788442801.808,turning,11.306,3.478,89.7,0,30,123,9.827,3.708,95.3,1.497,3.408,0.0,2.4,1.5,0.94
1788442801.858,turning,11.307,3.446,89.5,0,30,123,9.827,3.708,95.2,1.502,3.439,0.0,2.4,1.5,0.94
1788442801.909,turning,11.307,3.411,89.2,0,30,123,9.827,3.708,95.0,1.509,3.474,0.0,2.4,1.5,0.97
1788442801.962,turning,11.306,3.403,89.2,0,30,123,9.827,3.708,94.6,1.51,3.482,0.0,2.4,1.5,0.97
1788442802.016,turning,11.306,3.386,89.2,0,30,123,9.827,3.708,94.2,1.514,3.499,0.0,2.4,1.5,0.99
1788442802.072,turning,11.306,3.377,89.2,0,30,123,9.827,3.708,93.8,1.515,3.508,0.0,2.4,1.5,0.99
1788442802.126,turning,11.306,3.364,89.2,0,30,123,9.827,3.708,93.4,1.518,3.522,0.0,2.4,1.5,1.01
1788442802.177,turning,11.306,3.359,89.2,0,30,123,9.827,3.708,93.0,1.519,3.526,0.0,2.4,1.5,1.01
1788442802.229,turning,11.306,3.356,89.2,0,30,123,9.827,3.708,92.7,1.52,3.53,0.0,2.4,1.5,1.03
1788442802.28,turning,11.306,3.357,89.2,0,30,123,9.827,3.708,92.3,1.52,3.529,0.0,2.4,1.5,1.03
1788442802.33,turning,11.305,3.364,89.0,0,30,126,9.854,3.669,92.1,1.482,3.521,0.0,2.4,1.5,1.03
1788442802.38,turning,11.299,3.397,88.2,1,31,126,9.805,3.679,92.7,1.521,3.489,0.0,2.4,1.5,1.03
1788442802.43,turning,11.298,3.409,88.0,1,31,126,9.805,3.679,92.6,1.517,3.477,0.0,2.4,1.5,1.01
1788442802.48,turning,11.298,3.422,88.0,1,31,126,9.805,3.679,92.4,1.515,3.464,0.0,2.4,1.5,1.01
1788442802.53,turning,11.298,3.429,88.0,1,31,126,9.805,3.679,92.1,1.514,3.457,0.0,2.4,1.5,1.0
1788442802.58,turning,11.299,3.443,88.0,1,31,126,9.805,3.679,91.9,1.512,3.443,0.0,2.4,1.5,1.0
1788442802.63,turning,11.299,3.45,88.0,1,31,126,9.805,3.679,91.7,1.512,3.437,0.0,2.4,1.5,0.98
1788442802.681,turning,11.3,3.463,88.0,1,31,126,9.805,3.679,91.5,1.51,3.423,0.0,2.4,1.5,0.98
1788442802.734,turning,11.3,3.47,88.0,1,31,126,9.805,3.679,91.3,1.509,3.416,0.0,2.4,1.5,0.95
1788442802.787,turning,11.3,3.484,88.0,1,31,126,9.805,3.679,91.2,1.508,3.403,0.0,2.4,1.5,0.95
1788442802.85,turning,11.301,3.49,88.0,1,31,126,9.805,3.679,91.0,1.507,3.396,0.0,2.4,1.5,0.94
1788442802.905,turning,11.301,3.504,88.0,1,31,126,9.805,3.679,90.9,1.506,3.382,0.0,2.4,1.5,0.94
1788442802.959,turning,11.301,3.511,88.0,1,31,126,9.805,3.679,90.7,1.506,3.375,0.0,2.4,1.5,0.92
1788442803.009,turning,11.302,3.524,88.0,1,31,126,9.805,3.679,90.6,1.505,3.362,0.0,2.4,1.5,0.92
1788442803.06,turning,11.302,3.531,88.0,1,31,126,9.805,3.679,90.5,1.504,3.355,0.0,2.4,1.5,0.9
1788442803.111,turning,11.303,3.545,88.0,1,31,126,9.805,3.679,90.4,1.503,3.341,0.0,2.4,1.5,0.9
1788442803.161,turning,11.303,3.552,88.0,1,31,126,9.805,3.679,90.3,1.503,3.335,0.0,2.4,1.5,0.88
1788442803.211,turning,11.303,3.558,88.0,1,31,126,9.805,3.679,90.3,1.503,3.328,0.0,2.4,1.5,0.88
1788442803.264,turning,11.303,3.572,88.0,1,31,126,9.805,3.679,90.2,1.502,3.314,0.0,2.4,1.5,0.86
1788442803.315,turning,11.304,3.579,88.0,1,31,126,9.805,3.679,90.2,1.502,3.307,0.0,2.4,1.5,0.86
1788442803.368,turning,11.304,3.592,88.0,0,30,125,9.83,3.7,90.1,1.478,3.294,0.0,2.4,1.5,0.84
1788442803.419,turning,11.304,3.599,88.0,0,30,125,9.83,3.7,90.1,1.478,3.287,0.0,2.4,1.5,0.84
1788442803.472,turning,11.305,3.613,88.0,0,30,125,9.83,3.7,90.0,1.477,3.273,0.0,2.4,1.5,0.82
1788442803.524,turning,11.305,3.619,88.0,0,30,125,9.83,3.7,90.0,1.477,3.267,0.0,2.4,1.5,0.82
1788442803.583,turning,11.306,3.633,88.0,0,30,125,9.83,3.7,90.0,1.477,3.253,0.0,2.4,1.5,0.8
1788442803.638,turning,11.306,3.64,88.0,0,30,125,9.83,3.7,90.0,1.477,3.246,0.0,2.4,1.5,0.8
1788442803.696,turning,11.305,3.636,88.4,0,30,125,9.83,3.7,89.5,1.476,3.25,0.0,2.4,1.5,0.78
1788442803.749,turning,11.304,3.629,88.7,1,31,125,9.78,3.704,89.2,1.525,3.257,0.0,2.4,1.5,0.78
1788442803.801,turning,11.303,3.633,89.0,1,31,125,9.78,3.704,88.9,1.524,3.253,0.0,2.4,1.5,0.76
1788442803.852,turning,11.303,3.64,89.0,1,31,125,9.78,3.704,88.9,1.524,3.246,0.0,2.4,1.5,0.76
1788442803.903,turning,11.303,3.654,88.9,1,31,125,9.78,3.704,89.0,1.523,3.233,0.0,2.4,1.5,0.75
1788442803.956,turning,11.303,3.66,88.7,1,31,125,9.78,3.704,89.2,1.523,3.226,0.0,2.4,1.5,0.75
1788442804.007,turning,11.303,3.663,88.0,1,31,125,9.78,3.704,89.9,1.523,3.224,0.0,2.4,1.5,0.73
1788442804.057,turning,11.303,3.663,87.5,1,31,125,9.78,3.704,90.4,1.523,3.224,0.0,2.4,1.5,0.73
1788442804.109,turning,11.303,3.663,87.0,1,31,125,9.78,3.704,90.9,1.523,3.224,0.0,2.4,1.5,0.73
1788442804.161,turning,11.303,3.663,86.1,1,31,125,9.78,3.704,91.9,1.523,3.224,0.0,2.4,1.5,0.73
1788442804.212,turning,11.303,3.663,85.6,1,31,125,9.78,3.704,92.3,1.523,3.224,0.0,2.4,1.5,0.72
1788442804.265,turning,11.303,3.663,84.8,1,31,125,9.78,3.704,93.2,1.523,3.224,0.0,2.4,1.5,0.72
1788442804.32,turning,11.304,3.66,84.4,1,31,125,9.78,3.704,93.6,1.525,3.226,0.0,2.4,1.5,0.72
1788442804.378,turning,11.308,3.65,83.8,0,30,65,11.425,5.175,92.0,1.529,3.236,0.0,2.4,1.5,0.72
1788442804.433,turning,11.309,3.649,83.5,0,30,65,11.425,5.175,90.0,1.531,3.237,0.0,2.4,1.5,0.72
1788442804.485,turning,11.309,3.651,83.4,0,30,65,11.425,5.175,88.0,1.528,3.235,0.0,2.4,1.5,0.72
1788442804.537,turning,11.31,3.655,83.4,0,30,65,11.425,5.175,85.9,1.524,3.231,0.0,2.4,1.5,0.72
1788442804.588,turning,11.311,3.667,83.2,0,30,65,11.425,5.175,83.9,1.512,3.218,0.0,2.4,1.5,0.72
1788442804.64,turning,11.312,3.674,83.1,0,30,65,11.425,5.175,82.0,1.505,3.212,0.0,2.4,1.5,0.7
1788442804.692,turning,11.312,3.675,82.3,0,30,65,11.425,5.175,80.8,1.504,3.211,0.0,2.4,1.5,0.7
1788442804.743,turning,11.312,3.675,81.9,0,30,65,11.425,5.175,79.4,1.504,3.211,0.0,2.4,1.5,0.7
1788442804.794,turning,11.312,3.675,80.9,0,30,65,11.425,5.175,78.5,1.504,3.211,0.0,2.4,1.5,0.7
1788442804.849,turning,11.312,3.675,80.4,0,30,65,11.425,5.175,77.1,1.504,3.211,0.0,2.4,1.5,0.7
1788442804.899,turning,11.312,3.675,79.6,0,30,65,11.425,5.175,76.2,1.504,3.211,0.0,2.4,1.5,0.7
1788442804.95,turning,11.312,3.675,79.2,0,30,65,11.425,5.175,74.9,1.504,3.211,0.0,2.4,1.5,0.7
1788442805.001,turning,11.312,3.675,78.8,0,30,65,11.425,5.175,73.6,1.504,3.211,0.0,2.4,1.5,0.7
1788442805.053,turning,11.301,3.677,77.9,0,30,65,11.425,5.175,72.8,1.503,3.21,0.0,2.4,1.5,0.69
1788442805.106,turning,11.29,3.678,77.4,0,30,65,11.425,5.175,71.7,1.503,3.21,0.0,2.4,1.5,0.69
1788442805.164,turning,11.279,3.679,76.4,0,30,65,11.425,5.175,71.2,1.503,3.209,0.0,2.4,1.5,0.7
1788442805.216,turning,11.279,3.679,75.9,0,30,65,11.425,5.175,70.1,1.503,3.209,0.0,2.4,1.5,0.7
1788442805.273,turning,11.279,3.679,74.9,0,30,65,11.425,5.175,69.5,1.503,3.209,0.0,2.4,1.5,0.69
1788442805.324,turning,11.279,3.679,74.5,0,30,65,11.425,5.175,68.5,1.503,3.209,0.0,2.4,1.5,0.69
1788442805.375,turning,11.279,3.679,73.6,0,30,65,11.425,5.175,67.9,1.503,3.209,0.0,2.4,1.5,0.69
1788442805.425,turning,11.279,3.679,73.2,0,30,124,9.776,3.714,69.2,1.504,3.209,0.0,2.4,1.5,0.69
1788442805.478,turning,11.279,3.679,72.5,0,30,124,9.776,3.714,70.9,1.504,3.209,0.0,2.4,1.5,0.69
1788442805.527,turning,11.279,3.679,72.1,0,30,124,9.776,3.714,72.1,1.504,3.209,0.0,2.4,1.5,0.69
1788442805.581,turning,11.277,3.678,71.7,0,30,124,9.776,3.714,73.4,1.502,3.211,0.0,2.4,1.5,0.69
1788442805.631,turning,11.276,3.677,71.5,0,30,124,9.776,3.714,74.3,1.501,3.212,0.0,2.4,1.5,0.69
1788442805.684,turning,11.274,3.676,71.1,0,30,124,9.776,3.714,75.6,1.499,3.213,0.0,2.4,1.5,0.69
1788442805.736,turning,11.274,3.676,70.8,0,30,124,9.776,3.714,76.6,1.499,3.213,0.0,2.4,1.5,0.69
1788442805.787,turning,11.274,3.676,70.4,0,30,124,9.776,3.714,77.9,1.499,3.213,0.0,2.4,1.5,0.69
1788442805.843,turning,11.274,3.676,70.1,0,30,124,9.776,3.714,78.9,1.499,3.213,0.0,2.4,1.5,0.69
1788442805.9,turning,11.275,3.677,69.9,0,30,124,9.776,3.714,79.8,1.5,3.212,0.0,2.4,1.5,0.7
1788442805.953,turning,11.275,3.677,69.9,0,30,124,9.776,3.714,80.5,1.5,3.212,0.0,2.4,1.5,0.7
1788442806.007,turning,11.275,3.677,69.9,0,30,124,9.776,3.714,81.2,1.5,3.212,0.0,2.4,1.5,0.71
1788442806.059,turning,11.275,3.677,69.9,0,30,124,9.776,3.714,81.9,1.5,3.212,0.0,2.4,1.5,0.71
1788442806.11,turning,11.278,3.694,69.5,0,30,124,9.776,3.714,82.9,1.503,3.195,0.0,2.4,1.5,0.71
1788442806.162,turning,11.288,3.749,68.4,0,30,124,9.776,3.714,84.8,1.513,3.139,0.0,2.452,1.5,0.71
1788442806.213,turning,11.29,3.759,68.2,0,30,124,9.776,3.714,85.7,1.515,3.129,0.0,2.462,1.5,0.71
1788442806.264,turning,11.29,3.759,68.2,0,30,124,9.776,3.714,86.4,1.515,3.129,0.0,2.462,1.5,0.71
1788442806.315,turning,11.29,3.759,68.2,0,30,124,9.776,3.714,87.1,1.515,3.129,0.0,2.462,1.5,0.71
1788442806.365,turning,11.29,3.759,68.2,0,30,124,9.776,3.714,87.7,1.515,3.129,0.0,2.462,1.5,0.71
1788442806.415,turning,11.29,3.759,68.2,0,30,124,9.776,3.714,88.4,1.515,3.129,0.0,2.462,1.5,0.71
1788442806.467,turning,11.29,3.759,68.8,0,30,124,9.776,3.712,88.4,1.515,3.129,0.0,2.431,1.5,0.71
1788442806.519,turning,11.29,3.759,69.7,0,30,124,9.776,3.712,88.1,1.515,3.129,0.0,2.4,1.5,0.69
1788442806.571,turning,11.29,3.759,71.3,0,30,124,9.776,3.712,87.0,1.515,3.129,0.0,2.4,1.5,0.69
1788442806.629,turning,11.29,3.759,72.2,0,30,124,9.776,3.712,86.8,1.515,3.129,0.0,2.4,1.5,0.69
1788442806.687,turning,11.29,3.759,73.8,0,30,124,9.776,3.712,85.7,1.515,3.129,0.0,2.4,1.5,0.69
1788442806.742,turning,11.29,3.759,74.6,0,30,124,9.776,3.712,85.4,1.515,3.129,0.0,2.4,1.5,0.69
1788442806.792,turning,11.29,3.759,75.4,0,30,124,9.776,3.712,85.2,1.515,3.129,0.0,2.4,1.5,0.69
1788442806.846,turning,11.29,3.759,77.1,0,30,124,9.776,3.712,84.0,1.515,3.129,0.0,2.4,1.5,0.69
1788442806.896,turning,11.29,3.759,77.9,0,30,124,9.776,3.712,83.7,1.515,3.129,0.0,2.4,1.5,0.69
1788442806.947,turning,11.29,3.759,79.5,0,30,124,9.776,3.712,82.6,1.515,3.129,0.0,2.4,1.5,0.69
1788442806.998,turning,11.29,3.759,80.3,0,30,124,9.776,3.712,82.3,1.515,3.129,0.0,2.4,1.5,0.69
1788442807.049,turning,11.29,3.759,82.0,0,30,124,9.776,3.712,81.1,1.515,3.129,0.0,2.4,1.5,0.69
1788442807.099,turning,11.29,3.759,82.8,0,30,124,9.776,3.712,80.7,1.515,3.129,0.0,2.4,1.5,0.69
1788442807.153,turning,11.29,3.759,84.4,0,30,124,9.776,3.712,79.6,1.515,3.129,0.0,2.4,1.5,0.7
1788442807.202,turning,11.29,3.759,85.3,0,30,124,9.776,3.712,79.2,1.515,3.129,0.0,2.4,1.5,0.7
1788442807.254,turning,11.283,3.751,86.9,0,30,124,9.776,3.712,77.9,1.507,3.137,0.0,2.4,1.5,0.7
1788442807.304,turning,11.277,3.745,87.7,0,30,124,9.776,3.712,77.5,1.501,3.144,0.0,2.4,1.5,0.7
1788442807.357,turning,11.273,3.741,89.4,0,30,124,9.776,3.712,76.3,1.497,3.149,0.0,2.4,1.5,0.7
1788442807.412,turning,11.273,3.741,90.2,0,30,124,9.776,3.712,75.8,1.497,3.149,0.0,2.4,1.5,0.7
1788442807.472,turning,11.273,3.741,91.9,0,30,65,11.425,5.175,72.2,1.443,3.149,0.0,2.4,1.5,0.7
1788442807.528,turning,11.273,3.741,92.7,0,30,65,11.425,5.175,69.4,1.443,3.149,0.0,2.4,1.5,0.7
1788442807.58,turning,11.284,3.737,94.8,0,30,65,11.425,5.175,65.3,1.445,3.152,0.0,2.4,1.5,0.7
1788442807.63,turning,11.292,3.734,95.9,0,30,65,11.425,5.175,62.3,1.447,3.154,0.0,2.4,1.5,0.7
1788442807.681,turning,11.296,3.732,96.9,0,30,65,11.425,5.175,59.5,1.449,3.155,0.0,2.4,1.5,0.7
1788442807.731,turning,11.296,3.732,98.6,0,30,65,11.425,5.175,56.1,1.449,3.155,0.0,2.4,1.5,0.7
1788442807.782,turning,11.296,3.732,99.4,0,30,65,11.425,5.175,53.6,1.449,3.155,0.0,2.4,1.5,0.7
1788442807.835,turning,11.296,3.732,101.0,0,30,65,11.425,5.175,50.3,1.449,3.155,0.0,2.4,1.5,0.7
1788442807.887,turning,11.297,3.729,101.7,0,30,65,11.425,5.175,47.9,1.451,3.158,0.0,2.4,1.5,0.7
1788442807.94,turning,11.301,3.719,103.0,0,30,65,11.425,5.175,45.0,1.461,3.168,0.0,2.4,1.5,0.7
1788442807.94,turning,11.301,3.719,103.0,0,30,65,11.425,5.175,43.4,1.461,3.168,0.0,2.4,1.5,0.7
1788442808.04,turning,11.302,3.717,105.4,0,30,65,11.425,5.175,39.5,1.463,3.17,0.0,2.4,1.5,0.71
1788442808.091,turning,11.302,3.717,106.3,0,30,65,11.425,5.175,37.2,1.463,3.17,0.0,2.4,1.5,0.71
1788442808.146,turning,11.302,3.717,107.9,0,30,65,11.425,5.175,34.2,1.463,3.17,0.0,2.4,1.5,0.71
1788442808.202,turning,11.302,3.716,108.7,0,30,65,11.425,5.175,32.0,1.464,3.17,0.0,2.4,1.5,0.71
1788442808.256,driving,11.303,3.714,110.3,0,30,65,11.425,5.175,29.0,1.466,3.173,0.254,0.0,1.5,0.71
1788442808.311,turning,11.303,3.714,111.1,0,30,65,11.425,5.175,26.8,1.466,3.173,0.0,2.4,1.5,0.71
1788442808.364,turning,11.302,3.715,112.0,0,30,65,11.425,5.175,24.7,1.466,3.172,0.0,2.4,1.5,0.71
1788442808.416,turning,11.302,3.715,112.8,0,30,65,11.425,5.175,22.6,1.466,3.172,0.0,2.4,1.5,0.71
1788442808.467,turning,11.302,3.715,114.4,0,30,65,11.425,5.175,19.7,1.466,3.172,0.0,2.4,1.5,0.71
1788442808.517,turning,11.302,3.714,115.3,0,30,64,11.425,5.225,17.6,1.516,3.173,0.0,2.4,1.5,0.71
1788442808.566,turning,11.301,3.713,116.2,0,30,64,11.425,5.225,15.6,1.517,3.174,0.0,2.4,1.5,0.71
1788442808.618,turning,11.3,3.712,117.9,0,30,64,11.425,5.225,12.7,1.518,3.175,0.0,2.4,1.5,0.71
1788442808.67,turning,11.3,3.712,118.7,0,30,64,11.425,5.225,10.8,1.518,3.175,0.0,2.4,1.5,0.71
1788442808.721,turning,11.3,3.712,120.4,0,30,64,11.425,5.225,8.0,1.518,3.175,0.0,2.4,1.5,0.71
1788442808.771,turning,11.3,3.712,121.2,0,30,64,11.425,5.225,6.2,1.518,3.175,0.0,2.4,1.5,0.71
1788442808.825,turning,11.3,3.71,122.8,0,30,64,11.425,5.225,3.5,1.521,3.177,0.0,2.4,1.5,0.71
1788442808.877,turning,11.299,3.707,123.6,0,30,64,11.425,5.225,1.7,1.523,3.18,0.0,2.4,1.5,0.71
1788442808.931,turning,11.299,3.705,125.2,0,30,64,11.425,5.225,-0.9,1.525,3.182,0.0,2.4,1.5,0.72
1788442808.987,turning,11.299,3.705,124.3,0,30,64,11.425,5.225,-1.0,1.525,3.182,0.0,2.4,1.5,0.72
1788442809.041,turning,11.299,3.705,121.1,0,30,64,11.425,5.225,1.2,1.525,3.182,0.0,2.4,1.5,0.71
1788442809.093,turning,11.299,3.705,119.5,0,30,64,11.425,5.225,1.9,1.525,3.182,0.0,2.4,1.5,0.71
1788442809.145,turning,11.286,3.734,116.2,0,30,64,11.425,5.225,4.4,1.497,3.154,0.0,2.4,1.5,0.71
1788442809.194,turning,11.275,3.756,114.4,0,30,64,11.425,5.225,5.2,1.477,3.133,0.0,2.4,1.5,0.71
1788442809.248,turning,11.268,3.77,111.2,1,31,64,11.425,5.275,7.6,1.513,3.12,0.0,2.4,1.5,0.71
1788442809.297,turning,11.268,3.77,109.6,1,31,64,11.425,5.275,8.4,1.513,3.12,0.0,2.4,1.5,0.71
1788442809.35,turning,11.268,3.77,106.4,1,31,64,11.425,5.275,10.7,1.513,3.12,0.0,2.4,1.5,0.71
1788442809.402,turning,11.268,3.77,104.8,1,31,64,11.425,5.275,11.5,1.513,3.12,0.0,2.4,1.5,0.71
1788442809.452,turning,11.268,3.77,103.2,1,31,64,11.425,5.275,12.3,1.513,3.12,0.0,2.4,1.5,0.7
1788442809.502,turning,11.268,3.77,100.0,0,30,63,11.425,5.275,14.7,1.513,3.12,0.0,2.4,1.5,0.7
1788442809.554,turning,11.268,3.77,98.4,0,30,63,11.425,5.275,15.5,1.513,3.12,0.0,2.4,1.5,0.7
1788442809.605,turning,11.268,3.77,95.2,0,30,63,11.425,5.275,18.0,1.513,3.12,0.0,2.4,1.5,0.7
1788442809.659,turning,11.268,3.77,93.6,0,30,63,11.425,5.275,18.9,1.513,3.12,0.0,2.4,1.5,0.7
1788442809.711,turning,11.268,3.77,90.5,0,30,63,11.425,5.275,21.3,1.513,3.12,0.0,2.485,1.5,0.7
1788442809.766,turning,11.268,3.763,89.1,0,30,63,11.425,5.275,22.0,1.52,3.127,0.0,2.559,1.5,0.7
1788442809.824,turning,11.266,3.741,86.6,0,30,63,11.425,5.275,23.8,1.543,3.15,0.0,2.687,1.5,0.7
1788442809.881,turning,11.266,3.737,85.3,0,30,63,11.425,5.275,24.5,1.546,3.153,0.0,2.755,1.5,0.69
1788442809.93,turning,11.266,3.737,82.8,0,30,63,11.425,5.275,26.3,1.546,3.153,0.0,2.886,1.5,0.69
1788442809.981,turning,11.265,3.731,82.0,0,30,63,11.425,5.275,26.6,1.552,3.159,0.0,2.931,1.5,0.69
1788442810.031,turning,11.263,3.714,80.7,0,30,63,11.425,5.275,27.3,1.57,3.177,0.0,2.999,1.5,0.69
1788442810.081,turning,11.263,3.712,79.7,0,30,63,11.425,5.275,27.7,1.571,3.178,0.0,3.051,1.5,0.69
1788442810.132,turning,11.263,3.712,77.7,0,30,63,11.425,5.275,29.1,1.571,3.178,0.0,3.157,1.5,0.69
1788442810.183,turning,11.264,3.714,76.9,0,30,63,11.425,5.275,29.3,1.57,3.177,0.0,3.197,1.5,0.69
1788442810.234,turning,11.265,3.717,75.6,0,30,63,11.425,5.275,30.0,1.566,3.173,0.0,3.264,1.5,0.69
1788442810.287,turning,11.265,3.717,74.8,0,30,63,11.425,5.275,30.4,1.566,3.173,0.0,3.309,1.5,0.68
1788442810.338,turning,11.265,3.717,73.9,0,30,63,11.425,5.275,30.7,1.566,3.173,0.0,3.353,1.5,0.68
1788442810.389,turning,11.268,3.726,72.3,0,30,63,11.425,5.275,31.8,1.557,3.164,0.0,3.438,1.5,0.68
1788442810.444,turning,11.271,3.736,71.5,0,30,63,11.425,5.275,32.1,1.547,3.154,0.0,3.479,1.5,0.68
1788442810.502,turning,11.273,3.744,70.1,0,30,63,11.425,5.275,33.0,1.538,3.145,0.0,3.552,1.5,0.68
1788442810.558,turning,11.273,3.744,69.4,0,30,124,9.776,3.684,35.7,1.499,3.145,0.0,3.588,1.5,0.68
1788442810.613,turning,11.268,3.748,68.4,0,30,124,9.776,3.684,38.6,1.493,3.142,0.0,3.642,1.5,0.68
1788442810.664,turning,11.262,3.751,68.0,0,30,124,9.776,3.684,40.9,1.488,3.139,0.0,3.665,1.5,0.68
1788442810.714,turning,11.258,3.754,67.0,0,30,124,9.776,3.684,43.7,1.484,3.137,0.0,3.715,1.5,0.73
1788442810.764,turning,11.258,3.754,66.5,0,30,124,9.776,3.684,46.0,1.484,3.137,0.0,3.743,1.5,0.73
1788442810.816,turning,11.258,3.754,65.5,0,30,124,9.776,3.684,48.7,1.484,3.137,0.0,3.795,1.5,0.79
1788442810.866,turning,11.258,3.754,65.0,0,30,124,9.776,3.684,50.9,1.484,3.137,0.0,3.82,1.5,0.79
1788442810.918,turning,11.255,3.761,64.3,0,30,124,9.776,3.684,53.2,1.481,3.13,0.0,3.856,1.5,0.82
1788442810.969,turning,11.252,3.766,64.0,0,30,124,9.776,3.684,55.1,1.479,3.125,0.0,3.87,1.5,0.82
1788442811.02,turning,11.251,3.77,63.3,0,30,124,9.776,3.684,57.4,1.478,3.122,0.0,3.907,1.5,0.82
1788442811.072,turning,11.251,3.77,63.0,0,30,124,9.776,3.684,59.3,1.478,3.122,0.0,3.927,1.5,0.82
1788442811.123,turning,11.251,3.77,62.2,0,30,124,9.776,3.684,61.6,1.478,3.122,0.0,3.964,1.5,0.81
1788442811.174,turning,11.251,3.77,61.9,0,30,124,9.776,3.684,63.4,1.478,3.122,0.0,3.982,1.5,0.81
1788442811.228,turning,11.251,3.77,61.6,0,30,124,9.776,3.684,65.1,1.478,3.122,0.0,3.998,1.5,0.81
1788442811.281,turning,11.251,3.77,61.0,0,30,124,9.776,3.684,67.1,1.478,3.122,0.0,4.03,1.5,0.81
1788442811.336,turning,11.251,3.77,60.7,0,30,124,9.776,3.684,68.7,1.478,3.122,0.0,4.042,1.5,0.82
1788442811.392,turning,11.251,3.768,60.4,0,30,124,9.776,3.684,70.4,1.478,3.124,0.0,4.06,1.5,0.82
1788442811.442,turning,11.251,3.768,60.2,0,30,124,9.776,3.684,71.9,1.477,3.124,0.0,4.071,1.5,0.81
1788442811.493,turning,11.251,3.768,59.7,0,30,124,9.776,3.684,73.6,1.477,3.124,0.0,4.096,1.5,0.81
1788442811.544,turning,11.251,3.768,59.5,0,30,124,9.776,3.684,75.1,1.477,3.124,0.0,4.109,1.5,0.81
1788442811.595,turning,11.252,3.77,59.0,0,30,123,9.776,3.698,76.7,1.478,3.122,0.0,4.131,1.5,0.81
1788442811.646,turning,11.254,3.773,58.8,0,30,123,9.776,3.698,78.1,1.48,3.118,0.0,4.142,1.5,0.81
1788442811.697,turning,11.26,3.784,58.5,0,30,123,9.776,3.698,79.6,1.487,3.107,0.0,4.162,1.5,0.81
1788442811.749,turning,11.264,3.79,58.3,0,30,123,9.776,3.698,80.9,1.491,3.101,0.0,4.171,1.5,0.79
1788442811.799,turning,11.271,3.801,57.9,0,30,123,9.776,3.698,82.4,1.499,3.089,0.0,4.189,1.5,0.79
1788442811.852,turning,11.275,3.807,57.8,0,30,123,9.776,3.698,83.6,1.503,3.083,0.0,4.197,1.5,0.77
1788442811.902,turning,11.282,3.818,57.5,0,30,123,9.776,3.698,85.0,1.511,3.071,0.0,4.213,1.5,0.77
1788442811.953,turning,11.287,3.825,57.3,0,30,123,9.776,3.698,86.2,1.517,3.064,0.0,4.223,1.5,0.75
1788442812.009,turning,11.299,3.837,56.9,0,30,123,9.776,3.698,87.6,1.529,3.05,0.0,4.244,1.5,0.75
1788442812.072,turning,11.303,3.843,56.8,0,30,123,9.776,3.698,88.8,1.534,3.044,0.0,4.251,1.5,0.74
1788442812.131,turning,11.306,3.849,56.6,0,30,123,9.776,3.698,89.9,1.538,3.038,0.0,4.257,1.5,0.74
1788442812.188,turning,11.314,3.86,56.4,0,30,123,9.776,3.698,91.1,1.547,3.026,0.0,4.267,1.5,0.71
1788442812.239,turning,11.318,3.866,56.3,0,30,123,9.776,3.698,92.1,1.551,3.02,0.0,4.273,1.5,0.71
1788442812.292,turning,11.325,3.877,56.2,0,30,123,9.776,3.698,93.2,1.56,3.009,0.0,4.282,1.5,0.69
1788442812.343,turning,11.329,3.882,56.1,0,30,123,9.776,3.698,94.2,1.564,3.003,0.0,4.286,1.5,0.69
1788442812.395,turning,11.329,3.883,59.0,0,30,123,9.776,3.698,92.2,1.565,3.002,0.0,4.135,1.5,0.68
1788442812.446,turning,11.329,3.883,60.5,0,30,123,9.776,3.698,91.6,1.565,3.002,0.0,4.055,1.5,0.68
1788442812.496,turning,11.329,3.883,63.5,0,30,123,9.776,3.698,89.4,1.565,3.002,0.0,3.896,1.5,0.68
1788442812.547,turning,11.329,3.883,65.1,0,30,123,9.776,3.698,88.7,1.565,3.002,0.0,3.816,1.5,0.68
1788442812.6,turning,11.329,3.883,67.5,0,30,126,9.826,3.694,87.2,1.516,3.002,0.0,3.691,1.5,0.68
1788442812.652,turning,11.329,3.883,68.5,0,30,126,9.826,3.694,86.9,1.516,3.002,0.0,3.635,1.5,0.68
1788442812.702,turning,11.323,3.872,69.9,0,30,126,9.826,3.694,86.3,1.508,3.014,0.0,3.562,1.5,0.68
1788442812.755,turning,11.317,3.863,70.5,0,30,126,9.826,3.694,86.5,1.501,3.023,0.0,3.533,1.5,0.68
1788442812.812,turning,11.314,3.857,72.1,0,30,126,9.826,3.694,85.6,1.497,3.029,0.0,3.449,1.5,0.68
1788442812.868,turning,11.314,3.857,73.0,0,30,126,9.826,3.694,85.4,1.497,3.029,0.0,3.4,1.5,0.68
1788442812.921,turning,11.314,3.857,74.9,0,30,126,9.826,3.694,84.2,1.497,3.029,0.0,3.302,1.5,0.68
1788442812.976,turning,11.314,3.857,75.8,0,30,126,9.826,3.694,83.9,1.497,3.029,0.0,3.253,1.5,0.68
1788442813.027,turning,11.315,3.86,76.8,0,30,126,9.826,3.694,83.6,1.499,3.026,0.0,3.201,1.5,0.61
1788442813.079,turning,11.32,3.873,78.9,0,30,126,9.826,3.694,82.2,1.505,3.012,0.0,3.093,1.5,0.61
1788442813.131,turning,11.321,3.877,79.9,0,30,126,9.826,3.694,81.8,1.507,3.009,0.0,3.042,1.5,0.58
1788442813.181,turning,11.321,3.877,81.7,0,30,126,9.826,3.694,80.6,1.507,3.009,0.0,2.944,1.5,0.58
1788442813.232,turning,11.321,3.878,82.7,0,30,126,9.826,3.694,80.3,1.507,3.008,0.0,2.895,1.5,0.58
1788442813.283,turning,11.323,3.881,84.5,0,30,126,9.826,3.694,79.0,1.509,3.005,0.0,2.797,1.5,0.58
1788442813.335,turning,11.323,3.881,85.5,0,30,126,9.826,3.694,78.6,1.509,3.004,0.0,2.748,1.5,0.58
1788442813.387,turning,11.323,3.881,87.3,0,30,126,9.826,3.694,77.3,1.509,3.004,0.0,2.65,1.5,0.58
1788442813.437,turning,11.323,3.881,88.3,0,30,126,9.826,3.694,76.9,1.509,3.004,0.0,2.601,1.5,0.58
1788442813.487,turning,11.323,3.881,88.5,0,30,126,9.826,3.694,77.2,1.509,3.004,0.0,2.588,1.5,0.58
1788442813.539,turning,11.321,3.879,88.4,0,30,126,9.826,3.694,77.9,1.507,3.007,0.0,2.593,1.5,0.58
1788442813.594,turning,11.316,3.871,88.2,0,30,126,9.826,3.694,78.6,1.501,3.015,0.0,2.605,1.5,0.58
1788442813.651,turning,11.315,3.87,88.2,0,30,126,9.826,3.705,79.1,1.499,3.016,0.0,2.606,1.5,0.58
1788442813.706,turning,11.315,3.854,88.2,0,30,126,9.826,3.705,79.6,1.497,3.032,0.0,2.606,1.5,0.58
1788442813.76,turning,11.315,3.846,88.2,0,30,126,9.826,3.705,80.0,1.496,3.04,0.0,2.606,1.5,0.59
1788442813.811,turning,11.314,3.829,88.2,1,31,126,9.776,3.707,80.4,1.543,3.057,0.0,2.606,1.5,0.59
1788442813.864,turning,11.313,3.82,88.1,1,31,126,9.776,3.707,80.9,1.541,3.067,0.0,2.611,1.5,0.61
1788442813.914,turning,11.311,3.81,88.0,1,31,126,9.776,3.707,81.3,1.539,3.076,0.0,2.616,1.5,0.61
1788442813.968,turning,11.31,3.792,87.9,1,31,126,9.776,3.707,81.8,1.536,3.094,0.0,2.621,1.5,0.63
1788442814.018,turning,11.309,3.784,87.9,1,31,126,9.776,3.707,82.1,1.535,3.102,0.0,2.621,1.5,0.63
1788442814.07,turning,11.309,3.767,87.9,1,31,126,9.776,3.707,82.4,1.534,3.119,0.0,2.621,1.5,0.66
1788442814.12,turning,11.308,3.758,87.9,1,31,126,9.776,3.707,82.7,1.533,3.128,0.0,2.621,1.5,0.66
1788442814.173,turning,11.308,3.741,87.9,1,31,126,9.776,3.707,83.0,1.532,3.145,0.0,2.621,1.5,0.68
1788442814.223,turning,11.307,3.733,87.9,1,31,126,9.776,3.707,83.2,1.532,3.153,0.0,2.621,1.5,0.68
1788442814.276,turning,11.307,3.716,87.9,1,31,126,9.776,3.707,83.4,1.531,3.17,0.0,2.621,1.5,0.7
1788442814.332,turning,11.306,3.708,87.9,1,31,126,9.776,3.707,83.7,1.531,3.179,0.0,2.621,1.5,0.7
1788442814.387,turning,11.306,3.691,87.9,1,31,126,9.776,3.707,83.8,1.53,3.196,0.0,2.621,1.5,0.72
1788442814.44,turning,11.305,3.682,87.9,1,31,126,9.776,3.707,84.0,1.53,3.204,0.0,2.621,1.5,0.72
1788442814.494,turning,11.305,3.665,87.9,1,31,126,9.776,3.707,84.2,1.53,3.221,0.0,2.621,1.5,0.75
1788442814.546,turning,11.305,3.657,87.9,2,32,126,9.726,3.709,84.3,1.58,3.23,0.0,2.621,1.5,0.75
1788442814.597,turning,11.308,3.64,88.8,2,32,126,9.726,3.709,83.5,1.584,3.246,0.0,2.572,1.5,0.77
1788442814.648,turning,11.309,3.631,89.5,0,30,125,9.827,3.708,83.0,1.484,3.255,0.0,2.536,1.5,0.77
1788442814.699,turning,11.309,3.614,89.9,0,30,125,9.827,3.708,82.7,1.485,3.272,0.0,2.515,1.5,0.8
1788442814.751,turning,11.309,3.605,89.9,0,30,125,9.827,3.708,82.8,1.485,3.28,0.0,2.515,1.5,0.8
1788442814.802,turning,11.309,3.597,89.9,0,30,125,9.827,3.708,82.8,1.486,3.289,0.0,2.515,1.5,0.82
1788442814.854,turning,11.309,3.58,89.9,0,30,125,9.827,3.708,82.9,1.487,3.306,0.0,2.515,1.5,0.82
1788442814.903,turning,11.309,3.571,89.9,0,30,125,9.827,3.708,82.9,1.488,3.314,0.0,2.515,1.5,0.84
1788442814.954,turning,11.309,3.554,89.9,0,30,125,9.827,3.708,83.0,1.49,3.331,0.0,2.515,1.5,0.84
1788442815.006,turning,11.309,3.546,89.9,0,30,125,9.827,3.708,83.0,1.491,3.34,0.0,2.515,1.5,0.87
1788442815.058,turning,11.309,3.532,89.9,0,30,125,9.827,3.708,83.0,1.492,3.353,0.0,2.515,1.5,0.87
1788442815.112,turning,11.309,3.534,90.0,0,30,125,9.827,3.708,82.9,1.492,3.351,0.0,2.509,1.5,0.89
1788442815.181,turning,11.311,3.551,90.4,0,30,125,9.827,3.708,82.6,1.492,3.334,0.0,2.49,1.5,0.89
1788442815.264,turning,11.311,3.555,90.4,0,30,125,9.827,3.708,82.5,1.491,3.331,0.0,2.488,1.5,0.89
1788442815.317,turning,11.311,3.562,90.4,0,30,125,9.827,3.708,82.6,1.491,3.324,0.0,2.488,1.5,0.89
1788442815.368,turning,11.311,3.568,90.4,0,30,125,9.827,3.708,82.6,1.49,3.317,0.0,2.488,1.5,0.88
1788442815.419,turning,11.311,3.582,90.4,0,30,125,9.827,3.708,82.7,1.489,3.304,0.0,2.488,1.5,0.88
1788442815.47,turning,11.311,3.588,90.4,0,30,125,9.827,3.708,82.7,1.488,3.297,0.0,2.488,1.5,0.87
1788442815.52,turning,11.31,3.602,90.4,0,30,125,9.827,3.708,82.8,1.487,3.284,0.0,2.488,1.5,0.87
1788442815.571,turning,11.31,3.609,90.4,0,30,125,9.827,3.708,82.9,1.486,3.277,0.0,2.488,1.5,0.84
1788442815.621,turning,11.31,3.622,90.4,0,30,125,9.827,3.708,82.9,1.485,3.263,0.0,2.488,1.5,0.84
1788442815.672,turning,11.317,3.632,89.5,0,30,127,9.825,3.662,84.0,1.492,3.253,0.0,2.537,1.5,0.83
1788442815.724,turning,11.322,3.641,88.5,0,30,127,9.825,3.662,85.1,1.497,3.244,0.0,2.588,1.5,0.83
1788442815.775,turning,11.324,3.655,87.5,0,30,127,9.825,3.662,86.3,1.498,3.229,0.0,2.64,1.5,0.81
1788442815.828,turning,11.324,3.657,87.5,0,30,127,9.825,3.662,86.4,1.498,3.228,0.0,2.64,1.5,0.81
1788442815.881,turning,11.324,3.657,87.5,0,30,127,9.825,3.662,86.6,1.498,3.228,0.0,2.64,1.5,0.8
1788442815.933,turning,11.324,3.657,87.5,0,30,127,9.825,3.662,86.7,1.498,3.228,0.0,2.64,1.5,0.8
1788442815.988,turning,11.324,3.658,87.5,0,30,127,9.825,3.662,86.8,1.498,3.227,0.0,2.64,1.5,0.93
1788442816.043,turning,11.324,3.66,87.5,0,30,127,9.825,3.662,87.0,1.499,3.225,0.0,2.64,1.5,0.93
1788442816.095,turning,11.324,3.669,87.5,0,30,127,9.825,3.662,87.1,1.499,3.216,0.0,2.64,1.5,0.94
1788442816.148,turning,11.325,3.676,87.5,0,30,127,9.825,3.662,87.3,1.499,3.208,0.0,2.64,1.5,0.94
1788442816.199,turning,11.325,3.691,87.5,0,30,127,9.825,3.662,87.4,1.5,3.193,0.0,2.64,1.5,0.92
1788442816.251,turning,11.326,3.699,87.5,0,30,127,9.825,3.662,87.6,1.501,3.186,0.0,2.64,1.5,0.92
1788442816.303,turning,11.326,3.714,87.5,0,30,127,9.825,3.662,87.8,1.502,3.171,0.0,2.64,1.5,0.95
1788442816.353,turning,11.327,3.721,87.5,0,30,127,9.825,3.662,87.9,1.502,3.163,0.0,2.64,1.5,0.95
1788442816.404,turning,11.327,3.736,87.5,0,30,127,9.825,3.662,88.1,1.504,3.148,0.0,2.64,1.5,0.95
1788442816.456,turning,11.328,3.744,87.5,0,30,127,9.825,3.662,88.3,1.504,3.141,0.0,2.64,1.5,0.95
1788442816.508,turning,11.319,3.762,87.8,0,30,127,9.825,3.662,88.2,1.497,3.124,0.0,2.628,1.5,0.91
1788442816.559,turning,11.313,3.771,87.9,0,30,127,9.825,3.662,88.3,1.491,3.115,0.0,2.619,1.5,0.91
1788442816.61,turning,11.309,3.769,88.0,0,30,127,9.825,3.662,88.4,1.488,3.117,0.0,2.614,1.5,0.69
1788442816.666,turning,11.309,3.752,88.0,0,30,127,9.825,3.662,88.6,1.486,3.134,0.0,2.614,1.5,0.69
1788442816.725,turning,11.308,3.744,88.0,0,30,126,9.826,3.7,88.7,1.483,3.142,0.0,2.614,1.5,0.7
1788442816.779,turning,11.308,3.727,88.0,1,31,126,9.776,3.702,88.8,1.532,3.159,0.0,2.614,1.5,0.7
1788442816.835,turning,11.308,3.719,88.0,1,31,126,9.776,3.702,88.9,1.532,3.168,0.0,2.614,1.5,0.73
1788442816.887,turning,11.307,3.702,88.0,1,31,126,9.776,3.702,89.0,1.531,3.185,0.0,2.614,1.5,0.73
1788442816.938,turning,11.307,3.693,88.0,1,31,126,9.776,3.702,89.0,1.531,3.193,0.0,2.614,1.5,0.75
1788442816.987,turning,11.306,3.676,88.0,1,31,126,9.776,3.702,89.1,1.531,3.21,0.0,2.614,1.5,0.75
1788442817.039,turning,11.312,3.671,88.0,1,31,126,9.776,3.702,89.1,1.536,3.215,0.0,2.614,1.5,0.78
1788442817.089,turning,11.328,3.665,88.0,0,30,126,9.826,3.7,89.1,1.503,3.22,0.0,2.613,1.5,0.78
1788442817.141,turning,11.33,3.658,88.0,0,30,126,9.826,3.7,89.2,1.505,3.227,0.0,2.613,1.5,0.8
1788442817.19,turning,11.329,3.641,88.0,0,30,126,9.826,3.7,89.2,1.505,3.244,0.0,2.613,1.5,0.8
1788442817.24,turning,11.329,3.632,88.0,0,30,126,9.826,3.7,89.2,1.505,3.252,0.0,2.613,1.5,0.82
1788442817.29,turning,11.328,3.615,88.0,1,31,126,9.776,3.702,89.2,1.555,3.269,0.0,2.613,1.5,0.82
1788442817.342,turning,11.328,3.607,88.0,1,31,126,9.776,3.702,89.2,1.555,3.278,0.0,2.613,1.5,0.84
1788442817.395,turning,11.327,3.59,88.0,1,31,126,9.776,3.702,89.1,1.556,3.295,0.0,2.613,1.5,0.84
1788442817.453,turning,11.327,3.581,88.0,1,31,126,9.776,3.702,89.1,1.556,3.303,0.0,2.613,1.5,0.87
1788442817.506,turning,11.327,3.573,88.0,1,31,126,9.776,3.702,89.0,1.557,3.312,0.0,2.613,1.5,0.87
1788442817.563,turning,11.322,3.534,88.1,1,31,126,9.776,3.702,88.9,1.555,3.35,0.0,2.609,1.5,0.89
1788442817.613,turning,11.317,3.504,88.2,1,31,126,9.776,3.702,88.7,1.554,3.381,0.0,2.604,1.5,0.89
1788442817.667,turning,11.312,3.467,88.3,1,31,126,9.776,3.702,88.4,1.555,3.418,0.0,2.6,1.5,0.91
1788442817.717,turning,11.312,3.459,88.3,0,30,124,9.831,3.744,88.3,1.508,3.426,0.0,2.6,1.5,0.91
1788442817.769,turning,11.312,3.442,88.3,0,30,124,9.831,3.744,88.1,1.511,3.443,0.0,2.6,1.5,0.94
1788442817.819,turning,11.311,3.436,88.3,0,30,124,9.831,3.744,87.9,1.512,3.449,0.0,2.6,1.5,0.94
1788442817.872,turning,11.311,3.428,88.3,0,30,124,9.831,3.744,87.7,1.514,3.457,0.0,2.6,1.5,0.96
1788442817.921,turning,11.311,3.427,88.3,0,30,124,9.831,3.744,87.5,1.514,3.458,0.0,2.6,1.5,0.96
1788442817.976,turning,11.311,3.43,88.3,0,30,124,9.831,3.744,87.3,1.513,3.455,0.0,2.6,1.5,0.96
1788442818.026,turning,11.311,3.434,88.3,0,30,124,9.831,3.744,87.1,1.513,3.451,0.0,2.6,1.5,0.96
1788442818.078,turning,11.314,3.47,88.1,0,30,124,9.831,3.744,87.2,1.508,3.414,0.0,2.612,1.5,0.95
1788442818.128,turning,11.316,3.496,87.9,0,30,124,9.831,3.744,87.2,1.506,3.389,0.0,2.621,1.5,0.95
1788442818.183,turning,11.318,3.521,87.8,1,31,124,9.781,3.749,87.3,1.554,3.364,0.0,2.627,1.5,0.93
1788442818.239,turning,11.318,3.528,87.8,1,31,124,9.781,3.749,87.2,1.553,3.357,0.0,2.627,1.5,0.93
1788442818.294,turning,11.319,3.541,87.8,1,31,124,9.781,3.749,87.1,1.552,3.343,0.0,2.627,1.5,0.91
1788442818.349,turning,11.319,3.548,87.8,1,31,124,9.781,3.749,87.1,1.551,3.337,0.0,2.627,1.5,0.91
1788442818.402,turning,11.319,3.555,87.8,1,31,124,9.781,3.749,87.0,1.55,3.33,0.0,2.627,1.5,0.9
1788442818.452,turning,11.32,3.569,87.8,1,31,124,9.781,3.749,87.0,1.549,3.316,0.0,2.627,1.5,0.9
1788442818.504,turning,11.32,3.575,87.8,1,31,124,9.781,3.749,86.9,1.549,3.309,0.0,2.627,1.5,0.87
1788442818.561,turning,11.321,3.589,87.8,1,31,124,9.781,3.749,86.9,1.548,3.296,0.0,2.627,1.5,0.87
1788442818.613,turning,11.321,3.596,87.8,1,31,124,9.781,3.749,86.9,1.547,3.289,0.0,2.627,1.5,0.86
1788442818.664,turning,11.322,3.609,87.8,1,31,124,9.781,3.749,86.9,1.547,3.276,0.0,2.627,1.5,0.86
1788442818.714,turning,11.322,3.616,87.8,1,31,124,9.781,3.749,86.9,1.546,3.269,0.0,2.627,1.5,0.84
1788442818.765,turning,11.322,3.63,87.8,0,30,126,9.827,3.708,87.0,1.497,3.255,0.0,2.627,1.5,0.84
1788442818.815,turning,11.323,3.636,87.8,0,30,126,9.827,3.708,87.0,1.497,3.248,0.0,2.627,1.5,0.82
1788442818.869,turning,11.323,3.65,87.8,0,30,126,9.827,3.708,87.1,1.497,3.235,0.0,2.627,1.5,0.82
1788442818.921,turning,11.323,3.657,87.8,0,30,126,9.827,3.708,87.2,1.497,3.228,0.0,2.627,1.5,0.8
1788442818.975,turning,11.323,3.658,87.8,0,30,126,9.827,3.708,87.3,1.497,3.226,0.0,2.627,1.5,0.8
1788442819.029,turning,11.323,3.658,87.8,0,30,126,9.827,3.708,87.4,1.497,3.226,0.0,2.627,1.5,0.79
1788442819.086,turning,11.323,3.658,87.8,0,30,126,9.827,3.708,87.4,1.497,3.226,0.0,2.627,1.5,0.79
1788442819.14,turning,11.323,3.658,87.8,0,30,126,9.827,3.708,87.5,1.497,3.226,0.0,2.627,1.5,0.79
1788442819.193,turning,11.323,3.644,87.8,0,30,126,9.827,3.708,87.6,1.497,3.241,0.0,2.627,1.5,0.79
1788442819.243,turning,11.321,3.636,87.9,0,30,126,9.827,3.708,87.5,1.496,3.249,0.0,2.623,1.5,0.8
1788442819.297,turning,11.319,3.628,87.9,0,30,126,9.827,3.708,87.5,1.494,3.257,0.0,2.618,1.5,0.8
1788442819.348,turning,11.317,3.611,88.0,0,30,126,9.827,3.708,87.4,1.493,3.274,0.0,2.614,1.5,0.83
1788442819.397,turning,11.317,3.603,88.0,0,30,126,9.827,3.708,87.4,1.493,3.282,0.0,2.614,1.5,0.83
1788442819.449,turning,11.316,3.586,88.0,0,30,126,9.827,3.708,87.4,1.494,3.299,0.0,2.614,1.5,0.85
1788442819.499,turning,11.316,3.577,88.0,0,30,126,9.827,3.708,87.4,1.494,3.308,0.0,2.614,1.5,0.85
1788442819.55,turning,11.315,3.56,88.0,0,30,126,9.827,3.708,87.4,1.495,3.325,0.0,2.614,1.5,0.87
1788442819.601,turning,11.315,3.552,88.0,0,30,126,9.827,3.708,87.3,1.496,3.333,0.0,2.614,1.5,0.87
1788442819.651,turning,11.314,3.535,88.0,0,30,126,9.827,3.708,87.3,1.497,3.35,0.0,2.614,1.5,0.9
1788442819.703,turning,11.314,3.526,88.0,0,30,126,9.827,3.708,87.2,1.498,3.359,0.0,2.614,1.5,0.9
1788442819.763,turning,11.314,3.509,88.0,0,30,68,11.425,5.025,85.0,1.52,3.376,0.0,2.614,1.5,0.92
1788442819.816,turning,11.313,3.501,88.0,0,30,68,11.425,5.025,82.9,1.528,3.384,0.0,2.614,1.5,0.92
1788442819.872,turning,11.313,3.484,88.0,0,30,68,11.425,5.025,80.8,1.545,3.401,0.0,2.614,1.5,0.95
1788442819.924,turning,11.312,3.475,88.0,0,30,68,11.425,5.025,78.7,1.554,3.41,0.0,2.614,1.5,0.95
1788442819.976,turning,11.312,3.458,88.0,0,30,68,11.425,5.025,76.7,1.571,3.427,0.0,2.614,1.5,0.97
1788442820.027,turning,11.312,3.45,88.0,0,30,68,11.425,5.025,74.8,1.579,3.435,0.0,2.614,1.5,0.97
1788442820.077,turning,11.311,3.433,88.0,0,30,68,11.425,5.025,72.9,1.596,3.452,0.0,2.614,1.5,0.99
1788442820.128,turning,11.311,3.424,88.0,0,30,68,11.425,5.025,71.0,1.605,3.461,0.0,2.614,1.5,0.99
1788442820.178,turning,11.311,3.417,88.0,0,30,68,11.425,5.025,69.3,1.612,3.468,0.0,2.618,1.5,1.02
1788442820.229,turning,11.313,3.403,87.6,0,30,68,11.425,5.025,67.9,1.626,3.482,0.0,2.635,1.5,1.02
1788442820.281,turning,11.313,3.395,87.6,0,30,68,11.425,5.025,66.2,1.634,3.49,0.0,2.639,1.5,1.04
1788442820.331,turning,11.312,3.378,87.6,0,30,68,11.425,5.025,64.6,1.651,3.507,0.0,2.639,1.5,1.04
1788442820.381,turning,11.312,3.369,87.6,0,30,68,11.425,5.025,62.9,1.659,3.515,0.0,2.639,1.5,1.06
1788442820.432,turning,11.311,3.352,87.6,0,30,68,11.425,5.025,61.3,1.676,3.532,0.0,2.639,1.5,1.06
1788442820.486,turning,11.31,3.344,87.6,0,30,68,11.425,5.025,59.8,1.685,3.541,0.0,2.639,1.5,1.09
1788442820.543,turning,11.31,3.33,87.6,0,30,68,11.425,5.025,58.3,1.699,3.555,0.0,2.639,1.5,1.09
1788442820.596,turning,11.31,3.325,87.6,0,30,68,11.425,5.025,56.8,1.704,3.56,0.0,2.639,1.5,1.11
1788442820.651,turning,11.309,3.321,87.6,0,30,68,11.425,5.025,55.4,1.708,3.564,0.0,2.639,1.5,1.11
1788442820.704,turning,11.308,3.319,87.6,0,30,68,11.425,5.025,53.9,1.71,3.566,0.0,2.634,1.5,1.11
1788442820.756,turning,11.305,3.317,87.8,0,30,68,11.425,5.025,52.3,1.712,3.568,0.0,2.623,1.5,1.11
1788442820.806,turning,11.305,3.322,87.9,0,30,124,9.876,3.742,52.9,1.49,3.563,0.0,2.622,1.5,1.11
1788442820.858,turning,11.306,3.336,87.9,0,30,124,9.876,3.742,53.4,1.487,3.549,0.0,2.622,1.5,1.11
1788442820.908,turning,11.306,3.343,87.9,0,30,124,9.876,3.742,54.0,1.485,3.543,0.0,2.622,1.5,1.09
1788442820.959,turning,11.307,3.356,87.9,1,31,124,9.826,3.745,54.6,1.531,3.529,0.0,2.622,1.5,1.09
1788442821.011,turning,11.307,3.363,87.9,1,31,124,9.826,3.745,55.2,1.53,3.522,0.0,2.622,1.5,1.07
1788442821.062,turning,11.307,3.37,87.9,1,31,124,9.826,3.745,55.7,1.528,3.515,0.0,2.622,1.5,1.07
1788442821.113,turning,11.308,3.383,87.9,1,31,124,9.826,3.745,56.3,1.525,3.502,0.0,2.622,1.5,1.05
1788442821.163,turning,11.308,3.39,87.9,1,31,124,9.826,3.745,56.8,1.524,3.495,0.0,2.622,1.5,1.05
1788442821.216,turning,11.308,3.404,87.9,1,31,124,9.826,3.745,57.4,1.521,3.482,0.0,2.622,1.5,1.03
1788442821.271,turning,11.309,3.411,87.9,1,31,124,9.826,3.745,57.9,1.52,3.475,0.0,2.622,1.5,1.03
1788442821.33,turning,11.309,3.424,87.9,1,31,124,9.826,3.745,58.5,1.518,3.461,0.0,2.622,1.5,1.01
1788442821.381,turning,11.309,3.431,87.9,1,31,124,9.826,3.745,59.0,1.517,3.454,0.0,2.622,1.5,1.01
1788442821.435,turning,11.31,3.444,87.9,1,31,124,9.826,3.745,59.5,1.514,3.441,0.0,2.622,1.5,0.99
1788442821.486,turning,11.31,3.451,87.9,1,31,124,9.826,3.745,60.1,1.513,3.434,0.0,2.622,1.5,0.99
1788442821.537,turning,11.311,3.465,87.9,1,31,124,9.826,3.745,60.6,1.511,3.42,0.0,2.622,1.5,0.97
1788442821.586,turning,11.311,3.472,87.9,1,31,124,9.826,3.745,61.1,1.51,3.414,0.0,2.622,1.5,0.97
1788442821.638,turning,11.311,3.485,87.9,1,31,124,9.826,3.745,61.6,1.508,3.4,0.0,2.622,1.5,0.95
1788442821.689,turning,11.312,3.492,87.9,1,31,124,9.826,3.745,62.2,1.507,3.393,0.0,2.622,1.5,0.95
1788442821.742,turning,11.312,3.506,87.9,1,31,124,9.826,3.745,62.7,1.506,3.38,0.0,2.622,1.5,0.94
1788442821.793,turning,11.312,3.512,87.9,0,30,68,11.425,5.025,61.1,1.517,3.373,0.0,2.622,1.5,0.94
1788442821.848,turning,11.313,3.526,87.9,0,30,68,11.425,5.025,59.5,1.503,3.359,0.0,2.622,1.5,0.92
1788442821.898,turning,11.313,3.533,87.9,0,30,68,11.425,5.025,58.0,1.496,3.352,0.0,2.622,1.5,0.92
1788442821.948,turning,11.313,3.54,87.9,0,30,68,11.425,5.025,56.5,1.49,3.346,0.0,2.622,1.5,0.9
1788442822.0,turning,11.314,3.553,87.9,0,30,68,11.425,5.025,55.1,1.476,3.332,0.0,2.622,1.5,0.9
1788442822.054,turning,11.314,3.56,87.9,1,31,68,11.425,5.075,53.6,1.519,3.325,0.0,2.622,1.5,0.88
1788442822.107,turning,11.315,3.574,87.9,1,31,68,11.425,5.075,52.3,1.505,3.312,0.0,2.622,1.5,0.88
1788442822.164,turning,11.315,3.579,87.9,1,31,68,11.425,5.075,50.9,1.5,3.307,0.0,2.622,1.5,0.86
1788442822.215,turning,11.316,3.586,87.9,1,31,68,11.425,5.075,49.6,1.493,3.299,0.0,2.62,1.5,0.86
1788442822.268,turning,11.316,3.592,87.9,1,31,68,11.425,5.075,48.3,1.487,3.293,0.0,2.62,1.5,0.84
1788442822.317,turning,11.317,3.606,87.9,1,31,68,11.425,5.075,47.0,1.473,3.279,0.0,2.62,1.5,0.84
1788442822.371,turning,11.317,3.612,87.9,2,32,68,11.425,5.125,45.8,1.516,3.273,0.0,2.62,1.5,0.82
1788442822.421,turning,11.318,3.626,87.9,2,32,68,11.425,5.125,44.7,1.503,3.259,0.0,2.62,1.5,0.82
1788442822.472,turning,11.318,3.633,87.9,2,32,68,11.425,5.125,43.5,1.496,3.252,0.0,2.62,1.5,0.8
1788442822.523,turning,11.318,3.646,87.9,2,32,68,11.425,5.125,42.4,1.482,3.239,0.0,2.62,1.5,0.8
1788442822.573,turning,11.319,3.653,87.9,2,32,68,11.425,5.125,41.3,1.476,3.232,0.0,2.62,1.5,0.78
1788442822.623,turning,11.319,3.667,87.8,3,33,68,11.425,5.175,40.3,1.512,3.218,0.0,2.626,1.5,0.78
1788442822.674,turning,11.319,3.674,87.6,3,33,68,11.425,5.175,39.4,1.505,3.212,0.0,2.634,1.5,0.77
1788442822.725,turning,11.319,3.674,86.7,3,33,68,11.425,5.175,39.4,1.505,3.211,0.0,2.685,1.5,0.77
1788442822.788,turning,11.318,3.676,86.2,3,33,68,11.425,5.175,38.9,1.503,3.209,0.0,2.709,1.5,0.76
1788442822.851,turning,11.316,3.679,85.8,0,30,123,9.827,3.758,40.6,1.491,3.207,0.0,2.731,1.5,0.76
1788442822.918,turning,11.314,3.681,84.7,0,30,123,9.827,3.758,42.9,1.489,3.205,0.0,2.789,1.5,0.76
1788442822.985,turning,11.314,3.681,84.0,0,30,123,9.827,3.758,44.8,1.489,3.205,0.0,2.825,1.5,0.76
1788442823.051,turning,11.314,3.681,82.6,0,30,123,9.827,3.758,47.4,1.489,3.205,0.0,2.896,1.5,0.76
1788442823.108,turning,11.314,3.681,82.0,0,30,123,9.827,3.758,49.2,1.489,3.205,0.0,2.931,1.5,0.76
1788442823.169,turning,11.314,3.681,80.7,0,30,123,9.827,3.758,51.6,1.489,3.205,0.0,2.995,1.5,0.75
1788442823.227,turning,11.314,3.681,80.2,0,30,123,9.827,3.758,53.3,1.489,3.205,0.0,3.026,1.5,0.75
1788442823.291,turning,11.314,3.681,79.1,0,30,123,9.827,3.758,55.4,1.489,3.205,0.0,3.082,1.5,0.75
1788442823.356,turning,11.314,3.681,78.6,0,30,123,9.827,3.758,57.0,1.489,3.205,0.0,3.11,1.5,0.75
1788442823.414,turning,11.314,3.681,77.6,0,30,123,9.827,3.758,59.0,1.489,3.205,0.0,3.159,1.5,0.75
1788442823.476,turning,11.314,3.681,77.2,0,30,123,9.827,3.758,60.4,1.489,3.205,0.0,3.183,1.5,0.75
1788442823.536,turning,11.314,3.681,76.3,0,30,123,9.827,3.758,62.2,1.489,3.205,0.0,3.227,1.5,0.75
1788442823.604,turning,11.314,3.681,75.9,0,30,123,9.827,3.758,63.6,1.489,3.205,0.0,3.248,1.5,0.75
1788442823.697,turning,11.314,3.675,75.1,0,30,123,9.827,3.758,65.3,1.489,3.211,0.0,3.291,1.5,0.75
1788442823.787,turning,11.314,3.67,74.7,0,30,123,9.827,3.758,66.6,1.49,3.215,0.0,3.314,1.5,0.75
1788442823.855,turning,11.315,3.67,74.3,0,30,123,9.827,3.758,67.8,1.491,3.215,0.0,3.33,1.5,0.75
1788442823.916,turning,11.316,3.674,74.3,0,30,123,9.827,3.758,68.7,1.491,3.211,0.0,3.333,1.5,0.75
1788442823.977,turning,11.318,3.68,74.3,0,30,123,9.827,3.758,69.6,1.493,3.206,0.0,3.335,1.5,0.74
1788442824.032,turning,11.318,3.681,74.3,0,30,123,9.827,3.758,70.4,1.493,3.204,0.0,3.335,1.5,0.74
1788442824.089,turning,11.318,3.681,74.3,0,30,123,9.827,3.758,71.2,1.493,3.204,0.0,3.335,1.5,0.74
1788442824.146,turning,11.318,3.681,74.3,0,30,123,9.827,3.758,72.0,1.493,3.204,0.0,3.335,1.5,0.74
1788442824.203,turning,11.317,3.683,74.3,0,30,123,9.827,3.758,72.8,1.492,3.202,0.0,3.335,1.5,0.74
1788442824.263,turning,11.313,3.69,74.3,0,30,123,9.827,3.758,73.5,1.488,3.196,0.0,3.334,1.5,0.74
1788442824.319,turning,11.313,3.691,74.3,0,30,123,9.827,3.758,74.2,1.487,3.195,0.0,3.334,1.5,0.74
1788442824.372,turning,11.313,3.691,74.3,0,30,123,9.827,3.758,75.0,1.487,3.195,0.0,3.334,1.5,0.74
1788442824.429,turning,11.313,3.691,74.3,0,30,123,9.827,3.758,75.7,1.487,3.195,0.0,3.334,1.5,0.74
1788442824.486,turning,11.313,3.691,74.3,0,30,123,9.827,3.758,76.3,1.487,3.195,0.0,3.334,1.5,0.74
1788442824.551,turning,11.313,3.691,74.3,0,30,123,9.827,3.758,77.0,1.487,3.195,0.0,3.334,1.5,0.74
1788442824.608,turning,11.313,3.691,75.7,0,30,123,9.827,3.758,76.2,1.487,3.195,0.0,3.261,1.5,0.74
1788442824.664,turning,11.313,3.691,77.6,0,30,123,9.827,3.758,75.0,1.487,3.195,0.0,3.161,1.5,0.74
1788442824.719,turning,11.313,3.691,81.2,0,30,123,9.827,3.758,72.0,1.487,3.195,0.0,2.973,1.5,0.74
1788442824.774,turning,11.313,3.691,82.9,0,30,123,9.827,3.758,70.9,1.487,3.195,0.0,2.884,1.5,0.74
1788442824.83,turning,11.313,3.691,85.8,0,30,123,9.827,3.758,68.5,1.487,3.195,0.0,2.729,1.5,0.74
1788442824.883,turning,11.313,3.691,87.2,0,30,123,9.827,3.758,67.7,1.487,3.195,0.0,2.657,1.5,0.74
1788442824.936,turning,11.313,3.691,88.5,0,30,123,9.827,3.758,67.0,1.487,3.195,0.0,2.591,1.5,0.74
1788442824.992,turning,11.313,3.691,90.6,0,30,123,9.827,3.758,65.4,1.487,3.195,0.0,2.476,1.5,0.74
1788442825.042,turning,11.313,3.691,91.7,0,30,123,9.827,3.758,64.8,1.487,3.195,0.0,2.422,1.5,0.74
1788442825.097,turning,11.313,3.691,93.5,0,30,123,9.827,3.758,63.6,1.487,3.195,0.0,2.4,1.5,0.74
1788442825.155,turning,11.313,3.691,94.3,0,30,123,9.827,3.758,63.2,1.487,3.195,0.0,2.4,1.5,0.74
1788442825.213,turning,11.314,3.695,95.6,0,30,123,9.827,3.758,62.4,1.488,3.191,0.0,2.4,1.5,0.74
1788442825.274,turning,11.315,3.699,96.2,0,30,123,9.827,3.758,62.3,1.489,3.187,0.0,2.4,1.5,0.74
1788442825.334,turning,11.315,3.701,97.6,0,30,123,9.827,3.758,61.4,1.489,3.184,0.0,2.4,1.5,0.74
1788442825.393,turning,11.315,3.701,98.4,0,30,123,9.827,3.758,61.1,1.489,3.184,0.0,2.4,1.5,0.74
1788442825.452,turning,11.313,3.701,100.2,0,30,123,9.827,3.758,59.7,1.487,3.184,0.0,2.4,1.5,0.74
1788442825.506,turning,11.312,3.701,101.2,0,30,123,9.827,3.758,59.2,1.485,3.184,0.0,2.4,1.5,0.74
1788442825.564,turning,11.31,3.701,102.9,0,30,123,9.827,3.758,57.9,1.484,3.185,0.0,2.4,1.5,0.75
1788442825.619,turning,11.31,3.701,103.7,0,30,123,9.827,3.758,57.5,1.484,3.185,0.0,2.4,1.5,0.75
1788442825.679,turning,11.31,3.701,105.4,0,30,123,9.827,3.758,56.3,1.484,3.185,0.0,2.4,1.5,0.75
1788442825.73,turning,11.31,3.701,106.2,0,30,123,9.827,3.758,55.8,1.484,3.185,0.0,2.4,1.5,0.75
1788442825.785,turning,11.312,3.71,108.0,0,30,123,9.827,3.758,54.4,1.485,3.176,0.0,2.4,1.5,0.75
1788442825.838,turning,11.313,3.716,109.0,0,30,123,9.827,3.758,53.8,1.486,3.17,0.0,2.4,1.5,0.75
1788442825.89,turning,11.313,3.719,109.9,0,30,123,9.827,3.758,53.3,1.486,3.167,0.0,2.4,1.5,0.75
1788442825.944,turning,11.313,3.719,111.6,0,30,123,9.827,3.758,52.0,1.486,3.167,0.0,2.4,1.5,0.75
1788442826.003,turning,11.313,3.719,112.4,0,30,123,9.827,3.758,51.6,1.486,3.167,0.0,2.4,1.5,0.75
1788442826.063,turning,11.313,3.719,114.0,0,30,123,9.827,3.758,50.3,1.486,3.167,0.0,2.4,1.5,0.75
1788442826.121,turning,11.312,3.718,115.0,0,30,123,9.827,3.758,49.7,1.485,3.168,0.0,2.4,1.5,0.76
1788442826.178,turning,11.308,3.714,117.2,0,30,123,9.827,3.758,47.8,1.482,3.172,0.0,2.4,1.5,0.76
1788442826.231,turning,11.308,3.713,118.1,0,30,123,9.827,3.758,47.2,1.481,3.173,0.0,2.4,1.5,0.76
1788442826.285,turning,11.308,3.713,119.8,0,30,123,9.827,3.758,45.9,1.481,3.173,0.0,2.4,1.5,0.76
1788442826.346,turning,11.308,3.713,120.6,0,30,123,9.827,3.758,45.4,1.481,3.173,0.0,2.4,1.5,0.76
1788442826.4,turning,11.308,3.713,122.2,0,30,123,9.827,3.758,44.0,1.481,3.173,0.0,2.4,1.5,0.76
1788442826.457,turning,11.308,3.71,122.8,0,30,123,9.827,3.758,43.7,1.481,3.176,0.0,2.4,1.5,0.76
1788442826.515,turning,11.308,3.702,123.8,0,30,123,9.827,3.758,43.0,1.482,3.185,0.0,2.4,1.5,0.76
1788442826.574,turning,11.308,3.701,124.6,0,30,123,9.827,3.758,42.5,1.482,3.185,0.0,2.4,1.5,0.76
1788442826.63,turning,11.308,3.701,126.2,0,30,123,9.827,3.758,41.1,1.482,3.185,0.0,2.4,1.5,0.76
1788442826.685,turning,11.308,3.701,127.0,0,30,123,9.827,3.758,40.6,1.482,3.185,0.0,2.4,1.5,0.76
1788442826.747,turning,11.308,3.701,128.7,0,30,123,9.827,3.758,39.2,1.482,3.185,0.0,2.4,1.5,0.76
1788442826.815,turning,11.311,3.702,129.0,0,30,123,9.827,3.758,39.1,1.485,3.184,0.0,2.4,1.5,0.76
1788442826.885,turning,11.313,3.703,129.2,0,30,123,9.827,3.758,39.1,1.486,3.183,0.0,2.4,1.5,0.76
1788442826.953,turning,11.313,3.703,130.3,0,30,123,9.827,3.758,38.3,1.487,3.182,0.0,2.4,1.5,0.76
1788442827.01,turning,11.313,3.703,131.1,0,30,123,9.827,3.758,37.7,1.487,3.182,0.0,2.4,1.5,0.76
1788442827.068,turning,11.313,3.703,130.7,0,30,123,9.827,3.758,38.4,1.487,3.182,0.0,2.4,1.5,0.77
1788442827.12,turning,11.313,3.703,129.1,0,30,123,9.827,3.758,40.2,1.487,3.182,0.0,2.4,1.5,0.77
1788442827.174,turning,11.313,3.697,125.7,0,30,123,9.827,3.758,43.7,1.487,3.188,0.0,2.4,1.5,0.76
1788442827.229,turning,11.313,3.692,124.0,0,30,123,9.827,3.758,45.7,1.487,3.194,0.0,2.4,1.5,0.76
1788442827.286,turning,11.313,3.687,120.7,0,30,123,9.827,3.758,49.1,1.487,3.198,0.0,2.4,1.5,0.76
1788442827.338,turning,11.313,3.687,119.1,0,30,123,9.827,3.758,50.9,1.487,3.198,0.0,2.4,1.5,0.76
1788442827.39,turning,11.313,3.687,115.9,0,30,123,9.827,3.758,54.3,1.487,3.198,0.0,2.4,1.5,0.76
1788442827.443,turning,11.313,3.687,114.3,0,30,123,9.827,3.758,56.1,1.487,3.198,0.0,2.4,1.5,0.76
1788442827.503,turning,11.313,3.688,111.4,0,30,123,9.827,3.758,59.2,1.487,3.198,0.0,2.4,1.5,0.76
1788442827.57,turning,11.312,3.688,110.0,0,30,123,9.827,3.758,60.7,1.487,3.198,0.0,2.4,1.5,0.76
1788442827.64,turning,11.312,3.688,106.9,0,30,123,9.827,3.758,64.0,1.487,3.198,0.0,2.4,1.5,0.75
1788442827.709,turning,11.312,3.688,105.3,0,30,123,9.827,3.758,65.7,1.487,3.198,0.0,2.4,1.5,0.75
1788442827.77,turning,11.309,3.69,102.3,0,30,123,9.827,3.758,68.9,1.483,3.196,0.0,2.4,1.5,0.75
1788442827.824,turning,11.307,3.692,100.8,0,30,123,9.827,3.758,70.6,1.481,3.194,0.0,2.4,1.5,0.75
1788442827.883,turning,11.306,3.693,99.2,0,30,123,9.827,3.758,72.3,1.48,3.194,0.0,2.4,1.5,0.75
1788442827.94,turning,11.306,3.693,96.0,0,30,123,9.827,3.758,75.6,1.48,3.194,0.0,2.4,1.5,0.75
1788442827.998,turning,11.306,3.69,94.6,0,30,123,9.827,3.758,77.2,1.48,3.196,0.0,2.4,1.5,0.75
1788442828.056,turning,11.306,3.681,92.1,0,30,123,9.827,3.758,79.8,1.481,3.206,0.0,2.4,1.5,0.75
1788442828.108,turning,11.306,3.679,90.9,0,30,123,9.827,3.758,81.2,1.481,3.208,0.0,2.464,1.5,0.74
1788442828.163,turning,11.306,3.679,88.8,0,30,123,9.827,3.758,83.4,1.481,3.208,0.0,2.573,1.5,0.74
1788442828.219,turning,11.304,3.679,87.8,0,30,123,9.827,3.758,84.5,1.479,3.208,0.0,2.628,1.5,0.74
1788442828.274,turning,11.3,3.679,85.7,1,31,123,9.777,3.761,86.7,1.525,3.207,0.0,2.736,1.5,0.74
1788442828.339,turning,11.299,3.68,84.8,1,31,123,9.777,3.761,87.7,1.524,3.207,0.0,2.782,1.5,0.74
1788442828.4,turning,11.299,3.68,83.3,1,31,123,9.777,3.761,89.3,1.524,3.207,0.0,2.862,1.5,0.74
1788442828.464,turning,11.301,3.674,82.5,0,30,123,9.827,3.758,90.2,1.476,3.212,0.0,2.902,1.5,0.74
1788442828.518,turning,11.306,3.66,81.2,0,30,123,9.827,3.758,91.6,1.482,3.226,0.0,2.971,1.5,0.74
1788442828.582,turning,11.307,3.659,80.7,0,30,123,9.827,3.758,92.2,1.483,3.227,0.0,2.999,1.5,0.74
1788442828.634,turning,11.307,3.662,80.3,0,30,123,9.827,3.758,92.6,1.483,3.224,0.0,3.016,1.5,0.74
1788442828.689,turning,11.302,3.675,80.0,0,30,123,9.827,3.758,93.1,1.477,3.212,0.0,3.034,1.5,0.73
1788442828.741,turning,11.29,3.703,79.0,1,31,123,9.777,3.761,94.2,1.513,3.185,0.0,3.089,1.5,0.73
1788442828.795,turning,11.289,3.703,78.5,1,31,123,9.777,3.761,94.8,1.513,3.185,0.0,3.113,1.5,0.72
1788442828.853,turning,11.289,3.703,77.6,1,31,123,9.777,3.761,95.8,1.513,3.185,0.0,3.157,1.5,0.72
1788442828.908,turning,11.289,3.703,75.8,1,31,123,9.777,3.761,97.7,1.513,3.185,0.0,3.255,1.5,0.72
1788442828.964,turning,11.289,3.703,74.9,1,31,123,9.777,3.761,98.7,1.513,3.185,0.0,3.302,1.5,0.72
1788442829.018,turning,11.288,3.7,73.3,1,31,123,9.777,3.761,100.4,1.512,3.188,0.0,3.382,1.5,0.72
1788442829.074,turning,11.287,3.697,72.7,1,31,123,9.777,3.761,101.2,1.511,3.191,0.0,3.418,1.5,0.72
1788442829.133,turning,11.286,3.694,71.3,1,31,123,9.777,3.761,102.6,1.51,3.194,0.0,3.487,1.5,0.72
1788442829.194,turning,11.286,3.694,70.7,1,31,123,9.777,3.761,103.3,1.51,3.194,0.0,3.521,1.5,0.72
1788442829.26,turning,11.286,3.694,69.6,1,31,123,9.777,3.761,104.5,1.51,3.194,0.0,3.578,1.5,0.71
1788442829.316,turning,11.286,3.694,69.1,1,31,123,9.777,3.761,105.1,1.51,3.194,0.0,3.605,1.5,0.71
1788442829.371,turning,11.286,3.694,68.2,1,31,123,9.777,3.761,106.1,1.51,3.194,0.0,3.654,1.5,0.71
1788442829.422,turning,11.286,3.694,67.7,1,31,123,9.777,3.761,106.6,1.51,3.194,0.0,3.678,1.5,0.71
1788442829.479,turning,11.284,3.694,66.7,1,31,123,9.777,3.761,107.7,1.508,3.194,0.0,3.728,1.5,0.71
1788442829.532,turning,11.282,3.694,66.2,0,30,124,9.778,3.763,108.2,1.506,3.194,0.0,3.755,1.5,0.71
1788442829.588,turning,11.28,3.694,65.4,0,30,124,9.778,3.763,109.1,1.504,3.194,0.0,3.797,1.5,0.71
1788442829.639,turning,11.28,3.694,65.1,0,30,124,9.778,3.763,109.5,1.504,3.194,0.0,3.816,1.5,0.71
1788442829.694,turning,11.28,3.694,64.4,0,30,124,9.778,3.763,110.3,1.504,3.194,0.0,3.85,1.5,0.71
1788442829.749,turning,11.28,3.694,64.1,0,30,124,9.778,3.763,110.7,1.504,3.194,0.0,3.867,1.5,0.71
1788442829.803,turning,11.28,3.694,63.8,0,30,124,9.778,3.763,111.0,1.504,3.194,0.0,3.882,1.5,0.72
1788442829.858,turning,11.28,3.694,63.2,0,30,124,9.778,3.763,111.6,1.504,3.194,0.0,3.912,1.5,0.72
1788442829.917,turning,11.28,3.695,63.0,0,30,124,9.778,3.763,111.9,1.504,3.193,0.0,3.924,1.5,0.75
1788442829.979,turning,11.278,3.699,62.6,0,30,124,9.778,3.763,112.4,1.501,3.189,0.0,3.944,1.5,0.75
1788442830.04,turning,11.277,3.7,62.4,0,30,124,9.778,3.763,112.7,1.501,3.189,0.0,3.956,1.5,0.79
1788442830.103,turning,11.277,3.7,61.8,0,30,124,9.778,3.763,113.4,1.501,3.189,0.0,3.989,1.5,0.79
1788442830.159,turning,11.277,3.7,61.4,0,30,124,9.778,3.763,113.7,1.501,3.189,0.0,4.005,1.5,0.85
1788442830.211,turning,11.277,3.7,60.9,0,30,124,9.778,3.763,114.4,1.501,3.189,0.0,4.036,1.5,0.85
1788442830.268,turning,11.277,3.7,60.6,0,30,124,9.778,3.763,114.7,1.501,3.189,0.0,4.051,1.5,0.86
1788442830.322,turning,11.277,3.7,60.1,0,30,124,9.778,3.763,115.3,1.501,3.189,0.0,4.078,1.5,0.86
1788442830.375,turning,11.277,3.7,59.8,0,30,124,9.778,3.763,115.6,1.501,3.189,0.0,4.091,1.5,0.85
1788442830.429,turning,11.277,3.701,59.4,0,30,124,9.778,3.763,116.1,1.501,3.188,0.0,4.115,1.5,0.85
1788442830.483,turning,11.278,3.702,59.1,0,30,124,9.778,3.763,116.4,1.502,3.187,0.0,4.126,1.5,0.86
1788442830.538,turning,11.283,3.71,58.7,0,30,124,9.778,3.763,116.9,1.507,3.178,0.0,4.147,1.5,0.86
1788442830.592,turning,11.287,3.716,58.5,0,30,122,9.776,3.764,117.1,1.512,3.172,0.0,4.157,1.5,0.84
1788442830.648,turning,11.294,3.727,58.2,0,30,122,9.776,3.764,117.5,1.519,3.16,0.0,4.176,1.5,0.84
1788442830.71,turning,11.299,3.741,58.1,0,30,122,9.776,3.764,117.7,1.524,3.146,0.0,4.178,1.5,0.83
1788442830.771,turning,11.304,3.754,58.1,0,30,122,9.776,3.764,117.8,1.529,3.132,0.0,4.18,1.5,0.83
1788442830.831,turning,11.313,3.774,57.9,0,30,122,9.776,3.764,118.1,1.538,3.112,0.0,4.189,1.5,0.8
1788442830.883,turning,11.317,3.78,57.8,0,30,122,9.776,3.764,118.3,1.541,3.106,0.0,4.197,1.5,0.8
1788442830.938,turning,11.324,3.791,57.5,0,30,122,9.776,3.764,118.8,1.549,3.094,0.0,4.213,1.5,0.78
1788442830.993,turning,11.328,3.797,57.4,0,30,122,9.776,3.764,119.0,1.553,3.088,0.0,4.22,1.5,0.78
1788442831.047,turning,11.329,3.798,59.9,0,30,122,9.776,3.764,116.6,1.554,3.086,0.0,4.086,1.5,0.76
1788442831.1,turning,11.329,3.798,61.4,0,30,122,9.776,3.764,115.2,1.554,3.086,0.0,4.007,1.5,0.76
1788442831.159,turning,11.329,3.798,64.5,0,30,122,9.776,3.764,112.3,1.554,3.086,0.0,3.848,1.5,0.77
1788442831.213,turning,11.329,3.798,66.0,0,30,122,9.776,3.764,110.9,1.554,3.086,0.0,3.769,1.5,0.77
1788442831.269,turning,11.329,3.798,68.2,0,30,122,9.776,3.764,108.8,1.554,3.086,0.0,3.654,1.5,0.77
1788442831.322,turning,11.329,3.798,69.1,0,30,122,9.776,3.764,107.9,1.554,3.086,0.0,3.604,1.5,0.77
1788442831.374,turning,11.329,3.798,71.0,0,30,122,9.776,3.764,106.2,1.554,3.086,0.0,3.506,1.5,0.67
1788442831.431,turning,11.329,3.798,71.9,0,30,122,9.776,3.764,105.3,1.554,3.086,0.0,3.457,1.5,0.67
1788442831.492,turning,11.329,3.798,73.8,0,30,122,9.776,3.764,103.6,1.554,3.086,0.0,3.359,1.5,0.64
1788442831.554,turning,11.329,3.798,74.7,0,30,122,9.776,3.764,102.7,1.554,3.086,0.0,3.31,1.5,0.64
1788442831.617,turning,11.329,3.798,76.6,0,30,125,9.826,3.736,101.0,1.505,3.086,0.0,3.212,1.5,0.64
1788442831.671,turning,11.329,3.798,77.5,0,30,125,9.826,3.736,100.2,1.505,3.086,0.0,3.163,1.5,0.64
1788442831.723,turning,11.329,3.8,78.5,0,30,125,9.826,3.736,99.3,1.505,3.085,0.0,3.113,1.5,0.64
1788442831.777,turning,11.33,3.808,80.5,0,30,125,9.826,3.736,97.5,1.506,3.077,0.0,3.01,1.5,0.64
1788442831.832,turning,11.33,3.809,81.4,0,30,125,9.826,3.736,96.6,1.506,3.076,0.0,2.959,1.5,0.65
1788442831.884,turning,11.33,3.809,83.3,0,30,125,9.826,3.736,94.9,1.506,3.076,0.0,2.861,1.5,0.65
1788442831.94,turning,11.33,3.809,84.2,0,30,125,9.826,3.736,94.1,1.506,3.076,0.0,2.812,1.5,0.64
1788442831.993,turning,11.33,3.809,86.1,0,30,125,9.826,3.736,92.3,1.506,3.076,0.0,2.714,1.5,0.64
1788442832.047,turning,11.331,3.81,87.0,0,30,125,9.826,3.736,91.5,1.507,3.075,0.0,2.67,1.5,0.64
1788442832.101,turning,11.332,3.811,88.6,0,30,125,9.826,3.736,90.0,1.508,3.073,0.0,2.585,1.5,0.64
1788442832.158,turning,11.332,3.811,89.5,0,30,125,9.826,3.736,89.2,1.509,3.073,0.0,2.538,1.5,0.64
1788442832.213,turning,11.332,3.811,89.6,0,30,125,9.826,3.736,89.2,1.509,3.073,0.0,2.529,1.5,0.64
1788442832.271,turning,11.332,3.811,89.6,0,30,125,9.826,3.736,89.3,1.509,3.073,0.0,2.529,1.5,0.65
1788442832.332,turning,11.332,3.811,89.6,0,30,125,9.826,3.736,89.4,1.509,3.073,0.0,2.529,1.5,0.65
1788442832.393,turning,11.331,3.814,89.9,0,30,125,9.826,3.736,89.2,1.507,3.071,0.0,2.516,1.5,0.65
1788442832.45,turning,11.326,3.805,90.5,0,30,125,9.826,3.736,88.7,1.502,3.08,0.0,2.485,1.5,0.65
1788442832.505,turning,11.325,3.797,90.5,0,30,125,9.826,3.736,88.8,1.501,3.088,0.0,2.483,1.5,0.66
1788442832.558,turning,11.326,3.78,90.5,0,30,125,9.826,3.736,88.8,1.501,3.105,0.0,2.483,1.5,0.66
1788442832.612,turning,11.326,3.771,90.5,0,30,123,9.826,3.736,88.9,1.501,3.114,0.0,2.483,1.5,0.68
1788442832.665,turning,11.326,3.763,90.5,0,30,123,9.826,3.736,88.9,1.5,3.122,0.0,2.483,1.5,0.68
1788442832.717,turning,11.328,3.749,90.4,0,30,123,9.826,3.736,89.0,1.502,3.136,0.0,2.487,1.5,0.7
1788442832.773,turning,11.329,3.743,90.4,0,30,123,9.826,3.736,89.1,1.504,3.142,0.0,2.491,1.5,0.7
1788442832.828,turning,11.331,3.729,90.3,0,30,123,9.826,3.736,89.2,1.505,3.156,0.0,2.495,1.5,0.73
1788442832.882,turning,11.331,3.72,90.3,0,30,123,9.826,3.736,89.2,1.505,3.164,0.0,2.495,1.5,0.73
1788442832.935,turning,11.331,3.703,90.3,0,30,123,9.826,3.736,89.2,1.506,3.181,0.0,2.495,1.5,0.75
1788442832.992,turning,11.331,3.695,90.3,0,30,123,9.826,3.736,89.1,1.506,3.19,0.0,2.495,1.5,0.75
1788442833.054,turning,11.331,3.678,90.3,0,30,123,9.826,3.736,89.1,1.507,3.207,0.0,2.495,1.5,0.78
1788442833.111,turning,11.331,3.669,90.3,0,30,123,9.826,3.736,89.0,1.507,3.215,0.0,2.495,1.5,0.78
1788442833.111,turning,11.331,3.669,90.3,0,30,123,9.826,3.736,89.0,1.507,3.215,0.0,2.495,1.5,0.78
1788442833.231,turning,11.331,3.644,90.3,0,30,123,9.826,3.736,88.9,1.508,3.241,0.0,2.495,1.5,0.8
1788442833.232,turning,11.331,3.644,90.3,0,30,123,9.826,3.736,88.9,1.508,3.241,0.0,2.495,1.5,0.8
1788442833.343,turning,11.331,3.618,90.3,0,30,123,9.826,3.736,88.8,1.51,3.266,0.0,2.495,1.5,0.82
1788442833.394,turning,11.331,3.587,90.3,0,30,123,9.826,3.736,88.7,1.512,3.298,0.0,2.497,1.5,0.85
1788442833.449,turning,11.33,3.567,90.2,0,30,123,9.826,3.736,88.6,1.514,3.317,0.0,2.498,1.5,0.85
1788442833.503,turning,11.33,3.544,90.2,0,30,123,9.826,3.736,88.5,1.516,3.34,0.0,2.499,1.5,0.87
1788442833.559,turning,11.33,3.535,90.2,0,30,123,9.826,3.736,88.3,1.518,3.349,0.0,2.499,1.5,0.87
1788442833.612,turning,11.33,3.527,90.2,0,30,123,9.826,3.736,88.2,1.519,3.357,0.0,2.499,1.5,0.9
1788442833.668,turning,11.33,3.51,90.2,0,30,125,9.84,3.737,88.0,1.507,3.374,0.0,2.499,1.5,0.9
1788442833.72,turning,11.33,3.501,90.2,0,30,125,9.84,3.737,87.8,1.508,3.382,0.0,2.499,1.5,0.92
1788442833.782,turning,11.33,3.487,90.2,0,30,125,9.84,3.737,87.6,1.511,3.396,0.0,2.499,1.5,0.92
1788442833.842,turning,11.33,3.483,90.2,0,30,125,9.84,3.737,87.4,1.511,3.401,0.0,2.499,1.5,0.94
1788442833.901,turning,11.33,3.479,90.2,0,30,125,9.84,3.737,87.2,1.512,3.404,0.0,2.499,1.5,0.94
1788442833.965,turning,11.327,3.48,90.1,0,30,125,9.84,3.737,87.2,1.509,3.404,0.0,2.505,1.5,0.95
1788442834.02,turning,11.316,3.487,89.8,0,30,125,9.84,3.737,87.3,1.497,3.398,0.0,2.521,1.5,0.95
1788442834.078,turning,11.315,3.493,89.7,0,30,125,9.84,3.737,87.2,1.494,3.392,0.0,2.524,1.5,0.94
1788442834.133,turning,11.315,3.507,89.7,0,30,125,9.84,3.737,87.1,1.492,3.378,0.0,2.524,1.5,0.94
1788442834.189,turning,11.315,3.514,89.7,0,30,125,9.84,3.737,86.9,1.491,3.371,0.0,2.524,1.5,0.92
1788442834.243,turning,11.315,3.527,89.7,0,30,125,9.84,3.737,86.8,1.489,3.358,0.0,2.524,1.5,0.92
1788442834.301,turning,11.315,3.534,89.7,0,30,125,9.84,3.737,86.7,1.489,3.351,0.0,2.524,1.5,0.9
1788442834.361,turning,11.315,3.548,89.7,0,30,125,9.84,3.737,86.6,1.487,3.337,0.0,2.524,1.5,0.9
1788442834.414,turning,11.315,3.555,89.7,0,30,125,9.84,3.737,86.5,1.486,3.331,0.0,2.524,1.5,0.88
1788442834.471,turning,11.315,3.568,89.7,0,30,125,9.84,3.737,86.5,1.484,3.317,0.0,2.524,1.5,0.88
1788442834.53,turning,11.315,3.575,89.7,0,30,125,9.84,3.737,86.4,1.484,3.31,0.0,2.524,1.5,0.86
1788442834.592,turning,11.315,3.582,89.7,0,30,125,9.84,3.737,86.3,1.483,3.304,0.0,2.524,1.5,0.86
1788442834.655,turning,11.315,3.595,89.7,0,30,125,9.84,3.737,86.3,1.482,3.29,0.0,2.524,1.5,0.84
1788442834.717,turning,11.315,3.602,89.7,0,30,124,9.834,3.741,86.3,1.487,3.283,0.0,2.524,1.5,0.84
1788442834.778,turning,11.315,3.616,89.7,0,30,124,9.834,3.741,86.2,1.486,3.27,0.0,2.524,1.5,0.82
1788442834.83,turning,11.315,3.623,89.7,0,30,124,9.834,3.741,86.2,1.486,3.263,0.0,2.524,1.5,0.82
1788442834.885,turning,11.315,3.636,89.7,0,30,124,9.834,3.741,86.2,1.485,3.249,0.0,2.524,1.5,0.8
1788442834.939,turning,11.315,3.643,89.7,0,30,124,9.834,3.741,86.2,1.484,3.242,0.0,2.524,1.5,0.8
1788442834.994,turning,11.315,3.657,89.7,0,30,124,9.834,3.741,86.3,1.483,3.229,0.0,2.527,1.5,0.78
1788442835.046,turning,11.315,3.663,89.6,0,30,124,9.834,3.741,86.4,1.483,3.222,0.0,2.53,1.5,0.78
1788442835.099,turning,11.315,3.665,88.9,0,30,124,9.834,3.741,87.1,1.483,3.221,0.0,2.568,1.5,0.76
1788442835.151,turning,11.315,3.665,88.4,0,30,124,9.834,3.741,87.6,1.483,3.221,0.0,2.592,1.5,0.76
1788442835.205,turning,11.315,3.665,87.5,0,30,124,9.834,3.741,88.6,1.483,3.221,0.0,2.641,1.5,0.76
1788442835.256,turning,11.315,3.665,87.0,0,30,124,9.834,3.741,89.1,1.483,3.221,0.0,2.665,1.5,0.76
1788442835.311,turning,11.315,3.665,86.2,0,30,124,9.834,3.741,89.9,1.483,3.221,0.0,2.709,1.5,0.76
1788442835.37,turning,11.315,3.665,85.8,0,30,124,9.834,3.741,90.4,1.483,3.221,0.0,2.73,1.5,0.76
1788442835.438,turning,11.315,3.665,85.1,0,30,124,9.834,3.741,91.1,1.483,3.221,0.0,2.768,1.5,0.76
1788442835.502,turning,11.315,3.665,84.7,0,30,124,9.834,3.741,91.5,1.483,3.221,0.0,2.787,1.5,0.76
1788442835.56,turning,11.317,3.669,84.4,0,30,124,9.834,3.741,91.8,1.484,3.217,0.0,2.803,1.5,0.76
1788442835.613,turning,11.324,3.684,83.8,0,30,124,9.834,3.741,92.4,1.491,3.201,0.0,2.832,1.5,0.76
1788442835.671,turning,11.325,3.688,83.5,0,30,124,9.834,3.741,92.8,1.492,3.197,0.0,2.851,1.5,0.76
1788442835.725,turning,11.325,3.688,85.2,0,30,124,9.827,3.758,91.1,1.5,3.197,0.0,2.761,1.5,0.76
1788442835.78,turning,11.325,3.688,86.2,0,30,124,9.827,3.758,90.2,1.5,3.197,0.0,2.712,1.5,0.76
1788442835.832,turning,11.325,3.688,88.0,0,30,124,9.827,3.758,88.4,1.5,3.197,0.0,2.614,1.5,0.76
1788442835.893,turning,11.325,3.688,89.0,0,30,124,9.827,3.758,87.5,1.5,3.197,0.0,2.565,1.5,0.76
1788442835.946,turning,11.325,3.688,89.1,0,30,124,9.827,3.758,87.4,1.5,3.197,0.0,2.559,1.5,0.76
1788442835.998,turning,11.325,3.688,89.1,0,30,124,9.827,3.758,87.4,1.5,3.197,0.0,2.559,1.5,0.76
1788442836.05,turning,11.325,3.688,89.1,0,30,124,9.827,3.758,87.4,1.5,3.197,0.0,2.559,1.5,0.76
1788442836.107,turning,11.325,3.691,89.1,0,30,124,9.827,3.758,87.4,1.499,3.194,0.0,2.555,1.5,0.76
1788442836.169,turning,11.324,3.682,89.4,0,30,124,9.827,3.758,87.2,1.498,3.203,0.0,2.544,1.5,0.76
1788442836.23,turning,11.324,3.674,89.4,0,30,124,9.827,3.758,87.2,1.499,3.211,0.0,2.544,1.5,0.78
1788442836.288,turning,11.323,3.657,89.4,0,30,124,9.827,3.758,87.1,1.499,3.228,0.0,2.544,1.5,0.78
1788442836.344,turning,11.323,3.649,89.4,0,30,124,9.827,3.758,87.1,1.5,3.236,0.0,2.544,1.5,0.8
1788442836.397,turning,11.323,3.632,89.4,0,30,124,9.827,3.758,87.1,1.501,3.253,0.0,2.544,1.5,0.8
1788442836.454,turning,11.323,3.623,89.4,0,30,124,9.827,3.758,87.1,1.502,3.261,0.0,2.544,1.5,0.82
1788442836.508,turning,11.323,3.615,89.4,0,30,124,9.827,3.758,87.0,1.502,3.27,0.0,2.544,1.5,0.82
1788442836.565,turning,11.323,3.598,89.4,0,30,124,9.827,3.758,86.9,1.504,3.287,0.0,2.544,1.5,0.85
1788442836.621,turning,11.323,3.589,89.4,0,30,124,9.827,3.758,86.9,1.505,3.295,0.0,2.544,1.5,0.85
1788442836.678,turning,11.322,3.572,89.4,0,30,124,9.827,3.758,86.8,1.507,3.312,0.0,2.544,1.5,0.87
1788442836.73,turning,11.322,3.564,89.4,0,30,124,9.834,3.741,86.7,1.499,3.321,0.0,2.544,1.5,0.87
1788442836.783,turning,11.322,3.547,89.4,0,30,124,9.834,3.741,86.6,1.501,3.338,0.0,2.544,1.5,0.9
1788442836.839,turning,11.322,3.538,89.4,0,30,124,9.834,3.741,86.5,1.502,3.346,0.0,2.544,1.5,0.9
1788442836.901,turning,11.322,3.521,89.4,0,30,124,9.834,3.741,86.4,1.504,3.363,0.0,2.544,1.5,0.92
1788442836.965,turning,11.322,3.513,89.4,0,30,124,9.834,3.741,86.3,1.505,3.372,0.0,2.544,1.5,0.92
1788442837.029,turning,11.322,3.496,89.4,0,30,124,9.834,3.741,86.2,1.507,3.389,0.0,2.544,1.5,0.95
1788442837.091,turning,11.322,3.487,89.4,0,30,124,9.834,3.741,86.1,1.509,3.397,0.0,2.544,1.5,0.95
1788442837.153,turning,11.322,3.472,87.9,0,30,124,9.834,3.741,87.4,1.512,3.413,0.0,2.62,1.5,0.97
1788442837.207,turning,11.317,3.463,86.8,0,30,124,9.834,3.741,88.4,1.509,3.421,0.0,2.678,1.5,0.97
1788442837.261,turning,11.311,3.446,86.1,0,30,124,9.834,3.741,88.9,1.506,3.439,0.0,2.716,1.5,0.99
1788442837.312,turning,11.31,3.438,86.1,0,30,124,9.834,3.741,88.8,1.507,3.447,0.0,2.716,1.5,0.99
1788442837.37,turning,11.309,3.421,86.1,0,30,124,9.834,3.741,88.6,1.509,3.464,0.0,2.716,1.5,1.02
1788442837.427,turning,11.309,3.412,86.1,0,30,124,9.834,3.741,88.4,1.511,3.473,0.0,2.716,1.5,1.02
1788442837.48,turning,11.308,3.404,86.1,0,30,124,9.834,3.741,88.2,1.512,3.481,0.0,2.716,1.5,1.04
1788442837.533,turning,11.307,3.387,86.1,0,30,124,9.834,3.741,88.0,1.515,3.498,0.0,2.716,1.5,1.04
1788442837.59,turning,11.306,3.378,86.1,0,30,124,9.834,3.741,87.8,1.516,3.507,0.0,2.716,1.5,1.07
1788442837.645,turning,11.305,3.364,86.1,0,30,124,9.834,3.741,87.6,1.519,3.521,0.0,2.716,1.5,1.07
1788442837.703,turning,11.303,3.354,86.5,0,30,124,9.834,3.741,87.0,1.519,3.531,0.0,2.695,1.5,1.09
1788442837.764,turning,11.292,3.332,87.9,0,30,124,9.826,3.743,85.4,1.523,3.554,0.0,2.622,1.5,1.09
1788442837.829,turning,11.289,3.329,88.1,0,30,124,9.826,3.743,84.9,1.521,3.557,0.0,2.609,1.5,1.09
1788442837.888,turning,11.29,3.336,88.1,0,30,124,9.826,3.743,84.7,1.52,3.551,0.0,2.609,1.5,1.09
1788442837.948,turning,11.29,3.341,88.1,0,30,124,9.826,3.743,84.5,1.518,3.545,0.0,2.609,1.5,1.09
1788442838.001,turning,11.29,3.355,88.1,0,30,124,9.826,3.743,84.3,1.515,3.532,0.0,2.609,1.5,1.09
1788442838.057,turning,11.29,3.362,88.1,0,30,124,9.826,3.743,84.2,1.514,3.525,0.0,2.609,1.5,1.07
1788442838.11,turning,11.291,3.375,88.1,0,30,124,9.826,3.743,84.0,1.511,3.511,0.0,2.609,1.5,1.07
1788442838.165,turning,11.291,3.382,88.1,0,30,124,9.826,3.743,83.9,1.509,3.504,0.0,2.609,1.5,1.05
1788442838.218,turning,11.292,3.396,88.1,0,30,124,9.826,3.743,83.7,1.506,3.491,0.0,2.609,1.5,1.05
1788442838.271,turning,11.29,3.397,88.0,0,30,124,9.826,3.743,83.7,1.505,3.49,0.0,2.617,1.5,1.03
1788442838.324,turning,11.287,3.398,87.7,0,30,124,9.826,3.743,83.9,1.502,3.488,0.0,2.633,1.5,1.03
1788442838.383,turning,11.287,3.405,87.6,0,30,124,9.826,3.743,83.8,1.5,3.482,0.0,2.634,1.5,1.01
1788442838.438,turning,11.288,3.412,87.6,0,30,124,9.826,3.743,83.7,1.499,3.475,0.0,2.634,1.5,1.01
1788442838.5,turning,11.288,3.425,87.6,0,30,124,9.826,3.743,83.6,1.497,3.462,0.0,2.634,1.5,0.99
1788442838.561,turning,11.289,3.432,87.6,0,30,124,9.826,3.743,83.6,1.496,3.455,0.0,2.634,1.5,0.99
1788442838.62,turning,11.289,3.446,87.6,0,30,124,9.826,3.743,83.5,1.493,3.441,0.0,2.634,1.5,0.97
1788442838.679,turning,11.289,3.452,87.6,1,31,124,9.776,3.746,83.4,1.542,3.434,0.0,2.634,1.5,0.97
1788442838.736,turning,11.29,3.466,87.6,1,31,124,9.776,3.746,83.4,1.54,3.421,0.0,2.634,1.5,0.95
1788442838.791,turning,11.29,3.473,87.6,0,30,124,9.798,3.736,83.4,1.515,3.414,0.0,2.634,1.5,0.95
1788442838.846,turning,11.291,3.486,87.6,0,30,124,9.798,3.736,83.4,1.514,3.401,0.0,2.634,1.5,0.93
1788442838.906,turning,11.291,3.493,87.6,0,30,124,9.798,3.736,83.4,1.513,3.394,0.0,2.634,1.5,0.93
1788442838.962,turning,11.294,3.51,88.2,0,30,124,9.798,3.736,82.8,1.513,3.377,0.0,2.605,1.5,0.91
1788442839.014,turning,11.295,3.519,88.6,0,30,124,9.798,3.736,82.4,1.512,3.367,0.0,2.582,1.5,0.91
1788442839.073,turning,11.295,3.535,88.9,0,30,124,9.798,3.736,82.1,1.511,3.352,0.0,2.566,1.5,0.89
1788442839.129,turning,11.295,3.541,88.9,0,30,124,9.798,3.736,82.2,1.51,3.345,0.0,2.566,1.5,0.89
1788442839.183,turning,11.295,3.555,88.9,0,30,124,9.798,3.736,82.2,1.509,3.332,0.0,2.566,1.5,0.87
1788442839.242,turning,11.296,3.562,88.9,0,30,124,9.798,3.736,82.3,1.508,3.325,0.0,2.566,1.5,0.87
1788442839.304,turning,11.296,3.575,88.9,0,30,124,9.798,3.736,82.3,1.507,3.311,0.0,2.566,1.5,0.85
1788442839.371,turning,11.296,3.582,88.9,0,30,124,9.798,3.736,82.4,1.506,3.305,0.0,2.566,1.5,0.85
1788442839.431,turning,11.296,3.589,88.9,0,30,124,9.798,3.736,82.5,1.505,3.298,0.0,2.566,1.5,0.83
1788442839.487,turning,11.296,3.603,88.9,0,30,124,9.798,3.736,82.6,1.504,3.284,0.0,2.566,1.5,0.83
1788442839.54,turning,11.296,3.609,88.9,0,30,124,9.798,3.736,82.7,1.504,3.278,0.0,2.566,1.5,0.81
1788442839.592,turning,11.297,3.623,88.9,0,30,124,9.798,3.736,82.8,1.503,3.264,0.0,2.566,1.5,0.81
1788442839.644,turning,11.299,3.626,88.6,0,30,124,9.798,3.736,83.2,1.505,3.261,0.0,2.586,1.5,0.8
1788442839.699,turning,11.303,3.626,87.2,0,30,124,9.798,3.736,84.7,1.509,3.261,0.0,2.656,1.5,0.8
1788442839.699,turning,11.303,3.626,87.2,0,30,124,9.798,3.736,84.8,1.509,3.261,0.0,2.656,1.5,0.8
1788442839.808,turning,11.304,3.643,87.0,0,30,125,9.83,3.75,85.1,1.477,3.243,0.0,2.668,1.5,0.78
1788442839.867,turning,11.304,3.65,87.0,0,30,125,9.83,3.75,85.2,1.477,3.236,0.0,2.668,1.5,0.76
1788442839.92,turning,11.305,3.664,86.7,0,30,125,9.83,3.75,85.6,1.477,3.223,0.0,2.683,1.5,0.76
1788442839.974,turning,11.305,3.671,86.5,0,30,125,9.83,3.75,85.9,1.477,3.216,0.0,2.694,1.5,0.74
1788442840.027,turning,11.305,3.671,85.5,0,30,125,9.83,3.75,87.0,1.477,3.215,0.0,2.744,1.5,0.74
1788442840.087,turning,11.305,3.671,85.0,0,30,125,9.83,3.75,87.7,1.477,3.215,0.0,2.775,1.5,0.73
1788442840.152,turning,11.305,3.671,83.8,0,30,125,9.83,3.75,88.9,1.477,3.215,0.0,2.833,1.5,0.73
1788442840.214,turning,11.305,3.671,83.3,0,30,125,9.83,3.75,89.5,1.477,3.215,0.0,2.861,1.5,0.73
1788442840.272,turning,11.305,3.671,82.3,0,30,125,9.83,3.75,90.6,1.477,3.215,0.0,2.912,1.5,0.73
1788442840.327,turning,11.302,3.68,82.3,1,31,125,9.78,3.754,90.8,1.524,3.207,0.0,2.915,1.5,0.73
1788442840.384,turning,11.298,3.689,82.3,1,31,125,9.78,3.754,90.9,1.519,3.198,0.0,2.915,1.5,0.73
1788442840.439,turning,11.294,3.698,81.5,1,31,125,9.78,3.754,91.8,1.515,3.189,0.0,2.957,1.5,0.73
1788442840.493,turning,11.294,3.698,80.6,1,31,125,9.78,3.754,92.7,1.515,3.189,0.0,3.0,1.5,0.73
1788442840.549,turning,11.294,3.698,78.7,1,31,125,9.78,3.754,94.8,1.515,3.189,0.0,3.102,1.5,0.72
1788442840.6,turning,11.294,3.698,77.7,1,31,125,9.78,3.754,95.9,1.515,3.189,0.0,3.154,1.5,0.72
1788442840.655,turning,11.294,3.698,75.9,1,31,125,9.78,3.754,97.8,1.515,3.189,0.0,3.249,1.5,0.72
1788442840.708,turning,11.294,3.698,75.0,1,31,125,9.78,3.754,98.8,1.515,3.189,0.0,3.294,1.5,0.72
1788442840.761,turning,11.294,3.698,73.4,1,31,125,9.78,3.754,100.5,1.515,3.189,0.0,3.377,1.5,0.72
1788442840.818,turning,11.294,3.698,72.7,0,30,126,9.778,3.763,101.3,1.518,3.189,0.0,3.417,1.5,0.72
1788442840.882,turning,11.297,3.695,71.8,0,30,126,9.778,3.763,102.3,1.521,3.192,0.0,3.465,1.5,0.72
1788442840.94,turning,11.299,3.693,71.5,0,30,126,9.778,3.763,102.7,1.523,3.194,0.0,3.48,1.5,0.72
1788442841.002,turning,11.3,3.691,70.6,0,30,126,9.778,3.763,103.6,1.524,3.195,0.0,3.525,1.5,0.72
1788442841.059,turning,11.3,3.691,70.1,0,30,126,9.778,3.763,104.2,1.524,3.195,0.0,3.552,1.5,0.72
1788442841.113,turning,11.3,3.691,69.2,0,30,126,9.778,3.763,105.2,1.524,3.195,0.0,3.599,1.5,0.72
1788442841.167,turning,11.3,3.691,68.8,0,30,126,9.778,3.763,105.7,1.524,3.195,0.0,3.622,1.5,0.72
1788442841.219,turning,11.297,3.694,67.8,0,30,126,9.778,3.763,106.8,1.521,3.193,0.0,3.674,1.5,0.72
1788442841.272,turning,11.295,3.697,67.3,0,30,126,9.778,3.763,107.4,1.519,3.191,0.0,3.701,1.5,0.72
1788442841.327,turning,11.294,3.698,66.8,0,30,126,9.778,3.763,107.9,1.518,3.19,0.0,3.726,1.5,0.72
1788442841.383,turning,11.294,3.698,65.9,0,30,126,9.778,3.763,108.9,1.518,3.19,0.0,3.772,1.5,0.72
1788442841.441,turning,11.294,3.698,65.5,0,30,126,9.778,3.763,109.4,1.518,3.19,0.0,3.795,1.5,0.75
1788442841.493,turning,11.294,3.698,64.7,0,30,126,9.778,3.763,110.2,1.518,3.19,0.0,3.838,1.5,0.75
1788442841.547,turning,11.294,3.698,64.3,0,30,126,9.778,3.763,110.7,1.518,3.19,0.0,3.858,1.5,0.81
1788442841.605,turning,11.294,3.698,63.5,0,30,126,9.778,3.763,111.5,1.518,3.19,0.0,3.895,1.5,0.81
1788442841.668,turning,11.293,3.695,63.4,0,30,126,9.778,3.763,111.7,1.517,3.192,0.0,3.903,1.5,0.85
1788442841.728,turning,11.287,3.687,63.5,0,30,126,9.778,3.763,111.7,1.511,3.201,0.0,3.899,1.5,0.85
1788442841.787,turning,11.286,3.686,63.3,0,30,126,9.778,3.763,111.9,1.51,3.202,0.0,3.908,1.5,0.85
1788442841.845,turning,11.287,3.689,63.1,0,30,122,9.778,3.763,112.2,1.511,3.199,0.0,3.92,1.5,0.85
1788442841.9,turning,11.289,3.693,63.0,0,30,122,9.778,3.763,112.3,1.513,3.195,0.0,3.925,1.5,0.84
1788442841.954,turning,11.295,3.704,62.7,0,30,122,9.778,3.763,112.7,1.518,3.183,0.0,3.94,1.5,0.84
1788442842.011,turning,11.298,3.71,62.5,0,30,122,9.778,3.763,112.9,1.521,3.177,0.0,3.951,1.5,0.83
1788442842.063,turning,11.298,3.711,62.5,0,30,122,9.778,3.763,113.0,1.522,3.176,0.0,3.952,1.5,0.83
1788442842.116,turning,11.298,3.711,62.5,0,30,122,9.778,3.763,113.1,1.522,3.176,0.0,3.952,1.5,0.82
1788442842.168,turning,11.298,3.711,62.5,0,30,122,9.778,3.763,113.1,1.522,3.176,0.0,3.952,1.5,0.82
1788442842.222,turning,11.298,3.711,62.5,0,30,122,9.778,3.763,113.2,1.522,3.176,0.0,3.952,1.5,0.82
1788442842.274,turning,11.298,3.711,62.5,0,30,122,9.778,3.763,113.2,1.522,3.176,0.0,3.952,1.5,0.82
1788442842.332,turning,11.295,3.708,62.5,0,30,122,9.778,3.763,113.3,1.519,3.179,0.0,3.952,1.5,0.82
1788442842.387,turning,11.292,3.705,62.5,0,30,122,9.778,3.763,113.4,1.516,3.182,0.0,3.952,1.5,0.82
1788442842.444,turning,11.29,3.703,62.5,0,30,122,9.778,3.763,113.4,1.513,3.185,0.0,3.952,1.5,0.82
1788442842.502,turning,11.29,3.703,62.5,0,30,122,9.778,3.763,113.5,1.513,3.185,0.0,3.952,1.5,0.82
1788442842.565,turning,11.29,3.703,62.5,0,30,122,9.778,3.763,113.5,1.513,3.185,0.0,3.952,1.5,0.82
1788442842.618,turning,11.29,3.703,62.5,0,30,122,9.778,3.763,113.5,1.513,3.185,0.0,3.952,1.5,0.82
1788442842.672,turning,11.29,3.703,67.0,0,30,122,9.778,3.763,109.0,1.513,3.185,0.0,3.713,1.5,0.82
1788442842.724,turning,11.29,3.703,69.7,0,30,122,9.778,3.763,106.4,1.513,3.185,0.0,3.575,1.5,0.82
1788442842.778,turning,11.29,3.703,74.3,0,30,122,9.778,3.763,101.8,1.513,3.185,0.0,3.333,1.5,0.69
1788442842.831,turning,11.29,3.703,76.5,0,30,122,9.778,3.763,99.7,1.513,3.185,0.0,3.218,1.5,0.69
1788442842.885,turning,11.29,3.703,80.3,0,30,64,11.425,5.225,93.7,1.528,3.185,0.0,3.02,1.5,0.69
1788442842.942,turning,11.29,3.703,82.0,0,30,64,11.425,5.225,89.7,1.528,3.185,0.0,2.927,1.5,0.69
1788442842.995,turning,11.29,3.703,85.1,0,30,64,11.425,5.225,84.5,1.528,3.185,0.0,2.766,1.5,0.69
1788442843.049,turning,11.29,3.703,86.6,0,30,64,11.425,5.225,80.9,1.528,3.185,0.0,2.691,1.5,0.69
1788442843.104,turning,11.29,3.703,89.0,0,30,64,11.425,5.225,76.4,1.528,3.185,0.0,2.561,1.5,0.7
1788442843.165,turning,11.29,3.703,90.2,0,30,64,11.425,5.225,73.3,1.528,3.185,0.0,2.501,1.5,0.7
1788442843.222,turning,11.288,3.701,91.1,0,30,64,11.425,5.225,70.5,1.531,3.187,0.0,2.455,1.5,0.7
1788442843.281,turning,11.279,3.69,92.2,0,30,64,11.425,5.225,67.4,1.542,3.199,0.0,2.4,1.5,0.7
1788442843.342,turning,11.277,3.689,92.8,0,30,64,11.425,5.225,64.9,1.544,3.2,0.0,2.4,1.5,0.7
1788442843.398,turning,11.277,3.693,94.1,0,30,64,11.425,5.225,61.9,1.54,3.196,0.0,2.4,1.5,0.7
1788442843.46,turning,11.277,3.693,94.8,0,30,64,11.425,5.225,59.4,1.539,3.196,0.0,2.4,1.5,0.7
1788442843.515,turning,11.277,3.693,96.5,0,30,64,11.425,5.225,56.0,1.539,3.196,0.0,2.4,1.5,0.7
1788442843.573,turning,11.276,3.691,97.2,0,30,64,11.425,5.225,53.6,1.541,3.198,0.0,2.4,1.5,0.7
1788442843.627,turning,11.273,3.683,98.7,0,30,64,11.425,5.225,50.4,1.55,3.207,0.0,2.4,1.5,0.7
1788442843.683,turning,11.273,3.681,99.5,0,30,64,11.425,5.225,48.0,1.551,3.208,0.0,2.4,1.5,0.7
1788442843.737,turning,11.273,3.681,101.1,0,30,64,11.425,5.225,44.9,1.551,3.208,0.0,2.4,1.5,0.7
1788442843.787,turning,11.273,3.685,102.1,0,30,64,11.425,5.225,42.4,1.548,3.205,0.0,2.4,1.5,0.7
1788442843.838,turning,11.273,3.693,104.0,0,30,64,11.425,5.225,38.9,1.539,3.196,0.0,2.4,1.5,0.7
1788442843.892,turning,11.273,3.694,104.9,0,30,125,9.776,3.634,39.1,1.498,3.195,0.0,2.4,1.5,0.7
1788442843.954,turning,11.273,3.694,106.5,0,30,125,9.776,3.634,38.4,1.498,3.195,0.0,2.4,1.5,0.7
1788442844.018,turning,11.273,3.694,107.3,0,30,125,9.776,3.634,38.5,1.498,3.195,0.0,2.4,1.5,0.71
1788442844.081,turning,11.273,3.694,109.0,0,30,125,9.776,3.634,37.7,1.498,3.195,0.0,2.4,1.5,0.71
1788442844.14,turning,11.278,3.689,110.2,0,30,125,9.776,3.634,37.4,1.503,3.2,0.0,2.4,1.5,0.71
1788442844.195,turning,11.283,3.684,111.4,0,30,125,9.776,3.634,37.0,1.508,3.205,0.0,2.4,1.5,0.71
1788442844.249,turning,11.287,3.678,113.5,0,30,125,9.776,3.634,35.8,1.512,3.21,0.0,2.4,1.5,0.71
1788442844.301,turning,11.287,3.678,114.3,0,30,125,9.776,3.634,35.7,1.512,3.21,0.0,2.4,1.5,0.71
1788442844.355,turning,11.287,3.678,116.0,0,30,125,9.776,3.634,34.9,1.512,3.21,0.0,2.4,1.5,0.71
1788442844.405,turning,11.287,3.678,116.8,0,30,125,9.776,3.634,34.8,1.512,3.21,0.0,2.4,1.5,0.71
1788442844.463,turning,11.278,3.688,118.2,0,30,125,9.776,3.634,34.1,1.504,3.201,0.0,2.4,1.5,0.71
1788442844.515,turning,11.271,3.696,118.9,0,30,125,9.776,3.634,34.2,1.496,3.193,0.0,2.4,1.5,0.71
1788442844.572,turning,11.264,3.703,120.4,0,30,125,9.776,3.634,33.4,1.49,3.187,0.0,2.4,1.5,0.71
1788442844.625,turning,11.264,3.703,121.2,0,30,125,9.776,3.634,33.3,1.49,3.187,0.0,2.4,1.5,0.71
1788442844.68,turning,11.264,3.703,122.8,0,30,125,9.776,3.634,32.4,1.49,3.187,0.0,2.4,1.5,0.71
1788442844.744,turning,11.264,3.703,123.7,0,30,125,9.776,3.634,32.3,1.49,3.187,0.0,2.4,1.5,0.71
1788442844.804,turning,11.275,3.693,125.2,0,30,125,9.776,3.634,31.3,1.5,3.197,0.0,2.4,1.5,0.71
1788442844.867,turning,11.283,3.684,126.0,0,30,125,9.776,3.634,31.2,1.508,3.204,0.0,2.4,1.5,0.71
1788442844.923,turning,11.288,3.679,127.6,0,30,125,9.776,3.714,30.2,1.513,3.209,0.0,2.4,1.5,0.72
1788442844.981,turning,11.288,3.679,128.4,0,30,125,9.776,3.714,29.9,1.513,3.209,0.0,2.4,1.5,0.72
1788442845.035,turning,11.288,3.679,130.0,0,30,125,9.776,3.714,28.7,1.513,3.209,0.0,2.4,1.5,0.72
1788442845.091,turning,11.288,3.679,128.6,0,30,125,9.776,3.714,30.7,1.513,3.209,0.0,2.4,1.5,0.72
1788442845.148,turning,11.282,3.688,125.4,0,30,125,9.776,3.714,34.3,1.507,3.2,0.0,2.4,1.5,0.72
1788442845.201,turning,11.278,3.694,123.9,0,30,125,9.776,3.714,36.3,1.503,3.195,0.0,2.4,1.5,0.72
1788442845.257,turning,11.276,3.697,122.3,0,30,125,9.776,3.714,38.3,1.501,3.192,0.0,2.4,1.5,0.72
1788442845.311,turning,11.276,3.697,119.1,0,30,125,9.776,3.714,42.0,1.501,3.192,0.0,2.4,1.5,0.72
1788442845.367,turning,11.276,3.697,117.5,0,30,125,9.776,3.714,44.0,1.501,3.192,0.0,2.4,1.5,0.72
1788442845.417,turning,11.276,3.697,114.4,0,30,125,9.776,3.714,47.7,1.501,3.192,0.0,2.4,1.5,0.72
1788442845.472,turning,11.275,3.698,112.7,0,30,125,9.776,3.714,49.7,1.5,3.191,0.0,2.4,1.5,0.72
1788442845.532,turning,11.272,3.702,109.4,0,30,125,9.776,3.714,53.4,1.496,3.187,0.0,2.4,1.5,0.72
1788442845.599,turning,11.271,3.703,107.8,0,30,125,9.776,3.714,55.5,1.496,3.187,0.0,2.4,1.5,0.71
1788442845.66,turning,11.271,3.703,104.6,0,30,125,9.776,3.714,59.1,1.496,3.187,0.0,2.4,1.5,0.71
1788442845.718,turning,11.27,3.701,103.1,0,30,125,9.776,3.714,61.0,1.495,3.189,0.0,2.4,1.5,0.71
1788442845.772,turning,11.268,3.697,100.2,0,30,125,9.776,3.714,64.3,1.492,3.193,0.0,2.4,1.5,0.71
1788442845.824,turning,11.268,3.696,98.6,0,30,125,9.776,3.714,66.2,1.492,3.194,0.0,2.4,1.5,0.71
1788442845.878,turning,11.268,3.696,95.4,0,30,125,9.776,3.714,69.8,1.492,3.194,0.0,2.4,1.5,0.71
1788442845.931,turning,11.267,3.696,93.7,0,30,125,9.776,3.714,71.9,1.492,3.194,0.0,2.4,1.5,0.71
1788442845.986,turning,11.266,3.696,90.3,0,30,123,9.776,3.714,75.5,1.491,3.194,0.0,2.492,1.5,0.71
1788442846.042,turning,11.266,3.696,88.9,0,30,123,9.776,3.714,77.3,1.491,3.194,0.0,2.569,1.5,0.7
1788442846.095,turning,11.266,3.696,87.5,0,30,123,9.776,3.714,79.0,1.491,3.194,0.0,2.64,1.5,0.7
1788442846.15,turning,11.265,3.694,85.0,0,30,123,9.776,3.714,81.8,1.49,3.196,0.0,2.771,1.5,0.7
1788442846.204,turning,11.265,3.691,83.9,0,30,123,9.776,3.714,83.3,1.489,3.199,0.0,2.832,1.5,0.7
1788442846.261,turning,11.264,3.689,81.8,0,30,123,9.776,3.714,85.6,1.489,3.201,0.0,2.94,1.5,0.69
1788442846.318,turning,11.264,3.689,80.8,0,30,123,9.776,3.714,86.9,1.489,3.201,0.0,2.993,1.5,0.69
1788442846.381,turning,11.264,3.691,78.9,0,30,123,9.776,3.714,89.1,1.488,3.2,0.0,3.092,1.5,0.69
1788442846.441,turning,11.263,3.692,77.9,0,30,123,9.776,3.714,90.3,1.488,3.198,0.0,3.142,1.5,0.69
1788442846.501,turning,11.263,3.693,76.2,0,30,123,9.776,3.714,92.3,1.488,3.197,0.0,3.231,1.5,0.69
1788442846.556,turning,11.263,3.693,75.5,0,30,123,9.776,3.714,93.3,1.488,3.197,0.0,3.272,1.5,0.69
1788442846.611,turning,11.261,3.693,73.7,0,30,123,9.776,3.714,95.4,1.486,3.197,0.0,3.365,1.5,0.69
1788442846.665,turning,11.259,3.694,72.7,0,30,123,9.776,3.714,96.6,1.484,3.197,0.0,3.415,1.5,0.69
1788442846.719,turning,11.258,3.694,71.3,0,30,123,9.776,3.714,98.3,1.482,3.197,0.0,3.492,1.5,0.68
1788442846.771,turning,11.258,3.694,70.6,0,30,123,9.776,3.714,99.1,1.482,3.197,0.0,3.524,1.5,0.68
1788442846.825,turning,11.257,3.693,69.4,0,30,123,9.776,3.714,100.7,1.481,3.198,0.0,3.592,1.5,0.68
1788442846.877,turning,11.256,3.692,68.7,0,30,123,9.776,3.714,101.6,1.48,3.199,0.0,3.627,1.5,0.68
1788442846.93,turning,11.255,3.692,67.7,0,30,123,9.776,3.714,102.8,1.48,3.2,0.0,3.68,1.5,0.68
1788442846.984,turning,11.255,3.692,67.2,0,30,123,9.778,3.763,103.4,1.479,3.2,0.0,3.703,1.5,0.68
1788442847.04,turning,11.255,3.692,66.8,0,30,123,9.778,3.763,104.0,1.479,3.2,0.0,3.724,1.5,0.68
1788442847.102,turning,11.255,3.692,66.1,0,30,123,9.778,3.763,104.9,1.479,3.2,0.0,3.763,1.5,0.68
1788442847.161,turning,11.254,3.691,65.7,0,30,123,9.778,3.763,105.4,1.478,3.2,0.0,3.785,1.5,0.67
1788442847.221,turning,11.25,3.691,64.8,1,31,123,9.728,3.766,106.4,1.524,3.201,0.0,3.829,1.5,0.67
1788442847.278,turning,11.249,3.69,64.5,1,31,123,9.728,3.766,106.9,1.523,3.201,0.0,3.847,1.5,0.67
1788442847.333,turning,11.249,3.69,63.9,1,31,123,9.728,3.766,107.6,1.523,3.201,0.0,3.876,1.5,0.67
1788442847.387,turning,11.249,3.69,63.7,1,31,123,9.728,3.766,108.0,1.523,3.201,0.0,3.889,1.5,0.67
1788442847.442,turning,11.249,3.69,63.2,1,31,123,9.728,3.766,108.6,1.523,3.201,0.0,3.914,1.5,0.67
1788442847.496,turning,11.249,3.69,63.0,1,31,123,9.728,3.766,109.0,1.523,3.201,0.0,3.926,1.5,0.67
1788442847.551,turning,11.25,3.693,62.5,1,31,123,9.728,3.766,109.5,1.524,3.199,0.0,3.948,1.5,0.67
1788442847.604,turning,11.252,3.697,62.4,0,30,123,9.778,3.763,109.8,1.475,3.194,0.0,3.957,1.5,0.66
1788442847.659,turning,11.255,3.705,62.0,0,30,123,9.778,3.763,110.4,1.478,3.186,0.0,3.979,1.5,0.66
1788442847.711,turning,11.255,3.705,61.7,0,30,123,9.778,3.763,110.8,1.478,3.186,0.0,3.993,1.5,0.65
1788442847.764,turning,11.255,3.705,61.1,0,30,123,9.778,3.763,111.5,1.478,3.186,0.0,4.024,1.5,0.65
1788442847.821,turning,11.255,3.705,60.8,0,30,123,9.778,3.763,111.9,1.478,3.186,0.0,4.039,1.5,0.65
1788442847.879,turning,11.255,3.705,60.3,0,30,123,9.778,3.763,112.6,1.478,3.186,0.0,4.067,1.5,0.65
1788442847.941,turning,11.255,3.705,60.0,0,30,123,9.778,3.763,113.0,1.478,3.186,0.0,4.081,1.5,0.65
1788442847.999,turning,11.255,3.705,59.8,0,30,123,9.778,3.763,113.3,1.478,3.186,0.0,4.093,1.5,0.65
1788442848.062,turning,11.255,3.706,59.3,0,30,123,9.776,3.683,114.0,1.479,3.185,0.0,4.117,1.5,0.65
1788442848.116,turning,11.256,3.707,59.1,0,30,123,9.776,3.683,114.4,1.48,3.184,0.0,4.128,1.5,0.65
1788442848.17,turning,11.261,3.715,58.7,0,30,123,9.776,3.683,115.0,1.485,3.175,0.0,4.149,1.5,0.71
1788442848.224,turning,11.264,3.721,58.5,0,30,123,9.776,3.683,115.4,1.489,3.169,0.0,4.159,1.5,0.71
1788442848.28,turning,11.271,3.733,58.2,0,30,123,9.776,3.683,115.9,1.497,3.157,0.0,4.177,1.5,0.8
1788442848.332,turning,11.275,3.739,58.0,0,30,123,9.776,3.683,116.3,1.5,3.151,0.0,4.186,1.5,0.8
1788442848.385,turning,11.282,3.75,57.7,0,30,123,9.776,3.683,116.8,1.508,3.139,0.0,4.203,1.5,0.82
1788442848.44,turning,11.286,3.756,57.5,0,30,123,9.776,3.683,117.1,1.512,3.133,0.0,4.21,1.5,0.82
1788442848.496,turning,11.294,3.772,57.5,0,30,123,9.776,3.683,117.4,1.521,3.116,0.0,4.215,1.5,0.8
1788442848.552,turning,11.297,3.782,57.5,0,30,123,9.776,3.683,117.6,1.525,3.106,0.0,4.214,1.5,0.8
1788442848.617,turning,11.305,3.796,57.3,0,30,123,9.776,3.683,118.0,1.533,3.091,0.0,4.221,1.5,0.78
1788442848.677,turning,11.309,3.802,57.2,0,30,123,9.776,3.683,118.4,1.538,3.085,0.0,4.228,1.5,0.78
1788442848.742,turning,11.316,3.813,56.9,0,30,123,9.776,3.683,118.8,1.546,3.073,0.0,4.241,1.5,0.76
1788442848.801,turning,11.32,3.819,56.8,0,30,123,9.776,3.683,119.2,1.55,3.067,0.0,4.247,1.5,0.76
1788442848.859,turning,11.327,3.83,56.6,0,30,123,9.776,3.683,119.6,1.559,3.055,0.0,4.259,1.5,0.74
1788442848.911,turning,11.331,3.836,56.5,0,30,123,9.776,3.683,120.0,1.563,3.049,0.0,4.264,1.5,0.74
1788442848.968,turning,11.332,3.838,57.5,0,30,123,9.776,3.683,119.2,1.564,3.047,0.0,4.212,1.5,0.73
1788442849.02,turning,11.332,3.838,60.5,0,30,123,9.776,3.683,116.4,1.564,3.047,0.0,4.053,1.5,0.73
1788442849.077,turning,11.332,3.838,62.1,0,30,123,9.828,3.758,115.0,1.506,3.047,0.0,3.973,1.5,0.72
1788442849.131,turning,11.332,3.838,65.0,0,30,123,9.828,3.758,112.2,1.506,3.047,0.0,3.817,1.5,0.72
1788442849.185,turning,11.332,3.838,66.5,0,30,123,9.828,3.758,110.9,1.506,3.047,0.0,3.742,1.5,0.72
1788442849.237,turning,11.332,3.838,68.6,0,30,123,9.828,3.758,108.9,1.506,3.047,0.0,3.631,1.5,0.72
1788442849.29,turning,11.331,3.835,69.6,0,30,123,9.828,3.758,108.1,1.505,3.049,0.0,3.579,1.5,0.59
1788442849.345,turning,11.326,3.828,71.6,0,30,123,9.828,3.758,106.2,1.5,3.057,0.0,3.474,1.5,0.59
1788442849.402,turning,11.325,3.827,72.6,0,12,123,10.726,3.698,106.1,0.613,3.058,0.0,3.423,0.6,0.54
1788442849.461,turning,11.325,3.827,74.4,0,12,123,10.726,3.698,105.0,0.613,3.058,0.0,3.326,0.6,0.54
1788442849.519,turning,11.325,3.827,75.4,0,12,123,10.726,3.698,104.9,0.613,3.058,0.0,3.277,0.6,0.55
1788442849.577,turning,11.325,3.827,77.2,0,12,123,10.726,3.698,103.7,0.613,3.058,0.0,3.179,0.6,0.55
1788442849.639,turning,11.326,3.829,78.2,0,12,123,10.726,3.698,103.4,0.614,3.056,0.0,3.129,0.6,0.55
1788442849.692,turning,11.328,3.833,80.1,0,12,123,10.726,3.698,102.2,0.617,3.052,0.0,3.028,0.6,0.55
1788442849.746,turning,11.328,3.833,81.0,0,12,123,10.726,3.698,101.9,0.617,3.052,0.0,2.979,0.6,0.55
1788442849.798,turning,11.328,3.833,82.9,0,12,123,10.726,3.698,100.6,0.617,3.052,0.0,2.881,0.6,0.55
1788442849.85,turning,11.327,3.833,83.8,0,12,123,10.726,3.698,100.2,0.616,3.052,0.0,2.834,0.6,0.55
1788442849.902,turning,11.327,3.834,84.7,0,12,123,10.726,3.698,99.9,0.616,3.052,0.0,2.787,0.6,0.55
1788442849.955,turning,11.327,3.834,86.5,0,12,123,10.726,3.698,98.5,0.616,3.051,0.0,2.691,0.6,0.55
1788442850.006,turning,11.327,3.834,87.5,0,12,123,10.726,3.698,98.1,0.616,3.051,0.0,2.642,0.6,0.55
1788442850.057,turning,11.327,3.834,88.7,0,30,123,9.828,3.758,96.8,1.501,3.051,0.0,2.579,1.5,0.55
1788442850.11,turning,11.327,3.834,88.7,0,30,123,9.826,3.713,96.8,1.506,3.051,0.0,2.579,1.5,0.55
1788442850.17,turning,11.326,3.839,88.9,0,12,123,10.725,3.686,97.1,0.62,3.046,0.0,2.568,0.6,0.55
1788442850.227,turning,11.326,3.843,89.1,0,12,123,10.725,3.686,97.4,0.621,3.042,0.0,2.559,0.6,0.55
1788442850.291,turning,11.326,3.839,89.2,0,12,123,10.725,3.686,97.8,0.62,3.046,0.0,2.551,0.6,0.55
1788442850.352,turning,11.326,3.831,89.2,0,12,123,10.725,3.686,98.2,0.618,3.054,0.0,2.551,0.6,0.55
1788442850.411,turning,11.325,3.814,89.2,0,30,123,9.826,3.713,98.1,1.503,3.071,0.0,2.551,1.5,0.57
1788442850.469,turning,11.325,3.805,89.2,0,30,123,9.826,3.713,98.0,1.503,3.08,0.0,2.551,1.5,0.57
1788442850.522,turning,11.323,3.79,89.4,0,30,123,9.826,3.713,97.7,1.499,3.095,0.0,2.542,1.5,0.59
1788442850.577,turning,11.321,3.782,89.5,0,30,123,9.826,3.713,97.5,1.497,3.103,0.0,2.535,1.5,0.59
1788442850.628,turning,11.32,3.766,89.6,1,31,123,9.776,3.714,97.2,1.545,3.119,0.0,2.53,1.5,0.61
1788442850.682,turning,11.32,3.758,89.6,1,31,123,9.776,3.714,97.1,1.545,3.128,0.0,2.53,1.5,0.61
1788442850.736,turning,11.32,3.741,89.6,1,31,123,9.776,3.714,97.0,1.544,3.145,0.0,2.53,1.5,0.64
1788442850.788,turning,11.32,3.732,89.6,1,31,123,9.776,3.714,96.8,1.544,3.153,0.0,2.53,1.5,0.64
1788442850.847,turning,11.32,3.724,89.6,1,31,123,9.776,3.714,96.7,1.544,3.162,0.0,2.53,1.5,0.66
1788442850.899,turning,11.32,3.707,89.6,1,31,123,9.776,3.714,96.5,1.544,3.179,0.0,2.53,1.5,0.66
1788442850.958,turning,11.32,3.698,89.6,1,31,123,9.776,3.714,96.4,1.544,3.187,0.0,2.53,1.5,0.69
1788442851.018,turning,11.319,3.681,89.6,1,31,123,9.776,3.714,96.2,1.544,3.204,0.0,2.53,1.5,0.69
1788442851.08,turning,11.319,3.673,89.6,1,31,123,9.776,3.714,96.0,1.544,3.213,0.0,2.53,1.5,0.71
1788442851.141,turning,11.319,3.656,89.6,0,30,125,9.826,3.714,95.8,1.495,3.229,0.0,2.53,1.5,0.71
1788442851.2,turning,11.319,3.647,89.6,0,30,125,9.826,3.714,95.6,1.495,3.238,0.0,2.53,1.5,0.73
1788442851.257,turning,11.319,3.63,89.6,0,30,125,9.826,3.714,95.4,1.496,3.255,0.0,2.53,1.5,0.73
1788442851.309,turning,11.316,3.626,89.3,0,30,125,9.826,3.714,95.5,1.493,3.259,0.0,2.548,1.5,0.76
1788442851.363,turning,11.305,3.621,88.4,0,30,125,9.826,3.714,96.2,1.483,3.265,0.0,2.596,1.5,0.76
1788442851.417,turning,11.303,3.614,88.2,0,30,125,9.826,3.714,96.1,1.481,3.273,0.0,2.602,1.5,0.78
1788442851.472,turning,11.303,3.597,88.2,0,30,125,9.826,3.714,95.9,1.482,3.29,0.0,2.602,1.5,0.78
1788442851.525,turning,11.303,3.588,88.2,0,30,125,9.826,3.714,95.7,1.482,3.298,0.0,2.602,1.5,0.81
1788442851.578,turning,11.302,3.571,88.2,0,30,125,9.826,3.714,95.5,1.484,3.315,0.0,2.602,1.5,0.81
1788442851.631,turning,11.302,3.563,88.2,0,30,125,9.826,3.714,95.2,1.484,3.323,0.0,2.602,1.5,0.83
1788442851.685,turning,11.301,3.546,88.2,0,30,125,9.826,3.714,95.0,1.485,3.34,0.0,2.602,1.5,0.83
1788442851.746,turning,11.301,3.537,88.2,0,30,125,9.826,3.714,94.7,1.486,3.349,0.0,2.602,1.5,0.85
1788442851.811,turning,11.301,3.529,88.2,0,30,125,9.826,3.714,94.5,1.487,3.357,0.0,2.602,1.5,0.85
1788442851.874,turning,11.304,3.522,89.7,0,30,125,9.826,3.714,92.8,1.49,3.364,0.0,2.527,1.5,0.88
1788442851.932,turning,11.3,3.524,91.1,0,30,125,9.826,3.714,91.1,1.487,3.363,0.0,2.451,1.5,0.88
1788442851.989,turning,11.29,3.525,92.5,1,31,125,9.776,3.716,89.5,1.527,3.363,0.0,2.4,1.5,0.89
1788442852.04,turning,11.29,3.525,92.5,1,31,125,9.776,3.716,89.3,1.527,3.362,0.0,2.4,1.5,0.89
1788442852.097,turning,11.29,3.532,92.5,1,31,125,9.776,3.716,89.1,1.526,3.355,0.0,2.4,1.5,0.89
1788442852.153,turning,11.29,3.539,92.5,0,30,122,9.787,3.711,88.9,1.513,3.349,0.0,2.4,1.5,0.89
1788442852.21,turning,11.289,3.552,92.5,0,30,122,9.787,3.711,88.7,1.511,3.335,0.0,2.4,1.5,0.87
1788442852.263,turning,11.289,3.559,92.5,0,30,122,9.787,3.711,88.5,1.51,3.328,0.0,2.4,1.5,0.87
1788442852.318,turning,11.288,3.573,92.5,0,30,122,9.787,3.711,88.4,1.508,3.315,0.0,2.4,1.5,0.85
1788442852.37,turning,11.288,3.579,92.5,0,30,122,9.787,3.711,88.2,1.507,3.308,0.0,2.4,1.5,0.85
1788442852.423,turning,11.286,3.583,92.1,0,30,122,9.787,3.711,88.4,1.505,3.304,0.0,2.4,1.5,0.83
1788442852.476,turning,11.284,3.583,91.9,0,30,122,9.787,3.711,88.6,1.503,3.305,0.0,2.413,1.5,0.83
1788442852.536,turning,11.283,3.592,91.7,0,30,122,9.787,3.711,88.6,1.501,3.296,0.0,2.423,1.5,0.82
1788442852.599,turning,11.283,3.598,91.7,0,30,122,9.787,3.711,88.5,1.5,3.29,0.0,2.423,1.5,0.82
1788442852.663,turning,11.282,3.612,91.7,0,30,122,9.787,3.711,88.4,1.499,3.276,0.0,2.423,1.5,0.79
1788442852.723,turning,11.282,3.619,91.7,0,30,122,9.787,3.711,88.3,1.498,3.269,0.0,2.423,1.5,0.79
1788442852.781,turning,11.282,3.632,91.5,0,30,122,9.787,3.711,88.4,1.497,3.256,0.0,2.43,1.5,0.77
1788442852.834,turning,11.282,3.639,91.4,0,30,122,9.787,3.711,88.4,1.497,3.249,0.0,2.436,1.5,0.77
1788442852.889,turning,11.282,3.641,91.2,0,30,122,9.787,3.711,88.6,1.497,3.248,0.0,2.449,1.5,0.76
1788442852.941,turning,11.282,3.641,90.4,0,30,122,9.787,3.711,89.4,1.497,3.248,0.0,2.49,1.5,0.76
1788442852.993,turning,11.282,3.641,90.0,0,30,122,9.787,3.711,89.7,1.497,3.248,0.0,2.511,1.5,0.75
1788442853.045,turning,11.282,3.641,89.2,0,30,122,9.787,3.711,90.4,1.497,3.248,0.0,2.55,1.5,0.75
1788442853.099,turning,11.282,3.641,88.9,0,30,122,9.787,3.711,90.7,1.497,3.248,0.0,2.569,1.5,0.75
1788442853.153,turning,11.282,3.641,88.2,0,30,125,9.776,3.664,91.3,1.506,3.248,0.0,2.603,1.5,0.75
1788442853.208,turning,11.28,3.642,87.8,0,30,125,9.776,3.664,91.7,1.505,3.247,0.0,2.626,1.5,0.75
1788442853.261,turning,11.275,3.645,86.9,0,30,125,9.776,3.664,92.6,1.5,3.244,0.0,2.673,1.5,0.75
1788442853.322,turning,11.275,3.646,86.5,0,30,125,9.776,3.664,93.0,1.499,3.243,0.0,2.691,1.5,0.75
1788442853.383,turning,11.275,3.646,85.9,0,30,125,9.776,3.664,93.7,1.499,3.243,0.0,2.727,1.5,0.75
1788442853.443,turning,11.275,3.646,85.5,0,30,125,9.776,3.664,94.0,1.499,3.243,0.0,2.745,1.5,0.75
1788442853.502,turning,11.275,3.646,84.9,0,30,125,9.776,3.664,94.6,1.499,3.243,0.0,2.778,1.5,0.75
1788442853.556,turning,11.275,3.646,84.6,0,30,125,9.776,3.664,94.9,1.499,3.243,0.0,2.794,1.5,0.75
1788442853.61,turning,11.275,3.646,84.0,0,30,125,9.776,3.664,95.5,1.499,3.243,0.0,2.823,1.5,0.75
1788442853.665,turning,11.275,3.646,83.8,0,30,125,9.776,3.664,95.7,1.499,3.243,0.0,2.837,1.5,0.75
1788442853.718,turning,11.275,3.646,83.5,0,30,125,9.776,3.664,96.0,1.499,3.243,0.0,2.851,1.5,0.75
1788442853.772,turning,11.275,3.646,83.0,0,30,125,9.776,3.664,96.4,1.499,3.243,0.0,2.875,1.5,0.75
1788442853.827,turning,11.275,3.646,82.8,0,30,125,9.776,3.664,96.7,1.499,3.243,0.0,2.887,1.5,0.75
1788442853.881,turning,11.275,3.649,82.4,0,30,125,9.776,3.664,97.1,1.5,3.24,0.0,2.909,1.5,0.75
1788442853.933,turning,11.276,3.653,82.2,0,30,125,9.776,3.664,97.3,1.5,3.236,0.0,2.919,1.5,0.75
1788442853.987,turning,11.276,3.658,81.1,0,30,125,9.776,3.664,98.4,1.501,3.231,0.0,2.975,1.5,0.74
1788442854.042,turning,11.276,3.661,80.3,0,30,125,9.776,3.664,99.2,1.5,3.228,0.0,3.017,1.5,0.74
1788442854.104,turning,11.274,3.663,79.2,0,30,125,9.776,3.664,100.3,1.499,3.226,0.0,3.073,1.5,0.74
1788442854.169,turning,11.274,3.663,78.9,0,30,124,9.776,3.634,100.6,1.499,3.226,0.0,3.091,1.5,0.74
1788442854.233,turning,11.274,3.663,78.2,0,30,124,9.776,3.634,101.3,1.499,3.226,0.0,3.126,1.5,0.74
1788442854.29,turning,11.274,3.663,77.9,0,30,124,9.776,3.634,101.7,1.499,3.226,0.0,3.143,1.5,0.74
1788442854.346,turning,11.274,3.663,77.3,0,30,124,9.776,3.634,102.3,1.499,3.226,0.0,3.174,1.5,0.74
1788442854.396,turning,11.274,3.663,77.0,0,30,124,9.776,3.634,102.7,1.499,3.226,0.0,3.189,1.5,0.74
1788442854.453,turning,11.274,3.663,76.5,0,30,124,9.776,3.634,103.2,1.499,3.226,0.0,3.217,1.5,0.74
1788442854.505,turning,11.274,3.663,76.3,0,30,124,9.776,3.634,103.5,1.499,3.226,0.0,3.23,1.5,0.74
1788442854.557,turning,11.275,3.664,75.8,0,30,124,9.776,3.634,104.0,1.499,3.225,0.0,3.254,1.5,0.74
1788442854.609,turning,11.275,3.666,75.6,0,30,124,9.776,3.634,104.3,1.5,3.223,0.0,3.266,1.5,0.74
1788442854.662,turning,11.276,3.67,75.4,0,30,124,9.776,3.634,104.5,1.501,3.219,0.0,3.277,1.5,0.73
1788442854.716,turning,11.276,3.67,74.9,0,30,124,9.776,3.634,105.0,1.501,3.218,0.0,3.303,1.5,0.73
1788442854.771,turning,11.276,3.67,74.6,0,30,124,9.776,3.634,105.4,1.501,3.218,0.0,3.318,1.5,0.73
1788442854.825,turning,11.276,3.67,74.0,0,30,124,9.776,3.634,106.0,1.501,3.218,0.0,3.347,1.5,0.73
1788442854.884,turning,11.275,3.674,73.5,0,30,124,9.776,3.634,106.5,1.5,3.215,0.0,3.375,1.5,0.73
1788442854.941,turning,11.27,3.686,72.1,0,30,124,9.776,3.634,108.0,1.496,3.204,0.0,3.449,1.5,0.73
1788442855.002,turning,11.269,3.688,71.6,0,30,124,9.776,3.634,108.5,1.495,3.202,0.0,3.472,1.5,0.73
1788442855.063,turning,11.269,3.688,70.7,0,30,124,9.776,3.634,109.4,1.495,3.202,0.0,3.52,1.5,0.73
1788442855.118,turning,11.269,3.688,70.3,0,30,124,9.776,3.634,110.0,1.495,3.202,0.0,3.544,1.5,0.73
1788442855.173,turning,11.269,3.688,69.4,0,30,124,9.776,3.634,110.9,1.495,3.202,0.0,3.589,1.5,0.73
1788442855.227,turning,11.269,3.688,69.0,0,30,125,9.776,3.634,111.3,1.495,3.202,0.0,3.611,1.5,0.72
1788442855.281,turning,11.269,3.688,68.2,0,30,125,9.776,3.634,112.1,1.495,3.202,0.0,3.651,1.5,0.72
1788442855.333,turning,11.269,3.688,67.8,0,30,125,9.776,3.634,112.5,1.495,3.202,0.0,3.67,1.5,0.72
1788442855.386,turning,11.269,3.688,67.2,0,30,125,9.776,3.634,113.2,1.495,3.202,0.0,3.706,1.5,0.72
1788442855.443,turning,11.269,3.688,66.9,0,30,125,9.776,3.634,113.6,1.495,3.202,0.0,3.722,1.5,0.72
1788442855.496,turning,11.269,3.688,66.3,0,30,125,9.776,3.634,114.2,1.495,3.202,0.0,3.754,1.5,0.72
1788442855.55,turning,11.269,3.688,66.0,0,30,125,9.776,3.634,114.6,1.495,3.202,0.0,3.769,1.5,0.72
1788442855.602,turning,11.269,3.688,65.7,0,30,125,9.776,3.634,114.9,1.495,3.202,0.0,3.783,1.5,0.72
1788442855.667,turning,11.271,3.684,65.0,0,30,125,9.776,3.634,115.6,1.496,3.206,0.0,3.82,1.5,0.72
1788442855.723,turning,11.273,3.68,64.6,0,30,125,9.776,3.634,116.1,1.498,3.21,0.0,3.843,1.5,0.72
1788442855.782,turning,11.276,3.679,64.1,0,30,125,9.776,3.634,116.5,1.501,3.21,0.0,3.865,1.5,0.72
1788442855.84,turning,11.277,3.682,64.1,0,30,125,9.776,3.634,116.6,1.503,3.207,0.0,3.868,1.5,0.72
1788442855.895,turning,11.283,3.694,64.0,0,30,125,9.776,3.634,116.7,1.509,3.195,0.0,3.872,1.5,0.71
1788442855.947,turning,11.286,3.7,63.9,0,30,125,9.776,3.634,116.8,1.512,3.188,0.0,3.876,1.5,0.71
1788442856.001,turning,11.287,3.702,63.4,0,30,125,9.776,3.634,117.4,1.513,3.186,0.0,3.905,1.5,0.7
1788442856.055,turning,11.287,3.702,63.0,0,30,125,9.776,3.634,117.9,1.513,3.186,0.0,3.924,1.5,0.7
1788442856.107,turning,11.287,3.702,62.3,0,30,125,9.776,3.634,118.6,1.513,3.186,0.0,3.961,1.5,0.76
1788442856.161,turning,11.287,3.702,61.9,0,30,125,9.776,3.634,119.0,1.513,3.186,0.0,3.979,1.5,0.76
1788442856.213,turning,11.287,3.702,61.3,0,30,125,9.776,3.634,119.7,1.513,3.186,0.0,4.012,1.5,0.82
1788442856.269,turning,11.287,3.702,61.0,0,30,125,9.776,3.634,120.0,1.513,3.186,0.0,4.028,1.5,0.82
1788442856.322,turning,11.287,3.702,60.5,0,30,125,9.776,3.634,120.6,1.513,3.186,0.0,4.057,1.5,0.85
1788442856.378,turning,11.287,3.702,60.2,0,30,125,9.776,3.634,120.9,1.513,3.186,0.0,4.071,1.5,0.85
1788442856.439,turning,11.287,3.702,59.7,0,30,125,9.776,3.634,121.4,1.513,3.186,0.0,4.096,1.5,0.85
1788442856.499,turning,11.287,3.702,59.5,0,30,125,9.776,3.634,121.7,1.513,3.186,0.0,4.109,1.5,0.85
1788442856.566,turning,11.287,3.704,59.3,0,30,125,9.776,3.634,121.9,1.513,3.184,0.0,4.119,1.5,0.85
1788442856.622,turning,11.288,3.714,59.0,0,30,125,9.776,3.634,122.3,1.515,3.174,0.0,4.135,1.5,0.85
1788442856.679,turning,11.291,3.721,58.8,0,30,125,9.776,3.634,122.5,1.518,3.167,0.0,4.144,1.5,0.84
1788442856.732,turning,11.298,3.732,58.4,0,30,125,9.776,3.634,122.9,1.526,3.155,0.0,4.164,1.5,0.84
1788442856.787,turning,11.302,3.738,58.2,0,30,125,9.776,3.634,123.2,1.53,3.149,0.0,4.173,1.5,0.82
1788442856.839,turning,11.309,3.749,57.9,0,30,125,9.776,3.634,123.6,1.538,3.137,0.0,4.191,1.5,0.82
1788442856.893,turning,11.313,3.755,57.8,0,30,125,9.776,3.634,123.8,1.542,3.131,0.0,4.199,1.5,0.8
1788442856.949,turning,11.32,3.767,57.5,0,30,125,9.776,3.634,124.2,1.55,3.119,0.0,4.214,1.5,0.8
1788442857.001,turning,11.323,3.772,57.3,0,30,125,9.776,3.634,124.4,1.554,3.113,0.0,4.222,1.5,0.78
1788442857.057,turning,11.328,3.779,58.5,0,30,125,9.776,3.634,123.3,1.559,3.106,0.0,4.159,1.5,0.78
1788442857.109,turning,11.328,3.779,60.0,0,30,125,9.776,3.634,121.9,1.559,3.106,0.0,4.079,1.5,0.76
1788442857.166,turning,11.328,3.779,63.1,0,30,125,9.776,3.634,118.9,1.559,3.106,0.0,3.92,1.5,0.76
1788442857.229,turning,11.328,3.779,64.6,0,30,125,9.776,3.634,117.5,1.559,3.106,0.0,3.841,1.5,0.76
1788442857.292,turning,11.328,3.779,67.1,0,30,125,9.776,3.634,115.0,1.559,3.106,0.0,3.709,1.5,0.76
1788442857.353,turning,11.328,3.779,68.2,0,30,125,9.776,3.634,114.0,1.559,3.106,0.0,3.65,1.5,0.76
1788442857.411,turning,11.328,3.779,70.1,0,30,125,9.776,3.634,112.2,1.559,3.106,0.0,3.55,1.5,0.76
1788442857.467,turning,11.328,3.779,71.1,0,30,125,9.776,3.634,111.3,1.559,3.106,0.0,3.501,1.5,0.64
1788442857.518,turning,11.328,3.779,72.0,0,30,125,9.776,3.634,110.4,1.559,3.106,0.0,3.453,1.5,0.64
1788442857.574,turning,11.328,3.779,73.9,0,30,125,9.776,3.634,108.6,1.559,3.106,0.0,3.355,1.5,0.64
1788442857.625,turning,11.328,3.779,74.8,0,30,125,9.776,3.634,107.8,1.559,3.106,0.0,3.306,1.5,0.64
1788442857.679,turning,11.328,3.779,76.7,0,30,125,9.776,3.634,106.0,1.559,3.106,0.0,3.208,1.5,0.64
1788442857.73,turning,11.328,3.779,77.6,0,30,125,9.776,3.634,105.1,1.559,3.106,0.0,3.159,1.5,0.64
1788442857.785,turning,11.328,3.779,79.5,0,30,125,9.776,3.634,103.3,1.559,3.106,0.0,3.061,1.5,0.64
1788442857.838,turning,11.328,3.779,80.4,0,30,125,9.776,3.634,102.4,1.559,3.106,0.0,3.012,1.5,0.64
1788442857.894,turning,11.328,3.781,82.4,0,30,125,9.776,3.634,100.5,1.559,3.104,0.0,2.907,1.5,0.64
1788442857.95,turning,11.328,3.783,83.5,0,30,125,9.776,3.634,99.5,1.559,3.102,0.0,2.853,1.5,0.64
1788442858.008,turning,11.327,3.785,85.4,0,30,125,9.776,3.634,97.6,1.559,3.1,0.0,2.751,1.5,0.64
1788442858.069,turning,11.327,3.785,86.3,0,30,125,9.776,3.634,96.8,1.559,3.1,0.0,2.702,1.5,0.64
1788442858.133,turning,11.327,3.785,88.2,0,30,125,9.776,3.634,94.9,1.559,3.1,0.0,2.604,1.5,0.64
1788442858.194,turning,11.327,3.785,89.2,0,30,125,9.776,3.634,94.1,1.559,3.1,0.0,2.555,1.5,0.64
1788442858.252,turning,11.309,3.793,89.7,0,30,125,9.776,3.634,93.6,1.541,3.094,0.0,2.528,1.5,0.64
1788442858.305,turning,11.295,3.798,89.9,0,30,125,9.776,3.634,93.5,1.528,3.09,0.0,2.518,1.5,0.64
1788442858.359,turning,11.287,3.802,90.0,0,30,125,9.776,3.634,93.5,1.52,3.087,0.0,2.512,1.5,0.64
1788442858.41,turning,11.287,3.802,90.0,0,30,125,9.776,3.634,93.5,1.52,3.087,0.0,2.512,1.5,0.64
1788442858.465,turning,11.287,3.796,90.0,0,30,125,9.776,3.634,93.6,1.52,3.093,0.0,2.512,1.5,0.64
1788442858.516,turning,11.287,3.779,90.0,0,30,125,9.776,3.634,93.6,1.518,3.11,0.0,2.512,1.5,0.64
1788442858.571,turning,11.285,3.769,89.9,0,30,125,9.776,3.634,93.7,1.516,3.12,0.0,2.515,1.5,0.67
1788442858.624,turning,11.281,3.745,89.7,0,30,125,9.776,3.634,94.0,1.509,3.144,0.0,2.529,1.5,0.67
1788442858.676,turning,11.28,3.735,89.6,0,30,125,9.776,3.634,94.1,1.508,3.154,0.0,2.531,1.5,0.69
1788442858.727,turning,11.28,3.718,89.6,0,30,125,9.776,3.634,94.1,1.506,3.171,0.0,2.531,1.5,0.69
1788442858.786,turning,11.28,3.71,89.6,0,30,125,9.776,3.634,94.0,1.506,3.179,0.0,2.531,1.5,0.71
1788442858.845,turning,11.28,3.693,89.6,0,30,125,9.776,3.634,94.0,1.505,3.196,0.0,2.531,1.5,0.71
1788442858.904,turning,11.279,3.684,89.6,0,30,125,9.776,3.634,94.0,1.505,3.204,0.0,2.531,1.5,0.73
1788442858.966,turning,11.279,3.667,89.6,0,30,125,9.776,3.634,93.9,1.504,3.221,0.0,2.531,1.5,0.73
1788442859.022,turning,11.279,3.659,89.6,0,30,125,9.776,3.634,93.8,1.504,3.23,0.0,2.531,1.5,0.76
1788442859.075,turning,11.279,3.642,89.6,0,30,125,9.776,3.634,93.8,1.504,3.247,0.0,2.531,1.5,0.76
1788442859.13,turning,11.279,3.633,89.6,0,30,125,9.776,3.634,93.7,1.504,3.255,0.0,2.531,1.5,0.78
1788442859.182,turning,11.279,3.616,89.6,0,30,125,9.776,3.634,93.6,1.504,3.272,0.0,2.531,1.5,0.78
1788442859.234,turning,11.279,3.608,89.6,0,30,125,9.776,3.634,93.5,1.504,3.281,0.0,2.531,1.5,0.81
1788442859.286,turning,11.279,3.591,89.6,0,30,125,9.776,3.634,93.4,1.504,3.298,0.0,2.531,1.5,0.81
1788442859.34,turning,11.281,3.582,89.1,0,30,125,9.776,3.634,93.7,1.507,3.306,0.0,2.556,1.5,0.83
1788442859.394,turning,11.283,3.573,88.6,0,30,125,9.776,3.634,94.1,1.509,3.315,0.0,2.582,1.5,0.83
1788442859.453,turning,11.283,3.555,88.1,0,30,125,9.776,3.634,94.4,1.51,3.333,0.0,2.609,1.5,0.86
1788442859.507,turning,11.283,3.547,88.1,0,30,125,9.776,3.634,94.3,1.51,3.341,0.0,2.609,1.5,0.86
1788442859.566,turning,11.282,3.53,88.1,0,30,125,9.776,3.634,94.1,1.51,3.358,0.0,2.609,1.5,0.88
1788442859.622,turning,11.282,3.521,88.1,0,30,125,9.776,3.634,94.0,1.511,3.366,0.0,2.609,1.5,0.88
1788442859.683,turning,11.281,3.504,88.1,0,30,125,9.776,3.634,93.8,1.512,3.383,0.0,2.609,1.5,0.9
1788442859.742,turning,11.281,3.496,88.1,0,30,125,9.776,3.634,93.6,1.512,3.392,0.0,2.609,1.5,0.9
1788442859.801,turning,11.281,3.479,88.1,0,30,125,9.776,3.634,93.4,1.513,3.408,0.0,2.609,1.5,0.93
1788442859.856,turning,11.28,3.473,88.1,0,30,125,9.776,3.634,93.2,1.514,3.414,0.0,2.609,1.5,0.93
1788442859.91,turning,11.285,3.462,88.3,0,30,125,9.776,3.634,92.9,1.519,3.426,0.0,2.599,1.5,0.95
1788442859.965,turning,11.288,3.457,88.5,0,30,125,9.776,3.634,92.5,1.523,3.43,0.0,2.591,1.5,0.95
1788442860.019,turning,11.29,3.458,88.6,0,30,125,9.776,3.634,92.2,1.525,3.429,0.0,2.586,1.5,0.95
1788442860.073,turning,11.29,3.462,88.6,0,30,125,9.776,3.634,92.0,1.525,3.424,0.0,2.586,1.5,0.95
1788442860.125,turning,11.291,3.463,88.6,0,30,125,9.776,3.634,91.9,1.525,3.424,0.0,2.586,1.5,0.94
1788442860.177,turning,11.291,3.463,88.6,0,30,125,9.776,3.634,91.7,1.525,3.424,0.0,2.586,1.5,0.94
1788442860.231,turning,11.291,3.463,88.6,0,30,125,9.776,3.634,91.5,1.525,3.424,0.0,2.586,1.5,0.94
1788442860.281,turning,11.291,3.463,88.6,0,30,125,9.776,3.634,91.4,1.525,3.424,0.0,2.586,1.5,0.94
1788442860.337,turning,11.291,3.463,88.6,0,30,125,9.776,3.634,91.2,1.525,3.424,0.0,2.586,1.5,0.94
1788442860.396,turning,11.291,3.463,88.6,0,30,125,9.776,3.634,91.1,1.525,3.424,0.0,2.586,1.5,0.94
1788442860.456,turning,11.291,3.463,88.6,0,30,125,9.776,3.634,90.9,1.525,3.424,0.0,2.586,1.5,0.94
1788442860.513,turning,11.291,3.463,88.6,0,30,125,9.776,3.634,90.8,1.525,3.424,0.0,2.586,1.5,0.94
1788442860.57,turning,11.291,3.463,88.6,0,30,125,9.776,3.634,90.6,1.525,3.424,0.0,2.586,1.5,0.94
1788442860.621,turning,11.291,3.463,88.6,0,30,125,9.776,3.634,90.5,1.525,3.424,0.0,2.586,1.5,0.94
1788442860.677,turning,11.291,3.463,88.6,0,30,125,9.776,3.634,90.3,1.525,3.424,0.0,2.586,1.5,0.94
1788442860.729,turning,11.291,3.463,90.4,0,30,125,9.776,3.634,88.4,1.525,3.424,0.0,2.49,1.5,0.94
1788442860.782,turning,11.291,3.463,91.4,0,30,125,9.776,3.634,87.2,1.525,3.424,0.0,2.436,1.5,0.94
1788442860.837,turning,11.291,3.463,93.2,0,30,125,9.776,3.634,85.3,1.525,3.424,0.0,2.4,1.5,0.94
1788442860.892,turning,11.291,3.463,94.1,0,30,125,9.776,3.634,84.3,1.525,3.424,0.0,2.4,1.5,0.94
1788442860.946,turning,11.291,3.463,95.7,0,30,125,9.776,3.634,82.6,1.525,3.424,0.0,2.4,1.5,0.94
1788442860.999,turning,11.291,3.463,96.5,0,30,125,9.776,3.634,81.6,1.525,3.424,0.0,2.4,1.5,0.94
1788442861.058,turning,11.291,3.463,98.2,0,30,125,9.776,3.634,79.9,1.525,3.424,0.0,2.4,1.5,0.94
1788442861.113,turning,11.291,3.463,99.0,0,30,125,9.776,3.634,78.9,1.525,3.424,0.0,2.4,1.5,0.95
1788442861.176,turning,11.291,3.463,100.6,0,30,125,9.776,3.634,77.2,1.525,3.424,0.0,2.4,1.5,0.95
1788442861.233,turning,11.291,3.463,101.5,0,30,125,9.776,3.634,76.3,1.525,3.424,0.0,2.4,1.5,0.95
1788442861.292,turning,11.291,3.463,102.3,0,30,125,9.776,3.634,75.3,1.525,3.424,0.0,2.4,1.5,0.95
1788442861.35,turning,11.291,3.463,103.9,0,30,125,9.776,3.634,73.6,1.525,3.424,0.0,2.4,1.5,0.95
1788442861.4,turning,11.291,3.463,104.7,0,30,125,9.776,3.634,72.7,1.525,3.424,0.0,2.4,1.5,0.95
1788442861.454,turning,11.292,3.466,105.7,0,30,125,9.776,3.634,71.6,1.526,3.421,0.0,2.4,1.5,0.95
1788442861.509,turning,11.292,3.468,105.9,0,30,125,9.776,3.634,71.3,1.526,3.419,0.0,2.4,1.5,0.95
1788442861.569,turning,11.292,3.47,107.0,0,30,125,9.776,3.634,70.1,1.525,3.417,0.0,2.4,1.5,0.95
1788442861.624,turning,11.292,3.47,107.9,0,30,125,9.776,3.634,69.2,1.525,3.417,0.0,2.4,1.5,0.95
1788442861.678,turning,11.292,3.47,109.5,0,30,125,9.776,3.634,67.5,1.525,3.417,0.0,2.4,1.5,0.95
1788442861.732,turning,11.292,3.47,110.3,0,30,125,9.776,3.634,66.6,1.525,3.417,0.0,2.4,1.5,0.95
1788442861.785,turning,11.296,3.473,112.6,0,30,125,9.776,3.634,64.3,1.529,3.413,0.0,2.4,1.5,0.95
1788442861.837,turning,11.299,3.476,113.9,0,30,125,9.776,3.634,62.9,1.531,3.41,0.0,2.4,1.5,0.95
1788442861.897,turning,11.3,3.478,115.8,0,30,125,9.776,3.634,60.9,1.532,3.409,0.0,2.4,1.5,0.95
1788442861.961,turning,11.3,3.478,116.7,0,30,125,9.776,3.634,60.0,1.532,3.409,0.0,2.4,1.5,0.95
1788442862.02,turning,11.3,3.478,118.3,0,30,125,9.776,3.634,58.3,1.532,3.409,0.0,2.4,1.5,0.96
1788442862.081,turning,11.3,3.478,119.1,0,30,125,9.776,3.634,57.4,1.532,3.409,0.0,2.4,1.5,0.96
1788442862.136,turning,11.302,3.48,120.7,0,30,125,9.776,3.634,55.7,1.534,3.406,0.0,2.4,1.5,0.96
1788442862.19,turning,11.303,3.481,121.5,0,30,125,9.776,3.634,54.9,1.535,3.405,0.0,2.4,1.5,0.96
1788442862.244,turning,11.304,3.482,122.3,0,30,125,9.776,3.634,54.0,1.536,3.404,0.0,2.4,1.5,0.96
1788442862.296,turning,11.304,3.482,124.0,0,30,125,9.776,3.634,52.3,1.536,3.404,0.0,2.4,1.5,0.96
1788442862.351,turning,11.304,3.482,124.8,0,30,125,9.776,3.634,51.5,1.536,3.404,0.0,2.4,1.5,0.96
1788442862.405,turning,11.304,3.482,126.4,0,30,125,9.776,3.634,49.8,1.536,3.404,0.0,2.4,1.5,0.96
1788442862.461,turning,11.307,3.486,127.4,0,30,125,9.776,3.634,48.7,1.538,3.399,0.0,2.4,1.5,0.96
1788442862.511,turning,11.315,3.502,129.7,0,30,125,9.776,3.634,46.4,1.545,3.383,0.0,2.4,1.5,0.96
1788442862.566,turning,11.316,3.504,130.7,0,30,125,9.776,3.634,45.4,1.546,3.381,0.0,2.4,1.5,0.97
1788442862.621,driving,11.316,3.504,132.3,0,30,125,9.776,3.634,43.8,1.546,3.381,0.278,0.0,1.5,0.97
1788442862.683,turning,11.316,3.504,133.1,0,30,125,9.776,3.634,42.9,1.546,3.381,0.0,2.4,1.5,0.97
1788442862.744,turning,11.316,3.505,134.0,0,30,125,9.776,3.634,42.1,1.546,3.38,0.0,2.4,1.5,0.97
1788442862.805,turning,11.317,3.505,135.0,0,30,125,9.776,3.634,41.0,1.547,3.38,0.0,2.4,1.5,0.97
1788442862.867,turning,11.32,3.504,137.1,0,30,125,9.776,3.634,38.9,1.55,3.381,0.0,2.4,1.5,0.97
1788442862.92,turning,11.32,3.504,138.0,0,30,125,9.776,3.634,38.0,1.55,3.381,0.0,2.4,1.5,0.97
1788442862.974,turning,11.32,3.504,139.6,0,30,125,9.776,3.634,36.3,1.55,3.381,0.0,2.4,1.5,0.97
1788442863.028,turning,11.32,3.504,140.4,0,30,125,9.776,3.634,35.5,1.55,3.381,0.0,2.4,1.5,0.97
1788442863.082,turning,11.32,3.504,142.1,0,30,125,9.776,3.634,33.9,1.55,3.381,0.0,2.4,1.5,0.97
1788442863.138,turning,11.307,3.494,141.9,0,30,125,9.776,3.634,34.0,1.538,3.392,0.0,2.4,1.5,0.97
1788442863.193,turning,11.292,3.483,141.3,0,30,125,9.776,3.634,34.6,1.524,3.403,0.0,2.4,1.5,0.97
1788442863.247,turning,11.278,3.473,139.7,0,30,125,9.776,3.634,36.1,1.511,3.415,0.0,2.4,1.5,0.97
1788442863.299,turning,11.278,3.473,138.8,0,30,125,9.776,3.634,37.0,1.511,3.415,0.0,2.4,1.5,0.97
1788442863.355,turning,11.278,3.473,137.0,0,30,125,9.776,3.634,38.7,1.511,3.415,0.0,2.4,1.5,0.97
1788442863.409,turning,11.278,3.473,136.1,0,30,125,9.776,3.634,39.6,1.511,3.415,0.0,2.4,1.5,0.97
1788442863.469,turning,11.274,3.473,134.5,0,30,125,9.776,3.634,41.2,1.507,3.415,0.0,2.4,1.5,0.97
1788442863.531,turning,11.27,3.474,133.7,0,30,125,9.776,3.634,41.9,1.503,3.415,0.0,2.4,1.5,0.97
1788442863.597,turning,11.267,3.474,132.2,0,30,125,9.776,3.634,43.4,1.5,3.415,0.0,2.4,1.5,0.97
1788442863.654,turning,11.267,3.474,131.4,0,30,125,9.776,3.634,44.1,1.5,3.415,0.0,2.4,1.5,0.97
1788442863.713,turning,11.267,3.474,130.0,0,30,125,9.776,3.634,45.4,1.5,3.415,0.0,2.412,1.5,0.97
1788442863.765,turning,11.267,3.474,129.3,0,30,125,9.776,3.634,46.1,1.5,3.415,0.0,2.448,1.5,0.97
1788442863.819,turning,11.267,3.474,128.1,0,30,125,9.776,3.634,47.3,1.5,3.415,0.0,2.513,1.5,0.96
1788442863.87,turning,11.267,3.474,127.5,0,30,125,9.776,3.634,47.9,1.5,3.415,0.0,2.545,1.5,0.96
1788442863.923,turning,11.267,3.474,126.4,0,30,125,9.776,3.634,48.9,1.5,3.415,0.0,2.602,1.5,0.96
1788442863.976,turning,11.267,3.474,125.8,0,30,125,9.776,3.634,49.4,1.5,3.415,0.0,2.63,1.5,0.96
1788442864.032,turning,11.271,3.468,125.2,0,30,125,9.776,3.634,50.1,1.504,3.421,0.0,2.666,1.5,0.96
1788442864.085,turning,11.273,3.463,124.9,0,30,125,9.776,3.634,50.3,1.507,3.426,0.0,2.68,1.5,0.96
1788442864.141,turning,11.274,3.46,124.6,0,30,125,9.776,3.634,50.6,1.509,3.428,0.0,2.696,1.5,0.96
1788442864.197,turning,11.274,3.46,123.9,0,30,125,9.776,3.634,51.2,1.509,3.428,0.0,2.732,1.5,0.96
1788442864.255,turning,11.274,3.46,123.6,0,30,125,9.776,3.634,51.5,1.509,3.428,0.0,2.749,1.5,0.96
1788442864.316,turning,11.274,3.46,123.0,0,30,125,9.776,3.634,52.0,1.509,3.428,0.0,2.779,1.5,0.96
1788442864.374,turning,11.273,3.459,122.6,0,30,125,9.776,3.634,52.4,1.508,3.429,0.0,2.802,1.5,0.96
1788442864.43,turning,11.27,3.456,121.5,0,30,125,9.776,3.634,53.4,1.505,3.433,0.0,2.855,1.5,0.96
1788442864.484,turning,11.27,3.455,121.2,0,30,125,9.776,3.634,53.7,1.505,3.434,0.0,2.872,1.5,0.96
1788442864.536,turning,11.268,3.457,120.8,0,30,125,9.776,3.634,54.0,1.503,3.431,0.0,2.894,1.5,0.96
1788442864.593,turning,11.266,3.461,120.6,0,30,125,9.776,3.634,54.2,1.501,3.428,0.0,2.904,1.5,0.96
1788442864.645,turning,11.26,3.471,120.2,0,30,125,9.776,3.634,54.6,1.493,3.418,0.0,2.926,1.5,0.96
1788442864.698,turning,11.257,3.477,120.0,0,30,125,9.776,3.634,54.8,1.489,3.413,0.0,2.938,1.5,0.94
1788442864.752,turning,11.256,3.478,119.4,0,30,125,9.776,3.634,55.4,1.489,3.412,0.0,2.97,1.5,0.94
1788442864.805,turning,11.256,3.478,119.0,0,30,125,9.776,3.634,55.7,1.489,3.412,0.0,2.987,1.5,0.93
1788442864.86,turning,11.256,3.478,118.4,0,30,125,9.776,3.634,56.3,1.489,3.412,0.0,3.02,1.5,0.93
1788442864.912,turning,11.256,3.478,118.1,0,30,125,9.776,3.634,56.6,1.489,3.412,0.0,3.035,1.5,0.93
1788442864.966,turning,11.256,3.478,117.5,0,30,125,9.776,3.634,57.1,1.489,3.412,0.0,3.064,1.5,0.93
1788442865.028,turning,11.255,3.475,117.4,1,31,125,9.726,3.633,57.3,1.537,3.415,0.0,3.074,1.5,0.93
1788442865.09,turning,11.253,3.472,117.2,1,31,125,9.726,3.633,57.5,1.536,3.418,0.0,3.083,1.5,0.93
1788442865.149,turning,11.251,3.47,116.8,1,31,125,9.726,3.633,57.8,1.534,3.421,0.0,3.104,1.5,0.93
1788442865.204,turning,11.251,3.47,116.6,1,31,125,9.726,3.633,58.0,1.534,3.421,0.0,3.116,1.5,0.93
1788442865.259,turning,11.249,3.473,116.1,1,31,125,9.726,3.633,58.5,1.532,3.418,0.0,3.138,1.5,0.93
1788442865.311,turning,11.248,3.476,115.9,1,31,125,9.726,3.633,58.7,1.53,3.414,0.0,3.149,1.5,0.93
1788442865.366,turning,11.244,3.483,115.5,1,31,125,9.726,3.633,59.1,1.526,3.408,0.0,3.172,1.5,0.92
1788442865.419,turning,11.244,3.483,115.2,1,31,125,9.726,3.633,59.3,1.526,3.408,0.0,3.185,1.5,0.92
1788442865.475,turning,11.244,3.483,114.7,1,31,125,9.726,3.633,59.8,1.526,3.408,0.0,3.212,1.5,0.91
1788442865.53,turning,11.244,3.483,114.5,1,31,125,9.726,3.633,60.1,1.526,3.408,0.0,3.226,1.5,0.91
1788442865.584,turning,11.244,3.483,114.0,1,31,125,9.726,3.633,60.6,1.526,3.408,0.0,3.251,1.5,0.91
1788442865.638,turning,11.244,3.483,113.7,1,31,125,9.726,3.633,60.8,1.526,3.408,0.0,3.263,1.5,0.91
1788442865.691,turning,11.243,3.486,113.3,1,31,125,9.726,3.633,61.2,1.525,3.405,0.0,3.285,1.5,0.91
1788442865.75,turning,11.242,3.489,113.1,1,31,125,9.726,3.633,61.4,1.523,3.402,0.0,3.296,1.5,0.91
1788442865.809,turning,11.238,3.497,112.7,1,31,125,9.726,3.633,61.9,1.519,3.395,0.0,3.318,1.5,0.9
1788442865.872,turning,11.238,3.497,112.5,1,31,125,9.726,3.633,62.1,1.519,3.395,0.0,3.33,1.5,0.9
1788442865.934,turning,11.236,3.495,112.1,1,31,125,9.726,3.633,62.4,1.516,3.397,0.0,3.348,1.5,0.9
1788442865.992,turning,11.234,3.494,112.0,1,31,125,9.726,3.633,62.6,1.514,3.398,0.0,3.355,1.5,0.9
1788442866.054,turning,11.233,3.493,111.8,1,31,125,9.726,3.633,62.8,1.513,3.399,0.0,3.365,1.5,0.89
1788442866.107,turning,11.233,3.493,111.3,1,31,125,9.726,3.633,63.3,1.513,3.399,0.0,3.392,1.5,0.89
1788442866.162,turning,11.233,3.493,111.0,1,31,125,9.726,3.633,63.5,1.513,3.399,0.0,3.406,1.5,0.89
1788442866.217,turning,11.232,3.493,110.6,1,31,125,9.726,3.633,64.0,1.513,3.399,0.0,3.43,1.5,0.89
1788442866.274,turning,11.232,3.496,110.3,1,31,125,9.726,3.633,64.3,1.512,3.397,0.0,3.442,1.5,0.89
1788442866.327,turning,11.228,3.504,109.9,1,31,125,9.726,3.633,64.7,1.508,3.388,0.0,3.465,1.5,0.89
1788442866.382,turning,11.226,3.511,109.7,1,31,125,9.726,3.633,64.9,1.505,3.382,0.0,3.476,1.5,0.88
1788442866.436,turning,11.225,3.513,109.1,1,31,125,9.726,3.633,65.5,1.505,3.381,0.0,3.506,1.5,0.88
1788442866.488,turning,11.225,3.513,108.8,1,31,125,9.726,3.633,65.9,1.505,3.381,0.0,3.522,1.5,0.87
1788442866.546,turning,11.225,3.513,108.2,1,31,125,9.726,3.633,66.5,1.505,3.381,0.0,3.554,1.5,0.87
1788442866.608,turning,11.225,3.513,107.9,1,31,125,9.726,3.633,66.8,1.505,3.381,0.0,3.569,1.5,0.87
1788442866.669,turning,11.225,3.513,107.4,1,31,125,9.726,3.633,67.3,1.505,3.381,0.0,3.598,1.5,0.87
1788442866.732,turning,11.225,3.513,107.1,1,31,125,9.726,3.633,67.6,1.505,3.381,0.0,3.611,1.5,0.87
1788442866.786,turning,11.225,3.513,106.6,1,31,125,9.726,3.633,68.1,1.505,3.381,0.0,3.636,1.5,0.87
1788442866.841,turning,11.225,3.513,106.4,1,31,125,9.726,3.633,68.4,1.505,3.381,0.0,3.648,1.5,0.87
1788442866.894,turning,11.225,3.515,106.0,1,31,125,9.726,3.633,68.8,1.504,3.378,0.0,3.67,1.5,0.87
1788442866.95,turning,11.223,3.52,105.4,1,31,125,9.726,3.633,69.4,1.502,3.374,0.0,3.699,1.5,0.87
1788442867.001,turning,11.22,3.526,104.9,1,31,125,9.726,3.633,70.0,1.498,3.368,0.0,3.729,1.5,0.87
1788442867.058,turning,11.216,3.536,104.0,1,31,125,9.726,3.633,70.8,1.494,3.359,0.0,3.772,1.5,0.85
1788442867.109,turning,11.216,3.536,103.8,1,31,125,9.726,3.633,71.1,1.494,3.359,0.0,3.786,1.5,0.85
1788442867.169,turning,11.216,3.536,103.1,1,31,125,9.726,3.633,71.8,1.494,3.359,0.0,3.818,1.5,0.85
1788442867.224,turning,11.216,3.536,102.8,1,31,125,9.726,3.633,72.1,1.494,3.359,0.0,3.834,1.5,0.85
1788442867.279,turning,11.216,3.536,102.3,1,31,125,9.726,3.633,72.7,1.494,3.359,0.0,3.863,1.5,0.85
1788442867.333,turning,11.216,3.536,102.0,1,31,125,9.726,3.633,73.0,1.494,3.359,0.0,3.877,1.5,0.85
1788442867.4,turning,11.216,3.536,101.5,0,30,123,9.726,3.709,73.5,1.5,3.359,0.0,3.903,1.5,0.84
1788442867.463,turning,11.216,3.536,101.3,0,30,123,9.726,3.709,73.7,1.5,3.359,0.0,3.916,1.5,0.84
1788442867.526,turning,11.215,3.539,100.9,0,30,123,9.726,3.709,74.1,1.499,3.356,0.0,3.938,1.5,0.84
1788442867.586,turning,11.214,3.543,100.6,0,30,123,9.726,3.709,74.2,1.498,3.351,0.0,3.949,1.5,0.84
1788442867.64,turning,11.213,3.549,100.2,0,30,123,9.726,3.709,74.7,1.496,3.345,0.0,3.973,1.5,0.83
1788442867.693,turning,11.213,3.549,99.9,0,30,123,9.726,3.709,74.9,1.496,3.345,0.0,3.986,1.5,0.83
1788442867.751,turning,11.213,3.549,99.4,0,30,123,9.726,3.709,75.4,1.496,3.345,0.0,4.014,1.5,0.83
1788442867.802,turning,11.213,3.549,99.1,0,30,123,9.726,3.709,75.6,1.496,3.345,0.0,4.028,1.5,0.83
1788442867.858,turning,11.217,3.549,98.4,0,30,123,9.726,3.709,76.4,1.5,3.346,0.0,4.068,1.5,0.83
1788442867.908,turning,11.219,3.548,98.0,0,30,123,9.726,3.709,76.8,1.502,3.346,0.0,4.09,1.5,0.83
1788442867.962,turning,11.221,3.548,97.7,0,30,123,9.726,3.709,77.1,1.503,3.346,0.0,4.106,1.5,0.83
1788442868.013,turning,11.22,3.554,97.4,0,30,123,9.726,3.709,77.3,1.502,3.34,0.0,4.121,1.5,0.83
1788442868.067,turning,11.219,3.559,97.2,0,30,123,9.726,3.709,77.4,1.501,3.335,0.0,4.127,1.5,0.82
1788442868.124,turning,11.217,3.572,96.9,0,30,123,9.726,3.709,77.8,1.498,3.322,0.0,4.145,1.5,0.82
1788442868.186,turning,11.217,3.579,96.7,0,30,123,9.726,3.709,78.0,1.497,3.315,0.0,4.156,1.5,0.8
1788442868.248,turning,11.217,3.58,96.1,0,30,123,9.726,3.709,78.6,1.496,3.314,0.0,4.189,1.5,0.8
1788442868.309,turning,11.217,3.58,95.7,0,30,123,9.726,3.709,79.0,1.496,3.314,0.0,4.207,1.5,0.79
1788442868.363,turning,11.217,3.58,95.0,0,30,123,9.726,3.709,79.7,1.496,3.314,0.0,4.242,1.5,0.79
1788442868.417,turning,11.217,3.58,94.7,0,30,123,9.725,3.675,80.0,1.495,3.314,0.0,4.259,1.5,0.79
1788442868.47,turning,11.217,3.58,94.1,0,30,123,9.725,3.675,80.7,1.495,3.314,0.0,4.291,1.5,0.79
1788442868.521,turning,11.217,3.58,93.8,0,30,123,9.725,3.675,81.0,1.495,3.314,0.0,4.306,1.5,0.79
1788442868.577,turning,11.217,3.58,93.3,0,30,123,9.725,3.675,81.6,1.495,3.314,0.0,4.333,1.5,0.79
1788442868.63,turning,11.217,3.58,93.1,0,30,123,9.725,3.675,81.9,1.495,3.314,0.0,4.347,1.5,0.79
1788442868.683,turning,11.217,3.581,92.6,0,30,123,9.725,3.675,82.4,1.494,3.314,0.0,4.371,1.5,0.79
1788442868.739,turning,11.216,3.583,92.4,0,30,123,9.725,3.675,82.6,1.494,3.312,0.0,4.383,1.5,0.79
1788442868.792,turning,11.216,3.592,91.9,0,30,123,9.725,3.675,83.1,1.493,3.302,0.0,4.405,1.5,0.79
1788442868.851,turning,11.215,3.6,91.7,0,30,123,9.725,3.675,83.4,1.491,3.295,0.0,4.419,1.5,0.78
1788442868.907,turning,11.213,3.602,91.4,0,30,123,9.725,3.675,83.8,1.49,3.293,0.0,4.436,1.5,0.78
1788442868.972,turning,11.212,3.603,90.6,0,30,123,9.725,3.675,84.6,1.488,3.292,0.0,4.475,1.5,0.77
1788442869.031,turning,11.212,3.603,90.2,0,30,123,9.725,3.675,85.0,1.488,3.292,0.0,4.494,1.5,0.77
1788442869.095,turning,11.212,3.603,89.5,0,30,123,9.725,3.675,85.8,1.488,3.292,0.0,4.5,1.5,0.77
1788442869.147,turning,11.212,3.603,89.2,0,30,123,9.725,3.675,86.2,1.488,3.292,0.0,4.5,1.5,0.77
1788442869.202,turning,11.212,3.603,88.6,0,30,123,9.725,3.675,86.8,1.488,3.292,0.0,4.5,1.5,0.76
1788442869.258,turning,11.212,3.603,88.2,0,30,123,9.725,3.675,87.2,1.488,3.292,0.0,4.5,1.5,0.76
1788442869.311,turning,11.212,3.603,87.7,0,30,123,9.725,3.675,87.8,1.488,3.292,0.0,4.5,1.5,0.76
1788442869.364,turning,11.212,3.603,87.4,0,30,123,9.725,3.675,88.1,1.488,3.292,0.0,4.5,1.5,0.76
1788442869.423,turning,11.212,3.603,86.9,0,30,123,9.728,3.713,88.6,1.488,3.292,0.0,4.5,1.5,0.76
1788442869.477,turning,11.212,3.603,86.7,0,30,123,9.728,3.713,88.8,1.488,3.292,0.0,4.5,1.5,0.76
1788442869.531,turning,11.212,3.606,86.3,0,30,123,9.728,3.713,89.3,1.488,3.289,0.0,4.5,1.5,0.76
1788442869.585,turning,11.212,3.61,86.1,0,30,123,9.728,3.713,89.5,1.488,3.285,0.0,4.5,1.5,0.76
1788442869.641,turning,11.205,3.627,85.6,0,30,123,9.728,3.713,90.0,1.48,3.269,0.0,4.5,1.5,0.75
1788442869.701,turning,11.2,3.633,85.4,1,31,123,9.678,3.716,90.3,1.525,3.263,0.0,4.5,1.5,0.75
1788442869.762,turning,11.197,3.637,84.5,1,31,123,9.678,3.716,91.2,1.521,3.26,0.0,4.5,1.5,0.74
1788442869.824,turning,11.197,3.637,84.0,1,31,123,9.678,3.716,91.7,1.521,3.26,0.0,4.5,1.5,0.74
1788442869.883,turning,11.197,3.637,83.5,1,31,123,9.678,3.716,92.2,1.521,3.26,0.0,4.5,1.5,0.74
1788442869.938,turning,11.197,3.637,82.5,1,31,123,9.678,3.716,93.2,1.521,3.26,0.0,4.5,1.5,0.74
1788442869.991,turning,11.197,3.637,82.0,1,31,123,9.678,3.716,93.7,1.521,3.26,0.0,4.5,1.5,0.74
1788442870.042,turning,11.197,3.637,81.2,1,31,123,9.678,3.716,94.6,1.521,3.26,0.0,4.5,1.5,0.74
1788442870.092,turning,11.197,3.637,80.8,1,31,123,9.678,3.716,95.1,1.521,3.26,0.0,4.5,1.5,0.74
1788442870.148,turning,11.197,3.637,80.0,1,31,123,9.678,3.716,95.8,1.521,3.26,0.0,4.5,1.5,0.74
1788442870.198,turning,11.197,3.637,79.7,1,31,123,9.678,3.716,96.2,1.521,3.26,0.0,4.5,1.5,0.74
1788442870.251,turning,11.197,3.637,79.0,1,31,123,9.678,3.716,96.9,1.521,3.26,0.0,4.5,1.5,0.74
1788442870.302,turning,11.197,3.637,78.7,1,31,123,9.678,3.716,97.3,1.521,3.26,0.0,4.5,1.5,0.74
1788442870.357,turning,11.197,3.637,78.1,1,31,123,9.678,3.716,97.9,1.521,3.26,0.0,4.5,1.5,0.74
1788442870.409,turning,11.2,3.634,77.7,1,31,123,9.678,3.716,98.3,1.525,3.262,0.0,4.5,1.5,0.74
1788442870.467,turning,11.209,3.628,77.0,0,30,125,9.728,3.713,99.0,1.484,3.268,0.0,4.5,1.5,0.74
1788442870.533,turning,11.21,3.629,76.8,0,30,125,9.728,3.713,99.2,1.485,3.266,0.0,4.5,1.5,0.74
1788442870.591,turning,11.212,3.638,76.6,0,30,125,9.728,3.713,99.4,1.486,3.257,0.0,4.5,1.5,0.74
1788442870.653,turning,11.214,3.645,76.5,0,30,125,9.728,3.713,99.6,1.488,3.25,0.0,4.5,1.5,0.73
1788442870.71,turning,11.216,3.652,76.1,0,30,125,9.728,3.713,100.0,1.489,3.243,0.0,4.5,1.5,0.73
1788442870.765,turning,11.216,3.652,75.9,0,30,125,9.728,3.713,100.2,1.489,3.243,0.0,4.5,1.5,0.71
1788442870.819,turning,11.216,3.652,75.6,0,30,125,9.728,3.713,100.6,1.489,3.243,0.0,4.5,1.5,0.71
1788442870.876,turning,11.216,3.652,75.1,0,30,125,9.728,3.713,101.2,1.489,3.243,0.0,4.5,1.5,0.71
1788442870.93,turning,11.216,3.652,74.8,0,30,125,9.728,3.713,101.5,1.489,3.243,0.0,4.5,1.5,0.71
1788442870.983,turning,11.216,3.652,74.3,0,30,125,9.728,3.713,102.0,1.489,3.243,0.0,4.5,1.5,0.71
1788442871.037,turning,11.216,3.652,74.1,0,30,125,9.728,3.713,102.3,1.489,3.243,0.0,4.5,1.5,0.71
1788442871.09,turning,11.216,3.655,73.6,0,30,125,9.728,3.713,102.7,1.49,3.24,0.0,4.5,1.5,0.71
1788442871.142,turning,11.217,3.659,73.4,0,30,125,9.728,3.713,103.0,1.491,3.236,0.0,4.5,1.5,0.71
1788442871.196,turning,11.219,3.667,73.1,0,30,125,9.728,3.713,103.3,1.492,3.228,0.0,4.5,1.5,0.7
1788442871.256,turning,11.219,3.668,73.1,0,30,125,9.728,3.713,103.4,1.492,3.227,0.0,4.5,1.5,0.7
1788442871.313,turning,11.218,3.669,72.5,0,30,125,9.728,3.713,104.0,1.491,3.225,0.0,4.5,1.5,0.69
1788442871.373,turning,11.218,3.669,72.2,0,30,125,9.728,3.713,104.4,1.491,3.225,0.0,4.5,1.5,0.69
1788442871.432,turning,11.218,3.669,71.5,0,30,125,9.728,3.713,105.1,1.491,3.225,0.0,4.5,1.5,0.69
1788442871.485,turning,11.218,3.669,71.2,0,30,122,9.728,3.763,105.5,1.494,3.225,0.0,4.5,1.5,0.69
1788442871.54,turning,11.218,3.669,70.6,0,30,122,9.728,3.763,106.1,1.494,3.225,0.0,4.5,1.5,0.69
1788442871.592,turning,11.218,3.669,70.3,0,30,122,9.728,3.763,106.3,1.494,3.225,0.0,4.5,1.5,0.69
1788442871.649,turning,11.218,3.669,69.8,0,30,122,9.728,3.763,106.9,1.494,3.225,0.0,4.5,1.5,0.69
1788442871.7,turning,11.218,3.669,69.5,0,30,122,9.728,3.763,107.1,1.494,3.225,0.0,4.5,1.5,0.69
1788442871.755,turning,11.218,3.669,69.3,0,30,122,9.728,3.763,107.3,1.494,3.225,0.0,4.5,1.5,0.69
1788442871.807,turning,11.219,3.672,68.8,0,30,122,9.728,3.763,107.8,1.495,3.222,0.0,4.5,1.5,0.69
1788442871.862,turning,11.221,3.676,68.6,0,30,122,9.728,3.763,108.0,1.496,3.219,0.0,4.5,1.5,0.69
1788442871.915,turning,11.221,3.677,68.1,0,30,122,9.728,3.763,108.5,1.496,3.217,0.0,4.5,1.5,0.69
1788442871.97,turning,11.221,3.677,67.9,0,30,122,9.728,3.763,108.8,1.496,3.217,0.0,4.5,1.5,0.68
1788442872.026,turning,11.221,3.677,67.3,0,30,122,9.728,3.763,109.3,1.496,3.217,0.0,4.5,1.5,0.68
1788442872.088,turning,11.225,3.678,66.8,0,30,122,9.728,3.763,109.8,1.5,3.216,0.0,4.5,1.5,0.68
1788442872.15,turning,11.235,3.681,65.6,0,30,122,9.728,3.763,111.1,1.51,3.212,0.0,4.5,1.5,0.68
1788442872.21,turning,11.237,3.684,65.2,0,30,122,9.728,3.763,111.4,1.512,3.209,0.0,4.5,1.5,0.68
1788442872.268,turning,11.242,3.693,64.8,0,30,122,9.728,3.763,111.8,1.516,3.2,0.0,4.5,1.5,0.68
1788442872.322,turning,11.245,3.699,64.6,0,30,122,9.728,3.763,112.1,1.518,3.193,0.0,4.5,1.5,0.67
1788442872.375,turning,11.245,3.7,64.0,0,30,122,9.728,3.763,112.7,1.519,3.192,0.0,4.5,1.5,0.67
1788442872.427,turning,11.245,3.7,63.6,0,30,122,9.728,3.763,113.1,1.519,3.192,0.0,4.5,1.5,0.66
1788442872.484,turning,11.245,3.7,62.8,0,30,122,9.728,3.763,113.9,1.519,3.192,0.0,4.5,1.5,0.66
1788442872.537,turning,11.245,3.7,62.5,0,30,122,9.728,3.763,114.3,1.519,3.192,0.0,4.5,1.5,0.66
1788442872.59,turning,11.245,3.7,61.8,0,30,122,9.728,3.763,115.0,1.519,3.192,0.0,4.5,1.5,0.66
1788442872.645,turning,11.245,3.7,61.5,0,30,122,9.728,3.763,115.3,1.519,3.192,0.0,4.5,1.5,0.65
1788442872.699,turning,11.245,3.7,61.2,0,30,122,9.728,3.763,115.6,1.519,3.192,0.0,4.5,1.5,0.65
1788442872.755,turning,11.245,3.7,60.6,0,30,122,9.728,3.763,116.2,1.519,3.192,0.0,4.5,1.5,0.65
1788442872.808,turning,11.245,3.7,60.3,0,30,122,9.728,3.763,116.5,1.519,3.192,0.0,4.5,1.5,0.65
1788442872.872,turning,11.245,3.7,59.8,0,30,122,9.728,3.763,117.0,1.519,3.192,0.0,4.5,1.5,0.65
1788442872.929,turning,11.245,3.7,59.6,0,30,122,9.728,3.763,117.3,1.519,3.192,0.0,4.5,1.5,0.65
1788442872.99,turning,11.233,3.722,60.3,0,30,122,9.728,3.763,116.6,1.506,3.171,0.0,4.5,1.5,0.65
1788442873.047,turning,11.22,3.743,61.2,0,30,122,9.728,3.763,115.8,1.492,3.152,0.0,4.5,1.5,0.65
1788442873.101,turning,11.204,3.757,61.5,1,31,122,9.678,3.766,115.5,1.527,3.14,0.0,4.5,1.5,0.64
1788442873.156,turning,11.204,3.757,61.3,1,31,122,9.678,3.766,115.8,1.527,3.14,0.0,4.5,1.5,0.64
1788442873.208,turning,11.204,3.757,60.7,1,31,122,9.678,3.766,116.5,1.527,3.14,0.0,4.5,1.5,0.66
1788442873.262,turning,11.204,3.757,60.4,1,31,122,9.678,3.766,116.8,1.527,3.14,0.0,4.5,1.5,0.66
1788442873.315,turning,11.204,3.757,59.9,1,31,122,9.678,3.766,117.4,1.527,3.14,0.0,4.5,1.5,0.71
1788442873.367,turning,11.204,3.757,59.7,1,31,122,9.678,3.766,117.7,1.527,3.14,0.0,4.5,1.5,0.71
1788442873.42,turning,11.206,3.76,59.2,0,30,122,9.728,3.763,118.2,1.478,3.137,0.0,4.5,1.5,0.77
1788442873.474,turning,11.208,3.763,59.0,0,30,122,9.728,3.763,118.5,1.481,3.133,0.0,4.5,1.5,0.77
1788442873.527,turning,11.215,3.774,58.6,0,30,123,9.726,3.682,119.0,1.492,3.122,0.0,4.5,1.5,0.85
1788442873.585,turning,11.218,3.78,58.4,0,30,123,9.726,3.682,119.3,1.496,3.115,0.0,4.5,1.5,0.85
1788442873.643,turning,11.222,3.786,58.3,0,30,123,9.726,3.682,119.7,1.5,3.109,0.0,4.5,1.5,0.83
1788442873.704,turning,11.229,3.797,57.9,0,30,123,9.726,3.682,120.2,1.508,3.097,0.0,4.5,1.5,0.83
1788442873.767,turning,11.233,3.803,57.8,0,30,123,9.726,3.682,120.5,1.512,3.091,0.0,4.5,1.5,0.82
1788442873.821,turning,11.24,3.815,57.5,0,30,123,9.726,3.682,120.9,1.52,3.079,0.0,4.5,1.5,0.82
1788442873.878,turning,11.252,3.809,56.6,0,30,123,9.726,3.682,122.0,1.532,3.082,0.0,4.5,1.5,0.8
1788442873.931,turning,11.277,3.781,54.0,0,30,123,9.726,3.682,124.8,1.555,3.108,0.0,4.5,1.5,0.8
1788442873.986,turning,11.283,3.779,53.4,0,30,123,9.726,3.682,125.4,1.56,3.109,0.0,4.5,1.5,0.78
1788442874.039,turning,11.291,3.79,53.4,0,30,123,9.726,3.682,125.5,1.569,3.098,0.0,4.5,1.5,0.78
1788442874.093,turning,11.295,3.796,53.4,0,30,123,9.726,3.682,125.7,1.573,3.092,0.0,4.5,1.5,0.76
1788442874.148,turning,11.303,3.807,53.4,0,30,123,9.726,3.682,125.8,1.582,3.08,0.0,4.5,1.5,0.76
1788442874.203,turning,11.307,3.812,53.4,0,30,123,9.726,3.682,125.9,1.587,3.075,0.0,4.5,1.5,0.73
1788442874.259,turning,11.315,3.823,53.4,0,30,123,9.726,3.682,126.1,1.596,3.063,0.0,4.5,1.5,0.73
1788442874.313,turning,11.319,3.829,53.4,0,30,123,9.726,3.682,126.2,1.6,3.057,0.0,4.5,1.5,0.72
1788442874.375,turning,11.327,3.839,53.4,0,30,123,9.726,3.682,126.4,1.609,3.046,0.0,4.5,1.5,0.72
1788442874.437,turning,11.331,3.845,53.4,0,30,123,9.726,3.682,126.5,1.614,3.04,0.0,4.5,1.5,0.7
1788442874.496,turning,11.332,3.846,56.2,0,30,123,9.726,3.682,123.9,1.615,3.039,0.0,4.5,1.5,0.7
1788442874.559,turning,11.332,3.846,57.7,0,30,126,9.826,3.686,122.5,1.515,3.039,0.0,4.5,1.5,0.69
1788442874.614,turning,11.332,3.846,59.2,0,30,126,9.826,3.686,121.1,1.515,3.039,0.0,4.5,1.5,0.69
1788442874.672,turning,11.331,3.848,62.4,0,30,126,9.826,3.686,118.1,1.514,3.037,0.0,4.5,1.5,0.69
1788442874.726,turning,11.33,3.85,64.1,0,30,126,9.826,3.686,116.6,1.513,3.035,0.0,4.5,1.5,0.69
1788442874.782,turning,11.329,3.852,66.9,0,30,126,9.826,3.686,113.9,1.513,3.033,0.0,4.5,1.5,0.69
1788442874.832,turning,11.329,3.852,68.1,0,30,126,9.826,3.686,112.9,1.513,3.033,0.0,4.5,1.5,0.69
1788442874.887,turning,11.329,3.852,70.0,0,30,126,9.826,3.686,111.1,1.513,3.033,0.0,4.5,1.5,0.6
1788442874.938,turning,11.329,3.852,70.9,0,30,126,9.826,3.686,110.3,1.513,3.033,0.0,4.5,1.5,0.6
1788442874.993,turning,11.329,3.852,72.8,0,12,126,10.725,3.712,109.1,0.62,3.033,0.0,4.5,0.6,0.53
1788442875.048,turning,11.329,3.852,73.7,0,12,126,10.725,3.712,108.9,0.62,3.033,0.0,4.5,0.6,0.53
1788442875.103,turning,11.328,3.859,76.2,0,12,126,10.725,3.712,107.1,0.621,3.026,0.0,4.5,0.6,0.53
1788442875.161,turning,11.326,3.864,77.6,0,12,126,10.725,3.712,106.3,0.62,3.021,0.0,4.5,0.6,0.53
1788442875.221,turning,11.325,3.868,79.8,0,12,126,10.725,3.712,104.8,0.62,3.017,0.0,4.5,0.6,0.53
1788442875.29,turning,11.325,3.868,80.7,0,12,126,10.725,3.712,104.4,0.62,3.017,0.0,4.5,0.6,0.53
1788442875.351,turning,11.316,3.859,81.0,0,12,126,10.725,3.712,104.7,0.609,3.027,0.0,4.5,0.6,0.53
1788442875.406,turning,11.31,3.856,81.1,0,12,126,10.725,3.712,105.1,0.602,3.031,0.0,4.5,0.6,0.53
1788442875.46,turning,11.304,3.842,81.2,0,12,126,10.725,3.712,105.4,0.594,3.045,0.0,4.5,0.6,0.55
1788442875.515,turning,11.303,3.834,81.2,0,12,126,10.725,3.712,105.7,0.591,3.053,0.0,4.5,0.6,0.55
1788442875.574,turning,11.3,3.817,81.2,0,30,124,9.826,3.712,105.6,1.479,3.07,0.0,4.5,1.5,0.57
1788442875.574,turning,11.3,3.817,81.2,0,30,124,9.826,3.712,105.6,1.479,3.07,0.0,4.5,1.5,0.57
1788442875.675,turning,11.294,3.798,81.3,1,31,124,9.776,3.714,105.4,1.521,3.09,0.0,4.5,1.5,0.59
1788442875.729,turning,11.277,3.773,81.7,1,31,124,9.776,3.714,104.9,1.503,3.117,0.0,4.5,1.5,0.59
1788442875.783,turning,11.273,3.762,81.7,1,31,124,9.776,3.714,104.7,1.498,3.127,0.0,4.5,1.5,0.62
1788442875.837,turning,11.271,3.746,81.7,1,31,124,9.776,3.714,104.6,1.495,3.144,0.0,4.5,1.5,0.62
1788442875.893,turning,11.27,3.737,81.7,1,31,124,9.776,3.714,104.5,1.494,3.153,0.0,4.5,1.5,0.64
1788442875.954,turning,11.267,3.72,81.7,2,32,124,9.726,3.716,104.3,1.541,3.17,0.0,4.5,1.5,0.64
1788442876.016,turning,11.266,3.712,81.7,2,32,124,9.726,3.716,104.2,1.54,3.178,0.0,4.5,1.5,0.66
1788442876.077,turning,11.263,3.695,81.7,2,32,124,9.726,3.716,104.0,1.538,3.195,0.0,4.5,1.5,0.66
1788442876.133,turning,11.262,3.687,81.7,2,32,124,9.726,3.716,103.8,1.537,3.204,0.0,4.5,1.5,0.68
1788442876.185,turning,11.26,3.67,81.7,2,32,124,9.726,3.716,103.6,1.535,3.221,0.0,4.5,1.5,0.68
1788442876.24,turning,11.261,3.669,82.0,2,32,124,9.726,3.716,103.2,1.536,3.221,0.0,4.5,1.5,0.71
1788442876.294,turning,11.265,3.67,82.7,2,32,124,9.726,3.716,102.3,1.54,3.22,0.0,4.5,1.5,0.71
1788442876.348,turning,11.264,3.663,82.7,2,32,124,9.726,3.716,102.1,1.539,3.227,0.0,4.5,1.5,0.73
1788442876.402,turning,11.262,3.646,82.7,2,32,124,9.726,3.716,101.9,1.538,3.244,0.0,4.5,1.5,0.73
1788442876.456,turning,11.261,3.637,82.7,2,32,124,9.726,3.716,101.8,1.537,3.253,0.0,4.5,1.5,0.75
1788442876.508,turning,11.26,3.629,82.7,3,33,124,9.676,3.717,101.6,1.587,3.261,0.0,4.5,1.5,0.75
1788442876.565,turning,11.258,3.612,82.7,3,33,124,9.676,3.717,101.4,1.586,3.278,0.0,4.5,1.5,0.78
1788442876.618,turning,11.257,3.604,82.7,0,30,123,9.778,3.713,101.2,1.483,3.287,0.0,4.5,1.5,0.78
1788442876.674,turning,11.254,3.587,82.7,0,30,123,9.778,3.713,100.9,1.482,3.304,0.0,4.5,1.5,0.8
1788442876.733,turning,11.253,3.578,82.7,0,30,123,9.778,3.713,100.7,1.482,3.312,0.0,4.5,1.5,0.8
1788442876.794,turning,11.248,3.565,82.6,0,30,123,9.778,3.713,100.6,1.477,3.326,0.0,4.5,1.5,0.82
1788442876.856,turning,11.243,3.559,82.5,1,31,123,9.728,3.716,100.5,1.523,3.332,0.0,4.5,1.5,0.82
1788442876.916,turning,11.238,3.548,82.4,1,31,123,9.728,3.716,100.3,1.52,3.344,0.0,4.5,1.5,0.85
1788442876.97,turning,11.238,3.543,82.4,1,31,123,9.728,3.716,100.1,1.52,3.349,0.0,4.5,1.5,0.85
1788442877.024,turning,11.237,3.539,82.4,1,31,123,9.728,3.716,99.9,1.52,3.353,0.0,4.5,1.5,0.86
1788442877.077,turning,11.237,3.54,82.4,1,31,123,9.728,3.716,99.7,1.52,3.352,0.0,4.5,1.5,0.86
1788442877.131,turning,11.238,3.547,82.4,1,31,123,9.728,3.716,99.5,1.52,3.345,0.0,4.5,1.5,0.86
1788442877.183,turning,11.239,3.553,82.4,1,31,123,9.728,3.716,99.3,1.52,3.339,0.0,4.5,1.5,0.86
1788442877.238,turning,11.241,3.566,82.4,1,31,123,9.728,3.716,99.1,1.521,3.326,0.0,4.5,1.5,0.84
1788442877.29,turning,11.242,3.573,82.4,1,31,123,9.728,3.716,98.9,1.521,3.319,0.0,4.5,1.5,0.84
1788442877.344,turning,11.242,3.58,81.9,1,31,123,9.728,3.716,99.3,1.52,3.312,0.0,4.5,1.5,0.83
1788442877.395,turning,11.241,3.583,81.5,1,31,123,9.728,3.716,99.6,1.52,3.309,0.0,4.5,1.5,0.83
1788442877.454,turning,11.241,3.587,81.3,1,31,123,9.728,3.716,99.6,1.519,3.305,0.0,4.5,1.5,0.81
1788442877.511,turning,11.243,3.6,81.3,1,31,123,9.728,3.716,99.5,1.52,3.291,0.0,4.5,1.5,0.81
1788442877.574,turning,11.244,3.607,81.3,1,31,123,9.728,3.716,99.4,1.521,3.285,0.0,4.5,1.5,0.79
1788442877.637,turning,11.246,3.621,81.3,0,30,66,11.425,5.125,97.0,1.515,3.271,0.0,4.5,1.5,0.79
1788442877.697,turning,11.247,3.627,81.3,0,30,66,11.425,5.125,94.6,1.508,3.264,0.0,4.5,1.5,0.77
1788442877.752,turning,11.25,3.641,81.2,1,31,66,11.425,5.175,92.4,1.544,3.251,0.0,4.5,1.5,0.77
1788442877.805,turning,11.251,3.647,81.1,1,31,66,11.425,5.175,90.2,1.537,3.244,0.0,4.5,1.5,0.75
1788442877.859,turning,11.252,3.655,80.7,1,31,66,11.425,5.175,88.5,1.529,3.236,0.0,4.5,1.5,0.75
1788442877.911,turning,11.252,3.655,80.4,1,31,66,11.425,5.175,86.7,1.529,3.236,0.0,4.5,1.5,0.74
1788442877.966,turning,11.252,3.655,79.7,1,31,66,11.425,5.175,85.4,1.529,3.236,0.0,4.5,1.5,0.74
1788442878.019,turning,11.252,3.655,79.3,1,31,66,11.425,5.175,83.7,1.529,3.236,0.0,4.5,1.5,0.74
1788442878.073,turning,11.252,3.655,78.6,1,31,66,11.425,5.175,82.4,1.529,3.236,0.0,4.5,1.5,0.74
1788442878.13,turning,11.252,3.655,78.3,1,31,66,11.425,5.175,80.8,1.529,3.236,0.0,4.5,1.5,0.73
1788442878.183,turning,11.252,3.655,78.2,1,31,66,11.425,5.175,79.1,1.529,3.236,0.0,4.5,1.5,0.73
1788442878.24,turning,11.249,3.653,78.4,1,31,66,11.425,5.175,77.1,1.532,3.239,0.0,4.5,1.5,0.74
1788442878.3,turning,11.242,3.647,78.8,1,31,66,11.425,5.175,74.8,1.539,3.246,0.0,4.5,1.5,0.74
1788442878.362,turning,11.242,3.646,78.8,1,31,66,11.425,5.175,73.1,1.54,3.246,0.0,4.5,1.5,0.74
1788442878.419,turning,11.242,3.646,78.8,1,31,66,11.425,5.175,71.4,1.54,3.246,0.0,4.5,1.5,0.74
1788442878.477,turning,11.242,3.646,78.8,1,31,66,11.425,5.175,69.7,1.54,3.246,0.0,4.5,1.5,0.74
1788442878.529,turning,11.242,3.646,78.8,1,31,66,11.425,5.175,68.1,1.54,3.246,0.0,4.5,1.5,0.74
1788442878.584,turning,11.242,3.646,78.8,1,31,66,11.425,5.175,66.5,1.54,3.246,0.0,4.5,1.5,0.74
1788442878.637,turning,11.242,3.646,78.8,1,31,66,11.425,5.175,65.0,1.54,3.246,0.0,4.5,1.5,0.74
1788442878.691,turning,11.242,3.646,78.8,1,31,66,11.425,5.175,63.5,1.54,3.246,0.0,4.5,1.5,0.74
1788442878.744,turning,11.242,3.646,78.8,1,31,66,11.425,5.175,62.1,1.54,3.246,0.0,4.5,1.5,0.74
1788442878.799,turning,11.242,3.646,84.4,1,31,66,11.425,5.175,55.0,1.54,3.246,0.0,4.5,1.5,0.74
1788442878.854,turning,11.242,3.646,87.7,1,31,66,11.425,5.175,50.4,1.54,3.246,0.0,4.5,1.5,0.74
1788442878.909,turning,11.242,3.646,94.2,1,31,66,11.425,5.175,42.5,1.54,3.246,0.0,4.286,1.5,0.74
1788442878.964,turning,11.242,3.646,97.5,1,31,66,11.425,5.175,37.9,1.54,3.246,0.0,4.114,1.5,0.74
1788442879.018,turning,11.242,3.646,103.4,1,31,66,11.425,5.175,30.7,1.54,3.246,0.0,3.804,1.5,0.75
1788442879.079,turning,11.242,3.646,106.2,1,31,66,11.425,5.175,26.6,1.54,3.246,0.0,3.656,1.5,0.75
1788442879.14,turning,11.242,3.646,111.1,1,31,66,11.425,5.175,20.5,1.54,3.246,0.0,3.402,1.5,0.75
1788442879.2,turning,11.242,3.646,113.4,1,31,66,11.425,5.175,17.0,1.54,3.246,0.0,3.283,1.5,0.75
1788442879.263,turning,11.242,3.646,117.3,1,31,66,11.425,5.175,12.0,1.54,3.246,0.0,3.078,1.5,0.75
1788442879.319,turning,11.242,3.646,119.1,1,31,66,11.425,5.175,9.0,1.54,3.246,0.0,2.981,1.5,0.75
1788442879.375,turning,11.241,3.647,120.6,1,31,66,11.425,5.175,6.4,1.539,3.245,0.0,2.905,1.5,0.76
1788442879.429,turning,11.236,3.652,122.7,1,31,66,11.425,5.175,3.2,1.535,3.241,0.0,2.793,1.5,0.76
1788442879.489,turning,11.234,3.649,124.0,1,31,66,11.425,5.175,0.8,1.538,3.244,0.0,2.724,1.5,0.76
1788442879.54,turning,11.231,3.635,126.9,0,30,66,11.425,5.125,-3.1,1.503,3.259,0.0,2.573,1.5,0.76
1788442879.594,turning,11.229,3.634,128.2,0,30,66,11.425,5.125,-5.4,1.504,3.26,0.0,2.509,1.5,0.76
1788442879.648,turning,11.225,3.641,130.0,0,30,66,11.425,5.125,-8.2,1.497,3.253,0.0,2.412,1.5,0.76
1788442879.705,turning,11.225,3.648,130.9,0,30,122,9.728,3.713,-7.7,1.499,3.246,0.0,2.4,1.5,0.77
1788442879.76,turning,11.228,3.665,132.3,0,30,122,9.728,3.713,-7.8,1.501,3.229,0.0,2.4,1.5,0.77
1788442879.819,turning,11.228,3.667,133.1,0,30,122,9.728,3.713,-7.3,1.501,3.226,0.0,2.4,1.5,0.77
1788442879.887,turning,11.228,3.667,134.7,0,30,122,9.728,3.713,-7.6,1.501,3.226,0.0,2.4,1.5,0.77
1788442879.953,turning,11.225,3.667,135.5,0,30,122,9.728,3.713,-7.1,1.498,3.227,0.0,2.4,1.5,0.77
1788442880.012,turning,11.217,3.667,137.0,0,30,122,9.728,3.713,-7.4,1.49,3.228,0.0,2.4,1.5,0.77
1788442880.067,turning,11.216,3.667,137.8,0,30,122,9.728,3.713,-7.0,1.489,3.228,0.0,2.4,1.5,0.77
1788442880.122,turning,11.216,3.667,139.4,0,30,122,9.728,3.713,-7.4,1.489,3.228,0.0,2.4,1.5,0.77
1788442880.18,turning,11.215,3.666,140.0,0,30,122,9.728,3.713,-6.9,1.488,3.229,0.0,2.4,1.5,0.78
1788442880.232,turning,11.212,3.665,141.1,0,30,122,9.728,3.713,-6.8,1.485,3.23,0.0,2.4,1.5,0.78
1788442880.287,turning,11.211,3.665,141.9,0,30,122,9.728,3.713,-6.5,1.485,3.231,0.0,2.4,1.5,0.78
1788442880.342,turning,11.211,3.665,142.7,0,30,122,9.728,3.713,-6.3,1.485,3.231,0.0,2.4,1.5,0.78
1788442880.402,turning,11.211,3.665,144.3,0,30,122,9.728,3.713,-6.9,1.485,3.231,0.0,2.4,1.5,0.79
1788442880.458,turning,11.211,3.665,145.1,0,30,122,9.728,3.713,-6.7,1.485,3.231,0.0,2.4,1.5,0.79
1788442880.515,turning,11.21,3.666,147.1,0,30,122,9.728,3.713,-7.7,1.483,3.23,0.0,2.4,1.5,0.8
1788442880.571,turning,11.209,3.667,148.2,0,30,122,9.728,3.713,-7.8,1.482,3.229,0.0,2.4,1.5,0.8
1788442880.63,turning,11.207,3.668,150.1,0,30,122,9.728,3.713,-8.7,1.481,3.228,0.0,2.4,1.5,0.82
1788442880.691,turning,11.207,3.668,150.9,0,30,122,9.728,3.713,-8.7,1.481,3.228,0.0,2.4,1.5,0.82
1788442880.761,turning,11.207,3.668,152.5,0,30,124,9.726,3.717,-9.4,1.483,3.228,0.0,2.4,1.5,0.84
1788442880.82,turning,11.207,3.668,153.3,0,30,124,9.726,3.717,-9.4,1.483,3.228,0.0,2.4,1.5,0.84
1788442880.875,turning,11.211,3.663,155.2,0,30,124,9.726,3.717,-10.4,1.486,3.232,0.0,2.4,1.5,0.85
1788442880.931,turning,11.214,3.659,156.2,0,30,124,9.726,3.717,-10.6,1.489,3.236,0.0,2.4,1.5,0.85
1788442880.987,turning,11.216,3.657,158.0,0,30,124,9.726,3.717,-11.6,1.491,3.238,0.0,2.4,1.5,0.88
1788442881.041,turning,11.216,3.657,158.8,0,30,124,9.726,3.717,-11.6,1.491,3.238,0.0,2.4,1.5,0.88
1788442881.096,turning,11.216,3.657,160.4,0,30,124,9.726,3.717,-12.5,1.491,3.238,0.0,2.4,1.5,0.9
1788442881.153,turning,11.216,3.657,161.3,0,30,124,9.726,3.717,-12.6,1.491,3.238,0.0,2.4,1.5,0.9
1788442881.207,turning,11.213,3.656,161.6,0,30,124,9.726,3.717,-12.2,1.489,3.239,0.0,2.4,1.5,0.93
1788442881.266,turning,11.212,3.655,160.2,0,30,124,9.726,3.717,-10.1,1.487,3.24,0.0,2.4,1.5,0.93
1788442881.34,turning,11.21,3.655,158.7,0,30,124,9.726,3.717,-7.9,1.486,3.241,0.0,2.4,1.5,0.91
1788442881.405,turning,11.21,3.655,155.5,0,30,124,9.726,3.717,-4.1,1.486,3.241,0.0,2.4,1.5,0.91
1788442881.468,turning,11.21,3.655,153.9,0,30,124,9.726,3.717,-1.8,1.486,3.241,0.0,2.4,1.5,0.88
1788442881.524,turning,11.21,3.655,150.7,0,30,124,9.726,3.717,2.0,1.486,3.241,0.0,2.4,1.5,0.88
1788442881.583,turning,11.211,3.653,149.0,0,30,124,9.726,3.717,4.4,1.487,3.242,0.0,2.4,1.5,0.85
1788442881.637,turning,11.213,3.647,145.2,0,30,124,9.726,3.717,8.7,1.489,3.249,0.0,2.4,1.5,0.85
1788442881.693,turning,11.213,3.645,143.5,0,30,124,9.726,3.717,11.0,1.489,3.25,0.0,2.4,1.5,0.83
1788442881.752,turning,11.213,3.645,140.3,0,30,122,9.728,3.719,14.8,1.487,3.25,0.0,2.4,1.5,0.83
1788442881.806,turning,11.213,3.645,138.7,0,30,122,9.728,3.719,16.9,1.487,3.25,0.0,2.4,1.5,0.82
1788442881.861,turning,11.213,3.645,135.5,0,30,122,9.728,3.719,20.6,1.487,3.25,0.0,2.4,1.5,0.82
1788442881.913,turning,11.213,3.645,133.9,0,30,122,9.728,3.719,22.8,1.487,3.25,0.0,2.4,1.5,0.82
1788442881.968,turning,11.213,3.645,130.7,0,30,122,9.728,3.719,26.5,1.487,3.25,0.0,2.4,1.5,0.82
1788442882.02,turning,11.211,3.644,129.0,0,30,122,9.728,3.719,28.6,1.485,3.251,0.0,2.463,1.5,0.82
1788442882.073,turning,11.208,3.641,125.6,0,30,122,9.728,3.719,32.5,1.482,3.254,0.0,2.64,1.5,0.82
1788442882.13,turning,11.208,3.641,124.0,0,30,122,9.728,3.719,34.5,1.482,3.254,0.0,2.724,1.5,0.82
1788442882.19,turning,11.208,3.641,120.9,0,30,122,9.728,3.719,38.2,1.482,3.254,0.0,2.891,1.5,0.82
1788442882.25,turning,11.205,3.643,118.9,0,30,122,9.728,3.719,40.6,1.479,3.253,0.0,2.992,1.5,0.82
1788442882.315,turning,11.202,3.646,117.0,0,30,122,9.728,3.719,42.9,1.476,3.251,0.0,3.093,1.5,0.82
1788442882.376,turning,11.199,3.648,113.5,1,31,122,9.678,3.722,46.9,1.522,3.249,0.0,3.279,1.5,0.82
1788442882.434,turning,11.199,3.648,111.9,1,31,122,9.678,3.722,48.9,1.522,3.249,0.0,3.362,1.5,0.82
1788442882.488,turning,11.199,3.647,108.6,1,31,122,9.678,3.722,52.6,1.523,3.25,0.0,3.533,1.5,0.82
1788442882.544,turning,11.199,3.646,106.9,1,31,122,9.678,3.722,54.6,1.523,3.251,0.0,3.62,1.5,0.82
1788442882.599,turning,11.2,3.645,103.9,1,31,122,9.678,3.722,58.1,1.524,3.252,0.0,3.78,1.5,0.82
1788442882.653,turning,11.2,3.645,102.4,1,31,122,9.678,3.722,59.9,1.524,3.252,0.0,3.856,1.5,0.82
1788442882.706,turning,11.196,3.643,100.1,1,31,122,9.678,3.722,62.6,1.52,3.254,0.0,3.978,1.5,0.82
1788442882.759,turning,11.193,3.642,99.1,0,30,120,9.675,3.725,64.0,1.52,3.255,0.0,4.031,1.5,0.82
1788442882.812,turning,11.19,3.641,97.0,0,30,120,9.675,3.725,66.4,1.518,3.257,0.0,4.142,1.5,0.81
1788442882.866,turning,11.19,3.641,95.8,0,30,120,9.675,3.725,67.9,1.518,3.257,0.0,4.201,1.5,0.81
1788442882.922,turning,11.19,3.639,93.9,0,30,120,9.675,3.725,70.2,1.518,3.258,0.0,4.303,1.5,0.81
1788442882.98,turning,11.19,3.638,93.0,0,30,120,9.675,3.725,71.4,1.518,3.26,0.0,4.351,1.5,0.81
1788442883.043,turning,11.19,3.637,91.2,0,30,120,9.675,3.725,73.4,1.517,3.261,0.0,4.442,1.5,0.81
1788442883.105,turning,11.19,3.637,90.4,0,30,120,9.675,3.725,74.6,1.517,3.261,0.0,4.487,1.5,0.81
1788442883.164,turning,11.186,3.639,88.8,0,30,120,9.675,3.725,76.4,1.514,3.26,0.0,4.5,1.5,0.81
1788442883.223,turning,11.184,3.64,88.1,0,30,120,9.675,3.725,77.4,1.511,3.259,0.0,4.5,1.5,0.81
1788442883.281,turning,11.183,3.64,87.4,0,30,120,9.675,3.725,78.4,1.51,3.258,0.0,4.5,1.5,0.81
1788442883.336,turning,11.183,3.64,85.9,0,30,120,9.675,3.725,80.1,1.51,3.258,0.0,4.5,1.5,0.81
1788442883.389,turning,11.18,3.643,85.4,0,30,120,9.675,3.725,81.0,1.508,3.256,0.0,4.5,1.5,0.81
1788442883.442,turning,11.172,3.653,84.5,0,30,120,9.675,3.725,82.1,1.498,3.247,0.0,4.5,1.5,0.81
1788442883.497,turning,11.17,3.656,84.0,0,30,120,9.675,3.725,82.9,1.496,3.245,0.0,4.5,1.5,0.8
1788442883.55,turning,11.17,3.656,82.5,0,30,120,9.675,3.725,84.6,1.496,3.245,0.0,4.5,1.5,0.8
1788442883.602,turning,11.17,3.656,81.8,0,30,120,9.675,3.725,85.6,1.496,3.245,0.0,4.5,1.5,0.8
1788442883.658,turning,11.17,3.656,80.5,0,30,120,9.675,3.725,87.2,1.496,3.245,0.0,4.5,1.5,0.8
1788442883.713,turning,11.169,3.658,79.7,0,30,120,9.675,3.725,88.2,1.495,3.243,0.0,4.5,1.5,0.8
1788442883.778,turning,11.167,3.664,78.2,0,30,120,9.675,3.725,89.9,1.493,3.237,0.0,4.5,1.5,0.8
1788442883.847,turning,11.166,3.664,77.6,0,30,122,9.676,3.718,90.8,1.492,3.236,0.0,4.5,1.5,0.8
1788442883.903,turning,11.166,3.664,76.4,0,30,122,9.676,3.718,92.2,1.492,3.236,0.0,4.5,1.5,0.8
1788442883.961,turning,11.166,3.664,75.9,0,30,122,9.676,3.718,93.0,1.492,3.236,0.0,4.5,1.5,0.8
1788442884.014,turning,11.166,3.664,74.8,0,30,122,9.676,3.718,94.2,1.492,3.236,0.0,4.5,1.5,0.8
1788442884.069,turning,11.167,3.662,74.0,0,30,122,9.676,3.718,95.3,1.492,3.239,0.0,4.5,1.5,0.79
1788442884.122,turning,11.166,3.657,72.4,0,30,122,9.676,3.718,97.1,1.492,3.244,0.0,4.5,1.5,0.79
1788442884.176,turning,11.166,3.657,72.0,0,30,122,9.676,3.718,97.7,1.492,3.244,0.0,4.5,1.5,0.79
1788442884.23,turning,11.166,3.657,71.6,0,30,122,9.676,3.718,98.2,1.492,3.244,0.0,4.5,1.5,0.79
1788442884.287,turning,11.166,3.657,71.1,0,30,122,9.676,3.718,99.0,1.492,3.244,0.0,4.5,1.5,0.79
1788442884.344,turning,11.166,3.657,70.8,0,30,122,9.676,3.718,99.5,1.492,3.244,0.0,4.5,1.5,0.79
1788442884.396,turning,11.166,3.657,70.3,0,30,122,9.676,3.718,100.1,1.492,3.244,0.0,4.5,1.5,0.79
1788442884.449,turning,11.166,3.657,70.1,0,30,122,9.676,3.718,100.6,1.492,3.244,0.0,4.5,1.5,0.79
1788442884.505,turning,11.164,3.659,69.5,0,30,122,9.676,3.718,101.3,1.489,3.242,0.0,4.5,1.5,0.79
1788442884.567,turning,11.162,3.662,69.2,0,30,122,9.676,3.718,101.8,1.487,3.239,0.0,4.5,1.5,0.79
1788442884.629,turning,11.162,3.668,68.6,0,30,122,9.676,3.718,102.5,1.487,3.233,0.0,4.5,1.5,0.78
1788442884.691,turning,11.162,3.668,68.4,0,30,122,9.676,3.718,102.9,1.487,3.233,0.0,4.5,1.5,0.78
1788442884.748,turning,11.162,3.668,67.9,0,30,122,9.676,3.718,103.6,1.487,3.233,0.0,4.5,1.5,0.77
1788442884.805,turning,11.162,3.668,67.6,0,30,121,9.678,3.769,104.0,1.487,3.233,0.0,4.5,1.5,0.77
1788442884.856,turning,11.162,3.668,67.2,0,30,121,9.678,3.769,104.6,1.487,3.233,0.0,4.5,1.5,0.77
1788442884.907,turning,11.162,3.668,66.9,0,30,121,9.678,3.769,104.9,1.487,3.233,0.0,4.5,1.5,0.77
1788442884.961,turning,11.163,3.671,66.5,0,30,121,9.678,3.769,105.4,1.488,3.23,0.0,4.5,1.5,0.77
1788442885.012,turning,11.165,3.675,66.3,0,30,121,9.678,3.769,105.7,1.49,3.226,0.0,4.5,1.5,0.77
1788442885.066,turning,11.168,3.682,65.9,0,30,121,9.678,3.769,106.3,1.492,3.219,0.0,4.5,1.5,0.76
1788442885.119,turning,11.168,3.682,65.6,0,30,121,9.678,3.769,106.6,1.492,3.219,0.0,4.5,1.5,0.76
1788442885.176,turning,11.168,3.682,65.4,0,30,121,9.678,3.769,107.0,1.492,3.219,0.0,4.5,1.5,0.75
1788442885.229,turning,11.168,3.682,64.8,0,30,121,9.678,3.769,107.7,1.492,3.219,0.0,4.5,1.5,0.75
1788442885.284,turning,11.168,3.68,64.8,0,30,121,9.678,3.769,107.8,1.493,3.221,0.0,4.5,1.5,0.75
1788442885.341,turning,11.169,3.675,65.1,0,30,121,9.678,3.769,107.6,1.494,3.225,0.0,4.5,1.5,0.75
1788442885.403,turning,11.17,3.676,65.0,0,30,121,9.678,3.769,107.8,1.495,3.224,0.0,4.5,1.5,0.75
1788442885.465,turning,11.174,3.685,64.6,0,30,121,9.678,3.769,108.3,1.498,3.215,0.0,4.5,1.5,0.75
1788442885.522,turning,11.177,3.691,64.4,0,30,121,9.678,3.769,108.5,1.501,3.209,0.0,4.5,1.5,0.74
1788442885.574,turning,11.177,3.692,63.9,0,30,121,9.678,3.769,109.2,1.501,3.208,0.0,4.5,1.5,0.74
1788442885.629,turning,11.177,3.692,63.6,0,30,121,9.678,3.769,109.6,1.501,3.208,0.0,4.5,1.5,0.73
1788442885.681,turning,11.177,3.692,63.0,0,30,121,9.678,3.769,110.3,1.501,3.208,0.0,4.5,1.5,0.73
1788442885.735,turning,11.177,3.692,62.7,0,30,121,9.678,3.769,110.7,1.501,3.208,0.0,4.5,1.5,0.73
1788442885.79,turning,11.177,3.692,62.2,0,30,121,9.678,3.769,111.3,1.501,3.208,0.0,4.5,1.5,0.73
1788442885.847,turning,11.177,3.692,61.9,0,30,121,9.678,3.769,111.6,1.501,3.208,0.0,4.5,1.5,0.73
1788442885.902,turning,11.177,3.692,61.5,0,30,121,9.678,3.769,112.2,1.501,3.207,0.0,4.5,1.5,0.73
1788442885.958,turning,11.179,3.694,61.3,0,30,121,9.678,3.769,112.5,1.502,3.205,0.0,4.5,1.5,0.73
1788442886.015,turning,11.183,3.703,60.8,0,30,121,9.678,3.769,113.0,1.507,3.196,0.0,4.5,1.5,0.73
1788442886.075,turning,11.187,3.709,60.6,0,30,121,9.678,3.769,113.3,1.51,3.19,0.0,4.5,1.5,0.72
1788442886.132,turning,11.187,3.71,60.4,0,30,121,9.678,3.769,113.6,1.51,3.189,0.0,4.5,1.5,0.72
1788442886.193,turning,11.187,3.71,59.9,0,30,121,9.678,3.769,114.2,1.51,3.189,0.0,4.5,1.5,0.71
1788442886.253,turning,11.187,3.71,59.6,0,30,121,9.678,3.769,114.6,1.51,3.189,0.0,4.5,1.5,0.71
1788442886.309,turning,11.186,3.711,59.1,0,30,121,9.678,3.769,115.2,1.51,3.188,0.0,4.5,1.5,0.71
1788442886.362,turning,11.186,3.713,58.8,0,30,121,9.678,3.769,115.5,1.51,3.186,0.0,4.5,1.5,0.71
1788442886.414,turning,11.191,3.723,58.4,0,30,121,9.678,3.769,116.1,1.514,3.176,0.0,4.5,1.5,0.7
1788442886.466,turning,11.195,3.728,58.2,0,30,121,9.678,3.769,116.4,1.517,3.17,0.0,4.5,1.5,0.7
1788442886.516,turning,11.202,3.74,57.9,0,30,121,9.678,3.769,116.8,1.524,3.157,0.0,4.5,1.5,0.68
1788442886.568,turning,11.206,3.746,57.7,0,30,121,9.678,3.769,117.1,1.528,3.151,0.0,4.5,1.5,0.68
1788442886.621,turning,11.213,3.757,57.4,0,30,121,9.678,3.769,117.5,1.535,3.139,0.0,4.5,1.5,0.66
1788442886.674,turning,11.217,3.763,57.3,0,30,121,9.678,3.769,117.7,1.539,3.133,0.0,4.5,1.5,0.66
1788442886.728,turning,11.224,3.774,57.0,0,30,121,9.678,3.769,118.1,1.546,3.121,0.0,4.5,1.5,0.65
1788442886.781,turning,11.228,3.78,56.9,0,30,121,9.678,3.769,118.4,1.55,3.114,0.0,4.5,1.5,0.65
1788442886.84,turning,11.235,3.791,56.7,0,30,121,9.678,3.769,118.7,1.557,3.102,0.0,4.5,1.5,0.63
1788442886.903,turning,11.239,3.797,56.6,0,30,122,9.726,3.733,119.0,1.515,3.096,0.0,4.5,1.5,0.63
1788442886.97,turning,11.246,3.808,56.4,0,30,122,9.726,3.733,119.4,1.523,3.084,0.0,4.5,1.5,0.62
1788442887.033,turning,11.25,3.814,56.3,0,30,122,9.726,3.733,119.7,1.527,3.078,0.0,4.5,1.5,0.62
1788442887.092,turning,11.254,3.82,56.2,0,30,122,9.726,3.733,119.9,1.531,3.072,0.0,4.5,1.5,0.74
1788442887.146,turning,11.262,3.831,56.0,0,30,122,9.726,3.733,120.3,1.539,3.06,0.0,4.5,1.5,0.74
1788442887.2,turning,11.265,3.837,56.0,0,30,122,9.726,3.733,120.5,1.543,3.054,0.0,4.5,1.5,0.84
1788442887.257,turning,11.273,3.848,55.8,0,30,122,9.726,3.733,120.9,1.552,3.042,0.0,4.5,1.5,0.84
1788442887.312,turning,11.277,3.853,55.7,0,30,122,9.726,3.733,121.1,1.556,3.036,0.0,4.5,1.5,0.82
1788442887.364,turning,11.284,3.865,55.6,0,30,122,9.726,3.733,121.5,1.564,3.024,0.0,4.5,1.5,0.82
1788442887.419,turning,11.286,3.867,55.6,0,30,122,9.726,3.733,121.7,1.566,3.022,0.0,4.5,1.5,0.79
1788442887.472,turning,11.286,3.867,55.7,0,30,122,9.726,3.733,121.8,1.566,3.022,0.0,4.5,1.5,0.79
1788442887.528,turning,11.288,3.871,55.7,0,30,122,9.726,3.733,122.0,1.569,3.018,0.0,4.5,1.5,0.77
1788442887.579,turning,11.296,3.882,55.5,0,30,122,9.726,3.733,122.3,1.578,3.006,0.0,4.5,1.5,0.77
1788442887.642,turning,11.3,3.888,55.5,0,30,122,9.726,3.733,122.5,1.582,3.0,0.0,4.5,1.5,0.76
1788442887.707,turning,11.308,3.899,55.4,0,30,122,9.726,3.733,122.9,1.591,2.988,0.0,4.5,1.5,0.76
1788442887.769,turning,11.312,3.904,55.3,0,30,122,9.726,3.733,123.1,1.595,2.982,0.0,4.5,1.5,0.74
1788442887.83,turning,11.319,3.916,55.2,0,30,122,9.726,3.733,123.4,1.604,2.97,0.0,4.5,1.5,0.74
1788442887.885,turning,11.323,3.921,55.2,0,30,125,9.876,3.758,123.6,1.457,2.964,0.0,4.5,1.5,0.72
1788442887.944,turning,11.328,3.928,56.4,0,30,125,9.876,3.758,122.6,1.462,2.958,0.0,4.5,1.5,0.72
1788442887.999,turning,11.328,3.928,57.9,0,30,125,9.876,3.758,121.3,1.462,2.958,0.0,4.5,1.5,0.7
1788442888.053,turning,11.328,3.928,59.4,0,30,125,9.876,3.758,120.0,1.462,2.958,0.0,4.5,1.5,0.7
1788442888.106,turning,11.319,3.92,62.7,0,30,125,9.876,3.758,116.8,1.453,2.966,0.0,4.5,1.5,0.7
1788442888.161,turning,11.31,3.912,64.5,0,30,125,9.876,3.758,115.2,1.443,2.974,0.0,4.5,1.5,0.7
1788442888.213,turning,11.302,3.905,67.3,1,31,125,9.826,3.76,112.5,1.483,2.982,0.0,4.5,1.5,0.68
1788442888.268,turning,11.302,3.905,68.5,1,31,125,9.826,3.76,111.5,1.483,2.982,0.0,4.5,1.5,0.68
1788442888.325,turning,11.302,3.905,70.4,1,31,125,9.826,3.76,109.7,1.483,2.982,0.0,4.5,1.5,0.55
1788442888.379,turning,11.302,3.905,71.3,1,31,125,9.826,3.76,108.9,1.483,2.982,0.0,4.5,1.5,0.55
1788442888.438,turning,11.302,3.905,73.2,1,13,125,10.725,3.73,108.1,0.603,2.982,0.0,4.5,0.6,0.49
1788442888.495,turning,11.302,3.905,74.1,1,13,125,10.725,3.73,108.1,0.603,2.982,0.0,4.5,0.6,0.49
1788442888.56,turning,11.302,3.905,76.0,1,13,125,10.725,3.73,107.1,0.603,2.982,0.0,4.5,0.6,0.49
1788442888.618,turning,11.302,3.905,76.9,1,13,125,10.725,3.73,107.0,0.603,2.982,0.0,4.5,0.6,0.49
1788442888.674,turning,11.304,3.899,76.9,1,13,125,10.725,3.73,107.8,0.603,2.988,0.0,4.5,0.6,0.5
1788442888.727,turning,11.306,3.899,76.7,1,13,125,10.725,3.73,108.7,0.605,2.989,0.0,4.5,0.6,0.5
1788442888.782,turning,11.305,3.887,76.6,1,13,125,10.725,3.73,109.3,0.6,3.0,0.0,4.5,0.6,0.52
1788442888.834,turning,11.303,3.879,76.6,1,13,125,10.725,3.73,109.9,0.596,3.009,0.0,4.5,0.6,0.52
1788442888.888,turning,11.298,3.863,76.3,1,13,125,10.725,3.73,110.6,0.588,3.025,0.0,4.5,0.6,0.54
1788442888.944,turning,11.295,3.855,76.1,0,12,123,10.725,3.675,111.4,0.597,3.033,0.0,4.5,0.6,0.54
1788442888.997,turning,11.292,3.847,76.0,0,30,123,9.826,3.709,111.5,1.473,3.041,0.0,4.5,1.5,0.56
1788442889.052,turning,11.288,3.831,76.0,1,31,123,9.776,3.711,111.4,1.517,3.058,0.0,4.5,1.5,0.56
1788442889.104,turning,11.286,3.822,76.0,1,31,123,9.776,3.711,111.3,1.514,3.066,0.0,4.5,1.5,0.58
1788442889.161,turning,11.282,3.806,76.0,1,31,123,9.776,3.711,111.3,1.509,3.083,0.0,4.5,1.5,0.58
1788442889.218,turning,11.28,3.798,76.0,1,31,123,9.776,3.711,111.2,1.506,3.092,0.0,4.5,1.5,0.6
1788442889.283,turning,11.275,3.781,76.0,2,32,123,9.726,3.713,111.0,1.551,3.108,0.0,4.5,1.5,0.6
1788442889.348,turning,11.273,3.773,76.0,2,32,123,9.726,3.713,110.9,1.549,3.117,0.0,4.5,1.5,0.63
1788442889.406,turning,11.269,3.756,76.0,2,32,123,9.726,3.713,110.8,1.544,3.134,0.0,4.5,1.5,0.63
1788442889.464,turning,11.267,3.748,76.0,2,32,123,9.726,3.713,110.7,1.542,3.142,0.0,4.5,1.5,0.65
1788442889.519,turning,11.263,3.732,76.0,2,32,123,9.726,3.713,110.5,1.537,3.159,0.0,4.5,1.5,0.65
1788442889.576,turning,11.257,3.73,76.2,2,32,123,9.726,3.713,110.2,1.532,3.161,0.0,4.5,1.5,0.67
1788442889.627,turning,11.243,3.73,76.7,2,32,123,9.726,3.713,109.5,1.517,3.162,0.0,4.5,1.5,0.67
1788442889.684,turning,11.24,3.723,76.8,2,32,123,9.726,3.713,109.3,1.514,3.169,0.0,4.5,1.5,0.69
1788442889.738,turning,11.236,3.707,76.8,2,32,123,9.726,3.713,109.1,1.511,3.186,0.0,4.5,1.5,0.69
1788442889.79,turning,11.234,3.698,76.8,2,32,123,9.726,3.713,109.0,1.509,3.195,0.0,4.5,1.5,0.72
1788442889.846,turning,11.23,3.682,76.8,2,32,123,9.726,3.713,108.8,1.505,3.212,0.0,4.5,1.5,0.72
1788442889.898,turning,11.229,3.674,76.8,2,32,123,9.726,3.713,108.6,1.503,3.22,0.0,4.5,1.5,0.74
1788442889.955,turning,11.227,3.665,76.8,0,30,122,9.726,3.717,108.5,1.502,3.229,0.0,4.5,1.5,0.74
1788442890.018,turning,11.223,3.649,76.8,0,30,122,9.726,3.717,108.3,1.499,3.245,0.0,4.5,1.5,0.76
1788442890.082,turning,11.221,3.641,76.8,0,30,122,9.726,3.717,108.1,1.497,3.254,0.0,4.5,1.5,0.76
1788442890.147,turning,11.21,3.621,76.4,0,30,122,9.726,3.717,108.3,1.488,3.274,0.0,4.5,1.5,0.79
1788442890.202,turning,11.201,3.61,76.0,0,30,122,9.726,3.717,108.4,1.479,3.286,0.0,4.5,1.5,0.79
1788442890.262,turning,11.191,3.592,75.6,1,31,122,9.676,3.718,108.6,1.52,3.306,0.0,4.5,1.5,0.81
1788442890.314,turning,11.189,3.586,75.6,1,31,122,9.676,3.718,108.3,1.519,3.312,0.0,4.5,1.5,0.81
1788442890.372,turning,11.187,3.578,75.6,1,31,122,9.676,3.718,108.1,1.518,3.319,0.0,4.5,1.5,0.83
1788442890.423,turning,11.187,3.577,75.6,1,31,122,9.676,3.718,107.9,1.518,3.32,0.0,4.5,1.5,0.83
1788442890.478,turning,11.188,3.581,75.6,1,31,122,9.676,3.718,107.7,1.518,3.317,0.0,4.5,1.5,0.83
1788442890.531,turning,11.189,3.585,75.6,1,31,122,9.676,3.718,107.5,1.519,3.313,0.0,4.5,1.5,0.83
1788442890.584,turning,11.192,3.597,75.6,1,31,122,9.676,3.718,107.3,1.521,3.3,0.0,4.5,1.5,0.82
1788442890.64,turning,11.194,3.603,75.6,1,31,122,9.676,3.718,107.1,1.522,3.294,0.0,4.5,1.5,0.82
1788442890.695,turning,11.191,3.606,76.2,1,31,122,9.676,3.718,106.4,1.52,3.291,0.0,4.5,1.5,0.8
1788442890.752,turning,11.188,3.605,76.6,1,31,122,9.676,3.718,105.8,1.517,3.293,0.0,4.5,1.5,0.8
1788442890.811,turning,11.188,3.613,76.8,1,31,122,9.676,3.718,105.4,1.516,3.285,0.0,4.5,1.5,0.79
1788442890.879,turning,11.189,3.62,76.8,1,31,122,9.676,3.718,105.3,1.517,3.278,0.0,4.5,1.5,0.79
1788442890.941,turning,11.191,3.627,76.8,1,31,122,9.676,3.718,105.2,1.518,3.271,0.0,4.5,1.5,0.77
1788442891.0,turning,11.194,3.64,76.6,0,30,122,9.681,3.761,105.2,1.518,3.257,0.0,4.5,1.5,0.77
1788442891.052,turning,11.196,3.646,76.4,0,30,122,9.681,3.761,105.2,1.519,3.251,0.0,4.5,1.5,0.75
1788442891.105,turning,11.196,3.647,75.9,0,30,122,9.681,3.761,105.5,1.519,3.25,0.0,4.5,1.5,0.75
1788442891.16,turning,11.196,3.647,75.6,0,30,122,9.681,3.761,105.7,1.519,3.25,0.0,4.5,1.5,0.74
1788442891.216,turning,11.196,3.647,75.1,0,30,122,9.681,3.761,106.1,1.519,3.25,0.0,4.5,1.5,0.74
1788442891.27,turning,11.196,3.647,74.8,0,30,122,9.681,3.761,106.2,1.519,3.25,0.0,4.5,1.5,0.74
1788442891.322,turning,11.196,3.647,74.3,0,30,122,9.681,3.761,106.6,1.519,3.25,0.0,4.5,1.5,0.74
1788442891.376,turning,11.196,3.647,74.1,0,30,122,9.681,3.761,106.7,1.519,3.25,0.0,4.5,1.5,0.74
1788442891.43,turning,11.197,3.65,73.7,0,30,122,9.681,3.761,107.0,1.52,3.247,0.0,4.5,1.5,0.74
1788442891.483,turning,11.198,3.654,73.4,0,30,122,9.681,3.761,107.1,1.52,3.243,0.0,4.5,1.5,0.74
1788442891.539,turning,11.2,3.662,73.0,0,30,122,9.681,3.761,107.5,1.522,3.235,0.0,4.5,1.5,0.74
1788442891.6,turning,11.2,3.662,72.7,0,30,122,9.681,3.761,107.6,1.522,3.235,0.0,4.5,1.5,0.72
1788442891.66,turning,11.2,3.662,72.1,0,30,122,9.681,3.761,108.1,1.522,3.235,0.0,4.5,1.5,0.72
1788442891.722,turning,11.2,3.662,71.8,0,30,122,9.681,3.761,108.3,1.522,3.235,0.0,4.5,1.5,0.72
1788442891.781,turning,11.2,3.662,71.3,0,30,122,9.681,3.761,108.8,1.522,3.235,0.0,4.5,1.5,0.72
1788442891.836,turning,11.2,3.662,71.0,0,30,122,9.681,3.761,108.9,1.522,3.235,0.0,4.5,1.5,0.72
1788442891.889,turning,11.2,3.662,70.8,0,30,122,9.681,3.761,109.1,1.522,3.235,0.0,4.5,1.5,0.72
1788442891.943,turning,11.2,3.662,70.3,0,30,122,9.681,3.761,109.5,1.522,3.235,0.0,4.5,1.5,0.72
1788442891.997,turning,11.2,3.662,70.1,0,30,122,9.728,3.763,109.6,1.476,3.235,0.0,4.5,1.5,0.72
1788442892.053,turning,11.203,3.668,69.7,0,30,122,9.728,3.763,109.9,1.478,3.229,0.0,4.5,1.5,0.72
1788442892.106,turning,11.205,3.673,69.5,0,30,122,9.728,3.763,110.0,1.48,3.223,0.0,4.5,1.5,0.72
1788442892.161,turning,11.205,3.675,69.0,0,30,122,9.728,3.763,110.5,1.48,3.221,0.0,4.5,1.5,0.71
1788442892.217,turning,11.205,3.675,68.7,0,30,122,9.728,3.763,110.7,1.48,3.221,0.0,4.5,1.5,0.71
1788442892.272,turning,11.205,3.675,68.1,0,30,122,9.728,3.763,111.2,1.48,3.221,0.0,4.5,1.5,0.7
1788442892.332,turning,11.205,3.675,67.8,0,30,122,9.728,3.763,111.4,1.48,3.221,0.0,4.5,1.5,0.7
1788442892.392,turning,11.203,3.678,67.2,0,30,122,9.728,3.763,112.0,1.477,3.218,0.0,4.5,1.5,0.7
1788442892.448,turning,11.2,3.68,66.9,0,30,122,9.728,3.763,112.3,1.475,3.216,0.0,4.5,1.5,0.7
1788442892.508,turning,11.199,3.682,66.3,1,31,122,9.678,3.766,112.8,1.524,3.215,0.0,4.5,1.5,0.7
1788442892.565,turning,11.199,3.682,66.0,1,31,122,9.678,3.766,113.0,1.524,3.215,0.0,4.5,1.5,0.7
1788442892.62,turning,11.199,3.682,65.5,1,31,122,9.678,3.766,113.5,1.524,3.215,0.0,4.5,1.5,0.7
1788442892.673,turning,11.199,3.682,65.2,1,31,122,9.678,3.766,113.7,1.524,3.215,0.0,4.5,1.5,0.7
1788442892.73,turning,11.199,3.682,64.7,1,31,122,9.678,3.766,114.1,1.524,3.215,0.0,4.5,1.5,0.7
1788442892.781,turning,11.199,3.682,64.5,1,31,122,9.678,3.766,114.3,1.524,3.215,0.0,4.5,1.5,0.7
1788442892.834,turning,11.199,3.682,64.3,1,31,122,9.678,3.766,114.5,1.524,3.215,0.0,4.5,1.5,0.7
1788442892.885,turning,11.202,3.688,63.9,0,30,122,9.728,3.763,114.9,1.476,3.209,0.0,4.5,1.5,0.7
1788442892.939,turning,11.204,3.693,63.7,0,30,122,9.728,3.763,115.0,1.478,3.204,0.0,4.5,1.5,0.69
1788442892.991,turning,11.204,3.693,63.2,0,30,122,9.728,3.763,115.5,1.478,3.203,0.0,4.5,1.5,0.69
1788442893.047,turning,11.204,3.693,62.9,0,30,66,11.425,5.125,113.4,1.449,3.203,0.0,4.5,1.5,0.69
1788442893.103,turning,11.204,3.693,62.3,0,30,66,11.425,5.125,111.6,1.449,3.203,0.0,4.5,1.5,0.69
1788442893.163,turning,11.204,3.693,62.1,0,30,66,11.425,5.125,109.5,1.449,3.203,0.0,4.5,1.5,0.69
1788442893.219,turning,11.204,3.693,61.6,0,30,66,11.425,5.125,107.8,1.449,3.203,0.0,4.5,1.5,0.69
1788442893.281,turning,11.202,3.693,61.5,0,30,66,11.425,5.125,105.7,1.449,3.203,0.0,4.5,1.5,0.69
1788442893.334,turning,11.197,3.696,61.5,0,30,66,11.425,5.125,103.6,1.447,3.202,0.0,4.5,1.5,0.69
1788442893.388,turning,11.199,3.699,61.3,0,30,66,11.425,5.125,101.7,1.444,3.198,0.0,4.5,1.5,0.68
1788442893.441,turning,11.199,3.7,60.8,0,30,66,11.425,5.125,100.1,1.443,3.197,0.0,4.5,1.5,0.68
1788442893.494,turning,11.199,3.7,60.6,0,30,66,11.425,5.125,98.4,1.443,3.197,0.0,4.5,1.5,0.68
1788442893.549,turning,11.199,3.7,60.1,0,30,66,11.425,5.125,97.0,1.443,3.197,0.0,4.5,1.5,0.68
1788442893.602,turning,11.199,3.7,59.8,0,30,66,11.425,5.125,95.4,1.443,3.197,0.0,4.5,1.5,0.69
1788442893.656,turning,11.199,3.7,59.4,0,30,66,11.425,5.125,94.0,1.443,3.197,0.0,4.5,1.5,0.69
1788442893.71,turning,11.2,3.702,59.1,0,30,66,11.425,5.125,92.4,1.44,3.195,0.0,4.5,1.5,0.74
1788442893.762,turning,11.202,3.706,58.9,0,30,66,11.425,5.125,90.9,1.437,3.191,0.0,4.5,1.5,0.74
1788442893.814,turning,11.209,3.716,58.5,0,30,66,11.425,5.125,89.6,1.425,3.18,0.0,4.5,1.5,0.84
1788442893.871,turning,11.212,3.722,58.4,1,31,66,11.425,5.175,88.1,1.468,3.174,0.0,4.5,1.5,0.84
1788442893.934,turning,11.22,3.734,58.0,1,31,66,11.425,5.175,86.9,1.456,3.161,0.0,4.5,1.5,0.86
1788442893.993,turning,11.223,3.739,57.9,1,31,66,11.425,5.175,85.5,1.45,3.155,0.0,4.5,1.5,0.86
1788442894.058,turning,11.23,3.751,57.6,0,30,122,9.726,3.766,86.7,1.505,3.143,0.0,4.5,1.5,0.84
1788442894.113,turning,11.234,3.757,57.4,0,30,122,9.726,3.766,87.7,1.509,3.137,0.0,4.5,1.5,0.84
1788442894.166,turning,11.241,3.768,57.1,0,30,122,9.726,3.766,88.8,1.516,3.125,0.0,4.5,1.5,0.82
1788442894.217,turning,11.245,3.774,57.0,0,30,122,9.726,3.766,89.8,1.52,3.119,0.0,4.5,1.5,0.82
1788442894.27,turning,11.251,3.79,56.9,0,30,122,9.726,3.766,90.8,1.525,3.102,0.0,4.5,1.5,0.8
1788442894.325,turning,11.253,3.8,56.9,0,30,122,9.726,3.766,91.6,1.528,3.092,0.0,4.5,1.5,0.8
1788442894.379,turning,11.259,3.814,56.7,0,30,122,9.726,3.766,92.6,1.535,3.077,0.0,4.5,1.5,0.78
1788442894.434,turning,11.263,3.82,56.6,0,30,122,9.726,3.766,93.5,1.539,3.071,0.0,4.5,1.5,0.78
1788442894.488,turning,11.271,3.831,56.4,0,30,122,9.726,3.766,94.5,1.546,3.059,0.0,4.5,1.5,0.76
1788442894.543,turning,11.274,3.837,56.3,0,30,122,9.726,3.766,95.4,1.55,3.053,0.0,4.5,1.5,0.76
1788442894.597,turning,11.282,3.848,56.1,0,30,122,9.726,3.766,96.4,1.559,3.041,0.0,4.5,1.5,0.74
1788442894.656,turning,11.286,3.854,56.0,0,30,122,9.726,3.766,97.2,1.563,3.035,0.0,4.5,1.5,0.74
1788442894.714,turning,11.29,3.859,56.0,0,30,122,9.726,3.766,98.0,1.567,3.029,0.0,4.5,1.5,0.72
1788442894.775,turning,11.297,3.87,55.8,0,30,122,9.726,3.766,98.9,1.575,3.017,0.0,4.5,1.5,0.72
1788442894.84,turning,11.301,3.876,55.7,0,30,122,9.726,3.766,99.7,1.579,3.011,0.0,4.5,1.5,0.7
1788442894.896,turning,11.309,3.887,55.6,0,30,122,9.726,3.766,100.6,1.588,3.0,0.0,4.5,1.5,0.7
1788442894.949,turning,11.313,3.892,55.3,0,30,122,9.726,3.766,101.5,1.593,2.995,0.0,4.5,1.5,0.68
1788442895.002,turning,11.323,3.898,54.5,0,30,122,9.726,3.766,103.0,1.603,2.988,0.0,4.5,1.5,0.68
1788442895.06,turning,11.328,3.902,54.4,0,30,60,11.425,5.425,101.4,1.526,2.983,0.0,4.5,1.5,0.66
1788442895.11,turning,11.329,3.904,57.0,0,30,60,11.425,5.425,97.1,1.524,2.981,0.0,4.5,1.5,0.66
1788442895.164,turning,11.329,3.904,58.5,0,30,60,11.425,5.425,93.9,1.524,2.981,0.0,4.5,1.5,0.65
1788442895.214,turning,11.329,3.904,61.6,0,30,60,11.425,5.425,89.2,1.524,2.981,0.0,4.5,1.5,0.65
1788442895.27,turning,11.329,3.904,63.1,0,30,60,11.425,5.425,86.1,1.524,2.981,0.0,4.5,1.5,0.65
1788442895.325,turning,11.329,3.904,65.9,0,30,60,11.425,5.425,81.7,1.524,2.981,0.0,4.5,1.5,0.65
1788442895.379,turning,11.329,3.904,67.3,0,30,60,11.425,5.425,78.9,1.524,2.981,0.0,4.5,1.5,0.66
1788442895.44,turning,11.329,3.904,69.3,0,30,60,11.425,5.425,75.4,1.524,2.981,0.0,4.5,1.5,0.66
1788442895.501,turning,11.329,3.904,70.2,0,30,60,11.425,5.425,73.0,1.524,2.981,0.0,4.5,1.5,0.66
1788442895.563,turning,11.329,3.904,72.1,0,30,60,11.425,5.425,69.7,1.524,2.981,0.0,4.5,1.5,0.66
1788442895.621,turning,11.329,3.904,73.0,0,30,60,11.425,5.425,67.4,1.524,2.981,0.0,4.5,1.5,0.65
1788442895.676,turning,11.329,3.904,73.9,0,30,60,11.425,5.425,65.2,1.524,2.981,0.0,4.5,1.5,0.65
1788442895.727,turning,11.324,3.902,75.8,0,30,60,11.425,5.425,62.0,1.526,2.983,0.0,4.5,1.5,0.58
1788442895.779,turning,11.32,3.901,76.7,0,30,60,11.425,5.425,59.8,1.528,2.985,0.0,4.5,1.5,0.58
1788442895.834,turning,11.316,3.899,78.6,0,12,60,11.425,4.525,54.5,0.635,2.987,0.0,4.5,0.6,0.52
1788442895.888,turning,11.316,3.899,79.6,0,12,60,11.425,4.525,50.3,0.635,2.987,0.0,4.5,0.6,0.52
1788442895.942,turning,11.316,3.895,81.5,0,12,60,11.425,4.525,45.4,0.639,2.991,0.0,4.5,0.6,0.52
1788442895.994,turning,11.317,3.892,82.5,0,12,60,11.425,4.525,41.6,0.643,2.995,0.0,4.5,0.6,0.52
1788442896.053,turning,11.317,3.889,84.4,0,12,60,11.425,4.525,37.1,0.645,2.997,0.0,4.5,0.6,0.52
1788442896.107,turning,11.317,3.889,85.3,0,12,61,11.425,4.475,33.6,0.596,2.997,0.0,4.5,0.6,0.52
1788442896.163,turning,11.316,3.873,85.5,0,12,61,11.425,4.475,31.0,0.611,3.013,0.0,4.5,0.6,0.53
1788442896.223,turning,11.316,3.865,85.5,0,12,61,11.425,4.475,28.8,0.62,3.021,0.0,4.5,0.6,0.53
1788442896.286,turning,11.315,3.848,85.4,0,30,61,11.425,5.375,28.2,1.531,3.038,0.0,4.5,1.5,0.55
1788442896.346,turning,11.315,3.84,85.3,0,30,61,11.425,5.375,27.6,1.539,3.046,0.0,4.5,1.5,0.55
1788442896.403,turning,11.314,3.823,85.2,0,30,61,11.425,5.375,27.0,1.556,3.063,0.0,4.5,1.5,0.57
1788442896.46,turning,11.313,3.814,85.2,0,30,61,11.425,5.375,26.4,1.565,3.072,0.0,4.5,1.5,0.57
1788442896.514,turning,11.312,3.797,85.2,0,30,61,11.425,5.375,25.7,1.582,3.089,0.0,4.5,1.5,0.59
1788442896.568,turning,11.311,3.789,85.2,0,30,61,11.425,5.375,25.1,1.59,3.097,0.0,4.5,1.5,0.59
1788442896.622,turning,11.31,3.782,85.3,0,30,61,11.425,5.375,24.5,1.597,3.105,0.0,4.5,1.5,0.61
1788442896.679,turning,11.308,3.77,85.3,0,30,61,11.425,5.375,23.8,1.61,3.117,0.0,4.5,1.5,0.61
1788442896.733,turning,11.307,3.762,85.4,0,30,61,11.425,5.375,23.2,1.617,3.124,0.0,4.5,1.5,0.64
1788442896.788,turning,11.306,3.745,85.4,0,30,61,11.425,5.375,22.6,1.634,3.141,0.0,4.5,1.5,0.64
1788442896.84,turning,11.305,3.737,85.4,0,30,61,11.425,5.375,22.1,1.643,3.15,0.0,4.5,1.5,0.66
1788442896.894,turning,11.304,3.72,85.4,0,30,61,11.425,5.375,21.5,1.66,3.167,0.0,4.5,1.5,0.66
1788442896.947,turning,11.303,3.711,85.4,0,30,61,11.425,5.375,21.0,1.668,3.175,0.0,4.5,1.5,0.68
1788442897.006,turning,11.302,3.694,85.4,0,30,61,11.425,5.375,20.5,1.685,3.192,0.0,4.5,1.5,0.68
1788442897.069,turning,11.301,3.686,85.4,0,30,61,11.425,5.375,20.0,1.694,3.201,0.0,4.5,1.5,0.7
1788442897.13,turning,11.3,3.669,85.4,0,30,65,11.425,5.175,19.5,1.511,3.218,0.0,4.5,1.5,0.7
1788442897.195,turning,11.298,3.659,85.3,0,30,65,11.425,5.175,19.2,1.521,3.228,0.0,4.5,1.5,0.73
1788442897.253,turning,11.293,3.639,84.9,0,30,65,11.425,5.175,19.0,1.541,3.248,0.0,4.5,1.5,0.73
1788442897.307,turning,11.292,3.631,84.9,0,30,65,11.425,5.175,18.6,1.55,3.257,0.0,4.5,1.5,0.75
1788442897.36,turning,11.29,3.614,84.9,0,30,65,11.425,5.175,18.1,1.567,3.274,0.0,4.5,1.5,0.75
1788442897.412,turning,11.289,3.605,84.9,0,30,65,11.425,5.175,17.7,1.576,3.282,0.0,4.5,1.5,0.78
1788442897.465,turning,11.288,3.588,84.9,0,30,65,11.425,5.175,17.2,1.593,3.299,0.0,4.5,1.5,0.78
1788442897.521,turning,11.287,3.58,84.9,0,30,65,11.425,5.175,16.8,1.601,3.308,0.0,4.5,1.5,0.8
1788442897.577,turning,11.286,3.572,84.9,0,30,65,11.425,5.175,16.4,1.609,3.316,0.0,4.5,1.5,0.8
1788442897.631,turning,11.286,3.561,84.9,0,30,65,11.425,5.175,16.0,1.62,3.327,0.0,4.5,1.5,0.82
1788442897.683,turning,11.285,3.558,84.9,0,30,65,11.425,5.175,15.6,1.623,3.33,0.0,4.5,1.5,0.82
1788442897.738,turning,11.288,3.565,85.2,0,30,65,11.425,5.175,15.0,1.616,3.322,0.0,4.5,1.5,0.83
1788442897.791,turning,11.291,3.573,85.4,0,30,65,11.425,5.175,14.3,1.608,3.314,0.0,4.5,1.5,0.83
1788442897.849,turning,11.294,3.579,85.6,0,30,65,11.425,5.175,13.8,1.601,3.308,0.0,4.5,1.5,0.83
1788442897.906,turning,11.294,3.579,85.6,0,30,65,11.425,5.175,13.4,1.601,3.308,0.0,4.5,1.5,0.83
1788442897.963,turning,11.294,3.579,85.6,0,30,65,11.425,5.175,13.1,1.601,3.308,0.0,4.5,1.5,0.83
1788442898.017,turning,11.294,3.579,85.6,0,30,65,11.425,5.175,12.7,1.601,3.308,0.0,4.5,1.5,0.83
1788442898.071,turning,11.294,3.579,85.6,0,30,65,11.425,5.175,12.4,1.601,3.308,0.0,4.5,1.5,0.83
1788442898.121,turning,11.294,3.579,85.6,0,30,65,11.425,5.175,12.1,1.601,3.308,0.0,4.5,1.5,0.83
1788442898.178,turning,11.294,3.579,87.9,0,30,67,11.425,5.075,9.6,1.501,3.308,0.0,4.5,1.5,0.83
1788442898.229,turning,11.294,3.579,91.1,0,30,67,11.425,5.075,6.0,1.501,3.308,0.0,4.447,1.5,0.83
1788442898.285,turning,11.294,3.579,97.6,0,30,67,11.425,5.075,-0.8,1.501,3.308,0.0,4.107,1.5,0.83
1788442898.337,turning,11.294,3.579,100.8,0,30,67,11.425,5.075,-4.3,1.501,3.308,0.0,3.939,1.5,0.83
1788442898.394,turning,11.294,3.579,106.4,0,30,67,11.425,5.075,-10.2,1.501,3.308,0.0,3.646,1.5,0.84
1788442898.448,turning,11.294,3.579,109.0,0,30,67,11.425,5.075,-13.1,1.501,3.308,0.0,3.509,1.5,0.84
1788442898.504,turning,11.294,3.579,111.4,0,30,67,11.425,5.075,-15.7,1.501,3.308,0.0,3.386,1.5,0.84
1788442898.562,turning,11.294,3.579,115.6,0,30,67,11.425,5.075,-20.1,1.501,3.308,0.0,3.168,1.5,0.84
1788442898.622,turning,11.294,3.579,117.5,0,30,67,11.425,5.075,-22.4,1.501,3.308,0.0,3.065,1.5,0.84
1788442898.682,turning,11.294,3.579,120.9,0,30,67,11.425,5.075,-26.0,1.501,3.308,0.0,2.886,1.5,0.84
1788442898.748,turning,11.292,3.581,122.3,0,30,67,11.425,5.075,-27.6,1.5,3.306,0.0,2.816,1.5,0.85
1788442898.803,turning,11.286,3.584,124.2,0,30,67,11.425,5.075,-29.8,1.497,3.303,0.0,2.716,1.5,0.85
1788442898.861,turning,11.283,3.586,125.3,0,30,67,11.425,5.075,-31.1,1.496,3.302,0.0,2.658,1.5,0.85
1788442898.912,turning,11.276,3.589,127.5,0,30,67,11.425,5.075,-33.6,1.493,3.299,0.0,2.543,1.5,0.85
1788442898.965,turning,11.276,3.59,128.8,0,30,67,11.425,5.075,-35.1,1.493,3.299,0.0,2.477,1.5,0.85
1788442899.018,turning,11.279,3.589,131.1,0,30,67,11.425,5.075,-37.7,1.493,3.299,0.0,2.4,1.5,0.85
1788442899.074,turning,11.278,3.588,132.2,0,30,67,11.425,5.075,-38.9,1.495,3.301,0.0,2.4,1.5,0.85
1788442899.128,turning,11.274,3.584,134.0,0,30,67,11.425,5.075,-41.0,1.499,3.305,0.0,2.4,1.5,0.85
1788442899.181,turning,11.274,3.583,134.8,0,30,123,9.776,3.704,-39.8,1.503,3.306,0.0,2.4,1.5,0.86
1788442899.234,turning,11.274,3.583,136.5,0,30,123,9.776,3.704,-39.4,1.503,3.306,0.0,2.4,1.5,0.86
1788442899.287,turning,11.276,3.579,136.9,0,30,123,9.776,3.704,-38.0,1.506,3.309,0.0,2.4,1.5,0.86
1788442899.345,turning,11.281,3.57,137.8,0,30,123,9.776,3.704,-37.0,1.511,3.318,0.0,2.4,1.5,0.86
1788442899.405,turning,11.281,3.57,138.6,0,30,123,9.776,3.704,-35.9,1.511,3.318,0.0,2.4,1.5,0.86
1788442899.47,turning,11.281,3.57,139.4,0,30,123,9.776,3.704,-35.0,1.511,3.318,0.0,2.4,1.5,0.86
1788442899.532,turning,11.285,3.563,141.0,0,30,123,9.776,3.704,-34.8,1.515,3.325,0.0,2.4,1.5,0.86
1788442899.588,turning,11.289,3.556,141.7,0,30,123,9.776,3.704,-33.8,1.52,3.332,0.0,2.4,1.5,0.86
1788442899.647,turning,11.292,3.549,143.2,0,30,123,9.776,3.704,-33.7,1.524,3.338,0.0,2.4,1.5,0.87
1788442899.699,turning,11.292,3.549,144.0,0,30,123,9.776,3.704,-32.9,1.524,3.338,0.0,2.4,1.5,0.87
1788442899.75,turning,11.292,3.549,145.7,0,30,123,9.776,3.704,-33.0,1.524,3.338,0.0,2.4,1.5,0.88
1788442899.805,turning,11.292,3.549,146.5,0,30,123,9.776,3.704,-32.3,1.524,3.338,0.0,2.4,1.5,0.88
1788442899.865,turning,11.289,3.566,148.5,0,30,123,9.776,3.704,-32.8,1.519,3.321,0.0,2.4,1.5,0.89
1788442899.921,turning,11.286,3.581,149.6,0,30,123,9.776,3.704,-32.4,1.515,3.307,0.0,2.4,1.5,0.89
1788442899.976,turning,11.283,3.592,151.4,0,30,123,9.776,3.704,-32.8,1.512,3.296,0.0,2.4,1.5,0.91
1788442900.03,turning,11.283,3.592,152.3,0,30,123,9.776,3.704,-32.3,1.512,3.296,0.0,2.4,1.5,0.91
1788442900.086,turning,11.283,3.592,153.9,0,30,123,9.776,3.704,-32.5,1.512,3.296,0.0,2.4,1.5,0.93
1788442900.144,turning,11.283,3.592,154.7,0,30,123,9.776,3.704,-32.0,1.512,3.296,0.0,2.4,1.5,0.93
1788442900.209,turning,11.277,3.597,156.6,0,30,125,9.776,3.702,-32.6,1.504,3.292,0.0,2.4,1.5,0.95
1788442900.268,turning,11.272,3.6,157.7,0,30,125,9.776,3.702,-32.3,1.499,3.289,0.0,2.4,1.5,0.95
1788442900.334,turning,11.268,3.602,159.4,0,30,125,9.776,3.702,-32.9,1.496,3.287,0.0,2.4,1.5,0.97
1788442900.39,turning,11.268,3.602,160.3,0,30,125,9.776,3.702,-32.4,1.496,3.287,0.0,2.4,1.5,0.97
1788442900.446,turning,11.268,3.602,161.1,0,30,125,9.776,3.702,-32.1,1.496,3.287,0.0,2.4,1.5,1.0
1788442900.499,turning,11.268,3.602,162.7,0,30,125,9.776,3.702,-32.5,1.496,3.287,0.0,2.4,1.5,1.0
1788442900.554,turning,11.265,3.6,163.6,0,30,125,9.776,3.702,-32.3,1.492,3.289,0.0,2.4,1.5,1.03
1788442900.606,turning,11.251,3.593,165.5,1,31,125,9.726,3.705,-33.1,1.529,3.298,0.0,2.4,1.5,1.03
1788442900.661,turning,11.248,3.591,164.4,1,31,125,9.726,3.705,-30.9,1.527,3.3,0.0,2.4,1.5,1.06
1788442900.714,turning,11.248,3.591,161.2,1,31,125,9.726,3.705,-26.7,1.527,3.3,0.0,2.4,1.5,1.06
1788442900.767,turning,11.248,3.591,159.6,1,31,125,9.726,3.705,-24.1,1.527,3.3,0.0,2.4,1.5,1.01
1788442900.819,turning,11.248,3.591,156.4,1,31,125,9.726,3.705,-19.9,1.527,3.3,0.0,2.4,1.5,1.01
1788442900.876,turning,11.252,3.592,155.1,1,31,125,9.726,3.705,-17.6,1.53,3.299,0.0,2.4,1.5,0.97
1788442900.939,turning,11.26,3.593,152.8,0,30,125,9.776,3.702,-14.3,1.488,3.297,0.0,2.4,1.5,0.97
1788442901.002,turning,11.26,3.593,151.3,0,30,125,9.776,3.702,-11.9,1.488,3.297,0.0,2.4,1.5,0.94
1788442901.064,turning,11.26,3.593,148.1,0,30,125,9.776,3.702,-7.8,1.488,3.297,0.0,2.4,1.5,0.94
1788442901.12,turning,11.26,3.593,146.5,0,30,125,9.776,3.702,-5.3,1.488,3.297,0.0,2.4,1.5,0.92
1788442901.178,turning,11.26,3.593,143.3,0,30,125,9.776,3.702,-1.3,1.488,3.297,0.0,2.4,1.5,0.92
1788442901.231,turning,11.26,3.593,141.7,0,30,123,9.775,3.675,1.2,1.488,3.297,0.0,2.4,1.5,0.9
1788442901.283,turning,11.26,3.593,138.5,0,30,123,9.775,3.675,5.2,1.488,3.297,0.0,2.4,1.5,0.9
1788442901.338,turning,11.26,3.593,136.9,0,30,123,9.775,3.675,7.6,1.488,3.297,0.0,2.4,1.5,0.9
1788442901.391,turning,11.26,3.593,135.3,0,30,123,9.775,3.675,10.0,1.488,3.297,0.0,2.4,1.5,0.9
1788442901.446,turning,11.263,3.59,132.3,0,30,123,9.775,3.675,13.8,1.49,3.299,0.0,2.4,1.5,0.9
1788442901.502,turning,11.265,3.588,130.9,0,30,123,9.775,3.675,16.0,1.493,3.302,0.0,2.4,1.5,0.9
1788442901.558,turning,11.268,3.585,128.0,0,30,123,9.775,3.675,19.6,1.495,3.304,0.0,2.517,1.5,0.9
1788442901.609,turning,11.268,3.585,126.6,0,30,123,9.775,3.675,21.7,1.495,3.304,0.0,2.591,1.5,0.9
1788442901.668,turning,11.27,3.582,124.0,0,30,123,9.775,3.675,25.0,1.498,3.307,0.0,2.727,1.5,0.9
1788442901.728,turning,11.272,3.579,122.7,0,30,123,9.775,3.675,27.0,1.5,3.31,0.0,2.794,1.5,0.9
1788442901.788,turning,11.274,3.577,120.6,0,30,123,9.775,3.675,29.8,1.502,3.312,0.0,2.906,1.5,0.9
1788442901.848,turning,11.274,3.577,119.6,0,30,123,9.775,3.675,31.4,1.502,3.312,0.0,2.957,1.5,0.9
1788442901.904,turning,11.272,3.575,117.6,0,30,123,9.775,3.675,34.0,1.501,3.314,0.0,3.064,1.5,0.9
1788442901.958,turning,11.271,3.574,116.5,0,30,123,9.775,3.675,35.7,1.499,3.315,0.0,3.121,1.5,0.9
1788442902.012,turning,11.269,3.573,114.8,0,30,123,9.775,3.675,38.0,1.498,3.316,0.0,3.208,1.5,0.9
1788442902.066,turning,11.269,3.573,114.1,0,30,123,9.775,3.675,39.2,1.498,3.316,0.0,3.244,1.5,0.9
1788442902.121,turning,11.27,3.57,113.2,0,30,123,9.775,3.675,40.7,1.499,3.319,0.0,3.292,1.5,0.91
1788442902.177,turning,11.27,3.568,112.8,0,30,123,9.775,3.675,41.6,1.499,3.321,0.0,3.312,1.5,0.91
1788442902.233,turning,11.27,3.566,111.9,0,30,123,9.775,3.675,43.1,1.499,3.323,0.0,3.361,1.5,0.9
1788442902.287,turning,11.27,3.566,111.4,0,30,123,9.775,3.675,44.1,1.499,3.323,0.0,3.387,1.5,0.9
1788442902.345,turning,11.268,3.568,110.8,0,30,123,9.775,3.675,45.2,1.497,3.321,0.0,3.419,1.5,0.9
1788442902.401,turning,11.262,3.574,109.3,0,30,123,9.775,3.675,47.2,1.491,3.316,0.0,3.497,1.5,0.9
1788442902.461,turning,11.261,3.575,108.7,0,30,123,9.775,3.675,48.3,1.489,3.315,0.0,3.528,1.5,0.9
1788442902.531,turning,11.261,3.575,107.7,0,30,123,9.775,3.675,49.7,1.489,3.315,0.0,3.579,1.5,0.9
1788442902.597,turning,11.261,3.575,107.2,0,30,123,9.775,3.675,50.7,1.489,3.315,0.0,3.604,1.5,0.9
1788442902.664,turning,11.261,3.575,106.3,0,30,123,9.775,3.675,52.0,1.489,3.315,0.0,3.651,1.5,0.9
1788442902.726,turning,11.257,3.575,105.8,0,30,123,9.775,3.675,53.0,1.486,3.315,0.0,3.68,1.5,0.9
1788442902.785,turning,11.247,3.574,104.6,1,31,123,9.725,3.675,54.6,1.526,3.317,0.0,3.741,1.5,0.9
1788442902.849,turning,11.246,3.574,104.2,1,31,123,9.725,3.675,55.5,1.524,3.318,0.0,3.765,1.5,0.9
1788442902.903,turning,11.246,3.574,103.3,1,31,123,9.725,3.675,56.7,1.524,3.318,0.0,3.808,1.5,0.9
1788442902.962,turning,11.246,3.574,102.9,1,31,123,9.725,3.675,57.5,1.524,3.318,0.0,3.83,1.5,0.9
1788442903.015,turning,11.246,3.574,102.2,1,31,123,9.725,3.675,58.7,1.524,3.318,0.0,3.869,1.5,0.9
1788442903.07,turning,11.246,3.574,101.8,1,31,123,9.725,3.675,59.4,1.524,3.318,0.0,3.888,1.5,0.9
1788442903.123,turning,11.246,3.574,101.1,1,31,123,9.725,3.675,60.5,1.524,3.318,0.0,3.923,1.5,0.9
1788442903.177,turning,11.246,3.574,100.8,1,31,123,9.725,3.675,61.1,1.524,3.318,0.0,3.94,1.5,0.9
1788442903.231,turning,11.246,3.574,100.2,1,31,123,9.725,3.675,62.1,1.524,3.318,0.0,3.971,1.5,0.9
1788442903.294,turning,11.243,3.573,100.0,0,30,121,9.725,3.675,62.7,1.521,3.319,0.0,3.984,1.5,0.9
1788442903.355,turning,11.239,3.571,99.8,0,30,121,9.725,3.675,63.2,1.518,3.321,0.0,3.995,1.5,0.9
1788442903.417,turning,11.236,3.57,99.3,0,30,121,9.725,3.675,64.0,1.515,3.322,0.0,4.02,1.5,0.9
1788442903.482,turning,11.236,3.57,99.0,0,30,121,9.725,3.675,64.6,1.515,3.322,0.0,4.034,1.5,0.9
1788442903.538,turning,11.236,3.57,98.5,0,30,121,9.725,3.675,65.4,1.515,3.322,0.0,4.061,1.5,0.9
1788442903.594,turning,11.236,3.57,98.3,0,30,121,9.725,3.675,66.0,1.515,3.322,0.0,4.074,1.5,0.9
1788442903.65,turning,11.236,3.571,97.8,0,30,121,9.725,3.675,66.7,1.515,3.322,0.0,4.098,1.5,0.9
1788442903.701,turning,11.236,3.573,97.6,0,30,121,9.725,3.675,67.2,1.514,3.32,0.0,4.11,1.5,0.9
1788442903.755,turning,11.234,3.582,97.1,0,30,121,9.725,3.675,67.9,1.512,3.31,0.0,4.132,1.5,0.89
1788442903.81,turning,11.234,3.589,96.9,0,30,121,9.725,3.675,68.5,1.511,3.303,0.0,4.144,1.5,0.89
1788442903.865,turning,11.234,3.59,96.3,0,30,121,9.725,3.675,69.4,1.511,3.303,0.0,4.177,1.5,0.88
1788442903.921,turning,11.234,3.59,95.9,0,30,121,9.725,3.675,70.0,1.511,3.303,0.0,4.195,1.5,0.88
1788442903.975,turning,11.226,3.594,95.2,0,30,121,9.725,3.675,71.0,1.503,3.299,0.0,4.234,1.5,0.88
1788442904.031,turning,11.22,3.597,94.8,0,30,121,9.725,3.675,71.7,1.497,3.297,0.0,4.254,1.5,0.88
1788442904.096,turning,11.216,3.599,94.0,0,30,121,9.725,3.675,72.7,1.493,3.296,0.0,4.298,1.5,0.88
1788442904.153,turning,11.216,3.599,93.6,0,30,121,9.725,3.675,73.4,1.493,3.296,0.0,4.32,1.5,0.88
1788442904.213,turning,11.216,3.599,92.7,0,30,121,9.725,3.675,74.5,1.493,3.296,0.0,4.364,1.5,0.88
1788442904.268,turning,11.216,3.599,92.3,0,30,121,9.725,3.675,75.2,1.493,3.296,0.0,4.386,1.5,0.88
1788442904.324,turning,11.216,3.599,91.9,0,30,122,9.725,3.675,75.8,1.493,3.296,0.0,4.406,1.5,0.88
1788442904.378,turning,11.216,3.599,91.2,0,30,122,9.725,3.675,76.8,1.493,3.296,0.0,4.444,1.5,0.88
1788442904.431,turning,11.216,3.599,90.8,0,30,122,9.725,3.675,77.3,1.493,3.296,0.0,4.462,1.5,0.88
1788442904.487,turning,11.216,3.599,90.2,0,30,122,9.725,3.675,78.2,1.493,3.296,0.0,4.496,1.5,0.88
1788442904.487,turning,11.216,3.599,90.2,0,30,122,9.725,3.675,78.4,1.493,3.296,0.0,4.496,1.5,0.88
1788442904.597,turning,11.216,3.599,89.3,0,30,122,9.725,3.675,79.5,1.493,3.296,0.0,4.5,1.5,0.87
1788442904.65,turning,11.216,3.599,89.1,0,30,122,9.725,3.675,80.0,1.493,3.296,0.0,4.5,1.5,0.87
1788442904.706,turning,11.216,3.599,88.6,0,30,122,9.725,3.675,80.7,1.493,3.296,0.0,4.5,1.5,0.87
1788442904.767,turning,11.215,3.597,88.1,0,30,122,9.725,3.675,81.3,1.492,3.297,0.0,4.5,1.5,0.87
1788442904.824,turning,11.214,3.596,87.2,0,30,122,9.725,3.675,82.4,1.491,3.299,0.0,4.5,1.5,0.87
1788442904.889,turning,11.214,3.599,87.0,0,30,122,9.725,3.675,82.8,1.491,3.295,0.0,4.5,1.5,0.87
1788442904.951,turning,11.215,3.612,86.7,0,30,122,9.725,3.675,83.3,1.491,3.283,0.0,4.5,1.5,0.87
1788442905.013,turning,11.215,3.619,86.5,0,30,122,9.725,3.675,83.7,1.491,3.276,0.0,4.5,1.5,0.85
1788442905.071,turning,11.215,3.62,85.9,0,30,122,9.725,3.675,84.5,1.491,3.274,0.0,4.5,1.5,0.85
1788442905.126,turning,11.215,3.62,85.6,0,30,122,9.725,3.675,85.0,1.491,3.274,0.0,4.5,1.5,0.84
1788442905.18,turning,11.215,3.62,84.9,0,30,122,9.725,3.675,85.8,1.491,3.274,0.0,4.5,1.5,0.84
1788442905.238,turning,11.215,3.62,84.6,0,30,122,9.725,3.675,86.3,1.491,3.274,0.0,4.5,1.5,0.84
1788442905.29,turning,11.215,3.62,84.3,0,30,122,9.725,3.675,86.8,1.491,3.274,0.0,4.5,1.5,0.84
1788442905.345,turning,11.215,3.62,83.8,0,30,122,9.728,3.713,87.4,1.491,3.274,0.0,4.5,1.5,0.84
1788442905.398,turning,11.215,3.62,83.5,0,30,122,9.728,3.713,87.8,1.491,3.274,0.0,4.5,1.5,0.84
1788442905.456,turning,11.215,3.62,83.0,0,30,122,9.728,3.713,88.4,1.491,3.274,0.0,4.5,1.5,0.84
1788442905.508,turning,11.215,3.62,82.8,0,30,122,9.728,3.713,88.8,1.491,3.274,0.0,4.5,1.5,0.84
1788442905.563,turning,11.216,3.623,82.4,0,30,122,9.728,3.713,89.4,1.491,3.271,0.0,4.5,1.5,0.84
1788442905.622,turning,11.216,3.628,82.2,0,30,122,9.728,3.713,89.7,1.491,3.267,0.0,4.5,1.5,0.84
1788442905.687,turning,11.209,3.636,81.4,0,30,122,9.728,3.713,90.6,1.484,3.26,0.0,4.5,1.5,0.83
1788442905.75,turning,11.203,3.637,80.9,0,30,122,9.728,3.713,91.2,1.477,3.259,0.0,4.5,1.5,0.83
1788442905.806,turning,11.197,3.639,80.0,1,31,122,9.678,3.716,92.2,1.522,3.258,0.0,4.5,1.5,0.82
1788442905.861,turning,11.197,3.639,79.6,1,31,122,9.678,3.716,92.7,1.522,3.258,0.0,4.5,1.5,0.82
1788442905.915,turning,11.197,3.639,78.9,1,31,122,9.678,3.716,93.5,1.522,3.258,0.0,4.5,1.5,0.82
1788442905.97,turning,11.197,3.639,78.6,1,31,122,9.678,3.716,94.0,1.522,3.258,0.0,4.5,1.5,0.82
1788442906.023,turning,11.197,3.639,78.0,1,31,122,9.678,3.716,94.7,1.522,3.258,0.0,4.5,1.5,0.82
1788442906.077,turning,11.197,3.639,77.7,1,31,122,9.678,3.716,95.1,1.522,3.258,0.0,4.5,1.5,0.82
1788442906.133,turning,11.197,3.639,77.2,1,31,122,9.678,3.716,95.7,1.522,3.258,0.0,4.5,1.5,0.82
1788442906.187,turning,11.197,3.639,76.9,1,31,122,9.678,3.716,96.1,1.522,3.258,0.0,4.5,1.5,0.82
1788442906.24,turning,11.197,3.639,76.7,1,31,122,9.678,3.716,96.4,1.522,3.258,0.0,4.5,1.5,0.82
1788442906.294,turning,11.197,3.639,76.2,1,31,122,9.678,3.716,97.0,1.522,3.258,0.0,4.5,1.5,0.82
1788442906.35,turning,11.197,3.639,76.0,0,30,121,9.678,3.719,97.3,1.522,3.258,0.0,4.5,1.5,0.82
1788442906.409,turning,11.199,3.645,75.6,0,30,121,9.678,3.719,97.8,1.523,3.252,0.0,4.5,1.5,0.82
1788442906.474,turning,11.2,3.651,75.4,0,30,121,9.678,3.719,98.1,1.524,3.246,0.0,4.5,1.5,0.81
1788442906.531,turning,11.201,3.652,74.9,0,30,121,9.678,3.719,98.7,1.524,3.245,0.0,4.5,1.5,0.81
1788442906.592,turning,11.202,3.648,74.8,0,30,121,9.678,3.719,98.9,1.526,3.249,0.0,4.5,1.5,0.8
1788442906.649,turning,11.206,3.637,74.8,0,30,121,9.678,3.719,99.0,1.53,3.259,0.0,4.5,1.5,0.8
1788442906.704,turning,11.207,3.637,74.6,0,30,121,9.678,3.719,99.2,1.531,3.259,0.0,4.5,1.5,0.8
1788442906.762,turning,11.21,3.647,74.4,0,30,121,9.678,3.719,99.5,1.533,3.249,0.0,4.5,1.5,0.8
1788442906.816,turning,11.211,3.653,74.3,0,30,121,9.678,3.719,99.7,1.535,3.242,0.0,4.5,1.5,0.79
1788442906.869,turning,11.214,3.662,73.9,0,30,121,9.678,3.719,100.2,1.537,3.233,0.0,4.5,1.5,0.79
1788442906.927,turning,11.214,3.662,73.7,0,30,121,9.678,3.719,100.5,1.537,3.233,0.0,4.5,1.5,0.77
1788442906.981,turning,11.214,3.662,73.1,0,30,121,9.678,3.719,101.2,1.537,3.233,0.0,4.5,1.5,0.77
1788442907.033,turning,11.214,3.662,72.8,0,30,121,9.678,3.719,101.6,1.537,3.233,0.0,4.5,1.5,0.77
1788442907.087,turning,11.214,3.662,72.2,0,30,121,9.678,3.719,102.3,1.537,3.233,0.0,4.5,1.5,0.77
1788442907.146,turning,11.214,3.662,71.9,0,30,121,9.678,3.719,102.6,1.537,3.233,0.0,4.5,1.5,0.77
1788442907.199,turning,11.214,3.662,71.7,0,30,121,9.678,3.719,103.0,1.537,3.233,0.0,4.5,1.5,0.77
1788442907.263,turning,11.214,3.662,71.2,0,30,121,9.678,3.719,103.5,1.537,3.233,0.0,4.5,1.5,0.77
1788442907.324,turning,11.214,3.662,71.0,0,30,121,9.678,3.719,103.8,1.537,3.233,0.0,4.5,1.5,0.77
1788442907.383,turning,11.215,3.664,70.5,0,30,121,9.678,3.719,104.3,1.538,3.231,0.0,4.5,1.5,0.77
1788442907.437,turning,11.216,3.668,70.3,0,30,121,9.678,3.719,104.6,1.539,3.227,0.0,4.5,1.5,0.77
1788442907.49,turning,11.218,3.674,69.9,0,30,121,9.678,3.719,105.2,1.541,3.22,0.0,4.5,1.5,0.76
1788442907.545,turning,11.218,3.674,69.6,0,30,121,9.678,3.719,105.5,1.541,3.22,0.0,4.5,1.5,0.76
1788442907.598,turning,11.22,3.675,69.1,0,30,121,9.678,3.719,106.1,1.542,3.219,0.0,4.5,1.5,0.75
1788442907.65,turning,11.221,3.676,68.9,0,30,121,9.678,3.719,106.3,1.544,3.218,0.0,4.5,1.5,0.75
1788442907.706,turning,11.222,3.677,68.4,0,30,121,9.678,3.719,106.9,1.545,3.218,0.0,4.5,1.5,0.75
1788442907.76,turning,11.222,3.677,68.1,0,30,121,9.678,3.719,107.3,1.545,3.218,0.0,4.5,1.5,0.75
1788442907.812,turning,11.222,3.677,67.6,0,30,121,9.678,3.719,107.9,1.545,3.218,0.0,4.5,1.5,0.75
1788442907.867,turning,11.222,3.677,67.4,0,30,121,9.678,3.719,108.2,1.545,3.218,0.0,4.5,1.5,0.75
1788442907.922,turning,11.222,3.677,66.9,0,30,121,9.678,3.719,108.7,1.545,3.217,0.0,4.5,1.5,0.75
1788442907.985,turning,11.223,3.679,66.7,0,30,121,9.678,3.719,109.0,1.546,3.215,0.0,4.5,1.5,0.75
1788442908.046,turning,11.225,3.683,66.2,0,30,121,9.678,3.719,109.6,1.547,3.211,0.0,4.5,1.5,0.75
1788442908.106,turning,11.225,3.683,66.0,0,30,121,9.678,3.719,109.9,1.547,3.211,0.0,4.5,1.5,0.75
1788442908.166,turning,11.225,3.683,65.8,0,30,121,9.678,3.719,110.2,1.547,3.211,0.0,4.5,1.5,0.74
1788442908.219,turning,11.225,3.683,65.3,0,30,121,9.678,3.719,110.7,1.547,3.211,0.0,4.5,1.5,0.74
1788442908.276,turning,11.225,3.683,65.0,0,30,121,9.678,3.719,111.0,1.547,3.211,0.0,4.5,1.5,0.74
1788442908.327,turning,11.226,3.686,64.6,0,30,121,9.678,3.719,111.6,1.549,3.208,0.0,4.5,1.5,0.74
1788442908.383,turning,11.228,3.69,64.4,0,30,121,9.678,3.719,111.8,1.55,3.204,0.0,4.5,1.5,0.74
1788442908.436,turning,11.229,3.692,63.9,0,30,121,9.678,3.719,112.4,1.551,3.202,0.0,4.5,1.5,0.74
1788442908.491,turning,11.228,3.689,63.6,0,30,121,9.678,3.719,112.7,1.55,3.204,0.0,4.5,1.5,0.73
1788442908.541,turning,11.225,3.682,63.1,0,30,121,9.678,3.719,113.3,1.548,3.212,0.0,4.5,1.5,0.73
1788442908.596,turning,11.225,3.681,62.9,0,30,121,9.678,3.719,113.6,1.547,3.213,0.0,4.5,1.5,0.73
1788442908.649,turning,11.226,3.684,62.6,0,30,121,9.678,3.719,113.9,1.549,3.21,0.0,4.5,1.5,0.73
1788442908.707,turning,11.228,3.687,62.5,0,30,121,9.678,3.719,114.1,1.55,3.207,0.0,4.5,1.5,0.73
1788442908.764,turning,11.234,3.698,62.3,0,30,121,9.678,3.719,114.4,1.556,3.195,0.0,4.5,1.5,0.73
1788442908.824,turning,11.237,3.704,62.1,0,30,121,9.678,3.719,114.6,1.559,3.188,0.0,4.5,1.5,0.71
1788442908.825,turning,11.237,3.704,62.1,0,30,121,9.678,3.719,114.7,1.559,3.188,0.0,4.5,1.5,0.71
1788442908.941,turning,11.238,3.706,61.2,0,30,121,9.678,3.719,115.6,1.56,3.187,0.0,4.5,1.5,0.7
1788442908.995,turning,11.238,3.706,60.6,0,30,121,9.678,3.719,116.3,1.56,3.187,0.0,4.5,1.5,0.7
1788442909.049,turning,11.238,3.706,60.4,0,30,121,9.678,3.719,116.6,1.56,3.187,0.0,4.5,1.5,0.7
1788442909.101,turning,11.238,3.706,60.1,0,30,121,9.678,3.719,116.9,1.56,3.187,0.0,4.5,1.5,0.7
1788442909.156,turning,11.238,3.706,59.6,0,30,121,9.678,3.719,117.5,1.56,3.187,0.0,4.5,1.5,0.7
1788442909.208,turning,11.238,3.706,59.4,0,30,121,9.678,3.719,117.8,1.56,3.187,0.0,4.5,1.5,0.7
1788442909.262,turning,11.239,3.709,59.0,0,30,121,9.678,3.719,118.2,1.562,3.184,0.0,4.5,1.5,0.7
1788442909.315,turning,11.242,3.712,58.8,0,30,121,9.678,3.719,118.5,1.564,3.18,0.0,4.5,1.5,0.7
1788442909.368,turning,11.248,3.723,58.4,0,30,121,9.678,3.719,119.0,1.57,3.169,0.0,4.5,1.5,0.69
1788442909.42,turning,11.252,3.729,58.2,0,30,121,9.678,3.719,119.2,1.574,3.163,0.0,4.5,1.5,0.69
1788442909.475,turning,11.255,3.744,58.3,0,30,121,9.678,3.719,119.2,1.577,3.147,0.0,4.5,1.5,0.77
1788442909.533,turning,11.255,3.753,58.5,0,30,121,9.678,3.719,119.1,1.577,3.138,0.0,4.5,1.5,0.77
1788442909.598,turning,11.259,3.767,58.4,0,30,121,9.678,3.719,119.3,1.582,3.124,0.0,4.5,1.5,0.87
1788442909.657,turning,11.262,3.773,58.2,0,30,121,9.678,3.719,119.6,1.585,3.118,0.0,4.5,1.5,0.87
1788442909.714,turning,11.269,3.784,57.9,0,30,121,9.678,3.719,120.0,1.593,3.106,0.0,4.5,1.5,0.85
1788442909.766,turning,11.273,3.79,57.7,0,30,121,9.678,3.719,120.3,1.597,3.1,0.0,4.5,1.5,0.85
1788442909.819,turning,11.28,3.802,57.5,0,30,121,9.678,3.719,120.7,1.605,3.087,0.0,4.5,1.5,0.83
1788442909.874,turning,11.284,3.807,57.3,0,30,121,9.678,3.719,121.0,1.609,3.081,0.0,4.5,1.5,0.83
1788442909.928,turning,11.291,3.819,57.1,0,30,121,9.678,3.719,121.4,1.617,3.069,0.0,4.5,1.5,0.81
1788442909.979,turning,11.295,3.824,56.9,0,30,121,9.678,3.719,121.6,1.621,3.063,0.0,4.5,1.5,0.81
1788442910.037,turning,11.299,3.83,56.8,0,30,121,9.678,3.719,121.9,1.625,3.057,0.0,4.5,1.5,0.79
1788442910.093,turning,11.306,3.842,56.6,0,30,121,9.678,3.719,122.2,1.633,3.045,0.0,4.5,1.5,0.79
1788442910.149,turning,11.31,3.847,56.5,0,30,121,9.678,3.719,122.5,1.637,3.039,0.0,4.5,1.5,0.77
1788442910.203,turning,11.318,3.859,56.3,0,30,121,9.678,3.719,122.8,1.646,3.027,0.0,4.5,1.5,0.77
1788442910.259,turning,11.321,3.864,56.2,0,30,121,9.678,3.719,123.0,1.65,3.021,0.0,4.5,1.5,0.75
1788442910.32,turning,11.326,3.871,57.2,0,30,121,9.678,3.719,122.2,1.655,3.014,0.0,4.5,1.5,0.75
1788442910.38,turning,11.326,3.871,58.7,0,30,121,9.678,3.719,120.8,1.655,3.014,0.0,4.5,1.5,0.74
1788442910.439,turning,11.326,3.871,61.8,0,30,121,9.678,3.719,117.9,1.655,3.014,0.0,4.5,1.5,0.74
1788442910.496,turning,11.328,3.875,63.2,0,30,121,9.678,3.719,116.7,1.658,3.01,0.0,4.5,1.5,0.74
1788442910.553,turning,11.335,3.886,65.6,0,30,121,9.678,3.719,114.4,1.665,2.999,0.0,4.5,1.5,0.74
1788442910.606,turning,11.335,3.887,66.8,0,30,121,9.678,3.719,113.3,1.666,2.997,0.0,4.5,1.5,0.74
1788442910.66,turning,11.335,3.887,68.8,0,30,121,9.678,3.719,111.4,1.666,2.997,0.0,4.5,1.5,0.74
1788442910.713,turning,11.335,3.887,69.8,0,30,121,9.678,3.719,110.6,1.666,2.997,0.0,4.5,1.5,0.61
1788442910.769,turning,11.335,3.887,71.6,0,30,121,9.678,3.719,108.9,1.666,2.997,0.0,4.5,1.5,0.61
1788442910.822,turning,11.335,3.887,72.6,0,30,121,9.678,3.719,108.1,1.666,2.997,0.0,4.5,1.5,0.57
1788442910.877,turning,11.335,3.887,74.4,0,30,121,9.678,3.719,106.3,1.666,2.997,0.0,4.5,1.5,0.57
1788442910.932,turning,11.335,3.887,75.4,0,30,121,9.678,3.719,105.5,1.666,2.997,0.0,4.5,1.5,0.57
1788442910.983,turning,11.335,3.887,76.3,0,30,121,9.678,3.719,104.7,1.666,2.997,0.0,4.5,1.5,0.57
1788442911.042,turning,11.333,3.885,78.1,0,30,121,9.678,3.719,103.1,1.663,3.0,0.0,4.5,1.5,0.57
1788442911.106,turning,11.33,3.882,78.9,0,30,121,9.678,3.719,102.3,1.66,3.003,0.0,4.5,1.5,0.57
1788442911.174,turning,11.327,3.88,80.7,0,30,121,9.678,3.719,100.7,1.657,3.005,0.0,4.5,1.5,0.57
1788442911.237,turning,11.327,3.88,81.6,0,30,121,9.678,3.719,99.8,1.657,3.005,0.0,4.5,1.5,0.57
1788442911.293,turning,11.323,3.873,83.6,0,30,121,9.678,3.719,98.0,1.653,3.012,0.0,4.5,1.5,0.57
1788442911.346,turning,11.32,3.868,84.6,0,30,121,9.678,3.719,97.1,1.648,3.018,0.0,4.5,1.5,0.57
1788442911.398,turning,11.317,3.863,86.5,0,30,121,9.678,3.719,95.2,1.645,3.023,0.0,4.5,1.5,0.57
1788442911.451,turning,11.317,3.863,87.5,0,30,121,9.678,3.719,94.4,1.645,3.023,0.0,4.5,1.5,0.57
1788442911.51,turning,11.317,3.863,88.5,0,30,121,9.678,3.719,93.4,1.645,3.023,0.0,4.5,1.5,0.57
1788442911.562,turning,11.317,3.863,88.5,0,30,121,9.678,3.719,93.5,1.645,3.023,0.0,4.5,1.5,0.57
1788442911.613,turning,11.319,3.862,88.2,0,30,121,9.678,3.719,93.9,1.647,3.024,0.0,4.5,1.5,0.57
1788442911.667,turning,11.32,3.861,88.0,0,30,121,9.678,3.719,94.2,1.648,3.025,0.0,4.5,1.5,0.57
1788442911.723,turning,11.32,3.855,87.8,0,30,121,9.678,3.719,94.4,1.648,3.031,0.0,4.5,1.5,0.57
1788442911.778,turning,11.32,3.846,87.8,0,30,121,9.678,3.719,94.4,1.647,3.04,0.0,4.5,1.5,0.57
1788442911.84,turning,11.319,3.829,87.8,0,30,121,9.678,3.719,94.5,1.645,3.057,0.0,4.5,1.5,0.59
1788442911.899,turning,11.319,3.821,87.8,0,30,121,9.678,3.719,94.5,1.644,3.065,0.0,4.5,1.5,0.59
1788442911.962,turning,11.316,3.81,88.0,0,30,121,9.678,3.719,94.3,1.641,3.076,0.0,4.5,1.5,0.61
1788442912.021,turning,11.302,3.783,89.0,0,30,121,9.678,3.719,93.3,1.625,3.104,0.0,4.5,1.5,0.61
1788442912.076,turning,11.298,3.772,89.2,0,30,121,9.678,3.719,93.1,1.621,3.115,0.0,4.5,1.5,0.63
1788442912.134,turning,11.298,3.755,89.2,0,30,121,9.678,3.719,93.1,1.62,3.132,0.0,4.5,1.5,0.63
1788442912.19,turning,11.298,3.747,89.2,0,30,121,9.678,3.719,93.0,1.62,3.141,0.0,4.5,1.5,0.66
1788442912.243,turning,11.297,3.73,89.2,0,30,121,9.678,3.719,93.0,1.619,3.158,0.0,4.5,1.5,0.66
1788442912.298,turning,11.297,3.721,89.2,0,30,121,9.678,3.719,92.9,1.619,3.166,0.0,4.5,1.5,0.68
1788442912.352,turning,11.297,3.704,89.2,0,30,121,9.678,3.719,92.9,1.619,3.183,0.0,4.5,1.5,0.68
1788442912.403,turning,11.297,3.696,89.2,0,30,121,9.678,3.719,92.8,1.619,3.191,0.0,4.5,1.5,0.7
1788442912.457,turning,11.297,3.679,89.2,0,30,121,9.678,3.719,92.7,1.619,3.208,0.0,4.5,1.5,0.7
1788442912.512,turning,11.297,3.67,89.2,0,30,121,9.678,3.719,92.6,1.619,3.217,0.0,4.5,1.5,0.73
1788442912.573,turning,11.296,3.653,89.2,0,30,121,9.678,3.719,92.5,1.62,3.234,0.0,4.5,1.5,0.73
1788442912.633,turning,11.296,3.645,89.2,0,30,121,9.678,3.719,92.4,1.62,3.242,0.0,4.5,1.5,0.75
1788442912.693,turning,11.296,3.628,89.2,0,30,121,9.678,3.719,92.3,1.621,3.259,0.0,4.5,1.5,0.75
1788442912.756,turning,11.301,3.616,88.8,0,30,121,9.678,3.719,92.6,1.626,3.271,0.0,4.5,1.5,0.78
1788442912.809,turning,11.31,3.59,87.8,0,30,121,9.678,3.719,93.5,1.637,3.295,0.0,4.5,1.5,0.78
1788442912.865,turning,11.31,3.582,87.8,0,30,121,9.678,3.719,93.3,1.637,3.304,0.0,4.5,1.5,0.8
1788442912.919,turning,11.309,3.573,87.8,0,30,121,9.678,3.719,93.2,1.638,3.312,0.0,4.5,1.5,0.8
1788442912.973,turning,11.309,3.556,87.8,0,30,121,9.678,3.719,93.0,1.639,3.329,0.0,4.5,1.5,0.83
1788442913.026,turning,11.308,3.548,87.8,0,30,121,9.678,3.719,92.9,1.639,3.338,0.0,4.5,1.5,0.83
1788442913.081,turning,11.308,3.534,87.8,0,30,121,9.678,3.719,92.7,1.64,3.352,0.0,4.5,1.5,0.85
1788442913.133,turning,11.308,3.529,87.8,0,30,121,9.678,3.719,92.5,1.641,3.356,0.0,4.5,1.5,0.85
1788442913.188,turning,11.307,3.526,87.8,0,30,121,9.678,3.719,92.3,1.641,3.36,0.0,4.5,1.5,0.86
1788442913.239,turning,11.307,3.527,87.8,0,30,121,9.678,3.719,92.2,1.641,3.359,0.0,4.5,1.5,0.86
1788442913.293,turning,11.3,3.532,87.6,0,30,121,9.678,3.719,92.2,1.633,3.354,0.0,4.5,1.5,0.86
1788442913.347,turning,11.293,3.538,87.5,0,30,121,9.678,3.719,92.1,1.626,3.349,0.0,4.5,1.5,0.86
1788442913.408,turning,11.289,3.551,87.4,0,30,121,9.678,3.719,92.1,1.62,3.337,0.0,4.5,1.5,0.85
1788442913.472,turning,11.289,3.557,87.4,0,30,121,9.678,3.719,92.0,1.619,3.33,0.0,4.5,1.5,0.85
1788442913.534,turning,11.29,3.571,87.4,0,30,121,9.678,3.719,91.9,1.619,3.316,0.0,4.5,1.5,0.83
1788442913.594,turning,11.29,3.578,87.4,0,30,121,9.678,3.719,91.8,1.618,3.309,0.0,4.5,1.5,0.83
1788442913.648,turning,11.291,3.591,87.4,0,30,121,9.678,3.719,91.7,1.618,3.296,0.0,4.5,1.5,0.81
1788442913.699,turning,11.291,3.598,87.4,0,30,121,9.678,3.719,91.6,1.618,3.289,0.0,4.5,1.5,0.81
1788442913.756,turning,11.292,3.612,87.4,0,30,121,9.678,3.719,91.5,1.617,3.276,0.0,4.5,1.5,0.79
1788442913.807,turning,11.292,3.619,87.4,0,30,121,9.678,3.719,91.5,1.617,3.269,0.0,4.5,1.5,0.79
1788442913.86,turning,11.292,3.625,87.4,0,30,121,9.678,3.719,91.4,1.617,3.262,0.0,4.5,1.5,0.77
1788442913.911,turning,11.293,3.639,87.4,0,30,121,9.678,3.719,91.4,1.617,3.248,0.0,4.5,1.5,0.77
1788442913.966,turning,11.293,3.646,87.4,0,30,121,9.678,3.719,91.3,1.617,3.242,0.0,4.5,1.5,0.75
1788442914.02,turning,11.294,3.655,87.0,0,30,121,9.678,3.719,91.6,1.617,3.233,0.0,4.5,1.5,0.75
1788442914.075,turning,11.294,3.655,86.8,0,30,121,9.678,3.719,91.9,1.617,3.233,0.0,4.5,1.5,0.73
1788442914.129,turning,11.294,3.655,86.1,0,30,121,9.678,3.719,92.6,1.617,3.233,0.0,4.5,1.5,0.73
1788442914.191,turning,11.294,3.655,85.7,0,30,121,9.678,3.719,92.9,1.617,3.233,0.0,4.5,1.5,0.73
1788442914.253,turning,11.294,3.655,85.0,0,30,121,9.678,3.719,93.6,1.617,3.233,0.0,4.5,1.5,0.73
1788442914.315,turning,11.294,3.655,84.7,0,30,121,9.678,3.719,93.9,1.617,3.233,0.0,4.5,1.5,0.73
1788442914.374,turning,11.294,3.655,84.1,0,30,121,9.678,3.719,94.4,1.617,3.233,0.0,4.5,1.5,0.73
1788442914.427,turning,11.294,3.655,83.8,0,30,121,9.678,3.719,94.7,1.617,3.233,0.0,4.5,1.5,0.73
1788442914.481,turning,11.294,3.655,83.3,0,30,121,9.678,3.719,95.2,1.617,3.233,0.0,4.5,1.5,0.73
1788442914.533,turning,11.294,3.655,83.0,0,30,121,9.678,3.719,95.5,1.617,3.233,0.0,4.5,1.5,0.73
1788442914.587,turning,11.294,3.655,82.6,0,30,121,9.678,3.719,95.9,1.617,3.232,0.0,4.5,1.5,0.73
1788442914.64,turning,11.294,3.657,82.3,0,30,121,9.678,3.719,96.1,1.617,3.23,0.0,4.5,1.5,0.73
1788442914.691,turning,11.295,3.662,81.9,0,30,121,9.678,3.719,96.6,1.618,3.225,0.0,4.5,1.5,0.73
1788442914.744,turning,11.295,3.662,81.6,0,30,121,9.678,3.719,96.8,1.618,3.225,0.0,4.5,1.5,0.72
1788442914.796,turning,11.295,3.662,81.4,0,30,121,9.678,3.719,97.1,1.618,3.225,0.0,4.5,1.5,0.72
1788442914.85,turning,11.295,3.662,80.8,0,30,121,9.678,3.719,97.7,1.618,3.225,0.0,4.5,1.5,0.72
1788442914.904,turning,11.295,3.662,80.5,0,30,121,9.678,3.719,97.9,1.618,3.225,0.0,4.5,1.5,0.72
1788442914.964,turning,11.295,3.662,79.9,0,30,121,9.678,3.719,98.5,1.618,3.225,0.0,4.5,1.5,0.72
1788442915.019,turning,11.295,3.662,79.7,0,30,121,9.678,3.719,98.7,1.618,3.225,0.0,4.5,1.5,0.72
1788442915.083,turning,11.295,3.662,79.2,0,30,121,9.678,3.719,99.2,1.618,3.225,0.0,4.5,1.5,0.72
1788442915.141,turning,11.295,3.662,79.0,0,30,121,9.678,3.719,99.4,1.618,3.225,0.0,4.5,1.5,0.72
1788442915.195,turning,11.295,3.665,78.6,0,30,121,9.678,3.719,99.8,1.618,3.222,0.0,4.5,1.5,0.72
1788442915.248,turning,11.296,3.669,78.4,0,30,121,9.678,3.719,100.0,1.619,3.218,0.0,4.5,1.5,0.72
1788442915.299,turning,11.298,3.671,77.3,0,30,121,9.678,3.719,101.0,1.621,3.216,0.0,4.5,1.5,0.71
1788442915.351,turning,11.299,3.671,76.6,0,30,121,9.678,3.719,101.8,1.621,3.216,0.0,4.5,1.5,0.71
1788442915.403,turning,11.299,3.671,75.8,0,30,121,9.678,3.719,102.6,1.622,3.216,0.0,4.5,1.5,0.71
1788442915.456,turning,11.299,3.671,75.5,0,30,121,9.678,3.719,102.8,1.622,3.216,0.0,4.5,1.5,0.71
1788442915.509,turning,11.3,3.674,75.1,0,30,121,9.678,3.719,103.2,1.622,3.213,0.0,4.5,1.5,0.71
1788442915.563,turning,11.301,3.678,74.9,0,30,121,9.678,3.719,103.4,1.623,3.209,0.0,4.5,1.5,0.71
1788442915.618,turning,11.301,3.679,74.6,0,30,121,9.678,3.719,103.7,1.624,3.208,0.0,4.5,1.5,0.7
1788442915.673,turning,11.301,3.679,74.6,0,30,121,9.678,3.719,103.7,1.624,3.208,0.0,4.5,1.5,0.7
1788442915.731,turning,11.301,3.679,74.6,0,30,121,9.678,3.719,103.7,1.624,3.208,0.0,4.5,1.5,0.7
1788442915.788,turning,11.301,3.679,74.6,0,30,121,9.678,3.719,103.7,1.624,3.208,0.0,4.5,1.5,0.7
1788442915.851,turning,11.301,3.679,74.6,0,30,121,9.678,3.719,103.8,1.624,3.208,0.0,4.5,1.5,0.7
1788442915.907,turning,11.301,3.679,74.6,0,30,121,9.678,3.719,103.8,1.624,3.208,0.0,4.5,1.5,0.7
1788442915.957,turning,11.301,3.679,74.6,0,30,121,9.678,3.719,103.8,1.624,3.208,0.0,4.5,1.5,0.7
1788442916.007,turning,11.301,3.679,74.6,0,30,121,9.678,3.719,103.8,1.624,3.208,0.0,4.5,1.5,0.7
1788442916.06,turning,11.301,3.679,74.6,0,30,121,9.678,3.719,103.8,1.624,3.208,0.0,4.5,1.5,0.7
1788442916.112,turning,11.301,3.679,74.6,0,30,121,9.678,3.719,103.8,1.624,3.208,0.0,4.5,1.5,0.7
1788442916.163,turning,11.301,3.679,74.6,0,30,121,9.678,3.719,103.8,1.624,3.208,0.0,4.5,1.5,0.7
1788442916.217,turning,11.301,3.679,77.4,0,30,121,9.678,3.719,101.0,1.624,3.208,0.0,4.5,1.5,0.7
1788442916.272,turning,11.301,3.679,80.7,0,30,121,9.678,3.719,97.7,1.624,3.208,0.0,4.5,1.5,0.7
1788442916.333,turning,11.301,3.679,87.2,0,30,121,9.678,3.719,91.2,1.624,3.208,0.0,4.5,1.5,0.7
1788442916.389,turning,11.301,3.679,90.5,0,30,121,9.678,3.719,87.9,1.624,3.208,0.0,4.479,1.5,0.7
1788442916.439,turning,11.301,3.679,97.0,0,30,121,9.678,3.719,81.4,1.624,3.208,0.0,4.137,1.5,0.7
1788442916.496,turning,11.301,3.679,100.3,0,30,121,9.678,3.719,78.1,1.624,3.208,0.0,3.967,1.5,0.71
1788442916.558,turning,11.301,3.679,105.9,0,30,121,9.678,3.719,72.5,1.624,3.208,0.0,3.674,1.5,0.71
1788442916.614,turning,11.301,3.679,108.6,0,30,121,9.678,3.719,69.9,1.624,3.208,0.0,3.535,1.5,0.71
1788442916.676,turning,11.301,3.679,110.9,0,30,121,9.678,3.719,67.5,1.624,3.208,0.0,3.41,1.5,0.71
1788442916.731,turning,11.301,3.679,115.1,0,30,121,9.678,3.719,63.3,1.624,3.208,0.0,3.19,1.5,0.72
1788442916.784,turning,11.301,3.679,117.1,0,30,121,9.678,3.719,61.3,1.624,3.208,0.0,3.085,1.5,0.72
1788442916.839,turning,11.304,3.688,120.6,0,30,121,9.678,3.719,57.8,1.627,3.199,0.0,2.902,1.5,0.72
1788442916.892,turning,11.307,3.696,122.4,0,30,121,9.678,3.719,56.1,1.63,3.19,0.0,2.812,1.5,0.72
1788442916.945,turning,11.309,3.701,125.2,0,30,121,9.678,3.719,53.4,1.631,3.186,0.0,2.666,1.5,0.72
1788442916.996,turning,11.309,3.698,126.4,0,30,121,9.678,3.719,52.2,1.631,3.188,0.0,2.602,1.5,0.72
1788442917.051,turning,11.312,3.698,128.3,0,30,121,9.678,3.719,50.3,1.634,3.188,0.0,2.502,1.5,0.73
1788442917.103,turning,11.316,3.7,129.1,0,30,121,9.678,3.719,49.5,1.638,3.186,0.0,2.458,1.5,0.73
1788442917.161,turning,11.317,3.707,130.8,0,30,121,9.678,3.719,47.8,1.639,3.178,0.0,2.4,1.5,0.73
1788442917.214,turning,11.317,3.713,131.7,0,30,121,9.678,3.719,46.9,1.639,3.173,0.0,2.4,1.5,0.73
1788442917.274,turning,11.316,3.717,133.4,0,30,121,9.678,3.719,45.2,1.638,3.169,0.0,2.4,1.5,0.73
1788442917.336,turning,11.316,3.717,134.2,0,30,121,9.678,3.719,44.5,1.638,3.169,0.0,2.4,1.5,0.73
1788442917.396,turning,11.316,3.707,136.5,0,30,121,9.678,3.719,42.2,1.638,3.179,0.0,2.4,1.5,0.74
1788442917.456,turning,11.315,3.699,137.8,0,30,121,9.678,3.719,40.9,1.637,3.187,0.0,2.4,1.5,0.74
1788442917.511,turning,11.314,3.695,139.7,0,30,121,9.678,3.719,39.0,1.637,3.191,0.0,2.4,1.5,0.74
1788442917.568,turning,11.314,3.695,140.5,0,30,121,9.678,3.719,38.2,1.637,3.191,0.0,2.4,1.5,0.74
1788442917.621,turning,11.315,3.692,141.3,0,30,121,9.678,3.719,37.4,1.637,3.193,0.0,2.4,1.5,0.74
1788442917.676,turning,11.317,3.683,142.9,0,30,121,9.678,3.719,35.8,1.64,3.202,0.0,2.4,1.5,0.74
1788442917.731,turning,11.318,3.681,143.7,0,30,121,9.678,3.719,35.0,1.64,3.204,0.0,2.4,1.5,0.75
1788442917.784,turning,11.318,3.681,145.4,0,30,121,9.678,3.719,33.4,1.64,3.204,0.0,2.4,1.5,0.75
1788442917.84,turning,11.318,3.681,146.2,0,30,121,9.678,3.719,32.6,1.64,3.204,0.0,2.4,1.5,0.76
1788442917.895,turning,11.318,3.681,147.8,0,30,121,9.678,3.719,30.9,1.64,3.204,0.0,2.4,1.5,0.76
1788442917.949,turning,11.315,3.69,148.8,0,30,121,9.678,3.719,29.9,1.637,3.196,0.0,2.4,1.5,0.77
1788442918.004,turning,11.303,3.716,151.0,0,30,121,9.678,3.719,27.7,1.625,3.17,0.0,2.4,1.5,0.77
1788442918.064,turning,11.301,3.72,151.9,0,30,121,9.678,3.719,26.9,1.623,3.167,0.0,2.4,1.5,0.79
1788442918.124,turning,11.301,3.72,153.6,0,30,121,9.678,3.719,25.3,1.623,3.167,0.0,2.4,1.5,0.79
1788442918.183,turning,11.301,3.72,154.4,0,30,121,9.678,3.719,24.5,1.623,3.167,0.0,2.4,1.5,0.81
1788442918.241,turning,11.301,3.72,156.0,0,30,121,9.678,3.719,22.9,1.623,3.167,0.0,2.4,1.5,0.81
1788442918.294,turning,11.301,3.718,156.5,0,30,121,9.678,3.719,22.4,1.623,3.169,0.0,2.4,1.5,0.83
1788442918.346,turning,11.297,3.711,157.2,0,30,121,9.678,3.719,21.7,1.619,3.176,0.0,2.4,1.5,0.83
1788442918.401,turning,11.297,3.711,158.0,0,30,121,9.678,3.719,21.0,1.619,3.177,0.0,2.4,1.5,0.85
1788442918.453,turning,11.297,3.711,159.6,0,30,121,9.678,3.719,19.3,1.619,3.177,0.0,2.4,1.5,0.85
1788442918.505,turning,11.297,3.711,160.5,0,30,121,9.678,3.719,18.5,1.619,3.177,0.0,2.4,1.5,0.87
1788442918.558,turning,11.297,3.711,161.3,0,30,121,9.678,3.719,17.7,1.619,3.177,0.0,2.4,1.5,0.87
1788442918.612,turning,11.3,3.709,162.9,0,30,121,9.678,3.719,16.2,1.622,3.177,0.0,2.4,1.5,0.9
1788442918.667,turning,11.304,3.708,163.7,0,30,121,9.678,3.719,15.4,1.626,3.178,0.0,2.4,1.5,0.9
1788442918.718,turning,11.307,3.707,163.4,0,30,121,9.678,3.719,15.7,1.629,3.179,0.0,2.4,1.5,0.93
1788442918.77,turning,11.307,3.707,161.8,0,30,121,9.678,3.719,17.3,1.629,3.179,0.0,2.4,1.5,0.93
1788442918.824,turning,11.307,3.707,158.6,0,30,121,9.678,3.719,20.5,1.629,3.179,0.0,2.4,1.5,0.9
1788442918.886,turning,11.307,3.707,157.0,0,30,121,9.678,3.719,22.1,1.629,3.179,0.0,2.4,1.5,0.9
1788442918.947,turning,11.303,3.714,153.7,0,30,121,9.678,3.719,25.5,1.625,3.173,0.0,2.4,1.5,0.86
1788442919.008,turning,11.299,3.72,151.9,0,30,121,9.678,3.719,27.2,1.621,3.168,0.0,2.4,1.5,0.86
1788442919.064,turning,11.296,3.724,148.7,0,30,121,9.678,3.719,30.5,1.618,3.163,0.0,2.4,1.5,0.84
1788442919.117,turning,11.296,3.724,147.1,0,30,121,9.678,3.719,32.1,1.618,3.163,0.0,2.4,1.5,0.84
1788442919.172,turning,11.296,3.724,143.9,0,30,121,9.678,3.719,35.4,1.618,3.163,0.0,2.4,1.5,0.82
1788442919.222,turning,11.296,3.724,142.3,0,30,121,9.678,3.719,37.0,1.618,3.163,0.0,2.4,1.5,0.82
1788442919.277,turning,11.296,3.724,139.1,0,30,121,9.678,3.719,40.2,1.618,3.163,0.0,2.4,1.5,0.8
1788442919.33,turning,11.296,3.724,137.5,0,30,121,9.678,3.719,41.8,1.618,3.163,0.0,2.4,1.5,0.8
1788442919.384,turning,11.296,3.724,134.3,0,30,121,9.678,3.719,45.0,1.618,3.163,0.0,2.4,1.5,0.79
1788442919.437,turning,11.296,3.724,132.7,0,30,121,9.678,3.719,46.6,1.618,3.163,0.0,2.4,1.5,0.79
1788442919.49,turning,11.295,3.725,131.0,0,30,121,9.678,3.719,48.4,1.617,3.162,0.0,2.4,1.5,0.79
1788442919.544,turning,11.294,3.73,127.3,0,30,121,9.678,3.719,52.1,1.616,3.157,0.0,2.553,1.5,0.79
1788442919.601,turning,11.294,3.732,125.6,0,30,121,9.678,3.719,53.8,1.616,3.156,0.0,2.643,1.5,0.8
1788442919.663,turning,11.294,3.732,122.4,0,30,121,9.678,3.719,57.0,1.616,3.156,0.0,2.81,1.5,0.8
1788442919.724,turning,11.29,3.73,120.8,0,30,121,9.678,3.719,58.7,1.612,3.158,0.0,2.894,1.5,0.79
1788442919.784,turning,11.276,3.725,117.6,0,30,121,9.678,3.719,61.9,1.598,3.164,0.0,3.063,1.5,0.79
1788442919.842,turning,11.274,3.725,116.0,0,30,121,9.678,3.719,63.5,1.596,3.165,0.0,3.146,1.5,0.8
1788442919.895,turning,11.274,3.725,112.8,0,30,121,9.678,3.719,66.7,1.596,3.165,0.0,3.313,1.5,0.8
1788442919.95,turning,11.261,3.718,111.3,0,30,121,9.678,3.719,68.2,1.583,3.173,0.0,3.39,1.5,0.79
1788442920.002,turning,11.226,3.699,108.5,0,30,121,9.678,3.719,71.0,1.548,3.195,0.0,3.538,1.5,0.79
1788442920.058,turning,11.222,3.696,106.9,0,30,121,9.678,3.719,72.6,1.544,3.198,0.0,3.619,1.5,0.79
1788442920.109,turning,11.222,3.696,103.8,0,30,121,9.678,3.719,75.8,1.544,3.198,0.0,3.786,1.5,0.79
1788442920.165,turning,11.217,3.694,102.3,0,30,121,9.678,3.719,77.2,1.54,3.201,0.0,3.864,1.5,0.79
1788442920.218,turning,11.207,3.687,99.4,0,30,121,9.678,3.719,80.1,1.529,3.209,0.0,4.015,1.5,0.79
1788442920.273,turning,11.206,3.687,97.8,0,30,121,9.678,3.719,81.7,1.529,3.209,0.0,4.098,1.5,0.79
1788442920.326,turning,11.206,3.687,94.7,0,30,121,9.678,3.719,84.8,1.529,3.209,0.0,4.263,1.5,0.79
1788442920.383,turning,11.207,3.688,93.2,0,30,121,9.678,3.719,86.2,1.53,3.208,0.0,4.339,1.5,0.79
1788442920.441,turning,11.208,3.689,91.9,0,30,121,9.678,3.719,87.6,1.531,3.207,0.0,4.41,1.5,0.79
1788442920.501,turning,11.21,3.691,89.2,0,30,121,9.678,3.719,90.2,1.532,3.205,0.0,4.5,1.5,0.79
1788442920.558,turning,11.21,3.691,87.8,0,30,121,9.678,3.719,91.6,1.532,3.205,0.0,4.5,1.5,0.79
1788442920.616,turning,11.211,3.684,85.4,0,30,121,9.678,3.719,94.0,1.533,3.212,0.0,4.5,1.5,0.78
1788442920.668,turning,11.212,3.678,84.1,0,30,121,9.678,3.719,95.2,1.534,3.218,0.0,4.5,1.5,0.78
1788442920.723,turning,11.213,3.672,82.1,0,30,121,9.678,3.719,97.2,1.535,3.223,0.0,4.5,1.5,0.78
1788442920.775,turning,11.213,3.672,81.2,0,30,121,9.678,3.719,98.1,1.535,3.223,0.0,4.5,1.5,0.78
1788442920.829,turning,11.212,3.681,80.3,0,30,121,9.678,3.719,99.0,1.534,3.215,0.0,4.5,1.5,0.78
1788442920.881,turning,11.21,3.688,80.1,0,30,121,9.678,3.719,99.1,1.532,3.208,0.0,4.5,1.5,0.78
1788442920.939,turning,11.208,3.693,78.9,0,30,121,9.678,3.719,100.3,1.53,3.203,0.0,4.5,1.5,0.77
1788442920.994,turning,11.208,3.693,78.1,0,30,121,9.678,3.719,101.2,1.53,3.203,0.0,4.5,1.5,0.77
1788442921.049,turning,11.205,3.696,76.4,0,30,121,9.678,3.719,102.9,1.528,3.2,0.0,4.5,1.5,0.77
1788442921.101,turning,11.203,3.698,75.5,0,30,121,9.678,3.719,103.7,1.525,3.198,0.0,4.5,1.5,0.77
1788442921.16,turning,11.202,3.7,73.9,0,30,121,9.678,3.719,105.4,1.524,3.197,0.0,4.5,1.5,0.77
1788442921.217,turning,11.202,3.7,73.1,0,30,121,9.678,3.719,106.2,1.524,3.197,0.0,4.5,1.5,0.77
1788442921.281,turning,11.191,3.699,71.7,0,30,121,9.678,3.719,107.5,1.513,3.199,0.0,4.5,1.5,0.77
1788442921.34,turning,11.184,3.699,71.1,0,30,121,9.678,3.719,108.2,1.506,3.2,0.0,4.5,1.5,0.77
1788442921.399,turning,11.18,3.699,70.5,0,30,121,9.678,3.719,108.8,1.502,3.201,0.0,4.5,1.5,0.76
1788442921.453,turning,11.18,3.699,69.2,0,30,121,9.678,3.719,110.1,1.502,3.201,0.0,4.5,1.5,0.76
1788442921.508,turning,11.18,3.699,68.6,0,30,121,9.678,3.719,110.7,1.502,3.201,0.0,4.5,1.5,0.76
1788442921.563,turning,11.18,3.699,67.4,0,30,121,9.678,3.719,111.8,1.502,3.201,0.0,4.5,1.5,0.76
1788442921.618,turning,11.176,3.699,66.9,0,30,121,9.678,3.719,112.3,1.498,3.201,0.0,4.5,1.5,0.76
1788442921.672,turning,11.163,3.699,66.1,0,30,121,9.678,3.719,113.2,1.485,3.203,0.0,4.5,1.5,0.76
1788442921.724,turning,11.161,3.699,65.6,0,30,121,9.678,3.719,113.6,1.483,3.203,0.0,4.5,1.5,0.75
1788442921.778,turning,11.161,3.699,64.7,0,30,121,9.678,3.719,114.5,1.483,3.203,0.0,4.5,1.5,0.75
1788442921.829,turning,11.161,3.699,64.3,0,30,121,9.678,3.719,115.0,1.483,3.203,0.0,4.5,1.5,0.75
1788442921.88,turning,11.161,3.699,63.5,0,30,121,9.678,3.719,115.8,1.483,3.203,0.0,4.5,1.5,0.75
1788442921.938,turning,11.16,3.696,63.1,0,30,121,9.678,3.719,116.1,1.483,3.206,0.0,4.5,1.5,0.75
1788442921.995,turning,11.158,3.688,62.4,0,30,121,9.678,3.719,116.8,1.481,3.214,0.0,4.5,1.5,0.75
1788442922.059,turning,11.158,3.687,62.1,0,30,121,9.678,3.719,117.1,1.481,3.215,0.0,4.5,1.5,0.75
1788442922.117,turning,11.16,3.69,61.7,0,30,121,9.678,3.719,117.6,1.482,3.212,0.0,4.5,1.5,0.75
1788442922.174,turning,11.161,3.694,61.5,0,30,121,9.678,3.719,117.8,1.484,3.208,0.0,4.5,1.5,0.74
1788442922.228,turning,11.168,3.705,61.1,0,30,121,9.678,3.719,118.2,1.49,3.197,0.0,4.5,1.5,0.74
1788442922.282,turning,11.171,3.71,60.8,0,30,121,9.678,3.719,118.4,1.493,3.19,0.0,4.5,1.5,0.73
1788442922.337,turning,11.172,3.712,60.6,0,30,121,9.678,3.719,118.7,1.494,3.189,0.0,4.5,1.5,0.73
1788442922.39,turning,11.172,3.712,60.1,0,30,121,9.678,3.719,119.2,1.494,3.189,0.0,4.5,1.5,0.72
1788442922.442,turning,11.172,3.712,59.8,0,30,121,9.678,3.719,119.5,1.494,3.189,0.0,4.5,1.5,0.72
1788442922.494,turning,11.166,3.71,59.4,0,30,121,9.678,3.719,119.9,1.488,3.191,0.0,4.5,1.5,0.72
1788442922.545,turning,11.161,3.71,59.2,0,30,121,9.678,3.719,120.1,1.483,3.192,0.0,4.5,1.5,0.72
1788442922.597,turning,11.161,3.717,58.9,0,30,121,9.678,3.719,120.4,1.483,3.185,0.0,4.5,1.5,0.71
1788442922.649,turning,11.165,3.722,58.7,0,30,121,9.678,3.719,120.7,1.487,3.179,0.0,4.5,1.5,0.71
1788442922.704,turning,11.172,3.734,58.3,0,30,121,9.678,3.719,121.1,1.494,3.167,0.0,4.5,1.5,0.69
1788442922.768,turning,11.175,3.74,58.1,0,30,121,9.678,3.719,121.3,1.498,3.161,0.0,4.5,1.5,0.69
1788442922.832,turning,11.183,3.751,57.8,0,30,121,9.678,3.719,121.6,1.505,3.148,0.0,4.5,1.5,0.68
1788442922.892,turning,11.186,3.757,57.7,0,30,121,9.678,3.719,121.8,1.509,3.142,0.0,4.5,1.5,0.68
1788442922.953,turning,11.193,3.768,57.4,0,30,121,9.678,3.719,122.2,1.516,3.13,0.0,4.5,1.5,0.66
1788442923.004,turning,11.197,3.774,57.2,0,30,121,9.678,3.719,122.4,1.52,3.124,0.0,4.5,1.5,0.66
1788442923.061,turning,11.205,3.786,57.0,0,30,121,9.678,3.719,122.7,1.528,3.111,0.0,4.5,1.5,0.64
1788442923.111,turning,11.208,3.791,56.9,0,30,121,9.678,3.719,122.9,1.532,3.105,0.0,4.5,1.5,0.64
1788442923.167,turning,11.216,3.803,56.6,0,30,121,9.678,3.719,123.2,1.54,3.093,0.0,4.5,1.5,0.63
1788442923.22,turning,11.219,3.808,56.5,0,30,121,9.678,3.719,123.4,1.544,3.087,0.0,4.5,1.5,0.63
1788442923.274,turning,11.223,3.814,56.4,0,30,121,9.678,3.719,123.6,1.548,3.081,0.0,4.5,1.5,0.78
1788442923.326,turning,11.231,3.825,56.3,0,30,121,9.678,3.719,123.9,1.556,3.069,0.0,4.5,1.5,0.78
1788442923.381,turning,11.235,3.831,56.2,0,30,121,9.678,3.719,124.1,1.561,3.063,0.0,4.5,1.5,0.86
1788442923.437,turning,11.242,3.842,56.0,0,30,121,9.678,3.719,124.3,1.569,3.051,0.0,4.5,1.5,0.86
1788442923.496,turning,11.246,3.848,55.9,0,30,122,9.726,3.764,124.5,1.523,3.045,0.0,4.5,1.5,0.84
1788442923.559,turning,11.254,3.859,55.8,0,30,122,9.726,3.764,124.7,1.531,3.033,0.0,4.5,1.5,0.84
1788442923.617,turning,11.256,3.869,55.6,0,30,122,9.726,3.764,124.9,1.534,3.023,0.0,4.5,1.5,0.82
1788442923.678,turning,11.26,3.894,55.2,0,30,122,9.726,3.764,125.5,1.54,2.997,0.0,4.5,1.5,0.82
1788442923.737,turning,11.264,3.902,55.1,0,30,122,9.726,3.764,125.7,1.544,2.989,0.0,4.5,1.5,0.81
1788442923.789,turning,11.271,3.913,55.0,0,30,122,9.726,3.764,125.9,1.553,2.977,0.0,4.5,1.5,0.81
1788442923.844,turning,11.275,3.919,55.0,0,30,122,9.726,3.764,126.0,1.557,2.971,0.0,4.5,1.5,0.78
1788442923.9,turning,11.283,3.93,54.9,0,30,122,9.726,3.764,126.2,1.566,2.96,0.0,4.5,1.5,0.78
1788442923.958,turning,11.287,3.935,54.9,0,30,122,9.726,3.764,126.4,1.571,2.954,0.0,4.5,1.5,0.76
1788442924.01,turning,11.295,3.947,54.8,0,30,122,9.726,3.764,126.6,1.58,2.942,0.0,4.5,1.5,0.76
1788442924.066,turning,11.299,3.952,54.8,0,30,122,9.726,3.764,126.8,1.584,2.936,0.0,4.5,1.5,0.74
1788442924.119,turning,11.307,3.963,54.7,0,30,122,9.726,3.764,126.9,1.594,2.924,0.0,4.5,1.5,0.74
1788442924.175,turning,11.311,3.969,54.7,0,30,122,9.726,3.764,127.1,1.598,2.918,0.0,4.5,1.5,0.73
1788442924.227,turning,11.314,3.974,54.7,0,30,122,9.726,3.764,127.3,1.603,2.912,0.0,4.5,1.5,0.73
1788442924.286,turning,11.319,3.989,54.8,0,30,122,9.726,3.764,127.3,1.609,2.897,0.0,4.5,1.5,0.7
1788442924.347,turning,11.318,3.998,55.0,0,30,122,9.726,3.764,127.2,1.61,2.889,0.0,4.5,1.5,0.7
1788442924.405,turning,11.322,4.012,55.2,0,30,122,9.726,3.764,127.3,1.616,2.874,0.0,4.5,1.5,0.69
1788442924.468,turning,11.326,4.018,55.1,0,11,125,10.875,3.766,128.9,0.516,2.868,0.0,4.5,0.6,0.69
1788442924.522,turning,11.327,4.019,57.8,0,11,125,10.875,3.766,127.8,0.518,2.867,0.0,4.5,0.6,0.67
1788442924.576,turning,11.327,4.019,59.3,0,11,125,10.875,3.766,127.7,0.518,2.867,0.0,4.5,0.6,0.67
1788442924.629,turning,11.327,4.019,62.4,0,11,125,10.875,3.766,126.0,0.518,2.867,0.0,4.5,0.6,0.67
1788442924.682,turning,11.327,4.019,63.9,0,11,125,10.875,3.766,125.7,0.518,2.867,0.0,4.5,0.6,0.67
1788442924.735,turning,11.327,4.019,66.5,0,11,125,10.875,3.766,124.3,0.518,2.867,0.0,4.5,0.6,0.67
1788442924.786,turning,11.327,4.019,67.7,0,11,125,10.875,3.766,124.2,0.518,2.867,0.0,4.5,0.6,0.67
1788442924.84,turning,11.327,4.019,69.7,0,11,125,10.875,3.766,123.3,0.518,2.867,0.0,4.5,0.6,0.67
1788442924.893,turning,11.327,4.019,70.6,0,11,125,10.875,3.766,123.3,0.518,2.867,0.0,4.5,0.6,0.67
1788442924.944,turning,11.327,4.019,72.5,0,11,125,10.875,3.766,122.4,0.518,2.867,0.0,4.5,0.6,0.59
1788442924.995,turning,11.327,4.019,73.4,0,11,125,10.875,3.766,122.3,0.518,2.867,0.0,4.5,0.6,0.59
1788442925.065,turning,11.327,4.019,75.3,0,11,125,10.875,3.766,121.3,0.518,2.867,0.0,4.5,0.6,0.52
1788442925.066,turning,11.327,4.019,75.3,0,11,125,10.875,3.766,122.1,0.518,2.867,0.0,4.5,0.6,0.52
1788442925.19,turning,11.326,4.016,77.1,0,11,125,10.875,3.766,120.9,0.516,2.87,0.0,4.5,0.6,0.48
1788442925.249,turning,11.324,4.003,78.9,0,11,125,10.875,3.766,119.8,0.507,2.883,0.0,4.5,0.6,0.48
1788442925.307,turning,11.323,4.0,79.8,0,11,125,10.875,3.766,119.4,0.505,2.886,0.0,4.5,0.6,0.48
1788442925.361,turning,11.322,3.995,81.0,1,12,125,10.825,3.765,118.5,0.548,2.891,0.0,4.5,0.6,0.48
1788442925.416,turning,11.319,3.984,81.1,1,12,125,10.825,3.765,118.7,0.54,2.902,0.0,4.5,0.6,0.48
1788442925.472,turning,11.309,3.961,81.5,1,12,125,10.825,3.765,118.4,0.523,2.926,0.0,4.5,0.6,0.48
1788442925.525,turning,11.307,3.952,81.5,0,11,124,10.775,3.731,118.5,0.576,2.936,0.0,4.5,0.6,0.5
1788442925.579,turning,11.304,3.935,81.5,1,12,124,10.725,3.733,118.5,0.614,2.953,0.0,4.5,0.6,0.5
1788442925.633,turning,11.303,3.926,81.5,1,12,124,10.725,3.733,118.4,0.61,2.961,0.0,4.5,0.6,0.52
1788442925.688,turning,11.301,3.91,81.5,1,12,124,10.725,3.733,118.2,0.602,2.978,0.0,4.5,0.6,0.52
1788442925.744,turning,11.297,3.897,81.3,1,12,124,10.725,3.733,118.2,0.595,2.991,0.0,4.5,0.6,0.54
1788442925.798,turning,11.288,3.869,80.7,1,12,124,10.725,3.733,118.5,0.579,3.02,0.0,4.5,0.6,0.54
1788442925.856,turning,11.286,3.859,80.6,2,32,124,9.726,3.764,118.2,1.563,3.03,0.0,4.5,1.5,0.57
1788442925.919,turning,11.283,3.842,80.6,2,32,124,9.726,3.764,117.8,1.559,3.047,0.0,4.5,1.5,0.57
1788442925.98,turning,11.281,3.834,80.6,2,32,124,9.726,3.764,117.4,1.557,3.055,0.0,4.5,1.5,0.59
1788442926.038,turning,11.279,3.817,80.6,2,32,124,9.726,3.764,117.0,1.554,3.072,0.0,4.5,1.5,0.59
1788442926.093,turning,11.277,3.809,80.6,2,32,124,9.726,3.764,116.6,1.552,3.081,0.0,4.5,1.5,0.61
1788442926.145,turning,11.276,3.801,80.6,2,32,124,9.726,3.764,116.2,1.551,3.089,0.0,4.5,1.5,0.61
1788442926.201,turning,11.273,3.784,80.6,2,32,124,9.726,3.764,115.8,1.548,3.106,0.0,4.5,1.5,0.63
1788442926.256,turning,11.272,3.775,80.6,3,33,124,9.676,3.766,115.4,1.596,3.114,0.0,4.5,1.5,0.63
1788442926.311,turning,11.269,3.761,80.5,3,33,124,9.676,3.766,115.1,1.593,3.129,0.0,4.5,1.5,0.66
1788442926.364,turning,11.267,3.755,80.5,3,33,124,9.676,3.766,114.8,1.592,3.135,0.0,4.5,1.5,0.66
1788442926.418,turning,11.264,3.741,80.4,3,33,124,9.676,3.766,114.4,1.589,3.15,0.0,4.5,1.5,0.68
1788442926.472,turning,11.263,3.732,80.4,3,33,124,9.676,3.766,114.0,1.587,3.158,0.0,4.5,1.5,0.68
1788442926.529,turning,11.26,3.716,80.4,0,30,123,9.776,3.764,113.6,1.485,3.175,0.0,4.5,1.5,0.7
1788442926.585,turning,11.258,3.707,80.4,0,30,123,9.776,3.764,113.2,1.484,3.183,0.0,4.5,1.5,0.7
1788442926.646,turning,11.256,3.691,80.4,0,30,123,9.776,3.764,112.8,1.482,3.2,0.0,4.5,1.5,0.73
1788442926.707,turning,11.255,3.685,80.4,0,30,123,9.776,3.764,112.4,1.481,3.206,0.0,4.5,1.5,0.73
1788442926.768,turning,11.253,3.678,79.0,0,30,123,9.776,3.764,113.4,1.48,3.213,0.0,4.5,1.5,0.75
1788442926.825,turning,11.253,3.677,78.2,0,30,123,9.776,3.764,113.8,1.48,3.214,0.0,4.5,1.5,0.75
1788442926.88,turning,11.245,3.682,76.2,1,31,123,9.726,3.766,115.4,1.522,3.209,0.0,4.5,1.5,0.75
1788442926.934,turning,11.239,3.686,75.1,1,31,123,9.726,3.766,116.2,1.515,3.206,0.0,4.5,1.5,0.75
1788442926.989,turning,11.234,3.688,73.6,1,31,123,9.726,3.766,117.3,1.511,3.205,0.0,4.5,1.5,0.75
1788442927.042,turning,11.234,3.688,73.0,1,31,123,9.726,3.766,117.6,1.511,3.205,0.0,4.5,1.5,0.75
1788442927.096,turning,11.234,3.688,72.4,1,31,123,9.726,3.766,117.9,1.511,3.205,0.0,4.5,1.5,0.75
1788442927.15,turning,11.234,3.688,71.2,1,31,123,9.726,3.766,118.7,1.511,3.205,0.0,4.5,1.5,0.75
1788442927.205,turning,11.234,3.688,70.7,1,31,123,9.726,3.766,118.9,1.511,3.205,0.0,4.5,1.5,0.75
1788442927.259,turning,11.234,3.688,69.7,1,31,123,9.726,3.766,119.6,1.511,3.205,0.0,4.5,1.5,0.75
1788442927.311,turning,11.234,3.688,69.2,1,31,123,9.726,3.766,119.8,1.511,3.205,0.0,4.5,1.5,0.74
1788442927.368,turning,11.234,3.688,68.3,1,31,123,9.726,3.766,120.4,1.511,3.205,0.0,4.5,1.5,0.74
1788442927.427,turning,11.234,3.688,67.9,1,31,123,9.726,3.766,120.5,1.511,3.205,0.0,4.5,1.5,0.74
1788442927.483,turning,11.234,3.688,67.1,1,31,123,9.726,3.766,121.0,1.511,3.205,0.0,4.5,1.5,0.74
1788442927.546,turning,11.234,3.684,66.7,0,30,123,9.728,3.763,121.2,1.508,3.209,0.0,4.5,1.5,0.75
1788442927.609,turning,11.232,3.673,65.9,0,30,123,9.728,3.763,121.7,1.507,3.221,0.0,4.5,1.5,0.75
1788442927.667,turning,11.231,3.671,65.6,0,30,123,9.728,3.763,121.7,1.507,3.222,0.0,4.5,1.5,0.74
1788442927.719,turning,11.232,3.673,65.4,0,30,123,9.728,3.763,121.7,1.507,3.22,0.0,4.5,1.5,0.74
1788442927.776,turning,11.234,3.677,65.3,0,30,123,9.728,3.763,121.5,1.509,3.216,0.0,4.5,1.5,0.74
1788442927.829,turning,11.239,3.688,65.1,0,30,123,9.728,3.763,121.5,1.513,3.205,0.0,4.5,1.5,0.74
1788442927.885,turning,11.242,3.694,65.0,0,30,123,9.728,3.763,121.4,1.516,3.198,0.0,4.5,1.5,0.73
1788442927.938,turning,11.243,3.695,64.4,0,30,123,9.728,3.763,121.7,1.517,3.197,0.0,4.5,1.5,0.73
1788442927.992,turning,11.243,3.695,64.1,0,30,123,9.728,3.763,121.8,1.517,3.197,0.0,4.5,1.5,0.72
1788442928.045,turning,11.243,3.695,63.8,0,30,123,9.728,3.763,121.9,1.517,3.197,0.0,4.5,1.5,0.72
1788442928.099,turning,11.244,3.691,62.9,0,30,123,9.728,3.763,122.6,1.518,3.201,0.0,4.5,1.5,0.72
1788442928.153,turning,11.245,3.687,62.4,0,30,123,9.728,3.763,122.9,1.52,3.205,0.0,4.5,1.5,0.72
1788442928.21,turning,11.248,3.686,61.8,0,30,123,9.728,3.763,123.3,1.522,3.206,0.0,4.5,1.5,0.72
1788442928.27,turning,11.25,3.69,61.6,0,30,123,9.728,3.763,123.2,1.524,3.202,0.0,4.5,1.5,0.72
1788442928.332,turning,11.256,3.701,61.4,0,30,123,9.728,3.763,123.3,1.53,3.19,0.0,4.5,1.5,0.71
1788442928.391,turning,11.259,3.707,61.3,0,30,123,9.728,3.763,123.3,1.533,3.184,0.0,4.5,1.5,0.71
1788442928.449,turning,11.26,3.708,60.7,0,30,123,9.728,3.763,123.6,1.533,3.183,0.0,4.5,1.5,0.74
1788442928.501,turning,11.26,3.708,60.5,0,30,123,9.728,3.763,123.7,1.533,3.183,0.0,4.5,1.5,0.74
1788442928.557,turning,11.26,3.708,60.0,0,30,123,9.728,3.763,124.1,1.533,3.183,0.0,4.5,1.5,0.79
1788442928.611,turning,11.26,3.708,59.7,0,30,124,9.776,3.764,124.2,1.485,3.183,0.0,4.5,1.5,0.79
1788442928.665,turning,11.261,3.71,59.3,0,30,124,9.776,3.764,124.5,1.487,3.18,0.0,4.5,1.5,0.84
1788442928.715,turning,11.264,3.714,59.1,0,30,124,9.776,3.764,124.6,1.489,3.176,0.0,4.5,1.5,0.84
1788442928.771,turning,11.27,3.725,58.7,0,30,124,9.776,3.764,124.8,1.495,3.165,0.0,4.5,1.5,0.85
1788442928.823,turning,11.274,3.73,58.5,0,30,124,9.776,3.764,124.9,1.498,3.159,0.0,4.5,1.5,0.85
1788442928.88,turning,11.281,3.742,58.1,0,30,124,9.776,3.764,125.1,1.505,3.147,0.0,4.5,1.5,0.84
1788442928.933,turning,11.284,3.748,58.0,0,30,124,9.776,3.764,125.2,1.509,3.141,0.0,4.5,1.5,0.84
1788442928.992,turning,11.288,3.754,57.8,0,30,124,9.776,3.764,125.3,1.512,3.135,0.0,4.5,1.5,0.82
1788442929.055,turning,11.295,3.765,57.5,0,30,124,9.776,3.764,125.5,1.52,3.122,0.0,4.5,1.5,0.82
1788442929.113,turning,11.299,3.771,57.4,0,30,124,9.776,3.764,125.6,1.523,3.116,0.0,4.5,1.5,0.8
1788442929.173,turning,11.306,3.782,57.1,0,30,124,9.776,3.764,125.8,1.531,3.104,0.0,4.5,1.5,0.8
1788442929.227,turning,11.311,3.786,56.9,0,30,124,9.776,3.764,125.9,1.536,3.101,0.0,4.5,1.5,0.78
1788442929.281,turning,11.321,3.789,56.6,0,30,124,9.776,3.764,126.2,1.546,3.096,0.0,4.5,1.5,0.78
1788442929.337,turning,11.326,3.793,56.4,0,30,124,9.776,3.764,126.3,1.55,3.092,0.0,4.5,1.5,0.76
1788442929.39,turning,11.327,3.795,59.0,0,30,124,9.776,3.764,123.7,1.551,3.09,0.0,4.5,1.5,0.76
1788442929.446,turning,11.327,3.795,60.5,0,30,124,9.776,3.764,122.1,1.551,3.09,0.0,4.5,1.5,0.75
1788442929.501,turning,11.327,3.795,63.6,0,30,124,9.776,3.764,119.0,1.551,3.09,0.0,4.5,1.5,0.75
1788442929.555,turning,11.327,3.795,65.1,0,30,124,9.776,3.764,117.5,1.551,3.09,0.0,4.5,1.5,0.75
1788442929.608,turning,11.327,3.795,67.5,0,30,123,9.826,3.736,115.1,1.502,3.09,0.0,4.5,1.5,0.75
1788442929.662,turning,11.327,3.795,68.5,0,30,123,9.826,3.736,114.1,1.502,3.09,0.0,4.5,1.5,0.69
1788442929.713,turning,11.327,3.795,70.4,0,30,123,9.826,3.736,112.2,1.502,3.09,0.0,4.5,1.5,0.69
1788442929.772,turning,11.327,3.795,71.3,0,30,123,9.826,3.736,111.2,1.502,3.09,0.0,4.5,1.5,0.61
1788442929.831,turning,11.327,3.795,73.2,0,30,123,9.826,3.736,109.3,1.502,3.09,0.0,4.5,1.5,0.61
1788442929.831,turning,11.327,3.795,73.2,0,30,123,9.826,3.736,109.3,1.502,3.09,0.0,4.5,1.5,0.61
1788442929.95,turning,11.327,3.795,75.1,0,30,123,9.826,3.736,107.5,1.502,3.09,0.0,4.5,1.5,0.61
1788442930.008,turning,11.327,3.795,76.9,0,30,123,9.826,3.736,105.6,1.502,3.09,0.0,4.5,1.5,0.61
1788442930.065,turning,11.327,3.795,77.9,0,30,123,9.826,3.736,104.6,1.502,3.09,0.0,4.5,1.5,0.61
1788442930.118,turning,11.329,3.818,79.8,0,30,123,9.826,3.736,102.8,1.506,3.067,0.0,4.5,1.5,0.62
1788442930.171,turning,11.332,3.839,80.7,0,30,123,9.826,3.736,101.9,1.51,3.045,0.0,4.5,1.5,0.62
1788442930.224,turning,11.334,3.858,82.6,0,30,123,9.826,3.736,100.0,1.513,3.026,0.0,4.5,1.5,0.61
1788442930.278,turning,11.334,3.858,83.5,0,30,123,9.826,3.736,99.2,1.513,3.026,0.0,4.5,1.5,0.61
1788442930.332,turning,11.334,3.858,85.4,0,30,123,9.826,3.736,97.3,1.513,3.026,0.0,4.5,1.5,0.62
1788442930.386,turning,11.334,3.858,86.3,0,30,123,9.826,3.736,96.4,1.513,3.026,0.0,4.5,1.5,0.62
1788442930.44,turning,11.332,3.86,88.2,0,30,123,9.826,3.736,94.6,1.511,3.025,0.0,4.5,1.5,0.62
1788442930.492,turning,11.33,3.862,89.1,0,30,123,9.826,3.736,93.8,1.51,3.023,0.0,4.5,1.5,0.62
1788442930.551,turning,11.328,3.863,89.3,0,30,123,9.826,3.736,93.6,1.508,3.022,0.0,4.5,1.5,0.62
1788442930.607,turning,11.328,3.863,89.3,0,30,123,9.826,3.736,93.7,1.508,3.022,0.0,4.5,1.5,0.62
1788442930.666,turning,11.328,3.863,89.3,0,30,125,9.826,3.762,93.7,1.506,3.022,0.0,4.5,1.5,0.62
1788442930.727,turning,11.328,3.863,89.3,0,30,125,9.826,3.762,93.7,1.506,3.022,0.0,4.5,1.5,0.62
1788442930.786,turning,11.318,3.835,89.3,0,30,125,9.826,3.762,93.7,1.494,3.051,0.0,4.5,1.5,0.62
1788442930.836,turning,11.311,3.818,89.4,1,31,125,9.776,3.763,93.6,1.536,3.069,0.0,4.5,1.5,0.62
1788442930.892,turning,11.307,3.804,89.4,1,31,125,9.776,3.763,93.6,1.532,3.082,0.0,4.5,1.5,0.64
1788442930.946,turning,11.307,3.787,89.4,1,31,125,9.776,3.763,93.5,1.531,3.099,0.0,4.5,1.5,0.64
1788442931.0,turning,11.307,3.779,89.4,1,31,125,9.776,3.763,93.5,1.531,3.108,0.0,4.5,1.5,0.66
1788442931.051,turning,11.306,3.762,89.4,1,31,125,9.776,3.763,93.4,1.531,3.125,0.0,4.5,1.5,0.66
1788442931.101,turning,11.306,3.753,89.4,1,31,125,9.776,3.763,93.3,1.531,3.133,0.0,4.5,1.5,0.69
1788442931.154,turning,11.306,3.736,89.4,1,31,125,9.776,3.763,93.2,1.531,3.15,0.0,4.5,1.5,0.69
1788442931.209,turning,11.306,3.728,89.4,1,31,125,9.776,3.763,93.1,1.531,3.159,0.0,4.5,1.5,0.71
1788442931.263,turning,11.306,3.711,89.4,1,31,125,9.776,3.763,93.0,1.531,3.176,0.0,4.5,1.5,0.71
1788442931.32,turning,11.306,3.702,89.4,2,32,125,9.726,3.765,92.9,1.581,3.184,0.0,4.5,1.5,0.74
1788442931.382,turning,11.305,3.685,89.4,2,32,125,9.726,3.765,92.8,1.582,3.201,0.0,4.5,1.5,0.74
1788442931.445,turning,11.305,3.677,89.4,2,32,125,9.726,3.765,92.6,1.582,3.21,0.0,4.5,1.5,0.76
1788442931.504,turning,11.305,3.66,89.4,2,32,125,9.726,3.765,92.5,1.583,3.227,0.0,4.5,1.5,0.76
1788442931.559,turning,11.305,3.651,89.4,2,32,125,9.726,3.765,92.3,1.584,3.235,0.0,4.5,1.5,0.78
1788442931.611,turning,11.305,3.634,89.4,2,32,125,9.726,3.765,92.2,1.585,3.252,0.0,4.5,1.5,0.78
1788442931.663,turning,11.307,3.623,89.7,0,30,124,9.83,3.75,91.7,1.483,3.263,0.0,4.5,1.5,0.81
1788442931.714,turning,11.312,3.601,90.5,0,30,124,9.83,3.75,90.8,1.489,3.284,0.0,4.481,1.5,0.81
1788442931.77,turning,11.312,3.593,90.5,0,30,124,9.83,3.75,90.5,1.49,3.293,0.0,4.48,1.5,0.83
1788442931.824,turning,11.312,3.584,90.5,0,30,124,9.83,3.75,90.4,1.491,3.301,0.0,4.48,1.5,0.83
1788442931.878,turning,11.312,3.567,90.5,0,30,124,9.83,3.75,90.2,1.493,3.318,0.0,4.48,1.5,0.86
1788442931.929,turning,11.312,3.559,90.5,0,30,124,9.83,3.75,90.0,1.494,3.327,0.0,4.48,1.5,0.86
1788442931.982,turning,11.312,3.542,90.5,0,30,124,9.83,3.75,89.8,1.497,3.343,0.0,4.48,1.5,0.88
1788442932.033,turning,11.312,3.536,90.5,0,30,124,9.83,3.75,89.6,1.498,3.35,0.0,4.48,1.5,0.88
1788442932.092,turning,11.313,3.528,90.5,0,30,124,9.83,3.75,89.3,1.499,3.358,0.0,4.48,1.5,0.9
1788442932.152,turning,11.313,3.526,90.5,0,30,124,9.83,3.75,89.1,1.499,3.359,0.0,4.48,1.5,0.9
1788442932.215,turning,11.311,3.536,90.2,0,30,124,9.83,3.75,89.2,1.496,3.349,0.0,4.495,1.5,0.91
1788442932.279,turning,11.309,3.546,90.0,0,30,124,9.83,3.75,89.3,1.492,3.34,0.0,4.5,1.5,0.91
1788442932.338,turning,11.307,3.563,89.8,0,30,124,9.83,3.75,89.3,1.489,3.323,0.0,4.5,1.5,0.89
1788442932.39,turning,11.307,3.57,89.8,0,30,124,9.83,3.75,89.1,1.488,3.316,0.0,4.5,1.5,0.89
1788442932.443,turning,11.307,3.583,89.8,0,30,124,9.83,3.75,89.0,1.486,3.303,0.0,4.5,1.5,0.87
1788442932.495,turning,11.307,3.59,89.8,0,30,124,9.83,3.75,88.9,1.486,3.296,0.0,4.5,1.5,0.87
1788442932.549,turning,11.307,3.604,89.8,0,30,124,9.83,3.75,88.8,1.484,3.282,0.0,4.5,1.5,0.86
1788442932.6,turning,11.307,3.611,89.8,0,30,124,9.83,3.75,88.7,1.484,3.275,0.0,4.5,1.5,0.86
1788442932.654,turning,11.307,3.624,89.8,0,30,124,9.83,3.75,88.6,1.483,3.262,0.0,4.5,1.5,0.84
1788442932.71,turning,11.307,3.631,89.8,0,30,122,9.83,3.75,88.5,1.482,3.255,0.0,4.5,1.5,0.84
1788442932.768,turning,11.307,3.638,89.8,0,30,122,9.83,3.75,88.5,1.482,3.248,0.0,4.5,1.5,0.82
1788442932.769,turning,11.307,3.638,89.8,0,30,122,9.83,3.75,88.4,1.482,3.248,0.0,4.5,1.5,0.82
1788442932.879,turning,11.308,3.658,89.7,0,30,122,9.83,3.75,88.5,1.48,3.228,0.0,4.5,1.5,0.8
1788442932.934,turning,11.308,3.66,89.1,0,30,122,9.83,3.75,89.1,1.48,3.226,0.0,4.5,1.5,0.8
1788442932.992,turning,11.308,3.66,88.6,0,30,122,9.83,3.75,89.4,1.48,3.226,0.0,4.5,1.5,0.79
1788442933.052,turning,11.308,3.66,87.8,0,30,122,9.83,3.75,90.3,1.48,3.226,0.0,4.5,1.5,0.79
1788442933.11,turning,11.308,3.66,87.3,0,30,122,9.83,3.75,90.7,1.48,3.226,0.0,4.5,1.5,0.79
1788442933.167,turning,11.308,3.66,86.5,0,30,122,9.83,3.75,91.4,1.48,3.226,0.0,4.5,1.5,0.79
1788442933.22,turning,11.308,3.66,86.2,0,30,122,9.83,3.75,91.8,1.48,3.226,0.0,4.5,1.5,0.79
1788442933.275,turning,11.308,3.66,85.5,0,30,122,9.83,3.75,92.4,1.48,3.226,0.0,4.5,1.5,0.79
1788442933.328,turning,11.308,3.66,85.1,0,30,122,9.83,3.75,92.7,1.48,3.226,0.0,4.5,1.5,0.79
1788442933.384,turning,11.308,3.66,84.5,0,30,122,9.83,3.75,93.3,1.48,3.226,0.0,4.5,1.5,0.79
1788442933.437,turning,11.308,3.66,84.2,0,30,122,9.83,3.75,93.6,1.48,3.226,0.0,4.5,1.5,0.79
1788442933.492,turning,11.308,3.66,83.7,0,30,122,9.83,3.75,94.1,1.48,3.226,0.0,4.5,1.5,0.79
1788442933.546,turning,11.308,3.66,83.4,0,30,122,9.83,3.75,94.3,1.48,3.226,0.0,4.5,1.5,0.79
1788442933.598,turning,11.308,3.66,82.9,0,30,122,9.83,3.75,94.8,1.48,3.226,0.0,4.5,1.5,0.79
1788442933.654,turning,11.308,3.66,82.7,0,30,122,9.83,3.75,95.0,1.48,3.226,0.0,4.5,1.5,0.78
1788442933.71,turning,11.308,3.661,82.5,0,30,124,9.827,3.758,95.2,1.484,3.225,0.0,4.5,1.5,0.78
1788442933.769,turning,11.308,3.661,82.4,0,30,124,9.827,3.758,95.2,1.484,3.225,0.0,4.5,1.5,0.78
1788442933.824,turning,11.308,3.661,82.4,0,30,124,9.827,3.758,95.1,1.484,3.225,0.0,4.5,1.5,0.78
1788442933.884,turning,11.308,3.661,82.4,0,30,124,9.827,3.758,95.1,1.484,3.225,0.0,4.5,1.5,0.78
1788442933.939,turning,11.308,3.661,82.4,0,30,124,9.827,3.758,95.1,1.484,3.225,0.0,4.5,1.5,0.78
1788442933.991,turning,11.305,3.655,82.2,0,30,124,9.827,3.758,95.3,1.481,3.231,0.0,4.5,1.5,0.78
1788442934.044,turning,11.303,3.649,82.0,0,30,124,9.827,3.758,95.5,1.479,3.237,0.0,4.5,1.5,0.78
1788442934.095,turning,11.3,3.645,81.8,0,30,124,9.827,3.758,95.6,1.478,3.242,0.0,4.5,1.5,0.78
1788442934.145,turning,11.3,3.645,81.8,0,30,124,9.827,3.758,95.6,1.478,3.242,0.0,4.5,1.5,0.78
1788442934.198,turning,11.3,3.645,81.8,0,30,124,9.827,3.758,95.5,1.478,3.242,0.0,4.5,1.5,0.78
1788442934.254,turning,11.3,3.645,81.8,0,30,124,9.827,3.758,95.5,1.478,3.242,0.0,4.5,1.5,0.78
1788442934.307,turning,11.3,3.645,84.1,0,30,124,9.827,3.758,93.1,1.478,3.242,0.0,4.5,1.5,0.78
1788442934.361,turning,11.3,3.645,87.4,0,30,124,9.827,3.758,89.8,1.478,3.242,0.0,4.5,1.5,0.78
1788442934.414,turning,11.3,3.645,93.9,0,30,124,9.827,3.758,83.2,1.478,3.242,0.0,4.301,1.5,0.79
1788442934.471,turning,11.3,3.645,97.2,0,30,124,9.827,3.758,79.9,1.478,3.242,0.0,4.13,1.5,0.79
1788442934.529,turning,11.3,3.645,103.2,0,30,124,9.827,3.758,73.9,1.478,3.242,0.0,3.817,1.5,0.79
1788442934.594,turning,11.3,3.645,106.0,0,30,124,9.827,3.758,71.0,1.478,3.242,0.0,3.668,1.5,0.79
1788442934.657,turning,11.3,3.645,108.6,0,30,124,9.827,3.758,68.4,1.478,3.242,0.0,3.534,1.5,0.8
1788442934.713,turning,11.3,3.645,113.1,0,30,124,9.827,3.758,63.9,1.478,3.242,0.0,3.297,1.5,0.8
1788442934.771,turning,11.3,3.645,115.2,1,31,125,9.78,3.754,61.7,1.524,3.242,0.0,3.185,1.5,0.8
1788442934.824,turning,11.3,3.645,119.0,1,31,125,9.78,3.754,58.0,1.524,3.242,0.0,2.991,1.5,0.8
1788442934.879,turning,11.301,3.644,120.8,1,31,125,9.78,3.754,56.1,1.525,3.242,0.0,2.895,1.5,0.8
1788442934.933,turning,11.304,3.643,124.0,0,30,125,9.83,3.75,52.8,1.477,3.244,0.0,2.724,1.5,0.8
1788442934.989,turning,11.305,3.645,125.8,0,30,125,9.83,3.75,51.1,1.478,3.242,0.0,2.633,1.5,0.81
1788442935.04,turning,11.305,3.652,129.0,0,30,125,9.83,3.75,47.8,1.478,3.234,0.0,2.462,1.5,0.81
1788442935.093,turning,11.306,3.653,130.5,0,30,125,9.83,3.75,46.3,1.479,3.233,0.0,2.4,1.5,0.81
1788442935.148,turning,11.309,3.654,133.0,0,30,125,9.83,3.75,43.8,1.482,3.232,0.0,2.4,1.5,0.81
1788442935.148,turning,11.309,3.654,133.0,0,30,125,9.83,3.75,43.8,1.482,3.232,0.0,2.4,1.5,0.81
1788442935.262,turning,11.308,3.645,135.4,0,30,125,9.83,3.75,41.3,1.481,3.241,0.0,2.4,1.5,0.81
1788442935.324,turning,11.307,3.644,136.2,0,30,125,9.83,3.75,40.5,1.481,3.242,0.0,2.4,1.5,0.81
1788442935.386,turning,11.307,3.644,137.9,0,30,125,9.83,3.75,38.9,1.481,3.242,0.0,2.4,1.5,0.81
1788442935.448,turning,11.309,3.641,138.3,0,30,125,9.83,3.75,38.4,1.483,3.245,0.0,2.4,1.5,0.82
1788442935.504,turning,11.311,3.634,139.1,0,30,125,9.83,3.75,37.6,1.485,3.251,0.0,2.4,1.5,0.82
1788442935.561,turning,11.311,3.634,139.9,0,30,125,9.83,3.75,36.8,1.485,3.252,0.0,2.4,1.5,0.82
1788442935.616,turning,11.311,3.634,140.7,0,30,125,9.83,3.75,35.9,1.485,3.252,0.0,2.4,1.5,0.82
1788442935.669,turning,11.309,3.641,142.0,0,30,125,9.83,3.75,34.6,1.483,3.245,0.0,2.4,1.5,0.82
1788442935.72,turning,11.307,3.648,142.5,0,30,125,9.83,3.75,34.1,1.48,3.238,0.0,2.4,1.5,0.82
1788442935.778,turning,11.304,3.655,143.9,0,30,122,9.827,3.758,32.7,1.481,3.231,0.0,2.4,1.5,0.83
1788442935.83,turning,11.304,3.655,144.7,0,30,122,9.827,3.758,31.9,1.481,3.231,0.0,2.4,1.5,0.83
1788442935.887,turning,11.304,3.655,146.3,0,30,122,9.827,3.758,30.2,1.481,3.231,0.0,2.4,1.5,0.83
1788442935.942,turning,11.304,3.655,147.1,0,30,122,9.827,3.758,29.4,1.481,3.231,0.0,2.4,1.5,0.83
1788442935.998,turning,11.301,3.659,149.0,0,30,122,9.827,3.758,27.5,1.477,3.228,0.0,2.4,1.5,0.84
1788442936.059,turning,11.298,3.662,150.0,1,31,122,9.777,3.761,26.5,1.524,3.225,0.0,2.4,1.5,0.84
1788442936.116,turning,11.296,3.664,151.7,1,31,122,9.777,3.761,24.8,1.522,3.223,0.0,2.4,1.5,0.86
1788442936.181,turning,11.296,3.664,152.6,1,31,122,9.777,3.761,23.9,1.522,3.223,0.0,2.4,1.5,0.86
1788442936.241,turning,11.296,3.664,154.2,1,31,122,9.777,3.761,22.3,1.522,3.223,0.0,2.4,1.5,0.88
1788442936.296,turning,11.296,3.664,155.0,1,31,122,9.777,3.761,21.5,1.522,3.223,0.0,2.4,1.5,0.88
1788442936.349,turning,11.296,3.66,156.5,1,31,122,9.777,3.761,20.0,1.522,3.227,0.0,2.4,1.5,0.9
1788442936.401,turning,11.297,3.658,157.3,1,31,122,9.777,3.761,19.2,1.523,3.229,0.0,2.4,1.5,0.9
1788442936.457,turning,11.297,3.656,158.8,1,31,122,9.777,3.761,17.6,1.523,3.231,0.0,2.4,1.5,0.92
1788442936.51,turning,11.297,3.656,159.7,1,31,122,9.777,3.761,16.8,1.523,3.231,0.0,2.4,1.5,0.92
1788442936.565,turning,11.297,3.656,160.5,1,31,122,9.777,3.761,16.0,1.523,3.231,0.0,2.4,1.5,0.94
1788442936.62,turning,11.297,3.656,162.1,1,31,122,9.777,3.761,14.3,1.523,3.231,0.0,2.4,1.5,0.94
1788442936.675,turning,11.295,3.657,162.8,1,31,122,9.777,3.761,13.6,1.521,3.23,0.0,2.4,1.5,0.97
1788442936.731,turning,11.288,3.662,164.2,1,31,122,9.777,3.761,12.3,1.514,3.225,0.0,2.4,1.5,0.97
1788442936.792,turning,11.286,3.663,162.7,0,30,123,9.778,3.763,13.7,1.512,3.225,0.0,2.4,1.5,1.0
1788442936.853,turning,11.286,3.663,159.5,0,30,123,9.778,3.763,16.9,1.512,3.225,0.0,2.4,1.5,1.0
1788442936.921,turning,11.286,3.663,157.9,0,30,123,9.778,3.763,18.5,1.512,3.225,0.0,2.4,1.5,0.96
1788442936.989,turning,11.286,3.663,154.7,0,30,123,9.778,3.763,21.7,1.512,3.225,0.0,2.4,1.5,0.96
1788442937.052,turning,11.285,3.646,152.9,0,30,123,9.778,3.763,23.5,1.512,3.242,0.0,2.4,1.5,0.92
1788442937.108,turning,11.279,3.597,149.2,0,30,123,9.778,3.763,27.2,1.51,3.292,0.0,2.4,1.5,0.92
1788442937.161,turning,11.278,3.591,147.5,0,30,123,9.778,3.763,28.7,1.51,3.297,0.0,2.4,1.5,0.89
1788442937.215,turning,11.278,3.591,144.3,0,30,123,9.778,3.763,31.9,1.51,3.297,0.0,2.4,1.5,0.89
1788442937.27,turning,11.278,3.591,142.7,0,30,123,9.778,3.763,33.4,1.51,3.297,0.0,2.4,1.5,0.87
1788442937.328,turning,11.278,3.591,139.5,0,30,123,9.778,3.763,36.5,1.51,3.297,0.0,2.4,1.5,0.87
1788442937.383,turning,11.278,3.591,137.9,0,30,123,9.778,3.763,38.1,1.51,3.297,0.0,2.4,1.5,0.86
1788442937.439,turning,11.278,3.591,134.7,0,30,123,9.778,3.763,41.2,1.51,3.297,0.0,2.4,1.5,0.86
1788442937.499,turning,11.278,3.591,133.1,0,30,123,9.778,3.763,42.7,1.51,3.297,0.0,2.4,1.5,0.86
1788442937.564,turning,11.278,3.591,131.6,0,30,123,9.778,3.763,44.2,1.51,3.297,0.0,2.4,1.5,0.86
1788442937.627,turning,11.284,3.584,128.6,0,30,123,9.778,3.763,47.1,1.517,3.304,0.0,2.484,1.5,0.86
1788442937.691,turning,11.29,3.577,127.1,0,30,123,9.778,3.763,48.6,1.524,3.311,0.0,2.563,1.5,0.86
1788442937.757,turning,11.296,3.57,124.8,0,30,123,9.778,3.763,50.8,1.53,3.317,0.0,2.684,1.5,0.86
1788442937.814,turning,11.296,3.57,123.9,0,30,125,9.785,3.75,51.7,1.521,3.317,0.0,2.734,1.5,0.86
1788442937.873,turning,11.291,3.571,122.6,0,30,125,9.785,3.75,52.9,1.517,3.316,0.0,2.801,1.5,0.86
1788442937.934,turning,11.287,3.572,122.1,0,30,125,9.785,3.75,53.3,1.513,3.315,0.0,2.827,1.5,0.86
1788442937.989,turning,11.284,3.573,120.8,0,30,125,9.785,3.75,54.6,1.509,3.315,0.0,2.894,1.5,0.86
1788442938.046,turning,11.284,3.573,120.1,0,30,125,9.785,3.75,55.3,1.509,3.315,0.0,2.933,1.5,0.86
1788442938.102,turning,11.281,3.577,119.0,0,30,125,9.785,3.75,56.3,1.505,3.311,0.0,2.99,1.5,0.86
1788442938.156,turning,11.278,3.579,118.6,0,30,125,9.785,3.75,56.7,1.502,3.309,0.0,3.011,1.5,0.86
1788442938.209,turning,11.275,3.581,117.3,0,30,125,9.785,3.75,57.9,1.5,3.307,0.0,3.078,1.5,0.86
1788442938.264,turning,11.275,3.581,116.5,0,30,125,9.785,3.75,58.6,1.5,3.307,0.0,3.118,1.5,0.86
1788442938.315,turning,11.274,3.582,115.4,0,30,125,9.785,3.75,59.7,1.499,3.307,0.0,3.178,1.5,0.86
1788442938.373,turning,11.273,3.582,114.9,0,30,125,9.785,3.75,60.1,1.498,3.307,0.0,3.202,1.5,0.86
1788442938.432,turning,11.273,3.582,113.7,0,30,125,9.785,3.75,61.3,1.497,3.307,0.0,3.267,1.5,0.86
1788442938.489,turning,11.273,3.582,113.0,0,30,125,9.785,3.75,62.0,1.497,3.307,0.0,3.302,1.5,0.86
1788442938.551,turning,11.273,3.582,112.3,0,30,125,9.785,3.75,62.6,1.497,3.307,0.0,3.336,1.5,0.86
1788442938.603,turning,11.273,3.582,111.1,0,30,125,9.785,3.75,63.8,1.497,3.307,0.0,3.401,1.5,0.86
1788442938.656,turning,11.273,3.583,110.4,0,30,125,9.785,3.75,64.5,1.497,3.306,0.0,3.437,1.5,0.86
1788442938.708,turning,11.273,3.59,109.0,0,30,125,9.785,3.75,65.9,1.496,3.299,0.0,3.511,1.5,0.86
1788442938.761,turning,11.273,3.591,108.4,0,30,125,9.785,3.75,66.4,1.496,3.298,0.0,3.543,1.5,0.86
1788442938.812,turning,11.273,3.591,107.3,0,30,125,9.785,3.75,67.5,1.496,3.298,0.0,3.598,1.5,0.86
1788442938.868,turning,11.273,3.591,106.8,0,30,123,9.785,3.75,68.0,1.496,3.298,0.0,3.626,1.5,0.86
1788442938.923,turning,11.273,3.591,105.9,0,30,123,9.785,3.75,68.9,1.496,3.298,0.0,3.676,1.5,0.86
1788442938.981,turning,11.271,3.588,105.4,0,30,123,9.785,3.75,69.4,1.494,3.301,0.0,3.701,1.5,0.86
1788442939.04,turning,11.264,3.581,104.5,0,30,123,9.785,3.75,70.2,1.488,3.308,0.0,3.747,1.5,0.86
1788442939.097,turning,11.263,3.58,104.1,0,30,123,9.785,3.75,70.6,1.488,3.309,0.0,3.768,1.5,0.86
1788442939.16,turning,11.263,3.58,103.4,0,30,123,9.785,3.75,71.3,1.488,3.309,0.0,3.805,1.5,0.86
1788442939.222,turning,11.263,3.58,103.1,0,30,123,9.785,3.75,71.6,1.488,3.309,0.0,3.823,1.5,0.86
1788442939.283,turning,11.263,3.58,102.4,0,30,123,9.785,3.75,72.2,1.488,3.309,0.0,3.855,1.5,0.86
1788442939.34,turning,11.263,3.58,102.1,0,30,123,9.785,3.75,72.4,1.488,3.309,0.0,3.871,1.5,0.86
1788442939.392,turning,11.263,3.58,101.6,0,30,123,9.785,3.75,72.9,1.488,3.309,0.0,3.9,1.5,0.86
1788442939.45,turning,11.257,3.582,101.4,0,30,123,9.785,3.75,73.1,1.482,3.308,0.0,3.909,1.5,0.86
1788442939.505,turning,11.251,3.585,101.3,0,30,123,9.785,3.75,73.2,1.475,3.306,0.0,3.917,1.5,0.86
1788442939.561,turning,11.245,3.587,100.8,1,31,123,9.736,3.756,73.7,1.519,3.305,0.0,3.943,1.5,0.86
1788442939.613,turning,11.245,3.587,100.4,1,31,123,9.736,3.756,74.0,1.519,3.305,0.0,3.962,1.5,0.86
1788442939.669,turning,11.245,3.587,99.6,1,31,123,9.736,3.756,74.8,1.519,3.305,0.0,4.003,1.5,0.86
1788442939.722,turning,11.245,3.587,99.2,1,31,123,9.736,3.756,75.2,1.519,3.305,0.0,4.024,1.5,0.86
1788442939.777,turning,11.245,3.587,98.5,1,31,123,9.736,3.756,75.9,1.519,3.305,0.0,4.061,1.5,0.86
1788442939.83,turning,11.245,3.587,98.2,1,31,123,9.736,3.756,76.2,1.519,3.305,0.0,4.079,1.5,0.86
1788442939.891,turning,11.245,3.587,97.5,0,30,121,9.735,3.75,76.8,1.519,3.305,0.0,4.112,1.5,0.86
1788442939.953,turning,11.245,3.587,97.2,0,30,121,9.735,3.75,77.1,1.519,3.305,0.0,4.128,1.5,0.86
1788442940.01,turning,11.245,3.587,96.7,0,30,121,9.735,3.75,77.6,1.519,3.305,0.0,4.157,1.5,0.86
1788442940.071,turning,11.245,3.587,96.4,0,30,121,9.735,3.75,77.9,1.519,3.305,0.0,4.171,1.5,0.86
1788442940.128,turning,11.221,3.572,95.5,0,30,121,9.735,3.75,78.8,1.496,3.322,0.0,4.22,1.5,0.86
1788442940.182,turning,11.202,3.56,94.9,0,30,121,9.735,3.75,79.4,1.479,3.336,0.0,4.251,1.5,0.86
1788442940.236,turning,11.189,3.555,94.2,1,31,121,9.686,3.756,80.0,1.517,3.342,0.0,4.286,1.5,0.86
1788442940.288,turning,11.189,3.559,94.0,1,31,121,9.686,3.756,80.2,1.516,3.338,0.0,4.297,1.5,0.86
1788442940.341,turning,11.189,3.566,93.6,1,31,121,9.686,3.756,80.6,1.515,3.331,0.0,4.321,1.5,0.85
1788442940.395,turning,11.189,3.566,93.3,1,31,121,9.686,3.756,80.8,1.515,3.331,0.0,4.333,1.5,0.85
1788442940.45,turning,11.189,3.566,93.0,1,31,121,9.686,3.756,81.0,1.515,3.331,0.0,4.347,1.5,0.84
1788442940.5,turning,11.189,3.566,92.5,1,31,121,9.686,3.756,81.5,1.515,3.331,0.0,4.375,1.5,0.84
1788442940.556,turning,11.189,3.566,92.3,1,31,121,9.686,3.756,81.7,1.515,3.331,0.0,4.388,1.5,0.84
1788442940.605,turning,11.189,3.567,91.8,1,31,121,9.686,3.756,82.2,1.515,3.331,0.0,4.412,1.5,0.84
1788442940.663,turning,11.189,3.569,91.6,1,31,121,9.686,3.756,82.4,1.515,3.329,0.0,4.424,1.5,0.84
1788442940.719,turning,11.188,3.578,91.1,1,31,121,9.686,3.756,82.8,1.513,3.32,0.0,4.446,1.5,0.84
1788442940.782,turning,11.188,3.585,90.9,1,31,121,9.686,3.756,83.0,1.512,3.313,0.0,4.458,1.5,0.83
1788442940.84,turning,11.188,3.586,90.4,1,31,121,9.686,3.756,83.5,1.512,3.312,0.0,4.488,1.5,0.83
1788442940.9,turning,11.199,3.592,90.1,0,30,122,9.687,3.761,83.8,1.522,3.305,0.0,4.5,1.5,0.82
1788442940.955,turning,11.23,3.61,89.6,0,30,122,9.687,3.761,84.3,1.55,3.284,0.0,4.5,1.5,0.82
1788442941.007,turning,11.233,3.612,89.3,0,30,122,9.687,3.761,84.6,1.554,3.281,0.0,4.5,1.5,0.82
1788442941.06,turning,11.233,3.612,88.7,0,30,122,9.687,3.761,85.2,1.554,3.281,0.0,4.5,1.5,0.82
1788442941.112,turning,11.233,3.612,88.4,0,30,122,9.687,3.761,85.5,1.554,3.281,0.0,4.5,1.5,0.82
1788442941.167,turning,11.233,3.612,87.9,0,30,122,9.687,3.761,86.0,1.554,3.281,0.0,4.5,1.5,0.82
1788442941.219,turning,11.233,3.612,87.7,0,30,122,9.687,3.761,86.3,1.554,3.281,0.0,4.5,1.5,0.82
1788442941.272,turning,11.233,3.612,87.2,0,30,122,9.687,3.761,86.8,1.554,3.281,0.0,4.5,1.5,0.82
1788442941.346,turning,11.233,3.615,87.0,0,30,122,9.687,3.761,87.0,1.554,3.278,0.0,4.5,1.5,0.82
1788442941.405,turning,11.233,3.618,86.8,0,30,122,9.687,3.761,87.2,1.553,3.274,0.0,4.5,1.5,0.82
1788442941.471,turning,11.234,3.626,86.3,0,30,122,9.687,3.761,87.7,1.553,3.267,0.0,4.5,1.5,0.81
1788442941.532,turning,11.234,3.626,86.1,0,30,122,9.687,3.761,88.0,1.553,3.267,0.0,4.5,1.5,0.81
1788442941.593,turning,11.234,3.626,85.5,0,30,122,9.687,3.761,88.6,1.553,3.267,0.0,4.5,1.5,0.8
1788442941.651,turning,11.234,3.626,85.2,0,30,122,9.687,3.761,89.0,1.553,3.267,0.0,4.5,1.5,0.8
1788442941.709,turning,11.234,3.626,84.6,0,30,122,9.687,3.761,89.5,1.553,3.267,0.0,4.5,1.5,0.8
1788442941.767,turning,11.234,3.626,84.3,0,30,122,9.687,3.761,89.8,1.553,3.267,0.0,4.5,1.5,0.8
1788442941.819,turning,11.203,3.625,83.6,0,30,122,9.687,3.761,90.6,1.523,3.271,0.0,4.5,1.5,0.8
1788442941.872,turning,11.177,3.625,83.1,0,30,122,9.687,3.761,91.1,1.497,3.274,0.0,4.5,1.5,0.8
1788442941.925,turning,11.157,3.624,82.3,0,30,121,9.681,3.761,91.9,1.482,3.277,0.0,4.5,1.5,0.8
1788442941.978,turning,11.157,3.624,81.9,0,30,121,9.681,3.761,92.4,1.482,3.277,0.0,4.5,1.5,0.8
1788442942.032,turning,11.157,3.624,81.0,0,30,121,9.681,3.761,93.2,1.482,3.277,0.0,4.5,1.5,0.8
1788442942.083,turning,11.157,3.624,80.6,0,30,121,9.681,3.761,93.6,1.482,3.277,0.0,4.5,1.5,0.8
1788442942.139,turning,11.157,3.624,79.9,0,30,121,9.681,3.761,94.4,1.482,3.277,0.0,4.5,1.5,0.8
1788442942.193,turning,11.157,3.624,79.5,0,30,121,9.681,3.761,94.7,1.482,3.277,0.0,4.5,1.5,0.8
1788442942.251,turning,11.157,3.624,78.9,0,30,121,9.681,3.761,95.4,1.482,3.277,0.0,4.5,1.5,0.8
1788442942.311,turning,11.157,3.624,78.6,0,30,121,9.681,3.761,95.7,1.482,3.277,0.0,4.5,1.5,0.8
1788442942.371,turning,11.157,3.624,78.3,0,30,121,9.681,3.761,96.0,1.482,3.277,0.0,4.5,1.5,0.8
1788442942.434,turning,11.157,3.624,77.7,0,30,121,9.681,3.761,96.6,1.482,3.277,0.0,4.5,1.5,0.8
1788442942.492,turning,11.157,3.624,77.5,0,30,121,9.681,3.761,96.9,1.482,3.277,0.0,4.5,1.5,0.79
1788442942.545,turning,11.157,3.624,77.0,0,30,121,9.681,3.761,97.4,1.482,3.277,0.0,4.5,1.5,0.79
1788442942.599,turning,11.158,3.625,76.7,0,30,121,9.681,3.761,97.6,1.483,3.276,0.0,4.5,1.5,0.79
1788442942.652,turning,11.163,3.631,76.2,0,30,121,9.681,3.761,98.1,1.487,3.27,0.0,4.5,1.5,0.79
1788442942.707,turning,11.164,3.635,76.0,0,30,121,9.681,3.761,98.4,1.489,3.266,0.0,4.5,1.5,0.79
1788442942.76,turning,11.165,3.636,75.5,0,30,121,9.681,3.761,98.9,1.489,3.265,0.0,4.5,1.5,0.79
1788442942.814,turning,11.165,3.636,75.3,0,30,121,9.681,3.761,99.1,1.489,3.265,0.0,4.5,1.5,0.78
1788442942.868,turning,11.165,3.636,74.8,0,30,121,9.681,3.761,99.6,1.489,3.265,0.0,4.5,1.5,0.78
1788442942.919,turning,11.165,3.636,74.6,0,30,121,9.681,3.761,99.9,1.489,3.265,0.0,4.5,1.5,0.78
1788442942.973,turning,11.166,3.639,74.2,0,30,122,9.681,3.761,100.3,1.489,3.262,0.0,4.5,1.5,0.78
1788442943.031,turning,11.167,3.643,74.0,0,30,122,9.681,3.761,100.5,1.49,3.258,0.0,4.5,1.5,0.78
1788442943.094,turning,11.169,3.65,73.5,0,30,122,9.681,3.761,101.0,1.492,3.251,0.0,4.5,1.5,0.78
1788442943.153,turning,11.169,3.65,73.3,0,30,122,9.681,3.761,101.3,1.492,3.251,0.0,4.5,1.5,0.77
1788442943.208,turning,11.169,3.65,72.7,0,30,122,9.681,3.761,101.9,1.492,3.251,0.0,4.5,1.5,0.77
1788442943.263,turning,11.169,3.65,72.5,0,30,122,9.681,3.761,102.2,1.492,3.251,0.0,4.5,1.5,0.77
1788442943.316,turning,11.169,3.65,72.2,0,30,122,9.681,3.761,102.4,1.492,3.251,0.0,4.5,1.5,0.77
1788442943.37,turning,11.169,3.65,71.7,0,30,122,9.681,3.761,102.9,1.492,3.251,0.0,4.5,1.5,0.77
1788442943.42,turning,11.169,3.65,71.5,0,30,122,9.681,3.761,103.2,1.492,3.25,0.0,4.5,1.5,0.77
1788442943.474,turning,11.17,3.658,71.1,0,30,122,9.681,3.761,103.7,1.492,3.243,0.0,4.5,1.5,0.76
1788442943.525,turning,11.171,3.664,70.8,0,30,122,9.681,3.761,103.9,1.493,3.236,0.0,4.5,1.5,0.76
1788442943.58,turning,11.171,3.666,70.3,0,30,122,9.681,3.761,104.5,1.493,3.234,0.0,4.5,1.5,0.75
1788442943.633,turning,11.171,3.666,70.0,0,30,122,9.681,3.761,104.9,1.493,3.234,0.0,4.5,1.5,0.75
1788442943.687,turning,11.171,3.666,69.4,0,30,122,9.681,3.761,105.5,1.493,3.234,0.0,4.5,1.5,0.75
1788442943.744,turning,11.171,3.666,69.1,0,30,122,9.681,3.761,105.8,1.493,3.234,0.0,4.5,1.5,0.75
1788442943.802,turning,11.171,3.666,68.6,0,30,122,9.681,3.761,106.4,1.493,3.234,0.0,4.5,1.5,0.75
1788442943.863,turning,11.171,3.666,68.3,0,30,122,9.681,3.761,106.7,1.493,3.234,0.0,4.5,1.5,0.75
1788442943.922,turning,11.171,3.667,67.8,0,30,122,9.681,3.761,107.2,1.493,3.234,0.0,4.5,1.5,0.75
1788442943.982,turning,11.172,3.669,67.6,0,30,120,9.678,3.769,107.4,1.497,3.232,0.0,4.5,1.5,0.75
1788442944.038,turning,11.175,3.677,67.2,0,30,120,9.678,3.769,107.9,1.5,3.223,0.0,4.5,1.5,0.74
1788442944.093,turning,11.178,3.683,67.0,0,30,120,9.678,3.769,108.2,1.502,3.216,0.0,4.5,1.5,0.74
1788442944.149,turning,11.179,3.685,66.4,0,30,120,9.678,3.769,108.8,1.503,3.214,0.0,4.5,1.5,0.73
1788442944.204,turning,11.179,3.685,66.1,0,30,120,9.678,3.769,109.2,1.503,3.214,0.0,4.5,1.5,0.73
1788442944.259,turning,11.179,3.685,65.7,0,30,120,9.678,3.769,109.5,1.503,3.214,0.0,4.5,1.5,0.72
1788442944.312,turning,11.179,3.685,65.1,0,30,120,9.678,3.769,110.2,1.503,3.214,0.0,4.5,1.5,0.72
1788442944.366,turning,11.178,3.686,64.8,0,30,120,9.678,3.769,110.5,1.502,3.213,0.0,4.5,1.5,0.72
1788442944.419,turning,11.175,3.691,64.3,0,30,120,9.678,3.769,111.1,1.499,3.209,0.0,4.5,1.5,0.72
1788442944.471,turning,11.174,3.692,64.0,0,30,120,9.678,3.769,111.4,1.498,3.208,0.0,4.5,1.5,0.72
1788442944.524,turning,11.174,3.692,63.4,0,30,120,9.678,3.769,112.1,1.498,3.208,0.0,4.5,1.5,0.72
1788442944.582,turning,11.174,3.692,63.1,0,30,120,9.678,3.769,112.4,1.498,3.208,0.0,4.5,1.5,0.72
1788442944.641,turning,11.174,3.692,62.5,0,30,120,9.678,3.769,113.0,1.498,3.208,0.0,4.5,1.5,0.72
1788442944.703,turning,11.174,3.692,62.3,0,30,120,9.678,3.769,113.3,1.498,3.208,0.0,4.5,1.5,0.72
1788442944.762,turning,11.174,3.692,61.8,0,30,120,9.678,3.769,113.8,1.498,3.208,0.0,4.5,1.5,0.72
1788442944.814,turning,11.174,3.692,61.5,0,30,120,9.678,3.769,114.1,1.498,3.208,0.0,4.5,1.5,0.72
1788442944.868,turning,11.175,3.695,61.1,0,30,120,9.678,3.769,114.6,1.499,3.205,0.0,4.5,1.5,0.72
1788442944.919,turning,11.177,3.698,60.9,0,30,120,9.678,3.769,114.8,1.501,3.202,0.0,4.5,1.5,0.72
1788442944.973,turning,11.181,3.705,60.5,0,30,120,9.676,3.767,115.3,1.507,3.194,0.0,4.5,1.5,0.72
1788442945.026,turning,11.181,3.705,60.2,0,30,120,9.676,3.767,115.6,1.507,3.194,0.0,4.5,1.5,0.7
1788442945.079,turning,11.181,3.705,59.7,0,30,120,9.676,3.767,116.1,1.507,3.194,0.0,4.5,1.5,0.7
1788442945.133,turning,11.181,3.705,59.5,0,30,120,9.676,3.767,116.4,1.507,3.194,0.0,4.5,1.5,0.7
1788442945.187,turning,11.181,3.705,59.3,0,30,120,9.676,3.767,116.7,1.507,3.194,0.0,4.5,1.5,0.7
1788442945.24,turning,11.185,3.709,58.9,0,30,120,9.676,3.767,117.1,1.511,3.189,0.0,4.5,1.5,0.7
1788442945.293,turning,11.188,3.713,58.8,0,30,120,9.676,3.767,117.3,1.514,3.186,0.0,4.5,1.5,0.7
1788442945.352,turning,11.196,3.723,58.5,0,30,120,9.676,3.767,117.6,1.521,3.174,0.0,4.5,1.5,0.69
1788442945.411,turning,11.199,3.729,58.3,0,30,120,9.676,3.767,117.9,1.524,3.168,0.0,4.5,1.5,0.69
1788442945.474,turning,11.207,3.741,58.0,0,30,120,9.676,3.767,118.3,1.531,3.156,0.0,4.5,1.5,0.67
1788442945.532,turning,11.21,3.747,57.8,0,30,120,9.676,3.767,118.5,1.535,3.15,0.0,4.5,1.5,0.67
1788442945.589,turning,11.218,3.758,57.5,0,30,120,9.676,3.767,118.9,1.542,3.137,0.0,4.5,1.5,0.65
1788442945.642,turning,11.221,3.764,57.4,0,30,120,9.676,3.767,119.1,1.546,3.131,0.0,4.5,1.5,0.65
1788442945.694,turning,11.229,3.775,57.1,0,30,120,9.676,3.767,119.5,1.553,3.119,0.0,4.5,1.5,0.73
1788442945.748,turning,11.232,3.781,57.0,0,30,120,9.676,3.767,119.7,1.557,3.113,0.0,4.5,1.5,0.73
1788442945.803,turning,11.24,3.792,56.7,0,30,120,9.676,3.767,120.0,1.564,3.101,0.0,4.5,1.5,0.83
1788442945.856,turning,11.243,3.798,56.6,0,30,120,9.676,3.767,120.2,1.568,3.095,0.0,4.5,1.5,0.83
1788442945.91,turning,11.251,3.809,56.4,0,30,120,9.676,3.767,120.6,1.576,3.083,0.0,4.5,1.5,0.83
1788442945.965,turning,11.255,3.815,56.3,0,30,120,9.676,3.767,120.8,1.58,3.077,0.0,4.5,1.5,0.83
1788442946.017,turning,11.262,3.826,56.2,0,30,124,9.776,3.762,121.1,1.488,3.065,0.0,4.5,1.5,0.81
1788442946.073,turning,11.266,3.832,56.1,0,30,124,9.776,3.762,121.3,1.492,3.059,0.0,4.5,1.5,0.81
1788442946.131,turning,11.274,3.843,55.9,0,30,124,9.776,3.762,121.6,1.5,3.047,0.0,4.5,1.5,0.79
1788442946.132,turning,11.274,3.843,55.9,0,30,124,9.776,3.762,121.7,1.5,3.047,0.0,4.5,1.5,0.79
1788442946.253,turning,11.282,3.852,55.6,0,30,124,9.776,3.762,122.2,1.509,3.037,0.0,4.5,1.5,0.77
1788442946.311,turning,11.29,3.856,55.1,0,30,124,9.776,3.762,122.9,1.517,3.032,0.0,4.5,1.5,0.77
1788442946.371,turning,11.294,3.86,54.9,0,30,124,9.776,3.762,123.2,1.522,3.028,0.0,4.5,1.5,0.75
1788442946.421,turning,11.302,3.871,54.8,0,30,124,9.776,3.762,123.4,1.53,3.016,0.0,4.5,1.5,0.75
1788442946.475,turning,11.306,3.877,54.8,0,30,124,9.776,3.762,123.6,1.534,3.01,0.0,4.5,1.5,0.73
1788442946.525,turning,11.314,3.888,54.8,0,30,124,9.776,3.762,123.8,1.543,2.998,0.0,4.5,1.5,0.73
1788442946.58,turning,11.318,3.894,54.7,0,30,124,9.776,3.762,124.0,1.548,2.993,0.0,4.5,1.5,0.71
1788442946.632,turning,11.325,3.905,54.7,0,30,124,9.776,3.762,124.2,1.556,2.981,0.0,4.5,1.5,0.71
1788442946.688,turning,11.329,3.91,54.7,0,30,124,9.776,3.762,124.4,1.561,2.975,0.0,4.5,1.5,0.69
1788442946.744,turning,11.33,3.911,57.5,0,30,124,9.776,3.762,121.7,1.561,2.974,0.0,4.5,1.5,0.69
1788442946.796,turning,11.33,3.911,59.0,0,30,124,9.776,3.762,120.3,1.561,2.974,0.0,4.5,1.5,0.68
1788442946.851,turning,11.33,3.911,62.1,0,30,124,9.776,3.762,117.4,1.561,2.974,0.0,4.5,1.5,0.68
1788442946.908,turning,11.327,3.908,63.7,0,30,124,9.776,3.762,116.0,1.558,2.977,0.0,4.5,1.5,0.69
1788442946.966,turning,11.32,3.903,66.6,0,30,124,9.776,3.762,113.2,1.55,2.983,0.0,4.5,1.5,0.69
1788442947.029,turning,11.319,3.902,67.9,0,30,125,9.876,3.76,112.1,1.451,2.984,0.0,4.5,1.5,0.69
1788442947.089,turning,11.319,3.902,68.9,0,30,125,9.876,3.76,111.2,1.451,2.984,0.0,4.5,1.5,0.69
1788442947.145,turning,11.319,3.902,70.7,0,30,125,9.876,3.76,109.5,1.451,2.984,0.0,4.5,1.5,0.58
1788442947.198,turning,11.319,3.902,71.7,0,30,125,9.876,3.76,108.7,1.451,2.984,0.0,4.5,1.5,0.58
1788442947.255,turning,11.319,3.902,73.5,0,12,125,10.775,3.734,107.8,0.57,2.984,0.0,4.5,0.6,0.51
1788442947.306,turning,11.319,3.902,74.5,0,12,125,10.775,3.734,107.9,0.57,2.984,0.0,4.5,0.6,0.51
1788442947.361,turning,11.316,3.898,76.4,1,13,125,10.725,3.735,106.7,0.613,2.988,0.0,4.5,0.6,0.51
1788442947.412,turning,11.314,3.895,77.4,1,13,125,10.725,3.735,106.5,0.61,2.992,0.0,4.5,0.6,0.51
1788442947.466,turning,11.311,3.892,79.3,1,13,125,10.725,3.735,105.2,0.607,2.995,0.0,4.5,0.6,0.52
1788442947.518,turning,11.311,3.892,80.2,1,13,125,10.725,3.735,104.9,0.607,2.995,0.0,4.5,0.6,0.52
1788442947.573,turning,11.307,3.875,80.6,1,13,125,10.725,3.735,105.1,0.599,3.012,0.0,4.5,0.6,0.52
1788442947.628,turning,11.304,3.865,80.6,1,13,125,10.725,3.735,105.4,0.594,3.023,0.0,4.5,0.6,0.52
1788442947.688,turning,11.301,3.846,80.7,2,14,125,10.675,3.737,105.6,0.635,3.041,0.0,4.5,0.6,0.54
1788442947.748,turning,11.299,3.838,80.7,2,14,125,10.675,3.737,105.8,0.632,3.049,0.0,4.5,0.6,0.54
1788442947.808,turning,11.297,3.821,80.7,2,32,125,9.776,3.763,105.7,1.522,3.066,0.0,4.5,1.5,0.56
1788442947.87,turning,11.295,3.813,80.7,2,32,125,9.776,3.763,105.6,1.521,3.075,0.0,4.5,1.5,0.56
1788442947.929,turning,11.29,3.795,80.7,2,32,125,9.776,3.763,105.4,1.514,3.094,0.0,4.5,1.5,0.58
1788442947.984,turning,11.286,3.785,80.8,2,32,125,9.776,3.763,105.3,1.511,3.103,0.0,4.5,1.5,0.58
1788442948.037,turning,11.284,3.776,80.8,0,30,122,9.776,3.734,105.1,1.509,3.113,0.0,4.5,1.5,0.6
1788442948.092,turning,11.281,3.759,80.8,0,30,122,9.776,3.734,105.0,1.506,3.13,0.0,4.5,1.5,0.6
1788442948.15,turning,11.28,3.751,80.8,0,30,122,9.776,3.734,104.9,1.504,3.138,0.0,4.5,1.5,0.63
1788442948.203,turning,11.277,3.734,80.8,0,30,122,9.776,3.734,104.7,1.501,3.155,0.0,4.5,1.5,0.63
1788442948.257,turning,11.275,3.726,80.8,0,30,122,9.776,3.734,104.6,1.5,3.164,0.0,4.5,1.5,0.65
1788442948.309,turning,11.273,3.709,80.8,0,30,122,9.776,3.734,104.4,1.497,3.18,0.0,4.5,1.5,0.65
1788442948.36,turning,11.271,3.701,80.8,0,30,122,9.776,3.734,104.3,1.496,3.189,0.0,4.5,1.5,0.67
1788442948.417,turning,11.269,3.684,80.8,0,30,122,9.776,3.734,104.1,1.494,3.206,0.0,4.5,1.5,0.67
1788442948.417,turning,11.269,3.684,80.8,0,30,122,9.776,3.734,103.9,1.494,3.206,0.0,4.5,1.5,0.67
1788442948.549,turning,11.271,3.668,79.8,0,30,122,9.776,3.734,104.7,1.497,3.222,0.0,4.5,1.5,0.7
1788442948.607,turning,11.27,3.66,79.8,0,30,122,9.776,3.734,104.6,1.497,3.229,0.0,4.5,1.5,0.72
1788442948.672,turning,11.267,3.643,79.8,0,30,122,9.776,3.734,104.4,1.495,3.246,0.0,4.5,1.5,0.72
1788442948.726,turning,11.266,3.635,79.8,0,30,122,9.776,3.734,104.2,1.494,3.255,0.0,4.5,1.5,0.74
1788442948.779,turning,11.263,3.618,79.8,0,30,122,9.776,3.734,104.0,1.492,3.272,0.0,4.5,1.5,0.74
1788442948.834,turning,11.261,3.61,79.8,0,30,122,9.776,3.734,103.8,1.491,3.28,0.0,4.5,1.5,0.77
1788442948.891,turning,11.258,3.593,79.8,0,30,122,9.776,3.734,103.5,1.49,3.297,0.0,4.5,1.5,0.77
1788442948.945,turning,11.257,3.585,79.8,0,30,122,9.776,3.734,103.3,1.489,3.306,0.0,4.5,1.5,0.79
1788442948.999,turning,11.255,3.577,79.8,0,30,122,9.776,3.734,103.1,1.488,3.314,0.0,4.5,1.5,0.79
1788442949.052,turning,11.253,3.562,80.0,1,31,122,9.726,3.733,102.6,1.537,3.329,0.0,4.5,1.5,0.81
1788442949.106,turning,11.251,3.555,80.2,0,30,123,9.785,3.75,102.2,1.479,3.336,0.0,4.5,1.5,0.81
1788442949.159,turning,11.25,3.55,80.4,0,30,123,9.785,3.75,101.7,1.478,3.34,0.0,4.5,1.5,0.82
1788442949.211,turning,11.25,3.553,80.4,0,30,123,9.785,3.75,101.5,1.478,3.338,0.0,4.5,1.5,0.82
1788442949.27,turning,11.252,3.562,80.4,0,30,123,9.785,3.75,101.2,1.478,3.328,0.0,4.5,1.5,0.81
1788442949.329,turning,11.253,3.569,80.4,0,30,123,9.785,3.75,101.0,1.479,3.322,0.0,4.5,1.5,0.81
1788442949.396,turning,11.255,3.582,80.4,0,30,123,9.785,3.75,100.8,1.479,3.308,0.0,4.5,1.5,0.8
1788442949.454,turning,11.256,3.589,80.4,0,30,123,9.785,3.75,100.7,1.48,3.301,0.0,4.5,1.5,0.8
1788442949.508,turning,11.258,3.603,80.4,0,30,123,9.785,3.75,100.5,1.481,3.288,0.0,4.5,1.5,0.78
1788442949.561,turning,11.26,3.609,80.4,0,30,123,9.785,3.75,100.3,1.481,3.281,0.0,4.5,1.5,0.78
1788442949.613,turning,11.262,3.627,80.2,0,30,123,9.785,3.75,100.4,1.482,3.263,0.0,4.5,1.5,0.76
1788442949.667,turning,11.263,3.637,80.0,0,30,123,9.785,3.75,100.4,1.482,3.253,0.0,4.5,1.5,0.76
1788442949.718,turning,11.265,3.652,79.9,0,30,123,9.785,3.75,100.5,1.483,3.238,0.0,4.5,1.5,0.74
1788442949.77,turning,11.266,3.659,79.9,0,30,123,9.785,3.75,100.4,1.484,3.231,0.0,4.5,1.5,0.74
1788442949.825,turning,11.267,3.661,79.4,0,30,123,9.785,3.75,100.8,1.484,3.229,0.0,4.5,1.5,0.72
1788442949.879,turning,11.267,3.661,79.1,0,30,123,9.785,3.75,101.0,1.484,3.229,0.0,4.5,1.5,0.72
1788442949.933,turning,11.267,3.661,78.7,0,30,123,9.785,3.75,101.3,1.484,3.229,0.0,4.5,1.5,0.72
1788442949.989,turning,11.267,3.661,78.1,0,30,123,9.785,3.75,101.9,1.484,3.229,0.0,4.5,1.5,0.72
1788442950.053,turning,11.267,3.661,77.7,0,30,123,9.785,3.75,102.1,1.484,3.229,0.0,4.5,1.5,0.72
1788442950.121,turning,11.267,3.661,77.2,0,30,123,9.778,3.763,102.6,1.493,3.229,0.0,4.5,1.5,0.72
1788442950.184,turning,11.267,3.661,76.9,0,30,123,9.778,3.763,102.8,1.493,3.229,0.0,4.5,1.5,0.72
1788442950.248,turning,11.267,3.661,76.4,0,30,123,9.778,3.763,103.2,1.493,3.229,0.0,4.5,1.5,0.72
1788442950.301,turning,11.267,3.659,76.1,0,30,123,9.778,3.763,103.4,1.493,3.231,0.0,4.5,1.5,0.72
1788442950.355,turning,11.266,3.655,75.5,0,30,123,9.778,3.763,103.9,1.493,3.235,0.0,4.5,1.5,0.72
1788442950.408,turning,11.267,3.658,75.3,0,30,123,9.778,3.763,104.0,1.493,3.232,0.0,4.5,1.5,0.71
1788442950.462,turning,11.27,3.67,75.0,0,30,123,9.778,3.763,104.2,1.496,3.219,0.0,4.5,1.5,0.71
1788442950.517,turning,11.272,3.677,74.9,0,30,123,9.778,3.763,104.3,1.497,3.213,0.0,4.5,1.5,0.7
1788442950.573,turning,11.273,3.678,74.2,0,30,123,9.778,3.763,104.9,1.497,3.212,0.0,4.5,1.5,0.7
1788442950.63,turning,11.273,3.678,73.8,0,30,123,9.778,3.763,105.2,1.497,3.212,0.0,4.5,1.5,0.69
1788442950.684,turning,11.273,3.678,73.0,0,30,123,9.778,3.763,105.9,1.497,3.212,0.0,4.5,1.5,0.69
1788442950.74,turning,11.273,3.678,72.7,0,30,123,9.778,3.763,106.3,1.497,3.212,0.0,4.5,1.5,0.69
1788442950.793,turning,11.273,3.678,72.0,0,30,123,9.778,3.763,106.9,1.497,3.212,0.0,4.5,1.5,0.69
1788442950.857,turning,11.273,3.678,71.6,0,30,123,9.778,3.763,107.2,1.497,3.212,0.0,4.5,1.5,0.69
1788442950.915,turning,11.273,3.678,71.3,0,30,123,9.778,3.763,107.4,1.497,3.212,0.0,4.5,1.5,0.69
1788442950.976,turning,11.273,3.678,70.8,0,30,123,9.778,3.763,108.0,1.497,3.212,0.0,4.5,1.5,0.69
1788442951.036,turning,11.273,3.678,70.5,0,30,123,9.778,3.763,108.2,1.497,3.212,0.0,4.5,1.5,0.69
1788442951.089,turning,11.273,3.678,69.9,0,30,123,9.778,3.763,108.7,1.497,3.212,0.0,4.5,1.5,0.69
1788442951.147,turning,11.273,3.678,69.7,0,30,123,9.778,3.763,108.9,1.497,3.212,0.0,4.5,1.5,0.69
1788442951.2,turning,11.269,3.682,69.2,0,30,123,9.778,3.763,109.4,1.494,3.208,0.0,4.5,1.5,0.69
1788442951.26,turning,11.267,3.687,68.9,0,30,123,9.778,3.763,109.6,1.491,3.202,0.0,4.5,1.5,0.69
1788442951.318,turning,11.265,3.691,68.2,0,30,123,9.778,3.763,110.2,1.489,3.199,0.0,4.5,1.5,0.68
1788442951.377,turning,11.265,3.691,67.9,0,30,123,9.778,3.763,110.6,1.489,3.199,0.0,4.5,1.5,0.68
1788442951.434,turning,11.265,3.691,67.1,0,30,123,9.778,3.763,111.3,1.489,3.199,0.0,4.5,1.5,0.68
1788442951.489,turning,11.265,3.691,66.7,0,30,123,9.778,3.763,111.7,1.489,3.199,0.0,4.5,1.5,0.68
1788442951.544,turning,11.265,3.691,66.0,0,30,123,9.778,3.763,112.3,1.489,3.199,0.0,4.5,1.5,0.68
1788442951.598,turning,11.265,3.691,65.7,0,30,123,9.778,3.763,112.6,1.489,3.199,0.0,4.5,1.5,0.68
1788442951.663,turning,11.265,3.691,65.1,0,30,123,9.778,3.763,113.2,1.489,3.199,0.0,4.5,1.5,0.68
1788442951.725,turning,11.265,3.691,64.8,0,30,123,9.778,3.763,113.5,1.489,3.199,0.0,4.5,1.5,0.68
1788442951.788,turning,11.265,3.691,64.5,0,30,123,9.778,3.763,113.7,1.489,3.199,0.0,4.5,1.5,0.68
1788442951.841,turning,11.265,3.691,64.5,0,30,123,9.778,3.763,113.7,1.489,3.199,0.0,4.5,1.5,0.68
1788442951.897,turning,11.265,3.691,64.5,0,30,123,9.778,3.763,113.7,1.489,3.199,0.0,4.5,1.5,0.68
1788442951.95,turning,11.265,3.691,64.5,0,30,123,9.778,3.763,113.7,1.489,3.199,0.0,4.5,1.5,0.68
1788442952.006,turning,11.264,3.692,64.7,0,30,123,9.778,3.763,113.4,1.488,3.198,0.0,4.5,1.5,0.68
1788442952.058,turning,11.259,3.697,65.4,0,30,123,9.778,3.763,112.7,1.483,3.193,0.0,4.5,1.5,0.68
1788442952.113,turning,11.258,3.698,65.6,0,30,123,9.778,3.763,112.6,1.482,3.192,0.0,4.5,1.5,0.68
1788442952.168,turning,11.258,3.698,65.6,0,30,122,9.778,3.763,112.5,1.482,3.192,0.0,4.5,1.5,0.68
1788442952.219,turning,11.258,3.698,65.6,0,30,122,9.778,3.763,112.5,1.482,3.192,0.0,4.5,1.5,0.68
1788442952.272,turning,11.258,3.698,65.6,0,30,122,9.778,3.763,112.5,1.482,3.192,0.0,4.5,1.5,0.68
1788442952.324,turning,11.258,3.698,65.6,0,30,122,9.778,3.763,112.5,1.482,3.192,0.0,4.5,1.5,0.68
1788442952.379,turning,11.258,3.698,68.4,0,30,122,9.778,3.763,109.6,1.482,3.192,0.0,4.5,1.5,0.68
1788442952.436,turning,11.258,3.698,71.7,0,30,122,9.778,3.763,106.3,1.482,3.192,0.0,4.5,1.5,0.68
1788442952.5,turning,11.258,3.698,78.3,0,30,122,9.778,3.763,99.8,1.482,3.192,0.0,4.5,1.5,0.68
1788442952.56,turning,11.258,3.698,81.5,0,30,122,9.778,3.763,96.5,1.482,3.192,0.0,4.5,1.5,0.69
1788442952.617,turning,11.258,3.698,88.1,0,30,122,9.778,3.763,89.9,1.482,3.192,0.0,4.5,1.5,0.69
1788442952.671,turning,11.258,3.698,91.4,0,30,122,9.778,3.763,86.6,1.482,3.192,0.0,4.436,1.5,0.69
1788442952.726,turning,11.258,3.698,97.8,0,30,122,9.778,3.763,80.1,1.482,3.192,0.0,4.096,1.5,0.69
1788442952.781,turning,11.258,3.698,101.0,0,30,122,9.778,3.763,76.9,1.482,3.192,0.0,3.929,1.5,0.7
1788442952.831,turning,11.258,3.698,103.9,0,30,122,9.778,3.763,74.0,1.482,3.192,0.0,3.777,1.5,0.7
1788442952.885,turning,11.258,3.698,109.1,0,30,122,9.778,3.763,68.9,1.482,3.192,0.0,3.508,1.5,0.7
1788442952.94,turning,11.258,3.698,111.5,0,30,122,9.778,3.763,66.4,1.482,3.192,0.0,3.381,1.5,0.7
1788442952.994,turning,11.258,3.695,115.8,0,30,122,9.778,3.763,62.2,1.482,3.196,0.0,3.158,1.5,0.7
1788442953.047,turning,11.258,3.691,117.8,0,30,122,9.778,3.763,60.1,1.482,3.2,0.0,3.049,1.5,0.7
1788442953.103,turning,11.261,3.694,120.7,0,30,122,9.778,3.763,57.1,1.485,3.197,0.0,2.897,1.5,0.71
1788442953.157,turning,11.263,3.699,121.8,0,30,122,9.778,3.763,56.1,1.487,3.191,0.0,2.841,1.5,0.71
1788442953.221,turning,11.265,3.709,123.8,0,30,125,9.776,3.764,54.1,1.491,3.181,0.0,2.739,1.5,0.71
1788442953.285,turning,11.266,3.714,124.7,0,30,125,9.776,3.764,53.1,1.491,3.176,0.0,2.687,1.5,0.71
1788442953.341,turning,11.263,3.711,127.3,0,30,125,9.776,3.764,50.5,1.488,3.18,0.0,2.551,1.5,0.71
1788442953.401,turning,11.259,3.705,128.9,0,30,125,9.776,3.764,49.0,1.485,3.186,0.0,2.471,1.5,0.71
1788442953.459,turning,11.252,3.698,131.6,0,30,125,9.776,3.764,46.3,1.478,3.193,0.0,2.4,1.5,0.72
1788442953.511,turning,11.248,3.696,132.9,1,31,125,9.726,3.766,44.9,1.524,3.196,0.0,2.4,1.5,0.72
1788442953.562,turning,11.245,3.695,134.8,1,31,125,9.726,3.766,43.0,1.521,3.197,0.0,2.4,1.5,0.72
1788442953.612,turning,11.245,3.695,135.6,1,31,125,9.726,3.766,42.2,1.521,3.197,0.0,2.4,1.5,0.72
1788442953.664,turning,11.245,3.696,137.2,1,31,125,9.726,3.766,40.6,1.521,3.196,0.0,2.4,1.5,0.73
1788442953.718,turning,11.244,3.697,137.9,1,31,125,9.726,3.766,39.9,1.52,3.195,0.0,2.4,1.5,0.73
1788442953.774,turning,11.244,3.698,138.7,1,31,125,9.726,3.766,39.1,1.52,3.194,0.0,2.4,1.5,0.73
1788442953.827,turning,11.244,3.698,140.4,1,31,125,9.726,3.766,37.4,1.52,3.194,0.0,2.4,1.5,0.73
1788442953.88,turning,11.244,3.698,141.4,1,31,125,9.726,3.766,36.3,1.52,3.194,0.0,2.4,1.5,0.73
1788442953.938,turning,11.242,3.696,144.1,1,31,125,9.726,3.766,33.7,1.518,3.196,0.0,2.4,1.5,0.73
1788442954.001,turning,11.241,3.696,145.1,1,31,125,9.726,3.766,32.6,1.517,3.196,0.0,2.4,1.5,0.74
1788442954.063,turning,11.241,3.696,146.8,1,31,125,9.726,3.766,31.0,1.517,3.196,0.0,2.4,1.5,0.74
1788442954.127,turning,11.241,3.696,147.6,1,31,125,9.726,3.766,30.1,1.517,3.196,0.0,2.4,1.5,0.75
1788442954.184,turning,11.241,3.696,149.2,1,31,125,9.726,3.766,28.5,1.517,3.196,0.0,2.4,1.5,0.75
1788442954.241,turning,11.238,3.699,150.0,0,30,122,9.726,3.717,27.8,1.513,3.194,0.0,2.4,1.5,0.77
1788442954.295,turning,11.23,3.706,151.4,0,30,122,9.726,3.717,26.4,1.505,3.187,0.0,2.4,1.5,0.77
1788442954.352,turning,11.229,3.707,152.2,0,30,122,9.726,3.717,25.7,1.504,3.187,0.0,2.4,1.5,0.78
1788442954.405,turning,11.229,3.707,153.8,0,30,122,9.726,3.717,24.1,1.504,3.187,0.0,2.4,1.5,0.78
1788442954.458,turning,11.229,3.707,154.6,0,30,122,9.726,3.717,23.3,1.504,3.187,0.0,2.4,1.5,0.8
1788442954.509,turning,11.229,3.707,156.3,0,30,122,9.726,3.717,21.7,1.504,3.187,0.0,2.4,1.5,0.8
1788442954.563,turning,11.229,3.708,157.1,0,30,122,9.726,3.717,21.0,1.503,3.186,0.0,2.4,1.5,0.82
1788442954.615,turning,11.228,3.709,158.7,0,30,122,9.726,3.717,19.4,1.502,3.185,0.0,2.4,1.5,0.82
1788442954.673,turning,11.228,3.709,159.5,0,30,122,9.726,3.717,18.6,1.502,3.185,0.0,2.4,1.5,0.85
1788442954.735,turning,11.228,3.709,160.3,0,30,122,9.726,3.717,17.8,1.502,3.185,0.0,2.4,1.5,0.85
1788442954.799,turning,11.228,3.709,161.9,0,30,122,9.726,3.717,16.2,1.502,3.185,0.0,2.4,1.5,0.87
1788442954.866,turning,11.228,3.709,162.8,0,30,122,9.726,3.717,15.5,1.502,3.185,0.0,2.4,1.5,0.87
1788442954.925,turning,11.232,3.708,159.6,0,30,122,9.726,3.717,18.6,1.507,3.185,0.0,2.4,1.5,0.89
1788442954.983,turning,11.237,3.708,157.7,0,30,122,9.726,3.717,20.6,1.511,3.185,0.0,2.4,1.5,0.89
1788442955.037,turning,11.24,3.708,154.2,0,30,122,9.726,3.717,24.1,1.514,3.185,0.0,2.4,1.5,0.85
1788442955.09,turning,11.24,3.708,152.6,0,30,122,9.726,3.717,25.7,1.514,3.185,0.0,2.4,1.5,0.85
1788442955.144,turning,11.24,3.708,149.4,0,30,122,9.726,3.717,29.0,1.514,3.185,0.0,2.4,1.5,0.83
1788442955.195,turning,11.24,3.708,147.8,0,30,122,9.726,3.717,30.6,1.514,3.185,0.0,2.4,1.5,0.83
1788442955.251,turning,11.24,3.709,144.5,0,30,123,9.726,3.766,33.9,1.515,3.183,0.0,2.4,1.5,0.8
1788442955.304,turning,11.24,3.711,142.9,0,30,123,9.726,3.766,35.5,1.515,3.182,0.0,2.4,1.5,0.8
1788442955.359,turning,11.24,3.711,139.6,0,30,123,9.726,3.766,38.8,1.515,3.181,0.0,2.4,1.5,0.79
1788442955.413,turning,11.24,3.711,138.0,0,30,123,9.726,3.766,40.4,1.515,3.181,0.0,2.4,1.5,0.79
1788442955.467,turning,11.24,3.711,134.8,0,30,123,9.726,3.766,43.6,1.515,3.181,0.0,2.4,1.5,0.78
1788442955.526,turning,11.24,3.711,133.2,0,30,123,9.726,3.766,45.1,1.515,3.181,0.0,2.4,1.5,0.78
1788442955.587,turning,11.238,3.709,130.0,0,30,123,9.726,3.766,48.3,1.513,3.184,0.0,2.411,1.5,0.78
1788442955.651,turning,11.236,3.707,128.4,0,30,123,9.726,3.766,49.9,1.512,3.187,0.0,2.494,1.5,0.78
1788442955.713,turning,11.235,3.705,126.8,0,30,123,9.726,3.766,51.5,1.511,3.188,0.0,2.578,1.5,0.78
1788442955.771,turning,11.235,3.705,123.6,0,30,123,9.726,3.766,54.7,1.511,3.188,0.0,2.745,1.5,0.78
1788442955.826,turning,11.235,3.704,122.1,0,30,123,9.726,3.766,56.2,1.511,3.189,0.0,2.828,1.5,0.78
1788442955.886,turning,11.236,3.698,118.9,0,30,123,9.726,3.766,59.3,1.512,3.195,0.0,2.992,1.5,0.78
1788442955.941,turning,11.236,3.697,117.3,0,30,123,9.726,3.766,60.9,1.512,3.196,0.0,3.075,1.5,0.78
1788442955.994,turning,11.236,3.697,114.1,0,30,123,9.726,3.766,64.1,1.512,3.196,0.0,3.243,1.5,0.78
1788442956.05,turning,11.235,3.695,112.8,0,30,123,9.726,3.766,65.4,1.511,3.198,0.0,3.314,1.5,0.78
1788442956.103,turning,11.231,3.69,110.3,0,30,123,9.726,3.766,67.9,1.508,3.204,0.0,3.443,1.5,0.78
1788442956.159,turning,11.231,3.689,108.8,0,30,123,9.726,3.766,69.3,1.507,3.204,0.0,3.521,1.5,0.78
1788442956.212,turning,11.231,3.689,105.6,0,30,123,9.726,3.766,72.5,1.507,3.204,0.0,3.688,1.5,0.78
1788442956.269,turning,11.227,3.69,103.7,0,30,123,9.726,3.766,74.4,1.503,3.204,0.0,3.79,1.5,0.78
1788442956.326,turning,11.214,3.692,99.6,0,30,123,9.726,3.766,78.5,1.49,3.203,0.0,4.004,1.5,0.78
1788442956.392,turning,11.213,3.692,97.9,0,30,123,9.726,3.766,80.1,1.489,3.203,0.0,4.091,1.5,0.78
1788442956.454,turning,11.213,3.692,94.7,0,30,123,9.726,3.766,83.3,1.489,3.203,0.0,4.259,1.5,0.78
1788442956.512,turning,11.211,3.697,93.3,0,30,123,9.726,3.766,84.7,1.487,3.199,0.0,4.333,1.5,0.78
1788442956.569,turning,11.206,3.706,90.7,0,30,123,9.726,3.766,87.3,1.482,3.19,0.0,4.469,1.5,0.78
1788442956.622,turning,11.206,3.706,89.3,0,30,123,9.726,3.766,88.7,1.482,3.19,0.0,4.5,1.5,0.78
1788442956.678,turning,11.206,3.706,87.8,0,30,123,9.726,3.766,90.2,1.482,3.19,0.0,4.5,1.5,0.78
1788442956.732,turning,11.198,3.713,85.2,1,31,123,9.676,3.767,92.8,1.523,3.184,0.0,4.5,1.5,0.77
1788442956.786,turning,11.189,3.72,83.9,1,31,123,9.676,3.767,94.1,1.514,3.178,0.0,4.5,1.5,0.77
1788442956.843,turning,11.182,3.727,81.6,1,31,123,9.676,3.767,96.5,1.506,3.172,0.0,4.5,1.5,0.77
1788442956.894,turning,11.182,3.727,80.4,1,31,123,9.676,3.767,97.6,1.506,3.172,0.0,4.5,1.5,0.77
1788442956.95,turning,11.176,3.732,78.3,1,31,123,9.676,3.767,99.8,1.501,3.169,0.0,4.5,1.5,0.77
1788442957.002,turning,11.171,3.736,77.2,1,31,123,9.676,3.767,100.8,1.496,3.165,0.0,4.5,1.5,0.77
1788442957.061,turning,11.167,3.739,75.3,1,31,123,9.676,3.767,102.8,1.492,3.162,0.0,4.5,1.5,0.76
1788442957.121,turning,11.167,3.739,74.4,1,31,123,9.676,3.767,103.7,1.492,3.162,0.0,4.5,1.5,0.76
