t,state,x,y,yaw_deg,i0,ci,n,aim_x,aim_y,herr_deg,dist_aim,dist_goal,vx,wz,la,clear
1788455244.004,driving,1.0,1.0,0.0,0,30,83,2.475,0.875,-4.8,1.48,4.077,0.3,0.0,1.5,1.56
1788455244.06,driving,1.0,1.0,0.0,0,30,83,2.475,0.875,-4.8,1.48,4.077,0.3,0.0,1.5,1.56
1788455244.116,driving,1.003,1.0,0.0,0,30,83,2.475,0.875,-4.8,1.477,4.074,0.3,0.0,1.5,1.56
1788455244.17,driving,1.007,1.0,0.0,1,31,83,2.525,0.875,-4.8,1.523,4.07,0.3,0.0,1.5,1.56
1788455244.223,driving,1.02,1.0,0.0,1,31,83,2.525,0.875,-4.8,1.51,4.057,0.3,0.0,1.5,1.56
1788455244.28,driving,1.029,1.0,0.0,1,31,83,2.525,0.875,-4.8,1.501,4.048,0.3,0.0,1.5,1.56
1788455244.335,driving,1.05,1.0,0.0,1,31,83,2.525,0.875,-4.8,1.481,4.027,0.3,0.0,1.5,1.56
1788455244.39,driving,1.06,1.0,0.0,2,32,83,2.575,0.875,-4.8,1.52,4.017,0.3,0.0,1.5,1.56
1788455244.445,driving,1.08,1.0,0.0,2,32,83,2.575,0.875,-4.8,1.5,3.997,0.3,0.0,1.5,1.56
1788455244.5,driving,1.09,1.0,0.0,2,32,83,2.575,0.875,-4.8,1.49,3.987,0.3,0.0,1.5,1.56
1788455244.555,driving,1.101,1.0,0.0,2,32,83,2.575,0.875,-4.8,1.48,3.976,0.3,0.0,1.5,1.56
1788455244.615,driving,1.121,1.0,0.0,3,33,83,2.625,0.875,-4.8,1.509,3.956,0.3,0.0,1.5,1.56
1788455244.677,driving,1.131,1.0,0.0,3,33,83,2.625,0.875,-4.8,1.499,3.946,0.3,0.0,1.5,1.56
1788455244.737,driving,1.152,1.0,0.0,3,33,83,2.625,0.875,-4.8,1.479,3.925,0.3,0.0,1.5,1.56
1788455244.796,driving,1.162,1.0,0.0,4,34,83,2.675,0.875,-4.8,1.518,3.915,0.3,0.0,1.5,1.56
1788455244.855,driving,1.182,1.0,0.0,4,34,83,2.675,0.875,-4.8,1.498,3.895,0.3,0.0,1.5,1.56
1788455244.908,driving,1.192,1.0,0.0,4,34,83,2.675,0.875,-4.8,1.488,3.885,0.3,0.0,1.5,1.56
1788455244.962,driving,1.213,1.0,0.0,5,35,83,2.725,0.875,-4.8,1.517,3.864,0.3,0.0,1.5,1.56
1788455245.017,driving,1.223,1.0,0.0,0,30,78,2.725,0.875,-4.8,1.507,3.854,0.3,0.0,1.5,1.56
1788455245.068,driving,1.244,1.001,0.2,0,30,78,2.725,0.875,-5.0,1.486,3.833,0.3,0.0,1.5,1.56
1788455245.123,driving,1.255,1.001,0.4,0,30,78,2.725,0.875,-5.2,1.476,3.822,0.3,0.0,1.5,1.56
1788455245.176,driving,1.275,1.002,0.5,1,31,78,2.775,0.875,-5.3,1.505,3.802,0.3,0.0,1.5,1.56
1788455245.23,driving,1.286,1.002,0.5,1,31,78,2.775,0.875,-5.3,1.495,3.792,0.3,0.0,1.5,1.56
1788455245.286,driving,1.306,1.002,0.5,1,31,78,2.775,0.875,-5.3,1.474,3.771,0.3,0.0,1.5,1.56
1788455245.34,driving,1.316,1.002,0.5,2,32,78,2.825,0.875,-5.3,1.514,3.761,0.3,0.0,1.5,1.56
1788455245.4,driving,1.337,1.002,0.5,2,32,78,2.825,0.875,-5.3,1.494,3.741,0.3,0.0,1.5,1.56
1788455245.468,driving,1.347,1.003,0.5,2,32,78,2.825,0.875,-5.3,1.484,3.73,0.3,0.0,1.5,1.56
1788455245.53,driving,1.355,1.003,0.6,2,32,78,2.825,0.875,-5.5,1.475,3.722,0.3,0.0,1.5,1.56
1788455245.594,driving,1.368,1.005,1.1,3,33,78,2.875,0.875,-6.0,1.512,3.709,0.3,0.0,1.5,1.56
1788455245.65,driving,1.377,1.006,1.2,3,33,78,2.875,0.875,-6.1,1.504,3.701,0.3,0.0,1.5,1.56
1788455245.719,driving,1.397,1.006,1.2,3,33,78,2.875,0.875,-6.1,1.484,3.68,0.3,0.0,1.5,1.56
1788455245.78,driving,1.407,1.006,1.2,3,33,78,2.875,0.875,-6.1,1.474,3.67,0.3,0.0,1.5,1.56
1788455245.834,driving,1.428,1.007,1.2,4,34,78,2.925,0.875,-6.1,1.503,3.65,0.3,0.0,1.5,1.56
1788455245.89,driving,1.438,1.007,1.2,4,34,78,2.925,0.875,-6.1,1.493,3.64,0.3,0.0,1.5,1.56
1788455245.945,driving,1.458,1.007,1.2,4,34,78,2.925,0.875,-6.1,1.473,3.619,0.3,0.0,1.5,1.56
1788455245.997,driving,1.469,1.007,1.1,5,35,78,2.975,0.875,-6.0,1.512,3.609,0.3,0.0,1.5,1.56
1788455246.052,driving,1.49,1.005,0.8,0,30,73,2.975,0.875,-5.6,1.491,3.587,0.3,0.0,1.5,1.56
1788455246.105,driving,1.5,1.005,0.7,1,31,73,3.025,0.875,-5.6,1.53,3.577,0.3,0.0,1.5,1.56
1788455246.163,driving,1.521,1.006,0.7,1,31,73,3.025,0.875,-5.6,1.51,3.557,0.3,0.0,1.5,1.56
1788455246.224,driving,1.531,1.006,0.7,1,31,73,3.025,0.875,-5.6,1.5,3.547,0.3,0.0,1.5,1.56
1788455246.286,driving,1.551,1.006,0.7,2,32,73,3.075,0.875,-5.6,1.529,3.526,0.3,0.0,1.5,1.56
1788455246.349,driving,1.561,1.006,0.7,2,32,73,3.075,0.875,-5.6,1.519,3.516,0.3,0.0,1.5,1.56
1788455246.407,driving,1.582,1.006,0.7,2,32,73,3.075,0.875,-5.6,1.499,3.496,0.3,0.0,1.5,1.56
1788455246.463,driving,1.591,1.004,0.3,2,32,73,3.075,0.875,-5.2,1.489,3.486,0.3,0.0,1.5,1.56
1788455246.516,driving,1.6,1.001,-0.1,3,33,73,3.125,0.875,-4.8,1.53,3.477,0.3,0.0,1.5,1.56
1788455246.57,driving,1.62,0.997,-0.5,3,33,73,3.125,0.875,-4.4,1.51,3.458,0.3,0.0,1.5,1.56
1788455246.622,driving,1.63,0.997,-0.5,3,33,73,3.125,0.875,-4.4,1.5,3.447,0.3,0.0,1.5,1.56
1788455246.676,driving,1.65,0.997,-0.5,4,34,73,3.175,0.875,-4.4,1.53,3.427,0.3,0.0,1.5,1.56
1788455246.729,driving,1.66,0.997,-0.5,4,34,73,3.175,0.875,-4.4,1.52,3.417,0.3,0.0,1.5,1.56
1788455246.785,driving,1.681,0.997,-0.5,4,34,73,3.175,0.875,-4.3,1.499,3.396,0.3,0.0,1.5,1.56
1788455246.835,driving,1.691,0.997,-0.5,4,34,73,3.175,0.875,-4.3,1.489,3.386,0.3,0.0,1.5,1.56
1788455246.888,driving,1.704,0.997,-0.5,5,35,73,3.225,0.875,-4.4,1.526,3.373,0.3,0.0,1.5,1.56
1788455246.946,driving,1.707,0.998,-0.4,5,35,73,3.225,0.875,-4.4,1.523,3.37,0.3,0.0,1.5,1.56
1788455247.007,driving,1.723,0.999,-0.4,5,35,73,3.225,0.875,-4.5,1.507,3.354,0.3,0.0,1.5,1.56
1788455247.068,driving,1.733,0.999,-0.4,0,30,68,3.225,0.875,-4.4,1.497,3.344,0.3,0.0,1.5,1.56
1788455247.126,driving,1.754,0.998,-0.4,0,30,68,3.225,0.875,-4.4,1.477,3.324,0.3,0.0,1.5,1.56
1788455247.183,driving,1.764,0.998,-0.4,1,31,68,3.275,0.875,-4.4,1.516,3.314,0.3,0.0,1.5,1.56
1788455247.235,driving,1.784,0.998,-0.4,1,31,68,3.275,0.875,-4.4,1.496,3.293,0.3,0.0,1.5,1.56
1788455247.288,driving,1.794,0.998,-0.4,1,31,68,3.275,0.875,-4.4,1.486,3.283,0.3,0.0,1.5,1.56
1788455247.342,driving,1.81,0.997,-0.5,2,32,68,3.325,0.875,-4.3,1.52,3.267,0.3,0.0,1.5,1.56
1788455247.394,driving,1.817,0.996,-0.6,2,32,68,3.325,0.875,-4.2,1.513,3.261,0.3,0.0,1.5,1.56
1788455247.447,driving,1.825,0.996,-0.7,2,32,68,3.325,0.875,-4.2,1.505,3.252,0.3,0.0,1.5,1.56
1788455247.501,driving,1.845,0.996,-0.7,2,32,68,3.325,0.875,-4.1,1.484,3.232,0.3,0.0,1.5,1.56
1788455247.559,driving,1.856,0.996,-0.7,2,32,68,3.325,0.875,-4.1,1.474,3.222,0.3,0.0,1.5,1.56
1788455247.611,driving,1.876,0.995,-0.7,3,33,68,3.375,0.875,-4.1,1.504,3.201,0.3,0.0,1.5,1.56
1788455247.667,driving,1.886,0.995,-0.7,3,33,68,3.375,0.875,-4.1,1.494,3.191,0.3,0.0,1.5,1.56
1788455247.723,driving,1.907,0.995,-0.7,3,33,68,3.375,0.875,-4.1,1.473,3.171,0.3,0.0,1.5,1.56
1788455247.784,driving,1.917,0.998,-0.3,4,34,68,3.425,0.875,-4.5,1.513,3.16,0.3,0.0,1.5,1.56
1788455247.843,driving,1.938,1.007,0.7,4,34,68,3.425,0.875,-5.5,1.493,3.14,0.3,0.0,1.5,1.56
1788455247.905,driving,1.948,1.008,0.8,4,34,68,3.425,0.875,-5.6,1.483,3.13,0.3,0.0,1.5,1.56
1788455247.963,driving,1.969,1.008,0.8,5,35,68,3.475,0.875,-5.6,1.512,3.109,0.3,0.0,1.5,1.56
1788455248.016,driving,1.979,1.008,0.8,5,35,68,3.475,0.875,-5.6,1.502,3.099,0.3,0.0,1.5,1.56
1788455248.068,driving,1.999,1.009,0.8,5,35,68,3.475,0.875,-5.6,1.482,3.079,0.3,0.0,1.5,1.56
1788455248.122,driving,2.01,1.009,0.8,1,31,63,3.525,0.725,-5.8,1.542,3.068,0.3,0.0,1.5,1.56
1788455248.177,driving,2.03,1.009,0.8,1,31,63,3.525,0.725,-5.9,1.522,3.048,0.3,0.0,1.5,1.56
1788455248.24,driving,2.042,1.013,1.2,1,31,63,3.525,0.725,-6.5,1.511,3.036,0.3,0.0,1.5,1.56
1788455248.297,driving,2.066,1.023,2.2,2,32,63,3.575,0.725,-7.6,1.538,3.013,0.3,0.0,1.5,1.56
1788455248.357,driving,2.076,1.023,2.2,2,32,63,3.575,0.725,-7.7,1.528,3.002,0.3,0.0,1.5,1.56
1788455248.414,driving,2.086,1.024,2.2,2,32,63,3.575,0.725,-7.9,1.518,2.992,0.3,0.0,1.5,1.56
1788455248.478,driving,2.107,1.025,2.2,3,33,63,3.625,0.725,-8.0,1.547,2.972,0.3,0.0,1.5,1.56
1788455248.535,driving,2.117,1.025,2.2,3,33,63,3.625,0.725,-8.2,1.538,2.962,0.3,0.0,1.5,1.56
1788455248.596,driving,2.137,1.026,2.2,3,33,63,3.625,0.725,-8.3,1.518,2.941,0.3,0.0,1.5,1.56
1788455248.655,driving,2.148,1.026,2.2,3,33,63,3.625,0.725,-8.4,1.508,2.931,0.3,0.0,1.5,1.56
1788455248.712,driving,2.167,1.025,2.1,4,34,63,3.675,0.725,-8.4,1.537,2.912,0.3,0.0,1.5,1.56
1788455248.769,driving,2.177,1.023,2.0,4,34,63,3.675,0.725,-8.4,1.528,2.902,0.3,0.0,1.5,1.56
1788455248.824,driving,2.196,1.022,1.9,4,34,63,3.675,0.725,-8.5,1.508,2.882,0.3,0.0,1.5,1.56
1788455248.877,driving,2.207,1.023,1.9,5,35,63,3.725,0.725,-8.6,1.547,2.872,0.3,0.0,1.5,1.56
1788455248.929,driving,2.227,1.023,1.9,5,35,63,3.725,0.725,-8.7,1.527,2.852,0.3,0.0,1.5,1.56
1788455248.983,driving,2.237,1.024,1.9,5,35,63,3.725,0.725,-8.8,1.517,2.842,0.3,0.0,1.5,1.56
1788455249.035,driving,2.258,1.024,1.9,5,35,63,3.725,0.725,-8.9,1.498,2.821,0.3,0.0,1.5,1.56
1788455249.088,driving,2.268,1.025,1.9,6,36,63,3.775,0.725,-9.0,1.537,2.811,0.3,0.0,1.5,1.56
1788455249.14,driving,2.288,1.022,1.7,0,30,57,3.775,0.775,-8.9,1.508,2.791,0.3,0.0,1.5,1.56
1788455249.192,driving,2.297,1.021,1.6,0,30,57,3.775,0.775,-8.8,1.498,2.781,0.3,0.0,1.5,1.56
1788455249.248,driving,2.318,1.02,1.5,1,31,57,3.825,0.775,-8.8,1.527,2.761,0.3,0.0,1.5,1.56
1788455249.306,driving,2.328,1.02,1.5,1,31,57,3.825,0.775,-8.9,1.517,2.751,0.3,0.0,1.5,1.56
1788455249.372,driving,2.338,1.02,1.5,1,31,57,3.825,0.775,-8.9,1.507,2.741,0.3,0.0,1.5,1.56
1788455249.43,driving,2.358,1.021,1.5,2,32,57,3.875,0.775,-8.9,1.536,2.721,0.3,0.0,1.5,1.56
1788455249.49,driving,2.369,1.021,1.5,2,32,57,3.875,0.775,-9.0,1.526,2.71,0.3,0.0,1.5,1.56
1788455249.544,driving,2.389,1.022,1.5,2,32,57,3.875,0.775,-9.0,1.506,2.69,0.3,0.0,1.5,1.56
1788455249.597,driving,2.398,1.022,1.5,2,32,57,3.875,0.775,-9.1,1.498,2.681,0.3,0.0,1.5,1.56
1788455249.651,driving,2.412,1.023,1.6,3,33,57,3.925,0.775,-9.3,1.533,2.667,0.3,0.0,1.5,1.56
1788455249.703,driving,2.422,1.024,1.6,3,33,57,3.925,0.775,-9.3,1.524,2.657,0.3,0.0,1.5,1.56
1788455249.757,driving,2.442,1.024,1.6,3,33,57,3.925,0.775,-9.4,1.504,2.637,0.3,0.0,1.5,1.56
1788455249.813,driving,2.452,1.025,1.6,3,33,57,3.925,0.775,-9.4,1.494,2.627,0.3,0.0,1.5,1.56
1788455249.868,driving,2.473,1.025,1.6,4,34,57,3.975,0.775,-9.4,1.523,2.607,0.3,0.0,1.5,1.56
1788455249.921,driving,2.483,1.025,1.6,4,34,57,3.975,0.775,-9.5,1.513,2.596,0.3,0.0,1.5,1.56
1788455249.975,driving,2.503,1.026,1.6,4,34,57,3.975,0.775,-9.5,1.493,2.576,0.3,0.0,1.5,1.56
1788455250.03,driving,2.514,1.025,1.2,5,35,57,4.025,0.775,-9.1,1.532,2.566,0.3,0.0,1.5,1.56
1788455250.089,driving,2.534,1.022,0.0,5,35,57,4.025,0.775,-8.0,1.511,2.545,0.3,0.0,1.5,1.56
1788455250.151,driving,2.544,1.021,-0.0,0,30,52,4.025,0.775,-8.0,1.501,2.535,0.3,0.0,1.5,1.56
1788455250.208,driving,2.564,1.021,-0.0,1,31,52,4.075,0.775,-8.0,1.53,2.515,0.3,0.0,1.5,1.56
1788455250.269,driving,2.575,1.021,-0.0,1,31,52,4.075,0.775,-8.0,1.52,2.505,0.3,0.0,1.5,1.56
1788455250.326,driving,2.585,1.021,-0.0,1,31,52,4.075,0.775,-8.1,1.51,2.494,0.3,0.0,1.5,1.56
1788455250.382,driving,2.605,1.021,-0.0,2,32,52,4.125,0.775,-8.1,1.54,2.474,0.3,0.0,1.5,1.56
1788455250.433,driving,2.615,1.021,-0.0,2,32,52,4.125,0.775,-8.1,1.529,2.464,0.3,0.0,1.5,1.56
1788455250.488,driving,2.633,1.022,-0.1,2,32,52,4.125,0.775,-8.1,1.512,2.446,0.3,0.0,1.5,1.56
1788455250.54,driving,2.641,1.022,-0.1,2,32,52,4.125,0.775,-8.1,1.505,2.439,0.3,0.0,1.5,1.56
1788455250.594,driving,2.659,1.023,-0.1,3,33,52,4.175,0.775,-8.2,1.536,2.42,0.3,0.0,1.5,1.56
1788455250.646,driving,2.669,1.023,-0.1,3,33,52,4.175,0.775,-8.2,1.526,2.41,0.3,0.0,1.5,1.56
1788455250.702,driving,2.69,1.022,-0.1,3,33,52,4.175,0.775,-8.2,1.506,2.39,0.3,0.0,1.5,1.56
1788455250.783,driving,2.7,1.022,-0.1,3,33,52,4.175,0.775,-8.3,1.496,2.38,0.3,0.0,1.5,1.56
1788455250.883,driving,2.72,1.022,-0.1,4,34,52,4.225,0.775,-8.3,1.525,2.359,0.3,0.0,1.5,1.56
1788455250.982,driving,2.73,1.022,-0.1,4,34,52,4.225,0.775,-8.3,1.515,2.349,0.3,0.0,1.5,1.56
1788455251.059,driving,2.762,1.019,-0.5,5,35,52,4.275,0.775,-8.0,1.533,2.318,0.3,0.0,1.5,1.56
1788455251.118,driving,2.78,1.016,-0.7,5,35,52,4.275,0.775,-7.7,1.514,2.299,0.3,0.0,1.5,1.56
1788455251.179,driving,2.806,1.013,-0.9,1,31,47,4.325,0.725,-7.6,1.546,2.273,0.3,0.0,1.5,1.56
1788455251.233,driving,2.816,1.013,-0.9,1,31,47,4.325,0.725,-7.6,1.536,2.263,0.3,0.0,1.5,1.56
1788455251.291,driving,2.837,1.013,-0.9,1,31,47,4.325,0.725,-7.7,1.516,2.242,0.3,0.0,1.5,1.55
1788455251.346,driving,2.847,1.013,-0.9,1,31,47,4.325,0.725,-7.7,1.506,2.232,0.3,0.0,1.5,1.55
1788455251.403,driving,2.857,1.013,-0.9,2,32,47,4.375,0.725,-7.8,1.545,2.222,0.3,0.0,1.5,1.53
1788455251.456,driving,2.878,1.012,-0.9,2,32,47,4.375,0.725,-7.8,1.525,2.202,0.3,0.0,1.5,1.53
1788455251.51,driving,2.89,1.012,-0.9,2,32,47,4.375,0.725,-7.9,1.512,2.189,0.3,0.0,1.5,1.5
1788455251.562,driving,2.919,1.011,-0.8,3,33,47,4.425,0.725,-8.1,1.533,2.16,0.3,0.0,1.5,1.5
1788455251.617,driving,2.931,1.011,-0.8,3,33,47,4.425,0.725,-8.1,1.521,2.148,0.3,0.0,1.5,1.47
1788455251.682,driving,2.952,1.01,-0.8,4,34,47,4.474,0.737,-8.2,1.546,2.128,0.3,0.0,1.5,1.47
1788455251.74,driving,2.962,1.01,-0.8,4,34,47,4.474,0.737,-8.2,1.536,2.117,0.3,0.0,1.5,1.44
1788455251.801,driving,2.982,1.01,-0.8,4,34,47,4.474,0.737,-8.2,1.516,2.097,0.3,0.0,1.5,1.44
1788455251.859,driving,2.993,1.01,-0.8,4,34,47,4.474,0.737,-8.3,1.506,2.087,0.3,0.0,1.5,1.41
1788455251.914,driving,3.013,1.009,-0.8,5,35,47,4.522,0.749,-8.3,1.531,2.066,0.3,0.0,1.5,1.41
1788455251.968,driving,3.027,1.012,-0.6,5,35,47,4.522,0.749,-8.5,1.518,2.053,0.3,0.0,1.5,1.38
1788455252.022,driving,3.056,1.018,-0.1,5,35,47,4.522,0.749,-9.0,1.49,2.024,0.3,0.0,1.5,1.38
1788455252.079,driving,3.067,1.018,-0.0,6,36,47,4.571,0.761,-9.1,1.525,2.013,0.3,0.0,1.5,1.35
1788455252.132,driving,3.087,1.018,-0.0,6,36,47,4.571,0.761,-9.1,1.505,1.993,0.3,0.0,1.5,1.35
1788455252.185,driving,3.098,1.018,-0.0,6,36,47,4.571,0.761,-9.1,1.495,1.983,0.3,0.0,1.5,1.33
1788455252.239,driving,3.118,1.018,-0.0,1,31,41,4.616,0.726,-9.2,1.526,1.962,0.3,0.0,1.5,1.33
1788455252.293,driving,3.128,1.018,-0.0,1,31,41,4.616,0.726,-9.2,1.516,1.952,0.3,0.0,1.5,1.3
1788455252.347,driving,3.138,1.018,-0.0,1,31,41,4.616,0.726,-9.3,1.506,1.942,0.3,0.0,1.5,1.3
1788455252.404,driving,3.161,1.02,0.0,2,32,41,4.663,0.743,-9.3,1.527,1.919,0.3,0.0,1.5,1.27
1788455252.469,driving,3.174,1.023,0.1,2,32,41,4.663,0.743,-9.4,1.515,1.907,0.3,0.0,1.5,1.27
1788455252.528,driving,3.197,1.025,0.1,2,32,41,4.663,0.743,-9.5,1.493,1.884,0.3,0.0,1.5,1.24
1788455252.587,driving,3.207,1.025,0.1,3,33,41,4.71,0.76,-9.5,1.526,1.874,0.3,0.0,1.5,1.24
1788455252.646,driving,3.227,1.025,0.1,3,33,41,4.71,0.76,-9.5,1.506,1.854,0.3,0.0,1.5,1.21
1788455252.698,driving,3.237,1.025,0.1,3,33,41,4.71,0.76,-9.6,1.496,1.844,0.3,0.0,1.5,1.21
1788455252.752,driving,3.258,1.025,0.1,4,34,41,4.757,0.778,-9.6,1.519,1.823,0.299,0.0,1.5,1.19
1788455252.806,driving,3.268,1.025,0.1,4,34,41,4.757,0.778,-9.6,1.509,1.813,0.299,0.0,1.5,1.19
1788455252.862,driving,3.29,1.026,0.1,4,34,41,4.757,0.778,-9.6,1.488,1.792,0.296,0.0,1.5,1.16
1788455252.917,driving,3.301,1.027,0.1,4,34,41,4.757,0.778,-9.5,1.477,1.78,0.296,0.0,1.5,1.16
1788455252.973,driving,3.322,1.028,0.1,5,35,41,4.804,0.795,-9.5,1.5,1.76,0.293,0.0,1.5,1.13
1788455253.023,driving,3.332,1.028,0.1,5,35,41,4.804,0.795,-9.5,1.49,1.75,0.293,0.0,1.5,1.13
1788455253.08,driving,3.352,1.028,0.1,5,35,41,4.804,0.795,-9.5,1.47,1.73,0.291,0.0,1.5,1.1
1788455253.131,driving,3.362,1.028,0.1,6,36,41,4.851,0.812,-9.5,1.504,1.72,0.291,0.0,1.5,1.1
1788455253.19,driving,3.382,1.028,0.1,6,36,41,4.851,0.812,-9.5,1.485,1.7,0.288,0.0,1.5,1.08
1788455253.253,driving,3.392,1.028,0.1,0,30,36,4.813,0.767,-9.5,1.445,1.69,0.288,0.0,1.5,1.08
1788455253.316,driving,3.4,1.028,0.1,0,30,36,4.813,0.767,-9.5,1.437,1.682,0.286,0.0,1.5,1.05
1788455253.381,driving,3.413,1.028,0.0,1,31,36,4.861,0.78,-9.4,1.469,1.669,0.286,0.0,1.5,1.05
1788455253.441,driving,3.422,1.029,-0.0,1,31,36,4.861,0.78,-9.4,1.461,1.66,0.283,0.0,1.5,1.02
1788455253.5,driving,3.441,1.029,-0.0,1,31,36,4.861,0.78,-9.5,1.441,1.641,0.283,0.0,1.5,1.02
1788455253.561,driving,3.451,1.029,-0.0,1,31,36,4.861,0.78,-9.5,1.432,1.632,0.281,0.0,1.5,1.0
1788455253.619,driving,3.47,1.029,-0.0,2,14,36,4.039,0.804,-10.2,0.612,1.612,0.281,0.0,0.6,1.0
1788455253.68,driving,3.479,1.029,-0.0,2,14,36,4.039,0.804,-10.9,0.603,1.603,0.279,0.0,0.6,0.97
1788455253.739,driving,3.498,1.029,-0.0,2,14,36,4.039,0.804,-11.6,0.586,1.584,0.279,0.0,0.6,0.97
1788455253.8,driving,3.509,1.026,-0.1,3,15,36,4.087,0.788,-12.1,0.625,1.573,0.276,0.0,0.6,0.95
1788455253.856,driving,3.531,1.021,-0.5,3,15,36,4.087,0.788,-12.4,0.603,1.551,0.276,0.0,0.6,0.95
1788455253.915,driving,3.54,1.02,-0.6,3,15,36,4.087,0.788,-12.9,0.593,1.541,0.274,0.0,0.6,0.92
1788455253.975,driving,3.559,1.02,-0.6,4,16,36,4.134,0.772,-13.5,0.626,1.523,0.274,0.0,0.6,0.92
1788455254.04,driving,3.568,1.02,-0.6,4,16,36,4.134,0.772,-14.1,0.617,1.513,0.272,0.0,0.6,0.9
1788455254.104,driving,3.587,1.019,-0.6,4,16,36,4.134,0.772,-14.7,0.6,1.495,0.272,0.0,0.6,0.9
1788455254.175,driving,3.596,1.019,-0.6,4,16,36,4.134,0.772,-15.3,0.592,1.486,0.269,0.0,0.6,0.87
1788455254.233,driving,3.615,1.019,-0.6,0,12,31,4.162,0.757,-15.9,0.607,1.467,0.269,0.0,0.6,0.87
1788455254.298,turning,3.623,1.02,-0.6,0,12,31,4.162,0.757,-16.5,0.6,1.46,0.0,-2.4,0.6,0.85
1788455254.364,turning,3.63,1.021,-0.5,0,12,31,4.162,0.757,-17.1,0.593,1.452,0.0,-2.4,0.6,0.85
1788455254.429,turning,3.632,1.021,-1.9,0,12,31,4.162,0.757,-16.2,0.592,1.45,0.0,-2.4,0.6,0.83
1788455254.492,turning,3.632,1.021,-2.8,0,12,31,4.162,0.757,-15.8,0.592,1.45,0.0,-2.4,0.6,0.83
1788455254.556,turning,3.632,1.021,-4.5,0,12,31,4.162,0.757,-14.6,0.592,1.45,0.0,-2.4,0.6,0.83
1788455254.613,turning,3.632,1.021,-5.4,0,12,31,4.162,0.757,-14.2,0.592,1.45,0.0,-2.4,0.6,0.83
1788455254.673,turning,3.632,1.021,-7.1,0,12,31,4.162,0.757,-12.9,0.592,1.45,0.0,-2.4,0.6,0.83
1788455254.733,turning,3.632,1.021,-8.0,0,12,31,4.162,0.757,-12.4,0.592,1.45,0.0,-2.4,0.6,0.83
1788455254.804,turning,3.639,1.019,-9.8,0,12,31,4.162,0.757,-11.0,0.585,1.444,0.0,-2.4,0.6,0.82
1788455254.876,turning,3.644,1.017,-10.7,0,12,31,4.162,0.757,-10.4,0.58,1.438,0.0,-2.4,0.6,0.82
1788455254.949,driving,3.648,1.016,-12.5,0,12,31,4.162,0.757,-9.0,0.575,1.434,0.265,0.0,0.6,0.82
1788455254.949,driving,3.648,1.016,-12.5,0,12,31,4.162,0.757,-9.3,0.575,1.434,0.265,0.0,0.6,0.82
1788455255.071,driving,3.651,1.015,-13.5,1,13,31,4.225,0.725,-8.5,0.643,1.431,0.265,0.0,0.6,0.83
1788455255.125,driving,3.655,1.014,-13.5,1,13,31,4.225,0.725,-8.8,0.639,1.427,0.265,0.0,0.6,0.83
1788455255.186,driving,3.667,1.011,-13.5,1,13,31,4.225,0.725,-9.1,0.627,1.414,0.264,0.0,0.6,0.82
1788455255.242,driving,3.676,1.009,-13.5,1,13,31,4.225,0.725,-9.4,0.618,1.405,0.264,0.0,0.6,0.82
1788455255.31,driving,3.694,1.005,-13.3,1,13,30,4.275,0.725,-9.8,0.645,1.388,0.263,0.0,0.6,0.81
1788455255.376,driving,3.702,1.003,-13.1,1,13,30,4.275,0.725,-10.2,0.637,1.379,0.263,0.0,0.6,0.81
1788455255.444,driving,3.711,1.001,-13.0,1,13,30,4.275,0.725,-10.4,0.628,1.37,0.262,0.0,0.6,0.8
1788455255.506,driving,3.728,0.997,-13.0,1,13,30,4.275,0.725,-10.6,0.611,1.352,0.262,0.0,0.6,0.8
1788455255.576,driving,3.737,0.995,-13.0,1,13,30,4.275,0.725,-10.8,0.602,1.343,0.261,0.0,0.6,0.79
1788455255.643,driving,3.754,0.991,-13.0,2,14,30,4.325,0.719,-10.9,0.632,1.326,0.261,0.0,0.6,0.79
1788455255.71,driving,3.763,0.989,-13.0,2,14,30,4.325,0.719,-11.0,0.623,1.317,0.26,0.0,0.6,0.78
1788455255.769,driving,3.78,0.985,-13.0,2,14,30,4.325,0.719,-11.1,0.606,1.299,0.26,0.0,0.6,0.78
1788455255.823,driving,3.789,0.983,-13.0,2,14,30,4.325,0.719,-11.2,0.597,1.291,0.26,0.0,0.6,0.78
1788455255.874,driving,3.806,0.979,-13.0,3,15,30,4.374,0.714,-11.3,0.627,1.273,0.26,0.0,0.6,0.78
1788455255.933,driving,3.815,0.977,-13.0,3,15,30,4.374,0.714,-11.3,0.618,1.264,0.261,0.0,0.6,0.78
1788455255.987,driving,3.832,0.973,-13.0,3,15,30,4.374,0.714,-11.4,0.601,1.247,0.261,0.0,0.6,0.78
1788455256.042,driving,3.841,0.971,-13.0,3,15,30,4.374,0.714,-11.5,0.592,1.238,0.263,0.0,0.6,0.81
1788455256.095,driving,3.858,0.967,-13.0,4,16,30,4.424,0.708,-11.5,0.622,1.22,0.263,0.0,0.6,0.81
1788455256.147,driving,3.87,0.967,-13.0,4,16,30,4.424,0.708,-11.5,0.611,1.208,0.3,0.0,0.6,1.21
1788455256.2,driving,3.896,0.966,-13.1,4,16,30,4.424,0.708,-11.6,0.588,1.183,0.3,0.0,0.6,1.21
1788455256.251,driving,3.906,0.963,-13.1,5,17,30,4.474,0.703,-11.6,0.625,1.172,0.3,0.0,0.6,1.2
1788455256.306,driving,3.926,0.959,-13.1,0,12,25,4.474,0.685,-11.7,0.613,1.152,0.3,0.0,0.6,1.2
1788455256.368,driving,3.936,0.956,-13.1,0,12,25,4.474,0.685,-11.8,0.603,1.142,0.3,0.0,0.6,1.2
1788455256.43,driving,3.946,0.954,-13.1,1,13,25,4.523,0.695,-11.8,0.633,1.132,0.3,0.0,0.6,1.2
1788455256.491,driving,3.966,0.95,-13.1,1,13,25,4.523,0.695,-11.7,0.613,1.112,0.299,0.0,0.6,1.19
1788455256.548,driving,3.976,0.947,-13.1,1,13,25,4.523,0.695,-11.7,0.603,1.102,0.299,0.0,0.6,1.19
1788455256.548,driving,3.976,0.947,-13.1,1,13,25,4.523,0.695,-11.7,0.603,1.102,0.299,0.0,0.6,1.19
1788455256.655,driving,4.006,0.94,-13.0,2,14,25,4.572,0.704,-11.7,0.613,1.071,0.298,0.0,0.6,1.18
1788455256.708,driving,4.026,0.935,-13.0,2,14,25,4.572,0.704,-11.6,0.593,1.051,0.297,0.0,0.6,1.17
1788455256.761,driving,4.036,0.932,-13.0,2,14,25,4.572,0.704,-11.5,0.583,1.041,0.297,0.0,0.6,1.17
1788455256.813,driving,4.055,0.928,-13.0,3,15,25,4.621,0.714,-11.3,0.605,1.021,0.297,0.0,0.6,1.16
1788455256.866,driving,4.065,0.926,-13.0,3,15,25,4.621,0.714,-11.1,0.595,1.011,0.297,0.0,0.6,1.16
1788455256.919,driving,4.085,0.921,-13.0,3,15,25,4.621,0.714,-10.9,0.575,0.991,0.296,0.0,0.6,1.16
1788455256.97,driving,4.095,0.919,-13.0,3,15,25,4.621,0.714,-10.7,0.565,0.981,0.296,0.0,0.6,1.16
1788455257.025,driving,4.129,0.912,-13.1,4,16,25,4.67,0.724,-10.4,0.573,0.947,0.295,0.0,0.6,1.15
1788455257.081,driving,4.15,0.908,-13.1,4,16,25,4.67,0.724,-10.1,0.552,0.926,0.295,0.0,0.6,1.15
1788455257.141,driving,4.176,0.902,-13.1,5,24,25,5.075,0.875,-9.5,0.899,0.899,0.294,0.0,1.5,1.14
1788455257.201,driving,4.186,0.9,-13.1,5,24,25,5.075,0.875,-9.0,0.889,0.889,0.294,0.0,1.5,1.14
1788455257.26,driving,4.206,0.896,-13.1,6,24,25,5.075,0.875,-8.5,0.87,0.87,0.294,0.0,1.5,1.13
1788455257.32,driving,4.215,0.893,-13.1,0,11,18,4.764,0.747,-8.1,0.568,0.86,0.294,0.0,0.6,1.13
1788455257.375,driving,4.225,0.891,-13.1,0,11,18,4.764,0.747,-7.7,0.558,0.85,0.293,0.0,0.6,1.13
1788455257.427,driving,4.244,0.887,-13.1,0,11,18,4.764,0.747,-7.3,0.538,0.831,0.293,0.0,0.6,1.13
1788455257.479,driving,4.26,0.885,-13.3,0,11,18,4.764,0.747,-6.9,0.523,0.816,0.292,0.0,0.6,1.12
1788455257.531,driving,4.299,0.882,-14.0,1,17,18,5.075,0.875,-5.7,0.776,0.776,0.292,0.0,1.5,1.12
1788455257.583,driving,4.312,0.88,-14.1,1,17,18,5.075,0.875,-5.1,0.763,0.763,0.292,0.0,1.5,1.11
1788455257.634,driving,4.332,0.875,-14.1,1,17,18,5.075,0.875,-4.6,0.743,0.743,0.292,0.0,1.5,1.11
1788455257.688,driving,4.341,0.872,-14.1,1,17,18,5.075,0.875,-4.2,0.734,0.734,0.291,0.0,1.5,1.1
1788455257.743,driving,4.36,0.868,-14.1,2,17,18,5.075,0.875,-3.7,0.715,0.715,0.291,0.0,1.5,1.1
1788455257.797,driving,4.37,0.865,-14.1,2,17,18,5.075,0.875,-3.2,0.705,0.705,0.29,0.0,1.5,1.09
1788455257.851,driving,4.389,0.86,-14.1,2,17,18,5.075,0.875,-2.8,0.686,0.686,0.29,0.0,1.5,1.09
1788455257.915,driving,4.393,0.859,-14.3,2,17,18,5.075,0.875,-2.2,0.682,0.682,0.289,0.0,1.5,1.09
1788455257.978,driving,4.397,0.855,-14.7,3,17,18,5.075,0.875,-1.3,0.678,0.678,0.289,0.0,1.5,1.09
1788455258.035,driving,4.405,0.853,-14.7,3,17,18,5.075,0.875,-0.8,0.67,0.67,0.289,0.0,1.5,1.08
1788455258.091,driving,4.424,0.848,-14.7,3,17,18,5.075,0.875,-0.4,0.652,0.652,0.289,0.0,1.5,1.08
1788455258.144,driving,4.433,0.845,-14.7,3,17,18,5.075,0.875,0.1,0.642,0.642,0.288,0.0,1.5,1.07
1788455258.198,driving,4.452,0.84,-14.7,4,17,18,5.075,0.875,0.5,0.624,0.624,0.288,0.0,1.5,1.07
1788455258.252,driving,4.462,0.838,-14.7,4,17,18,5.075,0.875,1.0,0.614,0.614,0.287,0.0,1.5,1.06
1788455258.306,driving,4.471,0.835,-14.7,4,17,18,5.075,0.875,1.4,0.605,0.605,0.287,0.0,1.5,1.06
1788455258.362,driving,4.497,0.83,-14.6,0,12,13,5.075,0.875,1.7,0.58,0.58,0.286,0.0,1.5,1.06
1788455258.413,driving,4.513,0.827,-14.5,0,12,13,5.075,0.875,2.0,0.564,0.564,0.286,0.0,1.5,1.06
1788455258.47,driving,4.538,0.821,-14.4,1,12,13,5.075,0.875,2.4,0.54,0.54,0.286,0.0,1.5,1.05
1788455258.523,driving,4.547,0.819,-14.4,1,12,13,5.075,0.875,2.8,0.531,0.531,0.286,0.0,1.5,1.05
1788455258.579,driving,4.566,0.814,-14.4,1,12,13,5.075,0.875,3.3,0.513,0.513,0.285,0.0,1.5,1.04
1788455258.634,driving,4.575,0.811,-14.4,1,12,13,5.075,0.875,3.7,0.504,0.504,0.285,0.0,1.5,1.04
1788455258.698,driving,4.594,0.807,-14.4,1,12,13,5.075,0.875,4.2,0.486,0.486,0.284,0.0,1.5,1.03
1788455258.765,driving,4.603,0.804,-14.4,1,12,13,5.075,0.875,4.6,0.477,0.477,0.284,0.0,1.5,1.03
1788455258.829,driving,4.618,0.8,-14.3,2,12,13,5.075,0.875,5.0,0.463,0.463,0.284,0.0,1.5,1.03
1788455258.89,driving,4.624,0.798,-14.2,2,12,13,5.075,0.875,5.4,0.458,0.458,0.284,0.0,1.5,1.03
1788455258.948,driving,4.64,0.794,-14.1,3,12,13,5.075,0.875,5.8,0.442,0.442,0.283,0.0,1.5,1.02
1788455259.003,driving,4.65,0.791,-14.1,3,12,13,5.075,0.875,6.3,0.434,0.434,0.283,0.0,1.5,1.02
1788455259.057,driving,4.668,0.787,-14.1,3,12,13,5.075,0.875,6.8,0.416,0.416,0.282,0.0,1.5,1.01
1788455259.109,driving,4.678,0.784,-14.1,3,12,13,5.075,0.875,7.3,0.408,0.408,0.282,0.0,1.5,1.01
1788455259.163,driving,4.696,0.779,-14.1,5,12,13,5.075,0.875,7.8,0.391,0.391,0.281,0.0,1.5,1.0
1788455259.215,driving,4.706,0.777,-14.1,5,12,13,5.075,0.875,8.3,0.382,0.382,0.281,0.0,1.5,1.0
1788455259.269,driving,4.713,0.776,-13.9,5,12,13,5.075,0.875,8.6,0.376,0.376,0.281,0.0,1.5,1.0
1788455259.319,driving,4.721,0.779,-13.1,6,12,13,5.075,0.875,8.4,0.367,0.367,0.275,0.0,1.5,1.0
1788455259.372,driving,4.728,0.778,-13.0,0,7,8,5.075,0.875,8.7,0.36,0.36,0.27,0.0,1.5,0.99
1788455259.426,driving,4.746,0.774,-13.0,0,7,8,5.075,0.875,9.2,0.344,0.344,0.258,0.0,1.5,0.99
1788455259.49,driving,4.755,0.772,-13.0,1,7,8,5.075,0.875,9.7,0.336,0.336,0.252,0.0,1.5,0.98
1788455259.549,driving,4.772,0.768,-13.0,1,7,8,5.075,0.875,10.3,0.321,0.321,0.241,0.0,1.5,0.98
1788455259.612,driving,4.78,0.766,-13.0,1,7,8,5.075,0.875,10.9,0.314,0.314,0.236,0.0,1.5,0.97
1788455259.667,driving,4.796,0.763,-13.0,1,7,8,5.075,0.875,11.5,0.301,0.301,0.225,0.0,1.5,0.97
1788455259.72,driving,4.804,0.762,-12.9,1,7,8,5.075,0.875,12.0,0.294,0.294,0.22,0.0,1.5,0.97
1788455259.774,driving,4.819,0.761,-12.8,2,7,8,5.075,0.875,12.5,0.28,0.28,0.22,0.0,1.5,0.97
1788455259.828,driving,4.827,0.759,-12.8,2,7,8,5.075,0.875,13.1,0.274,0.274,0.22,0.0,1.5,0.96
1788455259.882,driving,4.841,0.756,-12.8,3,7,8,5.075,0.875,13.8,0.262,0.262,0.22,0.0,1.5,0.96
1788455259.934,driving,4.849,0.755,-12.8,3,7,8,5.075,0.875,14.4,0.256,0.256,0.22,0.0,1.5,0.96
1788455259.988,driving,4.863,0.751,-12.8,3,7,8,5.075,0.875,15.2,0.245,0.245,0.22,0.0,1.5,0.96
1788455260.042,driving,4.871,0.75,-12.8,3,7,8,5.075,0.875,15.9,0.24,0.24,0.22,0.0,1.5,0.95
1788455260.098,turning,4.885,0.746,-12.8,3,7,8,5.075,0.875,16.6,0.229,0.229,0.0,2.4,1.5,0.95
1788455260.153,turning,4.896,0.746,-12.6,3,7,8,5.075,0.875,17.3,0.221,0.221,0.0,2.4,1.5,0.94
1788455260.211,turning,4.902,0.747,-11.8,4,7,8,5.075,0.875,17.2,0.216,0.216,0.0,2.4,1.5,0.94
1788455260.273,turning,4.906,0.748,-10.0,4,7,8,5.075,0.875,16.2,0.212,0.212,0.0,2.4,1.5,0.95
1788455260.337,turning,4.906,0.748,-9.2,4,7,8,5.075,0.875,16.1,0.212,0.212,0.0,2.4,1.5,0.95
1788455260.337,turning,4.906,0.748,-9.2,4,7,8,5.075,0.875,16.9,0.212,0.212,0.0,2.4,1.5,0.95
1788455260.451,turning,4.906,0.748,-6.7,0,3,4,5.075,0.875,15.1,0.212,0.212,0.0,2.4,1.5,0.99
1788455260.507,turning,4.906,0.748,-5.1,0,3,4,5.075,0.875,14.2,0.212,0.212,0.0,2.4,1.5,1.03
1788455260.56,turning,4.906,0.748,-4.3,0,3,4,5.075,0.875,14.1,0.212,0.212,0.0,2.4,1.5,1.03
1788455260.617,turning,4.906,0.748,-2.6,0,3,4,5.075,0.875,13.1,0.212,0.212,0.0,2.4,1.5,1.07
1788455260.669,turning,4.906,0.748,-1.8,0,3,4,5.075,0.875,12.9,0.212,0.212,0.0,2.4,1.5,1.07
1788455260.724,driving,4.906,0.748,-0.2,0,3,4,5.075,0.875,11.9,0.212,0.212,0.22,0.0,1.5,1.12
1788455260.779,driving,4.906,0.748,0.6,0,3,4,5.075,0.875,11.7,0.212,0.212,0.22,0.0,1.5,1.12
1788455260.831,driving,4.909,0.748,0.7,0,3,4,5.075,0.875,12.3,0.209,0.209,0.22,0.0,1.5,1.17
1788455260.885,driving,4.913,0.748,0.7,0,3,4,5.075,0.875,12.9,0.206,0.206,0.22,0.0,1.5,1.17
1788455260.94,driving,4.932,0.75,0.6,0,3,4,5.075,0.875,13.7,0.19,0.19,0.22,0.0,1.5,1.17
1788455260.997,driving,4.943,0.752,0.5,0,3,4,5.075,0.875,14.5,0.18,0.18,0.22,0.0,1.5,1.17
1788455261.059,driving,4.96,0.753,0.4,1,3,4,5.075,0.875,15.4,0.168,0.168,0.22,0.0,1.5,1.17
1788455261.116,turning,4.968,0.753,0.4,1,3,4,5.075,0.875,16.2,0.162,0.162,0.0,2.4,1.5,1.17
1788455261.174,turning,4.975,0.753,0.4,1,3,4,5.075,0.875,17.0,0.158,0.158,0.0,2.4,1.5,1.17
1788455261.227,turning,4.976,0.753,2.0,1,3,4,5.075,0.875,16.3,0.157,0.157,0.0,2.4,1.5,1.17
1788455261.28,turning,4.973,0.752,2.8,1,3,4,5.075,0.875,16.2,0.16,0.16,0.0,2.4,1.5,1.2
1788455261.333,turning,4.961,0.75,4.7,1,3,4,5.075,0.875,15.1,0.169,0.169,0.0,2.4,1.5,1.2
1788455261.392,turning,4.958,0.749,5.5,0,3,4,5.075,0.875,14.9,0.171,0.171,0.0,2.4,1.5,1.27
1788455261.448,turning,4.958,0.749,7.1,0,3,4,5.075,0.875,14.0,0.171,0.171,0.0,2.4,1.5,1.27
1788455261.502,turning,4.958,0.749,8.0,0,3,4,5.075,0.875,13.8,0.171,0.171,0.0,2.4,1.5,1.35
1788455261.554,turning,4.958,0.749,9.6,0,3,4,5.075,0.875,12.8,0.171,0.171,0.0,2.4,1.5,1.35
1788455261.609,turning,4.958,0.749,10.4,0,3,4,5.075,0.875,12.6,0.171,0.171,0.0,2.4,1.5,1.44
1788455261.664,driving,4.958,0.749,12.1,0,3,4,5.075,0.875,11.5,0.171,0.171,0.22,0.0,1.5,1.44
1788455261.719,driving,4.958,0.749,12.9,0,3,4,5.075,0.875,11.3,0.171,0.171,0.22,0.0,1.5,1.55
1788455261.78,driving,4.962,0.75,12.9,0,3,4,5.075,0.875,11.8,0.169,0.169,0.22,0.0,1.5,1.55
1788455261.84,driving,4.966,0.751,12.9,0,3,4,5.075,0.875,12.4,0.165,0.165,0.22,0.0,1.5,1.59
1788455261.9,driving,4.979,0.754,12.9,1,3,4,5.075,0.875,13.0,0.155,0.155,0.22,0.0,1.5,1.59
1788455261.961,goal_approach,4.991,0.753,12.8,3,3,4,5.075,0.875,42.5,0.148,0.148,0.0,2.4,,1.6
1788455263.574,turning,5.001,0.75,19.1,0,23,32,6.075,1.825,25.9,1.52,2.016,0.0,2.4,1.5,2.14
1788455263.625,turning,5.001,0.75,19.8,0,23,32,6.075,1.825,25.2,1.52,2.016,0.0,2.4,1.5,2.14
1788455263.679,turning,5.001,0.75,20.6,0,23,32,6.075,1.825,24.4,1.52,2.016,0.0,2.4,1.5,2.23
1788455263.732,turning,5.001,0.75,22.3,0,23,32,6.075,1.825,22.7,1.52,2.016,0.0,2.4,1.5,2.23
1788455263.788,turning,5.001,0.75,23.1,0,23,32,6.075,1.825,21.9,1.52,2.016,0.0,2.4,1.5,2.26
1788455263.839,turning,5.001,0.75,24.7,0,23,32,6.075,1.825,20.3,1.52,2.016,0.0,2.4,1.5,2.26
1788455263.893,turning,5.001,0.75,25.5,0,23,32,6.075,1.825,19.5,1.52,2.016,0.0,2.4,1.5,2.26
1788455263.949,turning,5.001,0.75,26.4,0,23,32,6.075,1.825,18.7,1.52,2.016,0.0,2.4,1.5,2.26
1788455264.003,turning,5.001,0.75,28.0,0,23,32,6.075,1.825,17.0,1.52,2.016,0.0,2.4,1.5,2.27
1788455264.057,turning,5.001,0.75,28.8,0,23,32,6.075,1.825,16.2,1.52,2.016,0.0,2.4,1.5,2.27
1788455264.115,turning,5.001,0.75,30.5,0,23,32,6.075,1.825,14.6,1.52,2.016,0.0,2.4,1.5,2.27
1788455264.171,turning,5.001,0.75,31.3,0,23,32,6.075,1.825,13.7,1.52,2.016,0.0,2.4,1.5,2.27
1788455264.233,turning,5.001,0.75,32.9,0,23,32,6.075,1.825,12.1,1.52,2.016,0.0,2.4,1.5,2.27
1788455264.293,turning,5.001,0.75,33.7,0,23,32,6.075,1.825,11.3,1.52,2.016,0.0,2.4,1.5,2.27
1788455264.353,turning,5.006,0.749,35.4,0,23,32,6.075,1.825,9.6,1.516,2.013,0.0,2.4,1.5,2.27
1788455264.405,turning,5.011,0.749,36.3,0,23,32,6.075,1.825,8.8,1.514,2.01,0.0,2.4,1.5,2.27
1788455264.46,turning,5.014,0.748,37.9,0,23,32,6.075,1.825,7.1,1.511,2.008,0.0,2.4,1.5,2.27
1788455264.511,turning,5.014,0.748,38.8,0,23,32,6.075,1.825,6.3,1.511,2.008,0.0,2.4,1.5,2.27
1788455264.563,driving,5.014,0.748,40.4,0,24,32,6.03,1.858,4.7,1.505,2.008,0.3,0.0,1.5,2.27
1788455264.614,driving,5.014,0.748,41.2,0,24,32,6.03,1.858,4.0,1.505,2.008,0.3,0.0,1.5,2.27
1788455264.668,driving,5.015,0.753,41.1,0,24,32,6.03,1.858,4.1,1.5,2.004,0.3,0.0,1.5,2.27
1788455264.72,driving,5.018,0.758,41.0,0,24,32,6.03,1.858,4.3,1.495,1.998,0.3,0.0,1.5,2.27
1788455264.778,driving,5.027,0.768,40.9,1,25,32,6.075,1.925,4.5,1.561,1.984,0.3,0.0,1.5,2.27
1788455264.834,driving,5.034,0.774,40.9,1,25,32,6.075,1.925,4.5,1.551,1.975,0.3,0.0,1.5,2.27
1788455264.899,driving,5.042,0.781,40.9,1,25,32,6.075,1.925,4.6,1.541,1.965,0.3,0.0,1.5,2.25
1788455264.96,driving,5.058,0.794,40.9,2,25,32,6.075,1.925,4.7,1.521,1.945,0.3,0.0,1.5,2.25
1788455265.024,driving,5.065,0.801,41.0,2,25,32,6.075,1.925,4.6,1.512,1.936,0.3,0.0,1.5,2.22
1788455265.092,driving,5.077,0.812,41.4,2,25,32,6.075,1.925,4.2,1.495,1.919,0.3,0.0,1.5,2.22
1788455265.147,driving,5.084,0.818,41.5,2,25,32,6.075,1.925,4.2,1.486,1.909,0.3,0.0,1.5,2.2
1788455265.199,driving,5.1,0.831,41.5,2,25,32,6.075,1.925,4.3,1.465,1.889,0.3,0.0,1.5,2.2
1788455265.252,driving,5.107,0.838,41.5,2,25,32,6.075,1.925,4.3,1.455,1.879,0.3,0.0,1.5,2.18
1788455265.308,driving,5.123,0.852,41.5,3,27,32,6.175,2.025,4.4,1.576,1.859,0.3,0.0,1.5,2.18
1788455265.368,driving,5.13,0.858,41.5,3,27,32,6.175,2.025,4.4,1.566,1.849,0.3,0.0,1.5,2.16
1788455265.422,driving,5.146,0.872,41.5,3,27,32,6.175,2.025,4.5,1.546,1.828,0.3,0.0,1.5,2.16
1788455265.48,driving,5.153,0.879,41.5,3,27,32,6.175,2.025,4.6,1.536,1.818,0.3,0.0,1.5,2.13
1788455265.535,driving,5.168,0.892,41.5,4,28,32,6.225,2.075,4.6,1.586,1.798,0.3,0.0,1.5,2.13
1788455265.597,driving,5.176,0.899,41.5,0,23,29,6.225,1.975,4.6,1.503,1.788,0.3,0.0,1.5,2.11
1788455265.657,driving,5.191,0.912,41.5,1,24,29,6.247,2.02,4.6,1.53,1.767,0.3,0.0,1.5,2.11
1788455265.724,driving,5.199,0.919,41.5,1,24,29,6.247,2.02,4.6,1.52,1.757,0.3,0.0,1.5,2.09
1788455265.795,driving,5.214,0.933,41.5,1,24,29,6.247,2.02,4.6,1.5,1.737,0.3,0.0,1.5,2.09
1788455265.856,driving,5.219,0.936,41.2,1,24,29,6.247,2.02,4.9,1.495,1.732,0.3,0.0,1.5,2.07
1788455265.911,driving,5.223,0.938,41.0,2,25,29,6.27,2.064,5.2,1.538,1.727,0.3,0.0,1.5,2.07
1788455265.966,driving,5.235,0.947,40.7,2,25,29,6.27,2.064,5.5,1.523,1.713,0.3,0.0,1.5,2.04
1788455266.019,driving,5.242,0.954,40.7,2,25,29,6.27,2.064,5.6,1.513,1.703,0.3,0.0,1.5,2.04
1788455266.074,driving,5.258,0.967,40.7,2,25,29,6.27,2.064,5.6,1.493,1.682,0.3,0.0,1.5,2.02
1788455266.125,driving,5.265,0.974,40.7,2,25,29,6.27,2.064,5.6,1.483,1.672,0.3,0.0,1.5,2.02
1788455266.182,driving,5.281,0.987,40.7,3,27,29,6.325,2.175,5.7,1.581,1.652,0.3,0.0,1.5,2.0
1788455266.235,driving,5.289,0.994,40.7,3,27,29,6.325,2.175,5.7,1.571,1.642,0.3,0.0,1.5,2.0
1788455266.291,driving,5.304,1.007,40.7,3,27,29,6.325,2.175,5.8,1.551,1.622,0.3,0.0,1.5,1.98
1788455266.343,driving,5.312,1.014,40.7,3,27,29,6.325,2.175,5.8,1.541,1.612,0.3,0.0,1.5,1.98
1788455266.399,driving,5.329,1.024,40.4,4,28,29,6.375,2.225,6.2,1.593,1.593,0.3,0.0,1.5,1.95
1788455266.456,driving,5.338,1.028,40.2,4,28,29,6.375,2.225,6.4,1.584,1.584,0.3,0.0,1.5,1.95
1788455266.519,driving,5.354,1.039,40.0,4,28,29,6.375,2.225,6.7,1.565,1.565,0.3,0.0,1.5,1.93
1788455266.578,driving,5.362,1.046,40.0,4,28,29,6.375,2.225,6.7,1.555,1.555,0.3,0.0,1.5,1.93
1788455266.637,driving,5.378,1.059,40.0,1,25,26,6.375,2.225,6.8,1.534,1.534,0.3,0.0,1.5,1.91
1788455266.695,driving,5.386,1.065,40.0,1,25,26,6.375,2.225,6.9,1.524,1.524,0.3,0.0,1.5,1.91
1788455266.751,driving,5.401,1.078,40.0,1,25,26,6.375,2.225,6.9,1.504,1.504,0.3,0.0,1.5,1.89
1788455266.808,driving,5.409,1.085,40.0,1,25,26,6.375,2.225,7.0,1.494,1.494,0.3,0.0,1.5,1.89
1788455266.862,driving,5.417,1.092,40.0,2,25,26,6.375,2.225,7.1,1.484,1.484,0.3,0.0,1.5,1.86
1788455266.916,driving,5.432,1.105,40.0,2,25,26,6.375,2.225,7.1,1.464,1.464,0.3,0.0,1.5,1.86
1788455266.972,driving,5.441,1.112,40.1,2,25,26,6.375,2.225,7.2,1.453,1.453,0.3,0.0,1.5,1.84
1788455267.026,driving,5.461,1.126,40.1,2,25,26,6.375,2.225,7.2,1.429,1.429,0.3,0.0,1.5,1.84
1788455267.081,driving,5.47,1.133,40.1,3,25,26,6.375,2.225,7.3,1.419,1.419,0.3,0.0,1.5,1.82
1788455267.133,driving,5.485,1.146,40.1,3,25,26,6.375,2.225,7.4,1.399,1.399,0.3,0.0,1.5,1.82
1788455267.19,driving,5.493,1.152,40.1,3,25,26,6.375,2.225,7.4,1.389,1.389,0.3,0.0,1.5,1.8
1788455267.246,driving,5.509,1.165,40.1,3,25,26,6.375,2.225,7.5,1.368,1.368,0.3,0.0,1.5,1.8
1788455267.308,driving,5.517,1.172,40.1,3,25,26,6.375,2.225,7.6,1.358,1.358,0.3,0.0,1.5,1.77
1788455267.37,driving,5.532,1.185,40.1,4,25,26,6.375,2.225,7.7,1.338,1.338,0.3,0.0,1.5,1.77
1788455267.431,driving,5.54,1.192,40.1,4,25,26,6.375,2.225,7.8,1.328,1.328,0.3,0.0,1.5,1.75
1788455267.485,driving,5.556,1.205,40.1,4,25,26,6.375,2.225,7.8,1.308,1.308,0.3,0.0,1.5,1.75
1788455267.538,driving,5.562,1.21,40.1,4,25,26,6.375,2.225,8.0,1.301,1.301,0.3,0.0,1.5,1.73
1788455267.592,driving,5.573,1.219,39.9,4,25,26,6.375,2.225,8.2,1.287,1.287,0.3,0.0,1.5,1.73
1788455267.647,driving,5.581,1.225,39.9,0,21,22,6.375,2.225,8.3,1.277,1.277,0.3,0.0,1.5,1.71
1788455267.701,driving,5.596,1.238,39.9,0,21,22,6.375,2.225,8.4,1.257,1.257,0.3,0.0,1.5,1.71
1788455267.754,driving,5.604,1.245,39.9,1,21,22,6.375,2.225,8.5,1.247,1.247,0.3,0.0,1.5,1.68
1788455267.809,driving,5.612,1.251,39.9,1,21,22,6.375,2.225,8.5,1.237,1.237,0.3,0.0,1.5,1.68
1788455267.865,driving,5.628,1.265,39.9,1,21,22,6.375,2.225,8.6,1.217,1.217,0.3,0.0,1.5,1.66
1788455267.921,driving,5.635,1.271,39.9,1,21,22,6.375,2.225,8.7,1.207,1.207,0.3,0.0,1.5,1.66
1788455267.98,driving,5.651,1.284,39.9,2,21,22,6.375,2.225,8.8,1.187,1.187,0.3,0.0,1.5,1.64
1788455268.037,driving,5.659,1.291,39.9,2,21,22,6.375,2.225,8.9,1.177,1.177,0.3,0.0,1.5,1.64
1788455268.1,driving,5.674,1.304,40.2,2,21,22,6.375,2.225,8.8,1.157,1.157,0.3,0.0,1.5,1.62
1788455268.163,driving,5.682,1.31,40.4,2,21,22,6.375,2.225,8.6,1.148,1.148,0.3,0.0,1.5,1.62
1788455268.222,driving,5.697,1.324,40.6,3,21,22,6.375,2.225,8.5,1.128,1.128,0.3,0.0,1.5,1.59
1788455268.276,driving,5.705,1.33,40.6,3,21,22,6.375,2.225,8.6,1.118,1.118,0.3,0.0,1.5,1.59
1788455268.328,driving,5.72,1.344,40.6,3,21,22,6.375,2.225,8.7,1.098,1.098,0.3,0.0,1.5,1.57
1788455268.382,driving,5.728,1.35,40.6,3,21,22,6.375,2.225,8.8,1.088,1.088,0.3,0.0,1.5,1.57
1788455268.436,driving,5.744,1.363,40.6,4,21,22,6.375,2.225,9.0,1.068,1.068,0.3,0.0,1.5,1.55
1788455268.491,driving,5.751,1.37,40.6,4,21,22,6.375,2.225,9.1,1.058,1.058,0.3,0.0,1.5,1.55
1788455268.545,driving,5.767,1.383,40.6,4,21,22,6.375,2.225,9.2,1.038,1.038,0.3,0.0,1.5,1.53
1788455268.598,driving,5.775,1.39,40.6,4,21,22,6.375,2.225,9.3,1.028,1.028,0.3,0.0,1.5,1.53
1788455268.652,driving,5.791,1.402,40.2,1,18,19,6.375,2.225,9.8,1.009,1.009,0.3,0.0,1.5,1.5
1788455268.703,driving,5.799,1.408,40.0,1,18,19,6.375,2.225,10.1,1.0,1.0,0.3,0.0,1.5,1.5
1788455268.755,driving,5.807,1.414,39.8,1,18,19,6.375,2.225,10.4,0.99,0.99,0.3,0.0,1.5,1.48
1788455268.812,driving,5.823,1.427,39.8,1,18,19,6.375,2.225,10.5,0.971,0.971,0.3,0.0,1.5,1.48
1788455268.873,driving,5.831,1.433,39.8,2,18,19,6.375,2.225,10.7,0.961,0.961,0.3,0.0,1.5,1.46
1788455268.93,driving,5.846,1.446,39.8,2,18,19,6.375,2.225,10.8,0.941,0.941,0.3,0.0,1.5,1.46
1788455268.993,driving,5.854,1.453,39.8,2,18,19,6.375,2.225,10.9,0.931,0.931,0.3,0.0,1.5,1.44
1788455269.047,driving,5.87,1.466,39.8,2,18,19,6.375,2.225,11.1,0.912,0.912,0.3,0.0,1.5,1.44
1788455269.102,driving,5.878,1.472,39.8,2,18,19,6.375,2.225,11.2,0.902,0.902,0.3,0.0,1.5,1.41
1788455269.16,driving,5.893,1.486,39.8,3,18,19,6.375,2.225,11.3,0.882,0.882,0.3,0.0,1.5,1.41
1788455269.216,driving,5.9,1.497,40.1,3,18,19,6.375,2.225,11.2,0.87,0.87,0.3,0.0,1.5,1.39
1788455269.268,driving,5.91,1.524,40.9,3,18,19,6.375,2.225,10.5,0.841,0.841,0.3,0.0,1.5,1.39
1788455269.32,driving,5.917,1.532,41.0,3,18,19,6.375,2.225,10.6,0.83,0.83,0.3,0.0,1.5,1.37
1788455269.373,driving,5.933,1.545,41.0,4,18,19,6.375,2.225,10.7,0.811,0.811,0.3,0.0,1.5,1.37
1788455269.428,driving,5.941,1.552,41.0,4,18,19,6.375,2.225,10.8,0.801,0.801,0.3,0.0,1.5,1.35
1788455269.48,driving,5.956,1.566,41.0,4,18,19,6.375,2.225,11.0,0.781,0.781,0.3,0.0,1.5,1.35
1788455269.534,driving,5.964,1.572,41.0,4,18,19,6.375,2.225,11.1,0.772,0.772,0.3,0.0,1.5,1.32
1788455269.591,driving,5.979,1.586,41.0,5,18,19,6.375,2.225,11.3,0.752,0.752,0.3,0.0,1.5,1.32
1788455269.651,driving,5.987,1.592,41.0,0,13,14,6.375,2.225,11.4,0.742,0.742,0.3,0.0,1.5,1.3
1788455269.711,driving,5.994,1.599,41.0,1,13,14,6.375,2.225,11.6,0.733,0.733,0.3,0.0,1.5,1.3
1788455269.774,driving,6.012,1.612,41.0,1,13,14,6.375,2.225,11.7,0.712,0.712,0.3,0.0,1.5,1.28
1788455269.827,driving,6.023,1.619,41.0,1,13,14,6.375,2.225,11.9,0.701,0.701,0.3,0.0,1.5,1.28
1788455269.883,driving,6.041,1.632,41.0,2,13,14,6.375,2.225,12.1,0.681,0.681,0.3,0.0,1.5,1.26
1788455269.933,driving,6.048,1.639,41.0,2,13,14,6.375,2.225,12.3,0.671,0.671,0.3,0.0,1.5,1.26
1788455269.985,driving,6.064,1.652,41.0,2,13,14,6.375,2.225,12.5,0.652,0.652,0.3,0.0,1.5,1.24
1788455270.038,driving,6.071,1.659,41.0,2,13,14,6.375,2.225,12.7,0.642,0.642,0.3,0.0,1.5,1.24
1788455270.092,driving,6.087,1.673,41.0,3,13,14,6.375,2.225,12.9,0.623,0.623,0.3,0.0,1.5,1.21
1788455270.145,driving,6.094,1.679,41.0,3,13,14,6.375,2.225,13.1,0.614,0.614,0.3,0.0,1.5,1.21
1788455270.201,driving,6.11,1.693,41.0,3,13,14,6.375,2.225,13.4,0.595,0.595,0.299,0.0,1.5,1.19
1788455270.254,driving,6.117,1.699,41.0,3,13,14,6.375,2.225,13.6,0.585,0.585,0.299,0.0,1.5,1.19
1788455270.313,driving,6.135,1.708,41.0,3,13,14,6.375,2.225,13.9,0.57,0.57,0.297,0.0,1.5,1.17
1788455270.375,driving,6.145,1.711,40.9,4,13,14,6.375,2.225,14.2,0.563,0.563,0.297,0.0,1.5,1.17
1788455270.433,driving,6.161,1.722,40.9,4,13,14,6.375,2.225,14.5,0.546,0.546,0.295,0.0,1.5,1.15
1788455270.491,driving,6.169,1.729,40.9,4,13,14,6.375,2.225,14.8,0.537,0.537,0.295,0.0,1.5,1.15
1788455270.552,driving,6.184,1.742,40.9,4,13,14,6.375,2.225,15.1,0.519,0.519,0.293,0.0,1.5,1.12
1788455270.602,driving,6.191,1.749,40.9,4,13,14,6.375,2.225,15.4,0.51,0.51,0.293,0.0,1.5,1.12
1788455270.655,driving,6.199,1.755,40.9,4,13,14,6.375,2.225,15.8,0.502,0.502,0.3,0.0,1.5,1.44
1788455270.71,turning,6.214,1.768,40.9,0,9,10,6.375,2.225,16.1,0.484,0.484,0.0,2.4,1.5,1.44
1788455270.763,turning,6.222,1.775,40.9,0,9,10,6.375,2.225,16.5,0.475,0.475,0.0,2.4,1.5,1.41
1788455270.815,turning,6.223,1.776,42.5,0,9,10,6.375,2.225,15.2,0.475,0.475,0.0,2.4,1.5,1.41
1788455270.871,turning,6.222,1.776,43.3,0,9,10,6.375,2.225,14.7,0.475,0.475,0.0,2.4,1.5,1.4
1788455270.924,turning,6.219,1.777,45.2,0,9,10,6.375,2.225,13.2,0.474,0.474,0.0,2.4,1.5,1.4
1788455270.981,turning,6.219,1.777,46.0,0,9,10,6.375,2.225,12.7,0.474,0.474,0.0,2.4,1.5,1.4
1788455271.032,turning,6.219,1.777,47.6,0,9,10,6.375,2.225,11.3,0.474,0.474,0.0,2.4,1.5,1.4
1788455271.087,turning,6.219,1.777,48.5,0,9,10,6.375,2.225,10.8,0.474,0.474,0.0,2.4,1.5,1.39
1788455271.144,turning,6.219,1.777,50.1,0,9,10,6.375,2.225,9.4,0.474,0.474,0.0,2.4,1.5,1.39
1788455271.206,turning,6.219,1.777,50.9,0,9,10,6.375,2.225,8.9,0.474,0.474,0.0,2.4,1.5,1.4
1788455271.267,driving,6.219,1.777,52.6,0,9,10,6.375,2.225,7.5,0.474,0.474,0.3,0.0,1.5,1.4
1788455271.326,driving,6.219,1.777,53.4,0,9,10,6.375,2.225,7.0,0.474,0.474,0.3,0.0,1.5,1.41
1788455271.382,driving,6.22,1.779,53.6,0,9,10,6.375,2.225,7.0,0.472,0.472,0.3,0.0,1.5,1.41
1788455271.436,driving,6.223,1.782,53.6,0,9,10,6.375,2.225,7.3,0.468,0.468,0.3,0.0,1.5,1.4
1788455271.491,driving,6.23,1.793,53.6,0,9,10,6.375,2.225,7.5,0.456,0.456,0.3,0.0,1.5,1.4
1788455271.546,driving,6.235,1.804,53.6,1,9,10,6.375,2.225,7.8,0.443,0.443,0.3,0.0,1.5,1.38
1788455271.6,driving,6.24,1.817,53.6,1,9,10,6.375,2.225,8.0,0.43,0.43,0.3,0.0,1.5,1.38
1788455271.655,driving,6.251,1.838,53.6,1,9,10,6.375,2.225,8.3,0.406,0.406,0.3,0.0,1.5,1.35
1788455271.706,driving,6.257,1.846,53.6,0,8,9,6.375,2.225,8.5,0.397,0.397,0.297,0.0,1.5,1.35
1788455271.759,driving,6.269,1.863,53.6,1,8,9,6.375,2.225,8.8,0.377,0.377,0.283,0.0,1.5,1.33
1788455271.811,driving,6.275,1.871,53.6,1,8,9,6.375,2.225,9.1,0.368,0.368,0.276,0.0,1.5,1.33
1788455271.869,driving,6.287,1.886,53.6,1,8,9,6.375,2.225,9.4,0.35,0.35,0.263,0.0,1.5,1.29
1788455271.926,driving,6.292,1.894,53.6,1,8,9,6.375,2.225,9.8,0.341,0.341,0.256,0.0,1.5,1.29
1788455271.989,driving,6.303,1.908,53.6,2,8,9,6.375,2.225,10.1,0.325,0.325,0.244,0.0,1.5,1.27
1788455272.048,driving,6.308,1.915,53.6,2,8,9,6.375,2.225,10.4,0.317,0.317,0.238,0.0,1.5,1.27
1788455272.109,driving,6.318,1.928,53.6,2,8,9,6.375,2.225,10.8,0.302,0.302,0.227,0.0,1.5,1.25
1788455272.168,driving,6.323,1.935,53.6,2,8,9,6.375,2.225,11.2,0.295,0.295,0.221,0.0,1.5,1.25
1788455272.222,driving,6.332,1.947,53.6,3,8,9,6.375,2.225,11.6,0.281,0.281,0.22,0.0,1.5,1.22
1788455272.276,driving,6.336,1.953,53.6,3,8,9,6.375,2.225,12.0,0.274,0.274,0.22,0.0,1.5,1.22
1788455272.332,driving,6.345,1.965,53.6,3,8,9,6.375,2.225,12.4,0.261,0.261,0.22,0.0,1.5,1.2
1788455272.386,driving,6.35,1.971,53.6,3,8,9,6.375,2.225,12.9,0.255,0.255,0.22,0.0,1.5,1.2
1788455272.437,driving,6.356,1.984,53.4,3,8,9,6.375,2.225,13.6,0.242,0.242,0.22,0.0,1.5,1.18
1788455272.492,driving,6.359,1.99,53.2,4,8,9,6.375,2.225,14.2,0.236,0.236,0.22,0.0,1.5,1.18
1788455272.545,driving,6.363,1.996,53.2,4,8,9,6.375,2.225,14.8,0.229,0.229,0.22,0.0,1.5,1.16
1788455272.6,driving,6.372,2.008,53.2,4,8,9,6.375,2.225,15.3,0.217,0.217,0.22,0.0,1.5,1.16
1788455272.654,driving,6.377,2.014,53.2,4,8,9,6.375,2.225,15.9,0.211,0.211,0.22,0.0,1.5,1.14
1788455272.713,turning,6.386,2.026,53.2,4,8,9,6.375,2.225,16.5,0.2,0.2,0.0,2.4,1.5,1.14
1788455272.775,turning,6.39,2.032,53.2,0,4,5,6.375,2.225,17.1,0.194,0.194,0.0,2.4,1.5,1.11
1788455272.837,turning,6.391,2.033,54.6,0,4,5,6.375,2.225,16.2,0.193,0.193,0.0,2.4,1.5,1.11
1788455272.896,turning,6.391,2.033,55.4,0,4,5,6.375,2.225,16.0,0.193,0.193,0.0,2.4,1.5,1.11
1788455272.95,turning,6.391,2.033,57.1,0,4,5,6.375,2.225,14.9,0.193,0.193,0.0,2.4,1.5,1.11
1788455273.004,turning,6.391,2.033,57.9,0,4,5,6.375,2.225,14.7,0.193,0.193,0.0,2.4,1.5,1.11
1788455273.055,turning,6.391,2.033,59.5,0,4,5,6.375,2.225,13.6,0.193,0.193,0.0,2.4,1.5,1.11
1788455273.11,turning,6.392,2.037,60.3,0,4,5,6.375,2.225,13.4,0.189,0.189,0.0,2.4,1.5,1.11
1788455273.164,turning,6.395,2.047,61.7,0,4,5,6.375,2.225,12.6,0.179,0.179,0.0,2.4,1.5,1.11
1788455273.217,turning,6.395,2.048,62.4,0,4,5,6.375,2.225,12.3,0.178,0.178,0.0,2.4,1.5,1.11
1788455273.27,turning,6.395,2.048,64.1,0,4,5,6.375,2.225,11.2,0.178,0.178,0.0,2.4,1.5,1.11
1788455273.325,driving,6.395,2.048,64.9,0,4,5,6.375,2.225,10.9,0.178,0.178,0.22,0.0,1.5,1.11
1788455273.382,driving,6.396,2.049,65.9,0,4,5,6.375,2.225,10.5,0.178,0.178,0.22,0.0,1.5,1.11
1788455273.438,driving,6.397,2.051,65.9,1,4,5,6.375,2.225,11.0,0.176,0.176,0.22,0.0,1.5,1.11
1788455273.498,driving,6.398,2.054,65.9,1,4,5,6.375,2.225,11.5,0.172,0.172,0.22,0.0,1.5,1.11
1788455273.561,driving,6.397,2.066,66.1,1,4,5,6.375,2.225,11.8,0.16,0.16,0.22,0.0,1.5,1.11
1788455273.619,driving,6.394,2.073,66.3,1,4,5,6.375,2.225,12.1,0.153,0.153,0.22,0.0,1.5,1.11
1788455273.677,goal_approach,6.393,2.086,66.4,4,4,5,6.375,2.225,31.1,0.14,0.14,0.0,2.4,,1.08
1788455273.73,goal_approach,6.396,2.093,66.4,3,3,4,6.375,2.225,32.7,0.134,0.134,0.0,2.4,,1.08
1788455273.783,goal_approach,6.397,2.095,67.8,3,3,4,6.375,2.225,31.9,0.132,0.132,0.0,2.4,,1.06
1788455273.833,goal_approach,6.397,2.095,68.6,3,3,4,6.375,2.225,31.1,0.132,0.132,0.0,2.4,,1.06
1788455273.888,goal_approach,6.399,2.094,69.8,3,3,4,6.375,2.225,30.4,0.134,0.134,0.0,2.4,,1.07
1788455273.944,goal_approach,6.4,2.092,70.3,3,3,4,6.375,2.225,30.3,0.135,0.135,0.0,2.4,,1.07
1788455274.002,goal_approach,6.4,2.091,71.6,3,3,4,6.375,2.225,29.1,0.137,0.137,0.0,2.4,,1.06
1788455274.056,goal_approach,6.4,2.091,72.4,3,3,4,6.375,2.225,28.3,0.137,0.137,0.0,2.4,,1.06
1788455274.11,goal_approach,6.4,2.091,74.1,3,3,4,6.375,2.225,26.6,0.137,0.137,0.0,2.4,,1.07
1788455274.162,goal_approach,6.4,2.091,74.9,3,3,4,6.375,2.225,25.8,0.137,0.137,0.0,2.4,,1.07
1788455274.217,goal_approach,6.4,2.091,76.5,3,3,4,6.375,2.225,24.2,0.137,0.137,0.0,2.4,,1.07
1788455274.279,goal_approach,6.4,2.091,77.4,3,3,4,6.375,2.225,23.4,0.137,0.137,0.0,2.4,,1.07
1788455274.344,goal_approach,6.4,2.091,79.0,3,3,4,6.375,2.225,21.7,0.137,0.137,0.0,2.4,,1.1
1788455274.403,goal_approach,6.4,2.091,79.8,3,3,4,6.375,2.225,20.9,0.137,0.137,0.0,2.4,,1.1
1788455274.464,goal_approach,6.4,2.091,80.6,3,3,4,6.375,2.225,20.1,0.137,0.137,0.0,2.4,,1.14
1788455274.52,goal_approach,6.4,2.091,82.3,3,3,4,6.375,2.225,18.5,0.137,0.137,0.0,2.4,,1.14
1788455274.576,goal_approach,6.402,2.092,83.0,3,3,4,6.375,2.225,18.7,0.135,0.135,0.0,2.4,,1.19
1788455274.63,goal_approach,6.41,2.098,84.2,3,3,4,6.375,2.225,21.0,0.132,0.132,0.0,2.4,,1.19
1788455274.688,goal_approach,6.411,2.099,85.0,3,3,4,6.375,2.225,21.0,0.131,0.131,0.0,2.4,,1.24
1788455274.749,goal_approach,6.411,2.099,86.6,3,3,4,6.375,2.225,19.4,0.131,0.131,0.0,2.4,,1.24
1788455274.813,goal_approach,6.411,2.099,87.4,3,3,4,6.375,2.225,18.6,0.131,0.131,0.0,2.4,,1.29
1788455274.876,goal_approach,6.411,2.099,89.1,3,3,4,6.375,2.225,16.9,0.131,0.131,0.0,2.4,,1.29
1788455274.937,goal_approach,6.413,2.098,89.8,3,3,4,6.375,2.225,16.9,0.133,0.133,0.0,2.4,,1.35
1788455274.994,goal_approach,6.418,2.095,91.0,3,3,4,6.375,2.225,17.3,0.137,0.137,0.0,2.4,,1.35
1788455275.058,goal_approach,6.418,2.095,91.8,3,3,4,6.375,2.225,16.7,0.137,0.137,0.0,2.4,,1.43
1788455275.123,goal_approach,6.418,2.095,93.4,3,3,4,6.375,2.225,15.0,0.137,0.137,0.0,2.4,,1.43
1788455275.184,goal_approach,6.418,2.095,94.2,3,3,4,6.375,2.225,14.2,0.137,0.137,0.0,2.4,,1.51
1788455275.242,goal_approach,6.418,2.095,95.9,3,3,4,6.375,2.225,12.6,0.137,0.137,0.0,2.4,,1.51
1788455275.295,goal_approach,6.416,2.093,96.7,3,3,4,6.375,2.225,10.8,0.138,0.138,0.0,2.4,,1.61
1788455275.35,goal_approach,6.412,2.09,98.3,3,3,4,6.375,2.225,7.1,0.14,0.14,0.0,2.4,,1.61
1788455275.41,goal_approach,6.412,2.09,99.1,3,3,4,6.375,2.225,6.2,0.14,0.14,0.0,2.4,,1.72
1788455275.466,goal_approach,6.412,2.09,99.9,3,3,4,6.375,2.225,5.4,0.14,0.14,0.0,2.4,,1.72
1788455275.523,goal_approach,6.412,2.09,101.5,3,3,4,6.375,2.225,3.7,0.14,0.14,0.0,2.4,,1.85
1788455275.585,goal_approach,6.412,2.09,102.3,3,3,4,6.375,2.225,2.9,0.14,0.14,0.22,0.0,,1.85
1788455275.641,goal_approach,6.414,2.088,103.5,3,3,4,6.375,2.225,2.4,0.142,0.142,0.22,0.0,,2.01
1788455275.695,goal_approach,6.415,2.088,103.5,3,3,4,6.375,2.225,2.9,0.143,0.143,0.22,0.0,,2.01
1788455275.752,goal_approach,6.415,2.095,103.6,3,3,4,6.375,2.225,3.5,0.136,0.136,0.22,0.0,,2.04
1788455275.813,goal_approach,6.413,2.102,103.6,3,3,4,6.375,2.225,3.7,0.129,0.129,0.22,0.0,,2.04
1788455275.877,goal_approach,6.41,2.116,103.6,3,3,4,6.375,2.225,4.2,0.114,0.114,0.22,0.0,,2.05
1788455275.936,goal_approach,6.408,2.124,103.6,3,3,4,6.375,2.225,4.5,0.107,0.107,0.22,0.0,,2.05
1788455276.001,goal_approach,6.406,2.133,103.5,3,3,4,6.375,2.225,5.2,0.097,0.097,0.22,0.0,,2.07
1788455276.058,goal_approach,6.406,2.136,103.4,3,3,4,6.375,2.225,5.6,0.094,0.094,0.22,0.0,,2.07
1788455276.113,goal_approach,6.403,2.148,103.4,3,3,4,6.375,2.225,6.6,0.082,0.082,0.22,0.0,,2.08
1788455276.17,goal_approach,6.401,2.155,103.4,3,3,4,6.375,2.225,7.3,0.074,0.074,0.22,0.0,,2.08
1788455276.223,goal_turn,6.398,2.17,103.4,3,3,4,6.375,2.225,-103.4,0.0,0.06,0.0,-4.5,,2.09
1788455276.277,goal_turn,6.396,2.177,103.4,3,3,4,6.375,2.225,-103.4,0.0,0.052,0.0,-4.5,,2.09
1788455276.329,goal_turn,6.395,2.18,97.6,3,3,4,6.375,2.225,-97.6,0.0,0.05,0.0,-4.5,,2.09
1788455276.382,goal_turn,6.395,2.18,94.2,3,3,4,6.375,2.225,-94.2,0.0,0.05,0.0,-4.5,,2.09
1788455276.436,goal_turn,6.395,2.18,90.7,3,3,4,6.375,2.225,-90.7,0.0,0.05,0.0,-4.5,,1.62
1788455276.491,goal_turn,6.395,2.18,83.9,3,3,4,6.375,2.225,-83.9,0.0,0.05,0.0,-4.391,,1.62
1788455276.545,goal_turn,6.395,2.18,80.4,3,3,4,6.375,2.225,-80.4,0.0,0.05,0.0,-4.211,,1.31
1788455276.606,goal_turn,6.395,2.18,74.0,3,3,4,6.375,2.225,-74.0,0.0,0.05,0.0,-3.874,,1.31
1788455276.606,goal_turn,6.395,2.18,74.0,3,3,4,6.375,2.225,-74.0,0.0,0.05,0.0,-3.874,,1.31
1788455276.726,goal_turn,6.395,2.18,65.5,3,3,4,6.375,2.225,-65.5,0.0,0.05,0.0,-3.427,,1.13
1788455276.786,goal_turn,6.394,2.181,62.8,3,3,4,6.375,2.225,-62.8,0.0,0.048,0.0,-3.29,,1.05
1788455276.841,goal_turn,6.389,2.183,58.9,1,1,2,6.375,2.225,-58.9,0.0,0.044,0.0,-3.082,,1.05
1788455276.896,goal_turn,6.388,2.181,57.0,1,1,2,6.375,2.225,-57.0,0.0,0.045,0.0,-2.986,,1.04
1788455276.95,goal_turn,6.387,2.175,53.9,1,1,2,6.375,2.225,-53.9,0.0,0.051,0.0,-2.822,,1.04
1788455277.004,goal_turn,6.385,2.179,52.3,1,1,2,6.375,2.225,-52.3,0.0,0.047,0.0,-2.739,,1.04
1788455277.058,goal_turn,6.38,2.192,49.5,1,1,2,6.375,2.225,-49.5,0.0,0.033,0.0,-2.594,,1.04
1788455277.11,goal_turn,6.377,2.191,48.2,1,1,2,6.375,2.225,-48.2,0.0,0.034,0.0,-2.521,,1.04
1788455277.164,goal_turn,6.373,2.186,45.7,1,1,2,6.375,2.225,-45.7,0.0,0.04,0.0,-2.4,,1.04
1788455277.219,goal_turn,6.37,2.187,45.0,1,1,2,6.375,2.225,-45.0,0.0,0.038,0.0,-2.4,,1.04
1788455277.273,goal_turn,6.362,2.192,43.8,1,1,2,6.375,2.225,-43.8,0.0,0.036,0.0,-2.4,,1.04
1788455277.326,goal_turn,6.36,2.195,43.3,1,1,2,6.375,2.225,-43.3,0.0,0.034,0.0,-2.4,,1.04
1788455277.388,goal_turn,6.358,2.198,42.8,1,1,2,6.375,2.225,-42.8,0.0,0.032,0.0,-2.4,,1.04
1788455277.451,goal_turn,6.355,2.201,41.5,1,1,2,6.375,2.225,-41.5,0.0,0.031,0.0,-2.4,,1.04
1788455277.515,goal_turn,6.355,2.201,40.6,1,1,2,6.375,2.225,-40.6,0.0,0.031,0.0,-2.4,,1.04
1788455277.575,goal_turn,6.358,2.199,39.2,1,1,2,6.375,2.225,-39.2,0.0,0.031,0.0,-2.4,,1.04
1788455277.627,goal_turn,6.36,2.198,38.6,1,1,2,6.375,2.225,-38.6,0.0,0.031,0.0,-2.4,,1.04
1788455277.68,goal_turn,6.362,2.196,37.1,1,1,2,6.375,2.225,-37.1,0.0,0.032,0.0,-2.4,,1.04
1788455277.731,goal_turn,6.362,2.196,36.2,1,1,2,6.375,2.225,-36.2,0.0,0.032,0.0,-2.4,,1.04
1788455277.791,goal_turn,6.363,2.195,34.5,1,1,2,6.375,2.225,-34.5,0.0,0.032,0.0,-2.4,,1.04
1788455277.848,goal_turn,6.365,2.195,33.7,1,1,2,6.375,2.225,-33.7,0.0,0.032,0.0,-2.4,,1.04
1788455277.903,goal_turn,6.366,2.194,32.0,1,1,2,6.375,2.225,-32.0,0.0,0.032,0.0,-2.4,,1.05
1788455277.979,goal_turn,6.366,2.194,31.1,1,1,2,6.375,2.225,-31.1,0.0,0.032,0.0,-2.4,,1.05
1788455278.083,goal_turn,6.366,2.194,29.4,1,1,2,6.375,2.225,-29.4,0.0,0.032,0.0,-2.4,,1.04
1788455278.181,goal_turn,6.366,2.194,28.5,1,1,2,6.375,2.225,-28.5,0.0,0.032,0.0,-2.4,,1.04
1788455278.262,goal_turn,6.367,2.2,26.7,1,1,2,6.375,2.225,-26.7,0.0,0.027,0.0,-2.4,,1.04
1788455278.346,goal_turn,6.368,2.203,25.8,1,1,2,6.375,2.225,-25.8,0.0,0.023,0.0,-2.4,,1.04
1788455278.407,goal_turn,6.368,2.206,24.1,1,1,2,6.375,2.225,-24.1,0.0,0.02,0.0,-2.4,,1.04
1788455278.465,goal_turn,6.368,2.206,23.2,1,1,2,6.375,2.225,-23.2,0.0,0.02,0.0,-2.4,,1.04
1788455278.528,goal_turn,6.368,2.206,22.3,1,1,2,6.375,2.225,-22.3,0.0,0.02,0.0,-2.4,,1.04
1788455278.586,goal_turn,6.368,2.206,20.6,1,1,2,6.375,2.225,-20.6,0.0,0.02,0.0,-2.4,,1.04
1788455278.645,goal_turn,6.369,2.209,19.8,1,1,2,6.375,2.225,-19.8,0.0,0.017,0.0,-2.4,,1.04
1788455280.212,driving,6.367,2.243,11.5,0,30,91,7.873,2.228,-12.0,1.506,4.51,0.284,0.0,1.5,1.03
1788455280.271,driving,6.368,2.243,11.5,0,30,91,7.873,2.228,-12.0,1.506,4.509,0.284,0.0,1.5,1.03
1788455280.325,driving,6.37,2.243,11.5,0,30,91,7.873,2.228,-12.0,1.503,4.507,0.284,0.0,1.5,1.03
1788455280.381,driving,6.38,2.245,11.5,0,30,91,7.873,2.228,-12.0,1.494,4.497,0.284,0.0,1.5,1.03
1788455280.435,driving,6.386,2.247,11.5,0,30,91,7.873,2.228,-12.0,1.487,4.491,0.284,0.0,1.5,1.03
1788455280.502,driving,6.393,2.248,11.5,0,30,91,7.873,2.228,-12.0,1.481,4.484,0.282,0.0,1.5,1.01
1788455280.58,driving,6.406,2.251,11.5,1,31,91,7.925,2.225,-12.1,1.519,4.47,0.282,0.0,1.5,1.01
1788455280.663,driving,6.413,2.252,11.5,1,31,91,7.925,2.225,-12.1,1.512,4.464,0.28,0.0,1.5,0.99
1788455280.729,driving,6.426,2.255,11.5,1,31,91,7.925,2.225,-12.1,1.499,4.45,0.28,0.0,1.5,0.99
1788455280.798,driving,6.433,2.256,11.5,1,31,91,7.925,2.225,-12.1,1.492,4.444,0.278,0.0,1.5,0.97
1788455280.858,driving,6.446,2.259,11.5,1,31,91,7.925,2.225,-12.1,1.479,4.43,0.278,0.0,1.5,0.97
1788455280.915,driving,6.453,2.26,11.5,2,32,91,7.975,2.225,-12.1,1.522,4.424,0.277,0.0,1.5,0.95
1788455280.971,driving,6.466,2.263,11.5,2,32,91,7.975,2.225,-12.1,1.509,4.41,0.277,0.0,1.5,0.95
1788455281.03,driving,6.473,2.264,11.5,2,32,91,7.975,2.225,-12.2,1.503,4.403,0.275,0.0,1.5,0.93
1788455281.091,driving,6.486,2.267,11.5,2,32,91,7.975,2.225,-12.2,1.489,4.39,0.275,0.0,1.5,0.93
1788455281.153,driving,6.493,2.268,11.5,2,32,91,7.975,2.225,-12.2,1.483,4.383,0.272,0.0,1.5,0.91
1788455281.213,driving,6.506,2.271,11.5,3,33,91,8.025,2.175,-12.3,1.522,4.37,0.272,0.0,1.5,0.91
1788455281.278,driving,6.513,2.272,11.5,0,30,88,8.025,2.175,-12.4,1.515,4.363,0.271,0.0,1.5,0.89
1788455281.342,driving,6.514,2.272,9.6,0,30,88,8.025,2.175,-10.6,1.514,4.362,0.271,0.0,1.5,0.89
1788455281.412,driving,6.514,2.272,8.7,0,30,88,8.025,2.175,-9.7,1.514,4.362,0.27,0.0,1.5,0.88
1788455281.479,driving,6.514,2.272,6.7,0,30,88,8.025,2.175,-7.8,1.514,4.362,0.27,0.0,1.5,0.88
1788455281.537,driving,6.527,2.283,6.0,0,30,88,8.025,2.175,-7.1,1.502,4.349,0.27,0.0,1.5,0.88
1788455281.59,driving,6.541,2.294,5.2,0,30,88,8.025,2.175,-6.5,1.488,4.334,0.27,0.0,1.5,0.88
1788455281.647,driving,6.555,2.305,3.5,1,31,88,8.075,2.175,-4.9,1.525,4.32,0.269,0.0,1.5,0.87
1788455281.702,driving,6.555,2.305,2.5,1,31,88,8.075,2.175,-4.0,1.525,4.32,0.269,0.0,1.5,0.87
1788455281.76,driving,6.555,2.305,1.3,1,31,88,8.075,2.175,-2.8,1.525,4.32,0.269,0.0,1.5,0.87
1788455281.814,driving,6.555,2.305,1.3,1,31,88,8.075,2.175,-2.9,1.525,4.32,0.269,0.0,1.5,0.87
1788455281.87,driving,6.555,2.305,1.3,1,31,88,8.075,2.175,-2.9,1.525,4.32,0.269,0.0,1.5,0.88
1788455281.923,driving,6.555,2.305,1.3,1,31,88,8.075,2.175,-3.0,1.525,4.32,0.269,0.0,1.5,0.88
1788455281.977,driving,6.556,2.305,1.3,1,31,88,8.075,2.175,-3.1,1.525,4.32,0.284,0.0,1.5,1.03
1788455282.029,driving,6.558,2.305,1.3,1,31,88,8.075,2.175,-3.2,1.522,4.317,0.284,0.0,1.5,1.03
1788455282.09,driving,6.563,2.307,1.1,1,31,88,8.075,2.175,-3.0,1.517,4.312,0.284,0.0,1.5,1.03
1788455282.151,driving,6.567,2.308,0.9,1,31,88,8.075,2.175,-3.0,1.514,4.309,0.284,0.0,1.5,1.03
1788455282.221,driving,6.579,2.309,0.8,1,31,88,8.075,2.175,-2.9,1.502,4.296,0.281,0.0,1.5,1.0
1788455282.289,driving,6.587,2.309,0.8,0,30,87,8.075,2.225,-2.9,1.491,4.289,0.281,0.0,1.5,1.0
1788455282.344,driving,6.602,2.309,0.8,1,31,87,8.125,2.225,-3.0,1.526,4.274,0.281,0.0,1.5,1.0
1788455282.396,driving,6.609,2.309,0.8,1,31,87,8.125,2.225,-3.0,1.518,4.266,0.281,0.0,1.5,1.0
1788455282.45,driving,6.624,2.309,0.8,1,31,87,8.125,2.225,-3.0,1.503,4.251,0.278,0.0,1.5,0.97
1788455282.451,driving,6.624,2.309,0.8,1,31,87,8.125,2.225,-3.0,1.503,4.251,0.278,0.0,1.5,0.97
1788455282.554,driving,6.639,2.31,0.8,1,31,87,8.125,2.225,-3.1,1.488,4.237,0.278,0.0,1.5,0.96
1788455282.608,driving,6.654,2.31,0.8,2,32,87,8.175,2.225,-3.1,1.523,4.222,0.278,0.0,1.5,0.96
1788455282.668,driving,6.661,2.31,0.8,2,32,87,8.175,2.225,-3.1,1.516,4.214,0.275,0.0,1.5,0.93
1788455282.726,driving,6.676,2.31,0.8,2,32,87,8.175,2.225,-3.1,1.501,4.199,0.275,0.0,1.5,0.93
1788455282.785,driving,6.684,2.31,0.8,2,32,87,8.175,2.225,-3.1,1.494,4.192,0.272,0.0,1.5,0.9
1788455282.848,driving,6.699,2.31,0.8,2,32,87,8.175,2.225,-3.2,1.479,4.177,0.272,0.0,1.5,0.9
1788455282.919,driving,6.706,2.31,0.8,3,33,87,8.225,2.225,-3.2,1.521,4.169,0.269,0.0,1.5,0.87
1788455282.986,driving,6.721,2.311,0.8,3,33,87,8.225,2.225,-3.2,1.506,4.154,0.269,0.0,1.5,0.87
1788455283.05,driving,6.729,2.311,0.8,3,33,87,8.225,2.225,-3.2,1.499,4.147,0.269,0.0,1.5,0.87
1788455283.112,driving,6.744,2.311,0.8,3,33,87,8.225,2.225,-3.3,1.484,4.132,0.269,0.0,1.5,0.87
1788455283.173,driving,6.755,2.309,0.3,4,34,87,8.275,2.225,-2.8,1.523,4.121,0.267,0.0,1.5,0.85
1788455283.23,driving,6.776,2.302,-1.1,4,34,87,8.275,2.225,-1.5,1.501,4.099,0.267,0.0,1.5,0.85
1788455283.29,driving,6.784,2.302,-1.2,0,30,83,8.275,2.225,-1.3,1.493,4.091,0.263,0.0,1.5,0.8
1788455283.343,driving,6.799,2.301,-1.2,1,31,83,8.325,2.225,-1.4,1.528,4.076,0.263,0.0,1.5,0.8
1788455283.404,driving,6.807,2.301,-1.2,1,31,83,8.325,2.225,-1.4,1.52,4.069,0.261,0.0,1.5,0.78
1788455283.458,driving,6.822,2.301,-1.2,1,31,83,8.325,2.225,-1.4,1.505,4.054,0.261,0.0,1.5,0.78
1788455283.518,driving,6.829,2.301,-1.2,1,31,83,8.325,2.225,-1.4,1.498,4.046,0.259,0.0,1.5,0.76
1788455283.575,driving,6.837,2.301,-1.2,1,31,83,8.325,2.225,-1.4,1.49,4.039,0.259,0.0,1.5,0.76
1788455283.638,driving,6.852,2.3,-1.2,2,32,83,8.374,2.237,-1.4,1.523,4.024,0.257,0.0,1.5,0.75
1788455283.711,driving,6.859,2.3,-1.2,2,32,83,8.374,2.237,-1.4,1.516,4.017,0.257,0.0,1.5,0.75
1788455283.785,driving,6.875,2.3,-1.0,2,32,83,8.374,2.237,-1.6,1.499,4.0,0.254,0.0,1.5,0.71
1788455283.85,driving,6.884,2.3,-0.8,2,32,83,8.374,2.237,-1.8,1.491,3.992,0.254,0.0,1.5,0.71
1788455283.911,driving,6.9,2.299,-0.6,3,33,83,8.422,2.249,-1.9,1.523,3.976,0.254,0.0,1.5,0.71
1788455283.973,driving,6.907,2.299,-0.6,3,33,83,8.422,2.249,-1.9,1.516,3.968,0.254,0.0,1.5,0.71
1788455284.033,driving,6.922,2.299,-0.6,3,33,83,8.422,2.249,-1.9,1.501,3.953,0.25,0.0,1.5,0.67
1788455284.088,driving,6.93,2.299,-0.6,3,33,83,8.422,2.249,-1.9,1.493,3.946,0.25,0.0,1.5,0.67
1788455284.143,driving,6.945,2.299,-0.6,3,33,83,8.422,2.249,-1.8,1.478,3.931,0.25,0.0,1.5,0.67
1788455284.201,driving,6.952,2.299,-0.6,4,34,83,8.471,2.261,-1.8,1.519,3.924,0.25,0.0,1.5,0.67
1788455284.255,driving,6.967,2.299,-0.6,4,34,83,8.471,2.261,-1.8,1.504,3.909,0.248,0.0,1.5,0.65
1788455284.315,driving,6.975,2.299,-0.6,0,30,79,8.472,2.199,-1.8,1.501,3.901,0.248,0.0,1.5,0.65
1788455284.374,driving,6.982,2.3,-0.4,0,30,79,8.472,2.199,-2.1,1.494,3.894,0.246,0.0,1.5,0.62
1788455284.433,driving,6.983,2.302,-0.2,0,30,79,8.472,2.199,-2.3,1.492,3.893,0.246,0.0,1.5,0.62
1788455284.5,driving,6.995,2.303,-0.1,0,30,79,8.472,2.199,-2.4,1.481,3.881,0.246,0.0,1.5,0.62
1788455284.561,driving,7.002,2.303,-0.1,1,31,79,8.521,2.211,-2.4,1.521,3.874,0.246,0.0,1.5,0.62
1788455284.626,driving,7.009,2.303,-0.1,1,31,79,8.521,2.211,-2.5,1.514,3.866,0.244,0.0,1.5,0.6
1788455284.682,driving,7.024,2.303,-0.1,1,31,79,8.521,2.211,-2.5,1.499,3.851,0.244,0.0,1.5,0.6
1788455284.737,driving,7.032,2.303,-0.1,1,31,79,8.521,2.211,-2.5,1.491,3.844,0.243,0.0,1.5,0.6
1788455284.79,driving,7.047,2.303,-0.1,1,31,79,8.521,2.211,-2.5,1.476,3.829,0.243,0.0,1.5,0.6
1788455284.847,driving,7.054,2.303,-0.1,2,32,79,8.569,2.224,-2.5,1.517,3.821,0.241,0.0,1.5,0.57
1788455284.917,driving,7.069,2.302,-0.1,2,32,79,8.569,2.224,-2.6,1.502,3.806,0.241,0.0,1.5,0.57
1788455284.993,driving,7.073,2.302,-0.0,2,32,79,8.569,2.224,-2.7,1.498,3.802,0.239,0.0,1.5,0.55
1788455285.057,driving,7.077,2.301,0.4,2,32,79,8.569,2.224,-3.1,1.494,3.798,0.239,0.0,1.5,0.55
1788455285.122,driving,7.083,2.301,0.5,2,32,79,8.569,2.224,-3.2,1.488,3.792,0.239,0.0,1.5,0.55
1788455285.196,driving,7.098,2.301,0.5,2,32,79,8.569,2.224,-3.2,1.473,3.777,0.239,0.0,1.5,0.55
1788455285.272,driving,7.106,2.301,0.5,3,15,79,7.724,2.242,-3.3,0.621,3.77,0.238,0.0,0.6,0.54
1788455285.341,driving,7.121,2.301,0.5,0,12,76,7.724,2.242,-3.5,0.606,3.755,0.238,0.0,0.6,0.54
1788455285.413,driving,7.128,2.301,0.5,0,12,76,7.724,2.242,-3.7,0.598,3.748,0.238,0.0,0.6,0.54
1788455285.476,driving,7.143,2.301,0.5,0,12,76,7.724,2.242,-3.8,0.583,3.733,0.238,0.0,0.6,0.54
1788455285.476,driving,7.143,2.301,0.5,0,12,76,7.724,2.242,-4.0,0.583,3.733,0.238,0.0,0.6,0.54
1788455285.593,driving,7.166,2.301,0.5,1,13,76,7.773,2.238,-4.1,0.611,3.71,0.238,0.0,0.6,0.54
1788455285.652,driving,7.169,2.303,0.8,1,13,76,7.773,2.238,-4.6,0.608,3.707,0.238,0.0,0.6,0.54
1788455285.703,driving,7.172,2.305,1.2,1,13,76,7.773,2.238,-5.1,0.605,3.703,0.238,0.0,0.6,0.54
1788455285.76,driving,7.182,2.307,1.5,1,13,76,7.773,2.238,-5.7,0.595,3.693,0.237,0.0,0.6,0.54
1788455285.814,driving,7.19,2.307,1.5,1,13,76,7.773,2.238,-5.8,0.588,3.686,0.237,0.0,0.6,0.54
1788455285.882,driving,7.205,2.308,1.5,2,14,76,7.823,2.233,-6.0,0.623,3.671,0.237,0.0,0.6,0.53
1788455285.962,driving,7.212,2.308,1.5,2,14,76,7.823,2.233,-6.1,0.615,3.663,0.237,0.0,0.6,0.53
1788455286.034,driving,7.227,2.308,1.5,2,14,76,7.823,2.233,-6.3,0.601,3.648,0.237,0.0,0.6,0.53
1788455286.107,driving,7.235,2.309,1.5,2,14,76,7.823,2.233,-6.4,0.593,3.641,0.237,0.0,0.6,0.53
1788455286.175,driving,7.25,2.309,1.5,2,14,76,7.823,2.233,-6.6,0.578,3.626,0.237,0.0,0.6,0.53
1788455286.243,driving,7.257,2.309,1.5,3,15,76,7.873,2.229,-6.7,0.621,3.618,0.237,0.0,0.6,0.53
1788455286.307,driving,7.27,2.308,1.7,3,15,76,7.873,2.229,-7.0,0.608,3.605,0.237,0.0,0.6,0.53
1788455286.365,driving,7.276,2.307,1.8,0,12,73,7.873,2.23,-7.2,0.602,3.6,0.237,0.0,0.6,0.53
1788455286.426,driving,7.29,2.306,1.8,0,12,73,7.873,2.23,-7.4,0.588,3.586,0.237,0.0,0.6,0.53
1788455286.485,driving,7.297,2.307,1.8,1,13,73,7.925,2.225,-7.5,0.633,3.578,0.237,0.0,0.6,0.53
1788455286.542,driving,7.312,2.307,1.8,1,13,73,7.925,2.225,-7.6,0.618,3.563,0.237,0.0,0.6,0.53
1788455286.595,driving,7.32,2.307,1.8,1,13,73,7.925,2.225,-7.8,0.611,3.556,0.237,0.0,0.6,0.53
1788455286.649,driving,7.335,2.308,1.8,1,13,73,7.925,2.225,-7.9,0.596,3.541,0.237,0.0,0.6,0.53
1788455286.705,driving,7.342,2.308,1.8,1,13,73,7.925,2.225,-8.0,0.589,3.533,0.237,0.0,0.6,0.53
1788455286.771,driving,7.35,2.308,1.8,1,13,73,7.925,2.225,-8.1,0.581,3.526,0.237,0.0,0.6,0.53
1788455286.834,driving,7.365,2.309,1.8,2,14,73,7.975,2.225,-8.2,0.616,3.511,0.237,0.0,0.6,0.53
1788455286.902,driving,7.373,2.307,1.5,2,14,73,7.975,2.225,-8.0,0.608,3.503,0.237,0.0,0.6,0.53
1788455286.965,driving,7.389,2.298,0.4,2,14,73,7.975,2.225,-6.9,0.591,3.487,0.237,0.0,0.6,0.53
1788455287.022,driving,7.396,2.296,0.2,2,14,73,7.975,2.225,-6.7,0.583,3.48,0.237,0.0,0.6,0.53
1788455287.079,driving,7.411,2.296,0.2,3,15,73,8.025,2.225,-6.7,0.618,3.465,0.237,0.0,0.6,0.53
1788455287.134,driving,7.418,2.296,0.2,3,15,73,8.025,2.225,-6.7,0.611,3.458,0.237,0.0,0.6,0.53
1788455287.194,driving,7.433,2.296,0.2,3,15,73,8.025,2.225,-6.7,0.596,3.443,0.237,0.0,0.6,0.53
1788455287.251,driving,7.441,2.296,0.2,3,15,73,8.025,2.225,-6.8,0.588,3.435,0.237,0.0,0.6,0.53
1788455287.309,driving,7.456,2.296,0.2,4,16,73,8.075,2.225,-6.8,0.623,3.42,0.237,0.0,0.6,0.53
1788455287.309,driving,7.456,2.296,0.2,4,16,73,8.075,2.225,-6.8,0.623,3.42,0.237,0.0,0.6,0.53
1788455287.417,driving,7.478,2.296,0.2,0,12,69,8.075,2.225,-6.8,0.601,3.398,0.237,0.0,0.6,0.53
1788455287.475,driving,7.481,2.296,0.3,0,12,69,8.075,2.225,-6.9,0.598,3.394,0.237,0.0,0.6,0.53
1788455287.536,driving,7.486,2.296,0.7,0,12,69,8.075,2.225,-7.3,0.593,3.39,0.237,0.0,0.6,0.53
1788455287.6,driving,7.493,2.296,0.7,0,12,69,8.075,2.225,-7.4,0.587,3.383,0.237,0.0,0.6,0.53
1788455287.663,driving,7.508,2.296,0.7,1,13,69,8.125,2.225,-7.4,0.621,3.368,0.237,0.0,0.6,0.53
1788455287.724,driving,7.515,2.296,0.7,1,31,69,9.025,2.375,-7.1,1.512,3.361,0.3,0.0,1.5,2.97
1788455287.783,driving,7.523,2.296,0.7,1,31,69,9.025,2.375,-6.9,1.504,3.353,0.3,0.0,1.5,2.97
1788455287.844,driving,7.538,2.296,0.7,1,31,69,9.025,2.375,-6.7,1.489,3.338,0.3,0.0,1.5,2.97
1788455287.9,driving,7.545,2.296,0.7,1,31,69,9.025,2.375,-6.5,1.482,3.331,0.3,0.0,1.5,2.97
1788455287.957,driving,7.56,2.296,0.7,2,32,69,9.075,2.375,-6.2,1.517,3.316,0.3,0.0,1.5,2.97
1788455288.011,driving,7.568,2.297,0.7,2,32,69,9.075,2.375,-6.0,1.51,3.308,0.3,0.0,1.5,2.97
1788455288.065,driving,7.575,2.301,0.9,2,32,69,9.075,2.375,-6.0,1.502,3.301,0.3,0.0,1.5,2.97
1788455288.125,driving,7.575,2.305,1.1,2,32,69,9.075,2.375,-6.0,1.501,3.3,0.3,0.0,1.5,2.97
1788455288.184,driving,7.585,2.308,1.3,2,32,69,9.075,2.375,-6.0,1.492,3.291,0.3,0.0,1.5,2.97
1788455288.238,driving,7.592,2.308,1.3,2,32,69,9.075,2.375,-5.8,1.484,3.283,0.3,0.0,1.5,2.97
1788455288.301,driving,7.607,2.309,1.3,3,33,69,9.125,2.375,-5.6,1.519,3.268,0.3,0.0,1.5,2.97
1788455288.362,driving,7.615,2.309,1.3,3,33,69,9.125,2.375,-5.5,1.512,3.261,0.3,0.0,1.5,2.97
1788455288.429,driving,7.63,2.309,1.3,0,30,66,9.125,2.375,-5.3,1.497,3.246,0.3,0.0,1.5,2.97
1788455288.492,driving,7.637,2.309,1.3,0,30,66,9.125,2.375,-5.2,1.489,3.239,0.3,0.0,1.5,2.97
1788455288.554,driving,7.652,2.31,1.3,0,30,66,9.125,2.375,-5.0,1.474,3.224,0.3,0.0,1.5,2.97
1788455288.61,driving,7.66,2.31,1.3,0,30,66,9.125,2.375,-4.8,1.467,3.216,0.3,0.0,1.5,2.97
1788455288.666,driving,7.673,2.311,1.3,1,30,66,9.125,2.375,-4.7,1.453,3.203,0.3,0.0,1.5,2.97
1788455288.723,driving,7.679,2.312,1.3,1,30,66,9.125,2.375,-4.6,1.447,3.196,0.3,0.0,1.5,2.97
1788455288.779,driving,7.686,2.312,1.3,1,30,66,9.125,2.375,-4.4,1.44,3.189,0.3,0.0,1.5,2.97
1788455288.835,driving,7.701,2.313,1.3,1,30,66,9.125,2.375,-4.3,1.425,3.174,0.3,0.0,1.5,2.97
1788455288.892,driving,7.709,2.313,1.3,2,31,66,9.175,2.375,-4.2,1.467,3.167,0.3,0.0,1.5,2.97
1788455288.952,driving,7.724,2.313,1.3,2,31,66,9.175,2.375,-4.0,1.452,3.152,0.3,0.0,1.5,2.97
1788455289.007,driving,7.731,2.313,1.3,2,31,66,9.175,2.375,-3.9,1.445,3.144,0.3,0.0,1.5,2.97
1788455289.063,driving,7.746,2.314,1.3,2,31,66,9.175,2.375,-3.8,1.43,3.129,0.3,0.0,1.5,2.97
1788455289.126,driving,7.754,2.314,1.3,2,31,66,9.175,2.375,-3.7,1.423,3.122,0.3,0.0,1.5,2.97
1788455289.195,driving,7.769,2.314,1.3,3,32,66,9.225,2.375,-3.5,1.458,3.107,0.3,0.0,1.5,2.97
1788455289.26,driving,7.768,2.316,1.6,3,32,66,9.225,2.375,-3.7,1.458,3.108,0.3,0.0,1.5,2.96
1788455289.325,driving,7.758,2.319,2.4,2,31,66,9.175,2.375,-4.4,1.418,3.118,0.3,0.0,1.5,2.96
1788455289.386,driving,7.762,2.32,2.5,3,32,66,9.225,2.375,-4.4,1.464,3.113,0.3,0.0,1.5,2.96
1788455289.444,driving,7.777,2.321,2.5,0,29,63,9.225,2.375,-4.3,1.449,3.098,0.3,0.0,1.5,2.96
1788455289.503,driving,7.785,2.321,2.5,0,29,63,9.225,2.375,-4.2,1.441,3.091,0.3,0.0,1.5,2.96
1788455289.554,driving,7.8,2.322,2.5,0,29,63,9.225,2.375,-4.1,1.426,3.076,0.3,0.0,1.5,2.96
1788455289.608,driving,7.807,2.322,2.5,1,30,63,9.275,2.375,-4.0,1.469,3.068,0.3,0.0,1.5,2.96
1788455289.662,driving,7.817,2.322,2.5,1,30,63,9.275,2.375,-3.9,1.459,3.059,0.3,0.0,1.5,2.96
1788455289.717,driving,7.817,2.322,2.5,1,30,63,9.275,2.375,-3.8,1.459,3.059,0.3,0.0,1.5,2.96
1788455289.768,driving,7.817,2.322,2.5,1,30,63,9.275,2.375,-3.7,1.459,3.059,0.3,0.0,1.5,2.96
1788455289.821,driving,7.817,2.32,2.0,1,30,63,9.275,2.375,-3.2,1.459,3.058,0.3,0.0,1.5,2.96
1788455289.875,driving,7.817,2.318,1.5,1,30,63,9.275,2.375,-2.6,1.459,3.059,0.3,0.0,1.5,2.96
1788455289.935,driving,7.817,2.316,1.1,1,30,63,9.275,2.375,-2.1,1.46,3.059,0.3,0.0,1.5,2.96
1788455289.998,driving,7.817,2.316,1.1,1,30,63,9.275,2.375,-2.0,1.46,3.059,0.3,0.0,1.5,2.96
1788455290.073,driving,7.817,2.316,1.1,1,30,63,9.275,2.375,-1.9,1.46,3.059,0.3,0.0,1.5,2.96
1788455290.131,driving,7.817,2.316,1.1,1,30,63,9.275,2.375,-1.8,1.46,3.059,0.3,0.0,1.5,2.96
1788455290.192,driving,7.817,2.316,1.1,1,30,63,9.275,2.375,-1.8,1.46,3.059,0.3,0.0,1.5,2.96
1788455290.247,driving,7.817,2.316,1.1,1,30,63,9.275,2.375,-1.7,1.46,3.059,0.3,0.0,1.5,2.96
1788455290.307,driving,7.817,2.316,1.1,1,30,63,9.275,2.375,-1.6,1.459,3.058,0.3,0.0,1.5,2.96
1788455290.362,driving,7.82,2.316,1.1,1,30,63,9.275,2.375,-1.5,1.456,3.056,0.3,0.0,1.5,2.96
1788455290.417,driving,7.83,2.316,1.1,1,30,63,9.275,2.375,-1.5,1.446,3.045,0.3,0.0,1.5,2.96
1788455290.475,driving,7.838,2.316,1.1,0,29,62,9.275,2.375,-1.4,1.438,3.038,0.3,0.0,1.5,2.96
1788455290.527,driving,7.858,2.317,1.1,0,29,62,9.275,2.375,-1.3,1.418,3.018,0.3,0.0,1.5,2.96
1788455290.58,driving,7.868,2.317,1.1,1,31,62,9.375,2.375,-1.3,1.508,3.008,0.3,0.0,1.5,2.96
1788455290.634,driving,7.888,2.317,1.1,1,31,62,9.375,2.375,-1.2,1.488,2.987,0.3,0.0,1.5,2.96
1788455290.686,driving,7.899,2.318,1.1,1,31,62,9.375,2.375,-1.2,1.478,2.977,0.3,0.0,1.5,2.96
1788455290.751,driving,7.909,2.318,1.1,1,31,62,9.375,2.375,-1.1,1.467,2.967,0.3,0.0,1.5,2.96
1788455290.812,driving,7.929,2.318,1.1,1,31,62,9.375,2.375,-1.0,1.447,2.946,0.3,0.0,1.5,2.96
1788455290.875,driving,7.939,2.318,1.1,1,31,62,9.375,2.375,-1.0,1.437,2.936,0.3,0.0,1.5,2.96
1788455290.937,driving,7.96,2.319,1.1,3,33,62,9.475,2.375,-0.9,1.516,2.916,0.3,0.0,1.5,2.96
1788455290.995,driving,7.97,2.319,1.1,3,33,62,9.475,2.375,-0.9,1.506,2.906,0.3,0.0,1.5,2.96
1788455291.05,driving,7.99,2.319,1.1,3,33,62,9.475,2.375,-0.8,1.486,2.885,0.3,0.0,1.5,2.96
1788455291.107,driving,7.999,2.32,1.0,3,33,62,9.475,2.375,-0.7,1.477,2.877,0.3,0.0,1.5,2.96
1788455291.161,driving,8.013,2.322,0.9,4,34,62,9.525,2.375,-0.6,1.513,2.862,0.3,0.0,1.5,2.96
1788455291.219,driving,8.023,2.323,0.9,4,34,62,9.525,2.375,-0.5,1.503,2.853,0.3,0.0,1.5,2.96
1788455291.275,driving,8.043,2.323,0.9,4,34,62,9.525,2.375,-0.5,1.483,2.832,0.3,0.0,1.5,2.96
1788455291.328,driving,8.053,2.323,0.9,5,35,62,9.575,2.375,-0.4,1.523,2.822,0.3,0.0,1.5,2.96
1788455291.382,driving,8.074,2.324,0.9,5,35,62,9.575,2.375,-0.4,1.502,2.802,0.3,0.0,1.5,2.96
1788455291.436,driving,8.084,2.324,0.9,5,35,62,9.575,2.375,-0.4,1.492,2.792,0.3,0.0,1.5,2.96
1788455291.5,driving,8.104,2.324,0.9,0,30,57,9.575,2.375,-0.3,1.472,2.771,0.3,0.0,1.5,2.96
1788455291.564,driving,8.112,2.326,0.8,0,30,57,9.575,2.375,-0.2,1.464,2.763,0.3,0.0,1.5,2.95
1788455291.624,driving,8.127,2.332,0.7,0,30,57,9.575,2.375,-0.1,1.449,2.749,0.3,0.0,1.5,2.95
1788455291.683,driving,8.137,2.332,0.7,1,31,57,9.625,2.375,-0.1,1.489,2.739,0.3,0.0,1.5,2.95
1788455291.737,driving,8.147,2.332,0.7,1,31,57,9.625,2.375,-0.0,1.479,2.728,0.3,0.0,1.5,2.95
1788455291.793,driving,8.167,2.332,0.7,2,32,57,9.675,2.375,-0.0,1.508,2.708,0.3,0.0,1.5,2.95
1788455291.847,driving,8.178,2.332,0.7,2,32,57,9.675,2.375,0.0,1.498,2.698,0.3,0.0,1.5,2.95
1788455291.902,driving,8.198,2.333,0.7,2,32,57,9.675,2.375,0.0,1.478,2.677,0.3,0.0,1.5,2.95
1788455291.954,driving,8.208,2.333,0.7,3,33,57,9.725,2.375,0.1,1.517,2.667,0.3,0.0,1.5,2.95
1788455292.011,driving,8.232,2.33,0.7,3,33,57,9.725,2.375,0.1,1.494,2.643,0.3,0.0,1.5,2.95
1788455292.064,driving,8.246,2.328,0.7,3,33,57,9.725,2.375,0.1,1.48,2.63,0.3,0.0,1.5,2.95
1788455292.116,driving,8.269,2.326,0.8,4,34,57,9.775,2.375,0.1,1.507,2.607,0.3,0.0,1.5,2.95
1788455292.168,driving,8.279,2.326,0.8,4,34,57,9.775,2.375,0.1,1.497,2.597,0.3,0.0,1.5,2.95
1788455292.221,driving,8.299,2.326,0.8,5,35,57,9.825,2.375,0.1,1.527,2.576,0.3,0.0,1.5,2.95
1788455292.281,driving,8.309,2.326,0.8,5,35,57,9.825,2.375,0.1,1.516,2.566,0.3,0.0,1.5,2.95
1788455292.343,driving,8.33,2.327,0.8,5,35,57,9.825,2.375,0.2,1.496,2.546,0.3,0.0,1.5,2.95
1788455292.408,driving,8.34,2.327,0.8,5,35,57,9.825,2.375,0.2,1.486,2.535,0.3,0.0,1.5,2.95
1788455292.468,driving,8.361,2.327,1.0,6,36,57,9.875,2.375,-0.1,1.514,2.514,0.3,0.0,1.5,2.95
1788455292.54,driving,8.372,2.327,1.2,0,30,51,9.875,2.356,-0.2,1.503,2.503,0.3,0.0,1.5,2.95
1788455292.624,driving,8.393,2.327,1.3,0,30,51,9.875,2.356,-0.4,1.482,2.482,0.3,0.0,1.5,2.95
1788455292.702,driving,8.403,2.327,1.3,1,31,51,9.925,2.357,-0.4,1.522,2.472,0.3,0.0,1.5,2.95
1788455292.77,driving,8.414,2.328,1.3,1,31,51,9.925,2.357,-0.4,1.511,2.462,0.3,0.0,1.5,2.95
1788455292.836,driving,8.434,2.328,1.3,1,31,51,9.925,2.357,-0.3,1.491,2.442,0.3,0.0,1.5,2.95
1788455292.894,driving,8.444,2.328,1.3,1,31,51,9.925,2.357,-0.3,1.481,2.431,0.3,0.0,1.5,2.95
1788455292.948,driving,8.464,2.329,1.3,2,32,51,9.975,2.358,-0.3,1.51,2.411,0.3,0.0,1.5,2.95
1788455293.012,driving,8.473,2.333,1.6,2,32,51,9.975,2.358,-0.6,1.502,2.402,0.3,0.0,1.5,2.94
1788455293.074,driving,8.488,2.345,2.3,2,32,51,9.975,2.358,-1.3,1.486,2.387,0.3,0.0,1.5,2.94
1788455293.137,driving,8.497,2.347,2.4,2,32,51,9.975,2.358,-1.5,1.477,2.378,0.3,0.0,1.5,2.91
1788455293.201,driving,8.518,2.348,2.4,3,33,51,10.025,2.359,-1.5,1.507,2.357,0.3,0.0,1.5,2.91
1788455293.26,driving,8.528,2.349,2.4,3,33,51,10.025,2.359,-1.5,1.497,2.347,0.3,0.0,1.5,2.88
1788455293.31,driving,8.548,2.349,2.4,3,33,51,10.025,2.359,-1.5,1.476,2.327,0.3,0.0,1.5,2.88
1788455293.361,driving,8.559,2.35,2.4,4,34,51,10.075,2.36,-1.5,1.516,2.317,0.3,0.0,1.5,2.85
1788455293.412,driving,8.579,2.351,2.4,4,34,51,10.075,2.36,-1.5,1.496,2.296,0.3,0.0,1.5,2.85
1788455293.468,driving,8.587,2.351,2.4,4,34,51,10.075,2.36,-1.5,1.488,2.289,0.3,0.0,1.5,2.82
1788455293.519,driving,8.601,2.352,2.3,5,35,51,10.125,2.361,-1.4,1.524,2.275,0.3,0.0,1.5,2.82
1788455293.573,driving,8.61,2.352,2.3,0,30,46,10.125,2.375,-1.4,1.515,2.265,0.3,0.0,1.5,2.79
1788455293.626,driving,8.631,2.353,2.3,0,30,46,10.125,2.375,-1.4,1.494,2.244,0.3,0.0,1.5,2.79
1788455293.68,driving,8.641,2.353,2.3,0,30,46,10.125,2.375,-1.4,1.484,2.234,0.3,0.0,1.5,2.76
1788455293.734,driving,8.651,2.354,2.3,1,31,46,10.175,2.375,-1.4,1.524,2.224,0.3,0.0,1.5,2.76
1788455293.79,driving,8.672,2.354,2.3,1,31,46,10.175,2.375,-1.4,1.504,2.204,0.3,0.0,1.5,2.73
1788455293.849,driving,8.682,2.355,2.3,1,31,46,10.175,2.375,-1.4,1.493,2.193,0.3,0.0,1.5,2.73
1788455293.914,driving,8.697,2.357,2.2,1,31,46,10.175,2.375,-1.4,1.478,2.178,0.3,0.0,1.5,2.7
1788455293.978,driving,8.703,2.359,2.1,2,32,46,10.225,2.375,-1.3,1.522,2.172,0.3,0.0,1.5,2.7
1788455294.035,driving,8.719,2.36,2.1,2,32,46,10.225,2.375,-1.2,1.506,2.156,0.3,0.0,1.5,2.67
1788455294.093,driving,8.729,2.361,2.1,2,32,46,10.225,2.375,-1.2,1.496,2.146,0.3,0.0,1.5,2.67
1788455294.152,driving,8.749,2.362,2.1,2,32,46,10.225,2.375,-1.2,1.476,2.126,0.3,0.0,1.5,2.64
1788455294.207,driving,8.76,2.362,2.1,3,33,46,10.275,2.375,-1.2,1.515,2.115,0.3,0.0,1.5,2.64
1788455294.264,driving,8.78,2.363,2.1,3,33,46,10.275,2.375,-1.2,1.495,2.095,0.3,0.0,1.5,2.61
1788455294.322,driving,8.79,2.363,2.1,3,33,46,10.275,2.375,-1.3,1.485,2.085,0.3,0.0,1.5,2.61
1788455294.387,driving,8.806,2.36,1.9,4,34,46,10.325,2.375,-1.1,1.519,2.069,0.3,0.0,1.5,2.58
1788455294.456,driving,8.812,2.357,1.7,4,34,46,10.325,2.375,-0.9,1.513,2.063,0.3,0.0,1.5,2.58
1788455294.519,driving,8.83,2.356,1.6,4,34,46,10.325,2.375,-0.8,1.495,2.045,0.3,0.0,1.5,2.55
1788455294.582,driving,8.84,2.356,1.6,0,30,42,10.325,2.375,-0.8,1.485,2.035,0.3,0.0,1.5,2.55
1788455294.647,driving,8.861,2.357,1.6,1,31,42,10.375,2.375,-0.8,1.514,2.014,0.3,0.0,1.5,2.52
1788455294.709,driving,8.871,2.357,1.6,1,31,42,10.375,2.375,-0.8,1.504,2.004,0.3,0.0,1.5,2.52
1788455294.776,driving,8.881,2.357,1.6,1,31,42,10.375,2.375,-0.8,1.494,1.994,0.3,0.0,1.5,2.49
1788455294.833,driving,8.902,2.358,1.6,2,32,42,10.425,2.375,-0.8,1.524,1.974,0.3,0.0,1.5,2.49
1788455294.891,driving,8.911,2.358,1.5,2,32,42,10.425,2.375,-0.7,1.514,1.964,0.3,0.0,1.5,2.47
1788455294.949,driving,8.928,2.356,1.0,2,32,42,10.425,2.375,-0.3,1.497,1.947,0.3,0.0,1.5,2.47
1788455295.004,driving,8.938,2.356,0.9,2,32,42,10.425,2.375,-0.2,1.487,1.937,0.3,0.0,1.5,2.44
1788455295.061,driving,8.958,2.356,0.9,3,33,42,10.475,2.375,-0.2,1.517,1.917,0.3,0.0,1.5,2.44
1788455295.116,driving,8.969,2.356,0.9,3,33,42,10.475,2.375,-0.2,1.507,1.907,0.3,0.0,1.5,2.41
1788455295.171,driving,8.989,2.356,0.9,3,33,42,10.475,2.375,-0.2,1.486,1.886,0.3,0.0,1.5,2.41
1788455295.226,driving,8.999,2.357,0.9,3,33,42,10.475,2.375,-0.2,1.476,1.876,0.3,0.0,1.5,2.38
1788455295.283,driving,9.02,2.357,0.9,4,34,42,10.525,2.375,-0.2,1.506,1.856,0.3,0.0,1.5,2.38
1788455295.342,driving,9.029,2.358,1.0,4,34,42,10.525,2.375,-0.2,1.496,1.846,0.3,0.0,1.5,2.35
1788455295.404,driving,9.047,2.362,1.0,4,34,42,10.525,2.375,-0.3,1.478,1.828,0.3,0.0,1.5,2.35
1788455295.469,driving,9.057,2.362,1.0,5,35,42,10.575,2.375,-0.3,1.518,1.818,0.3,0.0,1.5,2.32
1788455295.533,driving,9.078,2.363,1.0,5,35,42,10.575,2.375,-0.3,1.497,1.797,0.3,0.0,1.5,2.32
1788455295.597,driving,9.088,2.363,1.0,0,30,37,10.575,2.375,-0.3,1.487,1.787,0.3,0.0,1.5,2.29
1788455295.657,driving,9.108,2.363,1.0,1,31,37,10.625,2.375,-0.3,1.517,1.767,0.3,0.0,1.5,2.29
1788455295.713,driving,9.118,2.364,1.0,1,31,37,10.625,2.375,-0.3,1.507,1.757,0.3,0.0,1.5,2.26
1788455295.771,driving,9.129,2.364,1.0,1,31,37,10.625,2.375,-0.3,1.496,1.746,0.3,0.0,1.5,2.26
1788455295.826,driving,9.148,2.365,1.3,1,31,37,10.625,2.375,-0.5,1.477,1.727,0.3,0.0,1.5,2.23
1788455295.882,driving,9.158,2.367,1.5,2,32,37,10.675,2.375,-0.8,1.517,1.717,0.3,0.0,1.5,2.23
1788455295.938,driving,9.178,2.368,1.7,2,32,37,10.675,2.375,-1.0,1.497,1.697,0.3,0.0,1.5,2.2
1788455295.992,driving,9.188,2.369,1.7,2,32,37,10.675,2.375,-1.0,1.487,1.687,0.3,0.0,1.5,2.2
1788455296.047,driving,9.208,2.369,1.7,3,33,37,10.725,2.375,-1.0,1.517,1.667,0.3,0.0,1.5,2.18
1788455296.101,driving,9.218,2.37,1.7,3,33,37,10.725,2.375,-1.0,1.507,1.657,0.3,0.0,1.5,2.18
1788455296.161,driving,9.239,2.37,1.7,3,33,37,10.725,2.375,-1.0,1.486,1.636,0.3,0.0,1.5,2.15
1788455296.218,driving,9.249,2.37,1.7,3,33,37,10.725,2.375,-1.0,1.476,1.626,0.3,0.0,1.5,2.15
1788455296.288,driving,9.268,2.368,1.3,4,34,37,10.775,2.375,-0.7,1.507,1.607,0.3,0.0,1.5,2.12
1788455296.348,driving,9.277,2.366,1.0,4,34,37,10.775,2.375,-0.3,1.499,1.599,0.3,0.0,1.5,2.12
1788455296.409,driving,9.296,2.364,0.7,4,34,37,10.775,2.375,-0.1,1.479,1.579,0.3,0.0,1.5,2.09
1788455296.47,driving,9.306,2.365,0.7,5,35,37,10.825,2.375,-0.1,1.519,1.569,0.3,0.0,1.5,2.09
1788455296.529,driving,9.326,2.365,0.7,5,35,37,10.825,2.375,-0.1,1.499,1.549,0.3,0.0,1.5,2.06
1788455296.582,driving,9.337,2.365,0.7,5,35,37,10.825,2.375,-0.1,1.489,1.539,0.3,0.0,1.5,2.06
1788455296.636,driving,9.357,2.365,0.7,1,31,32,10.875,2.375,-0.1,1.518,1.518,0.3,0.0,1.5,2.03
1788455296.689,driving,9.367,2.365,0.7,1,31,32,10.875,2.375,-0.2,1.508,1.508,0.3,0.0,1.5,2.03
1788455296.746,driving,9.375,2.366,0.7,1,31,32,10.875,2.375,-0.1,1.5,1.5,0.3,0.0,1.5,2.0
1788455296.802,driving,9.384,2.366,0.5,1,31,32,10.875,2.375,0.1,1.491,1.491,0.3,0.0,1.5,2.0
1788455296.861,driving,9.391,2.366,0.4,1,31,32,10.875,2.375,0.1,1.484,1.484,0.3,0.0,1.5,1.97
1788455296.922,driving,9.412,2.366,0.4,2,31,32,10.875,2.375,0.1,1.463,1.463,0.3,0.0,1.5,1.97
1788455296.986,driving,9.422,2.366,0.4,2,31,32,10.875,2.375,0.1,1.453,1.453,0.3,0.0,1.5,1.95
1788455297.053,driving,9.442,2.366,0.4,2,31,32,10.875,2.375,0.1,1.433,1.433,0.3,0.0,1.5,1.95
1788455297.116,driving,9.452,2.366,0.4,3,31,32,10.875,2.375,0.1,1.423,1.423,0.3,0.0,1.5,1.92
1788455297.177,driving,9.473,2.367,0.4,3,31,32,10.875,2.375,0.1,1.402,1.402,0.3,0.0,1.5,1.92
1788455297.232,driving,9.48,2.369,0.5,3,31,32,10.875,2.375,0.0,1.395,1.395,0.3,0.0,1.5,1.89
1788455297.284,driving,9.491,2.375,0.6,3,31,32,10.875,2.375,-0.1,1.384,1.384,0.3,0.0,1.5,1.89
1788455297.338,driving,9.5,2.375,0.7,4,31,32,10.875,2.375,-0.2,1.375,1.375,0.3,0.0,1.5,1.86
1788455297.396,driving,9.521,2.376,0.7,4,31,32,10.875,2.375,-0.2,1.354,1.354,0.3,0.0,1.5,1.86
1788455297.449,driving,9.531,2.376,0.7,4,31,32,10.875,2.375,-0.2,1.344,1.344,0.3,0.0,1.5,1.83
1788455297.504,driving,9.551,2.376,0.7,5,31,32,10.875,2.375,-0.2,1.324,1.324,0.3,0.0,1.5,1.83
1788455297.558,driving,9.561,2.376,0.7,5,31,32,10.875,2.375,-0.2,1.314,1.314,0.3,0.0,1.5,1.8
1788455297.612,driving,9.582,2.376,0.7,5,31,32,10.875,2.375,-0.2,1.293,1.293,0.3,0.0,1.5,1.8
1788455297.673,driving,9.59,2.376,0.4,0,26,27,10.875,2.375,0.1,1.285,1.285,0.3,0.0,1.5,1.77
1788455297.727,driving,9.597,2.375,0.1,0,26,27,10.875,2.375,0.3,1.278,1.278,0.3,0.0,1.5,1.77
1788455297.789,driving,9.614,2.375,-0.2,1,26,27,10.875,2.375,0.6,1.261,1.261,0.3,0.0,1.5,1.75
1788455297.846,driving,9.625,2.375,-0.2,1,26,27,10.875,2.375,0.6,1.25,1.25,0.3,0.0,1.5,1.75
1788455297.914,driving,9.645,2.375,-0.2,1,26,27,10.875,2.375,0.6,1.23,1.23,0.3,0.0,1.5,1.72
1788455297.973,driving,9.655,2.375,-0.2,2,26,27,10.875,2.375,0.6,1.22,1.22,0.3,0.0,1.5,1.72
1788455298.028,driving,9.676,2.374,-0.2,2,26,27,10.875,2.375,0.6,1.199,1.199,0.3,0.0,1.5,1.69
1788455298.081,driving,9.686,2.374,-0.2,2,26,27,10.875,2.375,0.6,1.189,1.189,0.3,0.0,1.5,1.69
1788455298.139,driving,9.695,2.376,-0.1,2,26,27,10.875,2.375,0.5,1.18,1.18,0.3,0.0,1.5,1.66
1788455298.196,driving,9.696,2.378,-0.0,2,26,27,10.875,2.375,0.4,1.179,1.179,0.3,0.0,1.5,1.66
1788455298.252,driving,9.71,2.379,0.1,3,26,27,10.875,2.375,0.3,1.165,1.165,0.3,0.0,1.5,1.63
1788455298.309,driving,9.72,2.379,0.1,3,26,27,10.875,2.375,0.3,1.155,1.155,0.3,0.0,1.5,1.63
1788455298.372,driving,9.74,2.379,0.1,3,26,27,10.875,2.375,0.3,1.135,1.135,0.3,0.0,1.5,1.6
1788455298.425,driving,9.751,2.379,0.1,4,26,27,10.875,2.375,0.2,1.124,1.124,0.3,0.0,1.5,1.6
1788455298.48,driving,9.771,2.379,0.1,4,26,27,10.875,2.375,0.2,1.104,1.104,0.3,0.0,1.5,1.58
1788455298.539,driving,9.781,2.379,0.1,4,26,27,10.875,2.375,0.2,1.094,1.094,0.3,0.0,1.5,1.58
1788455298.605,driving,9.804,2.385,0.4,5,26,27,10.875,2.375,-0.2,1.071,1.071,0.3,0.0,1.5,1.55
1788455298.67,driving,9.816,2.389,0.7,0,21,22,10.875,2.375,-0.5,1.059,1.059,0.3,0.0,1.5,1.55
1788455298.729,driving,9.827,2.391,0.9,0,21,22,10.875,2.375,-0.7,1.048,1.048,0.3,0.0,1.5,1.52
1788455298.786,driving,9.848,2.392,0.9,0,21,22,10.875,2.375,-0.7,1.027,1.027,0.3,0.0,1.5,1.52
1788455298.844,driving,9.858,2.392,0.9,1,21,22,10.875,2.375,-0.7,1.017,1.017,0.3,0.0,1.5,1.49
1788455298.906,driving,9.878,2.392,0.9,1,21,22,10.875,2.375,-0.8,0.997,0.997,0.3,0.0,1.5,1.49
1788455298.965,driving,9.889,2.392,0.9,1,21,22,10.875,2.375,-0.8,0.987,0.987,0.3,0.0,1.5,1.46
1788455299.024,driving,9.909,2.393,0.9,2,21,22,10.875,2.375,-0.8,0.966,0.966,0.3,0.0,1.5,1.46
1788455299.084,driving,9.926,2.392,0.9,2,21,22,10.875,2.375,-0.9,0.949,0.949,0.3,0.0,1.5,1.44
1788455299.137,driving,9.969,2.389,1.0,3,21,22,10.875,2.375,-1.0,0.906,0.906,0.3,0.0,1.5,1.44
1788455299.194,driving,9.983,2.389,1.0,3,21,22,10.875,2.375,-1.0,0.893,0.893,0.3,0.0,1.5,1.41
1788455299.249,driving,10.003,2.389,1.0,4,21,22,10.875,2.375,-1.0,0.872,0.872,0.3,0.0,1.5,1.41
1788455299.313,driving,10.013,2.39,1.0,4,21,22,10.875,2.375,-1.0,0.862,0.862,0.3,0.0,1.5,1.38
1788455299.376,driving,10.034,2.39,1.0,4,21,22,10.875,2.375,-1.1,0.842,0.842,0.3,0.0,1.5,1.38
1788455299.444,driving,10.044,2.39,1.0,4,21,22,10.875,2.375,-1.1,0.831,0.831,0.3,0.0,1.5,1.35
1788455299.509,driving,10.064,2.39,1.0,5,21,22,10.875,2.375,-1.1,0.811,0.811,0.3,0.0,1.5,1.35
1788455299.566,driving,10.07,2.395,1.1,5,21,22,10.875,2.375,-1.2,0.806,0.806,0.3,0.0,1.5,1.33
1788455299.622,driving,10.08,2.404,1.3,5,21,22,10.875,2.375,-1.5,0.796,0.796,0.3,0.0,1.5,1.33
1788455299.68,driving,10.089,2.405,1.3,0,16,17,10.875,2.375,-1.5,0.786,0.786,0.3,0.0,1.5,1.3
1788455299.736,driving,10.1,2.405,1.3,1,16,17,10.875,2.375,-1.6,0.776,0.776,0.3,0.0,1.5,1.3
1788455299.794,driving,10.12,2.406,1.3,1,16,17,10.875,2.375,-1.6,0.756,0.756,0.3,0.0,1.5,1.27
1788455299.85,driving,10.13,2.406,1.3,1,16,17,10.875,2.375,-1.7,0.745,0.745,0.3,0.0,1.5,1.27
1788455299.906,driving,10.151,2.406,1.3,2,16,17,10.875,2.375,-1.7,0.725,0.725,0.3,0.0,1.5,1.25
1788455299.962,driving,10.161,2.406,1.3,2,16,17,10.875,2.375,-1.8,0.715,0.715,0.3,0.0,1.5,1.25
1788455300.015,driving,10.18,2.407,1.2,2,16,17,10.875,2.375,-1.8,0.696,0.696,0.3,0.0,1.5,1.22
1788455300.071,driving,10.188,2.408,1.2,2,16,17,10.875,2.375,-1.8,0.688,0.688,0.3,0.0,1.5,1.22
1788455300.133,driving,10.207,2.409,1.2,3,16,17,10.875,2.375,-1.9,0.668,0.668,0.299,0.0,1.5,1.19
1788455300.191,driving,10.218,2.409,1.2,3,16,17,10.875,2.375,-1.9,0.658,0.658,0.299,0.0,1.5,1.19
1788455300.255,driving,10.238,2.41,1.2,3,16,17,10.875,2.375,-2.0,0.638,0.638,0.297,0.0,1.5,1.17
1788455300.32,driving,10.248,2.41,1.2,3,16,17,10.875,2.375,-2.0,0.628,0.628,0.297,0.0,1.5,1.17
1788455300.376,driving,10.268,2.41,1.2,4,16,17,10.875,2.375,-2.1,0.608,0.608,0.294,0.0,1.5,1.14
1788455300.427,driving,10.278,2.41,1.2,4,16,17,10.875,2.375,-2.1,0.598,0.598,0.294,0.0,1.5,1.14
1788455300.491,driving,10.29,2.41,1.1,4,16,17,10.875,2.375,-2.1,0.586,0.586,0.292,0.0,1.5,1.11
1788455300.554,driving,10.294,2.41,1.0,4,16,17,10.875,2.375,-2.1,0.582,0.582,0.292,0.0,1.5,1.11
1788455300.623,driving,10.31,2.41,0.9,5,16,17,10.875,2.375,-2.1,0.566,0.566,0.289,0.0,1.5,1.09
1788455300.682,driving,10.32,2.41,0.9,5,16,17,10.875,2.375,-2.1,0.556,0.556,0.289,0.0,1.5,1.09
1788455300.737,driving,10.33,2.41,0.9,0,11,12,10.875,2.375,-2.2,0.546,0.546,0.287,0.0,1.5,1.06
1788455300.791,driving,10.35,2.411,0.9,1,11,12,10.875,2.375,-2.2,0.526,0.526,0.287,0.0,1.5,1.06
1788455300.847,driving,10.36,2.411,0.9,1,11,12,10.875,2.375,-2.3,0.517,0.517,0.285,0.0,1.5,1.04
1788455300.925,driving,10.379,2.411,0.9,1,11,12,10.875,2.375,-2.4,0.497,0.497,0.285,0.0,1.5,1.04
1788455301.021,driving,10.388,2.415,1.2,1,11,12,10.875,2.375,-2.7,0.488,0.488,0.282,0.0,1.5,1.01
1788455301.096,driving,10.404,2.427,2.1,2,11,12,10.875,2.375,-3.8,0.474,0.474,0.282,0.0,1.5,1.01
1788455301.169,driving,10.413,2.429,2.3,2,11,12,10.875,2.375,-4.1,0.465,0.465,0.28,0.0,1.5,0.99
1788455301.237,driving,10.432,2.43,2.3,2,11,12,10.875,2.375,-4.2,0.446,0.446,0.28,0.0,1.5,0.99
1788455301.309,driving,10.442,2.43,2.3,2,11,12,10.875,2.375,-4.3,0.437,0.437,0.278,0.0,1.5,0.97
1788455301.381,driving,10.461,2.431,2.3,3,11,12,10.875,2.375,-4.5,0.418,0.418,0.278,0.0,1.5,0.97
1788455301.443,driving,10.47,2.432,2.3,3,11,12,10.875,2.375,-4.6,0.409,0.409,0.276,0.0,1.5,0.94
1788455301.501,driving,10.489,2.432,2.3,3,11,12,10.875,2.375,-4.7,0.39,0.39,0.276,0.0,1.5,0.94
1788455301.557,driving,10.5,2.435,2.4,3,11,12,10.875,2.375,-5.1,0.379,0.379,0.274,0.0,1.5,0.92
1788455301.611,driving,10.524,2.443,2.9,4,11,12,10.875,2.375,-5.7,0.358,0.358,0.268,0.0,1.5,0.92
1788455301.669,driving,10.533,2.444,2.9,4,11,12,10.875,2.375,-6.0,0.349,0.349,0.261,0.0,1.5,0.9
1788455301.735,driving,10.551,2.445,2.9,0,7,8,10.875,2.375,-6.2,0.331,0.331,0.248,0.0,1.5,0.9
1788455301.806,driving,10.56,2.445,2.9,1,7,8,10.875,2.375,-6.4,0.323,0.323,0.242,0.0,1.5,0.88
1788455301.877,driving,10.569,2.445,2.9,1,7,8,10.875,2.375,-6.7,0.314,0.314,0.236,0.0,1.5,0.88
1788455301.941,driving,10.585,2.446,2.9,1,7,8,10.875,2.375,-6.9,0.299,0.299,0.224,0.0,1.5,0.86
1788455301.994,driving,10.593,2.447,2.9,1,7,8,10.875,2.375,-7.2,0.291,0.291,0.22,0.0,1.5,0.86
1788455302.049,driving,10.601,2.446,2.8,1,7,8,10.875,2.375,-7.3,0.284,0.284,0.22,0.0,1.5,0.84
1788455302.105,driving,10.601,2.446,2.7,1,7,8,10.875,2.375,-7.4,0.283,0.283,0.22,0.0,1.5,0.84
1788455302.16,driving,10.609,2.446,2.6,2,7,8,10.875,2.375,-7.6,0.275,0.275,0.22,0.0,1.5,0.82
1788455302.214,driving,10.617,2.446,2.6,2,7,8,10.875,2.375,-7.8,0.268,0.268,0.22,0.0,1.5,0.82
1788455302.269,driving,10.632,2.447,2.6,2,7,8,10.875,2.375,-8.1,0.254,0.254,0.22,0.0,1.5,0.8
1788455302.323,driving,10.639,2.447,2.6,2,7,8,10.875,2.375,-8.4,0.247,0.247,0.22,0.0,1.5,0.8
1788455302.384,driving,10.654,2.448,2.6,2,7,8,10.875,2.375,-8.7,0.233,0.233,0.22,0.0,1.5,0.79
1788455302.441,driving,10.662,2.448,2.6,3,7,8,10.875,2.375,-9.0,0.226,0.226,0.22,0.0,1.5,0.79
1788455302.509,driving,10.677,2.446,2.7,3,7,8,10.875,2.375,-9.5,0.21,0.21,0.22,0.0,1.5,0.77
1788455302.571,driving,10.685,2.444,2.8,3,7,8,10.875,2.375,-9.9,0.202,0.202,0.22,0.0,1.5,0.77
1788455302.632,driving,10.7,2.444,2.9,3,7,8,10.875,2.375,-10.3,0.188,0.188,0.22,0.0,1.5,0.76
1788455302.693,driving,10.708,2.444,2.9,4,7,8,10.875,2.375,-10.7,0.181,0.181,0.22,0.0,1.5,0.76
1788455302.749,driving,10.723,2.445,2.9,0,3,4,10.875,2.375,-11.1,0.168,0.168,0.22,0.0,1.5,0.75
1788455302.802,driving,10.73,2.445,2.9,0,3,4,10.875,2.375,-11.5,0.161,0.161,0.22,0.0,1.5,0.75
1788455302.854,driving,10.737,2.446,2.9,0,3,4,10.875,2.375,-12.0,0.155,0.155,0.22,0.0,1.5,0.73
1788455302.909,goal_approach,10.752,2.446,2.9,3,3,4,10.875,2.375,-33.1,0.142,0.142,0.0,-2.4,,0.73
1788455304.484,turning,10.779,2.441,-5.2,0,21,22,11.375,3.475,65.3,1.194,1.194,0.0,3.417,1.5,0.7
1788455304.536,turning,10.779,2.441,-5.2,0,21,22,11.375,3.475,65.3,1.194,1.194,0.0,3.417,1.5,0.7
1788455304.589,turning,10.779,2.441,-1.4,0,21,22,11.375,3.475,61.4,1.194,1.194,0.0,3.216,1.5,0.7
1788455304.642,turning,10.779,2.441,0.6,0,21,22,11.375,3.475,59.4,1.194,1.194,0.0,3.111,1.5,0.7
1788455304.694,turning,10.779,2.441,2.5,0,21,22,11.375,3.475,57.6,1.194,1.194,0.0,3.015,1.5,0.71
1788455304.744,turning,10.779,2.441,5.7,0,21,22,11.375,3.475,54.3,1.194,1.194,0.0,2.845,1.5,0.71
1788455304.8,turning,10.779,2.441,7.2,0,21,22,11.375,3.475,52.8,1.194,1.194,0.0,2.765,1.5,0.77
1788455304.856,turning,10.779,2.441,9.9,0,21,22,11.375,3.475,50.1,1.194,1.194,0.0,2.625,1.5,0.77
1788455304.916,turning,10.779,2.441,11.2,0,21,22,11.375,3.475,48.9,1.194,1.194,0.0,2.56,1.5,2.52
1788455304.977,turning,10.779,2.441,13.3,0,21,22,11.375,3.475,46.7,1.194,1.194,0.0,2.448,1.5,2.52
1788455305.038,turning,10.779,2.441,14.3,0,21,22,11.375,3.475,45.7,1.194,1.194,0.0,2.4,1.5,2.4
1788455305.096,turning,10.779,2.441,16.0,0,21,22,11.375,3.475,44.0,1.194,1.194,0.0,2.4,1.5,2.4
1788455305.151,turning,10.782,2.441,16.7,0,21,22,11.375,3.475,43.3,1.192,1.192,0.0,2.4,1.5,2.32
1788455305.205,turning,10.79,2.44,18.1,0,21,22,11.375,3.475,42.0,1.189,1.189,0.0,2.4,1.5,2.32
1788455305.262,turning,10.791,2.44,18.9,0,21,22,11.375,3.475,41.2,1.188,1.188,0.0,2.4,1.5,2.25
1788455305.316,turning,10.791,2.44,20.5,0,21,22,11.375,3.475,39.6,1.188,1.188,0.0,2.4,1.5,2.25
1788455305.371,turning,10.791,2.44,21.3,0,21,22,11.375,3.475,38.8,1.188,1.188,0.0,2.4,1.5,2.19
1788455305.425,turning,10.789,2.441,22.9,0,21,22,11.375,3.475,37.3,1.188,1.188,0.0,2.4,1.5,2.19
1788455305.48,turning,10.789,2.441,23.7,0,21,22,11.375,3.475,36.4,1.188,1.188,0.0,2.4,1.5,2.14
1788455305.531,turning,10.789,2.441,25.3,0,21,22,11.375,3.475,34.8,1.188,1.188,0.0,2.4,1.5,2.14
1788455305.587,turning,10.79,2.443,25.9,0,21,22,11.375,3.475,34.2,1.186,1.186,0.0,2.4,1.5,2.1
1788455305.645,turning,10.792,2.444,26.5,1,21,22,11.375,3.475,33.6,1.184,1.184,0.0,2.4,1.5,2.1
1788455305.708,turning,10.793,2.446,27.9,1,21,22,11.375,3.475,32.3,1.182,1.182,0.0,2.4,1.5,2.08
1788455305.77,turning,10.793,2.446,28.7,1,21,22,11.375,3.475,31.4,1.182,1.182,0.0,2.4,1.5,2.08
1788455305.83,turning,10.793,2.446,30.4,1,21,22,11.375,3.475,29.8,1.182,1.182,0.0,2.4,1.5,2.09
1788455305.889,turning,10.793,2.446,31.2,1,21,22,11.375,3.475,29.0,1.182,1.182,0.0,2.4,1.5,2.09
1788455305.942,turning,10.788,2.445,32.9,0,21,22,11.375,3.475,27.3,1.186,1.186,0.0,2.4,1.5,2.08
1788455305.997,turning,10.784,2.443,33.8,0,21,22,11.375,3.475,26.3,1.189,1.189,0.0,2.4,1.5,2.08
1788455306.052,turning,10.78,2.443,35.6,0,21,22,11.375,3.475,24.6,1.192,1.192,0.0,2.4,1.5,2.08
1788455306.106,turning,10.78,2.443,36.4,0,21,22,11.375,3.475,23.8,1.192,1.192,0.0,2.4,1.5,2.08
1788455306.162,turning,10.78,2.443,38.0,0,21,22,11.375,3.475,22.2,1.192,1.192,0.0,2.4,1.5,2.08
1788455306.213,turning,10.78,2.443,38.8,0,21,22,11.375,3.475,21.3,1.192,1.192,0.0,2.4,1.5,2.08
1788455306.268,turning,10.785,2.442,40.4,0,21,22,11.375,3.475,19.8,1.19,1.19,0.0,2.4,1.5,2.08
1788455306.32,turning,10.788,2.441,41.1,0,21,22,11.375,3.475,19.0,1.188,1.188,0.0,2.4,1.5,2.08
1788455306.377,turning,10.791,2.441,42.7,0,21,22,11.375,3.475,17.5,1.188,1.188,0.0,2.4,1.5,2.09
1788455306.436,turning,10.791,2.441,43.5,0,21,22,11.375,3.475,16.7,1.188,1.188,0.0,2.4,1.5,2.09
1788455306.499,turning,10.791,2.441,45.2,0,21,22,11.375,3.475,15.0,1.188,1.188,0.0,2.4,1.5,2.09
1788455306.559,turning,10.791,2.441,46.0,0,21,22,11.375,3.475,14.2,1.188,1.188,0.0,2.4,1.5,2.09
1788455306.62,turning,10.792,2.44,46.8,0,21,22,11.375,3.475,13.4,1.188,1.188,0.0,2.4,1.5,1.88
1788455306.676,turning,10.797,2.437,48.5,0,21,22,11.375,3.475,11.8,1.188,1.188,0.0,2.4,1.5,1.88
1788455306.731,turning,10.798,2.436,49.3,0,21,22,11.375,3.475,11.0,1.189,1.189,0.0,2.4,1.5,1.88
1788455306.785,turning,10.798,2.436,50.9,0,21,22,11.375,3.475,9.4,1.189,1.189,0.0,2.4,1.5,1.88
1788455306.839,turning,10.798,2.436,51.7,0,21,22,11.375,3.475,8.6,1.189,1.189,0.0,2.4,1.5,1.88
1788455306.894,turning,10.798,2.436,53.4,0,21,22,11.375,3.475,6.9,1.189,1.189,0.0,2.4,1.5,1.88
1788455306.949,turning,10.804,2.438,54.3,1,21,22,11.375,3.475,6.0,1.184,1.184,0.0,2.4,1.5,1.88
1788455307.0,driving,10.822,2.445,56.4,1,21,22,11.375,3.475,3.9,1.169,1.169,0.3,0.0,1.5,1.88
1788455307.053,driving,10.825,2.446,57.3,1,21,22,11.375,3.475,3.1,1.167,1.167,0.3,0.0,1.5,1.88
1788455307.108,driving,10.826,2.448,57.5,1,21,22,11.375,3.475,2.9,1.164,1.164,0.3,0.0,1.5,1.88
1788455307.161,driving,10.828,2.452,57.5,1,21,22,11.375,3.475,3.0,1.16,1.16,0.3,0.0,1.5,1.88
1788455307.218,driving,10.836,2.463,57.5,1,21,22,11.375,3.475,3.0,1.147,1.147,0.3,0.0,1.5,1.88
1788455307.284,driving,10.841,2.469,57.4,1,21,22,11.375,3.475,3.1,1.139,1.139,0.3,0.0,1.5,1.86
1788455307.345,driving,10.855,2.482,57.3,2,21,22,11.375,3.475,3.3,1.121,1.121,0.3,0.0,1.5,1.86
1788455307.408,driving,10.86,2.49,57.3,2,21,22,11.375,3.475,3.3,1.111,1.111,0.3,0.0,1.5,1.84
1788455307.464,driving,10.871,2.507,57.3,2,21,22,11.375,3.475,3.4,1.091,1.091,0.3,0.0,1.5,1.84
1788455307.518,driving,10.877,2.516,57.3,2,21,22,11.375,3.475,3.4,1.081,1.081,0.3,0.0,1.5,1.81
1788455307.571,driving,10.882,2.524,57.3,0,20,21,11.375,3.475,3.5,1.071,1.071,0.3,0.0,1.5,1.81
1788455307.626,driving,10.893,2.542,57.3,0,20,21,11.375,3.475,3.5,1.05,1.05,0.3,0.0,1.5,1.79
1788455307.681,driving,10.899,2.55,57.3,1,20,21,11.375,3.475,3.5,1.04,1.04,0.3,0.0,1.5,1.79
1788455307.735,driving,10.91,2.567,57.3,1,20,21,11.375,3.475,3.6,1.02,1.02,0.3,0.0,1.5,1.76
1788455307.79,driving,10.915,2.576,57.3,1,20,21,11.375,3.475,3.6,1.01,1.01,0.3,0.0,1.5,1.76
1788455307.847,driving,10.926,2.593,57.3,2,20,21,11.375,3.475,3.7,0.99,0.99,0.3,0.0,1.5,1.74
1788455307.9,driving,10.932,2.602,57.3,2,20,21,11.375,3.475,3.7,0.979,0.979,0.3,0.0,1.5,1.74
1788455307.954,driving,10.943,2.619,57.3,2,20,21,11.375,3.475,3.8,0.959,0.959,0.3,0.0,1.5,1.71
1788455308.015,driving,10.948,2.627,57.3,2,20,21,11.375,3.475,3.9,0.949,0.949,0.3,0.0,1.5,1.71
1788455308.08,driving,10.959,2.645,57.3,3,20,21,11.375,3.475,3.9,0.929,0.929,0.3,0.0,1.5,1.69
1788455308.141,driving,10.965,2.653,57.3,3,20,21,11.375,3.475,4.0,0.918,0.918,0.3,0.0,1.5,1.69
1788455308.206,driving,10.978,2.669,57.3,3,20,21,11.375,3.475,4.0,0.899,0.899,0.3,0.0,1.5,1.66
1788455308.264,driving,10.986,2.676,57.3,4,20,21,11.375,3.475,4.1,0.889,0.889,0.3,0.0,1.5,1.66
1788455308.325,driving,10.998,2.692,57.3,4,20,21,11.375,3.475,4.2,0.869,0.869,0.3,0.0,1.5,1.64
1788455308.384,driving,11.003,2.701,57.3,4,20,21,11.375,3.475,4.2,0.859,0.859,0.3,0.0,1.5,1.64
1788455308.443,driving,11.014,2.718,57.3,5,20,21,11.375,3.475,4.3,0.839,0.839,0.3,0.0,1.5,1.61
1788455308.498,driving,11.02,2.726,57.3,5,20,21,11.375,3.475,4.4,0.829,0.829,0.3,0.0,1.5,1.61
1788455308.557,driving,11.025,2.735,57.3,0,16,17,11.375,3.475,4.5,0.819,0.819,0.3,0.0,1.5,1.59
1788455308.618,driving,11.036,2.752,57.3,1,16,17,11.375,3.475,4.5,0.798,0.798,0.3,0.0,1.5,1.59
1788455308.68,driving,11.042,2.761,57.3,1,16,17,11.375,3.475,4.6,0.788,0.788,0.3,0.0,1.5,1.56
1788455308.739,driving,11.053,2.778,57.3,1,16,17,11.375,3.475,4.7,0.768,0.768,0.3,0.0,1.5,1.56
1788455308.804,driving,11.06,2.786,57.3,1,16,17,11.375,3.475,4.8,0.757,0.757,0.3,0.0,1.5,1.54
1788455308.87,driving,11.075,2.803,57.2,2,16,17,11.375,3.475,5.0,0.736,0.736,0.3,0.0,1.5,1.54
1788455308.928,driving,11.081,2.812,57.2,2,16,17,11.375,3.475,5.1,0.725,0.725,0.3,0.0,1.5,1.51
1788455308.986,driving,11.092,2.829,57.2,2,16,17,11.375,3.475,5.2,0.705,0.705,0.3,0.0,1.5,1.51
1788455309.041,driving,11.098,2.838,57.2,3,16,17,11.375,3.475,5.3,0.695,0.695,0.3,0.0,1.5,1.49
1788455309.095,driving,11.109,2.855,57.2,3,16,17,11.375,3.475,5.4,0.675,0.675,0.3,0.0,1.5,1.49
1788455309.149,driving,11.114,2.863,57.2,3,16,17,11.375,3.475,5.5,0.665,0.665,0.3,0.0,1.5,1.47
1788455309.204,driving,11.125,2.88,57.2,4,16,17,11.375,3.475,5.6,0.645,0.645,0.3,0.0,1.5,1.47
1788455309.256,driving,11.131,2.889,57.2,4,16,17,11.375,3.475,5.7,0.635,0.635,0.3,0.0,1.5,1.44
1788455309.311,driving,11.142,2.906,57.2,4,16,17,11.375,3.475,5.8,0.615,0.615,0.3,0.0,1.5,1.44
1788455309.367,driving,11.149,2.914,57.1,4,16,17,11.375,3.475,6.0,0.605,0.605,0.3,0.0,1.5,1.42
1788455309.422,driving,11.165,2.929,56.9,5,16,17,11.375,3.475,6.4,0.585,0.585,0.3,0.0,1.5,1.42
1788455309.477,driving,11.171,2.938,56.9,5,16,17,11.375,3.475,6.5,0.575,0.575,0.3,0.0,1.5,1.4
1788455309.533,driving,11.176,2.946,56.9,5,16,17,11.375,3.475,6.7,0.565,0.565,0.3,0.0,1.5,1.4
1788455309.601,driving,11.187,2.964,56.9,0,10,11,11.375,3.475,6.8,0.545,0.545,0.3,0.0,1.5,1.37
1788455309.665,driving,11.193,2.972,56.9,0,10,11,11.375,3.475,7.0,0.535,0.535,0.3,0.0,1.5,1.37
1788455309.665,driving,11.193,2.972,56.9,0,10,11,11.375,3.475,7.1,0.535,0.535,0.3,0.0,1.5,1.37
1788455309.789,driving,11.209,2.998,56.9,1,10,11,11.375,3.475,7.3,0.505,0.505,0.3,0.0,1.5,1.45
1788455309.844,driving,11.221,3.015,56.9,1,10,11,11.375,3.475,7.5,0.485,0.485,0.3,0.0,1.5,1.42
1788455309.901,driving,11.226,3.023,56.9,1,10,11,11.375,3.475,7.7,0.475,0.475,0.3,0.0,1.5,1.42
1788455309.959,driving,11.248,3.045,56.6,2,10,11,11.375,3.475,8.2,0.449,0.449,0.3,0.0,1.5,1.39
1788455310.012,driving,11.263,3.056,56.3,2,10,11,11.375,3.475,8.8,0.433,0.433,0.3,0.0,1.5,1.39
1788455310.106,driving,11.281,3.076,56.0,3,10,11,11.375,3.475,9.3,0.41,0.41,0.3,0.0,1.5,1.36
1788455310.106,driving,11.281,3.076,56.0,3,10,11,11.375,3.475,9.6,0.41,0.41,0.3,0.0,1.5,1.36
1788455310.268,driving,11.298,3.101,56.0,3,10,11,11.375,3.475,9.9,0.382,0.382,0.286,0.0,1.5,1.33
1788455310.354,driving,11.304,3.11,56.0,3,10,11,11.375,3.475,10.3,0.372,0.372,0.279,0.0,1.5,1.33
1788455310.421,driving,11.315,3.126,56.0,4,10,11,11.375,3.475,10.6,0.355,0.355,0.266,0.0,1.5,1.3
1788455310.486,driving,11.32,3.134,56.0,4,10,11,11.375,3.475,11.0,0.346,0.346,0.259,0.0,1.5,1.3
1788455310.55,driving,11.33,3.148,56.0,4,10,11,11.375,3.475,11.3,0.33,0.33,0.247,0.0,1.5,1.28
1788455310.607,driving,11.335,3.156,56.0,1,7,8,11.375,3.475,11.7,0.322,0.322,0.241,0.0,1.5,1.28
1788455310.662,driving,11.339,3.165,56.3,1,7,8,11.375,3.475,11.9,0.312,0.312,0.234,0.0,1.5,1.25
1788455310.719,driving,11.34,3.189,57.3,1,7,8,11.375,3.475,11.2,0.288,0.288,0.22,0.0,1.5,1.25
1788455310.779,driving,11.343,3.198,57.5,1,7,8,11.375,3.475,11.3,0.279,0.279,0.22,0.0,1.5,1.23
1788455310.834,driving,11.351,3.21,57.5,2,7,8,11.375,3.475,11.7,0.266,0.266,0.22,0.0,1.5,1.23
1788455310.892,driving,11.355,3.217,57.5,2,7,8,11.375,3.475,12.1,0.259,0.259,0.22,0.0,1.5,1.21
1788455310.946,driving,11.363,3.229,57.5,2,7,8,11.375,3.475,12.5,0.246,0.246,0.22,0.0,1.5,1.21
1788455311.009,driving,11.367,3.236,57.5,2,7,8,11.375,3.475,13.0,0.239,0.239,0.22,0.0,1.5,1.18
1788455311.073,driving,11.375,3.248,57.5,3,7,8,11.375,3.475,13.5,0.227,0.227,0.22,0.0,1.5,1.18
1788455311.135,driving,11.379,3.255,57.5,3,7,8,11.375,3.475,14.0,0.22,0.22,0.22,0.0,1.5,1.16
1788455311.195,driving,11.387,3.267,57.5,3,7,8,11.375,3.475,14.5,0.208,0.208,0.22,0.0,1.5,1.16
1788455311.258,driving,11.398,3.273,57.1,3,7,8,11.375,3.475,15.5,0.204,0.204,0.22,0.0,1.5,1.14
1788455311.319,turning,11.424,3.282,56.0,3,7,8,11.375,3.475,17.4,0.199,0.199,0.0,2.4,1.5,1.14
1788455311.376,turning,11.429,3.288,55.9,4,7,8,11.375,3.475,18.3,0.195,0.195,0.0,2.4,1.5,1.12
1788455311.427,turning,11.43,3.289,57.3,4,7,8,11.375,3.475,17.7,0.194,0.194,0.0,2.4,1.5,1.12
1788455311.482,turning,11.43,3.289,58.1,4,7,8,11.375,3.475,17.7,0.194,0.194,0.0,2.4,1.5,1.11
1788455311.536,turning,11.43,3.289,59.8,4,7,8,11.375,3.475,16.8,0.194,0.194,0.0,2.4,1.5,1.11
1788455311.592,turning,11.43,3.289,60.6,4,7,8,11.375,3.475,16.7,0.194,0.194,0.0,2.4,1.5,1.11
1788455311.647,turning,11.43,3.289,61.4,0,4,5,11.375,3.475,16.6,0.194,0.194,0.0,2.4,1.5,1.11
1788455311.707,turning,11.43,3.289,63.0,0,4,5,11.375,3.475,15.7,0.194,0.194,0.0,2.4,1.5,1.11
1788455311.762,turning,11.43,3.289,63.9,0,4,5,11.375,3.475,15.6,0.194,0.194,0.0,2.4,1.5,1.11
1788455311.816,turning,11.43,3.289,65.5,0,4,5,11.375,3.475,14.6,0.194,0.194,0.0,2.4,1.5,1.11
1788455311.875,turning,11.43,3.289,66.3,0,4,5,11.375,3.475,14.4,0.194,0.194,0.0,2.4,1.5,1.11
1788455311.933,driving,11.43,3.289,67.9,0,4,5,11.375,3.475,13.4,0.194,0.194,0.22,0.0,1.5,1.11
1788455311.995,driving,11.43,3.289,68.8,0,4,5,11.375,3.475,13.2,0.194,0.194,0.22,0.0,1.5,1.11
1788455312.054,driving,11.431,3.292,68.9,0,4,5,11.375,3.475,13.7,0.191,0.191,0.22,0.0,1.5,1.11
1788455312.114,driving,11.433,3.296,68.9,0,4,5,11.375,3.475,14.3,0.188,0.188,0.22,0.0,1.5,1.11
1788455312.167,driving,11.435,3.314,69.3,1,4,5,11.375,3.475,14.6,0.172,0.172,0.22,0.0,1.5,1.1
1788455312.222,driving,11.435,3.326,69.7,1,4,5,11.375,3.475,14.9,0.161,0.161,0.22,0.0,1.5,1.1
1788455312.279,goal_approach,11.438,3.344,70.0,4,4,5,11.375,3.475,45.8,0.146,0.146,0.0,2.4,,1.08
1788455312.337,goal_approach,11.441,3.351,70.0,4,4,5,11.375,3.475,48.0,0.141,0.141,0.0,2.514,,1.08
1788455313.94,turning,11.432,3.378,79.7,0,30,130,9.925,3.625,91.0,1.528,3.5,0.0,4.5,1.5,1.06
1788455313.995,turning,11.432,3.378,79.7,0,30,130,9.925,3.625,91.0,1.528,3.5,0.0,4.5,1.5,1.06
1788455314.052,turning,11.432,3.378,83.3,0,30,130,9.925,3.625,87.4,1.528,3.5,0.0,4.5,1.5,1.06
1788455314.106,turning,11.433,3.38,83.3,0,30,130,9.925,3.625,87.4,1.527,3.497,0.0,4.5,1.5,1.06
1788455314.164,turning,11.434,3.39,83.3,0,30,130,9.925,3.625,87.4,1.527,3.488,0.0,4.5,1.5,1.06
1788455314.217,turning,11.435,3.397,83.3,0,30,130,9.925,3.625,87.4,1.527,3.481,0.0,4.5,1.5,1.06
1788455314.278,turning,11.436,3.41,83.3,0,30,130,9.925,3.625,87.4,1.526,3.468,0.0,4.5,1.5,1.04
1788455314.341,turning,11.437,3.417,83.3,0,30,130,9.925,3.625,87.5,1.526,3.461,0.0,4.5,1.5,1.04
1788455314.406,turning,11.439,3.43,83.3,0,30,130,9.925,3.625,87.5,1.526,3.447,0.0,4.5,1.5,1.02
1788455314.465,turning,11.439,3.437,83.3,0,30,130,9.925,3.625,87.6,1.526,3.441,0.0,4.5,1.5,1.02
1788455314.52,turning,11.44,3.444,83.1,0,30,130,9.925,3.625,87.8,1.526,3.434,0.0,4.5,1.5,1.0
1788455314.573,turning,11.44,3.457,82.4,0,30,130,9.925,3.625,88.6,1.524,3.421,0.0,4.5,1.5,1.0
1788455314.627,turning,11.441,3.464,82.2,0,30,130,9.925,3.625,88.9,1.524,3.414,0.0,4.5,1.5,0.98
1788455314.678,turning,11.442,3.477,82.2,0,30,130,9.925,3.625,88.9,1.525,3.4,0.0,4.5,1.5,0.98
1788455314.732,turning,11.443,3.484,82.2,0,30,130,9.925,3.625,89.0,1.525,3.394,0.0,4.5,1.5,0.96
1788455314.784,turning,11.445,3.497,82.2,0,30,130,9.925,3.625,89.1,1.525,3.38,0.0,4.5,1.5,0.96
1788455314.835,turning,11.446,3.504,82.2,0,30,130,9.925,3.625,89.2,1.526,3.373,0.0,4.5,1.5,0.94
1788455314.888,turning,11.448,3.518,82.2,0,30,130,9.925,3.625,89.3,1.527,3.36,0.0,4.5,1.5,0.94
1788455314.944,turning,11.449,3.524,82.2,0,30,68,11.375,5.025,87.4,1.503,3.353,0.0,4.5,1.5,0.92
1788455315.002,turning,11.451,3.538,82.2,0,30,68,11.375,5.025,85.5,1.489,3.34,0.0,4.5,1.5,0.92
1788455315.063,turning,11.452,3.545,82.2,0,30,68,11.375,5.025,83.7,1.482,3.333,0.0,4.5,1.5,0.91
1788455315.122,turning,11.453,3.558,82.2,1,31,68,11.375,5.075,81.9,1.519,3.319,0.0,4.5,1.5,0.91
1788455315.183,turning,11.455,3.569,82.2,1,31,68,11.375,5.075,80.1,1.508,3.308,0.0,4.5,1.5,0.88
1788455315.242,turning,11.458,3.593,82.1,1,31,68,11.375,5.075,78.5,1.484,3.284,0.0,4.5,1.5,0.88
1788455315.298,turning,11.459,3.6,82.1,1,31,68,11.375,5.075,76.8,1.477,3.277,0.0,4.5,1.5,0.86
1788455315.352,turning,11.461,3.614,82.1,2,32,68,11.375,5.125,75.2,1.513,3.263,0.0,4.5,1.5,0.86
1788455315.407,turning,11.462,3.621,82.1,2,32,68,11.375,5.125,73.6,1.507,3.256,0.0,4.5,1.5,0.85
1788455315.461,turning,11.463,3.627,82.1,2,32,68,11.375,5.125,72.1,1.5,3.25,0.0,4.5,1.5,0.85
1788455315.515,turning,11.465,3.641,82.1,2,32,68,11.375,5.125,70.6,1.487,3.236,0.0,4.5,1.5,0.83
1788455315.569,turning,11.465,3.648,82.1,2,32,68,11.375,5.125,69.1,1.48,3.229,0.0,4.5,1.5,0.83
1788455315.626,turning,11.467,3.661,82.3,3,33,68,11.375,5.175,67.5,1.517,3.216,0.0,4.5,1.5,0.8
1788455315.682,turning,11.468,3.668,82.5,3,33,68,11.375,5.175,65.9,1.51,3.209,0.0,4.5,1.5,0.8
1788455315.736,turning,11.468,3.67,83.5,3,33,68,11.375,5.175,63.5,1.508,3.207,0.0,4.5,1.5,0.79
1788455315.793,turning,11.468,3.67,84.2,3,33,68,11.375,5.175,61.6,1.508,3.207,0.0,4.5,1.5,0.79
1788455315.856,turning,11.471,3.665,85.1,3,33,68,11.375,5.175,59.4,1.513,3.212,0.0,4.482,1.5,0.79
1788455315.916,turning,11.473,3.66,85.3,3,33,68,11.375,5.175,57.9,1.518,3.217,0.0,4.468,1.5,0.79
1788455315.978,turning,11.474,3.656,86.1,0,30,130,9.975,3.639,58.1,1.499,3.22,0.0,4.431,1.5,0.79
1788455316.038,turning,11.474,3.656,86.5,0,30,130,9.975,3.639,58.5,1.499,3.22,0.0,4.408,1.5,0.79
1788455316.095,turning,11.474,3.656,87.2,0,30,130,9.975,3.639,58.7,1.499,3.22,0.0,4.371,1.5,0.79
1788455316.148,turning,11.474,3.656,87.5,0,30,130,9.975,3.639,59.2,1.499,3.22,0.0,4.354,1.5,0.79
1788455316.202,turning,11.474,3.656,88.1,0,30,130,9.975,3.639,59.5,1.499,3.22,0.0,4.323,1.5,0.79
1788455316.253,turning,11.474,3.656,88.4,0,30,130,9.975,3.639,60.0,1.499,3.22,0.0,4.307,1.5,0.79
1788455316.307,turning,11.474,3.656,89.0,0,30,130,9.975,3.639,60.3,1.499,3.22,0.0,4.279,1.5,0.79
1788455316.359,turning,11.474,3.656,89.2,0,30,130,9.975,3.639,60.8,1.499,3.22,0.0,4.265,1.5,0.79
1788455316.412,turning,11.474,3.656,89.5,0,30,130,9.975,3.639,61.3,1.499,3.22,0.0,4.253,1.5,0.79
1788455316.466,turning,11.474,3.656,89.9,0,30,130,9.975,3.639,61.6,1.499,3.22,0.0,4.229,1.5,0.79
1788455316.518,turning,11.475,3.658,90.2,0,30,130,9.975,3.639,62.0,1.5,3.219,0.0,4.214,1.5,0.79
1788455316.573,turning,11.48,3.663,90.9,0,30,130,9.975,3.639,62.1,1.505,3.214,0.0,4.179,1.5,0.79
1788455316.635,turning,11.481,3.663,91.1,0,30,130,9.975,3.639,62.5,1.506,3.213,0.0,4.165,1.5,0.79
1788455316.701,turning,11.481,3.663,91.9,0,30,130,9.975,3.639,62.4,1.506,3.213,0.0,4.127,1.5,0.79
1788455316.76,turning,11.481,3.663,92.2,0,30,130,9.975,3.639,62.7,1.506,3.213,0.0,4.107,1.5,0.79
1788455316.821,turning,11.481,3.663,92.9,0,30,130,9.975,3.639,62.6,1.506,3.213,0.0,4.071,1.5,0.79
1788455316.877,turning,11.481,3.663,93.3,0,30,130,9.975,3.639,62.9,1.506,3.213,0.0,4.053,1.5,0.79
1788455316.929,turning,11.481,3.663,93.9,0,30,130,9.975,3.639,62.9,1.506,3.213,0.0,4.02,1.5,0.79
1788455316.983,turning,11.481,3.663,94.2,0,30,130,9.975,3.639,63.2,1.506,3.213,0.0,4.004,1.5,0.79
1788455317.039,turning,11.481,3.663,94.8,0,30,128,9.975,3.638,63.2,1.506,3.213,0.0,3.975,1.5,0.79
1788455317.095,turning,11.481,3.663,95.0,0,30,128,9.975,3.638,63.5,1.506,3.213,0.0,3.961,1.5,0.79
1788455317.148,turning,11.481,3.663,95.5,0,30,128,9.975,3.638,63.6,1.506,3.213,0.0,3.936,1.5,0.79
1788455317.203,turning,11.481,3.663,95.8,0,30,128,9.975,3.638,63.9,1.506,3.213,0.0,3.923,1.5,0.79
1788455317.258,turning,11.481,3.664,96.2,0,30,128,9.975,3.638,64.0,1.506,3.213,0.0,3.9,1.5,0.79
1788455317.315,turning,11.479,3.668,96.4,0,30,128,9.975,3.638,64.3,1.504,3.209,0.0,3.89,1.5,0.79
1788455317.374,turning,11.476,3.676,96.8,0,30,128,9.975,3.638,64.4,1.501,3.2,0.0,3.868,1.5,0.79
1788455317.432,turning,11.476,3.676,97.1,0,30,128,9.975,3.638,64.6,1.501,3.2,0.0,3.854,1.5,0.78
1788455317.494,turning,11.476,3.676,97.5,0,30,128,9.975,3.638,64.7,1.501,3.2,0.0,3.834,1.5,0.78
1788455317.557,turning,11.476,3.676,98.3,0,30,128,9.975,3.638,64.4,1.501,3.2,0.0,3.792,1.5,0.78
1788455317.614,turning,11.476,3.676,98.7,0,30,128,9.975,3.638,64.5,1.501,3.2,0.0,3.77,1.5,0.78
1788455317.668,turning,11.476,3.676,99.4,0,30,128,9.975,3.638,64.2,1.501,3.2,0.0,3.731,1.5,0.78
1788455317.72,turning,11.476,3.676,99.8,0,30,128,9.975,3.638,64.2,1.501,3.2,0.0,3.712,1.5,0.78
1788455317.774,turning,11.476,3.676,100.4,0,30,128,9.975,3.638,64.0,1.501,3.2,0.0,3.678,1.5,0.78
1788455317.826,turning,11.476,3.676,100.8,0,30,128,9.975,3.638,64.1,1.501,3.2,0.0,3.661,1.5,0.78
1788455317.882,turning,11.476,3.676,101.3,0,30,128,9.975,3.638,63.9,1.501,3.2,0.0,3.63,1.5,0.78
1788455317.937,turning,11.476,3.676,101.6,0,30,128,9.975,3.638,64.1,1.501,3.2,0.0,3.616,1.5,0.78
1788455317.995,turning,11.476,3.676,102.2,0,30,128,9.975,3.638,63.9,1.501,3.2,0.0,3.588,1.5,0.78
1788455318.05,turning,11.476,3.676,102.4,0,30,65,11.425,5.175,61.8,1.5,3.2,0.0,3.575,1.5,0.78
1788455318.106,turning,11.469,3.681,103.1,0,30,65,11.425,5.175,59.4,1.495,3.196,0.0,3.539,1.5,0.78
1788455318.167,turning,11.464,3.684,103.5,0,30,65,11.425,5.175,57.2,1.492,3.193,0.0,3.518,1.5,0.78
1788455318.228,turning,11.461,3.686,104.2,0,30,65,11.425,5.175,54.8,1.49,3.191,0.0,3.484,1.5,0.78
1788455318.288,turning,11.461,3.686,104.5,0,30,65,11.425,5.175,52.9,1.49,3.191,0.0,3.468,1.5,0.78
1788455318.351,turning,11.461,3.686,104.8,0,30,65,11.425,5.175,50.9,1.49,3.191,0.0,3.451,1.5,0.78
1788455318.409,turning,11.461,3.686,105.4,0,30,65,11.425,5.175,48.7,1.49,3.191,0.0,3.419,1.5,0.78
1788455318.464,turning,11.461,3.686,105.7,0,30,65,11.425,5.175,46.9,1.49,3.191,0.0,3.403,1.5,0.78
1788455318.518,turning,11.461,3.686,106.2,0,30,65,11.425,5.175,44.8,1.49,3.191,0.0,3.375,1.5,0.78
1788455318.572,turning,11.461,3.686,106.5,0,30,65,11.425,5.175,43.1,1.49,3.191,0.0,3.361,1.5,0.78
1788455318.626,turning,11.461,3.686,107.0,0,30,65,11.425,5.175,41.2,1.49,3.191,0.0,3.336,1.5,0.78
1788455318.678,turning,11.461,3.686,107.2,0,30,65,11.425,5.175,39.5,1.49,3.191,0.0,3.324,1.5,0.78
1788455318.731,turning,11.46,3.688,107.6,0,30,65,11.425,5.175,37.7,1.487,3.189,0.0,3.301,1.5,0.78
1788455318.786,turning,11.459,3.692,107.8,0,30,65,11.425,5.175,36.2,1.483,3.185,0.0,3.29,1.5,0.78
1788455318.838,turning,11.459,3.693,108.5,0,30,65,11.425,5.175,34.3,1.483,3.184,0.0,3.258,1.5,0.78
1788455318.897,turning,11.459,3.687,108.7,0,30,65,11.425,5.175,32.7,1.488,3.19,0.0,3.243,1.5,0.77
1788455318.955,turning,11.458,3.673,109.1,0,30,65,11.425,5.175,31.1,1.502,3.204,0.0,3.225,1.5,0.77
1788455319.016,turning,11.457,3.674,109.3,0,30,65,11.425,5.175,29.8,1.501,3.203,0.0,3.217,1.5,0.78
1788455319.081,turning,11.454,3.683,109.3,0,30,129,9.975,3.638,30.8,1.479,3.194,0.0,3.215,1.5,0.78
1788455319.138,turning,11.452,3.69,109.3,0,30,129,9.975,3.638,31.8,1.477,3.188,0.0,3.215,1.5,0.76
1788455319.195,turning,11.447,3.702,109.4,1,31,129,9.925,3.637,32.7,1.523,3.175,0.0,3.206,1.5,0.76
1788455319.248,turning,11.445,3.709,109.6,1,31,129,9.925,3.637,33.5,1.521,3.169,0.0,3.197,1.5,0.79
1788455319.301,turning,11.444,3.711,109.0,1,31,129,9.925,3.637,35.1,1.52,3.167,0.0,3.228,1.5,0.79
1788455319.358,turning,11.444,3.711,107.1,1,31,129,9.925,3.637,38.0,1.52,3.167,0.0,3.331,1.5,0.78
1788455319.412,turning,11.444,3.711,106.1,1,31,129,9.925,3.637,39.9,1.52,3.167,0.0,3.382,1.5,0.78
1788455319.467,turning,11.444,3.711,104.1,1,31,129,9.925,3.637,42.8,1.52,3.167,0.0,3.485,1.5,0.74
1788455319.52,turning,11.444,3.711,103.1,1,31,129,9.925,3.637,44.6,1.52,3.167,0.0,3.537,1.5,0.74
1788455319.576,turning,11.444,3.711,101.2,1,31,129,9.925,3.637,47.5,1.52,3.167,0.0,3.639,1.5,0.74
1788455319.629,turning,11.444,3.711,100.2,1,31,129,9.925,3.637,49.3,1.52,3.167,0.0,3.691,1.5,0.74
1788455319.684,turning,11.444,3.711,98.2,1,31,129,9.925,3.637,52.1,1.52,3.167,0.0,3.794,1.5,0.74
1788455319.743,turning,11.444,3.711,97.2,1,31,129,9.925,3.637,53.9,1.52,3.167,0.0,3.845,1.5,0.74
1788455319.803,turning,11.444,3.711,95.3,1,31,129,9.925,3.637,56.6,1.52,3.167,0.0,3.948,1.5,0.74
1788455319.864,turning,11.444,3.711,94.3,1,31,129,9.925,3.637,58.4,1.52,3.167,0.0,3.999,1.5,0.74
1788455319.924,turning,11.444,3.711,92.3,1,31,129,9.925,3.637,61.1,1.52,3.167,0.0,4.102,1.5,0.73
1788455319.98,turning,11.444,3.711,91.4,1,31,129,9.925,3.637,62.8,1.52,3.167,0.0,4.154,1.5,0.73
1788455320.033,turning,11.444,3.711,91.0,1,31,129,9.925,3.637,63.8,1.52,3.167,0.0,4.17,1.5,0.73
1788455320.086,turning,11.444,3.711,91.0,0,30,64,11.375,5.225,62.3,1.516,3.167,0.0,4.17,1.5,0.73
1788455320.14,turning,11.438,3.707,91.3,0,30,64,11.375,5.225,60.5,1.519,3.171,0.0,4.156,1.5,0.73
1788455320.195,turning,11.433,3.704,91.5,0,30,64,11.375,5.225,58.8,1.522,3.174,0.0,4.146,1.5,0.73
1788455320.252,turning,11.43,3.704,91.6,0,30,64,11.375,5.225,57.3,1.522,3.175,0.0,4.141,1.5,0.96
1788455320.307,turning,11.43,3.709,91.6,0,30,64,11.375,5.225,55.9,1.517,3.169,0.0,4.141,1.5,0.96
1788455320.36,turning,11.429,3.717,91.6,0,30,64,11.375,5.225,54.5,1.509,3.162,0.0,4.142,1.5,0.96
1788455320.411,turning,11.425,3.737,91.5,0,30,64,11.375,5.225,53.3,1.488,3.141,0.0,4.145,1.5,0.96
1788455320.467,turning,11.424,3.746,91.5,0,30,64,11.375,5.225,52.0,1.48,3.133,0.0,4.146,1.5,0.92
1788455320.533,turning,11.424,3.761,91.5,1,31,64,11.375,5.275,50.7,1.515,3.118,0.0,4.146,1.5,0.92
1788455320.59,turning,11.424,3.769,91.5,1,31,64,11.375,5.275,49.4,1.507,3.11,0.0,4.146,1.5,0.88
1788455320.648,turning,11.423,3.784,91.5,1,31,64,11.375,5.275,48.2,1.492,3.095,0.0,4.146,1.5,0.88
1788455320.707,turning,11.423,3.791,91.5,1,31,64,11.375,5.275,47.1,1.485,3.088,0.0,4.146,1.5,0.88
1788455320.76,turning,11.423,3.806,91.5,2,32,64,11.375,5.325,45.9,1.52,3.073,0.0,4.146,1.5,0.88
1788455320.814,turning,11.422,3.813,91.5,2,32,64,11.375,5.325,44.8,1.512,3.065,0.0,4.146,1.5,0.85
1788455320.867,turning,11.422,3.828,91.5,2,32,64,11.375,5.325,43.7,1.497,3.05,0.0,4.146,1.5,0.85
1788455320.922,turning,11.422,3.836,91.5,2,32,64,11.375,5.325,42.6,1.49,3.043,0.0,4.146,1.5,0.82
1788455320.975,turning,11.421,3.851,91.5,3,33,64,11.375,5.375,41.6,1.525,3.028,0.0,4.146,1.5,0.82
1788455321.028,turning,11.421,3.858,91.5,3,33,64,11.375,5.375,40.5,1.517,3.021,0.0,4.146,1.5,0.82
1788455321.083,turning,11.421,3.873,91.5,3,33,64,11.375,5.375,39.5,1.502,3.006,0.0,4.146,1.5,0.82
1788455321.14,turning,11.421,3.881,91.5,0,30,127,9.925,3.757,40.9,1.5,2.998,0.0,4.146,1.5,0.8
1788455321.192,turning,11.42,3.896,91.5,0,30,127,9.925,3.757,42.2,1.501,2.983,0.0,4.146,1.5,0.8
1788455321.249,turning,11.42,3.903,91.5,0,30,127,9.925,3.757,43.5,1.502,2.976,0.0,4.146,1.5,0.77
1788455321.309,turning,11.42,3.911,91.5,0,30,127,9.925,3.757,44.7,1.502,2.968,0.0,4.146,1.5,0.77
1788455321.376,turning,11.424,3.925,91.4,0,30,127,9.925,3.757,46.0,1.508,2.954,0.0,4.15,1.5,0.75
1788455321.438,turning,11.428,3.932,91.4,0,30,127,9.925,3.757,47.3,1.513,2.946,0.0,4.153,1.5,0.75
1788455321.5,turning,11.431,3.947,91.3,0,30,127,9.925,3.757,48.6,1.518,2.931,0.0,4.157,1.5,0.73
1788455321.556,turning,11.431,3.955,91.3,0,30,127,9.925,3.757,49.7,1.519,2.924,0.0,4.157,1.5,0.73
1788455321.609,turning,11.431,3.97,91.3,0,30,127,9.925,3.757,50.9,1.52,2.909,0.0,4.157,1.5,0.71
1788455321.664,turning,11.431,3.977,91.3,0,30,127,9.925,3.757,52.0,1.521,2.902,0.0,4.157,1.5,0.71
1788455321.716,turning,11.43,3.992,91.3,0,30,127,9.925,3.757,53.2,1.523,2.887,0.0,4.157,1.5,0.69
1788455321.769,turning,11.43,3.999,91.3,0,30,127,9.925,3.757,54.3,1.524,2.879,0.0,4.157,1.5,0.69
1788455321.824,turning,11.43,4.014,91.3,0,30,127,9.925,3.757,55.4,1.526,2.864,0.0,4.157,1.5,0.67
1788455321.88,turning,11.43,4.022,91.3,0,30,127,9.925,3.757,56.4,1.527,2.857,0.0,4.157,1.5,0.67
1788455321.933,turning,11.429,4.041,91.2,0,30,127,9.925,3.757,57.5,1.53,2.838,0.0,4.16,1.5,0.66
1788455321.986,turning,11.428,4.051,91.2,0,30,127,9.925,3.757,58.6,1.531,2.828,0.0,4.162,1.5,0.66
1788455322.042,turning,11.428,4.067,91.2,0,30,127,9.925,3.757,59.7,1.534,2.811,0.0,4.163,1.5,0.63
1788455322.103,turning,11.428,4.075,91.2,0,30,127,9.925,3.757,60.7,1.535,2.804,0.0,4.163,1.5,0.63
1788455322.17,turning,11.427,4.082,91.2,0,11,128,10.975,3.768,64.5,0.551,2.796,0.0,4.163,0.6,0.6
1788455322.222,turning,11.427,4.097,91.2,0,11,128,10.975,3.768,68.2,0.559,2.782,0.0,4.163,0.6,0.6
1788455322.283,turning,11.427,4.105,91.2,0,11,128,10.975,3.768,71.6,0.563,2.774,0.0,4.163,0.6,0.59
1788455322.34,turning,11.427,4.12,91.2,0,11,128,10.975,3.768,75.0,0.572,2.759,0.0,4.163,0.6,0.59
1788455322.395,turning,11.426,4.127,91.2,0,11,128,10.975,3.768,78.2,0.577,2.752,0.0,4.163,0.6,0.57
1788455322.45,turning,11.426,4.142,91.2,0,11,128,10.975,3.768,81.2,0.586,2.737,0.0,4.163,0.6,0.57
1788455322.505,turning,11.426,4.148,91.2,0,11,128,10.975,3.768,84.0,0.59,2.731,0.0,4.16,0.6,0.55
1788455322.558,turning,11.427,4.158,91.4,0,11,128,10.975,3.768,86.7,0.597,2.721,0.0,4.153,0.6,0.55
1788455322.612,turning,11.427,4.165,91.4,0,11,128,10.975,3.768,89.2,0.601,2.714,0.0,4.151,0.6,0.53
1788455322.667,turning,11.427,4.18,91.4,0,11,128,10.975,3.768,91.8,0.611,2.699,0.0,4.151,0.6,0.53
1788455322.719,turning,11.427,4.187,91.4,0,11,128,10.975,3.768,94.2,0.616,2.692,0.0,4.151,0.6,0.53
1788455322.775,turning,11.426,4.202,91.4,0,11,128,10.975,3.768,96.5,0.626,2.677,0.0,4.151,0.6,0.53
1788455322.833,turning,11.426,4.21,91.4,0,11,128,10.975,3.768,98.7,0.631,2.67,0.0,4.151,0.6,0.5
1788455322.899,turning,11.426,4.225,91.4,0,11,128,10.975,3.768,100.8,0.641,2.655,0.0,4.151,0.6,0.5
1788455322.961,turning,11.426,4.232,91.4,0,11,128,10.975,3.768,102.9,0.647,2.647,0.0,4.151,0.6,0.49
1788455323.017,turning,11.425,4.247,91.4,0,11,128,10.975,3.768,104.8,0.657,2.632,0.0,4.151,0.6,0.49
1788455323.078,turning,11.427,4.254,91.1,0,11,128,10.975,3.768,107.0,0.663,2.625,0.0,4.168,0.6,0.48
1788455323.13,turning,11.428,4.261,90.8,0,11,128,10.975,3.768,109.1,0.669,2.618,0.0,4.185,0.6,0.48
1788455323.185,turning,11.429,4.275,90.4,0,12,53,11.382,4.873,103.1,0.6,2.604,0.0,4.202,0.6,0.48
1788455323.236,turning,11.429,4.282,90.4,0,12,53,11.382,4.873,97.1,0.593,2.597,0.0,4.202,0.6,0.48
1788455323.293,turning,11.429,4.297,90.4,0,12,53,11.382,4.873,91.5,0.578,2.582,0.0,4.202,0.6,0.48
1788455323.346,turning,11.429,4.305,90.4,1,13,53,11.379,4.923,86.2,0.621,2.574,0.0,4.202,0.6,0.48
1788455323.402,turning,11.428,4.32,90.4,1,13,53,11.379,4.923,81.2,0.606,2.56,0.0,4.202,0.6,0.48
1788455323.456,turning,11.428,4.327,90.4,1,13,53,11.379,4.923,76.5,0.598,2.552,0.0,4.202,0.6,0.48
1788455323.512,turning,11.428,4.342,90.4,1,13,53,11.379,4.923,72.2,0.583,2.537,0.0,4.202,0.6,0.48
1788455323.567,turning,11.428,4.35,90.4,1,13,53,11.379,4.923,68.1,0.576,2.53,0.0,4.202,0.6,0.48
1788455323.626,turning,11.434,4.357,90.2,2,14,53,11.375,4.975,64.5,0.621,2.522,0.0,4.217,0.6,0.48
1788455323.686,turning,11.439,4.358,89.9,2,14,53,11.375,4.975,61.2,0.621,2.521,0.0,4.228,0.6,0.48
1788455323.745,turning,11.442,4.368,89.8,2,14,53,11.375,4.975,58.0,0.611,2.511,0.0,4.236,0.6,0.48
1788455323.805,turning,11.442,4.375,89.8,2,14,53,11.375,4.975,54.9,0.603,2.503,0.0,4.236,0.6,0.48
1788455323.863,turning,11.443,4.39,89.8,2,14,53,11.375,4.975,52.0,0.588,2.488,0.0,4.236,0.6,0.48
1788455323.915,turning,11.443,4.398,89.8,2,14,53,11.375,4.975,49.3,0.581,2.481,0.0,4.236,0.6,0.48
1788455323.97,turning,11.443,4.413,89.8,3,15,53,11.375,5.025,46.7,0.616,2.466,0.0,4.236,0.6,0.48
1788455324.022,turning,11.443,4.42,89.8,3,15,53,11.375,5.025,44.3,0.608,2.458,0.0,4.236,0.6,0.48
1788455324.083,turning,11.443,4.435,89.8,0,11,133,11.175,3.875,50.9,0.621,2.443,0.0,4.236,0.6,0.48
1788455324.131,turning,11.443,4.443,89.8,0,11,133,11.175,3.875,57.2,0.628,2.436,0.0,4.236,0.6,0.48
1788455324.188,turning,11.441,4.45,89.7,0,11,133,11.175,3.875,63.3,0.633,2.429,0.0,4.241,0.6,0.48
1788455324.24,turning,11.436,4.462,89.3,0,11,133,11.175,3.875,69.3,0.643,2.417,0.0,4.259,0.6,0.48
1788455324.295,turning,11.435,4.469,89.3,0,11,133,11.175,3.875,74.6,0.649,2.41,0.0,4.262,0.6,0.48
1788455324.346,turning,11.435,4.484,89.3,0,11,133,11.175,3.875,79.7,0.662,2.395,0.0,4.262,0.6,0.48
1788455324.402,turning,11.435,4.492,89.3,0,11,133,11.175,3.875,84.4,0.669,2.387,0.0,4.262,0.6,0.48
1788455324.461,turning,11.435,4.507,89.3,0,11,133,11.175,3.875,88.9,0.683,2.373,0.0,4.262,0.6,0.48
1788455324.525,turning,11.436,4.514,89.3,0,11,133,11.175,3.875,93.1,0.69,2.365,0.0,4.262,0.6,0.48
1788455324.585,turning,11.436,4.529,89.3,0,11,133,11.175,3.875,97.1,0.704,2.35,0.0,4.262,0.6,0.48
1788455324.641,turning,11.436,4.537,89.3,0,11,133,11.175,3.875,100.9,0.711,2.343,0.0,4.262,0.6,0.49
1788455324.695,turning,11.436,4.551,89.3,0,11,133,11.175,3.875,104.4,0.725,2.328,0.0,4.262,0.6,0.49
1788455324.749,turning,11.436,4.558,89.1,0,11,133,11.175,3.875,108.0,0.731,2.321,0.0,4.273,0.6,0.49
1788455324.804,turning,11.437,4.571,88.6,0,11,133,11.175,3.875,111.6,0.744,2.308,0.0,4.297,0.6,0.49
1788455324.857,turning,11.437,4.578,88.6,0,11,133,11.175,3.875,114.6,0.751,2.301,0.0,4.299,0.6,0.49
1788455324.911,turning,11.438,4.593,88.6,0,11,133,11.175,3.875,117.4,0.765,2.286,0.0,4.299,0.6,0.49
1788455324.965,turning,11.438,4.601,88.6,0,11,133,11.175,3.875,120.1,0.772,2.278,0.0,4.299,0.6,2.89
1788455325.017,turning,11.438,4.608,88.6,0,11,133,11.175,3.875,122.6,0.779,2.271,0.0,4.299,0.6,2.89
1788455325.07,turning,11.438,4.623,88.6,0,11,133,11.175,3.875,125.0,0.793,2.256,0.0,4.299,0.6,2.87
1788455325.129,turning,11.439,4.631,88.6,0,11,133,11.175,3.875,127.3,0.8,2.248,0.0,4.299,0.6,2.87
1788455325.191,turning,11.439,4.646,88.6,0,11,133,11.175,3.875,129.4,0.815,2.233,0.0,4.299,0.6,2.85
1788455325.25,turning,11.439,4.653,88.6,0,11,133,11.175,3.875,131.4,0.822,2.226,0.0,4.299,0.6,2.85
1788455325.314,turning,11.441,4.663,88.6,0,11,133,11.175,3.875,133.3,0.832,2.216,0.0,4.299,0.6,2.82
1788455325.378,turning,11.443,4.666,88.6,0,11,133,11.175,3.875,135.1,0.835,2.213,0.0,4.3,0.6,2.82
1788455325.433,turning,11.444,4.677,88.6,0,11,133,11.175,3.875,136.8,0.846,2.202,0.0,4.3,0.6,2.8
1788455325.487,turning,11.444,4.684,88.6,0,11,133,11.175,3.875,138.4,0.853,2.194,0.0,4.3,0.6,2.8
1788455325.541,turning,11.445,4.699,88.6,0,11,133,11.175,3.875,139.9,0.867,2.179,0.0,4.3,0.6,2.78
1788455325.596,turning,11.445,4.707,88.6,0,11,133,11.175,3.875,141.3,0.875,2.172,0.0,4.3,0.6,2.78
1788455325.65,turning,11.445,4.722,88.6,0,11,133,11.175,3.875,142.7,0.889,2.157,0.0,4.3,0.6,2.76
1788455325.703,turning,11.445,4.729,88.6,0,11,133,11.175,3.875,144.0,0.896,2.15,0.0,4.3,0.6,2.76
1788455325.757,turning,11.446,4.744,88.6,0,11,133,11.175,3.875,145.2,0.91,2.135,0.0,4.3,0.6,2.74
1788455325.811,turning,11.446,4.752,88.6,0,11,133,11.175,3.875,146.4,0.918,2.127,0.0,4.3,0.6,2.74
1788455325.869,turning,11.446,4.757,88.4,0,11,133,11.175,3.875,147.6,0.922,2.122,0.0,4.307,0.6,2.72
1788455325.922,turning,11.447,4.757,88.3,0,11,133,11.175,3.875,148.7,0.923,2.122,0.0,4.312,0.6,2.72
1788455325.984,turning,11.447,4.761,88.3,0,11,133,11.175,3.875,149.7,0.926,2.118,0.0,4.315,0.6,2.7
1788455326.043,turning,11.447,4.776,88.3,0,11,133,11.175,3.875,150.6,0.941,2.103,0.0,4.315,0.6,2.7
1788455326.112,turning,11.448,4.783,88.3,0,30,43,11.575,6.275,146.8,1.497,2.096,0.0,4.315,1.5,2.68
1788455326.17,turning,11.448,4.798,88.3,0,30,43,11.575,6.275,143.1,1.483,2.081,0.0,4.315,1.5,2.68
1788455326.229,turning,11.448,4.805,88.3,1,31,43,11.575,6.325,139.5,1.525,2.073,0.0,4.315,1.5,2.66
1788455326.283,turning,11.449,4.82,88.3,1,31,43,11.575,6.325,136.0,1.51,2.059,0.0,4.315,1.5,2.66
1788455326.337,turning,11.449,4.828,88.3,1,31,43,11.575,6.325,132.6,1.502,2.051,0.0,4.315,1.5,2.63
1788455326.391,turning,11.449,4.843,88.3,1,31,43,11.575,6.325,129.2,1.488,2.036,0.0,4.315,1.5,2.63
1788455326.446,turning,11.445,4.848,88.5,1,31,43,11.575,6.325,125.8,1.483,2.031,0.0,4.305,1.5,2.61
1788455326.498,turning,11.431,4.856,89.0,2,32,43,11.575,6.375,122.0,1.525,2.024,0.0,4.277,1.5,2.61
1788455326.549,turning,11.43,4.863,89.1,2,32,43,11.575,6.375,118.8,1.519,2.017,0.0,4.274,1.5,2.59
1788455326.602,turning,11.43,4.878,89.1,2,32,43,11.575,6.375,115.8,1.504,2.002,0.0,4.274,1.5,2.59
1788455326.659,turning,11.43,4.886,89.1,2,32,43,11.575,6.375,112.8,1.496,1.995,0.0,4.274,1.5,2.57
1788455326.714,turning,11.43,4.901,89.1,3,33,43,11.575,6.425,109.9,1.531,1.98,0.0,4.274,1.5,2.57
1788455326.776,turning,11.43,4.908,89.1,3,33,43,11.575,6.425,107.1,1.524,1.972,0.0,4.274,1.5,2.55
1788455326.832,turning,11.43,4.91,89.1,3,33,43,11.575,6.425,104.3,1.522,1.971,0.0,4.274,1.5,2.55
1788455326.89,turning,11.43,4.91,89.1,3,33,43,11.575,6.425,101.6,1.522,1.971,0.0,4.274,1.5,2.54
1788455326.947,turning,11.43,4.91,89.1,3,33,43,11.575,6.425,99.0,1.522,1.971,0.0,4.274,1.5,2.54
1788455327.001,turning,11.426,4.901,89.1,3,33,43,11.575,6.425,96.4,1.531,1.979,0.0,4.269,1.5,2.54
1788455327.053,turning,11.422,4.893,89.2,2,32,43,11.575,6.375,93.8,1.49,1.988,0.0,4.265,1.5,2.54
1788455327.107,turning,11.418,4.886,89.3,0,30,41,11.575,6.375,91.3,1.498,1.996,0.0,4.261,1.5,2.54
1788455327.159,turning,11.418,4.886,89.3,0,30,41,11.575,6.375,88.9,1.498,1.996,0.0,4.261,1.5,2.54
1788455327.21,turning,11.418,4.886,89.3,0,30,41,11.575,6.375,86.6,1.498,1.996,0.0,4.261,1.5,2.54
1788455327.263,turning,11.418,4.886,89.3,0,30,41,11.575,6.375,84.3,1.498,1.996,0.0,4.261,1.5,2.54
1788455327.313,turning,11.418,4.886,89.3,0,30,41,11.575,6.375,82.1,1.498,1.996,0.0,4.261,1.5,2.54
1788455327.368,turning,11.418,4.886,89.3,0,30,41,11.575,6.375,79.9,1.498,1.996,0.0,4.261,1.5,2.54
1788455327.424,turning,11.418,4.886,94.8,0,30,41,11.575,6.375,72.4,1.498,1.996,0.0,3.976,1.5,2.54
1788455327.479,turning,11.418,4.886,97.8,0,30,41,11.575,6.375,67.3,1.498,1.996,0.0,3.819,1.5,2.54
1788455327.54,turning,11.418,4.886,103.0,0,30,41,11.575,6.375,60.1,1.498,1.996,0.0,3.546,1.5,2.54
1788455327.602,turning,11.418,4.886,105.4,0,30,41,11.575,6.375,55.7,1.498,1.996,0.0,3.416,1.5,2.54
1788455327.66,turning,11.418,4.886,109.7,0,30,41,11.575,6.375,49.5,1.498,1.996,0.0,3.192,1.5,2.55
1788455327.717,turning,11.418,4.886,111.7,0,30,41,11.575,6.375,45.6,1.498,1.996,0.0,3.087,1.5,2.55
1788455327.776,turning,11.418,4.886,115.2,0,30,41,11.575,6.375,40.4,1.498,1.996,0.0,2.907,1.5,2.56
1788455327.829,turning,11.418,4.886,116.8,0,30,41,11.575,6.375,37.0,1.498,1.996,0.0,2.822,1.5,2.56
1788455327.883,turning,11.418,4.886,118.3,0,30,41,11.575,6.375,33.8,1.498,1.996,0.0,2.745,1.5,3.14
1788455327.937,turning,11.418,4.886,120.8,0,30,41,11.575,6.375,29.5,1.498,1.996,0.0,2.61,1.5,3.14
1788455327.994,turning,11.418,4.887,121.9,0,30,41,11.575,6.375,26.8,1.497,1.995,0.0,2.554,1.5,3.06
1788455328.051,turning,11.415,4.89,123.4,0,30,41,11.575,6.375,23.7,1.494,1.991,0.0,2.475,1.5,3.06
1788455328.108,turning,11.414,4.893,124.2,0,30,41,11.575,6.375,21.4,1.49,1.988,0.0,2.433,1.5,3.0
1788455328.166,turning,11.413,4.902,125.7,1,31,41,11.575,6.425,18.3,1.532,1.98,0.0,2.4,1.5,3.0
1788455328.221,turning,11.412,4.901,126.4,1,31,41,11.575,6.425,16.2,1.533,1.981,0.0,2.4,1.5,2.97
1788455328.277,turning,11.409,4.894,127.5,0,30,41,11.575,6.375,13.6,1.49,1.988,0.0,2.4,1.5,2.97
1788455328.337,turning,11.409,4.893,128.3,0,30,41,11.575,6.375,11.4,1.491,1.989,0.0,2.4,1.5,2.95
1788455328.399,turning,11.409,4.893,129.9,0,30,41,11.575,6.375,8.4,1.491,1.989,0.0,2.4,1.5,2.95
1788455328.464,turning,11.407,4.894,130.7,0,30,41,11.575,6.375,6.3,1.491,1.988,0.0,2.4,1.5,2.95
1788455328.525,turning,11.402,4.895,132.2,0,30,41,11.575,6.375,3.5,1.49,1.987,0.0,2.4,1.5,2.95
1788455328.588,turning,11.402,4.896,133.0,0,30,41,11.575,6.375,1.4,1.489,1.987,0.0,2.4,1.5,2.95
1788455328.643,turning,11.402,4.896,134.6,0,30,41,11.575,6.375,-1.5,1.489,1.987,0.0,2.4,1.5,2.95
1788455328.7,turning,11.402,4.899,135.7,0,30,41,11.575,6.375,-3.8,1.486,1.984,0.0,2.4,1.5,2.94
1788455328.756,turning,11.4,4.906,137.9,1,31,41,11.575,6.425,-7.3,1.529,1.977,0.0,2.4,1.5,2.94
1788455328.817,turning,11.4,4.906,138.7,1,31,41,11.575,6.425,-9.3,1.529,1.976,0.0,2.4,1.5,2.94
1788455328.874,turning,11.4,4.906,139.6,1,31,41,11.575,6.425,-11.2,1.529,1.976,0.0,2.4,1.5,2.94
1788455328.93,turning,11.4,4.906,141.2,1,31,41,11.575,6.425,-14.0,1.529,1.976,0.0,2.4,1.5,2.94
1788455328.986,turning,11.4,4.906,142.0,1,31,41,11.575,6.425,-15.9,1.529,1.976,0.0,2.4,1.5,2.94
1788455329.04,turning,11.399,4.917,143.5,1,31,41,11.575,6.425,-18.4,1.519,1.966,0.0,2.4,1.5,2.94
1788455329.101,turning,11.398,4.926,144.2,1,31,41,11.575,6.425,-20.1,1.509,1.957,0.0,2.4,1.5,2.94
1788455329.166,turning,11.397,4.934,145.6,0,30,40,11.575,6.425,-22.6,1.501,1.949,0.0,2.4,1.5,2.95
1788455329.225,turning,11.397,4.934,146.5,0,30,40,11.575,6.425,-24.4,1.501,1.949,0.0,2.4,1.5,2.95
1788455329.288,turning,11.397,4.934,148.1,0,30,40,11.575,6.425,-27.0,1.501,1.949,0.0,2.4,1.5,2.96
1788455329.342,turning,11.397,4.934,148.9,0,30,40,11.575,6.425,-28.7,1.501,1.949,0.0,2.4,1.5,2.96
1788455329.402,turning,11.398,4.933,150.3,0,30,40,11.575,6.425,-31.0,1.503,1.95,0.0,2.4,1.5,0.59
1788455329.456,turning,11.399,4.931,150.9,0,30,40,11.575,6.425,-32.5,1.504,1.952,0.0,2.4,1.5,0.59
1788455329.513,turning,11.4,4.93,152.4,0,12,40,11.399,5.522,-35.7,0.592,1.953,0.0,2.4,0.6,0.37
1788455329.568,turning,11.4,4.93,153.2,0,12,40,11.399,5.522,-38.2,0.592,1.953,0.0,2.4,0.6,0.37
1788455329.624,turning,11.4,4.93,154.9,0,12,40,11.399,5.522,-41.3,0.592,1.953,0.0,2.4,0.6,0.38
1788455329.68,turning,11.4,4.93,155.7,0,12,40,11.399,5.522,-43.6,0.592,1.953,0.0,2.4,0.6,0.38
1788455329.734,turning,11.401,4.929,156.8,0,12,40,11.399,5.522,-46.0,0.593,1.954,0.0,2.4,0.6,0.38
1788455329.789,turning,11.401,4.928,157.3,0,12,40,11.399,5.522,-47.7,0.594,1.955,0.0,2.4,0.6,0.38
1788455329.841,turning,11.401,4.927,157.9,0,12,40,11.399,5.522,-49.5,0.595,1.956,0.0,2.4,0.6,0.39
1788455329.904,turning,11.401,4.927,159.5,0,12,40,11.399,5.522,-52.3,0.595,1.956,0.0,2.4,0.6,0.39
1788455329.965,turning,11.401,4.927,160.4,0,12,40,11.399,5.522,-54.1,0.595,1.956,0.0,2.4,0.6,0.39
1788455330.028,turning,11.401,4.927,162.0,0,12,40,11.399,5.522,-56.7,0.595,1.956,0.0,2.4,0.6,0.39
1788455330.09,turning,11.401,4.931,162.8,0,12,40,11.399,5.522,-58.5,0.591,1.952,0.0,2.4,0.6,0.4
1788455330.146,turning,11.397,4.943,164.4,0,12,40,11.399,5.522,-60.9,0.579,1.94,0.0,2.4,0.6,0.4
1788455330.204,turning,11.397,4.945,165.2,0,12,40,11.399,5.522,-62.5,0.577,1.938,0.0,2.4,0.6,0.4
1788455330.255,driving,11.397,4.945,166.8,0,12,40,11.399,5.522,-65.0,0.577,1.938,0.225,0.0,0.6,0.4
1788455330.311,turning,11.397,4.945,167.6,0,12,40,11.399,5.522,-66.5,0.577,1.938,0.0,-3.483,0.6,0.41
1788455330.364,turning,11.397,4.945,165.9,0,12,40,11.399,5.522,-65.5,0.577,1.938,0.0,-3.391,0.6,0.41
1788455330.416,turning,11.396,4.948,163.3,0,12,40,11.399,5.522,-63.5,0.574,1.935,0.0,-3.254,0.6,0.41
1788455330.469,turning,11.39,4.955,158.1,1,13,40,11.411,5.571,-59.0,0.616,1.929,0.0,-2.984,0.6,0.41
1788455330.523,turning,11.389,4.956,156.1,1,13,40,11.411,5.571,-57.7,0.615,1.928,0.0,-2.879,0.6,0.41
1788455330.578,turning,11.389,4.956,153.0,1,13,40,11.411,5.571,-55.3,0.615,1.928,0.0,-2.717,0.6,0.41
1788455330.634,turning,11.389,4.956,151.6,1,13,40,11.411,5.571,-54.4,0.615,1.928,0.0,-2.642,0.6,0.45
1788455330.693,turning,11.389,4.956,149.1,1,13,40,11.411,5.571,-52.5,0.615,1.928,0.0,-2.512,0.6,0.45
1788455330.759,turning,11.389,4.958,147.8,1,31,40,11.575,6.475,-51.6,1.528,1.926,0.0,-2.446,1.5,0.78
1788455330.821,turning,11.389,4.961,146.7,1,31,40,11.575,6.475,-50.7,1.525,1.923,0.0,-2.4,1.5,0.78
1788455330.881,turning,11.389,4.964,144.8,1,31,40,11.575,6.475,-49.1,1.522,1.92,0.0,-2.4,1.5,1.78
1788455330.935,turning,11.389,4.964,143.9,1,31,40,11.575,6.475,-48.6,1.522,1.92,0.0,-2.4,1.5,1.78
1788455330.99,turning,11.39,4.965,141.8,1,31,40,11.575,6.475,-46.8,1.522,1.919,0.0,-2.4,1.5,2.98
1788455331.042,turning,11.39,4.966,140.6,1,31,40,11.575,6.475,-45.9,1.521,1.918,0.0,-2.4,1.5,2.98
1788455331.095,turning,11.39,4.966,138.6,1,31,40,11.575,6.475,-44.2,1.52,1.918,0.0,-2.4,1.5,2.98
1788455331.149,turning,11.39,4.966,137.7,1,31,40,11.575,6.475,-43.6,1.52,1.918,0.0,-2.4,1.5,2.98
1788455331.206,turning,11.393,4.969,135.4,0,30,39,11.575,6.475,-41.6,1.517,1.915,0.0,-2.4,1.5,2.98
1788455331.26,turning,11.394,4.971,134.1,0,30,39,11.575,6.475,-40.5,1.515,1.913,0.0,-2.4,1.5,2.98
1788455331.316,turning,11.395,4.972,131.9,0,30,39,11.575,6.475,-38.6,1.513,1.911,0.0,-2.4,1.5,2.98
1788455331.37,turning,11.395,4.972,131.1,0,30,39,11.575,6.475,-38.0,1.513,1.911,0.0,-2.4,1.5,2.98
1788455331.426,turning,11.395,4.972,129.4,0,30,39,11.575,6.475,-36.5,1.513,1.911,0.0,-2.4,1.5,3.0
1788455331.482,turning,11.395,4.972,128.5,0,30,39,11.575,6.475,-35.9,1.513,1.911,0.0,-2.4,1.5,3.0
1788455331.541,turning,11.4,4.975,126.7,0,30,39,11.575,6.475,-34.3,1.51,1.908,0.0,-2.4,1.5,3.02
1788455331.597,turning,11.404,4.978,125.8,0,30,39,11.575,6.475,-33.6,1.507,1.905,0.0,-2.4,1.5,3.02
1788455331.657,turning,11.406,4.979,124.0,0,30,39,11.575,6.475,-32.1,1.506,1.904,0.0,-2.4,1.5,3.05
1788455331.712,turning,11.406,4.979,123.1,0,30,39,11.575,6.475,-31.4,1.506,1.904,0.0,-2.4,1.5,3.05
1788455331.766,turning,11.406,4.979,122.3,0,30,39,11.575,6.475,-30.8,1.506,1.904,0.0,-2.4,1.5,3.07
1788455331.82,turning,11.406,4.979,120.6,0,30,39,11.575,6.475,-29.2,1.506,1.904,0.0,-2.4,1.5,3.07
1788455331.877,turning,11.409,4.978,119.6,0,30,39,11.575,6.475,-28.5,1.506,1.904,0.0,-2.4,1.5,3.09
1788455331.932,turning,11.419,4.975,117.5,0,30,39,11.575,6.475,-26.5,1.508,1.907,0.0,-2.4,1.5,3.09
1788455331.989,turning,11.422,4.974,116.5,0,30,39,11.575,6.475,-25.7,1.509,1.907,0.0,-2.4,1.5,3.12
1788455332.042,turning,11.422,4.974,114.8,0,30,39,11.575,6.475,-24.2,1.509,1.907,0.0,-2.4,1.5,3.12
1788455332.1,turning,11.422,4.974,114.0,0,30,39,11.575,6.475,-23.5,1.509,1.907,0.0,-2.4,1.5,3.15
1788455332.155,turning,11.422,4.974,112.3,0,30,39,11.575,6.475,-21.9,1.509,1.907,0.0,-2.4,1.5,3.15
1788455332.211,turning,11.421,4.978,111.9,0,30,39,11.575,6.475,-21.7,1.505,1.903,0.0,-2.4,1.5,3.17
1788455332.275,turning,11.415,4.988,111.4,0,30,39,11.575,6.475,-21.4,1.495,1.893,0.0,-2.4,1.5,3.17
1788455332.34,turning,11.414,4.99,110.7,0,30,39,11.575,6.475,-20.9,1.494,1.892,0.0,-2.4,1.5,3.2
1788455332.4,turning,11.414,4.99,109.0,0,30,39,11.575,6.475,-19.3,1.494,1.892,0.0,-2.4,1.5,3.2
1788455332.458,turning,11.414,4.99,108.2,0,30,39,11.575,6.475,-18.6,1.494,1.892,0.0,-2.4,1.5,2.46
1788455332.512,driving,11.414,4.99,106.4,0,30,39,11.575,6.475,-17.0,1.494,1.892,0.3,0.0,1.5,2.46
1788455332.567,turning,11.414,4.988,105.9,0,30,39,11.575,6.475,-16.6,1.496,1.894,0.0,-2.4,1.5,2.42
1788455332.617,turning,11.413,4.984,105.7,0,30,39,11.575,6.475,-16.5,1.5,1.898,0.0,-2.4,1.5,2.42
1788455332.672,turning,11.412,4.984,104.8,0,30,39,11.575,6.475,-15.8,1.5,1.898,0.0,-2.4,1.5,2.41
1788455332.723,turning,11.412,4.984,104.0,0,30,39,11.575,6.475,-15.1,1.5,1.898,0.0,-2.4,1.5,2.41
1788455332.778,turning,11.412,4.984,102.2,0,30,39,11.575,6.475,-13.5,1.5,1.898,0.0,-2.4,1.5,2.4
1788455332.83,turning,11.412,4.984,101.4,0,30,39,11.575,6.475,-12.7,1.5,1.898,0.0,-2.4,1.5,2.4
1788455332.888,turning,11.415,4.986,100.1,0,30,39,11.575,6.475,-11.6,1.498,1.896,0.0,-2.4,1.5,2.4
1788455332.941,turning,11.416,4.988,99.7,0,30,39,11.575,6.475,-11.3,1.495,1.893,0.0,-2.4,1.5,2.4
1788455332.998,turning,11.417,4.99,98.4,0,30,39,11.575,6.475,-10.1,1.493,1.891,0.0,-2.4,1.5,2.39
1788455333.055,turning,11.417,4.99,97.6,0,30,39,11.575,6.475,-9.4,1.493,1.891,0.0,-2.4,1.5,2.39
1788455333.118,turning,11.417,4.99,95.8,0,30,39,11.575,6.475,-7.8,1.493,1.891,0.0,-2.4,1.5,2.39
1788455333.183,turning,11.417,4.99,95.0,0,30,39,11.575,6.475,-7.0,1.493,1.891,0.0,-2.4,1.5,2.39
1788455333.244,turning,11.415,4.997,94.3,0,30,39,11.575,6.475,-6.4,1.487,1.885,0.0,-2.4,1.5,2.39
1788455333.298,turning,11.41,5.002,94.3,1,31,39,11.575,6.525,-6.5,1.532,1.881,0.0,-2.4,1.5,2.39
1788455333.35,driving,11.405,5.005,93.2,1,31,39,11.575,6.525,-5.5,1.53,1.878,0.3,0.0,1.5,2.39
1788455333.404,driving,11.405,5.005,92.3,1,31,39,11.575,6.525,-4.8,1.53,1.878,0.3,0.0,1.5,2.39
1788455333.459,driving,11.405,5.008,92.3,1,31,39,11.575,6.525,-4.8,1.527,1.875,0.3,0.0,1.5,2.39
1788455333.51,driving,11.405,5.012,92.3,1,31,39,11.575,6.525,-4.9,1.522,1.871,0.3,0.0,1.5,2.39
1788455333.561,driving,11.401,5.028,92.5,1,31,39,11.575,6.525,-5.2,1.507,1.855,0.3,0.0,1.5,2.38
1788455333.613,driving,11.399,5.039,92.7,1,31,39,11.575,6.525,-5.5,1.496,1.844,0.3,0.0,1.5,2.38
1788455333.667,driving,11.397,5.051,92.7,2,32,39,11.575,6.575,-5.7,1.535,1.833,0.3,0.0,1.5,2.36
1788455333.719,driving,11.396,5.071,92.7,2,32,39,11.575,6.575,-5.7,1.515,1.813,0.3,0.0,1.5,2.36
1788455333.773,driving,11.395,5.081,92.7,2,32,39,11.575,6.575,-5.8,1.505,1.803,0.3,0.0,1.5,2.33
1788455333.826,driving,11.394,5.101,92.7,3,33,39,11.575,6.625,-5.9,1.534,1.783,0.3,0.0,1.5,2.33
1788455333.887,driving,11.392,5.114,93.0,3,33,39,11.575,6.625,-6.3,1.522,1.77,0.3,0.0,1.5,2.31
1788455333.946,driving,11.384,5.142,93.9,3,33,39,11.575,6.625,-7.3,1.495,1.744,0.3,0.0,1.5,2.31
1788455334.015,driving,11.382,5.153,94.1,4,34,39,11.575,6.675,-7.6,1.534,1.733,0.3,0.0,1.5,2.28
1788455334.079,driving,11.38,5.173,94.1,4,34,39,11.575,6.675,-7.7,1.514,1.713,0.3,0.0,1.5,2.28
1788455334.132,driving,11.38,5.184,94.1,4,34,39,11.575,6.675,-7.8,1.504,1.703,0.3,0.0,1.5,2.25
1788455334.186,driving,11.378,5.204,94.1,5,35,39,11.575,6.725,-7.9,1.534,1.683,0.3,0.0,1.5,2.25
1788455334.238,driving,11.377,5.214,94.1,5,35,39,11.575,6.725,-7.9,1.524,1.673,0.3,0.0,1.5,2.23
1788455334.298,driving,11.376,5.235,94.1,0,30,34,11.575,6.725,-8.0,1.504,1.652,0.3,0.0,1.5,2.23
1788455334.353,driving,11.375,5.245,94.1,0,30,34,11.575,6.725,-8.1,1.494,1.642,0.3,0.0,1.5,2.2
1788455334.406,driving,11.374,5.265,94.1,1,31,34,11.575,6.775,-8.2,1.523,1.622,0.3,0.0,1.5,2.2
1788455334.46,driving,11.37,5.277,94.3,1,31,34,11.575,6.775,-8.6,1.512,1.611,0.3,0.0,1.5,2.17
1788455334.513,driving,11.359,5.301,94.9,2,32,34,11.575,6.825,-9.2,1.539,1.589,0.3,0.0,1.5,2.17
1788455334.568,driving,11.358,5.311,94.9,2,32,34,11.575,6.825,-9.3,1.529,1.579,0.3,0.0,1.5,2.15
1788455334.626,driving,11.357,5.322,94.9,2,32,34,11.575,6.825,-9.4,1.519,1.569,0.3,0.0,1.5,2.15
1788455334.688,driving,11.356,5.342,94.9,2,32,34,11.575,6.825,-9.5,1.499,1.549,0.3,0.0,1.5,2.12
1788455334.749,driving,11.355,5.352,94.9,3,33,34,11.575,6.875,-9.6,1.539,1.539,0.3,0.0,1.5,2.12
1788455334.81,driving,11.353,5.372,94.9,3,33,34,11.575,6.875,-9.7,1.519,1.519,0.3,0.0,1.5,2.1
1788455334.863,driving,11.352,5.383,94.9,3,33,34,11.575,6.875,-9.8,1.509,1.509,0.3,0.0,1.5,2.1
1788455334.917,driving,11.344,5.408,95.5,4,33,34,11.575,6.875,-10.4,1.485,1.485,0.3,0.0,1.5,2.07
1788455334.979,driving,11.337,5.423,95.9,4,33,34,11.575,6.875,-11.0,1.472,1.472,0.3,0.0,1.5,2.07
1788455335.033,driving,11.329,5.446,96.3,4,33,34,11.575,6.875,-11.5,1.45,1.45,0.3,0.0,1.5,2.04
1788455335.087,driving,11.328,5.456,96.3,4,33,34,11.575,6.875,-11.6,1.44,1.44,0.3,0.0,1.5,2.04
1788455335.143,driving,11.326,5.477,96.3,5,33,34,11.575,6.875,-11.7,1.42,1.42,0.3,0.0,1.5,2.02
1788455335.197,driving,11.325,5.487,96.3,5,33,34,11.575,6.875,-11.9,1.411,1.411,0.3,0.0,1.5,2.02
1788455335.25,driving,11.322,5.507,96.3,5,33,34,11.575,6.875,-12.0,1.391,1.391,0.3,0.0,1.5,2.0
1788455335.308,driving,11.321,5.517,96.3,0,27,28,11.575,6.875,-12.1,1.381,1.381,0.3,0.0,1.5,2.0
1788455335.362,driving,11.315,5.537,96.7,0,27,28,11.575,6.875,-12.6,1.363,1.363,0.3,0.0,1.5,1.97
1788455335.421,driving,11.311,5.547,97.0,0,27,28,11.575,6.875,-13.1,1.354,1.354,0.3,0.0,1.5,1.97
1788455335.489,driving,11.306,5.567,97.2,1,27,28,11.575,6.875,-13.4,1.335,1.335,0.3,0.0,1.5,1.94
1788455335.545,driving,11.305,5.577,97.2,1,27,28,11.575,6.875,-13.5,1.325,1.325,0.3,0.0,1.5,1.94
1788455335.606,driving,11.304,5.588,97.2,1,27,28,11.575,6.875,-13.7,1.316,1.316,0.3,0.0,1.5,1.92
1788455335.657,driving,11.301,5.608,97.2,1,27,28,11.575,6.875,-13.8,1.296,1.296,0.3,0.0,1.5,1.92
1788455335.714,driving,11.3,5.618,97.2,2,27,28,11.575,6.875,-14.0,1.287,1.287,0.3,0.0,1.5,1.89
1788455335.767,driving,11.297,5.638,97.2,2,27,28,11.575,6.875,-14.1,1.268,1.268,0.3,0.0,1.5,1.89
1788455335.824,driving,11.295,5.649,97.5,2,27,28,11.575,6.875,-14.5,1.257,1.257,0.3,0.0,1.5,1.87
1788455335.882,driving,11.289,5.673,98.3,3,27,28,11.575,6.875,-15.5,1.236,1.236,0.3,0.0,1.5,1.87
1788455335.938,driving,11.286,5.684,98.4,3,27,28,11.575,6.875,-15.8,1.226,1.226,0.3,0.0,1.5,1.85
1788455335.991,driving,11.283,5.704,98.4,3,27,28,11.575,6.875,-15.9,1.207,1.207,0.3,0.0,1.5,1.85
1788455336.043,turning,11.282,5.714,98.4,3,27,28,11.575,6.875,-16.1,1.198,1.198,0.0,-2.4,1.5,1.82
1788455336.095,turning,11.28,5.725,97.7,4,27,28,11.575,6.875,-15.5,1.187,1.187,0.0,-2.4,1.5,1.82
1788455336.152,turning,11.28,5.725,96.8,4,27,28,11.575,6.875,-14.8,1.187,1.187,0.0,-2.4,1.5,1.8
1788455336.21,turning,11.28,5.725,95.1,4,27,28,11.575,6.875,-13.2,1.187,1.187,0.0,-2.4,1.5,1.8
1788455336.276,turning,11.281,5.722,93.9,4,27,28,11.575,6.875,-12.3,1.19,1.19,0.0,-2.4,1.5,1.8
1788455336.338,turning,11.284,5.714,91.5,0,23,24,11.575,6.875,-10.0,1.197,1.197,0.0,-2.4,1.5,1.8
1788455336.4,turning,11.284,5.714,90.6,0,23,24,11.575,6.875,-9.2,1.197,1.197,0.0,-2.4,1.5,1.8
1788455336.457,turning,11.284,5.714,88.9,0,23,24,11.575,6.875,-7.7,1.197,1.197,0.0,-2.4,1.5,1.8
1788455336.512,turning,11.284,5.714,88.1,0,23,24,11.575,6.875,-6.9,1.197,1.197,0.0,-2.4,1.5,1.8
1788455336.57,driving,11.284,5.714,87.2,0,23,24,11.575,6.875,-6.2,1.197,1.197,0.3,0.0,1.5,1.8
1788455336.627,driving,11.284,5.714,85.5,0,23,24,11.575,6.875,-4.6,1.197,1.197,0.3,0.0,1.5,1.8
1788455336.685,driving,11.284,5.715,85.3,0,23,24,11.575,6.875,-4.6,1.196,1.196,0.3,0.0,1.5,1.8
1788455336.745,driving,11.285,5.721,85.3,0,23,24,11.575,6.875,-4.7,1.19,1.19,0.3,0.0,1.5,1.79
1788455336.797,driving,11.285,5.727,85.3,0,23,24,11.575,6.875,-4.8,1.184,1.184,0.3,0.0,1.5,1.79
1788455336.849,driving,11.285,5.738,86.0,0,23,24,11.575,6.875,-5.6,1.173,1.173,0.3,0.0,1.5,1.78
1788455336.906,driving,11.283,5.744,86.6,0,23,24,11.575,6.875,-6.3,1.168,1.168,0.3,0.0,1.5,1.78
1788455336.968,driving,11.281,5.759,87.0,1,23,24,11.575,6.875,-6.9,1.153,1.153,0.3,0.0,1.5,1.75
1788455337.029,driving,11.282,5.77,87.0,1,23,24,11.575,6.875,-7.0,1.143,1.143,0.3,0.0,1.5,1.75
1788455337.095,driving,11.283,5.79,87.0,1,23,24,11.575,6.875,-7.1,1.124,1.124,0.3,0.0,1.5,1.73
1788455337.155,driving,11.284,5.8,87.0,1,23,24,11.575,6.875,-7.3,1.114,1.114,0.3,0.0,1.5,1.73
1788455337.207,driving,11.282,5.824,87.0,2,23,24,11.575,6.875,-7.3,1.091,1.091,0.3,0.0,1.5,1.7
1788455337.262,driving,11.281,5.836,87.0,2,23,24,11.575,6.875,-7.4,1.079,1.079,0.3,0.0,1.5,1.7
1788455337.322,driving,11.281,5.858,86.9,3,23,24,11.575,6.875,-7.6,1.058,1.058,0.3,0.0,1.5,1.67
1788455337.376,driving,11.282,5.868,86.9,0,20,21,11.575,6.875,-7.7,1.048,1.048,0.3,0.0,1.5,1.67
1788455337.429,driving,11.283,5.889,86.9,0,20,21,11.575,6.875,-7.8,1.029,1.029,0.3,0.0,1.5,1.65
1788455337.486,driving,11.283,5.899,86.9,1,20,21,11.575,6.875,-8.0,1.019,1.019,0.3,0.0,1.5,1.65
1788455337.54,driving,11.284,5.909,86.9,1,20,21,11.575,6.875,-8.1,1.009,1.009,0.3,0.0,1.5,1.62
1788455337.594,driving,11.285,5.93,86.9,1,20,21,11.575,6.875,-8.3,0.989,0.989,0.3,0.0,1.5,1.62
1788455337.648,driving,11.284,5.942,86.9,1,20,21,11.575,6.875,-8.4,0.978,0.978,0.3,0.0,1.5,1.59
1788455337.703,driving,11.278,5.971,86.7,2,20,21,11.575,6.875,-8.4,0.952,0.952,0.3,0.0,1.5,1.59
1788455337.767,driving,11.277,5.982,86.7,2,20,21,11.575,6.875,-8.5,0.941,0.941,0.3,0.0,1.5,1.57
1788455337.827,driving,11.278,6.003,86.7,2,20,21,11.575,6.875,-8.7,0.921,0.921,0.3,0.0,1.5,1.57
1788455337.891,driving,11.279,6.013,86.7,3,20,21,11.575,6.875,-8.8,0.912,0.912,0.3,0.0,1.5,1.54
1788455337.946,driving,11.28,6.033,86.7,3,20,21,11.575,6.875,-9.0,0.892,0.892,0.3,0.0,1.5,1.54
1788455338.004,driving,11.28,6.044,86.7,3,20,21,11.575,6.875,-9.2,0.882,0.882,0.3,0.0,1.5,1.51
1788455338.058,driving,11.282,6.064,86.7,4,20,21,11.575,6.875,-9.4,0.863,0.863,0.3,0.0,1.5,1.51
1788455338.113,driving,11.283,6.072,86.7,4,20,21,11.575,6.875,-9.5,0.854,0.854,0.3,0.0,1.5,1.49
1788455338.168,driving,11.286,6.087,86.6,4,20,21,11.575,6.875,-9.7,0.839,0.839,0.3,0.0,1.5,1.49
1788455338.221,driving,11.287,6.097,86.6,4,20,21,11.575,6.875,-9.8,0.83,0.83,0.3,0.0,1.5,1.46
1788455338.277,driving,11.288,6.117,86.6,5,20,21,11.575,6.875,-10.0,0.81,0.81,0.3,0.0,1.5,1.46
1788455338.33,driving,11.288,6.127,86.6,5,20,21,11.575,6.875,-10.2,0.801,0.801,0.3,0.0,1.5,1.44
1788455338.383,driving,11.29,6.148,86.6,1,16,17,11.575,6.875,-10.4,0.781,0.781,0.3,0.0,1.5,1.44
1788455338.44,driving,11.29,6.158,86.6,1,16,17,11.575,6.875,-10.6,0.771,0.771,0.3,0.0,1.5,1.41
1788455338.503,driving,11.291,6.168,86.6,1,16,17,11.575,6.875,-10.8,0.762,0.762,0.3,0.0,1.5,1.41
1788455338.567,driving,11.294,6.194,86.5,1,16,17,11.575,6.875,-10.9,0.737,0.737,0.3,0.0,1.5,1.39
1788455338.628,driving,11.297,6.21,86.3,2,16,17,11.575,6.875,-10.9,0.721,0.721,0.3,0.0,1.5,1.39
1788455338.688,driving,11.3,6.235,86.2,2,16,17,11.575,6.875,-11.0,0.697,0.697,0.3,0.0,1.5,1.36
1788455338.741,driving,11.3,6.245,86.2,2,16,17,11.575,6.875,-11.2,0.687,0.687,0.3,0.0,1.5,1.36
1788455338.798,driving,11.302,6.266,86.2,3,16,17,11.575,6.875,-11.4,0.668,0.668,0.3,0.0,1.5,1.34
1788455338.851,driving,11.302,6.276,86.2,3,16,17,11.575,6.875,-11.7,0.658,0.658,0.3,0.0,1.5,1.34
1788455338.907,driving,11.304,6.296,86.2,3,16,17,11.575,6.875,-11.9,0.639,0.639,0.3,0.0,1.5,1.31
1788455338.962,driving,11.305,6.306,86.2,4,16,17,11.575,6.875,-12.1,0.63,0.63,0.3,0.0,1.5,1.31
1788455339.017,driving,11.308,6.33,86.2,4,16,17,11.575,6.875,-12.4,0.607,0.607,0.3,0.0,1.5,1.29
1788455339.072,driving,11.31,6.343,86.3,4,16,17,11.575,6.875,-12.7,0.595,0.595,0.3,0.0,1.5,1.29
1788455339.125,driving,11.312,6.365,86.3,5,16,17,11.575,6.875,-13.0,0.574,0.574,0.3,0.0,1.5,1.26
1788455339.182,driving,11.313,6.375,86.3,5,16,17,11.575,6.875,-13.3,0.564,0.564,0.3,0.0,1.5,1.26
1788455339.239,driving,11.314,6.396,86.3,5,16,17,11.575,6.875,-13.6,0.546,0.546,0.3,0.0,1.5,1.24
1788455339.3,driving,11.314,6.406,86.3,5,16,17,11.575,6.875,-13.9,0.537,0.537,0.3,0.0,1.5,1.24
1788455339.367,driving,11.316,6.426,86.3,0,9,10,11.575,6.875,-14.2,0.518,0.518,0.3,0.0,1.5,1.21
1788455339.367,driving,11.316,6.426,86.3,0,9,10,11.575,6.875,-14.5,0.518,0.518,0.3,0.0,1.5,1.21
1788455339.484,driving,11.318,6.448,86.4,0,9,10,11.575,6.875,-14.9,0.499,0.499,0.299,0.0,1.5,1.19
1788455339.54,driving,11.321,6.474,86.8,1,9,10,11.575,6.875,-15.6,0.474,0.474,0.299,0.0,1.5,1.19
1788455339.595,turning,11.322,6.486,86.9,1,9,10,11.575,6.875,-16.1,0.464,0.464,0.0,-2.4,1.5,1.17
1788455339.649,turning,11.323,6.499,86.3,1,9,10,11.575,6.875,-15.8,0.453,0.453,0.0,-2.4,1.5,1.17
1788455339.707,turning,11.323,6.499,85.4,1,9,10,11.575,6.875,-15.3,0.453,0.453,0.0,-2.4,1.5,1.15
1788455339.759,turning,11.323,6.499,83.7,1,9,10,11.575,6.875,-13.9,0.453,0.453,0.0,-2.4,1.5,1.15
1788455339.811,turning,11.323,6.499,82.8,1,9,10,11.575,6.875,-13.4,0.453,0.453,0.0,-2.4,1.5,1.15
1788455339.864,turning,11.323,6.499,81.1,1,9,10,11.575,6.875,-12.0,0.453,0.453,0.0,-2.4,1.5,1.15
1788455339.917,turning,11.322,6.499,80.2,1,9,10,11.575,6.875,-11.5,0.453,0.453,0.0,-2.4,1.5,1.14
1788455339.972,turning,11.318,6.499,78.5,1,9,10,11.575,6.875,-10.1,0.455,0.455,0.0,-2.4,1.5,1.14
1788455340.028,turning,11.318,6.499,77.7,1,9,10,11.575,6.875,-9.5,0.455,0.455,0.0,-2.4,1.5,1.14
1788455340.09,driving,11.318,6.499,75.9,1,9,10,11.575,6.875,-8.1,0.455,0.455,0.295,0.0,1.5,1.14
1788455340.151,driving,11.318,6.499,75.1,1,9,10,11.575,6.875,-7.6,0.455,0.455,0.295,0.0,1.5,1.14
1788455340.217,driving,11.319,6.502,74.9,1,9,10,11.575,6.875,-7.7,0.453,0.453,0.295,0.0,1.5,1.14
1788455340.275,driving,11.32,6.506,74.9,1,9,10,11.575,6.875,-8.0,0.449,0.449,0.294,0.0,1.5,1.14
1788455340.331,driving,11.323,6.518,74.9,2,9,10,11.575,6.875,-8.3,0.437,0.437,0.294,0.0,1.5,1.14
1788455340.386,driving,11.327,6.525,74.9,2,9,10,11.575,6.875,-8.6,0.429,0.429,0.293,0.0,1.5,1.12
1788455340.441,driving,11.331,6.532,74.9,0,7,8,11.575,6.875,-8.9,0.421,0.421,0.293,0.0,1.5,1.12
1788455340.496,driving,11.337,6.549,74.9,1,7,8,11.575,6.875,-9.2,0.404,0.404,0.291,0.0,1.5,1.1
1788455340.549,driving,11.34,6.558,74.9,1,7,8,11.575,6.875,-9.5,0.394,0.394,0.291,0.0,1.5,1.1
1788455340.604,driving,11.345,6.578,74.9,1,7,8,11.575,6.875,-9.8,0.376,0.376,0.282,0.0,1.5,1.07
1788455340.659,driving,11.347,6.587,74.9,1,7,8,11.575,6.875,-10.2,0.367,0.367,0.275,0.0,1.5,1.07
1788455340.713,driving,11.351,6.601,75.0,2,7,8,11.575,6.875,-10.6,0.354,0.354,0.266,0.0,1.5,1.05
1788455340.768,driving,11.352,6.605,75.1,2,7,8,11.575,6.875,-11.0,0.35,0.35,0.262,0.0,1.5,1.05
1788455340.824,driving,11.356,6.619,75.1,2,7,8,11.575,6.875,-11.4,0.337,0.337,0.253,0.0,1.5,1.03
1788455340.887,driving,11.358,6.628,75.1,2,7,8,11.575,6.875,-11.8,0.329,0.329,0.246,0.0,1.5,1.03
1788455340.944,driving,11.363,6.644,75.1,2,7,8,11.575,6.875,-12.2,0.313,0.313,0.235,0.0,1.5,1.0
1788455341.005,driving,11.365,6.652,75.1,2,7,8,11.575,6.875,-12.6,0.306,0.306,0.23,0.0,1.5,1.0
1788455341.063,driving,11.369,6.668,75.1,3,7,8,11.575,6.875,-13.0,0.292,0.292,0.22,0.0,1.5,0.98
1788455341.114,driving,11.371,6.675,75.1,3,7,8,11.575,6.875,-13.4,0.285,0.285,0.22,0.0,1.5,0.98
1788455341.167,driving,11.375,6.69,75.1,3,7,8,11.575,6.875,-13.9,0.273,0.273,0.22,0.0,1.5,0.96
1788455341.22,driving,11.377,6.697,75.1,3,7,8,11.575,6.875,-14.4,0.266,0.266,0.22,0.0,1.5,0.96
1788455341.274,driving,11.378,6.716,75.7,3,7,8,11.575,6.875,-15.5,0.253,0.253,0.22,0.0,1.5,0.95
1788455341.333,turning,11.377,6.726,76.1,3,7,8,11.575,6.875,-16.5,0.248,0.248,0.0,-2.4,1.5,0.95
1788455341.389,turning,11.377,6.734,76.3,3,7,8,11.575,6.875,-17.3,0.243,0.243,0.0,-2.4,1.5,0.93
1788455341.444,turning,11.377,6.735,74.7,0,4,5,11.575,6.875,-16.2,0.242,0.242,0.0,-2.4,1.5,0.93
1788455341.501,turning,11.377,6.735,73.8,0,4,5,11.575,6.875,-15.9,0.242,0.242,0.0,-2.4,1.5,0.92
1788455341.559,turning,11.377,6.735,72.1,0,4,5,11.575,6.875,-14.8,0.242,0.242,0.0,-2.4,1.5,0.92
1788455341.619,turning,11.377,6.735,71.2,0,4,5,11.575,6.875,-14.5,0.242,0.242,0.0,-2.4,1.5,0.92
1788455341.677,turning,11.377,6.735,69.5,0,4,5,11.575,6.875,-13.3,0.242,0.242,0.0,-2.4,1.5,0.92
1788455341.741,turning,11.377,6.735,68.7,0,4,5,11.575,6.875,-12.9,0.242,0.242,0.0,-2.4,1.5,0.92
1788455341.805,turning,11.377,6.735,67.0,0,4,5,11.575,6.875,-11.7,0.242,0.242,0.0,-2.4,1.5,0.92
1788455341.861,turning,11.378,6.732,66.1,0,4,5,11.575,6.875,-11.3,0.243,0.243,0.0,-2.4,1.5,0.92
1788455341.916,driving,11.38,6.723,64.4,0,4,5,11.575,6.875,-10.1,0.247,0.247,0.22,0.0,1.5,0.92
1788455341.972,driving,11.38,6.722,63.6,0,4,5,11.575,6.875,-9.6,0.248,0.248,0.22,0.0,1.5,0.92
1788455342.027,driving,11.382,6.725,63.5,0,4,5,11.575,6.875,-10.0,0.245,0.245,0.22,0.0,1.5,0.92
1788455342.078,driving,11.384,6.728,63.5,0,4,5,11.575,6.875,-10.3,0.241,0.241,0.22,0.0,1.5,0.91
1788455342.134,driving,11.39,6.74,63.5,0,4,5,11.575,6.875,-10.8,0.229,0.229,0.22,0.0,1.5,0.91
1788455342.188,driving,11.391,6.738,63.5,0,4,5,11.575,6.875,-11.2,0.229,0.229,0.22,0.0,1.5,0.9
1788455342.244,driving,11.393,6.732,63.4,0,4,5,11.575,6.875,-11.5,0.232,0.232,0.22,0.0,1.5,0.9
1788455342.299,driving,11.396,6.738,63.4,0,4,5,11.575,6.875,-11.8,0.225,0.225,0.22,0.0,1.5,0.88
1788455342.356,driving,11.399,6.745,63.4,1,4,5,11.575,6.875,-12.2,0.219,0.219,0.22,0.0,1.5,0.88
1788455342.357,driving,11.399,6.745,63.4,1,4,5,11.575,6.875,-12.6,0.219,0.219,0.22,0.0,1.5,0.88
1788455342.483,driving,11.409,6.765,63.4,0,3,4,11.575,6.875,-13.0,0.199,0.199,0.22,0.0,1.5,0.86
1788455342.541,driving,11.413,6.777,63.5,0,3,4,11.575,6.875,-13.5,0.189,0.189,0.22,0.0,1.5,0.84
1788455342.596,driving,11.413,6.783,63.5,0,3,4,11.575,6.875,-14.0,0.186,0.186,0.22,0.0,1.5,0.84
1788455342.65,driving,11.418,6.795,63.5,0,3,4,11.575,6.875,-14.6,0.177,0.177,0.22,0.0,1.5,0.82
1788455342.702,driving,11.421,6.802,63.5,0,3,4,11.575,6.875,-15.2,0.171,0.171,0.22,0.0,1.5,0.82
1788455342.758,driving,11.428,6.815,63.5,0,3,4,11.575,6.875,-15.8,0.159,0.159,0.22,0.0,1.5,0.8
1788455342.812,turning,11.431,6.822,63.5,1,3,4,11.575,6.875,-16.5,0.154,0.154,0.0,-2.4,1.5,0.8
1788455342.866,goal_approach,11.435,6.829,62.7,3,3,4,11.575,6.875,-44.6,0.148,0.148,0.0,-2.4,,0.78
1788455342.92,goal_approach,11.435,6.829,61.9,3,3,4,11.575,6.875,-43.8,0.148,0.148,0.0,-2.4,,0.78
1788455342.971,goal_approach,11.435,6.829,60.1,3,3,4,11.575,6.875,-42.1,0.148,0.148,0.0,-2.4,,0.77
1788455343.023,goal_approach,11.435,6.829,59.3,3,3,4,11.575,6.875,-41.2,0.148,0.148,0.0,-2.4,,0.77
1788455343.077,goal_approach,11.435,6.829,57.6,3,3,4,11.575,6.875,-39.5,0.148,0.148,0.0,-2.4,,0.77
1788455343.131,goal_approach,11.435,6.829,56.7,3,3,4,11.575,6.875,-38.6,0.148,0.148,0.0,-2.4,,0.77
1788455343.192,goal_approach,11.438,6.831,54.6,3,3,4,11.575,6.875,-36.9,0.144,0.144,0.0,-2.4,,0.77
1788455343.253,goal_approach,11.44,6.833,53.4,3,3,4,11.575,6.875,-36.1,0.142,0.142,0.0,-2.4,,0.77
1788455343.316,goal_approach,11.441,6.833,52.4,3,3,4,11.575,6.875,-35.2,0.14,0.14,0.0,-2.4,,0.77
1788455343.378,goal_approach,11.441,6.833,50.7,3,3,4,11.575,6.875,-33.5,0.14,0.14,0.0,-2.4,,0.77
1788455343.434,goal_approach,11.441,6.833,49.8,3,3,4,11.575,6.875,-32.6,0.14,0.14,0.0,-2.4,,0.77
1788455343.49,goal_approach,11.441,6.833,48.1,3,3,4,11.575,6.875,-30.9,0.14,0.14,0.0,-2.4,,0.77
1788455343.542,goal_approach,11.441,6.833,47.2,3,3,4,11.575,6.875,-30.0,0.14,0.14,0.0,-2.4,,0.76
1788455343.594,goal_approach,11.441,6.833,45.5,3,3,4,11.575,6.875,-28.3,0.14,0.14,0.0,-2.4,,0.76
1788455343.649,goal_approach,11.442,6.836,44.6,3,3,4,11.575,6.875,-28.1,0.138,0.138,0.0,-2.4,,0.76
1788455343.706,goal_approach,11.447,6.842,42.7,3,3,4,11.575,6.875,-28.3,0.133,0.133,0.0,-2.4,,0.76
1788455343.762,goal_approach,11.447,6.843,41.8,3,3,4,11.575,6.875,-27.8,0.132,0.132,0.0,-2.4,,0.76
1788455343.814,goal_approach,11.447,6.843,40.1,3,3,4,11.575,6.875,-26.0,0.132,0.132,0.0,-2.4,,0.76
1788455343.871,goal_approach,11.447,6.843,39.2,3,3,4,11.575,6.875,-25.2,0.132,0.132,0.0,-2.4,,0.76
1788455343.929,goal_approach,11.447,6.843,37.5,3,3,4,11.575,6.875,-23.5,0.132,0.132,0.0,-2.4,,0.76
1788455343.988,goal_approach,11.448,6.848,36.6,3,3,4,11.575,6.875,-24.5,0.13,0.13,0.0,-2.4,,0.76
1788455344.05,goal_approach,11.45,6.859,34.7,3,3,4,11.575,6.875,-27.5,0.126,0.126,0.0,-2.4,,0.76
1788455344.112,goal_approach,11.45,6.86,33.9,3,3,4,11.575,6.875,-27.0,0.126,0.126,0.0,-2.4,,0.76
1788455344.171,goal_approach,11.45,6.86,32.1,3,3,4,11.575,6.875,-25.3,0.126,0.126,0.0,-2.4,,0.76
1788455344.221,goal_approach,11.45,6.86,31.3,3,3,4,11.575,6.875,-24.4,0.126,0.126,0.0,-2.4,,0.76
1788455344.275,goal_approach,11.45,6.86,30.4,3,3,4,11.575,6.875,-23.5,0.126,0.126,0.0,-2.4,,0.76
1788455344.329,goal_approach,11.451,6.863,28.7,3,3,4,11.575,6.875,-23.2,0.125,0.125,0.0,-2.4,,0.76
1788455344.382,goal_approach,11.452,6.866,27.9,3,3,4,11.575,6.875,-23.8,0.123,0.123,0.0,-2.4,,0.76
1788455344.438,goal_approach,11.453,6.869,26.3,3,3,4,11.575,6.875,-23.4,0.122,0.122,0.0,-2.4,,0.75
1788455344.495,goal_approach,11.453,6.869,25.4,2,2,3,11.575,6.875,-22.5,0.122,0.122,0.0,-2.4,,0.75
1788455344.553,goal_approach,11.453,6.869,23.7,2,2,3,11.575,6.875,-20.8,0.122,0.122,0.0,-2.4,,0.75
1788455344.603,goal_approach,11.453,6.869,22.8,2,2,3,11.575,6.875,-20.0,0.122,0.122,0.0,-2.4,,0.75
1788455344.659,goal_approach,11.449,6.868,21.5,2,2,3,11.575,6.875,-18.5,0.126,0.126,0.0,-2.4,,0.75
1788455344.72,goal_approach,11.445,6.868,21.0,2,2,3,11.575,6.875,-17.8,0.13,0.13,0.0,-2.4,,0.75
1788455344.79,goal_approach,11.442,6.867,19.6,2,2,3,11.575,6.875,-16.1,0.133,0.133,0.0,-2.4,,0.75
1788455344.862,goal_approach,11.442,6.867,18.8,2,2,3,11.575,6.875,-15.2,0.133,0.133,0.0,-2.4,,0.75
1788455344.921,goal_approach,11.442,6.867,17.0,2,2,3,11.575,6.875,-13.5,0.133,0.133,0.0,-2.4,,0.75
1788455344.978,goal_approach,11.442,6.867,16.2,2,2,3,11.575,6.875,-12.6,0.133,0.133,0.0,-2.4,,0.75
1788455345.036,goal_approach,11.448,6.87,14.7,2,2,3,11.575,6.875,-12.6,0.127,0.127,0.0,-2.4,,0.75
1788455345.093,goal_approach,11.452,6.873,14.0,2,2,3,11.575,6.875,-13.1,0.123,0.123,0.0,-2.4,,0.75
1788455345.146,goal_approach,11.455,6.875,12.3,2,2,3,11.575,6.875,-12.2,0.12,0.12,0.0,-2.4,,0.74
1788455345.199,goal_approach,11.455,6.875,11.5,2,2,3,11.575,6.875,-11.3,0.12,0.12,0.0,-2.4,,0.74
1788455345.263,goal_approach,11.455,6.875,10.6,2,2,3,11.575,6.875,-10.5,0.12,0.12,0.0,-2.4,,0.74
1788455345.316,goal_approach,11.455,6.875,8.9,2,2,3,11.575,6.875,-8.7,0.12,0.12,0.0,-2.4,,0.74
1788455345.379,goal_approach,11.457,6.877,8.1,2,2,3,11.575,6.875,-9.0,0.118,0.118,0.0,-2.4,,0.74
1788455345.433,goal_approach,11.463,6.885,6.6,2,2,3,11.575,6.875,-11.6,0.112,0.112,0.0,-2.4,,0.74
1788455345.495,goal_approach,11.465,6.886,5.8,2,2,3,11.575,6.875,-11.7,0.111,0.111,0.0,-2.4,,0.74
1788455345.561,goal_approach,11.465,6.886,4.1,2,2,3,11.575,6.875,-10.0,0.111,0.111,0.0,-2.4,,0.74
1788455345.624,goal_approach,11.465,6.886,3.3,2,2,3,11.575,6.875,-9.2,0.111,0.111,0.0,-2.4,,0.74
1788455345.685,goal_approach,11.465,6.886,1.5,2,2,3,11.575,6.875,-7.4,0.111,0.111,0.0,-2.4,,0.74
1788455345.742,goal_approach,11.467,6.891,0.6,2,2,3,11.575,6.875,-9.1,0.109,0.109,0.0,-2.4,,0.74
1788455345.799,goal_approach,11.475,6.904,-1.3,2,2,3,11.575,6.875,-15.1,0.105,0.105,0.0,-2.4,,0.74
1788455345.851,goal_approach,11.475,6.906,-2.2,2,2,3,11.575,6.875,-15.2,0.104,0.104,0.0,-2.4,,0.73
1788455345.906,goal_approach,11.475,6.906,-3.9,2,2,3,11.575,6.875,-13.4,0.104,0.104,0.0,-2.4,,0.73
1788455345.961,goal_approach,11.475,6.906,-4.7,2,2,3,11.575,6.875,-12.6,0.104,0.104,0.0,-2.4,,0.73
1788455346.015,goal_approach,11.475,6.906,-6.4,2,2,3,11.575,6.875,-10.9,0.104,0.104,0.0,-2.4,,0.73
1788455346.071,goal_approach,11.478,6.912,-7.3,2,2,3,11.575,6.875,-13.4,0.104,0.104,0.0,-2.4,,0.73
1788455346.123,goal_approach,11.484,6.924,-8.9,2,2,3,11.575,6.875,-19.6,0.104,0.104,0.0,-2.4,,0.73
1788455346.181,goal_approach,11.484,6.925,-9.8,2,2,3,11.575,6.875,-19.0,0.104,0.104,0.0,-2.4,,0.74
1788455346.235,goal_approach,11.484,6.925,-10.6,2,2,3,11.575,6.875,-18.1,0.104,0.104,0.0,-2.4,,0.74
1788455346.304,goal_approach,11.484,6.925,-12.4,2,2,3,11.575,6.875,-16.4,0.104,0.104,0.0,-2.4,,0.76
1788455346.372,goal_approach,11.484,6.925,-13.2,2,2,3,11.575,6.875,-15.5,0.104,0.104,0.0,-2.4,,0.76
1788455346.433,goal_approach,11.475,6.923,-14.5,2,2,3,11.575,6.875,-11.1,0.111,0.111,0.0,-2.4,,0.8
1788455346.499,goal_approach,11.466,6.921,-14.9,2,2,3,11.575,6.875,-7.8,0.119,0.119,0.0,-2.4,,0.8
1788455346.558,goal_approach,11.457,6.919,-16.3,2,2,3,11.575,6.875,-4.0,0.126,0.126,0.0,-2.4,,2.51
1788455346.614,goal_approach,11.457,6.919,-17.1,2,2,3,11.575,6.875,-3.1,0.126,0.126,0.0,-2.4,,2.51
1788455346.67,goal_approach,11.457,6.919,-18.8,2,2,3,11.575,6.875,-1.4,0.126,0.126,0.22,0.0,,2.45
1788455346.722,goal_approach,11.457,6.919,-19.7,2,2,3,11.575,6.875,-0.6,0.126,0.126,0.22,0.0,,2.45
1788455346.778,goal_approach,11.458,6.912,-19.8,2,2,3,11.575,6.875,2.2,0.123,0.123,0.22,0.0,,2.4
1788455346.834,goal_approach,11.46,6.907,-19.7,2,2,3,11.575,6.875,4.4,0.119,0.119,0.22,0.0,,2.4
1788455346.89,goal_approach,11.471,6.899,-19.7,2,2,3,11.575,6.875,6.6,0.106,0.106,0.22,0.0,,2.39
1788455346.943,goal_approach,11.478,6.897,-19.7,2,2,3,11.575,6.875,7.1,0.099,0.099,0.22,0.0,,2.39
1788455347.002,goal_approach,11.493,6.892,-19.7,2,2,3,11.575,6.875,8.3,0.084,0.084,0.22,0.0,,2.38
1788455347.06,goal_approach,11.5,6.889,-19.7,2,2,3,11.575,6.875,9.2,0.077,0.077,0.22,0.0,,2.38
1788455347.12,goal_approach,11.509,6.885,-19.4,2,2,3,11.575,6.875,11.1,0.067,0.067,0.22,0.0,,2.37
1788455347.18,goal_approach,11.512,6.883,-19.2,2,2,3,11.575,6.875,12.2,0.063,0.063,0.22,0.0,,2.37
1788455347.245,goal_turn,11.524,6.878,-19.1,2,2,3,11.575,6.875,102.1,0.0,0.051,0.0,4.5,,2.37
1788455347.303,goal_turn,11.532,6.876,-19.1,2,2,3,11.575,6.875,102.1,0.0,0.043,0.0,4.5,,2.37
1788455347.358,goal_turn,11.534,6.875,-16.9,2,2,3,11.575,6.875,99.9,0.0,0.041,0.0,4.5,,2.36
1788455347.413,goal_turn,11.534,6.875,-10.3,2,2,3,11.575,6.875,93.3,0.0,0.041,0.0,4.5,,2.36
1788455347.467,goal_turn,11.534,6.875,-7.0,2,2,3,11.575,6.875,90.0,0.0,0.041,0.0,4.5,,2.41
1788455347.52,goal_turn,11.534,6.875,-0.5,2,2,3,11.575,6.875,83.5,0.0,0.041,0.0,4.371,,2.41
1788455347.578,goal_turn,11.534,6.875,2.8,1,1,2,11.575,6.875,80.2,0.0,0.041,0.0,4.2,,0.68
1788455347.629,goal_turn,11.534,6.875,8.9,1,1,2,11.575,6.875,74.1,0.0,0.041,0.0,3.88,,0.68
1788455347.684,goal_turn,11.534,6.875,11.8,1,1,2,11.575,6.875,71.2,0.0,0.041,0.0,3.727,,0.67
1788455347.736,goal_turn,11.534,6.875,16.8,1,1,2,11.575,6.875,66.2,0.0,0.041,0.0,3.466,,0.67
1788455347.791,goal_turn,11.534,6.875,19.2,1,1,2,11.575,6.875,63.8,0.0,0.041,0.0,3.341,,0.68
1788455347.849,goal_turn,11.534,6.875,23.3,1,1,2,11.575,6.875,59.7,0.0,0.041,0.0,3.127,,0.68
1788455347.91,goal_turn,11.541,6.877,25.1,1,1,2,11.575,6.875,57.9,0.0,0.034,0.0,3.031,,0.68
1788455347.97,goal_turn,11.559,6.883,28.2,1,1,2,11.575,6.875,54.8,0.0,0.018,0.0,2.868,,0.68
1788455348.034,goal_turn,11.559,6.885,29.7,1,1,2,11.575,6.875,53.3,0.0,0.019,0.0,2.791,,0.68
1788455348.097,goal_turn,11.555,6.888,32.2,1,1,2,11.575,6.875,50.8,0.0,0.024,0.0,2.659,,0.68
1788455348.154,goal_turn,11.555,6.891,33.3,1,1,2,11.575,6.875,49.7,0.0,0.025,0.0,2.601,,0.68
1788455348.208,goal_turn,11.555,6.894,34.3,1,1,2,11.575,6.875,48.7,0.0,0.027,0.0,2.55,,0.68
1788455348.262,goal_turn,11.555,6.896,36.1,1,1,2,11.575,6.875,46.9,0.0,0.029,0.0,2.455,,0.68
1788455348.318,goal_turn,11.555,6.895,37.0,1,1,2,11.575,6.875,46.0,0.0,0.028,0.0,2.408,,0.68
1788455348.37,goal_turn,11.557,6.9,38.9,1,1,2,11.575,6.875,44.1,0.0,0.031,0.0,2.4,,0.68
1788455348.422,goal_turn,11.558,6.904,39.9,1,1,2,11.575,6.875,43.1,0.0,0.034,0.0,2.4,,0.68
1788455348.484,goal_turn,11.559,6.908,41.7,1,1,2,11.575,6.875,41.3,0.0,0.037,0.0,2.4,,0.68
1788455348.54,goal_turn,11.559,6.908,42.5,1,1,2,11.575,6.875,40.5,0.0,0.037,0.0,2.4,,0.68
1788455348.597,goal_turn,11.562,6.907,44.3,1,1,2,11.575,6.875,38.7,0.0,0.035,0.0,2.4,,0.69
1788455348.655,goal_turn,11.564,6.906,45.2,1,1,2,11.575,6.875,37.8,0.0,0.033,0.0,2.4,,0.69
1788455348.721,goal_turn,11.566,6.905,46.9,1,1,2,11.575,6.875,36.1,0.0,0.031,0.0,2.4,,0.69
1788455348.784,goal_turn,11.566,6.905,47.8,1,1,2,11.575,6.875,35.2,0.0,0.031,0.0,2.4,,0.69
1788455348.848,goal_turn,11.561,6.902,49.0,1,1,2,11.575,6.875,34.0,0.0,0.031,0.0,2.4,,0.69
1788455348.908,goal_turn,11.558,6.9,49.5,1,1,2,11.575,6.875,33.5,0.0,0.031,0.0,2.4,,0.69
1788455348.967,goal_turn,11.555,6.899,51.0,1,1,2,11.575,6.875,32.0,0.0,0.031,0.0,2.4,,0.69
1788455349.022,goal_turn,11.555,6.899,51.8,1,1,2,11.575,6.875,31.2,0.0,0.031,0.0,2.4,,0.69
1788455349.082,goal_turn,11.555,6.899,53.4,1,1,2,11.575,6.875,29.6,0.0,0.031,0.0,2.4,,0.69
1788455349.138,goal_turn,11.555,6.899,54.2,1,1,2,11.575,6.875,28.8,0.0,0.031,0.0,2.4,,0.69
1788455349.197,goal_turn,11.554,6.899,54.8,1,1,2,11.575,6.875,28.2,0.0,0.031,0.0,2.4,,0.69
1788455349.254,goal_turn,11.548,6.896,55.5,1,1,2,11.575,6.875,27.5,0.0,0.034,0.0,2.4,,0.69
1788455349.31,goal_turn,11.546,6.896,56.1,1,1,2,11.575,6.875,26.9,0.0,0.035,0.0,2.4,,0.7
1788455349.369,goal_turn,11.546,6.896,57.7,1,1,2,11.575,6.875,25.3,0.0,0.035,0.0,2.4,,0.7
1788455349.435,goal_turn,11.546,6.896,58.5,1,1,2,11.575,6.875,24.5,0.0,0.035,0.0,2.4,,0.7
1788455349.503,goal_turn,11.546,6.896,60.2,1,1,2,11.575,6.875,22.8,0.0,0.035,0.0,2.4,,0.7
1788455349.565,goal_turn,11.541,6.895,61.0,1,1,2,11.575,6.875,22.0,0.0,0.04,0.0,2.4,,0.7
1788455349.625,goal_turn,11.523,6.892,62.7,1,1,2,11.575,6.875,20.3,0.0,0.055,0.0,2.4,,0.7
1788455349.681,goal_turn,11.52,6.892,63.6,1,1,2,11.575,6.875,19.4,0.0,0.057,0.0,2.4,,0.7
1788455351.245,turning,11.522,6.901,73.6,0,29,46,10.081,7.324,90.0,1.501,2.319,0.0,4.5,1.5,0.71
1788455351.299,turning,11.522,6.901,76.0,0,29,46,10.081,7.324,87.6,1.501,2.319,0.0,4.5,1.5,0.71
1788455351.353,turning,11.522,6.901,79.3,0,29,46,10.081,7.324,84.4,1.501,2.319,0.0,4.417,1.5,0.72
1788455351.41,turning,11.522,6.901,85.8,0,29,46,10.081,7.324,77.9,1.501,2.319,0.0,4.078,1.5,0.72
1788455351.468,turning,11.522,6.901,88.9,0,29,46,10.081,7.324,74.7,1.501,2.319,0.0,3.912,1.5,0.74
1788455351.523,turning,11.522,6.901,94.4,0,29,46,10.081,7.324,69.2,1.501,2.319,0.0,3.625,1.5,0.74
1788455351.581,turning,11.522,6.901,97.0,0,29,46,10.081,7.324,66.6,1.501,2.319,0.0,3.489,1.5,2.06
1788455351.636,turning,11.522,6.901,101.4,0,29,46,10.081,7.324,62.2,1.501,2.319,0.0,3.259,1.5,2.06
1788455351.696,turning,11.522,6.901,103.5,0,29,46,10.081,7.324,60.1,1.501,2.319,0.0,3.149,1.5,2.06
1788455351.751,turning,11.522,6.901,107.1,0,29,46,10.081,7.324,56.5,1.501,2.319,0.0,2.959,1.5,2.06
1788455351.813,turning,11.522,6.901,108.8,0,29,46,10.081,7.324,54.8,1.501,2.319,0.0,2.87,1.5,2.07
1788455351.871,turning,11.522,6.901,111.7,0,29,46,10.081,7.324,51.9,1.501,2.319,0.0,2.718,1.5,2.07
1788455351.939,turning,11.519,6.897,112.8,0,29,46,10.081,7.324,50.8,1.5,2.317,0.0,2.661,1.5,2.07
1788455351.999,turning,11.511,6.888,114.6,0,29,46,10.081,7.324,49.1,1.495,2.312,0.0,2.57,1.5,2.07
1788455352.053,turning,11.508,6.893,115.5,0,29,46,10.081,7.324,48.1,1.491,2.308,0.0,2.519,1.5,2.07
1788455352.109,turning,11.505,6.898,116.4,0,29,46,10.081,7.324,47.2,1.486,2.303,0.0,2.472,1.5,2.07
1788455352.163,turning,11.498,6.902,118.0,0,29,46,10.081,7.324,45.6,1.478,2.295,0.0,2.4,1.5,2.08
1788455352.222,turning,11.495,6.902,118.8,0,29,46,10.081,7.324,44.8,1.475,2.292,0.0,2.4,1.5,2.08
1788455352.281,turning,11.492,6.902,120.3,0,30,45,10.001,7.333,43.3,1.552,2.289,0.0,2.4,1.5,2.08
1788455352.337,turning,11.492,6.902,121.1,0,30,45,10.001,7.333,42.5,1.552,2.289,0.0,2.4,1.5,2.08
1788455352.398,turning,11.491,6.899,122.7,0,30,45,10.001,7.333,41.0,1.552,2.289,0.0,2.4,1.5,2.08
1788455352.449,turning,11.49,6.896,123.4,0,30,45,10.001,7.333,40.2,1.552,2.289,0.0,2.4,1.5,2.08
1788455352.507,turning,11.489,6.893,125.0,0,30,45,10.001,7.333,38.7,1.552,2.289,0.0,2.4,1.5,2.08
1788455352.567,turning,11.489,6.893,125.8,0,30,45,10.001,7.333,37.8,1.552,2.289,0.0,2.4,1.5,2.08
1788455352.63,turning,11.49,6.886,127.7,0,30,45,10.001,7.333,35.9,1.554,2.291,0.0,2.4,1.5,2.09
1788455352.689,turning,11.49,6.881,128.8,0,30,45,10.001,7.333,34.8,1.556,2.293,0.0,2.4,1.5,2.09
1788455352.749,turning,11.49,6.877,130.6,0,30,45,10.001,7.333,32.9,1.558,2.294,0.0,2.4,1.5,2.09
1788455352.809,turning,11.49,6.877,131.5,0,30,45,10.001,7.333,32.1,1.558,2.294,0.0,2.4,1.5,2.09
1788455352.863,turning,11.49,6.877,133.1,0,30,45,10.001,7.333,30.4,1.558,2.294,0.0,2.4,1.5,2.09
1788455352.919,turning,11.49,6.877,133.9,0,30,45,10.001,7.333,29.6,1.558,2.294,0.0,2.4,1.5,2.09
1788455352.974,turning,11.483,6.876,135.4,0,30,45,10.001,7.333,28.1,1.551,2.288,0.0,2.4,1.5,2.1
1788455353.026,turning,11.478,6.876,136.2,0,30,45,10.001,7.333,27.3,1.546,2.283,0.0,2.4,1.5,2.1
1788455353.082,turning,11.475,6.876,136.9,0,30,45,10.001,7.333,26.6,1.544,2.28,0.0,2.4,1.5,2.11
1788455353.136,turning,11.475,6.876,138.6,0,30,45,10.001,7.333,24.9,1.544,2.28,0.0,2.4,1.5,2.11
1788455353.192,turning,11.475,6.876,139.4,0,30,45,10.001,7.333,24.1,1.544,2.28,0.0,2.4,1.5,2.12
1788455353.247,turning,11.475,6.876,141.0,0,30,45,10.001,7.333,22.4,1.544,2.28,0.0,2.4,1.5,2.12
1788455353.305,turning,11.473,6.878,141.7,0,30,46,10.032,7.336,21.7,1.512,2.278,0.0,2.4,1.5,2.14
1788455353.364,turning,11.466,6.883,142.7,0,30,46,10.032,7.336,20.7,1.504,2.27,0.0,2.4,1.5,2.14
1788455353.426,turning,11.465,6.884,143.4,0,30,46,10.032,7.336,20.0,1.502,2.268,0.0,2.4,1.5,2.16
1788455353.493,turning,11.465,6.884,145.0,0,30,46,10.032,7.336,18.3,1.502,2.268,0.0,2.4,1.5,2.16
1788455353.554,turning,11.465,6.884,145.9,0,30,46,10.032,7.336,17.5,1.502,2.268,0.0,2.4,1.5,2.19
1788455353.608,turning,11.465,6.884,147.5,0,30,46,10.032,7.336,15.8,1.502,2.268,0.0,2.4,1.5,2.19
1788455353.665,turning,11.466,6.886,148.4,0,30,46,10.032,7.336,14.9,1.502,2.268,0.0,2.4,1.5,2.22
1788455353.718,turning,11.467,6.893,150.2,0,30,46,10.032,7.336,13.0,1.502,2.268,0.0,2.4,1.5,2.22
1788455353.772,turning,11.468,6.893,151.1,0,30,46,10.032,7.336,12.2,1.502,2.268,0.0,2.4,1.5,2.25
1788455353.824,turning,11.468,6.893,152.7,0,30,46,10.032,7.336,10.5,1.502,2.268,0.0,2.4,1.5,2.25
1788455353.882,turning,11.468,6.893,153.5,0,30,46,10.032,7.336,9.7,1.502,2.268,0.0,2.4,1.5,2.3
1788455353.937,turning,11.468,6.893,155.2,0,30,46,10.032,7.336,8.1,1.502,2.268,0.0,2.4,1.5,2.3
1788455353.993,turning,11.467,6.889,155.7,0,30,46,10.032,7.336,7.5,1.502,2.269,0.0,2.4,1.5,2.34
1788455354.05,turning,11.466,6.883,156.3,0,30,46,10.032,7.336,6.9,1.503,2.269,0.0,2.4,1.5,2.34
1788455354.11,turning,11.465,6.878,157.6,0,30,46,10.032,7.336,5.5,1.504,2.27,0.0,2.4,1.5,2.4
1788455354.173,turning,11.465,6.878,158.5,0,30,46,10.032,7.336,4.7,1.504,2.27,0.0,2.4,1.5,2.4
1788455354.234,driving,11.465,6.878,160.1,0,30,46,10.032,7.336,3.0,1.504,2.27,0.3,0.0,1.5,2.46
1788455354.299,driving,11.465,6.878,160.9,0,30,46,10.032,7.336,2.2,1.504,2.27,0.3,0.0,1.5,2.46
1788455354.358,driving,11.461,6.876,161.1,0,30,46,10.032,7.336,2.0,1.5,2.266,0.3,0.0,1.5,2.51
1788455354.415,driving,11.456,6.876,161.2,0,30,46,10.032,7.336,1.9,1.496,2.262,0.3,0.0,1.5,2.51
1788455354.472,driving,11.443,6.878,161.2,1,31,46,9.984,7.348,1.8,1.533,2.249,0.3,0.0,1.5,2.5
1788455354.526,driving,11.434,6.881,161.2,1,31,46,9.984,7.348,1.8,1.523,2.239,0.3,0.0,1.5,2.5
1788455354.581,driving,11.415,6.888,161.2,1,31,46,9.984,7.348,1.8,1.503,2.219,0.3,0.0,1.5,2.49
1788455354.632,driving,11.405,6.891,161.2,1,31,46,9.984,7.348,1.8,1.493,2.209,0.3,0.0,1.5,2.49
1788455354.684,driving,11.384,6.903,161.3,2,32,46,9.935,7.36,1.7,1.518,2.185,0.3,0.0,1.5,2.48
1788455354.737,driving,11.372,6.911,161.3,2,32,46,9.935,7.36,1.6,1.505,2.172,0.3,0.0,1.5,2.48
1788455354.795,driving,11.352,6.921,161.4,3,33,46,9.887,7.372,1.6,1.533,2.15,0.3,0.0,1.5,2.47
1788455354.848,driving,11.342,6.924,161.4,3,33,46,9.887,7.372,1.6,1.523,2.139,0.3,0.0,1.5,2.47
1788455354.907,driving,11.323,6.931,161.4,3,33,46,9.887,7.372,1.6,1.502,2.119,0.3,0.0,1.5,2.46
1788455354.974,driving,11.313,6.934,161.4,3,33,46,9.887,7.372,1.6,1.492,2.109,0.3,0.0,1.5,2.46
1788455355.034,driving,11.304,6.937,161.4,4,34,46,9.838,7.384,1.6,1.532,2.099,0.3,0.0,1.5,2.45
1788455355.098,driving,11.284,6.944,161.4,4,34,46,9.838,7.384,1.6,1.511,2.078,0.3,0.0,1.5,2.45
1788455355.153,driving,11.275,6.947,161.4,4,34,46,9.838,7.384,1.6,1.501,2.068,0.3,0.0,1.5,2.44
1788455355.205,driving,11.255,6.953,161.4,5,35,46,9.79,7.396,1.6,1.531,2.048,0.3,0.0,1.5,2.44
1788455355.261,driving,11.246,6.957,161.4,5,35,46,9.79,7.396,1.6,1.521,2.038,0.3,0.0,1.5,2.43
1788455355.316,driving,11.226,6.963,161.4,5,35,46,9.79,7.396,1.6,1.5,2.017,0.3,0.0,1.5,2.43
1788455355.374,driving,11.222,6.966,161.5,0,30,41,9.78,7.424,1.5,1.513,2.012,0.3,0.0,1.5,2.42
1788455355.424,driving,11.217,6.973,161.9,0,30,41,9.78,7.424,1.0,1.507,2.006,0.3,0.0,1.5,2.42
1788455355.478,driving,11.21,6.976,162.0,0,30,41,9.78,7.424,1.0,1.498,1.998,0.3,0.0,1.5,2.41
1788455355.532,driving,11.19,6.982,162.0,1,31,41,9.731,7.434,1.0,1.528,1.978,0.3,0.0,1.5,2.41
1788455355.589,driving,11.181,6.985,162.0,1,31,41,9.731,7.434,1.0,1.518,1.967,0.3,0.0,1.5,2.39
1788455355.645,driving,11.161,6.992,162.0,1,31,41,9.731,7.434,1.0,1.497,1.947,0.3,0.0,1.5,2.39
1788455355.706,driving,11.151,6.995,162.0,2,32,41,9.682,7.444,1.0,1.537,1.937,0.3,0.0,1.5,2.38
1788455355.772,driving,11.132,7.001,162.0,2,32,41,9.682,7.444,1.0,1.516,1.917,0.3,0.0,1.5,2.38
1788455355.831,driving,11.126,7.001,161.7,2,32,41,9.682,7.444,1.3,1.51,1.911,0.3,0.0,1.5,2.37
1788455355.893,driving,11.113,7.0,161.0,2,32,41,9.682,7.444,2.0,1.499,1.899,0.3,0.0,1.5,2.37
1788455355.951,driving,11.104,7.003,160.9,2,32,41,9.682,7.444,2.0,1.489,1.889,0.3,0.0,1.5,2.36
1788455356.006,driving,11.094,7.006,160.9,3,33,41,9.633,7.453,2.0,1.529,1.879,0.3,0.0,1.5,2.36
1788455356.061,driving,11.075,7.013,160.9,3,33,41,9.633,7.453,2.0,1.508,1.859,0.3,0.0,1.5,2.35
1788455356.115,driving,11.065,7.016,160.9,3,33,41,9.633,7.453,2.0,1.498,1.848,0.3,0.0,1.5,2.35
1788455356.17,driving,11.046,7.023,160.9,4,34,41,9.584,7.463,2.0,1.527,1.828,0.3,0.0,1.5,2.34
1788455356.226,driving,11.037,7.026,160.9,4,34,41,9.584,7.463,2.0,1.517,1.818,0.3,0.0,1.5,2.34
1788455356.287,driving,11.023,7.037,160.9,4,34,41,9.584,7.463,2.1,1.501,1.802,0.3,0.0,1.5,2.33
1788455356.339,driving,11.019,7.044,160.9,4,34,41,9.584,7.463,2.1,1.495,1.797,0.3,0.0,1.5,2.33
1788455356.4,driving,11.004,7.054,160.8,1,31,36,9.475,7.475,2.2,1.586,1.78,0.3,0.0,1.5,2.32
1788455356.461,driving,10.995,7.057,160.8,1,31,36,9.475,7.475,2.2,1.576,1.77,0.3,0.0,1.5,2.32
1788455356.522,driving,10.975,7.064,160.8,1,31,36,9.475,7.475,2.3,1.556,1.749,0.3,0.0,1.5,2.3
1788455356.587,driving,10.966,7.067,160.8,1,31,36,9.475,7.475,2.3,1.546,1.739,0.3,0.0,1.5,2.3
1788455356.652,driving,10.947,7.074,160.8,2,31,36,9.475,7.475,2.3,1.525,1.719,0.3,0.0,1.5,2.29
1788455356.709,driving,10.937,7.077,160.8,2,31,36,9.475,7.475,2.4,1.515,1.709,0.3,0.0,1.5,2.29
1788455356.763,driving,10.917,7.083,160.9,2,31,36,9.475,7.475,2.3,1.494,1.688,0.3,0.0,1.5,2.28
1788455356.814,driving,10.907,7.085,161.0,3,32,36,9.425,7.475,2.3,1.532,1.678,0.3,0.0,1.5,2.28
1788455356.873,driving,10.887,7.091,161.0,3,32,36,9.425,7.475,2.3,1.512,1.657,0.3,0.0,1.5,2.27
1788455356.929,driving,10.878,7.095,161.0,3,32,36,9.425,7.475,2.4,1.502,1.647,0.3,0.0,1.5,2.27
1788455356.99,driving,10.868,7.098,161.0,3,32,36,9.425,7.475,2.4,1.491,1.637,0.3,0.0,1.5,2.26
1788455357.042,driving,10.849,7.104,161.0,4,33,36,9.375,7.475,2.5,1.52,1.617,0.3,0.0,1.5,2.26
1788455357.098,driving,10.839,7.108,161.0,4,33,36,9.375,7.475,2.6,1.509,1.607,0.3,0.0,1.5,2.25
1788455357.15,driving,10.82,7.114,161.0,4,33,36,9.375,7.475,2.6,1.489,1.586,0.3,0.0,1.5,2.25
1788455357.209,driving,10.808,7.119,161.0,5,34,36,9.325,7.475,2.7,1.525,1.574,0.3,0.0,1.5,2.24
1788455357.269,driving,10.782,7.132,161.0,5,34,36,9.325,7.475,2.8,1.497,1.546,0.3,0.0,1.5,2.24
1788455357.331,driving,10.771,7.136,161.0,6,35,36,9.275,7.475,2.9,1.534,1.534,0.3,0.0,1.5,2.23
1788455357.394,driving,10.752,7.143,161.0,1,30,31,9.275,7.475,2.9,1.514,1.514,0.3,0.0,1.5,2.23
1788455357.456,driving,10.742,7.146,161.0,1,30,31,9.275,7.475,3.0,1.504,1.504,0.3,0.0,1.5,2.22
1788455357.514,driving,10.723,7.153,161.0,1,30,31,9.275,7.475,3.1,1.483,1.483,0.3,0.0,1.5,2.22
1788455357.572,driving,10.713,7.156,161.0,1,30,31,9.275,7.475,3.2,1.473,1.473,0.3,0.0,1.5,2.2
1788455357.626,driving,10.694,7.163,161.0,2,30,31,9.275,7.475,3.3,1.453,1.453,0.3,0.0,1.5,2.2
1788455357.681,driving,10.681,7.167,161.1,2,30,31,9.275,7.475,3.2,1.439,1.439,0.3,0.0,1.5,2.17
1788455357.735,driving,10.653,7.176,161.5,3,30,31,9.275,7.475,3.0,1.41,1.41,0.3,0.0,1.5,2.17
1788455357.791,driving,10.643,7.18,161.5,3,30,31,9.275,7.475,3.1,1.399,1.399,0.3,0.0,1.5,2.15
1788455357.846,driving,10.623,7.186,161.5,3,30,31,9.275,7.475,3.1,1.379,1.379,0.3,0.0,1.5,2.15
1788455357.902,driving,10.614,7.19,161.5,3,30,31,9.275,7.475,3.2,1.369,1.369,0.3,0.0,1.5,2.12
1788455357.957,driving,10.604,7.193,161.5,4,30,31,9.275,7.475,3.3,1.359,1.359,0.3,0.0,1.5,2.12
1788455358.02,driving,10.585,7.199,161.5,4,30,31,9.275,7.475,3.4,1.338,1.338,0.3,0.0,1.5,2.09
1788455358.082,driving,10.575,7.203,161.5,4,30,31,9.275,7.475,3.5,1.328,1.328,0.3,0.0,1.5,2.09
1788455358.141,driving,10.549,7.204,161.5,5,30,31,9.275,7.475,3.5,1.302,1.302,0.3,0.0,1.5,2.06
1788455358.2,driving,10.532,7.202,161.5,5,30,31,9.275,7.475,3.6,1.287,1.287,0.3,0.0,1.5,2.06
1788455358.258,driving,10.507,7.205,161.5,6,30,31,9.275,7.475,3.6,1.262,1.262,0.3,0.0,1.5,2.03
1788455358.311,driving,10.497,7.208,161.5,6,30,31,9.275,7.475,3.7,1.251,1.251,0.3,0.0,1.5,2.03
1788455358.365,driving,10.478,7.214,161.5,6,30,31,9.275,7.475,3.8,1.231,1.231,0.3,0.0,1.5,2.0
1788455358.416,driving,10.468,7.217,161.5,0,24,25,9.275,7.475,3.8,1.221,1.221,0.3,0.0,1.5,2.0
1788455358.47,driving,10.449,7.224,161.5,0,24,25,9.275,7.475,3.9,1.201,1.201,0.3,0.0,1.5,1.97
1788455358.524,driving,10.439,7.227,161.5,1,24,25,9.275,7.475,3.9,1.191,1.191,0.3,0.0,1.5,1.97
1788455358.581,driving,10.419,7.241,161.1,1,24,25,9.275,7.475,4.5,1.167,1.167,0.3,0.0,1.5,1.95
1788455358.635,driving,10.408,7.25,160.7,1,24,25,9.275,7.475,4.9,1.155,1.155,0.3,0.0,1.5,1.95
1788455358.69,driving,10.388,7.261,160.5,2,24,25,9.275,7.475,5.2,1.133,1.133,0.3,0.0,1.5,1.92
1788455358.743,driving,10.378,7.264,160.5,2,24,25,9.275,7.475,5.3,1.123,1.123,0.3,0.0,1.5,1.92
1788455358.804,driving,10.359,7.271,160.5,2,24,25,9.275,7.475,5.4,1.103,1.103,0.3,0.0,1.5,1.89
1788455358.864,driving,10.349,7.275,160.5,3,24,25,9.275,7.475,5.5,1.093,1.093,0.3,0.0,1.5,1.89
1788455358.925,driving,10.339,7.278,160.5,3,24,25,9.275,7.475,5.6,1.083,1.083,0.3,0.0,1.5,1.86
1788455358.984,driving,10.32,7.285,160.5,3,24,25,9.275,7.475,5.7,1.062,1.062,0.3,0.0,1.5,1.86
1788455359.043,driving,10.306,7.289,160.6,4,24,25,9.275,7.475,5.6,1.048,1.048,0.3,0.0,1.5,1.83
1788455359.098,driving,10.269,7.298,161.1,4,24,25,9.275,7.475,5.3,1.01,1.01,0.3,0.0,1.5,1.83
1788455359.153,driving,10.256,7.302,161.2,5,24,25,9.275,7.475,5.3,0.996,0.996,0.3,0.0,1.5,1.81
1788455359.206,driving,10.237,7.308,161.2,5,24,25,9.275,7.475,5.4,0.976,0.976,0.3,0.0,1.5,1.81
1788455359.261,driving,10.227,7.311,161.2,5,24,25,9.275,7.475,5.4,0.966,0.966,0.3,0.0,1.5,1.78
1788455359.317,driving,10.208,7.318,161.2,6,24,25,9.275,7.475,5.5,0.946,0.946,0.3,0.0,1.5,1.78
1788455359.372,driving,10.198,7.321,161.2,6,24,25,9.275,7.475,5.6,0.936,0.936,0.3,0.0,1.5,1.75
1788455359.426,driving,10.179,7.328,161.2,0,18,19,9.275,7.475,5.7,0.916,0.916,0.3,0.0,1.5,1.75
1788455359.483,driving,10.167,7.328,161.4,0,18,19,9.275,7.475,5.6,0.904,0.904,0.3,0.0,1.5,1.72
1788455359.536,driving,10.143,7.324,162.0,1,18,19,9.275,7.475,5.0,0.881,0.881,0.3,0.0,1.5,1.72
1788455359.597,driving,10.133,7.326,162.1,1,18,19,9.275,7.475,5.1,0.87,0.87,0.3,0.0,1.5,1.69
1788455359.662,driving,10.113,7.333,162.1,1,18,19,9.275,7.475,5.1,0.85,0.85,0.3,0.0,1.5,1.69
1788455359.724,driving,10.103,7.336,162.1,1,18,19,9.275,7.475,5.2,0.84,0.84,0.3,0.0,1.5,1.67
1788455359.784,driving,10.084,7.342,162.1,2,18,19,9.275,7.475,5.3,0.82,0.82,0.3,0.0,1.5,1.67
1788455359.843,driving,10.074,7.345,162.1,2,18,19,9.275,7.475,5.4,0.81,0.81,0.3,0.0,1.5,1.64
1788455359.9,driving,10.065,7.348,162.1,2,18,19,9.275,7.475,5.5,0.8,0.8,0.3,0.0,1.5,1.64
1788455359.954,driving,10.043,7.356,161.9,3,18,19,9.275,7.475,5.8,0.777,0.777,0.3,0.0,1.5,1.61
1788455360.008,driving,10.03,7.361,161.6,3,18,19,9.275,7.475,6.1,0.764,0.764,0.3,0.0,1.5,1.61
1788455360.061,driving,10.008,7.369,161.4,3,18,19,9.275,7.475,6.4,0.741,0.741,0.3,0.0,1.5,1.58
1788455360.113,driving,9.998,7.372,161.4,4,18,19,9.275,7.475,6.5,0.731,0.731,0.3,0.0,1.5,1.58
1788455360.17,driving,9.979,7.379,161.4,4,18,19,9.275,7.475,6.6,0.711,0.711,0.3,0.0,1.5,1.55
1788455360.222,driving,9.969,7.382,161.4,4,18,19,9.275,7.475,6.7,0.701,0.701,0.3,0.0,1.5,1.55
1788455360.28,driving,9.95,7.388,161.4,5,18,19,9.275,7.475,6.8,0.681,0.681,0.3,0.0,1.5,1.53
1788455360.336,driving,9.94,7.392,161.4,5,18,19,9.275,7.475,6.9,0.671,0.671,0.3,0.0,1.5,1.53
1788455360.399,driving,9.919,7.402,161.5,5,18,19,9.275,7.475,7.0,0.648,0.648,0.3,0.0,1.5,1.5
1788455360.463,driving,9.908,7.408,161.5,0,13,14,9.275,7.475,7.1,0.636,0.636,0.3,0.0,1.5,1.5
1788455360.524,driving,9.887,7.417,161.5,1,13,14,9.275,7.475,7.2,0.615,0.615,0.3,0.0,1.5,1.47
1788455360.586,driving,9.877,7.42,161.5,1,13,14,9.275,7.475,7.4,0.605,0.605,0.3,0.0,1.5,1.47
1788455360.644,driving,9.858,7.426,161.5,1,13,14,9.275,7.475,7.5,0.585,0.585,0.3,0.0,1.5,1.45
1788455360.696,driving,9.848,7.43,161.5,2,13,14,9.275,7.475,7.7,0.575,0.575,0.3,0.0,1.5,1.45
1788455360.751,driving,9.829,7.436,161.5,2,13,14,9.275,7.475,7.9,0.555,0.555,0.3,0.0,1.5,1.42
1788455360.802,driving,9.819,7.439,161.5,2,13,14,9.275,7.475,8.0,0.545,0.545,0.3,0.0,1.5,1.42
1788455360.858,driving,9.807,7.446,161.4,2,13,14,9.275,7.475,8.4,0.533,0.533,0.3,0.0,1.5,1.39
1788455360.911,driving,9.778,7.465,160.8,3,13,14,9.275,7.475,9.2,0.503,0.503,0.3,0.0,1.5,1.39
1788455360.971,driving,9.766,7.471,160.6,3,13,14,9.275,7.475,9.6,0.491,0.491,0.3,0.0,1.5,1.37
1788455361.024,driving,9.746,7.478,160.6,4,13,14,9.275,7.475,9.9,0.471,0.471,0.3,0.0,1.5,1.37
1788455361.08,driving,9.737,7.481,160.6,4,13,14,9.275,7.475,10.1,0.462,0.462,0.3,0.0,1.5,1.34
1788455361.138,driving,9.717,7.488,160.6,4,13,14,9.275,7.475,10.4,0.443,0.443,0.3,0.0,1.5,1.34
1788455361.202,driving,9.708,7.491,160.6,4,13,14,9.275,7.475,10.7,0.433,0.433,0.3,0.0,1.5,1.31
1788455361.263,driving,9.689,7.498,160.6,5,13,14,9.275,7.475,10.9,0.414,0.414,0.3,0.0,1.5,1.31
1788455361.336,driving,9.681,7.499,160.6,5,13,14,9.275,7.475,11.2,0.407,0.407,0.3,0.0,1.5,1.29
1788455361.395,driving,9.669,7.5,160.6,5,13,14,9.275,7.475,11.5,0.395,0.395,0.296,0.0,1.5,1.29
1788455361.45,driving,9.661,7.502,160.7,0,8,9,9.275,7.475,11.8,0.386,0.386,0.29,0.0,1.5,1.26
1788455361.505,driving,9.642,7.509,160.7,1,8,9,9.275,7.475,12.1,0.368,0.368,0.276,0.0,1.5,1.26
1788455361.561,driving,9.632,7.512,160.7,1,8,9,9.275,7.475,12.4,0.359,0.359,0.269,0.0,1.5,1.24
1788455361.613,driving,9.615,7.518,160.7,1,8,9,9.275,7.475,12.8,0.343,0.343,0.257,0.0,1.5,1.24
1788455361.668,driving,9.606,7.521,160.7,1,8,9,9.275,7.475,13.1,0.334,0.334,0.251,0.0,1.5,1.21
1788455361.722,driving,9.59,7.527,160.7,2,8,9,9.275,7.475,13.5,0.319,0.319,0.239,0.0,1.5,1.21
1788455361.78,driving,9.579,7.531,160.5,2,8,9,9.275,7.475,14.1,0.309,0.309,0.232,0.0,1.5,1.19
1788455361.833,driving,9.568,7.534,160.3,2,8,9,9.275,7.475,14.7,0.299,0.299,0.224,0.0,1.5,1.19
1788455361.888,driving,9.551,7.54,160.1,2,8,9,9.275,7.475,15.3,0.283,0.283,0.22,0.0,1.5,1.17
1788455361.943,driving,9.544,7.542,160.1,3,8,9,9.275,7.475,15.8,0.277,0.277,0.22,0.0,1.5,1.17
1788455362.006,turning,9.53,7.547,160.1,3,8,9,9.275,7.475,16.2,0.265,0.265,0.0,2.4,1.5,1.15
1788455362.067,turning,9.522,7.55,160.1,3,8,9,9.275,7.475,16.8,0.259,0.259,0.0,2.4,1.5,1.15
1788455362.125,turning,9.52,7.551,161.5,3,8,9,9.275,7.475,15.9,0.257,0.257,0.0,2.4,1.5,1.13
1788455362.182,turning,9.52,7.551,162.4,3,8,9,9.275,7.475,15.5,0.257,0.257,0.0,2.4,1.5,1.13
1788455362.234,turning,9.521,7.543,164.2,3,8,9,9.275,7.475,14.1,0.256,0.256,0.0,2.4,1.5,1.13
1788455362.293,turning,9.522,7.537,165.2,3,8,9,9.275,7.475,13.5,0.255,0.255,0.0,2.4,1.5,1.13
1788455362.348,turning,9.522,7.533,166.9,3,8,9,9.275,7.475,12.1,0.254,0.254,0.0,2.4,1.5,1.13
1788455362.406,turning,9.522,7.533,167.8,3,8,9,9.275,7.475,11.6,0.254,0.254,0.0,2.4,1.5,1.13
1788455362.462,turning,9.522,7.533,169.4,3,8,9,9.275,7.475,10.4,0.254,0.254,0.0,2.4,1.5,1.14
1788455362.515,turning,9.522,7.533,170.2,0,5,6,9.275,7.475,9.9,0.254,0.254,0.0,2.4,1.5,1.14
1788455362.571,driving,9.522,7.533,171.9,0,5,6,9.275,7.475,8.5,0.254,0.254,0.22,0.0,1.5,1.13
1788455362.626,driving,9.522,7.533,172.7,0,5,6,9.275,7.475,8.0,0.254,0.254,0.22,0.0,1.5,1.13
1788455362.686,driving,9.52,7.533,172.9,0,5,6,9.275,7.475,8.1,0.252,0.252,0.22,0.0,1.5,1.14
1788455362.747,driving,9.516,7.533,172.9,0,5,6,9.275,7.475,8.4,0.248,0.248,0.22,0.0,1.5,1.14
1788455362.814,driving,9.51,7.534,172.9,0,5,6,9.275,7.475,8.8,0.243,0.243,0.22,0.0,1.5,1.13
1788455362.881,driving,9.496,7.536,172.9,1,5,6,9.275,7.475,9.1,0.229,0.229,0.22,0.0,1.5,1.13
1788455362.944,driving,9.49,7.536,172.9,1,5,6,9.275,7.475,9.4,0.224,0.224,0.22,0.0,1.5,1.11
1788455363.006,driving,9.482,7.535,172.9,1,5,6,9.275,7.475,9.8,0.215,0.215,0.22,0.0,1.5,1.11
1788455363.059,driving,9.476,7.535,172.9,1,5,6,9.275,7.475,10.1,0.209,0.209,0.22,0.0,1.5,1.09
1788455363.118,driving,9.461,7.537,172.9,1,5,6,9.275,7.475,10.5,0.196,0.196,0.22,0.0,1.5,1.09
1788455363.179,driving,9.453,7.538,172.9,1,5,6,9.275,7.475,10.9,0.189,0.189,0.22,0.0,1.5,1.07
1788455363.234,driving,9.439,7.539,172.9,2,5,6,9.275,7.475,11.4,0.176,0.176,0.22,0.0,1.5,1.07
1788455363.294,driving,9.431,7.54,172.9,2,5,6,9.275,7.475,11.8,0.169,0.169,0.22,0.0,1.5,1.05
1788455363.352,driving,9.416,7.542,172.9,2,5,6,9.275,7.475,12.3,0.157,0.157,0.22,0.0,1.5,1.05
1788455363.414,driving,9.409,7.543,172.9,2,5,6,9.275,7.475,12.9,0.15,0.15,0.22,0.0,1.5,1.02
1788455363.472,goal_approach,9.394,7.545,172.9,5,5,6,9.275,7.475,37.6,0.138,0.138,0.0,2.4,,1.02
1788455365.072,turning,9.361,7.541,-179.7,0,30,136,9.125,6.025,80.8,1.534,3.794,0.0,4.231,1.5,0.99
1788455365.157,turning,9.361,7.541,-179.7,0,30,136,9.125,6.025,80.8,1.534,3.794,0.0,4.231,1.5,0.99
1788455365.242,turning,9.361,7.541,-177.2,0,30,136,9.125,6.025,78.4,1.534,3.794,0.0,4.103,1.5,0.99
1788455365.304,turning,9.361,7.541,-177.2,0,30,136,9.125,6.025,78.4,1.534,3.794,0.0,4.103,1.5,1.0
1788455365.36,turning,9.361,7.541,-177.2,0,30,136,9.125,6.025,78.4,1.534,3.794,0.0,4.103,1.5,1.0
1788455365.421,turning,9.361,7.541,-177.2,0,30,136,9.125,6.025,78.4,1.534,3.794,0.0,4.103,1.5,1.0
1788455365.475,turning,9.361,7.541,-177.2,0,30,136,9.125,6.025,78.4,1.534,3.793,0.0,4.103,1.5,1.0
1788455365.532,turning,9.358,7.541,-177.2,0,30,136,9.125,6.025,78.4,1.534,3.79,0.0,4.103,1.5,0.99
1788455365.584,turning,9.348,7.54,-177.2,0,30,136,9.125,6.025,78.4,1.532,3.781,0.0,4.103,1.5,0.99
1788455365.641,turning,9.341,7.54,-177.2,0,30,136,9.125,6.025,78.4,1.531,3.774,0.0,4.103,1.5,0.98
1788455365.693,turning,9.328,7.539,-177.2,0,30,136,9.125,6.025,78.4,1.528,3.76,0.0,4.103,1.5,0.98
1788455365.749,turning,9.321,7.539,-177.2,0,30,136,9.125,6.025,78.5,1.527,3.753,0.0,4.103,1.5,0.96
1788455365.802,turning,9.307,7.538,-177.2,0,30,136,9.125,6.025,78.5,1.524,3.74,0.0,4.103,1.5,0.96
1788455365.86,turning,9.301,7.538,-177.2,0,30,136,9.125,6.025,78.6,1.523,3.733,0.0,4.103,1.5,0.95
1788455365.919,turning,9.294,7.538,-177.2,0,30,136,9.125,6.025,78.6,1.522,3.726,0.0,4.103,1.5,0.95
1788455365.985,turning,9.28,7.537,-177.2,0,30,136,9.125,6.025,78.7,1.52,3.713,0.0,4.103,1.5,0.93
1788455366.046,turning,9.274,7.537,-177.2,0,30,136,9.125,6.025,78.8,1.519,3.706,0.0,4.103,1.5,0.93
1788455366.105,turning,9.26,7.536,-177.2,0,30,136,9.125,6.025,78.8,1.517,3.693,0.0,4.103,1.5,0.91
1788455366.162,turning,9.253,7.536,-177.2,0,30,136,9.125,6.025,78.9,1.516,3.686,0.0,4.103,1.5,0.91
1788455366.217,turning,9.24,7.535,-177.2,0,30,136,9.125,6.025,79.0,1.515,3.672,0.0,4.103,1.5,0.89
1788455366.272,turning,9.233,7.535,-177.2,0,30,136,9.125,6.025,79.1,1.514,3.666,0.0,4.103,1.5,0.89
1788455366.324,turning,9.219,7.534,-177.2,0,30,136,9.125,6.025,79.2,1.512,3.652,0.0,4.103,1.5,0.87
1788455366.379,turning,9.212,7.534,-177.2,0,30,136,9.125,6.025,79.4,1.511,3.645,0.0,4.103,1.5,0.87
1788455366.433,turning,9.199,7.533,-177.2,0,30,136,9.125,6.025,79.5,1.51,3.632,0.0,4.103,1.5,0.85
1788455366.489,turning,9.192,7.533,-177.2,0,30,136,9.125,6.025,79.6,1.509,3.625,0.0,4.103,1.5,0.85
1788455366.542,turning,9.178,7.532,-177.2,0,30,136,9.125,6.025,79.7,1.508,3.612,0.0,4.103,1.5,0.83
1788455366.596,turning,9.172,7.532,-177.2,0,30,136,9.125,6.025,79.9,1.508,3.605,0.0,4.103,1.5,0.83
1788455366.658,turning,9.143,7.529,-176.5,1,31,136,9.125,5.975,79.3,1.555,3.576,0.0,4.064,1.5,0.82
1788455366.723,turning,9.123,7.527,-175.9,1,31,136,9.125,5.975,78.9,1.552,3.557,0.0,4.036,1.5,0.82
1788455366.786,turning,9.102,7.525,-175.6,1,31,136,9.125,5.975,78.8,1.55,3.536,0.0,4.019,1.5,0.8
1788455366.851,turning,9.095,7.524,-175.6,1,31,136,9.125,5.975,79.0,1.549,3.529,0.0,4.019,1.5,0.8
1788455366.913,turning,9.093,7.524,-174.9,1,31,136,9.125,5.975,78.5,1.549,3.527,0.0,3.983,1.5,0.78
1788455366.969,turning,9.093,7.524,-172.7,1,31,136,9.125,5.975,76.4,1.549,3.527,0.0,3.864,1.5,0.78
1788455367.022,turning,9.093,7.524,-171.5,1,31,136,9.125,5.975,75.5,1.549,3.527,0.0,3.805,1.5,0.78
1788455367.078,turning,9.093,7.524,-169.5,0,30,135,9.125,6.025,73.6,1.499,3.527,0.0,3.696,1.5,0.78
1788455367.136,turning,9.093,7.524,-168.4,0,30,135,9.125,6.025,72.8,1.499,3.527,0.0,3.644,1.5,0.78
1788455367.189,turning,9.093,7.524,-166.6,0,30,135,9.125,6.025,71.1,1.499,3.527,0.0,3.547,1.5,0.78
1788455367.244,turning,9.093,7.524,-165.7,0,30,135,9.125,6.025,70.3,1.499,3.527,0.0,3.5,1.5,0.78
1788455367.303,turning,9.093,7.524,-164.1,0,30,135,9.125,6.025,68.9,1.499,3.527,0.0,3.414,1.5,0.78
1788455367.36,turning,9.094,7.525,-163.3,0,30,135,9.125,6.025,68.3,1.5,3.527,0.0,3.376,1.5,0.78
1788455367.42,turning,9.094,7.526,-162.1,0,30,135,9.125,6.025,67.2,1.502,3.527,0.0,3.312,1.5,0.78
1788455367.484,turning,9.094,7.526,-161.4,0,30,135,9.125,6.025,66.7,1.502,3.527,0.0,3.277,1.5,0.78
1788455367.549,turning,9.094,7.526,-160.1,0,30,135,9.125,6.025,65.5,1.502,3.527,0.0,3.208,1.5,0.78
1788455367.614,turning,9.093,7.523,-159.4,0,30,135,9.125,6.025,65.0,1.499,3.527,0.0,3.171,1.5,0.79
1788455367.674,turning,9.091,7.516,-158.1,0,30,135,9.125,6.025,63.8,1.492,3.526,0.0,3.102,1.5,0.79
1788455367.729,turning,9.091,7.516,-157.5,0,30,135,9.125,6.025,63.4,1.491,3.526,0.0,3.072,1.5,0.79
1788455367.783,turning,9.091,7.516,-156.5,0,30,135,9.125,6.025,62.5,1.491,3.526,0.0,3.019,1.5,0.79
1788455367.838,turning,9.091,7.516,-156.0,0,30,135,9.125,6.025,62.1,1.491,3.526,0.0,2.993,1.5,0.79
1788455367.893,turning,9.091,7.516,-155.6,0,30,135,9.125,6.025,61.8,1.491,3.526,0.0,2.968,1.5,0.79
1788455367.948,turning,9.093,7.516,-155.0,0,30,135,9.125,6.025,61.4,1.491,3.528,0.0,2.941,1.5,0.79
1788455368.002,turning,9.095,7.515,-155.0,0,30,135,9.125,6.025,61.4,1.49,3.53,0.0,2.937,1.5,0.79
1788455368.056,turning,9.097,7.514,-154.5,0,30,135,9.125,6.025,61.1,1.49,3.531,0.0,2.912,1.5,0.79
1788455368.114,turning,9.097,7.514,-154.1,0,30,136,9.125,6.025,60.8,1.49,3.531,0.0,2.891,1.5,0.79
1788455368.173,turning,9.097,7.514,-153.3,0,30,136,9.125,6.025,60.1,1.49,3.531,0.0,2.852,1.5,0.79
1788455368.231,turning,9.097,7.514,-153.0,0,30,136,9.125,6.025,59.9,1.49,3.531,0.0,2.833,1.5,0.79
1788455368.301,turning,9.097,7.514,-152.3,0,30,136,9.125,6.025,59.3,1.49,3.531,0.0,2.797,1.5,0.79
1788455368.361,turning,9.097,7.514,-152.0,0,30,136,9.125,6.025,59.1,1.49,3.531,0.0,2.78,1.5,0.79
1788455368.423,turning,9.096,7.517,-152.0,0,30,136,9.125,6.025,59.2,1.492,3.53,0.0,2.781,1.5,0.79
1788455368.48,turning,9.095,7.518,-152.2,0,30,136,9.125,6.025,59.5,1.494,3.529,0.0,2.792,1.5,0.79
1788455368.535,turning,9.093,7.519,-151.9,0,30,136,9.125,6.025,59.4,1.494,3.528,0.0,2.78,1.5,0.79
1788455368.588,turning,9.093,7.519,-151.7,0,30,136,9.125,6.025,59.2,1.494,3.528,0.0,2.764,1.5,0.79
1788455368.641,turning,9.093,7.519,-151.1,0,30,136,9.125,6.025,58.7,1.494,3.528,0.0,2.734,1.5,0.79
1788455368.696,turning,9.093,7.519,-150.8,0,30,136,9.125,6.025,58.5,1.494,3.528,0.0,2.72,1.5,0.79
1788455368.749,turning,9.093,7.519,-150.3,0,30,136,9.125,6.025,58.1,1.494,3.528,0.0,2.693,1.5,0.79
1788455368.804,turning,9.093,7.519,-150.1,0,30,136,9.125,6.025,57.9,1.494,3.528,0.0,2.68,1.5,0.79
1788455368.859,turning,9.093,7.519,-149.8,0,30,136,9.125,6.025,57.8,1.494,3.528,0.0,2.668,1.5,0.79
1788455368.913,turning,9.093,7.519,-149.4,0,30,136,9.125,6.025,57.4,1.494,3.528,0.0,2.645,1.5,0.79
1788455368.969,turning,9.093,7.519,-149.2,0,30,136,9.125,6.025,57.3,1.494,3.527,0.0,2.634,1.5,0.79
1788455369.025,turning,9.087,7.516,-148.8,0,30,136,9.125,6.025,57.0,1.491,3.522,0.0,2.614,1.5,0.79
1788455369.088,turning,9.084,7.513,-148.7,0,30,136,9.125,6.025,57.0,1.489,3.519,0.0,2.611,1.5,0.78
1788455369.146,turning,9.076,7.508,-148.8,0,30,135,9.125,6.025,57.2,1.483,3.511,0.0,2.615,1.5,0.78
1788455369.213,turning,9.071,7.504,-148.7,0,30,135,9.125,6.025,57.2,1.48,3.506,0.0,2.611,1.5,0.76
1788455369.265,turning,9.059,7.497,-148.4,0,30,135,9.125,6.025,56.9,1.474,3.495,0.0,2.593,1.5,0.76
1788455369.321,turning,9.053,7.494,-148.2,1,31,135,9.125,5.975,56.9,1.52,3.49,0.0,2.584,1.5,0.74
1788455369.374,turning,9.053,7.493,-151.2,1,31,135,9.125,5.975,59.9,1.52,3.489,0.0,2.74,1.5,0.74
1788455369.428,turning,9.053,7.493,-152.8,1,31,135,9.125,5.975,61.6,1.52,3.489,0.0,2.824,1.5,0.73
1788455369.485,turning,9.053,7.493,-156.0,1,31,135,9.125,5.975,64.9,1.52,3.489,0.0,2.991,1.5,0.73
1788455369.538,turning,9.053,7.493,-157.6,1,31,135,9.125,5.975,66.6,1.52,3.489,0.0,3.074,1.5,0.73
1788455369.594,turning,9.053,7.493,-160.8,1,31,135,9.125,5.975,69.9,1.52,3.489,0.0,3.241,1.5,0.73
1788455369.648,turning,9.053,7.493,-162.4,1,31,135,9.125,5.975,71.6,1.52,3.489,0.0,3.325,1.5,0.73
1788455369.701,turning,9.053,7.493,-165.6,1,31,135,9.125,5.975,74.9,1.52,3.489,0.0,3.492,1.5,0.73
1788455369.76,turning,9.053,7.493,-167.1,1,31,135,9.125,5.975,76.5,1.52,3.489,0.0,3.575,1.5,0.73
1788455369.819,turning,9.053,7.493,-168.7,1,31,135,9.125,5.975,78.2,1.52,3.489,0.0,3.659,1.5,0.73
1788455369.884,turning,9.053,7.493,-171.9,1,31,135,9.125,5.975,81.5,1.52,3.489,0.0,3.826,1.5,0.72
1788455369.947,turning,9.053,7.493,-173.5,1,31,135,9.125,5.975,83.2,1.52,3.489,0.0,3.91,1.5,0.72
1788455370.012,turning,9.053,7.493,-176.7,1,31,135,9.125,5.975,86.4,1.52,3.489,0.0,4.077,1.5,0.72
1788455370.068,turning,9.053,7.493,-178.3,1,31,135,9.125,5.975,88.1,1.52,3.489,0.0,4.16,1.5,0.72
1788455370.122,turning,9.042,7.491,178.7,1,31,135,9.125,5.975,91.1,1.519,3.478,0.0,4.315,1.5,0.72
1788455370.177,turning,9.032,7.49,177.4,0,30,133,9.125,5.975,92.6,1.518,3.468,0.0,4.386,1.5,0.72
1788455370.231,turning,9.023,7.489,174.8,0,30,133,9.125,5.975,95.2,1.517,3.46,0.0,4.5,1.5,0.72
1788455370.284,turning,9.023,7.489,173.5,0,30,133,9.125,5.975,96.6,1.517,3.46,0.0,4.5,1.5,0.72
1788455370.34,turning,9.031,7.488,171.3,0,30,133,9.125,5.975,98.9,1.516,3.468,0.0,4.5,1.5,0.71
1788455370.394,turning,9.036,7.488,170.2,0,30,133,9.125,5.975,100.1,1.515,3.473,0.0,4.5,1.5,0.71
1788455370.449,turning,9.041,7.487,168.2,0,30,133,9.125,5.975,102.2,1.515,3.477,0.0,4.5,1.5,0.71
1788455370.506,turning,9.041,7.487,167.2,0,30,133,9.125,5.975,103.2,1.515,3.477,0.0,4.5,1.5,0.71
1788455370.565,turning,9.03,7.483,165.3,0,30,133,9.125,5.975,105.2,1.511,3.468,0.0,4.5,1.5,0.71
1788455370.625,turning,9.023,7.479,164.4,0,30,133,9.125,5.975,106.2,1.508,3.46,0.0,4.5,1.5,0.71
1788455370.686,turning,9.018,7.477,162.8,0,30,133,9.125,5.975,107.9,1.506,3.456,0.0,4.5,1.5,0.71
1788455370.745,turning,9.018,7.477,162.0,0,30,133,9.125,5.975,108.7,1.506,3.456,0.0,4.5,1.5,0.71
1788455370.806,turning,9.017,7.477,161.3,0,30,133,9.125,5.975,109.5,1.506,3.455,0.0,4.5,1.5,0.71
1788455370.86,turning,9.012,7.479,160.2,0,30,133,9.125,5.975,110.8,1.508,3.45,0.0,4.5,1.5,0.71
1788455370.915,turning,9.011,7.479,159.6,0,30,133,9.125,5.975,111.5,1.509,3.449,0.0,4.5,1.5,0.7
1788455370.968,turning,9.011,7.479,158.3,0,30,133,9.125,5.975,112.8,1.509,3.449,0.0,4.5,1.5,0.7
1788455371.022,turning,9.013,7.48,157.7,0,30,133,9.125,5.975,113.5,1.509,3.451,0.0,4.5,1.5,0.74
1788455371.079,turning,9.021,7.482,156.5,0,30,133,9.125,5.975,114.8,1.511,3.458,0.0,4.5,1.5,0.74
1788455371.137,turning,9.022,7.483,156.0,0,30,133,9.125,5.975,115.4,1.511,3.459,0.0,4.5,1.5,0.75
1788455371.193,turning,9.022,7.483,155.0,0,30,135,9.125,5.975,116.4,1.511,3.459,0.0,4.5,1.5,0.75
1788455371.251,turning,9.022,7.483,154.6,0,30,135,9.125,5.975,116.9,1.511,3.459,0.0,4.5,1.5,0.75
1788455371.307,turning,9.022,7.483,153.7,0,30,135,9.125,5.975,117.8,1.511,3.459,0.0,4.5,1.5,0.75
1788455371.368,turning,9.02,7.484,153.6,0,30,135,9.125,5.975,118.0,1.513,3.457,0.0,4.5,1.5,0.75
1788455371.425,turning,9.014,7.488,153.4,0,30,135,9.125,5.975,118.2,1.517,3.451,0.0,4.5,1.5,0.75
1788455371.486,turning,9.014,7.488,153.1,0,30,135,9.125,5.975,118.6,1.517,3.451,0.0,4.5,1.5,0.74
1788455371.546,turning,9.014,7.488,152.4,0,30,135,9.125,5.975,119.4,1.517,3.451,0.0,4.5,1.5,0.74
1788455371.606,turning,9.014,7.488,152.1,0,30,135,9.125,5.975,119.8,1.517,3.451,0.0,4.5,1.5,0.74
1788455371.658,turning,9.014,7.488,151.4,0,30,135,9.125,5.975,120.5,1.517,3.451,0.0,4.5,1.5,0.74
1788455371.712,turning,9.014,7.488,151.1,0,30,135,9.125,5.975,120.8,1.517,3.451,0.0,4.5,1.5,0.75
1788455371.77,turning,9.014,7.488,150.8,0,30,135,9.125,5.975,121.2,1.517,3.451,0.0,4.5,1.5,0.75
1788455371.826,turning,9.017,7.487,150.3,0,30,135,9.125,5.975,121.8,1.516,3.454,0.0,4.5,1.5,0.75
1788455371.879,turning,9.021,7.486,150.0,0,30,135,9.125,5.975,122.1,1.515,3.458,0.0,4.5,1.5,0.75
1788455371.932,turning,9.024,7.485,149.5,0,30,135,9.125,5.975,122.6,1.514,3.461,0.0,4.5,1.5,0.75
1788455371.986,turning,9.022,7.486,149.3,0,30,135,9.125,5.975,122.9,1.515,3.459,0.0,4.5,1.5,0.75
1788455372.041,turning,9.014,7.491,148.9,0,30,135,9.125,5.975,123.4,1.52,3.451,0.0,4.5,1.5,0.74
1788455372.097,turning,9.008,7.495,148.7,0,30,135,9.125,5.975,123.6,1.524,3.445,0.0,4.5,1.5,0.74
1788455372.159,turning,8.997,7.502,148.3,0,30,135,9.125,5.975,124.0,1.532,3.433,0.0,4.5,1.5,0.72
1788455372.223,turning,8.991,7.505,148.1,0,30,135,9.125,6.025,124.3,1.487,3.427,0.0,4.5,1.5,0.72
1788455372.286,turning,8.991,7.506,151.1,0,30,135,9.125,6.025,121.4,1.487,3.426,0.0,4.5,1.5,0.7
1788455372.35,turning,8.991,7.506,152.6,0,30,135,9.125,6.025,120.0,1.487,3.426,0.0,4.5,1.5,0.7
1788455372.41,turning,8.991,7.506,155.6,0,30,135,9.125,6.025,117.0,1.487,3.426,0.0,4.5,1.5,0.71
1788455372.468,turning,8.991,7.506,157.1,0,30,135,9.125,6.025,115.5,1.487,3.426,0.0,4.5,1.5,0.71
1788455372.524,turning,8.991,7.506,160.2,0,30,135,9.125,6.025,112.6,1.487,3.426,0.0,4.5,1.5,0.71
1788455372.574,turning,8.991,7.506,161.7,0,30,135,9.125,6.025,111.1,1.487,3.426,0.0,4.5,1.5,0.71
1788455372.626,turning,8.991,7.507,164.6,0,30,135,9.125,6.025,108.2,1.488,3.426,0.0,4.5,1.5,0.66
1788455372.681,turning,8.99,7.508,166.0,0,30,135,9.125,6.025,106.9,1.489,3.426,0.0,4.5,1.5,0.66
1788455372.733,turning,8.99,7.508,167.5,0,30,135,9.125,6.025,105.5,1.489,3.426,0.0,4.5,1.5,0.66
1788455372.791,turning,8.99,7.508,170.5,0,30,135,9.125,6.025,102.5,1.489,3.426,0.0,4.5,1.5,0.66
1788455372.846,turning,8.99,7.508,172.1,0,30,135,9.125,6.025,101.0,1.489,3.426,0.0,4.5,1.5,0.66
1788455372.906,turning,8.99,7.508,175.1,0,30,135,9.125,6.025,98.0,1.489,3.426,0.0,4.5,1.5,0.66
1788455372.968,turning,8.989,7.509,176.7,0,30,135,9.125,6.025,96.4,1.49,3.424,0.0,4.419,1.5,0.66
1788455373.034,turning,8.984,7.51,-179.9,0,30,135,9.125,6.025,93.1,1.492,3.42,0.0,4.242,1.5,0.66
1788455373.1,turning,8.984,7.511,-178.4,0,30,135,9.125,6.025,91.7,1.492,3.419,0.0,4.162,1.5,0.66
1788455373.155,turning,8.984,7.511,-175.8,0,30,135,9.125,6.025,89.1,1.492,3.419,0.0,4.026,1.5,0.66
1788455373.208,turning,8.981,7.509,-174.6,0,30,135,9.125,6.025,88.0,1.491,3.417,0.0,3.964,1.5,0.66
1788455373.266,turning,8.975,7.505,-172.5,0,30,135,9.125,6.025,85.9,1.488,3.41,0.0,3.854,1.5,0.66
1788455373.321,turning,8.974,7.505,-171.4,0,30,135,9.125,6.025,84.9,1.487,3.41,0.0,3.797,1.5,0.66
1788455373.38,turning,8.974,7.505,-169.3,0,30,135,9.125,6.025,82.9,1.487,3.41,0.0,3.688,1.5,0.66
1788455373.437,turning,8.98,7.506,-168.3,0,30,135,9.125,6.025,81.9,1.489,3.416,0.0,3.636,1.5,0.67
1788455373.498,turning,8.995,7.511,-166.5,0,30,135,9.125,6.025,80.1,1.491,3.43,0.0,3.54,1.5,0.67
1788455373.557,turning,8.996,7.511,-165.6,0,30,135,9.125,6.025,79.3,1.491,3.431,0.0,3.494,1.5,0.66
1788455373.612,turning,8.996,7.511,-164.0,0,30,135,9.125,6.025,77.7,1.491,3.431,0.0,3.408,1.5,0.66
1788455373.675,turning,8.991,7.511,-163.3,0,30,135,9.125,6.025,77.0,1.492,3.427,0.0,3.373,1.5,0.67
1788455373.739,turning,8.986,7.512,-162.7,0,30,135,9.125,6.025,76.5,1.493,3.422,0.0,3.342,1.5,0.67
1788455373.809,turning,8.981,7.512,-161.4,0,30,135,9.125,6.025,75.2,1.494,3.416,0.0,3.275,1.5,0.67
1788455373.876,turning,8.981,7.512,-160.7,0,30,135,9.125,6.025,74.6,1.494,3.416,0.0,3.239,1.5,0.67
1788455373.937,turning,8.987,7.513,-159.3,0,30,135,9.125,6.025,73.2,1.495,3.422,0.0,3.166,1.5,0.67
1788455373.999,turning,8.993,7.514,-158.6,0,30,135,9.125,6.025,72.5,1.495,3.428,0.0,3.127,1.5,0.67
1788455374.056,turning,8.998,7.515,-157.4,0,30,135,9.125,6.025,71.3,1.496,3.433,0.0,3.063,1.5,0.67
1788455374.112,turning,8.998,7.515,-156.8,0,30,135,9.125,6.025,70.8,1.496,3.433,0.0,3.035,1.5,0.67
1788455374.174,turning,8.998,7.515,-155.9,0,30,135,9.125,6.025,69.9,1.496,3.433,0.0,2.984,1.5,0.67
1788455374.232,turning,8.998,7.515,-155.4,0,30,135,9.125,6.025,69.4,1.496,3.433,0.0,2.96,1.5,0.67
1788455374.304,turning,9.001,7.516,-155.0,0,30,134,9.125,6.025,69.0,1.496,3.436,0.0,2.939,1.5,0.67
1788455374.358,turning,9.004,7.516,-154.9,0,30,134,9.125,6.025,69.0,1.496,3.439,0.0,2.936,1.5,0.67
1788455374.413,turning,9.005,7.517,-154.4,0,30,134,9.125,6.025,68.5,1.496,3.44,0.0,2.908,1.5,0.67
1788455374.471,turning,9.005,7.517,-154.0,0,30,134,9.125,6.025,68.1,1.496,3.44,0.0,2.887,1.5,0.67
1788455374.528,turning,9.005,7.517,-153.3,0,30,134,9.125,6.025,67.4,1.496,3.44,0.0,2.848,1.5,0.67
1788455374.588,turning,9.005,7.517,-152.9,0,30,134,9.125,6.025,67.0,1.496,3.44,0.0,2.829,1.5,0.67
1788455374.649,turning,9.005,7.517,-152.2,0,30,134,9.125,6.025,66.3,1.496,3.44,0.0,2.794,1.5,0.67
1788455374.709,turning,9.005,7.517,-151.9,0,30,134,9.125,6.025,66.0,1.496,3.44,0.0,2.777,1.5,0.67
1788455374.764,turning,9.008,7.517,-151.6,0,30,134,9.125,6.025,65.8,1.496,3.443,0.0,2.763,1.5,0.68
1788455374.815,turning,9.022,7.518,-151.2,1,31,134,9.125,5.975,65.3,1.547,3.457,0.0,2.739,1.5,0.68
1788455374.872,turning,9.025,7.519,-150.9,1,31,134,9.125,5.975,65.0,1.547,3.46,0.0,2.725,1.5,0.68
1788455374.927,turning,9.025,7.519,-150.4,1,31,134,9.125,5.975,64.5,1.547,3.46,0.0,2.699,1.5,0.68
1788455374.991,turning,9.025,7.519,-150.2,1,31,134,9.125,5.975,64.3,1.547,3.46,0.0,2.685,1.5,0.68
1788455375.047,turning,9.025,7.519,-149.7,1,31,134,9.125,5.975,63.8,1.547,3.46,0.0,2.661,1.5,0.68
1788455375.108,turning,9.025,7.519,-149.5,1,31,134,9.125,5.975,63.6,1.547,3.46,0.0,2.65,1.5,0.68
1788455375.166,turning,9.023,7.517,-149.1,1,31,134,9.125,5.975,63.1,1.546,3.457,0.0,2.629,1.5,0.68
1788455375.222,turning,9.019,7.515,-148.9,1,31,134,9.125,5.975,62.9,1.544,3.454,0.0,2.618,1.5,0.68
1788455375.291,turning,9.008,7.509,-148.5,0,30,134,9.125,6.025,62.6,1.488,3.444,0.0,2.599,1.5,0.68
1788455375.362,turning,9.003,7.505,-148.3,0,30,134,9.125,6.025,62.4,1.485,3.438,0.0,2.59,1.5,0.66
1788455375.426,turning,8.991,7.498,-148.0,1,31,134,9.125,5.975,62.1,1.529,3.427,0.0,2.574,1.5,0.66
1788455375.495,turning,8.986,7.492,-147.9,1,31,134,9.125,5.975,62.1,1.524,3.422,0.0,2.57,1.5,0.64
1788455375.546,turning,8.984,7.487,-150.8,1,31,134,9.125,5.975,65.0,1.518,3.421,0.0,2.718,1.5,0.64
1788455375.6,turning,8.984,7.486,-152.4,1,31,134,9.125,5.975,66.6,1.518,3.421,0.0,2.803,1.5,0.63
1788455375.655,turning,8.984,7.486,-155.6,1,31,134,9.125,5.975,69.8,1.518,3.421,0.0,2.97,1.5,0.63
1788455375.713,turning,8.984,7.486,-157.2,1,31,134,9.125,5.975,71.4,1.518,3.421,0.0,3.053,1.5,0.63
1788455375.779,turning,8.984,7.486,-158.8,1,31,134,9.125,5.975,73.1,1.518,3.421,0.0,3.137,1.5,0.63
1788455375.84,turning,8.984,7.486,-162.0,1,31,134,9.125,5.975,76.3,1.518,3.421,0.0,3.304,1.5,0.62
1788455375.893,turning,8.984,7.486,-163.6,1,31,134,9.125,5.975,77.9,1.518,3.421,0.0,3.387,1.5,0.62
1788455375.951,turning,8.984,7.486,-166.7,1,31,134,9.125,5.975,81.1,1.518,3.421,0.0,3.554,1.5,0.62
1788455376.001,turning,8.984,7.486,-168.3,1,31,134,9.125,5.975,82.7,1.518,3.421,0.0,3.638,1.5,0.62
1788455376.059,turning,8.984,7.486,-171.5,1,31,134,9.125,5.975,85.9,1.518,3.421,0.0,3.805,1.5,0.62
1788455376.123,turning,8.984,7.486,-173.1,1,31,134,9.125,5.975,87.6,1.518,3.421,0.0,3.889,1.5,0.62
1788455376.185,turning,8.984,7.486,-176.3,1,31,134,9.125,5.975,90.8,1.518,3.421,0.0,4.056,1.5,0.62
1788455376.245,turning,8.984,7.486,-177.9,1,31,134,9.125,5.975,92.4,1.518,3.421,0.0,4.139,1.5,0.62
1788455376.307,turning,8.983,7.485,178.9,0,29,135,9.125,6.025,95.6,1.467,3.42,0.0,4.308,1.5,0.61
1788455376.361,turning,8.982,7.484,177.2,0,29,135,9.125,6.025,97.3,1.466,3.42,0.0,4.393,1.5,0.61
1788455376.416,turning,8.982,7.483,174.5,0,29,135,9.125,6.025,100.1,1.465,3.419,0.0,4.5,1.5,0.61
1788455376.468,turning,8.982,7.483,173.2,0,29,135,9.125,6.025,101.4,1.465,3.419,0.0,4.5,1.5,0.61
1788455376.525,turning,8.984,7.484,171.0,0,29,135,9.125,6.025,103.6,1.466,3.422,0.0,4.5,1.5,0.61
1788455376.576,turning,8.986,7.484,169.9,0,29,135,9.125,6.025,104.7,1.466,3.423,0.0,4.5,1.5,0.61
1788455376.633,turning,8.987,7.485,167.9,0,29,135,9.125,6.025,106.8,1.466,3.424,0.0,4.5,1.5,0.61
1788455376.687,turning,8.987,7.485,166.9,0,29,135,9.125,6.025,107.8,1.466,3.424,0.0,4.5,1.5,0.61
1788455376.743,turning,8.987,7.485,166.0,0,29,135,9.125,6.025,108.7,1.467,3.425,0.0,4.5,1.5,0.6
1788455376.799,turning,8.989,7.487,164.4,0,29,135,9.125,6.025,110.3,1.469,3.426,0.0,4.5,1.5,0.6
1788455376.861,turning,8.989,7.488,163.6,0,29,135,9.125,6.025,111.1,1.469,3.426,0.0,4.5,1.5,0.6
1788455376.918,turning,8.989,7.488,162.0,0,29,135,9.125,6.025,112.7,1.469,3.426,0.0,4.5,1.5,0.6
1788455376.982,turning,8.988,7.486,161.1,0,29,135,9.125,6.025,113.6,1.467,3.426,0.0,4.5,1.5,0.6
1788455377.04,turning,8.985,7.48,159.4,0,29,135,9.125,6.025,115.4,1.462,3.423,0.0,4.5,1.5,0.6
1788455377.099,turning,8.984,7.479,158.6,0,29,135,9.125,6.025,116.1,1.46,3.422,0.0,4.5,1.5,0.6
1788455377.153,turning,8.984,7.479,157.5,0,29,135,9.125,6.025,117.3,1.46,3.422,0.0,4.5,1.5,0.6
1788455377.206,turning,8.978,7.478,157.1,0,29,135,9.125,6.025,117.8,1.46,3.416,0.0,4.5,1.5,0.6
1788455377.264,turning,8.962,7.476,156.5,0,29,135,9.125,6.025,118.4,1.46,3.4,0.0,4.5,1.5,0.6
1788455377.319,turning,8.96,7.475,156.0,0,29,131,9.125,6.025,118.9,1.46,3.398,0.0,4.5,1.5,0.59
1788455377.375,turning,8.974,7.469,155.9,0,29,131,9.125,6.025,119.0,1.452,3.413,0.0,4.5,1.5,0.59
1788455377.428,turning,8.982,7.466,155.9,0,29,131,9.125,6.025,119.0,1.448,3.421,0.0,4.5,1.5,0.6
1788455377.482,turning,8.997,7.459,155.9,0,29,131,9.125,6.025,119.0,1.439,3.437,0.0,4.5,1.5,0.6
1788455377.534,turning,9.001,7.452,156.0,0,29,131,9.125,6.025,118.9,1.432,3.441,0.0,4.5,1.5,0.62
1788455377.592,turning,9.006,7.437,156.3,1,31,131,9.125,5.925,118.7,1.516,3.448,0.0,4.5,1.5,0.62
1788455377.651,turning,9.014,7.433,156.3,1,31,131,9.125,5.925,118.7,1.512,3.456,0.0,4.5,1.5,0.64
1788455377.713,turning,9.021,7.43,156.3,1,31,131,9.125,5.925,118.6,1.508,3.464,0.0,4.5,1.5,0.64
1788455377.776,turning,9.037,7.423,156.3,1,31,131,9.125,5.925,118.6,1.5,3.48,0.0,4.5,1.5,0.66
1788455377.835,turning,9.045,7.419,156.3,1,31,131,9.125,5.925,118.5,1.497,3.488,0.0,4.5,1.5,0.66
1788455377.894,turning,9.06,7.413,156.3,1,31,131,9.125,5.925,118.5,1.489,3.504,0.0,4.5,1.5,0.69
1788455377.944,turning,9.068,7.409,156.3,2,32,131,9.125,5.875,118.4,1.535,3.512,0.0,4.5,1.5,0.69
1788455378.001,turning,9.084,7.402,156.3,2,32,131,9.125,5.875,118.3,1.528,3.528,0.0,4.5,1.5,0.71
1788455378.057,turning,9.091,7.399,156.3,2,32,131,9.125,5.875,118.3,1.524,3.536,0.0,4.5,1.5,0.71
1788455378.115,turning,9.107,7.392,156.3,2,32,131,9.125,5.875,118.2,1.517,3.553,0.0,4.5,1.5,0.73
1788455378.17,turning,9.115,7.389,156.3,2,32,131,9.125,5.875,118.1,1.514,3.561,0.0,4.5,1.5,0.73
1788455378.227,turning,9.13,7.382,156.3,2,32,131,9.125,5.875,118.0,1.507,3.577,0.0,4.5,1.5,0.75
1788455378.282,turning,9.138,7.378,156.3,3,33,131,9.125,5.825,117.8,1.553,3.585,0.0,4.5,1.5,0.75
1788455378.341,turning,9.152,7.364,156.8,0,30,131,9.133,5.876,117.2,1.489,3.601,0.0,4.5,1.5,0.77
1788455378.342,turning,9.152,7.364,156.8,0,30,131,9.133,5.876,117.1,1.489,3.601,0.0,4.5,1.5,0.77
1788455378.463,turning,9.173,7.344,157.4,1,31,131,9.132,5.826,116.4,1.519,3.623,0.0,4.5,1.5,0.8
1788455378.523,turning,9.18,7.341,157.4,1,31,131,9.132,5.826,116.2,1.516,3.631,0.0,4.5,1.5,0.8
1788455378.586,turning,9.196,7.334,157.4,1,31,131,9.132,5.826,116.1,1.51,3.648,0.0,4.5,1.5,0.82
1788455378.641,turning,9.204,7.331,157.4,1,31,131,9.132,5.826,115.9,1.507,3.656,0.0,4.5,1.5,0.82
1788455378.697,turning,9.212,7.328,157.4,1,31,131,9.132,5.826,115.8,1.504,3.664,0.0,4.5,1.5,0.84
1788455378.747,turning,9.228,7.321,157.4,1,31,131,9.132,5.826,115.6,1.499,3.681,0.0,4.5,1.5,0.84
1788455378.802,turning,9.235,7.318,157.4,1,31,131,9.132,5.826,115.4,1.496,3.689,0.0,4.5,1.5,0.87
1788455378.854,turning,9.248,7.313,157.4,1,31,131,9.132,5.826,115.2,1.492,3.702,0.0,4.5,1.5,0.87
1788455378.911,turning,9.254,7.309,156.5,1,31,131,9.132,5.826,115.9,1.488,3.708,0.0,4.5,1.5,0.88
1788455378.966,turning,9.249,7.289,153.7,2,32,131,9.131,5.776,118.6,1.518,3.706,0.0,4.5,1.5,0.88
1788455379.021,turning,9.244,7.285,153.1,2,32,131,9.131,5.776,119.0,1.514,3.702,0.0,4.5,1.5,0.89
1788455379.074,turning,9.238,7.288,153.1,2,32,131,9.131,5.776,118.8,1.516,3.695,0.0,4.5,1.5,0.89
1788455379.129,turning,9.232,7.291,153.1,2,32,131,9.131,5.776,118.7,1.519,3.689,0.0,4.5,1.5,0.88
1788455379.186,turning,9.22,7.297,153.1,2,32,131,9.131,5.776,118.5,1.524,3.676,0.0,4.5,1.5,0.88
1788455379.248,turning,9.214,7.3,153.1,1,31,131,9.132,5.826,118.4,1.477,3.67,0.0,4.5,1.5,0.86
1788455379.317,turning,9.202,7.306,153.1,1,31,131,9.132,5.826,118.3,1.482,3.657,0.0,4.5,1.5,0.86
1788455379.381,turning,9.196,7.309,153.1,0,30,126,9.125,5.825,118.2,1.486,3.651,0.0,4.5,1.5,0.84
1788455379.437,turning,9.184,7.316,153.1,0,30,126,9.125,5.825,118.1,1.492,3.638,0.0,4.5,1.5,0.84
1788455379.492,turning,9.178,7.319,153.1,0,30,126,9.125,5.825,118.0,1.495,3.631,0.0,4.5,1.5,0.83
1788455379.545,turning,9.166,7.325,153.1,0,30,126,9.125,5.825,118.0,1.5,3.619,0.0,4.5,1.5,0.83
1788455379.602,turning,9.159,7.328,153.1,0,30,126,9.125,5.825,117.9,1.503,3.612,0.0,4.5,1.5,0.81
1788455379.653,turning,9.153,7.331,153.1,0,30,126,9.125,5.825,117.9,1.506,3.606,0.0,4.5,1.5,0.81
1788455379.709,turning,9.141,7.337,153.1,0,30,126,9.125,5.825,117.8,1.512,3.593,0.0,4.5,1.5,0.79
1788455379.763,turning,9.135,7.34,153.1,0,30,126,9.125,5.825,117.8,1.515,3.587,0.0,4.5,1.5,0.79
1788455379.816,turning,9.123,7.346,153.1,0,30,126,9.125,5.825,117.8,1.521,3.574,0.0,4.5,1.5,0.77
1788455379.872,turning,9.117,7.349,153.1,0,30,126,9.125,5.825,117.8,1.524,3.567,0.0,4.5,1.5,0.77
1788455379.925,turning,9.105,7.356,153.1,0,30,126,9.125,5.825,117.8,1.531,3.555,0.0,4.5,1.5,0.75
1788455379.981,turning,9.099,7.359,153.0,0,30,126,9.125,5.825,117.9,1.534,3.548,0.0,4.5,1.5,0.75
1788455380.042,turning,9.097,7.359,152.4,0,30,126,9.125,5.825,118.5,1.535,3.547,0.0,4.5,1.5,0.74
1788455380.107,turning,9.097,7.359,152.0,0,30,126,9.125,5.825,118.9,1.535,3.547,0.0,4.5,1.5,0.74
1788455380.166,turning,9.097,7.359,151.7,0,30,126,9.125,5.825,119.2,1.535,3.547,0.0,4.5,1.5,0.74
1788455380.223,turning,9.097,7.359,151.7,0,30,126,9.125,5.825,119.2,1.535,3.547,0.0,4.5,1.5,0.74
1788455380.277,turning,9.097,7.359,151.7,0,30,126,9.125,5.825,119.2,1.535,3.547,0.0,4.5,1.5,0.74
1788455380.329,turning,9.097,7.359,151.7,0,30,126,9.125,5.825,119.2,1.535,3.547,0.0,4.5,1.5,0.74
1788455380.385,turning,9.097,7.359,151.7,0,30,128,9.125,5.875,119.2,1.485,3.547,0.0,4.5,1.5,0.74
1788455380.434,turning,9.097,7.359,151.7,0,30,128,9.125,5.875,119.2,1.485,3.547,0.0,4.5,1.5,0.74
1788455380.489,turning,9.097,7.359,151.7,0,30,128,9.125,5.875,119.2,1.485,3.547,0.0,4.5,1.5,0.74
1788455380.544,turning,9.097,7.359,151.7,0,30,128,9.125,5.875,119.2,1.485,3.547,0.0,4.5,1.5,0.74
1788455380.596,turning,9.097,7.359,151.7,0,30,128,9.125,5.875,119.2,1.485,3.547,0.0,4.5,1.5,0.74
1788455380.648,turning,9.097,7.359,151.7,0,30,128,9.125,5.875,119.2,1.485,3.547,0.0,4.5,1.5,0.74
1788455380.701,turning,9.097,7.359,151.7,0,30,128,9.125,5.875,119.2,1.485,3.547,0.0,4.5,1.5,0.74
1788455380.763,turning,9.097,7.359,154.1,0,30,128,9.125,5.875,116.8,1.485,3.547,0.0,4.5,1.5,0.74
1788455380.825,turning,9.097,7.359,157.4,0,30,128,9.125,5.875,113.6,1.485,3.547,0.0,4.5,1.5,0.74
1788455380.889,turning,9.097,7.359,163.9,0,30,128,9.125,5.875,107.0,1.485,3.547,0.0,4.5,1.5,0.74
1788455380.948,turning,9.097,7.359,167.2,0,30,128,9.125,5.875,103.8,1.485,3.547,0.0,4.5,1.5,0.74
1788455381.004,turning,9.097,7.359,173.7,0,30,128,9.125,5.875,97.2,1.485,3.547,0.0,4.5,1.5,0.74
1788455381.058,turning,9.097,7.359,177.0,0,30,128,9.125,5.875,94.0,1.485,3.547,0.0,4.405,1.5,0.75
1788455381.111,turning,9.097,7.359,-176.5,0,30,128,9.125,5.875,87.5,1.485,3.547,0.0,4.068,1.5,0.75
1788455381.163,turning,9.097,7.359,-173.4,0,30,128,9.125,5.875,84.3,1.485,3.547,0.0,3.902,1.5,0.75
1788455381.218,turning,9.097,7.359,-167.9,0,30,128,9.125,5.875,78.9,1.485,3.547,0.0,3.614,1.5,0.75
1788455381.273,turning,9.097,7.359,-165.3,0,30,128,9.125,5.875,76.3,1.485,3.547,0.0,3.48,1.5,0.76
1788455381.324,turning,9.097,7.359,-160.9,0,30,128,9.125,5.875,71.9,1.485,3.547,0.0,3.25,1.5,0.76
1788455381.379,turning,9.097,7.356,-158.8,1,31,128,9.125,5.825,69.8,1.532,3.546,0.0,3.139,1.5,0.76
1788455381.44,turning,9.095,7.349,-155.1,1,31,129,9.125,5.825,66.1,1.525,3.545,0.0,2.945,1.5,0.76
1788455381.497,turning,9.095,7.346,-153.3,1,31,129,9.125,5.825,64.3,1.522,3.546,0.0,2.85,1.5,0.76
1788455381.556,turning,9.095,7.343,-151.7,1,31,129,9.125,5.825,62.7,1.518,3.547,0.0,2.766,1.5,0.76
1788455381.619,turning,9.096,7.338,-148.7,1,31,129,9.125,5.825,59.7,1.513,3.548,0.0,2.612,1.5,0.77
1788455381.683,turning,9.096,7.336,-147.3,1,31,129,9.125,5.825,58.3,1.511,3.548,0.0,2.537,1.5,0.77
1788455381.748,turning,9.1,7.329,-144.3,1,31,129,9.125,5.825,55.3,1.504,3.553,0.0,2.4,1.5,0.77
1788455381.802,turning,9.102,7.324,-142.6,1,31,129,9.125,5.825,53.6,1.499,3.556,0.0,2.4,1.5,0.77
1788455381.858,turning,9.092,7.314,-140.5,1,31,129,9.125,5.825,51.4,1.489,3.547,0.0,2.4,1.5,0.78
1788455381.915,turning,9.082,7.31,-139.7,1,31,129,9.125,5.825,50.7,1.485,3.537,0.0,2.4,1.5,0.78
1788455381.973,turning,9.073,7.306,-138.2,1,31,129,9.125,5.825,49.2,1.482,3.529,0.0,2.4,1.5,0.78
1788455382.025,turning,9.073,7.306,-137.4,1,31,129,9.125,5.825,48.4,1.482,3.529,0.0,2.4,1.5,0.78
1788455382.083,turning,9.072,7.303,-135.3,1,31,129,9.125,5.825,46.4,1.479,3.528,0.0,2.4,1.5,0.78
1788455382.135,turning,9.07,7.301,-134.1,1,31,129,9.125,5.825,45.2,1.477,3.527,0.0,2.4,1.5,0.78
1788455382.192,turning,9.069,7.299,-132.2,1,31,129,9.125,5.825,43.3,1.475,3.526,0.0,2.4,1.5,0.79
1788455382.246,turning,9.069,7.299,-131.3,1,31,129,9.125,5.825,42.5,1.475,3.526,0.0,2.4,1.5,0.79
1788455382.306,turning,9.07,7.297,-129.6,1,31,129,9.125,5.825,40.7,1.473,3.528,0.0,2.4,1.5,0.8
1788455382.367,turning,9.071,7.295,-128.6,1,31,129,9.125,5.825,39.8,1.471,3.529,0.0,2.4,1.5,0.8
1788455382.431,turning,9.071,7.294,-126.9,1,31,129,9.125,5.825,38.1,1.47,3.529,0.0,2.4,1.5,0.81
1788455382.498,turning,9.071,7.294,-126.1,0,30,127,9.125,5.775,37.3,1.52,3.529,0.0,2.4,1.5,0.81
1788455382.558,turning,9.071,7.294,-125.3,0,30,127,9.125,5.775,36.5,1.52,3.529,0.0,2.4,1.5,0.82
1788455382.61,turning,9.071,7.294,-123.6,0,30,127,9.125,5.775,34.9,1.52,3.529,0.0,2.4,1.5,0.82
1788455382.664,turning,9.069,7.293,-122.8,0,30,127,9.125,5.775,34.1,1.519,3.528,0.0,2.4,1.5,0.83
1788455382.719,turning,9.063,7.289,-121.0,0,30,127,9.125,5.775,32.3,1.515,3.522,0.0,2.4,1.5,0.83
1788455382.774,turning,9.062,7.288,-120.1,0,30,127,9.125,5.775,31.5,1.514,3.52,0.0,2.4,1.5,0.85
1788455382.825,turning,9.062,7.288,-118.5,0,30,127,9.125,5.775,29.9,1.514,3.52,0.0,2.4,1.5,0.85
1788455382.884,turning,9.062,7.288,-117.7,0,30,127,9.125,5.775,29.1,1.514,3.52,0.0,2.4,1.5,0.87
1788455382.934,turning,9.062,7.288,-116.1,0,30,127,9.125,5.775,27.5,1.514,3.52,0.0,2.4,1.5,0.87
1788455382.991,turning,9.063,7.287,-115.2,0,30,127,9.125,5.775,26.7,1.514,3.522,0.0,2.4,1.5,0.89
1788455383.044,turning,9.067,7.286,-113.5,0,30,127,9.125,5.775,24.9,1.512,3.526,0.0,2.4,1.5,0.89
1788455383.105,turning,9.067,7.286,-112.6,0,30,127,9.125,5.775,24.1,1.512,3.526,0.0,2.4,1.5,0.91
1788455383.165,turning,9.067,7.286,-111.0,0,30,127,9.125,5.775,22.5,1.512,3.526,0.0,2.4,1.5,0.91
1788455383.23,turning,9.067,7.286,-110.2,0,30,127,9.125,5.775,21.7,1.512,3.526,0.0,2.4,1.5,0.94
1788455383.294,turning,9.067,7.286,-110.5,0,30,127,9.125,5.775,22.1,1.512,3.526,0.0,2.4,1.5,0.94
1788455383.353,turning,9.063,7.282,-112.1,0,30,127,9.125,5.775,23.6,1.509,3.523,0.0,2.4,1.5,0.95
1788455383.407,turning,9.054,7.274,-115.2,0,30,127,9.125,5.775,26.8,1.5,3.515,0.0,2.4,1.5,0.95
1788455383.464,turning,9.054,7.274,-116.8,0,30,126,9.125,5.775,28.4,1.5,3.515,0.0,2.4,1.5,0.91
1788455383.516,turning,9.054,7.274,-118.4,0,30,126,9.125,5.775,30.0,1.5,3.515,0.0,2.4,1.5,0.91
1788455383.571,turning,9.054,7.274,-121.5,0,30,126,9.125,5.775,33.2,1.5,3.515,0.0,2.4,1.5,0.89
1788455383.623,turning,9.054,7.274,-123.1,0,30,126,9.125,5.775,34.8,1.5,3.515,0.0,2.4,1.5,0.89
1788455383.68,turning,9.049,7.27,-126.2,0,30,126,9.125,5.775,38.0,1.497,3.51,0.0,2.4,1.5,0.87
1788455383.734,turning,9.044,7.266,-127.8,0,30,126,9.125,5.775,39.5,1.494,3.506,0.0,2.4,1.5,0.87
1788455383.792,turning,9.04,7.263,-130.9,0,30,126,9.125,5.775,42.7,1.491,3.502,0.0,2.4,1.5,0.86
1788455383.847,turning,9.04,7.263,-132.5,0,30,126,9.125,5.775,44.3,1.491,3.502,0.0,2.4,1.5,0.86
1788455383.907,turning,9.04,7.263,-135.7,0,30,126,9.125,5.775,47.5,1.491,3.502,0.0,2.4,1.5,0.85
1788455383.97,turning,9.04,7.263,-137.3,0,30,126,9.125,5.775,49.2,1.491,3.502,0.0,2.4,1.5,0.85
1788455384.03,turning,9.041,7.263,-140.3,0,30,126,9.125,5.775,52.3,1.491,3.504,0.0,2.4,1.5,0.85
1788455384.091,turning,9.043,7.263,-141.8,0,30,126,9.125,5.775,53.8,1.491,3.505,0.0,2.4,1.5,0.85
1788455384.152,turning,9.044,7.263,-144.9,0,30,126,9.125,5.775,56.9,1.491,3.507,0.0,2.412,1.5,0.85
1788455384.206,turning,9.044,7.263,-146.5,0,30,126,9.125,5.775,58.5,1.491,3.507,0.0,2.495,1.5,0.85
1788455384.262,turning,9.051,7.265,-150.2,0,30,126,9.125,5.775,62.2,1.492,3.513,0.0,2.687,1.5,0.85
1788455384.316,turning,9.056,7.266,-152.1,0,30,126,9.125,5.775,64.2,1.493,3.518,0.0,2.788,1.5,0.85
1788455384.373,turning,9.059,7.267,-155.5,0,30,126,9.125,5.775,67.6,1.493,3.521,0.0,2.966,1.5,0.85
1788455384.427,turning,9.059,7.267,-157.1,0,30,126,9.125,5.775,69.2,1.493,3.521,0.0,3.049,1.5,0.85
1788455384.486,turning,9.064,7.271,-159.0,0,30,126,9.125,5.775,71.1,1.497,3.525,0.0,3.148,1.5,0.85
1788455384.537,turning,9.08,7.286,-163.4,0,30,128,9.125,5.775,75.5,1.512,3.539,0.0,3.381,1.5,0.85
1788455384.592,turning,9.083,7.289,-165.3,0,30,128,9.125,5.775,77.4,1.515,3.542,0.0,3.48,1.5,0.85
1788455384.647,turning,9.083,7.289,-168.5,0,30,128,9.125,5.775,80.6,1.515,3.542,0.0,3.647,1.5,0.85
1788455384.708,turning,9.084,7.283,-169.9,0,30,128,9.125,5.775,82.0,1.509,3.543,0.0,3.722,1.5,0.85
1788455384.765,turning,9.083,7.261,-172.6,0,30,128,9.125,5.775,84.6,1.487,3.546,0.0,3.859,1.5,0.85
1788455384.827,turning,9.083,7.257,-174.1,0,30,128,9.125,5.775,86.1,1.483,3.546,0.0,3.938,1.5,0.85
1788455384.887,turning,9.083,7.257,-177.3,0,30,128,9.125,5.775,89.3,1.483,3.546,0.0,4.105,1.5,0.85
1788455384.946,turning,9.082,7.255,-179.0,0,30,128,9.125,5.775,91.0,1.481,3.546,0.0,4.194,1.5,0.85
1788455385.0,turning,9.079,7.248,177.8,0,30,128,9.125,5.775,94.2,1.474,3.544,0.0,4.364,1.5,0.85
1788455385.055,turning,9.079,7.248,176.3,0,30,128,9.125,5.775,95.7,1.473,3.543,0.0,4.44,1.5,0.84
1788455385.108,turning,9.079,7.248,173.8,0,30,128,9.125,5.775,98.2,1.473,3.543,0.0,4.5,1.5,0.84
1788455385.162,turning,9.079,7.248,172.6,0,30,128,9.125,5.775,99.4,1.474,3.544,0.0,4.5,1.5,0.84
1788455385.216,turning,9.08,7.248,170.4,0,30,128,9.125,5.775,101.6,1.474,3.545,0.0,4.5,1.5,0.84
1788455385.273,turning,9.081,7.248,169.3,0,30,128,9.125,5.775,102.7,1.474,3.545,0.0,4.5,1.5,0.84
1788455385.327,turning,9.081,7.248,167.3,0,30,128,9.125,5.775,104.7,1.474,3.545,0.0,4.5,1.5,0.84
1788455385.382,turning,9.084,7.259,165.3,0,30,128,9.125,5.775,106.6,1.484,3.547,0.0,4.5,1.5,0.84
1788455385.435,turning,9.085,7.268,163.4,0,30,128,9.125,5.775,108.5,1.494,3.546,0.0,4.5,1.5,0.84
1788455385.497,turning,9.083,7.276,160.8,0,30,128,9.125,5.775,111.2,1.501,3.543,0.0,4.5,1.5,0.83
1788455385.558,turning,9.083,7.276,160.0,0,30,126,9.125,5.775,111.9,1.501,3.543,0.0,4.5,1.5,0.83
1788455385.617,turning,9.084,7.261,159.4,0,30,126,9.125,5.775,112.5,1.486,3.546,0.0,4.5,1.5,0.83
1788455385.673,turning,9.083,7.246,159.4,0,30,126,9.125,5.775,112.5,1.471,3.548,0.0,4.5,1.5,0.83
1788455385.727,turning,9.082,7.232,158.8,1,31,126,9.125,5.725,113.1,1.507,3.549,0.0,4.5,1.5,0.83
1788455385.783,turning,9.082,7.232,158.2,1,31,126,9.125,5.725,113.7,1.507,3.549,0.0,4.5,1.5,0.83
1788455385.838,turning,9.093,7.234,156.8,1,31,126,9.125,5.725,115.1,1.509,3.559,0.0,4.5,1.5,0.82
1788455385.892,turning,9.102,7.236,156.0,1,31,126,9.125,5.725,115.9,1.511,3.567,0.0,4.5,1.5,0.82
1788455385.948,turning,9.108,7.237,154.9,1,31,126,9.125,5.725,117.0,1.512,3.574,0.0,4.5,1.5,0.82
1788455386.003,turning,9.108,7.237,154.4,1,31,126,9.125,5.725,117.4,1.512,3.574,0.0,4.5,1.5,0.82
1788455386.059,turning,9.108,7.237,153.7,1,31,126,9.125,5.725,118.1,1.512,3.574,0.0,4.5,1.5,0.82
1788455386.115,turning,9.108,7.237,153.4,1,31,126,9.125,5.725,118.4,1.512,3.574,0.0,4.5,1.5,0.82
1788455386.115,turning,9.108,7.237,153.4,1,31,126,9.125,5.725,118.3,1.512,3.574,0.0,4.5,1.5,0.82
1788455386.228,turning,9.11,7.227,152.9,1,31,126,9.125,5.725,118.8,1.502,3.578,0.0,4.5,1.5,0.82
1788455386.293,turning,9.111,7.224,152.5,1,31,126,9.125,5.725,119.2,1.499,3.578,0.0,4.5,1.5,0.82
1788455386.354,turning,9.111,7.224,152.2,1,31,126,9.125,5.725,119.4,1.499,3.578,0.0,4.5,1.5,0.82
1788455386.418,turning,9.111,7.224,152.0,1,31,126,9.125,5.725,119.6,1.499,3.578,0.0,4.5,1.5,0.82
1788455386.472,turning,9.108,7.225,151.5,1,31,126,9.125,5.725,120.1,1.501,3.576,0.0,4.5,1.5,0.82
1788455386.529,turning,9.105,7.227,151.3,1,31,126,9.125,5.725,120.3,1.503,3.572,0.0,4.5,1.5,0.81
1788455386.587,turning,9.098,7.231,150.8,0,30,126,9.125,5.725,120.7,1.506,3.565,0.0,4.5,1.5,0.81
1788455386.643,turning,9.098,7.231,150.6,0,30,126,9.125,5.725,120.9,1.506,3.565,0.0,4.5,1.5,0.8
1788455386.696,turning,9.098,7.231,150.1,0,30,126,9.125,5.725,121.4,1.506,3.565,0.0,4.5,1.5,0.8
1788455386.753,turning,9.085,7.234,149.6,0,30,126,9.125,5.725,122.0,1.509,3.552,0.0,4.5,1.5,0.8
1788455386.807,turning,9.044,7.242,148.2,0,30,126,9.125,5.725,123.3,1.519,3.509,0.0,4.5,1.5,0.8
1788455386.864,turning,9.035,7.245,147.9,0,30,126,9.125,5.725,123.7,1.522,3.501,0.0,4.5,1.5,0.8
1788455386.917,turning,9.027,7.25,147.6,0,30,126,9.125,5.725,124.1,1.528,3.492,0.0,4.5,1.5,0.8
1788455386.976,turning,9.021,7.254,147.4,0,30,126,9.125,5.725,124.3,1.532,3.486,0.0,4.5,1.5,0.78
1788455387.032,turning,9.01,7.261,147.2,0,30,126,9.125,5.725,124.6,1.54,3.473,0.0,4.5,1.5,0.78
1788455387.096,turning,9.004,7.265,147.0,0,30,126,9.125,5.725,124.8,1.544,3.467,0.0,4.5,1.5,0.76
1788455387.156,turning,8.993,7.272,146.8,0,30,126,9.125,5.725,125.1,1.553,3.455,0.0,4.5,1.5,0.76
1788455387.213,turning,8.987,7.276,146.7,0,30,126,9.125,5.725,125.3,1.557,3.448,0.0,4.5,1.5,0.75
1788455387.271,turning,8.976,7.283,146.5,0,30,126,9.125,5.725,125.6,1.565,3.436,0.0,4.5,1.5,0.75
1788455387.325,turning,8.97,7.287,146.4,0,30,126,9.125,5.725,125.8,1.57,3.43,0.0,4.5,1.5,0.73
1788455387.379,turning,8.964,7.291,146.3,0,30,126,9.125,5.725,126.0,1.574,3.424,0.0,4.5,1.5,0.73
1788455387.432,turning,8.953,7.298,146.1,0,30,126,9.125,5.725,126.2,1.583,3.412,0.0,4.5,1.5,0.71
1788455387.486,turning,8.947,7.302,146.0,0,30,126,9.125,5.725,126.4,1.587,3.405,0.0,4.5,1.5,0.71
1788455387.555,turning,8.936,7.31,145.9,0,29,128,9.125,5.875,126.7,1.447,3.393,0.0,4.5,1.5,0.69
1788455387.609,turning,8.931,7.314,145.8,0,29,128,9.125,5.875,126.9,1.452,3.387,0.0,4.5,1.5,0.69
1788455387.665,turning,8.919,7.321,145.7,0,29,128,9.125,5.875,127.2,1.461,3.375,0.0,4.5,1.5,0.68
1788455387.718,turning,8.914,7.325,145.6,0,29,128,9.125,5.875,127.4,1.465,3.369,0.0,4.5,1.5,0.68
1788455387.78,turning,8.902,7.333,145.5,0,29,128,9.125,5.875,127.6,1.475,3.357,0.0,4.5,1.5,0.66
1788455387.845,turning,8.897,7.337,145.4,0,29,128,9.125,5.875,127.8,1.479,3.351,0.0,4.5,1.5,0.66
1788455387.909,turning,8.886,7.344,145.3,0,29,128,9.125,5.875,128.1,1.489,3.339,0.0,4.5,1.5,0.64
1788455387.972,turning,8.88,7.348,145.3,0,29,128,9.125,5.875,128.3,1.493,3.333,0.0,4.5,1.5,0.64
1788455388.028,turning,8.878,7.353,145.3,0,29,128,9.125,5.875,128.4,1.499,3.33,0.0,4.5,1.5,0.62
1788455388.085,turning,8.88,7.355,145.4,0,29,128,9.125,5.875,128.5,1.5,3.332,0.0,4.5,1.5,0.62
1788455388.14,turning,8.873,7.362,145.3,0,29,128,9.125,5.875,128.7,1.508,3.324,0.0,4.5,1.5,0.61
1788455388.195,turning,8.868,7.365,145.3,0,29,128,9.125,5.875,128.8,1.512,3.318,0.0,4.5,1.5,0.61
1788455388.248,turning,8.857,7.373,145.2,0,29,128,9.125,5.875,129.1,1.522,3.306,0.0,4.5,1.5,0.59
1788455388.303,turning,8.851,7.377,145.1,0,29,128,9.125,5.875,129.3,1.527,3.3,0.0,4.5,1.5,0.59
1788455388.36,turning,8.846,7.381,145.1,0,29,128,9.125,5.875,129.5,1.532,3.294,0.0,4.5,1.5,0.57
1788455388.414,turning,8.834,7.389,145.0,0,29,128,9.125,5.875,129.7,1.541,3.282,0.0,4.5,1.5,0.57
1788455388.467,turning,8.829,7.393,145.0,0,29,128,9.125,5.875,129.9,1.546,3.276,0.0,4.5,1.5,0.55
1788455388.518,turning,8.818,7.4,144.9,0,29,128,9.125,5.875,130.1,1.556,3.264,0.0,4.5,1.5,0.55
1788455388.577,turning,8.812,7.404,144.9,0,11,128,9.125,6.775,131.5,0.703,3.258,0.0,4.5,0.6,0.54
1788455388.641,turning,8.801,7.412,144.8,0,10,127,9.125,6.925,133.2,0.585,3.246,0.0,4.5,0.6,0.54
1788455388.709,turning,8.81,7.404,145.4,0,10,127,9.125,6.925,134.2,0.573,3.256,0.0,4.5,0.6,0.52
1788455388.774,turning,8.839,7.37,147.1,1,11,127,9.125,6.875,133.7,0.571,3.289,0.0,4.5,0.6,0.52
1788455388.83,turning,8.838,7.366,147.3,1,11,127,9.125,6.875,134.7,0.569,3.289,0.0,4.5,0.6,0.51
1788455388.892,turning,8.827,7.374,147.1,1,11,127,9.125,6.875,136.0,0.581,3.277,0.0,4.5,0.6,0.51
1788455388.962,turning,8.821,7.378,147.0,0,10,127,9.125,6.925,137.4,0.545,3.27,0.0,4.5,0.6,0.49
1788455389.024,turning,8.81,7.385,146.7,0,10,127,9.125,6.925,138.8,0.558,3.258,0.0,4.5,0.6,0.49
1788455389.086,turning,8.804,7.389,146.6,0,10,127,9.125,6.925,140.1,0.564,3.252,0.0,4.5,0.6,0.53
1788455389.142,turning,8.793,7.396,146.4,0,10,127,9.125,6.925,141.4,0.577,3.24,0.0,4.5,0.6,0.53
1788455389.198,turning,8.787,7.4,146.3,0,10,127,9.125,6.925,142.6,0.583,3.234,0.0,4.5,0.6,0.63
1788455389.253,turning,8.776,7.408,146.1,0,10,127,9.125,6.925,143.8,0.596,3.222,0.0,4.5,0.6,0.63
1788455389.311,turning,8.77,7.411,146.0,0,10,127,9.125,6.925,144.9,0.602,3.216,0.0,4.5,0.6,0.67
1788455389.379,turning,8.765,7.415,146.0,0,10,127,9.125,6.925,145.9,0.608,3.21,0.0,4.5,0.6,0.67
1788455389.449,turning,8.758,7.423,145.3,0,10,127,9.125,6.925,147.5,0.619,3.203,0.0,4.5,0.6,0.65
1788455389.519,turning,8.757,7.427,144.7,0,10,127,9.125,6.925,148.9,0.623,3.201,0.0,4.5,0.6,0.65
1788455389.592,turning,8.75,7.435,144.1,0,10,127,9.125,6.925,150.2,0.633,3.193,0.0,4.5,0.6,0.64
1788455389.659,turning,8.744,7.439,144.1,0,10,127,9.125,6.925,151.0,0.64,3.187,0.0,4.5,0.6,0.64
1788455389.719,turning,8.733,7.447,144.1,0,10,127,9.125,6.925,151.7,0.653,3.175,0.0,4.5,0.6,0.61
1788455389.796,turning,8.728,7.451,144.1,0,10,127,9.125,6.925,152.4,0.659,3.169,0.0,4.5,0.6,0.61
1788455389.856,turning,8.717,7.459,144.1,0,10,127,9.125,6.925,153.1,0.672,3.158,0.0,4.5,0.6,0.6
1788455389.911,turning,8.711,7.463,144.1,0,10,127,9.125,6.925,153.7,0.679,3.152,0.0,4.5,0.6,0.6
1788455389.969,turning,8.7,7.471,144.1,0,10,127,9.125,6.925,154.3,0.692,3.14,0.0,4.5,0.6,0.58
1788455390.023,turning,8.695,7.475,144.1,0,10,127,9.125,6.925,154.9,0.698,3.134,0.0,4.5,0.6,0.58
1788455390.086,turning,8.684,7.483,144.1,0,10,127,9.125,6.925,155.5,0.711,3.122,0.0,4.5,0.6,0.56
1788455390.146,turning,8.678,7.487,144.1,0,10,127,9.125,6.925,156.0,0.718,3.117,0.0,4.5,0.6,0.56
1788455390.211,turning,8.673,7.494,143.8,0,10,127,9.125,6.925,156.8,0.727,3.11,0.0,4.5,0.6,0.54
1788455390.282,turning,8.671,7.497,143.6,0,10,127,9.125,6.925,157.5,0.73,3.109,0.0,4.5,0.6,0.54
1788455390.351,turning,8.673,7.496,143.4,0,10,127,9.125,6.925,158.1,0.729,3.11,0.0,4.5,0.6,0.52
1788455390.407,turning,8.673,7.496,143.4,0,10,127,9.125,6.925,158.5,0.729,3.11,0.0,4.5,0.6,0.52
1788455390.462,turning,8.673,7.496,143.4,0,10,127,9.125,6.925,158.9,0.729,3.11,0.0,4.5,0.6,0.52
1788455390.517,turning,8.673,7.496,143.4,0,10,127,9.125,6.925,159.2,0.729,3.11,0.0,4.5,0.6,0.52
1788455390.574,turning,8.673,7.496,143.4,0,10,127,9.125,6.925,159.6,0.729,3.11,0.0,4.5,0.6,0.52
1788455390.634,turning,8.673,7.496,143.4,0,10,127,9.125,6.925,159.9,0.729,3.11,0.0,4.5,0.6,0.52
1788455390.691,turning,8.673,7.496,143.4,0,10,127,9.125,6.925,160.2,0.729,3.11,0.0,4.5,0.6,0.52
1788455390.748,turning,8.673,7.496,143.4,0,10,127,9.125,6.925,160.5,0.729,3.11,0.0,4.5,0.6,0.52
1788455390.806,turning,8.673,7.496,143.4,0,10,127,9.125,6.925,160.8,0.729,3.11,0.0,4.5,0.6,0.52
1788455390.862,turning,8.673,7.496,143.4,0,10,127,9.125,6.925,161.0,0.729,3.11,0.0,4.5,0.6,0.52
1788455390.926,turning,8.673,7.496,143.4,0,10,127,9.125,6.925,161.3,0.729,3.11,0.0,4.5,0.6,0.52
1788455390.997,turning,8.673,7.496,143.4,0,10,127,9.125,6.925,161.5,0.729,3.11,0.0,4.5,0.6,0.52
1788455391.08,turning,8.673,7.496,143.4,0,10,127,9.125,6.925,161.7,0.729,3.11,0.0,4.5,0.6,0.52
1788455391.154,turning,8.673,7.496,143.4,0,9,135,9.125,7.075,162.4,0.618,3.11,0.0,4.5,0.6,0.52
1788455391.219,turning,8.673,7.496,143.4,0,9,135,9.125,7.075,163.1,0.618,3.11,0.0,4.5,0.6,0.52
1788455391.295,turning,8.673,7.496,143.4,0,9,135,9.125,7.075,163.7,0.618,3.11,0.0,4.5,0.6,0.52
1788455391.384,turning,8.673,7.496,143.4,0,9,135,9.125,7.075,164.3,0.618,3.11,0.0,4.5,0.6,0.52
1788455391.481,turning,8.673,7.496,143.4,0,9,135,9.125,7.075,164.9,0.618,3.11,0.0,4.5,0.6,0.52
1788455391.542,turning,8.673,7.496,143.4,0,9,135,9.125,7.075,165.4,0.618,3.11,0.0,4.5,0.6,0.52
1788455391.608,turning,8.673,7.496,143.4,0,9,135,9.125,7.075,165.9,0.618,3.11,0.0,4.5,0.6,0.52
1788455391.665,turning,8.673,7.496,143.4,0,9,135,9.125,7.075,166.4,0.618,3.11,0.0,4.5,0.6,0.52
1788455391.715,turning,8.673,7.496,143.4,0,9,135,9.125,7.075,166.8,0.618,3.11,0.0,4.5,0.6,0.52
1788455391.771,turning,8.673,7.496,143.4,0,9,135,9.125,7.075,167.2,0.618,3.11,0.0,4.5,0.6,0.52
1788455391.772,turning,8.673,7.496,143.4,0,9,135,9.125,7.075,167.6,0.618,3.11,0.0,4.5,0.6,0.52
1788455391.888,turning,8.673,7.496,143.4,0,9,135,9.125,7.075,168.0,0.618,3.11,0.0,4.5,0.6,0.52
1788455391.943,turning,8.673,7.496,143.4,0,9,135,9.125,7.075,168.3,0.618,3.11,0.0,4.5,0.6,0.52
1788455391.998,turning,8.673,7.496,143.4,0,9,135,9.125,7.075,168.6,0.618,3.11,0.0,4.5,0.6,0.52
1788455392.049,turning,8.673,7.496,143.4,0,9,135,9.125,7.075,168.9,0.618,3.11,0.0,4.5,0.6,0.52
1788455392.107,turning,8.673,7.496,143.4,0,9,135,9.125,7.075,169.2,0.618,3.11,0.0,4.5,0.6,0.52
1788455392.107,turning,8.673,7.496,143.4,0,9,135,9.125,7.075,169.5,0.618,3.11,0.0,4.5,0.6,0.52
1788455392.207,turning,8.673,7.496,143.4,0,9,135,9.125,7.075,169.7,0.618,3.11,0.0,4.5,0.6,0.52
1788455392.26,turning,8.673,7.496,143.4,0,9,135,9.125,7.075,170.0,0.618,3.11,0.0,4.5,0.6,0.52
1788455392.315,turning,8.673,7.496,143.4,0,9,135,9.125,7.075,170.2,0.618,3.11,0.0,4.5,0.6,0.52
1788455392.374,turning,8.673,7.496,143.4,0,9,135,9.125,7.075,170.4,0.618,3.11,0.0,4.5,0.6,0.52
1788455392.43,turning,8.673,7.496,143.4,0,9,135,9.125,7.075,170.6,0.618,3.11,0.0,4.5,0.6,0.52
1788455392.496,turning,8.673,7.496,143.4,0,9,135,9.125,7.075,170.8,0.618,3.11,0.0,4.5,0.6,0.52
1788455392.564,turning,8.673,7.496,143.4,0,9,135,9.125,7.075,170.9,0.618,3.11,0.0,4.5,0.6,0.52
1788455392.627,turning,8.673,7.496,143.4,0,9,135,9.125,7.075,171.1,0.618,3.11,0.0,4.5,0.6,0.52
1788455392.691,turning,8.673,7.496,143.4,0,9,135,9.125,7.075,171.2,0.618,3.11,0.0,4.5,0.6,0.52
1788455392.745,turning,8.673,7.496,143.4,0,9,135,9.125,7.075,171.4,0.618,3.11,0.0,4.5,0.6,0.52
1788455392.8,turning,8.673,7.496,143.4,0,9,135,9.125,7.075,171.5,0.618,3.11,0.0,4.5,0.6,0.52
1788455392.852,turning,8.673,7.496,143.4,0,9,135,9.125,7.075,171.6,0.618,3.11,0.0,4.5,0.6,0.52
1788455392.908,turning,8.673,7.496,143.4,0,9,135,9.125,7.075,171.8,0.618,3.11,0.0,4.5,0.6,0.52
1788455392.961,turning,8.673,7.496,143.4,0,9,135,9.125,7.075,171.9,0.618,3.11,0.0,4.5,0.6,0.52
1788455393.013,turning,8.673,7.496,143.4,0,9,135,9.125,7.075,172.0,0.618,3.11,0.0,4.5,0.6,0.52
1788455393.07,turning,8.673,7.496,143.4,0,9,135,9.125,7.075,172.1,0.618,3.11,0.0,4.5,0.6,0.52
1788455393.129,turning,8.673,7.496,143.4,0,9,135,9.125,7.075,172.2,0.618,3.11,0.0,4.5,0.6,0.52
1788455393.186,turning,8.673,7.496,143.4,0,9,135,9.125,7.075,172.2,0.618,3.11,0.0,4.5,0.6,0.52
1788455393.24,turning,8.673,7.496,143.4,0,9,135,9.125,7.075,172.3,0.618,3.11,0.0,4.5,0.6,0.52
1788455393.296,turning,8.673,7.496,143.4,0,9,135,9.125,7.075,172.4,0.618,3.11,0.0,4.5,0.6,0.52
1788455393.352,turning,8.673,7.496,143.4,0,9,135,9.125,7.075,172.5,0.618,3.11,0.0,4.5,0.6,0.52
1788455393.41,turning,8.673,7.496,143.4,0,9,135,9.125,7.075,172.5,0.618,3.11,0.0,4.5,0.6,0.52
1788455393.472,turning,8.673,7.496,143.4,0,9,135,9.125,7.075,172.6,0.618,3.11,0.0,4.5,0.6,0.52
1788455393.529,turning,8.673,7.496,143.4,0,9,135,9.125,7.075,172.7,0.618,3.11,0.0,4.5,0.6,0.52
1788455393.587,turning,8.673,7.496,143.4,0,9,135,9.125,7.075,172.7,0.618,3.11,0.0,4.5,0.6,0.52
1788455393.641,turning,8.673,7.496,143.4,0,9,135,9.125,7.075,172.8,0.618,3.11,0.0,4.5,0.6,0.52
1788455393.694,turning,8.673,7.496,143.4,0,9,135,9.125,7.075,172.8,0.618,3.11,0.0,4.5,0.6,0.52
1788455393.744,turning,8.673,7.496,143.4,0,9,135,9.125,7.075,172.9,0.618,3.11,0.0,4.5,0.6,0.52
1788455393.796,turning,8.673,7.496,143.4,0,9,135,9.125,7.075,172.9,0.618,3.11,0.0,4.5,0.6,0.52
1788455393.848,turning,8.673,7.496,143.4,0,9,135,9.125,7.075,172.9,0.618,3.11,0.0,4.5,0.6,0.52
1788455393.903,turning,8.673,7.496,143.4,0,9,135,9.125,7.075,173.0,0.618,3.11,0.0,4.5,0.6,0.52
1788455393.963,turning,8.673,7.496,143.4,0,9,135,9.125,7.075,173.0,0.618,3.11,0.0,4.5,0.6,0.52
1788455394.017,turning,8.673,7.496,143.4,0,9,135,9.125,7.075,173.1,0.618,3.11,0.0,4.5,0.6,0.52
1788455394.076,turning,8.673,7.496,143.4,0,9,135,9.125,7.075,173.1,0.618,3.11,0.0,4.5,0.6,0.52
1788455394.137,turning,8.673,7.496,143.4,0,9,135,9.125,7.075,173.1,0.618,3.11,0.0,4.5,0.6,0.52
1788455394.199,turning,8.673,7.496,143.4,0,9,135,9.125,7.075,173.1,0.618,3.11,0.0,4.5,0.6,0.52
1788455394.269,turning,8.673,7.496,143.4,0,9,135,9.125,7.075,173.2,0.618,3.11,0.0,4.5,0.6,0.52
1788455394.33,turning,8.673,7.496,143.4,0,9,135,9.125,7.075,173.2,0.618,3.11,0.0,4.5,0.6,0.52
1788455394.387,turning,8.673,7.496,143.4,0,9,135,9.125,7.075,173.2,0.618,3.11,0.0,4.5,0.6,0.52
1788455394.439,turning,8.673,7.496,143.4,0,9,135,9.125,7.075,173.2,0.618,3.11,0.0,4.5,0.6,0.52
1788455394.494,turning,8.673,7.496,143.4,0,9,135,9.125,7.075,173.3,0.618,3.11,0.0,4.5,0.6,0.52
1788455394.545,turning,8.673,7.496,143.4,0,9,135,9.125,7.075,173.3,0.618,3.11,0.0,4.5,0.6,0.52
1788455394.601,turning,8.673,7.496,143.4,0,9,135,9.125,7.075,173.3,0.618,3.11,0.0,4.5,0.6,0.52
1788455394.658,turning,8.673,7.496,143.4,0,9,135,9.125,7.075,173.3,0.618,3.11,0.0,4.5,0.6,0.52
1788455394.716,turning,8.673,7.496,143.4,0,9,135,9.125,7.075,173.3,0.618,3.11,0.0,4.5,0.6,0.52
1788455394.771,turning,8.673,7.496,143.4,0,9,135,9.125,7.075,173.3,0.618,3.11,0.0,4.5,0.6,0.52
1788455394.822,turning,8.673,7.496,143.4,0,9,135,9.125,7.075,173.4,0.618,3.11,0.0,4.5,0.6,0.52
1788455394.879,turning,8.673,7.496,143.4,0,9,135,9.125,7.075,173.4,0.618,3.11,0.0,4.5,0.6,0.52
1788455394.935,turning,8.673,7.496,143.4,0,9,135,9.125,7.075,173.4,0.618,3.11,0.0,4.5,0.6,0.52
1788455394.993,turning,8.673,7.496,143.4,0,9,135,9.125,7.075,173.4,0.618,3.11,0.0,4.5,0.6,0.52
1788455395.053,turning,8.673,7.496,143.4,0,9,135,9.125,7.075,173.4,0.618,3.11,0.0,4.5,0.6,0.52
1788455395.111,turning,8.673,7.496,143.4,0,9,135,9.125,7.075,173.4,0.618,3.11,0.0,4.5,0.6,0.52
1788455395.167,turning,8.673,7.496,143.4,0,9,135,9.125,7.075,173.4,0.618,3.11,0.0,4.5,0.6,0.52
1788455395.218,turning,8.673,7.496,143.4,0,9,135,9.125,7.075,173.4,0.618,3.11,0.0,4.5,0.6,0.52
1788455395.272,turning,8.673,7.496,143.4,0,9,135,9.125,7.075,173.4,0.618,3.11,0.0,4.5,0.6,0.52
1788455395.322,turning,8.673,7.496,143.4,0,9,135,9.125,7.075,173.5,0.618,3.11,0.0,4.5,0.6,0.52
1788455395.376,turning,8.673,7.496,143.4,0,9,135,9.125,7.075,173.5,0.618,3.11,0.0,4.5,0.6,0.52
1788455395.425,turning,8.673,7.496,143.4,0,9,135,9.125,7.075,173.5,0.618,3.11,0.0,4.5,0.6,0.52
1788455395.48,turning,8.673,7.496,143.4,0,9,135,9.125,7.075,173.5,0.618,3.11,0.0,4.5,0.6,0.52
1788455395.533,turning,8.673,7.496,143.4,0,9,135,9.125,7.075,173.5,0.618,3.11,0.0,4.5,0.6,0.52
1788455395.589,turning,8.673,7.496,143.4,0,9,135,9.125,7.075,173.5,0.618,3.11,0.0,4.5,0.6,0.52
1788455395.643,turning,8.673,7.496,143.4,0,9,135,9.125,7.075,173.5,0.618,3.11,0.0,4.5,0.6,0.52
1788455395.702,turning,8.673,7.496,143.4,0,9,135,9.125,7.075,173.5,0.618,3.11,0.0,4.5,0.6,0.52
1788455395.76,turning,8.673,7.496,143.4,0,9,135,9.125,7.075,173.5,0.618,3.11,0.0,4.5,0.6,0.52
1788455395.818,turning,8.673,7.496,143.4,0,9,135,9.125,7.075,173.5,0.618,3.11,0.0,4.5,0.6,0.52
1788455395.877,turning,8.673,7.496,143.4,0,9,135,9.125,7.075,173.5,0.618,3.11,0.0,4.5,0.6,0.52
1788455395.933,turning,8.673,7.496,143.4,0,9,135,9.125,7.075,173.5,0.618,3.11,0.0,4.5,0.6,0.52
1788455395.986,turning,8.673,7.496,143.4,0,9,135,9.125,7.075,173.5,0.618,3.11,0.0,4.5,0.6,0.52
1788455396.041,turning,8.673,7.496,143.4,0,9,135,9.125,7.075,173.5,0.618,3.11,0.0,4.5,0.6,0.52
1788455396.096,turning,8.673,7.496,143.4,0,9,135,9.125,7.075,173.5,0.618,3.11,0.0,4.5,0.6,0.52
1788455396.15,turning,8.673,7.496,143.4,0,9,135,9.125,7.075,173.5,0.618,3.11,0.0,4.5,0.6,0.52
1788455396.206,turning,8.673,7.496,143.4,0,9,135,9.125,7.075,173.5,0.618,3.11,0.0,4.5,0.6,0.52
1788455396.261,turning,8.673,7.496,143.4,0,9,135,9.125,7.075,173.5,0.618,3.11,0.0,4.5,0.6,0.52
1788455396.316,turning,8.673,7.496,143.4,0,9,135,9.125,7.075,173.5,0.618,3.11,0.0,4.5,0.6,0.52
1788455396.373,turning,8.673,7.496,143.4,0,9,135,9.125,7.075,173.5,0.618,3.11,0.0,4.5,0.6,0.52
1788455396.424,turning,8.673,7.496,143.4,0,9,135,9.125,7.075,173.5,0.618,3.11,0.0,4.5,0.6,0.52
1788455396.482,turning,8.673,7.496,143.4,0,9,135,9.125,7.075,173.5,0.618,3.11,0.0,4.5,0.6,0.52
1788455396.544,turning,8.673,7.496,143.4,0,9,135,9.125,7.075,173.5,0.618,3.11,0.0,4.5,0.6,0.52
1788455396.605,turning,8.673,7.496,143.4,0,9,135,9.125,7.075,173.6,0.618,3.11,0.0,4.5,0.6,0.52
1788455396.664,turning,8.673,7.496,143.4,0,9,135,9.125,7.075,173.6,0.618,3.11,0.0,4.5,0.6,0.52
1788455396.718,turning,8.673,7.496,143.4,0,9,135,9.125,7.075,173.6,0.618,3.11,0.0,4.5,0.6,0.52
1788455396.773,turning,8.673,7.496,143.4,0,9,135,9.125,7.075,173.6,0.618,3.11,0.0,4.5,0.6,0.52
1788455396.826,turning,8.673,7.496,143.4,0,9,135,9.125,7.075,173.6,0.618,3.11,0.0,4.5,0.6,0.52
1788455396.879,turning,8.673,7.496,143.4,0,9,135,9.125,7.075,173.6,0.618,3.11,0.0,4.5,0.6,0.52
1788455396.935,turning,8.673,7.496,143.4,0,9,135,9.125,7.075,173.6,0.618,3.11,0.0,4.5,0.6,0.52
1788455396.988,turning,8.673,7.496,143.4,0,9,135,9.125,7.075,173.6,0.618,3.11,0.0,4.5,0.6,0.52
1788455397.044,turning,8.673,7.496,143.4,0,9,135,9.125,7.075,173.6,0.618,3.11,0.0,4.5,0.6,0.52
1788455397.098,turning,8.673,7.496,143.4,0,9,135,9.125,7.075,173.6,0.618,3.11,0.0,4.5,0.6,0.52
1788455397.156,turning,8.673,7.496,143.4,0,9,135,9.125,7.075,173.6,0.618,3.11,0.0,4.5,0.6,0.52
1788455397.208,turning,8.673,7.496,143.4,0,9,135,9.125,7.075,173.6,0.618,3.11,0.0,4.5,0.6,0.52
1788455397.272,turning,8.673,7.496,143.4,0,9,135,9.125,7.075,173.6,0.618,3.11,0.0,4.5,0.6,0.52
1788455397.336,turning,8.673,7.496,143.4,0,9,135,9.125,7.075,173.6,0.618,3.11,0.0,4.5,0.6,0.52
1788455397.403,turning,8.673,7.496,143.4,0,9,135,9.125,7.075,173.6,0.618,3.11,0.0,4.5,0.6,0.52
1788455397.465,turning,8.673,7.496,143.4,0,9,135,9.125,7.075,173.6,0.618,3.11,0.0,4.5,0.6,0.52
1788455397.521,turning,8.673,7.496,143.4,0,9,135,9.125,7.075,173.6,0.618,3.11,0.0,4.5,0.6,0.52
1788455397.579,turning,8.673,7.496,143.4,0,9,135,9.125,7.075,173.6,0.618,3.11,0.0,4.5,0.6,0.52
1788455397.63,turning,8.673,7.496,143.4,0,9,135,9.125,7.075,173.6,0.618,3.11,0.0,4.5,0.6,0.52
1788455397.68,turning,8.673,7.496,143.4,0,9,135,9.125,7.075,173.6,0.618,3.11,0.0,4.5,0.6,0.52
1788455397.732,turning,8.673,7.496,143.4,0,9,135,9.125,7.075,173.6,0.618,3.11,0.0,4.5,0.6,0.52
1788455397.787,turning,8.673,7.496,143.4,0,9,135,9.125,7.075,173.6,0.618,3.11,0.0,4.5,0.6,0.52
1788455397.843,turning,8.673,7.496,143.4,0,9,135,9.125,7.075,173.6,0.618,3.11,0.0,4.5,0.6,0.52
1788455397.896,turning,8.673,7.496,143.4,0,9,135,9.125,7.075,173.6,0.618,3.11,0.0,4.5,0.6,0.52
1788455397.949,turning,8.673,7.496,143.4,0,9,135,9.125,7.075,173.6,0.618,3.11,0.0,4.5,0.6,0.52
1788455398.008,turning,8.673,7.496,143.4,0,9,135,9.125,7.075,173.6,0.618,3.11,0.0,4.5,0.6,0.52
1788455398.07,turning,8.673,7.496,143.4,0,9,135,9.125,7.075,173.6,0.618,3.11,0.0,4.5,0.6,0.52
1788455398.13,turning,8.673,7.496,143.4,0,9,135,9.125,7.075,173.6,0.618,3.11,0.0,4.5,0.6,0.52
1788455398.187,turning,8.673,7.496,143.4,0,9,135,9.125,7.075,173.6,0.618,3.11,0.0,4.5,0.6,0.52
1788455398.244,turning,8.673,7.496,143.4,0,9,135,9.125,7.075,173.6,0.618,3.11,0.0,4.5,0.6,0.52
1788455398.302,turning,8.673,7.496,143.4,0,9,135,9.125,7.075,173.6,0.618,3.11,0.0,4.5,0.6,0.52
1788455398.355,turning,8.673,7.496,143.4,0,9,135,9.125,7.075,173.6,0.618,3.11,0.0,4.5,0.6,0.52
1788455398.41,turning,8.673,7.496,143.4,0,9,135,9.125,7.075,173.6,0.618,3.11,0.0,4.5,0.6,0.52
1788455398.464,turning,8.673,7.496,143.4,0,9,135,9.125,7.075,173.6,0.618,3.11,0.0,4.5,0.6,0.52
1788455398.516,turning,8.673,7.496,143.4,0,9,135,9.125,7.075,173.6,0.618,3.11,0.0,4.5,0.6,0.52
1788455398.568,turning,8.673,7.496,143.4,0,9,135,9.125,7.075,173.6,0.618,3.11,0.0,4.5,0.6,0.52
1788455398.621,turning,8.673,7.496,143.4,0,9,135,9.125,7.075,173.6,0.618,3.11,0.0,4.5,0.6,0.52
1788455398.676,turning,8.673,7.496,143.4,0,9,135,9.125,7.075,173.6,0.618,3.11,0.0,4.5,0.6,0.52
1788455398.727,turning,8.673,7.496,143.4,0,9,135,9.125,7.075,173.6,0.618,3.11,0.0,4.5,0.6,0.52
1788455398.78,turning,8.673,7.496,143.4,0,9,135,9.125,7.075,173.6,0.618,3.11,0.0,4.5,0.6,0.52
1788455398.838,turning,8.673,7.496,143.4,0,9,135,9.125,7.075,173.6,0.618,3.11,0.0,4.5,0.6,0.52
1788455398.899,turning,8.673,7.496,143.4,0,9,135,9.125,7.075,173.6,0.618,3.11,0.0,4.5,0.6,0.52
1788455398.958,turning,8.673,7.496,143.4,0,9,135,9.125,7.075,173.6,0.618,3.11,0.0,4.5,0.6,0.52
1788455399.016,turning,8.673,7.496,143.4,0,9,135,9.125,7.075,173.6,0.618,3.11,0.0,4.5,0.6,0.52
1788455399.07,turning,8.673,7.496,143.4,0,9,135,9.125,7.075,173.6,0.618,3.11,0.0,4.5,0.6,0.52
1788455399.122,turning,8.673,7.496,143.4,0,9,135,9.125,7.075,173.6,0.618,3.11,0.0,4.5,0.6,0.52
1788455399.181,turning,8.673,7.496,143.4,0,9,135,9.125,7.075,173.6,0.618,3.11,0.0,4.5,0.6,0.52
1788455399.235,turning,8.673,7.496,143.4,0,9,135,9.125,7.075,173.6,0.618,3.11,0.0,4.5,0.6,0.52
1788455399.293,turning,8.673,7.496,143.4,0,9,135,9.125,7.075,173.6,0.618,3.11,0.0,4.5,0.6,0.52
1788455399.347,turning,8.673,7.496,143.4,0,9,135,9.125,7.075,173.6,0.618,3.11,0.0,4.5,0.6,0.52
1788455399.402,turning,8.673,7.496,143.4,0,9,135,9.125,7.075,173.6,0.618,3.11,0.0,4.5,0.6,0.52
1788455399.457,turning,8.673,7.496,143.4,0,9,135,9.125,7.075,173.6,0.618,3.11,0.0,4.5,0.6,0.52
1788455399.512,turning,8.673,7.496,143.4,0,9,135,9.125,7.075,173.6,0.618,3.11,0.0,4.5,0.6,0.52
1788455399.568,turning,8.673,7.496,143.4,0,9,135,9.125,7.075,173.6,0.618,3.11,0.0,4.5,0.6,0.52
1788455399.629,turning,8.673,7.496,143.4,0,9,135,9.125,7.075,173.6,0.618,3.11,0.0,4.5,0.6,0.52
1788455399.696,turning,8.673,7.496,143.4,0,9,135,9.125,7.075,173.6,0.618,3.11,0.0,4.5,0.6,0.52
1788455399.764,turning,8.673,7.496,143.4,0,9,135,9.125,7.075,173.6,0.618,3.11,0.0,4.5,0.6,0.52
1788455399.822,turning,8.673,7.496,143.4,0,9,135,9.125,7.075,173.6,0.618,3.11,0.0,4.5,0.6,0.52
1788455399.885,turning,8.673,7.496,143.4,0,9,135,9.125,7.075,173.6,0.618,3.11,0.0,4.5,0.6,0.52
1788455399.941,turning,8.673,7.496,143.4,0,9,135,9.125,7.075,173.6,0.618,3.11,0.0,4.5,0.6,0.52
1788455399.996,turning,8.673,7.496,143.4,0,9,135,9.125,7.075,173.6,0.618,3.11,0.0,4.5,0.6,0.52
1788455400.047,turning,8.673,7.496,143.4,0,9,135,9.125,7.075,173.6,0.618,3.11,0.0,4.5,0.6,0.52
1788455400.103,turning,8.673,7.496,143.4,0,9,135,9.125,7.075,173.6,0.618,3.11,0.0,4.5,0.6,0.52
1788455400.157,turning,8.673,7.496,143.4,0,9,135,9.125,7.075,173.6,0.618,3.11,0.0,4.5,0.6,0.52
1788455400.214,turning,8.673,7.496,143.4,0,9,135,9.125,7.075,173.6,0.618,3.11,0.0,4.5,0.6,0.52
1788455400.268,turning,8.673,7.496,143.4,0,9,135,9.125,7.075,173.6,0.618,3.11,0.0,4.5,0.6,0.52
1788455400.322,turning,8.673,7.496,143.4,0,9,135,9.125,7.075,173.6,0.618,3.11,0.0,4.5,0.6,0.52
1788455400.39,turning,8.673,7.496,143.4,0,9,135,9.125,7.075,173.6,0.618,3.11,0.0,4.5,0.6,0.52
1788455400.453,turning,8.673,7.496,143.4,0,9,135,9.125,7.075,173.6,0.618,3.11,0.0,4.5,0.6,0.52
1788455400.51,turning,8.673,7.496,143.4,0,9,135,9.125,7.075,173.6,0.618,3.11,0.0,4.5,0.6,0.52
1788455400.574,turning,8.673,7.496,143.4,0,9,135,9.125,7.075,173.6,0.618,3.11,0.0,4.5,0.6,0.52
1788455400.628,turning,8.673,7.496,143.4,0,9,135,9.125,7.075,173.6,0.618,3.11,0.0,4.5,0.6,0.52
1788455400.685,turning,8.673,7.496,143.4,0,9,135,9.125,7.075,173.6,0.618,3.11,0.0,4.5,0.6,0.52
1788455400.737,turning,8.673,7.496,143.4,0,9,135,9.125,7.075,173.6,0.618,3.11,0.0,4.5,0.6,0.52
1788455400.788,turning,8.673,7.496,143.4,0,9,135,9.125,7.075,173.6,0.618,3.11,0.0,4.5,0.6,0.52
1788455400.841,turning,8.673,7.496,143.4,0,9,135,9.125,7.075,173.6,0.618,3.11,0.0,4.5,0.6,0.52
1788455400.896,turning,8.673,7.496,143.4,0,9,135,9.125,7.075,173.6,0.618,3.11,0.0,4.5,0.6,0.52
1788455400.948,turning,8.673,7.496,143.4,0,9,135,9.125,7.075,173.6,0.618,3.11,0.0,4.5,0.6,0.52
1788455401.001,turning,8.673,7.496,143.4,0,9,135,9.125,7.075,173.6,0.618,3.11,0.0,4.5,0.6,0.52
1788455401.051,turning,8.673,7.496,143.4,0,9,135,9.125,7.075,173.6,0.618,3.11,0.0,4.5,0.6,0.52
1788455401.107,turning,8.673,7.496,143.4,0,9,135,9.125,7.075,173.6,0.618,3.11,0.0,4.5,0.6,0.52
1788455401.165,turning,8.673,7.496,143.4,0,9,135,9.125,7.075,173.6,0.618,3.11,0.0,4.5,0.6,0.52
1788455401.228,turning,8.673,7.496,143.4,0,9,135,9.125,7.075,173.6,0.618,3.11,0.0,4.5,0.6,0.52
1788455401.285,turning,8.673,7.496,143.4,0,9,135,9.125,7.075,173.6,0.618,3.11,0.0,4.5,0.6,0.52
1788455401.344,turning,8.673,7.496,143.4,0,9,135,9.125,7.075,173.6,0.618,3.11,0.0,4.5,0.6,0.52
1788455401.399,turning,8.673,7.496,143.4,0,9,135,9.125,7.075,173.6,0.618,3.11,0.0,4.5,0.6,0.52
1788455401.45,turning,8.673,7.496,143.4,0,9,135,9.125,7.075,173.6,0.618,3.11,0.0,4.5,0.6,0.52
1788455401.506,turning,8.673,7.496,143.4,0,9,135,9.125,7.075,173.6,0.618,3.11,0.0,4.5,0.6,0.52
1788455401.56,turning,8.673,7.496,143.4,0,9,135,9.125,7.075,173.6,0.618,3.11,0.0,4.5,0.6,0.52
1788455401.612,turning,8.673,7.496,143.4,0,9,135,9.125,7.075,173.6,0.618,3.11,0.0,4.5,0.6,0.52
1788455401.666,turning,8.673,7.496,143.4,0,9,135,9.125,7.075,173.6,0.618,3.11,0.0,4.5,0.6,0.52
1788455401.72,turning,8.673,7.496,143.4,0,9,135,9.125,7.075,173.6,0.618,3.11,0.0,4.5,0.6,0.52
1788455401.774,turning,8.673,7.496,143.4,0,9,135,9.125,7.075,173.6,0.618,3.11,0.0,4.5,0.6,0.52
1788455401.829,turning,8.673,7.496,143.4,0,9,135,9.125,7.075,173.6,0.618,3.11,0.0,4.5,0.6,0.52
1788455401.884,turning,8.673,7.496,143.4,0,9,135,9.125,7.075,173.6,0.618,3.11,0.0,4.5,0.6,0.52
1788455401.948,turning,8.673,7.496,143.4,0,9,135,9.125,7.075,173.6,0.618,3.11,0.0,4.5,0.6,0.52
1788455402.008,turning,8.673,7.496,143.4,0,9,135,9.125,7.075,173.6,0.618,3.11,0.0,4.5,0.6,0.52
1788455402.069,turning,8.673,7.496,143.4,0,9,135,9.125,7.075,173.6,0.618,3.11,0.0,4.5,0.6,0.52
1788455402.131,turning,8.673,7.496,143.4,0,9,135,9.125,7.075,173.6,0.618,3.11,0.0,4.5,0.6,0.52
1788455402.186,turning,8.673,7.496,143.4,0,9,135,9.125,7.075,173.6,0.618,3.11,0.0,4.5,0.6,0.52
1788455402.246,turning,8.673,7.496,143.4,0,9,135,9.125,7.075,173.6,0.618,3.11,0.0,4.5,0.6,0.52
1788455402.309,turning,8.673,7.496,143.4,0,9,135,9.125,7.075,173.6,0.618,3.11,0.0,4.5,0.6,0.52
1788455402.369,turning,8.673,7.496,143.4,0,9,135,9.125,7.075,173.6,0.618,3.11,0.0,4.5,0.6,0.52
1788455402.429,turning,8.673,7.496,143.4,0,9,135,9.125,7.075,173.6,0.618,3.11,0.0,4.5,0.6,0.52
1788455402.508,turning,8.673,7.496,143.4,0,9,135,9.125,7.075,173.6,0.618,3.11,0.0,4.5,0.6,0.52
1788455402.588,turning,8.673,7.496,143.4,0,9,135,9.125,7.075,173.6,0.618,3.11,0.0,4.5,0.6,0.52
1788455402.702,turning,8.673,7.496,143.4,0,9,135,9.125,7.075,173.6,0.618,3.11,0.0,4.5,0.6,0.52
1788455402.788,turning,8.673,7.496,143.4,0,9,135,9.125,7.075,173.6,0.618,3.11,0.0,4.5,0.6,0.52
1788455402.85,turning,8.673,7.496,143.4,0,9,135,9.125,7.075,173.6,0.618,3.11,0.0,4.5,0.6,0.52
1788455402.915,turning,8.673,7.496,143.4,0,9,135,9.125,7.075,173.6,0.618,3.11,0.0,4.5,0.6,0.52
1788455402.978,turning,8.673,7.496,143.4,0,9,135,9.125,7.075,173.6,0.618,3.11,0.0,4.5,0.6,0.52
1788455403.03,turning,8.673,7.496,143.4,0,9,135,9.125,7.075,173.6,0.618,3.11,0.0,4.5,0.6,0.52
1788455403.083,turning,8.673,7.496,143.4,0,9,135,9.125,7.075,173.6,0.618,3.11,0.0,4.5,0.6,0.52
1788455403.135,turning,8.673,7.496,143.4,0,9,135,9.125,7.075,173.6,0.618,3.11,0.0,4.5,0.6,0.52
1788455403.187,turning,8.673,7.496,143.4,0,9,135,9.125,7.075,173.6,0.618,3.11,0.0,4.5,0.6,0.52
1788455403.241,turning,8.673,7.496,143.4,0,9,135,9.125,7.075,173.6,0.618,3.11,0.0,4.5,0.6,0.52
1788455403.298,turning,8.673,7.496,143.4,0,9,135,9.125,7.075,173.6,0.618,3.11,0.0,4.5,0.6,0.52
1788455403.351,turning,8.673,7.496,143.4,0,9,135,9.125,7.075,173.6,0.618,3.11,0.0,4.5,0.6,0.52
1788455403.403,turning,8.673,7.496,143.4,0,9,135,9.125,7.075,173.6,0.618,3.11,0.0,4.5,0.6,0.52
1788455403.458,turning,8.673,7.496,143.4,0,9,135,9.125,7.075,173.6,0.618,3.11,0.0,4.5,0.6,0.52
1788455403.517,turning,8.673,7.496,143.4,0,9,135,9.125,7.075,173.6,0.618,3.11,0.0,4.5,0.6,0.52
1788455403.575,turning,8.673,7.496,143.4,0,9,135,9.125,7.075,173.6,0.618,3.11,0.0,4.5,0.6,0.52
1788455403.633,turning,8.673,7.496,143.4,0,9,135,9.125,7.075,173.6,0.618,3.11,0.0,4.5,0.6,0.52
1788455403.69,turning,8.673,7.496,143.4,0,9,135,9.125,7.075,173.6,0.618,3.11,0.0,4.5,0.6,0.52
1788455403.748,turning,8.673,7.496,143.4,0,9,135,9.125,7.075,173.6,0.618,3.11,0.0,4.5,0.6,0.52
1788455403.8,turning,8.673,7.496,143.4,0,9,135,9.125,7.075,173.6,0.618,3.11,0.0,4.5,0.6,0.52
1788455403.853,turning,8.673,7.496,143.4,0,9,135,9.125,7.075,173.6,0.618,3.11,0.0,4.5,0.6,0.52
1788455403.905,turning,8.673,7.496,143.4,0,9,135,9.125,7.075,173.6,0.618,3.11,0.0,4.5,0.6,0.52
1788455403.958,turning,8.673,7.496,143.4,0,9,135,9.125,7.075,173.6,0.618,3.11,0.0,4.5,0.6,0.52
1788455404.01,turning,8.673,7.496,143.4,0,9,135,9.125,7.075,173.6,0.618,3.11,0.0,4.5,0.6,0.52
1788455404.064,turning,8.673,7.496,143.4,0,9,135,9.125,7.075,173.6,0.618,3.11,0.0,4.5,0.6,0.52
1788455404.116,turning,8.673,7.496,143.4,0,9,135,9.125,7.075,173.6,0.618,3.11,0.0,4.5,0.6,0.52
1788455404.169,turning,8.673,7.496,143.4,0,9,135,9.125,7.075,173.6,0.618,3.11,0.0,4.5,0.6,0.52
1788455404.218,turning,8.673,7.496,143.4,0,9,135,9.125,7.075,173.6,0.618,3.11,0.0,4.5,0.6,0.52
1788455404.275,turning,8.673,7.496,143.4,0,9,135,9.125,7.075,173.6,0.618,3.11,0.0,4.5,0.6,0.52
1788455404.332,turning,8.673,7.496,143.4,0,9,135,9.125,7.075,173.6,0.618,3.11,0.0,4.5,0.6,0.52
1788455404.399,turning,8.673,7.496,143.4,0,9,135,9.125,7.075,173.6,0.618,3.11,0.0,4.5,0.6,0.52
1788455404.461,turning,8.673,7.496,143.4,0,9,135,9.125,7.075,173.6,0.618,3.11,0.0,4.5,0.6,0.52
1788455404.522,turning,8.673,7.496,143.4,0,9,135,9.125,7.075,173.6,0.618,3.11,0.0,4.5,0.6,0.52
1788455404.577,turning,8.673,7.496,143.4,0,9,135,9.125,7.075,173.6,0.618,3.11,0.0,4.5,0.6,0.52
1788455404.631,turning,8.673,7.496,143.4,0,9,135,9.125,7.075,173.6,0.618,3.11,0.0,4.5,0.6,0.52
1788455404.684,turning,8.673,7.496,143.4,0,9,135,9.125,7.075,173.6,0.618,3.11,0.0,4.5,0.6,0.52
1788455404.736,turning,8.673,7.496,143.4,0,9,135,9.125,7.075,173.6,0.618,3.11,0.0,4.5,0.6,0.52
1788455404.786,turning,8.673,7.496,143.4,0,9,135,9.125,7.075,173.6,0.618,3.11,0.0,4.5,0.6,0.52
1788455404.84,turning,8.673,7.496,143.4,0,9,135,9.125,7.075,173.6,0.618,3.11,0.0,4.5,0.6,0.52
1788455404.894,turning,8.673,7.496,143.4,0,9,135,9.125,7.075,173.6,0.618,3.11,0.0,4.5,0.6,0.52
1788455404.948,turning,8.673,7.496,143.4,0,9,135,9.125,7.075,173.6,0.618,3.11,0.0,4.5,0.6,0.52
1788455405.002,turning,8.673,7.496,143.4,0,9,135,9.125,7.075,173.6,0.618,3.11,0.0,4.5,0.6,0.52
1788455405.057,turning,8.673,7.496,143.4,0,9,135,9.125,7.075,173.6,0.618,3.11,0.0,4.5,0.6,0.52
1788455405.114,turning,8.673,7.496,143.4,0,9,135,9.125,7.075,173.6,0.618,3.11,0.0,4.5,0.6,0.52
1788455405.173,turning,8.673,7.496,143.4,0,9,135,9.125,7.075,173.6,0.618,3.11,0.0,4.5,0.6,0.52
1788455405.232,turning,8.673,7.496,143.4,0,9,135,9.125,7.075,173.6,0.618,3.11,0.0,4.5,0.6,0.52
1788455405.291,turning,8.673,7.496,143.4,0,9,135,9.125,7.075,173.6,0.618,3.11,0.0,4.5,0.6,0.52
1788455405.345,turning,8.673,7.496,143.4,0,9,135,9.125,7.075,173.6,0.618,3.11,0.0,4.5,0.6,0.52
1788455405.401,turning,8.673,7.496,143.4,0,9,135,9.125,7.075,173.6,0.618,3.11,0.0,4.5,0.6,0.52
1788455405.457,turning,8.673,7.496,143.4,0,9,135,9.125,7.075,173.6,0.618,3.11,0.0,4.5,0.6,0.52
1788455405.51,turning,8.673,7.496,143.4,0,9,135,9.125,7.075,173.6,0.618,3.11,0.0,4.5,0.6,0.52
1788455405.56,turning,8.673,7.496,143.4,0,9,135,9.125,7.075,173.6,0.618,3.11,0.0,4.5,0.6,0.52
1788455405.611,turning,8.673,7.496,143.4,0,9,135,9.125,7.075,173.6,0.618,3.11,0.0,4.5,0.6,0.52
1788455405.665,turning,8.673,7.496,143.4,0,9,135,9.125,7.075,173.6,0.618,3.11,0.0,4.5,0.6,0.52
1788455405.666,turning,8.673,7.496,143.4,0,9,135,9.125,7.075,173.6,0.618,3.11,0.0,4.5,0.6,0.52
1788455405.776,turning,8.673,7.496,143.4,0,9,135,9.125,7.075,173.6,0.618,3.11,0.0,4.5,0.6,0.52
1788455405.83,turning,8.673,7.496,143.4,0,9,135,9.125,7.075,173.6,0.618,3.11,0.0,4.5,0.6,0.52
1788455405.891,turning,8.673,7.496,143.4,0,9,135,9.125,7.075,173.6,0.618,3.11,0.0,4.5,0.6,0.52
1788455405.963,turning,8.673,7.496,143.4,0,9,135,9.125,7.075,173.6,0.618,3.11,0.0,4.5,0.6,0.52
1788455406.022,turning,8.673,7.496,143.4,0,9,135,9.125,7.075,173.6,0.618,3.11,0.0,4.5,0.6,0.52
1788455406.082,turning,8.673,7.496,143.4,0,9,135,9.125,7.075,173.6,0.618,3.11,0.0,4.5,0.6,0.52
1788455406.141,turning,8.673,7.496,143.4,0,9,135,9.125,7.075,173.6,0.618,3.11,0.0,4.5,0.6,0.52
1788455406.206,turning,8.673,7.496,143.4,0,9,135,9.125,7.075,173.6,0.618,3.11,0.0,4.5,0.6,0.52
1788455406.268,turning,8.673,7.496,143.4,0,9,135,9.125,7.075,173.6,0.618,3.11,0.0,4.5,0.6,0.52
1788455406.328,turning,8.673,7.496,143.4,0,9,135,9.125,7.075,173.6,0.618,3.11,0.0,4.5,0.6,0.52
1788455406.388,turning,8.673,7.496,143.4,0,9,135,9.125,7.075,173.6,0.618,3.11,0.0,4.5,0.6,0.52
1788455406.443,turning,8.673,7.496,143.4,0,9,135,9.125,7.075,173.6,0.618,3.11,0.0,4.5,0.6,0.52
1788455406.498,turning,8.673,7.496,143.4,0,9,135,9.125,7.075,173.6,0.618,3.11,0.0,4.5,0.6,0.52
1788455406.551,turning,8.673,7.496,143.4,0,9,135,9.125,7.075,173.6,0.618,3.11,0.0,4.5,0.6,0.52
1788455406.605,turning,8.673,7.496,143.4,0,9,135,9.125,7.075,173.6,0.618,3.11,0.0,4.5,0.6,0.52
1788455406.659,turning,8.673,7.496,143.4,0,9,135,9.125,7.075,173.6,0.618,3.11,0.0,4.5,0.6,0.52
1788455406.716,turning,8.673,7.496,143.4,0,9,135,9.125,7.075,173.6,0.618,3.11,0.0,4.5,0.6,0.52
1788455406.779,turning,8.673,7.496,143.4,0,9,135,9.125,7.075,173.6,0.618,3.11,0.0,4.5,0.6,0.52
1788455406.836,turning,8.673,7.496,143.4,0,9,135,9.125,7.075,173.6,0.618,3.11,0.0,4.5,0.6,0.52
1788455406.895,turning,8.673,7.496,143.4,0,9,135,9.125,7.075,173.6,0.618,3.11,0.0,4.5,0.6,0.52
1788455406.946,turning,8.673,7.496,143.4,0,9,135,9.125,7.075,173.6,0.618,3.11,0.0,4.5,0.6,0.52
1788455407.0,turning,8.673,7.496,143.4,0,9,135,9.125,7.075,173.6,0.618,3.11,0.0,4.5,0.6,0.52
1788455407.051,turning,8.673,7.496,143.4,0,9,135,9.125,7.075,173.6,0.618,3.11,0.0,4.5,0.6,0.52
1788455407.104,turning,8.673,7.496,143.4,0,9,135,9.125,7.075,173.6,0.618,3.11,0.0,4.5,0.6,0.52
1788455407.155,turning,8.673,7.496,143.4,0,9,135,9.125,7.075,173.6,0.618,3.11,0.0,4.5,0.6,0.52
1788455407.208,turning,8.673,7.496,143.4,0,9,135,9.125,7.075,173.6,0.618,3.11,0.0,4.5,0.6,0.52
1788455407.259,turning,8.673,7.496,143.4,0,9,135,9.125,7.075,173.6,0.618,3.11,0.0,4.5,0.6,0.52
1788455407.31,turning,8.673,7.496,143.4,0,9,135,9.125,7.075,173.6,0.618,3.11,0.0,4.5,0.6,0.52
1788455407.361,turning,8.673,7.496,143.4,0,9,135,9.125,7.075,173.6,0.618,3.11,0.0,4.5,0.6,0.52
1788455407.415,turning,8.673,7.496,143.4,0,9,135,9.125,7.075,173.6,0.618,3.11,0.0,4.5,0.6,0.52
1788455407.472,turning,8.673,7.496,143.4,0,9,135,9.125,7.075,173.6,0.618,3.11,0.0,4.5,0.6,0.52
1788455407.534,turning,8.673,7.496,143.4,0,9,135,9.125,7.075,173.6,0.618,3.11,0.0,4.5,0.6,0.52
1788455407.597,turning,8.673,7.496,143.4,0,9,135,9.125,7.075,173.6,0.618,3.11,0.0,4.5,0.6,0.52
1788455407.658,turning,8.673,7.496,143.4,0,9,135,9.125,7.075,173.6,0.618,3.11,0.0,4.5,0.6,0.52
1788455407.712,turning,8.673,7.496,143.4,0,9,135,9.125,7.075,173.6,0.618,3.11,0.0,4.5,0.6,0.52
1788455407.763,turning,8.673,7.496,143.4,0,9,135,9.125,7.075,173.6,0.618,3.11,0.0,4.5,0.6,0.52
1788455407.817,turning,8.673,7.496,143.4,0,9,135,9.125,7.075,173.6,0.618,3.11,0.0,4.5,0.6,0.52
1788455407.869,turning,8.673,7.496,143.4,0,9,135,9.125,7.075,173.6,0.618,3.11,0.0,4.5,0.6,0.52
1788455407.922,turning,8.673,7.496,143.4,0,9,135,9.125,7.075,173.6,0.618,3.11,0.0,4.5,0.6,0.52
1788455407.973,turning,8.673,7.496,143.4,0,9,135,9.125,7.075,173.6,0.618,3.11,0.0,4.5,0.6,0.52
1788455408.026,turning,8.673,7.496,143.4,0,9,135,9.125,7.075,173.6,0.618,3.11,0.0,4.5,0.6,0.52
1788455408.078,turning,8.673,7.496,143.4,0,9,135,9.125,7.075,173.6,0.618,3.11,0.0,4.5,0.6,0.52
1788455408.131,turning,8.673,7.496,143.4,0,9,135,9.125,7.075,173.6,0.618,3.11,0.0,4.5,0.6,0.52
1788455408.184,turning,8.673,7.496,143.4,0,9,135,9.125,7.075,173.6,0.618,3.11,0.0,4.5,0.6,0.52
1788455408.237,turning,8.673,7.496,143.4,0,9,135,9.125,7.075,173.6,0.618,3.11,0.0,4.5,0.6,0.52
1788455408.299,turning,8.673,7.496,143.4,0,9,135,9.125,7.075,173.6,0.618,3.11,0.0,4.5,0.6,0.52
1788455408.359,turning,8.673,7.496,143.4,0,9,135,9.125,7.075,173.6,0.618,3.11,0.0,4.5,0.6,0.52
1788455408.415,turning,8.673,7.496,143.4,0,9,135,9.125,7.075,173.6,0.618,3.11,0.0,4.5,0.6,0.52
1788455408.475,turning,8.673,7.496,143.4,0,9,135,9.125,7.075,173.6,0.618,3.11,0.0,4.5,0.6,0.52
1788455408.53,turning,8.673,7.496,143.4,0,9,135,9.125,7.075,173.6,0.618,3.11,0.0,4.5,0.6,0.52
1788455408.584,turning,8.673,7.496,143.4,0,9,135,9.125,7.075,173.6,0.618,3.11,0.0,4.5,0.6,0.52
1788455408.637,turning,8.673,7.496,143.4,0,9,135,9.125,7.075,173.6,0.618,3.11,0.0,4.5,0.6,0.52
1788455408.69,turning,8.673,7.496,143.4,0,9,135,9.125,7.075,173.6,0.618,3.11,0.0,4.5,0.6,0.52
1788455408.744,turning,8.673,7.496,143.4,0,9,135,9.125,7.075,173.6,0.618,3.11,0.0,4.5,0.6,0.52
1788455408.798,turning,8.673,7.496,143.4,0,9,135,9.125,7.075,173.6,0.618,3.11,0.0,4.5,0.6,0.52
1788455408.851,turning,8.673,7.496,143.4,0,9,135,9.125,7.075,173.6,0.618,3.11,0.0,4.5,0.6,0.52
1788455408.905,turning,8.673,7.496,143.4,0,9,135,9.125,7.075,173.6,0.618,3.11,0.0,4.5,0.6,0.52
1788455408.959,turning,8.673,7.496,143.4,0,9,135,9.125,7.075,173.6,0.618,3.11,0.0,4.5,0.6,0.52
1788455409.014,turning,8.673,7.496,143.4,0,9,135,9.125,7.075,173.6,0.618,3.11,0.0,4.5,0.6,0.52
1788455409.083,turning,8.673,7.496,143.4,0,9,135,9.125,7.075,173.6,0.618,3.11,0.0,4.5,0.6,0.52
1788455409.147,turning,8.673,7.496,143.4,0,9,135,9.125,7.075,173.6,0.618,3.11,0.0,4.5,0.6,0.52
1788455409.213,turning,8.673,7.496,143.4,0,9,135,9.125,7.075,173.6,0.618,3.11,0.0,4.5,0.6,0.52
1788455409.271,turning,8.673,7.496,143.4,0,9,135,9.125,7.075,173.6,0.618,3.11,0.0,4.5,0.6,0.52
1788455409.325,turning,8.673,7.496,143.4,0,9,135,9.125,7.075,173.6,0.618,3.11,0.0,4.5,0.6,0.52
1788455409.38,turning,8.673,7.496,143.4,0,9,135,9.125,7.075,173.6,0.618,3.11,0.0,4.5,0.6,0.52
1788455409.435,turning,8.673,7.496,143.4,0,9,135,9.125,7.075,173.6,0.618,3.11,0.0,4.5,0.6,0.52
1788455409.492,turning,8.673,7.496,143.4,0,9,135,9.125,7.075,173.6,0.618,3.11,0.0,4.5,0.6,0.52
1788455409.547,turning,8.673,7.496,143.4,0,9,135,9.125,7.075,173.6,0.618,3.11,0.0,4.5,0.6,0.52
1788455409.602,turning,8.673,7.496,143.4,0,9,135,9.125,7.075,173.6,0.618,3.11,0.0,4.5,0.6,0.52
1788455409.66,turning,8.673,7.496,143.4,0,9,135,9.125,7.075,173.6,0.618,3.11,0.0,4.5,0.6,0.52
1788455409.709,turning,8.673,7.496,143.4,0,9,135,9.125,7.075,173.6,0.618,3.11,0.0,4.5,0.6,0.52
1788455409.764,turning,8.673,7.496,143.4,0,9,135,9.125,7.075,173.6,0.618,3.11,0.0,4.5,0.6,0.52
1788455409.816,turning,8.673,7.496,143.4,0,9,135,9.125,7.075,173.6,0.618,3.11,0.0,4.5,0.6,0.52
1788455409.891,turning,8.673,7.496,143.4,0,9,135,9.125,7.075,173.6,0.618,3.11,0.0,4.5,0.6,0.52
1788455409.96,turning,8.673,7.496,143.4,0,9,135,9.125,7.075,173.6,0.618,3.11,0.0,4.5,0.6,0.52
1788455410.031,turning,8.673,7.496,143.4,0,9,135,9.125,7.075,173.6,0.618,3.11,0.0,4.5,0.6,0.52
1788455410.094,turning,8.673,7.496,143.4,0,9,135,9.125,7.075,173.6,0.618,3.11,0.0,4.5,0.6,0.52
1788455410.147,turning,8.673,7.496,143.4,0,9,135,9.125,7.075,173.6,0.618,3.11,0.0,4.5,0.6,0.52
1788455410.199,turning,8.673,7.496,143.4,0,9,135,9.125,7.075,173.6,0.618,3.11,0.0,4.5,0.6,0.52
1788455410.252,turning,8.673,7.496,143.4,0,9,135,9.125,7.075,173.6,0.618,3.11,0.0,4.5,0.6,0.52
1788455410.31,turning,8.673,7.496,143.4,0,9,135,9.125,7.075,173.6,0.618,3.11,0.0,4.5,0.6,0.52
1788455410.366,turning,8.673,7.496,143.4,0,9,135,9.125,7.075,173.6,0.618,3.11,0.0,4.5,0.6,0.52
1788455410.417,turning,8.673,7.496,143.4,0,9,135,9.125,7.075,173.6,0.618,3.11,0.0,4.5,0.6,0.52
1788455410.471,turning,8.673,7.496,143.4,0,9,135,9.125,7.075,173.6,0.618,3.11,0.0,4.5,0.6,0.52
1788455410.524,turning,8.673,7.496,143.4,0,9,135,9.125,7.075,173.6,0.618,3.11,0.0,4.5,0.6,0.52
1788455410.58,turning,8.673,7.496,143.4,0,9,135,9.125,7.075,173.6,0.618,3.11,0.0,4.5,0.6,0.52
1788455410.64,turning,8.673,7.496,143.4,0,9,135,9.125,7.075,173.6,0.618,3.11,0.0,4.5,0.6,0.52
1788455410.704,turning,8.673,7.496,143.4,0,9,135,9.125,7.075,173.6,0.618,3.11,0.0,4.5,0.6,0.52
1788455410.763,turning,8.673,7.496,143.4,0,9,135,9.125,7.075,173.6,0.618,3.11,0.0,4.5,0.6,0.52
1788455410.822,turning,8.673,7.496,143.4,0,9,135,9.125,7.075,173.6,0.618,3.11,0.0,4.5,0.6,0.52
1788455410.876,turning,8.673,7.496,143.4,0,9,135,9.125,7.075,173.6,0.618,3.11,0.0,4.5,0.6,0.52
1788455410.93,turning,8.673,7.496,143.4,0,9,135,9.125,7.075,173.6,0.618,3.11,0.0,4.5,0.6,0.52
1788455410.981,turning,8.673,7.496,143.4,0,9,135,9.125,7.075,173.6,0.618,3.11,0.0,4.5,0.6,0.52
1788455411.031,turning,8.673,7.496,143.4,0,9,135,9.125,7.075,173.6,0.618,3.11,0.0,4.5,0.6,0.52
1788455411.082,turning,8.673,7.496,143.4,0,9,135,9.125,7.075,173.6,0.618,3.11,0.0,4.5,0.6,0.52
1788455411.133,turning,8.673,7.496,143.4,0,9,135,9.125,7.075,173.6,0.618,3.11,0.0,4.5,0.6,0.52
1788455411.185,turning,8.673,7.496,143.4,0,9,135,9.125,7.075,173.6,0.618,3.11,0.0,4.5,0.6,0.52
1788455411.237,turning,8.673,7.496,143.4,0,9,135,9.125,7.075,173.6,0.618,3.11,0.0,4.5,0.6,0.52
1788455411.304,turning,8.673,7.496,143.4,0,9,135,9.125,7.075,173.6,0.618,3.11,0.0,4.5,0.6,0.52
1788455411.376,turning,8.673,7.496,143.4,0,9,135,9.125,7.075,173.6,0.618,3.11,0.0,4.5,0.6,0.52
1788455411.439,turning,8.673,7.496,143.4,0,9,135,9.125,7.075,173.6,0.618,3.11,0.0,4.5,0.6,0.52
1788455411.506,turning,8.673,7.496,143.4,0,9,135,9.125,7.075,173.6,0.618,3.11,0.0,4.5,0.6,0.52
1788455411.565,turning,8.673,7.496,143.4,0,9,135,9.125,7.075,173.6,0.618,3.11,0.0,4.5,0.6,0.52
1788455411.623,turning,8.673,7.496,143.4,0,9,135,9.125,7.075,173.6,0.618,3.11,0.0,4.5,0.6,0.52
1788455411.676,turning,8.673,7.496,143.4,0,9,135,9.125,7.075,173.6,0.618,3.11,0.0,4.5,0.6,0.52
1788455411.73,turning,8.673,7.496,143.4,0,9,135,9.125,7.075,173.6,0.618,3.11,0.0,4.5,0.6,0.52
1788455411.782,turning,8.673,7.496,143.4,0,9,135,9.125,7.075,173.6,0.618,3.11,0.0,4.5,0.6,0.52
1788455411.833,turning,8.673,7.496,143.4,0,9,135,9.125,7.075,173.6,0.618,3.11,0.0,4.5,0.6,0.52
1788455411.883,turning,8.673,7.496,143.4,0,9,135,9.125,7.075,173.6,0.618,3.11,0.0,4.5,0.6,0.52
1788455411.939,turning,8.673,7.496,143.4,0,9,135,9.125,7.075,173.6,0.618,3.11,0.0,4.5,0.6,0.52
1788455411.995,turning,8.673,7.496,143.4,0,9,135,9.125,7.075,173.6,0.618,3.11,0.0,4.5,0.6,0.52
1788455412.056,turning,8.673,7.496,143.4,0,9,135,9.125,7.075,173.6,0.618,3.11,0.0,4.5,0.6,0.52
1788455412.108,turning,8.673,7.496,143.4,0,9,135,9.125,7.075,173.6,0.618,3.11,0.0,4.5,0.6,0.52
1788455412.161,turning,8.673,7.496,143.4,0,9,135,9.125,7.075,173.6,0.618,3.11,0.0,4.5,0.6,0.52
1788455412.214,turning,8.673,7.496,143.4,0,9,135,9.125,7.075,173.6,0.618,3.11,0.0,4.5,0.6,0.52
1788455412.275,turning,8.673,7.496,143.4,0,9,135,9.125,7.075,173.6,0.618,3.11,0.0,4.5,0.6,0.52
1788455412.339,turning,8.673,7.496,143.4,0,9,135,9.125,7.075,173.6,0.618,3.11,0.0,4.5,0.6,0.52
1788455412.399,turning,8.673,7.496,143.4,0,9,135,9.125,7.075,173.6,0.618,3.11,0.0,4.5,0.6,0.52
1788455412.452,turning,8.673,7.496,143.4,0,9,135,9.125,7.075,173.6,0.618,3.11,0.0,4.5,0.6,0.52
1788455412.505,turning,8.673,7.496,143.4,0,9,135,9.125,7.075,173.6,0.618,3.11,0.0,4.5,0.6,0.52
1788455412.557,turning,8.673,7.496,143.4,0,9,135,9.125,7.075,173.6,0.618,3.11,0.0,4.5,0.6,0.52
1788455412.611,turning,8.673,7.496,143.4,0,9,135,9.125,7.075,173.6,0.618,3.11,0.0,4.5,0.6,0.52
1788455412.662,turning,8.673,7.496,143.4,0,9,135,9.125,7.075,173.6,0.618,3.11,0.0,4.5,0.6,0.52
1788455412.714,turning,8.673,7.496,143.4,0,9,135,9.125,7.075,173.6,0.618,3.11,0.0,4.5,0.6,0.52
1788455412.767,turning,8.673,7.496,143.4,0,9,135,9.125,7.075,173.6,0.618,3.11,0.0,4.5,0.6,0.52
1788455412.82,turning,8.673,7.496,143.4,0,9,135,9.125,7.075,173.6,0.618,3.11,0.0,4.5,0.6,0.52
1788455412.872,turning,8.673,7.496,143.4,0,9,135,9.125,7.075,173.6,0.618,3.11,0.0,4.5,0.6,0.52
1788455412.926,turning,8.673,7.496,143.4,0,9,135,9.125,7.075,173.6,0.618,3.11,0.0,4.5,0.6,0.52
1788455412.979,turning,8.673,7.496,143.4,0,9,135,9.125,7.075,173.6,0.618,3.11,0.0,4.5,0.6,0.52
1788455413.037,turning,8.673,7.496,143.4,0,9,135,9.125,7.075,173.6,0.618,3.11,0.0,4.5,0.6,0.52
1788455413.098,turning,8.673,7.496,143.4,0,9,135,9.125,7.075,173.6,0.618,3.11,0.0,4.5,0.6,0.52
1788455413.156,turning,8.673,7.496,143.4,0,9,135,9.125,7.075,173.6,0.618,3.11,0.0,4.5,0.6,0.52
1788455413.215,turning,8.673,7.496,143.4,0,9,135,9.125,7.075,173.6,0.618,3.11,0.0,4.5,0.6,0.52
1788455413.268,turning,8.673,7.496,143.4,0,9,135,9.125,7.075,173.6,0.618,3.11,0.0,4.5,0.6,0.52
1788455413.321,turning,8.673,7.496,143.4,0,9,135,9.125,7.075,173.6,0.618,3.11,0.0,4.5,0.6,0.52
1788455413.373,turning,8.673,7.496,143.4,0,9,135,9.125,7.075,173.6,0.618,3.11,0.0,4.5,0.6,0.52
1788455413.427,turning,8.673,7.496,143.4,0,9,135,9.125,7.075,173.6,0.618,3.11,0.0,4.5,0.6,0.52
1788455413.48,turning,8.673,7.496,143.4,0,9,135,9.125,7.075,173.6,0.618,3.11,0.0,4.5,0.6,0.52
1788455413.531,turning,8.673,7.496,143.4,0,9,135,9.125,7.075,173.6,0.618,3.11,0.0,4.5,0.6,0.52
1788455413.584,turning,8.673,7.496,143.4,0,9,135,9.125,7.075,173.6,0.618,3.11,0.0,4.5,0.6,0.52
1788455413.635,turning,8.673,7.496,143.4,0,9,135,9.125,7.075,173.6,0.618,3.11,0.0,4.5,0.6,0.52
1788455413.689,turning,8.673,7.496,143.4,0,9,135,9.125,7.075,173.6,0.618,3.11,0.0,4.5,0.6,0.52
1788455413.741,turning,8.673,7.496,143.4,0,9,135,9.125,7.075,173.6,0.618,3.11,0.0,4.5,0.6,0.52
1788455413.796,turning,8.673,7.496,143.4,0,9,135,9.125,7.075,173.6,0.618,3.11,0.0,4.5,0.6,0.52
1788455413.85,turning,8.673,7.496,143.4,0,9,135,9.125,7.075,173.6,0.618,3.11,0.0,4.5,0.6,0.52
1788455413.911,turning,8.673,7.496,143.4,0,9,135,9.125,7.075,173.6,0.618,3.11,0.0,4.5,0.6,0.52
1788455413.969,turning,8.673,7.496,143.4,0,9,135,9.125,7.075,173.6,0.618,3.11,0.0,4.5,0.6,0.52
1788455414.022,turning,8.673,7.496,143.4,0,9,135,9.125,7.075,173.6,0.618,3.11,0.0,4.5,0.6,0.52
1788455414.074,turning,8.673,7.496,143.4,0,9,135,9.125,7.075,173.6,0.618,3.11,0.0,4.5,0.6,0.52
1788455414.127,turning,8.673,7.496,143.4,0,9,135,9.125,7.075,173.6,0.618,3.11,0.0,4.5,0.6,0.52
1788455414.18,turning,8.673,7.496,143.4,0,9,135,9.125,7.075,173.6,0.618,3.11,0.0,4.5,0.6,0.52
1788455414.231,turning,8.673,7.496,143.4,0,9,135,9.125,7.075,173.6,0.618,3.11,0.0,4.5,0.6,0.52
1788455414.284,turning,8.673,7.496,143.4,0,9,135,9.125,7.075,173.6,0.618,3.11,0.0,4.5,0.6,0.52
1788455414.339,turning,8.673,7.496,143.4,0,9,135,9.125,7.075,173.6,0.618,3.11,0.0,4.5,0.6,0.52
1788455414.391,turning,8.673,7.496,143.4,0,9,135,9.125,7.075,173.6,0.618,3.11,0.0,4.5,0.6,0.52
1788455414.445,turning,8.673,7.496,143.4,0,9,135,9.125,7.075,173.6,0.618,3.11,0.0,4.5,0.6,0.52
1788455414.498,turning,8.673,7.496,143.4,0,9,135,9.125,7.075,173.6,0.618,3.11,0.0,4.5,0.6,0.52
1788455414.553,turning,8.673,7.496,143.4,0,9,135,9.125,7.075,173.6,0.618,3.11,0.0,4.5,0.6,0.52
1788455414.616,turning,8.673,7.496,143.4,0,9,135,9.125,7.075,173.6,0.618,3.11,0.0,4.5,0.6,0.52
1788455414.679,turning,8.673,7.496,143.4,0,9,135,9.125,7.075,173.6,0.618,3.11,0.0,4.5,0.6,0.52
1788455414.735,turning,8.673,7.496,143.4,0,9,135,9.125,7.075,173.6,0.618,3.11,0.0,4.5,0.6,0.52
1788455414.79,turning,8.673,7.496,143.4,0,9,135,9.125,7.075,173.6,0.618,3.11,0.0,4.5,0.6,0.52
1788455414.841,turning,8.673,7.496,143.4,0,9,135,9.125,7.075,173.6,0.618,3.11,0.0,4.5,0.6,0.52
1788455414.894,turning,8.673,7.496,143.4,0,9,135,9.125,7.075,173.6,0.618,3.11,0.0,4.5,0.6,0.52
1788455414.945,turning,8.673,7.496,143.4,0,9,135,9.125,7.075,173.6,0.618,3.11,0.0,4.5,0.6,0.52
1788455414.998,turning,8.673,7.496,143.4,0,9,135,9.125,7.075,173.6,0.618,3.11,0.0,4.5,0.6,0.52
1788455415.05,turning,8.673,7.496,143.4,0,9,135,9.125,7.075,173.6,0.618,3.11,0.0,4.5,0.6,0.52
1788455415.1,turning,8.673,7.496,143.4,0,9,135,9.125,7.075,173.6,0.618,3.11,0.0,4.5,0.6,0.52
1788455415.153,turning,8.673,7.496,143.4,0,9,135,9.125,7.075,173.6,0.618,3.11,0.0,4.5,0.6,0.52
1788455415.205,turning,8.673,7.496,143.4,0,9,135,9.125,7.075,173.6,0.618,3.11,0.0,4.5,0.6,0.52
1788455415.258,turning,8.673,7.496,143.4,0,9,135,9.125,7.075,173.6,0.618,3.11,0.0,4.5,0.6,0.52
1788455415.314,turning,8.673,7.496,143.4,0,9,135,9.125,7.075,173.6,0.618,3.11,0.0,4.5,0.6,0.52
1788455415.373,turning,8.673,7.496,143.4,0,9,135,9.125,7.075,173.6,0.618,3.11,0.0,4.5,0.6,0.52
1788455415.438,turning,8.673,7.496,143.4,0,9,135,9.125,7.075,173.6,0.618,3.11,0.0,4.5,0.6,0.52
1788455415.496,turning,8.673,7.496,143.4,0,9,135,9.125,7.075,173.6,0.618,3.11,0.0,4.5,0.6,0.52
1788455415.555,turning,8.673,7.496,143.4,0,9,135,9.125,7.075,173.6,0.618,3.11,0.0,4.5,0.6,0.52
1788455415.608,turning,8.673,7.496,143.4,0,9,135,9.125,7.075,173.6,0.618,3.11,0.0,4.5,0.6,0.52
1788455415.661,turning,8.673,7.496,143.4,0,9,135,9.125,7.075,173.6,0.618,3.11,0.0,4.5,0.6,0.52
1788455415.713,turning,8.673,7.496,143.4,0,9,135,9.125,7.075,173.6,0.618,3.11,0.0,4.5,0.6,0.52
1788455415.764,turning,8.673,7.496,143.4,0,9,135,9.125,7.075,173.6,0.618,3.11,0.0,4.5,0.6,0.52
1788455415.816,turning,8.673,7.496,143.4,0,9,135,9.125,7.075,173.6,0.618,3.11,0.0,4.5,0.6,0.52
1788455415.869,turning,8.673,7.496,143.4,0,9,135,9.125,7.075,173.6,0.618,3.11,0.0,4.5,0.6,0.52
1788455415.922,turning,8.673,7.496,143.4,0,9,135,9.125,7.075,173.6,0.618,3.11,0.0,4.5,0.6,0.52
1788455415.976,turning,8.673,7.496,143.4,0,9,135,9.125,7.075,173.6,0.618,3.11,0.0,4.5,0.6,0.52
1788455416.027,turning,8.673,7.496,143.4,0,9,135,9.125,7.075,173.6,0.618,3.11,0.0,4.5,0.6,0.52
1788455416.084,turning,8.673,7.496,143.4,0,9,135,9.125,7.075,173.6,0.618,3.11,0.0,4.5,0.6,0.52
1788455416.14,turning,8.673,7.496,143.4,0,9,135,9.125,7.075,173.6,0.618,3.11,0.0,4.5,0.6,0.52
1788455416.202,turning,8.673,7.496,143.4,0,9,135,9.125,7.075,173.6,0.618,3.11,0.0,4.5,0.6,0.52
1788455416.263,turning,8.673,7.496,143.4,0,9,135,9.125,7.075,173.6,0.618,3.11,0.0,4.5,0.6,0.52
1788455416.322,turning,8.673,7.496,143.4,0,9,135,9.125,7.075,173.6,0.618,3.11,0.0,4.5,0.6,0.52
1788455416.376,turning,8.673,7.496,143.4,0,9,135,9.125,7.075,173.6,0.618,3.11,0.0,4.5,0.6,0.52
1788455416.431,turning,8.673,7.496,143.4,0,9,135,9.125,7.075,173.6,0.618,3.11,0.0,4.5,0.6,0.52
1788455416.482,turning,8.673,7.496,143.4,0,9,135,9.125,7.075,173.6,0.618,3.11,0.0,4.5,0.6,0.52
1788455416.535,turning,8.673,7.496,143.4,0,9,135,9.125,7.075,173.6,0.618,3.11,0.0,4.5,0.6,0.52
1788455416.586,turning,8.673,7.496,143.4,0,9,135,9.125,7.075,173.6,0.618,3.11,0.0,4.5,0.6,0.52
1788455416.636,turning,8.673,7.496,143.4,0,9,135,9.125,7.075,173.6,0.618,3.11,0.0,4.5,0.6,0.52
1788455416.688,turning,8.673,7.496,143.4,0,9,135,9.125,7.075,173.6,0.618,3.11,0.0,4.5,0.6,0.52
1788455416.739,turning,8.673,7.496,143.4,0,9,135,9.125,7.075,173.6,0.618,3.11,0.0,4.5,0.6,0.52
1788455416.792,turning,8.673,7.496,143.4,0,9,135,9.125,7.075,173.6,0.618,3.11,0.0,4.5,0.6,0.52
1788455416.843,turning,8.673,7.496,143.4,0,9,135,9.125,7.075,173.6,0.618,3.11,0.0,4.5,0.6,0.52
1788455416.9,turning,8.673,7.496,143.4,0,9,135,9.125,7.075,173.6,0.618,3.11,0.0,4.5,0.6,0.52
1788455416.957,turning,8.673,7.496,143.4,0,9,135,9.125,7.075,173.6,0.618,3.11,0.0,4.5,0.6,0.52
1788455417.018,turning,8.673,7.496,143.4,0,9,135,9.125,7.075,173.6,0.618,3.11,0.0,4.5,0.6,0.52
1788455417.08,turning,8.673,7.496,143.4,0,9,135,9.125,7.075,173.6,0.618,3.11,0.0,4.5,0.6,0.52
1788455417.135,turning,8.673,7.496,143.4,0,9,135,9.125,7.075,173.6,0.618,3.11,0.0,4.5,0.6,0.52
1788455417.191,turning,8.673,7.496,143.4,0,9,135,9.125,7.075,173.6,0.618,3.11,0.0,4.5,0.6,0.52
1788455417.241,turning,8.673,7.496,143.4,0,9,135,9.125,7.075,173.6,0.618,3.11,0.0,4.5,0.6,0.52
1788455417.298,turning,8.673,7.496,143.4,0,9,135,9.125,7.075,173.6,0.618,3.11,0.0,4.5,0.6,0.52
1788455417.349,turning,8.673,7.496,143.4,0,9,135,9.125,7.075,173.6,0.618,3.11,0.0,4.5,0.6,0.52
1788455417.407,turning,8.673,7.496,143.4,0,9,135,9.125,7.075,173.6,0.618,3.11,0.0,4.5,0.6,0.52
1788455417.46,turning,8.673,7.496,143.4,0,9,135,9.125,7.075,173.6,0.618,3.11,0.0,4.5,0.6,0.52
1788455417.513,turning,8.673,7.496,143.4,0,9,135,9.125,7.075,173.6,0.618,3.11,0.0,4.5,0.6,0.52
1788455417.565,turning,8.673,7.496,143.4,0,9,135,9.125,7.075,173.6,0.618,3.11,0.0,4.5,0.6,0.52
1788455417.618,turning,8.673,7.496,143.4,0,9,135,9.125,7.075,173.6,0.618,3.11,0.0,4.5,0.6,0.52
1788455417.674,turning,8.673,7.496,143.4,0,9,135,9.125,7.075,173.6,0.618,3.11,0.0,4.5,0.6,0.52
1788455417.731,turning,8.673,7.496,143.4,0,9,135,9.125,7.075,173.6,0.618,3.11,0.0,4.5,0.6,0.52
1788455417.792,turning,8.673,7.496,143.4,0,9,135,9.125,7.075,173.6,0.618,3.11,0.0,4.5,0.6,0.52
1788455417.849,turning,8.673,7.496,143.4,0,9,135,9.125,7.075,173.6,0.618,3.11,0.0,4.5,0.6,0.52
1788455417.912,turning,8.673,7.496,143.4,0,9,135,9.125,7.075,173.6,0.618,3.11,0.0,4.5,0.6,0.52
1788455417.968,turning,8.673,7.496,143.4,0,9,135,9.125,7.075,173.6,0.618,3.11,0.0,4.5,0.6,0.52
1788455418.023,turning,8.673,7.496,143.4,0,9,135,9.125,7.075,173.6,0.618,3.11,0.0,4.5,0.6,0.52
1788455418.077,turning,8.673,7.496,143.4,0,9,135,9.125,7.075,173.6,0.618,3.11,0.0,4.5,0.6,0.52
1788455418.129,turning,8.673,7.496,143.4,0,9,135,9.125,7.075,173.6,0.618,3.11,0.0,4.5,0.6,0.52
1788455418.183,turning,8.673,7.496,143.4,0,9,135,9.125,7.075,173.6,0.618,3.11,0.0,4.5,0.6,0.52
1788455418.233,turning,8.673,7.496,143.4,0,9,135,9.125,7.075,173.6,0.618,3.11,0.0,4.5,0.6,0.52
1788455418.285,turning,8.673,7.496,143.4,0,9,135,9.125,7.075,173.6,0.618,3.11,0.0,4.5,0.6,0.52
1788455418.336,turning,8.673,7.496,143.4,0,9,135,9.125,7.075,173.6,0.618,3.11,0.0,4.5,0.6,0.52
1788455418.389,turning,8.673,7.496,143.4,0,9,135,9.125,7.075,173.6,0.618,3.11,0.0,4.5,0.6,0.52
1788455418.441,turning,8.673,7.496,143.4,0,9,135,9.125,7.075,173.6,0.618,3.11,0.0,4.5,0.6,0.52
1788455418.498,turning,8.673,7.496,143.4,0,9,135,9.125,7.075,173.6,0.618,3.11,0.0,4.5,0.6,0.52
1788455418.556,turning,8.673,7.496,143.4,0,9,135,9.125,7.075,173.6,0.618,3.11,0.0,4.5,0.6,0.52
1788455418.617,turning,8.673,7.496,143.4,0,9,135,9.125,7.075,173.6,0.618,3.11,0.0,4.5,0.6,0.52
1788455418.676,turning,8.673,7.496,143.4,0,9,135,9.125,7.075,173.6,0.618,3.11,0.0,4.5,0.6,0.52
1788455418.732,turning,8.673,7.496,143.4,0,9,135,9.125,7.075,173.6,0.618,3.11,0.0,4.5,0.6,0.52
1788455418.786,turning,8.673,7.496,143.4,0,9,135,9.125,7.075,173.6,0.618,3.11,0.0,4.5,0.6,0.52
1788455418.843,turning,8.673,7.496,143.4,0,9,135,9.125,7.075,173.6,0.618,3.11,0.0,4.5,0.6,0.52
1788455418.9,turning,8.673,7.496,143.4,0,9,135,9.125,7.075,173.6,0.618,3.11,0.0,4.5,0.6,0.52
1788455418.953,turning,8.673,7.496,143.4,0,9,135,9.125,7.075,173.6,0.618,3.11,0.0,4.5,0.6,0.52
1788455419.004,turning,8.673,7.496,143.4,0,9,135,9.125,7.075,173.6,0.618,3.11,0.0,4.5,0.6,0.52
1788455419.057,turning,8.673,7.496,143.4,0,9,135,9.125,7.075,173.6,0.618,3.11,0.0,4.5,0.6,0.52
1788455419.112,turning,8.673,7.496,143.4,0,9,135,9.125,7.075,173.6,0.618,3.11,0.0,4.5,0.6,0.52
1788455419.163,turning,8.673,7.496,143.4,0,9,135,9.125,7.075,173.6,0.618,3.11,0.0,4.5,0.6,0.52
1788455419.215,turning,8.673,7.496,143.4,0,9,135,9.125,7.075,173.6,0.618,3.11,0.0,4.5,0.6,0.52
1788455419.271,turning,8.673,7.496,143.4,0,9,135,9.125,7.075,173.6,0.618,3.11,0.0,4.5,0.6,0.52
1788455419.33,turning,8.673,7.496,143.4,0,9,135,9.125,7.075,173.6,0.618,3.11,0.0,4.5,0.6,0.52
1788455419.396,turning,8.673,7.496,143.4,0,9,135,9.125,7.075,173.6,0.618,3.11,0.0,4.5,0.6,0.52
1788455419.451,turning,8.673,7.496,143.4,0,9,135,9.125,7.075,173.6,0.618,3.11,0.0,4.5,0.6,0.52
1788455419.506,turning,8.673,7.496,143.4,0,9,135,9.125,7.075,173.6,0.618,3.11,0.0,4.5,0.6,0.52
1788455419.556,turning,8.673,7.496,143.4,0,9,135,9.125,7.075,173.6,0.618,3.11,0.0,4.5,0.6,0.52
1788455419.611,turning,8.673,7.496,143.4,0,9,135,9.125,7.075,173.6,0.618,3.11,0.0,4.5,0.6,0.52
1788455419.662,turning,8.673,7.496,143.4,0,9,135,9.125,7.075,173.6,0.618,3.11,0.0,4.5,0.6,0.52
1788455419.715,turning,8.673,7.496,143.4,0,9,135,9.125,7.075,173.6,0.618,3.11,0.0,4.5,0.6,0.52
1788455419.766,turning,8.673,7.496,143.4,0,9,135,9.125,7.075,173.6,0.618,3.11,0.0,4.5,0.6,0.52
1788455419.818,turning,8.673,7.496,143.4,0,9,135,9.125,7.075,173.6,0.618,3.11,0.0,4.5,0.6,0.52
1788455419.87,turning,8.673,7.496,143.4,0,9,135,9.125,7.075,173.6,0.618,3.11,0.0,4.5,0.6,0.52
1788455419.924,turning,8.673,7.496,143.4,0,9,135,9.125,7.075,173.6,0.618,3.11,0.0,4.5,0.6,0.52
1788455419.987,turning,8.673,7.496,143.4,0,9,135,9.125,7.075,173.6,0.618,3.11,0.0,4.5,0.6,0.52
1788455420.046,turning,8.673,7.496,143.4,0,9,135,9.125,7.075,173.6,0.618,3.11,0.0,4.5,0.6,0.52
1788455420.047,turning,8.673,7.496,143.4,0,9,135,9.125,7.075,173.6,0.618,3.11,0.0,4.5,0.6,0.52
1788455420.169,turning,8.673,7.496,143.4,0,9,135,9.125,7.075,173.6,0.618,3.11,0.0,4.5,0.6,0.52
1788455420.228,turning,8.673,7.496,143.4,0,9,135,9.125,7.075,173.6,0.618,3.11,0.0,4.5,0.6,0.52
1788455420.284,turning,8.673,7.496,143.4,0,9,135,9.125,7.075,173.6,0.618,3.11,0.0,4.5,0.6,0.52
1788455420.336,turning,8.673,7.496,143.4,0,9,135,9.125,7.075,173.6,0.618,3.11,0.0,4.5,0.6,0.52
1788455420.388,turning,8.673,7.496,143.4,0,9,135,9.125,7.075,173.6,0.618,3.11,0.0,4.5,0.6,0.52
1788455420.442,turning,8.673,7.496,143.4,0,9,135,9.125,7.075,173.6,0.618,3.11,0.0,4.5,0.6,0.52
1788455420.492,turning,8.673,7.496,143.4,0,9,135,9.125,7.075,173.6,0.618,3.11,0.0,4.5,0.6,0.52
1788455420.546,turning,8.673,7.496,143.4,0,9,135,9.125,7.075,173.6,0.618,3.11,0.0,4.5,0.6,0.52
1788455420.599,turning,8.673,7.496,143.4,0,9,135,9.125,7.075,173.6,0.618,3.11,0.0,4.5,0.6,0.52
1788455420.654,turning,8.673,7.496,143.4,0,9,135,9.125,7.075,173.6,0.618,3.11,0.0,4.5,0.6,0.52
1788455420.705,turning,8.673,7.496,143.4,0,9,135,9.125,7.075,173.6,0.618,3.11,0.0,4.5,0.6,0.52
1788455420.757,turning,8.673,7.496,143.4,0,9,135,9.125,7.075,173.6,0.618,3.11,0.0,4.5,0.6,0.52
1788455420.81,turning,8.673,7.496,143.4,0,9,135,9.125,7.075,173.6,0.618,3.11,0.0,4.5,0.6,0.52
1788455420.867,turning,8.673,7.496,143.4,0,9,135,9.125,7.075,173.6,0.618,3.11,0.0,4.5,0.6,0.52
1788455420.931,turning,8.673,7.496,143.4,0,9,135,9.125,7.075,173.6,0.618,3.11,0.0,4.5,0.6,0.52
1788455420.988,turning,8.673,7.496,143.4,0,9,135,9.125,7.075,173.6,0.618,3.11,0.0,4.5,0.6,0.52
1788455421.046,turning,8.673,7.496,143.4,0,9,135,9.125,7.075,173.6,0.618,3.11,0.0,4.5,0.6,0.52
1788455421.1,turning,8.673,7.496,143.4,0,9,135,9.125,7.075,173.6,0.618,3.11,0.0,4.5,0.6,0.52
1788455421.153,turning,8.673,7.496,143.4,0,9,135,9.125,7.075,173.6,0.618,3.11,0.0,4.5,0.6,0.52
1788455421.205,turning,8.673,7.496,143.4,0,9,135,9.125,7.075,173.6,0.618,3.11,0.0,4.5,0.6,0.52
1788455421.259,turning,8.673,7.496,143.4,0,9,135,9.125,7.075,173.6,0.618,3.11,0.0,4.5,0.6,0.52
1788455421.319,turning,8.673,7.496,143.4,0,9,135,9.125,7.075,173.6,0.618,3.11,0.0,4.5,0.6,0.52
1788455421.375,turning,8.673,7.496,143.4,0,9,135,9.125,7.075,173.6,0.618,3.11,0.0,4.5,0.6,0.52
1788455421.429,turning,8.673,7.496,143.4,0,9,135,9.125,7.075,173.6,0.618,3.11,0.0,4.5,0.6,0.52
1788455421.481,turning,8.673,7.496,143.4,0,9,135,9.125,7.075,173.6,0.618,3.11,0.0,4.5,0.6,0.52
1788455421.531,turning,8.673,7.496,143.4,0,9,135,9.125,7.075,173.6,0.618,3.11,0.0,4.5,0.6,0.52
1788455421.589,turning,8.673,7.496,143.4,0,9,135,9.125,7.075,173.6,0.618,3.11,0.0,4.5,0.6,0.52
1788455421.655,turning,8.673,7.496,143.4,0,9,135,9.125,7.075,173.6,0.618,3.11,0.0,4.5,0.6,0.52
1788455421.712,turning,8.673,7.496,143.4,0,9,135,9.125,7.075,173.6,0.618,3.11,0.0,4.5,0.6,0.52
1788455421.775,turning,8.673,7.496,143.4,0,9,135,9.125,7.075,173.6,0.618,3.11,0.0,4.5,0.6,0.52
1788455421.835,turning,8.673,7.496,143.4,0,9,135,9.125,7.075,173.6,0.618,3.11,0.0,4.5,0.6,0.52
1788455421.891,turning,8.673,7.496,143.4,0,9,135,9.125,7.075,173.6,0.618,3.11,0.0,4.5,0.6,0.52
1788455421.944,turning,8.673,7.496,143.4,0,9,135,9.125,7.075,173.6,0.618,3.11,0.0,4.5,0.6,0.52
1788455421.994,turning,8.673,7.496,143.4,0,9,135,9.125,7.075,173.6,0.618,3.11,0.0,4.5,0.6,0.52
1788455422.045,turning,8.673,7.496,143.4,0,9,135,9.125,7.075,173.6,0.618,3.11,0.0,4.5,0.6,0.52
1788455422.1,turning,8.673,7.496,143.4,0,9,135,9.125,7.075,173.6,0.618,3.11,0.0,4.5,0.6,0.52
1788455422.153,turning,8.673,7.496,143.4,0,9,135,9.125,7.075,173.6,0.618,3.11,0.0,4.5,0.6,0.52
1788455422.206,turning,8.673,7.496,143.4,0,9,135,9.125,7.075,173.6,0.618,3.11,0.0,4.5,0.6,0.52
1788455422.259,turning,8.673,7.496,143.4,0,9,135,9.125,7.075,173.6,0.618,3.11,0.0,4.5,0.6,0.52
1788455422.312,turning,8.673,7.496,143.4,0,9,135,9.125,7.075,173.6,0.618,3.11,0.0,4.5,0.6,0.52
1788455422.367,turning,8.673,7.496,143.4,0,9,135,9.125,7.075,173.6,0.618,3.11,0.0,4.5,0.6,0.52
1788455422.421,turning,8.673,7.496,143.4,0,9,135,9.125,7.075,173.6,0.618,3.11,0.0,4.5,0.6,0.52
1788455422.486,turning,8.673,7.496,143.4,0,9,135,9.125,7.075,173.6,0.618,3.11,0.0,4.5,0.6,0.52
1788455422.544,turning,8.673,7.496,143.4,0,9,135,9.125,7.075,173.6,0.618,3.11,0.0,4.5,0.6,0.52
1788455422.608,turning,8.673,7.496,143.4,0,9,135,9.125,7.075,173.6,0.618,3.11,0.0,4.5,0.6,0.52
1788455422.664,turning,8.673,7.496,143.4,0,9,135,9.125,7.075,173.6,0.618,3.11,0.0,4.5,0.6,0.52
1788455422.715,turning,8.673,7.496,143.4,0,9,135,9.125,7.075,173.6,0.618,3.11,0.0,4.5,0.6,0.52
1788455422.769,turning,8.673,7.496,143.4,0,9,135,9.125,7.075,173.6,0.618,3.11,0.0,4.5,0.6,0.52
1788455422.82,turning,8.673,7.496,143.4,0,9,135,9.125,7.075,173.6,0.618,3.11,0.0,4.5,0.6,0.52
1788455422.871,turning,8.673,7.496,143.4,0,9,135,9.125,7.075,173.6,0.618,3.11,0.0,4.5,0.6,0.52
1788455422.924,turning,8.673,7.496,143.4,0,9,135,9.125,7.075,173.6,0.618,3.11,0.0,4.5,0.6,0.52
1788455422.975,turning,8.673,7.496,143.4,0,9,135,9.125,7.075,173.6,0.618,3.11,0.0,4.5,0.6,0.52
1788455423.028,turning,8.673,7.496,143.4,0,9,135,9.125,7.075,173.6,0.618,3.11,0.0,4.5,0.6,0.52
1788455423.081,turning,8.673,7.496,143.4,0,9,135,9.125,7.075,173.6,0.618,3.11,0.0,4.5,0.6,0.52
1788455423.134,turning,8.673,7.496,143.4,0,9,135,9.125,7.075,173.6,0.618,3.11,0.0,4.5,0.6,0.52
1788455423.194,turning,8.673,7.496,143.4,0,9,135,9.125,7.075,173.6,0.618,3.11,0.0,4.5,0.6,0.52
1788455423.256,turning,8.673,7.496,143.4,0,9,135,9.125,7.075,173.6,0.618,3.11,0.0,4.5,0.6,0.52
1788455423.316,turning,8.673,7.496,143.4,0,9,135,9.125,7.075,173.6,0.618,3.11,0.0,4.5,0.6,0.52
1788455423.379,turning,8.673,7.496,143.4,0,9,135,9.125,7.075,173.6,0.618,3.11,0.0,4.5,0.6,0.52
1788455423.433,turning,8.673,7.496,143.4,0,9,135,9.125,7.075,173.6,0.618,3.11,0.0,4.5,0.6,0.52
1788455423.489,turning,8.673,7.496,143.4,0,9,135,9.125,7.075,173.6,0.618,3.11,0.0,4.5,0.6,0.52
1788455423.542,turning,8.673,7.496,143.4,0,9,135,9.125,7.075,173.6,0.618,3.11,0.0,4.5,0.6,0.52
1788455423.593,turning,8.673,7.496,143.4,0,9,135,9.125,7.075,173.6,0.618,3.11,0.0,4.5,0.6,0.52
1788455423.645,turning,8.673,7.496,143.4,0,9,135,9.125,7.075,173.6,0.618,3.11,0.0,4.5,0.6,0.52
1788455423.697,turning,8.673,7.496,143.4,0,9,135,9.125,7.075,173.6,0.618,3.11,0.0,4.5,0.6,0.52
1788455423.748,turning,8.673,7.496,143.4,0,9,135,9.125,7.075,173.6,0.618,3.11,0.0,4.5,0.6,0.52
1788455423.8,turning,8.673,7.496,143.4,0,9,135,9.125,7.075,173.6,0.618,3.11,0.0,4.5,0.6,0.52
1788455423.853,turning,8.673,7.496,145.4,0,9,135,9.125,7.075,171.6,0.618,3.11,0.0,4.5,0.6,0.52
1788455423.908,turning,8.673,7.496,148.1,0,9,135,9.125,7.075,168.9,0.618,3.11,0.0,4.5,0.6,0.52
1788455423.967,turning,8.673,7.496,150.8,0,9,135,9.125,7.075,166.2,0.618,3.11,0.0,4.5,0.6,0.52
1788455424.031,turning,8.673,7.496,156.7,0,9,135,9.125,7.075,160.3,0.618,3.11,0.0,4.5,0.6,0.53
1788455424.091,turning,8.673,7.496,160.0,0,9,135,9.125,7.075,157.0,0.618,3.11,0.0,4.5,0.6,0.53
1788455424.152,turning,8.673,7.496,166.5,0,9,135,9.125,7.075,150.5,0.618,3.11,0.0,4.5,0.6,0.42
1788455424.21,turning,8.673,7.496,169.8,0,9,135,9.125,7.075,147.2,0.618,3.11,0.0,4.5,0.6,0.42
1788455424.266,turning,8.673,7.496,175.9,0,9,135,9.125,7.075,141.1,0.618,3.11,0.0,4.464,0.6,0.37
1788455424.322,turning,8.673,7.496,178.6,0,9,135,9.125,7.075,138.4,0.618,3.11,0.0,4.323,0.6,0.37
1788455424.379,turning,8.673,7.496,-176.0,0,9,135,9.125,7.075,133.1,0.618,3.11,0.0,4.041,0.6,0.39
1788455424.432,turning,8.673,7.496,-173.4,0,9,135,9.125,7.075,130.4,0.618,3.11,0.0,3.901,0.6,0.39
1788455424.489,turning,8.683,7.489,-168.0,0,9,135,9.125,7.075,125.0,0.606,3.121,0.0,3.618,0.6,0.4
1788455424.544,turning,8.691,7.483,-165.3,0,9,135,9.125,7.075,122.3,0.596,3.129,0.0,3.479,0.6,0.4
1788455424.599,turning,8.699,7.473,-160.7,0,9,135,9.125,7.075,117.7,0.583,3.139,0.0,3.24,0.6,0.41
1788455424.652,turning,8.702,7.468,-158.6,1,10,135,9.125,7.025,115.4,0.613,3.142,0.0,3.128,0.6,0.41
1788455424.707,turning,8.709,7.462,-155.1,1,10,135,9.125,7.025,111.7,0.603,3.15,0.0,2.945,0.6,0.42
1788455424.762,turning,8.713,7.459,-153.5,1,10,135,9.125,7.025,109.9,0.598,3.154,0.0,2.86,0.6,0.42
1788455424.819,turning,8.714,7.458,-150.8,1,10,135,9.125,7.025,107.1,0.596,3.155,0.0,2.721,0.6,0.42
1788455424.884,turning,8.713,7.458,-149.6,1,10,135,9.125,7.025,105.7,0.597,3.154,0.0,2.657,0.6,0.42
1788455424.962,turning,8.711,7.457,-148.5,1,10,135,9.125,7.025,104.4,0.599,3.152,0.0,2.598,0.6,0.43
1788455425.021,turning,8.703,7.454,-146.2,1,10,135,9.125,7.025,102.1,0.602,3.144,0.0,2.479,0.6,0.43
1788455425.077,turning,8.702,7.453,-145.1,1,10,135,9.125,7.025,100.9,0.602,3.143,0.0,2.422,0.6,0.43
1788455425.133,turning,8.705,7.451,-143.2,1,10,135,9.125,7.025,98.9,0.598,3.147,0.0,2.4,0.6,0.43
1788455425.184,turning,8.708,7.452,-142.3,1,10,135,9.125,7.025,97.9,0.597,3.15,0.0,2.4,0.6,0.43
1788455425.237,turning,8.716,7.458,-140.4,1,10,135,9.125,7.025,95.8,0.596,3.157,0.0,2.4,0.6,0.43
1788455425.292,turning,8.717,7.459,-139.5,1,10,135,9.125,7.025,94.8,0.596,3.158,0.0,2.4,0.6,0.43
1788455425.345,turning,8.717,7.459,-137.9,1,10,135,9.125,7.025,93.1,0.596,3.158,0.0,2.4,0.6,0.43
1788455425.398,turning,8.719,7.46,-137.1,1,10,135,9.125,7.025,92.2,0.595,3.159,0.0,2.4,0.6,0.44
1788455425.453,turning,8.723,7.461,-135.6,1,10,135,9.125,7.025,90.6,0.593,3.164,0.0,2.4,0.6,0.44
1788455425.509,turning,8.724,7.461,-134.8,1,10,135,9.125,7.025,89.6,0.592,3.164,0.0,2.4,0.6,0.44
1788455425.567,turning,8.724,7.461,-133.2,1,10,135,9.125,7.025,87.9,0.592,3.164,0.0,2.4,0.6,0.44
1788455425.628,turning,8.725,7.456,-132.2,1,10,135,9.125,7.025,86.7,0.589,3.166,0.0,2.4,0.6,0.44
1788455425.693,turning,8.726,7.446,-130.1,1,10,135,9.125,7.025,84.6,0.579,3.169,0.0,2.4,0.6,0.44
1788455425.752,turning,8.726,7.445,-129.2,1,10,135,9.125,7.025,83.6,0.579,3.169,0.0,2.4,0.6,0.44
1788455425.809,turning,8.726,7.445,-127.6,1,10,135,9.125,7.025,82.0,0.579,3.169,0.0,2.4,0.6,0.44
1788455425.865,turning,8.726,7.445,-126.8,1,10,135,9.125,7.025,81.1,0.579,3.169,0.0,2.4,0.6,0.44
1788455425.918,turning,8.726,7.445,-125.9,1,10,135,9.125,7.025,80.2,0.579,3.169,0.0,2.4,0.6,0.44
1788455425.975,turning,8.724,7.447,-124.2,1,10,135,9.125,7.025,78.5,0.582,3.166,0.0,2.4,0.6,0.44
1788455426.028,turning,8.721,7.448,-123.3,1,10,135,9.125,7.025,77.6,0.585,3.163,0.0,2.4,0.6,0.44
1788455426.082,turning,8.718,7.45,-121.7,1,10,135,9.125,7.025,75.8,0.588,3.16,0.0,2.4,0.6,0.44
1788455426.134,turning,8.718,7.45,-120.8,1,10,135,9.125,7.025,75.0,0.588,3.16,0.0,2.4,0.6,0.44
1788455426.189,turning,8.718,7.45,-119.2,1,10,135,9.125,7.025,73.3,0.588,3.16,0.0,2.4,0.6,0.44
1788455426.244,turning,8.718,7.45,-118.4,1,10,135,9.125,7.025,72.5,0.588,3.16,0.0,2.4,0.6,0.44
1788455426.3,turning,8.718,7.449,-116.6,1,10,135,9.125,7.025,70.7,0.588,3.16,0.0,2.4,0.6,0.44
1788455426.361,turning,8.717,7.449,-116.2,1,10,135,9.125,7.025,70.3,0.588,3.159,0.0,2.4,0.6,0.44
1788455426.421,turning,8.717,7.448,-116.1,1,10,135,9.125,7.025,70.2,0.588,3.159,0.0,2.4,0.6,0.45
1788455426.484,turning,8.717,7.448,-116.1,1,10,135,9.125,7.025,70.2,0.588,3.159,0.0,2.4,0.6,0.45
1788455426.545,turning,8.717,7.448,-116.1,1,10,135,9.125,7.025,70.2,0.588,3.159,0.0,2.4,0.6,0.45
1788455426.601,turning,8.717,7.448,-116.1,1,10,135,9.125,7.025,70.2,0.588,3.159,0.0,2.4,0.6,0.45
1788455426.657,turning,8.719,7.454,-116.2,1,10,135,9.125,7.025,70.2,0.59,3.161,0.0,2.4,0.6,0.45
1788455426.707,turning,8.721,7.458,-116.3,1,10,135,9.125,7.025,70.2,0.592,3.162,0.0,2.4,0.6,0.45
1788455426.76,turning,8.722,7.461,-116.3,1,10,135,9.125,7.025,70.2,0.594,3.163,0.0,2.4,0.6,0.45
1788455426.812,turning,8.722,7.461,-116.3,1,10,135,9.125,7.025,70.1,0.594,3.163,0.0,2.4,0.6,0.45
1788455426.867,turning,8.722,7.461,-116.3,1,10,135,9.125,7.025,70.0,0.594,3.163,0.0,2.4,0.6,0.45
1788455426.918,turning,8.722,7.461,-116.3,1,10,135,9.125,7.025,70.0,0.594,3.163,0.0,2.4,0.6,0.45
1788455426.97,turning,8.722,7.461,-116.3,1,10,135,9.125,7.025,69.9,0.594,3.163,0.0,2.4,0.6,0.45
1788455427.022,turning,8.722,7.461,-116.3,1,10,135,9.125,7.025,69.9,0.594,3.163,0.0,2.4,0.6,0.45
1788455427.023,turning,8.722,7.461,-116.3,1,10,135,9.125,7.025,69.8,0.594,3.163,0.0,2.4,0.6,0.45
1788455427.134,turning,8.722,7.461,-116.3,0,9,136,9.125,7.025,69.8,0.594,3.163,0.0,2.4,0.6,0.45
1788455427.207,turning,8.722,7.461,-116.3,0,9,136,9.125,7.025,69.7,0.594,3.163,0.0,2.4,0.6,0.45
1788455427.268,turning,8.722,7.461,-116.3,0,9,136,9.125,7.025,69.7,0.594,3.163,0.0,2.4,0.6,0.45
1788455427.329,turning,8.722,7.461,-116.3,0,9,136,9.125,7.025,69.6,0.594,3.163,0.0,2.4,0.6,0.45
1788455427.389,turning,8.722,7.461,-116.3,0,9,136,9.125,7.025,69.6,0.594,3.163,0.0,2.4,0.6,0.45
1788455427.442,turning,8.722,7.461,-116.3,0,9,136,9.125,7.025,69.6,0.594,3.163,0.0,2.4,0.6,0.45
1788455427.5,turning,8.722,7.461,-116.3,0,9,136,9.125,7.025,69.5,0.594,3.163,0.0,2.4,0.6,0.45
1788455427.551,turning,8.722,7.461,-116.3,0,9,136,9.125,7.025,69.5,0.594,3.163,0.0,2.4,0.6,0.45
1788455427.604,turning,8.722,7.461,-116.3,0,9,136,9.125,7.025,69.5,0.594,3.163,0.0,2.4,0.6,0.45
1788455427.604,turning,8.722,7.461,-116.3,0,9,136,9.125,7.025,69.5,0.594,3.163,0.0,2.4,0.6,0.45
1788455427.709,turning,8.722,7.461,-116.3,0,9,136,9.125,7.025,69.4,0.594,3.163,0.0,2.4,0.6,0.45
1788455427.76,turning,8.722,7.461,-116.3,0,9,136,9.125,7.025,69.4,0.594,3.163,0.0,2.4,0.6,0.45
1788455427.816,turning,8.722,7.461,-116.3,0,9,136,9.125,7.025,69.4,0.594,3.163,0.0,2.4,0.6,0.45
1788455427.871,turning,8.722,7.461,-116.3,0,9,136,9.125,7.025,69.4,0.594,3.163,0.0,2.4,0.6,0.45
1788455427.928,turning,8.722,7.461,-116.3,0,9,136,9.125,7.025,69.3,0.594,3.163,0.0,2.4,0.6,0.45
1788455427.99,turning,8.722,7.461,-116.3,0,9,136,9.125,7.025,69.3,0.594,3.163,0.0,2.4,0.6,0.45
1788455428.05,turning,8.722,7.461,-116.3,0,9,136,9.125,7.025,69.3,0.594,3.163,0.0,2.4,0.6,0.45
1788455428.113,turning,8.722,7.461,-116.3,0,10,135,9.125,7.025,69.3,0.594,3.163,0.0,2.4,0.6,0.45
1788455428.169,turning,8.722,7.461,-116.3,0,10,135,9.125,7.025,69.3,0.594,3.163,0.0,2.4,0.6,0.45
1788455428.222,turning,8.722,7.461,-116.3,0,10,135,9.125,7.025,69.3,0.594,3.163,0.0,2.4,0.6,0.45
1788455428.276,turning,8.722,7.461,-116.3,0,10,135,9.125,7.025,69.3,0.594,3.163,0.0,2.4,0.6,0.45
1788455428.328,turning,8.722,7.461,-116.3,0,10,135,9.125,7.025,69.2,0.594,3.163,0.0,2.4,0.6,0.45
1788455428.38,turning,8.722,7.461,-116.3,0,10,135,9.125,7.025,69.2,0.594,3.163,0.0,2.4,0.6,0.45
1788455428.431,turning,8.722,7.461,-116.3,0,10,135,9.125,7.025,69.2,0.594,3.163,0.0,2.4,0.6,0.45
1788455428.486,turning,8.722,7.461,-116.3,0,10,135,9.125,7.025,69.2,0.594,3.163,0.0,2.4,0.6,0.45
1788455428.537,turning,8.722,7.461,-116.3,0,10,135,9.125,7.025,69.2,0.594,3.163,0.0,2.4,0.6,0.45
1788455428.588,turning,8.722,7.461,-116.3,0,10,135,9.125,7.025,69.2,0.594,3.163,0.0,2.4,0.6,0.45
1788455428.641,turning,8.722,7.461,-116.3,0,10,135,9.125,7.025,69.2,0.594,3.163,0.0,2.4,0.6,0.45
1788455428.698,turning,8.722,7.461,-116.3,0,10,135,9.125,7.025,69.2,0.594,3.163,0.0,2.4,0.6,0.45
1788455428.755,turning,8.722,7.461,-116.3,0,10,135,9.125,7.025,69.2,0.594,3.163,0.0,2.4,0.6,0.45
1788455428.816,turning,8.722,7.461,-116.3,0,10,135,9.125,7.025,69.2,0.594,3.163,0.0,2.4,0.6,0.45
1788455428.881,turning,8.722,7.461,-116.3,0,10,135,9.125,7.025,69.2,0.594,3.163,0.0,2.4,0.6,0.45
1788455428.938,turning,8.722,7.461,-116.3,0,10,135,9.125,7.025,69.1,0.594,3.163,0.0,2.4,0.6,0.45
1788455428.992,turning,8.722,7.461,-116.3,0,10,135,9.125,7.025,69.1,0.594,3.163,0.0,2.4,0.6,0.45
1788455429.044,turning,8.722,7.461,-116.3,0,10,135,9.125,7.025,69.1,0.594,3.163,0.0,2.4,0.6,0.45
1788455429.097,turning,8.722,7.461,-116.3,0,10,135,9.125,7.025,69.1,0.594,3.163,0.0,2.4,0.6,0.45
1788455429.148,turning,8.722,7.461,-116.3,0,10,135,9.125,7.025,69.1,0.594,3.163,0.0,2.4,0.6,0.45
1788455429.201,turning,8.722,7.461,-116.3,0,10,135,9.125,7.025,69.1,0.594,3.163,0.0,2.4,0.6,0.45
1788455429.252,turning,8.722,7.461,-116.3,0,10,135,9.125,7.025,69.1,0.594,3.163,0.0,2.4,0.6,0.45
1788455429.305,turning,8.722,7.461,-116.3,0,10,135,9.125,7.025,69.1,0.594,3.163,0.0,2.4,0.6,0.45
1788455429.355,turning,8.722,7.461,-116.3,0,10,135,9.125,7.025,69.1,0.594,3.163,0.0,2.4,0.6,0.45
1788455429.409,turning,8.722,7.461,-116.3,0,10,135,9.125,7.025,69.1,0.594,3.163,0.0,2.4,0.6,0.45
1788455429.463,turning,8.722,7.461,-116.3,0,10,135,9.125,7.025,69.1,0.594,3.163,0.0,2.4,0.6,0.45
1788455429.52,turning,8.722,7.461,-116.3,0,10,135,9.125,7.025,69.1,0.594,3.163,0.0,2.4,0.6,0.45
1788455429.576,turning,8.722,7.461,-116.3,0,10,135,9.125,7.025,69.1,0.594,3.163,0.0,2.4,0.6,0.45
1788455429.636,turning,8.722,7.461,-116.3,0,10,135,9.125,7.025,69.1,0.594,3.163,0.0,2.4,0.6,0.45
1788455429.694,turning,8.722,7.461,-116.3,0,10,135,9.125,7.025,69.1,0.594,3.163,0.0,2.4,0.6,0.45
1788455429.748,turning,8.722,7.461,-116.3,0,10,135,9.125,7.025,69.1,0.594,3.163,0.0,2.4,0.6,0.45
1788455429.8,turning,8.722,7.461,-116.3,0,10,135,9.125,7.025,69.1,0.594,3.163,0.0,2.4,0.6,0.45
1788455429.852,turning,8.722,7.461,-116.3,0,10,135,9.125,7.025,69.1,0.594,3.163,0.0,2.4,0.6,0.45
1788455429.906,turning,8.722,7.461,-116.3,0,10,135,9.125,7.025,69.1,0.594,3.163,0.0,2.4,0.6,0.45
1788455429.958,turning,8.722,7.461,-116.3,0,10,135,9.125,7.025,69.1,0.594,3.163,0.0,2.4,0.6,0.45
1788455430.01,turning,8.722,7.461,-116.3,0,10,135,9.125,7.025,69.1,0.594,3.163,0.0,2.4,0.6,0.45
1788455430.062,turning,8.722,7.461,-116.3,0,10,135,9.125,7.025,69.1,0.594,3.163,0.0,2.4,0.6,0.45
1788455430.117,turning,8.722,7.461,-116.3,0,10,135,9.125,7.025,69.1,0.594,3.163,0.0,2.4,0.6,0.45
1788455430.172,turning,8.722,7.461,-116.3,0,10,135,9.125,7.025,69.1,0.594,3.163,0.0,2.4,0.6,0.45
1788455430.224,turning,8.722,7.461,-116.3,0,10,135,9.125,7.025,69.1,0.594,3.163,0.0,2.4,0.6,0.45
1788455430.278,turning,8.722,7.461,-116.3,0,10,135,9.125,7.025,69.1,0.594,3.163,0.0,2.4,0.6,0.45
1788455430.338,turning,8.722,7.461,-116.3,0,10,135,9.125,7.025,69.1,0.594,3.163,0.0,2.4,0.6,0.45
1788455430.401,turning,8.722,7.461,-116.3,0,10,135,9.125,7.025,69.1,0.594,3.163,0.0,2.4,0.6,0.45
1788455430.461,turning,8.722,7.461,-116.3,0,10,135,9.125,7.025,69.1,0.594,3.163,0.0,2.4,0.6,0.45
1788455430.516,turning,8.722,7.461,-116.3,0,10,135,9.125,7.025,69.1,0.594,3.163,0.0,2.4,0.6,0.45
1788455430.57,turning,8.722,7.461,-116.3,0,10,135,9.125,7.025,69.1,0.594,3.163,0.0,2.4,0.6,0.45
1788455430.625,turning,8.722,7.461,-116.3,0,10,135,9.125,7.025,69.1,0.594,3.163,0.0,2.4,0.6,0.45
1788455430.675,turning,8.722,7.461,-116.3,0,10,135,9.125,7.025,69.1,0.594,3.163,0.0,2.4,0.6,0.45
1788455430.728,turning,8.722,7.461,-116.3,0,10,135,9.125,7.025,69.1,0.594,3.163,0.0,2.4,0.6,0.45
1788455430.783,turning,8.722,7.461,-116.3,0,10,135,9.125,7.025,69.1,0.594,3.163,0.0,2.4,0.6,0.45
1788455430.84,turning,8.722,7.461,-116.3,0,10,135,9.125,7.025,69.1,0.594,3.163,0.0,2.4,0.6,0.45
1788455430.891,turning,8.722,7.461,-116.3,0,10,135,9.125,7.025,69.1,0.594,3.163,0.0,2.4,0.6,0.45
1788455430.945,turning,8.722,7.461,-116.3,0,10,135,9.125,7.025,69.1,0.594,3.163,0.0,2.4,0.6,0.45
1788455430.996,turning,8.722,7.461,-116.3,0,10,135,9.125,7.025,69.1,0.594,3.163,0.0,2.4,0.6,0.45
1788455431.053,turning,8.722,7.461,-116.3,0,10,135,9.125,7.025,69.1,0.594,3.163,0.0,2.4,0.6,0.45
1788455431.111,turning,8.722,7.461,-116.3,0,10,135,9.125,7.025,69.1,0.594,3.163,0.0,2.4,0.6,0.45
1788455431.171,turning,8.722,7.461,-116.3,0,10,135,9.125,7.025,69.1,0.594,3.163,0.0,2.4,0.6,0.45
1788455431.233,turning,8.722,7.461,-116.3,0,10,135,9.125,7.025,69.1,0.594,3.163,0.0,2.4,0.6,0.45
1788455431.296,turning,8.722,7.461,-116.3,0,10,135,9.125,7.025,69.1,0.594,3.163,0.0,2.4,0.6,0.45
1788455431.349,turning,8.722,7.461,-116.3,0,10,135,9.125,7.025,69.1,0.594,3.163,0.0,2.4,0.6,0.45
1788455431.401,turning,8.722,7.461,-116.3,0,10,135,9.125,7.025,69.1,0.594,3.163,0.0,2.4,0.6,0.45
1788455431.456,turning,8.722,7.461,-116.3,0,10,135,9.125,7.025,69.1,0.594,3.163,0.0,2.4,0.6,0.45
1788455431.511,turning,8.722,7.461,-116.3,0,10,135,9.125,7.025,69.1,0.594,3.163,0.0,2.4,0.6,0.45
1788455431.563,turning,8.722,7.461,-116.3,0,10,135,9.125,7.025,69.1,0.594,3.163,0.0,2.4,0.6,0.45
1788455431.618,turning,8.722,7.461,-116.3,0,10,135,9.125,7.025,69.1,0.594,3.163,0.0,2.4,0.6,0.45
1788455431.672,turning,8.722,7.461,-116.3,0,10,135,9.125,7.025,69.1,0.594,3.163,0.0,2.4,0.6,0.45
1788455431.726,turning,8.722,7.461,-116.3,0,10,135,9.125,7.025,69.1,0.594,3.163,0.0,2.4,0.6,0.45
1788455431.778,turning,8.722,7.461,-116.3,0,10,135,9.125,7.025,69.1,0.594,3.163,0.0,2.4,0.6,0.45
1788455431.832,turning,8.722,7.461,-116.3,0,10,135,9.125,7.025,69.1,0.594,3.163,0.0,2.4,0.6,0.45
1788455431.886,turning,8.722,7.461,-116.3,0,10,135,9.125,7.025,69.1,0.594,3.163,0.0,2.4,0.6,0.45
1788455431.949,turning,8.722,7.461,-116.3,0,10,135,9.125,7.025,69.1,0.594,3.163,0.0,2.4,0.6,0.45
1788455432.011,turning,8.722,7.461,-116.3,0,10,135,9.125,7.025,69.1,0.594,3.163,0.0,2.4,0.6,0.45
1788455432.07,turning,8.722,7.461,-116.3,0,10,135,9.125,7.025,69.1,0.594,3.163,0.0,2.4,0.6,0.45
1788455432.122,turning,8.722,7.461,-116.3,0,10,135,9.125,7.025,69.1,0.594,3.163,0.0,2.4,0.6,0.45
1788455432.179,turning,8.722,7.461,-116.3,0,10,135,9.125,7.025,69.1,0.594,3.163,0.0,2.4,0.6,0.45
1788455432.233,turning,8.722,7.461,-116.3,0,10,135,9.125,7.025,69.1,0.594,3.163,0.0,2.4,0.6,0.45
1788455432.288,turning,8.722,7.461,-116.3,0,10,135,9.125,7.025,69.1,0.594,3.163,0.0,2.4,0.6,0.45
1788455432.339,turning,8.722,7.461,-116.3,0,10,135,9.125,7.025,69.1,0.594,3.163,0.0,2.4,0.6,0.45
1788455432.394,turning,8.722,7.461,-116.3,0,10,135,9.125,7.025,69.1,0.594,3.163,0.0,2.4,0.6,0.45
1788455432.449,turning,8.722,7.461,-116.3,0,10,135,9.125,7.025,69.1,0.594,3.163,0.0,2.4,0.6,0.45
1788455432.506,turning,8.722,7.461,-116.3,0,10,135,9.125,7.025,69.1,0.594,3.163,0.0,2.4,0.6,0.45
1788455432.56,turning,8.722,7.461,-116.3,0,10,135,9.125,7.025,69.1,0.594,3.163,0.0,2.4,0.6,0.45
1788455432.614,turning,8.722,7.461,-116.3,0,10,135,9.125,7.025,69.1,0.594,3.163,0.0,2.4,0.6,0.45
1788455432.677,turning,8.722,7.461,-116.3,0,10,135,9.125,7.025,69.1,0.594,3.163,0.0,2.4,0.6,0.45
1788455432.737,turning,8.722,7.461,-116.3,0,10,135,9.125,7.025,69.1,0.594,3.163,0.0,2.4,0.6,0.45
1788455432.801,turning,8.722,7.461,-116.3,0,10,135,9.125,7.025,69.1,0.594,3.163,0.0,2.4,0.6,0.45
1788455432.864,turning,8.722,7.461,-116.3,0,10,135,9.125,7.025,69.1,0.594,3.163,0.0,2.4,0.6,0.45
1788455432.918,turning,8.722,7.461,-116.3,0,10,135,9.125,7.025,69.1,0.594,3.163,0.0,2.4,0.6,0.45
1788455432.975,turning,8.722,7.461,-116.3,0,10,135,9.125,7.025,69.1,0.594,3.163,0.0,2.4,0.6,0.45
1788455433.027,turning,8.722,7.461,-116.3,0,10,135,9.125,7.025,69.1,0.594,3.163,0.0,2.4,0.6,0.45
1788455433.082,turning,8.722,7.461,-116.3,0,10,135,9.125,7.025,69.0,0.594,3.163,0.0,2.4,0.6,0.45
1788455433.134,turning,8.722,7.461,-116.3,0,10,135,9.125,7.025,69.0,0.594,3.163,0.0,2.4,0.6,0.45
1788455433.189,turning,8.722,7.461,-116.3,0,10,135,9.125,7.025,69.0,0.594,3.163,0.0,2.4,0.6,0.45
1788455433.24,turning,8.722,7.461,-116.3,0,10,135,9.125,7.025,69.0,0.594,3.163,0.0,2.4,0.6,0.45
1788455433.295,turning,8.722,7.461,-116.3,0,10,135,9.125,7.025,69.0,0.594,3.163,0.0,2.4,0.6,0.45
1788455433.348,turning,8.722,7.461,-116.3,0,10,135,9.125,7.025,69.0,0.594,3.163,0.0,2.4,0.6,0.45
1788455433.404,turning,8.722,7.461,-116.3,0,10,135,9.125,7.025,69.0,0.594,3.163,0.0,2.4,0.6,0.45
1788455433.459,turning,8.722,7.461,-116.3,0,10,135,9.125,7.025,69.0,0.594,3.163,0.0,2.4,0.6,0.45
1788455433.521,turning,8.722,7.461,-116.3,0,10,135,9.125,7.025,69.0,0.594,3.163,0.0,2.4,0.6,0.45
1788455433.579,turning,8.722,7.461,-116.3,0,10,135,9.125,7.025,69.0,0.594,3.163,0.0,2.4,0.6,0.45
1788455433.636,turning,8.722,7.461,-116.3,0,10,135,9.125,7.025,69.0,0.594,3.163,0.0,2.4,0.6,0.45
1788455433.691,turning,8.722,7.461,-116.3,0,10,135,9.125,7.025,69.0,0.594,3.163,0.0,2.4,0.6,0.45
1788455433.745,turning,8.722,7.461,-116.3,0,10,135,9.125,7.025,69.0,0.594,3.163,0.0,2.4,0.6,0.45
1788455433.798,turning,8.722,7.461,-116.3,0,10,135,9.125,7.025,69.0,0.594,3.163,0.0,2.4,0.6,0.45
1788455433.85,turning,8.722,7.461,-116.3,0,10,135,9.125,7.025,69.0,0.594,3.163,0.0,2.4,0.6,0.45
1788455433.905,turning,8.722,7.461,-116.3,0,10,135,9.125,7.025,69.0,0.594,3.163,0.0,2.4,0.6,0.45
1788455433.959,turning,8.722,7.461,-116.3,0,10,135,9.125,7.025,69.0,0.594,3.163,0.0,2.4,0.6,0.45
1788455433.959,turning,8.722,7.461,-116.3,0,10,135,9.125,7.025,69.0,0.594,3.163,0.0,2.4,0.6,0.45
1788455434.064,turning,8.722,7.461,-116.3,0,10,135,9.125,7.025,69.0,0.594,3.163,0.0,2.4,0.6,0.45
1788455434.119,turning,8.722,7.461,-116.3,0,10,135,9.125,7.025,69.0,0.594,3.163,0.0,2.4,0.6,0.45
1788455434.176,turning,8.722,7.461,-116.3,0,10,135,9.125,7.025,69.0,0.594,3.163,0.0,2.4,0.6,0.45
1788455434.233,turning,8.722,7.461,-116.3,0,10,135,9.125,7.025,69.0,0.594,3.163,0.0,2.4,0.6,0.45
1788455434.3,turning,8.722,7.461,-116.3,0,10,135,9.125,7.025,69.0,0.594,3.163,0.0,2.4,0.6,0.45
1788455434.355,turning,8.722,7.461,-116.3,0,10,135,9.125,7.025,69.0,0.594,3.163,0.0,2.4,0.6,0.45
1788455434.415,turning,8.722,7.461,-116.3,0,10,135,9.125,7.025,69.0,0.594,3.163,0.0,2.4,0.6,0.45
1788455434.468,turning,8.722,7.461,-116.3,0,10,135,9.125,7.025,69.0,0.594,3.163,0.0,2.4,0.6,0.45
1788455434.522,turning,8.722,7.461,-116.3,0,10,135,9.125,7.025,69.0,0.594,3.163,0.0,2.4,0.6,0.45
1788455434.573,turning,8.722,7.461,-116.3,0,10,135,9.125,7.025,69.0,0.594,3.163,0.0,2.4,0.6,0.45
1788455434.628,turning,8.722,7.461,-116.3,0,10,135,9.125,7.025,69.0,0.594,3.163,0.0,2.4,0.6,0.45
1788455434.681,turning,8.722,7.461,-116.3,0,10,135,9.125,7.025,69.0,0.594,3.163,0.0,2.4,0.6,0.45
1788455434.732,turning,8.722,7.461,-116.3,0,10,135,9.125,7.025,69.0,0.594,3.163,0.0,2.4,0.6,0.45
1788455434.785,turning,8.722,7.461,-116.3,0,10,135,9.125,7.025,69.0,0.594,3.163,0.0,2.4,0.6,0.45
1788455434.837,turning,8.722,7.461,-116.3,0,10,135,9.125,7.025,69.0,0.594,3.163,0.0,2.4,0.6,0.45
1788455434.89,turning,8.722,7.461,-116.3,0,10,135,9.125,7.025,69.0,0.594,3.163,0.0,2.4,0.6,0.45
1788455434.946,turning,8.722,7.461,-116.3,0,10,135,9.125,7.025,69.0,0.594,3.163,0.0,2.4,0.6,0.45
1788455435.006,turning,8.722,7.461,-116.3,0,10,135,9.125,7.025,69.0,0.594,3.163,0.0,2.4,0.6,0.45
1788455435.065,turning,8.722,7.461,-116.3,0,10,135,9.125,7.025,69.0,0.594,3.163,0.0,2.4,0.6,0.45
1788455435.129,turning,8.722,7.461,-116.3,0,10,135,9.125,7.025,69.0,0.594,3.163,0.0,2.4,0.6,0.45
1788455435.188,turning,8.722,7.461,-116.3,0,10,135,9.125,7.025,69.0,0.594,3.163,0.0,2.4,0.6,0.45
1788455435.24,turning,8.722,7.461,-116.3,0,10,135,9.125,7.025,69.0,0.594,3.163,0.0,2.4,0.6,0.45
1788455435.293,turning,8.722,7.461,-116.3,0,10,135,9.125,7.025,69.0,0.594,3.163,0.0,2.4,0.6,0.45
1788455435.348,turning,8.722,7.461,-116.3,0,10,135,9.125,7.025,69.0,0.594,3.163,0.0,2.4,0.6,0.45
1788455435.4,turning,8.722,7.461,-116.3,0,10,135,9.125,7.025,69.0,0.594,3.163,0.0,2.4,0.6,0.45
1788455435.452,turning,8.722,7.461,-116.3,0,10,135,9.125,7.025,69.0,0.594,3.163,0.0,2.4,0.6,0.45
1788455435.504,turning,8.722,7.461,-116.3,0,10,135,9.125,7.025,69.0,0.594,3.163,0.0,2.4,0.6,0.45
1788455435.558,turning,8.722,7.461,-116.3,0,10,135,9.125,7.025,69.0,0.594,3.163,0.0,2.4,0.6,0.45
1788455435.612,turning,8.722,7.461,-116.3,0,10,135,9.125,7.025,69.0,0.594,3.163,0.0,2.4,0.6,0.45
1788455435.663,turning,8.722,7.461,-116.3,0,10,135,9.125,7.025,69.0,0.594,3.163,0.0,2.4,0.6,0.45
1788455435.717,turning,8.722,7.461,-116.3,0,10,135,9.125,7.025,69.0,0.594,3.163,0.0,2.4,0.6,0.45
1788455435.773,turning,8.722,7.461,-116.3,0,10,135,9.125,7.025,69.0,0.594,3.163,0.0,2.4,0.6,0.45
1788455435.831,turning,8.722,7.461,-116.3,0,10,135,9.125,7.025,69.0,0.594,3.163,0.0,2.4,0.6,0.45
1788455435.894,turning,8.722,7.461,-116.3,0,10,135,9.125,7.025,69.0,0.594,3.163,0.0,2.4,0.6,0.45
1788455435.957,turning,8.722,7.461,-116.3,0,10,135,9.125,7.025,69.0,0.594,3.163,0.0,2.4,0.6,0.45
1788455436.006,turning,8.722,7.461,-116.3,0,10,135,9.125,7.025,69.0,0.594,3.163,0.0,2.4,0.6,0.45
1788455436.06,turning,8.722,7.461,-116.3,0,10,135,9.125,7.025,69.0,0.594,3.163,0.0,2.4,0.6,0.45
1788455436.113,turning,8.722,7.461,-116.3,0,10,135,9.125,7.025,69.0,0.594,3.163,0.0,2.4,0.6,0.45
1788455436.168,turning,8.722,7.461,-116.3,0,10,135,9.125,7.025,69.0,0.594,3.163,0.0,2.4,0.6,0.45
1788455436.221,turning,8.722,7.461,-116.3,0,10,135,9.125,7.025,69.0,0.594,3.163,0.0,2.4,0.6,0.45
1788455436.277,turning,8.722,7.461,-116.3,0,10,135,9.125,7.025,69.0,0.594,3.163,0.0,2.4,0.6,0.45
1788455436.331,turning,8.722,7.461,-116.3,0,10,135,9.125,7.025,69.0,0.594,3.163,0.0,2.4,0.6,0.45
1788455436.385,turning,8.722,7.461,-116.3,0,10,135,9.125,7.025,69.0,0.594,3.163,0.0,2.4,0.6,0.45
1788455436.44,turning,8.722,7.461,-116.3,0,10,135,9.125,7.025,69.0,0.594,3.163,0.0,2.4,0.6,0.45
1788455436.49,turning,8.722,7.461,-116.3,0,10,135,9.125,7.025,69.0,0.594,3.163,0.0,2.4,0.6,0.45
1788455436.544,turning,8.722,7.461,-116.3,0,10,135,9.125,7.025,69.0,0.594,3.163,0.0,2.4,0.6,0.45
1788455436.601,turning,8.722,7.461,-116.3,0,10,135,9.125,7.025,69.0,0.594,3.163,0.0,2.4,0.6,0.45
1788455436.66,turning,8.722,7.461,-116.3,0,10,135,9.125,7.025,69.0,0.594,3.163,0.0,2.4,0.6,0.45
1788455436.717,turning,8.722,7.461,-116.3,0,10,135,9.125,7.025,69.0,0.594,3.163,0.0,2.4,0.6,0.45
1788455436.774,turning,8.722,7.461,-116.3,0,10,135,9.125,7.025,69.0,0.594,3.163,0.0,2.4,0.6,0.45
1788455436.827,turning,8.722,7.461,-116.3,0,10,135,9.125,7.025,69.0,0.594,3.163,0.0,2.4,0.6,0.45
1788455436.883,turning,8.722,7.461,-116.3,0,10,135,9.125,7.025,69.0,0.594,3.163,0.0,2.4,0.6,0.45
1788455436.933,turning,8.722,7.461,-116.3,0,10,135,9.125,7.025,69.0,0.594,3.163,0.0,2.4,0.6,0.45
1788455436.984,turning,8.722,7.461,-116.3,0,10,135,9.125,7.025,69.0,0.594,3.163,0.0,2.4,0.6,0.45
1788455437.037,turning,8.722,7.461,-116.3,0,10,135,9.125,7.025,69.0,0.594,3.163,0.0,2.4,0.6,0.45
1788455437.094,turning,8.722,7.461,-116.3,0,10,135,9.125,7.025,69.0,0.594,3.163,0.0,2.4,0.6,0.45
1788455437.149,turning,8.722,7.461,-116.3,0,10,135,9.125,7.025,69.0,0.594,3.163,0.0,2.4,0.6,0.45
1788455437.202,turning,8.722,7.461,-116.3,0,10,135,9.125,7.025,69.0,0.594,3.163,0.0,2.4,0.6,0.45
1788455437.255,turning,8.722,7.461,-116.3,0,10,135,9.125,7.025,69.0,0.594,3.163,0.0,2.4,0.6,0.45
1788455437.308,turning,8.722,7.461,-116.3,0,10,135,9.125,7.025,69.0,0.594,3.163,0.0,2.4,0.6,0.45
1788455437.369,turning,8.722,7.461,-116.3,0,10,135,9.125,7.025,69.0,0.594,3.163,0.0,2.4,0.6,0.45
1788455437.426,turning,8.722,7.461,-116.3,0,10,135,9.125,7.025,69.0,0.594,3.163,0.0,2.4,0.6,0.45
1788455437.487,turning,8.722,7.461,-116.3,0,10,135,9.125,7.025,69.0,0.594,3.163,0.0,2.4,0.6,0.45
1788455437.543,turning,8.722,7.461,-116.3,0,10,135,9.125,7.025,69.0,0.594,3.163,0.0,2.4,0.6,0.45
1788455437.6,turning,8.722,7.461,-116.3,0,10,135,9.125,7.025,69.0,0.594,3.163,0.0,2.4,0.6,0.45
1788455437.655,turning,8.722,7.461,-116.3,0,10,135,9.125,7.025,69.0,0.594,3.163,0.0,2.4,0.6,0.45
1788455437.707,turning,8.722,7.461,-116.3,0,10,135,9.125,7.025,69.0,0.594,3.163,0.0,2.4,0.6,0.45
1788455437.761,turning,8.722,7.461,-116.3,0,10,135,9.125,7.025,69.0,0.594,3.163,0.0,2.4,0.6,0.45
1788455437.813,turning,8.722,7.461,-116.3,0,10,135,9.125,7.025,69.0,0.594,3.163,0.0,2.4,0.6,0.45
1788455437.865,turning,8.722,7.461,-116.3,0,10,135,9.125,7.025,69.0,0.594,3.163,0.0,2.4,0.6,0.45
1788455437.918,turning,8.722,7.461,-116.3,0,10,135,9.125,7.025,69.0,0.594,3.163,0.0,2.4,0.6,0.45
1788455437.97,turning,8.722,7.461,-116.3,0,10,135,9.125,7.025,69.0,0.594,3.163,0.0,2.4,0.6,0.45
1788455438.024,turning,8.722,7.461,-116.3,0,10,135,9.125,7.025,69.0,0.594,3.163,0.0,2.4,0.6,0.45
1788455438.078,turning,8.722,7.461,-116.3,0,10,135,9.125,7.025,69.0,0.594,3.163,0.0,2.4,0.6,0.45
1788455438.132,turning,8.722,7.461,-116.3,0,10,135,9.125,7.025,69.0,0.594,3.163,0.0,2.4,0.6,0.45
1788455438.193,turning,8.722,7.461,-116.3,0,10,135,9.125,7.025,69.0,0.594,3.163,0.0,2.4,0.6,0.45
1788455438.255,turning,8.722,7.461,-116.3,0,10,135,9.125,7.025,69.0,0.594,3.163,0.0,2.4,0.6,0.45
1788455438.314,turning,8.722,7.461,-116.3,0,10,135,9.125,7.025,69.0,0.594,3.163,0.0,2.4,0.6,0.45
1788455438.371,turning,8.722,7.461,-116.3,0,10,135,9.125,7.025,69.0,0.594,3.163,0.0,2.4,0.6,0.45
1788455438.424,turning,8.722,7.461,-116.3,0,10,135,9.125,7.025,69.0,0.594,3.163,0.0,2.4,0.6,0.45
1788455438.48,turning,8.722,7.461,-116.3,0,10,135,9.125,7.025,69.0,0.594,3.163,0.0,2.4,0.6,0.45
1788455438.531,turning,8.722,7.461,-116.3,0,10,135,9.125,7.025,69.0,0.594,3.163,0.0,2.4,0.6,0.45
1788455438.584,turning,8.722,7.461,-116.3,0,10,135,9.125,7.025,69.0,0.594,3.163,0.0,2.4,0.6,0.45
1788455438.635,turning,8.722,7.461,-116.3,0,10,135,9.125,7.025,69.0,0.594,3.163,0.0,2.4,0.6,0.45
1788455438.689,turning,8.722,7.461,-116.3,0,10,135,9.125,7.025,69.0,0.594,3.163,0.0,2.4,0.6,0.45
1788455438.739,turning,8.722,7.461,-116.3,0,10,135,9.125,7.025,69.0,0.594,3.163,0.0,2.4,0.6,0.45
1788455438.794,turning,8.722,7.461,-116.3,0,10,135,9.125,7.025,69.0,0.594,3.163,0.0,2.4,0.6,0.45
1788455438.845,turning,8.722,7.461,-116.3,0,10,135,9.125,7.025,69.0,0.594,3.163,0.0,2.4,0.6,0.45
1788455438.905,turning,8.722,7.461,-116.3,0,10,135,9.125,7.025,69.0,0.594,3.163,0.0,2.4,0.6,0.45
1788455438.963,turning,8.722,7.461,-116.3,0,10,135,9.125,7.025,69.0,0.594,3.163,0.0,2.4,0.6,0.45
1788455439.02,turning,8.722,7.461,-116.3,0,10,135,9.125,7.025,69.0,0.594,3.163,0.0,2.4,0.6,0.45
1788455439.08,turning,8.722,7.461,-116.3,0,10,135,9.125,7.025,69.0,0.594,3.163,0.0,2.4,0.6,0.45
1788455439.136,turning,8.722,7.461,-116.3,0,10,135,9.125,7.025,69.0,0.594,3.163,0.0,2.4,0.6,0.45
1788455439.186,turning,8.722,7.461,-116.3,0,10,135,9.125,7.025,69.0,0.594,3.163,0.0,2.4,0.6,0.45
1788455439.24,turning,8.722,7.461,-116.3,0,10,135,9.125,7.025,69.0,0.594,3.163,0.0,2.4,0.6,0.45
1788455439.293,turning,8.722,7.461,-116.3,0,10,135,9.125,7.025,69.0,0.594,3.163,0.0,2.4,0.6,0.45
1788455439.344,turning,8.722,7.461,-116.3,0,10,135,9.125,7.025,69.0,0.594,3.163,0.0,2.4,0.6,0.45
1788455439.402,turning,8.722,7.461,-116.3,0,10,135,9.125,7.025,69.0,0.594,3.163,0.0,2.4,0.6,0.45
1788455439.46,turning,8.722,7.461,-116.3,0,10,135,9.125,7.025,69.0,0.594,3.163,0.0,2.4,0.6,0.45
1788455439.515,turning,8.722,7.461,-116.3,0,10,135,9.125,7.025,69.0,0.594,3.163,0.0,2.4,0.6,0.45
1788455439.573,turning,8.722,7.461,-116.3,0,10,135,9.125,7.025,69.0,0.594,3.163,0.0,2.4,0.6,0.45
1788455439.638,turning,8.722,7.461,-116.3,0,10,135,9.125,7.025,69.0,0.594,3.163,0.0,2.4,0.6,0.45
1788455439.702,turning,8.722,7.461,-116.3,0,10,135,9.125,7.025,69.0,0.594,3.163,0.0,2.4,0.6,0.45
1788455439.758,turning,8.722,7.461,-116.3,0,10,135,9.125,7.025,69.0,0.594,3.163,0.0,2.4,0.6,0.45
1788455439.821,turning,8.722,7.461,-116.3,0,10,135,9.125,7.025,69.0,0.594,3.163,0.0,2.4,0.6,0.45
1788455439.879,turning,8.722,7.461,-116.3,0,10,135,9.125,7.025,69.0,0.594,3.163,0.0,2.4,0.6,0.45
1788455439.936,turning,8.722,7.461,-116.3,0,10,135,9.125,7.025,69.0,0.594,3.163,0.0,2.4,0.6,0.45
1788455439.989,turning,8.722,7.461,-116.3,0,10,135,9.125,7.025,69.0,0.594,3.163,0.0,2.4,0.6,0.45
1788455440.044,turning,8.722,7.461,-116.3,0,10,135,9.125,7.025,69.0,0.594,3.163,0.0,2.4,0.6,0.45
1788455440.1,turning,8.722,7.461,-116.3,0,10,135,9.125,7.025,69.0,0.594,3.163,0.0,2.4,0.6,0.45
1788455440.155,turning,8.722,7.461,-116.3,0,10,135,9.125,7.025,69.0,0.594,3.163,0.0,2.4,0.6,0.45
1788455440.21,turning,8.722,7.461,-116.3,0,10,135,9.125,7.025,69.0,0.594,3.163,0.0,2.4,0.6,0.45
1788455440.265,turning,8.722,7.461,-116.3,0,10,135,9.125,7.025,69.0,0.594,3.163,0.0,2.4,0.6,0.45
1788455440.317,turning,8.722,7.461,-116.3,0,10,135,9.125,7.025,69.0,0.594,3.163,0.0,2.4,0.6,0.45
1788455440.372,turning,8.722,7.461,-116.3,0,10,135,9.125,7.025,69.0,0.594,3.163,0.0,2.4,0.6,0.45
1788455440.425,turning,8.722,7.461,-116.3,0,10,135,9.125,7.025,69.0,0.594,3.163,0.0,2.4,0.6,0.45
1788455440.486,turning,8.722,7.461,-116.3,0,10,135,9.125,7.025,69.0,0.594,3.163,0.0,2.4,0.6,0.45
1788455440.546,turning,8.722,7.461,-116.3,0,10,135,9.125,7.025,69.0,0.594,3.163,0.0,2.4,0.6,0.45
1788455440.608,turning,8.722,7.461,-116.3,0,10,135,9.125,7.025,69.0,0.594,3.163,0.0,2.4,0.6,0.45
1788455440.668,turning,8.722,7.461,-116.3,0,10,135,9.125,7.025,69.0,0.594,3.163,0.0,2.4,0.6,0.45
1788455440.723,turning,8.722,7.461,-116.3,0,10,135,9.125,7.025,69.0,0.594,3.163,0.0,2.4,0.6,0.45
1788455440.778,turning,8.722,7.461,-116.3,0,10,135,9.125,7.025,69.0,0.594,3.163,0.0,2.4,0.6,0.45
1788455440.83,turning,8.722,7.461,-116.3,0,10,135,9.125,7.025,69.0,0.594,3.163,0.0,2.4,0.6,0.45
1788455440.882,turning,8.722,7.461,-116.3,0,10,135,9.125,7.025,69.0,0.594,3.163,0.0,2.4,0.6,0.45
1788455440.94,turning,8.722,7.461,-116.3,0,10,135,9.125,7.025,69.0,0.594,3.163,0.0,2.4,0.6,0.45
1788455440.994,turning,8.722,7.461,-116.3,0,10,135,9.125,7.025,69.0,0.594,3.163,0.0,2.4,0.6,0.45
1788455441.047,turning,8.722,7.461,-116.3,0,10,135,9.125,7.025,69.0,0.594,3.163,0.0,2.4,0.6,0.45
1788455441.099,turning,8.722,7.461,-116.3,0,10,135,9.125,7.025,69.0,0.594,3.163,0.0,2.4,0.6,0.45
1788455441.151,turning,8.722,7.461,-116.3,0,10,135,9.125,7.025,69.0,0.594,3.163,0.0,2.4,0.6,0.45
1788455441.205,turning,8.722,7.461,-116.3,0,10,135,9.125,7.025,69.0,0.594,3.163,0.0,2.4,0.6,0.45
1788455441.266,turning,8.722,7.461,-116.3,0,10,135,9.125,7.025,69.0,0.594,3.163,0.0,2.4,0.6,0.45
1788455441.323,turning,8.722,7.461,-116.3,0,10,135,9.125,7.025,69.0,0.594,3.163,0.0,2.4,0.6,0.45
1788455441.382,turning,8.722,7.461,-116.3,0,10,135,9.125,7.025,69.0,0.594,3.163,0.0,2.4,0.6,0.45
1788455441.448,turning,8.722,7.461,-116.3,0,10,135,9.125,7.025,69.0,0.594,3.163,0.0,2.4,0.6,0.45
1788455441.51,turning,8.722,7.461,-116.3,0,10,135,9.125,7.025,69.0,0.594,3.163,0.0,2.4,0.6,0.45
1788455441.562,turning,8.722,7.461,-116.3,0,10,135,9.125,7.025,69.0,0.594,3.163,0.0,2.4,0.6,0.45
1788455441.616,turning,8.722,7.461,-116.3,0,10,135,9.125,7.025,69.0,0.594,3.163,0.0,2.4,0.6,0.45
1788455441.67,turning,8.722,7.461,-116.3,0,10,135,9.125,7.025,69.0,0.594,3.163,0.0,2.4,0.6,0.45
1788455441.729,turning,8.722,7.461,-116.3,0,10,135,9.125,7.025,69.0,0.594,3.163,0.0,2.4,0.6,0.45
1788455441.785,turning,8.722,7.461,-116.3,0,10,135,9.125,7.025,69.0,0.594,3.163,0.0,2.4,0.6,0.45
1788455441.842,turning,8.722,7.461,-116.3,0,10,135,9.125,7.025,69.0,0.594,3.163,0.0,2.4,0.6,0.45
1788455441.902,turning,8.722,7.461,-116.3,0,10,135,9.125,7.025,69.0,0.594,3.163,0.0,2.4,0.6,0.45
1788455441.973,turning,8.722,7.461,-116.3,0,10,135,9.125,7.025,69.0,0.594,3.163,0.0,2.4,0.6,0.45
1788455442.032,turning,8.722,7.461,-116.3,0,10,135,9.125,7.025,69.0,0.594,3.163,0.0,2.4,0.6,0.45
1788455442.097,turning,8.722,7.461,-116.3,0,10,135,9.125,7.025,69.0,0.594,3.163,0.0,2.4,0.6,0.45
1788455442.157,turning,8.722,7.461,-116.3,0,10,135,9.125,7.025,69.0,0.594,3.163,0.0,2.4,0.6,0.45
1788455442.218,turning,8.722,7.461,-116.3,0,10,135,9.125,7.025,69.0,0.594,3.163,0.0,2.4,0.6,0.45
1788455442.276,turning,8.722,7.461,-116.3,0,10,135,9.125,7.025,69.0,0.594,3.163,0.0,2.4,0.6,0.45
1788455442.329,turning,8.722,7.461,-116.3,0,10,135,9.125,7.025,69.0,0.594,3.163,0.0,2.4,0.6,0.45
1788455442.388,turning,8.722,7.461,-116.3,0,10,135,9.125,7.025,69.0,0.594,3.163,0.0,2.4,0.6,0.45
1788455442.443,turning,8.722,7.461,-116.3,0,10,135,9.125,7.025,69.0,0.594,3.163,0.0,2.4,0.6,0.45
1788455442.5,turning,8.722,7.461,-116.3,0,10,135,9.125,7.025,69.0,0.594,3.163,0.0,2.4,0.6,0.45
1788455442.562,turning,8.722,7.461,-116.3,0,10,135,9.125,7.025,69.0,0.594,3.163,0.0,2.4,0.6,0.45
1788455442.617,turning,8.722,7.461,-116.3,0,10,135,9.125,7.025,69.0,0.594,3.163,0.0,2.4,0.6,0.45
1788455442.675,turning,8.722,7.461,-116.3,0,10,135,9.125,7.025,69.0,0.594,3.163,0.0,2.4,0.6,0.45
1788455442.729,turning,8.722,7.461,-116.3,0,10,135,9.125,7.025,69.0,0.594,3.163,0.0,2.4,0.6,0.45
1788455442.792,turning,8.722,7.461,-116.3,0,10,135,9.125,7.025,69.0,0.594,3.163,0.0,2.4,0.6,0.45
1788455442.86,turning,8.722,7.461,-116.3,0,10,135,9.125,7.025,69.0,0.594,3.163,0.0,2.4,0.6,0.45
1788455442.919,turning,8.722,7.461,-116.3,0,10,135,9.125,7.025,69.0,0.594,3.163,0.0,2.4,0.6,0.45
1788455442.993,turning,8.722,7.461,-116.3,0,10,135,9.125,7.025,69.0,0.594,3.163,0.0,2.4,0.6,0.45
1788455443.058,turning,8.722,7.461,-116.3,0,10,135,9.125,7.025,69.0,0.594,3.163,0.0,2.4,0.6,0.45
1788455443.117,turning,8.722,7.461,-116.3,0,10,135,9.125,7.025,69.0,0.594,3.163,0.0,2.4,0.6,0.45
1788455443.171,turning,8.722,7.461,-116.3,0,10,135,9.125,7.025,69.0,0.594,3.163,0.0,2.4,0.6,0.45
1788455443.222,turning,8.722,7.461,-116.3,0,10,135,9.125,7.025,69.0,0.594,3.163,0.0,2.4,0.6,0.45
1788455443.282,turning,8.722,7.461,-116.3,0,10,135,9.125,7.025,69.0,0.594,3.163,0.0,2.4,0.6,0.45
1788455443.333,turning,8.722,7.461,-116.3,0,10,135,9.125,7.025,69.0,0.594,3.163,0.0,2.4,0.6,0.45
1788455443.389,turning,8.722,7.461,-116.3,0,10,135,9.125,7.025,69.0,0.594,3.163,0.0,2.4,0.6,0.45
1788455443.442,turning,8.722,7.461,-116.3,0,10,135,9.125,7.025,69.0,0.594,3.163,0.0,2.4,0.6,0.45
1788455443.501,turning,8.722,7.461,-116.3,0,10,135,9.125,7.025,69.0,0.594,3.163,0.0,2.4,0.6,0.45
1788455443.556,turning,8.722,7.461,-116.3,0,10,135,9.125,7.025,69.0,0.594,3.163,0.0,2.4,0.6,0.45
1788455443.617,turning,8.722,7.461,-116.3,0,10,135,9.125,7.025,69.0,0.594,3.163,0.0,2.4,0.6,0.45
1788455443.683,turning,8.722,7.461,-116.3,0,10,135,9.125,7.025,69.0,0.594,3.163,0.0,2.4,0.6,0.45
1788455443.743,turning,8.722,7.461,-116.3,0,10,135,9.125,7.025,69.0,0.594,3.163,0.0,2.4,0.6,0.45
1788455443.802,turning,8.722,7.461,-116.3,0,10,135,9.125,7.025,69.0,0.594,3.163,0.0,2.4,0.6,0.45
1788455443.865,turning,8.722,7.461,-116.3,0,10,135,9.125,7.025,69.0,0.594,3.163,0.0,2.4,0.6,0.45
1788455443.918,turning,8.722,7.461,-116.3,0,10,135,9.125,7.025,69.0,0.594,3.163,0.0,2.4,0.6,0.45
1788455443.975,turning,8.722,7.461,-116.3,0,10,135,9.125,7.025,69.0,0.594,3.163,0.0,2.4,0.6,0.45
1788455444.027,turning,8.722,7.461,-116.3,0,10,135,9.125,7.025,69.0,0.594,3.163,0.0,2.4,0.6,0.45
1788455444.082,turning,8.722,7.461,-116.3,0,10,135,9.125,7.025,69.0,0.594,3.163,0.0,2.4,0.6,0.45
1788455444.136,turning,8.722,7.461,-116.3,0,10,135,9.125,7.025,69.0,0.594,3.163,0.0,2.4,0.6,0.45
1788455444.193,turning,8.722,7.461,-116.3,0,10,135,9.125,7.025,69.0,0.594,3.163,0.0,2.4,0.6,0.45
1788455444.248,turning,8.722,7.461,-116.3,0,10,135,9.125,7.025,69.0,0.594,3.163,0.0,2.4,0.6,0.45
1788455444.303,turning,8.722,7.461,-116.3,0,10,135,9.125,7.025,69.0,0.594,3.163,0.0,2.4,0.6,0.45
1788455444.353,turning,8.722,7.461,-116.3,0,10,135,9.125,7.025,69.0,0.594,3.163,0.0,2.4,0.6,0.45
1788455444.413,turning,8.722,7.461,-116.3,0,10,135,9.125,7.025,69.0,0.594,3.163,0.0,2.4,0.6,0.45
1788455444.473,turning,8.722,7.461,-116.3,0,10,135,9.125,7.025,69.0,0.594,3.163,0.0,2.4,0.6,0.45
1788455444.531,turning,8.722,7.461,-116.3,0,10,135,9.125,7.025,69.0,0.594,3.163,0.0,2.4,0.6,0.45
1788455444.591,turning,8.722,7.461,-116.3,0,10,135,9.125,7.025,69.0,0.594,3.163,0.0,2.4,0.6,0.45
1788455444.646,turning,8.722,7.461,-116.3,0,10,135,9.125,7.025,69.0,0.594,3.163,0.0,2.4,0.6,0.45
1788455444.699,turning,8.722,7.461,-116.3,0,10,135,9.125,7.025,69.0,0.594,3.163,0.0,2.4,0.6,0.45
1788455444.75,turning,8.722,7.461,-116.3,0,10,135,9.125,7.025,69.0,0.594,3.163,0.0,2.4,0.6,0.45
1788455444.803,turning,8.722,7.461,-116.3,0,10,135,9.125,7.025,69.0,0.594,3.163,0.0,2.4,0.6,0.45
1788455444.856,turning,8.722,7.461,-116.3,0,10,135,9.125,7.025,69.0,0.594,3.163,0.0,2.4,0.6,0.45
1788455444.911,turning,8.722,7.461,-116.3,0,10,135,9.125,7.025,69.0,0.594,3.163,0.0,2.4,0.6,0.45
1788455444.968,turning,8.722,7.461,-116.3,0,10,135,9.125,7.025,69.0,0.594,3.163,0.0,2.4,0.6,0.45
1788455445.02,turning,8.722,7.461,-116.3,0,10,135,9.125,7.025,69.0,0.594,3.163,0.0,2.4,0.6,0.45
1788455445.081,turning,8.722,7.461,-116.3,0,10,135,9.125,7.025,69.0,0.594,3.163,0.0,2.4,0.6,0.45
1788455445.132,turning,8.722,7.461,-116.3,0,10,135,9.125,7.025,69.0,0.594,3.163,0.0,2.4,0.6,0.45
1788455445.191,turning,8.722,7.461,-116.3,0,10,135,9.125,7.025,69.0,0.594,3.163,0.0,2.4,0.6,0.45
1788455445.249,turning,8.722,7.461,-116.3,0,10,135,9.125,7.025,69.0,0.594,3.163,0.0,2.4,0.6,0.45
1788455445.316,turning,8.722,7.461,-116.3,0,10,135,9.125,7.025,69.0,0.594,3.163,0.0,2.4,0.6,0.45
1788455445.375,turning,8.722,7.461,-116.3,0,10,135,9.125,7.025,69.0,0.594,3.163,0.0,2.4,0.6,0.45
1788455445.432,turning,8.722,7.461,-116.3,0,10,135,9.125,7.025,69.0,0.594,3.163,0.0,2.4,0.6,0.45
1788455445.485,turning,8.722,7.461,-116.3,0,10,135,9.125,7.025,69.0,0.594,3.163,0.0,2.4,0.6,0.45
1788455445.54,turning,8.722,7.461,-116.3,0,10,135,9.125,7.025,69.0,0.594,3.163,0.0,2.4,0.6,0.45
1788455445.594,turning,8.722,7.461,-116.3,0,10,135,9.125,7.025,69.0,0.594,3.163,0.0,2.4,0.6,0.45
1788455445.648,turning,8.722,7.461,-116.3,0,10,135,9.125,7.025,69.0,0.594,3.163,0.0,2.4,0.6,0.45
1788455445.702,turning,8.722,7.461,-116.3,0,10,135,9.125,7.025,69.0,0.594,3.163,0.0,2.4,0.6,0.45
1788455445.753,turning,8.722,7.461,-116.3,0,10,135,9.125,7.025,69.0,0.594,3.163,0.0,2.4,0.6,0.45
1788455445.805,turning,8.722,7.461,-116.3,0,10,135,9.125,7.025,69.0,0.594,3.163,0.0,2.4,0.6,0.45
1788455445.858,turning,8.722,7.461,-116.3,0,10,135,9.125,7.025,69.0,0.594,3.163,0.0,2.4,0.6,0.45
1788455445.911,turning,8.722,7.461,-116.3,0,10,135,9.125,7.025,69.0,0.594,3.163,0.0,2.4,0.6,0.45
1788455445.969,turning,8.722,7.461,-116.3,0,10,135,9.125,7.025,69.0,0.594,3.163,0.0,2.4,0.6,0.45
1788455446.028,turning,8.722,7.461,-116.3,0,10,135,9.125,7.025,69.0,0.594,3.163,0.0,2.4,0.6,0.45
1788455446.091,turning,8.722,7.461,-116.3,0,10,135,9.125,7.025,69.0,0.594,3.163,0.0,2.4,0.6,0.45
1788455446.15,turning,8.722,7.461,-116.3,0,10,135,9.125,7.025,69.0,0.594,3.163,0.0,2.4,0.6,0.45
1788455446.209,turning,8.722,7.461,-116.3,0,10,135,9.125,7.025,69.0,0.594,3.163,0.0,2.4,0.6,0.45
1788455446.263,turning,8.722,7.461,-116.3,0,10,135,9.125,7.025,69.0,0.594,3.163,0.0,2.4,0.6,0.45
1788455446.32,turning,8.722,7.461,-116.3,0,10,135,9.125,7.025,69.0,0.594,3.163,0.0,2.4,0.6,0.45
1788455446.371,turning,8.722,7.461,-116.3,0,10,135,9.125,7.025,69.0,0.594,3.163,0.0,2.4,0.6,0.45
1788455446.426,turning,8.722,7.461,-116.3,0,10,135,9.125,7.025,69.0,0.594,3.163,0.0,2.4,0.6,0.45
1788455446.479,turning,8.722,7.461,-116.3,0,10,135,9.125,7.025,69.0,0.594,3.163,0.0,2.4,0.6,0.45
1788455446.532,turning,8.722,7.461,-116.3,0,10,135,9.125,7.025,69.0,0.594,3.163,0.0,2.4,0.6,0.45
1788455446.585,turning,8.722,7.461,-116.3,0,10,135,9.125,7.025,69.0,0.594,3.163,0.0,2.4,0.6,0.45
1788455446.641,turning,8.722,7.461,-116.3,0,10,135,9.125,7.025,69.0,0.594,3.163,0.0,2.4,0.6,0.45
1788455446.695,turning,8.722,7.461,-116.3,0,10,135,9.125,7.025,69.0,0.594,3.163,0.0,2.4,0.6,0.45
1788455446.75,turning,8.722,7.461,-116.3,0,10,135,9.125,7.025,69.0,0.594,3.163,0.0,2.4,0.6,0.45
1788455446.81,turning,8.722,7.461,-116.3,0,10,135,9.125,7.025,69.0,0.594,3.163,0.0,2.4,0.6,0.45
1788455446.872,turning,8.722,7.461,-116.3,0,10,135,9.125,7.025,69.0,0.594,3.163,0.0,2.4,0.6,0.45
1788455446.936,turning,8.722,7.461,-116.3,0,10,135,9.125,7.025,69.0,0.594,3.163,0.0,2.4,0.6,0.45
1788455446.992,turning,8.722,7.461,-116.3,0,10,135,9.125,7.025,69.0,0.594,3.163,0.0,2.4,0.6,0.45
1788455447.046,turning,8.722,7.461,-116.3,0,10,135,9.125,7.025,69.0,0.594,3.163,0.0,2.4,0.6,0.45
1788455447.098,turning,8.722,7.461,-116.3,0,10,135,9.125,7.025,69.0,0.594,3.163,0.0,2.4,0.6,0.45
1788455447.15,turning,8.722,7.461,-116.3,0,10,135,9.125,7.025,69.0,0.594,3.163,0.0,2.4,0.6,0.45
1788455447.206,turning,8.722,7.461,-116.3,0,10,135,9.125,7.025,69.0,0.594,3.163,0.0,2.4,0.6,0.45
1788455447.259,turning,8.722,7.461,-116.3,0,10,135,9.125,7.025,69.0,0.594,3.163,0.0,2.4,0.6,0.45
1788455447.314,turning,8.722,7.461,-116.3,0,10,135,9.125,7.025,69.0,0.594,3.163,0.0,2.4,0.6,0.45
1788455447.368,turning,8.722,7.461,-116.3,0,10,135,9.125,7.025,69.0,0.594,3.163,0.0,2.4,0.6,0.45
1788455447.422,turning,8.722,7.461,-116.3,0,10,135,9.125,7.025,69.0,0.594,3.163,0.0,2.4,0.6,0.45
1788455447.475,turning,8.722,7.461,-116.3,0,10,135,9.125,7.025,69.0,0.594,3.163,0.0,2.4,0.6,0.45
1788455447.533,turning,8.722,7.461,-116.3,0,10,135,9.125,7.025,69.0,0.594,3.163,0.0,2.4,0.6,0.45
1788455447.59,turning,8.722,7.461,-116.3,0,10,135,9.125,7.025,69.0,0.594,3.163,0.0,2.4,0.6,0.45
1788455447.652,turning,8.722,7.461,-116.3,0,10,135,9.125,7.025,69.0,0.594,3.163,0.0,2.4,0.6,0.45
1788455447.71,turning,8.722,7.461,-116.3,0,10,135,9.125,7.025,69.0,0.594,3.163,0.0,2.4,0.6,0.45
1788455447.772,turning,8.722,7.461,-116.3,0,10,135,9.125,7.025,69.0,0.594,3.163,0.0,2.4,0.6,0.45
1788455447.822,turning,8.722,7.461,-116.3,0,10,135,9.125,7.025,69.0,0.594,3.163,0.0,2.4,0.6,0.45
1788455447.877,turning,8.722,7.461,-116.3,0,10,135,9.125,7.025,69.0,0.594,3.163,0.0,2.4,0.6,0.45
1788455447.932,turning,8.722,7.461,-116.3,0,10,135,9.125,7.025,69.0,0.594,3.163,0.0,2.4,0.6,0.45
1788455447.986,turning,8.722,7.461,-116.3,0,10,135,9.125,7.025,69.0,0.594,3.163,0.0,2.4,0.6,0.45
1788455448.039,turning,8.722,7.461,-116.3,0,10,135,9.125,7.025,69.0,0.594,3.163,0.0,2.4,0.6,0.45
1788455448.096,turning,8.722,7.461,-116.3,0,10,135,9.125,7.025,69.0,0.594,3.163,0.0,2.4,0.6,0.45
1788455448.148,turning,8.722,7.461,-116.3,0,10,135,9.125,7.025,69.0,0.594,3.163,0.0,2.4,0.6,0.45
1788455448.202,turning,8.722,7.461,-116.3,0,10,135,9.125,7.025,69.0,0.594,3.163,0.0,2.4,0.6,0.45
1788455448.254,turning,8.722,7.461,-116.3,0,10,135,9.125,7.025,69.0,0.594,3.163,0.0,2.4,0.6,0.45
1788455448.308,turning,8.722,7.461,-116.3,0,10,135,9.125,7.025,69.0,0.594,3.163,0.0,2.4,0.6,0.45
1788455448.368,turning,8.722,7.461,-116.3,0,10,135,9.125,7.025,69.0,0.594,3.163,0.0,2.4,0.6,0.45
1788455448.428,turning,8.722,7.461,-116.3,0,10,135,9.125,7.025,69.0,0.594,3.163,0.0,2.4,0.6,0.45
1788455448.49,turning,8.722,7.461,-116.3,0,10,135,9.125,7.025,69.0,0.594,3.163,0.0,2.4,0.6,0.45
1788455448.547,turning,8.722,7.461,-116.3,0,10,135,9.125,7.025,69.0,0.594,3.163,0.0,2.4,0.6,0.45
1788455448.6,turning,8.722,7.461,-116.3,0,10,135,9.125,7.025,69.0,0.594,3.163,0.0,2.4,0.6,0.45
1788455448.652,turning,8.722,7.461,-116.3,0,10,135,9.125,7.025,69.0,0.594,3.163,0.0,2.4,0.6,0.45
1788455448.705,turning,8.722,7.461,-116.3,0,10,135,9.125,7.025,69.0,0.594,3.163,0.0,2.4,0.6,0.45
1788455448.757,turning,8.722,7.461,-116.3,0,10,135,9.125,7.025,69.0,0.594,3.163,0.0,2.4,0.6,0.45
1788455448.809,turning,8.722,7.461,-116.3,0,10,135,9.125,7.025,69.0,0.594,3.163,0.0,2.4,0.6,0.45
1788455448.862,turning,8.722,7.461,-116.3,0,10,135,9.125,7.025,69.0,0.594,3.163,0.0,2.4,0.6,0.45
1788455448.916,turning,8.722,7.461,-116.3,0,10,135,9.125,7.025,69.0,0.594,3.163,0.0,2.4,0.6,0.45
1788455448.972,turning,8.722,7.461,-116.3,0,10,135,9.125,7.025,69.0,0.594,3.163,0.0,2.4,0.6,0.45
1788455449.024,turning,8.722,7.461,-116.3,0,10,135,9.125,7.025,69.0,0.594,3.163,0.0,2.4,0.6,0.45
1788455449.083,turning,8.722,7.461,-116.3,0,10,135,9.125,7.025,69.0,0.594,3.163,0.0,2.4,0.6,0.45
1788455449.142,turning,8.722,7.461,-116.3,0,10,135,9.125,7.025,69.0,0.594,3.163,0.0,2.4,0.6,0.45
1788455449.202,turning,8.722,7.461,-116.3,0,10,135,9.125,7.025,69.0,0.594,3.163,0.0,2.4,0.6,0.45
1788455449.259,turning,8.722,7.461,-116.3,0,10,135,9.125,7.025,69.0,0.594,3.163,0.0,2.4,0.6,0.45
1788455449.319,turning,8.722,7.461,-116.3,0,10,135,9.125,7.025,69.0,0.594,3.163,0.0,2.4,0.6,0.45
1788455449.373,turning,8.722,7.461,-116.3,0,10,135,9.125,7.025,69.0,0.594,3.163,0.0,2.4,0.6,0.45
1788455449.427,turning,8.722,7.461,-116.3,0,10,135,9.125,7.025,69.0,0.594,3.163,0.0,2.4,0.6,0.45
1788455449.481,turning,8.722,7.461,-116.3,0,10,135,9.125,7.025,69.0,0.594,3.163,0.0,2.4,0.6,0.45
1788455449.536,turning,8.722,7.461,-116.3,0,10,135,9.125,7.025,69.0,0.594,3.163,0.0,2.4,0.6,0.45
1788455449.593,turning,8.722,7.461,-116.3,0,10,135,9.125,7.025,69.0,0.594,3.163,0.0,2.4,0.6,0.45
1788455449.648,turning,8.722,7.461,-116.3,0,10,135,9.125,7.025,69.0,0.594,3.163,0.0,2.4,0.6,0.45
1788455449.705,turning,8.722,7.461,-116.3,0,10,135,9.125,7.025,69.0,0.594,3.163,0.0,2.4,0.6,0.45
1788455449.756,turning,8.722,7.461,-116.3,0,10,135,9.125,7.025,69.0,0.594,3.163,0.0,2.4,0.6,0.45
1788455449.809,turning,8.722,7.461,-116.3,0,10,135,9.125,7.025,69.0,0.594,3.163,0.0,2.4,0.6,0.45
1788455449.864,turning,8.722,7.461,-116.3,0,10,135,9.125,7.025,69.0,0.594,3.163,0.0,2.4,0.6,0.45
1788455449.931,turning,8.722,7.461,-116.3,0,10,135,9.125,7.025,69.0,0.594,3.163,0.0,2.4,0.6,0.45
1788455449.995,turning,8.722,7.461,-116.3,0,10,135,9.125,7.025,69.0,0.594,3.163,0.0,2.4,0.6,0.45
1788455450.058,turning,8.722,7.461,-116.3,0,10,135,9.125,7.025,69.0,0.594,3.163,0.0,2.4,0.6,0.45
1788455450.116,turning,8.722,7.461,-116.3,0,10,135,9.125,7.025,69.0,0.594,3.163,0.0,2.4,0.6,0.45
1788455450.168,turning,8.722,7.461,-116.3,0,10,135,9.125,7.025,69.0,0.594,3.163,0.0,2.4,0.6,0.45
1788455450.22,turning,8.722,7.461,-116.3,0,10,135,9.125,7.025,69.0,0.594,3.163,0.0,2.4,0.6,0.45
1788455450.272,turning,8.722,7.461,-116.3,0,10,135,9.125,7.025,69.0,0.594,3.163,0.0,2.4,0.6,0.45
1788455450.326,turning,8.722,7.461,-116.3,0,10,135,9.125,7.025,69.0,0.594,3.163,0.0,2.4,0.6,0.45
1788455450.381,turning,8.722,7.461,-116.3,0,10,135,9.125,7.025,69.0,0.594,3.163,0.0,2.4,0.6,0.45
1788455450.437,turning,8.722,7.461,-116.3,0,10,135,9.125,7.025,69.0,0.594,3.163,0.0,2.4,0.6,0.45
1788455450.491,turning,8.722,7.461,-116.3,0,10,135,9.125,7.025,69.0,0.594,3.163,0.0,2.4,0.6,0.45
1788455450.545,turning,8.722,7.461,-116.3,0,10,135,9.125,7.025,69.0,0.594,3.163,0.0,2.4,0.6,0.45
1788455450.598,turning,8.722,7.461,-116.3,0,10,135,9.125,7.025,69.0,0.594,3.163,0.0,2.4,0.6,0.45
1788455450.652,turning,8.722,7.461,-116.3,0,10,135,9.125,7.025,69.0,0.594,3.163,0.0,2.4,0.6,0.45
1788455450.717,turning,8.722,7.461,-116.3,0,10,135,9.125,7.025,69.0,0.594,3.163,0.0,2.4,0.6,0.45
1788455450.776,turning,8.722,7.461,-116.3,0,10,135,9.125,7.025,69.0,0.594,3.163,0.0,2.4,0.6,0.45
1788455450.833,turning,8.722,7.461,-116.3,0,10,135,9.125,7.025,69.0,0.594,3.163,0.0,2.4,0.6,0.45
1788455450.888,turning,8.722,7.461,-116.3,0,10,135,9.125,7.025,69.0,0.594,3.163,0.0,2.4,0.6,0.45
1788455450.944,turning,8.722,7.461,-116.3,0,10,135,9.125,7.025,69.0,0.594,3.163,0.0,2.4,0.6,0.45
1788455451.0,turning,8.722,7.461,-116.3,0,10,135,9.125,7.025,69.0,0.594,3.163,0.0,2.4,0.6,0.45
1788455451.051,turning,8.722,7.461,-116.3,0,10,135,9.125,7.025,69.0,0.594,3.163,0.0,2.4,0.6,0.45
1788455451.105,turning,8.722,7.461,-116.3,0,10,135,9.125,7.025,69.0,0.594,3.163,0.0,2.4,0.6,0.45
1788455451.155,turning,8.722,7.461,-116.3,0,10,135,9.125,7.025,69.0,0.594,3.163,0.0,2.4,0.6,0.45
1788455451.211,turning,8.722,7.461,-116.3,0,10,135,9.125,7.025,69.0,0.594,3.163,0.0,2.4,0.6,0.45
1788455451.262,turning,8.722,7.461,-116.3,0,10,135,9.125,7.025,69.0,0.594,3.163,0.0,2.4,0.6,0.45
1788455451.316,turning,8.722,7.461,-116.3,0,10,135,9.125,7.025,69.0,0.594,3.163,0.0,2.4,0.6,0.45
1788455451.371,turning,8.722,7.461,-116.3,0,10,135,9.125,7.025,69.0,0.594,3.163,0.0,2.4,0.6,0.45
1788455451.426,turning,8.722,7.461,-116.3,0,10,135,9.125,7.025,69.0,0.594,3.163,0.0,2.4,0.6,0.45
1788455451.485,turning,8.722,7.461,-116.3,0,10,135,9.125,7.025,69.0,0.594,3.163,0.0,2.4,0.6,0.45
1788455451.546,turning,8.722,7.461,-116.3,0,10,135,9.125,7.025,69.0,0.594,3.163,0.0,2.4,0.6,0.45
1788455451.61,turning,8.722,7.461,-116.3,0,10,135,9.125,7.025,69.0,0.594,3.163,0.0,2.4,0.6,0.45
1788455451.67,turning,8.722,7.461,-116.3,0,10,135,9.125,7.025,69.0,0.594,3.163,0.0,2.4,0.6,0.45
1788455451.721,turning,8.722,7.461,-116.3,0,10,135,9.125,7.025,69.0,0.594,3.163,0.0,2.4,0.6,0.45
1788455451.774,turning,8.722,7.461,-116.3,0,10,135,9.125,7.025,69.0,0.594,3.163,0.0,2.4,0.6,0.45
1788455451.826,turning,8.722,7.461,-116.3,0,10,135,9.125,7.025,69.0,0.594,3.163,0.0,2.4,0.6,0.45
1788455451.88,turning,8.722,7.461,-116.3,0,10,135,9.125,7.025,69.0,0.594,3.163,0.0,2.4,0.6,0.45
1788455451.933,turning,8.722,7.461,-116.3,0,10,135,9.125,7.025,69.0,0.594,3.163,0.0,2.4,0.6,0.45
1788455451.988,turning,8.722,7.461,-116.3,0,10,135,9.125,7.025,69.0,0.594,3.163,0.0,2.4,0.6,0.45
1788455452.041,turning,8.722,7.461,-116.3,0,10,135,9.125,7.025,69.0,0.594,3.163,0.0,2.4,0.6,0.45
1788455452.095,turning,8.722,7.461,-116.3,0,10,135,9.125,7.025,69.0,0.594,3.163,0.0,2.4,0.6,0.45
1788455452.146,turning,8.722,7.461,-116.3,0,10,135,9.125,7.025,69.0,0.594,3.163,0.0,2.4,0.6,0.45
1788455452.2,turning,8.722,7.461,-116.3,0,10,135,9.125,7.025,69.0,0.594,3.163,0.0,2.4,0.6,0.45
1788455452.255,turning,8.722,7.461,-116.3,0,10,135,9.125,7.025,69.0,0.594,3.163,0.0,2.4,0.6,0.45
1788455452.317,turning,8.722,7.461,-116.3,0,10,135,9.125,7.025,69.0,0.594,3.163,0.0,2.4,0.6,0.45
1788455452.386,turning,8.722,7.461,-116.3,0,10,135,9.125,7.025,69.0,0.594,3.163,0.0,2.4,0.6,0.45
1788455452.447,turning,8.722,7.461,-116.3,0,10,135,9.125,7.025,69.0,0.594,3.163,0.0,2.4,0.6,0.45
1788455452.502,turning,8.722,7.461,-116.3,0,10,135,9.125,7.025,69.0,0.594,3.163,0.0,2.4,0.6,0.45
1788455452.561,turning,8.722,7.461,-116.3,0,10,135,9.125,7.025,69.0,0.594,3.163,0.0,2.4,0.6,0.45
1788455452.617,turning,8.722,7.461,-116.3,0,10,135,9.125,7.025,69.0,0.594,3.163,0.0,2.4,0.6,0.45
1788455452.674,turning,8.722,7.461,-116.3,0,10,135,9.125,7.025,69.0,0.594,3.163,0.0,2.4,0.6,0.45
1788455452.726,turning,8.722,7.461,-116.3,0,10,135,9.125,7.025,69.0,0.594,3.163,0.0,2.4,0.6,0.45
1788455452.784,turning,8.722,7.461,-116.3,0,10,135,9.125,7.025,69.0,0.594,3.163,0.0,2.4,0.6,0.45
1788455452.834,turning,8.722,7.461,-116.3,0,10,135,9.125,7.025,69.0,0.594,3.163,0.0,2.4,0.6,0.45
1788455452.885,turning,8.722,7.461,-116.3,0,10,135,9.125,7.025,69.0,0.594,3.163,0.0,2.4,0.6,0.45
1788455452.94,turning,8.722,7.461,-116.3,0,10,135,9.125,7.025,69.0,0.594,3.163,0.0,2.4,0.6,0.45
1788455452.994,turning,8.722,7.461,-116.3,0,10,135,9.125,7.025,69.0,0.594,3.163,0.0,2.4,0.6,0.45
1788455453.05,turning,8.722,7.461,-116.3,0,10,135,9.125,7.025,69.0,0.594,3.163,0.0,2.4,0.6,0.45
1788455453.11,turning,8.722,7.461,-116.3,0,10,135,9.125,7.025,69.0,0.594,3.163,0.0,2.4,0.6,0.45
1788455453.168,turning,8.722,7.461,-116.3,0,10,135,9.125,7.025,69.0,0.594,3.163,0.0,2.4,0.6,0.45
1788455453.225,turning,8.722,7.461,-116.3,0,10,135,9.125,7.025,69.0,0.594,3.163,0.0,2.4,0.6,0.45
1788455453.28,turning,8.722,7.461,-116.3,0,10,135,9.125,7.025,69.0,0.594,3.163,0.0,2.4,0.6,0.45
1788455453.33,turning,8.722,7.461,-116.3,0,10,135,9.125,7.025,69.0,0.594,3.163,0.0,2.4,0.6,0.45
1788455453.381,turning,8.722,7.461,-116.3,0,10,135,9.125,7.025,69.0,0.594,3.163,0.0,2.4,0.6,0.45
1788455453.442,turning,8.722,7.461,-116.3,0,10,135,9.125,7.025,69.0,0.594,3.163,0.0,2.4,0.6,0.45
1788455453.499,turning,8.722,7.461,-116.3,0,10,135,9.125,7.025,69.0,0.594,3.163,0.0,2.4,0.6,0.45
1788455453.555,turning,8.722,7.461,-116.3,0,10,135,9.125,7.025,69.0,0.594,3.163,0.0,2.4,0.6,0.45
1788455453.609,turning,8.722,7.461,-116.3,0,10,135,9.125,7.025,69.0,0.594,3.163,0.0,2.4,0.6,0.45
1788455453.664,turning,8.722,7.461,-116.3,0,10,135,9.125,7.025,69.0,0.594,3.163,0.0,2.4,0.6,0.45
1788455453.715,turning,8.722,7.461,-116.3,0,10,135,9.125,7.025,69.0,0.594,3.163,0.0,2.4,0.6,0.45
1788455453.771,turning,8.722,7.461,-116.3,0,10,135,9.125,7.025,69.0,0.594,3.163,0.0,2.4,0.6,0.45
1788455453.826,turning,8.722,7.461,-116.3,0,10,135,9.125,7.025,69.0,0.594,3.163,0.0,2.4,0.6,0.45
1788455453.893,turning,8.722,7.461,-116.3,0,10,135,9.125,7.025,69.0,0.594,3.163,0.0,2.4,0.6,0.45
1788455453.959,turning,8.722,7.461,-116.3,0,10,135,9.125,7.025,69.0,0.594,3.163,0.0,2.4,0.6,0.45
1788455454.022,turning,8.722,7.461,-116.3,0,10,135,9.125,7.025,69.0,0.594,3.163,0.0,2.4,0.6,0.45
1788455454.079,turning,8.722,7.461,-116.3,0,10,135,9.125,7.025,69.0,0.594,3.163,0.0,2.4,0.6,0.45
1788455454.133,turning,8.722,7.461,-116.3,0,10,135,9.125,7.025,69.0,0.594,3.163,0.0,2.4,0.6,0.45
1788455454.186,turning,8.722,7.461,-116.3,0,10,135,9.125,7.025,69.0,0.594,3.163,0.0,2.4,0.6,0.45
1788455454.239,turning,8.722,7.461,-116.3,0,10,135,9.125,7.025,69.0,0.594,3.163,0.0,2.4,0.6,0.45
1788455454.292,turning,8.722,7.461,-116.3,0,10,135,9.125,7.025,69.0,0.594,3.163,0.0,2.4,0.6,0.45
1788455454.344,turning,8.722,7.461,-116.3,0,10,135,9.125,7.025,69.0,0.594,3.163,0.0,2.4,0.6,0.45
1788455454.398,turning,8.722,7.461,-116.3,0,10,135,9.125,7.025,69.0,0.594,3.163,0.0,2.4,0.6,0.45
1788455454.45,turning,8.722,7.461,-116.3,0,10,135,9.125,7.025,69.0,0.594,3.163,0.0,2.4,0.6,0.45
1788455454.501,turning,8.722,7.461,-116.3,0,10,135,9.125,7.025,69.0,0.594,3.163,0.0,2.4,0.6,0.45
1788455454.555,turning,8.722,7.461,-116.3,0,10,135,9.125,7.025,69.0,0.594,3.163,0.0,2.4,0.6,0.45
1788455454.62,turning,8.722,7.461,-116.3,0,10,135,9.125,7.025,69.0,0.594,3.163,0.0,2.4,0.6,0.45
1788455454.687,turning,8.722,7.461,-116.3,0,10,135,9.125,7.025,69.0,0.594,3.163,0.0,2.4,0.6,0.45
1788455454.751,turning,8.722,7.461,-116.3,0,10,135,9.125,7.025,69.0,0.594,3.163,0.0,2.4,0.6,0.45
1788455454.813,turning,8.722,7.461,-116.3,0,10,135,9.125,7.025,69.0,0.594,3.163,0.0,2.4,0.6,0.45
1788455454.871,turning,8.722,7.461,-116.3,0,10,135,9.125,7.025,69.0,0.594,3.163,0.0,2.4,0.6,0.45
1788455454.924,turning,8.722,7.461,-116.3,0,10,135,9.125,7.025,69.0,0.594,3.163,0.0,2.4,0.6,0.45
1788455454.978,turning,8.722,7.461,-116.3,0,10,135,9.125,7.025,69.0,0.594,3.163,0.0,2.4,0.6,0.45
1788455455.03,turning,8.722,7.461,-116.3,0,10,135,9.125,7.025,69.0,0.594,3.163,0.0,2.4,0.6,0.45
1788455455.083,turning,8.722,7.461,-116.3,0,10,135,9.125,7.025,69.0,0.594,3.163,0.0,2.4,0.6,0.45
1788455455.138,turning,8.722,7.461,-116.3,0,10,135,9.125,7.025,69.0,0.594,3.163,0.0,2.4,0.6,0.45
1788455455.191,turning,8.722,7.461,-116.3,0,10,135,9.125,7.025,69.0,0.594,3.163,0.0,2.4,0.6,0.45
1788455455.244,turning,8.722,7.461,-116.3,0,10,135,9.125,7.025,69.0,0.594,3.163,0.0,2.4,0.6,0.45
1788455455.295,turning,8.722,7.461,-116.3,0,10,135,9.125,7.025,69.0,0.594,3.163,0.0,2.4,0.6,0.45
1788455455.347,turning,8.722,7.461,-116.3,0,10,135,9.125,7.025,69.0,0.594,3.163,0.0,2.4,0.6,0.45
1788455455.409,turning,8.722,7.461,-116.3,0,10,135,9.125,7.025,69.0,0.594,3.163,0.0,2.4,0.6,0.45
1788455455.469,turning,8.722,7.461,-116.3,0,10,135,9.125,7.025,69.0,0.594,3.163,0.0,2.4,0.6,0.45
1788455455.528,turning,8.722,7.461,-116.3,0,10,135,9.125,7.025,69.0,0.594,3.163,0.0,2.4,0.6,0.45
1788455455.59,turning,8.722,7.461,-116.3,0,10,135,9.125,7.025,69.0,0.594,3.163,0.0,2.4,0.6,0.45
1788455455.643,turning,8.722,7.461,-116.3,0,10,135,9.125,7.025,69.0,0.594,3.163,0.0,2.4,0.6,0.45
1788455455.699,turning,8.722,7.461,-116.3,0,10,135,9.125,7.025,69.0,0.594,3.163,0.0,2.4,0.6,0.45
1788455455.751,turning,8.722,7.461,-116.3,0,10,135,9.125,7.025,69.0,0.594,3.163,0.0,2.4,0.6,0.45
1788455455.806,turning,8.722,7.461,-116.3,0,10,135,9.125,7.025,69.0,0.594,3.163,0.0,2.4,0.6,0.45
1788455455.859,turning,8.722,7.461,-116.3,0,10,135,9.125,7.025,69.0,0.594,3.163,0.0,2.4,0.6,0.45
1788455455.914,turning,8.722,7.461,-116.3,0,10,135,9.125,7.025,69.0,0.594,3.163,0.0,2.4,0.6,0.45
1788455455.969,turning,8.722,7.461,-116.3,0,10,135,9.125,7.025,69.0,0.594,3.163,0.0,2.4,0.6,0.45
1788455456.022,turning,8.722,7.461,-116.3,0,10,135,9.125,7.025,69.0,0.594,3.163,0.0,2.4,0.6,0.45
1788455456.075,turning,8.722,7.461,-116.3,0,10,135,9.125,7.025,69.0,0.594,3.163,0.0,2.4,0.6,0.45
1788455456.128,turning,8.722,7.461,-116.3,0,10,135,9.125,7.025,69.0,0.594,3.163,0.0,2.4,0.6,0.45
1788455456.188,turning,8.722,7.461,-116.3,0,10,135,9.125,7.025,69.0,0.594,3.163,0.0,2.4,0.6,0.45
1788455456.25,turning,8.722,7.461,-116.3,0,10,135,9.125,7.025,69.0,0.594,3.163,0.0,2.4,0.6,0.45
1788455456.314,turning,8.722,7.461,-116.3,0,10,135,9.125,7.025,69.0,0.594,3.163,0.0,2.4,0.6,0.45
1788455456.379,turning,8.722,7.461,-116.3,0,10,135,9.125,7.025,69.0,0.594,3.163,0.0,2.4,0.6,0.45
1788455456.44,turning,8.722,7.461,-116.3,0,10,135,9.125,7.025,69.0,0.594,3.163,0.0,2.4,0.6,0.45
1788455456.497,turning,8.722,7.461,-116.3,0,10,135,9.125,7.025,69.0,0.594,3.163,0.0,2.4,0.6,0.45
1788455456.548,turning,8.722,7.461,-116.3,0,10,135,9.125,7.025,69.0,0.594,3.163,0.0,2.4,0.6,0.45
1788455456.603,turning,8.722,7.461,-116.3,0,10,135,9.125,7.025,69.0,0.594,3.163,0.0,2.4,0.6,0.45
1788455456.657,turning,8.722,7.461,-116.3,0,10,135,9.125,7.025,69.0,0.594,3.163,0.0,2.4,0.6,0.45
1788455456.711,turning,8.722,7.461,-116.3,0,10,135,9.125,7.025,69.0,0.594,3.163,0.0,2.4,0.6,0.45
1788455456.773,turning,8.722,7.461,-116.3,0,10,135,9.125,7.025,69.0,0.594,3.163,0.0,2.4,0.6,0.45
1788455456.839,turning,8.722,7.461,-116.3,0,10,135,9.125,7.025,69.0,0.594,3.163,0.0,2.4,0.6,0.45
1788455456.894,turning,8.722,7.461,-116.3,0,10,135,9.125,7.025,69.0,0.594,3.163,0.0,2.4,0.6,0.45
1788455456.966,turning,8.722,7.461,-116.3,0,10,135,9.125,7.025,69.0,0.594,3.163,0.0,2.4,0.6,0.45
1788455457.025,turning,8.722,7.461,-116.3,0,10,135,9.125,7.025,69.0,0.594,3.163,0.0,2.4,0.6,0.45
1788455457.085,turning,8.722,7.461,-116.3,0,10,135,9.125,7.025,69.0,0.594,3.163,0.0,2.4,0.6,0.45
1788455457.148,turning,8.722,7.461,-116.3,0,10,135,9.125,7.025,69.0,0.594,3.163,0.0,2.4,0.6,0.45
1788455457.202,turning,8.722,7.461,-116.3,0,10,135,9.125,7.025,69.0,0.594,3.163,0.0,2.4,0.6,0.45
1788455457.257,turning,8.722,7.461,-116.3,0,10,135,9.125,7.025,69.0,0.594,3.163,0.0,2.4,0.6,0.45
1788455457.309,turning,8.722,7.461,-116.3,0,10,135,9.125,7.025,69.0,0.594,3.163,0.0,2.4,0.6,0.45
1788455457.362,turning,8.722,7.461,-116.3,0,10,135,9.125,7.025,69.0,0.594,3.163,0.0,2.4,0.6,0.45
1788455457.417,turning,8.722,7.461,-116.3,0,10,135,9.125,7.025,69.0,0.594,3.163,0.0,2.4,0.6,0.45
1788455457.471,turning,8.722,7.461,-116.3,0,10,135,9.125,7.025,69.0,0.594,3.163,0.0,2.4,0.6,0.45
1788455457.523,turning,8.722,7.461,-116.3,0,10,135,9.125,7.025,69.0,0.594,3.163,0.0,2.4,0.6,0.45
1788455457.574,turning,8.722,7.461,-116.3,0,10,135,9.125,7.025,69.0,0.594,3.163,0.0,2.4,0.6,0.45
1788455457.633,turning,8.722,7.461,-116.3,0,10,135,9.125,7.025,69.0,0.594,3.163,0.0,2.4,0.6,0.45
1788455457.684,turning,8.722,7.461,-116.3,0,10,135,9.125,7.025,69.0,0.594,3.163,0.0,2.4,0.6,0.45
1788455457.746,turning,8.722,7.461,-116.3,0,10,135,9.125,7.025,69.0,0.594,3.163,0.0,2.4,0.6,0.45
1788455457.809,turning,8.722,7.461,-116.3,0,10,135,9.125,7.025,69.0,0.594,3.163,0.0,2.4,0.6,0.45
1788455457.869,turning,8.722,7.461,-116.3,0,10,135,9.125,7.025,69.0,0.594,3.163,0.0,2.4,0.6,0.45
1788455457.93,turning,8.722,7.461,-116.3,0,10,135,9.125,7.025,69.0,0.594,3.163,0.0,2.4,0.6,0.45
1788455457.987,turning,8.722,7.461,-116.3,0,10,135,9.125,7.025,69.0,0.594,3.163,0.0,2.4,0.6,0.45
1788455458.039,turning,8.722,7.461,-116.3,0,10,135,9.125,7.025,69.0,0.594,3.163,0.0,2.4,0.6,0.45
1788455458.097,turning,8.722,7.461,-116.3,0,10,135,9.125,7.025,69.0,0.594,3.163,0.0,2.4,0.6,0.45
1788455458.147,turning,8.722,7.461,-116.3,0,10,135,9.125,7.025,69.0,0.594,3.163,0.0,2.4,0.6,0.45
1788455458.199,turning,8.722,7.461,-116.3,0,10,135,9.125,7.025,69.0,0.594,3.163,0.0,2.4,0.6,0.45
1788455458.248,turning,8.722,7.461,-116.3,0,10,135,9.125,7.025,69.0,0.594,3.163,0.0,2.4,0.6,0.45
1788455458.302,turning,8.722,7.461,-116.3,0,10,135,9.125,7.025,69.0,0.594,3.163,0.0,2.4,0.6,0.45
1788455458.357,turning,8.722,7.461,-116.3,0,10,135,9.125,7.025,69.0,0.594,3.163,0.0,2.4,0.6,0.45
1788455458.411,turning,8.722,7.461,-116.3,0,10,135,9.125,7.025,69.0,0.594,3.163,0.0,2.4,0.6,0.45
1788455458.466,turning,8.722,7.461,-116.3,0,10,135,9.125,7.025,69.0,0.594,3.163,0.0,2.4,0.6,0.45
1788455458.523,turning,8.722,7.461,-116.3,0,10,135,9.125,7.025,69.0,0.594,3.163,0.0,2.4,0.6,0.45
1788455458.579,turning,8.722,7.461,-116.3,0,10,135,9.125,7.025,69.0,0.594,3.163,0.0,2.4,0.6,0.45
1788455458.643,turning,8.722,7.461,-116.3,0,10,135,9.125,7.025,69.0,0.594,3.163,0.0,2.4,0.6,0.45
1788455458.703,turning,8.722,7.461,-116.3,0,10,135,9.125,7.025,69.0,0.594,3.163,0.0,2.4,0.6,0.45
1788455458.76,turning,8.722,7.461,-116.3,0,10,135,9.125,7.025,69.0,0.594,3.163,0.0,2.4,0.6,0.45
1788455458.81,turning,8.722,7.461,-116.3,0,10,135,9.125,7.025,69.0,0.594,3.163,0.0,2.4,0.6,0.45
1788455458.864,turning,8.722,7.461,-116.3,0,10,135,9.125,7.025,69.0,0.594,3.163,0.0,2.4,0.6,0.45
1788455458.915,turning,8.722,7.461,-116.3,0,10,135,9.125,7.025,69.0,0.594,3.163,0.0,2.4,0.6,0.45
1788455458.969,turning,8.722,7.461,-116.3,0,10,135,9.125,7.025,69.0,0.594,3.163,0.0,2.4,0.6,0.45
1788455459.02,turning,8.722,7.461,-116.3,0,10,135,9.125,7.025,69.0,0.594,3.163,0.0,2.4,0.6,0.45
1788455459.076,turning,8.722,7.461,-116.3,0,10,135,9.125,7.025,69.0,0.594,3.163,0.0,2.4,0.6,0.45
1788455459.129,turning,8.722,7.461,-116.3,0,10,135,9.125,7.025,69.0,0.594,3.163,0.0,2.4,0.6,0.45
1788455459.182,turning,8.722,7.461,-116.3,0,10,135,9.125,7.025,69.0,0.594,3.163,0.0,2.4,0.6,0.45
1788455459.232,turning,8.722,7.461,-116.3,0,10,135,9.125,7.025,69.0,0.594,3.163,0.0,2.4,0.6,0.45
1788455459.289,turning,8.722,7.461,-116.3,0,10,135,9.125,7.025,69.0,0.594,3.163,0.0,2.4,0.6,0.45
1788455459.349,turning,8.722,7.461,-116.3,0,10,135,9.125,7.025,69.0,0.594,3.163,0.0,2.4,0.6,0.45
1788455459.41,turning,8.722,7.461,-116.3,0,10,135,9.125,7.025,69.0,0.594,3.163,0.0,2.4,0.6,0.45
1788455459.473,turning,8.722,7.461,-116.3,0,10,135,9.125,7.025,69.0,0.594,3.163,0.0,2.4,0.6,0.45
1788455459.531,turning,8.722,7.461,-116.3,0,10,135,9.125,7.025,69.0,0.594,3.163,0.0,2.4,0.6,0.45
1788455459.585,turning,8.722,7.461,-116.3,0,10,135,9.125,7.025,69.0,0.594,3.163,0.0,2.4,0.6,0.45
1788455459.638,turning,8.722,7.461,-116.3,0,10,135,9.125,7.025,69.0,0.594,3.163,0.0,2.4,0.6,0.45
1788455459.692,turning,8.722,7.461,-116.3,0,10,135,9.125,7.025,69.0,0.594,3.163,0.0,2.4,0.6,0.45
1788455459.746,turning,8.722,7.461,-116.3,0,10,135,9.125,7.025,69.0,0.594,3.163,0.0,2.4,0.6,0.45
1788455459.799,turning,8.722,7.461,-116.3,0,10,135,9.125,7.025,69.0,0.594,3.163,0.0,2.4,0.6,0.45
1788455459.852,turning,8.722,7.461,-116.3,0,10,135,9.125,7.025,69.0,0.594,3.163,0.0,2.4,0.6,0.45
1788455459.906,turning,8.722,7.461,-116.3,0,10,135,9.125,7.025,69.0,0.594,3.163,0.0,2.4,0.6,0.45
1788455459.959,turning,8.722,7.461,-116.3,0,10,135,9.125,7.025,69.0,0.594,3.163,0.0,2.4,0.6,0.45
1788455460.016,turning,8.722,7.461,-116.3,0,10,135,9.125,7.025,69.0,0.594,3.163,0.0,2.4,0.6,0.45
1788455460.075,turning,8.722,7.461,-116.3,0,10,135,9.125,7.025,69.0,0.594,3.163,0.0,2.4,0.6,0.45
1788455460.136,turning,8.722,7.461,-116.3,0,10,135,9.125,7.025,69.0,0.594,3.163,0.0,2.4,0.6,0.45
1788455460.208,turning,8.722,7.461,-116.3,0,10,135,9.125,7.025,69.0,0.594,3.163,0.0,2.4,0.6,0.45
1788455460.272,turning,8.722,7.461,-116.3,0,10,135,9.125,7.025,69.0,0.594,3.163,0.0,2.4,0.6,0.45
1788455460.334,turning,8.722,7.461,-116.3,0,10,135,9.125,7.025,69.0,0.594,3.163,0.0,2.4,0.6,0.45
1788455460.39,turning,8.722,7.461,-116.3,0,10,135,9.125,7.025,69.0,0.594,3.163,0.0,2.4,0.6,0.45
1788455460.445,turning,8.722,7.461,-116.3,0,10,135,9.125,7.025,69.0,0.594,3.163,0.0,2.4,0.6,0.45
1788455460.499,turning,8.722,7.461,-116.3,0,10,135,9.125,7.025,69.0,0.594,3.163,0.0,2.4,0.6,0.45
1788455460.556,turning,8.722,7.461,-116.3,0,10,135,9.125,7.025,69.0,0.594,3.163,0.0,2.4,0.6,0.45
1788455460.612,turning,8.722,7.461,-116.3,0,10,135,9.125,7.025,69.0,0.594,3.163,0.0,2.4,0.6,0.45
1788455460.67,turning,8.722,7.461,-116.3,0,10,135,9.125,7.025,69.0,0.594,3.163,0.0,2.4,0.6,0.45
1788455460.725,turning,8.722,7.461,-116.3,0,10,135,9.125,7.025,69.0,0.594,3.163,0.0,2.4,0.6,0.45
1788455460.781,turning,8.722,7.461,-116.3,0,10,135,9.125,7.025,69.0,0.594,3.163,0.0,2.4,0.6,0.45
1788455460.835,turning,8.722,7.461,-116.3,0,10,135,9.125,7.025,69.0,0.594,3.163,0.0,2.4,0.6,0.45
1788455460.898,turning,8.722,7.461,-116.3,0,10,135,9.125,7.025,69.0,0.594,3.163,0.0,2.4,0.6,0.45
1788455460.969,turning,8.722,7.461,-116.3,0,10,135,9.125,7.025,69.0,0.594,3.163,0.0,2.4,0.6,0.45
1788455461.028,turning,8.722,7.461,-116.3,0,10,135,9.125,7.025,69.0,0.594,3.163,0.0,2.4,0.6,0.45
1788455461.088,turning,8.722,7.461,-116.3,0,10,135,9.125,7.025,69.0,0.594,3.163,0.0,2.4,0.6,0.45
1788455461.14,turning,8.722,7.461,-116.3,0,10,135,9.125,7.025,69.0,0.594,3.163,0.0,2.4,0.6,0.45
1788455461.193,turning,8.722,7.461,-116.3,0,10,135,9.125,7.025,69.0,0.594,3.163,0.0,2.4,0.6,0.45
1788455461.248,turning,8.722,7.461,-116.3,0,10,135,9.125,7.025,69.0,0.594,3.163,0.0,2.4,0.6,0.45
1788455461.305,turning,8.722,7.461,-116.3,0,10,135,9.125,7.025,69.0,0.594,3.163,0.0,2.4,0.6,0.45
1788455461.359,turning,8.722,7.461,-116.3,0,10,135,9.125,7.025,69.0,0.594,3.163,0.0,2.4,0.6,0.45
1788455461.415,turning,8.722,7.461,-116.3,0,10,135,9.125,7.025,69.0,0.594,3.163,0.0,2.4,0.6,0.45
1788455461.471,turning,8.722,7.461,-116.3,0,10,135,9.125,7.025,69.0,0.594,3.163,0.0,2.4,0.6,0.45
1788455461.526,turning,8.722,7.461,-116.3,0,10,135,9.125,7.025,69.0,0.594,3.163,0.0,2.4,0.6,0.45
1788455461.581,turning,8.722,7.461,-116.3,0,10,135,9.125,7.025,69.0,0.594,3.163,0.0,2.4,0.6,0.45
1788455461.633,turning,8.722,7.461,-116.3,0,10,135,9.125,7.025,69.0,0.594,3.163,0.0,2.4,0.6,0.45
1788455461.688,turning,8.722,7.461,-116.3,0,10,135,9.125,7.025,69.0,0.594,3.163,0.0,2.4,0.6,0.45
1788455461.747,turning,8.722,7.461,-116.3,0,10,135,9.125,7.025,69.0,0.594,3.163,0.0,2.4,0.6,0.45
1788455461.806,turning,8.722,7.461,-116.3,0,10,135,9.125,7.025,69.0,0.594,3.163,0.0,2.4,0.6,0.45
1788455461.886,turning,8.722,7.461,-116.3,0,10,135,9.125,7.025,69.0,0.594,3.163,0.0,2.4,0.6,0.45
1788455461.951,turning,8.722,7.461,-116.3,0,10,135,9.125,7.025,69.0,0.594,3.163,0.0,2.4,0.6,0.45
1788455462.012,turning,8.722,7.461,-116.3,0,10,135,9.125,7.025,69.0,0.594,3.163,0.0,2.4,0.6,0.45
1788455462.067,turning,8.722,7.461,-116.3,0,10,135,9.125,7.025,69.0,0.594,3.163,0.0,2.4,0.6,0.45
1788455462.121,turning,8.722,7.461,-116.3,0,10,135,9.125,7.025,69.0,0.594,3.163,0.0,2.4,0.6,0.45
1788455462.176,turning,8.722,7.461,-116.3,0,10,135,9.125,7.025,69.0,0.594,3.163,0.0,2.4,0.6,0.45
1788455462.229,turning,8.722,7.461,-116.3,0,10,135,9.125,7.025,69.0,0.594,3.163,0.0,2.4,0.6,0.45
1788455462.283,turning,8.722,7.461,-116.3,0,10,135,9.125,7.025,69.0,0.594,3.163,0.0,2.4,0.6,0.45
1788455462.339,turning,8.722,7.461,-116.3,0,10,135,9.125,7.025,69.0,0.594,3.163,0.0,2.4,0.6,0.45
1788455462.394,turning,8.722,7.461,-116.3,0,10,135,9.125,7.025,69.0,0.594,3.163,0.0,2.4,0.6,0.45
1788455462.448,turning,8.722,7.461,-116.3,0,10,135,9.125,7.025,69.0,0.594,3.163,0.0,2.4,0.6,0.45
1788455462.511,turning,8.722,7.461,-116.3,0,10,135,9.125,7.025,69.0,0.594,3.163,0.0,2.4,0.6,0.45
1788455462.573,turning,8.722,7.461,-116.3,0,10,135,9.125,7.025,69.0,0.594,3.163,0.0,2.4,0.6,0.45
1788455462.631,turning,8.722,7.461,-116.3,0,10,135,9.125,7.025,69.0,0.594,3.163,0.0,2.4,0.6,0.45
1788455462.69,turning,8.722,7.461,-116.3,0,10,135,9.125,7.025,69.0,0.594,3.163,0.0,2.4,0.6,0.45
1788455462.741,turning,8.722,7.461,-116.3,0,10,135,9.125,7.025,69.0,0.594,3.163,0.0,2.4,0.6,0.45
1788455462.795,turning,8.722,7.461,-116.3,0,10,135,9.125,7.025,69.0,0.594,3.163,0.0,2.4,0.6,0.45
1788455462.846,turning,8.722,7.461,-116.3,0,10,135,9.125,7.025,69.0,0.594,3.163,0.0,2.4,0.6,0.45
1788455462.897,turning,8.722,7.461,-116.3,0,10,135,9.125,7.025,69.0,0.594,3.163,0.0,2.4,0.6,0.45
1788455462.955,turning,8.722,7.461,-116.3,0,10,135,9.125,7.025,69.0,0.594,3.163,0.0,2.4,0.6,0.45
1788455463.008,turning,8.722,7.461,-116.3,0,10,135,9.125,7.025,69.0,0.594,3.163,0.0,2.4,0.6,0.45
1788455463.062,turning,8.722,7.461,-116.3,0,10,135,9.125,7.025,69.0,0.594,3.163,0.0,2.4,0.6,0.45
1788455463.113,turning,8.722,7.461,-116.3,0,10,135,9.125,7.025,69.0,0.594,3.163,0.0,2.4,0.6,0.45
1788455463.166,turning,8.722,7.461,-116.3,0,10,135,9.125,7.025,69.0,0.594,3.163,0.0,2.4,0.6,0.45
1788455463.22,turning,8.722,7.461,-116.3,0,10,135,9.125,7.025,69.0,0.594,3.163,0.0,2.4,0.6,0.45
1788455463.292,turning,8.722,7.461,-116.3,0,10,135,9.125,7.025,69.0,0.594,3.163,0.0,2.4,0.6,0.45
1788455463.358,turning,8.722,7.461,-116.3,0,10,135,9.125,7.025,69.0,0.594,3.163,0.0,2.4,0.6,0.45
1788455463.419,turning,8.722,7.461,-116.3,0,10,135,9.125,7.025,69.0,0.594,3.163,0.0,2.4,0.6,0.45
1788455463.478,turning,8.722,7.461,-116.3,0,10,135,9.125,7.025,69.0,0.594,3.163,0.0,2.4,0.6,0.45
1788455463.531,turning,8.722,7.461,-116.3,0,10,135,9.125,7.025,69.0,0.594,3.163,0.0,2.4,0.6,0.45
1788455463.582,turning,8.722,7.461,-116.3,0,10,135,9.125,7.025,69.0,0.594,3.163,0.0,2.4,0.6,0.45
1788455463.635,turning,8.722,7.461,-116.3,0,10,135,9.125,7.025,69.0,0.594,3.163,0.0,2.4,0.6,0.45
1788455463.688,turning,8.722,7.461,-116.3,0,10,135,9.125,7.025,69.0,0.594,3.163,0.0,2.4,0.6,0.45
1788455463.739,turning,8.722,7.461,-116.3,0,10,135,9.125,7.025,69.0,0.594,3.163,0.0,2.4,0.6,0.45
1788455463.792,turning,8.722,7.461,-116.3,0,10,135,9.125,7.025,69.0,0.594,3.163,0.0,2.4,0.6,0.45
1788455463.847,turning,8.722,7.461,-116.3,0,10,135,9.125,7.025,69.0,0.594,3.163,0.0,2.4,0.6,0.45
1788455463.902,turning,8.722,7.461,-116.3,0,10,135,9.125,7.025,69.0,0.594,3.163,0.0,2.4,0.6,0.45
1788455463.958,turning,8.722,7.461,-116.3,0,10,135,9.125,7.025,69.0,0.594,3.163,0.0,2.4,0.6,0.45
1788455464.012,turning,8.722,7.461,-116.3,0,10,135,9.125,7.025,69.0,0.594,3.163,0.0,2.4,0.6,0.45
1788455464.075,turning,8.722,7.461,-116.3,0,10,135,9.125,7.025,69.0,0.594,3.163,0.0,2.4,0.6,0.45
1788455464.132,turning,8.722,7.461,-116.3,0,10,135,9.125,7.025,69.0,0.594,3.163,0.0,2.4,0.6,0.45
1788455464.191,turning,8.722,7.461,-116.3,0,10,135,9.125,7.025,69.0,0.594,3.163,0.0,2.4,0.6,0.45
1788455464.249,turning,8.722,7.461,-116.3,0,10,135,9.125,7.025,69.0,0.594,3.163,0.0,2.4,0.6,0.45
1788455464.304,turning,8.722,7.461,-116.3,0,10,135,9.125,7.025,69.0,0.594,3.163,0.0,2.4,0.6,0.45
1788455464.357,turning,8.722,7.461,-116.3,0,10,135,9.125,7.025,69.0,0.594,3.163,0.0,2.4,0.6,0.45
1788455464.408,turning,8.722,7.461,-116.3,0,10,135,9.125,7.025,69.0,0.594,3.163,0.0,2.4,0.6,0.45
1788455464.463,turning,8.722,7.461,-116.3,0,10,135,9.125,7.025,69.0,0.594,3.163,0.0,2.4,0.6,0.45
1788455464.515,turning,8.722,7.461,-116.3,0,10,135,9.125,7.025,69.0,0.594,3.163,0.0,2.4,0.6,0.45
1788455464.569,turning,8.722,7.461,-116.3,0,10,135,9.125,7.025,69.0,0.594,3.163,0.0,2.4,0.6,0.45
1788455464.621,turning,8.722,7.461,-116.3,0,10,135,9.125,7.025,69.0,0.594,3.163,0.0,2.4,0.6,0.45
1788455464.673,turning,8.722,7.461,-116.3,0,10,135,9.125,7.025,69.0,0.594,3.163,0.0,2.4,0.6,0.45
1788455464.724,turning,8.722,7.461,-116.3,0,10,135,9.125,7.025,69.0,0.594,3.163,0.0,2.4,0.6,0.45
1788455464.78,turning,8.722,7.461,-116.3,0,10,135,9.125,7.025,69.0,0.594,3.163,0.0,2.4,0.6,0.45
1788455464.838,turning,8.722,7.461,-116.3,0,10,135,9.125,7.025,69.0,0.594,3.163,0.0,2.4,0.6,0.45
1788455464.839,turning,8.722,7.461,-116.3,0,10,135,9.125,7.025,69.0,0.594,3.163,0.0,2.4,0.6,0.45
1788455464.955,turning,8.722,7.461,-116.3,0,10,135,9.125,7.025,69.0,0.594,3.163,0.0,2.4,0.6,0.45
1788455465.014,turning,8.722,7.461,-116.3,0,10,135,9.125,7.025,69.0,0.594,3.163,0.0,2.4,0.6,0.45
1788455465.069,turning,8.722,7.461,-116.3,0,10,135,9.125,7.025,69.0,0.594,3.163,0.0,2.4,0.6,0.45
1788455465.121,turning,8.722,7.461,-116.3,0,10,135,9.125,7.025,69.0,0.594,3.163,0.0,2.4,0.6,0.45
1788455465.172,turning,8.722,7.461,-116.3,0,10,135,9.125,7.025,69.0,0.594,3.163,0.0,2.4,0.6,0.45
1788455465.223,turning,8.722,7.461,-116.3,0,10,135,9.125,7.025,69.0,0.594,3.163,0.0,2.4,0.6,0.45
1788455465.279,turning,8.722,7.461,-116.3,0,10,135,9.125,7.025,69.0,0.594,3.163,0.0,2.4,0.6,0.45
1788455465.328,turning,8.722,7.461,-116.3,0,10,135,9.125,7.025,69.0,0.594,3.163,0.0,2.4,0.6,0.45
1788455465.384,turning,8.722,7.461,-116.3,0,10,135,9.125,7.025,69.0,0.594,3.163,0.0,2.4,0.6,0.45
1788455465.435,turning,8.722,7.461,-116.3,0,10,135,9.125,7.025,69.0,0.594,3.163,0.0,2.4,0.6,0.45
1788455465.488,turning,8.722,7.461,-116.3,0,10,135,9.125,7.025,69.0,0.594,3.163,0.0,2.4,0.6,0.45
1788455465.54,turning,8.722,7.461,-116.3,0,10,135,9.125,7.025,69.0,0.594,3.163,0.0,2.4,0.6,0.45
1788455465.597,turning,8.722,7.461,-116.3,0,10,135,9.125,7.025,69.0,0.594,3.163,0.0,2.4,0.6,0.45
1788455465.656,turning,8.722,7.461,-116.3,0,10,135,9.125,7.025,69.0,0.594,3.163,0.0,2.4,0.6,0.45
1788455465.719,turning,8.722,7.461,-116.3,0,10,135,9.125,7.025,69.0,0.594,3.163,0.0,2.4,0.6,0.45
1788455465.783,turning,8.722,7.461,-116.3,0,10,135,9.125,7.025,69.0,0.594,3.163,0.0,2.4,0.6,0.45
1788455465.84,turning,8.722,7.461,-116.3,0,10,135,9.125,7.025,69.0,0.594,3.163,0.0,2.4,0.6,0.45
1788455465.894,turning,8.722,7.461,-116.3,0,10,135,9.125,7.025,69.0,0.594,3.163,0.0,2.4,0.6,0.45
1788455465.947,turning,8.722,7.461,-116.3,0,10,135,9.125,7.025,69.0,0.594,3.163,0.0,2.4,0.6,0.45
1788455466.003,turning,8.722,7.461,-116.3,0,10,135,9.125,7.025,69.0,0.594,3.163,0.0,2.4,0.6,0.45
1788455466.057,turning,8.722,7.461,-116.3,0,10,135,9.125,7.025,69.0,0.594,3.163,0.0,2.4,0.6,0.45
1788455466.109,turning,8.722,7.461,-116.3,0,10,135,9.125,7.025,69.0,0.594,3.163,0.0,2.4,0.6,0.45
1788455466.163,turning,8.722,7.461,-116.3,0,10,135,9.125,7.025,69.0,0.594,3.163,0.0,2.4,0.6,0.45
1788455466.215,turning,8.722,7.461,-116.3,0,10,135,9.125,7.025,69.0,0.594,3.163,0.0,2.4,0.6,0.45
1788455466.268,turning,8.722,7.461,-116.3,0,10,135,9.125,7.025,69.0,0.594,3.163,0.0,2.4,0.6,0.45
1788455466.323,turning,8.722,7.461,-116.3,0,10,135,9.125,7.025,69.0,0.594,3.163,0.0,2.4,0.6,0.45
1788455466.383,turning,8.722,7.461,-116.3,0,10,135,9.125,7.025,69.0,0.594,3.163,0.0,2.4,0.6,0.45
1788455466.444,turning,8.722,7.461,-116.3,0,10,135,9.125,7.025,69.0,0.594,3.163,0.0,2.4,0.6,0.45
1788455466.504,turning,8.722,7.461,-116.3,0,10,135,9.125,7.025,69.0,0.594,3.163,0.0,2.4,0.6,0.45
1788455466.563,turning,8.722,7.461,-116.3,0,10,135,9.125,7.025,69.0,0.594,3.163,0.0,2.4,0.6,0.45
1788455466.621,turning,8.722,7.461,-116.3,0,10,135,9.125,7.025,69.0,0.594,3.163,0.0,2.4,0.6,0.45
1788455466.673,turning,8.722,7.461,-116.3,0,10,135,9.125,7.025,69.0,0.594,3.163,0.0,2.4,0.6,0.45
1788455466.725,turning,8.722,7.461,-116.3,0,10,135,9.125,7.025,69.0,0.594,3.163,0.0,2.4,0.6,0.45
1788455466.778,turning,8.722,7.461,-116.3,0,10,135,9.125,7.025,69.0,0.594,3.163,0.0,2.4,0.6,0.45
1788455466.833,turning,8.722,7.461,-116.3,0,10,135,9.125,7.025,69.0,0.594,3.163,0.0,2.4,0.6,0.45
1788455466.891,turning,8.722,7.461,-116.3,0,10,135,9.125,7.025,69.0,0.594,3.163,0.0,2.4,0.6,0.45
1788455466.966,turning,8.722,7.461,-116.3,0,10,135,9.125,7.025,69.0,0.594,3.163,0.0,2.4,0.6,0.45
1788455467.033,turning,8.722,7.461,-114.7,0,10,135,9.125,7.025,67.5,0.594,3.163,0.0,2.4,0.6,0.45
1788455467.099,turning,8.722,7.461,-113.9,0,10,135,9.125,7.025,66.7,0.594,3.163,0.0,2.4,0.6,0.45
1788455467.158,turning,8.722,7.461,-112.3,0,10,135,9.125,7.025,65.1,0.594,3.163,0.0,2.4,0.6,0.45
1788455467.23,turning,8.722,7.461,-111.5,0,10,135,9.125,7.025,64.2,0.594,3.163,0.0,2.4,0.6,0.45
1788455467.315,turning,8.722,7.461,-109.8,0,10,135,9.125,7.025,62.6,0.594,3.163,0.0,2.4,0.6,0.45
1788455467.322,turning,8.722,7.461,-109.8,0,10,137,9.125,7.025,62.6,0.594,3.163,0.0,2.4,0.6,0.45
1788455467.486,turning,8.722,7.461,-107.4,0,10,137,9.125,7.025,60.1,0.594,3.163,0.0,2.4,0.6,0.45
1788455467.567,turning,8.722,7.461,-106.6,0,10,137,9.125,7.025,59.3,0.594,3.163,0.0,2.4,0.6,0.45
1788455467.641,turning,8.722,7.461,-104.9,0,10,137,9.125,7.025,57.7,0.594,3.163,0.0,2.4,0.6,0.45
1788455467.716,driving,8.722,7.461,-104.1,0,10,137,9.125,7.025,56.9,0.594,3.163,0.229,0.0,0.6,0.45
1788455467.791,turning,8.722,7.461,-103.2,0,10,137,9.125,7.025,55.9,0.594,3.163,0.0,2.927,0.6,0.45
1788455467.862,turning,8.721,7.462,-103.2,0,10,137,9.125,7.025,55.9,0.595,3.162,0.0,2.93,0.6,0.45
1788455467.934,turning,8.72,7.464,-100.8,0,10,137,9.125,7.025,53.6,0.598,3.16,0.0,2.806,0.6,0.45
1788455468.011,turning,8.72,7.464,-99.4,0,10,137,9.125,7.025,52.2,0.598,3.16,0.0,2.731,0.6,0.45
1788455468.093,turning,8.72,7.464,-98.1,0,10,137,9.125,7.025,50.8,0.598,3.16,0.0,2.662,0.6,0.45
1788455468.175,turning,8.72,7.464,-95.7,0,10,137,9.125,7.025,48.5,0.598,3.16,0.0,2.539,0.6,0.45
1788455468.244,turning,8.72,7.464,-94.6,0,10,137,9.125,7.025,47.4,0.598,3.16,0.0,2.48,0.6,0.45
1788455468.303,turning,8.717,7.472,-92.4,0,10,137,9.125,7.025,45.1,0.605,3.156,0.0,2.4,0.6,0.45
1788455468.362,turning,8.714,7.479,-91.3,0,10,138,9.125,7.025,44.0,0.613,3.153,0.0,2.4,0.6,0.45
1788455468.42,turning,8.711,7.485,-89.4,0,10,138,9.125,7.025,42.1,0.619,3.149,0.0,2.4,0.6,0.46
1788455468.476,turning,8.711,7.485,-88.6,0,10,138,9.125,7.025,41.2,0.619,3.149,0.0,2.4,0.6,0.46
1788455468.528,turning,8.711,7.485,-87.0,0,10,138,9.125,7.025,39.5,0.619,3.149,0.0,2.4,0.6,0.46
1788455468.584,turning,8.711,7.485,-86.1,0,10,138,9.125,7.025,38.7,0.619,3.149,0.0,2.4,0.6,0.46
1788455468.639,turning,8.713,7.487,-84.7,0,10,138,9.125,7.025,37.2,0.62,3.151,0.0,2.4,0.6,0.46
1788455468.7,turning,8.714,7.489,-84.1,0,10,138,9.125,7.025,36.5,0.62,3.152,0.0,2.4,0.6,0.46
1788455468.762,turning,8.715,7.49,-82.5,0,10,138,9.125,7.025,34.9,0.62,3.153,0.0,2.4,0.6,0.48
1788455468.825,turning,8.715,7.49,-81.7,0,10,138,9.125,7.025,34.0,0.62,3.153,0.0,2.4,0.6,0.48
1788455468.894,turning,8.715,7.489,-80.1,0,10,138,9.125,7.025,32.3,0.619,3.153,0.0,2.4,0.6,0.53
1788455468.956,turning,8.716,7.489,-79.2,0,10,138,9.125,7.025,31.4,0.619,3.154,0.0,2.4,0.6,0.53
1788455469.013,turning,8.716,7.488,-77.6,0,10,138,9.125,7.025,29.7,0.618,3.154,0.0,2.4,0.6,0.58
1788455469.067,turning,8.716,7.488,-76.8,0,10,138,9.125,7.025,28.9,0.618,3.154,0.0,2.4,0.6,0.58
1788455469.121,turning,8.716,7.488,-75.9,0,10,138,9.125,7.025,28.0,0.618,3.154,0.0,2.4,0.6,0.64
1788455469.177,turning,8.716,7.488,-74.3,0,10,138,9.125,7.025,26.3,0.618,3.154,0.0,2.4,0.6,0.64
1788455469.233,turning,8.717,7.493,-73.6,0,10,138,9.125,7.025,25.6,0.621,3.155,0.0,2.4,0.6,0.71
1788455469.291,turning,8.721,7.509,-72.3,0,10,138,9.125,7.025,24.2,0.631,3.158,0.0,2.4,0.6,0.71
1788455469.351,turning,8.722,7.513,-71.6,0,10,138,9.125,7.025,23.3,0.633,3.158,0.0,2.4,0.6,0.8
1788455469.408,turning,8.722,7.512,-70.6,0,9,140,9.125,7.075,22.4,0.594,3.158,0.0,2.4,0.6,0.8
1788455469.463,turning,8.723,7.51,-70.6,0,9,140,9.125,7.075,22.4,0.592,3.159,0.0,2.4,0.6,0.88
1788455469.517,turning,8.726,7.501,-70.6,0,9,140,9.125,7.075,22.5,0.583,3.163,0.0,2.4,0.6,0.88
1788455469.579,turning,8.73,7.5,-70.5,0,9,140,9.125,7.075,22.4,0.58,3.167,0.0,2.4,0.6,0.89
1788455469.642,turning,8.737,7.508,-68.8,0,9,140,9.125,7.075,20.8,0.581,3.173,0.0,2.4,0.6,0.89
1788455469.711,turning,8.738,7.51,-67.2,0,9,140,9.125,7.075,19.2,0.582,3.174,0.0,2.4,0.6,0.94
1788455469.781,turning,8.739,7.507,-67.0,0,9,140,9.125,7.075,18.9,0.579,3.175,0.0,2.4,0.6,0.94
1788455469.842,turning,8.74,7.503,-67.0,0,9,140,9.125,7.075,18.9,0.576,3.177,0.0,2.4,0.6,1.02
1788455469.909,turning,8.745,7.492,-67.0,1,11,140,9.125,6.975,18.6,0.641,3.183,0.0,2.4,0.6,1.02
1788455469.977,turning,8.744,7.491,-66.7,1,11,140,9.125,6.975,18.0,0.641,3.182,0.0,2.4,0.6,1.04
1788455470.038,turning,8.737,7.5,-63.5,0,9,140,9.125,7.075,14.8,0.576,3.173,0.0,2.4,0.6,1.04
1788455470.098,turning,8.736,7.5,-61.9,0,9,140,9.125,7.075,13.3,0.576,3.173,0.0,2.4,0.6,1.16
1788455470.159,turning,8.737,7.5,-61.7,0,9,140,9.125,7.075,13.2,0.576,3.174,0.0,2.4,0.6,1.16
1788455470.217,turning,8.74,7.494,-61.7,0,9,140,9.125,7.075,13.2,0.569,3.177,0.0,2.4,0.6,1.31
1788455470.28,turning,8.74,7.494,-60.3,0,9,140,9.125,7.075,12.0,0.569,3.177,0.0,2.4,0.6,1.31
1788455470.345,turning,8.74,7.494,-57.3,0,9,140,9.125,7.075,9.0,0.569,3.177,0.0,2.4,0.6,1.53
1788455470.411,turning,8.74,7.494,-55.8,0,9,138,9.125,7.025,7.3,0.607,3.177,0.0,2.4,0.6,1.53
1788455470.481,driving,8.74,7.494,-52.8,0,9,138,9.125,7.025,4.2,0.607,3.177,0.3,0.0,0.6,2.73
1788455470.54,driving,8.74,7.494,-51.2,0,9,138,9.125,7.025,2.5,0.607,3.177,0.3,0.0,0.6,2.73
1788455470.597,driving,8.737,7.496,-48.2,0,9,138,9.125,7.025,-0.7,0.61,3.175,0.3,0.0,0.6,2.73
1788455470.651,driving,8.735,7.498,-46.6,0,9,138,9.125,7.025,-2.3,0.613,3.172,0.3,0.0,0.6,2.73
1788455470.704,driving,8.733,7.5,-43.6,0,9,138,9.125,7.025,-5.5,0.616,3.17,0.3,0.0,0.6,2.74
1788455470.758,driving,8.733,7.5,-42.1,0,9,138,9.125,7.025,-7.1,0.616,3.17,0.3,0.0,0.6,2.74
1788455470.811,driving,8.733,7.5,-39.0,0,9,138,9.125,7.025,-10.2,0.616,3.17,0.3,0.0,0.6,2.74
1788455470.87,driving,8.733,7.5,-37.5,0,9,138,9.125,7.025,-11.8,0.616,3.17,0.3,0.0,0.6,2.74
1788455470.927,driving,8.75,7.489,-35.1,0,9,138,9.125,7.025,-14.2,0.597,3.188,0.3,0.0,0.6,2.73
1788455470.982,driving,8.761,7.48,-34.1,0,9,138,9.125,7.025,-15.4,0.583,3.2,0.3,0.0,0.6,2.73
1788455471.036,turning,8.768,7.475,-31.4,0,9,138,9.125,7.025,-18.2,0.575,3.207,0.0,-2.4,0.6,2.74
1788455471.095,turning,8.768,7.475,-29.9,0,9,138,9.125,7.025,-19.9,0.575,3.207,0.0,-2.4,0.6,2.74
1788455471.162,turning,8.766,7.475,-28.3,0,9,138,9.125,7.025,-21.6,0.575,3.205,0.0,-2.4,0.6,2.78
1788455471.234,turning,8.76,7.472,-24.9,0,9,138,9.125,7.025,-25.0,0.577,3.199,0.0,-2.4,0.6,2.78
1788455471.305,turning,8.759,7.471,-23.4,0,9,138,9.125,7.025,-26.6,0.578,3.198,0.0,-2.4,0.6,2.87
1788455471.373,turning,8.759,7.471,-20.3,0,9,138,9.125,7.025,-29.7,0.578,3.198,0.0,-2.4,0.6,2.87
1788455471.433,turning,8.758,7.472,-18.9,0,10,139,9.132,7.075,-30.9,0.546,3.197,0.0,-2.4,0.6,2.98
1788455471.492,turning,8.754,7.473,-16.3,0,10,139,9.132,7.075,-33.3,0.549,3.193,0.0,-2.4,0.6,2.98
1788455471.549,turning,8.753,7.473,-14.8,0,10,139,9.132,7.075,-34.6,0.55,3.192,0.0,-2.4,0.6,3.12
1788455471.606,turning,8.753,7.473,-11.8,0,10,139,9.132,7.075,-37.4,0.55,3.192,0.0,-2.4,0.6,3.12
1788455471.666,turning,8.75,7.473,-10.1,0,10,139,9.132,7.075,-38.9,0.552,3.189,0.0,-2.4,0.6,3.21
1788455471.72,turning,8.742,7.473,-6.7,0,10,139,9.132,7.075,-42.1,0.557,3.181,0.0,-2.4,0.6,3.21
1788455471.778,turning,8.741,7.472,-5.1,0,10,139,9.132,7.075,-43.5,0.558,3.18,0.0,-2.4,0.6,2.84
1788455471.834,turning,8.741,7.472,-2.1,0,10,139,9.132,7.075,-46.3,0.558,3.18,0.0,-2.489,0.6,2.84
1788455471.895,turning,8.739,7.472,-0.8,0,10,139,9.132,7.075,-47.5,0.559,3.179,0.0,-2.559,0.6,2.51
1788455471.963,turning,8.736,7.471,1.6,0,10,139,9.132,7.075,-49.6,0.56,3.176,0.0,-2.683,0.6,2.51
1788455472.024,turning,8.736,7.47,2.9,0,10,139,9.132,7.075,-50.8,0.56,3.176,0.0,-2.752,0.6,2.28
1788455472.088,turning,8.736,7.47,5.4,0,10,139,9.132,7.075,-53.1,0.56,3.176,0.0,-2.882,0.6,2.28
1788455472.147,turning,8.74,7.468,6.5,0,10,139,9.132,7.075,-54.0,0.556,3.179,0.0,-2.939,0.6,2.11
1788455472.2,turning,8.743,7.465,7.5,0,10,139,9.132,7.075,-54.9,0.551,3.183,0.0,-2.992,0.6,2.11
1788455472.254,turning,8.747,7.462,9.6,0,10,139,9.132,7.075,-56.8,0.546,3.187,0.0,-3.099,0.6,1.99
1788455472.31,turning,8.747,7.462,10.6,0,10,139,9.132,7.075,-57.7,0.546,3.187,0.0,-3.154,0.6,1.99
1788455472.369,turning,8.74,7.464,12.5,0,10,139,9.132,7.075,-59.4,0.553,3.18,0.0,-3.253,0.6,1.89
1788455472.424,turning,8.733,7.466,13.4,0,10,139,9.132,7.075,-60.2,0.558,3.174,0.0,-3.3,0.6,1.89
1788455472.482,turning,8.728,7.467,15.1,0,10,140,9.131,7.125,-61.5,0.529,3.168,0.0,-3.388,0.6,1.82
1788455472.534,turning,8.728,7.467,15.9,0,10,140,9.131,7.125,-61.9,0.529,3.168,0.0,-3.432,0.6,1.82
1788455472.592,turning,8.724,7.473,18.0,0,10,140,9.131,7.125,-63.6,0.535,3.163,0.0,-3.539,0.6,1.76
1788455472.646,turning,8.72,7.477,19.1,0,10,140,9.131,7.125,-64.5,0.54,3.159,0.0,-3.601,0.6,1.76
1788455472.706,turning,8.717,7.479,20.8,0,10,140,9.131,7.125,-65.9,0.544,3.156,0.0,-3.686,0.6,1.71
1788455472.772,turning,8.717,7.479,21.4,0,10,140,9.131,7.125,-66.2,0.544,3.156,0.0,-3.719,0.6,1.71
1788455472.838,turning,8.713,7.48,22.1,0,10,140,9.131,7.125,-66.7,0.548,3.152,0.0,-3.756,0.6,1.68
1788455472.898,turning,8.71,7.481,22.3,0,10,140,9.131,7.125,-66.6,0.551,3.149,0.0,-3.768,0.6,1.68
1788455472.954,turning,8.707,7.481,23.2,0,10,140,9.131,7.125,-67.2,0.553,3.146,0.0,-3.811,0.6,1.65
1788455473.008,turning,8.707,7.481,23.7,0,10,140,9.131,7.125,-67.4,0.553,3.146,0.0,-3.837,0.6,1.65
1788455473.069,turning,8.707,7.481,24.6,0,10,140,9.131,7.125,-68.2,0.553,3.146,0.0,-3.886,0.6,1.62
1788455473.123,turning,8.707,7.481,25.0,0,10,140,9.131,7.125,-68.4,0.553,3.146,0.0,-3.909,0.6,1.62
1788455473.18,turning,8.706,7.483,25.6,0,10,140,9.131,7.125,-68.7,0.555,3.144,0.0,-3.936,0.6,1.6
1788455473.236,turning,8.697,7.489,26.8,0,10,140,9.131,7.125,-69.7,0.566,3.135,0.0,-3.999,0.6,1.6
1788455473.298,turning,8.695,7.491,27.2,0,10,140,9.131,7.125,-70.0,0.568,3.133,0.0,-4.024,0.6,1.58
1788455473.354,turning,8.695,7.491,27.9,0,10,140,9.131,7.125,-70.5,0.568,3.133,0.0,-4.059,0.6,1.58
1788455473.407,turning,8.695,7.491,28.2,0,10,140,9.131,7.125,-70.7,0.568,3.133,0.0,-4.076,0.6,1.56
1788455473.463,turning,8.695,7.491,28.8,0,10,140,9.131,7.125,-71.1,0.568,3.133,0.0,-4.106,0.6,1.56
1788455473.522,turning,8.695,7.491,29.1,0,10,140,9.131,7.125,-71.3,0.568,3.133,0.0,-4.121,0.6,1.55
1788455473.584,turning,8.695,7.491,29.6,0,10,140,9.131,7.125,-71.6,0.568,3.133,0.0,-4.148,0.6,1.55
1788455473.647,turning,8.695,7.491,29.8,0,10,140,9.131,7.125,-71.8,0.569,3.133,0.0,-4.161,0.6,1.54
1788455473.711,turning,8.695,7.492,30.3,0,10,140,9.131,7.125,-72.1,0.569,3.133,0.0,-4.185,0.6,1.54
1788455473.766,turning,8.695,7.492,30.5,0,10,140,9.131,7.125,-72.2,0.569,3.133,0.0,-4.196,0.6,1.53
1788455473.818,turning,8.698,7.494,30.9,0,10,140,9.131,7.125,-72.6,0.568,3.135,0.0,-4.218,0.6,1.53
1788455473.872,turning,8.701,7.496,31.1,0,10,140,9.131,7.125,-72.7,0.567,3.139,0.0,-4.228,0.6,1.52
1788455473.926,turning,8.712,7.502,31.5,0,10,140,9.131,7.125,-73.1,0.563,3.149,0.0,-4.247,0.6,1.52
1788455473.983,turning,8.718,7.506,31.7,0,10,140,9.131,7.125,-73.3,0.561,3.154,0.0,-4.256,0.6,1.5
1788455474.036,turning,8.719,7.506,28.8,0,10,140,9.131,7.125,-70.5,0.561,3.155,0.0,-4.105,0.6,1.5
1788455474.093,turning,8.719,7.506,27.2,0,10,140,9.129,7.125,-69.0,0.56,3.155,0.0,-4.022,0.6,1.52
1788455474.145,turning,8.719,7.506,25.6,0,10,140,9.129,7.125,-67.5,0.56,3.155,0.0,-3.938,0.6,1.52
1788455474.198,turning,8.719,7.506,22.4,0,10,140,9.129,7.125,-64.4,0.56,3.155,0.0,-3.771,0.6,1.57
1788455474.251,turning,8.719,7.506,20.8,0,10,140,9.129,7.125,-62.8,0.56,3.155,0.0,-3.688,0.6,1.57
1788455474.311,turning,8.719,7.506,17.6,0,10,140,9.129,7.125,-59.7,0.56,3.155,0.0,-3.521,0.6,1.65
1788455474.374,turning,8.719,7.506,16.0,0,10,140,9.129,7.125,-58.1,0.56,3.155,0.0,-3.437,0.6,1.65
1788455474.435,turning,8.719,7.506,12.8,0,10,140,9.129,7.125,-55.0,0.56,3.155,0.0,-3.27,0.6,1.74
1788455474.496,turning,8.719,7.506,11.2,0,10,140,9.129,7.125,-53.5,0.56,3.155,0.0,-3.187,0.6,1.74
1788455474.552,turning,8.719,7.506,8.0,0,10,140,9.129,7.125,-50.3,0.56,3.155,0.0,-3.019,0.6,1.86
1788455474.608,turning,8.719,7.506,6.4,0,10,140,9.129,7.125,-48.8,0.56,3.155,0.0,-2.936,0.6,1.86
1788455474.666,turning,8.719,7.506,3.3,0,10,140,9.129,7.125,-45.6,0.56,3.155,0.0,-2.769,0.6,2.02
1788455474.722,turning,8.719,7.506,1.7,0,10,140,9.129,7.125,-44.0,0.56,3.155,0.0,-2.685,0.6,2.02
1788455474.78,turning,8.716,7.508,-1.4,0,10,140,9.129,7.125,-41.1,0.563,3.152,0.0,-2.527,0.6,2.21
1788455474.834,turning,8.713,7.51,-2.8,0,10,140,9.129,7.125,-39.6,0.566,3.149,0.0,-2.45,0.6,2.21
1788455474.892,turning,8.712,7.511,-5.5,0,10,140,9.129,7.125,-37.0,0.568,3.148,0.0,-2.4,0.6,2.44
1788455474.947,turning,8.712,7.511,-6.8,0,10,140,9.129,7.125,-35.7,0.568,3.148,0.0,-2.4,0.6,2.44
1788455475.001,turning,8.715,7.511,-9.3,0,10,140,9.129,7.125,-33.2,0.566,3.151,0.0,-2.4,0.6,2.7
1788455475.055,turning,8.717,7.511,-10.6,0,10,140,9.129,7.125,-31.9,0.565,3.153,0.0,-2.4,0.6,2.7
1788455475.127,turning,8.718,7.511,-11.8,0,10,140,9.125,7.125,-30.8,0.561,3.154,0.0,-2.4,0.6,2.99
1788455475.192,turning,8.718,7.511,-13.7,0,10,140,9.125,7.125,-28.9,0.561,3.154,0.0,-2.4,0.6,2.99
1788455475.27,turning,8.716,7.512,-14.4,0,10,140,9.125,7.125,-28.3,0.563,3.152,0.0,-2.4,0.6,3.2
1788455475.36,turning,8.708,7.515,-15.2,0,10,140,9.125,7.125,-27.6,0.571,3.144,0.0,-2.4,0.6,3.2
1788455475.464,turning,8.707,7.515,-15.8,0,10,140,9.125,7.125,-27.0,0.572,3.142,0.0,-2.4,0.6,3.2
1788455475.53,turning,8.707,7.515,-17.4,0,10,140,9.125,7.125,-25.4,0.572,3.142,0.0,-2.4,0.6,3.2
1788455475.599,turning,8.712,7.534,-18.7,0,10,140,9.125,7.125,-24.2,0.582,3.146,0.0,-2.4,0.6,3.15
1788455475.654,turning,8.722,7.59,-21.9,0,10,140,9.125,7.125,-21.3,0.615,3.153,0.0,-2.4,0.6,3.15
1788455475.71,turning,8.723,7.597,-22.9,0,10,140,9.125,7.125,-20.8,0.62,3.153,0.0,-2.4,0.6,3.09
1788455475.771,turning,8.723,7.597,-23.9,0,10,140,9.125,7.125,-20.1,0.62,3.153,0.0,-2.4,0.6,3.09
1788455475.839,turning,8.727,7.601,-24.4,0,10,140,9.125,7.125,-20.0,0.62,3.157,0.0,-2.4,0.6,3.05
1788455475.912,turning,8.737,7.611,-25.1,0,10,140,9.125,7.125,-19.7,0.622,3.166,0.0,-2.4,0.6,3.05
1788455475.986,turning,8.738,7.612,-25.6,0,10,140,9.125,7.125,-19.7,0.622,3.167,0.0,-2.4,0.6,3.02
1788455476.061,turning,8.738,7.612,-26.4,0,10,140,9.125,7.125,-19.2,0.622,3.167,0.0,-2.4,0.6,3.02
1788455476.122,turning,8.738,7.612,-26.8,0,9,140,9.125,7.175,-19.0,0.584,3.167,0.0,-2.4,0.6,2.99
1788455476.184,turning,8.738,7.612,-27.5,0,9,140,9.125,7.175,-18.4,0.584,3.167,0.0,-2.4,0.6,2.99
1788455476.252,turning,8.732,7.61,-27.8,0,9,140,9.125,7.175,-18.2,0.587,3.161,0.0,-2.4,0.6,2.97
1788455476.318,turning,8.725,7.609,-28.1,0,9,140,9.125,7.175,-18.0,0.59,3.154,0.0,-2.4,0.6,2.97
1788455476.388,turning,8.718,7.607,-28.7,0,9,140,9.125,7.175,-17.5,0.594,3.148,0.0,-2.4,0.6,2.95
1788455476.457,turning,8.718,7.607,-29.0,0,9,140,9.125,7.175,-17.2,0.594,3.148,0.0,-2.4,0.6,2.95
1788455476.523,turning,8.718,7.607,-29.5,0,9,140,9.125,7.175,-16.7,0.594,3.148,0.0,-2.4,0.6,2.93
1788455476.587,turning,8.718,7.607,-29.8,0,9,140,9.125,7.175,-16.5,0.594,3.148,0.0,-2.4,0.6,2.93
1788455476.654,turning,8.718,7.607,-30.3,0,9,140,9.125,7.175,-16.0,0.594,3.148,0.0,-2.4,0.6,2.92
1788455476.722,turning,8.718,7.607,-30.5,0,9,140,9.125,7.175,-15.8,0.594,3.148,0.0,-2.4,0.6,2.92
1788455476.796,turning,8.721,7.606,-31.0,0,9,140,9.125,7.175,-15.4,0.591,3.15,0.0,-2.4,0.6,2.91
1788455476.856,turning,8.724,7.604,-31.2,0,9,140,9.125,7.175,-15.2,0.587,3.154,0.0,-2.4,0.6,2.91
1788455476.92,turning,8.739,7.599,-31.6,0,9,140,9.125,7.175,-14.9,0.573,3.169,0.0,-2.4,0.6,2.9
1788455476.988,turning,8.748,7.597,-31.8,1,11,140,9.125,7.075,-15.1,0.644,3.178,0.0,-2.4,0.6,2.9
1788455477.047,turning,8.763,7.591,-32.2,1,11,140,9.125,7.075,-15.2,0.63,3.193,0.0,-2.4,0.6,2.88
1788455477.104,turning,8.768,7.587,-32.3,1,11,140,9.125,7.075,-15.6,0.624,3.199,0.0,-2.4,0.6,2.88
1788455477.16,turning,8.78,7.58,-32.6,1,11,140,9.125,7.075,-15.7,0.611,3.211,0.0,-2.4,0.6,2.86
1788455477.218,turning,8.786,7.576,-32.8,1,11,140,9.125,7.075,-16.1,0.605,3.217,0.0,-2.4,0.6,2.86
1788455477.275,turning,8.797,7.569,-33.0,1,11,140,9.125,7.075,-16.3,0.593,3.229,0.0,-2.4,0.6,2.84
1788455477.335,turning,8.803,7.565,-33.1,1,11,140,9.125,7.075,-16.6,0.586,3.234,0.0,-2.4,0.6,2.84
1788455477.401,turning,8.808,7.561,-33.2,1,11,140,9.125,7.075,-16.9,0.58,3.24,0.0,-2.4,0.6,2.83
1788455477.474,turning,8.82,7.554,-33.4,2,12,140,9.125,7.025,-17.3,0.611,3.252,0.0,-2.4,0.6,2.83
1788455477.557,turning,8.825,7.55,-33.5,2,12,140,9.125,7.025,-17.8,0.604,3.258,0.0,-2.4,0.6,2.81
1788455477.623,turning,8.837,7.542,-33.7,2,12,140,9.125,7.025,-18.2,0.592,3.27,0.0,-2.4,0.6,2.81
1788455477.686,turning,8.842,7.539,-33.8,2,12,140,9.125,7.025,-18.6,0.586,3.276,0.0,-2.4,0.6,2.8
1788455477.744,turning,8.854,7.531,-34.0,2,12,140,9.125,7.025,-19.0,0.574,3.288,0.0,-2.4,0.6,2.8
1788455477.804,turning,8.859,7.527,-34.1,2,12,140,9.125,7.025,-19.5,0.568,3.294,0.0,-2.4,0.6,2.78
1788455477.86,turning,8.871,7.52,-34.2,3,13,140,9.125,6.975,-20.1,0.601,3.305,0.0,-2.4,0.6,2.78
1788455477.928,turning,8.876,7.516,-34.3,3,13,140,9.125,6.975,-20.7,0.595,3.311,0.0,-2.4,0.6,2.77
1788455477.984,turning,8.887,7.508,-34.4,3,13,140,9.125,6.975,-21.2,0.584,3.323,0.0,-2.4,0.6,2.77
1788455478.037,turning,8.893,7.504,-34.5,3,13,140,9.125,6.975,-21.8,0.578,3.329,0.0,-2.4,0.6,2.75
1788455478.091,turning,8.904,7.497,-34.6,3,13,140,9.125,6.975,-22.3,0.566,3.341,0.0,-2.4,0.6,2.75
1788455478.144,turning,8.907,7.494,-34.5,3,13,140,9.125,6.975,-23.0,0.563,3.344,0.0,-2.4,0.6,2.74
1788455478.2,turning,8.901,7.497,-31.3,3,13,140,9.125,6.975,-26.8,0.568,3.337,0.0,-2.4,0.6,2.74
1788455478.258,turning,8.9,7.497,-29.8,3,13,140,9.125,6.975,-28.8,0.568,3.337,0.0,-2.4,0.6,2.76
1788455478.321,turning,8.9,7.497,-26.7,3,13,140,9.125,6.975,-32.4,0.568,3.337,0.0,-2.4,0.6,2.76
1788455478.395,turning,8.9,7.497,-25.2,3,13,140,9.125,6.975,-34.4,0.568,3.337,0.0,-2.4,0.6,2.84
1788455478.457,turning,8.9,7.497,-23.7,3,13,140,9.125,6.975,-36.3,0.568,3.337,0.0,-2.4,0.6,2.84
1788455478.512,turning,8.9,7.497,-20.7,3,13,140,9.125,6.975,-39.8,0.568,3.337,0.0,-2.4,0.6,2.95
1788455478.567,turning,8.9,7.497,-19.1,3,13,140,9.125,6.975,-41.7,0.568,3.337,0.0,-2.4,0.6,2.95
1788455478.63,turning,8.9,7.497,-16.1,3,13,140,9.125,6.975,-45.0,0.568,3.337,0.0,-2.4,0.6,2.99
1788455478.686,turning,8.9,7.497,-14.6,3,13,140,9.125,6.975,-46.9,0.568,3.337,0.0,-2.4,0.6,2.99
1788455478.74,turning,8.9,7.497,-11.5,3,13,140,9.125,6.975,-50.3,0.568,3.337,0.0,-2.4,0.6,3.0
1788455478.795,turning,8.9,7.497,-10.0,3,13,140,9.125,6.975,-52.1,0.568,3.337,0.0,-2.4,0.6,3.0
1788455478.85,turning,8.899,7.496,-7.0,3,13,140,9.125,6.975,-55.4,0.568,3.335,0.0,-2.4,0.6,2.95
1788455478.904,turning,8.897,7.495,-5.5,3,13,140,9.125,6.975,-57.1,0.568,3.334,0.0,-2.4,0.6,2.95
1788455478.963,turning,8.896,7.495,-2.4,3,13,140,9.125,6.975,-60.4,0.568,3.333,0.0,-2.471,0.6,2.6
1788455479.024,turning,8.896,7.495,-0.9,3,13,140,9.125,6.975,-62.1,0.568,3.333,0.0,-2.55,0.6,2.6
1788455479.091,turning,8.89,7.497,2.1,3,13,140,9.125,6.975,-65.3,0.573,3.326,0.0,-2.707,0.6,2.34
1788455479.155,turning,8.885,7.499,3.6,3,13,140,9.125,6.975,-66.9,0.577,3.321,0.0,-2.787,0.6,2.34
1788455479.216,turning,8.882,7.501,6.2,3,13,140,9.125,6.975,-69.6,0.579,3.318,0.0,-2.921,0.6,2.15
1788455479.272,turning,8.882,7.501,7.4,3,13,140,9.125,6.975,-70.9,0.579,3.318,0.0,-2.984,0.6,2.15
1788455479.332,turning,8.868,7.506,5.0,3,13,140,9.125,6.975,-68.5,0.59,3.304,0.0,-2.858,0.6,2.03
1788455479.388,turning,8.858,7.509,3.5,2,12,140,9.125,7.025,-66.9,0.553,3.294,0.0,-2.78,0.6,2.03
1788455479.447,turning,8.853,7.511,2.0,2,12,140,9.125,7.025,-65.2,0.557,3.288,0.0,-2.701,0.6,2.2
1788455479.504,turning,8.853,7.511,-1.0,2,12,140,9.125,7.025,-62.1,0.557,3.288,0.0,-2.544,0.6,2.2
1788455479.56,turning,8.85,7.511,-2.6,2,12,140,9.125,7.025,-60.4,0.559,3.285,0.0,-2.464,0.6,2.42
1788455479.614,turning,8.838,7.513,-5.4,2,12,140,9.125,7.025,-57.3,0.566,3.274,0.0,-2.4,0.6,2.42
1788455479.669,turning,8.836,7.513,-6.7,2,12,140,9.125,7.025,-55.8,0.567,3.272,0.0,-2.4,0.6,2.67
1788455479.724,turning,8.836,7.513,-9.1,2,12,140,9.125,7.025,-53.3,0.567,3.272,0.0,-2.4,0.6,2.67
1788455479.785,turning,8.835,7.515,-10.4,2,12,140,9.125,7.025,-51.8,0.57,3.27,0.0,-2.4,0.6,2.95
1788455479.842,turning,8.83,7.521,-12.9,2,12,140,9.125,7.025,-49.1,0.577,3.265,0.0,-2.4,0.6,2.95
1788455479.906,turning,8.829,7.522,-14.0,2,12,140,9.125,7.025,-47.8,0.579,3.264,0.0,-2.4,0.6,2.99
1788455479.97,turning,8.829,7.522,-15.7,2,12,140,9.125,7.025,-45.9,0.579,3.264,0.0,-2.4,0.6,2.99
1788455480.028,turning,8.83,7.524,-16.4,2,12,140,9.125,7.025,-45.1,0.579,3.265,0.0,-2.4,0.6,2.99
1788455480.084,turning,8.832,7.527,-17.5,2,12,140,9.125,7.025,-43.9,0.581,3.266,0.0,-2.4,0.6,2.99
1788455480.141,turning,8.832,7.527,-18.2,2,12,140,9.125,7.025,-43.1,0.581,3.266,0.0,-2.4,0.6,2.99
1788455480.195,turning,8.832,7.527,-19.6,2,12,140,9.125,7.025,-41.6,0.581,3.266,0.0,-2.4,0.6,2.99
1788455480.248,turning,8.832,7.529,-20.6,2,12,140,9.125,7.025,-40.5,0.582,3.267,0.0,-2.4,0.6,2.99
1788455480.305,turning,8.833,7.532,-22.5,2,12,140,9.125,7.025,-38.6,0.585,3.267,0.0,-2.4,0.6,2.99
1788455480.362,turning,8.833,7.532,-23.1,2,12,140,9.125,7.025,-37.9,0.585,3.267,0.0,-2.4,0.6,2.99
1788455480.418,turning,8.833,7.532,-23.7,2,12,140,9.125,7.025,-37.3,0.585,3.267,0.0,-2.4,0.6,2.99
1788455480.477,turning,8.833,7.532,-24.6,2,12,140,9.125,7.025,-36.3,0.585,3.267,0.0,-2.4,0.6,2.96
1788455480.53,turning,8.833,7.532,-25.1,2,12,140,9.125,7.025,-35.7,0.585,3.267,0.0,-2.4,0.6,2.96
1788455480.591,turning,8.826,7.534,-25.9,2,12,140,9.125,7.025,-34.9,0.59,3.26,0.0,-2.4,0.6,2.93
1788455480.65,turning,8.82,7.536,-26.3,2,12,140,9.125,7.025,-34.4,0.595,3.254,0.0,-2.4,0.6,2.93
1788455480.715,turning,8.815,7.538,-27.0,2,12,140,9.125,7.025,-33.6,0.599,3.248,0.0,-2.4,0.6,2.91
1788455480.778,turning,8.815,7.538,-27.3,2,12,140,9.125,7.025,-33.1,0.599,3.248,0.0,-2.4,0.6,2.91
1788455480.834,turning,8.815,7.538,-28.0,2,12,140,9.125,7.025,-32.3,0.599,3.248,0.0,-2.4,0.6,2.89
1788455480.885,turning,8.815,7.538,-28.4,2,12,140,9.125,7.025,-31.9,0.599,3.248,0.0,-2.4,0.6,2.89
1788455480.944,turning,8.815,7.538,-29.0,2,12,140,9.125,7.025,-31.2,0.599,3.248,0.0,-2.4,0.6,2.87
1788455481.001,turning,8.815,7.538,-29.2,2,12,140,9.125,7.025,-30.8,0.599,3.248,0.0,-2.4,0.6,2.87
1788455481.058,turning,8.82,7.539,-29.8,2,12,140,9.125,7.025,-30.2,0.597,3.254,0.0,-2.4,0.6,2.85
1788455481.112,turning,8.825,7.54,-30.1,2,12,140,9.125,7.025,-29.9,0.596,3.258,0.0,-2.4,0.6,2.85
1788455481.168,turning,8.828,7.54,-30.6,2,12,140,9.125,7.025,-29.4,0.595,3.262,0.0,-2.4,0.6,2.84
1788455481.22,turning,8.83,7.539,-30.9,2,12,140,9.125,7.025,-29.2,0.593,3.264,0.0,-2.4,0.6,2.84
1788455481.28,turning,8.838,7.534,-31.3,2,12,140,9.125,7.025,-28.8,0.584,3.272,0.0,-2.4,0.6,2.83
1788455481.334,turning,8.844,7.531,-31.5,2,12,140,9.125,7.025,-28.7,0.578,3.278,0.0,-2.4,0.6,2.83
1788455481.399,turning,8.85,7.527,-31.6,2,12,140,9.125,7.025,-28.6,0.572,3.284,0.0,-2.4,0.6,2.81
1788455481.463,turning,8.861,7.52,-32.0,2,12,140,9.125,7.025,-28.3,0.561,3.296,0.0,-2.4,0.6,2.81
1788455481.527,turning,8.867,7.516,-32.1,3,13,140,9.125,6.975,-28.4,0.6,3.302,0.0,-2.4,0.6,2.79
1788455481.586,turning,8.879,7.509,-32.4,3,13,140,9.125,6.975,-28.4,0.588,3.314,0.0,-2.4,0.6,2.79
1788455481.641,turning,8.884,7.505,-32.6,3,13,140,9.125,6.975,-28.5,0.582,3.32,0.0,-2.4,0.6,2.78
1788455481.698,turning,8.896,7.498,-32.8,3,13,140,9.125,6.975,-28.6,0.571,3.332,0.0,-2.4,0.6,2.78
1788455481.752,turning,8.902,7.494,-33.0,3,13,140,9.125,6.975,-28.8,0.565,3.338,0.0,-2.4,0.6,2.76
1788455481.806,turning,8.903,7.493,-30.3,3,13,140,9.125,6.975,-31.7,0.564,3.34,0.0,-2.4,0.6,2.76
1788455481.86,turning,8.908,7.494,-28.9,3,13,140,9.125,6.975,-33.5,0.563,3.345,0.0,-2.4,0.6,2.79
1788455481.914,turning,8.924,7.496,-26.1,3,13,140,9.125,6.975,-36.7,0.559,3.361,0.0,-2.4,0.6,2.79
1788455481.969,turning,8.926,7.496,-24.6,3,13,140,9.125,6.975,-38.5,0.558,3.362,0.0,-2.4,0.6,2.87
1788455482.024,turning,8.926,7.496,-21.6,3,13,140,9.125,6.975,-41.9,0.558,3.362,0.0,-2.4,0.6,2.87
1788455482.081,turning,8.926,7.496,-20.1,3,13,140,9.125,6.975,-43.8,0.558,3.362,0.0,-2.4,0.6,2.9
1788455482.139,turning,8.926,7.496,-17.0,3,13,140,9.125,6.975,-47.1,0.558,3.362,0.0,-2.4,0.6,2.9
1788455482.202,turning,8.926,7.496,-15.5,3,13,140,9.125,6.975,-49.0,0.558,3.362,0.0,-2.4,0.6,2.9
1788455482.267,turning,8.926,7.496,-12.5,3,13,140,9.125,6.975,-52.3,0.558,3.362,0.0,-2.4,0.6,2.9
1788455482.331,turning,8.926,7.496,-11.0,0,29,136,9.125,6.025,-54.2,1.485,3.362,0.0,-2.4,1.5,2.9
1788455482.387,turning,8.926,7.496,-9.4,0,29,136,9.125,6.025,-56.2,1.485,3.362,0.0,-2.4,1.5,2.9
1788455482.444,turning,8.931,7.496,-6.4,0,29,136,9.125,6.025,-59.6,1.484,3.368,0.0,-2.4,1.5,2.81
1788455482.5,turning,8.936,7.495,-5.0,0,29,136,9.125,6.025,-61.5,1.482,3.373,0.0,-2.4,1.5,2.81
1788455482.555,turning,8.941,7.495,-2.0,0,29,136,9.125,6.025,-64.9,1.481,3.377,0.0,-2.494,1.5,2.5
1788455482.611,turning,8.941,7.495,-0.5,0,29,136,9.125,6.025,-66.7,1.481,3.377,0.0,-2.573,1.5,2.5
1788455482.667,turning,8.935,7.498,2.3,0,29,136,9.125,6.025,-70.0,1.485,3.371,0.0,-2.721,1.5,2.26
1788455482.724,turning,8.93,7.501,3.7,0,29,136,9.125,6.025,-71.7,1.489,3.366,0.0,-2.794,1.5,2.26
1788455482.778,turning,8.925,7.504,3.9,0,29,136,9.125,6.025,-72.3,1.492,3.361,0.0,-2.803,1.5,2.09
1788455482.835,turning,8.925,7.504,2.4,0,29,136,9.125,6.025,-71.1,1.492,3.361,0.0,-2.723,1.5,2.09
1788455482.895,turning,8.929,7.506,-0.5,0,29,136,9.125,6.025,-68.5,1.494,3.365,0.0,-2.57,1.5,2.2
1788455482.957,turning,8.932,7.508,-2.0,0,29,136,9.125,6.025,-67.4,1.495,3.368,0.0,-2.496,1.5,2.2
1788455483.02,turning,8.934,7.509,-4.6,0,29,136,9.125,6.025,-65.1,1.496,3.37,0.0,-2.4,1.5,2.41
1788455483.08,turning,8.934,7.509,-5.9,0,29,136,9.125,6.025,-64.1,1.496,3.37,0.0,-2.4,1.5,2.41
1788455483.141,turning,8.942,7.51,-8.2,0,29,136,9.125,6.025,-62.1,1.496,3.377,0.0,-2.4,1.5,2.65
1788455483.195,turning,8.947,7.511,-9.3,0,29,136,9.125,6.025,-61.3,1.496,3.383,0.0,-2.4,1.5,2.65
1788455483.249,turning,8.951,7.511,-11.4,0,29,136,9.125,6.025,-59.6,1.496,3.386,0.0,-2.4,1.5,2.9
1788455483.306,turning,8.951,7.511,-12.4,0,30,134,9.125,6.025,-58.8,1.496,3.386,0.0,-2.4,1.5,2.9
1788455483.362,turning,8.951,7.511,-13.4,0,30,134,9.125,6.025,-58.2,1.496,3.386,0.0,-2.4,1.5,2.9
1788455483.42,turning,8.951,7.511,-15.2,0,30,134,9.125,6.025,-56.6,1.496,3.386,0.0,-2.4,1.5,2.9
1788455483.479,turning,8.951,7.511,-16.1,0,30,134,9.125,6.025,-56.1,1.496,3.386,0.0,-2.4,1.5,2.9
1788455483.532,turning,8.951,7.511,-17.7,0,30,134,9.125,6.025,-54.7,1.496,3.386,0.0,-2.4,1.5,2.9
1788455483.587,turning,8.951,7.513,-18.5,0,30,134,9.125,6.025,-54.2,1.498,3.386,0.0,-2.4,1.5,2.89
1788455483.642,turning,8.951,7.519,-20.2,0,30,134,9.125,6.025,-52.8,1.504,3.386,0.0,-2.4,1.5,2.89
1788455483.704,turning,8.951,7.52,-20.9,0,30,134,9.125,6.025,-52.3,1.505,3.385,0.0,-2.4,1.5,2.89
1788455483.764,turning,8.951,7.52,-22.1,0,30,134,9.125,6.025,-51.4,1.505,3.385,0.0,-2.4,1.5,2.89
1788455483.832,turning,8.951,7.517,-22.4,0,30,134,9.125,6.025,-51.3,1.502,3.386,0.0,-2.4,1.5,2.89
1788455483.891,turning,8.952,7.509,-22.7,0,30,134,9.125,6.025,-51.2,1.494,3.387,0.0,-2.4,1.5,2.89
1788455483.952,turning,8.951,7.508,-23.2,0,30,134,9.125,6.025,-51.0,1.493,3.387,0.0,-2.4,1.5,2.89
1788455483.952,turning,8.951,7.508,-23.2,0,30,134,9.125,6.025,-51.2,1.493,3.387,0.0,-2.4,1.5,2.89
1788455484.064,turning,8.951,7.508,-24.7,0,30,134,9.125,6.025,-49.9,1.493,3.387,0.0,-2.4,1.5,2.89
1788455484.116,turning,8.951,7.508,-25.6,0,30,134,9.125,6.025,-49.3,1.493,3.387,0.0,-2.4,1.5,2.89
1788455484.176,turning,8.953,7.511,-26.1,0,30,134,9.125,6.025,-48.9,1.495,3.388,0.0,-2.4,1.5,2.89
1788455484.229,turning,8.956,7.516,-27.2,0,30,134,9.125,6.025,-48.0,1.501,3.391,0.0,-2.4,1.5,2.89
1788455484.283,turning,8.956,7.516,-27.6,0,30,134,9.125,6.025,-47.9,1.501,3.391,0.0,-2.4,1.5,2.88
1788455484.336,turning,8.956,7.516,-27.9,0,30,136,9.125,6.025,-47.7,1.501,3.391,0.0,-2.4,1.5,2.88
1788455484.394,turning,8.956,7.516,-28.6,0,30,136,9.125,6.025,-47.3,1.501,3.391,0.0,-2.4,1.5,2.87
1788455484.448,turning,8.956,7.516,-28.6,0,30,136,9.125,6.025,-47.4,1.501,3.391,0.0,-2.4,1.5,2.87
1788455484.51,turning,8.956,7.516,-28.6,0,30,136,9.125,6.025,-47.6,1.501,3.391,0.0,-2.4,1.5,2.87
1788455484.574,turning,8.956,7.516,-28.6,0,30,136,9.125,6.025,-47.8,1.501,3.391,0.0,-2.4,1.5,2.87
1788455484.635,turning,8.956,7.521,-28.9,0,30,136,9.125,6.025,-47.6,1.506,3.39,0.0,-2.4,1.5,2.87
1788455484.697,turning,8.955,7.525,-29.2,0,30,136,9.125,6.025,-47.6,1.51,3.389,0.0,-2.4,1.5,2.87
1788455484.752,turning,8.955,7.528,-29.4,0,30,136,9.125,6.025,-47.5,1.513,3.389,0.0,-2.4,1.5,2.87
1788455484.806,turning,8.955,7.528,-29.4,0,30,136,9.125,6.025,-47.7,1.513,3.389,0.0,-2.4,1.5,2.87
1788455484.86,turning,8.955,7.528,-29.4,0,30,136,9.125,6.025,-47.8,1.513,3.389,0.0,-2.4,1.5,2.87
1788455484.912,turning,8.955,7.528,-29.4,0,30,136,9.125,6.025,-48.0,1.513,3.389,0.0,-2.4,1.5,2.87
1788455484.965,turning,8.955,7.528,-29.4,0,30,136,9.125,6.025,-48.1,1.513,3.389,0.0,-2.4,1.5,2.87
1788455485.018,turning,8.955,7.528,-29.4,0,30,136,9.125,6.025,-48.3,1.513,3.389,0.0,-2.4,1.5,2.87
1788455485.076,turning,8.955,7.528,-31.1,0,30,136,9.125,6.025,-46.8,1.513,3.389,0.0,-2.4,1.5,2.86
1788455485.127,turning,8.955,7.528,-31.9,0,30,136,9.125,6.025,-46.1,1.513,3.389,0.0,-2.4,1.5,2.86
1788455485.185,turning,8.955,7.528,-33.6,0,30,136,9.125,6.025,-44.5,1.513,3.389,0.0,-2.4,1.5,2.81
1788455485.241,turning,8.955,7.528,-34.5,0,30,136,9.125,6.025,-43.8,1.513,3.389,0.0,-2.4,1.5,2.81
1788455485.302,turning,8.955,7.528,-35.4,0,30,136,9.125,6.025,-43.0,1.513,3.389,0.0,-2.4,1.5,2.78
1788455485.368,turning,8.955,7.528,-37.1,0,30,136,9.125,6.025,-41.4,1.513,3.389,0.0,-2.4,1.5,2.78
1788455485.433,turning,8.955,7.528,-37.9,0,30,136,9.125,6.025,-40.7,1.513,3.389,0.0,-2.4,1.5,2.74
1788455485.493,turning,8.955,7.528,-39.6,0,30,136,9.125,6.025,-39.1,1.513,3.389,0.0,-2.4,1.5,2.74
1788455485.548,turning,8.955,7.528,-40.5,0,30,136,9.125,6.025,-38.4,1.513,3.389,0.0,-2.4,1.5,2.72
1788455485.601,turning,8.955,7.528,-42.2,0,30,136,9.125,6.025,-36.8,1.513,3.389,0.0,-2.4,1.5,2.72
1788455485.658,turning,8.955,7.528,-43.1,0,30,136,9.125,6.025,-36.0,1.513,3.389,0.0,-2.4,1.5,2.71
1788455485.714,driving,8.955,7.528,-44.8,0,30,136,9.125,6.025,-34.4,1.513,3.389,0.3,0.0,1.5,2.71
1788455485.771,turning,8.953,7.529,-45.8,0,30,136,9.125,6.025,-33.5,1.514,3.387,0.0,-2.4,1.5,2.7
1788455485.825,turning,8.951,7.532,-47.1,0,30,136,9.125,6.025,-32.3,1.517,3.384,0.0,-2.4,1.5,2.7
1788455485.882,turning,8.95,7.533,-48.0,0,30,136,9.125,6.025,-31.5,1.518,3.384,0.0,-2.4,1.5,2.7
1788455485.938,turning,8.95,7.533,-49.7,0,30,136,9.125,6.025,-29.9,1.518,3.384,0.0,-2.4,1.5,2.7
1788455485.995,turning,8.95,7.533,-50.6,0,30,136,9.125,6.025,-29.1,1.518,3.384,0.0,-2.4,1.5,2.7
1788455486.053,turning,8.95,7.533,-52.3,0,30,136,9.125,6.025,-27.5,1.518,3.384,0.0,-2.4,1.5,2.7
1788455486.113,turning,8.95,7.538,-53.1,0,30,136,9.125,6.025,-26.7,1.523,3.383,0.0,-2.4,1.5,2.71
1788455486.18,turning,8.949,7.549,-54.8,0,30,136,9.125,6.025,-25.1,1.535,3.382,0.0,-2.4,1.5,2.71
1788455486.237,turning,8.949,7.55,-55.7,0,30,136,9.125,6.025,-24.4,1.535,3.382,0.0,-2.4,1.5,2.7
1788455486.295,turning,8.949,7.55,-56.5,0,30,136,9.125,6.025,-23.6,1.535,3.382,0.0,-2.4,1.5,2.7
1788455486.348,turning,8.949,7.55,-58.3,0,30,136,9.125,6.025,-22.0,1.535,3.382,0.0,-2.4,1.5,2.7
1788455486.405,turning,8.949,7.55,-59.1,0,30,135,9.125,6.075,-21.2,1.485,3.382,0.0,-2.4,1.5,2.7
1788455486.458,turning,8.957,7.551,-60.8,1,31,135,9.125,6.025,-19.6,1.535,3.389,0.0,-2.4,1.5,2.7
1788455486.514,turning,8.964,7.552,-61.6,1,31,135,9.125,6.025,-18.9,1.536,3.396,0.0,-2.4,1.5,2.7
1788455486.568,turning,8.97,7.553,-63.2,1,31,135,9.125,6.025,-17.3,1.536,3.403,0.0,-2.4,1.5,2.69
1788455486.622,turning,8.97,7.553,-64.1,1,31,135,9.125,6.025,-16.6,1.536,3.403,0.0,-2.4,1.5,2.69
1788455486.679,turning,8.97,7.553,-65.8,1,31,135,9.125,6.025,-14.9,1.536,3.403,0.0,-2.4,1.5,2.69
1788455486.732,turning,8.97,7.553,-66.7,1,31,135,9.125,6.025,-14.2,1.536,3.403,0.0,-2.4,1.5,2.69
1788455486.79,turning,8.98,7.553,-68.5,1,31,135,9.125,6.025,-12.5,1.535,3.412,0.0,-2.4,1.5,2.7
1788455486.848,turning,8.987,7.554,-69.4,1,31,135,9.125,6.025,-11.6,1.535,3.419,0.0,-2.4,1.5,2.7
1788455486.916,turning,8.993,7.554,-71.1,1,31,135,9.125,6.025,-10.0,1.535,3.425,0.0,-2.4,1.5,2.05
1788455486.977,turning,8.993,7.554,-72.0,1,31,135,9.125,6.025,-9.2,1.535,3.425,0.0,-2.4,1.5,2.05
1788455487.04,driving,8.993,7.554,-73.7,1,31,135,9.125,6.025,-7.6,1.535,3.425,0.3,0.0,1.5,1.82
1788455487.098,driving,8.993,7.554,-74.6,1,31,135,9.125,6.025,-6.8,1.535,3.425,0.3,0.0,1.5,1.82
1788455487.151,driving,8.999,7.555,-74.7,1,31,135,9.125,6.025,-6.8,1.535,3.431,0.3,0.0,1.5,1.66
1788455487.207,driving,9.004,7.553,-74.6,1,31,135,9.125,6.025,-7.0,1.533,3.436,0.3,0.0,1.5,1.66
1788455487.263,driving,9.008,7.549,-74.6,1,31,135,9.125,6.025,-7.1,1.529,3.44,0.3,0.0,1.5,1.67
1788455487.323,driving,9.012,7.533,-74.6,1,31,135,9.125,6.025,-7.2,1.512,3.446,0.3,0.0,1.5,1.67
1788455487.378,driving,9.015,7.523,-74.6,1,31,135,9.125,6.025,-7.3,1.502,3.449,0.3,0.0,1.5,1.68
1788455487.429,driving,9.02,7.504,-74.6,0,30,136,9.125,6.025,-7.4,1.482,3.456,0.3,0.0,1.5,1.68
1788455487.486,driving,9.025,7.497,-74.5,1,31,136,9.125,5.975,-7.6,1.525,3.461,0.3,0.0,1.5,1.7
1788455487.538,driving,9.036,7.487,-74.2,1,31,136,9.125,5.975,-8.0,1.515,3.473,0.3,0.0,1.5,1.7
1788455487.596,driving,9.04,7.479,-74.1,1,31,136,9.125,5.975,-8.2,1.506,3.478,0.3,0.0,1.5,1.72
1788455487.655,driving,9.046,7.459,-74.1,1,31,136,9.125,5.975,-8.3,1.487,3.485,0.3,0.0,1.5,1.72
1788455487.723,driving,9.048,7.45,-74.1,1,31,136,9.125,5.975,-8.4,1.477,3.489,0.3,0.0,1.5,1.75
1788455487.788,driving,9.054,7.43,-74.1,2,32,136,9.125,5.925,-8.6,1.507,3.496,0.3,0.0,1.5,1.75
1788455487.847,driving,9.057,7.42,-74.1,2,32,136,9.125,5.925,-8.7,1.497,3.5,0.3,0.0,1.5,1.77
1788455487.903,driving,9.062,7.401,-74.1,2,32,136,9.125,5.925,-8.8,1.477,3.507,0.3,0.0,1.5,1.77
1788455487.959,driving,9.065,7.391,-74.1,3,33,136,9.125,5.875,-8.9,1.517,3.511,0.3,0.0,1.5,1.79
1788455488.016,driving,9.071,7.371,-74.1,3,33,136,9.125,5.875,-9.0,1.497,3.519,0.3,0.0,1.5,1.79
1788455488.071,driving,9.074,7.361,-74.1,3,33,136,9.125,5.875,-9.1,1.487,3.523,0.3,0.0,1.5,1.81
1788455488.127,driving,9.079,7.342,-74.1,4,34,136,9.125,5.825,-9.3,1.517,3.531,0.3,0.0,1.5,1.81
1788455488.182,driving,9.085,7.332,-74.0,4,34,136,9.125,5.825,-9.5,1.508,3.538,0.3,0.0,1.5,1.83
1788455488.235,driving,9.091,7.323,-73.8,4,34,136,9.125,5.825,-9.8,1.499,3.545,0.3,0.0,1.5,1.83
1788455488.289,driving,9.1,7.304,-73.7,4,34,136,9.125,5.825,-10.1,1.479,3.556,0.3,0.0,1.5,1.85
1788455488.342,driving,9.103,7.294,-73.7,5,35,136,9.125,5.775,-10.2,1.519,3.561,0.3,0.0,1.5,1.85
1788455488.405,driving,9.109,7.275,-73.7,5,35,136,9.125,5.775,-10.4,1.5,3.569,0.3,0.0,1.5,1.87
1788455488.467,driving,9.112,7.265,-73.7,0,30,128,9.125,5.775,-10.5,1.49,3.573,0.3,0.0,1.5,1.87
1788455488.533,driving,9.117,7.245,-73.7,1,31,128,9.125,5.725,-10.6,1.52,3.582,0.3,0.0,1.5,1.89
1788455488.591,driving,9.12,7.236,-73.7,1,31,128,9.125,5.725,-10.8,1.511,3.586,0.3,0.0,1.5,1.89
1788455488.646,driving,9.126,7.214,-73.7,1,31,128,9.125,5.725,-10.8,1.489,3.595,0.3,0.0,1.5,1.91
1788455488.702,driving,9.129,7.202,-73.8,1,31,128,9.125,5.725,-10.9,1.477,3.6,0.3,0.0,1.5,1.91
1788455488.756,driving,9.135,7.181,-73.8,2,32,128,9.125,5.675,-11.1,1.506,3.609,0.3,0.0,1.5,1.93
1788455488.811,driving,9.138,7.171,-73.8,2,32,128,9.125,5.675,-11.2,1.496,3.614,0.3,0.0,1.5,1.93
1788455488.867,driving,9.143,7.151,-73.8,2,32,128,9.125,5.675,-11.3,1.476,3.622,0.3,0.0,1.5,2.27
1788455488.923,driving,9.146,7.141,-73.8,3,33,128,9.125,5.625,-11.5,1.517,3.627,0.3,0.0,1.5,2.27
1788455488.978,driving,9.152,7.122,-73.8,3,33,128,9.125,5.625,-11.6,1.497,3.636,0.3,0.0,1.5,2.24
1788455489.032,driving,9.155,7.112,-73.8,3,33,128,9.125,5.625,-11.8,1.487,3.641,0.3,0.0,1.5,2.24
1788455489.087,driving,9.168,7.089,-74.3,4,34,128,9.125,5.575,-11.4,1.514,3.658,0.3,0.0,1.5,2.21
1788455489.142,driving,9.176,7.076,-74.7,4,34,128,9.125,5.575,-11.2,1.502,3.668,0.3,0.0,1.5,2.21
1788455489.211,driving,9.181,7.064,-74.9,4,34,128,9.125,5.575,-11.1,1.49,3.676,0.3,0.0,1.5,2.18
1788455489.273,driving,9.187,7.045,-74.9,5,35,128,9.125,5.525,-11.3,1.521,3.685,0.3,0.0,1.5,2.18
1788455489.336,driving,9.189,7.035,-74.9,5,35,128,9.125,5.525,-11.4,1.511,3.689,0.3,0.0,1.5,2.15
1788455489.396,driving,9.194,7.015,-74.9,5,35,128,9.125,5.525,-11.6,1.492,3.698,0.3,0.0,1.5,2.15
1788455489.454,driving,9.197,7.005,-74.9,5,35,128,9.125,5.525,-11.7,1.482,3.703,0.3,0.0,1.5,2.12
1788455489.506,driving,9.202,6.985,-74.9,1,31,124,9.125,5.475,-11.9,1.512,3.712,0.3,0.0,1.5,2.12
1788455489.564,driving,9.207,6.98,-74.8,1,31,124,9.125,5.475,-12.1,1.507,3.718,0.3,0.0,1.5,2.09
1788455489.616,driving,9.217,6.972,-74.6,1,31,124,9.125,5.475,-12.5,1.5,3.73,0.3,0.0,1.5,2.09
1788455489.673,driving,9.221,6.964,-74.6,1,31,124,9.125,5.475,-12.7,1.492,3.735,0.3,0.0,1.5,2.06
1788455489.725,driving,9.226,6.945,-74.6,2,32,124,9.103,5.43,-12.9,1.519,3.744,0.3,0.0,1.5,2.06
1788455489.782,driving,9.229,6.935,-74.6,2,32,124,9.103,5.43,-13.1,1.51,3.749,0.3,0.0,1.5,2.03
1788455489.835,driving,9.234,6.915,-74.6,2,32,124,9.103,5.43,-13.2,1.491,3.759,0.3,0.0,1.5,2.03
1788455489.893,driving,9.237,6.905,-74.6,2,32,124,9.103,5.43,-13.4,1.481,3.764,0.3,0.0,1.5,2.0
1788455489.953,driving,9.242,6.886,-74.6,3,33,124,9.075,5.375,-13.6,1.52,3.774,0.3,0.0,1.5,2.0
1788455490.016,driving,9.243,6.878,-74.9,3,33,124,9.075,5.375,-13.5,1.513,3.776,0.3,0.0,1.5,1.97
1788455490.08,driving,9.242,6.864,-75.6,3,33,124,9.075,5.375,-13.0,1.498,3.778,0.3,0.0,1.5,1.97
1788455490.142,driving,9.244,6.854,-75.6,3,33,124,9.075,5.375,-13.2,1.489,3.783,0.3,0.0,1.5,1.94
1788455490.198,driving,9.246,6.844,-75.6,4,34,124,9.025,5.325,-13.4,1.535,3.788,0.3,0.0,1.5,1.94
1788455490.257,driving,9.252,6.824,-75.6,4,34,124,9.025,5.325,-13.7,1.516,3.797,0.3,0.0,1.5,1.91
1788455490.314,driving,9.254,6.814,-75.6,4,34,124,9.025,5.325,-13.9,1.507,3.802,0.3,0.0,1.5,1.91
1788455490.37,driving,9.259,6.795,-75.6,5,35,124,8.975,5.275,-14.2,1.546,3.812,0.3,0.0,1.5,1.88
1788455490.424,driving,9.262,6.785,-75.6,5,35,124,8.975,5.275,-14.4,1.537,3.817,0.3,0.0,1.5,1.88
1788455490.482,driving,9.261,6.771,-75.8,5,35,124,8.975,5.275,-14.6,1.523,3.82,0.3,0.0,1.5,1.86
1788455490.543,driving,9.258,6.767,-75.9,0,30,119,9.025,5.275,-14.6,1.51,3.819,0.3,0.0,1.5,1.86
1788455490.599,driving,9.259,6.752,-76.0,1,31,119,8.975,5.225,-14.8,1.553,3.824,0.3,0.0,1.5,1.83
1788455490.655,driving,9.262,6.742,-76.0,1,31,119,8.975,5.225,-15.0,1.544,3.829,0.3,0.0,1.5,1.83
1788455490.711,driving,9.266,6.722,-76.0,1,31,119,8.975,5.225,-15.3,1.525,3.839,0.3,0.0,1.5,1.8
1788455490.769,driving,9.269,6.712,-76.0,1,31,119,8.975,5.225,-15.5,1.516,3.844,0.3,0.0,1.5,1.8
1788455490.828,driving,9.274,6.692,-76.0,2,31,119,8.975,5.225,-15.8,1.497,3.854,0.3,0.0,1.5,1.77
1788455490.886,turning,9.276,6.682,-76.0,2,31,119,8.975,5.225,-16.0,1.488,3.859,0.0,-2.4,1.5,1.77
1788455490.948,turning,9.283,6.675,-76.7,2,31,119,8.975,5.225,-15.6,1.482,3.868,0.0,-2.4,1.5,1.74
1788455491.006,turning,9.286,6.678,-77.5,2,31,119,8.975,5.225,-15.0,1.486,3.87,0.0,-2.4,1.5,1.74
1788455491.062,turning,9.288,6.68,-79.1,2,31,119,8.975,5.225,-13.6,1.488,3.871,0.0,-2.4,1.5,1.73
1788455491.116,turning,9.288,6.68,-80.0,2,31,119,8.975,5.225,-13.0,1.488,3.871,0.0,-2.4,1.5,1.73
1788455491.173,turning,9.288,6.68,-80.9,2,31,119,8.975,5.225,-12.3,1.488,3.871,0.0,-2.4,1.5,1.72
1788455491.228,turning,9.288,6.68,-82.6,2,31,119,8.975,5.225,-10.8,1.488,3.871,0.0,-2.4,1.5,1.72
1788455491.289,turning,9.288,6.68,-83.4,2,31,119,8.975,5.225,-10.2,1.488,3.871,0.0,-2.4,1.5,1.72
1788455491.34,turning,9.288,6.68,-85.2,2,31,119,8.975,5.225,-8.7,1.488,3.871,0.0,-2.4,1.5,1.72
1788455491.397,turning,9.288,6.679,-86.1,2,31,119,8.975,5.225,-8.0,1.487,3.871,0.0,-2.4,1.5,1.72
1788455491.448,driving,9.288,6.674,-88.0,2,31,119,8.975,5.225,-6.3,1.483,3.873,0.3,0.0,1.5,1.72
1788455491.504,driving,9.289,6.674,-88.9,2,31,119,8.975,5.225,-5.6,1.482,3.873,0.3,0.0,1.5,1.72
1788455491.565,driving,9.289,6.671,-89.1,0,29,115,8.925,5.225,-5.6,1.491,3.874,0.3,0.0,1.5,1.72
1788455491.628,driving,9.289,6.667,-89.1,0,29,115,8.925,5.225,-5.8,1.487,3.875,0.3,0.0,1.5,1.72
1788455491.691,driving,9.289,6.654,-89.1,0,29,115,8.925,5.225,-6.1,1.474,3.879,0.3,0.0,1.5,1.72
1788455491.747,driving,9.294,6.641,-88.9,1,30,115,8.875,5.175,-6.5,1.524,3.888,0.3,0.0,1.5,1.7
1788455491.803,driving,9.308,6.61,-88.4,1,30,115,8.875,5.175,-7.3,1.499,3.91,0.3,0.0,1.5,1.7
1788455491.859,driving,9.309,6.599,-88.4,1,30,115,8.875,5.175,-7.6,1.488,3.915,0.3,0.0,1.5,1.67
1788455491.913,driving,9.31,6.578,-88.4,2,30,115,8.875,5.175,-7.9,1.469,3.922,0.3,0.0,1.5,1.67
1788455491.967,driving,9.31,6.568,-88.4,2,30,115,8.875,5.175,-8.1,1.459,3.925,0.3,0.0,1.5,1.64
1788455492.023,driving,9.311,6.548,-88.4,2,30,115,8.875,5.175,-8.4,1.44,3.932,0.3,0.0,1.5,1.64
1788455492.086,driving,9.314,6.54,-88.2,2,30,115,8.875,5.175,-8.9,1.434,3.938,0.3,0.0,1.5,1.61
1788455492.142,driving,9.318,6.531,-88.0,3,31,115,8.825,5.125,-9.4,1.49,3.944,0.3,0.0,1.5,1.61
1788455492.203,driving,9.322,6.513,-87.8,3,31,115,8.825,5.125,-9.9,1.474,3.954,0.3,0.0,1.5,1.58
1788455492.264,driving,9.323,6.503,-87.8,3,31,115,8.825,5.125,-10.2,1.465,3.958,0.3,0.0,1.5,1.58
1788455492.327,driving,9.323,6.483,-87.8,4,16,115,9.125,5.875,-10.8,0.639,3.965,0.3,0.0,0.6,1.55
1788455492.393,driving,9.324,6.472,-87.8,4,16,115,9.125,5.875,-11.4,0.63,3.969,0.3,0.0,0.6,1.55
1788455492.464,driving,9.325,6.452,-87.8,4,16,115,9.125,5.875,-12.0,0.61,3.976,0.3,0.0,0.6,1.52
1788455492.529,driving,9.325,6.442,-87.8,4,16,115,9.125,5.875,-12.6,0.601,3.98,0.3,0.0,0.6,1.52
1788455492.59,driving,9.321,6.421,-87.9,0,27,109,8.775,5.075,-12.7,1.452,3.984,0.3,0.0,1.5,1.49
1788455492.643,driving,9.318,6.41,-88.0,0,27,109,8.775,5.075,-12.9,1.441,3.984,0.3,0.0,1.5,1.49
1788455492.698,driving,9.316,6.389,-88.1,1,28,109,8.725,5.025,-13.1,1.487,3.989,0.3,0.0,1.5,1.46
1788455492.753,driving,9.316,6.379,-88.1,1,28,109,8.725,5.025,-13.4,1.478,3.993,0.3,0.0,1.5,1.46
1788455492.81,driving,9.317,6.359,-88.1,1,28,109,8.725,5.025,-13.7,1.459,4.001,0.3,0.0,1.5,1.43
1788455492.864,driving,9.317,6.348,-88.1,1,28,109,8.725,5.025,-14.0,1.45,4.005,0.3,0.0,1.5,1.43
1788455492.919,driving,9.318,6.328,-88.1,2,29,109,8.675,4.975,-14.4,1.498,4.013,0.3,0.0,1.5,1.4
1788455492.973,driving,9.318,6.318,-88.1,2,29,109,8.675,4.975,-14.7,1.489,4.017,0.3,0.0,1.5,1.4
1788455493.029,driving,9.322,6.298,-88.0,2,29,109,8.675,4.975,-15.2,1.473,4.028,0.3,0.0,1.5,1.37
1788455493.088,driving,9.325,6.288,-87.8,3,30,109,8.625,4.925,-15.6,1.532,4.034,0.3,0.0,1.5,1.37
1788455493.147,turning,9.327,6.278,-87.8,3,30,109,8.625,4.925,-16.1,1.524,4.039,0.0,-2.4,1.5,1.34
1788455493.212,turning,9.327,6.265,-88.4,3,30,109,8.625,4.925,-15.8,1.513,4.045,0.0,-2.4,1.5,1.34
1788455493.271,turning,9.327,6.265,-89.2,3,30,109,8.625,4.925,-15.3,1.513,4.045,0.0,-2.4,1.5,1.32
1788455493.332,turning,9.327,6.265,-91.0,3,30,109,8.625,4.925,-13.9,1.513,4.045,0.0,-2.4,1.5,1.32
1788455493.387,turning,9.327,6.265,-91.8,3,30,109,8.625,4.925,-13.3,1.513,4.045,0.0,-2.4,1.5,1.31
1788455493.445,turning,9.327,6.265,-93.5,3,30,109,8.625,4.925,-11.9,1.513,4.045,0.0,-2.4,1.5,1.31
1788455493.499,turning,9.327,6.263,-94.6,3,30,109,8.625,4.925,-11.2,1.51,4.045,0.0,-2.4,1.5,1.31
1788455493.552,turning,9.324,6.256,-96.8,3,30,109,8.625,4.925,-9.2,1.503,4.045,0.0,-2.4,1.5,1.31
1788455493.606,turning,9.324,6.254,-97.8,0,26,109,8.675,4.975,-8.6,1.434,4.045,0.0,-2.4,1.5,1.31
1788455493.662,driving,9.324,6.254,-99.5,0,26,109,8.675,4.975,-7.1,1.434,4.045,0.3,0.0,1.5,1.31
1788455493.717,driving,9.324,6.254,-100.3,0,26,109,8.675,4.975,-6.5,1.434,4.045,0.3,0.0,1.5,1.31
1788455493.771,driving,9.323,6.251,-100.5,0,26,109,8.675,4.975,-6.6,1.431,4.046,0.3,0.0,1.5,1.31
1788455493.825,driving,9.322,6.247,-100.5,1,27,109,8.625,4.925,-6.9,1.495,4.047,0.3,0.0,1.5,1.31
1788455493.882,driving,9.32,6.234,-100.5,1,27,109,8.625,4.925,-7.2,1.482,4.05,0.3,0.0,1.5,1.31
1788455493.946,driving,9.322,6.229,-100.1,1,27,109,8.625,4.925,-7.8,1.478,4.054,0.3,0.0,1.5,1.29
1788455494.013,driving,9.327,6.217,-99.4,1,27,109,8.625,4.925,-8.8,1.47,4.063,0.3,0.0,1.5,1.29
1788455494.078,driving,9.326,6.207,-99.3,1,27,109,8.625,4.925,-9.1,1.461,4.065,0.3,0.0,1.5,1.26
1788455494.134,driving,9.324,6.197,-99.3,1,27,109,8.625,4.925,-9.3,1.451,4.068,0.3,0.0,1.5,1.26
1788455494.188,driving,9.321,6.177,-99.3,2,14,109,9.125,5.575,-9.3,0.633,4.072,0.3,0.0,0.6,1.23
1788455494.24,driving,9.319,6.167,-99.3,2,14,109,9.125,5.575,-9.2,0.623,4.075,0.3,0.0,0.6,1.23
1788455494.297,driving,9.314,6.146,-99.1,3,15,109,9.125,5.525,-9.4,0.649,4.079,0.3,0.0,0.6,1.2
1788455494.351,driving,9.311,6.135,-98.8,3,15,109,9.125,5.525,-9.6,0.638,4.08,0.3,0.0,0.6,1.2
1788455494.407,driving,9.306,6.114,-98.6,3,15,109,9.125,5.525,-9.7,0.617,4.084,0.297,0.0,0.6,1.17
1788455494.457,driving,9.305,6.104,-98.6,3,15,109,9.125,5.525,-9.6,0.606,4.087,0.297,0.0,0.6,1.17
1788455494.515,driving,9.302,6.084,-98.6,4,16,109,9.103,5.48,-9.6,0.636,4.093,0.295,0.0,0.6,1.14
1788455494.57,driving,9.3,6.074,-98.6,4,16,109,9.103,5.48,-9.7,0.626,4.095,0.295,0.0,0.6,1.14
1788455494.626,driving,9.297,6.054,-98.6,0,12,103,9.075,5.475,-9.8,0.621,4.101,0.292,0.0,0.6,1.11
1788455494.678,driving,9.296,6.044,-98.6,0,12,103,9.075,5.475,-10.0,0.611,4.104,0.292,0.0,0.6,1.11
1788455494.74,driving,9.293,6.01,-98.6,1,13,103,9.053,5.43,-10.2,0.627,4.116,0.289,0.0,0.6,1.08
1788455494.8,driving,9.292,5.988,-98.6,2,14,103,9.025,5.375,-10.5,0.668,4.124,0.289,0.0,0.6,1.08
1788455494.861,driving,9.289,5.961,-98.6,2,14,103,9.025,5.375,-10.8,0.642,4.133,0.286,0.0,0.6,1.06
1788455494.918,driving,9.287,5.951,-98.6,2,14,103,9.025,5.375,-11.1,0.633,4.136,0.286,0.0,0.6,1.06
1788455494.975,driving,9.284,5.932,-98.6,3,14,103,9.025,5.375,-11.4,0.614,4.142,0.284,0.0,0.6,1.03
1788455495.03,driving,9.283,5.922,-98.6,3,14,103,9.025,5.375,-11.7,0.605,4.145,0.284,0.0,0.6,1.03
1788455495.083,driving,9.281,5.913,-98.6,3,14,103,9.025,5.375,-12.0,0.596,4.148,0.281,0.0,0.6,1.0
1788455495.133,driving,9.278,5.894,-98.6,3,14,103,9.025,5.375,-12.4,0.577,4.154,0.281,0.0,0.6,1.0
1788455495.187,driving,9.276,5.887,-98.8,4,15,103,9.003,5.33,-12.5,0.62,4.154,0.279,0.0,0.6,0.97
1788455495.238,driving,9.267,5.879,-99.4,4,15,103,9.003,5.33,-12.2,0.609,4.151,0.279,0.0,0.6,0.97
1788455495.292,driving,9.264,5.871,-99.6,4,15,103,9.003,5.33,-12.3,0.601,4.151,0.276,0.0,0.6,0.95
1788455495.345,driving,9.261,5.853,-99.6,4,15,103,9.003,5.33,-12.6,0.583,4.157,0.276,0.0,0.6,0.95
1788455495.397,driving,9.26,5.843,-99.6,5,16,103,8.975,5.275,-12.8,0.636,4.16,0.273,0.0,0.6,0.92
1788455495.452,driving,9.256,5.825,-99.6,5,16,103,8.975,5.275,-13.1,0.618,4.166,0.273,0.0,0.6,0.92
1788455495.516,driving,9.255,5.816,-99.6,5,16,103,8.975,5.275,-13.4,0.609,4.169,0.271,0.0,0.6,0.89
1788455495.575,driving,9.252,5.798,-99.6,5,16,103,8.975,5.275,-13.7,0.591,4.175,0.271,0.0,0.6,0.89
1788455495.636,driving,9.249,5.788,-99.7,0,11,99,8.953,5.23,-13.9,0.632,4.177,0.269,0.0,0.6,0.87
1788455495.695,driving,9.242,5.77,-99.9,0,11,99,8.953,5.23,-13.9,0.613,4.18,0.269,0.0,0.6,0.87
1788455495.748,driving,9.24,5.761,-100.0,0,11,99,8.953,5.23,-14.1,0.604,4.182,0.266,0.0,0.6,0.84
1788455495.802,driving,9.237,5.743,-100.0,1,12,99,8.925,5.175,-14.4,0.648,4.188,0.266,0.0,0.6,0.84
1788455495.86,driving,9.236,5.734,-100.0,1,12,99,8.925,5.175,-14.7,0.64,4.191,0.264,0.0,0.6,0.81
1788455495.915,driving,9.233,5.716,-100.0,1,12,99,8.925,5.175,-15.0,0.623,4.197,0.264,0.0,0.6,0.81
1788455495.968,driving,9.231,5.708,-100.0,1,12,99,8.925,5.175,-15.3,0.614,4.2,0.261,0.0,0.6,0.79
1788455496.02,driving,9.23,5.699,-100.0,1,12,99,8.925,5.175,-15.6,0.606,4.203,0.261,0.0,0.6,0.79
1788455496.078,turning,9.232,5.682,-99.8,2,13,99,8.903,5.13,-16.1,0.642,4.213,0.0,-2.4,0.6,0.76
1788455496.133,turning,9.235,5.673,-99.7,2,13,99,8.903,5.13,-16.6,0.637,4.221,0.0,-2.4,0.6,0.76
1788455496.186,turning,9.24,5.673,-101.2,2,13,99,8.903,5.13,-15.4,0.639,4.225,0.0,-2.4,0.6,0.74
1788455496.239,turning,9.24,5.673,-102.0,2,13,99,8.903,5.13,-14.8,0.639,4.225,0.0,-2.4,0.6,0.74
1788455496.301,turning,9.24,5.673,-103.8,2,13,99,8.903,5.13,-13.4,0.639,4.225,0.0,-2.4,0.6,0.74
1788455496.366,turning,9.24,5.673,-104.6,2,13,99,8.903,5.13,-12.9,0.639,4.225,0.0,-2.4,0.6,0.74
1788455496.428,turning,9.24,5.673,-106.3,2,13,99,8.903,5.13,-11.4,0.639,4.225,0.0,-2.4,0.6,0.74
1788455496.485,turning,9.24,5.673,-107.2,2,13,99,8.903,5.13,-10.8,0.639,4.225,0.0,-2.4,0.6,0.74
1788455496.537,turning,9.243,5.667,-108.6,2,13,99,8.903,5.13,-9.7,0.635,4.231,0.0,-2.4,0.6,0.74
1788455496.591,turning,9.246,5.661,-109.2,2,13,99,8.903,5.13,-9.3,0.632,4.236,0.0,-2.4,0.6,0.74
1788455496.646,driving,9.247,5.657,-110.7,0,10,97,8.875,5.175,-8.4,0.609,4.239,0.257,0.0,0.6,0.74
1788455496.7,driving,9.247,5.657,-111.6,0,10,97,8.875,5.175,-8.0,0.609,4.239,0.257,0.0,0.6,0.74
1788455496.753,driving,9.246,5.655,-111.9,0,10,97,8.875,5.175,-8.2,0.607,4.239,0.256,0.0,0.6,0.74
1788455496.806,driving,9.245,5.652,-111.9,0,10,97,8.875,5.175,-8.7,0.603,4.24,0.256,0.0,0.6,0.74
1788455496.864,driving,9.246,5.637,-111.8,0,10,97,8.875,5.175,-9.3,0.592,4.248,0.256,0.0,0.6,0.73
1788455496.92,driving,9.247,5.627,-111.7,1,11,97,8.825,5.125,-9.9,0.656,4.254,0.256,0.0,0.6,0.73
1788455496.976,driving,9.246,5.617,-111.6,1,11,97,8.825,5.125,-10.5,0.648,4.258,0.254,0.0,0.6,0.71
1788455497.036,driving,9.24,5.601,-111.6,1,11,97,8.825,5.125,-11.1,0.631,4.261,0.254,0.0,0.6,0.71
1788455497.099,driving,9.236,5.593,-111.6,1,11,97,8.825,5.125,-11.6,0.623,4.262,0.252,0.0,0.6,0.69
1788455497.157,driving,9.23,5.577,-111.6,2,12,97,8.775,5.075,-12.1,0.678,4.265,0.252,0.0,0.6,0.69
1788455497.216,driving,9.225,5.564,-111.6,2,12,97,8.775,5.075,-12.7,0.665,4.267,0.25,0.0,0.6,0.67
1788455497.273,driving,9.214,5.532,-111.4,3,12,97,8.775,5.075,-13.4,0.633,4.275,0.25,0.0,0.6,0.67
1788455497.327,driving,9.209,5.521,-111.4,3,12,97,8.775,5.075,-14.0,0.622,4.277,0.248,0.0,0.6,0.65
1788455497.383,driving,9.203,5.505,-111.4,3,12,97,8.775,5.075,-14.6,0.607,4.28,0.248,0.0,0.6,0.65
1788455497.434,driving,9.2,5.497,-111.4,3,12,97,8.775,5.075,-15.2,0.599,4.281,0.246,0.0,0.6,0.63
1788455497.489,driving,9.194,5.482,-111.4,4,13,97,8.725,5.025,-15.7,0.655,4.285,0.246,0.0,0.6,0.63
1788455497.544,turning,9.191,5.474,-111.4,4,13,97,8.725,5.025,-16.3,0.647,4.286,0.0,-2.4,0.6,0.61
1788455497.598,turning,9.187,5.464,-112.0,4,13,97,8.725,5.025,-16.2,0.637,4.288,0.0,-2.4,0.6,0.61
1788455497.651,turning,9.187,5.464,-112.9,4,13,97,8.725,5.025,-15.8,0.637,4.288,0.0,-2.4,0.6,0.61
1788455497.708,turning,9.187,5.464,-114.6,0,9,91,8.725,5.025,-14.6,0.637,4.288,0.0,-2.4,0.6,0.61
1788455497.763,turning,9.187,5.461,-115.3,0,9,91,8.725,5.025,-14.3,0.635,4.29,0.0,-2.4,0.6,0.7
1788455497.821,turning,9.186,5.454,-116.7,0,9,91,8.725,5.025,-13.3,0.63,4.292,0.0,-2.4,0.6,0.7
1788455497.822,turning,9.186,5.454,-116.7,0,9,91,8.725,5.025,-13.8,0.63,4.292,0.0,-2.4,0.6,0.7
1788455497.944,turning,9.186,5.454,-118.4,0,9,91,8.725,5.025,-12.5,0.63,4.293,0.0,-2.4,0.6,0.81
1788455498.005,turning,9.186,5.454,-120.2,0,9,91,8.725,5.025,-11.1,0.63,4.293,0.0,-2.4,0.6,0.97
1788455498.06,turning,9.186,5.454,-121.0,0,9,91,8.725,5.025,-10.6,0.63,4.293,0.0,-2.4,0.6,0.97
1788455498.114,driving,9.186,5.454,-122.7,0,9,91,8.725,5.025,-9.2,0.63,4.293,0.3,0.0,0.6,1.99
1788455498.168,driving,9.186,5.454,-123.6,0,9,91,8.725,5.025,-8.7,0.63,4.293,0.3,0.0,0.6,1.99
1788455498.222,driving,9.184,5.452,-123.8,0,9,91,8.725,5.025,-8.7,0.627,4.292,0.3,0.0,0.6,1.98
1788455498.274,driving,9.182,5.449,-123.8,0,9,91,8.725,5.025,-9.0,0.623,4.292,0.3,0.0,0.6,1.98
1788455498.329,driving,9.183,5.443,-123.8,0,9,91,8.725,5.025,-9.3,0.62,4.296,0.3,0.0,0.6,1.97
1788455498.383,driving,9.185,5.439,-123.8,0,9,91,8.725,5.025,-9.6,0.619,4.299,0.3,0.0,0.6,1.97
1788455498.44,driving,9.178,5.425,-123.8,0,9,91,8.725,5.025,-9.9,0.605,4.302,0.3,0.0,0.6,1.95
1788455498.493,driving,9.173,5.417,-123.8,1,10,91,8.675,4.975,-10.2,0.666,4.302,0.3,0.0,0.6,1.95
1788455498.548,driving,9.161,5.4,-123.8,1,10,91,8.675,4.975,-10.5,0.646,4.301,0.3,0.0,0.6,1.93
1788455498.604,driving,9.156,5.392,-123.8,1,10,91,8.675,4.975,-10.8,0.636,4.301,0.3,0.0,0.6,1.93
1788455498.669,driving,9.143,5.37,-123.5,1,10,91,8.675,4.975,-11.4,0.613,4.303,0.3,0.0,0.6,1.89
1788455498.727,driving,9.137,5.358,-123.3,0,10,93,8.725,4.925,-11.5,0.597,4.305,0.3,0.0,0.6,1.89
1788455498.789,driving,9.125,5.338,-123.2,1,11,93,8.678,4.909,-11.8,0.62,4.306,0.3,0.0,0.6,1.87
1788455498.845,driving,9.12,5.33,-123.2,1,11,93,8.678,4.909,-11.8,0.61,4.306,0.3,0.0,0.6,1.87
1788455498.903,driving,9.109,5.313,-123.2,1,11,93,8.678,4.909,-12.0,0.59,4.307,0.3,0.0,0.6,1.83
1788455498.961,driving,9.103,5.304,-123.2,1,11,93,8.678,4.909,-12.1,0.581,4.307,0.3,0.0,0.6,1.83
1788455499.015,driving,9.098,5.296,-123.2,2,12,93,8.63,4.893,-12.3,0.617,4.308,0.3,0.0,0.6,1.81
1788455499.073,driving,9.086,5.278,-123.2,2,12,93,8.63,4.893,-12.6,0.597,4.308,0.3,0.0,0.6,1.81
1788455499.129,driving,9.081,5.27,-123.2,2,12,93,8.63,4.893,-12.9,0.587,4.309,0.3,0.0,0.6,1.78
1788455499.183,driving,9.07,5.253,-123.2,3,13,93,8.583,4.878,-13.2,0.615,4.31,0.3,0.0,0.6,1.78
1788455499.235,driving,9.065,5.245,-123.2,3,13,93,8.583,4.878,-13.6,0.606,4.31,0.3,0.0,0.6,1.75
1788455499.286,driving,9.056,5.23,-123.4,3,13,93,8.583,4.878,-13.8,0.59,4.312,0.3,0.0,0.6,1.75
1788455499.341,driving,9.05,5.222,-123.5,3,13,93,8.583,4.878,-14.1,0.581,4.312,0.3,0.0,0.6,1.73
1788455499.399,driving,9.039,5.205,-123.5,3,13,93,8.583,4.878,-14.5,0.562,4.313,0.3,0.0,0.6,1.73
1788455499.459,driving,9.034,5.197,-123.5,4,15,93,8.488,4.846,-15.1,0.649,4.314,0.3,0.0,0.6,1.69
1788455499.524,driving,9.022,5.18,-123.5,4,15,93,8.488,4.846,-15.7,0.63,4.315,0.3,0.0,0.6,1.69
1788455499.584,turning,9.017,5.171,-123.5,5,16,93,8.425,4.825,-16.3,0.685,4.316,0.0,-2.4,0.6,1.67
1788455499.636,turning,9.01,5.16,-124.1,5,16,93,8.425,4.825,-16.3,0.674,4.317,0.0,-2.4,0.6,1.67
1788455499.689,turning,9.009,5.161,-124.6,5,16,93,8.425,4.825,-16.4,0.674,4.315,0.0,-2.4,0.6,1.64
1788455499.742,turning,9.006,5.164,-125.6,0,11,93,8.528,4.846,-15.7,0.574,4.312,0.0,-2.4,0.6,1.64
1788455499.797,turning,9.006,5.164,-126.5,0,11,93,8.528,4.846,-15.2,0.574,4.312,0.0,-2.4,0.6,1.64
1788455499.852,turning,9.006,5.164,-127.3,0,11,93,8.528,4.846,-14.6,0.574,4.312,0.0,-2.4,0.6,1.64
1788455499.908,turning,9.006,5.164,-129.0,0,11,93,8.528,4.846,-13.1,0.574,4.312,0.0,-2.4,0.6,1.64
1788455499.961,turning,9.006,5.164,-129.9,0,11,93,8.528,4.846,-12.5,0.574,4.312,0.0,-2.4,0.6,1.64
1788455500.014,turning,9.006,5.164,-131.6,0,11,93,8.528,4.846,-11.1,0.574,4.312,0.0,-2.4,0.6,1.64
1788455500.067,turning,9.006,5.164,-132.5,0,11,93,8.528,4.846,-10.4,0.574,4.312,0.0,-2.4,0.6,1.64
1788455500.124,turning,9.006,5.164,-134.2,0,11,93,8.528,4.846,-8.9,0.574,4.312,0.0,-2.4,0.6,1.64
1788455500.184,driving,9.006,5.164,-135.0,0,11,93,8.528,4.846,-8.2,0.574,4.312,0.3,0.0,0.6,1.64
1788455500.246,driving,9.006,5.163,-136.0,0,11,93,8.528,4.846,-7.4,0.574,4.312,0.3,0.0,0.6,1.63
1788455500.307,driving,9.004,5.162,-136.0,0,11,93,8.528,4.846,-7.6,0.571,4.311,0.3,0.0,0.6,1.63
1788455500.368,driving,8.995,5.15,-136.2,1,12,93,8.479,4.836,-7.8,0.604,4.311,0.3,0.0,0.6,1.64
1788455500.422,driving,8.988,5.141,-136.3,1,12,93,8.479,4.836,-7.9,0.594,4.311,0.3,0.0,0.6,1.64
1788455500.477,driving,8.973,5.125,-136.5,1,12,93,8.479,4.836,-8.1,0.573,4.309,0.3,0.0,0.6,1.61
1788455500.53,driving,8.965,5.118,-136.5,1,12,93,8.479,4.836,-8.5,0.563,4.307,0.3,0.0,0.6,1.61
1788455500.582,driving,8.951,5.104,-136.5,2,13,93,8.43,4.826,-8.9,0.59,4.304,0.3,0.0,0.6,1.58
1788455500.634,driving,8.943,5.097,-136.5,2,13,93,8.43,4.826,-9.3,0.581,4.303,0.3,0.0,0.6,1.58
1788455500.69,driving,8.931,5.082,-136.1,3,14,93,8.381,4.816,-10.1,0.611,4.303,0.3,0.0,0.6,1.55
1788455500.743,driving,8.926,5.074,-135.9,3,14,93,8.381,4.816,-10.8,0.603,4.304,0.3,0.0,0.6,1.55
1788455500.796,driving,8.92,5.066,-135.8,0,11,92,8.376,4.81,-11.4,0.601,4.304,0.3,0.0,0.6,1.52
1788455500.849,driving,8.905,5.052,-135.8,0,11,92,8.376,4.81,-11.9,0.582,4.302,0.3,0.0,0.6,1.52
1788455500.904,driving,8.898,5.045,-135.8,1,12,92,8.326,4.805,-12.5,0.62,4.301,0.3,0.0,0.6,1.49
1788455500.964,driving,8.883,5.03,-135.8,1,12,92,8.326,4.805,-13.1,0.601,4.299,0.3,0.0,0.6,1.49
1788455501.02,driving,8.876,5.023,-135.8,1,12,92,8.326,4.805,-13.7,0.592,4.298,0.3,0.0,0.6,1.46
1788455501.078,driving,8.861,5.009,-135.8,1,12,92,8.326,4.805,-14.3,0.573,4.295,0.3,0.0,0.6,1.46
1788455501.131,driving,8.854,5.002,-135.8,1,12,92,8.326,4.805,-14.8,0.564,4.294,0.3,0.0,0.6,1.43
1788455501.187,driving,8.839,4.988,-135.8,2,14,92,8.226,4.795,-15.6,0.642,4.293,0.3,0.0,0.6,1.43
1788455501.24,turning,8.832,4.981,-135.8,2,14,92,8.226,4.795,-16.3,0.633,4.292,0.0,-2.4,0.6,1.41
1788455501.297,turning,8.824,4.973,-136.6,2,14,92,8.226,4.795,-16.2,0.623,4.291,0.0,-2.4,0.6,1.41
1788455501.349,turning,8.825,4.977,-137.5,2,14,92,8.226,4.795,-15.9,0.626,4.289,0.0,-2.4,0.6,1.38
1788455501.402,turning,8.828,4.987,-139.5,2,14,92,8.226,4.795,-14.5,0.631,4.284,0.0,-2.4,0.6,1.38
1788455501.457,turning,8.828,4.988,-140.4,2,14,92,8.226,4.795,-14.1,0.632,4.284,0.0,-2.4,0.6,1.38
1788455501.513,turning,8.828,4.988,-142.1,2,14,92,8.226,4.795,-12.8,0.632,4.284,0.0,-2.4,0.6,1.38
1788455501.565,turning,8.828,4.988,-142.9,2,14,92,8.226,4.795,-12.4,0.632,4.284,0.0,-2.4,0.6,1.37
1788455501.618,turning,8.828,4.988,-144.7,2,14,92,8.226,4.795,-11.1,0.632,4.284,0.0,-2.4,0.6,1.37
1788455501.674,turning,8.828,4.988,-145.5,2,14,92,8.226,4.795,-10.6,0.632,4.284,0.0,-2.4,0.6,1.37
1788455501.729,turning,8.828,4.988,-146.4,2,14,92,8.226,4.795,-10.1,0.632,4.284,0.0,-2.4,0.6,1.37
1788455501.792,driving,8.828,4.988,-148.1,0,12,89,8.226,4.795,-8.8,0.632,4.284,0.3,0.0,0.6,1.37
1788455501.879,driving,8.828,4.988,-148.9,0,12,89,8.226,4.795,-8.2,0.632,4.284,0.3,0.0,0.6,1.37
1788455501.975,driving,8.826,4.987,-149.1,0,12,89,8.226,4.795,-8.4,0.629,4.283,0.3,0.0,0.6,1.37
1788455502.057,driving,8.822,4.985,-149.1,0,12,89,8.226,4.795,-8.7,0.625,4.281,0.3,0.0,0.6,1.37
1788455502.121,driving,8.813,4.98,-148.8,0,12,89,8.226,4.795,-9.2,0.615,4.277,0.3,0.0,0.6,1.36
1788455502.176,driving,8.806,4.977,-148.6,0,12,89,8.226,4.795,-9.7,0.608,4.274,0.3,0.0,0.6,1.36
1788455502.228,driving,8.79,4.968,-148.4,1,13,89,8.177,4.79,-10.2,0.639,4.268,0.3,0.0,0.6,1.33
1788455502.277,driving,8.782,4.963,-148.4,1,13,89,8.177,4.79,-10.6,0.629,4.265,0.3,0.0,0.6,1.33
1788455502.329,driving,8.764,4.952,-148.4,1,13,89,8.177,4.79,-10.9,0.609,4.259,0.3,0.0,0.6,1.3
1788455502.381,driving,8.755,4.947,-148.4,1,13,89,8.177,4.79,-11.2,0.6,4.256,0.3,0.0,0.6,1.3
1788455502.436,driving,8.742,4.936,-148.1,2,14,89,8.127,4.785,-12.0,0.634,4.253,0.3,0.0,0.6,1.27
1788455502.49,driving,8.737,4.931,-147.8,2,14,89,8.127,4.785,-12.6,0.627,4.253,0.3,0.0,0.6,1.27
1788455502.549,driving,8.721,4.92,-147.7,2,14,89,8.127,4.785,-13.2,0.609,4.248,0.3,0.0,0.6,1.24
1788455502.614,driving,8.713,4.915,-147.7,3,15,89,8.077,4.78,-13.6,0.649,4.246,0.3,0.0,0.6,1.24
1788455502.676,driving,8.695,4.904,-147.7,3,15,89,8.077,4.78,-14.1,0.63,4.24,0.3,0.0,0.6,1.21
1788455502.732,driving,8.687,4.898,-147.7,3,15,89,8.077,4.78,-14.5,0.621,4.238,0.3,0.0,0.6,1.21
1788455502.789,driving,8.678,4.893,-147.7,3,15,89,8.077,4.78,-15.0,0.611,4.235,0.299,0.0,0.6,1.18
1788455502.846,driving,8.661,4.882,-147.7,0,12,86,8.08,4.807,-15.6,0.586,4.23,0.299,0.0,0.6,1.18
1788455502.905,turning,8.652,4.876,-147.7,0,12,86,8.08,4.807,-16.2,0.576,4.227,0.0,-2.4,0.6,1.15
1788455502.957,turning,8.641,4.87,-148.3,1,13,86,8.025,4.825,-16.3,0.618,4.224,0.0,-2.4,0.6,1.15
1788455503.011,turning,8.645,4.871,-149.1,1,13,86,8.025,4.825,-16.1,0.622,4.226,0.0,-2.4,0.6,1.13
1788455503.062,turning,8.658,4.876,-150.7,0,12,86,8.08,4.807,-15.0,0.582,4.232,0.0,-2.4,0.6,1.13
1788455503.113,turning,8.66,4.877,-151.6,0,12,86,8.08,4.807,-14.6,0.584,4.233,0.0,-2.4,0.6,1.13
1788455503.166,turning,8.66,4.877,-153.3,0,12,86,8.08,4.807,-13.3,0.584,4.233,0.0,-2.4,0.6,1.13
1788455503.22,turning,8.66,4.877,-154.2,0,12,86,8.08,4.807,-12.8,0.584,4.233,0.0,-2.4,0.6,1.13
1788455503.275,turning,8.66,4.877,-155.9,0,12,86,8.08,4.807,-11.5,0.584,4.233,0.0,-2.4,0.6,1.13
1788455503.334,turning,8.66,4.877,-156.7,0,12,86,8.08,4.807,-11.0,0.584,4.233,0.0,-2.4,0.6,1.13
1788455503.396,driving,8.66,4.877,-158.4,0,12,86,8.08,4.807,-9.6,0.584,4.233,0.293,0.0,0.6,1.13
1788455503.46,driving,8.66,4.877,-159.3,0,12,86,8.08,4.807,-9.0,0.584,4.233,0.293,0.0,0.6,1.12
1788455503.515,driving,8.658,4.876,-159.5,0,12,86,8.08,4.807,-9.1,0.582,4.232,0.293,0.0,0.6,1.12
1788455503.572,driving,8.654,4.875,-159.5,0,12,86,8.08,4.807,-9.4,0.578,4.23,0.293,0.0,0.6,1.12
1788455503.626,driving,8.642,4.87,-159.5,1,13,86,8.025,4.825,-9.8,0.618,4.224,0.293,0.0,0.6,1.12
1788455503.681,driving,8.631,4.861,-159.2,1,13,86,8.025,4.825,-10.5,0.607,4.222,0.291,0.0,0.6,1.11
1788455503.731,driving,8.619,4.852,-158.9,1,13,86,8.025,4.825,-11.3,0.595,4.22,0.291,0.0,0.6,1.11
1788455503.784,driving,8.598,4.838,-158.6,2,14,86,7.978,4.841,-12.2,0.62,4.214,0.288,0.0,0.6,1.07
1788455503.835,driving,8.589,4.835,-158.6,2,14,86,7.978,4.841,-12.8,0.611,4.21,0.288,0.0,0.6,1.07
1788455503.888,driving,8.57,4.828,-158.6,0,12,81,7.975,4.875,-13.6,0.597,4.202,0.286,0.0,0.6,1.05
1788455503.941,driving,8.561,4.824,-158.6,0,12,81,7.975,4.875,-14.4,0.588,4.198,0.286,0.0,0.6,1.05
1788455503.997,driving,8.544,4.821,-158.7,1,13,81,7.926,4.885,-15.1,0.621,4.189,0.283,0.0,0.6,1.02
1788455504.052,driving,8.536,4.82,-158.7,1,13,81,7.926,4.885,-15.8,0.613,4.183,0.283,0.0,0.6,1.02
1788455504.114,turning,8.519,4.816,-158.7,1,13,81,7.926,4.885,-16.5,0.597,4.174,0.0,-2.4,0.6,0.99
1788455504.173,turning,8.51,4.812,-158.7,1,13,81,7.926,4.885,-17.2,0.588,4.17,0.0,-2.4,0.6,0.99
1788455504.232,turning,8.509,4.812,-160.3,1,13,81,7.926,4.885,-16.3,0.587,4.17,0.0,-2.4,0.6,0.97
1788455504.292,turning,8.509,4.812,-161.2,1,13,81,7.926,4.885,-16.1,0.587,4.17,0.0,-2.4,0.6,0.97
1788455504.346,turning,8.509,4.812,-162.9,1,13,81,7.926,4.885,-15.0,0.587,4.17,0.0,-2.4,0.6,0.96
1788455504.399,turning,8.509,4.812,-163.8,1,13,81,7.926,4.885,-14.7,0.587,4.17,0.0,-2.4,0.6,0.96
1788455504.453,turning,8.509,4.812,-165.5,1,13,81,7.926,4.885,-13.5,0.587,4.17,0.0,-2.4,0.6,0.96
1788455504.506,turning,8.509,4.812,-166.3,1,13,81,7.926,4.885,-13.1,0.587,4.17,0.0,-2.4,0.6,0.96
1788455504.565,turning,8.511,4.819,-168.6,1,13,81,7.926,4.885,-11.3,0.589,4.166,0.0,-2.4,0.6,0.96
1788455504.617,driving,8.512,4.823,-169.8,1,13,81,7.926,4.885,-10.4,0.59,4.164,0.277,0.0,0.6,0.96
1788455504.669,driving,8.513,4.826,-170.9,1,13,81,7.926,4.885,-9.7,0.59,4.163,0.277,0.0,0.6,0.96
1788455504.723,driving,8.51,4.825,-171.0,1,13,81,7.926,4.885,-9.9,0.587,4.161,0.277,0.0,0.6,0.96
1788455504.778,driving,8.506,4.825,-171.0,1,13,81,7.926,4.885,-10.2,0.583,4.159,0.277,0.0,0.6,0.96
1788455504.828,driving,8.493,4.823,-171.0,2,14,81,7.877,4.895,-10.5,0.62,4.151,0.277,0.0,0.6,0.96
1788455504.888,driving,8.484,4.821,-171.0,0,12,81,7.877,4.9,-10.8,0.612,4.146,0.275,0.0,0.6,0.93
1788455504.948,driving,8.466,4.818,-171.0,0,12,81,7.877,4.9,-11.2,0.594,4.135,0.275,0.0,0.6,0.93
1788455505.011,driving,8.457,4.818,-170.9,0,12,81,7.877,4.9,-11.7,0.586,4.129,0.273,0.0,0.6,0.91
1788455505.077,driving,8.441,4.817,-170.5,1,13,81,7.828,4.908,-12.5,0.62,4.119,0.273,0.0,0.6,0.91
1788455505.135,driving,8.432,4.815,-170.4,1,13,81,7.828,4.908,-12.9,0.611,4.114,0.27,0.0,0.6,0.88
1788455505.192,driving,8.414,4.812,-170.4,1,13,81,7.828,4.908,-13.3,0.594,4.103,0.27,0.0,0.6,0.88
1788455505.251,driving,8.405,4.811,-170.4,1,13,81,7.828,4.908,-13.6,0.585,4.098,0.268,0.0,0.6,0.86
1788455505.315,driving,8.387,4.808,-170.4,2,14,81,7.778,4.916,-14.0,0.618,4.088,0.268,0.0,0.6,0.86
1788455505.384,driving,8.378,4.806,-170.4,2,14,81,7.778,4.916,-14.4,0.609,4.083,0.266,0.0,0.6,0.83
1788455505.447,driving,8.36,4.803,-170.4,2,14,81,7.778,4.916,-14.7,0.592,4.073,0.266,0.0,0.6,0.83
1788455505.511,driving,8.351,4.802,-170.4,2,14,81,7.778,4.916,-15.1,0.584,4.068,0.263,0.0,0.6,0.81
1788455505.579,driving,8.333,4.799,-170.4,3,15,81,7.725,4.925,-15.5,0.621,4.058,0.263,0.0,0.6,0.81
1788455505.656,driving,8.324,4.797,-170.4,3,15,81,7.725,4.925,-15.9,0.613,4.053,0.262,0.0,0.6,0.79
1788455505.728,turning,8.316,4.796,-170.4,3,15,81,7.725,4.925,-16.2,0.605,4.048,0.0,-2.4,0.6,0.79
1788455505.8,turning,8.304,4.79,-170.7,3,15,81,7.725,4.925,-16.3,0.595,4.045,0.0,-2.4,0.6,0.77
1788455505.873,turning,8.304,4.785,-171.2,3,15,81,7.725,4.925,-16.2,0.596,4.048,0.0,-2.4,0.6,0.77
1788455505.936,turning,8.304,4.781,-172.6,0,12,76,7.725,4.925,-15.2,0.596,4.051,0.0,-2.4,0.6,0.76
1788455505.993,turning,8.304,4.781,-173.5,0,12,76,7.725,4.925,-14.7,0.596,4.051,0.0,-2.4,0.6,0.76
1788455506.05,turning,8.304,4.781,-175.2,0,12,76,7.725,4.925,-13.3,0.596,4.051,0.0,-2.4,0.6,0.76
1788455506.105,turning,8.304,4.781,-176.1,0,12,76,7.725,4.925,-12.8,0.596,4.051,0.0,-2.4,0.6,0.76
1788455506.16,turning,8.304,4.781,-177.8,0,12,76,7.725,4.925,-11.4,0.596,4.051,0.0,-2.4,0.6,0.76
1788455506.214,turning,8.304,4.781,-178.6,0,12,76,7.725,4.925,-10.8,0.596,4.051,0.0,-2.4,0.6,0.76
1788455506.27,turning,8.307,4.783,179.9,0,12,76,7.725,4.925,-9.6,0.599,4.051,0.0,-2.4,0.6,0.75
1788455506.323,turning,8.309,4.784,179.2,0,12,76,7.725,4.925,-9.2,0.601,4.052,0.0,-2.4,0.6,0.75
1788455506.381,driving,8.31,4.785,177.6,0,12,76,7.725,4.925,-7.8,0.602,4.053,0.259,0.0,0.6,0.77
1788455506.437,driving,8.31,4.785,176.8,0,12,76,7.725,4.925,-7.2,0.602,4.053,0.259,0.0,0.6,0.77
1788455506.502,driving,8.307,4.785,176.7,0,12,76,7.725,4.925,-7.3,0.599,4.05,0.263,0.0,0.6,0.8
1788455506.566,driving,8.303,4.785,176.7,0,12,76,7.725,4.925,-7.5,0.595,4.047,0.263,0.0,0.6,0.8
1788455506.628,driving,8.29,4.787,176.4,1,13,76,7.676,4.937,-7.3,0.631,4.037,0.263,0.0,0.6,0.8
1788455506.689,driving,8.281,4.789,176.1,1,13,76,7.676,4.937,-7.2,0.623,4.03,0.263,0.0,0.6,0.8
1788455506.745,driving,8.273,4.79,176.0,1,13,76,7.676,4.937,-7.3,0.614,4.023,0.263,0.0,0.6,0.81
1788455506.803,driving,8.255,4.791,176.0,1,13,76,7.676,4.937,-7.5,0.596,4.011,0.263,0.0,0.6,0.81
1788455506.858,driving,8.246,4.792,176.0,2,14,76,7.628,4.949,-7.6,0.638,4.004,0.263,0.0,0.6,0.81
1788455506.91,driving,8.228,4.793,176.0,2,14,76,7.628,4.949,-7.8,0.62,3.991,0.263,0.0,0.6,0.81
1788455506.969,driving,8.222,4.795,176.1,0,12,73,7.625,4.975,-8.2,0.623,3.986,0.263,0.0,0.6,0.81
1788455507.025,driving,8.212,4.799,176.2,0,12,73,7.625,4.975,-8.6,0.613,3.976,0.263,0.0,0.6,0.81
1788455507.084,driving,8.204,4.8,176.2,1,13,73,7.583,5.003,-9.0,0.653,3.97,0.263,0.0,0.6,0.81
1788455507.141,driving,8.187,4.802,176.2,1,13,73,7.583,5.003,-9.3,0.636,3.957,0.263,0.0,0.6,0.81
1788455507.2,driving,8.178,4.802,176.2,1,13,73,7.583,5.003,-9.7,0.627,3.951,0.263,0.0,0.6,0.81
1788455507.259,driving,8.16,4.803,176.2,1,13,73,7.583,5.003,-10.0,0.61,3.939,0.263,0.0,0.6,0.81
1788455507.322,driving,8.151,4.804,176.2,2,14,73,7.542,5.03,-10.4,0.65,3.932,0.264,0.0,0.6,0.81
1788455507.387,driving,8.133,4.805,176.2,2,14,73,7.542,5.03,-10.8,0.633,3.92,0.264,0.0,0.6,0.81
1788455507.452,driving,8.124,4.806,176.2,2,14,73,7.542,5.03,-11.2,0.624,3.913,0.264,0.0,0.6,0.82
1788455507.51,driving,8.106,4.807,176.2,2,14,73,7.542,5.03,-11.6,0.607,3.901,0.264,0.0,0.6,0.82
1788455507.567,driving,8.102,4.805,176.5,2,14,73,7.542,5.03,-12.2,0.603,3.899,0.264,0.0,0.6,0.82
1788455507.622,driving,8.094,4.801,177.0,3,15,73,7.475,5.075,-13.2,0.677,3.897,0.264,0.0,0.6,0.82
1788455507.681,driving,8.085,4.802,177.0,3,15,73,7.475,5.075,-13.7,0.669,3.891,0.264,0.0,0.6,0.82
1788455507.735,driving,8.076,4.802,177.0,3,15,73,7.475,5.075,-14.2,0.66,3.885,0.264,0.0,0.6,0.82
1788455507.791,driving,8.058,4.803,177.0,3,15,73,7.475,5.075,-14.7,0.643,3.873,0.264,0.0,0.6,0.82
1788455507.843,driving,8.049,4.804,177.0,3,15,73,7.475,5.075,-15.1,0.635,3.867,0.264,0.0,0.6,0.82
1788455507.899,driving,8.031,4.805,177.0,3,15,73,7.475,5.075,-15.6,0.619,3.854,0.264,0.0,0.6,0.82
1788455507.958,turning,8.022,4.805,177.0,4,16,73,7.425,5.125,-16.2,0.678,3.848,0.0,-2.4,0.6,0.82
1788455508.023,turning,8.016,4.809,176.1,0,12,68,7.469,5.081,-15.8,0.611,3.841,0.0,-2.4,0.6,0.82
1788455508.094,turning,8.019,4.811,175.2,0,12,68,7.469,5.081,-15.2,0.613,3.841,0.0,-2.4,0.6,0.82
1788455508.159,turning,8.022,4.813,173.3,0,12,68,7.469,5.081,-13.7,0.614,3.841,0.0,-2.4,0.6,0.85
1788455508.218,turning,8.022,4.813,172.5,0,12,68,7.469,5.081,-13.2,0.614,3.841,0.0,-2.4,0.6,0.85
1788455508.279,turning,8.022,4.813,170.8,0,12,68,7.469,5.081,-11.8,0.614,3.841,0.0,-2.4,0.6,0.91
1788455508.336,turning,8.022,4.813,169.9,0,12,68,7.469,5.081,-11.2,0.614,3.841,0.0,-2.4,0.6,0.91
1788455508.393,turning,8.022,4.813,168.2,0,12,68,7.469,5.081,-9.8,0.614,3.841,0.0,-2.4,0.6,3.43
1788455508.45,turning,8.022,4.813,167.3,0,12,68,7.469,5.081,-9.2,0.614,3.841,0.0,-2.4,0.6,3.43
1788455508.504,driving,8.025,4.81,165.9,0,12,68,7.469,5.081,-8.0,0.618,3.846,0.3,0.0,0.6,3.43
1788455508.561,driving,8.027,4.808,165.2,0,12,68,7.469,5.081,-7.5,0.621,3.849,0.3,0.0,0.6,3.43
1788455508.614,driving,8.025,4.807,165.1,0,12,68,7.469,5.081,-7.7,0.62,3.849,0.3,0.0,0.6,3.43
1788455508.673,driving,8.021,4.808,165.1,0,12,68,7.469,5.081,-7.9,0.616,3.845,0.3,0.0,0.6,3.43
1788455508.728,driving,8.016,4.81,165.1,0,12,68,7.469,5.081,-8.1,0.611,3.841,0.3,0.0,0.6,3.42
1788455508.786,driving,8.0,4.814,165.1,0,12,68,7.469,5.081,-8.4,0.594,3.827,0.3,0.0,0.6,3.42
1788455508.846,driving,7.989,4.815,165.2,0,12,68,7.469,5.081,-8.7,0.585,3.82,0.3,0.0,0.6,3.4
1788455508.91,driving,7.967,4.813,165.6,0,12,68,7.469,5.081,-9.4,0.566,3.807,0.3,0.0,0.6,3.4
1788455508.978,driving,7.956,4.814,165.7,1,13,68,7.434,5.116,-9.8,0.604,3.8,0.3,0.0,0.6,3.37
1788455509.042,driving,7.937,4.819,165.7,0,29,68,6.957,5.962,-10.4,1.505,3.784,0.3,0.0,1.5,3.37
1788455509.101,driving,7.927,4.821,165.7,0,29,68,6.957,5.962,-11.0,1.497,3.775,0.3,0.0,1.5,3.34
1788455509.159,driving,7.907,4.827,165.7,0,29,68,6.957,5.962,-11.7,1.48,3.759,0.3,0.0,1.5,3.34
1788455509.216,driving,7.897,4.829,165.7,0,29,68,6.957,5.962,-12.3,1.472,3.751,0.3,0.0,1.5,3.31
1788455509.272,driving,7.877,4.834,165.7,1,30,68,6.925,6.025,-12.9,1.525,3.735,0.3,0.0,1.5,3.31
1788455509.331,driving,7.867,4.837,165.7,1,30,68,6.925,6.025,-13.5,1.517,3.727,0.3,0.0,1.5,3.28
1788455509.389,driving,7.848,4.842,165.7,1,30,68,6.925,6.025,-14.1,1.5,3.711,0.3,0.0,1.5,3.28
1788455509.445,driving,7.838,4.844,165.7,1,30,68,6.925,6.025,-14.7,1.492,3.703,0.3,0.0,1.5,3.25
1788455509.502,driving,7.818,4.849,165.7,2,31,68,6.875,6.075,-15.2,1.546,3.687,0.3,0.0,1.5,3.25
1788455509.563,driving,7.808,4.852,165.7,2,31,68,6.875,6.075,-15.8,1.538,3.679,0.3,0.0,1.5,3.22
1788455509.626,turning,7.788,4.857,165.7,2,31,68,6.875,6.075,-16.4,1.523,3.663,0.0,-2.4,1.5,3.22
1788455509.697,turning,7.788,4.858,165.7,2,31,68,6.875,6.075,-17.0,1.521,3.661,0.0,-2.4,1.5,3.19
1788455509.761,turning,7.796,4.857,165.1,2,31,68,6.875,6.075,-16.9,1.527,3.667,0.0,-2.4,1.5,3.19
1788455509.82,turning,7.805,4.856,163.5,2,31,68,6.875,6.075,-15.8,1.533,3.674,0.0,-2.4,1.5,3.17
1788455509.876,turning,7.805,4.856,162.6,2,31,68,6.875,6.075,-15.4,1.533,3.674,0.0,-2.4,1.5,3.17
1788455509.932,turning,7.805,4.856,160.9,2,31,68,6.875,6.075,-14.2,1.533,3.674,0.0,-2.4,1.5,3.17
1788455509.99,turning,7.805,4.856,160.0,2,31,68,6.875,6.075,-13.8,1.533,3.674,0.0,-2.4,1.5,3.17
1788455510.044,turning,7.805,4.856,158.3,0,28,65,6.875,6.025,-12.5,1.494,3.674,0.0,-2.4,1.5,3.17
1788455510.102,turning,7.805,4.856,157.4,0,28,65,6.875,6.025,-12.1,1.494,3.674,0.0,-2.4,1.5,3.17
1788455510.159,turning,7.803,4.854,155.9,0,28,65,6.875,6.025,-10.9,1.494,3.674,0.0,-2.4,1.5,3.17
1788455510.214,turning,7.801,4.852,155.1,0,28,65,6.875,6.025,-10.6,1.494,3.674,0.0,-2.4,1.5,3.17
1788455510.27,driving,7.799,4.851,153.5,0,28,65,6.875,6.025,-9.4,1.494,3.674,0.3,0.0,1.5,3.17
1788455510.326,driving,7.799,4.851,152.7,0,28,65,6.875,6.025,-8.9,1.494,3.674,0.3,0.0,1.5,3.17
1788455510.388,driving,7.796,4.852,152.5,0,28,65,6.875,6.025,-9.2,1.492,3.671,0.3,0.0,1.5,3.17
1788455510.449,driving,7.793,4.854,152.5,0,28,65,6.875,6.025,-9.6,1.488,3.668,0.3,0.0,1.5,3.17
1788455510.514,driving,7.784,4.857,152.5,1,29,65,6.825,6.075,-9.9,1.55,3.66,0.3,0.0,1.5,3.16
1788455510.577,driving,7.778,4.859,152.4,1,29,65,6.825,6.075,-10.2,1.545,3.655,0.3,0.0,1.5,3.16
1788455510.637,driving,7.762,4.867,152.4,1,29,65,6.825,6.075,-10.5,1.529,3.639,0.3,0.0,1.5,3.14
1788455510.693,driving,7.753,4.871,152.4,1,29,65,6.825,6.075,-10.9,1.519,3.629,0.3,0.0,1.5,3.14
1788455510.751,driving,7.743,4.876,152.4,1,29,65,6.825,6.075,-11.2,1.51,3.62,0.3,0.0,1.5,3.11
1788455510.803,driving,7.725,4.886,152.4,2,30,65,6.797,6.117,-11.5,1.542,3.602,0.3,0.0,1.5,3.11
1788455510.86,driving,7.717,4.889,152.5,2,30,65,6.797,6.117,-12.0,1.534,3.594,0.3,0.0,1.5,3.08
1788455510.916,driving,7.701,4.892,153.1,2,30,65,6.797,6.117,-12.9,1.522,3.582,0.3,0.0,1.5,3.08
1788455510.972,driving,7.693,4.895,153.2,2,30,65,6.797,6.117,-13.4,1.515,3.575,0.3,0.0,1.5,3.06
1788455511.026,driving,7.675,4.904,153.2,3,31,65,6.77,6.158,-13.7,1.546,3.556,0.3,0.0,1.5,3.06
1788455511.082,driving,7.666,4.909,153.2,0,27,62,6.847,6.167,-14.1,1.5,3.547,0.3,0.0,1.5,3.03
1788455511.138,driving,7.647,4.918,153.2,0,27,62,6.847,6.167,-14.6,1.483,3.529,0.3,0.0,1.5,3.03
1788455511.202,driving,7.638,4.923,153.2,0,27,62,6.847,6.167,-15.0,1.474,3.52,0.3,0.0,1.5,3.0
1788455511.263,driving,7.62,4.932,153.2,1,28,62,6.82,6.208,-15.4,1.506,3.502,0.3,0.0,1.5,3.0
1788455511.328,driving,7.611,4.937,153.2,1,28,62,6.82,6.208,-15.7,1.498,3.493,0.3,0.0,1.5,2.97
1788455511.39,turning,7.593,4.946,153.2,1,28,62,6.82,6.208,-16.1,1.48,3.475,0.0,-2.4,1.5,2.97
1788455511.446,turning,7.586,4.951,153.2,2,29,62,6.775,6.275,-16.5,1.553,3.467,0.0,-2.4,1.5,2.95
1788455511.503,turning,7.59,4.953,151.8,2,29,62,6.775,6.275,-15.5,1.553,3.468,0.0,-2.4,1.5,2.95
1788455511.558,turning,7.591,4.953,151.0,2,29,62,6.775,6.275,-15.0,1.554,3.468,0.0,-2.4,1.5,2.93
1788455511.612,turning,7.591,4.953,149.2,2,29,62,6.775,6.275,-13.6,1.554,3.468,0.0,-2.4,1.5,2.93
1788455511.667,turning,7.591,4.953,148.4,2,29,62,6.775,6.275,-13.1,1.554,3.468,0.0,-2.4,1.5,2.93
1788455511.721,turning,7.591,4.953,147.5,2,29,62,6.775,6.275,-12.6,1.554,3.468,0.0,-2.4,1.5,2.93
1788455511.777,turning,7.591,4.953,145.8,2,29,62,6.775,6.275,-11.2,1.554,3.468,0.0,-2.4,1.5,2.93
1788455511.834,turning,7.591,4.953,144.9,2,29,62,6.775,6.275,-10.7,1.554,3.468,0.0,-2.4,1.5,2.93
1788455511.892,turning,7.584,4.949,143.4,2,29,62,6.775,6.275,-9.5,1.553,3.467,0.0,-2.4,1.5,2.93
1788455511.952,turning,7.577,4.946,142.8,2,29,62,6.775,6.275,-9.1,1.552,3.465,0.0,-2.4,1.5,2.93
1788455512.011,driving,7.571,4.944,141.2,2,29,62,6.775,6.275,-7.9,1.551,3.464,0.3,0.0,1.5,2.93
1788455512.078,driving,7.571,4.944,140.4,2,29,62,6.775,6.275,-7.3,1.551,3.464,0.3,0.0,1.5,2.93
1788455512.141,driving,7.569,4.946,140.3,0,25,60,6.73,6.164,-7.5,1.479,3.461,0.3,0.0,1.5,2.93
1788455512.2,driving,7.566,4.948,140.3,0,25,60,6.73,6.164,-7.7,1.475,3.457,0.3,0.0,1.5,2.93
1788455512.256,driving,7.554,4.956,140.4,1,26,60,6.708,6.209,-8.0,1.512,3.444,0.3,0.0,1.5,2.92
1788455512.308,driving,7.546,4.962,140.6,1,26,60,6.708,6.209,-8.4,1.503,3.435,0.3,0.0,1.5,2.92
1788455512.362,driving,7.529,4.974,140.6,1,26,60,6.708,6.209,-8.7,1.483,3.415,0.3,0.0,1.5,2.9
1788455512.417,driving,7.521,4.981,140.6,2,27,60,6.686,6.254,-8.9,1.523,3.405,0.3,0.0,1.5,2.9
1788455512.472,driving,7.505,4.994,140.6,2,27,60,6.686,6.254,-9.1,1.503,3.386,0.3,0.0,1.5,2.87
1788455512.525,driving,7.497,5.0,140.6,2,27,60,6.686,6.254,-9.3,1.494,3.376,0.3,0.0,1.5,2.87
1788455512.581,driving,7.475,5.013,140.5,2,27,60,6.686,6.254,-9.4,1.471,3.353,0.3,0.0,1.5,3.59
1788455512.636,driving,7.463,5.019,140.5,3,29,60,6.641,6.343,-9.6,1.558,3.34,0.3,0.0,1.5,3.59
1788455512.694,driving,7.452,5.026,140.4,3,29,60,6.641,6.343,-9.8,1.547,3.329,0.3,0.0,1.5,3.56
1788455512.758,driving,7.437,5.039,140.4,3,29,60,6.641,6.343,-10.0,1.528,3.31,0.3,0.0,1.5,3.56
1788455512.819,driving,7.429,5.045,140.4,3,29,60,6.641,6.343,-10.2,1.519,3.3,0.3,0.0,1.5,3.53
1788455512.886,driving,7.413,5.058,140.4,3,29,60,6.641,6.343,-10.5,1.499,3.28,0.3,0.0,1.5,3.53
1788455512.948,driving,7.405,5.065,140.4,4,30,60,6.618,6.388,-10.7,1.54,3.27,0.3,0.0,1.5,3.5
1788455513.006,driving,7.39,5.078,140.4,4,30,60,6.618,6.388,-10.9,1.52,3.251,0.3,0.0,1.5,3.5
1788455513.059,driving,7.382,5.084,140.4,4,30,60,6.618,6.388,-11.1,1.511,3.241,0.3,0.0,1.5,3.47
1788455513.116,driving,7.366,5.097,140.4,0,26,58,6.52,6.308,-11.3,1.477,3.221,0.3,0.0,1.5,3.47
1788455513.173,driving,7.358,5.104,140.4,1,27,58,6.492,6.35,-11.4,1.518,3.212,0.3,0.0,1.5,3.44
1788455513.223,driving,7.342,5.117,140.4,1,27,58,6.492,6.35,-11.5,1.498,3.192,0.3,0.0,1.5,3.44
1788455513.28,driving,7.333,5.122,140.5,1,27,58,6.492,6.35,-11.7,1.488,3.182,0.3,0.0,1.5,3.42
1788455513.333,driving,7.314,5.133,140.8,2,28,58,6.464,6.391,-12.0,1.518,3.163,0.3,0.0,1.5,3.42
1788455513.39,driving,7.305,5.14,140.8,2,28,58,6.464,6.391,-12.2,1.508,3.153,0.3,0.0,1.5,3.38
1788455513.443,driving,7.29,5.152,140.8,2,28,58,6.464,6.391,-12.3,1.489,3.133,0.3,0.0,1.5,3.38
1788455513.501,driving,7.282,5.159,140.8,2,28,58,6.464,6.391,-12.4,1.479,3.124,0.3,0.0,1.5,3.35
1788455513.562,driving,7.266,5.172,140.8,3,30,58,6.409,6.475,-12.5,1.56,3.104,0.3,0.0,1.5,3.35
1788455513.626,driving,7.258,5.178,140.8,3,30,58,6.409,6.475,-12.7,1.55,3.094,0.3,0.0,1.5,3.32
1788455513.689,driving,7.25,5.185,140.8,3,30,58,6.409,6.475,-12.8,1.54,3.085,0.3,0.0,1.5,3.32
1788455513.752,driving,7.234,5.198,140.8,3,30,58,6.409,6.475,-12.9,1.521,3.065,0.3,0.0,1.5,3.3
1788455513.808,driving,7.226,5.204,140.8,3,30,58,6.409,6.475,-13.0,1.511,3.056,0.3,0.0,1.5,3.3
1788455513.863,driving,7.221,5.214,140.6,3,30,58,6.409,6.475,-12.9,1.5,3.045,0.3,0.0,1.5,3.27
1788455513.918,driving,7.223,5.217,140.4,3,30,58,6.409,6.475,-12.9,1.498,3.043,0.3,0.0,1.5,3.27
1788455513.974,driving,7.215,5.227,140.2,4,31,58,6.375,6.525,-12.8,1.546,3.03,0.3,0.0,1.5,3.24
1788455514.027,driving,7.207,5.233,140.2,4,31,58,6.375,6.525,-12.9,1.537,3.021,0.3,0.0,1.5,3.24
1788455514.08,driving,7.192,5.246,140.2,4,31,58,6.375,6.525,-13.0,1.517,3.001,0.3,0.0,1.5,3.21
1788455514.133,driving,7.184,5.253,140.2,0,30,56,6.445,6.625,-13.2,1.558,2.991,0.3,0.0,1.5,3.21
1788455514.19,driving,7.168,5.266,140.2,0,30,56,6.445,6.625,-13.5,1.54,2.972,0.3,0.0,1.5,3.18
1788455514.241,driving,7.16,5.273,140.2,0,30,56,6.445,6.625,-13.7,1.53,2.962,0.3,0.0,1.5,3.18
1788455514.302,driving,7.145,5.286,140.2,1,31,56,6.419,6.668,-13.9,1.561,2.943,0.3,0.0,1.5,3.15
1788455514.366,driving,7.137,5.292,140.2,1,31,56,6.419,6.668,-14.1,1.552,2.933,0.3,0.0,1.5,3.15
1788455514.429,driving,7.123,5.302,140.1,1,31,56,6.419,6.668,-14.3,1.537,2.918,0.3,0.0,1.5,3.12
1788455514.49,driving,7.117,5.306,140.1,1,31,56,6.419,6.668,-14.5,1.53,2.911,0.3,0.0,1.5,3.12
1788455514.547,driving,7.102,5.318,140.1,2,32,56,6.393,6.711,-14.7,1.563,2.893,0.3,0.0,1.5,3.09
1788455514.598,driving,7.094,5.324,140.1,2,32,56,6.393,6.711,-14.9,1.554,2.883,0.3,0.0,1.5,3.09
1788455514.653,driving,7.086,5.331,140.1,2,32,56,6.393,6.711,-15.1,1.544,2.874,0.3,0.0,1.5,3.06
1788455514.708,driving,7.071,5.344,140.1,2,32,56,6.393,6.711,-15.3,1.525,2.854,0.3,0.0,1.5,3.06
1788455514.764,driving,7.063,5.351,140.1,2,32,56,6.393,6.711,-15.5,1.516,2.845,0.3,0.0,1.5,3.03
1788455514.818,driving,7.047,5.364,140.1,3,33,56,6.368,6.754,-15.8,1.547,2.825,0.3,0.0,1.5,3.03
1788455514.877,driving,7.04,5.37,140.1,3,33,56,6.368,6.754,-16.0,1.538,2.816,0.3,0.0,1.5,3.0
1788455514.932,turning,7.024,5.383,140.1,3,33,56,6.368,6.754,-16.2,1.519,2.796,0.0,-2.4,1.5,3.0
1788455514.984,turning,7.02,5.391,139.8,3,33,56,6.368,6.754,-16.0,1.51,2.787,0.0,-2.4,1.5,2.97
1788455515.039,turning,7.027,5.396,137.1,3,33,56,6.368,6.754,-13.6,1.509,2.787,0.0,-2.4,1.5,2.97
1788455515.098,turning,7.028,5.396,136.1,3,33,56,6.368,6.754,-12.7,1.51,2.787,0.0,-2.4,1.5,2.96
1788455515.16,turning,7.028,5.396,134.4,0,27,50,6.275,6.675,-11.1,1.484,2.787,0.0,-2.4,1.5,2.96
1788455515.224,turning,7.028,5.396,133.5,0,27,50,6.275,6.675,-10.3,1.484,2.787,0.0,-2.4,1.5,2.96
1788455515.29,turning,7.028,5.396,131.8,0,27,50,6.275,6.675,-8.6,1.484,2.787,0.0,-2.4,1.5,2.96
1788455515.351,turning,7.028,5.396,130.9,0,27,50,6.275,6.675,-7.8,1.484,2.787,0.0,-2.4,1.5,2.95
1788455515.405,driving,7.028,5.396,129.2,0,27,50,6.275,6.675,-6.2,1.484,2.787,0.3,0.0,1.5,2.95
1788455515.462,driving,7.028,5.396,128.4,0,27,50,6.275,6.675,-5.4,1.484,2.787,0.3,0.0,1.5,2.95
1788455515.516,driving,7.027,5.399,128.2,0,27,50,6.275,6.675,-5.3,1.481,2.785,0.3,0.0,1.5,2.95
1788455515.573,driving,7.024,5.402,128.2,0,27,50,6.275,6.675,-5.3,1.477,2.781,0.3,0.0,1.5,2.95
1788455515.63,driving,7.021,5.406,128.2,1,28,50,6.253,6.72,-5.4,1.522,2.775,0.3,0.0,1.5,2.95
1788455515.686,driving,7.01,5.419,128.2,1,28,50,6.253,6.72,-5.4,1.505,2.759,0.3,0.0,1.5,2.93
1788455515.742,driving,7.004,5.427,128.2,1,28,50,6.253,6.72,-5.5,1.495,2.749,0.3,0.0,1.5,2.93
1788455515.798,driving,6.992,5.439,128.5,1,28,50,6.253,6.72,-5.9,1.479,2.732,0.3,0.0,1.5,2.9
1788455515.852,driving,6.985,5.443,128.9,2,29,50,6.23,6.764,-6.4,1.522,2.725,0.3,0.0,1.5,2.9
1788455515.91,driving,6.972,5.455,129.2,2,29,50,6.23,6.764,-6.7,1.505,2.708,0.3,0.0,1.5,2.87
1788455515.969,driving,6.965,5.463,129.2,2,29,50,6.23,6.764,-6.8,1.495,2.698,0.3,0.0,1.5,2.87
1788455516.031,driving,6.952,5.478,129.2,2,29,50,6.23,6.764,-6.9,1.475,2.678,0.3,0.0,1.5,2.84
1788455516.093,driving,6.946,5.486,129.2,3,30,50,6.208,6.809,-7.0,1.515,2.668,0.3,0.0,1.5,2.84
1788455516.152,driving,6.933,5.502,129.2,3,30,50,6.208,6.809,-7.1,1.495,2.648,0.3,0.0,1.5,2.81
1788455516.208,driving,6.927,5.51,129.2,0,29,50,6.141,6.843,-7.1,1.548,2.638,0.3,0.0,1.5,2.81
1788455516.263,driving,6.914,5.526,129.2,0,29,50,6.141,6.843,-7.1,1.527,2.617,0.3,0.0,1.5,2.78
1788455516.316,driving,6.907,5.534,129.2,0,29,50,6.141,6.843,-7.2,1.517,2.607,0.3,0.0,1.5,2.78
1788455516.371,driving,6.894,5.55,129.2,1,30,50,6.118,6.888,-7.2,1.547,2.587,0.3,0.0,1.5,2.75
1788455516.427,driving,6.888,5.557,129.2,1,30,50,6.118,6.888,-7.3,1.537,2.577,0.3,0.0,1.5,2.75
1788455516.484,driving,6.875,5.573,129.2,1,30,50,6.118,6.888,-7.3,1.517,2.557,0.3,0.0,1.5,2.72
1788455516.536,driving,6.869,5.581,129.2,2,31,50,6.096,6.933,-7.4,1.557,2.547,0.3,0.0,1.5,2.72
1788455516.591,driving,6.863,5.588,129.2,2,31,50,6.096,6.933,-7.4,1.548,2.538,0.3,0.0,1.5,2.69
1788455516.647,driving,6.853,5.601,129.3,2,31,50,6.096,6.933,-7.6,1.532,2.522,0.3,0.0,1.5,2.69
1788455516.707,driving,6.847,5.608,129.3,2,31,50,6.096,6.933,-7.6,1.523,2.513,0.3,0.0,1.5,2.66
1788455516.771,driving,6.834,5.623,129.3,3,32,50,6.074,6.977,-7.7,1.553,2.493,0.3,0.0,1.5,2.66
1788455516.838,driving,6.828,5.631,129.3,3,32,50,6.074,6.977,-7.7,1.543,2.483,0.3,0.0,1.5,2.63
1788455516.901,driving,6.815,5.647,129.3,3,32,50,6.074,6.977,-7.8,1.523,2.463,0.3,0.0,1.5,2.63
1788455516.963,driving,6.809,5.655,129.3,3,32,50,6.074,6.977,-7.9,1.513,2.453,0.3,0.0,1.5,2.6
1788455517.016,driving,6.796,5.671,129.3,4,33,50,6.051,7.022,-7.9,1.543,2.433,0.3,0.0,1.5,2.6
1788455517.072,driving,6.789,5.679,129.3,4,33,50,6.051,7.022,-8.0,1.533,2.423,0.3,0.0,1.5,2.57
1788455517.123,driving,6.776,5.694,129.3,4,33,50,6.051,7.022,-8.1,1.513,2.402,0.3,0.0,1.5,2.57
1788455517.176,driving,6.768,5.705,129.1,5,34,50,6.025,7.075,-8.0,1.558,2.389,0.3,0.0,1.5,2.54
1788455517.231,driving,6.748,5.729,128.8,0,30,45,6.059,7.075,-7.7,1.512,2.359,0.3,0.0,1.5,2.54
1788455517.284,driving,6.741,5.737,128.8,1,31,45,6.025,7.125,-7.8,1.562,2.348,0.3,0.0,1.5,2.51
1788455517.34,driving,6.729,5.753,128.8,1,31,45,6.025,7.125,-7.9,1.542,2.328,0.3,0.0,1.5,2.51
1788455517.395,driving,6.722,5.761,128.8,1,31,45,6.025,7.125,-8.0,1.532,2.318,0.3,0.0,1.5,2.48
1788455517.452,driving,6.71,5.777,128.8,2,32,45,5.997,7.167,-8.1,1.561,2.297,0.3,0.0,1.5,2.48
1788455517.514,driving,6.703,5.785,128.8,2,32,45,5.997,7.167,-8.2,1.551,2.287,0.3,0.0,1.5,2.45
1788455517.576,driving,6.697,5.793,128.8,2,32,45,5.997,7.167,-8.3,1.541,2.277,0.3,0.0,1.5,2.45
1788455517.636,driving,6.684,5.809,128.8,2,32,45,5.997,7.167,-8.3,1.521,2.257,0.3,0.0,1.5,2.42
1788455517.7,driving,6.678,5.817,128.8,3,33,45,5.97,7.208,-8.4,1.561,2.247,0.3,0.0,1.5,2.42
1788455517.756,driving,6.664,5.833,129.0,3,33,45,5.97,7.208,-8.8,1.541,2.227,0.3,0.0,1.5,2.39
1788455517.809,driving,6.657,5.841,129.2,3,33,45,5.97,7.208,-9.1,1.531,2.216,0.3,0.0,1.5,2.39
1788455517.866,driving,6.644,5.857,129.4,4,34,45,5.925,7.275,-9.4,1.59,2.196,0.3,0.0,1.5,2.36
1788455517.92,driving,6.637,5.864,129.4,4,34,45,5.925,7.275,-9.4,1.58,2.186,0.3,0.0,1.5,2.36
1788455517.977,driving,6.624,5.88,129.4,4,34,45,5.925,7.275,-9.5,1.56,2.166,0.3,0.0,1.5,2.33
1788455518.027,driving,6.618,5.888,129.4,4,34,45,5.925,7.275,-9.6,1.55,2.156,0.3,0.0,1.5,2.33
1788455518.083,driving,6.605,5.904,129.4,5,34,45,5.925,7.275,-9.7,1.53,2.136,0.3,0.0,1.5,2.3
1788455518.137,driving,6.598,5.912,129.4,5,34,45,5.925,7.275,-9.8,1.52,2.126,0.3,0.0,1.5,2.3
1788455518.193,driving,6.585,5.928,129.4,5,34,45,5.925,7.275,-9.9,1.501,2.106,0.3,0.0,1.5,2.27
1788455518.254,driving,6.579,5.935,129.4,6,35,45,5.875,7.325,-9.9,1.558,2.096,0.3,0.0,1.5,2.27
1788455518.319,driving,6.564,5.947,130.1,6,35,45,5.875,7.325,-10.7,1.541,2.078,0.3,0.0,1.5,2.24
1788455518.384,driving,6.555,5.951,130.6,6,35,45,5.875,7.325,-11.2,1.533,2.071,0.3,0.0,1.5,2.24
1788455518.442,driving,6.54,5.964,130.9,6,35,45,5.875,7.325,-11.6,1.515,2.052,0.3,0.0,1.5,2.22
1788455518.5,driving,6.533,5.971,130.9,7,36,45,5.847,7.367,-11.7,1.555,2.042,0.3,0.0,1.5,2.22
1788455518.554,driving,6.527,5.979,130.9,7,36,45,5.847,7.367,-11.8,1.545,2.032,0.3,0.0,1.5,2.19
1788455518.608,driving,6.513,5.995,130.9,7,36,45,5.847,7.367,-11.8,1.525,2.012,0.3,0.0,1.5,2.19
1788455518.667,driving,6.507,6.002,130.9,7,36,45,5.847,7.367,-11.9,1.515,2.003,0.3,0.0,1.5,2.16
1788455518.721,driving,6.493,6.018,130.9,8,37,45,5.82,7.408,-12.0,1.545,1.983,0.3,0.0,1.5,2.16
1788455518.776,driving,6.486,6.025,130.9,8,37,45,5.82,7.408,-12.1,1.535,1.973,0.3,0.0,1.5,2.13
1788455518.832,driving,6.473,6.041,130.9,8,37,45,5.82,7.408,-12.2,1.516,1.953,0.3,0.0,1.5,2.13
1788455518.885,driving,6.467,6.047,131.0,9,38,45,5.775,7.475,-12.3,1.587,1.945,0.3,0.0,1.5,2.1
1788455518.94,driving,6.454,6.057,131.3,9,38,45,5.775,7.475,-12.7,1.573,1.93,0.3,0.0,1.5,2.1
1788455519.001,driving,6.447,6.063,131.3,9,38,45,5.775,7.475,-12.8,1.564,1.921,0.3,0.0,1.5,2.07
1788455519.063,driving,6.434,6.079,131.3,9,38,45,5.775,7.475,-12.9,1.544,1.901,0.3,0.0,1.5,2.07
1788455519.125,driving,6.427,6.086,131.3,10,38,45,5.775,7.475,-13.0,1.534,1.891,0.3,0.0,1.5,2.04
1788455519.185,driving,6.414,6.102,131.3,10,38,45,5.775,7.475,-13.1,1.515,1.872,0.3,0.0,1.5,2.04
1788455519.243,driving,6.407,6.109,131.3,10,38,45,5.775,7.475,-13.2,1.505,1.862,0.3,0.0,1.5,2.01
1788455519.299,driving,6.393,6.125,131.3,11,39,45,5.747,7.517,-13.2,1.535,1.842,0.3,0.0,1.5,2.01
1788455519.354,driving,6.387,6.132,131.3,11,39,45,5.747,7.517,-13.3,1.525,1.832,0.3,0.0,1.5,1.98
1788455519.41,driving,6.373,6.148,131.3,11,39,45,5.747,7.517,-13.4,1.505,1.813,0.3,0.0,1.5,1.98
1788455519.411,driving,6.373,6.148,131.3,11,39,45,5.747,7.517,-13.5,1.505,1.813,0.3,0.0,1.5,1.98
1788455519.519,driving,6.356,6.169,131.0,12,40,45,5.72,7.558,-13.2,1.529,1.786,0.3,0.0,1.5,1.95
1788455519.575,driving,6.341,6.187,130.9,12,40,45,5.72,7.558,-13.2,1.506,1.763,0.3,0.0,1.5,1.92
1788455519.628,driving,6.334,6.194,130.9,12,40,45,5.72,7.558,-13.3,1.496,1.753,0.3,0.0,1.5,1.92
1788455519.684,driving,6.321,6.21,130.9,13,41,45,5.675,7.625,-13.3,1.555,1.734,0.3,0.0,1.5,1.89
1788455519.737,driving,6.314,6.218,130.9,13,41,45,5.675,7.625,-13.4,1.546,1.724,0.3,0.0,1.5,1.89
1788455519.797,driving,6.301,6.233,130.9,13,41,45,5.675,7.625,-13.5,1.526,1.704,0.3,0.0,1.5,1.86
1788455519.861,driving,6.294,6.241,130.9,13,41,45,5.675,7.625,-13.6,1.516,1.694,0.3,0.0,1.5,1.86
1788455519.927,driving,6.281,6.256,130.9,14,42,45,5.653,7.67,-13.6,1.547,1.675,0.3,0.0,1.5,1.83
1788455519.991,driving,6.274,6.264,130.9,14,42,45,5.653,7.67,-13.7,1.537,1.665,0.3,0.0,1.5,1.83
1788455520.05,driving,6.252,6.286,131.2,14,42,45,5.653,7.67,-14.2,1.508,1.636,0.3,0.0,1.5,1.8
1788455520.107,driving,6.238,6.298,131.6,15,43,45,5.625,7.725,-14.6,1.553,1.619,0.3,0.0,1.5,1.8
1788455520.164,driving,6.219,6.316,131.8,15,43,45,5.625,7.725,-15.0,1.529,1.594,0.3,0.0,1.5,1.77
1788455520.216,driving,6.212,6.324,131.8,15,43,45,5.625,7.725,-15.1,1.519,1.585,0.3,0.0,1.5,1.77
1788455520.269,driving,6.199,6.339,131.8,16,44,45,5.575,7.775,-15.1,1.565,1.565,0.3,0.0,1.5,1.74
1788455520.321,driving,6.192,6.347,131.8,16,44,45,5.575,7.775,-15.2,1.556,1.556,0.3,0.0,1.5,1.74
1788455520.378,driving,6.178,6.362,131.8,16,44,45,5.575,7.775,-15.3,1.536,1.536,0.3,0.0,1.5,1.71
1788455520.431,driving,6.172,6.37,131.8,17,44,45,5.575,7.775,-15.4,1.527,1.527,0.3,0.0,1.5,1.71
1788455520.485,driving,6.165,6.377,131.8,17,44,45,5.575,7.775,-15.5,1.517,1.517,0.3,0.0,1.5,1.68
1788455520.535,driving,6.151,6.393,131.8,17,44,45,5.575,7.775,-15.6,1.498,1.498,0.3,0.0,1.5,1.68
1788455520.596,driving,6.147,6.4,131.7,17,44,45,5.575,7.775,-15.6,1.489,1.489,0.3,0.0,1.5,1.65
1788455520.657,driving,6.145,6.416,131.5,18,44,45,5.575,7.775,-15.4,1.474,1.474,0.3,0.0,1.5,1.65
1788455520.724,driving,6.14,6.423,131.4,18,44,45,5.575,7.775,-15.5,1.465,1.465,0.3,0.0,1.5,1.62
1788455520.788,driving,6.127,6.438,131.4,18,44,45,5.575,7.775,-15.5,1.446,1.446,0.3,0.0,1.5,1.62
1788455520.849,driving,6.12,6.446,131.4,18,44,45,5.575,7.775,-15.6,1.436,1.436,0.3,0.0,1.5,1.59
1788455520.909,driving,6.107,6.461,131.4,19,44,45,5.575,7.775,-15.7,1.417,1.417,0.3,0.0,1.5,1.59
1788455520.966,driving,6.1,6.469,131.4,19,44,45,5.575,7.775,-15.8,1.407,1.407,0.3,0.0,1.5,1.56
1788455521.023,driving,6.086,6.484,131.4,19,44,45,5.575,7.775,-15.9,1.388,1.388,0.3,0.0,1.5,1.56
1788455521.081,turning,6.08,6.492,131.4,20,44,45,5.575,7.775,-16.0,1.379,1.379,0.0,-2.4,1.5,1.53
1788455521.136,turning,6.071,6.502,130.8,20,44,45,5.575,7.775,-15.5,1.366,1.366,0.0,-2.4,1.5,1.53
1788455521.192,turning,6.067,6.502,130.3,20,44,45,5.575,7.775,-15.1,1.365,1.365,0.0,-2.4,1.5,1.5
1788455521.246,turning,6.057,6.5,129.5,20,44,45,5.575,7.775,-14.4,1.363,1.363,0.0,-2.4,1.5,1.5
1788455521.301,turning,6.057,6.5,128.7,20,44,45,5.575,7.775,-13.7,1.363,1.363,0.0,-2.4,1.5,1.5
1788455521.357,turning,6.057,6.5,127.0,20,44,45,5.575,7.775,-12.1,1.363,1.363,0.0,-2.4,1.5,1.5
1788455521.417,turning,6.057,6.5,126.1,20,44,45,5.575,7.775,-11.3,1.363,1.363,0.0,-2.4,1.5,1.5
1788455521.476,turning,6.057,6.5,125.2,20,44,45,5.575,7.775,-10.6,1.363,1.363,0.0,-2.4,1.5,1.5
1788455521.536,turning,6.057,6.5,123.5,20,44,45,5.575,7.775,-8.9,1.363,1.363,0.0,-2.4,1.5,1.5
1788455521.597,turning,6.057,6.5,122.7,20,44,45,5.575,7.775,-8.2,1.363,1.363,0.0,-2.4,1.5,1.5
1788455521.655,turning,6.057,6.5,120.9,20,44,45,5.575,7.775,-6.6,1.363,1.363,0.0,-2.4,1.5,1.49
1788455521.709,driving,6.057,6.5,120.1,20,44,45,5.575,7.775,-5.8,1.363,1.363,0.3,0.0,1.5,1.49
1788455521.764,driving,6.056,6.5,119.0,20,44,45,5.575,7.775,-4.8,1.363,1.363,0.3,0.0,1.5,1.49
1788455521.824,driving,6.055,6.502,119.0,20,44,45,5.575,7.775,-4.9,1.361,1.361,0.3,0.0,1.5,1.49
1788455521.885,driving,6.052,6.512,119.0,20,44,45,5.575,7.775,-5.0,1.35,1.35,0.3,0.0,1.5,1.49
1788455521.943,driving,6.049,6.519,119.0,20,44,45,5.575,7.775,-5.1,1.342,1.342,0.3,0.0,1.5,1.49
1788455522.004,driving,6.04,6.537,119.0,21,44,45,5.575,7.775,-5.1,1.322,1.322,0.3,0.0,1.5,1.47
1788455522.07,driving,6.035,6.546,119.0,21,44,45,5.575,7.775,-5.2,1.312,1.312,0.3,0.0,1.5,1.47
1788455522.13,driving,6.025,6.564,119.0,21,44,45,5.575,7.775,-5.3,1.292,1.292,0.3,0.0,1.5,1.44
1788455522.192,driving,6.02,6.573,119.0,22,44,45,5.575,7.775,-5.4,1.282,1.282,0.3,0.0,1.5,1.44
1788455522.257,driving,6.008,6.588,119.2,22,44,45,5.575,7.775,-5.7,1.263,1.263,0.3,0.0,1.5,1.41
1788455522.257,driving,6.008,6.588,119.2,22,44,45,5.575,7.775,-5.8,1.263,1.263,0.3,0.0,1.5,1.41
1788455522.387,driving,5.989,6.612,119.5,22,44,45,5.575,7.775,-6.1,1.234,1.234,0.3,0.0,1.5,1.38
1788455522.448,driving,5.984,6.621,119.5,23,44,45,5.575,7.775,-6.2,1.224,1.224,0.3,0.0,1.5,1.38
1788455522.509,driving,5.979,6.63,119.5,23,44,45,5.575,7.775,-6.3,1.214,1.214,0.3,0.0,1.5,1.35
1788455522.564,driving,5.969,6.648,119.5,23,44,45,5.575,7.775,-6.4,1.194,1.194,0.3,0.0,1.5,1.35
1788455522.619,driving,5.964,6.657,119.5,23,44,45,5.575,7.775,-6.5,1.184,1.184,0.3,0.0,1.5,1.32
1788455522.672,driving,5.954,6.674,119.5,24,44,45,5.575,7.775,-6.6,1.164,1.164,0.3,0.0,1.5,1.32
1788455522.728,driving,5.949,6.683,119.5,25,44,45,5.575,7.775,-6.7,1.154,1.154,0.3,0.0,1.5,1.29
1788455522.784,driving,5.939,6.701,119.5,25,44,45,5.575,7.775,-6.8,1.134,1.134,0.3,0.0,1.5,1.29
1788455522.84,driving,5.933,6.709,119.5,25,44,45,5.575,7.775,-6.9,1.125,1.125,0.3,0.0,1.5,1.26
1788455522.898,driving,5.919,6.722,119.4,26,44,45,5.575,7.775,-7.0,1.108,1.108,0.3,0.0,1.5,1.26
1788455522.957,driving,5.914,6.731,119.4,26,44,45,5.575,7.775,-7.1,1.098,1.098,0.3,0.0,1.5,1.23
1788455523.013,driving,5.904,6.748,119.4,26,44,45,5.575,7.775,-7.2,1.078,1.078,0.3,0.0,1.5,1.23
1788455523.069,driving,5.899,6.757,119.4,26,44,45,5.575,7.775,-7.3,1.068,1.068,0.3,0.0,1.5,1.2
1788455523.135,driving,5.889,6.775,119.4,27,44,45,5.575,7.775,-7.4,1.048,1.048,0.3,0.0,1.5,1.2
1788455523.197,driving,5.884,6.784,119.4,27,44,45,5.575,7.775,-7.5,1.038,1.038,0.297,0.0,1.5,1.17
1788455523.252,driving,5.874,6.802,119.4,28,44,45,5.575,7.775,-7.7,1.018,1.018,0.297,0.0,1.5,1.17
1788455523.307,driving,5.868,6.81,119.3,28,44,45,5.575,7.775,-7.6,1.009,1.009,0.294,0.0,1.5,1.14
1788455523.361,driving,5.856,6.826,118.9,28,44,45,5.575,7.775,-7.4,0.99,0.99,0.294,0.0,1.5,1.14
1788455523.417,driving,5.851,6.834,118.9,28,44,45,5.575,7.775,-7.5,0.98,0.98,0.292,0.0,1.5,1.11
1788455523.475,driving,5.846,6.843,118.9,28,44,45,5.575,7.775,-7.6,0.971,0.971,0.292,0.0,1.5,1.11
1788455523.531,driving,5.837,6.86,118.9,29,44,45,5.575,7.775,-7.8,0.951,0.951,0.289,0.0,1.5,1.08
1788455523.585,driving,5.832,6.869,118.9,29,44,45,5.575,7.775,-7.9,0.942,0.942,0.289,0.0,1.5,1.08
1788455523.638,driving,5.823,6.886,118.9,29,44,45,5.575,7.775,-8.0,0.923,0.923,0.286,0.0,1.5,1.05
1788455523.697,driving,5.818,6.895,118.9,30,44,45,5.575,7.775,-8.2,0.913,0.913,0.286,0.0,1.5,1.05
1788455523.758,driving,5.807,6.91,119.1,30,44,45,5.575,7.775,-8.5,0.896,0.896,0.284,0.0,1.5,1.03
1788455523.829,driving,5.8,6.917,119.2,30,44,45,5.575,7.775,-8.8,0.887,0.887,0.284,0.0,1.5,1.03
1788455523.897,driving,5.789,6.932,119.4,31,44,45,5.575,7.775,-9.1,0.87,0.87,0.281,0.0,1.5,1.0
1788455523.961,driving,5.784,6.94,119.4,31,44,45,5.575,7.775,-9.2,0.861,0.861,0.281,0.0,1.5,1.0
1788455524.022,driving,5.775,6.957,119.4,31,44,45,5.575,7.775,-9.4,0.842,0.842,0.278,0.0,1.5,0.97
1788455524.079,driving,5.77,6.965,119.4,31,44,45,5.575,7.775,-9.5,0.833,0.833,0.278,0.0,1.5,0.97
1788455524.136,driving,5.761,6.982,119.4,32,44,45,5.575,7.775,-9.7,0.815,0.815,0.276,0.0,1.5,0.94
1788455524.188,driving,5.756,6.99,119.4,32,44,45,5.575,7.775,-9.9,0.806,0.806,0.276,0.0,1.5,0.94
1788455524.241,driving,5.745,7.008,119.5,32,44,45,5.575,7.775,-10.2,0.786,0.786,0.273,0.0,1.5,0.91
1788455524.299,driving,5.739,7.017,119.7,32,44,45,5.575,7.775,-10.5,0.775,0.775,0.273,0.0,1.5,0.91
1788455524.355,driving,5.728,7.034,119.8,33,44,45,5.575,7.775,-10.8,0.757,0.757,0.271,0.0,1.5,0.89
1788455524.412,driving,5.724,7.042,119.8,33,44,45,5.575,7.775,-11.0,0.748,0.748,0.271,0.0,1.5,0.89
1788455524.471,driving,5.719,7.05,119.8,33,44,45,5.575,7.775,-11.2,0.739,0.739,0.268,0.0,1.5,0.86
1788455524.527,driving,5.71,7.066,119.8,33,44,45,5.575,7.775,-11.4,0.722,0.722,0.268,0.0,1.5,0.86
1788455524.593,driving,5.706,7.074,119.8,33,44,45,5.575,7.775,-11.6,0.713,0.713,0.266,0.0,1.5,0.83
1788455524.652,driving,5.697,7.09,119.8,34,44,45,5.575,7.775,-11.8,0.696,0.696,0.266,0.0,1.5,0.83
1788455524.717,driving,5.691,7.099,119.7,35,44,45,5.575,7.775,-11.9,0.685,0.685,0.263,0.0,1.5,0.81
1788455524.777,driving,5.679,7.122,119.3,35,44,45,5.575,7.775,-11.8,0.661,0.661,0.263,0.0,1.5,0.81
1788455524.834,driving,5.674,7.131,119.3,35,44,45,5.575,7.775,-11.9,0.651,0.651,0.261,0.0,1.5,0.78
1788455524.889,driving,5.665,7.147,119.3,35,44,45,5.575,7.775,-12.1,0.635,0.635,0.261,0.0,1.5,0.78
1788455524.943,driving,5.661,7.155,119.3,35,44,45,5.575,7.775,-12.4,0.626,0.626,0.258,0.0,1.5,0.76
1788455524.997,driving,5.652,7.17,119.3,35,44,45,5.575,7.775,-12.6,0.61,0.61,0.258,0.0,1.5,0.76
1788455525.052,driving,5.648,7.178,119.3,35,44,45,5.575,7.775,-12.8,0.602,0.602,0.256,0.0,1.5,0.73
1788455525.109,driving,5.639,7.193,119.3,35,44,45,5.575,7.775,-13.1,0.586,0.586,0.256,0.0,1.5,0.73
1788455525.17,driving,5.631,7.196,119.5,36,44,45,5.575,7.775,-13.5,0.581,0.581,0.254,0.0,1.5,0.71
1788455525.226,driving,5.613,7.202,119.9,36,44,45,5.575,7.775,-14.3,0.575,0.575,0.254,0.0,1.5,0.71
1788455525.284,driving,5.608,7.208,119.9,36,44,45,5.575,7.775,-14.6,0.568,0.568,0.251,0.0,1.5,0.68
1788455525.341,driving,5.6,7.223,119.9,36,44,45,5.575,7.775,-14.9,0.552,0.552,0.251,0.0,1.5,0.68
1788455525.403,driving,5.596,7.231,119.9,37,44,45,5.575,7.775,-15.2,0.545,0.545,0.249,0.0,1.5,0.66
1788455525.465,driving,5.591,7.238,119.9,37,44,45,5.575,7.775,-15.5,0.537,0.537,0.249,0.0,1.5,0.66
1788455525.524,driving,5.583,7.253,119.9,37,44,45,5.575,7.775,-15.9,0.522,0.522,0.247,0.0,1.5,0.63
1788455525.583,turning,5.579,7.26,119.9,37,44,45,5.575,7.775,-16.2,0.515,0.515,0.0,-2.4,1.5,0.63
1788455525.639,turning,5.573,7.269,119.3,37,44,45,5.575,7.775,-15.9,0.506,0.506,0.0,-2.4,1.5,0.61
1788455525.639,turning,5.573,7.269,119.3,37,44,45,5.575,7.775,-16.2,0.506,0.506,0.0,-2.4,1.5,0.61
1788455525.751,turning,5.57,7.27,116.7,37,44,45,5.575,7.775,-14.0,0.505,0.505,0.0,-2.4,1.5,0.6
1788455525.809,turning,5.567,7.271,115.9,37,44,45,5.575,7.775,-13.5,0.504,0.504,0.0,-2.4,1.5,0.6
1788455525.867,turning,5.564,7.271,114.1,37,44,45,5.575,7.775,-12.1,0.504,0.504,0.0,-2.4,1.5,0.6
1788455525.923,turning,5.564,7.271,113.3,37,44,45,5.575,7.775,-11.6,0.504,0.504,0.0,-2.4,1.5,0.6
1788455525.983,turning,5.564,7.271,111.6,37,44,45,5.575,7.775,-10.2,0.504,0.504,0.0,-2.4,1.5,0.6
1788455526.041,turning,5.564,7.271,110.7,37,44,45,5.575,7.775,-9.7,0.504,0.504,0.0,-2.4,1.5,0.6
1788455526.104,driving,5.564,7.271,109.0,37,44,45,5.575,7.775,-8.2,0.504,0.504,0.243,0.0,1.5,0.6
1788455526.165,driving,5.564,7.271,108.1,37,44,45,5.575,7.775,-7.7,0.504,0.504,0.243,0.0,1.5,0.6
1788455526.233,driving,5.563,7.274,107.9,37,44,45,5.575,7.775,-7.7,0.501,0.501,0.243,0.0,1.5,0.6
1788455526.3,driving,5.562,7.277,107.9,37,44,45,5.575,7.775,-8.0,0.498,0.498,0.243,0.0,1.5,0.6
1788455526.361,driving,5.558,7.29,107.9,38,44,45,5.575,7.775,-8.3,0.486,0.486,0.242,0.0,1.5,0.59
1788455526.414,driving,5.556,7.298,107.9,38,44,45,5.575,7.775,-8.6,0.478,0.478,0.242,0.0,1.5,0.59
1788455526.472,driving,5.554,7.305,107.9,38,44,45,5.575,7.775,-8.9,0.471,0.471,0.241,0.0,1.5,0.57
1788455526.531,driving,5.55,7.316,108.1,38,44,45,5.575,7.775,-9.4,0.459,0.459,0.241,0.0,1.5,0.57
1788455526.59,driving,5.548,7.323,108.2,38,44,45,5.575,7.775,-10.2,0.453,0.453,0.239,0.0,0.6,0.55
1788455526.644,driving,5.543,7.339,108.2,38,44,45,5.575,7.775,-10.9,0.437,0.437,0.239,0.0,0.6,0.55
1788455526.701,driving,5.541,7.346,108.2,38,44,45,5.575,7.775,-11.6,0.43,0.43,0.237,0.0,0.6,0.53
1788455526.756,driving,5.536,7.362,108.2,39,44,45,5.575,7.775,-12.4,0.415,0.415,0.237,0.0,0.6,0.53
1788455526.811,driving,5.533,7.369,108.2,39,44,45,5.575,7.775,-13.1,0.408,0.408,0.235,0.0,0.6,0.51
1788455526.864,driving,5.532,7.372,108.2,39,44,45,5.575,7.775,-13.7,0.406,0.406,0.235,0.0,0.6,0.51
1788455526.923,driving,5.532,7.372,108.2,39,44,45,5.575,7.775,-14.4,0.406,0.406,0.234,0.0,0.6,0.5
1788455526.983,driving,5.532,7.372,108.2,39,44,45,5.575,7.775,-15.0,0.406,0.406,0.234,0.0,0.6,0.5
1788455527.043,driving,5.532,7.372,108.2,39,44,45,5.575,7.775,-15.5,0.406,0.406,0.234,0.0,0.6,0.5
1788455527.102,turning,5.532,7.372,108.2,39,44,45,5.575,7.775,-16.1,0.406,0.406,0.0,-2.4,0.6,0.5
1788455527.159,turning,5.532,7.372,108.2,39,44,45,5.575,7.775,-16.5,0.406,0.406,0.0,-2.4,0.6,0.5
1788455527.215,turning,5.532,7.372,106.5,39,44,45,5.575,7.775,-15.4,0.406,0.406,0.0,-2.4,0.6,0.5
1788455527.271,turning,5.534,7.375,105.6,39,44,45,5.575,7.775,-14.9,0.402,0.402,0.0,-2.4,0.6,0.5
1788455527.323,turning,5.538,7.382,103.8,39,44,45,5.575,7.775,-13.5,0.395,0.395,0.0,-2.4,0.6,0.5
1788455527.379,turning,5.539,7.382,103.0,39,44,45,5.575,7.775,-13.0,0.394,0.394,0.0,-2.4,0.6,0.5
1788455527.433,turning,5.539,7.382,102.1,39,44,45,5.575,7.775,-12.4,0.394,0.394,0.0,-2.4,0.6,0.5
1788455527.49,turning,5.539,7.382,100.4,39,44,45,5.575,7.775,-11.0,0.394,0.394,0.0,-2.4,0.6,0.5
1788455527.547,turning,5.539,7.382,99.5,39,44,45,5.575,7.775,-10.4,0.394,0.394,0.0,-2.4,0.6,0.5
1788455527.611,turning,5.539,7.382,97.8,39,44,45,5.575,7.775,-9.0,0.394,0.394,0.0,-2.4,0.6,0.5
1788455527.674,driving,5.539,7.382,97.0,39,44,45,5.575,7.775,-8.4,0.394,0.394,0.234,0.0,0.6,0.5
1788455527.743,driving,5.538,7.383,96.0,39,44,45,5.575,7.775,-7.6,0.394,0.394,0.234,0.0,0.6,0.5
1788455527.808,driving,5.538,7.385,96.0,39,44,45,5.575,7.775,-7.8,0.392,0.392,0.234,0.0,0.6,0.5
1788455527.87,driving,5.537,7.395,96.0,39,44,45,5.575,7.775,-8.1,0.382,0.382,0.234,0.0,0.6,0.5
1788455527.926,driving,5.536,7.402,96.0,39,44,45,5.575,7.775,-8.3,0.375,0.375,0.234,0.0,0.6,0.5
1788455527.985,driving,5.533,7.419,96.0,40,44,45,5.575,7.775,-8.6,0.359,0.359,0.233,0.0,0.6,0.49
1788455528.038,driving,5.531,7.427,96.0,40,44,45,5.575,7.775,-8.9,0.351,0.351,0.233,0.0,0.6,0.49
1788455528.093,driving,5.528,7.443,96.0,40,44,45,5.575,7.775,-9.2,0.335,0.335,0.232,0.0,0.6,0.48
1788455528.146,driving,5.527,7.451,96.0,40,44,45,5.575,7.775,-9.5,0.327,0.327,0.232,0.0,0.6,0.48
1788455528.201,driving,5.526,7.467,96.0,40,44,45,5.575,7.775,-9.8,0.312,0.312,0.232,0.0,0.6,0.48
1788455528.252,driving,5.525,7.475,96.0,40,44,45,5.575,7.775,-10.2,0.304,0.304,0.228,0.0,0.6,0.48
1788455528.31,driving,5.523,7.491,96.0,41,44,45,5.575,7.775,-10.6,0.289,0.289,0.22,0.0,0.6,0.47
1788455528.366,driving,5.522,7.498,96.0,41,44,45,5.575,7.775,-10.9,0.282,0.282,0.22,0.0,0.6,0.47
1788455528.423,driving,5.521,7.506,96.0,41,44,45,5.575,7.775,-11.3,0.275,0.275,0.22,0.0,0.6,0.47
1788455528.486,driving,5.52,7.521,96.0,41,44,45,5.575,7.775,-11.7,0.26,0.26,0.22,0.0,0.6,0.47
1788455528.548,driving,5.519,7.528,96.0,41,44,45,5.575,7.775,-12.2,0.253,0.253,0.22,0.0,0.6,0.48
1788455528.609,driving,5.518,7.543,96.0,41,44,45,5.575,7.775,-12.6,0.239,0.239,0.22,0.0,0.6,0.48
1788455528.671,driving,5.517,7.55,96.0,41,44,45,5.575,7.775,-13.1,0.232,0.232,0.22,0.0,0.6,0.53
1788455528.728,driving,5.515,7.565,96.0,41,44,45,5.575,7.775,-13.6,0.218,0.218,0.22,0.0,0.6,0.53
1788455528.785,driving,5.514,7.573,96.0,41,44,45,5.575,7.775,-13.9,0.211,0.211,0.22,0.0,1.5,1.44
1788455528.841,driving,5.513,7.588,96.0,42,44,45,5.575,7.775,-14.1,0.197,0.197,0.22,0.0,1.5,1.44
1788455528.925,driving,5.511,7.598,96.2,42,44,45,5.575,7.775,-14.6,0.188,0.188,0.22,0.0,1.5,1.42
1788455528.925,driving,5.511,7.598,96.2,42,44,45,5.575,7.775,-14.9,0.188,0.188,0.22,0.0,1.5,1.42
1788455529.097,driving,5.506,7.631,96.8,0,3,4,5.575,7.775,-15.9,0.159,0.159,0.22,0.0,1.5,1.39
1788455529.171,goal_approach,5.505,7.646,96.8,3,3,4,5.575,7.775,-35.4,0.147,0.147,0.0,-2.4,,1.39
1788455529.232,goal_approach,5.504,7.653,96.8,3,3,4,5.575,7.775,-37.2,0.141,0.141,0.0,-2.4,,1.37
1788455529.293,goal_approach,5.503,7.655,95.2,3,3,4,5.575,7.775,-36.0,0.14,0.14,0.0,-2.4,,1.37
1788455529.361,goal_approach,5.503,7.655,94.4,3,3,4,5.575,7.775,-35.2,0.14,0.14,0.0,-2.4,,1.36
1788455529.421,goal_approach,5.503,7.655,92.7,3,3,4,5.575,7.775,-33.5,0.14,0.14,0.0,-2.4,,1.36
1788455529.491,goal_approach,5.503,7.655,91.8,3,3,4,5.575,7.775,-32.6,0.14,0.14,0.0,-2.4,,1.36
1788455529.554,goal_approach,5.503,7.655,90.9,3,3,4,5.575,7.775,-31.7,0.14,0.14,0.0,-2.4,,1.36
1788455529.612,goal_approach,5.499,7.658,89.5,3,3,4,5.575,7.775,-32.3,0.14,0.14,0.0,-2.4,,1.36
1788455529.669,goal_approach,5.495,7.66,89.0,3,3,4,5.575,7.775,-33.7,0.14,0.14,0.0,-2.4,,1.36
1788455529.731,goal_approach,5.491,7.662,87.5,3,3,4,5.575,7.775,-34.1,0.141,0.141,0.0,-2.4,,1.36
1788455529.79,goal_approach,5.491,7.662,86.7,3,3,4,5.575,7.775,-33.2,0.141,0.141,0.0,-2.4,,1.36
1788455529.848,goal_approach,5.491,7.662,84.9,3,3,4,5.575,7.775,-31.5,0.141,0.141,0.0,-2.4,,1.36
1788455529.905,goal_approach,5.491,7.662,84.1,3,3,4,5.575,7.775,-30.6,0.141,0.141,0.0,-2.4,,1.36
1788455529.961,goal_approach,5.491,7.662,82.4,3,3,4,5.575,7.775,-28.9,0.141,0.141,0.0,-2.4,,1.35
1788455530.018,goal_approach,5.491,7.662,81.5,3,3,4,5.575,7.775,-28.1,0.141,0.141,0.0,-2.4,,1.35
1788455530.083,goal_approach,5.484,7.662,79.6,3,3,4,5.575,7.775,-28.2,0.145,0.145,0.0,-2.4,,1.35
1788455530.147,goal_approach,5.479,7.661,78.5,2,2,3,5.575,7.775,-28.7,0.149,0.149,0.0,-2.4,,1.35
1788455530.216,goal_approach,5.475,7.661,76.7,2,2,3,5.575,7.775,-27.9,0.151,0.151,0.0,-2.4,,1.35
1788455530.28,goal_approach,5.475,7.661,75.8,2,2,3,5.575,7.775,-27.1,0.151,0.151,0.0,-2.4,,1.35
1788455530.336,goal_approach,5.475,7.661,74.1,2,2,3,5.575,7.775,-25.3,0.151,0.151,0.0,-2.4,,1.35
1788455530.388,goal_approach,5.475,7.661,73.3,2,2,3,5.575,7.775,-24.5,0.151,0.151,0.0,-2.4,,1.35
1788455530.444,goal_approach,5.476,7.668,71.7,2,2,3,5.575,7.775,-24.5,0.146,0.146,0.0,-2.4,,1.35
1788455530.502,goal_approach,5.477,7.673,70.9,2,2,3,5.575,7.775,-25.0,0.142,0.142,0.0,-2.4,,1.35
1788455530.559,goal_approach,5.477,7.676,70.1,2,2,3,5.575,7.775,-24.8,0.14,0.14,0.0,-2.4,,1.35
1788455530.617,goal_approach,5.477,7.676,68.4,2,2,3,5.575,7.775,-23.1,0.14,0.14,0.0,-2.4,,1.35
1788455530.674,goal_approach,5.477,7.676,67.5,2,2,3,5.575,7.775,-22.3,0.14,0.14,0.0,-2.4,,1.35
1788455530.727,goal_approach,5.477,7.676,65.8,2,2,3,5.575,7.775,-20.5,0.14,0.14,0.0,-2.4,,1.35
1788455530.781,goal_approach,5.48,7.674,65.0,2,2,3,5.575,7.775,-18.4,0.139,0.139,0.0,-2.4,,1.34
1788455530.839,goal_approach,5.49,7.669,63.6,2,2,3,5.575,7.775,-12.2,0.136,0.136,0.0,-2.4,,1.34
1788455530.904,goal_approach,5.492,7.668,62.8,2,2,3,5.575,7.775,-10.5,0.136,0.136,0.0,-2.4,,1.34
1788455530.965,goal_approach,5.492,7.668,61.1,2,2,3,5.575,7.775,-8.8,0.136,0.136,0.0,-2.4,,1.34
1788455531.026,goal_approach,5.492,7.668,60.2,2,2,3,5.575,7.775,-8.0,0.136,0.136,0.0,-2.4,,1.34
1788455531.086,goal_approach,5.492,7.668,58.5,2,2,3,5.575,7.775,-6.2,0.136,0.136,0.0,-2.4,,1.34
1788455531.147,goal_approach,5.491,7.672,57.5,2,2,3,5.575,7.775,-6.5,0.133,0.133,0.0,-2.4,,1.34
1788455531.207,goal_approach,5.489,7.681,55.3,2,2,3,5.575,7.775,-8.0,0.127,0.127,0.0,-2.4,,1.34
1788455531.265,goal_approach,5.488,7.682,54.4,2,2,3,5.575,7.775,-7.4,0.127,0.127,0.0,-2.4,,1.34
1788455531.323,goal_approach,5.488,7.682,52.7,2,2,3,5.575,7.775,-5.7,0.127,0.127,0.0,-2.4,,1.34
1788455531.379,goal_approach,5.488,7.682,51.8,2,2,3,5.575,7.775,-4.8,0.127,0.127,0.0,-2.4,,1.34
1788455531.437,goal_approach,5.488,7.682,50.1,2,2,3,5.575,7.775,-3.1,0.127,0.127,0.0,-2.4,,1.34
1788455531.492,goal_approach,5.489,7.682,49.2,2,2,3,5.575,7.775,-2.0,0.127,0.127,0.22,0.0,,1.33
1788455531.546,goal_approach,5.489,7.681,48.3,2,2,3,5.575,7.775,-1.0,0.127,0.127,0.22,0.0,,1.33
1788455531.605,goal_approach,5.491,7.683,48.2,2,2,3,5.575,7.775,-0.7,0.125,0.125,0.22,0.0,,1.33
1788455531.669,goal_approach,5.494,7.686,48.2,2,2,3,5.575,7.775,-0.7,0.121,0.121,0.22,0.0,,1.33
1788455531.731,goal_approach,5.502,7.696,48.2,2,2,3,5.575,7.775,-0.8,0.107,0.107,0.22,0.0,,1.33
1788455531.793,goal_approach,5.507,7.702,48.2,2,2,3,5.575,7.775,-0.8,0.1,0.1,0.22,0.0,,1.33
1788455531.853,goal_approach,5.522,7.715,48.2,2,2,3,5.575,7.775,0.3,0.08,0.08,0.22,0.0,,1.31
1788455531.907,goal_approach,5.531,7.723,48.2,2,2,3,5.575,7.775,1.8,0.068,0.068,0.22,0.0,,1.31
1788455531.965,goal_turn,5.545,7.736,48.2,2,2,3,5.575,7.775,129.4,0.0,0.05,0.0,4.5,,1.29
1788455532.032,goal_turn,5.549,7.741,48.2,2,2,3,5.575,7.775,129.4,0.0,0.042,0.0,4.5,,1.29
1788455532.087,goal_turn,5.55,7.742,54.3,2,2,3,5.575,7.775,123.3,0.0,0.041,0.0,4.5,,1.28
1788455532.141,goal_turn,5.55,7.742,57.6,2,2,3,5.575,7.775,120.0,0.0,0.041,0.0,4.5,,1.28
1788455532.198,goal_turn,5.55,7.742,64.1,1,1,2,5.575,7.775,113.5,0.0,0.041,0.0,4.5,,1.28
1788455532.254,goal_turn,5.55,7.742,67.4,1,1,2,5.575,7.775,110.2,0.0,0.041,0.0,4.5,,1.28
1788455532.31,goal_turn,5.55,7.742,73.9,1,1,2,5.575,7.775,103.7,0.0,0.041,0.0,4.5,,1.28
1788455532.366,goal_turn,5.55,7.742,77.2,1,1,2,5.575,7.775,100.4,0.0,0.041,0.0,4.5,,1.28
1788455532.367,goal_turn,5.55,7.742,77.2,1,1,2,5.575,7.775,100.4,0.0,0.041,0.0,4.5,,1.28
1788455532.497,goal_turn,5.55,7.742,87.0,1,1,2,5.575,7.775,90.6,0.0,0.041,0.0,4.5,,1.29
1788455532.565,goal_turn,5.55,7.742,90.3,1,1,2,5.575,7.775,87.3,0.0,0.041,0.0,4.5,,1.29
1788455532.627,goal_turn,5.55,7.742,96.9,1,1,2,5.575,7.775,80.8,0.0,0.041,0.0,4.229,,1.29
1788455532.684,goal_turn,5.553,7.744,100.0,1,1,2,5.575,7.775,77.6,0.0,0.038,0.0,4.062,,1.3
1788455532.738,goal_turn,5.565,7.751,105.6,1,1,2,5.575,7.775,72.0,0.0,0.026,0.0,3.771,,1.3
1788455532.79,goal_turn,5.57,7.755,108.3,1,1,2,5.575,7.775,69.3,0.0,0.02,0.0,3.628,,1.3
1788455532.845,goal_turn,5.58,7.763,113.2,1,1,2,5.575,7.775,64.4,0.0,0.013,0.0,3.373,,1.3
1788455532.9,goal_turn,5.582,7.765,115.3,1,1,2,5.575,7.775,62.3,0.0,0.012,0.0,3.264,,0.48
1788455532.952,goal_turn,5.58,7.767,118.6,1,1,2,5.575,7.775,59.0,0.0,0.009,0.0,3.09,,0.48
1788455533.008,goal_turn,5.58,7.77,120.1,1,1,2,5.575,7.775,57.5,0.0,0.007,0.0,3.009,,0.39
1788455533.06,goal_turn,5.58,7.777,122.8,1,1,2,5.575,7.775,54.8,0.0,0.005,0.0,2.871,,0.39
1788455533.114,goal_turn,5.581,7.773,124.4,1,1,2,5.575,7.775,53.2,0.0,0.007,0.0,2.787,,0.37
1788455533.172,idle,5.585,7.761,127.4,1,1,2,5.575,7.775,53.2,0.0,0.007,0.0,0.0,,0.37
1788455533.236,idle,5.577,7.753,128.6,1,1,2,5.575,7.775,53.2,0.0,0.007,0.0,0.0,,0.36
1788455533.298,idle,5.559,7.737,128.3,1,1,2,5.575,7.775,53.2,0.0,0.007,0.0,0.0,,0.36
1788455533.362,idle,5.558,7.734,128.4,1,1,2,5.575,7.775,53.2,0.0,0.007,0.0,0.0,,0.36
1788455533.416,idle,5.559,7.729,128.7,1,1,2,5.575,7.775,53.2,0.0,0.007,0.0,0.0,,0.36
1788455533.472,idle,5.559,7.732,128.7,1,1,2,5.575,7.775,53.2,0.0,0.007,0.0,0.0,,0.36
1788455533.523,idle,5.56,7.735,128.8,1,1,2,5.575,7.775,53.2,0.0,0.007,0.0,0.0,,0.36
1788455533.577,idle,5.561,7.739,128.9,1,1,2,5.575,7.775,53.2,0.0,0.007,0.0,0.0,,0.36
1788455533.629,idle,5.561,7.739,128.9,1,1,2,5.575,7.775,53.2,0.0,0.007,0.0,0.0,,0.36
1788455533.69,idle,5.558,7.739,128.6,1,1,2,5.575,7.775,53.2,0.0,0.007,0.0,0.0,,0.36
1788455533.747,idle,5.556,7.738,128.3,1,1,2,5.575,7.775,53.2,0.0,0.007,0.0,0.0,,0.36
1788455533.747,idle,5.556,7.738,128.3,1,1,2,5.575,7.775,53.2,0.0,0.007,0.0,0.0,,0.36
1788455533.872,idle,5.554,7.738,128.0,1,1,2,5.575,7.775,53.2,0.0,0.007,0.0,0.0,,0.36
1788455533.94,idle,5.554,7.738,128.0,1,1,2,5.575,7.775,53.2,0.0,0.007,0.0,0.0,,0.36
1788455534.005,idle,5.554,7.738,128.0,1,1,2,5.575,7.775,53.2,0.0,0.007,0.0,0.0,,0.36
1788455534.069,idle,5.554,7.738,128.0,1,1,2,5.575,7.775,53.2,0.0,0.007,0.0,0.0,,0.36
1788455534.135,idle,5.554,7.738,128.0,1,1,2,5.575,7.775,53.2,0.0,0.007,0.0,0.0,,0.36
1788455534.195,goal_turn,5.554,7.738,128.0,1,1,2,5.575,7.775,49.6,0.0,0.043,0.0,2.598,,0.36
1788455534.252,goal_turn,5.554,7.738,128.0,1,1,2,5.575,7.775,49.6,0.0,0.043,0.0,2.598,,0.36
1788455534.316,goal_turn,5.554,7.738,129.8,1,1,2,5.575,7.775,47.8,0.0,0.043,0.0,2.503,,0.36
1788455534.371,goal_turn,5.554,7.738,130.9,1,1,2,5.575,7.775,46.7,0.0,0.043,0.0,2.448,,0.36
1788455534.431,goal_turn,5.554,7.738,132.7,1,1,2,5.575,7.775,44.9,0.0,0.043,0.0,2.4,,0.36
1788455534.493,goal_turn,5.554,7.738,133.6,1,1,2,5.575,7.775,44.0,0.0,0.043,0.0,2.4,,0.36
1788455534.553,goal_turn,5.554,7.738,134.4,1,1,2,5.575,7.775,43.2,0.0,0.043,0.0,2.4,,0.36
1788455534.611,goal_turn,5.554,7.738,136.1,1,1,2,5.575,7.775,41.6,0.0,0.043,0.0,2.4,,0.36
1788455534.67,goal_turn,5.554,7.738,136.9,1,1,2,5.575,7.775,40.7,0.0,0.043,0.0,2.4,,0.36
1788455534.725,goal_turn,5.554,7.738,138.5,1,1,2,5.575,7.775,39.1,0.0,0.043,0.0,2.4,,0.36
1788455534.786,goal_turn,5.554,7.738,139.3,1,1,2,5.575,7.775,38.3,0.0,0.043,0.0,2.4,,0.36
1788455534.848,goal_turn,5.554,7.738,141.0,1,1,2,5.575,7.775,36.6,0.0,0.043,0.0,2.4,,0.36
1788455534.916,goal_turn,5.554,7.738,141.8,1,1,2,5.575,7.775,35.8,0.0,0.043,0.0,2.4,,0.36
1788455534.98,goal_turn,5.554,7.738,143.4,1,1,2,5.575,7.775,34.2,0.0,0.043,0.0,2.4,,0.36
1788455535.036,goal_turn,5.552,7.737,144.0,1,1,2,5.575,7.775,33.6,0.0,0.044,0.0,2.4,,0.36
1788455535.094,goal_turn,5.548,7.733,145.1,1,1,2,5.575,7.775,32.5,0.0,0.05,0.0,2.4,,0.36
1788455535.149,goal_turn,5.547,7.733,145.9,1,1,2,5.575,7.775,31.8,0.0,0.05,0.0,2.4,,0.36
1788455535.201,goal_turn,5.547,7.733,147.5,1,1,2,5.575,7.775,30.1,0.0,0.05,0.0,2.4,,0.36
1788455535.26,goal_turn,5.547,7.733,148.3,1,1,2,5.575,7.775,29.3,0.0,0.05,0.0,2.4,,0.37
1788455535.319,goal_turn,5.547,7.733,149.9,1,1,2,5.575,7.775,27.7,0.0,0.05,0.0,2.4,,0.37
1788455535.377,goal_turn,5.55,7.734,150.6,1,1,2,5.575,7.775,27.1,0.0,0.049,0.0,2.4,,0.37
1788455535.431,goal_turn,5.555,7.735,151.7,1,1,2,5.575,7.775,25.9,0.0,0.045,0.0,2.4,,0.37
1788455535.49,goal_turn,5.555,7.735,152.5,1,1,2,5.575,7.775,25.1,0.0,0.045,0.0,2.4,,0.37
1788455535.544,goal_turn,5.555,7.735,153.4,1,1,2,5.575,7.775,24.3,0.0,0.045,0.0,2.4,,0.37
1788455535.607,goal_turn,5.555,7.735,155.0,1,1,2,5.575,7.775,22.6,0.0,0.045,0.0,2.4,,0.37
1788455535.673,goal_turn,5.555,7.735,155.8,1,1,2,5.575,7.775,21.8,0.0,0.045,0.0,2.4,,0.37
1788455535.735,goal_turn,5.554,7.73,157.5,1,1,2,5.575,7.775,20.1,0.0,0.05,0.0,2.4,,0.37
1788455535.792,goal_turn,5.553,7.726,158.4,1,1,2,5.575,7.775,19.2,0.0,0.054,0.0,2.4,,0.37
1788455535.847,goal_turn,5.552,7.722,160.1,1,1,2,5.575,7.775,17.5,0.0,0.058,0.0,2.4,,0.37
1788455537.441,turning,5.567,7.718,166.6,0,11,150,5.613,7.201,108.5,0.519,6.651,0.0,4.5,0.6,0.38
1788455537.496,turning,5.567,7.718,166.6,0,11,150,5.613,7.201,108.5,0.519,6.651,0.0,4.5,0.6,0.38
1788455537.553,turning,5.567,7.718,171.6,0,11,150,5.613,7.201,103.5,0.519,6.651,0.0,4.5,0.6,0.38
1788455537.611,turning,5.567,7.718,174.3,0,11,150,5.613,7.201,100.8,0.519,6.651,0.0,4.5,0.6,0.38
1788455537.669,turning,5.567,7.718,179.7,0,11,150,5.613,7.201,95.4,0.519,6.651,0.0,4.5,0.6,0.38
1788455537.724,turning,5.567,7.718,-177.7,0,11,150,5.613,7.201,92.7,0.519,6.651,0.0,4.5,0.6,0.38
1788455537.781,turning,5.567,7.718,-172.3,0,11,150,5.613,7.201,87.4,0.519,6.651,0.0,4.5,0.6,0.39
1788455537.838,turning,5.567,7.718,-169.6,0,11,150,5.613,7.201,84.7,0.519,6.651,0.0,4.434,0.6,0.39
1788455537.899,turning,5.567,7.718,-164.2,0,11,150,5.613,7.201,79.3,0.519,6.651,0.0,4.152,0.6,0.39
1788455537.968,turning,5.567,7.718,-161.5,0,11,150,5.613,7.201,76.6,0.519,6.651,0.0,4.011,0.6,0.39
1788455538.034,turning,5.567,7.718,-156.2,0,11,150,5.613,7.201,71.2,0.519,6.651,0.0,3.73,0.6,0.39
1788455538.102,turning,5.567,7.718,-153.5,0,11,150,5.613,7.201,68.5,0.519,6.651,0.0,3.589,0.6,0.39
1788455538.163,turning,5.563,7.717,-148.8,0,11,150,5.613,7.201,63.9,0.518,6.647,0.0,3.344,0.6,0.4
1788455538.22,turning,5.559,7.716,-146.6,0,11,150,5.613,7.201,61.7,0.518,6.645,0.0,3.228,0.6,0.4
1788455538.277,turning,5.563,7.717,-143.4,0,11,150,5.613,7.201,58.6,0.518,6.648,0.0,3.061,0.6,0.43
1788455538.331,turning,5.567,7.718,-142.1,0,11,150,5.613,7.201,57.2,0.519,6.651,0.0,2.992,0.6,0.43
1788455538.388,turning,5.58,7.716,-139.1,0,11,150,5.613,7.201,54.2,0.516,6.657,0.0,2.839,0.6,0.5
1788455538.389,turning,5.58,7.716,-139.1,0,11,150,5.613,7.201,54.2,0.516,6.657,0.0,2.839,0.6,0.5
1788455538.5,turning,5.586,7.716,-135.9,0,11,152,5.636,7.233,50.9,0.485,6.661,0.0,2.668,0.6,2.92
1788455538.554,turning,5.566,7.723,-131.6,0,11,152,5.636,7.233,46.8,0.495,6.654,0.0,2.444,0.6,2.92
1788455538.61,turning,5.562,7.723,-130.0,0,11,152,5.636,7.233,45.4,0.496,6.652,0.0,2.4,0.6,2.92
1788455538.61,turning,5.562,7.723,-130.0,0,11,152,5.636,7.233,45.6,0.496,6.652,0.0,2.4,0.6,2.92
1788455538.732,turning,5.569,7.722,-127.1,0,11,152,5.636,7.233,42.8,0.493,6.655,0.0,2.4,0.6,2.93
1788455538.795,turning,5.586,7.722,-125.6,0,11,152,5.636,7.233,41.4,0.492,6.665,0.0,2.4,0.6,2.93
1788455538.865,turning,5.588,7.722,-124.8,0,11,152,5.636,7.233,40.6,0.491,6.667,0.0,2.4,0.6,2.93
1788455538.925,turning,5.588,7.722,-123.2,0,11,152,5.636,7.233,38.9,0.491,6.667,0.0,2.4,0.6,2.93
1788455538.981,turning,5.592,7.721,-122.5,0,11,152,5.636,7.233,38.2,0.49,6.669,0.0,2.4,0.6,2.93
1788455539.039,turning,5.603,7.718,-121.3,1,12,152,5.616,7.187,36.7,0.532,6.673,0.0,2.4,0.6,2.93
1788455539.104,turning,5.604,7.718,-120.5,1,12,152,5.616,7.187,35.7,0.531,6.674,0.0,2.4,0.6,2.93
1788455539.162,turning,5.604,7.718,-118.8,1,12,152,5.616,7.187,33.8,0.531,6.674,0.0,2.4,0.6,2.93
1788455539.226,turning,5.602,7.716,-117.8,1,12,152,5.616,7.187,32.5,0.529,6.67,0.0,2.4,0.6,2.93
1788455539.295,turning,5.594,7.709,-115.5,0,11,152,5.636,7.233,30.3,0.477,6.66,0.0,2.4,0.6,2.93
1788455539.356,turning,5.594,7.708,-114.7,0,11,152,5.636,7.233,29.4,0.477,6.66,0.0,2.4,0.6,2.92
1788455539.357,turning,5.594,7.708,-114.7,0,11,152,5.636,7.233,29.5,0.477,6.66,0.0,2.4,0.6,2.92
1788455539.488,turning,5.594,7.708,-112.2,0,11,153,5.68,7.24,27.3,0.476,6.66,0.0,2.4,0.6,2.92
1788455539.563,turning,5.594,7.708,-111.4,0,11,153,5.68,7.24,26.8,0.476,6.66,0.0,2.4,0.6,2.92
1788455539.634,turning,5.595,7.705,-109.7,0,11,153,5.68,7.24,25.4,0.473,6.658,0.0,2.4,0.6,2.93
1788455539.7,turning,5.596,7.702,-108.8,0,11,153,5.68,7.24,24.8,0.47,6.656,0.0,2.4,0.6,2.93
1788455539.757,turning,5.597,7.699,-107.1,0,11,153,5.68,7.24,23.4,0.467,6.655,0.0,2.4,0.6,2.93
1788455539.813,turning,5.597,7.699,-106.3,0,11,153,5.68,7.24,22.8,0.467,6.655,0.0,2.4,0.6,2.93
1788455539.869,turning,5.597,7.699,-104.7,0,11,153,5.68,7.24,21.4,0.467,6.655,0.0,2.4,0.6,2.94
1788455539.923,turning,5.597,7.699,-103.9,0,11,153,5.68,7.24,20.8,0.467,6.655,0.0,2.4,0.6,2.94
1788455539.983,turning,5.594,7.702,-101.8,0,11,153,5.68,7.24,19.0,0.47,6.655,0.0,2.4,0.6,2.93
1788455540.037,turning,5.592,7.704,-100.7,0,11,153,5.68,7.24,18.1,0.472,6.655,0.0,2.4,0.6,2.93
1788455540.095,turning,5.59,7.705,-98.8,0,11,153,5.68,7.24,16.4,0.473,6.655,0.0,2.4,0.6,2.93
1788455540.148,turning,5.59,7.705,-97.9,0,11,153,5.68,7.24,15.8,0.473,6.655,0.0,2.4,0.6,2.93
1788455540.204,turning,5.59,7.705,-96.3,0,11,153,5.68,7.24,14.3,0.473,6.655,0.0,2.4,0.6,2.93
1788455540.261,turning,5.59,7.705,-95.5,0,11,153,5.68,7.24,13.7,0.473,6.655,0.0,2.4,0.6,2.93
1788455540.32,turning,5.597,7.702,-93.7,0,11,153,5.68,7.24,12.0,0.469,6.657,0.0,2.4,0.6,2.94
1788455540.386,turning,5.601,7.7,-92.7,1,12,153,5.664,7.193,11.0,0.511,6.658,0.0,2.4,0.6,2.94
1788455540.449,turning,5.604,7.698,-91.0,1,12,153,5.664,7.193,9.2,0.509,6.658,0.0,2.4,0.6,2.94
1788455540.514,driving,5.604,7.698,-90.2,0,29,149,5.256,6.269,7.8,1.471,6.658,0.3,0.0,1.5,2.94
1788455540.572,driving,5.604,7.698,-89.4,0,29,149,5.256,6.269,6.5,1.471,6.658,0.3,0.0,1.5,2.94
1788455540.625,driving,5.604,7.695,-89.3,0,29,149,5.256,6.269,5.9,1.468,6.656,0.3,0.0,1.5,2.94
1788455540.682,driving,5.608,7.692,-89.4,0,29,149,5.256,6.269,5.5,1.466,6.655,0.3,0.0,1.5,2.94
1788455540.739,driving,5.621,7.68,-89.8,0,29,149,5.256,6.269,5.4,1.458,6.655,0.3,0.0,1.5,2.94
1788455540.794,driving,5.624,7.671,-89.9,0,29,149,5.256,6.269,5.0,1.45,6.649,0.3,0.0,1.5,2.92
1788455540.851,driving,5.624,7.651,-89.9,0,29,149,5.256,6.269,4.5,1.43,6.633,0.3,0.0,1.5,2.92
1788455540.906,driving,5.624,7.641,-89.9,0,29,149,5.256,6.269,4.0,1.42,6.625,0.3,0.0,1.5,2.89
1788455540.964,driving,5.624,7.62,-89.9,1,30,149,5.225,6.175,3.5,1.499,6.61,0.3,0.0,1.5,2.89
1788455541.023,driving,5.631,7.609,-89.9,1,30,149,5.225,6.175,3.1,1.49,6.605,0.3,0.0,1.5,2.86
1788455541.089,driving,5.65,7.584,-89.9,1,30,149,5.225,6.175,2.6,1.472,6.598,0.3,0.0,1.5,2.86
1788455541.15,driving,5.653,7.573,-89.9,1,30,149,5.225,6.175,2.1,1.462,6.591,0.3,0.0,1.5,2.84
1788455541.212,driving,5.653,7.553,-89.9,2,31,149,5.225,6.125,1.6,1.49,6.575,0.3,0.0,1.5,2.84
1788455541.271,driving,5.653,7.542,-89.9,3,32,149,5.225,6.075,1.2,1.528,6.567,0.3,0.0,1.5,2.81
1788455541.336,driving,5.653,7.522,-89.9,3,32,149,5.225,6.075,0.7,1.509,6.552,0.3,0.0,1.5,2.81
1788455541.394,driving,5.653,7.512,-89.9,3,32,149,5.225,6.075,0.3,1.499,6.544,0.3,0.0,1.5,2.78
1788455541.452,driving,5.653,7.491,-89.9,4,33,149,5.225,6.025,-0.1,1.528,6.528,0.3,0.0,1.5,2.78
1788455541.508,driving,5.653,7.481,-89.9,5,34,149,5.225,5.975,-0.5,1.566,6.52,0.3,0.0,1.5,2.76
1788455541.567,driving,5.653,7.471,-89.9,0,30,146,5.392,5.991,-0.7,1.502,6.513,0.3,0.0,1.5,2.76
1788455541.628,driving,5.654,7.45,-89.8,1,31,146,5.379,5.943,-1.1,1.531,6.497,0.3,0.0,1.5,2.73
1788455541.694,driving,5.655,7.438,-89.6,1,31,146,5.379,5.943,-1.5,1.52,6.489,0.3,0.0,1.5,2.73
1788455541.759,driving,5.656,7.417,-89.4,1,31,146,5.379,5.943,-1.9,1.499,6.473,0.3,0.0,1.5,2.69
1788455541.825,driving,5.656,7.406,-89.4,1,31,146,5.379,5.943,-2.2,1.489,6.465,0.3,0.0,1.5,2.69
1788455541.893,driving,5.656,7.386,-89.4,2,32,146,5.367,5.894,-2.4,1.519,6.45,0.3,0.0,1.5,2.66
1788455541.959,driving,5.656,7.376,-89.4,2,32,146,5.367,5.894,-2.6,1.509,6.442,0.3,0.0,1.5,2.66
1788455542.022,driving,5.657,7.356,-89.4,2,32,146,5.367,5.894,-2.9,1.489,6.427,0.3,0.0,1.5,2.64
1788455542.082,driving,5.657,7.345,-89.4,3,33,146,5.355,5.846,-3.1,1.529,6.419,0.3,0.0,1.5,2.64
1788455542.137,driving,5.655,7.329,-89.6,3,33,146,5.355,5.846,-3.1,1.513,6.405,0.3,0.0,1.5,2.61
1788455542.193,driving,5.653,7.321,-89.7,3,33,146,5.355,5.846,-3.2,1.505,6.399,0.3,0.0,1.5,2.61
1788455542.247,driving,5.652,7.303,-89.8,3,33,146,5.355,5.846,-3.4,1.487,6.384,0.3,0.0,1.5,2.58
1788455542.305,driving,5.652,7.293,-89.8,4,34,146,5.343,5.797,-3.6,1.527,6.376,0.3,0.0,1.5,2.58
1788455542.359,driving,5.652,7.272,-89.8,4,34,146,5.343,5.797,-3.8,1.507,6.361,0.3,0.0,1.5,2.56
1788455542.412,driving,5.652,7.262,-89.8,4,34,146,5.343,5.797,-4.0,1.497,6.353,0.3,0.0,1.5,2.56
1788455542.471,driving,5.652,7.242,-89.8,5,35,146,5.331,5.749,-4.2,1.527,6.338,0.3,0.0,1.5,2.53
1788455542.527,driving,5.652,7.232,-89.8,5,35,146,5.331,5.749,-4.4,1.517,6.33,0.3,0.0,1.5,2.53
1788455542.586,driving,5.656,7.219,-89.6,0,30,140,5.29,5.771,-4.8,1.493,6.323,0.3,0.0,1.5,2.5
1788455542.644,driving,5.671,7.189,-88.9,1,31,140,5.275,5.724,-5.8,1.518,6.311,0.3,0.0,1.5,2.5
1788455542.712,driving,5.675,7.176,-88.7,1,31,140,5.275,5.724,-6.3,1.506,6.304,0.3,0.0,1.5,2.48
1788455542.774,driving,5.676,7.155,-88.7,1,31,140,5.275,5.724,-6.5,1.487,6.289,0.3,0.0,1.5,2.48
1788455542.838,driving,5.676,7.145,-88.7,2,32,140,5.259,5.676,-6.8,1.527,6.282,0.3,0.0,1.5,2.44
1788455542.899,driving,5.676,7.125,-88.7,2,32,140,5.259,5.676,-7.0,1.507,6.267,0.3,0.0,1.5,2.44
1788455542.958,driving,5.676,7.115,-88.7,2,32,140,5.259,5.676,-7.3,1.498,6.259,0.3,0.0,1.5,2.42
1788455543.014,driving,5.677,7.094,-88.7,3,33,140,5.243,5.629,-7.6,1.528,6.244,0.3,0.0,1.5,2.42
1788455543.072,driving,5.683,7.093,-88.2,3,33,140,5.243,5.629,-8.3,1.528,6.247,0.3,0.0,1.5,2.39
1788455543.127,driving,5.698,7.093,-86.7,2,32,140,5.259,5.676,-10.1,1.483,6.258,0.3,0.0,1.5,2.39
1788455543.184,driving,5.7,7.085,-86.5,3,33,140,5.243,5.629,-10.5,1.526,6.253,0.3,0.0,1.5,2.36
1788455543.24,driving,5.701,7.065,-86.5,3,33,140,5.243,5.629,-10.8,1.507,6.239,0.3,0.0,1.5,2.36
1788455543.298,driving,5.702,7.055,-86.5,3,33,140,5.243,5.629,-11.1,1.498,6.232,0.3,0.0,1.5,2.34
1788455543.355,driving,5.703,7.034,-86.5,4,34,140,5.225,5.575,-11.3,1.536,6.218,0.3,0.0,1.5,2.34
1788455543.416,driving,5.704,7.024,-86.5,4,34,140,5.225,5.575,-11.6,1.526,6.211,0.3,0.0,1.5,2.31
1788455543.483,driving,5.705,7.004,-86.5,4,34,140,5.225,5.575,-11.8,1.507,6.197,0.3,0.0,1.5,2.31
1788455543.548,driving,5.703,6.999,-87.1,4,34,140,5.225,5.575,-11.5,1.502,6.192,0.3,0.0,1.5,2.29
1788455543.61,driving,5.7,6.994,-87.8,0,30,135,5.425,5.475,-10.8,1.544,6.187,0.3,0.0,1.5,2.29
1788455543.671,driving,5.696,6.978,-88.5,0,30,135,5.425,5.475,-10.2,1.528,6.172,0.3,0.0,1.5,2.25
1788455543.726,driving,5.697,6.968,-88.5,0,30,135,5.425,5.475,-10.2,1.518,6.165,0.3,0.0,1.5,2.25
1788455543.782,driving,5.697,6.948,-88.5,1,31,135,5.425,5.425,-10.3,1.547,6.151,0.3,0.0,1.5,2.23
1788455543.836,driving,5.697,6.938,-88.5,1,31,135,5.425,5.425,-10.3,1.537,6.144,0.3,0.0,1.5,2.23
1788455543.89,driving,5.698,6.917,-88.5,1,31,135,5.425,5.425,-10.4,1.517,6.129,0.3,0.0,1.5,2.2
1788455543.947,driving,5.698,6.907,-88.5,1,31,135,5.425,5.425,-10.4,1.507,6.122,0.3,0.0,1.5,2.2
1788455544.012,driving,5.691,6.882,-88.9,2,32,135,5.425,5.375,-10.0,1.531,6.099,0.3,0.0,1.5,2.18
1788455544.074,driving,5.684,6.868,-89.3,2,32,135,5.425,5.375,-9.6,1.515,6.084,0.3,0.0,1.5,2.18
1788455544.13,driving,5.679,6.844,-89.6,3,33,135,5.425,5.325,-9.3,1.54,6.063,0.3,0.0,1.5,2.15
1788455544.189,driving,5.679,6.834,-89.6,3,33,135,5.425,5.325,-9.4,1.53,6.056,0.3,0.0,1.5,2.15
1788455544.251,driving,5.679,6.814,-89.6,3,33,135,5.425,5.325,-9.4,1.51,6.041,0.3,0.0,1.5,2.13
1788455544.314,driving,5.679,6.804,-89.6,4,34,135,5.425,5.275,-9.4,1.55,6.034,0.3,0.0,1.5,2.13
1788455544.375,driving,5.679,6.783,-89.6,4,34,135,5.425,5.275,-9.4,1.529,6.02,0.3,0.0,1.5,2.09
1788455544.434,driving,5.679,6.773,-89.6,4,34,135,5.425,5.275,-9.4,1.519,6.012,0.3,0.0,1.5,2.09
1788455544.492,driving,5.676,6.746,-89.7,5,35,135,5.425,5.225,-9.3,1.541,5.99,0.3,0.0,1.5,2.07
1788455544.544,driving,5.673,6.73,-89.8,5,35,135,5.425,5.225,-9.2,1.526,5.977,0.3,0.0,1.5,2.07
1788455544.6,driving,5.671,6.718,-89.8,0,30,130,5.525,5.225,-9.1,1.5,5.967,0.3,0.0,1.5,2.04
1788455544.655,driving,5.671,6.697,-89.8,1,31,130,5.525,5.175,-9.0,1.529,5.953,0.3,0.0,1.5,2.04
1788455544.711,driving,5.671,6.687,-89.8,1,31,130,5.525,5.175,-8.9,1.519,5.946,0.3,0.0,1.5,2.03
1788455544.711,driving,5.671,6.687,-89.8,1,31,130,5.525,5.175,-8.9,1.519,5.946,0.3,0.0,1.5,2.03
1788455544.823,driving,5.672,6.656,-89.8,1,31,130,5.525,5.175,-8.8,1.489,5.924,0.3,0.0,1.5,2.0
1788455544.879,driving,5.672,6.636,-89.8,2,32,130,5.525,5.125,-8.7,1.518,5.91,0.3,0.0,1.5,2.0
1788455544.935,driving,5.668,6.622,-89.9,2,32,130,5.525,5.125,-8.6,1.504,5.897,0.3,0.0,1.5,1.96
1788455544.994,driving,5.658,6.589,-90.0,3,33,130,5.525,5.075,-8.4,1.52,5.867,0.3,0.0,1.5,1.96
1788455545.056,driving,5.657,6.577,-90.0,3,33,130,5.525,5.075,-8.3,1.507,5.857,0.3,0.0,1.5,1.94
1788455545.117,driving,5.656,6.556,-90.0,3,33,130,5.525,5.075,-8.2,1.487,5.843,0.3,0.0,1.5,1.94
1788455545.181,driving,5.656,6.546,-90.0,4,34,130,5.525,5.025,-8.1,1.527,5.836,0.3,0.0,1.5,1.91
1788455545.241,driving,5.656,6.526,-90.0,4,34,130,5.525,5.025,-8.0,1.506,5.822,0.3,0.0,1.5,1.91
1788455545.297,driving,5.656,6.516,-90.0,4,34,130,5.525,5.025,-7.9,1.496,5.815,0.3,0.0,1.5,1.88
1788455545.351,driving,5.656,6.495,-90.0,5,35,130,5.525,4.975,-7.9,1.526,5.801,0.3,0.0,1.5,1.88
1788455545.408,driving,5.65,6.485,-90.1,5,35,130,5.525,4.975,-7.8,1.515,5.789,0.3,0.0,1.5,1.86
1788455545.463,driving,5.636,6.465,-90.1,5,35,130,5.525,4.975,-7.6,1.494,5.765,0.3,0.0,1.5,1.86
1788455545.517,driving,5.636,6.455,-90.1,5,35,130,5.525,4.975,-7.5,1.484,5.757,0.3,0.0,1.5,1.84
1788455545.574,driving,5.636,6.444,-90.1,6,36,130,5.525,4.925,-7.5,1.523,5.75,0.3,0.0,1.5,1.84
1788455545.632,driving,5.636,6.424,-90.1,0,30,127,5.425,4.925,-7.5,1.514,5.736,0.3,0.0,1.5,1.82
1788455545.689,driving,5.636,6.414,-90.1,0,30,127,5.425,4.925,-7.5,1.504,5.729,0.3,0.0,1.5,1.82
1788455545.742,driving,5.636,6.393,-90.1,1,31,127,5.425,4.875,-7.5,1.533,5.715,0.3,0.0,1.5,1.78
1788455545.8,driving,5.636,6.383,-90.1,1,31,127,5.425,4.875,-7.5,1.523,5.708,0.3,0.0,1.5,1.78
1788455545.868,driving,5.634,6.363,-90.2,1,31,127,5.425,4.875,-7.4,1.503,5.694,0.3,0.0,1.5,1.76
1788455545.929,driving,5.633,6.353,-90.2,1,31,127,5.425,4.875,-7.4,1.493,5.686,0.3,0.0,1.5,1.76
1788455546.0,driving,5.632,6.333,-90.3,2,32,127,5.425,4.825,-7.4,1.522,5.672,0.3,0.0,1.5,1.73
1788455546.058,driving,5.632,6.323,-90.3,2,32,127,5.425,4.825,-7.4,1.512,5.665,0.3,0.0,1.5,1.73
1788455546.115,driving,5.632,6.303,-90.3,2,32,127,5.425,4.825,-7.4,1.492,5.651,0.3,0.0,1.5,1.71
1788455546.176,driving,5.632,6.292,-90.3,2,32,127,5.425,4.825,-7.4,1.482,5.644,0.3,0.0,1.5,1.71
1788455546.243,driving,5.632,6.272,-90.3,3,33,127,5.425,4.775,-7.4,1.511,5.63,0.3,0.0,1.5,1.7
1788455546.304,driving,5.632,6.262,-90.3,3,33,127,5.425,4.775,-7.4,1.501,5.623,0.3,0.0,1.5,1.7
1788455546.361,driving,5.625,6.24,-90.5,4,34,127,5.425,4.725,-7.2,1.528,5.604,0.3,0.0,1.5,1.66
1788455546.416,driving,5.621,6.229,-90.7,4,34,127,5.425,4.725,-7.0,1.517,5.593,0.3,0.0,1.5,1.66
1788455546.473,driving,5.617,6.208,-90.8,4,34,127,5.425,4.725,-6.9,1.495,5.576,0.3,0.0,1.5,1.63
1788455546.529,driving,5.617,6.198,-90.8,4,34,127,5.425,4.725,-6.9,1.485,5.569,0.3,0.0,1.5,1.63
1788455546.596,driving,5.617,6.187,-90.8,5,35,127,5.425,4.675,-6.8,1.525,5.562,0.3,0.0,1.5,1.62
1788455546.66,driving,5.617,6.167,-90.8,0,29,121,5.325,4.725,-6.9,1.471,5.549,0.3,0.0,1.5,1.62
1788455546.723,driving,5.617,6.157,-90.8,0,29,121,5.325,4.725,-7.0,1.461,5.542,0.3,0.0,1.5,1.59
1788455546.787,driving,5.616,6.136,-90.8,1,30,121,5.325,4.675,-7.1,1.49,5.528,0.3,0.0,1.5,1.59
1788455546.845,driving,5.619,6.127,-90.7,1,30,121,5.325,4.675,-7.3,1.481,5.524,0.3,0.0,1.5,1.57
1788455546.902,driving,5.63,6.108,-90.5,1,30,121,5.325,4.675,-7.6,1.465,5.519,0.3,0.0,1.5,1.57
1788455546.962,driving,5.632,6.098,-90.5,1,30,121,5.325,4.675,-7.7,1.456,5.514,0.3,0.0,1.5,1.54
1788455547.018,driving,5.632,6.077,-90.5,2,31,121,5.325,4.625,-7.8,1.484,5.5,0.3,0.0,1.5,1.54
1788455547.071,driving,5.631,6.067,-90.5,2,31,121,5.325,4.625,-7.9,1.474,5.494,0.3,0.0,1.5,1.54
1788455547.125,driving,5.631,6.047,-90.5,2,31,121,5.325,4.625,-8.0,1.454,5.48,0.3,0.0,1.5,1.54
1788455547.182,driving,5.631,6.037,-90.5,2,31,121,5.325,4.625,-8.1,1.444,5.474,0.3,0.0,1.5,1.54
1788455547.238,driving,5.631,6.016,-90.5,3,32,121,5.325,4.575,-8.1,1.473,5.46,0.3,0.0,1.5,1.54
1788455547.295,driving,5.631,6.007,-90.7,3,32,121,5.325,4.575,-8.1,1.465,5.454,0.3,0.0,1.5,1.53
1788455547.354,driving,5.629,5.99,-91.0,3,32,121,5.325,4.575,-7.8,1.447,5.442,0.3,0.0,1.5,1.53
1788455547.419,driving,5.629,5.98,-91.0,3,32,121,5.325,4.575,-7.9,1.438,5.435,0.3,0.0,1.5,1.53
1788455547.484,driving,5.629,5.96,-91.0,4,33,121,5.325,4.525,-7.9,1.466,5.422,0.3,0.0,1.5,1.53
1788455547.547,driving,5.629,5.949,-91.0,4,33,121,5.325,4.525,-8.0,1.456,5.415,0.3,0.0,1.5,1.53
1788455547.604,driving,5.629,5.939,-91.0,4,33,121,5.325,4.525,-8.1,1.446,5.409,0.3,0.0,1.5,1.53
1788455547.66,driving,5.628,5.919,-91.0,5,34,121,5.325,4.475,-8.2,1.475,5.395,0.3,0.0,1.5,1.53
1788455547.717,driving,5.628,5.909,-91.0,0,29,115,5.309,4.476,-8.2,1.467,5.389,0.3,0.0,1.5,1.53
1788455547.777,driving,5.629,5.895,-90.9,0,29,115,5.309,4.476,-8.5,1.455,5.381,0.3,0.0,1.5,1.53
1788455547.831,driving,5.631,5.891,-90.7,1,30,115,5.3,4.427,-8.7,1.501,5.38,0.3,0.0,1.5,1.53
1788455547.889,driving,5.632,5.877,-90.6,1,30,115,5.3,4.427,-8.9,1.487,5.371,0.3,0.0,1.5,1.53
1788455547.942,driving,5.632,5.867,-90.6,1,30,115,5.3,4.427,-9.0,1.477,5.365,0.3,0.0,1.5,1.53
1788455548.001,driving,5.631,5.846,-90.6,1,30,115,5.3,4.427,-9.1,1.457,5.352,0.3,0.0,1.5,1.53
1788455548.054,driving,5.631,5.836,-90.6,2,31,115,5.292,4.378,-9.2,1.497,5.345,0.3,0.0,1.5,1.53
1788455548.113,driving,5.631,5.816,-90.6,2,31,115,5.292,4.378,-9.2,1.477,5.332,0.3,0.0,1.5,1.53
1788455548.177,driving,5.631,5.805,-90.6,2,31,115,5.292,4.378,-9.3,1.467,5.326,0.3,0.0,1.5,1.53
1788455548.24,driving,5.626,5.778,-90.5,3,32,115,5.284,4.328,-9.5,1.489,5.305,0.3,0.0,1.5,1.53
1788455548.301,driving,5.622,5.762,-90.4,3,32,115,5.284,4.328,-9.7,1.473,5.292,0.3,0.0,1.5,1.53
1788455548.364,driving,5.62,5.738,-90.3,3,32,115,5.284,4.328,-9.9,1.449,5.275,0.3,0.0,1.5,1.53
1788455548.418,driving,5.619,5.728,-90.3,4,33,115,5.275,4.275,-9.9,1.493,5.268,0.3,0.0,1.5,1.53
1788455548.476,driving,5.619,5.707,-90.3,4,33,115,5.275,4.275,-10.0,1.473,5.256,0.3,0.0,1.5,1.53
1788455548.476,driving,5.619,5.707,-90.3,4,33,115,5.275,4.275,-10.1,1.473,5.256,0.3,0.0,1.5,1.53
1788455548.585,driving,5.619,5.687,-90.3,4,33,115,5.275,4.275,-10.2,1.453,5.243,0.3,0.0,1.5,1.53
1788455548.641,driving,5.619,5.666,-90.3,5,34,115,5.263,4.226,-10.3,1.483,5.231,0.3,0.0,1.5,1.53
1788455548.705,driving,5.619,5.656,-90.4,0,29,110,5.246,4.228,-10.3,1.476,5.224,0.3,0.0,1.5,1.52
1788455548.765,driving,5.618,5.635,-90.5,1,30,110,5.236,4.179,-10.3,1.505,5.21,0.3,0.0,1.5,1.52
1788455548.828,driving,5.618,5.624,-90.6,1,30,110,5.236,4.179,-10.3,1.495,5.204,0.3,0.0,1.5,1.52
1788455548.894,driving,5.617,5.604,-90.6,1,30,110,5.236,4.179,-10.4,1.475,5.191,0.3,0.0,1.5,1.52
1788455548.957,driving,5.617,5.593,-90.6,2,31,110,5.225,4.125,-10.5,1.52,5.185,0.3,0.0,1.5,1.52
1788455549.025,driving,5.617,5.573,-90.6,2,31,110,5.225,4.125,-10.6,1.5,5.173,0.3,0.0,1.5,1.52
1788455549.087,driving,5.617,5.563,-90.6,2,31,110,5.225,4.125,-10.7,1.49,5.166,0.3,0.0,1.5,1.52
1788455549.148,driving,5.617,5.542,-90.6,2,31,110,5.225,4.125,-10.8,1.471,5.154,0.3,0.0,1.5,1.52
1788455549.205,driving,5.624,5.522,-90.2,3,32,110,5.175,4.075,-11.4,1.515,5.147,0.3,0.0,1.5,1.52
1788455549.26,driving,5.641,5.473,-89.1,3,32,110,5.175,4.075,-12.6,1.474,5.132,0.3,0.0,1.5,1.52
1788455549.314,driving,5.642,5.46,-89.0,4,33,110,5.125,4.025,-12.9,1.526,5.126,0.3,0.0,1.5,1.52
1788455549.372,driving,5.643,5.44,-89.0,4,33,110,5.125,4.025,-13.1,1.507,5.115,0.3,0.0,1.5,1.52
1788455549.427,driving,5.643,5.43,-89.0,4,33,110,5.125,4.025,-13.3,1.497,5.109,0.3,0.0,1.5,2.56
1788455549.485,driving,5.643,5.409,-89.0,5,33,110,5.125,4.025,-13.5,1.478,5.098,0.3,0.0,1.5,2.56
1788455549.545,driving,5.643,5.399,-89.0,5,33,110,5.125,4.025,-13.7,1.469,5.092,0.3,0.0,1.5,2.56
1788455549.597,driving,5.644,5.389,-89.0,5,33,110,5.125,4.025,-13.9,1.459,5.086,0.3,0.0,1.5,2.56
1788455549.656,driving,5.644,5.368,-89.3,5,33,110,5.125,4.025,-13.8,1.439,5.074,0.3,0.0,1.5,2.56
1788455549.716,driving,5.643,5.357,-89.5,0,28,104,5.075,3.975,-13.8,1.494,5.067,0.3,0.0,1.5,2.56
1788455549.78,driving,5.643,5.335,-89.8,1,29,104,5.025,3.925,-13.8,1.54,5.055,0.3,0.0,1.5,2.56
1788455549.836,driving,5.643,5.325,-89.8,1,29,104,5.025,3.925,-14.1,1.53,5.049,0.3,0.0,1.5,2.56
1788455549.899,driving,5.643,5.305,-89.8,1,29,104,5.025,3.925,-14.3,1.512,5.038,0.3,0.0,1.5,2.56
1788455549.956,driving,5.643,5.295,-89.8,1,29,104,5.025,3.925,-14.6,1.503,5.032,0.3,0.0,1.5,2.56
1788455550.012,driving,5.643,5.274,-89.8,2,29,104,5.025,3.925,-14.8,1.484,5.021,0.3,0.0,1.5,2.56
1788455550.064,driving,5.643,5.264,-89.8,2,29,104,5.025,3.925,-15.1,1.475,5.015,0.3,0.0,1.5,2.56
1788455550.116,driving,5.643,5.247,-89.9,2,29,104,5.025,3.925,-15.2,1.459,5.005,0.3,0.0,1.5,2.56
1788455550.174,driving,5.642,5.239,-90.1,2,29,104,5.025,3.925,-15.3,1.452,5.001,0.3,0.0,1.5,2.56
1788455550.23,driving,5.642,5.22,-90.1,3,30,104,4.975,3.875,-15.5,1.501,4.99,0.3,0.0,1.5,2.57
1788455550.286,driving,5.642,5.21,-90.1,3,30,104,4.975,3.875,-15.8,1.492,4.984,0.3,0.0,1.5,2.57
1788455550.342,turning,5.642,5.189,-90.1,3,30,104,4.975,3.875,-16.0,1.474,4.973,0.0,-2.4,1.5,2.57
1788455550.394,turning,5.642,5.179,-90.1,3,30,104,4.975,3.875,-16.3,1.465,4.968,0.0,-2.4,1.5,2.57
1788455550.451,turning,5.642,5.176,-91.6,3,30,104,4.975,3.875,-15.2,1.462,4.966,0.0,-2.4,1.5,2.57
1788455550.512,turning,5.642,5.176,-92.4,3,30,104,4.975,3.875,-14.5,1.462,4.966,0.0,-2.4,1.5,2.57
1788455550.58,turning,5.64,5.178,-93.3,3,30,104,4.975,3.875,-13.9,1.463,4.965,0.0,-2.4,1.5,2.68
1788455550.645,turning,5.629,5.19,-95.2,3,30,104,4.975,3.875,-12.2,1.468,4.962,0.0,-2.4,1.5,2.68
1788455550.708,turning,5.627,5.192,-96.1,3,30,104,4.975,3.875,-11.6,1.47,4.962,0.0,-2.4,1.5,2.85
1788455550.765,turning,5.627,5.192,-97.8,0,28,102,5.025,3.775,-10.0,1.54,4.962,0.0,-2.4,1.5,2.85
1788455550.818,turning,5.627,5.192,-98.7,0,28,102,5.025,3.775,-9.2,1.54,4.962,0.0,-2.4,1.5,3.65
1788455550.873,turning,5.627,5.192,-100.4,0,28,102,5.025,3.775,-7.6,1.54,4.962,0.0,-2.4,1.5,3.65
1788455550.927,driving,5.627,5.192,-101.3,0,28,102,5.025,3.775,-6.9,1.54,4.962,0.3,0.0,1.5,1.29
1788455550.983,driving,5.626,5.192,-102.3,0,28,102,5.025,3.775,-6.0,1.539,4.961,0.3,0.0,1.5,1.29
1788455551.035,driving,5.626,5.189,-102.3,0,28,102,5.025,3.775,-6.1,1.537,4.96,0.3,0.0,1.5,1.26
1788455551.091,driving,5.624,5.18,-102.3,0,28,102,5.025,3.775,-6.2,1.527,4.953,0.3,0.0,1.5,1.26
1788455551.144,driving,5.622,5.173,-102.3,0,28,102,5.025,3.775,-6.4,1.52,4.947,0.3,0.0,1.5,1.25
1788455551.198,driving,5.618,5.154,-102.3,0,28,102,5.025,3.775,-6.5,1.501,4.934,0.3,0.0,1.5,1.25
1788455551.258,driving,5.616,5.142,-102.1,1,28,102,5.025,3.775,-6.7,1.489,4.925,0.3,0.0,1.5,1.25
1788455551.325,driving,5.611,5.117,-101.8,1,28,102,5.025,3.775,-7.2,1.464,4.908,0.3,0.0,1.5,1.25
1788455551.391,driving,5.609,5.106,-101.8,1,28,102,5.025,3.775,-7.3,1.454,4.9,0.3,0.0,1.5,1.24
1788455551.457,driving,5.605,5.086,-101.8,2,29,102,4.98,3.753,-7.4,1.473,4.886,0.3,0.0,1.5,1.24
1788455551.516,driving,5.603,5.076,-101.8,2,29,102,4.98,3.753,-7.6,1.463,4.879,0.3,0.0,1.5,3.54
1788455551.572,driving,5.601,5.067,-101.8,2,29,102,4.98,3.753,-7.7,1.453,4.872,0.3,0.0,1.5,3.54
1788455551.627,driving,5.597,5.047,-101.8,3,30,102,4.936,3.73,-7.9,1.473,4.858,0.3,0.0,1.5,3.51
1788455551.683,driving,5.594,5.037,-101.8,3,30,102,4.936,3.73,-8.1,1.463,4.851,0.3,0.0,1.5,3.51
1788455551.735,driving,5.59,5.017,-101.8,3,30,102,4.936,3.73,-8.3,1.443,4.837,0.3,0.0,1.5,3.48
1788455551.792,driving,5.588,5.007,-101.8,0,27,99,4.936,3.73,-8.4,1.433,4.83,0.3,0.0,1.5,3.48
1788455551.849,driving,5.584,4.987,-101.8,1,13,99,5.349,4.383,-8.5,0.647,4.816,0.3,0.0,0.6,3.45
1788455551.906,driving,5.582,4.977,-101.8,1,13,99,5.349,4.383,-8.6,0.637,4.809,0.3,0.0,0.6,3.45
1788455551.962,driving,5.578,4.957,-101.8,1,13,99,5.349,4.383,-8.6,0.617,4.795,0.3,0.0,0.6,3.42
1788455552.017,driving,5.576,4.947,-101.8,1,13,99,5.349,4.383,-8.7,0.607,4.788,0.3,0.0,0.6,3.42
1788455552.09,driving,5.569,4.927,-101.8,2,14,99,5.338,4.335,-8.8,0.636,4.772,0.3,0.0,0.6,3.39
1788455552.194,driving,5.565,4.918,-101.8,2,14,99,5.338,4.335,-8.9,0.626,4.764,0.3,0.0,0.6,3.39
1788455552.293,driving,5.559,4.898,-101.7,2,14,99,5.338,4.335,-8.9,0.605,4.749,0.3,0.0,0.6,3.36
1788455552.361,driving,5.557,4.888,-101.7,3,15,99,5.325,4.275,-8.9,0.655,4.742,0.3,0.0,0.6,3.36
1788455552.43,driving,5.553,4.868,-101.7,3,15,99,5.325,4.275,-9.0,0.635,4.728,0.3,0.0,0.6,3.33
1788455552.491,driving,5.551,4.858,-101.7,3,15,99,5.325,4.275,-9.0,0.625,4.721,0.3,0.0,0.6,3.33
1788455552.547,driving,5.547,4.838,-101.7,4,16,99,5.315,4.226,-9.0,0.654,4.708,0.3,0.0,0.6,3.3
1788455552.603,driving,5.545,4.828,-101.7,4,16,99,5.315,4.226,-9.0,0.644,4.701,0.3,0.0,0.6,3.3
1788455552.657,driving,5.542,4.819,-101.7,4,16,99,5.315,4.226,-9.0,0.635,4.694,0.3,0.0,0.6,3.27
1788455552.714,driving,5.536,4.801,-101.5,4,16,99,5.315,4.226,-9.2,0.616,4.68,0.3,0.0,0.6,3.27
1788455552.77,driving,5.534,4.792,-101.5,5,17,99,5.305,4.177,-9.2,0.656,4.674,0.3,0.0,0.6,3.24
1788455552.825,driving,5.53,4.772,-101.5,0,12,93,5.271,4.202,-9.5,0.626,4.66,0.3,0.0,0.6,3.24
1788455552.888,driving,5.528,4.762,-101.5,0,12,93,5.271,4.202,-9.7,0.616,4.653,0.3,0.0,0.6,3.21
1788455552.949,driving,5.524,4.742,-101.5,1,13,93,5.254,4.155,-9.9,0.646,4.64,0.3,0.0,0.6,3.21
1788455553.01,driving,5.522,4.732,-101.5,1,13,93,5.254,4.155,-10.1,0.636,4.633,0.3,0.0,0.6,3.18
1788455553.072,driving,5.518,4.712,-101.5,1,13,93,5.254,4.155,-10.3,0.616,4.62,0.3,0.0,0.6,3.18
1788455553.13,driving,5.514,4.701,-101.7,1,13,93,5.254,4.155,-10.3,0.604,4.611,0.3,0.0,0.6,3.15
1788455553.187,driving,5.504,4.678,-102.4,2,14,93,5.225,4.075,-9.9,0.664,4.592,0.3,0.0,0.6,3.15
1788455553.244,driving,5.501,4.668,-102.4,2,14,93,5.225,4.075,-10.0,0.654,4.584,0.3,0.0,0.6,3.12
1788455553.305,driving,5.496,4.648,-102.4,2,14,93,5.225,4.075,-10.1,0.634,4.571,0.3,0.0,0.6,3.12
1788455553.369,driving,5.494,4.638,-102.4,2,14,93,5.225,4.075,-10.3,0.624,4.564,0.3,0.0,0.6,3.09
1788455553.423,driving,5.49,4.618,-102.4,3,15,93,5.175,4.025,-10.6,0.671,4.551,0.3,0.0,0.6,3.09
1788455553.478,driving,5.487,4.608,-102.4,3,15,93,5.175,4.025,-10.9,0.661,4.544,0.3,0.0,0.6,3.07
1788455553.533,driving,5.483,4.588,-102.4,3,15,93,5.175,4.025,-11.3,0.642,4.531,0.3,0.0,0.6,3.07
1788455553.591,driving,5.477,4.574,-102.3,4,15,93,5.175,4.025,-11.7,0.627,4.519,0.3,0.0,0.6,3.04
1788455553.648,driving,5.472,4.56,-102.2,4,15,93,5.175,4.025,-12.1,0.612,4.508,0.3,0.0,0.6,3.04
1788455553.715,driving,5.464,4.536,-102.1,4,15,93,5.175,4.025,-12.5,0.587,4.49,0.3,0.0,0.6,3.01
1788455553.78,driving,5.462,4.526,-102.1,5,16,93,5.125,3.975,-12.9,0.645,4.483,0.3,0.0,0.6,3.01
1788455553.844,driving,5.457,4.506,-102.1,1,13,88,5.075,3.925,-13.4,0.695,4.47,0.3,0.0,0.6,2.98
1788455553.902,driving,5.455,4.496,-102.1,1,13,88,5.075,3.925,-13.9,0.686,4.464,0.3,0.0,0.6,2.98
1788455553.961,driving,5.451,4.476,-102.1,1,13,88,5.075,3.925,-14.4,0.667,4.451,0.3,0.0,0.6,2.95
1788455554.015,driving,5.449,4.466,-102.1,1,13,88,5.075,3.925,-14.9,0.658,4.445,0.3,0.0,0.6,2.95
1788455554.074,driving,5.446,4.446,-101.8,2,13,88,5.075,3.925,-15.7,0.639,4.433,0.3,0.0,0.6,2.92
1788455554.126,turning,5.445,4.435,-101.6,2,13,88,5.075,3.925,-16.4,0.63,4.427,0.0,-2.4,0.6,2.92
1788455554.181,turning,5.443,4.424,-102.2,2,13,88,5.075,3.925,-16.3,0.62,4.421,0.0,-2.4,0.6,2.89
1788455554.235,turning,5.443,4.424,-103.1,2,13,88,5.075,3.925,-16.0,0.62,4.421,0.0,-2.4,0.6,2.89
1788455554.292,turning,5.443,4.424,-104.8,2,13,88,5.075,3.925,-14.7,0.62,4.421,0.0,-2.4,0.6,2.87
1788455554.347,turning,5.443,4.424,-105.6,2,13,88,5.075,3.925,-14.3,0.62,4.421,0.0,-2.4,0.6,2.87
1788455554.403,turning,5.443,4.424,-107.4,2,13,88,5.075,3.925,-12.9,0.62,4.421,0.0,-2.4,0.6,2.87
1788455554.465,turning,5.443,4.424,-108.2,2,13,88,5.075,3.925,-12.4,0.62,4.421,0.0,-2.4,0.6,2.87
1788455554.532,turning,5.448,4.425,-109.7,2,13,88,5.075,3.925,-11.3,0.623,4.425,0.0,-2.4,0.6,2.87
1788455554.589,turning,5.451,4.425,-110.5,2,13,88,5.075,3.925,-10.9,0.626,4.428,0.0,-2.4,0.6,2.87
1788455554.653,turning,5.452,4.426,-111.3,2,13,88,5.075,3.925,-10.5,0.627,4.43,0.0,-2.4,0.6,2.87
1788455554.708,driving,5.452,4.426,-113.0,2,13,88,5.075,3.925,-9.1,0.627,4.43,0.3,0.0,0.6,2.87
1788455554.767,driving,5.452,4.426,-113.8,2,13,88,5.075,3.925,-8.5,0.627,4.43,0.3,0.0,0.6,2.87
1788455554.82,driving,5.451,4.423,-114.1,2,13,88,5.075,3.925,-8.5,0.624,4.428,0.3,0.0,0.6,2.87
1788455554.878,driving,5.45,4.42,-114.1,0,28,88,4.317,3.496,-9.0,1.461,4.425,0.3,0.0,1.5,2.87
1788455554.933,driving,5.444,4.408,-114.1,1,29,88,4.273,3.474,-9.4,1.499,4.415,0.3,0.0,1.5,2.87
1788455554.989,driving,5.441,4.401,-114.2,1,29,88,4.273,3.474,-9.8,1.491,4.409,0.3,0.0,1.5,2.85
1788455555.042,driving,5.433,4.385,-114.6,1,29,88,4.273,3.474,-9.8,1.476,4.395,0.3,0.0,1.5,2.85
1788455555.098,driving,5.429,4.377,-114.7,1,29,88,4.273,3.474,-10.2,1.467,4.387,0.3,0.0,1.5,2.82
1788455555.152,driving,5.42,4.358,-114.7,2,30,88,4.228,3.451,-10.6,1.498,4.372,0.3,0.0,1.5,2.82
1788455555.212,driving,5.416,4.349,-114.7,2,30,88,4.228,3.451,-11.0,1.489,4.364,0.3,0.0,1.5,2.79
1788455555.275,driving,5.407,4.33,-114.7,2,30,88,4.228,3.451,-11.5,1.471,4.348,0.3,0.0,1.5,2.79
1788455555.337,driving,5.402,4.317,-114.8,3,31,88,4.183,3.429,-11.8,1.508,4.337,0.3,0.0,1.5,2.76
1788455555.402,driving,5.39,4.287,-115.0,3,31,88,4.183,3.429,-12.1,1.481,4.314,0.3,0.0,1.5,2.76
1788455555.465,driving,5.385,4.277,-115.0,3,31,88,4.183,3.429,-12.5,1.471,4.306,0.3,0.0,1.5,2.73
1788455555.519,driving,5.377,4.259,-115.0,4,32,88,4.138,3.407,-12.9,1.503,4.29,0.3,0.0,1.5,2.73
1788455555.574,driving,5.372,4.249,-115.0,4,32,88,4.138,3.407,-13.4,1.494,4.282,0.3,0.0,1.5,2.7
1788455555.627,driving,5.368,4.24,-115.0,4,32,88,4.138,3.407,-13.8,1.485,4.274,0.3,0.0,1.5,2.7
1788455555.683,driving,5.359,4.222,-115.0,5,33,88,4.075,3.375,-14.2,1.538,4.259,0.3,0.0,1.5,2.67
1788455555.736,driving,5.355,4.212,-115.0,5,33,88,4.075,3.375,-14.7,1.53,4.251,0.3,0.0,1.5,2.67
1788455555.795,driving,5.346,4.194,-115.0,5,33,88,4.075,3.375,-15.1,1.512,4.236,0.3,0.0,1.5,2.64
1788455555.848,driving,5.342,4.185,-115.0,5,33,88,4.075,3.375,-15.5,1.504,4.228,0.3,0.0,1.5,2.64
1788455555.906,driving,5.326,4.159,-115.4,0,27,81,4.024,3.475,-15.7,1.471,4.203,0.3,0.0,1.5,2.61
1788455555.964,driving,5.316,4.143,-115.8,0,27,81,4.024,3.475,-15.8,1.454,4.187,0.3,0.0,1.5,2.61
1788455556.025,turning,5.301,4.119,-116.1,1,29,81,3.929,3.443,-16.1,1.53,4.164,0.0,-2.4,1.5,2.58
1788455556.091,turning,5.297,4.11,-116.1,1,29,81,3.929,3.443,-16.6,1.522,4.157,0.0,-2.4,1.5,2.58
1788455556.149,turning,5.295,4.107,-117.6,1,29,81,3.929,3.443,-15.7,1.519,4.154,0.0,-2.4,1.5,2.55
1788455556.211,turning,5.295,4.107,-118.4,1,29,81,3.929,3.443,-15.3,1.519,4.154,0.0,-2.4,1.5,2.55
1788455556.271,turning,5.295,4.107,-120.1,1,29,81,3.929,3.443,-14.1,1.519,4.154,0.0,-2.4,1.5,2.55
1788455556.326,turning,5.295,4.107,-121.0,1,29,81,3.929,3.443,-13.7,1.519,4.154,0.0,-2.4,1.5,2.55
1788455556.385,turning,5.302,4.116,-122.4,1,29,81,3.929,3.443,-12.8,1.529,4.164,0.0,-2.4,1.5,2.55
1788455556.441,turning,5.306,4.123,-123.1,1,29,81,3.929,3.443,-12.6,1.536,4.171,0.0,-2.4,1.5,2.55
1788455556.496,turning,5.309,4.127,-124.7,1,29,81,3.929,3.443,-11.4,1.54,4.174,0.0,-2.4,1.5,2.55
1788455556.548,turning,5.309,4.127,-125.6,1,29,81,3.929,3.443,-11.0,1.54,4.174,0.0,-2.4,1.5,2.55
1788455556.601,turning,5.309,4.127,-126.4,1,29,81,3.929,3.443,-10.5,1.54,4.174,0.0,-2.4,1.5,2.54
1788455556.656,driving,5.309,4.127,-128.1,1,29,81,3.929,3.443,-9.2,1.54,4.174,0.3,0.0,1.5,2.54
1788455556.712,driving,5.309,4.127,-129.0,1,29,81,3.929,3.443,-8.8,1.54,4.174,0.3,0.0,1.5,2.54
1788455556.765,driving,5.307,4.125,-129.3,1,29,81,3.929,3.443,-8.9,1.538,4.172,0.3,0.0,1.5,2.54
1788455556.821,driving,5.305,4.122,-129.3,1,29,81,3.929,3.443,-9.3,1.534,4.169,0.3,0.0,1.5,2.54
1788455556.884,driving,5.297,4.112,-129.3,0,27,80,3.982,3.338,-9.6,1.526,4.158,0.3,0.0,1.5,2.54
1788455556.95,driving,5.291,4.104,-129.1,0,27,80,3.982,3.338,-10.0,1.517,4.15,0.3,0.0,1.5,2.52
1788455557.008,driving,5.279,4.087,-128.7,0,27,80,3.982,3.338,-10.6,1.498,4.132,0.3,0.0,1.5,2.52
1788455557.064,driving,5.273,4.079,-128.7,0,27,80,3.982,3.338,-11.0,1.488,4.123,0.3,0.0,1.5,2.49
1788455557.118,driving,5.26,4.063,-128.7,1,28,80,3.936,3.319,-11.2,1.519,4.105,0.3,0.0,1.5,2.49
1788455557.174,driving,5.254,4.055,-128.7,1,28,80,3.936,3.319,-11.5,1.509,4.096,0.3,0.0,1.5,2.47
1788455557.225,driving,5.241,4.039,-128.7,1,28,80,3.936,3.319,-11.8,1.491,4.078,0.3,0.0,1.5,2.47
1788455557.281,driving,5.233,4.031,-128.4,1,28,80,3.936,3.319,-12.3,1.48,4.068,0.3,0.0,1.5,2.44
1788455557.333,driving,5.217,4.015,-127.8,2,30,80,3.825,3.275,-13.2,1.577,4.047,0.3,0.0,1.5,2.44
1788455557.389,driving,5.211,4.007,-127.8,2,30,80,3.825,3.275,-13.5,1.567,4.038,0.3,0.0,1.5,2.41
1788455557.447,driving,5.198,3.991,-127.8,2,30,80,3.825,3.275,-13.8,1.549,4.02,0.3,0.0,1.5,2.41
1788455557.509,driving,5.192,3.983,-127.8,2,30,80,3.825,3.275,-14.0,1.539,4.011,0.3,0.0,1.5,2.38
1788455557.572,driving,5.186,3.975,-127.8,2,30,80,3.825,3.275,-14.3,1.53,4.002,0.3,0.0,1.5,2.38
1788455557.642,driving,5.173,3.958,-127.8,3,31,80,3.778,3.259,-14.6,1.561,3.985,0.3,0.0,1.5,2.35
1788455557.702,driving,5.167,3.95,-127.8,3,31,80,3.778,3.259,-14.9,1.552,3.976,0.3,0.0,1.5,2.35
1788455557.765,driving,5.155,3.934,-127.8,3,31,80,3.778,3.259,-15.1,1.534,3.958,0.3,0.0,1.5,2.33
1788455557.821,driving,5.148,3.926,-127.8,3,31,80,3.778,3.259,-15.4,1.524,3.95,0.3,0.0,1.5,2.33
1788455557.876,driving,5.136,3.91,-127.8,4,32,80,3.73,3.243,-15.7,1.556,3.932,0.3,0.0,1.5,2.3
1788455557.932,turning,5.13,3.902,-127.8,0,28,76,3.746,3.336,-16.0,1.495,3.923,0.0,-2.4,1.5,2.3
1788455557.991,turning,5.121,3.897,-128.6,0,28,76,3.746,3.336,-15.6,1.485,3.913,0.0,-2.4,1.5,2.27
1788455558.041,turning,5.119,3.9,-129.5,0,28,76,3.746,3.336,-15.0,1.485,3.913,0.0,-2.4,1.5,2.27
1788455558.096,turning,5.118,3.903,-131.3,0,28,76,3.746,3.336,-13.5,1.485,3.913,0.0,-2.4,1.5,2.26
1788455558.149,turning,5.118,3.903,-132.1,0,28,76,3.746,3.336,-13.0,1.485,3.913,0.0,-2.4,1.5,2.26
1788455558.201,turning,5.118,3.903,-133.9,0,28,76,3.746,3.336,-11.6,1.485,3.913,0.0,-2.4,1.5,2.26
1788455558.254,turning,5.118,3.903,-134.7,0,28,76,3.746,3.336,-11.0,1.485,3.913,0.0,-2.4,1.5,2.26
1788455558.31,turning,5.118,3.903,-136.4,0,28,76,3.746,3.336,-9.6,1.485,3.913,0.0,-2.4,1.5,2.26
1788455558.368,turning,5.118,3.903,-137.3,0,28,76,3.746,3.336,-9.0,1.485,3.913,0.0,-2.4,1.5,2.26
1788455558.435,driving,5.118,3.903,-139.0,0,28,76,3.746,3.336,-7.6,1.485,3.913,0.3,0.0,1.5,2.26
1788455558.496,driving,5.118,3.903,-139.9,0,28,76,3.746,3.336,-7.0,1.485,3.913,0.3,0.0,1.5,2.26
1788455558.558,driving,5.117,3.903,-140.0,0,28,76,3.746,3.336,-7.2,1.484,3.912,0.3,0.0,1.5,2.26
1788455558.613,driving,5.112,3.898,-140.0,1,29,76,3.701,3.313,-7.4,1.527,3.906,0.3,0.0,1.5,2.26
1788455558.613,driving,5.112,3.898,-140.0,1,29,76,3.701,3.313,-7.7,1.527,3.906,0.3,0.0,1.5,2.26
1788455558.717,driving,5.095,3.883,-140.0,1,29,76,3.701,3.313,-7.9,1.506,3.884,0.3,0.0,1.5,2.25
1788455558.771,driving,5.087,3.88,-140.2,1,29,76,3.701,3.313,-7.9,1.498,3.876,0.3,0.0,1.5,2.23
1788455558.824,driving,5.073,3.879,-141.0,1,29,76,3.701,3.313,-7.4,1.483,3.862,0.3,0.0,1.5,2.23
1788455558.877,driving,5.065,3.875,-141.1,2,30,76,3.657,3.291,-7.5,1.524,3.853,0.3,0.0,1.5,2.2
1788455558.933,driving,5.049,3.862,-141.1,0,29,74,3.648,3.233,-7.7,1.536,3.834,0.3,0.0,1.5,2.2
1788455558.985,driving,5.041,3.855,-141.1,0,29,74,3.648,3.233,-7.8,1.526,3.824,0.3,0.0,1.5,2.18
1788455559.036,driving,5.025,3.843,-141.1,0,29,74,3.648,3.233,-8.0,1.506,3.805,0.3,0.0,1.5,2.18
1788455559.089,driving,5.017,3.836,-141.1,0,29,74,3.648,3.233,-8.2,1.496,3.795,0.3,0.0,1.5,2.16
1788455559.144,driving,5.001,3.823,-141.1,1,30,74,3.601,3.217,-8.4,1.526,3.775,0.3,0.0,1.5,2.16
1788455559.209,driving,4.993,3.817,-141.1,1,30,74,3.601,3.217,-8.5,1.517,3.766,0.3,0.0,1.5,2.13
1788455559.27,driving,4.978,3.804,-141.1,1,30,74,3.601,3.217,-8.7,1.497,3.746,0.3,0.0,1.5,2.13
1788455559.331,driving,4.97,3.798,-141.1,1,30,74,3.601,3.217,-8.9,1.487,3.737,0.3,0.0,1.5,2.11
1788455559.388,driving,4.954,3.785,-141.1,2,31,74,3.553,3.201,-9.1,1.517,3.717,0.3,0.0,1.5,2.11
1788455559.443,driving,4.946,3.778,-141.1,2,31,74,3.553,3.201,-9.3,1.508,3.708,0.3,0.0,1.5,2.08
1788455559.495,driving,4.938,3.772,-141.1,2,31,74,3.553,3.201,-9.4,1.498,3.698,0.3,0.0,1.5,2.08
1788455559.55,driving,4.918,3.76,-141.2,3,32,74,3.506,3.185,-9.5,1.525,3.675,0.3,0.0,1.5,2.06
1788455559.604,driving,4.906,3.755,-141.3,3,32,74,3.506,3.185,-9.6,1.512,3.662,0.3,0.0,1.5,2.06
1788455559.658,driving,4.887,3.743,-141.3,3,32,74,3.506,3.185,-9.7,1.49,3.64,0.3,0.0,1.5,2.03
1788455559.71,driving,4.879,3.737,-141.3,4,33,74,3.458,3.169,-9.9,1.53,3.63,0.3,0.0,1.5,2.03
1788455559.765,driving,4.863,3.724,-141.3,4,33,74,3.458,3.169,-10.1,1.51,3.611,0.3,0.0,1.5,2.01
1788455559.818,driving,4.855,3.718,-141.3,4,33,74,3.458,3.169,-10.3,1.5,3.601,0.3,0.0,1.5,2.01
1788455559.875,driving,4.839,3.705,-141.3,5,34,74,3.411,3.154,-10.5,1.531,3.582,0.3,0.0,1.5,1.99
1788455559.932,driving,4.831,3.698,-141.3,5,34,74,3.411,3.154,-10.6,1.521,3.572,0.3,0.0,1.5,1.99
1788455560.0,driving,4.814,3.69,-141.4,0,30,70,3.401,3.163,-10.8,1.508,3.553,0.3,0.0,1.5,1.96
1788455560.059,driving,4.805,3.687,-141.4,0,30,70,3.401,3.163,-11.0,1.499,3.544,0.3,0.0,1.5,1.96
1788455560.121,driving,4.789,3.677,-141.4,1,31,70,3.357,3.141,-11.1,1.529,3.525,0.3,0.0,1.5,1.94
1788455560.178,driving,4.781,3.671,-141.4,1,31,70,3.357,3.141,-11.3,1.519,3.515,0.3,0.0,1.5,1.94
1788455560.231,driving,4.765,3.658,-141.4,1,31,70,3.357,3.141,-11.5,1.5,3.496,0.3,0.0,1.5,1.92
1788455560.288,driving,4.757,3.652,-141.4,1,31,70,3.357,3.141,-11.6,1.49,3.486,0.3,0.0,1.5,1.92
1788455560.346,driving,4.741,3.639,-141.4,2,32,70,3.312,3.118,-11.8,1.521,3.467,0.3,0.0,1.5,1.9
1788455560.399,driving,4.733,3.633,-141.4,2,32,70,3.312,3.118,-12.0,1.511,3.457,0.3,0.0,1.5,1.9
1788455560.455,driving,4.725,3.628,-141.4,2,32,70,3.312,3.118,-12.1,1.502,3.448,0.3,0.0,1.5,1.89
1788455560.509,driving,4.708,3.623,-141.5,3,33,70,3.267,3.096,-12.2,1.534,3.431,0.3,0.0,1.5,1.89
1788455560.56,driving,4.7,3.619,-141.6,3,33,70,3.267,3.096,-12.3,1.525,3.422,0.3,0.0,1.5,1.87
1788455560.611,driving,4.684,3.606,-141.6,3,33,70,3.267,3.096,-12.4,1.506,3.403,0.3,0.0,1.5,1.87
1788455560.668,driving,4.676,3.6,-141.6,3,33,70,3.267,3.096,-12.6,1.496,3.393,0.3,0.0,1.5,1.86
1788455560.729,driving,4.66,3.587,-141.6,4,34,70,3.223,3.074,-12.7,1.527,3.374,0.3,0.0,1.5,1.86
1788455560.792,driving,4.652,3.581,-141.6,4,34,70,3.223,3.074,-12.9,1.517,3.364,0.3,0.0,1.5,1.86
1788455560.853,driving,4.636,3.568,-141.6,4,34,70,3.223,3.074,-13.1,1.498,3.345,0.3,0.0,1.5,1.86
1788455560.91,driving,4.631,3.56,-141.5,4,34,70,3.223,3.074,-13.3,1.49,3.337,0.3,0.0,1.5,1.86
1788455560.968,driving,4.624,3.541,-141.4,5,35,70,3.178,3.051,-13.5,1.526,3.324,0.3,0.0,1.5,1.86
1788455561.022,driving,4.617,3.534,-141.4,0,30,66,3.188,3.046,-13.7,1.51,3.315,0.3,0.0,1.5,1.88
1788455561.077,driving,4.601,3.521,-141.4,0,30,66,3.188,3.046,-13.9,1.491,3.296,0.3,0.0,1.5,1.88
1788455561.129,driving,4.593,3.515,-141.4,1,31,66,3.14,3.03,-14.0,1.531,3.287,0.3,0.0,1.5,3.45
1788455561.184,driving,4.577,3.502,-141.4,1,31,66,3.14,3.03,-14.2,1.512,3.267,0.3,0.0,1.5,3.45
1788455561.239,driving,4.569,3.496,-141.4,1,31,66,3.14,3.03,-14.3,1.502,3.258,0.3,0.0,1.5,3.43
1788455561.291,driving,4.553,3.483,-141.4,2,32,66,3.093,3.014,-14.5,1.533,3.239,0.3,0.0,1.5,3.43
1788455561.345,driving,4.547,3.475,-141.1,2,32,66,3.093,3.014,-14.9,1.525,3.231,0.3,0.0,1.5,3.41
1788455561.399,driving,4.542,3.466,-140.8,2,32,66,3.093,3.014,-15.4,1.517,3.223,0.3,0.0,1.5,3.41
1788455561.455,driving,4.528,3.451,-140.6,2,32,66,3.093,3.014,-15.8,1.5,3.205,0.3,0.0,1.5,3.39
1788455561.515,driving,4.52,3.444,-140.6,2,32,66,3.093,3.014,-16.0,1.491,3.196,0.3,0.0,1.5,3.39
1788455561.58,turning,4.505,3.431,-140.6,3,33,66,3.046,2.999,-16.2,1.522,3.177,0.0,-2.4,1.5,3.37
1788455561.637,turning,4.497,3.425,-140.6,3,33,66,3.046,2.999,-16.3,1.512,3.167,0.0,-2.4,1.5,3.37
1788455561.696,turning,4.495,3.423,-142.1,3,33,66,3.046,2.999,-15.0,1.51,3.165,0.0,-2.4,1.5,3.35
1788455561.749,turning,4.495,3.423,-142.9,3,33,66,3.046,2.999,-14.3,1.51,3.165,0.0,-2.4,1.5,3.35
1788455561.804,turning,4.488,3.419,-144.5,3,33,66,3.046,2.999,-12.9,1.503,3.158,0.0,-2.4,1.5,3.37
1788455561.856,turning,4.483,3.415,-145.2,3,33,66,3.046,2.999,-12.3,1.496,3.151,0.0,-2.4,1.5,3.37
1788455561.913,turning,4.479,3.412,-146.9,3,33,66,3.046,2.999,-10.8,1.492,3.146,0.0,-2.4,1.5,3.4
1788455561.968,turning,4.479,3.412,-147.7,3,33,66,3.046,2.999,-10.1,1.492,3.146,0.0,-2.4,1.5,3.4
1788455562.019,turning,4.479,3.412,-149.5,0,30,62,3.006,2.935,-8.5,1.548,3.146,0.0,-2.4,1.5,3.44
1788455562.074,turning,4.479,3.412,-150.3,0,30,62,3.006,2.935,-7.7,1.548,3.146,0.0,-2.4,1.5,3.44
1788455562.127,driving,4.479,3.412,-152.0,0,30,62,3.006,2.935,-6.1,1.548,3.146,0.3,0.0,1.5,3.49
1788455562.184,driving,4.479,3.412,-152.9,0,30,62,3.006,2.935,-5.4,1.548,3.146,0.3,0.0,1.5,3.49
1788455562.24,driving,4.476,3.411,-153.1,0,30,62,3.006,2.935,-5.3,1.545,3.144,0.3,0.0,1.5,3.54
1788455562.299,driving,4.473,3.409,-153.1,0,30,62,3.006,2.935,-5.3,1.542,3.14,0.3,0.0,1.5,3.54
1788455562.362,driving,4.468,3.407,-153.1,0,30,62,3.006,2.935,-5.4,1.536,3.134,0.3,0.0,1.5,3.53
1788455562.418,driving,4.453,3.399,-153.1,1,31,62,2.958,2.919,-5.5,1.57,3.118,0.3,0.0,1.5,3.53
1788455562.476,driving,4.444,3.394,-153.0,1,31,62,2.958,2.919,-5.7,1.56,3.108,0.3,0.0,1.5,3.52
1788455562.536,driving,4.427,3.381,-152.7,1,31,62,2.958,2.919,-6.1,1.539,3.088,0.3,0.0,1.5,3.52
1788455562.594,driving,4.418,3.376,-152.6,1,31,62,2.958,2.919,-6.3,1.529,3.078,0.3,0.0,1.5,3.5
1788455562.649,driving,4.4,3.366,-152.6,2,32,62,2.911,2.904,-6.4,1.559,3.058,0.3,0.0,1.5,3.5
1788455562.704,driving,4.391,3.362,-152.6,2,32,62,2.911,2.904,-6.5,1.549,3.048,0.3,0.0,1.5,3.49
1788455562.759,driving,4.373,3.352,-152.6,2,32,62,2.911,2.904,-6.6,1.529,3.028,0.3,0.0,1.5,3.49
1788455562.813,driving,4.364,3.348,-152.6,3,33,62,2.863,2.888,-6.6,1.569,3.018,0.3,0.0,1.5,3.47
1788455562.867,driving,4.346,3.338,-152.6,3,33,62,2.863,2.888,-6.7,1.549,2.998,0.3,0.0,1.5,3.47
1788455562.923,driving,4.337,3.334,-152.6,3,33,62,2.863,2.888,-6.8,1.539,2.988,0.3,0.0,1.5,3.46
1788455562.98,driving,4.318,3.324,-152.6,4,34,62,2.816,2.872,-6.9,1.569,2.967,0.3,0.0,1.5,3.46
1788455563.036,driving,4.309,3.319,-152.6,0,29,58,2.88,2.843,-7.0,1.506,2.957,0.3,0.0,1.5,3.44
1788455563.098,driving,4.291,3.31,-152.6,1,30,58,2.833,2.828,-7.0,1.536,2.937,0.3,0.0,1.5,3.44
1788455563.158,driving,4.282,3.305,-152.6,1,30,58,2.833,2.828,-7.1,1.526,2.927,0.3,0.0,1.5,3.42
1788455563.217,driving,4.264,3.296,-152.6,1,30,58,2.833,2.828,-7.1,1.506,2.907,0.3,0.0,1.5,3.42
1788455563.217,driving,4.264,3.296,-152.6,1,30,58,2.833,2.828,-7.2,1.506,2.907,0.3,0.0,1.5,3.42
1788455563.328,driving,4.242,3.279,-152.1,2,31,58,2.785,2.812,-7.8,1.53,2.881,0.3,0.0,1.5,3.41
1788455563.384,driving,4.222,3.265,-151.8,2,31,58,2.785,2.812,-8.2,1.506,2.858,0.3,0.0,1.5,3.39
1788455563.437,driving,4.213,3.26,-151.8,3,32,58,2.738,2.796,-8.2,1.546,2.848,0.3,0.0,1.5,3.39
1788455563.494,driving,4.195,3.25,-151.8,3,32,58,2.738,2.796,-8.3,1.526,2.828,0.3,0.0,1.5,3.38
1788455563.548,driving,4.186,3.246,-151.8,3,32,58,2.738,2.796,-8.3,1.516,2.818,0.3,0.0,1.5,3.38
1788455563.601,driving,4.168,3.236,-151.8,4,33,58,2.69,2.78,-8.4,1.546,2.798,0.3,0.0,1.5,3.36
1788455563.652,driving,4.159,3.231,-151.8,4,33,58,2.69,2.78,-8.5,1.536,2.788,0.3,0.0,1.5,3.36
1788455563.708,driving,4.139,3.22,-151.8,4,33,58,2.69,2.78,-8.6,1.514,2.766,0.3,0.0,1.5,3.35
1788455563.764,driving,4.129,3.214,-151.8,4,33,58,2.69,2.78,-8.7,1.502,2.755,0.3,0.0,1.5,3.35
1788455563.824,driving,4.11,3.203,-151.7,5,34,58,2.643,2.764,-8.7,1.531,2.734,0.3,0.0,1.5,3.33
1788455563.884,driving,4.101,3.198,-151.7,5,34,58,2.643,2.764,-8.8,1.521,2.724,0.3,0.0,1.5,3.33
1788455563.951,driving,4.083,3.188,-151.7,5,34,58,2.643,2.764,-8.9,1.501,2.704,0.3,0.0,1.5,3.31
1788455564.009,driving,4.074,3.184,-151.7,6,35,58,2.596,2.749,-9.0,1.541,2.694,0.3,0.0,1.5,3.31
1788455564.065,driving,4.056,3.174,-151.7,0,29,53,2.632,2.714,-9.0,1.496,2.674,0.3,0.0,1.5,3.3
1788455564.118,driving,4.047,3.169,-151.7,1,30,53,2.584,2.702,-9.0,1.536,2.664,0.3,0.0,1.5,3.3
1788455564.175,driving,4.031,3.159,-152.0,1,30,53,2.584,2.702,-8.9,1.517,2.646,0.3,0.0,1.5,3.28
1788455564.227,driving,4.023,3.153,-152.1,1,30,53,2.584,2.702,-8.7,1.508,2.637,0.3,0.0,1.5,3.28
1788455564.28,driving,4.015,3.148,-152.2,1,30,53,2.584,2.702,-8.7,1.499,2.627,0.3,0.0,1.5,3.27
1788455564.333,driving,3.997,3.139,-152.2,2,31,53,2.535,2.69,-8.8,1.529,2.608,0.3,0.0,1.5,3.27
1788455564.387,driving,3.988,3.134,-152.2,2,31,53,2.535,2.69,-8.8,1.519,2.598,0.3,0.0,1.5,3.25
1788455564.44,driving,3.97,3.124,-152.2,2,31,53,2.535,2.69,-8.9,1.498,2.578,0.3,0.0,1.5,3.25
1788455564.496,driving,3.961,3.12,-152.2,3,32,53,2.487,2.678,-8.9,1.538,2.568,0.3,0.0,1.5,3.24
1788455564.548,driving,3.943,3.11,-152.2,3,32,53,2.487,2.678,-9.0,1.518,2.548,0.3,0.0,1.5,3.24
1788455564.609,driving,3.935,3.107,-152.3,3,32,53,2.487,2.678,-8.9,1.51,2.54,0.3,0.0,1.5,3.22
1788455564.673,driving,3.922,3.101,-152.7,3,32,53,2.487,2.678,-8.6,1.496,2.526,0.3,0.0,1.5,3.22
1788455564.732,driving,3.914,3.097,-152.8,4,33,53,2.438,2.666,-8.6,1.537,2.517,0.3,0.0,1.5,3.2
1788455564.791,driving,3.896,3.087,-152.8,4,33,53,2.438,2.666,-8.7,1.517,2.497,0.3,0.0,1.5,3.2
1788455564.849,driving,3.887,3.083,-152.8,4,33,53,2.438,2.666,-8.7,1.507,2.487,0.3,0.0,1.5,3.19
1788455564.902,driving,3.869,3.073,-152.8,5,34,53,2.39,2.654,-8.8,1.537,2.467,0.3,0.0,1.5,3.19
1788455564.957,driving,3.86,3.069,-152.8,5,34,53,2.39,2.654,-8.8,1.527,2.457,0.3,0.0,1.5,3.17
1788455565.011,driving,3.841,3.059,-152.8,5,34,53,2.39,2.654,-8.9,1.507,2.438,0.3,0.0,1.5,3.17
1788455565.067,driving,3.833,3.056,-152.6,5,34,53,2.39,2.654,-9.1,1.498,2.429,0.3,0.0,1.5,3.16
1788455565.124,driving,3.817,3.048,-152.4,0,30,48,2.352,2.657,-9.5,1.516,2.411,0.3,0.0,1.5,3.16
1788455565.179,driving,3.808,3.043,-152.4,1,31,48,2.303,2.645,-9.5,1.556,2.401,0.3,0.0,1.5,3.14
1788455565.234,driving,3.799,3.039,-152.4,1,31,48,2.303,2.645,-9.6,1.546,2.391,0.3,0.0,1.5,3.14
1788455565.29,driving,3.781,3.029,-152.4,1,31,48,2.303,2.645,-9.7,1.526,2.371,0.3,0.0,1.5,3.13
1788455565.344,driving,3.772,3.025,-152.4,1,31,48,2.303,2.645,-9.8,1.517,2.361,0.3,0.0,1.5,3.13
1788455565.407,driving,3.753,3.015,-152.4,2,32,48,2.255,2.632,-9.9,1.547,2.342,0.3,0.0,1.5,3.11
1788455565.472,driving,3.744,3.01,-152.4,2,32,48,2.255,2.632,-10.0,1.537,2.332,0.3,0.0,1.5,3.11
1788455565.535,driving,3.733,3.002,-152.2,2,32,48,2.255,2.632,-10.2,1.523,2.319,0.3,0.0,1.5,3.09
1788455565.598,driving,3.729,2.999,-152.1,2,32,48,2.255,2.632,-10.4,1.519,2.315,0.3,0.0,1.5,3.09
1788455565.652,driving,3.716,2.991,-151.9,3,33,48,2.206,2.62,-10.7,1.554,2.3,0.3,0.0,1.5,3.08
1788455565.706,driving,3.707,2.986,-151.9,3,33,48,2.206,2.62,-10.7,1.545,2.29,0.3,0.0,1.5,3.08
1788455565.76,driving,3.689,2.976,-151.9,3,33,48,2.206,2.62,-10.8,1.525,2.27,0.3,0.0,1.5,3.06
1788455565.81,driving,3.68,2.972,-151.9,3,33,48,2.206,2.62,-10.9,1.515,2.26,0.3,0.0,1.5,3.06
1788455565.866,driving,3.662,2.962,-151.9,4,34,48,2.158,2.608,-11.0,1.545,2.241,0.3,0.0,1.5,3.05
1788455565.919,driving,3.653,2.957,-151.9,4,34,48,2.158,2.608,-11.1,1.535,2.231,0.3,0.0,1.5,3.05
1788455565.974,driving,3.631,2.945,-152.0,5,35,48,2.109,2.596,-11.1,1.561,2.206,0.3,0.0,1.5,3.03
1788455566.027,driving,3.619,2.937,-152.1,5,35,48,2.109,2.596,-11.2,1.547,2.193,0.3,0.0,1.5,3.03
1788455566.085,driving,3.599,2.927,-152.1,5,35,48,2.109,2.596,-11.2,1.526,2.171,0.3,0.0,1.5,3.02
1788455566.139,driving,3.59,2.922,-152.1,0,30,43,2.075,2.575,-11.3,1.554,2.161,0.3,0.0,1.5,3.02
1788455566.2,driving,3.581,2.917,-152.1,0,30,43,2.075,2.575,-11.4,1.544,2.151,0.3,0.0,1.5,3.0
1788455566.26,driving,3.563,2.908,-152.1,0,30,43,2.075,2.575,-11.5,1.524,2.132,0.3,0.0,1.5,3.0
1788455566.319,driving,3.554,2.903,-152.1,1,31,43,2.025,2.575,-11.6,1.563,2.122,0.3,0.0,1.5,2.98
1788455566.379,driving,3.535,2.893,-152.1,1,31,43,2.025,2.575,-11.7,1.544,2.103,0.3,0.0,1.5,2.98
1788455566.433,driving,3.524,2.886,-152.0,1,31,43,2.025,2.575,-12.0,1.53,2.089,0.3,0.0,1.5,2.97
1788455566.488,driving,3.495,2.867,-151.5,2,32,43,1.975,2.575,-12.7,1.548,2.058,0.3,0.0,1.5,2.97
1788455566.543,driving,3.485,2.86,-151.4,2,32,43,1.975,2.575,-12.9,1.536,2.046,0.3,0.0,1.5,2.95
1788455566.599,driving,3.467,2.85,-151.4,2,32,43,1.975,2.575,-13.0,1.517,2.027,0.3,0.0,1.5,2.95
1788455566.652,driving,3.458,2.845,-151.4,3,33,43,1.926,2.564,-13.1,1.557,2.017,0.3,0.0,1.5,2.94
1788455566.705,driving,3.44,2.836,-151.4,3,33,43,1.926,2.564,-13.3,1.538,1.998,0.3,0.0,1.5,2.94
1788455566.76,driving,3.431,2.831,-151.4,3,33,43,1.926,2.564,-13.4,1.528,1.988,0.3,0.0,1.5,2.92
1788455566.813,driving,3.413,2.821,-151.4,4,34,43,1.877,2.553,-13.5,1.559,1.969,0.3,0.0,1.5,2.92
1788455566.867,driving,3.402,2.817,-151.3,4,34,43,1.877,2.553,-13.7,1.547,1.957,0.3,0.0,1.5,2.91
1788455566.921,driving,3.379,2.81,-151.1,4,34,43,1.877,2.553,-14.1,1.523,1.933,0.3,0.0,1.5,2.91
1788455566.985,driving,3.37,2.805,-151.1,5,35,43,1.829,2.542,-14.2,1.563,1.923,0.3,0.0,1.5,2.89
1788455567.044,driving,3.352,2.795,-151.1,5,35,43,1.829,2.542,-14.4,1.544,1.904,0.3,0.0,1.5,2.89
1788455567.104,driving,3.343,2.79,-151.1,5,35,43,1.829,2.542,-14.5,1.535,1.894,0.3,0.0,1.5,2.87
1788455567.164,driving,3.334,2.785,-151.1,0,30,38,1.825,2.475,-14.6,1.541,1.885,0.3,0.0,1.5,2.87
1788455567.22,driving,3.316,2.776,-151.1,0,30,38,1.825,2.475,-14.6,1.521,1.866,0.3,0.0,1.5,2.86
1788455567.276,driving,3.307,2.771,-151.1,0,30,38,1.825,2.475,-14.7,1.511,1.856,0.3,0.0,1.5,2.86
1788455567.328,driving,3.287,2.757,-150.8,1,31,38,1.775,2.475,-15.0,1.538,1.833,0.3,0.0,1.5,2.84
1788455567.383,driving,3.275,2.748,-150.6,1,31,38,1.775,2.475,-15.3,1.525,1.821,0.3,0.0,1.5,2.84
1788455567.435,driving,3.255,2.735,-150.5,2,32,38,1.725,2.475,-15.6,1.552,1.799,0.3,0.0,1.5,2.83
1788455567.489,driving,3.246,2.73,-150.5,2,32,38,1.725,2.475,-15.7,1.542,1.789,0.3,0.0,1.5,2.83
1788455567.543,driving,3.228,2.72,-150.5,2,32,38,1.725,2.475,-15.8,1.523,1.77,0.3,0.0,1.5,2.81
1788455567.596,driving,3.219,2.715,-150.5,2,32,38,1.725,2.475,-15.9,1.514,1.761,0.3,0.0,1.5,2.81
1788455567.649,turning,3.202,2.705,-150.5,3,33,38,1.675,2.475,-16.1,1.544,1.742,0.0,-2.4,1.5,2.8
1788455567.703,turning,3.193,2.7,-150.5,3,33,38,1.675,2.475,-16.2,1.534,1.732,0.0,-2.4,1.5,2.8
1788455567.764,turning,3.195,2.699,-152.1,3,33,38,1.675,2.475,-14.7,1.537,1.735,0.0,-2.4,1.5,2.78
1788455567.82,turning,3.198,2.699,-152.9,3,33,38,1.675,2.475,-14.0,1.54,1.738,0.0,-2.4,1.5,2.78
1788455567.882,turning,3.2,2.698,-154.6,3,33,38,1.675,2.475,-12.4,1.542,1.74,0.0,-2.4,1.5,2.82
1788455567.947,turning,3.2,2.698,-155.5,3,33,38,1.675,2.475,-11.6,1.542,1.74,0.0,-2.4,1.5,2.82
1788455568.005,turning,3.2,2.698,-157.2,3,33,38,1.675,2.475,-10.0,1.542,1.74,0.0,-2.4,1.5,2.88
1788455568.058,turning,3.2,2.698,-158.1,3,33,38,1.675,2.475,-9.3,1.542,1.74,0.0,-2.4,1.5,2.88
1788455568.112,turning,3.2,2.698,-158.9,3,33,38,1.675,2.475,-8.5,1.542,1.74,0.0,-2.4,1.5,2.94
1788455568.164,turning,3.2,2.698,-160.6,0,30,36,1.725,2.475,-6.9,1.492,1.74,0.0,-2.4,1.5,2.94
1788455568.218,driving,3.202,2.7,-161.6,0,30,36,1.725,2.475,-6.1,1.494,1.742,0.3,0.0,1.5,3.01
1788455568.273,driving,3.208,2.706,-162.9,0,30,36,1.725,2.475,-4.8,1.501,1.749,0.3,0.0,1.5,3.01
1788455568.328,driving,3.208,2.706,-163.0,0,30,36,1.725,2.475,-4.8,1.501,1.748,0.3,0.0,1.5,3.06
1788455568.381,driving,3.199,2.703,-163.0,0,30,36,1.725,2.475,-4.9,1.491,1.739,0.3,0.0,1.5,3.06
1788455568.434,driving,3.192,2.701,-163.0,1,31,36,1.675,2.475,-5.0,1.534,1.732,0.3,0.0,1.5,3.06
1788455568.488,driving,3.173,2.696,-163.0,1,31,36,1.675,2.475,-5.1,1.514,1.713,0.3,0.0,1.5,3.06
1788455568.548,driving,3.166,2.695,-163.1,1,31,36,1.675,2.475,-5.0,1.507,1.705,0.3,0.0,1.5,3.05
1788455568.614,driving,3.154,2.695,-163.4,1,31,36,1.675,2.475,-4.8,1.496,1.694,0.3,0.0,1.5,3.05
1788455568.674,driving,3.145,2.693,-163.5,1,31,36,1.675,2.475,-4.8,1.486,1.685,0.3,0.0,1.5,3.04
1788455568.733,driving,3.126,2.687,-163.5,2,32,36,1.625,2.475,-4.9,1.516,1.664,0.3,0.0,1.5,3.04
1788455568.789,driving,3.116,2.684,-163.5,2,32,36,1.625,2.475,-5.0,1.506,1.654,0.3,0.0,1.5,3.03
1788455568.841,driving,3.096,2.679,-163.5,2,32,36,1.625,2.475,-5.1,1.485,1.634,0.3,0.0,1.5,3.03
1788455568.896,driving,3.087,2.676,-163.5,3,33,36,1.575,2.475,-5.2,1.525,1.624,0.3,0.0,1.5,3.02
1788455568.95,driving,3.067,2.67,-163.5,3,33,36,1.575,2.475,-5.3,1.505,1.604,0.3,0.0,1.5,3.02
1788455569.005,driving,3.057,2.667,-163.5,3,33,36,1.575,2.475,-5.4,1.495,1.594,0.3,0.0,1.5,3.01
1788455569.057,driving,3.048,2.664,-163.5,3,33,36,1.575,2.475,-5.5,1.485,1.584,0.3,0.0,1.5,3.01
1788455569.112,driving,3.028,2.658,-163.5,4,34,36,1.525,2.475,-5.6,1.514,1.564,0.3,0.0,1.5,2.99
1788455569.166,driving,3.018,2.655,-163.5,0,30,32,1.525,2.475,-5.7,1.504,1.554,0.3,0.0,1.5,2.99
1788455569.219,driving,2.993,2.648,-163.4,1,31,32,1.475,2.475,-5.9,1.528,1.528,0.3,0.0,1.5,2.98
1788455569.275,driving,2.978,2.643,-163.3,1,31,32,1.475,2.475,-6.1,1.512,1.512,0.3,0.0,1.5,2.98
1788455569.333,driving,2.953,2.635,-163.2,2,31,32,1.475,2.475,-6.3,1.487,1.487,0.3,0.0,1.5,2.97
1788455569.394,driving,2.943,2.632,-163.2,2,31,32,1.475,2.475,-6.4,1.477,1.477,0.3,0.0,1.5,2.97
1788455569.455,driving,2.924,2.626,-163.2,2,31,32,1.475,2.475,-6.5,1.457,1.457,0.3,0.0,1.5,2.96
1788455569.511,driving,2.914,2.623,-163.2,2,31,32,1.475,2.475,-6.6,1.447,1.447,0.3,0.0,1.5,2.96
1788455569.566,driving,2.895,2.617,-163.2,3,31,32,1.475,2.475,-6.7,1.427,1.427,0.3,0.0,1.5,2.93
1788455569.617,driving,2.885,2.614,-163.2,3,31,32,1.475,2.475,-6.8,1.417,1.417,0.3,0.0,1.5,2.93
1788455569.675,driving,2.868,2.607,-163.2,3,31,32,1.475,2.475,-7.0,1.399,1.399,0.3,0.0,1.5,2.9
1788455569.724,driving,2.86,2.603,-163.1,4,31,32,1.475,2.475,-7.2,1.391,1.391,0.3,0.0,1.5,2.9
1788455569.777,driving,2.842,2.596,-163.1,4,31,32,1.475,2.475,-7.3,1.372,1.372,0.3,0.0,1.5,2.87
1788455569.83,driving,2.832,2.593,-163.1,4,31,32,1.475,2.475,-7.4,1.362,1.362,0.3,0.0,1.5,2.87
1788455569.884,driving,2.813,2.588,-163.1,5,31,32,1.475,2.475,-7.5,1.342,1.342,0.3,0.0,1.5,2.84
1788455569.939,driving,2.803,2.585,-163.1,5,31,32,1.475,2.475,-7.7,1.332,1.332,0.3,0.0,1.5,2.84
1788455569.995,driving,2.793,2.582,-163.1,5,31,32,1.475,2.475,-7.8,1.322,1.322,0.3,0.0,1.5,2.82
1788455570.049,driving,2.773,2.576,-163.1,5,31,32,1.475,2.475,-7.9,1.302,1.302,0.3,0.0,1.5,2.82
1788455570.109,driving,2.764,2.57,-163.0,6,31,32,1.475,2.475,-8.1,1.293,1.293,0.3,0.0,1.5,2.79
1788455570.168,driving,2.748,2.554,-162.6,6,31,32,1.475,2.475,-8.7,1.275,1.275,0.3,0.0,1.5,2.79
1788455570.23,driving,2.738,2.549,-162.5,0,25,26,1.475,2.475,-8.9,1.266,1.266,0.3,0.0,1.5,2.76
1788455570.29,driving,2.719,2.542,-162.5,0,25,26,1.475,2.475,-9.0,1.246,1.246,0.3,0.0,1.5,2.76
1788455570.346,driving,2.709,2.539,-162.5,0,25,26,1.475,2.475,-9.1,1.236,1.236,0.3,0.0,1.5,2.73
1788455570.398,driving,2.69,2.533,-162.5,1,25,26,1.475,2.475,-9.3,1.216,1.216,0.3,0.0,1.5,2.73
1788455570.454,driving,2.68,2.53,-162.5,1,25,26,1.475,2.475,-9.4,1.206,1.206,0.3,0.0,1.5,2.7
1788455570.506,driving,2.661,2.524,-162.5,1,25,26,1.475,2.475,-9.6,1.187,1.187,0.3,0.0,1.5,2.7
1788455570.562,driving,2.651,2.519,-162.5,2,25,26,1.475,2.475,-9.6,1.177,1.177,0.3,0.0,1.5,2.67
1788455570.614,driving,2.631,2.506,-162.7,2,25,26,1.475,2.475,-9.6,1.157,1.157,0.3,0.0,1.5,2.67
1788455570.668,driving,2.622,2.503,-162.7,2,25,26,1.475,2.475,-9.8,1.147,1.147,0.3,0.0,1.5,2.64
1788455570.722,driving,2.602,2.497,-162.7,3,25,26,1.475,2.475,-9.9,1.127,1.127,0.3,0.0,1.5,2.64
1788455570.775,driving,2.592,2.494,-162.7,3,25,26,1.475,2.475,-10.1,1.117,1.117,0.3,0.0,1.5,2.62
1788455570.835,driving,2.573,2.488,-162.7,3,25,26,1.475,2.475,-10.2,1.098,1.098,0.3,0.0,1.5,2.62
1788455570.901,driving,2.563,2.485,-162.7,4,25,26,1.475,2.475,-10.4,1.088,1.088,0.3,0.0,1.5,2.59
1788455570.962,driving,2.553,2.482,-162.7,4,25,26,1.475,2.475,-10.6,1.078,1.078,0.3,0.0,1.5,2.59
1788455571.025,driving,2.539,2.477,-162.9,4,25,26,1.475,2.475,-10.6,1.064,1.064,0.3,0.0,1.5,2.56
1788455571.084,driving,2.533,2.475,-163.0,4,25,26,1.475,2.475,-10.6,1.058,1.058,0.3,0.0,1.5,2.56
1788455571.14,driving,2.518,2.47,-163.2,4,25,26,1.475,2.475,-10.6,1.043,1.043,0.3,0.0,1.5,2.53
1788455571.192,driving,2.509,2.467,-163.2,5,25,26,1.475,2.475,-10.8,1.034,1.034,0.3,0.0,1.5,2.53
1788455571.247,driving,2.489,2.461,-163.2,0,20,21,1.475,2.475,-10.9,1.014,1.014,0.3,0.0,1.5,2.5
1788455571.3,driving,2.479,2.458,-163.2,0,20,21,1.475,2.475,-11.1,1.004,1.004,0.3,0.0,1.5,2.5
1788455571.356,driving,2.46,2.452,-163.2,0,20,21,1.475,2.475,-11.3,0.985,0.985,0.3,0.0,1.5,2.47
1788455571.407,driving,2.45,2.449,-163.2,1,20,21,1.475,2.475,-11.5,0.975,0.975,0.3,0.0,1.5,2.47
1788455571.462,driving,2.436,2.444,-163.2,1,20,21,1.475,2.475,-11.6,0.961,0.961,0.3,0.0,1.5,2.44
1788455571.516,driving,2.431,2.442,-163.3,1,20,21,1.475,2.475,-11.7,0.956,0.956,0.3,0.0,1.5,2.44
1788455571.571,driving,2.414,2.437,-163.3,1,20,21,1.475,2.475,-11.9,0.94,0.94,0.3,0.0,1.5,2.42
1788455571.627,driving,2.405,2.434,-163.3,1,20,21,1.475,2.475,-12.1,0.93,0.93,0.3,0.0,1.5,2.42
1788455571.687,driving,2.385,2.428,-163.3,2,20,21,1.475,2.475,-12.2,0.911,0.911,0.3,0.0,1.5,2.39
1788455571.748,driving,2.375,2.425,-163.3,2,20,21,1.475,2.475,-12.4,0.902,0.902,0.3,0.0,1.5,2.39
1788455571.807,driving,2.356,2.419,-163.3,2,20,21,1.475,2.475,-12.6,0.882,0.882,0.3,0.0,1.5,2.36
1788455571.867,driving,2.346,2.416,-163.3,3,20,21,1.475,2.475,-12.8,0.873,0.873,0.3,0.0,1.5,2.36
1788455571.921,driving,2.336,2.412,-163.3,3,20,21,1.475,2.475,-13.0,0.863,0.863,0.3,0.0,1.5,2.33
1788455571.98,driving,2.316,2.401,-163.4,3,20,21,1.475,2.475,-13.1,0.844,0.844,0.3,0.0,1.5,2.33
1788455572.031,driving,2.306,2.397,-163.4,3,20,21,1.475,2.475,-13.3,0.835,0.835,0.3,0.0,1.5,2.3
1788455572.087,driving,2.286,2.391,-163.4,4,20,21,1.475,2.475,-13.6,0.816,0.816,0.3,0.0,1.5,2.3
1788455572.141,driving,2.277,2.389,-163.4,4,20,21,1.475,2.475,-13.8,0.806,0.806,0.3,0.0,1.5,2.27
1788455572.193,driving,2.257,2.383,-163.4,4,20,21,1.475,2.475,-14.0,0.787,0.787,0.3,0.0,1.5,2.27
1788455572.247,driving,2.247,2.38,-163.4,0,15,16,1.475,2.475,-14.3,0.778,0.778,0.3,0.0,1.5,2.24
1788455572.299,driving,2.228,2.374,-163.4,0,15,16,1.475,2.475,-14.5,0.759,0.759,0.3,0.0,1.5,2.24
1788455572.354,driving,2.216,2.37,-163.3,0,15,16,1.475,2.475,-14.9,0.748,0.748,0.3,0.0,1.5,2.22
1788455572.409,driving,2.191,2.359,-163.0,1,15,16,1.475,2.475,-15.5,0.725,0.725,0.3,0.0,1.5,2.22
1788455572.471,driving,2.181,2.356,-162.9,1,15,16,1.475,2.475,-15.8,0.716,0.716,0.3,0.0,1.5,2.19
1788455572.532,turning,2.161,2.35,-162.9,1,15,16,1.475,2.475,-16.1,0.697,0.697,0.0,-2.4,1.5,2.19
1788455572.596,turning,2.151,2.347,-162.9,1,15,16,1.475,2.475,-16.4,0.688,0.688,0.0,-2.4,1.5,2.16
1788455572.648,turning,2.15,2.346,-164.5,1,15,16,1.475,2.475,-15.1,0.687,0.687,0.0,-2.4,1.5,2.16
1788455572.702,turning,2.15,2.346,-165.3,1,15,16,1.475,2.475,-14.5,0.687,0.687,0.0,-2.4,1.5,2.14
1788455572.758,turning,2.15,2.346,-167.1,1,15,16,1.475,2.475,-13.1,0.687,0.687,0.0,-2.4,1.5,2.14
1788455572.813,turning,2.142,2.344,-168.1,1,15,16,1.475,2.475,-12.3,0.68,0.68,0.0,-2.4,1.5,2.14
1788455572.866,turning,2.135,2.341,-169.1,2,15,16,1.475,2.475,-11.6,0.673,0.673,0.0,-2.4,1.5,2.14
1788455572.92,turning,2.127,2.338,-171.0,2,15,16,1.475,2.475,-10.0,0.666,0.666,0.0,-2.4,1.5,2.14
1788455572.976,turning,2.127,2.338,-171.8,2,15,16,1.475,2.475,-9.4,0.666,0.666,0.0,-2.4,1.5,2.14
1788455573.027,driving,2.127,2.338,-173.6,2,15,16,1.475,2.475,-7.9,0.666,0.666,0.3,0.0,1.5,2.14
1788455573.082,driving,2.127,2.338,-174.4,2,15,16,1.475,2.475,-7.3,0.666,0.666,0.3,0.0,1.5,2.14
1788455573.133,driving,2.124,2.338,-174.7,2,15,16,1.475,2.475,-7.3,0.664,0.664,0.3,0.0,1.5,2.14
1788455573.19,driving,2.12,2.337,-174.7,2,15,16,1.475,2.475,-7.6,0.66,0.66,0.3,0.0,1.5,2.14
1788455573.191,driving,2.12,2.337,-174.7,2,15,16,1.475,2.475,-7.8,0.66,0.66,0.3,0.0,1.5,2.14
1788455573.313,driving,2.098,2.335,-174.7,1,13,14,1.475,2.475,-8.1,0.639,0.639,0.3,0.0,1.5,2.13
1788455573.378,driving,2.078,2.327,-174.7,1,13,14,1.475,2.475,-8.3,0.621,0.621,0.3,0.0,1.5,2.1
1788455573.434,driving,2.068,2.321,-174.8,1,13,14,1.475,2.475,-8.5,0.613,0.613,0.3,0.0,1.5,2.1
1788455573.488,driving,2.048,2.315,-174.8,1,13,14,1.475,2.475,-8.7,0.595,0.595,0.3,0.0,1.5,2.07
1788455573.541,driving,2.038,2.314,-174.8,2,13,14,1.475,2.475,-9.1,0.585,0.585,0.3,0.0,1.5,2.07
1788455573.596,driving,2.017,2.313,-174.8,2,13,14,1.475,2.475,-9.4,0.566,0.566,0.3,0.0,1.5,2.04
1788455573.646,driving,2.007,2.312,-174.8,2,13,14,1.475,2.475,-9.7,0.557,0.557,0.3,0.0,1.5,2.04
1788455573.701,driving,1.987,2.31,-174.8,3,13,14,1.475,2.475,-10.0,0.538,0.538,0.3,0.0,1.5,2.01
1788455573.756,driving,1.977,2.309,-174.8,3,13,14,1.475,2.475,-10.3,0.529,0.529,0.3,0.0,1.5,2.01
1788455573.81,driving,1.967,2.308,-174.8,3,13,14,1.475,2.475,-10.7,0.519,0.519,0.3,0.0,1.5,1.98
1788455573.862,driving,1.946,2.306,-174.8,3,13,14,1.475,2.475,-11.0,0.501,0.501,0.3,0.0,1.5,1.98
1788455573.917,driving,1.936,2.305,-174.8,4,13,14,1.475,2.475,-11.4,0.491,0.491,0.3,0.0,1.5,1.95
1788455573.978,driving,1.916,2.303,-174.8,4,13,14,1.475,2.475,-11.8,0.473,0.473,0.3,0.0,1.5,1.95
1788455574.036,driving,1.906,2.303,-174.8,4,13,14,1.475,2.475,-12.1,0.464,0.464,0.3,0.0,1.5,1.92
1788455574.1,driving,1.885,2.301,-174.8,5,13,14,1.475,2.475,-12.5,0.446,0.446,0.3,0.0,1.5,1.92
1788455574.16,driving,1.871,2.299,-175.0,5,13,14,1.475,2.475,-12.7,0.434,0.434,0.3,0.0,1.5,1.89
1788455574.215,driving,1.839,2.295,-175.6,5,13,14,1.475,2.475,-12.6,0.406,0.406,0.3,0.0,1.5,1.89
1788455574.27,driving,1.827,2.294,-175.7,0,7,8,1.475,2.475,-13.0,0.396,0.396,0.297,0.0,1.5,1.86
1788455574.324,driving,1.807,2.292,-175.7,0,7,8,1.475,2.475,-13.5,0.379,0.379,0.284,0.0,1.5,1.86
1788455574.38,driving,1.797,2.291,-175.7,1,7,8,1.475,2.475,-14.0,0.371,0.371,0.278,0.0,1.5,1.83
1788455574.433,driving,1.778,2.29,-175.7,1,7,8,1.475,2.475,-14.5,0.355,0.355,0.266,0.0,1.5,1.83
1788455574.488,driving,1.768,2.289,-175.7,1,7,8,1.475,2.475,-15.1,0.347,0.347,0.26,0.0,1.5,1.81
1788455574.541,driving,1.75,2.288,-175.7,1,7,8,1.475,2.475,-15.6,0.333,0.333,0.25,0.0,1.5,1.81
1788455574.596,turning,1.741,2.284,-175.5,2,7,8,1.475,2.475,-16.4,0.327,0.327,0.0,-2.4,1.5,1.78
1788455574.647,turning,1.728,2.277,-175.7,2,7,8,1.475,2.475,-16.9,0.321,0.321,0.0,-2.4,1.5,1.78
1788455574.702,turning,1.728,2.277,-176.5,2,7,8,1.475,2.475,-16.7,0.321,0.321,0.0,-2.4,1.5,1.76
1788455574.759,turning,1.728,2.277,-177.4,2,7,8,1.475,2.475,-16.5,0.321,0.321,0.0,-2.4,1.5,1.76
1788455574.82,turning,1.728,2.277,-179.1,2,7,8,1.475,2.475,-15.4,0.321,0.321,0.0,-2.4,1.5,1.76
1788455574.882,turning,1.728,2.277,-179.9,2,7,8,1.475,2.475,-15.1,0.321,0.321,0.0,-2.4,1.5,1.76
1788455574.944,turning,1.728,2.277,178.3,2,7,8,1.475,2.475,-13.9,0.321,0.321,0.0,-2.4,1.5,1.75
1788455575.0,turning,1.728,2.277,177.5,2,7,8,1.475,2.475,-13.6,0.321,0.321,0.0,-2.4,1.5,1.75
1788455575.053,turning,1.727,2.278,175.7,2,7,8,1.475,2.475,-12.4,0.32,0.32,0.0,-2.4,1.5,1.75
1788455575.107,turning,1.726,2.278,174.7,2,7,8,1.475,2.475,-12.0,0.319,0.319,0.0,-2.4,1.5,1.75
1788455575.161,driving,1.726,2.278,172.9,2,7,8,1.475,2.475,-10.7,0.318,0.318,0.239,0.0,1.5,1.75
1788455575.213,driving,1.726,2.278,172.1,2,7,8,1.475,2.475,-10.3,0.318,0.318,0.239,0.0,1.5,1.75
1788455575.268,driving,1.723,2.279,171.9,2,7,8,1.475,2.475,-10.6,0.316,0.316,0.237,0.0,1.5,1.75
1788455575.318,driving,1.719,2.279,171.9,0,5,6,1.475,2.475,-11.1,0.313,0.313,0.234,0.0,1.5,1.75
1788455575.373,driving,1.709,2.276,172.3,0,5,6,1.475,2.475,-12.0,0.307,0.307,0.23,0.0,1.5,1.74
1788455575.427,driving,1.703,2.272,172.5,0,5,6,1.475,2.475,-12.8,0.305,0.305,0.229,0.0,1.5,1.74
1788455575.481,driving,1.689,2.271,172.7,1,5,6,1.475,2.475,-13.6,0.295,0.295,0.221,0.0,1.5,1.72
1788455575.534,driving,1.681,2.272,172.7,1,5,6,1.475,2.475,-14.2,0.289,0.289,0.22,0.0,1.5,1.72
1788455575.598,driving,1.666,2.274,172.7,1,5,6,1.475,2.475,-14.8,0.277,0.277,0.22,0.0,1.5,1.69
1788455575.658,driving,1.659,2.275,172.7,1,5,6,1.475,2.475,-15.4,0.271,0.271,0.22,0.0,1.5,1.69
1788455575.722,turning,1.651,2.276,172.8,1,5,6,1.475,2.475,-16.2,0.266,0.266,0.0,-2.4,1.5,1.67
1788455575.779,turning,1.639,2.275,172.7,1,5,6,1.475,2.475,-16.7,0.259,0.259,0.0,-2.4,1.5,1.67
1788455575.832,turning,1.639,2.275,172.0,1,5,6,1.475,2.475,-16.6,0.259,0.259,0.0,-2.4,1.5,1.66
1788455575.884,turning,1.639,2.275,170.2,1,5,6,1.475,2.475,-15.6,0.259,0.259,0.0,-2.4,1.5,1.66
1788455575.938,turning,1.639,2.275,169.4,1,5,6,1.475,2.475,-15.3,0.259,0.259,0.0,-2.4,1.5,1.65
1788455575.993,turning,1.639,2.275,167.7,1,5,6,1.475,2.475,-14.2,0.259,0.259,0.0,-2.4,1.5,1.65
1788455576.046,turning,1.639,2.275,166.8,1,5,6,1.475,2.475,-13.9,0.259,0.259,0.0,-2.4,1.5,1.65
1788455576.097,turning,1.639,2.275,165.1,1,5,6,1.475,2.475,-12.8,0.259,0.259,0.0,-2.4,1.5,1.65
1788455576.15,turning,1.639,2.275,164.2,1,5,6,1.475,2.475,-12.5,0.259,0.259,0.0,-2.4,1.5,1.65
1788455576.205,turning,1.639,2.275,162.5,1,5,6,1.475,2.475,-11.4,0.259,0.259,0.0,-2.4,1.5,1.65
1788455576.257,driving,1.639,2.275,161.6,1,5,6,1.475,2.475,-11.0,0.259,0.259,0.22,0.0,1.5,1.65
1788455576.312,driving,1.639,2.275,160.5,1,5,6,1.475,2.475,-10.4,0.259,0.259,0.22,0.0,1.5,1.65
1788455576.374,driving,1.637,2.276,160.5,0,4,5,1.475,2.475,-11.0,0.257,0.257,0.22,0.0,1.5,1.65
1788455576.43,driving,1.628,2.279,160.5,0,4,5,1.475,2.475,-11.5,0.249,0.249,0.22,0.0,1.5,1.65
1788455576.498,driving,1.624,2.281,160.6,0,4,5,1.475,2.475,-12.1,0.245,0.245,0.22,0.0,1.5,1.64
1788455576.557,driving,1.616,2.285,160.6,0,4,5,1.475,2.475,-12.6,0.236,0.236,0.22,0.0,1.5,1.64
1788455576.611,driving,1.609,2.288,160.6,0,4,5,1.475,2.475,-13.2,0.23,0.23,0.22,0.0,1.5,1.62
1788455576.664,driving,1.602,2.29,160.6,1,4,5,1.475,2.475,-13.7,0.224,0.224,0.22,0.0,1.5,1.62
1788455576.718,driving,1.588,2.295,160.6,1,4,5,1.475,2.475,-14.3,0.212,0.212,0.22,0.0,1.5,1.6
1788455576.771,driving,1.581,2.298,160.6,1,4,5,1.475,2.475,-15.0,0.207,0.207,0.22,0.0,1.5,1.6
1788455576.827,driving,1.568,2.3,160.6,1,4,5,1.475,2.475,-15.6,0.198,0.198,0.22,0.0,1.5,1.57
1788455576.88,turning,1.562,2.3,160.5,1,4,5,1.475,2.475,-16.3,0.195,0.195,0.0,-2.4,1.5,1.57
1788455576.933,turning,1.554,2.301,159.9,1,4,5,1.475,2.475,-16.4,0.191,0.191,0.0,-2.4,1.5,1.55
1788455576.989,turning,1.554,2.301,159.0,1,4,5,1.475,2.475,-16.2,0.191,0.191,0.0,-2.4,1.5,1.55
1788455577.044,turning,1.554,2.301,157.3,1,4,5,1.475,2.475,-15.2,0.191,0.191,0.0,-2.4,1.5,1.55
1788455577.097,turning,1.554,2.301,156.4,1,4,5,1.475,2.475,-15.0,0.191,0.191,0.0,-2.4,1.5,1.55
1788455577.157,turning,1.554,2.301,154.7,1,4,5,1.475,2.475,-14.0,0.191,0.191,0.0,-2.4,1.5,1.54
1788455577.216,turning,1.554,2.301,153.9,1,4,5,1.475,2.475,-13.8,0.191,0.191,0.0,-2.4,1.5,1.54
1788455577.279,turning,1.554,2.301,152.1,1,4,5,1.475,2.475,-12.7,0.191,0.191,0.0,-2.4,1.5,1.54
1788455577.336,turning,1.554,2.301,151.3,1,4,5,1.475,2.475,-12.4,0.191,0.191,0.0,-2.4,1.5,1.54
1788455577.392,driving,1.554,2.301,149.6,0,3,4,1.475,2.475,-11.3,0.191,0.191,0.22,0.0,1.5,1.54
1788455577.446,driving,1.554,2.301,148.7,0,3,4,1.475,2.475,-11.0,0.191,0.191,0.22,0.0,1.5,1.54
1788455577.502,driving,1.552,2.303,148.4,0,3,4,1.475,2.475,-11.3,0.189,0.189,0.22,0.0,1.5,1.54
1788455577.559,driving,1.549,2.305,148.4,0,3,4,1.475,2.475,-11.9,0.186,0.186,0.22,0.0,1.5,1.54
1788455577.614,driving,1.544,2.307,148.4,0,3,4,1.475,2.475,-12.5,0.181,0.181,0.22,0.0,1.5,1.53
1788455577.667,driving,1.532,2.315,148.4,0,3,4,1.475,2.475,-13.1,0.17,0.17,0.22,0.0,1.5,1.53
1788455577.72,driving,1.525,2.318,148.6,0,3,4,1.475,2.475,-14.1,0.165,0.165,0.22,0.0,1.5,1.52
1788455577.775,driving,1.508,2.321,149.6,1,3,4,1.475,2.475,-15.8,0.158,0.158,0.22,0.0,1.5,1.52
1788455577.827,turning,1.501,2.324,149.8,1,3,4,1.475,2.475,-16.8,0.154,0.154,0.0,-2.4,1.5,1.5
1788455577.884,goal_approach,1.493,2.328,149.1,3,3,4,1.475,2.475,-52.3,0.148,0.148,0.0,-2.738,,1.5
1788455577.944,goal_approach,1.493,2.328,148.3,3,3,4,1.475,2.475,-51.4,0.148,0.148,0.0,-2.693,,1.48
1788455578.006,goal_approach,1.493,2.328,145.8,3,3,4,1.475,2.475,-49.0,0.148,0.148,0.0,-2.565,,1.48
1788455578.068,goal_approach,1.493,2.328,144.6,3,3,4,1.475,2.475,-47.8,0.148,0.148,0.0,-2.501,,1.48
1788455578.124,goal_approach,1.493,2.328,142.5,3,3,4,1.475,2.475,-45.7,0.148,0.148,0.0,-2.4,,1.48
1788455578.179,goal_approach,1.493,2.328,141.6,3,3,4,1.475,2.475,-44.7,0.148,0.148,0.0,-2.4,,1.48
1788455578.231,goal_approach,1.493,2.328,139.8,3,3,4,1.475,2.475,-43.0,0.148,0.148,0.0,-2.4,,1.48
1788455578.287,goal_approach,1.493,2.328,139.0,3,3,4,1.475,2.475,-42.1,0.148,0.148,0.0,-2.4,,1.48
1788455578.338,goal_approach,1.493,2.328,137.2,3,3,4,1.475,2.475,-40.4,0.148,0.148,0.0,-2.4,,1.48
1788455578.396,goal_approach,1.495,2.329,136.3,3,3,4,1.475,2.475,-38.4,0.147,0.147,0.0,-2.4,,1.47
1788455578.448,goal_approach,1.501,2.331,134.5,3,3,4,1.475,2.475,-34.1,0.146,0.146,0.0,-2.4,,1.47
1788455578.505,goal_approach,1.502,2.331,133.7,3,3,4,1.475,2.475,-33.2,0.146,0.146,0.0,-2.4,,1.48
1788455578.56,goal_approach,1.502,2.331,132.8,3,3,4,1.475,2.475,-32.3,0.146,0.146,0.0,-2.4,,1.48
1788455578.612,goal_approach,1.496,2.334,131.1,3,3,4,1.475,2.475,-32.5,0.143,0.143,0.0,-2.4,,1.48
1788455578.667,goal_approach,1.491,2.337,130.3,3,3,4,1.475,2.475,-33.7,0.139,0.139,0.0,-2.4,,1.48
1788455578.724,goal_approach,1.486,2.339,128.6,3,3,4,1.475,2.475,-34.0,0.136,0.136,0.0,-2.4,,1.49
1788455578.785,goal_approach,1.486,2.339,127.7,3,3,4,1.475,2.475,-33.1,0.136,0.136,0.0,-2.4,,1.49
1788455578.845,goal_approach,1.486,2.339,126.0,3,3,4,1.475,2.475,-31.4,0.136,0.136,0.0,-2.4,,1.5
1788455578.901,goal_approach,1.486,2.339,125.2,3,3,4,1.475,2.475,-30.5,0.136,0.136,0.0,-2.4,,1.5
1788455578.956,goal_approach,1.485,2.342,123.6,3,3,4,1.475,2.475,-29.4,0.133,0.133,0.0,-2.4,,1.51
1788455579.009,goal_approach,1.484,2.345,122.9,3,3,4,1.475,2.475,-29.0,0.13,0.13,0.0,-2.4,,1.51
1788455579.062,goal_approach,1.483,2.347,121.3,3,3,4,1.475,2.475,-27.7,0.128,0.128,0.0,-2.4,,1.52
1788455579.115,goal_approach,1.483,2.347,120.4,3,3,4,1.475,2.475,-26.8,0.128,0.128,0.0,-2.4,,1.52
1788455579.166,goal_approach,1.483,2.347,118.7,3,3,4,1.475,2.475,-25.1,0.128,0.128,0.0,-2.4,,1.54
1788455579.217,goal_approach,1.483,2.347,117.9,3,3,4,1.475,2.475,-24.3,0.128,0.128,0.0,-2.4,,1.54
1788455579.27,goal_approach,1.486,2.344,116.1,3,3,4,1.475,2.475,-21.3,0.131,0.131,0.0,-2.4,,1.57
1788455579.321,goal_approach,1.488,2.342,115.2,3,3,4,1.475,2.475,-19.5,0.133,0.133,0.0,-2.4,,1.57
1788455579.373,goal_approach,1.49,2.341,113.5,3,3,4,1.475,2.475,-17.2,0.134,0.134,0.0,-2.4,,1.59
1788455579.428,goal_approach,1.49,2.341,112.6,3,3,4,1.475,2.475,-16.4,0.134,0.134,0.0,-2.4,,1.59
1788455579.495,goal_approach,1.49,2.341,111.8,3,3,4,1.475,2.475,-15.5,0.134,0.134,0.0,-2.4,,1.62
1788455579.561,goal_approach,1.49,2.341,110.0,3,3,4,1.475,2.475,-13.8,0.134,0.134,0.0,-2.4,,1.62
1788455579.622,goal_approach,1.49,2.339,109.3,3,3,4,1.475,2.475,-12.9,0.137,0.137,0.0,-2.4,,1.66
1788455579.681,goal_approach,1.493,2.331,108.2,3,3,4,1.475,2.475,-11.1,0.146,0.146,0.0,-2.4,,1.66
1788455579.736,goal_approach,1.493,2.329,107.5,3,3,4,1.475,2.475,-10.3,0.147,0.147,0.0,-2.4,,1.7
1788455579.791,goal_approach,1.493,2.329,105.8,3,3,4,1.475,2.475,-8.6,0.147,0.147,0.0,-2.4,,1.7
1788455579.843,goal_approach,1.493,2.329,104.9,3,3,4,1.475,2.475,-7.7,0.147,0.147,0.0,-2.4,,1.74
1788455579.895,goal_approach,1.493,2.329,103.2,3,3,4,1.475,2.475,-6.0,0.147,0.147,0.0,-2.4,,1.74
1788455579.951,goal_approach,1.49,2.33,102.5,3,3,4,1.475,2.475,-6.4,0.146,0.146,0.0,-2.4,,1.8
1788455580.005,goal_approach,1.482,2.335,101.2,3,3,4,1.475,2.475,-8.5,0.141,0.141,0.0,-2.4,,1.8
1788455580.059,goal_approach,1.481,2.335,100.4,3,3,4,1.475,2.475,-8.1,0.14,0.14,0.0,-2.4,,1.86
1788455580.113,goal_approach,1.481,2.335,98.7,3,3,4,1.475,2.475,-6.4,0.14,0.14,0.0,-2.4,,1.86
1788455580.167,goal_approach,1.481,2.335,97.8,3,3,4,1.475,2.475,-5.5,0.14,0.14,0.0,-2.4,,1.92
1788455580.223,goal_approach,1.481,2.335,96.1,3,3,4,1.475,2.475,-3.8,0.14,0.14,0.0,-2.4,,1.92
1788455580.284,goal_approach,1.472,2.341,95.5,3,3,4,1.475,2.475,-6.8,0.134,0.134,0.0,-2.4,,2.0
1788455580.346,goal_approach,1.453,2.354,94.5,3,3,4,1.475,2.475,-14.9,0.123,0.123,0.0,-2.4,,2.0
1788455580.403,goal_approach,1.452,2.355,93.6,3,3,4,1.475,2.475,-14.3,0.123,0.123,0.0,-2.4,,2.02
1788455580.464,goal_approach,1.452,2.355,92.8,2,2,3,1.475,2.475,-13.5,0.123,0.123,0.0,-2.4,,2.02
1788455580.519,goal_approach,1.452,2.355,91.0,2,2,3,1.475,2.475,-11.8,0.123,0.123,0.0,-2.4,,2.02
1788455580.572,goal_approach,1.452,2.355,90.2,2,2,3,1.475,2.475,-10.9,0.123,0.123,0.0,-2.4,,2.02
1788455580.623,goal_approach,1.449,2.355,88.5,2,2,3,1.475,2.475,-10.9,0.123,0.123,0.0,-2.4,,2.02
1788455580.674,goal_approach,1.445,2.355,87.6,2,2,3,1.475,2.475,-11.6,0.123,0.123,0.0,-2.4,,2.02
1788455580.729,goal_approach,1.442,2.356,85.9,2,2,3,1.475,2.475,-11.3,0.124,0.124,0.0,-2.4,,2.01
1788455580.78,goal_approach,1.442,2.356,85.0,2,2,3,1.475,2.475,-10.5,0.124,0.124,0.0,-2.4,,2.01
1788455580.832,goal_approach,1.442,2.356,83.3,2,2,3,1.475,2.475,-8.7,0.124,0.124,0.0,-2.4,,2.01
1788455580.888,goal_approach,1.442,2.356,82.4,2,2,3,1.475,2.475,-7.9,0.124,0.124,0.0,-2.4,,2.01
1788455580.941,goal_approach,1.442,2.357,80.5,2,2,3,1.475,2.475,-6.3,0.122,0.122,0.0,-2.4,,2.01
1788455580.997,goal_approach,1.442,2.358,79.5,2,2,3,1.475,2.475,-5.5,0.121,0.121,0.0,-2.4,,2.01
1788455581.058,goal_approach,1.441,2.359,77.7,2,2,3,1.475,2.475,-3.8,0.121,0.121,0.0,-2.4,,2.01
1788455581.121,goal_approach,1.441,2.359,76.8,2,2,3,1.475,2.475,-2.9,0.121,0.121,0.22,0.0,,2.01
1788455581.182,goal_approach,1.442,2.36,75.8,2,2,3,1.475,2.475,-1.9,0.12,0.12,0.22,0.0,,2.01
1788455581.24,goal_approach,1.442,2.362,75.8,2,2,3,1.475,2.475,-2.0,0.118,0.118,0.22,0.0,,2.01
1788455581.294,goal_approach,1.435,2.375,75.6,2,2,3,1.475,2.475,-7.7,0.107,0.107,0.22,0.0,,2.0
1788455581.345,goal_approach,1.429,2.386,75.5,2,2,3,1.475,2.475,-12.5,0.1,0.1,0.22,0.0,,2.0
1788455581.4,goal_approach,1.428,2.394,75.5,2,2,3,1.475,2.475,-15.9,0.094,0.094,0.22,0.0,,1.98
1788455581.454,goal_approach,1.431,2.409,75.5,1,1,2,1.475,2.475,-18.9,0.079,0.079,0.0,-2.4,,1.98
1788455581.511,goal_approach,1.433,2.416,75.5,1,1,2,1.475,2.475,-20.8,0.072,0.072,0.0,-2.4,,1.96
1788455581.563,goal_approach,1.434,2.418,74.0,1,1,2,1.475,2.475,-19.9,0.07,0.07,0.0,-2.4,,1.96
1788455581.615,goal_approach,1.434,2.416,73.1,1,1,2,1.475,2.475,-18.2,0.072,0.072,0.0,-2.4,,1.95
1788455581.669,goal_approach,1.434,2.411,71.2,1,1,2,1.475,2.475,-14.0,0.076,0.076,0.0,-2.4,,1.95
1788455581.721,goal_approach,1.434,2.41,70.3,1,1,2,1.475,2.475,-12.7,0.077,0.077,0.0,-2.4,,1.95
1788455581.776,goal_approach,1.434,2.41,68.6,1,1,2,1.475,2.475,-11.0,0.077,0.077,0.0,-2.4,,1.95
1788455581.836,goal_approach,1.434,2.41,67.7,1,1,2,1.475,2.475,-10.1,0.077,0.077,0.0,-2.4,,1.95
1788455581.895,goal_approach,1.434,2.41,66.0,1,1,2,1.475,2.475,-8.4,0.077,0.077,0.0,-2.4,,1.95
1788455581.955,goal_approach,1.434,2.41,65.1,1,1,2,1.475,2.475,-7.6,0.077,0.077,0.0,-2.4,,1.95
1788455582.011,goal_approach,1.434,2.41,63.4,1,1,2,1.475,2.475,-5.8,0.077,0.077,0.0,-2.4,,1.95
1788455582.065,goal_approach,1.434,2.41,62.6,1,1,2,1.475,2.475,-5.0,0.077,0.077,0.0,-2.4,,1.95
1788455582.117,goal_approach,1.434,2.41,60.9,1,1,2,1.475,2.475,-3.3,0.077,0.077,0.0,-2.4,,1.95
1788455582.172,goal_approach,1.434,2.41,60.0,1,1,2,1.475,2.475,-2.4,0.077,0.077,0.22,0.0,,1.95
1788455582.224,goal_approach,1.434,2.41,59.0,1,1,2,1.475,2.475,-1.4,0.077,0.077,0.22,0.0,,1.95
1788455582.28,goal_approach,1.431,2.414,59.0,1,1,2,1.475,2.475,-4.5,0.075,0.075,0.22,0.0,,1.95
1788455582.332,goal_approach,1.43,2.419,59.1,1,1,2,1.475,2.475,-8.2,0.072,0.072,0.22,0.0,,1.95
1788455582.386,goal_approach,1.433,2.432,59.2,1,1,2,1.475,2.475,-14.0,0.06,0.06,0.22,0.0,,1.93
1788455582.439,goal_turn,1.436,2.439,59.2,1,1,2,1.475,2.475,177.3,0.0,0.053,0.0,4.5,,1.93
1788455582.496,goal_turn,1.441,2.447,61.6,1,1,2,1.475,2.475,174.9,0.0,0.044,0.0,4.5,,1.92
1788455582.551,goal_turn,1.441,2.447,64.9,1,1,2,1.475,2.475,171.6,0.0,0.044,0.0,4.5,,1.92
1788455582.611,goal_turn,1.439,2.456,71.6,1,1,2,1.475,2.475,165.0,0.0,0.041,0.0,4.5,,1.91
1788455582.673,goal_turn,1.437,2.463,75.0,1,1,2,1.475,2.475,161.6,0.0,0.04,0.0,4.5,,1.91
1788455582.734,goal_turn,1.435,2.47,81.6,1,1,2,1.475,2.475,155.0,0.0,0.04,0.0,4.5,,1.91
1788455582.791,goal_turn,1.435,2.47,84.9,1,1,2,1.475,2.475,151.7,0.0,0.04,0.0,4.5,,1.91
1788455582.847,goal_turn,1.435,2.47,91.4,1,1,2,1.475,2.475,145.1,0.0,0.04,0.0,4.5,,1.92
1788455582.899,goal_turn,1.435,2.47,94.7,1,1,2,1.475,2.475,141.9,0.0,0.04,0.0,4.5,,1.92
1788455582.957,goal_turn,1.435,2.47,101.2,1,1,2,1.475,2.475,135.3,0.0,0.04,0.0,4.5,,1.92
1788455583.009,goal_turn,1.435,2.47,104.5,1,1,2,1.475,2.475,132.0,0.0,0.04,0.0,4.5,,1.92
1788455583.064,goal_turn,1.435,2.475,111.3,1,1,2,1.475,2.475,125.2,0.0,0.04,0.0,4.5,,1.8
1788455583.115,goal_turn,1.435,2.479,114.8,1,1,2,1.475,2.475,121.7,0.0,0.041,0.0,4.5,,1.8
1788455583.168,goal_turn,1.433,2.48,120.9,1,1,2,1.475,2.475,115.6,0.0,0.043,0.0,4.5,,1.63
1788455583.22,goal_turn,1.431,2.478,123.8,1,1,2,1.475,2.475,112.8,0.0,0.044,0.0,4.5,,1.63
1788455583.277,goal_turn,1.43,2.477,126.8,1,1,2,1.475,2.475,109.8,0.0,0.045,0.0,4.5,,1.53
1788455583.335,goal_turn,1.43,2.474,132.9,1,1,2,1.475,2.475,103.6,0.0,0.045,0.0,4.5,,1.53
1788455583.396,goal_turn,1.43,2.472,136.0,1,1,2,1.475,2.475,100.6,0.0,0.046,0.0,4.5,,1.47
1788455583.457,goal_turn,1.429,2.47,142.0,1,1,2,1.475,2.475,94.6,0.0,0.046,0.0,4.5,,1.47
1788455583.522,goal_turn,1.429,2.467,145.0,1,1,2,1.475,2.475,91.6,0.0,0.047,0.0,4.5,,1.47
1788455583.58,goal_turn,1.43,2.458,150.8,1,1,2,1.475,2.475,85.8,0.0,0.048,0.0,4.49,,1.47
1788455583.632,goal_turn,1.43,2.459,154.0,1,1,2,1.475,2.475,82.6,0.0,0.048,0.0,4.324,,1.47
1788455583.687,goal_turn,1.428,2.467,160.4,1,1,2,1.475,2.475,76.2,0.0,0.048,0.0,3.988,,1.47
1788455583.74,goal_turn,1.428,2.46,163.4,1,1,2,1.475,2.475,73.1,0.0,0.049,0.0,3.828,,1.47
1788455583.794,goal_turn,1.428,2.437,168.6,1,1,2,1.475,2.475,67.9,0.0,0.061,0.0,3.558,,1.47
1788455583.849,goal_turn,1.426,2.437,171.2,1,1,2,1.475,2.475,65.3,0.0,0.061,0.0,3.421,,1.47
1788455583.902,goal_turn,1.423,2.445,175.8,1,1,2,1.475,2.475,60.7,0.0,0.06,0.0,3.179,,1.47
1788455583.959,goal_turn,1.423,2.442,177.9,1,1,2,1.475,2.475,58.6,0.0,0.062,0.0,3.07,,1.47
1788455584.014,goal_turn,1.423,2.434,-178.5,1,1,2,1.475,2.475,55.1,0.0,0.066,0.0,2.884,,1.47
1788455584.071,goal_turn,1.424,2.429,-176.8,1,1,2,1.475,2.475,53.4,0.0,0.069,0.0,2.794,,1.48
1788455584.125,goal_turn,1.425,2.418,-173.8,1,1,2,1.475,2.475,50.4,0.0,0.076,0.0,2.637,,1.48
1788455584.186,goal_turn,1.431,2.414,-172.7,1,1,2,1.475,2.475,49.3,0.0,0.075,0.0,2.581,,1.48
1788455584.247,goal_turn,1.437,2.411,-171.8,1,1,2,1.475,2.475,48.4,0.0,0.075,0.0,2.535,,1.48
1788455584.308,goal_turn,1.437,2.403,-170.2,1,1,2,1.475,2.475,46.8,0.0,0.082,0.0,2.449,,1.48
1788455584.364,goal_turn,1.431,2.398,-169.4,1,1,2,1.475,2.475,46.0,0.0,0.089,0.0,2.407,,1.48
1788455584.417,goal_turn,1.424,2.391,-167.5,1,1,2,1.475,2.475,44.0,0.0,0.098,0.0,2.4,,1.48
1788455584.47,goal_approach,1.423,2.388,-166.3,1,1,2,1.475,2.475,-134.3,0.101,0.101,0.0,-4.5,,1.48
1788455584.523,goal_approach,1.423,2.386,-167.6,1,1,2,1.475,2.475,-132.7,0.104,0.104,0.0,-4.5,,1.49
1788455584.576,goal_approach,1.423,2.386,-171.1,2,2,3,1.475,2.475,-129.3,0.104,0.104,0.0,-4.5,,1.49
1788455584.631,goal_approach,1.423,2.384,-177.8,2,2,3,1.475,2.475,-121.9,0.105,0.105,0.0,-4.5,,1.49
1788455584.685,goal_approach,1.423,2.382,178.9,2,2,3,1.475,2.475,-118.1,0.106,0.106,0.0,-4.5,,1.49
1788455584.739,goal_approach,1.424,2.381,172.1,2,2,3,1.475,2.475,-110.9,0.107,0.107,0.0,-4.5,,1.48
1788455584.793,goal_approach,1.424,2.381,168.7,2,2,3,1.475,2.475,-107.5,0.107,0.107,0.0,-4.5,,1.48
1788455584.847,goal_approach,1.425,2.38,161.8,2,2,3,1.475,2.475,-99.7,0.108,0.108,0.0,-4.5,,1.48
1788455584.914,goal_approach,1.425,2.378,158.4,2,2,3,1.475,2.475,-95.5,0.109,0.109,0.0,-4.5,,1.48
1788455584.981,goal_approach,1.426,2.377,151.5,2,2,3,1.475,2.475,-88.2,0.109,0.109,0.0,-4.5,,1.47
1788455585.04,goal_approach,1.426,2.377,148.1,2,2,3,1.475,2.475,-84.7,0.109,0.109,0.0,-4.437,,1.47
1788455585.1,goal_approach,1.435,2.37,141.1,2,2,3,1.475,2.475,-71.9,0.112,0.112,0.0,-3.765,,1.46
1788455585.151,goal_approach,1.442,2.365,137.6,2,2,3,1.475,2.475,-64.5,0.115,0.115,0.0,-3.376,,1.46
1788455585.208,goal_approach,1.446,2.364,134.8,2,2,3,1.475,2.475,-59.4,0.115,0.115,0.0,-3.111,,1.45
1788455585.26,goal_approach,1.449,2.369,130.8,2,2,3,1.475,2.475,-54.7,0.109,0.109,0.0,-2.864,,1.45
1788455585.315,goal_approach,1.445,2.369,129.3,2,2,3,1.475,2.475,-55.3,0.11,0.11,0.0,-2.895,,1.45
1788455585.367,goal_approach,1.427,2.366,127.1,2,2,3,1.475,2.475,-61.1,0.119,0.119,0.0,-3.199,,1.45
1788455585.422,goal_approach,1.424,2.363,125.9,2,2,3,1.475,2.475,-60.6,0.123,0.123,0.0,-3.175,,1.46
1788455585.478,goal_approach,1.426,2.356,122.8,2,2,3,1.475,2.475,-55.1,0.129,0.129,0.0,-2.888,,1.46
1788455585.53,goal_approach,1.423,2.354,121.2,2,2,3,1.475,2.475,-54.5,0.132,0.132,0.0,-2.854,,1.48
1788455585.587,goal_approach,1.411,2.351,118.7,2,2,3,1.475,2.475,-55.8,0.139,0.139,0.0,-2.924,,1.48
1788455585.64,goal_approach,1.411,2.347,117.3,2,2,3,1.475,2.475,-54.0,0.143,0.143,0.0,-2.826,,1.51
1788455585.701,goal_approach,1.413,2.337,114.2,2,2,3,1.475,2.475,-48.3,0.151,0.151,0.0,-2.53,,1.51
1788455585.761,goal_approach,1.415,2.333,112.7,2,2,3,1.475,2.475,-45.6,0.154,0.154,0.0,-2.4,,1.55
1788455585.822,goal_approach,1.418,2.325,110.3,2,2,3,1.475,2.475,-41.1,0.16,0.16,0.0,-2.4,,1.55
1788455585.879,goal_approach,1.419,2.325,109.4,2,2,3,1.475,2.475,-40.0,0.161,0.161,0.0,-2.4,,1.58
1788455585.936,goal_approach,1.419,2.325,107.7,2,2,3,1.475,2.475,-38.3,0.161,0.161,0.0,-2.4,,1.58
1788455585.994,goal_approach,1.413,2.327,106.8,2,2,3,1.475,2.475,-39.6,0.161,0.161,0.0,-2.4,,1.61
1788455586.047,goal_approach,1.399,2.332,104.9,2,2,3,1.475,2.475,-42.8,0.162,0.162,0.0,-2.4,,1.61
1788455586.103,goal_approach,1.399,2.332,104.0,2,2,3,1.475,2.475,-42.1,0.162,0.162,0.0,-2.4,,1.65
1788455586.154,goal_approach,1.399,2.332,103.2,2,2,3,1.475,2.475,-41.2,0.162,0.162,0.0,-2.4,,1.65
1788455586.212,goal_approach,1.395,2.337,101.2,2,2,3,1.475,2.475,-41.4,0.159,0.159,0.0,-2.4,,1.69
1788455586.266,goal_approach,1.391,2.343,100.0,2,2,3,1.475,2.475,-42.5,0.157,0.157,0.0,-2.4,,1.69
1788455586.332,goal_approach,1.387,2.347,98.1,2,2,3,1.475,2.475,-42.7,0.155,0.155,0.0,-2.4,,1.74
1788455586.409,goal_approach,1.387,2.347,97.2,2,2,3,1.475,2.475,-41.9,0.155,0.155,0.0,-2.4,,1.74
1788455586.512,goal_approach,1.387,2.347,95.5,2,2,3,1.475,2.475,-40.2,0.155,0.155,0.0,-2.4,,1.79
1788455586.589,goal_approach,1.387,2.347,94.6,3,3,4,1.475,2.475,-39.3,0.155,0.155,0.0,-2.4,,1.79
1788455586.668,goal_approach,1.391,2.339,93.1,3,3,4,1.475,2.475,-34.8,0.16,0.16,0.0,-2.4,,1.86
1788455586.725,goal_approach,1.395,2.332,92.4,3,3,4,1.475,2.475,-31.7,0.164,0.164,0.0,-2.4,,1.86
1788455586.778,goal_approach,1.397,2.326,90.8,3,3,4,1.475,2.475,-28.3,0.168,0.168,0.0,-2.4,,1.93
1788455586.833,goal_approach,1.397,2.326,89.9,3,3,4,1.475,2.475,-27.5,0.168,0.168,0.0,-2.4,,1.93
1788455586.887,goal_approach,1.397,2.326,88.2,3,3,4,1.475,2.475,-25.8,0.168,0.168,0.0,-2.4,,2.02
1788455586.942,goal_approach,1.397,2.326,87.3,3,3,4,1.475,2.475,-24.9,0.168,0.168,0.0,-2.4,,2.02
1788455586.996,goal_approach,1.386,2.321,85.5,3,3,4,1.475,2.475,-25.6,0.178,0.178,0.0,-2.4,,2.1
1788455587.049,goal_approach,1.377,2.318,84.5,3,3,4,1.475,2.475,-26.4,0.185,0.185,0.0,-2.4,,2.1
1788455587.104,goal_approach,1.372,2.315,82.7,3,3,4,1.475,2.475,-25.5,0.19,0.19,0.0,-2.4,,2.1
1788455587.161,goal_approach,1.372,2.315,81.9,3,3,4,1.475,2.475,-24.7,0.19,0.19,0.0,-2.4,,2.1
1788455587.215,goal_approach,1.372,2.315,81.0,3,3,4,1.475,2.475,-23.8,0.19,0.19,0.0,-2.4,,2.09
1788455587.275,goal_approach,1.372,2.315,79.3,3,3,4,1.475,2.475,-22.1,0.19,0.19,0.0,-2.4,,2.09
1788455587.337,goal_approach,1.37,2.315,78.5,3,3,4,1.475,2.475,-21.8,0.192,0.192,0.0,-2.4,,2.09
1788455587.396,goal_approach,1.362,2.312,77.3,3,3,4,1.475,2.475,-22.1,0.199,0.199,0.0,-2.4,,2.09
1788455587.455,goal_approach,1.36,2.311,76.5,3,3,4,1.475,2.475,-21.6,0.2,0.2,0.0,-2.4,,2.09
1788455587.513,goal_approach,1.36,2.311,74.8,3,3,4,1.475,2.475,-19.9,0.2,0.2,0.0,-2.4,,2.09
1788455587.57,goal_approach,1.36,2.311,73.9,3,3,4,1.475,2.475,-19.0,0.2,0.2,0.0,-2.4,,2.09
1788455587.623,goal_approach,1.36,2.311,72.2,3,3,4,1.475,2.475,-17.3,0.2,0.2,0.0,-2.4,,2.09
1788455587.676,goal_approach,1.355,2.309,71.3,3,3,4,1.475,2.475,-17.2,0.205,0.205,0.0,-2.4,,2.08
1788455587.727,goal_approach,1.342,2.304,69.5,3,3,4,1.475,2.475,-17.3,0.217,0.217,0.0,-2.4,,2.08
1788455587.78,goal_approach,1.341,2.303,68.7,3,3,4,1.475,2.475,-16.7,0.218,0.218,0.0,-2.4,,2.08
1788455587.832,goal_approach,1.341,2.303,67.0,3,3,4,1.475,2.475,-15.0,0.218,0.218,0.0,-2.4,,2.08
1788455587.886,goal_approach,1.341,2.303,66.1,3,3,4,1.475,2.475,-14.1,0.218,0.218,0.0,-2.4,,2.08
1788455587.943,goal_approach,1.341,2.303,64.4,3,3,4,1.475,2.475,-12.4,0.218,0.218,0.0,-2.4,,2.08
1788455587.998,goal_approach,1.336,2.306,63.8,3,3,4,1.475,2.475,-13.3,0.219,0.219,0.0,-2.4,,2.07
1788455588.053,goal_approach,1.324,2.312,62.7,3,3,4,1.475,2.475,-15.5,0.223,0.223,0.0,-2.4,,2.07
1788455588.118,goal_approach,1.324,2.312,61.9,3,3,4,1.475,2.475,-14.8,0.223,0.223,0.0,-2.4,,2.07
1788455588.178,goal_approach,1.324,2.312,61.0,3,3,4,1.475,2.475,-13.9,0.223,0.223,0.0,-2.4,,2.07
1788455588.237,goal_approach,1.324,2.312,59.3,3,3,4,1.475,2.475,-12.2,0.223,0.223,0.0,-2.4,,2.06
1788455588.294,goal_approach,1.324,2.312,58.5,3,3,4,1.475,2.475,-11.3,0.223,0.223,0.0,-2.4,,2.06
1788455588.345,goal_approach,1.323,2.321,56.5,3,3,4,1.475,2.475,-11.2,0.216,0.216,0.0,-2.4,,2.06
1788455588.398,goal_approach,1.323,2.33,55.5,3,3,4,1.475,2.475,-11.9,0.21,0.21,0.0,-2.4,,2.06
1788455588.456,goal_approach,1.323,2.338,53.6,3,3,4,1.475,2.475,-11.6,0.204,0.204,0.0,-2.4,,2.05
1788455588.511,goal_approach,1.323,2.338,52.7,3,3,4,1.475,2.475,-10.8,0.204,0.204,0.0,-2.4,,2.05
1788455588.565,goal_approach,1.323,2.338,51.0,3,3,4,1.475,2.475,-9.0,0.204,0.204,0.0,-2.4,,2.05
1788455588.617,goal_approach,1.323,2.338,50.2,3,3,4,1.475,2.475,-8.2,0.204,0.204,0.0,-2.4,,2.05
1788455588.674,goal_approach,1.318,2.339,48.6,3,3,4,1.475,2.475,-7.6,0.208,0.208,0.0,-2.4,,2.04
1788455588.726,goal_approach,1.314,2.339,47.9,3,3,4,1.475,2.475,-7.7,0.211,0.211,0.0,-2.4,,2.04
1788455588.782,goal_approach,1.311,2.339,46.3,3,3,4,1.475,2.475,-6.6,0.213,0.213,0.0,-2.4,,2.04
1788455588.84,goal_approach,1.311,2.339,45.4,3,3,4,1.475,2.475,-5.7,0.213,0.213,0.0,-2.4,,2.04
1788455588.907,goal_approach,1.311,2.339,43.7,3,3,4,1.475,2.475,-4.0,0.213,0.213,0.0,-2.4,,2.04
1788455588.969,goal_approach,1.311,2.339,42.8,3,3,4,1.475,2.475,-3.1,0.213,0.213,0.0,-2.4,,2.04
1788455589.028,goal_approach,1.312,2.342,41.0,3,3,4,1.475,2.475,-1.8,0.211,0.211,0.22,0.0,,2.04
1788455589.089,goal_approach,1.312,2.344,40.1,3,3,4,1.475,2.475,-1.3,0.209,0.209,0.22,0.0,,2.04
1788455589.142,goal_approach,1.313,2.345,40.0,3,3,4,1.475,2.475,-1.3,0.207,0.207,0.22,0.0,,2.04
1788455589.195,goal_approach,1.318,2.35,40.0,3,3,4,1.475,2.475,-1.4,0.201,0.201,0.22,0.0,,2.04
1788455589.248,goal_approach,1.323,2.353,40.0,3,3,4,1.475,2.475,-1.4,0.195,0.195,0.22,0.0,,2.04
1788455589.3,goal_approach,1.334,2.363,40.0,3,3,4,1.475,2.475,-1.5,0.18,0.18,0.22,0.0,,2.04
1788455589.354,goal_approach,1.336,2.37,39.8,3,3,4,1.475,2.475,-2.7,0.175,0.175,0.22,0.0,,2.02
1788455589.406,goal_approach,1.334,2.385,39.1,3,3,4,1.475,2.475,-6.6,0.167,0.167,0.22,0.0,,2.02
1788455589.462,goal_approach,1.338,2.391,39.0,3,3,4,1.475,2.475,-7.5,0.161,0.161,0.22,0.0,,2.01
1788455589.515,goal_approach,1.35,2.4,39.0,3,3,4,1.475,2.475,-8.2,0.146,0.146,0.22,0.0,,2.01
1788455589.569,goal_approach,1.355,2.405,39.0,3,3,4,1.475,2.475,-8.7,0.139,0.139,0.22,0.0,,1.99
1788455589.621,goal_approach,1.367,2.414,39.0,3,3,4,1.475,2.475,-9.7,0.124,0.124,0.22,0.0,,1.99
1788455589.685,goal_approach,1.373,2.419,39.0,2,2,3,1.475,2.475,-10.4,0.116,0.116,0.22,0.0,,1.98
1788455589.744,goal_approach,1.384,2.429,39.0,2,2,3,1.475,2.475,-11.9,0.102,0.102,0.22,0.0,,1.98
1788455589.804,goal_approach,1.39,2.433,39.0,2,2,3,1.475,2.475,-12.8,0.094,0.094,0.22,0.0,,1.96
1788455589.861,goal_approach,1.402,2.443,39.0,2,2,3,1.475,2.475,-15.2,0.08,0.08,0.22,0.0,,1.96
1788455589.915,goal_approach,1.408,2.447,39.0,2,2,3,1.475,2.475,-16.7,0.073,0.073,0.0,-2.4,,1.95
1788455589.969,goal_approach,1.415,2.453,38.3,2,2,3,1.475,2.475,-18.4,0.064,0.064,0.0,-2.4,,1.95
1788455590.024,goal_approach,1.415,2.453,37.5,2,2,3,1.475,2.475,-17.5,0.064,0.064,0.0,-2.4,,1.94
1788455590.085,goal_approach,1.415,2.453,36.6,2,2,3,1.475,2.475,-16.6,0.064,0.064,0.0,-2.4,,1.94
1788455590.138,goal_approach,1.415,2.453,34.9,2,2,3,1.475,2.475,-14.9,0.064,0.064,0.0,-2.4,,1.95
1788455590.192,goal_approach,1.415,2.453,34.1,2,2,3,1.475,2.475,-14.1,0.064,0.064,0.0,-2.4,,1.95
1788455590.246,goal_approach,1.415,2.454,32.8,2,2,3,1.475,2.475,-13.8,0.063,0.063,0.0,-2.4,,1.97
1788455590.3,goal_approach,1.415,2.455,32.3,2,2,3,1.475,2.475,-14.2,0.063,0.063,0.0,-2.4,,1.97
1788455590.352,goal_approach,1.416,2.456,30.9,2,2,3,1.475,2.475,-13.5,0.062,0.062,0.0,-2.4,,1.99
1788455590.408,goal_approach,1.416,2.456,30.1,2,2,3,1.475,2.475,-12.6,0.062,0.062,0.0,-2.4,,1.99
1788455590.471,goal_approach,1.416,2.456,28.4,2,2,3,1.475,2.475,-10.9,0.062,0.062,0.0,-2.4,,2.02
1788455590.531,goal_approach,1.416,2.456,27.5,2,2,3,1.475,2.475,-10.0,0.062,0.062,0.0,-2.4,,2.02
1788455590.594,goal_approach,1.416,2.456,25.8,2,2,3,1.475,2.475,-8.3,0.062,0.062,0.0,-2.4,,2.06
1788455590.648,goal_approach,1.416,2.456,24.9,2,2,3,1.475,2.475,-7.5,0.062,0.062,0.0,-2.4,,2.06
1788455590.705,goal_approach,1.407,2.459,23.3,1,1,2,1.475,2.475,-10.2,0.07,0.07,0.0,-2.4,,2.09
1788455590.759,goal_approach,1.4,2.461,22.5,1,1,2,1.475,2.475,-12.1,0.076,0.076,0.0,-2.4,,2.09
1788455590.814,goal_approach,1.396,2.463,20.8,1,1,2,1.475,2.475,-12.0,0.08,0.08,0.0,-2.4,,2.54
1788455590.865,goal_approach,1.396,2.463,20.0,1,1,2,1.475,2.475,-11.2,0.08,0.08,0.0,-2.4,,2.54
1788455590.921,goal_approach,1.396,2.463,18.3,1,1,2,1.475,2.475,-9.5,0.08,0.08,0.0,-2.4,,2.53
1788455590.976,goal_approach,1.396,2.463,17.4,1,1,2,1.475,2.475,-8.6,0.08,0.08,0.0,-2.4,,2.53
1788455591.03,goal_approach,1.394,2.462,16.5,1,1,2,1.475,2.475,-7.4,0.082,0.082,0.0,-2.4,,2.54
1788455591.084,goal_approach,1.385,2.459,14.4,1,1,2,1.475,2.475,-4.5,0.091,0.091,0.0,-2.4,,2.54
1788455591.135,goal_approach,1.383,2.459,13.5,1,1,2,1.475,2.475,-3.3,0.093,0.093,0.0,-2.4,,2.54
1788455591.192,goal_approach,1.383,2.459,11.8,1,1,2,1.475,2.475,-1.6,0.093,0.093,0.22,0.0,,2.54
1788455591.253,goal_approach,1.383,2.459,10.9,1,1,2,1.475,2.475,-0.8,0.093,0.093,0.22,0.0,,2.54
1788455591.311,goal_approach,1.386,2.459,10.7,1,1,2,1.475,2.475,-0.6,0.09,0.09,0.22,0.0,,2.54
1788455591.372,goal_approach,1.384,2.458,10.6,1,1,2,1.475,2.475,-0.0,0.093,0.093,0.22,0.0,,2.52
1788455591.428,goal_approach,1.378,2.455,10.0,1,1,2,1.475,2.475,1.8,0.099,0.099,0.22,0.0,,2.52
1788455591.484,goal_approach,1.383,2.455,10.0,1,1,2,1.475,2.475,2.2,0.094,0.094,0.22,0.0,,2.52
1788455591.536,goal_approach,1.398,2.458,10.0,1,1,2,1.475,2.475,2.6,0.079,0.079,0.22,0.0,,2.52
1788455591.593,goal_approach,1.405,2.459,10.0,1,1,2,1.475,2.475,2.9,0.072,0.072,0.22,0.0,,2.49
1788455591.644,goal_turn,1.42,2.462,10.0,1,1,2,1.475,2.475,-133.4,0.0,0.057,0.0,-4.5,,2.49
1788455591.698,goal_turn,1.422,2.461,9.9,1,1,2,1.475,2.475,-133.3,0.0,0.055,0.0,-4.5,,2.48
1788455591.751,goal_turn,1.41,2.457,3.0,1,1,2,1.475,2.475,-126.4,0.0,0.067,0.0,-4.5,,2.48
1788455591.804,goal_turn,1.409,2.457,-0.5,1,1,2,1.475,2.475,-123.0,0.0,0.068,0.0,-4.5,,2.56
1788455591.858,goal_turn,1.409,2.457,-7.3,1,1,2,1.475,2.475,-116.1,0.0,0.068,0.0,-4.5,,2.56
1788455591.914,goal_turn,1.409,2.457,-10.8,1,1,2,1.475,2.475,-112.7,0.0,0.068,0.0,-4.5,,3.04
1788455591.973,goal_turn,1.409,2.457,-14.2,1,1,2,1.475,2.475,-109.2,0.0,0.068,0.0,-4.5,,3.04
1788455592.034,goal_turn,1.409,2.457,-21.1,1,1,2,1.475,2.475,-102.4,0.0,0.068,0.0,-4.5,,3.03
1788455592.097,goal_turn,1.409,2.457,-24.5,1,1,2,1.475,2.475,-98.9,0.0,0.068,0.0,-4.5,,3.03
1788455592.157,goal_turn,1.409,2.457,-31.4,1,1,2,1.475,2.475,-92.0,0.0,0.068,0.0,-4.5,,2.73
1788455592.211,goal_turn,1.409,2.457,-34.8,1,1,2,1.475,2.475,-88.6,0.0,0.068,0.0,-4.5,,2.73
1788455592.266,goal_turn,1.413,2.462,-41.4,1,1,2,1.475,2.475,-82.0,0.0,0.063,0.0,-4.293,,2.54
1788455592.318,goal_turn,1.416,2.466,-44.6,1,1,2,1.475,2.475,-78.8,0.0,0.059,0.0,-4.125,,2.54
1788455592.375,goal_turn,1.412,2.466,-50.2,1,1,2,1.475,2.475,-73.2,0.0,0.063,0.0,-3.834,,2.44
1788455592.427,goal_turn,1.407,2.462,-52.8,1,1,2,1.475,2.475,-70.7,0.0,0.07,0.0,-3.7,,2.44
1788455592.482,goal_turn,1.392,2.462,-57.4,1,1,2,1.475,2.475,-66.0,0.0,0.084,0.0,-3.455,,2.42
1788455592.537,goal_turn,1.384,2.465,-59.8,1,1,2,1.475,2.475,-63.7,0.0,0.092,0.0,-3.334,,2.42
1788455592.592,goal_approach,1.373,2.472,-64.1,1,1,2,1.475,2.475,65.9,0.102,0.102,0.0,3.452,,2.43
1788455592.645,goal_approach,1.369,2.475,-66.2,1,1,2,1.475,2.475,66.0,0.106,0.106,0.0,3.455,,2.43
1788455592.7,goal_approach,1.367,2.476,-62.9,1,1,2,1.475,2.475,62.1,0.108,0.108,0.0,3.251,,2.43
1788455592.76,goal_approach,1.368,2.475,-60.2,2,2,3,1.475,2.475,60.2,0.107,0.107,0.0,3.15,,2.43
1788455592.828,goal_approach,1.371,2.47,-56.1,2,2,3,1.475,2.475,58.9,0.104,0.104,0.0,3.083,,2.43
1788455592.89,goal_approach,1.373,2.467,-54.2,2,2,3,1.475,2.475,58.8,0.103,0.103,0.0,3.079,,2.43
1788455592.953,goal_approach,1.373,2.468,-52.5,2,2,3,1.475,2.475,56.7,0.102,0.102,0.0,2.967,,2.44
1788455593.007,goal_approach,1.372,2.478,-49.4,2,2,3,1.475,2.475,47.7,0.103,0.103,0.0,2.496,,2.44
1788455593.062,goal_approach,1.373,2.479,-48.0,2,2,3,1.475,2.475,45.8,0.102,0.102,0.0,2.4,,2.44
1788455593.12,goal_approach,1.379,2.473,-46.5,2,2,3,1.475,2.475,47.8,0.096,0.096,0.0,2.501,,2.44
1788455593.175,goal_approach,1.38,2.472,-45.7,2,2,3,1.475,2.475,47.8,0.095,0.095,0.0,2.502,,2.45
1788455593.229,goal_approach,1.38,2.472,-43.9,2,2,3,1.475,2.475,45.9,0.095,0.095,0.0,2.406,,2.45
1788455593.283,goal_approach,1.38,2.472,-42.9,2,2,3,1.475,2.475,45.0,0.095,0.095,0.0,2.4,,2.47
1788455593.337,goal_approach,1.38,2.472,-41.3,2,2,3,1.475,2.475,43.3,0.095,0.095,0.0,2.4,,2.47
1788455593.39,goal_approach,1.38,2.471,-40.6,2,2,3,1.475,2.475,42.8,0.095,0.095,0.0,2.4,,2.49
1788455593.444,goal_approach,1.381,2.471,-39.5,2,2,3,1.475,2.475,42.0,0.094,0.094,0.0,2.4,,2.49
1788455593.499,goal_approach,1.381,2.471,-38.8,2,2,3,1.475,2.475,41.3,0.094,0.094,0.0,2.4,,2.51
1788455593.559,goal_approach,1.381,2.471,-37.1,2,2,3,1.475,2.475,39.7,0.094,0.094,0.0,2.4,,2.51
1788455593.62,goal_approach,1.386,2.469,-36.3,2,2,3,1.475,2.475,40.2,0.09,0.09,0.0,2.4,,2.54
1788455593.683,goal_approach,1.396,2.464,-34.6,2,2,3,1.475,2.475,42.5,0.08,0.08,0.0,2.4,,2.54
1788455593.741,goal_approach,1.397,2.464,-33.8,2,2,3,1.475,2.475,41.9,0.079,0.079,0.0,2.4,,2.57
1788455593.799,goal_approach,1.397,2.464,-32.1,2,2,3,1.475,2.475,40.3,0.079,0.079,0.0,2.4,,2.57
1788455593.857,goal_approach,1.397,2.464,-31.3,2,2,3,1.475,2.475,39.5,0.079,0.079,0.0,2.4,,2.61
1788455593.913,goal_approach,1.397,2.464,-30.5,2,2,3,1.475,2.475,38.7,0.079,0.079,0.0,2.4,,2.61
1788455593.98,goal_approach,1.391,2.465,-28.9,2,2,3,1.475,2.475,35.9,0.084,0.084,0.0,2.4,,2.66
1788455594.034,goal_approach,1.386,2.466,-28.2,2,2,3,1.475,2.475,34.1,0.09,0.09,0.0,2.4,,2.66
1788455594.09,goal_approach,1.38,2.467,-26.7,2,2,3,1.475,2.475,31.6,0.095,0.095,0.0,2.4,,2.71
1788455594.147,goal_approach,1.38,2.467,-25.8,2,2,3,1.475,2.475,30.8,0.095,0.095,0.0,2.4,,2.71
1788455594.202,goal_approach,1.38,2.467,-24.2,2,2,3,1.475,2.475,29.2,0.095,0.095,0.0,2.4,,2.77
1788455594.257,goal_approach,1.38,2.467,-23.4,2,2,3,1.475,2.475,28.4,0.095,0.095,0.0,2.4,,2.77
1788455594.318,goal_approach,1.38,2.47,-21.6,2,2,3,1.475,2.475,24.4,0.095,0.095,0.0,2.4,,2.84
1788455594.379,goal_approach,1.381,2.474,-20.7,2,2,3,1.475,2.475,21.6,0.094,0.094,0.0,2.4,,2.84
1788455594.444,goal_approach,1.381,2.476,-18.9,2,2,3,1.475,2.475,18.4,0.094,0.094,0.0,2.4,,2.91
1788455594.505,goal_approach,1.381,2.476,-18.1,2,2,3,1.475,2.475,17.6,0.094,0.094,0.0,2.4,,2.91
1788455594.562,goal_approach,1.381,2.476,-16.5,2,2,3,1.475,2.475,15.9,0.094,0.094,0.0,2.4,,2.98
1788455594.614,goal_approach,1.381,2.476,-15.6,2,2,3,1.475,2.475,15.1,0.094,0.094,0.0,2.4,,2.98
1788455594.67,goal_approach,1.382,2.481,-13.7,2,2,3,1.475,2.475,10.0,0.093,0.093,0.0,2.4,,2.98
1788455594.726,goal_approach,1.383,2.485,-12.6,2,2,3,1.475,2.475,6.6,0.092,0.092,0.0,2.4,,2.98
1788455594.782,goal_approach,1.384,2.487,-10.8,2,2,3,1.475,2.475,3.5,0.092,0.092,0.0,2.4,,2.98
1788455594.833,goal_approach,1.384,2.487,-10.0,2,2,3,1.475,2.475,2.7,0.092,0.092,0.22,0.0,,2.98
1788455594.892,goal_approach,1.384,2.487,-9.2,2,2,3,1.475,2.475,1.8,0.092,0.092,0.22,0.0,,2.99
1788455594.947,goal_approach,1.387,2.486,-9.1,2,2,3,1.475,2.475,1.8,0.089,0.089,0.22,0.0,,2.99
1788455595.007,goal_approach,1.392,2.485,-9.0,2,2,3,1.475,2.475,2.2,0.083,0.083,0.22,0.0,,2.98
1788455595.069,goal_approach,1.41,2.48,-8.7,2,2,3,1.475,2.475,4.2,0.065,0.065,0.22,0.0,,2.98
1788455595.131,goal_turn,1.418,2.478,-8.6,1,1,2,1.475,2.475,-114.8,0.0,0.057,0.0,-4.5,,2.96
1788455595.194,goal_turn,1.426,2.477,-11.5,1,1,2,1.475,2.475,-111.9,0.0,0.049,0.0,-4.5,,2.96
1788455595.259,goal_turn,1.426,2.477,-15.0,1,1,2,1.475,2.475,-108.5,0.0,0.049,0.0,-4.5,,2.94
1788455595.322,goal_turn,1.426,2.477,-21.9,1,1,2,1.475,2.475,-101.6,0.0,0.049,0.0,-4.5,,2.94
1788455595.382,goal_turn,1.43,2.479,-25.5,1,1,2,1.475,2.475,-97.9,0.0,0.045,0.0,-4.5,,2.89
1788455595.44,goal_turn,1.44,2.485,-33.0,1,1,2,1.475,2.475,-90.5,0.0,0.037,0.0,-4.5,,2.89
1788455595.496,goal_turn,1.441,2.486,-36.5,1,1,2,1.475,2.475,-87.0,0.0,0.036,0.0,-4.5,,2.68
1788455595.551,goal_turn,1.441,2.486,-43.3,1,1,2,1.475,2.475,-80.1,0.0,0.036,0.0,-4.194,,2.68
1788455595.612,goal_turn,1.441,2.486,-46.8,1,1,2,1.475,2.475,-76.7,0.0,0.036,0.0,-4.014,,2.57
1788455595.667,goal_turn,1.441,2.486,-52.8,1,1,2,1.475,2.475,-70.6,0.0,0.036,0.0,-3.698,,2.57
1788455595.723,goal_turn,1.441,2.486,-55.6,1,1,2,1.475,2.475,-67.8,0.0,0.036,0.0,-3.55,,2.54
1788455595.777,goal_turn,1.441,2.486,-60.5,1,1,2,1.475,2.475,-62.9,0.0,0.036,0.0,-3.295,,2.54
1788455595.831,goal_turn,1.443,2.484,-62.5,1,1,2,1.475,2.475,-60.9,0.0,0.034,0.0,-3.191,,2.54
1788455595.901,goal_turn,1.445,2.483,-64.2,1,1,2,1.475,2.475,-59.2,0.0,0.031,0.0,-3.1,,2.54
1788455595.974,goal_turn,1.442,2.486,-67.4,1,1,2,1.475,2.475,-56.0,0.0,0.035,0.0,-2.935,,2.54
1788455596.046,goal_turn,1.438,2.491,-69.0,1,1,2,1.475,2.475,-54.5,0.0,0.04,0.0,-2.852,,2.54
1788455596.113,goal_turn,1.438,2.494,-71.7,1,1,2,1.475,2.475,-51.7,0.0,0.042,0.0,-2.708,,2.54
1788455596.172,goal_turn,1.442,2.493,-73.1,1,1,2,1.475,2.475,-50.4,0.0,0.038,0.0,-2.638,,2.54
1788455596.229,goal_turn,1.448,2.495,-75.4,1,1,2,1.475,2.475,-48.0,0.0,0.034,0.0,-2.514,,2.54
1788455596.289,goal_turn,1.45,2.499,-76.6,1,1,2,1.475,2.475,-46.9,0.0,0.034,0.0,-2.455,,2.54
1788455596.345,goal_turn,1.448,2.507,-78.7,1,1,2,1.475,2.475,-44.7,0.0,0.042,0.0,-2.4,,2.54
1788455596.404,goal_turn,1.444,2.511,-79.8,1,1,2,1.475,2.475,-43.7,0.0,0.048,0.0,-2.4,,2.54
1788455596.469,goal_turn,1.449,2.514,-81.4,1,1,2,1.475,2.475,-42.0,0.0,0.047,0.0,-2.4,,2.54
1788455596.526,goal_turn,1.454,2.513,-82.1,1,1,2,1.475,2.475,-41.3,0.0,0.043,0.0,-2.4,,2.54
1788455596.588,goal_turn,1.459,2.512,-83.7,1,1,2,1.475,2.475,-39.8,0.0,0.041,0.0,-2.4,,2.54
1788455596.647,goal_turn,1.459,2.512,-84.5,1,1,2,1.475,2.475,-38.9,0.0,0.041,0.0,-2.4,,2.54
1788455596.716,goal_turn,1.472,2.515,-86.1,1,1,2,1.475,2.475,-37.3,0.0,0.041,0.0,-2.4,,2.54
1788455596.782,goal_turn,1.483,2.518,-86.9,1,1,2,1.475,2.475,-36.5,0.0,0.043,0.0,-2.4,,2.54
1788455596.844,goal_turn,1.489,2.519,-88.6,1,1,2,1.475,2.475,-34.8,0.0,0.046,0.0,-2.4,,2.54
1788455596.904,goal_turn,1.489,2.519,-89.5,1,1,2,1.475,2.475,-34.0,0.0,0.046,0.0,-2.4,,2.54
1788455596.959,goal_turn,1.492,2.521,-90.4,1,1,2,1.475,2.475,-33.0,0.0,0.049,0.0,-2.4,,2.54
1788455597.011,goal_turn,1.507,2.526,-92.7,1,1,2,1.475,2.475,-30.8,0.0,0.061,0.0,-2.4,,2.54
1788455597.069,goal_turn,1.511,2.528,-93.6,1,1,2,1.475,2.475,-29.8,0.0,0.064,0.0,-2.4,,2.47
1788455597.124,goal_turn,1.511,2.528,-95.4,1,1,2,1.475,2.475,-28.1,0.0,0.064,0.0,-2.4,,2.47
1788455597.185,goal_turn,1.511,2.528,-96.2,1,1,2,1.475,2.475,-27.2,0.0,0.064,0.0,-2.4,,2.37
1788455597.238,goal_turn,1.511,2.528,-97.9,1,1,2,1.475,2.475,-25.5,0.0,0.064,0.0,-2.4,,2.37
1788455597.297,goal_turn,1.513,2.53,-98.9,1,1,2,1.475,2.475,-24.6,0.0,0.067,0.0,-2.4,,2.28
1788455597.349,goal_turn,1.521,2.536,-100.7,1,1,2,1.475,2.475,-22.7,0.0,0.076,0.0,-2.4,,2.28
1788455597.407,goal_turn,1.523,2.536,-101.6,1,1,2,1.475,2.475,-21.8,0.0,0.078,0.0,-2.4,,2.2
1788455597.469,goal_turn,1.523,2.536,-103.3,1,1,2,1.475,2.475,-20.1,0.0,0.078,0.0,-2.4,,2.2
